[OK] LudotsCoreMod
  正在确定要还原的项目…
  所有项目均是最新的，无法还原。
  Ludots.Platform.Abstractions -> C:\001_AI\LudotsProd_issue709\src\Platform\Ludots.Platform.Abstractions\bin\Release\net8.0\Ludots.Platform.Abstractions.dll
  DotRecast.Core -> C:\001_AI\LudotsProd_issue709\src\Libraries\DotRecast\src\DotRecast.Core\bin\Release\net8.0\DotRecast.Core.dll
  Arch -> C:\001_AI\LudotsProd_issue709\src\Libraries\Arch\src\Arch\bin\Release\net8.0\Arch.dll
  DotRecast.Detour -> C:\001_AI\LudotsProd_issue709\src\Libraries\DotRecast\src\DotRecast.Detour\bin\Release\net8.0\DotRecast.Detour.dll
  Arch.System -> C:\001_AI\LudotsProd_issue709\src\Libraries\Arch.Extended\Arch.System\bin\Release\net7.0\Arch.System.dll
  Arch -> C:\001_AI\LudotsProd_issue709\src\Libraries\Arch\src\Arch\bin\Release\net6.0\Arch.dll
  Arch.Persistence -> C:\001_AI\LudotsProd_issue709\src\Libraries\Arch.Extended\Arch.Persistence\bin\Release\net7.0\Arch.Persistence.dll
  Arch.Relationships -> C:\001_AI\LudotsProd_issue709\src\Libraries\Arch.Extended\Arch.Relationships\bin\Release\net7.0\Arch.Relationships.dll
C:\001_AI\LudotsProd_issue709\src\Core\Engine\EngineClockConfig.cs(23,37): warning CS8625: 无法将 null 字面量转换为非 null 的引用类型。 [C:\001_AI\LudotsProd_issue709\src\Core\Ludots.Core.csproj]
C:\001_AI\LudotsProd_issue709\src\Core\Engine\EngineClockConfig.cs(24,43): warning CS8625: 无法将 null 字面量转换为非 null 的引用类型。 [C:\001_AI\LudotsProd_issue709\src\Core\Ludots.Core.csproj]
C:\001_AI\LudotsProd_issue709\src\Core\Config\ComponentRegistry.cs(122,68): warning CS8625: 无法将 null 字面量转换为非 null 的引用类型。 [C:\001_AI\LudotsProd_issue709\src\Core\Ludots.Core.csproj]
C:\001_AI\LudotsProd_issue709\src\Core\Config\ComponentRegistry.cs(165,89): warning CS8625: 无法将 null 字面量转换为非 null 的引用类型。 [C:\001_AI\LudotsProd_issue709\src\Core\Ludots.Core.csproj]
C:\001_AI\LudotsProd_issue709\src\Core\Config\ComponentRegistry.cs(175,100): warning CS8625: 无法将 null 字面量转换为非 null 的引用类型。 [C:\001_AI\LudotsProd_issue709\src\Core\Ludots.Core.csproj]
C:\001_AI\LudotsProd_issue709\src\Core\Config\ComponentRegistry.cs(180,92): warning CS8625: 无法将 null 字面量转换为非 null 的引用类型。 [C:\001_AI\LudotsProd_issue709\src\Core\Ludots.Core.csproj]
C:\001_AI\LudotsProd_issue709\src\Core\Config\ConfigMerger.cs(101,43): warning CS8625: 无法将 null 字面量转换为非 null 的引用类型。 [C:\001_AI\LudotsProd_issue709\src\Core\Ludots.Core.csproj]
C:\001_AI\LudotsProd_issue709\src\Core\Config\DataRegistry.cs(19,71): warning CS8625: 无法将 null 字面量转换为非 null 的引用类型。 [C:\001_AI\LudotsProd_issue709\src\Core\Ludots.Core.csproj]
C:\001_AI\LudotsProd_issue709\src\Core\Config\DataRegistry.cs(19,107): warning CS8625: 无法将 null 字面量转换为非 null 的引用类型。 [C:\001_AI\LudotsProd_issue709\src\Core\Ludots.Core.csproj]
C:\001_AI\LudotsProd_issue709\src\Core\Config\ConfigPipeline.cs(135,72): warning CS8625: 无法将 null 字面量转换为非 null 的引用类型。 [C:\001_AI\LudotsProd_issue709\src\Core\Ludots.Core.csproj]
C:\001_AI\LudotsProd_issue709\src\Core\Config\ConfigPipeline.cs(145,72): warning CS8625: 无法将 null 字面量转换为非 null 的引用类型。 [C:\001_AI\LudotsProd_issue709\src\Core\Ludots.Core.csproj]
C:\001_AI\LudotsProd_issue709\src\Core\Config\EntityBuilder.cs(23,67): warning CS8625: 无法将 null 字面量转换为非 null 的引用类型。 [C:\001_AI\LudotsProd_issue709\src\Core\Ludots.Core.csproj]
C:\001_AI\LudotsProd_issue709\src\Core\Config\EntityBuilder.cs(24,58): warning CS8625: 无法将 null 字面量转换为非 null 的引用类型。 [C:\001_AI\LudotsProd_issue709\src\Core\Ludots.Core.csproj]
C:\001_AI\LudotsProd_issue709\src\Core\Engine\Physics2D\Physics2DClockConfig.cs(38,37): warning CS8625: 无法将 null 字面量转换为非 null 的引用类型。 [C:\001_AI\LudotsProd_issue709\src\Core\Ludots.Core.csproj]
C:\001_AI\LudotsProd_issue709\src\Core\Engine\Physics2D\Physics2DClockConfig.cs(39,43): warning CS8625: 无法将 null 字面量转换为非 null 的引用类型。 [C:\001_AI\LudotsProd_issue709\src\Core\Ludots.Core.csproj]
C:\001_AI\LudotsProd_issue709\src\Core\Layers\LayerMask.cs(60,30): warning CS8765: 参数“obj”类型的为 Null 性与重写成员不匹配(可能是由于为 Null 性特性)。 [C:\001_AI\LudotsProd_issue709\src\Core\Ludots.Core.csproj]
C:\001_AI\LudotsProd_issue709\src\Core\Engine\Physics2D\Physics2DClockConfig.cs(122,37): warning CS8625: 无法将 null 字面量转换为非 null 的引用类型。 [C:\001_AI\LudotsProd_issue709\src\Core\Ludots.Core.csproj]
C:\001_AI\LudotsProd_issue709\src\Core\Engine\Physics2D\Physics2DClockConfig.cs(123,43): warning CS8625: 无法将 null 字面量转换为非 null 的引用类型。 [C:\001_AI\LudotsProd_issue709\src\Core\Ludots.Core.csproj]
C:\001_AI\LudotsProd_issue709\src\Core\Input\Attributes\InputActionAttributeBindingLoader.cs(26,37): warning CS8625: 无法将 null 字面量转换为非 null 的引用类型。 [C:\001_AI\LudotsProd_issue709\src\Core\Ludots.Core.csproj]
C:\001_AI\LudotsProd_issue709\src\Core\Input\Attributes\InputActionAttributeBindingLoader.cs(27,43): warning CS8625: 无法将 null 字面量转换为非 null 的引用类型。 [C:\001_AI\LudotsProd_issue709\src\Core\Ludots.Core.csproj]
C:\001_AI\LudotsProd_issue709\src\Core\Map\Board\BoardId.cs(21,30): warning CS8765: 参数“obj”类型的为 Null 性与重写成员不匹配(可能是由于为 Null 性特性)。 [C:\001_AI\LudotsProd_issue709\src\Core\Ludots.Core.csproj]
C:\001_AI\LudotsProd_issue709\src\Core\Input\Config\InputConfigPipelineLoader.cs(25,37): warning CS8625: 无法将 null 字面量转换为非 null 的引用类型。 [C:\001_AI\LudotsProd_issue709\src\Core\Ludots.Core.csproj]
C:\001_AI\LudotsProd_issue709\src\Core\Input\Config\InputConfigPipelineLoader.cs(26,43): warning CS8625: 无法将 null 字面量转换为非 null 的引用类型。 [C:\001_AI\LudotsProd_issue709\src\Core\Ludots.Core.csproj]
C:\001_AI\LudotsProd_issue709\src\Core\Input\Interaction\CastCommitProfile.cs(96,49): warning CS8625: 无法将 null 字面量转换为非 null 的引用类型。 [C:\001_AI\LudotsProd_issue709\src\Core\Ludots.Core.csproj]
C:\001_AI\LudotsProd_issue709\src\Core\Input\Interaction\CastCommitProfile.cs(97,60): warning CS8625: 无法将 null 字面量转换为非 null 的引用类型。 [C:\001_AI\LudotsProd_issue709\src\Core\Ludots.Core.csproj]
C:\001_AI\LudotsProd_issue709\src\Core\Gameplay\Camera\CameraViewportUtil.cs(165,118): warning CS8625: 无法将 null 字面量转换为非 null 的引用类型。 [C:\001_AI\LudotsProd_issue709\src\Core\Ludots.Core.csproj]
C:\001_AI\LudotsProd_issue709\src\Core\Gameplay\Camera\CameraViewportUtil.cs(173,129): warning CS8625: 无法将 null 字面量转换为非 null 的引用类型。 [C:\001_AI\LudotsProd_issue709\src\Core\Ludots.Core.csproj]
C:\001_AI\LudotsProd_issue709\src\Core\Input\Interaction\CastCommitProfileConfigLoader.cs(38,37): warning CS8625: 无法将 null 字面量转换为非 null 的引用类型。 [C:\001_AI\LudotsProd_issue709\src\Core\Ludots.Core.csproj]
C:\001_AI\LudotsProd_issue709\src\Core\Input\Interaction\CastCommitProfileConfigLoader.cs(39,43): warning CS8625: 无法将 null 字面量转换为非 null 的引用类型。 [C:\001_AI\LudotsProd_issue709\src\Core\Ludots.Core.csproj]
C:\001_AI\LudotsProd_issue709\src\Core\Navigation\AgentProfiles\AgentProfileConfigLoader.cs(20,66): warning CS8625: 无法将 null 字面量转换为非 null 的引用类型。 [C:\001_AI\LudotsProd_issue709\src\Core\Ludots.Core.csproj]
C:\001_AI\LudotsProd_issue709\src\Core\Navigation\AgentProfiles\AgentProfileConfigLoader.cs(20,102): warning CS8625: 无法将 null 字面量转换为非 null 的引用类型。 [C:\001_AI\LudotsProd_issue709\src\Core\Ludots.Core.csproj]
C:\001_AI\LudotsProd_issue709\src\Core\Gameplay\GAS\AbilityDefinitionRegistry.cs(191,93): warning CS8625: 无法将 null 字面量转换为非 null 的引用类型。 [C:\001_AI\LudotsProd_issue709\src\Core\Ludots.Core.csproj]
C:\001_AI\LudotsProd_issue709\src\Core\Input\Interaction\CastDispatchProfileConfigLoader.cs(32,37): warning CS8625: 无法将 null 字面量转换为非 null 的引用类型。 [C:\001_AI\LudotsProd_issue709\src\Core\Ludots.Core.csproj]
C:\001_AI\LudotsProd_issue709\src\Core\Input\Interaction\CastDispatchProfileConfigLoader.cs(33,43): warning CS8625: 无法将 null 字面量转换为非 null 的引用类型。 [C:\001_AI\LudotsProd_issue709\src\Core\Ludots.Core.csproj]
C:\001_AI\LudotsProd_issue709\src\Core\Map\Hex\HexCoordinates.cs(239,30): warning CS8765: 参数“obj”类型的为 Null 性与重写成员不匹配(可能是由于为 Null 性特性)。 [C:\001_AI\LudotsProd_issue709\src\Core\Ludots.Core.csproj]
C:\001_AI\LudotsProd_issue709\src\Core\Input\Interaction\ClientCastPreferenceConfigLoader.cs(33,37): warning CS8625: 无法将 null 字面量转换为非 null 的引用类型。 [C:\001_AI\LudotsProd_issue709\src\Core\Ludots.Core.csproj]
C:\001_AI\LudotsProd_issue709\src\Core\Input\Interaction\ClientCastPreferenceConfigLoader.cs(34,43): warning CS8625: 无法将 null 字面量转换为非 null 的引用类型。 [C:\001_AI\LudotsProd_issue709\src\Core\Ludots.Core.csproj]
C:\001_AI\LudotsProd_issue709\src\Core\Gameplay\Camera\VirtualCameraDefinitionLoader.cs(24,50): warning CS8625: 无法将 null 字面量转换为非 null 的引用类型。 [C:\001_AI\LudotsProd_issue709\src\Core\Ludots.Core.csproj]
C:\001_AI\LudotsProd_issue709\src\Core\Gameplay\GAS\Bindings\AttributeBindingLoader.cs(24,37): warning CS8625: 无法将 null 字面量转换为非 null 的引用类型。 [C:\001_AI\LudotsProd_issue709\src\Core\Ludots.Core.csproj]
C:\001_AI\LudotsProd_issue709\src\Core\Gameplay\Camera\VirtualCameraDefinitionLoader.cs(24,86): warning CS8625: 无法将 null 字面量转换为非 null 的引用类型。 [C:\001_AI\LudotsProd_issue709\src\Core\Ludots.Core.csproj]
C:\001_AI\LudotsProd_issue709\src\Core\Gameplay\GAS\Bindings\AttributeBindingLoader.cs(25,43): warning CS8625: 无法将 null 字面量转换为非 null 的引用类型。 [C:\001_AI\LudotsProd_issue709\src\Core\Ludots.Core.csproj]
C:\001_AI\LudotsProd_issue709\src\Core\Input\Interaction\CastDispatchProfileRegistry.cs(65,62): warning CS8625: 无法将 null 字面量转换为非 null 的引用类型。 [C:\001_AI\LudotsProd_issue709\src\Core\Ludots.Core.csproj]
C:\001_AI\LudotsProd_issue709\src\Core\Engine\GameEngine.cs(2244,89): warning CS8625: 无法将 null 字面量转换为非 null 的引用类型。 [C:\001_AI\LudotsProd_issue709\src\Core\Ludots.Core.csproj]
C:\001_AI\LudotsProd_issue709\src\Core\Modding\ModLoader.cs(60,41): warning CS8625: 无法将 null 字面量转换为非 null 的引用类型。 [C:\001_AI\LudotsProd_issue709\src\Core\Ludots.Core.csproj]
C:\001_AI\LudotsProd_issue709\src\Core\Modding\ModLoader.cs(60,78): warning CS8625: 无法将 null 字面量转换为非 null 的引用类型。 [C:\001_AI\LudotsProd_issue709\src\Core\Ludots.Core.csproj]
C:\001_AI\LudotsProd_issue709\src\Core\Gameplay\AI\Utility\UtilityAiCompiledRuntime.cs(98,51): warning CS8625: 无法将 null 字面量转换为非 null 的引用类型。 [C:\001_AI\LudotsProd_issue709\src\Core\Ludots.Core.csproj]
C:\001_AI\LudotsProd_issue709\src\Core\Input\Interaction\CommandIntentProfileConfigLoader.cs(33,37): warning CS8625: 无法将 null 字面量转换为非 null 的引用类型。 [C:\001_AI\LudotsProd_issue709\src\Core\Ludots.Core.csproj]
C:\001_AI\LudotsProd_issue709\src\Core\Input\Interaction\CommandIntentProfileConfigLoader.cs(34,43): warning CS8625: 无法将 null 字面量转换为非 null 的引用类型。 [C:\001_AI\LudotsProd_issue709\src\Core\Ludots.Core.csproj]
C:\001_AI\LudotsProd_issue709\src\Core\Gameplay\GAS\Config\AbilityExecLoader.cs(44,37): warning CS8625: 无法将 null 字面量转换为非 null 的引用类型。 [C:\001_AI\LudotsProd_issue709\src\Core\Ludots.Core.csproj]
C:\001_AI\LudotsProd_issue709\src\Core\Gameplay\GAS\Config\AbilityExecLoader.cs(45,43): warning CS8625: 无法将 null 字面量转换为非 null 的引用类型。 [C:\001_AI\LudotsProd_issue709\src\Core\Ludots.Core.csproj]
C:\001_AI\LudotsProd_issue709\src\Core\Math\IntRect.cs(44,30): warning CS8765: 参数“obj”类型的为 Null 性与重写成员不匹配(可能是由于为 Null 性特性)。 [C:\001_AI\LudotsProd_issue709\src\Core\Ludots.Core.csproj]
C:\001_AI\LudotsProd_issue709\src\Core\Input\Interaction\ControlSchemeConfigLoader.cs(33,37): warning CS8625: 无法将 null 字面量转换为非 null 的引用类型。 [C:\001_AI\LudotsProd_issue709\src\Core\Ludots.Core.csproj]
C:\001_AI\LudotsProd_issue709\src\Core\Input\Interaction\ControlSchemeConfigLoader.cs(34,43): warning CS8625: 无法将 null 字面量转换为非 null 的引用类型。 [C:\001_AI\LudotsProd_issue709\src\Core\Ludots.Core.csproj]
C:\001_AI\LudotsProd_issue709\src\Core\Gameplay\GAS\Config\AbilityFormSetConfigLoader.cs(22,37): warning CS8625: 无法将 null 字面量转换为非 null 的引用类型。 [C:\001_AI\LudotsProd_issue709\src\Core\Ludots.Core.csproj]
C:\001_AI\LudotsProd_issue709\src\Core\Gameplay\GAS\Config\AbilityFormSetConfigLoader.cs(23,43): warning CS8625: 无法将 null 字面量转换为非 null 的引用类型。 [C:\001_AI\LudotsProd_issue709\src\Core\Ludots.Core.csproj]
C:\001_AI\LudotsProd_issue709\src\Core\Math\IntVector2.cs(29,30): warning CS8765: 参数“obj”类型的为 Null 性与重写成员不匹配(可能是由于为 Null 性特性)。 [C:\001_AI\LudotsProd_issue709\src\Core\Ludots.Core.csproj]
C:\001_AI\LudotsProd_issue709\src\Core\Gameplay\GAS\Config\AttributeConstraintsLoader.cs(19,37): warning CS8625: 无法将 null 字面量转换为非 null 的引用类型。 [C:\001_AI\LudotsProd_issue709\src\Core\Ludots.Core.csproj]
C:\001_AI\LudotsProd_issue709\src\Core\Gameplay\GAS\Config\AttributeConstraintsLoader.cs(20,43): warning CS8625: 无法将 null 字面量转换为非 null 的引用类型。 [C:\001_AI\LudotsProd_issue709\src\Core\Ludots.Core.csproj]
C:\001_AI\LudotsProd_issue709\src\Core\Math\WorldAabbCm.cs(32,30): warning CS8765: 参数“obj”类型的为 Null 性与重写成员不匹配(可能是由于为 Null 性特性)。 [C:\001_AI\LudotsProd_issue709\src\Core\Ludots.Core.csproj]
C:\001_AI\LudotsProd_issue709\src\Core\Gameplay\GAS\Config\ContextGroupConfigLoader.cs(22,37): warning CS8625: 无法将 null 字面量转换为非 null 的引用类型。 [C:\001_AI\LudotsProd_issue709\src\Core\Ludots.Core.csproj]
C:\001_AI\LudotsProd_issue709\src\Core\Gameplay\GAS\Config\ContextGroupConfigLoader.cs(23,43): warning CS8625: 无法将 null 字面量转换为非 null 的引用类型。 [C:\001_AI\LudotsProd_issue709\src\Core\Ludots.Core.csproj]
C:\001_AI\LudotsProd_issue709\src\Core\Map\MapContext.cs(14,47): warning CS8625: 无法将 null 字面量转换为非 null 的引用类型。 [C:\001_AI\LudotsProd_issue709\src\Core\Ludots.Core.csproj]
C:\001_AI\LudotsProd_issue709\src\Core\Input\Interaction\ControlSchemeRuntime.cs(49,56): warning CS8625: 无法将 null 字面量转换为非 null 的引用类型。 [C:\001_AI\LudotsProd_issue709\src\Core\Ludots.Core.csproj]
C:\001_AI\LudotsProd_issue709\src\Core\Input\Interaction\ControlSchemeRuntime.cs(50,53): warning CS8625: 无法将 null 字面量转换为非 null 的引用类型。 [C:\001_AI\LudotsProd_issue709\src\Core\Ludots.Core.csproj]
C:\001_AI\LudotsProd_issue709\src\Core\Input\Interaction\ControlSchemeRuntime.cs(51,43): warning CS8625: 无法将 null 字面量转换为非 null 的引用类型。 [C:\001_AI\LudotsProd_issue709\src\Core\Ludots.Core.csproj]
C:\001_AI\LudotsProd_issue709\src\Core\Navigation\GraphEcs\GraphPathfindingSystem.cs(14,98): warning CS8625: 无法将 null 字面量转换为非 null 的引用类型。 [C:\001_AI\LudotsProd_issue709\src\Core\Ludots.Core.csproj]
C:\001_AI\LudotsProd_issue709\src\Core\Math\WorldCmInt2.cs(24,30): warning CS8765: 参数“obj”类型的为 Null 性与重写成员不匹配(可能是由于为 Null 性特性)。 [C:\001_AI\LudotsProd_issue709\src\Core\Ludots.Core.csproj]
C:\001_AI\LudotsProd_issue709\src\Core\Input\Interaction\FilterProfileConfigLoader.cs(31,37): warning CS8625: 无法将 null 字面量转换为非 null 的引用类型。 [C:\001_AI\LudotsProd_issue709\src\Core\Ludots.Core.csproj]
C:\001_AI\LudotsProd_issue709\src\Core\Input\Interaction\FilterProfileConfigLoader.cs(32,43): warning CS8625: 无法将 null 字面量转换为非 null 的引用类型。 [C:\001_AI\LudotsProd_issue709\src\Core\Ludots.Core.csproj]
C:\001_AI\LudotsProd_issue709\src\Core\Input\Orders\InputOrderMappingLoader.cs(27,37): warning CS8625: 无法将 null 字面量转换为非 null 的引用类型。 [C:\001_AI\LudotsProd_issue709\src\Core\Ludots.Core.csproj]
C:\001_AI\LudotsProd_issue709\src\Core\Input\Orders\InputOrderMappingLoader.cs(28,43): warning CS8625: 无法将 null 字面量转换为非 null 的引用类型。 [C:\001_AI\LudotsProd_issue709\src\Core\Ludots.Core.csproj]
C:\001_AI\LudotsProd_issue709\src\Core\Map\MapFeatureFlags.cs(46,30): warning CS8765: 参数“obj”类型的为 Null 性与重写成员不匹配(可能是由于为 Null 性特性)。 [C:\001_AI\LudotsProd_issue709\src\Core\Ludots.Core.csproj]
C:\001_AI\LudotsProd_issue709\src\Core\Map\MapId.cs(15,30): warning CS8765: 参数“obj”类型的为 Null 性与重写成员不匹配(可能是由于为 Null 性特性)。 [C:\001_AI\LudotsProd_issue709\src\Core\Ludots.Core.csproj]
C:\001_AI\LudotsProd_issue709\src\Core\Map\MapManager.cs(25,135): warning CS8625: 无法将 null 字面量转换为非 null 的引用类型。 [C:\001_AI\LudotsProd_issue709\src\Core\Ludots.Core.csproj]
C:\001_AI\LudotsProd_issue709\src\Core\Navigation\GraphCore\TagBits256.cs(25,30): warning CS8765: 参数“obj”类型的为 Null 性与重写成员不匹配(可能是由于为 Null 性特性)。 [C:\001_AI\LudotsProd_issue709\src\Core\Ludots.Core.csproj]
C:\001_AI\LudotsProd_issue709\src\Core\Registry\StringIntRegistry.cs(33,39): warning CS8625: 无法将 null 字面量转换为非 null 的引用类型。 [C:\001_AI\LudotsProd_issue709\src\Core\Ludots.Core.csproj]
C:\001_AI\LudotsProd_issue709\src\Core\Input\Interaction\InteractionContextProfileConfigLoader.cs(32,37): warning CS8625: 无法将 null 字面量转换为非 null 的引用类型。 [C:\001_AI\LudotsProd_issue709\src\Core\Ludots.Core.csproj]
C:\001_AI\LudotsProd_issue709\src\Core\Input\Interaction\InteractionContextProfileConfigLoader.cs(33,43): warning CS8625: 无法将 null 字面量转换为非 null 的引用类型。 [C:\001_AI\LudotsProd_issue709\src\Core\Ludots.Core.csproj]
C:\001_AI\LudotsProd_issue709\src\Core\Map\MapSession.cs(45,88): warning CS8625: 无法将 null 字面量转换为非 null 的引用类型。 [C:\001_AI\LudotsProd_issue709\src\Core\Ludots.Core.csproj]
C:\001_AI\LudotsProd_issue709\src\Core\Navigation\GraphWorld\GraphNodeKey.cs(21,30): warning CS8765: 参数“obj”类型的为 Null 性与重写成员不匹配(可能是由于为 Null 性特性)。 [C:\001_AI\LudotsProd_issue709\src\Core\Ludots.Core.csproj]
C:\001_AI\LudotsProd_issue709\src\Core\Gameplay\Progression\Config\ProgressionConfigLoader.cs(41,79): warning CS8625: 无法将 null 字面量转换为非 null 的引用类型。 [C:\001_AI\LudotsProd_issue709\src\Core\Ludots.Core.csproj]
C:\001_AI\LudotsProd_issue709\src\Core\Gameplay\GAS\Config\GasClockConfig.cs(24,37): warning CS8625: 无法将 null 字面量转换为非 null 的引用类型。 [C:\001_AI\LudotsProd_issue709\src\Core\Ludots.Core.csproj]
C:\001_AI\LudotsProd_issue709\src\Core\Gameplay\GAS\Config\GasClockConfig.cs(25,43): warning CS8625: 无法将 null 字面量转换为非 null 的引用类型。 [C:\001_AI\LudotsProd_issue709\src\Core\Ludots.Core.csproj]
C:\001_AI\LudotsProd_issue709\src\Core\Map\MapSessionManager.cs(40,102): warning CS8625: 无法将 null 字面量转换为非 null 的引用类型。 [C:\001_AI\LudotsProd_issue709\src\Core\Ludots.Core.csproj]
C:\001_AI\LudotsProd_issue709\src\Core\Gameplay\GAS\EffectTagContributionHelper.cs(13,154): warning CS8625: 无法将 null 字面量转换为非 null 的引用类型。 [C:\001_AI\LudotsProd_issue709\src\Core\Ludots.Core.csproj]
C:\001_AI\LudotsProd_issue709\src\Core\Gameplay\GAS\EffectTagContributionHelper.cs(37,157): warning CS8625: 无法将 null 字面量转换为非 null 的引用类型。 [C:\001_AI\LudotsProd_issue709\src\Core\Ludots.Core.csproj]
C:\001_AI\LudotsProd_issue709\src\Core\Gameplay\GAS\EffectTagContributionHelper.cs(70,177): warning CS8625: 无法将 null 字面量转换为非 null 的引用类型。 [C:\001_AI\LudotsProd_issue709\src\Core\Ludots.Core.csproj]
C:\001_AI\LudotsProd_issue709\src\Core\Gameplay\GAS\EffectTagContributionHelper.cs(96,136): warning CS8625: 无法将 null 字面量转换为非 null 的引用类型。 [C:\001_AI\LudotsProd_issue709\src\Core\Ludots.Core.csproj]
C:\001_AI\LudotsProd_issue709\src\Core\Gameplay\GAS\EffectTagContributionHelper.cs(119,137): warning CS8625: 无法将 null 字面量转换为非 null 的引用类型。 [C:\001_AI\LudotsProd_issue709\src\Core\Ludots.Core.csproj]
C:\001_AI\LudotsProd_issue709\src\Core\Gameplay\GAS\EffectTagContributionHelper.cs(140,159): warning CS8625: 无法将 null 字面量转换为非 null 的引用类型。 [C:\001_AI\LudotsProd_issue709\src\Core\Ludots.Core.csproj]
C:\001_AI\LudotsProd_issue709\src\Core\Map\MapTag.cs(50,30): warning CS8765: 参数“obj”类型的为 Null 性与重写成员不匹配(可能是由于为 Null 性特性)。 [C:\001_AI\LudotsProd_issue709\src\Core\Ludots.Core.csproj]
C:\001_AI\LudotsProd_issue709\src\Core\Gameplay\GAS\Config\PresetTypeLoader.cs(26,37): warning CS8625: 无法将 null 字面量转换为非 null 的引用类型。 [C:\001_AI\LudotsProd_issue709\src\Core\Ludots.Core.csproj]
C:\001_AI\LudotsProd_issue709\src\Core\Gameplay\GAS\Config\PresetTypeLoader.cs(27,43): warning CS8625: 无法将 null 字面量转换为非 null 的引用类型。 [C:\001_AI\LudotsProd_issue709\src\Core\Ludots.Core.csproj]
C:\001_AI\LudotsProd_issue709\src\Core\Gameplay\GAS\Config\EffectTemplateLoader.cs(47,47): warning CS8625: 无法将 null 字面量转换为非 null 的引用类型。 [C:\001_AI\LudotsProd_issue709\src\Core\Ludots.Core.csproj]
C:\001_AI\LudotsProd_issue709\src\Core\Gameplay\GAS\Config\EffectTemplateLoader.cs(48,66): warning CS8625: 无法将 null 字面量转换为非 null 的引用类型。 [C:\001_AI\LudotsProd_issue709\src\Core\Ludots.Core.csproj]
C:\001_AI\LudotsProd_issue709\src\Core\Gameplay\GAS\Config\EffectTemplateLoader.cs(67,37): warning CS8625: 无法将 null 字面量转换为非 null 的引用类型。 [C:\001_AI\LudotsProd_issue709\src\Core\Ludots.Core.csproj]
C:\001_AI\LudotsProd_issue709\src\Core\Gameplay\GAS\Config\EffectTemplateLoader.cs(68,43): warning CS8625: 无法将 null 字面量转换为非 null 的引用类型。 [C:\001_AI\LudotsProd_issue709\src\Core\Ludots.Core.csproj]
C:\001_AI\LudotsProd_issue709\src\Core\Gameplay\GAS\Config\TargetDispatchPresetLoader.cs(29,37): warning CS8625: 无法将 null 字面量转换为非 null 的引用类型。 [C:\001_AI\LudotsProd_issue709\src\Core\Ludots.Core.csproj]
C:\001_AI\LudotsProd_issue709\src\Core\Gameplay\GAS\Config\TargetDispatchPresetLoader.cs(30,43): warning CS8625: 无法将 null 字面量转换为非 null 的引用类型。 [C:\001_AI\LudotsProd_issue709\src\Core\Ludots.Core.csproj]
C:\001_AI\LudotsProd_issue709\src\Core\Gameplay\GAS\Config\TagRuleSetLoader.cs(20,37): warning CS8625: 无法将 null 字面量转换为非 null 的引用类型。 [C:\001_AI\LudotsProd_issue709\src\Core\Ludots.Core.csproj]
C:\001_AI\LudotsProd_issue709\src\Core\Gameplay\GAS\Config\TagRuleSetLoader.cs(21,43): warning CS8625: 无法将 null 字面量转换为非 null 的引用类型。 [C:\001_AI\LudotsProd_issue709\src\Core\Ludots.Core.csproj]
C:\001_AI\LudotsProd_issue709\src\Core\Navigation\Pathing\Config\PathingConfigLoader.cs(20,37): warning CS8625: 无法将 null 字面量转换为非 null 的引用类型。 [C:\001_AI\LudotsProd_issue709\src\Core\Ludots.Core.csproj]
C:\001_AI\LudotsProd_issue709\src\Core\Navigation\Pathing\Config\PathingConfigLoader.cs(21,43): warning CS8625: 无法将 null 字面量转换为非 null 的引用类型。 [C:\001_AI\LudotsProd_issue709\src\Core\Ludots.Core.csproj]
C:\001_AI\LudotsProd_issue709\src\Core\Systems\MapLoader.cs(92,88): warning CS8625: 无法将 null 字面量转换为非 null 的引用类型。 [C:\001_AI\LudotsProd_issue709\src\Core\Ludots.Core.csproj]
C:\001_AI\LudotsProd_issue709\src\Core\Gameplay\GAS\EffectTemplateRegistry.cs(398,89): warning CS8625: 无法将 null 字面量转换为非 null 的引用类型。 [C:\001_AI\LudotsProd_issue709\src\Core\Ludots.Core.csproj]
C:\001_AI\LudotsProd_issue709\src\Core\Navigation\NavMesh\Bake\BakePipeline.cs(69,43): warning CS8625: 无法将 null 字面量转换为非 null 的引用类型。 [C:\001_AI\LudotsProd_issue709\src\Core\Ludots.Core.csproj]
C:\001_AI\LudotsProd_issue709\src\Core\Navigation\NavMesh\Bake\BakePipeline.cs(91,43): warning CS8625: 无法将 null 字面量转换为非 null 的引用类型。 [C:\001_AI\LudotsProd_issue709\src\Core\Ludots.Core.csproj]
C:\001_AI\LudotsProd_issue709\src\Core\Navigation\NavMesh\Bake\BakePipeline.cs(752,182): warning CS8625: 无法将 null 字面量转换为非 null 的引用类型。 [C:\001_AI\LudotsProd_issue709\src\Core\Ludots.Core.csproj]
C:\001_AI\LudotsProd_issue709\src\Core\Navigation\NavMesh\Bake\BakePipeline.cs(410,34): warning CS8765: 参数“obj”类型的为 Null 性与重写成员不匹配(可能是由于为 Null 性特性)。 [C:\001_AI\LudotsProd_issue709\src\Core\Ludots.Core.csproj]
C:\001_AI\LudotsProd_issue709\src\Core\UI\EntityCommandPanels\AbilityAggregationProfileConfigLoader.cs(33,37): warning CS8625: 无法将 null 字面量转换为非 null 的引用类型。 [C:\001_AI\LudotsProd_issue709\src\Core\Ludots.Core.csproj]
C:\001_AI\LudotsProd_issue709\src\Core\UI\EntityCommandPanels\AbilityAggregationProfileConfigLoader.cs(34,43): warning CS8625: 无法将 null 字面量转换为非 null 的引用类型。 [C:\001_AI\LudotsProd_issue709\src\Core\Ludots.Core.csproj]
C:\001_AI\LudotsProd_issue709\src\Core\Navigation\NavMesh\Bake\ContourExtractor.cs(23,30): warning CS8765: 参数“obj”类型的为 Null 性与重写成员不匹配(可能是由于为 Null 性特性)。 [C:\001_AI\LudotsProd_issue709\src\Core\Ludots.Core.csproj]
C:\001_AI\LudotsProd_issue709\src\Core\Navigation\NavMesh\Bake\ContourExtractor.cs(67,30): warning CS8765: 参数“obj”类型的为 Null 性与重写成员不匹配(可能是由于为 Null 性特性)。 [C:\001_AI\LudotsProd_issue709\src\Core\Ludots.Core.csproj]
C:\001_AI\LudotsProd_issue709\src\Core\Presentation\Camera\CameraPresenter.cs(43,120): warning CS8625: 无法将 null 字面量转换为非 null 的引用类型。 [C:\001_AI\LudotsProd_issue709\src\Core\Ludots.Core.csproj]
C:\001_AI\LudotsProd_issue709\src\Core\UI\CommandDeck\CommandDeckProfileConfigLoader.cs(30,37): warning CS8625: 无法将 null 字面量转换为非 null 的引用类型。 [C:\001_AI\LudotsProd_issue709\src\Core\Ludots.Core.csproj]
C:\001_AI\LudotsProd_issue709\src\Core\UI\CommandDeck\CommandDeckProfileConfigLoader.cs(31,43): warning CS8625: 无法将 null 字面量转换为非 null 的引用类型。 [C:\001_AI\LudotsProd_issue709\src\Core\Ludots.Core.csproj]
C:\001_AI\LudotsProd_issue709\src\Core\Spatial\WorldExtentSpec.cs(45,30): warning CS8765: 参数“obj”类型的为 Null 性与重写成员不匹配(可能是由于为 Null 性特性)。 [C:\001_AI\LudotsProd_issue709\src\Core\Ludots.Core.csproj]
C:\001_AI\LudotsProd_issue709\src\Core\Spatial\WorldSizeSpec.cs(24,30): warning CS8765: 参数“obj”类型的为 Null 性与重写成员不匹配(可能是由于为 Null 性特性)。 [C:\001_AI\LudotsProd_issue709\src\Core\Ludots.Core.csproj]
C:\001_AI\LudotsProd_issue709\src\Core\Navigation\NavMesh\Bake\NavBakeContext.cs(35,30): warning CS8765: 参数“obj”类型的为 Null 性与重写成员不匹配(可能是由于为 Null 性特性)。 [C:\001_AI\LudotsProd_issue709\src\Core\Ludots.Core.csproj]
C:\001_AI\LudotsProd_issue709\src\Core\Navigation\NavMesh\NavQueryService.cs(60,96): warning CS8625: 无法将 null 字面量转换为非 null 的引用类型。 [C:\001_AI\LudotsProd_issue709\src\Core\Ludots.Core.csproj]
C:\001_AI\LudotsProd_issue709\src\Core\Navigation\NavMesh\NavQueryServiceRegistry.cs(18,30): warning CS8765: 参数“obj”类型的为 Null 性与重写成员不匹配(可能是由于为 Null 性特性)。 [C:\001_AI\LudotsProd_issue709\src\Core\Ludots.Core.csproj]
C:\001_AI\LudotsProd_issue709\src\Core\Navigation\NavMesh\Config\NavMeshBakeConfigLoader.cs(27,37): warning CS8625: 无法将 null 字面量转换为非 null 的引用类型。 [C:\001_AI\LudotsProd_issue709\src\Core\Ludots.Core.csproj]
C:\001_AI\LudotsProd_issue709\src\Core\Navigation\NavMesh\Config\NavMeshBakeConfigLoader.cs(28,43): warning CS8625: 无法将 null 字面量转换为非 null 的引用类型。 [C:\001_AI\LudotsProd_issue709\src\Core\Ludots.Core.csproj]
C:\001_AI\LudotsProd_issue709\src\Core\Gameplay\GAS\TagOps.cs(21,65): warning CS8625: 无法将 null 字面量转换为非 null 的引用类型。 [C:\001_AI\LudotsProd_issue709\src\Core\Ludots.Core.csproj]
C:\001_AI\LudotsProd_issue709\src\Core\NodeLibraries\GASGraph\Host\GraphProgramConfigLoader.cs(40,37): warning CS8625: 无法将 null 字面量转换为非 null 的引用类型。 [C:\001_AI\LudotsProd_issue709\src\Core\Ludots.Core.csproj]
C:\001_AI\LudotsProd_issue709\src\Core\NodeLibraries\GASGraph\Host\GraphProgramConfigLoader.cs(41,43): warning CS8625: 无法将 null 字面量转换为非 null 的引用类型。 [C:\001_AI\LudotsProd_issue709\src\Core\Ludots.Core.csproj]
C:\001_AI\LudotsProd_issue709\src\Core\Navigation\NavMesh\NavTileModels.cs(27,30): warning CS8765: 参数“obj”类型的为 Null 性与重写成员不匹配(可能是由于为 Null 性特性)。 [C:\001_AI\LudotsProd_issue709\src\Core\Ludots.Core.csproj]
C:\001_AI\LudotsProd_issue709\src\Core\UI\ProductionOverview\ProductionOverviewProfileConfigLoader.cs(30,37): warning CS8625: 无法将 null 字面量转换为非 null 的引用类型。 [C:\001_AI\LudotsProd_issue709\src\Core\Ludots.Core.csproj]
C:\001_AI\LudotsProd_issue709\src\Core\UI\ProductionOverview\ProductionOverviewProfileConfigLoader.cs(31,43): warning CS8625: 无法将 null 字面量转换为非 null 的引用类型。 [C:\001_AI\LudotsProd_issue709\src\Core\Ludots.Core.csproj]
C:\001_AI\LudotsProd_issue709\src\Core\Gameplay\GAS\Systems\AbilityExecSystem.cs(65,60): warning CS8625: 无法将 null 字面量转换为非 null 的引用类型。 [C:\001_AI\LudotsProd_issue709\src\Core\Ludots.Core.csproj]
C:\001_AI\LudotsProd_issue709\src\Core\Gameplay\GAS\Systems\AbilityExecSystem.cs(66,41): warning CS8625: 无法将 null 字面量转换为非 null 的引用类型。 [C:\001_AI\LudotsProd_issue709\src\Core\Ludots.Core.csproj]
C:\001_AI\LudotsProd_issue709\src\Core\Gameplay\GAS\Systems\AbilityExecSystem.cs(69,61): warning CS8625: 无法将 null 字面量转换为非 null 的引用类型。 [C:\001_AI\LudotsProd_issue709\src\Core\Ludots.Core.csproj]
C:\001_AI\LudotsProd_issue709\src\Core\Gameplay\GAS\Systems\AbilityExecSystem.cs(70,49): warning CS8625: 无法将 null 字面量转换为非 null 的引用类型。 [C:\001_AI\LudotsProd_issue709\src\Core\Ludots.Core.csproj]
C:\001_AI\LudotsProd_issue709\src\Core\Gameplay\GAS\Systems\AbilityExecSystem.cs(71,50): warning CS8625: 无法将 null 字面量转换为非 null 的引用类型。 [C:\001_AI\LudotsProd_issue709\src\Core\Ludots.Core.csproj]
C:\001_AI\LudotsProd_issue709\src\Core\Gameplay\GAS\Systems\AbilityExecSystem.cs(72,41): warning CS8625: 无法将 null 字面量转换为非 null 的引用类型。 [C:\001_AI\LudotsProd_issue709\src\Core\Ludots.Core.csproj]
C:\001_AI\LudotsProd_issue709\src\Core\Gameplay\GAS\Systems\AbilityExecSystem.cs(73,29): warning CS8625: 无法将 null 字面量转换为非 null 的引用类型。 [C:\001_AI\LudotsProd_issue709\src\Core\Ludots.Core.csproj]
C:\001_AI\LudotsProd_issue709\src\Core\Gameplay\GAS\Systems\AbilityExecSystem.cs(74,51): warning CS8625: 无法将 null 字面量转换为非 null 的引用类型。 [C:\001_AI\LudotsProd_issue709\src\Core\Ludots.Core.csproj]
C:\001_AI\LudotsProd_issue709\src\Core\Gameplay\GAS\Systems\AbilityExecSystem.cs(75,71): warning CS8625: 无法将 null 字面量转换为非 null 的引用类型。 [C:\001_AI\LudotsProd_issue709\src\Core\Ludots.Core.csproj]
C:\001_AI\LudotsProd_issue709\src\Core\Navigation\NavMesh\NavTileModels.cs(225,33): warning CS8625: 无法将 null 字面量转换为非 null 的引用类型。 [C:\001_AI\LudotsProd_issue709\src\Core\Ludots.Core.csproj]
C:\001_AI\LudotsProd_issue709\src\Core\Gameplay\GAS\Systems\AbilityFormRoutingSystem.cs(21,103): warning CS8625: 无法将 null 字面量转换为非 null 的引用类型。 [C:\001_AI\LudotsProd_issue709\src\Core\Ludots.Core.csproj]
C:\001_AI\LudotsProd_issue709\src\Core\Presentation\Config\AnimationClipConfigLoader.cs(21,50): warning CS8625: 无法将 null 字面量转换为非 null 的引用类型。 [C:\001_AI\LudotsProd_issue709\src\Core\Ludots.Core.csproj]
C:\001_AI\LudotsProd_issue709\src\Core\Presentation\Config\AnimationClipConfigLoader.cs(21,86): warning CS8625: 无法将 null 字面量转换为非 null 的引用类型。 [C:\001_AI\LudotsProd_issue709\src\Core\Ludots.Core.csproj]
C:\001_AI\LudotsProd_issue709\src\Core\Navigation\NavMesh\NavTileBuilder.cs(68,34): warning CS8765: 参数“obj”类型的为 Null 性与重写成员不匹配(可能是由于为 Null 性特性)。 [C:\001_AI\LudotsProd_issue709\src\Core\Ludots.Core.csproj]
C:\001_AI\LudotsProd_issue709\src\Core\Navigation\NavMesh\NavTileBuilder.cs(413,34): warning CS8765: 参数“obj”类型的为 Null 性与重写成员不匹配(可能是由于为 Null 性特性)。 [C:\001_AI\LudotsProd_issue709\src\Core\Ludots.Core.csproj]
C:\001_AI\LudotsProd_issue709\src\Core\Presentation\Config\AnimationProfileConfigLoader.cs(28,50): warning CS8625: 无法将 null 字面量转换为非 null 的引用类型。 [C:\001_AI\LudotsProd_issue709\src\Core\Ludots.Core.csproj]
C:\001_AI\LudotsProd_issue709\src\Core\Presentation\Config\AnimationProfileConfigLoader.cs(28,86): warning CS8625: 无法将 null 字面量转换为非 null 的引用类型。 [C:\001_AI\LudotsProd_issue709\src\Core\Ludots.Core.csproj]
C:\001_AI\LudotsProd_issue709\src\Core\Gameplay\GAS\Systems\AbilitySystem.cs(25,60): warning CS8625: 无法将 null 字面量转换为非 null 的引用类型。 [C:\001_AI\LudotsProd_issue709\src\Core\Ludots.Core.csproj]
C:\001_AI\LudotsProd_issue709\src\Core\Gameplay\GAS\Systems\AbilitySystem.cs(26,29): warning CS8625: 无法将 null 字面量转换为非 null 的引用类型。 [C:\001_AI\LudotsProd_issue709\src\Core\Ludots.Core.csproj]
C:\001_AI\LudotsProd_issue709\src\Core\Gameplay\GAS\Systems\AbilitySystem.cs(27,50): warning CS8625: 无法将 null 字面量转换为非 null 的引用类型。 [C:\001_AI\LudotsProd_issue709\src\Core\Ludots.Core.csproj]
C:\001_AI\LudotsProd_issue709\src\Core\Gameplay\GAS\Systems\AbilitySystem.cs(28,41): warning CS8625: 无法将 null 字面量转换为非 null 的引用类型。 [C:\001_AI\LudotsProd_issue709\src\Core\Ludots.Core.csproj]
C:\001_AI\LudotsProd_issue709\src\Core\Gameplay\GAS\Systems\AbilitySystem.cs(29,71): warning CS8625: 无法将 null 字面量转换为非 null 的引用类型。 [C:\001_AI\LudotsProd_issue709\src\Core\Ludots.Core.csproj]
C:\001_AI\LudotsProd_issue709\src\Core\Gameplay\GAS\Orders\OrderTypeConfigLoader.cs(72,37): warning CS8625: 无法将 null 字面量转换为非 null 的引用类型。 [C:\001_AI\LudotsProd_issue709\src\Core\Ludots.Core.csproj]
C:\001_AI\LudotsProd_issue709\src\Core\Gameplay\GAS\Orders\OrderTypeConfigLoader.cs(73,43): warning CS8625: 无法将 null 字面量转换为非 null 的引用类型。 [C:\001_AI\LudotsProd_issue709\src\Core\Ludots.Core.csproj]
C:\001_AI\LudotsProd_issue709\src\Core\Gameplay\GAS\Orders\OrderTypeConfigLoader.cs(83,37): warning CS8625: 无法将 null 字面量转换为非 null 的引用类型。 [C:\001_AI\LudotsProd_issue709\src\Core\Ludots.Core.csproj]
C:\001_AI\LudotsProd_issue709\src\Core\Gameplay\GAS\Orders\OrderTypeConfigLoader.cs(84,43): warning CS8625: 无法将 null 字面量转换为非 null 的引用类型。 [C:\001_AI\LudotsProd_issue709\src\Core\Ludots.Core.csproj]
C:\001_AI\LudotsProd_issue709\src\Core\Navigation\NavMesh\Bake\PolygonProcessor.cs(14,63): warning CS8625: 无法将 null 字面量转换为非 null 的引用类型。 [C:\001_AI\LudotsProd_issue709\src\Core\Ludots.Core.csproj]
C:\001_AI\LudotsProd_issue709\src\Core\Gameplay\GAS\Systems\DeferredTriggerCollectionSystem.cs(21,112): warning CS8625: 无法将 null 字面量转换为非 null 的引用类型。 [C:\001_AI\LudotsProd_issue709\src\Core\Ludots.Core.csproj]
C:\001_AI\LudotsProd_issue709\src\Core\Scripting\EventKey.cs(15,30): warning CS8765: 参数“obj”类型的为 Null 性与重写成员不匹配(可能是由于为 Null 性特性)。 [C:\001_AI\LudotsProd_issue709\src\Core\Ludots.Core.csproj]
C:\001_AI\LudotsProd_issue709\src\Core\Presentation\Config\AnimatorControllerConfigLoader.cs(22,50): warning CS8625: 无法将 null 字面量转换为非 null 的引用类型。 [C:\001_AI\LudotsProd_issue709\src\Core\Ludots.Core.csproj]
C:\001_AI\LudotsProd_issue709\src\Core\Presentation\Config\AnimatorControllerConfigLoader.cs(22,86): warning CS8625: 无法将 null 字面量转换为非 null 的引用类型。 [C:\001_AI\LudotsProd_issue709\src\Core\Ludots.Core.csproj]
C:\001_AI\LudotsProd_issue709\src\Core\Scripting\FunctionRegistry.cs(22,85): warning CS8625: 无法将 null 字面量转换为非 null 的引用类型。 [C:\001_AI\LudotsProd_issue709\src\Core\Ludots.Core.csproj]
C:\001_AI\LudotsProd_issue709\src\Core\Gameplay\GAS\Systems\AttributeAggregatorSystem.cs(27,92): warning CS8625: 无法将 null 字面量转换为非 null 的引用类型。 [C:\001_AI\LudotsProd_issue709\src\Core\Ludots.Core.csproj]
C:\001_AI\LudotsProd_issue709\src\Core\Gameplay\GAS\Systems\AttributeAggregatorSystem.cs(27,126): warning CS8625: 无法将 null 字面量转换为非 null 的引用类型。 [C:\001_AI\LudotsProd_issue709\src\Core\Ludots.Core.csproj]
C:\001_AI\LudotsProd_issue709\src\Core\Presentation\Config\MeshAssetConfigLoader.cs(32,50): warning CS8625: 无法将 null 字面量转换为非 null 的引用类型。 [C:\001_AI\LudotsProd_issue709\src\Core\Ludots.Core.csproj]
C:\001_AI\LudotsProd_issue709\src\Core\Presentation\Config\MeshAssetConfigLoader.cs(32,86): warning CS8625: 无法将 null 字面量转换为非 null 的引用类型。 [C:\001_AI\LudotsProd_issue709\src\Core\Ludots.Core.csproj]
C:\001_AI\LudotsProd_issue709\src\Core\Gameplay\Spawning\RuntimeEntitySpawnSystem.cs(70,49): warning CS8625: 无法将 null 字面量转换为非 null 的引用类型。 [C:\001_AI\LudotsProd_issue709\src\Core\Ludots.Core.csproj]
C:\001_AI\LudotsProd_issue709\src\Core\Gameplay\GAS\Systems\EffectProcessingLoopSystem.cs(64,157): warning CS8625: 无法将 null 字面量转换为非 null 的引用类型。 [C:\001_AI\LudotsProd_issue709\src\Core\Ludots.Core.csproj]
C:\001_AI\LudotsProd_issue709\src\Core\Gameplay\GAS\Systems\EffectProcessingLoopSystem.cs(64,198): warning CS8625: 无法将 null 字面量转换为非 null 的引用类型。 [C:\001_AI\LudotsProd_issue709\src\Core\Ludots.Core.csproj]
C:\001_AI\LudotsProd_issue709\src\Core\Gameplay\GAS\Systems\EffectProcessingLoopSystem.cs(64,238): warning CS8625: 无法将 null 字面量转换为非 null 的引用类型。 [C:\001_AI\LudotsProd_issue709\src\Core\Ludots.Core.csproj]
C:\001_AI\LudotsProd_issue709\src\Core\Gameplay\GAS\Systems\EffectProcessingLoopSystem.cs(64,269): warning CS8625: 无法将 null 字面量转换为非 null 的引用类型。 [C:\001_AI\LudotsProd_issue709\src\Core\Ludots.Core.csproj]
C:\001_AI\LudotsProd_issue709\src\Core\Gameplay\GAS\Systems\EffectProcessingLoopSystem.cs(64,316): warning CS8625: 无法将 null 字面量转换为非 null 的引用类型。 [C:\001_AI\LudotsProd_issue709\src\Core\Ludots.Core.csproj]
C:\001_AI\LudotsProd_issue709\src\Core\Gameplay\GAS\Systems\EffectProcessingLoopSystem.cs(64,356): warning CS8625: 无法将 null 字面量转换为非 null 的引用类型。 [C:\001_AI\LudotsProd_issue709\src\Core\Ludots.Core.csproj]
C:\001_AI\LudotsProd_issue709\src\Core\Gameplay\GAS\Systems\EffectProcessingLoopSystem.cs(64,467): warning CS8625: 无法将 null 字面量转换为非 null 的引用类型。 [C:\001_AI\LudotsProd_issue709\src\Core\Ludots.Core.csproj]
C:\001_AI\LudotsProd_issue709\src\Core\Gameplay\GAS\Systems\EffectProcessingLoopSystem.cs(64,511): warning CS8625: 无法将 null 字面量转换为非 null 的引用类型。 [C:\001_AI\LudotsProd_issue709\src\Core\Ludots.Core.csproj]
C:\001_AI\LudotsProd_issue709\src\Core\Gameplay\GAS\Systems\EffectProcessingLoopSystem.cs(64,557): warning CS8625: 无法将 null 字面量转换为非 null 的引用类型。 [C:\001_AI\LudotsProd_issue709\src\Core\Ludots.Core.csproj]
C:\001_AI\LudotsProd_issue709\src\Core\Gameplay\GAS\Systems\EffectProcessingLoopSystem.cs(64,611): warning CS8625: 无法将 null 字面量转换为非 null 的引用类型。 [C:\001_AI\LudotsProd_issue709\src\Core\Ludots.Core.csproj]
C:\001_AI\LudotsProd_issue709\src\Core\Gameplay\GAS\Systems\EffectProcessingLoopSystem.cs(64,668): warning CS8625: 无法将 null 字面量转换为非 null 的引用类型。 [C:\001_AI\LudotsProd_issue709\src\Core\Ludots.Core.csproj]
C:\001_AI\LudotsProd_issue709\src\Core\Gameplay\GAS\Systems\EffectProcessingLoopSystem.cs(64,710): warning CS8625: 无法将 null 字面量转换为非 null 的引用类型。 [C:\001_AI\LudotsProd_issue709\src\Core\Ludots.Core.csproj]
C:\001_AI\LudotsProd_issue709\src\Core\Gameplay\GAS\Systems\EffectProcessingLoopSystem.cs(64,786): warning CS8625: 无法将 null 字面量转换为非 null 的引用类型。 [C:\001_AI\LudotsProd_issue709\src\Core\Ludots.Core.csproj]
C:\001_AI\LudotsProd_issue709\src\Core\Gameplay\GAS\Systems\EffectProcessingLoopSystem.cs(64,808): warning CS8625: 无法将 null 字面量转换为非 null 的引用类型。 [C:\001_AI\LudotsProd_issue709\src\Core\Ludots.Core.csproj]
C:\001_AI\LudotsProd_issue709\src\Core\Gameplay\GAS\Systems\EffectProcessingLoopSystem.cs(64,848): warning CS8625: 无法将 null 字面量转换为非 null 的引用类型。 [C:\001_AI\LudotsProd_issue709\src\Core\Ludots.Core.csproj]
C:\001_AI\LudotsProd_issue709\src\Core\Gameplay\GAS\Systems\EffectProcessingLoopSystem.cs(64,909): warning CS8625: 无法将 null 字面量转换为非 null 的引用类型。 [C:\001_AI\LudotsProd_issue709\src\Core\Ludots.Core.csproj]
C:\001_AI\LudotsProd_issue709\src\Core\Gameplay\GAS\Systems\EffectProcessingLoopSystem.cs(64,953): warning CS8625: 无法将 null 字面量转换为非 null 的引用类型。 [C:\001_AI\LudotsProd_issue709\src\Core\Ludots.Core.csproj]
C:\001_AI\LudotsProd_issue709\src\Core\Gameplay\GAS\Systems\EffectProcessingLoopSystem.cs(64,997): warning CS8625: 无法将 null 字面量转换为非 null 的引用类型。 [C:\001_AI\LudotsProd_issue709\src\Core\Ludots.Core.csproj]
C:\001_AI\LudotsProd_issue709\src\Core\Gameplay\GAS\Systems\EffectProcessingLoopSystem.cs(64,1066): warning CS8625: 无法将 null 字面量转换为非 null 的引用类型。 [C:\001_AI\LudotsProd_issue709\src\Core\Ludots.Core.csproj]
C:\001_AI\LudotsProd_issue709\src\Core\Gameplay\GAS\Systems\EffectProcessingLoopSystem.cs(64,1128): warning CS8625: 无法将 null 字面量转换为非 null 的引用类型。 [C:\001_AI\LudotsProd_issue709\src\Core\Ludots.Core.csproj]
C:\001_AI\LudotsProd_issue709\src\Core\Gameplay\GAS\Systems\EffectApplicationSystem.cs(127,89): warning CS8625: 无法将 null 字面量转换为非 null 的引用类型。 [C:\001_AI\LudotsProd_issue709\src\Core\Ludots.Core.csproj]
C:\001_AI\LudotsProd_issue709\src\Core\Gameplay\GAS\Systems\EffectApplicationSystem.cs(127,114): warning CS8625: 无法将 null 字面量转换为非 null 的引用类型。 [C:\001_AI\LudotsProd_issue709\src\Core\Ludots.Core.csproj]
C:\001_AI\LudotsProd_issue709\src\Core\Gameplay\GAS\Systems\EffectApplicationSystem.cs(127,168): warning CS8625: 无法将 null 字面量转换为非 null 的引用类型。 [C:\001_AI\LudotsProd_issue709\src\Core\Ludots.Core.csproj]
C:\001_AI\LudotsProd_issue709\src\Core\Gameplay\GAS\Systems\EffectApplicationSystem.cs(127,209): warning CS8625: 无法将 null 字面量转换为非 null 的引用类型。 [C:\001_AI\LudotsProd_issue709\src\Core\Ludots.Core.csproj]
C:\001_AI\LudotsProd_issue709\src\Core\Gameplay\GAS\Systems\EffectApplicationSystem.cs(127,253): warning CS8625: 无法将 null 字面量转换为非 null 的引用类型。 [C:\001_AI\LudotsProd_issue709\src\Core\Ludots.Core.csproj]
C:\001_AI\LudotsProd_issue709\src\Core\Gameplay\GAS\Systems\EffectApplicationSystem.cs(127,299): warning CS8625: 无法将 null 字面量转换为非 null 的引用类型。 [C:\001_AI\LudotsProd_issue709\src\Core\Ludots.Core.csproj]
C:\001_AI\LudotsProd_issue709\src\Core\Gameplay\GAS\Systems\EffectApplicationSystem.cs(127,353): warning CS8625: 无法将 null 字面量转换为非 null 的引用类型。 [C:\001_AI\LudotsProd_issue709\src\Core\Ludots.Core.csproj]
C:\001_AI\LudotsProd_issue709\src\Core\Gameplay\GAS\Systems\EffectApplicationSystem.cs(127,410): warning CS8625: 无法将 null 字面量转换为非 null 的引用类型。 [C:\001_AI\LudotsProd_issue709\src\Core\Ludots.Core.csproj]
C:\001_AI\LudotsProd_issue709\src\Core\Gameplay\GAS\Systems\EffectApplicationSystem.cs(127,452): warning CS8625: 无法将 null 字面量转换为非 null 的引用类型。 [C:\001_AI\LudotsProd_issue709\src\Core\Ludots.Core.csproj]
C:\001_AI\LudotsProd_issue709\src\Core\Gameplay\GAS\Systems\EffectApplicationSystem.cs(127,528): warning CS8625: 无法将 null 字面量转换为非 null 的引用类型。 [C:\001_AI\LudotsProd_issue709\src\Core\Ludots.Core.csproj]
C:\001_AI\LudotsProd_issue709\src\Core\Gameplay\GAS\Systems\EffectApplicationSystem.cs(127,550): warning CS8625: 无法将 null 字面量转换为非 null 的引用类型。 [C:\001_AI\LudotsProd_issue709\src\Core\Ludots.Core.csproj]
C:\001_AI\LudotsProd_issue709\src\Core\Gameplay\GAS\Systems\EffectApplicationSystem.cs(127,590): warning CS8625: 无法将 null 字面量转换为非 null 的引用类型。 [C:\001_AI\LudotsProd_issue709\src\Core\Ludots.Core.csproj]
C:\001_AI\LudotsProd_issue709\src\Core\Gameplay\GAS\Systems\EffectApplicationSystem.cs(127,651): warning CS8625: 无法将 null 字面量转换为非 null 的引用类型。 [C:\001_AI\LudotsProd_issue709\src\Core\Ludots.Core.csproj]
C:\001_AI\LudotsProd_issue709\src\Core\Gameplay\GAS\Systems\EffectApplicationSystem.cs(127,695): warning CS8625: 无法将 null 字面量转换为非 null 的引用类型。 [C:\001_AI\LudotsProd_issue709\src\Core\Ludots.Core.csproj]
C:\001_AI\LudotsProd_issue709\src\Core\Gameplay\GAS\Systems\EffectApplicationSystem.cs(127,739): warning CS8625: 无法将 null 字面量转换为非 null 的引用类型。 [C:\001_AI\LudotsProd_issue709\src\Core\Ludots.Core.csproj]
C:\001_AI\LudotsProd_issue709\src\Core\Gameplay\GAS\Systems\EffectApplicationSystem.cs(127,765): warning CS8625: 无法将 null 字面量转换为非 null 的引用类型。 [C:\001_AI\LudotsProd_issue709\src\Core\Ludots.Core.csproj]
C:\001_AI\LudotsProd_issue709\src\Core\Gameplay\GAS\Systems\EffectApplicationSystem.cs(127,834): warning CS8625: 无法将 null 字面量转换为非 null 的引用类型。 [C:\001_AI\LudotsProd_issue709\src\Core\Ludots.Core.csproj]
C:\001_AI\LudotsProd_issue709\src\Core\Gameplay\GAS\Systems\EffectApplicationSystem.cs(127,896): warning CS8625: 无法将 null 字面量转换为非 null 的引用类型。 [C:\001_AI\LudotsProd_issue709\src\Core\Ludots.Core.csproj]
C:\001_AI\LudotsProd_issue709\src\Core\Gameplay\GAS\Systems\EffectLifetimeSystem.cs(93,152): warning CS8625: 无法将 null 字面量转换为非 null 的引用类型。 [C:\001_AI\LudotsProd_issue709\src\Core\Ludots.Core.csproj]
C:\001_AI\LudotsProd_issue709\src\Core\Gameplay\GAS\Systems\EffectLifetimeSystem.cs(93,177): warning CS8625: 无法将 null 字面量转换为非 null 的引用类型。 [C:\001_AI\LudotsProd_issue709\src\Core\Ludots.Core.csproj]
C:\001_AI\LudotsProd_issue709\src\Core\Gameplay\GAS\Systems\EffectLifetimeSystem.cs(93,218): warning CS8625: 无法将 null 字面量转换为非 null 的引用类型。 [C:\001_AI\LudotsProd_issue709\src\Core\Ludots.Core.csproj]
C:\001_AI\LudotsProd_issue709\src\Core\Gameplay\GAS\Systems\EffectLifetimeSystem.cs(93,262): warning CS8625: 无法将 null 字面量转换为非 null 的引用类型。 [C:\001_AI\LudotsProd_issue709\src\Core\Ludots.Core.csproj]
C:\001_AI\LudotsProd_issue709\src\Core\Gameplay\GAS\Systems\EffectLifetimeSystem.cs(93,308): warning CS8625: 无法将 null 字面量转换为非 null 的引用类型。 [C:\001_AI\LudotsProd_issue709\src\Core\Ludots.Core.csproj]
C:\001_AI\LudotsProd_issue709\src\Core\Gameplay\GAS\Systems\EffectLifetimeSystem.cs(93,362): warning CS8625: 无法将 null 字面量转换为非 null 的引用类型。 [C:\001_AI\LudotsProd_issue709\src\Core\Ludots.Core.csproj]
C:\001_AI\LudotsProd_issue709\src\Core\Gameplay\GAS\Systems\EffectLifetimeSystem.cs(93,419): warning CS8625: 无法将 null 字面量转换为非 null 的引用类型。 [C:\001_AI\LudotsProd_issue709\src\Core\Ludots.Core.csproj]
C:\001_AI\LudotsProd_issue709\src\Core\Gameplay\GAS\Systems\EffectLifetimeSystem.cs(93,461): warning CS8625: 无法将 null 字面量转换为非 null 的引用类型。 [C:\001_AI\LudotsProd_issue709\src\Core\Ludots.Core.csproj]
C:\001_AI\LudotsProd_issue709\src\Core\Gameplay\GAS\Systems\EffectLifetimeSystem.cs(93,537): warning CS8625: 无法将 null 字面量转换为非 null 的引用类型。 [C:\001_AI\LudotsProd_issue709\src\Core\Ludots.Core.csproj]
C:\001_AI\LudotsProd_issue709\src\Core\Gameplay\GAS\Systems\EffectLifetimeSystem.cs(93,559): warning CS8625: 无法将 null 字面量转换为非 null 的引用类型。 [C:\001_AI\LudotsProd_issue709\src\Core\Ludots.Core.csproj]
C:\001_AI\LudotsProd_issue709\src\Core\Gameplay\GAS\Systems\EffectLifetimeSystem.cs(93,599): warning CS8625: 无法将 null 字面量转换为非 null 的引用类型。 [C:\001_AI\LudotsProd_issue709\src\Core\Ludots.Core.csproj]
C:\001_AI\LudotsProd_issue709\src\Core\Gameplay\GAS\Systems\EffectLifetimeSystem.cs(93,660): warning CS8625: 无法将 null 字面量转换为非 null 的引用类型。 [C:\001_AI\LudotsProd_issue709\src\Core\Ludots.Core.csproj]
C:\001_AI\LudotsProd_issue709\src\Core\Gameplay\GAS\Systems\EffectLifetimeSystem.cs(93,704): warning CS8625: 无法将 null 字面量转换为非 null 的引用类型。 [C:\001_AI\LudotsProd_issue709\src\Core\Ludots.Core.csproj]
C:\001_AI\LudotsProd_issue709\src\Core\Gameplay\GAS\Systems\EffectLifetimeSystem.cs(93,748): warning CS8625: 无法将 null 字面量转换为非 null 的引用类型。 [C:\001_AI\LudotsProd_issue709\src\Core\Ludots.Core.csproj]
C:\001_AI\LudotsProd_issue709\src\Core\Gameplay\GAS\Systems\EffectLifetimeSystem.cs(93,817): warning CS8625: 无法将 null 字面量转换为非 null 的引用类型。 [C:\001_AI\LudotsProd_issue709\src\Core\Ludots.Core.csproj]
C:\001_AI\LudotsProd_issue709\src\Core\Gameplay\GAS\Systems\EffectLifetimeSystem.cs(93,871): warning CS8625: 无法将 null 字面量转换为非 null 的引用类型。 [C:\001_AI\LudotsProd_issue709\src\Core\Ludots.Core.csproj]
C:\001_AI\LudotsProd_issue709\src\Core\Gameplay\GAS\Systems\EffectLifetimeSystem.cs(93,933): warning CS8625: 无法将 null 字面量转换为非 null 的引用类型。 [C:\001_AI\LudotsProd_issue709\src\Core\Ludots.Core.csproj]
C:\001_AI\LudotsProd_issue709\src\Core\Presentation\Config\PresentationBehaviorConfigLoader.cs(24,50): warning CS8625: 无法将 null 字面量转换为非 null 的引用类型。 [C:\001_AI\LudotsProd_issue709\src\Core\Ludots.Core.csproj]
C:\001_AI\LudotsProd_issue709\src\Core\Presentation\Config\PresentationBehaviorConfigLoader.cs(24,86): warning CS8625: 无法将 null 字面量转换为非 null 的引用类型。 [C:\001_AI\LudotsProd_issue709\src\Core\Ludots.Core.csproj]
C:\001_AI\LudotsProd_issue709\src\Core\Presentation\Config\PresentationHostAssetConfigLoader.cs(26,69): warning CS8625: 无法将 null 字面量转换为非 null 的引用类型。 [C:\001_AI\LudotsProd_issue709\src\Core\Ludots.Core.csproj]
C:\001_AI\LudotsProd_issue709\src\Core\Presentation\Config\PresentationHostAssetConfigLoader.cs(26,105): warning CS8625: 无法将 null 字面量转换为非 null 的引用类型。 [C:\001_AI\LudotsProd_issue709\src\Core\Ludots.Core.csproj]
C:\001_AI\LudotsProd_issue709\src\Core\Presentation\Config\InstancedBatchAssetConfigLoader.cs(44,50): warning CS8625: 无法将 null 字面量转换为非 null 的引用类型。 [C:\001_AI\LudotsProd_issue709\src\Core\Ludots.Core.csproj]
C:\001_AI\LudotsProd_issue709\src\Core\Presentation\Config\InstancedBatchAssetConfigLoader.cs(44,86): warning CS8625: 无法将 null 字面量转换为非 null 的引用类型。 [C:\001_AI\LudotsProd_issue709\src\Core\Ludots.Core.csproj]
C:\001_AI\LudotsProd_issue709\src\Core\Presentation\Config\PresentationMaterialConfigLoader.cs(21,50): warning CS8625: 无法将 null 字面量转换为非 null 的引用类型。 [C:\001_AI\LudotsProd_issue709\src\Core\Ludots.Core.csproj]
C:\001_AI\LudotsProd_issue709\src\Core\Presentation\Config\PresentationMaterialConfigLoader.cs(21,86): warning CS8625: 无法将 null 字面量转换为非 null 的引用类型。 [C:\001_AI\LudotsProd_issue709\src\Core\Ludots.Core.csproj]
C:\001_AI\LudotsProd_issue709\src\Core\Gameplay\GAS\Systems\EffectProposalProcessingSystem.cs(253,105): warning CS8625: 无法将 null 字面量转换为非 null 的引用类型。 [C:\001_AI\LudotsProd_issue709\src\Core\Ludots.Core.csproj]
C:\001_AI\LudotsProd_issue709\src\Core\Gameplay\GAS\Systems\EffectProposalProcessingSystem.cs(253,146): warning CS8625: 无法将 null 字面量转换为非 null 的引用类型。 [C:\001_AI\LudotsProd_issue709\src\Core\Ludots.Core.csproj]
C:\001_AI\LudotsProd_issue709\src\Core\Gameplay\GAS\Systems\EffectProposalProcessingSystem.cs(253,186): warning CS8625: 无法将 null 字面量转换为非 null 的引用类型。 [C:\001_AI\LudotsProd_issue709\src\Core\Ludots.Core.csproj]
C:\001_AI\LudotsProd_issue709\src\Core\Gameplay\GAS\Systems\EffectProposalProcessingSystem.cs(253,217): warning CS8625: 无法将 null 字面量转换为非 null 的引用类型。 [C:\001_AI\LudotsProd_issue709\src\Core\Ludots.Core.csproj]
C:\001_AI\LudotsProd_issue709\src\Core\Gameplay\GAS\Systems\EffectProposalProcessingSystem.cs(253,264): warning CS8625: 无法将 null 字面量转换为非 null 的引用类型。 [C:\001_AI\LudotsProd_issue709\src\Core\Ludots.Core.csproj]
C:\001_AI\LudotsProd_issue709\src\Core\Gameplay\GAS\Systems\EffectProposalProcessingSystem.cs(253,304): warning CS8625: 无法将 null 字面量转换为非 null 的引用类型。 [C:\001_AI\LudotsProd_issue709\src\Core\Ludots.Core.csproj]
C:\001_AI\LudotsProd_issue709\src\Core\Gameplay\GAS\Systems\EffectProposalProcessingSystem.cs(253,415): warning CS8625: 无法将 null 字面量转换为非 null 的引用类型。 [C:\001_AI\LudotsProd_issue709\src\Core\Ludots.Core.csproj]
C:\001_AI\LudotsProd_issue709\src\Core\Gameplay\GAS\Systems\EffectProposalProcessingSystem.cs(253,457): warning CS8625: 无法将 null 字面量转换为非 null 的引用类型。 [C:\001_AI\LudotsProd_issue709\src\Core\Ludots.Core.csproj]
C:\001_AI\LudotsProd_issue709\src\Core\Gameplay\GAS\Systems\EffectProposalProcessingSystem.cs(253,533): warning CS8625: 无法将 null 字面量转换为非 null 的引用类型。 [C:\001_AI\LudotsProd_issue709\src\Core\Ludots.Core.csproj]
C:\001_AI\LudotsProd_issue709\src\Core\Gameplay\GAS\Systems\EffectProposalProcessingSystem.cs(253,555): warning CS8625: 无法将 null 字面量转换为非 null 的引用类型。 [C:\001_AI\LudotsProd_issue709\src\Core\Ludots.Core.csproj]
C:\001_AI\LudotsProd_issue709\src\Core\Presentation\Config\PresentationTextCatalogLoader.cs(23,69): warning CS8625: 无法将 null 字面量转换为非 null 的引用类型。 [C:\001_AI\LudotsProd_issue709\src\Core\Ludots.Core.csproj]
C:\001_AI\LudotsProd_issue709\src\Core\Presentation\Config\PresentationTextCatalogLoader.cs(23,105): warning CS8625: 无法将 null 字面量转换为非 null 的引用类型。 [C:\001_AI\LudotsProd_issue709\src\Core\Ludots.Core.csproj]
C:\001_AI\LudotsProd_issue709\src\Core\Gameplay\GAS\Systems\TimedTagExpirationSystem.cs(24,84): warning CS8625: 无法将 null 字面量转换为非 null 的引用类型。 [C:\001_AI\LudotsProd_issue709\src\Core\Ludots.Core.csproj]
C:\001_AI\LudotsProd_issue709\src\Core\Presentation\Config\PerformerDefinitionConfigLoader.cs(41,54): warning CS8625: 无法将 null 字面量转换为非 null 的引用类型。 [C:\001_AI\LudotsProd_issue709\src\Core\Ludots.Core.csproj]
C:\001_AI\LudotsProd_issue709\src\Core\Presentation\Config\PerformerDefinitionConfigLoader.cs(42,47): warning CS8625: 无法将 null 字面量转换为非 null 的引用类型。 [C:\001_AI\LudotsProd_issue709\src\Core\Ludots.Core.csproj]
C:\001_AI\LudotsProd_issue709\src\Core\Presentation\Config\PerformerDefinitionConfigLoader.cs(43,52): warning CS8625: 无法将 null 字面量转换为非 null 的引用类型。 [C:\001_AI\LudotsProd_issue709\src\Core\Ludots.Core.csproj]
C:\001_AI\LudotsProd_issue709\src\Core\Presentation\Config\PerformerDefinitionConfigLoader.cs(44,58): warning CS8625: 无法将 null 字面量转换为非 null 的引用类型。 [C:\001_AI\LudotsProd_issue709\src\Core\Ludots.Core.csproj]
C:\001_AI\LudotsProd_issue709\src\Core\Presentation\Config\PerformerDefinitionConfigLoader.cs(45,57): warning CS8625: 无法将 null 字面量转换为非 null 的引用类型。 [C:\001_AI\LudotsProd_issue709\src\Core\Ludots.Core.csproj]
C:\001_AI\LudotsProd_issue709\src\Core\Presentation\Config\PerformerDefinitionConfigLoader.cs(46,51): warning CS8625: 无法将 null 字面量转换为非 null 的引用类型。 [C:\001_AI\LudotsProd_issue709\src\Core\Ludots.Core.csproj]
C:\001_AI\LudotsProd_issue709\src\Core\Presentation\Config\PerformerDefinitionConfigLoader.cs(47,61): warning CS8625: 无法将 null 字面量转换为非 null 的引用类型。 [C:\001_AI\LudotsProd_issue709\src\Core\Ludots.Core.csproj]
C:\001_AI\LudotsProd_issue709\src\Core\Presentation\Config\PerformerDefinitionConfigLoader.cs(48,59): warning CS8625: 无法将 null 字面量转换为非 null 的引用类型。 [C:\001_AI\LudotsProd_issue709\src\Core\Ludots.Core.csproj]
C:\001_AI\LudotsProd_issue709\src\Core\Presentation\Config\PerformerDefinitionConfigLoader.cs(49,67): warning CS8625: 无法将 null 字面量转换为非 null 的引用类型。 [C:\001_AI\LudotsProd_issue709\src\Core\Ludots.Core.csproj]
C:\001_AI\LudotsProd_issue709\src\Core\Presentation\Config\PerformerDefinitionConfigLoader.cs(50,62): warning CS8625: 无法将 null 字面量转换为非 null 的引用类型。 [C:\001_AI\LudotsProd_issue709\src\Core\Ludots.Core.csproj]
C:\001_AI\LudotsProd_issue709\src\Core\Presentation\Config\PerformerDefinitionConfigLoader.cs(51,62): warning CS8625: 无法将 null 字面量转换为非 null 的引用类型。 [C:\001_AI\LudotsProd_issue709\src\Core\Ludots.Core.csproj]
C:\001_AI\LudotsProd_issue709\src\Core\Presentation\Config\PerformerDefinitionConfigLoader.cs(68,50): warning CS8625: 无法将 null 字面量转换为非 null 的引用类型。 [C:\001_AI\LudotsProd_issue709\src\Core\Ludots.Core.csproj]
C:\001_AI\LudotsProd_issue709\src\Core\Presentation\Config\PerformerDefinitionConfigLoader.cs(68,86): warning CS8625: 无法将 null 字面量转换为非 null 的引用类型。 [C:\001_AI\LudotsProd_issue709\src\Core\Ludots.Core.csproj]
C:\001_AI\LudotsProd_issue709\src\Core\Presentation\Systems\PerformerEmitSystem.cs(56,59): warning CS8625: 无法将 null 字面量转换为非 null 的引用类型。 [C:\001_AI\LudotsProd_issue709\src\Core\Ludots.Core.csproj]
C:\001_AI\LudotsProd_issue709\src\Core\Presentation\Systems\PerformerEmitSystem.cs(57,48): warning CS8625: 无法将 null 字面量转换为非 null 的引用类型。 [C:\001_AI\LudotsProd_issue709\src\Core\Ludots.Core.csproj]
C:\001_AI\LudotsProd_issue709\src\Core\Commands\DelegateCommand.cs(12,16): warning CS8618: 在退出构造函数时，不可为 null 的 字段 "_syncAction" 必须包含非 null 值。请考虑添加 "required" 修饰符或将该 字段 声明为可为 null。 [C:\001_AI\LudotsProd_issue709\src\Core\Ludots.Core.csproj]
C:\001_AI\LudotsProd_issue709\src\Core\Commands\DelegateCommand.cs(17,16): warning CS8618: 在退出构造函数时，不可为 null 的 字段 "_asyncAction" 必须包含非 null 值。请考虑添加 "required" 修饰符或将该 字段 声明为可为 null。 [C:\001_AI\LudotsProd_issue709\src\Core\Ludots.Core.csproj]
C:\001_AI\LudotsProd_issue709\src\Core\Collections\PriorityQueue.cs(78,26): warning CS8601: 可能的 null 引用赋值。 [C:\001_AI\LudotsProd_issue709\src\Core\Ludots.Core.csproj]
C:\001_AI\LudotsProd_issue709\src\Core\Commands\ShowUiCommand.cs(11,23): warning CS8618: 在退出构造函数时，不可为 null 的 属性 "Html" 必须包含非 null 值。请考虑添加 "required" 修饰符或将该 属性 声明为可为 null。 [C:\001_AI\LudotsProd_issue709\src\Core\Ludots.Core.csproj]
C:\001_AI\LudotsProd_issue709\src\Core\Commands\ShowUiCommand.cs(12,23): warning CS8618: 在退出构造函数时，不可为 null 的 属性 "Css" 必须包含非 null 值。请考虑添加 "required" 修饰符或将该 属性 声明为可为 null。 [C:\001_AI\LudotsProd_issue709\src\Core\Ludots.Core.csproj]
C:\001_AI\LudotsProd_issue709\src\Core\Commands\LoadMapCommand.cs(10,23): warning CS8618: 在退出构造函数时，不可为 null 的 属性 "MapId" 必须包含非 null 值。请考虑添加 "required" 修饰符或将该 属性 声明为可为 null。 [C:\001_AI\LudotsProd_issue709\src\Core\Ludots.Core.csproj]
C:\001_AI\LudotsProd_issue709\src\Core\Collections\Fix64PriorityQueue.cs(48,26): warning CS8601: 可能的 null 引用赋值。 [C:\001_AI\LudotsProd_issue709\src\Core\Ludots.Core.csproj]
C:\001_AI\LudotsProd_issue709\src\Core\Engine\TimeFlow\TimeFlowService.cs(80,30): warning CS8625: 无法将 null 字面量转换为非 null 的引用类型。 [C:\001_AI\LudotsProd_issue709\src\Core\Ludots.Core.csproj]
C:\001_AI\LudotsProd_issue709\src\Core\Config\ConfigConflictReport.cs(38,68): warning CS8601: 可能的 null 引用赋值。 [C:\001_AI\LudotsProd_issue709\src\Core\Ludots.Core.csproj]
C:\001_AI\LudotsProd_issue709\src\Core\Gameplay\Teams\TeamManager.cs(17,23): warning CS8618: 在退出构造函数时，不可为 null 的 属性 "Attitude" 必须包含非 null 值。请考虑添加 "required" 修饰符或将该 属性 声明为可为 null。 [C:\001_AI\LudotsProd_issue709\src\Core\Ludots.Core.csproj]
C:\001_AI\LudotsProd_issue709\src\Core\Config\ComponentRegistry.cs(65,71): warning CS8625: 无法将 null 字面量转换为非 null 的引用类型。 [C:\001_AI\LudotsProd_issue709\src\Core\Ludots.Core.csproj]
C:\001_AI\LudotsProd_issue709\src\Core\Config\ComponentRegistry.cs(69,53): warning CS8625: 无法将 null 字面量转换为非 null 的引用类型。 [C:\001_AI\LudotsProd_issue709\src\Core\Ludots.Core.csproj]
C:\001_AI\LudotsProd_issue709\src\Core\Config\ComponentRegistry.cs(71,63): warning CS8625: 无法将 null 字面量转换为非 null 的引用类型。 [C:\001_AI\LudotsProd_issue709\src\Core\Ludots.Core.csproj]
C:\001_AI\LudotsProd_issue709\src\Core\Config\ComponentRegistry.cs(72,87): warning CS8625: 无法将 null 字面量转换为非 null 的引用类型。 [C:\001_AI\LudotsProd_issue709\src\Core\Ludots.Core.csproj]
C:\001_AI\LudotsProd_issue709\src\Core\Config\ComponentRegistry.cs(83,53): warning CS8625: 无法将 null 字面量转换为非 null 的引用类型。 [C:\001_AI\LudotsProd_issue709\src\Core\Ludots.Core.csproj]
C:\001_AI\LudotsProd_issue709\src\Core\Config\ComponentRegistry.cs(86,87): warning CS8625: 无法将 null 字面量转换为非 null 的引用类型。 [C:\001_AI\LudotsProd_issue709\src\Core\Ludots.Core.csproj]
C:\001_AI\LudotsProd_issue709\src\Core\Config\ComponentRegistry.cs(95,61): warning CS8625: 无法将 null 字面量转换为非 null 的引用类型。 [C:\001_AI\LudotsProd_issue709\src\Core\Ludots.Core.csproj]
C:\001_AI\LudotsProd_issue709\src\Core\Config\ComponentRegistry.cs(96,49): warning CS8625: 无法将 null 字面量转换为非 null 的引用类型。 [C:\001_AI\LudotsProd_issue709\src\Core\Ludots.Core.csproj]
C:\001_AI\LudotsProd_issue709\src\Core\Config\ComponentRegistry.cs(113,69): warning CS8625: 无法将 null 字面量转换为非 null 的引用类型。 [C:\001_AI\LudotsProd_issue709\src\Core\Ludots.Core.csproj]
C:\001_AI\LudotsProd_issue709\src\Core\Config\ComponentRegistry.cs(114,73): warning CS8625: 无法将 null 字面量转换为非 null 的引用类型。 [C:\001_AI\LudotsProd_issue709\src\Core\Ludots.Core.csproj]
C:\001_AI\LudotsProd_issue709\src\Core\Config\ComponentRegistry.cs(117,81): warning CS8625: 无法将 null 字面量转换为非 null 的引用类型。 [C:\001_AI\LudotsProd_issue709\src\Core\Ludots.Core.csproj]
C:\001_AI\LudotsProd_issue709\src\Core\Config\ComponentRegistry.cs(118,75): warning CS8625: 无法将 null 字面量转换为非 null 的引用类型。 [C:\001_AI\LudotsProd_issue709\src\Core\Ludots.Core.csproj]
C:\001_AI\LudotsProd_issue709\src\Core\Config\ComponentRegistry.cs(119,57): warning CS8625: 无法将 null 字面量转换为非 null 的引用类型。 [C:\001_AI\LudotsProd_issue709\src\Core\Ludots.Core.csproj]
C:\001_AI\LudotsProd_issue709\src\Core\Config\ComponentRegistry.cs(49,16): warning CS8618: 在退出构造函数时，不可为 null 的 字段 "_conflictReport" 必须包含非 null 值。请考虑添加 "required" 修饰符或将该 字段 声明为可为 null。 [C:\001_AI\LudotsProd_issue709\src\Core\Ludots.Core.csproj]
C:\001_AI\LudotsProd_issue709\src\Core\Gameplay\Exchange\ExchangeConfigLoader.cs(50,53): warning CS8604: “ConfigCatalogEntry ConfigPipeline.RequireEntry(ConfigCatalog catalog, string path, ConfigMergePolicy defaultPolicy, string defaultIdField = "id")”中的形参“catalog”可能传入 null 引用实参。 [C:\001_AI\LudotsProd_issue709\src\Core\Ludots.Core.csproj]
C:\001_AI\LudotsProd_issue709\src\Core\Gameplay\Exchange\ExchangeConfigLoader.cs(51,72): warning CS8604: “IReadOnlyList<MergedConfigEntry> ConfigPipeline.MergeArrayByIdFromCatalog(in ConfigCatalogEntry entry, ConfigConflictReport report = null)”中的形参“report”可能传入 null 引用实参。 [C:\001_AI\LudotsProd_issue709\src\Core\Ludots.Core.csproj]
C:\001_AI\LudotsProd_issue709\src\Core\Config\ConfigMerger.cs(92,82): warning CS8625: 无法将 null 字面量转换为非 null 的引用类型。 [C:\001_AI\LudotsProd_issue709\src\Core\Ludots.Core.csproj]
C:\001_AI\LudotsProd_issue709\src\Core\Config\ConfigMerger.cs(109,69): warning CS8604: “List<MergedConfigEntry> ConfigMerger.MergeArrayByIdToEntriesCore(IReadOnlyList<ConfigFragment> fragments, in ConfigCatalogEntry entry, ConfigConflictReport report)”中的形参“report”可能传入 null 引用实参。 [C:\001_AI\LudotsProd_issue709\src\Core\Ludots.Core.csproj]
C:\001_AI\LudotsProd_issue709\src\Core\Gameplay\Exchange\ExchangeConfigLoader.cs(92,53): warning CS8604: “ConfigCatalogEntry ConfigPipeline.RequireEntry(ConfigCatalog catalog, string path, ConfigMergePolicy defaultPolicy, string defaultIdField = "id")”中的形参“catalog”可能传入 null 引用实参。 [C:\001_AI\LudotsProd_issue709\src\Core\Ludots.Core.csproj]
C:\001_AI\LudotsProd_issue709\src\Core\Gameplay\Exchange\ExchangeConfigLoader.cs(93,72): warning CS8604: “IReadOnlyList<MergedConfigEntry> ConfigPipeline.MergeArrayByIdFromCatalog(in ConfigCatalogEntry entry, ConfigConflictReport report = null)”中的形参“report”可能传入 null 引用实参。 [C:\001_AI\LudotsProd_issue709\src\Core\Ludots.Core.csproj]
C:\001_AI\LudotsProd_issue709\src\Core\Config\ConfigPipeline.cs(153,24): warning CS8603: 可能返回 null 引用。 [C:\001_AI\LudotsProd_issue709\src\Core\Ludots.Core.csproj]
C:\001_AI\LudotsProd_issue709\src\Core\Gameplay\Narrative\NarrativeConfigLoader.cs(34,53): warning CS8604: “ConfigCatalogEntry ConfigPipeline.RequireEntry(ConfigCatalog catalog, string path, ConfigMergePolicy defaultPolicy, string defaultIdField = "id")”中的形参“catalog”可能传入 null 引用实参。 [C:\001_AI\LudotsProd_issue709\src\Core\Ludots.Core.csproj]
C:\001_AI\LudotsProd_issue709\src\Core\Gameplay\Narrative\NarrativeConfigLoader.cs(35,72): warning CS8604: “IReadOnlyList<MergedConfigEntry> ConfigPipeline.MergeArrayByIdFromCatalog(in ConfigCatalogEntry entry, ConfigConflictReport report = null)”中的形参“report”可能传入 null 引用实参。 [C:\001_AI\LudotsProd_issue709\src\Core\Ludots.Core.csproj]
C:\001_AI\LudotsProd_issue709\src\Core\Engine\GameContext.cs(24,21): warning CS8603: 可能返回 null 引用。 [C:\001_AI\LudotsProd_issue709\src\Core\Ludots.Core.csproj]
C:\001_AI\LudotsProd_issue709\src\Core\Gameplay\Narrative\NarrativeConfigLoader.cs(48,53): warning CS8604: “ConfigCatalogEntry ConfigPipeline.RequireEntry(ConfigCatalog catalog, string path, ConfigMergePolicy defaultPolicy, string defaultIdField = "id")”中的形参“catalog”可能传入 null 引用实参。 [C:\001_AI\LudotsProd_issue709\src\Core\Ludots.Core.csproj]
C:\001_AI\LudotsProd_issue709\src\Core\Gameplay\Narrative\NarrativeConfigLoader.cs(49,72): warning CS8604: “IReadOnlyList<MergedConfigEntry> ConfigPipeline.MergeArrayByIdFromCatalog(in ConfigCatalogEntry entry, ConfigConflictReport report = null)”中的形参“report”可能传入 null 引用实参。 [C:\001_AI\LudotsProd_issue709\src\Core\Ludots.Core.csproj]
C:\001_AI\LudotsProd_issue709\src\Core\Gameplay\Narrative\NarrativeConfigLoader.cs(62,53): warning CS8604: “ConfigCatalogEntry ConfigPipeline.RequireEntry(ConfigCatalog catalog, string path, ConfigMergePolicy defaultPolicy, string defaultIdField = "id")”中的形参“catalog”可能传入 null 引用实参。 [C:\001_AI\LudotsProd_issue709\src\Core\Ludots.Core.csproj]
C:\001_AI\LudotsProd_issue709\src\Core\Gameplay\Narrative\NarrativeConfigLoader.cs(63,72): warning CS8604: “IReadOnlyList<MergedConfigEntry> ConfigPipeline.MergeArrayByIdFromCatalog(in ConfigCatalogEntry entry, ConfigConflictReport report = null)”中的形参“report”可能传入 null 引用实参。 [C:\001_AI\LudotsProd_issue709\src\Core\Ludots.Core.csproj]
C:\001_AI\LudotsProd_issue709\src\Core\Config\ConfigMerger.cs(195,39): warning CS8600: 将 null 文本或可能的 null 值转换为不可为 null 类型。 [C:\001_AI\LudotsProd_issue709\src\Core\Ludots.Core.csproj]
C:\001_AI\LudotsProd_issue709\src\Core\Input\Systems\LocalPlayerEntityResolverSystem.cs(25,79): warning CS8600: 将 null 文本或可能的 null 值转换为不可为 null 类型。 [C:\001_AI\LudotsProd_issue709\src\Core\Ludots.Core.csproj]
C:\001_AI\LudotsProd_issue709\src\Core\Input\Systems\LocalPlayerEntityResolverSystem.cs(32,84): warning CS8600: 将 null 文本或可能的 null 值转换为不可为 null 类型。 [C:\001_AI\LudotsProd_issue709\src\Core\Ludots.Core.csproj]
C:\001_AI\LudotsProd_issue709\src\Core\Input\Systems\LocalPlayerEntityResolverSystem.cs(59,83): warning CS8600: 将 null 文本或可能的 null 值转换为不可为 null 类型。 [C:\001_AI\LudotsProd_issue709\src\Core\Ludots.Core.csproj]
C:\001_AI\LudotsProd_issue709\src\Core\Hosting\GameBootstrapper.cs(78,35): warning CS8600: 将 null 文本或可能的 null 值转换为不可为 null 类型。 [C:\001_AI\LudotsProd_issue709\src\Core\Ludots.Core.csproj]
C:\001_AI\LudotsProd_issue709\src\Core\Config\ComponentRegistry.cs(387,90): warning CS8625: 无法将 null 字面量转换为非 null 的引用类型。 [C:\001_AI\LudotsProd_issue709\src\Core\Ludots.Core.csproj]
C:\001_AI\LudotsProd_issue709\src\Core\Config\ComponentRegistry.cs(397,66): warning CS8625: 无法将 null 字面量转换为非 null 的引用类型。 [C:\001_AI\LudotsProd_issue709\src\Core\Ludots.Core.csproj]
C:\001_AI\LudotsProd_issue709\src\Core\Gameplay\Narrative\NarrativeDirector.cs(57,16): warning CS8618: 在退出构造函数时，不可为 null 的 字段 "_activeDialogue" 必须包含非 null 值。请考虑添加 "required" 修饰符或将该 字段 声明为可为 null。 [C:\001_AI\LudotsProd_issue709\src\Core\Ludots.Core.csproj]
C:\001_AI\LudotsProd_issue709\src\Core\Gameplay\Narrative\NarrativeDirector.cs(57,16): warning CS8618: 在退出构造函数时，不可为 null 的 字段 "_activeCinematic" 必须包含非 null 值。请考虑添加 "required" 修饰符或将该 字段 声明为可为 null。 [C:\001_AI\LudotsProd_issue709\src\Core\Ludots.Core.csproj]
C:\001_AI\LudotsProd_issue709\src\Core\Gameplay\Narrative\NarrativeDirector.cs(79,31): warning CS8625: 无法将 null 字面量转换为非 null 的引用类型。 [C:\001_AI\LudotsProd_issue709\src\Core\Ludots.Core.csproj]
C:\001_AI\LudotsProd_issue709\src\Core\Gameplay\Narrative\NarrativeDirector.cs(80,32): warning CS8625: 无法将 null 字面量转换为非 null 的引用类型。 [C:\001_AI\LudotsProd_issue709\src\Core\Ludots.Core.csproj]
C:\001_AI\LudotsProd_issue709\src\Core\Gameplay\Items\ItemConfigLoader.cs(40,53): warning CS8604: “ConfigCatalogEntry ConfigPipeline.RequireEntry(ConfigCatalog catalog, string path, ConfigMergePolicy defaultPolicy, string defaultIdField = "id")”中的形参“catalog”可能传入 null 引用实参。 [C:\001_AI\LudotsProd_issue709\src\Core\Ludots.Core.csproj]
C:\001_AI\LudotsProd_issue709\src\Core\Gameplay\Items\ItemConfigLoader.cs(41,72): warning CS8604: “IReadOnlyList<MergedConfigEntry> ConfigPipeline.MergeArrayByIdFromCatalog(in ConfigCatalogEntry entry, ConfigConflictReport report = null)”中的形参“report”可能传入 null 引用实参。 [C:\001_AI\LudotsProd_issue709\src\Core\Ludots.Core.csproj]
C:\001_AI\LudotsProd_issue709\src\Core\Config\TemplateEntityBatchSpawner.cs(637,76): warning CS8600: 将 null 文本或可能的 null 值转换为不可为 null 类型。 [C:\001_AI\LudotsProd_issue709\src\Core\Ludots.Core.csproj]
C:\001_AI\LudotsProd_issue709\src\Core\Config\TemplateEntityBatchSpawner.cs(643,76): warning CS8600: 将 null 文本或可能的 null 值转换为不可为 null 类型。 [C:\001_AI\LudotsProd_issue709\src\Core\Ludots.Core.csproj]
C:\001_AI\LudotsProd_issue709\src\Core\Map\WorldMap.cs(26,16): warning CS8618: 在退出构造函数时，不可为 null 的 字段 "_tiles" 必须包含非 null 值。请考虑添加 "required" 修饰符或将该 字段 声明为可为 null。 [C:\001_AI\LudotsProd_issue709\src\Core\Ludots.Core.csproj]
C:\001_AI\LudotsProd_issue709\src\Core\Gameplay\Teams\ParticipantBindingResolver.cs(205,80): warning CS8600: 将 null 文本或可能的 null 值转换为不可为 null 类型。 [C:\001_AI\LudotsProd_issue709\src\Core\Ludots.Core.csproj]
C:\001_AI\LudotsProd_issue709\src\Core\Gameplay\Teams\ParticipantBindingResolver.cs(215,82): warning CS8600: 将 null 文本或可能的 null 值转换为不可为 null 类型。 [C:\001_AI\LudotsProd_issue709\src\Core\Ludots.Core.csproj]
C:\001_AI\LudotsProd_issue709\src\Core\Gameplay\Teams\ParticipantBindingResolver.cs(231,80): warning CS8600: 将 null 文本或可能的 null 值转换为不可为 null 类型。 [C:\001_AI\LudotsProd_issue709\src\Core\Ludots.Core.csproj]
C:\001_AI\LudotsProd_issue709\src\Core\Gameplay\Teams\ParticipantBindingResolver.cs(243,82): warning CS8600: 将 null 文本或可能的 null 值转换为不可为 null 类型。 [C:\001_AI\LudotsProd_issue709\src\Core\Ludots.Core.csproj]
C:\001_AI\LudotsProd_issue709\src\Core\Map\WorldMap.cs(43,24): warning CS8603: 可能返回 null 引用。 [C:\001_AI\LudotsProd_issue709\src\Core\Ludots.Core.csproj]
C:\001_AI\LudotsProd_issue709\src\Core\Gameplay\Items\ItemConfigLoader.cs(77,53): warning CS8604: “ConfigCatalogEntry ConfigPipeline.RequireEntry(ConfigCatalog catalog, string path, ConfigMergePolicy defaultPolicy, string defaultIdField = "id")”中的形参“catalog”可能传入 null 引用实参。 [C:\001_AI\LudotsProd_issue709\src\Core\Ludots.Core.csproj]
C:\001_AI\LudotsProd_issue709\src\Core\Gameplay\Items\ItemConfigLoader.cs(78,72): warning CS8604: “IReadOnlyList<MergedConfigEntry> ConfigPipeline.MergeArrayByIdFromCatalog(in ConfigCatalogEntry entry, ConfigConflictReport report = null)”中的形参“report”可能传入 null 引用实参。 [C:\001_AI\LudotsProd_issue709\src\Core\Ludots.Core.csproj]
C:\001_AI\LudotsProd_issue709\src\Core\Gameplay\Narrative\NarrativeDirector.cs(132,50): warning CS8600: 将 null 文本或可能的 null 值转换为不可为 null 类型。 [C:\001_AI\LudotsProd_issue709\src\Core\Ludots.Core.csproj]
C:\001_AI\LudotsProd_issue709\src\Core\Gameplay\Narrative\NarrativeDirector.cs(141,52): warning CS8600: 将 null 文本或可能的 null 值转换为不可为 null 类型。 [C:\001_AI\LudotsProd_issue709\src\Core\Ludots.Core.csproj]
C:\001_AI\LudotsProd_issue709\src\Core\Gameplay\Narrative\NarrativeDirector.cs(154,17): warning CS8604: “NarrativeDirectorSnapshot.NarrativeDirectorSnapshot(IReadOnlyDictionary<string, NarrativeValue> Variables, IReadOnlyList<NarrativeEntityBindingSnapshot> Bindings, NarrativeDialogueSnapshot ActiveDialogue, NarrativeCinematicSnapshot ActiveCinematic)”中的形参“ActiveDialogue”可能传入 null 引用实参。 [C:\001_AI\LudotsProd_issue709\src\Core\Ludots.Core.csproj]
C:\001_AI\LudotsProd_issue709\src\Core\Gameplay\Narrative\NarrativeDirector.cs(155,17): warning CS8604: “NarrativeDirectorSnapshot.NarrativeDirectorSnapshot(IReadOnlyDictionary<string, NarrativeValue> Variables, IReadOnlyList<NarrativeEntityBindingSnapshot> Bindings, NarrativeDialogueSnapshot ActiveDialogue, NarrativeCinematicSnapshot ActiveCinematic)”中的形参“ActiveCinematic”可能传入 null 引用实参。 [C:\001_AI\LudotsProd_issue709\src\Core\Ludots.Core.csproj]
C:\001_AI\LudotsProd_issue709\src\Core\Map\Board\HexGridBoard.cs(31,16): warning CS8618: 在退出构造函数时，不可为 null 的 属性 "VertexMap" 必须包含非 null 值。请考虑添加 "required" 修饰符或将该 属性 声明为可为 null。 [C:\001_AI\LudotsProd_issue709\src\Core\Ludots.Core.csproj]
C:\001_AI\LudotsProd_issue709\src\Core\Map\Board\HexGridBoard.cs(31,16): warning CS8618: 在退出构造函数时，不可为 null 的 属性 "LogicTerrain" 必须包含非 null 值。请考虑添加 "required" 修饰符或将该 属性 声明为可为 null。 [C:\001_AI\LudotsProd_issue709\src\Core\Ludots.Core.csproj]
C:\001_AI\LudotsProd_issue709\src\Core\Map\Board\HexGridBoard.cs(31,16): warning CS8618: 在退出构造函数时，不可为 null 的 属性 "NavServices" 必须包含非 null 值。请考虑添加 "required" 修饰符或将该 属性 声明为可为 null。 [C:\001_AI\LudotsProd_issue709\src\Core\Ludots.Core.csproj]
C:\001_AI\LudotsProd_issue709\src\Core\Map\Board\GridBoard.cs(31,16): warning CS8618: 在退出构造函数时，不可为 null 的 属性 "VertexMap" 必须包含非 null 值。请考虑添加 "required" 修饰符或将该 属性 声明为可为 null。 [C:\001_AI\LudotsProd_issue709\src\Core\Ludots.Core.csproj]
C:\001_AI\LudotsProd_issue709\src\Core\Map\Board\GridBoard.cs(31,16): warning CS8618: 在退出构造函数时，不可为 null 的 属性 "LogicTerrain" 必须包含非 null 值。请考虑添加 "required" 修饰符或将该 属性 声明为可为 null。 [C:\001_AI\LudotsProd_issue709\src\Core\Ludots.Core.csproj]
C:\001_AI\LudotsProd_issue709\src\Core\Map\Board\GridBoard.cs(31,16): warning CS8618: 在退出构造函数时，不可为 null 的 属性 "NavServices" 必须包含非 null 值。请考虑添加 "required" 修饰符或将该 属性 声明为可为 null。 [C:\001_AI\LudotsProd_issue709\src\Core\Ludots.Core.csproj]
C:\001_AI\LudotsProd_issue709\src\Core\Gameplay\GAS\TagOps.cs(19,63): warning CS8625: 无法将 null 字面量转换为非 null 的引用类型。 [C:\001_AI\LudotsProd_issue709\src\Core\Ludots.Core.csproj]
C:\001_AI\LudotsProd_issue709\src\Core\Config\TemplateEntityBatchSpawner.cs(951,64): warning CS8600: 将 null 文本或可能的 null 值转换为不可为 null 类型。 [C:\001_AI\LudotsProd_issue709\src\Core\Ludots.Core.csproj]
C:\001_AI\LudotsProd_issue709\src\Core\Map\Board\BoardIdRegistry.cs(39,24): warning CS8603: 可能返回 null 引用。 [C:\001_AI\LudotsProd_issue709\src\Core\Ludots.Core.csproj]
C:\001_AI\LudotsProd_issue709\src\Core\Config\TemplateEntityBatchSpawner.cs(987,56): warning CS8600: 将 null 文本或可能的 null 值转换为不可为 null 类型。 [C:\001_AI\LudotsProd_issue709\src\Core\Ludots.Core.csproj]
C:\001_AI\LudotsProd_issue709\src\Core\Config\TemplateEntityBatchSpawner.cs(997,57): warning CS8600: 将 null 文本或可能的 null 值转换为不可为 null 类型。 [C:\001_AI\LudotsProd_issue709\src\Core\Ludots.Core.csproj]
C:\001_AI\LudotsProd_issue709\src\Core\Gameplay\Narrative\NarrativeDirector.cs(170,31): warning CS8625: 无法将 null 字面量转换为非 null 的引用类型。 [C:\001_AI\LudotsProd_issue709\src\Core\Ludots.Core.csproj]
C:\001_AI\LudotsProd_issue709\src\Core\Gameplay\Narrative\NarrativeDirector.cs(179,56): warning CS8600: 将 null 文本或可能的 null 值转换为不可为 null 类型。 [C:\001_AI\LudotsProd_issue709\src\Core\Ludots.Core.csproj]
C:\001_AI\LudotsProd_issue709\src\Core\Gameplay\Narrative\NarrativeDirector.cs(195,32): warning CS8625: 无法将 null 字面量转换为非 null 的引用类型。 [C:\001_AI\LudotsProd_issue709\src\Core\Ludots.Core.csproj]
C:\001_AI\LudotsProd_issue709\src\Core\Gameplay\Items\ItemConfigLoader.cs(120,53): warning CS8604: “ConfigCatalogEntry ConfigPipeline.RequireEntry(ConfigCatalog catalog, string path, ConfigMergePolicy defaultPolicy, string defaultIdField = "id")”中的形参“catalog”可能传入 null 引用实参。 [C:\001_AI\LudotsProd_issue709\src\Core\Ludots.Core.csproj]
C:\001_AI\LudotsProd_issue709\src\Core\Gameplay\Items\ItemConfigLoader.cs(121,72): warning CS8604: “IReadOnlyList<MergedConfigEntry> ConfigPipeline.MergeArrayByIdFromCatalog(in ConfigCatalogEntry entry, ConfigConflictReport report = null)”中的形参“report”可能传入 null 引用实参。 [C:\001_AI\LudotsProd_issue709\src\Core\Ludots.Core.csproj]
C:\001_AI\LudotsProd_issue709\src\Core\Map\MapSessionManager.cs(30,52): warning CS8603: 可能返回 null 引用。 [C:\001_AI\LudotsProd_issue709\src\Core\Ludots.Core.csproj]
C:\001_AI\LudotsProd_issue709\src\Core\Map\MapSessionManager.cs(32,24): warning CS8603: 可能返回 null 引用。 [C:\001_AI\LudotsProd_issue709\src\Core\Ludots.Core.csproj]
C:\001_AI\LudotsProd_issue709\src\Core\Map\Board\BoardConfig.cs(33,23): warning CS8618: 在退出构造函数时，不可为 null 的 属性 "DataFile" 必须包含非 null 值。请考虑添加 "required" 修饰符或将该 属性 声明为可为 null。 [C:\001_AI\LudotsProd_issue709\src\Core\Ludots.Core.csproj]
C:\001_AI\LudotsProd_issue709\src\Core\Map\Board\BoardConfig.cs(35,23): warning CS8618: 在退出构造函数时，不可为 null 的 属性 "VisualHeightmapAsset" 必须包含非 null 值。请考虑添加 "required" 修饰符或将该 属性 声明为可为 null。 [C:\001_AI\LudotsProd_issue709\src\Core\Ludots.Core.csproj]
C:\001_AI\LudotsProd_issue709\src\Core\Gameplay\AI\Utility\UtilityAiRuntimeEvaluator.cs(719,21): warning CS8604: “bool AbilityActivationPreconditionEvaluator.Evaluate(World world, Entity caster, Entity explicitTarget, IntVector2 targetPosCm, int abilityId, in AbilityActivationPrecondition precondition, GraphProgramRegistry graphPrograms, IGraphRuntimeApi graphApi)”中的形参“graphPrograms”可能传入 null 引用实参。 [C:\001_AI\LudotsProd_issue709\src\Core\Ludots.Core.csproj]
C:\001_AI\LudotsProd_issue709\src\Core\Gameplay\AI\Utility\UtilityAiRuntimeEvaluator.cs(720,21): warning CS8604: “bool AbilityActivationPreconditionEvaluator.Evaluate(World world, Entity caster, Entity explicitTarget, IntVector2 targetPosCm, int abilityId, in AbilityActivationPrecondition precondition, GraphProgramRegistry graphPrograms, IGraphRuntimeApi graphApi)”中的形参“graphApi”可能传入 null 引用实参。 [C:\001_AI\LudotsProd_issue709\src\Core\Ludots.Core.csproj]
C:\001_AI\LudotsProd_issue709\src\Core\Modding\DependencyResolver.cs(11,32): warning CS8618: 在退出构造函数时，不可为 null 的 属性 "Manifest" 必须包含非 null 值。请考虑添加 "required" 修饰符或将该 属性 声明为可为 null。 [C:\001_AI\LudotsProd_issue709\src\Core\Ludots.Core.csproj]
C:\001_AI\LudotsProd_issue709\src\Core\Gameplay\Narrative\NarrativeDirector.cs(272,35): warning CS8625: 无法将 null 字面量转换为非 null 的引用类型。 [C:\001_AI\LudotsProd_issue709\src\Core\Ludots.Core.csproj]
C:\001_AI\LudotsProd_issue709\src\Core\Config\ComponentRegistry.cs(738,63): warning CS8600: 将 null 文本或可能的 null 值转换为不可为 null 类型。 [C:\001_AI\LudotsProd_issue709\src\Core\Ludots.Core.csproj]
C:\001_AI\LudotsProd_issue709\src\Core\Config\ComponentRegistry.cs(740,57): warning CS8604: “string ComponentRegistry.ReadStringNode(JsonNode node, string context)”中的形参“node”可能传入 null 引用实参。 [C:\001_AI\LudotsProd_issue709\src\Core\Ludots.Core.csproj]
C:\001_AI\LudotsProd_issue709\src\Core\Config\ComponentRegistry.cs(744,64): warning CS8600: 将 null 文本或可能的 null 值转换为不可为 null 类型。 [C:\001_AI\LudotsProd_issue709\src\Core\Ludots.Core.csproj]
C:\001_AI\LudotsProd_issue709\src\Core\Config\ComponentRegistry.cs(746,57): warning CS8604: “string ComponentRegistry.ReadStringNode(JsonNode node, string context)”中的形参“node”可能传入 null 引用实参。 [C:\001_AI\LudotsProd_issue709\src\Core\Ludots.Core.csproj]
C:\001_AI\LudotsProd_issue709\src\Core\Gameplay\Narrative\NarrativeDirector.cs(298,35): warning CS8625: 无法将 null 字面量转换为非 null 的引用类型。 [C:\001_AI\LudotsProd_issue709\src\Core\Ludots.Core.csproj]
C:\001_AI\LudotsProd_issue709\src\Core\Map\MapSessionManager.cs(140,20): warning CS8603: 可能返回 null 引用。 [C:\001_AI\LudotsProd_issue709\src\Core\Ludots.Core.csproj]
C:\001_AI\LudotsProd_issue709\src\Core\Config\TemplateEntityBatchSpawner.cs(1128,68): warning CS8600: 将 null 文本或可能的 null 值转换为不可为 null 类型。 [C:\001_AI\LudotsProd_issue709\src\Core\Ludots.Core.csproj]
C:\001_AI\LudotsProd_issue709\src\Core\Config\TemplateEntityBatchSpawner.cs(1139,38): warning CS8600: 将 null 文本或可能的 null 值转换为不可为 null 类型。 [C:\001_AI\LudotsProd_issue709\src\Core\Ludots.Core.csproj]
C:\001_AI\LudotsProd_issue709\src\Core\Config\TemplateEntityBatchSpawner.cs(1140,57): warning CS8600: 将 null 文本或可能的 null 值转换为不可为 null 类型。 [C:\001_AI\LudotsProd_issue709\src\Core\Ludots.Core.csproj]
C:\001_AI\LudotsProd_issue709\src\Core\Config\TemplateEntityBatchSpawner.cs(1150,41): warning CS8600: 将 null 文本或可能的 null 值转换为不可为 null 类型。 [C:\001_AI\LudotsProd_issue709\src\Core\Ludots.Core.csproj]
C:\001_AI\LudotsProd_issue709\src\Core\Config\TemplateEntityBatchSpawner.cs(1151,60): warning CS8600: 将 null 文本或可能的 null 值转换为不可为 null 类型。 [C:\001_AI\LudotsProd_issue709\src\Core\Ludots.Core.csproj]
C:\001_AI\LudotsProd_issue709\src\Core\Config\EntityBuilder.cs(20,16): warning CS8618: 在退出构造函数时，不可为 null 的 字段 "_activeTemplate" 必须包含非 null 值。请考虑添加 "required" 修饰符或将该 字段 声明为可为 null。 [C:\001_AI\LudotsProd_issue709\src\Core\Ludots.Core.csproj]
C:\001_AI\LudotsProd_issue709\src\Core\Config\EntityBuilder.cs(20,16): warning CS8618: 在退出构造函数时，不可为 null 的 字段 "_activeTemplateId" 必须包含非 null 值。请考虑添加 "required" 修饰符或将该 字段 声明为可为 null。 [C:\001_AI\LudotsProd_issue709\src\Core\Ludots.Core.csproj]
C:\001_AI\LudotsProd_issue709\src\Core\Config\EntityBuilder.cs(20,16): warning CS8618: 在退出构造函数时，不可为 null 的 字段 "_activeEntityContext" 必须包含非 null 值。请考虑添加 "required" 修饰符或将该 字段 声明为可为 null。 [C:\001_AI\LudotsProd_issue709\src\Core\Ludots.Core.csproj]
C:\001_AI\LudotsProd_issue709\src\Core\Map\MapSessionManager.cs(170,55): warning CS8600: 将 null 文本或可能的 null 值转换为不可为 null 类型。 [C:\001_AI\LudotsProd_issue709\src\Core\Ludots.Core.csproj]
C:\001_AI\LudotsProd_issue709\src\Core\Config\EntityBuilder.cs(32,16): warning CS8618: 在退出构造函数时，不可为 null 的 字段 "_templateSources" 必须包含非 null 值。请考虑添加 "required" 修饰符或将该 字段 声明为可为 null。 [C:\001_AI\LudotsProd_issue709\src\Core\Ludots.Core.csproj]
C:\001_AI\LudotsProd_issue709\src\Core\Config\EntityBuilder.cs(32,16): warning CS8618: 在退出构造函数时，不可为 null 的 字段 "_activeTemplate" 必须包含非 null 值。请考虑添加 "required" 修饰符或将该 字段 声明为可为 null。 [C:\001_AI\LudotsProd_issue709\src\Core\Ludots.Core.csproj]
C:\001_AI\LudotsProd_issue709\src\Core\Config\EntityBuilder.cs(32,16): warning CS8618: 在退出构造函数时，不可为 null 的 字段 "_activeTemplateId" 必须包含非 null 值。请考虑添加 "required" 修饰符或将该 字段 声明为可为 null。 [C:\001_AI\LudotsProd_issue709\src\Core\Ludots.Core.csproj]
C:\001_AI\LudotsProd_issue709\src\Core\Config\EntityBuilder.cs(32,16): warning CS8618: 在退出构造函数时，不可为 null 的 字段 "_activeEntityContext" 必须包含非 null 值。请考虑添加 "required" 修饰符或将该 字段 声明为可为 null。 [C:\001_AI\LudotsProd_issue709\src\Core\Ludots.Core.csproj]
C:\001_AI\LudotsProd_issue709\src\Core\Engine\GameTask.cs(126,27): warning CS8618: 在退出构造函数时，不可为 null 的 字段 "Predicate" 必须包含非 null 值。请考虑添加 "required" 修饰符或将该 字段 声明为可为 null。 [C:\001_AI\LudotsProd_issue709\src\Core\Ludots.Core.csproj]
C:\001_AI\LudotsProd_issue709\src\Core\Engine\GameTask.cs(127,43): warning CS8618: 在退出构造函数时，不可为 null 的 字段 "Tcs" 必须包含非 null 值。请考虑添加 "required" 修饰符或将该 字段 声明为可为 null。 [C:\001_AI\LudotsProd_issue709\src\Core\Ludots.Core.csproj]
C:\001_AI\LudotsProd_issue709\src\Core\Engine\GameTask.cs(121,43): warning CS8618: 在退出构造函数时，不可为 null 的 字段 "Tcs" 必须包含非 null 值。请考虑添加 "required" 修饰符或将该 字段 声明为可为 null。 [C:\001_AI\LudotsProd_issue709\src\Core\Ludots.Core.csproj]
C:\001_AI\LudotsProd_issue709\src\Core\Engine\GameTask.cs(116,43): warning CS8618: 在退出构造函数时，不可为 null 的 字段 "Tcs" 必须包含非 null 值。请考虑添加 "required" 修饰符或将该 字段 声明为可为 null。 [C:\001_AI\LudotsProd_issue709\src\Core\Ludots.Core.csproj]
C:\001_AI\LudotsProd_issue709\src\Core\Config\EntityTemplate.cs(10,23): warning CS8618: 在退出构造函数时，不可为 null 的 属性 "Id" 必须包含非 null 值。请考虑添加 "required" 修饰符或将该 属性 声明为可为 null。 [C:\001_AI\LudotsProd_issue709\src\Core\Ludots.Core.csproj]
C:\001_AI\LudotsProd_issue709\src\Core\Config\EntityTemplate.cs(13,23): warning CS8618: 在退出构造函数时，不可为 null 的 属性 "OnSpawnEffect" 必须包含非 null 值。请考虑添加 "required" 修饰符或将该 属性 声明为可为 null。 [C:\001_AI\LudotsProd_issue709\src\Core\Ludots.Core.csproj]
C:\001_AI\LudotsProd_issue709\src\Core\Config\DataRegistry.cs(71,20): warning CS8603: 可能返回 null 引用。 [C:\001_AI\LudotsProd_issue709\src\Core\Ludots.Core.csproj]
C:\001_AI\LudotsProd_issue709\src\Core\Config\EntityBuilder.cs(105,31): warning CS8625: 无法将 null 字面量转换为非 null 的引用类型。 [C:\001_AI\LudotsProd_issue709\src\Core\Ludots.Core.csproj]
C:\001_AI\LudotsProd_issue709\src\Core\Config\EntityBuilder.cs(106,33): warning CS8625: 无法将 null 字面量转换为非 null 的引用类型。 [C:\001_AI\LudotsProd_issue709\src\Core\Ludots.Core.csproj]
C:\001_AI\LudotsProd_issue709\src\Core\Config\EntityBuilder.cs(107,36): warning CS8625: 无法将 null 字面量转换为非 null 的引用类型。 [C:\001_AI\LudotsProd_issue709\src\Core\Ludots.Core.csproj]
C:\001_AI\LudotsProd_issue709\src\Core\Map\Hex\VertexMap.cs(49,33): warning CS8625: 无法将 null 字面量转换为非 null 的引用类型。 [C:\001_AI\LudotsProd_issue709\src\Core\Ludots.Core.csproj]
C:\001_AI\LudotsProd_issue709\src\Core\Map\Hex\VertexMap.cs(59,30): warning CS8625: 无法将 null 字面量转换为非 null 的引用类型。 [C:\001_AI\LudotsProd_issue709\src\Core\Ludots.Core.csproj]
C:\001_AI\LudotsProd_issue709\src\Core\Map\MapSession.cs(60,20): warning CS8603: 可能返回 null 引用。 [C:\001_AI\LudotsProd_issue709\src\Core\Ludots.Core.csproj]
C:\001_AI\LudotsProd_issue709\src\Core\Config\GameConfig.cs(24,23): warning CS8618: 在退出构造函数时，不可为 null 的 属性 "DefaultCoreMod" 必须包含非 null 值。请考虑添加 "required" 修饰符或将该 属性 声明为可为 null。 [C:\001_AI\LudotsProd_issue709\src\Core\Ludots.Core.csproj]
C:\001_AI\LudotsProd_issue709\src\Core\Config\GameConfig.cs(29,23): warning CS8618: 在退出构造函数时，不可为 null 的 属性 "StartupMapId" 必须包含非 null 值。请考虑添加 "required" 修饰符或将该 属性 声明为可为 null。 [C:\001_AI\LudotsProd_issue709\src\Core\Ludots.Core.csproj]
C:\001_AI\LudotsProd_issue709\src\Core\Map\MapSession.cs(65,20): warning CS8603: 可能返回 null 引用。 [C:\001_AI\LudotsProd_issue709\src\Core\Ludots.Core.csproj]
C:\001_AI\LudotsProd_issue709\src\Core\Map\MapSession.cs(77,24): warning CS8603: 可能返回 null 引用。 [C:\001_AI\LudotsProd_issue709\src\Core\Ludots.Core.csproj]
C:\001_AI\LudotsProd_issue709\src\Core\Map\Hex\VertexMap.cs(81,55): warning CS8603: 可能返回 null 引用。 [C:\001_AI\LudotsProd_issue709\src\Core\Ludots.Core.csproj]
C:\001_AI\LudotsProd_issue709\src\Core\Map\Hex\VertexMap.cs(106,20): warning CS8603: 可能返回 null 引用。 [C:\001_AI\LudotsProd_issue709\src\Core\Ludots.Core.csproj]
C:\001_AI\LudotsProd_issue709\src\Core\Config\EntityBuilder.cs(141,102): warning CS8600: 将 null 文本或可能的 null 值转换为不可为 null 类型。 [C:\001_AI\LudotsProd_issue709\src\Core\Ludots.Core.csproj]
C:\001_AI\LudotsProd_issue709\src\Core\Input\Config\InputConfigModels.cs(67,23): warning CS8618: 在退出构造函数时，不可为 null 的 属性 "Name" 必须包含非 null 值。请考虑添加 "required" 修饰符或将该 属性 声明为可为 null。 [C:\001_AI\LudotsProd_issue709\src\Core\Ludots.Core.csproj]
C:\001_AI\LudotsProd_issue709\src\Core\Input\Config\InputConfigModels.cs(49,23): warning CS8618: 在退出构造函数时，不可为 null 的 属性 "ActionId" 必须包含非 null 值。请考虑添加 "required" 修饰符或将该 属性 声明为可为 null。 [C:\001_AI\LudotsProd_issue709\src\Core\Ludots.Core.csproj]
C:\001_AI\LudotsProd_issue709\src\Core\Input\Config\InputConfigModels.cs(50,23): warning CS8618: 在退出构造函数时，不可为 null 的 属性 "Path" 必须包含非 null 值。请考虑添加 "required" 修饰符或将该 属性 声明为可为 null。 [C:\001_AI\LudotsProd_issue709\src\Core\Ludots.Core.csproj]
C:\001_AI\LudotsProd_issue709\src\Core\Input\Config\InputConfigModels.cs(53,23): warning CS8618: 在退出构造函数时，不可为 null 的 属性 "CompositeType" 必须包含非 null 值。请考虑添加 "required" 修饰符或将该 属性 声明为可为 null。 [C:\001_AI\LudotsProd_issue709\src\Core\Ludots.Core.csproj]
C:\001_AI\LudotsProd_issue709\src\Core\Input\Config\InputConfigModels.cs(54,38): warning CS8618: 在退出构造函数时，不可为 null 的 属性 "CompositeParts" 必须包含非 null 值。请考虑添加 "required" 修饰符或将该 属性 声明为可为 null。 [C:\001_AI\LudotsProd_issue709\src\Core\Ludots.Core.csproj]
C:\001_AI\LudotsProd_issue709\src\Core\Config\MapConfig.cs(99,23): warning CS8618: 在退出构造函数时，不可为 null 的 属性 "RepresentativeInstanceId" 必须包含非 null 值。请考虑添加 "required" 修饰符或将该 属性 声明为可为 null。 [C:\001_AI\LudotsProd_issue709\src\Core\Ludots.Core.csproj]
C:\001_AI\LudotsProd_issue709\src\Core\Input\Config\InputConfigModels.cs(40,23): warning CS8618: 在退出构造函数时，不可为 null 的 属性 "Type" 必须包含非 null 值。请考虑添加 "required" 修饰符或将该 属性 声明为可为 null。 [C:\001_AI\LudotsProd_issue709\src\Core\Ludots.Core.csproj]
C:\001_AI\LudotsProd_issue709\src\Core\Input\Config\InputConfigModels.cs(31,23): warning CS8618: 在退出构造函数时，不可为 null 的 属性 "Name" 必须包含非 null 值。请考虑添加 "required" 修饰符或将该 属性 声明为可为 null。 [C:\001_AI\LudotsProd_issue709\src\Core\Ludots.Core.csproj]
C:\001_AI\LudotsProd_issue709\src\Core\Modding\ModManifestJson.cs(60,24): warning CS8601: 可能的 null 引用赋值。 [C:\001_AI\LudotsProd_issue709\src\Core\Ludots.Core.csproj]
C:\001_AI\LudotsProd_issue709\src\Core\Modding\ModManifestJson.cs(61,27): warning CS8601: 可能的 null 引用赋值。 [C:\001_AI\LudotsProd_issue709\src\Core\Ludots.Core.csproj]
C:\001_AI\LudotsProd_issue709\src\Core\Modding\ModManifestJson.cs(66,40): warning CS8601: 可能的 null 引用赋值。 [C:\001_AI\LudotsProd_issue709\src\Core\Ludots.Core.csproj]
C:\001_AI\LudotsProd_issue709\src\Core\Modding\ModManifestJson.cs(71,33): warning CS8601: 可能的 null 引用赋值。 [C:\001_AI\LudotsProd_issue709\src\Core\Ludots.Core.csproj]
C:\001_AI\LudotsProd_issue709\src\Core\Modding\ModManifestJson.cs(103,35): warning CS8601: 可能的 null 引用赋值。 [C:\001_AI\LudotsProd_issue709\src\Core\Ludots.Core.csproj]
C:\001_AI\LudotsProd_issue709\src\Core\Modding\ModManifestJson.cs(108,32): warning CS8601: 可能的 null 引用赋值。 [C:\001_AI\LudotsProd_issue709\src\Core\Ludots.Core.csproj]
C:\001_AI\LudotsProd_issue709\src\Core\Modding\ModManifestJson.cs(113,38): warning CS8601: 可能的 null 引用赋值。 [C:\001_AI\LudotsProd_issue709\src\Core\Ludots.Core.csproj]
C:\001_AI\LudotsProd_issue709\src\Core\Modding\ModManifestJson.cs(130,39): warning CS8604: “void List<string>.Add(string item)”中的形参“item”可能传入 null 引用实参。 [C:\001_AI\LudotsProd_issue709\src\Core\Ludots.Core.csproj]
C:\001_AI\LudotsProd_issue709\src\Core\Input\Config\InputConfigModels.cs(21,23): warning CS8618: 在退出构造函数时，不可为 null 的 属性 "Name" 必须包含非 null 值。请考虑添加 "required" 修饰符或将该 属性 声明为可为 null。 [C:\001_AI\LudotsProd_issue709\src\Core\Ludots.Core.csproj]
C:\001_AI\LudotsProd_issue709\src\Core\Config\MapConfig.cs(92,23): warning CS8618: 在退出构造函数时，不可为 null 的 属性 "RepresentativeInstanceId" 必须包含非 null 值。请考虑添加 "required" 修饰符或将该 属性 声明为可为 null。 [C:\001_AI\LudotsProd_issue709\src\Core\Ludots.Core.csproj]
C:\001_AI\LudotsProd_issue709\src\Core\Config\MapConfig.cs(82,23): warning CS8618: 在退出构造函数时，不可为 null 的 属性 "InstanceId" 必须包含非 null 值。请考虑添加 "required" 修饰符或将该 属性 声明为可为 null。 [C:\001_AI\LudotsProd_issue709\src\Core\Ludots.Core.csproj]
C:\001_AI\LudotsProd_issue709\src\Core\Config\MapConfig.cs(83,23): warning CS8618: 在退出构造函数时，不可为 null 的 属性 "Template" 必须包含非 null 值。请考虑添加 "required" 修饰符或将该 属性 声明为可为 null。 [C:\001_AI\LudotsProd_issue709\src\Core\Ludots.Core.csproj]
C:\001_AI\LudotsProd_issue709\src\Core\Config\MapConfig.cs(85,45): warning CS8618: 在退出构造函数时，不可为 null 的 属性 "Overrides" 必须包含非 null 值。请考虑添加 "required" 修饰符或将该 属性 声明为可为 null。 [C:\001_AI\LudotsProd_issue709\src\Core\Ludots.Core.csproj]
C:\001_AI\LudotsProd_issue709\src\Core\Gameplay\Camera\PlatformManagedCameraDriverRegistry.cs(52,52): warning CS8601: 可能的 null 引用赋值。 [C:\001_AI\LudotsProd_issue709\src\Core\Ludots.Core.csproj]
C:\001_AI\LudotsProd_issue709\src\Core\Config\MapConfig.cs(70,23): warning CS8618: 在退出构造函数时，不可为 null 的 属性 "VirtualCameraId" 必须包含非 null 值。请考虑添加 "required" 修饰符或将该 属性 声明为可为 null。 [C:\001_AI\LudotsProd_issue709\src\Core\Ludots.Core.csproj]
C:\001_AI\LudotsProd_issue709\src\Core\Modding\ModManifest.cs(9,23): warning CS8618: 在退出构造函数时，不可为 null 的 属性 "Name" 必须包含非 null 值。请考虑添加 "required" 修饰符或将该 属性 声明为可为 null。 [C:\001_AI\LudotsProd_issue709\src\Core\Ludots.Core.csproj]
C:\001_AI\LudotsProd_issue709\src\Core\Modding\ModManifest.cs(12,23): warning CS8618: 在退出构造函数时，不可为 null 的 属性 "Version" 必须包含非 null 值。请考虑添加 "required" 修饰符或将该 属性 声明为可为 null。 [C:\001_AI\LudotsProd_issue709\src\Core\Ludots.Core.csproj]
C:\001_AI\LudotsProd_issue709\src\Core\Modding\ModManifest.cs(15,23): warning CS8618: 在退出构造函数时，不可为 null 的 属性 "Description" 必须包含非 null 值。请考虑添加 "required" 修饰符或将该 属性 声明为可为 null。 [C:\001_AI\LudotsProd_issue709\src\Core\Ludots.Core.csproj]
C:\001_AI\LudotsProd_issue709\src\Core\Modding\ModManifest.cs(18,23): warning CS8618: 在退出构造函数时，不可为 null 的 属性 "Main" 必须包含非 null 值。请考虑添加 "required" 修饰符或将该 属性 声明为可为 null。 [C:\001_AI\LudotsProd_issue709\src\Core\Ludots.Core.csproj]
C:\001_AI\LudotsProd_issue709\src\Core\Modding\ModManifest.cs(27,23): warning CS8618: 在退出构造函数时，不可为 null 的 属性 "Author" 必须包含非 null 值。请考虑添加 "required" 修饰符或将该 属性 声明为可为 null。 [C:\001_AI\LudotsProd_issue709\src\Core\Ludots.Core.csproj]
C:\001_AI\LudotsProd_issue709\src\Core\Modding\ModManifest.cs(30,23): warning CS8618: 在退出构造函数时，不可为 null 的 属性 "Url" 必须包含非 null 值。请考虑添加 "required" 修饰符或将该 属性 声明为可为 null。 [C:\001_AI\LudotsProd_issue709\src\Core\Ludots.Core.csproj]
C:\001_AI\LudotsProd_issue709\src\Core\Modding\ModManifest.cs(33,23): warning CS8618: 在退出构造函数时，不可为 null 的 属性 "Changelog" 必须包含非 null 值。请考虑添加 "required" 修饰符或将该 属性 声明为可为 null。 [C:\001_AI\LudotsProd_issue709\src\Core\Ludots.Core.csproj]
C:\001_AI\LudotsProd_issue709\src\Core\Modding\ModManifest.cs(36,29): warning CS8618: 在退出构造函数时，不可为 null 的 属性 "Tags" 必须包含非 null 值。请考虑添加 "required" 修饰符或将该 属性 声明为可为 null。 [C:\001_AI\LudotsProd_issue709\src\Core\Ludots.Core.csproj]
C:\001_AI\LudotsProd_issue709\src\Core\Modding\ModManifest.cs(39,29): warning CS8618: 在退出构造函数时，不可为 null 的 属性 "ProcessSharedAssemblies" 必须包含非 null 值。请考虑添加 "required" 修饰符或将该 属性 声明为可为 null。 [C:\001_AI\LudotsProd_issue709\src\Core\Ludots.Core.csproj]
C:\001_AI\LudotsProd_issue709\src\Core\Config\MapConfig.cs(14,23): warning CS8618: 在退出构造函数时，不可为 null 的 属性 "Id" 必须包含非 null 值。请考虑添加 "required" 修饰符或将该 属性 声明为可为 null。 [C:\001_AI\LudotsProd_issue709\src\Core\Ludots.Core.csproj]
C:\001_AI\LudotsProd_issue709\src\Core\Config\MapConfig.cs(15,23): warning CS8618: 在退出构造函数时，不可为 null 的 属性 "ParentId" 必须包含非 null 值。请考虑添加 "required" 修饰符或将该 属性 声明为可为 null。 [C:\001_AI\LudotsProd_issue709\src\Core\Ludots.Core.csproj]
C:\001_AI\LudotsProd_issue709\src\Core\Config\MapConfig.cs(17,23): warning CS8618: 在退出构造函数时，不可为 null 的 属性 "VisualHeightmapAsset" 必须包含非 null 值。请考虑添加 "required" 修饰符或将该 属性 声明为可为 null。 [C:\001_AI\LudotsProd_issue709\src\Core\Ludots.Core.csproj]
C:\001_AI\LudotsProd_issue709\src\Core\Config\MapConfig.cs(44,45): warning CS8618: 在退出构造函数时，不可为 null 的 属性 "VisualHeightmap" 必须包含非 null 值。请考虑添加 "required" 修饰符或将该 属性 声明为可为 null。 [C:\001_AI\LudotsProd_issue709\src\Core\Ludots.Core.csproj]
C:\001_AI\LudotsProd_issue709\src\Core\Config\MapConfig.cs(56,29): warning CS8618: 在退出构造函数时，不可为 null 的 属性 "DefaultCamera" 必须包含非 null 值。请考虑添加 "required" 修饰符或将该 属性 声明为可为 null。 [C:\001_AI\LudotsProd_issue709\src\Core\Ludots.Core.csproj]
C:\001_AI\LudotsProd_issue709\src\Core\Gameplay\Narrative\NarrativeDirector.cs(719,32): warning CS8625: 无法将 null 字面量转换为非 null 的引用类型。 [C:\001_AI\LudotsProd_issue709\src\Core\Ludots.Core.csproj]
C:\001_AI\LudotsProd_issue709\src\Core\Modding\ModLoader.cs(59,16): warning CS8618: 在退出构造函数时，不可为 null 的 属性 "MapManager" 必须包含非 null 值。请考虑添加 "required" 修饰符或将该 属性 声明为可为 null。 [C:\001_AI\LudotsProd_issue709\src\Core\Ludots.Core.csproj]
C:\001_AI\LudotsProd_issue709\src\Core\Map\Hex\VertexMap.cs(310,26): warning CS8625: 无法将 null 字面量转换为非 null 的引用类型。 [C:\001_AI\LudotsProd_issue709\src\Core\Ludots.Core.csproj]
C:\001_AI\LudotsProd_issue709\src\Core\Navigation\Pathing\PathServiceRouter.cs(16,21): warning CS8625: 无法将 null 字面量转换为非 null 的引用类型。 [C:\001_AI\LudotsProd_issue709\src\Core\Ludots.Core.csproj]
C:\001_AI\LudotsProd_issue709\src\Core\Navigation\Pathing\PathServiceRouter.cs(12,16): warning CS8618: 在退出构造函数时，不可为 null 的 字段 "_auto" 必须包含非 null 值。请考虑添加 "required" 修饰符或将该 字段 声明为可为 null。 [C:\001_AI\LudotsProd_issue709\src\Core\Ludots.Core.csproj]
C:\001_AI\LudotsProd_issue709\src\Core\Input\Systems\AxisMoveOrderSystem.cs(71,84): warning CS8600: 将 null 文本或可能的 null 值转换为不可为 null 类型。 [C:\001_AI\LudotsProd_issue709\src\Core\Ludots.Core.csproj]
C:\001_AI\LudotsProd_issue709\src\Core\Input\Systems\AxisMoveOrderSystem.cs(92,79): warning CS8600: 将 null 文本或可能的 null 值转换为不可为 null 类型。 [C:\001_AI\LudotsProd_issue709\src\Core\Ludots.Core.csproj]
C:\001_AI\LudotsProd_issue709\src\Core\Input\Systems\AxisMoveOrderSystem.cs(95,83): warning CS8600: 将 null 文本或可能的 null 值转换为不可为 null 类型。 [C:\001_AI\LudotsProd_issue709\src\Core\Ludots.Core.csproj]
C:\001_AI\LudotsProd_issue709\src\Core\Map\Hex\VertexMap.cs(18,42): warning CS8625: 无法将 null 字面量转换为非 null 的引用类型。 [C:\001_AI\LudotsProd_issue709\src\Core\Ludots.Core.csproj]
C:\001_AI\LudotsProd_issue709\src\Core\Map\Hex\VertexMap.cs(19,31): warning CS8618: 在退出构造函数时，不可为 null 的 字段 "_loadedChunks" 必须包含非 null 值。请考虑添加 "required" 修饰符或将该 字段 声明为可为 null。 [C:\001_AI\LudotsProd_issue709\src\Core\Ludots.Core.csproj]
C:\001_AI\LudotsProd_issue709\src\Core\Navigation\Pathing\NodeGraphPathServiceAdapter.cs(22,29): warning CS8625: 无法将 null 字面量转换为非 null 的引用类型。 [C:\001_AI\LudotsProd_issue709\src\Core\Ludots.Core.csproj]
C:\001_AI\LudotsProd_issue709\src\Core\Navigation\Pathing\NodeGraphPathServiceAdapter.cs(19,16): warning CS8618: 在退出构造函数时，不可为 null 的 字段 "_graphRuntime" 必须包含非 null 值。请考虑添加 "required" 修饰符或将该 字段 声明为可为 null。 [C:\001_AI\LudotsProd_issue709\src\Core\Ludots.Core.csproj]
C:\001_AI\LudotsProd_issue709\src\Core\Navigation\AOI\HexGridAOI.cs(29,35): warning CS8618: 在退出构造函数时，不可为 null 的 事件 "ChunkLoaded" 必须包含非 null 值。请考虑添加 "required" 修饰符或将该 事件 声明为可为 null。 [C:\001_AI\LudotsProd_issue709\src\Core\Ludots.Core.csproj]
C:\001_AI\LudotsProd_issue709\src\Core\Navigation\AOI\HexGridAOI.cs(30,35): warning CS8618: 在退出构造函数时，不可为 null 的 事件 "ChunkUnloaded" 必须包含非 null 值。请考虑添加 "required" 修饰符或将该 事件 声明为可为 null。 [C:\001_AI\LudotsProd_issue709\src\Core\Ludots.Core.csproj]
C:\001_AI\LudotsProd_issue709\src\Core\Navigation\Pathing\NodeGraphPathServiceAdapter.cs(31,22): warning CS8625: 无法将 null 字面量转换为非 null 的引用类型。 [C:\001_AI\LudotsProd_issue709\src\Core\Ludots.Core.csproj]
C:\001_AI\LudotsProd_issue709\src\Core\Navigation\Pathing\NodeGraphPathServiceAdapter.cs(28,16): warning CS8618: 在退出构造函数时，不可为 null 的 字段 "_graph" 必须包含非 null 值。请考虑添加 "required" 修饰符或将该 字段 声明为可为 null。 [C:\001_AI\LudotsProd_issue709\src\Core\Ludots.Core.csproj]
C:\001_AI\LudotsProd_issue709\src\Core\Map\MapContext.cs(30,21): warning CS8601: 可能的 null 引用赋值。 [C:\001_AI\LudotsProd_issue709\src\Core\Ludots.Core.csproj]
C:\001_AI\LudotsProd_issue709\src\Core\Map\MapManager.cs(52,20): warning CS8603: 可能返回 null 引用。 [C:\001_AI\LudotsProd_issue709\src\Core\Ludots.Core.csproj]
C:\001_AI\LudotsProd_issue709\src\Core\Map\MapManager.cs(57,20): warning CS8603: 可能返回 null 引用。 [C:\001_AI\LudotsProd_issue709\src\Core\Ludots.Core.csproj]
C:\001_AI\LudotsProd_issue709\src\Core\Input\Interaction\InteractionContextProfile.cs(28,23): warning CS8618: 在退出构造函数时，不可为 null 的 属性 "FilterProfileId" 必须包含非 null 值。请考虑添加 "required" 修饰符或将该 属性 声明为可为 null。 [C:\001_AI\LudotsProd_issue709\src\Core\Ludots.Core.csproj]
C:\001_AI\LudotsProd_issue709\src\Core\Input\Interaction\InteractionContextProfile.cs(31,23): warning CS8618: 在退出构造函数时，不可为 null 的 属性 "InputContextId" 必须包含非 null 值。请考虑添加 "required" 修饰符或将该 属性 声明为可为 null。 [C:\001_AI\LudotsProd_issue709\src\Core\Ludots.Core.csproj]
C:\001_AI\LudotsProd_issue709\src\Core\Input\Interaction\InteractionContextProfile.cs(34,23): warning CS8618: 在退出构造函数时，不可为 null 的 属性 "CommandIntentId" 必须包含非 null 值。请考虑添加 "required" 修饰符或将该 属性 声明为可为 null。 [C:\001_AI\LudotsProd_issue709\src\Core\Ludots.Core.csproj]
C:\001_AI\LudotsProd_issue709\src\Core\Input\Interaction\InteractionContextProfile.cs(8,58): warning CS8618: 在退出构造函数时，不可为 null 的 属性 "Profiles" 必须包含非 null 值。请考虑添加 "required" 修饰符或将该 属性 声明为可为 null。 [C:\001_AI\LudotsProd_issue709\src\Core\Ludots.Core.csproj]
C:\001_AI\LudotsProd_issue709\src\Core\Config\ComponentRegistry.cs(1067,38): warning CS8600: 将 null 文本或可能的 null 值转换为不可为 null 类型。 [C:\001_AI\LudotsProd_issue709\src\Core\Ludots.Core.csproj]
C:\001_AI\LudotsProd_issue709\src\Core\Engine\GameEngine.cs(513,79): warning CS8625: 无法将 null 字面量转换为非 null 的引用类型。 [C:\001_AI\LudotsProd_issue709\src\Core\Ludots.Core.csproj]
C:\001_AI\LudotsProd_issue709\src\Core\Engine\GameEngine.cs(445,31): warning CS8601: 可能的 null 引用赋值。 [C:\001_AI\LudotsProd_issue709\src\Core\Ludots.Core.csproj]
C:\001_AI\LudotsProd_issue709\src\Core\Gameplay\Narrative\NarrativeDirector.cs(1002,20): warning CS8618: 在退出构造函数时，不可为 null 的 属性 "CurrentStep" 必须包含非 null 值。请考虑添加 "required" 修饰符或将该 属性 声明为可为 null。 [C:\001_AI\LudotsProd_issue709\src\Core\Ludots.Core.csproj]
C:\001_AI\LudotsProd_issue709\src\Core\Gameplay\Narrative\NarrativeDirector.cs(988,20): warning CS8618: 在退出构造函数时，不可为 null 的 属性 "CurrentNode" 必须包含非 null 值。请考虑添加 "required" 修饰符或将该 属性 声明为可为 null。 [C:\001_AI\LudotsProd_issue709\src\Core\Ludots.Core.csproj]
C:\001_AI\LudotsProd_issue709\src\Core\Engine\GameEngine.cs(586,83): warning CS8625: 无法将 null 字面量转换为非 null 的引用类型。 [C:\001_AI\LudotsProd_issue709\src\Core\Ludots.Core.csproj]
C:\001_AI\LudotsProd_issue709\src\Core\Modding\ModLoadContext.cs(106,20): warning CS8603: 可能返回 null 引用。 [C:\001_AI\LudotsProd_issue709\src\Core\Ludots.Core.csproj]
C:\001_AI\LudotsProd_issue709\src\Core\Map\MapManager.cs(88,44): warning CS8600: 将 null 文本或可能的 null 值转换为不可为 null 类型。 [C:\001_AI\LudotsProd_issue709\src\Core\Ludots.Core.csproj]
C:\001_AI\LudotsProd_issue709\src\Core\Map\MapManager.cs(127,28): warning CS8603: 可能返回 null 引用。 [C:\001_AI\LudotsProd_issue709\src\Core\Ludots.Core.csproj]
C:\001_AI\LudotsProd_issue709\src\Core\Modding\ModLoadContext.cs(111,24): warning CS8625: 无法将 null 字面量转换为非 null 的引用类型。 [C:\001_AI\LudotsProd_issue709\src\Core\Ludots.Core.csproj]
C:\001_AI\LudotsProd_issue709\src\Core\Modding\ModLoadContext.cs(125,24): warning CS8601: 可能的 null 引用赋值。 [C:\001_AI\LudotsProd_issue709\src\Core\Ludots.Core.csproj]
C:\001_AI\LudotsProd_issue709\src\Core\Modding\ModLoadContext.cs(178,24): warning CS8601: 可能的 null 引用赋值。 [C:\001_AI\LudotsProd_issue709\src\Core\Ludots.Core.csproj]
C:\001_AI\LudotsProd_issue709\src\Core\Gameplay\GAS\AbilityDefinitionRegistry.cs(177,64): warning CS8618: 在退出构造函数时，不可为 null 的 字段 "_conflictReport" 必须包含非 null 值。请考虑添加 "required" 修饰符或将该 字段 声明为可为 null。 [C:\001_AI\LudotsProd_issue709\src\Core\Ludots.Core.csproj]
C:\001_AI\LudotsProd_issue709\src\Core\Map\MapManager.cs(239,48): warning CS8601: 可能的 null 引用赋值。 [C:\001_AI\LudotsProd_issue709\src\Core\Ludots.Core.csproj]
C:\001_AI\LudotsProd_issue709\src\Core\Map\MapManager.cs(337,28): warning CS8601: 可能的 null 引用赋值。 [C:\001_AI\LudotsProd_issue709\src\Core\Ludots.Core.csproj]
C:\001_AI\LudotsProd_issue709\src\Core\Map\MapManager.cs(342,20): warning CS8625: 无法将 null 字面量转换为非 null 的引用类型。 [C:\001_AI\LudotsProd_issue709\src\Core\Ludots.Core.csproj]
C:\001_AI\LudotsProd_issue709\src\Core\Navigation\Pathing\Config\PathingConfig.cs(59,23): warning CS8618: 在退出构造函数时，不可为 null 的 属性 "Tag" 必须包含非 null 值。请考虑添加 "required" 修饰符或将该 属性 声明为可为 null。 [C:\001_AI\LudotsProd_issue709\src\Core\Ludots.Core.csproj]
C:\001_AI\LudotsProd_issue709\src\Core\Gameplay\Quests\QuestConfigLoader.cs(28,53): warning CS8604: “ConfigCatalogEntry ConfigPipeline.RequireEntry(ConfigCatalog catalog, string path, ConfigMergePolicy defaultPolicy, string defaultIdField = "id")”中的形参“catalog”可能传入 null 引用实参。 [C:\001_AI\LudotsProd_issue709\src\Core\Ludots.Core.csproj]
C:\001_AI\LudotsProd_issue709\src\Core\Gameplay\Quests\QuestConfigLoader.cs(29,72): warning CS8604: “IReadOnlyList<MergedConfigEntry> ConfigPipeline.MergeArrayByIdFromCatalog(in ConfigCatalogEntry entry, ConfigConflictReport report = null)”中的形参“report”可能传入 null 引用实参。 [C:\001_AI\LudotsProd_issue709\src\Core\Ludots.Core.csproj]
C:\001_AI\LudotsProd_issue709\src\Core\Navigation\Pathing\Config\PathingConfig.cs(13,23): warning CS8618: 在退出构造函数时，不可为 null 的 属性 "Id" 必须包含非 null 值。请考虑添加 "required" 修饰符或将该 属性 声明为可为 null。 [C:\001_AI\LudotsProd_issue709\src\Core\Ludots.Core.csproj]
C:\001_AI\LudotsProd_issue709\src\Core\Navigation\Pathing\Config\PathingConfig.cs(14,23): warning CS8618: 在退出构造函数时，不可为 null 的 属性 "ProfileId" 必须包含非 null 值。请考虑添加 "required" 修饰符或将该 属性 声明为可为 null。 [C:\001_AI\LudotsProd_issue709\src\Core\Ludots.Core.csproj]
C:\001_AI\LudotsProd_issue709\src\Core\NodeLibraries\GASGraph\Host\GraphProgramConfigLoader.cs(114,92): warning CS8600: 将 null 文本或可能的 null 值转换为不可为 null 类型。 [C:\001_AI\LudotsProd_issue709\src\Core\Ludots.Core.csproj]
C:\001_AI\LudotsProd_issue709\src\Core\Input\Interaction\FilterProfile.cs(42,46): warning CS8618: 在退出构造函数时，不可为 null 的 属性 "AssociationQuery" 必须包含非 null 值。请考虑添加 "required" 修饰符或将该 属性 声明为可为 null。 [C:\001_AI\LudotsProd_issue709\src\Core\Ludots.Core.csproj]
C:\001_AI\LudotsProd_issue709\src\Core\Input\Interaction\FilterProfile.cs(43,37): warning CS8618: 在退出构造函数时，不可为 null 的 属性 "Exclude" 必须包含非 null 值。请考虑添加 "required" 修饰符或将该 属性 声明为可为 null。 [C:\001_AI\LudotsProd_issue709\src\Core\Ludots.Core.csproj]
C:\001_AI\LudotsProd_issue709\src\Core\Input\Interaction\FilterProfile.cs(44,37): warning CS8618: 在退出构造函数时，不可为 null 的 属性 "Include" 必须包含非 null 值。请考虑添加 "required" 修饰符或将该 属性 声明为可为 null。 [C:\001_AI\LudotsProd_issue709\src\Core\Ludots.Core.csproj]
C:\001_AI\LudotsProd_issue709\src\Core\Input\Interaction\FilterProfile.cs(35,46): warning CS8618: 在退出构造函数时，不可为 null 的 属性 "Profiles" 必须包含非 null 值。请考虑添加 "required" 修饰符或将该 属性 声明为可为 null。 [C:\001_AI\LudotsProd_issue709\src\Core\Ludots.Core.csproj]
C:\001_AI\LudotsProd_issue709\src\Core\Navigation\Pathing\AutoPathService.cs(38,29): warning CS8625: 无法将 null 字面量转换为非 null 的引用类型。 [C:\001_AI\LudotsProd_issue709\src\Core\Ludots.Core.csproj]
C:\001_AI\LudotsProd_issue709\src\Core\Navigation\Pathing\AutoPathService.cs(34,16): warning CS8618: 在退出构造函数时，不可为 null 的 字段 "_graphRuntime" 必须包含非 null 值。请考虑添加 "required" 修饰符或将该 字段 声明为可为 null。 [C:\001_AI\LudotsProd_issue709\src\Core\Ludots.Core.csproj]
C:\001_AI\LudotsProd_issue709\src\Core\Physics\PhysicsWorld.cs(23,16): warning CS8618: 在退出构造函数时，不可为 null 的 字段 "_cells" 必须包含非 null 值。请考虑添加 "required" 修饰符或将该 字段 声明为可为 null。 [C:\001_AI\LudotsProd_issue709\src\Core\Ludots.Core.csproj]
C:\001_AI\LudotsProd_issue709\src\Core\Navigation\Pathing\AutoPathService.cs(65,22): warning CS8625: 无法将 null 字面量转换为非 null 的引用类型。 [C:\001_AI\LudotsProd_issue709\src\Core\Ludots.Core.csproj]
C:\001_AI\LudotsProd_issue709\src\Core\Navigation\Pathing\AutoPathService.cs(66,27): warning CS8625: 无法将 null 字面量转换为非 null 的引用类型。 [C:\001_AI\LudotsProd_issue709\src\Core\Ludots.Core.csproj]
C:\001_AI\LudotsProd_issue709\src\Core\Navigation\Pathing\AutoPathService.cs(62,16): warning CS8618: 在退出构造函数时，不可为 null 的 字段 "_graph" 必须包含非 null 值。请考虑添加 "required" 修饰符或将该 字段 声明为可为 null。 [C:\001_AI\LudotsProd_issue709\src\Core\Ludots.Core.csproj]
C:\001_AI\LudotsProd_issue709\src\Core\Navigation\Pathing\AutoPathService.cs(62,16): warning CS8618: 在退出构造函数时，不可为 null 的 字段 "_graphIndex" 必须包含非 null 值。请考虑添加 "required" 修饰符或将该 字段 声明为可为 null。 [C:\001_AI\LudotsProd_issue709\src\Core\Ludots.Core.csproj]
C:\001_AI\LudotsProd_issue709\src\Core\Gameplay\Spawning\RuntimeEntitySpawnSystem.cs(533,24): warning CS8625: 无法将 null 字面量转换为非 null 的引用类型。 [C:\001_AI\LudotsProd_issue709\src\Core\Ludots.Core.csproj]
C:\001_AI\LudotsProd_issue709\src\Core\Input\Interaction\ControlSchemeRuntime.cs(169,42): warning CS8600: 将 null 文本或可能的 null 值转换为不可为 null 类型。 [C:\001_AI\LudotsProd_issue709\src\Core\Ludots.Core.csproj]
C:\001_AI\LudotsProd_issue709\src\Core\Navigation\Pathing\AutoPathService.cs(94,29): warning CS8625: 无法将 null 字面量转换为非 null 的引用类型。 [C:\001_AI\LudotsProd_issue709\src\Core\Ludots.Core.csproj]
C:\001_AI\LudotsProd_issue709\src\Core\Navigation\Pathing\AutoPathService.cs(90,16): warning CS8618: 在退出构造函数时，不可为 null 的 字段 "_graphRuntime" 必须包含非 null 值。请考虑添加 "required" 修饰符或将该 字段 声明为可为 null。 [C:\001_AI\LudotsProd_issue709\src\Core\Ludots.Core.csproj]
C:\001_AI\LudotsProd_issue709\src\Core\Navigation\Pathing\AutoPathService.cs(121,22): warning CS8625: 无法将 null 字面量转换为非 null 的引用类型。 [C:\001_AI\LudotsProd_issue709\src\Core\Ludots.Core.csproj]
C:\001_AI\LudotsProd_issue709\src\Core\Navigation\Pathing\AutoPathService.cs(122,27): warning CS8625: 无法将 null 字面量转换为非 null 的引用类型。 [C:\001_AI\LudotsProd_issue709\src\Core\Ludots.Core.csproj]
C:\001_AI\LudotsProd_issue709\src\Core\Navigation\Pathing\AutoPathService.cs(118,16): warning CS8618: 在退出构造函数时，不可为 null 的 字段 "_graph" 必须包含非 null 值。请考虑添加 "required" 修饰符或将该 字段 声明为可为 null。 [C:\001_AI\LudotsProd_issue709\src\Core\Ludots.Core.csproj]
C:\001_AI\LudotsProd_issue709\src\Core\Navigation\Pathing\AutoPathService.cs(118,16): warning CS8618: 在退出构造函数时，不可为 null 的 字段 "_graphIndex" 必须包含非 null 值。请考虑添加 "required" 修饰符或将该 字段 声明为可为 null。 [C:\001_AI\LudotsProd_issue709\src\Core\Ludots.Core.csproj]
C:\001_AI\LudotsProd_issue709\src\Core\Gameplay\GAS\Systems\OrderBufferSystem.cs(471,22): warning CS8625: 无法将 null 字面量转换为非 null 的引用类型。 [C:\001_AI\LudotsProd_issue709\src\Core\Ludots.Core.csproj]
C:\001_AI\LudotsProd_issue709\src\Core\Modding\ModLoader.cs(392,36): warning CS8600: 将 null 文本或可能的 null 值转换为不可为 null 类型。 [C:\001_AI\LudotsProd_issue709\src\Core\Ludots.Core.csproj]
C:\001_AI\LudotsProd_issue709\src\Core\Modding\ModLoader.cs(393,45): warning CS8604: “void ModLoader.CacheSharedAssembly(Assembly assembly)”中的形参“assembly”可能传入 null 引用实参。 [C:\001_AI\LudotsProd_issue709\src\Core\Ludots.Core.csproj]
C:\001_AI\LudotsProd_issue709\src\Core\Modding\ModLoader.cs(420,36): warning CS8619: 类型“Type?[]”的值中引用类型的为 Null 性与目标类型“Type[]”不匹配。 [C:\001_AI\LudotsProd_issue709\src\Core\Ludots.Core.csproj]
C:\001_AI\LudotsProd_issue709\src\Core\Modding\ModLoader.cs(437,43): warning CS8600: 将 null 文本或可能的 null 值转换为不可为 null 类型。 [C:\001_AI\LudotsProd_issue709\src\Core\Ludots.Core.csproj]
C:\001_AI\LudotsProd_issue709\src\Core\Modding\ModLoader.cs(440,25): warning CS8602: 解引用可能出现空引用。 [C:\001_AI\LudotsProd_issue709\src\Core\Ludots.Core.csproj]
C:\001_AI\LudotsProd_issue709\src\Core\Modding\ModLoader.cs(461,46): warning CS8600: 将 null 文本或可能的 null 值转换为不可为 null 类型。 [C:\001_AI\LudotsProd_issue709\src\Core\Ludots.Core.csproj]
C:\001_AI\LudotsProd_issue709\src\Core\Modding\ModLoader.cs(462,56): warning CS8604: “void IMapManager.RegisterMap(MapDefinition definition)”中的形参“definition”可能传入 null 引用实参。 [C:\001_AI\LudotsProd_issue709\src\Core\Ludots.Core.csproj]
C:\001_AI\LudotsProd_issue709\src\Core\Modding\ModLoader.cs(508,57): warning CS8603: 可能返回 null 引用。 [C:\001_AI\LudotsProd_issue709\src\Core\Ludots.Core.csproj]
C:\001_AI\LudotsProd_issue709\src\Core\Modding\ModLoader.cs(509,20): warning CS8603: 可能返回 null 引用。 [C:\001_AI\LudotsProd_issue709\src\Core\Ludots.Core.csproj]
C:\001_AI\LudotsProd_issue709\src\Core\Modding\ModLoader.cs(516,39): warning CS8601: 可能的 null 引用赋值。 [C:\001_AI\LudotsProd_issue709\src\Core\Ludots.Core.csproj]
C:\001_AI\LudotsProd_issue709\src\Core\Navigation\Pathing\AutoPathService.cs(332,18): warning CS8602: 解引用可能出现空引用。 [C:\001_AI\LudotsProd_issue709\src\Core\Ludots.Core.csproj]
C:\001_AI\LudotsProd_issue709\src\Core\Vision\Config\VisionFogLayerConfigLoader.cs(32,53): warning CS8604: “ConfigCatalogEntry ConfigPipeline.RequireEntry(ConfigCatalog catalog, string path, ConfigMergePolicy defaultPolicy, string defaultIdField = "id")”中的形参“catalog”可能传入 null 引用实参。 [C:\001_AI\LudotsProd_issue709\src\Core\Ludots.Core.csproj]
C:\001_AI\LudotsProd_issue709\src\Core\Vision\Config\VisionFogLayerConfigLoader.cs(33,72): warning CS8604: “IReadOnlyList<MergedConfigEntry> ConfigPipeline.MergeArrayByIdFromCatalog(in ConfigCatalogEntry entry, ConfigConflictReport report = null)”中的形参“report”可能传入 null 引用实参。 [C:\001_AI\LudotsProd_issue709\src\Core\Ludots.Core.csproj]
C:\001_AI\LudotsProd_issue709\src\Core\Gameplay\AI\Config\AiConfigLoader.cs(1625,39): warning CS8600: 将 null 文本或可能的 null 值转换为不可为 null 类型。 [C:\001_AI\LudotsProd_issue709\src\Core\Ludots.Core.csproj]
C:\001_AI\LudotsProd_issue709\src\Core\Config\ComponentRegistry.cs(1686,56): warning CS8600: 将 null 文本或可能的 null 值转换为不可为 null 类型。 [C:\001_AI\LudotsProd_issue709\src\Core\Ludots.Core.csproj]
C:\001_AI\LudotsProd_issue709\src\Core\Input\Interaction\ControlScheme.cs(28,29): warning CS8618: 在退出构造函数时，不可为 null 的 属性 "InputContexts" 必须包含非 null 值。请考虑添加 "required" 修饰符或将该 属性 声明为可为 null。 [C:\001_AI\LudotsProd_issue709\src\Core\Ludots.Core.csproj]
C:\001_AI\LudotsProd_issue709\src\Core\Input\Interaction\ControlScheme.cs(30,38): warning CS8618: 在退出构造函数时，不可为 null 的 属性 "Defaults" 必须包含非 null 值。请考虑添加 "required" 修饰符或将该 属性 声明为可为 null。 [C:\001_AI\LudotsProd_issue709\src\Core\Ludots.Core.csproj]
C:\001_AI\LudotsProd_issue709\src\Core\Input\Interaction\ControlScheme.cs(37,38): warning CS8618: 在退出构造函数时，不可为 null 的 属性 "AxisMove" 必须包含非 null 值。请考虑添加 "required" 修饰符或将该 属性 声明为可为 null。 [C:\001_AI\LudotsProd_issue709\src\Core\Ludots.Core.csproj]
C:\001_AI\LudotsProd_issue709\src\Core\Input\Interaction\ControlScheme.cs(8,46): warning CS8618: 在退出构造函数时，不可为 null 的 属性 "Schemes" 必须包含非 null 值。请考虑添加 "required" 修饰符或将该 属性 声明为可为 null。 [C:\001_AI\LudotsProd_issue709\src\Core\Ludots.Core.csproj]
C:\001_AI\LudotsProd_issue709\src\Core\Input\Interaction\ControlScheme.cs(15,29): warning CS8618: 在退出构造函数时，不可为 null 的 属性 "AllowedSchemes" 必须包含非 null 值。请考虑添加 "required" 修饰符或将该 属性 声明为可为 null。 [C:\001_AI\LudotsProd_issue709\src\Core\Ludots.Core.csproj]
C:\001_AI\LudotsProd_issue709\src\Core\Gameplay\AI\Config\AiConfigLoader.cs(1638,39): warning CS8600: 将 null 文本或可能的 null 值转换为不可为 null 类型。 [C:\001_AI\LudotsProd_issue709\src\Core\Ludots.Core.csproj]
C:\001_AI\LudotsProd_issue709\src\Core\Config\ComponentRegistry.cs(1717,56): warning CS8600: 将 null 文本或可能的 null 值转换为不可为 null 类型。 [C:\001_AI\LudotsProd_issue709\src\Core\Ludots.Core.csproj]
C:\001_AI\LudotsProd_issue709\src\Core\Gameplay\AI\Config\AiConfigLoader.cs(1650,39): warning CS8600: 将 null 文本或可能的 null 值转换为不可为 null 类型。 [C:\001_AI\LudotsProd_issue709\src\Core\Ludots.Core.csproj]
C:\001_AI\LudotsProd_issue709\src\Core\Gameplay\AI\Config\AiConfigLoader.cs(1663,39): warning CS8600: 将 null 文本或可能的 null 值转换为不可为 null 类型。 [C:\001_AI\LudotsProd_issue709\src\Core\Ludots.Core.csproj]
C:\001_AI\LudotsProd_issue709\src\Core\Navigation\NavMesh\NavTileStore.cs(34,52): warning CS8601: 可能的 null 引用赋值。 [C:\001_AI\LudotsProd_issue709\src\Core\Ludots.Core.csproj]
C:\001_AI\LudotsProd_issue709\src\Core\Gameplay\Items\InventoryRuntimeService.cs(863,78): warning CS8625: 无法将 null 字面量转换为非 null 的引用类型。 [C:\001_AI\LudotsProd_issue709\src\Core\Ludots.Core.csproj]
C:\001_AI\LudotsProd_issue709\src\Core\Gameplay\Spawning\RuntimeEntitySpawnSystem.cs(708,17): warning CS8602: 解引用可能出现空引用。 [C:\001_AI\LudotsProd_issue709\src\Core\Ludots.Core.csproj]
C:\001_AI\LudotsProd_issue709\src\Core\Navigation\NavMesh\NavTileStore.cs(65,22): warning CS8601: 可能的 null 引用赋值。 [C:\001_AI\LudotsProd_issue709\src\Core\Ludots.Core.csproj]
C:\001_AI\LudotsProd_issue709\src\Core\Scripting\TriggerManager.cs(94,20): warning CS8603: 可能返回 null 引用。 [C:\001_AI\LudotsProd_issue709\src\Core\Ludots.Core.csproj]
C:\001_AI\LudotsProd_issue709\src\Core\Navigation\NavMesh\NavTileModels.cs(94,29): warning CS8625: 无法将 null 字面量转换为非 null 的引用类型。 [C:\001_AI\LudotsProd_issue709\src\Core\Ludots.Core.csproj]
C:\001_AI\LudotsProd_issue709\src\Core\Navigation\NavMesh\NavTileBuilder.cs(83,24): warning CS8625: 无法将 null 字面量转换为非 null 的引用类型。 [C:\001_AI\LudotsProd_issue709\src\Core\Ludots.Core.csproj]
C:\001_AI\LudotsProd_issue709\src\Core\Gameplay\Spawning\RuntimeEntitySpawnSystem.cs(975,61): warning CS8600: 将 null 文本或可能的 null 值转换为不可为 null 类型。 [C:\001_AI\LudotsProd_issue709\src\Core\Ludots.Core.csproj]
C:\001_AI\LudotsProd_issue709\src\Core\Gameplay\Items\InventoryRuntimeService.cs(1058,88): warning CS8625: 无法将 null 字面量转换为非 null 的引用类型。 [C:\001_AI\LudotsProd_issue709\src\Core\Ludots.Core.csproj]
C:\001_AI\LudotsProd_issue709\src\Core\Gameplay\Spawning\RuntimeEntitySpawnSystem.cs(1011,52): warning CS8600: 将 null 文本或可能的 null 值转换为不可为 null 类型。 [C:\001_AI\LudotsProd_issue709\src\Core\Ludots.Core.csproj]
C:\001_AI\LudotsProd_issue709\src\Core\Gameplay\Items\InventoryRuntimeService.cs(1097,100): warning CS8625: 无法将 null 字面量转换为非 null 的引用类型。 [C:\001_AI\LudotsProd_issue709\src\Core\Ludots.Core.csproj]
C:\001_AI\LudotsProd_issue709\src\Core\Navigation\NavMesh\NavTileBuilder.cs(100,20): warning CS8625: 无法将 null 字面量转换为非 null 的引用类型。 [C:\001_AI\LudotsProd_issue709\src\Core\Ludots.Core.csproj]
C:\001_AI\LudotsProd_issue709\src\Core\Presentation\Camera\CoreScreenProjector.cs(27,16): warning CS8618: 在退出构造函数时，不可为 null 的 字段 "_presenter" 必须包含非 null 值。请考虑添加 "required" 修饰符或将该 字段 声明为可为 null。 [C:\001_AI\LudotsProd_issue709\src\Core\Ludots.Core.csproj]
C:\001_AI\LudotsProd_issue709\src\Core\Persistence\CoreSaveParticipants.cs(761,24): warning CS8603: 可能返回 null 引用。 [C:\001_AI\LudotsProd_issue709\src\Core\Ludots.Core.csproj]
C:\001_AI\LudotsProd_issue709\src\Core\Persistence\CoreSaveParticipants.cs(791,24): warning CS8603: 可能返回 null 引用。 [C:\001_AI\LudotsProd_issue709\src\Core\Ludots.Core.csproj]
C:\001_AI\LudotsProd_issue709\src\Core\Input\Interaction\CommandIntentProfileConfigLoader.cs(101,46): warning CS8604: “void CommandIntentProfileConfigLoader.ValidatePredicateStrings(List<string> values, string path)”中的形参“values”可能传入 null 引用实参。 [C:\001_AI\LudotsProd_issue709\src\Core\Ludots.Core.csproj]
C:\001_AI\LudotsProd_issue709\src\Core\Input\Interaction\CommandIntentProfileConfigLoader.cs(102,46): warning CS8604: “void CommandIntentProfileConfigLoader.ValidatePredicateStrings(List<string> values, string path)”中的形参“values”可能传入 null 引用实参。 [C:\001_AI\LudotsProd_issue709\src\Core\Ludots.Core.csproj]
C:\001_AI\LudotsProd_issue709\src\Core\Input\Interaction\CommandIntentProfileConfigLoader.cs(103,46): warning CS8604: “void CommandIntentProfileConfigLoader.ValidatePredicateStrings(List<string> values, string path)”中的形参“values”可能传入 null 引用实参。 [C:\001_AI\LudotsProd_issue709\src\Core\Ludots.Core.csproj]
C:\001_AI\LudotsProd_issue709\src\Core\Input\Interaction\CommandIntentProfileConfigLoader.cs(104,46): warning CS8604: “void CommandIntentProfileConfigLoader.ValidatePredicateStrings(List<string> values, string path)”中的形参“values”可能传入 null 引用实参。 [C:\001_AI\LudotsProd_issue709\src\Core\Ludots.Core.csproj]
C:\001_AI\LudotsProd_issue709\src\Core\Input\Interaction\CommandIntentProfileConfigLoader.cs(105,46): warning CS8604: “void CommandIntentProfileConfigLoader.ValidatePredicateStrings(List<string> values, string path)”中的形参“values”可能传入 null 引用实参。 [C:\001_AI\LudotsProd_issue709\src\Core\Ludots.Core.csproj]
C:\001_AI\LudotsProd_issue709\src\Core\Input\Interaction\CommandIntentProfile.cs(131,23): warning CS8618: 在退出构造函数时，不可为 null 的 属性 "Slot" 必须包含非 null 值。请考虑添加 "required" 修饰符或将该 属性 声明为可为 null。 [C:\001_AI\LudotsProd_issue709\src\Core\Ludots.Core.csproj]
C:\001_AI\LudotsProd_issue709\src\Core\Input\Interaction\CommandIntentProfile.cs(118,29): warning CS8618: 在退出构造函数时，不可为 null 的 属性 "AllTags" 必须包含非 null 值。请考虑添加 "required" 修饰符或将该 属性 声明为可为 null。 [C:\001_AI\LudotsProd_issue709\src\Core\Ludots.Core.csproj]
C:\001_AI\LudotsProd_issue709\src\Core\Input\Interaction\CommandIntentProfile.cs(119,29): warning CS8618: 在退出构造函数时，不可为 null 的 属性 "AnyTags" 必须包含非 null 值。请考虑添加 "required" 修饰符或将该 属性 声明为可为 null。 [C:\001_AI\LudotsProd_issue709\src\Core\Ludots.Core.csproj]
C:\001_AI\LudotsProd_issue709\src\Core\Input\Interaction\CommandIntentProfile.cs(120,29): warning CS8618: 在退出构造函数时，不可为 null 的 属性 "Stance" 必须包含非 null 值。请考虑添加 "required" 修饰符或将该 属性 声明为可为 null。 [C:\001_AI\LudotsProd_issue709\src\Core\Ludots.Core.csproj]
C:\001_AI\LudotsProd_issue709\src\Core\Input\Interaction\CommandIntentProfile.cs(107,23): warning CS8618: 在退出构造函数时，不可为 null 的 属性 "HasAbilityWithTag" 必须包含非 null 值。请考虑添加 "required" 修饰符或将该 属性 声明为可为 null。 [C:\001_AI\LudotsProd_issue709\src\Core\Ludots.Core.csproj]
C:\001_AI\LudotsProd_issue709\src\Core\Input\Interaction\CommandIntentProfile.cs(108,29): warning CS8618: 在退出构造函数时，不可为 null 的 属性 "AllTags" 必须包含非 null 值。请考虑添加 "required" 修饰符或将该 属性 声明为可为 null。 [C:\001_AI\LudotsProd_issue709\src\Core\Ludots.Core.csproj]
C:\001_AI\LudotsProd_issue709\src\Core\Input\Interaction\CommandIntentProfile.cs(109,29): warning CS8618: 在退出构造函数时，不可为 null 的 属性 "AnyTags" 必须包含非 null 值。请考虑添加 "required" 修饰符或将该 属性 声明为可为 null。 [C:\001_AI\LudotsProd_issue709\src\Core\Ludots.Core.csproj]
C:\001_AI\LudotsProd_issue709\src\Core\Input\Interaction\CommandIntentProfile.cs(96,54): warning CS8618: 在退出构造函数时，不可为 null 的 属性 "Actor" 必须包含非 null 值。请考虑添加 "required" 修饰符或将该 属性 声明为可为 null。 [C:\001_AI\LudotsProd_issue709\src\Core\Ludots.Core.csproj]
C:\001_AI\LudotsProd_issue709\src\Core\Input\Interaction\CommandIntentProfile.cs(97,55): warning CS8618: 在退出构造函数时，不可为 null 的 属性 "Target" 必须包含非 null 值。请考虑添加 "required" 修饰符或将该 属性 声明为可为 null。 [C:\001_AI\LudotsProd_issue709\src\Core\Ludots.Core.csproj]
C:\001_AI\LudotsProd_issue709\src\Core\Input\Interaction\CommandIntentProfile.cs(98,45): warning CS8618: 在退出构造函数时，不可为 null 的 属性 "Route" 必须包含非 null 值。请考虑添加 "required" 修饰符或将该 属性 声明为可为 null。 [C:\001_AI\LudotsProd_issue709\src\Core\Ludots.Core.csproj]
C:\001_AI\LudotsProd_issue709\src\Core\Input\Interaction\CommandIntentProfile.cs(82,51): warning CS8618: 在退出构造函数时，不可为 null 的 属性 "GroupPolicy" 必须包含非 null 值。请考虑添加 "required" 修饰符或将该 属性 声明为可为 null。 [C:\001_AI\LudotsProd_issue709\src\Core\Ludots.Core.csproj]
C:\001_AI\LudotsProd_issue709\src\Core\Input\Interaction\CommandIntentProfile.cs(83,50): warning CS8618: 在退出构造函数时，不可为 null 的 属性 "Rules" 必须包含非 null 值。请考虑添加 "required" 修饰符或将该 属性 声明为可为 null。 [C:\001_AI\LudotsProd_issue709\src\Core\Ludots.Core.csproj]
C:\001_AI\LudotsProd_issue709\src\Core\Input\Interaction\CommandIntentProfile.cs(75,53): warning CS8618: 在退出构造函数时，不可为 null 的 属性 "Profiles" 必须包含非 null 值。请考虑添加 "required" 修饰符或将该 属性 声明为可为 null。 [C:\001_AI\LudotsProd_issue709\src\Core\Ludots.Core.csproj]
C:\001_AI\LudotsProd_issue709\src\Core\Scripting\TriggerManager.cs(379,77): warning CS8602: 解引用可能出现空引用。 [C:\001_AI\LudotsProd_issue709\src\Core\Ludots.Core.csproj]
C:\001_AI\LudotsProd_issue709\src\Core\Input\Interaction\ClientCastPreferenceStore.cs(231,26): warning CS8601: 可能的 null 引用赋值。 [C:\001_AI\LudotsProd_issue709\src\Core\Ludots.Core.csproj]
C:\001_AI\LudotsProd_issue709\src\Core\Input\Interaction\ClientCastPreferenceStore.cs(235,34): warning CS8601: 可能的 null 引用赋值。 [C:\001_AI\LudotsProd_issue709\src\Core\Ludots.Core.csproj]
C:\001_AI\LudotsProd_issue709\src\Core\Input\Interaction\ClientCastPreferenceStore.cs(239,32): warning CS8600: 将 null 文本或可能的 null 值转换为不可为 null 类型。 [C:\001_AI\LudotsProd_issue709\src\Core\Ludots.Core.csproj]
C:\001_AI\LudotsProd_issue709\src\Core\MassNavigation\Runtime\MassNavigationRuntime.cs(185,9): warning CS8602: 解引用可能出现空引用。 [C:\001_AI\LudotsProd_issue709\src\Core\Ludots.Core.csproj]
C:\001_AI\LudotsProd_issue709\src\Core\Navigation\GraphWorld\WorldGridLoadedChunks.cs(26,16): warning CS8618: 在退出构造函数时，不可为 null 的 事件 "ChunkLoaded" 必须包含非 null 值。请考虑添加 "required" 修饰符或将该 事件 声明为可为 null。 [C:\001_AI\LudotsProd_issue709\src\Core\Ludots.Core.csproj]
C:\001_AI\LudotsProd_issue709\src\Core\Navigation\GraphWorld\WorldGridLoadedChunks.cs(26,16): warning CS8618: 在退出构造函数时，不可为 null 的 事件 "ChunkUnloaded" 必须包含非 null 值。请考虑添加 "required" 修饰符或将该 事件 声明为可为 null。 [C:\001_AI\LudotsProd_issue709\src\Core\Ludots.Core.csproj]
C:\001_AI\LudotsProd_issue709\src\Core\Input\Interaction\ClientCastPreferenceStore.cs(393,48): warning CS8602: 解引用可能出现空引用。 [C:\001_AI\LudotsProd_issue709\src\Core\Ludots.Core.csproj]
C:\001_AI\LudotsProd_issue709\src\Core\Input\Interaction\ClientCastPreferenceStore.cs(412,24): warning CS8603: 可能返回 null 引用。 [C:\001_AI\LudotsProd_issue709\src\Core\Ludots.Core.csproj]
C:\001_AI\LudotsProd_issue709\src\Core\Input\Interaction\ClientCastPreferenceStore.cs(428,24): warning CS8603: 可能返回 null 引用。 [C:\001_AI\LudotsProd_issue709\src\Core\Ludots.Core.csproj]
C:\001_AI\LudotsProd_issue709\src\Core\Systems\MapLoader.cs(53,16): warning CS8618: 在退出构造函数时，不可为 null 的 字段 "_effectRequests" 必须包含非 null 值。请考虑添加 "required" 修饰符或将该 字段 声明为可为 null。 [C:\001_AI\LudotsProd_issue709\src\Core\Ludots.Core.csproj]
C:\001_AI\LudotsProd_issue709\src\Core\Systems\MapLoader.cs(53,16): warning CS8618: 在退出构造函数时，不可为 null 的 字段 "_stableIds" 必须包含非 null 值。请考虑添加 "required" 修饰符或将该 字段 声明为可为 null。 [C:\001_AI\LudotsProd_issue709\src\Core\Ludots.Core.csproj]
C:\001_AI\LudotsProd_issue709\src\Core\Systems\MapLoader.cs(53,16): warning CS8618: 在退出构造函数时，不可为 null 的 字段 "_performerRuntime" 必须包含非 null 值。请考虑添加 "required" 修饰符或将该 字段 声明为可为 null。 [C:\001_AI\LudotsProd_issue709\src\Core\Ludots.Core.csproj]
C:\001_AI\LudotsProd_issue709\src\Core\Systems\MapLoader.cs(53,16): warning CS8618: 在退出构造函数时，不可为 null 的 字段 "_performerDefinitions" 必须包含非 null 值。请考虑添加 "required" 修饰符或将该 字段 声明为可为 null。 [C:\001_AI\LudotsProd_issue709\src\Core\Ludots.Core.csproj]
C:\001_AI\LudotsProd_issue709\src\Core\Systems\MapLoader.cs(53,16): warning CS8618: 在退出构造函数时，不可为 null 的 字段 "_performerBootstrap" 必须包含非 null 值。请考虑添加 "required" 修饰符或将该 字段 声明为可为 null。 [C:\001_AI\LudotsProd_issue709\src\Core\Ludots.Core.csproj]
C:\001_AI\LudotsProd_issue709\src\Core\Navigation\NavMesh\NavQueryServiceRegistry.cs(33,84): warning CS8601: 可能的 null 引用赋值。 [C:\001_AI\LudotsProd_issue709\src\Core\Ludots.Core.csproj]
C:\001_AI\LudotsProd_issue709\src\Core\Navigation\NavMesh\NavQueryServiceRegistry.cs(43,23): warning CS8625: 无法将 null 字面量转换为非 null 的引用类型。 [C:\001_AI\LudotsProd_issue709\src\Core\Ludots.Core.csproj]
C:\001_AI\LudotsProd_issue709\src\Core\Scripting\ServiceKey.cs(92,48): warning CS8601: 可能的 null 引用赋值。 [C:\001_AI\LudotsProd_issue709\src\Core\Ludots.Core.csproj]
C:\001_AI\LudotsProd_issue709\src\Core\Systems\MapLoader.cs(82,35): warning CS8601: 可能的 null 引用赋值。 [C:\001_AI\LudotsProd_issue709\src\Core\Ludots.Core.csproj]
C:\001_AI\LudotsProd_issue709\src\Core\Input\Interaction\ClientCastPreference.cs(81,23): warning CS8618: 在退出构造函数时，不可为 null 的 属性 "CastCommitId" 必须包含非 null 值。请考虑添加 "required" 修饰符或将该 属性 声明为可为 null。 [C:\001_AI\LudotsProd_issue709\src\Core\Ludots.Core.csproj]
C:\001_AI\LudotsProd_issue709\src\Core\Input\Interaction\ClientCastPreference.cs(71,36): warning CS8618: 在退出构造函数时，不可为 null 的 属性 "Global" 必须包含非 null 值。请考虑添加 "required" 修饰符或将该 属性 声明为可为 null。 [C:\001_AI\LudotsProd_issue709\src\Core\Ludots.Core.csproj]
C:\001_AI\LudotsProd_issue709\src\Core\Input\Interaction\ClientCastPreference.cs(72,56): warning CS8618: 在退出构造函数时，不可为 null 的 属性 "PerTemplate" 必须包含非 null 值。请考虑添加 "required" 修饰符或将该 属性 声明为可为 null。 [C:\001_AI\LudotsProd_issue709\src\Core\Ludots.Core.csproj]
C:\001_AI\LudotsProd_issue709\src\Core\Input\Interaction\ClientCastPreference.cs(73,56): warning CS8618: 在退出构造函数时，不可为 null 的 属性 "PerFormSet" 必须包含非 null 值。请考虑添加 "required" 修饰符或将该 属性 声明为可为 null。 [C:\001_AI\LudotsProd_issue709\src\Core\Ludots.Core.csproj]
C:\001_AI\LudotsProd_issue709\src\Core\Input\Interaction\ClientCastPreference.cs(74,56): warning CS8618: 在退出构造函数时，不可为 null 的 属性 "PerSlot" 必须包含非 null 值。请考虑添加 "required" 修饰符或将该 属性 声明为可为 null。 [C:\001_AI\LudotsProd_issue709\src\Core\Ludots.Core.csproj]
C:\001_AI\LudotsProd_issue709\src\Core\Input\Interaction\ClientCastPreference.cs(75,23): warning CS8618: 在退出构造函数时，不可为 null 的 属性 "ActiveSchemeId" 必须包含非 null 值。请考虑添加 "required" 修饰符或将该 属性 声明为可为 null。 [C:\001_AI\LudotsProd_issue709\src\Core\Ludots.Core.csproj]
C:\001_AI\LudotsProd_issue709\src\Core\Input\Interaction\ClientCastPreference.cs(49,47): warning CS8618: 在退出构造函数时，不可为 null 的 属性 "Locks" 必须包含非 null 值。请考虑添加 "required" 修饰符或将该 属性 声明为可为 null。 [C:\001_AI\LudotsProd_issue709\src\Core\Ludots.Core.csproj]
C:\001_AI\LudotsProd_issue709\src\Core\Input\Interaction\CastDispatchProfileRegistry.cs(46,105): warning CS8625: 无法将 null 字面量转换为非 null 的引用类型。 [C:\001_AI\LudotsProd_issue709\src\Core\Ludots.Core.csproj]
C:\001_AI\LudotsProd_issue709\src\Core\Navigation\GraphWorld\LoadedGraphRuntime.cs(86,43): warning CS8625: 无法将 null 字面量转换为非 null 的引用类型。 [C:\001_AI\LudotsProd_issue709\src\Core\Ludots.Core.csproj]
C:\001_AI\LudotsProd_issue709\src\Core\Navigation\GraphWorld\ChunkedNodeGraphStore.cs(38,33): warning CS8625: 无法将 null 字面量转换为非 null 的引用类型。 [C:\001_AI\LudotsProd_issue709\src\Core\Ludots.Core.csproj]
C:\001_AI\LudotsProd_issue709\src\Core\Input\Interaction\CastCommitProfile.cs(143,50): warning CS8618: 在退出构造函数时，不可为 null 的 属性 "Profiles" 必须包含非 null 值。请考虑添加 "required" 修饰符或将该 属性 声明为可为 null。 [C:\001_AI\LudotsProd_issue709\src\Core\Ludots.Core.csproj]
C:\001_AI\LudotsProd_issue709\src\Core\Scripting\ScriptContext.cs(50,20): warning CS8603: 可能返回 null 引用。 [C:\001_AI\LudotsProd_issue709\src\Core\Ludots.Core.csproj]
C:\001_AI\LudotsProd_issue709\src\Core\Input\Interaction\CastDispatchProfileRegistry.cs(100,71): warning CS8600: 将 null 文本或可能的 null 值转换为不可为 null 类型。 [C:\001_AI\LudotsProd_issue709\src\Core\Ludots.Core.csproj]
C:\001_AI\LudotsProd_issue709\src\Core\Navigation\GraphWorld\ChunkedNodeGraphStore.cs(78,54): warning CS8601: 可能的 null 引用赋值。 [C:\001_AI\LudotsProd_issue709\src\Core\Ludots.Core.csproj]
C:\001_AI\LudotsProd_issue709\src\Core\Scripting\FunctionRegistry.cs(41,20): warning CS8603: 可能返回 null 引用。 [C:\001_AI\LudotsProd_issue709\src\Core\Ludots.Core.csproj]
C:\001_AI\LudotsProd_issue709\src\Core\Scripting\FunctionRegistry.cs(15,44): warning CS8618: 在退出构造函数时，不可为 null 的 字段 "_conflictReport" 必须包含非 null 值。请考虑添加 "required" 修饰符或将该 字段 声明为可为 null。 [C:\001_AI\LudotsProd_issue709\src\Core\Ludots.Core.csproj]
C:\001_AI\LudotsProd_issue709\src\Core\UI\ProductionOverview\ProductionOverviewContracts.cs(63,55): warning CS8618: 在退出构造函数时，不可为 null 的 属性 "WorkerBuckets" 必须包含非 null 值。请考虑添加 "required" 修饰符或将该 属性 声明为可为 null。 [C:\001_AI\LudotsProd_issue709\src\Core\Ludots.Core.csproj]
C:\001_AI\LudotsProd_issue709\src\Core\UI\ProductionOverview\ProductionOverviewContracts.cs(47,58): warning CS8618: 在退出构造函数时，不可为 null 的 属性 "Profiles" 必须包含非 null 值。请考虑添加 "required" 修饰符或将该 属性 声明为可为 null。 [C:\001_AI\LudotsProd_issue709\src\Core\Ludots.Core.csproj]
C:\001_AI\LudotsProd_issue709\src\Core\Input\Interaction\CastDispatchProfileRegistry.cs(224,73): warning CS8600: 将 null 文本或可能的 null 值转换为不可为 null 类型。 [C:\001_AI\LudotsProd_issue709\src\Core\Ludots.Core.csproj]
C:\001_AI\LudotsProd_issue709\src\Core\Input\Interaction\CastDispatchProfileRegistry.cs(230,41): warning CS8600: 将 null 文本或可能的 null 值转换为不可为 null 类型。 [C:\001_AI\LudotsProd_issue709\src\Core\Ludots.Core.csproj]
C:\001_AI\LudotsProd_issue709\src\Core\Input\Interaction\CastDispatchProfileRegistry.cs(233,81): warning CS8600: 将 null 文本或可能的 null 值转换为不可为 null 类型。 [C:\001_AI\LudotsProd_issue709\src\Core\Ludots.Core.csproj]
C:\001_AI\LudotsProd_issue709\src\Core\Input\Interaction\CastDispatchProfileRegistry.cs(258,26): warning CS8601: 可能的 null 引用赋值。 [C:\001_AI\LudotsProd_issue709\src\Core\Ludots.Core.csproj]
C:\001_AI\LudotsProd_issue709\src\Core\Input\Interaction\CastDispatchProfileRegistry.cs(260,32): warning CS8601: 可能的 null 引用赋值。 [C:\001_AI\LudotsProd_issue709\src\Core\Ludots.Core.csproj]
C:\001_AI\LudotsProd_issue709\src\Core\UI\CommandDeck\CommandDeckContracts.cs(48,51): warning CS8618: 在退出构造函数时，不可为 null 的 属性 "Profiles" 必须包含非 null 值。请考虑添加 "required" 修饰符或将该 属性 声明为可为 null。 [C:\001_AI\LudotsProd_issue709\src\Core\Ludots.Core.csproj]
C:\001_AI\LudotsProd_issue709\src\Core\Navigation\NavMesh\Config\NavMeshBakeConfigLoader.cs(105,52): warning CS8604: “ConfigPipeline.ConfigPipeline(VirtualFileSystem vfs, ModLoader modLoader)”中的形参“modLoader”可能传入 null 引用实参。 [C:\001_AI\LudotsProd_issue709\src\Core\Ludots.Core.csproj]
C:\001_AI\LudotsProd_issue709\src\Core\Input\Interaction\CastCommitProfile.cs(154,45): warning CS8618: 在退出构造函数时，不可为 null 的 属性 "OnActivate" 必须包含非 null 值。请考虑添加 "required" 修饰符或将该 属性 声明为可为 null。 [C:\001_AI\LudotsProd_issue709\src\Core\Ludots.Core.csproj]
C:\001_AI\LudotsProd_issue709\src\Core\Input\Interaction\CastCommitProfile.cs(157,65): warning CS8618: 在退出构造函数时，不可为 null 的 属性 "FrameActions" 必须包含非 null 值。请考虑添加 "required" 修饰符或将该 属性 声明为可为 null。 [C:\001_AI\LudotsProd_issue709\src\Core\Ludots.Core.csproj]
C:\001_AI\LudotsProd_issue709\src\Core\Gameplay\GAS\Benchmarks\GasBenchmark.cs(64,17): warning CS8625: 无法将 null 字面量转换为非 null 的引用类型。 [C:\001_AI\LudotsProd_issue709\src\Core\Ludots.Core.csproj]
C:\001_AI\LudotsProd_issue709\src\Core\UI\EntityCommandPanels\AbilityAggregationProfile.cs(12,58): warning CS8618: 在退出构造函数时，不可为 null 的 属性 "Profiles" 必须包含非 null 值。请考虑添加 "required" 修饰符或将该 属性 声明为可为 null。 [C:\001_AI\LudotsProd_issue709\src\Core\Ludots.Core.csproj]
C:\001_AI\LudotsProd_issue709\src\Core\Navigation\NavMesh\Bake\BakeArtifactBuilder.cs(35,16): warning CS8618: 在退出构造函数时，不可为 null 的 属性 "ContourRings" 必须包含非 null 值。请考虑添加 "required" 修饰符或将该 属性 声明为可为 null。 [C:\001_AI\LudotsProd_issue709\src\Core\Ludots.Core.csproj]
C:\001_AI\LudotsProd_issue709\src\Core\TransportNetwork\TransportNetworkBaker.cs(171,61): warning CS8600: 将 null 文本或可能的 null 值转换为不可为 null 类型。 [C:\001_AI\LudotsProd_issue709\src\Core\Ludots.Core.csproj]
C:\001_AI\LudotsProd_issue709\src\Core\TransportNetwork\TransportNetworkBaker.cs(203,90): warning CS8600: 将 null 文本或可能的 null 值转换为不可为 null 类型。 [C:\001_AI\LudotsProd_issue709\src\Core\Ludots.Core.csproj]
C:\001_AI\LudotsProd_issue709\src\Core\TransportNetwork\TransportNetworkBaker.cs(206,95): warning CS8600: 将 null 文本或可能的 null 值转换为不可为 null 类型。 [C:\001_AI\LudotsProd_issue709\src\Core\Ludots.Core.csproj]
C:\001_AI\LudotsProd_issue709\src\Core\TransportNetwork\TransportNetworkBaker.cs(245,70): warning CS8600: 将 null 文本或可能的 null 值转换为不可为 null 类型。 [C:\001_AI\LudotsProd_issue709\src\Core\Ludots.Core.csproj]
C:\001_AI\LudotsProd_issue709\src\Core\TransportNetwork\TransportNetworkBaker.cs(255,66): warning CS8600: 将 null 文本或可能的 null 值转换为不可为 null 类型。 [C:\001_AI\LudotsProd_issue709\src\Core\Ludots.Core.csproj]
C:\001_AI\LudotsProd_issue709\src\Core\Navigation\GraphWorld\ChunkedNodeGraphStore.cs(11,31): warning CS8618: 在退出构造函数时，不可为 null 的 字段 "_loadedChunks" 必须包含非 null 值。请考虑添加 "required" 修饰符或将该 字段 声明为可为 null。 [C:\001_AI\LudotsProd_issue709\src\Core\Ludots.Core.csproj]
C:\001_AI\LudotsProd_issue709\src\Core\UI\EntityCommandPanels\AbilityAggregationProfile.cs(25,23): warning CS8618: 在退出构造函数时，不可为 null 的 属性 "Overflow" 必须包含非 null 值。请考虑添加 "required" 修饰符或将该 属性 声明为可为 null。 [C:\001_AI\LudotsProd_issue709\src\Core\Ludots.Core.csproj]
C:\001_AI\LudotsProd_issue709\src\Core\TransportNetwork\TransportNetworkBaker.cs(299,70): warning CS8600: 将 null 文本或可能的 null 值转换为不可为 null 类型。 [C:\001_AI\LudotsProd_issue709\src\Core\Ludots.Core.csproj]
C:\001_AI\LudotsProd_issue709\src\Core\Input\Interaction\CastDispatchProfileRegistry.cs(514,50): warning CS8618: 在退出构造函数时，不可为 null 的 字段 "Selector" 必须包含非 null 值。请考虑添加 "required" 修饰符或将该 字段 声明为可为 null。 [C:\001_AI\LudotsProd_issue709\src\Core\Ludots.Core.csproj]
C:\001_AI\LudotsProd_issue709\src\Core\Input\Interaction\CastDispatchProfileRegistry.cs(517,39): warning CS8618: 在退出构造函数时，不可为 null 的 字段 "Scorer" 必须包含非 null 值。请考虑添加 "required" 修饰符或将该 字段 声明为可为 null。 [C:\001_AI\LudotsProd_issue709\src\Core\Ludots.Core.csproj]
C:\001_AI\LudotsProd_issue709\src\Core\Input\Interaction\CastDispatchProfileRegistry.cs(519,42): warning CS8618: 在退出构造函数时，不可为 null 的 字段 "CycleCursors" 必须包含非 null 值。请考虑添加 "required" 修饰符或将该 字段 声明为可为 null。 [C:\001_AI\LudotsProd_issue709\src\Core\Ludots.Core.csproj]
C:\001_AI\LudotsProd_issue709\src\Core\Input\Interaction\CastCommitProfile.cs(166,43): warning CS8618: 在退出构造函数时，不可为 null 的 属性 "Payload" 必须包含非 null 值。请考虑添加 "required" 修饰符或将该 属性 声明为可为 null。 [C:\001_AI\LudotsProd_issue709\src\Core\Ludots.Core.csproj]
C:\001_AI\LudotsProd_issue709\src\Core\Input\Interaction\CastCommitProfile.cs(169,23): warning CS8618: 在退出构造函数时，不可为 null 的 属性 "ContextProfileId" 必须包含非 null 值。请考虑添加 "required" 修饰符或将该 属性 声明为可为 null。 [C:\001_AI\LudotsProd_issue709\src\Core\Ludots.Core.csproj]
C:\001_AI\LudotsProd_issue709\src\Core\Navigation\NavMesh\Bake\Triangulator.cs(81,21): warning CS8625: 无法将 null 字面量转换为非 null 的引用类型。 [C:\001_AI\LudotsProd_issue709\src\Core\Ludots.Core.csproj]
C:\001_AI\LudotsProd_issue709\src\Core\Presentation\Config\PresentationTextCatalogLoader.cs(73,38): warning CS8600: 将 null 文本或可能的 null 值转换为不可为 null 类型。 [C:\001_AI\LudotsProd_issue709\src\Core\Ludots.Core.csproj]
C:\001_AI\LudotsProd_issue709\src\Core\UI\EntityCommandPanels\AbilityAggregationProfileRegistry.cs(196,69): warning CS8600: 将 null 文本或可能的 null 值转换为不可为 null 类型。 [C:\001_AI\LudotsProd_issue709\src\Core\Ludots.Core.csproj]
C:\001_AI\LudotsProd_issue709\src\Core\Navigation\NavMesh\Bake\Triangulator.cs(120,21): warning CS8625: 无法将 null 字面量转换为非 null 的引用类型。 [C:\001_AI\LudotsProd_issue709\src\Core\Ludots.Core.csproj]
C:\001_AI\LudotsProd_issue709\src\Core\Engine\GameEngine.cs(1548,28): warning CS8620: 由于引用类型的可为 null 性差异，ServiceKey<NetworkGameplayCommandGate> 类型的实参不能用于 void GameEngine.SetService<NetworkGameplayCommandGate?>(ServiceKey<NetworkGameplayCommandGate?> key, NetworkGameplayCommandGate? value) 中 ServiceKey<NetworkGameplayCommandGate?> 类型的形参 key。 [C:\001_AI\LudotsProd_issue709\src\Core\Ludots.Core.csproj]
C:\001_AI\LudotsProd_issue709\src\Core\Input\Interaction\CastDispatchProfile.cs(176,29): warning CS8618: 在退出构造函数时，不可为 null 的 属性 "Considerations" 必须包含非 null 值。请考虑添加 "required" 修饰符或将该 属性 声明为可为 null。 [C:\001_AI\LudotsProd_issue709\src\Core\Ludots.Core.csproj]
C:\001_AI\LudotsProd_issue709\src\Core\Input\Interaction\CastDispatchProfile.cs(169,23): warning CS8618: 在退出构造函数时，不可为 null 的 属性 "AdvanceOn" 必须包含非 null 值。请考虑添加 "required" 修饰符或将该 属性 声明为可为 null。 [C:\001_AI\LudotsProd_issue709\src\Core\Ludots.Core.csproj]
C:\001_AI\LudotsProd_issue709\src\Core\Navigation\NavMesh\Bake\BakePipeline.cs(34,30): warning CS8618: 在退出构造函数时，不可为 null 的 字段 "ContourRings" 必须包含非 null 值。请考虑添加 "required" 修饰符或将该 字段 声明为可为 null。 [C:\001_AI\LudotsProd_issue709\src\Core\Ludots.Core.csproj]
C:\001_AI\LudotsProd_issue709\src\Core\Input\Interaction\CastDispatchProfile.cs(155,47): warning CS8618: 在退出构造函数时，不可为 null 的 属性 "Selector" 必须包含非 null 值。请考虑添加 "required" 修饰符或将该 属性 声明为可为 null。 [C:\001_AI\LudotsProd_issue709\src\Core\Ludots.Core.csproj]
C:\001_AI\LudotsProd_issue709\src\Core\Input\Interaction\CastDispatchProfile.cs(156,45): warning CS8618: 在退出构造函数时，不可为 null 的 属性 "Scorer" 必须包含非 null 值。请考虑添加 "required" 修饰符或将该 属性 声明为可为 null。 [C:\001_AI\LudotsProd_issue709\src\Core\Ludots.Core.csproj]
C:\001_AI\LudotsProd_issue709\src\Core\Input\Interaction\CastDispatchProfile.cs(157,45): warning CS8618: 在退出构造函数时，不可为 null 的 属性 "Router" 必须包含非 null 值。请考虑添加 "required" 修饰符或将该 属性 声明为可为 null。 [C:\001_AI\LudotsProd_issue709\src\Core\Ludots.Core.csproj]
C:\001_AI\LudotsProd_issue709\src\Core\Input\Interaction\CastDispatchProfile.cs(148,52): warning CS8618: 在退出构造函数时，不可为 null 的 属性 "Profiles" 必须包含非 null 值。请考虑添加 "required" 修饰符或将该 属性 声明为可为 null。 [C:\001_AI\LudotsProd_issue709\src\Core\Ludots.Core.csproj]
C:\001_AI\LudotsProd_issue709\src\Core\UI\EntityCommandPanels\AbilityAggregationProfileRegistry.cs(342,50): warning CS8618: 在退出构造函数时，不可为 null 的 字段 "Selector" 必须包含非 null 值。请考虑添加 "required" 修饰符或将该 字段 声明为可为 null。 [C:\001_AI\LudotsProd_issue709\src\Core\Ludots.Core.csproj]
C:\001_AI\LudotsProd_issue709\src\Core\Navigation\NavMesh\Bake\BakePipeline.cs(77,54): warning CS8625: 无法将 null 字面量转换为非 null 的引用类型。 [C:\001_AI\LudotsProd_issue709\src\Core\Ludots.Core.csproj]
C:\001_AI\LudotsProd_issue709\src\Core\Navigation\NavMesh\Bake\Triangulator.cs(179,21): warning CS8625: 无法将 null 字面量转换为非 null 的引用类型。 [C:\001_AI\LudotsProd_issue709\src\Core\Ludots.Core.csproj]
C:\001_AI\LudotsProd_issue709\src\Core\Navigation\NavMesh\Bake\CdtTriangulator.cs(43,21): warning CS8625: 无法将 null 字面量转换为非 null 的引用类型。 [C:\001_AI\LudotsProd_issue709\src\Core\Ludots.Core.csproj]
C:\001_AI\LudotsProd_issue709\src\Core\TransportNetwork\TransportNetworkBakedAsset.cs(32,59): warning CS8601: 可能的 null 引用赋值。 [C:\001_AI\LudotsProd_issue709\src\Core\Ludots.Core.csproj]
C:\001_AI\LudotsProd_issue709\src\Core\TransportNetwork\TransportNetworkBakedAsset.cs(37,60): warning CS8601: 可能的 null 引用赋值。 [C:\001_AI\LudotsProd_issue709\src\Core\Ludots.Core.csproj]
C:\001_AI\LudotsProd_issue709\src\Core\Input\Interaction\CastCommitProfileConfigLoader.cs(89,61): warning CS8619: 类型“KeyValuePair<string, JsonNode?>”的值中引用类型的为 Null 性与目标类型“KeyValuePair<string, JsonNode>”不匹配。 [C:\001_AI\LudotsProd_issue709\src\Core\Ludots.Core.csproj]
C:\001_AI\LudotsProd_issue709\src\Core\Navigation\NavMesh\Bake\BakePipeline.cs(110,54): warning CS8625: 无法将 null 字面量转换为非 null 的引用类型。 [C:\001_AI\LudotsProd_issue709\src\Core\Ludots.Core.csproj]
C:\001_AI\LudotsProd_issue709\src\Core\Navigation\NavMesh\Bake\BakePipeline.cs(123,54): warning CS8625: 无法将 null 字面量转换为非 null 的引用类型。 [C:\001_AI\LudotsProd_issue709\src\Core\Ludots.Core.csproj]
C:\001_AI\LudotsProd_issue709\src\Core\Navigation\NavMesh\Bake\BakePipeline.cs(148,54): warning CS8625: 无法将 null 字面量转换为非 null 的引用类型。 [C:\001_AI\LudotsProd_issue709\src\Core\Ludots.Core.csproj]
C:\001_AI\LudotsProd_issue709\src\Core\Navigation\NavMesh\Bake\BakePipeline.cs(162,54): warning CS8625: 无法将 null 字面量转换为非 null 的引用类型。 [C:\001_AI\LudotsProd_issue709\src\Core\Ludots.Core.csproj]
C:\001_AI\LudotsProd_issue709\src\Core\Navigation\NavMesh\Bake\CdtTriangulator.cs(71,21): warning CS8625: 无法将 null 字面量转换为非 null 的引用类型。 [C:\001_AI\LudotsProd_issue709\src\Core\Ludots.Core.csproj]
C:\001_AI\LudotsProd_issue709\src\Core\Gameplay\GAS\Components\AbilityExecComponents.cs(178,36): warning CS9084: 结构成员按引用返回“此”或其他实例成员 [C:\001_AI\LudotsProd_issue709\src\Core\Ludots.Core.csproj]
C:\001_AI\LudotsProd_issue709\src\Core\Gameplay\GAS\Components\AbilityExecComponents.cs(179,36): warning CS9084: 结构成员按引用返回“此”或其他实例成员 [C:\001_AI\LudotsProd_issue709\src\Core\Ludots.Core.csproj]
C:\001_AI\LudotsProd_issue709\src\Core\Gameplay\GAS\Components\AbilityExecComponents.cs(180,36): warning CS9084: 结构成员按引用返回“此”或其他实例成员 [C:\001_AI\LudotsProd_issue709\src\Core\Ludots.Core.csproj]
C:\001_AI\LudotsProd_issue709\src\Core\Gameplay\GAS\Components\AbilityExecComponents.cs(181,37): warning CS9084: 结构成员按引用返回“此”或其他实例成员 [C:\001_AI\LudotsProd_issue709\src\Core\Ludots.Core.csproj]
C:\001_AI\LudotsProd_issue709\src\Core\Gameplay\GAS\Config\TagRuleSetLoader.cs(57,25): warning CS8604: “void TagRuleSetLoader.FillTagList(JsonNode node, ref int count, int* dst, int max, string field, string id, string path)”中的形参“node”可能传入 null 引用实参。 [C:\001_AI\LudotsProd_issue709\src\Core\Ludots.Core.csproj]
C:\001_AI\LudotsProd_issue709\src\Core\Gameplay\GAS\Config\TagRuleSetLoader.cs(58,25): warning CS8604: “void TagRuleSetLoader.FillTagList(JsonNode node, ref int count, int* dst, int max, string field, string id, string path)”中的形参“node”可能传入 null 引用实参。 [C:\001_AI\LudotsProd_issue709\src\Core\Ludots.Core.csproj]
C:\001_AI\LudotsProd_issue709\src\Core\Gameplay\GAS\Config\TagRuleSetLoader.cs(59,25): warning CS8604: “void TagRuleSetLoader.FillTagList(JsonNode node, ref int count, int* dst, int max, string field, string id, string path)”中的形参“node”可能传入 null 引用实参。 [C:\001_AI\LudotsProd_issue709\src\Core\Ludots.Core.csproj]
C:\001_AI\LudotsProd_issue709\src\Core\Gameplay\GAS\Config\TagRuleSetLoader.cs(60,25): warning CS8604: “void TagRuleSetLoader.FillTagList(JsonNode node, ref int count, int* dst, int max, string field, string id, string path)”中的形参“node”可能传入 null 引用实参。 [C:\001_AI\LudotsProd_issue709\src\Core\Ludots.Core.csproj]
C:\001_AI\LudotsProd_issue709\src\Core\Gameplay\GAS\Config\TagRuleSetLoader.cs(61,25): warning CS8604: “void TagRuleSetLoader.FillTagList(JsonNode node, ref int count, int* dst, int max, string field, string id, string path)”中的形参“node”可能传入 null 引用实参。 [C:\001_AI\LudotsProd_issue709\src\Core\Ludots.Core.csproj]
C:\001_AI\LudotsProd_issue709\src\Core\Gameplay\GAS\Config\TagRuleSetLoader.cs(62,25): warning CS8604: “void TagRuleSetLoader.FillTagList(JsonNode node, ref int count, int* dst, int max, string field, string id, string path)”中的形参“node”可能传入 null 引用实参。 [C:\001_AI\LudotsProd_issue709\src\Core\Ludots.Core.csproj]
C:\001_AI\LudotsProd_issue709\src\Core\Systems\MapLoader.cs(570,52): warning CS8600: 将 null 文本或可能的 null 值转换为不可为 null 类型。 [C:\001_AI\LudotsProd_issue709\src\Core\Ludots.Core.csproj]
C:\001_AI\LudotsProd_issue709\src\Core\Presentation\Config\PresentationPayloadConfigParser.cs(55,38): warning CS8600: 将 null 文本或可能的 null 值转换为不可为 null 类型。 [C:\001_AI\LudotsProd_issue709\src\Core\Ludots.Core.csproj]
C:\001_AI\LudotsProd_issue709\src\Core\Presentation\Config\MeshAssetConfigLoader.cs(49,30): warning CS8600: 将 null 文本或可能的 null 值转换为不可为 null 类型。 [C:\001_AI\LudotsProd_issue709\src\Core\Ludots.Core.csproj]
C:\001_AI\LudotsProd_issue709\src\Core\Gameplay\GAS\Config\TagRuleSetLoader.cs(83,30): warning CS8600: 将 null 文本或可能的 null 值转换为不可为 null 类型。 [C:\001_AI\LudotsProd_issue709\src\Core\Ludots.Core.csproj]
C:\001_AI\LudotsProd_issue709\src\Core\Navigation\NavMesh\Bake\ContourExtractor.cs(360,28): warning CS8603: 可能返回 null 引用。 [C:\001_AI\LudotsProd_issue709\src\Core\Ludots.Core.csproj]
C:\001_AI\LudotsProd_issue709\src\Core\Navigation\NavMesh\Bake\ContourExtractor.cs(389,28): warning CS8603: 可能返回 null 引用。 [C:\001_AI\LudotsProd_issue709\src\Core\Ludots.Core.csproj]
C:\001_AI\LudotsProd_issue709\src\Core\Navigation\NavMesh\Bake\ContourExtractor.cs(398,24): warning CS8603: 可能返回 null 引用。 [C:\001_AI\LudotsProd_issue709\src\Core\Ludots.Core.csproj]
C:\001_AI\LudotsProd_issue709\src\Core\Presentation\Config\MeshAssetConfigLoader.cs(73,36): warning CS8600: 将 null 文本或可能的 null 值转换为不可为 null 类型。 [C:\001_AI\LudotsProd_issue709\src\Core\Ludots.Core.csproj]
C:\001_AI\LudotsProd_issue709\src\Core\Presentation\Config\MeshAssetConfigLoader.cs(79,34): warning CS8600: 将 null 文本或可能的 null 值转换为不可为 null 类型。 [C:\001_AI\LudotsProd_issue709\src\Core\Ludots.Core.csproj]
C:\001_AI\LudotsProd_issue709\src\Core\Presentation\Config\MeshAssetConfigLoader.cs(82,40): warning CS8604: “PrefabPart[] MeshAssetConfigLoader.ParseParts(JsonNode partsNode)”中的形参“partsNode”可能传入 null 引用实参。 [C:\001_AI\LudotsProd_issue709\src\Core\Ludots.Core.csproj]
C:\001_AI\LudotsProd_issue709\src\Core\Input\Interaction\CastCommitProfileConfigLoader.cs(166,53): warning CS8619: 类型“KeyValuePair<string, JsonNode?>”的值中引用类型的为 Null 性与目标类型“KeyValuePair<string, JsonNode>”不匹配。 [C:\001_AI\LudotsProd_issue709\src\Core\Ludots.Core.csproj]
C:\001_AI\LudotsProd_issue709\src\Core\Presentation\Config\MeshAssetConfigLoader.cs(106,30): warning CS8600: 将 null 文本或可能的 null 值转换为不可为 null 类型。 [C:\001_AI\LudotsProd_issue709\src\Core\Ludots.Core.csproj]
C:\001_AI\LudotsProd_issue709\src\Core\Presentation\Config\MeshAssetConfigLoader.cs(116,38): warning CS8600: 将 null 文本或可能的 null 值转换为不可为 null 类型。 [C:\001_AI\LudotsProd_issue709\src\Core\Ludots.Core.csproj]
C:\001_AI\LudotsProd_issue709\src\Core\Presentation\Config\MeshAssetConfigLoader.cs(139,44): warning CS8604: “PrefabPart[] MeshAssetConfigLoader.ParseParts(JsonNode partsNode)”中的形参“partsNode”可能传入 null 引用实参。 [C:\001_AI\LudotsProd_issue709\src\Core\Ludots.Core.csproj]
C:\001_AI\LudotsProd_issue709\src\Core\Engine\GameEngine.cs(2097,73): warning CS8625: 无法将 null 字面量转换为非 null 的引用类型。 [C:\001_AI\LudotsProd_issue709\src\Core\Ludots.Core.csproj]
C:\001_AI\LudotsProd_issue709\src\Core\Presentation\Config\MeshAssetConfigLoader.cs(167,34): warning CS8600: 将 null 文本或可能的 null 值转换为不可为 null 类型。 [C:\001_AI\LudotsProd_issue709\src\Core\Ludots.Core.csproj]
C:\001_AI\LudotsProd_issue709\src\Core\Presentation\Config\MeshAssetConfigLoader.cs(176,49): warning CS8604: “Vector2 MeshAssetConfigLoader.ParseVector2WithDefault(JsonNode node, Vector2 defaultValue)”中的形参“node”可能传入 null 引用实参。 [C:\001_AI\LudotsProd_issue709\src\Core\Ludots.Core.csproj]
C:\001_AI\LudotsProd_issue709\src\Core\Presentation\Config\MeshAssetConfigLoader.cs(183,49): warning CS8604: “Vector2 MeshAssetConfigLoader.ParseVector2WithDefault(JsonNode node, Vector2 defaultValue)”中的形参“node”可能传入 null 引用实参。 [C:\001_AI\LudotsProd_issue709\src\Core\Ludots.Core.csproj]
C:\001_AI\LudotsProd_issue709\src\Core\Presentation\Config\MeshAssetConfigLoader.cs(188,51): warning CS8604: “Vector3 MeshAssetConfigLoader.ParseVector3(JsonNode node)”中的形参“node”可能传入 null 引用实参。 [C:\001_AI\LudotsProd_issue709\src\Core\Ludots.Core.csproj]
C:\001_AI\LudotsProd_issue709\src\Core\Presentation\Config\MeshAssetConfigLoader.cs(189,65): warning CS8604: “Quaternion MeshAssetConfigLoader.ParseQuaternionWithDefault(JsonNode node, Quaternion defaultValue)”中的形参“node”可能传入 null 引用实参。 [C:\001_AI\LudotsProd_issue709\src\Core\Ludots.Core.csproj]
C:\001_AI\LudotsProd_issue709\src\Core\Presentation\Config\MeshAssetConfigLoader.cs(190,59): warning CS8604: “Vector3 MeshAssetConfigLoader.ParseVector3WithDefault(JsonNode node, Vector3 defaultValue)”中的形参“node”可能传入 null 引用实参。 [C:\001_AI\LudotsProd_issue709\src\Core\Ludots.Core.csproj]
C:\001_AI\LudotsProd_issue709\src\Core\Presentation\Config\MeshAssetConfigLoader.cs(191,58): warning CS8604: “Vector4 MeshAssetConfigLoader.ParseVector4WithDefault(JsonNode node, Vector4 defaultValue)”中的形参“node”可能传入 null 引用实参。 [C:\001_AI\LudotsProd_issue709\src\Core\Ludots.Core.csproj]
C:\001_AI\LudotsProd_issue709\src\Core\Presentation\Config\MeshAssetConfigLoader.cs(192,49): warning CS8604: “PrefabPartGrounding MeshAssetConfigLoader.ParseGrounding(JsonNode node)”中的形参“node”可能传入 null 引用实参。 [C:\001_AI\LudotsProd_issue709\src\Core\Ludots.Core.csproj]
C:\001_AI\LudotsProd_issue709\src\Core\Presentation\Config\MeshAssetConfigLoader.cs(195,53): warning CS8604: “Vector2 MeshAssetConfigLoader.ParseVector2WithDefault(JsonNode node, Vector2 defaultValue)”中的形参“node”可能传入 null 引用实参。 [C:\001_AI\LudotsProd_issue709\src\Core\Ludots.Core.csproj]
C:\001_AI\LudotsProd_issue709\src\Core\Presentation\Config\MeshAssetConfigLoader.cs(196,55): warning CS8604: “Vector2 MeshAssetConfigLoader.ParseVector2WithDefault(JsonNode node, Vector2 defaultValue)”中的形参“node”可能传入 null 引用实参。 [C:\001_AI\LudotsProd_issue709\src\Core\Ludots.Core.csproj]
C:\001_AI\LudotsProd_issue709\src\Core\Presentation\Config\PresentationHostAssetConfigLoader.cs(81,53): warning CS8604: “string[] PresentationHostAssetConfigLoader.ParseSourceUris(JsonNode node, string rowId)”中的形参“node”可能传入 null 引用实参。 [C:\001_AI\LudotsProd_issue709\src\Core\Ludots.Core.csproj]
C:\001_AI\LudotsProd_issue709\src\Core\Presentation\Config\PresentationHostAssetConfigLoader.cs(96,84): warning CS8604: “string[] PresentationHostAssetConfigLoader.ParseSourceUris(JsonNode node, string rowId)”中的形参“node”可能传入 null 引用实参。 [C:\001_AI\LudotsProd_issue709\src\Core\Ludots.Core.csproj]
C:\001_AI\LudotsProd_issue709\src\Core\Gameplay\GAS\Config\AbilityExecLoader.cs(172,34): warning CS8600: 将 null 文本或可能的 null 值转换为不可为 null 类型。 [C:\001_AI\LudotsProd_issue709\src\Core\Ludots.Core.csproj]
C:\001_AI\LudotsProd_issue709\src\Core\Gameplay\GAS\Config\AbilityExecLoader.cs(190,43): warning CS8600: 将 null 文本或可能的 null 值转换为不可为 null 类型。 [C:\001_AI\LudotsProd_issue709\src\Core\Ludots.Core.csproj]
C:\001_AI\LudotsProd_issue709\src\Core\Engine\GameEngine.cs(2214,38): warning CS8625: 无法将 null 字面量转换为非 null 的引用类型。 [C:\001_AI\LudotsProd_issue709\src\Core\Ludots.Core.csproj]
C:\001_AI\LudotsProd_issue709\src\Core\Navigation\NavMesh\Bake\BakePipeline.cs(754,92): warning CS8604: “NavBakeArtifact.NavBakeArtifact(NavTileId tileId, uint tileVersion, NavBakeStage stage, NavBakeErrorCode errorCode, string message, int walkableTriangleCount, int vertexCount, int triangleCount, int portalCount, string[] debugLog = null)”中的形参“debugLog”可能传入 null 引用实参。 [C:\001_AI\LudotsProd_issue709\src\Core\Ludots.Core.csproj]
C:\001_AI\LudotsProd_issue709\src\Core\Engine\GameEngine.cs(2262,36): warning CS8600: 将 null 文本或可能的 null 值转换为不可为 null 类型。 [C:\001_AI\LudotsProd_issue709\src\Core\Ludots.Core.csproj]
C:\001_AI\LudotsProd_issue709\src\Core\Engine\GameEngine.cs(2263,27): warning CS8602: 解引用可能出现空引用。 [C:\001_AI\LudotsProd_issue709\src\Core\Ludots.Core.csproj]
C:\001_AI\LudotsProd_issue709\src\Core\Engine\GameEngine.cs(2263,71): warning CS8604: “MapSession MapSessionManager.CreateSession(MapId mapId, MapConfig mapConfig, MapContext parentContext = null)”中的形参“parentContext”可能传入 null 引用实参。 [C:\001_AI\LudotsProd_issue709\src\Core\Ludots.Core.csproj]
C:\001_AI\LudotsProd_issue709\src\Core\Engine\GameEngine.cs(2386,38): warning CS8625: 无法将 null 字面量转换为非 null 的引用类型。 [C:\001_AI\LudotsProd_issue709\src\Core\Ludots.Core.csproj]
C:\001_AI\LudotsProd_issue709\src\Core\Gameplay\GAS\Config\AbilityExecLoader.cs(385,31): warning CS8600: 将 null 文本或可能的 null 值转换为不可为 null 类型。 [C:\001_AI\LudotsProd_issue709\src\Core\Ludots.Core.csproj]
C:\001_AI\LudotsProd_issue709\src\Core\Gameplay\GAS\Config\AbilityExecLoader.cs(389,29): warning CS8600: 将 null 文本或可能的 null 值转换为不可为 null 类型。 [C:\001_AI\LudotsProd_issue709\src\Core\Ludots.Core.csproj]
C:\001_AI\LudotsProd_issue709\src\Core\Gameplay\GAS\Config\AbilityExecLoader.cs(393,34): warning CS8600: 将 null 文本或可能的 null 值转换为不可为 null 类型。 [C:\001_AI\LudotsProd_issue709\src\Core\Ludots.Core.csproj]
C:\001_AI\LudotsProd_issue709\src\Core\Presentation\Config\PerformerDefinitionConfigLoader.cs(498,56): warning CS8600: 将 null 文本或可能的 null 值转换为不可为 null 类型。 [C:\001_AI\LudotsProd_issue709\src\Core\Ludots.Core.csproj]
C:\001_AI\LudotsProd_issue709\src\Core\Presentation\Config\PerformerDefinitionConfigLoader.cs(504,87): warning CS8600: 将 null 文本或可能的 null 值转换为不可为 null 类型。 [C:\001_AI\LudotsProd_issue709\src\Core\Ludots.Core.csproj]
C:\001_AI\LudotsProd_issue709\src\Core\Engine\GameEngine.cs(2577,30): warning CS8625: 无法将 null 字面量转换为非 null 的引用类型。 [C:\001_AI\LudotsProd_issue709\src\Core\Ludots.Core.csproj]
C:\001_AI\LudotsProd_issue709\src\Core\Engine\GameEngine.cs(2608,25): warning CS8625: 无法将 null 字面量转换为非 null 的引用类型。 [C:\001_AI\LudotsProd_issue709\src\Core\Ludots.Core.csproj]
C:\001_AI\LudotsProd_issue709\src\Core\Engine\GameEngine.cs(2609,28): warning CS8625: 无法将 null 字面量转换为非 null 的引用类型。 [C:\001_AI\LudotsProd_issue709\src\Core\Ludots.Core.csproj]
C:\001_AI\LudotsProd_issue709\src\Core\Engine\GameEngine.cs(2618,39): warning CS8600: 将 null 文本或可能的 null 值转换为不可为 null 类型。 [C:\001_AI\LudotsProd_issue709\src\Core\Ludots.Core.csproj]
C:\001_AI\LudotsProd_issue709\src\Core\Engine\GameEngine.cs(2661,50): warning CS8603: 可能返回 null 引用。 [C:\001_AI\LudotsProd_issue709\src\Core\Ludots.Core.csproj]
C:\001_AI\LudotsProd_issue709\src\Core\Engine\GameEngine.cs(2669,20): warning CS8603: 可能返回 null 引用。 [C:\001_AI\LudotsProd_issue709\src\Core\Ludots.Core.csproj]
C:\001_AI\LudotsProd_issue709\src\Core\Engine\GameEngine.cs(2674,61): warning CS8603: 可能返回 null 引用。 [C:\001_AI\LudotsProd_issue709\src\Core\Ludots.Core.csproj]
C:\001_AI\LudotsProd_issue709\src\Core\Engine\GameEngine.cs(2695,29): warning CS8600: 将 null 文本或可能的 null 值转换为不可为 null 类型。 [C:\001_AI\LudotsProd_issue709\src\Core\Ludots.Core.csproj]
C:\001_AI\LudotsProd_issue709\src\Core\Engine\GameEngine.cs(2713,40): warning CS8603: 可能返回 null 引用。 [C:\001_AI\LudotsProd_issue709\src\Core\Ludots.Core.csproj]
C:\001_AI\LudotsProd_issue709\src\Core\Engine\GameEngine.cs(2722,24): warning CS8603: 可能返回 null 引用。 [C:\001_AI\LudotsProd_issue709\src\Core\Ludots.Core.csproj]
C:\001_AI\LudotsProd_issue709\src\Core\Engine\GameEngine.cs(2692,32): warning CS8603: 可能返回 null 引用。 [C:\001_AI\LudotsProd_issue709\src\Core\Ludots.Core.csproj]
C:\001_AI\LudotsProd_issue709\src\Core\Engine\GameEngine.cs(2741,39): warning CS8600: 将 null 文本或可能的 null 值转换为不可为 null 类型。 [C:\001_AI\LudotsProd_issue709\src\Core\Ludots.Core.csproj]
C:\001_AI\LudotsProd_issue709\src\Core\Engine\GameEngine.cs(2742,38): warning CS8604: “void List<Trigger>.Add(Trigger item)”中的形参“item”可能传入 null 引用实参。 [C:\001_AI\LudotsProd_issue709\src\Core\Ludots.Core.csproj]
C:\001_AI\LudotsProd_issue709\src\Core\Engine\GameEngine.cs(2761,43): warning CS8600: 将 null 文本或可能的 null 值转换为不可为 null 类型。 [C:\001_AI\LudotsProd_issue709\src\Core\Ludots.Core.csproj]
C:\001_AI\LudotsProd_issue709\src\Core\Engine\GameEngine.cs(2762,42): warning CS8604: “void List<Trigger>.Add(Trigger item)”中的形参“item”可能传入 null 引用实参。 [C:\001_AI\LudotsProd_issue709\src\Core\Ludots.Core.csproj]
C:\001_AI\LudotsProd_issue709\src\Core\Engine\GameEngine.cs(2801,20): warning CS8603: 可能返回 null 引用。 [C:\001_AI\LudotsProd_issue709\src\Core\Ludots.Core.csproj]
C:\001_AI\LudotsProd_issue709\src\Core\Presentation\Config\PerformerDefinitionConfigLoader.cs(924,51): warning CS8600: 将 null 文本或可能的 null 值转换为不可为 null 类型。 [C:\001_AI\LudotsProd_issue709\src\Core\Ludots.Core.csproj]
C:\001_AI\LudotsProd_issue709\src\Core\Presentation\Config\PerformerDefinitionConfigLoader.cs(963,29): warning CS8600: 将 null 文本或可能的 null 值转换为不可为 null 类型。 [C:\001_AI\LudotsProd_issue709\src\Core\Ludots.Core.csproj]
C:\001_AI\LudotsProd_issue709\src\Core\Presentation\Config\PerformerDefinitionConfigLoader.cs(1095,51): warning CS8600: 将 null 文本或可能的 null 值转换为不可为 null 类型。 [C:\001_AI\LudotsProd_issue709\src\Core\Ludots.Core.csproj]
C:\001_AI\LudotsProd_issue709\src\Core\Engine\GameEngine.cs(2942,53): warning CS8600: 将 null 文本或可能的 null 值转换为不可为 null 类型。 [C:\001_AI\LudotsProd_issue709\src\Core\Ludots.Core.csproj]
C:\001_AI\LudotsProd_issue709\src\Core\Engine\GameEngine.cs(2943,45): warning CS8600: 将 null 文本或可能的 null 值转换为不可为 null 类型。 [C:\001_AI\LudotsProd_issue709\src\Core\Ludots.Core.csproj]
C:\001_AI\LudotsProd_issue709\src\Core\Engine\GameEngine.cs(2951,40): warning CS8600: 将 null 文本或可能的 null 值转换为不可为 null 类型。 [C:\001_AI\LudotsProd_issue709\src\Core\Ludots.Core.csproj]
C:\001_AI\LudotsProd_issue709\src\Core\Engine\GameEngine.cs(2985,94): warning CS8604: “IPathService GameEngine.CreateDefaultNavMeshPathService(PathingConfig pathingConfig, NavQueryServiceRegistry navRegistry, NavMeshProfileRegistry navProfiles, AgentProfileRegistry agentProfiles, PathStore pathStore)”中的形参“navRegistry”可能传入 null 引用实参。 [C:\001_AI\LudotsProd_issue709\src\Core\Ludots.Core.csproj]
C:\001_AI\LudotsProd_issue709\src\Core\Engine\GameEngine.cs(2985,107): warning CS8604: “IPathService GameEngine.CreateDefaultNavMeshPathService(PathingConfig pathingConfig, NavQueryServiceRegistry navRegistry, NavMeshProfileRegistry navProfiles, AgentProfileRegistry agentProfiles, PathStore pathStore)”中的形参“navProfiles”可能传入 null 引用实参。 [C:\001_AI\LudotsProd_issue709\src\Core\Ludots.Core.csproj]
C:\001_AI\LudotsProd_issue709\src\Core\Engine\GameEngine.cs(2989,57): warning CS8604: “PathServiceRouter.PathServiceRouter(IPathService nodeGraph, IPathService navMesh, IPathService auto, PathStore store)”中的形参“nodeGraph”可能传入 null 引用实参。 [C:\001_AI\LudotsProd_issue709\src\Core\Ludots.Core.csproj]
C:\001_AI\LudotsProd_issue709\src\Core\Presentation\Config\PerformerDefinitionConfigLoader.cs(1148,51): warning CS8600: 将 null 文本或可能的 null 值转换为不可为 null 类型。 [C:\001_AI\LudotsProd_issue709\src\Core\Ludots.Core.csproj]
C:\001_AI\LudotsProd_issue709\src\Core\Engine\GameEngine.cs(3174,32): warning CS8600: 将 null 文本或可能的 null 值转换为不可为 null 类型。 [C:\001_AI\LudotsProd_issue709\src\Core\Ludots.Core.csproj]
C:\001_AI\LudotsProd_issue709\src\Core\Engine\GameEngine.cs(3180,31): warning CS8600: 将 null 文本或可能的 null 值转换为不可为 null 类型。 [C:\001_AI\LudotsProd_issue709\src\Core\Ludots.Core.csproj]
C:\001_AI\LudotsProd_issue709\src\Core\Engine\GameEngine.cs(3194,23): warning CS8601: 可能的 null 引用赋值。 [C:\001_AI\LudotsProd_issue709\src\Core\Ludots.Core.csproj]
C:\001_AI\LudotsProd_issue709\src\Core\Engine\GameEngine.cs(3202,19): warning CS8625: 无法将 null 字面量转换为非 null 的引用类型。 [C:\001_AI\LudotsProd_issue709\src\Core\Ludots.Core.csproj]
C:\001_AI\LudotsProd_issue709\src\Core\Engine\GameEngine.cs(3242,28): warning CS8600: 将 null 文本或可能的 null 值转换为不可为 null 类型。 [C:\001_AI\LudotsProd_issue709\src\Core\Ludots.Core.csproj]
C:\001_AI\LudotsProd_issue709\src\Core\Engine\GameEngine.cs(3458,33): warning CS8625: 无法将 null 字面量转换为非 null 的引用类型。 [C:\001_AI\LudotsProd_issue709\src\Core\Ludots.Core.csproj]
C:\001_AI\LudotsProd_issue709\src\Core\Engine\GameEngine.cs(3465,25): warning CS8625: 无法将 null 字面量转换为非 null 的引用类型。 [C:\001_AI\LudotsProd_issue709\src\Core\Ludots.Core.csproj]
C:\001_AI\LudotsProd_issue709\src\Core\Engine\GameEngine.cs(3474,35): warning CS8625: 无法将 null 字面量转换为非 null 的引用类型。 [C:\001_AI\LudotsProd_issue709\src\Core\Ludots.Core.csproj]
C:\001_AI\LudotsProd_issue709\src\Core\Engine\GameEngine.cs(3475,36): warning CS8625: 无法将 null 字面量转换为非 null 的引用类型。 [C:\001_AI\LudotsProd_issue709\src\Core\Ludots.Core.csproj]
C:\001_AI\LudotsProd_issue709\src\Core\Engine\GameEngine.cs(3476,37): warning CS8625: 无法将 null 字面量转换为非 null 的引用类型。 [C:\001_AI\LudotsProd_issue709\src\Core\Ludots.Core.csproj]
C:\001_AI\LudotsProd_issue709\src\Core\Engine\GameEngine.cs(3477,34): warning CS8625: 无法将 null 字面量转换为非 null 的引用类型。 [C:\001_AI\LudotsProd_issue709\src\Core\Ludots.Core.csproj]
C:\001_AI\LudotsProd_issue709\src\Core\Engine\GameEngine.cs(3478,41): warning CS8625: 无法将 null 字面量转换为非 null 的引用类型。 [C:\001_AI\LudotsProd_issue709\src\Core\Ludots.Core.csproj]
C:\001_AI\LudotsProd_issue709\src\Core\Engine\GameEngine.cs(3479,42): warning CS8625: 无法将 null 字面量转换为非 null 的引用类型。 [C:\001_AI\LudotsProd_issue709\src\Core\Ludots.Core.csproj]
C:\001_AI\LudotsProd_issue709\src\Core\Engine\GameEngine.cs(3480,40): warning CS8625: 无法将 null 字面量转换为非 null 的引用类型。 [C:\001_AI\LudotsProd_issue709\src\Core\Ludots.Core.csproj]
C:\001_AI\LudotsProd_issue709\src\Core\Engine\GameEngine.cs(3481,35): warning CS8625: 无法将 null 字面量转换为非 null 的引用类型。 [C:\001_AI\LudotsProd_issue709\src\Core\Ludots.Core.csproj]
C:\001_AI\LudotsProd_issue709\src\Core\Engine\GameEngine.cs(3482,44): warning CS8625: 无法将 null 字面量转换为非 null 的引用类型。 [C:\001_AI\LudotsProd_issue709\src\Core\Ludots.Core.csproj]
C:\001_AI\LudotsProd_issue709\src\Core\Engine\GameEngine.cs(3483,46): warning CS8625: 无法将 null 字面量转换为非 null 的引用类型。 [C:\001_AI\LudotsProd_issue709\src\Core\Ludots.Core.csproj]
C:\001_AI\LudotsProd_issue709\src\Core\Engine\GameEngine.cs(3484,38): warning CS8625: 无法将 null 字面量转换为非 null 的引用类型。 [C:\001_AI\LudotsProd_issue709\src\Core\Ludots.Core.csproj]
C:\001_AI\LudotsProd_issue709\src\Core\Engine\GameEngine.cs(3485,36): warning CS8625: 无法将 null 字面量转换为非 null 的引用类型。 [C:\001_AI\LudotsProd_issue709\src\Core\Ludots.Core.csproj]
C:\001_AI\LudotsProd_issue709\src\Core\Engine\GameEngine.cs(3486,33): warning CS8625: 无法将 null 字面量转换为非 null 的引用类型。 [C:\001_AI\LudotsProd_issue709\src\Core\Ludots.Core.csproj]
C:\001_AI\LudotsProd_issue709\src\Core\Engine\GameEngine.cs(3487,31): warning CS8625: 无法将 null 字面量转换为非 null 的引用类型。 [C:\001_AI\LudotsProd_issue709\src\Core\Ludots.Core.csproj]
C:\001_AI\LudotsProd_issue709\src\Core\Engine\GameEngine.cs(3488,36): warning CS8625: 无法将 null 字面量转换为非 null 的引用类型。 [C:\001_AI\LudotsProd_issue709\src\Core\Ludots.Core.csproj]
C:\001_AI\LudotsProd_issue709\src\Core\Engine\GameEngine.cs(3489,30): warning CS8625: 无法将 null 字面量转换为非 null 的引用类型。 [C:\001_AI\LudotsProd_issue709\src\Core\Ludots.Core.csproj]
C:\001_AI\LudotsProd_issue709\src\Core\Engine\GameEngine.cs(3490,25): warning CS8625: 无法将 null 字面量转换为非 null 的引用类型。 [C:\001_AI\LudotsProd_issue709\src\Core\Ludots.Core.csproj]
C:\001_AI\LudotsProd_issue709\src\Core\Engine\GameEngine.cs(3491,38): warning CS8625: 无法将 null 字面量转换为非 null 的引用类型。 [C:\001_AI\LudotsProd_issue709\src\Core\Ludots.Core.csproj]
C:\001_AI\LudotsProd_issue709\src\Core\Engine\GameEngine.cs(3492,45): warning CS8625: 无法将 null 字面量转换为非 null 的引用类型。 [C:\001_AI\LudotsProd_issue709\src\Core\Ludots.Core.csproj]
C:\001_AI\LudotsProd_issue709\src\Core\Engine\GameEngine.cs(3493,28): warning CS8625: 无法将 null 字面量转换为非 null 的引用类型。 [C:\001_AI\LudotsProd_issue709\src\Core\Ludots.Core.csproj]
C:\001_AI\LudotsProd_issue709\src\Core\Engine\GameEngine.cs(3494,30): warning CS8625: 无法将 null 字面量转换为非 null 的引用类型。 [C:\001_AI\LudotsProd_issue709\src\Core\Ludots.Core.csproj]
C:\001_AI\LudotsProd_issue709\src\Core\Engine\GameEngine.cs(3495,29): warning CS8625: 无法将 null 字面量转换为非 null 的引用类型。 [C:\001_AI\LudotsProd_issue709\src\Core\Ludots.Core.csproj]
C:\001_AI\LudotsProd_issue709\src\Core\Engine\GameEngine.cs(3660,21): warning CS8604: “void InstancedBatchCapabilityValidator.Validate(InstancedBatchRequestBuffer requests, InstancedBatchOperationBuffer operations, PresentationAdapterCapabilities? capabilities)”中的形参“requests”可能传入 null 引用实参。 [C:\001_AI\LudotsProd_issue709\src\Core\Ludots.Core.csproj]
C:\001_AI\LudotsProd_issue709\src\Core\Engine\GameEngine.cs(3661,21): warning CS8604: “void InstancedBatchCapabilityValidator.Validate(InstancedBatchRequestBuffer requests, InstancedBatchOperationBuffer operations, PresentationAdapterCapabilities? capabilities)”中的形参“operations”可能传入 null 引用实参。 [C:\001_AI\LudotsProd_issue709\src\Core\Ludots.Core.csproj]
C:\001_AI\LudotsProd_issue709\src\Core\Engine\GameEngine.MapLoadLifecycle.cs(109,82): warning CS8604: “MapFeatureFlags MapFeatureFlags.FromTags(IReadOnlyList<string> tags)”中的形参“tags”可能传入 null 引用实参。 [C:\001_AI\LudotsProd_issue709\src\Core\Ludots.Core.csproj]
C:\001_AI\LudotsProd_issue709\src\Core\Engine\GameEngine.MapLoadLifecycle.cs(205,79): warning CS8604: “MapFeatureFlags MapFeatureFlags.FromTags(IReadOnlyList<string> tags)”中的形参“tags”可能传入 null 引用实参。 [C:\001_AI\LudotsProd_issue709\src\Core\Ludots.Core.csproj]
C:\001_AI\LudotsProd_issue709\src\Core\Gameplay\GAS\ExtensionAttributeRegistry.cs(66,50): warning CS8601: 可能的 null 引用赋值。 [C:\001_AI\LudotsProd_issue709\src\Core\Ludots.Core.csproj]
C:\001_AI\LudotsProd_issue709\src\Core\Gameplay\GAS\GasController.cs(113,50): warning CS0162: 检测到无法访问的代码 [C:\001_AI\LudotsProd_issue709\src\Core\Ludots.Core.csproj]
C:\001_AI\LudotsProd_issue709\src\Core\Gameplay\GAS\EffectTemplateRegistry.cs(385,64): warning CS8618: 在退出构造函数时，不可为 null 的 字段 "_conflictReport" 必须包含非 null 值。请考虑添加 "required" 修饰符或将该 字段 声明为可为 null。 [C:\001_AI\LudotsProd_issue709\src\Core\Ludots.Core.csproj]
C:\001_AI\LudotsProd_issue709\src\Core\MassNavigation\Runtime\MassNavigationConfig.cs(585,20): warning CS8603: 可能返回 null 引用。 [C:\001_AI\LudotsProd_issue709\src\Core\Ludots.Core.csproj]
C:\001_AI\LudotsProd_issue709\src\Core\Gameplay\GAS\Orders\OrderTypeConfigLoader.cs(77,46): warning CS8604: “void OrderTypeConfigLoader.RegisterConfiguredBlackboardKeys(IReadOnlyDictionary<string, JsonNode?> configuredKeys, string path)”中的形参“configuredKeys”可能传入 null 引用实参。 [C:\001_AI\LudotsProd_issue709\src\Core\Ludots.Core.csproj]
C:\001_AI\LudotsProd_issue709\src\Core\Gameplay\GAS\Config\EffectTemplateLoader.cs(307,58): warning CS8604: “GasConditionHandle EffectTemplateLoader.CompileExpireCondition(ExpireConditionConfig cfg, string effectId, string path)”中的形参“cfg”可能传入 null 引用实参。 [C:\001_AI\LudotsProd_issue709\src\Core\Ludots.Core.csproj]
C:\001_AI\LudotsProd_issue709\src\Core\Gameplay\GAS\Config\EffectTemplateLoader.cs(308,50): warning CS8604: “EffectGrantedTags EffectTemplateLoader.CompileGrantedTags(List<GrantedTagConfig> cfgs, string effectId, string path)”中的形参“cfgs”可能传入 null 引用实参。 [C:\001_AI\LudotsProd_issue709\src\Core\Ludots.Core.csproj]
C:\001_AI\LudotsProd_issue709\src\Core\Gameplay\GAS\Config\EffectTemplateLoader.cs(309,32): warning CS8604: “void EffectTemplateLoader.CompileStackConfig(StackConfig cfg, string effectId, string path, out bool hasStackPolicy, out StackPolicy stackPolicy, out StackOverflowPolicy stackOverflowPolicy, out int stackLimit)”中的形参“cfg”可能传入 null 引用实参。 [C:\001_AI\LudotsProd_issue709\src\Core\Ludots.Core.csproj]
C:\001_AI\LudotsProd_issue709\src\Core\Gameplay\GAS\Config\EffectTemplateLoader.cs(313,48): warning CS8604: “ProjectileDescriptor EffectTemplateLoader.CompileProjectile(ProjectileConfig cfg, string ownerId, string relativePath)”中的形参“cfg”可能传入 null 引用实参。 [C:\001_AI\LudotsProd_issue709\src\Core\Ludots.Core.csproj]
C:\001_AI\LudotsProd_issue709\src\Core\Gameplay\GAS\Config\EffectTemplateLoader.cs(314,52): warning CS8604: “UnitCreationDescriptor EffectTemplateLoader.CompileUnitCreation(UnitCreationConfig cfg, string ownerId, string relativePath)”中的形参“cfg”可能传入 null 引用实参。 [C:\001_AI\LudotsProd_issue709\src\Core\Ludots.Core.csproj]
C:\001_AI\LudotsProd_issue709\src\Core\Gameplay\GAS\Config\EffectTemplateLoader.cs(315,52): warning CS8604: “DisplacementDescriptor EffectTemplateLoader.CompileDisplacement(DisplacementConfig cfg, string ownerId, string relativePath)”中的形参“cfg”可能传入 null 引用实参。 [C:\001_AI\LudotsProd_issue709\src\Core\Ludots.Core.csproj]
C:\001_AI\LudotsProd_issue709\src\Core\Gameplay\GAS\Config\EffectTemplateLoader.cs(316,44): warning CS8604: “RelationDescriptor EffectTemplateLoader.CompileRelation(RelationConfig cfg, string ownerId, string relativePath)”中的形参“cfg”可能传入 null 引用实参。 [C:\001_AI\LudotsProd_issue709\src\Core\Ludots.Core.csproj]
C:\001_AI\LudotsProd_issue709\src\Core\Engine\GameEngine.MapLoadLifecycle.cs(314,69): warning CS8600: 将 null 文本或可能的 null 值转换为不可为 null 类型。 [C:\001_AI\LudotsProd_issue709\src\Core\Ludots.Core.csproj]
C:\001_AI\LudotsProd_issue709\src\Core\Engine\GameEngine.MapLoadLifecycle.cs(325,42): warning CS8600: 将 null 文本或可能的 null 值转换为不可为 null 类型。 [C:\001_AI\LudotsProd_issue709\src\Core\Ludots.Core.csproj]
C:\001_AI\LudotsProd_issue709\src\Core\Engine\GameEngine.MapLoadLifecycle.cs(361,67): warning CS8600: 将 null 文本或可能的 null 值转换为不可为 null 类型。 [C:\001_AI\LudotsProd_issue709\src\Core\Ludots.Core.csproj]
C:\001_AI\LudotsProd_issue709\src\Core\Engine\GameEngine.MapLoadLifecycle.cs(372,38): warning CS8600: 将 null 文本或可能的 null 值转换为不可为 null 类型。 [C:\001_AI\LudotsProd_issue709\src\Core\Ludots.Core.csproj]
C:\001_AI\LudotsProd_issue709\src\Core\Gameplay\GAS\Orders\OrderTypeConfigLoader.cs(94,46): warning CS8604: “void OrderTypeConfigLoader.RegisterConfiguredBlackboardKeys(IReadOnlyDictionary<string, JsonNode?> configuredKeys, string path)”中的形参“configuredKeys”可能传入 null 引用实参。 [C:\001_AI\LudotsProd_issue709\src\Core\Ludots.Core.csproj]
C:\001_AI\LudotsProd_issue709\src\Core\Gameplay\GAS\Orders\OrderTypeConfigLoader.cs(97,88): warning CS8604: “List<KeyValuePair<string, OrderTypeConfigJson>>.List(IEnumerable<KeyValuePair<string, OrderTypeConfigJson>> collection)”中的形参“collection”可能传入 null 引用实参。 [C:\001_AI\LudotsProd_issue709\src\Core\Ludots.Core.csproj]
C:\001_AI\LudotsProd_issue709\src\Core\Gameplay\GAS\Orders\OrderTypeConfigLoader.cs(125,33): warning CS8602: 解引用可能出现空引用。 [C:\001_AI\LudotsProd_issue709\src\Core\Ludots.Core.csproj]
C:\001_AI\LudotsProd_issue709\src\Core\Navigation\NavMesh\Bake\GridMeshBuilder.cs(43,21): warning CS8625: 无法将 null 字面量转换为非 null 的引用类型。 [C:\001_AI\LudotsProd_issue709\src\Core\Ludots.Core.csproj]
C:\001_AI\LudotsProd_issue709\src\Core\Engine\GameEngine.MapLoadLifecycle.cs(472,87): warning CS8600: 将 null 文本或可能的 null 值转换为不可为 null 类型。 [C:\001_AI\LudotsProd_issue709\src\Core\Ludots.Core.csproj]
C:\001_AI\LudotsProd_issue709\src\Core\Engine\GameEngine.MapLoadLifecycle.cs(482,83): warning CS8600: 将 null 文本或可能的 null 值转换为不可为 null 类型。 [C:\001_AI\LudotsProd_issue709\src\Core\Ludots.Core.csproj]
C:\001_AI\LudotsProd_issue709\src\Core\Engine\GameEngine.MapLoadLifecycle.cs(520,58): warning CS8600: 将 null 文本或可能的 null 值转换为不可为 null 类型。 [C:\001_AI\LudotsProd_issue709\src\Core\Ludots.Core.csproj]
C:\001_AI\LudotsProd_issue709\src\Core\Presentation\Config\PerformerDefinitionConfigLoader.cs(2225,51): warning CS8600: 将 null 文本或可能的 null 值转换为不可为 null 类型。 [C:\001_AI\LudotsProd_issue709\src\Core\Ludots.Core.csproj]
C:\001_AI\LudotsProd_issue709\src\Core\Navigation\NavMesh\Bake\NavBakeService.cs(178,65): warning CS8600: 将 null 文本或可能的 null 值转换为不可为 null 类型。 [C:\001_AI\LudotsProd_issue709\src\Core\Ludots.Core.csproj]
C:\001_AI\LudotsProd_issue709\src\Core\Engine\GameEngine.MapLoadLifecycle.cs(544,60): warning CS8600: 将 null 文本或可能的 null 值转换为不可为 null 类型。 [C:\001_AI\LudotsProd_issue709\src\Core\Ludots.Core.csproj]
C:\001_AI\LudotsProd_issue709\src\Core\Presentation\Config\PerformerDefinitionConfigLoader.cs(2258,51): warning CS8600: 将 null 文本或可能的 null 值转换为不可为 null 类型。 [C:\001_AI\LudotsProd_issue709\src\Core\Ludots.Core.csproj]
C:\001_AI\LudotsProd_issue709\src\Core\Presentation\Config\PerformerDefinitionConfigLoader.cs(2288,51): warning CS8600: 将 null 文本或可能的 null 值转换为不可为 null 类型。 [C:\001_AI\LudotsProd_issue709\src\Core\Ludots.Core.csproj]
C:\001_AI\LudotsProd_issue709\src\Core\Engine\GameEngine.cs(162,38): warning CS8618: 在退出构造函数时，不可为 null 的 字段 "_effectTemplateLoader" 必须包含非 null 值。请考虑添加 "required" 修饰符或将该 字段 声明为可为 null。 [C:\001_AI\LudotsProd_issue709\src\Core\Ludots.Core.csproj]
C:\001_AI\LudotsProd_issue709\src\Core\Engine\GameEngine.cs(163,40): warning CS8618: 在退出构造函数时，不可为 null 的 字段 "_cooperativeSimulation" 必须包含非 null 值。请考虑添加 "required" 修饰符或将该 字段 声明为可为 null。 [C:\001_AI\LudotsProd_issue709\src\Core\Ludots.Core.csproj]
C:\001_AI\LudotsProd_issue709\src\Core\Engine\GameEngine.cs(173,35): warning CS8618: 在退出构造函数时，不可为 null 的 属性 "VFS" 必须包含非 null 值。请考虑添加 "required" 修饰符或将该 属性 声明为可为 null。 [C:\001_AI\LudotsProd_issue709\src\Core\Ludots.Core.csproj]
C:\001_AI\LudotsProd_issue709\src\Core\Engine\GameEngine.cs(174,33): warning CS8618: 在退出构造函数时，不可为 null 的 属性 "FunctionRegistry" 必须包含非 null 值。请考虑添加 "required" 修饰符或将该 属性 声明为可为 null。 [C:\001_AI\LudotsProd_issue709\src\Core\Ludots.Core.csproj]
C:\001_AI\LudotsProd_issue709\src\Core\Engine\GameEngine.cs(175,31): warning CS8618: 在退出构造函数时，不可为 null 的 属性 "TriggerManager" 必须包含非 null 值。请考虑添加 "required" 修饰符或将该 属性 声明为可为 null。 [C:\001_AI\LudotsProd_issue709\src\Core\Ludots.Core.csproj]
C:\001_AI\LudotsProd_issue709\src\Core\Engine\GameEngine.cs(176,26): warning CS8618: 在退出构造函数时，不可为 null 的 属性 "ModLoader" 必须包含非 null 值。请考虑添加 "required" 修饰符或将该 属性 声明为可为 null。 [C:\001_AI\LudotsProd_issue709\src\Core\Ludots.Core.csproj]
C:\001_AI\LudotsProd_issue709\src\Core\Engine\GameEngine.cs(177,28): warning CS8618: 在退出构造函数时，不可为 null 的 属性 "MapManager" 必须包含非 null 值。请考虑添加 "required" 修饰符或将该 属性 声明为可为 null。 [C:\001_AI\LudotsProd_issue709\src\Core\Ludots.Core.csproj]
C:\001_AI\LudotsProd_issue709\src\Core\Engine\GameEngine.cs(178,31): warning CS8618: 在退出构造函数时，不可为 null 的 属性 "ConfigPipeline" 必须包含非 null 值。请考虑添加 "required" 修饰符或将该 属性 声明为可为 null。 [C:\001_AI\LudotsProd_issue709\src\Core\Ludots.Core.csproj]
C:\001_AI\LudotsProd_issue709\src\Core\Engine\GameEngine.cs(179,26): warning CS8618: 在退出构造函数时，不可为 null 的 属性 "MapLoader" 必须包含非 null 值。请考虑添加 "required" 修饰符或将该 属性 声明为可为 null。 [C:\001_AI\LudotsProd_issue709\src\Core\Ludots.Core.csproj]
C:\001_AI\LudotsProd_issue709\src\Core\Engine\GameEngine.cs(180,38): warning CS8618: 在退出构造函数时，不可为 null 的 属性 "SystemFactoryRegistry" 必须包含非 null 值。请考虑添加 "required" 修饰符或将该 属性 声明为可为 null。 [C:\001_AI\LudotsProd_issue709\src\Core\Ludots.Core.csproj]
C:\001_AI\LudotsProd_issue709\src\Core\Engine\GameEngine.cs(181,41): warning CS8618: 在退出构造函数时，不可为 null 的 属性 "TriggerDecoratorRegistry" 必须包含非 null 值。请考虑添加 "required" 修饰符或将该 属性 声明为可为 null。 [C:\001_AI\LudotsProd_issue709\src\Core\Ludots.Core.csproj]
C:\001_AI\LudotsProd_issue709\src\Core\Engine\GameEngine.cs(184,22): warning CS8618: 在退出构造函数时，不可为 null 的 属性 "World" 必须包含非 null 值。请考虑添加 "required" 修饰符或将该 属性 声明为可为 null。 [C:\001_AI\LudotsProd_issue709\src\Core\Ludots.Core.csproj]
C:\001_AI\LudotsProd_issue709\src\Core\Engine\GameEngine.cs(185,25): warning CS8618: 在退出构造函数时，不可为 null 的 属性 "WorldMap" 必须包含非 null 值。请考虑添加 "required" 修饰符或将该 属性 声明为可为 null。 [C:\001_AI\LudotsProd_issue709\src\Core\Ludots.Core.csproj]
C:\001_AI\LudotsProd_issue709\src\Core\Engine\GameEngine.cs(186,26): warning CS8618: 在退出构造函数时，不可为 null 的 属性 "VertexMap" 必须包含非 null 值。请考虑添加 "required" 修饰符或将该 属性 声明为可为 null。 [C:\001_AI\LudotsProd_issue709\src\Core\Ludots.Core.csproj]
C:\001_AI\LudotsProd_issue709\src\Core\Engine\GameEngine.cs(187,34): warning CS8618: 在退出构造函数时，不可为 null 的 属性 "LogicTerrain" 必须包含非 null 值。请考虑添加 "required" 修饰符或将该 属性 声明为可为 null。 [C:\001_AI\LudotsProd_issue709\src\Core\Ludots.Core.csproj]
C:\001_AI\LudotsProd_issue709\src\Core\Engine\GameEngine.cs(188,29): warning CS8618: 在退出构造函数时，不可为 null 的 属性 "PhysicsWorld" 必须包含非 null 值。请考虑添加 "required" 修饰符或将该 属性 声明为可为 null。 [C:\001_AI\LudotsProd_issue709\src\Core\Ludots.Core.csproj]
C:\001_AI\LudotsProd_issue709\src\Core\Engine\GameEngine.cs(189,28): warning CS8618: 在退出构造函数时，不可为 null 的 属性 "GameSession" 必须包含非 null 值。请考虑添加 "required" 修饰符或将该 属性 声明为可为 null。 [C:\001_AI\LudotsProd_issue709\src\Core\Ludots.Core.csproj]
C:\001_AI\LudotsProd_issue709\src\Core\Engine\GameEngine.cs(191,44): warning CS8618: 在退出构造函数时，不可为 null 的 属性 "SpatialCoords" 必须包含非 null 值。请考虑添加 "required" 修饰符或将该 属性 声明为可为 null。 [C:\001_AI\LudotsProd_issue709\src\Core\Ludots.Core.csproj]
C:\001_AI\LudotsProd_issue709\src\Core\Engine\GameEngine.cs(192,37): warning CS8618: 在退出构造函数时，不可为 null 的 属性 "SpatialQueries" 必须包含非 null 值。请考虑添加 "required" 修饰符或将该 属性 声明为可为 null。 [C:\001_AI\LudotsProd_issue709\src\Core\Ludots.Core.csproj]
C:\001_AI\LudotsProd_issue709\src\Core\Engine\GameEngine.cs(195,34): warning CS8618: 在退出构造函数时，不可为 null 的 属性 "MapSessions" 必须包含非 null 值。请考虑添加 "required" 修饰符或将该 属性 声明为可为 null。 [C:\001_AI\LudotsProd_issue709\src\Core\Ludots.Core.csproj]
C:\001_AI\LudotsProd_issue709\src\Core\Engine\GameEngine.cs(196,32): warning CS8618: 在退出构造函数时，不可为 null 的 属性 "BoardIdRegistry" 必须包含非 null 值。请考虑添加 "required" 修饰符或将该 属性 声明为可为 null。 [C:\001_AI\LudotsProd_issue709\src\Core\Ludots.Core.csproj]
C:\001_AI\LudotsProd_issue709\src\Core\Engine\GameEngine.cs(198,50): warning CS8618: 在退出构造函数时，不可为 null 的 字段 "_spatialPartition" 必须包含非 null 值。请考虑添加 "required" 修饰符或将该 字段 声明为可为 null。 [C:\001_AI\LudotsProd_issue709\src\Core\Ludots.Core.csproj]
C:\001_AI\LudotsProd_issue709\src\Core\Engine\GameEngine.cs(199,27): warning CS8618: 在退出构造函数时，不可为 null 的 属性 "HexGridAOI" 必须包含非 null 值。请考虑添加 "required" 修饰符或将该 属性 声明为可为 null。 [C:\001_AI\LudotsProd_issue709\src\Core\Ludots.Core.csproj]
C:\001_AI\LudotsProd_issue709\src\Core\Engine\GameEngine.cs(203,33): warning CS8618: 在退出构造函数时，不可为 null 的 属性 "EventBus" 必须包含非 null 值。请考虑添加 "required" 修饰符或将该 属性 声明为可为 null。 [C:\001_AI\LudotsProd_issue709\src\Core\Ludots.Core.csproj]
C:\001_AI\LudotsProd_issue709\src\Core\Engine\GameEngine.cs(230,43): warning CS8618: 在退出构造函数时，不可为 null 的 属性 "SyncContext" 必须包含非 null 值。请考虑添加 "required" 修饰符或将该 属性 声明为可为 null。 [C:\001_AI\LudotsProd_issue709\src\Core\Ludots.Core.csproj]
C:\001_AI\LudotsProd_issue709\src\Core\Engine\GameEngine.cs(235,32): warning CS8618: 在退出构造函数时，不可为 null 的 字段 "_inputRuntimeSystem" 必须包含非 null 值。请考虑添加 "required" 修饰符或将该 字段 声明为可为 null。 [C:\001_AI\LudotsProd_issue709\src\Core\Ludots.Core.csproj]
C:\001_AI\LudotsProd_issue709\src\Core\Engine\GameEngine.cs(236,72): warning CS8618: 在退出构造函数时，不可为 null 的 字段 "_primitiveDrawBuffer" 必须包含非 null 值。请考虑添加 "required" 修饰符或将该 字段 声明为可为 null。 [C:\001_AI\LudotsProd_issue709\src\Core\Ludots.Core.csproj]
C:\001_AI\LudotsProd_issue709\src\Core\Engine\GameEngine.cs(237,72): warning CS8618: 在退出构造函数时，不可为 null 的 字段 "_visualSnapshotBuffer" 必须包含非 null 值。请考虑添加 "required" 修饰符或将该 字段 声明为可为 null。 [C:\001_AI\LudotsProd_issue709\src\Core\Ludots.Core.csproj]
C:\001_AI\LudotsProd_issue709\src\Core\Engine\GameEngine.cs(238,82): warning CS8618: 在退出构造函数时，不可为 null 的 字段 "_visualProxyBuffer" 必须包含非 null 值。请考虑添加 "required" 修饰符或将该 字段 声明为可为 null。 [C:\001_AI\LudotsProd_issue709\src\Core\Ludots.Core.csproj]
C:\001_AI\LudotsProd_issue709\src\Core\Engine\GameEngine.cs(239,77): warning CS8618: 在退出构造函数时，不可为 null 的 字段 "_skinnedVisualBatchBuffer" 必须包含非 null 值。请考虑添加 "required" 修饰符或将该 字段 声明为可为 null。 [C:\001_AI\LudotsProd_issue709\src\Core\Ludots.Core.csproj]
C:\001_AI\LudotsProd_issue709\src\Core\Engine\GameEngine.cs(240,77): warning CS8618: 在退出构造函数时，不可为 null 的 字段 "_presentationRequestBuffer" 必须包含非 null 值。请考虑添加 "required" 修饰符或将该 字段 声明为可为 null。 [C:\001_AI\LudotsProd_issue709\src\Core\Ludots.Core.csproj]
C:\001_AI\LudotsProd_issue709\src\Core\Engine\GameEngine.cs(241,76): warning CS8618: 在退出构造函数时，不可为 null 的 字段 "_globalFieldVisualBuffer" 必须包含非 null 值。请考虑添加 "required" 修饰符或将该 字段 声明为可为 null。 [C:\001_AI\LudotsProd_issue709\src\Core\Ludots.Core.csproj]
C:\001_AI\LudotsProd_issue709\src\Core\Engine\GameEngine.cs(242,70): warning CS8618: 在退出构造函数时，不可为 null 的 字段 "_soundRequestBuffer" 必须包含非 null 值。请考虑添加 "required" 修饰符或将该 字段 声明为可为 null。 [C:\001_AI\LudotsProd_issue709\src\Core\Ludots.Core.csproj]
C:\001_AI\LudotsProd_issue709\src\Core\Engine\GameEngine.cs(243,81): warning CS8618: 在退出构造函数时，不可为 null 的 字段 "_instancedBatchRequestBuffer" 必须包含非 null 值。请考虑添加 "required" 修饰符或将该 字段 声明为可为 null。 [C:\001_AI\LudotsProd_issue709\src\Core\Ludots.Core.csproj]
C:\001_AI\LudotsProd_issue709\src\Core\Engine\GameEngine.cs(244,83): warning CS8618: 在退出构造函数时，不可为 null 的 字段 "_instancedBatchOperationBuffer" 必须包含非 null 值。请考虑添加 "required" 修饰符或将该 字段 声明为可为 null。 [C:\001_AI\LudotsProd_issue709\src\Core\Ludots.Core.csproj]
C:\001_AI\LudotsProd_issue709\src\Core\Engine\GameEngine.cs(245,44): warning CS8618: 在退出构造函数时，不可为 null 的 字段 "_gasPresentationEvents" 必须包含非 null 值。请考虑添加 "required" 修饰符或将该 字段 声明为可为 null。 [C:\001_AI\LudotsProd_issue709\src\Core\Ludots.Core.csproj]
C:\001_AI\LudotsProd_issue709\src\Core\Engine\GameEngine.cs(246,36): warning CS8618: 在退出构造函数时，不可为 null 的 字段 "_gasGraphRuntimeApi" 必须包含非 null 值。请考虑添加 "required" 修饰符或将该 字段 声明为可为 null。 [C:\001_AI\LudotsProd_issue709\src\Core\Ludots.Core.csproj]
C:\001_AI\LudotsProd_issue709\src\Core\Engine\GameEngine.cs(247,72): warning CS8618: 在退出构造函数时，不可为 null 的 字段 "_groundOverlayBuffer" 必须包含非 null 值。请考虑添加 "required" 修饰符或将该 字段 声明为可为 null。 [C:\001_AI\LudotsProd_issue709\src\Core\Ludots.Core.csproj]
C:\001_AI\LudotsProd_issue709\src\Core\Engine\GameEngine.cs(248,69): warning CS8618: 在退出构造函数时，不可为 null 的 字段 "_roadSplineBuffer" 必须包含非 null 值。请考虑添加 "required" 修饰符或将该 字段 声明为可为 null。 [C:\001_AI\LudotsProd_issue709\src\Core\Ludots.Core.csproj]
C:\001_AI\LudotsProd_issue709\src\Core\Engine\GameEngine.cs(249,66): warning CS8618: 在退出构造函数时，不可为 null 的 字段 "_worldHudBuffer" 必须包含非 null 值。请考虑添加 "required" 修饰符或将该 字段 声明为可为 null。 [C:\001_AI\LudotsProd_issue709\src\Core\Ludots.Core.csproj]
C:\001_AI\LudotsProd_issue709\src\Core\Engine\GameEngine.cs(250,37): warning CS8618: 在退出构造函数时，不可为 null 的 字段 "_physics2DController" 必须包含非 null 值。请考虑添加 "required" 修饰符或将该 字段 声明为可为 null。 [C:\001_AI\LudotsProd_issue709\src\Core\Ludots.Core.csproj]
C:\001_AI\LudotsProd_issue709\src\Core\Engine\GameEngine.cs(251,56): warning CS8618: 在退出构造函数时，不可为 null 的 字段 "_gasController" 必须包含非 null 值。请考虑添加 "required" 修饰符或将该 字段 声明为可为 null。 [C:\001_AI\LudotsProd_issue709\src\Core\Ludots.Core.csproj]
C:\001_AI\LudotsProd_issue709\src\Core\Engine\GameEngine.cs(252,33): warning CS8618: 在退出构造函数时，不可为 null 的 字段 "_timeFlow" 必须包含非 null 值。请考虑添加 "required" 修饰符或将该 字段 声明为可为 null。 [C:\001_AI\LudotsProd_issue709\src\Core\Ludots.Core.csproj]
C:\001_AI\LudotsProd_issue709\src\Core\Engine\GameEngine.cs(255,39): warning CS8618: 在退出构造函数时，不可为 null 的 字段 "_worldToGridSyncSystem" 必须包含非 null 值。请考虑添加 "required" 修饰符或将该 字段 声明为可为 null。 [C:\001_AI\LudotsProd_issue709\src\Core\Ludots.Core.csproj]
C:\001_AI\LudotsProd_issue709\src\Core\Engine\GameEngine.cs(256,46): warning CS8618: 在退出构造函数时，不可为 null 的 字段 "_spatialPartitionUpdateSystem" 必须包含非 null 值。请考虑添加 "required" 修饰符或将该 字段 声明为可为 null。 [C:\001_AI\LudotsProd_issue709\src\Core\Ludots.Core.csproj]
C:\001_AI\LudotsProd_issue709\src\Core\Engine\GameEngine.cs(260,30): warning CS8618: 在退出构造函数时，不可为 null 的 字段 "_jobScheduler" 必须包含非 null 值。请考虑添加 "required" 修饰符或将该 字段 声明为可为 null。 [C:\001_AI\LudotsProd_issue709\src\Core\Ludots.Core.csproj]
C:\001_AI\LudotsProd_issue709\src\Core\Engine\GameEngine.cs(266,27): warning CS8618: 在退出构造函数时，不可为 null 的 属性 "MergedConfig" 必须包含非 null 值。请考虑添加 "required" 修饰符或将该 属性 声明为可为 null。 [C:\001_AI\LudotsProd_issue709\src\Core\Ludots.Core.csproj]
C:\001_AI\LudotsProd_issue709\src\Core\Engine\GameEngine.cs(401,43): warning CS8618: 在退出构造函数时，不可为 null 的 属性 "ConflictReport" 必须包含非 null 值。请考虑添加 "required" 修饰符或将该 属性 声明为可为 null。 [C:\001_AI\LudotsProd_issue709\src\Core\Ludots.Core.csproj]
C:\001_AI\LudotsProd_issue709\src\Core\Engine\GameEngine.cs(402,56): warning CS8618: 在退出构造函数时，不可为 null 的 属性 "ConfigConflictReport" 必须包含非 null 值。请考虑添加 "required" 修饰符或将该 属性 声明为可为 null。 [C:\001_AI\LudotsProd_issue709\src\Core\Ludots.Core.csproj]
C:\001_AI\LudotsProd_issue709\src\Core\Engine\GameEngine.cs(403,49): warning CS8618: 在退出构造函数时，不可为 null 的 属性 "ConfigCatalog" 必须包含非 null 值。请考虑添加 "required" 修饰符或将该 属性 声明为可为 null。 [C:\001_AI\LudotsProd_issue709\src\Core\Ludots.Core.csproj]
C:\001_AI\LudotsProd_issue709\src\Core\Engine\GameEngine.MapLoadLifecycle.cs(18,27): warning CS8618: 在退出构造函数时，不可为 null 的 属性 "CurrentMapSession" 必须包含非 null 值。请考虑添加 "required" 修饰符或将该 属性 声明为可为 null。 [C:\001_AI\LudotsProd_issue709\src\Core\Ludots.Core.csproj]
C:\001_AI\LudotsProd_issue709\src\Core\Presentation\Config\PerformerDefinitionConfigLoader.cs(2319,51): warning CS8600: 将 null 文本或可能的 null 值转换为不可为 null 类型。 [C:\001_AI\LudotsProd_issue709\src\Core\Ludots.Core.csproj]
C:\001_AI\LudotsProd_issue709\src\Core\Presentation\Performers\WorldHudPerformBehavior.cs(101,99): warning CS8600: 将 null 文本或可能的 null 值转换为不可为 null 类型。 [C:\001_AI\LudotsProd_issue709\src\Core\Ludots.Core.csproj]
C:\001_AI\LudotsProd_issue709\src\Core\Presentation\Systems\PerformerRuleSystem.cs(63,16): warning CS8618: 在退出构造函数时，不可为 null 的 字段 "_exactIndex" 必须包含非 null 值。请考虑添加 "required" 修饰符或将该 字段 声明为可为 null。 [C:\001_AI\LudotsProd_issue709\src\Core\Ludots.Core.csproj]
C:\001_AI\LudotsProd_issue709\src\Core\Presentation\Systems\PerformerRuleSystem.cs(63,16): warning CS8618: 在退出构造函数时，不可为 null 的 字段 "_wildcardIndex" 必须包含非 null 值。请考虑添加 "required" 修饰符或将该 字段 声明为可为 null。 [C:\001_AI\LudotsProd_issue709\src\Core\Ludots.Core.csproj]
C:\001_AI\LudotsProd_issue709\src\Core\Presentation\Systems\PerformerEmitSystem.cs(76,44): warning CS8604: “PerformerAssetEmitRuntime.PerformerAssetEmitRuntime(World world, PerformerEntityRuntime runtime, PresentationRequestBuffer requests, Dictionary<string, object> globals, PerformerAnimatorStateBuffer animatorStates, SoundRequestBuffer soundRequests, PerformerVisualStableIdTable? visualStableIds = null)”中的形参“globals”可能传入 null 引用实参。 [C:\001_AI\LudotsProd_issue709\src\Core\Ludots.Core.csproj]
C:\001_AI\LudotsProd_issue709\src\Core\Presentation\Systems\PerformerBehaviorSystem.cs(119,16): warning CS8618: 在退出构造函数时，不可为 null 的 字段 "_ownerAttributeWorkIndex" 必须包含非 null 值。请考虑添加 "required" 修饰符或将该 字段 声明为可为 null。 [C:\001_AI\LudotsProd_issue709\src\Core\Ludots.Core.csproj]
C:\001_AI\LudotsProd_issue709\src\Core\Presentation\Systems\PerformerBehaviorSystem.cs(119,16): warning CS8618: 在退出构造函数时，不可为 null 的 字段 "_ownerTagWorkIndex" 必须包含非 null 值。请考虑添加 "required" 修饰符或将该 字段 声明为可为 null。 [C:\001_AI\LudotsProd_issue709\src\Core\Ludots.Core.csproj]
C:\001_AI\LudotsProd_issue709\src\Core\Gameplay\GAS\Config\EffectTemplateLoader.cs(976,56): warning CS8604: “int UnitTypeRegistry.Register(string name)”中的形参“name”可能传入 null 引用实参。 [C:\001_AI\LudotsProd_issue709\src\Core\Ludots.Core.csproj]
C:\001_AI\LudotsProd_issue709\src\Core\Gameplay\GAS\Config\EffectTemplateLoader.cs(1032,30): warning CS8601: 可能的 null 引用赋值。 [C:\001_AI\LudotsProd_issue709\src\Core\Ludots.Core.csproj]
C:\001_AI\LudotsProd_issue709\src\Core\Presentation\Performers\CompiledPerformerBootstrapRegistry.cs(215,69): warning CS8600: 将 null 文本或可能的 null 值转换为不可为 null 类型。 [C:\001_AI\LudotsProd_issue709\src\Core\Ludots.Core.csproj]
C:\001_AI\LudotsProd_issue709\src\Core\Presentation\Performers\CompiledPerformerBootstrapRegistry.cs(229,74): warning CS8600: 将 null 文本或可能的 null 值转换为不可为 null 类型。 [C:\001_AI\LudotsProd_issue709\src\Core\Ludots.Core.csproj]
C:\001_AI\LudotsProd_issue709\src\Core\Presentation\Performers\PerformerEntityRuntime.cs(507,72): warning CS8625: 无法将 null 字面量转换为非 null 的引用类型。 [C:\001_AI\LudotsProd_issue709\src\Core\Ludots.Core.csproj]
C:\001_AI\LudotsProd_issue709\src\Core\Presentation\Systems\PerformerAssetEmitRuntime.cs(813,21): warning CS8625: 无法将 null 字面量转换为非 null 的引用类型。 [C:\001_AI\LudotsProd_issue709\src\Core\Ludots.Core.csproj]
C:\001_AI\LudotsProd_issue709\src\Core\Gameplay\GAS\Config\EffectTemplateLoader.cs(1800,61): warning CS8604: “int TargetDispatchPresetRegistry.GetId(string id)”中的形参“id”可能传入 null 引用实参。 [C:\001_AI\LudotsProd_issue709\src\Core\Ludots.Core.csproj]
C:\001_AI\LudotsProd_issue709\src\Core\Gameplay\GAS\Config\EffectTemplateLoader.cs(1810,39): warning CS8602: 解引用可能出现空引用。 [C:\001_AI\LudotsProd_issue709\src\Core\Ludots.Core.csproj]
C:\001_AI\LudotsProd_issue709\src\Core\Gameplay\GAS\Systems\EffectApplicationSystem.cs(68,24): warning CS0649: 从未对字段“EffectApplicationSystem.OnApplyCallbackCommand.RootId”赋值，字段将一直保持其默认值 0 [C:\001_AI\LudotsProd_issue709\src\Core\Ludots.Core.csproj]
C:\001_AI\LudotsProd_issue709\src\Core\Gameplay\GAS\Systems\EffectApplicationSystem.cs(70,27): warning CS0649: 从未对字段“EffectApplicationSystem.OnApplyCallbackCommand.Target”赋值，字段将一直保持其默认值 [C:\001_AI\LudotsProd_issue709\src\Core\Ludots.Core.csproj]
C:\001_AI\LudotsProd_issue709\src\Core\Gameplay\GAS\Systems\EffectLifetimeSystem.cs(58,27): warning CS0649: 从未对字段“EffectLifetimeSystem.CallbackCommand.TargetContext”赋值，字段将一直保持其默认值 [C:\001_AI\LudotsProd_issue709\src\Core\Ludots.Core.csproj]
C:\001_AI\LudotsProd_issue709\src\Core\Gameplay\GAS\Systems\EffectApplicationSystem.cs(71,27): warning CS0649: 从未对字段“EffectApplicationSystem.OnApplyCallbackCommand.TargetContext”赋值，字段将一直保持其默认值 [C:\001_AI\LudotsProd_issue709\src\Core\Ludots.Core.csproj]
C:\001_AI\LudotsProd_issue709\src\Core\Gameplay\GAS\Systems\EffectLifetimeSystem.cs(298,24): warning CS0649: 从未对字段“EffectLifetimeSystem.LifetimeCleanupJob.Dropped”赋值，字段将一直保持其默认值 0 [C:\001_AI\LudotsProd_issue709\src\Core\Ludots.Core.csproj]
C:\001_AI\LudotsProd_issue709\src\Core\Gameplay\GAS\Systems\EffectApplicationSystem.cs(69,27): warning CS0649: 从未对字段“EffectApplicationSystem.OnApplyCallbackCommand.Source”赋值，字段将一直保持其默认值 [C:\001_AI\LudotsProd_issue709\src\Core\Ludots.Core.csproj]
C:\001_AI\LudotsProd_issue709\src\Core\Gameplay\GAS\Systems\EffectLifetimeSystem.cs(55,24): warning CS0649: 从未对字段“EffectLifetimeSystem.CallbackCommand.RootId”赋值，字段将一直保持其默认值 0 [C:\001_AI\LudotsProd_issue709\src\Core\Ludots.Core.csproj]
C:\001_AI\LudotsProd_issue709\src\Core\Gameplay\GAS\Systems\EffectApplicationSystem.cs(72,24): warning CS0649: 从未对字段“EffectApplicationSystem.OnApplyCallbackCommand.EffectTemplateId”赋值，字段将一直保持其默认值 0 [C:\001_AI\LudotsProd_issue709\src\Core\Ludots.Core.csproj]
C:\001_AI\LudotsProd_issue709\src\Core\Gameplay\GAS\Systems\EffectLifetimeSystem.cs(59,24): warning CS0649: 从未对字段“EffectLifetimeSystem.CallbackCommand.EffectTemplateId”赋值，字段将一直保持其默认值 0 [C:\001_AI\LudotsProd_issue709\src\Core\Ludots.Core.csproj]
C:\001_AI\LudotsProd_issue709\src\Core\Gameplay\GAS\Systems\EffectLifetimeSystem.cs(56,27): warning CS0649: 从未对字段“EffectLifetimeSystem.CallbackCommand.Source”赋值，字段将一直保持其默认值 [C:\001_AI\LudotsProd_issue709\src\Core\Ludots.Core.csproj]
C:\001_AI\LudotsProd_issue709\src\Core\Gameplay\GAS\Systems\EffectLifetimeSystem.cs(210,24): warning CS0649: 从未对字段“EffectLifetimeSystem.LifetimeTickJob.Dropped”赋值，字段将一直保持其默认值 0 [C:\001_AI\LudotsProd_issue709\src\Core\Ludots.Core.csproj]
C:\001_AI\LudotsProd_issue709\src\Core\Gameplay\GAS\Systems\EffectLifetimeSystem.cs(57,27): warning CS0649: 从未对字段“EffectLifetimeSystem.CallbackCommand.Target”赋值，字段将一直保持其默认值 [C:\001_AI\LudotsProd_issue709\src\Core\Ludots.Core.csproj]
  Ludots.Core -> C:\001_AI\LudotsProd_issue709\src\Core\bin\Release\net8.0\Ludots.Core.dll
  LudotsCoreMod -> C:\001_AI\LudotsProd_issue709\mods\LudotsCoreMod\bin\net8.0\LudotsCoreMod.dll

已成功生成。

C:\001_AI\LudotsProd_issue709\src\Core\Engine\EngineClockConfig.cs(23,37): warning CS8625: 无法将 null 字面量转换为非 null 的引用类型。 [C:\001_AI\LudotsProd_issue709\src\Core\Ludots.Core.csproj]
C:\001_AI\LudotsProd_issue709\src\Core\Engine\EngineClockConfig.cs(24,43): warning CS8625: 无法将 null 字面量转换为非 null 的引用类型。 [C:\001_AI\LudotsProd_issue709\src\Core\Ludots.Core.csproj]
C:\001_AI\LudotsProd_issue709\src\Core\Config\ComponentRegistry.cs(122,68): warning CS8625: 无法将 null 字面量转换为非 null 的引用类型。 [C:\001_AI\LudotsProd_issue709\src\Core\Ludots.Core.csproj]
C:\001_AI\LudotsProd_issue709\src\Core\Config\ComponentRegistry.cs(165,89): warning CS8625: 无法将 null 字面量转换为非 null 的引用类型。 [C:\001_AI\LudotsProd_issue709\src\Core\Ludots.Core.csproj]
C:\001_AI\LudotsProd_issue709\src\Core\Config\ComponentRegistry.cs(175,100): warning CS8625: 无法将 null 字面量转换为非 null 的引用类型。 [C:\001_AI\LudotsProd_issue709\src\Core\Ludots.Core.csproj]
C:\001_AI\LudotsProd_issue709\src\Core\Config\ComponentRegistry.cs(180,92): warning CS8625: 无法将 null 字面量转换为非 null 的引用类型。 [C:\001_AI\LudotsProd_issue709\src\Core\Ludots.Core.csproj]
C:\001_AI\LudotsProd_issue709\src\Core\Config\ConfigMerger.cs(101,43): warning CS8625: 无法将 null 字面量转换为非 null 的引用类型。 [C:\001_AI\LudotsProd_issue709\src\Core\Ludots.Core.csproj]
C:\001_AI\LudotsProd_issue709\src\Core\Config\DataRegistry.cs(19,71): warning CS8625: 无法将 null 字面量转换为非 null 的引用类型。 [C:\001_AI\LudotsProd_issue709\src\Core\Ludots.Core.csproj]
C:\001_AI\LudotsProd_issue709\src\Core\Config\DataRegistry.cs(19,107): warning CS8625: 无法将 null 字面量转换为非 null 的引用类型。 [C:\001_AI\LudotsProd_issue709\src\Core\Ludots.Core.csproj]
C:\001_AI\LudotsProd_issue709\src\Core\Config\ConfigPipeline.cs(135,72): warning CS8625: 无法将 null 字面量转换为非 null 的引用类型。 [C:\001_AI\LudotsProd_issue709\src\Core\Ludots.Core.csproj]
C:\001_AI\LudotsProd_issue709\src\Core\Config\ConfigPipeline.cs(145,72): warning CS8625: 无法将 null 字面量转换为非 null 的引用类型。 [C:\001_AI\LudotsProd_issue709\src\Core\Ludots.Core.csproj]
C:\001_AI\LudotsProd_issue709\src\Core\Config\EntityBuilder.cs(23,67): warning CS8625: 无法将 null 字面量转换为非 null 的引用类型。 [C:\001_AI\LudotsProd_issue709\src\Core\Ludots.Core.csproj]
C:\001_AI\LudotsProd_issue709\src\Core\Config\EntityBuilder.cs(24,58): warning CS8625: 无法将 null 字面量转换为非 null 的引用类型。 [C:\001_AI\LudotsProd_issue709\src\Core\Ludots.Core.csproj]
C:\001_AI\LudotsProd_issue709\src\Core\Engine\Physics2D\Physics2DClockConfig.cs(38,37): warning CS8625: 无法将 null 字面量转换为非 null 的引用类型。 [C:\001_AI\LudotsProd_issue709\src\Core\Ludots.Core.csproj]
C:\001_AI\LudotsProd_issue709\src\Core\Engine\Physics2D\Physics2DClockConfig.cs(39,43): warning CS8625: 无法将 null 字面量转换为非 null 的引用类型。 [C:\001_AI\LudotsProd_issue709\src\Core\Ludots.Core.csproj]
C:\001_AI\LudotsProd_issue709\src\Core\Layers\LayerMask.cs(60,30): warning CS8765: 参数“obj”类型的为 Null 性与重写成员不匹配(可能是由于为 Null 性特性)。 [C:\001_AI\LudotsProd_issue709\src\Core\Ludots.Core.csproj]
C:\001_AI\LudotsProd_issue709\src\Core\Engine\Physics2D\Physics2DClockConfig.cs(122,37): warning CS8625: 无法将 null 字面量转换为非 null 的引用类型。 [C:\001_AI\LudotsProd_issue709\src\Core\Ludots.Core.csproj]
C:\001_AI\LudotsProd_issue709\src\Core\Engine\Physics2D\Physics2DClockConfig.cs(123,43): warning CS8625: 无法将 null 字面量转换为非 null 的引用类型。 [C:\001_AI\LudotsProd_issue709\src\Core\Ludots.Core.csproj]
C:\001_AI\LudotsProd_issue709\src\Core\Input\Attributes\InputActionAttributeBindingLoader.cs(26,37): warning CS8625: 无法将 null 字面量转换为非 null 的引用类型。 [C:\001_AI\LudotsProd_issue709\src\Core\Ludots.Core.csproj]
C:\001_AI\LudotsProd_issue709\src\Core\Input\Attributes\InputActionAttributeBindingLoader.cs(27,43): warning CS8625: 无法将 null 字面量转换为非 null 的引用类型。 [C:\001_AI\LudotsProd_issue709\src\Core\Ludots.Core.csproj]
C:\001_AI\LudotsProd_issue709\src\Core\Map\Board\BoardId.cs(21,30): warning CS8765: 参数“obj”类型的为 Null 性与重写成员不匹配(可能是由于为 Null 性特性)。 [C:\001_AI\LudotsProd_issue709\src\Core\Ludots.Core.csproj]
C:\001_AI\LudotsProd_issue709\src\Core\Input\Config\InputConfigPipelineLoader.cs(25,37): warning CS8625: 无法将 null 字面量转换为非 null 的引用类型。 [C:\001_AI\LudotsProd_issue709\src\Core\Ludots.Core.csproj]
C:\001_AI\LudotsProd_issue709\src\Core\Input\Config\InputConfigPipelineLoader.cs(26,43): warning CS8625: 无法将 null 字面量转换为非 null 的引用类型。 [C:\001_AI\LudotsProd_issue709\src\Core\Ludots.Core.csproj]
C:\001_AI\LudotsProd_issue709\src\Core\Input\Interaction\CastCommitProfile.cs(96,49): warning CS8625: 无法将 null 字面量转换为非 null 的引用类型。 [C:\001_AI\LudotsProd_issue709\src\Core\Ludots.Core.csproj]
C:\001_AI\LudotsProd_issue709\src\Core\Input\Interaction\CastCommitProfile.cs(97,60): warning CS8625: 无法将 null 字面量转换为非 null 的引用类型。 [C:\001_AI\LudotsProd_issue709\src\Core\Ludots.Core.csproj]
C:\001_AI\LudotsProd_issue709\src\Core\Gameplay\Camera\CameraViewportUtil.cs(165,118): warning CS8625: 无法将 null 字面量转换为非 null 的引用类型。 [C:\001_AI\LudotsProd_issue709\src\Core\Ludots.Core.csproj]
C:\001_AI\LudotsProd_issue709\src\Core\Gameplay\Camera\CameraViewportUtil.cs(173,129): warning CS8625: 无法将 null 字面量转换为非 null 的引用类型。 [C:\001_AI\LudotsProd_issue709\src\Core\Ludots.Core.csproj]
C:\001_AI\LudotsProd_issue709\src\Core\Input\Interaction\CastCommitProfileConfigLoader.cs(38,37): warning CS8625: 无法将 null 字面量转换为非 null 的引用类型。 [C:\001_AI\LudotsProd_issue709\src\Core\Ludots.Core.csproj]
C:\001_AI\LudotsProd_issue709\src\Core\Input\Interaction\CastCommitProfileConfigLoader.cs(39,43): warning CS8625: 无法将 null 字面量转换为非 null 的引用类型。 [C:\001_AI\LudotsProd_issue709\src\Core\Ludots.Core.csproj]
C:\001_AI\LudotsProd_issue709\src\Core\Navigation\AgentProfiles\AgentProfileConfigLoader.cs(20,66): warning CS8625: 无法将 null 字面量转换为非 null 的引用类型。 [C:\001_AI\LudotsProd_issue709\src\Core\Ludots.Core.csproj]
C:\001_AI\LudotsProd_issue709\src\Core\Navigation\AgentProfiles\AgentProfileConfigLoader.cs(20,102): warning CS8625: 无法将 null 字面量转换为非 null 的引用类型。 [C:\001_AI\LudotsProd_issue709\src\Core\Ludots.Core.csproj]
C:\001_AI\LudotsProd_issue709\src\Core\Gameplay\GAS\AbilityDefinitionRegistry.cs(191,93): warning CS8625: 无法将 null 字面量转换为非 null 的引用类型。 [C:\001_AI\LudotsProd_issue709\src\Core\Ludots.Core.csproj]
C:\001_AI\LudotsProd_issue709\src\Core\Input\Interaction\CastDispatchProfileConfigLoader.cs(32,37): warning CS8625: 无法将 null 字面量转换为非 null 的引用类型。 [C:\001_AI\LudotsProd_issue709\src\Core\Ludots.Core.csproj]
C:\001_AI\LudotsProd_issue709\src\Core\Input\Interaction\CastDispatchProfileConfigLoader.cs(33,43): warning CS8625: 无法将 null 字面量转换为非 null 的引用类型。 [C:\001_AI\LudotsProd_issue709\src\Core\Ludots.Core.csproj]
C:\001_AI\LudotsProd_issue709\src\Core\Map\Hex\HexCoordinates.cs(239,30): warning CS8765: 参数“obj”类型的为 Null 性与重写成员不匹配(可能是由于为 Null 性特性)。 [C:\001_AI\LudotsProd_issue709\src\Core\Ludots.Core.csproj]
C:\001_AI\LudotsProd_issue709\src\Core\Input\Interaction\ClientCastPreferenceConfigLoader.cs(33,37): warning CS8625: 无法将 null 字面量转换为非 null 的引用类型。 [C:\001_AI\LudotsProd_issue709\src\Core\Ludots.Core.csproj]
C:\001_AI\LudotsProd_issue709\src\Core\Input\Interaction\ClientCastPreferenceConfigLoader.cs(34,43): warning CS8625: 无法将 null 字面量转换为非 null 的引用类型。 [C:\001_AI\LudotsProd_issue709\src\Core\Ludots.Core.csproj]
C:\001_AI\LudotsProd_issue709\src\Core\Gameplay\Camera\VirtualCameraDefinitionLoader.cs(24,50): warning CS8625: 无法将 null 字面量转换为非 null 的引用类型。 [C:\001_AI\LudotsProd_issue709\src\Core\Ludots.Core.csproj]
C:\001_AI\LudotsProd_issue709\src\Core\Gameplay\GAS\Bindings\AttributeBindingLoader.cs(24,37): warning CS8625: 无法将 null 字面量转换为非 null 的引用类型。 [C:\001_AI\LudotsProd_issue709\src\Core\Ludots.Core.csproj]
C:\001_AI\LudotsProd_issue709\src\Core\Gameplay\Camera\VirtualCameraDefinitionLoader.cs(24,86): warning CS8625: 无法将 null 字面量转换为非 null 的引用类型。 [C:\001_AI\LudotsProd_issue709\src\Core\Ludots.Core.csproj]
C:\001_AI\LudotsProd_issue709\src\Core\Gameplay\GAS\Bindings\AttributeBindingLoader.cs(25,43): warning CS8625: 无法将 null 字面量转换为非 null 的引用类型。 [C:\001_AI\LudotsProd_issue709\src\Core\Ludots.Core.csproj]
C:\001_AI\LudotsProd_issue709\src\Core\Input\Interaction\CastDispatchProfileRegistry.cs(65,62): warning CS8625: 无法将 null 字面量转换为非 null 的引用类型。 [C:\001_AI\LudotsProd_issue709\src\Core\Ludots.Core.csproj]
C:\001_AI\LudotsProd_issue709\src\Core\Engine\GameEngine.cs(2244,89): warning CS8625: 无法将 null 字面量转换为非 null 的引用类型。 [C:\001_AI\LudotsProd_issue709\src\Core\Ludots.Core.csproj]
C:\001_AI\LudotsProd_issue709\src\Core\Modding\ModLoader.cs(60,41): warning CS8625: 无法将 null 字面量转换为非 null 的引用类型。 [C:\001_AI\LudotsProd_issue709\src\Core\Ludots.Core.csproj]
C:\001_AI\LudotsProd_issue709\src\Core\Modding\ModLoader.cs(60,78): warning CS8625: 无法将 null 字面量转换为非 null 的引用类型。 [C:\001_AI\LudotsProd_issue709\src\Core\Ludots.Core.csproj]
C:\001_AI\LudotsProd_issue709\src\Core\Gameplay\AI\Utility\UtilityAiCompiledRuntime.cs(98,51): warning CS8625: 无法将 null 字面量转换为非 null 的引用类型。 [C:\001_AI\LudotsProd_issue709\src\Core\Ludots.Core.csproj]
C:\001_AI\LudotsProd_issue709\src\Core\Input\Interaction\CommandIntentProfileConfigLoader.cs(33,37): warning CS8625: 无法将 null 字面量转换为非 null 的引用类型。 [C:\001_AI\LudotsProd_issue709\src\Core\Ludots.Core.csproj]
C:\001_AI\LudotsProd_issue709\src\Core\Input\Interaction\CommandIntentProfileConfigLoader.cs(34,43): warning CS8625: 无法将 null 字面量转换为非 null 的引用类型。 [C:\001_AI\LudotsProd_issue709\src\Core\Ludots.Core.csproj]
C:\001_AI\LudotsProd_issue709\src\Core\Gameplay\GAS\Config\AbilityExecLoader.cs(44,37): warning CS8625: 无法将 null 字面量转换为非 null 的引用类型。 [C:\001_AI\LudotsProd_issue709\src\Core\Ludots.Core.csproj]
C:\001_AI\LudotsProd_issue709\src\Core\Gameplay\GAS\Config\AbilityExecLoader.cs(45,43): warning CS8625: 无法将 null 字面量转换为非 null 的引用类型。 [C:\001_AI\LudotsProd_issue709\src\Core\Ludots.Core.csproj]
C:\001_AI\LudotsProd_issue709\src\Core\Math\IntRect.cs(44,30): warning CS8765: 参数“obj”类型的为 Null 性与重写成员不匹配(可能是由于为 Null 性特性)。 [C:\001_AI\LudotsProd_issue709\src\Core\Ludots.Core.csproj]
C:\001_AI\LudotsProd_issue709\src\Core\Input\Interaction\ControlSchemeConfigLoader.cs(33,37): warning CS8625: 无法将 null 字面量转换为非 null 的引用类型。 [C:\001_AI\LudotsProd_issue709\src\Core\Ludots.Core.csproj]
C:\001_AI\LudotsProd_issue709\src\Core\Input\Interaction\ControlSchemeConfigLoader.cs(34,43): warning CS8625: 无法将 null 字面量转换为非 null 的引用类型。 [C:\001_AI\LudotsProd_issue709\src\Core\Ludots.Core.csproj]
C:\001_AI\LudotsProd_issue709\src\Core\Gameplay\GAS\Config\AbilityFormSetConfigLoader.cs(22,37): warning CS8625: 无法将 null 字面量转换为非 null 的引用类型。 [C:\001_AI\LudotsProd_issue709\src\Core\Ludots.Core.csproj]
C:\001_AI\LudotsProd_issue709\src\Core\Gameplay\GAS\Config\AbilityFormSetConfigLoader.cs(23,43): warning CS8625: 无法将 null 字面量转换为非 null 的引用类型。 [C:\001_AI\LudotsProd_issue709\src\Core\Ludots.Core.csproj]
C:\001_AI\LudotsProd_issue709\src\Core\Math\IntVector2.cs(29,30): warning CS8765: 参数“obj”类型的为 Null 性与重写成员不匹配(可能是由于为 Null 性特性)。 [C:\001_AI\LudotsProd_issue709\src\Core\Ludots.Core.csproj]
C:\001_AI\LudotsProd_issue709\src\Core\Gameplay\GAS\Config\AttributeConstraintsLoader.cs(19,37): warning CS8625: 无法将 null 字面量转换为非 null 的引用类型。 [C:\001_AI\LudotsProd_issue709\src\Core\Ludots.Core.csproj]
C:\001_AI\LudotsProd_issue709\src\Core\Gameplay\GAS\Config\AttributeConstraintsLoader.cs(20,43): warning CS8625: 无法将 null 字面量转换为非 null 的引用类型。 [C:\001_AI\LudotsProd_issue709\src\Core\Ludots.Core.csproj]
C:\001_AI\LudotsProd_issue709\src\Core\Math\WorldAabbCm.cs(32,30): warning CS8765: 参数“obj”类型的为 Null 性与重写成员不匹配(可能是由于为 Null 性特性)。 [C:\001_AI\LudotsProd_issue709\src\Core\Ludots.Core.csproj]
C:\001_AI\LudotsProd_issue709\src\Core\Gameplay\GAS\Config\ContextGroupConfigLoader.cs(22,37): warning CS8625: 无法将 null 字面量转换为非 null 的引用类型。 [C:\001_AI\LudotsProd_issue709\src\Core\Ludots.Core.csproj]
C:\001_AI\LudotsProd_issue709\src\Core\Gameplay\GAS\Config\ContextGroupConfigLoader.cs(23,43): warning CS8625: 无法将 null 字面量转换为非 null 的引用类型。 [C:\001_AI\LudotsProd_issue709\src\Core\Ludots.Core.csproj]
C:\001_AI\LudotsProd_issue709\src\Core\Map\MapContext.cs(14,47): warning CS8625: 无法将 null 字面量转换为非 null 的引用类型。 [C:\001_AI\LudotsProd_issue709\src\Core\Ludots.Core.csproj]
C:\001_AI\LudotsProd_issue709\src\Core\Input\Interaction\ControlSchemeRuntime.cs(49,56): warning CS8625: 无法将 null 字面量转换为非 null 的引用类型。 [C:\001_AI\LudotsProd_issue709\src\Core\Ludots.Core.csproj]
C:\001_AI\LudotsProd_issue709\src\Core\Input\Interaction\ControlSchemeRuntime.cs(50,53): warning CS8625: 无法将 null 字面量转换为非 null 的引用类型。 [C:\001_AI\LudotsProd_issue709\src\Core\Ludots.Core.csproj]
C:\001_AI\LudotsProd_issue709\src\Core\Input\Interaction\ControlSchemeRuntime.cs(51,43): warning CS8625: 无法将 null 字面量转换为非 null 的引用类型。 [C:\001_AI\LudotsProd_issue709\src\Core\Ludots.Core.csproj]
C:\001_AI\LudotsProd_issue709\src\Core\Navigation\GraphEcs\GraphPathfindingSystem.cs(14,98): warning CS8625: 无法将 null 字面量转换为非 null 的引用类型。 [C:\001_AI\LudotsProd_issue709\src\Core\Ludots.Core.csproj]
C:\001_AI\LudotsProd_issue709\src\Core\Math\WorldCmInt2.cs(24,30): warning CS8765: 参数“obj”类型的为 Null 性与重写成员不匹配(可能是由于为 Null 性特性)。 [C:\001_AI\LudotsProd_issue709\src\Core\Ludots.Core.csproj]
C:\001_AI\LudotsProd_issue709\src\Core\Input\Interaction\FilterProfileConfigLoader.cs(31,37): warning CS8625: 无法将 null 字面量转换为非 null 的引用类型。 [C:\001_AI\LudotsProd_issue709\src\Core\Ludots.Core.csproj]
C:\001_AI\LudotsProd_issue709\src\Core\Input\Interaction\FilterProfileConfigLoader.cs(32,43): warning CS8625: 无法将 null 字面量转换为非 null 的引用类型。 [C:\001_AI\LudotsProd_issue709\src\Core\Ludots.Core.csproj]
C:\001_AI\LudotsProd_issue709\src\Core\Input\Orders\InputOrderMappingLoader.cs(27,37): warning CS8625: 无法将 null 字面量转换为非 null 的引用类型。 [C:\001_AI\LudotsProd_issue709\src\Core\Ludots.Core.csproj]
C:\001_AI\LudotsProd_issue709\src\Core\Input\Orders\InputOrderMappingLoader.cs(28,43): warning CS8625: 无法将 null 字面量转换为非 null 的引用类型。 [C:\001_AI\LudotsProd_issue709\src\Core\Ludots.Core.csproj]
C:\001_AI\LudotsProd_issue709\src\Core\Map\MapFeatureFlags.cs(46,30): warning CS8765: 参数“obj”类型的为 Null 性与重写成员不匹配(可能是由于为 Null 性特性)。 [C:\001_AI\LudotsProd_issue709\src\Core\Ludots.Core.csproj]
C:\001_AI\LudotsProd_issue709\src\Core\Map\MapId.cs(15,30): warning CS8765: 参数“obj”类型的为 Null 性与重写成员不匹配(可能是由于为 Null 性特性)。 [C:\001_AI\LudotsProd_issue709\src\Core\Ludots.Core.csproj]
C:\001_AI\LudotsProd_issue709\src\Core\Map\MapManager.cs(25,135): warning CS8625: 无法将 null 字面量转换为非 null 的引用类型。 [C:\001_AI\LudotsProd_issue709\src\Core\Ludots.Core.csproj]
C:\001_AI\LudotsProd_issue709\src\Core\Navigation\GraphCore\TagBits256.cs(25,30): warning CS8765: 参数“obj”类型的为 Null 性与重写成员不匹配(可能是由于为 Null 性特性)。 [C:\001_AI\LudotsProd_issue709\src\Core\Ludots.Core.csproj]
C:\001_AI\LudotsProd_issue709\src\Core\Registry\StringIntRegistry.cs(33,39): warning CS8625: 无法将 null 字面量转换为非 null 的引用类型。 [C:\001_AI\LudotsProd_issue709\src\Core\Ludots.Core.csproj]
C:\001_AI\LudotsProd_issue709\src\Core\Input\Interaction\InteractionContextProfileConfigLoader.cs(32,37): warning CS8625: 无法将 null 字面量转换为非 null 的引用类型。 [C:\001_AI\LudotsProd_issue709\src\Core\Ludots.Core.csproj]
C:\001_AI\LudotsProd_issue709\src\Core\Input\Interaction\InteractionContextProfileConfigLoader.cs(33,43): warning CS8625: 无法将 null 字面量转换为非 null 的引用类型。 [C:\001_AI\LudotsProd_issue709\src\Core\Ludots.Core.csproj]
C:\001_AI\LudotsProd_issue709\src\Core\Map\MapSession.cs(45,88): warning CS8625: 无法将 null 字面量转换为非 null 的引用类型。 [C:\001_AI\LudotsProd_issue709\src\Core\Ludots.Core.csproj]
C:\001_AI\LudotsProd_issue709\src\Core\Navigation\GraphWorld\GraphNodeKey.cs(21,30): warning CS8765: 参数“obj”类型的为 Null 性与重写成员不匹配(可能是由于为 Null 性特性)。 [C:\001_AI\LudotsProd_issue709\src\Core\Ludots.Core.csproj]
C:\001_AI\LudotsProd_issue709\src\Core\Gameplay\Progression\Config\ProgressionConfigLoader.cs(41,79): warning CS8625: 无法将 null 字面量转换为非 null 的引用类型。 [C:\001_AI\LudotsProd_issue709\src\Core\Ludots.Core.csproj]
C:\001_AI\LudotsProd_issue709\src\Core\Gameplay\GAS\Config\GasClockConfig.cs(24,37): warning CS8625: 无法将 null 字面量转换为非 null 的引用类型。 [C:\001_AI\LudotsProd_issue709\src\Core\Ludots.Core.csproj]
C:\001_AI\LudotsProd_issue709\src\Core\Gameplay\GAS\Config\GasClockConfig.cs(25,43): warning CS8625: 无法将 null 字面量转换为非 null 的引用类型。 [C:\001_AI\LudotsProd_issue709\src\Core\Ludots.Core.csproj]
C:\001_AI\LudotsProd_issue709\src\Core\Map\MapSessionManager.cs(40,102): warning CS8625: 无法将 null 字面量转换为非 null 的引用类型。 [C:\001_AI\LudotsProd_issue709\src\Core\Ludots.Core.csproj]
C:\001_AI\LudotsProd_issue709\src\Core\Gameplay\GAS\EffectTagContributionHelper.cs(13,154): warning CS8625: 无法将 null 字面量转换为非 null 的引用类型。 [C:\001_AI\LudotsProd_issue709\src\Core\Ludots.Core.csproj]
C:\001_AI\LudotsProd_issue709\src\Core\Gameplay\GAS\EffectTagContributionHelper.cs(37,157): warning CS8625: 无法将 null 字面量转换为非 null 的引用类型。 [C:\001_AI\LudotsProd_issue709\src\Core\Ludots.Core.csproj]
C:\001_AI\LudotsProd_issue709\src\Core\Gameplay\GAS\EffectTagContributionHelper.cs(70,177): warning CS8625: 无法将 null 字面量转换为非 null 的引用类型。 [C:\001_AI\LudotsProd_issue709\src\Core\Ludots.Core.csproj]
C:\001_AI\LudotsProd_issue709\src\Core\Gameplay\GAS\EffectTagContributionHelper.cs(96,136): warning CS8625: 无法将 null 字面量转换为非 null 的引用类型。 [C:\001_AI\LudotsProd_issue709\src\Core\Ludots.Core.csproj]
C:\001_AI\LudotsProd_issue709\src\Core\Gameplay\GAS\EffectTagContributionHelper.cs(119,137): warning CS8625: 无法将 null 字面量转换为非 null 的引用类型。 [C:\001_AI\LudotsProd_issue709\src\Core\Ludots.Core.csproj]
C:\001_AI\LudotsProd_issue709\src\Core\Gameplay\GAS\EffectTagContributionHelper.cs(140,159): warning CS8625: 无法将 null 字面量转换为非 null 的引用类型。 [C:\001_AI\LudotsProd_issue709\src\Core\Ludots.Core.csproj]
C:\001_AI\LudotsProd_issue709\src\Core\Map\MapTag.cs(50,30): warning CS8765: 参数“obj”类型的为 Null 性与重写成员不匹配(可能是由于为 Null 性特性)。 [C:\001_AI\LudotsProd_issue709\src\Core\Ludots.Core.csproj]
C:\001_AI\LudotsProd_issue709\src\Core\Gameplay\GAS\Config\PresetTypeLoader.cs(26,37): warning CS8625: 无法将 null 字面量转换为非 null 的引用类型。 [C:\001_AI\LudotsProd_issue709\src\Core\Ludots.Core.csproj]
C:\001_AI\LudotsProd_issue709\src\Core\Gameplay\GAS\Config\PresetTypeLoader.cs(27,43): warning CS8625: 无法将 null 字面量转换为非 null 的引用类型。 [C:\001_AI\LudotsProd_issue709\src\Core\Ludots.Core.csproj]
C:\001_AI\LudotsProd_issue709\src\Core\Gameplay\GAS\Config\EffectTemplateLoader.cs(47,47): warning CS8625: 无法将 null 字面量转换为非 null 的引用类型。 [C:\001_AI\LudotsProd_issue709\src\Core\Ludots.Core.csproj]
C:\001_AI\LudotsProd_issue709\src\Core\Gameplay\GAS\Config\EffectTemplateLoader.cs(48,66): warning CS8625: 无法将 null 字面量转换为非 null 的引用类型。 [C:\001_AI\LudotsProd_issue709\src\Core\Ludots.Core.csproj]
C:\001_AI\LudotsProd_issue709\src\Core\Gameplay\GAS\Config\EffectTemplateLoader.cs(67,37): warning CS8625: 无法将 null 字面量转换为非 null 的引用类型。 [C:\001_AI\LudotsProd_issue709\src\Core\Ludots.Core.csproj]
C:\001_AI\LudotsProd_issue709\src\Core\Gameplay\GAS\Config\EffectTemplateLoader.cs(68,43): warning CS8625: 无法将 null 字面量转换为非 null 的引用类型。 [C:\001_AI\LudotsProd_issue709\src\Core\Ludots.Core.csproj]
C:\001_AI\LudotsProd_issue709\src\Core\Gameplay\GAS\Config\TargetDispatchPresetLoader.cs(29,37): warning CS8625: 无法将 null 字面量转换为非 null 的引用类型。 [C:\001_AI\LudotsProd_issue709\src\Core\Ludots.Core.csproj]
C:\001_AI\LudotsProd_issue709\src\Core\Gameplay\GAS\Config\TargetDispatchPresetLoader.cs(30,43): warning CS8625: 无法将 null 字面量转换为非 null 的引用类型。 [C:\001_AI\LudotsProd_issue709\src\Core\Ludots.Core.csproj]
C:\001_AI\LudotsProd_issue709\src\Core\Gameplay\GAS\Config\TagRuleSetLoader.cs(20,37): warning CS8625: 无法将 null 字面量转换为非 null 的引用类型。 [C:\001_AI\LudotsProd_issue709\src\Core\Ludots.Core.csproj]
C:\001_AI\LudotsProd_issue709\src\Core\Gameplay\GAS\Config\TagRuleSetLoader.cs(21,43): warning CS8625: 无法将 null 字面量转换为非 null 的引用类型。 [C:\001_AI\LudotsProd_issue709\src\Core\Ludots.Core.csproj]
C:\001_AI\LudotsProd_issue709\src\Core\Navigation\Pathing\Config\PathingConfigLoader.cs(20,37): warning CS8625: 无法将 null 字面量转换为非 null 的引用类型。 [C:\001_AI\LudotsProd_issue709\src\Core\Ludots.Core.csproj]
C:\001_AI\LudotsProd_issue709\src\Core\Navigation\Pathing\Config\PathingConfigLoader.cs(21,43): warning CS8625: 无法将 null 字面量转换为非 null 的引用类型。 [C:\001_AI\LudotsProd_issue709\src\Core\Ludots.Core.csproj]
C:\001_AI\LudotsProd_issue709\src\Core\Systems\MapLoader.cs(92,88): warning CS8625: 无法将 null 字面量转换为非 null 的引用类型。 [C:\001_AI\LudotsProd_issue709\src\Core\Ludots.Core.csproj]
C:\001_AI\LudotsProd_issue709\src\Core\Gameplay\GAS\EffectTemplateRegistry.cs(398,89): warning CS8625: 无法将 null 字面量转换为非 null 的引用类型。 [C:\001_AI\LudotsProd_issue709\src\Core\Ludots.Core.csproj]
C:\001_AI\LudotsProd_issue709\src\Core\Navigation\NavMesh\Bake\BakePipeline.cs(69,43): warning CS8625: 无法将 null 字面量转换为非 null 的引用类型。 [C:\001_AI\LudotsProd_issue709\src\Core\Ludots.Core.csproj]
C:\001_AI\LudotsProd_issue709\src\Core\Navigation\NavMesh\Bake\BakePipeline.cs(91,43): warning CS8625: 无法将 null 字面量转换为非 null 的引用类型。 [C:\001_AI\LudotsProd_issue709\src\Core\Ludots.Core.csproj]
C:\001_AI\LudotsProd_issue709\src\Core\Navigation\NavMesh\Bake\BakePipeline.cs(752,182): warning CS8625: 无法将 null 字面量转换为非 null 的引用类型。 [C:\001_AI\LudotsProd_issue709\src\Core\Ludots.Core.csproj]
C:\001_AI\LudotsProd_issue709\src\Core\Navigation\NavMesh\Bake\BakePipeline.cs(410,34): warning CS8765: 参数“obj”类型的为 Null 性与重写成员不匹配(可能是由于为 Null 性特性)。 [C:\001_AI\LudotsProd_issue709\src\Core\Ludots.Core.csproj]
C:\001_AI\LudotsProd_issue709\src\Core\UI\EntityCommandPanels\AbilityAggregationProfileConfigLoader.cs(33,37): warning CS8625: 无法将 null 字面量转换为非 null 的引用类型。 [C:\001_AI\LudotsProd_issue709\src\Core\Ludots.Core.csproj]
C:\001_AI\LudotsProd_issue709\src\Core\UI\EntityCommandPanels\AbilityAggregationProfileConfigLoader.cs(34,43): warning CS8625: 无法将 null 字面量转换为非 null 的引用类型。 [C:\001_AI\LudotsProd_issue709\src\Core\Ludots.Core.csproj]
C:\001_AI\LudotsProd_issue709\src\Core\Navigation\NavMesh\Bake\ContourExtractor.cs(23,30): warning CS8765: 参数“obj”类型的为 Null 性与重写成员不匹配(可能是由于为 Null 性特性)。 [C:\001_AI\LudotsProd_issue709\src\Core\Ludots.Core.csproj]
C:\001_AI\LudotsProd_issue709\src\Core\Navigation\NavMesh\Bake\ContourExtractor.cs(67,30): warning CS8765: 参数“obj”类型的为 Null 性与重写成员不匹配(可能是由于为 Null 性特性)。 [C:\001_AI\LudotsProd_issue709\src\Core\Ludots.Core.csproj]
C:\001_AI\LudotsProd_issue709\src\Core\Presentation\Camera\CameraPresenter.cs(43,120): warning CS8625: 无法将 null 字面量转换为非 null 的引用类型。 [C:\001_AI\LudotsProd_issue709\src\Core\Ludots.Core.csproj]
C:\001_AI\LudotsProd_issue709\src\Core\UI\CommandDeck\CommandDeckProfileConfigLoader.cs(30,37): warning CS8625: 无法将 null 字面量转换为非 null 的引用类型。 [C:\001_AI\LudotsProd_issue709\src\Core\Ludots.Core.csproj]
C:\001_AI\LudotsProd_issue709\src\Core\UI\CommandDeck\CommandDeckProfileConfigLoader.cs(31,43): warning CS8625: 无法将 null 字面量转换为非 null 的引用类型。 [C:\001_AI\LudotsProd_issue709\src\Core\Ludots.Core.csproj]
C:\001_AI\LudotsProd_issue709\src\Core\Spatial\WorldExtentSpec.cs(45,30): warning CS8765: 参数“obj”类型的为 Null 性与重写成员不匹配(可能是由于为 Null 性特性)。 [C:\001_AI\LudotsProd_issue709\src\Core\Ludots.Core.csproj]
C:\001_AI\LudotsProd_issue709\src\Core\Spatial\WorldSizeSpec.cs(24,30): warning CS8765: 参数“obj”类型的为 Null 性与重写成员不匹配(可能是由于为 Null 性特性)。 [C:\001_AI\LudotsProd_issue709\src\Core\Ludots.Core.csproj]
C:\001_AI\LudotsProd_issue709\src\Core\Navigation\NavMesh\Bake\NavBakeContext.cs(35,30): warning CS8765: 参数“obj”类型的为 Null 性与重写成员不匹配(可能是由于为 Null 性特性)。 [C:\001_AI\LudotsProd_issue709\src\Core\Ludots.Core.csproj]
C:\001_AI\LudotsProd_issue709\src\Core\Navigation\NavMesh\NavQueryService.cs(60,96): warning CS8625: 无法将 null 字面量转换为非 null 的引用类型。 [C:\001_AI\LudotsProd_issue709\src\Core\Ludots.Core.csproj]
C:\001_AI\LudotsProd_issue709\src\Core\Navigation\NavMesh\NavQueryServiceRegistry.cs(18,30): warning CS8765: 参数“obj”类型的为 Null 性与重写成员不匹配(可能是由于为 Null 性特性)。 [C:\001_AI\LudotsProd_issue709\src\Core\Ludots.Core.csproj]
C:\001_AI\LudotsProd_issue709\src\Core\Navigation\NavMesh\Config\NavMeshBakeConfigLoader.cs(27,37): warning CS8625: 无法将 null 字面量转换为非 null 的引用类型。 [C:\001_AI\LudotsProd_issue709\src\Core\Ludots.Core.csproj]
C:\001_AI\LudotsProd_issue709\src\Core\Navigation\NavMesh\Config\NavMeshBakeConfigLoader.cs(28,43): warning CS8625: 无法将 null 字面量转换为非 null 的引用类型。 [C:\001_AI\LudotsProd_issue709\src\Core\Ludots.Core.csproj]
C:\001_AI\LudotsProd_issue709\src\Core\Gameplay\GAS\TagOps.cs(21,65): warning CS8625: 无法将 null 字面量转换为非 null 的引用类型。 [C:\001_AI\LudotsProd_issue709\src\Core\Ludots.Core.csproj]
C:\001_AI\LudotsProd_issue709\src\Core\NodeLibraries\GASGraph\Host\GraphProgramConfigLoader.cs(40,37): warning CS8625: 无法将 null 字面量转换为非 null 的引用类型。 [C:\001_AI\LudotsProd_issue709\src\Core\Ludots.Core.csproj]
C:\001_AI\LudotsProd_issue709\src\Core\NodeLibraries\GASGraph\Host\GraphProgramConfigLoader.cs(41,43): warning CS8625: 无法将 null 字面量转换为非 null 的引用类型。 [C:\001_AI\LudotsProd_issue709\src\Core\Ludots.Core.csproj]
C:\001_AI\LudotsProd_issue709\src\Core\Navigation\NavMesh\NavTileModels.cs(27,30): warning CS8765: 参数“obj”类型的为 Null 性与重写成员不匹配(可能是由于为 Null 性特性)。 [C:\001_AI\LudotsProd_issue709\src\Core\Ludots.Core.csproj]
C:\001_AI\LudotsProd_issue709\src\Core\UI\ProductionOverview\ProductionOverviewProfileConfigLoader.cs(30,37): warning CS8625: 无法将 null 字面量转换为非 null 的引用类型。 [C:\001_AI\LudotsProd_issue709\src\Core\Ludots.Core.csproj]
C:\001_AI\LudotsProd_issue709\src\Core\UI\ProductionOverview\ProductionOverviewProfileConfigLoader.cs(31,43): warning CS8625: 无法将 null 字面量转换为非 null 的引用类型。 [C:\001_AI\LudotsProd_issue709\src\Core\Ludots.Core.csproj]
C:\001_AI\LudotsProd_issue709\src\Core\Gameplay\GAS\Systems\AbilityExecSystem.cs(65,60): warning CS8625: 无法将 null 字面量转换为非 null 的引用类型。 [C:\001_AI\LudotsProd_issue709\src\Core\Ludots.Core.csproj]
C:\001_AI\LudotsProd_issue709\src\Core\Gameplay\GAS\Systems\AbilityExecSystem.cs(66,41): warning CS8625: 无法将 null 字面量转换为非 null 的引用类型。 [C:\001_AI\LudotsProd_issue709\src\Core\Ludots.Core.csproj]
C:\001_AI\LudotsProd_issue709\src\Core\Gameplay\GAS\Systems\AbilityExecSystem.cs(69,61): warning CS8625: 无法将 null 字面量转换为非 null 的引用类型。 [C:\001_AI\LudotsProd_issue709\src\Core\Ludots.Core.csproj]
C:\001_AI\LudotsProd_issue709\src\Core\Gameplay\GAS\Systems\AbilityExecSystem.cs(70,49): warning CS8625: 无法将 null 字面量转换为非 null 的引用类型。 [C:\001_AI\LudotsProd_issue709\src\Core\Ludots.Core.csproj]
C:\001_AI\LudotsProd_issue709\src\Core\Gameplay\GAS\Systems\AbilityExecSystem.cs(71,50): warning CS8625: 无法将 null 字面量转换为非 null 的引用类型。 [C:\001_AI\LudotsProd_issue709\src\Core\Ludots.Core.csproj]
C:\001_AI\LudotsProd_issue709\src\Core\Gameplay\GAS\Systems\AbilityExecSystem.cs(72,41): warning CS8625: 无法将 null 字面量转换为非 null 的引用类型。 [C:\001_AI\LudotsProd_issue709\src\Core\Ludots.Core.csproj]
C:\001_AI\LudotsProd_issue709\src\Core\Gameplay\GAS\Systems\AbilityExecSystem.cs(73,29): warning CS8625: 无法将 null 字面量转换为非 null 的引用类型。 [C:\001_AI\LudotsProd_issue709\src\Core\Ludots.Core.csproj]
C:\001_AI\LudotsProd_issue709\src\Core\Gameplay\GAS\Systems\AbilityExecSystem.cs(74,51): warning CS8625: 无法将 null 字面量转换为非 null 的引用类型。 [C:\001_AI\LudotsProd_issue709\src\Core\Ludots.Core.csproj]
C:\001_AI\LudotsProd_issue709\src\Core\Gameplay\GAS\Systems\AbilityExecSystem.cs(75,71): warning CS8625: 无法将 null 字面量转换为非 null 的引用类型。 [C:\001_AI\LudotsProd_issue709\src\Core\Ludots.Core.csproj]
C:\001_AI\LudotsProd_issue709\src\Core\Navigation\NavMesh\NavTileModels.cs(225,33): warning CS8625: 无法将 null 字面量转换为非 null 的引用类型。 [C:\001_AI\LudotsProd_issue709\src\Core\Ludots.Core.csproj]
C:\001_AI\LudotsProd_issue709\src\Core\Gameplay\GAS\Systems\AbilityFormRoutingSystem.cs(21,103): warning CS8625: 无法将 null 字面量转换为非 null 的引用类型。 [C:\001_AI\LudotsProd_issue709\src\Core\Ludots.Core.csproj]
C:\001_AI\LudotsProd_issue709\src\Core\Presentation\Config\AnimationClipConfigLoader.cs(21,50): warning CS8625: 无法将 null 字面量转换为非 null 的引用类型。 [C:\001_AI\LudotsProd_issue709\src\Core\Ludots.Core.csproj]
C:\001_AI\LudotsProd_issue709\src\Core\Presentation\Config\AnimationClipConfigLoader.cs(21,86): warning CS8625: 无法将 null 字面量转换为非 null 的引用类型。 [C:\001_AI\LudotsProd_issue709\src\Core\Ludots.Core.csproj]
C:\001_AI\LudotsProd_issue709\src\Core\Navigation\NavMesh\NavTileBuilder.cs(68,34): warning CS8765: 参数“obj”类型的为 Null 性与重写成员不匹配(可能是由于为 Null 性特性)。 [C:\001_AI\LudotsProd_issue709\src\Core\Ludots.Core.csproj]
C:\001_AI\LudotsProd_issue709\src\Core\Navigation\NavMesh\NavTileBuilder.cs(413,34): warning CS8765: 参数“obj”类型的为 Null 性与重写成员不匹配(可能是由于为 Null 性特性)。 [C:\001_AI\LudotsProd_issue709\src\Core\Ludots.Core.csproj]
C:\001_AI\LudotsProd_issue709\src\Core\Presentation\Config\AnimationProfileConfigLoader.cs(28,50): warning CS8625: 无法将 null 字面量转换为非 null 的引用类型。 [C:\001_AI\LudotsProd_issue709\src\Core\Ludots.Core.csproj]
C:\001_AI\LudotsProd_issue709\src\Core\Presentation\Config\AnimationProfileConfigLoader.cs(28,86): warning CS8625: 无法将 null 字面量转换为非 null 的引用类型。 [C:\001_AI\LudotsProd_issue709\src\Core\Ludots.Core.csproj]
C:\001_AI\LudotsProd_issue709\src\Core\Gameplay\GAS\Systems\AbilitySystem.cs(25,60): warning CS8625: 无法将 null 字面量转换为非 null 的引用类型。 [C:\001_AI\LudotsProd_issue709\src\Core\Ludots.Core.csproj]
C:\001_AI\LudotsProd_issue709\src\Core\Gameplay\GAS\Systems\AbilitySystem.cs(26,29): warning CS8625: 无法将 null 字面量转换为非 null 的引用类型。 [C:\001_AI\LudotsProd_issue709\src\Core\Ludots.Core.csproj]
C:\001_AI\LudotsProd_issue709\src\Core\Gameplay\GAS\Systems\AbilitySystem.cs(27,50): warning CS8625: 无法将 null 字面量转换为非 null 的引用类型。 [C:\001_AI\LudotsProd_issue709\src\Core\Ludots.Core.csproj]
C:\001_AI\LudotsProd_issue709\src\Core\Gameplay\GAS\Systems\AbilitySystem.cs(28,41): warning CS8625: 无法将 null 字面量转换为非 null 的引用类型。 [C:\001_AI\LudotsProd_issue709\src\Core\Ludots.Core.csproj]
C:\001_AI\LudotsProd_issue709\src\Core\Gameplay\GAS\Systems\AbilitySystem.cs(29,71): warning CS8625: 无法将 null 字面量转换为非 null 的引用类型。 [C:\001_AI\LudotsProd_issue709\src\Core\Ludots.Core.csproj]
C:\001_AI\LudotsProd_issue709\src\Core\Gameplay\GAS\Orders\OrderTypeConfigLoader.cs(72,37): warning CS8625: 无法将 null 字面量转换为非 null 的引用类型。 [C:\001_AI\LudotsProd_issue709\src\Core\Ludots.Core.csproj]
C:\001_AI\LudotsProd_issue709\src\Core\Gameplay\GAS\Orders\OrderTypeConfigLoader.cs(73,43): warning CS8625: 无法将 null 字面量转换为非 null 的引用类型。 [C:\001_AI\LudotsProd_issue709\src\Core\Ludots.Core.csproj]
C:\001_AI\LudotsProd_issue709\src\Core\Gameplay\GAS\Orders\OrderTypeConfigLoader.cs(83,37): warning CS8625: 无法将 null 字面量转换为非 null 的引用类型。 [C:\001_AI\LudotsProd_issue709\src\Core\Ludots.Core.csproj]
C:\001_AI\LudotsProd_issue709\src\Core\Gameplay\GAS\Orders\OrderTypeConfigLoader.cs(84,43): warning CS8625: 无法将 null 字面量转换为非 null 的引用类型。 [C:\001_AI\LudotsProd_issue709\src\Core\Ludots.Core.csproj]
C:\001_AI\LudotsProd_issue709\src\Core\Navigation\NavMesh\Bake\PolygonProcessor.cs(14,63): warning CS8625: 无法将 null 字面量转换为非 null 的引用类型。 [C:\001_AI\LudotsProd_issue709\src\Core\Ludots.Core.csproj]
C:\001_AI\LudotsProd_issue709\src\Core\Gameplay\GAS\Systems\DeferredTriggerCollectionSystem.cs(21,112): warning CS8625: 无法将 null 字面量转换为非 null 的引用类型。 [C:\001_AI\LudotsProd_issue709\src\Core\Ludots.Core.csproj]
C:\001_AI\LudotsProd_issue709\src\Core\Scripting\EventKey.cs(15,30): warning CS8765: 参数“obj”类型的为 Null 性与重写成员不匹配(可能是由于为 Null 性特性)。 [C:\001_AI\LudotsProd_issue709\src\Core\Ludots.Core.csproj]
C:\001_AI\LudotsProd_issue709\src\Core\Presentation\Config\AnimatorControllerConfigLoader.cs(22,50): warning CS8625: 无法将 null 字面量转换为非 null 的引用类型。 [C:\001_AI\LudotsProd_issue709\src\Core\Ludots.Core.csproj]
C:\001_AI\LudotsProd_issue709\src\Core\Presentation\Config\AnimatorControllerConfigLoader.cs(22,86): warning CS8625: 无法将 null 字面量转换为非 null 的引用类型。 [C:\001_AI\LudotsProd_issue709\src\Core\Ludots.Core.csproj]
C:\001_AI\LudotsProd_issue709\src\Core\Scripting\FunctionRegistry.cs(22,85): warning CS8625: 无法将 null 字面量转换为非 null 的引用类型。 [C:\001_AI\LudotsProd_issue709\src\Core\Ludots.Core.csproj]
C:\001_AI\LudotsProd_issue709\src\Core\Gameplay\GAS\Systems\AttributeAggregatorSystem.cs(27,92): warning CS8625: 无法将 null 字面量转换为非 null 的引用类型。 [C:\001_AI\LudotsProd_issue709\src\Core\Ludots.Core.csproj]
C:\001_AI\LudotsProd_issue709\src\Core\Gameplay\GAS\Systems\AttributeAggregatorSystem.cs(27,126): warning CS8625: 无法将 null 字面量转换为非 null 的引用类型。 [C:\001_AI\LudotsProd_issue709\src\Core\Ludots.Core.csproj]
C:\001_AI\LudotsProd_issue709\src\Core\Presentation\Config\MeshAssetConfigLoader.cs(32,50): warning CS8625: 无法将 null 字面量转换为非 null 的引用类型。 [C:\001_AI\LudotsProd_issue709\src\Core\Ludots.Core.csproj]
C:\001_AI\LudotsProd_issue709\src\Core\Presentation\Config\MeshAssetConfigLoader.cs(32,86): warning CS8625: 无法将 null 字面量转换为非 null 的引用类型。 [C:\001_AI\LudotsProd_issue709\src\Core\Ludots.Core.csproj]
C:\001_AI\LudotsProd_issue709\src\Core\Gameplay\Spawning\RuntimeEntitySpawnSystem.cs(70,49): warning CS8625: 无法将 null 字面量转换为非 null 的引用类型。 [C:\001_AI\LudotsProd_issue709\src\Core\Ludots.Core.csproj]
C:\001_AI\LudotsProd_issue709\src\Core\Gameplay\GAS\Systems\EffectProcessingLoopSystem.cs(64,157): warning CS8625: 无法将 null 字面量转换为非 null 的引用类型。 [C:\001_AI\LudotsProd_issue709\src\Core\Ludots.Core.csproj]
C:\001_AI\LudotsProd_issue709\src\Core\Gameplay\GAS\Systems\EffectProcessingLoopSystem.cs(64,198): warning CS8625: 无法将 null 字面量转换为非 null 的引用类型。 [C:\001_AI\LudotsProd_issue709\src\Core\Ludots.Core.csproj]
C:\001_AI\LudotsProd_issue709\src\Core\Gameplay\GAS\Systems\EffectProcessingLoopSystem.cs(64,238): warning CS8625: 无法将 null 字面量转换为非 null 的引用类型。 [C:\001_AI\LudotsProd_issue709\src\Core\Ludots.Core.csproj]
C:\001_AI\LudotsProd_issue709\src\Core\Gameplay\GAS\Systems\EffectProcessingLoopSystem.cs(64,269): warning CS8625: 无法将 null 字面量转换为非 null 的引用类型。 [C:\001_AI\LudotsProd_issue709\src\Core\Ludots.Core.csproj]
C:\001_AI\LudotsProd_issue709\src\Core\Gameplay\GAS\Systems\EffectProcessingLoopSystem.cs(64,316): warning CS8625: 无法将 null 字面量转换为非 null 的引用类型。 [C:\001_AI\LudotsProd_issue709\src\Core\Ludots.Core.csproj]
C:\001_AI\LudotsProd_issue709\src\Core\Gameplay\GAS\Systems\EffectProcessingLoopSystem.cs(64,356): warning CS8625: 无法将 null 字面量转换为非 null 的引用类型。 [C:\001_AI\LudotsProd_issue709\src\Core\Ludots.Core.csproj]
C:\001_AI\LudotsProd_issue709\src\Core\Gameplay\GAS\Systems\EffectProcessingLoopSystem.cs(64,467): warning CS8625: 无法将 null 字面量转换为非 null 的引用类型。 [C:\001_AI\LudotsProd_issue709\src\Core\Ludots.Core.csproj]
C:\001_AI\LudotsProd_issue709\src\Core\Gameplay\GAS\Systems\EffectProcessingLoopSystem.cs(64,511): warning CS8625: 无法将 null 字面量转换为非 null 的引用类型。 [C:\001_AI\LudotsProd_issue709\src\Core\Ludots.Core.csproj]
C:\001_AI\LudotsProd_issue709\src\Core\Gameplay\GAS\Systems\EffectProcessingLoopSystem.cs(64,557): warning CS8625: 无法将 null 字面量转换为非 null 的引用类型。 [C:\001_AI\LudotsProd_issue709\src\Core\Ludots.Core.csproj]
C:\001_AI\LudotsProd_issue709\src\Core\Gameplay\GAS\Systems\EffectProcessingLoopSystem.cs(64,611): warning CS8625: 无法将 null 字面量转换为非 null 的引用类型。 [C:\001_AI\LudotsProd_issue709\src\Core\Ludots.Core.csproj]
C:\001_AI\LudotsProd_issue709\src\Core\Gameplay\GAS\Systems\EffectProcessingLoopSystem.cs(64,668): warning CS8625: 无法将 null 字面量转换为非 null 的引用类型。 [C:\001_AI\LudotsProd_issue709\src\Core\Ludots.Core.csproj]
C:\001_AI\LudotsProd_issue709\src\Core\Gameplay\GAS\Systems\EffectProcessingLoopSystem.cs(64,710): warning CS8625: 无法将 null 字面量转换为非 null 的引用类型。 [C:\001_AI\LudotsProd_issue709\src\Core\Ludots.Core.csproj]
C:\001_AI\LudotsProd_issue709\src\Core\Gameplay\GAS\Systems\EffectProcessingLoopSystem.cs(64,786): warning CS8625: 无法将 null 字面量转换为非 null 的引用类型。 [C:\001_AI\LudotsProd_issue709\src\Core\Ludots.Core.csproj]
C:\001_AI\LudotsProd_issue709\src\Core\Gameplay\GAS\Systems\EffectProcessingLoopSystem.cs(64,808): warning CS8625: 无法将 null 字面量转换为非 null 的引用类型。 [C:\001_AI\LudotsProd_issue709\src\Core\Ludots.Core.csproj]
C:\001_AI\LudotsProd_issue709\src\Core\Gameplay\GAS\Systems\EffectProcessingLoopSystem.cs(64,848): warning CS8625: 无法将 null 字面量转换为非 null 的引用类型。 [C:\001_AI\LudotsProd_issue709\src\Core\Ludots.Core.csproj]
C:\001_AI\LudotsProd_issue709\src\Core\Gameplay\GAS\Systems\EffectProcessingLoopSystem.cs(64,909): warning CS8625: 无法将 null 字面量转换为非 null 的引用类型。 [C:\001_AI\LudotsProd_issue709\src\Core\Ludots.Core.csproj]
C:\001_AI\LudotsProd_issue709\src\Core\Gameplay\GAS\Systems\EffectProcessingLoopSystem.cs(64,953): warning CS8625: 无法将 null 字面量转换为非 null 的引用类型。 [C:\001_AI\LudotsProd_issue709\src\Core\Ludots.Core.csproj]
C:\001_AI\LudotsProd_issue709\src\Core\Gameplay\GAS\Systems\EffectProcessingLoopSystem.cs(64,997): warning CS8625: 无法将 null 字面量转换为非 null 的引用类型。 [C:\001_AI\LudotsProd_issue709\src\Core\Ludots.Core.csproj]
C:\001_AI\LudotsProd_issue709\src\Core\Gameplay\GAS\Systems\EffectProcessingLoopSystem.cs(64,1066): warning CS8625: 无法将 null 字面量转换为非 null 的引用类型。 [C:\001_AI\LudotsProd_issue709\src\Core\Ludots.Core.csproj]
C:\001_AI\LudotsProd_issue709\src\Core\Gameplay\GAS\Systems\EffectProcessingLoopSystem.cs(64,1128): warning CS8625: 无法将 null 字面量转换为非 null 的引用类型。 [C:\001_AI\LudotsProd_issue709\src\Core\Ludots.Core.csproj]
C:\001_AI\LudotsProd_issue709\src\Core\Gameplay\GAS\Systems\EffectApplicationSystem.cs(127,89): warning CS8625: 无法将 null 字面量转换为非 null 的引用类型。 [C:\001_AI\LudotsProd_issue709\src\Core\Ludots.Core.csproj]
C:\001_AI\LudotsProd_issue709\src\Core\Gameplay\GAS\Systems\EffectApplicationSystem.cs(127,114): warning CS8625: 无法将 null 字面量转换为非 null 的引用类型。 [C:\001_AI\LudotsProd_issue709\src\Core\Ludots.Core.csproj]
C:\001_AI\LudotsProd_issue709\src\Core\Gameplay\GAS\Systems\EffectApplicationSystem.cs(127,168): warning CS8625: 无法将 null 字面量转换为非 null 的引用类型。 [C:\001_AI\LudotsProd_issue709\src\Core\Ludots.Core.csproj]
C:\001_AI\LudotsProd_issue709\src\Core\Gameplay\GAS\Systems\EffectApplicationSystem.cs(127,209): warning CS8625: 无法将 null 字面量转换为非 null 的引用类型。 [C:\001_AI\LudotsProd_issue709\src\Core\Ludots.Core.csproj]
C:\001_AI\LudotsProd_issue709\src\Core\Gameplay\GAS\Systems\EffectApplicationSystem.cs(127,253): warning CS8625: 无法将 null 字面量转换为非 null 的引用类型。 [C:\001_AI\LudotsProd_issue709\src\Core\Ludots.Core.csproj]
C:\001_AI\LudotsProd_issue709\src\Core\Gameplay\GAS\Systems\EffectApplicationSystem.cs(127,299): warning CS8625: 无法将 null 字面量转换为非 null 的引用类型。 [C:\001_AI\LudotsProd_issue709\src\Core\Ludots.Core.csproj]
C:\001_AI\LudotsProd_issue709\src\Core\Gameplay\GAS\Systems\EffectApplicationSystem.cs(127,353): warning CS8625: 无法将 null 字面量转换为非 null 的引用类型。 [C:\001_AI\LudotsProd_issue709\src\Core\Ludots.Core.csproj]
C:\001_AI\LudotsProd_issue709\src\Core\Gameplay\GAS\Systems\EffectApplicationSystem.cs(127,410): warning CS8625: 无法将 null 字面量转换为非 null 的引用类型。 [C:\001_AI\LudotsProd_issue709\src\Core\Ludots.Core.csproj]
C:\001_AI\LudotsProd_issue709\src\Core\Gameplay\GAS\Systems\EffectApplicationSystem.cs(127,452): warning CS8625: 无法将 null 字面量转换为非 null 的引用类型。 [C:\001_AI\LudotsProd_issue709\src\Core\Ludots.Core.csproj]
C:\001_AI\LudotsProd_issue709\src\Core\Gameplay\GAS\Systems\EffectApplicationSystem.cs(127,528): warning CS8625: 无法将 null 字面量转换为非 null 的引用类型。 [C:\001_AI\LudotsProd_issue709\src\Core\Ludots.Core.csproj]
C:\001_AI\LudotsProd_issue709\src\Core\Gameplay\GAS\Systems\EffectApplicationSystem.cs(127,550): warning CS8625: 无法将 null 字面量转换为非 null 的引用类型。 [C:\001_AI\LudotsProd_issue709\src\Core\Ludots.Core.csproj]
C:\001_AI\LudotsProd_issue709\src\Core\Gameplay\GAS\Systems\EffectApplicationSystem.cs(127,590): warning CS8625: 无法将 null 字面量转换为非 null 的引用类型。 [C:\001_AI\LudotsProd_issue709\src\Core\Ludots.Core.csproj]
C:\001_AI\LudotsProd_issue709\src\Core\Gameplay\GAS\Systems\EffectApplicationSystem.cs(127,651): warning CS8625: 无法将 null 字面量转换为非 null 的引用类型。 [C:\001_AI\LudotsProd_issue709\src\Core\Ludots.Core.csproj]
C:\001_AI\LudotsProd_issue709\src\Core\Gameplay\GAS\Systems\EffectApplicationSystem.cs(127,695): warning CS8625: 无法将 null 字面量转换为非 null 的引用类型。 [C:\001_AI\LudotsProd_issue709\src\Core\Ludots.Core.csproj]
C:\001_AI\LudotsProd_issue709\src\Core\Gameplay\GAS\Systems\EffectApplicationSystem.cs(127,739): warning CS8625: 无法将 null 字面量转换为非 null 的引用类型。 [C:\001_AI\LudotsProd_issue709\src\Core\Ludots.Core.csproj]
C:\001_AI\LudotsProd_issue709\src\Core\Gameplay\GAS\Systems\EffectApplicationSystem.cs(127,765): warning CS8625: 无法将 null 字面量转换为非 null 的引用类型。 [C:\001_AI\LudotsProd_issue709\src\Core\Ludots.Core.csproj]
C:\001_AI\LudotsProd_issue709\src\Core\Gameplay\GAS\Systems\EffectApplicationSystem.cs(127,834): warning CS8625: 无法将 null 字面量转换为非 null 的引用类型。 [C:\001_AI\LudotsProd_issue709\src\Core\Ludots.Core.csproj]
C:\001_AI\LudotsProd_issue709\src\Core\Gameplay\GAS\Systems\EffectApplicationSystem.cs(127,896): warning CS8625: 无法将 null 字面量转换为非 null 的引用类型。 [C:\001_AI\LudotsProd_issue709\src\Core\Ludots.Core.csproj]
C:\001_AI\LudotsProd_issue709\src\Core\Gameplay\GAS\Systems\EffectLifetimeSystem.cs(93,152): warning CS8625: 无法将 null 字面量转换为非 null 的引用类型。 [C:\001_AI\LudotsProd_issue709\src\Core\Ludots.Core.csproj]
C:\001_AI\LudotsProd_issue709\src\Core\Gameplay\GAS\Systems\EffectLifetimeSystem.cs(93,177): warning CS8625: 无法将 null 字面量转换为非 null 的引用类型。 [C:\001_AI\LudotsProd_issue709\src\Core\Ludots.Core.csproj]
C:\001_AI\LudotsProd_issue709\src\Core\Gameplay\GAS\Systems\EffectLifetimeSystem.cs(93,218): warning CS8625: 无法将 null 字面量转换为非 null 的引用类型。 [C:\001_AI\LudotsProd_issue709\src\Core\Ludots.Core.csproj]
C:\001_AI\LudotsProd_issue709\src\Core\Gameplay\GAS\Systems\EffectLifetimeSystem.cs(93,262): warning CS8625: 无法将 null 字面量转换为非 null 的引用类型。 [C:\001_AI\LudotsProd_issue709\src\Core\Ludots.Core.csproj]
C:\001_AI\LudotsProd_issue709\src\Core\Gameplay\GAS\Systems\EffectLifetimeSystem.cs(93,308): warning CS8625: 无法将 null 字面量转换为非 null 的引用类型。 [C:\001_AI\LudotsProd_issue709\src\Core\Ludots.Core.csproj]
C:\001_AI\LudotsProd_issue709\src\Core\Gameplay\GAS\Systems\EffectLifetimeSystem.cs(93,362): warning CS8625: 无法将 null 字面量转换为非 null 的引用类型。 [C:\001_AI\LudotsProd_issue709\src\Core\Ludots.Core.csproj]
C:\001_AI\LudotsProd_issue709\src\Core\Gameplay\GAS\Systems\EffectLifetimeSystem.cs(93,419): warning CS8625: 无法将 null 字面量转换为非 null 的引用类型。 [C:\001_AI\LudotsProd_issue709\src\Core\Ludots.Core.csproj]
C:\001_AI\LudotsProd_issue709\src\Core\Gameplay\GAS\Systems\EffectLifetimeSystem.cs(93,461): warning CS8625: 无法将 null 字面量转换为非 null 的引用类型。 [C:\001_AI\LudotsProd_issue709\src\Core\Ludots.Core.csproj]
C:\001_AI\LudotsProd_issue709\src\Core\Gameplay\GAS\Systems\EffectLifetimeSystem.cs(93,537): warning CS8625: 无法将 null 字面量转换为非 null 的引用类型。 [C:\001_AI\LudotsProd_issue709\src\Core\Ludots.Core.csproj]
C:\001_AI\LudotsProd_issue709\src\Core\Gameplay\GAS\Systems\EffectLifetimeSystem.cs(93,559): warning CS8625: 无法将 null 字面量转换为非 null 的引用类型。 [C:\001_AI\LudotsProd_issue709\src\Core\Ludots.Core.csproj]
C:\001_AI\LudotsProd_issue709\src\Core\Gameplay\GAS\Systems\EffectLifetimeSystem.cs(93,599): warning CS8625: 无法将 null 字面量转换为非 null 的引用类型。 [C:\001_AI\LudotsProd_issue709\src\Core\Ludots.Core.csproj]
C:\001_AI\LudotsProd_issue709\src\Core\Gameplay\GAS\Systems\EffectLifetimeSystem.cs(93,660): warning CS8625: 无法将 null 字面量转换为非 null 的引用类型。 [C:\001_AI\LudotsProd_issue709\src\Core\Ludots.Core.csproj]
C:\001_AI\LudotsProd_issue709\src\Core\Gameplay\GAS\Systems\EffectLifetimeSystem.cs(93,704): warning CS8625: 无法将 null 字面量转换为非 null 的引用类型。 [C:\001_AI\LudotsProd_issue709\src\Core\Ludots.Core.csproj]
C:\001_AI\LudotsProd_issue709\src\Core\Gameplay\GAS\Systems\EffectLifetimeSystem.cs(93,748): warning CS8625: 无法将 null 字面量转换为非 null 的引用类型。 [C:\001_AI\LudotsProd_issue709\src\Core\Ludots.Core.csproj]
C:\001_AI\LudotsProd_issue709\src\Core\Gameplay\GAS\Systems\EffectLifetimeSystem.cs(93,817): warning CS8625: 无法将 null 字面量转换为非 null 的引用类型。 [C:\001_AI\LudotsProd_issue709\src\Core\Ludots.Core.csproj]
C:\001_AI\LudotsProd_issue709\src\Core\Gameplay\GAS\Systems\EffectLifetimeSystem.cs(93,871): warning CS8625: 无法将 null 字面量转换为非 null 的引用类型。 [C:\001_AI\LudotsProd_issue709\src\Core\Ludots.Core.csproj]
C:\001_AI\LudotsProd_issue709\src\Core\Gameplay\GAS\Systems\EffectLifetimeSystem.cs(93,933): warning CS8625: 无法将 null 字面量转换为非 null 的引用类型。 [C:\001_AI\LudotsProd_issue709\src\Core\Ludots.Core.csproj]
C:\001_AI\LudotsProd_issue709\src\Core\Presentation\Config\PresentationBehaviorConfigLoader.cs(24,50): warning CS8625: 无法将 null 字面量转换为非 null 的引用类型。 [C:\001_AI\LudotsProd_issue709\src\Core\Ludots.Core.csproj]
C:\001_AI\LudotsProd_issue709\src\Core\Presentation\Config\PresentationBehaviorConfigLoader.cs(24,86): warning CS8625: 无法将 null 字面量转换为非 null 的引用类型。 [C:\001_AI\LudotsProd_issue709\src\Core\Ludots.Core.csproj]
C:\001_AI\LudotsProd_issue709\src\Core\Presentation\Config\PresentationHostAssetConfigLoader.cs(26,69): warning CS8625: 无法将 null 字面量转换为非 null 的引用类型。 [C:\001_AI\LudotsProd_issue709\src\Core\Ludots.Core.csproj]
C:\001_AI\LudotsProd_issue709\src\Core\Presentation\Config\PresentationHostAssetConfigLoader.cs(26,105): warning CS8625: 无法将 null 字面量转换为非 null 的引用类型。 [C:\001_AI\LudotsProd_issue709\src\Core\Ludots.Core.csproj]
C:\001_AI\LudotsProd_issue709\src\Core\Presentation\Config\InstancedBatchAssetConfigLoader.cs(44,50): warning CS8625: 无法将 null 字面量转换为非 null 的引用类型。 [C:\001_AI\LudotsProd_issue709\src\Core\Ludots.Core.csproj]
C:\001_AI\LudotsProd_issue709\src\Core\Presentation\Config\InstancedBatchAssetConfigLoader.cs(44,86): warning CS8625: 无法将 null 字面量转换为非 null 的引用类型。 [C:\001_AI\LudotsProd_issue709\src\Core\Ludots.Core.csproj]
C:\001_AI\LudotsProd_issue709\src\Core\Presentation\Config\PresentationMaterialConfigLoader.cs(21,50): warning CS8625: 无法将 null 字面量转换为非 null 的引用类型。 [C:\001_AI\LudotsProd_issue709\src\Core\Ludots.Core.csproj]
C:\001_AI\LudotsProd_issue709\src\Core\Presentation\Config\PresentationMaterialConfigLoader.cs(21,86): warning CS8625: 无法将 null 字面量转换为非 null 的引用类型。 [C:\001_AI\LudotsProd_issue709\src\Core\Ludots.Core.csproj]
C:\001_AI\LudotsProd_issue709\src\Core\Gameplay\GAS\Systems\EffectProposalProcessingSystem.cs(253,105): warning CS8625: 无法将 null 字面量转换为非 null 的引用类型。 [C:\001_AI\LudotsProd_issue709\src\Core\Ludots.Core.csproj]
C:\001_AI\LudotsProd_issue709\src\Core\Gameplay\GAS\Systems\EffectProposalProcessingSystem.cs(253,146): warning CS8625: 无法将 null 字面量转换为非 null 的引用类型。 [C:\001_AI\LudotsProd_issue709\src\Core\Ludots.Core.csproj]
C:\001_AI\LudotsProd_issue709\src\Core\Gameplay\GAS\Systems\EffectProposalProcessingSystem.cs(253,186): warning CS8625: 无法将 null 字面量转换为非 null 的引用类型。 [C:\001_AI\LudotsProd_issue709\src\Core\Ludots.Core.csproj]
C:\001_AI\LudotsProd_issue709\src\Core\Gameplay\GAS\Systems\EffectProposalProcessingSystem.cs(253,217): warning CS8625: 无法将 null 字面量转换为非 null 的引用类型。 [C:\001_AI\LudotsProd_issue709\src\Core\Ludots.Core.csproj]
C:\001_AI\LudotsProd_issue709\src\Core\Gameplay\GAS\Systems\EffectProposalProcessingSystem.cs(253,264): warning CS8625: 无法将 null 字面量转换为非 null 的引用类型。 [C:\001_AI\LudotsProd_issue709\src\Core\Ludots.Core.csproj]
C:\001_AI\LudotsProd_issue709\src\Core\Gameplay\GAS\Systems\EffectProposalProcessingSystem.cs(253,304): warning CS8625: 无法将 null 字面量转换为非 null 的引用类型。 [C:\001_AI\LudotsProd_issue709\src\Core\Ludots.Core.csproj]
C:\001_AI\LudotsProd_issue709\src\Core\Gameplay\GAS\Systems\EffectProposalProcessingSystem.cs(253,415): warning CS8625: 无法将 null 字面量转换为非 null 的引用类型。 [C:\001_AI\LudotsProd_issue709\src\Core\Ludots.Core.csproj]
C:\001_AI\LudotsProd_issue709\src\Core\Gameplay\GAS\Systems\EffectProposalProcessingSystem.cs(253,457): warning CS8625: 无法将 null 字面量转换为非 null 的引用类型。 [C:\001_AI\LudotsProd_issue709\src\Core\Ludots.Core.csproj]
C:\001_AI\LudotsProd_issue709\src\Core\Gameplay\GAS\Systems\EffectProposalProcessingSystem.cs(253,533): warning CS8625: 无法将 null 字面量转换为非 null 的引用类型。 [C:\001_AI\LudotsProd_issue709\src\Core\Ludots.Core.csproj]
C:\001_AI\LudotsProd_issue709\src\Core\Gameplay\GAS\Systems\EffectProposalProcessingSystem.cs(253,555): warning CS8625: 无法将 null 字面量转换为非 null 的引用类型。 [C:\001_AI\LudotsProd_issue709\src\Core\Ludots.Core.csproj]
C:\001_AI\LudotsProd_issue709\src\Core\Presentation\Config\PresentationTextCatalogLoader.cs(23,69): warning CS8625: 无法将 null 字面量转换为非 null 的引用类型。 [C:\001_AI\LudotsProd_issue709\src\Core\Ludots.Core.csproj]
C:\001_AI\LudotsProd_issue709\src\Core\Presentation\Config\PresentationTextCatalogLoader.cs(23,105): warning CS8625: 无法将 null 字面量转换为非 null 的引用类型。 [C:\001_AI\LudotsProd_issue709\src\Core\Ludots.Core.csproj]
C:\001_AI\LudotsProd_issue709\src\Core\Gameplay\GAS\Systems\TimedTagExpirationSystem.cs(24,84): warning CS8625: 无法将 null 字面量转换为非 null 的引用类型。 [C:\001_AI\LudotsProd_issue709\src\Core\Ludots.Core.csproj]
C:\001_AI\LudotsProd_issue709\src\Core\Presentation\Config\PerformerDefinitionConfigLoader.cs(41,54): warning CS8625: 无法将 null 字面量转换为非 null 的引用类型。 [C:\001_AI\LudotsProd_issue709\src\Core\Ludots.Core.csproj]
C:\001_AI\LudotsProd_issue709\src\Core\Presentation\Config\PerformerDefinitionConfigLoader.cs(42,47): warning CS8625: 无法将 null 字面量转换为非 null 的引用类型。 [C:\001_AI\LudotsProd_issue709\src\Core\Ludots.Core.csproj]
C:\001_AI\LudotsProd_issue709\src\Core\Presentation\Config\PerformerDefinitionConfigLoader.cs(43,52): warning CS8625: 无法将 null 字面量转换为非 null 的引用类型。 [C:\001_AI\LudotsProd_issue709\src\Core\Ludots.Core.csproj]
C:\001_AI\LudotsProd_issue709\src\Core\Presentation\Config\PerformerDefinitionConfigLoader.cs(44,58): warning CS8625: 无法将 null 字面量转换为非 null 的引用类型。 [C:\001_AI\LudotsProd_issue709\src\Core\Ludots.Core.csproj]
C:\001_AI\LudotsProd_issue709\src\Core\Presentation\Config\PerformerDefinitionConfigLoader.cs(45,57): warning CS8625: 无法将 null 字面量转换为非 null 的引用类型。 [C:\001_AI\LudotsProd_issue709\src\Core\Ludots.Core.csproj]
C:\001_AI\LudotsProd_issue709\src\Core\Presentation\Config\PerformerDefinitionConfigLoader.cs(46,51): warning CS8625: 无法将 null 字面量转换为非 null 的引用类型。 [C:\001_AI\LudotsProd_issue709\src\Core\Ludots.Core.csproj]
C:\001_AI\LudotsProd_issue709\src\Core\Presentation\Config\PerformerDefinitionConfigLoader.cs(47,61): warning CS8625: 无法将 null 字面量转换为非 null 的引用类型。 [C:\001_AI\LudotsProd_issue709\src\Core\Ludots.Core.csproj]
C:\001_AI\LudotsProd_issue709\src\Core\Presentation\Config\PerformerDefinitionConfigLoader.cs(48,59): warning CS8625: 无法将 null 字面量转换为非 null 的引用类型。 [C:\001_AI\LudotsProd_issue709\src\Core\Ludots.Core.csproj]
C:\001_AI\LudotsProd_issue709\src\Core\Presentation\Config\PerformerDefinitionConfigLoader.cs(49,67): warning CS8625: 无法将 null 字面量转换为非 null 的引用类型。 [C:\001_AI\LudotsProd_issue709\src\Core\Ludots.Core.csproj]
C:\001_AI\LudotsProd_issue709\src\Core\Presentation\Config\PerformerDefinitionConfigLoader.cs(50,62): warning CS8625: 无法将 null 字面量转换为非 null 的引用类型。 [C:\001_AI\LudotsProd_issue709\src\Core\Ludots.Core.csproj]
C:\001_AI\LudotsProd_issue709\src\Core\Presentation\Config\PerformerDefinitionConfigLoader.cs(51,62): warning CS8625: 无法将 null 字面量转换为非 null 的引用类型。 [C:\001_AI\LudotsProd_issue709\src\Core\Ludots.Core.csproj]
C:\001_AI\LudotsProd_issue709\src\Core\Presentation\Config\PerformerDefinitionConfigLoader.cs(68,50): warning CS8625: 无法将 null 字面量转换为非 null 的引用类型。 [C:\001_AI\LudotsProd_issue709\src\Core\Ludots.Core.csproj]
C:\001_AI\LudotsProd_issue709\src\Core\Presentation\Config\PerformerDefinitionConfigLoader.cs(68,86): warning CS8625: 无法将 null 字面量转换为非 null 的引用类型。 [C:\001_AI\LudotsProd_issue709\src\Core\Ludots.Core.csproj]
C:\001_AI\LudotsProd_issue709\src\Core\Presentation\Systems\PerformerEmitSystem.cs(56,59): warning CS8625: 无法将 null 字面量转换为非 null 的引用类型。 [C:\001_AI\LudotsProd_issue709\src\Core\Ludots.Core.csproj]
C:\001_AI\LudotsProd_issue709\src\Core\Presentation\Systems\PerformerEmitSystem.cs(57,48): warning CS8625: 无法将 null 字面量转换为非 null 的引用类型。 [C:\001_AI\LudotsProd_issue709\src\Core\Ludots.Core.csproj]
C:\001_AI\LudotsProd_issue709\src\Core\Commands\DelegateCommand.cs(12,16): warning CS8618: 在退出构造函数时，不可为 null 的 字段 "_syncAction" 必须包含非 null 值。请考虑添加 "required" 修饰符或将该 字段 声明为可为 null。 [C:\001_AI\LudotsProd_issue709\src\Core\Ludots.Core.csproj]
C:\001_AI\LudotsProd_issue709\src\Core\Commands\DelegateCommand.cs(17,16): warning CS8618: 在退出构造函数时，不可为 null 的 字段 "_asyncAction" 必须包含非 null 值。请考虑添加 "required" 修饰符或将该 字段 声明为可为 null。 [C:\001_AI\LudotsProd_issue709\src\Core\Ludots.Core.csproj]
C:\001_AI\LudotsProd_issue709\src\Core\Collections\PriorityQueue.cs(78,26): warning CS8601: 可能的 null 引用赋值。 [C:\001_AI\LudotsProd_issue709\src\Core\Ludots.Core.csproj]
C:\001_AI\LudotsProd_issue709\src\Core\Commands\ShowUiCommand.cs(11,23): warning CS8618: 在退出构造函数时，不可为 null 的 属性 "Html" 必须包含非 null 值。请考虑添加 "required" 修饰符或将该 属性 声明为可为 null。 [C:\001_AI\LudotsProd_issue709\src\Core\Ludots.Core.csproj]
C:\001_AI\LudotsProd_issue709\src\Core\Commands\ShowUiCommand.cs(12,23): warning CS8618: 在退出构造函数时，不可为 null 的 属性 "Css" 必须包含非 null 值。请考虑添加 "required" 修饰符或将该 属性 声明为可为 null。 [C:\001_AI\LudotsProd_issue709\src\Core\Ludots.Core.csproj]
C:\001_AI\LudotsProd_issue709\src\Core\Commands\LoadMapCommand.cs(10,23): warning CS8618: 在退出构造函数时，不可为 null 的 属性 "MapId" 必须包含非 null 值。请考虑添加 "required" 修饰符或将该 属性 声明为可为 null。 [C:\001_AI\LudotsProd_issue709\src\Core\Ludots.Core.csproj]
C:\001_AI\LudotsProd_issue709\src\Core\Collections\Fix64PriorityQueue.cs(48,26): warning CS8601: 可能的 null 引用赋值。 [C:\001_AI\LudotsProd_issue709\src\Core\Ludots.Core.csproj]
C:\001_AI\LudotsProd_issue709\src\Core\Engine\TimeFlow\TimeFlowService.cs(80,30): warning CS8625: 无法将 null 字面量转换为非 null 的引用类型。 [C:\001_AI\LudotsProd_issue709\src\Core\Ludots.Core.csproj]
C:\001_AI\LudotsProd_issue709\src\Core\Config\ConfigConflictReport.cs(38,68): warning CS8601: 可能的 null 引用赋值。 [C:\001_AI\LudotsProd_issue709\src\Core\Ludots.Core.csproj]
C:\001_AI\LudotsProd_issue709\src\Core\Gameplay\Teams\TeamManager.cs(17,23): warning CS8618: 在退出构造函数时，不可为 null 的 属性 "Attitude" 必须包含非 null 值。请考虑添加 "required" 修饰符或将该 属性 声明为可为 null。 [C:\001_AI\LudotsProd_issue709\src\Core\Ludots.Core.csproj]
C:\001_AI\LudotsProd_issue709\src\Core\Config\ComponentRegistry.cs(65,71): warning CS8625: 无法将 null 字面量转换为非 null 的引用类型。 [C:\001_AI\LudotsProd_issue709\src\Core\Ludots.Core.csproj]
C:\001_AI\LudotsProd_issue709\src\Core\Config\ComponentRegistry.cs(69,53): warning CS8625: 无法将 null 字面量转换为非 null 的引用类型。 [C:\001_AI\LudotsProd_issue709\src\Core\Ludots.Core.csproj]
C:\001_AI\LudotsProd_issue709\src\Core\Config\ComponentRegistry.cs(71,63): warning CS8625: 无法将 null 字面量转换为非 null 的引用类型。 [C:\001_AI\LudotsProd_issue709\src\Core\Ludots.Core.csproj]
C:\001_AI\LudotsProd_issue709\src\Core\Config\ComponentRegistry.cs(72,87): warning CS8625: 无法将 null 字面量转换为非 null 的引用类型。 [C:\001_AI\LudotsProd_issue709\src\Core\Ludots.Core.csproj]
C:\001_AI\LudotsProd_issue709\src\Core\Config\ComponentRegistry.cs(83,53): warning CS8625: 无法将 null 字面量转换为非 null 的引用类型。 [C:\001_AI\LudotsProd_issue709\src\Core\Ludots.Core.csproj]
C:\001_AI\LudotsProd_issue709\src\Core\Config\ComponentRegistry.cs(86,87): warning CS8625: 无法将 null 字面量转换为非 null 的引用类型。 [C:\001_AI\LudotsProd_issue709\src\Core\Ludots.Core.csproj]
C:\001_AI\LudotsProd_issue709\src\Core\Config\ComponentRegistry.cs(95,61): warning CS8625: 无法将 null 字面量转换为非 null 的引用类型。 [C:\001_AI\LudotsProd_issue709\src\Core\Ludots.Core.csproj]
C:\001_AI\LudotsProd_issue709\src\Core\Config\ComponentRegistry.cs(96,49): warning CS8625: 无法将 null 字面量转换为非 null 的引用类型。 [C:\001_AI\LudotsProd_issue709\src\Core\Ludots.Core.csproj]
C:\001_AI\LudotsProd_issue709\src\Core\Config\ComponentRegistry.cs(113,69): warning CS8625: 无法将 null 字面量转换为非 null 的引用类型。 [C:\001_AI\LudotsProd_issue709\src\Core\Ludots.Core.csproj]
C:\001_AI\LudotsProd_issue709\src\Core\Config\ComponentRegistry.cs(114,73): warning CS8625: 无法将 null 字面量转换为非 null 的引用类型。 [C:\001_AI\LudotsProd_issue709\src\Core\Ludots.Core.csproj]
C:\001_AI\LudotsProd_issue709\src\Core\Config\ComponentRegistry.cs(117,81): warning CS8625: 无法将 null 字面量转换为非 null 的引用类型。 [C:\001_AI\LudotsProd_issue709\src\Core\Ludots.Core.csproj]
C:\001_AI\LudotsProd_issue709\src\Core\Config\ComponentRegistry.cs(118,75): warning CS8625: 无法将 null 字面量转换为非 null 的引用类型。 [C:\001_AI\LudotsProd_issue709\src\Core\Ludots.Core.csproj]
C:\001_AI\LudotsProd_issue709\src\Core\Config\ComponentRegistry.cs(119,57): warning CS8625: 无法将 null 字面量转换为非 null 的引用类型。 [C:\001_AI\LudotsProd_issue709\src\Core\Ludots.Core.csproj]
C:\001_AI\LudotsProd_issue709\src\Core\Config\ComponentRegistry.cs(49,16): warning CS8618: 在退出构造函数时，不可为 null 的 字段 "_conflictReport" 必须包含非 null 值。请考虑添加 "required" 修饰符或将该 字段 声明为可为 null。 [C:\001_AI\LudotsProd_issue709\src\Core\Ludots.Core.csproj]
C:\001_AI\LudotsProd_issue709\src\Core\Gameplay\Exchange\ExchangeConfigLoader.cs(50,53): warning CS8604: “ConfigCatalogEntry ConfigPipeline.RequireEntry(ConfigCatalog catalog, string path, ConfigMergePolicy defaultPolicy, string defaultIdField = "id")”中的形参“catalog”可能传入 null 引用实参。 [C:\001_AI\LudotsProd_issue709\src\Core\Ludots.Core.csproj]
C:\001_AI\LudotsProd_issue709\src\Core\Gameplay\Exchange\ExchangeConfigLoader.cs(51,72): warning CS8604: “IReadOnlyList<MergedConfigEntry> ConfigPipeline.MergeArrayByIdFromCatalog(in ConfigCatalogEntry entry, ConfigConflictReport report = null)”中的形参“report”可能传入 null 引用实参。 [C:\001_AI\LudotsProd_issue709\src\Core\Ludots.Core.csproj]
C:\001_AI\LudotsProd_issue709\src\Core\Config\ConfigMerger.cs(92,82): warning CS8625: 无法将 null 字面量转换为非 null 的引用类型。 [C:\001_AI\LudotsProd_issue709\src\Core\Ludots.Core.csproj]
C:\001_AI\LudotsProd_issue709\src\Core\Config\ConfigMerger.cs(109,69): warning CS8604: “List<MergedConfigEntry> ConfigMerger.MergeArrayByIdToEntriesCore(IReadOnlyList<ConfigFragment> fragments, in ConfigCatalogEntry entry, ConfigConflictReport report)”中的形参“report”可能传入 null 引用实参。 [C:\001_AI\LudotsProd_issue709\src\Core\Ludots.Core.csproj]
C:\001_AI\LudotsProd_issue709\src\Core\Gameplay\Exchange\ExchangeConfigLoader.cs(92,53): warning CS8604: “ConfigCatalogEntry ConfigPipeline.RequireEntry(ConfigCatalog catalog, string path, ConfigMergePolicy defaultPolicy, string defaultIdField = "id")”中的形参“catalog”可能传入 null 引用实参。 [C:\001_AI\LudotsProd_issue709\src\Core\Ludots.Core.csproj]
C:\001_AI\LudotsProd_issue709\src\Core\Gameplay\Exchange\ExchangeConfigLoader.cs(93,72): warning CS8604: “IReadOnlyList<MergedConfigEntry> ConfigPipeline.MergeArrayByIdFromCatalog(in ConfigCatalogEntry entry, ConfigConflictReport report = null)”中的形参“report”可能传入 null 引用实参。 [C:\001_AI\LudotsProd_issue709\src\Core\Ludots.Core.csproj]
C:\001_AI\LudotsProd_issue709\src\Core\Config\ConfigPipeline.cs(153,24): warning CS8603: 可能返回 null 引用。 [C:\001_AI\LudotsProd_issue709\src\Core\Ludots.Core.csproj]
C:\001_AI\LudotsProd_issue709\src\Core\Gameplay\Narrative\NarrativeConfigLoader.cs(34,53): warning CS8604: “ConfigCatalogEntry ConfigPipeline.RequireEntry(ConfigCatalog catalog, string path, ConfigMergePolicy defaultPolicy, string defaultIdField = "id")”中的形参“catalog”可能传入 null 引用实参。 [C:\001_AI\LudotsProd_issue709\src\Core\Ludots.Core.csproj]
C:\001_AI\LudotsProd_issue709\src\Core\Gameplay\Narrative\NarrativeConfigLoader.cs(35,72): warning CS8604: “IReadOnlyList<MergedConfigEntry> ConfigPipeline.MergeArrayByIdFromCatalog(in ConfigCatalogEntry entry, ConfigConflictReport report = null)”中的形参“report”可能传入 null 引用实参。 [C:\001_AI\LudotsProd_issue709\src\Core\Ludots.Core.csproj]
C:\001_AI\LudotsProd_issue709\src\Core\Engine\GameContext.cs(24,21): warning CS8603: 可能返回 null 引用。 [C:\001_AI\LudotsProd_issue709\src\Core\Ludots.Core.csproj]
C:\001_AI\LudotsProd_issue709\src\Core\Gameplay\Narrative\NarrativeConfigLoader.cs(48,53): warning CS8604: “ConfigCatalogEntry ConfigPipeline.RequireEntry(ConfigCatalog catalog, string path, ConfigMergePolicy defaultPolicy, string defaultIdField = "id")”中的形参“catalog”可能传入 null 引用实参。 [C:\001_AI\LudotsProd_issue709\src\Core\Ludots.Core.csproj]
C:\001_AI\LudotsProd_issue709\src\Core\Gameplay\Narrative\NarrativeConfigLoader.cs(49,72): warning CS8604: “IReadOnlyList<MergedConfigEntry> ConfigPipeline.MergeArrayByIdFromCatalog(in ConfigCatalogEntry entry, ConfigConflictReport report = null)”中的形参“report”可能传入 null 引用实参。 [C:\001_AI\LudotsProd_issue709\src\Core\Ludots.Core.csproj]
C:\001_AI\LudotsProd_issue709\src\Core\Gameplay\Narrative\NarrativeConfigLoader.cs(62,53): warning CS8604: “ConfigCatalogEntry ConfigPipeline.RequireEntry(ConfigCatalog catalog, string path, ConfigMergePolicy defaultPolicy, string defaultIdField = "id")”中的形参“catalog”可能传入 null 引用实参。 [C:\001_AI\LudotsProd_issue709\src\Core\Ludots.Core.csproj]
C:\001_AI\LudotsProd_issue709\src\Core\Gameplay\Narrative\NarrativeConfigLoader.cs(63,72): warning CS8604: “IReadOnlyList<MergedConfigEntry> ConfigPipeline.MergeArrayByIdFromCatalog(in ConfigCatalogEntry entry, ConfigConflictReport report = null)”中的形参“report”可能传入 null 引用实参。 [C:\001_AI\LudotsProd_issue709\src\Core\Ludots.Core.csproj]
C:\001_AI\LudotsProd_issue709\src\Core\Config\ConfigMerger.cs(195,39): warning CS8600: 将 null 文本或可能的 null 值转换为不可为 null 类型。 [C:\001_AI\LudotsProd_issue709\src\Core\Ludots.Core.csproj]
C:\001_AI\LudotsProd_issue709\src\Core\Input\Systems\LocalPlayerEntityResolverSystem.cs(25,79): warning CS8600: 将 null 文本或可能的 null 值转换为不可为 null 类型。 [C:\001_AI\LudotsProd_issue709\src\Core\Ludots.Core.csproj]
C:\001_AI\LudotsProd_issue709\src\Core\Input\Systems\LocalPlayerEntityResolverSystem.cs(32,84): warning CS8600: 将 null 文本或可能的 null 值转换为不可为 null 类型。 [C:\001_AI\LudotsProd_issue709\src\Core\Ludots.Core.csproj]
C:\001_AI\LudotsProd_issue709\src\Core\Input\Systems\LocalPlayerEntityResolverSystem.cs(59,83): warning CS8600: 将 null 文本或可能的 null 值转换为不可为 null 类型。 [C:\001_AI\LudotsProd_issue709\src\Core\Ludots.Core.csproj]
C:\001_AI\LudotsProd_issue709\src\Core\Hosting\GameBootstrapper.cs(78,35): warning CS8600: 将 null 文本或可能的 null 值转换为不可为 null 类型。 [C:\001_AI\LudotsProd_issue709\src\Core\Ludots.Core.csproj]
C:\001_AI\LudotsProd_issue709\src\Core\Config\ComponentRegistry.cs(387,90): warning CS8625: 无法将 null 字面量转换为非 null 的引用类型。 [C:\001_AI\LudotsProd_issue709\src\Core\Ludots.Core.csproj]
C:\001_AI\LudotsProd_issue709\src\Core\Config\ComponentRegistry.cs(397,66): warning CS8625: 无法将 null 字面量转换为非 null 的引用类型。 [C:\001_AI\LudotsProd_issue709\src\Core\Ludots.Core.csproj]
C:\001_AI\LudotsProd_issue709\src\Core\Gameplay\Narrative\NarrativeDirector.cs(57,16): warning CS8618: 在退出构造函数时，不可为 null 的 字段 "_activeDialogue" 必须包含非 null 值。请考虑添加 "required" 修饰符或将该 字段 声明为可为 null。 [C:\001_AI\LudotsProd_issue709\src\Core\Ludots.Core.csproj]
C:\001_AI\LudotsProd_issue709\src\Core\Gameplay\Narrative\NarrativeDirector.cs(57,16): warning CS8618: 在退出构造函数时，不可为 null 的 字段 "_activeCinematic" 必须包含非 null 值。请考虑添加 "required" 修饰符或将该 字段 声明为可为 null。 [C:\001_AI\LudotsProd_issue709\src\Core\Ludots.Core.csproj]
C:\001_AI\LudotsProd_issue709\src\Core\Gameplay\Narrative\NarrativeDirector.cs(79,31): warning CS8625: 无法将 null 字面量转换为非 null 的引用类型。 [C:\001_AI\LudotsProd_issue709\src\Core\Ludots.Core.csproj]
C:\001_AI\LudotsProd_issue709\src\Core\Gameplay\Narrative\NarrativeDirector.cs(80,32): warning CS8625: 无法将 null 字面量转换为非 null 的引用类型。 [C:\001_AI\LudotsProd_issue709\src\Core\Ludots.Core.csproj]
C:\001_AI\LudotsProd_issue709\src\Core\Gameplay\Items\ItemConfigLoader.cs(40,53): warning CS8604: “ConfigCatalogEntry ConfigPipeline.RequireEntry(ConfigCatalog catalog, string path, ConfigMergePolicy defaultPolicy, string defaultIdField = "id")”中的形参“catalog”可能传入 null 引用实参。 [C:\001_AI\LudotsProd_issue709\src\Core\Ludots.Core.csproj]
C:\001_AI\LudotsProd_issue709\src\Core\Gameplay\Items\ItemConfigLoader.cs(41,72): warning CS8604: “IReadOnlyList<MergedConfigEntry> ConfigPipeline.MergeArrayByIdFromCatalog(in ConfigCatalogEntry entry, ConfigConflictReport report = null)”中的形参“report”可能传入 null 引用实参。 [C:\001_AI\LudotsProd_issue709\src\Core\Ludots.Core.csproj]
C:\001_AI\LudotsProd_issue709\src\Core\Config\TemplateEntityBatchSpawner.cs(637,76): warning CS8600: 将 null 文本或可能的 null 值转换为不可为 null 类型。 [C:\001_AI\LudotsProd_issue709\src\Core\Ludots.Core.csproj]
C:\001_AI\LudotsProd_issue709\src\Core\Config\TemplateEntityBatchSpawner.cs(643,76): warning CS8600: 将 null 文本或可能的 null 值转换为不可为 null 类型。 [C:\001_AI\LudotsProd_issue709\src\Core\Ludots.Core.csproj]
C:\001_AI\LudotsProd_issue709\src\Core\Map\WorldMap.cs(26,16): warning CS8618: 在退出构造函数时，不可为 null 的 字段 "_tiles" 必须包含非 null 值。请考虑添加 "required" 修饰符或将该 字段 声明为可为 null。 [C:\001_AI\LudotsProd_issue709\src\Core\Ludots.Core.csproj]
C:\001_AI\LudotsProd_issue709\src\Core\Gameplay\Teams\ParticipantBindingResolver.cs(205,80): warning CS8600: 将 null 文本或可能的 null 值转换为不可为 null 类型。 [C:\001_AI\LudotsProd_issue709\src\Core\Ludots.Core.csproj]
C:\001_AI\LudotsProd_issue709\src\Core\Gameplay\Teams\ParticipantBindingResolver.cs(215,82): warning CS8600: 将 null 文本或可能的 null 值转换为不可为 null 类型。 [C:\001_AI\LudotsProd_issue709\src\Core\Ludots.Core.csproj]
C:\001_AI\LudotsProd_issue709\src\Core\Gameplay\Teams\ParticipantBindingResolver.cs(231,80): warning CS8600: 将 null 文本或可能的 null 值转换为不可为 null 类型。 [C:\001_AI\LudotsProd_issue709\src\Core\Ludots.Core.csproj]
C:\001_AI\LudotsProd_issue709\src\Core\Gameplay\Teams\ParticipantBindingResolver.cs(243,82): warning CS8600: 将 null 文本或可能的 null 值转换为不可为 null 类型。 [C:\001_AI\LudotsProd_issue709\src\Core\Ludots.Core.csproj]
C:\001_AI\LudotsProd_issue709\src\Core\Map\WorldMap.cs(43,24): warning CS8603: 可能返回 null 引用。 [C:\001_AI\LudotsProd_issue709\src\Core\Ludots.Core.csproj]
C:\001_AI\LudotsProd_issue709\src\Core\Gameplay\Items\ItemConfigLoader.cs(77,53): warning CS8604: “ConfigCatalogEntry ConfigPipeline.RequireEntry(ConfigCatalog catalog, string path, ConfigMergePolicy defaultPolicy, string defaultIdField = "id")”中的形参“catalog”可能传入 null 引用实参。 [C:\001_AI\LudotsProd_issue709\src\Core\Ludots.Core.csproj]
C:\001_AI\LudotsProd_issue709\src\Core\Gameplay\Items\ItemConfigLoader.cs(78,72): warning CS8604: “IReadOnlyList<MergedConfigEntry> ConfigPipeline.MergeArrayByIdFromCatalog(in ConfigCatalogEntry entry, ConfigConflictReport report = null)”中的形参“report”可能传入 null 引用实参。 [C:\001_AI\LudotsProd_issue709\src\Core\Ludots.Core.csproj]
C:\001_AI\LudotsProd_issue709\src\Core\Gameplay\Narrative\NarrativeDirector.cs(132,50): warning CS8600: 将 null 文本或可能的 null 值转换为不可为 null 类型。 [C:\001_AI\LudotsProd_issue709\src\Core\Ludots.Core.csproj]
C:\001_AI\LudotsProd_issue709\src\Core\Gameplay\Narrative\NarrativeDirector.cs(141,52): warning CS8600: 将 null 文本或可能的 null 值转换为不可为 null 类型。 [C:\001_AI\LudotsProd_issue709\src\Core\Ludots.Core.csproj]
C:\001_AI\LudotsProd_issue709\src\Core\Gameplay\Narrative\NarrativeDirector.cs(154,17): warning CS8604: “NarrativeDirectorSnapshot.NarrativeDirectorSnapshot(IReadOnlyDictionary<string, NarrativeValue> Variables, IReadOnlyList<NarrativeEntityBindingSnapshot> Bindings, NarrativeDialogueSnapshot ActiveDialogue, NarrativeCinematicSnapshot ActiveCinematic)”中的形参“ActiveDialogue”可能传入 null 引用实参。 [C:\001_AI\LudotsProd_issue709\src\Core\Ludots.Core.csproj]
C:\001_AI\LudotsProd_issue709\src\Core\Gameplay\Narrative\NarrativeDirector.cs(155,17): warning CS8604: “NarrativeDirectorSnapshot.NarrativeDirectorSnapshot(IReadOnlyDictionary<string, NarrativeValue> Variables, IReadOnlyList<NarrativeEntityBindingSnapshot> Bindings, NarrativeDialogueSnapshot ActiveDialogue, NarrativeCinematicSnapshot ActiveCinematic)”中的形参“ActiveCinematic”可能传入 null 引用实参。 [C:\001_AI\LudotsProd_issue709\src\Core\Ludots.Core.csproj]
C:\001_AI\LudotsProd_issue709\src\Core\Map\Board\HexGridBoard.cs(31,16): warning CS8618: 在退出构造函数时，不可为 null 的 属性 "VertexMap" 必须包含非 null 值。请考虑添加 "required" 修饰符或将该 属性 声明为可为 null。 [C:\001_AI\LudotsProd_issue709\src\Core\Ludots.Core.csproj]
C:\001_AI\LudotsProd_issue709\src\Core\Map\Board\HexGridBoard.cs(31,16): warning CS8618: 在退出构造函数时，不可为 null 的 属性 "LogicTerrain" 必须包含非 null 值。请考虑添加 "required" 修饰符或将该 属性 声明为可为 null。 [C:\001_AI\LudotsProd_issue709\src\Core\Ludots.Core.csproj]
C:\001_AI\LudotsProd_issue709\src\Core\Map\Board\HexGridBoard.cs(31,16): warning CS8618: 在退出构造函数时，不可为 null 的 属性 "NavServices" 必须包含非 null 值。请考虑添加 "required" 修饰符或将该 属性 声明为可为 null。 [C:\001_AI\LudotsProd_issue709\src\Core\Ludots.Core.csproj]
C:\001_AI\LudotsProd_issue709\src\Core\Map\Board\GridBoard.cs(31,16): warning CS8618: 在退出构造函数时，不可为 null 的 属性 "VertexMap" 必须包含非 null 值。请考虑添加 "required" 修饰符或将该 属性 声明为可为 null。 [C:\001_AI\LudotsProd_issue709\src\Core\Ludots.Core.csproj]
C:\001_AI\LudotsProd_issue709\src\Core\Map\Board\GridBoard.cs(31,16): warning CS8618: 在退出构造函数时，不可为 null 的 属性 "LogicTerrain" 必须包含非 null 值。请考虑添加 "required" 修饰符或将该 属性 声明为可为 null。 [C:\001_AI\LudotsProd_issue709\src\Core\Ludots.Core.csproj]
C:\001_AI\LudotsProd_issue709\src\Core\Map\Board\GridBoard.cs(31,16): warning CS8618: 在退出构造函数时，不可为 null 的 属性 "NavServices" 必须包含非 null 值。请考虑添加 "required" 修饰符或将该 属性 声明为可为 null。 [C:\001_AI\LudotsProd_issue709\src\Core\Ludots.Core.csproj]
C:\001_AI\LudotsProd_issue709\src\Core\Gameplay\GAS\TagOps.cs(19,63): warning CS8625: 无法将 null 字面量转换为非 null 的引用类型。 [C:\001_AI\LudotsProd_issue709\src\Core\Ludots.Core.csproj]
C:\001_AI\LudotsProd_issue709\src\Core\Config\TemplateEntityBatchSpawner.cs(951,64): warning CS8600: 将 null 文本或可能的 null 值转换为不可为 null 类型。 [C:\001_AI\LudotsProd_issue709\src\Core\Ludots.Core.csproj]
C:\001_AI\LudotsProd_issue709\src\Core\Map\Board\BoardIdRegistry.cs(39,24): warning CS8603: 可能返回 null 引用。 [C:\001_AI\LudotsProd_issue709\src\Core\Ludots.Core.csproj]
C:\001_AI\LudotsProd_issue709\src\Core\Config\TemplateEntityBatchSpawner.cs(987,56): warning CS8600: 将 null 文本或可能的 null 值转换为不可为 null 类型。 [C:\001_AI\LudotsProd_issue709\src\Core\Ludots.Core.csproj]
C:\001_AI\LudotsProd_issue709\src\Core\Config\TemplateEntityBatchSpawner.cs(997,57): warning CS8600: 将 null 文本或可能的 null 值转换为不可为 null 类型。 [C:\001_AI\LudotsProd_issue709\src\Core\Ludots.Core.csproj]
C:\001_AI\LudotsProd_issue709\src\Core\Gameplay\Narrative\NarrativeDirector.cs(170,31): warning CS8625: 无法将 null 字面量转换为非 null 的引用类型。 [C:\001_AI\LudotsProd_issue709\src\Core\Ludots.Core.csproj]
C:\001_AI\LudotsProd_issue709\src\Core\Gameplay\Narrative\NarrativeDirector.cs(179,56): warning CS8600: 将 null 文本或可能的 null 值转换为不可为 null 类型。 [C:\001_AI\LudotsProd_issue709\src\Core\Ludots.Core.csproj]
C:\001_AI\LudotsProd_issue709\src\Core\Gameplay\Narrative\NarrativeDirector.cs(195,32): warning CS8625: 无法将 null 字面量转换为非 null 的引用类型。 [C:\001_AI\LudotsProd_issue709\src\Core\Ludots.Core.csproj]
C:\001_AI\LudotsProd_issue709\src\Core\Gameplay\Items\ItemConfigLoader.cs(120,53): warning CS8604: “ConfigCatalogEntry ConfigPipeline.RequireEntry(ConfigCatalog catalog, string path, ConfigMergePolicy defaultPolicy, string defaultIdField = "id")”中的形参“catalog”可能传入 null 引用实参。 [C:\001_AI\LudotsProd_issue709\src\Core\Ludots.Core.csproj]
C:\001_AI\LudotsProd_issue709\src\Core\Gameplay\Items\ItemConfigLoader.cs(121,72): warning CS8604: “IReadOnlyList<MergedConfigEntry> ConfigPipeline.MergeArrayByIdFromCatalog(in ConfigCatalogEntry entry, ConfigConflictReport report = null)”中的形参“report”可能传入 null 引用实参。 [C:\001_AI\LudotsProd_issue709\src\Core\Ludots.Core.csproj]
C:\001_AI\LudotsProd_issue709\src\Core\Map\MapSessionManager.cs(30,52): warning CS8603: 可能返回 null 引用。 [C:\001_AI\LudotsProd_issue709\src\Core\Ludots.Core.csproj]
C:\001_AI\LudotsProd_issue709\src\Core\Map\MapSessionManager.cs(32,24): warning CS8603: 可能返回 null 引用。 [C:\001_AI\LudotsProd_issue709\src\Core\Ludots.Core.csproj]
C:\001_AI\LudotsProd_issue709\src\Core\Map\Board\BoardConfig.cs(33,23): warning CS8618: 在退出构造函数时，不可为 null 的 属性 "DataFile" 必须包含非 null 值。请考虑添加 "required" 修饰符或将该 属性 声明为可为 null。 [C:\001_AI\LudotsProd_issue709\src\Core\Ludots.Core.csproj]
C:\001_AI\LudotsProd_issue709\src\Core\Map\Board\BoardConfig.cs(35,23): warning CS8618: 在退出构造函数时，不可为 null 的 属性 "VisualHeightmapAsset" 必须包含非 null 值。请考虑添加 "required" 修饰符或将该 属性 声明为可为 null。 [C:\001_AI\LudotsProd_issue709\src\Core\Ludots.Core.csproj]
C:\001_AI\LudotsProd_issue709\src\Core\Gameplay\AI\Utility\UtilityAiRuntimeEvaluator.cs(719,21): warning CS8604: “bool AbilityActivationPreconditionEvaluator.Evaluate(World world, Entity caster, Entity explicitTarget, IntVector2 targetPosCm, int abilityId, in AbilityActivationPrecondition precondition, GraphProgramRegistry graphPrograms, IGraphRuntimeApi graphApi)”中的形参“graphPrograms”可能传入 null 引用实参。 [C:\001_AI\LudotsProd_issue709\src\Core\Ludots.Core.csproj]
C:\001_AI\LudotsProd_issue709\src\Core\Gameplay\AI\Utility\UtilityAiRuntimeEvaluator.cs(720,21): warning CS8604: “bool AbilityActivationPreconditionEvaluator.Evaluate(World world, Entity caster, Entity explicitTarget, IntVector2 targetPosCm, int abilityId, in AbilityActivationPrecondition precondition, GraphProgramRegistry graphPrograms, IGraphRuntimeApi graphApi)”中的形参“graphApi”可能传入 null 引用实参。 [C:\001_AI\LudotsProd_issue709\src\Core\Ludots.Core.csproj]
C:\001_AI\LudotsProd_issue709\src\Core\Modding\DependencyResolver.cs(11,32): warning CS8618: 在退出构造函数时，不可为 null 的 属性 "Manifest" 必须包含非 null 值。请考虑添加 "required" 修饰符或将该 属性 声明为可为 null。 [C:\001_AI\LudotsProd_issue709\src\Core\Ludots.Core.csproj]
C:\001_AI\LudotsProd_issue709\src\Core\Gameplay\Narrative\NarrativeDirector.cs(272,35): warning CS8625: 无法将 null 字面量转换为非 null 的引用类型。 [C:\001_AI\LudotsProd_issue709\src\Core\Ludots.Core.csproj]
C:\001_AI\LudotsProd_issue709\src\Core\Config\ComponentRegistry.cs(738,63): warning CS8600: 将 null 文本或可能的 null 值转换为不可为 null 类型。 [C:\001_AI\LudotsProd_issue709\src\Core\Ludots.Core.csproj]
C:\001_AI\LudotsProd_issue709\src\Core\Config\ComponentRegistry.cs(740,57): warning CS8604: “string ComponentRegistry.ReadStringNode(JsonNode node, string context)”中的形参“node”可能传入 null 引用实参。 [C:\001_AI\LudotsProd_issue709\src\Core\Ludots.Core.csproj]
C:\001_AI\LudotsProd_issue709\src\Core\Config\ComponentRegistry.cs(744,64): warning CS8600: 将 null 文本或可能的 null 值转换为不可为 null 类型。 [C:\001_AI\LudotsProd_issue709\src\Core\Ludots.Core.csproj]
C:\001_AI\LudotsProd_issue709\src\Core\Config\ComponentRegistry.cs(746,57): warning CS8604: “string ComponentRegistry.ReadStringNode(JsonNode node, string context)”中的形参“node”可能传入 null 引用实参。 [C:\001_AI\LudotsProd_issue709\src\Core\Ludots.Core.csproj]
C:\001_AI\LudotsProd_issue709\src\Core\Gameplay\Narrative\NarrativeDirector.cs(298,35): warning CS8625: 无法将 null 字面量转换为非 null 的引用类型。 [C:\001_AI\LudotsProd_issue709\src\Core\Ludots.Core.csproj]
C:\001_AI\LudotsProd_issue709\src\Core\Map\MapSessionManager.cs(140,20): warning CS8603: 可能返回 null 引用。 [C:\001_AI\LudotsProd_issue709\src\Core\Ludots.Core.csproj]
C:\001_AI\LudotsProd_issue709\src\Core\Config\TemplateEntityBatchSpawner.cs(1128,68): warning CS8600: 将 null 文本或可能的 null 值转换为不可为 null 类型。 [C:\001_AI\LudotsProd_issue709\src\Core\Ludots.Core.csproj]
C:\001_AI\LudotsProd_issue709\src\Core\Config\TemplateEntityBatchSpawner.cs(1139,38): warning CS8600: 将 null 文本或可能的 null 值转换为不可为 null 类型。 [C:\001_AI\LudotsProd_issue709\src\Core\Ludots.Core.csproj]
C:\001_AI\LudotsProd_issue709\src\Core\Config\TemplateEntityBatchSpawner.cs(1140,57): warning CS8600: 将 null 文本或可能的 null 值转换为不可为 null 类型。 [C:\001_AI\LudotsProd_issue709\src\Core\Ludots.Core.csproj]
C:\001_AI\LudotsProd_issue709\src\Core\Config\TemplateEntityBatchSpawner.cs(1150,41): warning CS8600: 将 null 文本或可能的 null 值转换为不可为 null 类型。 [C:\001_AI\LudotsProd_issue709\src\Core\Ludots.Core.csproj]
C:\001_AI\LudotsProd_issue709\src\Core\Config\TemplateEntityBatchSpawner.cs(1151,60): warning CS8600: 将 null 文本或可能的 null 值转换为不可为 null 类型。 [C:\001_AI\LudotsProd_issue709\src\Core\Ludots.Core.csproj]
C:\001_AI\LudotsProd_issue709\src\Core\Config\EntityBuilder.cs(20,16): warning CS8618: 在退出构造函数时，不可为 null 的 字段 "_activeTemplate" 必须包含非 null 值。请考虑添加 "required" 修饰符或将该 字段 声明为可为 null。 [C:\001_AI\LudotsProd_issue709\src\Core\Ludots.Core.csproj]
C:\001_AI\LudotsProd_issue709\src\Core\Config\EntityBuilder.cs(20,16): warning CS8618: 在退出构造函数时，不可为 null 的 字段 "_activeTemplateId" 必须包含非 null 值。请考虑添加 "required" 修饰符或将该 字段 声明为可为 null。 [C:\001_AI\LudotsProd_issue709\src\Core\Ludots.Core.csproj]
C:\001_AI\LudotsProd_issue709\src\Core\Config\EntityBuilder.cs(20,16): warning CS8618: 在退出构造函数时，不可为 null 的 字段 "_activeEntityContext" 必须包含非 null 值。请考虑添加 "required" 修饰符或将该 字段 声明为可为 null。 [C:\001_AI\LudotsProd_issue709\src\Core\Ludots.Core.csproj]
C:\001_AI\LudotsProd_issue709\src\Core\Map\MapSessionManager.cs(170,55): warning CS8600: 将 null 文本或可能的 null 值转换为不可为 null 类型。 [C:\001_AI\LudotsProd_issue709\src\Core\Ludots.Core.csproj]
C:\001_AI\LudotsProd_issue709\src\Core\Config\EntityBuilder.cs(32,16): warning CS8618: 在退出构造函数时，不可为 null 的 字段 "_templateSources" 必须包含非 null 值。请考虑添加 "required" 修饰符或将该 字段 声明为可为 null。 [C:\001_AI\LudotsProd_issue709\src\Core\Ludots.Core.csproj]
C:\001_AI\LudotsProd_issue709\src\Core\Config\EntityBuilder.cs(32,16): warning CS8618: 在退出构造函数时，不可为 null 的 字段 "_activeTemplate" 必须包含非 null 值。请考虑添加 "required" 修饰符或将该 字段 声明为可为 null。 [C:\001_AI\LudotsProd_issue709\src\Core\Ludots.Core.csproj]
C:\001_AI\LudotsProd_issue709\src\Core\Config\EntityBuilder.cs(32,16): warning CS8618: 在退出构造函数时，不可为 null 的 字段 "_activeTemplateId" 必须包含非 null 值。请考虑添加 "required" 修饰符或将该 字段 声明为可为 null。 [C:\001_AI\LudotsProd_issue709\src\Core\Ludots.Core.csproj]
C:\001_AI\LudotsProd_issue709\src\Core\Config\EntityBuilder.cs(32,16): warning CS8618: 在退出构造函数时，不可为 null 的 字段 "_activeEntityContext" 必须包含非 null 值。请考虑添加 "required" 修饰符或将该 字段 声明为可为 null。 [C:\001_AI\LudotsProd_issue709\src\Core\Ludots.Core.csproj]
C:\001_AI\LudotsProd_issue709\src\Core\Engine\GameTask.cs(126,27): warning CS8618: 在退出构造函数时，不可为 null 的 字段 "Predicate" 必须包含非 null 值。请考虑添加 "required" 修饰符或将该 字段 声明为可为 null。 [C:\001_AI\LudotsProd_issue709\src\Core\Ludots.Core.csproj]
C:\001_AI\LudotsProd_issue709\src\Core\Engine\GameTask.cs(127,43): warning CS8618: 在退出构造函数时，不可为 null 的 字段 "Tcs" 必须包含非 null 值。请考虑添加 "required" 修饰符或将该 字段 声明为可为 null。 [C:\001_AI\LudotsProd_issue709\src\Core\Ludots.Core.csproj]
C:\001_AI\LudotsProd_issue709\src\Core\Engine\GameTask.cs(121,43): warning CS8618: 在退出构造函数时，不可为 null 的 字段 "Tcs" 必须包含非 null 值。请考虑添加 "required" 修饰符或将该 字段 声明为可为 null。 [C:\001_AI\LudotsProd_issue709\src\Core\Ludots.Core.csproj]
C:\001_AI\LudotsProd_issue709\src\Core\Engine\GameTask.cs(116,43): warning CS8618: 在退出构造函数时，不可为 null 的 字段 "Tcs" 必须包含非 null 值。请考虑添加 "required" 修饰符或将该 字段 声明为可为 null。 [C:\001_AI\LudotsProd_issue709\src\Core\Ludots.Core.csproj]
C:\001_AI\LudotsProd_issue709\src\Core\Config\EntityTemplate.cs(10,23): warning CS8618: 在退出构造函数时，不可为 null 的 属性 "Id" 必须包含非 null 值。请考虑添加 "required" 修饰符或将该 属性 声明为可为 null。 [C:\001_AI\LudotsProd_issue709\src\Core\Ludots.Core.csproj]
C:\001_AI\LudotsProd_issue709\src\Core\Config\EntityTemplate.cs(13,23): warning CS8618: 在退出构造函数时，不可为 null 的 属性 "OnSpawnEffect" 必须包含非 null 值。请考虑添加 "required" 修饰符或将该 属性 声明为可为 null。 [C:\001_AI\LudotsProd_issue709\src\Core\Ludots.Core.csproj]
C:\001_AI\LudotsProd_issue709\src\Core\Config\DataRegistry.cs(71,20): warning CS8603: 可能返回 null 引用。 [C:\001_AI\LudotsProd_issue709\src\Core\Ludots.Core.csproj]
C:\001_AI\LudotsProd_issue709\src\Core\Config\EntityBuilder.cs(105,31): warning CS8625: 无法将 null 字面量转换为非 null 的引用类型。 [C:\001_AI\LudotsProd_issue709\src\Core\Ludots.Core.csproj]
C:\001_AI\LudotsProd_issue709\src\Core\Config\EntityBuilder.cs(106,33): warning CS8625: 无法将 null 字面量转换为非 null 的引用类型。 [C:\001_AI\LudotsProd_issue709\src\Core\Ludots.Core.csproj]
C:\001_AI\LudotsProd_issue709\src\Core\Config\EntityBuilder.cs(107,36): warning CS8625: 无法将 null 字面量转换为非 null 的引用类型。 [C:\001_AI\LudotsProd_issue709\src\Core\Ludots.Core.csproj]
C:\001_AI\LudotsProd_issue709\src\Core\Map\Hex\VertexMap.cs(49,33): warning CS8625: 无法将 null 字面量转换为非 null 的引用类型。 [C:\001_AI\LudotsProd_issue709\src\Core\Ludots.Core.csproj]
C:\001_AI\LudotsProd_issue709\src\Core\Map\Hex\VertexMap.cs(59,30): warning CS8625: 无法将 null 字面量转换为非 null 的引用类型。 [C:\001_AI\LudotsProd_issue709\src\Core\Ludots.Core.csproj]
C:\001_AI\LudotsProd_issue709\src\Core\Map\MapSession.cs(60,20): warning CS8603: 可能返回 null 引用。 [C:\001_AI\LudotsProd_issue709\src\Core\Ludots.Core.csproj]
C:\001_AI\LudotsProd_issue709\src\Core\Config\GameConfig.cs(24,23): warning CS8618: 在退出构造函数时，不可为 null 的 属性 "DefaultCoreMod" 必须包含非 null 值。请考虑添加 "required" 修饰符或将该 属性 声明为可为 null。 [C:\001_AI\LudotsProd_issue709\src\Core\Ludots.Core.csproj]
C:\001_AI\LudotsProd_issue709\src\Core\Config\GameConfig.cs(29,23): warning CS8618: 在退出构造函数时，不可为 null 的 属性 "StartupMapId" 必须包含非 null 值。请考虑添加 "required" 修饰符或将该 属性 声明为可为 null。 [C:\001_AI\LudotsProd_issue709\src\Core\Ludots.Core.csproj]
C:\001_AI\LudotsProd_issue709\src\Core\Map\MapSession.cs(65,20): warning CS8603: 可能返回 null 引用。 [C:\001_AI\LudotsProd_issue709\src\Core\Ludots.Core.csproj]
C:\001_AI\LudotsProd_issue709\src\Core\Map\MapSession.cs(77,24): warning CS8603: 可能返回 null 引用。 [C:\001_AI\LudotsProd_issue709\src\Core\Ludots.Core.csproj]
C:\001_AI\LudotsProd_issue709\src\Core\Map\Hex\VertexMap.cs(81,55): warning CS8603: 可能返回 null 引用。 [C:\001_AI\LudotsProd_issue709\src\Core\Ludots.Core.csproj]
C:\001_AI\LudotsProd_issue709\src\Core\Map\Hex\VertexMap.cs(106,20): warning CS8603: 可能返回 null 引用。 [C:\001_AI\LudotsProd_issue709\src\Core\Ludots.Core.csproj]
C:\001_AI\LudotsProd_issue709\src\Core\Config\EntityBuilder.cs(141,102): warning CS8600: 将 null 文本或可能的 null 值转换为不可为 null 类型。 [C:\001_AI\LudotsProd_issue709\src\Core\Ludots.Core.csproj]
C:\001_AI\LudotsProd_issue709\src\Core\Input\Config\InputConfigModels.cs(67,23): warning CS8618: 在退出构造函数时，不可为 null 的 属性 "Name" 必须包含非 null 值。请考虑添加 "required" 修饰符或将该 属性 声明为可为 null。 [C:\001_AI\LudotsProd_issue709\src\Core\Ludots.Core.csproj]
C:\001_AI\LudotsProd_issue709\src\Core\Input\Config\InputConfigModels.cs(49,23): warning CS8618: 在退出构造函数时，不可为 null 的 属性 "ActionId" 必须包含非 null 值。请考虑添加 "required" 修饰符或将该 属性 声明为可为 null。 [C:\001_AI\LudotsProd_issue709\src\Core\Ludots.Core.csproj]
C:\001_AI\LudotsProd_issue709\src\Core\Input\Config\InputConfigModels.cs(50,23): warning CS8618: 在退出构造函数时，不可为 null 的 属性 "Path" 必须包含非 null 值。请考虑添加 "required" 修饰符或将该 属性 声明为可为 null。 [C:\001_AI\LudotsProd_issue709\src\Core\Ludots.Core.csproj]
C:\001_AI\LudotsProd_issue709\src\Core\Input\Config\InputConfigModels.cs(53,23): warning CS8618: 在退出构造函数时，不可为 null 的 属性 "CompositeType" 必须包含非 null 值。请考虑添加 "required" 修饰符或将该 属性 声明为可为 null。 [C:\001_AI\LudotsProd_issue709\src\Core\Ludots.Core.csproj]
C:\001_AI\LudotsProd_issue709\src\Core\Input\Config\InputConfigModels.cs(54,38): warning CS8618: 在退出构造函数时，不可为 null 的 属性 "CompositeParts" 必须包含非 null 值。请考虑添加 "required" 修饰符或将该 属性 声明为可为 null。 [C:\001_AI\LudotsProd_issue709\src\Core\Ludots.Core.csproj]
C:\001_AI\LudotsProd_issue709\src\Core\Config\MapConfig.cs(99,23): warning CS8618: 在退出构造函数时，不可为 null 的 属性 "RepresentativeInstanceId" 必须包含非 null 值。请考虑添加 "required" 修饰符或将该 属性 声明为可为 null。 [C:\001_AI\LudotsProd_issue709\src\Core\Ludots.Core.csproj]
C:\001_AI\LudotsProd_issue709\src\Core\Input\Config\InputConfigModels.cs(40,23): warning CS8618: 在退出构造函数时，不可为 null 的 属性 "Type" 必须包含非 null 值。请考虑添加 "required" 修饰符或将该 属性 声明为可为 null。 [C:\001_AI\LudotsProd_issue709\src\Core\Ludots.Core.csproj]
C:\001_AI\LudotsProd_issue709\src\Core\Input\Config\InputConfigModels.cs(31,23): warning CS8618: 在退出构造函数时，不可为 null 的 属性 "Name" 必须包含非 null 值。请考虑添加 "required" 修饰符或将该 属性 声明为可为 null。 [C:\001_AI\LudotsProd_issue709\src\Core\Ludots.Core.csproj]
C:\001_AI\LudotsProd_issue709\src\Core\Modding\ModManifestJson.cs(60,24): warning CS8601: 可能的 null 引用赋值。 [C:\001_AI\LudotsProd_issue709\src\Core\Ludots.Core.csproj]
C:\001_AI\LudotsProd_issue709\src\Core\Modding\ModManifestJson.cs(61,27): warning CS8601: 可能的 null 引用赋值。 [C:\001_AI\LudotsProd_issue709\src\Core\Ludots.Core.csproj]
C:\001_AI\LudotsProd_issue709\src\Core\Modding\ModManifestJson.cs(66,40): warning CS8601: 可能的 null 引用赋值。 [C:\001_AI\LudotsProd_issue709\src\Core\Ludots.Core.csproj]
C:\001_AI\LudotsProd_issue709\src\Core\Modding\ModManifestJson.cs(71,33): warning CS8601: 可能的 null 引用赋值。 [C:\001_AI\LudotsProd_issue709\src\Core\Ludots.Core.csproj]
C:\001_AI\LudotsProd_issue709\src\Core\Modding\ModManifestJson.cs(103,35): warning CS8601: 可能的 null 引用赋值。 [C:\001_AI\LudotsProd_issue709\src\Core\Ludots.Core.csproj]
C:\001_AI\LudotsProd_issue709\src\Core\Modding\ModManifestJson.cs(108,32): warning CS8601: 可能的 null 引用赋值。 [C:\001_AI\LudotsProd_issue709\src\Core\Ludots.Core.csproj]
C:\001_AI\LudotsProd_issue709\src\Core\Modding\ModManifestJson.cs(113,38): warning CS8601: 可能的 null 引用赋值。 [C:\001_AI\LudotsProd_issue709\src\Core\Ludots.Core.csproj]
C:\001_AI\LudotsProd_issue709\src\Core\Modding\ModManifestJson.cs(130,39): warning CS8604: “void List<string>.Add(string item)”中的形参“item”可能传入 null 引用实参。 [C:\001_AI\LudotsProd_issue709\src\Core\Ludots.Core.csproj]
C:\001_AI\LudotsProd_issue709\src\Core\Input\Config\InputConfigModels.cs(21,23): warning CS8618: 在退出构造函数时，不可为 null 的 属性 "Name" 必须包含非 null 值。请考虑添加 "required" 修饰符或将该 属性 声明为可为 null。 [C:\001_AI\LudotsProd_issue709\src\Core\Ludots.Core.csproj]
C:\001_AI\LudotsProd_issue709\src\Core\Config\MapConfig.cs(92,23): warning CS8618: 在退出构造函数时，不可为 null 的 属性 "RepresentativeInstanceId" 必须包含非 null 值。请考虑添加 "required" 修饰符或将该 属性 声明为可为 null。 [C:\001_AI\LudotsProd_issue709\src\Core\Ludots.Core.csproj]
C:\001_AI\LudotsProd_issue709\src\Core\Config\MapConfig.cs(82,23): warning CS8618: 在退出构造函数时，不可为 null 的 属性 "InstanceId" 必须包含非 null 值。请考虑添加 "required" 修饰符或将该 属性 声明为可为 null。 [C:\001_AI\LudotsProd_issue709\src\Core\Ludots.Core.csproj]
C:\001_AI\LudotsProd_issue709\src\Core\Config\MapConfig.cs(83,23): warning CS8618: 在退出构造函数时，不可为 null 的 属性 "Template" 必须包含非 null 值。请考虑添加 "required" 修饰符或将该 属性 声明为可为 null。 [C:\001_AI\LudotsProd_issue709\src\Core\Ludots.Core.csproj]
C:\001_AI\LudotsProd_issue709\src\Core\Config\MapConfig.cs(85,45): warning CS8618: 在退出构造函数时，不可为 null 的 属性 "Overrides" 必须包含非 null 值。请考虑添加 "required" 修饰符或将该 属性 声明为可为 null。 [C:\001_AI\LudotsProd_issue709\src\Core\Ludots.Core.csproj]
C:\001_AI\LudotsProd_issue709\src\Core\Gameplay\Camera\PlatformManagedCameraDriverRegistry.cs(52,52): warning CS8601: 可能的 null 引用赋值。 [C:\001_AI\LudotsProd_issue709\src\Core\Ludots.Core.csproj]
C:\001_AI\LudotsProd_issue709\src\Core\Config\MapConfig.cs(70,23): warning CS8618: 在退出构造函数时，不可为 null 的 属性 "VirtualCameraId" 必须包含非 null 值。请考虑添加 "required" 修饰符或将该 属性 声明为可为 null。 [C:\001_AI\LudotsProd_issue709\src\Core\Ludots.Core.csproj]
C:\001_AI\LudotsProd_issue709\src\Core\Modding\ModManifest.cs(9,23): warning CS8618: 在退出构造函数时，不可为 null 的 属性 "Name" 必须包含非 null 值。请考虑添加 "required" 修饰符或将该 属性 声明为可为 null。 [C:\001_AI\LudotsProd_issue709\src\Core\Ludots.Core.csproj]
C:\001_AI\LudotsProd_issue709\src\Core\Modding\ModManifest.cs(12,23): warning CS8618: 在退出构造函数时，不可为 null 的 属性 "Version" 必须包含非 null 值。请考虑添加 "required" 修饰符或将该 属性 声明为可为 null。 [C:\001_AI\LudotsProd_issue709\src\Core\Ludots.Core.csproj]
C:\001_AI\LudotsProd_issue709\src\Core\Modding\ModManifest.cs(15,23): warning CS8618: 在退出构造函数时，不可为 null 的 属性 "Description" 必须包含非 null 值。请考虑添加 "required" 修饰符或将该 属性 声明为可为 null。 [C:\001_AI\LudotsProd_issue709\src\Core\Ludots.Core.csproj]
C:\001_AI\LudotsProd_issue709\src\Core\Modding\ModManifest.cs(18,23): warning CS8618: 在退出构造函数时，不可为 null 的 属性 "Main" 必须包含非 null 值。请考虑添加 "required" 修饰符或将该 属性 声明为可为 null。 [C:\001_AI\LudotsProd_issue709\src\Core\Ludots.Core.csproj]
C:\001_AI\LudotsProd_issue709\src\Core\Modding\ModManifest.cs(27,23): warning CS8618: 在退出构造函数时，不可为 null 的 属性 "Author" 必须包含非 null 值。请考虑添加 "required" 修饰符或将该 属性 声明为可为 null。 [C:\001_AI\LudotsProd_issue709\src\Core\Ludots.Core.csproj]
C:\001_AI\LudotsProd_issue709\src\Core\Modding\ModManifest.cs(30,23): warning CS8618: 在退出构造函数时，不可为 null 的 属性 "Url" 必须包含非 null 值。请考虑添加 "required" 修饰符或将该 属性 声明为可为 null。 [C:\001_AI\LudotsProd_issue709\src\Core\Ludots.Core.csproj]
C:\001_AI\LudotsProd_issue709\src\Core\Modding\ModManifest.cs(33,23): warning CS8618: 在退出构造函数时，不可为 null 的 属性 "Changelog" 必须包含非 null 值。请考虑添加 "required" 修饰符或将该 属性 声明为可为 null。 [C:\001_AI\LudotsProd_issue709\src\Core\Ludots.Core.csproj]
C:\001_AI\LudotsProd_issue709\src\Core\Modding\ModManifest.cs(36,29): warning CS8618: 在退出构造函数时，不可为 null 的 属性 "Tags" 必须包含非 null 值。请考虑添加 "required" 修饰符或将该 属性 声明为可为 null。 [C:\001_AI\LudotsProd_issue709\src\Core\Ludots.Core.csproj]
C:\001_AI\LudotsProd_issue709\src\Core\Modding\ModManifest.cs(39,29): warning CS8618: 在退出构造函数时，不可为 null 的 属性 "ProcessSharedAssemblies" 必须包含非 null 值。请考虑添加 "required" 修饰符或将该 属性 声明为可为 null。 [C:\001_AI\LudotsProd_issue709\src\Core\Ludots.Core.csproj]
C:\001_AI\LudotsProd_issue709\src\Core\Config\MapConfig.cs(14,23): warning CS8618: 在退出构造函数时，不可为 null 的 属性 "Id" 必须包含非 null 值。请考虑添加 "required" 修饰符或将该 属性 声明为可为 null。 [C:\001_AI\LudotsProd_issue709\src\Core\Ludots.Core.csproj]
C:\001_AI\LudotsProd_issue709\src\Core\Config\MapConfig.cs(15,23): warning CS8618: 在退出构造函数时，不可为 null 的 属性 "ParentId" 必须包含非 null 值。请考虑添加 "required" 修饰符或将该 属性 声明为可为 null。 [C:\001_AI\LudotsProd_issue709\src\Core\Ludots.Core.csproj]
C:\001_AI\LudotsProd_issue709\src\Core\Config\MapConfig.cs(17,23): warning CS8618: 在退出构造函数时，不可为 null 的 属性 "VisualHeightmapAsset" 必须包含非 null 值。请考虑添加 "required" 修饰符或将该 属性 声明为可为 null。 [C:\001_AI\LudotsProd_issue709\src\Core\Ludots.Core.csproj]
C:\001_AI\LudotsProd_issue709\src\Core\Config\MapConfig.cs(44,45): warning CS8618: 在退出构造函数时，不可为 null 的 属性 "VisualHeightmap" 必须包含非 null 值。请考虑添加 "required" 修饰符或将该 属性 声明为可为 null。 [C:\001_AI\LudotsProd_issue709\src\Core\Ludots.Core.csproj]
C:\001_AI\LudotsProd_issue709\src\Core\Config\MapConfig.cs(56,29): warning CS8618: 在退出构造函数时，不可为 null 的 属性 "DefaultCamera" 必须包含非 null 值。请考虑添加 "required" 修饰符或将该 属性 声明为可为 null。 [C:\001_AI\LudotsProd_issue709\src\Core\Ludots.Core.csproj]
C:\001_AI\LudotsProd_issue709\src\Core\Gameplay\Narrative\NarrativeDirector.cs(719,32): warning CS8625: 无法将 null 字面量转换为非 null 的引用类型。 [C:\001_AI\LudotsProd_issue709\src\Core\Ludots.Core.csproj]
C:\001_AI\LudotsProd_issue709\src\Core\Modding\ModLoader.cs(59,16): warning CS8618: 在退出构造函数时，不可为 null 的 属性 "MapManager" 必须包含非 null 值。请考虑添加 "required" 修饰符或将该 属性 声明为可为 null。 [C:\001_AI\LudotsProd_issue709\src\Core\Ludots.Core.csproj]
C:\001_AI\LudotsProd_issue709\src\Core\Map\Hex\VertexMap.cs(310,26): warning CS8625: 无法将 null 字面量转换为非 null 的引用类型。 [C:\001_AI\LudotsProd_issue709\src\Core\Ludots.Core.csproj]
C:\001_AI\LudotsProd_issue709\src\Core\Navigation\Pathing\PathServiceRouter.cs(16,21): warning CS8625: 无法将 null 字面量转换为非 null 的引用类型。 [C:\001_AI\LudotsProd_issue709\src\Core\Ludots.Core.csproj]
C:\001_AI\LudotsProd_issue709\src\Core\Navigation\Pathing\PathServiceRouter.cs(12,16): warning CS8618: 在退出构造函数时，不可为 null 的 字段 "_auto" 必须包含非 null 值。请考虑添加 "required" 修饰符或将该 字段 声明为可为 null。 [C:\001_AI\LudotsProd_issue709\src\Core\Ludots.Core.csproj]
C:\001_AI\LudotsProd_issue709\src\Core\Input\Systems\AxisMoveOrderSystem.cs(71,84): warning CS8600: 将 null 文本或可能的 null 值转换为不可为 null 类型。 [C:\001_AI\LudotsProd_issue709\src\Core\Ludots.Core.csproj]
C:\001_AI\LudotsProd_issue709\src\Core\Input\Systems\AxisMoveOrderSystem.cs(92,79): warning CS8600: 将 null 文本或可能的 null 值转换为不可为 null 类型。 [C:\001_AI\LudotsProd_issue709\src\Core\Ludots.Core.csproj]
C:\001_AI\LudotsProd_issue709\src\Core\Input\Systems\AxisMoveOrderSystem.cs(95,83): warning CS8600: 将 null 文本或可能的 null 值转换为不可为 null 类型。 [C:\001_AI\LudotsProd_issue709\src\Core\Ludots.Core.csproj]
C:\001_AI\LudotsProd_issue709\src\Core\Map\Hex\VertexMap.cs(18,42): warning CS8625: 无法将 null 字面量转换为非 null 的引用类型。 [C:\001_AI\LudotsProd_issue709\src\Core\Ludots.Core.csproj]
C:\001_AI\LudotsProd_issue709\src\Core\Map\Hex\VertexMap.cs(19,31): warning CS8618: 在退出构造函数时，不可为 null 的 字段 "_loadedChunks" 必须包含非 null 值。请考虑添加 "required" 修饰符或将该 字段 声明为可为 null。 [C:\001_AI\LudotsProd_issue709\src\Core\Ludots.Core.csproj]
C:\001_AI\LudotsProd_issue709\src\Core\Navigation\Pathing\NodeGraphPathServiceAdapter.cs(22,29): warning CS8625: 无法将 null 字面量转换为非 null 的引用类型。 [C:\001_AI\LudotsProd_issue709\src\Core\Ludots.Core.csproj]
C:\001_AI\LudotsProd_issue709\src\Core\Navigation\Pathing\NodeGraphPathServiceAdapter.cs(19,16): warning CS8618: 在退出构造函数时，不可为 null 的 字段 "_graphRuntime" 必须包含非 null 值。请考虑添加 "required" 修饰符或将该 字段 声明为可为 null。 [C:\001_AI\LudotsProd_issue709\src\Core\Ludots.Core.csproj]
C:\001_AI\LudotsProd_issue709\src\Core\Navigation\AOI\HexGridAOI.cs(29,35): warning CS8618: 在退出构造函数时，不可为 null 的 事件 "ChunkLoaded" 必须包含非 null 值。请考虑添加 "required" 修饰符或将该 事件 声明为可为 null。 [C:\001_AI\LudotsProd_issue709\src\Core\Ludots.Core.csproj]
C:\001_AI\LudotsProd_issue709\src\Core\Navigation\AOI\HexGridAOI.cs(30,35): warning CS8618: 在退出构造函数时，不可为 null 的 事件 "ChunkUnloaded" 必须包含非 null 值。请考虑添加 "required" 修饰符或将该 事件 声明为可为 null。 [C:\001_AI\LudotsProd_issue709\src\Core\Ludots.Core.csproj]
C:\001_AI\LudotsProd_issue709\src\Core\Navigation\Pathing\NodeGraphPathServiceAdapter.cs(31,22): warning CS8625: 无法将 null 字面量转换为非 null 的引用类型。 [C:\001_AI\LudotsProd_issue709\src\Core\Ludots.Core.csproj]
C:\001_AI\LudotsProd_issue709\src\Core\Navigation\Pathing\NodeGraphPathServiceAdapter.cs(28,16): warning CS8618: 在退出构造函数时，不可为 null 的 字段 "_graph" 必须包含非 null 值。请考虑添加 "required" 修饰符或将该 字段 声明为可为 null。 [C:\001_AI\LudotsProd_issue709\src\Core\Ludots.Core.csproj]
C:\001_AI\LudotsProd_issue709\src\Core\Map\MapContext.cs(30,21): warning CS8601: 可能的 null 引用赋值。 [C:\001_AI\LudotsProd_issue709\src\Core\Ludots.Core.csproj]
C:\001_AI\LudotsProd_issue709\src\Core\Map\MapManager.cs(52,20): warning CS8603: 可能返回 null 引用。 [C:\001_AI\LudotsProd_issue709\src\Core\Ludots.Core.csproj]
C:\001_AI\LudotsProd_issue709\src\Core\Map\MapManager.cs(57,20): warning CS8603: 可能返回 null 引用。 [C:\001_AI\LudotsProd_issue709\src\Core\Ludots.Core.csproj]
C:\001_AI\LudotsProd_issue709\src\Core\Input\Interaction\InteractionContextProfile.cs(28,23): warning CS8618: 在退出构造函数时，不可为 null 的 属性 "FilterProfileId" 必须包含非 null 值。请考虑添加 "required" 修饰符或将该 属性 声明为可为 null。 [C:\001_AI\LudotsProd_issue709\src\Core\Ludots.Core.csproj]
C:\001_AI\LudotsProd_issue709\src\Core\Input\Interaction\InteractionContextProfile.cs(31,23): warning CS8618: 在退出构造函数时，不可为 null 的 属性 "InputContextId" 必须包含非 null 值。请考虑添加 "required" 修饰符或将该 属性 声明为可为 null。 [C:\001_AI\LudotsProd_issue709\src\Core\Ludots.Core.csproj]
C:\001_AI\LudotsProd_issue709\src\Core\Input\Interaction\InteractionContextProfile.cs(34,23): warning CS8618: 在退出构造函数时，不可为 null 的 属性 "CommandIntentId" 必须包含非 null 值。请考虑添加 "required" 修饰符或将该 属性 声明为可为 null。 [C:\001_AI\LudotsProd_issue709\src\Core\Ludots.Core.csproj]
C:\001_AI\LudotsProd_issue709\src\Core\Input\Interaction\InteractionContextProfile.cs(8,58): warning CS8618: 在退出构造函数时，不可为 null 的 属性 "Profiles" 必须包含非 null 值。请考虑添加 "required" 修饰符或将该 属性 声明为可为 null。 [C:\001_AI\LudotsProd_issue709\src\Core\Ludots.Core.csproj]
C:\001_AI\LudotsProd_issue709\src\Core\Config\ComponentRegistry.cs(1067,38): warning CS8600: 将 null 文本或可能的 null 值转换为不可为 null 类型。 [C:\001_AI\LudotsProd_issue709\src\Core\Ludots.Core.csproj]
C:\001_AI\LudotsProd_issue709\src\Core\Engine\GameEngine.cs(513,79): warning CS8625: 无法将 null 字面量转换为非 null 的引用类型。 [C:\001_AI\LudotsProd_issue709\src\Core\Ludots.Core.csproj]
C:\001_AI\LudotsProd_issue709\src\Core\Engine\GameEngine.cs(445,31): warning CS8601: 可能的 null 引用赋值。 [C:\001_AI\LudotsProd_issue709\src\Core\Ludots.Core.csproj]
C:\001_AI\LudotsProd_issue709\src\Core\Gameplay\Narrative\NarrativeDirector.cs(1002,20): warning CS8618: 在退出构造函数时，不可为 null 的 属性 "CurrentStep" 必须包含非 null 值。请考虑添加 "required" 修饰符或将该 属性 声明为可为 null。 [C:\001_AI\LudotsProd_issue709\src\Core\Ludots.Core.csproj]
C:\001_AI\LudotsProd_issue709\src\Core\Gameplay\Narrative\NarrativeDirector.cs(988,20): warning CS8618: 在退出构造函数时，不可为 null 的 属性 "CurrentNode" 必须包含非 null 值。请考虑添加 "required" 修饰符或将该 属性 声明为可为 null。 [C:\001_AI\LudotsProd_issue709\src\Core\Ludots.Core.csproj]
C:\001_AI\LudotsProd_issue709\src\Core\Engine\GameEngine.cs(586,83): warning CS8625: 无法将 null 字面量转换为非 null 的引用类型。 [C:\001_AI\LudotsProd_issue709\src\Core\Ludots.Core.csproj]
C:\001_AI\LudotsProd_issue709\src\Core\Modding\ModLoadContext.cs(106,20): warning CS8603: 可能返回 null 引用。 [C:\001_AI\LudotsProd_issue709\src\Core\Ludots.Core.csproj]
C:\001_AI\LudotsProd_issue709\src\Core\Map\MapManager.cs(88,44): warning CS8600: 将 null 文本或可能的 null 值转换为不可为 null 类型。 [C:\001_AI\LudotsProd_issue709\src\Core\Ludots.Core.csproj]
C:\001_AI\LudotsProd_issue709\src\Core\Map\MapManager.cs(127,28): warning CS8603: 可能返回 null 引用。 [C:\001_AI\LudotsProd_issue709\src\Core\Ludots.Core.csproj]
C:\001_AI\LudotsProd_issue709\src\Core\Modding\ModLoadContext.cs(111,24): warning CS8625: 无法将 null 字面量转换为非 null 的引用类型。 [C:\001_AI\LudotsProd_issue709\src\Core\Ludots.Core.csproj]
C:\001_AI\LudotsProd_issue709\src\Core\Modding\ModLoadContext.cs(125,24): warning CS8601: 可能的 null 引用赋值。 [C:\001_AI\LudotsProd_issue709\src\Core\Ludots.Core.csproj]
C:\001_AI\LudotsProd_issue709\src\Core\Modding\ModLoadContext.cs(178,24): warning CS8601: 可能的 null 引用赋值。 [C:\001_AI\LudotsProd_issue709\src\Core\Ludots.Core.csproj]
C:\001_AI\LudotsProd_issue709\src\Core\Gameplay\GAS\AbilityDefinitionRegistry.cs(177,64): warning CS8618: 在退出构造函数时，不可为 null 的 字段 "_conflictReport" 必须包含非 null 值。请考虑添加 "required" 修饰符或将该 字段 声明为可为 null。 [C:\001_AI\LudotsProd_issue709\src\Core\Ludots.Core.csproj]
C:\001_AI\LudotsProd_issue709\src\Core\Map\MapManager.cs(239,48): warning CS8601: 可能的 null 引用赋值。 [C:\001_AI\LudotsProd_issue709\src\Core\Ludots.Core.csproj]
C:\001_AI\LudotsProd_issue709\src\Core\Map\MapManager.cs(337,28): warning CS8601: 可能的 null 引用赋值。 [C:\001_AI\LudotsProd_issue709\src\Core\Ludots.Core.csproj]
C:\001_AI\LudotsProd_issue709\src\Core\Map\MapManager.cs(342,20): warning CS8625: 无法将 null 字面量转换为非 null 的引用类型。 [C:\001_AI\LudotsProd_issue709\src\Core\Ludots.Core.csproj]
C:\001_AI\LudotsProd_issue709\src\Core\Navigation\Pathing\Config\PathingConfig.cs(59,23): warning CS8618: 在退出构造函数时，不可为 null 的 属性 "Tag" 必须包含非 null 值。请考虑添加 "required" 修饰符或将该 属性 声明为可为 null。 [C:\001_AI\LudotsProd_issue709\src\Core\Ludots.Core.csproj]
C:\001_AI\LudotsProd_issue709\src\Core\Gameplay\Quests\QuestConfigLoader.cs(28,53): warning CS8604: “ConfigCatalogEntry ConfigPipeline.RequireEntry(ConfigCatalog catalog, string path, ConfigMergePolicy defaultPolicy, string defaultIdField = "id")”中的形参“catalog”可能传入 null 引用实参。 [C:\001_AI\LudotsProd_issue709\src\Core\Ludots.Core.csproj]
C:\001_AI\LudotsProd_issue709\src\Core\Gameplay\Quests\QuestConfigLoader.cs(29,72): warning CS8604: “IReadOnlyList<MergedConfigEntry> ConfigPipeline.MergeArrayByIdFromCatalog(in ConfigCatalogEntry entry, ConfigConflictReport report = null)”中的形参“report”可能传入 null 引用实参。 [C:\001_AI\LudotsProd_issue709\src\Core\Ludots.Core.csproj]
C:\001_AI\LudotsProd_issue709\src\Core\Navigation\Pathing\Config\PathingConfig.cs(13,23): warning CS8618: 在退出构造函数时，不可为 null 的 属性 "Id" 必须包含非 null 值。请考虑添加 "required" 修饰符或将该 属性 声明为可为 null。 [C:\001_AI\LudotsProd_issue709\src\Core\Ludots.Core.csproj]
C:\001_AI\LudotsProd_issue709\src\Core\Navigation\Pathing\Config\PathingConfig.cs(14,23): warning CS8618: 在退出构造函数时，不可为 null 的 属性 "ProfileId" 必须包含非 null 值。请考虑添加 "required" 修饰符或将该 属性 声明为可为 null。 [C:\001_AI\LudotsProd_issue709\src\Core\Ludots.Core.csproj]
C:\001_AI\LudotsProd_issue709\src\Core\NodeLibraries\GASGraph\Host\GraphProgramConfigLoader.cs(114,92): warning CS8600: 将 null 文本或可能的 null 值转换为不可为 null 类型。 [C:\001_AI\LudotsProd_issue709\src\Core\Ludots.Core.csproj]
C:\001_AI\LudotsProd_issue709\src\Core\Input\Interaction\FilterProfile.cs(42,46): warning CS8618: 在退出构造函数时，不可为 null 的 属性 "AssociationQuery" 必须包含非 null 值。请考虑添加 "required" 修饰符或将该 属性 声明为可为 null。 [C:\001_AI\LudotsProd_issue709\src\Core\Ludots.Core.csproj]
C:\001_AI\LudotsProd_issue709\src\Core\Input\Interaction\FilterProfile.cs(43,37): warning CS8618: 在退出构造函数时，不可为 null 的 属性 "Exclude" 必须包含非 null 值。请考虑添加 "required" 修饰符或将该 属性 声明为可为 null。 [C:\001_AI\LudotsProd_issue709\src\Core\Ludots.Core.csproj]
C:\001_AI\LudotsProd_issue709\src\Core\Input\Interaction\FilterProfile.cs(44,37): warning CS8618: 在退出构造函数时，不可为 null 的 属性 "Include" 必须包含非 null 值。请考虑添加 "required" 修饰符或将该 属性 声明为可为 null。 [C:\001_AI\LudotsProd_issue709\src\Core\Ludots.Core.csproj]
C:\001_AI\LudotsProd_issue709\src\Core\Input\Interaction\FilterProfile.cs(35,46): warning CS8618: 在退出构造函数时，不可为 null 的 属性 "Profiles" 必须包含非 null 值。请考虑添加 "required" 修饰符或将该 属性 声明为可为 null。 [C:\001_AI\LudotsProd_issue709\src\Core\Ludots.Core.csproj]
C:\001_AI\LudotsProd_issue709\src\Core\Navigation\Pathing\AutoPathService.cs(38,29): warning CS8625: 无法将 null 字面量转换为非 null 的引用类型。 [C:\001_AI\LudotsProd_issue709\src\Core\Ludots.Core.csproj]
C:\001_AI\LudotsProd_issue709\src\Core\Navigation\Pathing\AutoPathService.cs(34,16): warning CS8618: 在退出构造函数时，不可为 null 的 字段 "_graphRuntime" 必须包含非 null 值。请考虑添加 "required" 修饰符或将该 字段 声明为可为 null。 [C:\001_AI\LudotsProd_issue709\src\Core\Ludots.Core.csproj]
C:\001_AI\LudotsProd_issue709\src\Core\Physics\PhysicsWorld.cs(23,16): warning CS8618: 在退出构造函数时，不可为 null 的 字段 "_cells" 必须包含非 null 值。请考虑添加 "required" 修饰符或将该 字段 声明为可为 null。 [C:\001_AI\LudotsProd_issue709\src\Core\Ludots.Core.csproj]
C:\001_AI\LudotsProd_issue709\src\Core\Navigation\Pathing\AutoPathService.cs(65,22): warning CS8625: 无法将 null 字面量转换为非 null 的引用类型。 [C:\001_AI\LudotsProd_issue709\src\Core\Ludots.Core.csproj]
C:\001_AI\LudotsProd_issue709\src\Core\Navigation\Pathing\AutoPathService.cs(66,27): warning CS8625: 无法将 null 字面量转换为非 null 的引用类型。 [C:\001_AI\LudotsProd_issue709\src\Core\Ludots.Core.csproj]
C:\001_AI\LudotsProd_issue709\src\Core\Navigation\Pathing\AutoPathService.cs(62,16): warning CS8618: 在退出构造函数时，不可为 null 的 字段 "_graph" 必须包含非 null 值。请考虑添加 "required" 修饰符或将该 字段 声明为可为 null。 [C:\001_AI\LudotsProd_issue709\src\Core\Ludots.Core.csproj]
C:\001_AI\LudotsProd_issue709\src\Core\Navigation\Pathing\AutoPathService.cs(62,16): warning CS8618: 在退出构造函数时，不可为 null 的 字段 "_graphIndex" 必须包含非 null 值。请考虑添加 "required" 修饰符或将该 字段 声明为可为 null。 [C:\001_AI\LudotsProd_issue709\src\Core\Ludots.Core.csproj]
C:\001_AI\LudotsProd_issue709\src\Core\Gameplay\Spawning\RuntimeEntitySpawnSystem.cs(533,24): warning CS8625: 无法将 null 字面量转换为非 null 的引用类型。 [C:\001_AI\LudotsProd_issue709\src\Core\Ludots.Core.csproj]
C:\001_AI\LudotsProd_issue709\src\Core\Input\Interaction\ControlSchemeRuntime.cs(169,42): warning CS8600: 将 null 文本或可能的 null 值转换为不可为 null 类型。 [C:\001_AI\LudotsProd_issue709\src\Core\Ludots.Core.csproj]
C:\001_AI\LudotsProd_issue709\src\Core\Navigation\Pathing\AutoPathService.cs(94,29): warning CS8625: 无法将 null 字面量转换为非 null 的引用类型。 [C:\001_AI\LudotsProd_issue709\src\Core\Ludots.Core.csproj]
C:\001_AI\LudotsProd_issue709\src\Core\Navigation\Pathing\AutoPathService.cs(90,16): warning CS8618: 在退出构造函数时，不可为 null 的 字段 "_graphRuntime" 必须包含非 null 值。请考虑添加 "required" 修饰符或将该 字段 声明为可为 null。 [C:\001_AI\LudotsProd_issue709\src\Core\Ludots.Core.csproj]
C:\001_AI\LudotsProd_issue709\src\Core\Navigation\Pathing\AutoPathService.cs(121,22): warning CS8625: 无法将 null 字面量转换为非 null 的引用类型。 [C:\001_AI\LudotsProd_issue709\src\Core\Ludots.Core.csproj]
C:\001_AI\LudotsProd_issue709\src\Core\Navigation\Pathing\AutoPathService.cs(122,27): warning CS8625: 无法将 null 字面量转换为非 null 的引用类型。 [C:\001_AI\LudotsProd_issue709\src\Core\Ludots.Core.csproj]
C:\001_AI\LudotsProd_issue709\src\Core\Navigation\Pathing\AutoPathService.cs(118,16): warning CS8618: 在退出构造函数时，不可为 null 的 字段 "_graph" 必须包含非 null 值。请考虑添加 "required" 修饰符或将该 字段 声明为可为 null。 [C:\001_AI\LudotsProd_issue709\src\Core\Ludots.Core.csproj]
C:\001_AI\LudotsProd_issue709\src\Core\Navigation\Pathing\AutoPathService.cs(118,16): warning CS8618: 在退出构造函数时，不可为 null 的 字段 "_graphIndex" 必须包含非 null 值。请考虑添加 "required" 修饰符或将该 字段 声明为可为 null。 [C:\001_AI\LudotsProd_issue709\src\Core\Ludots.Core.csproj]
C:\001_AI\LudotsProd_issue709\src\Core\Gameplay\GAS\Systems\OrderBufferSystem.cs(471,22): warning CS8625: 无法将 null 字面量转换为非 null 的引用类型。 [C:\001_AI\LudotsProd_issue709\src\Core\Ludots.Core.csproj]
C:\001_AI\LudotsProd_issue709\src\Core\Modding\ModLoader.cs(392,36): warning CS8600: 将 null 文本或可能的 null 值转换为不可为 null 类型。 [C:\001_AI\LudotsProd_issue709\src\Core\Ludots.Core.csproj]
C:\001_AI\LudotsProd_issue709\src\Core\Modding\ModLoader.cs(393,45): warning CS8604: “void ModLoader.CacheSharedAssembly(Assembly assembly)”中的形参“assembly”可能传入 null 引用实参。 [C:\001_AI\LudotsProd_issue709\src\Core\Ludots.Core.csproj]
C:\001_AI\LudotsProd_issue709\src\Core\Modding\ModLoader.cs(420,36): warning CS8619: 类型“Type?[]”的值中引用类型的为 Null 性与目标类型“Type[]”不匹配。 [C:\001_AI\LudotsProd_issue709\src\Core\Ludots.Core.csproj]
C:\001_AI\LudotsProd_issue709\src\Core\Modding\ModLoader.cs(437,43): warning CS8600: 将 null 文本或可能的 null 值转换为不可为 null 类型。 [C:\001_AI\LudotsProd_issue709\src\Core\Ludots.Core.csproj]
C:\001_AI\LudotsProd_issue709\src\Core\Modding\ModLoader.cs(440,25): warning CS8602: 解引用可能出现空引用。 [C:\001_AI\LudotsProd_issue709\src\Core\Ludots.Core.csproj]
C:\001_AI\LudotsProd_issue709\src\Core\Modding\ModLoader.cs(461,46): warning CS8600: 将 null 文本或可能的 null 值转换为不可为 null 类型。 [C:\001_AI\LudotsProd_issue709\src\Core\Ludots.Core.csproj]
C:\001_AI\LudotsProd_issue709\src\Core\Modding\ModLoader.cs(462,56): warning CS8604: “void IMapManager.RegisterMap(MapDefinition definition)”中的形参“definition”可能传入 null 引用实参。 [C:\001_AI\LudotsProd_issue709\src\Core\Ludots.Core.csproj]
C:\001_AI\LudotsProd_issue709\src\Core\Modding\ModLoader.cs(508,57): warning CS8603: 可能返回 null 引用。 [C:\001_AI\LudotsProd_issue709\src\Core\Ludots.Core.csproj]
C:\001_AI\LudotsProd_issue709\src\Core\Modding\ModLoader.cs(509,20): warning CS8603: 可能返回 null 引用。 [C:\001_AI\LudotsProd_issue709\src\Core\Ludots.Core.csproj]
C:\001_AI\LudotsProd_issue709\src\Core\Modding\ModLoader.cs(516,39): warning CS8601: 可能的 null 引用赋值。 [C:\001_AI\LudotsProd_issue709\src\Core\Ludots.Core.csproj]
C:\001_AI\LudotsProd_issue709\src\Core\Navigation\Pathing\AutoPathService.cs(332,18): warning CS8602: 解引用可能出现空引用。 [C:\001_AI\LudotsProd_issue709\src\Core\Ludots.Core.csproj]
C:\001_AI\LudotsProd_issue709\src\Core\Vision\Config\VisionFogLayerConfigLoader.cs(32,53): warning CS8604: “ConfigCatalogEntry ConfigPipeline.RequireEntry(ConfigCatalog catalog, string path, ConfigMergePolicy defaultPolicy, string defaultIdField = "id")”中的形参“catalog”可能传入 null 引用实参。 [C:\001_AI\LudotsProd_issue709\src\Core\Ludots.Core.csproj]
C:\001_AI\LudotsProd_issue709\src\Core\Vision\Config\VisionFogLayerConfigLoader.cs(33,72): warning CS8604: “IReadOnlyList<MergedConfigEntry> ConfigPipeline.MergeArrayByIdFromCatalog(in ConfigCatalogEntry entry, ConfigConflictReport report = null)”中的形参“report”可能传入 null 引用实参。 [C:\001_AI\LudotsProd_issue709\src\Core\Ludots.Core.csproj]
C:\001_AI\LudotsProd_issue709\src\Core\Gameplay\AI\Config\AiConfigLoader.cs(1625,39): warning CS8600: 将 null 文本或可能的 null 值转换为不可为 null 类型。 [C:\001_AI\LudotsProd_issue709\src\Core\Ludots.Core.csproj]
C:\001_AI\LudotsProd_issue709\src\Core\Config\ComponentRegistry.cs(1686,56): warning CS8600: 将 null 文本或可能的 null 值转换为不可为 null 类型。 [C:\001_AI\LudotsProd_issue709\src\Core\Ludots.Core.csproj]
C:\001_AI\LudotsProd_issue709\src\Core\Input\Interaction\ControlScheme.cs(28,29): warning CS8618: 在退出构造函数时，不可为 null 的 属性 "InputContexts" 必须包含非 null 值。请考虑添加 "required" 修饰符或将该 属性 声明为可为 null。 [C:\001_AI\LudotsProd_issue709\src\Core\Ludots.Core.csproj]
C:\001_AI\LudotsProd_issue709\src\Core\Input\Interaction\ControlScheme.cs(30,38): warning CS8618: 在退出构造函数时，不可为 null 的 属性 "Defaults" 必须包含非 null 值。请考虑添加 "required" 修饰符或将该 属性 声明为可为 null。 [C:\001_AI\LudotsProd_issue709\src\Core\Ludots.Core.csproj]
C:\001_AI\LudotsProd_issue709\src\Core\Input\Interaction\ControlScheme.cs(37,38): warning CS8618: 在退出构造函数时，不可为 null 的 属性 "AxisMove" 必须包含非 null 值。请考虑添加 "required" 修饰符或将该 属性 声明为可为 null。 [C:\001_AI\LudotsProd_issue709\src\Core\Ludots.Core.csproj]
C:\001_AI\LudotsProd_issue709\src\Core\Input\Interaction\ControlScheme.cs(8,46): warning CS8618: 在退出构造函数时，不可为 null 的 属性 "Schemes" 必须包含非 null 值。请考虑添加 "required" 修饰符或将该 属性 声明为可为 null。 [C:\001_AI\LudotsProd_issue709\src\Core\Ludots.Core.csproj]
C:\001_AI\LudotsProd_issue709\src\Core\Input\Interaction\ControlScheme.cs(15,29): warning CS8618: 在退出构造函数时，不可为 null 的 属性 "AllowedSchemes" 必须包含非 null 值。请考虑添加 "required" 修饰符或将该 属性 声明为可为 null。 [C:\001_AI\LudotsProd_issue709\src\Core\Ludots.Core.csproj]
C:\001_AI\LudotsProd_issue709\src\Core\Gameplay\AI\Config\AiConfigLoader.cs(1638,39): warning CS8600: 将 null 文本或可能的 null 值转换为不可为 null 类型。 [C:\001_AI\LudotsProd_issue709\src\Core\Ludots.Core.csproj]
C:\001_AI\LudotsProd_issue709\src\Core\Config\ComponentRegistry.cs(1717,56): warning CS8600: 将 null 文本或可能的 null 值转换为不可为 null 类型。 [C:\001_AI\LudotsProd_issue709\src\Core\Ludots.Core.csproj]
C:\001_AI\LudotsProd_issue709\src\Core\Gameplay\AI\Config\AiConfigLoader.cs(1650,39): warning CS8600: 将 null 文本或可能的 null 值转换为不可为 null 类型。 [C:\001_AI\LudotsProd_issue709\src\Core\Ludots.Core.csproj]
C:\001_AI\LudotsProd_issue709\src\Core\Gameplay\AI\Config\AiConfigLoader.cs(1663,39): warning CS8600: 将 null 文本或可能的 null 值转换为不可为 null 类型。 [C:\001_AI\LudotsProd_issue709\src\Core\Ludots.Core.csproj]
C:\001_AI\LudotsProd_issue709\src\Core\Navigation\NavMesh\NavTileStore.cs(34,52): warning CS8601: 可能的 null 引用赋值。 [C:\001_AI\LudotsProd_issue709\src\Core\Ludots.Core.csproj]
C:\001_AI\LudotsProd_issue709\src\Core\Gameplay\Items\InventoryRuntimeService.cs(863,78): warning CS8625: 无法将 null 字面量转换为非 null 的引用类型。 [C:\001_AI\LudotsProd_issue709\src\Core\Ludots.Core.csproj]
C:\001_AI\LudotsProd_issue709\src\Core\Gameplay\Spawning\RuntimeEntitySpawnSystem.cs(708,17): warning CS8602: 解引用可能出现空引用。 [C:\001_AI\LudotsProd_issue709\src\Core\Ludots.Core.csproj]
C:\001_AI\LudotsProd_issue709\src\Core\Navigation\NavMesh\NavTileStore.cs(65,22): warning CS8601: 可能的 null 引用赋值。 [C:\001_AI\LudotsProd_issue709\src\Core\Ludots.Core.csproj]
C:\001_AI\LudotsProd_issue709\src\Core\Scripting\TriggerManager.cs(94,20): warning CS8603: 可能返回 null 引用。 [C:\001_AI\LudotsProd_issue709\src\Core\Ludots.Core.csproj]
C:\001_AI\LudotsProd_issue709\src\Core\Navigation\NavMesh\NavTileModels.cs(94,29): warning CS8625: 无法将 null 字面量转换为非 null 的引用类型。 [C:\001_AI\LudotsProd_issue709\src\Core\Ludots.Core.csproj]
C:\001_AI\LudotsProd_issue709\src\Core\Navigation\NavMesh\NavTileBuilder.cs(83,24): warning CS8625: 无法将 null 字面量转换为非 null 的引用类型。 [C:\001_AI\LudotsProd_issue709\src\Core\Ludots.Core.csproj]
C:\001_AI\LudotsProd_issue709\src\Core\Gameplay\Spawning\RuntimeEntitySpawnSystem.cs(975,61): warning CS8600: 将 null 文本或可能的 null 值转换为不可为 null 类型。 [C:\001_AI\LudotsProd_issue709\src\Core\Ludots.Core.csproj]
C:\001_AI\LudotsProd_issue709\src\Core\Gameplay\Items\InventoryRuntimeService.cs(1058,88): warning CS8625: 无法将 null 字面量转换为非 null 的引用类型。 [C:\001_AI\LudotsProd_issue709\src\Core\Ludots.Core.csproj]
C:\001_AI\LudotsProd_issue709\src\Core\Gameplay\Spawning\RuntimeEntitySpawnSystem.cs(1011,52): warning CS8600: 将 null 文本或可能的 null 值转换为不可为 null 类型。 [C:\001_AI\LudotsProd_issue709\src\Core\Ludots.Core.csproj]
C:\001_AI\LudotsProd_issue709\src\Core\Gameplay\Items\InventoryRuntimeService.cs(1097,100): warning CS8625: 无法将 null 字面量转换为非 null 的引用类型。 [C:\001_AI\LudotsProd_issue709\src\Core\Ludots.Core.csproj]
C:\001_AI\LudotsProd_issue709\src\Core\Navigation\NavMesh\NavTileBuilder.cs(100,20): warning CS8625: 无法将 null 字面量转换为非 null 的引用类型。 [C:\001_AI\LudotsProd_issue709\src\Core\Ludots.Core.csproj]
C:\001_AI\LudotsProd_issue709\src\Core\Presentation\Camera\CoreScreenProjector.cs(27,16): warning CS8618: 在退出构造函数时，不可为 null 的 字段 "_presenter" 必须包含非 null 值。请考虑添加 "required" 修饰符或将该 字段 声明为可为 null。 [C:\001_AI\LudotsProd_issue709\src\Core\Ludots.Core.csproj]
C:\001_AI\LudotsProd_issue709\src\Core\Persistence\CoreSaveParticipants.cs(761,24): warning CS8603: 可能返回 null 引用。 [C:\001_AI\LudotsProd_issue709\src\Core\Ludots.Core.csproj]
C:\001_AI\LudotsProd_issue709\src\Core\Persistence\CoreSaveParticipants.cs(791,24): warning CS8603: 可能返回 null 引用。 [C:\001_AI\LudotsProd_issue709\src\Core\Ludots.Core.csproj]
C:\001_AI\LudotsProd_issue709\src\Core\Input\Interaction\CommandIntentProfileConfigLoader.cs(101,46): warning CS8604: “void CommandIntentProfileConfigLoader.ValidatePredicateStrings(List<string> values, string path)”中的形参“values”可能传入 null 引用实参。 [C:\001_AI\LudotsProd_issue709\src\Core\Ludots.Core.csproj]
C:\001_AI\LudotsProd_issue709\src\Core\Input\Interaction\CommandIntentProfileConfigLoader.cs(102,46): warning CS8604: “void CommandIntentProfileConfigLoader.ValidatePredicateStrings(List<string> values, string path)”中的形参“values”可能传入 null 引用实参。 [C:\001_AI\LudotsProd_issue709\src\Core\Ludots.Core.csproj]
C:\001_AI\LudotsProd_issue709\src\Core\Input\Interaction\CommandIntentProfileConfigLoader.cs(103,46): warning CS8604: “void CommandIntentProfileConfigLoader.ValidatePredicateStrings(List<string> values, string path)”中的形参“values”可能传入 null 引用实参。 [C:\001_AI\LudotsProd_issue709\src\Core\Ludots.Core.csproj]
C:\001_AI\LudotsProd_issue709\src\Core\Input\Interaction\CommandIntentProfileConfigLoader.cs(104,46): warning CS8604: “void CommandIntentProfileConfigLoader.ValidatePredicateStrings(List<string> values, string path)”中的形参“values”可能传入 null 引用实参。 [C:\001_AI\LudotsProd_issue709\src\Core\Ludots.Core.csproj]
C:\001_AI\LudotsProd_issue709\src\Core\Input\Interaction\CommandIntentProfileConfigLoader.cs(105,46): warning CS8604: “void CommandIntentProfileConfigLoader.ValidatePredicateStrings(List<string> values, string path)”中的形参“values”可能传入 null 引用实参。 [C:\001_AI\LudotsProd_issue709\src\Core\Ludots.Core.csproj]
C:\001_AI\LudotsProd_issue709\src\Core\Input\Interaction\CommandIntentProfile.cs(131,23): warning CS8618: 在退出构造函数时，不可为 null 的 属性 "Slot" 必须包含非 null 值。请考虑添加 "required" 修饰符或将该 属性 声明为可为 null。 [C:\001_AI\LudotsProd_issue709\src\Core\Ludots.Core.csproj]
C:\001_AI\LudotsProd_issue709\src\Core\Input\Interaction\CommandIntentProfile.cs(118,29): warning CS8618: 在退出构造函数时，不可为 null 的 属性 "AllTags" 必须包含非 null 值。请考虑添加 "required" 修饰符或将该 属性 声明为可为 null。 [C:\001_AI\LudotsProd_issue709\src\Core\Ludots.Core.csproj]
C:\001_AI\LudotsProd_issue709\src\Core\Input\Interaction\CommandIntentProfile.cs(119,29): warning CS8618: 在退出构造函数时，不可为 null 的 属性 "AnyTags" 必须包含非 null 值。请考虑添加 "required" 修饰符或将该 属性 声明为可为 null。 [C:\001_AI\LudotsProd_issue709\src\Core\Ludots.Core.csproj]
C:\001_AI\LudotsProd_issue709\src\Core\Input\Interaction\CommandIntentProfile.cs(120,29): warning CS8618: 在退出构造函数时，不可为 null 的 属性 "Stance" 必须包含非 null 值。请考虑添加 "required" 修饰符或将该 属性 声明为可为 null。 [C:\001_AI\LudotsProd_issue709\src\Core\Ludots.Core.csproj]
C:\001_AI\LudotsProd_issue709\src\Core\Input\Interaction\CommandIntentProfile.cs(107,23): warning CS8618: 在退出构造函数时，不可为 null 的 属性 "HasAbilityWithTag" 必须包含非 null 值。请考虑添加 "required" 修饰符或将该 属性 声明为可为 null。 [C:\001_AI\LudotsProd_issue709\src\Core\Ludots.Core.csproj]
C:\001_AI\LudotsProd_issue709\src\Core\Input\Interaction\CommandIntentProfile.cs(108,29): warning CS8618: 在退出构造函数时，不可为 null 的 属性 "AllTags" 必须包含非 null 值。请考虑添加 "required" 修饰符或将该 属性 声明为可为 null。 [C:\001_AI\LudotsProd_issue709\src\Core\Ludots.Core.csproj]
C:\001_AI\LudotsProd_issue709\src\Core\Input\Interaction\CommandIntentProfile.cs(109,29): warning CS8618: 在退出构造函数时，不可为 null 的 属性 "AnyTags" 必须包含非 null 值。请考虑添加 "required" 修饰符或将该 属性 声明为可为 null。 [C:\001_AI\LudotsProd_issue709\src\Core\Ludots.Core.csproj]
C:\001_AI\LudotsProd_issue709\src\Core\Input\Interaction\CommandIntentProfile.cs(96,54): warning CS8618: 在退出构造函数时，不可为 null 的 属性 "Actor" 必须包含非 null 值。请考虑添加 "required" 修饰符或将该 属性 声明为可为 null。 [C:\001_AI\LudotsProd_issue709\src\Core\Ludots.Core.csproj]
C:\001_AI\LudotsProd_issue709\src\Core\Input\Interaction\CommandIntentProfile.cs(97,55): warning CS8618: 在退出构造函数时，不可为 null 的 属性 "Target" 必须包含非 null 值。请考虑添加 "required" 修饰符或将该 属性 声明为可为 null。 [C:\001_AI\LudotsProd_issue709\src\Core\Ludots.Core.csproj]
C:\001_AI\LudotsProd_issue709\src\Core\Input\Interaction\CommandIntentProfile.cs(98,45): warning CS8618: 在退出构造函数时，不可为 null 的 属性 "Route" 必须包含非 null 值。请考虑添加 "required" 修饰符或将该 属性 声明为可为 null。 [C:\001_AI\LudotsProd_issue709\src\Core\Ludots.Core.csproj]
C:\001_AI\LudotsProd_issue709\src\Core\Input\Interaction\CommandIntentProfile.cs(82,51): warning CS8618: 在退出构造函数时，不可为 null 的 属性 "GroupPolicy" 必须包含非 null 值。请考虑添加 "required" 修饰符或将该 属性 声明为可为 null。 [C:\001_AI\LudotsProd_issue709\src\Core\Ludots.Core.csproj]
C:\001_AI\LudotsProd_issue709\src\Core\Input\Interaction\CommandIntentProfile.cs(83,50): warning CS8618: 在退出构造函数时，不可为 null 的 属性 "Rules" 必须包含非 null 值。请考虑添加 "required" 修饰符或将该 属性 声明为可为 null。 [C:\001_AI\LudotsProd_issue709\src\Core\Ludots.Core.csproj]
C:\001_AI\LudotsProd_issue709\src\Core\Input\Interaction\CommandIntentProfile.cs(75,53): warning CS8618: 在退出构造函数时，不可为 null 的 属性 "Profiles" 必须包含非 null 值。请考虑添加 "required" 修饰符或将该 属性 声明为可为 null。 [C:\001_AI\LudotsProd_issue709\src\Core\Ludots.Core.csproj]
C:\001_AI\LudotsProd_issue709\src\Core\Scripting\TriggerManager.cs(379,77): warning CS8602: 解引用可能出现空引用。 [C:\001_AI\LudotsProd_issue709\src\Core\Ludots.Core.csproj]
C:\001_AI\LudotsProd_issue709\src\Core\Input\Interaction\ClientCastPreferenceStore.cs(231,26): warning CS8601: 可能的 null 引用赋值。 [C:\001_AI\LudotsProd_issue709\src\Core\Ludots.Core.csproj]
C:\001_AI\LudotsProd_issue709\src\Core\Input\Interaction\ClientCastPreferenceStore.cs(235,34): warning CS8601: 可能的 null 引用赋值。 [C:\001_AI\LudotsProd_issue709\src\Core\Ludots.Core.csproj]
C:\001_AI\LudotsProd_issue709\src\Core\Input\Interaction\ClientCastPreferenceStore.cs(239,32): warning CS8600: 将 null 文本或可能的 null 值转换为不可为 null 类型。 [C:\001_AI\LudotsProd_issue709\src\Core\Ludots.Core.csproj]
C:\001_AI\LudotsProd_issue709\src\Core\MassNavigation\Runtime\MassNavigationRuntime.cs(185,9): warning CS8602: 解引用可能出现空引用。 [C:\001_AI\LudotsProd_issue709\src\Core\Ludots.Core.csproj]
C:\001_AI\LudotsProd_issue709\src\Core\Navigation\GraphWorld\WorldGridLoadedChunks.cs(26,16): warning CS8618: 在退出构造函数时，不可为 null 的 事件 "ChunkLoaded" 必须包含非 null 值。请考虑添加 "required" 修饰符或将该 事件 声明为可为 null。 [C:\001_AI\LudotsProd_issue709\src\Core\Ludots.Core.csproj]
C:\001_AI\LudotsProd_issue709\src\Core\Navigation\GraphWorld\WorldGridLoadedChunks.cs(26,16): warning CS8618: 在退出构造函数时，不可为 null 的 事件 "ChunkUnloaded" 必须包含非 null 值。请考虑添加 "required" 修饰符或将该 事件 声明为可为 null。 [C:\001_AI\LudotsProd_issue709\src\Core\Ludots.Core.csproj]
C:\001_AI\LudotsProd_issue709\src\Core\Input\Interaction\ClientCastPreferenceStore.cs(393,48): warning CS8602: 解引用可能出现空引用。 [C:\001_AI\LudotsProd_issue709\src\Core\Ludots.Core.csproj]
C:\001_AI\LudotsProd_issue709\src\Core\Input\Interaction\ClientCastPreferenceStore.cs(412,24): warning CS8603: 可能返回 null 引用。 [C:\001_AI\LudotsProd_issue709\src\Core\Ludots.Core.csproj]
C:\001_AI\LudotsProd_issue709\src\Core\Input\Interaction\ClientCastPreferenceStore.cs(428,24): warning CS8603: 可能返回 null 引用。 [C:\001_AI\LudotsProd_issue709\src\Core\Ludots.Core.csproj]
C:\001_AI\LudotsProd_issue709\src\Core\Systems\MapLoader.cs(53,16): warning CS8618: 在退出构造函数时，不可为 null 的 字段 "_effectRequests" 必须包含非 null 值。请考虑添加 "required" 修饰符或将该 字段 声明为可为 null。 [C:\001_AI\LudotsProd_issue709\src\Core\Ludots.Core.csproj]
C:\001_AI\LudotsProd_issue709\src\Core\Systems\MapLoader.cs(53,16): warning CS8618: 在退出构造函数时，不可为 null 的 字段 "_stableIds" 必须包含非 null 值。请考虑添加 "required" 修饰符或将该 字段 声明为可为 null。 [C:\001_AI\LudotsProd_issue709\src\Core\Ludots.Core.csproj]
C:\001_AI\LudotsProd_issue709\src\Core\Systems\MapLoader.cs(53,16): warning CS8618: 在退出构造函数时，不可为 null 的 字段 "_performerRuntime" 必须包含非 null 值。请考虑添加 "required" 修饰符或将该 字段 声明为可为 null。 [C:\001_AI\LudotsProd_issue709\src\Core\Ludots.Core.csproj]
C:\001_AI\LudotsProd_issue709\src\Core\Systems\MapLoader.cs(53,16): warning CS8618: 在退出构造函数时，不可为 null 的 字段 "_performerDefinitions" 必须包含非 null 值。请考虑添加 "required" 修饰符或将该 字段 声明为可为 null。 [C:\001_AI\LudotsProd_issue709\src\Core\Ludots.Core.csproj]
C:\001_AI\LudotsProd_issue709\src\Core\Systems\MapLoader.cs(53,16): warning CS8618: 在退出构造函数时，不可为 null 的 字段 "_performerBootstrap" 必须包含非 null 值。请考虑添加 "required" 修饰符或将该 字段 声明为可为 null。 [C:\001_AI\LudotsProd_issue709\src\Core\Ludots.Core.csproj]
C:\001_AI\LudotsProd_issue709\src\Core\Navigation\NavMesh\NavQueryServiceRegistry.cs(33,84): warning CS8601: 可能的 null 引用赋值。 [C:\001_AI\LudotsProd_issue709\src\Core\Ludots.Core.csproj]
C:\001_AI\LudotsProd_issue709\src\Core\Navigation\NavMesh\NavQueryServiceRegistry.cs(43,23): warning CS8625: 无法将 null 字面量转换为非 null 的引用类型。 [C:\001_AI\LudotsProd_issue709\src\Core\Ludots.Core.csproj]
C:\001_AI\LudotsProd_issue709\src\Core\Scripting\ServiceKey.cs(92,48): warning CS8601: 可能的 null 引用赋值。 [C:\001_AI\LudotsProd_issue709\src\Core\Ludots.Core.csproj]
C:\001_AI\LudotsProd_issue709\src\Core\Systems\MapLoader.cs(82,35): warning CS8601: 可能的 null 引用赋值。 [C:\001_AI\LudotsProd_issue709\src\Core\Ludots.Core.csproj]
C:\001_AI\LudotsProd_issue709\src\Core\Input\Interaction\ClientCastPreference.cs(81,23): warning CS8618: 在退出构造函数时，不可为 null 的 属性 "CastCommitId" 必须包含非 null 值。请考虑添加 "required" 修饰符或将该 属性 声明为可为 null。 [C:\001_AI\LudotsProd_issue709\src\Core\Ludots.Core.csproj]
C:\001_AI\LudotsProd_issue709\src\Core\Input\Interaction\ClientCastPreference.cs(71,36): warning CS8618: 在退出构造函数时，不可为 null 的 属性 "Global" 必须包含非 null 值。请考虑添加 "required" 修饰符或将该 属性 声明为可为 null。 [C:\001_AI\LudotsProd_issue709\src\Core\Ludots.Core.csproj]
C:\001_AI\LudotsProd_issue709\src\Core\Input\Interaction\ClientCastPreference.cs(72,56): warning CS8618: 在退出构造函数时，不可为 null 的 属性 "PerTemplate" 必须包含非 null 值。请考虑添加 "required" 修饰符或将该 属性 声明为可为 null。 [C:\001_AI\LudotsProd_issue709\src\Core\Ludots.Core.csproj]
C:\001_AI\LudotsProd_issue709\src\Core\Input\Interaction\ClientCastPreference.cs(73,56): warning CS8618: 在退出构造函数时，不可为 null 的 属性 "PerFormSet" 必须包含非 null 值。请考虑添加 "required" 修饰符或将该 属性 声明为可为 null。 [C:\001_AI\LudotsProd_issue709\src\Core\Ludots.Core.csproj]
C:\001_AI\LudotsProd_issue709\src\Core\Input\Interaction\ClientCastPreference.cs(74,56): warning CS8618: 在退出构造函数时，不可为 null 的 属性 "PerSlot" 必须包含非 null 值。请考虑添加 "required" 修饰符或将该 属性 声明为可为 null。 [C:\001_AI\LudotsProd_issue709\src\Core\Ludots.Core.csproj]
C:\001_AI\LudotsProd_issue709\src\Core\Input\Interaction\ClientCastPreference.cs(75,23): warning CS8618: 在退出构造函数时，不可为 null 的 属性 "ActiveSchemeId" 必须包含非 null 值。请考虑添加 "required" 修饰符或将该 属性 声明为可为 null。 [C:\001_AI\LudotsProd_issue709\src\Core\Ludots.Core.csproj]
C:\001_AI\LudotsProd_issue709\src\Core\Input\Interaction\ClientCastPreference.cs(49,47): warning CS8618: 在退出构造函数时，不可为 null 的 属性 "Locks" 必须包含非 null 值。请考虑添加 "required" 修饰符或将该 属性 声明为可为 null。 [C:\001_AI\LudotsProd_issue709\src\Core\Ludots.Core.csproj]
C:\001_AI\LudotsProd_issue709\src\Core\Input\Interaction\CastDispatchProfileRegistry.cs(46,105): warning CS8625: 无法将 null 字面量转换为非 null 的引用类型。 [C:\001_AI\LudotsProd_issue709\src\Core\Ludots.Core.csproj]
C:\001_AI\LudotsProd_issue709\src\Core\Navigation\GraphWorld\LoadedGraphRuntime.cs(86,43): warning CS8625: 无法将 null 字面量转换为非 null 的引用类型。 [C:\001_AI\LudotsProd_issue709\src\Core\Ludots.Core.csproj]
C:\001_AI\LudotsProd_issue709\src\Core\Navigation\GraphWorld\ChunkedNodeGraphStore.cs(38,33): warning CS8625: 无法将 null 字面量转换为非 null 的引用类型。 [C:\001_AI\LudotsProd_issue709\src\Core\Ludots.Core.csproj]
C:\001_AI\LudotsProd_issue709\src\Core\Input\Interaction\CastCommitProfile.cs(143,50): warning CS8618: 在退出构造函数时，不可为 null 的 属性 "Profiles" 必须包含非 null 值。请考虑添加 "required" 修饰符或将该 属性 声明为可为 null。 [C:\001_AI\LudotsProd_issue709\src\Core\Ludots.Core.csproj]
C:\001_AI\LudotsProd_issue709\src\Core\Scripting\ScriptContext.cs(50,20): warning CS8603: 可能返回 null 引用。 [C:\001_AI\LudotsProd_issue709\src\Core\Ludots.Core.csproj]
C:\001_AI\LudotsProd_issue709\src\Core\Input\Interaction\CastDispatchProfileRegistry.cs(100,71): warning CS8600: 将 null 文本或可能的 null 值转换为不可为 null 类型。 [C:\001_AI\LudotsProd_issue709\src\Core\Ludots.Core.csproj]
C:\001_AI\LudotsProd_issue709\src\Core\Navigation\GraphWorld\ChunkedNodeGraphStore.cs(78,54): warning CS8601: 可能的 null 引用赋值。 [C:\001_AI\LudotsProd_issue709\src\Core\Ludots.Core.csproj]
C:\001_AI\LudotsProd_issue709\src\Core\Scripting\FunctionRegistry.cs(41,20): warning CS8603: 可能返回 null 引用。 [C:\001_AI\LudotsProd_issue709\src\Core\Ludots.Core.csproj]
C:\001_AI\LudotsProd_issue709\src\Core\Scripting\FunctionRegistry.cs(15,44): warning CS8618: 在退出构造函数时，不可为 null 的 字段 "_conflictReport" 必须包含非 null 值。请考虑添加 "required" 修饰符或将该 字段 声明为可为 null。 [C:\001_AI\LudotsProd_issue709\src\Core\Ludots.Core.csproj]
C:\001_AI\LudotsProd_issue709\src\Core\UI\ProductionOverview\ProductionOverviewContracts.cs(63,55): warning CS8618: 在退出构造函数时，不可为 null 的 属性 "WorkerBuckets" 必须包含非 null 值。请考虑添加 "required" 修饰符或将该 属性 声明为可为 null。 [C:\001_AI\LudotsProd_issue709\src\Core\Ludots.Core.csproj]
C:\001_AI\LudotsProd_issue709\src\Core\UI\ProductionOverview\ProductionOverviewContracts.cs(47,58): warning CS8618: 在退出构造函数时，不可为 null 的 属性 "Profiles" 必须包含非 null 值。请考虑添加 "required" 修饰符或将该 属性 声明为可为 null。 [C:\001_AI\LudotsProd_issue709\src\Core\Ludots.Core.csproj]
C:\001_AI\LudotsProd_issue709\src\Core\Input\Interaction\CastDispatchProfileRegistry.cs(224,73): warning CS8600: 将 null 文本或可能的 null 值转换为不可为 null 类型。 [C:\001_AI\LudotsProd_issue709\src\Core\Ludots.Core.csproj]
C:\001_AI\LudotsProd_issue709\src\Core\Input\Interaction\CastDispatchProfileRegistry.cs(230,41): warning CS8600: 将 null 文本或可能的 null 值转换为不可为 null 类型。 [C:\001_AI\LudotsProd_issue709\src\Core\Ludots.Core.csproj]
C:\001_AI\LudotsProd_issue709\src\Core\Input\Interaction\CastDispatchProfileRegistry.cs(233,81): warning CS8600: 将 null 文本或可能的 null 值转换为不可为 null 类型。 [C:\001_AI\LudotsProd_issue709\src\Core\Ludots.Core.csproj]
C:\001_AI\LudotsProd_issue709\src\Core\Input\Interaction\CastDispatchProfileRegistry.cs(258,26): warning CS8601: 可能的 null 引用赋值。 [C:\001_AI\LudotsProd_issue709\src\Core\Ludots.Core.csproj]
C:\001_AI\LudotsProd_issue709\src\Core\Input\Interaction\CastDispatchProfileRegistry.cs(260,32): warning CS8601: 可能的 null 引用赋值。 [C:\001_AI\LudotsProd_issue709\src\Core\Ludots.Core.csproj]
C:\001_AI\LudotsProd_issue709\src\Core\UI\CommandDeck\CommandDeckContracts.cs(48,51): warning CS8618: 在退出构造函数时，不可为 null 的 属性 "Profiles" 必须包含非 null 值。请考虑添加 "required" 修饰符或将该 属性 声明为可为 null。 [C:\001_AI\LudotsProd_issue709\src\Core\Ludots.Core.csproj]
C:\001_AI\LudotsProd_issue709\src\Core\Navigation\NavMesh\Config\NavMeshBakeConfigLoader.cs(105,52): warning CS8604: “ConfigPipeline.ConfigPipeline(VirtualFileSystem vfs, ModLoader modLoader)”中的形参“modLoader”可能传入 null 引用实参。 [C:\001_AI\LudotsProd_issue709\src\Core\Ludots.Core.csproj]
C:\001_AI\LudotsProd_issue709\src\Core\Input\Interaction\CastCommitProfile.cs(154,45): warning CS8618: 在退出构造函数时，不可为 null 的 属性 "OnActivate" 必须包含非 null 值。请考虑添加 "required" 修饰符或将该 属性 声明为可为 null。 [C:\001_AI\LudotsProd_issue709\src\Core\Ludots.Core.csproj]
C:\001_AI\LudotsProd_issue709\src\Core\Input\Interaction\CastCommitProfile.cs(157,65): warning CS8618: 在退出构造函数时，不可为 null 的 属性 "FrameActions" 必须包含非 null 值。请考虑添加 "required" 修饰符或将该 属性 声明为可为 null。 [C:\001_AI\LudotsProd_issue709\src\Core\Ludots.Core.csproj]
C:\001_AI\LudotsProd_issue709\src\Core\Gameplay\GAS\Benchmarks\GasBenchmark.cs(64,17): warning CS8625: 无法将 null 字面量转换为非 null 的引用类型。 [C:\001_AI\LudotsProd_issue709\src\Core\Ludots.Core.csproj]
C:\001_AI\LudotsProd_issue709\src\Core\UI\EntityCommandPanels\AbilityAggregationProfile.cs(12,58): warning CS8618: 在退出构造函数时，不可为 null 的 属性 "Profiles" 必须包含非 null 值。请考虑添加 "required" 修饰符或将该 属性 声明为可为 null。 [C:\001_AI\LudotsProd_issue709\src\Core\Ludots.Core.csproj]
C:\001_AI\LudotsProd_issue709\src\Core\Navigation\NavMesh\Bake\BakeArtifactBuilder.cs(35,16): warning CS8618: 在退出构造函数时，不可为 null 的 属性 "ContourRings" 必须包含非 null 值。请考虑添加 "required" 修饰符或将该 属性 声明为可为 null。 [C:\001_AI\LudotsProd_issue709\src\Core\Ludots.Core.csproj]
C:\001_AI\LudotsProd_issue709\src\Core\TransportNetwork\TransportNetworkBaker.cs(171,61): warning CS8600: 将 null 文本或可能的 null 值转换为不可为 null 类型。 [C:\001_AI\LudotsProd_issue709\src\Core\Ludots.Core.csproj]
C:\001_AI\LudotsProd_issue709\src\Core\TransportNetwork\TransportNetworkBaker.cs(203,90): warning CS8600: 将 null 文本或可能的 null 值转换为不可为 null 类型。 [C:\001_AI\LudotsProd_issue709\src\Core\Ludots.Core.csproj]
C:\001_AI\LudotsProd_issue709\src\Core\TransportNetwork\TransportNetworkBaker.cs(206,95): warning CS8600: 将 null 文本或可能的 null 值转换为不可为 null 类型。 [C:\001_AI\LudotsProd_issue709\src\Core\Ludots.Core.csproj]
C:\001_AI\LudotsProd_issue709\src\Core\TransportNetwork\TransportNetworkBaker.cs(245,70): warning CS8600: 将 null 文本或可能的 null 值转换为不可为 null 类型。 [C:\001_AI\LudotsProd_issue709\src\Core\Ludots.Core.csproj]
C:\001_AI\LudotsProd_issue709\src\Core\TransportNetwork\TransportNetworkBaker.cs(255,66): warning CS8600: 将 null 文本或可能的 null 值转换为不可为 null 类型。 [C:\001_AI\LudotsProd_issue709\src\Core\Ludots.Core.csproj]
C:\001_AI\LudotsProd_issue709\src\Core\Navigation\GraphWorld\ChunkedNodeGraphStore.cs(11,31): warning CS8618: 在退出构造函数时，不可为 null 的 字段 "_loadedChunks" 必须包含非 null 值。请考虑添加 "required" 修饰符或将该 字段 声明为可为 null。 [C:\001_AI\LudotsProd_issue709\src\Core\Ludots.Core.csproj]
C:\001_AI\LudotsProd_issue709\src\Core\UI\EntityCommandPanels\AbilityAggregationProfile.cs(25,23): warning CS8618: 在退出构造函数时，不可为 null 的 属性 "Overflow" 必须包含非 null 值。请考虑添加 "required" 修饰符或将该 属性 声明为可为 null。 [C:\001_AI\LudotsProd_issue709\src\Core\Ludots.Core.csproj]
C:\001_AI\LudotsProd_issue709\src\Core\TransportNetwork\TransportNetworkBaker.cs(299,70): warning CS8600: 将 null 文本或可能的 null 值转换为不可为 null 类型。 [C:\001_AI\LudotsProd_issue709\src\Core\Ludots.Core.csproj]
C:\001_AI\LudotsProd_issue709\src\Core\Input\Interaction\CastDispatchProfileRegistry.cs(514,50): warning CS8618: 在退出构造函数时，不可为 null 的 字段 "Selector" 必须包含非 null 值。请考虑添加 "required" 修饰符或将该 字段 声明为可为 null。 [C:\001_AI\LudotsProd_issue709\src\Core\Ludots.Core.csproj]
C:\001_AI\LudotsProd_issue709\src\Core\Input\Interaction\CastDispatchProfileRegistry.cs(517,39): warning CS8618: 在退出构造函数时，不可为 null 的 字段 "Scorer" 必须包含非 null 值。请考虑添加 "required" 修饰符或将该 字段 声明为可为 null。 [C:\001_AI\LudotsProd_issue709\src\Core\Ludots.Core.csproj]
C:\001_AI\LudotsProd_issue709\src\Core\Input\Interaction\CastDispatchProfileRegistry.cs(519,42): warning CS8618: 在退出构造函数时，不可为 null 的 字段 "CycleCursors" 必须包含非 null 值。请考虑添加 "required" 修饰符或将该 字段 声明为可为 null。 [C:\001_AI\LudotsProd_issue709\src\Core\Ludots.Core.csproj]
C:\001_AI\LudotsProd_issue709\src\Core\Input\Interaction\CastCommitProfile.cs(166,43): warning CS8618: 在退出构造函数时，不可为 null 的 属性 "Payload" 必须包含非 null 值。请考虑添加 "required" 修饰符或将该 属性 声明为可为 null。 [C:\001_AI\LudotsProd_issue709\src\Core\Ludots.Core.csproj]
C:\001_AI\LudotsProd_issue709\src\Core\Input\Interaction\CastCommitProfile.cs(169,23): warning CS8618: 在退出构造函数时，不可为 null 的 属性 "ContextProfileId" 必须包含非 null 值。请考虑添加 "required" 修饰符或将该 属性 声明为可为 null。 [C:\001_AI\LudotsProd_issue709\src\Core\Ludots.Core.csproj]
C:\001_AI\LudotsProd_issue709\src\Core\Navigation\NavMesh\Bake\Triangulator.cs(81,21): warning CS8625: 无法将 null 字面量转换为非 null 的引用类型。 [C:\001_AI\LudotsProd_issue709\src\Core\Ludots.Core.csproj]
C:\001_AI\LudotsProd_issue709\src\Core\Presentation\Config\PresentationTextCatalogLoader.cs(73,38): warning CS8600: 将 null 文本或可能的 null 值转换为不可为 null 类型。 [C:\001_AI\LudotsProd_issue709\src\Core\Ludots.Core.csproj]
C:\001_AI\LudotsProd_issue709\src\Core\UI\EntityCommandPanels\AbilityAggregationProfileRegistry.cs(196,69): warning CS8600: 将 null 文本或可能的 null 值转换为不可为 null 类型。 [C:\001_AI\LudotsProd_issue709\src\Core\Ludots.Core.csproj]
C:\001_AI\LudotsProd_issue709\src\Core\Navigation\NavMesh\Bake\Triangulator.cs(120,21): warning CS8625: 无法将 null 字面量转换为非 null 的引用类型。 [C:\001_AI\LudotsProd_issue709\src\Core\Ludots.Core.csproj]
C:\001_AI\LudotsProd_issue709\src\Core\Engine\GameEngine.cs(1548,28): warning CS8620: 由于引用类型的可为 null 性差异，ServiceKey<NetworkGameplayCommandGate> 类型的实参不能用于 void GameEngine.SetService<NetworkGameplayCommandGate?>(ServiceKey<NetworkGameplayCommandGate?> key, NetworkGameplayCommandGate? value) 中 ServiceKey<NetworkGameplayCommandGate?> 类型的形参 key。 [C:\001_AI\LudotsProd_issue709\src\Core\Ludots.Core.csproj]
C:\001_AI\LudotsProd_issue709\src\Core\Input\Interaction\CastDispatchProfile.cs(176,29): warning CS8618: 在退出构造函数时，不可为 null 的 属性 "Considerations" 必须包含非 null 值。请考虑添加 "required" 修饰符或将该 属性 声明为可为 null。 [C:\001_AI\LudotsProd_issue709\src\Core\Ludots.Core.csproj]
C:\001_AI\LudotsProd_issue709\src\Core\Input\Interaction\CastDispatchProfile.cs(169,23): warning CS8618: 在退出构造函数时，不可为 null 的 属性 "AdvanceOn" 必须包含非 null 值。请考虑添加 "required" 修饰符或将该 属性 声明为可为 null。 [C:\001_AI\LudotsProd_issue709\src\Core\Ludots.Core.csproj]
C:\001_AI\LudotsProd_issue709\src\Core\Navigation\NavMesh\Bake\BakePipeline.cs(34,30): warning CS8618: 在退出构造函数时，不可为 null 的 字段 "ContourRings" 必须包含非 null 值。请考虑添加 "required" 修饰符或将该 字段 声明为可为 null。 [C:\001_AI\LudotsProd_issue709\src\Core\Ludots.Core.csproj]
C:\001_AI\LudotsProd_issue709\src\Core\Input\Interaction\CastDispatchProfile.cs(155,47): warning CS8618: 在退出构造函数时，不可为 null 的 属性 "Selector" 必须包含非 null 值。请考虑添加 "required" 修饰符或将该 属性 声明为可为 null。 [C:\001_AI\LudotsProd_issue709\src\Core\Ludots.Core.csproj]
C:\001_AI\LudotsProd_issue709\src\Core\Input\Interaction\CastDispatchProfile.cs(156,45): warning CS8618: 在退出构造函数时，不可为 null 的 属性 "Scorer" 必须包含非 null 值。请考虑添加 "required" 修饰符或将该 属性 声明为可为 null。 [C:\001_AI\LudotsProd_issue709\src\Core\Ludots.Core.csproj]
C:\001_AI\LudotsProd_issue709\src\Core\Input\Interaction\CastDispatchProfile.cs(157,45): warning CS8618: 在退出构造函数时，不可为 null 的 属性 "Router" 必须包含非 null 值。请考虑添加 "required" 修饰符或将该 属性 声明为可为 null。 [C:\001_AI\LudotsProd_issue709\src\Core\Ludots.Core.csproj]
C:\001_AI\LudotsProd_issue709\src\Core\Input\Interaction\CastDispatchProfile.cs(148,52): warning CS8618: 在退出构造函数时，不可为 null 的 属性 "Profiles" 必须包含非 null 值。请考虑添加 "required" 修饰符或将该 属性 声明为可为 null。 [C:\001_AI\LudotsProd_issue709\src\Core\Ludots.Core.csproj]
C:\001_AI\LudotsProd_issue709\src\Core\UI\EntityCommandPanels\AbilityAggregationProfileRegistry.cs(342,50): warning CS8618: 在退出构造函数时，不可为 null 的 字段 "Selector" 必须包含非 null 值。请考虑添加 "required" 修饰符或将该 字段 声明为可为 null。 [C:\001_AI\LudotsProd_issue709\src\Core\Ludots.Core.csproj]
C:\001_AI\LudotsProd_issue709\src\Core\Navigation\NavMesh\Bake\BakePipeline.cs(77,54): warning CS8625: 无法将 null 字面量转换为非 null 的引用类型。 [C:\001_AI\LudotsProd_issue709\src\Core\Ludots.Core.csproj]
C:\001_AI\LudotsProd_issue709\src\Core\Navigation\NavMesh\Bake\Triangulator.cs(179,21): warning CS8625: 无法将 null 字面量转换为非 null 的引用类型。 [C:\001_AI\LudotsProd_issue709\src\Core\Ludots.Core.csproj]
C:\001_AI\LudotsProd_issue709\src\Core\Navigation\NavMesh\Bake\CdtTriangulator.cs(43,21): warning CS8625: 无法将 null 字面量转换为非 null 的引用类型。 [C:\001_AI\LudotsProd_issue709\src\Core\Ludots.Core.csproj]
C:\001_AI\LudotsProd_issue709\src\Core\TransportNetwork\TransportNetworkBakedAsset.cs(32,59): warning CS8601: 可能的 null 引用赋值。 [C:\001_AI\LudotsProd_issue709\src\Core\Ludots.Core.csproj]
C:\001_AI\LudotsProd_issue709\src\Core\TransportNetwork\TransportNetworkBakedAsset.cs(37,60): warning CS8601: 可能的 null 引用赋值。 [C:\001_AI\LudotsProd_issue709\src\Core\Ludots.Core.csproj]
C:\001_AI\LudotsProd_issue709\src\Core\Input\Interaction\CastCommitProfileConfigLoader.cs(89,61): warning CS8619: 类型“KeyValuePair<string, JsonNode?>”的值中引用类型的为 Null 性与目标类型“KeyValuePair<string, JsonNode>”不匹配。 [C:\001_AI\LudotsProd_issue709\src\Core\Ludots.Core.csproj]
C:\001_AI\LudotsProd_issue709\src\Core\Navigation\NavMesh\Bake\BakePipeline.cs(110,54): warning CS8625: 无法将 null 字面量转换为非 null 的引用类型。 [C:\001_AI\LudotsProd_issue709\src\Core\Ludots.Core.csproj]
C:\001_AI\LudotsProd_issue709\src\Core\Navigation\NavMesh\Bake\BakePipeline.cs(123,54): warning CS8625: 无法将 null 字面量转换为非 null 的引用类型。 [C:\001_AI\LudotsProd_issue709\src\Core\Ludots.Core.csproj]
C:\001_AI\LudotsProd_issue709\src\Core\Navigation\NavMesh\Bake\BakePipeline.cs(148,54): warning CS8625: 无法将 null 字面量转换为非 null 的引用类型。 [C:\001_AI\LudotsProd_issue709\src\Core\Ludots.Core.csproj]
C:\001_AI\LudotsProd_issue709\src\Core\Navigation\NavMesh\Bake\BakePipeline.cs(162,54): warning CS8625: 无法将 null 字面量转换为非 null 的引用类型。 [C:\001_AI\LudotsProd_issue709\src\Core\Ludots.Core.csproj]
C:\001_AI\LudotsProd_issue709\src\Core\Navigation\NavMesh\Bake\CdtTriangulator.cs(71,21): warning CS8625: 无法将 null 字面量转换为非 null 的引用类型。 [C:\001_AI\LudotsProd_issue709\src\Core\Ludots.Core.csproj]
C:\001_AI\LudotsProd_issue709\src\Core\Gameplay\GAS\Components\AbilityExecComponents.cs(178,36): warning CS9084: 结构成员按引用返回“此”或其他实例成员 [C:\001_AI\LudotsProd_issue709\src\Core\Ludots.Core.csproj]
C:\001_AI\LudotsProd_issue709\src\Core\Gameplay\GAS\Components\AbilityExecComponents.cs(179,36): warning CS9084: 结构成员按引用返回“此”或其他实例成员 [C:\001_AI\LudotsProd_issue709\src\Core\Ludots.Core.csproj]
C:\001_AI\LudotsProd_issue709\src\Core\Gameplay\GAS\Components\AbilityExecComponents.cs(180,36): warning CS9084: 结构成员按引用返回“此”或其他实例成员 [C:\001_AI\LudotsProd_issue709\src\Core\Ludots.Core.csproj]
C:\001_AI\LudotsProd_issue709\src\Core\Gameplay\GAS\Components\AbilityExecComponents.cs(181,37): warning CS9084: 结构成员按引用返回“此”或其他实例成员 [C:\001_AI\LudotsProd_issue709\src\Core\Ludots.Core.csproj]
C:\001_AI\LudotsProd_issue709\src\Core\Gameplay\GAS\Config\TagRuleSetLoader.cs(57,25): warning CS8604: “void TagRuleSetLoader.FillTagList(JsonNode node, ref int count, int* dst, int max, string field, string id, string path)”中的形参“node”可能传入 null 引用实参。 [C:\001_AI\LudotsProd_issue709\src\Core\Ludots.Core.csproj]
C:\001_AI\LudotsProd_issue709\src\Core\Gameplay\GAS\Config\TagRuleSetLoader.cs(58,25): warning CS8604: “void TagRuleSetLoader.FillTagList(JsonNode node, ref int count, int* dst, int max, string field, string id, string path)”中的形参“node”可能传入 null 引用实参。 [C:\001_AI\LudotsProd_issue709\src\Core\Ludots.Core.csproj]
C:\001_AI\LudotsProd_issue709\src\Core\Gameplay\GAS\Config\TagRuleSetLoader.cs(59,25): warning CS8604: “void TagRuleSetLoader.FillTagList(JsonNode node, ref int count, int* dst, int max, string field, string id, string path)”中的形参“node”可能传入 null 引用实参。 [C:\001_AI\LudotsProd_issue709\src\Core\Ludots.Core.csproj]
C:\001_AI\LudotsProd_issue709\src\Core\Gameplay\GAS\Config\TagRuleSetLoader.cs(60,25): warning CS8604: “void TagRuleSetLoader.FillTagList(JsonNode node, ref int count, int* dst, int max, string field, string id, string path)”中的形参“node”可能传入 null 引用实参。 [C:\001_AI\LudotsProd_issue709\src\Core\Ludots.Core.csproj]
C:\001_AI\LudotsProd_issue709\src\Core\Gameplay\GAS\Config\TagRuleSetLoader.cs(61,25): warning CS8604: “void TagRuleSetLoader.FillTagList(JsonNode node, ref int count, int* dst, int max, string field, string id, string path)”中的形参“node”可能传入 null 引用实参。 [C:\001_AI\LudotsProd_issue709\src\Core\Ludots.Core.csproj]
C:\001_AI\LudotsProd_issue709\src\Core\Gameplay\GAS\Config\TagRuleSetLoader.cs(62,25): warning CS8604: “void TagRuleSetLoader.FillTagList(JsonNode node, ref int count, int* dst, int max, string field, string id, string path)”中的形参“node”可能传入 null 引用实参。 [C:\001_AI\LudotsProd_issue709\src\Core\Ludots.Core.csproj]
C:\001_AI\LudotsProd_issue709\src\Core\Systems\MapLoader.cs(570,52): warning CS8600: 将 null 文本或可能的 null 值转换为不可为 null 类型。 [C:\001_AI\LudotsProd_issue709\src\Core\Ludots.Core.csproj]
C:\001_AI\LudotsProd_issue709\src\Core\Presentation\Config\PresentationPayloadConfigParser.cs(55,38): warning CS8600: 将 null 文本或可能的 null 值转换为不可为 null 类型。 [C:\001_AI\LudotsProd_issue709\src\Core\Ludots.Core.csproj]
C:\001_AI\LudotsProd_issue709\src\Core\Presentation\Config\MeshAssetConfigLoader.cs(49,30): warning CS8600: 将 null 文本或可能的 null 值转换为不可为 null 类型。 [C:\001_AI\LudotsProd_issue709\src\Core\Ludots.Core.csproj]
C:\001_AI\LudotsProd_issue709\src\Core\Gameplay\GAS\Config\TagRuleSetLoader.cs(83,30): warning CS8600: 将 null 文本或可能的 null 值转换为不可为 null 类型。 [C:\001_AI\LudotsProd_issue709\src\Core\Ludots.Core.csproj]
C:\001_AI\LudotsProd_issue709\src\Core\Navigation\NavMesh\Bake\ContourExtractor.cs(360,28): warning CS8603: 可能返回 null 引用。 [C:\001_AI\LudotsProd_issue709\src\Core\Ludots.Core.csproj]
C:\001_AI\LudotsProd_issue709\src\Core\Navigation\NavMesh\Bake\ContourExtractor.cs(389,28): warning CS8603: 可能返回 null 引用。 [C:\001_AI\LudotsProd_issue709\src\Core\Ludots.Core.csproj]
C:\001_AI\LudotsProd_issue709\src\Core\Navigation\NavMesh\Bake\ContourExtractor.cs(398,24): warning CS8603: 可能返回 null 引用。 [C:\001_AI\LudotsProd_issue709\src\Core\Ludots.Core.csproj]
C:\001_AI\LudotsProd_issue709\src\Core\Presentation\Config\MeshAssetConfigLoader.cs(73,36): warning CS8600: 将 null 文本或可能的 null 值转换为不可为 null 类型。 [C:\001_AI\LudotsProd_issue709\src\Core\Ludots.Core.csproj]
C:\001_AI\LudotsProd_issue709\src\Core\Presentation\Config\MeshAssetConfigLoader.cs(79,34): warning CS8600: 将 null 文本或可能的 null 值转换为不可为 null 类型。 [C:\001_AI\LudotsProd_issue709\src\Core\Ludots.Core.csproj]
C:\001_AI\LudotsProd_issue709\src\Core\Presentation\Config\MeshAssetConfigLoader.cs(82,40): warning CS8604: “PrefabPart[] MeshAssetConfigLoader.ParseParts(JsonNode partsNode)”中的形参“partsNode”可能传入 null 引用实参。 [C:\001_AI\LudotsProd_issue709\src\Core\Ludots.Core.csproj]
C:\001_AI\LudotsProd_issue709\src\Core\Input\Interaction\CastCommitProfileConfigLoader.cs(166,53): warning CS8619: 类型“KeyValuePair<string, JsonNode?>”的值中引用类型的为 Null 性与目标类型“KeyValuePair<string, JsonNode>”不匹配。 [C:\001_AI\LudotsProd_issue709\src\Core\Ludots.Core.csproj]
C:\001_AI\LudotsProd_issue709\src\Core\Presentation\Config\MeshAssetConfigLoader.cs(106,30): warning CS8600: 将 null 文本或可能的 null 值转换为不可为 null 类型。 [C:\001_AI\LudotsProd_issue709\src\Core\Ludots.Core.csproj]
C:\001_AI\LudotsProd_issue709\src\Core\Presentation\Config\MeshAssetConfigLoader.cs(116,38): warning CS8600: 将 null 文本或可能的 null 值转换为不可为 null 类型。 [C:\001_AI\LudotsProd_issue709\src\Core\Ludots.Core.csproj]
C:\001_AI\LudotsProd_issue709\src\Core\Presentation\Config\MeshAssetConfigLoader.cs(139,44): warning CS8604: “PrefabPart[] MeshAssetConfigLoader.ParseParts(JsonNode partsNode)”中的形参“partsNode”可能传入 null 引用实参。 [C:\001_AI\LudotsProd_issue709\src\Core\Ludots.Core.csproj]
C:\001_AI\LudotsProd_issue709\src\Core\Engine\GameEngine.cs(2097,73): warning CS8625: 无法将 null 字面量转换为非 null 的引用类型。 [C:\001_AI\LudotsProd_issue709\src\Core\Ludots.Core.csproj]
C:\001_AI\LudotsProd_issue709\src\Core\Presentation\Config\MeshAssetConfigLoader.cs(167,34): warning CS8600: 将 null 文本或可能的 null 值转换为不可为 null 类型。 [C:\001_AI\LudotsProd_issue709\src\Core\Ludots.Core.csproj]
C:\001_AI\LudotsProd_issue709\src\Core\Presentation\Config\MeshAssetConfigLoader.cs(176,49): warning CS8604: “Vector2 MeshAssetConfigLoader.ParseVector2WithDefault(JsonNode node, Vector2 defaultValue)”中的形参“node”可能传入 null 引用实参。 [C:\001_AI\LudotsProd_issue709\src\Core\Ludots.Core.csproj]
C:\001_AI\LudotsProd_issue709\src\Core\Presentation\Config\MeshAssetConfigLoader.cs(183,49): warning CS8604: “Vector2 MeshAssetConfigLoader.ParseVector2WithDefault(JsonNode node, Vector2 defaultValue)”中的形参“node”可能传入 null 引用实参。 [C:\001_AI\LudotsProd_issue709\src\Core\Ludots.Core.csproj]
C:\001_AI\LudotsProd_issue709\src\Core\Presentation\Config\MeshAssetConfigLoader.cs(188,51): warning CS8604: “Vector3 MeshAssetConfigLoader.ParseVector3(JsonNode node)”中的形参“node”可能传入 null 引用实参。 [C:\001_AI\LudotsProd_issue709\src\Core\Ludots.Core.csproj]
C:\001_AI\LudotsProd_issue709\src\Core\Presentation\Config\MeshAssetConfigLoader.cs(189,65): warning CS8604: “Quaternion MeshAssetConfigLoader.ParseQuaternionWithDefault(JsonNode node, Quaternion defaultValue)”中的形参“node”可能传入 null 引用实参。 [C:\001_AI\LudotsProd_issue709\src\Core\Ludots.Core.csproj]
C:\001_AI\LudotsProd_issue709\src\Core\Presentation\Config\MeshAssetConfigLoader.cs(190,59): warning CS8604: “Vector3 MeshAssetConfigLoader.ParseVector3WithDefault(JsonNode node, Vector3 defaultValue)”中的形参“node”可能传入 null 引用实参。 [C:\001_AI\LudotsProd_issue709\src\Core\Ludots.Core.csproj]
C:\001_AI\LudotsProd_issue709\src\Core\Presentation\Config\MeshAssetConfigLoader.cs(191,58): warning CS8604: “Vector4 MeshAssetConfigLoader.ParseVector4WithDefault(JsonNode node, Vector4 defaultValue)”中的形参“node”可能传入 null 引用实参。 [C:\001_AI\LudotsProd_issue709\src\Core\Ludots.Core.csproj]
C:\001_AI\LudotsProd_issue709\src\Core\Presentation\Config\MeshAssetConfigLoader.cs(192,49): warning CS8604: “PrefabPartGrounding MeshAssetConfigLoader.ParseGrounding(JsonNode node)”中的形参“node”可能传入 null 引用实参。 [C:\001_AI\LudotsProd_issue709\src\Core\Ludots.Core.csproj]
C:\001_AI\LudotsProd_issue709\src\Core\Presentation\Config\MeshAssetConfigLoader.cs(195,53): warning CS8604: “Vector2 MeshAssetConfigLoader.ParseVector2WithDefault(JsonNode node, Vector2 defaultValue)”中的形参“node”可能传入 null 引用实参。 [C:\001_AI\LudotsProd_issue709\src\Core\Ludots.Core.csproj]
C:\001_AI\LudotsProd_issue709\src\Core\Presentation\Config\MeshAssetConfigLoader.cs(196,55): warning CS8604: “Vector2 MeshAssetConfigLoader.ParseVector2WithDefault(JsonNode node, Vector2 defaultValue)”中的形参“node”可能传入 null 引用实参。 [C:\001_AI\LudotsProd_issue709\src\Core\Ludots.Core.csproj]
C:\001_AI\LudotsProd_issue709\src\Core\Presentation\Config\PresentationHostAssetConfigLoader.cs(81,53): warning CS8604: “string[] PresentationHostAssetConfigLoader.ParseSourceUris(JsonNode node, string rowId)”中的形参“node”可能传入 null 引用实参。 [C:\001_AI\LudotsProd_issue709\src\Core\Ludots.Core.csproj]
C:\001_AI\LudotsProd_issue709\src\Core\Presentation\Config\PresentationHostAssetConfigLoader.cs(96,84): warning CS8604: “string[] PresentationHostAssetConfigLoader.ParseSourceUris(JsonNode node, string rowId)”中的形参“node”可能传入 null 引用实参。 [C:\001_AI\LudotsProd_issue709\src\Core\Ludots.Core.csproj]
C:\001_AI\LudotsProd_issue709\src\Core\Gameplay\GAS\Config\AbilityExecLoader.cs(172,34): warning CS8600: 将 null 文本或可能的 null 值转换为不可为 null 类型。 [C:\001_AI\LudotsProd_issue709\src\Core\Ludots.Core.csproj]
C:\001_AI\LudotsProd_issue709\src\Core\Gameplay\GAS\Config\AbilityExecLoader.cs(190,43): warning CS8600: 将 null 文本或可能的 null 值转换为不可为 null 类型。 [C:\001_AI\LudotsProd_issue709\src\Core\Ludots.Core.csproj]
C:\001_AI\LudotsProd_issue709\src\Core\Engine\GameEngine.cs(2214,38): warning CS8625: 无法将 null 字面量转换为非 null 的引用类型。 [C:\001_AI\LudotsProd_issue709\src\Core\Ludots.Core.csproj]
C:\001_AI\LudotsProd_issue709\src\Core\Navigation\NavMesh\Bake\BakePipeline.cs(754,92): warning CS8604: “NavBakeArtifact.NavBakeArtifact(NavTileId tileId, uint tileVersion, NavBakeStage stage, NavBakeErrorCode errorCode, string message, int walkableTriangleCount, int vertexCount, int triangleCount, int portalCount, string[] debugLog = null)”中的形参“debugLog”可能传入 null 引用实参。 [C:\001_AI\LudotsProd_issue709\src\Core\Ludots.Core.csproj]
C:\001_AI\LudotsProd_issue709\src\Core\Engine\GameEngine.cs(2262,36): warning CS8600: 将 null 文本或可能的 null 值转换为不可为 null 类型。 [C:\001_AI\LudotsProd_issue709\src\Core\Ludots.Core.csproj]
C:\001_AI\LudotsProd_issue709\src\Core\Engine\GameEngine.cs(2263,27): warning CS8602: 解引用可能出现空引用。 [C:\001_AI\LudotsProd_issue709\src\Core\Ludots.Core.csproj]
C:\001_AI\LudotsProd_issue709\src\Core\Engine\GameEngine.cs(2263,71): warning CS8604: “MapSession MapSessionManager.CreateSession(MapId mapId, MapConfig mapConfig, MapContext parentContext = null)”中的形参“parentContext”可能传入 null 引用实参。 [C:\001_AI\LudotsProd_issue709\src\Core\Ludots.Core.csproj]
C:\001_AI\LudotsProd_issue709\src\Core\Engine\GameEngine.cs(2386,38): warning CS8625: 无法将 null 字面量转换为非 null 的引用类型。 [C:\001_AI\LudotsProd_issue709\src\Core\Ludots.Core.csproj]
C:\001_AI\LudotsProd_issue709\src\Core\Gameplay\GAS\Config\AbilityExecLoader.cs(385,31): warning CS8600: 将 null 文本或可能的 null 值转换为不可为 null 类型。 [C:\001_AI\LudotsProd_issue709\src\Core\Ludots.Core.csproj]
C:\001_AI\LudotsProd_issue709\src\Core\Gameplay\GAS\Config\AbilityExecLoader.cs(389,29): warning CS8600: 将 null 文本或可能的 null 值转换为不可为 null 类型。 [C:\001_AI\LudotsProd_issue709\src\Core\Ludots.Core.csproj]
C:\001_AI\LudotsProd_issue709\src\Core\Gameplay\GAS\Config\AbilityExecLoader.cs(393,34): warning CS8600: 将 null 文本或可能的 null 值转换为不可为 null 类型。 [C:\001_AI\LudotsProd_issue709\src\Core\Ludots.Core.csproj]
C:\001_AI\LudotsProd_issue709\src\Core\Presentation\Config\PerformerDefinitionConfigLoader.cs(498,56): warning CS8600: 将 null 文本或可能的 null 值转换为不可为 null 类型。 [C:\001_AI\LudotsProd_issue709\src\Core\Ludots.Core.csproj]
C:\001_AI\LudotsProd_issue709\src\Core\Presentation\Config\PerformerDefinitionConfigLoader.cs(504,87): warning CS8600: 将 null 文本或可能的 null 值转换为不可为 null 类型。 [C:\001_AI\LudotsProd_issue709\src\Core\Ludots.Core.csproj]
C:\001_AI\LudotsProd_issue709\src\Core\Engine\GameEngine.cs(2577,30): warning CS8625: 无法将 null 字面量转换为非 null 的引用类型。 [C:\001_AI\LudotsProd_issue709\src\Core\Ludots.Core.csproj]
C:\001_AI\LudotsProd_issue709\src\Core\Engine\GameEngine.cs(2608,25): warning CS8625: 无法将 null 字面量转换为非 null 的引用类型。 [C:\001_AI\LudotsProd_issue709\src\Core\Ludots.Core.csproj]
C:\001_AI\LudotsProd_issue709\src\Core\Engine\GameEngine.cs(2609,28): warning CS8625: 无法将 null 字面量转换为非 null 的引用类型。 [C:\001_AI\LudotsProd_issue709\src\Core\Ludots.Core.csproj]
C:\001_AI\LudotsProd_issue709\src\Core\Engine\GameEngine.cs(2618,39): warning CS8600: 将 null 文本或可能的 null 值转换为不可为 null 类型。 [C:\001_AI\LudotsProd_issue709\src\Core\Ludots.Core.csproj]
C:\001_AI\LudotsProd_issue709\src\Core\Engine\GameEngine.cs(2661,50): warning CS8603: 可能返回 null 引用。 [C:\001_AI\LudotsProd_issue709\src\Core\Ludots.Core.csproj]
C:\001_AI\LudotsProd_issue709\src\Core\Engine\GameEngine.cs(2669,20): warning CS8603: 可能返回 null 引用。 [C:\001_AI\LudotsProd_issue709\src\Core\Ludots.Core.csproj]
C:\001_AI\LudotsProd_issue709\src\Core\Engine\GameEngine.cs(2674,61): warning CS8603: 可能返回 null 引用。 [C:\001_AI\LudotsProd_issue709\src\Core\Ludots.Core.csproj]
C:\001_AI\LudotsProd_issue709\src\Core\Engine\GameEngine.cs(2695,29): warning CS8600: 将 null 文本或可能的 null 值转换为不可为 null 类型。 [C:\001_AI\LudotsProd_issue709\src\Core\Ludots.Core.csproj]
C:\001_AI\LudotsProd_issue709\src\Core\Engine\GameEngine.cs(2713,40): warning CS8603: 可能返回 null 引用。 [C:\001_AI\LudotsProd_issue709\src\Core\Ludots.Core.csproj]
C:\001_AI\LudotsProd_issue709\src\Core\Engine\GameEngine.cs(2722,24): warning CS8603: 可能返回 null 引用。 [C:\001_AI\LudotsProd_issue709\src\Core\Ludots.Core.csproj]
C:\001_AI\LudotsProd_issue709\src\Core\Engine\GameEngine.cs(2692,32): warning CS8603: 可能返回 null 引用。 [C:\001_AI\LudotsProd_issue709\src\Core\Ludots.Core.csproj]
C:\001_AI\LudotsProd_issue709\src\Core\Engine\GameEngine.cs(2741,39): warning CS8600: 将 null 文本或可能的 null 值转换为不可为 null 类型。 [C:\001_AI\LudotsProd_issue709\src\Core\Ludots.Core.csproj]
C:\001_AI\LudotsProd_issue709\src\Core\Engine\GameEngine.cs(2742,38): warning CS8604: “void List<Trigger>.Add(Trigger item)”中的形参“item”可能传入 null 引用实参。 [C:\001_AI\LudotsProd_issue709\src\Core\Ludots.Core.csproj]
C:\001_AI\LudotsProd_issue709\src\Core\Engine\GameEngine.cs(2761,43): warning CS8600: 将 null 文本或可能的 null 值转换为不可为 null 类型。 [C:\001_AI\LudotsProd_issue709\src\Core\Ludots.Core.csproj]
C:\001_AI\LudotsProd_issue709\src\Core\Engine\GameEngine.cs(2762,42): warning CS8604: “void List<Trigger>.Add(Trigger item)”中的形参“item”可能传入 null 引用实参。 [C:\001_AI\LudotsProd_issue709\src\Core\Ludots.Core.csproj]
C:\001_AI\LudotsProd_issue709\src\Core\Engine\GameEngine.cs(2801,20): warning CS8603: 可能返回 null 引用。 [C:\001_AI\LudotsProd_issue709\src\Core\Ludots.Core.csproj]
C:\001_AI\LudotsProd_issue709\src\Core\Presentation\Config\PerformerDefinitionConfigLoader.cs(924,51): warning CS8600: 将 null 文本或可能的 null 值转换为不可为 null 类型。 [C:\001_AI\LudotsProd_issue709\src\Core\Ludots.Core.csproj]
C:\001_AI\LudotsProd_issue709\src\Core\Presentation\Config\PerformerDefinitionConfigLoader.cs(963,29): warning CS8600: 将 null 文本或可能的 null 值转换为不可为 null 类型。 [C:\001_AI\LudotsProd_issue709\src\Core\Ludots.Core.csproj]
C:\001_AI\LudotsProd_issue709\src\Core\Presentation\Config\PerformerDefinitionConfigLoader.cs(1095,51): warning CS8600: 将 null 文本或可能的 null 值转换为不可为 null 类型。 [C:\001_AI\LudotsProd_issue709\src\Core\Ludots.Core.csproj]
C:\001_AI\LudotsProd_issue709\src\Core\Engine\GameEngine.cs(2942,53): warning CS8600: 将 null 文本或可能的 null 值转换为不可为 null 类型。 [C:\001_AI\LudotsProd_issue709\src\Core\Ludots.Core.csproj]
C:\001_AI\LudotsProd_issue709\src\Core\Engine\GameEngine.cs(2943,45): warning CS8600: 将 null 文本或可能的 null 值转换为不可为 null 类型。 [C:\001_AI\LudotsProd_issue709\src\Core\Ludots.Core.csproj]
C:\001_AI\LudotsProd_issue709\src\Core\Engine\GameEngine.cs(2951,40): warning CS8600: 将 null 文本或可能的 null 值转换为不可为 null 类型。 [C:\001_AI\LudotsProd_issue709\src\Core\Ludots.Core.csproj]
C:\001_AI\LudotsProd_issue709\src\Core\Engine\GameEngine.cs(2985,94): warning CS8604: “IPathService GameEngine.CreateDefaultNavMeshPathService(PathingConfig pathingConfig, NavQueryServiceRegistry navRegistry, NavMeshProfileRegistry navProfiles, AgentProfileRegistry agentProfiles, PathStore pathStore)”中的形参“navRegistry”可能传入 null 引用实参。 [C:\001_AI\LudotsProd_issue709\src\Core\Ludots.Core.csproj]
C:\001_AI\LudotsProd_issue709\src\Core\Engine\GameEngine.cs(2985,107): warning CS8604: “IPathService GameEngine.CreateDefaultNavMeshPathService(PathingConfig pathingConfig, NavQueryServiceRegistry navRegistry, NavMeshProfileRegistry navProfiles, AgentProfileRegistry agentProfiles, PathStore pathStore)”中的形参“navProfiles”可能传入 null 引用实参。 [C:\001_AI\LudotsProd_issue709\src\Core\Ludots.Core.csproj]
C:\001_AI\LudotsProd_issue709\src\Core\Engine\GameEngine.cs(2989,57): warning CS8604: “PathServiceRouter.PathServiceRouter(IPathService nodeGraph, IPathService navMesh, IPathService auto, PathStore store)”中的形参“nodeGraph”可能传入 null 引用实参。 [C:\001_AI\LudotsProd_issue709\src\Core\Ludots.Core.csproj]
C:\001_AI\LudotsProd_issue709\src\Core\Presentation\Config\PerformerDefinitionConfigLoader.cs(1148,51): warning CS8600: 将 null 文本或可能的 null 值转换为不可为 null 类型。 [C:\001_AI\LudotsProd_issue709\src\Core\Ludots.Core.csproj]
C:\001_AI\LudotsProd_issue709\src\Core\Engine\GameEngine.cs(3174,32): warning CS8600: 将 null 文本或可能的 null 值转换为不可为 null 类型。 [C:\001_AI\LudotsProd_issue709\src\Core\Ludots.Core.csproj]
C:\001_AI\LudotsProd_issue709\src\Core\Engine\GameEngine.cs(3180,31): warning CS8600: 将 null 文本或可能的 null 值转换为不可为 null 类型。 [C:\001_AI\LudotsProd_issue709\src\Core\Ludots.Core.csproj]
C:\001_AI\LudotsProd_issue709\src\Core\Engine\GameEngine.cs(3194,23): warning CS8601: 可能的 null 引用赋值。 [C:\001_AI\LudotsProd_issue709\src\Core\Ludots.Core.csproj]
C:\001_AI\LudotsProd_issue709\src\Core\Engine\GameEngine.cs(3202,19): warning CS8625: 无法将 null 字面量转换为非 null 的引用类型。 [C:\001_AI\LudotsProd_issue709\src\Core\Ludots.Core.csproj]
C:\001_AI\LudotsProd_issue709\src\Core\Engine\GameEngine.cs(3242,28): warning CS8600: 将 null 文本或可能的 null 值转换为不可为 null 类型。 [C:\001_AI\LudotsProd_issue709\src\Core\Ludots.Core.csproj]
C:\001_AI\LudotsProd_issue709\src\Core\Engine\GameEngine.cs(3458,33): warning CS8625: 无法将 null 字面量转换为非 null 的引用类型。 [C:\001_AI\LudotsProd_issue709\src\Core\Ludots.Core.csproj]
C:\001_AI\LudotsProd_issue709\src\Core\Engine\GameEngine.cs(3465,25): warning CS8625: 无法将 null 字面量转换为非 null 的引用类型。 [C:\001_AI\LudotsProd_issue709\src\Core\Ludots.Core.csproj]
C:\001_AI\LudotsProd_issue709\src\Core\Engine\GameEngine.cs(3474,35): warning CS8625: 无法将 null 字面量转换为非 null 的引用类型。 [C:\001_AI\LudotsProd_issue709\src\Core\Ludots.Core.csproj]
C:\001_AI\LudotsProd_issue709\src\Core\Engine\GameEngine.cs(3475,36): warning CS8625: 无法将 null 字面量转换为非 null 的引用类型。 [C:\001_AI\LudotsProd_issue709\src\Core\Ludots.Core.csproj]
C:\001_AI\LudotsProd_issue709\src\Core\Engine\GameEngine.cs(3476,37): warning CS8625: 无法将 null 字面量转换为非 null 的引用类型。 [C:\001_AI\LudotsProd_issue709\src\Core\Ludots.Core.csproj]
C:\001_AI\LudotsProd_issue709\src\Core\Engine\GameEngine.cs(3477,34): warning CS8625: 无法将 null 字面量转换为非 null 的引用类型。 [C:\001_AI\LudotsProd_issue709\src\Core\Ludots.Core.csproj]
C:\001_AI\LudotsProd_issue709\src\Core\Engine\GameEngine.cs(3478,41): warning CS8625: 无法将 null 字面量转换为非 null 的引用类型。 [C:\001_AI\LudotsProd_issue709\src\Core\Ludots.Core.csproj]
C:\001_AI\LudotsProd_issue709\src\Core\Engine\GameEngine.cs(3479,42): warning CS8625: 无法将 null 字面量转换为非 null 的引用类型。 [C:\001_AI\LudotsProd_issue709\src\Core\Ludots.Core.csproj]
C:\001_AI\LudotsProd_issue709\src\Core\Engine\GameEngine.cs(3480,40): warning CS8625: 无法将 null 字面量转换为非 null 的引用类型。 [C:\001_AI\LudotsProd_issue709\src\Core\Ludots.Core.csproj]
C:\001_AI\LudotsProd_issue709\src\Core\Engine\GameEngine.cs(3481,35): warning CS8625: 无法将 null 字面量转换为非 null 的引用类型。 [C:\001_AI\LudotsProd_issue709\src\Core\Ludots.Core.csproj]
C:\001_AI\LudotsProd_issue709\src\Core\Engine\GameEngine.cs(3482,44): warning CS8625: 无法将 null 字面量转换为非 null 的引用类型。 [C:\001_AI\LudotsProd_issue709\src\Core\Ludots.Core.csproj]
C:\001_AI\LudotsProd_issue709\src\Core\Engine\GameEngine.cs(3483,46): warning CS8625: 无法将 null 字面量转换为非 null 的引用类型。 [C:\001_AI\LudotsProd_issue709\src\Core\Ludots.Core.csproj]
C:\001_AI\LudotsProd_issue709\src\Core\Engine\GameEngine.cs(3484,38): warning CS8625: 无法将 null 字面量转换为非 null 的引用类型。 [C:\001_AI\LudotsProd_issue709\src\Core\Ludots.Core.csproj]
C:\001_AI\LudotsProd_issue709\src\Core\Engine\GameEngine.cs(3485,36): warning CS8625: 无法将 null 字面量转换为非 null 的引用类型。 [C:\001_AI\LudotsProd_issue709\src\Core\Ludots.Core.csproj]
C:\001_AI\LudotsProd_issue709\src\Core\Engine\GameEngine.cs(3486,33): warning CS8625: 无法将 null 字面量转换为非 null 的引用类型。 [C:\001_AI\LudotsProd_issue709\src\Core\Ludots.Core.csproj]
C:\001_AI\LudotsProd_issue709\src\Core\Engine\GameEngine.cs(3487,31): warning CS8625: 无法将 null 字面量转换为非 null 的引用类型。 [C:\001_AI\LudotsProd_issue709\src\Core\Ludots.Core.csproj]
C:\001_AI\LudotsProd_issue709\src\Core\Engine\GameEngine.cs(3488,36): warning CS8625: 无法将 null 字面量转换为非 null 的引用类型。 [C:\001_AI\LudotsProd_issue709\src\Core\Ludots.Core.csproj]
C:\001_AI\LudotsProd_issue709\src\Core\Engine\GameEngine.cs(3489,30): warning CS8625: 无法将 null 字面量转换为非 null 的引用类型。 [C:\001_AI\LudotsProd_issue709\src\Core\Ludots.Core.csproj]
C:\001_AI\LudotsProd_issue709\src\Core\Engine\GameEngine.cs(3490,25): warning CS8625: 无法将 null 字面量转换为非 null 的引用类型。 [C:\001_AI\LudotsProd_issue709\src\Core\Ludots.Core.csproj]
C:\001_AI\LudotsProd_issue709\src\Core\Engine\GameEngine.cs(3491,38): warning CS8625: 无法将 null 字面量转换为非 null 的引用类型。 [C:\001_AI\LudotsProd_issue709\src\Core\Ludots.Core.csproj]
C:\001_AI\LudotsProd_issue709\src\Core\Engine\GameEngine.cs(3492,45): warning CS8625: 无法将 null 字面量转换为非 null 的引用类型。 [C:\001_AI\LudotsProd_issue709\src\Core\Ludots.Core.csproj]
C:\001_AI\LudotsProd_issue709\src\Core\Engine\GameEngine.cs(3493,28): warning CS8625: 无法将 null 字面量转换为非 null 的引用类型。 [C:\001_AI\LudotsProd_issue709\src\Core\Ludots.Core.csproj]
C:\001_AI\LudotsProd_issue709\src\Core\Engine\GameEngine.cs(3494,30): warning CS8625: 无法将 null 字面量转换为非 null 的引用类型。 [C:\001_AI\LudotsProd_issue709\src\Core\Ludots.Core.csproj]
C:\001_AI\LudotsProd_issue709\src\Core\Engine\GameEngine.cs(3495,29): warning CS8625: 无法将 null 字面量转换为非 null 的引用类型。 [C:\001_AI\LudotsProd_issue709\src\Core\Ludots.Core.csproj]
C:\001_AI\LudotsProd_issue709\src\Core\Engine\GameEngine.cs(3660,21): warning CS8604: “void InstancedBatchCapabilityValidator.Validate(InstancedBatchRequestBuffer requests, InstancedBatchOperationBuffer operations, PresentationAdapterCapabilities? capabilities)”中的形参“requests”可能传入 null 引用实参。 [C:\001_AI\LudotsProd_issue709\src\Core\Ludots.Core.csproj]
C:\001_AI\LudotsProd_issue709\src\Core\Engine\GameEngine.cs(3661,21): warning CS8604: “void InstancedBatchCapabilityValidator.Validate(InstancedBatchRequestBuffer requests, InstancedBatchOperationBuffer operations, PresentationAdapterCapabilities? capabilities)”中的形参“operations”可能传入 null 引用实参。 [C:\001_AI\LudotsProd_issue709\src\Core\Ludots.Core.csproj]
C:\001_AI\LudotsProd_issue709\src\Core\Engine\GameEngine.MapLoadLifecycle.cs(109,82): warning CS8604: “MapFeatureFlags MapFeatureFlags.FromTags(IReadOnlyList<string> tags)”中的形参“tags”可能传入 null 引用实参。 [C:\001_AI\LudotsProd_issue709\src\Core\Ludots.Core.csproj]
C:\001_AI\LudotsProd_issue709\src\Core\Engine\GameEngine.MapLoadLifecycle.cs(205,79): warning CS8604: “MapFeatureFlags MapFeatureFlags.FromTags(IReadOnlyList<string> tags)”中的形参“tags”可能传入 null 引用实参。 [C:\001_AI\LudotsProd_issue709\src\Core\Ludots.Core.csproj]
C:\001_AI\LudotsProd_issue709\src\Core\Gameplay\GAS\ExtensionAttributeRegistry.cs(66,50): warning CS8601: 可能的 null 引用赋值。 [C:\001_AI\LudotsProd_issue709\src\Core\Ludots.Core.csproj]
C:\001_AI\LudotsProd_issue709\src\Core\Gameplay\GAS\GasController.cs(113,50): warning CS0162: 检测到无法访问的代码 [C:\001_AI\LudotsProd_issue709\src\Core\Ludots.Core.csproj]
C:\001_AI\LudotsProd_issue709\src\Core\Gameplay\GAS\EffectTemplateRegistry.cs(385,64): warning CS8618: 在退出构造函数时，不可为 null 的 字段 "_conflictReport" 必须包含非 null 值。请考虑添加 "required" 修饰符或将该 字段 声明为可为 null。 [C:\001_AI\LudotsProd_issue709\src\Core\Ludots.Core.csproj]
C:\001_AI\LudotsProd_issue709\src\Core\MassNavigation\Runtime\MassNavigationConfig.cs(585,20): warning CS8603: 可能返回 null 引用。 [C:\001_AI\LudotsProd_issue709\src\Core\Ludots.Core.csproj]
C:\001_AI\LudotsProd_issue709\src\Core\Gameplay\GAS\Orders\OrderTypeConfigLoader.cs(77,46): warning CS8604: “void OrderTypeConfigLoader.RegisterConfiguredBlackboardKeys(IReadOnlyDictionary<string, JsonNode?> configuredKeys, string path)”中的形参“configuredKeys”可能传入 null 引用实参。 [C:\001_AI\LudotsProd_issue709\src\Core\Ludots.Core.csproj]
C:\001_AI\LudotsProd_issue709\src\Core\Gameplay\GAS\Config\EffectTemplateLoader.cs(307,58): warning CS8604: “GasConditionHandle EffectTemplateLoader.CompileExpireCondition(ExpireConditionConfig cfg, string effectId, string path)”中的形参“cfg”可能传入 null 引用实参。 [C:\001_AI\LudotsProd_issue709\src\Core\Ludots.Core.csproj]
C:\001_AI\LudotsProd_issue709\src\Core\Gameplay\GAS\Config\EffectTemplateLoader.cs(308,50): warning CS8604: “EffectGrantedTags EffectTemplateLoader.CompileGrantedTags(List<GrantedTagConfig> cfgs, string effectId, string path)”中的形参“cfgs”可能传入 null 引用实参。 [C:\001_AI\LudotsProd_issue709\src\Core\Ludots.Core.csproj]
C:\001_AI\LudotsProd_issue709\src\Core\Gameplay\GAS\Config\EffectTemplateLoader.cs(309,32): warning CS8604: “void EffectTemplateLoader.CompileStackConfig(StackConfig cfg, string effectId, string path, out bool hasStackPolicy, out StackPolicy stackPolicy, out StackOverflowPolicy stackOverflowPolicy, out int stackLimit)”中的形参“cfg”可能传入 null 引用实参。 [C:\001_AI\LudotsProd_issue709\src\Core\Ludots.Core.csproj]
C:\001_AI\LudotsProd_issue709\src\Core\Gameplay\GAS\Config\EffectTemplateLoader.cs(313,48): warning CS8604: “ProjectileDescriptor EffectTemplateLoader.CompileProjectile(ProjectileConfig cfg, string ownerId, string relativePath)”中的形参“cfg”可能传入 null 引用实参。 [C:\001_AI\LudotsProd_issue709\src\Core\Ludots.Core.csproj]
C:\001_AI\LudotsProd_issue709\src\Core\Gameplay\GAS\Config\EffectTemplateLoader.cs(314,52): warning CS8604: “UnitCreationDescriptor EffectTemplateLoader.CompileUnitCreation(UnitCreationConfig cfg, string ownerId, string relativePath)”中的形参“cfg”可能传入 null 引用实参。 [C:\001_AI\LudotsProd_issue709\src\Core\Ludots.Core.csproj]
C:\001_AI\LudotsProd_issue709\src\Core\Gameplay\GAS\Config\EffectTemplateLoader.cs(315,52): warning CS8604: “DisplacementDescriptor EffectTemplateLoader.CompileDisplacement(DisplacementConfig cfg, string ownerId, string relativePath)”中的形参“cfg”可能传入 null 引用实参。 [C:\001_AI\LudotsProd_issue709\src\Core\Ludots.Core.csproj]
C:\001_AI\LudotsProd_issue709\src\Core\Gameplay\GAS\Config\EffectTemplateLoader.cs(316,44): warning CS8604: “RelationDescriptor EffectTemplateLoader.CompileRelation(RelationConfig cfg, string ownerId, string relativePath)”中的形参“cfg”可能传入 null 引用实参。 [C:\001_AI\LudotsProd_issue709\src\Core\Ludots.Core.csproj]
C:\001_AI\LudotsProd_issue709\src\Core\Engine\GameEngine.MapLoadLifecycle.cs(314,69): warning CS8600: 将 null 文本或可能的 null 值转换为不可为 null 类型。 [C:\001_AI\LudotsProd_issue709\src\Core\Ludots.Core.csproj]
C:\001_AI\LudotsProd_issue709\src\Core\Engine\GameEngine.MapLoadLifecycle.cs(325,42): warning CS8600: 将 null 文本或可能的 null 值转换为不可为 null 类型。 [C:\001_AI\LudotsProd_issue709\src\Core\Ludots.Core.csproj]
C:\001_AI\LudotsProd_issue709\src\Core\Engine\GameEngine.MapLoadLifecycle.cs(361,67): warning CS8600: 将 null 文本或可能的 null 值转换为不可为 null 类型。 [C:\001_AI\LudotsProd_issue709\src\Core\Ludots.Core.csproj]
C:\001_AI\LudotsProd_issue709\src\Core\Engine\GameEngine.MapLoadLifecycle.cs(372,38): warning CS8600: 将 null 文本或可能的 null 值转换为不可为 null 类型。 [C:\001_AI\LudotsProd_issue709\src\Core\Ludots.Core.csproj]
C:\001_AI\LudotsProd_issue709\src\Core\Gameplay\GAS\Orders\OrderTypeConfigLoader.cs(94,46): warning CS8604: “void OrderTypeConfigLoader.RegisterConfiguredBlackboardKeys(IReadOnlyDictionary<string, JsonNode?> configuredKeys, string path)”中的形参“configuredKeys”可能传入 null 引用实参。 [C:\001_AI\LudotsProd_issue709\src\Core\Ludots.Core.csproj]
C:\001_AI\LudotsProd_issue709\src\Core\Gameplay\GAS\Orders\OrderTypeConfigLoader.cs(97,88): warning CS8604: “List<KeyValuePair<string, OrderTypeConfigJson>>.List(IEnumerable<KeyValuePair<string, OrderTypeConfigJson>> collection)”中的形参“collection”可能传入 null 引用实参。 [C:\001_AI\LudotsProd_issue709\src\Core\Ludots.Core.csproj]
C:\001_AI\LudotsProd_issue709\src\Core\Gameplay\GAS\Orders\OrderTypeConfigLoader.cs(125,33): warning CS8602: 解引用可能出现空引用。 [C:\001_AI\LudotsProd_issue709\src\Core\Ludots.Core.csproj]
C:\001_AI\LudotsProd_issue709\src\Core\Navigation\NavMesh\Bake\GridMeshBuilder.cs(43,21): warning CS8625: 无法将 null 字面量转换为非 null 的引用类型。 [C:\001_AI\LudotsProd_issue709\src\Core\Ludots.Core.csproj]
C:\001_AI\LudotsProd_issue709\src\Core\Engine\GameEngine.MapLoadLifecycle.cs(472,87): warning CS8600: 将 null 文本或可能的 null 值转换为不可为 null 类型。 [C:\001_AI\LudotsProd_issue709\src\Core\Ludots.Core.csproj]
C:\001_AI\LudotsProd_issue709\src\Core\Engine\GameEngine.MapLoadLifecycle.cs(482,83): warning CS8600: 将 null 文本或可能的 null 值转换为不可为 null 类型。 [C:\001_AI\LudotsProd_issue709\src\Core\Ludots.Core.csproj]
C:\001_AI\LudotsProd_issue709\src\Core\Engine\GameEngine.MapLoadLifecycle.cs(520,58): warning CS8600: 将 null 文本或可能的 null 值转换为不可为 null 类型。 [C:\001_AI\LudotsProd_issue709\src\Core\Ludots.Core.csproj]
C:\001_AI\LudotsProd_issue709\src\Core\Presentation\Config\PerformerDefinitionConfigLoader.cs(2225,51): warning CS8600: 将 null 文本或可能的 null 值转换为不可为 null 类型。 [C:\001_AI\LudotsProd_issue709\src\Core\Ludots.Core.csproj]
C:\001_AI\LudotsProd_issue709\src\Core\Navigation\NavMesh\Bake\NavBakeService.cs(178,65): warning CS8600: 将 null 文本或可能的 null 值转换为不可为 null 类型。 [C:\001_AI\LudotsProd_issue709\src\Core\Ludots.Core.csproj]
C:\001_AI\LudotsProd_issue709\src\Core\Engine\GameEngine.MapLoadLifecycle.cs(544,60): warning CS8600: 将 null 文本或可能的 null 值转换为不可为 null 类型。 [C:\001_AI\LudotsProd_issue709\src\Core\Ludots.Core.csproj]
C:\001_AI\LudotsProd_issue709\src\Core\Presentation\Config\PerformerDefinitionConfigLoader.cs(2258,51): warning CS8600: 将 null 文本或可能的 null 值转换为不可为 null 类型。 [C:\001_AI\LudotsProd_issue709\src\Core\Ludots.Core.csproj]
C:\001_AI\LudotsProd_issue709\src\Core\Presentation\Config\PerformerDefinitionConfigLoader.cs(2288,51): warning CS8600: 将 null 文本或可能的 null 值转换为不可为 null 类型。 [C:\001_AI\LudotsProd_issue709\src\Core\Ludots.Core.csproj]
C:\001_AI\LudotsProd_issue709\src\Core\Engine\GameEngine.cs(162,38): warning CS8618: 在退出构造函数时，不可为 null 的 字段 "_effectTemplateLoader" 必须包含非 null 值。请考虑添加 "required" 修饰符或将该 字段 声明为可为 null。 [C:\001_AI\LudotsProd_issue709\src\Core\Ludots.Core.csproj]
C:\001_AI\LudotsProd_issue709\src\Core\Engine\GameEngine.cs(163,40): warning CS8618: 在退出构造函数时，不可为 null 的 字段 "_cooperativeSimulation" 必须包含非 null 值。请考虑添加 "required" 修饰符或将该 字段 声明为可为 null。 [C:\001_AI\LudotsProd_issue709\src\Core\Ludots.Core.csproj]
C:\001_AI\LudotsProd_issue709\src\Core\Engine\GameEngine.cs(173,35): warning CS8618: 在退出构造函数时，不可为 null 的 属性 "VFS" 必须包含非 null 值。请考虑添加 "required" 修饰符或将该 属性 声明为可为 null。 [C:\001_AI\LudotsProd_issue709\src\Core\Ludots.Core.csproj]
C:\001_AI\LudotsProd_issue709\src\Core\Engine\GameEngine.cs(174,33): warning CS8618: 在退出构造函数时，不可为 null 的 属性 "FunctionRegistry" 必须包含非 null 值。请考虑添加 "required" 修饰符或将该 属性 声明为可为 null。 [C:\001_AI\LudotsProd_issue709\src\Core\Ludots.Core.csproj]
C:\001_AI\LudotsProd_issue709\src\Core\Engine\GameEngine.cs(175,31): warning CS8618: 在退出构造函数时，不可为 null 的 属性 "TriggerManager" 必须包含非 null 值。请考虑添加 "required" 修饰符或将该 属性 声明为可为 null。 [C:\001_AI\LudotsProd_issue709\src\Core\Ludots.Core.csproj]
C:\001_AI\LudotsProd_issue709\src\Core\Engine\GameEngine.cs(176,26): warning CS8618: 在退出构造函数时，不可为 null 的 属性 "ModLoader" 必须包含非 null 值。请考虑添加 "required" 修饰符或将该 属性 声明为可为 null。 [C:\001_AI\LudotsProd_issue709\src\Core\Ludots.Core.csproj]
C:\001_AI\LudotsProd_issue709\src\Core\Engine\GameEngine.cs(177,28): warning CS8618: 在退出构造函数时，不可为 null 的 属性 "MapManager" 必须包含非 null 值。请考虑添加 "required" 修饰符或将该 属性 声明为可为 null。 [C:\001_AI\LudotsProd_issue709\src\Core\Ludots.Core.csproj]
C:\001_AI\LudotsProd_issue709\src\Core\Engine\GameEngine.cs(178,31): warning CS8618: 在退出构造函数时，不可为 null 的 属性 "ConfigPipeline" 必须包含非 null 值。请考虑添加 "required" 修饰符或将该 属性 声明为可为 null。 [C:\001_AI\LudotsProd_issue709\src\Core\Ludots.Core.csproj]
C:\001_AI\LudotsProd_issue709\src\Core\Engine\GameEngine.cs(179,26): warning CS8618: 在退出构造函数时，不可为 null 的 属性 "MapLoader" 必须包含非 null 值。请考虑添加 "required" 修饰符或将该 属性 声明为可为 null。 [C:\001_AI\LudotsProd_issue709\src\Core\Ludots.Core.csproj]
C:\001_AI\LudotsProd_issue709\src\Core\Engine\GameEngine.cs(180,38): warning CS8618: 在退出构造函数时，不可为 null 的 属性 "SystemFactoryRegistry" 必须包含非 null 值。请考虑添加 "required" 修饰符或将该 属性 声明为可为 null。 [C:\001_AI\LudotsProd_issue709\src\Core\Ludots.Core.csproj]
C:\001_AI\LudotsProd_issue709\src\Core\Engine\GameEngine.cs(181,41): warning CS8618: 在退出构造函数时，不可为 null 的 属性 "TriggerDecoratorRegistry" 必须包含非 null 值。请考虑添加 "required" 修饰符或将该 属性 声明为可为 null。 [C:\001_AI\LudotsProd_issue709\src\Core\Ludots.Core.csproj]
C:\001_AI\LudotsProd_issue709\src\Core\Engine\GameEngine.cs(184,22): warning CS8618: 在退出构造函数时，不可为 null 的 属性 "World" 必须包含非 null 值。请考虑添加 "required" 修饰符或将该 属性 声明为可为 null。 [C:\001_AI\LudotsProd_issue709\src\Core\Ludots.Core.csproj]
C:\001_AI\LudotsProd_issue709\src\Core\Engine\GameEngine.cs(185,25): warning CS8618: 在退出构造函数时，不可为 null 的 属性 "WorldMap" 必须包含非 null 值。请考虑添加 "required" 修饰符或将该 属性 声明为可为 null。 [C:\001_AI\LudotsProd_issue709\src\Core\Ludots.Core.csproj]
C:\001_AI\LudotsProd_issue709\src\Core\Engine\GameEngine.cs(186,26): warning CS8618: 在退出构造函数时，不可为 null 的 属性 "VertexMap" 必须包含非 null 值。请考虑添加 "required" 修饰符或将该 属性 声明为可为 null。 [C:\001_AI\LudotsProd_issue709\src\Core\Ludots.Core.csproj]
C:\001_AI\LudotsProd_issue709\src\Core\Engine\GameEngine.cs(187,34): warning CS8618: 在退出构造函数时，不可为 null 的 属性 "LogicTerrain" 必须包含非 null 值。请考虑添加 "required" 修饰符或将该 属性 声明为可为 null。 [C:\001_AI\LudotsProd_issue709\src\Core\Ludots.Core.csproj]
C:\001_AI\LudotsProd_issue709\src\Core\Engine\GameEngine.cs(188,29): warning CS8618: 在退出构造函数时，不可为 null 的 属性 "PhysicsWorld" 必须包含非 null 值。请考虑添加 "required" 修饰符或将该 属性 声明为可为 null。 [C:\001_AI\LudotsProd_issue709\src\Core\Ludots.Core.csproj]
C:\001_AI\LudotsProd_issue709\src\Core\Engine\GameEngine.cs(189,28): warning CS8618: 在退出构造函数时，不可为 null 的 属性 "GameSession" 必须包含非 null 值。请考虑添加 "required" 修饰符或将该 属性 声明为可为 null。 [C:\001_AI\LudotsProd_issue709\src\Core\Ludots.Core.csproj]
C:\001_AI\LudotsProd_issue709\src\Core\Engine\GameEngine.cs(191,44): warning CS8618: 在退出构造函数时，不可为 null 的 属性 "SpatialCoords" 必须包含非 null 值。请考虑添加 "required" 修饰符或将该 属性 声明为可为 null。 [C:\001_AI\LudotsProd_issue709\src\Core\Ludots.Core.csproj]
C:\001_AI\LudotsProd_issue709\src\Core\Engine\GameEngine.cs(192,37): warning CS8618: 在退出构造函数时，不可为 null 的 属性 "SpatialQueries" 必须包含非 null 值。请考虑添加 "required" 修饰符或将该 属性 声明为可为 null。 [C:\001_AI\LudotsProd_issue709\src\Core\Ludots.Core.csproj]
C:\001_AI\LudotsProd_issue709\src\Core\Engine\GameEngine.cs(195,34): warning CS8618: 在退出构造函数时，不可为 null 的 属性 "MapSessions" 必须包含非 null 值。请考虑添加 "required" 修饰符或将该 属性 声明为可为 null。 [C:\001_AI\LudotsProd_issue709\src\Core\Ludots.Core.csproj]
C:\001_AI\LudotsProd_issue709\src\Core\Engine\GameEngine.cs(196,32): warning CS8618: 在退出构造函数时，不可为 null 的 属性 "BoardIdRegistry" 必须包含非 null 值。请考虑添加 "required" 修饰符或将该 属性 声明为可为 null。 [C:\001_AI\LudotsProd_issue709\src\Core\Ludots.Core.csproj]
C:\001_AI\LudotsProd_issue709\src\Core\Engine\GameEngine.cs(198,50): warning CS8618: 在退出构造函数时，不可为 null 的 字段 "_spatialPartition" 必须包含非 null 值。请考虑添加 "required" 修饰符或将该 字段 声明为可为 null。 [C:\001_AI\LudotsProd_issue709\src\Core\Ludots.Core.csproj]
C:\001_AI\LudotsProd_issue709\src\Core\Engine\GameEngine.cs(199,27): warning CS8618: 在退出构造函数时，不可为 null 的 属性 "HexGridAOI" 必须包含非 null 值。请考虑添加 "required" 修饰符或将该 属性 声明为可为 null。 [C:\001_AI\LudotsProd_issue709\src\Core\Ludots.Core.csproj]
C:\001_AI\LudotsProd_issue709\src\Core\Engine\GameEngine.cs(203,33): warning CS8618: 在退出构造函数时，不可为 null 的 属性 "EventBus" 必须包含非 null 值。请考虑添加 "required" 修饰符或将该 属性 声明为可为 null。 [C:\001_AI\LudotsProd_issue709\src\Core\Ludots.Core.csproj]
C:\001_AI\LudotsProd_issue709\src\Core\Engine\GameEngine.cs(230,43): warning CS8618: 在退出构造函数时，不可为 null 的 属性 "SyncContext" 必须包含非 null 值。请考虑添加 "required" 修饰符或将该 属性 声明为可为 null。 [C:\001_AI\LudotsProd_issue709\src\Core\Ludots.Core.csproj]
C:\001_AI\LudotsProd_issue709\src\Core\Engine\GameEngine.cs(235,32): warning CS8618: 在退出构造函数时，不可为 null 的 字段 "_inputRuntimeSystem" 必须包含非 null 值。请考虑添加 "required" 修饰符或将该 字段 声明为可为 null。 [C:\001_AI\LudotsProd_issue709\src\Core\Ludots.Core.csproj]
C:\001_AI\LudotsProd_issue709\src\Core\Engine\GameEngine.cs(236,72): warning CS8618: 在退出构造函数时，不可为 null 的 字段 "_primitiveDrawBuffer" 必须包含非 null 值。请考虑添加 "required" 修饰符或将该 字段 声明为可为 null。 [C:\001_AI\LudotsProd_issue709\src\Core\Ludots.Core.csproj]
C:\001_AI\LudotsProd_issue709\src\Core\Engine\GameEngine.cs(237,72): warning CS8618: 在退出构造函数时，不可为 null 的 字段 "_visualSnapshotBuffer" 必须包含非 null 值。请考虑添加 "required" 修饰符或将该 字段 声明为可为 null。 [C:\001_AI\LudotsProd_issue709\src\Core\Ludots.Core.csproj]
C:\001_AI\LudotsProd_issue709\src\Core\Engine\GameEngine.cs(238,82): warning CS8618: 在退出构造函数时，不可为 null 的 字段 "_visualProxyBuffer" 必须包含非 null 值。请考虑添加 "required" 修饰符或将该 字段 声明为可为 null。 [C:\001_AI\LudotsProd_issue709\src\Core\Ludots.Core.csproj]
C:\001_AI\LudotsProd_issue709\src\Core\Engine\GameEngine.cs(239,77): warning CS8618: 在退出构造函数时，不可为 null 的 字段 "_skinnedVisualBatchBuffer" 必须包含非 null 值。请考虑添加 "required" 修饰符或将该 字段 声明为可为 null。 [C:\001_AI\LudotsProd_issue709\src\Core\Ludots.Core.csproj]
C:\001_AI\LudotsProd_issue709\src\Core\Engine\GameEngine.cs(240,77): warning CS8618: 在退出构造函数时，不可为 null 的 字段 "_presentationRequestBuffer" 必须包含非 null 值。请考虑添加 "required" 修饰符或将该 字段 声明为可为 null。 [C:\001_AI\LudotsProd_issue709\src\Core\Ludots.Core.csproj]
C:\001_AI\LudotsProd_issue709\src\Core\Engine\GameEngine.cs(241,76): warning CS8618: 在退出构造函数时，不可为 null 的 字段 "_globalFieldVisualBuffer" 必须包含非 null 值。请考虑添加 "required" 修饰符或将该 字段 声明为可为 null。 [C:\001_AI\LudotsProd_issue709\src\Core\Ludots.Core.csproj]
C:\001_AI\LudotsProd_issue709\src\Core\Engine\GameEngine.cs(242,70): warning CS8618: 在退出构造函数时，不可为 null 的 字段 "_soundRequestBuffer" 必须包含非 null 值。请考虑添加 "required" 修饰符或将该 字段 声明为可为 null。 [C:\001_AI\LudotsProd_issue709\src\Core\Ludots.Core.csproj]
C:\001_AI\LudotsProd_issue709\src\Core\Engine\GameEngine.cs(243,81): warning CS8618: 在退出构造函数时，不可为 null 的 字段 "_instancedBatchRequestBuffer" 必须包含非 null 值。请考虑添加 "required" 修饰符或将该 字段 声明为可为 null。 [C:\001_AI\LudotsProd_issue709\src\Core\Ludots.Core.csproj]
C:\001_AI\LudotsProd_issue709\src\Core\Engine\GameEngine.cs(244,83): warning CS8618: 在退出构造函数时，不可为 null 的 字段 "_instancedBatchOperationBuffer" 必须包含非 null 值。请考虑添加 "required" 修饰符或将该 字段 声明为可为 null。 [C:\001_AI\LudotsProd_issue709\src\Core\Ludots.Core.csproj]
C:\001_AI\LudotsProd_issue709\src\Core\Engine\GameEngine.cs(245,44): warning CS8618: 在退出构造函数时，不可为 null 的 字段 "_gasPresentationEvents" 必须包含非 null 值。请考虑添加 "required" 修饰符或将该 字段 声明为可为 null。 [C:\001_AI\LudotsProd_issue709\src\Core\Ludots.Core.csproj]
C:\001_AI\LudotsProd_issue709\src\Core\Engine\GameEngine.cs(246,36): warning CS8618: 在退出构造函数时，不可为 null 的 字段 "_gasGraphRuntimeApi" 必须包含非 null 值。请考虑添加 "required" 修饰符或将该 字段 声明为可为 null。 [C:\001_AI\LudotsProd_issue709\src\Core\Ludots.Core.csproj]
C:\001_AI\LudotsProd_issue709\src\Core\Engine\GameEngine.cs(247,72): warning CS8618: 在退出构造函数时，不可为 null 的 字段 "_groundOverlayBuffer" 必须包含非 null 值。请考虑添加 "required" 修饰符或将该 字段 声明为可为 null。 [C:\001_AI\LudotsProd_issue709\src\Core\Ludots.Core.csproj]
C:\001_AI\LudotsProd_issue709\src\Core\Engine\GameEngine.cs(248,69): warning CS8618: 在退出构造函数时，不可为 null 的 字段 "_roadSplineBuffer" 必须包含非 null 值。请考虑添加 "required" 修饰符或将该 字段 声明为可为 null。 [C:\001_AI\LudotsProd_issue709\src\Core\Ludots.Core.csproj]
C:\001_AI\LudotsProd_issue709\src\Core\Engine\GameEngine.cs(249,66): warning CS8618: 在退出构造函数时，不可为 null 的 字段 "_worldHudBuffer" 必须包含非 null 值。请考虑添加 "required" 修饰符或将该 字段 声明为可为 null。 [C:\001_AI\LudotsProd_issue709\src\Core\Ludots.Core.csproj]
C:\001_AI\LudotsProd_issue709\src\Core\Engine\GameEngine.cs(250,37): warning CS8618: 在退出构造函数时，不可为 null 的 字段 "_physics2DController" 必须包含非 null 值。请考虑添加 "required" 修饰符或将该 字段 声明为可为 null。 [C:\001_AI\LudotsProd_issue709\src\Core\Ludots.Core.csproj]
C:\001_AI\LudotsProd_issue709\src\Core\Engine\GameEngine.cs(251,56): warning CS8618: 在退出构造函数时，不可为 null 的 字段 "_gasController" 必须包含非 null 值。请考虑添加 "required" 修饰符或将该 字段 声明为可为 null。 [C:\001_AI\LudotsProd_issue709\src\Core\Ludots.Core.csproj]
C:\001_AI\LudotsProd_issue709\src\Core\Engine\GameEngine.cs(252,33): warning CS8618: 在退出构造函数时，不可为 null 的 字段 "_timeFlow" 必须包含非 null 值。请考虑添加 "required" 修饰符或将该 字段 声明为可为 null。 [C:\001_AI\LudotsProd_issue709\src\Core\Ludots.Core.csproj]
C:\001_AI\LudotsProd_issue709\src\Core\Engine\GameEngine.cs(255,39): warning CS8618: 在退出构造函数时，不可为 null 的 字段 "_worldToGridSyncSystem" 必须包含非 null 值。请考虑添加 "required" 修饰符或将该 字段 声明为可为 null。 [C:\001_AI\LudotsProd_issue709\src\Core\Ludots.Core.csproj]
C:\001_AI\LudotsProd_issue709\src\Core\Engine\GameEngine.cs(256,46): warning CS8618: 在退出构造函数时，不可为 null 的 字段 "_spatialPartitionUpdateSystem" 必须包含非 null 值。请考虑添加 "required" 修饰符或将该 字段 声明为可为 null。 [C:\001_AI\LudotsProd_issue709\src\Core\Ludots.Core.csproj]
C:\001_AI\LudotsProd_issue709\src\Core\Engine\GameEngine.cs(260,30): warning CS8618: 在退出构造函数时，不可为 null 的 字段 "_jobScheduler" 必须包含非 null 值。请考虑添加 "required" 修饰符或将该 字段 声明为可为 null。 [C:\001_AI\LudotsProd_issue709\src\Core\Ludots.Core.csproj]
C:\001_AI\LudotsProd_issue709\src\Core\Engine\GameEngine.cs(266,27): warning CS8618: 在退出构造函数时，不可为 null 的 属性 "MergedConfig" 必须包含非 null 值。请考虑添加 "required" 修饰符或将该 属性 声明为可为 null。 [C:\001_AI\LudotsProd_issue709\src\Core\Ludots.Core.csproj]
C:\001_AI\LudotsProd_issue709\src\Core\Engine\GameEngine.cs(401,43): warning CS8618: 在退出构造函数时，不可为 null 的 属性 "ConflictReport" 必须包含非 null 值。请考虑添加 "required" 修饰符或将该 属性 声明为可为 null。 [C:\001_AI\LudotsProd_issue709\src\Core\Ludots.Core.csproj]
C:\001_AI\LudotsProd_issue709\src\Core\Engine\GameEngine.cs(402,56): warning CS8618: 在退出构造函数时，不可为 null 的 属性 "ConfigConflictReport" 必须包含非 null 值。请考虑添加 "required" 修饰符或将该 属性 声明为可为 null。 [C:\001_AI\LudotsProd_issue709\src\Core\Ludots.Core.csproj]
C:\001_AI\LudotsProd_issue709\src\Core\Engine\GameEngine.cs(403,49): warning CS8618: 在退出构造函数时，不可为 null 的 属性 "ConfigCatalog" 必须包含非 null 值。请考虑添加 "required" 修饰符或将该 属性 声明为可为 null。 [C:\001_AI\LudotsProd_issue709\src\Core\Ludots.Core.csproj]
C:\001_AI\LudotsProd_issue709\src\Core\Engine\GameEngine.MapLoadLifecycle.cs(18,27): warning CS8618: 在退出构造函数时，不可为 null 的 属性 "CurrentMapSession" 必须包含非 null 值。请考虑添加 "required" 修饰符或将该 属性 声明为可为 null。 [C:\001_AI\LudotsProd_issue709\src\Core\Ludots.Core.csproj]
C:\001_AI\LudotsProd_issue709\src\Core\Presentation\Config\PerformerDefinitionConfigLoader.cs(2319,51): warning CS8600: 将 null 文本或可能的 null 值转换为不可为 null 类型。 [C:\001_AI\LudotsProd_issue709\src\Core\Ludots.Core.csproj]
C:\001_AI\LudotsProd_issue709\src\Core\Presentation\Performers\WorldHudPerformBehavior.cs(101,99): warning CS8600: 将 null 文本或可能的 null 值转换为不可为 null 类型。 [C:\001_AI\LudotsProd_issue709\src\Core\Ludots.Core.csproj]
C:\001_AI\LudotsProd_issue709\src\Core\Presentation\Systems\PerformerRuleSystem.cs(63,16): warning CS8618: 在退出构造函数时，不可为 null 的 字段 "_exactIndex" 必须包含非 null 值。请考虑添加 "required" 修饰符或将该 字段 声明为可为 null。 [C:\001_AI\LudotsProd_issue709\src\Core\Ludots.Core.csproj]
C:\001_AI\LudotsProd_issue709\src\Core\Presentation\Systems\PerformerRuleSystem.cs(63,16): warning CS8618: 在退出构造函数时，不可为 null 的 字段 "_wildcardIndex" 必须包含非 null 值。请考虑添加 "required" 修饰符或将该 字段 声明为可为 null。 [C:\001_AI\LudotsProd_issue709\src\Core\Ludots.Core.csproj]
C:\001_AI\LudotsProd_issue709\src\Core\Presentation\Systems\PerformerEmitSystem.cs(76,44): warning CS8604: “PerformerAssetEmitRuntime.PerformerAssetEmitRuntime(World world, PerformerEntityRuntime runtime, PresentationRequestBuffer requests, Dictionary<string, object> globals, PerformerAnimatorStateBuffer animatorStates, SoundRequestBuffer soundRequests, PerformerVisualStableIdTable? visualStableIds = null)”中的形参“globals”可能传入 null 引用实参。 [C:\001_AI\LudotsProd_issue709\src\Core\Ludots.Core.csproj]
C:\001_AI\LudotsProd_issue709\src\Core\Presentation\Systems\PerformerBehaviorSystem.cs(119,16): warning CS8618: 在退出构造函数时，不可为 null 的 字段 "_ownerAttributeWorkIndex" 必须包含非 null 值。请考虑添加 "required" 修饰符或将该 字段 声明为可为 null。 [C:\001_AI\LudotsProd_issue709\src\Core\Ludots.Core.csproj]
C:\001_AI\LudotsProd_issue709\src\Core\Presentation\Systems\PerformerBehaviorSystem.cs(119,16): warning CS8618: 在退出构造函数时，不可为 null 的 字段 "_ownerTagWorkIndex" 必须包含非 null 值。请考虑添加 "required" 修饰符或将该 字段 声明为可为 null。 [C:\001_AI\LudotsProd_issue709\src\Core\Ludots.Core.csproj]
C:\001_AI\LudotsProd_issue709\src\Core\Gameplay\GAS\Config\EffectTemplateLoader.cs(976,56): warning CS8604: “int UnitTypeRegistry.Register(string name)”中的形参“name”可能传入 null 引用实参。 [C:\001_AI\LudotsProd_issue709\src\Core\Ludots.Core.csproj]
C:\001_AI\LudotsProd_issue709\src\Core\Gameplay\GAS\Config\EffectTemplateLoader.cs(1032,30): warning CS8601: 可能的 null 引用赋值。 [C:\001_AI\LudotsProd_issue709\src\Core\Ludots.Core.csproj]
C:\001_AI\LudotsProd_issue709\src\Core\Presentation\Performers\CompiledPerformerBootstrapRegistry.cs(215,69): warning CS8600: 将 null 文本或可能的 null 值转换为不可为 null 类型。 [C:\001_AI\LudotsProd_issue709\src\Core\Ludots.Core.csproj]
C:\001_AI\LudotsProd_issue709\src\Core\Presentation\Performers\CompiledPerformerBootstrapRegistry.cs(229,74): warning CS8600: 将 null 文本或可能的 null 值转换为不可为 null 类型。 [C:\001_AI\LudotsProd_issue709\src\Core\Ludots.Core.csproj]
C:\001_AI\LudotsProd_issue709\src\Core\Presentation\Performers\PerformerEntityRuntime.cs(507,72): warning CS8625: 无法将 null 字面量转换为非 null 的引用类型。 [C:\001_AI\LudotsProd_issue709\src\Core\Ludots.Core.csproj]
C:\001_AI\LudotsProd_issue709\src\Core\Presentation\Systems\PerformerAssetEmitRuntime.cs(813,21): warning CS8625: 无法将 null 字面量转换为非 null 的引用类型。 [C:\001_AI\LudotsProd_issue709\src\Core\Ludots.Core.csproj]
C:\001_AI\LudotsProd_issue709\src\Core\Gameplay\GAS\Config\EffectTemplateLoader.cs(1800,61): warning CS8604: “int TargetDispatchPresetRegistry.GetId(string id)”中的形参“id”可能传入 null 引用实参。 [C:\001_AI\LudotsProd_issue709\src\Core\Ludots.Core.csproj]
C:\001_AI\LudotsProd_issue709\src\Core\Gameplay\GAS\Config\EffectTemplateLoader.cs(1810,39): warning CS8602: 解引用可能出现空引用。 [C:\001_AI\LudotsProd_issue709\src\Core\Ludots.Core.csproj]
C:\001_AI\LudotsProd_issue709\src\Core\Gameplay\GAS\Systems\EffectApplicationSystem.cs(68,24): warning CS0649: 从未对字段“EffectApplicationSystem.OnApplyCallbackCommand.RootId”赋值，字段将一直保持其默认值 0 [C:\001_AI\LudotsProd_issue709\src\Core\Ludots.Core.csproj]
C:\001_AI\LudotsProd_issue709\src\Core\Gameplay\GAS\Systems\EffectApplicationSystem.cs(70,27): warning CS0649: 从未对字段“EffectApplicationSystem.OnApplyCallbackCommand.Target”赋值，字段将一直保持其默认值 [C:\001_AI\LudotsProd_issue709\src\Core\Ludots.Core.csproj]
C:\001_AI\LudotsProd_issue709\src\Core\Gameplay\GAS\Systems\EffectLifetimeSystem.cs(58,27): warning CS0649: 从未对字段“EffectLifetimeSystem.CallbackCommand.TargetContext”赋值，字段将一直保持其默认值 [C:\001_AI\LudotsProd_issue709\src\Core\Ludots.Core.csproj]
C:\001_AI\LudotsProd_issue709\src\Core\Gameplay\GAS\Systems\EffectApplicationSystem.cs(71,27): warning CS0649: 从未对字段“EffectApplicationSystem.OnApplyCallbackCommand.TargetContext”赋值，字段将一直保持其默认值 [C:\001_AI\LudotsProd_issue709\src\Core\Ludots.Core.csproj]
C:\001_AI\LudotsProd_issue709\src\Core\Gameplay\GAS\Systems\EffectLifetimeSystem.cs(298,24): warning CS0649: 从未对字段“EffectLifetimeSystem.LifetimeCleanupJob.Dropped”赋值，字段将一直保持其默认值 0 [C:\001_AI\LudotsProd_issue709\src\Core\Ludots.Core.csproj]
C:\001_AI\LudotsProd_issue709\src\Core\Gameplay\GAS\Systems\EffectApplicationSystem.cs(69,27): warning CS0649: 从未对字段“EffectApplicationSystem.OnApplyCallbackCommand.Source”赋值，字段将一直保持其默认值 [C:\001_AI\LudotsProd_issue709\src\Core\Ludots.Core.csproj]
C:\001_AI\LudotsProd_issue709\src\Core\Gameplay\GAS\Systems\EffectLifetimeSystem.cs(55,24): warning CS0649: 从未对字段“EffectLifetimeSystem.CallbackCommand.RootId”赋值，字段将一直保持其默认值 0 [C:\001_AI\LudotsProd_issue709\src\Core\Ludots.Core.csproj]
C:\001_AI\LudotsProd_issue709\src\Core\Gameplay\GAS\Systems\EffectApplicationSystem.cs(72,24): warning CS0649: 从未对字段“EffectApplicationSystem.OnApplyCallbackCommand.EffectTemplateId”赋值，字段将一直保持其默认值 0 [C:\001_AI\LudotsProd_issue709\src\Core\Ludots.Core.csproj]
C:\001_AI\LudotsProd_issue709\src\Core\Gameplay\GAS\Systems\EffectLifetimeSystem.cs(59,24): warning CS0649: 从未对字段“EffectLifetimeSystem.CallbackCommand.EffectTemplateId”赋值，字段将一直保持其默认值 0 [C:\001_AI\LudotsProd_issue709\src\Core\Ludots.Core.csproj]
C:\001_AI\LudotsProd_issue709\src\Core\Gameplay\GAS\Systems\EffectLifetimeSystem.cs(56,27): warning CS0649: 从未对字段“EffectLifetimeSystem.CallbackCommand.Source”赋值，字段将一直保持其默认值 [C:\001_AI\LudotsProd_issue709\src\Core\Ludots.Core.csproj]
C:\001_AI\LudotsProd_issue709\src\Core\Gameplay\GAS\Systems\EffectLifetimeSystem.cs(210,24): warning CS0649: 从未对字段“EffectLifetimeSystem.LifetimeTickJob.Dropped”赋值，字段将一直保持其默认值 0 [C:\001_AI\LudotsProd_issue709\src\Core\Ludots.Core.csproj]
C:\001_AI\LudotsProd_issue709\src\Core\Gameplay\GAS\Systems\EffectLifetimeSystem.cs(57,27): warning CS0649: 从未对字段“EffectLifetimeSystem.CallbackCommand.Target”赋值，字段将一直保持其默认值 [C:\001_AI\LudotsProd_issue709\src\Core\Ludots.Core.csproj]
    845 个警告
    0 个错误

已用时间 00:00:10.15
Exported ref: C:\001_AI\LudotsProd_issue709\mods\LudotsCoreMod\ref\LudotsCoreMod.dll

[OK] CoreInputMod
  正在确定要还原的项目…
  所有项目均是最新的，无法还原。
  Ludots.Platform.Abstractions -> C:\001_AI\LudotsProd_issue709\src\Platform\Ludots.Platform.Abstractions\bin\Release\net8.0\Ludots.Platform.Abstractions.dll
  DotRecast.Core -> C:\001_AI\LudotsProd_issue709\src\Libraries\DotRecast\src\DotRecast.Core\bin\Release\net8.0\DotRecast.Core.dll
  Arch -> C:\001_AI\LudotsProd_issue709\src\Libraries\Arch\src\Arch\bin\Release\net8.0\Arch.dll
  DotRecast.Detour -> C:\001_AI\LudotsProd_issue709\src\Libraries\DotRecast\src\DotRecast.Detour\bin\Release\net8.0\DotRecast.Detour.dll
  Arch.System -> C:\001_AI\LudotsProd_issue709\src\Libraries\Arch.Extended\Arch.System\bin\Release\net7.0\Arch.System.dll
  Arch -> C:\001_AI\LudotsProd_issue709\src\Libraries\Arch\src\Arch\bin\Release\net6.0\Arch.dll
  Arch.Relationships -> C:\001_AI\LudotsProd_issue709\src\Libraries\Arch.Extended\Arch.Relationships\bin\Release\net7.0\Arch.Relationships.dll
  Arch.Persistence -> C:\001_AI\LudotsProd_issue709\src\Libraries\Arch.Extended\Arch.Persistence\bin\Release\net7.0\Arch.Persistence.dll
  Ludots.Core -> C:\001_AI\LudotsProd_issue709\src\Core\bin\Release\net8.0\Ludots.Core.dll
  CoreInputMod -> C:\001_AI\LudotsProd_issue709\mods\CoreInputMod\bin\net8.0\CoreInputMod.dll

已成功生成。
    0 个警告
    0 个错误

已用时间 00:00:11.05
Exported ref: C:\001_AI\LudotsProd_issue709\mods\CoreInputMod\ref\CoreInputMod.dll

[OK] EntityCommandPanelMod
  正在确定要还原的项目…
  所有项目均是最新的，无法还原。
  Ludots.Platform.Abstractions -> C:\001_AI\LudotsProd_issue709\src\Platform\Ludots.Platform.Abstractions\bin\Release\net8.0\Ludots.Platform.Abstractions.dll
  Ludots.UI -> C:\001_AI\LudotsProd_issue709\src\Libraries\Ludots.UI\bin\Release\net8.0\Ludots.UI.dll
  DotRecast.Core -> C:\001_AI\LudotsProd_issue709\src\Libraries\DotRecast\src\DotRecast.Core\bin\Release\net8.0\DotRecast.Core.dll
  Arch -> C:\001_AI\LudotsProd_issue709\src\Libraries\Arch\src\Arch\bin\Release\net8.0\Arch.dll
  DotRecast.Detour -> C:\001_AI\LudotsProd_issue709\src\Libraries\DotRecast\src\DotRecast.Detour\bin\Release\net8.0\DotRecast.Detour.dll
  Arch.System -> C:\001_AI\LudotsProd_issue709\src\Libraries\Arch.Extended\Arch.System\bin\Release\net7.0\Arch.System.dll
  Arch -> C:\001_AI\LudotsProd_issue709\src\Libraries\Arch\src\Arch\bin\Release\net6.0\Arch.dll
  Arch.Persistence -> C:\001_AI\LudotsProd_issue709\src\Libraries\Arch.Extended\Arch.Persistence\bin\Release\net7.0\Arch.Persistence.dll
  Arch.Relationships -> C:\001_AI\LudotsProd_issue709\src\Libraries\Arch.Extended\Arch.Relationships\bin\Release\net7.0\Arch.Relationships.dll
  Ludots.Core -> C:\001_AI\LudotsProd_issue709\src\Core\bin\Release\net8.0\Ludots.Core.dll
  EntityCommandPanelMod -> C:\001_AI\LudotsProd_issue709\mods\EntityCommandPanelMod\bin\net8.0\EntityCommandPanelMod.dll

已成功生成。
    0 个警告
    0 个错误

已用时间 00:00:10.84
Exported ref: C:\001_AI\LudotsProd_issue709\mods\EntityCommandPanelMod\ref\EntityCommandPanelMod.dll

[OK] RtsDemoMod
  正在确定要还原的项目…
  所有项目均是最新的，无法还原。
  Ludots.Platform.Abstractions -> C:\001_AI\LudotsProd_issue709\src\Platform\Ludots.Platform.Abstractions\bin\Release\net8.0\Ludots.Platform.Abstractions.dll
  DotRecast.Core -> C:\001_AI\LudotsProd_issue709\src\Libraries\DotRecast\src\DotRecast.Core\bin\Release\net8.0\DotRecast.Core.dll
  Arch -> C:\001_AI\LudotsProd_issue709\src\Libraries\Arch\src\Arch\bin\Release\net8.0\Arch.dll
  DotRecast.Detour -> C:\001_AI\LudotsProd_issue709\src\Libraries\DotRecast\src\DotRecast.Detour\bin\Release\net8.0\DotRecast.Detour.dll
  Arch.System -> C:\001_AI\LudotsProd_issue709\src\Libraries\Arch.Extended\Arch.System\bin\Release\net7.0\Arch.System.dll
  Arch -> C:\001_AI\LudotsProd_issue709\src\Libraries\Arch\src\Arch\bin\Release\net6.0\Arch.dll
  Arch.Persistence -> C:\001_AI\LudotsProd_issue709\src\Libraries\Arch.Extended\Arch.Persistence\bin\Release\net7.0\Arch.Persistence.dll
  Arch.Relationships -> C:\001_AI\LudotsProd_issue709\src\Libraries\Arch.Extended\Arch.Relationships\bin\Release\net7.0\Arch.Relationships.dll
  Ludots.Core -> C:\001_AI\LudotsProd_issue709\src\Core\bin\Release\net8.0\Ludots.Core.dll
  CoreInputMod -> C:\001_AI\LudotsProd_issue709\mods\CoreInputMod\bin\net8.0\CoreInputMod.dll
  RtsDemoMod -> C:\001_AI\LudotsProd_issue709\mods\showcases\rts_demo\RtsDemoMod\bin\net8.0\RtsDemoMod.dll

已成功生成。
    0 个警告
    0 个错误

已用时间 00:00:09.46
Exported ref: C:\001_AI\LudotsProd_issue709\mods\showcases\rts_demo\RtsDemoMod\ref\RtsDemoMod.dll

[OK] RtsShowcaseMod
  正在确定要还原的项目…
  所有项目均是最新的，无法还原。
  Ludots.Platform.Abstractions -> C:\001_AI\LudotsProd_issue709\src\Platform\Ludots.Platform.Abstractions\bin\Release\net8.0\Ludots.Platform.Abstractions.dll
  DotRecast.Core -> C:\001_AI\LudotsProd_issue709\src\Libraries\DotRecast\src\DotRecast.Core\bin\Release\net8.0\DotRecast.Core.dll
  DotRecast.Detour -> C:\001_AI\LudotsProd_issue709\src\Libraries\DotRecast\src\DotRecast.Detour\bin\Release\net8.0\DotRecast.Detour.dll
  Arch -> C:\001_AI\LudotsProd_issue709\src\Libraries\Arch\src\Arch\bin\Release\net8.0\Arch.dll
  Arch.System -> C:\001_AI\LudotsProd_issue709\src\Libraries\Arch.Extended\Arch.System\bin\Release\net7.0\Arch.System.dll
  Arch -> C:\001_AI\LudotsProd_issue709\src\Libraries\Arch\src\Arch\bin\Release\net6.0\Arch.dll
  Arch.Persistence -> C:\001_AI\LudotsProd_issue709\src\Libraries\Arch.Extended\Arch.Persistence\bin\Release\net7.0\Arch.Persistence.dll
  Arch.Relationships -> C:\001_AI\LudotsProd_issue709\src\Libraries\Arch.Extended\Arch.Relationships\bin\Release\net7.0\Arch.Relationships.dll
  Ludots.Core -> C:\001_AI\LudotsProd_issue709\src\Core\bin\Release\net8.0\Ludots.Core.dll
  RtsShowcaseMod -> C:\001_AI\LudotsProd_issue709\mods\showcases\rts_showcase\RtsShowcaseMod\bin\net8.0\RtsShowcaseMod.dll

已成功生成。
    0 个警告
    0 个错误

已用时间 00:00:09.26
Exported ref: C:\001_AI\LudotsProd_issue709\mods\showcases\rts_showcase\RtsShowcaseMod\ref\RtsShowcaseMod.dll

[OK] RtsMultiplayerFrontlineMod
  正在确定要还原的项目…
  所有项目均是最新的，无法还原。
  Ludots.Platform.Abstractions -> C:\001_AI\LudotsProd_issue709\src\Platform\Ludots.Platform.Abstractions\bin\Release\net8.0\Ludots.Platform.Abstractions.dll
  DotRecast.Core -> C:\001_AI\LudotsProd_issue709\src\Libraries\DotRecast\src\DotRecast.Core\bin\Release\net8.0\DotRecast.Core.dll
  Arch -> C:\001_AI\LudotsProd_issue709\src\Libraries\Arch\src\Arch\bin\Release\net8.0\Arch.dll
  DotRecast.Detour -> C:\001_AI\LudotsProd_issue709\src\Libraries\DotRecast\src\DotRecast.Detour\bin\Release\net8.0\DotRecast.Detour.dll
  Arch.System -> C:\001_AI\LudotsProd_issue709\src\Libraries\Arch.Extended\Arch.System\bin\Release\net7.0\Arch.System.dll
  Arch -> C:\001_AI\LudotsProd_issue709\src\Libraries\Arch\src\Arch\bin\Release\net6.0\Arch.dll
  Arch.Persistence -> C:\001_AI\LudotsProd_issue709\src\Libraries\Arch.Extended\Arch.Persistence\bin\Release\net7.0\Arch.Persistence.dll
  Arch.Relationships -> C:\001_AI\LudotsProd_issue709\src\Libraries\Arch.Extended\Arch.Relationships\bin\Release\net7.0\Arch.Relationships.dll
  Ludots.Core -> C:\001_AI\LudotsProd_issue709\src\Core\bin\Release\net8.0\Ludots.Core.dll
  RtsMultiplayerFrontlineMod -> C:\001_AI\LudotsProd_issue709\mods\showcases\rts_multiplayer_frontline\RtsMultiplayerFrontlineMod\bin\net8.0\RtsMultiplayerFrontlineMod.dll

已成功生成。
    0 个警告
    0 个错误

已用时间 00:00:04.62
Exported ref: C:\001_AI\LudotsProd_issue709\mods\showcases\rts_multiplayer_frontline\RtsMultiplayerFrontlineMod\ref\RtsMultiplayerFrontlineMod.dll

[OK] RtsMultiplayerFrontlineNetworkedMod
  正在确定要还原的项目…
  所有项目均是最新的，无法还原。
  Ludots.Platform.Abstractions -> C:\001_AI\LudotsProd_issue709\src\Platform\Ludots.Platform.Abstractions\bin\Release\net8.0\Ludots.Platform.Abstractions.dll
  DotRecast.Core -> C:\001_AI\LudotsProd_issue709\src\Libraries\DotRecast\src\DotRecast.Core\bin\Release\net8.0\DotRecast.Core.dll
  Arch -> C:\001_AI\LudotsProd_issue709\src\Libraries\Arch\src\Arch\bin\Release\net8.0\Arch.dll
  DotRecast.Detour -> C:\001_AI\LudotsProd_issue709\src\Libraries\DotRecast\src\DotRecast.Detour\bin\Release\net8.0\DotRecast.Detour.dll
  Arch.System -> C:\001_AI\LudotsProd_issue709\src\Libraries\Arch.Extended\Arch.System\bin\Release\net7.0\Arch.System.dll
  Arch -> C:\001_AI\LudotsProd_issue709\src\Libraries\Arch\src\Arch\bin\Release\net6.0\Arch.dll
  Arch.Persistence -> C:\001_AI\LudotsProd_issue709\src\Libraries\Arch.Extended\Arch.Persistence\bin\Release\net7.0\Arch.Persistence.dll
  Arch.Relationships -> C:\001_AI\LudotsProd_issue709\src\Libraries\Arch.Extended\Arch.Relationships\bin\Release\net7.0\Arch.Relationships.dll
  Ludots.Core -> C:\001_AI\LudotsProd_issue709\src\Core\bin\Release\net8.0\Ludots.Core.dll
  RtsMultiplayerFrontlineMod -> C:\001_AI\LudotsProd_issue709\mods\showcases\rts_multiplayer_frontline\RtsMultiplayerFrontlineMod\bin\net8.0\RtsMultiplayerFrontlineMod.dll
  RtsMultiplayerFrontlineNetworkedMod -> C:\001_AI\LudotsProd_issue709\mods\showcases\rts_multiplayer_frontline\RtsMultiplayerFrontlineNetworkedMod\bin\net8.0\RtsMultiplayerFrontlineNetworkedMod.dll

已成功生成。
    0 个警告
    0 个错误

已用时间 00:00:06.53
Exported ref: C:\001_AI\LudotsProd_issue709\mods\showcases\rts_multiplayer_frontline\RtsMultiplayerFrontlineNetworkedMod\ref\RtsMultiplayerFrontlineNetworkedMod.dll

[OK] RtsMultiplayerFrontlineThreeProcessAcceptanceMod
  正在确定要还原的项目…
  所有项目均是最新的，无法还原。
  Ludots.Platform.Abstractions -> C:\001_AI\LudotsProd_issue709\src\Platform\Ludots.Platform.Abstractions\bin\Release\net8.0\Ludots.Platform.Abstractions.dll
  DotRecast.Core -> C:\001_AI\LudotsProd_issue709\src\Libraries\DotRecast\src\DotRecast.Core\bin\Release\net8.0\DotRecast.Core.dll
  Arch -> C:\001_AI\LudotsProd_issue709\src\Libraries\Arch\src\Arch\bin\Release\net8.0\Arch.dll
  DotRecast.Detour -> C:\001_AI\LudotsProd_issue709\src\Libraries\DotRecast\src\DotRecast.Detour\bin\Release\net8.0\DotRecast.Detour.dll
  Arch.System -> C:\001_AI\LudotsProd_issue709\src\Libraries\Arch.Extended\Arch.System\bin\Release\net7.0\Arch.System.dll
  Arch -> C:\001_AI\LudotsProd_issue709\src\Libraries\Arch\src\Arch\bin\Release\net6.0\Arch.dll
  Arch.Relationships -> C:\001_AI\LudotsProd_issue709\src\Libraries\Arch.Extended\Arch.Relationships\bin\Release\net7.0\Arch.Relationships.dll
  Arch.Persistence -> C:\001_AI\LudotsProd_issue709\src\Libraries\Arch.Extended\Arch.Persistence\bin\Release\net7.0\Arch.Persistence.dll
  Ludots.Core -> C:\001_AI\LudotsProd_issue709\src\Core\bin\Release\net8.0\Ludots.Core.dll
  RtsMultiplayerFrontlineMod -> C:\001_AI\LudotsProd_issue709\mods\showcases\rts_multiplayer_frontline\RtsMultiplayerFrontlineMod\bin\net8.0\RtsMultiplayerFrontlineMod.dll
  RtsMultiplayerFrontlineThreeProcessAcceptanceMod -> C:\001_AI\LudotsProd_issue709\mods\fixtures\rts_multiplayer_frontline_three_process\RtsMultiplayerFrontlineThreeProcessAcceptanceMod\bin\net8.0\RtsMultiplayerFrontlineThreeProcessAcceptanceMod.dll

已成功生成。
    0 个警告
    0 个错误

已用时间 00:00:04.27
Exported ref: C:\001_AI\LudotsProd_issue709\mods\fixtures\rts_multiplayer_frontline_three_process\RtsMultiplayerFrontlineThreeProcessAcceptanceMod\ref\RtsMultiplayerFrontlineThreeProcessAcceptanceMod.dll

