adapter=raylib
pid=51448
bootstrap=C:\001_AI\SangoPort\ludots\src\Apps\Raylib\Ludots.App.Raylib\bin\Release\net9.0\launcher.runtime.json
process=primary role= pid=51448 bootstrap=C:\001_AI\SangoPort\ludots\src\Apps\Raylib\Ludots.App.Raylib\bin\Release\net9.0\launcher.runtime.json
rootMods=SangoTerrainMod, SangoSimMod, SangoWebUiMod, AgentBridgeMod
orderedMods=LudotsCoreMod, SangoContentMod, SangoTerrainMod, SangoSimMod, SangoWebUiMod, AgentBridgeMod
startup:
  defaultCoreMod=LudotsCoreMod @ assets/game.json
  startupMapId=sango_default @ mods/sango/SangoTerrainMod/assets/game.json
    - mods/LudotsCoreMod/assets/game.json -> entry
    * mods/sango/SangoTerrainMod/assets/game.json -> sango_default
  startupInputContexts=[Default_Gameplay] @ mods/LudotsCoreMod/assets/game.json
  browserRuntime={"enabled":true,"required":true,"provider":"cef"} @ mods/sango/SangoWebUiMod/assets/game.json
warnings:
  - Selected 4 root mods (SangoTerrainMod, SangoSimMod, SangoWebUiMod, AgentBridgeMod). Runtime still boots a single startupMapId; inspect the effective startup settings below.
[INF][Engine] Initializing with ConfigPipeline...
[INF][Engine] Applying launcher-resolved mod plan: fingerprint=2d4e3c20b590122a49e9d97cc1d490d9e7610686d4699a174a137c2e1bbbb4e3, schema=1, mods=6
[INF][ModLoader] Resolved Mod Load Order (launcher graph):
[INF][ModLoader] - LudotsCoreMod (P:-1000)
[INF][ModLoader] - SangoContentMod (P:0)
[INF][ModLoader] - SangoTerrainMod (P:0)
[INF][ModLoader] - SangoSimMod (P:5)
[INF][ModLoader] - SangoWebUiMod (P:10)
[INF][ModLoader] - AgentBridgeMod (P:950)
[INF][ModLoader] Loading DLL for LudotsCoreMod at C:\001_AI\SangoPort\ludots\mods\LudotsCoreMod\bin\net9.0\LudotsCoreMod.dll
[INF][ModLoader] Scanning 2 types in assembly...
[INF][ModLoader] Instantiated entry for LudotsCoreMod. Calling OnLoad...
[INF][Mod.LudotsCoreMod] [LudotsCoreMod] Loaded - Core game framework initialized
[INF][ModLoader] LudotsCoreMod OnLoad completed.
[INF][ModLoader] Loaded LudotsCoreMod
[INF][ModLoader] Loading DLL for SangoContentMod at C:\001_AI\SangoPort\ludots\mods\sango\SangoContentMod\bin\net9.0\SangoContentMod.dll
[INF][ModLoader] Scanning 32 types in assembly...
[INF][ModLoader] Instantiated entry for SangoContentMod. Calling OnLoad...
[INF][Mod.SangoContentMod] [SangoContentMod] Loaded (assets/Data tables + assets/Scenario; table loading lands with the sim milestone).
[INF][ModLoader] SangoContentMod OnLoad completed.
[INF][ModLoader] Loaded SangoContentMod
[INF][ModLoader] Skip code load for SangoTerrainMod: manifest has no 'main' (asset-only mod).
[INF][ModLoader] Loading DLL for SangoSimMod at C:\001_AI\SangoPort\ludots\mods\sango\SangoSimMod\bin\net9.0\SangoSimMod.dll
[INF][ModLoader] Scanning 1123 types in assembly...
[INF][ModLoader] Instantiated entry for SangoSimMod. Calling OnLoad...
[INF][Mod.SangoSimMod] [SangoSimMod] Loaded (M1.b: kernel boot on first manual turn, assets via VFS; M1.d: sango.sim save participant; M2.a: MapLoaded field/city-marker sync; M2.b: troop markers + seed event; M2.d: step-turns/journal dev events; M3.f: combat challenge trigger online; M3-end: entity mirror read model; D-1': native city entities + GAS attributes; D-2': native person entities + GAS attributes; D-3': native troop/corps entities + GAS attributes)
[INF][ModLoader] SangoSimMod OnLoad completed.
[INF][ModLoader] Loaded SangoSimMod
[INF][ModLoader] Loading DLL for SangoWebUiMod at C:\001_AI\SangoPort\ludots\mods\sango\SangoWebUiMod\bin\net9.0\SangoWebUiMod.dll
[INF][ModLoader] Scanning 57 types in assembly...
[INF][ModLoader] Instantiated entry for SangoWebUiMod. Calling OnLoad...
[INF][Mod.SangoWebUiMod] [SangoWebUiMod] Loaded (M1.c: world topics + city commands + endTurn via Manual clock).
[INF][ModLoader] SangoWebUiMod OnLoad completed.
[INF][ModLoader] Loaded SangoWebUiMod
[INF][ModLoader] Loading DLL for AgentBridgeMod at C:\001_AI\SangoPort\ludots\mods\AgentBridgeMod\bin\net9.0\AgentBridgeMod.dll
[INF][ModLoader] Scanning 3 types in assembly...
[INF][ModLoader] Instantiated entry for AgentBridgeMod. Calling OnLoad...
[INF][ModLoader] AgentBridgeMod OnLoad completed.
[INF][ModLoader] Loaded AgentBridgeMod
[INF][Config] Merged fragment from: Core:game.json
[INF][Config] Merged fragment from: LudotsCoreMod:assets/game.json
[INF][Config] Merged fragment from: SangoTerrainMod:assets/game.json
[INF][Config] Merged fragment from: SangoWebUiMod:assets/game.json
[INF][Config] Merged fragment from: Core:config_catalog.json
[INF][Config] Merged fragment from: Core:Navigation/agent_profiles.json
[INF][Engine] Merged GameConfig: StartupMapId=sango_default, DefaultCoreMod=LudotsCoreMod
[INF][Engine] Constants loaded: OrderTypeIds=4, ResponseChainOrderTypeIds=3
[INF][Engine] Initializing JobScheduler...
[INF][Config] Loading DataRegistry<EntityTemplate> from Entities/templates.json...
[INF][Config] Merged fragment from: LudotsCoreMod:assets/Entities/templates.json
[INF][Config] Merged fragment from: SangoTerrainMod:assets/Entities/templates.json
[INF][Config] Merged fragment from: SangoSimMod:assets/Entities/templates.json
[INF][Config] Loaded 11 DataRegistry<EntityTemplate> items.
[INF][Engine] Initializing Core GAS Systems...
[INF][Config] Merged fragment from: Core:Engine/clock.json
[INF][Config] Merged fragment from: Core:Relationships/catalog.json
[INF][Config] Merged fragment from: LudotsCoreMod:assets/Relationships/catalog.json
[INF][Config] Merged fragment from: Core:Relationships/control_profiles.json
[INF][Config] Merged fragment from: Core:GAS/target_dispatch_presets.json
[INF][Config] Merged fragment from: Core:GAS/clock.json
[INF][Config] Merged fragment from: SangoSimMod:assets/GAS/clock.json
[INF][Config] Merged fragment from: Core:Physics2D/clock.json
[INF][Config] Merged fragment from: Core:Physics2D/solver.json
[INF][Config] Merged fragment from: Core:Physics2D/kinematic.json
[INF][Config] Merged fragment from: Core:GAS/attribute_constraints.json
[INF][Config] Merged fragment from: Core:Enums/enums.json
[INF][Config] Merged fragment from: Core:Vision/fog_layers.json
[INF][Config] Merged fragment from: SangoSimMod:assets/Fields/layers.json
[INF][Config] Merged fragment from: LudotsCoreMod:assets/Presentation/text_tokens.json
[INF][Config] Merged fragment from: SangoTerrainMod:assets/Presentation/text_tokens.json
[INF][Config] Merged fragment from: LudotsCoreMod:assets/Presentation/text_tokens.json
[INF][Config] Merged fragment from: SangoTerrainMod:assets/Presentation/text_tokens.json
[INF][Config] Merged fragment from: LudotsCoreMod:assets/Presentation/text_locales.json
[INF][Config] Merged fragment from: SangoTerrainMod:assets/Presentation/text_locales.json
[INF][Config] Merged fragment from: Core:GraphTables/lookup_tables.json
[INF][Config] Merged fragment from: Core:GAS/graphs.json
[INF][Config] Merged fragment from: Core:GAS/preset_types.json
[INF][Config] Merged fragment from: SangoSimMod:assets/GAS/preset_types.json
[INF][Config] Merged fragment from: Core:Exchange/operations.json
[INF][Config] Merged fragment from: Core:Progression/scopes.json
[INF][Config] Merged fragment from: Core:Progression/progressions.json
[INF][Config] Merged fragment from: Core:Progression/requirements.json
[INF][Config] Merged fragment from: LudotsCoreMod:assets/GAS/order_types.json
[INF][Config] Merged fragment from: Core:GAS/effects.json
[INF][Config] Merged fragment from: SangoSimMod:assets/GAS/effects.json
[INF][Config] Merged fragment from: SangoSimMod:assets/GAS/abilities.json
[INF][Config] Merged fragment from: Core:GAS/func_lib.json
[INF][Config] Merged fragment from: Core:GAS/action_lib.json
[INF][Config] Merged fragment from: Core:Items/shapes.json
[INF][Config] Merged fragment from: Core:Items/layouts.json
[INF][Config] Merged fragment from: Core:Items/definitions.json
[INF][Config] Merged fragment from: Core:Exchange/operations.json
[INF][Config] Merged fragment from: Core:Panels/panel_templates.json
[INF][Config] Merged fragment from: Core:Input/filter_profiles.json
[INF][Config] Merged fragment from: Core:Presentation/lod_profiles.json
[INF][Config] Merged fragment from: Core:Presentation/particle_vfx.json
[INF][Config] Merged fragment from: LudotsCoreMod:assets/Presentation/mesh_assets.json
[INF][Config] Merged fragment from: SangoTerrainMod:assets/Presentation/mesh_assets.json
[INF][Config] Merged fragment from: LudotsCoreMod:assets/Presentation/material_assets.json
[INF][Config] Merged fragment from: SangoTerrainMod:assets/Presentation/instanced_batches.json
[INF][Config] Merged fragment from: LudotsCoreMod:assets/Presentation/animator_controllers.json
[INF][Config] Merged fragment from: LudotsCoreMod:assets/Presentation/animation_clips.json
[INF][Config] Merged fragment from: LudotsCoreMod:assets/Presentation/animation_profiles.json
[INF][Config] Merged fragment from: Core:Input/interaction_context_profiles.json
[INF][Config] Merged fragment from: LudotsCoreMod:assets/Presentation/presenters.json
[INF][Config] Merged fragment from: SangoTerrainMod:assets/Presentation/presenters.json
[INF][Config] Merged fragment from: SangoSimMod:assets/Presentation/presenters.json
[INF][Config] Merged fragment from: Core:GAS/attribute_bindings.json
[INF][Config] Merged fragment from: Core:config_catalog.json
[INF][Config] Merged fragment from: Core:Input/default_input.json
[INF][Config] Merged fragment from: Core:Input/action_attribute_bindings.json
[INF][Config] Merged fragment from: Core:Input/command_intent_profiles.json
[INF][Config] Merged fragment from: Core:Input/cast_commit_profiles.json
[INF][Config] Merged fragment from: Core:Input/cast_commit_locks.json
[INF][Config] Merged fragment from: Core:Input/cast_dispatch_profiles.json
[INF][Config] Merged fragment from: Core:Input/control_schemes.json
[INF][Config] Merged fragment from: Core:Input/interaction_prefs.json
[INF][Config] Merged fragment from: Core:Input/interaction_modes.json
[INF][Config] Merged fragment from: Core:UI/ability_aggregation_profiles.json
[INF][Config] Merged fragment from: Core:UI/command_deck_profiles.json
[INF][Config] Merged fragment from: Core:UI/production_overview_profiles.json
[INF][Config] Merged fragment from: Core:AI/behavior_trees.json
[INF][Config] Merged fragment from: Core:AI/hfsm.json
[INF][Config] Merged fragment from: Core:Presentation/semantic_maps.json
[INF][Config] Merged fragment from: Core:Presentation/image_assets.json
[INF][Config] Merged fragment from: Core:Camera/virtual_cameras.json
[INF][Config] Merged fragment from: SangoTerrainMod:assets/Camera/virtual_cameras.json
[INF][Config] Merged fragment from: Core:Story/lines.json
[INF][Config] Merged fragment from: Core:Story/presentation_profiles.json
[INF][Config] Merged fragment from: Core:Story/speakers.json
[INF][Config] Merged fragment from: Core:Dialogue/dialogues.json
[INF][Config] Merged fragment from: Core:Sequencer/sequences.json
[INF][ModLoader] No registration conflicts detected.
[INF][Config] Merged fragment from: SangoTerrainMod:assets/Presentation/host_assets.json
[INF][Config] Merged fragment from: Core:config_catalog.json
[INF][Config] Merged fragment from: Core:Input/default_input.json
INFO: Initializing raylib 5.5
INFO: Platform backend: DESKTOP (GLFW)
INFO: Supported raylib modules:
INFO:     > rcore:..... loaded (mandatory)
INFO:     > rlgl:...... loaded (mandatory)
INFO:     > rshapes:... loaded (optional)
INFO:     > rtextures:. loaded (optional)
INFO:     > rtext:..... loaded (optional)
INFO:     > rmodels:... loaded (optional)
INFO:     > raudio:.... loaded (optional)
INFO: DISPLAY: Device initialized successfully
INFO:     > Display size: 2560 x 1600
INFO:     > Screen size:  1600 x 900
INFO:     > Render size:  1600 x 900
INFO:     > Viewport offsets: 0, 0
INFO: GLAD: OpenGL extensions loaded successfully
INFO: GL: Supported extensions count: 296
INFO: GL: OpenGL device information:
INFO:     > Vendor:   ATI Technologies Inc.
INFO:     > Renderer: AMD Radeon(TM) 8060S Graphics
INFO:     > Version:  3.3.0 Core Profile Context 26.10.32.01.260717
INFO:     > GLSL:     4.60
INFO: GL: VAO extension detected, VAO functions loaded successfully
INFO: GL: NPOT textures extension detected, full NPOT textures supported
INFO: GL: DXT compressed textures supported
INFO: GL: ETC2/EAC compressed textures supported
INFO: PLATFORM: DESKTOP (GLFW - Win32): Initialized successfully
INFO: TEXTURE: [ID 1] Texture loaded successfully (1x1 | R8G8B8A8 | 1 mipmaps)
INFO: TEXTURE: [ID 1] Default texture loaded successfully
INFO: SHADER: [ID 1] Vertex shader compiled successfully
INFO: SHADER: [ID 2] Fragment shader compiled successfully
INFO: SHADER: [ID 3] Program shader loaded successfully
INFO: SHADER: [ID 3] Default shader loaded successfully
INFO: RLGL: Render batch vertex buffers loaded successfully in RAM (CPU)
INFO: RLGL: Render batch vertex buffers loaded successfully in VRAM (GPU)
INFO: RLGL: Default OpenGL state initialized successfully
INFO: TEXTURE: [ID 2] Texture loaded successfully (128x128 | GRAY_ALPHA | 1 mipmaps)
INFO: FONT: Default font loaded successfully (224 glyphs)
INFO: SYSTEM: Working Directory: C:\001_AI\SangoPort\ludots\src\Apps\Raylib\Ludots.App.Raylib\bin\Release\net9.0
INFO: TIMER: Target time per frame: 0.000 milliseconds
INFO: AUDIO: Device initialized successfully
INFO:     > Backend:       miniaudio | WASAPI
INFO:     > Format:        32-bit IEEE Floating Point -> 32-bit IEEE Floating Point
INFO:     > Channels:      2 -> 2
INFO:     > Sample rate:   48000 -> 48000
INFO:     > Periods size:  1440
[INF][Presentation] GPU Accelerated: False (raster UI compositor)
INFO: TEXTURE: [ID 3] Texture loaded successfully (2560x1511 | R8G8B8A8 | 1 mipmaps)
[INF][Presentation] Skia overlay backend: GPU direct framebuffer underlay with raster compositor for UI/top overlay
[INF][Config] Merged fragment from: SangoTerrainMod:assets/Presentation/water_environments.json
[INF][Config] Merged fragment from: SangoTerrainMod:assets/Presentation/terrain_albedo_environments.json
[INF][Engine] Firing GameStart event...
[LudotsCoreMod] Core systems installed
GameData.Init()
SkillConfigManager.Init()
[INF][Engine] [AgentBridge] listening on http://127.0.0.1:47921/ (discovery: C:\001_AI\SangoPort\ludots\artifacts\agent-bridge\sessions\51448.json)
[INF][Mod.AgentBridgeMod] [AgentBridgeMod] Agent bridge active: http://127.0.0.1:47921/ (38 tools)
[INF][Engine] Activated system 'AgentBridge' (group=SchemaUpdate, presentation=True).
[INF][Engine] Loading Map: sango_default
[INF][Map] Loading Map: sango_default
[INF][Config] Merged fragment from: SangoTerrainMod:assets/Maps/sango_default.json
[INF][Map] Map 'sango_default' loaded.
[INF][Map] Creating HexGridBoard 'default' (1x1 macroTiles, hexEdge=2000cm)
[INF][Engine] Created Board 'default' (type=HexGrid) for map 'sango_default'
[INF][Map] Map 'sango_default' pushed to focus (stack depth=1).
[INF][Engine] Loaded VertexMap 4x4 for board 'default'
[INF][Config] Merged fragment from: Core:Navigation/pathing.json
[INF][Engine] Pathing bootstrap skipped for map 'sango_default': no node-graph board or navmesh query service is loaded.
[INF][Engine] Creating Entities from MapConfig...
[INF][Engine] Applied DefaultCamera: yaw=45 pitch=45 dist=400000cm fov=55
[INF][Engine] Firing MapLoaded event for sango_default...
[INF][Mod.SangoSimMod] [SangoEntityMirror] rebuilt for scenario turn 0: 0 cities, 0 persons, 0 troops
[INF][Config] Merged fragment from: LudotsCoreMod:assets/game.json
[INF][Config] Merged fragment from: SangoSimMod:assets/GAS/preset_types.json
[INF][Config] Merged fragment from: SangoSimMod:assets/GAS/effects.json
[INF][Config] Merged fragment from: SangoSimMod:assets/GAS/abilities.json
[INF][Mod.SangoSimMod] [SangoSimMod] M2.a: field layers populated; 88 city markers spawned; M3.b: 177 map labels spawned; M2.b/D-3': troop marker runtime online on native troop entities (0 troops)
INFO: TEXTURE: [ID 4] Texture loaded successfully (1x1 | R8G8B8A8 | 1 mipmaps)
INFO: SHADER: [ID 4] Vertex shader compiled successfully
INFO: SHADER: [ID 5] Fragment shader compiled successfully
INFO: SHADER: [ID 6] Program shader loaded successfully
INFO: FILEIO: [C:\001_AI\SangoPort\ludots\mods\sango\SangoTerrainMod\assets\Textures\terrain_sand.png] File loaded successfully
INFO: IMAGE: Data loaded successfully (256x256 | R8G8B8 | 1 mipmaps)
INFO: TEXTURE: [ID 5] Texture loaded successfully (256x256 | R8G8B8 | 1 mipmaps)
INFO: FILEIO: [C:\001_AI\SangoPort\ludots\mods\sango\SangoTerrainMod\assets\Textures\terrain_grass.png] File loaded successfully
INFO: IMAGE: Data loaded successfully (256x256 | R8G8B8 | 1 mipmaps)
INFO: TEXTURE: [ID 6] Texture loaded successfully (256x256 | R8G8B8 | 1 mipmaps)
INFO: FILEIO: [C:\001_AI\SangoPort\ludots\mods\sango\SangoTerrainMod\assets\Textures\terrain_dirt.png] File loaded successfully
INFO: IMAGE: Data loaded successfully (256x256 | R8G8B8 | 1 mipmaps)
INFO: TEXTURE: [ID 7] Texture loaded successfully (256x256 | R8G8B8 | 1 mipmaps)
INFO: FILEIO: [C:\001_AI\SangoPort\ludots\mods\sango\SangoTerrainMod\assets\Textures\terrain_rock.png] File loaded successfully
INFO: IMAGE: Data loaded successfully (256x256 | R8G8B8 | 1 mipmaps)
INFO: TEXTURE: [ID 8] Texture loaded successfully (256x256 | R8G8B8 | 1 mipmaps)
INFO: FILEIO: [C:\001_AI\SangoPort\ludots\mods\sango\SangoTerrainMod\assets\Textures\terrain_control_weights.png] File loaded successfully
INFO: IMAGE: Data loaded successfully (2048x2048 | R8G8B8A8 | 1 mipmaps)
INFO: TEXTURE: [ID 9] Texture loaded successfully (2048x2048 | R8G8B8A8 | 1 mipmaps)
INFO: TEXTURE: [ID 10] Texture loaded successfully (1280x756 | R8G8B8A8 | 1 mipmaps)
INFO: TEXTURE: [ID 1] Depth renderbuffer loaded successfully (32 bits)
INFO: FBO: [ID 1] Framebuffer object created successfully
INFO: TEXTURE: [ID 11] Texture loaded successfully (1280x756 | R8G8B8A8 | 1 mipmaps)
INFO: TEXTURE: [ID 2] Depth renderbuffer loaded successfully (32 bits)
INFO: FBO: [ID 2] Framebuffer object created successfully
INFO: VAO: [ID 2] Mesh uploaded successfully to VRAM (GPU)
INFO: SHADER: [ID 4] Vertex shader compiled successfully
INFO: SHADER: [ID 5] Fragment shader compiled successfully
INFO: SHADER: [ID 7] Program shader loaded successfully
INFO: FILEIO: [C:\001_AI\SangoPort\ludots\src\Apps\Raylib\Ludots.App.Raylib\bin\Release\net9.0\water.vs] Text file loaded successfully
INFO: FILEIO: [C:\001_AI\SangoPort\ludots\src\Apps\Raylib\Ludots.App.Raylib\bin\Release\net9.0\water.fs] Text file loaded successfully
INFO: SHADER: [ID 4] Vertex shader compiled successfully
INFO: SHADER: [ID 5] Fragment shader compiled successfully
INFO: SHADER: [ID 8] Program shader loaded successfully
INFO: VAO: [ID 3] Mesh uploaded successfully to VRAM (GPU)
INFO: VAO: [ID 4] Mesh uploaded successfully to VRAM (GPU)
INFO: TEXTURE: [ID 12] Texture loaded successfully (200x200 | R8G8B8A8 | 1 mipmaps)
INFO: TEXTURE: [ID 13] Texture loaded successfully (200x200 | R8G8B8A8 | 1 mipmaps)
INFO: VAO: [ID 5] Mesh uploaded successfully to VRAM (GPU)
INFO: VAO: [ID 6] Mesh uploaded successfully to VRAM (GPU)
INFO: VAO: [ID 7] Mesh uploaded successfully to VRAM (GPU)
INFO: VAO: [ID 8] Mesh uploaded successfully to VRAM (GPU)
INFO: FILEIO: [C:\001_AI\SangoPort\ludots\src\Apps\Raylib\Ludots.App.Raylib\bin\Release\net9.0\vfx_unlit_tint.vs] Text file loaded successfully
INFO: FILEIO: [C:\001_AI\SangoPort\ludots\src\Apps\Raylib\Ludots.App.Raylib\bin\Release\net9.0\vfx_unlit_tint.fs] Text file loaded successfully
INFO: SHADER: [ID 4] Vertex shader compiled successfully
INFO: SHADER: [ID 5] Fragment shader compiled successfully
INFO: SHADER: [ID 9] Program shader loaded successfully
INFO: SHADER: [ID 4] Vertex shader compiled successfully
INFO: SHADER: [ID 5] Fragment shader compiled successfully
INFO: SHADER: [ID 10] Program shader loaded successfully
INFO: TEXTURE: [ID 14] Texture loaded successfully (512x512 | R8G8B8A8 | 1 mipmaps)
INFO: TEXTURE: [ID 15] Cubemap texture loaded successfully (64x64)
INFO: FILEIO: [C:\001_AI\SangoPort\ludots\mods\sango\SangoTerrainMod\assets\Models\cc0\castle-kit\wall-corner.glb] File loaded successfully
INFO: MODEL: [C:\001_AI\SangoPort\ludots\mods\sango\SangoTerrainMod\assets\Models\cc0\castle-kit\wall-corner.glb] Model basic data (glb) loaded successfully
INFO:     > Meshes count: 1
INFO:     > Materials count: 1 (+1 default)
INFO: FILEIO: [C:\001_AI\SangoPort\ludots\mods\sango\SangoTerrainMod\assets\Models\cc0\castle-kit/Textures/colormap.png] File loaded successfully
INFO: IMAGE: Data loaded successfully (512x512 | R8G8B8 | 1 mipmaps)
INFO: TEXTURE: [ID 16] Texture loaded successfully (512x512 | R8G8B8 | 1 mipmaps)
INFO: VAO: [ID 9] Mesh uploaded successfully to VRAM (GPU)
INFO: FILEIO: [C:\001_AI\SangoPort\ludots\mods\sango\SangoTerrainMod\assets\Models\cc0\castle-kit\wall.glb] File loaded successfully
INFO: MODEL: [C:\001_AI\SangoPort\ludots\mods\sango\SangoTerrainMod\assets\Models\cc0\castle-kit\wall.glb] Model basic data (glb) loaded successfully
INFO:     > Meshes count: 1
INFO:     > Materials count: 1 (+1 default)
INFO: FILEIO: [C:\001_AI\SangoPort\ludots\mods\sango\SangoTerrainMod\assets\Models\cc0\castle-kit/Textures/colormap.png] File loaded successfully
INFO: IMAGE: Data loaded successfully (512x512 | R8G8B8 | 1 mipmaps)
INFO: TEXTURE: [ID 17] Texture loaded successfully (512x512 | R8G8B8 | 1 mipmaps)
INFO: VAO: [ID 10] Mesh uploaded successfully to VRAM (GPU)
INFO: FILEIO: [C:\001_AI\SangoPort\ludots\mods\sango\SangoTerrainMod\assets\Models\cc0\pirate-kit\castle-gate.glb] File loaded successfully
INFO: MODEL: [C:\001_AI\SangoPort\ludots\mods\sango\SangoTerrainMod\assets\Models\cc0\pirate-kit\castle-gate.glb] Model basic data (glb) loaded successfully
INFO:     > Meshes count: 1
INFO:     > Materials count: 1 (+1 default)
INFO: FILEIO: [C:\001_AI\SangoPort\ludots\mods\sango\SangoTerrainMod\assets\Models\cc0\pirate-kit/Textures/colormap.png] File loaded successfully
INFO: IMAGE: Data loaded successfully (512x512 | R8G8B8A8 | 1 mipmaps)
INFO: TEXTURE: [ID 18] Texture loaded successfully (512x512 | R8G8B8A8 | 1 mipmaps)
INFO: VAO: [ID 11] Mesh uploaded successfully to VRAM (GPU)
INFO: FILEIO: [C:\001_AI\SangoPort\ludots\mods\sango\SangoTerrainMod\assets\Models\cc0\castle-kit\flag-banner-long.glb] File loaded successfully
INFO: MODEL: [C:\001_AI\SangoPort\ludots\mods\sango\SangoTerrainMod\assets\Models\cc0\castle-kit\flag-banner-long.glb] Model basic data (glb) loaded successfully
INFO:     > Meshes count: 1
INFO:     > Materials count: 1 (+1 default)
INFO: FILEIO: [C:\001_AI\SangoPort\ludots\mods\sango\SangoTerrainMod\assets\Models\cc0\castle-kit/Textures/colormap.png] File loaded successfully
INFO: IMAGE: Data loaded successfully (512x512 | R8G8B8 | 1 mipmaps)
INFO: TEXTURE: [ID 19] Texture loaded successfully (512x512 | R8G8B8 | 1 mipmaps)
INFO: VAO: [ID 12] Mesh uploaded successfully to VRAM (GPU)
INFO: FILEIO: [C:\001_AI\SangoPort\ludots\mods\sango\SangoTerrainMod\assets\Models\cc0\castle-kit\flag.glb] File loaded successfully
INFO: MODEL: [C:\001_AI\SangoPort\ludots\mods\sango\SangoTerrainMod\assets\Models\cc0\castle-kit\flag.glb] Model basic data (glb) loaded successfully
INFO:     > Meshes count: 1
INFO:     > Materials count: 1 (+1 default)
INFO: FILEIO: [C:\001_AI\SangoPort\ludots\mods\sango\SangoTerrainMod\assets\Models\cc0\castle-kit/Textures/colormap.png] File loaded successfully
INFO: IMAGE: Data loaded successfully (512x512 | R8G8B8 | 1 mipmaps)
INFO: TEXTURE: [ID 20] Texture loaded successfully (512x512 | R8G8B8 | 1 mipmaps)
INFO: VAO: [ID 13] Mesh uploaded successfully to VRAM (GPU)
INFO: FILEIO: [C:\001_AI\SangoPort\ludots\mods\sango\SangoTerrainMod\assets\Models\cc0\pirate-kit\tower-watch.glb] File loaded successfully
INFO: MODEL: [C:\001_AI\SangoPort\ludots\mods\sango\SangoTerrainMod\assets\Models\cc0\pirate-kit\tower-watch.glb] Model basic data (glb) loaded successfully
INFO:     > Meshes count: 1
INFO:     > Materials count: 1 (+1 default)
INFO: FILEIO: [C:\001_AI\SangoPort\ludots\mods\sango\SangoTerrainMod\assets\Models\cc0\pirate-kit/Textures/colormap.png] File loaded successfully
INFO: IMAGE: Data loaded successfully (512x512 | R8G8B8A8 | 1 mipmaps)
INFO: TEXTURE: [ID 21] Texture loaded successfully (512x512 | R8G8B8A8 | 1 mipmaps)
INFO: VAO: [ID 14] Mesh uploaded successfully to VRAM (GPU)
INFO: FILEIO: [C:\001_AI\SangoPort\ludots\mods\sango\SangoTerrainMod\assets\Models\cc0\pirate-kit\ship-small.glb] File loaded successfully
INFO: MODEL: [C:\001_AI\SangoPort\ludots\mods\sango\SangoTerrainMod\assets\Models\cc0\pirate-kit\ship-small.glb] Model basic data (glb) loaded successfully
INFO:     > Meshes count: 4
INFO:     > Materials count: 1 (+1 default)
INFO: FILEIO: [C:\001_AI\SangoPort\ludots\mods\sango\SangoTerrainMod\assets\Models\cc0\pirate-kit/Textures/colormap.png] File loaded successfully
INFO: IMAGE: Data loaded successfully (512x512 | R8G8B8A8 | 1 mipmaps)
INFO: TEXTURE: [ID 22] Texture loaded successfully (512x512 | R8G8B8A8 | 1 mipmaps)
INFO: VAO: [ID 15] Mesh uploaded successfully to VRAM (GPU)
INFO: VAO: [ID 16] Mesh uploaded successfully to VRAM (GPU)
INFO: VAO: [ID 17] Mesh uploaded successfully to VRAM (GPU)
INFO: VAO: [ID 18] Mesh uploaded successfully to VRAM (GPU)
INFO: FILEIO: [C:\001_AI\SangoPort\ludots\mods\sango\SangoTerrainMod\assets\Models\cc0\pirate-kit\crate.glb] File loaded successfully
INFO: MODEL: [C:\001_AI\SangoPort\ludots\mods\sango\SangoTerrainMod\assets\Models\cc0\pirate-kit\crate.glb] Model basic data (glb) loaded successfully
INFO:     > Meshes count: 1
INFO:     > Materials count: 1 (+1 default)
INFO: FILEIO: [C:\001_AI\SangoPort\ludots\mods\sango\SangoTerrainMod\assets\Models\cc0\pirate-kit/Textures/colormap.png] File loaded successfully
INFO: IMAGE: Data loaded successfully (512x512 | R8G8B8A8 | 1 mipmaps)
INFO: TEXTURE: [ID 23] Texture loaded successfully (512x512 | R8G8B8A8 | 1 mipmaps)
INFO: VAO: [ID 19] Mesh uploaded successfully to VRAM (GPU)
INFO: FILEIO: [C:\001_AI\SangoPort\ludots\mods\sango\SangoTerrainMod\assets\Models\cc0\pirate-kit\flag-high-pennant.glb] File loaded successfully
INFO: MODEL: [C:\001_AI\SangoPort\ludots\mods\sango\SangoTerrainMod\assets\Models\cc0\pirate-kit\flag-high-pennant.glb] Model basic data (glb) loaded successfully
INFO:     > Meshes count: 1
INFO:     > Materials count: 1 (+1 default)
INFO: FILEIO: [C:\001_AI\SangoPort\ludots\mods\sango\SangoTerrainMod\assets\Models\cc0\pirate-kit/Textures/colormap.png] File loaded successfully
INFO: IMAGE: Data loaded successfully (512x512 | R8G8B8A8 | 1 mipmaps)
INFO: TEXTURE: [ID 24] Texture loaded successfully (512x512 | R8G8B8A8 | 1 mipmaps)
INFO: VAO: [ID 20] Mesh uploaded successfully to VRAM (GPU)
INFO: FILEIO: [C:\001_AI\SangoPort\ludots\mods\sango\SangoTerrainMod\assets\Models\cc0\pirate-kit\structure-platform-dock.glb] File loaded successfully
INFO: MODEL: [C:\001_AI\SangoPort\ludots\mods\sango\SangoTerrainMod\assets\Models\cc0\pirate-kit\structure-platform-dock.glb] Model basic data (glb) loaded successfully
INFO:     > Meshes count: 1
INFO:     > Materials count: 1 (+1 default)
INFO: FILEIO: [C:\001_AI\SangoPort\ludots\mods\sango\SangoTerrainMod\assets\Models\cc0\pirate-kit/Textures/colormap.png] File loaded successfully
INFO: IMAGE: Data loaded successfully (512x512 | R8G8B8A8 | 1 mipmaps)
INFO: TEXTURE: [ID 25] Texture loaded successfully (512x512 | R8G8B8A8 | 1 mipmaps)
INFO: VAO: [ID 21] Mesh uploaded successfully to VRAM (GPU)
INFO: FILEIO: [C:\001_AI\SangoPort\ludots\mods\sango\SangoTerrainMod\assets\Models\cc0\castle-kit\tower-square.glb] File loaded successfully
INFO: MODEL: [C:\001_AI\SangoPort\ludots\mods\sango\SangoTerrainMod\assets\Models\cc0\castle-kit\tower-square.glb] Model basic data (glb) loaded successfully
INFO:     > Meshes count: 1
INFO:     > Materials count: 1 (+1 default)
INFO: FILEIO: [C:\001_AI\SangoPort\ludots\mods\sango\SangoTerrainMod\assets\Models\cc0\castle-kit/Textures/colormap.png] File loaded successfully
INFO: IMAGE: Data loaded successfully (512x512 | R8G8B8 | 1 mipmaps)
INFO: TEXTURE: [ID 26] Texture loaded successfully (512x512 | R8G8B8 | 1 mipmaps)
INFO: VAO: [ID 22] Mesh uploaded successfully to VRAM (GPU)
INFO: FILEIO: [C:\001_AI\SangoPort\ludots\mods\sango\SangoTerrainMod\assets\Models\cc0\castle-kit\tree-large.glb] File loaded successfully
INFO: MODEL: [C:\001_AI\SangoPort\ludots\mods\sango\SangoTerrainMod\assets\Models\cc0\castle-kit\tree-large.glb] Model basic data (glb) loaded successfully
INFO:     > Meshes count: 1
INFO:     > Materials count: 1 (+1 default)
INFO: FILEIO: [C:\001_AI\SangoPort\ludots\mods\sango\SangoTerrainMod\assets\Models\cc0\castle-kit/Textures/colormap.png] File loaded successfully
INFO: IMAGE: Data loaded successfully (512x512 | R8G8B8 | 1 mipmaps)
INFO: TEXTURE: [ID 27] Texture loaded successfully (512x512 | R8G8B8 | 1 mipmaps)
INFO: VAO: [ID 23] Mesh uploaded successfully to VRAM (GPU)
INFO: FILEIO: [C:\001_AI\SangoPort\ludots\mods\sango\SangoTerrainMod\assets\Models\cc0\castle-kit\tree-small.glb] File loaded successfully
INFO: MODEL: [C:\001_AI\SangoPort\ludots\mods\sango\SangoTerrainMod\assets\Models\cc0\castle-kit\tree-small.glb] Model basic data (glb) loaded successfully
INFO:     > Meshes count: 1
INFO:     > Materials count: 1 (+1 default)
INFO: FILEIO: [C:\001_AI\SangoPort\ludots\mods\sango\SangoTerrainMod\assets\Models\cc0\castle-kit/Textures/colormap.png] File loaded successfully
INFO: IMAGE: Data loaded successfully (512x512 | R8G8B8 | 1 mipmaps)
INFO: TEXTURE: [ID 28] Texture loaded successfully (512x512 | R8G8B8 | 1 mipmaps)
INFO: VAO: [ID 24] Mesh uploaded successfully to VRAM (GPU)
INFO: FILEIO: [C:\001_AI\SangoPort\ludots\mods\sango\SangoTerrainMod\assets\Models\cc0\castle-kit\rocks-large.glb] File loaded successfully
INFO: MODEL: [C:\001_AI\SangoPort\ludots\mods\sango\SangoTerrainMod\assets\Models\cc0\castle-kit\rocks-large.glb] Model basic data (glb) loaded successfully
INFO:     > Meshes count: 1
INFO:     > Materials count: 1 (+1 default)
INFO: FILEIO: [C:\001_AI\SangoPort\ludots\mods\sango\SangoTerrainMod\assets\Models\cc0\castle-kit/Textures/colormap.png] File loaded successfully
INFO: IMAGE: Data loaded successfully (512x512 | R8G8B8 | 1 mipmaps)
INFO: TEXTURE: [ID 29] Texture loaded successfully (512x512 | R8G8B8 | 1 mipmaps)
INFO: VAO: [ID 25] Mesh uploaded successfully to VRAM (GPU)
INFO: FILEIO: [C:\001_AI\SangoPort\ludots\mods\sango\SangoTerrainMod\assets\Models\cc0\castle-kit\rocks-small.glb] File loaded successfully
INFO: MODEL: [C:\001_AI\SangoPort\ludots\mods\sango\SangoTerrainMod\assets\Models\cc0\castle-kit\rocks-small.glb] Model basic data (glb) loaded successfully
INFO:     > Meshes count: 1
INFO:     > Materials count: 1 (+1 default)
INFO: FILEIO: [C:\001_AI\SangoPort\ludots\mods\sango\SangoTerrainMod\assets\Models\cc0\castle-kit/Textures/colormap.png] File loaded successfully
INFO: IMAGE: Data loaded successfully (512x512 | R8G8B8 | 1 mipmaps)
INFO: TEXTURE: [ID 30] Texture loaded successfully (512x512 | R8G8B8 | 1 mipmaps)
INFO: VAO: [ID 26] Mesh uploaded successfully to VRAM (GPU)
INFO: TEXTURE: [ID 31] Texture loaded successfully (2560x1511 | R8G8B8A8 | 1 mipmaps)
GameData.Init()
SkillConfigManager.Init()
[INF][Config] Merged fragment from: LudotsCoreMod:assets/game.json
[INF][Config] Merged fragment from: SangoSimMod:assets/GAS/preset_types.json
[INF][Config] Merged fragment from: SangoSimMod:assets/GAS/effects.json
[INF][Config] Merged fragment from: SangoSimMod:assets/GAS/abilities.json
[INF][Mod.SangoSimMod] [SangoSimMod] M2.a: field layers populated; 88 city markers spawned; M3.b: 177 map labels spawned; M2.b/D-3': troop marker runtime online on native troop entities (0 troops)
[INF][Mod.SangoSimMod] [SangoEntityMirror] rebuilt for scenario turn 0: 0 cities, 0 persons, 0 troops
INFO: VAO: [ID 27] Mesh uploaded successfully to VRAM (GPU)
INFO: VAO: [ID 28] Mesh uploaded successfully to VRAM (GPU)
INFO: VAO: [ID 29] Mesh uploaded successfully to VRAM (GPU)
INFO: VAO: [ID 30] Mesh uploaded successfully to VRAM (GPU)
INFO: VAO: [ID 31] Mesh uploaded successfully to VRAM (GPU)
INFO: VAO: [ID 32] Mesh uploaded successfully to VRAM (GPU)
INFO: VAO: [ID 33] Mesh uploaded successfully to VRAM (GPU)
INFO: VAO: [ID 34] Mesh uploaded successfully to VRAM (GPU)
INFO: VAO: [ID 35] Mesh uploaded successfully to VRAM (GPU)
INFO: VAO: [ID 36] Mesh uploaded successfully to VRAM (GPU)
INFO: VAO: [ID 37] Mesh uploaded successfully to VRAM (GPU)
INFO: VAO: [ID 38] Mesh uploaded successfully to VRAM (GPU)
INFO: VAO: [ID 39] Mesh uploaded successfully to VRAM (GPU)
INFO: VAO: [ID 40] Mesh uploaded successfully to VRAM (GPU)
INFO: VAO: [ID 41] Mesh uploaded successfully to VRAM (GPU)
INFO: VAO: [ID 42] Mesh uploaded successfully to VRAM (GPU)
INFO: VAO: [ID 43] Mesh uploaded successfully to VRAM (GPU)
INFO: VAO: [ID 44] Mesh uploaded successfully to VRAM (GPU)
INFO: VAO: [ID 45] Mesh uploaded successfully to VRAM (GPU)
INFO: VAO: [ID 46] Mesh uploaded successfully to VRAM (GPU)
INFO: VAO: [ID 47] Mesh uploaded successfully to VRAM (GPU)
INFO: VAO: [ID 48] Mesh uploaded successfully to VRAM (GPU)
INFO: VAO: [ID 49] Mesh uploaded successfully to VRAM (GPU)
INFO: VAO: [ID 50] Mesh uploaded successfully to VRAM (GPU)
INFO: VAO: [ID 51] Mesh uploaded successfully to VRAM (GPU)
INFO: VAO: [ID 52] Mesh uploaded successfully to VRAM (GPU)
INFO: VAO: [ID 53] Mesh uploaded successfully to VRAM (GPU)
INFO: VAO: [ID 54] Mesh uploaded successfully to VRAM (GPU)
INFO: VAO: [ID 55] Mesh uploaded successfully to VRAM (GPU)
INFO: VAO: [ID 56] Mesh uploaded successfully to VRAM (GPU)
INFO: VAO: [ID 57] Mesh uploaded successfully to VRAM (GPU)
INFO: VAO: [ID 58] Mesh uploaded successfully to VRAM (GPU)
INFO: VAO: [ID 59] Mesh uploaded successfully to VRAM (GPU)
INFO: VAO: [ID 60] Mesh uploaded successfully to VRAM (GPU)
INFO: VAO: [ID 61] Mesh uploaded successfully to VRAM (GPU)
INFO: VAO: [ID 62] Mesh uploaded successfully to VRAM (GPU)
INFO: VAO: [ID 63] Mesh uploaded successfully to VRAM (GPU)
INFO: VAO: [ID 64] Mesh uploaded successfully to VRAM (GPU)
INFO: VAO: [ID 65] Mesh uploaded successfully to VRAM (GPU)
INFO: VAO: [ID 66] Mesh uploaded successfully to VRAM (GPU)
INFO: VAO: [ID 67] Mesh uploaded successfully to VRAM (GPU)
INFO: VAO: [ID 68] Mesh uploaded successfully to VRAM (GPU)
INFO: VAO: [ID 69] Mesh uploaded successfully to VRAM (GPU)
INFO: VAO: [ID 70] Mesh uploaded successfully to VRAM (GPU)
INFO: VAO: [ID 71] Mesh uploaded successfully to VRAM (GPU)
INFO: VAO: [ID 72] Mesh uploaded successfully to VRAM (GPU)
INFO: VAO: [ID 73] Mesh uploaded successfully to VRAM (GPU)
INFO: VAO: [ID 74] Mesh uploaded successfully to VRAM (GPU)
INFO: VAO: [ID 75] Mesh uploaded successfully to VRAM (GPU)
INFO: VAO: [ID 76] Mesh uploaded successfully to VRAM (GPU)
INFO: VAO: [ID 77] Mesh uploaded successfully to VRAM (GPU)
INFO: VAO: [ID 78] Mesh uploaded successfully to VRAM (GPU)
INFO: VAO: [ID 79] Mesh uploaded successfully to VRAM (GPU)
INFO: VAO: [ID 80] Mesh uploaded successfully to VRAM (GPU)
INFO: VAO: [ID 81] Mesh uploaded successfully to VRAM (GPU)
INFO: VAO: [ID 82] Mesh uploaded successfully to VRAM (GPU)
INFO: VAO: [ID 83] Mesh uploaded successfully to VRAM (GPU)
INFO: VAO: [ID 84] Mesh uploaded successfully to VRAM (GPU)
INFO: VAO: [ID 85] Mesh uploaded successfully to VRAM (GPU)
INFO: VAO: [ID 86] Mesh uploaded successfully to VRAM (GPU)
INFO: VAO: [ID 87] Mesh uploaded successfully to VRAM (GPU)
INFO: VAO: [ID 88] Mesh uploaded successfully to VRAM (GPU)
INFO: VAO: [ID 89] Mesh uploaded successfully to VRAM (GPU)
INFO: VAO: [ID 90] Mesh uploaded successfully to VRAM (GPU)
INFO: VAO: [ID 91] Mesh uploaded successfully to VRAM (GPU)
INFO: VAO: [ID 92] Mesh uploaded successfully to VRAM (GPU)
INFO: VAO: [ID 93] Mesh uploaded successfully to VRAM (GPU)
INFO: VAO: [ID 94] Mesh uploaded successfully to VRAM (GPU)
INFO: VAO: [ID 95] Mesh uploaded successfully to VRAM (GPU)
INFO: VAO: [ID 96] Mesh uploaded successfully to VRAM (GPU)
INFO: VAO: [ID 97] Mesh uploaded successfully to VRAM (GPU)
INFO: VAO: [ID 98] Mesh uploaded successfully to VRAM (GPU)
INFO: VAO: [ID 99] Mesh uploaded successfully to VRAM (GPU)
INFO: VAO: [ID 100] Mesh uploaded successfully to VRAM (GPU)
INFO: VAO: [ID 101] Mesh uploaded successfully to VRAM (GPU)
INFO: VAO: [ID 102] Mesh uploaded successfully to VRAM (GPU)
INFO: VAO: [ID 103] Mesh uploaded successfully to VRAM (GPU)
INFO: VAO: [ID 104] Mesh uploaded successfully to VRAM (GPU)
INFO: VAO: [ID 105] Mesh uploaded successfully to VRAM (GPU)
INFO: VAO: [ID 106] Mesh uploaded successfully to VRAM (GPU)
INFO: VAO: [ID 107] Mesh uploaded successfully to VRAM (GPU)
INFO: VAO: [ID 108] Mesh uploaded successfully to VRAM (GPU)
INFO: VAO: [ID 109] Mesh uploaded successfully to VRAM (GPU)
INFO: VAO: [ID 110] Mesh uploaded successfully to VRAM (GPU)
INFO: VAO: [ID 111] Mesh uploaded successfully to VRAM (GPU)
INFO: VAO: [ID 112] Mesh uploaded successfully to VRAM (GPU)
INFO: VAO: [ID 113] Mesh uploaded successfully to VRAM (GPU)
INFO: VAO: [ID 114] Mesh uploaded successfully to VRAM (GPU)
INFO: VAO: [ID 115] Mesh uploaded successfully to VRAM (GPU)
INFO: VAO: [ID 116] Mesh uploaded successfully to VRAM (GPU)
INFO: VAO: [ID 117] Mesh uploaded successfully to VRAM (GPU)
INFO: VAO: [ID 118] Mesh uploaded successfully to VRAM (GPU)
INFO: VAO: [ID 119] Mesh uploaded successfully to VRAM (GPU)
INFO: VAO: [ID 120] Mesh uploaded successfully to VRAM (GPU)
INFO: VAO: [ID 121] Mesh uploaded successfully to VRAM (GPU)
INFO: VAO: [ID 122] Mesh uploaded successfully to VRAM (GPU)
INFO: VAO: [ID 123] Mesh uploaded successfully to VRAM (GPU)
INFO: VAO: [ID 124] Mesh uploaded successfully to VRAM (GPU)
INFO: VAO: [ID 125] Mesh uploaded successfully to VRAM (GPU)
INFO: VAO: [ID 126] Mesh uploaded successfully to VRAM (GPU)
INFO: VAO: [ID 127] Mesh uploaded successfully to VRAM (GPU)
INFO: VAO: [ID 128] Mesh uploaded successfully to VRAM (GPU)
INFO: VAO: [ID 129] Mesh uploaded successfully to VRAM (GPU)
INFO: VAO: [ID 130] Mesh uploaded successfully to VRAM (GPU)
INFO: VAO: [ID 131] Mesh uploaded successfully to VRAM (GPU)
INFO: VAO: [ID 132] Mesh uploaded successfully to VRAM (GPU)
INFO: VAO: [ID 133] Mesh uploaded successfully to VRAM (GPU)
INFO: VAO: [ID 134] Mesh uploaded successfully to VRAM (GPU)
INFO: VAO: [ID 135] Mesh uploaded successfully to VRAM (GPU)
INFO: VAO: [ID 136] Mesh uploaded successfully to VRAM (GPU)
INFO: VAO: [ID 137] Mesh uploaded successfully to VRAM (GPU)
INFO: VAO: [ID 138] Mesh uploaded successfully to VRAM (GPU)
INFO: VAO: [ID 139] Mesh uploaded successfully to VRAM (GPU)
INFO: VAO: [ID 140] Mesh uploaded successfully to VRAM (GPU)
INFO: VAO: [ID 141] Mesh uploaded successfully to VRAM (GPU)
INFO: VAO: [ID 142] Mesh uploaded successfully to VRAM (GPU)
INFO: VAO: [ID 143] Mesh uploaded successfully to VRAM (GPU)
INFO: VAO: [ID 144] Mesh uploaded successfully to VRAM (GPU)
INFO: VAO: [ID 145] Mesh uploaded successfully to VRAM (GPU)
INFO: VAO: [ID 146] Mesh uploaded successfully to VRAM (GPU)
INFO: VAO: [ID 147] Mesh uploaded successfully to VRAM (GPU)
INFO: VAO: [ID 148] Mesh uploaded successfully to VRAM (GPU)
INFO: VAO: [ID 149] Mesh uploaded successfully to VRAM (GPU)
INFO: VAO: [ID 150] Mesh uploaded successfully to VRAM (GPU)
INFO: VAO: [ID 151] Mesh uploaded successfully to VRAM (GPU)
INFO: VAO: [ID 152] Mesh uploaded successfully to VRAM (GPU)
INFO: VAO: [ID 153] Mesh uploaded successfully to VRAM (GPU)
INFO: VAO: [ID 154] Mesh uploaded successfully to VRAM (GPU)
INFO: VAO: [ID 155] Mesh uploaded successfully to VRAM (GPU)
INFO: VAO: [ID 156] Mesh uploaded successfully to VRAM (GPU)
INFO: VAO: [ID 157] Mesh uploaded successfully to VRAM (GPU)
INFO: VAO: [ID 158] Mesh uploaded successfully to VRAM (GPU)
INFO: VAO: [ID 159] Mesh uploaded successfully to VRAM (GPU)
INFO: VAO: [ID 160] Mesh uploaded successfully to VRAM (GPU)
INFO: VAO: [ID 161] Mesh uploaded successfully to VRAM (GPU)
INFO: VAO: [ID 162] Mesh uploaded successfully to VRAM (GPU)
INFO: VAO: [ID 163] Mesh uploaded successfully to VRAM (GPU)
INFO: VAO: [ID 164] Mesh uploaded successfully to VRAM (GPU)
INFO: VAO: [ID 165] Mesh uploaded successfully to VRAM (GPU)
INFO: VAO: [ID 166] Mesh uploaded successfully to VRAM (GPU)
INFO: VAO: [ID 167] Mesh uploaded successfully to VRAM (GPU)
INFO: VAO: [ID 168] Mesh uploaded successfully to VRAM (GPU)
INFO: VAO: [ID 169] Mesh uploaded successfully to VRAM (GPU)
INFO: VAO: [ID 170] Mesh uploaded successfully to VRAM (GPU)
INFO: VAO: [ID 171] Mesh uploaded successfully to VRAM (GPU)
INFO: VAO: [ID 172] Mesh uploaded successfully to VRAM (GPU)
INFO: VAO: [ID 173] Mesh uploaded successfully to VRAM (GPU)
INFO: VAO: [ID 174] Mesh uploaded successfully to VRAM (GPU)
INFO: VAO: [ID 175] Mesh uploaded successfully to VRAM (GPU)
INFO: VAO: [ID 176] Mesh uploaded successfully to VRAM (GPU)
INFO: VAO: [ID 177] Mesh uploaded successfully to VRAM (GPU)
INFO: VAO: [ID 178] Mesh uploaded successfully to VRAM (GPU)
INFO: VAO: [ID 179] Mesh uploaded successfully to VRAM (GPU)
INFO: VAO: [ID 180] Mesh uploaded successfully to VRAM (GPU)
INFO: VAO: [ID 181] Mesh uploaded successfully to VRAM (GPU)
INFO: VAO: [ID 182] Mesh uploaded successfully to VRAM (GPU)
INFO: VAO: [ID 183] Mesh uploaded successfully to VRAM (GPU)
INFO: VAO: [ID 184] Mesh uploaded successfully to VRAM (GPU)
INFO: VAO: [ID 185] Mesh uploaded successfully to VRAM (GPU)
INFO: VAO: [ID 186] Mesh uploaded successfully to VRAM (GPU)
INFO: VAO: [ID 187] Mesh uploaded successfully to VRAM (GPU)
INFO: VAO: [ID 188] Mesh uploaded successfully to VRAM (GPU)
INFO: VAO: [ID 189] Mesh uploaded successfully to VRAM (GPU)
INFO: VAO: [ID 190] Mesh uploaded successfully to VRAM (GPU)
INFO: VAO: [ID 191] Mesh uploaded successfully to VRAM (GPU)
INFO: VAO: [ID 192] Mesh uploaded successfully to VRAM (GPU)
INFO: VAO: [ID 193] Mesh uploaded successfully to VRAM (GPU)
INFO: VAO: [ID 194] Mesh uploaded successfully to VRAM (GPU)
INFO: VAO: [ID 195] Mesh uploaded successfully to VRAM (GPU)
INFO: VAO: [ID 196] Mesh uploaded successfully to VRAM (GPU)
INFO: VAO: [ID 197] Mesh uploaded successfully to VRAM (GPU)
INFO: VAO: [ID 198] Mesh uploaded successfully to VRAM (GPU)
INFO: VAO: [ID 199] Mesh uploaded successfully to VRAM (GPU)
INFO: VAO: [ID 200] Mesh uploaded successfully to VRAM (GPU)
INFO: VAO: [ID 201] Mesh uploaded successfully to VRAM (GPU)
INFO: VAO: [ID 202] Mesh uploaded successfully to VRAM (GPU)
INFO: VAO: [ID 203] Mesh uploaded successfully to VRAM (GPU)
INFO: VAO: [ID 204] Mesh uploaded successfully to VRAM (GPU)
INFO: VAO: [ID 205] Mesh uploaded successfully to VRAM (GPU)
INFO: VAO: [ID 206] Mesh uploaded successfully to VRAM (GPU)
INFO: VAO: [ID 207] Mesh uploaded successfully to VRAM (GPU)
INFO: VAO: [ID 208] Mesh uploaded successfully to VRAM (GPU)
INFO: VAO: [ID 209] Mesh uploaded successfully to VRAM (GPU)
INFO: VAO: [ID 210] Mesh uploaded successfully to VRAM (GPU)
INFO: VAO: [ID 211] Mesh uploaded successfully to VRAM (GPU)
INFO: VAO: [ID 212] Mesh uploaded successfully to VRAM (GPU)
INFO: VAO: [ID 213] Mesh uploaded successfully to VRAM (GPU)
INFO: VAO: [ID 214] Mesh uploaded successfully to VRAM (GPU)
INFO: VAO: [ID 215] Mesh uploaded successfully to VRAM (GPU)
INFO: VAO: [ID 216] Mesh uploaded successfully to VRAM (GPU)
INFO: VAO: [ID 217] Mesh uploaded successfully to VRAM (GPU)
INFO: VAO: [ID 218] Mesh uploaded successfully to VRAM (GPU)
INFO: VAO: [ID 219] Mesh uploaded successfully to VRAM (GPU)
INFO: VAO: [ID 220] Mesh uploaded successfully to VRAM (GPU)
INFO: VAO: [ID 221] Mesh uploaded successfully to VRAM (GPU)
INFO: VAO: [ID 222] Mesh uploaded successfully to VRAM (GPU)
INFO: VAO: [ID 223] Mesh uploaded successfully to VRAM (GPU)
INFO: VAO: [ID 224] Mesh uploaded successfully to VRAM (GPU)
INFO: VAO: [ID 225] Mesh uploaded successfully to VRAM (GPU)
INFO: VAO: [ID 226] Mesh uploaded successfully to VRAM (GPU)
INFO: VAO: [ID 227] Mesh uploaded successfully to VRAM (GPU)
INFO: VAO: [ID 228] Mesh uploaded successfully to VRAM (GPU)
INFO: VAO: [ID 229] Mesh uploaded successfully to VRAM (GPU)
INFO: VAO: [ID 230] Mesh uploaded successfully to VRAM (GPU)
INFO: VAO: [ID 231] Mesh uploaded successfully to VRAM (GPU)
INFO: VAO: [ID 232] Mesh uploaded successfully to VRAM (GPU)
INFO: VAO: [ID 233] Mesh uploaded successfully to VRAM (GPU)
INFO: VAO: [ID 234] Mesh uploaded successfully to VRAM (GPU)
INFO: VAO: [ID 235] Mesh uploaded successfully to VRAM (GPU)
INFO: VAO: [ID 236] Mesh uploaded successfully to VRAM (GPU)
INFO: VAO: [ID 237] Mesh uploaded successfully to VRAM (GPU)
INFO: VAO: [ID 238] Mesh uploaded successfully to VRAM (GPU)
INFO: VAO: [ID 239] Mesh uploaded successfully to VRAM (GPU)
INFO: VAO: [ID 240] Mesh uploaded successfully to VRAM (GPU)
INFO: VAO: [ID 241] Mesh uploaded successfully to VRAM (GPU)
INFO: VAO: [ID 242] Mesh uploaded successfully to VRAM (GPU)
INFO: VAO: [ID 243] Mesh uploaded successfully to VRAM (GPU)
INFO: VAO: [ID 244] Mesh uploaded successfully to VRAM (GPU)
INFO: VAO: [ID 245] Mesh uploaded successfully to VRAM (GPU)
INFO: VAO: [ID 246] Mesh uploaded successfully to VRAM (GPU)
INFO: VAO: [ID 247] Mesh uploaded successfully to VRAM (GPU)
INFO: VAO: [ID 248] Mesh uploaded successfully to VRAM (GPU)
INFO: VAO: [ID 249] Mesh uploaded successfully to VRAM (GPU)
INFO: VAO: [ID 250] Mesh uploaded successfully to VRAM (GPU)
INFO: VAO: [ID 251] Mesh uploaded successfully to VRAM (GPU)
INFO: VAO: [ID 252] Mesh uploaded successfully to VRAM (GPU)
INFO: VAO: [ID 253] Mesh uploaded successfully to VRAM (GPU)
INFO: VAO: [ID 254] Mesh uploaded successfully to VRAM (GPU)
INFO: VAO: [ID 255] Mesh uploaded successfully to VRAM (GPU)
INFO: VAO: [ID 256] Mesh uploaded successfully to VRAM (GPU)
INFO: VAO: [ID 257] Mesh uploaded successfully to VRAM (GPU)
INFO: VAO: [ID 258] Mesh uploaded successfully to VRAM (GPU)
INFO: VAO: [ID 259] Mesh uploaded successfully to VRAM (GPU)
INFO: VAO: [ID 260] Mesh uploaded successfully to VRAM (GPU)
INFO: VAO: [ID 261] Mesh uploaded successfully to VRAM (GPU)
INFO: VAO: [ID 262] Mesh uploaded successfully to VRAM (GPU)
INFO: VAO: [ID 263] Mesh uploaded successfully to VRAM (GPU)
INFO: VAO: [ID 264] Mesh uploaded successfully to VRAM (GPU)
INFO: VAO: [ID 265] Mesh uploaded successfully to VRAM (GPU)
INFO: VAO: [ID 266] Mesh uploaded successfully to VRAM (GPU)
INFO: VAO: [ID 267] Mesh uploaded successfully to VRAM (GPU)
INFO: VAO: [ID 268] Mesh uploaded successfully to VRAM (GPU)
INFO: VAO: [ID 269] Mesh uploaded successfully to VRAM (GPU)
INFO: VAO: [ID 270] Mesh uploaded successfully to VRAM (GPU)
INFO: VAO: [ID 271] Mesh uploaded successfully to VRAM (GPU)
INFO: VAO: [ID 272] Mesh uploaded successfully to VRAM (GPU)
INFO: VAO: [ID 273] Mesh uploaded successfully to VRAM (GPU)
INFO: VAO: [ID 274] Mesh uploaded successfully to VRAM (GPU)
INFO: VAO: [ID 275] Mesh uploaded successfully to VRAM (GPU)
INFO: VAO: [ID 276] Mesh uploaded successfully to VRAM (GPU)
INFO: VAO: [ID 277] Mesh uploaded successfully to VRAM (GPU)
INFO: VAO: [ID 278] Mesh uploaded successfully to VRAM (GPU)
INFO: VAO: [ID 279] Mesh uploaded successfully to VRAM (GPU)
INFO: VAO: [ID 280] Mesh uploaded successfully to VRAM (GPU)
INFO: VAO: [ID 281] Mesh uploaded successfully to VRAM (GPU)
INFO: VAO: [ID 282] Mesh uploaded successfully to VRAM (GPU)
INFO: VAO: [ID 283] Mesh uploaded successfully to VRAM (GPU)
INFO: VAO: [ID 284] Mesh uploaded successfully to VRAM (GPU)
INFO: VAO: [ID 285] Mesh uploaded successfully to VRAM (GPU)
INFO: VAO: [ID 286] Mesh uploaded successfully to VRAM (GPU)
INFO: VAO: [ID 287] Mesh uploaded successfully to VRAM (GPU)
INFO: VAO: [ID 288] Mesh uploaded successfully to VRAM (GPU)
INFO: VAO: [ID 289] Mesh uploaded successfully to VRAM (GPU)
INFO: VAO: [ID 290] Mesh uploaded successfully to VRAM (GPU)
INFO: VAO: [ID 291] Mesh uploaded successfully to VRAM (GPU)
INFO: VAO: [ID 292] Mesh uploaded successfully to VRAM (GPU)
INFO: VAO: [ID 293] Mesh uploaded successfully to VRAM (GPU)
INFO: VAO: [ID 294] Mesh uploaded successfully to VRAM (GPU)
INFO: VAO: [ID 295] Mesh uploaded successfully to VRAM (GPU)
INFO: VAO: [ID 296] Mesh uploaded successfully to VRAM (GPU)
INFO: VAO: [ID 297] Mesh uploaded successfully to VRAM (GPU)
INFO: VAO: [ID 298] Mesh uploaded successfully to VRAM (GPU)
INFO: VAO: [ID 299] Mesh uploaded successfully to VRAM (GPU)
INFO: VAO: [ID 300] Mesh uploaded successfully to VRAM (GPU)
INFO: VAO: [ID 301] Mesh uploaded successfully to VRAM (GPU)
INFO: VAO: [ID 302] Mesh uploaded successfully to VRAM (GPU)
INFO: VAO: [ID 303] Mesh uploaded successfully to VRAM (GPU)
INFO: VAO: [ID 304] Mesh uploaded successfully to VRAM (GPU)
INFO: VAO: [ID 305] Mesh uploaded successfully to VRAM (GPU)
INFO: VAO: [ID 306] Mesh uploaded successfully to VRAM (GPU)
INFO: VAO: [ID 307] Mesh uploaded successfully to VRAM (GPU)
INFO: VAO: [ID 308] Mesh uploaded successfully to VRAM (GPU)
INFO: VAO: [ID 309] Mesh uploaded successfully to VRAM (GPU)
INFO: VAO: [ID 310] Mesh uploaded successfully to VRAM (GPU)
INFO: VAO: [ID 311] Mesh uploaded successfully to VRAM (GPU)
INFO: VAO: [ID 312] Mesh uploaded successfully to VRAM (GPU)
INFO: VAO: [ID 313] Mesh uploaded successfully to VRAM (GPU)
INFO: VAO: [ID 314] Mesh uploaded successfully to VRAM (GPU)
INFO: VAO: [ID 315] Mesh uploaded successfully to VRAM (GPU)
INFO: VAO: [ID 316] Mesh uploaded successfully to VRAM (GPU)
INFO: VAO: [ID 317] Mesh uploaded successfully to VRAM (GPU)
INFO: VAO: [ID 318] Mesh uploaded successfully to VRAM (GPU)
INFO: VAO: [ID 319] Mesh uploaded successfully to VRAM (GPU)
INFO: VAO: [ID 320] Mesh uploaded successfully to VRAM (GPU)
INFO: VAO: [ID 321] Mesh uploaded successfully to VRAM (GPU)
INFO: VAO: [ID 322] Mesh uploaded successfully to VRAM (GPU)
INFO: VAO: [ID 323] Mesh uploaded successfully to VRAM (GPU)
INFO: VAO: [ID 324] Mesh uploaded successfully to VRAM (GPU)
INFO: VAO: [ID 325] Mesh uploaded successfully to VRAM (GPU)
INFO: VAO: [ID 326] Mesh uploaded successfully to VRAM (GPU)
INFO: VAO: [ID 327] Mesh uploaded successfully to VRAM (GPU)
INFO: VAO: [ID 328] Mesh uploaded successfully to VRAM (GPU)
INFO: VAO: [ID 329] Mesh uploaded successfully to VRAM (GPU)
INFO: VAO: [ID 330] Mesh uploaded successfully to VRAM (GPU)
INFO: VAO: [ID 331] Mesh uploaded successfully to VRAM (GPU)
INFO: VAO: [ID 332] Mesh uploaded successfully to VRAM (GPU)
INFO: VAO: [ID 333] Mesh uploaded successfully to VRAM (GPU)
INFO: VAO: [ID 334] Mesh uploaded successfully to VRAM (GPU)
INFO: VAO: [ID 335] Mesh uploaded successfully to VRAM (GPU)
INFO: VAO: [ID 336] Mesh uploaded successfully to VRAM (GPU)
INFO: VAO: [ID 337] Mesh uploaded successfully to VRAM (GPU)
INFO: VAO: [ID 338] Mesh uploaded successfully to VRAM (GPU)
INFO: VAO: [ID 339] Mesh uploaded successfully to VRAM (GPU)
INFO: VAO: [ID 340] Mesh uploaded successfully to VRAM (GPU)
INFO: VAO: [ID 341] Mesh uploaded successfully to VRAM (GPU)
INFO: VAO: [ID 342] Mesh uploaded successfully to VRAM (GPU)
INFO: VAO: [ID 343] Mesh uploaded successfully to VRAM (GPU)
INFO: VAO: [ID 344] Mesh uploaded successfully to VRAM (GPU)
INFO: VAO: [ID 345] Mesh uploaded successfully to VRAM (GPU)
INFO: VAO: [ID 346] Mesh uploaded successfully to VRAM (GPU)
INFO: VAO: [ID 347] Mesh uploaded successfully to VRAM (GPU)
INFO: VAO: [ID 348] Mesh uploaded successfully to VRAM (GPU)
INFO: VAO: [ID 349] Mesh uploaded successfully to VRAM (GPU)
INFO: VAO: [ID 350] Mesh uploaded successfully to VRAM (GPU)
INFO: VAO: [ID 351] Mesh uploaded successfully to VRAM (GPU)
INFO: VAO: [ID 352] Mesh uploaded successfully to VRAM (GPU)
INFO: VAO: [ID 353] Mesh uploaded successfully to VRAM (GPU)
INFO: VAO: [ID 354] Mesh uploaded successfully to VRAM (GPU)
INFO: VAO: [ID 355] Mesh uploaded successfully to VRAM (GPU)
INFO: VAO: [ID 356] Mesh uploaded successfully to VRAM (GPU)
INFO: VAO: [ID 357] Mesh uploaded successfully to VRAM (GPU)
INFO: VAO: [ID 358] Mesh uploaded successfully to VRAM (GPU)
INFO: VAO: [ID 359] Mesh uploaded successfully to VRAM (GPU)
INFO: VAO: [ID 360] Mesh uploaded successfully to VRAM (GPU)
INFO: VAO: [ID 361] Mesh uploaded successfully to VRAM (GPU)
INFO: VAO: [ID 362] Mesh uploaded successfully to VRAM (GPU)
INFO: VAO: [ID 363] Mesh uploaded successfully to VRAM (GPU)
INFO: VAO: [ID 364] Mesh uploaded successfully to VRAM (GPU)
INFO: VAO: [ID 365] Mesh uploaded successfully to VRAM (GPU)
INFO: VAO: [ID 366] Mesh uploaded successfully to VRAM (GPU)
INFO: VAO: [ID 367] Mesh uploaded successfully to VRAM (GPU)
INFO: VAO: [ID 368] Mesh uploaded successfully to VRAM (GPU)
INFO: VAO: [ID 369] Mesh uploaded successfully to VRAM (GPU)
INFO: VAO: [ID 370] Mesh uploaded successfully to VRAM (GPU)
INFO: VAO: [ID 371] Mesh uploaded successfully to VRAM (GPU)
INFO: VAO: [ID 372] Mesh uploaded successfully to VRAM (GPU)
INFO: VAO: [ID 373] Mesh uploaded successfully to VRAM (GPU)
INFO: VAO: [ID 374] Mesh uploaded successfully to VRAM (GPU)
INFO: VAO: [ID 375] Mesh uploaded successfully to VRAM (GPU)
INFO: VAO: [ID 376] Mesh uploaded successfully to VRAM (GPU)
INFO: VAO: [ID 377] Mesh uploaded successfully to VRAM (GPU)
INFO: VAO: [ID 378] Mesh uploaded successfully to VRAM (GPU)
INFO: VAO: [ID 379] Mesh uploaded successfully to VRAM (GPU)
INFO: VAO: [ID 380] Mesh uploaded successfully to VRAM (GPU)
INFO: VAO: [ID 381] Mesh uploaded successfully to VRAM (GPU)
INFO: VAO: [ID 382] Mesh uploaded successfully to VRAM (GPU)
INFO: VAO: [ID 383] Mesh uploaded successfully to VRAM (GPU)
INFO: VAO: [ID 384] Mesh uploaded successfully to VRAM (GPU)
INFO: VAO: [ID 385] Mesh uploaded successfully to VRAM (GPU)
INFO: VAO: [ID 386] Mesh uploaded successfully to VRAM (GPU)
INFO: VAO: [ID 387] Mesh uploaded successfully to VRAM (GPU)
INFO: VAO: [ID 388] Mesh uploaded successfully to VRAM (GPU)
INFO: VAO: [ID 389] Mesh uploaded successfully to VRAM (GPU)
INFO: VAO: [ID 390] Mesh uploaded successfully to VRAM (GPU)
INFO: VAO: [ID 391] Mesh uploaded successfully to VRAM (GPU)
INFO: VAO: [ID 392] Mesh uploaded successfully to VRAM (GPU)
INFO: VAO: [ID 393] Mesh uploaded successfully to VRAM (GPU)
INFO: VAO: [ID 394] Mesh uploaded successfully to VRAM (GPU)
INFO: VAO: [ID 395] Mesh uploaded successfully to VRAM (GPU)
INFO: VAO: [ID 396] Mesh uploaded successfully to VRAM (GPU)
INFO: VAO: [ID 397] Mesh uploaded successfully to VRAM (GPU)
INFO: VAO: [ID 398] Mesh uploaded successfully to VRAM (GPU)
INFO: VAO: [ID 399] Mesh uploaded successfully to VRAM (GPU)
INFO: VAO: [ID 400] Mesh uploaded successfully to VRAM (GPU)
INFO: VAO: [ID 401] Mesh uploaded successfully to VRAM (GPU)
INFO: VAO: [ID 402] Mesh uploaded successfully to VRAM (GPU)
INFO: VAO: [ID 403] Mesh uploaded successfully to VRAM (GPU)
INFO: VAO: [ID 404] Mesh uploaded successfully to VRAM (GPU)
INFO: VAO: [ID 405] Mesh uploaded successfully to VRAM (GPU)
INFO: VAO: [ID 406] Mesh uploaded successfully to VRAM (GPU)
INFO: VAO: [ID 407] Mesh uploaded successfully to VRAM (GPU)
INFO: VAO: [ID 408] Mesh uploaded successfully to VRAM (GPU)
INFO: VAO: [ID 409] Mesh uploaded successfully to VRAM (GPU)
INFO: VAO: [ID 410] Mesh uploaded successfully to VRAM (GPU)
INFO: VAO: [ID 411] Mesh uploaded successfully to VRAM (GPU)
INFO: VAO: [ID 412] Mesh uploaded successfully to VRAM (GPU)
INFO: VAO: [ID 413] Mesh uploaded successfully to VRAM (GPU)
INFO: VAO: [ID 414] Mesh uploaded successfully to VRAM (GPU)
INFO: VAO: [ID 415] Mesh uploaded successfully to VRAM (GPU)
INFO: VAO: [ID 416] Mesh uploaded successfully to VRAM (GPU)
INFO: VAO: [ID 417] Mesh uploaded successfully to VRAM (GPU)
INFO: VAO: [ID 418] Mesh uploaded successfully to VRAM (GPU)
INFO: VAO: [ID 419] Mesh uploaded successfully to VRAM (GPU)
INFO: VAO: [ID 420] Mesh uploaded successfully to VRAM (GPU)
INFO: VAO: [ID 421] Mesh uploaded successfully to VRAM (GPU)
INFO: VAO: [ID 422] Mesh uploaded successfully to VRAM (GPU)
INFO: VAO: [ID 423] Mesh uploaded successfully to VRAM (GPU)
INFO: VAO: [ID 424] Mesh uploaded successfully to VRAM (GPU)
INFO: VAO: [ID 425] Mesh uploaded successfully to VRAM (GPU)
INFO: VAO: [ID 426] Mesh uploaded successfully to VRAM (GPU)
INFO: VAO: [ID 427] Mesh uploaded successfully to VRAM (GPU)
INFO: VAO: [ID 428] Mesh uploaded successfully to VRAM (GPU)
INFO: VAO: [ID 429] Mesh uploaded successfully to VRAM (GPU)
INFO: VAO: [ID 430] Mesh uploaded successfully to VRAM (GPU)
INFO: VAO: [ID 431] Mesh uploaded successfully to VRAM (GPU)
INFO: VAO: [ID 432] Mesh uploaded successfully to VRAM (GPU)
INFO: VAO: [ID 433] Mesh uploaded successfully to VRAM (GPU)
INFO: VAO: [ID 434] Mesh uploaded successfully to VRAM (GPU)
INFO: VAO: [ID 435] Mesh uploaded successfully to VRAM (GPU)
INFO: VAO: [ID 436] Mesh uploaded successfully to VRAM (GPU)
INFO: VAO: [ID 437] Mesh uploaded successfully to VRAM (GPU)
INFO: VAO: [ID 438] Mesh uploaded successfully to VRAM (GPU)
INFO: VAO: [ID 439] Mesh uploaded successfully to VRAM (GPU)
INFO: VAO: [ID 440] Mesh uploaded successfully to VRAM (GPU)
INFO: VAO: [ID 441] Mesh uploaded successfully to VRAM (GPU)
INFO: VAO: [ID 442] Mesh uploaded successfully to VRAM (GPU)
INFO: VAO: [ID 443] Mesh uploaded successfully to VRAM (GPU)
INFO: VAO: [ID 444] Mesh uploaded successfully to VRAM (GPU)
INFO: VAO: [ID 445] Mesh uploaded successfully to VRAM (GPU)
INFO: VAO: [ID 446] Mesh uploaded successfully to VRAM (GPU)
INFO: VAO: [ID 447] Mesh uploaded successfully to VRAM (GPU)
INFO: VAO: [ID 448] Mesh uploaded successfully to VRAM (GPU)
INFO: VAO: [ID 449] Mesh uploaded successfully to VRAM (GPU)
INFO: VAO: [ID 450] Mesh uploaded successfully to VRAM (GPU)
INFO: VAO: [ID 451] Mesh uploaded successfully to VRAM (GPU)
INFO: VAO: [ID 452] Mesh uploaded successfully to VRAM (GPU)
INFO: VAO: [ID 453] Mesh uploaded successfully to VRAM (GPU)
INFO: VAO: [ID 454] Mesh uploaded successfully to VRAM (GPU)
INFO: VAO: [ID 455] Mesh uploaded successfully to VRAM (GPU)
INFO: VAO: [ID 456] Mesh uploaded successfully to VRAM (GPU)
INFO: VAO: [ID 457] Mesh uploaded successfully to VRAM (GPU)
INFO: VAO: [ID 458] Mesh uploaded successfully to VRAM (GPU)
INFO: VAO: [ID 459] Mesh uploaded successfully to VRAM (GPU)
INFO: VAO: [ID 460] Mesh uploaded successfully to VRAM (GPU)
INFO: VAO: [ID 461] Mesh uploaded successfully to VRAM (GPU)
INFO: VAO: [ID 462] Mesh uploaded successfully to VRAM (GPU)
INFO: VAO: [ID 463] Mesh uploaded successfully to VRAM (GPU)
INFO: VAO: [ID 464] Mesh uploaded successfully to VRAM (GPU)
INFO: VAO: [ID 465] Mesh uploaded successfully to VRAM (GPU)
INFO: VAO: [ID 466] Mesh uploaded successfully to VRAM (GPU)
INFO: VAO: [ID 467] Mesh uploaded successfully to VRAM (GPU)
INFO: VAO: [ID 468] Mesh uploaded successfully to VRAM (GPU)
INFO: VAO: [ID 469] Mesh uploaded successfully to VRAM (GPU)
INFO: VAO: [ID 470] Mesh uploaded successfully to VRAM (GPU)
INFO: VAO: [ID 471] Mesh uploaded successfully to VRAM (GPU)
INFO: VAO: [ID 472] Mesh uploaded successfully to VRAM (GPU)
INFO: VAO: [ID 473] Mesh uploaded successfully to VRAM (GPU)
INFO: VAO: [ID 474] Mesh uploaded successfully to VRAM (GPU)
INFO: VAO: [ID 475] Mesh uploaded successfully to VRAM (GPU)
INFO: VAO: [ID 476] Mesh uploaded successfully to VRAM (GPU)
INFO: VAO: [ID 477] Mesh uploaded successfully to VRAM (GPU)
INFO: VAO: [ID 478] Mesh uploaded successfully to VRAM (GPU)
INFO: VAO: [ID 479] Mesh uploaded successfully to VRAM (GPU)
INFO: VAO: [ID 480] Mesh uploaded successfully to VRAM (GPU)
INFO: VAO: [ID 481] Mesh uploaded successfully to VRAM (GPU)
INFO: VAO: [ID 482] Mesh uploaded successfully to VRAM (GPU)
INFO: VAO: [ID 483] Mesh uploaded successfully to VRAM (GPU)
INFO: VAO: [ID 484] Mesh uploaded successfully to VRAM (GPU)
INFO: VAO: [ID 485] Mesh uploaded successfully to VRAM (GPU)
INFO: VAO: [ID 486] Mesh uploaded successfully to VRAM (GPU)
INFO: VAO: [ID 487] Mesh uploaded successfully to VRAM (GPU)
INFO: VAO: [ID 488] Mesh uploaded successfully to VRAM (GPU)
INFO: VAO: [ID 489] Mesh uploaded successfully to VRAM (GPU)
INFO: VAO: [ID 490] Mesh uploaded successfully to VRAM (GPU)
INFO: VAO: [ID 491] Mesh uploaded successfully to VRAM (GPU)
INFO: VAO: [ID 492] Mesh uploaded successfully to VRAM (GPU)
INFO: VAO: [ID 493] Mesh uploaded successfully to VRAM (GPU)
INFO: VAO: [ID 494] Mesh uploaded successfully to VRAM (GPU)
INFO: VAO: [ID 495] Mesh uploaded successfully to VRAM (GPU)
INFO: VAO: [ID 496] Mesh uploaded successfully to VRAM (GPU)
INFO: VAO: [ID 497] Mesh uploaded successfully to VRAM (GPU)
INFO: VAO: [ID 498] Mesh uploaded successfully to VRAM (GPU)
INFO: VAO: [ID 499] Mesh uploaded successfully to VRAM (GPU)
INFO: VAO: [ID 500] Mesh uploaded successfully to VRAM (GPU)
INFO: VAO: [ID 501] Mesh uploaded successfully to VRAM (GPU)
INFO: VAO: [ID 502] Mesh uploaded successfully to VRAM (GPU)
INFO: VAO: [ID 503] Mesh uploaded successfully to VRAM (GPU)
INFO: VAO: [ID 504] Mesh uploaded successfully to VRAM (GPU)
INFO: VAO: [ID 505] Mesh uploaded successfully to VRAM (GPU)
INFO: VAO: [ID 506] Mesh uploaded successfully to VRAM (GPU)
INFO: VAO: [ID 507] Mesh uploaded successfully to VRAM (GPU)
INFO: VAO: [ID 508] Mesh uploaded successfully to VRAM (GPU)
INFO: VAO: [ID 509] Mesh uploaded successfully to VRAM (GPU)
INFO: VAO: [ID 510] Mesh uploaded successfully to VRAM (GPU)
INFO: VAO: [ID 511] Mesh uploaded successfully to VRAM (GPU)
INFO: VAO: [ID 512] Mesh uploaded successfully to VRAM (GPU)
INFO: VAO: [ID 513] Mesh uploaded successfully to VRAM (GPU)
INFO: VAO: [ID 514] Mesh uploaded successfully to VRAM (GPU)
INFO: VAO: [ID 515] Mesh uploaded successfully to VRAM (GPU)
INFO: VAO: [ID 516] Mesh uploaded successfully to VRAM (GPU)
INFO: VAO: [ID 517] Mesh uploaded successfully to VRAM (GPU)
INFO: VAO: [ID 518] Mesh uploaded successfully to VRAM (GPU)
INFO: VAO: [ID 519] Mesh uploaded successfully to VRAM (GPU)
INFO: VAO: [ID 520] Mesh uploaded successfully to VRAM (GPU)
INFO: VAO: [ID 521] Mesh uploaded successfully to VRAM (GPU)
INFO: VAO: [ID 522] Mesh uploaded successfully to VRAM (GPU)
INFO: VAO: [ID 523] Mesh uploaded successfully to VRAM (GPU)
INFO: VAO: [ID 524] Mesh uploaded successfully to VRAM (GPU)
INFO: VAO: [ID 525] Mesh uploaded successfully to VRAM (GPU)
INFO: VAO: [ID 526] Mesh uploaded successfully to VRAM (GPU)
INFO: VAO: [ID 527] Mesh uploaded successfully to VRAM (GPU)
INFO: VAO: [ID 528] Mesh uploaded successfully to VRAM (GPU)
INFO: VAO: [ID 529] Mesh uploaded successfully to VRAM (GPU)
INFO: VAO: [ID 530] Mesh uploaded successfully to VRAM (GPU)
INFO: VAO: [ID 531] Mesh uploaded successfully to VRAM (GPU)
INFO: VAO: [ID 532] Mesh uploaded successfully to VRAM (GPU)
INFO: VAO: [ID 533] Mesh uploaded successfully to VRAM (GPU)
INFO: VAO: [ID 534] Mesh uploaded successfully to VRAM (GPU)
INFO: VAO: [ID 535] Mesh uploaded successfully to VRAM (GPU)
INFO: VAO: [ID 536] Mesh uploaded successfully to VRAM (GPU)
INFO: VAO: [ID 537] Mesh uploaded successfully to VRAM (GPU)
INFO: VAO: [ID 538] Mesh uploaded successfully to VRAM (GPU)
INFO: VAO: [ID 539] Mesh uploaded successfully to VRAM (GPU)
INFO: VAO: [ID 540] Mesh uploaded successfully to VRAM (GPU)
INFO: VAO: [ID 541] Mesh uploaded successfully to VRAM (GPU)
INFO: VAO: [ID 542] Mesh uploaded successfully to VRAM (GPU)
INFO: VAO: [ID 543] Mesh uploaded successfully to VRAM (GPU)
INFO: VAO: [ID 544] Mesh uploaded successfully to VRAM (GPU)
INFO: VAO: [ID 545] Mesh uploaded successfully to VRAM (GPU)
INFO: VAO: [ID 546] Mesh uploaded successfully to VRAM (GPU)
INFO: VAO: [ID 547] Mesh uploaded successfully to VRAM (GPU)
INFO: VAO: [ID 548] Mesh uploaded successfully to VRAM (GPU)
INFO: VAO: [ID 549] Mesh uploaded successfully to VRAM (GPU)
INFO: VAO: [ID 550] Mesh uploaded successfully to VRAM (GPU)
INFO: VAO: [ID 551] Mesh uploaded successfully to VRAM (GPU)
INFO: VAO: [ID 552] Mesh uploaded successfully to VRAM (GPU)
INFO: VAO: [ID 553] Mesh uploaded successfully to VRAM (GPU)
INFO: VAO: [ID 554] Mesh uploaded successfully to VRAM (GPU)
INFO: VAO: [ID 555] Mesh uploaded successfully to VRAM (GPU)
INFO: VAO: [ID 556] Mesh uploaded successfully to VRAM (GPU)
INFO: VAO: [ID 557] Mesh uploaded successfully to VRAM (GPU)
INFO: VAO: [ID 558] Mesh uploaded successfully to VRAM (GPU)
INFO: VAO: [ID 559] Mesh uploaded successfully to VRAM (GPU)
INFO: VAO: [ID 560] Mesh uploaded successfully to VRAM (GPU)
INFO: VAO: [ID 561] Mesh uploaded successfully to VRAM (GPU)
INFO: VAO: [ID 562] Mesh uploaded successfully to VRAM (GPU)
INFO: VAO: [ID 563] Mesh uploaded successfully to VRAM (GPU)
INFO: VAO: [ID 27] Unloaded vertex array data from VRAM (GPU)
INFO: VAO: [ID 28] Unloaded vertex array data from VRAM (GPU)
INFO: VAO: [ID 29] Unloaded vertex array data from VRAM (GPU)
INFO: VAO: [ID 30] Unloaded vertex array data from VRAM (GPU)
INFO: VAO: [ID 31] Unloaded vertex array data from VRAM (GPU)
INFO: VAO: [ID 32] Unloaded vertex array data from VRAM (GPU)
INFO: VAO: [ID 33] Unloaded vertex array data from VRAM (GPU)
INFO: VAO: [ID 34] Unloaded vertex array data from VRAM (GPU)
INFO: VAO: [ID 35] Unloaded vertex array data from VRAM (GPU)
INFO: VAO: [ID 36] Unloaded vertex array data from VRAM (GPU)
INFO: VAO: [ID 37] Unloaded vertex array data from VRAM (GPU)
INFO: VAO: [ID 38] Unloaded vertex array data from VRAM (GPU)
INFO: VAO: [ID 39] Unloaded vertex array data from VRAM (GPU)
INFO: VAO: [ID 40] Unloaded vertex array data from VRAM (GPU)
INFO: VAO: [ID 41] Unloaded vertex array data from VRAM (GPU)
INFO: VAO: [ID 42] Unloaded vertex array data from VRAM (GPU)
INFO: VAO: [ID 43] Unloaded vertex array data from VRAM (GPU)
INFO: VAO: [ID 44] Unloaded vertex array data from VRAM (GPU)
INFO: VAO: [ID 61] Unloaded vertex array data from VRAM (GPU)
INFO: VAO: [ID 62] Unloaded vertex array data from VRAM (GPU)
INFO: VAO: [ID 351] Unloaded vertex array data from VRAM (GPU)
INFO: VAO: [ID 352] Unloaded vertex array data from VRAM (GPU)
INFO: VAO: [ID 353] Unloaded vertex array data from VRAM (GPU)
INFO: VAO: [ID 354] Unloaded vertex array data from VRAM (GPU)
INFO: VAO: [ID 355] Unloaded vertex array data from VRAM (GPU)
INFO: VAO: [ID 356] Unloaded vertex array data from VRAM (GPU)
INFO: VAO: [ID 357] Unloaded vertex array data from VRAM (GPU)
INFO: VAO: [ID 358] Unloaded vertex array data from VRAM (GPU)
INFO: VAO: [ID 359] Unloaded vertex array data from VRAM (GPU)
INFO: VAO: [ID 360] Unloaded vertex array data from VRAM (GPU)
INFO: VAO: [ID 361] Unloaded vertex array data from VRAM (GPU)
INFO: VAO: [ID 362] Unloaded vertex array data from VRAM (GPU)
INFO: VAO: [ID 363] Unloaded vertex array data from VRAM (GPU)
INFO: VAO: [ID 364] Unloaded vertex array data from VRAM (GPU)
INFO: VAO: [ID 365] Unloaded vertex array data from VRAM (GPU)
INFO: VAO: [ID 366] Unloaded vertex array data from VRAM (GPU)
INFO: VAO: [ID 384] Unloaded vertex array data from VRAM (GPU)
INFO: VAO: [ID 402] Unloaded vertex array data from VRAM (GPU)
INFO: VAO: [ID 420] Unloaded vertex array data from VRAM (GPU)
INFO: VAO: [ID 555] Unloaded vertex array data from VRAM (GPU)
INFO: VAO: [ID 533] Unloaded vertex array data from VRAM (GPU)
INFO: VAO: [ID 538] Unloaded vertex array data from VRAM (GPU)
INFO: VAO: [ID 539] Unloaded vertex array data from VRAM (GPU)
INFO: VAO: [ID 540] Unloaded vertex array data from VRAM (GPU)
INFO: VAO: [ID 541] Unloaded vertex array data from VRAM (GPU)
INFO: VAO: [ID 542] Unloaded vertex array data from VRAM (GPU)
INFO: VAO: [ID 543] Unloaded vertex array data from VRAM (GPU)
INFO: VAO: [ID 544] Unloaded vertex array data from VRAM (GPU)
INFO: VAO: [ID 545] Unloaded vertex array data from VRAM (GPU)
INFO: VAO: [ID 546] Unloaded vertex array data from VRAM (GPU)
INFO: VAO: [ID 547] Unloaded vertex array data from VRAM (GPU)
INFO: VAO: [ID 548] Unloaded vertex array data from VRAM (GPU)
INFO: VAO: [ID 549] Unloaded vertex array data from VRAM (GPU)
INFO: VAO: [ID 550] Unloaded vertex array data from VRAM (GPU)
INFO: VAO: [ID 551] Unloaded vertex array data from VRAM (GPU)
INFO: VAO: [ID 552] Unloaded vertex array data from VRAM (GPU)
INFO: VAO: [ID 553] Unloaded vertex array data from VRAM (GPU)
INFO: VAO: [ID 554] Unloaded vertex array data from VRAM (GPU)
INFO: VAO: [ID 534] Unloaded vertex array data from VRAM (GPU)
INFO: VAO: [ID 512] Unloaded vertex array data from VRAM (GPU)
INFO: VAO: [ID 516] Unloaded vertex array data from VRAM (GPU)
INFO: VAO: [ID 517] Unloaded vertex array data from VRAM (GPU)
INFO: VAO: [ID 518] Unloaded vertex array data from VRAM (GPU)
INFO: VAO: [ID 519] Unloaded vertex array data from VRAM (GPU)
INFO: VAO: [ID 520] Unloaded vertex array data from VRAM (GPU)
INFO: VAO: [ID 521] Unloaded vertex array data from VRAM (GPU)
INFO: VAO: [ID 522] Unloaded vertex array data from VRAM (GPU)
INFO: VAO: [ID 523] Unloaded vertex array data from VRAM (GPU)
INFO: VAO: [ID 524] Unloaded vertex array data from VRAM (GPU)
INFO: VAO: [ID 525] Unloaded vertex array data from VRAM (GPU)
INFO: VAO: [ID 526] Unloaded vertex array data from VRAM (GPU)
INFO: VAO: [ID 527] Unloaded vertex array data from VRAM (GPU)
INFO: VAO: [ID 528] Unloaded vertex array data from VRAM (GPU)
INFO: VAO: [ID 529] Unloaded vertex array data from VRAM (GPU)
INFO: VAO: [ID 530] Unloaded vertex array data from VRAM (GPU)
INFO: VAO: [ID 531] Unloaded vertex array data from VRAM (GPU)
INFO: VAO: [ID 532] Unloaded vertex array data from VRAM (GPU)
INFO: VAO: [ID 438] Unloaded vertex array data from VRAM (GPU)
INFO: VAO: [ID 440] Unloaded vertex array data from VRAM (GPU)
INFO: VAO: [ID 458] Unloaded vertex array data from VRAM (GPU)
INFO: VAO: [ID 506] Unloaded vertex array data from VRAM (GPU)
INFO: VAO: [ID 507] Unloaded vertex array data from VRAM (GPU)
INFO: VAO: [ID 508] Unloaded vertex array data from VRAM (GPU)
INFO: VAO: [ID 509] Unloaded vertex array data from VRAM (GPU)
INFO: VAO: [ID 510] Unloaded vertex array data from VRAM (GPU)
INFO: VAO: [ID 511] Unloaded vertex array data from VRAM (GPU)
INFO: VAO: [ID 403] Unloaded vertex array data from VRAM (GPU)
INFO: VAO: [ID 404] Unloaded vertex array data from VRAM (GPU)
INFO: VAO: [ID 405] Unloaded vertex array data from VRAM (GPU)
INFO: VAO: [ID 406] Unloaded vertex array data from VRAM (GPU)
INFO: VAO: [ID 407] Unloaded vertex array data from VRAM (GPU)
INFO: VAO: [ID 408] Unloaded vertex array data from VRAM (GPU)
INFO: VAO: [ID 409] Unloaded vertex array data from VRAM (GPU)
INFO: VAO: [ID 410] Unloaded vertex array data from VRAM (GPU)
INFO: VAO: [ID 411] Unloaded vertex array data from VRAM (GPU)
INFO: VAO: [ID 412] Unloaded vertex array data from VRAM (GPU)
INFO: VAO: [ID 413] Unloaded vertex array data from VRAM (GPU)
INFO: VAO: [ID 414] Unloaded vertex array data from VRAM (GPU)
INFO: VAO: [ID 415] Unloaded vertex array data from VRAM (GPU)
INFO: VAO: [ID 416] Unloaded vertex array data from VRAM (GPU)
INFO: VAO: [ID 417] Unloaded vertex array data from VRAM (GPU)
INFO: VAO: [ID 418] Unloaded vertex array data from VRAM (GPU)
INFO: VAO: [ID 419] Unloaded vertex array data from VRAM (GPU)
INFO: VAO: [ID 439] Unloaded vertex array data from VRAM (GPU)
INFO: VAO: [ID 441] Unloaded vertex array data from VRAM (GPU)
INFO: VAO: [ID 442] Unloaded vertex array data from VRAM (GPU)
INFO: VAO: [ID 443] Unloaded vertex array data from VRAM (GPU)
INFO: VAO: [ID 444] Unloaded vertex array data from VRAM (GPU)
INFO: VAO: [ID 445] Unloaded vertex array data from VRAM (GPU)
INFO: VAO: [ID 446] Unloaded vertex array data from VRAM (GPU)
INFO: VAO: [ID 447] Unloaded vertex array data from VRAM (GPU)
INFO: VAO: [ID 448] Unloaded vertex array data from VRAM (GPU)
INFO: VAO: [ID 449] Unloaded vertex array data from VRAM (GPU)
INFO: VAO: [ID 450] Unloaded vertex array data from VRAM (GPU)
INFO: VAO: [ID 451] Unloaded vertex array data from VRAM (GPU)
INFO: VAO: [ID 452] Unloaded vertex array data from VRAM (GPU)
INFO: VAO: [ID 453] Unloaded vertex array data from VRAM (GPU)
INFO: VAO: [ID 454] Unloaded vertex array data from VRAM (GPU)
INFO: VAO: [ID 455] Unloaded vertex array data from VRAM (GPU)
INFO: VAO: [ID 456] Unloaded vertex array data from VRAM (GPU)
INFO: VAO: [ID 457] Unloaded vertex array data from VRAM (GPU)
INFO: VAO: [ID 459] Unloaded vertex array data from VRAM (GPU)
INFO: VAO: [ID 460] Unloaded vertex array data from VRAM (GPU)
INFO: VAO: [ID 461] Unloaded vertex array data from VRAM (GPU)
INFO: VAO: [ID 462] Unloaded vertex array data from VRAM (GPU)
INFO: VAO: [ID 463] Unloaded vertex array data from VRAM (GPU)
INFO: VAO: [ID 464] Unloaded vertex array data from VRAM (GPU)
INFO: VAO: [ID 465] Unloaded vertex array data from VRAM (GPU)
INFO: VAO: [ID 466] Unloaded vertex array data from VRAM (GPU)
INFO: VAO: [ID 467] Unloaded vertex array data from VRAM (GPU)
INFO: VAO: [ID 468] Unloaded vertex array data from VRAM (GPU)
INFO: VAO: [ID 469] Unloaded vertex array data from VRAM (GPU)
INFO: VAO: [ID 470] Unloaded vertex array data from VRAM (GPU)
INFO: VAO: [ID 471] Unloaded vertex array data from VRAM (GPU)
INFO: VAO: [ID 472] Unloaded vertex array data from VRAM (GPU)
INFO: VAO: [ID 473] Unloaded vertex array data from VRAM (GPU)
INFO: VAO: [ID 474] Unloaded vertex array data from VRAM (GPU)
INFO: VAO: [ID 475] Unloaded vertex array data from VRAM (GPU)
INFO: VAO: [ID 556] Unloaded vertex array data from VRAM (GPU)
INFO: VAO: [ID 557] Unloaded vertex array data from VRAM (GPU)
INFO: VAO: [ID 79] Unloaded vertex array data from VRAM (GPU)
INFO: VAO: [ID 80] Unloaded vertex array data from VRAM (GPU)
INFO: VAO: [ID 97] Unloaded vertex array data from VRAM (GPU)
INFO: VAO: [ID 98] Unloaded vertex array data from VRAM (GPU)
INFO: VAO: [ID 115] Unloaded vertex array data from VRAM (GPU)
INFO: VAO: [ID 116] Unloaded vertex array data from VRAM (GPU)
INFO: VAO: [ID 133] Unloaded vertex array data from VRAM (GPU)
INFO: VAO: [ID 134] Unloaded vertex array data from VRAM (GPU)
INFO: VAO: [ID 151] Unloaded vertex array data from VRAM (GPU)
INFO: VAO: [ID 152] Unloaded vertex array data from VRAM (GPU)
INFO: VAO: [ID 169] Unloaded vertex array data from VRAM (GPU)
INFO: VAO: [ID 170] Unloaded vertex array data from VRAM (GPU)
INFO: VAO: [ID 187] Unloaded vertex array data from VRAM (GPU)
INFO: VAO: [ID 188] Unloaded vertex array data from VRAM (GPU)
INFO: VAO: [ID 205] Unloaded vertex array data from VRAM (GPU)
INFO: VAO: [ID 206] Unloaded vertex array data from VRAM (GPU)
INFO: VAO: [ID 223] Unloaded vertex array data from VRAM (GPU)
INFO: VAO: [ID 224] Unloaded vertex array data from VRAM (GPU)
INFO: VAO: [ID 241] Unloaded vertex array data from VRAM (GPU)
INFO: VAO: [ID 242] Unloaded vertex array data from VRAM (GPU)
INFO: VAO: [ID 259] Unloaded vertex array data from VRAM (GPU)
INFO: VAO: [ID 260] Unloaded vertex array data from VRAM (GPU)
INFO: VAO: [ID 277] Unloaded vertex array data from VRAM (GPU)
INFO: VAO: [ID 278] Unloaded vertex array data from VRAM (GPU)
INFO: VAO: [ID 295] Unloaded vertex array data from VRAM (GPU)
INFO: VAO: [ID 296] Unloaded vertex array data from VRAM (GPU)
INFO: VAO: [ID 313] Unloaded vertex array data from VRAM (GPU)
INFO: VAO: [ID 314] Unloaded vertex array data from VRAM (GPU)
INFO: VAO: [ID 331] Unloaded vertex array data from VRAM (GPU)
INFO: VAO: [ID 332] Unloaded vertex array data from VRAM (GPU)
INFO: VAO: [ID 349] Unloaded vertex array data from VRAM (GPU)
INFO: VAO: [ID 350] Unloaded vertex array data from VRAM (GPU)
INFO: VAO: [ID 382] Unloaded vertex array data from VRAM (GPU)
INFO: VAO: [ID 383] Unloaded vertex array data from VRAM (GPU)
INFO: VAO: [ID 400] Unloaded vertex array data from VRAM (GPU)
INFO: VAO: [ID 401] Unloaded vertex array data from VRAM (GPU)
INFO: VAO: [ID 60] Unloaded vertex array data from VRAM (GPU)
INFO: VAO: [ID 78] Unloaded vertex array data from VRAM (GPU)
INFO: VAO: [ID 96] Unloaded vertex array data from VRAM (GPU)
INFO: VAO: [ID 114] Unloaded vertex array data from VRAM (GPU)
INFO: VAO: [ID 132] Unloaded vertex array data from VRAM (GPU)
INFO: VAO: [ID 150] Unloaded vertex array data from VRAM (GPU)
INFO: VAO: [ID 168] Unloaded vertex array data from VRAM (GPU)
INFO: VAO: [ID 186] Unloaded vertex array data from VRAM (GPU)
INFO: VAO: [ID 204] Unloaded vertex array data from VRAM (GPU)
INFO: VAO: [ID 222] Unloaded vertex array data from VRAM (GPU)
INFO: VAO: [ID 240] Unloaded vertex array data from VRAM (GPU)
INFO: VAO: [ID 258] Unloaded vertex array data from VRAM (GPU)
INFO: VAO: [ID 276] Unloaded vertex array data from VRAM (GPU)
INFO: VAO: [ID 294] Unloaded vertex array data from VRAM (GPU)
INFO: VAO: [ID 312] Unloaded vertex array data from VRAM (GPU)
INFO: VAO: [ID 330] Unloaded vertex array data from VRAM (GPU)
INFO: VAO: [ID 348] Unloaded vertex array data from VRAM (GPU)
INFO: VAO: [ID 381] Unloaded vertex array data from VRAM (GPU)
INFO: VAO: [ID 399] Unloaded vertex array data from VRAM (GPU)
INFO: VAO: [ID 27] Mesh uploaded successfully to VRAM (GPU)
INFO: VAO: [ID 28] Mesh uploaded successfully to VRAM (GPU)
INFO: VAO: [ID 29] Mesh uploaded successfully to VRAM (GPU)
INFO: VAO: [ID 30] Mesh uploaded successfully to VRAM (GPU)
INFO: VAO: [ID 31] Mesh uploaded successfully to VRAM (GPU)
INFO: VAO: [ID 32] Mesh uploaded successfully to VRAM (GPU)
INFO: VAO: [ID 33] Mesh uploaded successfully to VRAM (GPU)
INFO: VAO: [ID 34] Mesh uploaded successfully to VRAM (GPU)
INFO: VAO: [ID 35] Mesh uploaded successfully to VRAM (GPU)
INFO: VAO: [ID 36] Mesh uploaded successfully to VRAM (GPU)
INFO: VAO: [ID 37] Mesh uploaded successfully to VRAM (GPU)
INFO: VAO: [ID 38] Mesh uploaded successfully to VRAM (GPU)
INFO: VAO: [ID 39] Mesh uploaded successfully to VRAM (GPU)
INFO: VAO: [ID 40] Mesh uploaded successfully to VRAM (GPU)
INFO: VAO: [ID 41] Mesh uploaded successfully to VRAM (GPU)
INFO: VAO: [ID 42] Mesh uploaded successfully to VRAM (GPU)
INFO: VAO: [ID 43] Mesh uploaded successfully to VRAM (GPU)
INFO: VAO: [ID 44] Mesh uploaded successfully to VRAM (GPU)
INFO: VAO: [ID 60] Mesh uploaded successfully to VRAM (GPU)
INFO: VAO: [ID 61] Mesh uploaded successfully to VRAM (GPU)
INFO: VAO: [ID 62] Mesh uploaded successfully to VRAM (GPU)
INFO: VAO: [ID 78] Mesh uploaded successfully to VRAM (GPU)
INFO: VAO: [ID 79] Mesh uploaded successfully to VRAM (GPU)
INFO: VAO: [ID 80] Mesh uploaded successfully to VRAM (GPU)
INFO: VAO: [ID 96] Mesh uploaded successfully to VRAM (GPU)
INFO: VAO: [ID 97] Mesh uploaded successfully to VRAM (GPU)
INFO: VAO: [ID 98] Mesh uploaded successfully to VRAM (GPU)
INFO: VAO: [ID 114] Mesh uploaded successfully to VRAM (GPU)
INFO: VAO: [ID 115] Mesh uploaded successfully to VRAM (GPU)
INFO: VAO: [ID 116] Mesh uploaded successfully to VRAM (GPU)
INFO: VAO: [ID 132] Mesh uploaded successfully to VRAM (GPU)
INFO: VAO: [ID 133] Mesh uploaded successfully to VRAM (GPU)
INFO: VAO: [ID 134] Mesh uploaded successfully to VRAM (GPU)
INFO: VAO: [ID 150] Mesh uploaded successfully to VRAM (GPU)
INFO: VAO: [ID 151] Mesh uploaded successfully to VRAM (GPU)
INFO: VAO: [ID 152] Mesh uploaded successfully to VRAM (GPU)
INFO: VAO: [ID 168] Mesh uploaded successfully to VRAM (GPU)
INFO: VAO: [ID 169] Mesh uploaded successfully to VRAM (GPU)
INFO: VAO: [ID 60] Unloaded vertex array data from VRAM (GPU)
INFO: VAO: [ID 385] Unloaded vertex array data from VRAM (GPU)
INFO: VAO: [ID 386] Unloaded vertex array data from VRAM (GPU)
INFO: VAO: [ID 387] Unloaded vertex array data from VRAM (GPU)
INFO: VAO: [ID 388] Unloaded vertex array data from VRAM (GPU)
INFO: VAO: [ID 389] Unloaded vertex array data from VRAM (GPU)
INFO: VAO: [ID 390] Unloaded vertex array data from VRAM (GPU)
INFO: VAO: [ID 391] Unloaded vertex array data from VRAM (GPU)
INFO: VAO: [ID 392] Unloaded vertex array data from VRAM (GPU)
INFO: VAO: [ID 393] Unloaded vertex array data from VRAM (GPU)
INFO: VAO: [ID 394] Unloaded vertex array data from VRAM (GPU)
INFO: VAO: [ID 395] Unloaded vertex array data from VRAM (GPU)
INFO: VAO: [ID 396] Unloaded vertex array data from VRAM (GPU)
INFO: VAO: [ID 397] Unloaded vertex array data from VRAM (GPU)
INFO: VAO: [ID 398] Unloaded vertex array data from VRAM (GPU)
INFO: VAO: [ID 436] Unloaded vertex array data from VRAM (GPU)
INFO: VAO: [ID 437] Unloaded vertex array data from VRAM (GPU)
INFO: VAO: [ID 504] Unloaded vertex array data from VRAM (GPU)
INFO: VAO: [ID 505] Unloaded vertex array data from VRAM (GPU)
INFO: VAO: [ID 60] Mesh uploaded successfully to VRAM (GPU)
INFO: VAO: [ID 170] Mesh uploaded successfully to VRAM (GPU)
INFO: VAO: [ID 186] Mesh uploaded successfully to VRAM (GPU)
INFO: VAO: [ID 187] Mesh uploaded successfully to VRAM (GPU)
INFO: VAO: [ID 188] Mesh uploaded successfully to VRAM (GPU)
INFO: VAO: [ID 204] Mesh uploaded successfully to VRAM (GPU)
INFO: VAO: [ID 205] Mesh uploaded successfully to VRAM (GPU)
INFO: VAO: [ID 206] Mesh uploaded successfully to VRAM (GPU)
INFO: VAO: [ID 222] Mesh uploaded successfully to VRAM (GPU)
INFO: VAO: [ID 223] Mesh uploaded successfully to VRAM (GPU)
INFO: VAO: [ID 224] Mesh uploaded successfully to VRAM (GPU)
INFO: VAO: [ID 240] Mesh uploaded successfully to VRAM (GPU)
INFO: VAO: [ID 241] Mesh uploaded successfully to VRAM (GPU)
INFO: VAO: [ID 242] Mesh uploaded successfully to VRAM (GPU)
INFO: VAO: [ID 258] Mesh uploaded successfully to VRAM (GPU)
INFO: VAO: [ID 259] Mesh uploaded successfully to VRAM (GPU)
INFO: VAO: [ID 260] Mesh uploaded successfully to VRAM (GPU)
INFO: VAO: [ID 276] Mesh uploaded successfully to VRAM (GPU)
INFO: VAO: [ID 277] Mesh uploaded successfully to VRAM (GPU)
INFO: VAO: [ID 278] Mesh uploaded successfully to VRAM (GPU)
INFO: VAO: [ID 294] Mesh uploaded successfully to VRAM (GPU)
INFO: VAO: [ID 295] Mesh uploaded successfully to VRAM (GPU)
INFO: VAO: [ID 296] Mesh uploaded successfully to VRAM (GPU)
INFO: VAO: [ID 312] Mesh uploaded successfully to VRAM (GPU)
INFO: VAO: [ID 313] Mesh uploaded successfully to VRAM (GPU)
INFO: VAO: [ID 314] Mesh uploaded successfully to VRAM (GPU)
INFO: VAO: [ID 330] Mesh uploaded successfully to VRAM (GPU)
INFO: VAO: [ID 331] Mesh uploaded successfully to VRAM (GPU)
INFO: VAO: [ID 332] Mesh uploaded successfully to VRAM (GPU)
INFO: VAO: [ID 348] Mesh uploaded successfully to VRAM (GPU)
INFO: VAO: [ID 349] Mesh uploaded successfully to VRAM (GPU)
INFO: VAO: [ID 350] Mesh uploaded successfully to VRAM (GPU)
INFO: VAO: [ID 351] Mesh uploaded successfully to VRAM (GPU)
INFO: VAO: [ID 352] Mesh uploaded successfully to VRAM (GPU)
INFO: VAO: [ID 353] Mesh uploaded successfully to VRAM (GPU)
INFO: VAO: [ID 354] Mesh uploaded successfully to VRAM (GPU)
INFO: VAO: [ID 355] Mesh uploaded successfully to VRAM (GPU)
INFO: VAO: [ID 356] Mesh uploaded successfully to VRAM (GPU)
INFO: VAO: [ID 357] Mesh uploaded successfully to VRAM (GPU)
INFO: VAO: [ID 358] Mesh uploaded successfully to VRAM (GPU)
INFO: VAO: [ID 359] Mesh uploaded successfully to VRAM (GPU)
INFO: VAO: [ID 360] Mesh uploaded successfully to VRAM (GPU)
INFO: VAO: [ID 361] Mesh uploaded successfully to VRAM (GPU)
INFO: VAO: [ID 362] Mesh uploaded successfully to VRAM (GPU)
INFO: VAO: [ID 363] Mesh uploaded successfully to VRAM (GPU)
INFO: VAO: [ID 364] Mesh uploaded successfully to VRAM (GPU)
INFO: VAO: [ID 365] Mesh uploaded successfully to VRAM (GPU)
INFO: VAO: [ID 366] Mesh uploaded successfully to VRAM (GPU)
INFO: VAO: [ID 381] Mesh uploaded successfully to VRAM (GPU)
INFO: VAO: [ID 382] Mesh uploaded successfully to VRAM (GPU)
INFO: VAO: [ID 383] Mesh uploaded successfully to VRAM (GPU)
INFO: VAO: [ID 384] Mesh uploaded successfully to VRAM (GPU)
INFO: VAO: [ID 385] Mesh uploaded successfully to VRAM (GPU)
INFO: VAO: [ID 386] Mesh uploaded successfully to VRAM (GPU)
INFO: VAO: [ID 387] Mesh uploaded successfully to VRAM (GPU)
INFO: VAO: [ID 388] Mesh uploaded successfully to VRAM (GPU)
INFO: VAO: [ID 389] Mesh uploaded successfully to VRAM (GPU)
INFO: VAO: [ID 390] Mesh uploaded successfully to VRAM (GPU)
INFO: VAO: [ID 391] Mesh uploaded successfully to VRAM (GPU)
INFO: VAO: [ID 392] Mesh uploaded successfully to VRAM (GPU)
INFO: VAO: [ID 393] Mesh uploaded successfully to VRAM (GPU)
INFO: VAO: [ID 394] Mesh uploaded successfully to VRAM (GPU)
INFO: VAO: [ID 395] Mesh uploaded successfully to VRAM (GPU)
INFO: VAO: [ID 396] Mesh uploaded successfully to VRAM (GPU)
INFO: VAO: [ID 397] Mesh uploaded successfully to VRAM (GPU)
INFO: VAO: [ID 398] Mesh uploaded successfully to VRAM (GPU)
INFO: VAO: [ID 399] Mesh uploaded successfully to VRAM (GPU)
INFO: VAO: [ID 400] Mesh uploaded successfully to VRAM (GPU)
INFO: VAO: [ID 401] Mesh uploaded successfully to VRAM (GPU)
INFO: VAO: [ID 402] Mesh uploaded successfully to VRAM (GPU)
INFO: VAO: [ID 403] Mesh uploaded successfully to VRAM (GPU)
INFO: VAO: [ID 404] Mesh uploaded successfully to VRAM (GPU)
INFO: VAO: [ID 405] Mesh uploaded successfully to VRAM (GPU)
INFO: VAO: [ID 406] Mesh uploaded successfully to VRAM (GPU)
INFO: VAO: [ID 407] Mesh uploaded successfully to VRAM (GPU)
INFO: VAO: [ID 408] Mesh uploaded successfully to VRAM (GPU)
INFO: VAO: [ID 409] Mesh uploaded successfully to VRAM (GPU)
INFO: VAO: [ID 410] Mesh uploaded successfully to VRAM (GPU)
INFO: VAO: [ID 411] Mesh uploaded successfully to VRAM (GPU)
INFO: VAO: [ID 412] Mesh uploaded successfully to VRAM (GPU)
INFO: VAO: [ID 413] Mesh uploaded successfully to VRAM (GPU)
INFO: VAO: [ID 414] Mesh uploaded successfully to VRAM (GPU)
INFO: VAO: [ID 415] Mesh uploaded successfully to VRAM (GPU)
INFO: VAO: [ID 416] Mesh uploaded successfully to VRAM (GPU)
INFO: VAO: [ID 417] Mesh uploaded successfully to VRAM (GPU)
INFO: VAO: [ID 418] Mesh uploaded successfully to VRAM (GPU)
INFO: VAO: [ID 419] Mesh uploaded successfully to VRAM (GPU)
INFO: VAO: [ID 420] Mesh uploaded successfully to VRAM (GPU)
INFO: VAO: [ID 436] Mesh uploaded successfully to VRAM (GPU)
INFO: VAO: [ID 437] Mesh uploaded successfully to VRAM (GPU)
INFO: VAO: [ID 438] Mesh uploaded successfully to VRAM (GPU)
INFO: VAO: [ID 439] Mesh uploaded successfully to VRAM (GPU)
INFO: VAO: [ID 440] Mesh uploaded successfully to VRAM (GPU)
INFO: VAO: [ID 441] Mesh uploaded successfully to VRAM (GPU)
INFO: VAO: [ID 442] Mesh uploaded successfully to VRAM (GPU)
INFO: VAO: [ID 443] Mesh uploaded successfully to VRAM (GPU)
INFO: VAO: [ID 444] Mesh uploaded successfully to VRAM (GPU)
INFO: VAO: [ID 445] Mesh uploaded successfully to VRAM (GPU)
INFO: VAO: [ID 446] Mesh uploaded successfully to VRAM (GPU)
INFO: VAO: [ID 447] Mesh uploaded successfully to VRAM (GPU)
INFO: VAO: [ID 448] Mesh uploaded successfully to VRAM (GPU)
INFO: VAO: [ID 449] Mesh uploaded successfully to VRAM (GPU)
INFO: VAO: [ID 450] Mesh uploaded successfully to VRAM (GPU)
INFO: VAO: [ID 451] Mesh uploaded successfully to VRAM (GPU)
INFO: VAO: [ID 452] Mesh uploaded successfully to VRAM (GPU)
INFO: VAO: [ID 453] Mesh uploaded successfully to VRAM (GPU)
INFO: VAO: [ID 454] Mesh uploaded successfully to VRAM (GPU)
INFO: VAO: [ID 455] Mesh uploaded successfully to VRAM (GPU)
INFO: VAO: [ID 456] Mesh uploaded successfully to VRAM (GPU)
INFO: VAO: [ID 457] Mesh uploaded successfully to VRAM (GPU)
INFO: VAO: [ID 458] Mesh uploaded successfully to VRAM (GPU)
INFO: VAO: [ID 459] Mesh uploaded successfully to VRAM (GPU)
INFO: VAO: [ID 460] Mesh uploaded successfully to VRAM (GPU)
INFO: VAO: [ID 461] Mesh uploaded successfully to VRAM (GPU)
INFO: VAO: [ID 462] Mesh uploaded successfully to VRAM (GPU)
INFO: VAO: [ID 463] Mesh uploaded successfully to VRAM (GPU)
INFO: VAO: [ID 464] Mesh uploaded successfully to VRAM (GPU)
INFO: VAO: [ID 465] Mesh uploaded successfully to VRAM (GPU)
INFO: VAO: [ID 466] Mesh uploaded successfully to VRAM (GPU)
INFO: VAO: [ID 467] Mesh uploaded successfully to VRAM (GPU)
INFO: VAO: [ID 468] Mesh uploaded successfully to VRAM (GPU)
INFO: VAO: [ID 469] Mesh uploaded successfully to VRAM (GPU)
INFO: VAO: [ID 470] Mesh uploaded successfully to VRAM (GPU)
INFO: VAO: [ID 471] Mesh uploaded successfully to VRAM (GPU)
INFO: VAO: [ID 472] Mesh uploaded successfully to VRAM (GPU)
INFO: VAO: [ID 473] Mesh uploaded successfully to VRAM (GPU)
INFO: VAO: [ID 474] Mesh uploaded successfully to VRAM (GPU)
INFO: VAO: [ID 475] Mesh uploaded successfully to VRAM (GPU)
INFO: VAO: [ID 504] Mesh uploaded successfully to VRAM (GPU)
INFO: VAO: [ID 505] Mesh uploaded successfully to VRAM (GPU)
INFO: VAO: [ID 506] Mesh uploaded successfully to VRAM (GPU)
INFO: VAO: [ID 507] Mesh uploaded successfully to VRAM (GPU)
INFO: VAO: [ID 508] Mesh uploaded successfully to VRAM (GPU)
INFO: VAO: [ID 509] Mesh uploaded successfully to VRAM (GPU)
INFO: VAO: [ID 510] Mesh uploaded successfully to VRAM (GPU)
INFO: VAO: [ID 511] Mesh uploaded successfully to VRAM (GPU)
INFO: VAO: [ID 512] Mesh uploaded successfully to VRAM (GPU)
INFO: VAO: [ID 516] Mesh uploaded successfully to VRAM (GPU)
INFO: VAO: [ID 517] Mesh uploaded successfully to VRAM (GPU)
INFO: VAO: [ID 518] Mesh uploaded successfully to VRAM (GPU)
INFO: VAO: [ID 519] Mesh uploaded successfully to VRAM (GPU)
INFO: VAO: [ID 520] Mesh uploaded successfully to VRAM (GPU)
INFO: VAO: [ID 521] Mesh uploaded successfully to VRAM (GPU)
INFO: VAO: [ID 522] Mesh uploaded successfully to VRAM (GPU)
INFO: VAO: [ID 523] Mesh uploaded successfully to VRAM (GPU)
INFO: VAO: [ID 524] Mesh uploaded successfully to VRAM (GPU)
INFO: VAO: [ID 525] Mesh uploaded successfully to VRAM (GPU)
INFO: VAO: [ID 526] Mesh uploaded successfully to VRAM (GPU)
INFO: VAO: [ID 527] Mesh uploaded successfully to VRAM (GPU)
INFO: VAO: [ID 528] Mesh uploaded successfully to VRAM (GPU)
INFO: VAO: [ID 529] Mesh uploaded successfully to VRAM (GPU)
INFO: VAO: [ID 530] Mesh uploaded successfully to VRAM (GPU)
INFO: VAO: [ID 531] Mesh uploaded successfully to VRAM (GPU)
INFO: VAO: [ID 532] Mesh uploaded successfully to VRAM (GPU)
INFO: VAO: [ID 533] Mesh uploaded successfully to VRAM (GPU)
INFO: VAO: [ID 534] Mesh uploaded successfully to VRAM (GPU)
INFO: VAO: [ID 538] Mesh uploaded successfully to VRAM (GPU)
INFO: VAO: [ID 539] Mesh uploaded successfully to VRAM (GPU)
INFO: VAO: [ID 540] Mesh uploaded successfully to VRAM (GPU)
INFO: VAO: [ID 541] Mesh uploaded successfully to VRAM (GPU)
INFO: VAO: [ID 542] Mesh uploaded successfully to VRAM (GPU)
INFO: VAO: [ID 543] Mesh uploaded successfully to VRAM (GPU)
INFO: VAO: [ID 544] Mesh uploaded successfully to VRAM (GPU)
INFO: VAO: [ID 545] Mesh uploaded successfully to VRAM (GPU)
INFO: VAO: [ID 546] Mesh uploaded successfully to VRAM (GPU)
INFO: VAO: [ID 547] Mesh uploaded successfully to VRAM (GPU)
INFO: VAO: [ID 548] Mesh uploaded successfully to VRAM (GPU)
INFO: VAO: [ID 549] Mesh uploaded successfully to VRAM (GPU)
INFO: VAO: [ID 550] Mesh uploaded successfully to VRAM (GPU)
INFO: VAO: [ID 551] Mesh uploaded successfully to VRAM (GPU)
INFO: VAO: [ID 552] Mesh uploaded successfully to VRAM (GPU)
INFO: VAO: [ID 553] Mesh uploaded successfully to VRAM (GPU)
INFO: VAO: [ID 554] Mesh uploaded successfully to VRAM (GPU)
INFO: VAO: [ID 555] Mesh uploaded successfully to VRAM (GPU)
INFO: VAO: [ID 556] Mesh uploaded successfully to VRAM (GPU)
INFO: VAO: [ID 557] Mesh uploaded successfully to VRAM (GPU)
INFO: VAO: [ID 564] Mesh uploaded successfully to VRAM (GPU)
INFO: VAO: [ID 565] Mesh uploaded successfully to VRAM (GPU)
INFO: VAO: [ID 566] Mesh uploaded successfully to VRAM (GPU)
INFO: VAO: [ID 567] Mesh uploaded successfully to VRAM (GPU)
INFO: VAO: [ID 568] Mesh uploaded successfully to VRAM (GPU)
INFO: VAO: [ID 569] Mesh uploaded successfully to VRAM (GPU)
INFO: VAO: [ID 570] Mesh uploaded successfully to VRAM (GPU)
INFO: VAO: [ID 571] Mesh uploaded successfully to VRAM (GPU)
INFO: VAO: [ID 572] Mesh uploaded successfully to VRAM (GPU)
INFO: VAO: [ID 573] Mesh uploaded successfully to VRAM (GPU)
INFO: VAO: [ID 574] Mesh uploaded successfully to VRAM (GPU)
INFO: VAO: [ID 575] Mesh uploaded successfully to VRAM (GPU)
INFO: VAO: [ID 576] Mesh uploaded successfully to VRAM (GPU)
INFO: VAO: [ID 577] Mesh uploaded successfully to VRAM (GPU)
INFO: VAO: [ID 578] Mesh uploaded successfully to VRAM (GPU)
INFO: VAO: [ID 579] Mesh uploaded successfully to VRAM (GPU)
INFO: VAO: [ID 580] Mesh uploaded successfully to VRAM (GPU)
INFO: VAO: [ID 581] Mesh uploaded successfully to VRAM (GPU)
INFO: VAO: [ID 582] Mesh uploaded successfully to VRAM (GPU)
INFO: VAO: [ID 583] Mesh uploaded successfully to VRAM (GPU)
INFO: VAO: [ID 584] Mesh uploaded successfully to VRAM (GPU)
INFO: VAO: [ID 585] Mesh uploaded successfully to VRAM (GPU)
INFO: VAO: [ID 586] Mesh uploaded successfully to VRAM (GPU)
INFO: VAO: [ID 587] Mesh uploaded successfully to VRAM (GPU)
INFO: VAO: [ID 588] Mesh uploaded successfully to VRAM (GPU)
INFO: VAO: [ID 589] Mesh uploaded successfully to VRAM (GPU)
INFO: VAO: [ID 590] Mesh uploaded successfully to VRAM (GPU)
INFO: VAO: [ID 591] Mesh uploaded successfully to VRAM (GPU)
INFO: VAO: [ID 592] Mesh uploaded successfully to VRAM (GPU)
INFO: VAO: [ID 593] Mesh uploaded successfully to VRAM (GPU)
INFO: VAO: [ID 594] Mesh uploaded successfully to VRAM (GPU)
INFO: VAO: [ID 595] Mesh uploaded successfully to VRAM (GPU)
INFO: VAO: [ID 596] Mesh uploaded successfully to VRAM (GPU)
INFO: VAO: [ID 597] Mesh uploaded successfully to VRAM (GPU)
INFO: VAO: [ID 598] Mesh uploaded successfully to VRAM (GPU)
INFO: VAO: [ID 599] Mesh uploaded successfully to VRAM (GPU)
INFO: VAO: [ID 600] Mesh uploaded successfully to VRAM (GPU)
INFO: VAO: [ID 601] Mesh uploaded successfully to VRAM (GPU)
INFO: VAO: [ID 602] Mesh uploaded successfully to VRAM (GPU)
INFO: VAO: [ID 603] Mesh uploaded successfully to VRAM (GPU)
INFO: VAO: [ID 604] Mesh uploaded successfully to VRAM (GPU)
INFO: VAO: [ID 605] Mesh uploaded successfully to VRAM (GPU)
INFO: VAO: [ID 606] Mesh uploaded successfully to VRAM (GPU)
INFO: VAO: [ID 607] Mesh uploaded successfully to VRAM (GPU)
INFO: VAO: [ID 608] Mesh uploaded successfully to VRAM (GPU)
INFO: VAO: [ID 609] Mesh uploaded successfully to VRAM (GPU)
INFO: VAO: [ID 610] Mesh uploaded successfully to VRAM (GPU)
INFO: VAO: [ID 611] Mesh uploaded successfully to VRAM (GPU)
INFO: VAO: [ID 612] Mesh uploaded successfully to VRAM (GPU)
INFO: VAO: [ID 613] Mesh uploaded successfully to VRAM (GPU)
INFO: VAO: [ID 614] Mesh uploaded successfully to VRAM (GPU)
INFO: VAO: [ID 615] Mesh uploaded successfully to VRAM (GPU)
INFO: VAO: [ID 616] Mesh uploaded successfully to VRAM (GPU)
INFO: VAO: [ID 617] Mesh uploaded successfully to VRAM (GPU)
INFO: VAO: [ID 618] Mesh uploaded successfully to VRAM (GPU)
INFO: VAO: [ID 619] Mesh uploaded successfully to VRAM (GPU)
INFO: VAO: [ID 620] Mesh uploaded successfully to VRAM (GPU)
INFO: VAO: [ID 621] Mesh uploaded successfully to VRAM (GPU)
INFO: VAO: [ID 622] Mesh uploaded successfully to VRAM (GPU)
INFO: VAO: [ID 623] Mesh uploaded successfully to VRAM (GPU)
INFO: VAO: [ID 624] Mesh uploaded successfully to VRAM (GPU)
INFO: VAO: [ID 625] Mesh uploaded successfully to VRAM (GPU)
INFO: VAO: [ID 626] Mesh uploaded successfully to VRAM (GPU)
INFO: VAO: [ID 627] Mesh uploaded successfully to VRAM (GPU)
INFO: VAO: [ID 628] Mesh uploaded successfully to VRAM (GPU)
INFO: VAO: [ID 629] Mesh uploaded successfully to VRAM (GPU)
INFO: VAO: [ID 630] Mesh uploaded successfully to VRAM (GPU)
INFO: VAO: [ID 631] Mesh uploaded successfully to VRAM (GPU)
INFO: VAO: [ID 632] Mesh uploaded successfully to VRAM (GPU)
INFO: VAO: [ID 633] Mesh uploaded successfully to VRAM (GPU)
INFO: VAO: [ID 634] Mesh uploaded successfully to VRAM (GPU)
INFO: VAO: [ID 635] Mesh uploaded successfully to VRAM (GPU)
INFO: VAO: [ID 636] Mesh uploaded successfully to VRAM (GPU)
INFO: VAO: [ID 637] Mesh uploaded successfully to VRAM (GPU)
INFO: VAO: [ID 638] Mesh uploaded successfully to VRAM (GPU)
INFO: VAO: [ID 639] Mesh uploaded successfully to VRAM (GPU)
INFO: VAO: [ID 640] Mesh uploaded successfully to VRAM (GPU)
INFO: VAO: [ID 641] Mesh uploaded successfully to VRAM (GPU)
INFO: VAO: [ID 642] Mesh uploaded successfully to VRAM (GPU)
INFO: VAO: [ID 643] Mesh uploaded successfully to VRAM (GPU)
INFO: VAO: [ID 644] Mesh uploaded successfully to VRAM (GPU)
INFO: VAO: [ID 645] Mesh uploaded successfully to VRAM (GPU)
INFO: VAO: [ID 646] Mesh uploaded successfully to VRAM (GPU)
INFO: VAO: [ID 647] Mesh uploaded successfully to VRAM (GPU)
INFO: VAO: [ID 648] Mesh uploaded successfully to VRAM (GPU)
INFO: VAO: [ID 649] Mesh uploaded successfully to VRAM (GPU)
INFO: VAO: [ID 650] Mesh uploaded successfully to VRAM (GPU)
INFO: VAO: [ID 651] Mesh uploaded successfully to VRAM (GPU)
INFO: VAO: [ID 652] Mesh uploaded successfully to VRAM (GPU)
INFO: VAO: [ID 653] Mesh uploaded successfully to VRAM (GPU)
INFO: VAO: [ID 654] Mesh uploaded successfully to VRAM (GPU)
INFO: VAO: [ID 655] Mesh uploaded successfully to VRAM (GPU)
INFO: VAO: [ID 656] Mesh uploaded successfully to VRAM (GPU)
INFO: VAO: [ID 657] Mesh uploaded successfully to VRAM (GPU)
INFO: VAO: [ID 658] Mesh uploaded successfully to VRAM (GPU)
INFO: VAO: [ID 659] Mesh uploaded successfully to VRAM (GPU)
INFO: VAO: [ID 660] Mesh uploaded successfully to VRAM (GPU)
INFO: VAO: [ID 661] Mesh uploaded successfully to VRAM (GPU)
INFO: VAO: [ID 662] Mesh uploaded successfully to VRAM (GPU)
INFO: VAO: [ID 663] Mesh uploaded successfully to VRAM (GPU)
INFO: VAO: [ID 664] Mesh uploaded successfully to VRAM (GPU)
INFO: VAO: [ID 665] Mesh uploaded successfully to VRAM (GPU)
INFO: VAO: [ID 666] Mesh uploaded successfully to VRAM (GPU)
INFO: VAO: [ID 667] Mesh uploaded successfully to VRAM (GPU)
INFO: VAO: [ID 668] Mesh uploaded successfully to VRAM (GPU)
INFO: VAO: [ID 669] Mesh uploaded successfully to VRAM (GPU)
INFO: VAO: [ID 670] Mesh uploaded successfully to VRAM (GPU)
INFO: VAO: [ID 671] Mesh uploaded successfully to VRAM (GPU)
INFO: VAO: [ID 672] Mesh uploaded successfully to VRAM (GPU)
INFO: VAO: [ID 673] Mesh uploaded successfully to VRAM (GPU)
INFO: VAO: [ID 674] Mesh uploaded successfully to VRAM (GPU)
INFO: VAO: [ID 675] Mesh uploaded successfully to VRAM (GPU)
INFO: VAO: [ID 676] Mesh uploaded successfully to VRAM (GPU)
INFO: VAO: [ID 677] Mesh uploaded successfully to VRAM (GPU)
INFO: VAO: [ID 678] Mesh uploaded successfully to VRAM (GPU)
INFO: VAO: [ID 679] Mesh uploaded successfully to VRAM (GPU)
INFO: VAO: [ID 680] Mesh uploaded successfully to VRAM (GPU)
INFO: VAO: [ID 681] Mesh uploaded successfully to VRAM (GPU)
INFO: VAO: [ID 682] Mesh uploaded successfully to VRAM (GPU)
INFO: VAO: [ID 683] Mesh uploaded successfully to VRAM (GPU)
INFO: VAO: [ID 684] Mesh uploaded successfully to VRAM (GPU)
INFO: VAO: [ID 685] Mesh uploaded successfully to VRAM (GPU)
INFO: VAO: [ID 169] Unloaded vertex array data from VRAM (GPU)
INFO: VAO: [ID 168] Unloaded vertex array data from VRAM (GPU)
INFO: VAO: [ID 152] Unloaded vertex array data from VRAM (GPU)
INFO: VAO: [ID 151] Unloaded vertex array data from VRAM (GPU)
INFO: VAO: [ID 150] Unloaded vertex array data from VRAM (GPU)
INFO: VAO: [ID 134] Unloaded vertex array data from VRAM (GPU)
INFO: VAO: [ID 133] Unloaded vertex array data from VRAM (GPU)
INFO: VAO: [ID 132] Unloaded vertex array data from VRAM (GPU)
INFO: VAO: [ID 116] Unloaded vertex array data from VRAM (GPU)
INFO: VAO: [ID 115] Unloaded vertex array data from VRAM (GPU)
INFO: VAO: [ID 114] Unloaded vertex array data from VRAM (GPU)
INFO: VAO: [ID 98] Unloaded vertex array data from VRAM (GPU)
INFO: VAO: [ID 97] Unloaded vertex array data from VRAM (GPU)
INFO: VAO: [ID 96] Unloaded vertex array data from VRAM (GPU)
INFO: VAO: [ID 80] Unloaded vertex array data from VRAM (GPU)
INFO: VAO: [ID 79] Unloaded vertex array data from VRAM (GPU)
INFO: VAO: [ID 78] Unloaded vertex array data from VRAM (GPU)
INFO: VAO: [ID 62] Unloaded vertex array data from VRAM (GPU)
INFO: VAO: [ID 61] Unloaded vertex array data from VRAM (GPU)
INFO: VAO: [ID 558] Unloaded vertex array data from VRAM (GPU)
INFO: VAO: [ID 559] Unloaded vertex array data from VRAM (GPU)
INFO: VAO: [ID 561] Unloaded vertex array data from VRAM (GPU)
INFO: VAO: [ID 562] Unloaded vertex array data from VRAM (GPU)
INFO: VAO: [ID 205] Unloaded vertex array data from VRAM (GPU)
INFO: VAO: [ID 204] Unloaded vertex array data from VRAM (GPU)
INFO: VAO: [ID 188] Unloaded vertex array data from VRAM (GPU)
INFO: VAO: [ID 187] Unloaded vertex array data from VRAM (GPU)
INFO: VAO: [ID 186] Unloaded vertex array data from VRAM (GPU)
INFO: VAO: [ID 170] Unloaded vertex array data from VRAM (GPU)
INFO: VAO: [ID 60] Unloaded vertex array data from VRAM (GPU)
INFO: VAO: [ID 513] Unloaded vertex array data from VRAM (GPU)
INFO: VAO: [ID 514] Unloaded vertex array data from VRAM (GPU)
INFO: VAO: [ID 535] Unloaded vertex array data from VRAM (GPU)
INFO: VAO: [ID 536] Unloaded vertex array data from VRAM (GPU)
INFO: VAO: [ID 60] Mesh uploaded successfully to VRAM (GPU)
INFO: VAO: [ID 61] Mesh uploaded successfully to VRAM (GPU)
INFO: VAO: [ID 62] Mesh uploaded successfully to VRAM (GPU)
INFO: VAO: [ID 78] Mesh uploaded successfully to VRAM (GPU)
INFO: VAO: [ID 79] Mesh uploaded successfully to VRAM (GPU)
INFO: VAO: [ID 80] Mesh uploaded successfully to VRAM (GPU)
INFO: VAO: [ID 96] Mesh uploaded successfully to VRAM (GPU)
INFO: VAO: [ID 97] Mesh uploaded successfully to VRAM (GPU)
INFO: VAO: [ID 98] Mesh uploaded successfully to VRAM (GPU)
INFO: VAO: [ID 114] Mesh uploaded successfully to VRAM (GPU)
INFO: VAO: [ID 115] Mesh uploaded successfully to VRAM (GPU)
INFO: VAO: [ID 116] Mesh uploaded successfully to VRAM (GPU)
INFO: VAO: [ID 132] Mesh uploaded successfully to VRAM (GPU)
INFO: VAO: [ID 133] Mesh uploaded successfully to VRAM (GPU)
INFO: VAO: [ID 134] Mesh uploaded successfully to VRAM (GPU)
INFO: VAO: [ID 150] Mesh uploaded successfully to VRAM (GPU)
INFO: VAO: [ID 151] Mesh uploaded successfully to VRAM (GPU)
INFO: VAO: [ID 152] Mesh uploaded successfully to VRAM (GPU)
INFO: VAO: [ID 206] Unloaded vertex array data from VRAM (GPU)
INFO: VAO: [ID 168] Mesh uploaded successfully to VRAM (GPU)
INFO: VAO: [ID 169] Mesh uploaded successfully to VRAM (GPU)
INFO: VAO: [ID 170] Mesh uploaded successfully to VRAM (GPU)
INFO: VAO: [ID 186] Mesh uploaded successfully to VRAM (GPU)
INFO: VAO: [ID 187] Mesh uploaded successfully to VRAM (GPU)
INFO: VAO: [ID 188] Mesh uploaded successfully to VRAM (GPU)
INFO: VAO: [ID 204] Mesh uploaded successfully to VRAM (GPU)
INFO: VAO: [ID 205] Mesh uploaded successfully to VRAM (GPU)
INFO: VAO: [ID 206] Mesh uploaded successfully to VRAM (GPU)
INFO: VAO: [ID 513] Mesh uploaded successfully to VRAM (GPU)
INFO: VAO: [ID 514] Mesh uploaded successfully to VRAM (GPU)
INFO: VAO: [ID 535] Mesh uploaded successfully to VRAM (GPU)
INFO: VAO: [ID 536] Mesh uploaded successfully to VRAM (GPU)
INFO: VAO: [ID 558] Mesh uploaded successfully to VRAM (GPU)
INFO: VAO: [ID 559] Mesh uploaded successfully to VRAM (GPU)
INFO: VAO: [ID 561] Mesh uploaded successfully to VRAM (GPU)
INFO: VAO: [ID 562] Mesh uploaded successfully to VRAM (GPU)
INFO: VAO: [ID 686] Mesh uploaded successfully to VRAM (GPU)
INFO: VAO: [ID 222] Unloaded vertex array data from VRAM (GPU)
INFO: VAO: [ID 476] Unloaded vertex array data from VRAM (GPU)
INFO: VAO: [ID 277] Unloaded vertex array data from VRAM (GPU)
INFO: VAO: [ID 352] Unloaded vertex array data from VRAM (GPU)
INFO: VAO: [ID 349] Unloaded vertex array data from VRAM (GPU)
INFO: VAO: [ID 331] Unloaded vertex array data from VRAM (GPU)
INFO: VAO: [ID 313] Unloaded vertex array data from VRAM (GPU)
INFO: VAO: [ID 295] Unloaded vertex array data from VRAM (GPU)
INFO: VAO: [ID 527] Unloaded vertex array data from VRAM (GPU)
INFO: VAO: [ID 526] Unloaded vertex array data from VRAM (GPU)
INFO: VAO: [ID 525] Unloaded vertex array data from VRAM (GPU)
INFO: VAO: [ID 524] Unloaded vertex array data from VRAM (GPU)
INFO: VAO: [ID 259] Unloaded vertex array data from VRAM (GPU)
INFO: VAO: [ID 241] Unloaded vertex array data from VRAM (GPU)
INFO: VAO: [ID 240] Unloaded vertex array data from VRAM (GPU)
INFO: VAO: [ID 224] Unloaded vertex array data from VRAM (GPU)
INFO: VAO: [ID 223] Unloaded vertex array data from VRAM (GPU)
INFO: VAO: [ID 400] Unloaded vertex array data from VRAM (GPU)
INFO: VAO: [ID 381] Unloaded vertex array data from VRAM (GPU)
INFO: VAO: [ID 364] Unloaded vertex array data from VRAM (GPU)
INFO: VAO: [ID 361] Unloaded vertex array data from VRAM (GPU)
INFO: VAO: [ID 358] Unloaded vertex array data from VRAM (GPU)
INFO: VAO: [ID 355] Unloaded vertex array data from VRAM (GPU)
INFO: VAO: [ID 353] Unloaded vertex array data from VRAM (GPU)
INFO: VAO: [ID 350] Unloaded vertex array data from VRAM (GPU)
INFO: VAO: [ID 332] Unloaded vertex array data from VRAM (GPU)
INFO: VAO: [ID 314] Unloaded vertex array data from VRAM (GPU)
INFO: VAO: [ID 296] Unloaded vertex array data from VRAM (GPU)
INFO: VAO: [ID 278] Unloaded vertex array data from VRAM (GPU)
INFO: VAO: [ID 528] Unloaded vertex array data from VRAM (GPU)
INFO: VAO: [ID 260] Unloaded vertex array data from VRAM (GPU)
INFO: VAO: [ID 242] Unloaded vertex array data from VRAM (GPU)
INFO: VAO: [ID 419] Unloaded vertex array data from VRAM (GPU)
INFO: VAO: [ID 401] Unloaded vertex array data from VRAM (GPU)
INFO: VAO: [ID 382] Unloaded vertex array data from VRAM (GPU)
INFO: VAO: [ID 365] Unloaded vertex array data from VRAM (GPU)
INFO: VAO: [ID 362] Unloaded vertex array data from VRAM (GPU)
INFO: VAO: [ID 359] Unloaded vertex array data from VRAM (GPU)
INFO: VAO: [ID 452] Unloaded vertex array data from VRAM (GPU)
INFO: VAO: [ID 474] Unloaded vertex array data from VRAM (GPU)
INFO: VAO: [ID 356] Unloaded vertex array data from VRAM (GPU)
INFO: VAO: [ID 354] Unloaded vertex array data from VRAM (GPU)
INFO: VAO: [ID 351] Unloaded vertex array data from VRAM (GPU)
INFO: VAO: [ID 348] Unloaded vertex array data from VRAM (GPU)
INFO: VAO: [ID 330] Unloaded vertex array data from VRAM (GPU)
INFO: VAO: [ID 312] Unloaded vertex array data from VRAM (GPU)
INFO: VAO: [ID 294] Unloaded vertex array data from VRAM (GPU)
INFO: VAO: [ID 529] Unloaded vertex array data from VRAM (GPU)
INFO: VAO: [ID 276] Unloaded vertex array data from VRAM (GPU)
INFO: VAO: [ID 258] Unloaded vertex array data from VRAM (GPU)
INFO: VAO: [ID 420] Unloaded vertex array data from VRAM (GPU)
INFO: VAO: [ID 402] Unloaded vertex array data from VRAM (GPU)
INFO: VAO: [ID 383] Unloaded vertex array data from VRAM (GPU)
INFO: VAO: [ID 366] Unloaded vertex array data from VRAM (GPU)
INFO: VAO: [ID 363] Unloaded vertex array data from VRAM (GPU)
INFO: VAO: [ID 360] Unloaded vertex array data from VRAM (GPU)
INFO: VAO: [ID 357] Unloaded vertex array data from VRAM (GPU)
INFO: VAO: [ID 453] Unloaded vertex array data from VRAM (GPU)
INFO: VAO: [ID 475] Unloaded vertex array data from VRAM (GPU)
INFO: VAO: [ID 555] Unloaded vertex array data from VRAM (GPU)
INFO: VAO: [ID 549] Unloaded vertex array data from VRAM (GPU)
INFO: VAO: [ID 548] Unloaded vertex array data from VRAM (GPU)
INFO: VAO: [ID 547] Unloaded vertex array data from VRAM (GPU)
INFO: VAO: [ID 546] Unloaded vertex array data from VRAM (GPU)
INFO: VAO: [ID 545] Unloaded vertex array data from VRAM (GPU)
INFO: VAO: [ID 544] Unloaded vertex array data from VRAM (GPU)
INFO: VAO: [ID 543] Unloaded vertex array data from VRAM (GPU)
INFO: VAO: [ID 542] Unloaded vertex array data from VRAM (GPU)
INFO: VAO: [ID 541] Unloaded vertex array data from VRAM (GPU)
INFO: VAO: [ID 540] Unloaded vertex array data from VRAM (GPU)
INFO: VAO: [ID 539] Unloaded vertex array data from VRAM (GPU)
INFO: VAO: [ID 538] Unloaded vertex array data from VRAM (GPU)
INFO: VAO: [ID 534] Unloaded vertex array data from VRAM (GPU)
INFO: VAO: [ID 533] Unloaded vertex array data from VRAM (GPU)
INFO: VAO: [ID 532] Unloaded vertex array data from VRAM (GPU)
INFO: VAO: [ID 531] Unloaded vertex array data from VRAM (GPU)
INFO: VAO: [ID 530] Unloaded vertex array data from VRAM (GPU)
INFO: VAO: [ID 436] Unloaded vertex array data from VRAM (GPU)
INFO: VAO: [ID 403] Unloaded vertex array data from VRAM (GPU)
INFO: VAO: [ID 384] Unloaded vertex array data from VRAM (GPU)
INFO: VAO: [ID 478] Unloaded vertex array data from VRAM (GPU)
INFO: VAO: [ID 480] Unloaded vertex array data from VRAM (GPU)
INFO: VAO: [ID 482] Unloaded vertex array data from VRAM (GPU)
INFO: VAO: [ID 484] Unloaded vertex array data from VRAM (GPU)
INFO: VAO: [ID 486] Unloaded vertex array data from VRAM (GPU)
INFO: VAO: [ID 488] Unloaded vertex array data from VRAM (GPU)
INFO: VAO: [ID 490] Unloaded vertex array data from VRAM (GPU)
INFO: VAO: [ID 492] Unloaded vertex array data from VRAM (GPU)
INFO: VAO: [ID 494] Unloaded vertex array data from VRAM (GPU)
INFO: VAO: [ID 496] Unloaded vertex array data from VRAM (GPU)
INFO: VAO: [ID 498] Unloaded vertex array data from VRAM (GPU)
INFO: VAO: [ID 500] Unloaded vertex array data from VRAM (GPU)
INFO: VAO: [ID 502] Unloaded vertex array data from VRAM (GPU)
INFO: VAO: [ID 454] Unloaded vertex array data from VRAM (GPU)
INFO: VAO: [ID 504] Unloaded vertex array data from VRAM (GPU)
INFO: VAO: [ID 554] Unloaded vertex array data from VRAM (GPU)
INFO: VAO: [ID 523] Unloaded vertex array data from VRAM (GPU)
INFO: VAO: [ID 522] Unloaded vertex array data from VRAM (GPU)
INFO: VAO: [ID 521] Unloaded vertex array data from VRAM (GPU)
INFO: VAO: [ID 520] Unloaded vertex array data from VRAM (GPU)
INFO: VAO: [ID 519] Unloaded vertex array data from VRAM (GPU)
INFO: VAO: [ID 518] Unloaded vertex array data from VRAM (GPU)
INFO: VAO: [ID 517] Unloaded vertex array data from VRAM (GPU)
INFO: VAO: [ID 516] Unloaded vertex array data from VRAM (GPU)
INFO: VAO: [ID 511] Unloaded vertex array data from VRAM (GPU)
INFO: VAO: [ID 510] Unloaded vertex array data from VRAM (GPU)
INFO: VAO: [ID 509] Unloaded vertex array data from VRAM (GPU)
INFO: VAO: [ID 508] Unloaded vertex array data from VRAM (GPU)
INFO: VAO: [ID 507] Unloaded vertex array data from VRAM (GPU)
INFO: VAO: [ID 506] Unloaded vertex array data from VRAM (GPU)
INFO: VAO: [ID 505] Unloaded vertex array data from VRAM (GPU)
INFO: VAO: [ID 512] Unloaded vertex array data from VRAM (GPU)
INFO: VAO: [ID 566] Unloaded vertex array data from VRAM (GPU)
INFO: VAO: [ID 585] Unloaded vertex array data from VRAM (GPU)
INFO: VAO: [ID 437] Unloaded vertex array data from VRAM (GPU)
INFO: VAO: [ID 404] Unloaded vertex array data from VRAM (GPU)
INFO: VAO: [ID 385] Unloaded vertex array data from VRAM (GPU)
INFO: VAO: [ID 477] Unloaded vertex array data from VRAM (GPU)
INFO: VAO: [ID 479] Unloaded vertex array data from VRAM (GPU)
INFO: VAO: [ID 481] Unloaded vertex array data from VRAM (GPU)
INFO: VAO: [ID 483] Unloaded vertex array data from VRAM (GPU)
INFO: VAO: [ID 485] Unloaded vertex array data from VRAM (GPU)
INFO: VAO: [ID 487] Unloaded vertex array data from VRAM (GPU)
INFO: VAO: [ID 489] Unloaded vertex array data from VRAM (GPU)
INFO: VAO: [ID 491] Unloaded vertex array data from VRAM (GPU)
INFO: VAO: [ID 493] Unloaded vertex array data from VRAM (GPU)
INFO: VAO: [ID 495] Unloaded vertex array data from VRAM (GPU)
INFO: VAO: [ID 497] Unloaded vertex array data from VRAM (GPU)
INFO: VAO: [ID 499] Unloaded vertex array data from VRAM (GPU)
INFO: VAO: [ID 501] Unloaded vertex array data from VRAM (GPU)
INFO: VAO: [ID 503] Unloaded vertex array data from VRAM (GPU)
INFO: VAO: [ID 455] Unloaded vertex array data from VRAM (GPU)
INFO: VAO: [ID 553] Unloaded vertex array data from VRAM (GPU)
INFO: VAO: [ID 464] Unloaded vertex array data from VRAM (GPU)
INFO: VAO: [ID 463] Unloaded vertex array data from VRAM (GPU)
INFO: VAO: [ID 462] Unloaded vertex array data from VRAM (GPU)
INFO: VAO: [ID 461] Unloaded vertex array data from VRAM (GPU)
INFO: VAO: [ID 460] Unloaded vertex array data from VRAM (GPU)
INFO: VAO: [ID 459] Unloaded vertex array data from VRAM (GPU)
INFO: VAO: [ID 458] Unloaded vertex array data from VRAM (GPU)
INFO: VAO: [ID 457] Unloaded vertex array data from VRAM (GPU)
INFO: VAO: [ID 456] Unloaded vertex array data from VRAM (GPU)
INFO: VAO: [ID 465] Unloaded vertex array data from VRAM (GPU)
INFO: VAO: [ID 473] Unloaded vertex array data from VRAM (GPU)
INFO: VAO: [ID 469] Unloaded vertex array data from VRAM (GPU)
INFO: VAO: [ID 468] Unloaded vertex array data from VRAM (GPU)
INFO: VAO: [ID 467] Unloaded vertex array data from VRAM (GPU)
INFO: VAO: [ID 466] Unloaded vertex array data from VRAM (GPU)
INFO: VAO: [ID 565] Unloaded vertex array data from VRAM (GPU)
INFO: VAO: [ID 584] Unloaded vertex array data from VRAM (GPU)
INFO: VAO: [ID 552] Unloaded vertex array data from VRAM (GPU)
INFO: VAO: [ID 446] Unloaded vertex array data from VRAM (GPU)
INFO: VAO: [ID 445] Unloaded vertex array data from VRAM (GPU)
INFO: VAO: [ID 444] Unloaded vertex array data from VRAM (GPU)
INFO: VAO: [ID 443] Unloaded vertex array data from VRAM (GPU)
INFO: VAO: [ID 442] Unloaded vertex array data from VRAM (GPU)
INFO: VAO: [ID 441] Unloaded vertex array data from VRAM (GPU)
INFO: VAO: [ID 440] Unloaded vertex array data from VRAM (GPU)
INFO: VAO: [ID 439] Unloaded vertex array data from VRAM (GPU)
INFO: VAO: [ID 438] Unloaded vertex array data from VRAM (GPU)
INFO: VAO: [ID 451] Unloaded vertex array data from VRAM (GPU)
INFO: VAO: [ID 450] Unloaded vertex array data from VRAM (GPU)
INFO: VAO: [ID 449] Unloaded vertex array data from VRAM (GPU)
INFO: VAO: [ID 448] Unloaded vertex array data from VRAM (GPU)
INFO: VAO: [ID 447] Unloaded vertex array data from VRAM (GPU)
INFO: VAO: [ID 472] Unloaded vertex array data from VRAM (GPU)
INFO: VAO: [ID 564] Unloaded vertex array data from VRAM (GPU)
INFO: VAO: [ID 583] Unloaded vertex array data from VRAM (GPU)
INFO: VAO: [ID 606] Unloaded vertex array data from VRAM (GPU)
INFO: VAO: [ID 557] Unloaded vertex array data from VRAM (GPU)
INFO: VAO: [ID 551] Unloaded vertex array data from VRAM (GPU)
INFO: VAO: [ID 418] Unloaded vertex array data from VRAM (GPU)
INFO: VAO: [ID 417] Unloaded vertex array data from VRAM (GPU)
INFO: VAO: [ID 416] Unloaded vertex array data from VRAM (GPU)
INFO: VAO: [ID 415] Unloaded vertex array data from VRAM (GPU)
INFO: VAO: [ID 414] Unloaded vertex array data from VRAM (GPU)
INFO: VAO: [ID 413] Unloaded vertex array data from VRAM (GPU)
INFO: VAO: [ID 412] Unloaded vertex array data from VRAM (GPU)
INFO: VAO: [ID 411] Unloaded vertex array data from VRAM (GPU)
INFO: VAO: [ID 410] Unloaded vertex array data from VRAM (GPU)
INFO: VAO: [ID 409] Unloaded vertex array data from VRAM (GPU)
INFO: VAO: [ID 408] Unloaded vertex array data from VRAM (GPU)
INFO: VAO: [ID 407] Unloaded vertex array data from VRAM (GPU)
INFO: VAO: [ID 406] Unloaded vertex array data from VRAM (GPU)
INFO: VAO: [ID 405] Unloaded vertex array data from VRAM (GPU)
INFO: VAO: [ID 471] Unloaded vertex array data from VRAM (GPU)
INFO: VAO: [ID 582] Unloaded vertex array data from VRAM (GPU)
INFO: VAO: [ID 605] Unloaded vertex array data from VRAM (GPU)
INFO: VAO: [ID 421] Unloaded vertex array data from VRAM (GPU)
INFO: VAO: [ID 422] Unloaded vertex array data from VRAM (GPU)
INFO: VAO: [ID 423] Unloaded vertex array data from VRAM (GPU)
INFO: VAO: [ID 424] Unloaded vertex array data from VRAM (GPU)
INFO: VAO: [ID 425] Unloaded vertex array data from VRAM (GPU)
INFO: VAO: [ID 426] Unloaded vertex array data from VRAM (GPU)
INFO: VAO: [ID 427] Unloaded vertex array data from VRAM (GPU)
INFO: VAO: [ID 428] Unloaded vertex array data from VRAM (GPU)
INFO: VAO: [ID 429] Unloaded vertex array data from VRAM (GPU)
INFO: VAO: [ID 430] Unloaded vertex array data from VRAM (GPU)
INFO: VAO: [ID 431] Unloaded vertex array data from VRAM (GPU)
INFO: VAO: [ID 432] Unloaded vertex array data from VRAM (GPU)
INFO: VAO: [ID 433] Unloaded vertex array data from VRAM (GPU)
INFO: VAO: [ID 434] Unloaded vertex array data from VRAM (GPU)
INFO: VAO: [ID 386] Unloaded vertex array data from VRAM (GPU)
INFO: VAO: [ID 515] Unloaded vertex array data from VRAM (GPU)
INFO: VAO: [ID 537] Unloaded vertex array data from VRAM (GPU)
INFO: VAO: [ID 560] Unloaded vertex array data from VRAM (GPU)
INFO: VAO: [ID 563] Unloaded vertex array data from VRAM (GPU)
INFO: VAO: [ID 45] Unloaded vertex array data from VRAM (GPU)
INFO: VAO: [ID 63] Unloaded vertex array data from VRAM (GPU)
INFO: VAO: [ID 81] Unloaded vertex array data from VRAM (GPU)
INFO: VAO: [ID 99] Unloaded vertex array data from VRAM (GPU)
INFO: VAO: [ID 117] Unloaded vertex array data from VRAM (GPU)
INFO: VAO: [ID 135] Unloaded vertex array data from VRAM (GPU)
INFO: VAO: [ID 153] Unloaded vertex array data from VRAM (GPU)
INFO: VAO: [ID 171] Unloaded vertex array data from VRAM (GPU)
INFO: VAO: [ID 189] Unloaded vertex array data from VRAM (GPU)
INFO: VAO: [ID 207] Unloaded vertex array data from VRAM (GPU)
INFO: VAO: [ID 225] Unloaded vertex array data from VRAM (GPU)
INFO: VAO: [ID 243] Unloaded vertex array data from VRAM (GPU)
INFO: VAO: [ID 261] Unloaded vertex array data from VRAM (GPU)
INFO: VAO: [ID 279] Unloaded vertex array data from VRAM (GPU)
INFO: VAO: [ID 297] Unloaded vertex array data from VRAM (GPU)
INFO: VAO: [ID 315] Unloaded vertex array data from VRAM (GPU)
INFO: VAO: [ID 333] Unloaded vertex array data from VRAM (GPU)
INFO: VAO: [ID 435] Unloaded vertex array data from VRAM (GPU)
INFO: VAO: [ID 387] Unloaded vertex array data from VRAM (GPU)
INFO: VAO: [ID 650] Unloaded vertex array data from VRAM (GPU)
INFO: VAO: [ID 652] Unloaded vertex array data from VRAM (GPU)
INFO: VAO: [ID 654] Unloaded vertex array data from VRAM (GPU)
INFO: VAO: [ID 656] Unloaded vertex array data from VRAM (GPU)
INFO: VAO: [ID 658] Unloaded vertex array data from VRAM (GPU)
INFO: VAO: [ID 660] Unloaded vertex array data from VRAM (GPU)
INFO: VAO: [ID 662] Unloaded vertex array data from VRAM (GPU)
INFO: VAO: [ID 664] Unloaded vertex array data from VRAM (GPU)
INFO: VAO: [ID 666] Unloaded vertex array data from VRAM (GPU)
INFO: VAO: [ID 668] Unloaded vertex array data from VRAM (GPU)
INFO: VAO: [ID 670] Unloaded vertex array data from VRAM (GPU)
INFO: VAO: [ID 672] Unloaded vertex array data from VRAM (GPU)
INFO: VAO: [ID 674] Unloaded vertex array data from VRAM (GPU)
INFO: VAO: [ID 676] Unloaded vertex array data from VRAM (GPU)
INFO: VAO: [ID 678] Unloaded vertex array data from VRAM (GPU)
INFO: VAO: [ID 680] Unloaded vertex array data from VRAM (GPU)
INFO: VAO: [ID 682] Unloaded vertex array data from VRAM (GPU)
INFO: VAO: [ID 684] Unloaded vertex array data from VRAM (GPU)
INFO: VAO: [ID 649] Unloaded vertex array data from VRAM (GPU)
INFO: VAO: [ID 651] Unloaded vertex array data from VRAM (GPU)
INFO: VAO: [ID 653] Unloaded vertex array data from VRAM (GPU)
INFO: VAO: [ID 655] Unloaded vertex array data from VRAM (GPU)
INFO: VAO: [ID 657] Unloaded vertex array data from VRAM (GPU)
INFO: VAO: [ID 659] Unloaded vertex array data from VRAM (GPU)
INFO: VAO: [ID 661] Unloaded vertex array data from VRAM (GPU)
INFO: VAO: [ID 663] Unloaded vertex array data from VRAM (GPU)
INFO: VAO: [ID 665] Unloaded vertex array data from VRAM (GPU)
INFO: VAO: [ID 667] Unloaded vertex array data from VRAM (GPU)
INFO: VAO: [ID 669] Unloaded vertex array data from VRAM (GPU)
INFO: VAO: [ID 671] Unloaded vertex array data from VRAM (GPU)
INFO: VAO: [ID 673] Unloaded vertex array data from VRAM (GPU)
INFO: VAO: [ID 675] Unloaded vertex array data from VRAM (GPU)
INFO: VAO: [ID 677] Unloaded vertex array data from VRAM (GPU)
INFO: VAO: [ID 679] Unloaded vertex array data from VRAM (GPU)
INFO: VAO: [ID 681] Unloaded vertex array data from VRAM (GPU)
INFO: VAO: [ID 683] Unloaded vertex array data from VRAM (GPU)
INFO: VAO: [ID 685] Unloaded vertex array data from VRAM (GPU)
INFO: VAO: [ID 556] Unloaded vertex array data from VRAM (GPU)
INFO: VAO: [ID 550] Unloaded vertex array data from VRAM (GPU)
INFO: VAO: [ID 399] Unloaded vertex array data from VRAM (GPU)
INFO: VAO: [ID 398] Unloaded vertex array data from VRAM (GPU)
INFO: VAO: [ID 397] Unloaded vertex array data from VRAM (GPU)
INFO: VAO: [ID 396] Unloaded vertex array data from VRAM (GPU)
INFO: VAO: [ID 395] Unloaded vertex array data from VRAM (GPU)
INFO: VAO: [ID 394] Unloaded vertex array data from VRAM (GPU)
INFO: VAO: [ID 393] Unloaded vertex array data from VRAM (GPU)
INFO: VAO: [ID 392] Unloaded vertex array data from VRAM (GPU)
INFO: VAO: [ID 391] Unloaded vertex array data from VRAM (GPU)
INFO: VAO: [ID 390] Unloaded vertex array data from VRAM (GPU)
INFO: VAO: [ID 389] Unloaded vertex array data from VRAM (GPU)
INFO: VAO: [ID 388] Unloaded vertex array data from VRAM (GPU)
INFO: VAO: [ID 470] Unloaded vertex array data from VRAM (GPU)
INFO: VAO: [ID 581] Unloaded vertex array data from VRAM (GPU)
INFO: VAO: [ID 604] Unloaded vertex array data from VRAM (GPU)
INFO: VAO: [ID 629] Unloaded vertex array data from VRAM (GPU)
INFO: VAO: [ID 648] Unloaded vertex array data from VRAM (GPU)
INFO: VAO: [ID 46] Unloaded vertex array data from VRAM (GPU)
INFO: VAO: [ID 64] Unloaded vertex array data from VRAM (GPU)
INFO: VAO: [ID 44] Unloaded vertex array data from VRAM (GPU)
INFO: VAO: [ID 82] Unloaded vertex array data from VRAM (GPU)
INFO: VAO: [ID 100] Unloaded vertex array data from VRAM (GPU)
INFO: VAO: [ID 118] Unloaded vertex array data from VRAM (GPU)
INFO: VAO: [ID 136] Unloaded vertex array data from VRAM (GPU)
INFO: VAO: [ID 154] Unloaded vertex array data from VRAM (GPU)
INFO: VAO: [ID 172] Unloaded vertex array data from VRAM (GPU)
INFO: VAO: [ID 190] Unloaded vertex array data from VRAM (GPU)
INFO: VAO: [ID 208] Unloaded vertex array data from VRAM (GPU)
INFO: VAO: [ID 226] Unloaded vertex array data from VRAM (GPU)
INFO: VAO: [ID 244] Unloaded vertex array data from VRAM (GPU)
INFO: VAO: [ID 262] Unloaded vertex array data from VRAM (GPU)
INFO: VAO: [ID 280] Unloaded vertex array data from VRAM (GPU)
INFO: VAO: [ID 298] Unloaded vertex array data from VRAM (GPU)
INFO: VAO: [ID 316] Unloaded vertex array data from VRAM (GPU)
INFO: VAO: [ID 334] Unloaded vertex array data from VRAM (GPU)
INFO: VAO: [ID 367] Unloaded vertex array data from VRAM (GPU)
INFO: VAO: [ID 368] Unloaded vertex array data from VRAM (GPU)
INFO: VAO: [ID 369] Unloaded vertex array data from VRAM (GPU)
INFO: VAO: [ID 370] Unloaded vertex array data from VRAM (GPU)
INFO: VAO: [ID 371] Unloaded vertex array data from VRAM (GPU)
INFO: VAO: [ID 372] Unloaded vertex array data from VRAM (GPU)
INFO: VAO: [ID 373] Unloaded vertex array data from VRAM (GPU)
INFO: VAO: [ID 374] Unloaded vertex array data from VRAM (GPU)
INFO: VAO: [ID 375] Unloaded vertex array data from VRAM (GPU)
INFO: VAO: [ID 376] Unloaded vertex array data from VRAM (GPU)
INFO: VAO: [ID 377] Unloaded vertex array data from VRAM (GPU)
INFO: VAO: [ID 378] Unloaded vertex array data from VRAM (GPU)
INFO: VAO: [ID 379] Unloaded vertex array data from VRAM (GPU)
INFO: VAO: [ID 380] Unloaded vertex array data from VRAM (GPU)
INFO: VAO: [ID 580] Unloaded vertex array data from VRAM (GPU)
INFO: VAO: [ID 603] Unloaded vertex array data from VRAM (GPU)
INFO: VAO: [ID 628] Unloaded vertex array data from VRAM (GPU)
INFO: VAO: [ID 647] Unloaded vertex array data from VRAM (GPU)
INFO: VAO: [ID 44] Mesh uploaded successfully to VRAM (GPU)
INFO: VAO: [ID 45] Mesh uploaded successfully to VRAM (GPU)
INFO: VAO: [ID 46] Mesh uploaded successfully to VRAM (GPU)
INFO: VAO: [ID 63] Mesh uploaded successfully to VRAM (GPU)
INFO: VAO: [ID 64] Mesh uploaded successfully to VRAM (GPU)
INFO: VAO: [ID 81] Mesh uploaded successfully to VRAM (GPU)
INFO: VAO: [ID 82] Mesh uploaded successfully to VRAM (GPU)
INFO: VAO: [ID 99] Mesh uploaded successfully to VRAM (GPU)
INFO: VAO: [ID 100] Mesh uploaded successfully to VRAM (GPU)
INFO: VAO: [ID 117] Mesh uploaded successfully to VRAM (GPU)
INFO: VAO: [ID 118] Mesh uploaded successfully to VRAM (GPU)
INFO: VAO: [ID 135] Mesh uploaded successfully to VRAM (GPU)
INFO: VAO: [ID 136] Mesh uploaded successfully to VRAM (GPU)
INFO: VAO: [ID 153] Mesh uploaded successfully to VRAM (GPU)
INFO: VAO: [ID 154] Mesh uploaded successfully to VRAM (GPU)
INFO: VAO: [ID 171] Mesh uploaded successfully to VRAM (GPU)
INFO: VAO: [ID 172] Mesh uploaded successfully to VRAM (GPU)
INFO: VAO: [ID 189] Mesh uploaded successfully to VRAM (GPU)
INFO: VAO: [ID 190] Mesh uploaded successfully to VRAM (GPU)
INFO: VAO: [ID 207] Mesh uploaded successfully to VRAM (GPU)
INFO: VAO: [ID 208] Mesh uploaded successfully to VRAM (GPU)
INFO: VAO: [ID 222] Mesh uploaded successfully to VRAM (GPU)
INFO: VAO: [ID 223] Mesh uploaded successfully to VRAM (GPU)
INFO: VAO: [ID 224] Mesh uploaded successfully to VRAM (GPU)
INFO: VAO: [ID 225] Mesh uploaded successfully to VRAM (GPU)
INFO: VAO: [ID 226] Mesh uploaded successfully to VRAM (GPU)
INFO: VAO: [ID 240] Mesh uploaded successfully to VRAM (GPU)
INFO: VAO: [ID 241] Mesh uploaded successfully to VRAM (GPU)
INFO: VAO: [ID 242] Mesh uploaded successfully to VRAM (GPU)
INFO: VAO: [ID 243] Mesh uploaded successfully to VRAM (GPU)
INFO: VAO: [ID 244] Mesh uploaded successfully to VRAM (GPU)
INFO: VAO: [ID 258] Mesh uploaded successfully to VRAM (GPU)
INFO: VAO: [ID 259] Mesh uploaded successfully to VRAM (GPU)
INFO: VAO: [ID 260] Mesh uploaded successfully to VRAM (GPU)
INFO: VAO: [ID 261] Mesh uploaded successfully to VRAM (GPU)
INFO: VAO: [ID 262] Mesh uploaded successfully to VRAM (GPU)
INFO: VAO: [ID 276] Mesh uploaded successfully to VRAM (GPU)
INFO: VAO: [ID 277] Mesh uploaded successfully to VRAM (GPU)
INFO: VAO: [ID 278] Mesh uploaded successfully to VRAM (GPU)
INFO: VAO: [ID 279] Mesh uploaded successfully to VRAM (GPU)
INFO: VAO: [ID 280] Mesh uploaded successfully to VRAM (GPU)
INFO: VAO: [ID 294] Mesh uploaded successfully to VRAM (GPU)
INFO: VAO: [ID 295] Mesh uploaded successfully to VRAM (GPU)
INFO: VAO: [ID 296] Mesh uploaded successfully to VRAM (GPU)
INFO: VAO: [ID 297] Mesh uploaded successfully to VRAM (GPU)
INFO: VAO: [ID 298] Mesh uploaded successfully to VRAM (GPU)
INFO: VAO: [ID 312] Mesh uploaded successfully to VRAM (GPU)
INFO: VAO: [ID 313] Mesh uploaded successfully to VRAM (GPU)
INFO: VAO: [ID 314] Mesh uploaded successfully to VRAM (GPU)
INFO: VAO: [ID 315] Mesh uploaded successfully to VRAM (GPU)
INFO: VAO: [ID 316] Mesh uploaded successfully to VRAM (GPU)
INFO: VAO: [ID 330] Mesh uploaded successfully to VRAM (GPU)
INFO: VAO: [ID 331] Mesh uploaded successfully to VRAM (GPU)
INFO: VAO: [ID 332] Mesh uploaded successfully to VRAM (GPU)
INFO: VAO: [ID 333] Mesh uploaded successfully to VRAM (GPU)
INFO: VAO: [ID 334] Mesh uploaded successfully to VRAM (GPU)
INFO: VAO: [ID 348] Mesh uploaded successfully to VRAM (GPU)
INFO: VAO: [ID 349] Mesh uploaded successfully to VRAM (GPU)
INFO: VAO: [ID 350] Mesh uploaded successfully to VRAM (GPU)
INFO: VAO: [ID 351] Mesh uploaded successfully to VRAM (GPU)
INFO: VAO: [ID 352] Mesh uploaded successfully to VRAM (GPU)
INFO: VAO: [ID 353] Mesh uploaded successfully to VRAM (GPU)
INFO: VAO: [ID 354] Mesh uploaded successfully to VRAM (GPU)
INFO: VAO: [ID 355] Mesh uploaded successfully to VRAM (GPU)
INFO: VAO: [ID 356] Mesh uploaded successfully to VRAM (GPU)
INFO: VAO: [ID 357] Mesh uploaded successfully to VRAM (GPU)
INFO: VAO: [ID 358] Mesh uploaded successfully to VRAM (GPU)
INFO: VAO: [ID 359] Mesh uploaded successfully to VRAM (GPU)
INFO: VAO: [ID 360] Mesh uploaded successfully to VRAM (GPU)
INFO: VAO: [ID 361] Mesh uploaded successfully to VRAM (GPU)
INFO: VAO: [ID 362] Mesh uploaded successfully to VRAM (GPU)
INFO: VAO: [ID 363] Mesh uploaded successfully to VRAM (GPU)
INFO: VAO: [ID 364] Mesh uploaded successfully to VRAM (GPU)
INFO: VAO: [ID 365] Mesh uploaded successfully to VRAM (GPU)
INFO: VAO: [ID 366] Mesh uploaded successfully to VRAM (GPU)
INFO: VAO: [ID 367] Mesh uploaded successfully to VRAM (GPU)
INFO: VAO: [ID 368] Mesh uploaded successfully to VRAM (GPU)
INFO: VAO: [ID 369] Mesh uploaded successfully to VRAM (GPU)
INFO: VAO: [ID 370] Mesh uploaded successfully to VRAM (GPU)
INFO: VAO: [ID 371] Mesh uploaded successfully to VRAM (GPU)
INFO: VAO: [ID 372] Mesh uploaded successfully to VRAM (GPU)
INFO: VAO: [ID 373] Mesh uploaded successfully to VRAM (GPU)
INFO: VAO: [ID 374] Mesh uploaded successfully to VRAM (GPU)
INFO: VAO: [ID 375] Mesh uploaded successfully to VRAM (GPU)
INFO: VAO: [ID 376] Mesh uploaded successfully to VRAM (GPU)
INFO: VAO: [ID 377] Mesh uploaded successfully to VRAM (GPU)
INFO: VAO: [ID 378] Mesh uploaded successfully to VRAM (GPU)
INFO: VAO: [ID 379] Mesh uploaded successfully to VRAM (GPU)
INFO: VAO: [ID 380] Mesh uploaded successfully to VRAM (GPU)
INFO: VAO: [ID 381] Mesh uploaded successfully to VRAM (GPU)
INFO: VAO: [ID 382] Mesh uploaded successfully to VRAM (GPU)
INFO: VAO: [ID 383] Mesh uploaded successfully to VRAM (GPU)
INFO: VAO: [ID 384] Mesh uploaded successfully to VRAM (GPU)
INFO: VAO: [ID 385] Mesh uploaded successfully to VRAM (GPU)
INFO: VAO: [ID 386] Mesh uploaded successfully to VRAM (GPU)
INFO: VAO: [ID 387] Mesh uploaded successfully to VRAM (GPU)
INFO: VAO: [ID 388] Mesh uploaded successfully to VRAM (GPU)
INFO: VAO: [ID 389] Mesh uploaded successfully to VRAM (GPU)
INFO: VAO: [ID 390] Mesh uploaded successfully to VRAM (GPU)
INFO: VAO: [ID 391] Mesh uploaded successfully to VRAM (GPU)
INFO: VAO: [ID 392] Mesh uploaded successfully to VRAM (GPU)
INFO: VAO: [ID 393] Mesh uploaded successfully to VRAM (GPU)
INFO: VAO: [ID 394] Mesh uploaded successfully to VRAM (GPU)
INFO: VAO: [ID 395] Mesh uploaded successfully to VRAM (GPU)
INFO: VAO: [ID 396] Mesh uploaded successfully to VRAM (GPU)
INFO: VAO: [ID 397] Mesh uploaded successfully to VRAM (GPU)
INFO: VAO: [ID 398] Mesh uploaded successfully to VRAM (GPU)
INFO: VAO: [ID 399] Mesh uploaded successfully to VRAM (GPU)
INFO: VAO: [ID 400] Mesh uploaded successfully to VRAM (GPU)
INFO: VAO: [ID 401] Mesh uploaded successfully to VRAM (GPU)
INFO: VAO: [ID 402] Mesh uploaded successfully to VRAM (GPU)
INFO: VAO: [ID 403] Mesh uploaded successfully to VRAM (GPU)
INFO: VAO: [ID 404] Mesh uploaded successfully to VRAM (GPU)
INFO: VAO: [ID 405] Mesh uploaded successfully to VRAM (GPU)
INFO: VAO: [ID 406] Mesh uploaded successfully to VRAM (GPU)
INFO: VAO: [ID 407] Mesh uploaded successfully to VRAM (GPU)
INFO: VAO: [ID 408] Mesh uploaded successfully to VRAM (GPU)
INFO: VAO: [ID 409] Mesh uploaded successfully to VRAM (GPU)
INFO: VAO: [ID 410] Mesh uploaded successfully to VRAM (GPU)
INFO: VAO: [ID 411] Mesh uploaded successfully to VRAM (GPU)
INFO: VAO: [ID 412] Mesh uploaded successfully to VRAM (GPU)
INFO: VAO: [ID 413] Mesh uploaded successfully to VRAM (GPU)
INFO: VAO: [ID 414] Mesh uploaded successfully to VRAM (GPU)
INFO: VAO: [ID 415] Mesh uploaded successfully to VRAM (GPU)
INFO: VAO: [ID 416] Mesh uploaded successfully to VRAM (GPU)
INFO: VAO: [ID 417] Mesh uploaded successfully to VRAM (GPU)
INFO: VAO: [ID 418] Mesh uploaded successfully to VRAM (GPU)
INFO: VAO: [ID 419] Mesh uploaded successfully to VRAM (GPU)
INFO: VAO: [ID 420] Mesh uploaded successfully to VRAM (GPU)
INFO: VAO: [ID 421] Mesh uploaded successfully to VRAM (GPU)
INFO: VAO: [ID 422] Mesh uploaded successfully to VRAM (GPU)
INFO: VAO: [ID 423] Mesh uploaded successfully to VRAM (GPU)
INFO: VAO: [ID 424] Mesh uploaded successfully to VRAM (GPU)
INFO: VAO: [ID 425] Mesh uploaded successfully to VRAM (GPU)
INFO: VAO: [ID 426] Mesh uploaded successfully to VRAM (GPU)
INFO: VAO: [ID 427] Mesh uploaded successfully to VRAM (GPU)
INFO: VAO: [ID 428] Mesh uploaded successfully to VRAM (GPU)
INFO: VAO: [ID 429] Mesh uploaded successfully to VRAM (GPU)
INFO: VAO: [ID 430] Mesh uploaded successfully to VRAM (GPU)
INFO: VAO: [ID 431] Mesh uploaded successfully to VRAM (GPU)
INFO: VAO: [ID 432] Mesh uploaded successfully to VRAM (GPU)
INFO: VAO: [ID 433] Mesh uploaded successfully to VRAM (GPU)
INFO: VAO: [ID 434] Mesh uploaded successfully to VRAM (GPU)
INFO: VAO: [ID 435] Mesh uploaded successfully to VRAM (GPU)
INFO: VAO: [ID 436] Mesh uploaded successfully to VRAM (GPU)
INFO: VAO: [ID 437] Mesh uploaded successfully to VRAM (GPU)
INFO: VAO: [ID 438] Mesh uploaded successfully to VRAM (GPU)
INFO: VAO: [ID 439] Mesh uploaded successfully to VRAM (GPU)
INFO: VAO: [ID 440] Mesh uploaded successfully to VRAM (GPU)
INFO: VAO: [ID 441] Mesh uploaded successfully to VRAM (GPU)
INFO: VAO: [ID 442] Mesh uploaded successfully to VRAM (GPU)
INFO: VAO: [ID 443] Mesh uploaded successfully to VRAM (GPU)
INFO: VAO: [ID 444] Mesh uploaded successfully to VRAM (GPU)
INFO: VAO: [ID 445] Mesh uploaded successfully to VRAM (GPU)
INFO: VAO: [ID 446] Mesh uploaded successfully to VRAM (GPU)
INFO: VAO: [ID 447] Mesh uploaded successfully to VRAM (GPU)
INFO: VAO: [ID 448] Mesh uploaded successfully to VRAM (GPU)
INFO: VAO: [ID 449] Mesh uploaded successfully to VRAM (GPU)
INFO: VAO: [ID 450] Mesh uploaded successfully to VRAM (GPU)
INFO: VAO: [ID 451] Mesh uploaded successfully to VRAM (GPU)
INFO: VAO: [ID 452] Mesh uploaded successfully to VRAM (GPU)
INFO: VAO: [ID 453] Mesh uploaded successfully to VRAM (GPU)
INFO: VAO: [ID 454] Mesh uploaded successfully to VRAM (GPU)
INFO: VAO: [ID 455] Mesh uploaded successfully to VRAM (GPU)
INFO: VAO: [ID 456] Mesh uploaded successfully to VRAM (GPU)
INFO: VAO: [ID 457] Mesh uploaded successfully to VRAM (GPU)
INFO: VAO: [ID 458] Mesh uploaded successfully to VRAM (GPU)
INFO: VAO: [ID 459] Mesh uploaded successfully to VRAM (GPU)
INFO: VAO: [ID 460] Mesh uploaded successfully to VRAM (GPU)
INFO: VAO: [ID 461] Mesh uploaded successfully to VRAM (GPU)
INFO: VAO: [ID 462] Mesh uploaded successfully to VRAM (GPU)
INFO: VAO: [ID 463] Mesh uploaded successfully to VRAM (GPU)
INFO: VAO: [ID 464] Mesh uploaded successfully to VRAM (GPU)
INFO: VAO: [ID 465] Mesh uploaded successfully to VRAM (GPU)
INFO: VAO: [ID 466] Mesh uploaded successfully to VRAM (GPU)
INFO: VAO: [ID 467] Mesh uploaded successfully to VRAM (GPU)
INFO: VAO: [ID 468] Mesh uploaded successfully to VRAM (GPU)
INFO: VAO: [ID 469] Mesh uploaded successfully to VRAM (GPU)
INFO: VAO: [ID 470] Mesh uploaded successfully to VRAM (GPU)
INFO: VAO: [ID 471] Mesh uploaded successfully to VRAM (GPU)
INFO: VAO: [ID 472] Mesh uploaded successfully to VRAM (GPU)
INFO: VAO: [ID 473] Mesh uploaded successfully to VRAM (GPU)
INFO: VAO: [ID 474] Mesh uploaded successfully to VRAM (GPU)
INFO: VAO: [ID 475] Mesh uploaded successfully to VRAM (GPU)
INFO: VAO: [ID 476] Mesh uploaded successfully to VRAM (GPU)
INFO: VAO: [ID 477] Mesh uploaded successfully to VRAM (GPU)
INFO: VAO: [ID 478] Mesh uploaded successfully to VRAM (GPU)
INFO: VAO: [ID 479] Mesh uploaded successfully to VRAM (GPU)
INFO: VAO: [ID 480] Mesh uploaded successfully to VRAM (GPU)
INFO: VAO: [ID 481] Mesh uploaded successfully to VRAM (GPU)
INFO: VAO: [ID 482] Mesh uploaded successfully to VRAM (GPU)
INFO: VAO: [ID 483] Mesh uploaded successfully to VRAM (GPU)
INFO: VAO: [ID 484] Mesh uploaded successfully to VRAM (GPU)
INFO: VAO: [ID 485] Mesh uploaded successfully to VRAM (GPU)
INFO: VAO: [ID 486] Mesh uploaded successfully to VRAM (GPU)
INFO: VAO: [ID 487] Mesh uploaded successfully to VRAM (GPU)
INFO: VAO: [ID 488] Mesh uploaded successfully to VRAM (GPU)
INFO: VAO: [ID 489] Mesh uploaded successfully to VRAM (GPU)
INFO: VAO: [ID 490] Mesh uploaded successfully to VRAM (GPU)
INFO: VAO: [ID 491] Mesh uploaded successfully to VRAM (GPU)
INFO: VAO: [ID 492] Mesh uploaded successfully to VRAM (GPU)
INFO: VAO: [ID 493] Mesh uploaded successfully to VRAM (GPU)
INFO: VAO: [ID 494] Mesh uploaded successfully to VRAM (GPU)
INFO: VAO: [ID 495] Mesh uploaded successfully to VRAM (GPU)
INFO: VAO: [ID 496] Mesh uploaded successfully to VRAM (GPU)
INFO: VAO: [ID 497] Mesh uploaded successfully to VRAM (GPU)
INFO: VAO: [ID 498] Mesh uploaded successfully to VRAM (GPU)
INFO: VAO: [ID 499] Mesh uploaded successfully to VRAM (GPU)
INFO: VAO: [ID 500] Mesh uploaded successfully to VRAM (GPU)
INFO: VAO: [ID 501] Mesh uploaded successfully to VRAM (GPU)
INFO: VAO: [ID 502] Mesh uploaded successfully to VRAM (GPU)
INFO: VAO: [ID 503] Mesh uploaded successfully to VRAM (GPU)
INFO: VAO: [ID 504] Mesh uploaded successfully to VRAM (GPU)
INFO: VAO: [ID 505] Mesh uploaded successfully to VRAM (GPU)
INFO: VAO: [ID 506] Mesh uploaded successfully to VRAM (GPU)
INFO: VAO: [ID 507] Mesh uploaded successfully to VRAM (GPU)
INFO: VAO: [ID 508] Mesh uploaded successfully to VRAM (GPU)
INFO: VAO: [ID 509] Mesh uploaded successfully to VRAM (GPU)
INFO: VAO: [ID 510] Mesh uploaded successfully to VRAM (GPU)
INFO: VAO: [ID 511] Mesh uploaded successfully to VRAM (GPU)
INFO: VAO: [ID 512] Mesh uploaded successfully to VRAM (GPU)
INFO: VAO: [ID 515] Mesh uploaded successfully to VRAM (GPU)
INFO: VAO: [ID 516] Mesh uploaded successfully to VRAM (GPU)
INFO: VAO: [ID 517] Mesh uploaded successfully to VRAM (GPU)
INFO: VAO: [ID 518] Mesh uploaded successfully to VRAM (GPU)
INFO: VAO: [ID 519] Mesh uploaded successfully to VRAM (GPU)
INFO: VAO: [ID 520] Mesh uploaded successfully to VRAM (GPU)
INFO: VAO: [ID 521] Mesh uploaded successfully to VRAM (GPU)
INFO: VAO: [ID 522] Mesh uploaded successfully to VRAM (GPU)
INFO: VAO: [ID 43] Unloaded vertex array data from VRAM (GPU)
INFO: VAO: [ID 335] Unloaded vertex array data from VRAM (GPU)
INFO: VAO: [ID 336] Unloaded vertex array data from VRAM (GPU)
INFO: VAO: [ID 337] Unloaded vertex array data from VRAM (GPU)
INFO: VAO: [ID 338] Unloaded vertex array data from VRAM (GPU)
INFO: VAO: [ID 339] Unloaded vertex array data from VRAM (GPU)
INFO: VAO: [ID 340] Unloaded vertex array data from VRAM (GPU)
INFO: VAO: [ID 341] Unloaded vertex array data from VRAM (GPU)
INFO: VAO: [ID 342] Unloaded vertex array data from VRAM (GPU)
INFO: VAO: [ID 343] Unloaded vertex array data from VRAM (GPU)
INFO: VAO: [ID 344] Unloaded vertex array data from VRAM (GPU)
INFO: VAO: [ID 345] Unloaded vertex array data from VRAM (GPU)
INFO: VAO: [ID 346] Unloaded vertex array data from VRAM (GPU)
INFO: VAO: [ID 347] Unloaded vertex array data from VRAM (GPU)
INFO: VAO: [ID 579] Unloaded vertex array data from VRAM (GPU)
INFO: VAO: [ID 602] Unloaded vertex array data from VRAM (GPU)
INFO: VAO: [ID 627] Unloaded vertex array data from VRAM (GPU)
INFO: VAO: [ID 646] Unloaded vertex array data from VRAM (GPU)
INFO: VAO: [ID 42] Unloaded vertex array data from VRAM (GPU)
INFO: VAO: [ID 317] Unloaded vertex array data from VRAM (GPU)
INFO: VAO: [ID 318] Unloaded vertex array data from VRAM (GPU)
INFO: VAO: [ID 319] Unloaded vertex array data from VRAM (GPU)
INFO: VAO: [ID 320] Unloaded vertex array data from VRAM (GPU)
INFO: VAO: [ID 321] Unloaded vertex array data from VRAM (GPU)
INFO: VAO: [ID 322] Unloaded vertex array data from VRAM (GPU)
INFO: VAO: [ID 323] Unloaded vertex array data from VRAM (GPU)
INFO: VAO: [ID 324] Unloaded vertex array data from VRAM (GPU)
INFO: VAO: [ID 325] Unloaded vertex array data from VRAM (GPU)
INFO: VAO: [ID 326] Unloaded vertex array data from VRAM (GPU)
INFO: VAO: [ID 327] Unloaded vertex array data from VRAM (GPU)
INFO: VAO: [ID 328] Unloaded vertex array data from VRAM (GPU)
INFO: VAO: [ID 329] Unloaded vertex array data from VRAM (GPU)
INFO: VAO: [ID 578] Unloaded vertex array data from VRAM (GPU)
INFO: VAO: [ID 601] Unloaded vertex array data from VRAM (GPU)
INFO: VAO: [ID 626] Unloaded vertex array data from VRAM (GPU)
INFO: VAO: [ID 645] Unloaded vertex array data from VRAM (GPU)
INFO: VAO: [ID 333] Unloaded vertex array data from VRAM (GPU)
INFO: VAO: [ID 299] Unloaded vertex array data from VRAM (GPU)
INFO: VAO: [ID 300] Unloaded vertex array data from VRAM (GPU)
INFO: VAO: [ID 301] Unloaded vertex array data from VRAM (GPU)
INFO: VAO: [ID 302] Unloaded vertex array data from VRAM (GPU)
INFO: VAO: [ID 364] Unloaded vertex array data from VRAM (GPU)
INFO: VAO: [ID 363] Unloaded vertex array data from VRAM (GPU)
INFO: VAO: [ID 362] Unloaded vertex array data from VRAM (GPU)
INFO: VAO: [ID 361] Unloaded vertex array data from VRAM (GPU)
INFO: VAO: [ID 360] Unloaded vertex array data from VRAM (GPU)
INFO: VAO: [ID 359] Unloaded vertex array data from VRAM (GPU)
INFO: VAO: [ID 358] Unloaded vertex array data from VRAM (GPU)
INFO: VAO: [ID 357] Unloaded vertex array data from VRAM (GPU)
INFO: VAO: [ID 356] Unloaded vertex array data from VRAM (GPU)
INFO: VAO: [ID 355] Unloaded vertex array data from VRAM (GPU)
INFO: VAO: [ID 354] Unloaded vertex array data from VRAM (GPU)
INFO: VAO: [ID 353] Unloaded vertex array data from VRAM (GPU)
INFO: VAO: [ID 352] Unloaded vertex array data from VRAM (GPU)
INFO: VAO: [ID 351] Unloaded vertex array data from VRAM (GPU)
INFO: VAO: [ID 350] Unloaded vertex array data from VRAM (GPU)
INFO: VAO: [ID 349] Unloaded vertex array data from VRAM (GPU)
INFO: VAO: [ID 348] Unloaded vertex array data from VRAM (GPU)
INFO: VAO: [ID 334] Unloaded vertex array data from VRAM (GPU)
INFO: VAO: [ID 42] Mesh uploaded successfully to VRAM (GPU)
INFO: VAO: [ID 332] Unloaded vertex array data from VRAM (GPU)
INFO: VAO: [ID 190] Unloaded vertex array data from VRAM (GPU)
INFO: VAO: [ID 331] Unloaded vertex array data from VRAM (GPU)
INFO: VAO: [ID 330] Unloaded vertex array data from VRAM (GPU)
INFO: VAO: [ID 316] Unloaded vertex array data from VRAM (GPU)
INFO: VAO: [ID 315] Unloaded vertex array data from VRAM (GPU)
INFO: VAO: [ID 314] Unloaded vertex array data from VRAM (GPU)
INFO: VAO: [ID 313] Unloaded vertex array data from VRAM (GPU)
INFO: VAO: [ID 312] Unloaded vertex array data from VRAM (GPU)
INFO: VAO: [ID 298] Unloaded vertex array data from VRAM (GPU)
INFO: VAO: [ID 297] Unloaded vertex array data from VRAM (GPU)
INFO: VAO: [ID 296] Unloaded vertex array data from VRAM (GPU)
INFO: VAO: [ID 295] Unloaded vertex array data from VRAM (GPU)
INFO: VAO: [ID 294] Unloaded vertex array data from VRAM (GPU)
INFO: VAO: [ID 280] Unloaded vertex array data from VRAM (GPU)
INFO: VAO: [ID 279] Unloaded vertex array data from VRAM (GPU)
INFO: VAO: [ID 278] Unloaded vertex array data from VRAM (GPU)
INFO: VAO: [ID 277] Unloaded vertex array data from VRAM (GPU)
INFO: VAO: [ID 43] Mesh uploaded successfully to VRAM (GPU)
INFO: VAO: [ID 190] Mesh uploaded successfully to VRAM (GPU)
INFO: VAO: [ID 277] Mesh uploaded successfully to VRAM (GPU)
INFO: VAO: [ID 278] Mesh uploaded successfully to VRAM (GPU)
INFO: VAO: [ID 279] Mesh uploaded successfully to VRAM (GPU)
INFO: VAO: [ID 280] Mesh uploaded successfully to VRAM (GPU)
INFO: VAO: [ID 294] Mesh uploaded successfully to VRAM (GPU)
INFO: VAO: [ID 295] Mesh uploaded successfully to VRAM (GPU)
INFO: VAO: [ID 296] Mesh uploaded successfully to VRAM (GPU)
INFO: VAO: [ID 297] Mesh uploaded successfully to VRAM (GPU)
INFO: VAO: [ID 298] Mesh uploaded successfully to VRAM (GPU)
INFO: VAO: [ID 299] Mesh uploaded successfully to VRAM (GPU)
INFO: VAO: [ID 300] Mesh uploaded successfully to VRAM (GPU)
INFO: VAO: [ID 301] Mesh uploaded successfully to VRAM (GPU)
INFO: VAO: [ID 302] Mesh uploaded successfully to VRAM (GPU)
INFO: VAO: [ID 312] Mesh uploaded successfully to VRAM (GPU)
INFO: VAO: [ID 313] Mesh uploaded successfully to VRAM (GPU)
INFO: VAO: [ID 314] Mesh uploaded successfully to VRAM (GPU)
INFO: VAO: [ID 315] Mesh uploaded successfully to VRAM (GPU)
INFO: VAO: [ID 316] Mesh uploaded successfully to VRAM (GPU)
INFO: VAO: [ID 317] Mesh uploaded successfully to VRAM (GPU)
INFO: VAO: [ID 318] Mesh uploaded successfully to VRAM (GPU)
INFO: VAO: [ID 319] Mesh uploaded successfully to VRAM (GPU)
INFO: VAO: [ID 320] Mesh uploaded successfully to VRAM (GPU)
INFO: VAO: [ID 321] Mesh uploaded successfully to VRAM (GPU)
INFO: VAO: [ID 322] Mesh uploaded successfully to VRAM (GPU)
INFO: VAO: [ID 323] Mesh uploaded successfully to VRAM (GPU)
INFO: VAO: [ID 324] Mesh uploaded successfully to VRAM (GPU)
INFO: VAO: [ID 325] Mesh uploaded successfully to VRAM (GPU)
INFO: VAO: [ID 326] Mesh uploaded successfully to VRAM (GPU)
INFO: VAO: [ID 327] Mesh uploaded successfully to VRAM (GPU)
INFO: VAO: [ID 328] Mesh uploaded successfully to VRAM (GPU)
INFO: VAO: [ID 329] Mesh uploaded successfully to VRAM (GPU)
INFO: VAO: [ID 330] Mesh uploaded successfully to VRAM (GPU)
INFO: VAO: [ID 331] Mesh uploaded successfully to VRAM (GPU)
INFO: VAO: [ID 332] Mesh uploaded successfully to VRAM (GPU)
INFO: VAO: [ID 333] Mesh uploaded successfully to VRAM (GPU)
INFO: VAO: [ID 334] Mesh uploaded successfully to VRAM (GPU)
INFO: VAO: [ID 335] Mesh uploaded successfully to VRAM (GPU)
INFO: VAO: [ID 47] Unloaded vertex array data from VRAM (GPU)
INFO: VAO: [ID 65] Unloaded vertex array data from VRAM (GPU)
INFO: VAO: [ID 83] Unloaded vertex array data from VRAM (GPU)
INFO: VAO: [ID 101] Unloaded vertex array data from VRAM (GPU)
INFO: VAO: [ID 119] Unloaded vertex array data from VRAM (GPU)
INFO: VAO: [ID 137] Unloaded vertex array data from VRAM (GPU)
INFO: VAO: [ID 155] Unloaded vertex array data from VRAM (GPU)
INFO: VAO: [ID 173] Unloaded vertex array data from VRAM (GPU)
INFO: VAO: [ID 191] Unloaded vertex array data from VRAM (GPU)
INFO: VAO: [ID 209] Unloaded vertex array data from VRAM (GPU)
INFO: VAO: [ID 227] Unloaded vertex array data from VRAM (GPU)
INFO: VAO: [ID 245] Unloaded vertex array data from VRAM (GPU)
INFO: VAO: [ID 263] Unloaded vertex array data from VRAM (GPU)
INFO: VAO: [ID 281] Unloaded vertex array data from VRAM (GPU)
INFO: VAO: [ID 207] Unloaded vertex array data from VRAM (GPU)
INFO: VAO: [ID 168] Unloaded vertex array data from VRAM (GPU)
INFO: VAO: [ID 60] Unloaded vertex array data from VRAM (GPU)
INFO: VAO: [ID 44] Unloaded vertex array data from VRAM (GPU)
INFO: VAO: [ID 48] Unloaded vertex array data from VRAM (GPU)
INFO: VAO: [ID 66] Unloaded vertex array data from VRAM (GPU)
INFO: VAO: [ID 84] Unloaded vertex array data from VRAM (GPU)
INFO: VAO: [ID 102] Unloaded vertex array data from VRAM (GPU)
INFO: VAO: [ID 120] Unloaded vertex array data from VRAM (GPU)
INFO: VAO: [ID 138] Unloaded vertex array data from VRAM (GPU)
INFO: VAO: [ID 156] Unloaded vertex array data from VRAM (GPU)
INFO: VAO: [ID 174] Unloaded vertex array data from VRAM (GPU)
INFO: VAO: [ID 192] Unloaded vertex array data from VRAM (GPU)
INFO: VAO: [ID 210] Unloaded vertex array data from VRAM (GPU)
INFO: VAO: [ID 228] Unloaded vertex array data from VRAM (GPU)
INFO: VAO: [ID 246] Unloaded vertex array data from VRAM (GPU)
INFO: VAO: [ID 264] Unloaded vertex array data from VRAM (GPU)
INFO: VAO: [ID 282] Unloaded vertex array data from VRAM (GPU)
INFO: VAO: [ID 208] Unloaded vertex array data from VRAM (GPU)
INFO: VAO: [ID 169] Unloaded vertex array data from VRAM (GPU)
INFO: VAO: [ID 61] Unloaded vertex array data from VRAM (GPU)
INFO: VAO: [ID 45] Unloaded vertex array data from VRAM (GPU)
INFO: VAO: [ID 44] Mesh uploaded successfully to VRAM (GPU)
INFO: VAO: [ID 45] Mesh uploaded successfully to VRAM (GPU)
INFO: VAO: [ID 47] Mesh uploaded successfully to VRAM (GPU)
INFO: VAO: [ID 48] Mesh uploaded successfully to VRAM (GPU)
INFO: VAO: [ID 60] Mesh uploaded successfully to VRAM (GPU)
INFO: VAO: [ID 61] Mesh uploaded successfully to VRAM (GPU)
INFO: VAO: [ID 65] Mesh uploaded successfully to VRAM (GPU)
INFO: VAO: [ID 66] Mesh uploaded successfully to VRAM (GPU)
INFO: VAO: [ID 83] Mesh uploaded successfully to VRAM (GPU)
INFO: VAO: [ID 84] Mesh uploaded successfully to VRAM (GPU)
INFO: VAO: [ID 101] Mesh uploaded successfully to VRAM (GPU)
INFO: VAO: [ID 102] Mesh uploaded successfully to VRAM (GPU)
INFO: VAO: [ID 119] Mesh uploaded successfully to VRAM (GPU)
INFO: VAO: [ID 120] Mesh uploaded successfully to VRAM (GPU)
INFO: VAO: [ID 137] Mesh uploaded successfully to VRAM (GPU)
INFO: VAO: [ID 138] Mesh uploaded successfully to VRAM (GPU)
INFO: VAO: [ID 155] Mesh uploaded successfully to VRAM (GPU)
INFO: VAO: [ID 156] Mesh uploaded successfully to VRAM (GPU)
INFO: VAO: [ID 49] Unloaded vertex array data from VRAM (GPU)
INFO: VAO: [ID 401] Unloaded vertex array data from VRAM (GPU)
INFO: VAO: [ID 67] Unloaded vertex array data from VRAM (GPU)
INFO: VAO: [ID 85] Unloaded vertex array data from VRAM (GPU)
INFO: VAO: [ID 103] Unloaded vertex array data from VRAM (GPU)
INFO: VAO: [ID 121] Unloaded vertex array data from VRAM (GPU)
INFO: VAO: [ID 139] Unloaded vertex array data from VRAM (GPU)
INFO: VAO: [ID 157] Unloaded vertex array data from VRAM (GPU)
INFO: VAO: [ID 175] Unloaded vertex array data from VRAM (GPU)
INFO: VAO: [ID 193] Unloaded vertex array data from VRAM (GPU)
INFO: VAO: [ID 211] Unloaded vertex array data from VRAM (GPU)
INFO: VAO: [ID 229] Unloaded vertex array data from VRAM (GPU)
INFO: VAO: [ID 247] Unloaded vertex array data from VRAM (GPU)
INFO: VAO: [ID 265] Unloaded vertex array data from VRAM (GPU)
INFO: VAO: [ID 222] Unloaded vertex array data from VRAM (GPU)
INFO: VAO: [ID 283] Unloaded vertex array data from VRAM (GPU)
INFO: VAO: [ID 170] Unloaded vertex array data from VRAM (GPU)
INFO: VAO: [ID 62] Unloaded vertex array data from VRAM (GPU)
INFO: VAO: [ID 46] Unloaded vertex array data from VRAM (GPU)
INFO: VAO: [ID 46] Mesh uploaded successfully to VRAM (GPU)
INFO: VAO: [ID 49] Mesh uploaded successfully to VRAM (GPU)
INFO: VAO: [ID 62] Mesh uploaded successfully to VRAM (GPU)
INFO: VAO: [ID 67] Mesh uploaded successfully to VRAM (GPU)
INFO: VAO: [ID 85] Mesh uploaded successfully to VRAM (GPU)
INFO: VAO: [ID 103] Mesh uploaded successfully to VRAM (GPU)
INFO: VAO: [ID 121] Mesh uploaded successfully to VRAM (GPU)
INFO: VAO: [ID 139] Mesh uploaded successfully to VRAM (GPU)
INFO: VAO: [ID 157] Mesh uploaded successfully to VRAM (GPU)
INFO: VAO: [ID 168] Mesh uploaded successfully to VRAM (GPU)
INFO: VAO: [ID 169] Mesh uploaded successfully to VRAM (GPU)
INFO: VAO: [ID 170] Mesh uploaded successfully to VRAM (GPU)
INFO: VAO: [ID 173] Mesh uploaded successfully to VRAM (GPU)
INFO: VAO: [ID 174] Mesh uploaded successfully to VRAM (GPU)
INFO: VAO: [ID 175] Mesh uploaded successfully to VRAM (GPU)
INFO: VAO: [ID 191] Mesh uploaded successfully to VRAM (GPU)
INFO: VAO: [ID 192] Mesh uploaded successfully to VRAM (GPU)
INFO: VAO: [ID 193] Mesh uploaded successfully to VRAM (GPU)
INFO: VAO: [ID 207] Mesh uploaded successfully to VRAM (GPU)
INFO: VAO: [ID 208] Mesh uploaded successfully to VRAM (GPU)
INFO: VAO: [ID 209] Mesh uploaded successfully to VRAM (GPU)
INFO: VAO: [ID 210] Mesh uploaded successfully to VRAM (GPU)
INFO: VAO: [ID 211] Mesh uploaded successfully to VRAM (GPU)
INFO: VAO: [ID 222] Mesh uploaded successfully to VRAM (GPU)
INFO: VAO: [ID 227] Mesh uploaded successfully to VRAM (GPU)
INFO: VAO: [ID 228] Mesh uploaded successfully to VRAM (GPU)
INFO: VAO: [ID 229] Mesh uploaded successfully to VRAM (GPU)
INFO: VAO: [ID 245] Mesh uploaded successfully to VRAM (GPU)
INFO: VAO: [ID 246] Mesh uploaded successfully to VRAM (GPU)
INFO: VAO: [ID 247] Mesh uploaded successfully to VRAM (GPU)
INFO: VAO: [ID 263] Mesh uploaded successfully to VRAM (GPU)
INFO: VAO: [ID 264] Mesh uploaded successfully to VRAM (GPU)
INFO: VAO: [ID 265] Mesh uploaded successfully to VRAM (GPU)
INFO: VAO: [ID 281] Mesh uploaded successfully to VRAM (GPU)
INFO: VAO: [ID 282] Mesh uploaded successfully to VRAM (GPU)
INFO: VAO: [ID 283] Mesh uploaded successfully to VRAM (GPU)
INFO: VAO: [ID 480] Unloaded vertex array data from VRAM (GPU)
INFO: VAO: [ID 519] Unloaded vertex array data from VRAM (GPU)
INFO: VAO: [ID 462] Unloaded vertex array data from VRAM (GPU)
INFO: VAO: [ID 498] Unloaded vertex array data from VRAM (GPU)
INFO: VAO: [ID 461] Unloaded vertex array data from VRAM (GPU)
INFO: VAO: [ID 439] Unloaded vertex array data from VRAM (GPU)
INFO: VAO: [ID 438] Unloaded vertex array data from VRAM (GPU)
INFO: VAO: [ID 518] Unloaded vertex array data from VRAM (GPU)
INFO: VAO: [ID 497] Unloaded vertex array data from VRAM (GPU)
INFO: VAO: [ID 516] Unloaded vertex array data from VRAM (GPU)
INFO: VAO: [ID 515] Unloaded vertex array data from VRAM (GPU)
INFO: VAO: [ID 512] Unloaded vertex array data from VRAM (GPU)
INFO: VAO: [ID 511] Unloaded vertex array data from VRAM (GPU)
INFO: VAO: [ID 510] Unloaded vertex array data from VRAM (GPU)
INFO: VAO: [ID 509] Unloaded vertex array data from VRAM (GPU)
INFO: VAO: [ID 508] Unloaded vertex array data from VRAM (GPU)
INFO: VAO: [ID 507] Unloaded vertex array data from VRAM (GPU)
INFO: VAO: [ID 506] Unloaded vertex array data from VRAM (GPU)
INFO: VAO: [ID 521] Unloaded vertex array data from VRAM (GPU)
INFO: VAO: [ID 505] Unloaded vertex array data from VRAM (GPU)
INFO: VAO: [ID 504] Unloaded vertex array data from VRAM (GPU)
INFO: VAO: [ID 503] Unloaded vertex array data from VRAM (GPU)
INFO: VAO: [ID 502] Unloaded vertex array data from VRAM (GPU)
INFO: VAO: [ID 501] Unloaded vertex array data from VRAM (GPU)
INFO: VAO: [ID 500] Unloaded vertex array data from VRAM (GPU)
INFO: VAO: [ID 499] Unloaded vertex array data from VRAM (GPU)
INFO: VAO: [ID 517] Unloaded vertex array data from VRAM (GPU)
INFO: VAO: [ID 495] Unloaded vertex array data from VRAM (GPU)
INFO: VAO: [ID 494] Unloaded vertex array data from VRAM (GPU)
INFO: VAO: [ID 493] Unloaded vertex array data from VRAM (GPU)
INFO: VAO: [ID 492] Unloaded vertex array data from VRAM (GPU)
INFO: VAO: [ID 491] Unloaded vertex array data from VRAM (GPU)
INFO: VAO: [ID 490] Unloaded vertex array data from VRAM (GPU)
INFO: VAO: [ID 489] Unloaded vertex array data from VRAM (GPU)
INFO: VAO: [ID 488] Unloaded vertex array data from VRAM (GPU)
INFO: VAO: [ID 487] Unloaded vertex array data from VRAM (GPU)
INFO: VAO: [ID 486] Unloaded vertex array data from VRAM (GPU)
INFO: VAO: [ID 485] Unloaded vertex array data from VRAM (GPU)
INFO: VAO: [ID 484] Unloaded vertex array data from VRAM (GPU)
INFO: VAO: [ID 483] Unloaded vertex array data from VRAM (GPU)
INFO: VAO: [ID 522] Unloaded vertex array data from VRAM (GPU)
INFO: VAO: [ID 482] Unloaded vertex array data from VRAM (GPU)
INFO: VAO: [ID 481] Unloaded vertex array data from VRAM (GPU)
INFO: VAO: [ID 520] Unloaded vertex array data from VRAM (GPU)
INFO: VAO: [ID 496] Unloaded vertex array data from VRAM (GPU)
INFO: VAO: [ID 402] Unloaded vertex array data from VRAM (GPU)
INFO: VAO: [ID 419] Unloaded vertex array data from VRAM (GPU)
INFO: VAO: [ID 418] Unloaded vertex array data from VRAM (GPU)
INFO: VAO: [ID 417] Unloaded vertex array data from VRAM (GPU)
INFO: VAO: [ID 416] Unloaded vertex array data from VRAM (GPU)
INFO: VAO: [ID 415] Unloaded vertex array data from VRAM (GPU)
INFO: VAO: [ID 414] Unloaded vertex array data from VRAM (GPU)
INFO: VAO: [ID 413] Unloaded vertex array data from VRAM (GPU)
INFO: VAO: [ID 412] Unloaded vertex array data from VRAM (GPU)
INFO: VAO: [ID 411] Unloaded vertex array data from VRAM (GPU)
INFO: VAO: [ID 410] Unloaded vertex array data from VRAM (GPU)
INFO: VAO: [ID 409] Unloaded vertex array data from VRAM (GPU)
INFO: VAO: [ID 408] Unloaded vertex array data from VRAM (GPU)
INFO: VAO: [ID 407] Unloaded vertex array data from VRAM (GPU)
INFO: VAO: [ID 406] Unloaded vertex array data from VRAM (GPU)
INFO: VAO: [ID 405] Unloaded vertex array data from VRAM (GPU)
INFO: VAO: [ID 404] Unloaded vertex array data from VRAM (GPU)
INFO: VAO: [ID 403] Unloaded vertex array data from VRAM (GPU)
INFO: VAO: [ID 336] Mesh uploaded successfully to VRAM (GPU)
INFO: VAO: [ID 337] Mesh uploaded successfully to VRAM (GPU)
INFO: VAO: [ID 338] Mesh uploaded successfully to VRAM (GPU)
INFO: VAO: [ID 339] Mesh uploaded successfully to VRAM (GPU)
INFO: VAO: [ID 340] Mesh uploaded successfully to VRAM (GPU)
INFO: VAO: [ID 341] Mesh uploaded successfully to VRAM (GPU)
INFO: VAO: [ID 342] Mesh uploaded successfully to VRAM (GPU)
INFO: VAO: [ID 343] Mesh uploaded successfully to VRAM (GPU)
INFO: VAO: [ID 344] Mesh uploaded successfully to VRAM (GPU)
INFO: VAO: [ID 345] Mesh uploaded successfully to VRAM (GPU)
INFO: VAO: [ID 346] Mesh uploaded successfully to VRAM (GPU)
INFO: VAO: [ID 347] Mesh uploaded successfully to VRAM (GPU)
INFO: VAO: [ID 348] Mesh uploaded successfully to VRAM (GPU)
INFO: VAO: [ID 349] Mesh uploaded successfully to VRAM (GPU)
INFO: VAO: [ID 350] Mesh uploaded successfully to VRAM (GPU)
INFO: VAO: [ID 351] Mesh uploaded successfully to VRAM (GPU)
INFO: VAO: [ID 352] Mesh uploaded successfully to VRAM (GPU)
INFO: VAO: [ID 353] Mesh uploaded successfully to VRAM (GPU)
INFO: VAO: [ID 262] Unloaded vertex array data from VRAM (GPU)
INFO: VAO: [ID 261] Unloaded vertex array data from VRAM (GPU)
INFO: VAO: [ID 260] Unloaded vertex array data from VRAM (GPU)
INFO: VAO: [ID 259] Unloaded vertex array data from VRAM (GPU)
INFO: VAO: [ID 258] Unloaded vertex array data from VRAM (GPU)
INFO: VAO: [ID 244] Unloaded vertex array data from VRAM (GPU)
INFO: VAO: [ID 243] Unloaded vertex array data from VRAM (GPU)
INFO: VAO: [ID 242] Unloaded vertex array data from VRAM (GPU)
INFO: VAO: [ID 241] Unloaded vertex array data from VRAM (GPU)
INFO: VAO: [ID 240] Unloaded vertex array data from VRAM (GPU)
INFO: VAO: [ID 226] Unloaded vertex array data from VRAM (GPU)
INFO: VAO: [ID 225] Unloaded vertex array data from VRAM (GPU)
INFO: VAO: [ID 224] Unloaded vertex array data from VRAM (GPU)
INFO: VAO: [ID 223] Unloaded vertex array data from VRAM (GPU)
INFO: VAO: [ID 420] Unloaded vertex array data from VRAM (GPU)
INFO: VAO: [ID 276] Unloaded vertex array data from VRAM (GPU)
INFO: VAO: [ID 365] Unloaded vertex array data from VRAM (GPU)
INFO: VAO: [ID 383] Unloaded vertex array data from VRAM (GPU)
INFO: VAO: [ID 223] Mesh uploaded successfully to VRAM (GPU)
INFO: VAO: [ID 224] Mesh uploaded successfully to VRAM (GPU)
INFO: VAO: [ID 225] Mesh uploaded successfully to VRAM (GPU)
INFO: VAO: [ID 226] Mesh uploaded successfully to VRAM (GPU)
INFO: VAO: [ID 240] Mesh uploaded successfully to VRAM (GPU)
INFO: VAO: [ID 241] Mesh uploaded successfully to VRAM (GPU)
INFO: VAO: [ID 242] Mesh uploaded successfully to VRAM (GPU)
INFO: VAO: [ID 243] Mesh uploaded successfully to VRAM (GPU)
INFO: VAO: [ID 244] Mesh uploaded successfully to VRAM (GPU)
INFO: VAO: [ID 258] Mesh uploaded successfully to VRAM (GPU)
INFO: VAO: [ID 259] Mesh uploaded successfully to VRAM (GPU)
INFO: VAO: [ID 260] Mesh uploaded successfully to VRAM (GPU)
INFO: VAO: [ID 261] Mesh uploaded successfully to VRAM (GPU)
INFO: VAO: [ID 262] Mesh uploaded successfully to VRAM (GPU)
INFO: VAO: [ID 276] Mesh uploaded successfully to VRAM (GPU)
INFO: VAO: [ID 354] Mesh uploaded successfully to VRAM (GPU)
INFO: VAO: [ID 355] Mesh uploaded successfully to VRAM (GPU)
INFO: VAO: [ID 356] Mesh uploaded successfully to VRAM (GPU)
INFO: VAO: [ID 440] Unloaded vertex array data from VRAM (GPU)
INFO: VAO: [ID 357] Mesh uploaded successfully to VRAM (GPU)
INFO: VAO: [ID 358] Mesh uploaded successfully to VRAM (GPU)
INFO: VAO: [ID 359] Mesh uploaded successfully to VRAM (GPU)
INFO: VAO: [ID 360] Mesh uploaded successfully to VRAM (GPU)
INFO: VAO: [ID 361] Mesh uploaded successfully to VRAM (GPU)
INFO: VAO: [ID 362] Mesh uploaded successfully to VRAM (GPU)
INFO: VAO: [ID 363] Mesh uploaded successfully to VRAM (GPU)
INFO: VAO: [ID 364] Mesh uploaded successfully to VRAM (GPU)
INFO: VAO: [ID 365] Mesh uploaded successfully to VRAM (GPU)
INFO: VAO: [ID 383] Mesh uploaded successfully to VRAM (GPU)
INFO: VAO: [ID 401] Mesh uploaded successfully to VRAM (GPU)
INFO: VAO: [ID 402] Mesh uploaded successfully to VRAM (GPU)
INFO: VAO: [ID 403] Mesh uploaded successfully to VRAM (GPU)
INFO: VAO: [ID 404] Mesh uploaded successfully to VRAM (GPU)
INFO: VAO: [ID 405] Mesh uploaded successfully to VRAM (GPU)
INFO: VAO: [ID 406] Mesh uploaded successfully to VRAM (GPU)
INFO: VAO: [ID 407] Mesh uploaded successfully to VRAM (GPU)
INFO: VAO: [ID 408] Mesh uploaded successfully to VRAM (GPU)
INFO: VAO: [ID 409] Mesh uploaded successfully to VRAM (GPU)
INFO: VAO: [ID 410] Mesh uploaded successfully to VRAM (GPU)
INFO: VAO: [ID 411] Mesh uploaded successfully to VRAM (GPU)
INFO: VAO: [ID 412] Mesh uploaded successfully to VRAM (GPU)
INFO: VAO: [ID 413] Mesh uploaded successfully to VRAM (GPU)
INFO: VAO: [ID 414] Mesh uploaded successfully to VRAM (GPU)
INFO: VAO: [ID 415] Mesh uploaded successfully to VRAM (GPU)
INFO: VAO: [ID 416] Mesh uploaded successfully to VRAM (GPU)
INFO: VAO: [ID 417] Mesh uploaded successfully to VRAM (GPU)
INFO: VAO: [ID 418] Mesh uploaded successfully to VRAM (GPU)
INFO: VAO: [ID 419] Mesh uploaded successfully to VRAM (GPU)
INFO: VAO: [ID 420] Mesh uploaded successfully to VRAM (GPU)
INFO: VAO: [ID 438] Mesh uploaded successfully to VRAM (GPU)
INFO: VAO: [ID 439] Mesh uploaded successfully to VRAM (GPU)
INFO: VAO: [ID 440] Mesh uploaded successfully to VRAM (GPU)
INFO: VAO: [ID 461] Mesh uploaded successfully to VRAM (GPU)
INFO: VAO: [ID 462] Mesh uploaded successfully to VRAM (GPU)
INFO: VAO: [ID 480] Mesh uploaded successfully to VRAM (GPU)
INFO: VAO: [ID 481] Mesh uploaded successfully to VRAM (GPU)
INFO: VAO: [ID 482] Mesh uploaded successfully to VRAM (GPU)
INFO: VAO: [ID 207] Unloaded vertex array data from VRAM (GPU)
INFO: VAO: [ID 207] Mesh uploaded successfully to VRAM (GPU)
INFO: VAO: [ID 483] Mesh uploaded successfully to VRAM (GPU)
INFO: VAO: [ID 484] Mesh uploaded successfully to VRAM (GPU)
INFO: VAO: [ID 485] Mesh uploaded successfully to VRAM (GPU)
INFO: VAO: [ID 486] Mesh uploaded successfully to VRAM (GPU)
INFO: VAO: [ID 487] Mesh uploaded successfully to VRAM (GPU)
INFO: VAO: [ID 488] Mesh uploaded successfully to VRAM (GPU)
INFO: VAO: [ID 489] Mesh uploaded successfully to VRAM (GPU)
INFO: VAO: [ID 490] Mesh uploaded successfully to VRAM (GPU)
INFO: VAO: [ID 491] Mesh uploaded successfully to VRAM (GPU)
INFO: VAO: [ID 492] Mesh uploaded successfully to VRAM (GPU)
INFO: VAO: [ID 493] Mesh uploaded successfully to VRAM (GPU)
INFO: VAO: [ID 494] Mesh uploaded successfully to VRAM (GPU)
INFO: VAO: [ID 495] Mesh uploaded successfully to VRAM (GPU)
INFO: VAO: [ID 496] Mesh uploaded successfully to VRAM (GPU)
INFO: VAO: [ID 497] Mesh uploaded successfully to VRAM (GPU)
INFO: VAO: [ID 498] Mesh uploaded successfully to VRAM (GPU)
INFO: VAO: [ID 499] Mesh uploaded successfully to VRAM (GPU)
INFO: VAO: [ID 283] Unloaded vertex array data from VRAM (GPU)
INFO: VAO: [ID 282] Unloaded vertex array data from VRAM (GPU)
INFO: VAO: [ID 281] Unloaded vertex array data from VRAM (GPU)
INFO: VAO: [ID 265] Unloaded vertex array data from VRAM (GPU)
INFO: VAO: [ID 264] Unloaded vertex array data from VRAM (GPU)
INFO: VAO: [ID 263] Unloaded vertex array data from VRAM (GPU)
INFO: VAO: [ID 247] Unloaded vertex array data from VRAM (GPU)
INFO: VAO: [ID 246] Unloaded vertex array data from VRAM (GPU)
INFO: VAO: [ID 245] Unloaded vertex array data from VRAM (GPU)
INFO: VAO: [ID 229] Unloaded vertex array data from VRAM (GPU)
INFO: VAO: [ID 228] Unloaded vertex array data from VRAM (GPU)
INFO: VAO: [ID 227] Unloaded vertex array data from VRAM (GPU)
INFO: VAO: [ID 222] Unloaded vertex array data from VRAM (GPU)
INFO: VAO: [ID 211] Unloaded vertex array data from VRAM (GPU)
INFO: VAO: [ID 210] Unloaded vertex array data from VRAM (GPU)
INFO: VAO: [ID 209] Unloaded vertex array data from VRAM (GPU)
INFO: VAO: [ID 208] Unloaded vertex array data from VRAM (GPU)
INFO: VAO: [ID 208] Mesh uploaded successfully to VRAM (GPU)
INFO: VAO: [ID 209] Mesh uploaded successfully to VRAM (GPU)
INFO: VAO: [ID 210] Mesh uploaded successfully to VRAM (GPU)
INFO: VAO: [ID 211] Mesh uploaded successfully to VRAM (GPU)
INFO: VAO: [ID 222] Mesh uploaded successfully to VRAM (GPU)
INFO: VAO: [ID 227] Mesh uploaded successfully to VRAM (GPU)
INFO: VAO: [ID 228] Mesh uploaded successfully to VRAM (GPU)
INFO: VAO: [ID 229] Mesh uploaded successfully to VRAM (GPU)
INFO: VAO: [ID 245] Mesh uploaded successfully to VRAM (GPU)
INFO: VAO: [ID 246] Mesh uploaded successfully to VRAM (GPU)
INFO: VAO: [ID 247] Mesh uploaded successfully to VRAM (GPU)
INFO: VAO: [ID 263] Mesh uploaded successfully to VRAM (GPU)
INFO: VAO: [ID 264] Mesh uploaded successfully to VRAM (GPU)
INFO: VAO: [ID 265] Mesh uploaded successfully to VRAM (GPU)
INFO: VAO: [ID 281] Mesh uploaded successfully to VRAM (GPU)
INFO: VAO: [ID 282] Mesh uploaded successfully to VRAM (GPU)
INFO: VAO: [ID 283] Mesh uploaded successfully to VRAM (GPU)
INFO: VAO: [ID 500] Mesh uploaded successfully to VRAM (GPU)
INFO: VAO: [ID 501] Mesh uploaded successfully to VRAM (GPU)
INFO: VAO: [ID 502] Mesh uploaded successfully to VRAM (GPU)
INFO: VAO: [ID 503] Mesh uploaded successfully to VRAM (GPU)
INFO: VAO: [ID 504] Mesh uploaded successfully to VRAM (GPU)
INFO: VAO: [ID 505] Mesh uploaded successfully to VRAM (GPU)
INFO: VAO: [ID 506] Mesh uploaded successfully to VRAM (GPU)
INFO: VAO: [ID 507] Mesh uploaded successfully to VRAM (GPU)
INFO: VAO: [ID 508] Mesh uploaded successfully to VRAM (GPU)
INFO: VAO: [ID 509] Mesh uploaded successfully to VRAM (GPU)
INFO: VAO: [ID 510] Mesh uploaded successfully to VRAM (GPU)
INFO: VAO: [ID 511] Mesh uploaded successfully to VRAM (GPU)
INFO: VAO: [ID 512] Mesh uploaded successfully to VRAM (GPU)
INFO: VAO: [ID 515] Mesh uploaded successfully to VRAM (GPU)
INFO: VAO: [ID 516] Mesh uploaded successfully to VRAM (GPU)
INFO: VAO: [ID 517] Mesh uploaded successfully to VRAM (GPU)
INFO: VAO: [ID 518] Mesh uploaded successfully to VRAM (GPU)
INFO: VAO: [ID 519] Mesh uploaded successfully to VRAM (GPU)
INFO: VAO: [ID 520] Mesh uploaded successfully to VRAM (GPU)
INFO: VAO: [ID 521] Mesh uploaded successfully to VRAM (GPU)
INFO: VAO: [ID 522] Mesh uploaded successfully to VRAM (GPU)
INFO: VAO: [ID 523] Mesh uploaded successfully to VRAM (GPU)
INFO: VAO: [ID 524] Mesh uploaded successfully to VRAM (GPU)
INFO: VAO: [ID 525] Mesh uploaded successfully to VRAM (GPU)
INFO: VAO: [ID 526] Mesh uploaded successfully to VRAM (GPU)
INFO: VAO: [ID 527] Mesh uploaded successfully to VRAM (GPU)
INFO: VAO: [ID 528] Mesh uploaded successfully to VRAM (GPU)
INFO: VAO: [ID 529] Mesh uploaded successfully to VRAM (GPU)
INFO: VAO: [ID 530] Mesh uploaded successfully to VRAM (GPU)
INFO: VAO: [ID 531] Mesh uploaded successfully to VRAM (GPU)
INFO: VAO: [ID 532] Mesh uploaded successfully to VRAM (GPU)
INFO: VAO: [ID 533] Mesh uploaded successfully to VRAM (GPU)
INFO: VAO: [ID 534] Mesh uploaded successfully to VRAM (GPU)
INFO: VAO: [ID 537] Mesh uploaded successfully to VRAM (GPU)
INFO: VAO: [ID 538] Mesh uploaded successfully to VRAM (GPU)
INFO: VAO: [ID 539] Mesh uploaded successfully to VRAM (GPU)
INFO: VAO: [ID 540] Mesh uploaded successfully to VRAM (GPU)
INFO: VAO: [ID 541] Mesh uploaded successfully to VRAM (GPU)
INFO: VAO: [ID 542] Mesh uploaded successfully to VRAM (GPU)
INFO: VAO: [ID 543] Mesh uploaded successfully to VRAM (GPU)
INFO: VAO: [ID 544] Mesh uploaded successfully to VRAM (GPU)
INFO: VAO: [ID 193] Unloaded vertex array data from VRAM (GPU)
INFO: VAO: [ID 192] Unloaded vertex array data from VRAM (GPU)
INFO: VAO: [ID 191] Unloaded vertex array data from VRAM (GPU)
INFO: VAO: [ID 175] Unloaded vertex array data from VRAM (GPU)
INFO: VAO: [ID 174] Unloaded vertex array data from VRAM (GPU)
INFO: VAO: [ID 173] Unloaded vertex array data from VRAM (GPU)
INFO: VAO: [ID 170] Unloaded vertex array data from VRAM (GPU)
INFO: VAO: [ID 169] Unloaded vertex array data from VRAM (GPU)
INFO: VAO: [ID 168] Unloaded vertex array data from VRAM (GPU)
INFO: VAO: [ID 157] Unloaded vertex array data from VRAM (GPU)
INFO: VAO: [ID 139] Unloaded vertex array data from VRAM (GPU)
INFO: VAO: [ID 121] Unloaded vertex array data from VRAM (GPU)
INFO: VAO: [ID 103] Unloaded vertex array data from VRAM (GPU)
INFO: VAO: [ID 85] Unloaded vertex array data from VRAM (GPU)
INFO: VAO: [ID 67] Unloaded vertex array data from VRAM (GPU)
INFO: VAO: [ID 62] Unloaded vertex array data from VRAM (GPU)
INFO: VAO: [ID 49] Unloaded vertex array data from VRAM (GPU)
INFO: VAO: [ID 46] Unloaded vertex array data from VRAM (GPU)
INFO: VAO: [ID 156] Unloaded vertex array data from VRAM (GPU)
INFO: VAO: [ID 155] Unloaded vertex array data from VRAM (GPU)
INFO: VAO: [ID 138] Unloaded vertex array data from VRAM (GPU)
INFO: VAO: [ID 137] Unloaded vertex array data from VRAM (GPU)
INFO: VAO: [ID 120] Unloaded vertex array data from VRAM (GPU)
INFO: VAO: [ID 119] Unloaded vertex array data from VRAM (GPU)
INFO: VAO: [ID 102] Unloaded vertex array data from VRAM (GPU)
INFO: VAO: [ID 101] Unloaded vertex array data from VRAM (GPU)
INFO: VAO: [ID 84] Unloaded vertex array data from VRAM (GPU)
INFO: VAO: [ID 83] Unloaded vertex array data from VRAM (GPU)
INFO: VAO: [ID 66] Unloaded vertex array data from VRAM (GPU)
INFO: VAO: [ID 65] Unloaded vertex array data from VRAM (GPU)
INFO: VAO: [ID 61] Unloaded vertex array data from VRAM (GPU)
INFO: VAO: [ID 60] Unloaded vertex array data from VRAM (GPU)
INFO: VAO: [ID 48] Unloaded vertex array data from VRAM (GPU)
INFO: VAO: [ID 47] Unloaded vertex array data from VRAM (GPU)
INFO: VAO: [ID 45] Unloaded vertex array data from VRAM (GPU)
INFO: VAO: [ID 44] Unloaded vertex array data from VRAM (GPU)
INFO: VAO: [ID 477] Unloaded vertex array data from VRAM (GPU)
INFO: VAO: [ID 335] Unloaded vertex array data from VRAM (GPU)
INFO: VAO: [ID 479] Unloaded vertex array data from VRAM (GPU)
INFO: VAO: [ID 476] Unloaded vertex array data from VRAM (GPU)
INFO: VAO: [ID 475] Unloaded vertex array data from VRAM (GPU)
INFO: VAO: [ID 474] Unloaded vertex array data from VRAM (GPU)
INFO: VAO: [ID 473] Unloaded vertex array data from VRAM (GPU)
INFO: VAO: [ID 472] Unloaded vertex array data from VRAM (GPU)
INFO: VAO: [ID 471] Unloaded vertex array data from VRAM (GPU)
INFO: VAO: [ID 470] Unloaded vertex array data from VRAM (GPU)
INFO: VAO: [ID 469] Unloaded vertex array data from VRAM (GPU)
INFO: VAO: [ID 468] Unloaded vertex array data from VRAM (GPU)
INFO: VAO: [ID 478] Unloaded vertex array data from VRAM (GPU)
INFO: VAO: [ID 467] Unloaded vertex array data from VRAM (GPU)
INFO: VAO: [ID 466] Unloaded vertex array data from VRAM (GPU)
INFO: VAO: [ID 465] Unloaded vertex array data from VRAM (GPU)
INFO: VAO: [ID 464] Unloaded vertex array data from VRAM (GPU)
INFO: VAO: [ID 463] Unloaded vertex array data from VRAM (GPU)
INFO: VAO: [ID 316] Unloaded vertex array data from VRAM (GPU)
INFO: VAO: [ID 334] Unloaded vertex array data from VRAM (GPU)
INFO: VAO: [ID 333] Unloaded vertex array data from VRAM (GPU)
INFO: VAO: [ID 332] Unloaded vertex array data from VRAM (GPU)
INFO: VAO: [ID 331] Unloaded vertex array data from VRAM (GPU)
INFO: VAO: [ID 330] Unloaded vertex array data from VRAM (GPU)
INFO: VAO: [ID 329] Unloaded vertex array data from VRAM (GPU)
INFO: VAO: [ID 328] Unloaded vertex array data from VRAM (GPU)
INFO: VAO: [ID 327] Unloaded vertex array data from VRAM (GPU)
INFO: VAO: [ID 326] Unloaded vertex array data from VRAM (GPU)
INFO: VAO: [ID 325] Unloaded vertex array data from VRAM (GPU)
INFO: VAO: [ID 324] Unloaded vertex array data from VRAM (GPU)
INFO: VAO: [ID 323] Unloaded vertex array data from VRAM (GPU)
INFO: VAO: [ID 322] Unloaded vertex array data from VRAM (GPU)
INFO: VAO: [ID 321] Unloaded vertex array data from VRAM (GPU)
INFO: VAO: [ID 320] Unloaded vertex array data from VRAM (GPU)
INFO: VAO: [ID 319] Unloaded vertex array data from VRAM (GPU)
INFO: VAO: [ID 318] Unloaded vertex array data from VRAM (GPU)
INFO: VAO: [ID 317] Unloaded vertex array data from VRAM (GPU)
INFO: VAO: [ID 456] Unloaded vertex array data from VRAM (GPU)
INFO: VAO: [ID 455] Unloaded vertex array data from VRAM (GPU)
INFO: VAO: [ID 454] Unloaded vertex array data from VRAM (GPU)
INFO: VAO: [ID 453] Unloaded vertex array data from VRAM (GPU)
INFO: VAO: [ID 452] Unloaded vertex array data from VRAM (GPU)
INFO: VAO: [ID 451] Unloaded vertex array data from VRAM (GPU)
INFO: VAO: [ID 450] Unloaded vertex array data from VRAM (GPU)
INFO: VAO: [ID 449] Unloaded vertex array data from VRAM (GPU)
INFO: VAO: [ID 448] Unloaded vertex array data from VRAM (GPU)
INFO: VAO: [ID 447] Unloaded vertex array data from VRAM (GPU)
INFO: VAO: [ID 446] Unloaded vertex array data from VRAM (GPU)
INFO: VAO: [ID 445] Unloaded vertex array data from VRAM (GPU)
INFO: VAO: [ID 444] Unloaded vertex array data from VRAM (GPU)
INFO: VAO: [ID 443] Unloaded vertex array data from VRAM (GPU)
INFO: VAO: [ID 442] Unloaded vertex array data from VRAM (GPU)
INFO: VAO: [ID 460] Unloaded vertex array data from VRAM (GPU)
INFO: VAO: [ID 441] Unloaded vertex array data from VRAM (GPU)
INFO: VAO: [ID 315] Unloaded vertex array data from VRAM (GPU)
INFO: VAO: [ID 314] Unloaded vertex array data from VRAM (GPU)
INFO: VAO: [ID 313] Unloaded vertex array data from VRAM (GPU)
INFO: VAO: [ID 312] Unloaded vertex array data from VRAM (GPU)
INFO: VAO: [ID 302] Unloaded vertex array data from VRAM (GPU)
INFO: VAO: [ID 301] Unloaded vertex array data from VRAM (GPU)
INFO: VAO: [ID 300] Unloaded vertex array data from VRAM (GPU)
INFO: VAO: [ID 299] Unloaded vertex array data from VRAM (GPU)
INFO: VAO: [ID 298] Unloaded vertex array data from VRAM (GPU)
INFO: VAO: [ID 297] Unloaded vertex array data from VRAM (GPU)
INFO: VAO: [ID 296] Unloaded vertex array data from VRAM (GPU)
INFO: VAO: [ID 295] Unloaded vertex array data from VRAM (GPU)
INFO: VAO: [ID 294] Unloaded vertex array data from VRAM (GPU)
INFO: VAO: [ID 280] Unloaded vertex array data from VRAM (GPU)
INFO: VAO: [ID 279] Unloaded vertex array data from VRAM (GPU)
INFO: VAO: [ID 278] Unloaded vertex array data from VRAM (GPU)
INFO: VAO: [ID 277] Unloaded vertex array data from VRAM (GPU)
INFO: VAO: [ID 190] Unloaded vertex array data from VRAM (GPU)
INFO: VAO: [ID 43] Unloaded vertex array data from VRAM (GPU)
INFO: VAO: [ID 356] Unloaded vertex array data from VRAM (GPU)
INFO: VAO: [ID 355] Unloaded vertex array data from VRAM (GPU)
INFO: VAO: [ID 354] Unloaded vertex array data from VRAM (GPU)
INFO: VAO: [ID 353] Unloaded vertex array data from VRAM (GPU)
INFO: VAO: [ID 459] Unloaded vertex array data from VRAM (GPU)
INFO: VAO: [ID 41] Unloaded vertex array data from VRAM (GPU)
INFO: VAO: [ID 303] Unloaded vertex array data from VRAM (GPU)
INFO: VAO: [ID 304] Unloaded vertex array data from VRAM (GPU)
INFO: VAO: [ID 305] Unloaded vertex array data from VRAM (GPU)
INFO: VAO: [ID 306] Unloaded vertex array data from VRAM (GPU)
INFO: VAO: [ID 307] Unloaded vertex array data from VRAM (GPU)
INFO: VAO: [ID 308] Unloaded vertex array data from VRAM (GPU)
INFO: VAO: [ID 309] Unloaded vertex array data from VRAM (GPU)
INFO: VAO: [ID 310] Unloaded vertex array data from VRAM (GPU)
INFO: VAO: [ID 311] Unloaded vertex array data from VRAM (GPU)
INFO: VAO: [ID 458] Unloaded vertex array data from VRAM (GPU)
INFO: VAO: [ID 457] Unloaded vertex array data from VRAM (GPU)
INFO: VAO: [ID 577] Unloaded vertex array data from VRAM (GPU)
INFO: VAO: [ID 600] Unloaded vertex array data from VRAM (GPU)
INFO: VAO: [ID 625] Unloaded vertex array data from VRAM (GPU)
INFO: VAO: [ID 644] Unloaded vertex array data from VRAM (GPU)
INFO: VAO: [ID 42] Unloaded vertex array data from VRAM (GPU)
INFO: VAO: [ID 409] Unloaded vertex array data from VRAM (GPU)
INFO: VAO: [ID 437] Unloaded vertex array data from VRAM (GPU)
INFO: VAO: [ID 436] Unloaded vertex array data from VRAM (GPU)
INFO: VAO: [ID 435] Unloaded vertex array data from VRAM (GPU)
INFO: VAO: [ID 434] Unloaded vertex array data from VRAM (GPU)
INFO: VAO: [ID 433] Unloaded vertex array data from VRAM (GPU)
INFO: VAO: [ID 432] Unloaded vertex array data from VRAM (GPU)
INFO: VAO: [ID 431] Unloaded vertex array data from VRAM (GPU)
INFO: VAO: [ID 430] Unloaded vertex array data from VRAM (GPU)
INFO: VAO: [ID 429] Unloaded vertex array data from VRAM (GPU)
INFO: VAO: [ID 428] Unloaded vertex array data from VRAM (GPU)
INFO: VAO: [ID 427] Unloaded vertex array data from VRAM (GPU)
INFO: VAO: [ID 426] Unloaded vertex array data from VRAM (GPU)
INFO: VAO: [ID 421] Unloaded vertex array data from VRAM (GPU)
INFO: VAO: [ID 425] Unloaded vertex array data from VRAM (GPU)
INFO: VAO: [ID 424] Unloaded vertex array data from VRAM (GPU)
INFO: VAO: [ID 482] Unloaded vertex array data from VRAM (GPU)
INFO: VAO: [ID 423] Unloaded vertex array data from VRAM (GPU)
INFO: VAO: [ID 422] Unloaded vertex array data from VRAM (GPU)
INFO: VAO: [ID 400] Unloaded vertex array data from VRAM (GPU)
INFO: VAO: [ID 40] Unloaded vertex array data from VRAM (GPU)
INFO: VAO: [ID 284] Unloaded vertex array data from VRAM (GPU)
INFO: VAO: [ID 285] Unloaded vertex array data from VRAM (GPU)
INFO: VAO: [ID 286] Unloaded vertex array data from VRAM (GPU)
INFO: VAO: [ID 287] Unloaded vertex array data from VRAM (GPU)
INFO: VAO: [ID 288] Unloaded vertex array data from VRAM (GPU)
INFO: VAO: [ID 289] Unloaded vertex array data from VRAM (GPU)
INFO: VAO: [ID 290] Unloaded vertex array data from VRAM (GPU)
INFO: VAO: [ID 291] Unloaded vertex array data from VRAM (GPU)
INFO: VAO: [ID 292] Unloaded vertex array data from VRAM (GPU)
INFO: VAO: [ID 293] Unloaded vertex array data from VRAM (GPU)
INFO: VAO: [ID 352] Unloaded vertex array data from VRAM (GPU)
INFO: VAO: [ID 576] Unloaded vertex array data from VRAM (GPU)
INFO: VAO: [ID 599] Unloaded vertex array data from VRAM (GPU)
INFO: VAO: [ID 624] Unloaded vertex array data from VRAM (GPU)
INFO: VAO: [ID 643] Unloaded vertex array data from VRAM (GPU)
INFO: VAO: [ID 382] Unloaded vertex array data from VRAM (GPU)
INFO: VAO: [ID 399] Unloaded vertex array data from VRAM (GPU)
INFO: VAO: [ID 39] Unloaded vertex array data from VRAM (GPU)
INFO: VAO: [ID 266] Unloaded vertex array data from VRAM (GPU)
INFO: VAO: [ID 267] Unloaded vertex array data from VRAM (GPU)
INFO: VAO: [ID 268] Unloaded vertex array data from VRAM (GPU)
INFO: VAO: [ID 269] Unloaded vertex array data from VRAM (GPU)
INFO: VAO: [ID 270] Unloaded vertex array data from VRAM (GPU)
INFO: VAO: [ID 271] Unloaded vertex array data from VRAM (GPU)
INFO: VAO: [ID 272] Unloaded vertex array data from VRAM (GPU)
INFO: VAO: [ID 273] Unloaded vertex array data from VRAM (GPU)
INFO: VAO: [ID 274] Unloaded vertex array data from VRAM (GPU)
INFO: VAO: [ID 275] Unloaded vertex array data from VRAM (GPU)
INFO: VAO: [ID 351] Unloaded vertex array data from VRAM (GPU)
INFO: VAO: [ID 575] Unloaded vertex array data from VRAM (GPU)
INFO: VAO: [ID 598] Unloaded vertex array data from VRAM (GPU)
INFO: VAO: [ID 623] Unloaded vertex array data from VRAM (GPU)
INFO: VAO: [ID 642] Unloaded vertex array data from VRAM (GPU)
INFO: VAO: [ID 381] Unloaded vertex array data from VRAM (GPU)
INFO: VAO: [ID 481] Unloaded vertex array data from VRAM (GPU)
INFO: VAO: [ID 276] Unloaded vertex array data from VRAM (GPU)
INFO: VAO: [ID 398] Unloaded vertex array data from VRAM (GPU)
INFO: VAO: [ID 397] Unloaded vertex array data from VRAM (GPU)
INFO: VAO: [ID 396] Unloaded vertex array data from VRAM (GPU)
INFO: VAO: [ID 395] Unloaded vertex array data from VRAM (GPU)
INFO: VAO: [ID 38] Unloaded vertex array data from VRAM (GPU)
INFO: VAO: [ID 394] Unloaded vertex array data from VRAM (GPU)
INFO: VAO: [ID 393] Unloaded vertex array data from VRAM (GPU)
INFO: VAO: [ID 392] Unloaded vertex array data from VRAM (GPU)
INFO: VAO: [ID 391] Unloaded vertex array data from VRAM (GPU)
INFO: VAO: [ID 248] Unloaded vertex array data from VRAM (GPU)
INFO: VAO: [ID 249] Unloaded vertex array data from VRAM (GPU)
INFO: VAO: [ID 250] Unloaded vertex array data from VRAM (GPU)
INFO: VAO: [ID 251] Unloaded vertex array data from VRAM (GPU)
INFO: VAO: [ID 252] Unloaded vertex array data from VRAM (GPU)
INFO: VAO: [ID 253] Unloaded vertex array data from VRAM (GPU)
INFO: VAO: [ID 254] Unloaded vertex array data from VRAM (GPU)
INFO: VAO: [ID 255] Unloaded vertex array data from VRAM (GPU)
INFO: VAO: [ID 256] Unloaded vertex array data from VRAM (GPU)
INFO: VAO: [ID 257] Unloaded vertex array data from VRAM (GPU)
INFO: VAO: [ID 390] Unloaded vertex array data from VRAM (GPU)
INFO: VAO: [ID 389] Unloaded vertex array data from VRAM (GPU)
INFO: VAO: [ID 388] Unloaded vertex array data from VRAM (GPU)
INFO: VAO: [ID 387] Unloaded vertex array data from VRAM (GPU)
INFO: VAO: [ID 504] Unloaded vertex array data from VRAM (GPU)
INFO: VAO: [ID 499] Unloaded vertex array data from VRAM (GPU)
INFO: VAO: [ID 386] Unloaded vertex array data from VRAM (GPU)
INFO: VAO: [ID 350] Unloaded vertex array data from VRAM (GPU)
INFO: VAO: [ID 385] Unloaded vertex array data from VRAM (GPU)
INFO: VAO: [ID 408] Unloaded vertex array data from VRAM (GPU)
INFO: VAO: [ID 384] Unloaded vertex array data from VRAM (GPU)
INFO: VAO: [ID 574] Unloaded vertex array data from VRAM (GPU)
INFO: VAO: [ID 597] Unloaded vertex array data from VRAM (GPU)
INFO: VAO: [ID 622] Unloaded vertex array data from VRAM (GPU)
INFO: VAO: [ID 641] Unloaded vertex array data from VRAM (GPU)
INFO: VAO: [ID 380] Unloaded vertex array data from VRAM (GPU)
INFO: VAO: [ID 262] Unloaded vertex array data from VRAM (GPU)
INFO: VAO: [ID 37] Unloaded vertex array data from VRAM (GPU)
INFO: VAO: [ID 230] Unloaded vertex array data from VRAM (GPU)
INFO: VAO: [ID 231] Unloaded vertex array data from VRAM (GPU)
INFO: VAO: [ID 232] Unloaded vertex array data from VRAM (GPU)
INFO: VAO: [ID 233] Unloaded vertex array data from VRAM (GPU)
INFO: VAO: [ID 234] Unloaded vertex array data from VRAM (GPU)
INFO: VAO: [ID 235] Unloaded vertex array data from VRAM (GPU)
INFO: VAO: [ID 236] Unloaded vertex array data from VRAM (GPU)
INFO: VAO: [ID 237] Unloaded vertex array data from VRAM (GPU)
INFO: VAO: [ID 238] Unloaded vertex array data from VRAM (GPU)
INFO: VAO: [ID 239] Unloaded vertex array data from VRAM (GPU)
INFO: VAO: [ID 349] Unloaded vertex array data from VRAM (GPU)
INFO: VAO: [ID 573] Unloaded vertex array data from VRAM (GPU)
INFO: VAO: [ID 596] Unloaded vertex array data from VRAM (GPU)
INFO: VAO: [ID 621] Unloaded vertex array data from VRAM (GPU)
INFO: VAO: [ID 640] Unloaded vertex array data from VRAM (GPU)
INFO: VAO: [ID 379] Unloaded vertex array data from VRAM (GPU)
INFO: VAO: [ID 261] Unloaded vertex array data from VRAM (GPU)
INFO: VAO: [ID 212] Unloaded vertex array data from VRAM (GPU)
INFO: VAO: [ID 213] Unloaded vertex array data from VRAM (GPU)
INFO: VAO: [ID 214] Unloaded vertex array data from VRAM (GPU)
INFO: VAO: [ID 215] Unloaded vertex array data from VRAM (GPU)
INFO: VAO: [ID 216] Unloaded vertex array data from VRAM (GPU)
INFO: VAO: [ID 217] Unloaded vertex array data from VRAM (GPU)
INFO: VAO: [ID 218] Unloaded vertex array data from VRAM (GPU)
INFO: VAO: [ID 219] Unloaded vertex array data from VRAM (GPU)
INFO: VAO: [ID 220] Unloaded vertex array data from VRAM (GPU)
INFO: VAO: [ID 221] Unloaded vertex array data from VRAM (GPU)
INFO: VAO: [ID 36] Unloaded vertex array data from VRAM (GPU)
INFO: VAO: [ID 544] Unloaded vertex array data from VRAM (GPU)
INFO: VAO: [ID 348] Unloaded vertex array data from VRAM (GPU)
INFO: VAO: [ID 572] Unloaded vertex array data from VRAM (GPU)
INFO: VAO: [ID 595] Unloaded vertex array data from VRAM (GPU)
INFO: VAO: [ID 620] Unloaded vertex array data from VRAM (GPU)
INFO: VAO: [ID 639] Unloaded vertex array data from VRAM (GPU)
INFO: VAO: [ID 378] Unloaded vertex array data from VRAM (GPU)
INFO: VAO: [ID 260] Unloaded vertex array data from VRAM (GPU)
INFO: VAO: [ID 194] Unloaded vertex array data from VRAM (GPU)
INFO: VAO: [ID 195] Unloaded vertex array data from VRAM (GPU)
INFO: VAO: [ID 196] Unloaded vertex array data from VRAM (GPU)
INFO: VAO: [ID 197] Unloaded vertex array data from VRAM (GPU)
INFO: VAO: [ID 198] Unloaded vertex array data from VRAM (GPU)
INFO: VAO: [ID 199] Unloaded vertex array data from VRAM (GPU)
INFO: VAO: [ID 200] Unloaded vertex array data from VRAM (GPU)
INFO: VAO: [ID 201] Unloaded vertex array data from VRAM (GPU)
INFO: VAO: [ID 202] Unloaded vertex array data from VRAM (GPU)
INFO: VAO: [ID 203] Unloaded vertex array data from VRAM (GPU)
INFO: VAO: [ID 35] Unloaded vertex array data from VRAM (GPU)
INFO: VAO: [ID 347] Unloaded vertex array data from VRAM (GPU)
INFO: VAO: [ID 543] Unloaded vertex array data from VRAM (GPU)
INFO: VAO: [ID 571] Unloaded vertex array data from VRAM (GPU)
INFO: VAO: [ID 594] Unloaded vertex array data from VRAM (GPU)
INFO: VAO: [ID 619] Unloaded vertex array data from VRAM (GPU)
INFO: VAO: [ID 638] Unloaded vertex array data from VRAM (GPU)
INFO: VAO: [ID 377] Unloaded vertex array data from VRAM (GPU)
INFO: VAO: [ID 35] Mesh uploaded successfully to VRAM (GPU)
INFO: VAO: [ID 36] Mesh uploaded successfully to VRAM (GPU)
INFO: VAO: [ID 37] Mesh uploaded successfully to VRAM (GPU)
INFO: VAO: [ID 38] Mesh uploaded successfully to VRAM (GPU)
INFO: VAO: [ID 39] Mesh uploaded successfully to VRAM (GPU)
INFO: VAO: [ID 40] Mesh uploaded successfully to VRAM (GPU)
INFO: VAO: [ID 41] Mesh uploaded successfully to VRAM (GPU)
INFO: VAO: [ID 42] Mesh uploaded successfully to VRAM (GPU)
INFO: VAO: [ID 43] Mesh uploaded successfully to VRAM (GPU)
INFO: VAO: [ID 44] Mesh uploaded successfully to VRAM (GPU)
INFO: VAO: [ID 45] Mesh uploaded successfully to VRAM (GPU)
INFO: VAO: [ID 46] Mesh uploaded successfully to VRAM (GPU)
INFO: VAO: [ID 47] Mesh uploaded successfully to VRAM (GPU)
INFO: VAO: [ID 48] Mesh uploaded successfully to VRAM (GPU)
INFO: VAO: [ID 49] Mesh uploaded successfully to VRAM (GPU)
INFO: VAO: [ID 60] Mesh uploaded successfully to VRAM (GPU)
INFO: VAO: [ID 61] Mesh uploaded successfully to VRAM (GPU)
INFO: VAO: [ID 62] Mesh uploaded successfully to VRAM (GPU)
INFO: VAO: [ID 65] Mesh uploaded successfully to VRAM (GPU)
INFO: VAO: [ID 66] Mesh uploaded successfully to VRAM (GPU)
INFO: VAO: [ID 67] Mesh uploaded successfully to VRAM (GPU)
INFO: VAO: [ID 83] Mesh uploaded successfully to VRAM (GPU)
INFO: VAO: [ID 84] Mesh uploaded successfully to VRAM (GPU)
INFO: VAO: [ID 85] Mesh uploaded successfully to VRAM (GPU)
INFO: VAO: [ID 101] Mesh uploaded successfully to VRAM (GPU)
INFO: VAO: [ID 102] Mesh uploaded successfully to VRAM (GPU)
INFO: VAO: [ID 103] Mesh uploaded successfully to VRAM (GPU)
INFO: VAO: [ID 119] Mesh uploaded successfully to VRAM (GPU)
INFO: VAO: [ID 120] Mesh uploaded successfully to VRAM (GPU)
INFO: VAO: [ID 121] Mesh uploaded successfully to VRAM (GPU)
INFO: VAO: [ID 137] Mesh uploaded successfully to VRAM (GPU)
INFO: VAO: [ID 138] Mesh uploaded successfully to VRAM (GPU)
INFO: VAO: [ID 139] Mesh uploaded successfully to VRAM (GPU)
INFO: VAO: [ID 155] Mesh uploaded successfully to VRAM (GPU)
INFO: VAO: [ID 156] Mesh uploaded successfully to VRAM (GPU)
INFO: VAO: [ID 157] Mesh uploaded successfully to VRAM (GPU)
INFO: VAO: [ID 168] Mesh uploaded successfully to VRAM (GPU)
INFO: VAO: [ID 169] Mesh uploaded successfully to VRAM (GPU)
INFO: VAO: [ID 170] Mesh uploaded successfully to VRAM (GPU)
INFO: VAO: [ID 173] Mesh uploaded successfully to VRAM (GPU)
INFO: VAO: [ID 174] Mesh uploaded successfully to VRAM (GPU)
INFO: VAO: [ID 175] Mesh uploaded successfully to VRAM (GPU)
INFO: VAO: [ID 190] Mesh uploaded successfully to VRAM (GPU)
INFO: VAO: [ID 191] Mesh uploaded successfully to VRAM (GPU)
INFO: VAO: [ID 192] Mesh uploaded successfully to VRAM (GPU)
INFO: VAO: [ID 193] Mesh uploaded successfully to VRAM (GPU)
INFO: VAO: [ID 194] Mesh uploaded successfully to VRAM (GPU)
INFO: VAO: [ID 195] Mesh uploaded successfully to VRAM (GPU)
INFO: VAO: [ID 196] Mesh uploaded successfully to VRAM (GPU)
INFO: VAO: [ID 197] Mesh uploaded successfully to VRAM (GPU)
INFO: VAO: [ID 198] Mesh uploaded successfully to VRAM (GPU)
INFO: VAO: [ID 199] Mesh uploaded successfully to VRAM (GPU)
INFO: VAO: [ID 200] Mesh uploaded successfully to VRAM (GPU)
INFO: VAO: [ID 201] Mesh uploaded successfully to VRAM (GPU)
INFO: VAO: [ID 202] Mesh uploaded successfully to VRAM (GPU)
INFO: VAO: [ID 203] Mesh uploaded successfully to VRAM (GPU)
INFO: VAO: [ID 212] Mesh uploaded successfully to VRAM (GPU)
INFO: VAO: [ID 213] Mesh uploaded successfully to VRAM (GPU)
INFO: VAO: [ID 214] Mesh uploaded successfully to VRAM (GPU)
INFO: VAO: [ID 215] Mesh uploaded successfully to VRAM (GPU)
INFO: VAO: [ID 216] Mesh uploaded successfully to VRAM (GPU)
INFO: VAO: [ID 217] Mesh uploaded successfully to VRAM (GPU)
INFO: VAO: [ID 218] Mesh uploaded successfully to VRAM (GPU)
INFO: VAO: [ID 219] Mesh uploaded successfully to VRAM (GPU)
INFO: VAO: [ID 220] Mesh uploaded successfully to VRAM (GPU)
INFO: VAO: [ID 221] Mesh uploaded successfully to VRAM (GPU)
INFO: VAO: [ID 230] Mesh uploaded successfully to VRAM (GPU)
INFO: VAO: [ID 231] Mesh uploaded successfully to VRAM (GPU)
INFO: VAO: [ID 232] Mesh uploaded successfully to VRAM (GPU)
INFO: VAO: [ID 233] Mesh uploaded successfully to VRAM (GPU)
INFO: VAO: [ID 234] Mesh uploaded successfully to VRAM (GPU)
INFO: VAO: [ID 235] Mesh uploaded successfully to VRAM (GPU)
INFO: VAO: [ID 236] Mesh uploaded successfully to VRAM (GPU)
INFO: VAO: [ID 237] Mesh uploaded successfully to VRAM (GPU)
INFO: VAO: [ID 238] Mesh uploaded successfully to VRAM (GPU)
INFO: VAO: [ID 239] Mesh uploaded successfully to VRAM (GPU)
INFO: VAO: [ID 248] Mesh uploaded successfully to VRAM (GPU)
INFO: VAO: [ID 249] Mesh uploaded successfully to VRAM (GPU)
INFO: VAO: [ID 250] Mesh uploaded successfully to VRAM (GPU)
INFO: VAO: [ID 251] Mesh uploaded successfully to VRAM (GPU)
INFO: VAO: [ID 252] Mesh uploaded successfully to VRAM (GPU)
INFO: VAO: [ID 253] Mesh uploaded successfully to VRAM (GPU)
INFO: VAO: [ID 254] Mesh uploaded successfully to VRAM (GPU)
INFO: VAO: [ID 255] Mesh uploaded successfully to VRAM (GPU)
INFO: VAO: [ID 256] Mesh uploaded successfully to VRAM (GPU)
INFO: VAO: [ID 257] Mesh uploaded successfully to VRAM (GPU)
INFO: VAO: [ID 260] Mesh uploaded successfully to VRAM (GPU)
INFO: VAO: [ID 261] Mesh uploaded successfully to VRAM (GPU)
INFO: VAO: [ID 262] Mesh uploaded successfully to VRAM (GPU)
INFO: VAO: [ID 266] Mesh uploaded successfully to VRAM (GPU)
INFO: VAO: [ID 267] Mesh uploaded successfully to VRAM (GPU)
INFO: VAO: [ID 268] Mesh uploaded successfully to VRAM (GPU)
INFO: VAO: [ID 269] Mesh uploaded successfully to VRAM (GPU)
INFO: VAO: [ID 270] Mesh uploaded successfully to VRAM (GPU)
INFO: VAO: [ID 271] Mesh uploaded successfully to VRAM (GPU)
INFO: VAO: [ID 272] Mesh uploaded successfully to VRAM (GPU)
INFO: VAO: [ID 273] Mesh uploaded successfully to VRAM (GPU)
INFO: VAO: [ID 274] Mesh uploaded successfully to VRAM (GPU)
INFO: VAO: [ID 275] Mesh uploaded successfully to VRAM (GPU)
INFO: VAO: [ID 276] Mesh uploaded successfully to VRAM (GPU)
INFO: VAO: [ID 277] Mesh uploaded successfully to VRAM (GPU)
INFO: VAO: [ID 278] Mesh uploaded successfully to VRAM (GPU)
INFO: VAO: [ID 279] Mesh uploaded successfully to VRAM (GPU)
INFO: VAO: [ID 280] Mesh uploaded successfully to VRAM (GPU)
INFO: VAO: [ID 284] Mesh uploaded successfully to VRAM (GPU)
INFO: VAO: [ID 285] Mesh uploaded successfully to VRAM (GPU)
INFO: VAO: [ID 286] Mesh uploaded successfully to VRAM (GPU)
INFO: VAO: [ID 287] Mesh uploaded successfully to VRAM (GPU)
INFO: VAO: [ID 288] Mesh uploaded successfully to VRAM (GPU)
INFO: VAO: [ID 289] Mesh uploaded successfully to VRAM (GPU)
INFO: VAO: [ID 290] Mesh uploaded successfully to VRAM (GPU)
INFO: VAO: [ID 291] Mesh uploaded successfully to VRAM (GPU)
INFO: VAO: [ID 292] Mesh uploaded successfully to VRAM (GPU)
INFO: VAO: [ID 293] Mesh uploaded successfully to VRAM (GPU)
INFO: VAO: [ID 294] Mesh uploaded successfully to VRAM (GPU)
INFO: VAO: [ID 295] Mesh uploaded successfully to VRAM (GPU)
INFO: VAO: [ID 296] Mesh uploaded successfully to VRAM (GPU)
INFO: VAO: [ID 297] Mesh uploaded successfully to VRAM (GPU)
INFO: VAO: [ID 298] Mesh uploaded successfully to VRAM (GPU)
INFO: VAO: [ID 299] Mesh uploaded successfully to VRAM (GPU)
INFO: VAO: [ID 300] Mesh uploaded successfully to VRAM (GPU)
INFO: VAO: [ID 301] Mesh uploaded successfully to VRAM (GPU)
INFO: VAO: [ID 302] Mesh uploaded successfully to VRAM (GPU)
INFO: VAO: [ID 303] Mesh uploaded successfully to VRAM (GPU)
INFO: VAO: [ID 304] Mesh uploaded successfully to VRAM (GPU)
INFO: VAO: [ID 305] Mesh uploaded successfully to VRAM (GPU)
INFO: VAO: [ID 306] Mesh uploaded successfully to VRAM (GPU)
INFO: VAO: [ID 307] Mesh uploaded successfully to VRAM (GPU)
INFO: VAO: [ID 308] Mesh uploaded successfully to VRAM (GPU)
INFO: VAO: [ID 309] Mesh uploaded successfully to VRAM (GPU)
INFO: VAO: [ID 310] Mesh uploaded successfully to VRAM (GPU)
INFO: VAO: [ID 311] Mesh uploaded successfully to VRAM (GPU)
INFO: VAO: [ID 312] Mesh uploaded successfully to VRAM (GPU)
INFO: VAO: [ID 313] Mesh uploaded successfully to VRAM (GPU)
INFO: VAO: [ID 314] Mesh uploaded successfully to VRAM (GPU)
INFO: VAO: [ID 315] Mesh uploaded successfully to VRAM (GPU)
INFO: VAO: [ID 316] Mesh uploaded successfully to VRAM (GPU)
INFO: VAO: [ID 317] Mesh uploaded successfully to VRAM (GPU)
INFO: VAO: [ID 318] Mesh uploaded successfully to VRAM (GPU)
INFO: VAO: [ID 319] Mesh uploaded successfully to VRAM (GPU)
INFO: VAO: [ID 320] Mesh uploaded successfully to VRAM (GPU)
INFO: VAO: [ID 321] Mesh uploaded successfully to VRAM (GPU)
INFO: VAO: [ID 322] Mesh uploaded successfully to VRAM (GPU)
INFO: VAO: [ID 323] Mesh uploaded successfully to VRAM (GPU)
INFO: VAO: [ID 324] Mesh uploaded successfully to VRAM (GPU)
INFO: VAO: [ID 325] Mesh uploaded successfully to VRAM (GPU)
INFO: VAO: [ID 326] Mesh uploaded successfully to VRAM (GPU)
INFO: VAO: [ID 327] Mesh uploaded successfully to VRAM (GPU)
INFO: VAO: [ID 328] Mesh uploaded successfully to VRAM (GPU)
INFO: VAO: [ID 329] Mesh uploaded successfully to VRAM (GPU)
INFO: VAO: [ID 330] Mesh uploaded successfully to VRAM (GPU)
INFO: VAO: [ID 331] Mesh uploaded successfully to VRAM (GPU)
INFO: VAO: [ID 332] Mesh uploaded successfully to VRAM (GPU)
INFO: VAO: [ID 333] Mesh uploaded successfully to VRAM (GPU)
INFO: VAO: [ID 334] Mesh uploaded successfully to VRAM (GPU)
INFO: VAO: [ID 335] Mesh uploaded successfully to VRAM (GPU)
INFO: VAO: [ID 347] Mesh uploaded successfully to VRAM (GPU)
INFO: VAO: [ID 348] Mesh uploaded successfully to VRAM (GPU)
INFO: VAO: [ID 349] Mesh uploaded successfully to VRAM (GPU)
INFO: VAO: [ID 350] Mesh uploaded successfully to VRAM (GPU)
INFO: VAO: [ID 351] Mesh uploaded successfully to VRAM (GPU)
INFO: VAO: [ID 352] Mesh uploaded successfully to VRAM (GPU)
INFO: VAO: [ID 353] Mesh uploaded successfully to VRAM (GPU)
INFO: VAO: [ID 354] Mesh uploaded successfully to VRAM (GPU)
INFO: VAO: [ID 355] Mesh uploaded successfully to VRAM (GPU)
INFO: VAO: [ID 356] Mesh uploaded successfully to VRAM (GPU)
INFO: VAO: [ID 377] Mesh uploaded successfully to VRAM (GPU)
INFO: VAO: [ID 378] Mesh uploaded successfully to VRAM (GPU)
INFO: VAO: [ID 379] Mesh uploaded successfully to VRAM (GPU)
INFO: VAO: [ID 380] Mesh uploaded successfully to VRAM (GPU)
INFO: VAO: [ID 381] Mesh uploaded successfully to VRAM (GPU)
INFO: VAO: [ID 382] Mesh uploaded successfully to VRAM (GPU)
INFO: VAO: [ID 384] Mesh uploaded successfully to VRAM (GPU)
INFO: VAO: [ID 385] Mesh uploaded successfully to VRAM (GPU)
INFO: VAO: [ID 386] Mesh uploaded successfully to VRAM (GPU)
INFO: VAO: [ID 387] Mesh uploaded successfully to VRAM (GPU)
INFO: VAO: [ID 388] Mesh uploaded successfully to VRAM (GPU)
INFO: VAO: [ID 389] Mesh uploaded successfully to VRAM (GPU)
INFO: VAO: [ID 390] Mesh uploaded successfully to VRAM (GPU)
INFO: VAO: [ID 391] Mesh uploaded successfully to VRAM (GPU)
INFO: VAO: [ID 392] Mesh uploaded successfully to VRAM (GPU)
INFO: VAO: [ID 393] Mesh uploaded successfully to VRAM (GPU)
INFO: VAO: [ID 394] Mesh uploaded successfully to VRAM (GPU)
INFO: VAO: [ID 395] Mesh uploaded successfully to VRAM (GPU)
INFO: VAO: [ID 396] Mesh uploaded successfully to VRAM (GPU)
INFO: VAO: [ID 397] Mesh uploaded successfully to VRAM (GPU)
INFO: VAO: [ID 398] Mesh uploaded successfully to VRAM (GPU)
INFO: VAO: [ID 399] Mesh uploaded successfully to VRAM (GPU)
INFO: VAO: [ID 400] Mesh uploaded successfully to VRAM (GPU)
INFO: VAO: [ID 408] Mesh uploaded successfully to VRAM (GPU)
INFO: VAO: [ID 409] Mesh uploaded successfully to VRAM (GPU)
INFO: VAO: [ID 421] Mesh uploaded successfully to VRAM (GPU)
INFO: VAO: [ID 422] Mesh uploaded successfully to VRAM (GPU)
INFO: VAO: [ID 423] Mesh uploaded successfully to VRAM (GPU)
INFO: VAO: [ID 424] Mesh uploaded successfully to VRAM (GPU)
INFO: VAO: [ID 425] Mesh uploaded successfully to VRAM (GPU)
INFO: VAO: [ID 426] Mesh uploaded successfully to VRAM (GPU)
INFO: VAO: [ID 427] Mesh uploaded successfully to VRAM (GPU)
INFO: VAO: [ID 428] Mesh uploaded successfully to VRAM (GPU)
INFO: VAO: [ID 429] Mesh uploaded successfully to VRAM (GPU)
INFO: VAO: [ID 430] Mesh uploaded successfully to VRAM (GPU)
INFO: VAO: [ID 431] Mesh uploaded successfully to VRAM (GPU)
INFO: VAO: [ID 432] Mesh uploaded successfully to VRAM (GPU)
INFO: VAO: [ID 433] Mesh uploaded successfully to VRAM (GPU)
INFO: VAO: [ID 434] Mesh uploaded successfully to VRAM (GPU)
INFO: VAO: [ID 435] Mesh uploaded successfully to VRAM (GPU)
INFO: VAO: [ID 436] Mesh uploaded successfully to VRAM (GPU)
INFO: VAO: [ID 437] Mesh uploaded successfully to VRAM (GPU)
INFO: VAO: [ID 441] Mesh uploaded successfully to VRAM (GPU)
INFO: VAO: [ID 442] Mesh uploaded successfully to VRAM (GPU)
INFO: VAO: [ID 443] Mesh uploaded successfully to VRAM (GPU)
INFO: VAO: [ID 444] Mesh uploaded successfully to VRAM (GPU)
INFO: VAO: [ID 445] Mesh uploaded successfully to VRAM (GPU)
INFO: VAO: [ID 446] Mesh uploaded successfully to VRAM (GPU)
INFO: VAO: [ID 447] Mesh uploaded successfully to VRAM (GPU)
INFO: VAO: [ID 448] Mesh uploaded successfully to VRAM (GPU)
INFO: VAO: [ID 449] Mesh uploaded successfully to VRAM (GPU)
INFO: VAO: [ID 450] Mesh uploaded successfully to VRAM (GPU)
INFO: VAO: [ID 451] Mesh uploaded successfully to VRAM (GPU)
INFO: VAO: [ID 452] Mesh uploaded successfully to VRAM (GPU)
INFO: VAO: [ID 453] Mesh uploaded successfully to VRAM (GPU)
INFO: VAO: [ID 454] Mesh uploaded successfully to VRAM (GPU)
INFO: VAO: [ID 455] Mesh uploaded successfully to VRAM (GPU)
INFO: VAO: [ID 456] Mesh uploaded successfully to VRAM (GPU)
INFO: VAO: [ID 457] Mesh uploaded successfully to VRAM (GPU)
INFO: VAO: [ID 458] Mesh uploaded successfully to VRAM (GPU)
INFO: VAO: [ID 459] Mesh uploaded successfully to VRAM (GPU)
INFO: VAO: [ID 460] Mesh uploaded successfully to VRAM (GPU)
INFO: VAO: [ID 463] Mesh uploaded successfully to VRAM (GPU)
INFO: VAO: [ID 464] Mesh uploaded successfully to VRAM (GPU)
INFO: VAO: [ID 465] Mesh uploaded successfully to VRAM (GPU)
INFO: VAO: [ID 466] Mesh uploaded successfully to VRAM (GPU)
INFO: VAO: [ID 467] Mesh uploaded successfully to VRAM (GPU)
INFO: VAO: [ID 468] Mesh uploaded successfully to VRAM (GPU)
INFO: VAO: [ID 469] Mesh uploaded successfully to VRAM (GPU)
INFO: VAO: [ID 470] Mesh uploaded successfully to VRAM (GPU)
INFO: VAO: [ID 471] Mesh uploaded successfully to VRAM (GPU)
INFO: VAO: [ID 472] Mesh uploaded successfully to VRAM (GPU)
INFO: VAO: [ID 473] Mesh uploaded successfully to VRAM (GPU)
INFO: VAO: [ID 474] Mesh uploaded successfully to VRAM (GPU)
INFO: VAO: [ID 475] Mesh uploaded successfully to VRAM (GPU)
INFO: VAO: [ID 476] Mesh uploaded successfully to VRAM (GPU)
INFO: VAO: [ID 477] Mesh uploaded successfully to VRAM (GPU)
INFO: VAO: [ID 478] Mesh uploaded successfully to VRAM (GPU)
INFO: VAO: [ID 479] Mesh uploaded successfully to VRAM (GPU)
INFO: VAO: [ID 481] Mesh uploaded successfully to VRAM (GPU)
INFO: VAO: [ID 482] Mesh uploaded successfully to VRAM (GPU)
INFO: VAO: [ID 499] Mesh uploaded successfully to VRAM (GPU)
INFO: VAO: [ID 504] Mesh uploaded successfully to VRAM (GPU)
INFO: VAO: [ID 543] Mesh uploaded successfully to VRAM (GPU)
INFO: VAO: [ID 544] Mesh uploaded successfully to VRAM (GPU)
INFO: VAO: [ID 545] Mesh uploaded successfully to VRAM (GPU)
INFO: VAO: [ID 546] Mesh uploaded successfully to VRAM (GPU)
INFO: VAO: [ID 547] Mesh uploaded successfully to VRAM (GPU)
INFO: VAO: [ID 548] Mesh uploaded successfully to VRAM (GPU)
INFO: VAO: [ID 549] Mesh uploaded successfully to VRAM (GPU)
INFO: VAO: [ID 550] Mesh uploaded successfully to VRAM (GPU)
INFO: VAO: [ID 551] Mesh uploaded successfully to VRAM (GPU)
INFO: VAO: [ID 552] Mesh uploaded successfully to VRAM (GPU)
INFO: VAO: [ID 553] Mesh uploaded successfully to VRAM (GPU)
INFO: VAO: [ID 554] Mesh uploaded successfully to VRAM (GPU)
INFO: VAO: [ID 555] Mesh uploaded successfully to VRAM (GPU)
INFO: VAO: [ID 556] Mesh uploaded successfully to VRAM (GPU)
INFO: VAO: [ID 557] Mesh uploaded successfully to VRAM (GPU)
INFO: VAO: [ID 560] Mesh uploaded successfully to VRAM (GPU)
INFO: VAO: [ID 563] Mesh uploaded successfully to VRAM (GPU)
INFO: VAO: [ID 564] Mesh uploaded successfully to VRAM (GPU)
INFO: VAO: [ID 565] Mesh uploaded successfully to VRAM (GPU)
INFO: VAO: [ID 566] Mesh uploaded successfully to VRAM (GPU)
INFO: VAO: [ID 571] Mesh uploaded successfully to VRAM (GPU)
INFO: VAO: [ID 572] Mesh uploaded successfully to VRAM (GPU)
INFO: VAO: [ID 573] Mesh uploaded successfully to VRAM (GPU)
INFO: VAO: [ID 574] Mesh uploaded successfully to VRAM (GPU)
INFO: VAO: [ID 575] Mesh uploaded successfully to VRAM (GPU)
INFO: VAO: [ID 576] Mesh uploaded successfully to VRAM (GPU)
INFO: VAO: [ID 577] Mesh uploaded successfully to VRAM (GPU)
INFO: VAO: [ID 578] Mesh uploaded successfully to VRAM (GPU)
INFO: VAO: [ID 579] Mesh uploaded successfully to VRAM (GPU)
INFO: VAO: [ID 580] Mesh uploaded successfully to VRAM (GPU)
INFO: VAO: [ID 581] Mesh uploaded successfully to VRAM (GPU)
INFO: VAO: [ID 582] Mesh uploaded successfully to VRAM (GPU)
INFO: VAO: [ID 583] Mesh uploaded successfully to VRAM (GPU)
INFO: VAO: [ID 584] Mesh uploaded successfully to VRAM (GPU)
INFO: VAO: [ID 585] Mesh uploaded successfully to VRAM (GPU)
INFO: VAO: [ID 594] Mesh uploaded successfully to VRAM (GPU)
INFO: VAO: [ID 595] Mesh uploaded successfully to VRAM (GPU)
INFO: VAO: [ID 596] Mesh uploaded successfully to VRAM (GPU)
INFO: VAO: [ID 597] Mesh uploaded successfully to VRAM (GPU)
INFO: VAO: [ID 598] Mesh uploaded successfully to VRAM (GPU)
INFO: VAO: [ID 599] Mesh uploaded successfully to VRAM (GPU)
INFO: VAO: [ID 600] Mesh uploaded successfully to VRAM (GPU)
INFO: VAO: [ID 601] Mesh uploaded successfully to VRAM (GPU)
INFO: VAO: [ID 602] Mesh uploaded successfully to VRAM (GPU)
INFO: VAO: [ID 603] Mesh uploaded successfully to VRAM (GPU)
INFO: VAO: [ID 604] Mesh uploaded successfully to VRAM (GPU)
INFO: VAO: [ID 605] Mesh uploaded successfully to VRAM (GPU)
INFO: VAO: [ID 606] Mesh uploaded successfully to VRAM (GPU)
INFO: VAO: [ID 619] Mesh uploaded successfully to VRAM (GPU)
INFO: VAO: [ID 620] Mesh uploaded successfully to VRAM (GPU)
INFO: VAO: [ID 621] Mesh uploaded successfully to VRAM (GPU)
INFO: VAO: [ID 622] Mesh uploaded successfully to VRAM (GPU)
INFO: VAO: [ID 623] Mesh uploaded successfully to VRAM (GPU)
INFO: VAO: [ID 624] Mesh uploaded successfully to VRAM (GPU)
INFO: VAO: [ID 625] Mesh uploaded successfully to VRAM (GPU)
INFO: VAO: [ID 626] Mesh uploaded successfully to VRAM (GPU)
INFO: VAO: [ID 627] Mesh uploaded successfully to VRAM (GPU)
INFO: VAO: [ID 628] Mesh uploaded successfully to VRAM (GPU)
INFO: VAO: [ID 629] Mesh uploaded successfully to VRAM (GPU)
INFO: VAO: [ID 638] Mesh uploaded successfully to VRAM (GPU)
INFO: VAO: [ID 639] Mesh uploaded successfully to VRAM (GPU)
INFO: VAO: [ID 640] Mesh uploaded successfully to VRAM (GPU)
INFO: VAO: [ID 641] Mesh uploaded successfully to VRAM (GPU)
INFO: VAO: [ID 642] Mesh uploaded successfully to VRAM (GPU)
INFO: VAO: [ID 643] Mesh uploaded successfully to VRAM (GPU)
INFO: VAO: [ID 644] Mesh uploaded successfully to VRAM (GPU)
INFO: VAO: [ID 645] Mesh uploaded successfully to VRAM (GPU)
INFO: VAO: [ID 646] Mesh uploaded successfully to VRAM (GPU)
INFO: VAO: [ID 647] Mesh uploaded successfully to VRAM (GPU)
INFO: VAO: [ID 648] Mesh uploaded successfully to VRAM (GPU)
INFO: VAO: [ID 649] Mesh uploaded successfully to VRAM (GPU)
INFO: VAO: [ID 650] Mesh uploaded successfully to VRAM (GPU)
INFO: VAO: [ID 651] Mesh uploaded successfully to VRAM (GPU)
INFO: VAO: [ID 652] Mesh uploaded successfully to VRAM (GPU)
INFO: VAO: [ID 653] Mesh uploaded successfully to VRAM (GPU)
INFO: VAO: [ID 654] Mesh uploaded successfully to VRAM (GPU)
INFO: VAO: [ID 655] Mesh uploaded successfully to VRAM (GPU)
INFO: VAO: [ID 656] Mesh uploaded successfully to VRAM (GPU)
INFO: VAO: [ID 657] Mesh uploaded successfully to VRAM (GPU)
INFO: VAO: [ID 658] Mesh uploaded successfully to VRAM (GPU)
INFO: VAO: [ID 659] Mesh uploaded successfully to VRAM (GPU)
INFO: VAO: [ID 660] Mesh uploaded successfully to VRAM (GPU)
INFO: VAO: [ID 661] Mesh uploaded successfully to VRAM (GPU)
INFO: VAO: [ID 662] Mesh uploaded successfully to VRAM (GPU)
INFO: VAO: [ID 663] Mesh uploaded successfully to VRAM (GPU)
INFO: VAO: [ID 664] Mesh uploaded successfully to VRAM (GPU)
INFO: VAO: [ID 665] Mesh uploaded successfully to VRAM (GPU)
INFO: VAO: [ID 666] Mesh uploaded successfully to VRAM (GPU)
INFO: VAO: [ID 667] Mesh uploaded successfully to VRAM (GPU)
INFO: VAO: [ID 668] Mesh uploaded successfully to VRAM (GPU)
INFO: VAO: [ID 669] Mesh uploaded successfully to VRAM (GPU)
INFO: VAO: [ID 670] Mesh uploaded successfully to VRAM (GPU)
INFO: VAO: [ID 671] Mesh uploaded successfully to VRAM (GPU)
INFO: VAO: [ID 672] Mesh uploaded successfully to VRAM (GPU)
INFO: VAO: [ID 673] Mesh uploaded successfully to VRAM (GPU)
INFO: VAO: [ID 674] Mesh uploaded successfully to VRAM (GPU)
INFO: VAO: [ID 675] Mesh uploaded successfully to VRAM (GPU)
INFO: VAO: [ID 676] Mesh uploaded successfully to VRAM (GPU)
INFO: VAO: [ID 677] Mesh uploaded successfully to VRAM (GPU)
INFO: VAO: [ID 678] Mesh uploaded successfully to VRAM (GPU)
INFO: VAO: [ID 679] Mesh uploaded successfully to VRAM (GPU)
INFO: VAO: [ID 680] Mesh uploaded successfully to VRAM (GPU)
INFO: VAO: [ID 681] Mesh uploaded successfully to VRAM (GPU)
INFO: VAO: [ID 682] Mesh uploaded successfully to VRAM (GPU)
INFO: VAO: [ID 683] Mesh uploaded successfully to VRAM (GPU)
INFO: VAO: [ID 684] Mesh uploaded successfully to VRAM (GPU)
INFO: VAO: [ID 685] Mesh uploaded successfully to VRAM (GPU)
INFO: VAO: [ID 687] Mesh uploaded successfully to VRAM (GPU)
INFO: VAO: [ID 688] Mesh uploaded successfully to VRAM (GPU)
INFO: VAO: [ID 689] Mesh uploaded successfully to VRAM (GPU)
INFO: VAO: [ID 690] Mesh uploaded successfully to VRAM (GPU)
INFO: VAO: [ID 691] Mesh uploaded successfully to VRAM (GPU)
INFO: VAO: [ID 692] Mesh uploaded successfully to VRAM (GPU)
INFO: VAO: [ID 693] Mesh uploaded successfully to VRAM (GPU)
INFO: VAO: [ID 694] Mesh uploaded successfully to VRAM (GPU)
INFO: VAO: [ID 695] Mesh uploaded successfully to VRAM (GPU)
INFO: VAO: [ID 696] Mesh uploaded successfully to VRAM (GPU)
INFO: VAO: [ID 697] Mesh uploaded successfully to VRAM (GPU)
INFO: VAO: [ID 698] Mesh uploaded successfully to VRAM (GPU)
INFO: VAO: [ID 503] Unloaded vertex array data from VRAM (GPU)
INFO: VAO: [ID 498] Unloaded vertex array data from VRAM (GPU)
INFO: VAO: [ID 524] Unloaded vertex array data from VRAM (GPU)
INFO: VAO: [ID 480] Unloaded vertex array data from VRAM (GPU)
INFO: VAO: [ID 407] Unloaded vertex array data from VRAM (GPU)
INFO: VAO: [ID 376] Unloaded vertex array data from VRAM (GPU)
INFO: VAO: [ID 375] Unloaded vertex array data from VRAM (GPU)
INFO: VAO: [ID 374] Unloaded vertex array data from VRAM (GPU)
INFO: VAO: [ID 373] Unloaded vertex array data from VRAM (GPU)
INFO: VAO: [ID 372] Unloaded vertex array data from VRAM (GPU)
INFO: VAO: [ID 371] Unloaded vertex array data from VRAM (GPU)
INFO: VAO: [ID 370] Unloaded vertex array data from VRAM (GPU)
INFO: VAO: [ID 369] Unloaded vertex array data from VRAM (GPU)
INFO: VAO: [ID 368] Unloaded vertex array data from VRAM (GPU)
INFO: VAO: [ID 367] Unloaded vertex array data from VRAM (GPU)
INFO: VAO: [ID 366] Unloaded vertex array data from VRAM (GPU)
INFO: VAO: [ID 62] Unloaded vertex array data from VRAM (GPU)
INFO: VAO: [ID 201] Unloaded vertex array data from VRAM (GPU)
INFO: VAO: [ID 502] Unloaded vertex array data from VRAM (GPU)
INFO: VAO: [ID 497] Unloaded vertex array data from VRAM (GPU)
INFO: VAO: [ID 523] Unloaded vertex array data from VRAM (GPU)
INFO: VAO: [ID 462] Unloaded vertex array data from VRAM (GPU)
INFO: VAO: [ID 189] Unloaded vertex array data from VRAM (GPU)
INFO: VAO: [ID 152] Unloaded vertex array data from VRAM (GPU)
INFO: VAO: [ID 406] Unloaded vertex array data from VRAM (GPU)
INFO: VAO: [ID 630] Unloaded vertex array data from VRAM (GPU)
INFO: VAO: [ID 631] Unloaded vertex array data from VRAM (GPU)
INFO: VAO: [ID 632] Unloaded vertex array data from VRAM (GPU)
INFO: VAO: [ID 633] Unloaded vertex array data from VRAM (GPU)
INFO: VAO: [ID 634] Unloaded vertex array data from VRAM (GPU)
INFO: VAO: [ID 635] Unloaded vertex array data from VRAM (GPU)
INFO: VAO: [ID 636] Unloaded vertex array data from VRAM (GPU)
INFO: VAO: [ID 637] Unloaded vertex array data from VRAM (GPU)
INFO: VAO: [ID 686] Unloaded vertex array data from VRAM (GPU)
INFO: VAO: [ID 510] Unloaded vertex array data from VRAM (GPU)
INFO: VAO: [ID 65] Unloaded vertex array data from VRAM (GPU)
INFO: VAO: [ID 236] Unloaded vertex array data from VRAM (GPU)
INFO: VAO: [ID 509] Unloaded vertex array data from VRAM (GPU)
INFO: VAO: [ID 508] Unloaded vertex array data from VRAM (GPU)
INFO: VAO: [ID 507] Unloaded vertex array data from VRAM (GPU)
INFO: VAO: [ID 506] Unloaded vertex array data from VRAM (GPU)
INFO: VAO: [ID 505] Unloaded vertex array data from VRAM (GPU)
INFO: VAO: [ID 525] Unloaded vertex array data from VRAM (GPU)
INFO: VAO: [ID 522] Unloaded vertex array data from VRAM (GPU)
INFO: VAO: [ID 521] Unloaded vertex array data from VRAM (GPU)
INFO: VAO: [ID 520] Unloaded vertex array data from VRAM (GPU)
INFO: VAO: [ID 519] Unloaded vertex array data from VRAM (GPU)
INFO: VAO: [ID 518] Unloaded vertex array data from VRAM (GPU)
INFO: VAO: [ID 517] Unloaded vertex array data from VRAM (GPU)
INFO: VAO: [ID 516] Unloaded vertex array data from VRAM (GPU)
INFO: VAO: [ID 515] Unloaded vertex array data from VRAM (GPU)
INFO: VAO: [ID 512] Unloaded vertex array data from VRAM (GPU)
INFO: VAO: [ID 511] Unloaded vertex array data from VRAM (GPU)
INFO: VAO: [ID 289] Unloaded vertex array data from VRAM (GPU)
INFO: VAO: [ID 61] Unloaded vertex array data from VRAM (GPU)
INFO: VAO: [ID 562] Unloaded vertex array data from VRAM (GPU)
INFO: VAO: [ID 200] Unloaded vertex array data from VRAM (GPU)
INFO: VAO: [ID 235] Unloaded vertex array data from VRAM (GPU)
INFO: VAO: [ID 501] Unloaded vertex array data from VRAM (GPU)
INFO: VAO: [ID 461] Unloaded vertex array data from VRAM (GPU)
INFO: VAO: [ID 172] Unloaded vertex array data from VRAM (GPU)
INFO: VAO: [ID 151] Unloaded vertex array data from VRAM (GPU)
INFO: VAO: [ID 405] Unloaded vertex array data from VRAM (GPU)
INFO: VAO: [ID 496] Unloaded vertex array data from VRAM (GPU)
INFO: VAO: [ID 611] Unloaded vertex array data from VRAM (GPU)
INFO: VAO: [ID 612] Unloaded vertex array data from VRAM (GPU)
INFO: VAO: [ID 613] Unloaded vertex array data from VRAM (GPU)
INFO: VAO: [ID 614] Unloaded vertex array data from VRAM (GPU)
INFO: VAO: [ID 615] Unloaded vertex array data from VRAM (GPU)
INFO: VAO: [ID 616] Unloaded vertex array data from VRAM (GPU)
INFO: VAO: [ID 617] Unloaded vertex array data from VRAM (GPU)
INFO: VAO: [ID 618] Unloaded vertex array data from VRAM (GPU)
INFO: VAO: [ID 283] Unloaded vertex array data from VRAM (GPU)
INFO: VAO: [ID 282] Unloaded vertex array data from VRAM (GPU)
INFO: VAO: [ID 281] Unloaded vertex array data from VRAM (GPU)
INFO: VAO: [ID 265] Unloaded vertex array data from VRAM (GPU)
INFO: VAO: [ID 264] Unloaded vertex array data from VRAM (GPU)
INFO: VAO: [ID 263] Unloaded vertex array data from VRAM (GPU)
INFO: VAO: [ID 247] Unloaded vertex array data from VRAM (GPU)
INFO: VAO: [ID 246] Unloaded vertex array data from VRAM (GPU)
INFO: VAO: [ID 245] Unloaded vertex array data from VRAM (GPU)
INFO: VAO: [ID 229] Unloaded vertex array data from VRAM (GPU)
INFO: VAO: [ID 228] Unloaded vertex array data from VRAM (GPU)
INFO: VAO: [ID 237] Unloaded vertex array data from VRAM (GPU)
INFO: VAO: [ID 227] Unloaded vertex array data from VRAM (GPU)
INFO: VAO: [ID 222] Unloaded vertex array data from VRAM (GPU)
INFO: VAO: [ID 211] Unloaded vertex array data from VRAM (GPU)
INFO: VAO: [ID 500] Unloaded vertex array data from VRAM (GPU)
INFO: VAO: [ID 526] Unloaded vertex array data from VRAM (GPU)
INFO: VAO: [ID 66] Unloaded vertex array data from VRAM (GPU)
INFO: VAO: [ID 492] Unloaded vertex array data from VRAM (GPU)
INFO: VAO: [ID 485] Unloaded vertex array data from VRAM (GPU)
INFO: VAO: [ID 491] Unloaded vertex array data from VRAM (GPU)
INFO: VAO: [ID 207] Unloaded vertex array data from VRAM (GPU)
INFO: VAO: [ID 308] Unloaded vertex array data from VRAM (GPU)
INFO: VAO: [ID 238] Unloaded vertex array data from VRAM (GPU)
INFO: VAO: [ID 527] Unloaded vertex array data from VRAM (GPU)
INFO: VAO: [ID 484] Unloaded vertex array data from VRAM (GPU)
INFO: VAO: [ID 490] Unloaded vertex array data from VRAM (GPU)
INFO: VAO: [ID 489] Unloaded vertex array data from VRAM (GPU)
INFO: VAO: [ID 483] Unloaded vertex array data from VRAM (GPU)
INFO: VAO: [ID 488] Unloaded vertex array data from VRAM (GPU)
INFO: VAO: [ID 487] Unloaded vertex array data from VRAM (GPU)
INFO: VAO: [ID 486] Unloaded vertex array data from VRAM (GPU)
INFO: VAO: [ID 495] Unloaded vertex array data from VRAM (GPU)
INFO: VAO: [ID 494] Unloaded vertex array data from VRAM (GPU)
INFO: VAO: [ID 67] Unloaded vertex array data from VRAM (GPU)
INFO: VAO: [ID 493] Unloaded vertex array data from VRAM (GPU)
INFO: VAO: [ID 208] Unloaded vertex array data from VRAM (GPU)
INFO: VAO: [ID 356] Unloaded vertex array data from VRAM (GPU)
INFO: VAO: [ID 307] Unloaded vertex array data from VRAM (GPU)
INFO: VAO: [ID 60] Unloaded vertex array data from VRAM (GPU)
INFO: VAO: [ID 199] Unloaded vertex array data from VRAM (GPU)
INFO: VAO: [ID 561] Unloaded vertex array data from VRAM (GPU)
INFO: VAO: [ID 288] Unloaded vertex array data from VRAM (GPU)
INFO: VAO: [ID 234] Unloaded vertex array data from VRAM (GPU)
INFO: VAO: [ID 440] Unloaded vertex array data from VRAM (GPU)
INFO: VAO: [ID 171] Unloaded vertex array data from VRAM (GPU)
INFO: VAO: [ID 150] Unloaded vertex array data from VRAM (GPU)
INFO: VAO: [ID 404] Unloaded vertex array data from VRAM (GPU)
INFO: VAO: [ID 588] Unloaded vertex array data from VRAM (GPU)
INFO: VAO: [ID 589] Unloaded vertex array data from VRAM (GPU)
INFO: VAO: [ID 590] Unloaded vertex array data from VRAM (GPU)
INFO: VAO: [ID 591] Unloaded vertex array data from VRAM (GPU)
INFO: VAO: [ID 592] Unloaded vertex array data from VRAM (GPU)
INFO: VAO: [ID 593] Unloaded vertex array data from VRAM (GPU)
INFO: VAO: [ID 608] Unloaded vertex array data from VRAM (GPU)
INFO: VAO: [ID 610] Unloaded vertex array data from VRAM (GPU)
INFO: VAO: [ID 239] Unloaded vertex array data from VRAM (GPU)
INFO: VAO: [ID 528] Unloaded vertex array data from VRAM (GPU)
INFO: VAO: [ID 439] Unloaded vertex array data from VRAM (GPU)
INFO: VAO: [ID 438] Unloaded vertex array data from VRAM (GPU)
INFO: VAO: [ID 420] Unloaded vertex array data from VRAM (GPU)
INFO: VAO: [ID 419] Unloaded vertex array data from VRAM (GPU)
INFO: VAO: [ID 418] Unloaded vertex array data from VRAM (GPU)
INFO: VAO: [ID 417] Unloaded vertex array data from VRAM (GPU)
INFO: VAO: [ID 209] Unloaded vertex array data from VRAM (GPU)
INFO: VAO: [ID 416] Unloaded vertex array data from VRAM (GPU)
INFO: VAO: [ID 415] Unloaded vertex array data from VRAM (GPU)
INFO: VAO: [ID 414] Unloaded vertex array data from VRAM (GPU)
INFO: VAO: [ID 413] Unloaded vertex array data from VRAM (GPU)
INFO: VAO: [ID 412] Unloaded vertex array data from VRAM (GPU)
INFO: VAO: [ID 411] Unloaded vertex array data from VRAM (GPU)
INFO: VAO: [ID 410] Unloaded vertex array data from VRAM (GPU)
INFO: VAO: [ID 309] Unloaded vertex array data from VRAM (GPU)
INFO: VAO: [ID 83] Unloaded vertex array data from VRAM (GPU)
INFO: VAO: [ID 357] Unloaded vertex array data from VRAM (GPU)
INFO: VAO: [ID 248] Unloaded vertex array data from VRAM (GPU)
INFO: VAO: [ID 529] Unloaded vertex array data from VRAM (GPU)
INFO: VAO: [ID 210] Unloaded vertex array data from VRAM (GPU)
INFO: VAO: [ID 403] Unloaded vertex array data from VRAM (GPU)
INFO: VAO: [ID 402] Unloaded vertex array data from VRAM (GPU)
INFO: VAO: [ID 401] Unloaded vertex array data from VRAM (GPU)
INFO: VAO: [ID 383] Unloaded vertex array data from VRAM (GPU)
INFO: VAO: [ID 365] Unloaded vertex array data from VRAM (GPU)
INFO: VAO: [ID 364] Unloaded vertex array data from VRAM (GPU)
INFO: VAO: [ID 363] Unloaded vertex array data from VRAM (GPU)
INFO: VAO: [ID 362] Unloaded vertex array data from VRAM (GPU)
INFO: VAO: [ID 361] Unloaded vertex array data from VRAM (GPU)
INFO: VAO: [ID 360] Unloaded vertex array data from VRAM (GPU)
INFO: VAO: [ID 359] Unloaded vertex array data from VRAM (GPU)
INFO: VAO: [ID 310] Unloaded vertex array data from VRAM (GPU)
INFO: VAO: [ID 358] Unloaded vertex array data from VRAM (GPU)
INFO: VAO: [ID 84] Unloaded vertex array data from VRAM (GPU)
INFO: VAO: [ID 530] Unloaded vertex array data from VRAM (GPU)
INFO: VAO: [ID 355] Unloaded vertex array data from VRAM (GPU)
INFO: VAO: [ID 49] Unloaded vertex array data from VRAM (GPU)
INFO: VAO: [ID 198] Unloaded vertex array data from VRAM (GPU)
INFO: VAO: [ID 559] Unloaded vertex array data from VRAM (GPU)
INFO: VAO: [ID 249] Unloaded vertex array data from VRAM (GPU)
INFO: VAO: [ID 287] Unloaded vertex array data from VRAM (GPU)
INFO: VAO: [ID 306] Unloaded vertex array data from VRAM (GPU)
INFO: VAO: [ID 233] Unloaded vertex array data from VRAM (GPU)
INFO: VAO: [ID 154] Unloaded vertex array data from VRAM (GPU)
INFO: VAO: [ID 153] Unloaded vertex array data from VRAM (GPU)
INFO: VAO: [ID 136] Unloaded vertex array data from VRAM (GPU)
INFO: VAO: [ID 135] Unloaded vertex array data from VRAM (GPU)
INFO: VAO: [ID 118] Unloaded vertex array data from VRAM (GPU)
INFO: VAO: [ID 117] Unloaded vertex array data from VRAM (GPU)
INFO: VAO: [ID 100] Unloaded vertex array data from VRAM (GPU)
INFO: VAO: [ID 99] Unloaded vertex array data from VRAM (GPU)
INFO: VAO: [ID 82] Unloaded vertex array data from VRAM (GPU)
INFO: VAO: [ID 81] Unloaded vertex array data from VRAM (GPU)
INFO: VAO: [ID 64] Unloaded vertex array data from VRAM (GPU)
INFO: VAO: [ID 396] Unloaded vertex array data from VRAM (GPU)
INFO: VAO: [ID 395] Unloaded vertex array data from VRAM (GPU)
INFO: VAO: [ID 134] Unloaded vertex array data from VRAM (GPU)
INFO: VAO: [ID 336] Unloaded vertex array data from VRAM (GPU)
INFO: VAO: [ID 311] Unloaded vertex array data from VRAM (GPU)
INFO: VAO: [ID 567] Unloaded vertex array data from VRAM (GPU)
INFO: VAO: [ID 568] Unloaded vertex array data from VRAM (GPU)
INFO: VAO: [ID 569] Unloaded vertex array data from VRAM (GPU)
INFO: VAO: [ID 570] Unloaded vertex array data from VRAM (GPU)
INFO: VAO: [ID 85] Unloaded vertex array data from VRAM (GPU)
INFO: VAO: [ID 63] Unloaded vertex array data from VRAM (GPU)
INFO: VAO: [ID 586] Unloaded vertex array data from VRAM (GPU)
INFO: VAO: [ID 587] Unloaded vertex array data from VRAM (GPU)
INFO: VAO: [ID 607] Unloaded vertex array data from VRAM (GPU)
INFO: VAO: [ID 609] Unloaded vertex array data from VRAM (GPU)
INFO: VAO: [ID 223] Unloaded vertex array data from VRAM (GPU)
INFO: VAO: [ID 453] Unloaded vertex array data from VRAM (GPU)
INFO: VAO: [ID 250] Unloaded vertex array data from VRAM (GPU)
INFO: VAO: [ID 558] Unloaded vertex array data from VRAM (GPU)
INFO: VAO: [ID 536] Unloaded vertex array data from VRAM (GPU)
INFO: VAO: [ID 535] Unloaded vertex array data from VRAM (GPU)
INFO: VAO: [ID 514] Unloaded vertex array data from VRAM (GPU)
INFO: VAO: [ID 513] Unloaded vertex array data from VRAM (GPU)
INFO: VAO: [ID 206] Unloaded vertex array data from VRAM (GPU)
INFO: VAO: [ID 205] Unloaded vertex array data from VRAM (GPU)
INFO: VAO: [ID 204] Unloaded vertex array data from VRAM (GPU)
INFO: VAO: [ID 188] Unloaded vertex array data from VRAM (GPU)
INFO: VAO: [ID 187] Unloaded vertex array data from VRAM (GPU)
INFO: VAO: [ID 186] Unloaded vertex array data from VRAM (GPU)
INFO: VAO: [ID 101] Unloaded vertex array data from VRAM (GPU)
INFO: VAO: [ID 397] Unloaded vertex array data from VRAM (GPU)
INFO: VAO: [ID 531] Unloaded vertex array data from VRAM (GPU)
INFO: VAO: [ID 312] Unloaded vertex array data from VRAM (GPU)
INFO: VAO: [ID 337] Unloaded vertex array data from VRAM (GPU)
INFO: VAO: [ID 224] Unloaded vertex array data from VRAM (GPU)
INFO: VAO: [ID 577] Unloaded vertex array data from VRAM (GPU)
INFO: VAO: [ID 48] Unloaded vertex array data from VRAM (GPU)
INFO: VAO: [ID 197] Unloaded vertex array data from VRAM (GPU)
INFO: VAO: [ID 251] Unloaded vertex array data from VRAM (GPU)
INFO: VAO: [ID 34] Unloaded vertex array data from VRAM (GPU)
INFO: VAO: [ID 286] Unloaded vertex array data from VRAM (GPU)
INFO: VAO: [ID 33] Unloaded vertex array data from VRAM (GPU)
INFO: VAO: [ID 305] Unloaded vertex array data from VRAM (GPU)
INFO: VAO: [ID 32] Unloaded vertex array data from VRAM (GPU)
INFO: VAO: [ID 354] Unloaded vertex array data from VRAM (GPU)
INFO: VAO: [ID 31] Unloaded vertex array data from VRAM (GPU)
INFO: VAO: [ID 232] Unloaded vertex array data from VRAM (GPU)
INFO: VAO: [ID 30] Unloaded vertex array data from VRAM (GPU)
INFO: VAO: [ID 398] Unloaded vertex array data from VRAM (GPU)
INFO: VAO: [ID 29] Unloaded vertex array data from VRAM (GPU)
INFO: VAO: [ID 28] Unloaded vertex array data from VRAM (GPU)
INFO: VAO: [ID 115] Unloaded vertex array data from VRAM (GPU)
INFO: VAO: [ID 114] Unloaded vertex array data from VRAM (GPU)
INFO: VAO: [ID 98] Unloaded vertex array data from VRAM (GPU)
INFO: VAO: [ID 27] Unloaded vertex array data from VRAM (GPU)
INFO: VAO: [ID 102] Unloaded vertex array data from VRAM (GPU)
INFO: VAO: [ID 97] Unloaded vertex array data from VRAM (GPU)
INFO: VAO: [ID 96] Unloaded vertex array data from VRAM (GPU)
INFO: VAO: [ID 313] Unloaded vertex array data from VRAM (GPU)
INFO: VAO: [ID 394] Unloaded vertex array data from VRAM (GPU)
INFO: VAO: [ID 532] Unloaded vertex array data from VRAM (GPU)
INFO: VAO: [ID 80] Unloaded vertex array data from VRAM (GPU)
INFO: VAO: [ID 79] Unloaded vertex array data from VRAM (GPU)
INFO: VAO: [ID 474] Unloaded vertex array data from VRAM (GPU)
INFO: VAO: [ID 78] Unloaded vertex array data from VRAM (GPU)
INFO: VAO: [ID 473] Unloaded vertex array data from VRAM (GPU)
INFO: VAO: [ID 338] Unloaded vertex array data from VRAM (GPU)
INFO: VAO: [ID 133] Unloaded vertex array data from VRAM (GPU)
INFO: VAO: [ID 132] Unloaded vertex array data from VRAM (GPU)
INFO: VAO: [ID 116] Unloaded vertex array data from VRAM (GPU)
INFO: VAO: [ID 225] Unloaded vertex array data from VRAM (GPU)
INFO: VAO: [ID 452] Unloaded vertex array data from VRAM (GPU)
INFO: VAO: [ID 399] Unloaded vertex array data from VRAM (GPU)
INFO: VAO: [ID 50] Unloaded vertex array data from VRAM (GPU)
INFO: VAO: [ID 51] Unloaded vertex array data from VRAM (GPU)
INFO: VAO: [ID 52] Unloaded vertex array data from VRAM (GPU)
INFO: VAO: [ID 53] Unloaded vertex array data from VRAM (GPU)
INFO: VAO: [ID 54] Unloaded vertex array data from VRAM (GPU)
INFO: VAO: [ID 55] Unloaded vertex array data from VRAM (GPU)
INFO: VAO: [ID 56] Unloaded vertex array data from VRAM (GPU)
INFO: VAO: [ID 57] Unloaded vertex array data from VRAM (GPU)
INFO: VAO: [ID 58] Unloaded vertex array data from VRAM (GPU)
INFO: VAO: [ID 59] Unloaded vertex array data from VRAM (GPU)
INFO: VAO: [ID 103] Unloaded vertex array data from VRAM (GPU)
INFO: VAO: [ID 252] Unloaded vertex array data from VRAM (GPU)
INFO: VAO: [ID 314] Unloaded vertex array data from VRAM (GPU)
INFO: VAO: [ID 226] Unloaded vertex array data from VRAM (GPU)
INFO: VAO: [ID 533] Unloaded vertex array data from VRAM (GPU)
INFO: VAO: [ID 475] Unloaded vertex array data from VRAM (GPU)
INFO: VAO: [ID 339] Unloaded vertex array data from VRAM (GPU)
INFO: VAO: [ID 604] Unloaded vertex array data from VRAM (GPU)
INFO: VAO: [ID 603] Unloaded vertex array data from VRAM (GPU)
INFO: VAO: [ID 68] Unloaded vertex array data from VRAM (GPU)
INFO: VAO: [ID 69] Unloaded vertex array data from VRAM (GPU)
INFO: VAO: [ID 70] Unloaded vertex array data from VRAM (GPU)
INFO: VAO: [ID 71] Unloaded vertex array data from VRAM (GPU)
INFO: VAO: [ID 72] Unloaded vertex array data from VRAM (GPU)
INFO: VAO: [ID 73] Unloaded vertex array data from VRAM (GPU)
INFO: VAO: [ID 74] Unloaded vertex array data from VRAM (GPU)
INFO: VAO: [ID 75] Unloaded vertex array data from VRAM (GPU)
INFO: VAO: [ID 76] Unloaded vertex array data from VRAM (GPU)
INFO: VAO: [ID 77] Unloaded vertex array data from VRAM (GPU)
INFO: VAO: [ID 95] Unloaded vertex array data from VRAM (GPU)
INFO: VAO: [ID 113] Unloaded vertex array data from VRAM (GPU)
INFO: VAO: [ID 576] Unloaded vertex array data from VRAM (GPU)
INFO: VAO: [ID 131] Unloaded vertex array data from VRAM (GPU)
INFO: VAO: [ID 660] Unloaded vertex array data from VRAM (GPU)
INFO: VAO: [ID 149] Unloaded vertex array data from VRAM (GPU)
INFO: VAO: [ID 167] Unloaded vertex array data from VRAM (GPU)
INFO: VAO: [ID 185] Unloaded vertex array data from VRAM (GPU)
INFO: VAO: [ID 47] Unloaded vertex array data from VRAM (GPU)
INFO: VAO: [ID 119] Unloaded vertex array data from VRAM (GPU)
INFO: VAO: [ID 196] Unloaded vertex array data from VRAM (GPU)
INFO: VAO: [ID 253] Unloaded vertex array data from VRAM (GPU)
INFO: VAO: [ID 240] Unloaded vertex array data from VRAM (GPU)
INFO: VAO: [ID 285] Unloaded vertex array data from VRAM (GPU)
INFO: VAO: [ID 304] Unloaded vertex array data from VRAM (GPU)
INFO: VAO: [ID 476] Unloaded vertex array data from VRAM (GPU)
INFO: VAO: [ID 353] Unloaded vertex array data from VRAM (GPU)
INFO: VAO: [ID 231] Unloaded vertex array data from VRAM (GPU)
INFO: VAO: [ID 315] Unloaded vertex array data from VRAM (GPU)
INFO: VAO: [ID 393] Unloaded vertex array data from VRAM (GPU)
INFO: VAO: [ID 340] Unloaded vertex array data from VRAM (GPU)
INFO: VAO: [ID 534] Unloaded vertex array data from VRAM (GPU)
INFO: VAO: [ID 472] Unloaded vertex array data from VRAM (GPU)
INFO: VAO: [ID 451] Unloaded vertex array data from VRAM (GPU)
INFO: VAO: [ID 400] Unloaded vertex array data from VRAM (GPU)
INFO: VAO: [ID 27] Mesh uploaded successfully to VRAM (GPU)
INFO: VAO: [ID 28] Mesh uploaded successfully to VRAM (GPU)
INFO: VAO: [ID 29] Mesh uploaded successfully to VRAM (GPU)
INFO: VAO: [ID 30] Mesh uploaded successfully to VRAM (GPU)
INFO: VAO: [ID 31] Mesh uploaded successfully to VRAM (GPU)
INFO: VAO: [ID 32] Mesh uploaded successfully to VRAM (GPU)
INFO: VAO: [ID 33] Mesh uploaded successfully to VRAM (GPU)
INFO: VAO: [ID 34] Mesh uploaded successfully to VRAM (GPU)
INFO: VAO: [ID 47] Mesh uploaded successfully to VRAM (GPU)
INFO: VAO: [ID 48] Mesh uploaded successfully to VRAM (GPU)
INFO: VAO: [ID 49] Mesh uploaded successfully to VRAM (GPU)
INFO: VAO: [ID 50] Mesh uploaded successfully to VRAM (GPU)
INFO: VAO: [ID 51] Mesh uploaded successfully to VRAM (GPU)
INFO: VAO: [ID 52] Mesh uploaded successfully to VRAM (GPU)
INFO: VAO: [ID 53] Mesh uploaded successfully to VRAM (GPU)
INFO: VAO: [ID 54] Mesh uploaded successfully to VRAM (GPU)
INFO: VAO: [ID 55] Mesh uploaded successfully to VRAM (GPU)
INFO: VAO: [ID 56] Mesh uploaded successfully to VRAM (GPU)
INFO: VAO: [ID 57] Mesh uploaded successfully to VRAM (GPU)
INFO: VAO: [ID 58] Mesh uploaded successfully to VRAM (GPU)
INFO: VAO: [ID 59] Mesh uploaded successfully to VRAM (GPU)
INFO: VAO: [ID 60] Mesh uploaded successfully to VRAM (GPU)
INFO: VAO: [ID 61] Mesh uploaded successfully to VRAM (GPU)
INFO: VAO: [ID 62] Mesh uploaded successfully to VRAM (GPU)
INFO: VAO: [ID 63] Mesh uploaded successfully to VRAM (GPU)
INFO: VAO: [ID 64] Mesh uploaded successfully to VRAM (GPU)
INFO: VAO: [ID 65] Mesh uploaded successfully to VRAM (GPU)
INFO: VAO: [ID 66] Mesh uploaded successfully to VRAM (GPU)
INFO: VAO: [ID 67] Mesh uploaded successfully to VRAM (GPU)
INFO: VAO: [ID 68] Mesh uploaded successfully to VRAM (GPU)
INFO: VAO: [ID 69] Mesh uploaded successfully to VRAM (GPU)
INFO: VAO: [ID 70] Mesh uploaded successfully to VRAM (GPU)
INFO: VAO: [ID 71] Mesh uploaded successfully to VRAM (GPU)
INFO: VAO: [ID 72] Mesh uploaded successfully to VRAM (GPU)
INFO: VAO: [ID 73] Mesh uploaded successfully to VRAM (GPU)
INFO: VAO: [ID 74] Mesh uploaded successfully to VRAM (GPU)
INFO: VAO: [ID 75] Mesh uploaded successfully to VRAM (GPU)
INFO: VAO: [ID 76] Mesh uploaded successfully to VRAM (GPU)
INFO: VAO: [ID 77] Mesh uploaded successfully to VRAM (GPU)
INFO: VAO: [ID 78] Mesh uploaded successfully to VRAM (GPU)
INFO: VAO: [ID 79] Mesh uploaded successfully to VRAM (GPU)
INFO: VAO: [ID 80] Mesh uploaded successfully to VRAM (GPU)
INFO: VAO: [ID 81] Mesh uploaded successfully to VRAM (GPU)
INFO: VAO: [ID 82] Mesh uploaded successfully to VRAM (GPU)
INFO: VAO: [ID 83] Mesh uploaded successfully to VRAM (GPU)
INFO: VAO: [ID 84] Mesh uploaded successfully to VRAM (GPU)
INFO: VAO: [ID 85] Mesh uploaded successfully to VRAM (GPU)
INFO: VAO: [ID 95] Mesh uploaded successfully to VRAM (GPU)
INFO: VAO: [ID 96] Mesh uploaded successfully to VRAM (GPU)
INFO: VAO: [ID 97] Mesh uploaded successfully to VRAM (GPU)
INFO: VAO: [ID 98] Mesh uploaded successfully to VRAM (GPU)
INFO: VAO: [ID 99] Mesh uploaded successfully to VRAM (GPU)
INFO: VAO: [ID 100] Mesh uploaded successfully to VRAM (GPU)
INFO: VAO: [ID 101] Mesh uploaded successfully to VRAM (GPU)
INFO: VAO: [ID 102] Mesh uploaded successfully to VRAM (GPU)
INFO: VAO: [ID 103] Mesh uploaded successfully to VRAM (GPU)
INFO: VAO: [ID 113] Mesh uploaded successfully to VRAM (GPU)
INFO: VAO: [ID 114] Mesh uploaded successfully to VRAM (GPU)
INFO: VAO: [ID 115] Mesh uploaded successfully to VRAM (GPU)
INFO: VAO: [ID 116] Mesh uploaded successfully to VRAM (GPU)
INFO: VAO: [ID 117] Mesh uploaded successfully to VRAM (GPU)
INFO: VAO: [ID 118] Mesh uploaded successfully to VRAM (GPU)
INFO: VAO: [ID 119] Mesh uploaded successfully to VRAM (GPU)
INFO: VAO: [ID 131] Mesh uploaded successfully to VRAM (GPU)
INFO: VAO: [ID 132] Mesh uploaded successfully to VRAM (GPU)
INFO: VAO: [ID 133] Mesh uploaded successfully to VRAM (GPU)
INFO: VAO: [ID 134] Mesh uploaded successfully to VRAM (GPU)
INFO: VAO: [ID 135] Mesh uploaded successfully to VRAM (GPU)
INFO: VAO: [ID 136] Mesh uploaded successfully to VRAM (GPU)
INFO: VAO: [ID 149] Mesh uploaded successfully to VRAM (GPU)
INFO: VAO: [ID 150] Mesh uploaded successfully to VRAM (GPU)
INFO: VAO: [ID 151] Mesh uploaded successfully to VRAM (GPU)
INFO: VAO: [ID 152] Mesh uploaded successfully to VRAM (GPU)
INFO: VAO: [ID 153] Mesh uploaded successfully to VRAM (GPU)
INFO: VAO: [ID 154] Mesh uploaded successfully to VRAM (GPU)
INFO: VAO: [ID 167] Mesh uploaded successfully to VRAM (GPU)
INFO: VAO: [ID 171] Mesh uploaded successfully to VRAM (GPU)
INFO: VAO: [ID 172] Mesh uploaded successfully to VRAM (GPU)
INFO: VAO: [ID 185] Mesh uploaded successfully to VRAM (GPU)
INFO: VAO: [ID 186] Mesh uploaded successfully to VRAM (GPU)
INFO: VAO: [ID 187] Mesh uploaded successfully to VRAM (GPU)
INFO: VAO: [ID 188] Mesh uploaded successfully to VRAM (GPU)
INFO: VAO: [ID 189] Mesh uploaded successfully to VRAM (GPU)
INFO: VAO: [ID 196] Mesh uploaded successfully to VRAM (GPU)
INFO: VAO: [ID 197] Mesh uploaded successfully to VRAM (GPU)
INFO: VAO: [ID 198] Mesh uploaded successfully to VRAM (GPU)
INFO: VAO: [ID 199] Mesh uploaded successfully to VRAM (GPU)
INFO: VAO: [ID 200] Mesh uploaded successfully to VRAM (GPU)
INFO: VAO: [ID 201] Mesh uploaded successfully to VRAM (GPU)
INFO: VAO: [ID 204] Mesh uploaded successfully to VRAM (GPU)
INFO: VAO: [ID 205] Mesh uploaded successfully to VRAM (GPU)
INFO: VAO: [ID 206] Mesh uploaded successfully to VRAM (GPU)
INFO: VAO: [ID 207] Mesh uploaded successfully to VRAM (GPU)
INFO: VAO: [ID 679] Unloaded vertex array data from VRAM (GPU)
INFO: VAO: [ID 208] Mesh uploaded successfully to VRAM (GPU)
INFO: VAO: [ID 209] Mesh uploaded successfully to VRAM (GPU)
INFO: VAO: [ID 210] Mesh uploaded successfully to VRAM (GPU)
INFO: VAO: [ID 211] Mesh uploaded successfully to VRAM (GPU)
INFO: VAO: [ID 222] Mesh uploaded successfully to VRAM (GPU)
INFO: VAO: [ID 223] Mesh uploaded successfully to VRAM (GPU)
INFO: VAO: [ID 224] Mesh uploaded successfully to VRAM (GPU)
INFO: VAO: [ID 225] Mesh uploaded successfully to VRAM (GPU)
INFO: VAO: [ID 226] Mesh uploaded successfully to VRAM (GPU)
INFO: VAO: [ID 227] Mesh uploaded successfully to VRAM (GPU)
INFO: VAO: [ID 228] Mesh uploaded successfully to VRAM (GPU)
INFO: VAO: [ID 229] Mesh uploaded successfully to VRAM (GPU)
INFO: VAO: [ID 231] Mesh uploaded successfully to VRAM (GPU)
INFO: VAO: [ID 232] Mesh uploaded successfully to VRAM (GPU)
INFO: VAO: [ID 233] Mesh uploaded successfully to VRAM (GPU)
INFO: VAO: [ID 234] Mesh uploaded successfully to VRAM (GPU)
INFO: VAO: [ID 235] Mesh uploaded successfully to VRAM (GPU)
INFO: VAO: [ID 236] Mesh uploaded successfully to VRAM (GPU)
INFO: VAO: [ID 237] Mesh uploaded successfully to VRAM (GPU)
INFO: VAO: [ID 238] Mesh uploaded successfully to VRAM (GPU)
INFO: VAO: [ID 239] Mesh uploaded successfully to VRAM (GPU)
INFO: VAO: [ID 240] Mesh uploaded successfully to VRAM (GPU)
INFO: VAO: [ID 245] Mesh uploaded successfully to VRAM (GPU)
INFO: VAO: [ID 246] Mesh uploaded successfully to VRAM (GPU)
INFO: VAO: [ID 247] Mesh uploaded successfully to VRAM (GPU)
INFO: VAO: [ID 248] Mesh uploaded successfully to VRAM (GPU)
INFO: VAO: [ID 249] Mesh uploaded successfully to VRAM (GPU)
INFO: VAO: [ID 250] Mesh uploaded successfully to VRAM (GPU)
INFO: VAO: [ID 251] Mesh uploaded successfully to VRAM (GPU)
INFO: VAO: [ID 252] Mesh uploaded successfully to VRAM (GPU)
INFO: VAO: [ID 253] Mesh uploaded successfully to VRAM (GPU)
INFO: VAO: [ID 263] Mesh uploaded successfully to VRAM (GPU)
INFO: VAO: [ID 264] Mesh uploaded successfully to VRAM (GPU)
INFO: VAO: [ID 265] Mesh uploaded successfully to VRAM (GPU)
INFO: VAO: [ID 281] Mesh uploaded successfully to VRAM (GPU)
INFO: VAO: [ID 282] Mesh uploaded successfully to VRAM (GPU)
INFO: VAO: [ID 283] Mesh uploaded successfully to VRAM (GPU)
INFO: VAO: [ID 285] Mesh uploaded successfully to VRAM (GPU)
INFO: VAO: [ID 286] Mesh uploaded successfully to VRAM (GPU)
INFO: VAO: [ID 287] Mesh uploaded successfully to VRAM (GPU)
INFO: VAO: [ID 288] Mesh uploaded successfully to VRAM (GPU)
INFO: VAO: [ID 289] Mesh uploaded successfully to VRAM (GPU)
INFO: VAO: [ID 304] Mesh uploaded successfully to VRAM (GPU)
INFO: VAO: [ID 305] Mesh uploaded successfully to VRAM (GPU)
INFO: VAO: [ID 306] Mesh uploaded successfully to VRAM (GPU)
INFO: VAO: [ID 307] Mesh uploaded successfully to VRAM (GPU)
INFO: VAO: [ID 308] Mesh uploaded successfully to VRAM (GPU)
INFO: VAO: [ID 309] Mesh uploaded successfully to VRAM (GPU)
INFO: VAO: [ID 310] Mesh uploaded successfully to VRAM (GPU)
INFO: VAO: [ID 311] Mesh uploaded successfully to VRAM (GPU)
INFO: VAO: [ID 312] Mesh uploaded successfully to VRAM (GPU)
INFO: VAO: [ID 313] Mesh uploaded successfully to VRAM (GPU)
INFO: VAO: [ID 314] Mesh uploaded successfully to VRAM (GPU)
INFO: VAO: [ID 315] Mesh uploaded successfully to VRAM (GPU)
INFO: VAO: [ID 336] Mesh uploaded successfully to VRAM (GPU)
INFO: VAO: [ID 337] Mesh uploaded successfully to VRAM (GPU)
INFO: VAO: [ID 338] Mesh uploaded successfully to VRAM (GPU)
INFO: VAO: [ID 339] Mesh uploaded successfully to VRAM (GPU)
INFO: VAO: [ID 340] Mesh uploaded successfully to VRAM (GPU)
INFO: VAO: [ID 353] Mesh uploaded successfully to VRAM (GPU)
INFO: VAO: [ID 354] Mesh uploaded successfully to VRAM (GPU)
INFO: VAO: [ID 355] Mesh uploaded successfully to VRAM (GPU)
INFO: VAO: [ID 356] Mesh uploaded successfully to VRAM (GPU)
INFO: VAO: [ID 357] Mesh uploaded successfully to VRAM (GPU)
INFO: VAO: [ID 358] Mesh uploaded successfully to VRAM (GPU)
INFO: VAO: [ID 359] Mesh uploaded successfully to VRAM (GPU)
INFO: VAO: [ID 360] Mesh uploaded successfully to VRAM (GPU)
INFO: VAO: [ID 361] Mesh uploaded successfully to VRAM (GPU)
INFO: VAO: [ID 362] Mesh uploaded successfully to VRAM (GPU)
INFO: VAO: [ID 363] Mesh uploaded successfully to VRAM (GPU)
INFO: VAO: [ID 364] Mesh uploaded successfully to VRAM (GPU)
INFO: VAO: [ID 365] Mesh uploaded successfully to VRAM (GPU)
INFO: VAO: [ID 366] Mesh uploaded successfully to VRAM (GPU)
INFO: VAO: [ID 367] Mesh uploaded successfully to VRAM (GPU)
INFO: VAO: [ID 368] Mesh uploaded successfully to VRAM (GPU)
INFO: VAO: [ID 369] Mesh uploaded successfully to VRAM (GPU)
INFO: VAO: [ID 370] Mesh uploaded successfully to VRAM (GPU)
INFO: VAO: [ID 371] Mesh uploaded successfully to VRAM (GPU)
INFO: VAO: [ID 372] Mesh uploaded successfully to VRAM (GPU)
INFO: VAO: [ID 373] Mesh uploaded successfully to VRAM (GPU)
INFO: VAO: [ID 374] Mesh uploaded successfully to VRAM (GPU)
INFO: VAO: [ID 375] Mesh uploaded successfully to VRAM (GPU)
INFO: VAO: [ID 376] Mesh uploaded successfully to VRAM (GPU)
INFO: VAO: [ID 383] Mesh uploaded successfully to VRAM (GPU)
INFO: VAO: [ID 393] Mesh uploaded successfully to VRAM (GPU)
INFO: VAO: [ID 394] Mesh uploaded successfully to VRAM (GPU)
INFO: VAO: [ID 395] Mesh uploaded successfully to VRAM (GPU)
INFO: VAO: [ID 396] Mesh uploaded successfully to VRAM (GPU)
INFO: VAO: [ID 397] Mesh uploaded successfully to VRAM (GPU)
INFO: VAO: [ID 398] Mesh uploaded successfully to VRAM (GPU)
INFO: VAO: [ID 399] Mesh uploaded successfully to VRAM (GPU)
INFO: VAO: [ID 400] Mesh uploaded successfully to VRAM (GPU)
INFO: VAO: [ID 401] Mesh uploaded successfully to VRAM (GPU)
INFO: VAO: [ID 402] Mesh uploaded successfully to VRAM (GPU)
INFO: VAO: [ID 403] Mesh uploaded successfully to VRAM (GPU)
INFO: VAO: [ID 683] Unloaded vertex array data from VRAM (GPU)
INFO: VAO: [ID 682] Unloaded vertex array data from VRAM (GPU)
INFO: VAO: [ID 681] Unloaded vertex array data from VRAM (GPU)
INFO: VAO: [ID 680] Unloaded vertex array data from VRAM (GPU)
INFO: VAO: [ID 57] Unloaded vertex array data from VRAM (GPU)
INFO: VAO: [ID 56] Unloaded vertex array data from VRAM (GPU)
INFO: VAO: [ID 55] Unloaded vertex array data from VRAM (GPU)
INFO: VAO: [ID 54] Unloaded vertex array data from VRAM (GPU)
INFO: VAO: [ID 53] Unloaded vertex array data from VRAM (GPU)
INFO: VAO: [ID 52] Unloaded vertex array data from VRAM (GPU)
INFO: VAO: [ID 51] Unloaded vertex array data from VRAM (GPU)
INFO: VAO: [ID 50] Unloaded vertex array data from VRAM (GPU)
INFO: VAO: [ID 49] Unloaded vertex array data from VRAM (GPU)
INFO: VAO: [ID 48] Unloaded vertex array data from VRAM (GPU)
INFO: VAO: [ID 47] Unloaded vertex array data from VRAM (GPU)
INFO: VAO: [ID 34] Unloaded vertex array data from VRAM (GPU)
INFO: VAO: [ID 685] Unloaded vertex array data from VRAM (GPU)
INFO: VAO: [ID 33] Unloaded vertex array data from VRAM (GPU)
INFO: VAO: [ID 32] Unloaded vertex array data from VRAM (GPU)
INFO: VAO: [ID 31] Unloaded vertex array data from VRAM (GPU)
INFO: VAO: [ID 684] Unloaded vertex array data from VRAM (GPU)
INFO: VAO: [ID 30] Unloaded vertex array data from VRAM (GPU)
INFO: VAO: [ID 29] Unloaded vertex array data from VRAM (GPU)
INFO: VAO: [ID 28] Unloaded vertex array data from VRAM (GPU)
INFO: VAO: [ID 27] Unloaded vertex array data from VRAM (GPU)
INFO: VAO: [ID 687] Unloaded vertex array data from VRAM (GPU)
INFO: VAO: [ID 688] Unloaded vertex array data from VRAM (GPU)
INFO: VAO: [ID 689] Unloaded vertex array data from VRAM (GPU)
INFO: VAO: [ID 690] Unloaded vertex array data from VRAM (GPU)
INFO: VAO: [ID 691] Unloaded vertex array data from VRAM (GPU)
INFO: VAO: [ID 692] Unloaded vertex array data from VRAM (GPU)
INFO: VAO: [ID 693] Unloaded vertex array data from VRAM (GPU)
INFO: VAO: [ID 694] Unloaded vertex array data from VRAM (GPU)
INFO: VAO: [ID 695] Unloaded vertex array data from VRAM (GPU)
INFO: VAO: [ID 696] Unloaded vertex array data from VRAM (GPU)
INFO: VAO: [ID 697] Unloaded vertex array data from VRAM (GPU)
INFO: VAO: [ID 698] Unloaded vertex array data from VRAM (GPU)
INFO: VAO: [ID 27] Mesh uploaded successfully to VRAM (GPU)
INFO: VAO: [ID 28] Mesh uploaded successfully to VRAM (GPU)
INFO: VAO: [ID 29] Mesh uploaded successfully to VRAM (GPU)
INFO: VAO: [ID 30] Mesh uploaded successfully to VRAM (GPU)
INFO: VAO: [ID 31] Mesh uploaded successfully to VRAM (GPU)
INFO: VAO: [ID 32] Mesh uploaded successfully to VRAM (GPU)
INFO: VAO: [ID 33] Mesh uploaded successfully to VRAM (GPU)
INFO: VAO: [ID 34] Mesh uploaded successfully to VRAM (GPU)
INFO: VAO: [ID 47] Mesh uploaded successfully to VRAM (GPU)
INFO: VAO: [ID 48] Mesh uploaded successfully to VRAM (GPU)
INFO: VAO: [ID 49] Mesh uploaded successfully to VRAM (GPU)
INFO: VAO: [ID 50] Mesh uploaded successfully to VRAM (GPU)
INFO: VAO: [ID 51] Mesh uploaded successfully to VRAM (GPU)
INFO: VAO: [ID 52] Mesh uploaded successfully to VRAM (GPU)
INFO: VAO: [ID 53] Mesh uploaded successfully to VRAM (GPU)
INFO: VAO: [ID 54] Mesh uploaded successfully to VRAM (GPU)
INFO: VAO: [ID 55] Mesh uploaded successfully to VRAM (GPU)
INFO: VAO: [ID 56] Mesh uploaded successfully to VRAM (GPU)
INFO: VAO: [ID 57] Mesh uploaded successfully to VRAM (GPU)
INFO: VAO: [ID 404] Mesh uploaded successfully to VRAM (GPU)
INFO: VAO: [ID 405] Mesh uploaded successfully to VRAM (GPU)
INFO: VAO: [ID 406] Mesh uploaded successfully to VRAM (GPU)
INFO: VAO: [ID 407] Mesh uploaded successfully to VRAM (GPU)
INFO: VAO: [ID 410] Mesh uploaded successfully to VRAM (GPU)
INFO: VAO: [ID 411] Mesh uploaded successfully to VRAM (GPU)
INFO: VAO: [ID 412] Mesh uploaded successfully to VRAM (GPU)
INFO: VAO: [ID 413] Mesh uploaded successfully to VRAM (GPU)
INFO: VAO: [ID 414] Mesh uploaded successfully to VRAM (GPU)
INFO: VAO: [ID 415] Mesh uploaded successfully to VRAM (GPU)
INFO: VAO: [ID 416] Mesh uploaded successfully to VRAM (GPU)
INFO: VAO: [ID 417] Mesh uploaded successfully to VRAM (GPU)
INFO: VAO: [ID 418] Mesh uploaded successfully to VRAM (GPU)
INFO: VAO: [ID 419] Mesh uploaded successfully to VRAM (GPU)
INFO: VAO: [ID 420] Mesh uploaded successfully to VRAM (GPU)
INFO: VAO: [ID 438] Mesh uploaded successfully to VRAM (GPU)
INFO: VAO: [ID 439] Mesh uploaded successfully to VRAM (GPU)
INFO: VAO: [ID 440] Mesh uploaded successfully to VRAM (GPU)
INFO: VAO: [ID 451] Mesh uploaded successfully to VRAM (GPU)
INFO: VAO: [ID 452] Mesh uploaded successfully to VRAM (GPU)
INFO: VAO: [ID 662] Unloaded vertex array data from VRAM (GPU)
INFO: VAO: [ID 661] Unloaded vertex array data from VRAM (GPU)
INFO: VAO: [ID 664] Unloaded vertex array data from VRAM (GPU)
INFO: VAO: [ID 663] Unloaded vertex array data from VRAM (GPU)
INFO: VAO: [ID 606] Unloaded vertex array data from VRAM (GPU)
INFO: VAO: [ID 605] Unloaded vertex array data from VRAM (GPU)
INFO: VAO: [ID 642] Unloaded vertex array data from VRAM (GPU)
INFO: VAO: [ID 641] Unloaded vertex array data from VRAM (GPU)
INFO: VAO: [ID 640] Unloaded vertex array data from VRAM (GPU)
INFO: VAO: [ID 639] Unloaded vertex array data from VRAM (GPU)
INFO: VAO: [ID 638] Unloaded vertex array data from VRAM (GPU)
INFO: VAO: [ID 629] Unloaded vertex array data from VRAM (GPU)
INFO: VAO: [ID 628] Unloaded vertex array data from VRAM (GPU)
INFO: VAO: [ID 627] Unloaded vertex array data from VRAM (GPU)
INFO: VAO: [ID 626] Unloaded vertex array data from VRAM (GPU)
INFO: VAO: [ID 625] Unloaded vertex array data from VRAM (GPU)
INFO: VAO: [ID 624] Unloaded vertex array data from VRAM (GPU)
INFO: VAO: [ID 623] Unloaded vertex array data from VRAM (GPU)
INFO: VAO: [ID 622] Unloaded vertex array data from VRAM (GPU)
INFO: VAO: [ID 621] Unloaded vertex array data from VRAM (GPU)
INFO: VAO: [ID 77] Unloaded vertex array data from VRAM (GPU)
INFO: VAO: [ID 620] Unloaded vertex array data from VRAM (GPU)
INFO: VAO: [ID 619] Unloaded vertex array data from VRAM (GPU)
INFO: VAO: [ID 102] Unloaded vertex array data from VRAM (GPU)
INFO: VAO: [ID 101] Unloaded vertex array data from VRAM (GPU)
INFO: VAO: [ID 100] Unloaded vertex array data from VRAM (GPU)
INFO: VAO: [ID 99] Unloaded vertex array data from VRAM (GPU)
INFO: VAO: [ID 98] Unloaded vertex array data from VRAM (GPU)
INFO: VAO: [ID 97] Unloaded vertex array data from VRAM (GPU)
INFO: VAO: [ID 96] Unloaded vertex array data from VRAM (GPU)
INFO: VAO: [ID 95] Unloaded vertex array data from VRAM (GPU)
INFO: VAO: [ID 85] Unloaded vertex array data from VRAM (GPU)
INFO: VAO: [ID 84] Unloaded vertex array data from VRAM (GPU)
INFO: VAO: [ID 83] Unloaded vertex array data from VRAM (GPU)
INFO: VAO: [ID 82] Unloaded vertex array data from VRAM (GPU)
INFO: VAO: [ID 81] Unloaded vertex array data from VRAM (GPU)
INFO: VAO: [ID 80] Unloaded vertex array data from VRAM (GPU)
INFO: VAO: [ID 79] Unloaded vertex array data from VRAM (GPU)
INFO: VAO: [ID 78] Unloaded vertex array data from VRAM (GPU)
INFO: VAO: [ID 113] Unloaded vertex array data from VRAM (GPU)
INFO: VAO: [ID 103] Unloaded vertex array data from VRAM (GPU)
INFO: VAO: [ID 477] Unloaded vertex array data from VRAM (GPU)
INFO: VAO: [ID 578] Unloaded vertex array data from VRAM (GPU)
INFO: VAO: [ID 643] Unloaded vertex array data from VRAM (GPU)
INFO: VAO: [ID 551] Unloaded vertex array data from VRAM (GPU)
INFO: VAO: [ID 550] Unloaded vertex array data from VRAM (GPU)
INFO: VAO: [ID 549] Unloaded vertex array data from VRAM (GPU)
INFO: VAO: [ID 548] Unloaded vertex array data from VRAM (GPU)
INFO: VAO: [ID 547] Unloaded vertex array data from VRAM (GPU)
INFO: VAO: [ID 546] Unloaded vertex array data from VRAM (GPU)
INFO: VAO: [ID 545] Unloaded vertex array data from VRAM (GPU)
INFO: VAO: [ID 544] Unloaded vertex array data from VRAM (GPU)
INFO: VAO: [ID 543] Unloaded vertex array data from VRAM (GPU)
INFO: VAO: [ID 504] Unloaded vertex array data from VRAM (GPU)
INFO: VAO: [ID 499] Unloaded vertex array data from VRAM (GPU)
INFO: VAO: [ID 482] Unloaded vertex array data from VRAM (GPU)
INFO: VAO: [ID 481] Unloaded vertex array data from VRAM (GPU)
INFO: VAO: [ID 479] Unloaded vertex array data from VRAM (GPU)
INFO: VAO: [ID 478] Unloaded vertex array data from VRAM (GPU)
INFO: VAO: [ID 77] Mesh uploaded successfully to VRAM (GPU)
INFO: VAO: [ID 579] Unloaded vertex array data from VRAM (GPU)
INFO: VAO: [ID 644] Unloaded vertex array data from VRAM (GPU)
INFO: VAO: [ID 552] Unloaded vertex array data from VRAM (GPU)
INFO: VAO: [ID 454] Unloaded vertex array data from VRAM (GPU)
INFO: VAO: [ID 432] Unloaded vertex array data from VRAM (GPU)
INFO: VAO: [ID 431] Unloaded vertex array data from VRAM (GPU)
INFO: VAO: [ID 430] Unloaded vertex array data from VRAM (GPU)
INFO: VAO: [ID 429] Unloaded vertex array data from VRAM (GPU)
INFO: VAO: [ID 428] Unloaded vertex array data from VRAM (GPU)
INFO: VAO: [ID 427] Unloaded vertex array data from VRAM (GPU)
INFO: VAO: [ID 426] Unloaded vertex array data from VRAM (GPU)
INFO: VAO: [ID 425] Unloaded vertex array data from VRAM (GPU)
INFO: VAO: [ID 424] Unloaded vertex array data from VRAM (GPU)
INFO: VAO: [ID 423] Unloaded vertex array data from VRAM (GPU)
INFO: VAO: [ID 422] Unloaded vertex array data from VRAM (GPU)
INFO: VAO: [ID 421] Unloaded vertex array data from VRAM (GPU)
INFO: VAO: [ID 409] Unloaded vertex array data from VRAM (GPU)
INFO: VAO: [ID 408] Unloaded vertex array data from VRAM (GPU)
INFO: VAO: [ID 377] Unloaded vertex array data from VRAM (GPU)
INFO: VAO: [ID 580] Unloaded vertex array data from VRAM (GPU)
INFO: VAO: [ID 553] Unloaded vertex array data from VRAM (GPU)
INFO: VAO: [ID 455] Unloaded vertex array data from VRAM (GPU)
INFO: VAO: [ID 327] Unloaded vertex array data from VRAM (GPU)
INFO: VAO: [ID 326] Unloaded vertex array data from VRAM (GPU)
INFO: VAO: [ID 325] Unloaded vertex array data from VRAM (GPU)
INFO: VAO: [ID 324] Unloaded vertex array data from VRAM (GPU)
INFO: VAO: [ID 323] Unloaded vertex array data from VRAM (GPU)
INFO: VAO: [ID 322] Unloaded vertex array data from VRAM (GPU)
INFO: VAO: [ID 321] Unloaded vertex array data from VRAM (GPU)
INFO: VAO: [ID 320] Unloaded vertex array data from VRAM (GPU)
INFO: VAO: [ID 319] Unloaded vertex array data from VRAM (GPU)
INFO: VAO: [ID 318] Unloaded vertex array data from VRAM (GPU)
INFO: VAO: [ID 317] Unloaded vertex array data from VRAM (GPU)
INFO: VAO: [ID 316] Unloaded vertex array data from VRAM (GPU)
INFO: VAO: [ID 433] Unloaded vertex array data from VRAM (GPU)
INFO: VAO: [ID 645] Unloaded vertex array data from VRAM (GPU)
INFO: VAO: [ID 554] Unloaded vertex array data from VRAM (GPU)
INFO: VAO: [ID 378] Unloaded vertex array data from VRAM (GPU)
INFO: VAO: [ID 268] Unloaded vertex array data from VRAM (GPU)
INFO: VAO: [ID 290] Unloaded vertex array data from VRAM (GPU)
INFO: VAO: [ID 267] Unloaded vertex array data from VRAM (GPU)
INFO: VAO: [ID 266] Unloaded vertex array data from VRAM (GPU)
INFO: VAO: [ID 262] Unloaded vertex array data from VRAM (GPU)
INFO: VAO: [ID 261] Unloaded vertex array data from VRAM (GPU)
INFO: VAO: [ID 260] Unloaded vertex array data from VRAM (GPU)
INFO: VAO: [ID 257] Unloaded vertex array data from VRAM (GPU)
INFO: VAO: [ID 256] Unloaded vertex array data from VRAM (GPU)
INFO: VAO: [ID 255] Unloaded vertex array data from VRAM (GPU)
INFO: VAO: [ID 254] Unloaded vertex array data from VRAM (GPU)
INFO: VAO: [ID 456] Unloaded vertex array data from VRAM (GPU)
INFO: VAO: [ID 581] Unloaded vertex array data from VRAM (GPU)
INFO: VAO: [ID 665] Unloaded vertex array data from VRAM (GPU)
INFO: VAO: [ID 434] Unloaded vertex array data from VRAM (GPU)
INFO: VAO: [ID 646] Unloaded vertex array data from VRAM (GPU)
INFO: VAO: [ID 328] Unloaded vertex array data from VRAM (GPU)
INFO: VAO: [ID 78] Mesh uploaded successfully to VRAM (GPU)
INFO: VAO: [ID 269] Unloaded vertex array data from VRAM (GPU)
INFO: VAO: [ID 379] Unloaded vertex array data from VRAM (GPU)
INFO: VAO: [ID 202] Unloaded vertex array data from VRAM (GPU)
INFO: VAO: [ID 157] Unloaded vertex array data from VRAM (GPU)
INFO: VAO: [ID 156] Unloaded vertex array data from VRAM (GPU)
INFO: VAO: [ID 155] Unloaded vertex array data from VRAM (GPU)
INFO: VAO: [ID 139] Unloaded vertex array data from VRAM (GPU)
INFO: VAO: [ID 138] Unloaded vertex array data from VRAM (GPU)
INFO: VAO: [ID 137] Unloaded vertex array data from VRAM (GPU)
INFO: VAO: [ID 121] Unloaded vertex array data from VRAM (GPU)
INFO: VAO: [ID 120] Unloaded vertex array data from VRAM (GPU)
INFO: VAO: [ID 582] Unloaded vertex array data from VRAM (GPU)
INFO: VAO: [ID 435] Unloaded vertex array data from VRAM (GPU)
INFO: VAO: [ID 666] Unloaded vertex array data from VRAM (GPU)
INFO: VAO: [ID 537] Unloaded vertex array data from VRAM (GPU)
INFO: VAO: [ID 647] Unloaded vertex array data from VRAM (GPU)
INFO: VAO: [ID 555] Unloaded vertex array data from VRAM (GPU)
INFO: VAO: [ID 329] Unloaded vertex array data from VRAM (GPU)
INFO: VAO: [ID 291] Unloaded vertex array data from VRAM (GPU)
INFO: VAO: [ID 457] Unloaded vertex array data from VRAM (GPU)
INFO: VAO: [ID 79] Mesh uploaded successfully to VRAM (GPU)
INFO: VAO: [ID 80] Mesh uploaded successfully to VRAM (GPU)
INFO: VAO: [ID 81] Mesh uploaded successfully to VRAM (GPU)
INFO: VAO: [ID 82] Mesh uploaded successfully to VRAM (GPU)
INFO: VAO: [ID 83] Mesh uploaded successfully to VRAM (GPU)
INFO: VAO: [ID 84] Mesh uploaded successfully to VRAM (GPU)
INFO: VAO: [ID 85] Mesh uploaded successfully to VRAM (GPU)
INFO: VAO: [ID 95] Mesh uploaded successfully to VRAM (GPU)
INFO: VAO: [ID 96] Mesh uploaded successfully to VRAM (GPU)
INFO: VAO: [ID 97] Mesh uploaded successfully to VRAM (GPU)
INFO: VAO: [ID 98] Mesh uploaded successfully to VRAM (GPU)
INFO: VAO: [ID 99] Mesh uploaded successfully to VRAM (GPU)
INFO: VAO: [ID 100] Mesh uploaded successfully to VRAM (GPU)
INFO: VAO: [ID 101] Mesh uploaded successfully to VRAM (GPU)
INFO: VAO: [ID 102] Mesh uploaded successfully to VRAM (GPU)
INFO: VAO: [ID 103] Mesh uploaded successfully to VRAM (GPU)
INFO: VAO: [ID 113] Mesh uploaded successfully to VRAM (GPU)
INFO: VAO: [ID 120] Mesh uploaded successfully to VRAM (GPU)
INFO: VAO: [ID 121] Mesh uploaded successfully to VRAM (GPU)
INFO: VAO: [ID 137] Mesh uploaded successfully to VRAM (GPU)
INFO: VAO: [ID 138] Mesh uploaded successfully to VRAM (GPU)
INFO: VAO: [ID 139] Mesh uploaded successfully to VRAM (GPU)
INFO: VAO: [ID 155] Mesh uploaded successfully to VRAM (GPU)
INFO: VAO: [ID 156] Mesh uploaded successfully to VRAM (GPU)
INFO: VAO: [ID 157] Mesh uploaded successfully to VRAM (GPU)
INFO: VAO: [ID 202] Mesh uploaded successfully to VRAM (GPU)
INFO: VAO: [ID 254] Mesh uploaded successfully to VRAM (GPU)
INFO: VAO: [ID 255] Mesh uploaded successfully to VRAM (GPU)
INFO: VAO: [ID 256] Mesh uploaded successfully to VRAM (GPU)
INFO: VAO: [ID 257] Mesh uploaded successfully to VRAM (GPU)
INFO: VAO: [ID 260] Mesh uploaded successfully to VRAM (GPU)
INFO: VAO: [ID 261] Mesh uploaded successfully to VRAM (GPU)
INFO: VAO: [ID 262] Mesh uploaded successfully to VRAM (GPU)
INFO: VAO: [ID 266] Mesh uploaded successfully to VRAM (GPU)
INFO: VAO: [ID 267] Mesh uploaded successfully to VRAM (GPU)
INFO: VAO: [ID 268] Mesh uploaded successfully to VRAM (GPU)
INFO: VAO: [ID 269] Mesh uploaded successfully to VRAM (GPU)
INFO: VAO: [ID 290] Mesh uploaded successfully to VRAM (GPU)
INFO: VAO: [ID 291] Mesh uploaded successfully to VRAM (GPU)
INFO: VAO: [ID 316] Mesh uploaded successfully to VRAM (GPU)
INFO: VAO: [ID 317] Mesh uploaded successfully to VRAM (GPU)
INFO: VAO: [ID 318] Mesh uploaded successfully to VRAM (GPU)
INFO: VAO: [ID 319] Mesh uploaded successfully to VRAM (GPU)
INFO: VAO: [ID 320] Mesh uploaded successfully to VRAM (GPU)
INFO: VAO: [ID 321] Mesh uploaded successfully to VRAM (GPU)
INFO: VAO: [ID 322] Mesh uploaded successfully to VRAM (GPU)
INFO: VAO: [ID 323] Mesh uploaded successfully to VRAM (GPU)
INFO: VAO: [ID 324] Mesh uploaded successfully to VRAM (GPU)
INFO: VAO: [ID 325] Mesh uploaded successfully to VRAM (GPU)
INFO: VAO: [ID 326] Mesh uploaded successfully to VRAM (GPU)
INFO: VAO: [ID 327] Mesh uploaded successfully to VRAM (GPU)
INFO: VAO: [ID 328] Mesh uploaded successfully to VRAM (GPU)
INFO: VAO: [ID 329] Mesh uploaded successfully to VRAM (GPU)
INFO: VAO: [ID 377] Mesh uploaded successfully to VRAM (GPU)
INFO: VAO: [ID 378] Mesh uploaded successfully to VRAM (GPU)
INFO: VAO: [ID 379] Mesh uploaded successfully to VRAM (GPU)
INFO: VAO: [ID 408] Mesh uploaded successfully to VRAM (GPU)
INFO: VAO: [ID 409] Mesh uploaded successfully to VRAM (GPU)
INFO: VAO: [ID 421] Mesh uploaded successfully to VRAM (GPU)
INFO: VAO: [ID 422] Mesh uploaded successfully to VRAM (GPU)
INFO: VAO: [ID 423] Mesh uploaded successfully to VRAM (GPU)
INFO: VAO: [ID 424] Mesh uploaded successfully to VRAM (GPU)
INFO: VAO: [ID 425] Mesh uploaded successfully to VRAM (GPU)
INFO: VAO: [ID 426] Mesh uploaded successfully to VRAM (GPU)
INFO: VAO: [ID 427] Mesh uploaded successfully to VRAM (GPU)
INFO: VAO: [ID 428] Mesh uploaded successfully to VRAM (GPU)
INFO: VAO: [ID 429] Mesh uploaded successfully to VRAM (GPU)
INFO: VAO: [ID 430] Mesh uploaded successfully to VRAM (GPU)
INFO: VAO: [ID 431] Mesh uploaded successfully to VRAM (GPU)
INFO: VAO: [ID 432] Mesh uploaded successfully to VRAM (GPU)
INFO: VAO: [ID 433] Mesh uploaded successfully to VRAM (GPU)
INFO: VAO: [ID 434] Mesh uploaded successfully to VRAM (GPU)
INFO: VAO: [ID 435] Mesh uploaded successfully to VRAM (GPU)
INFO: VAO: [ID 453] Mesh uploaded successfully to VRAM (GPU)
INFO: VAO: [ID 454] Mesh uploaded successfully to VRAM (GPU)
INFO: VAO: [ID 455] Mesh uploaded successfully to VRAM (GPU)
INFO: VAO: [ID 456] Mesh uploaded successfully to VRAM (GPU)
INFO: VAO: [ID 457] Mesh uploaded successfully to VRAM (GPU)
INFO: VAO: [ID 461] Mesh uploaded successfully to VRAM (GPU)
INFO: VAO: [ID 462] Mesh uploaded successfully to VRAM (GPU)
INFO: VAO: [ID 472] Mesh uploaded successfully to VRAM (GPU)
INFO: VAO: [ID 473] Mesh uploaded successfully to VRAM (GPU)
INFO: VAO: [ID 474] Mesh uploaded successfully to VRAM (GPU)
INFO: VAO: [ID 475] Mesh uploaded successfully to VRAM (GPU)
INFO: VAO: [ID 476] Mesh uploaded successfully to VRAM (GPU)
INFO: VAO: [ID 477] Mesh uploaded successfully to VRAM (GPU)
INFO: VAO: [ID 478] Mesh uploaded successfully to VRAM (GPU)
INFO: VAO: [ID 479] Mesh uploaded successfully to VRAM (GPU)
INFO: VAO: [ID 480] Mesh uploaded successfully to VRAM (GPU)
INFO: VAO: [ID 481] Mesh uploaded successfully to VRAM (GPU)
INFO: VAO: [ID 482] Mesh uploaded successfully to VRAM (GPU)
INFO: VAO: [ID 483] Mesh uploaded successfully to VRAM (GPU)
INFO: VAO: [ID 484] Mesh uploaded successfully to VRAM (GPU)
INFO: VAO: [ID 485] Mesh uploaded successfully to VRAM (GPU)
INFO: VAO: [ID 486] Mesh uploaded successfully to VRAM (GPU)
INFO: VAO: [ID 487] Mesh uploaded successfully to VRAM (GPU)
INFO: VAO: [ID 488] Mesh uploaded successfully to VRAM (GPU)
INFO: VAO: [ID 489] Mesh uploaded successfully to VRAM (GPU)
INFO: VAO: [ID 490] Mesh uploaded successfully to VRAM (GPU)
INFO: VAO: [ID 491] Mesh uploaded successfully to VRAM (GPU)
INFO: VAO: [ID 492] Mesh uploaded successfully to VRAM (GPU)
INFO: VAO: [ID 493] Mesh uploaded successfully to VRAM (GPU)
INFO: VAO: [ID 494] Mesh uploaded successfully to VRAM (GPU)
INFO: VAO: [ID 495] Mesh uploaded successfully to VRAM (GPU)
INFO: VAO: [ID 496] Mesh uploaded successfully to VRAM (GPU)
INFO: VAO: [ID 497] Mesh uploaded successfully to VRAM (GPU)
INFO: VAO: [ID 498] Mesh uploaded successfully to VRAM (GPU)
INFO: VAO: [ID 499] Mesh uploaded successfully to VRAM (GPU)
INFO: VAO: [ID 500] Mesh uploaded successfully to VRAM (GPU)
INFO: VAO: [ID 501] Mesh uploaded successfully to VRAM (GPU)
INFO: VAO: [ID 502] Mesh uploaded successfully to VRAM (GPU)
INFO: VAO: [ID 503] Mesh uploaded successfully to VRAM (GPU)
INFO: VAO: [ID 504] Mesh uploaded successfully to VRAM (GPU)
INFO: VAO: [ID 505] Mesh uploaded successfully to VRAM (GPU)
INFO: VAO: [ID 506] Mesh uploaded successfully to VRAM (GPU)
INFO: VAO: [ID 507] Mesh uploaded successfully to VRAM (GPU)
INFO: VAO: [ID 508] Mesh uploaded successfully to VRAM (GPU)
INFO: VAO: [ID 509] Mesh uploaded successfully to VRAM (GPU)
INFO: VAO: [ID 510] Mesh uploaded successfully to VRAM (GPU)
INFO: VAO: [ID 511] Mesh uploaded successfully to VRAM (GPU)
INFO: VAO: [ID 512] Mesh uploaded successfully to VRAM (GPU)
INFO: VAO: [ID 513] Mesh uploaded successfully to VRAM (GPU)
INFO: VAO: [ID 514] Mesh uploaded successfully to VRAM (GPU)
INFO: VAO: [ID 515] Mesh uploaded successfully to VRAM (GPU)
INFO: VAO: [ID 516] Mesh uploaded successfully to VRAM (GPU)
INFO: VAO: [ID 517] Mesh uploaded successfully to VRAM (GPU)
INFO: VAO: [ID 518] Mesh uploaded successfully to VRAM (GPU)
INFO: VAO: [ID 519] Mesh uploaded successfully to VRAM (GPU)
INFO: VAO: [ID 520] Mesh uploaded successfully to VRAM (GPU)
INFO: VAO: [ID 521] Mesh uploaded successfully to VRAM (GPU)
INFO: VAO: [ID 522] Mesh uploaded successfully to VRAM (GPU)
INFO: VAO: [ID 667] Unloaded vertex array data from VRAM (GPU)
INFO: VAO: [ID 452] Unloaded vertex array data from VRAM (GPU)
INFO: VAO: [ID 451] Unloaded vertex array data from VRAM (GPU)
INFO: VAO: [ID 440] Unloaded vertex array data from VRAM (GPU)
INFO: VAO: [ID 439] Unloaded vertex array data from VRAM (GPU)
INFO: VAO: [ID 438] Unloaded vertex array data from VRAM (GPU)
INFO: VAO: [ID 420] Unloaded vertex array data from VRAM (GPU)
INFO: VAO: [ID 419] Unloaded vertex array data from VRAM (GPU)
INFO: VAO: [ID 418] Unloaded vertex array data from VRAM (GPU)
INFO: VAO: [ID 417] Unloaded vertex array data from VRAM (GPU)
INFO: VAO: [ID 416] Unloaded vertex array data from VRAM (GPU)
INFO: VAO: [ID 415] Unloaded vertex array data from VRAM (GPU)
INFO: VAO: [ID 414] Unloaded vertex array data from VRAM (GPU)
INFO: VAO: [ID 413] Unloaded vertex array data from VRAM (GPU)
INFO: VAO: [ID 412] Unloaded vertex array data from VRAM (GPU)
INFO: VAO: [ID 411] Unloaded vertex array data from VRAM (GPU)
INFO: VAO: [ID 410] Unloaded vertex array data from VRAM (GPU)
INFO: VAO: [ID 407] Unloaded vertex array data from VRAM (GPU)
INFO: VAO: [ID 406] Unloaded vertex array data from VRAM (GPU)
INFO: VAO: [ID 405] Unloaded vertex array data from VRAM (GPU)
INFO: VAO: [ID 404] Unloaded vertex array data from VRAM (GPU)
INFO: VAO: [ID 77] Unloaded vertex array data from VRAM (GPU)
INFO: VAO: [ID 57] Unloaded vertex array data from VRAM (GPU)
INFO: VAO: [ID 56] Unloaded vertex array data from VRAM (GPU)
INFO: VAO: [ID 55] Unloaded vertex array data from VRAM (GPU)
INFO: VAO: [ID 54] Unloaded vertex array data from VRAM (GPU)
INFO: VAO: [ID 53] Unloaded vertex array data from VRAM (GPU)
INFO: VAO: [ID 52] Unloaded vertex array data from VRAM (GPU)
INFO: VAO: [ID 51] Unloaded vertex array data from VRAM (GPU)
INFO: VAO: [ID 50] Unloaded vertex array data from VRAM (GPU)
INFO: VAO: [ID 49] Unloaded vertex array data from VRAM (GPU)
INFO: VAO: [ID 48] Unloaded vertex array data from VRAM (GPU)
INFO: VAO: [ID 47] Unloaded vertex array data from VRAM (GPU)
INFO: VAO: [ID 34] Unloaded vertex array data from VRAM (GPU)
INFO: VAO: [ID 33] Unloaded vertex array data from VRAM (GPU)
INFO: VAO: [ID 32] Unloaded vertex array data from VRAM (GPU)
INFO: VAO: [ID 31] Unloaded vertex array data from VRAM (GPU)
INFO: VAO: [ID 30] Unloaded vertex array data from VRAM (GPU)
INFO: VAO: [ID 29] Unloaded vertex array data from VRAM (GPU)
INFO: VAO: [ID 28] Unloaded vertex array data from VRAM (GPU)
INFO: VAO: [ID 27] Unloaded vertex array data from VRAM (GPU)
INFO: VAO: [ID 399] Unloaded vertex array data from VRAM (GPU)
INFO: VAO: [ID 398] Unloaded vertex array data from VRAM (GPU)
INFO: VAO: [ID 397] Unloaded vertex array data from VRAM (GPU)
INFO: VAO: [ID 396] Unloaded vertex array data from VRAM (GPU)
INFO: VAO: [ID 395] Unloaded vertex array data from VRAM (GPU)
INFO: VAO: [ID 394] Unloaded vertex array data from VRAM (GPU)
INFO: VAO: [ID 393] Unloaded vertex array data from VRAM (GPU)
INFO: VAO: [ID 383] Unloaded vertex array data from VRAM (GPU)
INFO: VAO: [ID 376] Unloaded vertex array data from VRAM (GPU)
INFO: VAO: [ID 375] Unloaded vertex array data from VRAM (GPU)
INFO: VAO: [ID 374] Unloaded vertex array data from VRAM (GPU)
INFO: VAO: [ID 373] Unloaded vertex array data from VRAM (GPU)
INFO: VAO: [ID 372] Unloaded vertex array data from VRAM (GPU)
INFO: VAO: [ID 371] Unloaded vertex array data from VRAM (GPU)
INFO: VAO: [ID 403] Unloaded vertex array data from VRAM (GPU)
INFO: VAO: [ID 402] Unloaded vertex array data from VRAM (GPU)
INFO: VAO: [ID 401] Unloaded vertex array data from VRAM (GPU)
INFO: VAO: [ID 400] Unloaded vertex array data from VRAM (GPU)
INFO: VAO: [ID 678] Unloaded vertex array data from VRAM (GPU)
INFO: VAO: [ID 677] Unloaded vertex array data from VRAM (GPU)
INFO: VAO: [ID 676] Unloaded vertex array data from VRAM (GPU)
INFO: VAO: [ID 675] Unloaded vertex array data from VRAM (GPU)
INFO: VAO: [ID 674] Unloaded vertex array data from VRAM (GPU)
INFO: VAO: [ID 287] Unloaded vertex array data from VRAM (GPU)
INFO: VAO: [ID 673] Unloaded vertex array data from VRAM (GPU)
INFO: VAO: [ID 672] Unloaded vertex array data from VRAM (GPU)
INFO: VAO: [ID 671] Unloaded vertex array data from VRAM (GPU)
INFO: VAO: [ID 670] Unloaded vertex array data from VRAM (GPU)
INFO: VAO: [ID 669] Unloaded vertex array data from VRAM (GPU)
INFO: VAO: [ID 668] Unloaded vertex array data from VRAM (GPU)
INFO: VAO: [ID 340] Unloaded vertex array data from VRAM (GPU)
INFO: VAO: [ID 76] Unloaded vertex array data from VRAM (GPU)
INFO: VAO: [ID 370] Unloaded vertex array data from VRAM (GPU)
INFO: VAO: [ID 239] Unloaded vertex array data from VRAM (GPU)
INFO: VAO: [ID 238] Unloaded vertex array data from VRAM (GPU)
INFO: VAO: [ID 237] Unloaded vertex array data from VRAM (GPU)
INFO: VAO: [ID 369] Unloaded vertex array data from VRAM (GPU)
INFO: VAO: [ID 366] Unloaded vertex array data from VRAM (GPU)
INFO: VAO: [ID 121] Unloaded vertex array data from VRAM (GPU)
INFO: VAO: [ID 365] Unloaded vertex array data from VRAM (GPU)
INFO: VAO: [ID 364] Unloaded vertex array data from VRAM (GPU)
INFO: VAO: [ID 363] Unloaded vertex array data from VRAM (GPU)
INFO: VAO: [ID 362] Unloaded vertex array data from VRAM (GPU)
INFO: VAO: [ID 361] Unloaded vertex array data from VRAM (GPU)
INFO: VAO: [ID 360] Unloaded vertex array data from VRAM (GPU)
INFO: VAO: [ID 359] Unloaded vertex array data from VRAM (GPU)
INFO: VAO: [ID 358] Unloaded vertex array data from VRAM (GPU)
INFO: VAO: [ID 357] Unloaded vertex array data from VRAM (GPU)
INFO: VAO: [ID 356] Unloaded vertex array data from VRAM (GPU)
INFO: VAO: [ID 355] Unloaded vertex array data from VRAM (GPU)
INFO: VAO: [ID 354] Unloaded vertex array data from VRAM (GPU)
INFO: VAO: [ID 353] Unloaded vertex array data from VRAM (GPU)
INFO: VAO: [ID 368] Unloaded vertex array data from VRAM (GPU)
INFO: VAO: [ID 367] Unloaded vertex array data from VRAM (GPU)
INFO: VAO: [ID 78] Unloaded vertex array data from VRAM (GPU)
INFO: VAO: [ID 75] Unloaded vertex array data from VRAM (GPU)
INFO: VAO: [ID 336] Unloaded vertex array data from VRAM (GPU)
INFO: VAO: [ID 315] Unloaded vertex array data from VRAM (GPU)
INFO: VAO: [ID 659] Unloaded vertex array data from VRAM (GPU)
INFO: VAO: [ID 658] Unloaded vertex array data from VRAM (GPU)
INFO: VAO: [ID 314] Unloaded vertex array data from VRAM (GPU)
INFO: VAO: [ID 120] Unloaded vertex array data from VRAM (GPU)
INFO: VAO: [ID 657] Unloaded vertex array data from VRAM (GPU)
INFO: VAO: [ID 313] Unloaded vertex array data from VRAM (GPU)
INFO: VAO: [ID 312] Unloaded vertex array data from VRAM (GPU)
INFO: VAO: [ID 236] Unloaded vertex array data from VRAM (GPU)
INFO: VAO: [ID 311] Unloaded vertex array data from VRAM (GPU)
INFO: VAO: [ID 310] Unloaded vertex array data from VRAM (GPU)
INFO: VAO: [ID 309] Unloaded vertex array data from VRAM (GPU)
INFO: VAO: [ID 308] Unloaded vertex array data from VRAM (GPU)
INFO: VAO: [ID 656] Unloaded vertex array data from VRAM (GPU)
INFO: VAO: [ID 307] Unloaded vertex array data from VRAM (GPU)
INFO: VAO: [ID 306] Unloaded vertex array data from VRAM (GPU)
INFO: VAO: [ID 305] Unloaded vertex array data from VRAM (GPU)
INFO: VAO: [ID 304] Unloaded vertex array data from VRAM (GPU)
INFO: VAO: [ID 289] Unloaded vertex array data from VRAM (GPU)
INFO: VAO: [ID 288] Unloaded vertex array data from VRAM (GPU)
INFO: VAO: [ID 286] Unloaded vertex array data from VRAM (GPU)
INFO: VAO: [ID 655] Unloaded vertex array data from VRAM (GPU)
INFO: VAO: [ID 654] Unloaded vertex array data from VRAM (GPU)
INFO: VAO: [ID 154] Unloaded vertex array data from VRAM (GPU)
INFO: VAO: [ID 653] Unloaded vertex array data from VRAM (GPU)
INFO: VAO: [ID 652] Unloaded vertex array data from VRAM (GPU)
INFO: VAO: [ID 651] Unloaded vertex array data from VRAM (GPU)
INFO: VAO: [ID 650] Unloaded vertex array data from VRAM (GPU)
INFO: VAO: [ID 649] Unloaded vertex array data from VRAM (GPU)
INFO: VAO: [ID 648] Unloaded vertex array data from VRAM (GPU)
INFO: VAO: [ID 291] Unloaded vertex array data from VRAM (GPU)
INFO: VAO: [ID 339] Unloaded vertex array data from VRAM (GPU)
INFO: VAO: [ID 338] Unloaded vertex array data from VRAM (GPU)
INFO: VAO: [ID 337] Unloaded vertex array data from VRAM (GPU)
INFO: VAO: [ID 207] Unloaded vertex array data from VRAM (GPU)
INFO: VAO: [ID 74] Unloaded vertex array data from VRAM (GPU)
INFO: VAO: [ID 602] Unloaded vertex array data from VRAM (GPU)
INFO: VAO: [ID 601] Unloaded vertex array data from VRAM (GPU)
INFO: VAO: [ID 600] Unloaded vertex array data from VRAM (GPU)
INFO: VAO: [ID 599] Unloaded vertex array data from VRAM (GPU)
INFO: VAO: [ID 598] Unloaded vertex array data from VRAM (GPU)
INFO: VAO: [ID 597] Unloaded vertex array data from VRAM (GPU)
INFO: VAO: [ID 596] Unloaded vertex array data from VRAM (GPU)
INFO: VAO: [ID 290] Unloaded vertex array data from VRAM (GPU)
INFO: VAO: [ID 595] Unloaded vertex array data from VRAM (GPU)
INFO: VAO: [ID 594] Unloaded vertex array data from VRAM (GPU)
INFO: VAO: [ID 206] Unloaded vertex array data from VRAM (GPU)
INFO: VAO: [ID 235] Unloaded vertex array data from VRAM (GPU)
INFO: VAO: [ID 585] Unloaded vertex array data from VRAM (GPU)
INFO: VAO: [ID 584] Unloaded vertex array data from VRAM (GPU)
INFO: VAO: [ID 583] Unloaded vertex array data from VRAM (GPU)
INFO: VAO: [ID 285] Unloaded vertex array data from VRAM (GPU)
INFO: VAO: [ID 153] Unloaded vertex array data from VRAM (GPU)
INFO: VAO: [ID 113] Unloaded vertex array data from VRAM (GPU)
INFO: VAO: [ID 283] Unloaded vertex array data from VRAM (GPU)
INFO: VAO: [ID 282] Unloaded vertex array data from VRAM (GPU)
INFO: VAO: [ID 281] Unloaded vertex array data from VRAM (GPU)
INFO: VAO: [ID 265] Unloaded vertex array data from VRAM (GPU)
INFO: VAO: [ID 485] Unloaded vertex array data from VRAM (GPU)
INFO: VAO: [ID 264] Unloaded vertex array data from VRAM (GPU)
INFO: VAO: [ID 263] Unloaded vertex array data from VRAM (GPU)
INFO: VAO: [ID 253] Unloaded vertex array data from VRAM (GPU)
INFO: VAO: [ID 252] Unloaded vertex array data from VRAM (GPU)
INFO: VAO: [ID 251] Unloaded vertex array data from VRAM (GPU)
INFO: VAO: [ID 250] Unloaded vertex array data from VRAM (GPU)
INFO: VAO: [ID 249] Unloaded vertex array data from VRAM (GPU)
INFO: VAO: [ID 248] Unloaded vertex array data from VRAM (GPU)
INFO: VAO: [ID 247] Unloaded vertex array data from VRAM (GPU)
INFO: VAO: [ID 246] Unloaded vertex array data from VRAM (GPU)
INFO: VAO: [ID 245] Unloaded vertex array data from VRAM (GPU)
INFO: VAO: [ID 408] Unloaded vertex array data from VRAM (GPU)
INFO: VAO: [ID 240] Unloaded vertex array data from VRAM (GPU)
INFO: VAO: [ID 500] Unloaded vertex array data from VRAM (GPU)
INFO: VAO: [ID 499] Unloaded vertex array data from VRAM (GPU)
INFO: VAO: [ID 498] Unloaded vertex array data from VRAM (GPU)
INFO: VAO: [ID 497] Unloaded vertex array data from VRAM (GPU)
INFO: VAO: [ID 496] Unloaded vertex array data from VRAM (GPU)
INFO: VAO: [ID 495] Unloaded vertex array data from VRAM (GPU)
INFO: VAO: [ID 494] Unloaded vertex array data from VRAM (GPU)
INFO: VAO: [ID 493] Unloaded vertex array data from VRAM (GPU)
INFO: VAO: [ID 492] Unloaded vertex array data from VRAM (GPU)
INFO: VAO: [ID 491] Unloaded vertex array data from VRAM (GPU)
INFO: VAO: [ID 490] Unloaded vertex array data from VRAM (GPU)
INFO: VAO: [ID 489] Unloaded vertex array data from VRAM (GPU)
INFO: VAO: [ID 488] Unloaded vertex array data from VRAM (GPU)
INFO: VAO: [ID 487] Unloaded vertex array data from VRAM (GPU)
INFO: VAO: [ID 486] Unloaded vertex array data from VRAM (GPU)
INFO: VAO: [ID 503] Unloaded vertex array data from VRAM (GPU)
INFO: VAO: [ID 502] Unloaded vertex array data from VRAM (GPU)
INFO: VAO: [ID 501] Unloaded vertex array data from VRAM (GPU)
INFO: VAO: [ID 27] Mesh uploaded successfully to VRAM (GPU)
INFO: VAO: [ID 28] Mesh uploaded successfully to VRAM (GPU)
INFO: VAO: [ID 29] Mesh uploaded successfully to VRAM (GPU)
INFO: VAO: [ID 30] Mesh uploaded successfully to VRAM (GPU)
INFO: VAO: [ID 31] Mesh uploaded successfully to VRAM (GPU)
INFO: VAO: [ID 32] Mesh uploaded successfully to VRAM (GPU)
INFO: VAO: [ID 33] Mesh uploaded successfully to VRAM (GPU)
INFO: VAO: [ID 34] Mesh uploaded successfully to VRAM (GPU)
INFO: VAO: [ID 47] Mesh uploaded successfully to VRAM (GPU)
INFO: VAO: [ID 48] Mesh uploaded successfully to VRAM (GPU)
INFO: VAO: [ID 49] Mesh uploaded successfully to VRAM (GPU)
INFO: VAO: [ID 50] Mesh uploaded successfully to VRAM (GPU)
INFO: VAO: [ID 51] Mesh uploaded successfully to VRAM (GPU)
INFO: VAO: [ID 52] Mesh uploaded successfully to VRAM (GPU)
INFO: VAO: [ID 53] Mesh uploaded successfully to VRAM (GPU)
INFO: VAO: [ID 54] Mesh uploaded successfully to VRAM (GPU)
INFO: VAO: [ID 55] Mesh uploaded successfully to VRAM (GPU)
INFO: VAO: [ID 56] Mesh uploaded successfully to VRAM (GPU)
INFO: VAO: [ID 482] Unloaded vertex array data from VRAM (GPU)
INFO: VAO: [ID 481] Unloaded vertex array data from VRAM (GPU)
INFO: VAO: [ID 480] Unloaded vertex array data from VRAM (GPU)
INFO: VAO: [ID 479] Unloaded vertex array data from VRAM (GPU)
INFO: VAO: [ID 478] Unloaded vertex array data from VRAM (GPU)
INFO: VAO: [ID 477] Unloaded vertex array data from VRAM (GPU)
INFO: VAO: [ID 476] Unloaded vertex array data from VRAM (GPU)
INFO: VAO: [ID 475] Unloaded vertex array data from VRAM (GPU)
INFO: VAO: [ID 474] Unloaded vertex array data from VRAM (GPU)
INFO: VAO: [ID 473] Unloaded vertex array data from VRAM (GPU)
INFO: VAO: [ID 472] Unloaded vertex array data from VRAM (GPU)
INFO: VAO: [ID 462] Unloaded vertex array data from VRAM (GPU)
INFO: VAO: [ID 461] Unloaded vertex array data from VRAM (GPU)
INFO: VAO: [ID 457] Unloaded vertex array data from VRAM (GPU)
INFO: VAO: [ID 456] Unloaded vertex array data from VRAM (GPU)
INFO: VAO: [ID 455] Unloaded vertex array data from VRAM (GPU)
INFO: VAO: [ID 504] Unloaded vertex array data from VRAM (GPU)
INFO: VAO: [ID 484] Unloaded vertex array data from VRAM (GPU)
INFO: VAO: [ID 483] Unloaded vertex array data from VRAM (GPU)
INFO: VAO: [ID 519] Unloaded vertex array data from VRAM (GPU)
INFO: VAO: [ID 518] Unloaded vertex array data from VRAM (GPU)
INFO: VAO: [ID 522] Unloaded vertex array data from VRAM (GPU)
INFO: VAO: [ID 517] Unloaded vertex array data from VRAM (GPU)
INFO: VAO: [ID 516] Unloaded vertex array data from VRAM (GPU)
INFO: VAO: [ID 515] Unloaded vertex array data from VRAM (GPU)
INFO: VAO: [ID 514] Unloaded vertex array data from VRAM (GPU)
INFO: VAO: [ID 513] Unloaded vertex array data from VRAM (GPU)
INFO: VAO: [ID 512] Unloaded vertex array data from VRAM (GPU)
INFO: VAO: [ID 511] Unloaded vertex array data from VRAM (GPU)
INFO: VAO: [ID 510] Unloaded vertex array data from VRAM (GPU)
INFO: VAO: [ID 509] Unloaded vertex array data from VRAM (GPU)
INFO: VAO: [ID 508] Unloaded vertex array data from VRAM (GPU)
INFO: VAO: [ID 507] Unloaded vertex array data from VRAM (GPU)
INFO: VAO: [ID 506] Unloaded vertex array data from VRAM (GPU)
INFO: VAO: [ID 505] Unloaded vertex array data from VRAM (GPU)
INFO: VAO: [ID 521] Unloaded vertex array data from VRAM (GPU)
INFO: VAO: [ID 520] Unloaded vertex array data from VRAM (GPU)
INFO: VAO: [ID 379] Unloaded vertex array data from VRAM (GPU)
INFO: VAO: [ID 378] Unloaded vertex array data from VRAM (GPU)
INFO: VAO: [ID 377] Unloaded vertex array data from VRAM (GPU)
INFO: VAO: [ID 329] Unloaded vertex array data from VRAM (GPU)
INFO: VAO: [ID 328] Unloaded vertex array data from VRAM (GPU)
INFO: VAO: [ID 327] Unloaded vertex array data from VRAM (GPU)
INFO: VAO: [ID 326] Unloaded vertex array data from VRAM (GPU)
INFO: VAO: [ID 325] Unloaded vertex array data from VRAM (GPU)
INFO: VAO: [ID 324] Unloaded vertex array data from VRAM (GPU)
INFO: VAO: [ID 323] Unloaded vertex array data from VRAM (GPU)
INFO: VAO: [ID 322] Unloaded vertex array data from VRAM (GPU)
INFO: VAO: [ID 321] Unloaded vertex array data from VRAM (GPU)
INFO: VAO: [ID 320] Unloaded vertex array data from VRAM (GPU)
INFO: VAO: [ID 319] Unloaded vertex array data from VRAM (GPU)
INFO: VAO: [ID 318] Unloaded vertex array data from VRAM (GPU)
INFO: VAO: [ID 317] Unloaded vertex array data from VRAM (GPU)
INFO: VAO: [ID 316] Unloaded vertex array data from VRAM (GPU)
INFO: VAO: [ID 409] Unloaded vertex array data from VRAM (GPU)
INFO: TEXTURE: [ID 3] Unloaded texture data from VRAM (GPU)
INFO: TEXTURE: [ID 3] Texture loaded successfully (1600x900 | R8G8B8A8 | 1 mipmaps)
INFO: FBO: [ID 1] Unloaded framebuffer from VRAM (GPU)
INFO: FBO: [ID 2] Unloaded framebuffer from VRAM (GPU)
INFO: TEXTURE: [ID 10] Texture loaded successfully (800x450 | R8G8B8A8 | 1 mipmaps)
INFO: TEXTURE: [ID 1] Depth renderbuffer loaded successfully (32 bits)
INFO: FBO: [ID 1] Framebuffer object created successfully
INFO: TEXTURE: [ID 11] Texture loaded successfully (800x450 | R8G8B8A8 | 1 mipmaps)
INFO: TEXTURE: [ID 2] Depth renderbuffer loaded successfully (32 bits)
INFO: FBO: [ID 2] Framebuffer object created successfully
INFO: TEXTURE: [ID 31] Unloaded texture data from VRAM (GPU)
INFO: TEXTURE: [ID 31] Texture loaded successfully (1600x900 | R8G8B8A8 | 1 mipmaps)
INFO: TEXTURE: [ID 3] Unloaded texture data from VRAM (GPU)
INFO: TEXTURE: [ID 3] Texture loaded successfully (1796x1180 | R8G8B8A8 | 1 mipmaps)
INFO: FBO: [ID 1] Unloaded framebuffer from VRAM (GPU)
INFO: FBO: [ID 2] Unloaded framebuffer from VRAM (GPU)
INFO: TEXTURE: [ID 10] Texture loaded successfully (898x590 | R8G8B8A8 | 1 mipmaps)
INFO: TEXTURE: [ID 1] Depth renderbuffer loaded successfully (32 bits)
INFO: FBO: [ID 1] Framebuffer object created successfully
INFO: TEXTURE: [ID 11] Texture loaded successfully (898x590 | R8G8B8A8 | 1 mipmaps)
INFO: TEXTURE: [ID 2] Depth renderbuffer loaded successfully (32 bits)
INFO: FBO: [ID 2] Framebuffer object created successfully
INFO: TEXTURE: [ID 31] Unloaded texture data from VRAM (GPU)
INFO: TEXTURE: [ID 31] Texture loaded successfully (1796x1180 | R8G8B8A8 | 1 mipmaps)
INFO: FBO: [ID 1] Unloaded framebuffer from VRAM (GPU)
INFO: FBO: [ID 2] Unloaded framebuffer from VRAM (GPU)
INFO: TEXTURE: [ID 4] Unloaded texture data from VRAM (GPU)
INFO: SHADER: [ID 0] Unloaded shader program data from VRAM (GPU)
INFO: SHADER: [ID 9] Unloaded shader program data from VRAM (GPU)
INFO: TEXTURE: [ID 15] Unloaded texture data from VRAM (GPU)
INFO: TEXTURE: [ID 14] Unloaded texture data from VRAM (GPU)
INFO: VAO: [ID 5] Unloaded vertex array data from VRAM (GPU)
INFO: VAO: [ID 6] Unloaded vertex array data from VRAM (GPU)
INFO: VAO: [ID 7] Unloaded vertex array data from VRAM (GPU)
INFO: VAO: [ID 8] Unloaded vertex array data from VRAM (GPU)
INFO: SHADER: [ID 0] Unloaded shader program data from VRAM (GPU)
INFO: SHADER: [ID 10] Unloaded shader program data from VRAM (GPU)
INFO: VAO: [ID 9] Unloaded vertex array data from VRAM (GPU)
INFO: MODEL: Unloaded model (and meshes) from RAM and VRAM
INFO: VAO: [ID 10] Unloaded vertex array data from VRAM (GPU)
INFO: MODEL: Unloaded model (and meshes) from RAM and VRAM
INFO: VAO: [ID 11] Unloaded vertex array data from VRAM (GPU)
INFO: MODEL: Unloaded model (and meshes) from RAM and VRAM
INFO: VAO: [ID 12] Unloaded vertex array data from VRAM (GPU)
INFO: MODEL: Unloaded model (and meshes) from RAM and VRAM
INFO: VAO: [ID 13] Unloaded vertex array data from VRAM (GPU)
INFO: MODEL: Unloaded model (and meshes) from RAM and VRAM
INFO: VAO: [ID 14] Unloaded vertex array data from VRAM (GPU)
INFO: MODEL: Unloaded model (and meshes) from RAM and VRAM
INFO: VAO: [ID 15] Unloaded vertex array data from VRAM (GPU)
INFO: VAO: [ID 16] Unloaded vertex array data from VRAM (GPU)
INFO: VAO: [ID 17] Unloaded vertex array data from VRAM (GPU)
INFO: VAO: [ID 18] Unloaded vertex array data from VRAM (GPU)
INFO: MODEL: Unloaded model (and meshes) from RAM and VRAM
INFO: VAO: [ID 19] Unloaded vertex array data from VRAM (GPU)
INFO: MODEL: Unloaded model (and meshes) from RAM and VRAM
INFO: VAO: [ID 20] Unloaded vertex array data from VRAM (GPU)
INFO: MODEL: Unloaded model (and meshes) from RAM and VRAM
INFO: VAO: [ID 21] Unloaded vertex array data from VRAM (GPU)
INFO: MODEL: Unloaded model (and meshes) from RAM and VRAM
INFO: VAO: [ID 22] Unloaded vertex array data from VRAM (GPU)
INFO: MODEL: Unloaded model (and meshes) from RAM and VRAM
INFO: VAO: [ID 23] Unloaded vertex array data from VRAM (GPU)
INFO: MODEL: Unloaded model (and meshes) from RAM and VRAM
INFO: VAO: [ID 24] Unloaded vertex array data from VRAM (GPU)
INFO: MODEL: Unloaded model (and meshes) from RAM and VRAM
INFO: VAO: [ID 25] Unloaded vertex array data from VRAM (GPU)
INFO: MODEL: Unloaded model (and meshes) from RAM and VRAM
INFO: VAO: [ID 26] Unloaded vertex array data from VRAM (GPU)
INFO: MODEL: Unloaded model (and meshes) from RAM and VRAM
INFO: TEXTURE: [ID 12] Unloaded texture data from VRAM (GPU)
INFO: TEXTURE: [ID 13] Unloaded texture data from VRAM (GPU)
INFO: VAO: [ID 4] Unloaded vertex array data from VRAM (GPU)
INFO: TEXTURE: [ID 31] Unloaded texture data from VRAM (GPU)
INFO: TEXTURE: [ID 3] Unloaded texture data from VRAM (GPU)
INFO: AUDIO: Device closed successfully
INFO: TEXTURE: [ID 2] Unloaded texture data from VRAM (GPU)
INFO: SHADER: [ID 3] Default shader unloaded successfully
INFO: TEXTURE: [ID 1] Default texture unloaded successfully
INFO: Window closed successfully
INFO: VAO: [ID 3] Unloaded vertex array data from VRAM (GPU)
INFO: SHADER: [ID 0] Unloaded shader program data from VRAM (GPU)
INFO: SHADER: [ID 7] Unloaded shader program data from VRAM (GPU)
INFO: SHADER: [ID 0] Unloaded shader program data from VRAM (GPU)
INFO: SHADER: [ID 8] Unloaded shader program data from VRAM (GPU)
INFO: VAO: [ID 137] Unloaded vertex array data from VRAM (GPU)
INFO: VAO: [ID 56] Unloaded vertex array data from VRAM (GPU)
INFO: VAO: [ID 380] Unloaded vertex array data from VRAM (GPU)
INFO: VAO: [ID 55] Unloaded vertex array data from VRAM (GPU)
INFO: VAO: [ID 54] Unloaded vertex array data from VRAM (GPU)
INFO: VAO: [ID 53] Unloaded vertex array data from VRAM (GPU)
INFO: VAO: [ID 52] Unloaded vertex array data from VRAM (GPU)
INFO: VAO: [ID 51] Unloaded vertex array data from VRAM (GPU)
INFO: VAO: [ID 50] Unloaded vertex array data from VRAM (GPU)
INFO: VAO: [ID 49] Unloaded vertex array data from VRAM (GPU)
INFO: VAO: [ID 48] Unloaded vertex array data from VRAM (GPU)
INFO: VAO: [ID 47] Unloaded vertex array data from VRAM (GPU)
INFO: VAO: [ID 34] Unloaded vertex array data from VRAM (GPU)
INFO: VAO: [ID 453] Unloaded vertex array data from VRAM (GPU)
INFO: VAO: [ID 73] Unloaded vertex array data from VRAM (GPU)
INFO: VAO: [ID 72] Unloaded vertex array data from VRAM (GPU)
INFO: VAO: [ID 71] Unloaded vertex array data from VRAM (GPU)
INFO: VAO: [ID 70] Unloaded vertex array data from VRAM (GPU)
INFO: VAO: [ID 69] Unloaded vertex array data from VRAM (GPU)
INFO: VAO: [ID 68] Unloaded vertex array data from VRAM (GPU)
INFO: VAO: [ID 67] Unloaded vertex array data from VRAM (GPU)
INFO: VAO: [ID 66] Unloaded vertex array data from VRAM (GPU)
INFO: VAO: [ID 65] Unloaded vertex array data from VRAM (GPU)
INFO: VAO: [ID 64] Unloaded vertex array data from VRAM (GPU)
INFO: VAO: [ID 269] Unloaded vertex array data from VRAM (GPU)
INFO: VAO: [ID 435] Unloaded vertex array data from VRAM (GPU)
INFO: VAO: [ID 268] Unloaded vertex array data from VRAM (GPU)
INFO: VAO: [ID 434] Unloaded vertex array data from VRAM (GPU)
INFO: VAO: [ID 86] Unloaded vertex array data from VRAM (GPU)
INFO: VAO: [ID 87] Unloaded vertex array data from VRAM (GPU)
INFO: VAO: [ID 88] Unloaded vertex array data from VRAM (GPU)
INFO: VAO: [ID 89] Unloaded vertex array data from VRAM (GPU)
INFO: VAO: [ID 90] Unloaded vertex array data from VRAM (GPU)
INFO: VAO: [ID 91] Unloaded vertex array data from VRAM (GPU)
INFO: VAO: [ID 92] Unloaded vertex array data from VRAM (GPU)
INFO: VAO: [ID 93] Unloaded vertex array data from VRAM (GPU)
INFO: VAO: [ID 94] Unloaded vertex array data from VRAM (GPU)
INFO: VAO: [ID 63] Unloaded vertex array data from VRAM (GPU)
INFO: VAO: [ID 267] Unloaded vertex array data from VRAM (GPU)
INFO: VAO: [ID 203] Unloaded vertex array data from VRAM (GPU)
INFO: VAO: [ID 104] Unloaded vertex array data from VRAM (GPU)
INFO: VAO: [ID 105] Unloaded vertex array data from VRAM (GPU)
INFO: VAO: [ID 106] Unloaded vertex array data from VRAM (GPU)
INFO: VAO: [ID 107] Unloaded vertex array data from VRAM (GPU)
INFO: VAO: [ID 108] Unloaded vertex array data from VRAM (GPU)
INFO: VAO: [ID 109] Unloaded vertex array data from VRAM (GPU)
INFO: VAO: [ID 110] Unloaded vertex array data from VRAM (GPU)
INFO: VAO: [ID 111] Unloaded vertex array data from VRAM (GPU)
INFO: VAO: [ID 112] Unloaded vertex array data from VRAM (GPU)
INFO: VAO: [ID 62] Unloaded vertex array data from VRAM (GPU)
INFO: VAO: [ID 266] Unloaded vertex array data from VRAM (GPU)
INFO: VAO: [ID 169] Unloaded vertex array data from VRAM (GPU)
INFO: VAO: [ID 61] Unloaded vertex array data from VRAM (GPU)
INFO: VAO: [ID 122] Unloaded vertex array data from VRAM (GPU)
INFO: VAO: [ID 123] Unloaded vertex array data from VRAM (GPU)
INFO: VAO: [ID 124] Unloaded vertex array data from VRAM (GPU)
INFO: VAO: [ID 125] Unloaded vertex array data from VRAM (GPU)
INFO: VAO: [ID 126] Unloaded vertex array data from VRAM (GPU)
INFO: VAO: [ID 127] Unloaded vertex array data from VRAM (GPU)
INFO: VAO: [ID 128] Unloaded vertex array data from VRAM (GPU)
INFO: VAO: [ID 129] Unloaded vertex array data from VRAM (GPU)
INFO: VAO: [ID 130] Unloaded vertex array data from VRAM (GPU)
INFO: VAO: [ID 60] Unloaded vertex array data from VRAM (GPU)
INFO: VAO: [ID 59] Unloaded vertex array data from VRAM (GPU)
INFO: VAO: [ID 262] Unloaded vertex array data from VRAM (GPU)
INFO: VAO: [ID 575] Unloaded vertex array data from VRAM (GPU)
INFO: VAO: [ID 140] Unloaded vertex array data from VRAM (GPU)
INFO: VAO: [ID 141] Unloaded vertex array data from VRAM (GPU)
INFO: VAO: [ID 142] Unloaded vertex array data from VRAM (GPU)
INFO: VAO: [ID 143] Unloaded vertex array data from VRAM (GPU)
INFO: VAO: [ID 144] Unloaded vertex array data from VRAM (GPU)
INFO: VAO: [ID 145] Unloaded vertex array data from VRAM (GPU)
INFO: VAO: [ID 146] Unloaded vertex array data from VRAM (GPU)
INFO: VAO: [ID 147] Unloaded vertex array data from VRAM (GPU)
INFO: VAO: [ID 148] Unloaded vertex array data from VRAM (GPU)
INFO: VAO: [ID 58] Unloaded vertex array data from VRAM (GPU)
INFO: VAO: [ID 261] Unloaded vertex array data from VRAM (GPU)
INFO: VAO: [ID 259] Unloaded vertex array data from VRAM (GPU)
INFO: VAO: [ID 574] Unloaded vertex array data from VRAM (GPU)
INFO: VAO: [ID 158] Unloaded vertex array data from VRAM (GPU)
INFO: VAO: [ID 159] Unloaded vertex array data from VRAM (GPU)
INFO: VAO: [ID 160] Unloaded vertex array data from VRAM (GPU)
INFO: VAO: [ID 161] Unloaded vertex array data from VRAM (GPU)
INFO: VAO: [ID 162] Unloaded vertex array data from VRAM (GPU)
INFO: VAO: [ID 163] Unloaded vertex array data from VRAM (GPU)
INFO: VAO: [ID 164] Unloaded vertex array data from VRAM (GPU)
INFO: VAO: [ID 165] Unloaded vertex array data from VRAM (GPU)
INFO: VAO: [ID 166] Unloaded vertex array data from VRAM (GPU)
INFO: VAO: [ID 208] Unloaded vertex array data from VRAM (GPU)
INFO: VAO: [ID 260] Unloaded vertex array data from VRAM (GPU)
INFO: VAO: [ID 258] Unloaded vertex array data from VRAM (GPU)
INFO: VAO: [ID 573] Unloaded vertex array data from VRAM (GPU)
INFO: VAO: [ID 176] Unloaded vertex array data from VRAM (GPU)
INFO: VAO: [ID 177] Unloaded vertex array data from VRAM (GPU)
INFO: VAO: [ID 178] Unloaded vertex array data from VRAM (GPU)
INFO: VAO: [ID 179] Unloaded vertex array data from VRAM (GPU)
INFO: VAO: [ID 180] Unloaded vertex array data from VRAM (GPU)
INFO: VAO: [ID 181] Unloaded vertex array data from VRAM (GPU)
INFO: VAO: [ID 182] Unloaded vertex array data from VRAM (GPU)
INFO: VAO: [ID 183] Unloaded vertex array data from VRAM (GPU)
INFO: VAO: [ID 184] Unloaded vertex array data from VRAM (GPU)
INFO: VAO: [ID 257] Unloaded vertex array data from VRAM (GPU)
INFO: VAO: [ID 256] Unloaded vertex array data from VRAM (GPU)
INFO: VAO: [ID 244] Unloaded vertex array data from VRAM (GPU)
INFO: VAO: [ID 572] Unloaded vertex array data from VRAM (GPU)
INFO: VAO: [ID 205] Unloaded vertex array data from VRAM (GPU)
INFO: VAO: [ID 46] Unloaded vertex array data from VRAM (GPU)
INFO: VAO: [ID 45] Unloaded vertex array data from VRAM (GPU)
INFO: VAO: [ID 44] Unloaded vertex array data from VRAM (GPU)
INFO: VAO: [ID 43] Unloaded vertex array data from VRAM (GPU)
INFO: VAO: [ID 255] Unloaded vertex array data from VRAM (GPU)
INFO: VAO: [ID 243] Unloaded vertex array data from VRAM (GPU)
INFO: VAO: [ID 571] Unloaded vertex array data from VRAM (GPU)
INFO: VAO: [ID 168] Unloaded vertex array data from VRAM (GPU)
INFO: VAO: [ID 103] Unloaded vertex array data from VRAM (GPU)
INFO: VAO: [ID 102] Unloaded vertex array data from VRAM (GPU)
INFO: VAO: [ID 101] Unloaded vertex array data from VRAM (GPU)
INFO: VAO: [ID 100] Unloaded vertex array data from VRAM (GPU)
INFO: VAO: [ID 99] Unloaded vertex array data from VRAM (GPU)
INFO: VAO: [ID 98] Unloaded vertex array data from VRAM (GPU)
INFO: VAO: [ID 97] Unloaded vertex array data from VRAM (GPU)
INFO: VAO: [ID 33] Unloaded vertex array data from VRAM (GPU)
INFO: VAO: [ID 254] Unloaded vertex array data from VRAM (GPU)
INFO: VAO: [ID 242] Unloaded vertex array data from VRAM (GPU)
INFO: VAO: [ID 566] Unloaded vertex array data from VRAM (GPU)
INFO: VAO: [ID 204] Unloaded vertex array data from VRAM (GPU)
INFO: VAO: [ID 195] Unloaded vertex array data from VRAM (GPU)
INFO: VAO: [ID 194] Unloaded vertex array data from VRAM (GPU)
INFO: VAO: [ID 193] Unloaded vertex array data from VRAM (GPU)
INFO: VAO: [ID 192] Unloaded vertex array data from VRAM (GPU)
INFO: VAO: [ID 42] Unloaded vertex array data from VRAM (GPU)
INFO: VAO: [ID 202] Unloaded vertex array data from VRAM (GPU)
INFO: VAO: [ID 241] Unloaded vertex array data from VRAM (GPU)
INFO: VAO: [ID 565] Unloaded vertex array data from VRAM (GPU)
INFO: VAO: [ID 32] Unloaded vertex array data from VRAM (GPU)
INFO: VAO: [ID 201] Unloaded vertex array data from VRAM (GPU)
INFO: VAO: [ID 200] Unloaded vertex array data from VRAM (GPU)
INFO: VAO: [ID 234] Unloaded vertex array data from VRAM (GPU)
INFO: VAO: [ID 564] Unloaded vertex array data from VRAM (GPU)
INFO: VAO: [ID 199] Unloaded vertex array data from VRAM (GPU)
INFO: VAO: [ID 284] Unloaded vertex array data from VRAM (GPU)
INFO: VAO: [ID 280] Unloaded vertex array data from VRAM (GPU)
INFO: VAO: [ID 279] Unloaded vertex array data from VRAM (GPU)
INFO: VAO: [ID 278] Unloaded vertex array data from VRAM (GPU)
INFO: VAO: [ID 277] Unloaded vertex array data from VRAM (GPU)
INFO: VAO: [ID 276] Unloaded vertex array data from VRAM (GPU)
INFO: VAO: [ID 198] Unloaded vertex array data from VRAM (GPU)
INFO: VAO: [ID 233] Unloaded vertex array data from VRAM (GPU)
INFO: VAO: [ID 232] Unloaded vertex array data from VRAM (GPU)
INFO: VAO: [ID 563] Unloaded vertex array data from VRAM (GPU)
INFO: VAO: [ID 560] Unloaded vertex array data from VRAM (GPU)
INFO: VAO: [ID 197] Unloaded vertex array data from VRAM (GPU)
INFO: VAO: [ID 303] Unloaded vertex array data from VRAM (GPU)
INFO: VAO: [ID 302] Unloaded vertex array data from VRAM (GPU)
INFO: VAO: [ID 301] Unloaded vertex array data from VRAM (GPU)
INFO: VAO: [ID 300] Unloaded vertex array data from VRAM (GPU)
INFO: VAO: [ID 299] Unloaded vertex array data from VRAM (GPU)
INFO: VAO: [ID 298] Unloaded vertex array data from VRAM (GPU)
INFO: VAO: [ID 297] Unloaded vertex array data from VRAM (GPU)
INFO: VAO: [ID 196] Unloaded vertex array data from VRAM (GPU)
INFO: VAO: [ID 231] Unloaded vertex array data from VRAM (GPU)
INFO: VAO: [ID 229] Unloaded vertex array data from VRAM (GPU)
INFO: VAO: [ID 157] Unloaded vertex array data from VRAM (GPU)
INFO: VAO: [ID 433] Unloaded vertex array data from VRAM (GPU)
INFO: VAO: [ID 189] Unloaded vertex array data from VRAM (GPU)
INFO: VAO: [ID 352] Unloaded vertex array data from VRAM (GPU)
INFO: VAO: [ID 351] Unloaded vertex array data from VRAM (GPU)
INFO: VAO: [ID 350] Unloaded vertex array data from VRAM (GPU)
INFO: VAO: [ID 349] Unloaded vertex array data from VRAM (GPU)
INFO: VAO: [ID 348] Unloaded vertex array data from VRAM (GPU)
INFO: VAO: [ID 347] Unloaded vertex array data from VRAM (GPU)
INFO: VAO: [ID 335] Unloaded vertex array data from VRAM (GPU)
INFO: VAO: [ID 188] Unloaded vertex array data from VRAM (GPU)
INFO: VAO: [ID 228] Unloaded vertex array data from VRAM (GPU)
INFO: VAO: [ID 227] Unloaded vertex array data from VRAM (GPU)
INFO: VAO: [ID 187] Unloaded vertex array data from VRAM (GPU)
INFO: VAO: [ID 230] Unloaded vertex array data from VRAM (GPU)
INFO: VAO: [ID 186] Unloaded vertex array data from VRAM (GPU)
INFO: VAO: [ID 226] Unloaded vertex array data from VRAM (GPU)
INFO: VAO: [ID 225] Unloaded vertex array data from VRAM (GPU)
INFO: VAO: [ID 221] Unloaded vertex array data from VRAM (GPU)
INFO: VAO: [ID 185] Unloaded vertex array data from VRAM (GPU)
INFO: VAO: [ID 172] Unloaded vertex array data from VRAM (GPU)
INFO: VAO: [ID 224] Unloaded vertex array data from VRAM (GPU)
INFO: VAO: [ID 557] Unloaded vertex array data from VRAM (GPU)
INFO: VAO: [ID 96] Unloaded vertex array data from VRAM (GPU)
INFO: VAO: [ID 156] Unloaded vertex array data from VRAM (GPU)
INFO: VAO: [ID 171] Unloaded vertex array data from VRAM (GPU)
INFO: VAO: [ID 167] Unloaded vertex array data from VRAM (GPU)
INFO: VAO: [ID 152] Unloaded vertex array data from VRAM (GPU)
INFO: VAO: [ID 151] Unloaded vertex array data from VRAM (GPU)
INFO: VAO: [ID 31] Unloaded vertex array data from VRAM (GPU)
INFO: VAO: [ID 30] Unloaded vertex array data from VRAM (GPU)
INFO: VAO: [ID 296] Unloaded vertex array data from VRAM (GPU)
INFO: VAO: [ID 275] Unloaded vertex array data from VRAM (GPU)
INFO: VAO: [ID 220] Unloaded vertex array data from VRAM (GPU)
INFO: VAO: [ID 191] Unloaded vertex array data from VRAM (GPU)
INFO: VAO: [ID 223] Unloaded vertex array data from VRAM (GPU)
INFO: VAO: [ID 41] Unloaded vertex array data from VRAM (GPU)
INFO: VAO: [ID 346] Unloaded vertex array data from VRAM (GPU)
INFO: VAO: [ID 345] Unloaded vertex array data from VRAM (GPU)
INFO: VAO: [ID 344] Unloaded vertex array data from VRAM (GPU)
INFO: VAO: [ID 343] Unloaded vertex array data from VRAM (GPU)
INFO: VAO: [ID 342] Unloaded vertex array data from VRAM (GPU)
INFO: VAO: [ID 341] Unloaded vertex array data from VRAM (GPU)
INFO: VAO: [ID 219] Unloaded vertex array data from VRAM (GPU)
INFO: VAO: [ID 150] Unloaded vertex array data from VRAM (GPU)
INFO: VAO: [ID 149] Unloaded vertex array data from VRAM (GPU)
INFO: VAO: [ID 334] Unloaded vertex array data from VRAM (GPU)
INFO: VAO: [ID 136] Unloaded vertex array data from VRAM (GPU)
INFO: VAO: [ID 333] Unloaded vertex array data from VRAM (GPU)
INFO: VAO: [ID 218] Unloaded vertex array data from VRAM (GPU)
INFO: VAO: [ID 40] Unloaded vertex array data from VRAM (GPU)
INFO: VAO: [ID 222] Unloaded vertex array data from VRAM (GPU)
INFO: VAO: [ID 135] Unloaded vertex array data from VRAM (GPU)
INFO: VAO: [ID 392] Unloaded vertex array data from VRAM (GPU)
INFO: VAO: [ID 391] Unloaded vertex array data from VRAM (GPU)
INFO: VAO: [ID 390] Unloaded vertex array data from VRAM (GPU)
INFO: VAO: [ID 389] Unloaded vertex array data from VRAM (GPU)
INFO: VAO: [ID 388] Unloaded vertex array data from VRAM (GPU)
INFO: VAO: [ID 387] Unloaded vertex array data from VRAM (GPU)
INFO: VAO: [ID 386] Unloaded vertex array data from VRAM (GPU)
INFO: VAO: [ID 95] Unloaded vertex array data from VRAM (GPU)
INFO: VAO: [ID 217] Unloaded vertex array data from VRAM (GPU)
INFO: VAO: [ID 542] Unloaded vertex array data from VRAM (GPU)
INFO: VAO: [ID 85] Unloaded vertex array data from VRAM (GPU)
INFO: VAO: [ID 155] Unloaded vertex array data from VRAM (GPU)
INFO: VAO: [ID 541] Unloaded vertex array data from VRAM (GPU)
INFO: VAO: [ID 540] Unloaded vertex array data from VRAM (GPU)
INFO: VAO: [ID 539] Unloaded vertex array data from VRAM (GPU)
INFO: VAO: [ID 538] Unloaded vertex array data from VRAM (GPU)
INFO: VAO: [ID 84] Unloaded vertex array data from VRAM (GPU)
INFO: VAO: [ID 134] Unloaded vertex array data from VRAM (GPU)
INFO: VAO: [ID 211] Unloaded vertex array data from VRAM (GPU)
INFO: VAO: [ID 29] Unloaded vertex array data from VRAM (GPU)
INFO: VAO: [ID 133] Unloaded vertex array data from VRAM (GPU)
INFO: VAO: [ID 132] Unloaded vertex array data from VRAM (GPU)
INFO: VAO: [ID 139] Unloaded vertex array data from VRAM (GPU)
INFO: VAO: [ID 432] Unloaded vertex array data from VRAM (GPU)
INFO: VAO: [ID 431] Unloaded vertex array data from VRAM (GPU)
INFO: VAO: [ID 430] Unloaded vertex array data from VRAM (GPU)
INFO: VAO: [ID 429] Unloaded vertex array data from VRAM (GPU)
INFO: VAO: [ID 131] Unloaded vertex array data from VRAM (GPU)
INFO: VAO: [ID 119] Unloaded vertex array data from VRAM (GPU)
INFO: VAO: [ID 556] Unloaded vertex array data from VRAM (GPU)
INFO: VAO: [ID 118] Unloaded vertex array data from VRAM (GPU)
INFO: VAO: [ID 471] Unloaded vertex array data from VRAM (GPU)
INFO: VAO: [ID 470] Unloaded vertex array data from VRAM (GPU)
INFO: VAO: [ID 469] Unloaded vertex array data from VRAM (GPU)
INFO: VAO: [ID 468] Unloaded vertex array data from VRAM (GPU)
INFO: VAO: [ID 467] Unloaded vertex array data from VRAM (GPU)
INFO: VAO: [ID 466] Unloaded vertex array data from VRAM (GPU)
INFO: VAO: [ID 465] Unloaded vertex array data from VRAM (GPU)
INFO: VAO: [ID 28] Unloaded vertex array data from VRAM (GPU)
INFO: VAO: [ID 83] Unloaded vertex array data from VRAM (GPU)
INFO: VAO: [ID 428] Unloaded vertex array data from VRAM (GPU)
INFO: VAO: [ID 427] Unloaded vertex array data from VRAM (GPU)
INFO: VAO: [ID 426] Unloaded vertex array data from VRAM (GPU)
INFO: VAO: [ID 425] Unloaded vertex array data from VRAM (GPU)
INFO: VAO: [ID 424] Unloaded vertex array data from VRAM (GPU)
INFO: VAO: [ID 464] Unloaded vertex array data from VRAM (GPU)
INFO: VAO: [ID 454] Unloaded vertex array data from VRAM (GPU)
INFO: VAO: [ID 117] Unloaded vertex array data from VRAM (GPU)
INFO: VAO: [ID 27] Unloaded vertex array data from VRAM (GPU)
INFO: VAO: [ID 138] Unloaded vertex array data from VRAM (GPU)
INFO: VAO: [ID 463] Unloaded vertex array data from VRAM (GPU)
INFO: VAO: [ID 423] Unloaded vertex array data from VRAM (GPU)
INFO: VAO: [ID 210] Unloaded vertex array data from VRAM (GPU)
INFO: VAO: [ID 385] Unloaded vertex array data from VRAM (GPU)
INFO: VAO: [ID 460] Unloaded vertex array data from VRAM (GPU)
INFO: VAO: [ID 459] Unloaded vertex array data from VRAM (GPU)
INFO: VAO: [ID 458] Unloaded vertex array data from VRAM (GPU)
INFO: VAO: [ID 116] Unloaded vertex array data from VRAM (GPU)
INFO: VAO: [ID 209] Unloaded vertex array data from VRAM (GPU)
INFO: VAO: [ID 115] Unloaded vertex array data from VRAM (GPU)
INFO: VAO: [ID 114] Unloaded vertex array data from VRAM (GPU)
INFO: VAO: [ID 422] Unloaded vertex array data from VRAM (GPU)
INFO: VAO: [ID 39] Unloaded vertex array data from VRAM (GPU)
INFO: VAO: [ID 190] Unloaded vertex array data from VRAM (GPU)
INFO: VAO: [ID 216] Unloaded vertex array data from VRAM (GPU)
INFO: VAO: [ID 274] Unloaded vertex array data from VRAM (GPU)
INFO: VAO: [ID 295] Unloaded vertex array data from VRAM (GPU)
INFO: VAO: [ID 332] Unloaded vertex array data from VRAM (GPU)
INFO: VAO: [ID 384] Unloaded vertex array data from VRAM (GPU)
INFO: VAO: [ID 421] Unloaded vertex array data from VRAM (GPU)
INFO: VAO: [ID 38] Unloaded vertex array data from VRAM (GPU)
INFO: VAO: [ID 175] Unloaded vertex array data from VRAM (GPU)
INFO: VAO: [ID 215] Unloaded vertex array data from VRAM (GPU)
INFO: VAO: [ID 273] Unloaded vertex array data from VRAM (GPU)
INFO: VAO: [ID 294] Unloaded vertex array data from VRAM (GPU)
INFO: VAO: [ID 331] Unloaded vertex array data from VRAM (GPU)
INFO: VAO: [ID 82] Unloaded vertex array data from VRAM (GPU)
INFO: VAO: [ID 382] Unloaded vertex array data from VRAM (GPU)
INFO: VAO: [ID 37] Unloaded vertex array data from VRAM (GPU)
INFO: VAO: [ID 174] Unloaded vertex array data from VRAM (GPU)
INFO: VAO: [ID 214] Unloaded vertex array data from VRAM (GPU)
INFO: VAO: [ID 272] Unloaded vertex array data from VRAM (GPU)
INFO: VAO: [ID 293] Unloaded vertex array data from VRAM (GPU)
INFO: VAO: [ID 330] Unloaded vertex array data from VRAM (GPU)
INFO: VAO: [ID 381] Unloaded vertex array data from VRAM (GPU)
INFO: VAO: [ID 36] Unloaded vertex array data from VRAM (GPU)
INFO: VAO: [ID 173] Unloaded vertex array data from VRAM (GPU)
INFO: VAO: [ID 213] Unloaded vertex array data from VRAM (GPU)
INFO: VAO: [ID 271] Unloaded vertex array data from VRAM (GPU)
INFO: VAO: [ID 292] Unloaded vertex array data from VRAM (GPU)
INFO: VAO: [ID 81] Unloaded vertex array data from VRAM (GPU)
INFO: VAO: [ID 80] Unloaded vertex array data from VRAM (GPU)
INFO: VAO: [ID 270] Unloaded vertex array data from VRAM (GPU)
INFO: VAO: [ID 212] Unloaded vertex array data from VRAM (GPU)
INFO: VAO: [ID 450] Unloaded vertex array data from VRAM (GPU)
INFO: VAO: [ID 170] Unloaded vertex array data from VRAM (GPU)
INFO: VAO: [ID 449] Unloaded vertex array data from VRAM (GPU)
INFO: VAO: [ID 448] Unloaded vertex array data from VRAM (GPU)
INFO: VAO: [ID 35] Unloaded vertex array data from VRAM (GPU)
INFO: VAO: [ID 447] Unloaded vertex array data from VRAM (GPU)
INFO: VAO: [ID 446] Unloaded vertex array data from VRAM (GPU)
INFO: VAO: [ID 445] Unloaded vertex array data from VRAM (GPU)
INFO: VAO: [ID 444] Unloaded vertex array data from VRAM (GPU)
INFO: VAO: [ID 443] Unloaded vertex array data from VRAM (GPU)
INFO: VAO: [ID 442] Unloaded vertex array data from VRAM (GPU)
INFO: VAO: [ID 441] Unloaded vertex array data from VRAM (GPU)
INFO: VAO: [ID 437] Unloaded vertex array data from VRAM (GPU)
INFO: VAO: [ID 436] Unloaded vertex array data from VRAM (GPU)
INFO: VAO: [ID 79] Unloaded vertex array data from VRAM (GPU)
INFO: VAO: [ID 2] Unloaded vertex array data from VRAM (GPU)
INFO: TEXTURE: [ID 5] Unloaded texture data from VRAM (GPU)
INFO: TEXTURE: [ID 6] Unloaded texture data from VRAM (GPU)
INFO: TEXTURE: [ID 7] Unloaded texture data from VRAM (GPU)
INFO: TEXTURE: [ID 8] Unloaded texture data from VRAM (GPU)
INFO: TEXTURE: [ID 9] Unloaded texture data from VRAM (GPU)
INFO: SHADER: [ID 0] Unloaded shader program data from VRAM (GPU)
INFO: SHADER: [ID 6] Unloaded shader program data from VRAM (GPU)
[INF][Engine] Unloading ModLoader contexts...
[ERR][ModLoader] Mod unload failed for Sango.WebUi.SangoWebUiModEntry: System.ObjectDisposedException: Cannot access a disposed object.
Object name: 'BrowserSurfaceCanvasContent'.
   at Ludots.UI.Browser.BrowserSurfaceCanvasContent.ThrowIfDisposed() in C:\001_AI\SangoPort\ludots\src\Libraries\Ludots.UI.Browser\BrowserSurfaceCanvasContent.cs:line 235
   at Ludots.UI.Browser.BrowserSurfaceCanvasContent.SetCanvasFocus(UiNode node, Boolean isFocused) in C:\001_AI\SangoPort\ludots\src\Libraries\Ludots.UI.Browser\BrowserSurfaceCanvasContent.cs:line 173
   at Ludots.UI.UIRoot.SetFocusedCanvas(Nullable`1 canvasNodeId) in C:\001_AI\SangoPort\ludots\src\Libraries\Ludots.UI\UIRoot.cs:line 296
   at Ludots.UI.UIRoot.ClearSceneFromHost() in C:\001_AI\SangoPort\ludots\src\Libraries\Ludots.UI\UIRoot.cs:line 44
   at Ludots.UI.Surface.UiSurfaceHost.RebuildNow(ISet`1 runtimeChangedOwners) in C:\001_AI\SangoPort\ludots\src\Libraries\Ludots.UI\Surface\UiSurfaceHost.cs:line 144
   at Ludots.UI.Surface.UiSurfaceHost.Release(UiSurfaceLeaseHandle handle) in C:\001_AI\SangoPort\ludots\src\Libraries\Ludots.UI\Surface\UiSurfaceHost.cs:line 91
   at Ludots.UI.Surface.UiSurfaceHostExtensions.ReleaseLease(IUiSurfaceHost host, UiSurfaceLeaseHandle& handle) in C:\001_AI\SangoPort\ludots\src\Libraries\Ludots.UI\Surface\UiSurfaceHostExtensions.cs:line 44
   at Sango.WebUi.SangoWebUiModEntry.OnUnload() in C:\001_AI\SangoPort\ludots\mods\sango\SangoWebUiMod\SangoWebUiModEntry.cs:line 61
   at Ludots.Core.Modding.ModLoader.UnloadAll() in C:\001_AI\SangoPort\ludots\src\Core\Modding\ModLoader.cs:line 624
[INF][Engine] Browser runtime provider 'cef' uses non-collectible provider ALC; shadowCopy='C:\Users\sietg\AppData\Local\Ludots\BrowserRuntimeProviders\cef\Ludots.UI.Browser.Cef-b45b3636ab08b760'.
System.ObjectDisposedException: Cannot access a disposed object.
Object name: 'BrowserSurfaceCanvasContent'.
   at Ludots.UI.Browser.BrowserSurfaceCanvasContent.ThrowIfDisposed() in C:\001_AI\SangoPort\ludots\src\Libraries\Ludots.UI.Browser\BrowserSurfaceCanvasContent.cs:line 235
   at Ludots.UI.Browser.BrowserSurfaceCanvasContent.SetCanvasFocus(UiNode node, Boolean isFocused) in C:\001_AI\SangoPort\ludots\src\Libraries\Ludots.UI.Browser\BrowserSurfaceCanvasContent.cs:line 173
   at Ludots.UI.UIRoot.SetFocusedCanvas(Nullable`1 canvasNodeId) in C:\001_AI\SangoPort\ludots\src\Libraries\Ludots.UI\UIRoot.cs:line 296
   at Ludots.UI.UIRoot.ClearSceneFromHost() in C:\001_AI\SangoPort\ludots\src\Libraries\Ludots.UI\UIRoot.cs:line 44
   at Ludots.UI.Surface.UiSurfaceHost.RebuildNow(ISet`1 runtimeChangedOwners) in C:\001_AI\SangoPort\ludots\src\Libraries\Ludots.UI\Surface\UiSurfaceHost.cs:line 144
   at Ludots.UI.Surface.UiSurfaceHost.Release(UiSurfaceLeaseHandle handle) in C:\001_AI\SangoPort\ludots\src\Libraries\Ludots.UI\Surface\UiSurfaceHost.cs:line 91
   at Ludots.UI.Surface.UiSurfaceHostExtensions.ReleaseLease(IUiSurfaceHost host, UiSurfaceLeaseHandle& handle) in C:\001_AI\SangoPort\ludots\src\Libraries\Ludots.UI\Surface\UiSurfaceHostExtensions.cs:line 44
   at Sango.WebUi.SangoWebUiModEntry.OnUnload() in C:\001_AI\SangoPort\ludots\mods\sango\SangoWebUiMod\SangoWebUiModEntry.cs:line 61
   at Ludots.Core.Modding.ModLoader.UnloadAll() in C:\001_AI\SangoPort\ludots\src\Core\Modding\ModLoader.cs:line 624
   at Ludots.Core.Engine.GameEngine.Dispose() in C:\001_AI\SangoPort\ludots\src\Core\Engine\GameEngine.cs:line 4836
   at Ludots.Adapter.Raylib.RaylibHostLoop.Run(RaylibHostSetup setup) in C:\001_AI\SangoPort\ludots\src\Adapters\Raylib\Ludots.Adapter.Raylib\RaylibHostLoop.cs:line 1249
   at Ludots.Adapter.Raylib.RaylibHostLoop.Run(RaylibHostSetup setup) in C:\001_AI\SangoPort\ludots\src\Adapters\Raylib\Ludots.Adapter.Raylib\RaylibHostLoop.cs:line 174
   at Ludots.Adapter.Raylib.RaylibAppHost.Run() in C:\001_AI\SangoPort\ludots\src\Adapters\Raylib\Ludots.Adapter.Raylib\RaylibAppHost.cs:line 84
   at Program.<Main>$(String[] args) in C:\001_AI\SangoPort\ludots\src\Apps\Raylib\Ludots.App.Raylib\Program.cs:line 25
