C:\001_AI\LudotsProd\tmp\wt-fix87\src\Tests\GasTests\bin\Debug\net8.0\GasTests.dll (.NETCoreApp,Version=v8.0)的测试运行
VSTest 版本 17.14.1 (x64)

正在启动测试执行，请稍候...
总共 1 个测试文件与指定模式相匹配。
  已跳过 Scale_ThirtyKDynamicHundredKStatic_WritesBenchmarkArtifacts [< 1 ms]
  失败 NightRaid_InterModOverride_ThresholdAndStackedFlows [549 ms]
  错误消息:
   First raider kill must count.
  堆栈跟踪:
     at Ludots.Tests.Gas.Production.MapTriggerNightRaidAcceptanceTests.TickUntil(GameEngine engine, Func`1 condition, Int32 maxFrames, Func`1 describeFailure) in C:\001_AI\LudotsProd\tmp\wt-fix87\src\Tests\GasTests\Production\MapTriggerNightRaidAcceptanceTests.cs:line 359
   at Ludots.Tests.Gas.Production.MapTriggerNightRaidAcceptanceTests.NightRaid_InterModOverride_ThresholdAndStackedFlows() in C:\001_AI\LudotsProd\tmp\wt-fix87\src\Tests\GasTests\Production\MapTriggerNightRaidAcceptanceTests.cs:line 192

1)    at Ludots.Tests.Gas.Production.MapTriggerNightRaidAcceptanceTests.TickUntil(GameEngine engine, Func`1 condition, Int32 maxFrames, Func`1 describeFailure) in C:\001_AI\LudotsProd\tmp\wt-fix87\src\Tests\GasTests\Production\MapTriggerNightRaidAcceptanceTests.cs:line 359
   at Ludots.Tests.Gas.Production.MapTriggerNightRaidAcceptanceTests.NightRaid_InterModOverride_ThresholdAndStackedFlows() in C:\001_AI\LudotsProd\tmp\wt-fix87\src\Tests\GasTests\Production\MapTriggerNightRaidAcceptanceTests.cs:line 192


  标准输出消息:
 [INF][Engine] Initializing with ConfigPipeline...
 [INF][Engine] Resolving mod dependencies from explicit mod paths: mods=4
 [INF][ModLoader] Mod Load Order:
 [INF][ModLoader] - LudotsCoreMod (P:-1000)
 [INF][ModLoader] - CoreInputMod (P:0)
 [INF][ModLoader] - MapTriggerNightRaidMod (P:0)
 [INF][ModLoader] - NightRaidOverrideMod (P:50)
 [INF][ModLoader] Resolved Mod Load Order (launcher graph):
 [INF][ModLoader] - LudotsCoreMod (P:-1000)
 [INF][ModLoader] - CoreInputMod (P:0)
 [INF][ModLoader] - MapTriggerNightRaidMod (P:0)
 [INF][ModLoader] - NightRaidOverrideMod (P:50)
 [INF][ModLoader] Loading DLL for LudotsCoreMod at C:\001_AI\LudotsProd\tmp\wt-fix87\mods\LudotsCoreMod\bin\net8.0\LudotsCoreMod.dll
 [INF][ModLoader] Scanning 2 types in assembly...
 [INF][ModLoader] Instantiated entry for LudotsCoreMod. Calling OnLoad...
 [INF][Mod.LudotsCoreMod] [LudotsCoreMod] Loaded - Core game framework initialized
 [INF][ModLoader] LudotsCoreMod OnLoad completed.
 [INF][ModLoader] Loaded LudotsCoreMod
 [INF][ModLoader] Loading DLL for CoreInputMod at C:\001_AI\LudotsProd\tmp\wt-fix87\mods\CoreInputMod\bin\net8.0\CoreInputMod.dll
 [INF][ModLoader] Scanning 33 types in assembly...
 [INF][ModLoader] Instantiated entry for CoreInputMod. Calling OnLoad...
 [INF][Mod.CoreInputMod] [CoreInputMod] Loaded - generic command-source and GAS input
 [INF][ModLoader] CoreInputMod OnLoad completed.
 [INF][ModLoader] Loaded CoreInputMod
 [INF][ModLoader] Skip code load for MapTriggerNightRaidMod: manifest has no 'main' (asset-only mod).
 [INF][ModLoader] Skip code load for NightRaidOverrideMod: manifest has no 'main' (asset-only mod).
 [INF][Config] Merged fragment from: Core:game.json
 [INF][Config] Merged fragment from: LudotsCoreMod:assets/game.json
 [INF][Config] Merged fragment from: MapTriggerNightRaidMod:assets/game.json
 [INF][Config] Merged fragment from: Core:config_catalog.json
 [INF][Config] Merged fragment from: MapTriggerNightRaidMod:assets/config_catalog.json
 [INF][Config] Merged fragment from: NightRaidOverrideMod:assets/config_catalog.json
 [INF][Config] Merged fragment from: Core:Navigation/agent_profiles.json
 [INF][Engine] Merged GameConfig: StartupMapId=night_raid, DefaultCoreMod=LudotsCoreMod
 [INF][Engine] Constants loaded: OrderTypeIds=4, ResponseChainOrderTypeIds=3
 [INF][Config] Loading DataRegistry<EntityTemplate> from Entities/templates.json...
 [INF][Config] Merged fragment from: LudotsCoreMod:assets/Entities/templates.json
 [INF][Config] Merged fragment from: MapTriggerNightRaidMod:assets/Entities/templates.json
 [INF][Config] Loaded 12 DataRegistry<EntityTemplate> items.
 [INF][Engine] Initializing Core GAS Systems...
 [INF][Config] Merged fragment from: Core:Engine/clock.json
 [INF][Config] Merged fragment from: Core:Relationships/catalog.json
 [INF][Config] Merged fragment from: LudotsCoreMod:assets/Relationships/catalog.json
 [INF][Config] Merged fragment from: Core:Relationships/control_profiles.json
 [INF][Config] Merged fragment from: Core:GAS/target_dispatch_presets.json
 [INF][Config] Merged fragment from: Core:GAS/clock.json
 [INF][Config] Merged fragment from: Core:Physics2D/clock.json
 [INF][Config] Merged fragment from: Core:Physics2D/solver.json
 [INF][Config] Merged fragment from: Core:Physics2D/kinematic.json
 [INF][Config] Merged fragment from: Core:GAS/attribute_constraints.json
 [INF][Config] Merged fragment from: MapTriggerNightRaidMod:assets/Events/custom_events.json
 [INF][Config] Merged fragment from: Core:Vision/fog_layers.json
 [INF][Config] Merged fragment from: LudotsCoreMod:assets/Presentation/text_tokens.json
 [INF][Config] Merged fragment from: LudotsCoreMod:assets/Presentation/text_tokens.json
 [INF][Config] Merged fragment from: LudotsCoreMod:assets/Presentation/text_locales.json
 [INF][Config] Merged fragment from: Core:GraphTables/lookup_tables.json
 [INF][Config] Merged fragment from: Core:GAS/graphs.json
 [INF][Config] Merged fragment from: MapTriggerNightRaidMod:assets/GAS/graphs.json
 [INF][Config] Merged fragment from: NightRaidOverrideMod:assets/GAS/graphs.json
 [INF][Config] Merged fragment from: Core:GAS/preset_types.json
 [INF][Config] Merged fragment from: Core:Exchange/operations.json
 [INF][Config] Merged fragment from: Core:Progression/scopes.json
 [INF][Config] Merged fragment from: Core:Progression/progressions.json
 [INF][Config] Merged fragment from: Core:Progression/requirements.json
 [INF][Config] Merged fragment from: LudotsCoreMod:assets/GAS/order_types.json
 [INF][Config] Merged fragment from: Core:GAS/effects.json
 [INF][Config] Merged fragment from: Core:GAS/func_lib.json
 [INF][Config] Merged fragment from: Core:GAS/action_lib.json
 [INF][Config] Merged fragment from: Core:Items/shapes.json
 [INF][Config] Merged fragment from: Core:Items/layouts.json
 [INF][Config] Merged fragment from: Core:Items/definitions.json
 [INF][Config] Merged fragment from: Core:Exchange/operations.json
 [INF][Config] Merged fragment from: Core:Panels/panel_templates.json
 [INF][Config] Merged fragment from: MapTriggerNightRaidMod:assets/Panels/panel_templates.json
 [INF][Config] Merged fragment from: Core:Input/filter_profiles.json
 [INF][Config] Merged fragment from: Core:Presentation/lod_profiles.json
 [INF][Config] Merged fragment from: Core:Presentation/particle_vfx.json
 [INF][Config] Merged fragment from: LudotsCoreMod:assets/Presentation/mesh_assets.json
 [INF][Config] Merged fragment from: MapTriggerNightRaidMod:assets/Presentation/mesh_assets.json
 [INF][Config] Merged fragment from: LudotsCoreMod:assets/Presentation/material_assets.json
 [INF][Config] Merged fragment from: LudotsCoreMod:assets/Presentation/animator_controllers.json
 [INF][Config] Merged fragment from: LudotsCoreMod:assets/Presentation/animation_clips.json
 [INF][Config] Merged fragment from: LudotsCoreMod:assets/Presentation/animation_profiles.json
 [INF][Config] Merged fragment from: LudotsCoreMod:assets/Presentation/presenters.json
 [INF][Config] Merged fragment from: CoreInputMod:assets/Presentation/presenters.json
 [INF][Config] Merged fragment from: MapTriggerNightRaidMod:assets/Presentation/presenters.json
 [INF][Config] Merged fragment from: Core:GAS/attribute_bindings.json
 [INF][Config] Merged fragment from: Core:config_catalog.json
 [INF][Config] Merged fragment from: MapTriggerNightRaidMod:assets/config_catalog.json
 [INF][Config] Merged fragment from: NightRaidOverrideMod:assets/config_catalog.json
 [INF][Config] Merged fragment from: Core:Input/default_input.json
 [INF][Config] Merged fragment from: CoreInputMod:assets/Input/default_input.json
 [INF][Config] Merged fragment from: Core:Input/action_attribute_bindings.json
 [INF][Config] Merged fragment from: Core:Input/command_intent_profiles.json
 [INF][Config] Merged fragment from: Core:Input/interaction_context_profiles.json
 [INF][Config] Merged fragment from: Core:Input/cast_commit_profiles.json
 [INF][Config] Merged fragment from: Core:Input/cast_commit_locks.json
 [INF][Config] Merged fragment from: Core:Input/cast_dispatch_profiles.json
 [INF][Config] Merged fragment from: Core:Input/control_schemes.json
 [INF][Config] Merged fragment from: Core:UI/ability_aggregation_profiles.json
 [INF][Config] Merged fragment from: Core:UI/command_deck_profiles.json
 [INF][Config] Merged fragment from: Core:UI/production_overview_profiles.json
 [INF][Config] Merged fragment from: Core:AI/behavior_trees.json
 [INF][Config] Merged fragment from: Core:AI/hfsm.json
 [INF][Config] Merged fragment from: Core:Camera/virtual_cameras.json
 [INF][Config] Merged fragment from: Core:Narrative/variables.json
 [INF][Config] Merged fragment from: Core:Narrative/dialogues.json
 [INF][Config] Merged fragment from: Core:Narrative/cinematics.json
 [INF][Config] Merged fragment from: MapTriggerNightRaidMod:assets/Input/trigger_actions.json
 [INF][ModLoader] No registration conflicts detected.
 [INF][Engine] Firing GameStart event...
 [LudotsCoreMod] Core systems installed
 [INF][Mod.CoreInputMod] [CoreInputMod] No viewmodes.json found, skipping.
 [INF][Mod.CoreInputMod] [CoreInputMod] No viewmodes.json found, skipping.
 [INF][Mod.CoreInputMod] [CoreInputMod] No viewmodes.json found, skipping.
 [INF][Mod.CoreInputMod] [CoreInputMod] No viewmodes.json found, skipping.
 [INF][Mod.CoreInputMod] [CoreInputMod] CommandSourceAcquisition, GasInputResponse, SkillBar, CommandSourceDragOverlay, AbilityAimPresentation, CommandActorMovePathPresentation, TabTarget, ViewMode registered
 [INF][Engine] Loading Map: night_raid
 [INF][Map] Loading Map: night_raid
 [INF][Config] Merged fragment from: MapTriggerNightRaidMod:assets/Maps/night_raid.json
 [INF][Config] Merged fragment from: NightRaidOverrideMod:assets/Maps/night_raid.json
 [INF][Map] Map 'night_raid' loaded.
 [INF][Map] Map 'night_raid' pushed to focus (stack depth=1).
 [INF][Config] Merged fragment from: Core:Navigation/pathing.json
 [INF][Engine] Pathing bootstrap skipped for map 'night_raid': no node-graph board or navmesh query service is loaded.
 [INF][Engine] Creating Entities from MapConfig...
 [WRN][Engine] Duplicate registration for trigger type TriggerGraphMountTrigger. Keeping original.
 [WRN][Engine] Duplicate registration for trigger type TriggerGraphResumeTrigger. Keeping original.
 [WRN][Engine] Duplicate registration for trigger type TriggerGraphMountTrigger. Keeping original.
 [WRN][Engine] Duplicate registration for trigger type TriggerGraphResumeTrigger. Keeping original.
 [WRN][Engine] Duplicate registration for trigger type TriggerGraphMountTrigger. Keeping original.
 [WRN][Engine] Duplicate registration for trigger type TriggerGraphResumeTrigger. Keeping original.
 [WRN][Engine] Duplicate registration for trigger type TriggerGraphMountTrigger. Keeping original.
 [WRN][Engine] Duplicate registration for trigger type TriggerGraphResumeTrigger. Keeping original.
 [WRN][Engine] Duplicate registration for trigger type TriggerGraphMountTrigger. Keeping original.
 [WRN][Engine] Duplicate registration for trigger type TriggerGraphResumeTrigger. Keeping original.
 [WRN][Engine] Duplicate registration for trigger type TriggerGraphMountTrigger. Keeping original.
 [WRN][Engine] Duplicate registration for trigger type TriggerGraphResumeTrigger. Keeping original.
 [WRN][Engine] Duplicate registration for trigger type TriggerGraphMountTrigger. Keeping original.
 [WRN][Engine] Duplicate registration for trigger type TriggerGraphResumeTrigger. Keeping original.
 [WRN][Engine] Duplicate registration for trigger type TriggerGraphMountTrigger. Keeping original.
 [WRN][Engine] Duplicate registration for trigger type TriggerGraphResumeTrigger. Keeping original.
 [WRN][Engine] Duplicate registration for trigger type TriggerGraphMountTrigger. Keeping original.
 [WRN][Engine] Duplicate registration for trigger type TriggerGraphResumeTrigger. Keeping original.
 [INF][Engine] Registered 20 triggers for map 'night_raid'.
 [INF][Engine] Applied DefaultCamera: yaw=45 pitch=52 dist=2200cm fov=50
 [INF][Engine] Firing MapLoaded event for night_raid...
 [ERR][Engine] Error executing trigger TriggerGraph:Graph.NightRaid.Flow:on_raider_died: System.InvalidOperationException: GAS.GRAPH.ERR.MapVariableScopeEntity: ReadMapVarInt requires a scope entity with a MapEntity component (caster or explicit register).
    at Ludots.Core.NodeLibraries.GASGraph.GasGraphOpHandlerTable.RequireMapVariableScopeMap(GraphExecutionState& s, Entity scope, String opName) in C:\001_AI\LudotsProd\tmp\wt-fix87\src\Core\NodeLibraries\GASGraph\GasGraphOpHandlerTable.cs:line 1086
    at Ludots.Core.NodeLibraries.GASGraph.GasGraphOpHandlerTable.HandleReadMapVarInt(GraphExecutionState& s, GraphInstruction& ins, Int32& pc) in C:\001_AI\LudotsProd\tmp\wt-fix87\src\Core\NodeLibraries\GASGraph\GasGraphOpHandlerTable.cs:line 1043
    at Ludots.Core.NodeLibraries.GASGraph.GasGraphOpHandlerTable.ExecuteSliceCore(GraphExecutionState& state, ReadOnlySpan`1 program, GasGraphOpHandlerTable handlers, GraphExecutionCursor& cursor, Int32 budgetSteps) in C:\001_AI\LudotsProd\tmp\wt-fix87\src\Core\NodeLibraries\GASGraph\GasGraphOpHandlerTable.cs:line 601
    at Ludots.Core.NodeLibraries.GASGraph.GasGraphOpHandlerTable.ExecuteSlice(GraphExecutionState& state, ReadOnlySpan`1 program, GasGraphOpHandlerTable handlers, GraphExecutionCursor& cursor, Int32 budgetSteps) in C:\001_AI\LudotsProd\tmp\wt-fix87\src\Core\NodeLibraries\GASGraph\GasGraphOpHandlerTable.cs:line 382
    at Ludots.Core.NodeLibraries.GASGraph.GraphExecutor.ExecuteSlice(GraphFrame& frame, ReadOnlySpan`1 program, Int32 budgetSteps, Boolean programAlreadyValidated) in C:\001_AI\LudotsProd\tmp\wt-fix87\src\Core\NodeLibraries\GASGraph\GraphExecutor.cs:line 186
    at Ludots.Core.NodeLibraries.GASGraph.GraphExecutor.ExecuteScriptSlice(World world, Entity caster, Entity explicitTarget, IntVector2 targetPosCm, ReadOnlySpan`1 program, IGraphRuntimeApi api, GraphProgramRegistry programs, Span`1 floats, Span`1 ints, Span`1 bools, Span`1 entities, Span`1 targets, Span`1 callStack, GraphExecutionCursor& cursor, Int32 budgetSteps, GraphKind kind, GraphDebugTrace debugTrace) in C:\001_AI\LudotsProd\tmp\wt-fix87\src\Core\NodeLibraries\GASGraph\GraphExecutor.cs:line 355
    at Ludots.Core.Gameplay.MapTriggers.TriggerGraphMountTrigger.RunSlice(ScriptContext context) in C:\001_AI\LudotsProd\tmp\wt-fix87\src\Core\Gameplay\MapTriggers\TriggerGraphMountTrigger.cs:line 282
    at Ludots.Core.Gameplay.MapTriggers.TriggerGraphMountTrigger.StartRun(ScriptContext context) in C:\001_AI\LudotsProd\tmp\wt-fix87\src\Core\Gameplay\MapTriggers\TriggerGraphMountTrigger.cs:line 271
    at Ludots.Core.Gameplay.MapTriggers.TriggerGraphMountTrigger.ExecuteAsync(ScriptContext context) in C:\001_AI\LudotsProd\tmp\wt-fix87\src\Core\Gameplay\MapTriggers\TriggerGraphMountTrigger.cs:line 211
    at Ludots.Core.Scripting.TriggerManager.FireTrigger(Trigger trigger, EventKey eventKey, ScriptContext context) in C:\001_AI\LudotsProd\tmp\wt-fix87\src\Core\Scripting\TriggerManager.cs:line 490
 [INF][Engine] Unloading ModLoader contexts...


  失败 NightRaid_TwoPhaseChain_Region_KillCount_Delay_Panel [548 ms]
  错误消息:
   Raider kill 1 must increment kill_count to 1 via EntityDied (got 0).
  堆栈跟踪:
     at Ludots.Tests.Gas.Production.MapTriggerNightRaidAcceptanceTests.TickUntil(GameEngine engine, Func`1 condition, Int32 maxFrames, Func`1 describeFailure) in C:\001_AI\LudotsProd\tmp\wt-fix87\src\Tests\GasTests\Production\MapTriggerNightRaidAcceptanceTests.cs:line 359
   at Ludots.Tests.Gas.Production.MapTriggerNightRaidAcceptanceTests.NightRaid_TwoPhaseChain_Region_KillCount_Delay_Panel() in C:\001_AI\LudotsProd\tmp\wt-fix87\src\Tests\GasTests\Production\MapTriggerNightRaidAcceptanceTests.cs:line 76

1)    at Ludots.Tests.Gas.Production.MapTriggerNightRaidAcceptanceTests.TickUntil(GameEngine engine, Func`1 condition, Int32 maxFrames, Func`1 describeFailure) in C:\001_AI\LudotsProd\tmp\wt-fix87\src\Tests\GasTests\Production\MapTriggerNightRaidAcceptanceTests.cs:line 359
   at Ludots.Tests.Gas.Production.MapTriggerNightRaidAcceptanceTests.NightRaid_TwoPhaseChain_Region_KillCount_Delay_Panel() in C:\001_AI\LudotsProd\tmp\wt-fix87\src\Tests\GasTests\Production\MapTriggerNightRaidAcceptanceTests.cs:line 76


  标准输出消息:
 [INF][Engine] Initializing with ConfigPipeline...
 [INF][Engine] Resolving mod dependencies from explicit mod paths: mods=3
 [INF][ModLoader] Mod Load Order:
 [INF][ModLoader] - LudotsCoreMod (P:-1000)
 [INF][ModLoader] - CoreInputMod (P:0)
 [INF][ModLoader] - MapTriggerNightRaidMod (P:0)
 [INF][ModLoader] Resolved Mod Load Order (launcher graph):
 [INF][ModLoader] - LudotsCoreMod (P:-1000)
 [INF][ModLoader] - CoreInputMod (P:0)
 [INF][ModLoader] - MapTriggerNightRaidMod (P:0)
 [INF][ModLoader] Loading DLL for LudotsCoreMod at C:\001_AI\LudotsProd\tmp\wt-fix87\mods\LudotsCoreMod\bin\net8.0\LudotsCoreMod.dll
 [INF][ModLoader] Scanning 2 types in assembly...
 [INF][ModLoader] Instantiated entry for LudotsCoreMod. Calling OnLoad...
 [INF][Mod.LudotsCoreMod] [LudotsCoreMod] Loaded - Core game framework initialized
 [INF][ModLoader] LudotsCoreMod OnLoad completed.
 [INF][ModLoader] Loaded LudotsCoreMod
 [INF][ModLoader] Loading DLL for CoreInputMod at C:\001_AI\LudotsProd\tmp\wt-fix87\mods\CoreInputMod\bin\net8.0\CoreInputMod.dll
 [INF][ModLoader] Scanning 33 types in assembly...
 [INF][ModLoader] Instantiated entry for CoreInputMod. Calling OnLoad...
 [INF][Mod.CoreInputMod] [CoreInputMod] Loaded - generic command-source and GAS input
 [INF][ModLoader] CoreInputMod OnLoad completed.
 [INF][ModLoader] Loaded CoreInputMod
 [INF][ModLoader] Skip code load for MapTriggerNightRaidMod: manifest has no 'main' (asset-only mod).
 [INF][Config] Merged fragment from: Core:game.json
 [INF][Config] Merged fragment from: LudotsCoreMod:assets/game.json
 [INF][Config] Merged fragment from: MapTriggerNightRaidMod:assets/game.json
 [INF][Config] Merged fragment from: Core:config_catalog.json
 [INF][Config] Merged fragment from: MapTriggerNightRaidMod:assets/config_catalog.json
 [INF][Config] Merged fragment from: Core:Navigation/agent_profiles.json
 [INF][Engine] Merged GameConfig: StartupMapId=night_raid, DefaultCoreMod=LudotsCoreMod
 [INF][Engine] Constants loaded: OrderTypeIds=4, ResponseChainOrderTypeIds=3
 [INF][Config] Loading DataRegistry<EntityTemplate> from Entities/templates.json...
 [INF][Config] Merged fragment from: LudotsCoreMod:assets/Entities/templates.json
 [INF][Config] Merged fragment from: MapTriggerNightRaidMod:assets/Entities/templates.json
 [INF][Config] Loaded 12 DataRegistry<EntityTemplate> items.
 [INF][Engine] Initializing Core GAS Systems...
 [INF][Config] Merged fragment from: Core:Engine/clock.json
 [INF][Config] Merged fragment from: Core:Relationships/catalog.json
 [INF][Config] Merged fragment from: LudotsCoreMod:assets/Relationships/catalog.json
 [INF][Config] Merged fragment from: Core:Relationships/control_profiles.json
 [INF][Config] Merged fragment from: Core:GAS/target_dispatch_presets.json
 [INF][Config] Merged fragment from: Core:GAS/clock.json
 [INF][Config] Merged fragment from: Core:Physics2D/clock.json
 [INF][Config] Merged fragment from: Core:Physics2D/solver.json
 [INF][Config] Merged fragment from: Core:Physics2D/kinematic.json
 [INF][Config] Merged fragment from: Core:GAS/attribute_constraints.json
 [INF][Config] Merged fragment from: MapTriggerNightRaidMod:assets/Events/custom_events.json
 [INF][Config] Merged fragment from: Core:Vision/fog_layers.json
 [INF][Config] Merged fragment from: LudotsCoreMod:assets/Presentation/text_tokens.json
 [INF][Config] Merged fragment from: LudotsCoreMod:assets/Presentation/text_tokens.json
 [INF][Config] Merged fragment from: LudotsCoreMod:assets/Presentation/text_locales.json
 [INF][Config] Merged fragment from: Core:GraphTables/lookup_tables.json
 [INF][Config] Merged fragment from: Core:GAS/graphs.json
 [INF][Config] Merged fragment from: MapTriggerNightRaidMod:assets/GAS/graphs.json
 [INF][Config] Merged fragment from: Core:GAS/preset_types.json
 [INF][Config] Merged fragment from: Core:Exchange/operations.json
 [INF][Config] Merged fragment from: Core:Progression/scopes.json
 [INF][Config] Merged fragment from: Core:Progression/progressions.json
 [INF][Config] Merged fragment from: Core:Progression/requirements.json
 [INF][Config] Merged fragment from: LudotsCoreMod:assets/GAS/order_types.json
 [INF][Config] Merged fragment from: Core:GAS/effects.json
 [INF][Config] Merged fragment from: Core:GAS/func_lib.json
 [INF][Config] Merged fragment from: Core:GAS/action_lib.json
 [INF][Config] Merged fragment from: Core:Items/shapes.json
 [INF][Config] Merged fragment from: Core:Items/layouts.json
 [INF][Config] Merged fragment from: Core:Items/definitions.json
 [INF][Config] Merged fragment from: Core:Exchange/operations.json
 [INF][Config] Merged fragment from: Core:Panels/panel_templates.json
 [INF][Config] Merged fragment from: MapTriggerNightRaidMod:assets/Panels/panel_templates.json
 [INF][Config] Merged fragment from: Core:Input/filter_profiles.json
 [INF][Config] Merged fragment from: Core:Presentation/lod_profiles.json
 [INF][Config] Merged fragment from: Core:Presentation/particle_vfx.json
 [INF][Config] Merged fragment from: LudotsCoreMod:assets/Presentation/mesh_assets.json
 [INF][Config] Merged fragment from: MapTriggerNightRaidMod:assets/Presentation/mesh_assets.json
 [INF][Config] Merged fragment from: LudotsCoreMod:assets/Presentation/material_assets.json
 [INF][Config] Merged fragment from: LudotsCoreMod:assets/Presentation/animator_controllers.json
 [INF][Config] Merged fragment from: LudotsCoreMod:assets/Presentation/animation_clips.json
 [INF][Config] Merged fragment from: LudotsCoreMod:assets/Presentation/animation_profiles.json
 [INF][Config] Merged fragment from: LudotsCoreMod:assets/Presentation/presenters.json
 [INF][Config] Merged fragment from: CoreInputMod:assets/Presentation/presenters.json
 [INF][Config] Merged fragment from: MapTriggerNightRaidMod:assets/Presentation/presenters.json
 [INF][Config] Merged fragment from: Core:GAS/attribute_bindings.json
 [INF][Config] Merged fragment from: Core:config_catalog.json
 [INF][Config] Merged fragment from: MapTriggerNightRaidMod:assets/config_catalog.json
 [INF][Config] Merged fragment from: Core:Input/default_input.json
 [INF][Config] Merged fragment from: CoreInputMod:assets/Input/default_input.json
 [INF][Config] Merged fragment from: Core:Input/action_attribute_bindings.json
 [INF][Config] Merged fragment from: Core:Input/command_intent_profiles.json
 [INF][Config] Merged fragment from: Core:Input/interaction_context_profiles.json
 [INF][Config] Merged fragment from: Core:Input/cast_commit_profiles.json
 [INF][Config] Merged fragment from: Core:Input/cast_commit_locks.json
 [INF][Config] Merged fragment from: Core:Input/cast_dispatch_profiles.json
 [INF][Config] Merged fragment from: Core:Input/control_schemes.json
 [INF][Config] Merged fragment from: Core:UI/ability_aggregation_profiles.json
 [INF][Config] Merged fragment from: Core:UI/command_deck_profiles.json
 [INF][Config] Merged fragment from: Core:UI/production_overview_profiles.json
 [INF][Config] Merged fragment from: Core:AI/behavior_trees.json
 [INF][Config] Merged fragment from: Core:AI/hfsm.json
 [INF][Config] Merged fragment from: Core:Camera/virtual_cameras.json
 [INF][Config] Merged fragment from: Core:Narrative/variables.json
 [INF][Config] Merged fragment from: Core:Narrative/dialogues.json
 [INF][Config] Merged fragment from: Core:Narrative/cinematics.json
 [INF][Config] Merged fragment from: MapTriggerNightRaidMod:assets/Input/trigger_actions.json
 [INF][ModLoader] No registration conflicts detected.
 [INF][Engine] Firing GameStart event...
 [LudotsCoreMod] Core systems installed
 [INF][Mod.CoreInputMod] [CoreInputMod] No viewmodes.json found, skipping.
 [INF][Mod.CoreInputMod] [CoreInputMod] No viewmodes.json found, skipping.
 [INF][Mod.CoreInputMod] [CoreInputMod] No viewmodes.json found, skipping.
 [INF][Mod.CoreInputMod] [CoreInputMod] CommandSourceAcquisition, GasInputResponse, SkillBar, CommandSourceDragOverlay, AbilityAimPresentation, CommandActorMovePathPresentation, TabTarget, ViewMode registered
 [INF][Engine] Loading Map: night_raid
 [INF][Map] Loading Map: night_raid
 [INF][Config] Merged fragment from: MapTriggerNightRaidMod:assets/Maps/night_raid.json
 [INF][Map] Map 'night_raid' loaded.
 [INF][Map] Map 'night_raid' pushed to focus (stack depth=1).
 [INF][Config] Merged fragment from: Core:Navigation/pathing.json
 [INF][Engine] Pathing bootstrap skipped for map 'night_raid': no node-graph board or navmesh query service is loaded.
 [INF][Engine] Creating Entities from MapConfig...
 [WRN][Engine] Duplicate registration for trigger type TriggerGraphMountTrigger. Keeping original.
 [WRN][Engine] Duplicate registration for trigger type TriggerGraphResumeTrigger. Keeping original.
 [WRN][Engine] Duplicate registration for trigger type TriggerGraphMountTrigger. Keeping original.
 [WRN][Engine] Duplicate registration for trigger type TriggerGraphResumeTrigger. Keeping original.
 [WRN][Engine] Duplicate registration for trigger type TriggerGraphMountTrigger. Keeping original.
 [WRN][Engine] Duplicate registration for trigger type TriggerGraphResumeTrigger. Keeping original.
 [WRN][Engine] Duplicate registration for trigger type TriggerGraphMountTrigger. Keeping original.
 [WRN][Engine] Duplicate registration for trigger type TriggerGraphResumeTrigger. Keeping original.
 [WRN][Engine] Duplicate registration for trigger type TriggerGraphMountTrigger. Keeping original.
 [WRN][Engine] Duplicate registration for trigger type TriggerGraphResumeTrigger. Keeping original.
 [WRN][Engine] Duplicate registration for trigger type TriggerGraphMountTrigger. Keeping original.
 [WRN][Engine] Duplicate registration for trigger type TriggerGraphResumeTrigger. Keeping original.
 [WRN][Engine] Duplicate registration for trigger type TriggerGraphMountTrigger. Keeping original.
 [WRN][Engine] Duplicate registration for trigger type TriggerGraphResumeTrigger. Keeping original.
 [INF][Engine] Registered 16 triggers for map 'night_raid'.
 [INF][Engine] Applied DefaultCamera: yaw=45 pitch=52 dist=2200cm fov=50
 [INF][Engine] Firing MapLoaded event for night_raid...
 [ERR][Engine] Error executing trigger TriggerGraph:Graph.NightRaid.Flow:on_raider_died: System.InvalidOperationException: GAS.GRAPH.ERR.MapVariableScopeEntity: ReadMapVarInt requires a scope entity with a MapEntity component (caster or explicit register).
    at Ludots.Core.NodeLibraries.GASGraph.GasGraphOpHandlerTable.RequireMapVariableScopeMap(GraphExecutionState& s, Entity scope, String opName) in C:\001_AI\LudotsProd\tmp\wt-fix87\src\Core\NodeLibraries\GASGraph\GasGraphOpHandlerTable.cs:line 1086
    at Ludots.Core.NodeLibraries.GASGraph.GasGraphOpHandlerTable.HandleReadMapVarInt(GraphExecutionState& s, GraphInstruction& ins, Int32& pc) in C:\001_AI\LudotsProd\tmp\wt-fix87\src\Core\NodeLibraries\GASGraph\GasGraphOpHandlerTable.cs:line 1043
    at Ludots.Core.NodeLibraries.GASGraph.GasGraphOpHandlerTable.ExecuteSliceCore(GraphExecutionState& state, ReadOnlySpan`1 program, GasGraphOpHandlerTable handlers, GraphExecutionCursor& cursor, Int32 budgetSteps) in C:\001_AI\LudotsProd\tmp\wt-fix87\src\Core\NodeLibraries\GASGraph\GasGraphOpHandlerTable.cs:line 601
    at Ludots.Core.NodeLibraries.GASGraph.GasGraphOpHandlerTable.ExecuteSlice(GraphExecutionState& state, ReadOnlySpan`1 program, GasGraphOpHandlerTable handlers, GraphExecutionCursor& cursor, Int32 budgetSteps) in C:\001_AI\LudotsProd\tmp\wt-fix87\src\Core\NodeLibraries\GASGraph\GasGraphOpHandlerTable.cs:line 382
    at Ludots.Core.NodeLibraries.GASGraph.GraphExecutor.ExecuteSlice(GraphFrame& frame, ReadOnlySpan`1 program, Int32 budgetSteps, Boolean programAlreadyValidated) in C:\001_AI\LudotsProd\tmp\wt-fix87\src\Core\NodeLibraries\GASGraph\GraphExecutor.cs:line 186
    at Ludots.Core.NodeLibraries.GASGraph.GraphExecutor.ExecuteScriptSlice(World world, Entity caster, Entity explicitTarget, IntVector2 targetPosCm, ReadOnlySpan`1 program, IGraphRuntimeApi api, GraphProgramRegistry programs, Span`1 floats, Span`1 ints, Span`1 bools, Span`1 entities, Span`1 targets, Span`1 callStack, GraphExecutionCursor& cursor, Int32 budgetSteps, GraphKind kind, GraphDebugTrace debugTrace) in C:\001_AI\LudotsProd\tmp\wt-fix87\src\Core\NodeLibraries\GASGraph\GraphExecutor.cs:line 355
    at Ludots.Core.Gameplay.MapTriggers.TriggerGraphMountTrigger.RunSlice(ScriptContext context) in C:\001_AI\LudotsProd\tmp\wt-fix87\src\Core\Gameplay\MapTriggers\TriggerGraphMountTrigger.cs:line 282
    at Ludots.Core.Gameplay.MapTriggers.TriggerGraphMountTrigger.StartRun(ScriptContext context) in C:\001_AI\LudotsProd\tmp\wt-fix87\src\Core\Gameplay\MapTriggers\TriggerGraphMountTrigger.cs:line 271
    at Ludots.Core.Gameplay.MapTriggers.TriggerGraphMountTrigger.ExecuteAsync(ScriptContext context) in C:\001_AI\LudotsProd\tmp\wt-fix87\src\Core\Gameplay\MapTriggers\TriggerGraphMountTrigger.cs:line 211
    at Ludots.Core.Scripting.TriggerManager.FireTrigger(Trigger trigger, EventKey eventKey, ScriptContext context) in C:\001_AI\LudotsProd\tmp\wt-fix87\src\Core\Scripting\TriggerManager.cs:line 490
 [INF][Engine] Unloading ModLoader contexts...


  失败 ChampionSkillSandbox_CastModeToolbar_SwitchesInteractionModeAndPanelHints [1 s]
  错误消息:
     Assert.That(engine.AuthorityCamera().FollowTargetPositionCm.HasValue, Is.True)
  Expected: True
  But was:  False

  堆栈跟踪:
     at Ludots.Tests.GAS.Production.ChampionSkillSandboxConfigTests.ChampionSkillSandbox_CastModeToolbar_SwitchesInteractionModeAndPanelHints() in C:\001_AI\LudotsProd\tmp\wt-fix87\src\Tests\GasTests\Production\ChampionSkillSandboxConfigTests.cs:line 409

1)    at Ludots.Tests.GAS.Production.ChampionSkillSandboxConfigTests.ChampionSkillSandbox_CastModeToolbar_SwitchesInteractionModeAndPanelHints() in C:\001_AI\LudotsProd\tmp\wt-fix87\src\Tests\GasTests\Production\ChampionSkillSandboxConfigTests.cs:line 409


  标准输出消息:
 [INF][Engine] Initializing with ConfigPipeline...
 [INF][Engine] Resolving mod dependencies from explicit mod paths: mods=6
 [INF][ModLoader] Mod Load Order:
 [INF][ModLoader] - LudotsCoreMod (P:-1000)
 [INF][ModLoader] - DiagnosticsOverlayMod (P:900)
 [INF][ModLoader] - EntityCommandPanelMod (P:130)
 [INF][ModLoader] - CoreInputMod (P:0)
 [INF][ModLoader] - CameraProfilesMod (P:0)
 [INF][ModLoader] - ChampionSkillSandboxMod (P:200)
 [INF][ModLoader] Resolved Mod Load Order (launcher graph):
 [INF][ModLoader] - LudotsCoreMod (P:-1000)
 [INF][ModLoader] - DiagnosticsOverlayMod (P:900)
 [INF][ModLoader] - EntityCommandPanelMod (P:130)
 [INF][ModLoader] - CoreInputMod (P:0)
 [INF][ModLoader] - CameraProfilesMod (P:0)
 [INF][ModLoader] - ChampionSkillSandboxMod (P:200)
 [INF][ModLoader] Loading DLL for LudotsCoreMod at C:\001_AI\LudotsProd\tmp\wt-fix87\mods\LudotsCoreMod\bin\net8.0\LudotsCoreMod.dll
 [INF][ModLoader] Scanning 2 types in assembly...
 [INF][ModLoader] Instantiated entry for LudotsCoreMod. Calling OnLoad...
 [INF][Mod.LudotsCoreMod] [LudotsCoreMod] Loaded - Core game framework initialized
 [INF][ModLoader] LudotsCoreMod OnLoad completed.
 [INF][ModLoader] Loaded LudotsCoreMod
 [INF][ModLoader] Loading DLL for DiagnosticsOverlayMod at C:\001_AI\LudotsProd\tmp\wt-fix87\mods\DiagnosticsOverlayMod\bin\net8.0\DiagnosticsOverlayMod.dll
 [INF][ModLoader] Scanning 9 types in assembly...
 [INF][ModLoader] Instantiated entry for DiagnosticsOverlayMod. Calling OnLoad...
 [INF][Mod.DiagnosticsOverlayMod] [DiagnosticsOverlayMod] Loaded — F5: Config | F6: Mods | F7: Attributes
 [INF][ModLoader] DiagnosticsOverlayMod OnLoad completed.
 [INF][ModLoader] Loaded DiagnosticsOverlayMod
 [INF][ModLoader] Reusing preloaded assembly for EntityCommandPanelMod: C:\001_AI\LudotsProd\tmp\wt-fix87\src\Tests\GasTests\bin\Debug\net8.0\EntityCommandPanelMod.dll
 [INF][ModLoader] Scanning 30 types in assembly...
 [INF][ModLoader] Instantiated entry for EntityCommandPanelMod. Calling OnLoad...
 [INF][Mod.EntityCommandPanelMod] [EntityCommandPanelMod] Loaded
 [INF][ModLoader] EntityCommandPanelMod OnLoad completed.
 [INF][ModLoader] Loaded EntityCommandPanelMod
 [INF][ModLoader] Reusing preloaded assembly for CoreInputMod: C:\001_AI\LudotsProd\tmp\wt-fix87\src\Tests\GasTests\bin\Debug\net8.0\CoreInputMod.dll
 [INF][ModLoader] Scanning 33 types in assembly...
 [INF][ModLoader] Instantiated entry for CoreInputMod. Calling OnLoad...
 [INF][Mod.CoreInputMod] [CoreInputMod] Loaded - generic command-source and GAS input
 [INF][ModLoader] CoreInputMod OnLoad completed.
 [INF][ModLoader] Loaded CoreInputMod
 [INF][ModLoader] Loading DLL for CameraProfilesMod at C:\001_AI\LudotsProd\tmp\wt-fix87\mods\capabilities\camera\CameraProfilesMod\bin\net8.0\CameraProfilesMod.dll
 [INF][ModLoader] Scanning 2 types in assembly...
 [INF][ModLoader] Instantiated entry for CameraProfilesMod. Calling OnLoad...
 [INF][Mod.CameraProfilesMod] [CameraProfilesMod] Loaded
 [INF][ModLoader] CameraProfilesMod OnLoad completed.
 [INF][ModLoader] Loaded CameraProfilesMod
 [INF][ModLoader] Loading DLL for ChampionSkillSandboxMod at C:\001_AI\LudotsProd\tmp\wt-fix87\mods\showcases\champion_skill_sandbox\ChampionSkillSandboxMod\bin\net8.0\ChampionSkillSandboxMod.dll
 [INF][ModLoader] Scanning 27 types in assembly...
 [INF][ModLoader] Instantiated entry for ChampionSkillSandboxMod. Calling OnLoad...
 [INF][Mod.ChampionSkillSandboxMod] [ChampionSkillSandboxMod] Loaded
 [INF][ModLoader] ChampionSkillSandboxMod OnLoad completed.
 [INF][ModLoader] Loaded ChampionSkillSandboxMod
 [INF][Config] Merged fragment from: Core:game.json
 [INF][Config] Merged fragment from: LudotsCoreMod:assets/game.json
 [INF][Config] Merged fragment from: DiagnosticsOverlayMod:assets/game.json
 [INF][Config] Merged fragment from: ChampionSkillSandboxMod:assets/game.json
 [INF][Config] Merged fragment from: Core:config_catalog.json
 [INF][Config] Merged fragment from: Core:Navigation/agent_profiles.json
 [INF][Engine] Merged GameConfig: StartupMapId=champion_skill_sandbox, DefaultCoreMod=LudotsCoreMod
 [INF][Engine] Constants loaded: OrderTypeIds=4, ResponseChainOrderTypeIds=3
 [INF][Config] Loading DataRegistry<EntityTemplate> from Entities/templates.json...
 [INF][Config] Merged fragment from: LudotsCoreMod:assets/Entities/templates.json
 [INF][Config] Merged fragment from: ChampionSkillSandboxMod:assets/Entities/templates.json
 [INF][Config] Loaded 27 DataRegistry<EntityTemplate> items.
 [INF][Engine] Initializing Core GAS Systems...
 [INF][Config] Merged fragment from: Core:Engine/clock.json
 [INF][Config] Merged fragment from: Core:Relationships/catalog.json
 [INF][Config] Merged fragment from: LudotsCoreMod:assets/Relationships/catalog.json
 [INF][Config] Merged fragment from: ChampionSkillSandboxMod:assets/Relationships/catalog.json
 [INF][Config] Merged fragment from: Core:Relationships/control_profiles.json
 [INF][Config] Merged fragment from: Core:GAS/target_dispatch_presets.json
 [INF][Config] Merged fragment from: Core:GAS/clock.json
 [INF][Config] Merged fragment from: Core:Physics2D/clock.json
 [INF][Config] Merged fragment from: Core:Physics2D/solver.json
 [INF][Config] Merged fragment from: Core:Physics2D/kinematic.json
 [INF][Config] Merged fragment from: Core:GAS/attribute_constraints.json
 [INF][Config] Merged fragment from: Core:Vision/fog_layers.json
 [INF][Config] Merged fragment from: LudotsCoreMod:assets/Presentation/text_tokens.json
 [INF][Config] Merged fragment from: LudotsCoreMod:assets/Presentation/text_tokens.json
 [INF][Config] Merged fragment from: LudotsCoreMod:assets/Presentation/text_locales.json
 [INF][Config] Merged fragment from: Core:GraphTables/lookup_tables.json
 [INF][Config] Merged fragment from: Core:GAS/graphs.json
 [INF][Config] Merged fragment from: ChampionSkillSandboxMod:assets/GAS/graphs.json
 [INF][Config] Merged fragment from: Core:GAS/preset_types.json
 [INF][Config] Merged fragment from: Core:Exchange/operations.json
 [INF][Config] Merged fragment from: Core:Progression/scopes.json
 [INF][Config] Merged fragment from: Core:Progression/progressions.json
 [INF][Config] Merged fragment from: Core:Progression/requirements.json
 [INF][Config] Merged fragment from: LudotsCoreMod:assets/GAS/order_types.json
 [INF][Config] Merged fragment from: Core:GAS/effects.json
 [INF][Config] Merged fragment from: ChampionSkillSandboxMod:assets/GAS/effects.json
 [INF][Config] Merged fragment from: ChampionSkillSandboxMod:assets/GAS/abilities.json
 [INF][Config] Merged fragment from: ChampionSkillSandboxMod:assets/GAS/ability_form_sets.json
 [INF][Config] Merged fragment from: Core:GAS/func_lib.json
 [INF][Config] Merged fragment from: Core:GAS/action_lib.json
 [INF][Config] Merged fragment from: Core:Items/shapes.json
 [INF][Config] Merged fragment from: Core:Items/layouts.json
 [INF][Config] Merged fragment from: Core:Items/definitions.json
 [INF][Config] Merged fragment from: Core:Exchange/operations.json
 [INF][Config] Merged fragment from: Core:Panels/panel_templates.json
 [INF][Config] Merged fragment from: Core:Input/filter_profiles.json
 [INF][Config] Merged fragment from: Core:Presentation/lod_profiles.json
 [INF][Config] Merged fragment from: Core:Presentation/particle_vfx.json
 [INF][Config] Merged fragment from: LudotsCoreMod:assets/Presentation/mesh_assets.json
 [INF][Config] Merged fragment from: LudotsCoreMod:assets/Presentation/material_assets.json
 [INF][Config] Merged fragment from: LudotsCoreMod:assets/Presentation/animator_controllers.json
 [INF][Config] Merged fragment from: LudotsCoreMod:assets/Presentation/animation_clips.json
 [INF][Config] Merged fragment from: LudotsCoreMod:assets/Presentation/animation_profiles.json
 [INF][Config] Merged fragment from: LudotsCoreMod:assets/Presentation/presenters.json
 [INF][Config] Merged fragment from: CoreInputMod:assets/Presentation/presenters.json
 [INF][Config] Merged fragment from: ChampionSkillSandboxMod:assets/Presentation/presenters.json
 [INF][Config] Merged fragment from: Core:GAS/attribute_bindings.json
 [INF][Config] Merged fragment from: Core:config_catalog.json
 [INF][Config] Merged fragment from: Core:Input/default_input.json
 [INF][Config] Merged fragment from: DiagnosticsOverlayMod:assets/Input/default_input.json
 [INF][Config] Merged fragment from: CoreInputMod:assets/Input/default_input.json
 [INF][Config] Merged fragment from: CameraProfilesMod:assets/Input/default_input.json
 [INF][Config] Merged fragment from: ChampionSkillSandboxMod:assets/Input/default_input.json
 [INF][Config] Merged fragment from: Core:Input/action_attribute_bindings.json
 [INF][Config] Merged fragment from: Core:Input/command_intent_profiles.json
 [INF][Config] Merged fragment from: ChampionSkillSandboxMod:assets/Input/command_intent_profiles.json
 [INF][Config] Merged fragment from: Core:Input/interaction_context_profiles.json
 [INF][Config] Merged fragment from: Core:Input/cast_commit_profiles.json
 [INF][Config] Merged fragment from: Core:Input/cast_commit_locks.json
 [INF][Config] Merged fragment from: Core:Input/cast_dispatch_profiles.json
 [INF][Config] Merged fragment from: Core:Input/control_schemes.json
 [INF][Config] Merged fragment from: Core:UI/ability_aggregation_profiles.json
 [INF][Config] Merged fragment from: EntityCommandPanelMod:assets/UI/ability_aggregation_profiles.json
 [INF][Config] Merged fragment from: Core:UI/command_deck_profiles.json
 [INF][Config] Merged fragment from: Core:UI/production_overview_profiles.json
 [INF][Config] Merged fragment from: Core:AI/behavior_trees.json
 [INF][Config] Merged fragment from: Core:AI/hfsm.json
 [INF][Config] Merged fragment from: Core:Camera/virtual_cameras.json
 [INF][Config] Merged fragment from: CameraProfilesMod:assets/Camera/virtual_cameras.json
 [INF][Config] Merged fragment from: ChampionSkillSandboxMod:assets/Camera/virtual_cameras.json
 [INF][Config] Merged fragment from: Core:Narrative/variables.json
 [INF][Config] Merged fragment from: Core:Narrative/dialogues.json
 [INF][Config] Merged fragment from: Core:Narrative/cinematics.json
 [INF][ModLoader] No registration conflicts detected.
 [INF][Config] Merged fragment from: Core:config_catalog.json
 [INF][Config] Merged fragment from: Core:Input/default_input.json
 [INF][Config] Merged fragment from: DiagnosticsOverlayMod:assets/Input/default_input.json
 [INF][Config] Merged fragment from: CoreInputMod:assets/Input/default_input.json
 [INF][Config] Merged fragment from: CameraProfilesMod:assets/Input/default_input.json
 [INF][Config] Merged fragment from: ChampionSkillSandboxMod:assets/Input/default_input.json
 [INF][Engine] Firing GameStart event...
 [LudotsCoreMod] Core systems installed
 [INF][Config] Merged fragment from: Core:game.json
 [INF][Config] Merged fragment from: LudotsCoreMod:assets/game.json
 [INF][Config] Merged fragment from: DiagnosticsOverlayMod:assets/game.json
 [INF][Config] Merged fragment from: ChampionSkillSandboxMod:assets/game.json
 [INF][Engine] Activated system 'DiagnosticsOverlay' (group=SchemaUpdate, presentation=True).
 [INF][Mod.EntityCommandPanelMod] [EntityCommandPanelMod] Installed GAS entity command panel runtime.
 [INF][Mod.CoreInputMod] [CoreInputMod] No viewmodes.json found, skipping.
 [INF][Mod.CoreInputMod] [CoreInputMod] No viewmodes.json found, skipping.
 [INF][Mod.CoreInputMod] [CoreInputMod] No viewmodes.json found, skipping.
 [INF][Mod.CoreInputMod] [CoreInputMod] No viewmodes.json found, skipping.
 [INF][Mod.CoreInputMod] [CoreInputMod] Registered 3 view modes from CameraProfilesMod.
 [INF][Mod.CoreInputMod] [CoreInputMod] Registered 3 view modes from ChampionSkillSandboxMod.
 [INF][Mod.CoreInputMod] [CoreInputMod] CommandSourceAcquisition, GasInputResponse, SkillBar, CommandSourceDragOverlay, AbilityAimPresentation, CommandActorMovePathPresentation, TabTarget, ViewMode registered
 [INF][Mod.ChampionSkillSandboxMod] [ChampionSkillSandboxMod] Local order source, command panel focus runtime, and cast mode toolbar registered.
 [INF][Engine] Loading Map: champion_skill_sandbox
 [INF][Map] Loading Map: champion_skill_sandbox
 [INF][Config] Merged fragment from: ChampionSkillSandboxMod:assets/Maps/champion_skill_sandbox.json
 [INF][Map] Map 'champion_skill_sandbox' loaded.
 [INF][Map] Map 'champion_skill_sandbox' pushed to focus (stack depth=1).
 [INF][Config] Merged fragment from: Core:Navigation/pathing.json
 [INF][Config] Merged fragment from: ChampionSkillSandboxMod:assets/Navigation/pathing.json
 [INF][Engine] Pathing bootstrap ready for map 'champion_skill_sandbox': service=DirectPathService, board='<none>', loadedGraphChunks=0.
 [INF][Engine] Creating Entities from MapConfig...
 [INF][Engine] Applied DefaultCamera: yaw=180 pitch=54 dist=3900cm fov=42
 [INF][Engine] Firing MapLoaded event for champion_skill_sandbox...
 [INF][Engine] Unloading ModLoader contexts...


  失败 ChampionSkillSandbox_Ezreal_WMarkDetonatesViaQER [786 ms]
  错误消息:
     Predicate was not satisfied within 40 frames. actor=Ezreal Alpha || actorPos=(1180,720) || targetScreen=(1320,720) || liveHasAction=True | liveContexts=[Diagnostics_Overlay:120,ChampionSkillSandbox.Controls:90,Default_Gameplay:0] | livePressed=False | liveDown=False | livePointer=(166.37,705.05) | authPressed=False | authDown=False | authPointer=(166.37,705.05) | backendRight=False | backendLeft=False | pointerCaptured=False | groundOverride=False | mappingMode=SmartCast | mappingAiming=False | TargetType=Position | orderTypeKey=moveTo | activeMode=ChampionSkillSandbox.Mode.SmartCast || rightClickPressFrame=liveHasAction=True | liveContexts=[Diagnostics_Overlay:120,ChampionSkillSandbox.Controls:90,Default_Gameplay:0] | livePressed=False | liveDown=True | livePointer=(166.37,705.05) | authPressed=True | authDown=True | authPointer=(166.37,705.05) | backendRight=True | backendLeft=False | pointerCaptured=False | groundOverride=False | mappingMode=SmartCast | mappingAiming=False | TargetType=Position | orderTypeKey=moveTo | activeMode=ChampionSkillSandbox.Mode.SmartCast || localOrderSource=actor=9:7:1 bindSoleSeatActor=true commandPressed=False || activeOrder=<none> | pendingOrder=<none> | castPoints=0 | exec=<none> || selected=Ezreal Alpha | hovered=<none> || lastGround=(1320,720) || lastOrder=<missing>
Assert.That(predicate(), Is.True)
  Expected: True
  But was:  False

  堆栈跟踪:
     at Ludots.Tests.GAS.Production.ChampionSkillSandboxPlayableAcceptanceTests.TickUntil(GameEngine engine, List`1 frameTimesMs, Func`1 predicate, Int32 maxFrames, Func`1 describeFailure) in C:\001_AI\LudotsProd\tmp\wt-fix87\src\Tests\GasTests\Production\ChampionSkillSandboxPlayableAcceptanceTests.cs:line 1180
   at Ludots.Tests.GAS.Production.ChampionSkillSandboxPlayableAcceptanceTests.ChampionSkillSandbox_Ezreal_WMarkDetonatesViaQER() in C:\001_AI\LudotsProd\tmp\wt-fix87\src\Tests\GasTests\Production\ChampionSkillSandboxPlayableAcceptanceTests.cs:line 810

1)    at Ludots.Tests.GAS.Production.ChampionSkillSandboxPlayableAcceptanceTests.TickUntil(GameEngine engine, List`1 frameTimesMs, Func`1 predicate, Int32 maxFrames, Func`1 describeFailure) in C:\001_AI\LudotsProd\tmp\wt-fix87\src\Tests\GasTests\Production\ChampionSkillSandboxPlayableAcceptanceTests.cs:line 1180
   at Ludots.Tests.GAS.Production.ChampionSkillSandboxPlayableAcceptanceTests.ChampionSkillSandbox_Ezreal_WMarkDetonatesViaQER() in C:\001_AI\LudotsProd\tmp\wt-fix87\src\Tests\GasTests\Production\ChampionSkillSandboxPlayableAcceptanceTests.cs:line 810


  标准输出消息:
 [INF][Engine] Initializing with ConfigPipeline...
 [INF][Engine] Resolving mod dependencies from explicit mod paths: mods=6
 [INF][ModLoader] Mod Load Order:
 [INF][ModLoader] - LudotsCoreMod (P:-1000)
 [INF][ModLoader] - DiagnosticsOverlayMod (P:900)
 [INF][ModLoader] - EntityCommandPanelMod (P:130)
 [INF][ModLoader] - CoreInputMod (P:0)
 [INF][ModLoader] - CameraProfilesMod (P:0)
 [INF][ModLoader] - ChampionSkillSandboxMod (P:200)
 [INF][ModLoader] Resolved Mod Load Order (launcher graph):
 [INF][ModLoader] - LudotsCoreMod (P:-1000)
 [INF][ModLoader] - DiagnosticsOverlayMod (P:900)
 [INF][ModLoader] - EntityCommandPanelMod (P:130)
 [INF][ModLoader] - CoreInputMod (P:0)
 [INF][ModLoader] - CameraProfilesMod (P:0)
 [INF][ModLoader] - ChampionSkillSandboxMod (P:200)
 [INF][ModLoader] Loading DLL for LudotsCoreMod at C:\001_AI\LudotsProd\tmp\wt-fix87\mods\LudotsCoreMod\bin\net8.0\LudotsCoreMod.dll
 [INF][ModLoader] Scanning 2 types in assembly...
 [INF][ModLoader] Instantiated entry for LudotsCoreMod. Calling OnLoad...
 [INF][Mod.LudotsCoreMod] [LudotsCoreMod] Loaded - Core game framework initialized
 [INF][ModLoader] LudotsCoreMod OnLoad completed.
 [INF][ModLoader] Loaded LudotsCoreMod
 [INF][ModLoader] Loading DLL for DiagnosticsOverlayMod at C:\001_AI\LudotsProd\tmp\wt-fix87\mods\DiagnosticsOverlayMod\bin\net8.0\DiagnosticsOverlayMod.dll
 [INF][ModLoader] Scanning 9 types in assembly...
 [INF][ModLoader] Instantiated entry for DiagnosticsOverlayMod. Calling OnLoad...
 [INF][Mod.DiagnosticsOverlayMod] [DiagnosticsOverlayMod] Loaded — F5: Config | F6: Mods | F7: Attributes
 [INF][ModLoader] DiagnosticsOverlayMod OnLoad completed.
 [INF][ModLoader] Loaded DiagnosticsOverlayMod
 [INF][ModLoader] Reusing preloaded assembly for EntityCommandPanelMod: C:\001_AI\LudotsProd\tmp\wt-fix87\src\Tests\GasTests\bin\Debug\net8.0\EntityCommandPanelMod.dll
 [INF][ModLoader] Scanning 30 types in assembly...
 [INF][ModLoader] Instantiated entry for EntityCommandPanelMod. Calling OnLoad...
 [INF][Mod.EntityCommandPanelMod] [EntityCommandPanelMod] Loaded
 [INF][ModLoader] EntityCommandPanelMod OnLoad completed.
 [INF][ModLoader] Loaded EntityCommandPanelMod
 [INF][ModLoader] Reusing preloaded assembly for CoreInputMod: C:\001_AI\LudotsProd\tmp\wt-fix87\src\Tests\GasTests\bin\Debug\net8.0\CoreInputMod.dll
 [INF][ModLoader] Scanning 33 types in assembly...
 [INF][ModLoader] Instantiated entry for CoreInputMod. Calling OnLoad...
 [INF][Mod.CoreInputMod] [CoreInputMod] Loaded - generic command-source and GAS input
 [INF][ModLoader] CoreInputMod OnLoad completed.
 [INF][ModLoader] Loaded CoreInputMod
 [INF][ModLoader] Loading DLL for CameraProfilesMod at C:\001_AI\LudotsProd\tmp\wt-fix87\mods\capabilities\camera\CameraProfilesMod\bin\net8.0\CameraProfilesMod.dll
 [INF][ModLoader] Scanning 2 types in assembly...
 [INF][ModLoader] Instantiated entry for CameraProfilesMod. Calling OnLoad...
 [INF][Mod.CameraProfilesMod] [CameraProfilesMod] Loaded
 [INF][ModLoader] CameraProfilesMod OnLoad completed.
 [INF][ModLoader] Loaded CameraProfilesMod
 [INF][ModLoader] Loading DLL for ChampionSkillSandboxMod at C:\001_AI\LudotsProd\tmp\wt-fix87\mods\showcases\champion_skill_sandbox\ChampionSkillSandboxMod\bin\net8.0\ChampionSkillSandboxMod.dll
 [INF][ModLoader] Scanning 27 types in assembly...
 [INF][ModLoader] Instantiated entry for ChampionSkillSandboxMod. Calling OnLoad...
 [INF][Mod.ChampionSkillSandboxMod] [ChampionSkillSandboxMod] Loaded
 [INF][ModLoader] ChampionSkillSandboxMod OnLoad completed.
 [INF][ModLoader] Loaded ChampionSkillSandboxMod
 [INF][Config] Merged fragment from: Core:game.json
 [INF][Config] Merged fragment from: LudotsCoreMod:assets/game.json
 [INF][Config] Merged fragment from: DiagnosticsOverlayMod:assets/game.json
 [INF][Config] Merged fragment from: ChampionSkillSandboxMod:assets/game.json
 [INF][Config] Merged fragment from: Core:config_catalog.json
 [INF][Config] Merged fragment from: Core:Navigation/agent_profiles.json
 [INF][Engine] Merged GameConfig: StartupMapId=champion_skill_sandbox, DefaultCoreMod=LudotsCoreMod
 [INF][Engine] Constants loaded: OrderTypeIds=4, ResponseChainOrderTypeIds=3
 [INF][Config] Loading DataRegistry<EntityTemplate> from Entities/templates.json...
 [INF][Config] Merged fragment from: LudotsCoreMod:assets/Entities/templates.json
 [INF][Config] Merged fragment from: ChampionSkillSandboxMod:assets/Entities/templates.json
 [INF][Config] Loaded 27 DataRegistry<EntityTemplate> items.
 [INF][Engine] Initializing Core GAS Systems...
 [INF][Config] Merged fragment from: Core:Engine/clock.json
 [INF][Config] Merged fragment from: Core:Relationships/catalog.json
 [INF][Config] Merged fragment from: LudotsCoreMod:assets/Relationships/catalog.json
 [INF][Config] Merged fragment from: ChampionSkillSandboxMod:assets/Relationships/catalog.json
 [INF][Config] Merged fragment from: Core:Relationships/control_profiles.json
 [INF][Config] Merged fragment from: Core:GAS/target_dispatch_presets.json
 [INF][Config] Merged fragment from: Core:GAS/clock.json
 [INF][Config] Merged fragment from: Core:Physics2D/clock.json
 [INF][Config] Merged fragment from: Core:Physics2D/solver.json
 [INF][Config] Merged fragment from: Core:Physics2D/kinematic.json
 [INF][Config] Merged fragment from: Core:GAS/attribute_constraints.json
 [INF][Config] Merged fragment from: Core:Vision/fog_layers.json
 [INF][Config] Merged fragment from: LudotsCoreMod:assets/Presentation/text_tokens.json
 [INF][Config] Merged fragment from: LudotsCoreMod:assets/Presentation/text_tokens.json
 [INF][Config] Merged fragment from: LudotsCoreMod:assets/Presentation/text_locales.json
 [INF][Config] Merged fragment from: Core:GraphTables/lookup_tables.json
 [INF][Config] Merged fragment from: Core:GAS/graphs.json
 [INF][Config] Merged fragment from: ChampionSkillSandboxMod:assets/GAS/graphs.json
 [INF][Config] Merged fragment from: Core:GAS/preset_types.json
 [INF][Config] Merged fragment from: Core:Exchange/operations.json
 [INF][Config] Merged fragment from: Core:Progression/scopes.json
 [INF][Config] Merged fragment from: Core:Progression/progressions.json
 [INF][Config] Merged fragment from: Core:Progression/requirements.json
 [INF][Config] Merged fragment from: LudotsCoreMod:assets/GAS/order_types.json
 [INF][Config] Merged fragment from: Core:GAS/effects.json
 [INF][Config] Merged fragment from: ChampionSkillSandboxMod:assets/GAS/effects.json
 [INF][Config] Merged fragment from: ChampionSkillSandboxMod:assets/GAS/abilities.json
 [INF][Config] Merged fragment from: ChampionSkillSandboxMod:assets/GAS/ability_form_sets.json
 [INF][Config] Merged fragment from: Core:GAS/func_lib.json
 [INF][Config] Merged fragment from: Core:GAS/action_lib.json
 [INF][Config] Merged fragment from: Core:Items/shapes.json
 [INF][Config] Merged fragment from: Core:Items/layouts.json
 [INF][Config] Merged fragment from: Core:Items/definitions.json
 [INF][Config] Merged fragment from: Core:Exchange/operations.json
 [INF][Config] Merged fragment from: Core:Panels/panel_templates.json
 [INF][Config] Merged fragment from: Core:Input/filter_profiles.json
 [INF][Config] Merged fragment from: Core:Presentation/lod_profiles.json
 [INF][Config] Merged fragment from: Core:Presentation/particle_vfx.json
 [INF][Config] Merged fragment from: LudotsCoreMod:assets/Presentation/mesh_assets.json
 [INF][Config] Merged fragment from: LudotsCoreMod:assets/Presentation/material_assets.json
 [INF][Config] Merged fragment from: LudotsCoreMod:assets/Presentation/animator_controllers.json
 [INF][Config] Merged fragment from: LudotsCoreMod:assets/Presentation/animation_clips.json
 [INF][Config] Merged fragment from: LudotsCoreMod:assets/Presentation/animation_profiles.json
 [INF][Config] Merged fragment from: LudotsCoreMod:assets/Presentation/presenters.json
 [INF][Config] Merged fragment from: CoreInputMod:assets/Presentation/presenters.json
 [INF][Config] Merged fragment from: ChampionSkillSandboxMod:assets/Presentation/presenters.json
 [INF][Config] Merged fragment from: Core:GAS/attribute_bindings.json
 [INF][Config] Merged fragment from: Core:config_catalog.json
 [INF][Config] Merged fragment from: Core:Input/default_input.json
 [INF][Config] Merged fragment from: DiagnosticsOverlayMod:assets/Input/default_input.json
 [INF][Config] Merged fragment from: CoreInputMod:assets/Input/default_input.json
 [INF][Config] Merged fragment from: CameraProfilesMod:assets/Input/default_input.json
 [INF][Config] Merged fragment from: ChampionSkillSandboxMod:assets/Input/default_input.json
 [INF][Config] Merged fragment from: Core:Input/action_attribute_bindings.json
 [INF][Config] Merged fragment from: Core:Input/command_intent_profiles.json
 [INF][Config] Merged fragment from: ChampionSkillSandboxMod:assets/Input/command_intent_profiles.json
 [INF][Config] Merged fragment from: Core:Input/interaction_context_profiles.json
 [INF][Config] Merged fragment from: Core:Input/cast_commit_profiles.json
 [INF][Config] Merged fragment from: Core:Input/cast_commit_locks.json
 [INF][Config] Merged fragment from: Core:Input/cast_dispatch_profiles.json
 [INF][Config] Merged fragment from: Core:Input/control_schemes.json
 [INF][Config] Merged fragment from: Core:UI/ability_aggregation_profiles.json
 [INF][Config] Merged fragment from: EntityCommandPanelMod:assets/UI/ability_aggregation_profiles.json
 [INF][Config] Merged fragment from: Core:UI/command_deck_profiles.json
 [INF][Config] Merged fragment from: Core:UI/production_overview_profiles.json
 [INF][Config] Merged fragment from: Core:AI/behavior_trees.json
 [INF][Config] Merged fragment from: Core:AI/hfsm.json
 [INF][Config] Merged fragment from: Core:Camera/virtual_cameras.json
 [INF][Config] Merged fragment from: CameraProfilesMod:assets/Camera/virtual_cameras.json
 [INF][Config] Merged fragment from: ChampionSkillSandboxMod:assets/Camera/virtual_cameras.json
 [INF][Config] Merged fragment from: Core:Narrative/variables.json
 [INF][Config] Merged fragment from: Core:Narrative/dialogues.json
 [INF][Config] Merged fragment from: Core:Narrative/cinematics.json
 [INF][ModLoader] No registration conflicts detected.
 [INF][Config] Merged fragment from: Core:config_catalog.json
 [INF][Config] Merged fragment from: Core:Input/default_input.json
 [INF][Config] Merged fragment from: DiagnosticsOverlayMod:assets/Input/default_input.json
 [INF][Config] Merged fragment from: CoreInputMod:assets/Input/default_input.json
 [INF][Config] Merged fragment from: CameraProfilesMod:assets/Input/default_input.json
 [INF][Config] Merged fragment from: ChampionSkillSandboxMod:assets/Input/default_input.json
 [INF][Engine] Firing GameStart event...
 [LudotsCoreMod] Core systems installed
 [INF][Config] Merged fragment from: Core:game.json
 [INF][Config] Merged fragment from: LudotsCoreMod:assets/game.json
 [INF][Config] Merged fragment from: DiagnosticsOverlayMod:assets/game.json
 [INF][Config] Merged fragment from: ChampionSkillSandboxMod:assets/game.json
 [INF][Engine] Activated system 'DiagnosticsOverlay' (group=SchemaUpdate, presentation=True).
 [INF][Mod.EntityCommandPanelMod] [EntityCommandPanelMod] Installed GAS entity command panel runtime.
 [INF][Mod.CoreInputMod] [CoreInputMod] No viewmodes.json found, skipping.
 [INF][Mod.CoreInputMod] [CoreInputMod] No viewmodes.json found, skipping.
 [INF][Mod.CoreInputMod] [CoreInputMod] No viewmodes.json found, skipping.
 [INF][Mod.CoreInputMod] [CoreInputMod] No viewmodes.json found, skipping.
 [INF][Mod.CoreInputMod] [CoreInputMod] Registered 3 view modes from CameraProfilesMod.
 [INF][Mod.CoreInputMod] [CoreInputMod] Registered 3 view modes from ChampionSkillSandboxMod.
 [INF][Mod.CoreInputMod] [CoreInputMod] CommandSourceAcquisition, GasInputResponse, SkillBar, CommandSourceDragOverlay, AbilityAimPresentation, CommandActorMovePathPresentation, TabTarget, ViewMode registered
 [INF][Mod.ChampionSkillSandboxMod] [ChampionSkillSandboxMod] Local order source, command panel focus runtime, and cast mode toolbar registered.
 [INF][Engine] Loading Map: champion_skill_sandbox
 [INF][Map] Loading Map: champion_skill_sandbox
 [INF][Config] Merged fragment from: ChampionSkillSandboxMod:assets/Maps/champion_skill_sandbox.json
 [INF][Map] Map 'champion_skill_sandbox' loaded.
 [INF][Map] Map 'champion_skill_sandbox' pushed to focus (stack depth=1).
 [INF][Config] Merged fragment from: Core:Navigation/pathing.json
 [INF][Config] Merged fragment from: ChampionSkillSandboxMod:assets/Navigation/pathing.json
 [INF][Engine] Pathing bootstrap ready for map 'champion_skill_sandbox': service=DirectPathService, board='<none>', loadedGraphChunks=0.
 [INF][Engine] Creating Entities from MapConfig...
 [INF][Engine] Applied DefaultCamera: yaw=180 pitch=54 dist=3900cm fov=42
 [INF][Engine] Firing MapLoaded event for champion_skill_sandbox...
 [INF][Engine] Unloading ModLoader contexts...


  失败 ChampionSkillSandbox_PlayableFlow_WritesAcceptanceArtifacts [1 s]
  错误消息:
     Predicate was not satisfied within 8 frames. overlays=count:1,circle:0,cone:0,line:0,ring:1 || baselineLine=0 || movePath=projection=events line=0 waypoint=0 owner=Blue Player Anchor#7 collection=collection.command.source context=Blue Player Anchor#7 commandActorCount=1 primary=Ezreal Alpha#9 inspect=Ezreal Alpha#9 orderBuf=True activeMove=0 queuedMove=0 pos2D=True pos2D=(1180,720) world=(1180,720) events+line=0 events+waypoint=0 || lastGround=(1400,720) || lastOrder=<missing> || liveHasAction=True | liveContexts=[Diagnostics_Overlay:120,ChampionSkillSandbox.Controls:90,Default_Gameplay:0] | livePressed=False | liveDown=False | livePointer=(115.37,731.57) | authPressed=False | authDown=False | authPointer=(115.37,731.57) | backendRight=False | backendLeft=False | pointerCaptured=False | groundOverride=False | mappingMode=SmartCast | mappingAiming=False | TargetType=Position | orderTypeKey=moveTo | activeMode=ChampionSkillSandbox.Mode.SmartCast || selected=Ezreal Alpha | hovered=<none> || actorOrderBuffer=hasActive=False,queued=0
Assert.That(predicate(), Is.True)
  Expected: True
  But was:  False

  堆栈跟踪:
     at Ludots.Tests.GAS.Production.ChampionSkillSandboxPlayableAcceptanceTests.TickUntil(GameEngine engine, List`1 frameTimesMs, Func`1 predicate, Int32 maxFrames, Func`1 describeFailure) in C:\001_AI\LudotsProd\tmp\wt-fix87\src\Tests\GasTests\Production\ChampionSkillSandboxPlayableAcceptanceTests.cs:line 1180
   at Ludots.Tests.GAS.Production.ChampionSkillSandboxPlayableAcceptanceTests.ChampionSkillSandbox_PlayableFlow_WritesAcceptanceArtifacts() in C:\001_AI\LudotsProd\tmp\wt-fix87\src\Tests\GasTests\Production\ChampionSkillSandboxPlayableAcceptanceTests.cs:line 194

1)    at Ludots.Tests.GAS.Production.ChampionSkillSandboxPlayableAcceptanceTests.TickUntil(GameEngine engine, List`1 frameTimesMs, Func`1 predicate, Int32 maxFrames, Func`1 describeFailure) in C:\001_AI\LudotsProd\tmp\wt-fix87\src\Tests\GasTests\Production\ChampionSkillSandboxPlayableAcceptanceTests.cs:line 1180
   at Ludots.Tests.GAS.Production.ChampionSkillSandboxPlayableAcceptanceTests.ChampionSkillSandbox_PlayableFlow_WritesAcceptanceArtifacts() in C:\001_AI\LudotsProd\tmp\wt-fix87\src\Tests\GasTests\Production\ChampionSkillSandboxPlayableAcceptanceTests.cs:line 194


  标准输出消息:
 [INF][Engine] Initializing with ConfigPipeline...
 [INF][Engine] Resolving mod dependencies from explicit mod paths: mods=6
 [INF][ModLoader] Mod Load Order:
 [INF][ModLoader] - LudotsCoreMod (P:-1000)
 [INF][ModLoader] - DiagnosticsOverlayMod (P:900)
 [INF][ModLoader] - EntityCommandPanelMod (P:130)
 [INF][ModLoader] - CoreInputMod (P:0)
 [INF][ModLoader] - CameraProfilesMod (P:0)
 [INF][ModLoader] - ChampionSkillSandboxMod (P:200)
 [INF][ModLoader] Resolved Mod Load Order (launcher graph):
 [INF][ModLoader] - LudotsCoreMod (P:-1000)
 [INF][ModLoader] - DiagnosticsOverlayMod (P:900)
 [INF][ModLoader] - EntityCommandPanelMod (P:130)
 [INF][ModLoader] - CoreInputMod (P:0)
 [INF][ModLoader] - CameraProfilesMod (P:0)
 [INF][ModLoader] - ChampionSkillSandboxMod (P:200)
 [INF][ModLoader] Loading DLL for LudotsCoreMod at C:\001_AI\LudotsProd\tmp\wt-fix87\mods\LudotsCoreMod\bin\net8.0\LudotsCoreMod.dll
 [INF][ModLoader] Scanning 2 types in assembly...
 [INF][ModLoader] Instantiated entry for LudotsCoreMod. Calling OnLoad...
 [INF][Mod.LudotsCoreMod] [LudotsCoreMod] Loaded - Core game framework initialized
 [INF][ModLoader] LudotsCoreMod OnLoad completed.
 [INF][ModLoader] Loaded LudotsCoreMod
 [INF][ModLoader] Loading DLL for DiagnosticsOverlayMod at C:\001_AI\LudotsProd\tmp\wt-fix87\mods\DiagnosticsOverlayMod\bin\net8.0\DiagnosticsOverlayMod.dll
 [INF][ModLoader] Scanning 9 types in assembly...
 [INF][ModLoader] Instantiated entry for DiagnosticsOverlayMod. Calling OnLoad...
 [INF][Mod.DiagnosticsOverlayMod] [DiagnosticsOverlayMod] Loaded — F5: Config | F6: Mods | F7: Attributes
 [INF][ModLoader] DiagnosticsOverlayMod OnLoad completed.
 [INF][ModLoader] Loaded DiagnosticsOverlayMod
 [INF][ModLoader] Reusing preloaded assembly for EntityCommandPanelMod: C:\001_AI\LudotsProd\tmp\wt-fix87\src\Tests\GasTests\bin\Debug\net8.0\EntityCommandPanelMod.dll
 [INF][ModLoader] Scanning 30 types in assembly...
 [INF][ModLoader] Instantiated entry for EntityCommandPanelMod. Calling OnLoad...
 [INF][Mod.EntityCommandPanelMod] [EntityCommandPanelMod] Loaded
 [INF][ModLoader] EntityCommandPanelMod OnLoad completed.
 [INF][ModLoader] Loaded EntityCommandPanelMod
 [INF][ModLoader] Reusing preloaded assembly for CoreInputMod: C:\001_AI\LudotsProd\tmp\wt-fix87\src\Tests\GasTests\bin\Debug\net8.0\CoreInputMod.dll
 [INF][ModLoader] Scanning 33 types in assembly...
 [INF][ModLoader] Instantiated entry for CoreInputMod. Calling OnLoad...
 [INF][Mod.CoreInputMod] [CoreInputMod] Loaded - generic command-source and GAS input
 [INF][ModLoader] CoreInputMod OnLoad completed.
 [INF][ModLoader] Loaded CoreInputMod
 [INF][ModLoader] Loading DLL for CameraProfilesMod at C:\001_AI\LudotsProd\tmp\wt-fix87\mods\capabilities\camera\CameraProfilesMod\bin\net8.0\CameraProfilesMod.dll
 [INF][ModLoader] Scanning 2 types in assembly...
 [INF][ModLoader] Instantiated entry for CameraProfilesMod. Calling OnLoad...
 [INF][Mod.CameraProfilesMod] [CameraProfilesMod] Loaded
 [INF][ModLoader] CameraProfilesMod OnLoad completed.
 [INF][ModLoader] Loaded CameraProfilesMod
 [INF][ModLoader] Loading DLL for ChampionSkillSandboxMod at C:\001_AI\LudotsProd\tmp\wt-fix87\mods\showcases\champion_skill_sandbox\ChampionSkillSandboxMod\bin\net8.0\ChampionSkillSandboxMod.dll
 [INF][ModLoader] Scanning 27 types in assembly...
 [INF][ModLoader] Instantiated entry for ChampionSkillSandboxMod. Calling OnLoad...
 [INF][Mod.ChampionSkillSandboxMod] [ChampionSkillSandboxMod] Loaded
 [INF][ModLoader] ChampionSkillSandboxMod OnLoad completed.
 [INF][ModLoader] Loaded ChampionSkillSandboxMod
 [INF][Config] Merged fragment from: Core:game.json
 [INF][Config] Merged fragment from: LudotsCoreMod:assets/game.json
 [INF][Config] Merged fragment from: DiagnosticsOverlayMod:assets/game.json
 [INF][Config] Merged fragment from: ChampionSkillSandboxMod:assets/game.json
 [INF][Config] Merged fragment from: Core:config_catalog.json
 [INF][Config] Merged fragment from: Core:Navigation/agent_profiles.json
 [INF][Engine] Merged GameConfig: StartupMapId=champion_skill_sandbox, DefaultCoreMod=LudotsCoreMod
 [INF][Engine] Constants loaded: OrderTypeIds=4, ResponseChainOrderTypeIds=3
 [INF][Config] Loading DataRegistry<EntityTemplate> from Entities/templates.json...
 [INF][Config] Merged fragment from: LudotsCoreMod:assets/Entities/templates.json
 [INF][Config] Merged fragment from: ChampionSkillSandboxMod:assets/Entities/templates.json
 [INF][Config] Loaded 27 DataRegistry<EntityTemplate> items.
 [INF][Engine] Initializing Core GAS Systems...
 [INF][Config] Merged fragment from: Core:Engine/clock.json
 [INF][Config] Merged fragment from: Core:Relationships/catalog.json
 [INF][Config] Merged fragment from: LudotsCoreMod:assets/Relationships/catalog.json
 [INF][Config] Merged fragment from: ChampionSkillSandboxMod:assets/Relationships/catalog.json
 [INF][Config] Merged fragment from: Core:Relationships/control_profiles.json
 [INF][Config] Merged fragment from: Core:GAS/target_dispatch_presets.json
 [INF][Config] Merged fragment from: Core:GAS/clock.json
 [INF][Config] Merged fragment from: Core:Physics2D/clock.json
 [INF][Config] Merged fragment from: Core:Physics2D/solver.json
 [INF][Config] Merged fragment from: Core:Physics2D/kinematic.json
 [INF][Config] Merged fragment from: Core:GAS/attribute_constraints.json
 [INF][Config] Merged fragment from: Core:Vision/fog_layers.json
 [INF][Config] Merged fragment from: LudotsCoreMod:assets/Presentation/text_tokens.json
 [INF][Config] Merged fragment from: LudotsCoreMod:assets/Presentation/text_tokens.json
 [INF][Config] Merged fragment from: LudotsCoreMod:assets/Presentation/text_locales.json
 [INF][Config] Merged fragment from: Core:GraphTables/lookup_tables.json
 [INF][Config] Merged fragment from: Core:GAS/graphs.json
 [INF][Config] Merged fragment from: ChampionSkillSandboxMod:assets/GAS/graphs.json
 [INF][Config] Merged fragment from: Core:GAS/preset_types.json
 [INF][Config] Merged fragment from: Core:Exchange/operations.json
 [INF][Config] Merged fragment from: Core:Progression/scopes.json
 [INF][Config] Merged fragment from: Core:Progression/progressions.json
 [INF][Config] Merged fragment from: Core:Progression/requirements.json
 [INF][Config] Merged fragment from: LudotsCoreMod:assets/GAS/order_types.json
 [INF][Config] Merged fragment from: Core:GAS/effects.json
 [INF][Config] Merged fragment from: ChampionSkillSandboxMod:assets/GAS/effects.json
 [INF][Config] Merged fragment from: ChampionSkillSandboxMod:assets/GAS/abilities.json
 [INF][Config] Merged fragment from: ChampionSkillSandboxMod:assets/GAS/ability_form_sets.json
 [INF][Config] Merged fragment from: Core:GAS/func_lib.json
 [INF][Config] Merged fragment from: Core:GAS/action_lib.json
 [INF][Config] Merged fragment from: Core:Items/shapes.json
 [INF][Config] Merged fragment from: Core:Items/layouts.json
 [INF][Config] Merged fragment from: Core:Items/definitions.json
 [INF][Config] Merged fragment from: Core:Exchange/operations.json
 [INF][Config] Merged fragment from: Core:Panels/panel_templates.json
 [INF][Config] Merged fragment from: Core:Input/filter_profiles.json
 [INF][Config] Merged fragment from: Core:Presentation/lod_profiles.json
 [INF][Config] Merged fragment from: Core:Presentation/particle_vfx.json
 [INF][Config] Merged fragment from: LudotsCoreMod:assets/Presentation/mesh_assets.json
 [INF][Config] Merged fragment from: LudotsCoreMod:assets/Presentation/material_assets.json
 [INF][Config] Merged fragment from: LudotsCoreMod:assets/Presentation/animator_controllers.json
 [INF][Config] Merged fragment from: LudotsCoreMod:assets/Presentation/animation_clips.json
 [INF][Config] Merged fragment from: LudotsCoreMod:assets/Presentation/animation_profiles.json
 [INF][Config] Merged fragment from: LudotsCoreMod:assets/Presentation/presenters.json
 [INF][Config] Merged fragment from: CoreInputMod:assets/Presentation/presenters.json
 [INF][Config] Merged fragment from: ChampionSkillSandboxMod:assets/Presentation/presenters.json
 [INF][Config] Merged fragment from: Core:GAS/attribute_bindings.json
 [INF][Config] Merged fragment from: Core:config_catalog.json
 [INF][Config] Merged fragment from: Core:Input/default_input.json
 [INF][Config] Merged fragment from: DiagnosticsOverlayMod:assets/Input/default_input.json
 [INF][Config] Merged fragment from: CoreInputMod:assets/Input/default_input.json
 [INF][Config] Merged fragment from: CameraProfilesMod:assets/Input/default_input.json
 [INF][Config] Merged fragment from: ChampionSkillSandboxMod:assets/Input/default_input.json
 [INF][Config] Merged fragment from: Core:Input/action_attribute_bindings.json
 [INF][Config] Merged fragment from: Core:Input/command_intent_profiles.json
 [INF][Config] Merged fragment from: ChampionSkillSandboxMod:assets/Input/command_intent_profiles.json
 [INF][Config] Merged fragment from: Core:Input/interaction_context_profiles.json
 [INF][Config] Merged fragment from: Core:Input/cast_commit_profiles.json
 [INF][Config] Merged fragment from: Core:Input/cast_commit_locks.json
 [INF][Config] Merged fragment from: Core:Input/cast_dispatch_profiles.json
 [INF][Config] Merged fragment from: Core:Input/control_schemes.json
 [INF][Config] Merged fragment from: Core:UI/ability_aggregation_profiles.json
 [INF][Config] Merged fragment from: EntityCommandPanelMod:assets/UI/ability_aggregation_profiles.json
 [INF][Config] Merged fragment from: Core:UI/command_deck_profiles.json
 [INF][Config] Merged fragment from: Core:UI/production_overview_profiles.json
 [INF][Config] Merged fragment from: Core:AI/behavior_trees.json
 [INF][Config] Merged fragment from: Core:AI/hfsm.json
 [INF][Config] Merged fragment from: Core:Camera/virtual_cameras.json
 [INF][Config] Merged fragment from: CameraProfilesMod:assets/Camera/virtual_cameras.json
 [INF][Config] Merged fragment from: ChampionSkillSandboxMod:assets/Camera/virtual_cameras.json
 [INF][Config] Merged fragment from: Core:Narrative/variables.json
 [INF][Config] Merged fragment from: Core:Narrative/dialogues.json
 [INF][Config] Merged fragment from: Core:Narrative/cinematics.json
 [INF][ModLoader] No registration conflicts detected.
 [INF][Config] Merged fragment from: Core:config_catalog.json
 [INF][Config] Merged fragment from: Core:Input/default_input.json
 [INF][Config] Merged fragment from: DiagnosticsOverlayMod:assets/Input/default_input.json
 [INF][Config] Merged fragment from: CoreInputMod:assets/Input/default_input.json
 [INF][Config] Merged fragment from: CameraProfilesMod:assets/Input/default_input.json
 [INF][Config] Merged fragment from: ChampionSkillSandboxMod:assets/Input/default_input.json
 [INF][Engine] Firing GameStart event...
 [LudotsCoreMod] Core systems installed
 [INF][Config] Merged fragment from: Core:game.json
 [INF][Config] Merged fragment from: LudotsCoreMod:assets/game.json
 [INF][Config] Merged fragment from: DiagnosticsOverlayMod:assets/game.json
 [INF][Config] Merged fragment from: ChampionSkillSandboxMod:assets/game.json
 [INF][Engine] Activated system 'DiagnosticsOverlay' (group=SchemaUpdate, presentation=True).
 [INF][Mod.EntityCommandPanelMod] [EntityCommandPanelMod] Installed GAS entity command panel runtime.
 [INF][Mod.CoreInputMod] [CoreInputMod] No viewmodes.json found, skipping.
 [INF][Mod.CoreInputMod] [CoreInputMod] No viewmodes.json found, skipping.
 [INF][Mod.CoreInputMod] [CoreInputMod] No viewmodes.json found, skipping.
 [INF][Mod.CoreInputMod] [CoreInputMod] No viewmodes.json found, skipping.
 [INF][Mod.CoreInputMod] [CoreInputMod] Registered 3 view modes from CameraProfilesMod.
 [INF][Mod.CoreInputMod] [CoreInputMod] Registered 3 view modes from ChampionSkillSandboxMod.
 [INF][Mod.CoreInputMod] [CoreInputMod] CommandSourceAcquisition, GasInputResponse, SkillBar, CommandSourceDragOverlay, AbilityAimPresentation, CommandActorMovePathPresentation, TabTarget, ViewMode registered
 [INF][Mod.ChampionSkillSandboxMod] [ChampionSkillSandboxMod] Local order source, command panel focus runtime, and cast mode toolbar registered.
 [INF][Engine] Loading Map: champion_skill_sandbox
 [INF][Map] Loading Map: champion_skill_sandbox
 [INF][Config] Merged fragment from: ChampionSkillSandboxMod:assets/Maps/champion_skill_sandbox.json
 [INF][Map] Map 'champion_skill_sandbox' loaded.
 [INF][Map] Map 'champion_skill_sandbox' pushed to focus (stack depth=1).
 [INF][Config] Merged fragment from: Core:Navigation/pathing.json
 [INF][Config] Merged fragment from: ChampionSkillSandboxMod:assets/Navigation/pathing.json
 [INF][Engine] Pathing bootstrap ready for map 'champion_skill_sandbox': service=DirectPathService, board='<none>', loadedGraphChunks=0.
 [INF][Engine] Creating Entities from MapConfig...
 [INF][Engine] Applied DefaultCamera: yaw=180 pitch=54 dist=3900cm fov=42
 [INF][Engine] Firing MapLoaded event for champion_skill_sandbox...
 [INF][Engine] Unloading ModLoader contexts...


  失败 InteractionShowcase_PlayableFlow_WritesAcceptanceArtifacts [1 s]
  错误消息:
     Assert.That(skirmisherAHealthAfterQ, Is.LessThan(skirmisherAHealthBeforeQ))
  Expected: less than 140.0f
  But was:  140.0f

  堆栈跟踪:
     at Ludots.Tests.GAS.Production.InteractionShowcasePlayableAcceptanceTests.InteractionShowcase_PlayableFlow_WritesAcceptanceArtifacts() in C:\001_AI\LudotsProd\tmp\wt-fix87\src\Tests\GasTests\Production\InteractionShowcasePlayableAcceptanceTests.cs:line 134

1)    at Ludots.Tests.GAS.Production.InteractionShowcasePlayableAcceptanceTests.InteractionShowcase_PlayableFlow_WritesAcceptanceArtifacts() in C:\001_AI\LudotsProd\tmp\wt-fix87\src\Tests\GasTests\Production\InteractionShowcasePlayableAcceptanceTests.cs:line 134


  标准输出消息:
 [INF][Engine] Initializing with ConfigPipeline...
 [INF][Engine] Resolving mod dependencies from explicit mod paths: mods=5
 [INF][ModLoader] Mod Load Order:
 [INF][ModLoader] - EntityInfoPanelsMod (P:-100)
 [INF][ModLoader] - LudotsCoreMod (P:-1000)
 [INF][ModLoader] - CoreInputMod (P:0)
 [INF][ModLoader] - CameraProfilesMod (P:0)
 [INF][ModLoader] - InteractionShowcaseMod (P:0)
 [INF][ModLoader] Resolved Mod Load Order (launcher graph):
 [INF][ModLoader] - EntityInfoPanelsMod (P:-100)
 [INF][ModLoader] - LudotsCoreMod (P:-1000)
 [INF][ModLoader] - CoreInputMod (P:0)
 [INF][ModLoader] - CameraProfilesMod (P:0)
 [INF][ModLoader] - InteractionShowcaseMod (P:0)
 [INF][ModLoader] Reusing preloaded assembly for EntityInfoPanelsMod: C:\001_AI\LudotsProd\tmp\wt-fix87\src\Tests\GasTests\bin\Debug\net8.0\EntityInfoPanelsMod.dll
 [INF][ModLoader] Scanning 45 types in assembly...
 [INF][ModLoader] Instantiated entry for EntityInfoPanelsMod. Calling OnLoad...
 [INF][Mod.EntityInfoPanelsMod] [EntityInfoPanelsMod] Loaded.
 [INF][ModLoader] EntityInfoPanelsMod OnLoad completed.
 [INF][ModLoader] Loaded EntityInfoPanelsMod
 [INF][ModLoader] Loading DLL for LudotsCoreMod at C:\001_AI\LudotsProd\tmp\wt-fix87\mods\LudotsCoreMod\bin\net8.0\LudotsCoreMod.dll
 [INF][ModLoader] Scanning 2 types in assembly...
 [INF][ModLoader] Instantiated entry for LudotsCoreMod. Calling OnLoad...
 [INF][Mod.LudotsCoreMod] [LudotsCoreMod] Loaded - Core game framework initialized
 [INF][ModLoader] LudotsCoreMod OnLoad completed.
 [INF][ModLoader] Loaded LudotsCoreMod
 [INF][ModLoader] Reusing preloaded assembly for CoreInputMod: C:\001_AI\LudotsProd\tmp\wt-fix87\src\Tests\GasTests\bin\Debug\net8.0\CoreInputMod.dll
 [INF][ModLoader] Scanning 33 types in assembly...
 [INF][ModLoader] Instantiated entry for CoreInputMod. Calling OnLoad...
 [INF][Mod.CoreInputMod] [CoreInputMod] Loaded - generic command-source and GAS input
 [INF][ModLoader] CoreInputMod OnLoad completed.
 [INF][ModLoader] Loaded CoreInputMod
 [INF][ModLoader] Loading DLL for CameraProfilesMod at C:\001_AI\LudotsProd\tmp\wt-fix87\mods\capabilities\camera\CameraProfilesMod\bin\net8.0\CameraProfilesMod.dll
 [INF][ModLoader] Scanning 2 types in assembly...
 [INF][ModLoader] Instantiated entry for CameraProfilesMod. Calling OnLoad...
 [INF][Mod.CameraProfilesMod] [CameraProfilesMod] Loaded
 [INF][ModLoader] CameraProfilesMod OnLoad completed.
 [INF][ModLoader] Loaded CameraProfilesMod
 [INF][ModLoader] Reusing preloaded assembly for InteractionShowcaseMod: C:\001_AI\LudotsProd\tmp\wt-fix87\src\Tests\GasTests\bin\Debug\net8.0\InteractionShowcaseMod.dll
 [INF][ModLoader] Scanning 22 types in assembly...
 [INF][ModLoader] Instantiated entry for InteractionShowcaseMod. Calling OnLoad...
 [INF][Mod.InteractionShowcaseMod] [InteractionShowcaseMod] Loaded
 [INF][ModLoader] InteractionShowcaseMod OnLoad completed.
 [INF][ModLoader] Loaded InteractionShowcaseMod
 [INF][Config] Merged fragment from: Core:game.json
 [INF][Config] Merged fragment from: LudotsCoreMod:assets/game.json
 [INF][Config] Merged fragment from: InteractionShowcaseMod:assets/game.json
 [INF][Config] Merged fragment from: Core:config_catalog.json
 [INF][Config] Merged fragment from: Core:Navigation/agent_profiles.json
 [INF][Engine] Merged GameConfig: StartupMapId=interaction_showcase_hub, DefaultCoreMod=LudotsCoreMod
 [INF][Engine] Constants loaded: OrderTypeIds=4, ResponseChainOrderTypeIds=3
 [INF][Config] Loading DataRegistry<EntityTemplate> from Entities/templates.json...
 [INF][Config] Merged fragment from: LudotsCoreMod:assets/Entities/templates.json
 [INF][Config] Merged fragment from: InteractionShowcaseMod:assets/Entities/templates.json
 [INF][Config] Loaded 14 DataRegistry<EntityTemplate> items.
 [INF][Engine] Initializing Core GAS Systems...
 [INF][Config] Merged fragment from: Core:Engine/clock.json
 [INF][Config] Merged fragment from: Core:Relationships/catalog.json
 [INF][Config] Merged fragment from: LudotsCoreMod:assets/Relationships/catalog.json
 [INF][Config] Merged fragment from: InteractionShowcaseMod:assets/Relationships/catalog.json
 [INF][Config] Merged fragment from: Core:Relationships/control_profiles.json
 [INF][Config] Merged fragment from: Core:GAS/target_dispatch_presets.json
 [INF][Config] Merged fragment from: Core:GAS/clock.json
 [INF][Config] Merged fragment from: Core:Physics2D/clock.json
 [INF][Config] Merged fragment from: Core:Physics2D/solver.json
 [INF][Config] Merged fragment from: Core:Physics2D/kinematic.json
 [INF][Config] Merged fragment from: Core:GAS/attribute_constraints.json
 [INF][Config] Merged fragment from: Core:Vision/fog_layers.json
 [INF][Config] Merged fragment from: EntityInfoPanelsMod:assets/Presentation/text_tokens.json
 [INF][Config] Merged fragment from: LudotsCoreMod:assets/Presentation/text_tokens.json
 [INF][Config] Merged fragment from: EntityInfoPanelsMod:assets/Presentation/text_tokens.json
 [INF][Config] Merged fragment from: LudotsCoreMod:assets/Presentation/text_tokens.json
 [INF][Config] Merged fragment from: EntityInfoPanelsMod:assets/Presentation/text_locales.json
 [INF][Config] Merged fragment from: LudotsCoreMod:assets/Presentation/text_locales.json
 [INF][Config] Merged fragment from: Core:GraphTables/lookup_tables.json
 [INF][Config] Merged fragment from: Core:GAS/graphs.json
 [INF][Config] Merged fragment from: Core:GAS/preset_types.json
 [INF][Config] Merged fragment from: Core:Exchange/operations.json
 [INF][Config] Merged fragment from: Core:Progression/scopes.json
 [INF][Config] Merged fragment from: Core:Progression/progressions.json
 [INF][Config] Merged fragment from: Core:Progression/requirements.json
 [INF][Config] Merged fragment from: LudotsCoreMod:assets/GAS/order_types.json
 [INF][Config] Merged fragment from: Core:GAS/effects.json
 [INF][Config] Merged fragment from: InteractionShowcaseMod:assets/GAS/effects.json
 [INF][Config] Merged fragment from: InteractionShowcaseMod:assets/GAS/abilities.json
 [INF][Config] Merged fragment from: InteractionShowcaseMod:assets/GAS/ability_form_sets.json
 [INF][Config] Merged fragment from: Core:GAS/func_lib.json
 [INF][Config] Merged fragment from: Core:GAS/action_lib.json
 [INF][Config] Merged fragment from: InteractionShowcaseMod:assets/GAS/context_groups.json
 [INF][Config] Merged fragment from: Core:Items/shapes.json
 [INF][Config] Merged fragment from: Core:Items/layouts.json
 [INF][Config] Merged fragment from: Core:Items/definitions.json
 [INF][Config] Merged fragment from: Core:Exchange/operations.json
 [INF][Config] Merged fragment from: Core:Panels/panel_templates.json
 [INF][Config] Merged fragment from: Core:Input/filter_profiles.json
 [INF][Config] Merged fragment from: Core:Presentation/lod_profiles.json
 [INF][Config] Merged fragment from: Core:Presentation/particle_vfx.json
 [INF][Config] Merged fragment from: LudotsCoreMod:assets/Presentation/mesh_assets.json
 [INF][Config] Merged fragment from: LudotsCoreMod:assets/Presentation/material_assets.json
 [INF][Config] Merged fragment from: LudotsCoreMod:assets/Presentation/animator_controllers.json
 [INF][Config] Merged fragment from: LudotsCoreMod:assets/Presentation/animation_clips.json
 [INF][Config] Merged fragment from: LudotsCoreMod:assets/Presentation/animation_profiles.json
 [INF][Config] Merged fragment from: LudotsCoreMod:assets/Presentation/presenters.json
 [INF][Config] Merged fragment from: CoreInputMod:assets/Presentation/presenters.json
 [INF][Config] Merged fragment from: InteractionShowcaseMod:assets/Presentation/presenters.json
 [INF][Config] Merged fragment from: Core:GAS/attribute_bindings.json
 [INF][Config] Merged fragment from: Core:config_catalog.json
 [INF][Config] Merged fragment from: Core:Input/default_input.json
 [INF][Config] Merged fragment from: CoreInputMod:assets/Input/default_input.json
 [INF][Config] Merged fragment from: CameraProfilesMod:assets/Input/default_input.json
 [INF][Config] Merged fragment from: InteractionShowcaseMod:assets/Input/default_input.json
 [INF][Config] Merged fragment from: Core:Input/action_attribute_bindings.json
 [INF][Config] Merged fragment from: Core:Input/command_intent_profiles.json
 [INF][Config] Merged fragment from: Core:Input/interaction_context_profiles.json
 [INF][Config] Merged fragment from: Core:Input/cast_commit_profiles.json
 [INF][Config] Merged fragment from: Core:Input/cast_commit_locks.json
 [INF][Config] Merged fragment from: Core:Input/cast_dispatch_profiles.json
 [INF][Config] Merged fragment from: Core:Input/control_schemes.json
 [INF][Config] Merged fragment from: InteractionShowcaseMod:assets/Input/control_schemes.json
 [INF][Config] Merged fragment from: Core:UI/ability_aggregation_profiles.json
 [INF][Config] Merged fragment from: Core:UI/command_deck_profiles.json
 [INF][Config] Merged fragment from: Core:UI/production_overview_profiles.json
 [INF][Config] Merged fragment from: Core:AI/behavior_trees.json
 [INF][Config] Merged fragment from: Core:AI/hfsm.json
 [INF][Config] Merged fragment from: Core:Camera/virtual_cameras.json
 [INF][Config] Merged fragment from: CameraProfilesMod:assets/Camera/virtual_cameras.json
 [INF][Config] Merged fragment from: InteractionShowcaseMod:assets/Camera/virtual_cameras.json
 [INF][Config] Merged fragment from: Core:Narrative/variables.json
 [INF][Config] Merged fragment from: Core:Narrative/dialogues.json
 [INF][Config] Merged fragment from: Core:Narrative/cinematics.json
 [INF][ModLoader] No registration conflicts detected.
 [INF][Config] Merged fragment from: Core:config_catalog.json
 [INF][Config] Merged fragment from: Core:Input/default_input.json
 [INF][Config] Merged fragment from: CoreInputMod:assets/Input/default_input.json
 [INF][Config] Merged fragment from: CameraProfilesMod:assets/Input/default_input.json
 [INF][Config] Merged fragment from: InteractionShowcaseMod:assets/Input/default_input.json
 [INF][Engine] Firing GameStart event...
 [INF][Mod.EntityInfoPanelsMod] [EntityInfoPanelsMod] Service, template catalog, handle store, and presentation system registered.
 [LudotsCoreMod] Core systems installed
 [INF][Mod.CoreInputMod] [CoreInputMod] No viewmodes.json found, skipping.
 [INF][Mod.CoreInputMod] [CoreInputMod] No viewmodes.json found, skipping.
 [INF][Mod.CoreInputMod] [CoreInputMod] No viewmodes.json found, skipping.
 [INF][Mod.CoreInputMod] [CoreInputMod] Registered 3 view modes from CameraProfilesMod.
 [INF][Mod.CoreInputMod] [CoreInputMod] Registered 5 view modes from InteractionShowcaseMod.
 [INF][Mod.CoreInputMod] [CoreInputMod] CommandSourceAcquisition, GasInputResponse, SkillBar, CommandSourceDragOverlay, AbilityAimPresentation, CommandActorMovePathPresentation, TabTarget, ViewMode registered
 [INF][Mod.InteractionShowcaseMod] [InteractionShowcaseMod] Local order source, stress runtime, and command-source acquisition feedback registered.
 [INF][Engine] Loading Map: interaction_showcase_hub
 [INF][Map] Loading Map: interaction_showcase_hub
 [INF][Config] Merged fragment from: InteractionShowcaseMod:assets/Maps/interaction_showcase_hub.json
 [INF][Map] Map 'interaction_showcase_hub' loaded.
 [INF][Map] Map 'interaction_showcase_hub' pushed to focus (stack depth=1).
 [INF][Config] Merged fragment from: Core:Navigation/pathing.json
 [INF][Engine] Pathing bootstrap skipped for map 'interaction_showcase_hub': no node-graph board or navmesh query service is loaded.
 [INF][Engine] Creating Entities from MapConfig...
 [INF][Engine] Applied DefaultCamera: yaw=180 pitch=54 dist=3600cm fov=42
 [INF][Engine] Firing MapLoaded event for interaction_showcase_hub...
 [INF][Engine] Unloading ModLoader contexts...


  失败 ItemSystemShowcase_PlayableFlow_WritesAcceptanceArtifacts [1 s]
  错误消息:
     Assert.That(moveSpeedWithoutBoots, Is.LessThan(moveSpeedBeforeBootSwap))
  Expected: less than 118.0f
  But was:  118.0f

  堆栈跟踪:
     at Ludots.Tests.GAS.Production.ItemSystemShowcasePlayableAcceptanceTests.ItemSystemShowcase_PlayableFlow_WritesAcceptanceArtifacts() in C:\001_AI\LudotsProd\tmp\wt-fix87\src\Tests\GasTests\Production\ItemSystemShowcasePlayableAcceptanceTests.cs:line 127

1)    at Ludots.Tests.GAS.Production.ItemSystemShowcasePlayableAcceptanceTests.ItemSystemShowcase_PlayableFlow_WritesAcceptanceArtifacts() in C:\001_AI\LudotsProd\tmp\wt-fix87\src\Tests\GasTests\Production\ItemSystemShowcasePlayableAcceptanceTests.cs:line 127


  标准输出消息:
 [INF][Engine] Initializing with ConfigPipeline...
 [INF][Engine] Resolving mod dependencies from explicit mod paths: mods=2
 [INF][ModLoader] Mod Load Order:
 [INF][ModLoader] - LudotsCoreMod (P:-1000)
 [INF][ModLoader] - ItemSystemShowcaseMod (P:0)
 [INF][ModLoader] Resolved Mod Load Order (launcher graph):
 [INF][ModLoader] - LudotsCoreMod (P:-1000)
 [INF][ModLoader] - ItemSystemShowcaseMod (P:0)
 [INF][ModLoader] Loading DLL for LudotsCoreMod at C:\001_AI\LudotsProd\tmp\wt-fix87\mods\LudotsCoreMod\bin\net8.0\LudotsCoreMod.dll
 [INF][ModLoader] Scanning 2 types in assembly...
 [INF][ModLoader] Instantiated entry for LudotsCoreMod. Calling OnLoad...
 [INF][Mod.LudotsCoreMod] [LudotsCoreMod] Loaded - Core game framework initialized
 [INF][ModLoader] LudotsCoreMod OnLoad completed.
 [INF][ModLoader] Loaded LudotsCoreMod
 [INF][ModLoader] Loading DLL for ItemSystemShowcaseMod at C:\001_AI\LudotsProd\tmp\wt-fix87\mods\showcases\item_system\ItemSystemShowcaseMod\bin\net8.0\ItemSystemShowcaseMod.dll
 [INF][ModLoader] Scanning 17 types in assembly...
 [INF][ModLoader] Instantiated entry for ItemSystemShowcaseMod. Calling OnLoad...
 [INF][ModLoader] ItemSystemShowcaseMod OnLoad completed.
 [INF][ModLoader] Loaded ItemSystemShowcaseMod
 [INF][Config] Merged fragment from: Core:game.json
 [INF][Config] Merged fragment from: LudotsCoreMod:assets/game.json
 [INF][Config] Merged fragment from: ItemSystemShowcaseMod:assets/game.json
 [INF][Config] Merged fragment from: Core:config_catalog.json
 [INF][Config] Merged fragment from: Core:Navigation/agent_profiles.json
 [INF][Engine] Merged GameConfig: StartupMapId=item_system_showcase_hub, DefaultCoreMod=LudotsCoreMod
 [INF][Engine] Constants loaded: OrderTypeIds=4, ResponseChainOrderTypeIds=3
 [INF][Config] Loading DataRegistry<EntityTemplate> from Entities/templates.json...
 [INF][Config] Merged fragment from: LudotsCoreMod:assets/Entities/templates.json
 [INF][Config] Loaded 4 DataRegistry<EntityTemplate> items.
 [INF][Engine] Initializing Core GAS Systems...
 [INF][Config] Merged fragment from: Core:Engine/clock.json
 [INF][Config] Merged fragment from: Core:Relationships/catalog.json
 [INF][Config] Merged fragment from: LudotsCoreMod:assets/Relationships/catalog.json
 [INF][Config] Merged fragment from: Core:Relationships/control_profiles.json
 [INF][Config] Merged fragment from: Core:GAS/target_dispatch_presets.json
 [INF][Config] Merged fragment from: Core:GAS/clock.json
 [INF][Config] Merged fragment from: Core:Physics2D/clock.json
 [INF][Config] Merged fragment from: Core:Physics2D/solver.json
 [INF][Config] Merged fragment from: Core:Physics2D/kinematic.json
 [INF][Config] Merged fragment from: Core:GAS/attribute_constraints.json
 [INF][Config] Merged fragment from: Core:Vision/fog_layers.json
 [INF][Config] Merged fragment from: LudotsCoreMod:assets/Presentation/text_tokens.json
 [INF][Config] Merged fragment from: LudotsCoreMod:assets/Presentation/text_tokens.json
 [INF][Config] Merged fragment from: LudotsCoreMod:assets/Presentation/text_locales.json
 [INF][Config] Merged fragment from: Core:GraphTables/lookup_tables.json
 [INF][Config] Merged fragment from: Core:GAS/graphs.json
 [INF][Config] Merged fragment from: Core:GAS/preset_types.json
 [INF][Config] Merged fragment from: Core:Exchange/operations.json
 [INF][Config] Merged fragment from: ItemSystemShowcaseMod:assets/Exchange/operations.json
 [INF][Config] Merged fragment from: Core:Progression/scopes.json
 [INF][Config] Merged fragment from: Core:Progression/progressions.json
 [INF][Config] Merged fragment from: Core:Progression/requirements.json
 [INF][Config] Merged fragment from: LudotsCoreMod:assets/GAS/order_types.json
 [INF][Config] Merged fragment from: Core:GAS/effects.json
 [INF][Config] Merged fragment from: ItemSystemShowcaseMod:assets/GAS/effects.json
 [INF][Config] Merged fragment from: ItemSystemShowcaseMod:assets/GAS/abilities.json
 [INF][Config] Merged fragment from: Core:GAS/func_lib.json
 [INF][Config] Merged fragment from: Core:GAS/action_lib.json
 [INF][Config] Merged fragment from: Core:Items/shapes.json
 [INF][Config] Merged fragment from: ItemSystemShowcaseMod:assets/Items/shapes.json
 [INF][Config] Merged fragment from: Core:Items/layouts.json
 [INF][Config] Merged fragment from: ItemSystemShowcaseMod:assets/Items/layouts.json
 [INF][Config] Merged fragment from: Core:Items/definitions.json
 [INF][Config] Merged fragment from: ItemSystemShowcaseMod:assets/Items/definitions.json
 [INF][Config] Merged fragment from: Core:Exchange/operations.json
 [INF][Config] Merged fragment from: ItemSystemShowcaseMod:assets/Exchange/operations.json
 [INF][Config] Merged fragment from: Core:Panels/panel_templates.json
 [INF][Config] Merged fragment from: Core:Input/filter_profiles.json
 [INF][Config] Merged fragment from: Core:Presentation/lod_profiles.json
 [INF][Config] Merged fragment from: Core:Presentation/particle_vfx.json
 [INF][Config] Merged fragment from: LudotsCoreMod:assets/Presentation/mesh_assets.json
 [INF][Config] Merged fragment from: LudotsCoreMod:assets/Presentation/material_assets.json
 [INF][Config] Merged fragment from: LudotsCoreMod:assets/Presentation/animator_controllers.json
 [INF][Config] Merged fragment from: LudotsCoreMod:assets/Presentation/animation_clips.json
 [INF][Config] Merged fragment from: LudotsCoreMod:assets/Presentation/animation_profiles.json
 [INF][Config] Merged fragment from: LudotsCoreMod:assets/Presentation/presenters.json
 [INF][Config] Merged fragment from: Core:GAS/attribute_bindings.json
 [INF][Config] Merged fragment from: Core:config_catalog.json
 [INF][Config] Merged fragment from: Core:Input/default_input.json
 [INF][Config] Merged fragment from: Core:Input/action_attribute_bindings.json
 [INF][Config] Merged fragment from: Core:Input/command_intent_profiles.json
 [INF][Config] Merged fragment from: Core:Input/interaction_context_profiles.json
 [INF][Config] Merged fragment from: Core:Input/cast_commit_profiles.json
 [INF][Config] Merged fragment from: Core:Input/cast_commit_locks.json
 [INF][Config] Merged fragment from: Core:Input/cast_dispatch_profiles.json
 [INF][Config] Merged fragment from: Core:Input/control_schemes.json
 [INF][Config] Merged fragment from: Core:UI/ability_aggregation_profiles.json
 [INF][Config] Merged fragment from: Core:UI/command_deck_profiles.json
 [INF][Config] Merged fragment from: Core:UI/production_overview_profiles.json
 [INF][Config] Merged fragment from: Core:AI/behavior_trees.json
 [INF][Config] Merged fragment from: Core:AI/hfsm.json
 [INF][Config] Merged fragment from: Core:Camera/virtual_cameras.json
 [INF][Config] Merged fragment from: Core:Narrative/variables.json
 [INF][Config] Merged fragment from: Core:Narrative/dialogues.json
 [INF][Config] Merged fragment from: Core:Narrative/cinematics.json
 [INF][ModLoader] No registration conflicts detected.
 [INF][Engine] Firing GameStart event...
 [LudotsCoreMod] Core systems installed
 [INF][Engine] Loading Map: item_system_showcase_hub
 [INF][Map] Loading Map: item_system_showcase_hub
 [INF][Config] Merged fragment from: ItemSystemShowcaseMod:assets/Maps/item_system_showcase_hub.json
 [INF][Map] Map 'item_system_showcase_hub' loaded.
 [INF][Map] Map 'item_system_showcase_hub' pushed to focus (stack depth=1).
 [INF][Config] Merged fragment from: Core:Navigation/pathing.json
 [INF][Engine] Pathing bootstrap skipped for map 'item_system_showcase_hub': no node-graph board or navmesh query service is loaded.
 [INF][Engine] Creating Entities from MapConfig...
 [INF][Engine] Applied DefaultCamera: yaw=180 pitch=45 dist=5000cm fov=60
 [INF][Engine] Firing MapLoaded event for item_system_showcase_hub...
 [WRN][Presentation] Terrain height sync requested VisualHeightmap, but none is registered; undeclared static pending may resolve flat while declared heightmap pending stays unresolved.
 [INF][Map] Cleaning up map 'item_system_showcase_hub'...
 [INF][Map] Destroyed 28 map entities (MapId=item_system_showcase_hub).
 [INF][Map] Map 'item_system_showcase_hub' unloaded.
 [INF][Engine] Loading Map: item_system_showcase_loadout_garage
 [INF][Map] Loading Map: item_system_showcase_loadout_garage
 [INF][Config] Merged fragment from: ItemSystemShowcaseMod:assets/Maps/item_system_showcase_loadout_garage.json
 [INF][Map] Map 'item_system_showcase_loadout_garage' loaded.
 [INF][Map] Map 'item_system_showcase_loadout_garage' pushed to focus (stack depth=1).
 [INF][Config] Merged fragment from: Core:Navigation/pathing.json
 [INF][Engine] Pathing bootstrap skipped for map 'item_system_showcase_loadout_garage': no node-graph board or navmesh query service is loaded.
 [INF][Engine] Creating Entities from MapConfig...
 [INF][Engine] Applied DefaultCamera: yaw=180 pitch=45 dist=5000cm fov=60
 [INF][Engine] Firing MapLoaded event for item_system_showcase_loadout_garage...
 [INF][Engine] Unloading ModLoader contexts...


  失败 NarrativeShowcase_PlayableFlow_WritesAcceptanceArtifacts [4 s]
  错误消息:
     Predicate was not satisfied within 240 frames. 
Assert.That(predicate(), Is.True)
  Expected: True
  But was:  False

  堆栈跟踪:
     at Ludots.Tests.GAS.Production.NarrativeShowcasePlayableAcceptanceTests.TickUntil(GameEngine engine, List`1 frameTimesMs, Func`1 predicate, Int32 maxFrames, Func`1 describeFailure) in C:\001_AI\LudotsProd\tmp\wt-fix87\src\Tests\GasTests\Production\NarrativeShowcasePlayableAcceptanceTests.cs:line 262
   at Ludots.Tests.GAS.Production.NarrativeShowcasePlayableAcceptanceTests.MoveNearEntity(GameEngine engine, TestInputBackend backend, String targetName, Single withinCm, List`1 frameTimesMs) in C:\001_AI\LudotsProd\tmp\wt-fix87\src\Tests\GasTests\Production\NarrativeShowcasePlayableAcceptanceTests.cs:line 283
   at Ludots.Tests.GAS.Production.NarrativeShowcasePlayableAcceptanceTests.NarrativeShowcase_PlayableFlow_WritesAcceptanceArtifacts() in C:\001_AI\LudotsProd\tmp\wt-fix87\src\Tests\GasTests\Production\NarrativeShowcasePlayableAcceptanceTests.cs:line 115

1)    at Ludots.Tests.GAS.Production.NarrativeShowcasePlayableAcceptanceTests.TickUntil(GameEngine engine, List`1 frameTimesMs, Func`1 predicate, Int32 maxFrames, Func`1 describeFailure) in C:\001_AI\LudotsProd\tmp\wt-fix87\src\Tests\GasTests\Production\NarrativeShowcasePlayableAcceptanceTests.cs:line 262
   at Ludots.Tests.GAS.Production.NarrativeShowcasePlayableAcceptanceTests.MoveNearEntity(GameEngine engine, TestInputBackend backend, String targetName, Single withinCm, List`1 frameTimesMs) in C:\001_AI\LudotsProd\tmp\wt-fix87\src\Tests\GasTests\Production\NarrativeShowcasePlayableAcceptanceTests.cs:line 283
   at Ludots.Tests.GAS.Production.NarrativeShowcasePlayableAcceptanceTests.NarrativeShowcase_PlayableFlow_WritesAcceptanceArtifacts() in C:\001_AI\LudotsProd\tmp\wt-fix87\src\Tests\GasTests\Production\NarrativeShowcasePlayableAcceptanceTests.cs:line 115


  标准输出消息:
 [INF][Engine] Initializing with ConfigPipeline...
 [INF][Engine] Resolving mod dependencies from explicit mod paths: mods=7
 [INF][ModLoader] Mod Load Order:
 [INF][ModLoader] - NarrativeFrontendMod (P:-90)
 [INF][ModLoader] - EntityInfoPanelsMod (P:-100)
 [INF][ModLoader] - LudotsCoreMod (P:-1000)
 [INF][ModLoader] - CoreInputMod (P:0)
 [INF][ModLoader] - CameraProfilesMod (P:0)
 [INF][ModLoader] - InteractionShowcaseMod (P:0)
 [INF][ModLoader] - NarrativeShowcaseMod (P:0)
 [INF][ModLoader] Resolved Mod Load Order (launcher graph):
 [INF][ModLoader] - NarrativeFrontendMod (P:-90)
 [INF][ModLoader] - EntityInfoPanelsMod (P:-100)
 [INF][ModLoader] - LudotsCoreMod (P:-1000)
 [INF][ModLoader] - CoreInputMod (P:0)
 [INF][ModLoader] - CameraProfilesMod (P:0)
 [INF][ModLoader] - InteractionShowcaseMod (P:0)
 [INF][ModLoader] - NarrativeShowcaseMod (P:0)
 [INF][ModLoader] Loading DLL for NarrativeFrontendMod at C:\001_AI\LudotsProd\tmp\wt-fix87\mods\capabilities\narrativefrontend\NarrativeFrontendMod\bin\net8.0\NarrativeFrontendMod.dll
 [INF][ModLoader] Scanning 16 types in assembly...
 [INF][ModLoader] Instantiated entry for NarrativeFrontendMod. Calling OnLoad...
 [INF][Mod.NarrativeFrontendMod] [NarrativeFrontendMod] Loaded.
 [INF][ModLoader] NarrativeFrontendMod OnLoad completed.
 [INF][ModLoader] Loaded NarrativeFrontendMod
 [INF][ModLoader] Reusing preloaded assembly for EntityInfoPanelsMod: C:\001_AI\LudotsProd\tmp\wt-fix87\src\Tests\GasTests\bin\Debug\net8.0\EntityInfoPanelsMod.dll
 [INF][ModLoader] Scanning 45 types in assembly...
 [INF][ModLoader] Instantiated entry for EntityInfoPanelsMod. Calling OnLoad...
 [INF][Mod.EntityInfoPanelsMod] [EntityInfoPanelsMod] Loaded.
 [INF][ModLoader] EntityInfoPanelsMod OnLoad completed.
 [INF][ModLoader] Loaded EntityInfoPanelsMod
 [INF][ModLoader] Loading DLL for LudotsCoreMod at C:\001_AI\LudotsProd\tmp\wt-fix87\mods\LudotsCoreMod\bin\net8.0\LudotsCoreMod.dll
 [INF][ModLoader] Scanning 2 types in assembly...
 [INF][ModLoader] Instantiated entry for LudotsCoreMod. Calling OnLoad...
 [INF][Mod.LudotsCoreMod] [LudotsCoreMod] Loaded - Core game framework initialized
 [INF][ModLoader] LudotsCoreMod OnLoad completed.
 [INF][ModLoader] Loaded LudotsCoreMod
 [INF][ModLoader] Reusing preloaded assembly for CoreInputMod: C:\001_AI\LudotsProd\tmp\wt-fix87\src\Tests\GasTests\bin\Debug\net8.0\CoreInputMod.dll
 [INF][ModLoader] Scanning 33 types in assembly...
 [INF][ModLoader] Instantiated entry for CoreInputMod. Calling OnLoad...
 [INF][Mod.CoreInputMod] [CoreInputMod] Loaded - generic command-source and GAS input
 [INF][ModLoader] CoreInputMod OnLoad completed.
 [INF][ModLoader] Loaded CoreInputMod
 [INF][ModLoader] Loading DLL for CameraProfilesMod at C:\001_AI\LudotsProd\tmp\wt-fix87\mods\capabilities\camera\CameraProfilesMod\bin\net8.0\CameraProfilesMod.dll
 [INF][ModLoader] Scanning 2 types in assembly...
 [INF][ModLoader] Instantiated entry for CameraProfilesMod. Calling OnLoad...
 [INF][Mod.CameraProfilesMod] [CameraProfilesMod] Loaded
 [INF][ModLoader] CameraProfilesMod OnLoad completed.
 [INF][ModLoader] Loaded CameraProfilesMod
 [INF][ModLoader] Reusing preloaded assembly for InteractionShowcaseMod: C:\001_AI\LudotsProd\tmp\wt-fix87\src\Tests\GasTests\bin\Debug\net8.0\InteractionShowcaseMod.dll
 [INF][ModLoader] Scanning 22 types in assembly...
 [INF][ModLoader] Instantiated entry for InteractionShowcaseMod. Calling OnLoad...
 [INF][Mod.InteractionShowcaseMod] [InteractionShowcaseMod] Loaded
 [INF][ModLoader] InteractionShowcaseMod OnLoad completed.
 [INF][ModLoader] Loaded InteractionShowcaseMod
 [INF][ModLoader] Loading DLL for NarrativeShowcaseMod at C:\001_AI\LudotsProd\tmp\wt-fix87\mods\showcases\narrative\NarrativeShowcaseMod\bin\net8.0\NarrativeShowcaseMod.dll
 [INF][ModLoader] Scanning 15 types in assembly...
 [INF][ModLoader] Instantiated entry for NarrativeShowcaseMod. Calling OnLoad...
 [INF][Mod.NarrativeShowcaseMod] [NarrativeShowcaseMod] Loaded
 [INF][ModLoader] NarrativeShowcaseMod OnLoad completed.
 [INF][ModLoader] Loaded NarrativeShowcaseMod
 [INF][Config] Merged fragment from: Core:game.json
 [INF][Config] Merged fragment from: LudotsCoreMod:assets/game.json
 [INF][Config] Merged fragment from: InteractionShowcaseMod:assets/game.json
 [INF][Config] Merged fragment from: NarrativeShowcaseMod:assets/game.json
 [INF][Config] Merged fragment from: Core:config_catalog.json
 [INF][Config] Merged fragment from: NarrativeShowcaseMod:assets/config_catalog.json
 [INF][Config] Merged fragment from: Core:Navigation/agent_profiles.json
 [INF][Engine] Merged GameConfig: StartupMapId=narrative_showcase_hub, DefaultCoreMod=LudotsCoreMod
 [INF][Engine] Constants loaded: OrderTypeIds=4, ResponseChainOrderTypeIds=3
 [INF][Config] Loading DataRegistry<EntityTemplate> from Entities/templates.json...
 [INF][Config] Merged fragment from: LudotsCoreMod:assets/Entities/templates.json
 [INF][Config] Merged fragment from: InteractionShowcaseMod:assets/Entities/templates.json
 [INF][Config] Loaded 14 DataRegistry<EntityTemplate> items.
 [INF][Engine] Initializing Core GAS Systems...
 [INF][Config] Merged fragment from: Core:Engine/clock.json
 [INF][Config] Merged fragment from: Core:Relationships/catalog.json
 [INF][Config] Merged fragment from: LudotsCoreMod:assets/Relationships/catalog.json
 [INF][Config] Merged fragment from: InteractionShowcaseMod:assets/Relationships/catalog.json
 [INF][Config] Merged fragment from: NarrativeShowcaseMod:assets/Relationships/catalog.json
 [INF][Config] Merged fragment from: Core:Relationships/control_profiles.json
 [INF][Config] Merged fragment from: Core:GAS/target_dispatch_presets.json
 [INF][Config] Merged fragment from: Core:GAS/clock.json
 [INF][Config] Merged fragment from: Core:Physics2D/clock.json
 [INF][Config] Merged fragment from: Core:Physics2D/solver.json
 [INF][Config] Merged fragment from: Core:Physics2D/kinematic.json
 [INF][Config] Merged fragment from: Core:GAS/attribute_constraints.json
 [INF][Config] Merged fragment from: Core:Vision/fog_layers.json
 [INF][Config] Merged fragment from: EntityInfoPanelsMod:assets/Presentation/text_tokens.json
 [INF][Config] Merged fragment from: LudotsCoreMod:assets/Presentation/text_tokens.json
 [INF][Config] Merged fragment from: EntityInfoPanelsMod:assets/Presentation/text_tokens.json
 [INF][Config] Merged fragment from: LudotsCoreMod:assets/Presentation/text_tokens.json
 [INF][Config] Merged fragment from: EntityInfoPanelsMod:assets/Presentation/text_locales.json
 [INF][Config] Merged fragment from: LudotsCoreMod:assets/Presentation/text_locales.json
 [INF][Config] Merged fragment from: Core:GraphTables/lookup_tables.json
 [INF][Config] Merged fragment from: Core:GAS/graphs.json
 [INF][Config] Merged fragment from: Core:GAS/preset_types.json
 [INF][Config] Merged fragment from: Core:Exchange/operations.json
 [INF][Config] Merged fragment from: Core:Progression/scopes.json
 [INF][Config] Merged fragment from: Core:Progression/progressions.json
 [INF][Config] Merged fragment from: Core:Progression/requirements.json
 [INF][Config] Merged fragment from: LudotsCoreMod:assets/GAS/order_types.json
 [INF][Config] Merged fragment from: Core:GAS/effects.json
 [INF][Config] Merged fragment from: InteractionShowcaseMod:assets/GAS/effects.json
 [INF][Config] Merged fragment from: NarrativeShowcaseMod:assets/GAS/effects.json
 [INF][Config] Merged fragment from: InteractionShowcaseMod:assets/GAS/abilities.json
 [INF][Config] Merged fragment from: InteractionShowcaseMod:assets/GAS/ability_form_sets.json
 [INF][Config] Merged fragment from: Core:GAS/func_lib.json
 [INF][Config] Merged fragment from: Core:GAS/action_lib.json
 [INF][Config] Merged fragment from: InteractionShowcaseMod:assets/GAS/context_groups.json
 [INF][Config] Merged fragment from: Core:Items/shapes.json
 [INF][Config] Merged fragment from: Core:Items/layouts.json
 [INF][Config] Merged fragment from: Core:Items/definitions.json
 [INF][Config] Merged fragment from: Core:Exchange/operations.json
 [INF][Config] Merged fragment from: Core:Panels/panel_templates.json
 [INF][Config] Merged fragment from: Core:Input/filter_profiles.json
 [INF][Config] Merged fragment from: Core:Presentation/lod_profiles.json
 [INF][Config] Merged fragment from: Core:Presentation/particle_vfx.json
 [INF][Config] Merged fragment from: LudotsCoreMod:assets/Presentation/mesh_assets.json
 [INF][Config] Merged fragment from: LudotsCoreMod:assets/Presentation/material_assets.json
 [INF][Config] Merged fragment from: LudotsCoreMod:assets/Presentation/animator_controllers.json
 [INF][Config] Merged fragment from: LudotsCoreMod:assets/Presentation/animation_clips.json
 [INF][Config] Merged fragment from: LudotsCoreMod:assets/Presentation/animation_profiles.json
 [INF][Config] Merged fragment from: LudotsCoreMod:assets/Presentation/presenters.json
 [INF][Config] Merged fragment from: CoreInputMod:assets/Presentation/presenters.json
 [INF][Config] Merged fragment from: InteractionShowcaseMod:assets/Presentation/presenters.json
 [INF][Config] Merged fragment from: Core:GAS/attribute_bindings.json
 [INF][Config] Merged fragment from: Core:config_catalog.json
 [INF][Config] Merged fragment from: NarrativeShowcaseMod:assets/config_catalog.json
 [INF][Config] Merged fragment from: Core:Input/default_input.json
 [INF][Config] Merged fragment from: CoreInputMod:assets/Input/default_input.json
 [INF][Config] Merged fragment from: CameraProfilesMod:assets/Input/default_input.json
 [INF][Config] Merged fragment from: InteractionShowcaseMod:assets/Input/default_input.json
 [INF][Config] Merged fragment from: NarrativeShowcaseMod:assets/Input/default_input.json
 [INF][Config] Merged fragment from: Core:Input/action_attribute_bindings.json
 [INF][Config] Merged fragment from: Core:Input/command_intent_profiles.json
 [INF][Config] Merged fragment from: Core:Input/interaction_context_profiles.json
 [INF][Config] Merged fragment from: Core:Input/cast_commit_profiles.json
 [INF][Config] Merged fragment from: Core:Input/cast_commit_locks.json
 [INF][Config] Merged fragment from: Core:Input/cast_dispatch_profiles.json
 [INF][Config] Merged fragment from: Core:Input/control_schemes.json
 [INF][Config] Merged fragment from: InteractionShowcaseMod:assets/Input/control_schemes.json
 [INF][Config] Merged fragment from: Core:UI/ability_aggregation_profiles.json
 [INF][Config] Merged fragment from: Core:UI/command_deck_profiles.json
 [INF][Config] Merged fragment from: Core:UI/production_overview_profiles.json
 [INF][Config] Merged fragment from: Core:AI/behavior_trees.json
 [INF][Config] Merged fragment from: Core:AI/hfsm.json
 [INF][Config] Merged fragment from: Core:Camera/virtual_cameras.json
 [INF][Config] Merged fragment from: CameraProfilesMod:assets/Camera/virtual_cameras.json
 [INF][Config] Merged fragment from: InteractionShowcaseMod:assets/Camera/virtual_cameras.json
 [INF][Config] Merged fragment from: NarrativeShowcaseMod:assets/Camera/virtual_cameras.json
 [INF][Config] Merged fragment from: NarrativeShowcaseMod:assets/Tasks/tasks.json
 [INF][Config] Merged fragment from: Core:Narrative/variables.json
 [INF][Config] Merged fragment from: NarrativeShowcaseMod:assets/Narrative/variables.json
 [INF][Config] Merged fragment from: Core:Narrative/dialogues.json
 [INF][Config] Merged fragment from: NarrativeShowcaseMod:assets/Narrative/dialogues.json
 [INF][Config] Merged fragment from: Core:Narrative/cinematics.json
 [INF][Config] Merged fragment from: NarrativeShowcaseMod:assets/Narrative/cinematics.json
 [INF][ModLoader] No registration conflicts detected.
 [INF][Config] Merged fragment from: Core:config_catalog.json
 [INF][Config] Merged fragment from: NarrativeShowcaseMod:assets/config_catalog.json
 [INF][Config] Merged fragment from: Core:Input/default_input.json
 [INF][Config] Merged fragment from: CoreInputMod:assets/Input/default_input.json
 [INF][Config] Merged fragment from: CameraProfilesMod:assets/Input/default_input.json
 [INF][Config] Merged fragment from: InteractionShowcaseMod:assets/Input/default_input.json
 [INF][Config] Merged fragment from: NarrativeShowcaseMod:assets/Input/default_input.json
 [INF][Engine] Firing GameStart event...
 [INF][Mod.NarrativeFrontendMod] [NarrativeFrontendMod] Service and presentation system registered.
 [INF][Mod.EntityInfoPanelsMod] [EntityInfoPanelsMod] Service, template catalog, handle store, and presentation system registered.
 [LudotsCoreMod] Core systems installed
 [INF][Mod.CoreInputMod] [CoreInputMod] No viewmodes.json found, skipping.
 [INF][Mod.CoreInputMod] [CoreInputMod] No viewmodes.json found, skipping.
 [INF][Mod.CoreInputMod] [CoreInputMod] No viewmodes.json found, skipping.
 [INF][Mod.CoreInputMod] [CoreInputMod] No viewmodes.json found, skipping.
 [INF][Mod.CoreInputMod] [CoreInputMod] Registered 3 view modes from CameraProfilesMod.
 [INF][Mod.CoreInputMod] [CoreInputMod] Registered 5 view modes from InteractionShowcaseMod.
 [INF][Mod.CoreInputMod] [CoreInputMod] No viewmodes.json found, skipping.
 [INF][Mod.CoreInputMod] [CoreInputMod] CommandSourceAcquisition, GasInputResponse, SkillBar, CommandSourceDragOverlay, AbilityAimPresentation, CommandActorMovePathPresentation, TabTarget, ViewMode registered
 [INF][Mod.InteractionShowcaseMod] [InteractionShowcaseMod] Local order source, stress runtime, and command-source acquisition feedback registered.
 [INF][Engine] Loading Map: narrative_showcase_hub
 [INF][Map] Loading Map: narrative_showcase_hub
 [INF][Config] Merged fragment from: NarrativeShowcaseMod:assets/Maps/narrative_showcase_hub.json
 [INF][Map] Map 'narrative_showcase_hub' loaded.
 [INF][Map] Map 'narrative_showcase_hub' pushed to focus (stack depth=1).
 [INF][Config] Merged fragment from: Core:Navigation/pathing.json
 [INF][Engine] Pathing bootstrap skipped for map 'narrative_showcase_hub': no node-graph board or navmesh query service is loaded.
 [INF][Engine] Creating Entities from MapConfig...
 [INF][Engine] Applied DefaultCamera: yaw=180 pitch=50 dist=3600cm fov=42
 [INF][Engine] Firing MapLoaded event for narrative_showcase_hub...
 [INF][Engine] Unloading ModLoader contexts...


  失败 PanelFireballDefaultSkin_NoSkinMod_ZeroCodePanelBecomesVisible [1 s]
  错误消息:
   mapping=SmartCast | activation=EnteredAiming | lastOrder=<missing> | localSeat=6:7:1 | heroMP=80 | targetHP=120 | team12=Hostile | errors=0
  堆栈跟踪:
     at Ludots.Tests.GAS.Production.PanelFireballShowcaseAcceptanceTests.TickUntil(GameEngine engine, Func`1 condition, Int32 maxFrames, Func`1 describeFailure) in C:\001_AI\LudotsProd\tmp\wt-fix87\src\Tests\GasTests\Production\PanelFireballShowcaseAcceptanceTests.cs:line 298
   at Ludots.Tests.GAS.Production.PanelFireballShowcaseAcceptanceTests.PanelFireballDefaultSkin_NoSkinMod_ZeroCodePanelBecomesVisible() in C:\001_AI\LudotsProd\tmp\wt-fix87\src\Tests\GasTests\Production\PanelFireballShowcaseAcceptanceTests.cs:line 116

1)    at Ludots.Tests.GAS.Production.PanelFireballShowcaseAcceptanceTests.TickUntil(GameEngine engine, Func`1 condition, Int32 maxFrames, Func`1 describeFailure) in C:\001_AI\LudotsProd\tmp\wt-fix87\src\Tests\GasTests\Production\PanelFireballShowcaseAcceptanceTests.cs:line 298
   at Ludots.Tests.GAS.Production.PanelFireballShowcaseAcceptanceTests.PanelFireballDefaultSkin_NoSkinMod_ZeroCodePanelBecomesVisible() in C:\001_AI\LudotsProd\tmp\wt-fix87\src\Tests\GasTests\Production\PanelFireballShowcaseAcceptanceTests.cs:line 116


  标准输出消息:
 [INF][Engine] Initializing with ConfigPipeline...
 [INF][Engine] Resolving mod dependencies from explicit mod paths: mods=3
 [INF][ModLoader] Mod Load Order:
 [INF][ModLoader] - LudotsCoreMod (P:-1000)
 [INF][ModLoader] - CoreInputMod (P:0)
 [INF][ModLoader] - FireballSharedMod (P:0)
 [INF][ModLoader] Resolved Mod Load Order (launcher graph):
 [INF][ModLoader] - LudotsCoreMod (P:-1000)
 [INF][ModLoader] - CoreInputMod (P:0)
 [INF][ModLoader] - FireballSharedMod (P:0)
 [INF][ModLoader] Loading DLL for LudotsCoreMod at C:\001_AI\LudotsProd\tmp\wt-fix87\mods\LudotsCoreMod\bin\net8.0\LudotsCoreMod.dll
 [INF][ModLoader] Scanning 2 types in assembly...
 [INF][ModLoader] Instantiated entry for LudotsCoreMod. Calling OnLoad...
 [INF][Mod.LudotsCoreMod] [LudotsCoreMod] Loaded - Core game framework initialized
 [INF][ModLoader] LudotsCoreMod OnLoad completed.
 [INF][ModLoader] Loaded LudotsCoreMod
 [INF][ModLoader] Reusing preloaded assembly for CoreInputMod: C:\001_AI\LudotsProd\tmp\wt-fix87\src\Tests\GasTests\bin\Debug\net8.0\CoreInputMod.dll
 [INF][ModLoader] Scanning 33 types in assembly...
 [INF][ModLoader] Instantiated entry for CoreInputMod. Calling OnLoad...
 [INF][Mod.CoreInputMod] [CoreInputMod] Loaded - generic command-source and GAS input
 [INF][ModLoader] CoreInputMod OnLoad completed.
 [INF][ModLoader] Loaded CoreInputMod
 [INF][ModLoader] Loading DLL for FireballSharedMod at C:\001_AI\LudotsProd\tmp\wt-fix87\mods\showcases\panel_fireball_shared\FireballSharedMod\bin\net8.0\FireballSharedMod.dll
 [INF][ModLoader] Scanning 3 types in assembly...
 [INF][ModLoader] Instantiated entry for FireballSharedMod. Calling OnLoad...
 [INF][Mod.FireballSharedMod] [FireballSharedMod] Loaded - fireball arena uses GAS abilities/effects and presenter rules
 [INF][ModLoader] FireballSharedMod OnLoad completed.
 [INF][ModLoader] Loaded FireballSharedMod
 [INF][Config] Merged fragment from: Core:game.json
 [INF][Config] Merged fragment from: LudotsCoreMod:assets/game.json
 [INF][Config] Merged fragment from: FireballSharedMod:assets/game.json
 [INF][Config] Merged fragment from: Core:config_catalog.json
 [INF][Config] Merged fragment from: FireballSharedMod:assets/config_catalog.json
 [INF][Config] Merged fragment from: Core:Navigation/agent_profiles.json
 [INF][Engine] Merged GameConfig: StartupMapId=fireball_arena, DefaultCoreMod=LudotsCoreMod
 [INF][Engine] Constants loaded: OrderTypeIds=4, ResponseChainOrderTypeIds=3
 [INF][Config] Loading DataRegistry<EntityTemplate> from Entities/templates.json...
 [INF][Config] Merged fragment from: LudotsCoreMod:assets/Entities/templates.json
 [INF][Config] Merged fragment from: FireballSharedMod:assets/Entities/templates.json
 [INF][Config] Loaded 6 DataRegistry<EntityTemplate> items.
 [INF][Engine] Initializing Core GAS Systems...
 [INF][Config] Merged fragment from: Core:Engine/clock.json
 [INF][Config] Merged fragment from: Core:Relationships/catalog.json
 [INF][Config] Merged fragment from: LudotsCoreMod:assets/Relationships/catalog.json
 [INF][Config] Merged fragment from: Core:Relationships/control_profiles.json
 [INF][Config] Merged fragment from: Core:GAS/target_dispatch_presets.json
 [INF][Config] Merged fragment from: Core:GAS/clock.json
 [INF][Config] Merged fragment from: Core:Physics2D/clock.json
 [INF][Config] Merged fragment from: Core:Physics2D/solver.json
 [INF][Config] Merged fragment from: Core:Physics2D/kinematic.json
 [INF][Config] Merged fragment from: Core:GAS/attribute_constraints.json
 [INF][Config] Merged fragment from: Core:Vision/fog_layers.json
 [INF][Config] Merged fragment from: LudotsCoreMod:assets/Presentation/text_tokens.json
 [INF][Config] Merged fragment from: LudotsCoreMod:assets/Presentation/text_tokens.json
 [INF][Config] Merged fragment from: LudotsCoreMod:assets/Presentation/text_locales.json
 [INF][Config] Merged fragment from: Core:GraphTables/lookup_tables.json
 [INF][Config] Merged fragment from: Core:GAS/graphs.json
 [INF][Config] Merged fragment from: FireballSharedMod:assets/GAS/graphs.json
 [INF][Config] Merged fragment from: Core:GAS/preset_types.json
 [INF][Config] Merged fragment from: Core:Exchange/operations.json
 [INF][Config] Merged fragment from: Core:Progression/scopes.json
 [INF][Config] Merged fragment from: FireballSharedMod:assets/Progression/scopes.json
 [INF][Config] Merged fragment from: Core:Progression/progressions.json
 [INF][Config] Merged fragment from: Core:Progression/requirements.json
 [INF][Config] Merged fragment from: LudotsCoreMod:assets/GAS/order_types.json
 [INF][Config] Merged fragment from: Core:GAS/effects.json
 [INF][Config] Merged fragment from: FireballSharedMod:assets/GAS/effects.json
 [INF][Config] Merged fragment from: FireballSharedMod:assets/GAS/abilities.json
 [INF][Config] Merged fragment from: Core:GAS/func_lib.json
 [INF][Config] Merged fragment from: Core:GAS/action_lib.json
 [INF][Config] Merged fragment from: Core:Items/shapes.json
 [INF][Config] Merged fragment from: Core:Items/layouts.json
 [INF][Config] Merged fragment from: Core:Items/definitions.json
 [INF][Config] Merged fragment from: Core:Exchange/operations.json
 [INF][Config] Merged fragment from: Core:Panels/panel_templates.json
 [INF][Config] Merged fragment from: FireballSharedMod:assets/Panels/panel_templates.json
 [INF][Config] Merged fragment from: Core:Input/filter_profiles.json
 [INF][Config] Merged fragment from: Core:Presentation/lod_profiles.json
 [INF][Config] Merged fragment from: Core:Presentation/particle_vfx.json
 [INF][Config] Merged fragment from: LudotsCoreMod:assets/Presentation/mesh_assets.json
 [INF][Config] Merged fragment from: FireballSharedMod:assets/Presentation/mesh_assets.json
 [INF][Config] Merged fragment from: LudotsCoreMod:assets/Presentation/material_assets.json
 [INF][Config] Merged fragment from: LudotsCoreMod:assets/Presentation/animator_controllers.json
 [INF][Config] Merged fragment from: LudotsCoreMod:assets/Presentation/animation_clips.json
 [INF][Config] Merged fragment from: LudotsCoreMod:assets/Presentation/animation_profiles.json
 [INF][Config] Merged fragment from: LudotsCoreMod:assets/Presentation/presenters.json
 [INF][Config] Merged fragment from: CoreInputMod:assets/Presentation/presenters.json
 [INF][Config] Merged fragment from: FireballSharedMod:assets/Presentation/presenters.json
 [INF][Config] Merged fragment from: Core:GAS/attribute_bindings.json
 [INF][Config] Merged fragment from: Core:config_catalog.json
 [INF][Config] Merged fragment from: FireballSharedMod:assets/config_catalog.json
 [INF][Config] Merged fragment from: Core:Input/default_input.json
 [INF][Config] Merged fragment from: CoreInputMod:assets/Input/default_input.json
 [INF][Config] Merged fragment from: FireballSharedMod:assets/Input/default_input.json
 [INF][Config] Merged fragment from: Core:Input/action_attribute_bindings.json
 [INF][Config] Merged fragment from: Core:Input/command_intent_profiles.json
 [INF][Config] Merged fragment from: Core:Input/interaction_context_profiles.json
 [INF][Config] Merged fragment from: Core:Input/cast_commit_profiles.json
 [INF][Config] Merged fragment from: Core:Input/cast_commit_locks.json
 [INF][Config] Merged fragment from: Core:Input/cast_dispatch_profiles.json
 [INF][Config] Merged fragment from: Core:Input/control_schemes.json
 [INF][Config] Merged fragment from: Core:UI/ability_aggregation_profiles.json
 [INF][Config] Merged fragment from: Core:UI/command_deck_profiles.json
 [INF][Config] Merged fragment from: Core:UI/production_overview_profiles.json
 [INF][Config] Merged fragment from: Core:AI/behavior_trees.json
 [INF][Config] Merged fragment from: Core:AI/hfsm.json
 [INF][Config] Merged fragment from: Core:Camera/virtual_cameras.json
 [INF][Config] Merged fragment from: Core:Narrative/variables.json
 [INF][Config] Merged fragment from: Core:Narrative/dialogues.json
 [INF][Config] Merged fragment from: Core:Narrative/cinematics.json
 [INF][ModLoader] No registration conflicts detected.
 [INF][Config] Merged fragment from: Core:config_catalog.json
 [INF][Config] Merged fragment from: FireballSharedMod:assets/config_catalog.json
 [INF][Config] Merged fragment from: Core:Input/default_input.json
 [INF][Config] Merged fragment from: CoreInputMod:assets/Input/default_input.json
 [INF][Config] Merged fragment from: FireballSharedMod:assets/Input/default_input.json
 [INF][Engine] Firing GameStart event...
 [LudotsCoreMod] Core systems installed
 [INF][Mod.CoreInputMod] [CoreInputMod] No viewmodes.json found, skipping.
 [INF][Mod.CoreInputMod] [CoreInputMod] No viewmodes.json found, skipping.
 [INF][Mod.CoreInputMod] [CoreInputMod] No viewmodes.json found, skipping.
 [INF][Mod.CoreInputMod] [CoreInputMod] CommandSourceAcquisition, GasInputResponse, SkillBar, CommandSourceDragOverlay, AbilityAimPresentation, CommandActorMovePathPresentation, TabTarget, ViewMode registered
 [INF][Engine] Loading Map: fireball_arena
 [INF][Map] Loading Map: fireball_arena
 [INF][Config] Merged fragment from: FireballSharedMod:assets/Maps/fireball_arena.json
 [INF][Map] Map 'fireball_arena' loaded.
 [INF][Map] Map 'fireball_arena' pushed to focus (stack depth=1).
 [INF][Config] Merged fragment from: Core:Navigation/pathing.json
 [INF][Engine] Pathing bootstrap skipped for map 'fireball_arena': no node-graph board or navmesh query service is loaded.
 [INF][Engine] Creating Entities from MapConfig...
 [INF][Engine] Registered 2 triggers for map 'fireball_arena'.
 [INF][Engine] Applied DefaultCamera: yaw=45 pitch=35 dist=800cm fov=50
 [INF][Engine] Firing MapLoaded event for fireball_arena...
 [WRN][Presentation] Terrain height sync requested VisualHeightmap, but none is registered; undeclared static pending may resolve flat while declared heightmap pending stays unresolved.
 [INF][Engine] Unloading ModLoader contexts...


  失败 PanelFireballSkinShowcase_QCastsGasFireballAndRefreshesPanel("PanelSkinMarkupMod") [1 s]
  错误消息:
   mapping=SmartCast | activation=EnteredAiming | lastOrder=<missing> | localSeat=6:7:1 | heroMP=80 | targetHP=120 | team12=Hostile | errors=0
  堆栈跟踪:
     at Ludots.Tests.GAS.Production.PanelFireballShowcaseAcceptanceTests.TickUntil(GameEngine engine, Func`1 condition, Int32 maxFrames, Func`1 describeFailure) in C:\001_AI\LudotsProd\tmp\wt-fix87\src\Tests\GasTests\Production\PanelFireballShowcaseAcceptanceTests.cs:line 298
   at Ludots.Tests.GAS.Production.PanelFireballShowcaseAcceptanceTests.PanelFireballSkinShowcase_QCastsGasFireballAndRefreshesPanel(String skinMod) in C:\001_AI\LudotsProd\tmp\wt-fix87\src\Tests\GasTests\Production\PanelFireballShowcaseAcceptanceTests.cs:line 83

1)    at Ludots.Tests.GAS.Production.PanelFireballShowcaseAcceptanceTests.TickUntil(GameEngine engine, Func`1 condition, Int32 maxFrames, Func`1 describeFailure) in C:\001_AI\LudotsProd\tmp\wt-fix87\src\Tests\GasTests\Production\PanelFireballShowcaseAcceptanceTests.cs:line 298
   at Ludots.Tests.GAS.Production.PanelFireballShowcaseAcceptanceTests.PanelFireballSkinShowcase_QCastsGasFireballAndRefreshesPanel(String skinMod) in C:\001_AI\LudotsProd\tmp\wt-fix87\src\Tests\GasTests\Production\PanelFireballShowcaseAcceptanceTests.cs:line 83


  标准输出消息:
 [INF][Engine] Initializing with ConfigPipeline...
 [INF][Engine] Resolving mod dependencies from explicit mod paths: mods=4
 [INF][ModLoader] Mod Load Order:
 [INF][ModLoader] - LudotsCoreMod (P:-1000)
 [INF][ModLoader] - CoreInputMod (P:0)
 [INF][ModLoader] - FireballSharedMod (P:0)
 [INF][ModLoader] - PanelSkinMarkupMod (P:0)
 [INF][ModLoader] Resolved Mod Load Order (launcher graph):
 [INF][ModLoader] - LudotsCoreMod (P:-1000)
 [INF][ModLoader] - CoreInputMod (P:0)
 [INF][ModLoader] - FireballSharedMod (P:0)
 [INF][ModLoader] - PanelSkinMarkupMod (P:0)
 [INF][ModLoader] Loading DLL for LudotsCoreMod at C:\001_AI\LudotsProd\tmp\wt-fix87\mods\LudotsCoreMod\bin\net8.0\LudotsCoreMod.dll
 [INF][ModLoader] Scanning 2 types in assembly...
 [INF][ModLoader] Instantiated entry for LudotsCoreMod. Calling OnLoad...
 [INF][Mod.LudotsCoreMod] [LudotsCoreMod] Loaded - Core game framework initialized
 [INF][ModLoader] LudotsCoreMod OnLoad completed.
 [INF][ModLoader] Loaded LudotsCoreMod
 [INF][ModLoader] Reusing preloaded assembly for CoreInputMod: C:\001_AI\LudotsProd\tmp\wt-fix87\src\Tests\GasTests\bin\Debug\net8.0\CoreInputMod.dll
 [INF][ModLoader] Scanning 33 types in assembly...
 [INF][ModLoader] Instantiated entry for CoreInputMod. Calling OnLoad...
 [INF][Mod.CoreInputMod] [CoreInputMod] Loaded - generic command-source and GAS input
 [INF][ModLoader] CoreInputMod OnLoad completed.
 [INF][ModLoader] Loaded CoreInputMod
 [INF][ModLoader] Loading DLL for FireballSharedMod at C:\001_AI\LudotsProd\tmp\wt-fix87\mods\showcases\panel_fireball_shared\FireballSharedMod\bin\net8.0\FireballSharedMod.dll
 [INF][ModLoader] Scanning 3 types in assembly...
 [INF][ModLoader] Instantiated entry for FireballSharedMod. Calling OnLoad...
 [INF][Mod.FireballSharedMod] [FireballSharedMod] Loaded - fireball arena uses GAS abilities/effects and presenter rules
 [INF][ModLoader] FireballSharedMod OnLoad completed.
 [INF][ModLoader] Loaded FireballSharedMod
 [INF][ModLoader] Skip code load for PanelSkinMarkupMod: manifest has no 'main' (asset-only mod).
 [INF][Config] Merged fragment from: Core:game.json
 [INF][Config] Merged fragment from: LudotsCoreMod:assets/game.json
 [INF][Config] Merged fragment from: FireballSharedMod:assets/game.json
 [INF][Config] Merged fragment from: PanelSkinMarkupMod:assets/game.json
 [INF][Config] Merged fragment from: Core:config_catalog.json
 [INF][Config] Merged fragment from: FireballSharedMod:assets/config_catalog.json
 [INF][Config] Merged fragment from: Core:Navigation/agent_profiles.json
 [INF][Engine] Merged GameConfig: StartupMapId=fireball_arena, DefaultCoreMod=LudotsCoreMod
 [INF][Engine] Constants loaded: OrderTypeIds=4, ResponseChainOrderTypeIds=3
 [INF][Config] Loading DataRegistry<EntityTemplate> from Entities/templates.json...
 [INF][Config] Merged fragment from: LudotsCoreMod:assets/Entities/templates.json
 [INF][Config] Merged fragment from: FireballSharedMod:assets/Entities/templates.json
 [INF][Config] Loaded 6 DataRegistry<EntityTemplate> items.
 [INF][Engine] Initializing Core GAS Systems...
 [INF][Config] Merged fragment from: Core:Engine/clock.json
 [INF][Config] Merged fragment from: Core:Relationships/catalog.json
 [INF][Config] Merged fragment from: LudotsCoreMod:assets/Relationships/catalog.json
 [INF][Config] Merged fragment from: Core:Relationships/control_profiles.json
 [INF][Config] Merged fragment from: Core:GAS/target_dispatch_presets.json
 [INF][Config] Merged fragment from: Core:GAS/clock.json
 [INF][Config] Merged fragment from: Core:Physics2D/clock.json
 [INF][Config] Merged fragment from: Core:Physics2D/solver.json
 [INF][Config] Merged fragment from: Core:Physics2D/kinematic.json
 [INF][Config] Merged fragment from: Core:GAS/attribute_constraints.json
 [INF][Config] Merged fragment from: Core:Vision/fog_layers.json
 [INF][Config] Merged fragment from: LudotsCoreMod:assets/Presentation/text_tokens.json
 [INF][Config] Merged fragment from: LudotsCoreMod:assets/Presentation/text_tokens.json
 [INF][Config] Merged fragment from: LudotsCoreMod:assets/Presentation/text_locales.json
 [INF][Config] Merged fragment from: Core:GraphTables/lookup_tables.json
 [INF][Config] Merged fragment from: Core:GAS/graphs.json
 [INF][Config] Merged fragment from: FireballSharedMod:assets/GAS/graphs.json
 [INF][Config] Merged fragment from: Core:GAS/preset_types.json
 [INF][Config] Merged fragment from: Core:Exchange/operations.json
 [INF][Config] Merged fragment from: Core:Progression/scopes.json
 [INF][Config] Merged fragment from: FireballSharedMod:assets/Progression/scopes.json
 [INF][Config] Merged fragment from: Core:Progression/progressions.json
 [INF][Config] Merged fragment from: Core:Progression/requirements.json
 [INF][Config] Merged fragment from: LudotsCoreMod:assets/GAS/order_types.json
 [INF][Config] Merged fragment from: Core:GAS/effects.json
 [INF][Config] Merged fragment from: FireballSharedMod:assets/GAS/effects.json
 [INF][Config] Merged fragment from: FireballSharedMod:assets/GAS/abilities.json
 [INF][Config] Merged fragment from: Core:GAS/func_lib.json
 [INF][Config] Merged fragment from: Core:GAS/action_lib.json
 [INF][Config] Merged fragment from: Core:Items/shapes.json
 [INF][Config] Merged fragment from: Core:Items/layouts.json
 [INF][Config] Merged fragment from: Core:Items/definitions.json
 [INF][Config] Merged fragment from: Core:Exchange/operations.json
 [INF][Config] Merged fragment from: Core:Panels/panel_templates.json
 [INF][Config] Merged fragment from: FireballSharedMod:assets/Panels/panel_templates.json
 [INF][Config] Merged fragment from: Core:Input/filter_profiles.json
 [INF][Config] Merged fragment from: Core:Presentation/lod_profiles.json
 [INF][Config] Merged fragment from: Core:Presentation/particle_vfx.json
 [INF][Config] Merged fragment from: LudotsCoreMod:assets/Presentation/mesh_assets.json
 [INF][Config] Merged fragment from: FireballSharedMod:assets/Presentation/mesh_assets.json
 [INF][Config] Merged fragment from: LudotsCoreMod:assets/Presentation/material_assets.json
 [INF][Config] Merged fragment from: LudotsCoreMod:assets/Presentation/animator_controllers.json
 [INF][Config] Merged fragment from: LudotsCoreMod:assets/Presentation/animation_clips.json
 [INF][Config] Merged fragment from: LudotsCoreMod:assets/Presentation/animation_profiles.json
 [INF][Config] Merged fragment from: LudotsCoreMod:assets/Presentation/presenters.json
 [INF][Config] Merged fragment from: CoreInputMod:assets/Presentation/presenters.json
 [INF][Config] Merged fragment from: FireballSharedMod:assets/Presentation/presenters.json
 [INF][Config] Merged fragment from: Core:GAS/attribute_bindings.json
 [INF][Config] Merged fragment from: Core:config_catalog.json
 [INF][Config] Merged fragment from: FireballSharedMod:assets/config_catalog.json
 [INF][Config] Merged fragment from: Core:Input/default_input.json
 [INF][Config] Merged fragment from: CoreInputMod:assets/Input/default_input.json
 [INF][Config] Merged fragment from: FireballSharedMod:assets/Input/default_input.json
 [INF][Config] Merged fragment from: Core:Input/action_attribute_bindings.json
 [INF][Config] Merged fragment from: Core:Input/command_intent_profiles.json
 [INF][Config] Merged fragment from: Core:Input/interaction_context_profiles.json
 [INF][Config] Merged fragment from: Core:Input/cast_commit_profiles.json
 [INF][Config] Merged fragment from: Core:Input/cast_commit_locks.json
 [INF][Config] Merged fragment from: Core:Input/cast_dispatch_profiles.json
 [INF][Config] Merged fragment from: Core:Input/control_schemes.json
 [INF][Config] Merged fragment from: Core:UI/ability_aggregation_profiles.json
 [INF][Config] Merged fragment from: Core:UI/command_deck_profiles.json
 [INF][Config] Merged fragment from: Core:UI/production_overview_profiles.json
 [INF][Config] Merged fragment from: Core:AI/behavior_trees.json
 [INF][Config] Merged fragment from: Core:AI/hfsm.json
 [INF][Config] Merged fragment from: Core:Camera/virtual_cameras.json
 [INF][Config] Merged fragment from: Core:Narrative/variables.json
 [INF][Config] Merged fragment from: Core:Narrative/dialogues.json
 [INF][Config] Merged fragment from: Core:Narrative/cinematics.json
 [INF][ModLoader] No registration conflicts detected.
 [INF][Config] Merged fragment from: Core:config_catalog.json
 [INF][Config] Merged fragment from: FireballSharedMod:assets/config_catalog.json
 [INF][Config] Merged fragment from: Core:Input/default_input.json
 [INF][Config] Merged fragment from: CoreInputMod:assets/Input/default_input.json
 [INF][Config] Merged fragment from: FireballSharedMod:assets/Input/default_input.json
 [INF][Engine] Firing GameStart event...
 [LudotsCoreMod] Core systems installed
 [INF][Mod.CoreInputMod] [CoreInputMod] No viewmodes.json found, skipping.
 [INF][Mod.CoreInputMod] [CoreInputMod] No viewmodes.json found, skipping.
 [INF][Mod.CoreInputMod] [CoreInputMod] No viewmodes.json found, skipping.
 [INF][Mod.CoreInputMod] [CoreInputMod] No viewmodes.json found, skipping.
 [INF][Mod.CoreInputMod] [CoreInputMod] CommandSourceAcquisition, GasInputResponse, SkillBar, CommandSourceDragOverlay, AbilityAimPresentation, CommandActorMovePathPresentation, TabTarget, ViewMode registered
 [INF][Engine] Loading Map: fireball_arena
 [INF][Map] Loading Map: fireball_arena
 [INF][Config] Merged fragment from: FireballSharedMod:assets/Maps/fireball_arena.json
 [INF][Map] Map 'fireball_arena' loaded.
 [INF][Map] Map 'fireball_arena' pushed to focus (stack depth=1).
 [INF][Config] Merged fragment from: Core:Navigation/pathing.json
 [INF][Engine] Pathing bootstrap skipped for map 'fireball_arena': no node-graph board or navmesh query service is loaded.
 [INF][Engine] Creating Entities from MapConfig...
 [INF][Engine] Registered 2 triggers for map 'fireball_arena'.
 [INF][Engine] Applied DefaultCamera: yaw=45 pitch=35 dist=800cm fov=50
 [INF][Engine] Firing MapLoaded event for fireball_arena...
 [WRN][Presentation] Terrain height sync requested VisualHeightmap, but none is registered; undeclared static pending may resolve flat while declared heightmap pending stays unresolved.
 [INF][Engine] Unloading ModLoader contexts...


  失败 PanelFireballSkinShowcase_QCastsGasFireballAndRefreshesPanel("PanelSkinComposeMod") [1 s]
  错误消息:
   mapping=SmartCast | activation=EnteredAiming | lastOrder=<missing> | localSeat=6:6:1 | heroMP=80 | targetHP=120 | team12=Hostile | errors=0
  堆栈跟踪:
     at Ludots.Tests.GAS.Production.PanelFireballShowcaseAcceptanceTests.TickUntil(GameEngine engine, Func`1 condition, Int32 maxFrames, Func`1 describeFailure) in C:\001_AI\LudotsProd\tmp\wt-fix87\src\Tests\GasTests\Production\PanelFireballShowcaseAcceptanceTests.cs:line 298
   at Ludots.Tests.GAS.Production.PanelFireballShowcaseAcceptanceTests.PanelFireballSkinShowcase_QCastsGasFireballAndRefreshesPanel(String skinMod) in C:\001_AI\LudotsProd\tmp\wt-fix87\src\Tests\GasTests\Production\PanelFireballShowcaseAcceptanceTests.cs:line 83
   at InvokeStub_PanelFireballShowcaseAcceptanceTests.PanelFireballSkinShowcase_QCastsGasFireballAndRefreshesPanel(Object, Span`1)

1)    at Ludots.Tests.GAS.Production.PanelFireballShowcaseAcceptanceTests.TickUntil(GameEngine engine, Func`1 condition, Int32 maxFrames, Func`1 describeFailure) in C:\001_AI\LudotsProd\tmp\wt-fix87\src\Tests\GasTests\Production\PanelFireballShowcaseAcceptanceTests.cs:line 298
   at Ludots.Tests.GAS.Production.PanelFireballShowcaseAcceptanceTests.PanelFireballSkinShowcase_QCastsGasFireballAndRefreshesPanel(String skinMod) in C:\001_AI\LudotsProd\tmp\wt-fix87\src\Tests\GasTests\Production\PanelFireballShowcaseAcceptanceTests.cs:line 83
   at InvokeStub_PanelFireballShowcaseAcceptanceTests.PanelFireballSkinShowcase_QCastsGasFireballAndRefreshesPanel(Object, Span`1)


  标准输出消息:
 [INF][Engine] Initializing with ConfigPipeline...
 [INF][Engine] Resolving mod dependencies from explicit mod paths: mods=4
 [INF][ModLoader] Mod Load Order:
 [INF][ModLoader] - LudotsCoreMod (P:-1000)
 [INF][ModLoader] - CoreInputMod (P:0)
 [INF][ModLoader] - FireballSharedMod (P:0)
 [INF][ModLoader] - PanelSkinComposeMod (P:0)
 [INF][ModLoader] Resolved Mod Load Order (launcher graph):
 [INF][ModLoader] - LudotsCoreMod (P:-1000)
 [INF][ModLoader] - CoreInputMod (P:0)
 [INF][ModLoader] - FireballSharedMod (P:0)
 [INF][ModLoader] - PanelSkinComposeMod (P:0)
 [INF][ModLoader] Loading DLL for LudotsCoreMod at C:\001_AI\LudotsProd\tmp\wt-fix87\mods\LudotsCoreMod\bin\net8.0\LudotsCoreMod.dll
 [INF][ModLoader] Scanning 2 types in assembly...
 [INF][ModLoader] Instantiated entry for LudotsCoreMod. Calling OnLoad...
 [INF][Mod.LudotsCoreMod] [LudotsCoreMod] Loaded - Core game framework initialized
 [INF][ModLoader] LudotsCoreMod OnLoad completed.
 [INF][ModLoader] Loaded LudotsCoreMod
 [INF][ModLoader] Reusing preloaded assembly for CoreInputMod: C:\001_AI\LudotsProd\tmp\wt-fix87\src\Tests\GasTests\bin\Debug\net8.0\CoreInputMod.dll
 [INF][ModLoader] Scanning 33 types in assembly...
 [INF][ModLoader] Instantiated entry for CoreInputMod. Calling OnLoad...
 [INF][Mod.CoreInputMod] [CoreInputMod] Loaded - generic command-source and GAS input
 [INF][ModLoader] CoreInputMod OnLoad completed.
 [INF][ModLoader] Loaded CoreInputMod
 [INF][ModLoader] Loading DLL for FireballSharedMod at C:\001_AI\LudotsProd\tmp\wt-fix87\mods\showcases\panel_fireball_shared\FireballSharedMod\bin\net8.0\FireballSharedMod.dll
 [INF][ModLoader] Scanning 3 types in assembly...
 [INF][ModLoader] Instantiated entry for FireballSharedMod. Calling OnLoad...
 [INF][Mod.FireballSharedMod] [FireballSharedMod] Loaded - fireball arena uses GAS abilities/effects and presenter rules
 [INF][ModLoader] FireballSharedMod OnLoad completed.
 [INF][ModLoader] Loaded FireballSharedMod
 [INF][ModLoader] Skip code load for PanelSkinComposeMod: manifest has no 'main' (asset-only mod).
 [INF][Config] Merged fragment from: Core:game.json
 [INF][Config] Merged fragment from: LudotsCoreMod:assets/game.json
 [INF][Config] Merged fragment from: FireballSharedMod:assets/game.json
 [INF][Config] Merged fragment from: PanelSkinComposeMod:assets/game.json
 [INF][Config] Merged fragment from: Core:config_catalog.json
 [INF][Config] Merged fragment from: FireballSharedMod:assets/config_catalog.json
 [INF][Config] Merged fragment from: Core:Navigation/agent_profiles.json
 [INF][Engine] Merged GameConfig: StartupMapId=fireball_arena, DefaultCoreMod=LudotsCoreMod
 [INF][Engine] Constants loaded: OrderTypeIds=4, ResponseChainOrderTypeIds=3
 [INF][Config] Loading DataRegistry<EntityTemplate> from Entities/templates.json...
 [INF][Config] Merged fragment from: LudotsCoreMod:assets/Entities/templates.json
 [INF][Config] Merged fragment from: FireballSharedMod:assets/Entities/templates.json
 [INF][Config] Loaded 6 DataRegistry<EntityTemplate> items.
 [INF][Engine] Initializing Core GAS Systems...
 [INF][Config] Merged fragment from: Core:Engine/clock.json
 [INF][Config] Merged fragment from: Core:Relationships/catalog.json
 [INF][Config] Merged fragment from: LudotsCoreMod:assets/Relationships/catalog.json
 [INF][Config] Merged fragment from: Core:Relationships/control_profiles.json
 [INF][Config] Merged fragment from: Core:GAS/target_dispatch_presets.json
 [INF][Config] Merged fragment from: Core:GAS/clock.json
 [INF][Config] Merged fragment from: Core:Physics2D/clock.json
 [INF][Config] Merged fragment from: Core:Physics2D/solver.json
 [INF][Config] Merged fragment from: Core:Physics2D/kinematic.json
 [INF][Config] Merged fragment from: Core:GAS/attribute_constraints.json
 [INF][Config] Merged fragment from: Core:Vision/fog_layers.json
 [INF][Config] Merged fragment from: LudotsCoreMod:assets/Presentation/text_tokens.json
 [INF][Config] Merged fragment from: LudotsCoreMod:assets/Presentation/text_tokens.json
 [INF][Config] Merged fragment from: LudotsCoreMod:assets/Presentation/text_locales.json
 [INF][Config] Merged fragment from: Core:GraphTables/lookup_tables.json
 [INF][Config] Merged fragment from: Core:GAS/graphs.json
 [INF][Config] Merged fragment from: FireballSharedMod:assets/GAS/graphs.json
 [INF][Config] Merged fragment from: Core:GAS/preset_types.json
 [INF][Config] Merged fragment from: Core:Exchange/operations.json
 [INF][Config] Merged fragment from: Core:Progression/scopes.json
 [INF][Config] Merged fragment from: FireballSharedMod:assets/Progression/scopes.json
 [INF][Config] Merged fragment from: Core:Progression/progressions.json
 [INF][Config] Merged fragment from: Core:Progression/requirements.json
 [INF][Config] Merged fragment from: LudotsCoreMod:assets/GAS/order_types.json
 [INF][Config] Merged fragment from: Core:GAS/effects.json
 [INF][Config] Merged fragment from: FireballSharedMod:assets/GAS/effects.json
 [INF][Config] Merged fragment from: FireballSharedMod:assets/GAS/abilities.json
 [INF][Config] Merged fragment from: Core:GAS/func_lib.json
 [INF][Config] Merged fragment from: Core:GAS/action_lib.json
 [INF][Config] Merged fragment from: Core:Items/shapes.json
 [INF][Config] Merged fragment from: Core:Items/layouts.json
 [INF][Config] Merged fragment from: Core:Items/definitions.json
 [INF][Config] Merged fragment from: Core:Exchange/operations.json
 [INF][Config] Merged fragment from: Core:Panels/panel_templates.json
 [INF][Config] Merged fragment from: FireballSharedMod:assets/Panels/panel_templates.json
 [INF][Config] Merged fragment from: Core:Input/filter_profiles.json
 [INF][Config] Merged fragment from: Core:Presentation/lod_profiles.json
 [INF][Config] Merged fragment from: Core:Presentation/particle_vfx.json
 [INF][Config] Merged fragment from: LudotsCoreMod:assets/Presentation/mesh_assets.json
 [INF][Config] Merged fragment from: FireballSharedMod:assets/Presentation/mesh_assets.json
 [INF][Config] Merged fragment from: LudotsCoreMod:assets/Presentation/material_assets.json
 [INF][Config] Merged fragment from: LudotsCoreMod:assets/Presentation/animator_controllers.json
 [INF][Config] Merged fragment from: LudotsCoreMod:assets/Presentation/animation_clips.json
 [INF][Config] Merged fragment from: LudotsCoreMod:assets/Presentation/animation_profiles.json
 [INF][Config] Merged fragment from: LudotsCoreMod:assets/Presentation/presenters.json
 [INF][Config] Merged fragment from: CoreInputMod:assets/Presentation/presenters.json
 [INF][Config] Merged fragment from: FireballSharedMod:assets/Presentation/presenters.json
 [INF][Config] Merged fragment from: Core:GAS/attribute_bindings.json
 [INF][Config] Merged fragment from: Core:config_catalog.json
 [INF][Config] Merged fragment from: FireballSharedMod:assets/config_catalog.json
 [INF][Config] Merged fragment from: Core:Input/default_input.json
 [INF][Config] Merged fragment from: CoreInputMod:assets/Input/default_input.json
 [INF][Config] Merged fragment from: FireballSharedMod:assets/Input/default_input.json
 [INF][Config] Merged fragment from: Core:Input/action_attribute_bindings.json
 [INF][Config] Merged fragment from: Core:Input/command_intent_profiles.json
 [INF][Config] Merged fragment from: Core:Input/interaction_context_profiles.json
 [INF][Config] Merged fragment from: Core:Input/cast_commit_profiles.json
 [INF][Config] Merged fragment from: Core:Input/cast_commit_locks.json
 [INF][Config] Merged fragment from: Core:Input/cast_dispatch_profiles.json
 [INF][Config] Merged fragment from: Core:Input/control_schemes.json
 [INF][Config] Merged fragment from: Core:UI/ability_aggregation_profiles.json
 [INF][Config] Merged fragment from: Core:UI/command_deck_profiles.json
 [INF][Config] Merged fragment from: Core:UI/production_overview_profiles.json
 [INF][Config] Merged fragment from: Core:AI/behavior_trees.json
 [INF][Config] Merged fragment from: Core:AI/hfsm.json
 [INF][Config] Merged fragment from: Core:Camera/virtual_cameras.json
 [INF][Config] Merged fragment from: Core:Narrative/variables.json
 [INF][Config] Merged fragment from: Core:Narrative/dialogues.json
 [INF][Config] Merged fragment from: Core:Narrative/cinematics.json
 [INF][ModLoader] No registration conflicts detected.
 [INF][Config] Merged fragment from: Core:config_catalog.json
 [INF][Config] Merged fragment from: FireballSharedMod:assets/config_catalog.json
 [INF][Config] Merged fragment from: Core:Input/default_input.json
 [INF][Config] Merged fragment from: CoreInputMod:assets/Input/default_input.json
 [INF][Config] Merged fragment from: FireballSharedMod:assets/Input/default_input.json
 [INF][Engine] Firing GameStart event...
 [LudotsCoreMod] Core systems installed
 [INF][Mod.CoreInputMod] [CoreInputMod] No viewmodes.json found, skipping.
 [INF][Mod.CoreInputMod] [CoreInputMod] No viewmodes.json found, skipping.
 [INF][Mod.CoreInputMod] [CoreInputMod] No viewmodes.json found, skipping.
 [INF][Mod.CoreInputMod] [CoreInputMod] No viewmodes.json found, skipping.
 [INF][Mod.CoreInputMod] [CoreInputMod] CommandSourceAcquisition, GasInputResponse, SkillBar, CommandSourceDragOverlay, AbilityAimPresentation, CommandActorMovePathPresentation, TabTarget, ViewMode registered
 [INF][Engine] Loading Map: fireball_arena
 [INF][Map] Loading Map: fireball_arena
 [INF][Config] Merged fragment from: FireballSharedMod:assets/Maps/fireball_arena.json
 [INF][Map] Map 'fireball_arena' loaded.
 [INF][Map] Map 'fireball_arena' pushed to focus (stack depth=1).
 [INF][Config] Merged fragment from: Core:Navigation/pathing.json
 [INF][Engine] Pathing bootstrap skipped for map 'fireball_arena': no node-graph board or navmesh query service is loaded.
 [INF][Engine] Creating Entities from MapConfig...
 [INF][Engine] Registered 2 triggers for map 'fireball_arena'.
 [INF][Engine] Applied DefaultCamera: yaw=45 pitch=35 dist=800cm fov=50
 [INF][Engine] Firing MapLoaded event for fireball_arena...
 [WRN][Presentation] Terrain height sync requested VisualHeightmap, but none is registered; undeclared static pending may resolve flat while declared heightmap pending stays unresolved.
 [INF][Engine] Unloading ModLoader contexts...


  失败 PanelFireballSkinShowcase_QCastsGasFireballAndRefreshesPanel("PanelSkinReactiveMod") [1 s]
  错误消息:
   mapping=SmartCast | activation=EnteredAiming | lastOrder=<missing> | localSeat=6:7:1 | heroMP=80 | targetHP=120 | team12=Hostile | errors=0
  堆栈跟踪:
     at Ludots.Tests.GAS.Production.PanelFireballShowcaseAcceptanceTests.TickUntil(GameEngine engine, Func`1 condition, Int32 maxFrames, Func`1 describeFailure) in C:\001_AI\LudotsProd\tmp\wt-fix87\src\Tests\GasTests\Production\PanelFireballShowcaseAcceptanceTests.cs:line 298
   at Ludots.Tests.GAS.Production.PanelFireballShowcaseAcceptanceTests.PanelFireballSkinShowcase_QCastsGasFireballAndRefreshesPanel(String skinMod) in C:\001_AI\LudotsProd\tmp\wt-fix87\src\Tests\GasTests\Production\PanelFireballShowcaseAcceptanceTests.cs:line 83
   at InvokeStub_PanelFireballShowcaseAcceptanceTests.PanelFireballSkinShowcase_QCastsGasFireballAndRefreshesPanel(Object, Span`1)

1)    at Ludots.Tests.GAS.Production.PanelFireballShowcaseAcceptanceTests.TickUntil(GameEngine engine, Func`1 condition, Int32 maxFrames, Func`1 describeFailure) in C:\001_AI\LudotsProd\tmp\wt-fix87\src\Tests\GasTests\Production\PanelFireballShowcaseAcceptanceTests.cs:line 298
   at Ludots.Tests.GAS.Production.PanelFireballShowcaseAcceptanceTests.PanelFireballSkinShowcase_QCastsGasFireballAndRefreshesPanel(String skinMod) in C:\001_AI\LudotsProd\tmp\wt-fix87\src\Tests\GasTests\Production\PanelFireballShowcaseAcceptanceTests.cs:line 83
   at InvokeStub_PanelFireballShowcaseAcceptanceTests.PanelFireballSkinShowcase_QCastsGasFireballAndRefreshesPanel(Object, Span`1)


  标准输出消息:
 [INF][Engine] Initializing with ConfigPipeline...
 [INF][Engine] Resolving mod dependencies from explicit mod paths: mods=4
 [INF][ModLoader] Mod Load Order:
 [INF][ModLoader] - LudotsCoreMod (P:-1000)
 [INF][ModLoader] - CoreInputMod (P:0)
 [INF][ModLoader] - FireballSharedMod (P:0)
 [INF][ModLoader] - PanelSkinReactiveMod (P:0)
 [INF][ModLoader] Resolved Mod Load Order (launcher graph):
 [INF][ModLoader] - LudotsCoreMod (P:-1000)
 [INF][ModLoader] - CoreInputMod (P:0)
 [INF][ModLoader] - FireballSharedMod (P:0)
 [INF][ModLoader] - PanelSkinReactiveMod (P:0)
 [INF][ModLoader] Loading DLL for LudotsCoreMod at C:\001_AI\LudotsProd\tmp\wt-fix87\mods\LudotsCoreMod\bin\net8.0\LudotsCoreMod.dll
 [INF][ModLoader] Scanning 2 types in assembly...
 [INF][ModLoader] Instantiated entry for LudotsCoreMod. Calling OnLoad...
 [INF][Mod.LudotsCoreMod] [LudotsCoreMod] Loaded - Core game framework initialized
 [INF][ModLoader] LudotsCoreMod OnLoad completed.
 [INF][ModLoader] Loaded LudotsCoreMod
 [INF][ModLoader] Reusing preloaded assembly for CoreInputMod: C:\001_AI\LudotsProd\tmp\wt-fix87\src\Tests\GasTests\bin\Debug\net8.0\CoreInputMod.dll
 [INF][ModLoader] Scanning 33 types in assembly...
 [INF][ModLoader] Instantiated entry for CoreInputMod. Calling OnLoad...
 [INF][Mod.CoreInputMod] [CoreInputMod] Loaded - generic command-source and GAS input
 [INF][ModLoader] CoreInputMod OnLoad completed.
 [INF][ModLoader] Loaded CoreInputMod
 [INF][ModLoader] Loading DLL for FireballSharedMod at C:\001_AI\LudotsProd\tmp\wt-fix87\mods\showcases\panel_fireball_shared\FireballSharedMod\bin\net8.0\FireballSharedMod.dll
 [INF][ModLoader] Scanning 3 types in assembly...
 [INF][ModLoader] Instantiated entry for FireballSharedMod. Calling OnLoad...
 [INF][Mod.FireballSharedMod] [FireballSharedMod] Loaded - fireball arena uses GAS abilities/effects and presenter rules
 [INF][ModLoader] FireballSharedMod OnLoad completed.
 [INF][ModLoader] Loaded FireballSharedMod
 [INF][ModLoader] Skip code load for PanelSkinReactiveMod: manifest has no 'main' (asset-only mod).
 [INF][Config] Merged fragment from: Core:game.json
 [INF][Config] Merged fragment from: LudotsCoreMod:assets/game.json
 [INF][Config] Merged fragment from: FireballSharedMod:assets/game.json
 [INF][Config] Merged fragment from: PanelSkinReactiveMod:assets/game.json
 [INF][Config] Merged fragment from: Core:config_catalog.json
 [INF][Config] Merged fragment from: FireballSharedMod:assets/config_catalog.json
 [INF][Config] Merged fragment from: Core:Navigation/agent_profiles.json
 [INF][Engine] Merged GameConfig: StartupMapId=fireball_arena, DefaultCoreMod=LudotsCoreMod
 [INF][Engine] Constants loaded: OrderTypeIds=4, ResponseChainOrderTypeIds=3
 [INF][Config] Loading DataRegistry<EntityTemplate> from Entities/templates.json...
 [INF][Config] Merged fragment from: LudotsCoreMod:assets/Entities/templates.json
 [INF][Config] Merged fragment from: FireballSharedMod:assets/Entities/templates.json
 [INF][Config] Loaded 6 DataRegistry<EntityTemplate> items.
 [INF][Engine] Initializing Core GAS Systems...
 [INF][Config] Merged fragment from: Core:Engine/clock.json
 [INF][Config] Merged fragment from: Core:Relationships/catalog.json
 [INF][Config] Merged fragment from: LudotsCoreMod:assets/Relationships/catalog.json
 [INF][Config] Merged fragment from: Core:Relationships/control_profiles.json
 [INF][Config] Merged fragment from: Core:GAS/target_dispatch_presets.json
 [INF][Config] Merged fragment from: Core:GAS/clock.json
 [INF][Config] Merged fragment from: Core:Physics2D/clock.json
 [INF][Config] Merged fragment from: Core:Physics2D/solver.json
 [INF][Config] Merged fragment from: Core:Physics2D/kinematic.json
 [INF][Config] Merged fragment from: Core:GAS/attribute_constraints.json
 [INF][Config] Merged fragment from: Core:Vision/fog_layers.json
 [INF][Config] Merged fragment from: LudotsCoreMod:assets/Presentation/text_tokens.json
 [INF][Config] Merged fragment from: LudotsCoreMod:assets/Presentation/text_tokens.json
 [INF][Config] Merged fragment from: LudotsCoreMod:assets/Presentation/text_locales.json
 [INF][Config] Merged fragment from: Core:GraphTables/lookup_tables.json
 [INF][Config] Merged fragment from: Core:GAS/graphs.json
 [INF][Config] Merged fragment from: FireballSharedMod:assets/GAS/graphs.json
 [INF][Config] Merged fragment from: Core:GAS/preset_types.json
 [INF][Config] Merged fragment from: Core:Exchange/operations.json
 [INF][Config] Merged fragment from: Core:Progression/scopes.json
 [INF][Config] Merged fragment from: FireballSharedMod:assets/Progression/scopes.json
 [INF][Config] Merged fragment from: Core:Progression/progressions.json
 [INF][Config] Merged fragment from: Core:Progression/requirements.json
 [INF][Config] Merged fragment from: LudotsCoreMod:assets/GAS/order_types.json
 [INF][Config] Merged fragment from: Core:GAS/effects.json
 [INF][Config] Merged fragment from: FireballSharedMod:assets/GAS/effects.json
 [INF][Config] Merged fragment from: FireballSharedMod:assets/GAS/abilities.json
 [INF][Config] Merged fragment from: Core:GAS/func_lib.json
 [INF][Config] Merged fragment from: Core:GAS/action_lib.json
 [INF][Config] Merged fragment from: Core:Items/shapes.json
 [INF][Config] Merged fragment from: Core:Items/layouts.json
 [INF][Config] Merged fragment from: Core:Items/definitions.json
 [INF][Config] Merged fragment from: Core:Exchange/operations.json
 [INF][Config] Merged fragment from: Core:Panels/panel_templates.json
 [INF][Config] Merged fragment from: FireballSharedMod:assets/Panels/panel_templates.json
 [INF][Config] Merged fragment from: Core:Input/filter_profiles.json
 [INF][Config] Merged fragment from: Core:Presentation/lod_profiles.json
 [INF][Config] Merged fragment from: Core:Presentation/particle_vfx.json
 [INF][Config] Merged fragment from: LudotsCoreMod:assets/Presentation/mesh_assets.json
 [INF][Config] Merged fragment from: FireballSharedMod:assets/Presentation/mesh_assets.json
 [INF][Config] Merged fragment from: LudotsCoreMod:assets/Presentation/material_assets.json
 [INF][Config] Merged fragment from: LudotsCoreMod:assets/Presentation/animator_controllers.json
 [INF][Config] Merged fragment from: LudotsCoreMod:assets/Presentation/animation_clips.json
 [INF][Config] Merged fragment from: LudotsCoreMod:assets/Presentation/animation_profiles.json
 [INF][Config] Merged fragment from: LudotsCoreMod:assets/Presentation/presenters.json
 [INF][Config] Merged fragment from: CoreInputMod:assets/Presentation/presenters.json
 [INF][Config] Merged fragment from: FireballSharedMod:assets/Presentation/presenters.json
 [INF][Config] Merged fragment from: Core:GAS/attribute_bindings.json
 [INF][Config] Merged fragment from: Core:config_catalog.json
 [INF][Config] Merged fragment from: FireballSharedMod:assets/config_catalog.json
 [INF][Config] Merged fragment from: Core:Input/default_input.json
 [INF][Config] Merged fragment from: CoreInputMod:assets/Input/default_input.json
 [INF][Config] Merged fragment from: FireballSharedMod:assets/Input/default_input.json
 [INF][Config] Merged fragment from: Core:Input/action_attribute_bindings.json
 [INF][Config] Merged fragment from: Core:Input/command_intent_profiles.json
 [INF][Config] Merged fragment from: Core:Input/interaction_context_profiles.json
 [INF][Config] Merged fragment from: Core:Input/cast_commit_profiles.json
 [INF][Config] Merged fragment from: Core:Input/cast_commit_locks.json
 [INF][Config] Merged fragment from: Core:Input/cast_dispatch_profiles.json
 [INF][Config] Merged fragment from: Core:Input/control_schemes.json
 [INF][Config] Merged fragment from: Core:UI/ability_aggregation_profiles.json
 [INF][Config] Merged fragment from: Core:UI/command_deck_profiles.json
 [INF][Config] Merged fragment from: Core:UI/production_overview_profiles.json
 [INF][Config] Merged fragment from: Core:AI/behavior_trees.json
 [INF][Config] Merged fragment from: Core:AI/hfsm.json
 [INF][Config] Merged fragment from: Core:Camera/virtual_cameras.json
 [INF][Config] Merged fragment from: Core:Narrative/variables.json
 [INF][Config] Merged fragment from: Core:Narrative/dialogues.json
 [INF][Config] Merged fragment from: Core:Narrative/cinematics.json
 [INF][ModLoader] No registration conflicts detected.
 [INF][Config] Merged fragment from: Core:config_catalog.json
 [INF][Config] Merged fragment from: FireballSharedMod:assets/config_catalog.json
 [INF][Config] Merged fragment from: Core:Input/default_input.json
 [INF][Config] Merged fragment from: CoreInputMod:assets/Input/default_input.json
 [INF][Config] Merged fragment from: FireballSharedMod:assets/Input/default_input.json
 [INF][Engine] Firing GameStart event...
 [LudotsCoreMod] Core systems installed
 [INF][Mod.CoreInputMod] [CoreInputMod] No viewmodes.json found, skipping.
 [INF][Mod.CoreInputMod] [CoreInputMod] No viewmodes.json found, skipping.
 [INF][Mod.CoreInputMod] [CoreInputMod] No viewmodes.json found, skipping.
 [INF][Mod.CoreInputMod] [CoreInputMod] No viewmodes.json found, skipping.
 [INF][Mod.CoreInputMod] [CoreInputMod] CommandSourceAcquisition, GasInputResponse, SkillBar, CommandSourceDragOverlay, AbilityAimPresentation, CommandActorMovePathPresentation, TabTarget, ViewMode registered
 [INF][Engine] Loading Map: fireball_arena
 [INF][Map] Loading Map: fireball_arena
 [INF][Config] Merged fragment from: FireballSharedMod:assets/Maps/fireball_arena.json
 [INF][Map] Map 'fireball_arena' loaded.
 [INF][Map] Map 'fireball_arena' pushed to focus (stack depth=1).
 [INF][Config] Merged fragment from: Core:Navigation/pathing.json
 [INF][Engine] Pathing bootstrap skipped for map 'fireball_arena': no node-graph board or navmesh query service is loaded.
 [INF][Engine] Creating Entities from MapConfig...
 [INF][Engine] Registered 2 triggers for map 'fireball_arena'.
 [INF][Engine] Applied DefaultCamera: yaw=45 pitch=35 dist=800cm fov=50
 [INF][Engine] Firing MapLoaded event for fireball_arena...
 [WRN][Presentation] Terrain height sync requested VisualHeightmap, but none is registered; undeclared static pending may resolve flat while declared heightmap pending stays unresolved.
 [INF][Engine] Unloading ModLoader contexts...


  失败 Show5Show6Workflow_PointerCommandRoutesThroughIntentDispatchAndOrderBuffer [1 s]
  错误消息:
     Predicate was not satisfied within 48 frames. orders=Entity = { Id = 6, WorldId = 7, Version = 1 }:no-active queued=0; Entity = { Id = 7, WorldId = 7, Version = 1 }:no-active queued=0; Entity = { Id = 8, WorldId = 7, Version = 1 }:no-active queued=0 lastGround=(2080,1080) mappingCommandAction=Command aiming=False commandMapping=PressedThisFrame/moveTo/None orderQueue=0 commandRoute=intent=intent.command.default(1) dispatch=1 owner=Entity = { Id = 8, WorldId = 7, Version = 1 } frameContext=Entity = { Id = 0, WorldId = 0, Version = 0 } actors=3 routed=3 hasRoute=3 routeType=101 selected=3 shared=True
Assert.That(predicate(), Is.True)
  Expected: True
  But was:  False

  堆栈跟踪:
     at Ludots.Tests.GAS.Production.Rfc0065ShowcaseWorkflowBoundaryAcceptanceTests.TickUntil(GameEngine engine, Func`1 predicate, Int32 maxFrames, Func`1 describeFailure) in C:\001_AI\LudotsProd\tmp\wt-fix87\src\Tests\GasTests\Production\Rfc0065ShowcaseWorkflowBoundaryAcceptanceTests.cs:line 392
   at Ludots.Tests.GAS.Production.Rfc0065ShowcaseWorkflowBoundaryAcceptanceTests.Show5Show6Workflow_PointerCommandRoutesThroughIntentDispatchAndOrderBuffer() in C:\001_AI\LudotsProd\tmp\wt-fix87\src\Tests\GasTests\Production\Rfc0065ShowcaseWorkflowBoundaryAcceptanceTests.cs:line 123

1)    at Ludots.Tests.GAS.Production.Rfc0065ShowcaseWorkflowBoundaryAcceptanceTests.TickUntil(GameEngine engine, Func`1 predicate, Int32 maxFrames, Func`1 describeFailure) in C:\001_AI\LudotsProd\tmp\wt-fix87\src\Tests\GasTests\Production\Rfc0065ShowcaseWorkflowBoundaryAcceptanceTests.cs:line 392
   at Ludots.Tests.GAS.Production.Rfc0065ShowcaseWorkflowBoundaryAcceptanceTests.Show5Show6Workflow_PointerCommandRoutesThroughIntentDispatchAndOrderBuffer() in C:\001_AI\LudotsProd\tmp\wt-fix87\src\Tests\GasTests\Production\Rfc0065ShowcaseWorkflowBoundaryAcceptanceTests.cs:line 123


  标准输出消息:
 [INF][Engine] Initializing with ConfigPipeline...
 [INF][Engine] Resolving mod dependencies from explicit mod paths: mods=5
 [INF][ModLoader] Mod Load Order:
 [INF][ModLoader] - EntityInfoPanelsMod (P:-100)
 [INF][ModLoader] - LudotsCoreMod (P:-1000)
 [INF][ModLoader] - CoreInputMod (P:0)
 [INF][ModLoader] - CameraProfilesMod (P:0)
 [INF][ModLoader] - InteractionShowcaseMod (P:0)
 [INF][ModLoader] Resolved Mod Load Order (launcher graph):
 [INF][ModLoader] - EntityInfoPanelsMod (P:-100)
 [INF][ModLoader] - LudotsCoreMod (P:-1000)
 [INF][ModLoader] - CoreInputMod (P:0)
 [INF][ModLoader] - CameraProfilesMod (P:0)
 [INF][ModLoader] - InteractionShowcaseMod (P:0)
 [INF][ModLoader] Reusing preloaded assembly for EntityInfoPanelsMod: C:\001_AI\LudotsProd\tmp\wt-fix87\src\Tests\GasTests\bin\Debug\net8.0\EntityInfoPanelsMod.dll
 [INF][ModLoader] Scanning 45 types in assembly...
 [INF][ModLoader] Instantiated entry for EntityInfoPanelsMod. Calling OnLoad...
 [INF][Mod.EntityInfoPanelsMod] [EntityInfoPanelsMod] Loaded.
 [INF][ModLoader] EntityInfoPanelsMod OnLoad completed.
 [INF][ModLoader] Loaded EntityInfoPanelsMod
 [INF][ModLoader] Loading DLL for LudotsCoreMod at C:\001_AI\LudotsProd\tmp\wt-fix87\mods\LudotsCoreMod\bin\net8.0\LudotsCoreMod.dll
 [INF][ModLoader] Scanning 2 types in assembly...
 [INF][ModLoader] Instantiated entry for LudotsCoreMod. Calling OnLoad...
 [INF][Mod.LudotsCoreMod] [LudotsCoreMod] Loaded - Core game framework initialized
 [INF][ModLoader] LudotsCoreMod OnLoad completed.
 [INF][ModLoader] Loaded LudotsCoreMod
 [INF][ModLoader] Reusing preloaded assembly for CoreInputMod: C:\001_AI\LudotsProd\tmp\wt-fix87\src\Tests\GasTests\bin\Debug\net8.0\CoreInputMod.dll
 [INF][ModLoader] Scanning 33 types in assembly...
 [INF][ModLoader] Instantiated entry for CoreInputMod. Calling OnLoad...
 [INF][Mod.CoreInputMod] [CoreInputMod] Loaded - generic command-source and GAS input
 [INF][ModLoader] CoreInputMod OnLoad completed.
 [INF][ModLoader] Loaded CoreInputMod
 [INF][ModLoader] Loading DLL for CameraProfilesMod at C:\001_AI\LudotsProd\tmp\wt-fix87\mods\capabilities\camera\CameraProfilesMod\bin\net8.0\CameraProfilesMod.dll
 [INF][ModLoader] Scanning 2 types in assembly...
 [INF][ModLoader] Instantiated entry for CameraProfilesMod. Calling OnLoad...
 [INF][Mod.CameraProfilesMod] [CameraProfilesMod] Loaded
 [INF][ModLoader] CameraProfilesMod OnLoad completed.
 [INF][ModLoader] Loaded CameraProfilesMod
 [INF][ModLoader] Reusing preloaded assembly for InteractionShowcaseMod: C:\001_AI\LudotsProd\tmp\wt-fix87\src\Tests\GasTests\bin\Debug\net8.0\InteractionShowcaseMod.dll
 [INF][ModLoader] Scanning 22 types in assembly...
 [INF][ModLoader] Instantiated entry for InteractionShowcaseMod. Calling OnLoad...
 [INF][Mod.InteractionShowcaseMod] [InteractionShowcaseMod] Loaded
 [INF][ModLoader] InteractionShowcaseMod OnLoad completed.
 [INF][ModLoader] Loaded InteractionShowcaseMod
 [INF][Config] Merged fragment from: Core:game.json
 [INF][Config] Merged fragment from: LudotsCoreMod:assets/game.json
 [INF][Config] Merged fragment from: InteractionShowcaseMod:assets/game.json
 [INF][Config] Merged fragment from: Core:config_catalog.json
 [INF][Config] Merged fragment from: Core:Navigation/agent_profiles.json
 [INF][Engine] Merged GameConfig: StartupMapId=interaction_showcase_hub, DefaultCoreMod=LudotsCoreMod
 [INF][Engine] Constants loaded: OrderTypeIds=4, ResponseChainOrderTypeIds=3
 [INF][Config] Loading DataRegistry<EntityTemplate> from Entities/templates.json...
 [INF][Config] Merged fragment from: LudotsCoreMod:assets/Entities/templates.json
 [INF][Config] Merged fragment from: InteractionShowcaseMod:assets/Entities/templates.json
 [INF][Config] Loaded 14 DataRegistry<EntityTemplate> items.
 [INF][Engine] Initializing Core GAS Systems...
 [INF][Config] Merged fragment from: Core:Engine/clock.json
 [INF][Config] Merged fragment from: Core:Relationships/catalog.json
 [INF][Config] Merged fragment from: LudotsCoreMod:assets/Relationships/catalog.json
 [INF][Config] Merged fragment from: InteractionShowcaseMod:assets/Relationships/catalog.json
 [INF][Config] Merged fragment from: Core:Relationships/control_profiles.json
 [INF][Config] Merged fragment from: Core:GAS/target_dispatch_presets.json
 [INF][Config] Merged fragment from: Core:GAS/clock.json
 [INF][Config] Merged fragment from: Core:Physics2D/clock.json
 [INF][Config] Merged fragment from: Core:Physics2D/solver.json
 [INF][Config] Merged fragment from: Core:Physics2D/kinematic.json
 [INF][Config] Merged fragment from: Core:GAS/attribute_constraints.json
 [INF][Config] Merged fragment from: Core:Vision/fog_layers.json
 [INF][Config] Merged fragment from: EntityInfoPanelsMod:assets/Presentation/text_tokens.json
 [INF][Config] Merged fragment from: LudotsCoreMod:assets/Presentation/text_tokens.json
 [INF][Config] Merged fragment from: EntityInfoPanelsMod:assets/Presentation/text_tokens.json
 [INF][Config] Merged fragment from: LudotsCoreMod:assets/Presentation/text_tokens.json
 [INF][Config] Merged fragment from: EntityInfoPanelsMod:assets/Presentation/text_locales.json
 [INF][Config] Merged fragment from: LudotsCoreMod:assets/Presentation/text_locales.json
 [INF][Config] Merged fragment from: Core:GraphTables/lookup_tables.json
 [INF][Config] Merged fragment from: Core:GAS/graphs.json
 [INF][Config] Merged fragment from: Core:GAS/preset_types.json
 [INF][Config] Merged fragment from: Core:Exchange/operations.json
 [INF][Config] Merged fragment from: Core:Progression/scopes.json
 [INF][Config] Merged fragment from: Core:Progression/progressions.json
 [INF][Config] Merged fragment from: Core:Progression/requirements.json
 [INF][Config] Merged fragment from: LudotsCoreMod:assets/GAS/order_types.json
 [INF][Config] Merged fragment from: Core:GAS/effects.json
 [INF][Config] Merged fragment from: InteractionShowcaseMod:assets/GAS/effects.json
 [INF][Config] Merged fragment from: InteractionShowcaseMod:assets/GAS/abilities.json
 [INF][Config] Merged fragment from: InteractionShowcaseMod:assets/GAS/ability_form_sets.json
 [INF][Config] Merged fragment from: Core:GAS/func_lib.json
 [INF][Config] Merged fragment from: Core:GAS/action_lib.json
 [INF][Config] Merged fragment from: InteractionShowcaseMod:assets/GAS/context_groups.json
 [INF][Config] Merged fragment from: Core:Items/shapes.json
 [INF][Config] Merged fragment from: Core:Items/layouts.json
 [INF][Config] Merged fragment from: Core:Items/definitions.json
 [INF][Config] Merged fragment from: Core:Exchange/operations.json
 [INF][Config] Merged fragment from: Core:Panels/panel_templates.json
 [INF][Config] Merged fragment from: Core:Input/filter_profiles.json
 [INF][Config] Merged fragment from: Core:Presentation/lod_profiles.json
 [INF][Config] Merged fragment from: Core:Presentation/particle_vfx.json
 [INF][Config] Merged fragment from: LudotsCoreMod:assets/Presentation/mesh_assets.json
 [INF][Config] Merged fragment from: LudotsCoreMod:assets/Presentation/material_assets.json
 [INF][Config] Merged fragment from: LudotsCoreMod:assets/Presentation/animator_controllers.json
 [INF][Config] Merged fragment from: LudotsCoreMod:assets/Presentation/animation_clips.json
 [INF][Config] Merged fragment from: LudotsCoreMod:assets/Presentation/animation_profiles.json
 [INF][Config] Merged fragment from: LudotsCoreMod:assets/Presentation/presenters.json
 [INF][Config] Merged fragment from: CoreInputMod:assets/Presentation/presenters.json
 [INF][Config] Merged fragment from: InteractionShowcaseMod:assets/Presentation/presenters.json
 [INF][Config] Merged fragment from: Core:GAS/attribute_bindings.json
 [INF][Config] Merged fragment from: Core:config_catalog.json
 [INF][Config] Merged fragment from: Core:Input/default_input.json
 [INF][Config] Merged fragment from: CoreInputMod:assets/Input/default_input.json
 [INF][Config] Merged fragment from: CameraProfilesMod:assets/Input/default_input.json
 [INF][Config] Merged fragment from: InteractionShowcaseMod:assets/Input/default_input.json
 [INF][Config] Merged fragment from: Core:Input/action_attribute_bindings.json
 [INF][Config] Merged fragment from: Core:Input/command_intent_profiles.json
 [INF][Config] Merged fragment from: Core:Input/interaction_context_profiles.json
 [INF][Config] Merged fragment from: Core:Input/cast_commit_profiles.json
 [INF][Config] Merged fragment from: Core:Input/cast_commit_locks.json
 [INF][Config] Merged fragment from: Core:Input/cast_dispatch_profiles.json
 [INF][Config] Merged fragment from: Core:Input/control_schemes.json
 [INF][Config] Merged fragment from: InteractionShowcaseMod:assets/Input/control_schemes.json
 [INF][Config] Merged fragment from: Core:UI/ability_aggregation_profiles.json
 [INF][Config] Merged fragment from: Core:UI/command_deck_profiles.json
 [INF][Config] Merged fragment from: Core:UI/production_overview_profiles.json
 [INF][Config] Merged fragment from: Core:AI/behavior_trees.json
 [INF][Config] Merged fragment from: Core:AI/hfsm.json
 [INF][Config] Merged fragment from: Core:Camera/virtual_cameras.json
 [INF][Config] Merged fragment from: CameraProfilesMod:assets/Camera/virtual_cameras.json
 [INF][Config] Merged fragment from: InteractionShowcaseMod:assets/Camera/virtual_cameras.json
 [INF][Config] Merged fragment from: Core:Narrative/variables.json
 [INF][Config] Merged fragment from: Core:Narrative/dialogues.json
 [INF][Config] Merged fragment from: Core:Narrative/cinematics.json
 [INF][ModLoader] No registration conflicts detected.
 [INF][Config] Merged fragment from: Core:config_catalog.json
 [INF][Config] Merged fragment from: Core:Input/default_input.json
 [INF][Config] Merged fragment from: CoreInputMod:assets/Input/default_input.json
 [INF][Config] Merged fragment from: CameraProfilesMod:assets/Input/default_input.json
 [INF][Config] Merged fragment from: InteractionShowcaseMod:assets/Input/default_input.json
 [INF][Engine] Firing GameStart event...
 [INF][Mod.EntityInfoPanelsMod] [EntityInfoPanelsMod] Service, template catalog, handle store, and presentation system registered.
 [LudotsCoreMod] Core systems installed
 [INF][Mod.CoreInputMod] [CoreInputMod] No viewmodes.json found, skipping.
 [INF][Mod.CoreInputMod] [CoreInputMod] No viewmodes.json found, skipping.
 [INF][Mod.CoreInputMod] [CoreInputMod] No viewmodes.json found, skipping.
 [INF][Mod.CoreInputMod] [CoreInputMod] Registered 3 view modes from CameraProfilesMod.
 [INF][Mod.CoreInputMod] [CoreInputMod] Registered 5 view modes from InteractionShowcaseMod.
 [INF][Mod.CoreInputMod] [CoreInputMod] CommandSourceAcquisition, GasInputResponse, SkillBar, CommandSourceDragOverlay, AbilityAimPresentation, CommandActorMovePathPresentation, TabTarget, ViewMode registered
 [INF][Mod.InteractionShowcaseMod] [InteractionShowcaseMod] Local order source, stress runtime, and command-source acquisition feedback registered.
 [INF][Engine] Loading Map: interaction_showcase_hub
 [INF][Map] Loading Map: interaction_showcase_hub
 [INF][Config] Merged fragment from: InteractionShowcaseMod:assets/Maps/interaction_showcase_hub.json
 [INF][Map] Map 'interaction_showcase_hub' loaded.
 [INF][Map] Map 'interaction_showcase_hub' pushed to focus (stack depth=1).
 [INF][Config] Merged fragment from: Core:Navigation/pathing.json
 [INF][Engine] Pathing bootstrap skipped for map 'interaction_showcase_hub': no node-graph board or navmesh query service is loaded.
 [INF][Engine] Creating Entities from MapConfig...
 [INF][Engine] Applied DefaultCamera: yaw=180 pitch=54 dist=3600cm fov=42
 [INF][Engine] Firing MapLoaded event for interaction_showcase_hub...
 [INF][Engine] Unloading ModLoader contexts...


  失败 GivenMoreThanLegacyRelationScratchCapacity_WhenRuntimeUpdates_ThenItAllocatesNothingAndKeepsEveryChildAttached [1 s]
  错误消息:
     Assert.That(world.Get<WorldPositionCm>(children[i]).Value, Is.EqualTo(Fix64Vec2.FromInt(100, 200)))
  Expected: (100.000000, 200.000000)
  But was:  (0.000000, 0.000000)

  堆栈跟踪:
     at Ludots.Tests.GAS.Production.RtsStrategicShowcaseAcceptanceTests.GivenMoreThanLegacyRelationScratchCapacity_WhenRuntimeUpdates_ThenItAllocatesNothingAndKeepsEveryChildAttached() in C:\001_AI\LudotsProd\tmp\wt-fix87\src\Tests\GasTests\Production\RtsStrategicShowcaseAcceptanceTests.cs:line 84

1)    at Ludots.Tests.GAS.Production.RtsStrategicShowcaseAcceptanceTests.GivenMoreThanLegacyRelationScratchCapacity_WhenRuntimeUpdates_ThenItAllocatesNothingAndKeepsEveryChildAttached() in C:\001_AI\LudotsProd\tmp\wt-fix87\src\Tests\GasTests\Production\RtsStrategicShowcaseAcceptanceTests.cs:line 84


  标准输出消息:
 [INF][Engine] Initializing with ConfigPipeline...
 [INF][Engine] Resolving mod dependencies from explicit mod paths: mods=4
 [INF][ModLoader] Mod Load Order:
 [INF][ModLoader] - LudotsCoreMod (P:-1000)
 [INF][ModLoader] - EntityCommandPanelMod (P:130)
 [INF][ModLoader] - CoreInputMod (P:0)
 [INF][ModLoader] - RtsDemoMod (P:0)
 [INF][ModLoader] Resolved Mod Load Order (launcher graph):
 [INF][ModLoader] - LudotsCoreMod (P:-1000)
 [INF][ModLoader] - EntityCommandPanelMod (P:130)
 [INF][ModLoader] - CoreInputMod (P:0)
 [INF][ModLoader] - RtsDemoMod (P:0)
 [INF][ModLoader] Loading DLL for LudotsCoreMod at C:\001_AI\LudotsProd\tmp\wt-fix87\mods\LudotsCoreMod\bin\net8.0\LudotsCoreMod.dll
 [INF][ModLoader] Scanning 2 types in assembly...
 [INF][ModLoader] Instantiated entry for LudotsCoreMod. Calling OnLoad...
 [INF][Mod.LudotsCoreMod] [LudotsCoreMod] Loaded - Core game framework initialized
 [INF][ModLoader] LudotsCoreMod OnLoad completed.
 [INF][ModLoader] Loaded LudotsCoreMod
 [INF][ModLoader] Reusing preloaded assembly for EntityCommandPanelMod: C:\001_AI\LudotsProd\tmp\wt-fix87\src\Tests\GasTests\bin\Debug\net8.0\EntityCommandPanelMod.dll
 [INF][ModLoader] Scanning 30 types in assembly...
 [INF][ModLoader] Instantiated entry for EntityCommandPanelMod. Calling OnLoad...
 [INF][Mod.EntityCommandPanelMod] [EntityCommandPanelMod] Loaded
 [INF][ModLoader] EntityCommandPanelMod OnLoad completed.
 [INF][ModLoader] Loaded EntityCommandPanelMod
 [INF][ModLoader] Reusing preloaded assembly for CoreInputMod: C:\001_AI\LudotsProd\tmp\wt-fix87\src\Tests\GasTests\bin\Debug\net8.0\CoreInputMod.dll
 [INF][ModLoader] Scanning 33 types in assembly...
 [INF][ModLoader] Instantiated entry for CoreInputMod. Calling OnLoad...
 [INF][Mod.CoreInputMod] [CoreInputMod] Loaded - generic command-source and GAS input
 [INF][ModLoader] CoreInputMod OnLoad completed.
 [INF][ModLoader] Loaded CoreInputMod
 [INF][ModLoader] Reusing preloaded assembly for RtsDemoMod: C:\001_AI\LudotsProd\tmp\wt-fix87\src\Tests\GasTests\bin\Debug\net8.0\RtsDemoMod.dll
 [INF][ModLoader] Scanning 28 types in assembly...
 [INF][ModLoader] Instantiated entry for RtsDemoMod. Calling OnLoad...
 [INF][Mod.RtsDemoMod] [RtsDemoMod] Loaded
 [INF][ModLoader] RtsDemoMod OnLoad completed.
 [INF][ModLoader] Loaded RtsDemoMod
 [INF][Config] Merged fragment from: Core:game.json
 [INF][Config] Merged fragment from: LudotsCoreMod:assets/game.json
 [INF][Config] Merged fragment from: RtsDemoMod:assets/game.json
 [INF][Config] Merged fragment from: Core:config_catalog.json
 [INF][Config] Merged fragment from: Core:Navigation/agent_profiles.json
 [INF][Engine] Merged GameConfig: StartupMapId=rts_entry, DefaultCoreMod=LudotsCoreMod
 [INF][Engine] Constants loaded: OrderTypeIds=4, ResponseChainOrderTypeIds=3
 [INF][Config] Loading DataRegistry<EntityTemplate> from Entities/templates.json...
 [INF][Config] Merged fragment from: LudotsCoreMod:assets/Entities/templates.json
 [INF][Config] Merged fragment from: RtsDemoMod:assets/Entities/templates.json
 [INF][Config] Loaded 21 DataRegistry<EntityTemplate> items.
 [INF][Engine] Initializing Core GAS Systems...
 [INF][Config] Merged fragment from: Core:Engine/clock.json
 [INF][Config] Merged fragment from: Core:Relationships/catalog.json
 [INF][Config] Merged fragment from: LudotsCoreMod:assets/Relationships/catalog.json
 [INF][Config] Merged fragment from: RtsDemoMod:assets/Relationships/catalog.json
 [INF][Config] Merged fragment from: Core:Relationships/control_profiles.json
 [INF][Config] Merged fragment from: Core:GAS/target_dispatch_presets.json
 [INF][Config] Merged fragment from: Core:GAS/clock.json
 [INF][Config] Merged fragment from: Core:Physics2D/clock.json
 [INF][Config] Merged fragment from: Core:Physics2D/solver.json
 [INF][Config] Merged fragment from: Core:Physics2D/kinematic.json
 [INF][Config] Merged fragment from: Core:GAS/attribute_constraints.json
 [INF][Config] Merged fragment from: RtsDemoMod:assets/GAS/attribute_constraints.json
 [INF][Config] Merged fragment from: Core:Vision/fog_layers.json
 [INF][Config] Merged fragment from: LudotsCoreMod:assets/Presentation/text_tokens.json
 [INF][Config] Merged fragment from: LudotsCoreMod:assets/Presentation/text_tokens.json
 [INF][Config] Merged fragment from: LudotsCoreMod:assets/Presentation/text_locales.json
 [INF][Config] Merged fragment from: Core:GraphTables/lookup_tables.json
 [INF][Config] Merged fragment from: Core:GAS/graphs.json
 [INF][Config] Merged fragment from: Core:GAS/preset_types.json
 [INF][Config] Merged fragment from: Core:Exchange/operations.json
 [INF][Config] Merged fragment from: Core:Progression/scopes.json
 [INF][Config] Merged fragment from: Core:Progression/progressions.json
 [INF][Config] Merged fragment from: Core:Progression/requirements.json
 [INF][Config] Merged fragment from: LudotsCoreMod:assets/GAS/order_types.json
 [INF][Config] Merged fragment from: RtsDemoMod:assets/GAS/order_types.json
 [INF][Config] Merged fragment from: Core:GAS/effects.json
 [INF][Config] Merged fragment from: RtsDemoMod:assets/GAS/effects.json
 [INF][Config] Merged fragment from: RtsDemoMod:assets/GAS/abilities.json
 [INF][Config] Merged fragment from: RtsDemoMod:assets/GAS/ability_form_sets.json
 [INF][Config] Merged fragment from: RtsDemoMod:assets/GAS/tag_rules.json
 [INF][Config] Merged fragment from: Core:GAS/func_lib.json
 [INF][Config] Merged fragment from: Core:GAS/action_lib.json
 [INF][Config] Merged fragment from: Core:Items/shapes.json
 [INF][Config] Merged fragment from: Core:Items/layouts.json
 [INF][Config] Merged fragment from: Core:Items/definitions.json
 [INF][Config] Merged fragment from: Core:Exchange/operations.json
 [INF][Config] Merged fragment from: Core:Panels/panel_templates.json
 [INF][Config] Merged fragment from: Core:Input/filter_profiles.json
 [INF][Config] Merged fragment from: Core:Presentation/lod_profiles.json
 [INF][Config] Merged fragment from: Core:Presentation/particle_vfx.json
 [INF][Config] Merged fragment from: LudotsCoreMod:assets/Presentation/mesh_assets.json
 [INF][Config] Merged fragment from: LudotsCoreMod:assets/Presentation/material_assets.json
 [INF][Config] Merged fragment from: LudotsCoreMod:assets/Presentation/animator_controllers.json
 [INF][Config] Merged fragment from: LudotsCoreMod:assets/Presentation/animation_clips.json
 [INF][Config] Merged fragment from: LudotsCoreMod:assets/Presentation/animation_profiles.json
 [INF][Config] Merged fragment from: LudotsCoreMod:assets/Presentation/presenters.json
 [INF][Config] Merged fragment from: CoreInputMod:assets/Presentation/presenters.json
 [INF][Config] Merged fragment from: RtsDemoMod:assets/Presentation/presenters.json
 [INF][Config] Merged fragment from: Core:GAS/attribute_bindings.json
 [INF][Config] Merged fragment from: Core:config_catalog.json
 [INF][Config] Merged fragment from: Core:Input/default_input.json
 [INF][Config] Merged fragment from: CoreInputMod:assets/Input/default_input.json
 [INF][Config] Merged fragment from: RtsDemoMod:assets/Input/default_input.json
 [INF][Config] Merged fragment from: Core:Input/action_attribute_bindings.json
 [INF][Config] Merged fragment from: Core:Input/command_intent_profiles.json
 [INF][Config] Merged fragment from: Core:Input/interaction_context_profiles.json
 [INF][Config] Merged fragment from: Core:Input/cast_commit_profiles.json
 [INF][Config] Merged fragment from: Core:Input/cast_commit_locks.json
 [INF][Config] Merged fragment from: Core:Input/cast_dispatch_profiles.json
 [INF][Config] Merged fragment from: Core:Input/control_schemes.json
 [INF][Config] Merged fragment from: Core:UI/ability_aggregation_profiles.json
 [INF][Config] Merged fragment from: EntityCommandPanelMod:assets/UI/ability_aggregation_profiles.json
 [INF][Config] Merged fragment from: Core:UI/command_deck_profiles.json
 [INF][Config] Merged fragment from: Core:UI/production_overview_profiles.json
 [INF][Config] Merged fragment from: Core:AI/behavior_trees.json
 [INF][Config] Merged fragment from: Core:AI/hfsm.json
 [INF][Config] Merged fragment from: Core:Camera/virtual_cameras.json
 [INF][Config] Merged fragment from: Core:Narrative/variables.json
 [INF][Config] Merged fragment from: Core:Narrative/dialogues.json
 [INF][Config] Merged fragment from: Core:Narrative/cinematics.json
 [INF][ModLoader] No registration conflicts detected.
 [INF][Config] Merged fragment from: Core:config_catalog.json
 [INF][Config] Merged fragment from: Core:Input/default_input.json
 [INF][Config] Merged fragment from: CoreInputMod:assets/Input/default_input.json
 [INF][Config] Merged fragment from: RtsDemoMod:assets/Input/default_input.json
 [INF][Engine] Firing GameStart event...
 [LudotsCoreMod] Core systems installed
 [INF][Mod.EntityCommandPanelMod] [EntityCommandPanelMod] Installed GAS entity command panel runtime.
 [INF][Mod.CoreInputMod] [CoreInputMod] No viewmodes.json found, skipping.
 [INF][Mod.CoreInputMod] [CoreInputMod] No viewmodes.json found, skipping.
 [INF][Mod.CoreInputMod] [CoreInputMod] No viewmodes.json found, skipping.
 [INF][Mod.CoreInputMod] [CoreInputMod] No viewmodes.json found, skipping.
 [INF][Mod.CoreInputMod] [CoreInputMod] CommandSourceAcquisition, GasInputResponse, SkillBar, CommandSourceDragOverlay, AbilityAimPresentation, CommandActorMovePathPresentation, TabTarget, ViewMode registered
 [INF][Mod.RtsDemoMod] [RtsDemoMod] Ability definitions loaded via GAS/abilities.json
 [INF][Mod.RtsDemoMod] [RtsDemoMod] RTS local order source system registered
 [INF][Mod.RtsDemoMod] [RtsDemoMod] RTS relation runtime and command-source panel systems registered
 [INF][Mod.RtsDemoMod] [RtsDemoMod] No viewmodes.json found, skipping.
 [INF][Engine] Loading Map: rts_entry
 [INF][Map] Loading Map: rts_entry
 [INF][Config] Merged fragment from: RtsDemoMod:assets/Maps/rts_entry.json
 [INF][Map] Map 'rts_entry' loaded.
 [INF][Map] Map 'rts_entry' pushed to focus (stack depth=1).
 [INF][Config] Merged fragment from: Core:Navigation/pathing.json
 [INF][Engine] Pathing bootstrap skipped for map 'rts_entry': no node-graph board or navmesh query service is loaded.
 [INF][Engine] Creating Entities from MapConfig...
 [INF][Engine] Applied DefaultCamera: yaw=180 pitch=55 dist=14000cm fov=60
 [INF][Engine] Firing MapLoaded event for rts_entry...
 [WRN][Presentation] Terrain height sync requested VisualHeightmap, but none is registered; undeclared static pending may resolve flat while declared heightmap pending stays unresolved.
 [INF][Engine] Unloading ModLoader contexts...


  失败 StaticObstaclePhysicsShowcase_ProductionChain_SpawnsAndRetainsStaticBodies [1 s]
  错误消息:
   System.InvalidOperationException : RuntimeEntitySpawn template 'static_obstacle_physics_compound_blocker' template 'static_obstacle_physics_compound_blocker' source 'Entities/templates.json' component 'AttributeBuffer': AttributeBuffer.base.Durability references unregistered attribute 'Durability'. Declare it in startup GAS attribute config before map loading.
  ----> System.InvalidOperationException : AttributeBuffer.base.Durability references unregistered attribute 'Durability'. Declare it in startup GAS attribute config before map loading.
  堆栈跟踪:
     at Ludots.Core.Config.ComponentRegistry.Apply(Entity entity, String componentName, JsonNode data, ComponentAuthoringContext authoringContext, String context) in C:\001_AI\LudotsProd\tmp\wt-fix87\src\Core\Config\ComponentRegistry.cs:line 410
   at Ludots.Core.Config.EntityBuilder.ApplyComponent(Entity entity, String componentName, JsonNode data, Boolean isOverride) in C:\001_AI\LudotsProd\tmp\wt-fix87\src\Core\Config\EntityBuilder.cs:line 129
   at Ludots.Core.Config.EntityBuilder.Build() in C:\001_AI\LudotsProd\tmp\wt-fix87\src\Core\Config\EntityBuilder.cs:line 95
   at Ludots.Core.Gameplay.Spawning.RuntimeEntitySpawnSystem.SpawnTemplate(RuntimeEntitySpawnRequest& request, SpawnRelationshipPlan& relationshipPlan) in C:\001_AI\LudotsProd\tmp\wt-fix87\src\Core\Gameplay\Spawning\RuntimeEntitySpawnSystem.cs:line 270
   at Ludots.Core.Gameplay.Spawning.RuntimeEntitySpawnSystem.Update(Single& dt) in C:\001_AI\LudotsProd\tmp\wt-fix87\src\Core\Gameplay\Spawning\RuntimeEntitySpawnSystem.cs:line 198
   at Ludots.Core.Engine.Pacemaker.PhaseOrderedCooperativeSimulation.Step(Single fixedDt, Int32 timeBudgetMs) in C:\001_AI\LudotsProd\tmp\wt-fix87\src\Core\Engine\Pacemaker\PhaseOrderedCooperativeSimulation.cs:line 69
   at Ludots.Core.Engine.Pacemaker.RealtimePacemaker.Update(Single dt, ICooperativeSimulation cooperativeSimulation, Int32 timeBudgetMs, Int32 maxSlicesPerLogicFrame) in C:\001_AI\LudotsProd\tmp\wt-fix87\src\Core\Engine\Pacemaker\IPacemaker.cs:line 93
   at Ludots.Core.Engine.GameEngine.Tick(Single platformDeltaTime) in C:\001_AI\LudotsProd\tmp\wt-fix87\src\Core\Engine\GameEngine.cs:line 3755
   at Ludots.Tests.GAS.Production.StaticObstaclePhysicsShowcaseAcceptanceTests.TickMeasured(GameEngine engine, Int32 frames, List`1 frameTimesMs) in C:\001_AI\LudotsProd\tmp\wt-fix87\src\Tests\GasTests\Production\StaticObstaclePhysicsShowcaseAcceptanceTests.cs:line 132
   at Ludots.Tests.GAS.Production.StaticObstaclePhysicsShowcaseAcceptanceTests.TickUntil(GameEngine engine, List`1 frameTimesMs, Func`1 predicate, Int32 maxFrames) in C:\001_AI\LudotsProd\tmp\wt-fix87\src\Tests\GasTests\Production\StaticObstaclePhysicsShowcaseAcceptanceTests.cs:line 146
   at Ludots.Tests.GAS.Production.StaticObstaclePhysicsShowcaseAcceptanceTests.StaticObstaclePhysicsShowcase_ProductionChain_SpawnsAndRetainsStaticBodies() in C:\001_AI\LudotsProd\tmp\wt-fix87\src\Tests\GasTests\Production\StaticObstaclePhysicsShowcaseAcceptanceTests.cs:line 63
   at System.RuntimeMethodHandle.InvokeMethod(Object target, Void** arguments, Signature sig, Boolean isConstructor)
   at System.Reflection.MethodBaseInvoker.InvokeWithNoArgs(Object obj, BindingFlags invokeAttr)
--InvalidOperationException
   at Ludots.Core.Config.ComponentRegistry.ResolveAttributeBufferAttributeId(String attributeName, String context) in C:\001_AI\LudotsProd\tmp\wt-fix87\src\Core\Config\ComponentRegistry.cs:line 1031
   at Ludots.Core.Config.ComponentRegistry.SetAttributeBuffer(Entity entity, JsonNode data) in C:\001_AI\LudotsProd\tmp\wt-fix87\src\Core\Config\ComponentRegistry.cs:line 980
   at Ludots.Core.Config.ComponentRegistry.<>c__DisplayClass9_0.<Register>b__0(Entity entity, JsonNode json, ComponentAuthoringContext _) in C:\001_AI\LudotsProd\tmp\wt-fix87\src\Core\Config\ComponentRegistry.cs:line 157
   at Ludots.Core.Config.ComponentRegistry.Apply(Entity entity, String componentName, JsonNode data, ComponentAuthoringContext authoringContext, String context) in C:\001_AI\LudotsProd\tmp\wt-fix87\src\Core\Config\ComponentRegistry.cs:line 406

  标准输出消息:
 [INF][Engine] Initializing with ConfigPipeline...
 [INF][Engine] Resolving mod dependencies from explicit mod paths: mods=4
 [INF][ModLoader] Mod Load Order:
 [INF][ModLoader] - LudotsCoreMod (P:-1000)
 [INF][ModLoader] - CoreInputMod (P:0)
 [INF][ModLoader] - CameraProfilesMod (P:0)
 [INF][ModLoader] - StaticObstaclePhysicsShowcaseMod (P:0)
 [INF][ModLoader] Resolved Mod Load Order (launcher graph):
 [INF][ModLoader] - LudotsCoreMod (P:-1000)
 [INF][ModLoader] - CoreInputMod (P:0)
 [INF][ModLoader] - CameraProfilesMod (P:0)
 [INF][ModLoader] - StaticObstaclePhysicsShowcaseMod (P:0)
 [INF][ModLoader] Loading DLL for LudotsCoreMod at C:\001_AI\LudotsProd\tmp\wt-fix87\mods\LudotsCoreMod\bin\net8.0\LudotsCoreMod.dll
 [INF][ModLoader] Scanning 2 types in assembly...
 [INF][ModLoader] Instantiated entry for LudotsCoreMod. Calling OnLoad...
 [INF][Mod.LudotsCoreMod] [LudotsCoreMod] Loaded - Core game framework initialized
 [INF][ModLoader] LudotsCoreMod OnLoad completed.
 [INF][ModLoader] Loaded LudotsCoreMod
 [INF][ModLoader] Reusing preloaded assembly for CoreInputMod: C:\001_AI\LudotsProd\tmp\wt-fix87\src\Tests\GasTests\bin\Debug\net8.0\CoreInputMod.dll
 [INF][ModLoader] Scanning 33 types in assembly...
 [INF][ModLoader] Instantiated entry for CoreInputMod. Calling OnLoad...
 [INF][Mod.CoreInputMod] [CoreInputMod] Loaded - generic command-source and GAS input
 [INF][ModLoader] CoreInputMod OnLoad completed.
 [INF][ModLoader] Loaded CoreInputMod
 [INF][ModLoader] Loading DLL for CameraProfilesMod at C:\001_AI\LudotsProd\tmp\wt-fix87\mods\capabilities\camera\CameraProfilesMod\bin\net8.0\CameraProfilesMod.dll
 [INF][ModLoader] Scanning 2 types in assembly...
 [INF][ModLoader] Instantiated entry for CameraProfilesMod. Calling OnLoad...
 [INF][Mod.CameraProfilesMod] [CameraProfilesMod] Loaded
 [INF][ModLoader] CameraProfilesMod OnLoad completed.
 [INF][ModLoader] Loaded CameraProfilesMod
 [INF][ModLoader] Loading DLL for StaticObstaclePhysicsShowcaseMod at C:\001_AI\LudotsProd\tmp\wt-fix87\mods\showcases\static_obstacle_physics\StaticObstaclePhysicsShowcaseMod\bin\net8.0\StaticObstaclePhysicsShowcaseMod.dll
 [INF][ModLoader] Scanning 5 types in assembly...
 [INF][ModLoader] Instantiated entry for StaticObstaclePhysicsShowcaseMod. Calling OnLoad...
 [INF][Mod.StaticObstaclePhysicsShowcaseMod] [StaticObstaclePhysicsShowcaseMod] Loaded
 [INF][ModLoader] StaticObstaclePhysicsShowcaseMod OnLoad completed.
 [INF][ModLoader] Loaded StaticObstaclePhysicsShowcaseMod
 [INF][Config] Merged fragment from: Core:game.json
 [INF][Config] Merged fragment from: LudotsCoreMod:assets/game.json
 [INF][Config] Merged fragment from: StaticObstaclePhysicsShowcaseMod:assets/game.json
 [INF][Config] Merged fragment from: Core:config_catalog.json
 [INF][Config] Merged fragment from: StaticObstaclePhysicsShowcaseMod:assets/config_catalog.json
 [INF][Config] Merged fragment from: Core:Navigation/agent_profiles.json
 [INF][Engine] Merged GameConfig: StartupMapId=static_obstacle_physics_showcase, DefaultCoreMod=LudotsCoreMod
 [INF][Engine] Constants loaded: OrderTypeIds=4, ResponseChainOrderTypeIds=3
 [INF][Config] Loading DataRegistry<EntityTemplate> from Entities/templates.json...
 [INF][Config] Merged fragment from: LudotsCoreMod:assets/Entities/templates.json
 [INF][Config] Merged fragment from: StaticObstaclePhysicsShowcaseMod:assets/Entities/templates.json
 [INF][Config] Loaded 5 DataRegistry<EntityTemplate> items.
 [INF][Engine] Initializing Core GAS Systems...
 [INF][Config] Merged fragment from: Core:Engine/clock.json
 [INF][Config] Merged fragment from: Core:Relationships/catalog.json
 [INF][Config] Merged fragment from: LudotsCoreMod:assets/Relationships/catalog.json
 [INF][Config] Merged fragment from: Core:Relationships/control_profiles.json
 [INF][Config] Merged fragment from: Core:GAS/target_dispatch_presets.json
 [INF][Config] Merged fragment from: Core:GAS/clock.json
 [INF][Config] Merged fragment from: Core:Physics2D/clock.json
 [INF][Config] Merged fragment from: Core:Physics2D/solver.json
 [INF][Config] Merged fragment from: Core:Physics2D/kinematic.json
 [INF][Config] Merged fragment from: Core:GAS/attribute_constraints.json
 [INF][Config] Merged fragment from: Core:Vision/fog_layers.json
 [INF][Config] Merged fragment from: LudotsCoreMod:assets/Presentation/text_tokens.json
 [INF][Config] Merged fragment from: LudotsCoreMod:assets/Presentation/text_tokens.json
 [INF][Config] Merged fragment from: LudotsCoreMod:assets/Presentation/text_locales.json
 [INF][Config] Merged fragment from: Core:GraphTables/lookup_tables.json
 [INF][Config] Merged fragment from: Core:GAS/graphs.json
 [INF][Config] Merged fragment from: Core:GAS/preset_types.json
 [INF][Config] Merged fragment from: Core:Exchange/operations.json
 [INF][Config] Merged fragment from: Core:Progression/scopes.json
 [INF][Config] Merged fragment from: Core:Progression/progressions.json
 [INF][Config] Merged fragment from: Core:Progression/requirements.json
 [INF][Config] Merged fragment from: LudotsCoreMod:assets/GAS/order_types.json
 [INF][Config] Merged fragment from: Core:GAS/effects.json
 [INF][Config] Merged fragment from: Core:GAS/func_lib.json
 [INF][Config] Merged fragment from: Core:GAS/action_lib.json
 [INF][Config] Merged fragment from: Core:Items/shapes.json
 [INF][Config] Merged fragment from: Core:Items/layouts.json
 [INF][Config] Merged fragment from: Core:Items/definitions.json
 [INF][Config] Merged fragment from: Core:Exchange/operations.json
 [INF][Config] Merged fragment from: Core:Panels/panel_templates.json
 [INF][Config] Merged fragment from: Core:Input/filter_profiles.json
 [INF][Config] Merged fragment from: Core:Presentation/lod_profiles.json
 [INF][Config] Merged fragment from: Core:Presentation/particle_vfx.json
 [INF][Config] Merged fragment from: LudotsCoreMod:assets/Presentation/mesh_assets.json
 [INF][Config] Merged fragment from: LudotsCoreMod:assets/Presentation/material_assets.json
 [INF][Config] Merged fragment from: LudotsCoreMod:assets/Presentation/animator_controllers.json
 [INF][Config] Merged fragment from: LudotsCoreMod:assets/Presentation/animation_clips.json
 [INF][Config] Merged fragment from: LudotsCoreMod:assets/Presentation/animation_profiles.json
 [INF][Config] Merged fragment from: LudotsCoreMod:assets/Presentation/presenters.json
 [INF][Config] Merged fragment from: CoreInputMod:assets/Presentation/presenters.json
 [INF][Config] Merged fragment from: StaticObstaclePhysicsShowcaseMod:assets/Presentation/presenters.json
 [INF][Config] Merged fragment from: Core:GAS/attribute_bindings.json
 [INF][Config] Merged fragment from: Core:config_catalog.json
 [INF][Config] Merged fragment from: StaticObstaclePhysicsShowcaseMod:assets/config_catalog.json
 [INF][Config] Merged fragment from: Core:Input/default_input.json
 [INF][Config] Merged fragment from: CoreInputMod:assets/Input/default_input.json
 [INF][Config] Merged fragment from: CameraProfilesMod:assets/Input/default_input.json
 [INF][Config] Merged fragment from: Core:Input/action_attribute_bindings.json
 [INF][Config] Merged fragment from: Core:Input/command_intent_profiles.json
 [INF][Config] Merged fragment from: Core:Input/interaction_context_profiles.json
 [INF][Config] Merged fragment from: Core:Input/cast_commit_profiles.json
 [INF][Config] Merged fragment from: Core:Input/cast_commit_locks.json
 [INF][Config] Merged fragment from: Core:Input/cast_dispatch_profiles.json
 [INF][Config] Merged fragment from: Core:Input/control_schemes.json
 [INF][Config] Merged fragment from: Core:UI/ability_aggregation_profiles.json
 [INF][Config] Merged fragment from: Core:UI/command_deck_profiles.json
 [INF][Config] Merged fragment from: Core:UI/production_overview_profiles.json
 [INF][Config] Merged fragment from: Core:AI/behavior_trees.json
 [INF][Config] Merged fragment from: Core:AI/hfsm.json
 [INF][Config] Merged fragment from: Core:Camera/virtual_cameras.json
 [INF][Config] Merged fragment from: CameraProfilesMod:assets/Camera/virtual_cameras.json
 [INF][Config] Merged fragment from: Core:Narrative/variables.json
 [INF][Config] Merged fragment from: Core:Narrative/dialogues.json
 [INF][Config] Merged fragment from: Core:Narrative/cinematics.json
 [INF][ModLoader] No registration conflicts detected.
 [INF][Config] Merged fragment from: Core:config_catalog.json
 [INF][Config] Merged fragment from: StaticObstaclePhysicsShowcaseMod:assets/config_catalog.json
 [INF][Config] Merged fragment from: Core:Input/default_input.json
 [INF][Config] Merged fragment from: CoreInputMod:assets/Input/default_input.json
 [INF][Config] Merged fragment from: CameraProfilesMod:assets/Input/default_input.json
 [INF][Engine] Firing GameStart event...
 [LudotsCoreMod] Core systems installed
 [INF][Mod.CoreInputMod] [CoreInputMod] No viewmodes.json found, skipping.
 [INF][Mod.CoreInputMod] [CoreInputMod] No viewmodes.json found, skipping.
 [INF][Mod.CoreInputMod] [CoreInputMod] Registered 3 view modes from CameraProfilesMod.
 [INF][Mod.CoreInputMod] [CoreInputMod] No viewmodes.json found, skipping.
 [INF][Mod.CoreInputMod] [CoreInputMod] CommandSourceAcquisition, GasInputResponse, SkillBar, CommandSourceDragOverlay, AbilityAimPresentation, CommandActorMovePathPresentation, TabTarget, ViewMode registered
 [INF][Engine] Loading Map: static_obstacle_physics_showcase
 [INF][Map] Loading Map: static_obstacle_physics_showcase
 [INF][Config] Merged fragment from: StaticObstaclePhysicsShowcaseMod:assets/Maps/static_obstacle_physics_showcase.json
 [INF][Map] Map 'static_obstacle_physics_showcase' loaded.
 [INF][Map] Map 'static_obstacle_physics_showcase' pushed to focus (stack depth=1).
 [INF][Config] Merged fragment from: Core:Navigation/pathing.json
 [INF][Engine] Pathing bootstrap skipped for map 'static_obstacle_physics_showcase': no node-graph board or navmesh query service is loaded.
 [INF][Engine] Creating Entities from MapConfig...
 [INF][Engine] Applied DefaultCamera: yaw=180 pitch=62 dist=14500cm fov=48
 [INF][Engine] Firing MapLoaded event for static_obstacle_physics_showcase...
 [INF][Config] Merged fragment from: StaticObstaclePhysicsShowcaseMod:assets/StaticObstaclePhysicsShowcaseConfig.json
 [WRN][Presentation] Terrain height sync requested VisualHeightmap, but none is registered; undeclared static pending may resolve flat while declared heightmap pending stays unresolved.
 [INF][Engine] Unloading ModLoader contexts...


  失败 UxPrototype_ContentParity_CoversUnitsBuildingsSkillsAndPanels [3 s]
  错误消息:
     Enemy Raider A should emit a visible primitive through the presenter mainline.
Assert.That(matched.HasValue, Is.True)
  Expected: True
  But was:  False

  堆栈跟踪:
     at Ludots.Tests.GAS.Production.UxPrototypePlayableAcceptanceTests.AssertEntityUsesBillboardVisual(GameEngine engine, String entityName, String expectedMeshAssetKey) in C:\001_AI\LudotsProd\tmp\wt-fix87\src\Tests\GasTests\Production\UxPrototypePlayableAcceptanceTests.cs:line 484
   at Ludots.Tests.GAS.Production.UxPrototypePlayableAcceptanceTests.UxPrototype_ContentParity_CoversUnitsBuildingsSkillsAndPanels() in C:\001_AI\LudotsProd\tmp\wt-fix87\src\Tests\GasTests\Production\UxPrototypePlayableAcceptanceTests.cs:line 196

1)    at Ludots.Tests.GAS.Production.UxPrototypePlayableAcceptanceTests.AssertEntityUsesBillboardVisual(GameEngine engine, String entityName, String expectedMeshAssetKey) in C:\001_AI\LudotsProd\tmp\wt-fix87\src\Tests\GasTests\Production\UxPrototypePlayableAcceptanceTests.cs:line 484
   at Ludots.Tests.GAS.Production.UxPrototypePlayableAcceptanceTests.UxPrototype_ContentParity_CoversUnitsBuildingsSkillsAndPanels() in C:\001_AI\LudotsProd\tmp\wt-fix87\src\Tests\GasTests\Production\UxPrototypePlayableAcceptanceTests.cs:line 196


  标准输出消息:
 [INF][Engine] Initializing with ConfigPipeline...
 [INF][Engine] Resolving mod dependencies from explicit mod paths: mods=6
 [INF][ModLoader] Mod Load Order:
 [INF][ModLoader] - EntityInfoPanelsMod (P:-100)
 [INF][ModLoader] - LudotsCoreMod (P:-1000)
 [INF][ModLoader] - EntityCommandPanelMod (P:130)
 [INF][ModLoader] - CoreInputMod (P:0)
 [INF][ModLoader] - CameraProfilesMod (P:0)
 [INF][ModLoader] - UxPrototypeMod (P:0)
 [INF][ModLoader] Resolved Mod Load Order (launcher graph):
 [INF][ModLoader] - EntityInfoPanelsMod (P:-100)
 [INF][ModLoader] - LudotsCoreMod (P:-1000)
 [INF][ModLoader] - EntityCommandPanelMod (P:130)
 [INF][ModLoader] - CoreInputMod (P:0)
 [INF][ModLoader] - CameraProfilesMod (P:0)
 [INF][ModLoader] - UxPrototypeMod (P:0)
 [INF][ModLoader] Reusing preloaded assembly for EntityInfoPanelsMod: C:\001_AI\LudotsProd\tmp\wt-fix87\src\Tests\GasTests\bin\Debug\net8.0\EntityInfoPanelsMod.dll
 [INF][ModLoader] Scanning 45 types in assembly...
 [INF][ModLoader] Instantiated entry for EntityInfoPanelsMod. Calling OnLoad...
 [INF][Mod.EntityInfoPanelsMod] [EntityInfoPanelsMod] Loaded.
 [INF][ModLoader] EntityInfoPanelsMod OnLoad completed.
 [INF][ModLoader] Loaded EntityInfoPanelsMod
 [INF][ModLoader] Loading DLL for LudotsCoreMod at C:\001_AI\LudotsProd\tmp\wt-fix87\mods\LudotsCoreMod\bin\net8.0\LudotsCoreMod.dll
 [INF][ModLoader] Scanning 2 types in assembly...
 [INF][ModLoader] Instantiated entry for LudotsCoreMod. Calling OnLoad...
 [INF][Mod.LudotsCoreMod] [LudotsCoreMod] Loaded - Core game framework initialized
 [INF][ModLoader] LudotsCoreMod OnLoad completed.
 [INF][ModLoader] Loaded LudotsCoreMod
 [INF][ModLoader] Reusing preloaded assembly for EntityCommandPanelMod: C:\001_AI\LudotsProd\tmp\wt-fix87\src\Tests\GasTests\bin\Debug\net8.0\EntityCommandPanelMod.dll
 [INF][ModLoader] Scanning 30 types in assembly...
 [INF][ModLoader] Instantiated entry for EntityCommandPanelMod. Calling OnLoad...
 [INF][Mod.EntityCommandPanelMod] [EntityCommandPanelMod] Loaded
 [INF][ModLoader] EntityCommandPanelMod OnLoad completed.
 [INF][ModLoader] Loaded EntityCommandPanelMod
 [INF][ModLoader] Reusing preloaded assembly for CoreInputMod: C:\001_AI\LudotsProd\tmp\wt-fix87\src\Tests\GasTests\bin\Debug\net8.0\CoreInputMod.dll
 [INF][ModLoader] Scanning 33 types in assembly...
 [INF][ModLoader] Instantiated entry for CoreInputMod. Calling OnLoad...
 [INF][Mod.CoreInputMod] [CoreInputMod] Loaded - generic command-source and GAS input
 [INF][ModLoader] CoreInputMod OnLoad completed.
 [INF][ModLoader] Loaded CoreInputMod
 [INF][ModLoader] Loading DLL for CameraProfilesMod at C:\001_AI\LudotsProd\tmp\wt-fix87\mods\capabilities\camera\CameraProfilesMod\bin\net8.0\CameraProfilesMod.dll
 [INF][ModLoader] Scanning 2 types in assembly...
 [INF][ModLoader] Instantiated entry for CameraProfilesMod. Calling OnLoad...
 [INF][Mod.CameraProfilesMod] [CameraProfilesMod] Loaded
 [INF][ModLoader] CameraProfilesMod OnLoad completed.
 [INF][ModLoader] Loaded CameraProfilesMod
 [INF][ModLoader] Loading DLL for UxPrototypeMod at C:\001_AI\LudotsProd\tmp\wt-fix87\mods\showcases\ux_prototype\UxPrototypeMod\bin\net8.0\UxPrototypeMod.dll
 [INF][ModLoader] Scanning 42 types in assembly...
 [INF][ModLoader] Instantiated entry for UxPrototypeMod. Calling OnLoad...
 [INF][Mod.UxPrototypeMod] [UxPrototypeMod] Loaded
 [INF][ModLoader] UxPrototypeMod OnLoad completed.
 [INF][ModLoader] Loaded UxPrototypeMod
 [INF][Config] Merged fragment from: Core:game.json
 [INF][Config] Merged fragment from: LudotsCoreMod:assets/game.json
 [INF][Config] Merged fragment from: UxPrototypeMod:assets/game.json
 [INF][Config] Merged fragment from: Core:config_catalog.json
 [INF][Config] Merged fragment from: Core:Navigation/agent_profiles.json
 [INF][Engine] Merged GameConfig: StartupMapId=ux_prototype_battle, DefaultCoreMod=LudotsCoreMod
 [INF][Engine] Constants loaded: OrderTypeIds=4, ResponseChainOrderTypeIds=3
 [INF][Config] Loading DataRegistry<EntityTemplate> from Entities/templates.json...
 [INF][Config] Merged fragment from: LudotsCoreMod:assets/Entities/templates.json
 [INF][Config] Merged fragment from: UxPrototypeMod:assets/Entities/templates.json
 [INF][Config] Loaded 25 DataRegistry<EntityTemplate> items.
 [INF][Engine] Initializing Core GAS Systems...
 [INF][Config] Merged fragment from: Core:Engine/clock.json
 [INF][Config] Merged fragment from: Core:Relationships/catalog.json
 [INF][Config] Merged fragment from: LudotsCoreMod:assets/Relationships/catalog.json
 [INF][Config] Merged fragment from: UxPrototypeMod:assets/Relationships/catalog.json
 [INF][Config] Merged fragment from: Core:Relationships/control_profiles.json
 [INF][Config] Merged fragment from: Core:GAS/target_dispatch_presets.json
 [INF][Config] Merged fragment from: Core:GAS/clock.json
 [INF][Config] Merged fragment from: Core:Physics2D/clock.json
 [INF][Config] Merged fragment from: Core:Physics2D/solver.json
 [INF][Config] Merged fragment from: Core:Physics2D/kinematic.json
 [INF][Config] Merged fragment from: Core:GAS/attribute_constraints.json
 [INF][Config] Merged fragment from: Core:Vision/fog_layers.json
 [INF][Config] Merged fragment from: EntityInfoPanelsMod:assets/Presentation/text_tokens.json
 [INF][Config] Merged fragment from: LudotsCoreMod:assets/Presentation/text_tokens.json
 [INF][Config] Merged fragment from: EntityInfoPanelsMod:assets/Presentation/text_tokens.json
 [INF][Config] Merged fragment from: LudotsCoreMod:assets/Presentation/text_tokens.json
 [INF][Config] Merged fragment from: EntityInfoPanelsMod:assets/Presentation/text_locales.json
 [INF][Config] Merged fragment from: LudotsCoreMod:assets/Presentation/text_locales.json
 [INF][Config] Merged fragment from: Core:GraphTables/lookup_tables.json
 [INF][Config] Merged fragment from: Core:GAS/graphs.json
 [INF][Config] Merged fragment from: Core:GAS/preset_types.json
 [INF][Config] Merged fragment from: Core:Exchange/operations.json
 [INF][Config] Merged fragment from: Core:Progression/scopes.json
 [INF][Config] Merged fragment from: Core:Progression/progressions.json
 [INF][Config] Merged fragment from: Core:Progression/requirements.json
 [INF][Config] Merged fragment from: LudotsCoreMod:assets/GAS/order_types.json
 [INF][Config] Merged fragment from: Core:GAS/effects.json
 [INF][Config] Merged fragment from: Core:GAS/func_lib.json
 [INF][Config] Merged fragment from: Core:GAS/action_lib.json
 [INF][Config] Merged fragment from: Core:Items/shapes.json
 [INF][Config] Merged fragment from: Core:Items/layouts.json
 [INF][Config] Merged fragment from: Core:Items/definitions.json
 [INF][Config] Merged fragment from: Core:Exchange/operations.json
 [INF][Config] Merged fragment from: Core:Panels/panel_templates.json
 [INF][Config] Merged fragment from: Core:Input/filter_profiles.json
 [INF][Config] Merged fragment from: Core:Presentation/lod_profiles.json
 [INF][Config] Merged fragment from: Core:Presentation/particle_vfx.json
 [INF][Config] Merged fragment from: LudotsCoreMod:assets/Presentation/mesh_assets.json
 [INF][Config] Merged fragment from: UxPrototypeMod:assets/Presentation/mesh_assets.json
 [INF][Config] Merged fragment from: LudotsCoreMod:assets/Presentation/material_assets.json
 [INF][Config] Merged fragment from: LudotsCoreMod:assets/Presentation/animator_controllers.json
 [INF][Config] Merged fragment from: LudotsCoreMod:assets/Presentation/animation_clips.json
 [INF][Config] Merged fragment from: LudotsCoreMod:assets/Presentation/animation_profiles.json
 [INF][Config] Merged fragment from: LudotsCoreMod:assets/Presentation/presenters.json
 [INF][Config] Merged fragment from: CoreInputMod:assets/Presentation/presenters.json
 [INF][Config] Merged fragment from: UxPrototypeMod:assets/Presentation/presenters.json
 [INF][Config] Merged fragment from: Core:GAS/attribute_bindings.json
 [INF][Config] Merged fragment from: Core:config_catalog.json
 [INF][Config] Merged fragment from: Core:Input/default_input.json
 [INF][Config] Merged fragment from: CoreInputMod:assets/Input/default_input.json
 [INF][Config] Merged fragment from: CameraProfilesMod:assets/Input/default_input.json
 [INF][Config] Merged fragment from: UxPrototypeMod:assets/Input/default_input.json
 [INF][Config] Merged fragment from: Core:Input/action_attribute_bindings.json
 [INF][Config] Merged fragment from: Core:Input/command_intent_profiles.json
 [INF][Config] Merged fragment from: Core:Input/interaction_context_profiles.json
 [INF][Config] Merged fragment from: Core:Input/cast_commit_profiles.json
 [INF][Config] Merged fragment from: Core:Input/cast_commit_locks.json
 [INF][Config] Merged fragment from: Core:Input/cast_dispatch_profiles.json
 [INF][Config] Merged fragment from: Core:Input/control_schemes.json
 [INF][Config] Merged fragment from: Core:UI/ability_aggregation_profiles.json
 [INF][Config] Merged fragment from: EntityCommandPanelMod:assets/UI/ability_aggregation_profiles.json
 [INF][Config] Merged fragment from: Core:UI/command_deck_profiles.json
 [INF][Config] Merged fragment from: Core:UI/production_overview_profiles.json
 [INF][Config] Merged fragment from: Core:AI/behavior_trees.json
 [INF][Config] Merged fragment from: Core:AI/hfsm.json
 [INF][Config] Merged fragment from: Core:Camera/virtual_cameras.json
 [INF][Config] Merged fragment from: CameraProfilesMod:assets/Camera/virtual_cameras.json
 [INF][Config] Merged fragment from: UxPrototypeMod:assets/Camera/virtual_cameras.json
 [INF][Config] Merged fragment from: Core:Narrative/variables.json
 [INF][Config] Merged fragment from: Core:Narrative/dialogues.json
 [INF][Config] Merged fragment from: Core:Narrative/cinematics.json
 [INF][ModLoader] No registration conflicts detected.
 [INF][Config] Merged fragment from: Core:config_catalog.json
 [INF][Config] Merged fragment from: Core:Input/default_input.json
 [INF][Config] Merged fragment from: CoreInputMod:assets/Input/default_input.json
 [INF][Config] Merged fragment from: CameraProfilesMod:assets/Input/default_input.json
 [INF][Config] Merged fragment from: UxPrototypeMod:assets/Input/default_input.json
 [INF][Engine] Firing GameStart event...
 [INF][Mod.EntityInfoPanelsMod] [EntityInfoPanelsMod] Service, template catalog, handle store, and presentation system registered.
 [LudotsCoreMod] Core systems installed
 [INF][Mod.EntityCommandPanelMod] [EntityCommandPanelMod] Installed GAS entity command panel runtime.
 [INF][Mod.CoreInputMod] [CoreInputMod] No viewmodes.json found, skipping.
 [INF][Mod.CoreInputMod] [CoreInputMod] No viewmodes.json found, skipping.
 [INF][Mod.CoreInputMod] [CoreInputMod] No viewmodes.json found, skipping.
 [INF][Mod.CoreInputMod] [CoreInputMod] No viewmodes.json found, skipping.
 [INF][Mod.CoreInputMod] [CoreInputMod] Registered 3 view modes from CameraProfilesMod.
 [INF][Mod.CoreInputMod] [CoreInputMod] Registered 4 view modes from UxPrototypeMod.
 [INF][Mod.CoreInputMod] [CoreInputMod] CommandSourceAcquisition, GasInputResponse, SkillBar, CommandSourceDragOverlay, AbilityAimPresentation, CommandActorMovePathPresentation, TabTarget, ViewMode registered
 [INF][Mod.UxPrototypeMod] [UxPrototypeMod] Prototype order source, simulation state, and HUD presentation registered.
 [INF][Engine] Loading Map: ux_prototype_battle
 [INF][Map] Loading Map: ux_prototype_battle
 [INF][Config] Merged fragment from: UxPrototypeMod:assets/Maps/ux_prototype_battle.json
 [INF][Map] Map 'ux_prototype_battle' loaded.
 [INF][Map] Map 'ux_prototype_battle' pushed to focus (stack depth=1).
 [INF][Config] Merged fragment from: Core:Navigation/pathing.json
 [INF][Engine] Pathing bootstrap skipped for map 'ux_prototype_battle': no node-graph board or navmesh query service is loaded.
 [INF][Engine] Creating Entities from MapConfig...
 [INF][Engine] Applied DefaultCamera: yaw=180 pitch=52 dist=4600cm fov=44
 [INF][Engine] Firing MapLoaded event for ux_prototype_battle...
 [WRN][Presentation] Terrain height sync requested VisualHeightmap, but none is registered; undeclared static pending may resolve flat while declared heightmap pending stays unresolved.
 [INF][Engine] Unloading ModLoader contexts...


  失败 RelationshipEntityAttributesReceiveGasBuffs [9 ms]
  错误消息:
     Assert.That(world.Get<AttributeBuffer>(relationEntity).GetCurrent(pressureId), Is.EqualTo(3f))
  Expected: 3.0f
  But was:  1.0f

  堆栈跟踪:
     at Ludots.Tests.GAS.RelationshipCoreTests.RelationshipEntityAttributesReceiveGasBuffs() in C:\001_AI\LudotsProd\tmp\wt-fix87\src\Tests\GasTests\Association\RelationshipCoreTests.cs:line 171

1)    at Ludots.Tests.GAS.RelationshipCoreTests.RelationshipEntityAttributesReceiveGasBuffs() in C:\001_AI\LudotsProd\tmp\wt-fix87\src\Tests\GasTests\Association\RelationshipCoreTests.cs:line 171


  失败 RoadNetworkShowcase_PlayableInitialDragSelectRightClick_StartsRoadMoveWithoutReset [10 s]
  错误消息:
     Predicate was not satisfied within 16 frames. cameraTarget=(-10082.84,-282.84) drag=(NaN,NaN)->(NaN,NaN) selected=1:Blue Vanguard dragState=False@(0,0)->(0,0) | road.player.blue/Blue Vanguard:screenWorld=(NaN,NaN) screenVisual=(NaN,NaN) visible=False selectable=True | road.player.blue.north/Blue North Column:screenWorld=(NaN,NaN) screenVisual=(NaN,NaN) visible=False selectable=True | road.player.blue.south/Blue South Column:screenWorld=(NaN,NaN) screenVisual=(NaN,NaN) visible=False selectable=True || phase0=cameraTarget=(-10082.84,-282.84) drag=(NaN,NaN)->(NaN,NaN) selected=1:Blue Vanguard dragState=False@(0,0)->(0,0) | road.player.blue/Blue Vanguard:screenWorld=(NaN,NaN) screenVisual=(NaN,NaN) visible=False selectable=True | road.player.blue.north/Blue North Column:screenWorld=(NaN,NaN) screenVisual=(NaN,NaN) visible=False selectable=True | road.player.blue.south/Blue South Column:screenWorld=(NaN,NaN) screenVisual=(NaN,NaN) visible=False selectable=True liveSelect[down=False,pressed=False,released=False] livePointer=(-1,-1) authSelect[down=False,pressed=False,released=False] authPointer=(-1,-1) || phase1=cameraTarget=(-10082.84,-282.84) drag=(NaN,NaN)->(NaN,NaN) selected=1:Blue Vanguard dragState=True@(-1,-1)->(-1,-1) | road.player.blue/Blue Vanguard:screenWorld=(NaN,NaN) screenVisual=(NaN,NaN) visible=False selectable=True | road.player.blue.north/Blue North Column:screenWorld=(NaN,NaN) screenVisual=(NaN,NaN) visible=False selectable=True | road.player.blue.south/Blue South Column:screenWorld=(NaN,NaN) screenVisual=(NaN,NaN) visible=False selectable=True liveSelect[down=False,pressed=False,released=False] livePointer=(-1,-1) authSelect[down=False,pressed=False,released=False] authPointer=(-1,-1) || phase2=cameraTarget=(-10082.84,-282.84) drag=(NaN,NaN)->(NaN,NaN) selected=1:Blue Vanguard dragState=True@(-1,-1)->(-1,-1) | road.player.blue/Blue Vanguard:screenWorld=(NaN,NaN) screenVisual=(NaN,NaN) visible=False selectable=True | road.player.blue.north/Blue North Column:screenWorld=(NaN,NaN) screenVisual=(NaN,NaN) visible=False selectable=True | road.player.blue.south/Blue South Column:screenWorld=(NaN,NaN) screenVisual=(NaN,NaN) visible=False selectable=True liveSelect[down=False,pressed=False,released=False] livePointer=(-1,-1) authSelect[down=False,pressed=False,released=False] authPointer=(-1,-1) || phase3=cameraTarget=(-10082.84,-282.84) drag=(NaN,NaN)->(NaN,NaN) selected=1:Blue Vanguard dragState=False@(0,0)->(0,0) | road.player.blue/Blue Vanguard:screenWorld=(NaN,NaN) screenVisual=(NaN,NaN) visible=False selectable=True | road.player.blue.north/Blue North Column:screenWorld=(NaN,NaN) screenVisual=(NaN,NaN) visible=False selectable=True | road.player.blue.south/Blue South Column:screenWorld=(NaN,NaN) screenVisual=(NaN,NaN) visible=False selectable=True liveSelect[down=False,pressed=False,released=False] livePointer=(-1,-1) authSelect[down=False,pressed=False,released=False] authPointer=(-1,-1)
Assert.That(predicate(), Is.True)
  Expected: True
  But was:  False

  堆栈跟踪:
     at Ludots.Tests.GAS.RoadNetworkShowcaseTests.TickUntil(GameEngine engine, Func`1 predicate, Int32 maxFrames, String failureMessage) in C:\001_AI\LudotsProd\tmp\wt-fix87\src\Tests\GasTests\Map\RoadNetworkShowcaseTests.cs:line 2199
   at Ludots.Tests.GAS.RoadNetworkShowcaseTests.DragSelectByInstanceIds(GameEngine engine, TestInputBackend backend, String[] instanceIds) in C:\001_AI\LudotsProd\tmp\wt-fix87\src\Tests\GasTests\Map\RoadNetworkShowcaseTests.cs:line 2256
   at Ludots.Tests.GAS.RoadNetworkShowcaseTests.RoadNetworkShowcase_PlayableInitialDragSelectRightClick_StartsRoadMoveWithoutReset() in C:\001_AI\LudotsProd\tmp\wt-fix87\src\Tests\GasTests\Map\RoadNetworkShowcaseTests.cs:line 1035

1)    at Ludots.Tests.GAS.RoadNetworkShowcaseTests.TickUntil(GameEngine engine, Func`1 predicate, Int32 maxFrames, String failureMessage) in C:\001_AI\LudotsProd\tmp\wt-fix87\src\Tests\GasTests\Map\RoadNetworkShowcaseTests.cs:line 2199
   at Ludots.Tests.GAS.RoadNetworkShowcaseTests.DragSelectByInstanceIds(GameEngine engine, TestInputBackend backend, String[] instanceIds) in C:\001_AI\LudotsProd\tmp\wt-fix87\src\Tests\GasTests\Map\RoadNetworkShowcaseTests.cs:line 2256
   at Ludots.Tests.GAS.RoadNetworkShowcaseTests.RoadNetworkShowcase_PlayableInitialDragSelectRightClick_StartsRoadMoveWithoutReset() in C:\001_AI\LudotsProd\tmp\wt-fix87\src\Tests\GasTests\Map\RoadNetworkShowcaseTests.cs:line 1035


  标准输出消息:
 [INF][Engine] Initializing with ConfigPipeline...
 [INF][Engine] Resolving mod dependencies from explicit mod paths: mods=5
 [INF][ModLoader] Mod Load Order:
 [INF][ModLoader] - LudotsCoreMod (P:-1000)
 [INF][ModLoader] - CoreInputMod (P:0)
 [INF][ModLoader] - CameraProfilesMod (P:0)
 [INF][ModLoader] - MassNavigationMod (P:0)
 [INF][ModLoader] - RoadNetworkShowcaseMod (P:-2000)
 [INF][ModLoader] Resolved Mod Load Order (launcher graph):
 [INF][ModLoader] - LudotsCoreMod (P:-1000)
 [INF][ModLoader] - CoreInputMod (P:0)
 [INF][ModLoader] - CameraProfilesMod (P:0)
 [INF][ModLoader] - MassNavigationMod (P:0)
 [INF][ModLoader] - RoadNetworkShowcaseMod (P:-2000)
 [INF][ModLoader] Loading DLL for LudotsCoreMod at C:\001_AI\LudotsProd\tmp\wt-fix87\mods\LudotsCoreMod\bin\net8.0\LudotsCoreMod.dll
 [INF][ModLoader] Scanning 2 types in assembly...
 [INF][ModLoader] Instantiated entry for LudotsCoreMod. Calling OnLoad...
 [INF][Mod.LudotsCoreMod] [LudotsCoreMod] Loaded - Core game framework initialized
 [INF][ModLoader] LudotsCoreMod OnLoad completed.
 [INF][ModLoader] Loaded LudotsCoreMod
 [INF][ModLoader] Reusing preloaded assembly for CoreInputMod: C:\001_AI\LudotsProd\tmp\wt-fix87\src\Tests\GasTests\bin\Debug\net8.0\CoreInputMod.dll
 [INF][ModLoader] Scanning 33 types in assembly...
 [INF][ModLoader] Instantiated entry for CoreInputMod. Calling OnLoad...
 [INF][Mod.CoreInputMod] [CoreInputMod] Loaded - generic command-source and GAS input
 [INF][ModLoader] CoreInputMod OnLoad completed.
 [INF][ModLoader] Loaded CoreInputMod
 [INF][ModLoader] Loading DLL for CameraProfilesMod at C:\001_AI\LudotsProd\tmp\wt-fix87\mods\capabilities\camera\CameraProfilesMod\bin\net8.0\CameraProfilesMod.dll
 [INF][ModLoader] Scanning 2 types in assembly...
 [INF][ModLoader] Instantiated entry for CameraProfilesMod. Calling OnLoad...
 [INF][Mod.CameraProfilesMod] [CameraProfilesMod] Loaded
 [INF][ModLoader] CameraProfilesMod OnLoad completed.
 [INF][ModLoader] Loaded CameraProfilesMod
 [INF][ModLoader] Loading DLL for MassNavigationMod at C:\001_AI\LudotsProd\tmp\wt-fix87\mods\capabilities\navigation\MassNavigationMod\bin\net8.0\MassNavigationMod.dll
 [INF][ModLoader] Scanning 2 types in assembly...
 [INF][ModLoader] Instantiated entry for MassNavigationMod. Calling OnLoad...
 [INF][Mod.MassNavigationMod] [MassNavigationMod] Loaded MassNavigation assets and MovePlan order adapter.
 [INF][ModLoader] MassNavigationMod OnLoad completed.
 [INF][ModLoader] Loaded MassNavigationMod
 [INF][ModLoader] Reusing preloaded assembly for RoadNetworkShowcaseMod: C:\001_AI\LudotsProd\tmp\wt-fix87\src\Tests\GasTests\bin\Debug\net8.0\RoadNetworkShowcaseMod.dll
 [INF][ModLoader] Scanning 61 types in assembly...
 [INF][ModLoader] Instantiated entry for RoadNetworkShowcaseMod. Calling OnLoad...
 [INF][Mod.RoadNetworkShowcaseMod] [RoadNetworkShowcaseMod] Loaded
 [INF][ModLoader] RoadNetworkShowcaseMod OnLoad completed.
 [INF][ModLoader] Loaded RoadNetworkShowcaseMod
 [INF][Config] Merged fragment from: Core:game.json
 [INF][Config] Merged fragment from: LudotsCoreMod:assets/game.json
 [INF][Config] Merged fragment from: MassNavigationMod:assets/game.json
 [INF][Config] Merged fragment from: RoadNetworkShowcaseMod:assets/game.json
 [INF][Config] Merged fragment from: Core:config_catalog.json
 [INF][Config] Merged fragment from: MassNavigationMod:assets/config_catalog.json
 [INF][Config] Merged fragment from: RoadNetworkShowcaseMod:assets/config_catalog.json
 [INF][Config] Merged fragment from: Core:Navigation/agent_profiles.json
 [INF][Engine] Merged GameConfig: StartupMapId=road_network_showcase_chunked, DefaultCoreMod=LudotsCoreMod
 [INF][Engine] Constants loaded: OrderTypeIds=5, ResponseChainOrderTypeIds=3
 [INF][Config] Loading DataRegistry<EntityTemplate> from Entities/templates.json...
 [INF][Config] Merged fragment from: LudotsCoreMod:assets/Entities/templates.json
 [INF][Config] Merged fragment from: MassNavigationMod:assets/Entities/templates.json
 [INF][Config] Merged fragment from: RoadNetworkShowcaseMod:assets/Entities/templates.json
 [INF][Config] Loaded 21 DataRegistry<EntityTemplate> items.
 [INF][Engine] Initializing Core GAS Systems...
 [INF][Config] Merged fragment from: Core:Engine/clock.json
 [INF][Config] Merged fragment from: Core:Relationships/catalog.json
 [INF][Config] Merged fragment from: LudotsCoreMod:assets/Relationships/catalog.json
 [INF][Config] Merged fragment from: RoadNetworkShowcaseMod:assets/Relationships/catalog.json
 [INF][Config] Merged fragment from: Core:Relationships/control_profiles.json
 [INF][Config] Merged fragment from: Core:GAS/target_dispatch_presets.json
 [INF][Config] Merged fragment from: Core:GAS/clock.json
 [INF][Config] Merged fragment from: Core:Physics2D/clock.json
 [INF][Config] Merged fragment from: Core:Physics2D/solver.json
 [INF][Config] Merged fragment from: Core:Physics2D/kinematic.json
 [INF][Config] Merged fragment from: Core:GAS/attribute_constraints.json
 [INF][Config] Merged fragment from: MassNavigationMod:assets/GAS/attribute_constraints.json
 [INF][Config] Merged fragment from: Core:Vision/fog_layers.json
 [INF][Config] Merged fragment from: LudotsCoreMod:assets/Presentation/text_tokens.json
 [INF][Config] Merged fragment from: LudotsCoreMod:assets/Presentation/text_tokens.json
 [INF][Config] Merged fragment from: LudotsCoreMod:assets/Presentation/text_locales.json
 [INF][Config] Merged fragment from: Core:GraphTables/lookup_tables.json
 [INF][Config] Merged fragment from: Core:GAS/graphs.json
 [INF][Config] Merged fragment from: MassNavigationMod:assets/GAS/graphs.json
 [INF][Config] Merged fragment from: Core:GAS/preset_types.json
 [INF][Config] Merged fragment from: Core:Exchange/operations.json
 [INF][Config] Merged fragment from: Core:Progression/scopes.json
 [INF][Config] Merged fragment from: Core:Progression/progressions.json
 [INF][Config] Merged fragment from: Core:Progression/requirements.json
 [INF][Config] Merged fragment from: LudotsCoreMod:assets/GAS/order_types.json
 [INF][Config] Merged fragment from: MassNavigationMod:assets/GAS/order_types.json
 [INF][Config] Merged fragment from: RoadNetworkShowcaseMod:assets/GAS/order_types.json
 [INF][Config] Merged fragment from: Core:GAS/effects.json
 [INF][Config] Merged fragment from: MassNavigationMod:assets/GAS/effects.json
 [INF][Config] Merged fragment from: Core:GAS/func_lib.json
 [INF][Config] Merged fragment from: Core:GAS/action_lib.json
 [INF][Config] Merged fragment from: Core:Items/shapes.json
 [INF][Config] Merged fragment from: Core:Items/layouts.json
 [INF][Config] Merged fragment from: Core:Items/definitions.json
 [INF][Config] Merged fragment from: Core:Exchange/operations.json
 [INF][Config] Merged fragment from: Core:Panels/panel_templates.json
 [INF][Config] Merged fragment from: Core:Input/filter_profiles.json
 [INF][Config] Merged fragment from: Core:Presentation/lod_profiles.json
 [INF][Config] Merged fragment from: Core:Presentation/particle_vfx.json
 [INF][Config] Merged fragment from: LudotsCoreMod:assets/Presentation/mesh_assets.json
 [INF][Config] Merged fragment from: MassNavigationMod:assets/Presentation/mesh_assets.json
 [INF][Config] Merged fragment from: LudotsCoreMod:assets/Presentation/material_assets.json
 [INF][Config] Merged fragment from: LudotsCoreMod:assets/Presentation/animator_controllers.json
 [INF][Config] Merged fragment from: MassNavigationMod:assets/Presentation/animator_controllers.json
 [INF][Config] Merged fragment from: LudotsCoreMod:assets/Presentation/animation_clips.json
 [INF][Config] Merged fragment from: MassNavigationMod:assets/Presentation/animation_clips.json
 [INF][Config] Merged fragment from: LudotsCoreMod:assets/Presentation/animation_profiles.json
 [INF][Config] Merged fragment from: MassNavigationMod:assets/Presentation/animation_profiles.json
 [INF][Config] Merged fragment from: LudotsCoreMod:assets/Presentation/presenters.json
 [INF][Config] Merged fragment from: CoreInputMod:assets/Presentation/presenters.json
 [INF][Config] Merged fragment from: MassNavigationMod:assets/Presentation/presenters.json
 [INF][Config] Merged fragment from: RoadNetworkShowcaseMod:assets/Presentation/presenters.json
 [INF][Config] Merged fragment from: Core:GAS/attribute_bindings.json
 [INF][Config] Merged fragment from: Core:config_catalog.json
 [INF][Config] Merged fragment from: MassNavigationMod:assets/config_catalog.json
 [INF][Config] Merged fragment from: RoadNetworkShowcaseMod:assets/config_catalog.json
 [INF][Config] Merged fragment from: Core:Input/default_input.json
 [INF][Config] Merged fragment from: CoreInputMod:assets/Input/default_input.json
 [INF][Config] Merged fragment from: CameraProfilesMod:assets/Input/default_input.json
 [INF][Config] Merged fragment from: RoadNetworkShowcaseMod:assets/Input/default_input.json
 [INF][Config] Merged fragment from: Core:Input/action_attribute_bindings.json
 [INF][Config] Merged fragment from: Core:Input/command_intent_profiles.json
 [INF][Config] Merged fragment from: Core:Input/interaction_context_profiles.json
 [INF][Config] Merged fragment from: Core:Input/cast_commit_profiles.json
 [INF][Config] Merged fragment from: Core:Input/cast_commit_locks.json
 [INF][Config] Merged fragment from: Core:Input/cast_dispatch_profiles.json
 [INF][Config] Merged fragment from: Core:Input/control_schemes.json
 [INF][Config] Merged fragment from: Core:UI/ability_aggregation_profiles.json
 [INF][Config] Merged fragment from: Core:UI/command_deck_profiles.json
 [INF][Config] Merged fragment from: Core:UI/production_overview_profiles.json
 [INF][Config] Merged fragment from: Core:AI/behavior_trees.json
 [INF][Config] Merged fragment from: Core:AI/hfsm.json
 [INF][Config] Merged fragment from: Core:Camera/virtual_cameras.json
 [INF][Config] Merged fragment from: CameraProfilesMod:assets/Camera/virtual_cameras.json
 [INF][Config] Merged fragment from: MassNavigationMod:assets/Camera/virtual_cameras.json
 [INF][Config] Merged fragment from: RoadNetworkShowcaseMod:assets/Camera/virtual_cameras.json
 [INF][Config] Merged fragment from: Core:Narrative/variables.json
 [INF][Config] Merged fragment from: Core:Narrative/dialogues.json
 [INF][Config] Merged fragment from: Core:Narrative/cinematics.json
 [INF][ModLoader] No registration conflicts detected.
 [INF][Engine] Firing GameStart event...
 [LudotsCoreMod] Core systems installed
 [INF][Mod.CoreInputMod] [CoreInputMod] No viewmodes.json found, skipping.
 [INF][Mod.CoreInputMod] [CoreInputMod] No viewmodes.json found, skipping.
 [INF][Mod.CoreInputMod] [CoreInputMod] Registered 3 view modes from CameraProfilesMod.
 [INF][Mod.CoreInputMod] [CoreInputMod] No viewmodes.json found, skipping.
 [INF][Mod.CoreInputMod] [CoreInputMod] Registered 2 view modes from RoadNetworkShowcaseMod.
 [INF][Mod.CoreInputMod] [CoreInputMod] CommandSourceAcquisition, GasInputResponse, SkillBar, CommandSourceDragOverlay, AbilityAimPresentation, CommandActorMovePathPresentation, TabTarget, ViewMode registered
 [INF][Config] Merged fragment from: Core:config_catalog.json
 [INF][Config] Merged fragment from: MassNavigationMod:assets/config_catalog.json
 [INF][Config] Merged fragment from: RoadNetworkShowcaseMod:assets/config_catalog.json
 [INF][Config] Merged fragment from: Core:Input/default_input.json
 [INF][Config] Merged fragment from: CoreInputMod:assets/Input/default_input.json
 [INF][Config] Merged fragment from: CameraProfilesMod:assets/Input/default_input.json
 [INF][Config] Merged fragment from: RoadNetworkShowcaseMod:assets/Input/default_input.json
 [INF][Engine] Loading Map: road_network_showcase_chunked
 [INF][Map] Loading Map: road_network_showcase_chunked
 [INF][Config] Merged fragment from: RoadNetworkShowcaseMod:assets/Maps/road_network_showcase_chunked.json
 [INF][Map] Map 'road_network_showcase_chunked' loaded.
 [INF][Map] Creating NodeGraphBoard 'default'
 [INF][Engine] Created Board 'default' (type=NodeGraph) for map 'road_network_showcase_chunked'
 [INF][Map] Map 'road_network_showcase_chunked' pushed to focus (stack depth=1).
 [INF][Config] Merged fragment from: Core:Navigation/pathing.json
 [INF][Config] Merged fragment from: RoadNetworkShowcaseMod:assets/Navigation/pathing.json
 [INF][Engine] Pathing bootstrap ready for map 'road_network_showcase_chunked': service=AutoPathService, board='default', loadedGraphChunks=0.
 [INF][Engine] Creating Entities from MapConfig...
 [INF][Engine] Applied DefaultCamera: yaw=180 pitch=58 dist=7000cm fov=50
 [INF][Config] Merged fragment from: MassNavigationMod:assets/MassNavigationConfig.json
 [INF][Config] Merged fragment from: RoadNetworkShowcaseMod:assets/MassNavigationConfig.json
 [INF][Engine] [MassNavigation runtime] Installed mass-navigation runtime.
 [INF][Engine] Firing MapLoaded event for road_network_showcase_chunked...
 [INF][Mod.RoadNetworkShowcaseMod] [RoadNetworkShowcaseMod] Road input, order binding, nav selection, movement execution, AI/capture, chunk streaming, and presentation systems registered.
 [INF][Engine] Unloading ModLoader contexts...


  失败 RoadNetworkShowcase_PlayableInitialMultiSelectionRightClick_StartsRoadMoveWithoutReset [6 s]
  错误消息:
     Predicate was not satisfied within 20 frames. selected=3:Blue Vanguard | status=<none> | order=<none> | road.player.blue/Blue Vanguard:pos=(-9805,-5) massTarget=<none> active=0 queued=0 | road.player.blue.north/Blue North Column:pos=(-9437,625) massTarget=<none> active=0 queued=0 | road.player.blue.south/Blue South Column:pos=(-9445,-624) massTarget=<none> active=0 queued=0
Assert.That(predicate(), Is.True)
  Expected: True
  But was:  False

  堆栈跟踪:
     at Ludots.Tests.GAS.RoadNetworkShowcaseTests.TickUntil(GameEngine engine, Func`1 predicate, Int32 maxFrames, String failureMessage) in C:\001_AI\LudotsProd\tmp\wt-fix87\src\Tests\GasTests\Map\RoadNetworkShowcaseTests.cs:line 2199
   at Ludots.Tests.GAS.RoadNetworkShowcaseTests.RoadNetworkShowcase_PlayableInitialMultiSelectionRightClick_StartsRoadMoveWithoutReset() in C:\001_AI\LudotsProd\tmp\wt-fix87\src\Tests\GasTests\Map\RoadNetworkShowcaseTests.cs:line 1002

1)    at Ludots.Tests.GAS.RoadNetworkShowcaseTests.TickUntil(GameEngine engine, Func`1 predicate, Int32 maxFrames, String failureMessage) in C:\001_AI\LudotsProd\tmp\wt-fix87\src\Tests\GasTests\Map\RoadNetworkShowcaseTests.cs:line 2199
   at Ludots.Tests.GAS.RoadNetworkShowcaseTests.RoadNetworkShowcase_PlayableInitialMultiSelectionRightClick_StartsRoadMoveWithoutReset() in C:\001_AI\LudotsProd\tmp\wt-fix87\src\Tests\GasTests\Map\RoadNetworkShowcaseTests.cs:line 1002


  标准输出消息:
 [INF][Engine] Initializing with ConfigPipeline...
 [INF][Engine] Resolving mod dependencies from explicit mod paths: mods=5
 [INF][ModLoader] Mod Load Order:
 [INF][ModLoader] - LudotsCoreMod (P:-1000)
 [INF][ModLoader] - CoreInputMod (P:0)
 [INF][ModLoader] - CameraProfilesMod (P:0)
 [INF][ModLoader] - MassNavigationMod (P:0)
 [INF][ModLoader] - RoadNetworkShowcaseMod (P:-2000)
 [INF][ModLoader] Resolved Mod Load Order (launcher graph):
 [INF][ModLoader] - LudotsCoreMod (P:-1000)
 [INF][ModLoader] - CoreInputMod (P:0)
 [INF][ModLoader] - CameraProfilesMod (P:0)
 [INF][ModLoader] - MassNavigationMod (P:0)
 [INF][ModLoader] - RoadNetworkShowcaseMod (P:-2000)
 [INF][ModLoader] Loading DLL for LudotsCoreMod at C:\001_AI\LudotsProd\tmp\wt-fix87\mods\LudotsCoreMod\bin\net8.0\LudotsCoreMod.dll
 [INF][ModLoader] Scanning 2 types in assembly...
 [INF][ModLoader] Instantiated entry for LudotsCoreMod. Calling OnLoad...
 [INF][Mod.LudotsCoreMod] [LudotsCoreMod] Loaded - Core game framework initialized
 [INF][ModLoader] LudotsCoreMod OnLoad completed.
 [INF][ModLoader] Loaded LudotsCoreMod
 [INF][ModLoader] Reusing preloaded assembly for CoreInputMod: C:\001_AI\LudotsProd\tmp\wt-fix87\src\Tests\GasTests\bin\Debug\net8.0\CoreInputMod.dll
 [INF][ModLoader] Scanning 33 types in assembly...
 [INF][ModLoader] Instantiated entry for CoreInputMod. Calling OnLoad...
 [INF][Mod.CoreInputMod] [CoreInputMod] Loaded - generic command-source and GAS input
 [INF][ModLoader] CoreInputMod OnLoad completed.
 [INF][ModLoader] Loaded CoreInputMod
 [INF][ModLoader] Loading DLL for CameraProfilesMod at C:\001_AI\LudotsProd\tmp\wt-fix87\mods\capabilities\camera\CameraProfilesMod\bin\net8.0\CameraProfilesMod.dll
 [INF][ModLoader] Scanning 2 types in assembly...
 [INF][ModLoader] Instantiated entry for CameraProfilesMod. Calling OnLoad...
 [INF][Mod.CameraProfilesMod] [CameraProfilesMod] Loaded
 [INF][ModLoader] CameraProfilesMod OnLoad completed.
 [INF][ModLoader] Loaded CameraProfilesMod
 [INF][ModLoader] Loading DLL for MassNavigationMod at C:\001_AI\LudotsProd\tmp\wt-fix87\mods\capabilities\navigation\MassNavigationMod\bin\net8.0\MassNavigationMod.dll
 [INF][ModLoader] Scanning 2 types in assembly...
 [INF][ModLoader] Instantiated entry for MassNavigationMod. Calling OnLoad...
 [INF][Mod.MassNavigationMod] [MassNavigationMod] Loaded MassNavigation assets and MovePlan order adapter.
 [INF][ModLoader] MassNavigationMod OnLoad completed.
 [INF][ModLoader] Loaded MassNavigationMod
 [INF][ModLoader] Reusing preloaded assembly for RoadNetworkShowcaseMod: C:\001_AI\LudotsProd\tmp\wt-fix87\src\Tests\GasTests\bin\Debug\net8.0\RoadNetworkShowcaseMod.dll
 [INF][ModLoader] Scanning 61 types in assembly...
 [INF][ModLoader] Instantiated entry for RoadNetworkShowcaseMod. Calling OnLoad...
 [INF][Mod.RoadNetworkShowcaseMod] [RoadNetworkShowcaseMod] Loaded
 [INF][ModLoader] RoadNetworkShowcaseMod OnLoad completed.
 [INF][ModLoader] Loaded RoadNetworkShowcaseMod
 [INF][Config] Merged fragment from: Core:game.json
 [INF][Config] Merged fragment from: LudotsCoreMod:assets/game.json
 [INF][Config] Merged fragment from: MassNavigationMod:assets/game.json
 [INF][Config] Merged fragment from: RoadNetworkShowcaseMod:assets/game.json
 [INF][Config] Merged fragment from: Core:config_catalog.json
 [INF][Config] Merged fragment from: MassNavigationMod:assets/config_catalog.json
 [INF][Config] Merged fragment from: RoadNetworkShowcaseMod:assets/config_catalog.json
 [INF][Config] Merged fragment from: Core:Navigation/agent_profiles.json
 [INF][Engine] Merged GameConfig: StartupMapId=road_network_showcase_chunked, DefaultCoreMod=LudotsCoreMod
 [INF][Engine] Constants loaded: OrderTypeIds=5, ResponseChainOrderTypeIds=3
 [INF][Config] Loading DataRegistry<EntityTemplate> from Entities/templates.json...
 [INF][Config] Merged fragment from: LudotsCoreMod:assets/Entities/templates.json
 [INF][Config] Merged fragment from: MassNavigationMod:assets/Entities/templates.json
 [INF][Config] Merged fragment from: RoadNetworkShowcaseMod:assets/Entities/templates.json
 [INF][Config] Loaded 21 DataRegistry<EntityTemplate> items.
 [INF][Engine] Initializing Core GAS Systems...
 [INF][Config] Merged fragment from: Core:Engine/clock.json
 [INF][Config] Merged fragment from: Core:Relationships/catalog.json
 [INF][Config] Merged fragment from: LudotsCoreMod:assets/Relationships/catalog.json
 [INF][Config] Merged fragment from: RoadNetworkShowcaseMod:assets/Relationships/catalog.json
 [INF][Config] Merged fragment from: Core:Relationships/control_profiles.json
 [INF][Config] Merged fragment from: Core:GAS/target_dispatch_presets.json
 [INF][Config] Merged fragment from: Core:GAS/clock.json
 [INF][Config] Merged fragment from: Core:Physics2D/clock.json
 [INF][Config] Merged fragment from: Core:Physics2D/solver.json
 [INF][Config] Merged fragment from: Core:Physics2D/kinematic.json
 [INF][Config] Merged fragment from: Core:GAS/attribute_constraints.json
 [INF][Config] Merged fragment from: MassNavigationMod:assets/GAS/attribute_constraints.json
 [INF][Config] Merged fragment from: Core:Vision/fog_layers.json
 [INF][Config] Merged fragment from: LudotsCoreMod:assets/Presentation/text_tokens.json
 [INF][Config] Merged fragment from: LudotsCoreMod:assets/Presentation/text_tokens.json
 [INF][Config] Merged fragment from: LudotsCoreMod:assets/Presentation/text_locales.json
 [INF][Config] Merged fragment from: Core:GraphTables/lookup_tables.json
 [INF][Config] Merged fragment from: Core:GAS/graphs.json
 [INF][Config] Merged fragment from: MassNavigationMod:assets/GAS/graphs.json
 [INF][Config] Merged fragment from: Core:GAS/preset_types.json
 [INF][Config] Merged fragment from: Core:Exchange/operations.json
 [INF][Config] Merged fragment from: Core:Progression/scopes.json
 [INF][Config] Merged fragment from: Core:Progression/progressions.json
 [INF][Config] Merged fragment from: Core:Progression/requirements.json
 [INF][Config] Merged fragment from: LudotsCoreMod:assets/GAS/order_types.json
 [INF][Config] Merged fragment from: MassNavigationMod:assets/GAS/order_types.json
 [INF][Config] Merged fragment from: RoadNetworkShowcaseMod:assets/GAS/order_types.json
 [INF][Config] Merged fragment from: Core:GAS/effects.json
 [INF][Config] Merged fragment from: MassNavigationMod:assets/GAS/effects.json
 [INF][Config] Merged fragment from: Core:GAS/func_lib.json
 [INF][Config] Merged fragment from: Core:GAS/action_lib.json
 [INF][Config] Merged fragment from: Core:Items/shapes.json
 [INF][Config] Merged fragment from: Core:Items/layouts.json
 [INF][Config] Merged fragment from: Core:Items/definitions.json
 [INF][Config] Merged fragment from: Core:Exchange/operations.json
 [INF][Config] Merged fragment from: Core:Panels/panel_templates.json
 [INF][Config] Merged fragment from: Core:Input/filter_profiles.json
 [INF][Config] Merged fragment from: Core:Presentation/lod_profiles.json
 [INF][Config] Merged fragment from: Core:Presentation/particle_vfx.json
 [INF][Config] Merged fragment from: LudotsCoreMod:assets/Presentation/mesh_assets.json
 [INF][Config] Merged fragment from: MassNavigationMod:assets/Presentation/mesh_assets.json
 [INF][Config] Merged fragment from: LudotsCoreMod:assets/Presentation/material_assets.json
 [INF][Config] Merged fragment from: LudotsCoreMod:assets/Presentation/animator_controllers.json
 [INF][Config] Merged fragment from: MassNavigationMod:assets/Presentation/animator_controllers.json
 [INF][Config] Merged fragment from: LudotsCoreMod:assets/Presentation/animation_clips.json
 [INF][Config] Merged fragment from: MassNavigationMod:assets/Presentation/animation_clips.json
 [INF][Config] Merged fragment from: LudotsCoreMod:assets/Presentation/animation_profiles.json
 [INF][Config] Merged fragment from: MassNavigationMod:assets/Presentation/animation_profiles.json
 [INF][Config] Merged fragment from: LudotsCoreMod:assets/Presentation/presenters.json
 [INF][Config] Merged fragment from: CoreInputMod:assets/Presentation/presenters.json
 [INF][Config] Merged fragment from: MassNavigationMod:assets/Presentation/presenters.json
 [INF][Config] Merged fragment from: RoadNetworkShowcaseMod:assets/Presentation/presenters.json
 [INF][Config] Merged fragment from: Core:GAS/attribute_bindings.json
 [INF][Config] Merged fragment from: Core:config_catalog.json
 [INF][Config] Merged fragment from: MassNavigationMod:assets/config_catalog.json
 [INF][Config] Merged fragment from: RoadNetworkShowcaseMod:assets/config_catalog.json
 [INF][Config] Merged fragment from: Core:Input/default_input.json
 [INF][Config] Merged fragment from: CoreInputMod:assets/Input/default_input.json
 [INF][Config] Merged fragment from: CameraProfilesMod:assets/Input/default_input.json
 [INF][Config] Merged fragment from: RoadNetworkShowcaseMod:assets/Input/default_input.json
 [INF][Config] Merged fragment from: Core:Input/action_attribute_bindings.json
 [INF][Config] Merged fragment from: Core:Input/command_intent_profiles.json
 [INF][Config] Merged fragment from: Core:Input/interaction_context_profiles.json
 [INF][Config] Merged fragment from: Core:Input/cast_commit_profiles.json
 [INF][Config] Merged fragment from: Core:Input/cast_commit_locks.json
 [INF][Config] Merged fragment from: Core:Input/cast_dispatch_profiles.json
 [INF][Config] Merged fragment from: Core:Input/control_schemes.json
 [INF][Config] Merged fragment from: Core:UI/ability_aggregation_profiles.json
 [INF][Config] Merged fragment from: Core:UI/command_deck_profiles.json
 [INF][Config] Merged fragment from: Core:UI/production_overview_profiles.json
 [INF][Config] Merged fragment from: Core:AI/behavior_trees.json
 [INF][Config] Merged fragment from: Core:AI/hfsm.json
 [INF][Config] Merged fragment from: Core:Camera/virtual_cameras.json
 [INF][Config] Merged fragment from: CameraProfilesMod:assets/Camera/virtual_cameras.json
 [INF][Config] Merged fragment from: MassNavigationMod:assets/Camera/virtual_cameras.json
 [INF][Config] Merged fragment from: RoadNetworkShowcaseMod:assets/Camera/virtual_cameras.json
 [INF][Config] Merged fragment from: Core:Narrative/variables.json
 [INF][Config] Merged fragment from: Core:Narrative/dialogues.json
 [INF][Config] Merged fragment from: Core:Narrative/cinematics.json
 [INF][ModLoader] No registration conflicts detected.
 [INF][Engine] Firing GameStart event...
 [LudotsCoreMod] Core systems installed
 [INF][Mod.CoreInputMod] [CoreInputMod] No viewmodes.json found, skipping.
 [INF][Mod.CoreInputMod] [CoreInputMod] No viewmodes.json found, skipping.
 [INF][Mod.CoreInputMod] [CoreInputMod] Registered 3 view modes from CameraProfilesMod.
 [INF][Mod.CoreInputMod] [CoreInputMod] No viewmodes.json found, skipping.
 [INF][Mod.CoreInputMod] [CoreInputMod] Registered 2 view modes from RoadNetworkShowcaseMod.
 [INF][Mod.CoreInputMod] [CoreInputMod] CommandSourceAcquisition, GasInputResponse, SkillBar, CommandSourceDragOverlay, AbilityAimPresentation, CommandActorMovePathPresentation, TabTarget, ViewMode registered
 [INF][Config] Merged fragment from: Core:config_catalog.json
 [INF][Config] Merged fragment from: MassNavigationMod:assets/config_catalog.json
 [INF][Config] Merged fragment from: RoadNetworkShowcaseMod:assets/config_catalog.json
 [INF][Config] Merged fragment from: Core:Input/default_input.json
 [INF][Config] Merged fragment from: CoreInputMod:assets/Input/default_input.json
 [INF][Config] Merged fragment from: CameraProfilesMod:assets/Input/default_input.json
 [INF][Config] Merged fragment from: RoadNetworkShowcaseMod:assets/Input/default_input.json
 [INF][Engine] Loading Map: road_network_showcase_chunked
 [INF][Map] Loading Map: road_network_showcase_chunked
 [INF][Config] Merged fragment from: RoadNetworkShowcaseMod:assets/Maps/road_network_showcase_chunked.json
 [INF][Map] Map 'road_network_showcase_chunked' loaded.
 [INF][Map] Creating NodeGraphBoard 'default'
 [INF][Engine] Created Board 'default' (type=NodeGraph) for map 'road_network_showcase_chunked'
 [INF][Map] Map 'road_network_showcase_chunked' pushed to focus (stack depth=1).
 [INF][Config] Merged fragment from: Core:Navigation/pathing.json
 [INF][Config] Merged fragment from: RoadNetworkShowcaseMod:assets/Navigation/pathing.json
 [INF][Engine] Pathing bootstrap ready for map 'road_network_showcase_chunked': service=AutoPathService, board='default', loadedGraphChunks=0.
 [INF][Engine] Creating Entities from MapConfig...
 [INF][Engine] Applied DefaultCamera: yaw=180 pitch=58 dist=7000cm fov=50
 [INF][Config] Merged fragment from: MassNavigationMod:assets/MassNavigationConfig.json
 [INF][Config] Merged fragment from: RoadNetworkShowcaseMod:assets/MassNavigationConfig.json
 [INF][Engine] [MassNavigation runtime] Installed mass-navigation runtime.
 [INF][Engine] Firing MapLoaded event for road_network_showcase_chunked...
 [INF][Mod.RoadNetworkShowcaseMod] [RoadNetworkShowcaseMod] Road input, order binding, nav selection, movement execution, AI/capture, chunk streaming, and presentation systems registered.
 [INF][Engine] Unloading ModLoader contexts...



失败!  - 失败:    19，通过:  2868，已跳过:     0，总计:  2887，持续时间: 18 m 6 s - GasTests.dll (net8.0)

有可用的工作负载更新。有关详细信息，请运行 `dotnet workload list`。
