  正在确定要还原的项目…
  所有项目均是最新的，无法还原。
  Ludots.UI -> C:\001_AI\LudotsProd\src\Libraries\Ludots.UI\bin\Debug\net8.0\Ludots.UI.dll
  Ludots.Platform.Abstractions -> C:\001_AI\LudotsProd\src\Platform\Ludots.Platform.Abstractions\bin\Debug\net8.0\Ludots.Platform.Abstractions.dll
  Ludots.Contracts -> C:\001_AI\LudotsProd\src\Contracts\bin\Debug\net8.0\Ludots.Contracts.dll
  Arch -> C:\001_AI\LudotsProd\src\Libraries\Arch\src\Arch\bin\Debug\net8.0\Arch.dll
  DotRecast.Core -> C:\001_AI\LudotsProd\src\Libraries\DotRecast\src\DotRecast.Core\bin\Debug\net8.0\DotRecast.Core.dll
  Ludots.Graph.Abstractions -> C:\001_AI\LudotsProd\src\Graph\Ludots.Graph.Abstractions\bin\Debug\net8.0\Ludots.Graph.Abstractions.dll
  Ludots.Platform.Desktop -> C:\001_AI\LudotsProd\src\Platform\Ludots.Platform.Desktop\bin\Debug\net8.0\Ludots.Platform.Desktop.dll
  DotRecast.Recast -> C:\001_AI\LudotsProd\src\Libraries\DotRecast\src\DotRecast.Recast\bin\Debug\net8.0\DotRecast.Recast.dll
  DotRecast.Detour -> C:\001_AI\LudotsProd\src\Libraries\DotRecast\src\DotRecast.Detour\bin\Debug\net8.0\DotRecast.Detour.dll
  Arch.System -> C:\001_AI\LudotsProd\src\Libraries\Arch.Extended\Arch.System\bin\Debug\net7.0\Arch.System.dll
  Arch -> C:\001_AI\LudotsProd\src\Libraries\Arch\src\Arch\bin\Debug\net6.0\Arch.dll
  Arch.Persistence -> C:\001_AI\LudotsProd\src\Libraries\Arch.Extended\Arch.Persistence\bin\Debug\net7.0\Arch.Persistence.dll
  Arch.Relationships -> C:\001_AI\LudotsProd\src\Libraries\Arch.Extended\Arch.Relationships\bin\Debug\net7.0\Arch.Relationships.dll
C:\001_AI\LudotsProd\src\Core\Engine\GameEngine.cs(112,7): warning CS0105: “Ludots.Platform.Abstractions”的 using 指令以前在此命名空间中出现过 [C:\001_AI\LudotsProd\src\Core\Ludots.Core.csproj]
C:\001_AI\LudotsProd\src\Core\Presentation\Requests\PresentationRequestFlushSystem.cs(10,7): warning CS0105: “Ludots.Platform.Abstractions”的 using 指令以前在此命名空间中出现过 [C:\001_AI\LudotsProd\src\Core\Ludots.Core.csproj]
C:\001_AI\LudotsProd\src\Core\Scripting\CoreServiceKeys.cs(88,7): warning CS0105: “Ludots.Platform.Abstractions”的 using 指令以前在此命名空间中出现过 [C:\001_AI\LudotsProd\src\Core\Ludots.Core.csproj]
C:\001_AI\LudotsProd\src\Core\Engine\EngineClockConfig.cs(23,37): warning CS8625: 无法将 null 字面量转换为非 null 的引用类型。 [C:\001_AI\LudotsProd\src\Core\Ludots.Core.csproj]
C:\001_AI\LudotsProd\src\Core\Engine\EngineClockConfig.cs(24,43): warning CS8625: 无法将 null 字面量转换为非 null 的引用类型。 [C:\001_AI\LudotsProd\src\Core\Ludots.Core.csproj]
C:\001_AI\LudotsProd\src\Core\Engine\Physics2D\Physics2DClockConfig.cs(38,37): warning CS8625: 无法将 null 字面量转换为非 null 的引用类型。 [C:\001_AI\LudotsProd\src\Core\Ludots.Core.csproj]
C:\001_AI\LudotsProd\src\Core\Engine\Physics2D\Physics2DClockConfig.cs(39,43): warning CS8625: 无法将 null 字面量转换为非 null 的引用类型。 [C:\001_AI\LudotsProd\src\Core\Ludots.Core.csproj]
C:\001_AI\LudotsProd\src\Core\Engine\Pacemaker\PhaseOrderedCooperativeSimulation.cs(22,45): warning CS8625: 无法将 null 字面量转换为非 null 的引用类型。 [C:\001_AI\LudotsProd\src\Core\Ludots.Core.csproj]
C:\001_AI\LudotsProd\src\Core\Config\ComponentRegistry.cs(121,68): warning CS8625: 无法将 null 字面量转换为非 null 的引用类型。 [C:\001_AI\LudotsProd\src\Core\Ludots.Core.csproj]
C:\001_AI\LudotsProd\src\Core\Config\ComponentRegistry.cs(150,89): warning CS8625: 无法将 null 字面量转换为非 null 的引用类型。 [C:\001_AI\LudotsProd\src\Core\Ludots.Core.csproj]
C:\001_AI\LudotsProd\src\Core\Config\ComponentRegistry.cs(160,100): warning CS8625: 无法将 null 字面量转换为非 null 的引用类型。 [C:\001_AI\LudotsProd\src\Core\Ludots.Core.csproj]
C:\001_AI\LudotsProd\src\Core\Config\ComponentRegistry.cs(165,92): warning CS8625: 无法将 null 字面量转换为非 null 的引用类型。 [C:\001_AI\LudotsProd\src\Core\Ludots.Core.csproj]
C:\001_AI\LudotsProd\src\Core\Engine\Physics2D\Physics2DClockConfig.cs(122,37): warning CS8625: 无法将 null 字面量转换为非 null 的引用类型。 [C:\001_AI\LudotsProd\src\Core\Ludots.Core.csproj]
C:\001_AI\LudotsProd\src\Core\Engine\Physics2D\Physics2DClockConfig.cs(123,43): warning CS8625: 无法将 null 字面量转换为非 null 的引用类型。 [C:\001_AI\LudotsProd\src\Core\Ludots.Core.csproj]
C:\001_AI\LudotsProd\src\Core\Engine\Physics2D\Physics2DKinematicConfig.cs(30,37): warning CS8625: 无法将 null 字面量转换为非 null 的引用类型。 [C:\001_AI\LudotsProd\src\Core\Ludots.Core.csproj]
C:\001_AI\LudotsProd\src\Core\Engine\Physics2D\Physics2DKinematicConfig.cs(31,43): warning CS8625: 无法将 null 字面量转换为非 null 的引用类型。 [C:\001_AI\LudotsProd\src\Core\Ludots.Core.csproj]
C:\001_AI\LudotsProd\src\Core\Config\DataRegistry.cs(19,71): warning CS8625: 无法将 null 字面量转换为非 null 的引用类型。 [C:\001_AI\LudotsProd\src\Core\Ludots.Core.csproj]
C:\001_AI\LudotsProd\src\Core\Config\DataRegistry.cs(19,107): warning CS8625: 无法将 null 字面量转换为非 null 的引用类型。 [C:\001_AI\LudotsProd\src\Core\Ludots.Core.csproj]
C:\001_AI\LudotsProd\src\Core\Config\ConfigMerger.cs(102,43): warning CS8625: 无法将 null 字面量转换为非 null 的引用类型。 [C:\001_AI\LudotsProd\src\Core\Ludots.Core.csproj]
C:\001_AI\LudotsProd\src\Core\Config\ConfigPipeline.cs(157,72): warning CS8625: 无法将 null 字面量转换为非 null 的引用类型。 [C:\001_AI\LudotsProd\src\Core\Ludots.Core.csproj]
C:\001_AI\LudotsProd\src\Core\Config\ConfigPipeline.cs(168,72): warning CS8625: 无法将 null 字面量转换为非 null 的引用类型。 [C:\001_AI\LudotsProd\src\Core\Ludots.Core.csproj]
C:\001_AI\LudotsProd\src\Core\Config\EntityBuilder.cs(25,67): warning CS8625: 无法将 null 字面量转换为非 null 的引用类型。 [C:\001_AI\LudotsProd\src\Core\Ludots.Core.csproj]
C:\001_AI\LudotsProd\src\Core\Config\EntityBuilder.cs(26,58): warning CS8625: 无法将 null 字面量转换为非 null 的引用类型。 [C:\001_AI\LudotsProd\src\Core\Ludots.Core.csproj]
C:\001_AI\LudotsProd\src\Core\Layers\LayerMask.cs(60,30): warning CS8765: 参数“obj”类型的为 Null 性与重写成员不匹配(可能是由于为 Null 性特性)。 [C:\001_AI\LudotsProd\src\Core\Ludots.Core.csproj]
C:\001_AI\LudotsProd\src\Core\Input\Attributes\InputActionAttributeBindingLoader.cs(27,37): warning CS8625: 无法将 null 字面量转换为非 null 的引用类型。 [C:\001_AI\LudotsProd\src\Core\Ludots.Core.csproj]
C:\001_AI\LudotsProd\src\Core\Input\Attributes\InputActionAttributeBindingLoader.cs(28,43): warning CS8625: 无法将 null 字面量转换为非 null 的引用类型。 [C:\001_AI\LudotsProd\src\Core\Ludots.Core.csproj]
C:\001_AI\LudotsProd\src\Core\Map\MapContext.cs(14,47): warning CS8625: 无法将 null 字面量转换为非 null 的引用类型。 [C:\001_AI\LudotsProd\src\Core\Ludots.Core.csproj]
C:\001_AI\LudotsProd\src\Core\Engine\GameEngine.cs(2564,89): warning CS8625: 无法将 null 字面量转换为非 null 的引用类型。 [C:\001_AI\LudotsProd\src\Core\Ludots.Core.csproj]
C:\001_AI\LudotsProd\src\Core\Map\Board\BoardId.cs(21,30): warning CS8765: 参数“obj”类型的为 Null 性与重写成员不匹配(可能是由于为 Null 性特性)。 [C:\001_AI\LudotsProd\src\Core\Ludots.Core.csproj]
C:\001_AI\LudotsProd\src\Core\Math\IntRect.cs(45,30): warning CS8765: 参数“obj”类型的为 Null 性与重写成员不匹配(可能是由于为 Null 性特性)。 [C:\001_AI\LudotsProd\src\Core\Ludots.Core.csproj]
C:\001_AI\LudotsProd\src\Core\Map\Hex\HexCoordinates.cs(239,30): warning CS8765: 参数“obj”类型的为 Null 性与重写成员不匹配(可能是由于为 Null 性特性)。 [C:\001_AI\LudotsProd\src\Core\Ludots.Core.csproj]
C:\001_AI\LudotsProd\src\Core\Map\MapFeatureFlags.cs(46,30): warning CS8765: 参数“obj”类型的为 Null 性与重写成员不匹配(可能是由于为 Null 性特性)。 [C:\001_AI\LudotsProd\src\Core\Ludots.Core.csproj]
C:\001_AI\LudotsProd\src\Core\Navigation\AgentProfiles\AgentProfileConfigLoader.cs(21,66): warning CS8625: 无法将 null 字面量转换为非 null 的引用类型。 [C:\001_AI\LudotsProd\src\Core\Ludots.Core.csproj]
C:\001_AI\LudotsProd\src\Core\Navigation\AgentProfiles\AgentProfileConfigLoader.cs(21,102): warning CS8625: 无法将 null 字面量转换为非 null 的引用类型。 [C:\001_AI\LudotsProd\src\Core\Ludots.Core.csproj]
C:\001_AI\LudotsProd\src\Core\Input\Config\InputConfigPipelineLoader.cs(25,37): warning CS8625: 无法将 null 字面量转换为非 null 的引用类型。 [C:\001_AI\LudotsProd\src\Core\Ludots.Core.csproj]
C:\001_AI\LudotsProd\src\Core\Input\Config\InputConfigPipelineLoader.cs(26,43): warning CS8625: 无法将 null 字面量转换为非 null 的引用类型。 [C:\001_AI\LudotsProd\src\Core\Ludots.Core.csproj]
C:\001_AI\LudotsProd\src\Core\Gameplay\GAS\AbilityDefinitionRegistry.cs(189,93): warning CS8625: 无法将 null 字面量转换为非 null 的引用类型。 [C:\001_AI\LudotsProd\src\Core\Ludots.Core.csproj]
C:\001_AI\LudotsProd\src\Core\Map\MapId.cs(15,30): warning CS8765: 参数“obj”类型的为 Null 性与重写成员不匹配(可能是由于为 Null 性特性)。 [C:\001_AI\LudotsProd\src\Core\Ludots.Core.csproj]
C:\001_AI\LudotsProd\src\Core\Modding\IVirtualFileSystem.cs(12,14): warning CS0108: “IVirtualFileSystem.TryResolveFullPath(string, out string)”隐藏继承的成员“IRenderAssetPathResolver.TryResolveFullPath(string, out string)”。如果是有意隐藏，请使用关键字 new。 [C:\001_AI\LudotsProd\src\Core\Ludots.Core.csproj]
C:\001_AI\LudotsProd\src\Core\Map\MapManager.cs(26,135): warning CS8625: 无法将 null 字面量转换为非 null 的引用类型。 [C:\001_AI\LudotsProd\src\Core\Ludots.Core.csproj]
C:\001_AI\LudotsProd\src\Core\Map\MapSessionManager.cs(42,102): warning CS8625: 无法将 null 字面量转换为非 null 的引用类型。 [C:\001_AI\LudotsProd\src\Core\Ludots.Core.csproj]
C:\001_AI\LudotsProd\src\Core\Map\MapTag.cs(50,30): warning CS8765: 参数“obj”类型的为 Null 性与重写成员不匹配(可能是由于为 Null 性特性)。 [C:\001_AI\LudotsProd\src\Core\Ludots.Core.csproj]
C:\001_AI\LudotsProd\src\Core\Gameplay\GAS\Bindings\AttributeBindingLoader.cs(24,37): warning CS8625: 无法将 null 字面量转换为非 null 的引用类型。 [C:\001_AI\LudotsProd\src\Core\Ludots.Core.csproj]
C:\001_AI\LudotsProd\src\Core\Gameplay\GAS\Bindings\AttributeBindingLoader.cs(25,43): warning CS8625: 无法将 null 字面量转换为非 null 的引用类型。 [C:\001_AI\LudotsProd\src\Core\Ludots.Core.csproj]
C:\001_AI\LudotsProd\src\Core\Gameplay\Camera\CameraViewportUtil.cs(157,118): warning CS8625: 无法将 null 字面量转换为非 null 的引用类型。 [C:\001_AI\LudotsProd\src\Core\Ludots.Core.csproj]
C:\001_AI\LudotsProd\src\Core\Gameplay\Camera\CameraViewportUtil.cs(165,129): warning CS8625: 无法将 null 字面量转换为非 null 的引用类型。 [C:\001_AI\LudotsProd\src\Core\Ludots.Core.csproj]
C:\001_AI\LudotsProd\src\Core\Input\Interaction\CastCommitProfile.cs(96,49): warning CS8625: 无法将 null 字面量转换为非 null 的引用类型。 [C:\001_AI\LudotsProd\src\Core\Ludots.Core.csproj]
C:\001_AI\LudotsProd\src\Core\Input\Interaction\CastCommitProfile.cs(97,60): warning CS8625: 无法将 null 字面量转换为非 null 的引用类型。 [C:\001_AI\LudotsProd\src\Core\Ludots.Core.csproj]
C:\001_AI\LudotsProd\src\Core\Gameplay\Camera\VirtualCameraDefinitionLoader.cs(24,50): warning CS8625: 无法将 null 字面量转换为非 null 的引用类型。 [C:\001_AI\LudotsProd\src\Core\Ludots.Core.csproj]
C:\001_AI\LudotsProd\src\Core\Gameplay\Camera\VirtualCameraDefinitionLoader.cs(24,86): warning CS8625: 无法将 null 字面量转换为非 null 的引用类型。 [C:\001_AI\LudotsProd\src\Core\Ludots.Core.csproj]
C:\001_AI\LudotsProd\src\Core\Input\Interaction\CastDispatchProfileConfigLoader.cs(32,37): warning CS8625: 无法将 null 字面量转换为非 null 的引用类型。 [C:\001_AI\LudotsProd\src\Core\Ludots.Core.csproj]
C:\001_AI\LudotsProd\src\Core\Input\Interaction\CastDispatchProfileConfigLoader.cs(33,43): warning CS8625: 无法将 null 字面量转换为非 null 的引用类型。 [C:\001_AI\LudotsProd\src\Core\Ludots.Core.csproj]
C:\001_AI\LudotsProd\src\Core\Map\MapSession.cs(53,88): warning CS8625: 无法将 null 字面量转换为非 null 的引用类型。 [C:\001_AI\LudotsProd\src\Core\Ludots.Core.csproj]
C:\001_AI\LudotsProd\src\Core\Navigation\GraphEcs\GraphPathfindingSystem.cs(17,98): warning CS8625: 无法将 null 字面量转换为非 null 的引用类型。 [C:\001_AI\LudotsProd\src\Core\Ludots.Core.csproj]
C:\001_AI\LudotsProd\src\Core\Input\Interaction\CastCommitProfileConfigLoader.cs(38,37): warning CS8625: 无法将 null 字面量转换为非 null 的引用类型。 [C:\001_AI\LudotsProd\src\Core\Ludots.Core.csproj]
C:\001_AI\LudotsProd\src\Core\Input\Interaction\CastCommitProfileConfigLoader.cs(39,43): warning CS8625: 无法将 null 字面量转换为非 null 的引用类型。 [C:\001_AI\LudotsProd\src\Core\Ludots.Core.csproj]
C:\001_AI\LudotsProd\src\Core\Gameplay\GAS\Config\AbilityFormSetConfigLoader.cs(22,37): warning CS8625: 无法将 null 字面量转换为非 null 的引用类型。 [C:\001_AI\LudotsProd\src\Core\Ludots.Core.csproj]
C:\001_AI\LudotsProd\src\Core\Gameplay\GAS\Config\AbilityFormSetConfigLoader.cs(23,43): warning CS8625: 无法将 null 字面量转换为非 null 的引用类型。 [C:\001_AI\LudotsProd\src\Core\Ludots.Core.csproj]
C:\001_AI\LudotsProd\src\Core\Gameplay\GAS\Config\AttributeConstraintsLoader.cs(19,37): warning CS8625: 无法将 null 字面量转换为非 null 的引用类型。 [C:\001_AI\LudotsProd\src\Core\Ludots.Core.csproj]
C:\001_AI\LudotsProd\src\Core\Gameplay\GAS\Config\AttributeConstraintsLoader.cs(20,43): warning CS8625: 无法将 null 字面量转换为非 null 的引用类型。 [C:\001_AI\LudotsProd\src\Core\Ludots.Core.csproj]
C:\001_AI\LudotsProd\src\Core\Gameplay\GAS\Config\ContextGroupConfigLoader.cs(22,37): warning CS8625: 无法将 null 字面量转换为非 null 的引用类型。 [C:\001_AI\LudotsProd\src\Core\Ludots.Core.csproj]
C:\001_AI\LudotsProd\src\Core\Gameplay\GAS\Config\ContextGroupConfigLoader.cs(23,43): warning CS8625: 无法将 null 字面量转换为非 null 的引用类型。 [C:\001_AI\LudotsProd\src\Core\Ludots.Core.csproj]
C:\001_AI\LudotsProd\src\Core\Input\Interaction\ClientCastPreferenceConfigLoader.cs(33,37): warning CS8625: 无法将 null 字面量转换为非 null 的引用类型。 [C:\001_AI\LudotsProd\src\Core\Ludots.Core.csproj]
C:\001_AI\LudotsProd\src\Core\Input\Interaction\ClientCastPreferenceConfigLoader.cs(34,43): warning CS8625: 无法将 null 字面量转换为非 null 的引用类型。 [C:\001_AI\LudotsProd\src\Core\Ludots.Core.csproj]
C:\001_AI\LudotsProd\src\Core\Input\Orders\InputOrderMappingLoader.cs(27,37): warning CS8625: 无法将 null 字面量转换为非 null 的引用类型。 [C:\001_AI\LudotsProd\src\Core\Ludots.Core.csproj]
C:\001_AI\LudotsProd\src\Core\Input\Orders\InputOrderMappingLoader.cs(28,43): warning CS8625: 无法将 null 字面量转换为非 null 的引用类型。 [C:\001_AI\LudotsProd\src\Core\Ludots.Core.csproj]
C:\001_AI\LudotsProd\src\Core\Gameplay\Progression\Config\ProgressionConfigLoader.cs(42,79): warning CS8625: 无法将 null 字面量转换为非 null 的引用类型。 [C:\001_AI\LudotsProd\src\Core\Ludots.Core.csproj]
C:\001_AI\LudotsProd\src\Core\Navigation\GraphWorld\GraphNodeKey.cs(21,30): warning CS8765: 参数“obj”类型的为 Null 性与重写成员不匹配(可能是由于为 Null 性特性)。 [C:\001_AI\LudotsProd\src\Core\Ludots.Core.csproj]
C:\001_AI\LudotsProd\src\Core\Modding\ModLoader.cs(63,41): warning CS8625: 无法将 null 字面量转换为非 null 的引用类型。 [C:\001_AI\LudotsProd\src\Core\Ludots.Core.csproj]
C:\001_AI\LudotsProd\src\Core\Modding\ModLoader.cs(63,78): warning CS8625: 无法将 null 字面量转换为非 null 的引用类型。 [C:\001_AI\LudotsProd\src\Core\Ludots.Core.csproj]
C:\001_AI\LudotsProd\src\Core\Modding\ModLoader.cs(63,113): warning CS8625: 无法将 null 字面量转换为非 null 的引用类型。 [C:\001_AI\LudotsProd\src\Core\Ludots.Core.csproj]
C:\001_AI\LudotsProd\src\Core\Gameplay\GAS\Config\GasClockConfig.cs(24,37): warning CS8625: 无法将 null 字面量转换为非 null 的引用类型。 [C:\001_AI\LudotsProd\src\Core\Ludots.Core.csproj]
C:\001_AI\LudotsProd\src\Core\Gameplay\GAS\Config\GasClockConfig.cs(25,43): warning CS8625: 无法将 null 字面量转换为非 null 的引用类型。 [C:\001_AI\LudotsProd\src\Core\Ludots.Core.csproj]
C:\001_AI\LudotsProd\src\Core\Gameplay\GAS\Config\PresetTypeLoader.cs(32,37): warning CS8625: 无法将 null 字面量转换为非 null 的引用类型。 [C:\001_AI\LudotsProd\src\Core\Ludots.Core.csproj]
C:\001_AI\LudotsProd\src\Core\Gameplay\GAS\Config\PresetTypeLoader.cs(33,43): warning CS8625: 无法将 null 字面量转换为非 null 的引用类型。 [C:\001_AI\LudotsProd\src\Core\Ludots.Core.csproj]
C:\001_AI\LudotsProd\src\Core\Gameplay\GAS\Config\TagRuleSetLoader.cs(20,37): warning CS8625: 无法将 null 字面量转换为非 null 的引用类型。 [C:\001_AI\LudotsProd\src\Core\Ludots.Core.csproj]
C:\001_AI\LudotsProd\src\Core\Gameplay\GAS\Config\TagRuleSetLoader.cs(21,43): warning CS8625: 无法将 null 字面量转换为非 null 的引用类型。 [C:\001_AI\LudotsProd\src\Core\Ludots.Core.csproj]
C:\001_AI\LudotsProd\src\Core\Gameplay\GAS\Config\TargetDispatchPresetLoader.cs(29,37): warning CS8625: 无法将 null 字面量转换为非 null 的引用类型。 [C:\001_AI\LudotsProd\src\Core\Ludots.Core.csproj]
C:\001_AI\LudotsProd\src\Core\Gameplay\GAS\Config\TargetDispatchPresetLoader.cs(30,43): warning CS8625: 无法将 null 字面量转换为非 null 的引用类型。 [C:\001_AI\LudotsProd\src\Core\Ludots.Core.csproj]
C:\001_AI\LudotsProd\src\Core\Input\Interaction\CommandIntentProfileConfigLoader.cs(33,37): warning CS8625: 无法将 null 字面量转换为非 null 的引用类型。 [C:\001_AI\LudotsProd\src\Core\Ludots.Core.csproj]
C:\001_AI\LudotsProd\src\Core\Input\Interaction\CommandIntentProfileConfigLoader.cs(34,43): warning CS8625: 无法将 null 字面量转换为非 null 的引用类型。 [C:\001_AI\LudotsProd\src\Core\Ludots.Core.csproj]
C:\001_AI\LudotsProd\src\Core\Navigation\GraphCore\TagBits256.cs(25,30): warning CS8765: 参数“obj”类型的为 Null 性与重写成员不匹配(可能是由于为 Null 性特性)。 [C:\001_AI\LudotsProd\src\Core\Ludots.Core.csproj]
C:\001_AI\LudotsProd\src\Core\Gameplay\GAS\EffectTagContributionHelper.cs(13,154): warning CS8625: 无法将 null 字面量转换为非 null 的引用类型。 [C:\001_AI\LudotsProd\src\Core\Ludots.Core.csproj]
C:\001_AI\LudotsProd\src\Core\Gameplay\GAS\EffectTagContributionHelper.cs(50,157): warning CS8625: 无法将 null 字面量转换为非 null 的引用类型。 [C:\001_AI\LudotsProd\src\Core\Ludots.Core.csproj]
C:\001_AI\LudotsProd\src\Core\Gameplay\GAS\EffectTagContributionHelper.cs(84,177): warning CS8625: 无法将 null 字面量转换为非 null 的引用类型。 [C:\001_AI\LudotsProd\src\Core\Ludots.Core.csproj]
C:\001_AI\LudotsProd\src\Core\Registry\StringIntRegistry.cs(33,39): warning CS8625: 无法将 null 字面量转换为非 null 的引用类型。 [C:\001_AI\LudotsProd\src\Core\Ludots.Core.csproj]
C:\001_AI\LudotsProd\src\Core\Gameplay\GAS\EffectTagContributionHelper.cs(134,136): warning CS8625: 无法将 null 字面量转换为非 null 的引用类型。 [C:\001_AI\LudotsProd\src\Core\Ludots.Core.csproj]
C:\001_AI\LudotsProd\src\Core\Gameplay\GAS\EffectTagContributionHelper.cs(159,137): warning CS8625: 无法将 null 字面量转换为非 null 的引用类型。 [C:\001_AI\LudotsProd\src\Core\Ludots.Core.csproj]
C:\001_AI\LudotsProd\src\Core\Gameplay\GAS\EffectTagContributionHelper.cs(182,159): warning CS8625: 无法将 null 字面量转换为非 null 的引用类型。 [C:\001_AI\LudotsProd\src\Core\Ludots.Core.csproj]
C:\001_AI\LudotsProd\src\Core\Input\Interaction\ControlSchemeConfigLoader.cs(33,37): warning CS8625: 无法将 null 字面量转换为非 null 的引用类型。 [C:\001_AI\LudotsProd\src\Core\Ludots.Core.csproj]
C:\001_AI\LudotsProd\src\Core\Input\Interaction\ControlSchemeConfigLoader.cs(34,43): warning CS8625: 无法将 null 字面量转换为非 null 的引用类型。 [C:\001_AI\LudotsProd\src\Core\Ludots.Core.csproj]
C:\001_AI\LudotsProd\src\Core\Input\Interaction\ControlSchemeRuntime.cs(49,56): warning CS8625: 无法将 null 字面量转换为非 null 的引用类型。 [C:\001_AI\LudotsProd\src\Core\Ludots.Core.csproj]
C:\001_AI\LudotsProd\src\Core\Input\Interaction\ControlSchemeRuntime.cs(50,53): warning CS8625: 无法将 null 字面量转换为非 null 的引用类型。 [C:\001_AI\LudotsProd\src\Core\Ludots.Core.csproj]
C:\001_AI\LudotsProd\src\Core\Input\Interaction\ControlSchemeRuntime.cs(51,43): warning CS8625: 无法将 null 字面量转换为非 null 的引用类型。 [C:\001_AI\LudotsProd\src\Core\Ludots.Core.csproj]
C:\001_AI\LudotsProd\src\Core\Presentation\Camera\CameraPresenter.cs(44,120): warning CS8625: 无法将 null 字面量转换为非 null 的引用类型。 [C:\001_AI\LudotsProd\src\Core\Ludots.Core.csproj]
C:\001_AI\LudotsProd\src\Core\Gameplay\GAS\EffectTemplateRegistry.cs(439,89): warning CS8625: 无法将 null 字面量转换为非 null 的引用类型。 [C:\001_AI\LudotsProd\src\Core\Ludots.Core.csproj]
C:\001_AI\LudotsProd\src\Core\Input\Interaction\FilterProfileConfigLoader.cs(31,37): warning CS8625: 无法将 null 字面量转换为非 null 的引用类型。 [C:\001_AI\LudotsProd\src\Core\Ludots.Core.csproj]
C:\001_AI\LudotsProd\src\Core\Input\Interaction\FilterProfileConfigLoader.cs(32,43): warning CS8625: 无法将 null 字面量转换为非 null 的引用类型。 [C:\001_AI\LudotsProd\src\Core\Ludots.Core.csproj]
C:\001_AI\LudotsProd\src\Core\Navigation\NavMesh\Bake\BakePipeline.cs(69,43): warning CS8625: 无法将 null 字面量转换为非 null 的引用类型。 [C:\001_AI\LudotsProd\src\Core\Ludots.Core.csproj]
C:\001_AI\LudotsProd\src\Core\Navigation\NavMesh\Bake\BakePipeline.cs(91,43): warning CS8625: 无法将 null 字面量转换为非 null 的引用类型。 [C:\001_AI\LudotsProd\src\Core\Ludots.Core.csproj]
C:\001_AI\LudotsProd\src\Core\Navigation\NavMesh\Bake\BakePipeline.cs(752,182): warning CS8625: 无法将 null 字面量转换为非 null 的引用类型。 [C:\001_AI\LudotsProd\src\Core\Ludots.Core.csproj]
C:\001_AI\LudotsProd\src\Core\Navigation\NavMesh\Bake\BakePipeline.cs(410,34): warning CS8765: 参数“obj”类型的为 Null 性与重写成员不匹配(可能是由于为 Null 性特性)。 [C:\001_AI\LudotsProd\src\Core\Ludots.Core.csproj]
C:\001_AI\LudotsProd\src\Core\Navigation\NavMesh\Bake\ContourExtractor.cs(23,30): warning CS8765: 参数“obj”类型的为 Null 性与重写成员不匹配(可能是由于为 Null 性特性)。 [C:\001_AI\LudotsProd\src\Core\Ludots.Core.csproj]
C:\001_AI\LudotsProd\src\Core\Input\Interaction\InteractionContextProfileConfigLoader.cs(32,37): warning CS8625: 无法将 null 字面量转换为非 null 的引用类型。 [C:\001_AI\LudotsProd\src\Core\Ludots.Core.csproj]
C:\001_AI\LudotsProd\src\Core\Input\Interaction\InteractionContextProfileConfigLoader.cs(33,43): warning CS8625: 无法将 null 字面量转换为非 null 的引用类型。 [C:\001_AI\LudotsProd\src\Core\Ludots.Core.csproj]
C:\001_AI\LudotsProd\src\Core\Navigation\NavMesh\Bake\ContourExtractor.cs(67,30): warning CS8765: 参数“obj”类型的为 Null 性与重写成员不匹配(可能是由于为 Null 性特性)。 [C:\001_AI\LudotsProd\src\Core\Ludots.Core.csproj]
C:\001_AI\LudotsProd\src\Core\Navigation\NavMesh\Bake\NavBakeContext.cs(35,30): warning CS8765: 参数“obj”类型的为 Null 性与重写成员不匹配(可能是由于为 Null 性特性)。 [C:\001_AI\LudotsProd\src\Core\Ludots.Core.csproj]
C:\001_AI\LudotsProd\src\Core\Gameplay\Spawning\RuntimeEntitySpawnSystem.cs(95,49): warning CS8625: 无法将 null 字面量转换为非 null 的引用类型。 [C:\001_AI\LudotsProd\src\Core\Ludots.Core.csproj]
C:\001_AI\LudotsProd\src\Core\Systems\MapLoader.cs(99,88): warning CS8625: 无法将 null 字面量转换为非 null 的引用类型。 [C:\001_AI\LudotsProd\src\Core\Ludots.Core.csproj]
C:\001_AI\LudotsProd\src\Core\UI\CommandDeck\CommandDeckProfileConfigLoader.cs(30,37): warning CS8625: 无法将 null 字面量转换为非 null 的引用类型。 [C:\001_AI\LudotsProd\src\Core\Ludots.Core.csproj]
C:\001_AI\LudotsProd\src\Core\UI\CommandDeck\CommandDeckProfileConfigLoader.cs(31,43): warning CS8625: 无法将 null 字面量转换为非 null 的引用类型。 [C:\001_AI\LudotsProd\src\Core\Ludots.Core.csproj]
C:\001_AI\LudotsProd\src\Core\Spatial\WorldExtentSpec.cs(46,30): warning CS8765: 参数“obj”类型的为 Null 性与重写成员不匹配(可能是由于为 Null 性特性)。 [C:\001_AI\LudotsProd\src\Core\Ludots.Core.csproj]
C:\001_AI\LudotsProd\src\Core\Presentation\Config\AnimationClipConfigLoader.cs(22,50): warning CS8625: 无法将 null 字面量转换为非 null 的引用类型。 [C:\001_AI\LudotsProd\src\Core\Ludots.Core.csproj]
C:\001_AI\LudotsProd\src\Core\Presentation\Config\AnimationClipConfigLoader.cs(22,86): warning CS8625: 无法将 null 字面量转换为非 null 的引用类型。 [C:\001_AI\LudotsProd\src\Core\Ludots.Core.csproj]
C:\001_AI\LudotsProd\src\Core\Gameplay\GAS\Systems\AbilityFormRoutingSystem.cs(21,103): warning CS8625: 无法将 null 字面量转换为非 null 的引用类型。 [C:\001_AI\LudotsProd\src\Core\Ludots.Core.csproj]
C:\001_AI\LudotsProd\src\Core\Spatial\WorldSizeSpec.cs(25,30): warning CS8765: 参数“obj”类型的为 Null 性与重写成员不匹配(可能是由于为 Null 性特性)。 [C:\001_AI\LudotsProd\src\Core\Ludots.Core.csproj]
C:\001_AI\LudotsProd\src\Core\Presentation\Config\AnimationProfileConfigLoader.cs(27,50): warning CS8625: 无法将 null 字面量转换为非 null 的引用类型。 [C:\001_AI\LudotsProd\src\Core\Ludots.Core.csproj]
C:\001_AI\LudotsProd\src\Core\Presentation\Config\AnimationProfileConfigLoader.cs(27,86): warning CS8625: 无法将 null 字面量转换为非 null 的引用类型。 [C:\001_AI\LudotsProd\src\Core\Ludots.Core.csproj]
C:\001_AI\LudotsProd\src\Core\Navigation\Pathing\Config\PathingConfigLoader.cs(20,37): warning CS8625: 无法将 null 字面量转换为非 null 的引用类型。 [C:\001_AI\LudotsProd\src\Core\Ludots.Core.csproj]
C:\001_AI\LudotsProd\src\Core\Navigation\Pathing\Config\PathingConfigLoader.cs(21,43): warning CS8625: 无法将 null 字面量转换为非 null 的引用类型。 [C:\001_AI\LudotsProd\src\Core\Ludots.Core.csproj]
C:\001_AI\LudotsProd\src\Core\Scripting\EventKey.cs(15,30): warning CS8765: 参数“obj”类型的为 Null 性与重写成员不匹配(可能是由于为 Null 性特性)。 [C:\001_AI\LudotsProd\src\Core\Ludots.Core.csproj]
C:\001_AI\LudotsProd\src\Core\Scripting\FunctionRegistry.cs(22,85): warning CS8625: 无法将 null 字面量转换为非 null 的引用类型。 [C:\001_AI\LudotsProd\src\Core\Ludots.Core.csproj]
C:\001_AI\LudotsProd\src\Core\Presentation\Config\AnimatorControllerConfigLoader.cs(22,50): warning CS8625: 无法将 null 字面量转换为非 null 的引用类型。 [C:\001_AI\LudotsProd\src\Core\Ludots.Core.csproj]
C:\001_AI\LudotsProd\src\Core\Presentation\Config\AnimatorControllerConfigLoader.cs(22,86): warning CS8625: 无法将 null 字面量转换为非 null 的引用类型。 [C:\001_AI\LudotsProd\src\Core\Ludots.Core.csproj]
C:\001_AI\LudotsProd\src\Core\NodeLibraries\GASGraph\Host\GraphProgramConfigLoader.cs(48,37): warning CS8625: 无法将 null 字面量转换为非 null 的引用类型。 [C:\001_AI\LudotsProd\src\Core\Ludots.Core.csproj]
C:\001_AI\LudotsProd\src\Core\UI\EntityCommandPanels\AbilityAggregationProfileConfigLoader.cs(33,37): warning CS8625: 无法将 null 字面量转换为非 null 的引用类型。 [C:\001_AI\LudotsProd\src\Core\Ludots.Core.csproj]
C:\001_AI\LudotsProd\src\Core\UI\EntityCommandPanels\AbilityAggregationProfileConfigLoader.cs(34,43): warning CS8625: 无法将 null 字面量转换为非 null 的引用类型。 [C:\001_AI\LudotsProd\src\Core\Ludots.Core.csproj]
C:\001_AI\LudotsProd\src\Core\Gameplay\GAS\Systems\AbilitySystem.cs(25,60): warning CS8625: 无法将 null 字面量转换为非 null 的引用类型。 [C:\001_AI\LudotsProd\src\Core\Ludots.Core.csproj]
C:\001_AI\LudotsProd\src\Core\Gameplay\GAS\Systems\AbilitySystem.cs(26,29): warning CS8625: 无法将 null 字面量转换为非 null 的引用类型。 [C:\001_AI\LudotsProd\src\Core\Ludots.Core.csproj]
C:\001_AI\LudotsProd\src\Core\Gameplay\GAS\Systems\AbilitySystem.cs(27,50): warning CS8625: 无法将 null 字面量转换为非 null 的引用类型。 [C:\001_AI\LudotsProd\src\Core\Ludots.Core.csproj]
C:\001_AI\LudotsProd\src\Core\Gameplay\GAS\Systems\AbilitySystem.cs(28,41): warning CS8625: 无法将 null 字面量转换为非 null 的引用类型。 [C:\001_AI\LudotsProd\src\Core\Ludots.Core.csproj]
C:\001_AI\LudotsProd\src\Core\Gameplay\GAS\Systems\AbilitySystem.cs(29,71): warning CS8625: 无法将 null 字面量转换为非 null 的引用类型。 [C:\001_AI\LudotsProd\src\Core\Ludots.Core.csproj]
C:\001_AI\LudotsProd\src\Core\Navigation\NavMesh\Bake\PolygonProcessor.cs(14,63): warning CS8625: 无法将 null 字面量转换为非 null 的引用类型。 [C:\001_AI\LudotsProd\src\Core\Ludots.Core.csproj]
C:\001_AI\LudotsProd\src\Core\Presentation\Config\InstancedBatchAssetConfigLoader.cs(45,50): warning CS8625: 无法将 null 字面量转换为非 null 的引用类型。 [C:\001_AI\LudotsProd\src\Core\Ludots.Core.csproj]
C:\001_AI\LudotsProd\src\Core\Presentation\Config\InstancedBatchAssetConfigLoader.cs(45,86): warning CS8625: 无法将 null 字面量转换为非 null 的引用类型。 [C:\001_AI\LudotsProd\src\Core\Ludots.Core.csproj]
C:\001_AI\LudotsProd\src\Core\NodeLibraries\GASGraph\Host\GraphProgramConfigLoader.cs(49,43): warning CS8625: 无法将 null 字面量转换为非 null 的引用类型。 [C:\001_AI\LudotsProd\src\Core\Ludots.Core.csproj]
C:\001_AI\LudotsProd\src\Core\Presentation\Config\MeshAssetConfigLoader.cs(31,50): warning CS8625: 无法将 null 字面量转换为非 null 的引用类型。 [C:\001_AI\LudotsProd\src\Core\Ludots.Core.csproj]
C:\001_AI\LudotsProd\src\Core\Presentation\Config\MeshAssetConfigLoader.cs(31,86): warning CS8625: 无法将 null 字面量转换为非 null 的引用类型。 [C:\001_AI\LudotsProd\src\Core\Ludots.Core.csproj]
C:\001_AI\LudotsProd\src\Core\Presentation\Config\ParticleVfxConfigLoader.cs(21,50): warning CS8625: 无法将 null 字面量转换为非 null 的引用类型。 [C:\001_AI\LudotsProd\src\Core\Ludots.Core.csproj]
C:\001_AI\LudotsProd\src\Core\Presentation\Config\ParticleVfxConfigLoader.cs(21,86): warning CS8625: 无法将 null 字面量转换为非 null 的引用类型。 [C:\001_AI\LudotsProd\src\Core\Ludots.Core.csproj]
C:\001_AI\LudotsProd\src\Core\Gameplay\GAS\TagOps.cs(29,97): warning CS8625: 无法将 null 字面量转换为非 null 的引用类型。 [C:\001_AI\LudotsProd\src\Core\Ludots.Core.csproj]
C:\001_AI\LudotsProd\src\Core\Gameplay\GAS\Systems\AttributeAggregatorSystem.cs(28,92): warning CS8625: 无法将 null 字面量转换为非 null 的引用类型。 [C:\001_AI\LudotsProd\src\Core\Ludots.Core.csproj]
C:\001_AI\LudotsProd\src\Core\Gameplay\GAS\Systems\AttributeAggregatorSystem.cs(28,126): warning CS8625: 无法将 null 字面量转换为非 null 的引用类型。 [C:\001_AI\LudotsProd\src\Core\Ludots.Core.csproj]
C:\001_AI\LudotsProd\src\Core\Gameplay\GAS\Systems\AttributeAggregatorSystem.cs(28,148): warning CS8625: 无法将 null 字面量转换为非 null 的引用类型。 [C:\001_AI\LudotsProd\src\Core\Ludots.Core.csproj]
C:\001_AI\LudotsProd\src\Core\Presentation\Config\PresentationHostAssetConfigLoader.cs(27,69): warning CS8625: 无法将 null 字面量转换为非 null 的引用类型。 [C:\001_AI\LudotsProd\src\Core\Ludots.Core.csproj]
C:\001_AI\LudotsProd\src\Core\Presentation\Config\PresentationHostAssetConfigLoader.cs(27,105): warning CS8625: 无法将 null 字面量转换为非 null 的引用类型。 [C:\001_AI\LudotsProd\src\Core\Ludots.Core.csproj]
C:\001_AI\LudotsProd\src\Core\Navigation\NavMesh\Config\NavMeshBakeConfigLoader.cs(27,37): warning CS8625: 无法将 null 字面量转换为非 null 的引用类型。 [C:\001_AI\LudotsProd\src\Core\Ludots.Core.csproj]
C:\001_AI\LudotsProd\src\Core\Navigation\NavMesh\Config\NavMeshBakeConfigLoader.cs(28,43): warning CS8625: 无法将 null 字面量转换为非 null 的引用类型。 [C:\001_AI\LudotsProd\src\Core\Ludots.Core.csproj]
C:\001_AI\LudotsProd\src\Core\Presentation\Config\PresentationLodProfileConfigLoader.cs(24,50): warning CS8625: 无法将 null 字面量转换为非 null 的引用类型。 [C:\001_AI\LudotsProd\src\Core\Ludots.Core.csproj]
C:\001_AI\LudotsProd\src\Core\Gameplay\GAS\Systems\DeferredTriggerCollectionSystem.cs(26,29): warning CS8625: 无法将 null 字面量转换为非 null 的引用类型。 [C:\001_AI\LudotsProd\src\Core\Ludots.Core.csproj]
C:\001_AI\LudotsProd\src\Core\Presentation\Config\PresentationLodProfileConfigLoader.cs(24,86): warning CS8625: 无法将 null 字面量转换为非 null 的引用类型。 [C:\001_AI\LudotsProd\src\Core\Ludots.Core.csproj]
C:\001_AI\LudotsProd\src\Core\Gameplay\GAS\Systems\DeferredTriggerCollectionSystem.cs(27,46): warning CS8625: 无法将 null 字面量转换为非 null 的引用类型。 [C:\001_AI\LudotsProd\src\Core\Ludots.Core.csproj]
C:\001_AI\LudotsProd\src\Core\Presentation\Config\PresentationMaterialConfigLoader.cs(25,50): warning CS8625: 无法将 null 字面量转换为非 null 的引用类型。 [C:\001_AI\LudotsProd\src\Core\Ludots.Core.csproj]
C:\001_AI\LudotsProd\src\Core\Presentation\Config\PresentationMaterialConfigLoader.cs(25,86): warning CS8625: 无法将 null 字面量转换为非 null 的引用类型。 [C:\001_AI\LudotsProd\src\Core\Ludots.Core.csproj]
C:\001_AI\LudotsProd\src\Core\Presentation\Config\PresentationTextCatalogLoader.cs(23,69): warning CS8625: 无法将 null 字面量转换为非 null 的引用类型。 [C:\001_AI\LudotsProd\src\Core\Ludots.Core.csproj]
C:\001_AI\LudotsProd\src\Core\Presentation\Config\PresentationTextCatalogLoader.cs(23,105): warning CS8625: 无法将 null 字面量转换为非 null 的引用类型。 [C:\001_AI\LudotsProd\src\Core\Ludots.Core.csproj]
C:\001_AI\LudotsProd\src\Core\UI\ProductionOverview\ProductionOverviewProfileConfigLoader.cs(30,37): warning CS8625: 无法将 null 字面量转换为非 null 的引用类型。 [C:\001_AI\LudotsProd\src\Core\Ludots.Core.csproj]
C:\001_AI\LudotsProd\src\Core\UI\ProductionOverview\ProductionOverviewProfileConfigLoader.cs(31,43): warning CS8625: 无法将 null 字面量转换为非 null 的引用类型。 [C:\001_AI\LudotsProd\src\Core\Ludots.Core.csproj]
C:\001_AI\LudotsProd\src\Core\Navigation\NavMesh\NavQueryServiceRegistry.cs(18,30): warning CS8765: 参数“obj”类型的为 Null 性与重写成员不匹配(可能是由于为 Null 性特性)。 [C:\001_AI\LudotsProd\src\Core\Ludots.Core.csproj]
C:\001_AI\LudotsProd\src\Core\Gameplay\GAS\Systems\EffectApplicationSystem.cs(121,130): warning CS8625: 无法将 null 字面量转换为非 null 的引用类型。 [C:\001_AI\LudotsProd\src\Core\Ludots.Core.csproj]
C:\001_AI\LudotsProd\src\Core\Gameplay\GAS\Systems\EffectApplicationSystem.cs(121,155): warning CS8625: 无法将 null 字面量转换为非 null 的引用类型。 [C:\001_AI\LudotsProd\src\Core\Ludots.Core.csproj]
C:\001_AI\LudotsProd\src\Core\Gameplay\GAS\Systems\EffectApplicationSystem.cs(121,209): warning CS8625: 无法将 null 字面量转换为非 null 的引用类型。 [C:\001_AI\LudotsProd\src\Core\Ludots.Core.csproj]
C:\001_AI\LudotsProd\src\Core\Gameplay\GAS\Systems\EffectApplicationSystem.cs(121,250): warning CS8625: 无法将 null 字面量转换为非 null 的引用类型。 [C:\001_AI\LudotsProd\src\Core\Ludots.Core.csproj]
C:\001_AI\LudotsProd\src\Core\Gameplay\GAS\Systems\EffectApplicationSystem.cs(121,294): warning CS8625: 无法将 null 字面量转换为非 null 的引用类型。 [C:\001_AI\LudotsProd\src\Core\Ludots.Core.csproj]
C:\001_AI\LudotsProd\src\Core\Gameplay\GAS\Systems\EffectApplicationSystem.cs(121,340): warning CS8625: 无法将 null 字面量转换为非 null 的引用类型。 [C:\001_AI\LudotsProd\src\Core\Ludots.Core.csproj]
C:\001_AI\LudotsProd\src\Core\Gameplay\GAS\Systems\EffectApplicationSystem.cs(121,394): warning CS8625: 无法将 null 字面量转换为非 null 的引用类型。 [C:\001_AI\LudotsProd\src\Core\Ludots.Core.csproj]
C:\001_AI\LudotsProd\src\Core\Gameplay\GAS\Systems\EffectApplicationSystem.cs(121,451): warning CS8625: 无法将 null 字面量转换为非 null 的引用类型。 [C:\001_AI\LudotsProd\src\Core\Ludots.Core.csproj]
C:\001_AI\LudotsProd\src\Core\Gameplay\GAS\Systems\EffectApplicationSystem.cs(121,493): warning CS8625: 无法将 null 字面量转换为非 null 的引用类型。 [C:\001_AI\LudotsProd\src\Core\Ludots.Core.csproj]
C:\001_AI\LudotsProd\src\Core\Gameplay\GAS\Systems\EffectApplicationSystem.cs(121,569): warning CS8625: 无法将 null 字面量转换为非 null 的引用类型。 [C:\001_AI\LudotsProd\src\Core\Ludots.Core.csproj]
C:\001_AI\LudotsProd\src\Core\Gameplay\GAS\Systems\EffectApplicationSystem.cs(121,591): warning CS8625: 无法将 null 字面量转换为非 null 的引用类型。 [C:\001_AI\LudotsProd\src\Core\Ludots.Core.csproj]
C:\001_AI\LudotsProd\src\Core\Gameplay\GAS\Systems\EffectApplicationSystem.cs(121,631): warning CS8625: 无法将 null 字面量转换为非 null 的引用类型。 [C:\001_AI\LudotsProd\src\Core\Ludots.Core.csproj]
C:\001_AI\LudotsProd\src\Core\Gameplay\GAS\Systems\EffectApplicationSystem.cs(121,692): warning CS8625: 无法将 null 字面量转换为非 null 的引用类型。 [C:\001_AI\LudotsProd\src\Core\Ludots.Core.csproj]
C:\001_AI\LudotsProd\src\Core\Gameplay\GAS\Systems\EffectApplicationSystem.cs(121,736): warning CS8625: 无法将 null 字面量转换为非 null 的引用类型。 [C:\001_AI\LudotsProd\src\Core\Ludots.Core.csproj]
C:\001_AI\LudotsProd\src\Core\Gameplay\GAS\Systems\EffectApplicationSystem.cs(121,780): warning CS8625: 无法将 null 字面量转换为非 null 的引用类型。 [C:\001_AI\LudotsProd\src\Core\Ludots.Core.csproj]
C:\001_AI\LudotsProd\src\Core\Gameplay\GAS\Systems\EffectApplicationSystem.cs(121,849): warning CS8625: 无法将 null 字面量转换为非 null 的引用类型。 [C:\001_AI\LudotsProd\src\Core\Ludots.Core.csproj]
C:\001_AI\LudotsProd\src\Core\Gameplay\GAS\Systems\EffectApplicationSystem.cs(121,911): warning CS8625: 无法将 null 字面量转换为非 null 的引用类型。 [C:\001_AI\LudotsProd\src\Core\Ludots.Core.csproj]
C:\001_AI\LudotsProd\src\Core\Gameplay\GAS\Systems\EffectApplicationSystem.cs(121,942): warning CS8625: 无法将 null 字面量转换为非 null 的引用类型。 [C:\001_AI\LudotsProd\src\Core\Ludots.Core.csproj]
C:\001_AI\LudotsProd\src\Core\Gameplay\GAS\Systems\EffectApplicationSystem.cs(121,979): warning CS8625: 无法将 null 字面量转换为非 null 的引用类型。 [C:\001_AI\LudotsProd\src\Core\Ludots.Core.csproj]
C:\001_AI\LudotsProd\src\Core\Gameplay\GAS\Systems\EffectApplicationSystem.cs(121,1050): warning CS8625: 无法将 null 字面量转换为非 null 的引用类型。 [C:\001_AI\LudotsProd\src\Core\Ludots.Core.csproj]
C:\001_AI\LudotsProd\src\Core\Navigation\NavMesh\NavTileModels.cs(27,30): warning CS8765: 参数“obj”类型的为 Null 性与重写成员不匹配(可能是由于为 Null 性特性)。 [C:\001_AI\LudotsProd\src\Core\Ludots.Core.csproj]
C:\001_AI\LudotsProd\src\Core\Navigation\NavMesh\NavTileModels.cs(225,33): warning CS8625: 无法将 null 字面量转换为非 null 的引用类型。 [C:\001_AI\LudotsProd\src\Core\Ludots.Core.csproj]
C:\001_AI\LudotsProd\src\Core\Gameplay\GAS\Systems\EffectProcessingLoopSystem.cs(66,214): warning CS8625: 无法将 null 字面量转换为非 null 的引用类型。 [C:\001_AI\LudotsProd\src\Core\Ludots.Core.csproj]
C:\001_AI\LudotsProd\src\Core\Gameplay\GAS\Systems\EffectProcessingLoopSystem.cs(66,255): warning CS8625: 无法将 null 字面量转换为非 null 的引用类型。 [C:\001_AI\LudotsProd\src\Core\Ludots.Core.csproj]
C:\001_AI\LudotsProd\src\Core\Gameplay\GAS\Systems\EffectProcessingLoopSystem.cs(66,295): warning CS8625: 无法将 null 字面量转换为非 null 的引用类型。 [C:\001_AI\LudotsProd\src\Core\Ludots.Core.csproj]
C:\001_AI\LudotsProd\src\Core\Gameplay\GAS\Systems\EffectProcessingLoopSystem.cs(66,326): warning CS8625: 无法将 null 字面量转换为非 null 的引用类型。 [C:\001_AI\LudotsProd\src\Core\Ludots.Core.csproj]
C:\001_AI\LudotsProd\src\Core\Gameplay\GAS\Systems\EffectProcessingLoopSystem.cs(66,373): warning CS8625: 无法将 null 字面量转换为非 null 的引用类型。 [C:\001_AI\LudotsProd\src\Core\Ludots.Core.csproj]
C:\001_AI\LudotsProd\src\Core\Gameplay\GAS\Systems\EffectProcessingLoopSystem.cs(66,413): warning CS8625: 无法将 null 字面量转换为非 null 的引用类型。 [C:\001_AI\LudotsProd\src\Core\Ludots.Core.csproj]
C:\001_AI\LudotsProd\src\Core\Gameplay\GAS\Systems\EffectProcessingLoopSystem.cs(66,524): warning CS8625: 无法将 null 字面量转换为非 null 的引用类型。 [C:\001_AI\LudotsProd\src\Core\Ludots.Core.csproj]
C:\001_AI\LudotsProd\src\Core\Gameplay\GAS\Systems\EffectProcessingLoopSystem.cs(66,568): warning CS8625: 无法将 null 字面量转换为非 null 的引用类型。 [C:\001_AI\LudotsProd\src\Core\Ludots.Core.csproj]
C:\001_AI\LudotsProd\src\Core\Gameplay\GAS\Systems\EffectProcessingLoopSystem.cs(66,614): warning CS8625: 无法将 null 字面量转换为非 null 的引用类型。 [C:\001_AI\LudotsProd\src\Core\Ludots.Core.csproj]
C:\001_AI\LudotsProd\src\Core\Gameplay\GAS\Systems\EffectProcessingLoopSystem.cs(66,668): warning CS8625: 无法将 null 字面量转换为非 null 的引用类型。 [C:\001_AI\LudotsProd\src\Core\Ludots.Core.csproj]
C:\001_AI\LudotsProd\src\Core\Gameplay\GAS\Systems\EffectProcessingLoopSystem.cs(66,725): warning CS8625: 无法将 null 字面量转换为非 null 的引用类型。 [C:\001_AI\LudotsProd\src\Core\Ludots.Core.csproj]
C:\001_AI\LudotsProd\src\Core\Gameplay\GAS\Systems\EffectProcessingLoopSystem.cs(66,767): warning CS8625: 无法将 null 字面量转换为非 null 的引用类型。 [C:\001_AI\LudotsProd\src\Core\Ludots.Core.csproj]
C:\001_AI\LudotsProd\src\Core\Gameplay\GAS\Systems\EffectProcessingLoopSystem.cs(66,843): warning CS8625: 无法将 null 字面量转换为非 null 的引用类型。 [C:\001_AI\LudotsProd\src\Core\Ludots.Core.csproj]
C:\001_AI\LudotsProd\src\Core\Gameplay\GAS\Systems\EffectProcessingLoopSystem.cs(66,865): warning CS8625: 无法将 null 字面量转换为非 null 的引用类型。 [C:\001_AI\LudotsProd\src\Core\Ludots.Core.csproj]
C:\001_AI\LudotsProd\src\Core\Gameplay\GAS\Systems\EffectProcessingLoopSystem.cs(66,905): warning CS8625: 无法将 null 字面量转换为非 null 的引用类型。 [C:\001_AI\LudotsProd\src\Core\Ludots.Core.csproj]
C:\001_AI\LudotsProd\src\Core\Gameplay\GAS\Systems\EffectProcessingLoopSystem.cs(66,966): warning CS8625: 无法将 null 字面量转换为非 null 的引用类型。 [C:\001_AI\LudotsProd\src\Core\Ludots.Core.csproj]
C:\001_AI\LudotsProd\src\Core\Gameplay\GAS\Systems\EffectProcessingLoopSystem.cs(66,1010): warning CS8625: 无法将 null 字面量转换为非 null 的引用类型。 [C:\001_AI\LudotsProd\src\Core\Ludots.Core.csproj]
C:\001_AI\LudotsProd\src\Core\Gameplay\GAS\Systems\EffectProcessingLoopSystem.cs(66,1054): warning CS8625: 无法将 null 字面量转换为非 null 的引用类型。 [C:\001_AI\LudotsProd\src\Core\Ludots.Core.csproj]
C:\001_AI\LudotsProd\src\Core\Gameplay\GAS\Systems\EffectProcessingLoopSystem.cs(66,1123): warning CS8625: 无法将 null 字面量转换为非 null 的引用类型。 [C:\001_AI\LudotsProd\src\Core\Ludots.Core.csproj]
C:\001_AI\LudotsProd\src\Core\Gameplay\GAS\Systems\EffectProcessingLoopSystem.cs(66,1185): warning CS8625: 无法将 null 字面量转换为非 null 的引用类型。 [C:\001_AI\LudotsProd\src\Core\Ludots.Core.csproj]
C:\001_AI\LudotsProd\src\Core\Gameplay\GAS\Systems\EffectProcessingLoopSystem.cs(66,1257): warning CS8625: 无法将 null 字面量转换为非 null 的引用类型。 [C:\001_AI\LudotsProd\src\Core\Ludots.Core.csproj]
C:\001_AI\LudotsProd\src\Core\Gameplay\GAS\Systems\EffectProcessingLoopSystem.cs(66,1328): warning CS8625: 无法将 null 字面量转换为非 null 的引用类型。 [C:\001_AI\LudotsProd\src\Core\Ludots.Core.csproj]
C:\001_AI\LudotsProd\src\Core\Navigation\NavMesh\NavTileBuilder.cs(68,34): warning CS8765: 参数“obj”类型的为 Null 性与重写成员不匹配(可能是由于为 Null 性特性)。 [C:\001_AI\LudotsProd\src\Core\Ludots.Core.csproj]
C:\001_AI\LudotsProd\src\Core\Navigation\NavMesh\NavTileBuilder.cs(413,34): warning CS8765: 参数“obj”类型的为 Null 性与重写成员不匹配(可能是由于为 Null 性特性)。 [C:\001_AI\LudotsProd\src\Core\Ludots.Core.csproj]
C:\001_AI\LudotsProd\src\Core\Gameplay\GAS\Orders\OrderTypeConfigLoader.cs(72,37): warning CS8625: 无法将 null 字面量转换为非 null 的引用类型。 [C:\001_AI\LudotsProd\src\Core\Ludots.Core.csproj]
C:\001_AI\LudotsProd\src\Core\Gameplay\GAS\Orders\OrderTypeConfigLoader.cs(73,43): warning CS8625: 无法将 null 字面量转换为非 null 的引用类型。 [C:\001_AI\LudotsProd\src\Core\Ludots.Core.csproj]
C:\001_AI\LudotsProd\src\Core\Gameplay\GAS\Orders\OrderTypeConfigLoader.cs(83,37): warning CS8625: 无法将 null 字面量转换为非 null 的引用类型。 [C:\001_AI\LudotsProd\src\Core\Ludots.Core.csproj]
C:\001_AI\LudotsProd\src\Core\Gameplay\GAS\Orders\OrderTypeConfigLoader.cs(84,43): warning CS8625: 无法将 null 字面量转换为非 null 的引用类型。 [C:\001_AI\LudotsProd\src\Core\Ludots.Core.csproj]
C:\001_AI\LudotsProd\src\Core\Presentation\Config\PresenterDefinitionConfigLoader.cs(43,54): warning CS8625: 无法将 null 字面量转换为非 null 的引用类型。 [C:\001_AI\LudotsProd\src\Core\Ludots.Core.csproj]
C:\001_AI\LudotsProd\src\Core\Presentation\Config\PresenterDefinitionConfigLoader.cs(44,47): warning CS8625: 无法将 null 字面量转换为非 null 的引用类型。 [C:\001_AI\LudotsProd\src\Core\Ludots.Core.csproj]
C:\001_AI\LudotsProd\src\Core\Presentation\Config\PresenterDefinitionConfigLoader.cs(45,52): warning CS8625: 无法将 null 字面量转换为非 null 的引用类型。 [C:\001_AI\LudotsProd\src\Core\Ludots.Core.csproj]
C:\001_AI\LudotsProd\src\Core\Presentation\Config\PresenterDefinitionConfigLoader.cs(46,58): warning CS8625: 无法将 null 字面量转换为非 null 的引用类型。 [C:\001_AI\LudotsProd\src\Core\Ludots.Core.csproj]
C:\001_AI\LudotsProd\src\Core\Presentation\Config\PresenterDefinitionConfigLoader.cs(47,57): warning CS8625: 无法将 null 字面量转换为非 null 的引用类型。 [C:\001_AI\LudotsProd\src\Core\Ludots.Core.csproj]
C:\001_AI\LudotsProd\src\Core\Presentation\Config\PresenterDefinitionConfigLoader.cs(48,51): warning CS8625: 无法将 null 字面量转换为非 null 的引用类型。 [C:\001_AI\LudotsProd\src\Core\Ludots.Core.csproj]
C:\001_AI\LudotsProd\src\Core\Presentation\Config\PresenterDefinitionConfigLoader.cs(49,61): warning CS8625: 无法将 null 字面量转换为非 null 的引用类型。 [C:\001_AI\LudotsProd\src\Core\Ludots.Core.csproj]
C:\001_AI\LudotsProd\src\Core\Presentation\Config\PresenterDefinitionConfigLoader.cs(50,59): warning CS8625: 无法将 null 字面量转换为非 null 的引用类型。 [C:\001_AI\LudotsProd\src\Core\Ludots.Core.csproj]
C:\001_AI\LudotsProd\src\Core\Presentation\Config\PresenterDefinitionConfigLoader.cs(51,67): warning CS8625: 无法将 null 字面量转换为非 null 的引用类型。 [C:\001_AI\LudotsProd\src\Core\Ludots.Core.csproj]
C:\001_AI\LudotsProd\src\Core\Presentation\Config\PresenterDefinitionConfigLoader.cs(52,62): warning CS8625: 无法将 null 字面量转换为非 null 的引用类型。 [C:\001_AI\LudotsProd\src\Core\Ludots.Core.csproj]
C:\001_AI\LudotsProd\src\Core\Presentation\Config\PresenterDefinitionConfigLoader.cs(53,62): warning CS8625: 无法将 null 字面量转换为非 null 的引用类型。 [C:\001_AI\LudotsProd\src\Core\Ludots.Core.csproj]
C:\001_AI\LudotsProd\src\Core\Presentation\Config\PresenterDefinitionConfigLoader.cs(74,50): warning CS8625: 无法将 null 字面量转换为非 null 的引用类型。 [C:\001_AI\LudotsProd\src\Core\Ludots.Core.csproj]
C:\001_AI\LudotsProd\src\Core\Presentation\Config\PresenterDefinitionConfigLoader.cs(74,86): warning CS8625: 无法将 null 字面量转换为非 null 的引用类型。 [C:\001_AI\LudotsProd\src\Core\Ludots.Core.csproj]
C:\001_AI\LudotsProd\src\Core\Presentation\Systems\PresenterEmitSystem.cs(58,59): warning CS8625: 无法将 null 字面量转换为非 null 的引用类型。 [C:\001_AI\LudotsProd\src\Core\Ludots.Core.csproj]
C:\001_AI\LudotsProd\src\Core\Presentation\Systems\PresenterEmitSystem.cs(59,48): warning CS8625: 无法将 null 字面量转换为非 null 的引用类型。 [C:\001_AI\LudotsProd\src\Core\Ludots.Core.csproj]
C:\001_AI\LudotsProd\src\Core\Client\PresentBindingPresentation.cs(70,58): warning CS8604: “void CameraPresenter.Update(CameraManager cameraManager, float interpolationAlpha, RenderCameraDebugState cameraDebug = null)”中的形参“cameraDebug”可能传入 null 引用实参。 [C:\001_AI\LudotsProd\src\Core\Ludots.Core.csproj]
C:\001_AI\LudotsProd\src\Core\Collections\Fix64PriorityQueue.cs(48,26): warning CS8601: 可能的 null 引用赋值。 [C:\001_AI\LudotsProd\src\Core\Ludots.Core.csproj]
C:\001_AI\LudotsProd\src\Core\Commands\DelegateCommand.cs(12,16): warning CS8618: 在退出构造函数时，不可为 null 的 字段 "_syncAction" 必须包含非 null 值。请考虑添加 "required" 修饰符或将该 字段 声明为可为 null。 [C:\001_AI\LudotsProd\src\Core\Ludots.Core.csproj]
C:\001_AI\LudotsProd\src\Core\Commands\DelegateCommand.cs(17,16): warning CS8618: 在退出构造函数时，不可为 null 的 字段 "_asyncAction" 必须包含非 null 值。请考虑添加 "required" 修饰符或将该 字段 声明为可为 null。 [C:\001_AI\LudotsProd\src\Core\Ludots.Core.csproj]
C:\001_AI\LudotsProd\src\Core\Collections\PriorityQueue.cs(78,26): warning CS8601: 可能的 null 引用赋值。 [C:\001_AI\LudotsProd\src\Core\Ludots.Core.csproj]
C:\001_AI\LudotsProd\src\Core\GraphRuntime\TriggerGraphEntryFiltersEvaluator.cs(84,21): warning CS8601: 可能的 null 引用赋值。 [C:\001_AI\LudotsProd\src\Core\Ludots.Core.csproj]
C:\001_AI\LudotsProd\src\Core\Hosting\GameBootstrapper.cs(72,35): warning CS8600: 将 null 文本或可能的 null 值转换为不可为 null 类型。 [C:\001_AI\LudotsProd\src\Core\Ludots.Core.csproj]
C:\001_AI\LudotsProd\src\Core\Gameplay\AI\Config\GraphBehaviorDefinitionLoader.cs(39,84): warning CS8604: “List<MergedConfigEntry> ConfigMerger.MergeArrayByIdToEntries(IReadOnlyList<ConfigFragment> fragments, in ConfigCatalogEntry entry, ConfigConflictReport report = null)”中的形参“report”可能传入 null 引用实参。 [C:\001_AI\LudotsProd\src\Core\Ludots.Core.csproj]
C:\001_AI\LudotsProd\src\Core\Gameplay\AI\Config\GraphBehaviorDefinitionLoader.cs(55,84): warning CS8604: “List<MergedConfigEntry> ConfigMerger.MergeArrayByIdToEntries(IReadOnlyList<ConfigFragment> fragments, in ConfigCatalogEntry entry, ConfigConflictReport report = null)”中的形参“report”可能传入 null 引用实参。 [C:\001_AI\LudotsProd\src\Core\Ludots.Core.csproj]
C:\001_AI\LudotsProd\src\Core\Gameplay\Camera\PlatformManagedCameraDriverRegistry.cs(52,52): warning CS8601: 可能的 null 引用赋值。 [C:\001_AI\LudotsProd\src\Core\Ludots.Core.csproj]
C:\001_AI\LudotsProd\src\Core\Gameplay\Teams\TeamManager.cs(17,23): warning CS8618: 在退出构造函数时，不可为 null 的 属性 "Attitude" 必须包含非 null 值。请考虑添加 "required" 修饰符或将该 属性 声明为可为 null。 [C:\001_AI\LudotsProd\src\Core\Ludots.Core.csproj]
C:\001_AI\LudotsProd\src\Core\Input\Config\InputConfigModels.cs(67,23): warning CS8618: 在退出构造函数时，不可为 null 的 属性 "Name" 必须包含非 null 值。请考虑添加 "required" 修饰符或将该 属性 声明为可为 null。 [C:\001_AI\LudotsProd\src\Core\Ludots.Core.csproj]
C:\001_AI\LudotsProd\src\Core\Engine\TimeFlow\TimeFlowService.cs(80,30): warning CS8625: 无法将 null 字面量转换为非 null 的引用类型。 [C:\001_AI\LudotsProd\src\Core\Ludots.Core.csproj]
C:\001_AI\LudotsProd\src\Core\Input\Config\InputConfigModels.cs(49,23): warning CS8618: 在退出构造函数时，不可为 null 的 属性 "ActionId" 必须包含非 null 值。请考虑添加 "required" 修饰符或将该 属性 声明为可为 null。 [C:\001_AI\LudotsProd\src\Core\Ludots.Core.csproj]
C:\001_AI\LudotsProd\src\Core\Input\Config\InputConfigModels.cs(50,23): warning CS8618: 在退出构造函数时，不可为 null 的 属性 "Path" 必须包含非 null 值。请考虑添加 "required" 修饰符或将该 属性 声明为可为 null。 [C:\001_AI\LudotsProd\src\Core\Ludots.Core.csproj]
C:\001_AI\LudotsProd\src\Core\Input\Config\InputConfigModels.cs(53,23): warning CS8618: 在退出构造函数时，不可为 null 的 属性 "CompositeType" 必须包含非 null 值。请考虑添加 "required" 修饰符或将该 属性 声明为可为 null。 [C:\001_AI\LudotsProd\src\Core\Ludots.Core.csproj]
C:\001_AI\LudotsProd\src\Core\Input\Config\InputConfigModels.cs(54,38): warning CS8618: 在退出构造函数时，不可为 null 的 属性 "CompositeParts" 必须包含非 null 值。请考虑添加 "required" 修饰符或将该 属性 声明为可为 null。 [C:\001_AI\LudotsProd\src\Core\Ludots.Core.csproj]
C:\001_AI\LudotsProd\src\Core\Input\Config\InputConfigModels.cs(40,23): warning CS8618: 在退出构造函数时，不可为 null 的 属性 "Type" 必须包含非 null 值。请考虑添加 "required" 修饰符或将该 属性 声明为可为 null。 [C:\001_AI\LudotsProd\src\Core\Ludots.Core.csproj]
C:\001_AI\LudotsProd\src\Core\Input\Config\InputConfigModels.cs(31,23): warning CS8618: 在退出构造函数时，不可为 null 的 属性 "Name" 必须包含非 null 值。请考虑添加 "required" 修饰符或将该 属性 声明为可为 null。 [C:\001_AI\LudotsProd\src\Core\Ludots.Core.csproj]
C:\001_AI\LudotsProd\src\Core\Input\Config\InputConfigModels.cs(21,23): warning CS8618: 在退出构造函数时，不可为 null 的 属性 "Name" 必须包含非 null 值。请考虑添加 "required" 修饰符或将该 属性 声明为可为 null。 [C:\001_AI\LudotsProd\src\Core\Ludots.Core.csproj]
C:\001_AI\LudotsProd\src\Core\Engine\GameTask.cs(126,27): warning CS8618: 在退出构造函数时，不可为 null 的 字段 "Predicate" 必须包含非 null 值。请考虑添加 "required" 修饰符或将该 字段 声明为可为 null。 [C:\001_AI\LudotsProd\src\Core\Ludots.Core.csproj]
C:\001_AI\LudotsProd\src\Core\Engine\GameTask.cs(127,43): warning CS8618: 在退出构造函数时，不可为 null 的 字段 "Tcs" 必须包含非 null 值。请考虑添加 "required" 修饰符或将该 字段 声明为可为 null。 [C:\001_AI\LudotsProd\src\Core\Ludots.Core.csproj]
C:\001_AI\LudotsProd\src\Core\Engine\GameTask.cs(121,43): warning CS8618: 在退出构造函数时，不可为 null 的 字段 "Tcs" 必须包含非 null 值。请考虑添加 "required" 修饰符或将该 字段 声明为可为 null。 [C:\001_AI\LudotsProd\src\Core\Ludots.Core.csproj]
C:\001_AI\LudotsProd\src\Core\Engine\GameTask.cs(116,43): warning CS8618: 在退出构造函数时，不可为 null 的 字段 "Tcs" 必须包含非 null 值。请考虑添加 "required" 修饰符或将该 字段 声明为可为 null。 [C:\001_AI\LudotsProd\src\Core\Ludots.Core.csproj]
C:\001_AI\LudotsProd\src\Core\Engine\Physics2D\Physics2DKinematicConfig.cs(17,29): warning CS8618: 在退出构造函数时，不可为 null 的 属性 "ContactEventEmitterLayers" 必须包含非 null 值。请考虑添加 "required" 修饰符或将该 属性 声明为可为 null。 [C:\001_AI\LudotsProd\src\Core\Ludots.Core.csproj]
C:\001_AI\LudotsProd\src\Core\Engine\GameContext.cs(24,21): warning CS8603: 可能返回 null 引用。 [C:\001_AI\LudotsProd\src\Core\Ludots.Core.csproj]
C:\001_AI\LudotsProd\src\Core\Input\Systems\AxisMoveOrderSystem.cs(71,84): warning CS8600: 将 null 文本或可能的 null 值转换为不可为 null 类型。 [C:\001_AI\LudotsProd\src\Core\Ludots.Core.csproj]
C:\001_AI\LudotsProd\src\Core\Commands\ShowUiCommand.cs(11,23): warning CS8618: 在退出构造函数时，不可为 null 的 属性 "Html" 必须包含非 null 值。请考虑添加 "required" 修饰符或将该 属性 声明为可为 null。 [C:\001_AI\LudotsProd\src\Core\Ludots.Core.csproj]
C:\001_AI\LudotsProd\src\Core\Commands\ShowUiCommand.cs(12,23): warning CS8618: 在退出构造函数时，不可为 null 的 属性 "Css" 必须包含非 null 值。请考虑添加 "required" 修饰符或将该 属性 声明为可为 null。 [C:\001_AI\LudotsProd\src\Core\Ludots.Core.csproj]
C:\001_AI\LudotsProd\src\Core\Commands\LoadMapCommand.cs(24,26): warning CS0618: “ScriptContextExtensions.GetEngine(ScriptContext)”已过时:“Do not take the concrete GameEngine from ScriptContext. Use IModContext and existing ScriptContext ports (GetWorld, CoreServiceKeys). Do not add new call sites.” [C:\001_AI\LudotsProd\src\Core\Ludots.Core.csproj]
C:\001_AI\LudotsProd\src\Core\Commands\LoadMapCommand.cs(13,23): warning CS8618: 在退出构造函数时，不可为 null 的 属性 "MapId" 必须包含非 null 值。请考虑添加 "required" 修饰符或将该 属性 声明为可为 null。 [C:\001_AI\LudotsProd\src\Core\Ludots.Core.csproj]
C:\001_AI\LudotsProd\src\Core\Gameplay\Teams\ParticipantBindingResolver.cs(184,80): warning CS8600: 将 null 文本或可能的 null 值转换为不可为 null 类型。 [C:\001_AI\LudotsProd\src\Core\Ludots.Core.csproj]
C:\001_AI\LudotsProd\src\Core\Gameplay\Teams\ParticipantBindingResolver.cs(194,82): warning CS8600: 将 null 文本或可能的 null 值转换为不可为 null 类型。 [C:\001_AI\LudotsProd\src\Core\Ludots.Core.csproj]
C:\001_AI\LudotsProd\src\Core\Config\TemplateEntityBatchSpawner.cs(668,76): warning CS8600: 将 null 文本或可能的 null 值转换为不可为 null 类型。 [C:\001_AI\LudotsProd\src\Core\Ludots.Core.csproj]
C:\001_AI\LudotsProd\src\Core\Config\TemplateEntityBatchSpawner.cs(674,76): warning CS8600: 将 null 文本或可能的 null 值转换为不可为 null 类型。 [C:\001_AI\LudotsProd\src\Core\Ludots.Core.csproj]
C:\001_AI\LudotsProd\src\Core\Gameplay\Activities\ActivityConfigLoader.cs(44,72): warning CS8604: “IReadOnlyList<MergedConfigEntry> ConfigPipeline.MergeArrayByIdFromCatalog(in ConfigCatalogEntry entry, ConfigConflictReport report = null)”中的形参“report”可能传入 null 引用实参。 [C:\001_AI\LudotsProd\src\Core\Ludots.Core.csproj]
C:\001_AI\LudotsProd\src\Core\Engine\GameEngine.cs(201,16): warning CS8618: 在退出构造函数时，不可为 null 的 字段 "_mapDeathRuleSystem" 必须包含非 null 值。请考虑添加 "required" 修饰符或将该 字段 声明为可为 null。 [C:\001_AI\LudotsProd\src\Core\Ludots.Core.csproj]
C:\001_AI\LudotsProd\src\Core\Engine\GameEngine.cs(201,16): warning CS8618: 在退出构造函数时，不可为 null 的 字段 "_effectTemplateLoader" 必须包含非 null 值。请考虑添加 "required" 修饰符或将该 字段 声明为可为 null。 [C:\001_AI\LudotsProd\src\Core\Ludots.Core.csproj]
C:\001_AI\LudotsProd\src\Core\Engine\GameEngine.cs(201,16): warning CS8618: 在退出构造函数时，不可为 null 的 字段 "_cooperativeSimulation" 必须包含非 null 值。请考虑添加 "required" 修饰符或将该 字段 声明为可为 null。 [C:\001_AI\LudotsProd\src\Core\Ludots.Core.csproj]
C:\001_AI\LudotsProd\src\Core\Engine\GameEngine.cs(201,16): warning CS8618: 在退出构造函数时，不可为 null 的 属性 "VFS" 必须包含非 null 值。请考虑添加 "required" 修饰符或将该 属性 声明为可为 null。 [C:\001_AI\LudotsProd\src\Core\Ludots.Core.csproj]
C:\001_AI\LudotsProd\src\Core\Engine\GameEngine.cs(201,16): warning CS8618: 在退出构造函数时，不可为 null 的 属性 "FunctionRegistry" 必须包含非 null 值。请考虑添加 "required" 修饰符或将该 属性 声明为可为 null。 [C:\001_AI\LudotsProd\src\Core\Ludots.Core.csproj]
C:\001_AI\LudotsProd\src\Core\Engine\GameEngine.cs(201,16): warning CS8618: 在退出构造函数时，不可为 null 的 属性 "TriggerManager" 必须包含非 null 值。请考虑添加 "required" 修饰符或将该 属性 声明为可为 null。 [C:\001_AI\LudotsProd\src\Core\Ludots.Core.csproj]
C:\001_AI\LudotsProd\src\Core\Engine\GameEngine.cs(201,16): warning CS8618: 在退出构造函数时，不可为 null 的 属性 "ModLoader" 必须包含非 null 值。请考虑添加 "required" 修饰符或将该 属性 声明为可为 null。 [C:\001_AI\LudotsProd\src\Core\Ludots.Core.csproj]
C:\001_AI\LudotsProd\src\Core\Engine\GameEngine.cs(201,16): warning CS8618: 在退出构造函数时，不可为 null 的 属性 "MapManager" 必须包含非 null 值。请考虑添加 "required" 修饰符或将该 属性 声明为可为 null。 [C:\001_AI\LudotsProd\src\Core\Ludots.Core.csproj]
C:\001_AI\LudotsProd\src\Core\Engine\GameEngine.cs(201,16): warning CS8618: 在退出构造函数时，不可为 null 的 属性 "ConfigPipeline" 必须包含非 null 值。请考虑添加 "required" 修饰符或将该 属性 声明为可为 null。 [C:\001_AI\LudotsProd\src\Core\Ludots.Core.csproj]
C:\001_AI\LudotsProd\src\Core\Engine\GameEngine.cs(201,16): warning CS8618: 在退出构造函数时，不可为 null 的 属性 "MapLoader" 必须包含非 null 值。请考虑添加 "required" 修饰符或将该 属性 声明为可为 null。 [C:\001_AI\LudotsProd\src\Core\Ludots.Core.csproj]
C:\001_AI\LudotsProd\src\Core\Engine\GameEngine.cs(201,16): warning CS8618: 在退出构造函数时，不可为 null 的 属性 "EntityTriggerGraphMounts" 必须包含非 null 值。请考虑添加 "required" 修饰符或将该 属性 声明为可为 null。 [C:\001_AI\LudotsProd\src\Core\Ludots.Core.csproj]
C:\001_AI\LudotsProd\src\Core\Engine\GameEngine.cs(201,16): warning CS8618: 在退出构造函数时，不可为 null 的 属性 "SystemFactoryRegistry" 必须包含非 null 值。请考虑添加 "required" 修饰符或将该 属性 声明为可为 null。 [C:\001_AI\LudotsProd\src\Core\Ludots.Core.csproj]
C:\001_AI\LudotsProd\src\Core\Engine\GameEngine.cs(201,16): warning CS8618: 在退出构造函数时，不可为 null 的 属性 "TriggerDecoratorRegistry" 必须包含非 null 值。请考虑添加 "required" 修饰符或将该 属性 声明为可为 null。 [C:\001_AI\LudotsProd\src\Core\Ludots.Core.csproj]
C:\001_AI\LudotsProd\src\Core\Engine\GameEngine.cs(201,16): warning CS8618: 在退出构造函数时，不可为 null 的 属性 "ModExtensions" 必须包含非 null 值。请考虑添加 "required" 修饰符或将该 属性 声明为可为 null。 [C:\001_AI\LudotsProd\src\Core\Ludots.Core.csproj]
C:\001_AI\LudotsProd\src\Core\Engine\GameEngine.cs(201,16): warning CS8618: 在退出构造函数时，不可为 null 的 属性 "World" 必须包含非 null 值。请考虑添加 "required" 修饰符或将该 属性 声明为可为 null。 [C:\001_AI\LudotsProd\src\Core\Ludots.Core.csproj]
C:\001_AI\LudotsProd\src\Core\Engine\GameEngine.cs(201,16): warning CS8618: 在退出构造函数时，不可为 null 的 属性 "WorldMap" 必须包含非 null 值。请考虑添加 "required" 修饰符或将该 属性 声明为可为 null。 [C:\001_AI\LudotsProd\src\Core\Ludots.Core.csproj]
C:\001_AI\LudotsProd\src\Core\Engine\GameEngine.cs(201,16): warning CS8618: 在退出构造函数时，不可为 null 的 属性 "VertexMap" 必须包含非 null 值。请考虑添加 "required" 修饰符或将该 属性 声明为可为 null。 [C:\001_AI\LudotsProd\src\Core\Ludots.Core.csproj]
C:\001_AI\LudotsProd\src\Core\Engine\GameEngine.cs(201,16): warning CS8618: 在退出构造函数时，不可为 null 的 属性 "LogicTerrain" 必须包含非 null 值。请考虑添加 "required" 修饰符或将该 属性 声明为可为 null。 [C:\001_AI\LudotsProd\src\Core\Ludots.Core.csproj]
C:\001_AI\LudotsProd\src\Core\Engine\GameEngine.cs(201,16): warning CS8618: 在退出构造函数时，不可为 null 的 属性 "PhysicsWorld" 必须包含非 null 值。请考虑添加 "required" 修饰符或将该 属性 声明为可为 null。 [C:\001_AI\LudotsProd\src\Core\Ludots.Core.csproj]
C:\001_AI\LudotsProd\src\Core\Engine\GameEngine.cs(201,16): warning CS8618: 在退出构造函数时，不可为 null 的 属性 "GameSession" 必须包含非 null 值。请考虑添加 "required" 修饰符或将该 属性 声明为可为 null。 [C:\001_AI\LudotsProd\src\Core\Ludots.Core.csproj]
C:\001_AI\LudotsProd\src\Core\Engine\GameEngine.cs(201,16): warning CS8618: 在退出构造函数时，不可为 null 的 属性 "SpatialCoords" 必须包含非 null 值。请考虑添加 "required" 修饰符或将该 属性 声明为可为 null。 [C:\001_AI\LudotsProd\src\Core\Ludots.Core.csproj]
C:\001_AI\LudotsProd\src\Core\Engine\GameEngine.cs(201,16): warning CS8618: 在退出构造函数时，不可为 null 的 属性 "SpatialQueries" 必须包含非 null 值。请考虑添加 "required" 修饰符或将该 属性 声明为可为 null。 [C:\001_AI\LudotsProd\src\Core\Ludots.Core.csproj]
C:\001_AI\LudotsProd\src\Core\Engine\GameEngine.cs(201,16): warning CS8618: 在退出构造函数时，不可为 null 的 属性 "MapSessions" 必须包含非 null 值。请考虑添加 "required" 修饰符或将该 属性 声明为可为 null。 [C:\001_AI\LudotsProd\src\Core\Ludots.Core.csproj]
C:\001_AI\LudotsProd\src\Core\Engine\GameEngine.cs(201,16): warning CS8618: 在退出构造函数时，不可为 null 的 属性 "BoardIdRegistry" 必须包含非 null 值。请考虑添加 "required" 修饰符或将该 属性 声明为可为 null。 [C:\001_AI\LudotsProd\src\Core\Ludots.Core.csproj]
C:\001_AI\LudotsProd\src\Core\Engine\GameEngine.cs(201,16): warning CS8618: 在退出构造函数时，不可为 null 的 字段 "_spatialPartition" 必须包含非 null 值。请考虑添加 "required" 修饰符或将该 字段 声明为可为 null。 [C:\001_AI\LudotsProd\src\Core\Ludots.Core.csproj]
C:\001_AI\LudotsProd\src\Core\Engine\GameEngine.cs(201,16): warning CS8618: 在退出构造函数时，不可为 null 的 属性 "HexGridAOI" 必须包含非 null 值。请考虑添加 "required" 修饰符或将该 属性 声明为可为 null。 [C:\001_AI\LudotsProd\src\Core\Ludots.Core.csproj]
C:\001_AI\LudotsProd\src\Core\Engine\GameEngine.cs(201,16): warning CS8618: 在退出构造函数时，不可为 null 的 属性 "EventBus" 必须包含非 null 值。请考虑添加 "required" 修饰符或将该 属性 声明为可为 null。 [C:\001_AI\LudotsProd\src\Core\Ludots.Core.csproj]
C:\001_AI\LudotsProd\src\Core\Engine\GameEngine.cs(201,16): warning CS8618: 在退出构造函数时，不可为 null 的 属性 "SyncContext" 必须包含非 null 值。请考虑添加 "required" 修饰符或将该 属性 声明为可为 null。 [C:\001_AI\LudotsProd\src\Core\Ludots.Core.csproj]
C:\001_AI\LudotsProd\src\Core\Engine\GameEngine.cs(201,16): warning CS8618: 在退出构造函数时，不可为 null 的 字段 "_inputRuntimeSystem" 必须包含非 null 值。请考虑添加 "required" 修饰符或将该 字段 声明为可为 null。 [C:\001_AI\LudotsProd\src\Core\Ludots.Core.csproj]
C:\001_AI\LudotsProd\src\Core\Engine\GameEngine.cs(201,16): warning CS8618: 在退出构造函数时，不可为 null 的 字段 "_primitiveDrawBuffer" 必须包含非 null 值。请考虑添加 "required" 修饰符或将该 字段 声明为可为 null。 [C:\001_AI\LudotsProd\src\Core\Ludots.Core.csproj]
C:\001_AI\LudotsProd\src\Core\Engine\GameEngine.cs(201,16): warning CS8618: 在退出构造函数时，不可为 null 的 字段 "_visualSnapshotBuffer" 必须包含非 null 值。请考虑添加 "required" 修饰符或将该 字段 声明为可为 null。 [C:\001_AI\LudotsProd\src\Core\Ludots.Core.csproj]
C:\001_AI\LudotsProd\src\Core\Engine\GameEngine.cs(201,16): warning CS8618: 在退出构造函数时，不可为 null 的 字段 "_visualProxyBuffer" 必须包含非 null 值。请考虑添加 "required" 修饰符或将该 字段 声明为可为 null。 [C:\001_AI\LudotsProd\src\Core\Ludots.Core.csproj]
C:\001_AI\LudotsProd\src\Core\Engine\GameEngine.cs(201,16): warning CS8618: 在退出构造函数时，不可为 null 的 字段 "_skinnedVisualBatchBuffer" 必须包含非 null 值。请考虑添加 "required" 修饰符或将该 字段 声明为可为 null。 [C:\001_AI\LudotsProd\src\Core\Ludots.Core.csproj]
C:\001_AI\LudotsProd\src\Core\Engine\GameEngine.cs(201,16): warning CS8618: 在退出构造函数时，不可为 null 的 字段 "_presentationRequestBuffer" 必须包含非 null 值。请考虑添加 "required" 修饰符或将该 字段 声明为可为 null。 [C:\001_AI\LudotsProd\src\Core\Ludots.Core.csproj]
C:\001_AI\LudotsProd\src\Core\Engine\GameEngine.cs(201,16): warning CS8618: 在退出构造函数时，不可为 null 的 字段 "_globalFieldVisualBuffer" 必须包含非 null 值。请考虑添加 "required" 修饰符或将该 字段 声明为可为 null。 [C:\001_AI\LudotsProd\src\Core\Ludots.Core.csproj]
C:\001_AI\LudotsProd\src\Core\Engine\GameEngine.cs(201,16): warning CS8618: 在退出构造函数时，不可为 null 的 字段 "_soundRequestBuffer" 必须包含非 null 值。请考虑添加 "required" 修饰符或将该 字段 声明为可为 null。 [C:\001_AI\LudotsProd\src\Core\Ludots.Core.csproj]
C:\001_AI\LudotsProd\src\Core\Engine\GameEngine.cs(201,16): warning CS8618: 在退出构造函数时，不可为 null 的 字段 "_instancedBatchRequestBuffer" 必须包含非 null 值。请考虑添加 "required" 修饰符或将该 字段 声明为可为 null。 [C:\001_AI\LudotsProd\src\Core\Ludots.Core.csproj]
C:\001_AI\LudotsProd\src\Core\Engine\GameEngine.cs(201,16): warning CS8618: 在退出构造函数时，不可为 null 的 字段 "_instancedBatchOperationBuffer" 必须包含非 null 值。请考虑添加 "required" 修饰符或将该 字段 声明为可为 null。 [C:\001_AI\LudotsProd\src\Core\Ludots.Core.csproj]
C:\001_AI\LudotsProd\src\Core\Engine\GameEngine.cs(201,16): warning CS8618: 在退出构造函数时，不可为 null 的 字段 "_gasPresentationEvents" 必须包含非 null 值。请考虑添加 "required" 修饰符或将该 字段 声明为可为 null。 [C:\001_AI\LudotsProd\src\Core\Ludots.Core.csproj]
C:\001_AI\LudotsProd\src\Core\Engine\GameEngine.cs(201,16): warning CS8618: 在退出构造函数时，不可为 null 的 字段 "_gasGraphRuntimeApi" 必须包含非 null 值。请考虑添加 "required" 修饰符或将该 字段 声明为可为 null。 [C:\001_AI\LudotsProd\src\Core\Ludots.Core.csproj]
C:\001_AI\LudotsProd\src\Core\Engine\GameEngine.cs(201,16): warning CS8618: 在退出构造函数时，不可为 null 的 字段 "_groundOverlayBuffer" 必须包含非 null 值。请考虑添加 "required" 修饰符或将该 字段 声明为可为 null。 [C:\001_AI\LudotsProd\src\Core\Ludots.Core.csproj]
C:\001_AI\LudotsProd\src\Core\Engine\GameEngine.cs(201,16): warning CS8618: 在退出构造函数时，不可为 null 的 字段 "_splineRibbonBuffer" 必须包含非 null 值。请考虑添加 "required" 修饰符或将该 字段 声明为可为 null。 [C:\001_AI\LudotsProd\src\Core\Ludots.Core.csproj]
C:\001_AI\LudotsProd\src\Core\Engine\GameEngine.cs(201,16): warning CS8618: 在退出构造函数时，不可为 null 的 字段 "_worldHudBuffer" 必须包含非 null 值。请考虑添加 "required" 修饰符或将该 字段 声明为可为 null。 [C:\001_AI\LudotsProd\src\Core\Ludots.Core.csproj]
C:\001_AI\LudotsProd\src\Core\Engine\GameEngine.cs(201,16): warning CS8618: 在退出构造函数时，不可为 null 的 字段 "_physics2DController" 必须包含非 null 值。请考虑添加 "required" 修饰符或将该 字段 声明为可为 null。 [C:\001_AI\LudotsProd\src\Core\Ludots.Core.csproj]
C:\001_AI\LudotsProd\src\Core\Engine\GameEngine.cs(201,16): warning CS8618: 在退出构造函数时，不可为 null 的 字段 "_gasController" 必须包含非 null 值。请考虑添加 "required" 修饰符或将该 字段 声明为可为 null。 [C:\001_AI\LudotsProd\src\Core\Ludots.Core.csproj]
C:\001_AI\LudotsProd\src\Core\Engine\GameEngine.cs(201,16): warning CS8618: 在退出构造函数时，不可为 null 的 字段 "_timeFlow" 必须包含非 null 值。请考虑添加 "required" 修饰符或将该 字段 声明为可为 null。 [C:\001_AI\LudotsProd\src\Core\Ludots.Core.csproj]
C:\001_AI\LudotsProd\src\Core\Engine\GameEngine.cs(201,16): warning CS8618: 在退出构造函数时，不可为 null 的 字段 "_worldToGridSyncSystem" 必须包含非 null 值。请考虑添加 "required" 修饰符或将该 字段 声明为可为 null。 [C:\001_AI\LudotsProd\src\Core\Ludots.Core.csproj]
C:\001_AI\LudotsProd\src\Core\Engine\GameEngine.cs(201,16): warning CS8618: 在退出构造函数时，不可为 null 的 字段 "_spatialPartitionUpdateSystem" 必须包含非 null 值。请考虑添加 "required" 修饰符或将该 字段 声明为可为 null。 [C:\001_AI\LudotsProd\src\Core\Ludots.Core.csproj]
C:\001_AI\LudotsProd\src\Core\Engine\GameEngine.cs(201,16): warning CS8618: 在退出构造函数时，不可为 null 的 字段 "_jobScheduler" 必须包含非 null 值。请考虑添加 "required" 修饰符或将该 字段 声明为可为 null。 [C:\001_AI\LudotsProd\src\Core\Ludots.Core.csproj]
C:\001_AI\LudotsProd\src\Core\Engine\GameEngine.cs(201,16): warning CS8618: 在退出构造函数时，不可为 null 的 属性 "MergedConfig" 必须包含非 null 值。请考虑添加 "required" 修饰符或将该 属性 声明为可为 null。 [C:\001_AI\LudotsProd\src\Core\Ludots.Core.csproj]
C:\001_AI\LudotsProd\src\Core\Engine\GameEngine.cs(201,16): warning CS8618: 在退出构造函数时，不可为 null 的 属性 "ConflictReport" 必须包含非 null 值。请考虑添加 "required" 修饰符或将该 属性 声明为可为 null。 [C:\001_AI\LudotsProd\src\Core\Ludots.Core.csproj]
C:\001_AI\LudotsProd\src\Core\Engine\GameEngine.cs(201,16): warning CS8618: 在退出构造函数时，不可为 null 的 属性 "ConfigConflictReport" 必须包含非 null 值。请考虑添加 "required" 修饰符或将该 属性 声明为可为 null。 [C:\001_AI\LudotsProd\src\Core\Ludots.Core.csproj]
C:\001_AI\LudotsProd\src\Core\Engine\GameEngine.cs(201,16): warning CS8618: 在退出构造函数时，不可为 null 的 属性 "ConfigCatalog" 必须包含非 null 值。请考虑添加 "required" 修饰符或将该 属性 声明为可为 null。 [C:\001_AI\LudotsProd\src\Core\Ludots.Core.csproj]
C:\001_AI\LudotsProd\src\Core\Engine\GameEngine.cs(201,16): warning CS8618: 在退出构造函数时，不可为 null 的 属性 "CurrentMapSession" 必须包含非 null 值。请考虑添加 "required" 修饰符或将该 属性 声明为可为 null。 [C:\001_AI\LudotsProd\src\Core\Ludots.Core.csproj]
C:\001_AI\LudotsProd\src\Core\Input\CommandSources\CommandSourceAcquisitionSystem.cs(42,16): warning CS8618: 在退出构造函数时，不可为 null 的 字段 "_hoverTitleSource" 必须包含非 null 值。请考虑添加 "required" 修饰符或将该 字段 声明为可为 null。 [C:\001_AI\LudotsProd\src\Core\Ludots.Core.csproj]
C:\001_AI\LudotsProd\src\Core\Input\CommandSources\CommandSourceAcquisitionSystem.cs(42,16): warning CS8618: 在退出构造函数时，不可为 null 的 字段 "_hoverTitleComposed" 必须包含非 null 值。请考虑添加 "required" 修饰符或将该 字段 声明为可为 null。 [C:\001_AI\LudotsProd\src\Core\Ludots.Core.csproj]
C:\001_AI\LudotsProd\src\Core\Config\TemplateEntityBatchSpawner.cs(1028,64): warning CS8600: 将 null 文本或可能的 null 值转换为不可为 null 类型。 [C:\001_AI\LudotsProd\src\Core\Ludots.Core.csproj]
C:\001_AI\LudotsProd\src\Core\Config\TemplateEntityBatchSpawner.cs(1064,56): warning CS8600: 将 null 文本或可能的 null 值转换为不可为 null 类型。 [C:\001_AI\LudotsProd\src\Core\Ludots.Core.csproj]
C:\001_AI\LudotsProd\src\Core\Input\Interaction\InteractionContextProfile.cs(28,23): warning CS8618: 在退出构造函数时，不可为 null 的 属性 "FilterProfileId" 必须包含非 null 值。请考虑添加 "required" 修饰符或将该 属性 声明为可为 null。 [C:\001_AI\LudotsProd\src\Core\Ludots.Core.csproj]
C:\001_AI\LudotsProd\src\Core\Input\Interaction\InteractionContextProfile.cs(31,23): warning CS8618: 在退出构造函数时，不可为 null 的 属性 "InputContextId" 必须包含非 null 值。请考虑添加 "required" 修饰符或将该 属性 声明为可为 null。 [C:\001_AI\LudotsProd\src\Core\Ludots.Core.csproj]
C:\001_AI\LudotsProd\src\Core\Input\Interaction\InteractionContextProfile.cs(34,23): warning CS8618: 在退出构造函数时，不可为 null 的 属性 "CommandIntentId" 必须包含非 null 值。请考虑添加 "required" 修饰符或将该 属性 声明为可为 null。 [C:\001_AI\LudotsProd\src\Core\Ludots.Core.csproj]
C:\001_AI\LudotsProd\src\Core\Input\Interaction\InteractionContextProfile.cs(8,58): warning CS8618: 在退出构造函数时，不可为 null 的 属性 "Profiles" 必须包含非 null 值。请考虑添加 "required" 修饰符或将该 属性 声明为可为 null。 [C:\001_AI\LudotsProd\src\Core\Ludots.Core.csproj]
C:\001_AI\LudotsProd\src\Core\Input\Interaction\CastCommitProfile.cs(143,50): warning CS8618: 在退出构造函数时，不可为 null 的 属性 "Profiles" 必须包含非 null 值。请考虑添加 "required" 修饰符或将该 属性 声明为可为 null。 [C:\001_AI\LudotsProd\src\Core\Ludots.Core.csproj]
C:\001_AI\LudotsProd\src\Core\Gameplay\Teams\ParticipantBindingResolver.cs(400,80): warning CS8600: 将 null 文本或可能的 null 值转换为不可为 null 类型。 [C:\001_AI\LudotsProd\src\Core\Ludots.Core.csproj]
C:\001_AI\LudotsProd\src\Core\Gameplay\Teams\ParticipantBindingResolver.cs(412,82): warning CS8600: 将 null 文本或可能的 null 值转换为不可为 null 类型。 [C:\001_AI\LudotsProd\src\Core\Ludots.Core.csproj]
C:\001_AI\LudotsProd\src\Core\Config\TemplateEntityBatchSpawner.cs(1074,57): warning CS8600: 将 null 文本或可能的 null 值转换为不可为 null 类型。 [C:\001_AI\LudotsProd\src\Core\Ludots.Core.csproj]
C:\001_AI\LudotsProd\src\Core\Config\ComponentRegistry.cs(65,53): warning CS8625: 无法将 null 字面量转换为非 null 的引用类型。 [C:\001_AI\LudotsProd\src\Core\Ludots.Core.csproj]
C:\001_AI\LudotsProd\src\Core\Config\ComponentRegistry.cs(67,63): warning CS8625: 无法将 null 字面量转换为非 null 的引用类型。 [C:\001_AI\LudotsProd\src\Core\Ludots.Core.csproj]
C:\001_AI\LudotsProd\src\Core\Config\ComponentRegistry.cs(68,87): warning CS8625: 无法将 null 字面量转换为非 null 的引用类型。 [C:\001_AI\LudotsProd\src\Core\Ludots.Core.csproj]
C:\001_AI\LudotsProd\src\Core\Config\ComponentRegistry.cs(69,67): warning CS8625: 无法将 null 字面量转换为非 null 的引用类型。 [C:\001_AI\LudotsProd\src\Core\Ludots.Core.csproj]
C:\001_AI\LudotsProd\src\Core\Config\ComponentRegistry.cs(82,53): warning CS8625: 无法将 null 字面量转换为非 null 的引用类型。 [C:\001_AI\LudotsProd\src\Core\Ludots.Core.csproj]
C:\001_AI\LudotsProd\src\Core\Config\ComponentRegistry.cs(85,87): warning CS8625: 无法将 null 字面量转换为非 null 的引用类型。 [C:\001_AI\LudotsProd\src\Core\Ludots.Core.csproj]
C:\001_AI\LudotsProd\src\Core\Config\ComponentRegistry.cs(87,61): warning CS8625: 无法将 null 字面量转换为非 null 的引用类型。 [C:\001_AI\LudotsProd\src\Core\Ludots.Core.csproj]
C:\001_AI\LudotsProd\src\Core\Config\ComponentRegistry.cs(88,57): warning CS8625: 无法将 null 字面量转换为非 null 的引用类型。 [C:\001_AI\LudotsProd\src\Core\Ludots.Core.csproj]
C:\001_AI\LudotsProd\src\Core\Config\ComponentRegistry.cs(115,69): warning CS8625: 无法将 null 字面量转换为非 null 的引用类型。 [C:\001_AI\LudotsProd\src\Core\Ludots.Core.csproj]
C:\001_AI\LudotsProd\src\Core\Config\ComponentRegistry.cs(116,73): warning CS8625: 无法将 null 字面量转换为非 null 的引用类型。 [C:\001_AI\LudotsProd\src\Core\Ludots.Core.csproj]
C:\001_AI\LudotsProd\src\Core\Config\ComponentRegistry.cs(118,73): warning CS8625: 无法将 null 字面量转换为非 null 的引用类型。 [C:\001_AI\LudotsProd\src\Core\Ludots.Core.csproj]
C:\001_AI\LudotsProd\src\Core\Config\ComponentRegistry.cs(48,16): warning CS8618: 在退出构造函数时，不可为 null 的 字段 "_conflictReport" 必须包含非 null 值。请考虑添加 "required" 修饰符或将该 字段 声明为可为 null。 [C:\001_AI\LudotsProd\src\Core\Ludots.Core.csproj]
C:\001_AI\LudotsProd\src\Core\Input\Interaction\CastCommitProfile.cs(154,45): warning CS8618: 在退出构造函数时，不可为 null 的 属性 "OnActivate" 必须包含非 null 值。请考虑添加 "required" 修饰符或将该 属性 声明为可为 null。 [C:\001_AI\LudotsProd\src\Core\Ludots.Core.csproj]
C:\001_AI\LudotsProd\src\Core\Input\Interaction\CastCommitProfile.cs(157,65): warning CS8618: 在退出构造函数时，不可为 null 的 属性 "FrameActions" 必须包含非 null 值。请考虑添加 "required" 修饰符或将该 属性 声明为可为 null。 [C:\001_AI\LudotsProd\src\Core\Ludots.Core.csproj]
C:\001_AI\LudotsProd\src\Core\Input\Interaction\CastCommitProfile.cs(166,43): warning CS8618: 在退出构造函数时，不可为 null 的 属性 "Payload" 必须包含非 null 值。请考虑添加 "required" 修饰符或将该 属性 声明为可为 null。 [C:\001_AI\LudotsProd\src\Core\Ludots.Core.csproj]
C:\001_AI\LudotsProd\src\Core\Input\Interaction\CastCommitProfile.cs(169,23): warning CS8618: 在退出构造函数时，不可为 null 的 属性 "ContextProfileId" 必须包含非 null 值。请考虑添加 "required" 修饰符或将该 属性 声明为可为 null。 [C:\001_AI\LudotsProd\src\Core\Ludots.Core.csproj]
C:\001_AI\LudotsProd\src\Core\Map\WorldMap.cs(27,16): warning CS8618: 在退出构造函数时，不可为 null 的 字段 "_tiles" 必须包含非 null 值。请考虑添加 "required" 修饰符或将该 字段 声明为可为 null。 [C:\001_AI\LudotsProd\src\Core\Ludots.Core.csproj]
C:\001_AI\LudotsProd\src\Core\Map\WorldMap.cs(44,24): warning CS8603: 可能返回 null 引用。 [C:\001_AI\LudotsProd\src\Core\Ludots.Core.csproj]
C:\001_AI\LudotsProd\src\Core\Gameplay\Exchange\ExchangeConfigLoader.cs(50,53): warning CS8604: “ConfigCatalogEntry ConfigPipeline.RequireEntry(ConfigCatalog catalog, string path, ConfigMergePolicy defaultPolicy, string defaultIdField = "id")”中的形参“catalog”可能传入 null 引用实参。 [C:\001_AI\LudotsProd\src\Core\Ludots.Core.csproj]
C:\001_AI\LudotsProd\src\Core\Gameplay\Exchange\ExchangeConfigLoader.cs(51,72): warning CS8604: “IReadOnlyList<MergedConfigEntry> ConfigPipeline.MergeArrayByIdFromCatalog(in ConfigCatalogEntry entry, ConfigConflictReport report = null)”中的形参“report”可能传入 null 引用实参。 [C:\001_AI\LudotsProd\src\Core\Ludots.Core.csproj]
C:\001_AI\LudotsProd\src\Core\Gameplay\Exchange\ExchangeConfigLoader.cs(92,53): warning CS8604: “ConfigCatalogEntry ConfigPipeline.RequireEntry(ConfigCatalog catalog, string path, ConfigMergePolicy defaultPolicy, string defaultIdField = "id")”中的形参“catalog”可能传入 null 引用实参。 [C:\001_AI\LudotsProd\src\Core\Ludots.Core.csproj]
C:\001_AI\LudotsProd\src\Core\Gameplay\Exchange\ExchangeConfigLoader.cs(93,72): warning CS8604: “IReadOnlyList<MergedConfigEntry> ConfigPipeline.MergeArrayByIdFromCatalog(in ConfigCatalogEntry entry, ConfigConflictReport report = null)”中的形参“report”可能传入 null 引用实参。 [C:\001_AI\LudotsProd\src\Core\Ludots.Core.csproj]
C:\001_AI\LudotsProd\src\Core\Gameplay\Lifecycle\EntityLifecycleAtomicOps.cs(40,88): warning CS8604: “void EntityTriggerGraphMounts.MountRuntimeSpawned(Entity entity, string templateId, IReadOnlyList<string> graphNames)”中的形参“graphNames”可能传入 null 引用实参。 [C:\001_AI\LudotsProd\src\Core\Ludots.Core.csproj]
C:\001_AI\LudotsProd\src\Core\Gameplay\GAS\AbilityDefinitionRegistry.cs(175,64): warning CS8618: 在退出构造函数时，不可为 null 的 字段 "_conflictReport" 必须包含非 null 值。请考虑添加 "required" 修饰符或将该 字段 声明为可为 null。 [C:\001_AI\LudotsProd\src\Core\Ludots.Core.csproj]
C:\001_AI\LudotsProd\src\Core\Map\MapSessionManager.cs(32,52): warning CS8603: 可能返回 null 引用。 [C:\001_AI\LudotsProd\src\Core\Ludots.Core.csproj]
C:\001_AI\LudotsProd\src\Core\Map\MapSessionManager.cs(34,24): warning CS8603: 可能返回 null 引用。 [C:\001_AI\LudotsProd\src\Core\Ludots.Core.csproj]
C:\001_AI\LudotsProd\src\Core\Map\Board\HexGridBoard.cs(31,16): warning CS8618: 在退出构造函数时，不可为 null 的 属性 "VertexMap" 必须包含非 null 值。请考虑添加 "required" 修饰符或将该 属性 声明为可为 null。 [C:\001_AI\LudotsProd\src\Core\Ludots.Core.csproj]
C:\001_AI\LudotsProd\src\Core\Map\Board\HexGridBoard.cs(31,16): warning CS8618: 在退出构造函数时，不可为 null 的 属性 "LogicTerrain" 必须包含非 null 值。请考虑添加 "required" 修饰符或将该 属性 声明为可为 null。 [C:\001_AI\LudotsProd\src\Core\Ludots.Core.csproj]
C:\001_AI\LudotsProd\src\Core\Map\Board\HexGridBoard.cs(31,16): warning CS8618: 在退出构造函数时，不可为 null 的 属性 "NavServices" 必须包含非 null 值。请考虑添加 "required" 修饰符或将该 属性 声明为可为 null。 [C:\001_AI\LudotsProd\src\Core\Ludots.Core.csproj]
C:\001_AI\LudotsProd\src\Core\Map\Board\GridBoard.cs(31,16): warning CS8618: 在退出构造函数时，不可为 null 的 属性 "VertexMap" 必须包含非 null 值。请考虑添加 "required" 修饰符或将该 属性 声明为可为 null。 [C:\001_AI\LudotsProd\src\Core\Ludots.Core.csproj]
C:\001_AI\LudotsProd\src\Core\Map\Board\GridBoard.cs(31,16): warning CS8618: 在退出构造函数时，不可为 null 的 属性 "LogicTerrain" 必须包含非 null 值。请考虑添加 "required" 修饰符或将该 属性 声明为可为 null。 [C:\001_AI\LudotsProd\src\Core\Ludots.Core.csproj]
C:\001_AI\LudotsProd\src\Core\Map\Board\GridBoard.cs(31,16): warning CS8618: 在退出构造函数时，不可为 null 的 属性 "NavServices" 必须包含非 null 值。请考虑添加 "required" 修饰符或将该 属性 声明为可为 null。 [C:\001_AI\LudotsProd\src\Core\Ludots.Core.csproj]
C:\001_AI\LudotsProd\src\Core\Config\TemplateEntityBatchSpawner.cs(1205,68): warning CS8600: 将 null 文本或可能的 null 值转换为不可为 null 类型。 [C:\001_AI\LudotsProd\src\Core\Ludots.Core.csproj]
C:\001_AI\LudotsProd\src\Core\Config\TemplateEntityBatchSpawner.cs(1216,38): warning CS8600: 将 null 文本或可能的 null 值转换为不可为 null 类型。 [C:\001_AI\LudotsProd\src\Core\Ludots.Core.csproj]
C:\001_AI\LudotsProd\src\Core\Config\TemplateEntityBatchSpawner.cs(1217,57): warning CS8600: 将 null 文本或可能的 null 值转换为不可为 null 类型。 [C:\001_AI\LudotsProd\src\Core\Ludots.Core.csproj]
C:\001_AI\LudotsProd\src\Core\Config\TemplateEntityBatchSpawner.cs(1227,41): warning CS8600: 将 null 文本或可能的 null 值转换为不可为 null 类型。 [C:\001_AI\LudotsProd\src\Core\Ludots.Core.csproj]
C:\001_AI\LudotsProd\src\Core\Config\TemplateEntityBatchSpawner.cs(1228,60): warning CS8600: 将 null 文本或可能的 null 值转换为不可为 null 类型。 [C:\001_AI\LudotsProd\src\Core\Ludots.Core.csproj]
C:\001_AI\LudotsProd\src\Core\Map\Board\BoardIdRegistry.cs(39,24): warning CS8603: 可能返回 null 引用。 [C:\001_AI\LudotsProd\src\Core\Ludots.Core.csproj]
C:\001_AI\LudotsProd\src\Core\Config\ConfigConflictReport.cs(38,68): warning CS8601: 可能的 null 引用赋值。 [C:\001_AI\LudotsProd\src\Core\Ludots.Core.csproj]
C:\001_AI\LudotsProd\src\Core\Map\Board\BoardConfig.cs(36,23): warning CS8618: 在退出构造函数时，不可为 null 的 属性 "DataFile" 必须包含非 null 值。请考虑添加 "required" 修饰符或将该 属性 声明为可为 null。 [C:\001_AI\LudotsProd\src\Core\Ludots.Core.csproj]
C:\001_AI\LudotsProd\src\Core\Map\Board\BoardConfig.cs(38,23): warning CS8618: 在退出构造函数时，不可为 null 的 属性 "VisualHeightmapAsset" 必须包含非 null 值。请考虑添加 "required" 修饰符或将该 属性 声明为可为 null。 [C:\001_AI\LudotsProd\src\Core\Ludots.Core.csproj]
C:\001_AI\LudotsProd\src\Core\Input\Interaction\CastCommitProfileConfigLoader.cs(89,61): warning CS8619: 类型“KeyValuePair<string, JsonNode?>”的值中引用类型的为 Null 性与目标类型“KeyValuePair<string, JsonNode>”不匹配。 [C:\001_AI\LudotsProd\src\Core\Ludots.Core.csproj]
C:\001_AI\LudotsProd\src\Core\Gameplay\Narrative\NarrativeConfigLoader.cs(34,53): warning CS8604: “ConfigCatalogEntry ConfigPipeline.RequireEntry(ConfigCatalog catalog, string path, ConfigMergePolicy defaultPolicy, string defaultIdField = "id")”中的形参“catalog”可能传入 null 引用实参。 [C:\001_AI\LudotsProd\src\Core\Ludots.Core.csproj]
C:\001_AI\LudotsProd\src\Core\Gameplay\Narrative\NarrativeConfigLoader.cs(35,72): warning CS8604: “IReadOnlyList<MergedConfigEntry> ConfigPipeline.MergeArrayByIdFromCatalog(in ConfigCatalogEntry entry, ConfigConflictReport report = null)”中的形参“report”可能传入 null 引用实参。 [C:\001_AI\LudotsProd\src\Core\Ludots.Core.csproj]
C:\001_AI\LudotsProd\src\Core\Config\MapConfig.cs(132,23): warning CS8618: 在退出构造函数时，不可为 null 的 属性 "RepresentativeInstanceId" 必须包含非 null 值。请考虑添加 "required" 修饰符或将该 属性 声明为可为 null。 [C:\001_AI\LudotsProd\src\Core\Ludots.Core.csproj]
C:\001_AI\LudotsProd\src\Core\Gameplay\Narrative\NarrativeConfigLoader.cs(48,53): warning CS8604: “ConfigCatalogEntry ConfigPipeline.RequireEntry(ConfigCatalog catalog, string path, ConfigMergePolicy defaultPolicy, string defaultIdField = "id")”中的形参“catalog”可能传入 null 引用实参。 [C:\001_AI\LudotsProd\src\Core\Ludots.Core.csproj]
C:\001_AI\LudotsProd\src\Core\Gameplay\Narrative\NarrativeConfigLoader.cs(49,72): warning CS8604: “IReadOnlyList<MergedConfigEntry> ConfigPipeline.MergeArrayByIdFromCatalog(in ConfigCatalogEntry entry, ConfigConflictReport report = null)”中的形参“report”可能传入 null 引用实参。 [C:\001_AI\LudotsProd\src\Core\Ludots.Core.csproj]
C:\001_AI\LudotsProd\src\Core\Config\MapConfig.cs(125,23): warning CS8618: 在退出构造函数时，不可为 null 的 属性 "RepresentativeInstanceId" 必须包含非 null 值。请考虑添加 "required" 修饰符或将该 属性 声明为可为 null。 [C:\001_AI\LudotsProd\src\Core\Ludots.Core.csproj]
C:\001_AI\LudotsProd\src\Core\Config\MapConfig.cs(115,23): warning CS8618: 在退出构造函数时，不可为 null 的 属性 "InstanceId" 必须包含非 null 值。请考虑添加 "required" 修饰符或将该 属性 声明为可为 null。 [C:\001_AI\LudotsProd\src\Core\Ludots.Core.csproj]
C:\001_AI\LudotsProd\src\Core\Config\MapConfig.cs(116,23): warning CS8618: 在退出构造函数时，不可为 null 的 属性 "Template" 必须包含非 null 值。请考虑添加 "required" 修饰符或将该 属性 声明为可为 null。 [C:\001_AI\LudotsProd\src\Core\Ludots.Core.csproj]
C:\001_AI\LudotsProd\src\Core\Config\MapConfig.cs(118,45): warning CS8618: 在退出构造函数时，不可为 null 的 属性 "Overrides" 必须包含非 null 值。请考虑添加 "required" 修饰符或将该 属性 声明为可为 null。 [C:\001_AI\LudotsProd\src\Core\Ludots.Core.csproj]
C:\001_AI\LudotsProd\src\Core\Config\MapConfig.cs(103,23): warning CS8618: 在退出构造函数时，不可为 null 的 属性 "VirtualCameraId" 必须包含非 null 值。请考虑添加 "required" 修饰符或将该 属性 声明为可为 null。 [C:\001_AI\LudotsProd\src\Core\Ludots.Core.csproj]
C:\001_AI\LudotsProd\src\Core\Config\MapConfig.cs(16,23): warning CS8618: 在退出构造函数时，不可为 null 的 属性 "Id" 必须包含非 null 值。请考虑添加 "required" 修饰符或将该 属性 声明为可为 null。 [C:\001_AI\LudotsProd\src\Core\Ludots.Core.csproj]
C:\001_AI\LudotsProd\src\Core\Config\MapConfig.cs(17,23): warning CS8618: 在退出构造函数时，不可为 null 的 属性 "ParentId" 必须包含非 null 值。请考虑添加 "required" 修饰符或将该 属性 声明为可为 null。 [C:\001_AI\LudotsProd\src\Core\Ludots.Core.csproj]
C:\001_AI\LudotsProd\src\Core\Config\MapConfig.cs(19,23): warning CS8618: 在退出构造函数时，不可为 null 的 属性 "VisualHeightmapAsset" 必须包含非 null 值。请考虑添加 "required" 修饰符或将该 属性 声明为可为 null。 [C:\001_AI\LudotsProd\src\Core\Ludots.Core.csproj]
C:\001_AI\LudotsProd\src\Core\Config\MapConfig.cs(46,45): warning CS8618: 在退出构造函数时，不可为 null 的 属性 "VisualHeightmap" 必须包含非 null 值。请考虑添加 "required" 修饰符或将该 属性 声明为可为 null。 [C:\001_AI\LudotsProd\src\Core\Ludots.Core.csproj]
C:\001_AI\LudotsProd\src\Core\Config\MapConfig.cs(57,25): warning CS8618: 在退出构造函数时，不可为 null 的 属性 "TriggerGraphs" 必须包含非 null 值。请考虑添加 "required" 修饰符或将该 属性 声明为可为 null。 [C:\001_AI\LudotsProd\src\Core\Ludots.Core.csproj]
C:\001_AI\LudotsProd\src\Core\Config\MapConfig.cs(69,25): warning CS8618: 在退出构造函数时，不可为 null 的 属性 "Regions" 必须包含非 null 值。请考虑添加 "required" 修饰符或将该 属性 声明为可为 null。 [C:\001_AI\LudotsProd\src\Core\Ludots.Core.csproj]
C:\001_AI\LudotsProd\src\Core\Config\MapConfig.cs(82,62): warning CS8618: 在退出构造函数时，不可为 null 的 属性 "DeathRule" 必须包含非 null 值。请考虑添加 "required" 修饰符或将该 属性 声明为可为 null。 [C:\001_AI\LudotsProd\src\Core\Ludots.Core.csproj]
C:\001_AI\LudotsProd\src\Core\Config\MapConfig.cs(89,29): warning CS8618: 在退出构造函数时，不可为 null 的 属性 "DefaultCamera" 必须包含非 null 值。请考虑添加 "required" 修饰符或将该 属性 声明为可为 null。 [C:\001_AI\LudotsProd\src\Core\Ludots.Core.csproj]
C:\001_AI\LudotsProd\src\Core\Gameplay\Narrative\NarrativeConfigLoader.cs(62,53): warning CS8604: “ConfigCatalogEntry ConfigPipeline.RequireEntry(ConfigCatalog catalog, string path, ConfigMergePolicy defaultPolicy, string defaultIdField = "id")”中的形参“catalog”可能传入 null 引用实参。 [C:\001_AI\LudotsProd\src\Core\Ludots.Core.csproj]
C:\001_AI\LudotsProd\src\Core\Gameplay\Narrative\NarrativeConfigLoader.cs(63,72): warning CS8604: “IReadOnlyList<MergedConfigEntry> ConfigPipeline.MergeArrayByIdFromCatalog(in ConfigCatalogEntry entry, ConfigConflictReport report = null)”中的形参“report”可能传入 null 引用实参。 [C:\001_AI\LudotsProd\src\Core\Ludots.Core.csproj]
C:\001_AI\LudotsProd\src\Core\Gameplay\Items\ItemConfigLoader.cs(40,53): warning CS8604: “ConfigCatalogEntry ConfigPipeline.RequireEntry(ConfigCatalog catalog, string path, ConfigMergePolicy defaultPolicy, string defaultIdField = "id")”中的形参“catalog”可能传入 null 引用实参。 [C:\001_AI\LudotsProd\src\Core\Ludots.Core.csproj]
C:\001_AI\LudotsProd\src\Core\Gameplay\Items\ItemConfigLoader.cs(41,72): warning CS8604: “IReadOnlyList<MergedConfigEntry> ConfigPipeline.MergeArrayByIdFromCatalog(in ConfigCatalogEntry entry, ConfigConflictReport report = null)”中的形参“report”可能传入 null 引用实参。 [C:\001_AI\LudotsProd\src\Core\Ludots.Core.csproj]
C:\001_AI\LudotsProd\src\Core\Gameplay\GAS\BuiltinHandlers.cs(118,86): warning CS8604: “void AttributeMutationOps.ApplyModifiers(World world, Entity target, in EffectModifiers modifiers, TagOps tagOps)”中的形参“tagOps”可能传入 null 引用实参。 [C:\001_AI\LudotsProd\src\Core\Ludots.Core.csproj]
C:\001_AI\LudotsProd\src\Core\Modding\DependencyResolver.cs(11,32): warning CS8618: 在退出构造函数时，不可为 null 的 属性 "Manifest" 必须包含非 null 值。请考虑添加 "required" 修饰符或将该 属性 声明为可为 null。 [C:\001_AI\LudotsProd\src\Core\Ludots.Core.csproj]
C:\001_AI\LudotsProd\src\Core\Gameplay\GAS\BuiltinHandlers.cs(147,107): warning CS8604: “void AttributeMutationOps.AddCurrent(World world, Entity target, int attributeId, float delta, TagOps tagOps)”中的形参“tagOps”可能传入 null 引用实参。 [C:\001_AI\LudotsProd\src\Core\Ludots.Core.csproj]
C:\001_AI\LudotsProd\src\Core\Gameplay\GAS\BuiltinHandlers.cs(149,107): warning CS8604: “void AttributeMutationOps.AddCurrent(World world, Entity target, int attributeId, float delta, TagOps tagOps)”中的形参“tagOps”可能传入 null 引用实参。 [C:\001_AI\LudotsProd\src\Core\Ludots.Core.csproj]
C:\001_AI\LudotsProd\src\Core\Config\ComponentRegistry.cs(372,90): warning CS8625: 无法将 null 字面量转换为非 null 的引用类型。 [C:\001_AI\LudotsProd\src\Core\Ludots.Core.csproj]
C:\001_AI\LudotsProd\src\Core\Gameplay\MapTriggers\CustomEventCatalog.cs(129,100): warning CS8604: “IReadOnlyList<MergedConfigEntry> ConfigPipeline.MergeArrayByIdFromCatalog(in ConfigCatalogEntry entry, ConfigConflictReport report = null)”中的形参“report”可能传入 null 引用实参。 [C:\001_AI\LudotsProd\src\Core\Ludots.Core.csproj]
C:\001_AI\LudotsProd\src\Core\Config\ComponentRegistry.cs(382,66): warning CS8625: 无法将 null 字面量转换为非 null 的引用类型。 [C:\001_AI\LudotsProd\src\Core\Ludots.Core.csproj]
C:\001_AI\LudotsProd\src\Core\Gameplay\MapTriggers\EntityTriggerGraphMounts.cs(73,54): warning CS8600: 将 null 文本或可能的 null 值转换为不可为 null 类型。 [C:\001_AI\LudotsProd\src\Core\Ludots.Core.csproj]
C:\001_AI\LudotsProd\src\Core\Gameplay\MapTriggers\TriggerGraphMount.cs(99,49): warning CS8604: “TriggerGraphMount.TriggerGraphMount(string graph, string scopeInstanceId, TriggerGraphMountDomain domain)”中的形参“scopeInstanceId”可能传入 null 引用实参。 [C:\001_AI\LudotsProd\src\Core\Ludots.Core.csproj]
C:\001_AI\LudotsProd\src\Core\Gameplay\MapTriggers\EntityTriggerGraphMounts.cs(204,52): warning CS8600: 将 null 文本或可能的 null 值转换为不可为 null 类型。 [C:\001_AI\LudotsProd\src\Core\Ludots.Core.csproj]
C:\001_AI\LudotsProd\src\Core\Gameplay\MapTriggers\GasEventTriggerBridgeSystem.cs(80,25): warning CS0618: “ContextKeys”已过时:“Use CoreServiceKeys with ServiceKey<T> for type-safe access. This class will be removed in a future release.” [C:\001_AI\LudotsProd\src\Core\Ludots.Core.csproj]
C:\001_AI\LudotsProd\src\Core\Gameplay\MapTriggers\EntityTriggerGraphMounts.cs(223,52): warning CS8600: 将 null 文本或可能的 null 值转换为不可为 null 类型。 [C:\001_AI\LudotsProd\src\Core\Ludots.Core.csproj]
C:\001_AI\LudotsProd\src\Core\Gameplay\MapTriggers\EntityTriggerGraphMounts.cs(248,74): warning CS8600: 将 null 文本或可能的 null 值转换为不可为 null 类型。 [C:\001_AI\LudotsProd\src\Core\Ludots.Core.csproj]
C:\001_AI\LudotsProd\src\Core\Gameplay\MapTriggers\TriggerGraphMomentBridgeSystem.cs(69,25): warning CS0618: “ContextKeys”已过时:“Use CoreServiceKeys with ServiceKey<T> for type-safe access. This class will be removed in a future release.” [C:\001_AI\LudotsProd\src\Core\Ludots.Core.csproj]
C:\001_AI\LudotsProd\src\Core\Map\MapSessionManager.cs(142,20): warning CS8603: 可能返回 null 引用。 [C:\001_AI\LudotsProd\src\Core\Ludots.Core.csproj]
C:\001_AI\LudotsProd\src\Core\Gameplay\Tasks\TaskConfigLoader.cs(44,72): warning CS8604: “IReadOnlyList<MergedConfigEntry> ConfigPipeline.MergeArrayByIdFromCatalog(in ConfigCatalogEntry entry, ConfigConflictReport report = null)”中的形参“report”可能传入 null 引用实参。 [C:\001_AI\LudotsProd\src\Core\Ludots.Core.csproj]
C:\001_AI\LudotsProd\src\Core\Map\MapSessionManager.cs(175,55): warning CS8600: 将 null 文本或可能的 null 值转换为不可为 null 类型。 [C:\001_AI\LudotsProd\src\Core\Ludots.Core.csproj]
C:\001_AI\LudotsProd\src\Core\Gameplay\MapTriggers\InputTriggerActionCatalogLoader.cs(33,100): warning CS8604: “IReadOnlyList<MergedConfigEntry> ConfigPipeline.MergeArrayByIdFromCatalog(in ConfigCatalogEntry entry, ConfigConflictReport report = null)”中的形参“report”可能传入 null 引用实参。 [C:\001_AI\LudotsProd\src\Core\Ludots.Core.csproj]
C:\001_AI\LudotsProd\src\Core\Map\MapSession.cs(69,20): warning CS8603: 可能返回 null 引用。 [C:\001_AI\LudotsProd\src\Core\Ludots.Core.csproj]
C:\001_AI\LudotsProd\src\Core\Gameplay\Relationships\Config\RelationshipCatalogPipelineLoader.cs(28,53): warning CS8604: “ConfigCatalogEntry ConfigPipeline.RequireEntry(ConfigCatalog catalog, string path, ConfigMergePolicy defaultPolicy, string defaultIdField = "id")”中的形参“catalog”可能传入 null 引用实参。 [C:\001_AI\LudotsProd\src\Core\Ludots.Core.csproj]
C:\001_AI\LudotsProd\src\Core\Map\MapSession.cs(74,20): warning CS8603: 可能返回 null 引用。 [C:\001_AI\LudotsProd\src\Core\Ludots.Core.csproj]
C:\001_AI\LudotsProd\src\Core\Map\MapSession.cs(86,24): warning CS8603: 可能返回 null 引用。 [C:\001_AI\LudotsProd\src\Core\Ludots.Core.csproj]
C:\001_AI\LudotsProd\src\Core\Gameplay\GAS\Config\TagRuleSetLoader.cs(57,25): warning CS8604: “void TagRuleSetLoader.FillTagList(JsonNode node, ref int count, int* dst, int max, string field, string id, string path, bool allowRegister)”中的形参“node”可能传入 null 引用实参。 [C:\001_AI\LudotsProd\src\Core\Ludots.Core.csproj]
C:\001_AI\LudotsProd\src\Core\Gameplay\GAS\Config\TagRuleSetLoader.cs(58,25): warning CS8604: “void TagRuleSetLoader.FillTagList(JsonNode node, ref int count, int* dst, int max, string field, string id, string path, bool allowRegister)”中的形参“node”可能传入 null 引用实参。 [C:\001_AI\LudotsProd\src\Core\Ludots.Core.csproj]
C:\001_AI\LudotsProd\src\Core\Gameplay\GAS\Config\TagRuleSetLoader.cs(59,25): warning CS8604: “void TagRuleSetLoader.FillTagList(JsonNode node, ref int count, int* dst, int max, string field, string id, string path, bool allowRegister)”中的形参“node”可能传入 null 引用实参。 [C:\001_AI\LudotsProd\src\Core\Ludots.Core.csproj]
C:\001_AI\LudotsProd\src\Core\Gameplay\GAS\Config\TagRuleSetLoader.cs(60,25): warning CS8604: “void TagRuleSetLoader.FillTagList(JsonNode node, ref int count, int* dst, int max, string field, string id, string path, bool allowRegister)”中的形参“node”可能传入 null 引用实参。 [C:\001_AI\LudotsProd\src\Core\Ludots.Core.csproj]
C:\001_AI\LudotsProd\src\Core\Gameplay\GAS\Config\TagRuleSetLoader.cs(61,25): warning CS8604: “void TagRuleSetLoader.FillTagList(JsonNode node, ref int count, int* dst, int max, string field, string id, string path, bool allowRegister)”中的形参“node”可能传入 null 引用实参。 [C:\001_AI\LudotsProd\src\Core\Ludots.Core.csproj]
C:\001_AI\LudotsProd\src\Core\Gameplay\GAS\Config\TagRuleSetLoader.cs(62,25): warning CS8604: “void TagRuleSetLoader.FillTagList(JsonNode node, ref int count, int* dst, int max, string field, string id, string path, bool allowRegister)”中的形参“node”可能传入 null 引用实参。 [C:\001_AI\LudotsProd\src\Core\Ludots.Core.csproj]
C:\001_AI\LudotsProd\src\Core\Gameplay\GAS\Config\TagRuleSetLoader.cs(75,25): warning CS8604: “void TagRuleSetLoader.FillTagList(JsonNode node, ref int count, int* dst, int max, string field, string id, string path, bool allowRegister)”中的形参“node”可能传入 null 引用实参。 [C:\001_AI\LudotsProd\src\Core\Ludots.Core.csproj]
C:\001_AI\LudotsProd\src\Core\Gameplay\GAS\Config\TagRuleSetLoader.cs(76,25): warning CS8604: “void TagRuleSetLoader.FillTagList(JsonNode node, ref int count, int* dst, int max, string field, string id, string path, bool allowRegister)”中的形参“node”可能传入 null 引用实参。 [C:\001_AI\LudotsProd\src\Core\Ludots.Core.csproj]
C:\001_AI\LudotsProd\src\Core\Gameplay\GAS\Config\TagRuleSetLoader.cs(77,25): warning CS8604: “void TagRuleSetLoader.FillTagList(JsonNode node, ref int count, int* dst, int max, string field, string id, string path, bool allowRegister)”中的形参“node”可能传入 null 引用实参。 [C:\001_AI\LudotsProd\src\Core\Ludots.Core.csproj]
C:\001_AI\LudotsProd\src\Core\Gameplay\GAS\Config\TagRuleSetLoader.cs(78,25): warning CS8604: “void TagRuleSetLoader.FillTagList(JsonNode node, ref int count, int* dst, int max, string field, string id, string path, bool allowRegister)”中的形参“node”可能传入 null 引用实参。 [C:\001_AI\LudotsProd\src\Core\Ludots.Core.csproj]
C:\001_AI\LudotsProd\src\Core\Gameplay\GAS\Config\TagRuleSetLoader.cs(79,25): warning CS8604: “void TagRuleSetLoader.FillTagList(JsonNode node, ref int count, int* dst, int max, string field, string id, string path, bool allowRegister)”中的形参“node”可能传入 null 引用实参。 [C:\001_AI\LudotsProd\src\Core\Ludots.Core.csproj]
C:\001_AI\LudotsProd\src\Core\Gameplay\GAS\Config\TagRuleSetLoader.cs(80,25): warning CS8604: “void TagRuleSetLoader.FillTagList(JsonNode node, ref int count, int* dst, int max, string field, string id, string path, bool allowRegister)”中的形参“node”可能传入 null 引用实参。 [C:\001_AI\LudotsProd\src\Core\Ludots.Core.csproj]
C:\001_AI\LudotsProd\src\Core\Map\Hex\VertexMap.cs(49,33): warning CS8625: 无法将 null 字面量转换为非 null 的引用类型。 [C:\001_AI\LudotsProd\src\Core\Ludots.Core.csproj]
C:\001_AI\LudotsProd\src\Core\Map\Hex\VertexMap.cs(59,30): warning CS8625: 无法将 null 字面量转换为非 null 的引用类型。 [C:\001_AI\LudotsProd\src\Core\Ludots.Core.csproj]
C:\001_AI\LudotsProd\src\Core\Map\MapContext.cs(30,21): warning CS8601: 可能的 null 引用赋值。 [C:\001_AI\LudotsProd\src\Core\Ludots.Core.csproj]
C:\001_AI\LudotsProd\src\Core\Map\Hex\VertexMap.cs(81,55): warning CS8603: 可能返回 null 引用。 [C:\001_AI\LudotsProd\src\Core\Ludots.Core.csproj]
C:\001_AI\LudotsProd\src\Core\Map\Hex\VertexMap.cs(106,20): warning CS8603: 可能返回 null 引用。 [C:\001_AI\LudotsProd\src\Core\Ludots.Core.csproj]
C:\001_AI\LudotsProd\src\Core\Gameplay\Narrative\NarrativeDirector.cs(57,16): warning CS8618: 在退出构造函数时，不可为 null 的 字段 "_activeDialogue" 必须包含非 null 值。请考虑添加 "required" 修饰符或将该 字段 声明为可为 null。 [C:\001_AI\LudotsProd\src\Core\Ludots.Core.csproj]
C:\001_AI\LudotsProd\src\Core\Gameplay\Narrative\NarrativeDirector.cs(57,16): warning CS8618: 在退出构造函数时，不可为 null 的 字段 "_activeCinematic" 必须包含非 null 值。请考虑添加 "required" 修饰符或将该 字段 声明为可为 null。 [C:\001_AI\LudotsProd\src\Core\Ludots.Core.csproj]
C:\001_AI\LudotsProd\src\Core\Gameplay\Narrative\NarrativeDirector.cs(79,31): warning CS8625: 无法将 null 字面量转换为非 null 的引用类型。 [C:\001_AI\LudotsProd\src\Core\Ludots.Core.csproj]
C:\001_AI\LudotsProd\src\Core\Gameplay\Narrative\NarrativeDirector.cs(80,32): warning CS8625: 无法将 null 字面量转换为非 null 的引用类型。 [C:\001_AI\LudotsProd\src\Core\Ludots.Core.csproj]
C:\001_AI\LudotsProd\src\Core\Gameplay\GAS\Config\TagRuleSetLoader.cs(109,30): warning CS8600: 将 null 文本或可能的 null 值转换为不可为 null 类型。 [C:\001_AI\LudotsProd\src\Core\Ludots.Core.csproj]
C:\001_AI\LudotsProd\src\Core\Input\Interaction\FilterProfile.cs(42,46): warning CS8618: 在退出构造函数时，不可为 null 的 属性 "AssociationQuery" 必须包含非 null 值。请考虑添加 "required" 修饰符或将该 属性 声明为可为 null。 [C:\001_AI\LudotsProd\src\Core\Ludots.Core.csproj]
C:\001_AI\LudotsProd\src\Core\Input\Interaction\FilterProfile.cs(43,37): warning CS8618: 在退出构造函数时，不可为 null 的 属性 "Exclude" 必须包含非 null 值。请考虑添加 "required" 修饰符或将该 属性 声明为可为 null。 [C:\001_AI\LudotsProd\src\Core\Ludots.Core.csproj]
C:\001_AI\LudotsProd\src\Core\Input\Interaction\FilterProfile.cs(44,37): warning CS8618: 在退出构造函数时，不可为 null 的 属性 "Include" 必须包含非 null 值。请考虑添加 "required" 修饰符或将该 属性 声明为可为 null。 [C:\001_AI\LudotsProd\src\Core\Ludots.Core.csproj]
C:\001_AI\LudotsProd\src\Core\Input\Interaction\FilterProfile.cs(35,46): warning CS8618: 在退出构造函数时，不可为 null 的 属性 "Profiles" 必须包含非 null 值。请考虑添加 "required" 修饰符或将该 属性 声明为可为 null。 [C:\001_AI\LudotsProd\src\Core\Ludots.Core.csproj]
C:\001_AI\LudotsProd\src\Core\Gameplay\Items\ItemConfigLoader.cs(77,53): warning CS8604: “ConfigCatalogEntry ConfigPipeline.RequireEntry(ConfigCatalog catalog, string path, ConfigMergePolicy defaultPolicy, string defaultIdField = "id")”中的形参“catalog”可能传入 null 引用实参。 [C:\001_AI\LudotsProd\src\Core\Ludots.Core.csproj]
C:\001_AI\LudotsProd\src\Core\Gameplay\Items\ItemConfigLoader.cs(78,72): warning CS8604: “IReadOnlyList<MergedConfigEntry> ConfigPipeline.MergeArrayByIdFromCatalog(in ConfigCatalogEntry entry, ConfigConflictReport report = null)”中的形参“report”可能传入 null 引用实参。 [C:\001_AI\LudotsProd\src\Core\Ludots.Core.csproj]
C:\001_AI\LudotsProd\src\Core\Gameplay\Narrative\NarrativeDirector.cs(132,50): warning CS8600: 将 null 文本或可能的 null 值转换为不可为 null 类型。 [C:\001_AI\LudotsProd\src\Core\Ludots.Core.csproj]
C:\001_AI\LudotsProd\src\Core\Gameplay\Narrative\NarrativeDirector.cs(141,52): warning CS8600: 将 null 文本或可能的 null 值转换为不可为 null 类型。 [C:\001_AI\LudotsProd\src\Core\Ludots.Core.csproj]
C:\001_AI\LudotsProd\src\Core\Gameplay\Narrative\NarrativeDirector.cs(154,17): warning CS8604: “NarrativeDirectorSnapshot.NarrativeDirectorSnapshot(IReadOnlyDictionary<string, NarrativeValue> Variables, IReadOnlyList<NarrativeEntityBindingSnapshot> Bindings, NarrativeDialogueSnapshot ActiveDialogue, NarrativeCinematicSnapshot ActiveCinematic)”中的形参“ActiveDialogue”可能传入 null 引用实参。 [C:\001_AI\LudotsProd\src\Core\Ludots.Core.csproj]
C:\001_AI\LudotsProd\src\Core\Gameplay\Narrative\NarrativeDirector.cs(155,17): warning CS8604: “NarrativeDirectorSnapshot.NarrativeDirectorSnapshot(IReadOnlyDictionary<string, NarrativeValue> Variables, IReadOnlyList<NarrativeEntityBindingSnapshot> Bindings, NarrativeDialogueSnapshot ActiveDialogue, NarrativeCinematicSnapshot ActiveCinematic)”中的形参“ActiveCinematic”可能传入 null 引用实参。 [C:\001_AI\LudotsProd\src\Core\Ludots.Core.csproj]
C:\001_AI\LudotsProd\src\Core\Gameplay\Narrative\NarrativeDirector.cs(170,31): warning CS8625: 无法将 null 字面量转换为非 null 的引用类型。 [C:\001_AI\LudotsProd\src\Core\Ludots.Core.csproj]
C:\001_AI\LudotsProd\src\Core\Gameplay\Narrative\NarrativeDirector.cs(179,56): warning CS8600: 将 null 文本或可能的 null 值转换为不可为 null 类型。 [C:\001_AI\LudotsProd\src\Core\Ludots.Core.csproj]
C:\001_AI\LudotsProd\src\Core\Gameplay\Narrative\NarrativeDirector.cs(195,32): warning CS8625: 无法将 null 字面量转换为非 null 的引用类型。 [C:\001_AI\LudotsProd\src\Core\Ludots.Core.csproj]
C:\001_AI\LudotsProd\src\Core\Gameplay\MapTriggers\MapDeathRuleSystem.cs(62,83): warning CS8600: 将 null 文本或可能的 null 值转换为不可为 null 类型。 [C:\001_AI\LudotsProd\src\Core\Ludots.Core.csproj]
C:\001_AI\LudotsProd\src\Core\Gameplay\MapTriggers\MapHeartbeatClockSystem.cs(71,51): warning CS8600: 将 null 文本或可能的 null 值转换为不可为 null 类型。 [C:\001_AI\LudotsProd\src\Core\Ludots.Core.csproj]
C:\001_AI\LudotsProd\src\Core\Map\Hex\VertexMap.cs(310,26): warning CS8625: 无法将 null 字面量转换为非 null 的引用类型。 [C:\001_AI\LudotsProd\src\Core\Ludots.Core.csproj]
C:\001_AI\LudotsProd\src\Core\Map\Hex\VertexMap.cs(18,42): warning CS8625: 无法将 null 字面量转换为非 null 的引用类型。 [C:\001_AI\LudotsProd\src\Core\Ludots.Core.csproj]
C:\001_AI\LudotsProd\src\Core\Map\Hex\VertexMap.cs(19,31): warning CS8618: 在退出构造函数时，不可为 null 的 字段 "_loadedChunks" 必须包含非 null 值。请考虑添加 "required" 修饰符或将该 字段 声明为可为 null。 [C:\001_AI\LudotsProd\src\Core\Ludots.Core.csproj]
C:\001_AI\LudotsProd\src\Core\Gameplay\Narrative\NarrativeDirector.cs(283,35): warning CS8625: 无法将 null 字面量转换为非 null 的引用类型。 [C:\001_AI\LudotsProd\src\Core\Ludots.Core.csproj]
C:\001_AI\LudotsProd\src\Core\Config\GameConfig.cs(27,23): warning CS8618: 在退出构造函数时，不可为 null 的 属性 "DefaultCoreMod" 必须包含非 null 值。请考虑添加 "required" 修饰符或将该 属性 声明为可为 null。 [C:\001_AI\LudotsProd\src\Core\Ludots.Core.csproj]
C:\001_AI\LudotsProd\src\Core\Config\GameConfig.cs(32,23): warning CS8618: 在退出构造函数时，不可为 null 的 属性 "StartupMapId" 必须包含非 null 值。请考虑添加 "required" 修饰符或将该 属性 声明为可为 null。 [C:\001_AI\LudotsProd\src\Core\Ludots.Core.csproj]
C:\001_AI\LudotsProd\src\Core\Config\EntityTemplate.cs(39,23): warning CS8618: 在退出构造函数时，不可为 null 的 属性 "Template" 必须包含非 null 值。请考虑添加 "required" 修饰符或将该 属性 声明为可为 null。 [C:\001_AI\LudotsProd\src\Core\Ludots.Core.csproj]
C:\001_AI\LudotsProd\src\Core\Config\EntityTemplate.cs(10,23): warning CS8618: 在退出构造函数时，不可为 null 的 属性 "Id" 必须包含非 null 值。请考虑添加 "required" 修饰符或将该 属性 声明为可为 null。 [C:\001_AI\LudotsProd\src\Core\Ludots.Core.csproj]
C:\001_AI\LudotsProd\src\Core\Config\EntityTemplate.cs(13,23): warning CS8618: 在退出构造函数时，不可为 null 的 属性 "OnSpawnEffect" 必须包含非 null 值。请考虑添加 "required" 修饰符或将该 属性 声明为可为 null。 [C:\001_AI\LudotsProd\src\Core\Ludots.Core.csproj]
C:\001_AI\LudotsProd\src\Core\Input\Interaction\ControlSchemeRuntime.cs(169,42): warning CS8600: 将 null 文本或可能的 null 值转换为不可为 null 类型。 [C:\001_AI\LudotsProd\src\Core\Ludots.Core.csproj]
C:\001_AI\LudotsProd\src\Core\Engine\GameEngine.cs(413,31): warning CS8601: 可能的 null 引用赋值。 [C:\001_AI\LudotsProd\src\Core\Ludots.Core.csproj]
C:\001_AI\LudotsProd\src\Core\Gameplay\Narrative\NarrativeDirector.cs(309,35): warning CS8625: 无法将 null 字面量转换为非 null 的引用类型。 [C:\001_AI\LudotsProd\src\Core\Ludots.Core.csproj]
C:\001_AI\LudotsProd\src\Core\Input\Interaction\CastCommitProfileConfigLoader.cs(166,53): warning CS8619: 类型“KeyValuePair<string, JsonNode?>”的值中引用类型的为 Null 性与目标类型“KeyValuePair<string, JsonNode>”不匹配。 [C:\001_AI\LudotsProd\src\Core\Ludots.Core.csproj]
C:\001_AI\LudotsProd\src\Core\Gameplay\Items\ItemConfigLoader.cs(120,53): warning CS8604: “ConfigCatalogEntry ConfigPipeline.RequireEntry(ConfigCatalog catalog, string path, ConfigMergePolicy defaultPolicy, string defaultIdField = "id")”中的形参“catalog”可能传入 null 引用实参。 [C:\001_AI\LudotsProd\src\Core\Ludots.Core.csproj]
C:\001_AI\LudotsProd\src\Core\Gameplay\Items\ItemConfigLoader.cs(121,72): warning CS8604: “IReadOnlyList<MergedConfigEntry> ConfigPipeline.MergeArrayByIdFromCatalog(in ConfigCatalogEntry entry, ConfigConflictReport report = null)”中的形参“report”可能传入 null 引用实参。 [C:\001_AI\LudotsProd\src\Core\Ludots.Core.csproj]
C:\001_AI\LudotsProd\src\Core\Gameplay\MapTriggers\MapHeartbeatClockSystem.cs(152,49): warning CS8600: 将 null 文本或可能的 null 值转换为不可为 null 类型。 [C:\001_AI\LudotsProd\src\Core\Ludots.Core.csproj]
C:\001_AI\LudotsProd\src\Core\Map\MapManager.cs(53,20): warning CS8603: 可能返回 null 引用。 [C:\001_AI\LudotsProd\src\Core\Ludots.Core.csproj]
C:\001_AI\LudotsProd\src\Core\Map\MapManager.cs(58,20): warning CS8603: 可能返回 null 引用。 [C:\001_AI\LudotsProd\src\Core\Ludots.Core.csproj]
C:\001_AI\LudotsProd\src\Core\Vision\Config\VisionFogLayerConfigLoader.cs(32,53): warning CS8604: “ConfigCatalogEntry ConfigPipeline.RequireEntry(ConfigCatalog catalog, string path, ConfigMergePolicy defaultPolicy, string defaultIdField = "id")”中的形参“catalog”可能传入 null 引用实参。 [C:\001_AI\LudotsProd\src\Core\Ludots.Core.csproj]
C:\001_AI\LudotsProd\src\Core\Vision\Config\VisionFogLayerConfigLoader.cs(33,72): warning CS8604: “IReadOnlyList<MergedConfigEntry> ConfigPipeline.MergeArrayByIdFromCatalog(in ConfigCatalogEntry entry, ConfigConflictReport report = null)”中的形参“report”可能传入 null 引用实参。 [C:\001_AI\LudotsProd\src\Core\Ludots.Core.csproj]
C:\001_AI\LudotsProd\src\Core\Config\EntityBuilder.cs(22,16): warning CS8618: 在退出构造函数时，不可为 null 的 字段 "_activeTemplate" 必须包含非 null 值。请考虑添加 "required" 修饰符或将该 字段 声明为可为 null。 [C:\001_AI\LudotsProd\src\Core\Ludots.Core.csproj]
C:\001_AI\LudotsProd\src\Core\Config\EntityBuilder.cs(22,16): warning CS8618: 在退出构造函数时，不可为 null 的 字段 "_activeTemplateId" 必须包含非 null 值。请考虑添加 "required" 修饰符或将该 字段 声明为可为 null。 [C:\001_AI\LudotsProd\src\Core\Ludots.Core.csproj]
C:\001_AI\LudotsProd\src\Core\Config\EntityBuilder.cs(22,16): warning CS8618: 在退出构造函数时，不可为 null 的 字段 "_activeEntityContext" 必须包含非 null 值。请考虑添加 "required" 修饰符或将该 字段 声明为可为 null。 [C:\001_AI\LudotsProd\src\Core\Ludots.Core.csproj]
C:\001_AI\LudotsProd\src\Core\Config\EntityBuilder.cs(34,16): warning CS8618: 在退出构造函数时，不可为 null 的 字段 "_templateSources" 必须包含非 null 值。请考虑添加 "required" 修饰符或将该 字段 声明为可为 null。 [C:\001_AI\LudotsProd\src\Core\Ludots.Core.csproj]
C:\001_AI\LudotsProd\src\Core\Config\EntityBuilder.cs(34,16): warning CS8618: 在退出构造函数时，不可为 null 的 字段 "_activeTemplate" 必须包含非 null 值。请考虑添加 "required" 修饰符或将该 字段 声明为可为 null。 [C:\001_AI\LudotsProd\src\Core\Ludots.Core.csproj]
C:\001_AI\LudotsProd\src\Core\Config\EntityBuilder.cs(34,16): warning CS8618: 在退出构造函数时，不可为 null 的 字段 "_activeTemplateId" 必须包含非 null 值。请考虑添加 "required" 修饰符或将该 字段 声明为可为 null。 [C:\001_AI\LudotsProd\src\Core\Ludots.Core.csproj]
C:\001_AI\LudotsProd\src\Core\Config\EntityBuilder.cs(34,16): warning CS8618: 在退出构造函数时，不可为 null 的 字段 "_activeEntityContext" 必须包含非 null 值。请考虑添加 "required" 修饰符或将该 字段 声明为可为 null。 [C:\001_AI\LudotsProd\src\Core\Ludots.Core.csproj]
C:\001_AI\LudotsProd\src\Core\Map\MapManager.cs(89,44): warning CS8600: 将 null 文本或可能的 null 值转换为不可为 null 类型。 [C:\001_AI\LudotsProd\src\Core\Ludots.Core.csproj]
C:\001_AI\LudotsProd\src\Core\Map\MapManager.cs(136,28): warning CS8603: 可能返回 null 引用。 [C:\001_AI\LudotsProd\src\Core\Ludots.Core.csproj]
C:\001_AI\LudotsProd\src\Core\Config\EntityBuilder.cs(113,31): warning CS8625: 无法将 null 字面量转换为非 null 的引用类型。 [C:\001_AI\LudotsProd\src\Core\Ludots.Core.csproj]
C:\001_AI\LudotsProd\src\Core\Config\EntityBuilder.cs(114,33): warning CS8625: 无法将 null 字面量转换为非 null 的引用类型。 [C:\001_AI\LudotsProd\src\Core\Ludots.Core.csproj]
C:\001_AI\LudotsProd\src\Core\Config\EntityBuilder.cs(115,36): warning CS8625: 无法将 null 字面量转换为非 null 的引用类型。 [C:\001_AI\LudotsProd\src\Core\Ludots.Core.csproj]
C:\001_AI\LudotsProd\src\Core\Gameplay\Narrative\NarrativeDirector.cs(742,32): warning CS8625: 无法将 null 字面量转换为非 null 的引用类型。 [C:\001_AI\LudotsProd\src\Core\Ludots.Core.csproj]
C:\001_AI\LudotsProd\src\Core\Config\EntityBuilder.cs(147,102): warning CS8600: 将 null 文本或可能的 null 值转换为不可为 null 类型。 [C:\001_AI\LudotsProd\src\Core\Ludots.Core.csproj]
C:\001_AI\LudotsProd\src\Core\Map\MapManager.cs(265,48): warning CS8601: 可能的 null 引用赋值。 [C:\001_AI\LudotsProd\src\Core\Ludots.Core.csproj]
C:\001_AI\LudotsProd\src\Core\Modding\ModManifest.cs(9,23): warning CS8618: 在退出构造函数时，不可为 null 的 属性 "Name" 必须包含非 null 值。请考虑添加 "required" 修饰符或将该 属性 声明为可为 null。 [C:\001_AI\LudotsProd\src\Core\Ludots.Core.csproj]
C:\001_AI\LudotsProd\src\Core\Modding\ModManifest.cs(12,23): warning CS8618: 在退出构造函数时，不可为 null 的 属性 "Version" 必须包含非 null 值。请考虑添加 "required" 修饰符或将该 属性 声明为可为 null。 [C:\001_AI\LudotsProd\src\Core\Ludots.Core.csproj]
C:\001_AI\LudotsProd\src\Core\Modding\ModManifest.cs(15,23): warning CS8618: 在退出构造函数时，不可为 null 的 属性 "Description" 必须包含非 null 值。请考虑添加 "required" 修饰符或将该 属性 声明为可为 null。 [C:\001_AI\LudotsProd\src\Core\Ludots.Core.csproj]
C:\001_AI\LudotsProd\src\Core\Modding\ModManifest.cs(18,23): warning CS8618: 在退出构造函数时，不可为 null 的 属性 "Main" 必须包含非 null 值。请考虑添加 "required" 修饰符或将该 属性 声明为可为 null。 [C:\001_AI\LudotsProd\src\Core\Ludots.Core.csproj]
C:\001_AI\LudotsProd\src\Core\Modding\ModManifest.cs(27,23): warning CS8618: 在退出构造函数时，不可为 null 的 属性 "Author" 必须包含非 null 值。请考虑添加 "required" 修饰符或将该 属性 声明为可为 null。 [C:\001_AI\LudotsProd\src\Core\Ludots.Core.csproj]
C:\001_AI\LudotsProd\src\Core\Modding\ModManifest.cs(30,23): warning CS8618: 在退出构造函数时，不可为 null 的 属性 "Url" 必须包含非 null 值。请考虑添加 "required" 修饰符或将该 属性 声明为可为 null。 [C:\001_AI\LudotsProd\src\Core\Ludots.Core.csproj]
C:\001_AI\LudotsProd\src\Core\Modding\ModManifest.cs(33,23): warning CS8618: 在退出构造函数时，不可为 null 的 属性 "Changelog" 必须包含非 null 值。请考虑添加 "required" 修饰符或将该 属性 声明为可为 null。 [C:\001_AI\LudotsProd\src\Core\Ludots.Core.csproj]
C:\001_AI\LudotsProd\src\Core\Modding\ModManifest.cs(36,29): warning CS8618: 在退出构造函数时，不可为 null 的 属性 "Tags" 必须包含非 null 值。请考虑添加 "required" 修饰符或将该 属性 声明为可为 null。 [C:\001_AI\LudotsProd\src\Core\Ludots.Core.csproj]
C:\001_AI\LudotsProd\src\Core\Modding\ModManifest.cs(39,29): warning CS8618: 在退出构造函数时，不可为 null 的 属性 "ProcessSharedAssemblies" 必须包含非 null 值。请考虑添加 "required" 修饰符或将该 属性 声明为可为 null。 [C:\001_AI\LudotsProd\src\Core\Ludots.Core.csproj]
C:\001_AI\LudotsProd\src\Core\Map\MapManager.cs(460,28): warning CS8601: 可能的 null 引用赋值。 [C:\001_AI\LudotsProd\src\Core\Ludots.Core.csproj]
C:\001_AI\LudotsProd\src\Core\Map\MapManager.cs(465,20): warning CS8625: 无法将 null 字面量转换为非 null 的引用类型。 [C:\001_AI\LudotsProd\src\Core\Ludots.Core.csproj]
C:\001_AI\LudotsProd\src\Core\Modding\ModLoader.cs(62,16): warning CS8618: 在退出构造函数时，不可为 null 的 属性 "MapManager" 必须包含非 null 值。请考虑添加 "required" 修饰符或将该 属性 声明为可为 null。 [C:\001_AI\LudotsProd\src\Core\Ludots.Core.csproj]
C:\001_AI\LudotsProd\src\Core\Modding\ModLoadContext.cs(106,20): warning CS8603: 可能返回 null 引用。 [C:\001_AI\LudotsProd\src\Core\Ludots.Core.csproj]
C:\001_AI\LudotsProd\src\Core\Config\ComponentRegistry.cs(771,63): warning CS8600: 将 null 文本或可能的 null 值转换为不可为 null 类型。 [C:\001_AI\LudotsProd\src\Core\Ludots.Core.csproj]
C:\001_AI\LudotsProd\src\Core\Config\ComponentRegistry.cs(773,57): warning CS8604: “string ComponentRegistry.ReadStringNode(JsonNode node, string context)”中的形参“node”可能传入 null 引用实参。 [C:\001_AI\LudotsProd\src\Core\Ludots.Core.csproj]
C:\001_AI\LudotsProd\src\Core\Config\ComponentRegistry.cs(777,64): warning CS8600: 将 null 文本或可能的 null 值转换为不可为 null 类型。 [C:\001_AI\LudotsProd\src\Core\Ludots.Core.csproj]
C:\001_AI\LudotsProd\src\Core\Config\ComponentRegistry.cs(779,57): warning CS8604: “string ComponentRegistry.ReadStringNode(JsonNode node, string context)”中的形参“node”可能传入 null 引用实参。 [C:\001_AI\LudotsProd\src\Core\Ludots.Core.csproj]
C:\001_AI\LudotsProd\src\Core\Config\ConfigMerger.cs(93,82): warning CS8625: 无法将 null 字面量转换为非 null 的引用类型。 [C:\001_AI\LudotsProd\src\Core\Ludots.Core.csproj]
C:\001_AI\LudotsProd\src\Core\Config\ConfigMerger.cs(110,69): warning CS8604: “List<MergedConfigEntry> ConfigMerger.MergeArrayByIdToEntriesCore(IReadOnlyList<ConfigFragment> fragments, in ConfigCatalogEntry entry, ConfigConflictReport report)”中的形参“report”可能传入 null 引用实参。 [C:\001_AI\LudotsProd\src\Core\Ludots.Core.csproj]
C:\001_AI\LudotsProd\src\Core\Modding\ModManifestJson.cs(60,24): warning CS8601: 可能的 null 引用赋值。 [C:\001_AI\LudotsProd\src\Core\Ludots.Core.csproj]
C:\001_AI\LudotsProd\src\Core\Modding\ModManifestJson.cs(61,27): warning CS8601: 可能的 null 引用赋值。 [C:\001_AI\LudotsProd\src\Core\Ludots.Core.csproj]
C:\001_AI\LudotsProd\src\Core\Modding\ModManifestJson.cs(66,40): warning CS8601: 可能的 null 引用赋值。 [C:\001_AI\LudotsProd\src\Core\Ludots.Core.csproj]
C:\001_AI\LudotsProd\src\Core\Modding\ModManifestJson.cs(71,33): warning CS8601: 可能的 null 引用赋值。 [C:\001_AI\LudotsProd\src\Core\Ludots.Core.csproj]
C:\001_AI\LudotsProd\src\Core\Modding\ModManifestJson.cs(103,35): warning CS8601: 可能的 null 引用赋值。 [C:\001_AI\LudotsProd\src\Core\Ludots.Core.csproj]
C:\001_AI\LudotsProd\src\Core\Modding\ModManifestJson.cs(108,32): warning CS8601: 可能的 null 引用赋值。 [C:\001_AI\LudotsProd\src\Core\Ludots.Core.csproj]
C:\001_AI\LudotsProd\src\Core\Modding\ModManifestJson.cs(113,38): warning CS8601: 可能的 null 引用赋值。 [C:\001_AI\LudotsProd\src\Core\Ludots.Core.csproj]
C:\001_AI\LudotsProd\src\Core\Modding\ModManifestJson.cs(130,39): warning CS8604: “void List<string>.Add(string item)”中的形参“item”可能传入 null 引用实参。 [C:\001_AI\LudotsProd\src\Core\Ludots.Core.csproj]
C:\001_AI\LudotsProd\src\Core\Config\ConfigPipeline.cs(176,24): warning CS8603: 可能返回 null 引用。 [C:\001_AI\LudotsProd\src\Core\Ludots.Core.csproj]
C:\001_AI\LudotsProd\src\Core\Modding\ModLoadContext.cs(111,24): warning CS8625: 无法将 null 字面量转换为非 null 的引用类型。 [C:\001_AI\LudotsProd\src\Core\Ludots.Core.csproj]
C:\001_AI\LudotsProd\src\Core\Modding\ModLoadContext.cs(125,24): warning CS8601: 可能的 null 引用赋值。 [C:\001_AI\LudotsProd\src\Core\Ludots.Core.csproj]
C:\001_AI\LudotsProd\src\Core\Gameplay\GAS\Components\AbilityExecComponents.cs(176,36): warning CS9084: 结构成员按引用返回“此”或其他实例成员 [C:\001_AI\LudotsProd\src\Core\Ludots.Core.csproj]
C:\001_AI\LudotsProd\src\Core\Gameplay\GAS\Components\AbilityExecComponents.cs(177,36): warning CS9084: 结构成员按引用返回“此”或其他实例成员 [C:\001_AI\LudotsProd\src\Core\Ludots.Core.csproj]
C:\001_AI\LudotsProd\src\Core\Gameplay\GAS\Components\AbilityExecComponents.cs(178,36): warning CS9084: 结构成员按引用返回“此”或其他实例成员 [C:\001_AI\LudotsProd\src\Core\Ludots.Core.csproj]
C:\001_AI\LudotsProd\src\Core\Gameplay\GAS\Components\AbilityExecComponents.cs(179,37): warning CS9084: 结构成员按引用返回“此”或其他实例成员 [C:\001_AI\LudotsProd\src\Core\Ludots.Core.csproj]
C:\001_AI\LudotsProd\src\Core\Input\Interaction\ControlScheme.cs(28,29): warning CS8618: 在退出构造函数时，不可为 null 的 属性 "InputContexts" 必须包含非 null 值。请考虑添加 "required" 修饰符或将该 属性 声明为可为 null。 [C:\001_AI\LudotsProd\src\Core\Ludots.Core.csproj]
C:\001_AI\LudotsProd\src\Core\Input\Interaction\ControlScheme.cs(30,38): warning CS8618: 在退出构造函数时，不可为 null 的 属性 "Defaults" 必须包含非 null 值。请考虑添加 "required" 修饰符或将该 属性 声明为可为 null。 [C:\001_AI\LudotsProd\src\Core\Ludots.Core.csproj]
C:\001_AI\LudotsProd\src\Core\Input\Interaction\ControlScheme.cs(37,38): warning CS8618: 在退出构造函数时，不可为 null 的 属性 "AxisMove" 必须包含非 null 值。请考虑添加 "required" 修饰符或将该 属性 声明为可为 null。 [C:\001_AI\LudotsProd\src\Core\Ludots.Core.csproj]
C:\001_AI\LudotsProd\src\Core\Input\Interaction\ControlScheme.cs(8,46): warning CS8618: 在退出构造函数时，不可为 null 的 属性 "Schemes" 必须包含非 null 值。请考虑添加 "required" 修饰符或将该 属性 声明为可为 null。 [C:\001_AI\LudotsProd\src\Core\Ludots.Core.csproj]
C:\001_AI\LudotsProd\src\Core\Input\Interaction\ControlScheme.cs(15,29): warning CS8618: 在退出构造函数时，不可为 null 的 属性 "AllowedSchemes" 必须包含非 null 值。请考虑添加 "required" 修饰符或将该 属性 声明为可为 null。 [C:\001_AI\LudotsProd\src\Core\Ludots.Core.csproj]
C:\001_AI\LudotsProd\src\Core\Modding\ModLoadContext.cs(178,24): warning CS8601: 可能的 null 引用赋值。 [C:\001_AI\LudotsProd\src\Core\Ludots.Core.csproj]
C:\001_AI\LudotsProd\src\Core\Config\DataRegistry.cs(71,20): warning CS8603: 可能返回 null 引用。 [C:\001_AI\LudotsProd\src\Core\Ludots.Core.csproj]
C:\001_AI\LudotsProd\src\Core\Config\ConfigMerger.cs(196,39): warning CS8600: 将 null 文本或可能的 null 值转换为不可为 null 类型。 [C:\001_AI\LudotsProd\src\Core\Ludots.Core.csproj]
C:\001_AI\LudotsProd\src\Core\Input\Interaction\CastDispatchProfileRegistry.cs(47,105): warning CS8625: 无法将 null 字面量转换为非 null 的引用类型。 [C:\001_AI\LudotsProd\src\Core\Ludots.Core.csproj]
C:\001_AI\LudotsProd\src\Core\Input\Interaction\CastDispatchProfileRegistry.cs(71,17): warning CS8604: “SelectorEntry.SelectorEntry(CastDispatchSelectorEvaluator evaluator, CastDispatchSelectorInstallValidator validator)”中的形参“validator”可能传入 null 引用实参。 [C:\001_AI\LudotsProd\src\Core\Ludots.Core.csproj]
C:\001_AI\LudotsProd\src\Core\Gameplay\Narrative\NarrativeDirector.cs(1022,20): warning CS8618: 在退出构造函数时，不可为 null 的 属性 "CurrentStep" 必须包含非 null 值。请考虑添加 "required" 修饰符或将该 属性 声明为可为 null。 [C:\001_AI\LudotsProd\src\Core\Ludots.Core.csproj]
C:\001_AI\LudotsProd\src\Core\Gameplay\Narrative\NarrativeDirector.cs(1008,20): warning CS8618: 在退出构造函数时，不可为 null 的 属性 "CurrentNode" 必须包含非 null 值。请考虑添加 "required" 修饰符或将该 属性 声明为可为 null。 [C:\001_AI\LudotsProd\src\Core\Ludots.Core.csproj]
C:\001_AI\LudotsProd\src\Core\Input\Interaction\ClientCastPreference.cs(49,47): warning CS8618: 在退出构造函数时，不可为 null 的 属性 "Locks" 必须包含非 null 值。请考虑添加 "required" 修饰符或将该 属性 声明为可为 null。 [C:\001_AI\LudotsProd\src\Core\Ludots.Core.csproj]
C:\001_AI\LudotsProd\src\Core\Input\Interaction\ClientCastPreference.cs(71,36): warning CS8618: 在退出构造函数时，不可为 null 的 属性 "Global" 必须包含非 null 值。请考虑添加 "required" 修饰符或将该 属性 声明为可为 null。 [C:\001_AI\LudotsProd\src\Core\Ludots.Core.csproj]
C:\001_AI\LudotsProd\src\Core\Input\Interaction\ClientCastPreference.cs(72,56): warning CS8618: 在退出构造函数时，不可为 null 的 属性 "PerTemplate" 必须包含非 null 值。请考虑添加 "required" 修饰符或将该 属性 声明为可为 null。 [C:\001_AI\LudotsProd\src\Core\Ludots.Core.csproj]
C:\001_AI\LudotsProd\src\Core\Input\Interaction\ClientCastPreference.cs(73,56): warning CS8618: 在退出构造函数时，不可为 null 的 属性 "PerFormSet" 必须包含非 null 值。请考虑添加 "required" 修饰符或将该 属性 声明为可为 null。 [C:\001_AI\LudotsProd\src\Core\Ludots.Core.csproj]
C:\001_AI\LudotsProd\src\Core\Input\Interaction\ClientCastPreference.cs(74,56): warning CS8618: 在退出构造函数时，不可为 null 的 属性 "PerSlot" 必须包含非 null 值。请考虑添加 "required" 修饰符或将该 属性 声明为可为 null。 [C:\001_AI\LudotsProd\src\Core\Ludots.Core.csproj]
C:\001_AI\LudotsProd\src\Core\Input\Interaction\ClientCastPreference.cs(75,23): warning CS8618: 在退出构造函数时，不可为 null 的 属性 "ActiveSchemeId" 必须包含非 null 值。请考虑添加 "required" 修饰符或将该 属性 声明为可为 null。 [C:\001_AI\LudotsProd\src\Core\Ludots.Core.csproj]
C:\001_AI\LudotsProd\src\Core\Input\Interaction\ClientCastPreference.cs(81,23): warning CS8618: 在退出构造函数时，不可为 null 的 属性 "CastCommitId" 必须包含非 null 值。请考虑添加 "required" 修饰符或将该 属性 声明为可为 null。 [C:\001_AI\LudotsProd\src\Core\Ludots.Core.csproj]
C:\001_AI\LudotsProd\src\Core\Input\Interaction\CastDispatchProfileConfigLoader.cs(86,55): warning CS8600: 将 null 文本或可能的 null 值转换为不可为 null 类型。 [C:\001_AI\LudotsProd\src\Core\Ludots.Core.csproj]
C:\001_AI\LudotsProd\src\Core\Input\Interaction\CastDispatchProfileRegistry.cs(101,71): warning CS8600: 将 null 文本或可能的 null 值转换为不可为 null 类型。 [C:\001_AI\LudotsProd\src\Core\Ludots.Core.csproj]
C:\001_AI\LudotsProd\src\Core\Input\Interaction\CastDispatchProfileRegistry.cs(123,33): warning CS8602: 解引用可能出现空引用。 [C:\001_AI\LudotsProd\src\Core\Ludots.Core.csproj]
C:\001_AI\LudotsProd\src\Core\Gameplay\Spawning\RuntimeEntitySpawnSystem.cs(373,40): warning CS8601: 可能的 null 引用赋值。 [C:\001_AI\LudotsProd\src\Core\Ludots.Core.csproj]
C:\001_AI\LudotsProd\src\Core\Input\Interaction\CastDispatchProfileRegistry.cs(219,47): warning CS8602: 解引用可能出现空引用。 [C:\001_AI\LudotsProd\src\Core\Ludots.Core.csproj]
C:\001_AI\LudotsProd\src\Core\Input\Interaction\CastDispatchProfileRegistry.cs(225,45): warning CS8602: 解引用可能出现空引用。 [C:\001_AI\LudotsProd\src\Core\Ludots.Core.csproj]
C:\001_AI\LudotsProd\src\Core\Input\Interaction\CastDispatchProfileRegistry.cs(225,73): warning CS8600: 将 null 文本或可能的 null 值转换为不可为 null 类型。 [C:\001_AI\LudotsProd\src\Core\Ludots.Core.csproj]
C:\001_AI\LudotsProd\src\Core\Input\Interaction\CastDispatchProfileRegistry.cs(234,81): warning CS8600: 将 null 文本或可能的 null 值转换为不可为 null 类型。 [C:\001_AI\LudotsProd\src\Core\Ludots.Core.csproj]
C:\001_AI\LudotsProd\src\Core\Input\Interaction\CastDispatchProfileRegistry.cs(258,73): warning CS8604: “int StringIntRegistry.Register(string name)”中的形参“name”可能传入 null 引用实参。 [C:\001_AI\LudotsProd\src\Core\Ludots.Core.csproj]
C:\001_AI\LudotsProd\src\Core\Input\Interaction\CastDispatchProfileRegistry.cs(259,26): warning CS8601: 可能的 null 引用赋值。 [C:\001_AI\LudotsProd\src\Core\Ludots.Core.csproj]
C:\001_AI\LudotsProd\src\Core\Input\Interaction\CastDispatchProfileRegistry.cs(261,32): warning CS8601: 可能的 null 引用赋值。 [C:\001_AI\LudotsProd\src\Core\Ludots.Core.csproj]
C:\001_AI\LudotsProd\src\Core\Input\Interaction\CastDispatchProfileRegistry.cs(413,69): warning CS8602: 解引用可能出现空引用。 [C:\001_AI\LudotsProd\src\Core\Ludots.Core.csproj]
C:\001_AI\LudotsProd\src\Core\UI\ProductionOverview\ProductionOverviewContracts.cs(63,55): warning CS8618: 在退出构造函数时，不可为 null 的 属性 "WorkerBuckets" 必须包含非 null 值。请考虑添加 "required" 修饰符或将该 属性 声明为可为 null。 [C:\001_AI\LudotsProd\src\Core\Ludots.Core.csproj]
C:\001_AI\LudotsProd\src\Core\UI\ProductionOverview\ProductionOverviewContracts.cs(47,58): warning CS8618: 在退出构造函数时，不可为 null 的 属性 "Profiles" 必须包含非 null 值。请考虑添加 "required" 修饰符或将该 属性 声明为可为 null。 [C:\001_AI\LudotsProd\src\Core\Ludots.Core.csproj]
C:\001_AI\LudotsProd\src\Core\Gameplay\Spawning\RuntimeEntitySpawnSystem.cs(788,24): warning CS8625: 无法将 null 字面量转换为非 null 的引用类型。 [C:\001_AI\LudotsProd\src\Core\Ludots.Core.csproj]
C:\001_AI\LudotsProd\src\Core\Modding\ModLoader.cs(411,36): warning CS8600: 将 null 文本或可能的 null 值转换为不可为 null 类型。 [C:\001_AI\LudotsProd\src\Core\Ludots.Core.csproj]
C:\001_AI\LudotsProd\src\Core\Modding\ModLoader.cs(412,45): warning CS8604: “void ModLoader.CacheSharedAssembly(Assembly assembly)”中的形参“assembly”可能传入 null 引用实参。 [C:\001_AI\LudotsProd\src\Core\Ludots.Core.csproj]
C:\001_AI\LudotsProd\src\Core\Modding\ModLoader.cs(439,36): warning CS8619: 类型“Type?[]”的值中引用类型的为 Null 性与目标类型“Type[]”不匹配。 [C:\001_AI\LudotsProd\src\Core\Ludots.Core.csproj]
C:\001_AI\LudotsProd\src\Core\Modding\ModLoader.cs(485,46): warning CS8600: 将 null 文本或可能的 null 值转换为不可为 null 类型。 [C:\001_AI\LudotsProd\src\Core\Ludots.Core.csproj]
C:\001_AI\LudotsProd\src\Core\Modding\ModLoader.cs(486,56): warning CS8604: “void IMapManager.RegisterMap(MapDefinition definition)”中的形参“definition”可能传入 null 引用实参。 [C:\001_AI\LudotsProd\src\Core\Ludots.Core.csproj]
C:\001_AI\LudotsProd\src\Core\Config\ComponentRegistry.cs(1113,38): warning CS8600: 将 null 文本或可能的 null 值转换为不可为 null 类型。 [C:\001_AI\LudotsProd\src\Core\Ludots.Core.csproj]
C:\001_AI\LudotsProd\src\Core\Modding\ModLoader.cs(532,57): warning CS8603: 可能返回 null 引用。 [C:\001_AI\LudotsProd\src\Core\Ludots.Core.csproj]
C:\001_AI\LudotsProd\src\Core\Modding\ModLoader.cs(533,20): warning CS8603: 可能返回 null 引用。 [C:\001_AI\LudotsProd\src\Core\Ludots.Core.csproj]
C:\001_AI\LudotsProd\src\Core\Modding\ModLoader.cs(540,39): warning CS8601: 可能的 null 引用赋值。 [C:\001_AI\LudotsProd\src\Core\Ludots.Core.csproj]
C:\001_AI\LudotsProd\src\Core\Input\Interaction\ClientCastPreferenceStore.cs(231,26): warning CS8601: 可能的 null 引用赋值。 [C:\001_AI\LudotsProd\src\Core\Ludots.Core.csproj]
C:\001_AI\LudotsProd\src\Core\Input\Interaction\ClientCastPreferenceStore.cs(235,34): warning CS8601: 可能的 null 引用赋值。 [C:\001_AI\LudotsProd\src\Core\Ludots.Core.csproj]
C:\001_AI\LudotsProd\src\Core\Input\Interaction\ClientCastPreferenceStore.cs(239,32): warning CS8600: 将 null 文本或可能的 null 值转换为不可为 null 类型。 [C:\001_AI\LudotsProd\src\Core\Ludots.Core.csproj]
C:\001_AI\LudotsProd\src\Core\Input\Interaction\CommandIntentProfileConfigLoader.cs(101,46): warning CS8604: “void CommandIntentProfileConfigLoader.ValidatePredicateStrings(List<string> values, string path)”中的形参“values”可能传入 null 引用实参。 [C:\001_AI\LudotsProd\src\Core\Ludots.Core.csproj]
C:\001_AI\LudotsProd\src\Core\Input\Interaction\CommandIntentProfileConfigLoader.cs(102,46): warning CS8604: “void CommandIntentProfileConfigLoader.ValidatePredicateStrings(List<string> values, string path)”中的形参“values”可能传入 null 引用实参。 [C:\001_AI\LudotsProd\src\Core\Ludots.Core.csproj]
C:\001_AI\LudotsProd\src\Core\Input\Interaction\CommandIntentProfileConfigLoader.cs(103,46): warning CS8604: “void CommandIntentProfileConfigLoader.ValidatePredicateStrings(List<string> values, string path)”中的形参“values”可能传入 null 引用实参。 [C:\001_AI\LudotsProd\src\Core\Ludots.Core.csproj]
C:\001_AI\LudotsProd\src\Core\Input\Interaction\CommandIntentProfileConfigLoader.cs(104,46): warning CS8604: “void CommandIntentProfileConfigLoader.ValidatePredicateStrings(List<string> values, string path)”中的形参“values”可能传入 null 引用实参。 [C:\001_AI\LudotsProd\src\Core\Ludots.Core.csproj]
C:\001_AI\LudotsProd\src\Core\Input\Interaction\CommandIntentProfileConfigLoader.cs(105,46): warning CS8604: “void CommandIntentProfileConfigLoader.ValidatePredicateStrings(List<string> values, string path)”中的形参“values”可能传入 null 引用实参。 [C:\001_AI\LudotsProd\src\Core\Ludots.Core.csproj]
C:\001_AI\LudotsProd\src\Core\Input\Interaction\CommandIntentProfile.cs(131,23): warning CS8618: 在退出构造函数时，不可为 null 的 属性 "Slot" 必须包含非 null 值。请考虑添加 "required" 修饰符或将该 属性 声明为可为 null。 [C:\001_AI\LudotsProd\src\Core\Ludots.Core.csproj]
C:\001_AI\LudotsProd\src\Core\Input\Interaction\CommandIntentProfile.cs(118,29): warning CS8618: 在退出构造函数时，不可为 null 的 属性 "AllTags" 必须包含非 null 值。请考虑添加 "required" 修饰符或将该 属性 声明为可为 null。 [C:\001_AI\LudotsProd\src\Core\Ludots.Core.csproj]
C:\001_AI\LudotsProd\src\Core\Input\Interaction\CommandIntentProfile.cs(119,29): warning CS8618: 在退出构造函数时，不可为 null 的 属性 "AnyTags" 必须包含非 null 值。请考虑添加 "required" 修饰符或将该 属性 声明为可为 null。 [C:\001_AI\LudotsProd\src\Core\Ludots.Core.csproj]
C:\001_AI\LudotsProd\src\Core\Input\Interaction\CommandIntentProfile.cs(120,29): warning CS8618: 在退出构造函数时，不可为 null 的 属性 "Stance" 必须包含非 null 值。请考虑添加 "required" 修饰符或将该 属性 声明为可为 null。 [C:\001_AI\LudotsProd\src\Core\Ludots.Core.csproj]
C:\001_AI\LudotsProd\src\Core\Input\Interaction\CommandIntentProfile.cs(107,23): warning CS8618: 在退出构造函数时，不可为 null 的 属性 "HasAbilityWithTag" 必须包含非 null 值。请考虑添加 "required" 修饰符或将该 属性 声明为可为 null。 [C:\001_AI\LudotsProd\src\Core\Ludots.Core.csproj]
C:\001_AI\LudotsProd\src\Core\Input\Interaction\CommandIntentProfile.cs(108,29): warning CS8618: 在退出构造函数时，不可为 null 的 属性 "AllTags" 必须包含非 null 值。请考虑添加 "required" 修饰符或将该 属性 声明为可为 null。 [C:\001_AI\LudotsProd\src\Core\Ludots.Core.csproj]
C:\001_AI\LudotsProd\src\Core\Input\Interaction\CommandIntentProfile.cs(109,29): warning CS8618: 在退出构造函数时，不可为 null 的 属性 "AnyTags" 必须包含非 null 值。请考虑添加 "required" 修饰符或将该 属性 声明为可为 null。 [C:\001_AI\LudotsProd\src\Core\Ludots.Core.csproj]
C:\001_AI\LudotsProd\src\Core\Input\Interaction\CommandIntentProfile.cs(96,54): warning CS8618: 在退出构造函数时，不可为 null 的 属性 "Actor" 必须包含非 null 值。请考虑添加 "required" 修饰符或将该 属性 声明为可为 null。 [C:\001_AI\LudotsProd\src\Core\Ludots.Core.csproj]
C:\001_AI\LudotsProd\src\Core\Input\Interaction\CommandIntentProfile.cs(97,55): warning CS8618: 在退出构造函数时，不可为 null 的 属性 "Target" 必须包含非 null 值。请考虑添加 "required" 修饰符或将该 属性 声明为可为 null。 [C:\001_AI\LudotsProd\src\Core\Ludots.Core.csproj]
C:\001_AI\LudotsProd\src\Core\Input\Interaction\CommandIntentProfile.cs(98,45): warning CS8618: 在退出构造函数时，不可为 null 的 属性 "Route" 必须包含非 null 值。请考虑添加 "required" 修饰符或将该 属性 声明为可为 null。 [C:\001_AI\LudotsProd\src\Core\Ludots.Core.csproj]
C:\001_AI\LudotsProd\src\Core\Input\Interaction\CommandIntentProfile.cs(82,51): warning CS8618: 在退出构造函数时，不可为 null 的 属性 "GroupPolicy" 必须包含非 null 值。请考虑添加 "required" 修饰符或将该 属性 声明为可为 null。 [C:\001_AI\LudotsProd\src\Core\Ludots.Core.csproj]
C:\001_AI\LudotsProd\src\Core\Input\Interaction\CommandIntentProfile.cs(83,50): warning CS8618: 在退出构造函数时，不可为 null 的 属性 "Rules" 必须包含非 null 值。请考虑添加 "required" 修饰符或将该 属性 声明为可为 null。 [C:\001_AI\LudotsProd\src\Core\Ludots.Core.csproj]
C:\001_AI\LudotsProd\src\Core\Input\Interaction\CommandIntentProfile.cs(75,53): warning CS8618: 在退出构造函数时，不可为 null 的 属性 "Profiles" 必须包含非 null 值。请考虑添加 "required" 修饰符或将该 属性 声明为可为 null。 [C:\001_AI\LudotsProd\src\Core\Ludots.Core.csproj]
C:\001_AI\LudotsProd\src\Core\Input\Interaction\ClientCastPreferenceStore.cs(418,24): warning CS8603: 可能返回 null 引用。 [C:\001_AI\LudotsProd\src\Core\Ludots.Core.csproj]
C:\001_AI\LudotsProd\src\Core\Input\Interaction\ClientCastPreferenceStore.cs(434,24): warning CS8603: 可能返回 null 引用。 [C:\001_AI\LudotsProd\src\Core\Ludots.Core.csproj]
C:\001_AI\LudotsProd\src\Core\Config\ComponentRegistry.cs(1751,56): warning CS8600: 将 null 文本或可能的 null 值转换为不可为 null 类型。 [C:\001_AI\LudotsProd\src\Core\Ludots.Core.csproj]
C:\001_AI\LudotsProd\src\Core\Config\ComponentRegistry.cs(1782,56): warning CS8600: 将 null 文本或可能的 null 值转换为不可为 null 类型。 [C:\001_AI\LudotsProd\src\Core\Ludots.Core.csproj]
C:\001_AI\LudotsProd\src\Core\Gameplay\Items\InventoryRuntimeService.cs(863,78): warning CS8625: 无法将 null 字面量转换为非 null 的引用类型。 [C:\001_AI\LudotsProd\src\Core\Ludots.Core.csproj]
C:\001_AI\LudotsProd\src\Core\Navigation\Pathing\PathServiceRouter.cs(16,21): warning CS8625: 无法将 null 字面量转换为非 null 的引用类型。 [C:\001_AI\LudotsProd\src\Core\Ludots.Core.csproj]
C:\001_AI\LudotsProd\src\Core\Navigation\Pathing\PathServiceRouter.cs(12,16): warning CS8618: 在退出构造函数时，不可为 null 的 字段 "_auto" 必须包含非 null 值。请考虑添加 "required" 修饰符或将该 字段 声明为可为 null。 [C:\001_AI\LudotsProd\src\Core\Ludots.Core.csproj]
C:\001_AI\LudotsProd\src\Core\Gameplay\Spawning\RuntimeEntitySpawnSystem.cs(1250,61): warning CS8600: 将 null 文本或可能的 null 值转换为不可为 null 类型。 [C:\001_AI\LudotsProd\src\Core\Ludots.Core.csproj]
C:\001_AI\LudotsProd\src\Core\Navigation\Pathing\NodeGraphPathServiceAdapter.cs(22,29): warning CS8625: 无法将 null 字面量转换为非 null 的引用类型。 [C:\001_AI\LudotsProd\src\Core\Ludots.Core.csproj]
C:\001_AI\LudotsProd\src\Core\Navigation\Pathing\NodeGraphPathServiceAdapter.cs(19,16): warning CS8618: 在退出构造函数时，不可为 null 的 字段 "_graphRuntime" 必须包含非 null 值。请考虑添加 "required" 修饰符或将该 字段 声明为可为 null。 [C:\001_AI\LudotsProd\src\Core\Ludots.Core.csproj]
C:\001_AI\LudotsProd\src\Core\Navigation\Pathing\NodeGraphPathServiceAdapter.cs(31,22): warning CS8625: 无法将 null 字面量转换为非 null 的引用类型。 [C:\001_AI\LudotsProd\src\Core\Ludots.Core.csproj]
C:\001_AI\LudotsProd\src\Core\Navigation\Pathing\NodeGraphPathServiceAdapter.cs(28,16): warning CS8618: 在退出构造函数时，不可为 null 的 字段 "_graph" 必须包含非 null 值。请考虑添加 "required" 修饰符或将该 字段 声明为可为 null。 [C:\001_AI\LudotsProd\src\Core\Ludots.Core.csproj]
C:\001_AI\LudotsProd\src\Core\Gameplay\Spawning\RuntimeEntitySpawnSystem.cs(1286,52): warning CS8600: 将 null 文本或可能的 null 值转换为不可为 null 类型。 [C:\001_AI\LudotsProd\src\Core\Ludots.Core.csproj]
C:\001_AI\LudotsProd\src\Core\Gameplay\Items\InventoryRuntimeService.cs(1058,88): warning CS8625: 无法将 null 字面量转换为非 null 的引用类型。 [C:\001_AI\LudotsProd\src\Core\Ludots.Core.csproj]
C:\001_AI\LudotsProd\src\Core\UI\PanelHosting\PanelTemplateCatalogLoader.cs(29,53): warning CS8604: “ConfigCatalogEntry ConfigPipeline.RequireEntry(ConfigCatalog catalog, string path, ConfigMergePolicy defaultPolicy, string defaultIdField = "id")”中的形参“catalog”可能传入 null 引用实参。 [C:\001_AI\LudotsProd\src\Core\Ludots.Core.csproj]
C:\001_AI\LudotsProd\src\Core\UI\PanelHosting\PanelTemplateCatalogLoader.cs(30,99): warning CS8604: “IReadOnlyList<MergedConfigEntry> ConfigPipeline.MergeArrayByIdFromCatalog(in ConfigCatalogEntry entry, ConfigConflictReport report = null)”中的形参“report”可能传入 null 引用实参。 [C:\001_AI\LudotsProd\src\Core\Ludots.Core.csproj]
C:\001_AI\LudotsProd\src\Core\Gameplay\Items\InventoryRuntimeService.cs(1097,100): warning CS8625: 无法将 null 字面量转换为非 null 的引用类型。 [C:\001_AI\LudotsProd\src\Core\Ludots.Core.csproj]
C:\001_AI\LudotsProd\src\Core\UI\PanelHosting\PanelHost.cs(84,13): warning CS8602: 解引用可能出现空引用。 [C:\001_AI\LudotsProd\src\Core\Ludots.Core.csproj]
C:\001_AI\LudotsProd\src\Core\UI\PanelHosting\PanelHost.cs(163,35): warning CS8604: “PanelVariableSet PanelHost.Snapshot(Entry entry)”中的形参“entry”可能传入 null 引用实参。 [C:\001_AI\LudotsProd\src\Core\Ludots.Core.csproj]
C:\001_AI\LudotsProd\src\Core\UI\PanelHosting\PanelHost.cs(175,26): warning CS8602: 解引用可能出现空引用。 [C:\001_AI\LudotsProd\src\Core\Ludots.Core.csproj]
C:\001_AI\LudotsProd\src\Core\UI\PanelHosting\PanelHost.cs(187,25): warning CS8602: 解引用可能出现空引用。 [C:\001_AI\LudotsProd\src\Core\Ludots.Core.csproj]
C:\001_AI\LudotsProd\src\Core\UI\PanelHosting\PanelHost.cs(199,30): warning CS8602: 解引用可能出现空引用。 [C:\001_AI\LudotsProd\src\Core\Ludots.Core.csproj]
C:\001_AI\LudotsProd\src\Core\Navigation\Pathing\Config\PathingConfig.cs(59,23): warning CS8618: 在退出构造函数时，不可为 null 的 属性 "Tag" 必须包含非 null 值。请考虑添加 "required" 修饰符或将该 属性 声明为可为 null。 [C:\001_AI\LudotsProd\src\Core\Ludots.Core.csproj]
C:\001_AI\LudotsProd\src\Core\Navigation\Pathing\Config\PathingConfig.cs(13,23): warning CS8618: 在退出构造函数时，不可为 null 的 属性 "Id" 必须包含非 null 值。请考虑添加 "required" 修饰符或将该 属性 声明为可为 null。 [C:\001_AI\LudotsProd\src\Core\Ludots.Core.csproj]
C:\001_AI\LudotsProd\src\Core\Navigation\Pathing\Config\PathingConfig.cs(14,23): warning CS8618: 在退出构造函数时，不可为 null 的 属性 "ProfileId" 必须包含非 null 值。请考虑添加 "required" 修饰符或将该 属性 声明为可为 null。 [C:\001_AI\LudotsProd\src\Core\Ludots.Core.csproj]
C:\001_AI\LudotsProd\src\Core\UI\PanelHosting\PanelHost.cs(319,20): warning CS8603: 可能返回 null 引用。 [C:\001_AI\LudotsProd\src\Core\Ludots.Core.csproj]
C:\001_AI\LudotsProd\src\Core\Navigation\Pathing\AutoPathService.cs(39,29): warning CS8625: 无法将 null 字面量转换为非 null 的引用类型。 [C:\001_AI\LudotsProd\src\Core\Ludots.Core.csproj]
C:\001_AI\LudotsProd\src\Core\Navigation\Pathing\AutoPathService.cs(35,16): warning CS8618: 在退出构造函数时，不可为 null 的 字段 "_graphRuntime" 必须包含非 null 值。请考虑添加 "required" 修饰符或将该 字段 声明为可为 null。 [C:\001_AI\LudotsProd\src\Core\Ludots.Core.csproj]
C:\001_AI\LudotsProd\src\Core\Navigation\Pathing\AutoPathService.cs(66,22): warning CS8625: 无法将 null 字面量转换为非 null 的引用类型。 [C:\001_AI\LudotsProd\src\Core\Ludots.Core.csproj]
C:\001_AI\LudotsProd\src\Core\Navigation\Pathing\AutoPathService.cs(67,27): warning CS8625: 无法将 null 字面量转换为非 null 的引用类型。 [C:\001_AI\LudotsProd\src\Core\Ludots.Core.csproj]
C:\001_AI\LudotsProd\src\Core\Navigation\Pathing\AutoPathService.cs(63,16): warning CS8618: 在退出构造函数时，不可为 null 的 字段 "_graph" 必须包含非 null 值。请考虑添加 "required" 修饰符或将该 字段 声明为可为 null。 [C:\001_AI\LudotsProd\src\Core\Ludots.Core.csproj]
C:\001_AI\LudotsProd\src\Core\Navigation\Pathing\AutoPathService.cs(63,16): warning CS8618: 在退出构造函数时，不可为 null 的 字段 "_graphIndex" 必须包含非 null 值。请考虑添加 "required" 修饰符或将该 字段 声明为可为 null。 [C:\001_AI\LudotsProd\src\Core\Ludots.Core.csproj]
C:\001_AI\LudotsProd\src\Core\Navigation\AOI\HexGridAOI.cs(29,35): warning CS8618: 在退出构造函数时，不可为 null 的 事件 "ChunkLoaded" 必须包含非 null 值。请考虑添加 "required" 修饰符或将该 事件 声明为可为 null。 [C:\001_AI\LudotsProd\src\Core\Ludots.Core.csproj]
C:\001_AI\LudotsProd\src\Core\Navigation\AOI\HexGridAOI.cs(30,35): warning CS8618: 在退出构造函数时，不可为 null 的 事件 "ChunkUnloaded" 必须包含非 null 值。请考虑添加 "required" 修饰符或将该 事件 声明为可为 null。 [C:\001_AI\LudotsProd\src\Core\Ludots.Core.csproj]
C:\001_AI\LudotsProd\src\Core\Gameplay\GAS\Systems\OrderBufferSystem.cs(501,22): warning CS8625: 无法将 null 字面量转换为非 null 的引用类型。 [C:\001_AI\LudotsProd\src\Core\Ludots.Core.csproj]
C:\001_AI\LudotsProd\src\Core\Navigation\Pathing\AutoPathService.cs(95,29): warning CS8625: 无法将 null 字面量转换为非 null 的引用类型。 [C:\001_AI\LudotsProd\src\Core\Ludots.Core.csproj]
C:\001_AI\LudotsProd\src\Core\Navigation\Pathing\AutoPathService.cs(91,16): warning CS8618: 在退出构造函数时，不可为 null 的 字段 "_graphRuntime" 必须包含非 null 值。请考虑添加 "required" 修饰符或将该 字段 声明为可为 null。 [C:\001_AI\LudotsProd\src\Core\Ludots.Core.csproj]
C:\001_AI\LudotsProd\src\Core\NodeLibraries\GASGraph\Host\GraphProgramConfigLoader.cs(138,92): warning CS8600: 将 null 文本或可能的 null 值转换为不可为 null 类型。 [C:\001_AI\LudotsProd\src\Core\Ludots.Core.csproj]
C:\001_AI\LudotsProd\src\Core\Navigation\GraphWorld\ChunkedNodeGraphStore.cs(38,33): warning CS8625: 无法将 null 字面量转换为非 null 的引用类型。 [C:\001_AI\LudotsProd\src\Core\Ludots.Core.csproj]
C:\001_AI\LudotsProd\src\Core\Navigation\Pathing\AutoPathService.cs(122,22): warning CS8625: 无法将 null 字面量转换为非 null 的引用类型。 [C:\001_AI\LudotsProd\src\Core\Ludots.Core.csproj]
C:\001_AI\LudotsProd\src\Core\Navigation\Pathing\AutoPathService.cs(123,27): warning CS8625: 无法将 null 字面量转换为非 null 的引用类型。 [C:\001_AI\LudotsProd\src\Core\Ludots.Core.csproj]
C:\001_AI\LudotsProd\src\Core\Navigation\Pathing\AutoPathService.cs(119,16): warning CS8618: 在退出构造函数时，不可为 null 的 字段 "_graph" 必须包含非 null 值。请考虑添加 "required" 修饰符或将该 字段 声明为可为 null。 [C:\001_AI\LudotsProd\src\Core\Ludots.Core.csproj]
C:\001_AI\LudotsProd\src\Core\Navigation\Pathing\AutoPathService.cs(119,16): warning CS8618: 在退出构造函数时，不可为 null 的 字段 "_graphIndex" 必须包含非 null 值。请考虑添加 "required" 修饰符或将该 字段 声明为可为 null。 [C:\001_AI\LudotsProd\src\Core\Ludots.Core.csproj]
C:\001_AI\LudotsProd\src\Core\Navigation\GraphWorld\ChunkedNodeGraphStore.cs(78,54): warning CS8601: 可能的 null 引用赋值。 [C:\001_AI\LudotsProd\src\Core\Ludots.Core.csproj]
C:\001_AI\LudotsProd\src\Core\Navigation\GraphWorld\ChunkedNodeGraphStore.cs(11,31): warning CS8618: 在退出构造函数时，不可为 null 的 字段 "_loadedChunks" 必须包含非 null 值。请考虑添加 "required" 修饰符或将该 字段 声明为可为 null。 [C:\001_AI\LudotsProd\src\Core\Ludots.Core.csproj]
C:\001_AI\LudotsProd\src\Core\Navigation\GraphWorld\LoadedGraphRuntime.cs(87,43): warning CS8625: 无法将 null 字面量转换为非 null 的引用类型。 [C:\001_AI\LudotsProd\src\Core\Ludots.Core.csproj]
C:\001_AI\LudotsProd\src\Core\Navigation\GraphWorld\WorldGridLoadedChunks.cs(29,16): warning CS8618: 在退出构造函数时，不可为 null 的 事件 "ChunkLoaded" 必须包含非 null 值。请考虑添加 "required" 修饰符或将该 事件 声明为可为 null。 [C:\001_AI\LudotsProd\src\Core\Ludots.Core.csproj]
C:\001_AI\LudotsProd\src\Core\Navigation\GraphWorld\WorldGridLoadedChunks.cs(29,16): warning CS8618: 在退出构造函数时，不可为 null 的 事件 "ChunkUnloaded" 必须包含非 null 值。请考虑添加 "required" 修饰符或将该 事件 声明为可为 null。 [C:\001_AI\LudotsProd\src\Core\Ludots.Core.csproj]
C:\001_AI\LudotsProd\src\Core\Navigation\NavMesh\NavTileStore.cs(34,52): warning CS8601: 可能的 null 引用赋值。 [C:\001_AI\LudotsProd\src\Core\Ludots.Core.csproj]
C:\001_AI\LudotsProd\src\Core\Navigation\NavMesh\NavTileStore.cs(87,22): warning CS8601: 可能的 null 引用赋值。 [C:\001_AI\LudotsProd\src\Core\Ludots.Core.csproj]
C:\001_AI\LudotsProd\src\Core\Engine\GameEngine.cs(2414,73): warning CS8625: 无法将 null 字面量转换为非 null 的引用类型。 [C:\001_AI\LudotsProd\src\Core\Ludots.Core.csproj]
C:\001_AI\LudotsProd\src\Core\UI\EntityCommandPanels\AbilityAggregationProfileRegistry.cs(196,69): warning CS8600: 将 null 文本或可能的 null 值转换为不可为 null 类型。 [C:\001_AI\LudotsProd\src\Core\Ludots.Core.csproj]
C:\001_AI\LudotsProd\src\Core\Engine\GameEngine.cs(2534,38): warning CS8625: 无法将 null 字面量转换为非 null 的引用类型。 [C:\001_AI\LudotsProd\src\Core\Ludots.Core.csproj]
C:\001_AI\LudotsProd\src\Core\Navigation\NavMesh\Config\NavMeshBakeConfigLoader.cs(106,52): warning CS8604: “ConfigPipeline.ConfigPipeline(VirtualFileSystem vfs, ModLoader modLoader)”中的形参“modLoader”可能传入 null 引用实参。 [C:\001_AI\LudotsProd\src\Core\Ludots.Core.csproj]
C:\001_AI\LudotsProd\src\Core\UI\EntityCommandPanels\AbilityAggregationProfileRegistry.cs(342,50): warning CS8618: 在退出构造函数时，不可为 null 的 字段 "Selector" 必须包含非 null 值。请考虑添加 "required" 修饰符或将该 字段 声明为可为 null。 [C:\001_AI\LudotsProd\src\Core\Ludots.Core.csproj]
C:\001_AI\LudotsProd\src\Core\Navigation\NavMesh\NavTileModels.cs(94,29): warning CS8625: 无法将 null 字面量转换为非 null 的引用类型。 [C:\001_AI\LudotsProd\src\Core\Ludots.Core.csproj]
C:\001_AI\LudotsProd\src\Core\Navigation\NavMesh\Bake\Triangulator.cs(81,21): warning CS8625: 无法将 null 字面量转换为非 null 的引用类型。 [C:\001_AI\LudotsProd\src\Core\Ludots.Core.csproj]
C:\001_AI\LudotsProd\src\Core\Engine\GameEngine.cs(2582,36): warning CS8600: 将 null 文本或可能的 null 值转换为不可为 null 类型。 [C:\001_AI\LudotsProd\src\Core\Ludots.Core.csproj]
C:\001_AI\LudotsProd\src\Core\Engine\GameEngine.cs(2583,71): warning CS8604: “MapSession MapSessionManager.CreateSession(MapId mapId, MapConfig mapConfig, MapContext parentContext = null)”中的形参“parentContext”可能传入 null 引用实参。 [C:\001_AI\LudotsProd\src\Core\Ludots.Core.csproj]
C:\001_AI\LudotsProd\src\Core\Navigation\NavMesh\Bake\Triangulator.cs(120,21): warning CS8625: 无法将 null 字面量转换为非 null 的引用类型。 [C:\001_AI\LudotsProd\src\Core\Ludots.Core.csproj]
C:\001_AI\LudotsProd\src\Core\Engine\GameEngine.cs(2708,38): warning CS8625: 无法将 null 字面量转换为非 null 的引用类型。 [C:\001_AI\LudotsProd\src\Core\Ludots.Core.csproj]
C:\001_AI\LudotsProd\src\Core\Physics\PhysicsWorld.cs(23,16): warning CS8618: 在退出构造函数时，不可为 null 的 字段 "_cells" 必须包含非 null 值。请考虑添加 "required" 修饰符或将该 字段 声明为可为 null。 [C:\001_AI\LudotsProd\src\Core\Ludots.Core.csproj]
C:\001_AI\LudotsProd\src\Core\Navigation\NavMesh\Bake\Triangulator.cs(179,21): warning CS8625: 无法将 null 字面量转换为非 null 的引用类型。 [C:\001_AI\LudotsProd\src\Core\Ludots.Core.csproj]
C:\001_AI\LudotsProd\src\Core\Navigation\NavMesh\NavTileBuilder.cs(83,24): warning CS8625: 无法将 null 字面量转换为非 null 的引用类型。 [C:\001_AI\LudotsProd\src\Core\Ludots.Core.csproj]
C:\001_AI\LudotsProd\src\Core\UI\EntityCommandPanels\AbilityAggregationProfile.cs(25,23): warning CS8618: 在退出构造函数时，不可为 null 的 属性 "Overflow" 必须包含非 null 值。请考虑添加 "required" 修饰符或将该 属性 声明为可为 null。 [C:\001_AI\LudotsProd\src\Core\Ludots.Core.csproj]
C:\001_AI\LudotsProd\src\Core\UI\EntityCommandPanels\AbilityAggregationProfile.cs(12,58): warning CS8618: 在退出构造函数时，不可为 null 的 属性 "Profiles" 必须包含非 null 值。请考虑添加 "required" 修饰符或将该 属性 声明为可为 null。 [C:\001_AI\LudotsProd\src\Core\Ludots.Core.csproj]
C:\001_AI\LudotsProd\src\Core\Navigation\NavMesh\NavTileBuilder.cs(100,20): warning CS8625: 无法将 null 字面量转换为非 null 的引用类型。 [C:\001_AI\LudotsProd\src\Core\Ludots.Core.csproj]
C:\001_AI\LudotsProd\src\Core\Navigation\NavMesh\Bake\BakeArtifactBuilder.cs(35,16): warning CS8618: 在退出构造函数时，不可为 null 的 属性 "ContourRings" 必须包含非 null 值。请考虑添加 "required" 修饰符或将该 属性 声明为可为 null。 [C:\001_AI\LudotsProd\src\Core\Ludots.Core.csproj]
C:\001_AI\LudotsProd\src\Core\Presentation\Camera\CoreScreenProjector.cs(27,16): warning CS8618: 在退出构造函数时，不可为 null 的 字段 "_presenter" 必须包含非 null 值。请考虑添加 "required" 修饰符或将该 字段 声明为可为 null。 [C:\001_AI\LudotsProd\src\Core\Ludots.Core.csproj]
C:\001_AI\LudotsProd\src\Core\Engine\GameEngine.cs(2955,30): warning CS8625: 无法将 null 字面量转换为非 null 的引用类型。 [C:\001_AI\LudotsProd\src\Core\Ludots.Core.csproj]
C:\001_AI\LudotsProd\src\Core\Navigation\NavMesh\Bake\RuntimeIncrementalNavMeshRebuildQueue.cs(341,48): warning CS8600: 将 null 文本或可能的 null 值转换为不可为 null 类型。 [C:\001_AI\LudotsProd\src\Core\Ludots.Core.csproj]
C:\001_AI\LudotsProd\src\Core\Navigation\NavMesh\Bake\RuntimeIncrementalNavMeshRebuildQueue.cs(351,70): warning CS8625: 无法将 null 字面量转换为非 null 的引用类型。 [C:\001_AI\LudotsProd\src\Core\Ludots.Core.csproj]
C:\001_AI\LudotsProd\src\Core\Navigation\NavMesh\Bake\RuntimeIncrementalNavMeshRebuildQueue.cs(355,62): warning CS8625: 无法将 null 字面量转换为非 null 的引用类型。 [C:\001_AI\LudotsProd\src\Core\Ludots.Core.csproj]
C:\001_AI\LudotsProd\src\Core\Navigation\NavMesh\Bake\RuntimeIncrementalNavMeshRebuildQueue.cs(371,28): warning CS8625: 无法将 null 字面量转换为非 null 的引用类型。 [C:\001_AI\LudotsProd\src\Core\Ludots.Core.csproj]
C:\001_AI\LudotsProd\src\Core\Scripting\TriggerManager.cs(99,20): warning CS8603: 可能返回 null 引用。 [C:\001_AI\LudotsProd\src\Core\Ludots.Core.csproj]
C:\001_AI\LudotsProd\src\Core\Scripting\TriggerManager.cs(124,54): warning CS8600: 将 null 文本或可能的 null 值转换为不可为 null 类型。 [C:\001_AI\LudotsProd\src\Core\Ludots.Core.csproj]
C:\001_AI\LudotsProd\src\Core\Scripting\TriggerManager.cs(142,54): warning CS8600: 将 null 文本或可能的 null 值转换为不可为 null 类型。 [C:\001_AI\LudotsProd\src\Core\Ludots.Core.csproj]
C:\001_AI\LudotsProd\src\Core\Engine\GameEngine.cs(2986,25): warning CS8625: 无法将 null 字面量转换为非 null 的引用类型。 [C:\001_AI\LudotsProd\src\Core\Ludots.Core.csproj]
C:\001_AI\LudotsProd\src\Core\Engine\GameEngine.cs(2987,28): warning CS8625: 无法将 null 字面量转换为非 null 的引用类型。 [C:\001_AI\LudotsProd\src\Core\Ludots.Core.csproj]
C:\001_AI\LudotsProd\src\Core\Engine\GameEngine.cs(2996,39): warning CS8600: 将 null 文本或可能的 null 值转换为不可为 null 类型。 [C:\001_AI\LudotsProd\src\Core\Ludots.Core.csproj]
C:\001_AI\LudotsProd\src\Core\Engine\GameEngine.cs(3002,81): warning CS8604: “LogicTerrainField GameEngine.LoadGridTerrainFromFile(string dataFile, BoardConfig boardConfig)”中的形参“boardConfig”可能传入 null 引用实参。 [C:\001_AI\LudotsProd\src\Core\Ludots.Core.csproj]
C:\001_AI\LudotsProd\src\Core\Scripting\TriggerManager.cs(173,66): warning CS8600: 将 null 文本或可能的 null 值转换为不可为 null 类型。 [C:\001_AI\LudotsProd\src\Core\Ludots.Core.csproj]
C:\001_AI\LudotsProd\src\Core\Engine\GameEngine.cs(3065,50): warning CS8603: 可能返回 null 引用。 [C:\001_AI\LudotsProd\src\Core\Ludots.Core.csproj]
C:\001_AI\LudotsProd\src\Core\Engine\GameEngine.cs(3073,20): warning CS8603: 可能返回 null 引用。 [C:\001_AI\LudotsProd\src\Core\Ludots.Core.csproj]
C:\001_AI\LudotsProd\src\Core\Scripting\TriggerManager.cs(191,59): warning CS8600: 将 null 文本或可能的 null 值转换为不可为 null 类型。 [C:\001_AI\LudotsProd\src\Core\Ludots.Core.csproj]
C:\001_AI\LudotsProd\src\Core\Scripting\TriggerManager.cs(192,66): warning CS8600: 将 null 文本或可能的 null 值转换为不可为 null 类型。 [C:\001_AI\LudotsProd\src\Core\Ludots.Core.csproj]
C:\001_AI\LudotsProd\src\Core\UI\CommandDeck\CommandDeckContracts.cs(48,51): warning CS8618: 在退出构造函数时，不可为 null 的 属性 "Profiles" 必须包含非 null 值。请考虑添加 "required" 修饰符或将该 属性 声明为可为 null。 [C:\001_AI\LudotsProd\src\Core\Ludots.Core.csproj]
C:\001_AI\LudotsProd\src\Core\Navigation\NavMesh\NavQueryServiceRegistry.cs(43,84): warning CS8601: 可能的 null 引用赋值。 [C:\001_AI\LudotsProd\src\Core\Ludots.Core.csproj]
C:\001_AI\LudotsProd\src\Core\Navigation\NavMesh\Bake\BakePipeline.cs(34,30): warning CS8618: 在退出构造函数时，不可为 null 的 字段 "ContourRings" 必须包含非 null 值。请考虑添加 "required" 修饰符或将该 字段 声明为可为 null。 [C:\001_AI\LudotsProd\src\Core\Ludots.Core.csproj]
C:\001_AI\LudotsProd\src\Core\Navigation\NavMesh\NavQueryServiceRegistry.cs(53,23): warning CS8625: 无法将 null 字面量转换为非 null 的引用类型。 [C:\001_AI\LudotsProd\src\Core\Ludots.Core.csproj]
C:\001_AI\LudotsProd\src\Core\Engine\GameEngine.cs(3118,61): warning CS8603: 可能返回 null 引用。 [C:\001_AI\LudotsProd\src\Core\Ludots.Core.csproj]
C:\001_AI\LudotsProd\src\Core\Engine\GameEngine.cs(3139,29): warning CS8600: 将 null 文本或可能的 null 值转换为不可为 null 类型。 [C:\001_AI\LudotsProd\src\Core\Ludots.Core.csproj]
C:\001_AI\LudotsProd\src\Core\Engine\GameEngine.cs(3157,40): warning CS8603: 可能返回 null 引用。 [C:\001_AI\LudotsProd\src\Core\Ludots.Core.csproj]
C:\001_AI\LudotsProd\src\Core\Engine\GameEngine.cs(3167,24): warning CS8603: 可能返回 null 引用。 [C:\001_AI\LudotsProd\src\Core\Ludots.Core.csproj]
C:\001_AI\LudotsProd\src\Core\Engine\GameEngine.cs(3136,32): warning CS8603: 可能返回 null 引用。 [C:\001_AI\LudotsProd\src\Core\Ludots.Core.csproj]
C:\001_AI\LudotsProd\src\Core\Navigation\NavMesh\Bake\BakePipeline.cs(77,54): warning CS8625: 无法将 null 字面量转换为非 null 的引用类型。 [C:\001_AI\LudotsProd\src\Core\Ludots.Core.csproj]
C:\001_AI\LudotsProd\src\Core\Scripting\FunctionRegistry.cs(41,20): warning CS8603: 可能返回 null 引用。 [C:\001_AI\LudotsProd\src\Core\Ludots.Core.csproj]
C:\001_AI\LudotsProd\src\Core\TransportNetwork\TransportNetworkBakedAsset.cs(32,59): warning CS8601: 可能的 null 引用赋值。 [C:\001_AI\LudotsProd\src\Core\Ludots.Core.csproj]
C:\001_AI\LudotsProd\src\Core\TransportNetwork\TransportNetworkBakedAsset.cs(37,60): warning CS8601: 可能的 null 引用赋值。 [C:\001_AI\LudotsProd\src\Core\Ludots.Core.csproj]
C:\001_AI\LudotsProd\src\Core\Scripting\FunctionRegistry.cs(15,44): warning CS8618: 在退出构造函数时，不可为 null 的 字段 "_conflictReport" 必须包含非 null 值。请考虑添加 "required" 修饰符或将该 字段 声明为可为 null。 [C:\001_AI\LudotsProd\src\Core\Ludots.Core.csproj]
C:\001_AI\LudotsProd\src\Core\NodeLibraries\GASGraph\Host\GraphLookupTableLoader.cs(32,53): warning CS8604: “ConfigCatalogEntry ConfigPipeline.RequireEntry(ConfigCatalog catalog, string path, ConfigMergePolicy defaultPolicy, string defaultIdField = "id")”中的形参“catalog”可能传入 null 引用实参。 [C:\001_AI\LudotsProd\src\Core\Ludots.Core.csproj]
C:\001_AI\LudotsProd\src\Core\NodeLibraries\GASGraph\Host\GraphLookupTableLoader.cs(33,99): warning CS8604: “IReadOnlyList<MergedConfigEntry> ConfigPipeline.MergeArrayByIdFromCatalog(in ConfigCatalogEntry entry, ConfigConflictReport report = null)”中的形参“report”可能传入 null 引用实参。 [C:\001_AI\LudotsProd\src\Core\Ludots.Core.csproj]
C:\001_AI\LudotsProd\src\Core\Navigation\NavMesh\Bake\BakePipeline.cs(110,54): warning CS8625: 无法将 null 字面量转换为非 null 的引用类型。 [C:\001_AI\LudotsProd\src\Core\Ludots.Core.csproj]
C:\001_AI\LudotsProd\src\Core\Navigation\NavMesh\Bake\BakePipeline.cs(123,54): warning CS8625: 无法将 null 字面量转换为非 null 的引用类型。 [C:\001_AI\LudotsProd\src\Core\Ludots.Core.csproj]
C:\001_AI\LudotsProd\src\Core\Navigation\NavMesh\Bake\BakePipeline.cs(148,54): warning CS8625: 无法将 null 字面量转换为非 null 的引用类型。 [C:\001_AI\LudotsProd\src\Core\Ludots.Core.csproj]
C:\001_AI\LudotsProd\src\Core\Navigation\NavMesh\Bake\BakePipeline.cs(162,54): warning CS8625: 无法将 null 字面量转换为非 null 的引用类型。 [C:\001_AI\LudotsProd\src\Core\Ludots.Core.csproj]
C:\001_AI\LudotsProd\src\Core\Scripting\ScriptContext.cs(50,20): warning CS8603: 可能返回 null 引用。 [C:\001_AI\LudotsProd\src\Core\Ludots.Core.csproj]
C:\001_AI\LudotsProd\src\Core\Engine\GameEngine.cs(3177,61): warning CS8603: 可能返回 null 引用。 [C:\001_AI\LudotsProd\src\Core\Ludots.Core.csproj]
C:\001_AI\LudotsProd\src\Core\Engine\GameEngine.cs(3198,29): warning CS8600: 将 null 文本或可能的 null 值转换为不可为 null 类型。 [C:\001_AI\LudotsProd\src\Core\Ludots.Core.csproj]
C:\001_AI\LudotsProd\src\Core\Engine\GameEngine.cs(3216,40): warning CS8603: 可能返回 null 引用。 [C:\001_AI\LudotsProd\src\Core\Ludots.Core.csproj]
C:\001_AI\LudotsProd\src\Core\Engine\GameEngine.cs(3225,24): warning CS8603: 可能返回 null 引用。 [C:\001_AI\LudotsProd\src\Core\Ludots.Core.csproj]
C:\001_AI\LudotsProd\src\Core\Engine\GameEngine.cs(3195,32): warning CS8603: 可能返回 null 引用。 [C:\001_AI\LudotsProd\src\Core\Ludots.Core.csproj]
C:\001_AI\LudotsProd\src\Core\TransportNetwork\TransportNetworkBaker.cs(172,61): warning CS8600: 将 null 文本或可能的 null 值转换为不可为 null 类型。 [C:\001_AI\LudotsProd\src\Core\Ludots.Core.csproj]
C:\001_AI\LudotsProd\src\Core\TransportNetwork\TransportNetworkBaker.cs(204,90): warning CS8600: 将 null 文本或可能的 null 值转换为不可为 null 类型。 [C:\001_AI\LudotsProd\src\Core\Ludots.Core.csproj]
C:\001_AI\LudotsProd\src\Core\TransportNetwork\TransportNetworkBaker.cs(207,95): warning CS8600: 将 null 文本或可能的 null 值转换为不可为 null 类型。 [C:\001_AI\LudotsProd\src\Core\Ludots.Core.csproj]
C:\001_AI\LudotsProd\src\Core\Systems\MapLoader.cs(55,16): warning CS8618: 在退出构造函数时，不可为 null 的 字段 "_effectRequests" 必须包含非 null 值。请考虑添加 "required" 修饰符或将该 字段 声明为可为 null。 [C:\001_AI\LudotsProd\src\Core\Ludots.Core.csproj]
C:\001_AI\LudotsProd\src\Core\Systems\MapLoader.cs(55,16): warning CS8618: 在退出构造函数时，不可为 null 的 字段 "_stableIds" 必须包含非 null 值。请考虑添加 "required" 修饰符或将该 字段 声明为可为 null。 [C:\001_AI\LudotsProd\src\Core\Ludots.Core.csproj]
C:\001_AI\LudotsProd\src\Core\Systems\MapLoader.cs(55,16): warning CS8618: 在退出构造函数时，不可为 null 的 字段 "_presenterRuntime" 必须包含非 null 值。请考虑添加 "required" 修饰符或将该 字段 声明为可为 null。 [C:\001_AI\LudotsProd\src\Core\Ludots.Core.csproj]
C:\001_AI\LudotsProd\src\Core\Systems\MapLoader.cs(55,16): warning CS8618: 在退出构造函数时，不可为 null 的 字段 "_presenterDefinitions" 必须包含非 null 值。请考虑添加 "required" 修饰符或将该 字段 声明为可为 null。 [C:\001_AI\LudotsProd\src\Core\Ludots.Core.csproj]
C:\001_AI\LudotsProd\src\Core\Systems\MapLoader.cs(55,16): warning CS8618: 在退出构造函数时，不可为 null 的 字段 "_presenterBootstrap" 必须包含非 null 值。请考虑添加 "required" 修饰符或将该 字段 声明为可为 null。 [C:\001_AI\LudotsProd\src\Core\Ludots.Core.csproj]
C:\001_AI\LudotsProd\src\Core\TransportNetwork\TransportNetworkBaker.cs(246,70): warning CS8600: 将 null 文本或可能的 null 值转换为不可为 null 类型。 [C:\001_AI\LudotsProd\src\Core\Ludots.Core.csproj]
C:\001_AI\LudotsProd\src\Core\TransportNetwork\TransportNetworkBaker.cs(256,66): warning CS8600: 将 null 文本或可能的 null 值转换为不可为 null 类型。 [C:\001_AI\LudotsProd\src\Core\Ludots.Core.csproj]
C:\001_AI\LudotsProd\src\Core\Systems\MapLoader.cs(89,35): warning CS8601: 可能的 null 引用赋值。 [C:\001_AI\LudotsProd\src\Core\Ludots.Core.csproj]
C:\001_AI\LudotsProd\src\Core\Engine\GameEngine.cs(3244,39): warning CS8600: 将 null 文本或可能的 null 值转换为不可为 null 类型。 [C:\001_AI\LudotsProd\src\Core\Ludots.Core.csproj]
C:\001_AI\LudotsProd\src\Core\Engine\GameEngine.cs(3245,38): warning CS8604: “void List<Trigger>.Add(Trigger item)”中的形参“item”可能传入 null 引用实参。 [C:\001_AI\LudotsProd\src\Core\Ludots.Core.csproj]
C:\001_AI\LudotsProd\src\Core\Engine\GameEngine.cs(3264,43): warning CS8600: 将 null 文本或可能的 null 值转换为不可为 null 类型。 [C:\001_AI\LudotsProd\src\Core\Ludots.Core.csproj]
C:\001_AI\LudotsProd\src\Core\Engine\GameEngine.cs(3265,42): warning CS8604: “void List<Trigger>.Add(Trigger item)”中的形参“item”可能传入 null 引用实参。 [C:\001_AI\LudotsProd\src\Core\Ludots.Core.csproj]
C:\001_AI\LudotsProd\src\Core\Engine\GameEngine.cs(3281,17): warning CS8602: 解引用可能出现空引用。 [C:\001_AI\LudotsProd\src\Core\Ludots.Core.csproj]
C:\001_AI\LudotsProd\src\Core\Engine\GameEngine.cs(3330,20): warning CS8603: 可能返回 null 引用。 [C:\001_AI\LudotsProd\src\Core\Ludots.Core.csproj]
C:\001_AI\LudotsProd\src\Core\TransportNetwork\TransportNetworkBaker.cs(300,70): warning CS8600: 将 null 文本或可能的 null 值转换为不可为 null 类型。 [C:\001_AI\LudotsProd\src\Core\Ludots.Core.csproj]
C:\001_AI\LudotsProd\src\Core\NodeLibraries\GASGraph\Host\GraphFunctionCatalogLoader.cs(67,84): warning CS8604: “List<MergedConfigEntry> ConfigMerger.MergeArrayByIdToEntries(IReadOnlyList<ConfigFragment> fragments, in ConfigCatalogEntry entry, ConfigConflictReport report = null)”中的形参“report”可能传入 null 引用实参。 [C:\001_AI\LudotsProd\src\Core\Ludots.Core.csproj]
C:\001_AI\LudotsProd\src\Core\Navigation\NavMesh\Bake\BakePipeline.cs(754,92): warning CS8604: “NavBakeArtifact.NavBakeArtifact(NavTileId tileId, uint tileVersion, NavBakeStage stage, NavBakeErrorCode errorCode, string message, int walkableTriangleCount, int vertexCount, int triangleCount, int portalCount, string[] debugLog = null)”中的形参“debugLog”可能传入 null 引用实参。 [C:\001_AI\LudotsProd\src\Core\Ludots.Core.csproj]
C:\001_AI\LudotsProd\src\Core\Scripting\ServiceKey.cs(92,48): warning CS8601: 可能的 null 引用赋值。 [C:\001_AI\LudotsProd\src\Core\Ludots.Core.csproj]
C:\001_AI\LudotsProd\src\Core\Navigation\NavMesh\Bake\CdtTriangulator.cs(43,21): warning CS8625: 无法将 null 字面量转换为非 null 的引用类型。 [C:\001_AI\LudotsProd\src\Core\Ludots.Core.csproj]
C:\001_AI\LudotsProd\src\Core\Presentation\Config\MeshAssetConfigLoader.cs(45,30): warning CS8600: 将 null 文本或可能的 null 值转换为不可为 null 类型。 [C:\001_AI\LudotsProd\src\Core\Ludots.Core.csproj]
C:\001_AI\LudotsProd\src\Core\Navigation\NavMesh\Bake\CdtTriangulator.cs(71,21): warning CS8625: 无法将 null 字面量转换为非 null 的引用类型。 [C:\001_AI\LudotsProd\src\Core\Ludots.Core.csproj]
C:\001_AI\LudotsProd\src\Core\Presentation\Minimap\MinimapPresentationSystem.cs(105,16): warning CS8618: 在退出构造函数时，不可为 null 的 字段 "_focusCollectionKey" 必须包含非 null 值。请考虑添加 "required" 修饰符或将该 字段 声明为可为 null。 [C:\001_AI\LudotsProd\src\Core\Ludots.Core.csproj]
C:\001_AI\LudotsProd\src\Core\Presentation\Presenters\WorldHudPresentBehavior.cs(102,99): warning CS8600: 将 null 文本或可能的 null 值转换为不可为 null 类型。 [C:\001_AI\LudotsProd\src\Core\Ludots.Core.csproj]
C:\001_AI\LudotsProd\src\Core\Presentation\Config\MeshAssetConfigLoader.cs(63,30): warning CS8600: 将 null 文本或可能的 null 值转换为不可为 null 类型。 [C:\001_AI\LudotsProd\src\Core\Ludots.Core.csproj]
C:\001_AI\LudotsProd\src\Core\Presentation\Config\MeshAssetConfigLoader.cs(84,38): warning CS8600: 将 null 文本或可能的 null 值转换为不可为 null 类型。 [C:\001_AI\LudotsProd\src\Core\Ludots.Core.csproj]
C:\001_AI\LudotsProd\src\Core\NodeLibraries\GASGraph\Host\GraphActionCatalogLoader.cs(50,84): warning CS8604: “List<MergedConfigEntry> ConfigMerger.MergeArrayByIdToEntries(IReadOnlyList<ConfigFragment> fragments, in ConfigCatalogEntry entry, ConfigConflictReport report = null)”中的形参“report”可能传入 null 引用实参。 [C:\001_AI\LudotsProd\src\Core\Ludots.Core.csproj]
C:\001_AI\LudotsProd\src\Core\NodeLibraries\GASGraph\Host\GasGraphRuntimeApi.cs(398,29): warning CS0618: “ContextKeys”已过时:“Use CoreServiceKeys with ServiceKey<T> for type-safe access. This class will be removed in a future release.” [C:\001_AI\LudotsProd\src\Core\Ludots.Core.csproj]
C:\001_AI\LudotsProd\src\Core\Engine\GameEngine.cs(3510,53): warning CS8600: 将 null 文本或可能的 null 值转换为不可为 null 类型。 [C:\001_AI\LudotsProd\src\Core\Ludots.Core.csproj]
C:\001_AI\LudotsProd\src\Core\Engine\GameEngine.cs(3511,45): warning CS8600: 将 null 文本或可能的 null 值转换为不可为 null 类型。 [C:\001_AI\LudotsProd\src\Core\Ludots.Core.csproj]
C:\001_AI\LudotsProd\src\Core\Engine\GameEngine.cs(3519,40): warning CS8600: 将 null 文本或可能的 null 值转换为不可为 null 类型。 [C:\001_AI\LudotsProd\src\Core\Ludots.Core.csproj]
C:\001_AI\LudotsProd\src\Core\Engine\GameEngine.cs(3553,94): warning CS8604: “IPathService GameEngine.CreateDefaultNavMeshPathService(PathingConfig pathingConfig, NavQueryServiceRegistry navRegistry, NavMeshProfileRegistry navProfiles, AgentProfileRegistry agentProfiles, PathStore pathStore)”中的形参“navRegistry”可能传入 null 引用实参。 [C:\001_AI\LudotsProd\src\Core\Ludots.Core.csproj]
C:\001_AI\LudotsProd\src\Core\Engine\GameEngine.cs(3553,107): warning CS8604: “IPathService GameEngine.CreateDefaultNavMeshPathService(PathingConfig pathingConfig, NavQueryServiceRegistry navRegistry, NavMeshProfileRegistry navProfiles, AgentProfileRegistry agentProfiles, PathStore pathStore)”中的形参“navProfiles”可能传入 null 引用实参。 [C:\001_AI\LudotsProd\src\Core\Ludots.Core.csproj]
C:\001_AI\LudotsProd\src\Core\Engine\GameEngine.cs(3557,57): warning CS8604: “PathServiceRouter.PathServiceRouter(IPathService nodeGraph, IPathService navMesh, IPathService auto, PathStore store)”中的形参“nodeGraph”可能传入 null 引用实参。 [C:\001_AI\LudotsProd\src\Core\Ludots.Core.csproj]
C:\001_AI\LudotsProd\src\Core\NodeLibraries\GASGraph\GraphControlFlowCompiler.cs(2029,79): warning CS8600: 将 null 文本或可能的 null 值转换为不可为 null 类型。 [C:\001_AI\LudotsProd\src\Core\Ludots.Core.csproj]
C:\001_AI\LudotsProd\src\Core\NodeLibraries\GASGraph\GraphControlFlowCompiler.cs(2136,79): warning CS8600: 将 null 文本或可能的 null 值转换为不可为 null 类型。 [C:\001_AI\LudotsProd\src\Core\Ludots.Core.csproj]
C:\001_AI\LudotsProd\src\Core\Navigation\NavMesh\Bake\ContourExtractor.cs(360,28): warning CS8603: 可能返回 null 引用。 [C:\001_AI\LudotsProd\src\Core\Ludots.Core.csproj]
C:\001_AI\LudotsProd\src\Core\Navigation\NavMesh\Bake\ContourExtractor.cs(389,28): warning CS8603: 可能返回 null 引用。 [C:\001_AI\LudotsProd\src\Core\Ludots.Core.csproj]
C:\001_AI\LudotsProd\src\Core\Navigation\NavMesh\Bake\ContourExtractor.cs(398,24): warning CS8603: 可能返回 null 引用。 [C:\001_AI\LudotsProd\src\Core\Ludots.Core.csproj]
C:\001_AI\LudotsProd\src\Core\Navigation\NavMesh\Bake\GridMeshBuilder.cs(43,21): warning CS8625: 无法将 null 字面量转换为非 null 的引用类型。 [C:\001_AI\LudotsProd\src\Core\Ludots.Core.csproj]
C:\001_AI\LudotsProd\src\Core\Engine\GameEngine.cs(3742,32): warning CS8600: 将 null 文本或可能的 null 值转换为不可为 null 类型。 [C:\001_AI\LudotsProd\src\Core\Ludots.Core.csproj]
C:\001_AI\LudotsProd\src\Core\Engine\GameEngine.cs(3748,31): warning CS8600: 将 null 文本或可能的 null 值转换为不可为 null 类型。 [C:\001_AI\LudotsProd\src\Core\Ludots.Core.csproj]
C:\001_AI\LudotsProd\src\Core\Engine\GameEngine.cs(3762,23): warning CS8601: 可能的 null 引用赋值。 [C:\001_AI\LudotsProd\src\Core\Ludots.Core.csproj]
C:\001_AI\LudotsProd\src\Core\Engine\GameEngine.cs(3770,19): warning CS8625: 无法将 null 字面量转换为非 null 的引用类型。 [C:\001_AI\LudotsProd\src\Core\Ludots.Core.csproj]
C:\001_AI\LudotsProd\src\Core\Presentation\Config\PresentationHostAssetConfigLoader.cs(89,53): warning CS8604: “string[] PresentationHostAssetConfigLoader.ParseSourceUris(JsonNode node, string rowId)”中的形参“node”可能传入 null 引用实参。 [C:\001_AI\LudotsProd\src\Core\Ludots.Core.csproj]
C:\001_AI\LudotsProd\src\Core\Gameplay\GAS\ExtensionAttributeRegistry.cs(66,50): warning CS8601: 可能的 null 引用赋值。 [C:\001_AI\LudotsProd\src\Core\Ludots.Core.csproj]
C:\001_AI\LudotsProd\src\Core\Presentation\Config\PresentationHostAssetConfigLoader.cs(112,53): warning CS8604: “string[] PresentationHostAssetConfigLoader.ParseSourceUris(JsonNode node, string rowId)”中的形参“node”可能传入 null 引用实参。 [C:\001_AI\LudotsProd\src\Core\Ludots.Core.csproj]
C:\001_AI\LudotsProd\src\Core\Engine\GameEngine.cs(3810,28): warning CS8600: 将 null 文本或可能的 null 值转换为不可为 null 类型。 [C:\001_AI\LudotsProd\src\Core\Ludots.Core.csproj]
C:\001_AI\LudotsProd\src\Core\Engine\GameEngine.cs(3893,33): warning CS8625: 无法将 null 字面量转换为非 null 的引用类型。 [C:\001_AI\LudotsProd\src\Core\Ludots.Core.csproj]
C:\001_AI\LudotsProd\src\Core\Engine\GameEngine.cs(3900,25): warning CS8625: 无法将 null 字面量转换为非 null 的引用类型。 [C:\001_AI\LudotsProd\src\Core\Ludots.Core.csproj]
C:\001_AI\LudotsProd\src\Core\Engine\GameEngine.cs(3906,35): warning CS8625: 无法将 null 字面量转换为非 null 的引用类型。 [C:\001_AI\LudotsProd\src\Core\Ludots.Core.csproj]
C:\001_AI\LudotsProd\src\Core\Engine\GameEngine.cs(3907,36): warning CS8625: 无法将 null 字面量转换为非 null 的引用类型。 [C:\001_AI\LudotsProd\src\Core\Ludots.Core.csproj]
C:\001_AI\LudotsProd\src\Core\Engine\GameEngine.cs(3908,37): warning CS8625: 无法将 null 字面量转换为非 null 的引用类型。 [C:\001_AI\LudotsProd\src\Core\Ludots.Core.csproj]
C:\001_AI\LudotsProd\src\Core\Engine\GameEngine.cs(3909,34): warning CS8625: 无法将 null 字面量转换为非 null 的引用类型。 [C:\001_AI\LudotsProd\src\Core\Ludots.Core.csproj]
C:\001_AI\LudotsProd\src\Core\Engine\GameEngine.cs(3910,41): warning CS8625: 无法将 null 字面量转换为非 null 的引用类型。 [C:\001_AI\LudotsProd\src\Core\Ludots.Core.csproj]
C:\001_AI\LudotsProd\src\Core\Engine\GameEngine.cs(3911,42): warning CS8625: 无法将 null 字面量转换为非 null 的引用类型。 [C:\001_AI\LudotsProd\src\Core\Ludots.Core.csproj]
C:\001_AI\LudotsProd\src\Core\Engine\GameEngine.cs(3912,40): warning CS8625: 无法将 null 字面量转换为非 null 的引用类型。 [C:\001_AI\LudotsProd\src\Core\Ludots.Core.csproj]
C:\001_AI\LudotsProd\src\Core\Engine\GameEngine.cs(3913,35): warning CS8625: 无法将 null 字面量转换为非 null 的引用类型。 [C:\001_AI\LudotsProd\src\Core\Ludots.Core.csproj]
C:\001_AI\LudotsProd\src\Core\Engine\GameEngine.cs(3914,44): warning CS8625: 无法将 null 字面量转换为非 null 的引用类型。 [C:\001_AI\LudotsProd\src\Core\Ludots.Core.csproj]
C:\001_AI\LudotsProd\src\Core\Engine\GameEngine.cs(3915,46): warning CS8625: 无法将 null 字面量转换为非 null 的引用类型。 [C:\001_AI\LudotsProd\src\Core\Ludots.Core.csproj]
C:\001_AI\LudotsProd\src\Core\Engine\GameEngine.cs(3916,38): warning CS8625: 无法将 null 字面量转换为非 null 的引用类型。 [C:\001_AI\LudotsProd\src\Core\Ludots.Core.csproj]
C:\001_AI\LudotsProd\src\Core\Engine\GameEngine.cs(3917,36): warning CS8625: 无法将 null 字面量转换为非 null 的引用类型。 [C:\001_AI\LudotsProd\src\Core\Ludots.Core.csproj]
C:\001_AI\LudotsProd\src\Core\Engine\GameEngine.cs(3918,35): warning CS8625: 无法将 null 字面量转换为非 null 的引用类型。 [C:\001_AI\LudotsProd\src\Core\Ludots.Core.csproj]
C:\001_AI\LudotsProd\src\Core\Engine\GameEngine.cs(3919,31): warning CS8625: 无法将 null 字面量转换为非 null 的引用类型。 [C:\001_AI\LudotsProd\src\Core\Ludots.Core.csproj]
C:\001_AI\LudotsProd\src\Core\Engine\GameEngine.cs(3920,36): warning CS8625: 无法将 null 字面量转换为非 null 的引用类型。 [C:\001_AI\LudotsProd\src\Core\Ludots.Core.csproj]
C:\001_AI\LudotsProd\src\Core\Engine\GameEngine.cs(3921,30): warning CS8625: 无法将 null 字面量转换为非 null 的引用类型。 [C:\001_AI\LudotsProd\src\Core\Ludots.Core.csproj]
C:\001_AI\LudotsProd\src\Core\Engine\GameEngine.cs(3922,25): warning CS8625: 无法将 null 字面量转换为非 null 的引用类型。 [C:\001_AI\LudotsProd\src\Core\Ludots.Core.csproj]
C:\001_AI\LudotsProd\src\Core\Engine\GameEngine.cs(3923,38): warning CS8625: 无法将 null 字面量转换为非 null 的引用类型。 [C:\001_AI\LudotsProd\src\Core\Ludots.Core.csproj]
C:\001_AI\LudotsProd\src\Core\Engine\GameEngine.cs(3924,45): warning CS8625: 无法将 null 字面量转换为非 null 的引用类型。 [C:\001_AI\LudotsProd\src\Core\Ludots.Core.csproj]
C:\001_AI\LudotsProd\src\Core\Engine\GameEngine.cs(3925,28): warning CS8625: 无法将 null 字面量转换为非 null 的引用类型。 [C:\001_AI\LudotsProd\src\Core\Ludots.Core.csproj]
C:\001_AI\LudotsProd\src\Core\Engine\GameEngine.cs(3926,30): warning CS8625: 无法将 null 字面量转换为非 null 的引用类型。 [C:\001_AI\LudotsProd\src\Core\Ludots.Core.csproj]
C:\001_AI\LudotsProd\src\Core\Engine\GameEngine.cs(3927,29): warning CS8625: 无法将 null 字面量转换为非 null 的引用类型。 [C:\001_AI\LudotsProd\src\Core\Ludots.Core.csproj]
C:\001_AI\LudotsProd\src\Core\Navigation\NavMesh\Bake\NavBakeService.cs(179,65): warning CS8600: 将 null 文本或可能的 null 值转换为不可为 null 类型。 [C:\001_AI\LudotsProd\src\Core\Ludots.Core.csproj]
C:\001_AI\LudotsProd\src\Core\Presentation\Systems\PresenterEmitSystem.cs(78,44): warning CS8604: “PresenterAssetEmitRuntime.PresenterAssetEmitRuntime(World world, PresenterEntityRuntime runtime, PresentationRequestBuffer requests, Dictionary<string, object> globals, PresenterAnimatorStateBuffer animatorStates, SoundRequestBuffer soundRequests, PresenterVisualStableIdTable? visualStableIds = null)”中的形参“globals”可能传入 null 引用实参。 [C:\001_AI\LudotsProd\src\Core\Ludots.Core.csproj]
C:\001_AI\LudotsProd\src\Core\Presentation\Config\PresentationPayloadConfigParser.cs(55,38): warning CS8600: 将 null 文本或可能的 null 值转换为不可为 null 类型。 [C:\001_AI\LudotsProd\src\Core\Ludots.Core.csproj]
C:\001_AI\LudotsProd\src\Core\Presentation\Config\PresentationAssetConfigIdGuard.cs(54,57): warning CS8600: 将 null 文本或可能的 null 值转换为不可为 null 类型。 [C:\001_AI\LudotsProd\src\Core\Ludots.Core.csproj]
C:\001_AI\LudotsProd\src\Core\Presentation\Systems\PresenterRuleSystem.cs(66,16): warning CS8618: 在退出构造函数时，不可为 null 的 字段 "_exactIndex" 必须包含非 null 值。请考虑添加 "required" 修饰符或将该 字段 声明为可为 null。 [C:\001_AI\LudotsProd\src\Core\Ludots.Core.csproj]
C:\001_AI\LudotsProd\src\Core\Presentation\Systems\PresenterRuleSystem.cs(66,16): warning CS8618: 在退出构造函数时，不可为 null 的 字段 "_wildcardIndex" 必须包含非 null 值。请考虑添加 "required" 修饰符或将该 字段 声明为可为 null。 [C:\001_AI\LudotsProd\src\Core\Ludots.Core.csproj]
C:\001_AI\LudotsProd\src\Core\Engine\GameEngine.cs(4037,21): warning CS8604: “void InstancedBatchCapabilityValidator.Validate(InstancedBatchRequestBuffer requests, InstancedBatchOperationBuffer operations, PresentationAdapterCapabilities? capabilities)”中的形参“requests”可能传入 null 引用实参。 [C:\001_AI\LudotsProd\src\Core\Ludots.Core.csproj]
C:\001_AI\LudotsProd\src\Core\Engine\GameEngine.cs(4038,21): warning CS8604: “void InstancedBatchCapabilityValidator.Validate(InstancedBatchRequestBuffer requests, InstancedBatchOperationBuffer operations, PresentationAdapterCapabilities? capabilities)”中的形参“operations”可能传入 null 引用实参。 [C:\001_AI\LudotsProd\src\Core\Ludots.Core.csproj]
C:\001_AI\LudotsProd\src\Core\Presentation\Systems\PresenterBehaviorSystem.cs(136,16): warning CS8618: 在退出构造函数时，不可为 null 的 字段 "_ownerAttributeWorkIndex" 必须包含非 null 值。请考虑添加 "required" 修饰符或将该 字段 声明为可为 null。 [C:\001_AI\LudotsProd\src\Core\Ludots.Core.csproj]
C:\001_AI\LudotsProd\src\Core\Presentation\Systems\PresenterBehaviorSystem.cs(136,16): warning CS8618: 在退出构造函数时，不可为 null 的 字段 "_ownerTagWorkIndex" 必须包含非 null 值。请考虑添加 "required" 修饰符或将该 字段 声明为可为 null。 [C:\001_AI\LudotsProd\src\Core\Ludots.Core.csproj]
C:\001_AI\LudotsProd\src\Core\Engine\GameEngine.MapLoadLifecycle.cs(121,82): warning CS8604: “MapFeatureFlags MapFeatureFlags.FromTags(IReadOnlyList<string> tags)”中的形参“tags”可能传入 null 引用实参。 [C:\001_AI\LudotsProd\src\Core\Ludots.Core.csproj]
C:\001_AI\LudotsProd\src\Core\Presentation\Config\PresentationTextCatalogLoader.cs(73,38): warning CS8600: 将 null 文本或可能的 null 值转换为不可为 null 类型。 [C:\001_AI\LudotsProd\src\Core\Ludots.Core.csproj]
C:\001_AI\LudotsProd\src\Core\Engine\GameEngine.MapLoadLifecycle.cs(236,79): warning CS8604: “MapFeatureFlags MapFeatureFlags.FromTags(IReadOnlyList<string> tags)”中的形参“tags”可能传入 null 引用实参。 [C:\001_AI\LudotsProd\src\Core\Ludots.Core.csproj]
C:\001_AI\LudotsProd\src\Core\Gameplay\GAS\EffectTemplateRegistry.cs(419,64): warning CS8618: 在退出构造函数时，不可为 null 的 字段 "_conflictReport" 必须包含非 null 值。请考虑添加 "required" 修饰符或将该 字段 声明为可为 null。 [C:\001_AI\LudotsProd\src\Core\Ludots.Core.csproj]
C:\001_AI\LudotsProd\src\Core\NodeLibraries\GASGraph\Host\GasGraphRuntimeApi.cs(1280,17): warning CS8604: “void TargetResolverFanOutHelper.PublishResolvedTargets(int rootId, Entity originalSource, Entity originalTarget, Entity originalTargetContext, ReadOnlySpan<Entity> resolvedTargets, int payloadEffectTemplateId, in TargetResolverContextMapping contextMapping, EffectRequestQueue queue)”中的形参“queue”可能传入 null 引用实参。 [C:\001_AI\LudotsProd\src\Core\Ludots.Core.csproj]
C:\001_AI\LudotsProd\src\Core\Systems\MapLoader.cs(740,52): warning CS8600: 将 null 文本或可能的 null 值转换为不可为 null 类型。 [C:\001_AI\LudotsProd\src\Core\Ludots.Core.csproj]
C:\001_AI\LudotsProd\src\Core\Persistence\CoreSaveParticipants.cs(941,24): warning CS8603: 可能返回 null 引用。 [C:\001_AI\LudotsProd\src\Core\Ludots.Core.csproj]
C:\001_AI\LudotsProd\src\Core\Persistence\CoreSaveParticipants.cs(971,24): warning CS8603: 可能返回 null 引用。 [C:\001_AI\LudotsProd\src\Core\Ludots.Core.csproj]
C:\001_AI\LudotsProd\src\Core\Presentation\Config\PresenterDefinitionConfigLoader.cs(1362,56): warning CS8600: 将 null 文本或可能的 null 值转换为不可为 null 类型。 [C:\001_AI\LudotsProd\src\Core\Ludots.Core.csproj]
C:\001_AI\LudotsProd\src\Core\Presentation\Config\PresenterDefinitionConfigLoader.cs(1368,87): warning CS8600: 将 null 文本或可能的 null 值转换为不可为 null 类型。 [C:\001_AI\LudotsProd\src\Core\Ludots.Core.csproj]
C:\001_AI\LudotsProd\src\Core\Engine\GameEngine.MapLoadLifecycle.cs(364,69): warning CS8600: 将 null 文本或可能的 null 值转换为不可为 null 类型。 [C:\001_AI\LudotsProd\src\Core\Ludots.Core.csproj]
C:\001_AI\LudotsProd\src\Core\Engine\GameEngine.MapLoadLifecycle.cs(375,42): warning CS8600: 将 null 文本或可能的 null 值转换为不可为 null 类型。 [C:\001_AI\LudotsProd\src\Core\Ludots.Core.csproj]
C:\001_AI\LudotsProd\src\Core\Engine\GameEngine.MapLoadLifecycle.cs(411,67): warning CS8600: 将 null 文本或可能的 null 值转换为不可为 null 类型。 [C:\001_AI\LudotsProd\src\Core\Ludots.Core.csproj]
C:\001_AI\LudotsProd\src\Core\Engine\GameEngine.MapLoadLifecycle.cs(422,38): warning CS8600: 将 null 文本或可能的 null 值转换为不可为 null 类型。 [C:\001_AI\LudotsProd\src\Core\Ludots.Core.csproj]
C:\001_AI\LudotsProd\src\Core\Engine\GameEngine.MapLoadLifecycle.cs(566,58): warning CS8600: 将 null 文本或可能的 null 值转换为不可为 null 类型。 [C:\001_AI\LudotsProd\src\Core\Ludots.Core.csproj]
C:\001_AI\LudotsProd\src\Core\Engine\GameEngine.MapLoadLifecycle.cs(590,60): warning CS8600: 将 null 文本或可能的 null 值转换为不可为 null 类型。 [C:\001_AI\LudotsProd\src\Core\Ludots.Core.csproj]
C:\001_AI\LudotsProd\src\Core\Gameplay\GAS\Orders\OrderTypeConfigLoader.cs(77,46): warning CS8604: “void OrderTypeConfigLoader.RegisterConfiguredBlackboardKeys(IReadOnlyDictionary<string, JsonNode?> configuredKeys, string path)”中的形参“configuredKeys”可能传入 null 引用实参。 [C:\001_AI\LudotsProd\src\Core\Ludots.Core.csproj]
C:\001_AI\LudotsProd\src\Core\Presentation\Presenters\CompiledPresenterBootstrapRegistry.cs(216,69): warning CS8600: 将 null 文本或可能的 null 值转换为不可为 null 类型。 [C:\001_AI\LudotsProd\src\Core\Ludots.Core.csproj]
C:\001_AI\LudotsProd\src\Core\Presentation\Presenters\CompiledPresenterBootstrapRegistry.cs(230,74): warning CS8600: 将 null 文本或可能的 null 值转换为不可为 null 类型。 [C:\001_AI\LudotsProd\src\Core\Ludots.Core.csproj]
C:\001_AI\LudotsProd\src\Core\Presentation\Systems\PresenterAssetEmitRuntime.cs(819,21): warning CS8625: 无法将 null 字面量转换为非 null 的引用类型。 [C:\001_AI\LudotsProd\src\Core\Ludots.Core.csproj]
C:\001_AI\LudotsProd\src\Core\Gameplay\GAS\Orders\OrderTypeConfigLoader.cs(94,46): warning CS8604: “void OrderTypeConfigLoader.RegisterConfiguredBlackboardKeys(IReadOnlyDictionary<string, JsonNode?> configuredKeys, string path)”中的形参“configuredKeys”可能传入 null 引用实参。 [C:\001_AI\LudotsProd\src\Core\Ludots.Core.csproj]
C:\001_AI\LudotsProd\src\Core\Gameplay\GAS\Orders\OrderTypeConfigLoader.cs(97,88): warning CS8604: “List<KeyValuePair<string, OrderTypeConfigJson>>.List(IEnumerable<KeyValuePair<string, OrderTypeConfigJson>> collection)”中的形参“collection”可能传入 null 引用实参。 [C:\001_AI\LudotsProd\src\Core\Ludots.Core.csproj]
C:\001_AI\LudotsProd\src\Core\Presentation\Config\PresenterDefinitionConfigLoader.cs(2049,51): warning CS8600: 将 null 文本或可能的 null 值转换为不可为 null 类型。 [C:\001_AI\LudotsProd\src\Core\Ludots.Core.csproj]
C:\001_AI\LudotsProd\src\Core\Presentation\Config\PresenterDefinitionConfigLoader.cs(2097,29): warning CS8600: 将 null 文本或可能的 null 值转换为不可为 null 类型。 [C:\001_AI\LudotsProd\src\Core\Ludots.Core.csproj]
C:\001_AI\LudotsProd\src\Core\Presentation\Config\PresenterDefinitionConfigLoader.cs(2190,51): warning CS8600: 将 null 文本或可能的 null 值转换为不可为 null 类型。 [C:\001_AI\LudotsProd\src\Core\Ludots.Core.csproj]
C:\001_AI\LudotsProd\src\Core\Presentation\Config\PresenterDefinitionConfigLoader.cs(2259,40): warning CS8601: 可能的 null 引用赋值。 [C:\001_AI\LudotsProd\src\Core\Ludots.Core.csproj]
C:\001_AI\LudotsProd\src\Core\Presentation\Config\PresenterDefinitionConfigLoader.cs(2450,51): warning CS8600: 将 null 文本或可能的 null 值转换为不可为 null 类型。 [C:\001_AI\LudotsProd\src\Core\Ludots.Core.csproj]
C:\001_AI\LudotsProd\src\Core\Presentation\Config\PresenterDefinitionConfigLoader.cs(3903,51): warning CS8600: 将 null 文本或可能的 null 值转换为不可为 null 类型。 [C:\001_AI\LudotsProd\src\Core\Ludots.Core.csproj]
C:\001_AI\LudotsProd\src\Core\Presentation\Config\PresenterDefinitionConfigLoader.cs(3936,51): warning CS8600: 将 null 文本或可能的 null 值转换为不可为 null 类型。 [C:\001_AI\LudotsProd\src\Core\Ludots.Core.csproj]
C:\001_AI\LudotsProd\src\Core\Presentation\Config\PresenterDefinitionConfigLoader.cs(3966,51): warning CS8600: 将 null 文本或可能的 null 值转换为不可为 null 类型。 [C:\001_AI\LudotsProd\src\Core\Ludots.Core.csproj]
C:\001_AI\LudotsProd\src\Core\Presentation\Config\PresenterDefinitionConfigLoader.cs(3997,51): warning CS8600: 将 null 文本或可能的 null 值转换为不可为 null 类型。 [C:\001_AI\LudotsProd\src\Core\Ludots.Core.csproj]
  Ludots.Core -> C:\001_AI\LudotsProd\src\Core\bin\Debug\net8.0\Ludots.Core.dll
  RtsCncTrainingShowcaseMod -> C:\001_AI\LudotsProd\mods\showcases\rts_training_cnc\RtsCncTrainingShowcaseMod\bin\net8.0\RtsCncTrainingShowcaseMod.dll
  LudotsCoreMod -> C:\001_AI\LudotsProd\mods\LudotsCoreMod\bin\net8.0\LudotsCoreMod.dll
C:\001_AI\LudotsProd\mods\CoreInputMod\Triggers\InstallCoreInputOnGameStartTrigger.cs(41,26): warning CS0618: “ScriptContextExtensions.GetEngine(ScriptContext)”已过时:“Do not take the concrete GameEngine from ScriptContext. Use IModContext and existing ScriptContext ports (GetWorld, CoreServiceKeys). Do not add new call sites.” [C:\001_AI\LudotsProd\mods\CoreInputMod\CoreInputMod.csproj]
C:\001_AI\LudotsProd\mods\CoreInputMod\Systems\LocalOrderSourceHelper.cs(598,54): warning CS8601: 可能的 null 引用赋值。 [C:\001_AI\LudotsProd\mods\CoreInputMod\CoreInputMod.csproj]
  CoreInputMod -> C:\001_AI\LudotsProd\mods\CoreInputMod\bin\net8.0\CoreInputMod.dll
C:\001_AI\LudotsProd\mods\EntityCommandPanelMod\EntityCommandPanelModEntry.cs(37,26): warning CS0618: “ScriptContextExtensions.GetEngine(ScriptContext)”已过时:“Do not take the concrete GameEngine from ScriptContext. Use IModContext and existing ScriptContext ports (GetWorld, CoreServiceKeys). Do not add new call sites.” [C:\001_AI\LudotsProd\mods\EntityCommandPanelMod\EntityCommandPanelMod.csproj]
  EntityCommandPanelMod -> C:\001_AI\LudotsProd\mods\EntityCommandPanelMod\bin\net8.0\EntityCommandPanelMod.dll
C:\001_AI\LudotsProd\mods\showcases\rts_demo\RtsDemoMod\Triggers\InstallRtsDemoOnGameStartTrigger.cs(33,26): warning CS0618: “ScriptContextExtensions.GetEngine(ScriptContext)”已过时:“Do not take the concrete GameEngine from ScriptContext. Use IModContext and existing ScriptContext ports (GetWorld, CoreServiceKeys). Do not add new call sites.” [C:\001_AI\LudotsProd\mods\showcases\rts_demo\RtsDemoMod\RtsDemoMod.csproj]
C:\001_AI\LudotsProd\mods\showcases\rts_demo\RtsDemoMod\Triggers\RtsSetupOnMapLoadedTrigger.cs(37,26): warning CS0618: “ScriptContextExtensions.GetEngine(ScriptContext)”已过时:“Do not take the concrete GameEngine from ScriptContext. Use IModContext and existing ScriptContext ports (GetWorld, CoreServiceKeys). Do not add new call sites.” [C:\001_AI\LudotsProd\mods\showcases\rts_demo\RtsDemoMod\RtsDemoMod.csproj]
  RtsDemoMod -> C:\001_AI\LudotsProd\mods\showcases\rts_demo\RtsDemoMod\bin\net8.0\RtsDemoMod.dll
  PersistenceTests -> C:\001_AI\LudotsProd\src\Tests\PersistenceTests\bin\Debug\net8.0\PersistenceTests.dll
C:\001_AI\LudotsProd\src\Tests\PersistenceTests\bin\Debug\net8.0\PersistenceTests.dll (.NETCoreApp,Version=v8.0)的测试运行
总共 1 个测试文件与指定模式相匹配。
  失败 ComponentsCarryingEntityReferencesOnSaveIncludedEntitiesAreRegistered [1 s]
  错误消息:
     Components on save-included entities carrying Entity references are not covered by SaveEntityReferenceValidator/SaveEntityWorldIdNormalizer: Arch.Relationships.InRelationship
Assert.That(missing, Is.Empty)
  Expected: <empty>
  But was:  < "Arch.Relationships.InRelationship" >

  堆栈跟踪:
     at Ludots.Tests.Persistence.EntityReferenceComponentCoverageTests.ComponentsCarryingEntityReferencesOnSaveIncludedEntitiesAreRegistered() in C:\001_AI\LudotsProd\src\Tests\PersistenceTests\EntityReferenceComponentCoverageTests.cs:line 64

1)    at Ludots.Tests.Persistence.EntityReferenceComponentCoverageTests.ComponentsCarryingEntityReferencesOnSaveIncludedEntitiesAreRegistered() in C:\001_AI\LudotsProd\src\Tests\PersistenceTests\EntityReferenceComponentCoverageTests.cs:line 64


  标准输出消息:
 [INF][Engine] Initializing with ConfigPipeline...
 [INF][Engine] Resolving mod dependencies from explicit mod paths: mods=1
 [INF][ModLoader] Mod Load Order:
 [INF][ModLoader] - LudotsCoreMod (P:-1000)
 [INF][ModLoader] Resolved Mod Load Order (launcher graph):
 [INF][ModLoader] - LudotsCoreMod (P:-1000)
 [INF][ModLoader] Loading DLL for LudotsCoreMod at C:\001_AI\LudotsProd\mods\LudotsCoreMod\bin\net8.0\LudotsCoreMod.dll
 [INF][ModLoader] Scanning 2 types in assembly...
 [INF][ModLoader] Instantiated entry for LudotsCoreMod. Calling OnLoad...
 [INF][Mod.LudotsCoreMod] [LudotsCoreMod] Loaded - Core game framework initialized
 [INF][ModLoader] LudotsCoreMod OnLoad completed.
 [INF][ModLoader] Loaded LudotsCoreMod
 [INF][Config] Merged fragment from: Core:game.json
 [INF][Config] Merged fragment from: LudotsCoreMod:assets/game.json
 [INF][Config] Merged fragment from: Core:config_catalog.json
 [INF][Config] Merged fragment from: Core:Navigation/agent_profiles.json
 [INF][Engine] Merged GameConfig: StartupMapId=entry, DefaultCoreMod=LudotsCoreMod
 [INF][Engine] Constants loaded: OrderTypeIds=4, ResponseChainOrderTypeIds=3
 [INF][Engine] Initializing JobScheduler...
 [INF][Config] Loading DataRegistry<EntityTemplate> from Entities/templates.json...
 [INF][Config] Merged fragment from: LudotsCoreMod:assets/Entities/templates.json
 [INF][Config] Loaded 4 DataRegistry<EntityTemplate> items.
 [INF][Engine] Initializing Core GAS Systems...
 [INF][Config] Merged fragment from: Core:Engine/clock.json
 [INF][Config] Merged fragment from: Core:Relationships/catalog.json
 [INF][Config] Merged fragment from: LudotsCoreMod:assets/Relationships/catalog.json
 [INF][Config] Merged fragment from: Core:Relationships/control_profiles.json
 [INF][Config] Merged fragment from: Core:GAS/target_dispatch_presets.json
 [INF][Config] Merged fragment from: Core:GAS/clock.json
 [INF][Config] Merged fragment from: Core:Physics2D/clock.json
 [INF][Config] Merged fragment from: Core:Physics2D/solver.json
 [INF][Config] Merged fragment from: Core:Physics2D/kinematic.json
 [INF][Config] Merged fragment from: Core:GAS/attribute_constraints.json
 [INF][Config] Merged fragment from: Core:Vision/fog_layers.json
 [INF][Config] Merged fragment from: LudotsCoreMod:assets/Presentation/text_tokens.json
 [INF][Config] Merged fragment from: LudotsCoreMod:assets/Presentation/text_tokens.json
 [INF][Config] Merged fragment from: LudotsCoreMod:assets/Presentation/text_locales.json
 [INF][Config] Merged fragment from: Core:GraphTables/lookup_tables.json
 [INF][Config] Merged fragment from: Core:GAS/graphs.json
 [INF][Config] Merged fragment from: Core:GAS/preset_types.json
 [INF][Config] Merged fragment from: Core:Exchange/operations.json
 [INF][Config] Merged fragment from: Core:Progression/scopes.json
 [INF][Config] Merged fragment from: Core:Progression/progressions.json
 [INF][Config] Merged fragment from: Core:Progression/requirements.json
 [INF][Config] Merged fragment from: LudotsCoreMod:assets/GAS/order_types.json
 [INF][Config] Merged fragment from: Core:GAS/effects.json
 [INF][Config] Merged fragment from: Core:GAS/func_lib.json
 [INF][Config] Merged fragment from: Core:GAS/action_lib.json
 [INF][Config] Merged fragment from: Core:Items/shapes.json
 [INF][Config] Merged fragment from: Core:Items/layouts.json
 [INF][Config] Merged fragment from: Core:Items/definitions.json
 [INF][Config] Merged fragment from: Core:Exchange/operations.json
 [INF][Config] Merged fragment from: Core:Panels/panel_templates.json
 [INF][Config] Merged fragment from: Core:Input/filter_profiles.json
 [INF][Config] Merged fragment from: Core:Presentation/lod_profiles.json
 [INF][Config] Merged fragment from: Core:Presentation/particle_vfx.json
 [INF][Config] Merged fragment from: LudotsCoreMod:assets/Presentation/mesh_assets.json
 [INF][Config] Merged fragment from: LudotsCoreMod:assets/Presentation/material_assets.json
 [INF][Config] Merged fragment from: LudotsCoreMod:assets/Presentation/animator_controllers.json
 [INF][Config] Merged fragment from: LudotsCoreMod:assets/Presentation/animation_clips.json
 [INF][Config] Merged fragment from: LudotsCoreMod:assets/Presentation/animation_profiles.json
 [INF][Config] Merged fragment from: LudotsCoreMod:assets/Presentation/presenters.json
 [INF][Config] Merged fragment from: Core:GAS/attribute_bindings.json
 [INF][Config] Merged fragment from: Core:config_catalog.json
 [INF][Config] Merged fragment from: Core:Input/default_input.json
 [INF][Config] Merged fragment from: Core:Input/action_attribute_bindings.json
 [INF][Config] Merged fragment from: Core:Input/command_intent_profiles.json
 [INF][Config] Merged fragment from: Core:Input/interaction_context_profiles.json
 [INF][Config] Merged fragment from: Core:Input/cast_commit_profiles.json
 [INF][Config] Merged fragment from: Core:Input/cast_commit_locks.json
 [INF][Config] Merged fragment from: Core:Input/cast_dispatch_profiles.json
 [INF][Config] Merged fragment from: Core:Input/control_schemes.json
 [INF][Config] Merged fragment from: Core:UI/ability_aggregation_profiles.json
 [INF][Config] Merged fragment from: Core:UI/command_deck_profiles.json
 [INF][Config] Merged fragment from: Core:UI/production_overview_profiles.json
 [INF][Config] Merged fragment from: Core:AI/behavior_trees.json
 [INF][Config] Merged fragment from: Core:AI/hfsm.json
 [INF][Config] Merged fragment from: Core:Camera/virtual_cameras.json
 [INF][Config] Merged fragment from: Core:Narrative/variables.json
 [INF][Config] Merged fragment from: Core:Narrative/dialogues.json
 [INF][Config] Merged fragment from: Core:Narrative/cinematics.json
 [INF][ModLoader] No registration conflicts detected.
 [INF][Engine] Loading Map: entry
 [INF][Map] Loading Map: entry
 [INF][Config] Merged fragment from: LudotsCoreMod:assets/Maps/entry.json
 [INF][Map] Map 'entry' loaded.
 [INF][Map] Map 'entry' pushed to focus (stack depth=1).
 [INF][Config] Merged fragment from: Core:Navigation/pathing.json
 [INF][Engine] Pathing bootstrap skipped for map 'entry': no node-graph board or navmesh query service is loaded.
 [INF][Engine] Creating Entities from MapConfig...
 [INF][Engine] Applied DefaultCamera: yaw=180 pitch=45 dist=3000cm fov=60
 [INF][Engine] Firing MapLoaded event for entry...
 [INF][Engine] Unloading ModLoader contexts...
 [INF][Engine] Disposing JobScheduler...



失败!  - 失败:     1，通过:    99，已跳过:     0，总计:   100，持续时间: 51 s - PersistenceTests.dll (net8.0)

有可用的工作负载更新。有关详细信息，请运行 `dotnet workload list`。
