  正在确定要还原的项目…
  所有项目均是最新的，无法还原。
  Ludots.Contracts -> C:\001_AI\_audit_1485_ab\src\Contracts\bin\Release\net9.0\Ludots.Contracts.dll
  Ludots.Platform.Abstractions -> C:\001_AI\_audit_1485_ab\src\Platform\Ludots.Platform.Abstractions\bin\Release\net9.0\Ludots.Platform.Abstractions.dll
  SkiaSharp -> C:\001_AI\_audit_1485_ab\src\Libraries\SkiaSharp\SkiaSharp\bin\Release\net8.0\SkiaSharp.dll
  ExCSS -> C:\001_AI\_audit_1485_ab\src\Libraries\ExCSS\bin\Release\net8.0\ExCSS.dll
  Raylib-cs -> C:\001_AI\_audit_1485_ab\src\Libraries\Raylib-cs\bin\Release\net9.0\Raylib-cs.dll
  Ludots.UI -> C:\001_AI\_audit_1485_ab\src\Libraries\Ludots.UI\bin\Release\net9.0\Ludots.UI.dll
  Arch -> C:\001_AI\_audit_1485_ab\src\Libraries\Arch\src\Arch\bin\Release\net8.0\Arch.dll
  ShimSkiaSharp -> C:\001_AI\_audit_1485_ab\src\Libraries\Svg.Skia\ShimSkiaSharp\bin\Release\net8.0\ShimSkiaSharp.dll
  Svg.Generators -> C:\001_AI\_audit_1485_ab\src\Libraries\Svg.Skia\externals\SVG\Generators\bin\Release\netstandard2.0\Svg.Generators.dll
  Ludots.Graph.Abstractions -> C:\001_AI\_audit_1485_ab\src\Graph\Ludots.Graph.Abstractions\bin\Release\net9.0\Ludots.Graph.Abstractions.dll
  Ludots.Raylib.Render -> C:\001_AI\_audit_1485_ab\src\Client\Ludots.Raylib.Render\bin\Release\net9.0\Ludots.Raylib.Render.dll
  Ludots.UI.Browser -> C:\001_AI\_audit_1485_ab\src\Libraries\Ludots.UI.Browser\bin\Release\net9.0\Ludots.UI.Browser.dll
  Arch.System -> C:\001_AI\_audit_1485_ab\src\Libraries\Arch.Extended\Arch.System\bin\Release\net7.0\Arch.System.dll
  Svg.Custom -> C:\001_AI\_audit_1485_ab\src\Libraries\Svg.Skia\Svg.Custom\bin\Release\net8.0\Svg.Custom.dll
  Arch -> C:\001_AI\_audit_1485_ab\src\Libraries\Arch\src\Arch\bin\Release\net6.0\Arch.dll
  Arch.Relationships -> C:\001_AI\_audit_1485_ab\src\Libraries\Arch.Extended\Arch.Relationships\bin\Release\net7.0\Arch.Relationships.dll
  Svg.Model -> C:\001_AI\_audit_1485_ab\src\Libraries\Svg.Skia\Svg.Model\bin\Release\net8.0\Svg.Model.dll
  Arch.Persistence -> C:\001_AI\_audit_1485_ab\src\Libraries\Arch.Extended\Arch.Persistence\bin\Release\net7.0\Arch.Persistence.dll
  Svg.Skia -> C:\001_AI\_audit_1485_ab\src\Libraries\Svg.Skia\Svg.Skia\bin\Release\net8.0\Svg.Skia.dll
  DotRecast.Core -> C:\001_AI\_audit_1485_ab\src\Libraries\DotRecast\src\DotRecast.Core\bin\Release\net9.0\DotRecast.Core.dll
  Ludots.UI.Skia -> C:\001_AI\_audit_1485_ab\src\Libraries\Ludots.UI.Skia\bin\Release\net9.0\Ludots.UI.Skia.dll
  DotRecast.Detour -> C:\001_AI\_audit_1485_ab\src\Libraries\DotRecast\src\DotRecast.Detour\bin\Release\net9.0\DotRecast.Detour.dll
  DotRecast.Recast -> C:\001_AI\_audit_1485_ab\src\Libraries\DotRecast\src\DotRecast.Recast\bin\Release\net9.0\DotRecast.Recast.dll
C:\001_AI\_audit_1485_ab\src\Core\Engine\GameEngine.cs(74,7): warning CS0105: “Ludots.Core.Presentation.Hud”的 using 指令以前在此命名空间中出现过 [C:\001_AI\_audit_1485_ab\src\Core\Ludots.Core.csproj]
C:\001_AI\_audit_1485_ab\src\Core\Engine\GameEngine.cs(121,7): warning CS0105: “Ludots.Platform.Abstractions”的 using 指令以前在此命名空间中出现过 [C:\001_AI\_audit_1485_ab\src\Core\Ludots.Core.csproj]
C:\001_AI\_audit_1485_ab\src\Core\Presentation\Requests\PresentationRequestFlushSystem.cs(10,7): warning CS0105: “Ludots.Platform.Abstractions”的 using 指令以前在此命名空间中出现过 [C:\001_AI\_audit_1485_ab\src\Core\Ludots.Core.csproj]
C:\001_AI\_audit_1485_ab\src\Core\Scripting\CoreServiceKeys.cs(96,7): warning CS0105: “Ludots.Platform.Abstractions”的 using 指令以前在此命名空间中出现过 [C:\001_AI\_audit_1485_ab\src\Core\Ludots.Core.csproj]
C:\001_AI\_audit_1485_ab\src\Core\Engine\EngineClockConfig.cs(23,37): warning CS8625: 无法将 null 字面量转换为非 null 的引用类型。 [C:\001_AI\_audit_1485_ab\src\Core\Ludots.Core.csproj]
C:\001_AI\_audit_1485_ab\src\Core\Engine\EngineClockConfig.cs(24,43): warning CS8625: 无法将 null 字面量转换为非 null 的引用类型。 [C:\001_AI\_audit_1485_ab\src\Core\Ludots.Core.csproj]
C:\001_AI\_audit_1485_ab\src\Core\Config\ConfigMerger.cs(102,43): warning CS8625: 无法将 null 字面量转换为非 null 的引用类型。 [C:\001_AI\_audit_1485_ab\src\Core\Ludots.Core.csproj]
C:\001_AI\_audit_1485_ab\src\Core\Config\ConfigPipeline.cs(157,72): warning CS8625: 无法将 null 字面量转换为非 null 的引用类型。 [C:\001_AI\_audit_1485_ab\src\Core\Ludots.Core.csproj]
C:\001_AI\_audit_1485_ab\src\Core\Config\ConfigPipeline.cs(168,72): warning CS8625: 无法将 null 字面量转换为非 null 的引用类型。 [C:\001_AI\_audit_1485_ab\src\Core\Ludots.Core.csproj]
C:\001_AI\_audit_1485_ab\src\Core\Config\DataRegistry.cs(19,71): warning CS8625: 无法将 null 字面量转换为非 null 的引用类型。 [C:\001_AI\_audit_1485_ab\src\Core\Ludots.Core.csproj]
C:\001_AI\_audit_1485_ab\src\Core\Config\DataRegistry.cs(19,107): warning CS8625: 无法将 null 字面量转换为非 null 的引用类型。 [C:\001_AI\_audit_1485_ab\src\Core\Ludots.Core.csproj]
C:\001_AI\_audit_1485_ab\src\Core\Config\EntityBuilder.cs(25,67): warning CS8625: 无法将 null 字面量转换为非 null 的引用类型。 [C:\001_AI\_audit_1485_ab\src\Core\Ludots.Core.csproj]
C:\001_AI\_audit_1485_ab\src\Core\Config\EntityBuilder.cs(26,58): warning CS8625: 无法将 null 字面量转换为非 null 的引用类型。 [C:\001_AI\_audit_1485_ab\src\Core\Ludots.Core.csproj]
C:\001_AI\_audit_1485_ab\src\Core\Config\ComponentRegistry.cs(140,68): warning CS8625: 无法将 null 字面量转换为非 null 的引用类型。 [C:\001_AI\_audit_1485_ab\src\Core\Ludots.Core.csproj]
C:\001_AI\_audit_1485_ab\src\Core\Config\ComponentRegistry.cs(183,89): warning CS8625: 无法将 null 字面量转换为非 null 的引用类型。 [C:\001_AI\_audit_1485_ab\src\Core\Ludots.Core.csproj]
C:\001_AI\_audit_1485_ab\src\Core\Config\ComponentRegistry.cs(193,100): warning CS8625: 无法将 null 字面量转换为非 null 的引用类型。 [C:\001_AI\_audit_1485_ab\src\Core\Ludots.Core.csproj]
C:\001_AI\_audit_1485_ab\src\Core\Config\ComponentRegistry.cs(198,92): warning CS8625: 无法将 null 字面量转换为非 null 的引用类型。 [C:\001_AI\_audit_1485_ab\src\Core\Ludots.Core.csproj]
C:\001_AI\_audit_1485_ab\src\Core\Engine\Physics2D\Physics2DClockConfig.cs(38,37): warning CS8625: 无法将 null 字面量转换为非 null 的引用类型。 [C:\001_AI\_audit_1485_ab\src\Core\Ludots.Core.csproj]
C:\001_AI\_audit_1485_ab\src\Core\Engine\Physics2D\Physics2DClockConfig.cs(39,43): warning CS8625: 无法将 null 字面量转换为非 null 的引用类型。 [C:\001_AI\_audit_1485_ab\src\Core\Ludots.Core.csproj]
C:\001_AI\_audit_1485_ab\src\Core\Engine\Physics2D\Physics2DClockConfig.cs(122,37): warning CS8625: 无法将 null 字面量转换为非 null 的引用类型。 [C:\001_AI\_audit_1485_ab\src\Core\Ludots.Core.csproj]
C:\001_AI\_audit_1485_ab\src\Core\Engine\Physics2D\Physics2DClockConfig.cs(123,43): warning CS8625: 无法将 null 字面量转换为非 null 的引用类型。 [C:\001_AI\_audit_1485_ab\src\Core\Ludots.Core.csproj]
C:\001_AI\_audit_1485_ab\src\Core\Engine\Physics2D\Physics2DKinematicConfig.cs(30,37): warning CS8625: 无法将 null 字面量转换为非 null 的引用类型。 [C:\001_AI\_audit_1485_ab\src\Core\Ludots.Core.csproj]
C:\001_AI\_audit_1485_ab\src\Core\Engine\Physics2D\Physics2DKinematicConfig.cs(31,43): warning CS8625: 无法将 null 字面量转换为非 null 的引用类型。 [C:\001_AI\_audit_1485_ab\src\Core\Ludots.Core.csproj]
C:\001_AI\_audit_1485_ab\src\Core\Input\Attributes\InputActionAttributeBindingLoader.cs(27,37): warning CS8625: 无法将 null 字面量转换为非 null 的引用类型。 [C:\001_AI\_audit_1485_ab\src\Core\Ludots.Core.csproj]
C:\001_AI\_audit_1485_ab\src\Core\Input\Attributes\InputActionAttributeBindingLoader.cs(28,43): warning CS8625: 无法将 null 字面量转换为非 null 的引用类型。 [C:\001_AI\_audit_1485_ab\src\Core\Ludots.Core.csproj]
C:\001_AI\_audit_1485_ab\src\Core\Input\Config\InputConfigPipelineLoader.cs(25,37): warning CS8625: 无法将 null 字面量转换为非 null 的引用类型。 [C:\001_AI\_audit_1485_ab\src\Core\Ludots.Core.csproj]
C:\001_AI\_audit_1485_ab\src\Core\Input\Config\InputConfigPipelineLoader.cs(26,43): warning CS8625: 无法将 null 字面量转换为非 null 的引用类型。 [C:\001_AI\_audit_1485_ab\src\Core\Ludots.Core.csproj]
C:\001_AI\_audit_1485_ab\src\Core\Engine\GameEngine.cs(2975,89): warning CS8625: 无法将 null 字面量转换为非 null 的引用类型。 [C:\001_AI\_audit_1485_ab\src\Core\Ludots.Core.csproj]
C:\001_AI\_audit_1485_ab\src\Core\Input\Interaction\CastCommitProfile.cs(98,49): warning CS8625: 无法将 null 字面量转换为非 null 的引用类型。 [C:\001_AI\_audit_1485_ab\src\Core\Ludots.Core.csproj]
C:\001_AI\_audit_1485_ab\src\Core\Input\Interaction\CastCommitProfile.cs(99,60): warning CS8625: 无法将 null 字面量转换为非 null 的引用类型。 [C:\001_AI\_audit_1485_ab\src\Core\Ludots.Core.csproj]
C:\001_AI\_audit_1485_ab\src\Core\Layers\LayerMask.cs(60,30): warning CS8765: 参数“obj”类型的为 Null 性与重写成员不匹配(可能是由于为 Null 性特性)。 [C:\001_AI\_audit_1485_ab\src\Core\Ludots.Core.csproj]
C:\001_AI\_audit_1485_ab\src\Core\Input\Interaction\CastCommitProfileConfigLoader.cs(38,37): warning CS8625: 无法将 null 字面量转换为非 null 的引用类型。 [C:\001_AI\_audit_1485_ab\src\Core\Ludots.Core.csproj]
C:\001_AI\_audit_1485_ab\src\Core\Input\Interaction\CastCommitProfileConfigLoader.cs(39,43): warning CS8625: 无法将 null 字面量转换为非 null 的引用类型。 [C:\001_AI\_audit_1485_ab\src\Core\Ludots.Core.csproj]
C:\001_AI\_audit_1485_ab\src\Core\Map\Board\BoardId.cs(21,30): warning CS8765: 参数“obj”类型的为 Null 性与重写成员不匹配(可能是由于为 Null 性特性)。 [C:\001_AI\_audit_1485_ab\src\Core\Ludots.Core.csproj]
C:\001_AI\_audit_1485_ab\src\Core\Input\Interaction\CastDispatchProfileConfigLoader.cs(32,37): warning CS8625: 无法将 null 字面量转换为非 null 的引用类型。 [C:\001_AI\_audit_1485_ab\src\Core\Ludots.Core.csproj]
C:\001_AI\_audit_1485_ab\src\Core\Input\Interaction\CastDispatchProfileConfigLoader.cs(33,43): warning CS8625: 无法将 null 字面量转换为非 null 的引用类型。 [C:\001_AI\_audit_1485_ab\src\Core\Ludots.Core.csproj]
C:\001_AI\_audit_1485_ab\src\Core\Gameplay\Camera\CameraViewportUtil.cs(157,118): warning CS8625: 无法将 null 字面量转换为非 null 的引用类型。 [C:\001_AI\_audit_1485_ab\src\Core\Ludots.Core.csproj]
C:\001_AI\_audit_1485_ab\src\Core\Gameplay\Camera\CameraViewportUtil.cs(165,129): warning CS8625: 无法将 null 字面量转换为非 null 的引用类型。 [C:\001_AI\_audit_1485_ab\src\Core\Ludots.Core.csproj]
C:\001_AI\_audit_1485_ab\src\Core\Input\Orders\InputOrderMappingLoader.cs(27,37): warning CS8625: 无法将 null 字面量转换为非 null 的引用类型。 [C:\001_AI\_audit_1485_ab\src\Core\Ludots.Core.csproj]
C:\001_AI\_audit_1485_ab\src\Core\Input\Orders\InputOrderMappingLoader.cs(28,43): warning CS8625: 无法将 null 字面量转换为非 null 的引用类型。 [C:\001_AI\_audit_1485_ab\src\Core\Ludots.Core.csproj]
C:\001_AI\_audit_1485_ab\src\Core\Map\Hex\HexCoordinates.cs(239,30): warning CS8765: 参数“obj”类型的为 Null 性与重写成员不匹配(可能是由于为 Null 性特性)。 [C:\001_AI\_audit_1485_ab\src\Core\Ludots.Core.csproj]
C:\001_AI\_audit_1485_ab\src\Core\Input\Interaction\ClientCastPreferenceConfigLoader.cs(33,37): warning CS8625: 无法将 null 字面量转换为非 null 的引用类型。 [C:\001_AI\_audit_1485_ab\src\Core\Ludots.Core.csproj]
C:\001_AI\_audit_1485_ab\src\Core\Input\Interaction\ClientCastPreferenceConfigLoader.cs(34,43): warning CS8625: 无法将 null 字面量转换为非 null 的引用类型。 [C:\001_AI\_audit_1485_ab\src\Core\Ludots.Core.csproj]
C:\001_AI\_audit_1485_ab\src\Core\Modding\IVirtualFileSystem.cs(12,14): warning CS0108: “IVirtualFileSystem.TryResolveFullPath(string, out string)”隐藏继承的成员“IRenderAssetPathResolver.TryResolveFullPath(string, out string)”。如果是有意隐藏，请使用关键字 new。 [C:\001_AI\_audit_1485_ab\src\Core\Ludots.Core.csproj]
C:\001_AI\_audit_1485_ab\src\Core\Math\IntRect.cs(45,30): warning CS8765: 参数“obj”类型的为 Null 性与重写成员不匹配(可能是由于为 Null 性特性)。 [C:\001_AI\_audit_1485_ab\src\Core\Ludots.Core.csproj]
C:\001_AI\_audit_1485_ab\src\Core\Input\Interaction\CommandIntentProfileConfigLoader.cs(42,37): warning CS8625: 无法将 null 字面量转换为非 null 的引用类型。 [C:\001_AI\_audit_1485_ab\src\Core\Ludots.Core.csproj]
C:\001_AI\_audit_1485_ab\src\Core\Input\Interaction\CommandIntentProfileConfigLoader.cs(43,43): warning CS8625: 无法将 null 字面量转换为非 null 的引用类型。 [C:\001_AI\_audit_1485_ab\src\Core\Ludots.Core.csproj]
C:\001_AI\_audit_1485_ab\src\Core\Map\MapContext.cs(14,47): warning CS8625: 无法将 null 字面量转换为非 null 的引用类型。 [C:\001_AI\_audit_1485_ab\src\Core\Ludots.Core.csproj]
C:\001_AI\_audit_1485_ab\src\Core\Map\MapFeatureFlags.cs(46,30): warning CS8765: 参数“obj”类型的为 Null 性与重写成员不匹配(可能是由于为 Null 性特性)。 [C:\001_AI\_audit_1485_ab\src\Core\Ludots.Core.csproj]
C:\001_AI\_audit_1485_ab\src\Core\Map\MapId.cs(15,30): warning CS8765: 参数“obj”类型的为 Null 性与重写成员不匹配(可能是由于为 Null 性特性)。 [C:\001_AI\_audit_1485_ab\src\Core\Ludots.Core.csproj]
C:\001_AI\_audit_1485_ab\src\Core\Gameplay\Camera\VirtualCameraDefinitionLoader.cs(24,50): warning CS8625: 无法将 null 字面量转换为非 null 的引用类型。 [C:\001_AI\_audit_1485_ab\src\Core\Ludots.Core.csproj]
C:\001_AI\_audit_1485_ab\src\Core\Gameplay\Camera\VirtualCameraDefinitionLoader.cs(24,86): warning CS8625: 无法将 null 字面量转换为非 null 的引用类型。 [C:\001_AI\_audit_1485_ab\src\Core\Ludots.Core.csproj]
C:\001_AI\_audit_1485_ab\src\Core\Map\MapManager.cs(26,135): warning CS8625: 无法将 null 字面量转换为非 null 的引用类型。 [C:\001_AI\_audit_1485_ab\src\Core\Ludots.Core.csproj]
C:\001_AI\_audit_1485_ab\src\Core\Input\Interaction\ControlSchemeConfigLoader.cs(35,37): warning CS8625: 无法将 null 字面量转换为非 null 的引用类型。 [C:\001_AI\_audit_1485_ab\src\Core\Ludots.Core.csproj]
C:\001_AI\_audit_1485_ab\src\Core\Input\Interaction\ControlSchemeConfigLoader.cs(36,43): warning CS8625: 无法将 null 字面量转换为非 null 的引用类型。 [C:\001_AI\_audit_1485_ab\src\Core\Ludots.Core.csproj]
C:\001_AI\_audit_1485_ab\src\Core\Map\MapSession.cs(86,88): warning CS8625: 无法将 null 字面量转换为非 null 的引用类型。 [C:\001_AI\_audit_1485_ab\src\Core\Ludots.Core.csproj]
C:\001_AI\_audit_1485_ab\src\Core\Input\Interaction\ControlSchemeRuntime.cs(36,56): warning CS8625: 无法将 null 字面量转换为非 null 的引用类型。 [C:\001_AI\_audit_1485_ab\src\Core\Ludots.Core.csproj]
C:\001_AI\_audit_1485_ab\src\Core\Input\Interaction\ControlSchemeRuntime.cs(37,53): warning CS8625: 无法将 null 字面量转换为非 null 的引用类型。 [C:\001_AI\_audit_1485_ab\src\Core\Ludots.Core.csproj]
C:\001_AI\_audit_1485_ab\src\Core\Modding\ModLoader.cs(65,41): warning CS8625: 无法将 null 字面量转换为非 null 的引用类型。 [C:\001_AI\_audit_1485_ab\src\Core\Ludots.Core.csproj]
C:\001_AI\_audit_1485_ab\src\Core\Input\Interaction\ControlSchemeRuntime.cs(38,43): warning CS8625: 无法将 null 字面量转换为非 null 的引用类型。 [C:\001_AI\_audit_1485_ab\src\Core\Ludots.Core.csproj]
C:\001_AI\_audit_1485_ab\src\Core\Modding\ModLoader.cs(65,78): warning CS8625: 无法将 null 字面量转换为非 null 的引用类型。 [C:\001_AI\_audit_1485_ab\src\Core\Ludots.Core.csproj]
C:\001_AI\_audit_1485_ab\src\Core\Modding\ModLoader.cs(65,113): warning CS8625: 无法将 null 字面量转换为非 null 的引用类型。 [C:\001_AI\_audit_1485_ab\src\Core\Ludots.Core.csproj]
C:\001_AI\_audit_1485_ab\src\Core\Input\Interaction\FilterProfileConfigLoader.cs(31,37): warning CS8625: 无法将 null 字面量转换为非 null 的引用类型。 [C:\001_AI\_audit_1485_ab\src\Core\Ludots.Core.csproj]
C:\001_AI\_audit_1485_ab\src\Core\Input\Interaction\FilterProfileConfigLoader.cs(32,43): warning CS8625: 无法将 null 字面量转换为非 null 的引用类型。 [C:\001_AI\_audit_1485_ab\src\Core\Ludots.Core.csproj]
C:\001_AI\_audit_1485_ab\src\Core\Map\MapSessionManager.cs(42,102): warning CS8625: 无法将 null 字面量转换为非 null 的引用类型。 [C:\001_AI\_audit_1485_ab\src\Core\Ludots.Core.csproj]
C:\001_AI\_audit_1485_ab\src\Core\Map\MapTag.cs(50,30): warning CS8765: 参数“obj”类型的为 Null 性与重写成员不匹配(可能是由于为 Null 性特性)。 [C:\001_AI\_audit_1485_ab\src\Core\Ludots.Core.csproj]
C:\001_AI\_audit_1485_ab\src\Core\Input\Interaction\InteractionContextProfileConfigLoader.cs(34,37): warning CS8625: 无法将 null 字面量转换为非 null 的引用类型。 [C:\001_AI\_audit_1485_ab\src\Core\Ludots.Core.csproj]
C:\001_AI\_audit_1485_ab\src\Core\Input\Interaction\InteractionContextProfileConfigLoader.cs(35,43): warning CS8625: 无法将 null 字面量转换为非 null 的引用类型。 [C:\001_AI\_audit_1485_ab\src\Core\Ludots.Core.csproj]
C:\001_AI\_audit_1485_ab\src\Core\Input\Interaction\InteractionModeConfigLoader.cs(31,37): warning CS8625: 无法将 null 字面量转换为非 null 的引用类型。 [C:\001_AI\_audit_1485_ab\src\Core\Ludots.Core.csproj]
C:\001_AI\_audit_1485_ab\src\Core\Input\Interaction\InteractionModeConfigLoader.cs(32,43): warning CS8625: 无法将 null 字面量转换为非 null 的引用类型。 [C:\001_AI\_audit_1485_ab\src\Core\Ludots.Core.csproj]
C:\001_AI\_audit_1485_ab\src\Core\Input\Interaction\InteractionPrefConfigLoader.cs(33,37): warning CS8625: 无法将 null 字面量转换为非 null 的引用类型。 [C:\001_AI\_audit_1485_ab\src\Core\Ludots.Core.csproj]
C:\001_AI\_audit_1485_ab\src\Core\Input\Interaction\InteractionPrefConfigLoader.cs(34,43): warning CS8625: 无法将 null 字面量转换为非 null 的引用类型。 [C:\001_AI\_audit_1485_ab\src\Core\Ludots.Core.csproj]
C:\001_AI\_audit_1485_ab\src\Core\Navigation\AgentProfiles\AgentProfileConfigLoader.cs(21,66): warning CS8625: 无法将 null 字面量转换为非 null 的引用类型。 [C:\001_AI\_audit_1485_ab\src\Core\Ludots.Core.csproj]
C:\001_AI\_audit_1485_ab\src\Core\Navigation\AgentProfiles\AgentProfileConfigLoader.cs(21,102): warning CS8625: 无法将 null 字面量转换为非 null 的引用类型。 [C:\001_AI\_audit_1485_ab\src\Core\Ludots.Core.csproj]
C:\001_AI\_audit_1485_ab\src\Core\Gameplay\GAS\AbilityDefinitionRegistry.cs(196,93): warning CS8625: 无法将 null 字面量转换为非 null 的引用类型。 [C:\001_AI\_audit_1485_ab\src\Core\Ludots.Core.csproj]
C:\001_AI\_audit_1485_ab\src\Core\Gameplay\GAS\Bindings\AttributeBindingLoader.cs(24,37): warning CS8625: 无法将 null 字面量转换为非 null 的引用类型。 [C:\001_AI\_audit_1485_ab\src\Core\Ludots.Core.csproj]
C:\001_AI\_audit_1485_ab\src\Core\Gameplay\GAS\Bindings\AttributeBindingLoader.cs(25,43): warning CS8625: 无法将 null 字面量转换为非 null 的引用类型。 [C:\001_AI\_audit_1485_ab\src\Core\Ludots.Core.csproj]
C:\001_AI\_audit_1485_ab\src\Core\Navigation\GraphCore\TagBits256.cs(25,30): warning CS8765: 参数“obj”类型的为 Null 性与重写成员不匹配(可能是由于为 Null 性特性)。 [C:\001_AI\_audit_1485_ab\src\Core\Ludots.Core.csproj]
C:\001_AI\_audit_1485_ab\src\Core\Navigation\GraphEcs\GraphPathfindingSystem.cs(17,98): warning CS8625: 无法将 null 字面量转换为非 null 的引用类型。 [C:\001_AI\_audit_1485_ab\src\Core\Ludots.Core.csproj]
C:\001_AI\_audit_1485_ab\src\Core\Gameplay\Progression\Config\ProgressionConfigLoader.cs(42,79): warning CS8625: 无法将 null 字面量转换为非 null 的引用类型。 [C:\001_AI\_audit_1485_ab\src\Core\Ludots.Core.csproj]
C:\001_AI\_audit_1485_ab\src\Core\Navigation\GraphWorld\GraphNodeKey.cs(21,30): warning CS8765: 参数“obj”类型的为 Null 性与重写成员不匹配(可能是由于为 Null 性特性)。 [C:\001_AI\_audit_1485_ab\src\Core\Ludots.Core.csproj]
C:\001_AI\_audit_1485_ab\src\Core\Gameplay\GAS\Config\AbilityFormSetConfigLoader.cs(22,37): warning CS8625: 无法将 null 字面量转换为非 null 的引用类型。 [C:\001_AI\_audit_1485_ab\src\Core\Ludots.Core.csproj]
C:\001_AI\_audit_1485_ab\src\Core\Gameplay\GAS\Config\AbilityFormSetConfigLoader.cs(23,43): warning CS8625: 无法将 null 字面量转换为非 null 的引用类型。 [C:\001_AI\_audit_1485_ab\src\Core\Ludots.Core.csproj]
C:\001_AI\_audit_1485_ab\src\Core\Presentation\Camera\CameraPresenter.cs(44,120): warning CS8625: 无法将 null 字面量转换为非 null 的引用类型。 [C:\001_AI\_audit_1485_ab\src\Core\Ludots.Core.csproj]
C:\001_AI\_audit_1485_ab\src\Core\Gameplay\GAS\Config\AttributeConstraintsLoader.cs(19,37): warning CS8625: 无法将 null 字面量转换为非 null 的引用类型。 [C:\001_AI\_audit_1485_ab\src\Core\Ludots.Core.csproj]
C:\001_AI\_audit_1485_ab\src\Core\Gameplay\GAS\Config\AttributeConstraintsLoader.cs(20,43): warning CS8625: 无法将 null 字面量转换为非 null 的引用类型。 [C:\001_AI\_audit_1485_ab\src\Core\Ludots.Core.csproj]
C:\001_AI\_audit_1485_ab\src\Core\Gameplay\GAS\Config\ContextGroupConfigLoader.cs(22,37): warning CS8625: 无法将 null 字面量转换为非 null 的引用类型。 [C:\001_AI\_audit_1485_ab\src\Core\Ludots.Core.csproj]
C:\001_AI\_audit_1485_ab\src\Core\Gameplay\GAS\Config\ContextGroupConfigLoader.cs(23,43): warning CS8625: 无法将 null 字面量转换为非 null 的引用类型。 [C:\001_AI\_audit_1485_ab\src\Core\Ludots.Core.csproj]
C:\001_AI\_audit_1485_ab\src\Core\Registry\StringIntRegistry.cs(33,39): warning CS8625: 无法将 null 字面量转换为非 null 的引用类型。 [C:\001_AI\_audit_1485_ab\src\Core\Ludots.Core.csproj]
C:\001_AI\_audit_1485_ab\src\Core\Gameplay\GAS\EffectTagContributionHelper.cs(13,154): warning CS8625: 无法将 null 字面量转换为非 null 的引用类型。 [C:\001_AI\_audit_1485_ab\src\Core\Ludots.Core.csproj]
C:\001_AI\_audit_1485_ab\src\Core\Gameplay\GAS\EffectTagContributionHelper.cs(50,157): warning CS8625: 无法将 null 字面量转换为非 null 的引用类型。 [C:\001_AI\_audit_1485_ab\src\Core\Ludots.Core.csproj]
C:\001_AI\_audit_1485_ab\src\Core\Gameplay\GAS\EffectTagContributionHelper.cs(84,177): warning CS8625: 无法将 null 字面量转换为非 null 的引用类型。 [C:\001_AI\_audit_1485_ab\src\Core\Ludots.Core.csproj]
C:\001_AI\_audit_1485_ab\src\Core\Gameplay\GAS\EffectTagContributionHelper.cs(134,136): warning CS8625: 无法将 null 字面量转换为非 null 的引用类型。 [C:\001_AI\_audit_1485_ab\src\Core\Ludots.Core.csproj]
C:\001_AI\_audit_1485_ab\src\Core\Gameplay\GAS\EffectTagContributionHelper.cs(159,137): warning CS8625: 无法将 null 字面量转换为非 null 的引用类型。 [C:\001_AI\_audit_1485_ab\src\Core\Ludots.Core.csproj]
C:\001_AI\_audit_1485_ab\src\Core\Gameplay\GAS\EffectTagContributionHelper.cs(182,159): warning CS8625: 无法将 null 字面量转换为非 null 的引用类型。 [C:\001_AI\_audit_1485_ab\src\Core\Ludots.Core.csproj]
C:\001_AI\_audit_1485_ab\src\Core\Gameplay\GAS\Config\GasClockConfig.cs(24,37): warning CS8625: 无法将 null 字面量转换为非 null 的引用类型。 [C:\001_AI\_audit_1485_ab\src\Core\Ludots.Core.csproj]
C:\001_AI\_audit_1485_ab\src\Core\Navigation\NavMesh\Bake\BakePipeline.cs(69,43): warning CS8625: 无法将 null 字面量转换为非 null 的引用类型。 [C:\001_AI\_audit_1485_ab\src\Core\Ludots.Core.csproj]
C:\001_AI\_audit_1485_ab\src\Core\Gameplay\GAS\Config\GasClockConfig.cs(25,43): warning CS8625: 无法将 null 字面量转换为非 null 的引用类型。 [C:\001_AI\_audit_1485_ab\src\Core\Ludots.Core.csproj]
C:\001_AI\_audit_1485_ab\src\Core\Navigation\NavMesh\Bake\BakePipeline.cs(91,43): warning CS8625: 无法将 null 字面量转换为非 null 的引用类型。 [C:\001_AI\_audit_1485_ab\src\Core\Ludots.Core.csproj]
C:\001_AI\_audit_1485_ab\src\Core\Navigation\NavMesh\Bake\BakePipeline.cs(752,182): warning CS8625: 无法将 null 字面量转换为非 null 的引用类型。 [C:\001_AI\_audit_1485_ab\src\Core\Ludots.Core.csproj]
C:\001_AI\_audit_1485_ab\src\Core\Navigation\NavMesh\Bake\BakePipeline.cs(410,34): warning CS8765: 参数“obj”类型的为 Null 性与重写成员不匹配(可能是由于为 Null 性特性)。 [C:\001_AI\_audit_1485_ab\src\Core\Ludots.Core.csproj]
C:\001_AI\_audit_1485_ab\src\Core\Gameplay\Spawning\RuntimeEntitySpawnSystem.cs(96,49): warning CS8625: 无法将 null 字面量转换为非 null 的引用类型。 [C:\001_AI\_audit_1485_ab\src\Core\Ludots.Core.csproj]
C:\001_AI\_audit_1485_ab\src\Core\Presentation\Config\AnimationClipConfigLoader.cs(22,50): warning CS8625: 无法将 null 字面量转换为非 null 的引用类型。 [C:\001_AI\_audit_1485_ab\src\Core\Ludots.Core.csproj]
C:\001_AI\_audit_1485_ab\src\Core\Presentation\Config\AnimationClipConfigLoader.cs(22,86): warning CS8625: 无法将 null 字面量转换为非 null 的引用类型。 [C:\001_AI\_audit_1485_ab\src\Core\Ludots.Core.csproj]
C:\001_AI\_audit_1485_ab\src\Core\Navigation\Pathing\Config\PathingConfigLoader.cs(20,37): warning CS8625: 无法将 null 字面量转换为非 null 的引用类型。 [C:\001_AI\_audit_1485_ab\src\Core\Ludots.Core.csproj]
C:\001_AI\_audit_1485_ab\src\Core\Navigation\Pathing\Config\PathingConfigLoader.cs(21,43): warning CS8625: 无法将 null 字面量转换为非 null 的引用类型。 [C:\001_AI\_audit_1485_ab\src\Core\Ludots.Core.csproj]
C:\001_AI\_audit_1485_ab\src\Core\Gameplay\GAS\Config\PresetTypeLoader.cs(32,37): warning CS8625: 无法将 null 字面量转换为非 null 的引用类型。 [C:\001_AI\_audit_1485_ab\src\Core\Ludots.Core.csproj]
C:\001_AI\_audit_1485_ab\src\Core\Gameplay\GAS\Config\PresetTypeLoader.cs(33,43): warning CS8625: 无法将 null 字面量转换为非 null 的引用类型。 [C:\001_AI\_audit_1485_ab\src\Core\Ludots.Core.csproj]
C:\001_AI\_audit_1485_ab\src\Core\Presentation\Config\AnimationProfileConfigLoader.cs(27,50): warning CS8625: 无法将 null 字面量转换为非 null 的引用类型。 [C:\001_AI\_audit_1485_ab\src\Core\Ludots.Core.csproj]
C:\001_AI\_audit_1485_ab\src\Core\Presentation\Config\AnimationProfileConfigLoader.cs(27,86): warning CS8625: 无法将 null 字面量转换为非 null 的引用类型。 [C:\001_AI\_audit_1485_ab\src\Core\Ludots.Core.csproj]
C:\001_AI\_audit_1485_ab\src\Core\Gameplay\GAS\Config\TagRuleSetLoader.cs(20,37): warning CS8625: 无法将 null 字面量转换为非 null 的引用类型。 [C:\001_AI\_audit_1485_ab\src\Core\Ludots.Core.csproj]
C:\001_AI\_audit_1485_ab\src\Core\Gameplay\GAS\Config\TagRuleSetLoader.cs(21,43): warning CS8625: 无法将 null 字面量转换为非 null 的引用类型。 [C:\001_AI\_audit_1485_ab\src\Core\Ludots.Core.csproj]
C:\001_AI\_audit_1485_ab\src\Core\Presentation\Config\AnimatorControllerConfigLoader.cs(22,50): warning CS8625: 无法将 null 字面量转换为非 null 的引用类型。 [C:\001_AI\_audit_1485_ab\src\Core\Ludots.Core.csproj]
C:\001_AI\_audit_1485_ab\src\Core\Gameplay\GAS\Config\TargetDispatchPresetLoader.cs(29,37): warning CS8625: 无法将 null 字面量转换为非 null 的引用类型。 [C:\001_AI\_audit_1485_ab\src\Core\Ludots.Core.csproj]
C:\001_AI\_audit_1485_ab\src\Core\Presentation\Config\AnimatorControllerConfigLoader.cs(22,86): warning CS8625: 无法将 null 字面量转换为非 null 的引用类型。 [C:\001_AI\_audit_1485_ab\src\Core\Ludots.Core.csproj]
C:\001_AI\_audit_1485_ab\src\Core\Gameplay\GAS\Config\TargetDispatchPresetLoader.cs(30,43): warning CS8625: 无法将 null 字面量转换为非 null 的引用类型。 [C:\001_AI\_audit_1485_ab\src\Core\Ludots.Core.csproj]
C:\001_AI\_audit_1485_ab\src\Core\Scripting\EventKey.cs(15,30): warning CS8765: 参数“obj”类型的为 Null 性与重写成员不匹配(可能是由于为 Null 性特性)。 [C:\001_AI\_audit_1485_ab\src\Core\Ludots.Core.csproj]
C:\001_AI\_audit_1485_ab\src\Core\Navigation\NavMesh\Bake\ContourExtractor.cs(23,30): warning CS8765: 参数“obj”类型的为 Null 性与重写成员不匹配(可能是由于为 Null 性特性)。 [C:\001_AI\_audit_1485_ab\src\Core\Ludots.Core.csproj]
C:\001_AI\_audit_1485_ab\src\Core\Navigation\NavMesh\Bake\ContourExtractor.cs(67,30): warning CS8765: 参数“obj”类型的为 Null 性与重写成员不匹配(可能是由于为 Null 性特性)。 [C:\001_AI\_audit_1485_ab\src\Core\Ludots.Core.csproj]
C:\001_AI\_audit_1485_ab\src\Core\Scripting\FunctionRegistry.cs(22,85): warning CS8625: 无法将 null 字面量转换为非 null 的引用类型。 [C:\001_AI\_audit_1485_ab\src\Core\Ludots.Core.csproj]
C:\001_AI\_audit_1485_ab\src\Core\Presentation\Config\MeshAssetConfigLoader.cs(31,50): warning CS8625: 无法将 null 字面量转换为非 null 的引用类型。 [C:\001_AI\_audit_1485_ab\src\Core\Ludots.Core.csproj]
C:\001_AI\_audit_1485_ab\src\Core\Presentation\Config\MeshAssetConfigLoader.cs(31,86): warning CS8625: 无法将 null 字面量转换为非 null 的引用类型。 [C:\001_AI\_audit_1485_ab\src\Core\Ludots.Core.csproj]
C:\001_AI\_audit_1485_ab\src\Core\Presentation\Config\ParticleVfxConfigLoader.cs(21,50): warning CS8625: 无法将 null 字面量转换为非 null 的引用类型。 [C:\001_AI\_audit_1485_ab\src\Core\Ludots.Core.csproj]
C:\001_AI\_audit_1485_ab\src\Core\Presentation\Config\InstancedBatchAssetConfigLoader.cs(50,50): warning CS8625: 无法将 null 字面量转换为非 null 的引用类型。 [C:\001_AI\_audit_1485_ab\src\Core\Ludots.Core.csproj]
C:\001_AI\_audit_1485_ab\src\Core\Presentation\Config\ParticleVfxConfigLoader.cs(21,86): warning CS8625: 无法将 null 字面量转换为非 null 的引用类型。 [C:\001_AI\_audit_1485_ab\src\Core\Ludots.Core.csproj]
C:\001_AI\_audit_1485_ab\src\Core\Presentation\Config\InstancedBatchAssetConfigLoader.cs(50,86): warning CS8625: 无法将 null 字面量转换为非 null 的引用类型。 [C:\001_AI\_audit_1485_ab\src\Core\Ludots.Core.csproj]
C:\001_AI\_audit_1485_ab\src\Core\Gameplay\GAS\EffectTemplateRegistry.cs(440,89): warning CS8625: 无法将 null 字面量转换为非 null 的引用类型。 [C:\001_AI\_audit_1485_ab\src\Core\Ludots.Core.csproj]
C:\001_AI\_audit_1485_ab\src\Core\Presentation\Config\PresentationHostAssetConfigLoader.cs(27,69): warning CS8625: 无法将 null 字面量转换为非 null 的引用类型。 [C:\001_AI\_audit_1485_ab\src\Core\Ludots.Core.csproj]
C:\001_AI\_audit_1485_ab\src\Core\Presentation\Config\PresentationHostAssetConfigLoader.cs(27,105): warning CS8625: 无法将 null 字面量转换为非 null 的引用类型。 [C:\001_AI\_audit_1485_ab\src\Core\Ludots.Core.csproj]
C:\001_AI\_audit_1485_ab\src\Core\Presentation\Config\PresentationLodProfileConfigLoader.cs(24,50): warning CS8625: 无法将 null 字面量转换为非 null 的引用类型。 [C:\001_AI\_audit_1485_ab\src\Core\Ludots.Core.csproj]
C:\001_AI\_audit_1485_ab\src\Core\Presentation\Config\PresentationLodProfileConfigLoader.cs(24,86): warning CS8625: 无法将 null 字面量转换为非 null 的引用类型。 [C:\001_AI\_audit_1485_ab\src\Core\Ludots.Core.csproj]
C:\001_AI\_audit_1485_ab\src\Core\Presentation\Config\PresentationMaterialConfigLoader.cs(25,50): warning CS8625: 无法将 null 字面量转换为非 null 的引用类型。 [C:\001_AI\_audit_1485_ab\src\Core\Ludots.Core.csproj]
C:\001_AI\_audit_1485_ab\src\Core\Presentation\Config\PresentationMaterialConfigLoader.cs(25,86): warning CS8625: 无法将 null 字面量转换为非 null 的引用类型。 [C:\001_AI\_audit_1485_ab\src\Core\Ludots.Core.csproj]
C:\001_AI\_audit_1485_ab\src\Core\Spatial\WorldSizeSpec.cs(25,30): warning CS8765: 参数“obj”类型的为 Null 性与重写成员不匹配(可能是由于为 Null 性特性)。 [C:\001_AI\_audit_1485_ab\src\Core\Ludots.Core.csproj]
C:\001_AI\_audit_1485_ab\src\Core\Spatial\WorldExtentSpec.cs(46,30): warning CS8765: 参数“obj”类型的为 Null 性与重写成员不匹配(可能是由于为 Null 性特性)。 [C:\001_AI\_audit_1485_ab\src\Core\Ludots.Core.csproj]
C:\001_AI\_audit_1485_ab\src\Core\Presentation\Config\PresentationTextCatalogLoader.cs(23,69): warning CS8625: 无法将 null 字面量转换为非 null 的引用类型。 [C:\001_AI\_audit_1485_ab\src\Core\Ludots.Core.csproj]
C:\001_AI\_audit_1485_ab\src\Core\Presentation\Config\PresentationTextCatalogLoader.cs(23,105): warning CS8625: 无法将 null 字面量转换为非 null 的引用类型。 [C:\001_AI\_audit_1485_ab\src\Core\Ludots.Core.csproj]
C:\001_AI\_audit_1485_ab\src\Core\Gameplay\GAS\TagOps.cs(29,97): warning CS8625: 无法将 null 字面量转换为非 null 的引用类型。 [C:\001_AI\_audit_1485_ab\src\Core\Ludots.Core.csproj]
C:\001_AI\_audit_1485_ab\src\Core\Navigation\NavMesh\Bake\NavBakeContext.cs(45,30): warning CS8765: 参数“obj”类型的为 Null 性与重写成员不匹配(可能是由于为 Null 性特性)。 [C:\001_AI\_audit_1485_ab\src\Core\Ludots.Core.csproj]
C:\001_AI\_audit_1485_ab\src\Core\Navigation\NavMesh\Config\NavMeshBakeConfigLoader.cs(27,37): warning CS8625: 无法将 null 字面量转换为非 null 的引用类型。 [C:\001_AI\_audit_1485_ab\src\Core\Ludots.Core.csproj]
C:\001_AI\_audit_1485_ab\src\Core\Navigation\NavMesh\Config\NavMeshBakeConfigLoader.cs(28,43): warning CS8625: 无法将 null 字面量转换为非 null 的引用类型。 [C:\001_AI\_audit_1485_ab\src\Core\Ludots.Core.csproj]
C:\001_AI\_audit_1485_ab\src\Core\UI\EntityCommandPanels\AbilityAggregationProfileConfigLoader.cs(33,37): warning CS8625: 无法将 null 字面量转换为非 null 的引用类型。 [C:\001_AI\_audit_1485_ab\src\Core\Ludots.Core.csproj]
C:\001_AI\_audit_1485_ab\src\Core\UI\EntityCommandPanels\AbilityAggregationProfileConfigLoader.cs(34,43): warning CS8625: 无法将 null 字面量转换为非 null 的引用类型。 [C:\001_AI\_audit_1485_ab\src\Core\Ludots.Core.csproj]
C:\001_AI\_audit_1485_ab\src\Core\Navigation\NavMesh\Bake\PolygonProcessor.cs(14,63): warning CS8625: 无法将 null 字面量转换为非 null 的引用类型。 [C:\001_AI\_audit_1485_ab\src\Core\Ludots.Core.csproj]
C:\001_AI\_audit_1485_ab\src\Core\UI\CommandDeck\CommandDeckProfileConfigLoader.cs(30,37): warning CS8625: 无法将 null 字面量转换为非 null 的引用类型。 [C:\001_AI\_audit_1485_ab\src\Core\Ludots.Core.csproj]
C:\001_AI\_audit_1485_ab\src\Core\UI\CommandDeck\CommandDeckProfileConfigLoader.cs(31,43): warning CS8625: 无法将 null 字面量转换为非 null 的引用类型。 [C:\001_AI\_audit_1485_ab\src\Core\Ludots.Core.csproj]
C:\001_AI\_audit_1485_ab\src\Core\NodeLibraries\GASGraph\Host\GraphProgramConfigLoader.cs(61,37): warning CS8625: 无法将 null 字面量转换为非 null 的引用类型。 [C:\001_AI\_audit_1485_ab\src\Core\Ludots.Core.csproj]
C:\001_AI\_audit_1485_ab\src\Core\NodeLibraries\GASGraph\Host\GraphProgramConfigLoader.cs(62,43): warning CS8625: 无法将 null 字面量转换为非 null 的引用类型。 [C:\001_AI\_audit_1485_ab\src\Core\Ludots.Core.csproj]
C:\001_AI\_audit_1485_ab\src\Core\UI\ProductionOverview\ProductionOverviewProfileConfigLoader.cs(30,37): warning CS8625: 无法将 null 字面量转换为非 null 的引用类型。 [C:\001_AI\_audit_1485_ab\src\Core\Ludots.Core.csproj]
C:\001_AI\_audit_1485_ab\src\Core\UI\ProductionOverview\ProductionOverviewProfileConfigLoader.cs(31,43): warning CS8625: 无法将 null 字面量转换为非 null 的引用类型。 [C:\001_AI\_audit_1485_ab\src\Core\Ludots.Core.csproj]
C:\001_AI\_audit_1485_ab\src\Core\Navigation\NavMesh\NavQueryServiceRegistry.cs(18,30): warning CS8765: 参数“obj”类型的为 Null 性与重写成员不匹配(可能是由于为 Null 性特性)。 [C:\001_AI\_audit_1485_ab\src\Core\Ludots.Core.csproj]
C:\001_AI\_audit_1485_ab\src\Core\Systems\MapLoader.cs(112,44): warning CS8625: 无法将 null 字面量转换为非 null 的引用类型。 [C:\001_AI\_audit_1485_ab\src\Core\Ludots.Core.csproj]
C:\001_AI\_audit_1485_ab\src\Core\Systems\MapLoader.cs(113,64): warning CS8625: 无法将 null 字面量转换为非 null 的引用类型。 [C:\001_AI\_audit_1485_ab\src\Core\Ludots.Core.csproj]
C:\001_AI\_audit_1485_ab\src\Core\Systems\MapLoader.cs(382,88): warning CS8625: 无法将 null 字面量转换为非 null 的引用类型。 [C:\001_AI\_audit_1485_ab\src\Core\Ludots.Core.csproj]
C:\001_AI\_audit_1485_ab\src\Core\Navigation\NavMesh\NavTileModels.cs(27,30): warning CS8765: 参数“obj”类型的为 Null 性与重写成员不匹配(可能是由于为 Null 性特性)。 [C:\001_AI\_audit_1485_ab\src\Core\Ludots.Core.csproj]
C:\001_AI\_audit_1485_ab\src\Core\Navigation\NavMesh\NavTileModels.cs(226,33): warning CS8625: 无法将 null 字面量转换为非 null 的引用类型。 [C:\001_AI\_audit_1485_ab\src\Core\Ludots.Core.csproj]
C:\001_AI\_audit_1485_ab\src\Core\Gameplay\GAS\Systems\AbilityFormRoutingSystem.cs(21,103): warning CS8625: 无法将 null 字面量转换为非 null 的引用类型。 [C:\001_AI\_audit_1485_ab\src\Core\Ludots.Core.csproj]
C:\001_AI\_audit_1485_ab\src\Core\Gameplay\GAS\Systems\AttributeAggregatorSystem.cs(30,92): warning CS8625: 无法将 null 字面量转换为非 null 的引用类型。 [C:\001_AI\_audit_1485_ab\src\Core\Ludots.Core.csproj]
C:\001_AI\_audit_1485_ab\src\Core\Gameplay\GAS\Systems\AttributeAggregatorSystem.cs(30,126): warning CS8625: 无法将 null 字面量转换为非 null 的引用类型。 [C:\001_AI\_audit_1485_ab\src\Core\Ludots.Core.csproj]
C:\001_AI\_audit_1485_ab\src\Core\Gameplay\GAS\Systems\AttributeAggregatorSystem.cs(30,148): warning CS8625: 无法将 null 字面量转换为非 null 的引用类型。 [C:\001_AI\_audit_1485_ab\src\Core\Ludots.Core.csproj]
C:\001_AI\_audit_1485_ab\src\Core\Gameplay\GAS\Systems\AbilitySystem.cs(25,60): warning CS8625: 无法将 null 字面量转换为非 null 的引用类型。 [C:\001_AI\_audit_1485_ab\src\Core\Ludots.Core.csproj]
C:\001_AI\_audit_1485_ab\src\Core\Gameplay\GAS\Systems\AbilitySystem.cs(26,29): warning CS8625: 无法将 null 字面量转换为非 null 的引用类型。 [C:\001_AI\_audit_1485_ab\src\Core\Ludots.Core.csproj]
C:\001_AI\_audit_1485_ab\src\Core\Gameplay\GAS\Systems\AbilitySystem.cs(27,50): warning CS8625: 无法将 null 字面量转换为非 null 的引用类型。 [C:\001_AI\_audit_1485_ab\src\Core\Ludots.Core.csproj]
C:\001_AI\_audit_1485_ab\src\Core\Gameplay\GAS\Systems\AbilitySystem.cs(28,41): warning CS8625: 无法将 null 字面量转换为非 null 的引用类型。 [C:\001_AI\_audit_1485_ab\src\Core\Ludots.Core.csproj]
C:\001_AI\_audit_1485_ab\src\Core\Gameplay\GAS\Systems\AbilitySystem.cs(29,71): warning CS8625: 无法将 null 字面量转换为非 null 的引用类型。 [C:\001_AI\_audit_1485_ab\src\Core\Ludots.Core.csproj]
C:\001_AI\_audit_1485_ab\src\Core\Gameplay\GAS\Systems\DeferredTriggerCollectionSystem.cs(26,29): warning CS8625: 无法将 null 字面量转换为非 null 的引用类型。 [C:\001_AI\_audit_1485_ab\src\Core\Ludots.Core.csproj]
C:\001_AI\_audit_1485_ab\src\Core\Gameplay\GAS\Systems\DeferredTriggerCollectionSystem.cs(27,46): warning CS8625: 无法将 null 字面量转换为非 null 的引用类型。 [C:\001_AI\_audit_1485_ab\src\Core\Ludots.Core.csproj]
C:\001_AI\_audit_1485_ab\src\Core\Navigation\NavMesh\NavTileBuilder.cs(68,34): warning CS8765: 参数“obj”类型的为 Null 性与重写成员不匹配(可能是由于为 Null 性特性)。 [C:\001_AI\_audit_1485_ab\src\Core\Ludots.Core.csproj]
C:\001_AI\_audit_1485_ab\src\Core\Navigation\NavMesh\NavTileBuilder.cs(505,34): warning CS8765: 参数“obj”类型的为 Null 性与重写成员不匹配(可能是由于为 Null 性特性)。 [C:\001_AI\_audit_1485_ab\src\Core\Ludots.Core.csproj]
C:\001_AI\_audit_1485_ab\src\Core\Gameplay\GAS\Systems\EffectProcessingLoopSystem.cs(66,214): warning CS8625: 无法将 null 字面量转换为非 null 的引用类型。 [C:\001_AI\_audit_1485_ab\src\Core\Ludots.Core.csproj]
C:\001_AI\_audit_1485_ab\src\Core\Gameplay\GAS\Systems\EffectProcessingLoopSystem.cs(66,255): warning CS8625: 无法将 null 字面量转换为非 null 的引用类型。 [C:\001_AI\_audit_1485_ab\src\Core\Ludots.Core.csproj]
C:\001_AI\_audit_1485_ab\src\Core\Gameplay\GAS\Systems\EffectProcessingLoopSystem.cs(66,295): warning CS8625: 无法将 null 字面量转换为非 null 的引用类型。 [C:\001_AI\_audit_1485_ab\src\Core\Ludots.Core.csproj]
C:\001_AI\_audit_1485_ab\src\Core\Gameplay\GAS\Systems\EffectProcessingLoopSystem.cs(66,326): warning CS8625: 无法将 null 字面量转换为非 null 的引用类型。 [C:\001_AI\_audit_1485_ab\src\Core\Ludots.Core.csproj]
C:\001_AI\_audit_1485_ab\src\Core\Gameplay\GAS\Systems\EffectProcessingLoopSystem.cs(66,373): warning CS8625: 无法将 null 字面量转换为非 null 的引用类型。 [C:\001_AI\_audit_1485_ab\src\Core\Ludots.Core.csproj]
C:\001_AI\_audit_1485_ab\src\Core\Gameplay\GAS\Systems\EffectProcessingLoopSystem.cs(66,413): warning CS8625: 无法将 null 字面量转换为非 null 的引用类型。 [C:\001_AI\_audit_1485_ab\src\Core\Ludots.Core.csproj]
C:\001_AI\_audit_1485_ab\src\Core\Gameplay\GAS\Systems\EffectProcessingLoopSystem.cs(66,524): warning CS8625: 无法将 null 字面量转换为非 null 的引用类型。 [C:\001_AI\_audit_1485_ab\src\Core\Ludots.Core.csproj]
C:\001_AI\_audit_1485_ab\src\Core\Gameplay\GAS\Systems\EffectProcessingLoopSystem.cs(66,568): warning CS8625: 无法将 null 字面量转换为非 null 的引用类型。 [C:\001_AI\_audit_1485_ab\src\Core\Ludots.Core.csproj]
C:\001_AI\_audit_1485_ab\src\Core\Gameplay\GAS\Systems\EffectProcessingLoopSystem.cs(66,614): warning CS8625: 无法将 null 字面量转换为非 null 的引用类型。 [C:\001_AI\_audit_1485_ab\src\Core\Ludots.Core.csproj]
C:\001_AI\_audit_1485_ab\src\Core\Gameplay\GAS\Systems\EffectProcessingLoopSystem.cs(66,668): warning CS8625: 无法将 null 字面量转换为非 null 的引用类型。 [C:\001_AI\_audit_1485_ab\src\Core\Ludots.Core.csproj]
C:\001_AI\_audit_1485_ab\src\Core\Gameplay\GAS\Systems\EffectProcessingLoopSystem.cs(66,725): warning CS8625: 无法将 null 字面量转换为非 null 的引用类型。 [C:\001_AI\_audit_1485_ab\src\Core\Ludots.Core.csproj]
C:\001_AI\_audit_1485_ab\src\Core\Gameplay\GAS\Systems\EffectProcessingLoopSystem.cs(66,767): warning CS8625: 无法将 null 字面量转换为非 null 的引用类型。 [C:\001_AI\_audit_1485_ab\src\Core\Ludots.Core.csproj]
C:\001_AI\_audit_1485_ab\src\Core\Gameplay\GAS\Systems\EffectProcessingLoopSystem.cs(66,843): warning CS8625: 无法将 null 字面量转换为非 null 的引用类型。 [C:\001_AI\_audit_1485_ab\src\Core\Ludots.Core.csproj]
C:\001_AI\_audit_1485_ab\src\Core\Gameplay\GAS\Systems\EffectProcessingLoopSystem.cs(66,865): warning CS8625: 无法将 null 字面量转换为非 null 的引用类型。 [C:\001_AI\_audit_1485_ab\src\Core\Ludots.Core.csproj]
C:\001_AI\_audit_1485_ab\src\Core\Gameplay\GAS\Systems\EffectProcessingLoopSystem.cs(66,905): warning CS8625: 无法将 null 字面量转换为非 null 的引用类型。 [C:\001_AI\_audit_1485_ab\src\Core\Ludots.Core.csproj]
C:\001_AI\_audit_1485_ab\src\Core\Gameplay\GAS\Systems\EffectProcessingLoopSystem.cs(66,966): warning CS8625: 无法将 null 字面量转换为非 null 的引用类型。 [C:\001_AI\_audit_1485_ab\src\Core\Ludots.Core.csproj]
C:\001_AI\_audit_1485_ab\src\Core\Gameplay\GAS\Systems\EffectProcessingLoopSystem.cs(66,1010): warning CS8625: 无法将 null 字面量转换为非 null 的引用类型。 [C:\001_AI\_audit_1485_ab\src\Core\Ludots.Core.csproj]
C:\001_AI\_audit_1485_ab\src\Core\Gameplay\GAS\Systems\EffectProcessingLoopSystem.cs(66,1054): warning CS8625: 无法将 null 字面量转换为非 null 的引用类型。 [C:\001_AI\_audit_1485_ab\src\Core\Ludots.Core.csproj]
C:\001_AI\_audit_1485_ab\src\Core\Gameplay\GAS\Systems\EffectProcessingLoopSystem.cs(66,1123): warning CS8625: 无法将 null 字面量转换为非 null 的引用类型。 [C:\001_AI\_audit_1485_ab\src\Core\Ludots.Core.csproj]
C:\001_AI\_audit_1485_ab\src\Core\Gameplay\GAS\Systems\EffectProcessingLoopSystem.cs(66,1185): warning CS8625: 无法将 null 字面量转换为非 null 的引用类型。 [C:\001_AI\_audit_1485_ab\src\Core\Ludots.Core.csproj]
C:\001_AI\_audit_1485_ab\src\Core\Gameplay\GAS\Systems\EffectProcessingLoopSystem.cs(66,1257): warning CS8625: 无法将 null 字面量转换为非 null 的引用类型。 [C:\001_AI\_audit_1485_ab\src\Core\Ludots.Core.csproj]
C:\001_AI\_audit_1485_ab\src\Core\Gameplay\GAS\Systems\EffectProcessingLoopSystem.cs(66,1328): warning CS8625: 无法将 null 字面量转换为非 null 的引用类型。 [C:\001_AI\_audit_1485_ab\src\Core\Ludots.Core.csproj]
C:\001_AI\_audit_1485_ab\src\Core\Gameplay\GAS\Systems\EffectApplicationSystem.cs(121,130): warning CS8625: 无法将 null 字面量转换为非 null 的引用类型。 [C:\001_AI\_audit_1485_ab\src\Core\Ludots.Core.csproj]
C:\001_AI\_audit_1485_ab\src\Core\Gameplay\GAS\Systems\EffectApplicationSystem.cs(121,155): warning CS8625: 无法将 null 字面量转换为非 null 的引用类型。 [C:\001_AI\_audit_1485_ab\src\Core\Ludots.Core.csproj]
C:\001_AI\_audit_1485_ab\src\Core\Gameplay\GAS\Systems\EffectApplicationSystem.cs(121,209): warning CS8625: 无法将 null 字面量转换为非 null 的引用类型。 [C:\001_AI\_audit_1485_ab\src\Core\Ludots.Core.csproj]
C:\001_AI\_audit_1485_ab\src\Core\Gameplay\GAS\Systems\EffectApplicationSystem.cs(121,250): warning CS8625: 无法将 null 字面量转换为非 null 的引用类型。 [C:\001_AI\_audit_1485_ab\src\Core\Ludots.Core.csproj]
C:\001_AI\_audit_1485_ab\src\Core\Gameplay\GAS\Systems\EffectApplicationSystem.cs(121,294): warning CS8625: 无法将 null 字面量转换为非 null 的引用类型。 [C:\001_AI\_audit_1485_ab\src\Core\Ludots.Core.csproj]
C:\001_AI\_audit_1485_ab\src\Core\Gameplay\GAS\Systems\EffectApplicationSystem.cs(121,340): warning CS8625: 无法将 null 字面量转换为非 null 的引用类型。 [C:\001_AI\_audit_1485_ab\src\Core\Ludots.Core.csproj]
C:\001_AI\_audit_1485_ab\src\Core\Gameplay\GAS\Systems\EffectApplicationSystem.cs(121,394): warning CS8625: 无法将 null 字面量转换为非 null 的引用类型。 [C:\001_AI\_audit_1485_ab\src\Core\Ludots.Core.csproj]
C:\001_AI\_audit_1485_ab\src\Core\Gameplay\GAS\Systems\EffectApplicationSystem.cs(121,451): warning CS8625: 无法将 null 字面量转换为非 null 的引用类型。 [C:\001_AI\_audit_1485_ab\src\Core\Ludots.Core.csproj]
C:\001_AI\_audit_1485_ab\src\Core\Gameplay\GAS\Systems\EffectApplicationSystem.cs(121,493): warning CS8625: 无法将 null 字面量转换为非 null 的引用类型。 [C:\001_AI\_audit_1485_ab\src\Core\Ludots.Core.csproj]
C:\001_AI\_audit_1485_ab\src\Core\Gameplay\GAS\Systems\EffectApplicationSystem.cs(121,569): warning CS8625: 无法将 null 字面量转换为非 null 的引用类型。 [C:\001_AI\_audit_1485_ab\src\Core\Ludots.Core.csproj]
C:\001_AI\_audit_1485_ab\src\Core\Gameplay\GAS\Systems\EffectApplicationSystem.cs(121,591): warning CS8625: 无法将 null 字面量转换为非 null 的引用类型。 [C:\001_AI\_audit_1485_ab\src\Core\Ludots.Core.csproj]
C:\001_AI\_audit_1485_ab\src\Core\Gameplay\GAS\Systems\EffectApplicationSystem.cs(121,631): warning CS8625: 无法将 null 字面量转换为非 null 的引用类型。 [C:\001_AI\_audit_1485_ab\src\Core\Ludots.Core.csproj]
C:\001_AI\_audit_1485_ab\src\Core\Gameplay\GAS\Systems\EffectApplicationSystem.cs(121,692): warning CS8625: 无法将 null 字面量转换为非 null 的引用类型。 [C:\001_AI\_audit_1485_ab\src\Core\Ludots.Core.csproj]
C:\001_AI\_audit_1485_ab\src\Core\Gameplay\GAS\Systems\EffectApplicationSystem.cs(121,736): warning CS8625: 无法将 null 字面量转换为非 null 的引用类型。 [C:\001_AI\_audit_1485_ab\src\Core\Ludots.Core.csproj]
C:\001_AI\_audit_1485_ab\src\Core\Gameplay\GAS\Systems\EffectApplicationSystem.cs(121,780): warning CS8625: 无法将 null 字面量转换为非 null 的引用类型。 [C:\001_AI\_audit_1485_ab\src\Core\Ludots.Core.csproj]
C:\001_AI\_audit_1485_ab\src\Core\Gameplay\GAS\Systems\EffectApplicationSystem.cs(121,849): warning CS8625: 无法将 null 字面量转换为非 null 的引用类型。 [C:\001_AI\_audit_1485_ab\src\Core\Ludots.Core.csproj]
C:\001_AI\_audit_1485_ab\src\Core\Gameplay\GAS\Systems\EffectApplicationSystem.cs(121,911): warning CS8625: 无法将 null 字面量转换为非 null 的引用类型。 [C:\001_AI\_audit_1485_ab\src\Core\Ludots.Core.csproj]
C:\001_AI\_audit_1485_ab\src\Core\Gameplay\GAS\Systems\EffectApplicationSystem.cs(121,942): warning CS8625: 无法将 null 字面量转换为非 null 的引用类型。 [C:\001_AI\_audit_1485_ab\src\Core\Ludots.Core.csproj]
C:\001_AI\_audit_1485_ab\src\Core\Gameplay\GAS\Systems\EffectApplicationSystem.cs(121,979): warning CS8625: 无法将 null 字面量转换为非 null 的引用类型。 [C:\001_AI\_audit_1485_ab\src\Core\Ludots.Core.csproj]
C:\001_AI\_audit_1485_ab\src\Core\Gameplay\GAS\Systems\EffectApplicationSystem.cs(121,1050): warning CS8625: 无法将 null 字面量转换为非 null 的引用类型。 [C:\001_AI\_audit_1485_ab\src\Core\Ludots.Core.csproj]
C:\001_AI\_audit_1485_ab\src\Core\Presentation\Systems\PresenterEmitSystem.cs(67,59): warning CS8625: 无法将 null 字面量转换为非 null 的引用类型。 [C:\001_AI\_audit_1485_ab\src\Core\Ludots.Core.csproj]
C:\001_AI\_audit_1485_ab\src\Core\Presentation\Config\PresenterDefinitionConfigLoader.cs(46,54): warning CS8625: 无法将 null 字面量转换为非 null 的引用类型。 [C:\001_AI\_audit_1485_ab\src\Core\Ludots.Core.csproj]
C:\001_AI\_audit_1485_ab\src\Core\Presentation\Systems\PresenterEmitSystem.cs(68,48): warning CS8625: 无法将 null 字面量转换为非 null 的引用类型。 [C:\001_AI\_audit_1485_ab\src\Core\Ludots.Core.csproj]
C:\001_AI\_audit_1485_ab\src\Core\Presentation\Config\PresenterDefinitionConfigLoader.cs(47,47): warning CS8625: 无法将 null 字面量转换为非 null 的引用类型。 [C:\001_AI\_audit_1485_ab\src\Core\Ludots.Core.csproj]
C:\001_AI\_audit_1485_ab\src\Core\Presentation\Config\PresenterDefinitionConfigLoader.cs(48,52): warning CS8625: 无法将 null 字面量转换为非 null 的引用类型。 [C:\001_AI\_audit_1485_ab\src\Core\Ludots.Core.csproj]
C:\001_AI\_audit_1485_ab\src\Core\Presentation\Config\PresenterDefinitionConfigLoader.cs(49,58): warning CS8625: 无法将 null 字面量转换为非 null 的引用类型。 [C:\001_AI\_audit_1485_ab\src\Core\Ludots.Core.csproj]
C:\001_AI\_audit_1485_ab\src\Core\Presentation\Config\PresenterDefinitionConfigLoader.cs(50,57): warning CS8625: 无法将 null 字面量转换为非 null 的引用类型。 [C:\001_AI\_audit_1485_ab\src\Core\Ludots.Core.csproj]
C:\001_AI\_audit_1485_ab\src\Core\Presentation\Config\PresenterDefinitionConfigLoader.cs(51,51): warning CS8625: 无法将 null 字面量转换为非 null 的引用类型。 [C:\001_AI\_audit_1485_ab\src\Core\Ludots.Core.csproj]
C:\001_AI\_audit_1485_ab\src\Core\Presentation\Config\PresenterDefinitionConfigLoader.cs(52,61): warning CS8625: 无法将 null 字面量转换为非 null 的引用类型。 [C:\001_AI\_audit_1485_ab\src\Core\Ludots.Core.csproj]
C:\001_AI\_audit_1485_ab\src\Core\Presentation\Config\PresenterDefinitionConfigLoader.cs(53,59): warning CS8625: 无法将 null 字面量转换为非 null 的引用类型。 [C:\001_AI\_audit_1485_ab\src\Core\Ludots.Core.csproj]
C:\001_AI\_audit_1485_ab\src\Core\Presentation\Config\PresenterDefinitionConfigLoader.cs(54,67): warning CS8625: 无法将 null 字面量转换为非 null 的引用类型。 [C:\001_AI\_audit_1485_ab\src\Core\Ludots.Core.csproj]
C:\001_AI\_audit_1485_ab\src\Core\Presentation\Config\PresenterDefinitionConfigLoader.cs(55,62): warning CS8625: 无法将 null 字面量转换为非 null 的引用类型。 [C:\001_AI\_audit_1485_ab\src\Core\Ludots.Core.csproj]
C:\001_AI\_audit_1485_ab\src\Core\Presentation\Config\PresenterDefinitionConfigLoader.cs(56,62): warning CS8625: 无法将 null 字面量转换为非 null 的引用类型。 [C:\001_AI\_audit_1485_ab\src\Core\Ludots.Core.csproj]
C:\001_AI\_audit_1485_ab\src\Core\Presentation\Config\PresenterDefinitionConfigLoader.cs(57,68): warning CS8625: 无法将 null 字面量转换为非 null 的引用类型。 [C:\001_AI\_audit_1485_ab\src\Core\Ludots.Core.csproj]
C:\001_AI\_audit_1485_ab\src\Core\Presentation\Config\PresenterDefinitionConfigLoader.cs(81,50): warning CS8625: 无法将 null 字面量转换为非 null 的引用类型。 [C:\001_AI\_audit_1485_ab\src\Core\Ludots.Core.csproj]
C:\001_AI\_audit_1485_ab\src\Core\Presentation\Config\PresenterDefinitionConfigLoader.cs(81,86): warning CS8625: 无法将 null 字面量转换为非 null 的引用类型。 [C:\001_AI\_audit_1485_ab\src\Core\Ludots.Core.csproj]
C:\001_AI\_audit_1485_ab\src\Core\Gameplay\GAS\Orders\OrderTypeConfigLoader.cs(72,37): warning CS8625: 无法将 null 字面量转换为非 null 的引用类型。 [C:\001_AI\_audit_1485_ab\src\Core\Ludots.Core.csproj]
C:\001_AI\_audit_1485_ab\src\Core\Gameplay\GAS\Orders\OrderTypeConfigLoader.cs(73,43): warning CS8625: 无法将 null 字面量转换为非 null 的引用类型。 [C:\001_AI\_audit_1485_ab\src\Core\Ludots.Core.csproj]
C:\001_AI\_audit_1485_ab\src\Core\Gameplay\GAS\Orders\OrderTypeConfigLoader.cs(83,37): warning CS8625: 无法将 null 字面量转换为非 null 的引用类型。 [C:\001_AI\_audit_1485_ab\src\Core\Ludots.Core.csproj]
C:\001_AI\_audit_1485_ab\src\Core\Gameplay\GAS\Orders\OrderTypeConfigLoader.cs(84,43): warning CS8625: 无法将 null 字面量转换为非 null 的引用类型。 [C:\001_AI\_audit_1485_ab\src\Core\Ludots.Core.csproj]
C:\001_AI\_audit_1485_ab\src\Core\Commands\DelegateCommand.cs(12,16): warning CS8618: 在退出构造函数时，不可为 null 的 字段 "_syncAction" 必须包含非 null 值。请考虑添加 "required" 修饰符或将该 字段 声明为可为 null。 [C:\001_AI\_audit_1485_ab\src\Core\Ludots.Core.csproj]
C:\001_AI\_audit_1485_ab\src\Core\Commands\DelegateCommand.cs(17,16): warning CS8618: 在退出构造函数时，不可为 null 的 字段 "_asyncAction" 必须包含非 null 值。请考虑添加 "required" 修饰符或将该 字段 声明为可为 null。 [C:\001_AI\_audit_1485_ab\src\Core\Ludots.Core.csproj]
C:\001_AI\_audit_1485_ab\src\Core\Commands\ShowUiCommand.cs(11,23): warning CS8618: 在退出构造函数时，不可为 null 的 属性 "Html" 必须包含非 null 值。请考虑添加 "required" 修饰符或将该 属性 声明为可为 null。 [C:\001_AI\_audit_1485_ab\src\Core\Ludots.Core.csproj]
C:\001_AI\_audit_1485_ab\src\Core\Commands\ShowUiCommand.cs(12,23): warning CS8618: 在退出构造函数时，不可为 null 的 属性 "Css" 必须包含非 null 值。请考虑添加 "required" 修饰符或将该 属性 声明为可为 null。 [C:\001_AI\_audit_1485_ab\src\Core\Ludots.Core.csproj]
C:\001_AI\_audit_1485_ab\src\Core\Config\EntityBuilder.cs(22,16): warning CS8618: 在退出构造函数时，不可为 null 的 字段 "_activeTemplate" 必须包含非 null 值。请考虑添加 "required" 修饰符或将该 字段 声明为可为 null。 [C:\001_AI\_audit_1485_ab\src\Core\Ludots.Core.csproj]
C:\001_AI\_audit_1485_ab\src\Core\Config\EntityBuilder.cs(22,16): warning CS8618: 在退出构造函数时，不可为 null 的 字段 "_activeTemplateId" 必须包含非 null 值。请考虑添加 "required" 修饰符或将该 字段 声明为可为 null。 [C:\001_AI\_audit_1485_ab\src\Core\Ludots.Core.csproj]
C:\001_AI\_audit_1485_ab\src\Core\Config\EntityBuilder.cs(22,16): warning CS8618: 在退出构造函数时，不可为 null 的 字段 "_activeEntityContext" 必须包含非 null 值。请考虑添加 "required" 修饰符或将该 字段 声明为可为 null。 [C:\001_AI\_audit_1485_ab\src\Core\Ludots.Core.csproj]
C:\001_AI\_audit_1485_ab\src\Core\Config\EntityBuilder.cs(34,16): warning CS8618: 在退出构造函数时，不可为 null 的 字段 "_templateSources" 必须包含非 null 值。请考虑添加 "required" 修饰符或将该 字段 声明为可为 null。 [C:\001_AI\_audit_1485_ab\src\Core\Ludots.Core.csproj]
C:\001_AI\_audit_1485_ab\src\Core\Config\EntityBuilder.cs(34,16): warning CS8618: 在退出构造函数时，不可为 null 的 字段 "_activeTemplate" 必须包含非 null 值。请考虑添加 "required" 修饰符或将该 字段 声明为可为 null。 [C:\001_AI\_audit_1485_ab\src\Core\Ludots.Core.csproj]
C:\001_AI\_audit_1485_ab\src\Core\Config\EntityBuilder.cs(34,16): warning CS8618: 在退出构造函数时，不可为 null 的 字段 "_activeTemplateId" 必须包含非 null 值。请考虑添加 "required" 修饰符或将该 字段 声明为可为 null。 [C:\001_AI\_audit_1485_ab\src\Core\Ludots.Core.csproj]
C:\001_AI\_audit_1485_ab\src\Core\Config\EntityBuilder.cs(34,16): warning CS8618: 在退出构造函数时，不可为 null 的 字段 "_activeEntityContext" 必须包含非 null 值。请考虑添加 "required" 修饰符或将该 字段 声明为可为 null。 [C:\001_AI\_audit_1485_ab\src\Core\Ludots.Core.csproj]
C:\001_AI\_audit_1485_ab\src\Core\Commands\LoadMapCommand.cs(24,26): warning CS0618: “ScriptContextExtensions.GetEngine(ScriptContext)”已过时:“Do not take the concrete GameEngine from ScriptContext. Use IModContext and existing ScriptContext ports (GetWorld, CoreServiceKeys). Do not add new call sites.” [C:\001_AI\_audit_1485_ab\src\Core\Ludots.Core.csproj]
C:\001_AI\_audit_1485_ab\src\Core\Config\EntityTemplate.cs(10,23): warning CS8618: 在退出构造函数时，不可为 null 的 属性 "Id" 必须包含非 null 值。请考虑添加 "required" 修饰符或将该 属性 声明为可为 null。 [C:\001_AI\_audit_1485_ab\src\Core\Ludots.Core.csproj]
C:\001_AI\_audit_1485_ab\src\Core\Config\EntityTemplate.cs(13,23): warning CS8618: 在退出构造函数时，不可为 null 的 属性 "OnSpawnEffect" 必须包含非 null 值。请考虑添加 "required" 修饰符或将该 属性 声明为可为 null。 [C:\001_AI\_audit_1485_ab\src\Core\Ludots.Core.csproj]
C:\001_AI\_audit_1485_ab\src\Core\Commands\LoadMapCommand.cs(13,23): warning CS8618: 在退出构造函数时，不可为 null 的 属性 "MapId" 必须包含非 null 值。请考虑添加 "required" 修饰符或将该 属性 声明为可为 null。 [C:\001_AI\_audit_1485_ab\src\Core\Ludots.Core.csproj]
C:\001_AI\_audit_1485_ab\src\Core\Config\EntityTemplate.cs(48,23): warning CS8618: 在退出构造函数时，不可为 null 的 属性 "Template" 必须包含非 null 值。请考虑添加 "required" 修饰符或将该 属性 声明为可为 null。 [C:\001_AI\_audit_1485_ab\src\Core\Ludots.Core.csproj]
C:\001_AI\_audit_1485_ab\src\Core\Config\EntityBuilder.cs(113,31): warning CS8625: 无法将 null 字面量转换为非 null 的引用类型。 [C:\001_AI\_audit_1485_ab\src\Core\Ludots.Core.csproj]
C:\001_AI\_audit_1485_ab\src\Core\Config\EntityBuilder.cs(114,33): warning CS8625: 无法将 null 字面量转换为非 null 的引用类型。 [C:\001_AI\_audit_1485_ab\src\Core\Ludots.Core.csproj]
C:\001_AI\_audit_1485_ab\src\Core\Config\EntityBuilder.cs(115,36): warning CS8625: 无法将 null 字面量转换为非 null 的引用类型。 [C:\001_AI\_audit_1485_ab\src\Core\Ludots.Core.csproj]
C:\001_AI\_audit_1485_ab\src\Core\Client\PresentBindingPresentation.cs(66,54): warning CS8604: “bool PresentBindingPresentation.TryEnsureAllPresentBindings(GameEngine engine, IViewController hostView, out PresentBinding firstBinding)”中的形参“hostView”可能传入 null 引用实参。 [C:\001_AI\_audit_1485_ab\src\Core\Ludots.Core.csproj]
C:\001_AI\_audit_1485_ab\src\Core\Client\PresentBindingPresentation.cs(75,58): warning CS8604: “void CameraPresenter.Update(CameraManager cameraManager, float interpolationAlpha, RenderCameraDebugState cameraDebug = null)”中的形参“cameraDebug”可能传入 null 引用实参。 [C:\001_AI\_audit_1485_ab\src\Core\Ludots.Core.csproj]
C:\001_AI\_audit_1485_ab\src\Core\Config\ConfigConflictReport.cs(61,68): warning CS8601: 可能的 null 引用赋值。 [C:\001_AI\_audit_1485_ab\src\Core\Ludots.Core.csproj]
C:\001_AI\_audit_1485_ab\src\Core\Config\ConfigMerger.cs(93,82): warning CS8625: 无法将 null 字面量转换为非 null 的引用类型。 [C:\001_AI\_audit_1485_ab\src\Core\Ludots.Core.csproj]
C:\001_AI\_audit_1485_ab\src\Core\Config\EntityBuilder.cs(147,102): warning CS8600: 将 null 文本或可能的 null 值转换为不可为 null 类型。 [C:\001_AI\_audit_1485_ab\src\Core\Ludots.Core.csproj]
C:\001_AI\_audit_1485_ab\src\Core\Config\ConfigMerger.cs(110,69): warning CS8604: “List<MergedConfigEntry> ConfigMerger.MergeArrayByIdToEntriesCore(IReadOnlyList<ConfigFragment> fragments, in ConfigCatalogEntry entry, ConfigConflictReport report)”中的形参“report”可能传入 null 引用实参。 [C:\001_AI\_audit_1485_ab\src\Core\Ludots.Core.csproj]
C:\001_AI\_audit_1485_ab\src\Core\Client\PresentBindingPresentation.cs(174,54): warning CS8604: “bool PresentBindingPresentation.TryEnsureAllPresentBindings(GameEngine engine, IViewController hostView, out PresentBinding firstBinding)”中的形参“hostView”可能传入 null 引用实参。 [C:\001_AI\_audit_1485_ab\src\Core\Ludots.Core.csproj]
C:\001_AI\_audit_1485_ab\src\Core\Client\PresentBindingPresentation.cs(196,62): warning CS8604: “void CameraPresenter.Update(CameraManager cameraManager, float interpolationAlpha, RenderCameraDebugState cameraDebug = null)”中的形参“cameraDebug”可能传入 null 引用实参。 [C:\001_AI\_audit_1485_ab\src\Core\Ludots.Core.csproj]
C:\001_AI\_audit_1485_ab\src\Core\Client\PresentBindingPresentation.cs(210,67): warning CS8604: “void CameraPresenter.Update(CameraManager cameraManager, float interpolationAlpha, RenderCameraDebugState cameraDebug = null)”中的形参“cameraDebug”可能传入 null 引用实参。 [C:\001_AI\_audit_1485_ab\src\Core\Ludots.Core.csproj]
C:\001_AI\_audit_1485_ab\src\Core\Client\PresentBindingPresentation.cs(247,58): warning CS8604: “void CameraPresenter.Update(CameraManager cameraManager, float interpolationAlpha, RenderCameraDebugState cameraDebug = null)”中的形参“cameraDebug”可能传入 null 引用实参。 [C:\001_AI\_audit_1485_ab\src\Core\Ludots.Core.csproj]
C:\001_AI\_audit_1485_ab\src\Core\Config\GameConfig.cs(28,23): warning CS8618: 在退出构造函数时，不可为 null 的 属性 "DefaultCoreMod" 必须包含非 null 值。请考虑添加 "required" 修饰符或将该 属性 声明为可为 null。 [C:\001_AI\_audit_1485_ab\src\Core\Ludots.Core.csproj]
C:\001_AI\_audit_1485_ab\src\Core\Config\GameConfig.cs(33,23): warning CS8618: 在退出构造函数时，不可为 null 的 属性 "StartupMapId" 必须包含非 null 值。请考虑添加 "required" 修饰符或将该 属性 声明为可为 null。 [C:\001_AI\_audit_1485_ab\src\Core\Ludots.Core.csproj]
C:\001_AI\_audit_1485_ab\src\Core\Collections\Fix64PriorityQueue.cs(48,26): warning CS8601: 可能的 null 引用赋值。 [C:\001_AI\_audit_1485_ab\src\Core\Ludots.Core.csproj]
C:\001_AI\_audit_1485_ab\src\Core\Collections\PriorityQueue.cs(78,26): warning CS8601: 可能的 null 引用赋值。 [C:\001_AI\_audit_1485_ab\src\Core\Ludots.Core.csproj]
C:\001_AI\_audit_1485_ab\src\Core\Client\PresentBindingPresentation.cs(328,54): warning CS8604: “bool PresentBindingPresentation.TryEnsureAllPresentBindings(GameEngine engine, IViewController hostView, out PresentBinding firstBinding)”中的形参“hostView”可能传入 null 引用实参。 [C:\001_AI\_audit_1485_ab\src\Core\Ludots.Core.csproj]
C:\001_AI\_audit_1485_ab\src\Core\Config\MapConfig.cs(17,23): warning CS8618: 在退出构造函数时，不可为 null 的 属性 "Id" 必须包含非 null 值。请考虑添加 "required" 修饰符或将该 属性 声明为可为 null。 [C:\001_AI\_audit_1485_ab\src\Core\Ludots.Core.csproj]
C:\001_AI\_audit_1485_ab\src\Core\Config\MapConfig.cs(18,23): warning CS8618: 在退出构造函数时，不可为 null 的 属性 "ParentId" 必须包含非 null 值。请考虑添加 "required" 修饰符或将该 属性 声明为可为 null。 [C:\001_AI\_audit_1485_ab\src\Core\Ludots.Core.csproj]
C:\001_AI\_audit_1485_ab\src\Core\Config\MapConfig.cs(20,23): warning CS8618: 在退出构造函数时，不可为 null 的 属性 "ContinuousHeightmapAsset" 必须包含非 null 值。请考虑添加 "required" 修饰符或将该 属性 声明为可为 null。 [C:\001_AI\_audit_1485_ab\src\Core\Ludots.Core.csproj]
C:\001_AI\_audit_1485_ab\src\Core\Config\MapConfig.cs(26,49): warning CS8618: 在退出构造函数时，不可为 null 的 属性 "TerrainPresentation" 必须包含非 null 值。请考虑添加 "required" 修饰符或将该 属性 声明为可为 null。 [C:\001_AI\_audit_1485_ab\src\Core\Ludots.Core.csproj]
C:\001_AI\_audit_1485_ab\src\Core\Config\MapConfig.cs(53,49): warning CS8618: 在退出构造函数时，不可为 null 的 属性 "ContinuousHeightmap" 必须包含非 null 值。请考虑添加 "required" 修饰符或将该 属性 声明为可为 null。 [C:\001_AI\_audit_1485_ab\src\Core\Ludots.Core.csproj]
C:\001_AI\_audit_1485_ab\src\Core\Config\MapConfig.cs(64,25): warning CS8618: 在退出构造函数时，不可为 null 的 属性 "TriggerGraphs" 必须包含非 null 值。请考虑添加 "required" 修饰符或将该 属性 声明为可为 null。 [C:\001_AI\_audit_1485_ab\src\Core\Ludots.Core.csproj]
C:\001_AI\_audit_1485_ab\src\Core\Config\MapConfig.cs(84,23): warning CS8618: 在退出构造函数时，不可为 null 的 属性 "InstanceExposure" 必须包含非 null 值。请考虑添加 "required" 修饰符或将该 属性 声明为可为 null。 [C:\001_AI\_audit_1485_ab\src\Core\Ludots.Core.csproj]
C:\001_AI\_audit_1485_ab\src\Core\Config\MapConfig.cs(96,62): warning CS8618: 在退出构造函数时，不可为 null 的 属性 "DeathRule" 必须包含非 null 值。请考虑添加 "required" 修饰符或将该 属性 声明为可为 null。 [C:\001_AI\_audit_1485_ab\src\Core\Ludots.Core.csproj]
C:\001_AI\_audit_1485_ab\src\Core\Config\MapConfig.cs(103,29): warning CS8618: 在退出构造函数时，不可为 null 的 属性 "DefaultCamera" 必须包含非 null 值。请考虑添加 "required" 修饰符或将该 属性 声明为可为 null。 [C:\001_AI\_audit_1485_ab\src\Core\Ludots.Core.csproj]
C:\001_AI\_audit_1485_ab\src\Core\Config\MapConfig.cs(110,32): warning CS8618: 在退出构造函数时，不可为 null 的 属性 "Fields" 必须包含非 null 值。请考虑添加 "required" 修饰符或将该 属性 声明为可为 null。 [C:\001_AI\_audit_1485_ab\src\Core\Ludots.Core.csproj]
C:\001_AI\_audit_1485_ab\src\Core\Config\MapConfig.cs(133,23): warning CS8618: 在退出构造函数时，不可为 null 的 属性 "VirtualCameraId" 必须包含非 null 值。请考虑添加 "required" 修饰符或将该 属性 声明为可为 null。 [C:\001_AI\_audit_1485_ab\src\Core\Ludots.Core.csproj]
C:\001_AI\_audit_1485_ab\src\Core\Gameplay\Teams\TeamManager.cs(17,23): warning CS8618: 在退出构造函数时，不可为 null 的 属性 "Attitude" 必须包含非 null 值。请考虑添加 "required" 修饰符或将该 属性 声明为可为 null。 [C:\001_AI\_audit_1485_ab\src\Core\Ludots.Core.csproj]
C:\001_AI\_audit_1485_ab\src\Core\Fields\Config\FieldRegionEmissionLoader.cs(51,100): warning CS8604: “IReadOnlyList<MergedConfigEntry> ConfigPipeline.MergeArrayByIdFromCatalog(in ConfigCatalogEntry entry, ConfigConflictReport report = null)”中的形参“report”可能传入 null 引用实参。 [C:\001_AI\_audit_1485_ab\src\Core\Ludots.Core.csproj]
C:\001_AI\_audit_1485_ab\src\Core\Config\MapConfig.cs(145,23): warning CS8618: 在退出构造函数时，不可为 null 的 属性 "InstanceId" 必须包含非 null 值。请考虑添加 "required" 修饰符或将该 属性 声明为可为 null。 [C:\001_AI\_audit_1485_ab\src\Core\Ludots.Core.csproj]
C:\001_AI\_audit_1485_ab\src\Core\Config\MapConfig.cs(146,23): warning CS8618: 在退出构造函数时，不可为 null 的 属性 "Template" 必须包含非 null 值。请考虑添加 "required" 修饰符或将该 属性 声明为可为 null。 [C:\001_AI\_audit_1485_ab\src\Core\Ludots.Core.csproj]
C:\001_AI\_audit_1485_ab\src\Core\Config\MapConfig.cs(155,45): warning CS8618: 在退出构造函数时，不可为 null 的 属性 "Overrides" 必须包含非 null 值。请考虑添加 "required" 修饰符或将该 属性 声明为可为 null。 [C:\001_AI\_audit_1485_ab\src\Core\Ludots.Core.csproj]
C:\001_AI\_audit_1485_ab\src\Core\Config\MapConfig.cs(169,23): warning CS8618: 在退出构造函数时，不可为 null 的 属性 "RepresentativeInstanceId" 必须包含非 null 值。请考虑添加 "required" 修饰符或将该 属性 声明为可为 null。 [C:\001_AI\_audit_1485_ab\src\Core\Ludots.Core.csproj]
C:\001_AI\_audit_1485_ab\src\Core\Config\DataRegistry.cs(71,20): warning CS8603: 可能返回 null 引用。 [C:\001_AI\_audit_1485_ab\src\Core\Ludots.Core.csproj]
C:\001_AI\_audit_1485_ab\src\Core\Config\MapConfig.cs(162,23): warning CS8618: 在退出构造函数时，不可为 null 的 属性 "RepresentativeInstanceId" 必须包含非 null 值。请考虑添加 "required" 修饰符或将该 属性 声明为可为 null。 [C:\001_AI\_audit_1485_ab\src\Core\Ludots.Core.csproj]
C:\001_AI\_audit_1485_ab\src\Core\Config\ConfigMerger.cs(203,39): warning CS8600: 将 null 文本或可能的 null 值转换为不可为 null 类型。 [C:\001_AI\_audit_1485_ab\src\Core\Ludots.Core.csproj]
C:\001_AI\_audit_1485_ab\src\Core\Config\ConfigPipeline.cs(176,24): warning CS8603: 可能返回 null 引用。 [C:\001_AI\_audit_1485_ab\src\Core\Ludots.Core.csproj]
C:\001_AI\_audit_1485_ab\src\Core\Config\ComponentRegistry.cs(71,71): warning CS8625: 无法将 null 字面量转换为非 null 的引用类型。 [C:\001_AI\_audit_1485_ab\src\Core\Ludots.Core.csproj]
C:\001_AI\_audit_1485_ab\src\Core\Config\ComponentRegistry.cs(74,53): warning CS8625: 无法将 null 字面量转换为非 null 的引用类型。 [C:\001_AI\_audit_1485_ab\src\Core\Ludots.Core.csproj]
C:\001_AI\_audit_1485_ab\src\Core\Config\ComponentRegistry.cs(75,51): warning CS8625: 无法将 null 字面量转换为非 null 的引用类型。 [C:\001_AI\_audit_1485_ab\src\Core\Ludots.Core.csproj]
C:\001_AI\_audit_1485_ab\src\Core\Config\ComponentRegistry.cs(76,43): warning CS8625: 无法将 null 字面量转换为非 null 的引用类型。 [C:\001_AI\_audit_1485_ab\src\Core\Ludots.Core.csproj]
C:\001_AI\_audit_1485_ab\src\Core\Config\ComponentRegistry.cs(77,73): warning CS8625: 无法将 null 字面量转换为非 null 的引用类型。 [C:\001_AI\_audit_1485_ab\src\Core\Ludots.Core.csproj]
C:\001_AI\_audit_1485_ab\src\Core\Config\ComponentRegistry.cs(79,63): warning CS8625: 无法将 null 字面量转换为非 null 的引用类型。 [C:\001_AI\_audit_1485_ab\src\Core\Ludots.Core.csproj]
C:\001_AI\_audit_1485_ab\src\Core\Config\ComponentRegistry.cs(80,87): warning CS8625: 无法将 null 字面量转换为非 null 的引用类型。 [C:\001_AI\_audit_1485_ab\src\Core\Ludots.Core.csproj]
C:\001_AI\_audit_1485_ab\src\Core\Config\ComponentRegistry.cs(81,67): warning CS8625: 无法将 null 字面量转换为非 null 的引用类型。 [C:\001_AI\_audit_1485_ab\src\Core\Ludots.Core.csproj]
C:\001_AI\_audit_1485_ab\src\Core\Config\ComponentRegistry.cs(88,59): warning CS8625: 无法将 null 字面量转换为非 null 的引用类型。 [C:\001_AI\_audit_1485_ab\src\Core\Ludots.Core.csproj]
C:\001_AI\_audit_1485_ab\src\Core\Config\ComponentRegistry.cs(95,53): warning CS8625: 无法将 null 字面量转换为非 null 的引用类型。 [C:\001_AI\_audit_1485_ab\src\Core\Ludots.Core.csproj]
C:\001_AI\_audit_1485_ab\src\Core\Config\ComponentRegistry.cs(99,87): warning CS8625: 无法将 null 字面量转换为非 null 的引用类型。 [C:\001_AI\_audit_1485_ab\src\Core\Ludots.Core.csproj]
C:\001_AI\_audit_1485_ab\src\Core\Config\ComponentRegistry.cs(101,61): warning CS8625: 无法将 null 字面量转换为非 null 的引用类型。 [C:\001_AI\_audit_1485_ab\src\Core\Ludots.Core.csproj]
C:\001_AI\_audit_1485_ab\src\Core\Config\ComponentRegistry.cs(102,57): warning CS8625: 无法将 null 字面量转换为非 null 的引用类型。 [C:\001_AI\_audit_1485_ab\src\Core\Ludots.Core.csproj]
C:\001_AI\_audit_1485_ab\src\Core\Config\ComponentRegistry.cs(103,59): warning CS8625: 无法将 null 字面量转换为非 null 的引用类型。 [C:\001_AI\_audit_1485_ab\src\Core\Ludots.Core.csproj]
C:\001_AI\_audit_1485_ab\src\Core\Config\ComponentRegistry.cs(104,59): warning CS8625: 无法将 null 字面量转换为非 null 的引用类型。 [C:\001_AI\_audit_1485_ab\src\Core\Ludots.Core.csproj]
C:\001_AI\_audit_1485_ab\src\Core\Config\ComponentRegistry.cs(105,75): warning CS8625: 无法将 null 字面量转换为非 null 的引用类型。 [C:\001_AI\_audit_1485_ab\src\Core\Ludots.Core.csproj]
C:\001_AI\_audit_1485_ab\src\Core\Config\ComponentRegistry.cs(106,77): warning CS8625: 无法将 null 字面量转换为非 null 的引用类型。 [C:\001_AI\_audit_1485_ab\src\Core\Ludots.Core.csproj]
C:\001_AI\_audit_1485_ab\src\Core\Config\ComponentRegistry.cs(116,49): warning CS8625: 无法将 null 字面量转换为非 null 的引用类型。 [C:\001_AI\_audit_1485_ab\src\Core\Ludots.Core.csproj]
C:\001_AI\_audit_1485_ab\src\Core\Config\ComponentRegistry.cs(134,69): warning CS8625: 无法将 null 字面量转换为非 null 的引用类型。 [C:\001_AI\_audit_1485_ab\src\Core\Ludots.Core.csproj]
C:\001_AI\_audit_1485_ab\src\Core\Config\ComponentRegistry.cs(135,73): warning CS8625: 无法将 null 字面量转换为非 null 的引用类型。 [C:\001_AI\_audit_1485_ab\src\Core\Ludots.Core.csproj]
C:\001_AI\_audit_1485_ab\src\Core\Config\ComponentRegistry.cs(137,73): warning CS8625: 无法将 null 字面量转换为非 null 的引用类型。 [C:\001_AI\_audit_1485_ab\src\Core\Ludots.Core.csproj]
C:\001_AI\_audit_1485_ab\src\Core\Config\ComponentRegistry.cs(55,16): warning CS8618: 在退出构造函数时，不可为 null 的 字段 "_conflictReport" 必须包含非 null 值。请考虑添加 "required" 修饰符或将该 字段 声明为可为 null。 [C:\001_AI\_audit_1485_ab\src\Core\Ludots.Core.csproj]
C:\001_AI\_audit_1485_ab\src\Core\Gameplay\Camera\PlatformManagedCameraDriverRegistry.cs(52,52): warning CS8601: 可能的 null 引用赋值。 [C:\001_AI\_audit_1485_ab\src\Core\Ludots.Core.csproj]
C:\001_AI\_audit_1485_ab\src\Core\Config\ComponentRegistry.cs(212,36): warning CS8625: 无法将 null 字面量转换为非 null 的引用类型。 [C:\001_AI\_audit_1485_ab\src\Core\Ludots.Core.csproj]
C:\001_AI\_audit_1485_ab\src\Core\Fields\FieldSessionStore.cs(43,51): warning CS8600: 将 null 文本或可能的 null 值转换为不可为 null 类型。 [C:\001_AI\_audit_1485_ab\src\Core\Ludots.Core.csproj]
C:\001_AI\_audit_1485_ab\src\Core\GraphRuntime\TriggerGraphEntryFiltersEvaluator.cs(113,21): warning CS8601: 可能的 null 引用赋值。 [C:\001_AI\_audit_1485_ab\src\Core\Ludots.Core.csproj]
C:\001_AI\_audit_1485_ab\src\Core\Engine\TimeFlow\TimeFlowService.cs(80,30): warning CS8625: 无法将 null 字面量转换为非 null 的引用类型。 [C:\001_AI\_audit_1485_ab\src\Core\Ludots.Core.csproj]
C:\001_AI\_audit_1485_ab\src\Core\Engine\GameTask.cs(126,27): warning CS8618: 在退出构造函数时，不可为 null 的 字段 "Predicate" 必须包含非 null 值。请考虑添加 "required" 修饰符或将该 字段 声明为可为 null。 [C:\001_AI\_audit_1485_ab\src\Core\Ludots.Core.csproj]
C:\001_AI\_audit_1485_ab\src\Core\Engine\GameTask.cs(127,43): warning CS8618: 在退出构造函数时，不可为 null 的 字段 "Tcs" 必须包含非 null 值。请考虑添加 "required" 修饰符或将该 字段 声明为可为 null。 [C:\001_AI\_audit_1485_ab\src\Core\Ludots.Core.csproj]
C:\001_AI\_audit_1485_ab\src\Core\Engine\GameTask.cs(121,43): warning CS8618: 在退出构造函数时，不可为 null 的 字段 "Tcs" 必须包含非 null 值。请考虑添加 "required" 修饰符或将该 字段 声明为可为 null。 [C:\001_AI\_audit_1485_ab\src\Core\Ludots.Core.csproj]
C:\001_AI\_audit_1485_ab\src\Core\Engine\GameTask.cs(116,43): warning CS8618: 在退出构造函数时，不可为 null 的 字段 "Tcs" 必须包含非 null 值。请考虑添加 "required" 修饰符或将该 字段 声明为可为 null。 [C:\001_AI\_audit_1485_ab\src\Core\Ludots.Core.csproj]
C:\001_AI\_audit_1485_ab\src\Core\Engine\Physics2D\Physics2DKinematicConfig.cs(17,29): warning CS8618: 在退出构造函数时，不可为 null 的 属性 "ContactEventEmitterLayers" 必须包含非 null 值。请考虑添加 "required" 修饰符或将该 属性 声明为可为 null。 [C:\001_AI\_audit_1485_ab\src\Core\Ludots.Core.csproj]
C:\001_AI\_audit_1485_ab\src\Core\Engine\GameContext.cs(24,21): warning CS8603: 可能返回 null 引用。 [C:\001_AI\_audit_1485_ab\src\Core\Ludots.Core.csproj]
C:\001_AI\_audit_1485_ab\src\Core\Gameplay\Teams\ParticipantBindingResolver.cs(184,80): warning CS8600: 将 null 文本或可能的 null 值转换为不可为 null 类型。 [C:\001_AI\_audit_1485_ab\src\Core\Ludots.Core.csproj]
C:\001_AI\_audit_1485_ab\src\Core\Gameplay\Teams\ParticipantBindingResolver.cs(194,82): warning CS8600: 将 null 文本或可能的 null 值转换为不可为 null 类型。 [C:\001_AI\_audit_1485_ab\src\Core\Ludots.Core.csproj]
C:\001_AI\_audit_1485_ab\src\Core\Fields\Config\FieldLayerConfigLoader.cs(28,53): warning CS8604: “ConfigCatalogEntry ConfigPipeline.RequireEntry(ConfigCatalog catalog, string path, ConfigMergePolicy defaultPolicy, string defaultIdField = "id")”中的形参“catalog”可能传入 null 引用实参。 [C:\001_AI\_audit_1485_ab\src\Core\Ludots.Core.csproj]
C:\001_AI\_audit_1485_ab\src\Core\Fields\Config\FieldLayerConfigLoader.cs(29,72): warning CS8604: “IReadOnlyList<MergedConfigEntry> ConfigPipeline.MergeArrayByIdFromCatalog(in ConfigCatalogEntry entry, ConfigConflictReport report = null)”中的形参“report”可能传入 null 引用实参。 [C:\001_AI\_audit_1485_ab\src\Core\Ludots.Core.csproj]
C:\001_AI\_audit_1485_ab\src\Core\Engine\GameEngine.cs(221,16): warning CS8618: 在退出构造函数时，不可为 null 的 字段 "_mapDeathRuleSystem" 必须包含非 null 值。请考虑添加 "required" 修饰符或将该 字段 声明为可为 null。 [C:\001_AI\_audit_1485_ab\src\Core\Ludots.Core.csproj]
C:\001_AI\_audit_1485_ab\src\Core\Engine\GameEngine.cs(221,16): warning CS8618: 在退出构造函数时，不可为 null 的 字段 "_effectTemplateLoader" 必须包含非 null 值。请考虑添加 "required" 修饰符或将该 字段 声明为可为 null。 [C:\001_AI\_audit_1485_ab\src\Core\Ludots.Core.csproj]
C:\001_AI\_audit_1485_ab\src\Core\Engine\GameEngine.cs(221,16): warning CS8618: 在退出构造函数时，不可为 null 的 字段 "_cooperativeSimulation" 必须包含非 null 值。请考虑添加 "required" 修饰符或将该 字段 声明为可为 null。 [C:\001_AI\_audit_1485_ab\src\Core\Ludots.Core.csproj]
C:\001_AI\_audit_1485_ab\src\Core\Engine\GameEngine.cs(221,16): warning CS8618: 在退出构造函数时，不可为 null 的 属性 "VFS" 必须包含非 null 值。请考虑添加 "required" 修饰符或将该 属性 声明为可为 null。 [C:\001_AI\_audit_1485_ab\src\Core\Ludots.Core.csproj]
C:\001_AI\_audit_1485_ab\src\Core\Engine\GameEngine.cs(221,16): warning CS8618: 在退出构造函数时，不可为 null 的 属性 "FunctionRegistry" 必须包含非 null 值。请考虑添加 "required" 修饰符或将该 属性 声明为可为 null。 [C:\001_AI\_audit_1485_ab\src\Core\Ludots.Core.csproj]
C:\001_AI\_audit_1485_ab\src\Core\Engine\GameEngine.cs(221,16): warning CS8618: 在退出构造函数时，不可为 null 的 属性 "TriggerManager" 必须包含非 null 值。请考虑添加 "required" 修饰符或将该 属性 声明为可为 null。 [C:\001_AI\_audit_1485_ab\src\Core\Ludots.Core.csproj]
C:\001_AI\_audit_1485_ab\src\Core\Engine\GameEngine.cs(221,16): warning CS8618: 在退出构造函数时，不可为 null 的 属性 "ModLoader" 必须包含非 null 值。请考虑添加 "required" 修饰符或将该 属性 声明为可为 null。 [C:\001_AI\_audit_1485_ab\src\Core\Ludots.Core.csproj]
C:\001_AI\_audit_1485_ab\src\Core\Engine\GameEngine.cs(221,16): warning CS8618: 在退出构造函数时，不可为 null 的 属性 "MapManager" 必须包含非 null 值。请考虑添加 "required" 修饰符或将该 属性 声明为可为 null。 [C:\001_AI\_audit_1485_ab\src\Core\Ludots.Core.csproj]
C:\001_AI\_audit_1485_ab\src\Core\Engine\GameEngine.cs(221,16): warning CS8618: 在退出构造函数时，不可为 null 的 属性 "ConfigPipeline" 必须包含非 null 值。请考虑添加 "required" 修饰符或将该 属性 声明为可为 null。 [C:\001_AI\_audit_1485_ab\src\Core\Ludots.Core.csproj]
C:\001_AI\_audit_1485_ab\src\Core\Engine\GameEngine.cs(221,16): warning CS8618: 在退出构造函数时，不可为 null 的 属性 "MapLoader" 必须包含非 null 值。请考虑添加 "required" 修饰符或将该 属性 声明为可为 null。 [C:\001_AI\_audit_1485_ab\src\Core\Ludots.Core.csproj]
C:\001_AI\_audit_1485_ab\src\Core\Engine\GameEngine.cs(221,16): warning CS8618: 在退出构造函数时，不可为 null 的 属性 "EntityTriggerGraphMounts" 必须包含非 null 值。请考虑添加 "required" 修饰符或将该 属性 声明为可为 null。 [C:\001_AI\_audit_1485_ab\src\Core\Ludots.Core.csproj]
C:\001_AI\_audit_1485_ab\src\Core\Engine\GameEngine.cs(221,16): warning CS8618: 在退出构造函数时，不可为 null 的 属性 "SystemFactoryRegistry" 必须包含非 null 值。请考虑添加 "required" 修饰符或将该 属性 声明为可为 null。 [C:\001_AI\_audit_1485_ab\src\Core\Ludots.Core.csproj]
C:\001_AI\_audit_1485_ab\src\Core\Engine\GameEngine.cs(221,16): warning CS8618: 在退出构造函数时，不可为 null 的 属性 "TriggerDecoratorRegistry" 必须包含非 null 值。请考虑添加 "required" 修饰符或将该 属性 声明为可为 null。 [C:\001_AI\_audit_1485_ab\src\Core\Ludots.Core.csproj]
C:\001_AI\_audit_1485_ab\src\Core\Engine\GameEngine.cs(221,16): warning CS8618: 在退出构造函数时，不可为 null 的 属性 "ModExtensions" 必须包含非 null 值。请考虑添加 "required" 修饰符或将该 属性 声明为可为 null。 [C:\001_AI\_audit_1485_ab\src\Core\Ludots.Core.csproj]
C:\001_AI\_audit_1485_ab\src\Core\Engine\GameEngine.cs(221,16): warning CS8618: 在退出构造函数时，不可为 null 的 属性 "World" 必须包含非 null 值。请考虑添加 "required" 修饰符或将该 属性 声明为可为 null。 [C:\001_AI\_audit_1485_ab\src\Core\Ludots.Core.csproj]
C:\001_AI\_audit_1485_ab\src\Core\Engine\GameEngine.cs(221,16): warning CS8618: 在退出构造函数时，不可为 null 的 属性 "WorldMap" 必须包含非 null 值。请考虑添加 "required" 修饰符或将该 属性 声明为可为 null。 [C:\001_AI\_audit_1485_ab\src\Core\Ludots.Core.csproj]
C:\001_AI\_audit_1485_ab\src\Core\Engine\GameEngine.cs(221,16): warning CS8618: 在退出构造函数时，不可为 null 的 属性 "VertexMap" 必须包含非 null 值。请考虑添加 "required" 修饰符或将该 属性 声明为可为 null。 [C:\001_AI\_audit_1485_ab\src\Core\Ludots.Core.csproj]
C:\001_AI\_audit_1485_ab\src\Core\Engine\GameEngine.cs(221,16): warning CS8618: 在退出构造函数时，不可为 null 的 属性 "LogicTerrain" 必须包含非 null 值。请考虑添加 "required" 修饰符或将该 属性 声明为可为 null。 [C:\001_AI\_audit_1485_ab\src\Core\Ludots.Core.csproj]
C:\001_AI\_audit_1485_ab\src\Core\Engine\GameEngine.cs(221,16): warning CS8618: 在退出构造函数时，不可为 null 的 属性 "PhysicsWorld" 必须包含非 null 值。请考虑添加 "required" 修饰符或将该 属性 声明为可为 null。 [C:\001_AI\_audit_1485_ab\src\Core\Ludots.Core.csproj]
C:\001_AI\_audit_1485_ab\src\Core\Engine\GameEngine.cs(221,16): warning CS8618: 在退出构造函数时，不可为 null 的 属性 "GameSession" 必须包含非 null 值。请考虑添加 "required" 修饰符或将该 属性 声明为可为 null。 [C:\001_AI\_audit_1485_ab\src\Core\Ludots.Core.csproj]
C:\001_AI\_audit_1485_ab\src\Core\Engine\GameEngine.cs(221,16): warning CS8618: 在退出构造函数时，不可为 null 的 属性 "SpatialCoords" 必须包含非 null 值。请考虑添加 "required" 修饰符或将该 属性 声明为可为 null。 [C:\001_AI\_audit_1485_ab\src\Core\Ludots.Core.csproj]
C:\001_AI\_audit_1485_ab\src\Core\Engine\GameEngine.cs(221,16): warning CS8618: 在退出构造函数时，不可为 null 的 属性 "SpatialQueries" 必须包含非 null 值。请考虑添加 "required" 修饰符或将该 属性 声明为可为 null。 [C:\001_AI\_audit_1485_ab\src\Core\Ludots.Core.csproj]
C:\001_AI\_audit_1485_ab\src\Core\Engine\GameEngine.cs(221,16): warning CS8618: 在退出构造函数时，不可为 null 的 属性 "MapSessions" 必须包含非 null 值。请考虑添加 "required" 修饰符或将该 属性 声明为可为 null。 [C:\001_AI\_audit_1485_ab\src\Core\Ludots.Core.csproj]
C:\001_AI\_audit_1485_ab\src\Core\Engine\GameEngine.cs(221,16): warning CS8618: 在退出构造函数时，不可为 null 的 属性 "BoardIdRegistry" 必须包含非 null 值。请考虑添加 "required" 修饰符或将该 属性 声明为可为 null。 [C:\001_AI\_audit_1485_ab\src\Core\Ludots.Core.csproj]
C:\001_AI\_audit_1485_ab\src\Core\Engine\GameEngine.cs(221,16): warning CS8618: 在退出构造函数时，不可为 null 的 字段 "_spatialPartition" 必须包含非 null 值。请考虑添加 "required" 修饰符或将该 字段 声明为可为 null。 [C:\001_AI\_audit_1485_ab\src\Core\Ludots.Core.csproj]
C:\001_AI\_audit_1485_ab\src\Core\Engine\GameEngine.cs(221,16): warning CS8618: 在退出构造函数时，不可为 null 的 属性 "HexGridAOI" 必须包含非 null 值。请考虑添加 "required" 修饰符或将该 属性 声明为可为 null。 [C:\001_AI\_audit_1485_ab\src\Core\Ludots.Core.csproj]
C:\001_AI\_audit_1485_ab\src\Core\Engine\GameEngine.cs(221,16): warning CS8618: 在退出构造函数时，不可为 null 的 属性 "EventBus" 必须包含非 null 值。请考虑添加 "required" 修饰符或将该 属性 声明为可为 null。 [C:\001_AI\_audit_1485_ab\src\Core\Ludots.Core.csproj]
C:\001_AI\_audit_1485_ab\src\Core\Engine\GameEngine.cs(221,16): warning CS8618: 在退出构造函数时，不可为 null 的 属性 "SyncContext" 必须包含非 null 值。请考虑添加 "required" 修饰符或将该 属性 声明为可为 null。 [C:\001_AI\_audit_1485_ab\src\Core\Ludots.Core.csproj]
C:\001_AI\_audit_1485_ab\src\Core\Engine\GameEngine.cs(221,16): warning CS8618: 在退出构造函数时，不可为 null 的 字段 "_inputRuntimeSystem" 必须包含非 null 值。请考虑添加 "required" 修饰符或将该 字段 声明为可为 null。 [C:\001_AI\_audit_1485_ab\src\Core\Ludots.Core.csproj]
C:\001_AI\_audit_1485_ab\src\Core\Engine\GameEngine.cs(221,16): warning CS8618: 在退出构造函数时，不可为 null 的 字段 "_cameraRuntimeSystem" 必须包含非 null 值。请考虑添加 "required" 修饰符或将该 字段 声明为可为 null。 [C:\001_AI\_audit_1485_ab\src\Core\Ludots.Core.csproj]
C:\001_AI\_audit_1485_ab\src\Core\Engine\GameEngine.cs(221,16): warning CS8618: 在退出构造函数时，不可为 null 的 字段 "_primitiveDrawBuffer" 必须包含非 null 值。请考虑添加 "required" 修饰符或将该 字段 声明为可为 null。 [C:\001_AI\_audit_1485_ab\src\Core\Ludots.Core.csproj]
C:\001_AI\_audit_1485_ab\src\Core\Engine\GameEngine.cs(221,16): warning CS8618: 在退出构造函数时，不可为 null 的 字段 "_visualSnapshotBuffer" 必须包含非 null 值。请考虑添加 "required" 修饰符或将该 字段 声明为可为 null。 [C:\001_AI\_audit_1485_ab\src\Core\Ludots.Core.csproj]
C:\001_AI\_audit_1485_ab\src\Core\Engine\GameEngine.cs(221,16): warning CS8618: 在退出构造函数时，不可为 null 的 字段 "_visualProxyBuffer" 必须包含非 null 值。请考虑添加 "required" 修饰符或将该 字段 声明为可为 null。 [C:\001_AI\_audit_1485_ab\src\Core\Ludots.Core.csproj]
C:\001_AI\_audit_1485_ab\src\Core\Engine\GameEngine.cs(221,16): warning CS8618: 在退出构造函数时，不可为 null 的 字段 "_skinnedVisualBatchBuffer" 必须包含非 null 值。请考虑添加 "required" 修饰符或将该 字段 声明为可为 null。 [C:\001_AI\_audit_1485_ab\src\Core\Ludots.Core.csproj]
C:\001_AI\_audit_1485_ab\src\Core\Engine\GameEngine.cs(221,16): warning CS8618: 在退出构造函数时，不可为 null 的 字段 "_presentationRequestBuffer" 必须包含非 null 值。请考虑添加 "required" 修饰符或将该 字段 声明为可为 null。 [C:\001_AI\_audit_1485_ab\src\Core\Ludots.Core.csproj]
C:\001_AI\_audit_1485_ab\src\Core\Engine\GameEngine.cs(221,16): warning CS8618: 在退出构造函数时，不可为 null 的 字段 "_globalFieldVisualBuffer" 必须包含非 null 值。请考虑添加 "required" 修饰符或将该 字段 声明为可为 null。 [C:\001_AI\_audit_1485_ab\src\Core\Ludots.Core.csproj]
C:\001_AI\_audit_1485_ab\src\Core\Engine\GameEngine.cs(221,16): warning CS8618: 在退出构造函数时，不可为 null 的 字段 "_soundRequestBuffer" 必须包含非 null 值。请考虑添加 "required" 修饰符或将该 字段 声明为可为 null。 [C:\001_AI\_audit_1485_ab\src\Core\Ludots.Core.csproj]
C:\001_AI\_audit_1485_ab\src\Core\Engine\GameEngine.cs(221,16): warning CS8618: 在退出构造函数时，不可为 null 的 字段 "_instancedBatchRequestBuffer" 必须包含非 null 值。请考虑添加 "required" 修饰符或将该 字段 声明为可为 null。 [C:\001_AI\_audit_1485_ab\src\Core\Ludots.Core.csproj]
C:\001_AI\_audit_1485_ab\src\Core\Engine\GameEngine.cs(221,16): warning CS8618: 在退出构造函数时，不可为 null 的 字段 "_instancedBatchOperationBuffer" 必须包含非 null 值。请考虑添加 "required" 修饰符或将该 字段 声明为可为 null。 [C:\001_AI\_audit_1485_ab\src\Core\Ludots.Core.csproj]
C:\001_AI\_audit_1485_ab\src\Core\Engine\GameEngine.cs(221,16): warning CS8618: 在退出构造函数时，不可为 null 的 字段 "_gasPresentationEvents" 必须包含非 null 值。请考虑添加 "required" 修饰符或将该 字段 声明为可为 null。 [C:\001_AI\_audit_1485_ab\src\Core\Ludots.Core.csproj]
C:\001_AI\_audit_1485_ab\src\Core\Engine\GameEngine.cs(221,16): warning CS8618: 在退出构造函数时，不可为 null 的 字段 "_gameplayPresentationProjectionSystem" 必须包含非 null 值。请考虑添加 "required" 修饰符或将该 字段 声明为可为 null。 [C:\001_AI\_audit_1485_ab\src\Core\Ludots.Core.csproj]
C:\001_AI\_audit_1485_ab\src\Core\Engine\GameEngine.cs(221,16): warning CS8618: 在退出构造函数时，不可为 null 的 字段 "_authoritativeServerPresentationCleanupSystem" 必须包含非 null 值。请考虑添加 "required" 修饰符或将该 字段 声明为可为 null。 [C:\001_AI\_audit_1485_ab\src\Core\Ludots.Core.csproj]
C:\001_AI\_audit_1485_ab\src\Core\Engine\GameEngine.cs(221,16): warning CS8618: 在退出构造函数时，不可为 null 的 字段 "_gasGraphRuntimeApi" 必须包含非 null 值。请考虑添加 "required" 修饰符或将该 字段 声明为可为 null。 [C:\001_AI\_audit_1485_ab\src\Core\Ludots.Core.csproj]
C:\001_AI\_audit_1485_ab\src\Core\Engine\GameEngine.cs(221,16): warning CS8618: 在退出构造函数时，不可为 null 的 字段 "_groundOverlayBuffer" 必须包含非 null 值。请考虑添加 "required" 修饰符或将该 字段 声明为可为 null。 [C:\001_AI\_audit_1485_ab\src\Core\Ludots.Core.csproj]
C:\001_AI\_audit_1485_ab\src\Core\Engine\GameEngine.cs(221,16): warning CS8618: 在退出构造函数时，不可为 null 的 字段 "_splineRibbonBuffer" 必须包含非 null 值。请考虑添加 "required" 修饰符或将该 字段 声明为可为 null。 [C:\001_AI\_audit_1485_ab\src\Core\Ludots.Core.csproj]
C:\001_AI\_audit_1485_ab\src\Core\Engine\GameEngine.cs(221,16): warning CS8618: 在退出构造函数时，不可为 null 的 字段 "_worldHudBuffer" 必须包含非 null 值。请考虑添加 "required" 修饰符或将该 字段 声明为可为 null。 [C:\001_AI\_audit_1485_ab\src\Core\Ludots.Core.csproj]
C:\001_AI\_audit_1485_ab\src\Core\Engine\GameEngine.cs(221,16): warning CS8618: 在退出构造函数时，不可为 null 的 字段 "_physics2DController" 必须包含非 null 值。请考虑添加 "required" 修饰符或将该 字段 声明为可为 null。 [C:\001_AI\_audit_1485_ab\src\Core\Ludots.Core.csproj]
C:\001_AI\_audit_1485_ab\src\Core\Engine\GameEngine.cs(221,16): warning CS8618: 在退出构造函数时，不可为 null 的 字段 "_gasController" 必须包含非 null 值。请考虑添加 "required" 修饰符或将该 字段 声明为可为 null。 [C:\001_AI\_audit_1485_ab\src\Core\Ludots.Core.csproj]
C:\001_AI\_audit_1485_ab\src\Core\Engine\GameEngine.cs(221,16): warning CS8618: 在退出构造函数时，不可为 null 的 字段 "_timeFlow" 必须包含非 null 值。请考虑添加 "required" 修饰符或将该 字段 声明为可为 null。 [C:\001_AI\_audit_1485_ab\src\Core\Ludots.Core.csproj]
C:\001_AI\_audit_1485_ab\src\Core\Engine\GameEngine.cs(221,16): warning CS8618: 在退出构造函数时，不可为 null 的 字段 "_worldToGridSyncSystem" 必须包含非 null 值。请考虑添加 "required" 修饰符或将该 字段 声明为可为 null。 [C:\001_AI\_audit_1485_ab\src\Core\Ludots.Core.csproj]
C:\001_AI\_audit_1485_ab\src\Core\Engine\GameEngine.cs(221,16): warning CS8618: 在退出构造函数时，不可为 null 的 字段 "_spatialPartitionUpdateSystem" 必须包含非 null 值。请考虑添加 "required" 修饰符或将该 字段 声明为可为 null。 [C:\001_AI\_audit_1485_ab\src\Core\Ludots.Core.csproj]
C:\001_AI\_audit_1485_ab\src\Core\Engine\GameEngine.cs(221,16): warning CS8618: 在退出构造函数时，不可为 null 的 字段 "_jobScheduler" 必须包含非 null 值。请考虑添加 "required" 修饰符或将该 字段 声明为可为 null。 [C:\001_AI\_audit_1485_ab\src\Core\Ludots.Core.csproj]
C:\001_AI\_audit_1485_ab\src\Core\Engine\GameEngine.cs(221,16): warning CS8618: 在退出构造函数时，不可为 null 的 属性 "MergedConfig" 必须包含非 null 值。请考虑添加 "required" 修饰符或将该 属性 声明为可为 null。 [C:\001_AI\_audit_1485_ab\src\Core\Ludots.Core.csproj]
C:\001_AI\_audit_1485_ab\src\Core\Engine\GameEngine.cs(221,16): warning CS8618: 在退出构造函数时，不可为 null 的 属性 "ConflictReport" 必须包含非 null 值。请考虑添加 "required" 修饰符或将该 属性 声明为可为 null。 [C:\001_AI\_audit_1485_ab\src\Core\Ludots.Core.csproj]
C:\001_AI\_audit_1485_ab\src\Core\Engine\GameEngine.cs(221,16): warning CS8618: 在退出构造函数时，不可为 null 的 属性 "ConfigConflictReport" 必须包含非 null 值。请考虑添加 "required" 修饰符或将该 属性 声明为可为 null。 [C:\001_AI\_audit_1485_ab\src\Core\Ludots.Core.csproj]
C:\001_AI\_audit_1485_ab\src\Core\Engine\GameEngine.cs(221,16): warning CS8618: 在退出构造函数时，不可为 null 的 属性 "ConfigCatalog" 必须包含非 null 值。请考虑添加 "required" 修饰符或将该 属性 声明为可为 null。 [C:\001_AI\_audit_1485_ab\src\Core\Ludots.Core.csproj]
C:\001_AI\_audit_1485_ab\src\Core\Engine\GameEngine.cs(221,16): warning CS8618: 在退出构造函数时，不可为 null 的 属性 "CurrentMapSession" 必须包含非 null 值。请考虑添加 "required" 修饰符或将该 属性 声明为可为 null。 [C:\001_AI\_audit_1485_ab\src\Core\Ludots.Core.csproj]
C:\001_AI\_audit_1485_ab\src\Core\Gameplay\Dialogue\DialogueConfigLoader.cs(32,53): warning CS8604: “ConfigCatalogEntry ConfigPipeline.RequireEntry(ConfigCatalog catalog, string path, ConfigMergePolicy defaultPolicy, string defaultIdField = "id")”中的形参“catalog”可能传入 null 引用实参。 [C:\001_AI\_audit_1485_ab\src\Core\Ludots.Core.csproj]
C:\001_AI\_audit_1485_ab\src\Core\Gameplay\Dialogue\DialogueConfigLoader.cs(33,72): warning CS8604: “IReadOnlyList<MergedConfigEntry> ConfigPipeline.MergeArrayByIdFromCatalog(in ConfigCatalogEntry entry, ConfigConflictReport report = null)”中的形参“report”可能传入 null 引用实参。 [C:\001_AI\_audit_1485_ab\src\Core\Ludots.Core.csproj]
C:\001_AI\_audit_1485_ab\src\Core\Config\ComponentRegistry.cs(417,90): warning CS8625: 无法将 null 字面量转换为非 null 的引用类型。 [C:\001_AI\_audit_1485_ab\src\Core\Ludots.Core.csproj]
C:\001_AI\_audit_1485_ab\src\Core\Gameplay\Exchange\ExchangeConfigLoader.cs(50,53): warning CS8604: “ConfigCatalogEntry ConfigPipeline.RequireEntry(ConfigCatalog catalog, string path, ConfigMergePolicy defaultPolicy, string defaultIdField = "id")”中的形参“catalog”可能传入 null 引用实参。 [C:\001_AI\_audit_1485_ab\src\Core\Ludots.Core.csproj]
C:\001_AI\_audit_1485_ab\src\Core\Gameplay\Exchange\ExchangeConfigLoader.cs(51,72): warning CS8604: “IReadOnlyList<MergedConfigEntry> ConfigPipeline.MergeArrayByIdFromCatalog(in ConfigCatalogEntry entry, ConfigConflictReport report = null)”中的形参“report”可能传入 null 引用实参。 [C:\001_AI\_audit_1485_ab\src\Core\Ludots.Core.csproj]
C:\001_AI\_audit_1485_ab\src\Core\Gameplay\Exchange\ExchangeConfigLoader.cs(92,53): warning CS8604: “ConfigCatalogEntry ConfigPipeline.RequireEntry(ConfigCatalog catalog, string path, ConfigMergePolicy defaultPolicy, string defaultIdField = "id")”中的形参“catalog”可能传入 null 引用实参。 [C:\001_AI\_audit_1485_ab\src\Core\Ludots.Core.csproj]
C:\001_AI\_audit_1485_ab\src\Core\Gameplay\Exchange\ExchangeConfigLoader.cs(93,72): warning CS8604: “IReadOnlyList<MergedConfigEntry> ConfigPipeline.MergeArrayByIdFromCatalog(in ConfigCatalogEntry entry, ConfigConflictReport report = null)”中的形参“report”可能传入 null 引用实参。 [C:\001_AI\_audit_1485_ab\src\Core\Ludots.Core.csproj]
C:\001_AI\_audit_1485_ab\src\Core\Gameplay\AI\Config\GraphBehaviorDefinitionLoader.cs(64,84): warning CS8604: “List<MergedConfigEntry> ConfigMerger.MergeArrayByIdToEntries(IReadOnlyList<ConfigFragment> fragments, in ConfigCatalogEntry entry, ConfigConflictReport report = null)”中的形参“report”可能传入 null 引用实参。 [C:\001_AI\_audit_1485_ab\src\Core\Ludots.Core.csproj]
C:\001_AI\_audit_1485_ab\src\Core\Gameplay\AI\Config\GraphBehaviorDefinitionLoader.cs(80,84): warning CS8604: “List<MergedConfigEntry> ConfigMerger.MergeArrayByIdToEntries(IReadOnlyList<ConfigFragment> fragments, in ConfigCatalogEntry entry, ConfigConflictReport report = null)”中的形参“report”可能传入 null 引用实参。 [C:\001_AI\_audit_1485_ab\src\Core\Ludots.Core.csproj]
C:\001_AI\_audit_1485_ab\src\Core\Gameplay\Teams\ParticipantBindingResolver.cs(448,80): warning CS8600: 将 null 文本或可能的 null 值转换为不可为 null 类型。 [C:\001_AI\_audit_1485_ab\src\Core\Ludots.Core.csproj]
C:\001_AI\_audit_1485_ab\src\Core\Gameplay\Teams\ParticipantBindingResolver.cs(460,82): warning CS8600: 将 null 文本或可能的 null 值转换为不可为 null 类型。 [C:\001_AI\_audit_1485_ab\src\Core\Ludots.Core.csproj]
C:\001_AI\_audit_1485_ab\src\Core\Config\ComponentRegistry.cs(427,66): warning CS8625: 无法将 null 字面量转换为非 null 的引用类型。 [C:\001_AI\_audit_1485_ab\src\Core\Ludots.Core.csproj]
C:\001_AI\_audit_1485_ab\src\Core\Fields\Config\FieldHierarchyConfigLoader.cs(37,72): warning CS8604: “IReadOnlyList<MergedConfigEntry> ConfigPipeline.MergeArrayByIdFromCatalog(in ConfigCatalogEntry entry, ConfigConflictReport report = null)”中的形参“report”可能传入 null 引用实参。 [C:\001_AI\_audit_1485_ab\src\Core\Ludots.Core.csproj]
C:\001_AI\_audit_1485_ab\src\Core\Config\TemplateEntityBatchSpawner.cs(668,76): warning CS8600: 将 null 文本或可能的 null 值转换为不可为 null 类型。 [C:\001_AI\_audit_1485_ab\src\Core\Ludots.Core.csproj]
C:\001_AI\_audit_1485_ab\src\Core\Config\TemplateEntityBatchSpawner.cs(674,76): warning CS8600: 将 null 文本或可能的 null 值转换为不可为 null 类型。 [C:\001_AI\_audit_1485_ab\src\Core\Ludots.Core.csproj]
C:\001_AI\_audit_1485_ab\src\Core\Hosting\GameBootstrapper.cs(86,35): warning CS8600: 将 null 文本或可能的 null 值转换为不可为 null 类型。 [C:\001_AI\_audit_1485_ab\src\Core\Ludots.Core.csproj]
C:\001_AI\_audit_1485_ab\src\Core\Map\WorldMap.cs(27,16): warning CS8618: 在退出构造函数时，不可为 null 的 字段 "_tiles" 必须包含非 null 值。请考虑添加 "required" 修饰符或将该 字段 声明为可为 null。 [C:\001_AI\_audit_1485_ab\src\Core\Ludots.Core.csproj]
C:\001_AI\_audit_1485_ab\src\Core\Map\WorldMap.cs(44,24): warning CS8603: 可能返回 null 引用。 [C:\001_AI\_audit_1485_ab\src\Core\Ludots.Core.csproj]
C:\001_AI\_audit_1485_ab\src\Core\Config\TemplateEntityBatchSpawner.cs(1028,64): warning CS8600: 将 null 文本或可能的 null 值转换为不可为 null 类型。 [C:\001_AI\_audit_1485_ab\src\Core\Ludots.Core.csproj]
C:\001_AI\_audit_1485_ab\src\Core\Map\Board\BoardConfig.cs(87,31): warning CS8601: 可能的 null 引用赋值。 [C:\001_AI\_audit_1485_ab\src\Core\Ludots.Core.csproj]
C:\001_AI\_audit_1485_ab\src\Core\Map\Board\BoardConfig.cs(37,23): warning CS8618: 在退出构造函数时，不可为 null 的 属性 "DataFile" 必须包含非 null 值。请考虑添加 "required" 修饰符或将该 属性 声明为可为 null。 [C:\001_AI\_audit_1485_ab\src\Core\Ludots.Core.csproj]
C:\001_AI\_audit_1485_ab\src\Core\Map\Board\BoardConfig.cs(39,23): warning CS8618: 在退出构造函数时，不可为 null 的 属性 "ContinuousHeightmapAsset" 必须包含非 null 值。请考虑添加 "required" 修饰符或将该 属性 声明为可为 null。 [C:\001_AI\_audit_1485_ab\src\Core\Ludots.Core.csproj]
C:\001_AI\_audit_1485_ab\src\Core\Map\Board\BoardConfig.cs(62,34): warning CS8618: 在退出构造函数时，不可为 null 的 属性 "NavTileGrid" 必须包含非 null 值。请考虑添加 "required" 修饰符或将该 属性 声明为可为 null。 [C:\001_AI\_audit_1485_ab\src\Core\Ludots.Core.csproj]
C:\001_AI\_audit_1485_ab\src\Core\Config\TemplateEntityBatchSpawner.cs(1064,56): warning CS8600: 将 null 文本或可能的 null 值转换为不可为 null 类型。 [C:\001_AI\_audit_1485_ab\src\Core\Ludots.Core.csproj]
C:\001_AI\_audit_1485_ab\src\Core\Config\TemplateEntityBatchSpawner.cs(1074,57): warning CS8600: 将 null 文本或可能的 null 值转换为不可为 null 类型。 [C:\001_AI\_audit_1485_ab\src\Core\Ludots.Core.csproj]
C:\001_AI\_audit_1485_ab\src\Core\Map\MapSessionManager.cs(32,52): warning CS8603: 可能返回 null 引用。 [C:\001_AI\_audit_1485_ab\src\Core\Ludots.Core.csproj]
C:\001_AI\_audit_1485_ab\src\Core\Map\MapSessionManager.cs(34,24): warning CS8603: 可能返回 null 引用。 [C:\001_AI\_audit_1485_ab\src\Core\Ludots.Core.csproj]
C:\001_AI\_audit_1485_ab\src\Core\Map\Board\BoardIdRegistry.cs(39,24): warning CS8603: 可能返回 null 引用。 [C:\001_AI\_audit_1485_ab\src\Core\Ludots.Core.csproj]
C:\001_AI\_audit_1485_ab\src\Core\Map\Board\GridBoard.cs(31,16): warning CS8618: 在退出构造函数时，不可为 null 的 属性 "VertexMap" 必须包含非 null 值。请考虑添加 "required" 修饰符或将该 属性 声明为可为 null。 [C:\001_AI\_audit_1485_ab\src\Core\Ludots.Core.csproj]
C:\001_AI\_audit_1485_ab\src\Core\Map\Board\GridBoard.cs(31,16): warning CS8618: 在退出构造函数时，不可为 null 的 属性 "LogicTerrain" 必须包含非 null 值。请考虑添加 "required" 修饰符或将该 属性 声明为可为 null。 [C:\001_AI\_audit_1485_ab\src\Core\Ludots.Core.csproj]
C:\001_AI\_audit_1485_ab\src\Core\Map\Board\GridBoard.cs(31,16): warning CS8618: 在退出构造函数时，不可为 null 的 属性 "NavServices" 必须包含非 null 值。请考虑添加 "required" 修饰符或将该 属性 声明为可为 null。 [C:\001_AI\_audit_1485_ab\src\Core\Ludots.Core.csproj]
C:\001_AI\_audit_1485_ab\src\Core\Map\MapSessionManager.cs(142,20): warning CS8603: 可能返回 null 引用。 [C:\001_AI\_audit_1485_ab\src\Core\Ludots.Core.csproj]
C:\001_AI\_audit_1485_ab\src\Core\Engine\GameEngine.cs(442,31): warning CS8601: 可能的 null 引用赋值。 [C:\001_AI\_audit_1485_ab\src\Core\Ludots.Core.csproj]
C:\001_AI\_audit_1485_ab\src\Core\Map\Board\HexGridBoard.cs(31,16): warning CS8618: 在退出构造函数时，不可为 null 的 属性 "VertexMap" 必须包含非 null 值。请考虑添加 "required" 修饰符或将该 属性 声明为可为 null。 [C:\001_AI\_audit_1485_ab\src\Core\Ludots.Core.csproj]
C:\001_AI\_audit_1485_ab\src\Core\Map\Board\HexGridBoard.cs(31,16): warning CS8618: 在退出构造函数时，不可为 null 的 属性 "LogicTerrain" 必须包含非 null 值。请考虑添加 "required" 修饰符或将该 属性 声明为可为 null。 [C:\001_AI\_audit_1485_ab\src\Core\Ludots.Core.csproj]
C:\001_AI\_audit_1485_ab\src\Core\Map\Board\HexGridBoard.cs(31,16): warning CS8618: 在退出构造函数时，不可为 null 的 属性 "NavServices" 必须包含非 null 值。请考虑添加 "required" 修饰符或将该 属性 声明为可为 null。 [C:\001_AI\_audit_1485_ab\src\Core\Ludots.Core.csproj]
C:\001_AI\_audit_1485_ab\src\Core\Map\MapSessionManager.cs(175,55): warning CS8600: 将 null 文本或可能的 null 值转换为不可为 null 类型。 [C:\001_AI\_audit_1485_ab\src\Core\Ludots.Core.csproj]
C:\001_AI\_audit_1485_ab\src\Core\Modding\DependencyResolver.cs(11,32): warning CS8618: 在退出构造函数时，不可为 null 的 属性 "Manifest" 必须包含非 null 值。请考虑添加 "required" 修饰符或将该 属性 声明为可为 null。 [C:\001_AI\_audit_1485_ab\src\Core\Ludots.Core.csproj]
C:\001_AI\_audit_1485_ab\src\Core\Config\ComponentRegistry.cs(873,63): warning CS8600: 将 null 文本或可能的 null 值转换为不可为 null 类型。 [C:\001_AI\_audit_1485_ab\src\Core\Ludots.Core.csproj]
C:\001_AI\_audit_1485_ab\src\Core\Config\ComponentRegistry.cs(875,57): warning CS8604: “string ComponentRegistry.ReadStringNode(JsonNode node, string context)”中的形参“node”可能传入 null 引用实参。 [C:\001_AI\_audit_1485_ab\src\Core\Ludots.Core.csproj]
C:\001_AI\_audit_1485_ab\src\Core\Config\ComponentRegistry.cs(879,64): warning CS8600: 将 null 文本或可能的 null 值转换为不可为 null 类型。 [C:\001_AI\_audit_1485_ab\src\Core\Ludots.Core.csproj]
C:\001_AI\_audit_1485_ab\src\Core\Config\ComponentRegistry.cs(881,57): warning CS8604: “string ComponentRegistry.ReadStringNode(JsonNode node, string context)”中的形参“node”可能传入 null 引用实参。 [C:\001_AI\_audit_1485_ab\src\Core\Ludots.Core.csproj]
C:\001_AI\_audit_1485_ab\src\Core\Map\MapSession.cs(102,20): warning CS8603: 可能返回 null 引用。 [C:\001_AI\_audit_1485_ab\src\Core\Ludots.Core.csproj]
C:\001_AI\_audit_1485_ab\src\Core\Map\MapSession.cs(107,20): warning CS8603: 可能返回 null 引用。 [C:\001_AI\_audit_1485_ab\src\Core\Ludots.Core.csproj]
C:\001_AI\_audit_1485_ab\src\Core\Map\MapSession.cs(119,24): warning CS8603: 可能返回 null 引用。 [C:\001_AI\_audit_1485_ab\src\Core\Ludots.Core.csproj]
C:\001_AI\_audit_1485_ab\src\Core\Modding\ModManifestJson.cs(61,24): warning CS8601: 可能的 null 引用赋值。 [C:\001_AI\_audit_1485_ab\src\Core\Ludots.Core.csproj]
C:\001_AI\_audit_1485_ab\src\Core\Modding\ModManifestJson.cs(62,27): warning CS8601: 可能的 null 引用赋值。 [C:\001_AI\_audit_1485_ab\src\Core\Ludots.Core.csproj]
C:\001_AI\_audit_1485_ab\src\Core\Modding\ModManifestJson.cs(67,40): warning CS8601: 可能的 null 引用赋值。 [C:\001_AI\_audit_1485_ab\src\Core\Ludots.Core.csproj]
C:\001_AI\_audit_1485_ab\src\Core\Modding\ModManifestJson.cs(72,33): warning CS8601: 可能的 null 引用赋值。 [C:\001_AI\_audit_1485_ab\src\Core\Ludots.Core.csproj]
C:\001_AI\_audit_1485_ab\src\Core\Modding\ModManifestJson.cs(104,35): warning CS8601: 可能的 null 引用赋值。 [C:\001_AI\_audit_1485_ab\src\Core\Ludots.Core.csproj]
C:\001_AI\_audit_1485_ab\src\Core\Modding\ModManifestJson.cs(109,32): warning CS8601: 可能的 null 引用赋值。 [C:\001_AI\_audit_1485_ab\src\Core\Ludots.Core.csproj]
C:\001_AI\_audit_1485_ab\src\Core\Modding\ModManifestJson.cs(114,38): warning CS8601: 可能的 null 引用赋值。 [C:\001_AI\_audit_1485_ab\src\Core\Ludots.Core.csproj]
C:\001_AI\_audit_1485_ab\src\Core\Modding\ModManifestJson.cs(131,39): warning CS8604: “void List<string>.Add(string item)”中的形参“item”可能传入 null 引用实参。 [C:\001_AI\_audit_1485_ab\src\Core\Ludots.Core.csproj]
C:\001_AI\_audit_1485_ab\src\Core\GraphRuntime\GraphVmCompiler.cs(747,79): warning CS8600: 将 null 文本或可能的 null 值转换为不可为 null 类型。 [C:\001_AI\_audit_1485_ab\src\Core\Ludots.Core.csproj]
C:\001_AI\_audit_1485_ab\src\Core\Physics\PhysicsWorld.cs(23,16): warning CS8618: 在退出构造函数时，不可为 null 的 字段 "_cells" 必须包含非 null 值。请考虑添加 "required" 修饰符或将该 字段 声明为可为 null。 [C:\001_AI\_audit_1485_ab\src\Core\Ludots.Core.csproj]
C:\001_AI\_audit_1485_ab\src\Core\Map\MapContext.cs(30,21): warning CS8601: 可能的 null 引用赋值。 [C:\001_AI\_audit_1485_ab\src\Core\Ludots.Core.csproj]
C:\001_AI\_audit_1485_ab\src\Core\Config\TemplateEntityBatchSpawner.cs(1205,68): warning CS8600: 将 null 文本或可能的 null 值转换为不可为 null 类型。 [C:\001_AI\_audit_1485_ab\src\Core\Ludots.Core.csproj]
C:\001_AI\_audit_1485_ab\src\Core\Config\TemplateEntityBatchSpawner.cs(1216,38): warning CS8600: 将 null 文本或可能的 null 值转换为不可为 null 类型。 [C:\001_AI\_audit_1485_ab\src\Core\Ludots.Core.csproj]
C:\001_AI\_audit_1485_ab\src\Core\Config\TemplateEntityBatchSpawner.cs(1217,57): warning CS8600: 将 null 文本或可能的 null 值转换为不可为 null 类型。 [C:\001_AI\_audit_1485_ab\src\Core\Ludots.Core.csproj]
C:\001_AI\_audit_1485_ab\src\Core\Config\TemplateEntityBatchSpawner.cs(1227,41): warning CS8600: 将 null 文本或可能的 null 值转换为不可为 null 类型。 [C:\001_AI\_audit_1485_ab\src\Core\Ludots.Core.csproj]
C:\001_AI\_audit_1485_ab\src\Core\Config\TemplateEntityBatchSpawner.cs(1228,60): warning CS8600: 将 null 文本或可能的 null 值转换为不可为 null 类型。 [C:\001_AI\_audit_1485_ab\src\Core\Ludots.Core.csproj]
C:\001_AI\_audit_1485_ab\src\Core\Modding\ModManifest.cs(9,23): warning CS8618: 在退出构造函数时，不可为 null 的 属性 "Name" 必须包含非 null 值。请考虑添加 "required" 修饰符或将该 属性 声明为可为 null。 [C:\001_AI\_audit_1485_ab\src\Core\Ludots.Core.csproj]
C:\001_AI\_audit_1485_ab\src\Core\Modding\ModManifest.cs(12,23): warning CS8618: 在退出构造函数时，不可为 null 的 属性 "Version" 必须包含非 null 值。请考虑添加 "required" 修饰符或将该 属性 声明为可为 null。 [C:\001_AI\_audit_1485_ab\src\Core\Ludots.Core.csproj]
C:\001_AI\_audit_1485_ab\src\Core\Modding\ModManifest.cs(15,23): warning CS8618: 在退出构造函数时，不可为 null 的 属性 "Description" 必须包含非 null 值。请考虑添加 "required" 修饰符或将该 属性 声明为可为 null。 [C:\001_AI\_audit_1485_ab\src\Core\Ludots.Core.csproj]
C:\001_AI\_audit_1485_ab\src\Core\Modding\ModManifest.cs(18,23): warning CS8618: 在退出构造函数时，不可为 null 的 属性 "Main" 必须包含非 null 值。请考虑添加 "required" 修饰符或将该 属性 声明为可为 null。 [C:\001_AI\_audit_1485_ab\src\Core\Ludots.Core.csproj]
C:\001_AI\_audit_1485_ab\src\Core\Modding\ModManifest.cs(27,23): warning CS8618: 在退出构造函数时，不可为 null 的 属性 "Author" 必须包含非 null 值。请考虑添加 "required" 修饰符或将该 属性 声明为可为 null。 [C:\001_AI\_audit_1485_ab\src\Core\Ludots.Core.csproj]
C:\001_AI\_audit_1485_ab\src\Core\Modding\ModManifest.cs(30,23): warning CS8618: 在退出构造函数时，不可为 null 的 属性 "Url" 必须包含非 null 值。请考虑添加 "required" 修饰符或将该 属性 声明为可为 null。 [C:\001_AI\_audit_1485_ab\src\Core\Ludots.Core.csproj]
C:\001_AI\_audit_1485_ab\src\Core\Modding\ModManifest.cs(33,23): warning CS8618: 在退出构造函数时，不可为 null 的 属性 "Changelog" 必须包含非 null 值。请考虑添加 "required" 修饰符或将该 属性 声明为可为 null。 [C:\001_AI\_audit_1485_ab\src\Core\Ludots.Core.csproj]
C:\001_AI\_audit_1485_ab\src\Core\Modding\ModManifest.cs(36,29): warning CS8618: 在退出构造函数时，不可为 null 的 属性 "Tags" 必须包含非 null 值。请考虑添加 "required" 修饰符或将该 属性 声明为可为 null。 [C:\001_AI\_audit_1485_ab\src\Core\Ludots.Core.csproj]
C:\001_AI\_audit_1485_ab\src\Core\Modding\ModManifest.cs(39,29): warning CS8618: 在退出构造函数时，不可为 null 的 属性 "ProcessSharedAssemblies" 必须包含非 null 值。请考虑添加 "required" 修饰符或将该 属性 声明为可为 null。 [C:\001_AI\_audit_1485_ab\src\Core\Ludots.Core.csproj]
C:\001_AI\_audit_1485_ab\src\Core\Modding\ModManifest.cs(42,29): warning CS8618: 在退出构造函数时，不可为 null 的 属性 "TriggerGraphs" 必须包含非 null 值。请考虑添加 "required" 修饰符或将该 属性 声明为可为 null。 [C:\001_AI\_audit_1485_ab\src\Core\Ludots.Core.csproj]
C:\001_AI\_audit_1485_ab\src\Core\GraphRuntime\GraphVmCompiler.cs(797,79): warning CS8600: 将 null 文本或可能的 null 值转换为不可为 null 类型。 [C:\001_AI\_audit_1485_ab\src\Core\Ludots.Core.csproj]
C:\001_AI\_audit_1485_ab\src\Core\Modding\ModLoader.cs(64,16): warning CS8618: 在退出构造函数时，不可为 null 的 属性 "MapManager" 必须包含非 null 值。请考虑添加 "required" 修饰符或将该 属性 声明为可为 null。 [C:\001_AI\_audit_1485_ab\src\Core\Ludots.Core.csproj]
C:\001_AI\_audit_1485_ab\src\Core\Navigation\Pathing\PathServiceRouter.cs(16,21): warning CS8625: 无法将 null 字面量转换为非 null 的引用类型。 [C:\001_AI\_audit_1485_ab\src\Core\Ludots.Core.csproj]
C:\001_AI\_audit_1485_ab\src\Core\Navigation\Pathing\PathServiceRouter.cs(12,16): warning CS8618: 在退出构造函数时，不可为 null 的 字段 "_auto" 必须包含非 null 值。请考虑添加 "required" 修饰符或将该 字段 声明为可为 null。 [C:\001_AI\_audit_1485_ab\src\Core\Ludots.Core.csproj]
C:\001_AI\_audit_1485_ab\src\Core\Gameplay\Lifecycle\EntityLifecycleAtomicOps.cs(40,88): warning CS8604: “void EntityTriggerGraphMounts.MountRuntimeSpawned(Entity entity, string templateId, IReadOnlyList<string> graphNames)”中的形参“graphNames”可能传入 null 引用实参。 [C:\001_AI\_audit_1485_ab\src\Core\Ludots.Core.csproj]
C:\001_AI\_audit_1485_ab\src\Core\Navigation\Pathing\NodeGraphPathServiceAdapter.cs(22,29): warning CS8625: 无法将 null 字面量转换为非 null 的引用类型。 [C:\001_AI\_audit_1485_ab\src\Core\Ludots.Core.csproj]
C:\001_AI\_audit_1485_ab\src\Core\Navigation\Pathing\NodeGraphPathServiceAdapter.cs(19,16): warning CS8618: 在退出构造函数时，不可为 null 的 字段 "_graphRuntime" 必须包含非 null 值。请考虑添加 "required" 修饰符或将该 字段 声明为可为 null。 [C:\001_AI\_audit_1485_ab\src\Core\Ludots.Core.csproj]
C:\001_AI\_audit_1485_ab\src\Core\Navigation\Pathing\NodeGraphPathServiceAdapter.cs(31,22): warning CS8625: 无法将 null 字面量转换为非 null 的引用类型。 [C:\001_AI\_audit_1485_ab\src\Core\Ludots.Core.csproj]
C:\001_AI\_audit_1485_ab\src\Core\Navigation\Pathing\NodeGraphPathServiceAdapter.cs(28,16): warning CS8618: 在退出构造函数时，不可为 null 的 字段 "_graph" 必须包含非 null 值。请考虑添加 "required" 修饰符或将该 字段 声明为可为 null。 [C:\001_AI\_audit_1485_ab\src\Core\Ludots.Core.csproj]
C:\001_AI\_audit_1485_ab\src\Core\Input\Systems\AxisMoveOrderSystem.cs(148,84): warning CS8600: 将 null 文本或可能的 null 值转换为不可为 null 类型。 [C:\001_AI\_audit_1485_ab\src\Core\Ludots.Core.csproj]
C:\001_AI\_audit_1485_ab\src\Core\Map\Hex\VertexMap.cs(49,33): warning CS8625: 无法将 null 字面量转换为非 null 的引用类型。 [C:\001_AI\_audit_1485_ab\src\Core\Ludots.Core.csproj]
C:\001_AI\_audit_1485_ab\src\Core\Map\Hex\VertexMap.cs(59,30): warning CS8625: 无法将 null 字面量转换为非 null 的引用类型。 [C:\001_AI\_audit_1485_ab\src\Core\Ludots.Core.csproj]
C:\001_AI\_audit_1485_ab\src\Core\Scripting\TriggerManager.cs(204,20): warning CS8603: 可能返回 null 引用。 [C:\001_AI\_audit_1485_ab\src\Core\Ludots.Core.csproj]
C:\001_AI\_audit_1485_ab\src\Core\NodeLibraries\GASGraph\Host\TriggerGraphHookWeaver.cs(123,74): warning CS8600: 将 null 文本或可能的 null 值转换为不可为 null 类型。 [C:\001_AI\_audit_1485_ab\src\Core\Ludots.Core.csproj]
C:\001_AI\_audit_1485_ab\src\Core\Navigation\AOI\HexGridAOI.cs(29,35): warning CS8618: 在退出构造函数时，不可为 null 的 事件 "ChunkLoaded" 必须包含非 null 值。请考虑添加 "required" 修饰符或将该 事件 声明为可为 null。 [C:\001_AI\_audit_1485_ab\src\Core\Ludots.Core.csproj]
C:\001_AI\_audit_1485_ab\src\Core\Navigation\AOI\HexGridAOI.cs(30,35): warning CS8618: 在退出构造函数时，不可为 null 的 事件 "ChunkUnloaded" 必须包含非 null 值。请考虑添加 "required" 修饰符或将该 事件 声明为可为 null。 [C:\001_AI\_audit_1485_ab\src\Core\Ludots.Core.csproj]
C:\001_AI\_audit_1485_ab\src\Core\NodeLibraries\GASGraph\Host\TriggerGraphHookWeaver.cs(167,50): warning CS8600: 将 null 文本或可能的 null 值转换为不可为 null 类型。 [C:\001_AI\_audit_1485_ab\src\Core\Ludots.Core.csproj]
C:\001_AI\_audit_1485_ab\src\Core\Map\MapManager.cs(53,20): warning CS8603: 可能返回 null 引用。 [C:\001_AI\_audit_1485_ab\src\Core\Ludots.Core.csproj]
C:\001_AI\_audit_1485_ab\src\Core\Map\Hex\VertexMap.cs(81,55): warning CS8603: 可能返回 null 引用。 [C:\001_AI\_audit_1485_ab\src\Core\Ludots.Core.csproj]
C:\001_AI\_audit_1485_ab\src\Core\Map\Hex\VertexMap.cs(106,20): warning CS8603: 可能返回 null 引用。 [C:\001_AI\_audit_1485_ab\src\Core\Ludots.Core.csproj]
C:\001_AI\_audit_1485_ab\src\Core\Map\MapManager.cs(58,20): warning CS8603: 可能返回 null 引用。 [C:\001_AI\_audit_1485_ab\src\Core\Ludots.Core.csproj]
C:\001_AI\_audit_1485_ab\src\Core\Map\MapManager.cs(89,44): warning CS8600: 将 null 文本或可能的 null 值转换为不可为 null 类型。 [C:\001_AI\_audit_1485_ab\src\Core\Ludots.Core.csproj]
C:\001_AI\_audit_1485_ab\src\Core\Map\MapManager.cs(136,28): warning CS8603: 可能返回 null 引用。 [C:\001_AI\_audit_1485_ab\src\Core\Ludots.Core.csproj]
C:\001_AI\_audit_1485_ab\src\Core\Map\Hex\VertexMap.cs(310,26): warning CS8625: 无法将 null 字面量转换为非 null 的引用类型。 [C:\001_AI\_audit_1485_ab\src\Core\Ludots.Core.csproj]
C:\001_AI\_audit_1485_ab\src\Core\Map\Hex\VertexMap.cs(18,42): warning CS8625: 无法将 null 字面量转换为非 null 的引用类型。 [C:\001_AI\_audit_1485_ab\src\Core\Ludots.Core.csproj]
C:\001_AI\_audit_1485_ab\src\Core\Map\Hex\VertexMap.cs(19,31): warning CS8618: 在退出构造函数时，不可为 null 的 字段 "_loadedChunks" 必须包含非 null 值。请考虑添加 "required" 修饰符或将该 字段 声明为可为 null。 [C:\001_AI\_audit_1485_ab\src\Core\Ludots.Core.csproj]
C:\001_AI\_audit_1485_ab\src\Core\Gameplay\Items\ItemConfigLoader.cs(40,53): warning CS8604: “ConfigCatalogEntry ConfigPipeline.RequireEntry(ConfigCatalog catalog, string path, ConfigMergePolicy defaultPolicy, string defaultIdField = "id")”中的形参“catalog”可能传入 null 引用实参。 [C:\001_AI\_audit_1485_ab\src\Core\Ludots.Core.csproj]
C:\001_AI\_audit_1485_ab\src\Core\Gameplay\Items\ItemConfigLoader.cs(41,72): warning CS8604: “IReadOnlyList<MergedConfigEntry> ConfigPipeline.MergeArrayByIdFromCatalog(in ConfigCatalogEntry entry, ConfigConflictReport report = null)”中的形参“report”可能传入 null 引用实参。 [C:\001_AI\_audit_1485_ab\src\Core\Ludots.Core.csproj]
C:\001_AI\_audit_1485_ab\src\Core\Gameplay\Items\ItemConfigLoader.cs(77,53): warning CS8604: “ConfigCatalogEntry ConfigPipeline.RequireEntry(ConfigCatalog catalog, string path, ConfigMergePolicy defaultPolicy, string defaultIdField = "id")”中的形参“catalog”可能传入 null 引用实参。 [C:\001_AI\_audit_1485_ab\src\Core\Ludots.Core.csproj]
C:\001_AI\_audit_1485_ab\src\Core\Gameplay\Items\ItemConfigLoader.cs(78,72): warning CS8604: “IReadOnlyList<MergedConfigEntry> ConfigPipeline.MergeArrayByIdFromCatalog(in ConfigCatalogEntry entry, ConfigConflictReport report = null)”中的形参“report”可能传入 null 引用实参。 [C:\001_AI\_audit_1485_ab\src\Core\Ludots.Core.csproj]
C:\001_AI\_audit_1485_ab\src\Core\Map\MapManager.cs(266,48): warning CS8601: 可能的 null 引用赋值。 [C:\001_AI\_audit_1485_ab\src\Core\Ludots.Core.csproj]
C:\001_AI\_audit_1485_ab\src\Core\Gameplay\Items\ItemConfigLoader.cs(120,53): warning CS8604: “ConfigCatalogEntry ConfigPipeline.RequireEntry(ConfigCatalog catalog, string path, ConfigMergePolicy defaultPolicy, string defaultIdField = "id")”中的形参“catalog”可能传入 null 引用实参。 [C:\001_AI\_audit_1485_ab\src\Core\Ludots.Core.csproj]
C:\001_AI\_audit_1485_ab\src\Core\Gameplay\Items\ItemConfigLoader.cs(121,72): warning CS8604: “IReadOnlyList<MergedConfigEntry> ConfigPipeline.MergeArrayByIdFromCatalog(in ConfigCatalogEntry entry, ConfigConflictReport report = null)”中的形参“report”可能传入 null 引用实参。 [C:\001_AI\_audit_1485_ab\src\Core\Ludots.Core.csproj]
C:\001_AI\_audit_1485_ab\src\Core\Navigation\Pathing\Config\PathingConfig.cs(59,23): warning CS8618: 在退出构造函数时，不可为 null 的 属性 "Tag" 必须包含非 null 值。请考虑添加 "required" 修饰符或将该 属性 声明为可为 null。 [C:\001_AI\_audit_1485_ab\src\Core\Ludots.Core.csproj]
C:\001_AI\_audit_1485_ab\src\Core\Navigation\Pathing\Config\PathingConfig.cs(13,23): warning CS8618: 在退出构造函数时，不可为 null 的 属性 "Id" 必须包含非 null 值。请考虑添加 "required" 修饰符或将该 属性 声明为可为 null。 [C:\001_AI\_audit_1485_ab\src\Core\Ludots.Core.csproj]
C:\001_AI\_audit_1485_ab\src\Core\Navigation\Pathing\Config\PathingConfig.cs(14,23): warning CS8618: 在退出构造函数时，不可为 null 的 属性 "ProfileId" 必须包含非 null 值。请考虑添加 "required" 修饰符或将该 属性 声明为可为 null。 [C:\001_AI\_audit_1485_ab\src\Core\Ludots.Core.csproj]
C:\001_AI\_audit_1485_ab\src\Core\Map\MapManager.cs(448,28): warning CS8601: 可能的 null 引用赋值。 [C:\001_AI\_audit_1485_ab\src\Core\Ludots.Core.csproj]
C:\001_AI\_audit_1485_ab\src\Core\Map\MapManager.cs(453,20): warning CS8625: 无法将 null 字面量转换为非 null 的引用类型。 [C:\001_AI\_audit_1485_ab\src\Core\Ludots.Core.csproj]
C:\001_AI\_audit_1485_ab\src\Core\Navigation\Pathing\AutoPathService.cs(39,29): warning CS8625: 无法将 null 字面量转换为非 null 的引用类型。 [C:\001_AI\_audit_1485_ab\src\Core\Ludots.Core.csproj]
C:\001_AI\_audit_1485_ab\src\Core\Navigation\Pathing\AutoPathService.cs(35,16): warning CS8618: 在退出构造函数时，不可为 null 的 字段 "_graphRuntime" 必须包含非 null 值。请考虑添加 "required" 修饰符或将该 字段 声明为可为 null。 [C:\001_AI\_audit_1485_ab\src\Core\Ludots.Core.csproj]
C:\001_AI\_audit_1485_ab\src\Core\Navigation\Pathing\AutoPathService.cs(66,22): warning CS8625: 无法将 null 字面量转换为非 null 的引用类型。 [C:\001_AI\_audit_1485_ab\src\Core\Ludots.Core.csproj]
C:\001_AI\_audit_1485_ab\src\Core\Navigation\Pathing\AutoPathService.cs(67,27): warning CS8625: 无法将 null 字面量转换为非 null 的引用类型。 [C:\001_AI\_audit_1485_ab\src\Core\Ludots.Core.csproj]
C:\001_AI\_audit_1485_ab\src\Core\Navigation\Pathing\AutoPathService.cs(63,16): warning CS8618: 在退出构造函数时，不可为 null 的 字段 "_graph" 必须包含非 null 值。请考虑添加 "required" 修饰符或将该 字段 声明为可为 null。 [C:\001_AI\_audit_1485_ab\src\Core\Ludots.Core.csproj]
C:\001_AI\_audit_1485_ab\src\Core\Navigation\Pathing\AutoPathService.cs(63,16): warning CS8618: 在退出构造函数时，不可为 null 的 字段 "_graphIndex" 必须包含非 null 值。请考虑添加 "required" 修饰符或将该 字段 声明为可为 null。 [C:\001_AI\_audit_1485_ab\src\Core\Ludots.Core.csproj]
C:\001_AI\_audit_1485_ab\src\Core\Navigation\Pathing\AutoPathService.cs(95,29): warning CS8625: 无法将 null 字面量转换为非 null 的引用类型。 [C:\001_AI\_audit_1485_ab\src\Core\Ludots.Core.csproj]
C:\001_AI\_audit_1485_ab\src\Core\Navigation\Pathing\AutoPathService.cs(91,16): warning CS8618: 在退出构造函数时，不可为 null 的 字段 "_graphRuntime" 必须包含非 null 值。请考虑添加 "required" 修饰符或将该 字段 声明为可为 null。 [C:\001_AI\_audit_1485_ab\src\Core\Ludots.Core.csproj]
C:\001_AI\_audit_1485_ab\src\Core\Presentation\Camera\CoreScreenProjector.cs(27,16): warning CS8618: 在退出构造函数时，不可为 null 的 字段 "_presenter" 必须包含非 null 值。请考虑添加 "required" 修饰符或将该 字段 声明为可为 null。 [C:\001_AI\_audit_1485_ab\src\Core\Ludots.Core.csproj]
C:\001_AI\_audit_1485_ab\src\Core\Navigation\Pathing\AutoPathService.cs(122,22): warning CS8625: 无法将 null 字面量转换为非 null 的引用类型。 [C:\001_AI\_audit_1485_ab\src\Core\Ludots.Core.csproj]
C:\001_AI\_audit_1485_ab\src\Core\Navigation\Pathing\AutoPathService.cs(123,27): warning CS8625: 无法将 null 字面量转换为非 null 的引用类型。 [C:\001_AI\_audit_1485_ab\src\Core\Ludots.Core.csproj]
C:\001_AI\_audit_1485_ab\src\Core\Navigation\Pathing\AutoPathService.cs(119,16): warning CS8618: 在退出构造函数时，不可为 null 的 字段 "_graph" 必须包含非 null 值。请考虑添加 "required" 修饰符或将该 字段 声明为可为 null。 [C:\001_AI\_audit_1485_ab\src\Core\Ludots.Core.csproj]
C:\001_AI\_audit_1485_ab\src\Core\Navigation\Pathing\AutoPathService.cs(119,16): warning CS8618: 在退出构造函数时，不可为 null 的 字段 "_graphIndex" 必须包含非 null 值。请考虑添加 "required" 修饰符或将该 字段 声明为可为 null。 [C:\001_AI\_audit_1485_ab\src\Core\Ludots.Core.csproj]
C:\001_AI\_audit_1485_ab\src\Core\Vision\Config\VisionFogLayerConfigLoader.cs(32,53): warning CS8604: “ConfigCatalogEntry ConfigPipeline.RequireEntry(ConfigCatalog catalog, string path, ConfigMergePolicy defaultPolicy, string defaultIdField = "id")”中的形参“catalog”可能传入 null 引用实参。 [C:\001_AI\_audit_1485_ab\src\Core\Ludots.Core.csproj]
C:\001_AI\_audit_1485_ab\src\Core\Vision\Config\VisionFogLayerConfigLoader.cs(33,72): warning CS8604: “IReadOnlyList<MergedConfigEntry> ConfigPipeline.MergeArrayByIdFromCatalog(in ConfigCatalogEntry entry, ConfigConflictReport report = null)”中的形参“report”可能传入 null 引用实参。 [C:\001_AI\_audit_1485_ab\src\Core\Ludots.Core.csproj]
C:\001_AI\_audit_1485_ab\src\Core\Gameplay\Activities\ActivityConfigLoader.cs(44,72): warning CS8604: “IReadOnlyList<MergedConfigEntry> ConfigPipeline.MergeArrayByIdFromCatalog(in ConfigCatalogEntry entry, ConfigConflictReport report = null)”中的形参“report”可能传入 null 引用实参。 [C:\001_AI\_audit_1485_ab\src\Core\Ludots.Core.csproj]
C:\001_AI\_audit_1485_ab\src\Core\Gameplay\MapTriggers\CustomEventCatalog.cs(137,100): warning CS8604: “IReadOnlyList<MergedConfigEntry> ConfigPipeline.MergeArrayByIdFromCatalog(in ConfigCatalogEntry entry, ConfigConflictReport report = null)”中的形参“report”可能传入 null 引用实参。 [C:\001_AI\_audit_1485_ab\src\Core\Ludots.Core.csproj]
C:\001_AI\_audit_1485_ab\src\Core\Navigation\NavMesh\NavTileStore.cs(34,52): warning CS8601: 可能的 null 引用赋值。 [C:\001_AI\_audit_1485_ab\src\Core\Ludots.Core.csproj]
C:\001_AI\_audit_1485_ab\src\Core\Navigation\NavMesh\NavTileStore.cs(87,22): warning CS8601: 可能的 null 引用赋值。 [C:\001_AI\_audit_1485_ab\src\Core\Ludots.Core.csproj]
C:\001_AI\_audit_1485_ab\src\Core\Navigation\NavMesh\NavTileModels.cs(94,29): warning CS8625: 无法将 null 字面量转换为非 null 的引用类型。 [C:\001_AI\_audit_1485_ab\src\Core\Ludots.Core.csproj]
C:\001_AI\_audit_1485_ab\src\Core\Navigation\NavMesh\NavTileBuilder.cs(83,24): warning CS8625: 无法将 null 字面量转换为非 null 的引用类型。 [C:\001_AI\_audit_1485_ab\src\Core\Ludots.Core.csproj]
C:\001_AI\_audit_1485_ab\src\Core\Modding\ModLoadContext.cs(106,20): warning CS8603: 可能返回 null 引用。 [C:\001_AI\_audit_1485_ab\src\Core\Ludots.Core.csproj]
C:\001_AI\_audit_1485_ab\src\Core\Modding\ModLoadContext.cs(111,24): warning CS8625: 无法将 null 字面量转换为非 null 的引用类型。 [C:\001_AI\_audit_1485_ab\src\Core\Ludots.Core.csproj]
C:\001_AI\_audit_1485_ab\src\Core\Modding\ModLoadContext.cs(125,24): warning CS8601: 可能的 null 引用赋值。 [C:\001_AI\_audit_1485_ab\src\Core\Ludots.Core.csproj]
C:\001_AI\_audit_1485_ab\src\Core\Modding\ModLoadContext.cs(178,24): warning CS8601: 可能的 null 引用赋值。 [C:\001_AI\_audit_1485_ab\src\Core\Ludots.Core.csproj]
C:\001_AI\_audit_1485_ab\src\Core\NodeLibraries\GASGraph\Host\TriggerGraphHookWeaver.cs(205,62): warning CS8600: 将 null 文本或可能的 null 值转换为不可为 null 类型。 [C:\001_AI\_audit_1485_ab\src\Core\Ludots.Core.csproj]
C:\001_AI\_audit_1485_ab\src\Core\NodeLibraries\GASGraph\Host\TriggerGraphHookWeaver.cs(215,84): warning CS8600: 将 null 文本或可能的 null 值转换为不可为 null 类型。 [C:\001_AI\_audit_1485_ab\src\Core\Ludots.Core.csproj]
C:\001_AI\_audit_1485_ab\src\Core\Navigation\NavMesh\NavTileBuilder.cs(100,20): warning CS8625: 无法将 null 字面量转换为非 null 的引用类型。 [C:\001_AI\_audit_1485_ab\src\Core\Ludots.Core.csproj]
C:\001_AI\_audit_1485_ab\src\Core\NodeLibraries\GASGraph\Host\TriggerGraphHookWeaver.cs(322,68): warning CS8600: 将 null 文本或可能的 null 值转换为不可为 null 类型。 [C:\001_AI\_audit_1485_ab\src\Core\Ludots.Core.csproj]
C:\001_AI\_audit_1485_ab\src\Core\NodeLibraries\GASGraph\Host\TriggerGraphHookWeaver.cs(342,49): warning CS8600: 将 null 文本或可能的 null 值转换为不可为 null 类型。 [C:\001_AI\_audit_1485_ab\src\Core\Ludots.Core.csproj]
C:\001_AI\_audit_1485_ab\src\Core\Modding\ModLoader.cs(417,36): warning CS8600: 将 null 文本或可能的 null 值转换为不可为 null 类型。 [C:\001_AI\_audit_1485_ab\src\Core\Ludots.Core.csproj]
C:\001_AI\_audit_1485_ab\src\Core\Modding\ModLoader.cs(418,45): warning CS8604: “void ModLoader.CacheSharedAssembly(Assembly assembly)”中的形参“assembly”可能传入 null 引用实参。 [C:\001_AI\_audit_1485_ab\src\Core\Ludots.Core.csproj]
C:\001_AI\_audit_1485_ab\src\Core\Modding\ModLoader.cs(445,36): warning CS8619: 类型“Type?[]”的值中引用类型的为 Null 性与目标类型“Type[]”不匹配。 [C:\001_AI\_audit_1485_ab\src\Core\Ludots.Core.csproj]
C:\001_AI\_audit_1485_ab\src\Core\Modding\ModLoader.cs(491,46): warning CS8600: 将 null 文本或可能的 null 值转换为不可为 null 类型。 [C:\001_AI\_audit_1485_ab\src\Core\Ludots.Core.csproj]
C:\001_AI\_audit_1485_ab\src\Core\Modding\ModLoader.cs(492,56): warning CS8604: “void IMapManager.RegisterMap(MapDefinition definition)”中的形参“definition”可能传入 null 引用实参。 [C:\001_AI\_audit_1485_ab\src\Core\Ludots.Core.csproj]
C:\001_AI\_audit_1485_ab\src\Core\Modding\ModLoader.cs(538,57): warning CS8603: 可能返回 null 引用。 [C:\001_AI\_audit_1485_ab\src\Core\Ludots.Core.csproj]
C:\001_AI\_audit_1485_ab\src\Core\Modding\ModLoader.cs(539,20): warning CS8603: 可能返回 null 引用。 [C:\001_AI\_audit_1485_ab\src\Core\Ludots.Core.csproj]
C:\001_AI\_audit_1485_ab\src\Core\Modding\ModLoader.cs(546,39): warning CS8601: 可能的 null 引用赋值。 [C:\001_AI\_audit_1485_ab\src\Core\Ludots.Core.csproj]
C:\001_AI\_audit_1485_ab\src\Core\Gameplay\Sequencer\SequencerConfigLoader.cs(32,53): warning CS8604: “ConfigCatalogEntry ConfigPipeline.RequireEntry(ConfigCatalog catalog, string path, ConfigMergePolicy defaultPolicy, string defaultIdField = "id")”中的形参“catalog”可能传入 null 引用实参。 [C:\001_AI\_audit_1485_ab\src\Core\Ludots.Core.csproj]
C:\001_AI\_audit_1485_ab\src\Core\Gameplay\Sequencer\SequencerConfigLoader.cs(33,72): warning CS8604: “IReadOnlyList<MergedConfigEntry> ConfigPipeline.MergeArrayByIdFromCatalog(in ConfigCatalogEntry entry, ConfigConflictReport report = null)”中的形参“report”可能传入 null 引用实参。 [C:\001_AI\_audit_1485_ab\src\Core\Ludots.Core.csproj]
C:\001_AI\_audit_1485_ab\src\Core\Scripting\TriggerManager.cs(241,54): warning CS8600: 将 null 文本或可能的 null 值转换为不可为 null 类型。 [C:\001_AI\_audit_1485_ab\src\Core\Ludots.Core.csproj]
C:\001_AI\_audit_1485_ab\src\Core\Scripting\TriggerManager.cs(259,54): warning CS8600: 将 null 文本或可能的 null 值转换为不可为 null 类型。 [C:\001_AI\_audit_1485_ab\src\Core\Ludots.Core.csproj]
C:\001_AI\_audit_1485_ab\src\Core\Gameplay\Tasks\TaskConfigLoader.cs(46,72): warning CS8604: “IReadOnlyList<MergedConfigEntry> ConfigPipeline.MergeArrayByIdFromCatalog(in ConfigCatalogEntry entry, ConfigConflictReport report = null)”中的形参“report”可能传入 null 引用实参。 [C:\001_AI\_audit_1485_ab\src\Core\Ludots.Core.csproj]
C:\001_AI\_audit_1485_ab\src\Core\Gameplay\MapTriggers\TriggerGraphMounting.cs(73,67): warning CS8604: “void TriggerGraphMounting.AppendMapMountTriggers(List<Trigger> triggers, MapSession session, GraphProgramRegistry programs, TriggerGraphMount mount, string mapId, CustomEventNameRegistry? customEvents, EventSchemaRegistry? eventSchemas)”中的形参“programs”可能传入 null 引用实参。 [C:\001_AI\_audit_1485_ab\src\Core\Ludots.Core.csproj]
C:\001_AI\_audit_1485_ab\src\Core\Scripting\TriggerManager.cs(503,66): warning CS8600: 将 null 文本或可能的 null 值转换为不可为 null 类型。 [C:\001_AI\_audit_1485_ab\src\Core\Ludots.Core.csproj]
C:\001_AI\_audit_1485_ab\src\Core\Navigation\NavMesh\NavQueryServiceRegistry.cs(43,84): warning CS8601: 可能的 null 引用赋值。 [C:\001_AI\_audit_1485_ab\src\Core\Ludots.Core.csproj]
C:\001_AI\_audit_1485_ab\src\Core\Navigation\NavMesh\NavQueryServiceRegistry.cs(53,23): warning CS8625: 无法将 null 字面量转换为非 null 的引用类型。 [C:\001_AI\_audit_1485_ab\src\Core\Ludots.Core.csproj]
C:\001_AI\_audit_1485_ab\src\Core\Scripting\TriggerManager.cs(528,59): warning CS8600: 将 null 文本或可能的 null 值转换为不可为 null 类型。 [C:\001_AI\_audit_1485_ab\src\Core\Ludots.Core.csproj]
C:\001_AI\_audit_1485_ab\src\Core\Scripting\TriggerManager.cs(529,66): warning CS8600: 将 null 文本或可能的 null 值转换为不可为 null 类型。 [C:\001_AI\_audit_1485_ab\src\Core\Ludots.Core.csproj]
C:\001_AI\_audit_1485_ab\src\Core\Scripting\TriggerManager.cs(557,60): warning CS8600: 将 null 文本或可能的 null 值转换为不可为 null 类型。 [C:\001_AI\_audit_1485_ab\src\Core\Ludots.Core.csproj]
C:\001_AI\_audit_1485_ab\src\Core\Scripting\TriggerManager.cs(587,60): warning CS8600: 将 null 文本或可能的 null 值转换为不可为 null 类型。 [C:\001_AI\_audit_1485_ab\src\Core\Ludots.Core.csproj]
C:\001_AI\_audit_1485_ab\src\Core\Scripting\TriggerManager.cs(618,63): warning CS8600: 将 null 文本或可能的 null 值转换为不可为 null 类型。 [C:\001_AI\_audit_1485_ab\src\Core\Ludots.Core.csproj]
C:\001_AI\_audit_1485_ab\src\Core\Scripting\TriggerManager.cs(634,59): warning CS8600: 将 null 文本或可能的 null 值转换为不可为 null 类型。 [C:\001_AI\_audit_1485_ab\src\Core\Ludots.Core.csproj]
C:\001_AI\_audit_1485_ab\src\Core\Scripting\TriggerManager.cs(645,73): warning CS8600: 将 null 文本或可能的 null 值转换为不可为 null 类型。 [C:\001_AI\_audit_1485_ab\src\Core\Ludots.Core.csproj]
C:\001_AI\_audit_1485_ab\src\Core\Scripting\TriggerManager.cs(656,73): warning CS8600: 将 null 文本或可能的 null 值转换为不可为 null 类型。 [C:\001_AI\_audit_1485_ab\src\Core\Ludots.Core.csproj]
C:\001_AI\_audit_1485_ab\src\Core\Gameplay\MapTriggers\GasEventTriggerBridgeSystem.cs(80,25): warning CS0618: “ContextKeys”已过时:“Use CoreServiceKeys with ServiceKey<T> for type-safe access. This class will be removed in a future release.” [C:\001_AI\_audit_1485_ab\src\Core\Ludots.Core.csproj]
C:\001_AI\_audit_1485_ab\src\Core\Gameplay\Relationships\Config\RelationshipCatalogPipelineLoader.cs(28,53): warning CS8604: “ConfigCatalogEntry ConfigPipeline.RequireEntry(ConfigCatalog catalog, string path, ConfigMergePolicy defaultPolicy, string defaultIdField = "id")”中的形参“catalog”可能传入 null 引用实参。 [C:\001_AI\_audit_1485_ab\src\Core\Ludots.Core.csproj]
C:\001_AI\_audit_1485_ab\src\Core\Gameplay\MapTriggers\MapEntityLifecycleObserverSystem.cs(78,51): warning CS8600: 将 null 文本或可能的 null 值转换为不可为 null 类型。 [C:\001_AI\_audit_1485_ab\src\Core\Ludots.Core.csproj]
C:\001_AI\_audit_1485_ab\src\Core\Gameplay\MapTriggers\MapEntityLifecycleObserverSystem.cs(150,49): warning CS8600: 将 null 文本或可能的 null 值转换为不可为 null 类型。 [C:\001_AI\_audit_1485_ab\src\Core\Ludots.Core.csproj]
C:\001_AI\_audit_1485_ab\src\Core\Engine\GameEngine.cs(1963,28): warning CS8620: 由于引用类型的可为 null 性差异，ServiceKey<NetworkGameplayCommandGate> 类型的实参不能用于 void GameEngine.SetService<NetworkGameplayCommandGate?>(ServiceKey<NetworkGameplayCommandGate?> key, NetworkGameplayCommandGate? value) 中 ServiceKey<NetworkGameplayCommandGate?> 类型的形参 key。 [C:\001_AI\_audit_1485_ab\src\Core\Ludots.Core.csproj]
C:\001_AI\_audit_1485_ab\src\Core\Gameplay\MapTriggers\MapDeathRuleSystem.cs(62,83): warning CS8600: 将 null 文本或可能的 null 值转换为不可为 null 类型。 [C:\001_AI\_audit_1485_ab\src\Core\Ludots.Core.csproj]
C:\001_AI\_audit_1485_ab\src\Core\Gameplay\Story\StoryConfigLoader.cs(39,53): warning CS8604: “ConfigCatalogEntry ConfigPipeline.RequireEntry(ConfigCatalog catalog, string path, ConfigMergePolicy defaultPolicy, string defaultIdField = "id")”中的形参“catalog”可能传入 null 引用实参。 [C:\001_AI\_audit_1485_ab\src\Core\Ludots.Core.csproj]
C:\001_AI\_audit_1485_ab\src\Core\Gameplay\Story\StoryConfigLoader.cs(40,72): warning CS8604: “IReadOnlyList<MergedConfigEntry> ConfigPipeline.MergeArrayByIdFromCatalog(in ConfigCatalogEntry entry, ConfigConflictReport report = null)”中的形参“report”可能传入 null 引用实参。 [C:\001_AI\_audit_1485_ab\src\Core\Ludots.Core.csproj]
C:\001_AI\_audit_1485_ab\src\Core\Gameplay\Story\StoryConfigLoader.cs(52,53): warning CS8604: “ConfigCatalogEntry ConfigPipeline.RequireEntry(ConfigCatalog catalog, string path, ConfigMergePolicy defaultPolicy, string defaultIdField = "id")”中的形参“catalog”可能传入 null 引用实参。 [C:\001_AI\_audit_1485_ab\src\Core\Ludots.Core.csproj]
C:\001_AI\_audit_1485_ab\src\Core\Gameplay\Story\StoryConfigLoader.cs(53,72): warning CS8604: “IReadOnlyList<MergedConfigEntry> ConfigPipeline.MergeArrayByIdFromCatalog(in ConfigCatalogEntry entry, ConfigConflictReport report = null)”中的形参“report”可能传入 null 引用实参。 [C:\001_AI\_audit_1485_ab\src\Core\Ludots.Core.csproj]
C:\001_AI\_audit_1485_ab\src\Core\Gameplay\Items\InventoryRuntimeService.cs(894,78): warning CS8625: 无法将 null 字面量转换为非 null 的引用类型。 [C:\001_AI\_audit_1485_ab\src\Core\Ludots.Core.csproj]
C:\001_AI\_audit_1485_ab\src\Core\Gameplay\Story\StoryConfigLoader.cs(72,53): warning CS8604: “ConfigCatalogEntry ConfigPipeline.RequireEntry(ConfigCatalog catalog, string path, ConfigMergePolicy defaultPolicy, string defaultIdField = "id")”中的形参“catalog”可能传入 null 引用实参。 [C:\001_AI\_audit_1485_ab\src\Core\Ludots.Core.csproj]
C:\001_AI\_audit_1485_ab\src\Core\Gameplay\Story\StoryConfigLoader.cs(73,72): warning CS8604: “IReadOnlyList<MergedConfigEntry> ConfigPipeline.MergeArrayByIdFromCatalog(in ConfigCatalogEntry entry, ConfigConflictReport report = null)”中的形参“report”可能传入 null 引用实参。 [C:\001_AI\_audit_1485_ab\src\Core\Ludots.Core.csproj]
C:\001_AI\_audit_1485_ab\src\Core\Gameplay\MapTriggers\TriggerGraphMount.cs(166,49): warning CS8604: “TriggerGraphMount.TriggerGraphMount(string graph, string scopeInstanceId, TriggerGraphMountDomain domain, string ability, TriggerGraphMountRoute route)”中的形参“scopeInstanceId”可能传入 null 引用实参。 [C:\001_AI\_audit_1485_ab\src\Core\Ludots.Core.csproj]
C:\001_AI\_audit_1485_ab\src\Core\Gameplay\MapTriggers\TriggerGraphMount.cs(166,74): warning CS8604: “TriggerGraphMount.TriggerGraphMount(string graph, string scopeInstanceId, TriggerGraphMountDomain domain, string ability, TriggerGraphMountRoute route)”中的形参“ability”可能传入 null 引用实参。 [C:\001_AI\_audit_1485_ab\src\Core\Ludots.Core.csproj]
C:\001_AI\_audit_1485_ab\src\Core\Gameplay\Items\InventoryRuntimeService.cs(1089,88): warning CS8625: 无法将 null 字面量转换为非 null 的引用类型。 [C:\001_AI\_audit_1485_ab\src\Core\Ludots.Core.csproj]
C:\001_AI\_audit_1485_ab\src\Core\Gameplay\Items\InventoryRuntimeService.cs(1128,100): warning CS8625: 无法将 null 字面量转换为非 null 的引用类型。 [C:\001_AI\_audit_1485_ab\src\Core\Ludots.Core.csproj]
C:\001_AI\_audit_1485_ab\src\Core\Gameplay\GAS\Systems\OrderBufferSystem.cs(501,22): warning CS8625: 无法将 null 字面量转换为非 null 的引用类型。 [C:\001_AI\_audit_1485_ab\src\Core\Ludots.Core.csproj]
C:\001_AI\_audit_1485_ab\src\Core\Scripting\TriggerManager.cs(917,73): warning CS8600: 将 null 文本或可能的 null 值转换为不可为 null 类型。 [C:\001_AI\_audit_1485_ab\src\Core\Ludots.Core.csproj]
C:\001_AI\_audit_1485_ab\src\Core\Gameplay\MapTriggers\TriggerGraphMomentBridgeSystem.cs(69,25): warning CS0618: “ContextKeys”已过时:“Use CoreServiceKeys with ServiceKey<T> for type-safe access. This class will be removed in a future release.” [C:\001_AI\_audit_1485_ab\src\Core\Ludots.Core.csproj]
C:\001_AI\_audit_1485_ab\src\Core\Gameplay\Spawning\RuntimeEntitySpawnSystem.cs(396,40): warning CS8601: 可能的 null 引用赋值。 [C:\001_AI\_audit_1485_ab\src\Core\Ludots.Core.csproj]
C:\001_AI\_audit_1485_ab\src\Core\Scripting\TriggerManager.cs(1181,77): warning CS8602: 解引用可能出现空引用。 [C:\001_AI\_audit_1485_ab\src\Core\Ludots.Core.csproj]
C:\001_AI\_audit_1485_ab\src\Core\UI\ProductionOverview\ProductionOverviewContracts.cs(63,55): warning CS8618: 在退出构造函数时，不可为 null 的 属性 "WorkerBuckets" 必须包含非 null 值。请考虑添加 "required" 修饰符或将该 属性 声明为可为 null。 [C:\001_AI\_audit_1485_ab\src\Core\Ludots.Core.csproj]
C:\001_AI\_audit_1485_ab\src\Core\UI\ProductionOverview\ProductionOverviewContracts.cs(47,58): warning CS8618: 在退出构造函数时，不可为 null 的 属性 "Profiles" 必须包含非 null 值。请考虑添加 "required" 修饰符或将该 属性 声明为可为 null。 [C:\001_AI\_audit_1485_ab\src\Core\Ludots.Core.csproj]
C:\001_AI\_audit_1485_ab\src\Core\Systems\CameraCullingSystem.cs(220,66): warning CS8625: 无法将 null 字面量转换为非 null 的引用类型。 [C:\001_AI\_audit_1485_ab\src\Core\Ludots.Core.csproj]
C:\001_AI\_audit_1485_ab\src\Core\Systems\CameraCullingSystem.cs(243,66): warning CS8625: 无法将 null 字面量转换为非 null 的引用类型。 [C:\001_AI\_audit_1485_ab\src\Core\Ludots.Core.csproj]
C:\001_AI\_audit_1485_ab\src\Core\TransportNetwork\TransportNetworkBaker.cs(172,61): warning CS8600: 将 null 文本或可能的 null 值转换为不可为 null 类型。 [C:\001_AI\_audit_1485_ab\src\Core\Ludots.Core.csproj]
C:\001_AI\_audit_1485_ab\src\Core\TransportNetwork\TransportNetworkBaker.cs(204,90): warning CS8600: 将 null 文本或可能的 null 值转换为不可为 null 类型。 [C:\001_AI\_audit_1485_ab\src\Core\Ludots.Core.csproj]
C:\001_AI\_audit_1485_ab\src\Core\TransportNetwork\TransportNetworkBaker.cs(207,95): warning CS8600: 将 null 文本或可能的 null 值转换为不可为 null 类型。 [C:\001_AI\_audit_1485_ab\src\Core\Ludots.Core.csproj]
C:\001_AI\_audit_1485_ab\src\Core\TransportNetwork\TransportNetworkBaker.cs(246,70): warning CS8600: 将 null 文本或可能的 null 值转换为不可为 null 类型。 [C:\001_AI\_audit_1485_ab\src\Core\Ludots.Core.csproj]
C:\001_AI\_audit_1485_ab\src\Core\TransportNetwork\TransportNetworkBaker.cs(256,66): warning CS8600: 将 null 文本或可能的 null 值转换为不可为 null 类型。 [C:\001_AI\_audit_1485_ab\src\Core\Ludots.Core.csproj]
C:\001_AI\_audit_1485_ab\src\Core\TransportNetwork\TransportNetworkBaker.cs(300,70): warning CS8600: 将 null 文本或可能的 null 值转换为不可为 null 类型。 [C:\001_AI\_audit_1485_ab\src\Core\Ludots.Core.csproj]
C:\001_AI\_audit_1485_ab\src\Core\NodeLibraries\GASGraph\Host\GraphProgramConfigLoader.cs(210,92): warning CS8600: 将 null 文本或可能的 null 值转换为不可为 null 类型。 [C:\001_AI\_audit_1485_ab\src\Core\Ludots.Core.csproj]
C:\001_AI\_audit_1485_ab\src\Core\Config\ComponentRegistry.cs(1421,38): warning CS8600: 将 null 文本或可能的 null 值转换为不可为 null 类型。 [C:\001_AI\_audit_1485_ab\src\Core\Ludots.Core.csproj]
C:\001_AI\_audit_1485_ab\src\Core\UI\EntityCommandPanels\AbilityAggregationProfile.cs(12,58): warning CS8618: 在退出构造函数时，不可为 null 的 属性 "Profiles" 必须包含非 null 值。请考虑添加 "required" 修饰符或将该 属性 声明为可为 null。 [C:\001_AI\_audit_1485_ab\src\Core\Ludots.Core.csproj]
C:\001_AI\_audit_1485_ab\src\Core\Engine\GameEngine.cs(2823,73): warning CS8625: 无法将 null 字面量转换为非 null 的引用类型。 [C:\001_AI\_audit_1485_ab\src\Core\Ludots.Core.csproj]
C:\001_AI\_audit_1485_ab\src\Core\Engine\GameEngine.cs(2945,38): warning CS8625: 无法将 null 字面量转换为非 null 的引用类型。 [C:\001_AI\_audit_1485_ab\src\Core\Ludots.Core.csproj]
C:\001_AI\_audit_1485_ab\src\Core\Gameplay\Spawning\RuntimeEntitySpawnSystem.cs(813,24): warning CS8625: 无法将 null 字面量转换为非 null 的引用类型。 [C:\001_AI\_audit_1485_ab\src\Core\Ludots.Core.csproj]
C:\001_AI\_audit_1485_ab\src\Core\UI\CommandDeck\CommandDeckContracts.cs(48,51): warning CS8618: 在退出构造函数时，不可为 null 的 属性 "Profiles" 必须包含非 null 值。请考虑添加 "required" 修饰符或将该 属性 声明为可为 null。 [C:\001_AI\_audit_1485_ab\src\Core\Ludots.Core.csproj]
C:\001_AI\_audit_1485_ab\src\Core\Engine\GameEngine.cs(2993,36): warning CS8600: 将 null 文本或可能的 null 值转换为不可为 null 类型。 [C:\001_AI\_audit_1485_ab\src\Core\Ludots.Core.csproj]
C:\001_AI\_audit_1485_ab\src\Core\Engine\GameEngine.cs(2994,71): warning CS8604: “MapSession MapSessionManager.CreateSession(MapId mapId, MapConfig mapConfig, MapContext parentContext = null)”中的形参“parentContext”可能传入 null 引用实参。 [C:\001_AI\_audit_1485_ab\src\Core\Ludots.Core.csproj]
C:\001_AI\_audit_1485_ab\src\Core\Presentation\Minimap\MinimapPresentationSystem.cs(105,16): warning CS8618: 在退出构造函数时，不可为 null 的 字段 "_focusCollectionKey" 必须包含非 null 值。请考虑添加 "required" 修饰符或将该 字段 声明为可为 null。 [C:\001_AI\_audit_1485_ab\src\Core\Ludots.Core.csproj]
C:\001_AI\_audit_1485_ab\src\Core\Engine\GameEngine.cs(3116,38): warning CS8625: 无法将 null 字面量转换为非 null 的引用类型。 [C:\001_AI\_audit_1485_ab\src\Core\Ludots.Core.csproj]
C:\001_AI\_audit_1485_ab\src\Core\Systems\MapLoader.cs(61,16): warning CS8618: 在退出构造函数时，不可为 null 的 字段 "_effectRequests" 必须包含非 null 值。请考虑添加 "required" 修饰符或将该 字段 声明为可为 null。 [C:\001_AI\_audit_1485_ab\src\Core\Ludots.Core.csproj]
C:\001_AI\_audit_1485_ab\src\Core\Systems\MapLoader.cs(61,16): warning CS8618: 在退出构造函数时，不可为 null 的 字段 "_stableIds" 必须包含非 null 值。请考虑添加 "required" 修饰符或将该 字段 声明为可为 null。 [C:\001_AI\_audit_1485_ab\src\Core\Ludots.Core.csproj]
C:\001_AI\_audit_1485_ab\src\Core\Systems\MapLoader.cs(61,16): warning CS8618: 在退出构造函数时，不可为 null 的 字段 "_presenterRuntime" 必须包含非 null 值。请考虑添加 "required" 修饰符或将该 字段 声明为可为 null。 [C:\001_AI\_audit_1485_ab\src\Core\Ludots.Core.csproj]
C:\001_AI\_audit_1485_ab\src\Core\Systems\MapLoader.cs(61,16): warning CS8618: 在退出构造函数时，不可为 null 的 字段 "_presenterDefinitions" 必须包含非 null 值。请考虑添加 "required" 修饰符或将该 字段 声明为可为 null。 [C:\001_AI\_audit_1485_ab\src\Core\Ludots.Core.csproj]
C:\001_AI\_audit_1485_ab\src\Core\Systems\MapLoader.cs(61,16): warning CS8618: 在退出构造函数时，不可为 null 的 字段 "_presenterBootstrap" 必须包含非 null 值。请考虑添加 "required" 修饰符或将该 字段 声明为可为 null。 [C:\001_AI\_audit_1485_ab\src\Core\Ludots.Core.csproj]
C:\001_AI\_audit_1485_ab\src\Core\Systems\MapLoader.cs(61,16): warning CS8618: 在退出构造函数时，不可为 null 的 字段 "_meshAssets" 必须包含非 null 值。请考虑添加 "required" 修饰符或将该 字段 声明为可为 null。 [C:\001_AI\_audit_1485_ab\src\Core\Ludots.Core.csproj]
C:\001_AI\_audit_1485_ab\src\Core\Systems\MapLoader.cs(61,16): warning CS8618: 在退出构造函数时，不可为 null 的 字段 "_instancedBatchAssets" 必须包含非 null 值。请考虑添加 "required" 修饰符或将该 字段 声明为可为 null。 [C:\001_AI\_audit_1485_ab\src\Core\Ludots.Core.csproj]
C:\001_AI\_audit_1485_ab\src\Core\TransportNetwork\TransportNetworkBakedAsset.cs(32,59): warning CS8601: 可能的 null 引用赋值。 [C:\001_AI\_audit_1485_ab\src\Core\Ludots.Core.csproj]
C:\001_AI\_audit_1485_ab\src\Core\TransportNetwork\TransportNetworkBakedAsset.cs(37,60): warning CS8601: 可能的 null 引用赋值。 [C:\001_AI\_audit_1485_ab\src\Core\Ludots.Core.csproj]
C:\001_AI\_audit_1485_ab\src\Core\Systems\MapLoader.cs(118,35): warning CS8601: 可能的 null 引用赋值。 [C:\001_AI\_audit_1485_ab\src\Core\Ludots.Core.csproj]
C:\001_AI\_audit_1485_ab\src\Core\UI\EntityCommandPanels\AbilityAggregationProfile.cs(25,23): warning CS8618: 在退出构造函数时，不可为 null 的 属性 "Overflow" 必须包含非 null 值。请考虑添加 "required" 修饰符或将该 属性 声明为可为 null。 [C:\001_AI\_audit_1485_ab\src\Core\Ludots.Core.csproj]
C:\001_AI\_audit_1485_ab\src\Core\Scripting\ServiceKey.cs(92,48): warning CS8601: 可能的 null 引用赋值。 [C:\001_AI\_audit_1485_ab\src\Core\Ludots.Core.csproj]
C:\001_AI\_audit_1485_ab\src\Core\Presentation\Config\PresenterDefinitionConfigLoader.cs(1461,56): warning CS8600: 将 null 文本或可能的 null 值转换为不可为 null 类型。 [C:\001_AI\_audit_1485_ab\src\Core\Ludots.Core.csproj]
C:\001_AI\_audit_1485_ab\src\Core\Presentation\Config\PresenterDefinitionConfigLoader.cs(1467,87): warning CS8600: 将 null 文本或可能的 null 值转换为不可为 null 类型。 [C:\001_AI\_audit_1485_ab\src\Core\Ludots.Core.csproj]
C:\001_AI\_audit_1485_ab\src\Core\Scripting\ScriptContext.cs(50,20): warning CS8603: 可能返回 null 引用。 [C:\001_AI\_audit_1485_ab\src\Core\Ludots.Core.csproj]
C:\001_AI\_audit_1485_ab\src\Core\Scripting\FunctionRegistry.cs(41,20): warning CS8603: 可能返回 null 引用。 [C:\001_AI\_audit_1485_ab\src\Core\Ludots.Core.csproj]
C:\001_AI\_audit_1485_ab\src\Core\Scripting\FunctionRegistry.cs(15,44): warning CS8618: 在退出构造函数时，不可为 null 的 字段 "_conflictReport" 必须包含非 null 值。请考虑添加 "required" 修饰符或将该 字段 声明为可为 null。 [C:\001_AI\_audit_1485_ab\src\Core\Ludots.Core.csproj]
C:\001_AI\_audit_1485_ab\src\Core\UI\EntityCommandPanels\AbilityAggregationProfileRegistry.cs(196,69): warning CS8600: 将 null 文本或可能的 null 值转换为不可为 null 类型。 [C:\001_AI\_audit_1485_ab\src\Core\Ludots.Core.csproj]
C:\001_AI\_audit_1485_ab\src\Core\Navigation\GraphWorld\ChunkedNodeGraphStore.cs(38,33): warning CS8625: 无法将 null 字面量转换为非 null 的引用类型。 [C:\001_AI\_audit_1485_ab\src\Core\Ludots.Core.csproj]
C:\001_AI\_audit_1485_ab\src\Core\Navigation\GraphWorld\ChunkedNodeGraphStore.cs(78,54): warning CS8601: 可能的 null 引用赋值。 [C:\001_AI\_audit_1485_ab\src\Core\Ludots.Core.csproj]
C:\001_AI\_audit_1485_ab\src\Core\UI\EntityCommandPanels\AbilityAggregationProfileRegistry.cs(347,50): warning CS8618: 在退出构造函数时，不可为 null 的 字段 "Selector" 必须包含非 null 值。请考虑添加 "required" 修饰符或将该 字段 声明为可为 null。 [C:\001_AI\_audit_1485_ab\src\Core\Ludots.Core.csproj]
C:\001_AI\_audit_1485_ab\src\Core\Navigation\GraphWorld\ChunkedNodeGraphStore.cs(11,31): warning CS8618: 在退出构造函数时，不可为 null 的 字段 "_loadedChunks" 必须包含非 null 值。请考虑添加 "required" 修饰符或将该 字段 声明为可为 null。 [C:\001_AI\_audit_1485_ab\src\Core\Ludots.Core.csproj]
C:\001_AI\_audit_1485_ab\src\Core\UI\PanelHosting\PanelTemplateCatalogLoader.cs(29,53): warning CS8604: “ConfigCatalogEntry ConfigPipeline.RequireEntry(ConfigCatalog catalog, string path, ConfigMergePolicy defaultPolicy, string defaultIdField = "id")”中的形参“catalog”可能传入 null 引用实参。 [C:\001_AI\_audit_1485_ab\src\Core\Ludots.Core.csproj]
C:\001_AI\_audit_1485_ab\src\Core\UI\PanelHosting\PanelTemplateCatalogLoader.cs(30,99): warning CS8604: “IReadOnlyList<MergedConfigEntry> ConfigPipeline.MergeArrayByIdFromCatalog(in ConfigCatalogEntry entry, ConfigConflictReport report = null)”中的形参“report”可能传入 null 引用实参。 [C:\001_AI\_audit_1485_ab\src\Core\Ludots.Core.csproj]
C:\001_AI\_audit_1485_ab\src\Core\Scripting\EnumCatalog.cs(260,100): warning CS8604: “IReadOnlyList<MergedConfigEntry> ConfigPipeline.MergeArrayByIdFromCatalog(in ConfigCatalogEntry entry, ConfigConflictReport report = null)”中的形参“report”可能传入 null 引用实参。 [C:\001_AI\_audit_1485_ab\src\Core\Ludots.Core.csproj]
C:\001_AI\_audit_1485_ab\src\Core\Config\ComponentRegistry.cs(2059,56): warning CS8600: 将 null 文本或可能的 null 值转换为不可为 null 类型。 [C:\001_AI\_audit_1485_ab\src\Core\Ludots.Core.csproj]
C:\001_AI\_audit_1485_ab\src\Core\Navigation\GraphWorld\WorldGridLoadedChunks.cs(29,16): warning CS8618: 在退出构造函数时，不可为 null 的 事件 "ChunkLoaded" 必须包含非 null 值。请考虑添加 "required" 修饰符或将该 事件 声明为可为 null。 [C:\001_AI\_audit_1485_ab\src\Core\Ludots.Core.csproj]
C:\001_AI\_audit_1485_ab\src\Core\Navigation\GraphWorld\WorldGridLoadedChunks.cs(29,16): warning CS8618: 在退出构造函数时，不可为 null 的 事件 "ChunkUnloaded" 必须包含非 null 值。请考虑添加 "required" 修饰符或将该 事件 声明为可为 null。 [C:\001_AI\_audit_1485_ab\src\Core\Ludots.Core.csproj]
C:\001_AI\_audit_1485_ab\src\Core\Navigation\NavMesh\Config\NavMeshBakeConfigLoader.cs(106,52): warning CS8604: “ConfigPipeline.ConfigPipeline(VirtualFileSystem vfs, ModLoader modLoader)”中的形参“modLoader”可能传入 null 引用实参。 [C:\001_AI\_audit_1485_ab\src\Core\Ludots.Core.csproj]
C:\001_AI\_audit_1485_ab\src\Core\Navigation\GraphWorld\LoadedGraphRuntime.cs(87,43): warning CS8625: 无法将 null 字面量转换为非 null 的引用类型。 [C:\001_AI\_audit_1485_ab\src\Core\Ludots.Core.csproj]
C:\001_AI\_audit_1485_ab\src\Core\Config\ComponentRegistry.cs(2090,56): warning CS8600: 将 null 文本或可能的 null 值转换为不可为 null 类型。 [C:\001_AI\_audit_1485_ab\src\Core\Ludots.Core.csproj]
C:\001_AI\_audit_1485_ab\src\Core\Gameplay\Spawning\RuntimeEntitySpawnSystem.cs(1275,61): warning CS8600: 将 null 文本或可能的 null 值转换为不可为 null 类型。 [C:\001_AI\_audit_1485_ab\src\Core\Ludots.Core.csproj]
C:\001_AI\_audit_1485_ab\src\Core\Presentation\Config\PresenterDefinitionConfigLoader.cs(2150,51): warning CS8600: 将 null 文本或可能的 null 值转换为不可为 null 类型。 [C:\001_AI\_audit_1485_ab\src\Core\Ludots.Core.csproj]
C:\001_AI\_audit_1485_ab\src\Core\Gameplay\Spawning\RuntimeEntitySpawnSystem.cs(1311,52): warning CS8600: 将 null 文本或可能的 null 值转换为不可为 null 类型。 [C:\001_AI\_audit_1485_ab\src\Core\Ludots.Core.csproj]
C:\001_AI\_audit_1485_ab\src\Core\UI\PanelHosting\PanelHost.cs(95,13): warning CS8602: 解引用可能出现空引用。 [C:\001_AI\_audit_1485_ab\src\Core\Ludots.Core.csproj]
C:\001_AI\_audit_1485_ab\src\Core\Presentation\Config\PresenterDefinitionConfigLoader.cs(2198,29): warning CS8600: 将 null 文本或可能的 null 值转换为不可为 null 类型。 [C:\001_AI\_audit_1485_ab\src\Core\Ludots.Core.csproj]
C:\001_AI\_audit_1485_ab\src\Core\UI\PanelHosting\PanelHost.cs(181,35): warning CS8604: “PanelVariableSet PanelHost.Snapshot(Entry entry)”中的形参“entry”可能传入 null 引用实参。 [C:\001_AI\_audit_1485_ab\src\Core\Ludots.Core.csproj]
C:\001_AI\_audit_1485_ab\src\Core\UI\PanelHosting\PanelHost.cs(193,25): warning CS8602: 解引用可能出现空引用。 [C:\001_AI\_audit_1485_ab\src\Core\Ludots.Core.csproj]
C:\001_AI\_audit_1485_ab\src\Core\UI\PanelHosting\PanelHost.cs(205,28): warning CS8602: 解引用可能出现空引用。 [C:\001_AI\_audit_1485_ab\src\Core\Ludots.Core.csproj]
C:\001_AI\_audit_1485_ab\src\Core\UI\PanelHosting\PanelHost.cs(217,26): warning CS8602: 解引用可能出现空引用。 [C:\001_AI\_audit_1485_ab\src\Core\Ludots.Core.csproj]
C:\001_AI\_audit_1485_ab\src\Core\UI\PanelHosting\PanelHost.cs(229,25): warning CS8602: 解引用可能出现空引用。 [C:\001_AI\_audit_1485_ab\src\Core\Ludots.Core.csproj]
C:\001_AI\_audit_1485_ab\src\Core\UI\PanelHosting\PanelHost.cs(241,30): warning CS8602: 解引用可能出现空引用。 [C:\001_AI\_audit_1485_ab\src\Core\Ludots.Core.csproj]
C:\001_AI\_audit_1485_ab\src\Core\Presentation\Config\PresenterDefinitionConfigLoader.cs(2334,51): warning CS8600: 将 null 文本或可能的 null 值转换为不可为 null 类型。 [C:\001_AI\_audit_1485_ab\src\Core\Ludots.Core.csproj]
C:\001_AI\_audit_1485_ab\src\Core\Engine\GameEngine.cs(3454,30): warning CS8625: 无法将 null 字面量转换为非 null 的引用类型。 [C:\001_AI\_audit_1485_ab\src\Core\Ludots.Core.csproj]
C:\001_AI\_audit_1485_ab\src\Core\Engine\GameEngine.cs(3485,25): warning CS8625: 无法将 null 字面量转换为非 null 的引用类型。 [C:\001_AI\_audit_1485_ab\src\Core\Ludots.Core.csproj]
C:\001_AI\_audit_1485_ab\src\Core\Engine\GameEngine.cs(3486,28): warning CS8625: 无法将 null 字面量转换为非 null 的引用类型。 [C:\001_AI\_audit_1485_ab\src\Core\Ludots.Core.csproj]
C:\001_AI\_audit_1485_ab\src\Core\Engine\GameEngine.cs(3495,39): warning CS8600: 将 null 文本或可能的 null 值转换为不可为 null 类型。 [C:\001_AI\_audit_1485_ab\src\Core\Ludots.Core.csproj]
C:\001_AI\_audit_1485_ab\src\Core\Engine\GameEngine.cs(3501,81): warning CS8604: “LogicTerrainField GameEngine.LoadGridTerrainFromFile(string dataFile, BoardConfig boardConfig)”中的形参“boardConfig”可能传入 null 引用实参。 [C:\001_AI\_audit_1485_ab\src\Core\Ludots.Core.csproj]
C:\001_AI\_audit_1485_ab\src\Core\Engine\GameEngine.cs(3571,50): warning CS8603: 可能返回 null 引用。 [C:\001_AI\_audit_1485_ab\src\Core\Ludots.Core.csproj]
C:\001_AI\_audit_1485_ab\src\Core\Engine\GameEngine.cs(3579,20): warning CS8603: 可能返回 null 引用。 [C:\001_AI\_audit_1485_ab\src\Core\Ludots.Core.csproj]
C:\001_AI\_audit_1485_ab\src\Core\Persistence\LudotsCorePersistenceFormatters.cs(251,66): warning CS8619: 类型“Type?[]”的值中引用类型的为 Null 性与目标类型“Type[]”不匹配。 [C:\001_AI\_audit_1485_ab\src\Core\Ludots.Core.csproj]
C:\001_AI\_audit_1485_ab\src\Core\Presentation\Config\PresenterDefinitionConfigLoader.cs(2403,40): warning CS8601: 可能的 null 引用赋值。 [C:\001_AI\_audit_1485_ab\src\Core\Ludots.Core.csproj]
C:\001_AI\_audit_1485_ab\src\Core\Input\Orders\InputOrderMappingSystem.cs(1984,18): warning CS8602: 解引用可能出现空引用。 [C:\001_AI\_audit_1485_ab\src\Core\Ludots.Core.csproj]
C:\001_AI\_audit_1485_ab\src\Core\Presentation\Config\PresenterDefinitionConfigLoader.cs(2594,51): warning CS8600: 将 null 文本或可能的 null 值转换为不可为 null 类型。 [C:\001_AI\_audit_1485_ab\src\Core\Ludots.Core.csproj]
C:\001_AI\_audit_1485_ab\src\Core\Systems\MapLoader.cs(753,41): warning CS8629: 可为 null 的值类型可为 null。 [C:\001_AI\_audit_1485_ab\src\Core\Ludots.Core.csproj]
C:\001_AI\_audit_1485_ab\src\Core\Engine\GameEngine.cs(3690,61): warning CS8603: 可能返回 null 引用。 [C:\001_AI\_audit_1485_ab\src\Core\Ludots.Core.csproj]
C:\001_AI\_audit_1485_ab\src\Core\Engine\GameEngine.cs(3711,29): warning CS8600: 将 null 文本或可能的 null 值转换为不可为 null 类型。 [C:\001_AI\_audit_1485_ab\src\Core\Ludots.Core.csproj]
C:\001_AI\_audit_1485_ab\src\Core\Engine\GameEngine.cs(3729,40): warning CS8603: 可能返回 null 引用。 [C:\001_AI\_audit_1485_ab\src\Core\Ludots.Core.csproj]
C:\001_AI\_audit_1485_ab\src\Core\Engine\GameEngine.cs(3739,24): warning CS8603: 可能返回 null 引用。 [C:\001_AI\_audit_1485_ab\src\Core\Ludots.Core.csproj]
C:\001_AI\_audit_1485_ab\src\Core\Engine\GameEngine.cs(3708,32): warning CS8603: 可能返回 null 引用。 [C:\001_AI\_audit_1485_ab\src\Core\Ludots.Core.csproj]
C:\001_AI\_audit_1485_ab\src\Core\Engine\GameEngine.cs(3749,61): warning CS8603: 可能返回 null 引用。 [C:\001_AI\_audit_1485_ab\src\Core\Ludots.Core.csproj]
C:\001_AI\_audit_1485_ab\src\Core\Engine\GameEngine.cs(3770,29): warning CS8600: 将 null 文本或可能的 null 值转换为不可为 null 类型。 [C:\001_AI\_audit_1485_ab\src\Core\Ludots.Core.csproj]
C:\001_AI\_audit_1485_ab\src\Core\Engine\GameEngine.cs(3788,40): warning CS8603: 可能返回 null 引用。 [C:\001_AI\_audit_1485_ab\src\Core\Ludots.Core.csproj]
C:\001_AI\_audit_1485_ab\src\Core\Engine\GameEngine.cs(3797,24): warning CS8603: 可能返回 null 引用。 [C:\001_AI\_audit_1485_ab\src\Core\Ludots.Core.csproj]
C:\001_AI\_audit_1485_ab\src\Core\Engine\GameEngine.cs(3767,32): warning CS8603: 可能返回 null 引用。 [C:\001_AI\_audit_1485_ab\src\Core\Ludots.Core.csproj]
C:\001_AI\_audit_1485_ab\src\Core\Input\Config\InputConfigModels.cs(78,23): warning CS8618: 在退出构造函数时，不可为 null 的 属性 "Name" 必须包含非 null 值。请考虑添加 "required" 修饰符或将该 属性 声明为可为 null。 [C:\001_AI\_audit_1485_ab\src\Core\Ludots.Core.csproj]
C:\001_AI\_audit_1485_ab\src\Core\Input\Config\InputConfigModels.cs(60,23): warning CS8618: 在退出构造函数时，不可为 null 的 属性 "ActionId" 必须包含非 null 值。请考虑添加 "required" 修饰符或将该 属性 声明为可为 null。 [C:\001_AI\_audit_1485_ab\src\Core\Ludots.Core.csproj]
C:\001_AI\_audit_1485_ab\src\Core\Input\Config\InputConfigModels.cs(61,23): warning CS8618: 在退出构造函数时，不可为 null 的 属性 "Path" 必须包含非 null 值。请考虑添加 "required" 修饰符或将该 属性 声明为可为 null。 [C:\001_AI\_audit_1485_ab\src\Core\Ludots.Core.csproj]
C:\001_AI\_audit_1485_ab\src\Core\Input\Config\InputConfigModels.cs(64,23): warning CS8618: 在退出构造函数时，不可为 null 的 属性 "CompositeType" 必须包含非 null 值。请考虑添加 "required" 修饰符或将该 属性 声明为可为 null。 [C:\001_AI\_audit_1485_ab\src\Core\Ludots.Core.csproj]
C:\001_AI\_audit_1485_ab\src\Core\Input\Config\InputConfigModels.cs(65,38): warning CS8618: 在退出构造函数时，不可为 null 的 属性 "CompositeParts" 必须包含非 null 值。请考虑添加 "required" 修饰符或将该 属性 声明为可为 null。 [C:\001_AI\_audit_1485_ab\src\Core\Ludots.Core.csproj]
C:\001_AI\_audit_1485_ab\src\Core\Input\Config\InputConfigModels.cs(51,23): warning CS8618: 在退出构造函数时，不可为 null 的 属性 "Type" 必须包含非 null 值。请考虑添加 "required" 修饰符或将该 属性 声明为可为 null。 [C:\001_AI\_audit_1485_ab\src\Core\Ludots.Core.csproj]
C:\001_AI\_audit_1485_ab\src\Core\Input\Config\InputConfigModels.cs(42,23): warning CS8618: 在退出构造函数时，不可为 null 的 属性 "Name" 必须包含非 null 值。请考虑添加 "required" 修饰符或将该 属性 声明为可为 null。 [C:\001_AI\_audit_1485_ab\src\Core\Ludots.Core.csproj]
C:\001_AI\_audit_1485_ab\src\Core\Input\Config\InputConfigModels.cs(24,23): warning CS8618: 在退出构造函数时，不可为 null 的 属性 "Name" 必须包含非 null 值。请考虑添加 "required" 修饰符或将该 属性 声明为可为 null。 [C:\001_AI\_audit_1485_ab\src\Core\Ludots.Core.csproj]
C:\001_AI\_audit_1485_ab\src\Core\Engine\GameEngine.cs(3816,39): warning CS8600: 将 null 文本或可能的 null 值转换为不可为 null 类型。 [C:\001_AI\_audit_1485_ab\src\Core\Ludots.Core.csproj]
C:\001_AI\_audit_1485_ab\src\Core\Engine\GameEngine.cs(3817,38): warning CS8604: “void List<Trigger>.Add(Trigger item)”中的形参“item”可能传入 null 引用实参。 [C:\001_AI\_audit_1485_ab\src\Core\Ludots.Core.csproj]
C:\001_AI\_audit_1485_ab\src\Core\Engine\GameEngine.cs(3836,43): warning CS8600: 将 null 文本或可能的 null 值转换为不可为 null 类型。 [C:\001_AI\_audit_1485_ab\src\Core\Ludots.Core.csproj]
C:\001_AI\_audit_1485_ab\src\Core\Engine\GameEngine.cs(3837,42): warning CS8604: “void List<Trigger>.Add(Trigger item)”中的形参“item”可能传入 null 引用实参。 [C:\001_AI\_audit_1485_ab\src\Core\Ludots.Core.csproj]
C:\001_AI\_audit_1485_ab\src\Core\Engine\GameEngine.cs(3853,17): warning CS8602: 解引用可能出现空引用。 [C:\001_AI\_audit_1485_ab\src\Core\Ludots.Core.csproj]
C:\001_AI\_audit_1485_ab\src\Core\Systems\MapLoader.cs(1119,52): warning CS8600: 将 null 文本或可能的 null 值转换为不可为 null 类型。 [C:\001_AI\_audit_1485_ab\src\Core\Ludots.Core.csproj]
C:\001_AI\_audit_1485_ab\src\Core\Engine\GameEngine.cs(4033,20): warning CS8603: 可能返回 null 引用。 [C:\001_AI\_audit_1485_ab\src\Core\Ludots.Core.csproj]
C:\001_AI\_audit_1485_ab\src\Core\NodeLibraries\GASGraph\Host\GraphLookupTableLoader.cs(32,53): warning CS8604: “ConfigCatalogEntry ConfigPipeline.RequireEntry(ConfigCatalog catalog, string path, ConfigMergePolicy defaultPolicy, string defaultIdField = "id")”中的形参“catalog”可能传入 null 引用实参。 [C:\001_AI\_audit_1485_ab\src\Core\Ludots.Core.csproj]
C:\001_AI\_audit_1485_ab\src\Core\NodeLibraries\GASGraph\Host\GraphLookupTableLoader.cs(33,99): warning CS8604: “IReadOnlyList<MergedConfigEntry> ConfigPipeline.MergeArrayByIdFromCatalog(in ConfigCatalogEntry entry, ConfigConflictReport report = null)”中的形参“report”可能传入 null 引用实参。 [C:\001_AI\_audit_1485_ab\src\Core\Ludots.Core.csproj]
C:\001_AI\_audit_1485_ab\src\Core\UI\PanelHosting\PanelHost.cs(429,20): warning CS8603: 可能返回 null 引用。 [C:\001_AI\_audit_1485_ab\src\Core\Ludots.Core.csproj]
C:\001_AI\_audit_1485_ab\src\Core\NodeLibraries\GASGraph\Host\GraphFunctionCatalogLoader.cs(67,84): warning CS8604: “List<MergedConfigEntry> ConfigMerger.MergeArrayByIdToEntries(IReadOnlyList<ConfigFragment> fragments, in ConfigCatalogEntry entry, ConfigConflictReport report = null)”中的形参“report”可能传入 null 引用实参。 [C:\001_AI\_audit_1485_ab\src\Core\Ludots.Core.csproj]
C:\001_AI\_audit_1485_ab\src\Core\Engine\GameEngine.cs(4228,53): warning CS8600: 将 null 文本或可能的 null 值转换为不可为 null 类型。 [C:\001_AI\_audit_1485_ab\src\Core\Ludots.Core.csproj]
C:\001_AI\_audit_1485_ab\src\Core\Engine\GameEngine.cs(4229,45): warning CS8600: 将 null 文本或可能的 null 值转换为不可为 null 类型。 [C:\001_AI\_audit_1485_ab\src\Core\Ludots.Core.csproj]
C:\001_AI\_audit_1485_ab\src\Core\Engine\GameEngine.cs(4237,40): warning CS8600: 将 null 文本或可能的 null 值转换为不可为 null 类型。 [C:\001_AI\_audit_1485_ab\src\Core\Ludots.Core.csproj]
C:\001_AI\_audit_1485_ab\src\Core\Engine\GameEngine.cs(4271,94): warning CS8604: “IPathService GameEngine.CreateDefaultNavMeshPathService(PathingConfig pathingConfig, NavQueryServiceRegistry navRegistry, NavMeshProfileRegistry navProfiles, AgentProfileRegistry agentProfiles, PathStore pathStore)”中的形参“navRegistry”可能传入 null 引用实参。 [C:\001_AI\_audit_1485_ab\src\Core\Ludots.Core.csproj]
C:\001_AI\_audit_1485_ab\src\Core\Engine\GameEngine.cs(4271,107): warning CS8604: “IPathService GameEngine.CreateDefaultNavMeshPathService(PathingConfig pathingConfig, NavQueryServiceRegistry navRegistry, NavMeshProfileRegistry navProfiles, AgentProfileRegistry agentProfiles, PathStore pathStore)”中的形参“navProfiles”可能传入 null 引用实参。 [C:\001_AI\_audit_1485_ab\src\Core\Ludots.Core.csproj]
C:\001_AI\_audit_1485_ab\src\Core\Engine\GameEngine.cs(4275,57): warning CS8604: “PathServiceRouter.PathServiceRouter(IPathService nodeGraph, IPathService navMesh, IPathService auto, PathStore store)”中的形参“nodeGraph”可能传入 null 引用实参。 [C:\001_AI\_audit_1485_ab\src\Core\Ludots.Core.csproj]
C:\001_AI\_audit_1485_ab\src\Core\NodeLibraries\GASGraph\Host\GraphActionCatalogLoader.cs(50,84): warning CS8604: “List<MergedConfigEntry> ConfigMerger.MergeArrayByIdToEntries(IReadOnlyList<ConfigFragment> fragments, in ConfigCatalogEntry entry, ConfigConflictReport report = null)”中的形参“report”可能传入 null 引用实参。 [C:\001_AI\_audit_1485_ab\src\Core\Ludots.Core.csproj]
C:\001_AI\_audit_1485_ab\src\Core\Engine\GameEngine.cs(4460,32): warning CS8600: 将 null 文本或可能的 null 值转换为不可为 null 类型。 [C:\001_AI\_audit_1485_ab\src\Core\Ludots.Core.csproj]
C:\001_AI\_audit_1485_ab\src\Core\Engine\GameEngine.cs(4466,31): warning CS8600: 将 null 文本或可能的 null 值转换为不可为 null 类型。 [C:\001_AI\_audit_1485_ab\src\Core\Ludots.Core.csproj]
C:\001_AI\_audit_1485_ab\src\Core\Engine\GameEngine.cs(4480,23): warning CS8601: 可能的 null 引用赋值。 [C:\001_AI\_audit_1485_ab\src\Core\Ludots.Core.csproj]
C:\001_AI\_audit_1485_ab\src\Core\Engine\GameEngine.cs(4488,19): warning CS8625: 无法将 null 字面量转换为非 null 的引用类型。 [C:\001_AI\_audit_1485_ab\src\Core\Ludots.Core.csproj]
C:\001_AI\_audit_1485_ab\src\Core\NodeLibraries\GASGraph\Host\GasGraphRuntimeApi.cs(696,25): warning CS0618: “ContextKeys”已过时:“Use CoreServiceKeys with ServiceKey<T> for type-safe access. This class will be removed in a future release.” [C:\001_AI\_audit_1485_ab\src\Core\Ludots.Core.csproj]
C:\001_AI\_audit_1485_ab\src\Core\Input\CommandSources\CommandSourceAcquisitionSystem.cs(43,16): warning CS8618: 在退出构造函数时，不可为 null 的 字段 "_hoverTitleSource" 必须包含非 null 值。请考虑添加 "required" 修饰符或将该 字段 声明为可为 null。 [C:\001_AI\_audit_1485_ab\src\Core\Ludots.Core.csproj]
C:\001_AI\_audit_1485_ab\src\Core\Input\CommandSources\CommandSourceAcquisitionSystem.cs(43,16): warning CS8618: 在退出构造函数时，不可为 null 的 字段 "_hoverTitleComposed" 必须包含非 null 值。请考虑添加 "required" 修饰符或将该 字段 声明为可为 null。 [C:\001_AI\_audit_1485_ab\src\Core\Ludots.Core.csproj]
C:\001_AI\_audit_1485_ab\src\Core\NodeLibraries\GASGraph\Host\GasGraphRuntimeApi.cs(790,29): warning CS0618: “ContextKeys”已过时:“Use CoreServiceKeys with ServiceKey<T> for type-safe access. This class will be removed in a future release.” [C:\001_AI\_audit_1485_ab\src\Core\Ludots.Core.csproj]
C:\001_AI\_audit_1485_ab\src\Core\NodeLibraries\GASGraph\GraphFormatTextExpander.cs(113,96): warning CS8600: 将 null 文本或可能的 null 值转换为不可为 null 类型。 [C:\001_AI\_audit_1485_ab\src\Core\Ludots.Core.csproj]
C:\001_AI\_audit_1485_ab\src\Core\Presentation\Systems\PresenterRuleSystem.cs(66,16): warning CS8618: 在退出构造函数时，不可为 null 的 字段 "_exactIndex" 必须包含非 null 值。请考虑添加 "required" 修饰符或将该 字段 声明为可为 null。 [C:\001_AI\_audit_1485_ab\src\Core\Ludots.Core.csproj]
C:\001_AI\_audit_1485_ab\src\Core\Presentation\Systems\PresenterRuleSystem.cs(66,16): warning CS8618: 在退出构造函数时，不可为 null 的 字段 "_wildcardIndex" 必须包含非 null 值。请考虑添加 "required" 修饰符或将该 字段 声明为可为 null。 [C:\001_AI\_audit_1485_ab\src\Core\Ludots.Core.csproj]
C:\001_AI\_audit_1485_ab\src\Core\Presentation\Config\PresenterDefinitionConfigLoader.cs(4243,51): warning CS8600: 将 null 文本或可能的 null 值转换为不可为 null 类型。 [C:\001_AI\_audit_1485_ab\src\Core\Ludots.Core.csproj]
C:\001_AI\_audit_1485_ab\src\Core\Presentation\Systems\PresenterEmitSystem.cs(88,44): warning CS8604: “PresenterAssetEmitRuntime.PresenterAssetEmitRuntime(World world, PresenterEntityRuntime runtime, PresentationRequestBuffer requests, Dictionary<string, object> globals, PresenterAnimatorStateBuffer animatorStates, SoundRequestBuffer soundRequests, PresenterVisualStableIdTable? visualStableIds = null)”中的形参“globals”可能传入 null 引用实参。 [C:\001_AI\_audit_1485_ab\src\Core\Ludots.Core.csproj]
C:\001_AI\_audit_1485_ab\src\Core\Presentation\Config\PresenterDefinitionConfigLoader.cs(4276,51): warning CS8600: 将 null 文本或可能的 null 值转换为不可为 null 类型。 [C:\001_AI\_audit_1485_ab\src\Core\Ludots.Core.csproj]
C:\001_AI\_audit_1485_ab\src\Core\Presentation\Config\PresenterDefinitionConfigLoader.cs(4306,51): warning CS8600: 将 null 文本或可能的 null 值转换为不可为 null 类型。 [C:\001_AI\_audit_1485_ab\src\Core\Ludots.Core.csproj]
C:\001_AI\_audit_1485_ab\src\Core\Presentation\Systems\PresenterBehaviorSystem.cs(148,16): warning CS8618: 在退出构造函数时，不可为 null 的 字段 "_ownerAttributeWorkIndex" 必须包含非 null 值。请考虑添加 "required" 修饰符或将该 字段 声明为可为 null。 [C:\001_AI\_audit_1485_ab\src\Core\Ludots.Core.csproj]
C:\001_AI\_audit_1485_ab\src\Core\Presentation\Systems\PresenterBehaviorSystem.cs(148,16): warning CS8618: 在退出构造函数时，不可为 null 的 字段 "_ownerTagWorkIndex" 必须包含非 null 值。请考虑添加 "required" 修饰符或将该 字段 声明为可为 null。 [C:\001_AI\_audit_1485_ab\src\Core\Ludots.Core.csproj]
C:\001_AI\_audit_1485_ab\src\Core\Presentation\Config\PresenterDefinitionConfigLoader.cs(4337,51): warning CS8600: 将 null 文本或可能的 null 值转换为不可为 null 类型。 [C:\001_AI\_audit_1485_ab\src\Core\Ludots.Core.csproj]
C:\001_AI\_audit_1485_ab\src\Core\Presentation\Systems\PresenterEntityTransformSyncSystem.cs(82,26): warning CS8602: 解引用可能出现空引用。 [C:\001_AI\_audit_1485_ab\src\Core\Ludots.Core.csproj]
C:\001_AI\_audit_1485_ab\src\Core\Presentation\Systems\PresenterScreenRectSystem.cs(84,25): warning CS8600: 将 null 文本或可能的 null 值转换为不可为 null 类型。 [C:\001_AI\_audit_1485_ab\src\Core\Ludots.Core.csproj]
C:\001_AI\_audit_1485_ab\src\Core\Engine\GameEngine.cs(4528,28): warning CS8600: 将 null 文本或可能的 null 值转换为不可为 null 类型。 [C:\001_AI\_audit_1485_ab\src\Core\Ludots.Core.csproj]
C:\001_AI\_audit_1485_ab\src\Core\Presentation\Systems\PresenterEntityTransformSyncSystem.cs(176,26): warning CS8602: 解引用可能出现空引用。 [C:\001_AI\_audit_1485_ab\src\Core\Ludots.Core.csproj]
C:\001_AI\_audit_1485_ab\src\Core\Presentation\Presenters\WorldHudPresentBehavior.cs(102,99): warning CS8600: 将 null 文本或可能的 null 值转换为不可为 null 类型。 [C:\001_AI\_audit_1485_ab\src\Core\Ludots.Core.csproj]
C:\001_AI\_audit_1485_ab\src\Core\Presentation\Systems\PresenterEntityTransformSyncSystem.cs(233,25): warning CS8602: 解引用可能出现空引用。 [C:\001_AI\_audit_1485_ab\src\Core\Ludots.Core.csproj]
C:\001_AI\_audit_1485_ab\src\Core\Engine\GameEngine.cs(4850,33): warning CS8625: 无法将 null 字面量转换为非 null 的引用类型。 [C:\001_AI\_audit_1485_ab\src\Core\Ludots.Core.csproj]
C:\001_AI\_audit_1485_ab\src\Core\Engine\GameEngine.cs(4859,25): warning CS8625: 无法将 null 字面量转换为非 null 的引用类型。 [C:\001_AI\_audit_1485_ab\src\Core\Ludots.Core.csproj]
C:\001_AI\_audit_1485_ab\src\Core\Engine\GameEngine.cs(4871,35): warning CS8625: 无法将 null 字面量转换为非 null 的引用类型。 [C:\001_AI\_audit_1485_ab\src\Core\Ludots.Core.csproj]
C:\001_AI\_audit_1485_ab\src\Core\Engine\GameEngine.cs(4872,36): warning CS8625: 无法将 null 字面量转换为非 null 的引用类型。 [C:\001_AI\_audit_1485_ab\src\Core\Ludots.Core.csproj]
C:\001_AI\_audit_1485_ab\src\Core\Engine\GameEngine.cs(4873,36): warning CS8625: 无法将 null 字面量转换为非 null 的引用类型。 [C:\001_AI\_audit_1485_ab\src\Core\Ludots.Core.csproj]
C:\001_AI\_audit_1485_ab\src\Core\Engine\GameEngine.cs(4874,37): warning CS8625: 无法将 null 字面量转换为非 null 的引用类型。 [C:\001_AI\_audit_1485_ab\src\Core\Ludots.Core.csproj]
C:\001_AI\_audit_1485_ab\src\Core\Engine\GameEngine.cs(4875,34): warning CS8625: 无法将 null 字面量转换为非 null 的引用类型。 [C:\001_AI\_audit_1485_ab\src\Core\Ludots.Core.csproj]
C:\001_AI\_audit_1485_ab\src\Core\Engine\GameEngine.cs(4876,41): warning CS8625: 无法将 null 字面量转换为非 null 的引用类型。 [C:\001_AI\_audit_1485_ab\src\Core\Ludots.Core.csproj]
C:\001_AI\_audit_1485_ab\src\Core\Engine\GameEngine.cs(4877,42): warning CS8625: 无法将 null 字面量转换为非 null 的引用类型。 [C:\001_AI\_audit_1485_ab\src\Core\Ludots.Core.csproj]
C:\001_AI\_audit_1485_ab\src\Core\Engine\GameEngine.cs(4878,40): warning CS8625: 无法将 null 字面量转换为非 null 的引用类型。 [C:\001_AI\_audit_1485_ab\src\Core\Ludots.Core.csproj]
C:\001_AI\_audit_1485_ab\src\Core\Engine\GameEngine.cs(4879,35): warning CS8625: 无法将 null 字面量转换为非 null 的引用类型。 [C:\001_AI\_audit_1485_ab\src\Core\Ludots.Core.csproj]
C:\001_AI\_audit_1485_ab\src\Core\Engine\GameEngine.cs(4880,44): warning CS8625: 无法将 null 字面量转换为非 null 的引用类型。 [C:\001_AI\_audit_1485_ab\src\Core\Ludots.Core.csproj]
C:\001_AI\_audit_1485_ab\src\Core\Engine\GameEngine.cs(4881,46): warning CS8625: 无法将 null 字面量转换为非 null 的引用类型。 [C:\001_AI\_audit_1485_ab\src\Core\Ludots.Core.csproj]
C:\001_AI\_audit_1485_ab\src\Core\Engine\GameEngine.cs(4882,38): warning CS8625: 无法将 null 字面量转换为非 null 的引用类型。 [C:\001_AI\_audit_1485_ab\src\Core\Ludots.Core.csproj]
C:\001_AI\_audit_1485_ab\src\Core\Engine\GameEngine.cs(4883,36): warning CS8625: 无法将 null 字面量转换为非 null 的引用类型。 [C:\001_AI\_audit_1485_ab\src\Core\Ludots.Core.csproj]
C:\001_AI\_audit_1485_ab\src\Core\Engine\GameEngine.cs(4884,35): warning CS8625: 无法将 null 字面量转换为非 null 的引用类型。 [C:\001_AI\_audit_1485_ab\src\Core\Ludots.Core.csproj]
C:\001_AI\_audit_1485_ab\src\Core\Engine\GameEngine.cs(4885,31): warning CS8625: 无法将 null 字面量转换为非 null 的引用类型。 [C:\001_AI\_audit_1485_ab\src\Core\Ludots.Core.csproj]
C:\001_AI\_audit_1485_ab\src\Core\Engine\GameEngine.cs(4886,36): warning CS8625: 无法将 null 字面量转换为非 null 的引用类型。 [C:\001_AI\_audit_1485_ab\src\Core\Ludots.Core.csproj]
C:\001_AI\_audit_1485_ab\src\Core\Engine\GameEngine.cs(4887,30): warning CS8625: 无法将 null 字面量转换为非 null 的引用类型。 [C:\001_AI\_audit_1485_ab\src\Core\Ludots.Core.csproj]
C:\001_AI\_audit_1485_ab\src\Core\Engine\GameEngine.cs(4888,25): warning CS8625: 无法将 null 字面量转换为非 null 的引用类型。 [C:\001_AI\_audit_1485_ab\src\Core\Ludots.Core.csproj]
C:\001_AI\_audit_1485_ab\src\Core\Engine\GameEngine.cs(4889,38): warning CS8625: 无法将 null 字面量转换为非 null 的引用类型。 [C:\001_AI\_audit_1485_ab\src\Core\Ludots.Core.csproj]
C:\001_AI\_audit_1485_ab\src\Core\Engine\GameEngine.cs(4890,45): warning CS8625: 无法将 null 字面量转换为非 null 的引用类型。 [C:\001_AI\_audit_1485_ab\src\Core\Ludots.Core.csproj]
C:\001_AI\_audit_1485_ab\src\Core\Engine\GameEngine.cs(4891,28): warning CS8625: 无法将 null 字面量转换为非 null 的引用类型。 [C:\001_AI\_audit_1485_ab\src\Core\Ludots.Core.csproj]
C:\001_AI\_audit_1485_ab\src\Core\Engine\GameEngine.cs(4892,30): warning CS8625: 无法将 null 字面量转换为非 null 的引用类型。 [C:\001_AI\_audit_1485_ab\src\Core\Ludots.Core.csproj]
C:\001_AI\_audit_1485_ab\src\Core\Engine\GameEngine.cs(4893,29): warning CS8625: 无法将 null 字面量转换为非 null 的引用类型。 [C:\001_AI\_audit_1485_ab\src\Core\Ludots.Core.csproj]
C:\001_AI\_audit_1485_ab\src\Core\Navigation\NavMesh\Bake\Triangulator.cs(81,21): warning CS8625: 无法将 null 字面量转换为非 null 的引用类型。 [C:\001_AI\_audit_1485_ab\src\Core\Ludots.Core.csproj]
C:\001_AI\_audit_1485_ab\src\Core\Navigation\NavMesh\Bake\Triangulator.cs(120,21): warning CS8625: 无法将 null 字面量转换为非 null 的引用类型。 [C:\001_AI\_audit_1485_ab\src\Core\Ludots.Core.csproj]
C:\001_AI\_audit_1485_ab\src\Core\Navigation\NavMesh\Bake\Triangulator.cs(179,21): warning CS8625: 无法将 null 字面量转换为非 null 的引用类型。 [C:\001_AI\_audit_1485_ab\src\Core\Ludots.Core.csproj]
C:\001_AI\_audit_1485_ab\src\Core\Navigation\NavMesh\Bake\BakeArtifactBuilder.cs(35,16): warning CS8618: 在退出构造函数时，不可为 null 的 属性 "ContourRings" 必须包含非 null 值。请考虑添加 "required" 修饰符或将该 属性 声明为可为 null。 [C:\001_AI\_audit_1485_ab\src\Core\Ludots.Core.csproj]
C:\001_AI\_audit_1485_ab\src\Core\NodeLibraries\GASGraph\GraphControlFlowCompiler.Bt.cs(38,29): warning CS8618: 在退出构造函数时，不可为 null 的 字段 "Composite" 必须包含非 null 值。请考虑添加 "required" 修饰符或将该 字段 声明为可为 null。 [C:\001_AI\_audit_1485_ab\src\Core\Ludots.Core.csproj]
C:\001_AI\_audit_1485_ab\src\Core\NodeLibraries\GASGraph\GraphControlFlowCompiler.Bt.cs(39,29): warning CS8618: 在退出构造函数时，不可为 null 的 字段 "ChainNode" 必须包含非 null 值。请考虑添加 "required" 修饰符或将该 字段 声明为可为 null。 [C:\001_AI\_audit_1485_ab\src\Core\Ludots.Core.csproj]
C:\001_AI\_audit_1485_ab\src\Core\NodeLibraries\GASGraph\GraphControlFlowCompiler.Bt.cs(40,29): warning CS8618: 在退出构造函数时，不可为 null 的 字段 "ChainTerminal" 必须包含非 null 值。请考虑添加 "required" 修饰符或将该 字段 声明为可为 null。 [C:\001_AI\_audit_1485_ab\src\Core\Ludots.Core.csproj]
C:\001_AI\_audit_1485_ab\src\Core\NodeLibraries\GASGraph\GraphControlFlowCompiler.Bt.cs(41,41): warning CS8618: 在退出构造函数时，不可为 null 的 字段 "Children" 必须包含非 null 值。请考虑添加 "required" 修饰符或将该 字段 声明为可为 null。 [C:\001_AI\_audit_1485_ab\src\Core\Ludots.Core.csproj]
C:\001_AI\_audit_1485_ab\src\Core\Presentation\Config\MeshAssetConfigLoader.cs(45,30): warning CS8600: 将 null 文本或可能的 null 值转换为不可为 null 类型。 [C:\001_AI\_audit_1485_ab\src\Core\Ludots.Core.csproj]
C:\001_AI\_audit_1485_ab\src\Core\Engine\GameEngine.cs(5067,21): warning CS8604: “void InstancedBatchCapabilityValidator.Validate(InstancedBatchRequestBuffer requests, InstancedBatchOperationBuffer operations, PresentationAdapterCapabilities? capabilities)”中的形参“requests”可能传入 null 引用实参。 [C:\001_AI\_audit_1485_ab\src\Core\Ludots.Core.csproj]
C:\001_AI\_audit_1485_ab\src\Core\Engine\GameEngine.cs(5068,21): warning CS8604: “void InstancedBatchCapabilityValidator.Validate(InstancedBatchRequestBuffer requests, InstancedBatchOperationBuffer operations, PresentationAdapterCapabilities? capabilities)”中的形参“operations”可能传入 null 引用实参。 [C:\001_AI\_audit_1485_ab\src\Core\Ludots.Core.csproj]
C:\001_AI\_audit_1485_ab\src\Core\Navigation\NavMesh\Bake\BakePipeline.cs(34,30): warning CS8618: 在退出构造函数时，不可为 null 的 字段 "ContourRings" 必须包含非 null 值。请考虑添加 "required" 修饰符或将该 字段 声明为可为 null。 [C:\001_AI\_audit_1485_ab\src\Core\Ludots.Core.csproj]
C:\001_AI\_audit_1485_ab\src\Core\Input\Interaction\CastCommitProfile.cs(154,50): warning CS8618: 在退出构造函数时，不可为 null 的 属性 "Profiles" 必须包含非 null 值。请考虑添加 "required" 修饰符或将该 属性 声明为可为 null。 [C:\001_AI\_audit_1485_ab\src\Core\Ludots.Core.csproj]
C:\001_AI\_audit_1485_ab\src\Core\Navigation\NavMesh\Bake\BakePipeline.cs(77,54): warning CS8625: 无法将 null 字面量转换为非 null 的引用类型。 [C:\001_AI\_audit_1485_ab\src\Core\Ludots.Core.csproj]
C:\001_AI\_audit_1485_ab\src\Core\Navigation\NavMesh\Bake\CdtTriangulator.cs(43,21): warning CS8625: 无法将 null 字面量转换为非 null 的引用类型。 [C:\001_AI\_audit_1485_ab\src\Core\Ludots.Core.csproj]
C:\001_AI\_audit_1485_ab\src\Core\Input\Interaction\CastCommitProfile.cs(165,45): warning CS8618: 在退出构造函数时，不可为 null 的 属性 "OnActivate" 必须包含非 null 值。请考虑添加 "required" 修饰符或将该 属性 声明为可为 null。 [C:\001_AI\_audit_1485_ab\src\Core\Ludots.Core.csproj]
C:\001_AI\_audit_1485_ab\src\Core\Input\Interaction\CastCommitProfile.cs(168,65): warning CS8618: 在退出构造函数时，不可为 null 的 属性 "FrameActions" 必须包含非 null 值。请考虑添加 "required" 修饰符或将该 属性 声明为可为 null。 [C:\001_AI\_audit_1485_ab\src\Core\Ludots.Core.csproj]
C:\001_AI\_audit_1485_ab\src\Core\Navigation\NavMesh\Bake\CdtTriangulator.cs(71,21): warning CS8625: 无法将 null 字面量转换为非 null 的引用类型。 [C:\001_AI\_audit_1485_ab\src\Core\Ludots.Core.csproj]
C:\001_AI\_audit_1485_ab\src\Core\Input\Interaction\InteractionPref.cs(186,50): warning CS8618: 在退出构造函数时，不可为 null 的 属性 "Defaults" 必须包含非 null 值。请考虑添加 "required" 修饰符或将该 属性 声明为可为 null。 [C:\001_AI\_audit_1485_ab\src\Core\Ludots.Core.csproj]
C:\001_AI\_audit_1485_ab\src\Core\Gameplay\GAS\AbilityDefinitionRegistry.cs(181,64): warning CS8618: 在退出构造函数时，不可为 null 的 字段 "_conflictReport" 必须包含非 null 值。请考虑添加 "required" 修饰符或将该 字段 声明为可为 null。 [C:\001_AI\_audit_1485_ab\src\Core\Ludots.Core.csproj]
C:\001_AI\_audit_1485_ab\src\Core\Input\Interaction\CastCommitProfile.cs(177,43): warning CS8618: 在退出构造函数时，不可为 null 的 属性 "Payload" 必须包含非 null 值。请考虑添加 "required" 修饰符或将该 属性 声明为可为 null。 [C:\001_AI\_audit_1485_ab\src\Core\Ludots.Core.csproj]
C:\001_AI\_audit_1485_ab\src\Core\Input\Interaction\CastCommitProfile.cs(180,23): warning CS8618: 在退出构造函数时，不可为 null 的 属性 "ContextProfileId" 必须包含非 null 值。请考虑添加 "required" 修饰符或将该 属性 声明为可为 null。 [C:\001_AI\_audit_1485_ab\src\Core\Ludots.Core.csproj]
C:\001_AI\_audit_1485_ab\src\Core\Navigation\NavMesh\Bake\BakePipeline.cs(110,54): warning CS8625: 无法将 null 字面量转换为非 null 的引用类型。 [C:\001_AI\_audit_1485_ab\src\Core\Ludots.Core.csproj]
C:\001_AI\_audit_1485_ab\src\Core\Navigation\NavMesh\Bake\BakePipeline.cs(123,54): warning CS8625: 无法将 null 字面量转换为非 null 的引用类型。 [C:\001_AI\_audit_1485_ab\src\Core\Ludots.Core.csproj]
C:\001_AI\_audit_1485_ab\src\Core\Navigation\NavMesh\Bake\BakePipeline.cs(148,54): warning CS8625: 无法将 null 字面量转换为非 null 的引用类型。 [C:\001_AI\_audit_1485_ab\src\Core\Ludots.Core.csproj]
C:\001_AI\_audit_1485_ab\src\Core\Navigation\NavMesh\Bake\BakePipeline.cs(162,54): warning CS8625: 无法将 null 字面量转换为非 null 的引用类型。 [C:\001_AI\_audit_1485_ab\src\Core\Ludots.Core.csproj]
C:\001_AI\_audit_1485_ab\src\Core\Presentation\Config\MeshAssetConfigLoader.cs(63,30): warning CS8600: 将 null 文本或可能的 null 值转换为不可为 null 类型。 [C:\001_AI\_audit_1485_ab\src\Core\Ludots.Core.csproj]
C:\001_AI\_audit_1485_ab\src\Core\Presentation\Config\MeshAssetConfigLoader.cs(84,38): warning CS8600: 将 null 文本或可能的 null 值转换为不可为 null 类型。 [C:\001_AI\_audit_1485_ab\src\Core\Ludots.Core.csproj]
C:\001_AI\_audit_1485_ab\src\Core\Presentation\Config\InstancedBatchFactorizedSourceLoader.cs(146,44): warning CS8602: 解引用可能出现空引用。 [C:\001_AI\_audit_1485_ab\src\Core\Ludots.Core.csproj]
C:\001_AI\_audit_1485_ab\src\Core\Presentation\Config\InstancedBatchFactorizedSourceLoader.cs(147,44): warning CS8602: 解引用可能出现空引用。 [C:\001_AI\_audit_1485_ab\src\Core\Ludots.Core.csproj]
C:\001_AI\_audit_1485_ab\src\Core\Presentation\Config\InstancedBatchFactorizedSourceLoader.cs(148,44): warning CS8602: 解引用可能出现空引用。 [C:\001_AI\_audit_1485_ab\src\Core\Ludots.Core.csproj]
C:\001_AI\_audit_1485_ab\src\Core\Presentation\Config\InstancedBatchFactorizedSourceLoader.cs(166,44): warning CS8602: 解引用可能出现空引用。 [C:\001_AI\_audit_1485_ab\src\Core\Ludots.Core.csproj]
C:\001_AI\_audit_1485_ab\src\Core\Presentation\Config\InstancedBatchFactorizedSourceLoader.cs(167,44): warning CS8602: 解引用可能出现空引用。 [C:\001_AI\_audit_1485_ab\src\Core\Ludots.Core.csproj]
C:\001_AI\_audit_1485_ab\src\Core\Engine\GameEngine.MapLoadLifecycle.cs(128,82): warning CS8604: “MapFeatureFlags MapFeatureFlags.FromTags(IReadOnlyList<string> tags)”中的形参“tags”可能传入 null 引用实参。 [C:\001_AI\_audit_1485_ab\src\Core\Ludots.Core.csproj]
C:\001_AI\_audit_1485_ab\src\Core\Presentation\Config\PresentationDisplayCatalogLoaders.cs(27,53): warning CS8604: “ConfigCatalogEntry ConfigPipeline.RequireEntry(ConfigCatalog catalog, string path, ConfigMergePolicy defaultPolicy, string defaultIdField = "id")”中的形参“catalog”可能传入 null 引用实参。 [C:\001_AI\_audit_1485_ab\src\Core\Ludots.Core.csproj]
C:\001_AI\_audit_1485_ab\src\Core\Presentation\Config\PresentationDisplayCatalogLoaders.cs(28,72): warning CS8604: “IReadOnlyList<MergedConfigEntry> ConfigPipeline.MergeArrayByIdFromCatalog(in ConfigCatalogEntry entry, ConfigConflictReport report = null)”中的形参“report”可能传入 null 引用实参。 [C:\001_AI\_audit_1485_ab\src\Core\Ludots.Core.csproj]
C:\001_AI\_audit_1485_ab\src\Core\Presentation\Systems\PresenterAssetEmitRuntime.cs(858,21): warning CS8625: 无法将 null 字面量转换为非 null 的引用类型。 [C:\001_AI\_audit_1485_ab\src\Core\Ludots.Core.csproj]
C:\001_AI\_audit_1485_ab\src\Core\Presentation\Config\PresentationTextCatalogLoader.cs(73,38): warning CS8600: 将 null 文本或可能的 null 值转换为不可为 null 类型。 [C:\001_AI\_audit_1485_ab\src\Core\Ludots.Core.csproj]
C:\001_AI\_audit_1485_ab\src\Core\Presentation\Config\PresentationDisplayCatalogLoaders.cs(65,53): warning CS8604: “ConfigCatalogEntry ConfigPipeline.RequireEntry(ConfigCatalog catalog, string path, ConfigMergePolicy defaultPolicy, string defaultIdField = "id")”中的形参“catalog”可能传入 null 引用实参。 [C:\001_AI\_audit_1485_ab\src\Core\Ludots.Core.csproj]
C:\001_AI\_audit_1485_ab\src\Core\Presentation\Config\PresentationDisplayCatalogLoaders.cs(66,72): warning CS8604: “IReadOnlyList<MergedConfigEntry> ConfigPipeline.MergeArrayByIdFromCatalog(in ConfigCatalogEntry entry, ConfigConflictReport report = null)”中的形参“report”可能传入 null 引用实参。 [C:\001_AI\_audit_1485_ab\src\Core\Ludots.Core.csproj]
C:\001_AI\_audit_1485_ab\src\Core\Navigation\NavMesh\Bake\GridMeshBuilder.cs(43,21): warning CS8625: 无法将 null 字面量转换为非 null 的引用类型。 [C:\001_AI\_audit_1485_ab\src\Core\Ludots.Core.csproj]
C:\001_AI\_audit_1485_ab\src\Core\Engine\GameEngine.MapLoadLifecycle.cs(243,79): warning CS8604: “MapFeatureFlags MapFeatureFlags.FromTags(IReadOnlyList<string> tags)”中的形参“tags”可能传入 null 引用实参。 [C:\001_AI\_audit_1485_ab\src\Core\Ludots.Core.csproj]
C:\001_AI\_audit_1485_ab\src\Core\Input\Interaction\CastCommitProfileConfigLoader.cs(89,61): warning CS8619: 类型“KeyValuePair<string, JsonNode?>”的值中引用类型的为 Null 性与目标类型“KeyValuePair<string, JsonNode>”不匹配。 [C:\001_AI\_audit_1485_ab\src\Core\Ludots.Core.csproj]
C:\001_AI\_audit_1485_ab\src\Core\Presentation\Config\PresentationAssetConfigIdGuard.cs(54,57): warning CS8600: 将 null 文本或可能的 null 值转换为不可为 null 类型。 [C:\001_AI\_audit_1485_ab\src\Core\Ludots.Core.csproj]
C:\001_AI\_audit_1485_ab\src\Core\Navigation\NavMesh\Bake\RuntimeIncrementalNavMeshRebuildQueue.cs(341,48): warning CS8600: 将 null 文本或可能的 null 值转换为不可为 null 类型。 [C:\001_AI\_audit_1485_ab\src\Core\Ludots.Core.csproj]
C:\001_AI\_audit_1485_ab\src\Core\Navigation\NavMesh\Bake\RuntimeIncrementalNavMeshRebuildQueue.cs(351,70): warning CS8625: 无法将 null 字面量转换为非 null 的引用类型。 [C:\001_AI\_audit_1485_ab\src\Core\Ludots.Core.csproj]
C:\001_AI\_audit_1485_ab\src\Core\Navigation\NavMesh\Bake\RuntimeIncrementalNavMeshRebuildQueue.cs(355,62): warning CS8625: 无法将 null 字面量转换为非 null 的引用类型。 [C:\001_AI\_audit_1485_ab\src\Core\Ludots.Core.csproj]
C:\001_AI\_audit_1485_ab\src\Core\Navigation\NavMesh\Bake\RuntimeIncrementalNavMeshRebuildQueue.cs(371,28): warning CS8625: 无法将 null 字面量转换为非 null 的引用类型。 [C:\001_AI\_audit_1485_ab\src\Core\Ludots.Core.csproj]
C:\001_AI\_audit_1485_ab\src\Core\Presentation\Config\PresentationHostAssetConfigLoader.cs(89,53): warning CS8604: “string[] PresentationHostAssetConfigLoader.ParseSourceUris(JsonNode node, string rowId)”中的形参“node”可能传入 null 引用实参。 [C:\001_AI\_audit_1485_ab\src\Core\Ludots.Core.csproj]
C:\001_AI\_audit_1485_ab\src\Core\Navigation\NavMesh\Bake\ContourExtractor.cs(360,28): warning CS8603: 可能返回 null 引用。 [C:\001_AI\_audit_1485_ab\src\Core\Ludots.Core.csproj]
C:\001_AI\_audit_1485_ab\src\Core\Navigation\NavMesh\Bake\ContourExtractor.cs(389,28): warning CS8603: 可能返回 null 引用。 [C:\001_AI\_audit_1485_ab\src\Core\Ludots.Core.csproj]
C:\001_AI\_audit_1485_ab\src\Core\Navigation\NavMesh\Bake\ContourExtractor.cs(398,24): warning CS8603: 可能返回 null 引用。 [C:\001_AI\_audit_1485_ab\src\Core\Ludots.Core.csproj]
C:\001_AI\_audit_1485_ab\src\Core\Presentation\Config\PresentationHostAssetConfigLoader.cs(112,53): warning CS8604: “string[] PresentationHostAssetConfigLoader.ParseSourceUris(JsonNode node, string rowId)”中的形参“node”可能传入 null 引用实参。 [C:\001_AI\_audit_1485_ab\src\Core\Ludots.Core.csproj]
C:\001_AI\_audit_1485_ab\src\Core\Input\Interaction\CastCommitProfileConfigLoader.cs(166,53): warning CS8619: 类型“KeyValuePair<string, JsonNode?>”的值中引用类型的为 Null 性与目标类型“KeyValuePair<string, JsonNode>”不匹配。 [C:\001_AI\_audit_1485_ab\src\Core\Ludots.Core.csproj]
C:\001_AI\_audit_1485_ab\src\Core\Presentation\Config\PresentationPayloadConfigParser.cs(55,38): warning CS8600: 将 null 文本或可能的 null 值转换为不可为 null 类型。 [C:\001_AI\_audit_1485_ab\src\Core\Ludots.Core.csproj]
C:\001_AI\_audit_1485_ab\src\Core\Engine\GameEngine.MapLoadLifecycle.cs(390,69): warning CS8600: 将 null 文本或可能的 null 值转换为不可为 null 类型。 [C:\001_AI\_audit_1485_ab\src\Core\Ludots.Core.csproj]
C:\001_AI\_audit_1485_ab\src\Core\Engine\GameEngine.MapLoadLifecycle.cs(401,42): warning CS8600: 将 null 文本或可能的 null 值转换为不可为 null 类型。 [C:\001_AI\_audit_1485_ab\src\Core\Ludots.Core.csproj]
C:\001_AI\_audit_1485_ab\src\Core\Engine\GameEngine.MapLoadLifecycle.cs(446,67): warning CS8600: 将 null 文本或可能的 null 值转换为不可为 null 类型。 [C:\001_AI\_audit_1485_ab\src\Core\Ludots.Core.csproj]
C:\001_AI\_audit_1485_ab\src\Core\Engine\GameEngine.MapLoadLifecycle.cs(457,38): warning CS8600: 将 null 文本或可能的 null 值转换为不可为 null 类型。 [C:\001_AI\_audit_1485_ab\src\Core\Ludots.Core.csproj]
C:\001_AI\_audit_1485_ab\src\Core\Input\Interaction\ClientCastPreference.cs(49,47): warning CS8618: 在退出构造函数时，不可为 null 的 属性 "Locks" 必须包含非 null 值。请考虑添加 "required" 修饰符或将该 属性 声明为可为 null。 [C:\001_AI\_audit_1485_ab\src\Core\Ludots.Core.csproj]
C:\001_AI\_audit_1485_ab\src\Core\Input\Interaction\ClientCastPreference.cs(81,23): warning CS8618: 在退出构造函数时，不可为 null 的 属性 "CastCommitId" 必须包含非 null 值。请考虑添加 "required" 修饰符或将该 属性 声明为可为 null。 [C:\001_AI\_audit_1485_ab\src\Core\Ludots.Core.csproj]
C:\001_AI\_audit_1485_ab\src\Core\Input\Interaction\ClientCastPreference.cs(71,36): warning CS8618: 在退出构造函数时，不可为 null 的 属性 "Global" 必须包含非 null 值。请考虑添加 "required" 修饰符或将该 属性 声明为可为 null。 [C:\001_AI\_audit_1485_ab\src\Core\Ludots.Core.csproj]
C:\001_AI\_audit_1485_ab\src\Core\Input\Interaction\ClientCastPreference.cs(72,56): warning CS8618: 在退出构造函数时，不可为 null 的 属性 "PerTemplate" 必须包含非 null 值。请考虑添加 "required" 修饰符或将该 属性 声明为可为 null。 [C:\001_AI\_audit_1485_ab\src\Core\Ludots.Core.csproj]
C:\001_AI\_audit_1485_ab\src\Core\Input\Interaction\ClientCastPreference.cs(73,56): warning CS8618: 在退出构造函数时，不可为 null 的 属性 "PerFormSet" 必须包含非 null 值。请考虑添加 "required" 修饰符或将该 属性 声明为可为 null。 [C:\001_AI\_audit_1485_ab\src\Core\Ludots.Core.csproj]
C:\001_AI\_audit_1485_ab\src\Core\Input\Interaction\ClientCastPreference.cs(74,56): warning CS8618: 在退出构造函数时，不可为 null 的 属性 "PerSlot" 必须包含非 null 值。请考虑添加 "required" 修饰符或将该 属性 声明为可为 null。 [C:\001_AI\_audit_1485_ab\src\Core\Ludots.Core.csproj]
C:\001_AI\_audit_1485_ab\src\Core\Input\Interaction\ClientCastPreference.cs(75,23): warning CS8618: 在退出构造函数时，不可为 null 的 属性 "ActiveSchemeId" 必须包含非 null 值。请考虑添加 "required" 修饰符或将该 属性 声明为可为 null。 [C:\001_AI\_audit_1485_ab\src\Core\Ludots.Core.csproj]
C:\001_AI\_audit_1485_ab\src\Core\Input\Interaction\CastDispatchProfileRegistry.cs(47,105): warning CS8625: 无法将 null 字面量转换为非 null 的引用类型。 [C:\001_AI\_audit_1485_ab\src\Core\Ludots.Core.csproj]
C:\001_AI\_audit_1485_ab\src\Core\Input\Interaction\CastDispatchProfileRegistry.cs(71,17): warning CS8604: “SelectorEntry.SelectorEntry(CastDispatchSelectorEvaluator evaluator, CastDispatchSelectorInstallValidator validator)”中的形参“validator”可能传入 null 引用实参。 [C:\001_AI\_audit_1485_ab\src\Core\Ludots.Core.csproj]
C:\001_AI\_audit_1485_ab\src\Core\Input\Interaction\CastDispatchProfileRegistry.cs(101,71): warning CS8600: 将 null 文本或可能的 null 值转换为不可为 null 类型。 [C:\001_AI\_audit_1485_ab\src\Core\Ludots.Core.csproj]
C:\001_AI\_audit_1485_ab\src\Core\Input\Interaction\CastDispatchProfileRegistry.cs(123,33): warning CS8602: 解引用可能出现空引用。 [C:\001_AI\_audit_1485_ab\src\Core\Ludots.Core.csproj]
C:\001_AI\_audit_1485_ab\src\Core\Navigation\NavMesh\Bake\NavBakeService.cs(179,65): warning CS8600: 将 null 文本或可能的 null 值转换为不可为 null 类型。 [C:\001_AI\_audit_1485_ab\src\Core\Ludots.Core.csproj]
C:\001_AI\_audit_1485_ab\src\Core\Input\Interaction\CommandIntentProfile.cs(93,53): warning CS8618: 在退出构造函数时，不可为 null 的 属性 "Profiles" 必须包含非 null 值。请考虑添加 "required" 修饰符或将该 属性 声明为可为 null。 [C:\001_AI\_audit_1485_ab\src\Core\Ludots.Core.csproj]
C:\001_AI\_audit_1485_ab\src\Core\Input\Interaction\CastDispatchProfileConfigLoader.cs(86,55): warning CS8600: 将 null 文本或可能的 null 值转换为不可为 null 类型。 [C:\001_AI\_audit_1485_ab\src\Core\Ludots.Core.csproj]
C:\001_AI\_audit_1485_ab\src\Core\Input\Interaction\CommandIntentProfile.cs(100,51): warning CS8618: 在退出构造函数时，不可为 null 的 属性 "GroupPolicy" 必须包含非 null 值。请考虑添加 "required" 修饰符或将该 属性 声明为可为 null。 [C:\001_AI\_audit_1485_ab\src\Core\Ludots.Core.csproj]
C:\001_AI\_audit_1485_ab\src\Core\Input\Interaction\CommandIntentProfile.cs(101,50): warning CS8618: 在退出构造函数时，不可为 null 的 属性 "Rules" 必须包含非 null 值。请考虑添加 "required" 修饰符或将该 属性 声明为可为 null。 [C:\001_AI\_audit_1485_ab\src\Core\Ludots.Core.csproj]
C:\001_AI\_audit_1485_ab\src\Core\Input\Interaction\CommandIntentProfile.cs(125,23): warning CS8618: 在退出构造函数时，不可为 null 的 属性 "HasAbilityWithCategory" 必须包含非 null 值。请考虑添加 "required" 修饰符或将该 属性 声明为可为 null。 [C:\001_AI\_audit_1485_ab\src\Core\Ludots.Core.csproj]
C:\001_AI\_audit_1485_ab\src\Core\Input\Interaction\CommandIntentProfile.cs(126,29): warning CS8618: 在退出构造函数时，不可为 null 的 属性 "AllTags" 必须包含非 null 值。请考虑添加 "required" 修饰符或将该 属性 声明为可为 null。 [C:\001_AI\_audit_1485_ab\src\Core\Ludots.Core.csproj]
C:\001_AI\_audit_1485_ab\src\Core\Input\Interaction\CommandIntentProfile.cs(127,29): warning CS8618: 在退出构造函数时，不可为 null 的 属性 "AnyTags" 必须包含非 null 值。请考虑添加 "required" 修饰符或将该 属性 声明为可为 null。 [C:\001_AI\_audit_1485_ab\src\Core\Ludots.Core.csproj]
C:\001_AI\_audit_1485_ab\src\Core\Input\Interaction\CommandIntentProfile.cs(114,54): warning CS8618: 在退出构造函数时，不可为 null 的 属性 "Actor" 必须包含非 null 值。请考虑添加 "required" 修饰符或将该 属性 声明为可为 null。 [C:\001_AI\_audit_1485_ab\src\Core\Ludots.Core.csproj]
C:\001_AI\_audit_1485_ab\src\Core\Input\Interaction\CommandIntentProfile.cs(115,55): warning CS8618: 在退出构造函数时，不可为 null 的 属性 "Target" 必须包含非 null 值。请考虑添加 "required" 修饰符或将该 属性 声明为可为 null。 [C:\001_AI\_audit_1485_ab\src\Core\Ludots.Core.csproj]
C:\001_AI\_audit_1485_ab\src\Core\Input\Interaction\CommandIntentProfile.cs(116,45): warning CS8618: 在退出构造函数时，不可为 null 的 属性 "Route" 必须包含非 null 值。请考虑添加 "required" 修饰符或将该 属性 声明为可为 null。 [C:\001_AI\_audit_1485_ab\src\Core\Ludots.Core.csproj]
C:\001_AI\_audit_1485_ab\src\Core\Input\Interaction\CommandIntentProfile.cs(136,29): warning CS8618: 在退出构造函数时，不可为 null 的 属性 "AllTags" 必须包含非 null 值。请考虑添加 "required" 修饰符或将该 属性 声明为可为 null。 [C:\001_AI\_audit_1485_ab\src\Core\Ludots.Core.csproj]
C:\001_AI\_audit_1485_ab\src\Core\Input\Interaction\CommandIntentProfile.cs(137,29): warning CS8618: 在退出构造函数时，不可为 null 的 属性 "AnyTags" 必须包含非 null 值。请考虑添加 "required" 修饰符或将该 属性 声明为可为 null。 [C:\001_AI\_audit_1485_ab\src\Core\Ludots.Core.csproj]
C:\001_AI\_audit_1485_ab\src\Core\Input\Interaction\CommandIntentProfile.cs(138,29): warning CS8618: 在退出构造函数时，不可为 null 的 属性 "Stance" 必须包含非 null 值。请考虑添加 "required" 修饰符或将该 属性 声明为可为 null。 [C:\001_AI\_audit_1485_ab\src\Core\Ludots.Core.csproj]
C:\001_AI\_audit_1485_ab\src\Core\Input\Interaction\CommandIntentProfile.cs(149,23): warning CS8618: 在退出构造函数时，不可为 null 的 属性 "Slot" 必须包含非 null 值。请考虑添加 "required" 修饰符或将该 属性 声明为可为 null。 [C:\001_AI\_audit_1485_ab\src\Core\Ludots.Core.csproj]
C:\001_AI\_audit_1485_ab\src\Core\Engine\GameEngine.MapLoadLifecycle.cs(626,58): warning CS8600: 将 null 文本或可能的 null 值转换为不可为 null 类型。 [C:\001_AI\_audit_1485_ab\src\Core\Ludots.Core.csproj]
C:\001_AI\_audit_1485_ab\src\Core\Input\Interaction\ClientCastPreferenceStore.cs(231,26): warning CS8601: 可能的 null 引用赋值。 [C:\001_AI\_audit_1485_ab\src\Core\Ludots.Core.csproj]
C:\001_AI\_audit_1485_ab\src\Core\Input\Interaction\ClientCastPreferenceStore.cs(235,34): warning CS8601: 可能的 null 引用赋值。 [C:\001_AI\_audit_1485_ab\src\Core\Ludots.Core.csproj]
C:\001_AI\_audit_1485_ab\src\Core\Input\Interaction\ClientCastPreferenceStore.cs(239,32): warning CS8600: 将 null 文本或可能的 null 值转换为不可为 null 类型。 [C:\001_AI\_audit_1485_ab\src\Core\Ludots.Core.csproj]
C:\001_AI\_audit_1485_ab\src\Core\Engine\GameEngine.MapLoadLifecycle.cs(655,60): warning CS8600: 将 null 文本或可能的 null 值转换为不可为 null 类型。 [C:\001_AI\_audit_1485_ab\src\Core\Ludots.Core.csproj]
C:\001_AI\_audit_1485_ab\src\Core\Input\Interaction\CommandIntentProfileConfigLoader.cs(96,51): warning CS8600: 将 null 文本或可能的 null 值转换为不可为 null 类型。 [C:\001_AI\_audit_1485_ab\src\Core\Ludots.Core.csproj]
C:\001_AI\_audit_1485_ab\src\Core\Input\Interaction\ControlScheme.cs(8,46): warning CS8618: 在退出构造函数时，不可为 null 的 属性 "Schemes" 必须包含非 null 值。请考虑添加 "required" 修饰符或将该 属性 声明为可为 null。 [C:\001_AI\_audit_1485_ab\src\Core\Ludots.Core.csproj]
C:\001_AI\_audit_1485_ab\src\Core\Input\Interaction\ControlScheme.cs(15,29): warning CS8618: 在退出构造函数时，不可为 null 的 属性 "AllowedSchemes" 必须包含非 null 值。请考虑添加 "required" 修饰符或将该 属性 声明为可为 null。 [C:\001_AI\_audit_1485_ab\src\Core\Ludots.Core.csproj]
C:\001_AI\_audit_1485_ab\src\Core\Gameplay\GAS\BuiltinHandlers.cs(118,86): warning CS8604: “void AttributeMutationOps.ApplyModifiers(World world, Entity target, in EffectModifiers modifiers, TagOps tagOps)”中的形参“tagOps”可能传入 null 引用实参。 [C:\001_AI\_audit_1485_ab\src\Core\Ludots.Core.csproj]
C:\001_AI\_audit_1485_ab\src\Core\Navigation\NavMesh\Bake\RecastDirectFeedHeightfield.cs(149,29): warning CS8604: “bool NavObstacleGeometry.IsTriangleBlockedByObstacles(int ax, int az, int bx, int bz, int cx, int cz, NavObstacleSet obstacles, string layerId)”中的形参“obstacles”可能传入 null 引用实参。 [C:\001_AI\_audit_1485_ab\src\Core\Ludots.Core.csproj]
C:\001_AI\_audit_1485_ab\src\Core\Input\Interaction\ControlScheme.cs(29,29): warning CS8618: 在退出构造函数时，不可为 null 的 属性 "InputContexts" 必须包含非 null 值。请考虑添加 "required" 修饰符或将该 属性 声明为可为 null。 [C:\001_AI\_audit_1485_ab\src\Core\Ludots.Core.csproj]
C:\001_AI\_audit_1485_ab\src\Core\Input\Interaction\ControlScheme.cs(36,38): warning CS8618: 在退出构造函数时，不可为 null 的 属性 "AxisMove" 必须包含非 null 值。请考虑添加 "required" 修饰符或将该 属性 声明为可为 null。 [C:\001_AI\_audit_1485_ab\src\Core\Ludots.Core.csproj]
C:\001_AI\_audit_1485_ab\src\Core\Input\Interaction\CommandIntentProfileConfigLoader.cs(161,46): warning CS8604: “void CommandIntentProfileConfigLoader.ValidatePredicateStrings(List<string> values, string path)”中的形参“values”可能传入 null 引用实参。 [C:\001_AI\_audit_1485_ab\src\Core\Ludots.Core.csproj]
C:\001_AI\_audit_1485_ab\src\Core\Input\Interaction\CommandIntentProfileConfigLoader.cs(162,46): warning CS8604: “void CommandIntentProfileConfigLoader.ValidatePredicateStrings(List<string> values, string path)”中的形参“values”可能传入 null 引用实参。 [C:\001_AI\_audit_1485_ab\src\Core\Ludots.Core.csproj]
C:\001_AI\_audit_1485_ab\src\Core\Input\Interaction\CommandIntentProfileConfigLoader.cs(163,46): warning CS8604: “void CommandIntentProfileConfigLoader.ValidatePredicateStrings(List<string> values, string path)”中的形参“values”可能传入 null 引用实参。 [C:\001_AI\_audit_1485_ab\src\Core\Ludots.Core.csproj]
C:\001_AI\_audit_1485_ab\src\Core\Input\Interaction\CommandIntentProfileConfigLoader.cs(164,46): warning CS8604: “void CommandIntentProfileConfigLoader.ValidatePredicateStrings(List<string> values, string path)”中的形参“values”可能传入 null 引用实参。 [C:\001_AI\_audit_1485_ab\src\Core\Ludots.Core.csproj]
C:\001_AI\_audit_1485_ab\src\Core\Input\Interaction\CommandIntentProfileConfigLoader.cs(165,46): warning CS8604: “void CommandIntentProfileConfigLoader.ValidatePredicateStrings(List<string> values, string path)”中的形参“values”可能传入 null 引用实参。 [C:\001_AI\_audit_1485_ab\src\Core\Ludots.Core.csproj]
C:\001_AI\_audit_1485_ab\src\Core\Input\Interaction\InteractionModeMap.cs(86,43): warning CS8625: 无法将 null 字面量转换为非 null 的引用类型。 [C:\001_AI\_audit_1485_ab\src\Core\Ludots.Core.csproj]
C:\001_AI\_audit_1485_ab\src\Core\Gameplay\GAS\BuiltinHandlers.cs(147,107): warning CS8604: “void AttributeMutationOps.AddCurrent(World world, Entity target, int attributeId, float delta, TagOps tagOps)”中的形参“tagOps”可能传入 null 引用实参。 [C:\001_AI\_audit_1485_ab\src\Core\Ludots.Core.csproj]
C:\001_AI\_audit_1485_ab\src\Core\Gameplay\GAS\BuiltinHandlers.cs(149,107): warning CS8604: “void AttributeMutationOps.AddCurrent(World world, Entity target, int attributeId, float delta, TagOps tagOps)”中的形参“tagOps”可能传入 null 引用实参。 [C:\001_AI\_audit_1485_ab\src\Core\Ludots.Core.csproj]
C:\001_AI\_audit_1485_ab\src\Core\NodeLibraries\GASGraph\Host\GasGraphRuntimeApi.cs(2105,17): warning CS8604: “void TargetResolverFanOutHelper.PublishResolvedTargets(int rootId, Entity originalSource, Entity originalTarget, Entity originalTargetContext, ReadOnlySpan<Entity> resolvedTargets, int payloadEffectTemplateId, in TargetResolverContextMapping contextMapping, EffectRequestQueue queue)”中的形参“queue”可能传入 null 引用实参。 [C:\001_AI\_audit_1485_ab\src\Core\Ludots.Core.csproj]
C:\001_AI\_audit_1485_ab\src\Core\Gameplay\GAS\Components\AbilityExecComponents.cs(176,36): warning CS9084: 结构成员按引用返回“此”或其他实例成员 [C:\001_AI\_audit_1485_ab\src\Core\Ludots.Core.csproj]
C:\001_AI\_audit_1485_ab\src\Core\Gameplay\GAS\Components\AbilityExecComponents.cs(177,36): warning CS9084: 结构成员按引用返回“此”或其他实例成员 [C:\001_AI\_audit_1485_ab\src\Core\Ludots.Core.csproj]
C:\001_AI\_audit_1485_ab\src\Core\Gameplay\GAS\Components\AbilityExecComponents.cs(178,36): warning CS9084: 结构成员按引用返回“此”或其他实例成员 [C:\001_AI\_audit_1485_ab\src\Core\Ludots.Core.csproj]
C:\001_AI\_audit_1485_ab\src\Core\Gameplay\GAS\Components\AbilityExecComponents.cs(179,37): warning CS9084: 结构成员按引用返回“此”或其他实例成员 [C:\001_AI\_audit_1485_ab\src\Core\Ludots.Core.csproj]
C:\001_AI\_audit_1485_ab\src\Core\Input\Interaction\ClientCastPreferenceStore.cs(418,24): warning CS8603: 可能返回 null 引用。 [C:\001_AI\_audit_1485_ab\src\Core\Ludots.Core.csproj]
C:\001_AI\_audit_1485_ab\src\Core\Input\Interaction\ClientCastPreferenceStore.cs(434,24): warning CS8603: 可能返回 null 引用。 [C:\001_AI\_audit_1485_ab\src\Core\Ludots.Core.csproj]
C:\001_AI\_audit_1485_ab\src\Core\Input\Interaction\ControlSchemeRuntime.cs(189,42): warning CS8600: 将 null 文本或可能的 null 值转换为不可为 null 类型。 [C:\001_AI\_audit_1485_ab\src\Core\Ludots.Core.csproj]
C:\001_AI\_audit_1485_ab\src\Core\Input\Interaction\FilterProfile.cs(35,46): warning CS8618: 在退出构造函数时，不可为 null 的 属性 "Profiles" 必须包含非 null 值。请考虑添加 "required" 修饰符或将该 属性 声明为可为 null。 [C:\001_AI\_audit_1485_ab\src\Core\Ludots.Core.csproj]
C:\001_AI\_audit_1485_ab\src\Core\Input\Interaction\FilterProfile.cs(42,46): warning CS8618: 在退出构造函数时，不可为 null 的 属性 "AssociationQuery" 必须包含非 null 值。请考虑添加 "required" 修饰符或将该 属性 声明为可为 null。 [C:\001_AI\_audit_1485_ab\src\Core\Ludots.Core.csproj]
C:\001_AI\_audit_1485_ab\src\Core\Input\Interaction\FilterProfile.cs(43,37): warning CS8618: 在退出构造函数时，不可为 null 的 属性 "Exclude" 必须包含非 null 值。请考虑添加 "required" 修饰符或将该 属性 声明为可为 null。 [C:\001_AI\_audit_1485_ab\src\Core\Ludots.Core.csproj]
C:\001_AI\_audit_1485_ab\src\Core\Input\Interaction\FilterProfile.cs(44,37): warning CS8618: 在退出构造函数时，不可为 null 的 属性 "Include" 必须包含非 null 值。请考虑添加 "required" 修饰符或将该 属性 声明为可为 null。 [C:\001_AI\_audit_1485_ab\src\Core\Ludots.Core.csproj]
C:\001_AI\_audit_1485_ab\src\Core\Input\Interaction\InteractionMode.cs(42,48): warning CS8618: 在退出构造函数时，不可为 null 的 属性 "Contexts" 必须包含非 null 值。请考虑添加 "required" 修饰符或将该 属性 声明为可为 null。 [C:\001_AI\_audit_1485_ab\src\Core\Ludots.Core.csproj]
C:\001_AI\_audit_1485_ab\src\Core\Input\Interaction\InteractionMode.cs(29,48): warning CS8618: 在退出构造函数时，不可为 null 的 属性 "Modes" 必须包含非 null 值。请考虑添加 "required" 修饰符或将该 属性 声明为可为 null。 [C:\001_AI\_audit_1485_ab\src\Core\Ludots.Core.csproj]
C:\001_AI\_audit_1485_ab\src\Core\Navigation\NavMesh\Bake\BakePipeline.cs(754,92): warning CS8604: “NavBakeArtifact.NavBakeArtifact(NavTileId tileId, uint tileVersion, NavBakeStage stage, NavBakeErrorCode errorCode, string message, int walkableTriangleCount, int vertexCount, int triangleCount, int portalCount, string[] debugLog = null)”中的形参“debugLog”可能传入 null 引用实参。 [C:\001_AI\_audit_1485_ab\src\Core\Ludots.Core.csproj]
C:\001_AI\_audit_1485_ab\src\Core\Presentation\Presenters\CompiledPresenterBootstrapRegistry.cs(216,69): warning CS8600: 将 null 文本或可能的 null 值转换为不可为 null 类型。 [C:\001_AI\_audit_1485_ab\src\Core\Ludots.Core.csproj]
C:\001_AI\_audit_1485_ab\src\Core\Presentation\Presenters\CompiledPresenterBootstrapRegistry.cs(230,74): warning CS8600: 将 null 文本或可能的 null 值转换为不可为 null 类型。 [C:\001_AI\_audit_1485_ab\src\Core\Ludots.Core.csproj]
C:\001_AI\_audit_1485_ab\src\Core\Input\Interaction\InteractionContextProfile.cs(20,58): warning CS8618: 在退出构造函数时，不可为 null 的 属性 "Profiles" 必须包含非 null 值。请考虑添加 "required" 修饰符或将该 属性 声明为可为 null。 [C:\001_AI\_audit_1485_ab\src\Core\Ludots.Core.csproj]
C:\001_AI\_audit_1485_ab\src\Core\Input\Interaction\InteractionContextProfile.cs(37,23): warning CS8618: 在退出构造函数时，不可为 null 的 属性 "FilterProfileId" 必须包含非 null 值。请考虑添加 "required" 修饰符或将该 属性 声明为可为 null。 [C:\001_AI\_audit_1485_ab\src\Core\Ludots.Core.csproj]
C:\001_AI\_audit_1485_ab\src\Core\Input\Interaction\InteractionContextProfile.cs(40,23): warning CS8618: 在退出构造函数时，不可为 null 的 属性 "InputContextId" 必须包含非 null 值。请考虑添加 "required" 修饰符或将该 属性 声明为可为 null。 [C:\001_AI\_audit_1485_ab\src\Core\Ludots.Core.csproj]
C:\001_AI\_audit_1485_ab\src\Core\Input\Interaction\InteractionContextProfile.cs(43,23): warning CS8618: 在退出构造函数时，不可为 null 的 属性 "CommandIntentId" 必须包含非 null 值。请考虑添加 "required" 修饰符或将该 属性 声明为可为 null。 [C:\001_AI\_audit_1485_ab\src\Core\Ludots.Core.csproj]
C:\001_AI\_audit_1485_ab\src\Core\Gameplay\GAS\Config\TagRuleSetLoader.cs(57,25): warning CS8604: “void TagRuleSetLoader.FillTagList(JsonNode node, ref int count, int* dst, int max, string field, string id, string path, bool allowRegister)”中的形参“node”可能传入 null 引用实参。 [C:\001_AI\_audit_1485_ab\src\Core\Ludots.Core.csproj]
C:\001_AI\_audit_1485_ab\src\Core\Gameplay\GAS\Config\TagRuleSetLoader.cs(58,25): warning CS8604: “void TagRuleSetLoader.FillTagList(JsonNode node, ref int count, int* dst, int max, string field, string id, string path, bool allowRegister)”中的形参“node”可能传入 null 引用实参。 [C:\001_AI\_audit_1485_ab\src\Core\Ludots.Core.csproj]
C:\001_AI\_audit_1485_ab\src\Core\Gameplay\GAS\Config\TagRuleSetLoader.cs(59,25): warning CS8604: “void TagRuleSetLoader.FillTagList(JsonNode node, ref int count, int* dst, int max, string field, string id, string path, bool allowRegister)”中的形参“node”可能传入 null 引用实参。 [C:\001_AI\_audit_1485_ab\src\Core\Ludots.Core.csproj]
C:\001_AI\_audit_1485_ab\src\Core\Gameplay\GAS\Config\TagRuleSetLoader.cs(60,25): warning CS8604: “void TagRuleSetLoader.FillTagList(JsonNode node, ref int count, int* dst, int max, string field, string id, string path, bool allowRegister)”中的形参“node”可能传入 null 引用实参。 [C:\001_AI\_audit_1485_ab\src\Core\Ludots.Core.csproj]
C:\001_AI\_audit_1485_ab\src\Core\Gameplay\GAS\Config\TagRuleSetLoader.cs(61,25): warning CS8604: “void TagRuleSetLoader.FillTagList(JsonNode node, ref int count, int* dst, int max, string field, string id, string path, bool allowRegister)”中的形参“node”可能传入 null 引用实参。 [C:\001_AI\_audit_1485_ab\src\Core\Ludots.Core.csproj]
C:\001_AI\_audit_1485_ab\src\Core\Gameplay\GAS\Config\TagRuleSetLoader.cs(62,25): warning CS8604: “void TagRuleSetLoader.FillTagList(JsonNode node, ref int count, int* dst, int max, string field, string id, string path, bool allowRegister)”中的形参“node”可能传入 null 引用实参。 [C:\001_AI\_audit_1485_ab\src\Core\Ludots.Core.csproj]
C:\001_AI\_audit_1485_ab\src\Core\Gameplay\GAS\Config\TagRuleSetLoader.cs(75,25): warning CS8604: “void TagRuleSetLoader.FillTagList(JsonNode node, ref int count, int* dst, int max, string field, string id, string path, bool allowRegister)”中的形参“node”可能传入 null 引用实参。 [C:\001_AI\_audit_1485_ab\src\Core\Ludots.Core.csproj]
C:\001_AI\_audit_1485_ab\src\Core\Gameplay\GAS\Config\TagRuleSetLoader.cs(76,25): warning CS8604: “void TagRuleSetLoader.FillTagList(JsonNode node, ref int count, int* dst, int max, string field, string id, string path, bool allowRegister)”中的形参“node”可能传入 null 引用实参。 [C:\001_AI\_audit_1485_ab\src\Core\Ludots.Core.csproj]
C:\001_AI\_audit_1485_ab\src\Core\Gameplay\GAS\Config\TagRuleSetLoader.cs(77,25): warning CS8604: “void TagRuleSetLoader.FillTagList(JsonNode node, ref int count, int* dst, int max, string field, string id, string path, bool allowRegister)”中的形参“node”可能传入 null 引用实参。 [C:\001_AI\_audit_1485_ab\src\Core\Ludots.Core.csproj]
C:\001_AI\_audit_1485_ab\src\Core\Gameplay\GAS\Config\TagRuleSetLoader.cs(78,25): warning CS8604: “void TagRuleSetLoader.FillTagList(JsonNode node, ref int count, int* dst, int max, string field, string id, string path, bool allowRegister)”中的形参“node”可能传入 null 引用实参。 [C:\001_AI\_audit_1485_ab\src\Core\Ludots.Core.csproj]
C:\001_AI\_audit_1485_ab\src\Core\Gameplay\GAS\Config\TagRuleSetLoader.cs(79,25): warning CS8604: “void TagRuleSetLoader.FillTagList(JsonNode node, ref int count, int* dst, int max, string field, string id, string path, bool allowRegister)”中的形参“node”可能传入 null 引用实参。 [C:\001_AI\_audit_1485_ab\src\Core\Ludots.Core.csproj]
C:\001_AI\_audit_1485_ab\src\Core\Gameplay\GAS\Config\TagRuleSetLoader.cs(80,25): warning CS8604: “void TagRuleSetLoader.FillTagList(JsonNode node, ref int count, int* dst, int max, string field, string id, string path, bool allowRegister)”中的形参“node”可能传入 null 引用实参。 [C:\001_AI\_audit_1485_ab\src\Core\Ludots.Core.csproj]
C:\001_AI\_audit_1485_ab\src\Core\Gameplay\GAS\Config\TagRuleSetLoader.cs(109,30): warning CS8600: 将 null 文本或可能的 null 值转换为不可为 null 类型。 [C:\001_AI\_audit_1485_ab\src\Core\Ludots.Core.csproj]
C:\001_AI\_audit_1485_ab\src\Core\Gameplay\GAS\ExtensionAttributeRegistry.cs(66,50): warning CS8601: 可能的 null 引用赋值。 [C:\001_AI\_audit_1485_ab\src\Core\Ludots.Core.csproj]
C:\001_AI\_audit_1485_ab\src\Core\Navigation\NavMesh\Bake\NavBakeEstimator.cs(496,30): warning CS8602: 解引用可能出现空引用。 [C:\001_AI\_audit_1485_ab\src\Core\Ludots.Core.csproj]
C:\001_AI\_audit_1485_ab\src\Core\Input\Interaction\InteractionContextProfileConfigLoader.cs(162,43): warning CS8604: “void InteractionContextProfileConfigLoader.RequireTrimmedWhenPresent(string value, string path)”中的形参“value”可能传入 null 引用实参。 [C:\001_AI\_audit_1485_ab\src\Core\Ludots.Core.csproj]
C:\001_AI\_audit_1485_ab\src\Core\Input\Interaction\CastDispatchProfileRegistry.cs(219,47): warning CS8602: 解引用可能出现空引用。 [C:\001_AI\_audit_1485_ab\src\Core\Ludots.Core.csproj]
C:\001_AI\_audit_1485_ab\src\Core\Input\Interaction\CastDispatchProfileRegistry.cs(225,45): warning CS8602: 解引用可能出现空引用。 [C:\001_AI\_audit_1485_ab\src\Core\Ludots.Core.csproj]
C:\001_AI\_audit_1485_ab\src\Core\Input\Interaction\CastDispatchProfileRegistry.cs(225,73): warning CS8600: 将 null 文本或可能的 null 值转换为不可为 null 类型。 [C:\001_AI\_audit_1485_ab\src\Core\Ludots.Core.csproj]
C:\001_AI\_audit_1485_ab\src\Core\Input\Interaction\CastDispatchProfileRegistry.cs(234,81): warning CS8600: 将 null 文本或可能的 null 值转换为不可为 null 类型。 [C:\001_AI\_audit_1485_ab\src\Core\Ludots.Core.csproj]
C:\001_AI\_audit_1485_ab\src\Core\Input\Interaction\CastDispatchProfileRegistry.cs(258,73): warning CS8604: “int StringIntRegistry.Register(string name)”中的形参“name”可能传入 null 引用实参。 [C:\001_AI\_audit_1485_ab\src\Core\Ludots.Core.csproj]
C:\001_AI\_audit_1485_ab\src\Core\Input\Interaction\CastDispatchProfileRegistry.cs(259,26): warning CS8601: 可能的 null 引用赋值。 [C:\001_AI\_audit_1485_ab\src\Core\Ludots.Core.csproj]
C:\001_AI\_audit_1485_ab\src\Core\Input\Interaction\CastDispatchProfileRegistry.cs(261,32): warning CS8601: 可能的 null 引用赋值。 [C:\001_AI\_audit_1485_ab\src\Core\Ludots.Core.csproj]
C:\001_AI\_audit_1485_ab\src\Core\Input\Interaction\CastDispatchProfileRegistry.cs(413,69): warning CS8602: 解引用可能出现空引用。 [C:\001_AI\_audit_1485_ab\src\Core\Ludots.Core.csproj]
C:\001_AI\_audit_1485_ab\src\Core\Gameplay\GAS\Orders\OrderTypeConfigLoader.cs(77,46): warning CS8604: “void OrderTypeConfigLoader.RegisterConfiguredBlackboardKeys(IReadOnlyDictionary<string, JsonNode?> configuredKeys, string path)”中的形参“configuredKeys”可能传入 null 引用实参。 [C:\001_AI\_audit_1485_ab\src\Core\Ludots.Core.csproj]
C:\001_AI\_audit_1485_ab\src\Core\Gameplay\GAS\EffectTemplateRegistry.cs(420,64): warning CS8618: 在退出构造函数时，不可为 null 的 字段 "_conflictReport" 必须包含非 null 值。请考虑添加 "required" 修饰符或将该 字段 声明为可为 null。 [C:\001_AI\_audit_1485_ab\src\Core\Ludots.Core.csproj]
C:\001_AI\_audit_1485_ab\src\Core\Gameplay\GAS\Orders\OrderTypeConfigLoader.cs(94,46): warning CS8604: “void OrderTypeConfigLoader.RegisterConfiguredBlackboardKeys(IReadOnlyDictionary<string, JsonNode?> configuredKeys, string path)”中的形参“configuredKeys”可能传入 null 引用实参。 [C:\001_AI\_audit_1485_ab\src\Core\Ludots.Core.csproj]
C:\001_AI\_audit_1485_ab\src\Core\Gameplay\GAS\Orders\OrderTypeConfigLoader.cs(97,88): warning CS8604: “List<KeyValuePair<string, OrderTypeConfigJson>>.List(IEnumerable<KeyValuePair<string, OrderTypeConfigJson>> collection)”中的形参“collection”可能传入 null 引用实参。 [C:\001_AI\_audit_1485_ab\src\Core\Ludots.Core.csproj]
C:\001_AI\_audit_1485_ab\src\Core\NodeLibraries\GASGraph\GraphControlFlowCompiler.cs(2026,72): warning CS8600: 将 null 文本或可能的 null 值转换为不可为 null 类型。 [C:\001_AI\_audit_1485_ab\src\Core\Ludots.Core.csproj]
C:\001_AI\_audit_1485_ab\src\Core\NodeLibraries\GASGraph\GraphControlFlowCompiler.cs(2074,92): warning CS8600: 将 null 文本或可能的 null 值转换为不可为 null 类型。 [C:\001_AI\_audit_1485_ab\src\Core\Ludots.Core.csproj]
C:\001_AI\_audit_1485_ab\src\Core\NodeLibraries\GASGraph\GraphControlFlowCompiler.cs(3110,79): warning CS8600: 将 null 文本或可能的 null 值转换为不可为 null 类型。 [C:\001_AI\_audit_1485_ab\src\Core\Ludots.Core.csproj]
C:\001_AI\_audit_1485_ab\src\Core\NodeLibraries\GASGraph\GraphControlFlowCompiler.cs(3217,79): warning CS8600: 将 null 文本或可能的 null 值转换为不可为 null 类型。 [C:\001_AI\_audit_1485_ab\src\Core\Ludots.Core.csproj]
C:\001_AI\_audit_1485_ab\src\Core\NodeLibraries\GASGraph\GraphControlFlowCompiler.Linear.cs(675,94): warning CS8600: 将 null 文本或可能的 null 值转换为不可为 null 类型。 [C:\001_AI\_audit_1485_ab\src\Core\Ludots.Core.csproj]
C:\001_AI\_audit_1485_ab\src\Core\NodeLibraries\GASGraph\GraphControlFlowCompiler.Linear.cs(1779,94): warning CS8600: 将 null 文本或可能的 null 值转换为不可为 null 类型。 [C:\001_AI\_audit_1485_ab\src\Core\Ludots.Core.csproj]
  Ludots.Core -> C:\001_AI\_audit_1485_ab\src\Core\bin\Release\net9.0\Ludots.Core.dll
C:\001_AI\_audit_1485_ab\mods\capabilities\navigation\MassNavigationMod\MassNavigationModEntry.cs(32,29): warning CS0618: “ScriptContextExtensions.GetEngine(ScriptContext)”已过时:“Do not take the concrete GameEngine from ScriptContext. Use IModContext and existing ScriptContext ports (GetWorld, CoreServiceKeys). Do not add new call sites.” [C:\001_AI\_audit_1485_ab\mods\capabilities\navigation\MassNavigationMod\MassNavigationMod.csproj]
C:\001_AI\_audit_1485_ab\mods\showcases\raylib_ism_benchmark\RaylibIsmBenchmarkShowcaseMod\RaylibIsmBenchmarkShowcaseModEntry.cs(20,13): warning CS0618: “ScriptContextExtensions.GetEngine(ScriptContext)”已过时:“Do not take the concrete GameEngine from ScriptContext. Use IModContext and existing ScriptContext ports (GetWorld, CoreServiceKeys). Do not add new call sites.” [C:\001_AI\_audit_1485_ab\mods\showcases\raylib_ism_benchmark\RaylibIsmBenchmarkShowcaseMod\RaylibIsmBenchmarkShowcaseMod.csproj]
C:\001_AI\_audit_1485_ab\mods\showcases\raylib_ism_benchmark\RaylibIsmBenchmarkShowcaseMod\Runtime\RaylibIsmBenchmarkShowcaseRuntime.cs(24,30): warning CS0618: “ScriptContextExtensions.GetEngine(ScriptContext)”已过时:“Do not take the concrete GameEngine from ScriptContext. Use IModContext and existing ScriptContext ports (GetWorld, CoreServiceKeys). Do not add new call sites.” [C:\001_AI\_audit_1485_ab\mods\showcases\raylib_ism_benchmark\RaylibIsmBenchmarkShowcaseMod\RaylibIsmBenchmarkShowcaseMod.csproj]
C:\001_AI\_audit_1485_ab\mods\showcases\raylib_ism_benchmark\RaylibIsmBenchmarkShowcaseMod\Runtime\RaylibIsmBenchmarkShowcaseRuntime.cs(42,13): warning CS0618: “ScriptContextExtensions.GetEngine(ScriptContext)”已过时:“Do not take the concrete GameEngine from ScriptContext. Use IModContext and existing ScriptContext ports (GetWorld, CoreServiceKeys). Do not add new call sites.” [C:\001_AI\_audit_1485_ab\mods\showcases\raylib_ism_benchmark\RaylibIsmBenchmarkShowcaseMod\RaylibIsmBenchmarkShowcaseMod.csproj]
C:\001_AI\_audit_1485_ab\mods\showcases\fourx_demo\FourXDemoMod\Triggers\InstallFourXDemoOnGameStartTrigger.cs(22,26): warning CS0618: “ScriptContextExtensions.GetEngine(ScriptContext)”已过时:“Do not take the concrete GameEngine from ScriptContext. Use IModContext and existing ScriptContext ports (GetWorld, CoreServiceKeys). Do not add new call sites.” [C:\001_AI\_audit_1485_ab\mods\showcases\fourx_demo\FourXDemoMod\FourXDemoMod.csproj]
C:\001_AI\_audit_1485_ab\mods\showcases\fourx_demo\FourXDemoMod\Triggers\FourXSetupOnMapLoadedTrigger.cs(28,26): warning CS0618: “ScriptContextExtensions.GetEngine(ScriptContext)”已过时:“Do not take the concrete GameEngine from ScriptContext. Use IModContext and existing ScriptContext ports (GetWorld, CoreServiceKeys). Do not add new call sites.” [C:\001_AI\_audit_1485_ab\mods\showcases\fourx_demo\FourXDemoMod\FourXDemoMod.csproj]
  Ludots.Physics.Broadphase -> C:\001_AI\_audit_1485_ab\src\Core\Ludots.Physics.Broadphase\bin\Release\net9.0\Ludots.Physics.Broadphase.dll
  MassNavigationMod -> C:\001_AI\_audit_1485_ab\mods\capabilities\navigation\MassNavigationMod\bin\net9.0\MassNavigationMod.dll
  RaylibIsmBenchmarkShowcaseMod -> C:\001_AI\_audit_1485_ab\mods\showcases\raylib_ism_benchmark\RaylibIsmBenchmarkShowcaseMod\bin\net9.0\RaylibIsmBenchmarkShowcaseMod.dll
  FourXDemoMod -> C:\001_AI\_audit_1485_ab\mods\showcases\fourx_demo\FourXDemoMod\bin\net9.0\FourXDemoMod.dll
C:\001_AI\_audit_1485_ab\mods\EntityCommandPanelMod\EntityCommandPanelModEntry.cs(38,26): warning CS0618: “ScriptContextExtensions.GetEngine(ScriptContext)”已过时:“Do not take the concrete GameEngine from ScriptContext. Use IModContext and existing ScriptContext ports (GetWorld, CoreServiceKeys). Do not add new call sites.” [C:\001_AI\_audit_1485_ab\mods\EntityCommandPanelMod\EntityCommandPanelMod.csproj]
C:\001_AI\_audit_1485_ab\mods\fixtures\animation\AnimationAcceptanceMod\Runtime\AnimationAcceptanceRuntime.cs(17,26): warning CS0618: “ScriptContextExtensions.GetEngine(ScriptContext)”已过时:“Do not take the concrete GameEngine from ScriptContext. Use IModContext and existing ScriptContext ports (GetWorld, CoreServiceKeys). Do not add new call sites.” [C:\001_AI\_audit_1485_ab\mods\fixtures\animation\AnimationAcceptanceMod\AnimationAcceptanceMod.csproj]
C:\001_AI\_audit_1485_ab\mods\fixtures\animation\AnimationAcceptanceMod\Runtime\AnimationAcceptanceRuntime.cs(30,26): warning CS0618: “ScriptContextExtensions.GetEngine(ScriptContext)”已过时:“Do not take the concrete GameEngine from ScriptContext. Use IModContext and existing ScriptContext ports (GetWorld, CoreServiceKeys). Do not add new call sites.” [C:\001_AI\_audit_1485_ab\mods\fixtures\animation\AnimationAcceptanceMod\AnimationAcceptanceMod.csproj]
C:\001_AI\_audit_1485_ab\mods\fixtures\animation\AnimationAcceptanceMod\AnimationAcceptanceModEntry.cs(18,30): warning CS0618: “ScriptContextExtensions.GetEngine(ScriptContext)”已过时:“Do not take the concrete GameEngine from ScriptContext. Use IModContext and existing ScriptContext ports (GetWorld, CoreServiceKeys). Do not add new call sites.” [C:\001_AI\_audit_1485_ab\mods\fixtures\animation\AnimationAcceptanceMod\AnimationAcceptanceMod.csproj]
C:\001_AI\_audit_1485_ab\mods\showcases\raylib_visual_atmosphere\RaylibVisualAtmosphereShowcaseMod\RaylibVisualAtmosphereShowcaseModEntry.cs(22,13): warning CS0618: “ScriptContextExtensions.GetEngine(ScriptContext)”已过时:“Do not take the concrete GameEngine from ScriptContext. Use IModContext and existing ScriptContext ports (GetWorld, CoreServiceKeys). Do not add new call sites.” [C:\001_AI\_audit_1485_ab\mods\showcases\raylib_visual_atmosphere\RaylibVisualAtmosphereShowcaseMod\RaylibVisualAtmosphereShowcaseMod.csproj]
C:\001_AI\_audit_1485_ab\mods\showcases\raylib_visual_atmosphere\RaylibVisualAtmosphereShowcaseMod\Runtime\RaylibVisualAtmosphereShowcaseRuntime.cs(55,30): warning CS0618: “ScriptContextExtensions.GetEngine(ScriptContext)”已过时:“Do not take the concrete GameEngine from ScriptContext. Use IModContext and existing ScriptContext ports (GetWorld, CoreServiceKeys). Do not add new call sites.” [C:\001_AI\_audit_1485_ab\mods\showcases\raylib_visual_atmosphere\RaylibVisualAtmosphereShowcaseMod\RaylibVisualAtmosphereShowcaseMod.csproj]
C:\001_AI\_audit_1485_ab\mods\showcases\raylib_visual_atmosphere\RaylibVisualAtmosphereShowcaseMod\Runtime\RaylibVisualAtmosphereShowcaseRuntime.cs(106,13): warning CS0618: “ScriptContextExtensions.GetEngine(ScriptContext)”已过时:“Do not take the concrete GameEngine from ScriptContext. Use IModContext and existing ScriptContext ports (GetWorld, CoreServiceKeys). Do not add new call sites.” [C:\001_AI\_audit_1485_ab\mods\showcases\raylib_visual_atmosphere\RaylibVisualAtmosphereShowcaseMod\RaylibVisualAtmosphereShowcaseMod.csproj]
  LudotsCoreMod -> C:\001_AI\_audit_1485_ab\mods\LudotsCoreMod\bin\net9.0\LudotsCoreMod.dll
C:\001_AI\_audit_1485_ab\mods\CoreInputMod\Triggers\InstallCoreInputOnGameStartTrigger.cs(41,26): warning CS0618: “ScriptContextExtensions.GetEngine(ScriptContext)”已过时:“Do not take the concrete GameEngine from ScriptContext. Use IModContext and existing ScriptContext ports (GetWorld, CoreServiceKeys). Do not add new call sites.” [C:\001_AI\_audit_1485_ab\mods\CoreInputMod\CoreInputMod.csproj]
C:\001_AI\_audit_1485_ab\mods\CoreInputMod\Systems\LocalOrderSourceHelper.cs(697,54): warning CS8601: 可能的 null 引用赋值。 [C:\001_AI\_audit_1485_ab\mods\CoreInputMod\CoreInputMod.csproj]
  AnimationAcceptanceMod -> C:\001_AI\_audit_1485_ab\mods\fixtures\animation\AnimationAcceptanceMod\bin\net9.0\AnimationAcceptanceMod.dll
  EntityCommandPanelMod -> C:\001_AI\_audit_1485_ab\mods\EntityCommandPanelMod\bin\net9.0\EntityCommandPanelMod.dll
  Ludots.WebUI.DataPlane -> C:\001_AI\_audit_1485_ab\src\Libraries\Ludots.WebUI.DataPlane\bin\Release\net9.0\Ludots.WebUI.DataPlane.dll
  CapabilityStandardPresenterCommandShowcaseMod -> C:\001_AI\_audit_1485_ab\mods\showcases\capability_standard\CapabilityStandardPresenterCommandShowcaseMod\bin\net9.0\CapabilityStandardPresenterCommandShowcaseMod.dll
  RaylibVisualAtmosphereShowcaseMod -> C:\001_AI\_audit_1485_ab\mods\showcases\raylib_visual_atmosphere\RaylibVisualAtmosphereShowcaseMod\bin\net9.0\RaylibVisualAtmosphereShowcaseMod.dll
C:\001_AI\_audit_1485_ab\mods\capabilities\entityinfo\EntityInfoPanelsMod\Triggers\InstallEntityInfoPanelsOnGameStartTrigger.cs(24,30): warning CS0618: “ScriptContextExtensions.GetEngine(ScriptContext)”已过时:“Do not take the concrete GameEngine from ScriptContext. Use IModContext and existing ScriptContext ports (GetWorld, CoreServiceKeys). Do not add new call sites.” [C:\001_AI\_audit_1485_ab\mods\capabilities\entityinfo\EntityInfoPanelsMod\EntityInfoPanelsMod.csproj]
C:\001_AI\_audit_1485_ab\mods\capabilities\entityinfo\EntityInfoPanelsMod\Insight\EntityInsightProfileLoader.cs(32,49): warning CS8604: “ConfigCatalogEntry ConfigPipeline.RequireEntry(ConfigCatalog catalog, string path, ConfigMergePolicy defaultPolicy, string defaultIdField = "id")”中的形参“catalog”可能传入 null 引用实参。 [C:\001_AI\_audit_1485_ab\mods\capabilities\entityinfo\EntityInfoPanelsMod\EntityInfoPanelsMod.csproj]
C:\001_AI\_audit_1485_ab\mods\capabilities\entityinfo\EntityInfoPanelsMod\Insight\EntityInsightProfileLoader.cs(33,95): warning CS8604: “IReadOnlyList<MergedConfigEntry> ConfigPipeline.MergeArrayByIdFromCatalog(in ConfigCatalogEntry entry, ConfigConflictReport report = null)”中的形参“report”可能传入 null 引用实参。 [C:\001_AI\_audit_1485_ab\mods\capabilities\entityinfo\EntityInfoPanelsMod\EntityInfoPanelsMod.csproj]
C:\001_AI\_audit_1485_ab\mods\showcases\presenter_blacksmith\PresenterBlacksmithShowcaseMod\Runtime\PresenterBlacksmithShowcaseRuntime.cs(29,7): warning CS0105: “Ludots.Platform.Abstractions”的 using 指令以前在此命名空间中出现过 [C:\001_AI\_audit_1485_ab\mods\showcases\presenter_blacksmith\PresenterBlacksmithShowcaseMod\PresenterBlacksmithShowcaseMod.csproj]
  CoreInputMod -> C:\001_AI\_audit_1485_ab\mods\CoreInputMod\bin\net9.0\CoreInputMod.dll
C:\001_AI\_audit_1485_ab\mods\showcases\presenter_blacksmith\PresenterBlacksmithShowcaseMod\PresenterBlacksmithShowcaseModEntry.cs(20,30): warning CS0618: “ScriptContextExtensions.GetEngine(ScriptContext)”已过时:“Do not take the concrete GameEngine from ScriptContext. Use IModContext and existing ScriptContext ports (GetWorld, CoreServiceKeys). Do not add new call sites.” [C:\001_AI\_audit_1485_ab\mods\showcases\presenter_blacksmith\PresenterBlacksmithShowcaseMod\PresenterBlacksmithShowcaseMod.csproj]
C:\001_AI\_audit_1485_ab\mods\showcases\presenter_blacksmith\PresenterBlacksmithShowcaseMod\Runtime\PresenterBlacksmithShowcaseRuntime.cs(147,17): warning CS0618: “ScriptContextExtensions.GetEngine(ScriptContext)”已过时:“Do not take the concrete GameEngine from ScriptContext. Use IModContext and existing ScriptContext ports (GetWorld, CoreServiceKeys). Do not add new call sites.” [C:\001_AI\_audit_1485_ab\mods\showcases\presenter_blacksmith\PresenterBlacksmithShowcaseMod\PresenterBlacksmithShowcaseMod.csproj]
C:\001_AI\_audit_1485_ab\mods\showcases\presenter_blacksmith\PresenterBlacksmithShowcaseMod\Runtime\PresenterBlacksmithShowcaseRuntime.cs(184,17): warning CS0618: “ScriptContextExtensions.GetEngine(ScriptContext)”已过时:“Do not take the concrete GameEngine from ScriptContext. Use IModContext and existing ScriptContext ports (GetWorld, CoreServiceKeys). Do not add new call sites.” [C:\001_AI\_audit_1485_ab\mods\showcases\presenter_blacksmith\PresenterBlacksmithShowcaseMod\PresenterBlacksmithShowcaseMod.csproj]
  PresenterBlacksmithShowcaseMod -> C:\001_AI\_audit_1485_ab\mods\showcases\presenter_blacksmith\PresenterBlacksmithShowcaseMod\bin\net9.0\PresenterBlacksmithShowcaseMod.dll
  EntityInfoPanelsMod -> C:\001_AI\_audit_1485_ab\mods\capabilities\entityinfo\EntityInfoPanelsMod\bin\net9.0\EntityInfoPanelsMod.dll
  Ludots.Presentation.Skia -> C:\001_AI\_audit_1485_ab\src\Libraries\Ludots.Presentation.Skia\bin\Release\net9.0\Ludots.Presentation.Skia.dll
  Ludots.Physics2D -> C:\001_AI\_audit_1485_ab\src\Core\Ludots.Physics2D\bin\Release\net9.0\Ludots.Physics2D.dll
C:\001_AI\_audit_1485_ab\mods\showcases\rts_demo\RtsDemoMod\Triggers\InstallRtsDemoOnGameStartTrigger.cs(34,26): warning CS0618: “ScriptContextExtensions.GetEngine(ScriptContext)”已过时:“Do not take the concrete GameEngine from ScriptContext. Use IModContext and existing ScriptContext ports (GetWorld, CoreServiceKeys). Do not add new call sites.” [C:\001_AI\_audit_1485_ab\mods\showcases\rts_demo\RtsDemoMod\RtsDemoMod.csproj]
C:\001_AI\_audit_1485_ab\mods\showcases\rts_demo\RtsDemoMod\Runtime\RtsShowcaseCommandSourceHelper.cs(97,51): warning CS8629: 可为 null 的值类型可为 null。 [C:\001_AI\_audit_1485_ab\mods\showcases\rts_demo\RtsDemoMod\RtsDemoMod.csproj]
C:\001_AI\_audit_1485_ab\mods\showcases\rts_demo\RtsDemoMod\Triggers\RtsSetupOnMapLoadedTrigger.cs(38,26): warning CS0618: “ScriptContextExtensions.GetEngine(ScriptContext)”已过时:“Do not take the concrete GameEngine from ScriptContext. Use IModContext and existing ScriptContext ports (GetWorld, CoreServiceKeys). Do not add new call sites.” [C:\001_AI\_audit_1485_ab\mods\showcases\rts_demo\RtsDemoMod\RtsDemoMod.csproj]
C:\001_AI\_audit_1485_ab\mods\showcases\capability_standard\CapabilityStandardMassNavigationLargeWorld10kMod\CapabilityStandardMassNavigationLargeWorld10kModEntry.cs(35,30): warning CS0618: “ScriptContextExtensions.GetEngine(ScriptContext)”已过时:“Do not take the concrete GameEngine from ScriptContext. Use IModContext and existing ScriptContext ports (GetWorld, CoreServiceKeys). Do not add new call sites.” [C:\001_AI\_audit_1485_ab\mods\showcases\capability_standard\CapabilityStandardMassNavigationLargeWorld10kMod\CapabilityStandardMassNavigationLargeWorld10kMod.csproj]
  CapabilityStandardMassNavigationLargeWorld10kMod -> C:\001_AI\_audit_1485_ab\mods\showcases\capability_standard\CapabilityStandardMassNavigationLargeWorld10kMod\bin\net9.0\CapabilityStandardMassNavigationLargeWorld10kMod.dll
  RtsDemoMod -> C:\001_AI\_audit_1485_ab\mods\showcases\rts_demo\RtsDemoMod\bin\net9.0\RtsDemoMod.dll
C:\001_AI\_audit_1485_ab\mods\fixtures\camera\CameraAcceptanceMod\CameraAcceptanceModEntry.cs(22,30): warning CS0618: “ScriptContextExtensions.GetEngine(ScriptContext)”已过时:“Do not take the concrete GameEngine from ScriptContext. Use IModContext and existing ScriptContext ports (GetWorld, CoreServiceKeys). Do not add new call sites.” [C:\001_AI\_audit_1485_ab\mods\fixtures\camera\CameraAcceptanceMod\CameraAcceptanceMod.csproj]
C:\001_AI\_audit_1485_ab\mods\fixtures\camera\CameraAcceptanceMod\Runtime\CameraAcceptanceRuntime.cs(94,26): warning CS0618: “ScriptContextExtensions.GetEngine(ScriptContext)”已过时:“Do not take the concrete GameEngine from ScriptContext. Use IModContext and existing ScriptContext ports (GetWorld, CoreServiceKeys). Do not add new call sites.” [C:\001_AI\_audit_1485_ab\mods\fixtures\camera\CameraAcceptanceMod\CameraAcceptanceMod.csproj]
C:\001_AI\_audit_1485_ab\mods\fixtures\camera\CameraAcceptanceMod\Runtime\CameraAcceptanceRuntime.cs(121,26): warning CS0618: “ScriptContextExtensions.GetEngine(ScriptContext)”已过时:“Do not take the concrete GameEngine from ScriptContext. Use IModContext and existing ScriptContext ports (GetWorld, CoreServiceKeys). Do not add new call sites.” [C:\001_AI\_audit_1485_ab\mods\fixtures\camera\CameraAcceptanceMod\CameraAcceptanceMod.csproj]
C:\001_AI\_audit_1485_ab\mods\fixtures\camera\CameraAcceptanceMod\Runtime\CameraAcceptanceRuntime.cs(388,26): warning CS0618: “ScriptContextExtensions.GetEngine(ScriptContext)”已过时:“Do not take the concrete GameEngine from ScriptContext. Use IModContext and existing ScriptContext ports (GetWorld, CoreServiceKeys). Do not add new call sites.” [C:\001_AI\_audit_1485_ab\mods\fixtures\camera\CameraAcceptanceMod\CameraAcceptanceMod.csproj]
C:\001_AI\_audit_1485_ab\mods\showcases\visual_terrain_editor\VisualTerrainEditorMod\Runtime\VisualTerrainEditorRuntime.cs(114,13): warning CS0618: “ScriptContextExtensions.GetEngine(ScriptContext)”已过时:“Do not take the concrete GameEngine from ScriptContext. Use IModContext and existing ScriptContext ports (GetWorld, CoreServiceKeys). Do not add new call sites.” [C:\001_AI\_audit_1485_ab\mods\showcases\visual_terrain_editor\VisualTerrainEditorMod\VisualTerrainEditorMod.csproj]
C:\001_AI\_audit_1485_ab\mods\showcases\visual_terrain_editor\VisualTerrainEditorMod\Triggers\InstallVisualTerrainEditorOnGameStartTrigger.cs(22,22): warning CS0618: “ScriptContextExtensions.GetEngine(ScriptContext)”已过时:“Do not take the concrete GameEngine from ScriptContext. Use IModContext and existing ScriptContext ports (GetWorld, CoreServiceKeys). Do not add new call sites.” [C:\001_AI\_audit_1485_ab\mods\showcases\visual_terrain_editor\VisualTerrainEditorMod\VisualTerrainEditorMod.csproj]
C:\001_AI\_audit_1485_ab\mods\showcases\visual_terrain_editor\VisualTerrainEditorMod\Runtime\VisualTerrainEditorRuntime.cs(134,13): warning CS0618: “ScriptContextExtensions.GetEngine(ScriptContext)”已过时:“Do not take the concrete GameEngine from ScriptContext. Use IModContext and existing ScriptContext ports (GetWorld, CoreServiceKeys). Do not add new call sites.” [C:\001_AI\_audit_1485_ab\mods\showcases\visual_terrain_editor\VisualTerrainEditorMod\VisualTerrainEditorMod.csproj]
  CameraAcceptanceMod -> C:\001_AI\_audit_1485_ab\mods\fixtures\camera\CameraAcceptanceMod\bin\net9.0\CameraAcceptanceMod.dll
C:\001_AI\_audit_1485_ab\src\Libraries\Ludots.UI.HtmlEngine\Markup\UiMarkupLoader.cs(22,30): warning CS8604: “UiElement UiMarkupLoader.BuildRoot(IElement body)”中的形参“body”可能传入 null 引用实参。 [C:\001_AI\_audit_1485_ab\src\Libraries\Ludots.UI.HtmlEngine\Ludots.UI.HtmlEngine.csproj]
C:\001_AI\_audit_1485_ab\src\Libraries\Ludots.UI.HtmlEngine\Markup\MarkupBinder.cs(24,17): warning CS8600: 将 null 文本或可能的 null 值转换为不可为 null 类型。 [C:\001_AI\_audit_1485_ab\src\Libraries\Ludots.UI.HtmlEngine\Ludots.UI.HtmlEngine.csproj]
C:\001_AI\_audit_1485_ab\src\Libraries\Ludots.UI.HtmlEngine\Markup\MarkupBinder.cs(34,18): warning CS8600: 将 null 文本或可能的 null 值转换为不可为 null 类型。 [C:\001_AI\_audit_1485_ab\src\Libraries\Ludots.UI.HtmlEngine\Ludots.UI.HtmlEngine.csproj]
C:\001_AI\_audit_1485_ab\src\Libraries\Ludots.UI.HtmlEngine\Markup\MarkupBinder.cs(48,23): warning CS8600: 将 null 文本或可能的 null 值转换为不可为 null 类型。 [C:\001_AI\_audit_1485_ab\src\Libraries\Ludots.UI.HtmlEngine\Ludots.UI.HtmlEngine.csproj]
C:\001_AI\_audit_1485_ab\src\Libraries\Ludots.UI.HtmlEngine\Markup\UiMarkupLoader.cs(63,43): warning CS8600: 将 null 文本或可能的 null 值转换为不可为 null 类型。 [C:\001_AI\_audit_1485_ab\src\Libraries\Ludots.UI.HtmlEngine\Ludots.UI.HtmlEngine.csproj]
C:\001_AI\_audit_1485_ab\src\Libraries\Ludots.UI.HtmlEngine\Markup\UiMarkupLoader.cs(65,11): warning CS8603: 可能返回 null 引用。 [C:\001_AI\_audit_1485_ab\src\Libraries\Ludots.UI.HtmlEngine\Ludots.UI.HtmlEngine.csproj]
C:\001_AI\_audit_1485_ab\src\Libraries\Ludots.UI.HtmlEngine\Markup\MarkupBinder.cs(67,23): warning CS8600: 将 null 文本或可能的 null 值转换为不可为 null 类型。 [C:\001_AI\_audit_1485_ab\src\Libraries\Ludots.UI.HtmlEngine\Ludots.UI.HtmlEngine.csproj]
C:\001_AI\_audit_1485_ab\src\Libraries\Ludots.UI.HtmlEngine\Markup\MarkupBinder.cs(85,17): warning CS8600: 将 null 文本或可能的 null 值转换为不可为 null 类型。 [C:\001_AI\_audit_1485_ab\src\Libraries\Ludots.UI.HtmlEngine\Ludots.UI.HtmlEngine.csproj]
C:\001_AI\_audit_1485_ab\src\Libraries\Ludots.UI.HtmlEngine\Markup\MarkupBinder.cs(94,16): warning CS8600: 将 null 文本或可能的 null 值转换为不可为 null 类型。 [C:\001_AI\_audit_1485_ab\src\Libraries\Ludots.UI.HtmlEngine\Ludots.UI.HtmlEngine.csproj]
C:\001_AI\_audit_1485_ab\src\Libraries\Ludots.UI.HtmlEngine\Markup\UiMarkupLoader.cs(137,22): warning CS8600: 将 null 文本或可能的 null 值转换为不可为 null 类型。 [C:\001_AI\_audit_1485_ab\src\Libraries\Ludots.UI.HtmlEngine\Ludots.UI.HtmlEngine.csproj]
C:\001_AI\_audit_1485_ab\src\Libraries\Ludots.UI.HtmlEngine\Markup\UiCssParser.cs(249,38): warning CS8600: 将 null 文本或可能的 null 值转换为不可为 null 类型。 [C:\001_AI\_audit_1485_ab\src\Libraries\Ludots.UI.HtmlEngine\Ludots.UI.HtmlEngine.csproj]
C:\001_AI\_audit_1485_ab\src\Libraries\Ludots.UI.HtmlEngine\External\AngleSharp\src\Io\DefaultHttpRequester.cs(131,41): warning SYSLIB0014: “WebRequest.Create(Uri)”已过时:“WebRequest, HttpWebRequest, ServicePoint, and WebClient are obsolete. Use HttpClient instead.” (https://aka.ms/dotnet-warnings/SYSLIB0014) [C:\001_AI\_audit_1485_ab\src\Libraries\Ludots.UI.HtmlEngine\Ludots.UI.HtmlEngine.csproj]
  CameraProfilesMod -> C:\001_AI\_audit_1485_ab\mods\capabilities\camera\CameraProfilesMod\bin\net9.0\CameraProfilesMod.dll
C:\001_AI\_audit_1485_ab\src\Client\Ludots.Client.Raylib\Input\RaylibInputBackend.cs(17,24): warning CS0414: 字段“RaylibInputBackend._charBuffer”已被赋值，但从未使用过它的值 [C:\001_AI\_audit_1485_ab\src\Client\Ludots.Client.Raylib\Ludots.Client.Raylib.csproj]
  VisualTerrainEditorMod -> C:\001_AI\_audit_1485_ab\mods\showcases\visual_terrain_editor\VisualTerrainEditorMod\bin\net9.0\VisualTerrainEditorMod.dll
  Ludots.Client.Raylib -> C:\001_AI\_audit_1485_ab\src\Client\Ludots.Client.Raylib\bin\Release\net9.0\Ludots.Client.Raylib.dll
C:\001_AI\_audit_1485_ab\mods\showcases\formation_capability\FormationCapabilityShowcaseMod\Runtime\FormationCapabilityShowcaseRuntime.cs(81,30): warning CS0618: “ScriptContextExtensions.GetEngine(ScriptContext)”已过时:“Do not take the concrete GameEngine from ScriptContext. Use IModContext and existing ScriptContext ports (GetWorld, CoreServiceKeys). Do not add new call sites.” [C:\001_AI\_audit_1485_ab\mods\showcases\formation_capability\FormationCapabilityShowcaseMod\FormationCapabilityShowcaseMod.csproj]
C:\001_AI\_audit_1485_ab\mods\showcases\formation_capability\FormationCapabilityShowcaseMod\Runtime\FormationCapabilityShowcaseRuntime.cs(106,13): warning CS0618: “ScriptContextExtensions.GetEngine(ScriptContext)”已过时:“Do not take the concrete GameEngine from ScriptContext. Use IModContext and existing ScriptContext ports (GetWorld, CoreServiceKeys). Do not add new call sites.” [C:\001_AI\_audit_1485_ab\mods\showcases\formation_capability\FormationCapabilityShowcaseMod\FormationCapabilityShowcaseMod.csproj]
  Ludots.UI.HtmlEngine -> C:\001_AI\_audit_1485_ab\src\Libraries\Ludots.UI.HtmlEngine\bin\Release\net9.0\Ludots.UI.HtmlEngine.dll
  FormationCapabilityShowcaseMod -> C:\001_AI\_audit_1485_ab\mods\showcases\formation_capability\FormationCapabilityShowcaseMod\bin\net9.0\FormationCapabilityShowcaseMod.dll
C:\001_AI\_audit_1485_ab\mods\showcases\info_panels\GenreInfoShowcaseMod\Runtime\GenreInfoShowcaseRuntime.cs(68,34): warning CS0618: “ScriptContextExtensions.GetEngine(ScriptContext)”已过时:“Do not take the concrete GameEngine from ScriptContext. Use IModContext and existing ScriptContext ports (GetWorld, CoreServiceKeys). Do not add new call sites.” [C:\001_AI\_audit_1485_ab\mods\showcases\info_panels\GenreInfoShowcaseMod\GenreInfoShowcaseMod.csproj]
C:\001_AI\_audit_1485_ab\mods\showcases\info_panels\GenreInfoShowcaseMod\Triggers\InstallGenreInfoShowcaseOnGameStartTrigger.cs(25,34): warning CS0618: “ScriptContextExtensions.GetEngine(ScriptContext)”已过时:“Do not take the concrete GameEngine from ScriptContext. Use IModContext and existing ScriptContext ports (GetWorld, CoreServiceKeys). Do not add new call sites.” [C:\001_AI\_audit_1485_ab\mods\showcases\info_panels\GenreInfoShowcaseMod\GenreInfoShowcaseMod.csproj]
C:\001_AI\_audit_1485_ab\mods\showcases\info_panels\GenreInfoShowcaseMod\Runtime\GenreInfoShowcaseRuntime.cs(91,34): warning CS0618: “ScriptContextExtensions.GetEngine(ScriptContext)”已过时:“Do not take the concrete GameEngine from ScriptContext. Use IModContext and existing ScriptContext ports (GetWorld, CoreServiceKeys). Do not add new call sites.” [C:\001_AI\_audit_1485_ab\mods\showcases\info_panels\GenreInfoShowcaseMod\GenreInfoShowcaseMod.csproj]
C:\001_AI\_audit_1485_ab\mods\showcases\interaction\InteractionShowcaseMod\Runtime\InteractionShowcaseRuntime.cs(51,26): warning CS0618: “ScriptContextExtensions.GetEngine(ScriptContext)”已过时:“Do not take the concrete GameEngine from ScriptContext. Use IModContext and existing ScriptContext ports (GetWorld, CoreServiceKeys). Do not add new call sites.” [C:\001_AI\_audit_1485_ab\mods\showcases\interaction\InteractionShowcaseMod\InteractionShowcaseMod.csproj]
C:\001_AI\_audit_1485_ab\mods\showcases\interaction\InteractionShowcaseMod\Runtime\InteractionShowcaseRuntime.cs(95,17): warning CS0618: “ScriptContextExtensions.GetEngine(ScriptContext)”已过时:“Do not take the concrete GameEngine from ScriptContext. Use IModContext and existing ScriptContext ports (GetWorld, CoreServiceKeys). Do not add new call sites.” [C:\001_AI\_audit_1485_ab\mods\showcases\interaction\InteractionShowcaseMod\InteractionShowcaseMod.csproj]
C:\001_AI\_audit_1485_ab\mods\showcases\interaction\InteractionShowcaseMod\Triggers\InstallInteractionShowcaseOnGameStartTrigger.cs(42,26): warning CS0618: “ScriptContextExtensions.GetEngine(ScriptContext)”已过时:“Do not take the concrete GameEngine from ScriptContext. Use IModContext and existing ScriptContext ports (GetWorld, CoreServiceKeys). Do not add new call sites.” [C:\001_AI\_audit_1485_ab\mods\showcases\interaction\InteractionShowcaseMod\InteractionShowcaseMod.csproj]
  Ludots.Movement.Physics2DBridge -> C:\001_AI\_audit_1485_ab\src\Core\Ludots.Movement.Physics2DBridge\bin\Release\net9.0\Ludots.Movement.Physics2DBridge.dll
  GenreInfoShowcaseMod -> C:\001_AI\_audit_1485_ab\mods\showcases\info_panels\GenreInfoShowcaseMod\bin\net9.0\GenreInfoShowcaseMod.dll
  InteractionShowcaseMod -> C:\001_AI\_audit_1485_ab\mods\showcases\interaction\InteractionShowcaseMod\bin\net9.0\InteractionShowcaseMod.dll
C:\001_AI\_audit_1485_ab\mods\showcases\moba_demo\MobaDemoMod\Triggers\InstallMobaDemoOnGameStartTrigger.cs(36,26): warning CS0618: “ScriptContextExtensions.GetEngine(ScriptContext)”已过时:“Do not take the concrete GameEngine from ScriptContext. Use IModContext and existing ScriptContext ports (GetWorld, CoreServiceKeys). Do not add new call sites.” [C:\001_AI\_audit_1485_ab\mods\showcases\moba_demo\MobaDemoMod\MobaDemoMod.csproj]
C:\001_AI\_audit_1485_ab\mods\showcases\moba_demo\MobaDemoMod\Triggers\InstallMobaDemoOnGameStartTrigger.cs(62,48): warning CS8600: 将 null 文本或可能的 null 值转换为不可为 null 类型。 [C:\001_AI\_audit_1485_ab\mods\showcases\moba_demo\MobaDemoMod\MobaDemoMod.csproj]
  MobaDemoMod -> C:\001_AI\_audit_1485_ab\mods\showcases\moba_demo\MobaDemoMod\bin\net9.0\MobaDemoMod.dll
C:\001_AI\_audit_1485_ab\mods\showcases\capability_standard\CapabilityStandardCrowdPhysicsArenaMod\CapabilityStandardCrowdPhysicsArenaModEntry.cs(44,30): warning CS0618: “ScriptContextExtensions.GetEngine(ScriptContext)”已过时:“Do not take the concrete GameEngine from ScriptContext. Use IModContext and existing ScriptContext ports (GetWorld, CoreServiceKeys). Do not add new call sites.” [C:\001_AI\_audit_1485_ab\mods\showcases\capability_standard\CapabilityStandardCrowdPhysicsArenaMod\CapabilityStandardCrowdPhysicsArenaMod.csproj]
  CapabilityStandardCrowdPhysicsArenaMod -> C:\001_AI\_audit_1485_ab\mods\showcases\capability_standard\CapabilityStandardCrowdPhysicsArenaMod\bin\net9.0\CapabilityStandardCrowdPhysicsArenaMod.dll
  Ludots.UI.Panels -> C:\001_AI\_audit_1485_ab\src\Libraries\Ludots.UI.Panels\bin\Release\net9.0\Ludots.UI.Panels.dll
C:\001_AI\_audit_1485_ab\src\Libraries\Ludots.WebUI.Browser\PanelWebSkin.cs(309,45): warning CS8600: 将 null 文本或可能的 null 值转换为不可为 null 类型。 [C:\001_AI\_audit_1485_ab\src\Libraries\Ludots.WebUI.Browser\Ludots.WebUI.Browser.csproj]
  Ludots.WebUI.Browser -> C:\001_AI\_audit_1485_ab\src\Libraries\Ludots.WebUI.Browser\bin\Release\net9.0\Ludots.WebUI.Browser.dll
C:\001_AI\_audit_1485_ab\mods\showcases\entity_command_panel\EntityCommandPanelShowcaseMod\Runtime\EntityCommandPanelShowcaseRuntime.cs(46,26): warning CS0618: “ScriptContextExtensions.GetEngine(ScriptContext)”已过时:“Do not take the concrete GameEngine from ScriptContext. Use IModContext and existing ScriptContext ports (GetWorld, CoreServiceKeys). Do not add new call sites.” [C:\001_AI\_audit_1485_ab\mods\showcases\entity_command_panel\EntityCommandPanelShowcaseMod\EntityCommandPanelShowcaseMod.csproj]
C:\001_AI\_audit_1485_ab\mods\showcases\entity_command_panel\EntityCommandPanelShowcaseMod\Runtime\EntityCommandPanelShowcaseRuntime.cs(64,26): warning CS0618: “ScriptContextExtensions.GetEngine(ScriptContext)”已过时:“Do not take the concrete GameEngine from ScriptContext. Use IModContext and existing ScriptContext ports (GetWorld, CoreServiceKeys). Do not add new call sites.” [C:\001_AI\_audit_1485_ab\mods\showcases\entity_command_panel\EntityCommandPanelShowcaseMod\EntityCommandPanelShowcaseMod.csproj]
C:\001_AI\_audit_1485_ab\mods\showcases\entity_command_panel\EntityCommandPanelShowcaseMod\EntityCommandPanelShowcaseModEntry.cs(21,30): warning CS0618: “ScriptContextExtensions.GetEngine(ScriptContext)”已过时:“Do not take the concrete GameEngine from ScriptContext. Use IModContext and existing ScriptContext ports (GetWorld, CoreServiceKeys). Do not add new call sites.” [C:\001_AI\_audit_1485_ab\mods\showcases\entity_command_panel\EntityCommandPanelShowcaseMod\EntityCommandPanelShowcaseMod.csproj]
C:\001_AI\_audit_1485_ab\mods\showcases\entity_command_panel\EntityCommandPanelShowcaseMod\EntityCommandPanelShowcaseModEntry.cs(53,26): warning CS0618: “ScriptContextExtensions.GetEngine(ScriptContext)”已过时:“Do not take the concrete GameEngine from ScriptContext. Use IModContext and existing ScriptContext ports (GetWorld, CoreServiceKeys). Do not add new call sites.” [C:\001_AI\_audit_1485_ab\mods\showcases\entity_command_panel\EntityCommandPanelShowcaseMod\EntityCommandPanelShowcaseMod.csproj]
  EntityCommandPanelShowcaseMod -> C:\001_AI\_audit_1485_ab\mods\showcases\entity_command_panel\EntityCommandPanelShowcaseMod\bin\net9.0\EntityCommandPanelShowcaseMod.dll
C:\001_AI\_audit_1485_ab\src\Tests\PresentationTests\Core\PresentationFoundationTests.cs(36,7): warning CS0105: “Ludots.Platform.Abstractions”的 using 指令以前在此命名空间中出现过 [C:\001_AI\_audit_1485_ab\src\Tests\PresentationTests\PresentationTests.csproj]
C:\001_AI\_audit_1485_ab\src\Tests\PresentationTests\Core\PresentationRequestChannelTests.cs(14,7): warning CS0105: “Ludots.Platform.Abstractions”的 using 指令以前在此命名空间中出现过 [C:\001_AI\_audit_1485_ab\src\Tests\PresentationTests\PresentationTests.csproj]
C:\001_AI\_audit_1485_ab\src\Tests\PresentationTests\Core\PresentationRequestFlushIncrementalStaticTests.cs(12,7): warning CS0105: “Ludots.Platform.Abstractions”的 using 指令以前在此命名空间中出现过 [C:\001_AI\_audit_1485_ab\src\Tests\PresentationTests\PresentationTests.csproj]
C:\001_AI\_audit_1485_ab\src\Tests\PresentationTests\Presenter\BlacksmithPresenterUatTests.cs(29,7): warning CS0105: “Ludots.Platform.Abstractions”的 using 指令以前在此命名空间中出现过 [C:\001_AI\_audit_1485_ab\src\Tests\PresentationTests\PresentationTests.csproj]
C:\001_AI\_audit_1485_ab\src\Tests\PresentationTests\Presenter\PresenterBlacksmithShowcaseProductionPathTests.cs(13,7): warning CS0105: “Ludots.Raylib.Render”的 using 指令以前在此命名空间中出现过 [C:\001_AI\_audit_1485_ab\src\Tests\PresentationTests\PresentationTests.csproj]
C:\001_AI\_audit_1485_ab\src\Tests\PresentationTests\Presenter\PresenterBlacksmithShowcaseRuntimeTests.cs(25,7): warning CS0105: “Ludots.Platform.Abstractions”的 using 指令以前在此命名空间中出现过 [C:\001_AI\_audit_1485_ab\src\Tests\PresentationTests\PresentationTests.csproj]
C:\001_AI\_audit_1485_ab\src\Tests\PresentationTests\Presenter\PresenterBlacksmithShowcaseScatterBenchmarkTests.cs(18,7): warning CS0105: “Ludots.Platform.Abstractions”的 using 指令以前在此命名空间中出现过 [C:\001_AI\_audit_1485_ab\src\Tests\PresentationTests\PresentationTests.csproj]
C:\001_AI\_audit_1485_ab\src\Tests\PresentationTests\Rendering\StaticMeshAdapterSyncPlannerTests.cs(8,7): warning CS0105: “Ludots.Raylib.Render”的 using 指令以前在此命名空间中出现过 [C:\001_AI\_audit_1485_ab\src\Tests\PresentationTests\PresentationTests.csproj]
C:\001_AI\_audit_1485_ab\src\Tests\PresentationTests\Showcases\SoundShowcaseAcceptanceTests.cs(378,25): warning CS8600: 将 null 文本或可能的 null 值转换为不可为 null 类型。 [C:\001_AI\_audit_1485_ab\src\Tests\PresentationTests\PresentationTests.csproj]
C:\001_AI\_audit_1485_ab\src\Tests\PresentationTests\Presenter\PresenterDurationChainTests.cs(124,44): warning CS8600: 将 null 文本或可能的 null 值转换为不可为 null 类型。 [C:\001_AI\_audit_1485_ab\src\Tests\PresentationTests\PresentationTests.csproj]
C:\001_AI\_audit_1485_ab\src\Tests\PresentationTests\Presenter\PresenterDurationChainTests.cs(131,44): warning CS8600: 将 null 文本或可能的 null 值转换为不可为 null 类型。 [C:\001_AI\_audit_1485_ab\src\Tests\PresentationTests\PresentationTests.csproj]
C:\001_AI\_audit_1485_ab\src\Tests\PresentationTests\Presenter\PresenterDurationChainTests.cs(150,44): warning CS8600: 将 null 文本或可能的 null 值转换为不可为 null 类型。 [C:\001_AI\_audit_1485_ab\src\Tests\PresentationTests\PresentationTests.csproj]
C:\001_AI\_audit_1485_ab\src\Tests\PresentationTests\Presenter\PresenterDurationChainTests.cs(656,41): warning CS8604: “PresenterDefinitionConfigLoader.PresenterDefinitionConfigLoader(ConfigPipeline configs, PresenterDefinitionRegistry registry, Func<string, int> resolveAttributeName = null, Func<string, int> resolveMeshId = null, Func<string, int> resolveTextTokenId = null, Func<string, int> resolveEntityTemplateKey = null, Func<string, int> resolveEffectTemplateId = null, Func<string, int> resolveMaterialId = null, Func<string, int> resolveAnimatorControllerId = null, Func<string, int> resolveAnimationProfileId = null, Func<AssetKind, string, int> resolveBehaviorAssetId = null, Func<string, int> resolveInstancedBatchAssetId = null, Func<string, int> resolveEntityCollectionKeyId = null, Func<string, int> resolveInteractionContextProfileId = null, PresenterCommandKindRegistry? commandKinds = null, PresenterBehaviorKindRegistry? behaviorKinds = null, Func<int, GraphKind>? resolveGraphProgramKind = null)”中的形参“resolveBehaviorAssetId”可能传入 null 引用实参。 [C:\001_AI\_audit_1485_ab\src\Tests\PresentationTests\PresentationTests.csproj]
C:\001_AI\_audit_1485_ab\src\Tests\PresentationTests\MassNavigation\MassNavigationFlowSolverStateConfigurationTests.cs(388,13): warning NUnit1033: The Write methods are wrappers on TestContext.Out (https://github.com/nunit/nunit.analyzers/tree/master/documentation/NUnit1033.md) [C:\001_AI\_audit_1485_ab\src\Tests\PresentationTests\PresentationTests.csproj]
C:\001_AI\_audit_1485_ab\src\Tests\PresentationTests\MassNavigation\MassNavigationFlowSolverStateConfigurationTests.cs(436,13): warning NUnit1033: The Write methods are wrappers on TestContext.Out (https://github.com/nunit/nunit.analyzers/tree/master/documentation/NUnit1033.md) [C:\001_AI\_audit_1485_ab\src\Tests\PresentationTests\PresentationTests.csproj]
  PresentationTests -> C:\001_AI\_audit_1485_ab\src\Tests\PresentationTests\bin\Release\net9.0\PresentationTests.dll
C:\001_AI\_audit_1485_ab\src\Tests\PresentationTests\bin\Release\net9.0\PresentationTests.dll (.NETCoreApp,Version=v9.0)的测试运行
VSTest 版本 17.14.1 (x64)

正在启动测试执行，请稍候...
总共 1 个测试文件与指定模式相匹配。
NUnit Adapter 4.6.0.0: Test execution started
Running selected tests in C:\001_AI\_audit_1485_ab\src\Tests\PresentationTests\bin\Release\net9.0\PresentationTests.dll
   NUnit3TestExecutor discovered 1 of 1 NUnit test cases using Current Discovery mode, Non-Explicit run
[INF][Engine] Initializing with ConfigPipeline...
[INF][Engine] Resolving mod dependencies from explicit mod paths: mods=5
[INF][ModLoader] Mod Load Order:
[INF][ModLoader] - LudotsCoreMod (P:-1000)
[INF][ModLoader] - CoreInputMod (P:0)
[INF][ModLoader] - SelectionInteractionMod (P:0)
[INF][ModLoader] - MassNavigationMod (P:0)
[INF][ModLoader] - CapabilityStandardMassNavigationLargeWorld10kMod (P:-2000)
[INF][ModLoader] Resolved Mod Load Order (launcher graph):
[INF][ModLoader] - LudotsCoreMod (P:-1000)
[INF][ModLoader] - CoreInputMod (P:0)
[INF][ModLoader] - SelectionInteractionMod (P:0)
[INF][ModLoader] - MassNavigationMod (P:0)
[INF][ModLoader] - CapabilityStandardMassNavigationLargeWorld10kMod (P:-2000)
[INF][ModLoader] Loading DLL for LudotsCoreMod at C:\001_AI\_audit_1485_ab\mods\LudotsCoreMod\bin\net9.0\LudotsCoreMod.dll
[INF][ModLoader] Scanning 2 types in assembly...
[INF][ModLoader] Instantiated entry for LudotsCoreMod. Calling OnLoad...
[INF][Mod.LudotsCoreMod] [LudotsCoreMod] Loaded - Core game framework initialized
[INF][ModLoader] LudotsCoreMod OnLoad completed.
[INF][ModLoader] Loaded LudotsCoreMod
[INF][ModLoader] Loading DLL for CoreInputMod at C:\001_AI\_audit_1485_ab\mods\CoreInputMod\bin\net9.0\CoreInputMod.dll
[INF][ModLoader] Scanning 33 types in assembly...
[INF][ModLoader] Instantiated entry for CoreInputMod. Calling OnLoad...
[INF][Mod.CoreInputMod] [CoreInputMod] Loaded - generic command-source and GAS input
[INF][ModLoader] CoreInputMod OnLoad completed.
[INF][ModLoader] Loaded CoreInputMod
[INF][ModLoader] Skip code load for SelectionInteractionMod: manifest has no 'main' (asset-only mod).
[INF][ModLoader] Loading DLL for MassNavigationMod at C:\001_AI\_audit_1485_ab\mods\capabilities\navigation\MassNavigationMod\bin\net9.0\MassNavigationMod.dll
[INF][ModLoader] Scanning 2 types in assembly...
[INF][ModLoader] Instantiated entry for MassNavigationMod. Calling OnLoad...
[INF][Mod.MassNavigationMod] [MassNavigationMod] Loaded MassNavigation assets and MovePlan order adapter.
[INF][ModLoader] MassNavigationMod OnLoad completed.
[INF][ModLoader] Loaded MassNavigationMod
[INF][ModLoader] Loading DLL for CapabilityStandardMassNavigationLargeWorld10kMod at C:\001_AI\_audit_1485_ab\mods\showcases\capability_standard\CapabilityStandardMassNavigationLargeWorld10kMod\bin\net9.0\CapabilityStandardMassNavigationLargeWorld10kMod.dll
[INF][ModLoader] Scanning 4 types in assembly...
[INF][ModLoader] Instantiated entry for CapabilityStandardMassNavigationLargeWorld10kMod. Calling OnLoad...
[INF][Mod.CapabilityStandardMassNavigationLargeWorld10kMod] [CapabilityStandardMassNavigationLargeWorld10kMod] Loaded
[INF][ModLoader] CapabilityStandardMassNavigationLargeWorld10kMod OnLoad completed.
[INF][ModLoader] Loaded CapabilityStandardMassNavigationLargeWorld10kMod
[INF][Config] Merged fragment from: Core:game.json
[INF][Config] Merged fragment from: LudotsCoreMod:assets/game.json
[INF][Config] Merged fragment from: MassNavigationMod:assets/game.json
[INF][Config] Merged fragment from: CapabilityStandardMassNavigationLargeWorld10kMod:assets/game.json
[INF][Config] Merged fragment from: Core:config_catalog.json
[INF][Config] Merged fragment from: MassNavigationMod:assets/config_catalog.json
[INF][Config] Merged fragment from: CapabilityStandardMassNavigationLargeWorld10kMod:assets/config_catalog.json
[INF][Config] Merged fragment from: Core:Navigation/agent_profiles.json
[INF][Engine] Merged GameConfig: StartupMapId=mass_navigation, DefaultCoreMod=LudotsCoreMod
[INF][Engine] Constants loaded: OrderTypeIds=4, ResponseChainOrderTypeIds=3
[INF][Engine] Initializing JobScheduler...
[INF][Config] Loading DataRegistry<EntityTemplate> from Entities/templates.json...
[INF][Config] Merged fragment from: LudotsCoreMod:assets/Entities/templates.json
[INF][Config] Merged fragment from: MassNavigationMod:assets/Entities/templates.json
[INF][Config] Loaded 16 DataRegistry<EntityTemplate> items.
[INF][Engine] Initializing Core GAS Systems...
[INF][Config] Merged fragment from: Core:Engine/clock.json
[INF][Config] Merged fragment from: Core:Relationships/catalog.json
[INF][Config] Merged fragment from: LudotsCoreMod:assets/Relationships/catalog.json
[INF][Config] Merged fragment from: Core:Relationships/control_profiles.json
[INF][Config] Merged fragment from: Core:GAS/target_dispatch_presets.json
[INF][Config] Merged fragment from: Core:GAS/clock.json
[INF][Config] Merged fragment from: Core:Physics2D/clock.json
[INF][Config] Merged fragment from: Core:Physics2D/solver.json
[INF][Config] Merged fragment from: Core:Physics2D/kinematic.json
[INF][Config] Merged fragment from: Core:GAS/attribute_constraints.json
[INF][Config] Merged fragment from: MassNavigationMod:assets/GAS/attribute_constraints.json
[INF][Config] Merged fragment from: Core:Enums/enums.json
[INF][Config] Merged fragment from: Core:Vision/fog_layers.json
[INF][Config] Merged fragment from: LudotsCoreMod:assets/Presentation/text_tokens.json
[INF][Config] Merged fragment from: LudotsCoreMod:assets/Presentation/text_tokens.json
[INF][Config] Merged fragment from: LudotsCoreMod:assets/Presentation/text_locales.json
[INF][Config] Merged fragment from: Core:GraphTables/lookup_tables.json
[INF][Config] Merged fragment from: Core:GAS/graphs.json
[INF][Config] Merged fragment from: SelectionInteractionMod:assets/GAS/graphs/graph.case_e.box_begin.json
[INF][Config] Merged fragment from: SelectionInteractionMod:assets/GAS/graphs/graph.case_e.box_commit.json
[INF][Config] Merged fragment from: SelectionInteractionMod:assets/GAS/graphs/graph.case_e.box_hit.json
[INF][Config] Merged fragment from: SelectionInteractionMod:assets/GAS/graphs/graph.case_e.selection_commit.json
[INF][Config] Merged fragment from: SelectionInteractionMod:assets/GAS/graphs/graph.case_e.selection_preview_clear.json
[INF][Config] Merged fragment from: SelectionInteractionMod:assets/GAS/graphs/graph.case_e.selection_preview_tick.json
[INF][Config] Merged fragment from: SelectionInteractionMod:assets/GAS/graphs/graph.selection.rectangle_hits.json
[INF][Config] Merged fragment from: MassNavigationMod:assets/GAS/graphs.json
[INF][Config] Merged fragment from: MassNavigationMod:assets/GAS/graphs/graph.case_e.box_hit.json
[INF][Config] Merged fragment from: MassNavigationMod:assets/GAS/graphs/graph.mass_navigation.selection_candidates.json
[INF][Config] Merged fragment from: MassNavigationMod:assets/GAS/graphs/graph.mass_navigation.selection_roster.json
[INF][Config] Merged fragment from: Core:GAS/preset_types.json
[INF][Config] Merged fragment from: Core:Exchange/operations.json
[INF][Config] Merged fragment from: Core:Progression/scopes.json
[INF][Config] Merged fragment from: Core:Progression/progressions.json
[INF][Config] Merged fragment from: Core:Progression/requirements.json
[INF][Config] Merged fragment from: LudotsCoreMod:assets/GAS/order_types.json
[INF][Config] Merged fragment from: MassNavigationMod:assets/GAS/order_types.json
[INF][Config] Merged fragment from: Core:GAS/effects.json
[INF][Config] Merged fragment from: MassNavigationMod:assets/GAS/effects.json
[INF][Config] Merged fragment from: MassNavigationMod:assets/GAS/tag_rules.json
[INF][Config] Merged fragment from: Core:GAS/func_lib.json
[INF][Config] Merged fragment from: Core:GAS/action_lib.json
[INF][Config] Merged fragment from: Core:Items/shapes.json
[INF][Config] Merged fragment from: Core:Items/layouts.json
[INF][Config] Merged fragment from: Core:Items/definitions.json
[INF][Config] Merged fragment from: Core:Exchange/operations.json
[INF][Config] Merged fragment from: Core:Panels/panel_templates.json
[INF][Config] Merged fragment from: Core:Input/filter_profiles.json
[INF][Config] Merged fragment from: Core:Presentation/lod_profiles.json
[INF][Config] Merged fragment from: Core:Presentation/particle_vfx.json
[INF][Config] Merged fragment from: LudotsCoreMod:assets/Presentation/mesh_assets.json
[INF][Config] Merged fragment from: SelectionInteractionMod:assets/Presentation/mesh_assets.json
[INF][Config] Merged fragment from: MassNavigationMod:assets/Presentation/mesh_assets.json
[INF][Config] Merged fragment from: LudotsCoreMod:assets/Presentation/material_assets.json
[INF][Config] Merged fragment from: LudotsCoreMod:assets/Presentation/animator_controllers.json
[INF][Config] Merged fragment from: MassNavigationMod:assets/Presentation/animator_controllers.json
[INF][Config] Merged fragment from: LudotsCoreMod:assets/Presentation/animation_clips.json
[INF][Config] Merged fragment from: MassNavigationMod:assets/Presentation/animation_clips.json
[INF][Config] Merged fragment from: LudotsCoreMod:assets/Presentation/animation_profiles.json
[INF][Config] Merged fragment from: MassNavigationMod:assets/Presentation/animation_profiles.json
[INF][Config] Merged fragment from: Core:Input/interaction_context_profiles.json
[INF][Config] Merged fragment from: SelectionInteractionMod:assets/Input/interaction_context_profiles.json
[INF][Config] Merged fragment from: LudotsCoreMod:assets/Presentation/presenters.json
[INF][Config] Merged fragment from: CoreInputMod:assets/Presentation/presenters.json
[INF][Config] Merged fragment from: SelectionInteractionMod:assets/Presentation/presenters.json
[INF][Config] Merged fragment from: MassNavigationMod:assets/Presentation/presenters.json
[INF][Config] Merged fragment from: Core:GAS/attribute_bindings.json
[INF][Config] Merged fragment from: Core:config_catalog.json
[INF][Config] Merged fragment from: MassNavigationMod:assets/config_catalog.json
[INF][Config] Merged fragment from: CapabilityStandardMassNavigationLargeWorld10kMod:assets/config_catalog.json
[INF][Config] Merged fragment from: Core:Input/default_input.json
[INF][Config] Merged fragment from: CoreInputMod:assets/Input/default_input.json
[INF][Config] Merged fragment from: SelectionInteractionMod:assets/Input/default_input.json
[INF][Config] Merged fragment from: Core:Input/action_attribute_bindings.json
[INF][Config] Merged fragment from: Core:Input/command_intent_profiles.json
[INF][Config] Merged fragment from: CapabilityStandardMassNavigationLargeWorld10kMod:assets/Input/command_intent_profiles.json
[INF][Config] Merged fragment from: Core:Input/cast_commit_profiles.json
[INF][Config] Merged fragment from: Core:Input/cast_commit_locks.json
[INF][Config] Merged fragment from: Core:Input/cast_dispatch_profiles.json
[INF][Config] Merged fragment from: Core:Input/control_schemes.json
[INF][Config] Merged fragment from: Core:Input/interaction_prefs.json
[INF][Config] Merged fragment from: Core:Input/interaction_modes.json
[INF][Config] Merged fragment from: Core:UI/ability_aggregation_profiles.json
[INF][Config] Merged fragment from: Core:UI/command_deck_profiles.json
[INF][Config] Merged fragment from: Core:UI/production_overview_profiles.json
[INF][Config] Merged fragment from: Core:AI/behavior_trees.json
[INF][Config] Merged fragment from: Core:AI/hfsm.json
[INF][Config] Merged fragment from: Core:Presentation/semantic_maps.json
[INF][Config] Merged fragment from: Core:Presentation/image_assets.json
[INF][Config] Merged fragment from: Core:Camera/virtual_cameras.json
[INF][Config] Merged fragment from: MassNavigationMod:assets/Camera/virtual_cameras.json
[INF][Config] Merged fragment from: Core:Story/lines.json
[INF][Config] Merged fragment from: Core:Story/presentation_profiles.json
[INF][Config] Merged fragment from: Core:Story/speakers.json
[INF][Config] Merged fragment from: Core:Dialogue/dialogues.json
[INF][Config] Merged fragment from: Core:Sequencer/sequences.json
[INF][ModLoader] No registration conflicts detected.
[INF][Config] Merged fragment from: MassNavigationMod:assets/Presentation/host_assets.json
[INF][Config] Merged fragment from: Core:config_catalog.json
[INF][Config] Merged fragment from: MassNavigationMod:assets/config_catalog.json
[INF][Config] Merged fragment from: CapabilityStandardMassNavigationLargeWorld10kMod:assets/config_catalog.json
[INF][Config] Merged fragment from: Core:Input/default_input.json
[INF][Config] Merged fragment from: CoreInputMod:assets/Input/default_input.json
[INF][Config] Merged fragment from: SelectionInteractionMod:assets/Input/default_input.json
[INF][Engine] Firing GameStart event...
[LudotsCoreMod] Core systems installed
[INF][Mod.CoreInputMod] [CoreInputMod] No viewmodes.json found, skipping.
[INF][Mod.CoreInputMod] [CoreInputMod] No viewmodes.json found, skipping.
[INF][Mod.CoreInputMod] [CoreInputMod] No viewmodes.json found, skipping.
[INF][Mod.CoreInputMod] [CoreInputMod] No viewmodes.json found, skipping.
[INF][Mod.CoreInputMod] [CoreInputMod] No viewmodes.json found, skipping.
[INF][Mod.CoreInputMod] [CoreInputMod] Acquisition enabled: False; input and presentation systems registered.
[INF][Engine] Loading Map: mass_navigation
[INF][Map] Loading Map: mass_navigation
[INF][Config] Merged fragment from: MassNavigationMod:assets/Maps/mass_navigation.json
[INF][Config] Merged fragment from: CapabilityStandardMassNavigationLargeWorld10kMod:assets/Maps/mass_navigation.json
[INF][Map] Map 'mass_navigation' loaded.
[INF][Map] Creating GridBoard 'default' (250x250 macroTiles, cell=100cm)
[INF][Engine] Created Board 'default' (type=Grid) for map 'mass_navigation'
[INF][Map] Map 'mass_navigation' pushed to focus (stack depth=1).
[INF][Engine] ContinuousHeightmap does not cover board 'default' extent 6400000x6400000cm; keeping flat grid terrain.
[INF][Engine] Created flat grid LogicTerrainField 64000x64000 cells for board 'default'
[INF][Config] Merged fragment from: Core:Navigation/pathing.json
[INF][Engine] Pathing bootstrap skipped for map 'mass_navigation': no node-graph board or navmesh query service is loaded.
[INF][Engine] Creating Entities from MapConfig...
[INF][Engine] Registered 2 triggers for map 'mass_navigation'.
[INF][Engine] Applied DefaultCamera: yaw=45 pitch=42 dist=14000cm fov=60
[INF][Config] Merged fragment from: MassNavigationMod:assets/MassNavigationConfig.json
[INF][Engine] [MassNavigation runtime] Installed mass-navigation runtime.
[INF][Engine] Firing MapLoaded event for mass_navigation...
[WRN][Engine] Duplicate registration for trigger type TriggerGraphMountTrigger. Keeping original.
[WRN][Engine] Duplicate registration for trigger type TriggerGraphResumeTrigger. Keeping original.
[INF][Engine] Appended 2 triggers to map 'mass_navigation'.
[DEBUG-a4f2] longalloc warmup=300 frames=120 agents=10000 gen0=3 gen1=1
[DEBUG-a4f2] frame,total_bytes,aggregator_bytes,aggregator_removes,aggregator_playback_bytes,clear_bytes,clear_removes,clear_playback_bytes,spatial_bytes,new_cells,new_cell_bytes
[DEBUG-a4f2] 0,9792,0,0,0,0,0,0,0,0,0
[DEBUG-a4f2] 1,577288,294328,195,285856,263584,196,255104,0,0,0
[DEBUG-a4f2] 2,54640,0,0,0,0,0,0,41112,47,21808
[DEBUG-a4f2] 3,1080,0,0,0,0,0,0,0,0,0
[DEBUG-a4f2] 4,527008,272128,180,263888,244296,181,236056,0,0,0
[DEBUG-a4f2] 5,45704,0,0,0,0,0,0,44288,45,20880
[DEBUG-a4f2] 6,1080,0,0,0,0,0,0,0,0,0
[DEBUG-a4f2] 7,481904,244224,161,235984,218384,162,209904,0,0,0
[DEBUG-a4f2] 8,21168,0,0,0,0,0,0,240,0,0
[DEBUG-a4f2] 9,9792,0,0,0,0,0,0,0,0,0
[DEBUG-a4f2] 10,9320,0,0,0,0,0,0,0,0,0
[DEBUG-a4f2] 11,540424,278272,184,269800,251016,185,242536,0,0,0
[DEBUG-a4f2] 12,51992,0,0,0,0,0,0,38464,37,17168
[DEBUG-a4f2] 13,1080,0,0,0,0,0,0,0,0,0
[DEBUG-a4f2] 14,542896,280896,186,272656,251416,187,243176,0,0,0
[DEBUG-a4f2] 15,54200,0,0,0,0,0,0,52784,59,27376
[DEBUG-a4f2] 16,1080,0,0,0,0,0,0,0,0,0
[DEBUG-a4f2] 17,536680,276576,183,268336,249520,184,241280,0,0,0
[DEBUG-a4f2] 18,44368,0,0,0,0,0,0,42952,58,26912
[DEBUG-a4f2] 19,1080,0,0,0,0,0,0,0,0,0
[DEBUG-a4f2] 20,441176,226688,149,218448,203904,150,195664,0,0,0
[DEBUG-a4f2] 21,1416,0,0,0,0,0,0,0,0,0
[DEBUG-a4f2] 22,1080,0,0,0,0,0,0,0,0,0
[DEBUG-a4f2] 23,474896,244296,161,236056,220016,162,211776,0,0,0
[DEBUG-a4f2] 24,33472,0,0,0,0,0,0,32056,36,16704
[DEBUG-a4f2] 25,1080,0,0,0,0,0,0,0,0,0
[DEBUG-a4f2] 26,9320,0,0,0,0,0,0,0,0,0
[DEBUG-a4f2] 27,498752,242832,160,234592,218760,161,210520,34480,41,19024
[DEBUG-a4f2] 28,1080,0,0,0,0,0,0,0,0,0
[DEBUG-a4f2] 29,485992,250160,165,241920,225248,166,217008,0,0,0
[DEBUG-a4f2] 30,47432,0,0,0,0,0,0,46016,57,26448
[DEBUG-a4f2] 31,1080,0,0,0,0,0,0,0,0,0
[DEBUG-a4f2] 32,9320,0,0,0,0,0,0,0,0,0
[DEBUG-a4f2] 33,505936,264824,175,256584,238432,176,230192,0,0,0
[DEBUG-a4f2] 34,1080,0,0,0,0,0,0,0,0,0
[DEBUG-a4f2] 35,9320,0,0,0,0,0,0,0,0,0
[DEBUG-a4f2] 36,497136,261784,173,253544,233008,174,224768,0,0,0
[DEBUG-a4f2] 37,40344,0,0,0,0,0,0,38928,45,20880
[DEBUG-a4f2] 38,1080,0,0,0,0,0,0,0,0,0
[DEBUG-a4f2] 39,9320,0,0,0,0,0,0,0,0,0
[DEBUG-a4f2] 40,503624,239936,158,231696,217080,159,208840,43928,51,23664
[DEBUG-a4f2] 41,1080,0,0,0,0,0,0,0,0,0
[DEBUG-a4f2] 42,9320,0,0,0,0,0,0,0,0,0
[DEBUG-a4f2] 43,563672,275136,182,266896,248888,183,240648,36968,46,21344
[DEBUG-a4f2] 44,1080,0,0,0,0,0,0,0,0,0
[DEBUG-a4f2] 45,9320,0,0,0,0,0,0,0,0,0
[DEBUG-a4f2] 46,474072,248648,164,240408,222744,165,214504,0,0,0
[DEBUG-a4f2] 47,1080,0,0,0,0,0,0,0,0,0
[DEBUG-a4f2] 48,537456,277968,184,269728,248904,185,240664,0,0,0
[DEBUG-a4f2] 49,34280,0,0,0,0,0,0,32864,46,21344
[DEBUG-a4f2] 50,1080,0,0,0,0,0,0,0,0,0
[DEBUG-a4f2] 51,482192,248656,164,240416,222952,165,214712,0,0,0
[DEBUG-a4f2] 52,42368,0,0,0,0,0,0,40952,46,21344
[DEBUG-a4f2] 53,1080,0,0,0,0,0,0,0,0,0
[DEBUG-a4f2] 54,430296,220832,145,212592,198880,146,190640,0,0,0
[DEBUG-a4f2] 55,39864,0,0,0,0,0,0,38448,48,22272
[DEBUG-a4f2] 56,1080,0,0,0,0,0,0,0,0,0
[DEBUG-a4f2] 57,9320,0,0,0,0,0,0,0,0,0
[DEBUG-a4f2] 58,491688,257480,170,249240,231528,171,223288,0,0,0
[DEBUG-a4f2] 59,1080,0,0,0,0,0,0,0,0,0
[DEBUG-a4f2] 60,9320,0,0,0,0,0,0,0,0,0
[DEBUG-a4f2] 61,462192,226736,149,218496,205152,150,196912,27624,39,18096
[DEBUG-a4f2] 62,1080,0,0,0,0,0,0,0,0,0
[DEBUG-a4f2] 63,513192,264800,175,256560,237808,176,229568,0,0,0
[DEBUG-a4f2] 64,41848,0,0,0,0,0,0,40432,46,21344
[DEBUG-a4f2] 65,1080,0,0,0,0,0,0,0,0,0
[DEBUG-a4f2] 66,500368,258872,171,250632,230912,172,222672,0,0,0
[DEBUG-a4f2] 67,32936,0,0,0,0,0,0,31520,40,18560
[DEBUG-a4f2] 68,1080,0,0,0,0,0,0,0,0,0
[DEBUG-a4f2] 69,542896,280896,186,272656,251416,187,243176,0,0,0
[DEBUG-a4f2] 70,1416,0,0,0,0,0,0,0,0,0
[DEBUG-a4f2] 71,1080,0,0,0,0,0,0,0,0,0
[DEBUG-a4f2] 72,9320,0,0,0,0,0,0,0,0,0
[DEBUG-a4f2] 73,446320,234000,154,225760,209976,155,201736,0,0,0
[DEBUG-a4f2] 74,30832,0,0,0,0,0,0,29416,35,16240
[DEBUG-a4f2] 75,1080,0,0,0,0,0,0,0,0,0
[DEBUG-a4f2] 76,9320,0,0,0,0,0,0,0,0,0
[DEBUG-a4f2] 77,441744,231104,152,222864,208296,153,200056,0,0,0
[DEBUG-a4f2] 78,34984,0,0,0,0,0,0,33568,44,20416
[DEBUG-a4f2] 79,1080,0,0,0,0,0,0,0,0,0
[DEBUG-a4f2] 80,9320,0,0,0,0,0,0,0,0,0
[DEBUG-a4f2] 81,490832,239912,158,231672,216456,159,208216,31784,33,15312
[DEBUG-a4f2] 82,1080,0,0,0,0,0,0,0,0,0
[DEBUG-a4f2] 83,471744,242816,160,234576,218344,161,210104,0,0,0
[DEBUG-a4f2] 84,1416,0,0,0,0,0,0,0,0,0
[DEBUG-a4f2] 85,1080,0,0,0,0,0,0,0,0,0
[DEBUG-a4f2] 86,9320,0,0,0,0,0,0,0,0,0
[DEBUG-a4f2] 87,495408,261720,173,253480,231344,174,223104,0,0,0
[DEBUG-a4f2] 88,30760,0,0,0,0,0,0,29344,38,17632
[DEBUG-a4f2] 89,1080,0,0,0,0,0,0,0,0,0
[DEBUG-a4f2] 90,471096,242792,160,234552,217720,161,209480,0,0,0
[DEBUG-a4f2] 91,35896,0,0,0,0,0,0,34480,47,21808
[DEBUG-a4f2] 92,1080,0,0,0,0,0,0,0,0,0
[DEBUG-a4f2] 93,487200,251568,166,243328,225048,167,216808,0,0,0
[DEBUG-a4f2] 94,31784,0,0,0,0,0,0,30368,42,19488
[DEBUG-a4f2] 95,1080,0,0,0,0,0,0,0,0,0
[DEBUG-a4f2] 96,465528,238496,157,230256,216448,158,208208,0,0,0
[DEBUG-a4f2] 97,1416,0,0,0,0,0,0,0,0,0
[DEBUG-a4f2] 98,1080,0,0,0,0,0,0,0,0,0
[DEBUG-a4f2] 99,463584,238424,157,230184,214576,158,206336,0,0,0
[DEBUG-a4f2] 100,32952,0,0,0,0,0,0,31536,39,18096
[DEBUG-a4f2] 101,1080,0,0,0,0,0,0,0,0,0
[DEBUG-a4f2] 102,9320,0,0,0,0,0,0,0,0,0
[DEBUG-a4f2] 103,492600,244208,161,235968,217728,162,209488,27984,42,19488
[DEBUG-a4f2] 104,1080,0,0,0,0,0,0,0,0,0
[DEBUG-a4f2] 105,9320,0,0,0,0,0,0,0,0,0
[DEBUG-a4f2] 106,502232,263336,174,255096,236552,175,228312,0,0,0
[DEBUG-a4f2] 107,32648,0,0,0,0,0,0,31232,40,18560
[DEBUG-a4f2] 108,1080,0,0,0,0,0,0,0,0,0
[DEBUG-a4f2] 109,9320,0,0,0,0,0,0,0,0,0
[DEBUG-a4f2] 110,515544,266224,176,257984,238264,177,229784,0,0,0
[DEBUG-a4f2] 111,13768,0,0,0,0,0,0,240,0,0
[DEBUG-a4f2] 112,1080,0,0,0,0,0,0,0,0,0
[DEBUG-a4f2] 113,467168,235728,155,227256,212064,156,203824,0,0,0
[DEBUG-a4f2] 114,27728,0,0,0,0,0,0,26312,31,14384
[DEBUG-a4f2] 115,1080,0,0,0,0,0,0,0,0,0
[DEBUG-a4f2] 116,457624,236840,156,228600,210200,157,201960,0,0,0
[DEBUG-a4f2] 117,29136,0,0,0,0,0,0,27720,39,18096
[DEBUG-a4f2] 118,1080,0,0,0,0,0,0,0,0,0
[DEBUG-a4f2] 119,9320,0,0,0,0,0,0,0,0,0
[INF][Engine] Unloading ModLoader contexts...
[INF][Engine] Disposing JobScheduler...

NUnit Adapter 4.6.0.0: Test execution complete
  已通过 Probe_A4F2_LongAllocationAndStructuralCounts [30 s]

测试运行成功。
测试总数: 1
     通过数: 1
总时间: 32.6859 秒

有可用的工作负载更新。有关详细信息，请运行 `dotnet workload list`。
