  正在确定要还原的项目…
  所有项目均是最新的，无法还原。
  SkiaSharp -> C:\001_AI\LudotsClean\src\Libraries\SkiaSharp\SkiaSharp\bin\Debug\net8.0\SkiaSharp.dll
  Ludots.Contracts -> C:\001_AI\LudotsClean\src\Contracts\bin\Debug\net9.0\Ludots.Contracts.dll
  Raylib-cs -> C:\001_AI\LudotsClean\src\Libraries\Raylib-cs\bin\Debug\net9.0\Raylib-cs.dll
  ExCSS -> C:\001_AI\LudotsClean\src\Libraries\ExCSS\bin\Debug\net8.0\ExCSS.dll
  Ludots.Platform.Abstractions -> C:\001_AI\LudotsClean\src\Platform\Ludots.Platform.Abstractions\bin\Debug\net9.0\Ludots.Platform.Abstractions.dll
  Ludots.UI -> C:\001_AI\LudotsClean\src\Libraries\Ludots.UI\bin\Debug\net9.0\Ludots.UI.dll
  Arch -> C:\001_AI\LudotsClean\src\Libraries\Arch\src\Arch\bin\Debug\net8.0\Arch.dll
  ShimSkiaSharp -> C:\001_AI\LudotsClean\src\Libraries\Svg.Skia\ShimSkiaSharp\bin\Debug\net8.0\ShimSkiaSharp.dll
  Ludots.Platform.Desktop -> C:\001_AI\LudotsClean\src\Platform\Ludots.Platform.Desktop\bin\Debug\net9.0\Ludots.Platform.Desktop.dll
  Svg.Generators -> C:\001_AI\LudotsClean\src\Libraries\Svg.Skia\externals\SVG\Generators\bin\Debug\netstandard2.0\Svg.Generators.dll
  Arch.System -> C:\001_AI\LudotsClean\src\Libraries\Arch.Extended\Arch.System\bin\Debug\net7.0\Arch.System.dll
  Arch -> C:\001_AI\LudotsClean\src\Libraries\Arch\src\Arch\bin\Debug\net6.0\Arch.dll
  Ludots.UI.Browser -> C:\001_AI\LudotsClean\src\Libraries\Ludots.UI.Browser\bin\Debug\net9.0\Ludots.UI.Browser.dll
  Arch.Persistence -> C:\001_AI\LudotsClean\src\Libraries\Arch.Extended\Arch.Persistence\bin\Debug\net7.0\Arch.Persistence.dll
  Svg.Custom -> C:\001_AI\LudotsClean\src\Libraries\Svg.Skia\Svg.Custom\bin\Debug\net8.0\Svg.Custom.dll
  Arch.Relationships -> C:\001_AI\LudotsClean\src\Libraries\Arch.Extended\Arch.Relationships\bin\Debug\net7.0\Arch.Relationships.dll
  Ludots.Graph.Abstractions -> C:\001_AI\LudotsClean\src\Graph\Ludots.Graph.Abstractions\bin\Debug\net9.0\Ludots.Graph.Abstractions.dll
  Svg.Model -> C:\001_AI\LudotsClean\src\Libraries\Svg.Skia\Svg.Model\bin\Debug\net8.0\Svg.Model.dll
  DotRecast.Core -> C:\001_AI\LudotsClean\src\Libraries\DotRecast\src\DotRecast.Core\bin\Debug\net9.0\DotRecast.Core.dll
  DotRecast.Recast -> C:\001_AI\LudotsClean\src\Libraries\DotRecast\src\DotRecast.Recast\bin\Debug\net9.0\DotRecast.Recast.dll
  DotRecast.Detour -> C:\001_AI\LudotsClean\src\Libraries\DotRecast\src\DotRecast.Detour\bin\Debug\net9.0\DotRecast.Detour.dll
  Svg.Skia -> C:\001_AI\LudotsClean\src\Libraries\Svg.Skia\Svg.Skia\bin\Debug\net8.0\Svg.Skia.dll
  Ludots.UI.Skia -> C:\001_AI\LudotsClean\src\Libraries\Ludots.UI.Skia\bin\Debug\net9.0\Ludots.UI.Skia.dll
C:\001_AI\LudotsClean\src\Core\Engine\GameEngine.cs(72,7): warning CS0105: “Ludots.Core.Presentation.Hud”的 using 指令以前在此命名空间中出现过 [C:\001_AI\LudotsClean\src\Core\Ludots.Core.csproj]
C:\001_AI\LudotsClean\src\Core\Engine\GameEngine.cs(115,7): warning CS0105: “Ludots.Platform.Abstractions”的 using 指令以前在此命名空间中出现过 [C:\001_AI\LudotsClean\src\Core\Ludots.Core.csproj]
C:\001_AI\LudotsClean\src\Core\Presentation\Requests\PresentationRequestFlushSystem.cs(10,7): warning CS0105: “Ludots.Platform.Abstractions”的 using 指令以前在此命名空间中出现过 [C:\001_AI\LudotsClean\src\Core\Ludots.Core.csproj]
C:\001_AI\LudotsClean\src\Core\Scripting\CoreServiceKeys.cs(90,7): warning CS0105: “Ludots.Platform.Abstractions”的 using 指令以前在此命名空间中出现过 [C:\001_AI\LudotsClean\src\Core\Ludots.Core.csproj]
C:\001_AI\LudotsClean\src\Core\Engine\EngineClockConfig.cs(23,37): warning CS8625: 无法将 null 字面量转换为非 null 的引用类型。 [C:\001_AI\LudotsClean\src\Core\Ludots.Core.csproj]
C:\001_AI\LudotsClean\src\Core\Engine\EngineClockConfig.cs(24,43): warning CS8625: 无法将 null 字面量转换为非 null 的引用类型。 [C:\001_AI\LudotsClean\src\Core\Ludots.Core.csproj]
C:\001_AI\LudotsClean\src\Core\Layers\LayerMask.cs(60,30): warning CS8765: 参数“obj”类型的为 Null 性与重写成员不匹配(可能是由于为 Null 性特性)。 [C:\001_AI\LudotsClean\src\Core\Ludots.Core.csproj]
C:\001_AI\LudotsClean\src\Core\Input\Attributes\InputActionAttributeBindingLoader.cs(27,37): warning CS8625: 无法将 null 字面量转换为非 null 的引用类型。 [C:\001_AI\LudotsClean\src\Core\Ludots.Core.csproj]
C:\001_AI\LudotsClean\src\Core\Input\Attributes\InputActionAttributeBindingLoader.cs(28,43): warning CS8625: 无法将 null 字面量转换为非 null 的引用类型。 [C:\001_AI\LudotsClean\src\Core\Ludots.Core.csproj]
C:\001_AI\LudotsClean\src\Core\Config\ComponentRegistry.cs(124,68): warning CS8625: 无法将 null 字面量转换为非 null 的引用类型。 [C:\001_AI\LudotsClean\src\Core\Ludots.Core.csproj]
C:\001_AI\LudotsClean\src\Core\Config\ComponentRegistry.cs(153,89): warning CS8625: 无法将 null 字面量转换为非 null 的引用类型。 [C:\001_AI\LudotsClean\src\Core\Ludots.Core.csproj]
C:\001_AI\LudotsClean\src\Core\Config\ComponentRegistry.cs(163,100): warning CS8625: 无法将 null 字面量转换为非 null 的引用类型。 [C:\001_AI\LudotsClean\src\Core\Ludots.Core.csproj]
C:\001_AI\LudotsClean\src\Core\Config\ComponentRegistry.cs(168,92): warning CS8625: 无法将 null 字面量转换为非 null 的引用类型。 [C:\001_AI\LudotsClean\src\Core\Ludots.Core.csproj]
C:\001_AI\LudotsClean\src\Core\Config\ConfigMerger.cs(102,43): warning CS8625: 无法将 null 字面量转换为非 null 的引用类型。 [C:\001_AI\LudotsClean\src\Core\Ludots.Core.csproj]
C:\001_AI\LudotsClean\src\Core\Map\Board\BoardId.cs(21,30): warning CS8765: 参数“obj”类型的为 Null 性与重写成员不匹配(可能是由于为 Null 性特性)。 [C:\001_AI\LudotsClean\src\Core\Ludots.Core.csproj]
C:\001_AI\LudotsClean\src\Core\Config\DataRegistry.cs(19,71): warning CS8625: 无法将 null 字面量转换为非 null 的引用类型。 [C:\001_AI\LudotsClean\src\Core\Ludots.Core.csproj]
C:\001_AI\LudotsClean\src\Core\Config\DataRegistry.cs(19,107): warning CS8625: 无法将 null 字面量转换为非 null 的引用类型。 [C:\001_AI\LudotsClean\src\Core\Ludots.Core.csproj]
C:\001_AI\LudotsClean\src\Core\Config\ConfigPipeline.cs(157,72): warning CS8625: 无法将 null 字面量转换为非 null 的引用类型。 [C:\001_AI\LudotsClean\src\Core\Ludots.Core.csproj]
C:\001_AI\LudotsClean\src\Core\Config\ConfigPipeline.cs(168,72): warning CS8625: 无法将 null 字面量转换为非 null 的引用类型。 [C:\001_AI\LudotsClean\src\Core\Ludots.Core.csproj]
C:\001_AI\LudotsClean\src\Core\Config\EntityBuilder.cs(25,67): warning CS8625: 无法将 null 字面量转换为非 null 的引用类型。 [C:\001_AI\LudotsClean\src\Core\Ludots.Core.csproj]
C:\001_AI\LudotsClean\src\Core\Config\EntityBuilder.cs(26,58): warning CS8625: 无法将 null 字面量转换为非 null 的引用类型。 [C:\001_AI\LudotsClean\src\Core\Ludots.Core.csproj]
C:\001_AI\LudotsClean\src\Core\Engine\Pacemaker\PhaseOrderedCooperativeSimulation.cs(22,45): warning CS8625: 无法将 null 字面量转换为非 null 的引用类型。 [C:\001_AI\LudotsClean\src\Core\Ludots.Core.csproj]
C:\001_AI\LudotsClean\src\Core\Map\Hex\HexCoordinates.cs(239,30): warning CS8765: 参数“obj”类型的为 Null 性与重写成员不匹配(可能是由于为 Null 性特性)。 [C:\001_AI\LudotsClean\src\Core\Ludots.Core.csproj]
C:\001_AI\LudotsClean\src\Core\Engine\Physics2D\Physics2DClockConfig.cs(38,37): warning CS8625: 无法将 null 字面量转换为非 null 的引用类型。 [C:\001_AI\LudotsClean\src\Core\Ludots.Core.csproj]
C:\001_AI\LudotsClean\src\Core\Engine\Physics2D\Physics2DClockConfig.cs(39,43): warning CS8625: 无法将 null 字面量转换为非 null 的引用类型。 [C:\001_AI\LudotsClean\src\Core\Ludots.Core.csproj]
C:\001_AI\LudotsClean\src\Core\Engine\Physics2D\Physics2DClockConfig.cs(122,37): warning CS8625: 无法将 null 字面量转换为非 null 的引用类型。 [C:\001_AI\LudotsClean\src\Core\Ludots.Core.csproj]
C:\001_AI\LudotsClean\src\Core\Engine\Physics2D\Physics2DClockConfig.cs(123,43): warning CS8625: 无法将 null 字面量转换为非 null 的引用类型。 [C:\001_AI\LudotsClean\src\Core\Ludots.Core.csproj]
C:\001_AI\LudotsClean\src\Core\Modding\IVirtualFileSystem.cs(12,14): warning CS0108: “IVirtualFileSystem.TryResolveFullPath(string, out string)”隐藏继承的成员“IRenderAssetPathResolver.TryResolveFullPath(string, out string)”。如果是有意隐藏，请使用关键字 new。 [C:\001_AI\LudotsClean\src\Core\Ludots.Core.csproj]
C:\001_AI\LudotsClean\src\Core\Engine\Physics2D\Physics2DKinematicConfig.cs(30,37): warning CS8625: 无法将 null 字面量转换为非 null 的引用类型。 [C:\001_AI\LudotsClean\src\Core\Ludots.Core.csproj]
C:\001_AI\LudotsClean\src\Core\Engine\Physics2D\Physics2DKinematicConfig.cs(31,43): warning CS8625: 无法将 null 字面量转换为非 null 的引用类型。 [C:\001_AI\LudotsClean\src\Core\Ludots.Core.csproj]
C:\001_AI\LudotsClean\src\Core\Math\IntRect.cs(45,30): warning CS8765: 参数“obj”类型的为 Null 性与重写成员不匹配(可能是由于为 Null 性特性)。 [C:\001_AI\LudotsClean\src\Core\Ludots.Core.csproj]
C:\001_AI\LudotsClean\src\Core\Map\MapContext.cs(14,47): warning CS8625: 无法将 null 字面量转换为非 null 的引用类型。 [C:\001_AI\LudotsClean\src\Core\Ludots.Core.csproj]
C:\001_AI\LudotsClean\src\Core\Navigation\AgentProfiles\AgentProfileConfigLoader.cs(21,66): warning CS8625: 无法将 null 字面量转换为非 null 的引用类型。 [C:\001_AI\LudotsClean\src\Core\Ludots.Core.csproj]
C:\001_AI\LudotsClean\src\Core\Navigation\AgentProfiles\AgentProfileConfigLoader.cs(21,102): warning CS8625: 无法将 null 字面量转换为非 null 的引用类型。 [C:\001_AI\LudotsClean\src\Core\Ludots.Core.csproj]
C:\001_AI\LudotsClean\src\Core\Engine\GameEngine.cs(2715,89): warning CS8625: 无法将 null 字面量转换为非 null 的引用类型。 [C:\001_AI\LudotsClean\src\Core\Ludots.Core.csproj]
C:\001_AI\LudotsClean\src\Core\Map\MapFeatureFlags.cs(46,30): warning CS8765: 参数“obj”类型的为 Null 性与重写成员不匹配(可能是由于为 Null 性特性)。 [C:\001_AI\LudotsClean\src\Core\Ludots.Core.csproj]
C:\001_AI\LudotsClean\src\Core\Map\MapId.cs(15,30): warning CS8765: 参数“obj”类型的为 Null 性与重写成员不匹配(可能是由于为 Null 性特性)。 [C:\001_AI\LudotsClean\src\Core\Ludots.Core.csproj]
C:\001_AI\LudotsClean\src\Core\Input\Config\InputConfigPipelineLoader.cs(25,37): warning CS8625: 无法将 null 字面量转换为非 null 的引用类型。 [C:\001_AI\LudotsClean\src\Core\Ludots.Core.csproj]
C:\001_AI\LudotsClean\src\Core\Input\Config\InputConfigPipelineLoader.cs(26,43): warning CS8625: 无法将 null 字面量转换为非 null 的引用类型。 [C:\001_AI\LudotsClean\src\Core\Ludots.Core.csproj]
C:\001_AI\LudotsClean\src\Core\Map\MapManager.cs(26,135): warning CS8625: 无法将 null 字面量转换为非 null 的引用类型。 [C:\001_AI\LudotsClean\src\Core\Ludots.Core.csproj]
C:\001_AI\LudotsClean\src\Core\Map\MapSession.cs(71,88): warning CS8625: 无法将 null 字面量转换为非 null 的引用类型。 [C:\001_AI\LudotsClean\src\Core\Ludots.Core.csproj]
C:\001_AI\LudotsClean\src\Core\Input\Interaction\CastCommitProfile.cs(98,49): warning CS8625: 无法将 null 字面量转换为非 null 的引用类型。 [C:\001_AI\LudotsClean\src\Core\Ludots.Core.csproj]
C:\001_AI\LudotsClean\src\Core\Input\Interaction\CastCommitProfile.cs(99,60): warning CS8625: 无法将 null 字面量转换为非 null 的引用类型。 [C:\001_AI\LudotsClean\src\Core\Ludots.Core.csproj]
C:\001_AI\LudotsClean\src\Core\Map\MapSessionManager.cs(42,102): warning CS8625: 无法将 null 字面量转换为非 null 的引用类型。 [C:\001_AI\LudotsClean\src\Core\Ludots.Core.csproj]
C:\001_AI\LudotsClean\src\Core\Map\MapTag.cs(50,30): warning CS8765: 参数“obj”类型的为 Null 性与重写成员不匹配(可能是由于为 Null 性特性)。 [C:\001_AI\LudotsClean\src\Core\Ludots.Core.csproj]
C:\001_AI\LudotsClean\src\Core\Input\Interaction\CastCommitProfileConfigLoader.cs(38,37): warning CS8625: 无法将 null 字面量转换为非 null 的引用类型。 [C:\001_AI\LudotsClean\src\Core\Ludots.Core.csproj]
C:\001_AI\LudotsClean\src\Core\Input\Interaction\CastCommitProfileConfigLoader.cs(39,43): warning CS8625: 无法将 null 字面量转换为非 null 的引用类型。 [C:\001_AI\LudotsClean\src\Core\Ludots.Core.csproj]
C:\001_AI\LudotsClean\src\Core\Modding\ModLoader.cs(65,41): warning CS8625: 无法将 null 字面量转换为非 null 的引用类型。 [C:\001_AI\LudotsClean\src\Core\Ludots.Core.csproj]
C:\001_AI\LudotsClean\src\Core\Modding\ModLoader.cs(65,78): warning CS8625: 无法将 null 字面量转换为非 null 的引用类型。 [C:\001_AI\LudotsClean\src\Core\Ludots.Core.csproj]
C:\001_AI\LudotsClean\src\Core\Modding\ModLoader.cs(65,113): warning CS8625: 无法将 null 字面量转换为非 null 的引用类型。 [C:\001_AI\LudotsClean\src\Core\Ludots.Core.csproj]
C:\001_AI\LudotsClean\src\Core\Navigation\GraphEcs\GraphPathfindingSystem.cs(17,98): warning CS8625: 无法将 null 字面量转换为非 null 的引用类型。 [C:\001_AI\LudotsClean\src\Core\Ludots.Core.csproj]
C:\001_AI\LudotsClean\src\Core\Navigation\GraphCore\TagBits256.cs(25,30): warning CS8765: 参数“obj”类型的为 Null 性与重写成员不匹配(可能是由于为 Null 性特性)。 [C:\001_AI\LudotsClean\src\Core\Ludots.Core.csproj]
C:\001_AI\LudotsClean\src\Core\Gameplay\Camera\CameraViewportUtil.cs(157,118): warning CS8625: 无法将 null 字面量转换为非 null 的引用类型。 [C:\001_AI\LudotsClean\src\Core\Ludots.Core.csproj]
C:\001_AI\LudotsClean\src\Core\Gameplay\Camera\CameraViewportUtil.cs(165,129): warning CS8625: 无法将 null 字面量转换为非 null 的引用类型。 [C:\001_AI\LudotsClean\src\Core\Ludots.Core.csproj]
C:\001_AI\LudotsClean\src\Core\Input\Interaction\CastDispatchProfileConfigLoader.cs(32,37): warning CS8625: 无法将 null 字面量转换为非 null 的引用类型。 [C:\001_AI\LudotsClean\src\Core\Ludots.Core.csproj]
C:\001_AI\LudotsClean\src\Core\Input\Interaction\CastDispatchProfileConfigLoader.cs(33,43): warning CS8625: 无法将 null 字面量转换为非 null 的引用类型。 [C:\001_AI\LudotsClean\src\Core\Ludots.Core.csproj]
C:\001_AI\LudotsClean\src\Core\Registry\StringIntRegistry.cs(33,39): warning CS8625: 无法将 null 字面量转换为非 null 的引用类型。 [C:\001_AI\LudotsClean\src\Core\Ludots.Core.csproj]
C:\001_AI\LudotsClean\src\Core\Navigation\GraphWorld\GraphNodeKey.cs(21,30): warning CS8765: 参数“obj”类型的为 Null 性与重写成员不匹配(可能是由于为 Null 性特性)。 [C:\001_AI\LudotsClean\src\Core\Ludots.Core.csproj]
C:\001_AI\LudotsClean\src\Core\Input\Interaction\ClientCastPreferenceConfigLoader.cs(33,37): warning CS8625: 无法将 null 字面量转换为非 null 的引用类型。 [C:\001_AI\LudotsClean\src\Core\Ludots.Core.csproj]
C:\001_AI\LudotsClean\src\Core\Input\Interaction\ClientCastPreferenceConfigLoader.cs(34,43): warning CS8625: 无法将 null 字面量转换为非 null 的引用类型。 [C:\001_AI\LudotsClean\src\Core\Ludots.Core.csproj]
C:\001_AI\LudotsClean\src\Core\Input\Interaction\CommandIntentProfileConfigLoader.cs(34,37): warning CS8625: 无法将 null 字面量转换为非 null 的引用类型。 [C:\001_AI\LudotsClean\src\Core\Ludots.Core.csproj]
C:\001_AI\LudotsClean\src\Core\Input\Interaction\CommandIntentProfileConfigLoader.cs(35,43): warning CS8625: 无法将 null 字面量转换为非 null 的引用类型。 [C:\001_AI\LudotsClean\src\Core\Ludots.Core.csproj]
C:\001_AI\LudotsClean\src\Core\Navigation\NavMesh\Bake\BakePipeline.cs(69,43): warning CS8625: 无法将 null 字面量转换为非 null 的引用类型。 [C:\001_AI\LudotsClean\src\Core\Ludots.Core.csproj]
C:\001_AI\LudotsClean\src\Core\Navigation\NavMesh\Bake\BakePipeline.cs(91,43): warning CS8625: 无法将 null 字面量转换为非 null 的引用类型。 [C:\001_AI\LudotsClean\src\Core\Ludots.Core.csproj]
C:\001_AI\LudotsClean\src\Core\Navigation\NavMesh\Bake\BakePipeline.cs(752,182): warning CS8625: 无法将 null 字面量转换为非 null 的引用类型。 [C:\001_AI\LudotsClean\src\Core\Ludots.Core.csproj]
C:\001_AI\LudotsClean\src\Core\Navigation\NavMesh\Bake\BakePipeline.cs(410,34): warning CS8765: 参数“obj”类型的为 Null 性与重写成员不匹配(可能是由于为 Null 性特性)。 [C:\001_AI\LudotsClean\src\Core\Ludots.Core.csproj]
C:\001_AI\LudotsClean\src\Core\Presentation\Camera\CameraPresenter.cs(44,120): warning CS8625: 无法将 null 字面量转换为非 null 的引用类型。 [C:\001_AI\LudotsClean\src\Core\Ludots.Core.csproj]
C:\001_AI\LudotsClean\src\Core\Gameplay\Camera\VirtualCameraDefinitionLoader.cs(24,50): warning CS8625: 无法将 null 字面量转换为非 null 的引用类型。 [C:\001_AI\LudotsClean\src\Core\Ludots.Core.csproj]
C:\001_AI\LudotsClean\src\Core\Gameplay\Camera\VirtualCameraDefinitionLoader.cs(24,86): warning CS8625: 无法将 null 字面量转换为非 null 的引用类型。 [C:\001_AI\LudotsClean\src\Core\Ludots.Core.csproj]
C:\001_AI\LudotsClean\src\Core\Navigation\Pathing\Config\PathingConfigLoader.cs(20,37): warning CS8625: 无法将 null 字面量转换为非 null 的引用类型。 [C:\001_AI\LudotsClean\src\Core\Ludots.Core.csproj]
C:\001_AI\LudotsClean\src\Core\Navigation\Pathing\Config\PathingConfigLoader.cs(21,43): warning CS8625: 无法将 null 字面量转换为非 null 的引用类型。 [C:\001_AI\LudotsClean\src\Core\Ludots.Core.csproj]
C:\001_AI\LudotsClean\src\Core\Navigation\NavMesh\Bake\ContourExtractor.cs(23,30): warning CS8765: 参数“obj”类型的为 Null 性与重写成员不匹配(可能是由于为 Null 性特性)。 [C:\001_AI\LudotsClean\src\Core\Ludots.Core.csproj]
C:\001_AI\LudotsClean\src\Core\Navigation\NavMesh\Bake\ContourExtractor.cs(67,30): warning CS8765: 参数“obj”类型的为 Null 性与重写成员不匹配(可能是由于为 Null 性特性)。 [C:\001_AI\LudotsClean\src\Core\Ludots.Core.csproj]
C:\001_AI\LudotsClean\src\Core\Gameplay\GAS\AbilityDefinitionRegistry.cs(192,93): warning CS8625: 无法将 null 字面量转换为非 null 的引用类型。 [C:\001_AI\LudotsClean\src\Core\Ludots.Core.csproj]
C:\001_AI\LudotsClean\src\Core\Presentation\Config\AnimationClipConfigLoader.cs(22,50): warning CS8625: 无法将 null 字面量转换为非 null 的引用类型。 [C:\001_AI\LudotsClean\src\Core\Ludots.Core.csproj]
C:\001_AI\LudotsClean\src\Core\Presentation\Config\AnimationClipConfigLoader.cs(22,86): warning CS8625: 无法将 null 字面量转换为非 null 的引用类型。 [C:\001_AI\LudotsClean\src\Core\Ludots.Core.csproj]
C:\001_AI\LudotsClean\src\Core\Input\Interaction\CommandPrefConfigLoader.cs(33,37): warning CS8625: 无法将 null 字面量转换为非 null 的引用类型。 [C:\001_AI\LudotsClean\src\Core\Ludots.Core.csproj]
C:\001_AI\LudotsClean\src\Core\Input\Interaction\CommandPrefConfigLoader.cs(34,43): warning CS8625: 无法将 null 字面量转换为非 null 的引用类型。 [C:\001_AI\LudotsClean\src\Core\Ludots.Core.csproj]
C:\001_AI\LudotsClean\src\Core\Navigation\NavMesh\Bake\NavBakeContext.cs(45,30): warning CS8765: 参数“obj”类型的为 Null 性与重写成员不匹配(可能是由于为 Null 性特性)。 [C:\001_AI\LudotsClean\src\Core\Ludots.Core.csproj]
C:\001_AI\LudotsClean\src\Core\Presentation\Config\AnimationProfileConfigLoader.cs(27,50): warning CS8625: 无法将 null 字面量转换为非 null 的引用类型。 [C:\001_AI\LudotsClean\src\Core\Ludots.Core.csproj]
C:\001_AI\LudotsClean\src\Core\Presentation\Config\AnimationProfileConfigLoader.cs(27,86): warning CS8625: 无法将 null 字面量转换为非 null 的引用类型。 [C:\001_AI\LudotsClean\src\Core\Ludots.Core.csproj]
C:\001_AI\LudotsClean\src\Core\Presentation\Config\AnimatorControllerConfigLoader.cs(22,50): warning CS8625: 无法将 null 字面量转换为非 null 的引用类型。 [C:\001_AI\LudotsClean\src\Core\Ludots.Core.csproj]
C:\001_AI\LudotsClean\src\Core\Presentation\Config\AnimatorControllerConfigLoader.cs(22,86): warning CS8625: 无法将 null 字面量转换为非 null 的引用类型。 [C:\001_AI\LudotsClean\src\Core\Ludots.Core.csproj]
C:\001_AI\LudotsClean\src\Core\Input\Interaction\ControlSchemeConfigLoader.cs(35,37): warning CS8625: 无法将 null 字面量转换为非 null 的引用类型。 [C:\001_AI\LudotsClean\src\Core\Ludots.Core.csproj]
C:\001_AI\LudotsClean\src\Core\Input\Interaction\ControlSchemeConfigLoader.cs(36,43): warning CS8625: 无法将 null 字面量转换为非 null 的引用类型。 [C:\001_AI\LudotsClean\src\Core\Ludots.Core.csproj]
C:\001_AI\LudotsClean\src\Core\Gameplay\GAS\Bindings\AttributeBindingLoader.cs(24,37): warning CS8625: 无法将 null 字面量转换为非 null 的引用类型。 [C:\001_AI\LudotsClean\src\Core\Ludots.Core.csproj]
C:\001_AI\LudotsClean\src\Core\Gameplay\GAS\Bindings\AttributeBindingLoader.cs(25,43): warning CS8625: 无法将 null 字面量转换为非 null 的引用类型。 [C:\001_AI\LudotsClean\src\Core\Ludots.Core.csproj]
C:\001_AI\LudotsClean\src\Core\Spatial\WorldExtentSpec.cs(46,30): warning CS8765: 参数“obj”类型的为 Null 性与重写成员不匹配(可能是由于为 Null 性特性)。 [C:\001_AI\LudotsClean\src\Core\Ludots.Core.csproj]
C:\001_AI\LudotsClean\src\Core\Spatial\WorldSizeSpec.cs(25,30): warning CS8765: 参数“obj”类型的为 Null 性与重写成员不匹配(可能是由于为 Null 性特性)。 [C:\001_AI\LudotsClean\src\Core\Ludots.Core.csproj]
C:\001_AI\LudotsClean\src\Core\Input\Interaction\ControlSchemeRuntime.cs(36,56): warning CS8625: 无法将 null 字面量转换为非 null 的引用类型。 [C:\001_AI\LudotsClean\src\Core\Ludots.Core.csproj]
C:\001_AI\LudotsClean\src\Core\Input\Interaction\ControlSchemeRuntime.cs(37,53): warning CS8625: 无法将 null 字面量转换为非 null 的引用类型。 [C:\001_AI\LudotsClean\src\Core\Ludots.Core.csproj]
C:\001_AI\LudotsClean\src\Core\Input\Interaction\ControlSchemeRuntime.cs(38,43): warning CS8625: 无法将 null 字面量转换为非 null 的引用类型。 [C:\001_AI\LudotsClean\src\Core\Ludots.Core.csproj]
C:\001_AI\LudotsClean\src\Core\Input\Interaction\FilterProfileConfigLoader.cs(31,37): warning CS8625: 无法将 null 字面量转换为非 null 的引用类型。 [C:\001_AI\LudotsClean\src\Core\Ludots.Core.csproj]
C:\001_AI\LudotsClean\src\Core\Input\Interaction\FilterProfileConfigLoader.cs(32,43): warning CS8625: 无法将 null 字面量转换为非 null 的引用类型。 [C:\001_AI\LudotsClean\src\Core\Ludots.Core.csproj]
C:\001_AI\LudotsClean\src\Core\Presentation\Config\InstancedBatchAssetConfigLoader.cs(50,50): warning CS8625: 无法将 null 字面量转换为非 null 的引用类型。 [C:\001_AI\LudotsClean\src\Core\Ludots.Core.csproj]
C:\001_AI\LudotsClean\src\Core\Presentation\Config\InstancedBatchAssetConfigLoader.cs(50,86): warning CS8625: 无法将 null 字面量转换为非 null 的引用类型。 [C:\001_AI\LudotsClean\src\Core\Ludots.Core.csproj]
C:\001_AI\LudotsClean\src\Core\Presentation\Config\MeshAssetConfigLoader.cs(31,50): warning CS8625: 无法将 null 字面量转换为非 null 的引用类型。 [C:\001_AI\LudotsClean\src\Core\Ludots.Core.csproj]
C:\001_AI\LudotsClean\src\Core\Presentation\Config\MeshAssetConfigLoader.cs(31,86): warning CS8625: 无法将 null 字面量转换为非 null 的引用类型。 [C:\001_AI\LudotsClean\src\Core\Ludots.Core.csproj]
C:\001_AI\LudotsClean\src\Core\Navigation\NavMesh\Bake\PolygonProcessor.cs(14,63): warning CS8625: 无法将 null 字面量转换为非 null 的引用类型。 [C:\001_AI\LudotsClean\src\Core\Ludots.Core.csproj]
C:\001_AI\LudotsClean\src\Core\Presentation\Config\ParticleVfxConfigLoader.cs(21,50): warning CS8625: 无法将 null 字面量转换为非 null 的引用类型。 [C:\001_AI\LudotsClean\src\Core\Ludots.Core.csproj]
C:\001_AI\LudotsClean\src\Core\Presentation\Config\ParticleVfxConfigLoader.cs(21,86): warning CS8625: 无法将 null 字面量转换为非 null 的引用类型。 [C:\001_AI\LudotsClean\src\Core\Ludots.Core.csproj]
C:\001_AI\LudotsClean\src\Core\Input\Interaction\InteractionContextProfileConfigLoader.cs(33,37): warning CS8625: 无法将 null 字面量转换为非 null 的引用类型。 [C:\001_AI\LudotsClean\src\Core\Ludots.Core.csproj]
C:\001_AI\LudotsClean\src\Core\Input\Interaction\InteractionContextProfileConfigLoader.cs(34,43): warning CS8625: 无法将 null 字面量转换为非 null 的引用类型。 [C:\001_AI\LudotsClean\src\Core\Ludots.Core.csproj]
C:\001_AI\LudotsClean\src\Core\Presentation\Config\PresentationHostAssetConfigLoader.cs(27,69): warning CS8625: 无法将 null 字面量转换为非 null 的引用类型。 [C:\001_AI\LudotsClean\src\Core\Ludots.Core.csproj]
C:\001_AI\LudotsClean\src\Core\Presentation\Config\PresentationHostAssetConfigLoader.cs(27,105): warning CS8625: 无法将 null 字面量转换为非 null 的引用类型。 [C:\001_AI\LudotsClean\src\Core\Ludots.Core.csproj]
C:\001_AI\LudotsClean\src\Core\Presentation\Config\PresentationLodProfileConfigLoader.cs(24,50): warning CS8625: 无法将 null 字面量转换为非 null 的引用类型。 [C:\001_AI\LudotsClean\src\Core\Ludots.Core.csproj]
C:\001_AI\LudotsClean\src\Core\Presentation\Config\PresentationLodProfileConfigLoader.cs(24,86): warning CS8625: 无法将 null 字面量转换为非 null 的引用类型。 [C:\001_AI\LudotsClean\src\Core\Ludots.Core.csproj]
C:\001_AI\LudotsClean\src\Core\Presentation\Config\PresentationMaterialConfigLoader.cs(25,50): warning CS8625: 无法将 null 字面量转换为非 null 的引用类型。 [C:\001_AI\LudotsClean\src\Core\Ludots.Core.csproj]
C:\001_AI\LudotsClean\src\Core\Presentation\Config\PresentationMaterialConfigLoader.cs(25,86): warning CS8625: 无法将 null 字面量转换为非 null 的引用类型。 [C:\001_AI\LudotsClean\src\Core\Ludots.Core.csproj]
C:\001_AI\LudotsClean\src\Core\Scripting\EventKey.cs(15,30): warning CS8765: 参数“obj”类型的为 Null 性与重写成员不匹配(可能是由于为 Null 性特性)。 [C:\001_AI\LudotsClean\src\Core\Ludots.Core.csproj]
C:\001_AI\LudotsClean\src\Core\Gameplay\Progression\Config\ProgressionConfigLoader.cs(42,79): warning CS8625: 无法将 null 字面量转换为非 null 的引用类型。 [C:\001_AI\LudotsClean\src\Core\Ludots.Core.csproj]
C:\001_AI\LudotsClean\src\Core\Scripting\FunctionRegistry.cs(22,85): warning CS8625: 无法将 null 字面量转换为非 null 的引用类型。 [C:\001_AI\LudotsClean\src\Core\Ludots.Core.csproj]
C:\001_AI\LudotsClean\src\Core\Input\Orders\InputOrderMappingLoader.cs(27,37): warning CS8625: 无法将 null 字面量转换为非 null 的引用类型。 [C:\001_AI\LudotsClean\src\Core\Ludots.Core.csproj]
C:\001_AI\LudotsClean\src\Core\Input\Orders\InputOrderMappingLoader.cs(28,43): warning CS8625: 无法将 null 字面量转换为非 null 的引用类型。 [C:\001_AI\LudotsClean\src\Core\Ludots.Core.csproj]
C:\001_AI\LudotsClean\src\Core\Presentation\Config\PresentationTextCatalogLoader.cs(23,69): warning CS8625: 无法将 null 字面量转换为非 null 的引用类型。 [C:\001_AI\LudotsClean\src\Core\Ludots.Core.csproj]
C:\001_AI\LudotsClean\src\Core\Presentation\Config\PresentationTextCatalogLoader.cs(23,105): warning CS8625: 无法将 null 字面量转换为非 null 的引用类型。 [C:\001_AI\LudotsClean\src\Core\Ludots.Core.csproj]
C:\001_AI\LudotsClean\src\Core\Navigation\NavMesh\Config\NavMeshBakeConfigLoader.cs(27,37): warning CS8625: 无法将 null 字面量转换为非 null 的引用类型。 [C:\001_AI\LudotsClean\src\Core\Ludots.Core.csproj]
C:\001_AI\LudotsClean\src\Core\Navigation\NavMesh\Config\NavMeshBakeConfigLoader.cs(28,43): warning CS8625: 无法将 null 字面量转换为非 null 的引用类型。 [C:\001_AI\LudotsClean\src\Core\Ludots.Core.csproj]
C:\001_AI\LudotsClean\src\Core\Input\Interaction\InteractionModeConfigLoader.cs(31,37): warning CS8625: 无法将 null 字面量转换为非 null 的引用类型。 [C:\001_AI\LudotsClean\src\Core\Ludots.Core.csproj]
C:\001_AI\LudotsClean\src\Core\Input\Interaction\InteractionModeConfigLoader.cs(32,43): warning CS8625: 无法将 null 字面量转换为非 null 的引用类型。 [C:\001_AI\LudotsClean\src\Core\Ludots.Core.csproj]
C:\001_AI\LudotsClean\src\Core\Navigation\NavMesh\NavQueryServiceRegistry.cs(18,30): warning CS8765: 参数“obj”类型的为 Null 性与重写成员不匹配(可能是由于为 Null 性特性)。 [C:\001_AI\LudotsClean\src\Core\Ludots.Core.csproj]
C:\001_AI\LudotsClean\src\Core\UI\CommandDeck\CommandDeckProfileConfigLoader.cs(30,37): warning CS8625: 无法将 null 字面量转换为非 null 的引用类型。 [C:\001_AI\LudotsClean\src\Core\Ludots.Core.csproj]
C:\001_AI\LudotsClean\src\Core\UI\CommandDeck\CommandDeckProfileConfigLoader.cs(31,43): warning CS8625: 无法将 null 字面量转换为非 null 的引用类型。 [C:\001_AI\LudotsClean\src\Core\Ludots.Core.csproj]
C:\001_AI\LudotsClean\src\Core\Systems\MapLoader.cs(99,88): warning CS8625: 无法将 null 字面量转换为非 null 的引用类型。 [C:\001_AI\LudotsClean\src\Core\Ludots.Core.csproj]
C:\001_AI\LudotsClean\src\Core\Navigation\NavMesh\NavTileModels.cs(27,30): warning CS8765: 参数“obj”类型的为 Null 性与重写成员不匹配(可能是由于为 Null 性特性)。 [C:\001_AI\LudotsClean\src\Core\Ludots.Core.csproj]
C:\001_AI\LudotsClean\src\Core\Navigation\NavMesh\NavTileBuilder.cs(68,34): warning CS8765: 参数“obj”类型的为 Null 性与重写成员不匹配(可能是由于为 Null 性特性)。 [C:\001_AI\LudotsClean\src\Core\Ludots.Core.csproj]
C:\001_AI\LudotsClean\src\Core\Navigation\NavMesh\NavTileBuilder.cs(418,34): warning CS8765: 参数“obj”类型的为 Null 性与重写成员不匹配(可能是由于为 Null 性特性)。 [C:\001_AI\LudotsClean\src\Core\Ludots.Core.csproj]
C:\001_AI\LudotsClean\src\Core\Navigation\NavMesh\NavTileModels.cs(226,33): warning CS8625: 无法将 null 字面量转换为非 null 的引用类型。 [C:\001_AI\LudotsClean\src\Core\Ludots.Core.csproj]
C:\001_AI\LudotsClean\src\Core\Presentation\Config\PresenterDefinitionConfigLoader.cs(45,54): warning CS8625: 无法将 null 字面量转换为非 null 的引用类型。 [C:\001_AI\LudotsClean\src\Core\Ludots.Core.csproj]
C:\001_AI\LudotsClean\src\Core\Presentation\Config\PresenterDefinitionConfigLoader.cs(46,47): warning CS8625: 无法将 null 字面量转换为非 null 的引用类型。 [C:\001_AI\LudotsClean\src\Core\Ludots.Core.csproj]
C:\001_AI\LudotsClean\src\Core\Presentation\Config\PresenterDefinitionConfigLoader.cs(47,52): warning CS8625: 无法将 null 字面量转换为非 null 的引用类型。 [C:\001_AI\LudotsClean\src\Core\Ludots.Core.csproj]
C:\001_AI\LudotsClean\src\Core\Presentation\Config\PresenterDefinitionConfigLoader.cs(48,58): warning CS8625: 无法将 null 字面量转换为非 null 的引用类型。 [C:\001_AI\LudotsClean\src\Core\Ludots.Core.csproj]
C:\001_AI\LudotsClean\src\Core\Presentation\Config\PresenterDefinitionConfigLoader.cs(49,57): warning CS8625: 无法将 null 字面量转换为非 null 的引用类型。 [C:\001_AI\LudotsClean\src\Core\Ludots.Core.csproj]
C:\001_AI\LudotsClean\src\Core\Presentation\Config\PresenterDefinitionConfigLoader.cs(50,51): warning CS8625: 无法将 null 字面量转换为非 null 的引用类型。 [C:\001_AI\LudotsClean\src\Core\Ludots.Core.csproj]
C:\001_AI\LudotsClean\src\Core\Presentation\Config\PresenterDefinitionConfigLoader.cs(51,61): warning CS8625: 无法将 null 字面量转换为非 null 的引用类型。 [C:\001_AI\LudotsClean\src\Core\Ludots.Core.csproj]
C:\001_AI\LudotsClean\src\Core\Presentation\Config\PresenterDefinitionConfigLoader.cs(52,59): warning CS8625: 无法将 null 字面量转换为非 null 的引用类型。 [C:\001_AI\LudotsClean\src\Core\Ludots.Core.csproj]
C:\001_AI\LudotsClean\src\Core\Presentation\Config\PresenterDefinitionConfigLoader.cs(53,67): warning CS8625: 无法将 null 字面量转换为非 null 的引用类型。 [C:\001_AI\LudotsClean\src\Core\Ludots.Core.csproj]
C:\001_AI\LudotsClean\src\Core\Presentation\Config\PresenterDefinitionConfigLoader.cs(54,62): warning CS8625: 无法将 null 字面量转换为非 null 的引用类型。 [C:\001_AI\LudotsClean\src\Core\Ludots.Core.csproj]
C:\001_AI\LudotsClean\src\Core\Presentation\Config\PresenterDefinitionConfigLoader.cs(55,62): warning CS8625: 无法将 null 字面量转换为非 null 的引用类型。 [C:\001_AI\LudotsClean\src\Core\Ludots.Core.csproj]
C:\001_AI\LudotsClean\src\Core\Presentation\Config\PresenterDefinitionConfigLoader.cs(78,50): warning CS8625: 无法将 null 字面量转换为非 null 的引用类型。 [C:\001_AI\LudotsClean\src\Core\Ludots.Core.csproj]
C:\001_AI\LudotsClean\src\Core\Presentation\Config\PresenterDefinitionConfigLoader.cs(78,86): warning CS8625: 无法将 null 字面量转换为非 null 的引用类型。 [C:\001_AI\LudotsClean\src\Core\Ludots.Core.csproj]
C:\001_AI\LudotsClean\src\Core\UI\EntityCommandPanels\AbilityAggregationProfileConfigLoader.cs(33,37): warning CS8625: 无法将 null 字面量转换为非 null 的引用类型。 [C:\001_AI\LudotsClean\src\Core\Ludots.Core.csproj]
C:\001_AI\LudotsClean\src\Core\UI\EntityCommandPanels\AbilityAggregationProfileConfigLoader.cs(34,43): warning CS8625: 无法将 null 字面量转换为非 null 的引用类型。 [C:\001_AI\LudotsClean\src\Core\Ludots.Core.csproj]
C:\001_AI\LudotsClean\src\Core\Gameplay\GAS\Config\AbilityFormSetConfigLoader.cs(22,37): warning CS8625: 无法将 null 字面量转换为非 null 的引用类型。 [C:\001_AI\LudotsClean\src\Core\Ludots.Core.csproj]
C:\001_AI\LudotsClean\src\Core\Gameplay\GAS\Config\AbilityFormSetConfigLoader.cs(23,43): warning CS8625: 无法将 null 字面量转换为非 null 的引用类型。 [C:\001_AI\LudotsClean\src\Core\Ludots.Core.csproj]
C:\001_AI\LudotsClean\src\Core\Gameplay\GAS\Config\AttributeConstraintsLoader.cs(19,37): warning CS8625: 无法将 null 字面量转换为非 null 的引用类型。 [C:\001_AI\LudotsClean\src\Core\Ludots.Core.csproj]
C:\001_AI\LudotsClean\src\Core\Gameplay\GAS\Config\AttributeConstraintsLoader.cs(20,43): warning CS8625: 无法将 null 字面量转换为非 null 的引用类型。 [C:\001_AI\LudotsClean\src\Core\Ludots.Core.csproj]
C:\001_AI\LudotsClean\src\Core\Gameplay\GAS\Config\ContextGroupConfigLoader.cs(22,37): warning CS8625: 无法将 null 字面量转换为非 null 的引用类型。 [C:\001_AI\LudotsClean\src\Core\Ludots.Core.csproj]
C:\001_AI\LudotsClean\src\Core\Gameplay\GAS\Config\ContextGroupConfigLoader.cs(23,43): warning CS8625: 无法将 null 字面量转换为非 null 的引用类型。 [C:\001_AI\LudotsClean\src\Core\Ludots.Core.csproj]
C:\001_AI\LudotsClean\src\Core\UI\ProductionOverview\ProductionOverviewProfileConfigLoader.cs(30,37): warning CS8625: 无法将 null 字面量转换为非 null 的引用类型。 [C:\001_AI\LudotsClean\src\Core\Ludots.Core.csproj]
C:\001_AI\LudotsClean\src\Core\UI\ProductionOverview\ProductionOverviewProfileConfigLoader.cs(31,43): warning CS8625: 无法将 null 字面量转换为非 null 的引用类型。 [C:\001_AI\LudotsClean\src\Core\Ludots.Core.csproj]
C:\001_AI\LudotsClean\src\Core\Gameplay\Spawning\RuntimeEntitySpawnSystem.cs(95,49): warning CS8625: 无法将 null 字面量转换为非 null 的引用类型。 [C:\001_AI\LudotsClean\src\Core\Ludots.Core.csproj]
C:\001_AI\LudotsClean\src\Core\NodeLibraries\GASGraph\Host\GraphProgramConfigLoader.cs(57,37): warning CS8625: 无法将 null 字面量转换为非 null 的引用类型。 [C:\001_AI\LudotsClean\src\Core\Ludots.Core.csproj]
C:\001_AI\LudotsClean\src\Core\NodeLibraries\GASGraph\Host\GraphProgramConfigLoader.cs(58,43): warning CS8625: 无法将 null 字面量转换为非 null 的引用类型。 [C:\001_AI\LudotsClean\src\Core\Ludots.Core.csproj]
C:\001_AI\LudotsClean\src\Core\Gameplay\GAS\Config\GasClockConfig.cs(24,37): warning CS8625: 无法将 null 字面量转换为非 null 的引用类型。 [C:\001_AI\LudotsClean\src\Core\Ludots.Core.csproj]
C:\001_AI\LudotsClean\src\Core\Gameplay\GAS\Config\GasClockConfig.cs(25,43): warning CS8625: 无法将 null 字面量转换为非 null 的引用类型。 [C:\001_AI\LudotsClean\src\Core\Ludots.Core.csproj]
C:\001_AI\LudotsClean\src\Core\Gameplay\GAS\EffectTagContributionHelper.cs(13,154): warning CS8625: 无法将 null 字面量转换为非 null 的引用类型。 [C:\001_AI\LudotsClean\src\Core\Ludots.Core.csproj]
C:\001_AI\LudotsClean\src\Core\Gameplay\GAS\EffectTagContributionHelper.cs(50,157): warning CS8625: 无法将 null 字面量转换为非 null 的引用类型。 [C:\001_AI\LudotsClean\src\Core\Ludots.Core.csproj]
C:\001_AI\LudotsClean\src\Core\Gameplay\GAS\EffectTagContributionHelper.cs(84,177): warning CS8625: 无法将 null 字面量转换为非 null 的引用类型。 [C:\001_AI\LudotsClean\src\Core\Ludots.Core.csproj]
C:\001_AI\LudotsClean\src\Core\Gameplay\GAS\EffectTagContributionHelper.cs(134,136): warning CS8625: 无法将 null 字面量转换为非 null 的引用类型。 [C:\001_AI\LudotsClean\src\Core\Ludots.Core.csproj]
C:\001_AI\LudotsClean\src\Core\Gameplay\GAS\EffectTagContributionHelper.cs(159,137): warning CS8625: 无法将 null 字面量转换为非 null 的引用类型。 [C:\001_AI\LudotsClean\src\Core\Ludots.Core.csproj]
C:\001_AI\LudotsClean\src\Core\Gameplay\GAS\EffectTagContributionHelper.cs(182,159): warning CS8625: 无法将 null 字面量转换为非 null 的引用类型。 [C:\001_AI\LudotsClean\src\Core\Ludots.Core.csproj]
C:\001_AI\LudotsClean\src\Core\Gameplay\GAS\Config\PresetTypeLoader.cs(32,37): warning CS8625: 无法将 null 字面量转换为非 null 的引用类型。 [C:\001_AI\LudotsClean\src\Core\Ludots.Core.csproj]
C:\001_AI\LudotsClean\src\Core\Gameplay\GAS\Config\PresetTypeLoader.cs(33,43): warning CS8625: 无法将 null 字面量转换为非 null 的引用类型。 [C:\001_AI\LudotsClean\src\Core\Ludots.Core.csproj]
C:\001_AI\LudotsClean\src\Core\Gameplay\GAS\EffectTemplateRegistry.cs(440,89): warning CS8625: 无法将 null 字面量转换为非 null 的引用类型。 [C:\001_AI\LudotsClean\src\Core\Ludots.Core.csproj]
C:\001_AI\LudotsClean\src\Core\Gameplay\GAS\Config\TagRuleSetLoader.cs(20,37): warning CS8625: 无法将 null 字面量转换为非 null 的引用类型。 [C:\001_AI\LudotsClean\src\Core\Ludots.Core.csproj]
C:\001_AI\LudotsClean\src\Core\Gameplay\GAS\Config\TagRuleSetLoader.cs(21,43): warning CS8625: 无法将 null 字面量转换为非 null 的引用类型。 [C:\001_AI\LudotsClean\src\Core\Ludots.Core.csproj]
C:\001_AI\LudotsClean\src\Core\Gameplay\GAS\Config\TargetDispatchPresetLoader.cs(29,37): warning CS8625: 无法将 null 字面量转换为非 null 的引用类型。 [C:\001_AI\LudotsClean\src\Core\Ludots.Core.csproj]
C:\001_AI\LudotsClean\src\Core\Gameplay\GAS\Config\TargetDispatchPresetLoader.cs(30,43): warning CS8625: 无法将 null 字面量转换为非 null 的引用类型。 [C:\001_AI\LudotsClean\src\Core\Ludots.Core.csproj]
C:\001_AI\LudotsClean\src\Core\Gameplay\GAS\TagOps.cs(29,97): warning CS8625: 无法将 null 字面量转换为非 null 的引用类型。 [C:\001_AI\LudotsClean\src\Core\Ludots.Core.csproj]
C:\001_AI\LudotsClean\src\Core\Gameplay\GAS\Systems\AbilityFormRoutingSystem.cs(21,103): warning CS8625: 无法将 null 字面量转换为非 null 的引用类型。 [C:\001_AI\LudotsClean\src\Core\Ludots.Core.csproj]
C:\001_AI\LudotsClean\src\Core\Gameplay\GAS\Systems\AttributeAggregatorSystem.cs(28,92): warning CS8625: 无法将 null 字面量转换为非 null 的引用类型。 [C:\001_AI\LudotsClean\src\Core\Ludots.Core.csproj]
C:\001_AI\LudotsClean\src\Core\Gameplay\GAS\Systems\AttributeAggregatorSystem.cs(28,126): warning CS8625: 无法将 null 字面量转换为非 null 的引用类型。 [C:\001_AI\LudotsClean\src\Core\Ludots.Core.csproj]
C:\001_AI\LudotsClean\src\Core\Gameplay\GAS\Systems\AttributeAggregatorSystem.cs(28,148): warning CS8625: 无法将 null 字面量转换为非 null 的引用类型。 [C:\001_AI\LudotsClean\src\Core\Ludots.Core.csproj]
C:\001_AI\LudotsClean\src\Core\Gameplay\GAS\Systems\AbilitySystem.cs(25,60): warning CS8625: 无法将 null 字面量转换为非 null 的引用类型。 [C:\001_AI\LudotsClean\src\Core\Ludots.Core.csproj]
C:\001_AI\LudotsClean\src\Core\Gameplay\GAS\Systems\AbilitySystem.cs(26,29): warning CS8625: 无法将 null 字面量转换为非 null 的引用类型。 [C:\001_AI\LudotsClean\src\Core\Ludots.Core.csproj]
C:\001_AI\LudotsClean\src\Core\Gameplay\GAS\Systems\AbilitySystem.cs(27,50): warning CS8625: 无法将 null 字面量转换为非 null 的引用类型。 [C:\001_AI\LudotsClean\src\Core\Ludots.Core.csproj]
C:\001_AI\LudotsClean\src\Core\Gameplay\GAS\Systems\AbilitySystem.cs(28,41): warning CS8625: 无法将 null 字面量转换为非 null 的引用类型。 [C:\001_AI\LudotsClean\src\Core\Ludots.Core.csproj]
C:\001_AI\LudotsClean\src\Core\Gameplay\GAS\Systems\AbilitySystem.cs(29,71): warning CS8625: 无法将 null 字面量转换为非 null 的引用类型。 [C:\001_AI\LudotsClean\src\Core\Ludots.Core.csproj]
C:\001_AI\LudotsClean\src\Core\Gameplay\GAS\Systems\DeferredTriggerCollectionSystem.cs(26,29): warning CS8625: 无法将 null 字面量转换为非 null 的引用类型。 [C:\001_AI\LudotsClean\src\Core\Ludots.Core.csproj]
C:\001_AI\LudotsClean\src\Core\Gameplay\GAS\Systems\DeferredTriggerCollectionSystem.cs(27,46): warning CS8625: 无法将 null 字面量转换为非 null 的引用类型。 [C:\001_AI\LudotsClean\src\Core\Ludots.Core.csproj]
C:\001_AI\LudotsClean\src\Core\Presentation\Systems\PresenterEmitSystem.cs(58,59): warning CS8625: 无法将 null 字面量转换为非 null 的引用类型。 [C:\001_AI\LudotsClean\src\Core\Ludots.Core.csproj]
C:\001_AI\LudotsClean\src\Core\Presentation\Systems\PresenterEmitSystem.cs(59,48): warning CS8625: 无法将 null 字面量转换为非 null 的引用类型。 [C:\001_AI\LudotsClean\src\Core\Ludots.Core.csproj]
C:\001_AI\LudotsClean\src\Core\Gameplay\GAS\Systems\EffectApplicationSystem.cs(121,130): warning CS8625: 无法将 null 字面量转换为非 null 的引用类型。 [C:\001_AI\LudotsClean\src\Core\Ludots.Core.csproj]
C:\001_AI\LudotsClean\src\Core\Gameplay\GAS\Systems\EffectApplicationSystem.cs(121,155): warning CS8625: 无法将 null 字面量转换为非 null 的引用类型。 [C:\001_AI\LudotsClean\src\Core\Ludots.Core.csproj]
C:\001_AI\LudotsClean\src\Core\Gameplay\GAS\Systems\EffectProcessingLoopSystem.cs(66,214): warning CS8625: 无法将 null 字面量转换为非 null 的引用类型。 [C:\001_AI\LudotsClean\src\Core\Ludots.Core.csproj]
C:\001_AI\LudotsClean\src\Core\Gameplay\GAS\Systems\EffectApplicationSystem.cs(121,209): warning CS8625: 无法将 null 字面量转换为非 null 的引用类型。 [C:\001_AI\LudotsClean\src\Core\Ludots.Core.csproj]
C:\001_AI\LudotsClean\src\Core\Gameplay\GAS\Systems\EffectProcessingLoopSystem.cs(66,255): warning CS8625: 无法将 null 字面量转换为非 null 的引用类型。 [C:\001_AI\LudotsClean\src\Core\Ludots.Core.csproj]
C:\001_AI\LudotsClean\src\Core\Gameplay\GAS\Systems\EffectApplicationSystem.cs(121,250): warning CS8625: 无法将 null 字面量转换为非 null 的引用类型。 [C:\001_AI\LudotsClean\src\Core\Ludots.Core.csproj]
C:\001_AI\LudotsClean\src\Core\Gameplay\GAS\Systems\EffectProcessingLoopSystem.cs(66,295): warning CS8625: 无法将 null 字面量转换为非 null 的引用类型。 [C:\001_AI\LudotsClean\src\Core\Ludots.Core.csproj]
C:\001_AI\LudotsClean\src\Core\Gameplay\GAS\Systems\EffectApplicationSystem.cs(121,294): warning CS8625: 无法将 null 字面量转换为非 null 的引用类型。 [C:\001_AI\LudotsClean\src\Core\Ludots.Core.csproj]
C:\001_AI\LudotsClean\src\Core\Gameplay\GAS\Systems\EffectProcessingLoopSystem.cs(66,326): warning CS8625: 无法将 null 字面量转换为非 null 的引用类型。 [C:\001_AI\LudotsClean\src\Core\Ludots.Core.csproj]
C:\001_AI\LudotsClean\src\Core\Gameplay\GAS\Systems\EffectApplicationSystem.cs(121,340): warning CS8625: 无法将 null 字面量转换为非 null 的引用类型。 [C:\001_AI\LudotsClean\src\Core\Ludots.Core.csproj]
C:\001_AI\LudotsClean\src\Core\Gameplay\GAS\Systems\EffectProcessingLoopSystem.cs(66,373): warning CS8625: 无法将 null 字面量转换为非 null 的引用类型。 [C:\001_AI\LudotsClean\src\Core\Ludots.Core.csproj]
C:\001_AI\LudotsClean\src\Core\Gameplay\GAS\Systems\EffectApplicationSystem.cs(121,394): warning CS8625: 无法将 null 字面量转换为非 null 的引用类型。 [C:\001_AI\LudotsClean\src\Core\Ludots.Core.csproj]
C:\001_AI\LudotsClean\src\Core\Gameplay\GAS\Systems\EffectProcessingLoopSystem.cs(66,413): warning CS8625: 无法将 null 字面量转换为非 null 的引用类型。 [C:\001_AI\LudotsClean\src\Core\Ludots.Core.csproj]
C:\001_AI\LudotsClean\src\Core\Gameplay\GAS\Systems\EffectApplicationSystem.cs(121,451): warning CS8625: 无法将 null 字面量转换为非 null 的引用类型。 [C:\001_AI\LudotsClean\src\Core\Ludots.Core.csproj]
C:\001_AI\LudotsClean\src\Core\Gameplay\GAS\Systems\EffectApplicationSystem.cs(121,493): warning CS8625: 无法将 null 字面量转换为非 null 的引用类型。 [C:\001_AI\LudotsClean\src\Core\Ludots.Core.csproj]
C:\001_AI\LudotsClean\src\Core\Gameplay\GAS\Systems\EffectProcessingLoopSystem.cs(66,524): warning CS8625: 无法将 null 字面量转换为非 null 的引用类型。 [C:\001_AI\LudotsClean\src\Core\Ludots.Core.csproj]
C:\001_AI\LudotsClean\src\Core\Gameplay\GAS\Systems\EffectApplicationSystem.cs(121,569): warning CS8625: 无法将 null 字面量转换为非 null 的引用类型。 [C:\001_AI\LudotsClean\src\Core\Ludots.Core.csproj]
C:\001_AI\LudotsClean\src\Core\Gameplay\GAS\Systems\EffectProcessingLoopSystem.cs(66,568): warning CS8625: 无法将 null 字面量转换为非 null 的引用类型。 [C:\001_AI\LudotsClean\src\Core\Ludots.Core.csproj]
C:\001_AI\LudotsClean\src\Core\Gameplay\GAS\Systems\EffectProcessingLoopSystem.cs(66,614): warning CS8625: 无法将 null 字面量转换为非 null 的引用类型。 [C:\001_AI\LudotsClean\src\Core\Ludots.Core.csproj]
C:\001_AI\LudotsClean\src\Core\Gameplay\GAS\Systems\EffectApplicationSystem.cs(121,591): warning CS8625: 无法将 null 字面量转换为非 null 的引用类型。 [C:\001_AI\LudotsClean\src\Core\Ludots.Core.csproj]
C:\001_AI\LudotsClean\src\Core\Gameplay\GAS\Systems\EffectProcessingLoopSystem.cs(66,668): warning CS8625: 无法将 null 字面量转换为非 null 的引用类型。 [C:\001_AI\LudotsClean\src\Core\Ludots.Core.csproj]
C:\001_AI\LudotsClean\src\Core\Gameplay\GAS\Systems\EffectApplicationSystem.cs(121,631): warning CS8625: 无法将 null 字面量转换为非 null 的引用类型。 [C:\001_AI\LudotsClean\src\Core\Ludots.Core.csproj]
C:\001_AI\LudotsClean\src\Core\Gameplay\GAS\Systems\EffectProcessingLoopSystem.cs(66,725): warning CS8625: 无法将 null 字面量转换为非 null 的引用类型。 [C:\001_AI\LudotsClean\src\Core\Ludots.Core.csproj]
C:\001_AI\LudotsClean\src\Core\Gameplay\GAS\Systems\EffectApplicationSystem.cs(121,692): warning CS8625: 无法将 null 字面量转换为非 null 的引用类型。 [C:\001_AI\LudotsClean\src\Core\Ludots.Core.csproj]
C:\001_AI\LudotsClean\src\Core\Gameplay\GAS\Systems\EffectProcessingLoopSystem.cs(66,767): warning CS8625: 无法将 null 字面量转换为非 null 的引用类型。 [C:\001_AI\LudotsClean\src\Core\Ludots.Core.csproj]
C:\001_AI\LudotsClean\src\Core\Gameplay\GAS\Systems\EffectApplicationSystem.cs(121,736): warning CS8625: 无法将 null 字面量转换为非 null 的引用类型。 [C:\001_AI\LudotsClean\src\Core\Ludots.Core.csproj]
C:\001_AI\LudotsClean\src\Core\Gameplay\GAS\Systems\EffectApplicationSystem.cs(121,780): warning CS8625: 无法将 null 字面量转换为非 null 的引用类型。 [C:\001_AI\LudotsClean\src\Core\Ludots.Core.csproj]
C:\001_AI\LudotsClean\src\Core\Gameplay\GAS\Systems\EffectProcessingLoopSystem.cs(66,843): warning CS8625: 无法将 null 字面量转换为非 null 的引用类型。 [C:\001_AI\LudotsClean\src\Core\Ludots.Core.csproj]
C:\001_AI\LudotsClean\src\Core\Gameplay\GAS\Systems\EffectProcessingLoopSystem.cs(66,865): warning CS8625: 无法将 null 字面量转换为非 null 的引用类型。 [C:\001_AI\LudotsClean\src\Core\Ludots.Core.csproj]
C:\001_AI\LudotsClean\src\Core\Gameplay\GAS\Systems\EffectProcessingLoopSystem.cs(66,905): warning CS8625: 无法将 null 字面量转换为非 null 的引用类型。 [C:\001_AI\LudotsClean\src\Core\Ludots.Core.csproj]
C:\001_AI\LudotsClean\src\Core\Gameplay\GAS\Systems\EffectApplicationSystem.cs(121,849): warning CS8625: 无法将 null 字面量转换为非 null 的引用类型。 [C:\001_AI\LudotsClean\src\Core\Ludots.Core.csproj]
C:\001_AI\LudotsClean\src\Core\Gameplay\GAS\Systems\EffectProcessingLoopSystem.cs(66,966): warning CS8625: 无法将 null 字面量转换为非 null 的引用类型。 [C:\001_AI\LudotsClean\src\Core\Ludots.Core.csproj]
C:\001_AI\LudotsClean\src\Core\Gameplay\GAS\Systems\EffectApplicationSystem.cs(121,911): warning CS8625: 无法将 null 字面量转换为非 null 的引用类型。 [C:\001_AI\LudotsClean\src\Core\Ludots.Core.csproj]
C:\001_AI\LudotsClean\src\Core\Gameplay\GAS\Systems\EffectProcessingLoopSystem.cs(66,1010): warning CS8625: 无法将 null 字面量转换为非 null 的引用类型。 [C:\001_AI\LudotsClean\src\Core\Ludots.Core.csproj]
C:\001_AI\LudotsClean\src\Core\Gameplay\GAS\Systems\EffectApplicationSystem.cs(121,942): warning CS8625: 无法将 null 字面量转换为非 null 的引用类型。 [C:\001_AI\LudotsClean\src\Core\Ludots.Core.csproj]
C:\001_AI\LudotsClean\src\Core\Gameplay\GAS\Systems\EffectProcessingLoopSystem.cs(66,1054): warning CS8625: 无法将 null 字面量转换为非 null 的引用类型。 [C:\001_AI\LudotsClean\src\Core\Ludots.Core.csproj]
C:\001_AI\LudotsClean\src\Core\Gameplay\GAS\Systems\EffectApplicationSystem.cs(121,979): warning CS8625: 无法将 null 字面量转换为非 null 的引用类型。 [C:\001_AI\LudotsClean\src\Core\Ludots.Core.csproj]
C:\001_AI\LudotsClean\src\Core\Gameplay\GAS\Systems\EffectApplicationSystem.cs(121,1050): warning CS8625: 无法将 null 字面量转换为非 null 的引用类型。 [C:\001_AI\LudotsClean\src\Core\Ludots.Core.csproj]
C:\001_AI\LudotsClean\src\Core\Gameplay\GAS\Systems\EffectProcessingLoopSystem.cs(66,1123): warning CS8625: 无法将 null 字面量转换为非 null 的引用类型。 [C:\001_AI\LudotsClean\src\Core\Ludots.Core.csproj]
C:\001_AI\LudotsClean\src\Core\Gameplay\GAS\Systems\EffectProcessingLoopSystem.cs(66,1185): warning CS8625: 无法将 null 字面量转换为非 null 的引用类型。 [C:\001_AI\LudotsClean\src\Core\Ludots.Core.csproj]
C:\001_AI\LudotsClean\src\Core\Gameplay\GAS\Systems\EffectProcessingLoopSystem.cs(66,1257): warning CS8625: 无法将 null 字面量转换为非 null 的引用类型。 [C:\001_AI\LudotsClean\src\Core\Ludots.Core.csproj]
C:\001_AI\LudotsClean\src\Core\Gameplay\GAS\Systems\EffectProcessingLoopSystem.cs(66,1328): warning CS8625: 无法将 null 字面量转换为非 null 的引用类型。 [C:\001_AI\LudotsClean\src\Core\Ludots.Core.csproj]
C:\001_AI\LudotsClean\src\Core\Gameplay\GAS\Orders\OrderTypeConfigLoader.cs(72,37): warning CS8625: 无法将 null 字面量转换为非 null 的引用类型。 [C:\001_AI\LudotsClean\src\Core\Ludots.Core.csproj]
C:\001_AI\LudotsClean\src\Core\Gameplay\GAS\Orders\OrderTypeConfigLoader.cs(73,43): warning CS8625: 无法将 null 字面量转换为非 null 的引用类型。 [C:\001_AI\LudotsClean\src\Core\Ludots.Core.csproj]
C:\001_AI\LudotsClean\src\Core\Gameplay\GAS\Orders\OrderTypeConfigLoader.cs(83,37): warning CS8625: 无法将 null 字面量转换为非 null 的引用类型。 [C:\001_AI\LudotsClean\src\Core\Ludots.Core.csproj]
C:\001_AI\LudotsClean\src\Core\Gameplay\GAS\Orders\OrderTypeConfigLoader.cs(84,43): warning CS8625: 无法将 null 字面量转换为非 null 的引用类型。 [C:\001_AI\LudotsClean\src\Core\Ludots.Core.csproj]
C:\001_AI\LudotsClean\src\Core\Collections\Fix64PriorityQueue.cs(48,26): warning CS8601: 可能的 null 引用赋值。 [C:\001_AI\LudotsClean\src\Core\Ludots.Core.csproj]
C:\001_AI\LudotsClean\src\Core\Collections\PriorityQueue.cs(78,26): warning CS8601: 可能的 null 引用赋值。 [C:\001_AI\LudotsClean\src\Core\Ludots.Core.csproj]
C:\001_AI\LudotsClean\src\Core\Commands\DelegateCommand.cs(12,16): warning CS8618: 在退出构造函数时，不可为 null 的 字段 "_syncAction" 必须包含非 null 值。请考虑添加 "required" 修饰符或将该 字段 声明为可为 null。 [C:\001_AI\LudotsClean\src\Core\Ludots.Core.csproj]
C:\001_AI\LudotsClean\src\Core\Commands\DelegateCommand.cs(17,16): warning CS8618: 在退出构造函数时，不可为 null 的 字段 "_asyncAction" 必须包含非 null 值。请考虑添加 "required" 修饰符或将该 字段 声明为可为 null。 [C:\001_AI\LudotsClean\src\Core\Ludots.Core.csproj]
C:\001_AI\LudotsClean\src\Core\Client\PresentBindingPresentation.cs(66,54): warning CS8604: “bool PresentBindingPresentation.TryEnsureAllPresentBindings(GameEngine engine, IViewController hostView, out PresentBinding firstBinding)”中的形参“hostView”可能传入 null 引用实参。 [C:\001_AI\LudotsClean\src\Core\Ludots.Core.csproj]
C:\001_AI\LudotsClean\src\Core\Client\PresentBindingPresentation.cs(75,58): warning CS8604: “void CameraPresenter.Update(CameraManager cameraManager, float interpolationAlpha, RenderCameraDebugState cameraDebug = null)”中的形参“cameraDebug”可能传入 null 引用实参。 [C:\001_AI\LudotsClean\src\Core\Ludots.Core.csproj]
C:\001_AI\LudotsClean\src\Core\Commands\ShowUiCommand.cs(11,23): warning CS8618: 在退出构造函数时，不可为 null 的 属性 "Html" 必须包含非 null 值。请考虑添加 "required" 修饰符或将该 属性 声明为可为 null。 [C:\001_AI\LudotsClean\src\Core\Ludots.Core.csproj]
C:\001_AI\LudotsClean\src\Core\Commands\ShowUiCommand.cs(12,23): warning CS8618: 在退出构造函数时，不可为 null 的 属性 "Css" 必须包含非 null 值。请考虑添加 "required" 修饰符或将该 属性 声明为可为 null。 [C:\001_AI\LudotsClean\src\Core\Ludots.Core.csproj]
C:\001_AI\LudotsClean\src\Core\Client\PresentBindingPresentation.cs(174,54): warning CS8604: “bool PresentBindingPresentation.TryEnsureAllPresentBindings(GameEngine engine, IViewController hostView, out PresentBinding firstBinding)”中的形参“hostView”可能传入 null 引用实参。 [C:\001_AI\LudotsClean\src\Core\Ludots.Core.csproj]
C:\001_AI\LudotsClean\src\Core\Client\PresentBindingPresentation.cs(196,62): warning CS8604: “void CameraPresenter.Update(CameraManager cameraManager, float interpolationAlpha, RenderCameraDebugState cameraDebug = null)”中的形参“cameraDebug”可能传入 null 引用实参。 [C:\001_AI\LudotsClean\src\Core\Ludots.Core.csproj]
C:\001_AI\LudotsClean\src\Core\Client\PresentBindingPresentation.cs(210,67): warning CS8604: “void CameraPresenter.Update(CameraManager cameraManager, float interpolationAlpha, RenderCameraDebugState cameraDebug = null)”中的形参“cameraDebug”可能传入 null 引用实参。 [C:\001_AI\LudotsClean\src\Core\Ludots.Core.csproj]
C:\001_AI\LudotsClean\src\Core\Commands\LoadMapCommand.cs(24,26): warning CS0618: “ScriptContextExtensions.GetEngine(ScriptContext)”已过时:“Do not take the concrete GameEngine from ScriptContext. Use IModContext and existing ScriptContext ports (GetWorld, CoreServiceKeys). Do not add new call sites.” [C:\001_AI\LudotsClean\src\Core\Ludots.Core.csproj]
C:\001_AI\LudotsClean\src\Core\Client\PresentBindingPresentation.cs(247,58): warning CS8604: “void CameraPresenter.Update(CameraManager cameraManager, float interpolationAlpha, RenderCameraDebugState cameraDebug = null)”中的形参“cameraDebug”可能传入 null 引用实参。 [C:\001_AI\LudotsClean\src\Core\Ludots.Core.csproj]
C:\001_AI\LudotsClean\src\Core\Commands\LoadMapCommand.cs(13,23): warning CS8618: 在退出构造函数时，不可为 null 的 属性 "MapId" 必须包含非 null 值。请考虑添加 "required" 修饰符或将该 属性 声明为可为 null。 [C:\001_AI\LudotsClean\src\Core\Ludots.Core.csproj]
C:\001_AI\LudotsClean\src\Core\Client\PresentBindingPresentation.cs(328,54): warning CS8604: “bool PresentBindingPresentation.TryEnsureAllPresentBindings(GameEngine engine, IViewController hostView, out PresentBinding firstBinding)”中的形参“hostView”可能传入 null 引用实参。 [C:\001_AI\LudotsClean\src\Core\Ludots.Core.csproj]
C:\001_AI\LudotsClean\src\Core\Engine\TimeFlow\TimeFlowService.cs(80,30): warning CS8625: 无法将 null 字面量转换为非 null 的引用类型。 [C:\001_AI\LudotsClean\src\Core\Ludots.Core.csproj]
C:\001_AI\LudotsClean\src\Core\Fields\Config\FieldLayerConfigLoader.cs(28,53): warning CS8604: “ConfigCatalogEntry ConfigPipeline.RequireEntry(ConfigCatalog catalog, string path, ConfigMergePolicy defaultPolicy, string defaultIdField = "id")”中的形参“catalog”可能传入 null 引用实参。 [C:\001_AI\LudotsClean\src\Core\Ludots.Core.csproj]
C:\001_AI\LudotsClean\src\Core\Fields\Config\FieldLayerConfigLoader.cs(29,72): warning CS8604: “IReadOnlyList<MergedConfigEntry> ConfigPipeline.MergeArrayByIdFromCatalog(in ConfigCatalogEntry entry, ConfigConflictReport report = null)”中的形参“report”可能传入 null 引用实参。 [C:\001_AI\LudotsClean\src\Core\Ludots.Core.csproj]
C:\001_AI\LudotsClean\src\Core\Gameplay\Teams\TeamManager.cs(17,23): warning CS8618: 在退出构造函数时，不可为 null 的 属性 "Attitude" 必须包含非 null 值。请考虑添加 "required" 修饰符或将该 属性 声明为可为 null。 [C:\001_AI\LudotsClean\src\Core\Ludots.Core.csproj]
C:\001_AI\LudotsClean\src\Core\GraphRuntime\TriggerGraphEntryFiltersEvaluator.cs(113,21): warning CS8601: 可能的 null 引用赋值。 [C:\001_AI\LudotsClean\src\Core\Ludots.Core.csproj]
C:\001_AI\LudotsClean\src\Core\Hosting\GameBootstrapper.cs(72,35): warning CS8600: 将 null 文本或可能的 null 值转换为不可为 null 类型。 [C:\001_AI\LudotsClean\src\Core\Ludots.Core.csproj]
C:\001_AI\LudotsClean\src\Core\Fields\FieldSessionStore.cs(43,51): warning CS8600: 将 null 文本或可能的 null 值转换为不可为 null 类型。 [C:\001_AI\LudotsClean\src\Core\Ludots.Core.csproj]
C:\001_AI\LudotsClean\src\Core\Config\ComponentRegistry.cs(67,53): warning CS8625: 无法将 null 字面量转换为非 null 的引用类型。 [C:\001_AI\LudotsClean\src\Core\Ludots.Core.csproj]
C:\001_AI\LudotsClean\src\Core\Config\ComponentRegistry.cs(69,63): warning CS8625: 无法将 null 字面量转换为非 null 的引用类型。 [C:\001_AI\LudotsClean\src\Core\Ludots.Core.csproj]
C:\001_AI\LudotsClean\src\Core\Config\ComponentRegistry.cs(70,87): warning CS8625: 无法将 null 字面量转换为非 null 的引用类型。 [C:\001_AI\LudotsClean\src\Core\Ludots.Core.csproj]
C:\001_AI\LudotsClean\src\Core\Config\ComponentRegistry.cs(71,67): warning CS8625: 无法将 null 字面量转换为非 null 的引用类型。 [C:\001_AI\LudotsClean\src\Core\Ludots.Core.csproj]
C:\001_AI\LudotsClean\src\Core\Config\ComponentRegistry.cs(84,53): warning CS8625: 无法将 null 字面量转换为非 null 的引用类型。 [C:\001_AI\LudotsClean\src\Core\Ludots.Core.csproj]
C:\001_AI\LudotsClean\src\Core\Config\ComponentRegistry.cs(87,87): warning CS8625: 无法将 null 字面量转换为非 null 的引用类型。 [C:\001_AI\LudotsClean\src\Core\Ludots.Core.csproj]
C:\001_AI\LudotsClean\src\Core\Config\ComponentRegistry.cs(89,61): warning CS8625: 无法将 null 字面量转换为非 null 的引用类型。 [C:\001_AI\LudotsClean\src\Core\Ludots.Core.csproj]
C:\001_AI\LudotsClean\src\Core\Config\ComponentRegistry.cs(90,57): warning CS8625: 无法将 null 字面量转换为非 null 的引用类型。 [C:\001_AI\LudotsClean\src\Core\Ludots.Core.csproj]
C:\001_AI\LudotsClean\src\Core\Config\ComponentRegistry.cs(91,59): warning CS8625: 无法将 null 字面量转换为非 null 的引用类型。 [C:\001_AI\LudotsClean\src\Core\Ludots.Core.csproj]
C:\001_AI\LudotsClean\src\Core\Config\ComponentRegistry.cs(118,69): warning CS8625: 无法将 null 字面量转换为非 null 的引用类型。 [C:\001_AI\LudotsClean\src\Core\Ludots.Core.csproj]
C:\001_AI\LudotsClean\src\Core\Config\ComponentRegistry.cs(119,73): warning CS8625: 无法将 null 字面量转换为非 null 的引用类型。 [C:\001_AI\LudotsClean\src\Core\Ludots.Core.csproj]
C:\001_AI\LudotsClean\src\Core\Config\ComponentRegistry.cs(121,73): warning CS8625: 无法将 null 字面量转换为非 null 的引用类型。 [C:\001_AI\LudotsClean\src\Core\Ludots.Core.csproj]
C:\001_AI\LudotsClean\src\Core\Config\ComponentRegistry.cs(49,16): warning CS8618: 在退出构造函数时，不可为 null 的 字段 "_conflictReport" 必须包含非 null 值。请考虑添加 "required" 修饰符或将该 字段 声明为可为 null。 [C:\001_AI\LudotsClean\src\Core\Ludots.Core.csproj]
C:\001_AI\LudotsClean\src\Core\Config\TemplateEntityBatchSpawner.cs(668,76): warning CS8600: 将 null 文本或可能的 null 值转换为不可为 null 类型。 [C:\001_AI\LudotsClean\src\Core\Ludots.Core.csproj]
C:\001_AI\LudotsClean\src\Core\Config\TemplateEntityBatchSpawner.cs(674,76): warning CS8600: 将 null 文本或可能的 null 值转换为不可为 null 类型。 [C:\001_AI\LudotsClean\src\Core\Ludots.Core.csproj]
C:\001_AI\LudotsClean\src\Core\Gameplay\Teams\ParticipantBindingResolver.cs(184,80): warning CS8600: 将 null 文本或可能的 null 值转换为不可为 null 类型。 [C:\001_AI\LudotsClean\src\Core\Ludots.Core.csproj]
C:\001_AI\LudotsClean\src\Core\Gameplay\Teams\ParticipantBindingResolver.cs(194,82): warning CS8600: 将 null 文本或可能的 null 值转换为不可为 null 类型。 [C:\001_AI\LudotsClean\src\Core\Ludots.Core.csproj]
C:\001_AI\LudotsClean\src\Core\Config\TemplateEntityBatchSpawner.cs(1028,64): warning CS8600: 将 null 文本或可能的 null 值转换为不可为 null 类型。 [C:\001_AI\LudotsClean\src\Core\Ludots.Core.csproj]
C:\001_AI\LudotsClean\src\Core\Config\TemplateEntityBatchSpawner.cs(1064,56): warning CS8600: 将 null 文本或可能的 null 值转换为不可为 null 类型。 [C:\001_AI\LudotsClean\src\Core\Ludots.Core.csproj]
C:\001_AI\LudotsClean\src\Core\Config\TemplateEntityBatchSpawner.cs(1074,57): warning CS8600: 将 null 文本或可能的 null 值转换为不可为 null 类型。 [C:\001_AI\LudotsClean\src\Core\Ludots.Core.csproj]
C:\001_AI\LudotsClean\src\Core\Fields\Config\FieldHierarchyConfigLoader.cs(37,72): warning CS8604: “IReadOnlyList<MergedConfigEntry> ConfigPipeline.MergeArrayByIdFromCatalog(in ConfigCatalogEntry entry, ConfigConflictReport report = null)”中的形参“report”可能传入 null 引用实参。 [C:\001_AI\LudotsClean\src\Core\Ludots.Core.csproj]
C:\001_AI\LudotsClean\src\Core\Config\ComponentRegistry.cs(375,90): warning CS8625: 无法将 null 字面量转换为非 null 的引用类型。 [C:\001_AI\LudotsClean\src\Core\Ludots.Core.csproj]
C:\001_AI\LudotsClean\src\Core\Config\ComponentRegistry.cs(385,66): warning CS8625: 无法将 null 字面量转换为非 null 的引用类型。 [C:\001_AI\LudotsClean\src\Core\Ludots.Core.csproj]
C:\001_AI\LudotsClean\src\Core\Engine\Physics2D\Physics2DKinematicConfig.cs(17,29): warning CS8618: 在退出构造函数时，不可为 null 的 属性 "ContactEventEmitterLayers" 必须包含非 null 值。请考虑添加 "required" 修饰符或将该 属性 声明为可为 null。 [C:\001_AI\LudotsClean\src\Core\Ludots.Core.csproj]
C:\001_AI\LudotsClean\src\Core\Gameplay\Dialogue\DialogueConfigLoader.cs(32,53): warning CS8604: “ConfigCatalogEntry ConfigPipeline.RequireEntry(ConfigCatalog catalog, string path, ConfigMergePolicy defaultPolicy, string defaultIdField = "id")”中的形参“catalog”可能传入 null 引用实参。 [C:\001_AI\LudotsClean\src\Core\Ludots.Core.csproj]
C:\001_AI\LudotsClean\src\Core\Gameplay\Dialogue\DialogueConfigLoader.cs(33,72): warning CS8604: “IReadOnlyList<MergedConfigEntry> ConfigPipeline.MergeArrayByIdFromCatalog(in ConfigCatalogEntry entry, ConfigConflictReport report = null)”中的形参“report”可能传入 null 引用实参。 [C:\001_AI\LudotsClean\src\Core\Ludots.Core.csproj]
C:\001_AI\LudotsClean\src\Core\Gameplay\Teams\ParticipantBindingResolver.cs(448,80): warning CS8600: 将 null 文本或可能的 null 值转换为不可为 null 类型。 [C:\001_AI\LudotsClean\src\Core\Ludots.Core.csproj]
C:\001_AI\LudotsClean\src\Core\Config\TemplateEntityBatchSpawner.cs(1205,68): warning CS8600: 将 null 文本或可能的 null 值转换为不可为 null 类型。 [C:\001_AI\LudotsClean\src\Core\Ludots.Core.csproj]
C:\001_AI\LudotsClean\src\Core\Config\TemplateEntityBatchSpawner.cs(1216,38): warning CS8600: 将 null 文本或可能的 null 值转换为不可为 null 类型。 [C:\001_AI\LudotsClean\src\Core\Ludots.Core.csproj]
C:\001_AI\LudotsClean\src\Core\Config\TemplateEntityBatchSpawner.cs(1217,57): warning CS8600: 将 null 文本或可能的 null 值转换为不可为 null 类型。 [C:\001_AI\LudotsClean\src\Core\Ludots.Core.csproj]
C:\001_AI\LudotsClean\src\Core\Config\TemplateEntityBatchSpawner.cs(1227,41): warning CS8600: 将 null 文本或可能的 null 值转换为不可为 null 类型。 [C:\001_AI\LudotsClean\src\Core\Ludots.Core.csproj]
C:\001_AI\LudotsClean\src\Core\Config\TemplateEntityBatchSpawner.cs(1228,60): warning CS8600: 将 null 文本或可能的 null 值转换为不可为 null 类型。 [C:\001_AI\LudotsClean\src\Core\Ludots.Core.csproj]
C:\001_AI\LudotsClean\src\Core\Gameplay\Teams\ParticipantBindingResolver.cs(460,82): warning CS8600: 将 null 文本或可能的 null 值转换为不可为 null 类型。 [C:\001_AI\LudotsClean\src\Core\Ludots.Core.csproj]
C:\001_AI\LudotsClean\src\Core\Gameplay\AI\Config\GraphBehaviorDefinitionLoader.cs(39,84): warning CS8604: “List<MergedConfigEntry> ConfigMerger.MergeArrayByIdToEntries(IReadOnlyList<ConfigFragment> fragments, in ConfigCatalogEntry entry, ConfigConflictReport report = null)”中的形参“report”可能传入 null 引用实参。 [C:\001_AI\LudotsClean\src\Core\Ludots.Core.csproj]
C:\001_AI\LudotsClean\src\Core\Gameplay\AI\Config\GraphBehaviorDefinitionLoader.cs(55,84): warning CS8604: “List<MergedConfigEntry> ConfigMerger.MergeArrayByIdToEntries(IReadOnlyList<ConfigFragment> fragments, in ConfigCatalogEntry entry, ConfigConflictReport report = null)”中的形参“report”可能传入 null 引用实参。 [C:\001_AI\LudotsClean\src\Core\Ludots.Core.csproj]
C:\001_AI\LudotsClean\src\Core\Config\MapConfig.cs(162,23): warning CS8618: 在退出构造函数时，不可为 null 的 属性 "RepresentativeInstanceId" 必须包含非 null 值。请考虑添加 "required" 修饰符或将该 属性 声明为可为 null。 [C:\001_AI\LudotsClean\src\Core\Ludots.Core.csproj]
C:\001_AI\LudotsClean\src\Core\Config\MapConfig.cs(155,23): warning CS8618: 在退出构造函数时，不可为 null 的 属性 "RepresentativeInstanceId" 必须包含非 null 值。请考虑添加 "required" 修饰符或将该 属性 声明为可为 null。 [C:\001_AI\LudotsClean\src\Core\Ludots.Core.csproj]
C:\001_AI\LudotsClean\src\Core\Config\MapConfig.cs(145,23): warning CS8618: 在退出构造函数时，不可为 null 的 属性 "InstanceId" 必须包含非 null 值。请考虑添加 "required" 修饰符或将该 属性 声明为可为 null。 [C:\001_AI\LudotsClean\src\Core\Ludots.Core.csproj]
C:\001_AI\LudotsClean\src\Core\Config\MapConfig.cs(146,23): warning CS8618: 在退出构造函数时，不可为 null 的 属性 "Template" 必须包含非 null 值。请考虑添加 "required" 修饰符或将该 属性 声明为可为 null。 [C:\001_AI\LudotsClean\src\Core\Ludots.Core.csproj]
C:\001_AI\LudotsClean\src\Core\Config\MapConfig.cs(148,45): warning CS8618: 在退出构造函数时，不可为 null 的 属性 "Overrides" 必须包含非 null 值。请考虑添加 "required" 修饰符或将该 属性 声明为可为 null。 [C:\001_AI\LudotsClean\src\Core\Ludots.Core.csproj]
C:\001_AI\LudotsClean\src\Core\Config\MapConfig.cs(133,23): warning CS8618: 在退出构造函数时，不可为 null 的 属性 "VirtualCameraId" 必须包含非 null 值。请考虑添加 "required" 修饰符或将该 属性 声明为可为 null。 [C:\001_AI\LudotsClean\src\Core\Ludots.Core.csproj]
C:\001_AI\LudotsClean\src\Core\Config\MapConfig.cs(17,23): warning CS8618: 在退出构造函数时，不可为 null 的 属性 "Id" 必须包含非 null 值。请考虑添加 "required" 修饰符或将该 属性 声明为可为 null。 [C:\001_AI\LudotsClean\src\Core\Ludots.Core.csproj]
C:\001_AI\LudotsClean\src\Core\Config\MapConfig.cs(18,23): warning CS8618: 在退出构造函数时，不可为 null 的 属性 "ParentId" 必须包含非 null 值。请考虑添加 "required" 修饰符或将该 属性 声明为可为 null。 [C:\001_AI\LudotsClean\src\Core\Ludots.Core.csproj]
C:\001_AI\LudotsClean\src\Core\Config\MapConfig.cs(20,23): warning CS8618: 在退出构造函数时，不可为 null 的 属性 "VisualHeightmapAsset" 必须包含非 null 值。请考虑添加 "required" 修饰符或将该 属性 声明为可为 null。 [C:\001_AI\LudotsClean\src\Core\Ludots.Core.csproj]
C:\001_AI\LudotsClean\src\Core\Config\MapConfig.cs(47,45): warning CS8618: 在退出构造函数时，不可为 null 的 属性 "VisualHeightmap" 必须包含非 null 值。请考虑添加 "required" 修饰符或将该 属性 声明为可为 null。 [C:\001_AI\LudotsClean\src\Core\Ludots.Core.csproj]
C:\001_AI\LudotsClean\src\Core\Config\MapConfig.cs(58,25): warning CS8618: 在退出构造函数时，不可为 null 的 属性 "TriggerGraphs" 必须包含非 null 值。请考虑添加 "required" 修饰符或将该 属性 声明为可为 null。 [C:\001_AI\LudotsClean\src\Core\Ludots.Core.csproj]
C:\001_AI\LudotsClean\src\Core\Config\MapConfig.cs(70,25): warning CS8618: 在退出构造函数时，不可为 null 的 属性 "Regions" 必须包含非 null 值。请考虑添加 "required" 修饰符或将该 属性 声明为可为 null。 [C:\001_AI\LudotsClean\src\Core\Ludots.Core.csproj]
C:\001_AI\LudotsClean\src\Core\Config\MapConfig.cs(84,23): warning CS8618: 在退出构造函数时，不可为 null 的 属性 "InstanceExposure" 必须包含非 null 值。请考虑添加 "required" 修饰符或将该 属性 声明为可为 null。 [C:\001_AI\LudotsClean\src\Core\Ludots.Core.csproj]
C:\001_AI\LudotsClean\src\Core\Config\MapConfig.cs(96,62): warning CS8618: 在退出构造函数时，不可为 null 的 属性 "DeathRule" 必须包含非 null 值。请考虑添加 "required" 修饰符或将该 属性 声明为可为 null。 [C:\001_AI\LudotsClean\src\Core\Ludots.Core.csproj]
C:\001_AI\LudotsClean\src\Core\Config\MapConfig.cs(103,29): warning CS8618: 在退出构造函数时，不可为 null 的 属性 "DefaultCamera" 必须包含非 null 值。请考虑添加 "required" 修饰符或将该 属性 声明为可为 null。 [C:\001_AI\LudotsClean\src\Core\Ludots.Core.csproj]
C:\001_AI\LudotsClean\src\Core\Config\MapConfig.cs(110,32): warning CS8618: 在退出构造函数时，不可为 null 的 属性 "Fields" 必须包含非 null 值。请考虑添加 "required" 修饰符或将该 属性 声明为可为 null。 [C:\001_AI\LudotsClean\src\Core\Ludots.Core.csproj]
C:\001_AI\LudotsClean\src\Core\GraphRuntime\GraphVmCompiler.cs(747,79): warning CS8600: 将 null 文本或可能的 null 值转换为不可为 null 类型。 [C:\001_AI\LudotsClean\src\Core\Ludots.Core.csproj]
C:\001_AI\LudotsClean\src\Core\GraphRuntime\GraphVmCompiler.cs(797,79): warning CS8600: 将 null 文本或可能的 null 值转换为不可为 null 类型。 [C:\001_AI\LudotsClean\src\Core\Ludots.Core.csproj]
C:\001_AI\LudotsClean\src\Core\Input\Systems\AxisMoveOrderSystem.cs(147,84): warning CS8600: 将 null 文本或可能的 null 值转换为不可为 null 类型。 [C:\001_AI\LudotsClean\src\Core\Ludots.Core.csproj]
C:\001_AI\LudotsClean\src\Core\Config\ConfigConflictReport.cs(61,68): warning CS8601: 可能的 null 引用赋值。 [C:\001_AI\LudotsClean\src\Core\Ludots.Core.csproj]
C:\001_AI\LudotsClean\src\Core\Config\GameConfig.cs(27,23): warning CS8618: 在退出构造函数时，不可为 null 的 属性 "DefaultCoreMod" 必须包含非 null 值。请考虑添加 "required" 修饰符或将该 属性 声明为可为 null。 [C:\001_AI\LudotsClean\src\Core\Ludots.Core.csproj]
C:\001_AI\LudotsClean\src\Core\Config\GameConfig.cs(32,23): warning CS8618: 在退出构造函数时，不可为 null 的 属性 "StartupMapId" 必须包含非 null 值。请考虑添加 "required" 修饰符或将该 属性 声明为可为 null。 [C:\001_AI\LudotsClean\src\Core\Ludots.Core.csproj]
C:\001_AI\LudotsClean\src\Core\Config\EntityTemplate.cs(39,23): warning CS8618: 在退出构造函数时，不可为 null 的 属性 "Template" 必须包含非 null 值。请考虑添加 "required" 修饰符或将该 属性 声明为可为 null。 [C:\001_AI\LudotsClean\src\Core\Ludots.Core.csproj]
C:\001_AI\LudotsClean\src\Core\Config\EntityTemplate.cs(10,23): warning CS8618: 在退出构造函数时，不可为 null 的 属性 "Id" 必须包含非 null 值。请考虑添加 "required" 修饰符或将该 属性 声明为可为 null。 [C:\001_AI\LudotsClean\src\Core\Ludots.Core.csproj]
C:\001_AI\LudotsClean\src\Core\Config\EntityTemplate.cs(13,23): warning CS8618: 在退出构造函数时，不可为 null 的 属性 "OnSpawnEffect" 必须包含非 null 值。请考虑添加 "required" 修饰符或将该 属性 声明为可为 null。 [C:\001_AI\LudotsClean\src\Core\Ludots.Core.csproj]
C:\001_AI\LudotsClean\src\Core\Config\ComponentRegistry.cs(794,63): warning CS8600: 将 null 文本或可能的 null 值转换为不可为 null 类型。 [C:\001_AI\LudotsClean\src\Core\Ludots.Core.csproj]
C:\001_AI\LudotsClean\src\Core\Config\ComponentRegistry.cs(796,57): warning CS8604: “string ComponentRegistry.ReadStringNode(JsonNode node, string context)”中的形参“node”可能传入 null 引用实参。 [C:\001_AI\LudotsClean\src\Core\Ludots.Core.csproj]
C:\001_AI\LudotsClean\src\Core\Config\ComponentRegistry.cs(800,64): warning CS8600: 将 null 文本或可能的 null 值转换为不可为 null 类型。 [C:\001_AI\LudotsClean\src\Core\Ludots.Core.csproj]
C:\001_AI\LudotsClean\src\Core\Config\ComponentRegistry.cs(802,57): warning CS8604: “string ComponentRegistry.ReadStringNode(JsonNode node, string context)”中的形参“node”可能传入 null 引用实参。 [C:\001_AI\LudotsClean\src\Core\Ludots.Core.csproj]
C:\001_AI\LudotsClean\src\Core\Gameplay\Exchange\ExchangeConfigLoader.cs(50,53): warning CS8604: “ConfigCatalogEntry ConfigPipeline.RequireEntry(ConfigCatalog catalog, string path, ConfigMergePolicy defaultPolicy, string defaultIdField = "id")”中的形参“catalog”可能传入 null 引用实参。 [C:\001_AI\LudotsClean\src\Core\Ludots.Core.csproj]
C:\001_AI\LudotsClean\src\Core\Gameplay\Exchange\ExchangeConfigLoader.cs(51,72): warning CS8604: “IReadOnlyList<MergedConfigEntry> ConfigPipeline.MergeArrayByIdFromCatalog(in ConfigCatalogEntry entry, ConfigConflictReport report = null)”中的形参“report”可能传入 null 引用实参。 [C:\001_AI\LudotsClean\src\Core\Ludots.Core.csproj]
C:\001_AI\LudotsClean\src\Core\Gameplay\Exchange\ExchangeConfigLoader.cs(92,53): warning CS8604: “ConfigCatalogEntry ConfigPipeline.RequireEntry(ConfigCatalog catalog, string path, ConfigMergePolicy defaultPolicy, string defaultIdField = "id")”中的形参“catalog”可能传入 null 引用实参。 [C:\001_AI\LudotsClean\src\Core\Ludots.Core.csproj]
C:\001_AI\LudotsClean\src\Core\Gameplay\Exchange\ExchangeConfigLoader.cs(93,72): warning CS8604: “IReadOnlyList<MergedConfigEntry> ConfigPipeline.MergeArrayByIdFromCatalog(in ConfigCatalogEntry entry, ConfigConflictReport report = null)”中的形参“report”可能传入 null 引用实参。 [C:\001_AI\LudotsClean\src\Core\Ludots.Core.csproj]
C:\001_AI\LudotsClean\src\Core\Config\EntityBuilder.cs(22,16): warning CS8618: 在退出构造函数时，不可为 null 的 字段 "_activeTemplate" 必须包含非 null 值。请考虑添加 "required" 修饰符或将该 字段 声明为可为 null。 [C:\001_AI\LudotsClean\src\Core\Ludots.Core.csproj]
C:\001_AI\LudotsClean\src\Core\Config\EntityBuilder.cs(22,16): warning CS8618: 在退出构造函数时，不可为 null 的 字段 "_activeTemplateId" 必须包含非 null 值。请考虑添加 "required" 修饰符或将该 字段 声明为可为 null。 [C:\001_AI\LudotsClean\src\Core\Ludots.Core.csproj]
C:\001_AI\LudotsClean\src\Core\Config\EntityBuilder.cs(22,16): warning CS8618: 在退出构造函数时，不可为 null 的 字段 "_activeEntityContext" 必须包含非 null 值。请考虑添加 "required" 修饰符或将该 字段 声明为可为 null。 [C:\001_AI\LudotsClean\src\Core\Ludots.Core.csproj]
C:\001_AI\LudotsClean\src\Core\Config\EntityBuilder.cs(34,16): warning CS8618: 在退出构造函数时，不可为 null 的 字段 "_templateSources" 必须包含非 null 值。请考虑添加 "required" 修饰符或将该 字段 声明为可为 null。 [C:\001_AI\LudotsClean\src\Core\Ludots.Core.csproj]
C:\001_AI\LudotsClean\src\Core\Config\EntityBuilder.cs(34,16): warning CS8618: 在退出构造函数时，不可为 null 的 字段 "_activeTemplate" 必须包含非 null 值。请考虑添加 "required" 修饰符或将该 字段 声明为可为 null。 [C:\001_AI\LudotsClean\src\Core\Ludots.Core.csproj]
C:\001_AI\LudotsClean\src\Core\Config\EntityBuilder.cs(34,16): warning CS8618: 在退出构造函数时，不可为 null 的 字段 "_activeTemplateId" 必须包含非 null 值。请考虑添加 "required" 修饰符或将该 字段 声明为可为 null。 [C:\001_AI\LudotsClean\src\Core\Ludots.Core.csproj]
C:\001_AI\LudotsClean\src\Core\Config\EntityBuilder.cs(34,16): warning CS8618: 在退出构造函数时，不可为 null 的 字段 "_activeEntityContext" 必须包含非 null 值。请考虑添加 "required" 修饰符或将该 字段 声明为可为 null。 [C:\001_AI\LudotsClean\src\Core\Ludots.Core.csproj]
C:\001_AI\LudotsClean\src\Core\Input\Config\InputConfigModels.cs(31,23): warning CS8618: 在退出构造函数时，不可为 null 的 属性 "Name" 必须包含非 null 值。请考虑添加 "required" 修饰符或将该 属性 声明为可为 null。 [C:\001_AI\LudotsClean\src\Core\Ludots.Core.csproj]
C:\001_AI\LudotsClean\src\Core\Input\Config\InputConfigModels.cs(21,23): warning CS8618: 在退出构造函数时，不可为 null 的 属性 "Name" 必须包含非 null 值。请考虑添加 "required" 修饰符或将该 属性 声明为可为 null。 [C:\001_AI\LudotsClean\src\Core\Ludots.Core.csproj]
C:\001_AI\LudotsClean\src\Core\Input\CommandSources\CommandSourceAcquisitionSystem.cs(42,16): warning CS8618: 在退出构造函数时，不可为 null 的 字段 "_hoverTitleSource" 必须包含非 null 值。请考虑添加 "required" 修饰符或将该 字段 声明为可为 null。 [C:\001_AI\LudotsClean\src\Core\Ludots.Core.csproj]
C:\001_AI\LudotsClean\src\Core\Input\CommandSources\CommandSourceAcquisitionSystem.cs(42,16): warning CS8618: 在退出构造函数时，不可为 null 的 字段 "_hoverTitleComposed" 必须包含非 null 值。请考虑添加 "required" 修饰符或将该 字段 声明为可为 null。 [C:\001_AI\LudotsClean\src\Core\Ludots.Core.csproj]
C:\001_AI\LudotsClean\src\Core\Input\Config\InputConfigModels.cs(67,23): warning CS8618: 在退出构造函数时，不可为 null 的 属性 "Name" 必须包含非 null 值。请考虑添加 "required" 修饰符或将该 属性 声明为可为 null。 [C:\001_AI\LudotsClean\src\Core\Ludots.Core.csproj]
C:\001_AI\LudotsClean\src\Core\Config\EntityBuilder.cs(113,31): warning CS8625: 无法将 null 字面量转换为非 null 的引用类型。 [C:\001_AI\LudotsClean\src\Core\Ludots.Core.csproj]
C:\001_AI\LudotsClean\src\Core\Config\EntityBuilder.cs(114,33): warning CS8625: 无法将 null 字面量转换为非 null 的引用类型。 [C:\001_AI\LudotsClean\src\Core\Ludots.Core.csproj]
C:\001_AI\LudotsClean\src\Core\Config\EntityBuilder.cs(115,36): warning CS8625: 无法将 null 字面量转换为非 null 的引用类型。 [C:\001_AI\LudotsClean\src\Core\Ludots.Core.csproj]
C:\001_AI\LudotsClean\src\Core\Input\Config\InputConfigModels.cs(49,23): warning CS8618: 在退出构造函数时，不可为 null 的 属性 "ActionId" 必须包含非 null 值。请考虑添加 "required" 修饰符或将该 属性 声明为可为 null。 [C:\001_AI\LudotsClean\src\Core\Ludots.Core.csproj]
C:\001_AI\LudotsClean\src\Core\Input\Config\InputConfigModels.cs(50,23): warning CS8618: 在退出构造函数时，不可为 null 的 属性 "Path" 必须包含非 null 值。请考虑添加 "required" 修饰符或将该 属性 声明为可为 null。 [C:\001_AI\LudotsClean\src\Core\Ludots.Core.csproj]
C:\001_AI\LudotsClean\src\Core\Input\Config\InputConfigModels.cs(53,23): warning CS8618: 在退出构造函数时，不可为 null 的 属性 "CompositeType" 必须包含非 null 值。请考虑添加 "required" 修饰符或将该 属性 声明为可为 null。 [C:\001_AI\LudotsClean\src\Core\Ludots.Core.csproj]
C:\001_AI\LudotsClean\src\Core\Input\Config\InputConfigModels.cs(54,38): warning CS8618: 在退出构造函数时，不可为 null 的 属性 "CompositeParts" 必须包含非 null 值。请考虑添加 "required" 修饰符或将该 属性 声明为可为 null。 [C:\001_AI\LudotsClean\src\Core\Ludots.Core.csproj]
C:\001_AI\LudotsClean\src\Core\Input\Config\InputConfigModels.cs(40,23): warning CS8618: 在退出构造函数时，不可为 null 的 属性 "Type" 必须包含非 null 值。请考虑添加 "required" 修饰符或将该 属性 声明为可为 null。 [C:\001_AI\LudotsClean\src\Core\Ludots.Core.csproj]
C:\001_AI\LudotsClean\src\Core\Config\EntityBuilder.cs(147,102): warning CS8600: 将 null 文本或可能的 null 值转换为不可为 null 类型。 [C:\001_AI\LudotsClean\src\Core\Ludots.Core.csproj]
C:\001_AI\LudotsClean\src\Core\Engine\GameTask.cs(126,27): warning CS8618: 在退出构造函数时，不可为 null 的 字段 "Predicate" 必须包含非 null 值。请考虑添加 "required" 修饰符或将该 字段 声明为可为 null。 [C:\001_AI\LudotsClean\src\Core\Ludots.Core.csproj]
C:\001_AI\LudotsClean\src\Core\Engine\GameTask.cs(127,43): warning CS8618: 在退出构造函数时，不可为 null 的 字段 "Tcs" 必须包含非 null 值。请考虑添加 "required" 修饰符或将该 字段 声明为可为 null。 [C:\001_AI\LudotsClean\src\Core\Ludots.Core.csproj]
C:\001_AI\LudotsClean\src\Core\Engine\GameTask.cs(121,43): warning CS8618: 在退出构造函数时，不可为 null 的 字段 "Tcs" 必须包含非 null 值。请考虑添加 "required" 修饰符或将该 字段 声明为可为 null。 [C:\001_AI\LudotsClean\src\Core\Ludots.Core.csproj]
C:\001_AI\LudotsClean\src\Core\Engine\GameTask.cs(116,43): warning CS8618: 在退出构造函数时，不可为 null 的 字段 "Tcs" 必须包含非 null 值。请考虑添加 "required" 修饰符或将该 字段 声明为可为 null。 [C:\001_AI\LudotsClean\src\Core\Ludots.Core.csproj]
C:\001_AI\LudotsClean\src\Core\Config\DataRegistry.cs(71,20): warning CS8603: 可能返回 null 引用。 [C:\001_AI\LudotsClean\src\Core\Ludots.Core.csproj]
C:\001_AI\LudotsClean\src\Core\Vision\Config\VisionFogLayerConfigLoader.cs(32,53): warning CS8604: “ConfigCatalogEntry ConfigPipeline.RequireEntry(ConfigCatalog catalog, string path, ConfigMergePolicy defaultPolicy, string defaultIdField = "id")”中的形参“catalog”可能传入 null 引用实参。 [C:\001_AI\LudotsClean\src\Core\Ludots.Core.csproj]
C:\001_AI\LudotsClean\src\Core\Vision\Config\VisionFogLayerConfigLoader.cs(33,72): warning CS8604: “IReadOnlyList<MergedConfigEntry> ConfigPipeline.MergeArrayByIdFromCatalog(in ConfigCatalogEntry entry, ConfigConflictReport report = null)”中的形参“report”可能传入 null 引用实参。 [C:\001_AI\LudotsClean\src\Core\Ludots.Core.csproj]
C:\001_AI\LudotsClean\src\Core\Engine\GameEngine.cs(207,16): warning CS8618: 在退出构造函数时，不可为 null 的 字段 "_mapDeathRuleSystem" 必须包含非 null 值。请考虑添加 "required" 修饰符或将该 字段 声明为可为 null。 [C:\001_AI\LudotsClean\src\Core\Ludots.Core.csproj]
C:\001_AI\LudotsClean\src\Core\Engine\GameEngine.cs(207,16): warning CS8618: 在退出构造函数时，不可为 null 的 字段 "_effectTemplateLoader" 必须包含非 null 值。请考虑添加 "required" 修饰符或将该 字段 声明为可为 null。 [C:\001_AI\LudotsClean\src\Core\Ludots.Core.csproj]
C:\001_AI\LudotsClean\src\Core\Engine\GameEngine.cs(207,16): warning CS8618: 在退出构造函数时，不可为 null 的 字段 "_cooperativeSimulation" 必须包含非 null 值。请考虑添加 "required" 修饰符或将该 字段 声明为可为 null。 [C:\001_AI\LudotsClean\src\Core\Ludots.Core.csproj]
C:\001_AI\LudotsClean\src\Core\Engine\GameEngine.cs(207,16): warning CS8618: 在退出构造函数时，不可为 null 的 属性 "VFS" 必须包含非 null 值。请考虑添加 "required" 修饰符或将该 属性 声明为可为 null。 [C:\001_AI\LudotsClean\src\Core\Ludots.Core.csproj]
C:\001_AI\LudotsClean\src\Core\Engine\GameEngine.cs(207,16): warning CS8618: 在退出构造函数时，不可为 null 的 属性 "FunctionRegistry" 必须包含非 null 值。请考虑添加 "required" 修饰符或将该 属性 声明为可为 null。 [C:\001_AI\LudotsClean\src\Core\Ludots.Core.csproj]
C:\001_AI\LudotsClean\src\Core\Engine\GameEngine.cs(207,16): warning CS8618: 在退出构造函数时，不可为 null 的 属性 "TriggerManager" 必须包含非 null 值。请考虑添加 "required" 修饰符或将该 属性 声明为可为 null。 [C:\001_AI\LudotsClean\src\Core\Ludots.Core.csproj]
C:\001_AI\LudotsClean\src\Core\Engine\GameEngine.cs(207,16): warning CS8618: 在退出构造函数时，不可为 null 的 属性 "ModLoader" 必须包含非 null 值。请考虑添加 "required" 修饰符或将该 属性 声明为可为 null。 [C:\001_AI\LudotsClean\src\Core\Ludots.Core.csproj]
C:\001_AI\LudotsClean\src\Core\Engine\GameEngine.cs(207,16): warning CS8618: 在退出构造函数时，不可为 null 的 属性 "MapManager" 必须包含非 null 值。请考虑添加 "required" 修饰符或将该 属性 声明为可为 null。 [C:\001_AI\LudotsClean\src\Core\Ludots.Core.csproj]
C:\001_AI\LudotsClean\src\Core\Engine\GameEngine.cs(207,16): warning CS8618: 在退出构造函数时，不可为 null 的 属性 "ConfigPipeline" 必须包含非 null 值。请考虑添加 "required" 修饰符或将该 属性 声明为可为 null。 [C:\001_AI\LudotsClean\src\Core\Ludots.Core.csproj]
C:\001_AI\LudotsClean\src\Core\Engine\GameEngine.cs(207,16): warning CS8618: 在退出构造函数时，不可为 null 的 属性 "MapLoader" 必须包含非 null 值。请考虑添加 "required" 修饰符或将该 属性 声明为可为 null。 [C:\001_AI\LudotsClean\src\Core\Ludots.Core.csproj]
C:\001_AI\LudotsClean\src\Core\Engine\GameEngine.cs(207,16): warning CS8618: 在退出构造函数时，不可为 null 的 属性 "EntityTriggerGraphMounts" 必须包含非 null 值。请考虑添加 "required" 修饰符或将该 属性 声明为可为 null。 [C:\001_AI\LudotsClean\src\Core\Ludots.Core.csproj]
C:\001_AI\LudotsClean\src\Core\Engine\GameEngine.cs(207,16): warning CS8618: 在退出构造函数时，不可为 null 的 属性 "SystemFactoryRegistry" 必须包含非 null 值。请考虑添加 "required" 修饰符或将该 属性 声明为可为 null。 [C:\001_AI\LudotsClean\src\Core\Ludots.Core.csproj]
C:\001_AI\LudotsClean\src\Core\Engine\GameEngine.cs(207,16): warning CS8618: 在退出构造函数时，不可为 null 的 属性 "TriggerDecoratorRegistry" 必须包含非 null 值。请考虑添加 "required" 修饰符或将该 属性 声明为可为 null。 [C:\001_AI\LudotsClean\src\Core\Ludots.Core.csproj]
C:\001_AI\LudotsClean\src\Core\Engine\GameEngine.cs(207,16): warning CS8618: 在退出构造函数时，不可为 null 的 属性 "ModExtensions" 必须包含非 null 值。请考虑添加 "required" 修饰符或将该 属性 声明为可为 null。 [C:\001_AI\LudotsClean\src\Core\Ludots.Core.csproj]
C:\001_AI\LudotsClean\src\Core\Engine\GameEngine.cs(207,16): warning CS8618: 在退出构造函数时，不可为 null 的 属性 "World" 必须包含非 null 值。请考虑添加 "required" 修饰符或将该 属性 声明为可为 null。 [C:\001_AI\LudotsClean\src\Core\Ludots.Core.csproj]
C:\001_AI\LudotsClean\src\Core\Engine\GameEngine.cs(207,16): warning CS8618: 在退出构造函数时，不可为 null 的 属性 "WorldMap" 必须包含非 null 值。请考虑添加 "required" 修饰符或将该 属性 声明为可为 null。 [C:\001_AI\LudotsClean\src\Core\Ludots.Core.csproj]
C:\001_AI\LudotsClean\src\Core\Engine\GameEngine.cs(207,16): warning CS8618: 在退出构造函数时，不可为 null 的 属性 "VertexMap" 必须包含非 null 值。请考虑添加 "required" 修饰符或将该 属性 声明为可为 null。 [C:\001_AI\LudotsClean\src\Core\Ludots.Core.csproj]
C:\001_AI\LudotsClean\src\Core\Engine\GameEngine.cs(207,16): warning CS8618: 在退出构造函数时，不可为 null 的 属性 "LogicTerrain" 必须包含非 null 值。请考虑添加 "required" 修饰符或将该 属性 声明为可为 null。 [C:\001_AI\LudotsClean\src\Core\Ludots.Core.csproj]
C:\001_AI\LudotsClean\src\Core\Engine\GameEngine.cs(207,16): warning CS8618: 在退出构造函数时，不可为 null 的 属性 "PhysicsWorld" 必须包含非 null 值。请考虑添加 "required" 修饰符或将该 属性 声明为可为 null。 [C:\001_AI\LudotsClean\src\Core\Ludots.Core.csproj]
C:\001_AI\LudotsClean\src\Core\Engine\GameEngine.cs(207,16): warning CS8618: 在退出构造函数时，不可为 null 的 属性 "GameSession" 必须包含非 null 值。请考虑添加 "required" 修饰符或将该 属性 声明为可为 null。 [C:\001_AI\LudotsClean\src\Core\Ludots.Core.csproj]
C:\001_AI\LudotsClean\src\Core\Engine\GameEngine.cs(207,16): warning CS8618: 在退出构造函数时，不可为 null 的 属性 "SpatialCoords" 必须包含非 null 值。请考虑添加 "required" 修饰符或将该 属性 声明为可为 null。 [C:\001_AI\LudotsClean\src\Core\Ludots.Core.csproj]
C:\001_AI\LudotsClean\src\Core\Engine\GameEngine.cs(207,16): warning CS8618: 在退出构造函数时，不可为 null 的 属性 "SpatialQueries" 必须包含非 null 值。请考虑添加 "required" 修饰符或将该 属性 声明为可为 null。 [C:\001_AI\LudotsClean\src\Core\Ludots.Core.csproj]
C:\001_AI\LudotsClean\src\Core\Engine\GameEngine.cs(207,16): warning CS8618: 在退出构造函数时，不可为 null 的 属性 "MapSessions" 必须包含非 null 值。请考虑添加 "required" 修饰符或将该 属性 声明为可为 null。 [C:\001_AI\LudotsClean\src\Core\Ludots.Core.csproj]
C:\001_AI\LudotsClean\src\Core\Engine\GameEngine.cs(207,16): warning CS8618: 在退出构造函数时，不可为 null 的 属性 "BoardIdRegistry" 必须包含非 null 值。请考虑添加 "required" 修饰符或将该 属性 声明为可为 null。 [C:\001_AI\LudotsClean\src\Core\Ludots.Core.csproj]
C:\001_AI\LudotsClean\src\Core\Engine\GameEngine.cs(207,16): warning CS8618: 在退出构造函数时，不可为 null 的 字段 "_spatialPartition" 必须包含非 null 值。请考虑添加 "required" 修饰符或将该 字段 声明为可为 null。 [C:\001_AI\LudotsClean\src\Core\Ludots.Core.csproj]
C:\001_AI\LudotsClean\src\Core\Engine\GameEngine.cs(207,16): warning CS8618: 在退出构造函数时，不可为 null 的 属性 "HexGridAOI" 必须包含非 null 值。请考虑添加 "required" 修饰符或将该 属性 声明为可为 null。 [C:\001_AI\LudotsClean\src\Core\Ludots.Core.csproj]
C:\001_AI\LudotsClean\src\Core\Engine\GameEngine.cs(207,16): warning CS8618: 在退出构造函数时，不可为 null 的 属性 "EventBus" 必须包含非 null 值。请考虑添加 "required" 修饰符或将该 属性 声明为可为 null。 [C:\001_AI\LudotsClean\src\Core\Ludots.Core.csproj]
C:\001_AI\LudotsClean\src\Core\Engine\GameEngine.cs(207,16): warning CS8618: 在退出构造函数时，不可为 null 的 属性 "SyncContext" 必须包含非 null 值。请考虑添加 "required" 修饰符或将该 属性 声明为可为 null。 [C:\001_AI\LudotsClean\src\Core\Ludots.Core.csproj]
C:\001_AI\LudotsClean\src\Core\Engine\GameEngine.cs(207,16): warning CS8618: 在退出构造函数时，不可为 null 的 字段 "_inputRuntimeSystem" 必须包含非 null 值。请考虑添加 "required" 修饰符或将该 字段 声明为可为 null。 [C:\001_AI\LudotsClean\src\Core\Ludots.Core.csproj]
C:\001_AI\LudotsClean\src\Core\Engine\GameEngine.cs(207,16): warning CS8618: 在退出构造函数时，不可为 null 的 字段 "_primitiveDrawBuffer" 必须包含非 null 值。请考虑添加 "required" 修饰符或将该 字段 声明为可为 null。 [C:\001_AI\LudotsClean\src\Core\Ludots.Core.csproj]
C:\001_AI\LudotsClean\src\Core\Engine\GameEngine.cs(207,16): warning CS8618: 在退出构造函数时，不可为 null 的 字段 "_visualSnapshotBuffer" 必须包含非 null 值。请考虑添加 "required" 修饰符或将该 字段 声明为可为 null。 [C:\001_AI\LudotsClean\src\Core\Ludots.Core.csproj]
C:\001_AI\LudotsClean\src\Core\Engine\GameEngine.cs(207,16): warning CS8618: 在退出构造函数时，不可为 null 的 字段 "_visualProxyBuffer" 必须包含非 null 值。请考虑添加 "required" 修饰符或将该 字段 声明为可为 null。 [C:\001_AI\LudotsClean\src\Core\Ludots.Core.csproj]
C:\001_AI\LudotsClean\src\Core\Engine\GameEngine.cs(207,16): warning CS8618: 在退出构造函数时，不可为 null 的 字段 "_skinnedVisualBatchBuffer" 必须包含非 null 值。请考虑添加 "required" 修饰符或将该 字段 声明为可为 null。 [C:\001_AI\LudotsClean\src\Core\Ludots.Core.csproj]
C:\001_AI\LudotsClean\src\Core\Engine\GameEngine.cs(207,16): warning CS8618: 在退出构造函数时，不可为 null 的 字段 "_presentationRequestBuffer" 必须包含非 null 值。请考虑添加 "required" 修饰符或将该 字段 声明为可为 null。 [C:\001_AI\LudotsClean\src\Core\Ludots.Core.csproj]
C:\001_AI\LudotsClean\src\Core\Engine\GameEngine.cs(207,16): warning CS8618: 在退出构造函数时，不可为 null 的 字段 "_globalFieldVisualBuffer" 必须包含非 null 值。请考虑添加 "required" 修饰符或将该 字段 声明为可为 null。 [C:\001_AI\LudotsClean\src\Core\Ludots.Core.csproj]
C:\001_AI\LudotsClean\src\Core\Engine\GameEngine.cs(207,16): warning CS8618: 在退出构造函数时，不可为 null 的 字段 "_soundRequestBuffer" 必须包含非 null 值。请考虑添加 "required" 修饰符或将该 字段 声明为可为 null。 [C:\001_AI\LudotsClean\src\Core\Ludots.Core.csproj]
C:\001_AI\LudotsClean\src\Core\Engine\GameEngine.cs(207,16): warning CS8618: 在退出构造函数时，不可为 null 的 字段 "_instancedBatchRequestBuffer" 必须包含非 null 值。请考虑添加 "required" 修饰符或将该 字段 声明为可为 null。 [C:\001_AI\LudotsClean\src\Core\Ludots.Core.csproj]
C:\001_AI\LudotsClean\src\Core\Engine\GameEngine.cs(207,16): warning CS8618: 在退出构造函数时，不可为 null 的 字段 "_instancedBatchOperationBuffer" 必须包含非 null 值。请考虑添加 "required" 修饰符或将该 字段 声明为可为 null。 [C:\001_AI\LudotsClean\src\Core\Ludots.Core.csproj]
C:\001_AI\LudotsClean\src\Core\Engine\GameEngine.cs(207,16): warning CS8618: 在退出构造函数时，不可为 null 的 字段 "_gasPresentationEvents" 必须包含非 null 值。请考虑添加 "required" 修饰符或将该 字段 声明为可为 null。 [C:\001_AI\LudotsClean\src\Core\Ludots.Core.csproj]
C:\001_AI\LudotsClean\src\Core\Engine\GameEngine.cs(207,16): warning CS8618: 在退出构造函数时，不可为 null 的 字段 "_gasGraphRuntimeApi" 必须包含非 null 值。请考虑添加 "required" 修饰符或将该 字段 声明为可为 null。 [C:\001_AI\LudotsClean\src\Core\Ludots.Core.csproj]
C:\001_AI\LudotsClean\src\Core\Engine\GameEngine.cs(207,16): warning CS8618: 在退出构造函数时，不可为 null 的 字段 "_groundOverlayBuffer" 必须包含非 null 值。请考虑添加 "required" 修饰符或将该 字段 声明为可为 null。 [C:\001_AI\LudotsClean\src\Core\Ludots.Core.csproj]
C:\001_AI\LudotsClean\src\Core\Engine\GameEngine.cs(207,16): warning CS8618: 在退出构造函数时，不可为 null 的 字段 "_splineRibbonBuffer" 必须包含非 null 值。请考虑添加 "required" 修饰符或将该 字段 声明为可为 null。 [C:\001_AI\LudotsClean\src\Core\Ludots.Core.csproj]
C:\001_AI\LudotsClean\src\Core\Engine\GameEngine.cs(207,16): warning CS8618: 在退出构造函数时，不可为 null 的 字段 "_worldHudBuffer" 必须包含非 null 值。请考虑添加 "required" 修饰符或将该 字段 声明为可为 null。 [C:\001_AI\LudotsClean\src\Core\Ludots.Core.csproj]
C:\001_AI\LudotsClean\src\Core\Engine\GameEngine.cs(207,16): warning CS8618: 在退出构造函数时，不可为 null 的 字段 "_physics2DController" 必须包含非 null 值。请考虑添加 "required" 修饰符或将该 字段 声明为可为 null。 [C:\001_AI\LudotsClean\src\Core\Ludots.Core.csproj]
C:\001_AI\LudotsClean\src\Core\Engine\GameEngine.cs(207,16): warning CS8618: 在退出构造函数时，不可为 null 的 字段 "_gasController" 必须包含非 null 值。请考虑添加 "required" 修饰符或将该 字段 声明为可为 null。 [C:\001_AI\LudotsClean\src\Core\Ludots.Core.csproj]
C:\001_AI\LudotsClean\src\Core\Engine\GameEngine.cs(207,16): warning CS8618: 在退出构造函数时，不可为 null 的 字段 "_timeFlow" 必须包含非 null 值。请考虑添加 "required" 修饰符或将该 字段 声明为可为 null。 [C:\001_AI\LudotsClean\src\Core\Ludots.Core.csproj]
C:\001_AI\LudotsClean\src\Core\Engine\GameEngine.cs(207,16): warning CS8618: 在退出构造函数时，不可为 null 的 字段 "_worldToGridSyncSystem" 必须包含非 null 值。请考虑添加 "required" 修饰符或将该 字段 声明为可为 null。 [C:\001_AI\LudotsClean\src\Core\Ludots.Core.csproj]
C:\001_AI\LudotsClean\src\Core\Engine\GameEngine.cs(207,16): warning CS8618: 在退出构造函数时，不可为 null 的 字段 "_spatialPartitionUpdateSystem" 必须包含非 null 值。请考虑添加 "required" 修饰符或将该 字段 声明为可为 null。 [C:\001_AI\LudotsClean\src\Core\Ludots.Core.csproj]
C:\001_AI\LudotsClean\src\Core\Engine\GameEngine.cs(207,16): warning CS8618: 在退出构造函数时，不可为 null 的 字段 "_jobScheduler" 必须包含非 null 值。请考虑添加 "required" 修饰符或将该 字段 声明为可为 null。 [C:\001_AI\LudotsClean\src\Core\Ludots.Core.csproj]
C:\001_AI\LudotsClean\src\Core\Engine\GameEngine.cs(207,16): warning CS8618: 在退出构造函数时，不可为 null 的 属性 "MergedConfig" 必须包含非 null 值。请考虑添加 "required" 修饰符或将该 属性 声明为可为 null。 [C:\001_AI\LudotsClean\src\Core\Ludots.Core.csproj]
C:\001_AI\LudotsClean\src\Core\Engine\GameEngine.cs(207,16): warning CS8618: 在退出构造函数时，不可为 null 的 属性 "ConflictReport" 必须包含非 null 值。请考虑添加 "required" 修饰符或将该 属性 声明为可为 null。 [C:\001_AI\LudotsClean\src\Core\Ludots.Core.csproj]
C:\001_AI\LudotsClean\src\Core\Engine\GameEngine.cs(207,16): warning CS8618: 在退出构造函数时，不可为 null 的 属性 "ConfigConflictReport" 必须包含非 null 值。请考虑添加 "required" 修饰符或将该 属性 声明为可为 null。 [C:\001_AI\LudotsClean\src\Core\Ludots.Core.csproj]
C:\001_AI\LudotsClean\src\Core\Engine\GameEngine.cs(207,16): warning CS8618: 在退出构造函数时，不可为 null 的 属性 "ConfigCatalog" 必须包含非 null 值。请考虑添加 "required" 修饰符或将该 属性 声明为可为 null。 [C:\001_AI\LudotsClean\src\Core\Ludots.Core.csproj]
C:\001_AI\LudotsClean\src\Core\Engine\GameEngine.cs(207,16): warning CS8618: 在退出构造函数时，不可为 null 的 属性 "CurrentMapSession" 必须包含非 null 值。请考虑添加 "required" 修饰符或将该 属性 声明为可为 null。 [C:\001_AI\LudotsClean\src\Core\Ludots.Core.csproj]
C:\001_AI\LudotsClean\src\Core\Map\Board\HexGridBoard.cs(31,16): warning CS8618: 在退出构造函数时，不可为 null 的 属性 "VertexMap" 必须包含非 null 值。请考虑添加 "required" 修饰符或将该 属性 声明为可为 null。 [C:\001_AI\LudotsClean\src\Core\Ludots.Core.csproj]
C:\001_AI\LudotsClean\src\Core\Map\Board\HexGridBoard.cs(31,16): warning CS8618: 在退出构造函数时，不可为 null 的 属性 "LogicTerrain" 必须包含非 null 值。请考虑添加 "required" 修饰符或将该 属性 声明为可为 null。 [C:\001_AI\LudotsClean\src\Core\Ludots.Core.csproj]
C:\001_AI\LudotsClean\src\Core\Map\Board\HexGridBoard.cs(31,16): warning CS8618: 在退出构造函数时，不可为 null 的 属性 "NavServices" 必须包含非 null 值。请考虑添加 "required" 修饰符或将该 属性 声明为可为 null。 [C:\001_AI\LudotsClean\src\Core\Ludots.Core.csproj]
C:\001_AI\LudotsClean\src\Core\Map\Board\BoardConfig.cs(87,31): warning CS8601: 可能的 null 引用赋值。 [C:\001_AI\LudotsClean\src\Core\Ludots.Core.csproj]
C:\001_AI\LudotsClean\src\Core\Map\Board\BoardConfig.cs(37,23): warning CS8618: 在退出构造函数时，不可为 null 的 属性 "DataFile" 必须包含非 null 值。请考虑添加 "required" 修饰符或将该 属性 声明为可为 null。 [C:\001_AI\LudotsClean\src\Core\Ludots.Core.csproj]
C:\001_AI\LudotsClean\src\Core\Map\Board\BoardConfig.cs(39,23): warning CS8618: 在退出构造函数时，不可为 null 的 属性 "VisualHeightmapAsset" 必须包含非 null 值。请考虑添加 "required" 修饰符或将该 属性 声明为可为 null。 [C:\001_AI\LudotsClean\src\Core\Ludots.Core.csproj]
C:\001_AI\LudotsClean\src\Core\Map\Board\BoardConfig.cs(62,34): warning CS8618: 在退出构造函数时，不可为 null 的 属性 "NavTileGrid" 必须包含非 null 值。请考虑添加 "required" 修饰符或将该 属性 声明为可为 null。 [C:\001_AI\LudotsClean\src\Core\Ludots.Core.csproj]
C:\001_AI\LudotsClean\src\Core\Config\ConfigPipeline.cs(176,24): warning CS8603: 可能返回 null 引用。 [C:\001_AI\LudotsClean\src\Core\Ludots.Core.csproj]
C:\001_AI\LudotsClean\src\Core\Map\Board\GridBoard.cs(31,16): warning CS8618: 在退出构造函数时，不可为 null 的 属性 "VertexMap" 必须包含非 null 值。请考虑添加 "required" 修饰符或将该 属性 声明为可为 null。 [C:\001_AI\LudotsClean\src\Core\Ludots.Core.csproj]
C:\001_AI\LudotsClean\src\Core\Map\Board\GridBoard.cs(31,16): warning CS8618: 在退出构造函数时，不可为 null 的 属性 "LogicTerrain" 必须包含非 null 值。请考虑添加 "required" 修饰符或将该 属性 声明为可为 null。 [C:\001_AI\LudotsClean\src\Core\Ludots.Core.csproj]
C:\001_AI\LudotsClean\src\Core\Map\Board\GridBoard.cs(31,16): warning CS8618: 在退出构造函数时，不可为 null 的 属性 "NavServices" 必须包含非 null 值。请考虑添加 "required" 修饰符或将该 属性 声明为可为 null。 [C:\001_AI\LudotsClean\src\Core\Ludots.Core.csproj]
C:\001_AI\LudotsClean\src\Core\Map\Board\BoardIdRegistry.cs(39,24): warning CS8603: 可能返回 null 引用。 [C:\001_AI\LudotsClean\src\Core\Ludots.Core.csproj]
C:\001_AI\LudotsClean\src\Core\Gameplay\Camera\PlatformManagedCameraDriverRegistry.cs(52,52): warning CS8601: 可能的 null 引用赋值。 [C:\001_AI\LudotsClean\src\Core\Ludots.Core.csproj]
C:\001_AI\LudotsClean\src\Core\Config\ConfigMerger.cs(93,82): warning CS8625: 无法将 null 字面量转换为非 null 的引用类型。 [C:\001_AI\LudotsClean\src\Core\Ludots.Core.csproj]
C:\001_AI\LudotsClean\src\Core\Config\ConfigMerger.cs(110,69): warning CS8604: “List<MergedConfigEntry> ConfigMerger.MergeArrayByIdToEntriesCore(IReadOnlyList<ConfigFragment> fragments, in ConfigCatalogEntry entry, ConfigConflictReport report)”中的形参“report”可能传入 null 引用实参。 [C:\001_AI\LudotsClean\src\Core\Ludots.Core.csproj]
C:\001_AI\LudotsClean\src\Core\Map\WorldMap.cs(27,16): warning CS8618: 在退出构造函数时，不可为 null 的 字段 "_tiles" 必须包含非 null 值。请考虑添加 "required" 修饰符或将该 字段 声明为可为 null。 [C:\001_AI\LudotsClean\src\Core\Ludots.Core.csproj]
C:\001_AI\LudotsClean\src\Core\Input\Interaction\InteractionModeMap.cs(86,43): warning CS8625: 无法将 null 字面量转换为非 null 的引用类型。 [C:\001_AI\LudotsClean\src\Core\Ludots.Core.csproj]
C:\001_AI\LudotsClean\src\Core\Map\WorldMap.cs(44,24): warning CS8603: 可能返回 null 引用。 [C:\001_AI\LudotsClean\src\Core\Ludots.Core.csproj]
C:\001_AI\LudotsClean\src\Core\Gameplay\Activities\ActivityConfigLoader.cs(44,72): warning CS8604: “IReadOnlyList<MergedConfigEntry> ConfigPipeline.MergeArrayByIdFromCatalog(in ConfigCatalogEntry entry, ConfigConflictReport report = null)”中的形参“report”可能传入 null 引用实参。 [C:\001_AI\LudotsClean\src\Core\Ludots.Core.csproj]
C:\001_AI\LudotsClean\src\Core\Engine\GameEngine.cs(419,31): warning CS8601: 可能的 null 引用赋值。 [C:\001_AI\LudotsClean\src\Core\Ludots.Core.csproj]
C:\001_AI\LudotsClean\src\Core\Config\ConfigMerger.cs(203,39): warning CS8600: 将 null 文本或可能的 null 值转换为不可为 null 类型。 [C:\001_AI\LudotsClean\src\Core\Ludots.Core.csproj]
C:\001_AI\LudotsClean\src\Core\Input\Interaction\InteractionMode.cs(42,48): warning CS8618: 在退出构造函数时，不可为 null 的 属性 "Contexts" 必须包含非 null 值。请考虑添加 "required" 修饰符或将该 属性 声明为可为 null。 [C:\001_AI\LudotsClean\src\Core\Ludots.Core.csproj]
C:\001_AI\LudotsClean\src\Core\Input\Interaction\InteractionMode.cs(29,48): warning CS8618: 在退出构造函数时，不可为 null 的 属性 "Modes" 必须包含非 null 值。请考虑添加 "required" 修饰符或将该 属性 声明为可为 null。 [C:\001_AI\LudotsClean\src\Core\Ludots.Core.csproj]
C:\001_AI\LudotsClean\src\Core\Map\MapSessionManager.cs(32,52): warning CS8603: 可能返回 null 引用。 [C:\001_AI\LudotsClean\src\Core\Ludots.Core.csproj]
C:\001_AI\LudotsClean\src\Core\Map\MapSessionManager.cs(34,24): warning CS8603: 可能返回 null 引用。 [C:\001_AI\LudotsClean\src\Core\Ludots.Core.csproj]
C:\001_AI\LudotsClean\src\Core\Map\MapContext.cs(30,21): warning CS8601: 可能的 null 引用赋值。 [C:\001_AI\LudotsClean\src\Core\Ludots.Core.csproj]
C:\001_AI\LudotsClean\src\Core\Map\Hex\VertexMap.cs(49,33): warning CS8625: 无法将 null 字面量转换为非 null 的引用类型。 [C:\001_AI\LudotsClean\src\Core\Ludots.Core.csproj]
C:\001_AI\LudotsClean\src\Core\Map\Hex\VertexMap.cs(59,30): warning CS8625: 无法将 null 字面量转换为非 null 的引用类型。 [C:\001_AI\LudotsClean\src\Core\Ludots.Core.csproj]
C:\001_AI\LudotsClean\src\Core\Map\MapSessionManager.cs(142,20): warning CS8603: 可能返回 null 引用。 [C:\001_AI\LudotsClean\src\Core\Ludots.Core.csproj]
C:\001_AI\LudotsClean\src\Core\Map\Hex\VertexMap.cs(81,55): warning CS8603: 可能返回 null 引用。 [C:\001_AI\LudotsClean\src\Core\Ludots.Core.csproj]
C:\001_AI\LudotsClean\src\Core\Map\Hex\VertexMap.cs(106,20): warning CS8603: 可能返回 null 引用。 [C:\001_AI\LudotsClean\src\Core\Ludots.Core.csproj]
C:\001_AI\LudotsClean\src\Core\Map\MapSessionManager.cs(175,55): warning CS8600: 将 null 文本或可能的 null 值转换为不可为 null 类型。 [C:\001_AI\LudotsClean\src\Core\Ludots.Core.csproj]
C:\001_AI\LudotsClean\src\Core\Input\Interaction\InteractionContextProfile.cs(39,23): warning CS8618: 在退出构造函数时，不可为 null 的 属性 "FilterProfileId" 必须包含非 null 值。请考虑添加 "required" 修饰符或将该 属性 声明为可为 null。 [C:\001_AI\LudotsClean\src\Core\Ludots.Core.csproj]
C:\001_AI\LudotsClean\src\Core\Input\Interaction\InteractionContextProfile.cs(42,23): warning CS8618: 在退出构造函数时，不可为 null 的 属性 "InputContextId" 必须包含非 null 值。请考虑添加 "required" 修饰符或将该 属性 声明为可为 null。 [C:\001_AI\LudotsClean\src\Core\Ludots.Core.csproj]
C:\001_AI\LudotsClean\src\Core\Input\Interaction\InteractionContextProfile.cs(45,23): warning CS8618: 在退出构造函数时，不可为 null 的 属性 "CommandIntentId" 必须包含非 null 值。请考虑添加 "required" 修饰符或将该 属性 声明为可为 null。 [C:\001_AI\LudotsClean\src\Core\Ludots.Core.csproj]
C:\001_AI\LudotsClean\src\Core\Input\Interaction\InteractionContextProfile.cs(19,58): warning CS8618: 在退出构造函数时，不可为 null 的 属性 "Profiles" 必须包含非 null 值。请考虑添加 "required" 修饰符或将该 属性 声明为可为 null。 [C:\001_AI\LudotsClean\src\Core\Ludots.Core.csproj]
C:\001_AI\LudotsClean\src\Core\Map\MapSession.cs(87,20): warning CS8603: 可能返回 null 引用。 [C:\001_AI\LudotsClean\src\Core\Ludots.Core.csproj]
C:\001_AI\LudotsClean\src\Core\Map\MapSession.cs(92,20): warning CS8603: 可能返回 null 引用。 [C:\001_AI\LudotsClean\src\Core\Ludots.Core.csproj]
C:\001_AI\LudotsClean\src\Core\Map\MapSession.cs(104,24): warning CS8603: 可能返回 null 引用。 [C:\001_AI\LudotsClean\src\Core\Ludots.Core.csproj]
C:\001_AI\LudotsClean\src\Core\Map\Hex\VertexMap.cs(310,26): warning CS8625: 无法将 null 字面量转换为非 null 的引用类型。 [C:\001_AI\LudotsClean\src\Core\Ludots.Core.csproj]
C:\001_AI\LudotsClean\src\Core\Map\Hex\VertexMap.cs(18,42): warning CS8625: 无法将 null 字面量转换为非 null 的引用类型。 [C:\001_AI\LudotsClean\src\Core\Ludots.Core.csproj]
C:\001_AI\LudotsClean\src\Core\Map\Hex\VertexMap.cs(19,31): warning CS8618: 在退出构造函数时，不可为 null 的 字段 "_loadedChunks" 必须包含非 null 值。请考虑添加 "required" 修饰符或将该 字段 声明为可为 null。 [C:\001_AI\LudotsClean\src\Core\Ludots.Core.csproj]
C:\001_AI\LudotsClean\src\Core\Gameplay\Items\ItemConfigLoader.cs(40,53): warning CS8604: “ConfigCatalogEntry ConfigPipeline.RequireEntry(ConfigCatalog catalog, string path, ConfigMergePolicy defaultPolicy, string defaultIdField = "id")”中的形参“catalog”可能传入 null 引用实参。 [C:\001_AI\LudotsClean\src\Core\Ludots.Core.csproj]
C:\001_AI\LudotsClean\src\Core\Gameplay\Items\ItemConfigLoader.cs(41,72): warning CS8604: “IReadOnlyList<MergedConfigEntry> ConfigPipeline.MergeArrayByIdFromCatalog(in ConfigCatalogEntry entry, ConfigConflictReport report = null)”中的形参“report”可能传入 null 引用实参。 [C:\001_AI\LudotsClean\src\Core\Ludots.Core.csproj]
C:\001_AI\LudotsClean\src\Core\Gameplay\Items\ItemConfigLoader.cs(77,53): warning CS8604: “ConfigCatalogEntry ConfigPipeline.RequireEntry(ConfigCatalog catalog, string path, ConfigMergePolicy defaultPolicy, string defaultIdField = "id")”中的形参“catalog”可能传入 null 引用实参。 [C:\001_AI\LudotsClean\src\Core\Ludots.Core.csproj]
C:\001_AI\LudotsClean\src\Core\Gameplay\Items\ItemConfigLoader.cs(78,72): warning CS8604: “IReadOnlyList<MergedConfigEntry> ConfigPipeline.MergeArrayByIdFromCatalog(in ConfigCatalogEntry entry, ConfigConflictReport report = null)”中的形参“report”可能传入 null 引用实参。 [C:\001_AI\LudotsClean\src\Core\Ludots.Core.csproj]
C:\001_AI\LudotsClean\src\Core\Gameplay\Items\ItemConfigLoader.cs(120,53): warning CS8604: “ConfigCatalogEntry ConfigPipeline.RequireEntry(ConfigCatalog catalog, string path, ConfigMergePolicy defaultPolicy, string defaultIdField = "id")”中的形参“catalog”可能传入 null 引用实参。 [C:\001_AI\LudotsClean\src\Core\Ludots.Core.csproj]
C:\001_AI\LudotsClean\src\Core\Gameplay\Items\ItemConfigLoader.cs(121,72): warning CS8604: “IReadOnlyList<MergedConfigEntry> ConfigPipeline.MergeArrayByIdFromCatalog(in ConfigCatalogEntry entry, ConfigConflictReport report = null)”中的形参“report”可能传入 null 引用实参。 [C:\001_AI\LudotsClean\src\Core\Ludots.Core.csproj]
C:\001_AI\LudotsClean\src\Core\Config\ComponentRegistry.cs(1136,38): warning CS8600: 将 null 文本或可能的 null 值转换为不可为 null 类型。 [C:\001_AI\LudotsClean\src\Core\Ludots.Core.csproj]
C:\001_AI\LudotsClean\src\Core\Gameplay\Lifecycle\EntityLifecycleAtomicOps.cs(40,88): warning CS8604: “void EntityTriggerGraphMounts.MountRuntimeSpawned(Entity entity, string templateId, IReadOnlyList<string> graphNames)”中的形参“graphNames”可能传入 null 引用实参。 [C:\001_AI\LudotsClean\src\Core\Ludots.Core.csproj]
C:\001_AI\LudotsClean\src\Core\Input\Interaction\FilterProfile.cs(42,46): warning CS8618: 在退出构造函数时，不可为 null 的 属性 "AssociationQuery" 必须包含非 null 值。请考虑添加 "required" 修饰符或将该 属性 声明为可为 null。 [C:\001_AI\LudotsClean\src\Core\Ludots.Core.csproj]
C:\001_AI\LudotsClean\src\Core\Input\Interaction\FilterProfile.cs(43,37): warning CS8618: 在退出构造函数时，不可为 null 的 属性 "Exclude" 必须包含非 null 值。请考虑添加 "required" 修饰符或将该 属性 声明为可为 null。 [C:\001_AI\LudotsClean\src\Core\Ludots.Core.csproj]
C:\001_AI\LudotsClean\src\Core\Input\Interaction\FilterProfile.cs(44,37): warning CS8618: 在退出构造函数时，不可为 null 的 属性 "Include" 必须包含非 null 值。请考虑添加 "required" 修饰符或将该 属性 声明为可为 null。 [C:\001_AI\LudotsClean\src\Core\Ludots.Core.csproj]
C:\001_AI\LudotsClean\src\Core\Input\Interaction\FilterProfile.cs(35,46): warning CS8618: 在退出构造函数时，不可为 null 的 属性 "Profiles" 必须包含非 null 值。请考虑添加 "required" 修饰符或将该 属性 声明为可为 null。 [C:\001_AI\LudotsClean\src\Core\Ludots.Core.csproj]
C:\001_AI\LudotsClean\src\Core\Input\Interaction\ControlSchemeRuntime.cs(189,42): warning CS8600: 将 null 文本或可能的 null 值转换为不可为 null 类型。 [C:\001_AI\LudotsClean\src\Core\Ludots.Core.csproj]
C:\001_AI\LudotsClean\src\Core\UI\ProductionOverview\ProductionOverviewContracts.cs(63,55): warning CS8618: 在退出构造函数时，不可为 null 的 属性 "WorkerBuckets" 必须包含非 null 值。请考虑添加 "required" 修饰符或将该 属性 声明为可为 null。 [C:\001_AI\LudotsClean\src\Core\Ludots.Core.csproj]
C:\001_AI\LudotsClean\src\Core\UI\ProductionOverview\ProductionOverviewContracts.cs(47,58): warning CS8618: 在退出构造函数时，不可为 null 的 属性 "Profiles" 必须包含非 null 值。请考虑添加 "required" 修饰符或将该 属性 声明为可为 null。 [C:\001_AI\LudotsClean\src\Core\Ludots.Core.csproj]
C:\001_AI\LudotsClean\src\Core\Map\MapManager.cs(53,20): warning CS8603: 可能返回 null 引用。 [C:\001_AI\LudotsClean\src\Core\Ludots.Core.csproj]
C:\001_AI\LudotsClean\src\Core\Map\MapManager.cs(58,20): warning CS8603: 可能返回 null 引用。 [C:\001_AI\LudotsClean\src\Core\Ludots.Core.csproj]
C:\001_AI\LudotsClean\src\Core\Input\Interaction\ControlScheme.cs(29,29): warning CS8618: 在退出构造函数时，不可为 null 的 属性 "InputContexts" 必须包含非 null 值。请考虑添加 "required" 修饰符或将该 属性 声明为可为 null。 [C:\001_AI\LudotsClean\src\Core\Ludots.Core.csproj]
C:\001_AI\LudotsClean\src\Core\Input\Interaction\ControlScheme.cs(36,38): warning CS8618: 在退出构造函数时，不可为 null 的 属性 "AxisMove" 必须包含非 null 值。请考虑添加 "required" 修饰符或将该 属性 声明为可为 null。 [C:\001_AI\LudotsClean\src\Core\Ludots.Core.csproj]
C:\001_AI\LudotsClean\src\Core\Input\Interaction\ControlScheme.cs(8,46): warning CS8618: 在退出构造函数时，不可为 null 的 属性 "Schemes" 必须包含非 null 值。请考虑添加 "required" 修饰符或将该 属性 声明为可为 null。 [C:\001_AI\LudotsClean\src\Core\Ludots.Core.csproj]
C:\001_AI\LudotsClean\src\Core\Input\Interaction\ControlScheme.cs(15,29): warning CS8618: 在退出构造函数时，不可为 null 的 属性 "AllowedSchemes" 必须包含非 null 值。请考虑添加 "required" 修饰符或将该 属性 声明为可为 null。 [C:\001_AI\LudotsClean\src\Core\Ludots.Core.csproj]
C:\001_AI\LudotsClean\src\Core\Input\Orders\InputOrderMappingSystem.cs(1990,18): warning CS8602: 解引用可能出现空引用。 [C:\001_AI\LudotsClean\src\Core\Ludots.Core.csproj]
C:\001_AI\LudotsClean\src\Core\Input\Interaction\CommandPref.cs(186,46): warning CS8618: 在退出构造函数时，不可为 null 的 属性 "Defaults" 必须包含非 null 值。请考虑添加 "required" 修饰符或将该 属性 声明为可为 null。 [C:\001_AI\LudotsClean\src\Core\Ludots.Core.csproj]
C:\001_AI\LudotsClean\src\Core\Map\MapManager.cs(89,44): warning CS8600: 将 null 文本或可能的 null 值转换为不可为 null 类型。 [C:\001_AI\LudotsClean\src\Core\Ludots.Core.csproj]
C:\001_AI\LudotsClean\src\Core\Map\MapManager.cs(136,28): warning CS8603: 可能返回 null 引用。 [C:\001_AI\LudotsClean\src\Core\Ludots.Core.csproj]
C:\001_AI\LudotsClean\src\Core\Gameplay\MapTriggers\TriggerGraphMounting.cs(61,67): warning CS8604: “void TriggerGraphMounting.AppendMapMountTriggers(List<Trigger> triggers, MapSession session, GraphProgramRegistry programs, TriggerGraphMount mount, string mapId, CustomEventNameRegistry? customEvents, EventSchemaRegistry? eventSchemas)”中的形参“programs”可能传入 null 引用实参。 [C:\001_AI\LudotsClean\src\Core\Ludots.Core.csproj]
C:\001_AI\LudotsClean\src\Core\Gameplay\MapTriggers\CustomEventCatalog.cs(137,100): warning CS8604: “IReadOnlyList<MergedConfigEntry> ConfigPipeline.MergeArrayByIdFromCatalog(in ConfigCatalogEntry entry, ConfigConflictReport report = null)”中的形参“report”可能传入 null 引用实参。 [C:\001_AI\LudotsClean\src\Core\Ludots.Core.csproj]
C:\001_AI\LudotsClean\src\Core\Map\MapManager.cs(265,48): warning CS8601: 可能的 null 引用赋值。 [C:\001_AI\LudotsClean\src\Core\Ludots.Core.csproj]
C:\001_AI\LudotsClean\src\Core\Gameplay\MapTriggers\EntityTriggerGraphMounts.cs(78,54): warning CS8600: 将 null 文本或可能的 null 值转换为不可为 null 类型。 [C:\001_AI\LudotsClean\src\Core\Ludots.Core.csproj]
C:\001_AI\LudotsClean\src\Core\Map\MapManager.cs(463,28): warning CS8601: 可能的 null 引用赋值。 [C:\001_AI\LudotsClean\src\Core\Ludots.Core.csproj]
C:\001_AI\LudotsClean\src\Core\Map\MapManager.cs(468,20): warning CS8625: 无法将 null 字面量转换为非 null 的引用类型。 [C:\001_AI\LudotsClean\src\Core\Ludots.Core.csproj]
C:\001_AI\LudotsClean\src\Core\Gameplay\Sequencer\SequencerConfigLoader.cs(32,53): warning CS8604: “ConfigCatalogEntry ConfigPipeline.RequireEntry(ConfigCatalog catalog, string path, ConfigMergePolicy defaultPolicy, string defaultIdField = "id")”中的形参“catalog”可能传入 null 引用实参。 [C:\001_AI\LudotsClean\src\Core\Ludots.Core.csproj]
C:\001_AI\LudotsClean\src\Core\Gameplay\Sequencer\SequencerConfigLoader.cs(33,72): warning CS8604: “IReadOnlyList<MergedConfigEntry> ConfigPipeline.MergeArrayByIdFromCatalog(in ConfigCatalogEntry entry, ConfigConflictReport report = null)”中的形参“report”可能传入 null 引用实参。 [C:\001_AI\LudotsClean\src\Core\Ludots.Core.csproj]
C:\001_AI\LudotsClean\src\Core\Gameplay\MapTriggers\GasEventTriggerBridgeSystem.cs(80,25): warning CS0618: “ContextKeys”已过时:“Use CoreServiceKeys with ServiceKey<T> for type-safe access. This class will be removed in a future release.” [C:\001_AI\LudotsClean\src\Core\Ludots.Core.csproj]
C:\001_AI\LudotsClean\src\Core\Config\ComponentRegistry.cs(1774,56): warning CS8600: 将 null 文本或可能的 null 值转换为不可为 null 类型。 [C:\001_AI\LudotsClean\src\Core\Ludots.Core.csproj]
C:\001_AI\LudotsClean\src\Core\Gameplay\Story\StoryConfigLoader.cs(38,53): warning CS8604: “ConfigCatalogEntry ConfigPipeline.RequireEntry(ConfigCatalog catalog, string path, ConfigMergePolicy defaultPolicy, string defaultIdField = "id")”中的形参“catalog”可能传入 null 引用实参。 [C:\001_AI\LudotsClean\src\Core\Ludots.Core.csproj]
C:\001_AI\LudotsClean\src\Core\Gameplay\Story\StoryConfigLoader.cs(39,72): warning CS8604: “IReadOnlyList<MergedConfigEntry> ConfigPipeline.MergeArrayByIdFromCatalog(in ConfigCatalogEntry entry, ConfigConflictReport report = null)”中的形参“report”可能传入 null 引用实参。 [C:\001_AI\LudotsClean\src\Core\Ludots.Core.csproj]
C:\001_AI\LudotsClean\src\Core\Gameplay\Tasks\TaskConfigLoader.cs(46,72): warning CS8604: “IReadOnlyList<MergedConfigEntry> ConfigPipeline.MergeArrayByIdFromCatalog(in ConfigCatalogEntry entry, ConfigConflictReport report = null)”中的形参“report”可能传入 null 引用实参。 [C:\001_AI\LudotsClean\src\Core\Ludots.Core.csproj]
C:\001_AI\LudotsClean\src\Core\Config\ComponentRegistry.cs(1805,56): warning CS8600: 将 null 文本或可能的 null 值转换为不可为 null 类型。 [C:\001_AI\LudotsClean\src\Core\Ludots.Core.csproj]
C:\001_AI\LudotsClean\src\Core\Gameplay\Story\StoryConfigLoader.cs(51,53): warning CS8604: “ConfigCatalogEntry ConfigPipeline.RequireEntry(ConfigCatalog catalog, string path, ConfigMergePolicy defaultPolicy, string defaultIdField = "id")”中的形参“catalog”可能传入 null 引用实参。 [C:\001_AI\LudotsClean\src\Core\Ludots.Core.csproj]
C:\001_AI\LudotsClean\src\Core\Gameplay\Story\StoryConfigLoader.cs(52,72): warning CS8604: “IReadOnlyList<MergedConfigEntry> ConfigPipeline.MergeArrayByIdFromCatalog(in ConfigCatalogEntry entry, ConfigConflictReport report = null)”中的形参“report”可能传入 null 引用实参。 [C:\001_AI\LudotsClean\src\Core\Ludots.Core.csproj]
C:\001_AI\LudotsClean\src\Core\Gameplay\Story\StoryConfigLoader.cs(64,53): warning CS8604: “ConfigCatalogEntry ConfigPipeline.RequireEntry(ConfigCatalog catalog, string path, ConfigMergePolicy defaultPolicy, string defaultIdField = "id")”中的形参“catalog”可能传入 null 引用实参。 [C:\001_AI\LudotsClean\src\Core\Ludots.Core.csproj]
C:\001_AI\LudotsClean\src\Core\Gameplay\Story\StoryConfigLoader.cs(65,72): warning CS8604: “IReadOnlyList<MergedConfigEntry> ConfigPipeline.MergeArrayByIdFromCatalog(in ConfigCatalogEntry entry, ConfigConflictReport report = null)”中的形参“report”可能传入 null 引用实参。 [C:\001_AI\LudotsClean\src\Core\Ludots.Core.csproj]
C:\001_AI\LudotsClean\src\Core\Gameplay\MapTriggers\EntityTriggerGraphMounts.cs(230,52): warning CS8600: 将 null 文本或可能的 null 值转换为不可为 null 类型。 [C:\001_AI\LudotsClean\src\Core\Ludots.Core.csproj]
C:\001_AI\LudotsClean\src\Core\Input\Interaction\CommandIntentProfileConfigLoader.cs(88,51): warning CS8600: 将 null 文本或可能的 null 值转换为不可为 null 类型。 [C:\001_AI\LudotsClean\src\Core\Ludots.Core.csproj]
C:\001_AI\LudotsClean\src\Core\Gameplay\MapTriggers\EntityTriggerGraphMounts.cs(249,52): warning CS8600: 将 null 文本或可能的 null 值转换为不可为 null 类型。 [C:\001_AI\LudotsClean\src\Core\Ludots.Core.csproj]
C:\001_AI\LudotsClean\src\Core\Gameplay\MapTriggers\EntityTriggerGraphMounts.cs(274,74): warning CS8600: 将 null 文本或可能的 null 值转换为不可为 null 类型。 [C:\001_AI\LudotsClean\src\Core\Ludots.Core.csproj]
C:\001_AI\LudotsClean\src\Core\Input\Interaction\CommandIntentProfileConfigLoader.cs(148,46): warning CS8604: “void CommandIntentProfileConfigLoader.ValidatePredicateStrings(List<string> values, string path)”中的形参“values”可能传入 null 引用实参。 [C:\001_AI\LudotsClean\src\Core\Ludots.Core.csproj]
C:\001_AI\LudotsClean\src\Core\Input\Interaction\CommandIntentProfileConfigLoader.cs(149,46): warning CS8604: “void CommandIntentProfileConfigLoader.ValidatePredicateStrings(List<string> values, string path)”中的形参“values”可能传入 null 引用实参。 [C:\001_AI\LudotsClean\src\Core\Ludots.Core.csproj]
C:\001_AI\LudotsClean\src\Core\Input\Interaction\CommandIntentProfileConfigLoader.cs(150,46): warning CS8604: “void CommandIntentProfileConfigLoader.ValidatePredicateStrings(List<string> values, string path)”中的形参“values”可能传入 null 引用实参。 [C:\001_AI\LudotsClean\src\Core\Ludots.Core.csproj]
C:\001_AI\LudotsClean\src\Core\Input\Interaction\CommandIntentProfileConfigLoader.cs(151,46): warning CS8604: “void CommandIntentProfileConfigLoader.ValidatePredicateStrings(List<string> values, string path)”中的形参“values”可能传入 null 引用实参。 [C:\001_AI\LudotsClean\src\Core\Ludots.Core.csproj]
C:\001_AI\LudotsClean\src\Core\Input\Interaction\CommandIntentProfileConfigLoader.cs(152,46): warning CS8604: “void CommandIntentProfileConfigLoader.ValidatePredicateStrings(List<string> values, string path)”中的形参“values”可能传入 null 引用实参。 [C:\001_AI\LudotsClean\src\Core\Ludots.Core.csproj]
C:\001_AI\LudotsClean\src\Core\Input\Interaction\CommandIntentProfile.cs(131,23): warning CS8618: 在退出构造函数时，不可为 null 的 属性 "Slot" 必须包含非 null 值。请考虑添加 "required" 修饰符或将该 属性 声明为可为 null。 [C:\001_AI\LudotsClean\src\Core\Ludots.Core.csproj]
C:\001_AI\LudotsClean\src\Core\Input\Interaction\CommandIntentProfile.cs(118,29): warning CS8618: 在退出构造函数时，不可为 null 的 属性 "AllTags" 必须包含非 null 值。请考虑添加 "required" 修饰符或将该 属性 声明为可为 null。 [C:\001_AI\LudotsClean\src\Core\Ludots.Core.csproj]
C:\001_AI\LudotsClean\src\Core\Input\Interaction\CommandIntentProfile.cs(119,29): warning CS8618: 在退出构造函数时，不可为 null 的 属性 "AnyTags" 必须包含非 null 值。请考虑添加 "required" 修饰符或将该 属性 声明为可为 null。 [C:\001_AI\LudotsClean\src\Core\Ludots.Core.csproj]
C:\001_AI\LudotsClean\src\Core\Input\Interaction\CommandIntentProfile.cs(120,29): warning CS8618: 在退出构造函数时，不可为 null 的 属性 "Stance" 必须包含非 null 值。请考虑添加 "required" 修饰符或将该 属性 声明为可为 null。 [C:\001_AI\LudotsClean\src\Core\Ludots.Core.csproj]
C:\001_AI\LudotsClean\src\Core\Input\Interaction\CommandIntentProfile.cs(107,23): warning CS8618: 在退出构造函数时，不可为 null 的 属性 "HasAbilityWithCategory" 必须包含非 null 值。请考虑添加 "required" 修饰符或将该 属性 声明为可为 null。 [C:\001_AI\LudotsClean\src\Core\Ludots.Core.csproj]
C:\001_AI\LudotsClean\src\Core\Input\Interaction\CommandIntentProfile.cs(108,29): warning CS8618: 在退出构造函数时，不可为 null 的 属性 "AllTags" 必须包含非 null 值。请考虑添加 "required" 修饰符或将该 属性 声明为可为 null。 [C:\001_AI\LudotsClean\src\Core\Ludots.Core.csproj]
C:\001_AI\LudotsClean\src\Core\Input\Interaction\CommandIntentProfile.cs(109,29): warning CS8618: 在退出构造函数时，不可为 null 的 属性 "AnyTags" 必须包含非 null 值。请考虑添加 "required" 修饰符或将该 属性 声明为可为 null。 [C:\001_AI\LudotsClean\src\Core\Ludots.Core.csproj]
C:\001_AI\LudotsClean\src\Core\Input\Interaction\CommandIntentProfile.cs(96,54): warning CS8618: 在退出构造函数时，不可为 null 的 属性 "Actor" 必须包含非 null 值。请考虑添加 "required" 修饰符或将该 属性 声明为可为 null。 [C:\001_AI\LudotsClean\src\Core\Ludots.Core.csproj]
C:\001_AI\LudotsClean\src\Core\Input\Interaction\CommandIntentProfile.cs(97,55): warning CS8618: 在退出构造函数时，不可为 null 的 属性 "Target" 必须包含非 null 值。请考虑添加 "required" 修饰符或将该 属性 声明为可为 null。 [C:\001_AI\LudotsClean\src\Core\Ludots.Core.csproj]
C:\001_AI\LudotsClean\src\Core\Input\Interaction\CommandIntentProfile.cs(98,45): warning CS8618: 在退出构造函数时，不可为 null 的 属性 "Route" 必须包含非 null 值。请考虑添加 "required" 修饰符或将该 属性 声明为可为 null。 [C:\001_AI\LudotsClean\src\Core\Ludots.Core.csproj]
C:\001_AI\LudotsClean\src\Core\Input\Interaction\CommandIntentProfile.cs(82,51): warning CS8618: 在退出构造函数时，不可为 null 的 属性 "GroupPolicy" 必须包含非 null 值。请考虑添加 "required" 修饰符或将该 属性 声明为可为 null。 [C:\001_AI\LudotsClean\src\Core\Ludots.Core.csproj]
C:\001_AI\LudotsClean\src\Core\Input\Interaction\CommandIntentProfile.cs(83,50): warning CS8618: 在退出构造函数时，不可为 null 的 属性 "Rules" 必须包含非 null 值。请考虑添加 "required" 修饰符或将该 属性 声明为可为 null。 [C:\001_AI\LudotsClean\src\Core\Ludots.Core.csproj]
C:\001_AI\LudotsClean\src\Core\Input\Interaction\CommandIntentProfile.cs(75,53): warning CS8618: 在退出构造函数时，不可为 null 的 属性 "Profiles" 必须包含非 null 值。请考虑添加 "required" 修饰符或将该 属性 声明为可为 null。 [C:\001_AI\LudotsClean\src\Core\Ludots.Core.csproj]
C:\001_AI\LudotsClean\src\Core\Input\Interaction\ClientCastPreferenceStore.cs(231,26): warning CS8601: 可能的 null 引用赋值。 [C:\001_AI\LudotsClean\src\Core\Ludots.Core.csproj]
C:\001_AI\LudotsClean\src\Core\Input\Interaction\ClientCastPreferenceStore.cs(235,34): warning CS8601: 可能的 null 引用赋值。 [C:\001_AI\LudotsClean\src\Core\Ludots.Core.csproj]
C:\001_AI\LudotsClean\src\Core\Input\Interaction\ClientCastPreferenceStore.cs(239,32): warning CS8600: 将 null 文本或可能的 null 值转换为不可为 null 类型。 [C:\001_AI\LudotsClean\src\Core\Ludots.Core.csproj]
C:\001_AI\LudotsClean\src\Core\Gameplay\Spawning\RuntimeEntitySpawnSystem.cs(373,40): warning CS8601: 可能的 null 引用赋值。 [C:\001_AI\LudotsClean\src\Core\Ludots.Core.csproj]
C:\001_AI\LudotsClean\src\Core\Input\Interaction\ClientCastPreferenceStore.cs(418,24): warning CS8603: 可能返回 null 引用。 [C:\001_AI\LudotsClean\src\Core\Ludots.Core.csproj]
C:\001_AI\LudotsClean\src\Core\Input\Interaction\ClientCastPreferenceStore.cs(434,24): warning CS8603: 可能返回 null 引用。 [C:\001_AI\LudotsClean\src\Core\Ludots.Core.csproj]
C:\001_AI\LudotsClean\src\Core\Gameplay\MapTriggers\InputTriggerActionCatalogLoader.cs(33,100): warning CS8604: “IReadOnlyList<MergedConfigEntry> ConfigPipeline.MergeArrayByIdFromCatalog(in ConfigCatalogEntry entry, ConfigConflictReport report = null)”中的形参“report”可能传入 null 引用实参。 [C:\001_AI\LudotsClean\src\Core\Ludots.Core.csproj]
C:\001_AI\LudotsClean\src\Core\Input\Interaction\ClientCastPreference.cs(81,23): warning CS8618: 在退出构造函数时，不可为 null 的 属性 "CastCommitId" 必须包含非 null 值。请考虑添加 "required" 修饰符或将该 属性 声明为可为 null。 [C:\001_AI\LudotsClean\src\Core\Ludots.Core.csproj]
C:\001_AI\LudotsClean\src\Core\Modding\ModManifestJson.cs(61,24): warning CS8601: 可能的 null 引用赋值。 [C:\001_AI\LudotsClean\src\Core\Ludots.Core.csproj]
C:\001_AI\LudotsClean\src\Core\Modding\ModManifestJson.cs(62,27): warning CS8601: 可能的 null 引用赋值。 [C:\001_AI\LudotsClean\src\Core\Ludots.Core.csproj]
C:\001_AI\LudotsClean\src\Core\Modding\ModManifestJson.cs(67,40): warning CS8601: 可能的 null 引用赋值。 [C:\001_AI\LudotsClean\src\Core\Ludots.Core.csproj]
C:\001_AI\LudotsClean\src\Core\Modding\ModManifestJson.cs(72,33): warning CS8601: 可能的 null 引用赋值。 [C:\001_AI\LudotsClean\src\Core\Ludots.Core.csproj]
C:\001_AI\LudotsClean\src\Core\Modding\ModManifestJson.cs(104,35): warning CS8601: 可能的 null 引用赋值。 [C:\001_AI\LudotsClean\src\Core\Ludots.Core.csproj]
C:\001_AI\LudotsClean\src\Core\Modding\ModManifestJson.cs(109,32): warning CS8601: 可能的 null 引用赋值。 [C:\001_AI\LudotsClean\src\Core\Ludots.Core.csproj]
C:\001_AI\LudotsClean\src\Core\Modding\ModManifestJson.cs(114,38): warning CS8601: 可能的 null 引用赋值。 [C:\001_AI\LudotsClean\src\Core\Ludots.Core.csproj]
C:\001_AI\LudotsClean\src\Core\Modding\ModManifestJson.cs(131,39): warning CS8604: “void List<string>.Add(string item)”中的形参“item”可能传入 null 引用实参。 [C:\001_AI\LudotsClean\src\Core\Ludots.Core.csproj]
C:\001_AI\LudotsClean\src\Core\Input\Interaction\ClientCastPreference.cs(71,36): warning CS8618: 在退出构造函数时，不可为 null 的 属性 "Global" 必须包含非 null 值。请考虑添加 "required" 修饰符或将该 属性 声明为可为 null。 [C:\001_AI\LudotsClean\src\Core\Ludots.Core.csproj]
C:\001_AI\LudotsClean\src\Core\Input\Interaction\ClientCastPreference.cs(72,56): warning CS8618: 在退出构造函数时，不可为 null 的 属性 "PerTemplate" 必须包含非 null 值。请考虑添加 "required" 修饰符或将该 属性 声明为可为 null。 [C:\001_AI\LudotsClean\src\Core\Ludots.Core.csproj]
C:\001_AI\LudotsClean\src\Core\Input\Interaction\ClientCastPreference.cs(73,56): warning CS8618: 在退出构造函数时，不可为 null 的 属性 "PerFormSet" 必须包含非 null 值。请考虑添加 "required" 修饰符或将该 属性 声明为可为 null。 [C:\001_AI\LudotsClean\src\Core\Ludots.Core.csproj]
C:\001_AI\LudotsClean\src\Core\Input\Interaction\ClientCastPreference.cs(74,56): warning CS8618: 在退出构造函数时，不可为 null 的 属性 "PerSlot" 必须包含非 null 值。请考虑添加 "required" 修饰符或将该 属性 声明为可为 null。 [C:\001_AI\LudotsClean\src\Core\Ludots.Core.csproj]
C:\001_AI\LudotsClean\src\Core\Input\Interaction\ClientCastPreference.cs(75,23): warning CS8618: 在退出构造函数时，不可为 null 的 属性 "ActiveSchemeId" 必须包含非 null 值。请考虑添加 "required" 修饰符或将该 属性 声明为可为 null。 [C:\001_AI\LudotsClean\src\Core\Ludots.Core.csproj]
C:\001_AI\LudotsClean\src\Core\Input\Interaction\ClientCastPreference.cs(49,47): warning CS8618: 在退出构造函数时，不可为 null 的 属性 "Locks" 必须包含非 null 值。请考虑添加 "required" 修饰符或将该 属性 声明为可为 null。 [C:\001_AI\LudotsClean\src\Core\Ludots.Core.csproj]
C:\001_AI\LudotsClean\src\Core\Input\Interaction\CastDispatchProfileRegistry.cs(47,105): warning CS8625: 无法将 null 字面量转换为非 null 的引用类型。 [C:\001_AI\LudotsClean\src\Core\Ludots.Core.csproj]
C:\001_AI\LudotsClean\src\Core\Input\Interaction\CastDispatchProfileRegistry.cs(71,17): warning CS8604: “SelectorEntry.SelectorEntry(CastDispatchSelectorEvaluator evaluator, CastDispatchSelectorInstallValidator validator)”中的形参“validator”可能传入 null 引用实参。 [C:\001_AI\LudotsClean\src\Core\Ludots.Core.csproj]
C:\001_AI\LudotsClean\src\Core\Modding\ModManifest.cs(9,23): warning CS8618: 在退出构造函数时，不可为 null 的 属性 "Name" 必须包含非 null 值。请考虑添加 "required" 修饰符或将该 属性 声明为可为 null。 [C:\001_AI\LudotsClean\src\Core\Ludots.Core.csproj]
C:\001_AI\LudotsClean\src\Core\Modding\ModManifest.cs(12,23): warning CS8618: 在退出构造函数时，不可为 null 的 属性 "Version" 必须包含非 null 值。请考虑添加 "required" 修饰符或将该 属性 声明为可为 null。 [C:\001_AI\LudotsClean\src\Core\Ludots.Core.csproj]
C:\001_AI\LudotsClean\src\Core\Modding\ModManifest.cs(15,23): warning CS8618: 在退出构造函数时，不可为 null 的 属性 "Description" 必须包含非 null 值。请考虑添加 "required" 修饰符或将该 属性 声明为可为 null。 [C:\001_AI\LudotsClean\src\Core\Ludots.Core.csproj]
C:\001_AI\LudotsClean\src\Core\Modding\ModManifest.cs(18,23): warning CS8618: 在退出构造函数时，不可为 null 的 属性 "Main" 必须包含非 null 值。请考虑添加 "required" 修饰符或将该 属性 声明为可为 null。 [C:\001_AI\LudotsClean\src\Core\Ludots.Core.csproj]
C:\001_AI\LudotsClean\src\Core\Modding\ModManifest.cs(27,23): warning CS8618: 在退出构造函数时，不可为 null 的 属性 "Author" 必须包含非 null 值。请考虑添加 "required" 修饰符或将该 属性 声明为可为 null。 [C:\001_AI\LudotsClean\src\Core\Ludots.Core.csproj]
C:\001_AI\LudotsClean\src\Core\Modding\ModManifest.cs(30,23): warning CS8618: 在退出构造函数时，不可为 null 的 属性 "Url" 必须包含非 null 值。请考虑添加 "required" 修饰符或将该 属性 声明为可为 null。 [C:\001_AI\LudotsClean\src\Core\Ludots.Core.csproj]
C:\001_AI\LudotsClean\src\Core\Modding\ModManifest.cs(33,23): warning CS8618: 在退出构造函数时，不可为 null 的 属性 "Changelog" 必须包含非 null 值。请考虑添加 "required" 修饰符或将该 属性 声明为可为 null。 [C:\001_AI\LudotsClean\src\Core\Ludots.Core.csproj]
C:\001_AI\LudotsClean\src\Core\Modding\ModManifest.cs(36,29): warning CS8618: 在退出构造函数时，不可为 null 的 属性 "Tags" 必须包含非 null 值。请考虑添加 "required" 修饰符或将该 属性 声明为可为 null。 [C:\001_AI\LudotsClean\src\Core\Ludots.Core.csproj]
C:\001_AI\LudotsClean\src\Core\Modding\ModManifest.cs(39,29): warning CS8618: 在退出构造函数时，不可为 null 的 属性 "ProcessSharedAssemblies" 必须包含非 null 值。请考虑添加 "required" 修饰符或将该 属性 声明为可为 null。 [C:\001_AI\LudotsClean\src\Core\Ludots.Core.csproj]
C:\001_AI\LudotsClean\src\Core\Modding\ModManifest.cs(42,29): warning CS8618: 在退出构造函数时，不可为 null 的 属性 "TriggerGraphs" 必须包含非 null 值。请考虑添加 "required" 修饰符或将该 属性 声明为可为 null。 [C:\001_AI\LudotsClean\src\Core\Ludots.Core.csproj]
C:\001_AI\LudotsClean\src\Core\Gameplay\Items\InventoryRuntimeService.cs(863,78): warning CS8625: 无法将 null 字面量转换为非 null 的引用类型。 [C:\001_AI\LudotsClean\src\Core\Ludots.Core.csproj]
C:\001_AI\LudotsClean\src\Core\Modding\DependencyResolver.cs(11,32): warning CS8618: 在退出构造函数时，不可为 null 的 属性 "Manifest" 必须包含非 null 值。请考虑添加 "required" 修饰符或将该 属性 声明为可为 null。 [C:\001_AI\LudotsClean\src\Core\Ludots.Core.csproj]
C:\001_AI\LudotsClean\src\Core\Input\Interaction\CastDispatchProfileRegistry.cs(101,71): warning CS8600: 将 null 文本或可能的 null 值转换为不可为 null 类型。 [C:\001_AI\LudotsClean\src\Core\Ludots.Core.csproj]
C:\001_AI\LudotsClean\src\Core\Input\Interaction\CastDispatchProfileRegistry.cs(123,33): warning CS8602: 解引用可能出现空引用。 [C:\001_AI\LudotsClean\src\Core\Ludots.Core.csproj]
C:\001_AI\LudotsClean\src\Core\Gameplay\MapTriggers\TriggerGraphMount.cs(166,49): warning CS8604: “TriggerGraphMount.TriggerGraphMount(string graph, string scopeInstanceId, TriggerGraphMountDomain domain, string ability, TriggerGraphMountRoute route)”中的形参“scopeInstanceId”可能传入 null 引用实参。 [C:\001_AI\LudotsClean\src\Core\Ludots.Core.csproj]
C:\001_AI\LudotsClean\src\Core\Gameplay\MapTriggers\TriggerGraphMount.cs(166,74): warning CS8604: “TriggerGraphMount.TriggerGraphMount(string graph, string scopeInstanceId, TriggerGraphMountDomain domain, string ability, TriggerGraphMountRoute route)”中的形参“ability”可能传入 null 引用实参。 [C:\001_AI\LudotsClean\src\Core\Ludots.Core.csproj]
C:\001_AI\LudotsClean\src\Core\Modding\ModLoader.cs(64,16): warning CS8618: 在退出构造函数时，不可为 null 的 属性 "MapManager" 必须包含非 null 值。请考虑添加 "required" 修饰符或将该 属性 声明为可为 null。 [C:\001_AI\LudotsClean\src\Core\Ludots.Core.csproj]
C:\001_AI\LudotsClean\src\Core\Gameplay\MapTriggers\MapDeathRuleSystem.cs(62,83): warning CS8600: 将 null 文本或可能的 null 值转换为不可为 null 类型。 [C:\001_AI\LudotsClean\src\Core\Ludots.Core.csproj]
C:\001_AI\LudotsClean\src\Core\Gameplay\Spawning\RuntimeEntitySpawnSystem.cs(788,24): warning CS8625: 无法将 null 字面量转换为非 null 的引用类型。 [C:\001_AI\LudotsClean\src\Core\Ludots.Core.csproj]
C:\001_AI\LudotsClean\src\Core\Gameplay\Items\InventoryRuntimeService.cs(1058,88): warning CS8625: 无法将 null 字面量转换为非 null 的引用类型。 [C:\001_AI\LudotsClean\src\Core\Ludots.Core.csproj]
C:\001_AI\LudotsClean\src\Core\Gameplay\MapTriggers\TriggerGraphMomentBridgeSystem.cs(69,25): warning CS0618: “ContextKeys”已过时:“Use CoreServiceKeys with ServiceKey<T> for type-safe access. This class will be removed in a future release.” [C:\001_AI\LudotsClean\src\Core\Ludots.Core.csproj]
C:\001_AI\LudotsClean\src\Core\Gameplay\Items\InventoryRuntimeService.cs(1097,100): warning CS8625: 无法将 null 字面量转换为非 null 的引用类型。 [C:\001_AI\LudotsClean\src\Core\Ludots.Core.csproj]
C:\001_AI\LudotsClean\src\Core\Input\Interaction\CastDispatchProfileRegistry.cs(219,47): warning CS8602: 解引用可能出现空引用。 [C:\001_AI\LudotsClean\src\Core\Ludots.Core.csproj]
C:\001_AI\LudotsClean\src\Core\Input\Interaction\CastDispatchProfileRegistry.cs(225,45): warning CS8602: 解引用可能出现空引用。 [C:\001_AI\LudotsClean\src\Core\Ludots.Core.csproj]
C:\001_AI\LudotsClean\src\Core\Input\Interaction\CastDispatchProfileRegistry.cs(225,73): warning CS8600: 将 null 文本或可能的 null 值转换为不可为 null 类型。 [C:\001_AI\LudotsClean\src\Core\Ludots.Core.csproj]
C:\001_AI\LudotsClean\src\Core\Input\Interaction\CastDispatchProfileRegistry.cs(234,81): warning CS8600: 将 null 文本或可能的 null 值转换为不可为 null 类型。 [C:\001_AI\LudotsClean\src\Core\Ludots.Core.csproj]
C:\001_AI\LudotsClean\src\Core\Input\Interaction\CastDispatchProfileRegistry.cs(258,73): warning CS8604: “int StringIntRegistry.Register(string name)”中的形参“name”可能传入 null 引用实参。 [C:\001_AI\LudotsClean\src\Core\Ludots.Core.csproj]
C:\001_AI\LudotsClean\src\Core\Input\Interaction\CastDispatchProfileRegistry.cs(259,26): warning CS8601: 可能的 null 引用赋值。 [C:\001_AI\LudotsClean\src\Core\Ludots.Core.csproj]
C:\001_AI\LudotsClean\src\Core\Input\Interaction\CastDispatchProfileRegistry.cs(261,32): warning CS8601: 可能的 null 引用赋值。 [C:\001_AI\LudotsClean\src\Core\Ludots.Core.csproj]
C:\001_AI\LudotsClean\src\Core\Gameplay\MapTriggers\MapHeartbeatClockSystem.cs(71,51): warning CS8600: 将 null 文本或可能的 null 值转换为不可为 null 类型。 [C:\001_AI\LudotsClean\src\Core\Ludots.Core.csproj]
C:\001_AI\LudotsClean\src\Core\Input\Interaction\CastDispatchProfileRegistry.cs(413,69): warning CS8602: 解引用可能出现空引用。 [C:\001_AI\LudotsClean\src\Core\Ludots.Core.csproj]
C:\001_AI\LudotsClean\src\Core\Gameplay\MapTriggers\MapHeartbeatClockSystem.cs(152,49): warning CS8600: 将 null 文本或可能的 null 值转换为不可为 null 类型。 [C:\001_AI\LudotsClean\src\Core\Ludots.Core.csproj]
C:\001_AI\LudotsClean\src\Core\UI\PanelHosting\PanelTemplateCatalogLoader.cs(29,53): warning CS8604: “ConfigCatalogEntry ConfigPipeline.RequireEntry(ConfigCatalog catalog, string path, ConfigMergePolicy defaultPolicy, string defaultIdField = "id")”中的形参“catalog”可能传入 null 引用实参。 [C:\001_AI\LudotsClean\src\Core\Ludots.Core.csproj]
C:\001_AI\LudotsClean\src\Core\UI\PanelHosting\PanelTemplateCatalogLoader.cs(30,99): warning CS8604: “IReadOnlyList<MergedConfigEntry> ConfigPipeline.MergeArrayByIdFromCatalog(in ConfigCatalogEntry entry, ConfigConflictReport report = null)”中的形参“report”可能传入 null 引用实参。 [C:\001_AI\LudotsClean\src\Core\Ludots.Core.csproj]
C:\001_AI\LudotsClean\src\Core\Input\Interaction\CastDispatchProfileConfigLoader.cs(86,55): warning CS8600: 将 null 文本或可能的 null 值转换为不可为 null 类型。 [C:\001_AI\LudotsClean\src\Core\Ludots.Core.csproj]
C:\001_AI\LudotsClean\src\Core\Gameplay\GAS\Systems\OrderBufferSystem.cs(501,22): warning CS8625: 无法将 null 字面量转换为非 null 的引用类型。 [C:\001_AI\LudotsClean\src\Core\Ludots.Core.csproj]
C:\001_AI\LudotsClean\src\Core\UI\PanelHosting\PanelHost.cs(95,13): warning CS8602: 解引用可能出现空引用。 [C:\001_AI\LudotsClean\src\Core\Ludots.Core.csproj]
C:\001_AI\LudotsClean\src\Core\Gameplay\Spawning\RuntimeEntitySpawnSystem.cs(1250,61): warning CS8600: 将 null 文本或可能的 null 值转换为不可为 null 类型。 [C:\001_AI\LudotsClean\src\Core\Ludots.Core.csproj]
C:\001_AI\LudotsClean\src\Core\Gameplay\Spawning\RuntimeEntitySpawnSystem.cs(1286,52): warning CS8600: 将 null 文本或可能的 null 值转换为不可为 null 类型。 [C:\001_AI\LudotsClean\src\Core\Ludots.Core.csproj]
C:\001_AI\LudotsClean\src\Core\UI\PanelHosting\PanelHost.cs(181,35): warning CS8604: “PanelVariableSet PanelHost.Snapshot(Entry entry)”中的形参“entry”可能传入 null 引用实参。 [C:\001_AI\LudotsClean\src\Core\Ludots.Core.csproj]
C:\001_AI\LudotsClean\src\Core\UI\PanelHosting\PanelHost.cs(193,25): warning CS8602: 解引用可能出现空引用。 [C:\001_AI\LudotsClean\src\Core\Ludots.Core.csproj]
C:\001_AI\LudotsClean\src\Core\UI\PanelHosting\PanelHost.cs(205,28): warning CS8602: 解引用可能出现空引用。 [C:\001_AI\LudotsClean\src\Core\Ludots.Core.csproj]
C:\001_AI\LudotsClean\src\Core\UI\PanelHosting\PanelHost.cs(217,26): warning CS8602: 解引用可能出现空引用。 [C:\001_AI\LudotsClean\src\Core\Ludots.Core.csproj]
C:\001_AI\LudotsClean\src\Core\Input\Interaction\CastCommitProfileConfigLoader.cs(89,61): warning CS8619: 类型“KeyValuePair<string, JsonNode?>”的值中引用类型的为 Null 性与目标类型“KeyValuePair<string, JsonNode>”不匹配。 [C:\001_AI\LudotsClean\src\Core\Ludots.Core.csproj]
C:\001_AI\LudotsClean\src\Core\Modding\ModLoader.cs(417,36): warning CS8600: 将 null 文本或可能的 null 值转换为不可为 null 类型。 [C:\001_AI\LudotsClean\src\Core\Ludots.Core.csproj]
C:\001_AI\LudotsClean\src\Core\Modding\ModLoader.cs(418,45): warning CS8604: “void ModLoader.CacheSharedAssembly(Assembly assembly)”中的形参“assembly”可能传入 null 引用实参。 [C:\001_AI\LudotsClean\src\Core\Ludots.Core.csproj]
C:\001_AI\LudotsClean\src\Core\Modding\ModLoader.cs(445,36): warning CS8619: 类型“Type?[]”的值中引用类型的为 Null 性与目标类型“Type[]”不匹配。 [C:\001_AI\LudotsClean\src\Core\Ludots.Core.csproj]
C:\001_AI\LudotsClean\src\Core\Modding\ModLoader.cs(491,46): warning CS8600: 将 null 文本或可能的 null 值转换为不可为 null 类型。 [C:\001_AI\LudotsClean\src\Core\Ludots.Core.csproj]
C:\001_AI\LudotsClean\src\Core\Modding\ModLoader.cs(492,56): warning CS8604: “void IMapManager.RegisterMap(MapDefinition definition)”中的形参“definition”可能传入 null 引用实参。 [C:\001_AI\LudotsClean\src\Core\Ludots.Core.csproj]
C:\001_AI\LudotsClean\src\Core\UI\PanelHosting\PanelHost.cs(229,25): warning CS8602: 解引用可能出现空引用。 [C:\001_AI\LudotsClean\src\Core\Ludots.Core.csproj]
C:\001_AI\LudotsClean\src\Core\Gameplay\Relationships\Config\RelationshipCatalogPipelineLoader.cs(28,53): warning CS8604: “ConfigCatalogEntry ConfigPipeline.RequireEntry(ConfigCatalog catalog, string path, ConfigMergePolicy defaultPolicy, string defaultIdField = "id")”中的形参“catalog”可能传入 null 引用实参。 [C:\001_AI\LudotsClean\src\Core\Ludots.Core.csproj]
C:\001_AI\LudotsClean\src\Core\Gameplay\GAS\AbilityDefinitionRegistry.cs(177,64): warning CS8618: 在退出构造函数时，不可为 null 的 字段 "_conflictReport" 必须包含非 null 值。请考虑添加 "required" 修饰符或将该 字段 声明为可为 null。 [C:\001_AI\LudotsClean\src\Core\Ludots.Core.csproj]
C:\001_AI\LudotsClean\src\Core\Modding\ModLoader.cs(538,57): warning CS8603: 可能返回 null 引用。 [C:\001_AI\LudotsClean\src\Core\Ludots.Core.csproj]
C:\001_AI\LudotsClean\src\Core\Modding\ModLoader.cs(539,20): warning CS8603: 可能返回 null 引用。 [C:\001_AI\LudotsClean\src\Core\Ludots.Core.csproj]
C:\001_AI\LudotsClean\src\Core\Modding\ModLoader.cs(546,39): warning CS8601: 可能的 null 引用赋值。 [C:\001_AI\LudotsClean\src\Core\Ludots.Core.csproj]
C:\001_AI\LudotsClean\src\Core\Input\Interaction\CastCommitProfileConfigLoader.cs(166,53): warning CS8619: 类型“KeyValuePair<string, JsonNode?>”的值中引用类型的为 Null 性与目标类型“KeyValuePair<string, JsonNode>”不匹配。 [C:\001_AI\LudotsClean\src\Core\Ludots.Core.csproj]
C:\001_AI\LudotsClean\src\Core\Input\Interaction\CastCommitProfile.cs(177,43): warning CS8618: 在退出构造函数时，不可为 null 的 属性 "Payload" 必须包含非 null 值。请考虑添加 "required" 修饰符或将该 属性 声明为可为 null。 [C:\001_AI\LudotsClean\src\Core\Ludots.Core.csproj]
C:\001_AI\LudotsClean\src\Core\Input\Interaction\CastCommitProfile.cs(180,23): warning CS8618: 在退出构造函数时，不可为 null 的 属性 "ContextProfileId" 必须包含非 null 值。请考虑添加 "required" 修饰符或将该 属性 声明为可为 null。 [C:\001_AI\LudotsClean\src\Core\Ludots.Core.csproj]
C:\001_AI\LudotsClean\src\Core\Input\Interaction\CastCommitProfile.cs(165,45): warning CS8618: 在退出构造函数时，不可为 null 的 属性 "OnActivate" 必须包含非 null 值。请考虑添加 "required" 修饰符或将该 属性 声明为可为 null。 [C:\001_AI\LudotsClean\src\Core\Ludots.Core.csproj]
C:\001_AI\LudotsClean\src\Core\Input\Interaction\CastCommitProfile.cs(168,65): warning CS8618: 在退出构造函数时，不可为 null 的 属性 "FrameActions" 必须包含非 null 值。请考虑添加 "required" 修饰符或将该 属性 声明为可为 null。 [C:\001_AI\LudotsClean\src\Core\Ludots.Core.csproj]
C:\001_AI\LudotsClean\src\Core\Input\Interaction\CastCommitProfile.cs(154,50): warning CS8618: 在退出构造函数时，不可为 null 的 属性 "Profiles" 必须包含非 null 值。请考虑添加 "required" 修饰符或将该 属性 声明为可为 null。 [C:\001_AI\LudotsClean\src\Core\Ludots.Core.csproj]
C:\001_AI\LudotsClean\src\Core\Modding\ModLoadContext.cs(106,20): warning CS8603: 可能返回 null 引用。 [C:\001_AI\LudotsClean\src\Core\Ludots.Core.csproj]
C:\001_AI\LudotsClean\src\Core\Modding\ModLoadContext.cs(111,24): warning CS8625: 无法将 null 字面量转换为非 null 的引用类型。 [C:\001_AI\LudotsClean\src\Core\Ludots.Core.csproj]
C:\001_AI\LudotsClean\src\Core\Modding\ModLoadContext.cs(125,24): warning CS8601: 可能的 null 引用赋值。 [C:\001_AI\LudotsClean\src\Core\Ludots.Core.csproj]
C:\001_AI\LudotsClean\src\Core\Modding\ModLoadContext.cs(178,24): warning CS8601: 可能的 null 引用赋值。 [C:\001_AI\LudotsClean\src\Core\Ludots.Core.csproj]
C:\001_AI\LudotsClean\src\Core\UI\PanelHosting\PanelHost.cs(241,30): warning CS8602: 解引用可能出现空引用。 [C:\001_AI\LudotsClean\src\Core\Ludots.Core.csproj]
C:\001_AI\LudotsClean\src\Core\UI\PanelHosting\PanelHost.cs(425,20): warning CS8603: 可能返回 null 引用。 [C:\001_AI\LudotsClean\src\Core\Ludots.Core.csproj]
C:\001_AI\LudotsClean\src\Core\Navigation\AOI\HexGridAOI.cs(29,35): warning CS8618: 在退出构造函数时，不可为 null 的 事件 "ChunkLoaded" 必须包含非 null 值。请考虑添加 "required" 修饰符或将该 事件 声明为可为 null。 [C:\001_AI\LudotsClean\src\Core\Ludots.Core.csproj]
C:\001_AI\LudotsClean\src\Core\Navigation\AOI\HexGridAOI.cs(30,35): warning CS8618: 在退出构造函数时，不可为 null 的 事件 "ChunkUnloaded" 必须包含非 null 值。请考虑添加 "required" 修饰符或将该 事件 声明为可为 null。 [C:\001_AI\LudotsClean\src\Core\Ludots.Core.csproj]
C:\001_AI\LudotsClean\src\Core\Navigation\Pathing\PathServiceRouter.cs(16,21): warning CS8625: 无法将 null 字面量转换为非 null 的引用类型。 [C:\001_AI\LudotsClean\src\Core\Ludots.Core.csproj]
C:\001_AI\LudotsClean\src\Core\Navigation\Pathing\PathServiceRouter.cs(12,16): warning CS8618: 在退出构造函数时，不可为 null 的 字段 "_auto" 必须包含非 null 值。请考虑添加 "required" 修饰符或将该 字段 声明为可为 null。 [C:\001_AI\LudotsClean\src\Core\Ludots.Core.csproj]
C:\001_AI\LudotsClean\src\Core\Navigation\Pathing\NodeGraphPathServiceAdapter.cs(22,29): warning CS8625: 无法将 null 字面量转换为非 null 的引用类型。 [C:\001_AI\LudotsClean\src\Core\Ludots.Core.csproj]
C:\001_AI\LudotsClean\src\Core\Navigation\Pathing\NodeGraphPathServiceAdapter.cs(19,16): warning CS8618: 在退出构造函数时，不可为 null 的 字段 "_graphRuntime" 必须包含非 null 值。请考虑添加 "required" 修饰符或将该 字段 声明为可为 null。 [C:\001_AI\LudotsClean\src\Core\Ludots.Core.csproj]
C:\001_AI\LudotsClean\src\Core\Navigation\Pathing\NodeGraphPathServiceAdapter.cs(31,22): warning CS8625: 无法将 null 字面量转换为非 null 的引用类型。 [C:\001_AI\LudotsClean\src\Core\Ludots.Core.csproj]
C:\001_AI\LudotsClean\src\Core\Navigation\Pathing\NodeGraphPathServiceAdapter.cs(28,16): warning CS8618: 在退出构造函数时，不可为 null 的 字段 "_graph" 必须包含非 null 值。请考虑添加 "required" 修饰符或将该 字段 声明为可为 null。 [C:\001_AI\LudotsClean\src\Core\Ludots.Core.csproj]
C:\001_AI\LudotsClean\src\Core\Navigation\NavMesh\NavTileStore.cs(34,52): warning CS8601: 可能的 null 引用赋值。 [C:\001_AI\LudotsClean\src\Core\Ludots.Core.csproj]
C:\001_AI\LudotsClean\src\Core\Navigation\GraphWorld\ChunkedNodeGraphStore.cs(38,33): warning CS8625: 无法将 null 字面量转换为非 null 的引用类型。 [C:\001_AI\LudotsClean\src\Core\Ludots.Core.csproj]
C:\001_AI\LudotsClean\src\Core\NodeLibraries\GASGraph\GraphControlFlowCompiler.Bt.cs(38,29): warning CS8618: 在退出构造函数时，不可为 null 的 字段 "Composite" 必须包含非 null 值。请考虑添加 "required" 修饰符或将该 字段 声明为可为 null。 [C:\001_AI\LudotsClean\src\Core\Ludots.Core.csproj]
C:\001_AI\LudotsClean\src\Core\NodeLibraries\GASGraph\GraphControlFlowCompiler.Bt.cs(39,29): warning CS8618: 在退出构造函数时，不可为 null 的 字段 "ChainNode" 必须包含非 null 值。请考虑添加 "required" 修饰符或将该 字段 声明为可为 null。 [C:\001_AI\LudotsClean\src\Core\Ludots.Core.csproj]
C:\001_AI\LudotsClean\src\Core\NodeLibraries\GASGraph\GraphControlFlowCompiler.Bt.cs(40,29): warning CS8618: 在退出构造函数时，不可为 null 的 字段 "ChainTerminal" 必须包含非 null 值。请考虑添加 "required" 修饰符或将该 字段 声明为可为 null。 [C:\001_AI\LudotsClean\src\Core\Ludots.Core.csproj]
C:\001_AI\LudotsClean\src\Core\NodeLibraries\GASGraph\GraphControlFlowCompiler.Bt.cs(41,41): warning CS8618: 在退出构造函数时，不可为 null 的 字段 "Children" 必须包含非 null 值。请考虑添加 "required" 修饰符或将该 字段 声明为可为 null。 [C:\001_AI\LudotsClean\src\Core\Ludots.Core.csproj]
C:\001_AI\LudotsClean\src\Core\Navigation\GraphWorld\ChunkedNodeGraphStore.cs(78,54): warning CS8601: 可能的 null 引用赋值。 [C:\001_AI\LudotsClean\src\Core\Ludots.Core.csproj]
C:\001_AI\LudotsClean\src\Core\Navigation\NavMesh\Bake\BakeArtifactBuilder.cs(35,16): warning CS8618: 在退出构造函数时，不可为 null 的 属性 "ContourRings" 必须包含非 null 值。请考虑添加 "required" 修饰符或将该 属性 声明为可为 null。 [C:\001_AI\LudotsClean\src\Core\Ludots.Core.csproj]
C:\001_AI\LudotsClean\src\Core\Navigation\GraphWorld\WorldGridLoadedChunks.cs(29,16): warning CS8618: 在退出构造函数时，不可为 null 的 事件 "ChunkLoaded" 必须包含非 null 值。请考虑添加 "required" 修饰符或将该 事件 声明为可为 null。 [C:\001_AI\LudotsClean\src\Core\Ludots.Core.csproj]
C:\001_AI\LudotsClean\src\Core\Navigation\GraphWorld\WorldGridLoadedChunks.cs(29,16): warning CS8618: 在退出构造函数时，不可为 null 的 事件 "ChunkUnloaded" 必须包含非 null 值。请考虑添加 "required" 修饰符或将该 事件 声明为可为 null。 [C:\001_AI\LudotsClean\src\Core\Ludots.Core.csproj]
C:\001_AI\LudotsClean\src\Core\Engine\GameEngine.cs(2568,73): warning CS8625: 无法将 null 字面量转换为非 null 的引用类型。 [C:\001_AI\LudotsClean\src\Core\Ludots.Core.csproj]
C:\001_AI\LudotsClean\src\Core\Navigation\NavMesh\NavTileStore.cs(87,22): warning CS8601: 可能的 null 引用赋值。 [C:\001_AI\LudotsClean\src\Core\Ludots.Core.csproj]
C:\001_AI\LudotsClean\src\Core\Engine\GameEngine.cs(2685,38): warning CS8625: 无法将 null 字面量转换为非 null 的引用类型。 [C:\001_AI\LudotsClean\src\Core\Ludots.Core.csproj]
C:\001_AI\LudotsClean\src\Core\Navigation\GraphWorld\ChunkedNodeGraphStore.cs(11,31): warning CS8618: 在退出构造函数时，不可为 null 的 字段 "_loadedChunks" 必须包含非 null 值。请考虑添加 "required" 修饰符或将该 字段 声明为可为 null。 [C:\001_AI\LudotsClean\src\Core\Ludots.Core.csproj]
C:\001_AI\LudotsClean\src\Core\Navigation\NavMesh\Config\NavMeshBakeConfigLoader.cs(106,52): warning CS8604: “ConfigPipeline.ConfigPipeline(VirtualFileSystem vfs, ModLoader modLoader)”中的形参“modLoader”可能传入 null 引用实参。 [C:\001_AI\LudotsClean\src\Core\Ludots.Core.csproj]
C:\001_AI\LudotsClean\src\Core\UI\EntityCommandPanels\AbilityAggregationProfileRegistry.cs(196,69): warning CS8600: 将 null 文本或可能的 null 值转换为不可为 null 类型。 [C:\001_AI\LudotsClean\src\Core\Ludots.Core.csproj]
C:\001_AI\LudotsClean\src\Core\Physics\PhysicsWorld.cs(23,16): warning CS8618: 在退出构造函数时，不可为 null 的 字段 "_cells" 必须包含非 null 值。请考虑添加 "required" 修饰符或将该 字段 声明为可为 null。 [C:\001_AI\LudotsClean\src\Core\Ludots.Core.csproj]
C:\001_AI\LudotsClean\src\Core\Navigation\Pathing\Config\PathingConfig.cs(59,23): warning CS8618: 在退出构造函数时，不可为 null 的 属性 "Tag" 必须包含非 null 值。请考虑添加 "required" 修饰符或将该 属性 声明为可为 null。 [C:\001_AI\LudotsClean\src\Core\Ludots.Core.csproj]
C:\001_AI\LudotsClean\src\Core\Navigation\NavMesh\Bake\BakePipeline.cs(34,30): warning CS8618: 在退出构造函数时，不可为 null 的 字段 "ContourRings" 必须包含非 null 值。请考虑添加 "required" 修饰符或将该 字段 声明为可为 null。 [C:\001_AI\LudotsClean\src\Core\Ludots.Core.csproj]
C:\001_AI\LudotsClean\src\Core\Navigation\NavMesh\Bake\BakePipeline.cs(77,54): warning CS8625: 无法将 null 字面量转换为非 null 的引用类型。 [C:\001_AI\LudotsClean\src\Core\Ludots.Core.csproj]
C:\001_AI\LudotsClean\src\Core\Navigation\GraphWorld\LoadedGraphRuntime.cs(87,43): warning CS8625: 无法将 null 字面量转换为非 null 的引用类型。 [C:\001_AI\LudotsClean\src\Core\Ludots.Core.csproj]
C:\001_AI\LudotsClean\src\Core\Engine\GameEngine.cs(2733,36): warning CS8600: 将 null 文本或可能的 null 值转换为不可为 null 类型。 [C:\001_AI\LudotsClean\src\Core\Ludots.Core.csproj]
C:\001_AI\LudotsClean\src\Core\Engine\GameEngine.cs(2734,71): warning CS8604: “MapSession MapSessionManager.CreateSession(MapId mapId, MapConfig mapConfig, MapContext parentContext = null)”中的形参“parentContext”可能传入 null 引用实参。 [C:\001_AI\LudotsClean\src\Core\Ludots.Core.csproj]
C:\001_AI\LudotsClean\src\Core\UI\EntityCommandPanels\AbilityAggregationProfileRegistry.cs(347,50): warning CS8618: 在退出构造函数时，不可为 null 的 字段 "Selector" 必须包含非 null 值。请考虑添加 "required" 修饰符或将该 字段 声明为可为 null。 [C:\001_AI\LudotsClean\src\Core\Ludots.Core.csproj]
C:\001_AI\LudotsClean\src\Core\Navigation\NavMesh\Bake\BakePipeline.cs(110,54): warning CS8625: 无法将 null 字面量转换为非 null 的引用类型。 [C:\001_AI\LudotsClean\src\Core\Ludots.Core.csproj]
C:\001_AI\LudotsClean\src\Core\Navigation\NavMesh\Bake\BakePipeline.cs(123,54): warning CS8625: 无法将 null 字面量转换为非 null 的引用类型。 [C:\001_AI\LudotsClean\src\Core\Ludots.Core.csproj]
C:\001_AI\LudotsClean\src\Core\Navigation\NavMesh\Bake\BakePipeline.cs(148,54): warning CS8625: 无法将 null 字面量转换为非 null 的引用类型。 [C:\001_AI\LudotsClean\src\Core\Ludots.Core.csproj]
C:\001_AI\LudotsClean\src\Core\Navigation\NavMesh\Bake\BakePipeline.cs(162,54): warning CS8625: 无法将 null 字面量转换为非 null 的引用类型。 [C:\001_AI\LudotsClean\src\Core\Ludots.Core.csproj]
C:\001_AI\LudotsClean\src\Core\Navigation\Pathing\AutoPathService.cs(39,29): warning CS8625: 无法将 null 字面量转换为非 null 的引用类型。 [C:\001_AI\LudotsClean\src\Core\Ludots.Core.csproj]
C:\001_AI\LudotsClean\src\Core\Navigation\Pathing\AutoPathService.cs(35,16): warning CS8618: 在退出构造函数时，不可为 null 的 字段 "_graphRuntime" 必须包含非 null 值。请考虑添加 "required" 修饰符或将该 字段 声明为可为 null。 [C:\001_AI\LudotsClean\src\Core\Ludots.Core.csproj]
C:\001_AI\LudotsClean\src\Core\Engine\GameEngine.cs(2856,38): warning CS8625: 无法将 null 字面量转换为非 null 的引用类型。 [C:\001_AI\LudotsClean\src\Core\Ludots.Core.csproj]
C:\001_AI\LudotsClean\src\Core\Presentation\Presenters\WorldHudPresentBehavior.cs(102,99): warning CS8600: 将 null 文本或可能的 null 值转换为不可为 null 类型。 [C:\001_AI\LudotsClean\src\Core\Ludots.Core.csproj]
C:\001_AI\LudotsClean\src\Core\Navigation\Pathing\AutoPathService.cs(66,22): warning CS8625: 无法将 null 字面量转换为非 null 的引用类型。 [C:\001_AI\LudotsClean\src\Core\Ludots.Core.csproj]
C:\001_AI\LudotsClean\src\Core\Navigation\Pathing\AutoPathService.cs(67,27): warning CS8625: 无法将 null 字面量转换为非 null 的引用类型。 [C:\001_AI\LudotsClean\src\Core\Ludots.Core.csproj]
C:\001_AI\LudotsClean\src\Core\Navigation\Pathing\AutoPathService.cs(63,16): warning CS8618: 在退出构造函数时，不可为 null 的 字段 "_graph" 必须包含非 null 值。请考虑添加 "required" 修饰符或将该 字段 声明为可为 null。 [C:\001_AI\LudotsClean\src\Core\Ludots.Core.csproj]
C:\001_AI\LudotsClean\src\Core\Navigation\Pathing\AutoPathService.cs(63,16): warning CS8618: 在退出构造函数时，不可为 null 的 字段 "_graphIndex" 必须包含非 null 值。请考虑添加 "required" 修饰符或将该 字段 声明为可为 null。 [C:\001_AI\LudotsClean\src\Core\Ludots.Core.csproj]
C:\001_AI\LudotsClean\src\Core\Navigation\Pathing\AutoPathService.cs(95,29): warning CS8625: 无法将 null 字面量转换为非 null 的引用类型。 [C:\001_AI\LudotsClean\src\Core\Ludots.Core.csproj]
C:\001_AI\LudotsClean\src\Core\Navigation\Pathing\AutoPathService.cs(91,16): warning CS8618: 在退出构造函数时，不可为 null 的 字段 "_graphRuntime" 必须包含非 null 值。请考虑添加 "required" 修饰符或将该 字段 声明为可为 null。 [C:\001_AI\LudotsClean\src\Core\Ludots.Core.csproj]
C:\001_AI\LudotsClean\src\Core\Navigation\Pathing\AutoPathService.cs(122,22): warning CS8625: 无法将 null 字面量转换为非 null 的引用类型。 [C:\001_AI\LudotsClean\src\Core\Ludots.Core.csproj]
C:\001_AI\LudotsClean\src\Core\Navigation\Pathing\AutoPathService.cs(123,27): warning CS8625: 无法将 null 字面量转换为非 null 的引用类型。 [C:\001_AI\LudotsClean\src\Core\Ludots.Core.csproj]
C:\001_AI\LudotsClean\src\Core\Navigation\Pathing\AutoPathService.cs(119,16): warning CS8618: 在退出构造函数时，不可为 null 的 字段 "_graph" 必须包含非 null 值。请考虑添加 "required" 修饰符或将该 字段 声明为可为 null。 [C:\001_AI\LudotsClean\src\Core\Ludots.Core.csproj]
C:\001_AI\LudotsClean\src\Core\Navigation\Pathing\AutoPathService.cs(119,16): warning CS8618: 在退出构造函数时，不可为 null 的 字段 "_graphIndex" 必须包含非 null 值。请考虑添加 "required" 修饰符或将该 字段 声明为可为 null。 [C:\001_AI\LudotsClean\src\Core\Ludots.Core.csproj]
C:\001_AI\LudotsClean\src\Core\Navigation\NavMesh\Bake\BakePipeline.cs(754,92): warning CS8604: “NavBakeArtifact.NavBakeArtifact(NavTileId tileId, uint tileVersion, NavBakeStage stage, NavBakeErrorCode errorCode, string message, int walkableTriangleCount, int vertexCount, int triangleCount, int portalCount, string[] debugLog = null)”中的形参“debugLog”可能传入 null 引用实参。 [C:\001_AI\LudotsClean\src\Core\Ludots.Core.csproj]
C:\001_AI\LudotsClean\src\Core\UI\EntityCommandPanels\AbilityAggregationProfile.cs(25,23): warning CS8618: 在退出构造函数时，不可为 null 的 属性 "Overflow" 必须包含非 null 值。请考虑添加 "required" 修饰符或将该 属性 声明为可为 null。 [C:\001_AI\LudotsClean\src\Core\Ludots.Core.csproj]
C:\001_AI\LudotsClean\src\Core\UI\EntityCommandPanels\AbilityAggregationProfile.cs(12,58): warning CS8618: 在退出构造函数时，不可为 null 的 属性 "Profiles" 必须包含非 null 值。请考虑添加 "required" 修饰符或将该 属性 声明为可为 null。 [C:\001_AI\LudotsClean\src\Core\Ludots.Core.csproj]
C:\001_AI\LudotsClean\src\Core\Navigation\NavMesh\Bake\Triangulator.cs(81,21): warning CS8625: 无法将 null 字面量转换为非 null 的引用类型。 [C:\001_AI\LudotsClean\src\Core\Ludots.Core.csproj]
C:\001_AI\LudotsClean\src\Core\Navigation\NavMesh\Bake\Triangulator.cs(120,21): warning CS8625: 无法将 null 字面量转换为非 null 的引用类型。 [C:\001_AI\LudotsClean\src\Core\Ludots.Core.csproj]
C:\001_AI\LudotsClean\src\Core\Presentation\Camera\CoreScreenProjector.cs(27,16): warning CS8618: 在退出构造函数时，不可为 null 的 字段 "_presenter" 必须包含非 null 值。请考虑添加 "required" 修饰符或将该 字段 声明为可为 null。 [C:\001_AI\LudotsClean\src\Core\Ludots.Core.csproj]
C:\001_AI\LudotsClean\src\Core\Navigation\NavMesh\Bake\Triangulator.cs(179,21): warning CS8625: 无法将 null 字面量转换为非 null 的引用类型。 [C:\001_AI\LudotsClean\src\Core\Ludots.Core.csproj]
C:\001_AI\LudotsClean\src\Core\NodeLibraries\GASGraph\GasGraphOpHandlerTable.cs(316,29): error CS0117: “GraphNodeOp”未包含“OfferActivity”的定义 [C:\001_AI\LudotsClean\src\Core\Ludots.Core.csproj]
C:\001_AI\LudotsClean\src\Core\Navigation\NavMesh\NavTileModels.cs(94,29): warning CS8625: 无法将 null 字面量转换为非 null 的引用类型。 [C:\001_AI\LudotsClean\src\Core\Ludots.Core.csproj]
C:\001_AI\LudotsClean\src\Core\NodeLibraries\GASGraph\Host\TriggerGraphHookWeaver.cs(123,74): warning CS8600: 将 null 文本或可能的 null 值转换为不可为 null 类型。 [C:\001_AI\LudotsClean\src\Core\Ludots.Core.csproj]
C:\001_AI\LudotsClean\src\Core\Navigation\NavMesh\NavTileBuilder.cs(83,24): warning CS8625: 无法将 null 字面量转换为非 null 的引用类型。 [C:\001_AI\LudotsClean\src\Core\Ludots.Core.csproj]
C:\001_AI\LudotsClean\src\Core\Navigation\NavMesh\Bake\RuntimeIncrementalNavMeshRebuildQueue.cs(341,48): warning CS8600: 将 null 文本或可能的 null 值转换为不可为 null 类型。 [C:\001_AI\LudotsClean\src\Core\Ludots.Core.csproj]
C:\001_AI\LudotsClean\src\Core\Navigation\NavMesh\Bake\RuntimeIncrementalNavMeshRebuildQueue.cs(351,70): warning CS8625: 无法将 null 字面量转换为非 null 的引用类型。 [C:\001_AI\LudotsClean\src\Core\Ludots.Core.csproj]
C:\001_AI\LudotsClean\src\Core\Navigation\NavMesh\Bake\RuntimeIncrementalNavMeshRebuildQueue.cs(355,62): warning CS8625: 无法将 null 字面量转换为非 null 的引用类型。 [C:\001_AI\LudotsClean\src\Core\Ludots.Core.csproj]
C:\001_AI\LudotsClean\src\Core\NodeLibraries\GASGraph\Host\TriggerGraphHookWeaver.cs(167,50): warning CS8600: 将 null 文本或可能的 null 值转换为不可为 null 类型。 [C:\001_AI\LudotsClean\src\Core\Ludots.Core.csproj]
C:\001_AI\LudotsClean\src\Core\Navigation\NavMesh\Bake\RuntimeIncrementalNavMeshRebuildQueue.cs(371,28): warning CS8625: 无法将 null 字面量转换为非 null 的引用类型。 [C:\001_AI\LudotsClean\src\Core\Ludots.Core.csproj]
C:\001_AI\LudotsClean\src\Core\Navigation\NavMesh\Bake\NavBakeService.cs(179,65): warning CS8600: 将 null 文本或可能的 null 值转换为不可为 null 类型。 [C:\001_AI\LudotsClean\src\Core\Ludots.Core.csproj]
C:\001_AI\LudotsClean\src\Core\Navigation\NavMesh\NavTileBuilder.cs(100,20): warning CS8625: 无法将 null 字面量转换为非 null 的引用类型。 [C:\001_AI\LudotsClean\src\Core\Ludots.Core.csproj]
C:\001_AI\LudotsClean\src\Core\Navigation\NavMesh\Bake\RecastDirectFeedHeightfield.cs(163,29): warning CS8604: “bool NavObstacleGeometry.IsTriangleBlockedByObstacles(int ax, int az, int bx, int bz, int cx, int cz, NavObstacleSet obstacles, string layerId)”中的形参“obstacles”可能传入 null 引用实参。 [C:\001_AI\LudotsClean\src\Core\Ludots.Core.csproj]
C:\001_AI\LudotsClean\src\Core\NodeLibraries\GASGraph\Host\TriggerGraphHookWeaver.cs(205,62): warning CS8600: 将 null 文本或可能的 null 值转换为不可为 null 类型。 [C:\001_AI\LudotsClean\src\Core\Ludots.Core.csproj]
C:\001_AI\LudotsClean\src\Core\NodeLibraries\GASGraph\Host\TriggerGraphHookWeaver.cs(215,84): warning CS8600: 将 null 文本或可能的 null 值转换为不可为 null 类型。 [C:\001_AI\LudotsClean\src\Core\Ludots.Core.csproj]
C:\001_AI\LudotsClean\src\Core\Navigation\NavMesh\Bake\GridMeshBuilder.cs(43,21): warning CS8625: 无法将 null 字面量转换为非 null 的引用类型。 [C:\001_AI\LudotsClean\src\Core\Ludots.Core.csproj]
C:\001_AI\LudotsClean\src\Core\Navigation\NavMesh\Bake\CdtTriangulator.cs(43,21): warning CS8625: 无法将 null 字面量转换为非 null 的引用类型。 [C:\001_AI\LudotsClean\src\Core\Ludots.Core.csproj]
C:\001_AI\LudotsClean\src\Core\NodeLibraries\GASGraph\Host\TriggerGraphHookWeaver.cs(322,68): warning CS8600: 将 null 文本或可能的 null 值转换为不可为 null 类型。 [C:\001_AI\LudotsClean\src\Core\Ludots.Core.csproj]
C:\001_AI\LudotsClean\src\Core\NodeLibraries\GASGraph\Host\TriggerGraphHookWeaver.cs(342,49): warning CS8600: 将 null 文本或可能的 null 值转换为不可为 null 类型。 [C:\001_AI\LudotsClean\src\Core\Ludots.Core.csproj]
C:\001_AI\LudotsClean\src\Core\Navigation\NavMesh\Bake\CdtTriangulator.cs(71,21): warning CS8625: 无法将 null 字面量转换为非 null 的引用类型。 [C:\001_AI\LudotsClean\src\Core\Ludots.Core.csproj]
C:\001_AI\LudotsClean\src\Core\Navigation\Pathing\Config\PathingConfig.cs(13,23): warning CS8618: 在退出构造函数时，不可为 null 的 属性 "Id" 必须包含非 null 值。请考虑添加 "required" 修饰符或将该 属性 声明为可为 null。 [C:\001_AI\LudotsClean\src\Core\Ludots.Core.csproj]
C:\001_AI\LudotsClean\src\Core\Navigation\Pathing\Config\PathingConfig.cs(14,23): warning CS8618: 在退出构造函数时，不可为 null 的 属性 "ProfileId" 必须包含非 null 值。请考虑添加 "required" 修饰符或将该 属性 声明为可为 null。 [C:\001_AI\LudotsClean\src\Core\Ludots.Core.csproj]
C:\001_AI\LudotsClean\src\Core\Navigation\NavMesh\Bake\ContourExtractor.cs(360,28): warning CS8603: 可能返回 null 引用。 [C:\001_AI\LudotsClean\src\Core\Ludots.Core.csproj]
C:\001_AI\LudotsClean\src\Core\Navigation\NavMesh\Bake\ContourExtractor.cs(389,28): warning CS8603: 可能返回 null 引用。 [C:\001_AI\LudotsClean\src\Core\Ludots.Core.csproj]
C:\001_AI\LudotsClean\src\Core\Navigation\NavMesh\Bake\ContourExtractor.cs(398,24): warning CS8603: 可能返回 null 引用。 [C:\001_AI\LudotsClean\src\Core\Ludots.Core.csproj]
C:\001_AI\LudotsClean\src\Core\Engine\GameEngine.cs(3173,30): warning CS8625: 无法将 null 字面量转换为非 null 的引用类型。 [C:\001_AI\LudotsClean\src\Core\Ludots.Core.csproj]
C:\001_AI\LudotsClean\src\Core\NodeLibraries\GASGraph\GasGraphOpHandlerTable.cs(881,34): error CS0117: “GraphNodeOp”未包含“OfferActivity”的定义 [C:\001_AI\LudotsClean\src\Core\Ludots.Core.csproj]
C:\001_AI\LudotsClean\src\Core\Engine\GameEngine.cs(3204,25): warning CS8625: 无法将 null 字面量转换为非 null 的引用类型。 [C:\001_AI\LudotsClean\src\Core\Ludots.Core.csproj]
C:\001_AI\LudotsClean\src\Core\Engine\GameEngine.cs(3205,28): warning CS8625: 无法将 null 字面量转换为非 null 的引用类型。 [C:\001_AI\LudotsClean\src\Core\Ludots.Core.csproj]
C:\001_AI\LudotsClean\src\Core\Engine\GameEngine.cs(3214,39): warning CS8600: 将 null 文本或可能的 null 值转换为不可为 null 类型。 [C:\001_AI\LudotsClean\src\Core\Ludots.Core.csproj]
C:\001_AI\LudotsClean\src\Core\Engine\GameEngine.cs(3220,81): warning CS8604: “LogicTerrainField GameEngine.LoadGridTerrainFromFile(string dataFile, BoardConfig boardConfig)”中的形参“boardConfig”可能传入 null 引用实参。 [C:\001_AI\LudotsClean\src\Core\Ludots.Core.csproj]
C:\001_AI\LudotsClean\src\Core\Engine\GameEngine.cs(3288,50): warning CS8603: 可能返回 null 引用。 [C:\001_AI\LudotsClean\src\Core\Ludots.Core.csproj]
C:\001_AI\LudotsClean\src\Core\Engine\GameEngine.cs(3296,20): warning CS8603: 可能返回 null 引用。 [C:\001_AI\LudotsClean\src\Core\Ludots.Core.csproj]
C:\001_AI\LudotsClean\src\Core\Presentation\Config\PresenterDefinitionConfigLoader.cs(1456,56): warning CS8600: 将 null 文本或可能的 null 值转换为不可为 null 类型。 [C:\001_AI\LudotsClean\src\Core\Ludots.Core.csproj]
C:\001_AI\LudotsClean\src\Core\Presentation\Config\PresenterDefinitionConfigLoader.cs(1462,87): warning CS8600: 将 null 文本或可能的 null 值转换为不可为 null 类型。 [C:\001_AI\LudotsClean\src\Core\Ludots.Core.csproj]
C:\001_AI\LudotsClean\src\Core\Scripting\TriggerManager.cs(163,20): warning CS8603: 可能返回 null 引用。 [C:\001_AI\LudotsClean\src\Core\Ludots.Core.csproj]
C:\001_AI\LudotsClean\src\Core\Scripting\TriggerManager.cs(188,54): warning CS8600: 将 null 文本或可能的 null 值转换为不可为 null 类型。 [C:\001_AI\LudotsClean\src\Core\Ludots.Core.csproj]
C:\001_AI\LudotsClean\src\Core\Scripting\TriggerManager.cs(206,54): warning CS8600: 将 null 文本或可能的 null 值转换为不可为 null 类型。 [C:\001_AI\LudotsClean\src\Core\Ludots.Core.csproj]
C:\001_AI\LudotsClean\src\Core\Engine\GameEngine.cs(3388,61): warning CS8603: 可能返回 null 引用。 [C:\001_AI\LudotsClean\src\Core\Ludots.Core.csproj]
C:\001_AI\LudotsClean\src\Core\Engine\GameEngine.cs(3409,29): warning CS8600: 将 null 文本或可能的 null 值转换为不可为 null 类型。 [C:\001_AI\LudotsClean\src\Core\Ludots.Core.csproj]
C:\001_AI\LudotsClean\src\Core\Engine\GameEngine.cs(3427,40): warning CS8603: 可能返回 null 引用。 [C:\001_AI\LudotsClean\src\Core\Ludots.Core.csproj]
C:\001_AI\LudotsClean\src\Core\Engine\GameEngine.cs(3437,24): warning CS8603: 可能返回 null 引用。 [C:\001_AI\LudotsClean\src\Core\Ludots.Core.csproj]
C:\001_AI\LudotsClean\src\Core\Engine\GameEngine.cs(3406,32): warning CS8603: 可能返回 null 引用。 [C:\001_AI\LudotsClean\src\Core\Ludots.Core.csproj]
C:\001_AI\LudotsClean\src\Core\Scripting\TriggerManager.cs(237,66): warning CS8600: 将 null 文本或可能的 null 值转换为不可为 null 类型。 [C:\001_AI\LudotsClean\src\Core\Ludots.Core.csproj]
C:\001_AI\LudotsClean\src\Core\Scripting\TriggerManager.cs(262,59): warning CS8600: 将 null 文本或可能的 null 值转换为不可为 null 类型。 [C:\001_AI\LudotsClean\src\Core\Ludots.Core.csproj]
C:\001_AI\LudotsClean\src\Core\Scripting\TriggerManager.cs(263,66): warning CS8600: 将 null 文本或可能的 null 值转换为不可为 null 类型。 [C:\001_AI\LudotsClean\src\Core\Ludots.Core.csproj]
C:\001_AI\LudotsClean\src\Core\Engine\GameEngine.cs(3447,61): warning CS8603: 可能返回 null 引用。 [C:\001_AI\LudotsClean\src\Core\Ludots.Core.csproj]
C:\001_AI\LudotsClean\src\Core\Engine\GameEngine.cs(3468,29): warning CS8600: 将 null 文本或可能的 null 值转换为不可为 null 类型。 [C:\001_AI\LudotsClean\src\Core\Ludots.Core.csproj]
C:\001_AI\LudotsClean\src\Core\Engine\GameEngine.cs(3486,40): warning CS8603: 可能返回 null 引用。 [C:\001_AI\LudotsClean\src\Core\Ludots.Core.csproj]
C:\001_AI\LudotsClean\src\Core\Engine\GameEngine.cs(3495,24): warning CS8603: 可能返回 null 引用。 [C:\001_AI\LudotsClean\src\Core\Ludots.Core.csproj]
C:\001_AI\LudotsClean\src\Core\Engine\GameEngine.cs(3465,32): warning CS8603: 可能返回 null 引用。 [C:\001_AI\LudotsClean\src\Core\Ludots.Core.csproj]
C:\001_AI\LudotsClean\src\Core\Scripting\TriggerManager.cs(291,60): warning CS8600: 将 null 文本或可能的 null 值转换为不可为 null 类型。 [C:\001_AI\LudotsClean\src\Core\Ludots.Core.csproj]
C:\001_AI\LudotsClean\src\Core\UI\CommandDeck\CommandDeckContracts.cs(48,51): warning CS8618: 在退出构造函数时，不可为 null 的 属性 "Profiles" 必须包含非 null 值。请考虑添加 "required" 修饰符或将该 属性 声明为可为 null。 [C:\001_AI\LudotsClean\src\Core\Ludots.Core.csproj]
C:\001_AI\LudotsClean\src\Core\Scripting\TriggerManager.cs(321,60): warning CS8600: 将 null 文本或可能的 null 值转换为不可为 null 类型。 [C:\001_AI\LudotsClean\src\Core\Ludots.Core.csproj]
C:\001_AI\LudotsClean\src\Core\Scripting\TriggerManager.cs(351,63): warning CS8600: 将 null 文本或可能的 null 值转换为不可为 null 类型。 [C:\001_AI\LudotsClean\src\Core\Ludots.Core.csproj]
C:\001_AI\LudotsClean\src\Core\Scripting\TriggerManager.cs(367,59): warning CS8600: 将 null 文本或可能的 null 值转换为不可为 null 类型。 [C:\001_AI\LudotsClean\src\Core\Ludots.Core.csproj]
C:\001_AI\LudotsClean\src\Core\Scripting\TriggerManager.cs(378,73): warning CS8600: 将 null 文本或可能的 null 值转换为不可为 null 类型。 [C:\001_AI\LudotsClean\src\Core\Ludots.Core.csproj]
C:\001_AI\LudotsClean\src\Core\Scripting\TriggerManager.cs(389,73): warning CS8600: 将 null 文本或可能的 null 值转换为不可为 null 类型。 [C:\001_AI\LudotsClean\src\Core\Ludots.Core.csproj]
C:\001_AI\LudotsClean\src\Core\Engine\GameEngine.cs(3514,39): warning CS8600: 将 null 文本或可能的 null 值转换为不可为 null 类型。 [C:\001_AI\LudotsClean\src\Core\Ludots.Core.csproj]
C:\001_AI\LudotsClean\src\Core\Engine\GameEngine.cs(3515,38): warning CS8604: “void List<Trigger>.Add(Trigger item)”中的形参“item”可能传入 null 引用实参。 [C:\001_AI\LudotsClean\src\Core\Ludots.Core.csproj]
C:\001_AI\LudotsClean\src\Core\Engine\GameEngine.cs(3534,43): warning CS8600: 将 null 文本或可能的 null 值转换为不可为 null 类型。 [C:\001_AI\LudotsClean\src\Core\Ludots.Core.csproj]
C:\001_AI\LudotsClean\src\Core\Engine\GameEngine.cs(3535,42): warning CS8604: “void List<Trigger>.Add(Trigger item)”中的形参“item”可能传入 null 引用实参。 [C:\001_AI\LudotsClean\src\Core\Ludots.Core.csproj]
C:\001_AI\LudotsClean\src\Core\Engine\GameEngine.cs(3551,17): warning CS8602: 解引用可能出现空引用。 [C:\001_AI\LudotsClean\src\Core\Ludots.Core.csproj]
C:\001_AI\LudotsClean\src\Core\Presentation\Config\MeshAssetConfigLoader.cs(45,30): warning CS8600: 将 null 文本或可能的 null 值转换为不可为 null 类型。 [C:\001_AI\LudotsClean\src\Core\Ludots.Core.csproj]
C:\001_AI\LudotsClean\src\Core\Presentation\Config\MeshAssetConfigLoader.cs(63,30): warning CS8600: 将 null 文本或可能的 null 值转换为不可为 null 类型。 [C:\001_AI\LudotsClean\src\Core\Ludots.Core.csproj]
C:\001_AI\LudotsClean\src\Core\Presentation\Config\MeshAssetConfigLoader.cs(84,38): warning CS8600: 将 null 文本或可能的 null 值转换为不可为 null 类型。 [C:\001_AI\LudotsClean\src\Core\Ludots.Core.csproj]
C:\001_AI\LudotsClean\src\Core\NodeLibraries\GASGraph\GraphControlFlowCompiler.cs(1964,72): warning CS8600: 将 null 文本或可能的 null 值转换为不可为 null 类型。 [C:\001_AI\LudotsClean\src\Core\Ludots.Core.csproj]
C:\001_AI\LudotsClean\src\Core\NodeLibraries\GASGraph\GraphControlFlowCompiler.cs(2005,92): warning CS8600: 将 null 文本或可能的 null 值转换为不可为 null 类型。 [C:\001_AI\LudotsClean\src\Core\Ludots.Core.csproj]
C:\001_AI\LudotsClean\src\Core\Navigation\NavMesh\NavQueryServiceRegistry.cs(43,84): warning CS8601: 可能的 null 引用赋值。 [C:\001_AI\LudotsClean\src\Core\Ludots.Core.csproj]
C:\001_AI\LudotsClean\src\Core\Navigation\NavMesh\NavQueryServiceRegistry.cs(53,23): warning CS8625: 无法将 null 字面量转换为非 null 的引用类型。 [C:\001_AI\LudotsClean\src\Core\Ludots.Core.csproj]
C:\001_AI\LudotsClean\src\Core\Presentation\Config\InstancedBatchFactorizedSourceLoader.cs(146,44): warning CS8602: 解引用可能出现空引用。 [C:\001_AI\LudotsClean\src\Core\Ludots.Core.csproj]
C:\001_AI\LudotsClean\src\Core\Presentation\Config\InstancedBatchFactorizedSourceLoader.cs(147,44): warning CS8602: 解引用可能出现空引用。 [C:\001_AI\LudotsClean\src\Core\Ludots.Core.csproj]
C:\001_AI\LudotsClean\src\Core\Presentation\Config\InstancedBatchFactorizedSourceLoader.cs(148,44): warning CS8602: 解引用可能出现空引用。 [C:\001_AI\LudotsClean\src\Core\Ludots.Core.csproj]
C:\001_AI\LudotsClean\src\Core\Presentation\Config\InstancedBatchFactorizedSourceLoader.cs(166,44): warning CS8602: 解引用可能出现空引用。 [C:\001_AI\LudotsClean\src\Core\Ludots.Core.csproj]
C:\001_AI\LudotsClean\src\Core\Presentation\Config\InstancedBatchFactorizedSourceLoader.cs(167,44): warning CS8602: 解引用可能出现空引用。 [C:\001_AI\LudotsClean\src\Core\Ludots.Core.csproj]
C:\001_AI\LudotsClean\src\Core\Scripting\EnumCatalog.cs(260,100): warning CS8604: “IReadOnlyList<MergedConfigEntry> ConfigPipeline.MergeArrayByIdFromCatalog(in ConfigCatalogEntry entry, ConfigConflictReport report = null)”中的形参“report”可能传入 null 引用实参。 [C:\001_AI\LudotsClean\src\Core\Ludots.Core.csproj]
C:\001_AI\LudotsClean\src\Core\Engine\GameContext.cs(24,21): warning CS8603: 可能返回 null 引用。 [C:\001_AI\LudotsClean\src\Core\Ludots.Core.csproj]
C:\001_AI\LudotsClean\src\Core\NodeLibraries\GASGraph\Host\GraphProgramConfigLoader.cs(205,92): warning CS8600: 将 null 文本或可能的 null 值转换为不可为 null 类型。 [C:\001_AI\LudotsClean\src\Core\Ludots.Core.csproj]
C:\001_AI\LudotsClean\src\Core\NodeLibraries\GASGraph\GraphControlFlowCompiler.cs(3001,79): warning CS8600: 将 null 文本或可能的 null 值转换为不可为 null 类型。 [C:\001_AI\LudotsClean\src\Core\Ludots.Core.csproj]
C:\001_AI\LudotsClean\src\Core\NodeLibraries\GASGraph\GraphControlFlowCompiler.cs(3108,79): warning CS8600: 将 null 文本或可能的 null 值转换为不可为 null 类型。 [C:\001_AI\LudotsClean\src\Core\Ludots.Core.csproj]
C:\001_AI\LudotsClean\src\Core\Engine\GameEngine.cs(3693,20): warning CS8603: 可能返回 null 引用。 [C:\001_AI\LudotsClean\src\Core\Ludots.Core.csproj]
C:\001_AI\LudotsClean\src\Core\Scripting\FunctionRegistry.cs(41,20): warning CS8603: 可能返回 null 引用。 [C:\001_AI\LudotsClean\src\Core\Ludots.Core.csproj]
C:\001_AI\LudotsClean\src\Core\Scripting\FunctionRegistry.cs(15,44): warning CS8618: 在退出构造函数时，不可为 null 的 字段 "_conflictReport" 必须包含非 null 值。请考虑添加 "required" 修饰符或将该 字段 声明为可为 null。 [C:\001_AI\LudotsClean\src\Core\Ludots.Core.csproj]
C:\001_AI\LudotsClean\src\Core\Presentation\Minimap\MinimapPresentationSystem.cs(105,16): warning CS8618: 在退出构造函数时，不可为 null 的 字段 "_focusCollectionKey" 必须包含非 null 值。请考虑添加 "required" 修饰符或将该 字段 声明为可为 null。 [C:\001_AI\LudotsClean\src\Core\Ludots.Core.csproj]
C:\001_AI\LudotsClean\src\Core\TransportNetwork\TransportNetworkBaker.cs(172,61): warning CS8600: 将 null 文本或可能的 null 值转换为不可为 null 类型。 [C:\001_AI\LudotsClean\src\Core\Ludots.Core.csproj]
C:\001_AI\LudotsClean\src\Core\TransportNetwork\TransportNetworkBaker.cs(204,90): warning CS8600: 将 null 文本或可能的 null 值转换为不可为 null 类型。 [C:\001_AI\LudotsClean\src\Core\Ludots.Core.csproj]
C:\001_AI\LudotsClean\src\Core\TransportNetwork\TransportNetworkBaker.cs(207,95): warning CS8600: 将 null 文本或可能的 null 值转换为不可为 null 类型。 [C:\001_AI\LudotsClean\src\Core\Ludots.Core.csproj]
C:\001_AI\LudotsClean\src\Core\TransportNetwork\TransportNetworkBaker.cs(246,70): warning CS8600: 将 null 文本或可能的 null 值转换为不可为 null 类型。 [C:\001_AI\LudotsClean\src\Core\Ludots.Core.csproj]
C:\001_AI\LudotsClean\src\Core\TransportNetwork\TransportNetworkBaker.cs(256,66): warning CS8600: 将 null 文本或可能的 null 值转换为不可为 null 类型。 [C:\001_AI\LudotsClean\src\Core\Ludots.Core.csproj]
C:\001_AI\LudotsClean\src\Core\NodeLibraries\GASGraph\GraphFormatTextExpander.cs(113,96): warning CS8600: 将 null 文本或可能的 null 值转换为不可为 null 类型。 [C:\001_AI\LudotsClean\src\Core\Ludots.Core.csproj]
C:\001_AI\LudotsClean\src\Core\Scripting\ScriptContext.cs(50,20): warning CS8603: 可能返回 null 引用。 [C:\001_AI\LudotsClean\src\Core\Ludots.Core.csproj]
C:\001_AI\LudotsClean\src\Core\TransportNetwork\TransportNetworkBaker.cs(300,70): warning CS8600: 将 null 文本或可能的 null 值转换为不可为 null 类型。 [C:\001_AI\LudotsClean\src\Core\Ludots.Core.csproj]
C:\001_AI\LudotsClean\src\Core\Presentation\Config\PresentationAssetConfigIdGuard.cs(54,57): warning CS8600: 将 null 文本或可能的 null 值转换为不可为 null 类型。 [C:\001_AI\LudotsClean\src\Core\Ludots.Core.csproj]
C:\001_AI\LudotsClean\src\Core\Gameplay\GAS\BuiltinHandlers.cs(118,86): warning CS8604: “void AttributeMutationOps.ApplyModifiers(World world, Entity target, in EffectModifiers modifiers, TagOps tagOps)”中的形参“tagOps”可能传入 null 引用实参。 [C:\001_AI\LudotsClean\src\Core\Ludots.Core.csproj]
C:\001_AI\LudotsClean\src\Core\Gameplay\GAS\BuiltinHandlers.cs(147,107): warning CS8604: “void AttributeMutationOps.AddCurrent(World world, Entity target, int attributeId, float delta, TagOps tagOps)”中的形参“tagOps”可能传入 null 引用实参。 [C:\001_AI\LudotsClean\src\Core\Ludots.Core.csproj]
C:\001_AI\LudotsClean\src\Core\Gameplay\GAS\BuiltinHandlers.cs(149,107): warning CS8604: “void AttributeMutationOps.AddCurrent(World world, Entity target, int attributeId, float delta, TagOps tagOps)”中的形参“tagOps”可能传入 null 引用实参。 [C:\001_AI\LudotsClean\src\Core\Ludots.Core.csproj]
C:\001_AI\LudotsClean\src\Core\NodeLibraries\GASGraph\GraphControlFlowCompiler.Linear.cs(539,94): warning CS8600: 将 null 文本或可能的 null 值转换为不可为 null 类型。 [C:\001_AI\LudotsClean\src\Core\Ludots.Core.csproj]
C:\001_AI\LudotsClean\src\Core\Scripting\ServiceKey.cs(92,48): warning CS8601: 可能的 null 引用赋值。 [C:\001_AI\LudotsClean\src\Core\Ludots.Core.csproj]
C:\001_AI\LudotsClean\src\Core\NodeLibraries\GASGraph\Host\GraphLookupTableLoader.cs(32,53): warning CS8604: “ConfigCatalogEntry ConfigPipeline.RequireEntry(ConfigCatalog catalog, string path, ConfigMergePolicy defaultPolicy, string defaultIdField = "id")”中的形参“catalog”可能传入 null 引用实参。 [C:\001_AI\LudotsClean\src\Core\Ludots.Core.csproj]
C:\001_AI\LudotsClean\src\Core\NodeLibraries\GASGraph\Host\GraphLookupTableLoader.cs(33,99): warning CS8604: “IReadOnlyList<MergedConfigEntry> ConfigPipeline.MergeArrayByIdFromCatalog(in ConfigCatalogEntry entry, ConfigConflictReport report = null)”中的形参“report”可能传入 null 引用实参。 [C:\001_AI\LudotsClean\src\Core\Ludots.Core.csproj]
C:\001_AI\LudotsClean\src\Core\Presentation\Config\PresentationDisplayCatalogLoaders.cs(27,53): warning CS8604: “ConfigCatalogEntry ConfigPipeline.RequireEntry(ConfigCatalog catalog, string path, ConfigMergePolicy defaultPolicy, string defaultIdField = "id")”中的形参“catalog”可能传入 null 引用实参。 [C:\001_AI\LudotsClean\src\Core\Ludots.Core.csproj]
C:\001_AI\LudotsClean\src\Core\Presentation\Config\PresentationDisplayCatalogLoaders.cs(28,72): warning CS8604: “IReadOnlyList<MergedConfigEntry> ConfigPipeline.MergeArrayByIdFromCatalog(in ConfigCatalogEntry entry, ConfigConflictReport report = null)”中的形参“report”可能传入 null 引用实参。 [C:\001_AI\LudotsClean\src\Core\Ludots.Core.csproj]
C:\001_AI\LudotsClean\src\Core\Scripting\TriggerManager.cs(649,73): warning CS8600: 将 null 文本或可能的 null 值转换为不可为 null 类型。 [C:\001_AI\LudotsClean\src\Core\Ludots.Core.csproj]
C:\001_AI\LudotsClean\src\Core\Presentation\Config\PresentationDisplayCatalogLoaders.cs(65,53): warning CS8604: “ConfigCatalogEntry ConfigPipeline.RequireEntry(ConfigCatalog catalog, string path, ConfigMergePolicy defaultPolicy, string defaultIdField = "id")”中的形参“catalog”可能传入 null 引用实参。 [C:\001_AI\LudotsClean\src\Core\Ludots.Core.csproj]
C:\001_AI\LudotsClean\src\Core\Presentation\Config\PresentationDisplayCatalogLoaders.cs(66,72): warning CS8604: “IReadOnlyList<MergedConfigEntry> ConfigPipeline.MergeArrayByIdFromCatalog(in ConfigCatalogEntry entry, ConfigConflictReport report = null)”中的形参“report”可能传入 null 引用实参。 [C:\001_AI\LudotsClean\src\Core\Ludots.Core.csproj]
C:\001_AI\LudotsClean\src\Core\NodeLibraries\GASGraph\Host\GraphFunctionCatalogLoader.cs(67,84): warning CS8604: “List<MergedConfigEntry> ConfigMerger.MergeArrayByIdToEntries(IReadOnlyList<ConfigFragment> fragments, in ConfigCatalogEntry entry, ConfigConflictReport report = null)”中的形参“report”可能传入 null 引用实参。 [C:\001_AI\LudotsClean\src\Core\Ludots.Core.csproj]
C:\001_AI\LudotsClean\src\Core\Presentation\Config\PresentationHostAssetConfigLoader.cs(89,53): warning CS8604: “string[] PresentationHostAssetConfigLoader.ParseSourceUris(JsonNode node, string rowId)”中的形参“node”可能传入 null 引用实参。 [C:\001_AI\LudotsClean\src\Core\Ludots.Core.csproj]
C:\001_AI\LudotsClean\src\Core\Gameplay\GAS\Config\TagRuleSetLoader.cs(57,25): warning CS8604: “void TagRuleSetLoader.FillTagList(JsonNode node, ref int count, int* dst, int max, string field, string id, string path, bool allowRegister)”中的形参“node”可能传入 null 引用实参。 [C:\001_AI\LudotsClean\src\Core\Ludots.Core.csproj]
C:\001_AI\LudotsClean\src\Core\Gameplay\GAS\Config\TagRuleSetLoader.cs(58,25): warning CS8604: “void TagRuleSetLoader.FillTagList(JsonNode node, ref int count, int* dst, int max, string field, string id, string path, bool allowRegister)”中的形参“node”可能传入 null 引用实参。 [C:\001_AI\LudotsClean\src\Core\Ludots.Core.csproj]
C:\001_AI\LudotsClean\src\Core\Gameplay\GAS\Config\TagRuleSetLoader.cs(59,25): warning CS8604: “void TagRuleSetLoader.FillTagList(JsonNode node, ref int count, int* dst, int max, string field, string id, string path, bool allowRegister)”中的形参“node”可能传入 null 引用实参。 [C:\001_AI\LudotsClean\src\Core\Ludots.Core.csproj]
C:\001_AI\LudotsClean\src\Core\Gameplay\GAS\Config\TagRuleSetLoader.cs(60,25): warning CS8604: “void TagRuleSetLoader.FillTagList(JsonNode node, ref int count, int* dst, int max, string field, string id, string path, bool allowRegister)”中的形参“node”可能传入 null 引用实参。 [C:\001_AI\LudotsClean\src\Core\Ludots.Core.csproj]
C:\001_AI\LudotsClean\src\Core\Gameplay\GAS\Config\TagRuleSetLoader.cs(61,25): warning CS8604: “void TagRuleSetLoader.FillTagList(JsonNode node, ref int count, int* dst, int max, string field, string id, string path, bool allowRegister)”中的形参“node”可能传入 null 引用实参。 [C:\001_AI\LudotsClean\src\Core\Ludots.Core.csproj]
C:\001_AI\LudotsClean\src\Core\Gameplay\GAS\Config\TagRuleSetLoader.cs(62,25): warning CS8604: “void TagRuleSetLoader.FillTagList(JsonNode node, ref int count, int* dst, int max, string field, string id, string path, bool allowRegister)”中的形参“node”可能传入 null 引用实参。 [C:\001_AI\LudotsClean\src\Core\Ludots.Core.csproj]
C:\001_AI\LudotsClean\src\Core\Gameplay\GAS\Config\TagRuleSetLoader.cs(75,25): warning CS8604: “void TagRuleSetLoader.FillTagList(JsonNode node, ref int count, int* dst, int max, string field, string id, string path, bool allowRegister)”中的形参“node”可能传入 null 引用实参。 [C:\001_AI\LudotsClean\src\Core\Ludots.Core.csproj]
C:\001_AI\LudotsClean\src\Core\Gameplay\GAS\Config\TagRuleSetLoader.cs(76,25): warning CS8604: “void TagRuleSetLoader.FillTagList(JsonNode node, ref int count, int* dst, int max, string field, string id, string path, bool allowRegister)”中的形参“node”可能传入 null 引用实参。 [C:\001_AI\LudotsClean\src\Core\Ludots.Core.csproj]
C:\001_AI\LudotsClean\src\Core\Gameplay\GAS\Config\TagRuleSetLoader.cs(77,25): warning CS8604: “void TagRuleSetLoader.FillTagList(JsonNode node, ref int count, int* dst, int max, string field, string id, string path, bool allowRegister)”中的形参“node”可能传入 null 引用实参。 [C:\001_AI\LudotsClean\src\Core\Ludots.Core.csproj]
C:\001_AI\LudotsClean\src\Core\Gameplay\GAS\Config\TagRuleSetLoader.cs(78,25): warning CS8604: “void TagRuleSetLoader.FillTagList(JsonNode node, ref int count, int* dst, int max, string field, string id, string path, bool allowRegister)”中的形参“node”可能传入 null 引用实参。 [C:\001_AI\LudotsClean\src\Core\Ludots.Core.csproj]
C:\001_AI\LudotsClean\src\Core\Gameplay\GAS\Config\TagRuleSetLoader.cs(79,25): warning CS8604: “void TagRuleSetLoader.FillTagList(JsonNode node, ref int count, int* dst, int max, string field, string id, string path, bool allowRegister)”中的形参“node”可能传入 null 引用实参。 [C:\001_AI\LudotsClean\src\Core\Ludots.Core.csproj]
C:\001_AI\LudotsClean\src\Core\Gameplay\GAS\Config\TagRuleSetLoader.cs(80,25): warning CS8604: “void TagRuleSetLoader.FillTagList(JsonNode node, ref int count, int* dst, int max, string field, string id, string path, bool allowRegister)”中的形参“node”可能传入 null 引用实参。 [C:\001_AI\LudotsClean\src\Core\Ludots.Core.csproj]
C:\001_AI\LudotsClean\src\Core\Presentation\Config\PresentationHostAssetConfigLoader.cs(112,53): warning CS8604: “string[] PresentationHostAssetConfigLoader.ParseSourceUris(JsonNode node, string rowId)”中的形参“node”可能传入 null 引用实参。 [C:\001_AI\LudotsClean\src\Core\Ludots.Core.csproj]
C:\001_AI\LudotsClean\src\Core\NodeLibraries\GASGraph\Host\GraphActionCatalogLoader.cs(50,84): warning CS8604: “List<MergedConfigEntry> ConfigMerger.MergeArrayByIdToEntries(IReadOnlyList<ConfigFragment> fragments, in ConfigCatalogEntry entry, ConfigConflictReport report = null)”中的形参“report”可能传入 null 引用实参。 [C:\001_AI\LudotsClean\src\Core\Ludots.Core.csproj]
C:\001_AI\LudotsClean\src\Core\Engine\GameEngine.cs(3888,53): warning CS8600: 将 null 文本或可能的 null 值转换为不可为 null 类型。 [C:\001_AI\LudotsClean\src\Core\Ludots.Core.csproj]
C:\001_AI\LudotsClean\src\Core\Engine\GameEngine.cs(3889,45): warning CS8600: 将 null 文本或可能的 null 值转换为不可为 null 类型。 [C:\001_AI\LudotsClean\src\Core\Ludots.Core.csproj]
C:\001_AI\LudotsClean\src\Core\Engine\GameEngine.cs(3897,40): warning CS8600: 将 null 文本或可能的 null 值转换为不可为 null 类型。 [C:\001_AI\LudotsClean\src\Core\Ludots.Core.csproj]
C:\001_AI\LudotsClean\src\Core\Engine\GameEngine.cs(3931,94): warning CS8604: “IPathService GameEngine.CreateDefaultNavMeshPathService(PathingConfig pathingConfig, NavQueryServiceRegistry navRegistry, NavMeshProfileRegistry navProfiles, AgentProfileRegistry agentProfiles, PathStore pathStore)”中的形参“navRegistry”可能传入 null 引用实参。 [C:\001_AI\LudotsClean\src\Core\Ludots.Core.csproj]
C:\001_AI\LudotsClean\src\Core\Engine\GameEngine.cs(3931,107): warning CS8604: “IPathService GameEngine.CreateDefaultNavMeshPathService(PathingConfig pathingConfig, NavQueryServiceRegistry navRegistry, NavMeshProfileRegistry navProfiles, AgentProfileRegistry agentProfiles, PathStore pathStore)”中的形参“navProfiles”可能传入 null 引用实参。 [C:\001_AI\LudotsClean\src\Core\Ludots.Core.csproj]
C:\001_AI\LudotsClean\src\Core\Engine\GameEngine.cs(3935,57): warning CS8604: “PathServiceRouter.PathServiceRouter(IPathService nodeGraph, IPathService navMesh, IPathService auto, PathStore store)”中的形参“nodeGraph”可能传入 null 引用实参。 [C:\001_AI\LudotsClean\src\Core\Ludots.Core.csproj]
C:\001_AI\LudotsClean\src\Core\Gameplay\GAS\Config\TagRuleSetLoader.cs(109,30): warning CS8600: 将 null 文本或可能的 null 值转换为不可为 null 类型。 [C:\001_AI\LudotsClean\src\Core\Ludots.Core.csproj]
C:\001_AI\LudotsClean\src\Core\NodeLibraries\GASGraph\GraphControlFlowCompiler.Linear.cs(1465,94): warning CS8600: 将 null 文本或可能的 null 值转换为不可为 null 类型。 [C:\001_AI\LudotsClean\src\Core\Ludots.Core.csproj]
C:\001_AI\LudotsClean\src\Core\Presentation\Config\PresentationPayloadConfigParser.cs(55,38): warning CS8600: 将 null 文本或可能的 null 值转换为不可为 null 类型。 [C:\001_AI\LudotsClean\src\Core\Ludots.Core.csproj]
C:\001_AI\LudotsClean\src\Core\TransportNetwork\TransportNetworkBakedAsset.cs(32,59): warning CS8601: 可能的 null 引用赋值。 [C:\001_AI\LudotsClean\src\Core\Ludots.Core.csproj]
C:\001_AI\LudotsClean\src\Core\TransportNetwork\TransportNetworkBakedAsset.cs(37,60): warning CS8601: 可能的 null 引用赋值。 [C:\001_AI\LudotsClean\src\Core\Ludots.Core.csproj]
C:\001_AI\LudotsClean\src\Core\Engine\GameEngine.cs(4120,32): warning CS8600: 将 null 文本或可能的 null 值转换为不可为 null 类型。 [C:\001_AI\LudotsClean\src\Core\Ludots.Core.csproj]
C:\001_AI\LudotsClean\src\Core\Engine\GameEngine.cs(4126,31): warning CS8600: 将 null 文本或可能的 null 值转换为不可为 null 类型。 [C:\001_AI\LudotsClean\src\Core\Ludots.Core.csproj]
C:\001_AI\LudotsClean\src\Core\Engine\GameEngine.cs(4140,23): warning CS8601: 可能的 null 引用赋值。 [C:\001_AI\LudotsClean\src\Core\Ludots.Core.csproj]
C:\001_AI\LudotsClean\src\Core\Engine\GameEngine.cs(4148,19): warning CS8625: 无法将 null 字面量转换为非 null 的引用类型。 [C:\001_AI\LudotsClean\src\Core\Ludots.Core.csproj]
C:\001_AI\LudotsClean\src\Core\Presentation\Config\PresentationTextCatalogLoader.cs(73,38): warning CS8600: 将 null 文本或可能的 null 值转换为不可为 null 类型。 [C:\001_AI\LudotsClean\src\Core\Ludots.Core.csproj]
C:\001_AI\LudotsClean\src\Core\Engine\GameEngine.cs(4188,28): warning CS8600: 将 null 文本或可能的 null 值转换为不可为 null 类型。 [C:\001_AI\LudotsClean\src\Core\Ludots.Core.csproj]
C:\001_AI\LudotsClean\src\Core\Presentation\Config\PresenterDefinitionConfigLoader.cs(2143,51): warning CS8600: 将 null 文本或可能的 null 值转换为不可为 null 类型。 [C:\001_AI\LudotsClean\src\Core\Ludots.Core.csproj]
C:\001_AI\LudotsClean\src\Core\Engine\GameEngine.cs(4272,33): warning CS8625: 无法将 null 字面量转换为非 null 的引用类型。 [C:\001_AI\LudotsClean\src\Core\Ludots.Core.csproj]
C:\001_AI\LudotsClean\src\Core\Engine\GameEngine.cs(4279,25): warning CS8625: 无法将 null 字面量转换为非 null 的引用类型。 [C:\001_AI\LudotsClean\src\Core\Ludots.Core.csproj]
C:\001_AI\LudotsClean\src\Core\Engine\GameEngine.cs(4285,35): warning CS8625: 无法将 null 字面量转换为非 null 的引用类型。 [C:\001_AI\LudotsClean\src\Core\Ludots.Core.csproj]
C:\001_AI\LudotsClean\src\Core\Engine\GameEngine.cs(4286,36): warning CS8625: 无法将 null 字面量转换为非 null 的引用类型。 [C:\001_AI\LudotsClean\src\Core\Ludots.Core.csproj]
C:\001_AI\LudotsClean\src\Core\Engine\GameEngine.cs(4287,37): warning CS8625: 无法将 null 字面量转换为非 null 的引用类型。 [C:\001_AI\LudotsClean\src\Core\Ludots.Core.csproj]
C:\001_AI\LudotsClean\src\Core\Engine\GameEngine.cs(4288,34): warning CS8625: 无法将 null 字面量转换为非 null 的引用类型。 [C:\001_AI\LudotsClean\src\Core\Ludots.Core.csproj]
C:\001_AI\LudotsClean\src\Core\Engine\GameEngine.cs(4289,41): warning CS8625: 无法将 null 字面量转换为非 null 的引用类型。 [C:\001_AI\LudotsClean\src\Core\Ludots.Core.csproj]
C:\001_AI\LudotsClean\src\Core\Engine\GameEngine.cs(4290,42): warning CS8625: 无法将 null 字面量转换为非 null 的引用类型。 [C:\001_AI\LudotsClean\src\Core\Ludots.Core.csproj]
C:\001_AI\LudotsClean\src\Core\Engine\GameEngine.cs(4291,40): warning CS8625: 无法将 null 字面量转换为非 null 的引用类型。 [C:\001_AI\LudotsClean\src\Core\Ludots.Core.csproj]
C:\001_AI\LudotsClean\src\Core\Engine\GameEngine.cs(4292,35): warning CS8625: 无法将 null 字面量转换为非 null 的引用类型。 [C:\001_AI\LudotsClean\src\Core\Ludots.Core.csproj]
C:\001_AI\LudotsClean\src\Core\Engine\GameEngine.cs(4293,44): warning CS8625: 无法将 null 字面量转换为非 null 的引用类型。 [C:\001_AI\LudotsClean\src\Core\Ludots.Core.csproj]
C:\001_AI\LudotsClean\src\Core\Engine\GameEngine.cs(4294,46): warning CS8625: 无法将 null 字面量转换为非 null 的引用类型。 [C:\001_AI\LudotsClean\src\Core\Ludots.Core.csproj]
C:\001_AI\LudotsClean\src\Core\Engine\GameEngine.cs(4295,38): warning CS8625: 无法将 null 字面量转换为非 null 的引用类型。 [C:\001_AI\LudotsClean\src\Core\Ludots.Core.csproj]
C:\001_AI\LudotsClean\src\Core\Engine\GameEngine.cs(4296,36): warning CS8625: 无法将 null 字面量转换为非 null 的引用类型。 [C:\001_AI\LudotsClean\src\Core\Ludots.Core.csproj]
C:\001_AI\LudotsClean\src\Core\Engine\GameEngine.cs(4297,35): warning CS8625: 无法将 null 字面量转换为非 null 的引用类型。 [C:\001_AI\LudotsClean\src\Core\Ludots.Core.csproj]
C:\001_AI\LudotsClean\src\Core\Engine\GameEngine.cs(4298,31): warning CS8625: 无法将 null 字面量转换为非 null 的引用类型。 [C:\001_AI\LudotsClean\src\Core\Ludots.Core.csproj]
C:\001_AI\LudotsClean\src\Core\Engine\GameEngine.cs(4299,36): warning CS8625: 无法将 null 字面量转换为非 null 的引用类型。 [C:\001_AI\LudotsClean\src\Core\Ludots.Core.csproj]
C:\001_AI\LudotsClean\src\Core\Engine\GameEngine.cs(4300,30): warning CS8625: 无法将 null 字面量转换为非 null 的引用类型。 [C:\001_AI\LudotsClean\src\Core\Ludots.Core.csproj]
C:\001_AI\LudotsClean\src\Core\Engine\GameEngine.cs(4301,25): warning CS8625: 无法将 null 字面量转换为非 null 的引用类型。 [C:\001_AI\LudotsClean\src\Core\Ludots.Core.csproj]
C:\001_AI\LudotsClean\src\Core\Engine\GameEngine.cs(4302,38): warning CS8625: 无法将 null 字面量转换为非 null 的引用类型。 [C:\001_AI\LudotsClean\src\Core\Ludots.Core.csproj]
C:\001_AI\LudotsClean\src\Core\Engine\GameEngine.cs(4303,45): warning CS8625: 无法将 null 字面量转换为非 null 的引用类型。 [C:\001_AI\LudotsClean\src\Core\Ludots.Core.csproj]
C:\001_AI\LudotsClean\src\Core\Engine\GameEngine.cs(4304,28): warning CS8625: 无法将 null 字面量转换为非 null 的引用类型。 [C:\001_AI\LudotsClean\src\Core\Ludots.Core.csproj]
C:\001_AI\LudotsClean\src\Core\Engine\GameEngine.cs(4305,30): warning CS8625: 无法将 null 字面量转换为非 null 的引用类型。 [C:\001_AI\LudotsClean\src\Core\Ludots.Core.csproj]
C:\001_AI\LudotsClean\src\Core\Engine\GameEngine.cs(4306,29): warning CS8625: 无法将 null 字面量转换为非 null 的引用类型。 [C:\001_AI\LudotsClean\src\Core\Ludots.Core.csproj]
C:\001_AI\LudotsClean\src\Core\Presentation\Config\PresenterDefinitionConfigLoader.cs(2191,29): warning CS8600: 将 null 文本或可能的 null 值转换为不可为 null 类型。 [C:\001_AI\LudotsClean\src\Core\Ludots.Core.csproj]
C:\001_AI\LudotsClean\src\Core\Systems\CameraCullingSystem.cs(220,66): warning CS8625: 无法将 null 字面量转换为非 null 的引用类型。 [C:\001_AI\LudotsClean\src\Core\Ludots.Core.csproj]
C:\001_AI\LudotsClean\src\Core\Systems\MapLoader.cs(55,16): warning CS8618: 在退出构造函数时，不可为 null 的 字段 "_effectRequests" 必须包含非 null 值。请考虑添加 "required" 修饰符或将该 字段 声明为可为 null。 [C:\001_AI\LudotsClean\src\Core\Ludots.Core.csproj]
C:\001_AI\LudotsClean\src\Core\Systems\MapLoader.cs(55,16): warning CS8618: 在退出构造函数时，不可为 null 的 字段 "_stableIds" 必须包含非 null 值。请考虑添加 "required" 修饰符或将该 字段 声明为可为 null。 [C:\001_AI\LudotsClean\src\Core\Ludots.Core.csproj]
C:\001_AI\LudotsClean\src\Core\Systems\MapLoader.cs(55,16): warning CS8618: 在退出构造函数时，不可为 null 的 字段 "_presenterRuntime" 必须包含非 null 值。请考虑添加 "required" 修饰符或将该 字段 声明为可为 null。 [C:\001_AI\LudotsClean\src\Core\Ludots.Core.csproj]
C:\001_AI\LudotsClean\src\Core\Systems\MapLoader.cs(55,16): warning CS8618: 在退出构造函数时，不可为 null 的 字段 "_presenterDefinitions" 必须包含非 null 值。请考虑添加 "required" 修饰符或将该 字段 声明为可为 null。 [C:\001_AI\LudotsClean\src\Core\Ludots.Core.csproj]
C:\001_AI\LudotsClean\src\Core\Systems\MapLoader.cs(55,16): warning CS8618: 在退出构造函数时，不可为 null 的 字段 "_presenterBootstrap" 必须包含非 null 值。请考虑添加 "required" 修饰符或将该 字段 声明为可为 null。 [C:\001_AI\LudotsClean\src\Core\Ludots.Core.csproj]
C:\001_AI\LudotsClean\src\Core\Systems\CameraCullingSystem.cs(243,66): warning CS8625: 无法将 null 字面量转换为非 null 的引用类型。 [C:\001_AI\LudotsClean\src\Core\Ludots.Core.csproj]
C:\001_AI\LudotsClean\src\Core\Systems\MapLoader.cs(89,35): warning CS8601: 可能的 null 引用赋值。 [C:\001_AI\LudotsClean\src\Core\Ludots.Core.csproj]
C:\001_AI\LudotsClean\src\Core\Presentation\Config\PresenterDefinitionConfigLoader.cs(2284,51): warning CS8600: 将 null 文本或可能的 null 值转换为不可为 null 类型。 [C:\001_AI\LudotsClean\src\Core\Ludots.Core.csproj]
C:\001_AI\LudotsClean\src\Core\Presentation\Config\PresenterDefinitionConfigLoader.cs(2353,40): warning CS8601: 可能的 null 引用赋值。 [C:\001_AI\LudotsClean\src\Core\Ludots.Core.csproj]
C:\001_AI\LudotsClean\src\Core\NodeLibraries\GASGraph\GraphOpDescriptorTable.Data.cs(225,35): error CS0117: “GraphNodeOp”未包含“OfferActivity”的定义 [C:\001_AI\LudotsClean\src\Core\Ludots.Core.csproj]
C:\001_AI\LudotsClean\src\Core\Presentation\Config\PresenterDefinitionConfigLoader.cs(2544,51): warning CS8600: 将 null 文本或可能的 null 值转换为不可为 null 类型。 [C:\001_AI\LudotsClean\src\Core\Ludots.Core.csproj]
C:\001_AI\LudotsClean\src\Core\Presentation\Presenters\CompiledPresenterBootstrapRegistry.cs(216,69): warning CS8600: 将 null 文本或可能的 null 值转换为不可为 null 类型。 [C:\001_AI\LudotsClean\src\Core\Ludots.Core.csproj]
C:\001_AI\LudotsClean\src\Core\Presentation\Presenters\CompiledPresenterBootstrapRegistry.cs(230,74): warning CS8600: 将 null 文本或可能的 null 值转换为不可为 null 类型。 [C:\001_AI\LudotsClean\src\Core\Ludots.Core.csproj]
C:\001_AI\LudotsClean\src\Core\Presentation\Systems\PresenterRuleSystem.cs(66,16): warning CS8618: 在退出构造函数时，不可为 null 的 字段 "_exactIndex" 必须包含非 null 值。请考虑添加 "required" 修饰符或将该 字段 声明为可为 null。 [C:\001_AI\LudotsClean\src\Core\Ludots.Core.csproj]
C:\001_AI\LudotsClean\src\Core\Presentation\Systems\PresenterRuleSystem.cs(66,16): warning CS8618: 在退出构造函数时，不可为 null 的 字段 "_wildcardIndex" 必须包含非 null 值。请考虑添加 "required" 修饰符或将该 字段 声明为可为 null。 [C:\001_AI\LudotsClean\src\Core\Ludots.Core.csproj]
C:\001_AI\LudotsClean\src\Core\NodeLibraries\GASGraph\Host\GasGraphRuntimeApi.cs(566,25): warning CS0618: “ContextKeys”已过时:“Use CoreServiceKeys with ServiceKey<T> for type-safe access. This class will be removed in a future release.” [C:\001_AI\LudotsClean\src\Core\Ludots.Core.csproj]
C:\001_AI\LudotsClean\src\Core\Persistence\LudotsCorePersistenceFormatters.cs(251,66): warning CS8619: 类型“Type?[]”的值中引用类型的为 Null 性与目标类型“Type[]”不匹配。 [C:\001_AI\LudotsClean\src\Core\Ludots.Core.csproj]
C:\001_AI\LudotsClean\src\Core\Presentation\Systems\PresenterBehaviorSystem.cs(139,16): warning CS8618: 在退出构造函数时，不可为 null 的 字段 "_ownerAttributeWorkIndex" 必须包含非 null 值。请考虑添加 "required" 修饰符或将该 字段 声明为可为 null。 [C:\001_AI\LudotsClean\src\Core\Ludots.Core.csproj]
C:\001_AI\LudotsClean\src\Core\Presentation\Systems\PresenterBehaviorSystem.cs(139,16): warning CS8618: 在退出构造函数时，不可为 null 的 字段 "_ownerTagWorkIndex" 必须包含非 null 值。请考虑添加 "required" 修饰符或将该 字段 声明为可为 null。 [C:\001_AI\LudotsClean\src\Core\Ludots.Core.csproj]
C:\001_AI\LudotsClean\src\Core\Systems\MapLoader.cs(775,52): warning CS8600: 将 null 文本或可能的 null 值转换为不可为 null 类型。 [C:\001_AI\LudotsClean\src\Core\Ludots.Core.csproj]
C:\001_AI\LudotsClean\src\Core\Gameplay\GAS\Components\AbilityExecComponents.cs(176,36): warning CS9084: 结构成员按引用返回“此”或其他实例成员 [C:\001_AI\LudotsClean\src\Core\Ludots.Core.csproj]
C:\001_AI\LudotsClean\src\Core\Gameplay\GAS\Components\AbilityExecComponents.cs(177,36): warning CS9084: 结构成员按引用返回“此”或其他实例成员 [C:\001_AI\LudotsClean\src\Core\Ludots.Core.csproj]
C:\001_AI\LudotsClean\src\Core\Gameplay\GAS\Components\AbilityExecComponents.cs(178,36): warning CS9084: 结构成员按引用返回“此”或其他实例成员 [C:\001_AI\LudotsClean\src\Core\Ludots.Core.csproj]
C:\001_AI\LudotsClean\src\Core\Gameplay\GAS\Components\AbilityExecComponents.cs(179,37): warning CS9084: 结构成员按引用返回“此”或其他实例成员 [C:\001_AI\LudotsClean\src\Core\Ludots.Core.csproj]
C:\001_AI\LudotsClean\src\Core\Presentation\Systems\PresenterEmitSystem.cs(78,44): warning CS8604: “PresenterAssetEmitRuntime.PresenterAssetEmitRuntime(World world, PresenterEntityRuntime runtime, PresentationRequestBuffer requests, Dictionary<string, object> globals, PresenterAnimatorStateBuffer animatorStates, SoundRequestBuffer soundRequests, PresenterVisualStableIdTable? visualStableIds = null)”中的形参“globals”可能传入 null 引用实参。 [C:\001_AI\LudotsClean\src\Core\Ludots.Core.csproj]
C:\001_AI\LudotsClean\src\Core\Presentation\Systems\PresenterAssetEmitRuntime.cs(848,21): warning CS8625: 无法将 null 字面量转换为非 null 的引用类型。 [C:\001_AI\LudotsClean\src\Core\Ludots.Core.csproj]
C:\001_AI\LudotsClean\src\Core\Engine\GameEngine.cs(4416,21): warning CS8604: “void InstancedBatchCapabilityValidator.Validate(InstancedBatchRequestBuffer requests, InstancedBatchOperationBuffer operations, PresentationAdapterCapabilities? capabilities)”中的形参“requests”可能传入 null 引用实参。 [C:\001_AI\LudotsClean\src\Core\Ludots.Core.csproj]
C:\001_AI\LudotsClean\src\Core\Engine\GameEngine.cs(4417,21): warning CS8604: “void InstancedBatchCapabilityValidator.Validate(InstancedBatchRequestBuffer requests, InstancedBatchOperationBuffer operations, PresentationAdapterCapabilities? capabilities)”中的形参“operations”可能传入 null 引用实参。 [C:\001_AI\LudotsClean\src\Core\Ludots.Core.csproj]
C:\001_AI\LudotsClean\src\Core\NodeLibraries\GASGraph\Host\GasGraphRuntimeApi.cs(660,29): warning CS0618: “ContextKeys”已过时:“Use CoreServiceKeys with ServiceKey<T> for type-safe access. This class will be removed in a future release.” [C:\001_AI\LudotsClean\src\Core\Ludots.Core.csproj]
C:\001_AI\LudotsClean\src\Core\Gameplay\GAS\EffectTemplateRegistry.cs(420,64): warning CS8618: 在退出构造函数时，不可为 null 的 字段 "_conflictReport" 必须包含非 null 值。请考虑添加 "required" 修饰符或将该 字段 声明为可为 null。 [C:\001_AI\LudotsClean\src\Core\Ludots.Core.csproj]
C:\001_AI\LudotsClean\src\Core\Gameplay\GAS\ExtensionAttributeRegistry.cs(66,50): warning CS8601: 可能的 null 引用赋值。 [C:\001_AI\LudotsClean\src\Core\Ludots.Core.csproj]
C:\001_AI\LudotsClean\src\Core\Engine\GameEngine.MapLoadLifecycle.cs(122,82): warning CS8604: “MapFeatureFlags MapFeatureFlags.FromTags(IReadOnlyList<string> tags)”中的形参“tags”可能传入 null 引用实参。 [C:\001_AI\LudotsClean\src\Core\Ludots.Core.csproj]
C:\001_AI\LudotsClean\src\Core\Engine\GameEngine.MapLoadLifecycle.cs(237,79): warning CS8604: “MapFeatureFlags MapFeatureFlags.FromTags(IReadOnlyList<string> tags)”中的形参“tags”可能传入 null 引用实参。 [C:\001_AI\LudotsClean\src\Core\Ludots.Core.csproj]
C:\001_AI\LudotsClean\src\Core\Engine\GameEngine.MapLoadLifecycle.cs(382,69): warning CS8600: 将 null 文本或可能的 null 值转换为不可为 null 类型。 [C:\001_AI\LudotsClean\src\Core\Ludots.Core.csproj]
C:\001_AI\LudotsClean\src\Core\Engine\GameEngine.MapLoadLifecycle.cs(393,42): warning CS8600: 将 null 文本或可能的 null 值转换为不可为 null 类型。 [C:\001_AI\LudotsClean\src\Core\Ludots.Core.csproj]
C:\001_AI\LudotsClean\src\Core\Engine\GameEngine.MapLoadLifecycle.cs(429,67): warning CS8600: 将 null 文本或可能的 null 值转换为不可为 null 类型。 [C:\001_AI\LudotsClean\src\Core\Ludots.Core.csproj]
C:\001_AI\LudotsClean\src\Core\Engine\GameEngine.MapLoadLifecycle.cs(440,38): warning CS8600: 将 null 文本或可能的 null 值转换为不可为 null 类型。 [C:\001_AI\LudotsClean\src\Core\Ludots.Core.csproj]
C:\001_AI\LudotsClean\src\Core\Engine\GameEngine.MapLoadLifecycle.cs(606,58): warning CS8600: 将 null 文本或可能的 null 值转换为不可为 null 类型。 [C:\001_AI\LudotsClean\src\Core\Ludots.Core.csproj]
C:\001_AI\LudotsClean\src\Core\Engine\GameEngine.MapLoadLifecycle.cs(630,60): warning CS8600: 将 null 文本或可能的 null 值转换为不可为 null 类型。 [C:\001_AI\LudotsClean\src\Core\Ludots.Core.csproj]
C:\001_AI\LudotsClean\src\Core\Gameplay\GAS\Orders\OrderTypeConfigLoader.cs(77,46): warning CS8604: “void OrderTypeConfigLoader.RegisterConfiguredBlackboardKeys(IReadOnlyDictionary<string, JsonNode?> configuredKeys, string path)”中的形参“configuredKeys”可能传入 null 引用实参。 [C:\001_AI\LudotsClean\src\Core\Ludots.Core.csproj]
C:\001_AI\LudotsClean\src\Core\Gameplay\GAS\Orders\OrderTypeConfigLoader.cs(94,46): warning CS8604: “void OrderTypeConfigLoader.RegisterConfiguredBlackboardKeys(IReadOnlyDictionary<string, JsonNode?> configuredKeys, string path)”中的形参“configuredKeys”可能传入 null 引用实参。 [C:\001_AI\LudotsClean\src\Core\Ludots.Core.csproj]
C:\001_AI\LudotsClean\src\Core\Gameplay\GAS\Orders\OrderTypeConfigLoader.cs(97,88): warning CS8604: “List<KeyValuePair<string, OrderTypeConfigJson>>.List(IEnumerable<KeyValuePair<string, OrderTypeConfigJson>> collection)”中的形参“collection”可能传入 null 引用实参。 [C:\001_AI\LudotsClean\src\Core\Ludots.Core.csproj]
C:\001_AI\LudotsClean\src\Core\Presentation\Config\PresenterDefinitionConfigLoader.cs(4134,51): warning CS8600: 将 null 文本或可能的 null 值转换为不可为 null 类型。 [C:\001_AI\LudotsClean\src\Core\Ludots.Core.csproj]
C:\001_AI\LudotsClean\src\Core\Presentation\Config\PresenterDefinitionConfigLoader.cs(4167,51): warning CS8600: 将 null 文本或可能的 null 值转换为不可为 null 类型。 [C:\001_AI\LudotsClean\src\Core\Ludots.Core.csproj]
C:\001_AI\LudotsClean\src\Core\Presentation\Config\PresenterDefinitionConfigLoader.cs(4197,51): warning CS8600: 将 null 文本或可能的 null 值转换为不可为 null 类型。 [C:\001_AI\LudotsClean\src\Core\Ludots.Core.csproj]
C:\001_AI\LudotsClean\src\Core\Presentation\Config\PresenterDefinitionConfigLoader.cs(4228,51): warning CS8600: 将 null 文本或可能的 null 值转换为不可为 null 类型。 [C:\001_AI\LudotsClean\src\Core\Ludots.Core.csproj]
C:\001_AI\LudotsClean\src\Core\NodeLibraries\GASGraph\Host\GasGraphRuntimeApi.cs(1650,17): warning CS8604: “void TargetResolverFanOutHelper.PublishResolvedTargets(int rootId, Entity originalSource, Entity originalTarget, Entity originalTargetContext, ReadOnlySpan<Entity> resolvedTargets, int payloadEffectTemplateId, in TargetResolverContextMapping contextMapping, EffectRequestQueue queue)”中的形参“queue”可能传入 null 引用实参。 [C:\001_AI\LudotsClean\src\Core\Ludots.Core.csproj]

有可用的工作负载更新。有关详细信息，请运行 `dotnet workload list`。
