frame,frame_ms,simulation,presentation,behavior,transform_sync,emit,hud,animator,animator_updates,height_samples,terrain_rays,visible,hud_raw,hud_projected,behavior_ticks,minimap_collect,minimap_project,culling,gpu_instances,gpu_build,gpu_draw_cpu,poses,pose_build,upload_ms,upload_bytes,main_draws,shadow_draws,shadow_submit,alloc,gen0,gen1,tick,post,mode3d,overlay,overlay_build,end_draw,nav_target,nav_flow,nav_prep,nav_steering,nav_step,nav_hard,nav_sync,nav_steps,neighbor_candidates,hard_pairs,hard_candidates,hard_penetrating,moved_agents,gpu_main_ms,gpu_shadow_ms
1,1702.629150390625,0.836899995803833,254.02029418945312,21.00979995727539,3.793299913406372,6.693999767303467,1.9019999504089355,0.019200000911951065,0,5,0,0,0,0,0,17.037399291992188,1.1698999404907227,16.214000701904297,0,0,0,0,0,0,0,0,0,0,164400648,6,6,870.1727294921875,16.516399383544922,65.48989868164062,3.606800079345703,6.080699920654297,1.246899962425232,0,0,0,0,0,0,0,0,0,0,0,0,0,NaN,NaN
2,20.274999618530273,0.04919999837875366,10.613300323486328,0.04879999905824661,0.0722000002861023,0.023499999195337296,0.04899999871850014,0.002199999988079071,0,5,0,0,0,0,0,0.320499986410141,0.017799999564886093,8.300600051879883,0,0,0,0,0,0,0,0,0,0,12224,0,0,18.13010025024414,0.6625999808311462,0.1941000074148178,0.00860000029206276,0.4887000024318695,0.3034999966621399,0,0,0,0,0,0,0,0,0,0,0,0,0,NaN,NaN
3,325.0732116699219,266.401611328125,15.855799674987793,0.06689999997615814,0.0722000002861023,6.4390997886657715,0.050700001418590546,0.01119999960064888,0,5,0,5,0,0,0,0.3181999921798706,0.019700000062584877,7.235300064086914,0,0,0,0,0,0,0,0,0,0,3577160,0,0,282.62890625,0.18639999628067017,35.0791015625,0.010900000110268593,0.010599999688565731,0.225600004196167,0,0,0,0,0,0,0,0,0,0,0,0,0,NaN,NaN
4,10.051600456237793,6.216899871826172,1.9918999671936035,0.030899999663233757,0.0617000013589859,0.01850000023841858,0.035599999129772186,0.0026000000070780516,0,5,0,5,0,0,0,0.27889999747276306,0.017400000244379044,0.8101000189781189,0,0,0,0,0,0,0,0,0,0,8480,0,0,8.763400077819824,0.13189999759197235,0.4334000051021576,0.007600000128149986,0.010700000450015068,0.1573999971151352,0,0,0,0,0,0,0,0,0,0,0,0,0,NaN,NaN
5,58.79779815673828,12.70110034942627,0.8026000261306763,0.01679999940097332,0.028300000354647636,0.012299999594688416,0.02370000071823597,0.0012000000569969416,0,5,0,5,0,0,0,0.2273000031709671,0.00839999970048666,0.19110000133514404,0,0,0,0,0,0,0,0,0,0,8280,0,0,13.83489990234375,0.0851999968290329,0.23260000348091125,0.006599999964237213,0.004600000102072954,44.32080078125,0,0,0,0,0,0,0,0,0,0,0,0,0,NaN,NaN
6,6813.46630859375,4963.32470703125,1848.671630859375,1321.033447265625,38.18330001831055,71.12129974365234,0.029899999499320984,20.162500381469727,10000,10009,0,5,0,0,0,4.408299922943115,0.014600000344216824,33.36859893798828,0,0,0,0,0,0,0,0,0,0,2545180144,87,20,6812.33447265625,0.14820000529289246,0.2459000051021576,0.006500000134110451,0.02250000089406967,0.24699999392032623,0,0,0,0,0,0,0,0,0,0,0,0,0,NaN,NaN
7,439.81658935546875,231.14109802246094,113.56710052490234,22.850799560546875,1.5908000469207764,34.10260009765625,0.04639999940991402,3.5590999126434326,10000,10009,0,10006,0,0,10000,3.1981000900268555,0.03020000085234642,35.028900146484375,0,0,0,0,0,0,0,0,0,0,280415344,14,2,345.16729736328125,0.20520000159740448,68.58769989013672,0.018799999728798866,0.013299999758601189,0.32659998536109924,0,0,0,0,0,0,0,0,0,0,0,0,0,NaN,NaN
8,69.12100219726562,6.611499786376953,57.16360092163086,17.531299591064453,1.9320000410079956,8.661199569702148,0.05400000140070915,3.21589994430542,10000,10009,0,10006,0,0,10000,2.844099998474121,0.019700000062584877,11.147100448608398,0,0,0,0,0,0,0,0,0,0,348544,0,0,64.35089874267578,0.20569999516010284,1.8792999982833862,0.00989999994635582,0.01549999974668026,0.19979999959468842,0,0,0,0,0,0,0,0,0,0,0,0,0,NaN,NaN
9,94.46150207519531,33.11940002441406,56.00809860229492,17.017099380493164,1.5571999549865723,10.787500381469727,0.04580000042915344,2.926100015640259,10000,10009,0,10006,0,0,10000,2.81850004196167,0.021800000220537186,9.92590045928955,0,0,0,0,0,0,0,0,0,0,276984,0,0,89.51339721679688,0.21330000460147858,2.0190999507904053,0.017899999395012856,0.017000000923871994,0.3398999869823456,0,0,0,0,0,0,0,0,0,0,0,0,0,NaN,NaN
10,152.22889709472656,32.97760009765625,57.95930099487305,17.78730010986328,1.7467999458312988,10.736700057983398,0.053700000047683716,4.150899887084961,10000,10009,0,10006,0,0,10000,1.6957999467849731,0.023099999874830246,10.684700012207031,10000,12.717699999997784,3.1205,1,7.3842,0.6234999999999999,376832,15,15,4.6249,8001272,0,0,91.28839874267578,0.21310000121593475,23.8125,0.009499999694526196,0.013000000268220901,0.19470000267028809,0,0,0,0,0,0,0,0,0,0,0,0,0,59.04244,44.75156
11,87.95189666748047,16.033000946044922,54.128501892089844,17.12220001220703,1.9299999475479126,7.186800003051758,0.02850000001490116,5.471099853515625,10000,10009,0,10006,0,0,10000,1.4630999565124512,0.01730000041425228,10.058300018310547,10000,5.712400000000288,1.4699,1,0.18380000000000002,0.05159999999999999,376832,15,15,1.4052,8128,0,0,70.50800323486328,0.15530000627040863,5.560699939727783,0.00860000029206276,0.00800000037997961,0.2037000060081482,0,0,0,0,0,0,0,0,0,0,0,0,0,58.6268,44.70788
12,235.23980712890625,26.677200317382812,56.442298889160156,17.902599334716797,2.0615999698638916,9.581000328063965,0.04230000078678131,3.299999952316284,10000,10009,0,10006,0,0,10000,1.659600019454956,0.020500000566244125,9.904000282287598,10000,5.3836000000006665,2.7142,1,0.22469999999999998,0.099,376832,15,15,3.0021,25552968,0,0,83.40699768066406,0.19480000436306,9.29580020904541,0.014299999922513962,0.014800000004470348,127.70850372314453,0,0,0,0,0,0,0,0,0,0,0,0,0,58.77356,44.98076
13,214.02369689941406,16.5314998626709,46.5806999206543,16.209199905395508,1.257699966430664,6.773600101470947,0.025100000202655792,2.5418999195098877,10000,10009,0,10006,0,0,10000,1.190600037574768,0.010499999858438969,9.290599822998047,10000,5.235400000000844,1.4152,1,0.1933,0.0401,376832,15,15,1.5826,14269824,1,1,63.37820053100586,0.11320000141859055,5.1331000328063965,0.007300000172108412,0.007600000128149986,134.55270385742188,0,0,0,0,0,0,0,0,0,0,0,0,0,58.74948,44.69128
14,276.2511901855469,57.40829849243164,62.86009979248047,16.78890037536621,1.5952999591827393,6.936100006103516,0.03920000046491623,2.5964999198913574,10000,10009,0,10006,0,0,10000,1.3467999696731567,0.015599999576807022,9.83329963684082,10000,5.257100000000937,1.5961,1,0.1907,0.050199999999999995,376832,15,15,1.4907,12114352,0,0,120.89420318603516,0.1777999997138977,5.355400085449219,0.008299999870359898,0.013199999928474426,138.84249877929688,0,0,0,0,0,0,0,0,0,0,0,0,0,58.74624,44.70992
15,247.4134979248047,128.12510681152344,59.8931999206543,22.375099182128906,1.7655999660491943,7.9608001708984375,0.032499998807907104,3.614300012588501,10000,10009,0,10006,0,0,10000,3.2537999153137207,0.04650000110268593,10.330300331115723,10000,3.6363000000002885,2.3299,1,0.21729999999999997,0.10550000000000001,376832,15,15,2.4727,31067064,1,1,188.31820678710938,0.125900000333786,6.42110013961792,0.014299999922513962,0.010200000368058681,41.65449905395508,0,0,0,0,0,0,0,0,0,0,0,0,0,58.50344,44.83412
16,214.76150512695312,6.997700214385986,67.63839721679688,23.05929946899414,1.4341000318527222,9.189000129699707,0.04699999839067459,5.351799964904785,10000,10009,0,10006,0,0,10000,2.372499942779541,0.017799999564886093,15.171199798583984,10000,5.153200000000083,2.5529,1,0.1876,0.049600000000000005,376832,15,15,2.2666,299400,0,0,75.10590362548828,0.21119999885559082,7.803299903869629,0.013899999670684338,0.011900000274181366,119.19920349121094,0,0,0,0,0,0,0,0,0,0,0,0,0,58.52696,45.2038
17,275.7900085449219,6.781199932098389,40.09830093383789,5.141499996185303,1.3588999509811401,9.167699813842773,0.021700000390410423,5.8968000411987305,10000,10009,0,10006,0,0,10000,1.7258000373840332,0.010200000368058681,10.004300117492676,10000,5.264599999999989,2.6266,1,0.2091,0.0911,376832,15,15,2.2244,294784,0,0,47.175498962402344,0.0949999988079071,7.485799789428711,0.014499999582767487,0.007300000172108412,208.88059997558594,0,0,0,0,0,0,0,0,0,0,0,0,0,58.44756,44.92128
18,247.3426055908203,4.62939977645874,23.422399520874023,5.199999809265137,1.4781999588012695,3.6568000316619873,0.031700000166893005,1.1292999982833862,10000,10009,0,10006,0,0,10000,0.5325000286102295,0.017100000753998756,6.320000171661377,10000,5.029499999999956,4.1789,1,0.2836,0.1427,376832,15,15,4.7735,277760,0,0,28.26889991760254,0.16580000519752502,9.85830020904541,0.01489999983459711,0.012500000186264515,193.05299377441406,0,0,0,0,0,0,0,0,0,0,0,0,0,58.55548,45.364
19,214.8029022216797,2.418100118637085,17.96419906616211,5.082300186157227,1.2831000089645386,2.352400064468384,0.020899999886751175,1.0993000268936157,10000,10009,0,10006,0,0,10000,0.37599998712539673,0.011099999770522118,3.7955000400543213,10000,1.43249999999987,2.0647,1,0.16560000000000002,0.05,376832,15,15,1.5581,210464,0,0,20.74679946899414,0.10040000081062317,4.30079984664917,0.014499999582767487,0.007499999832361937,183.51150512695312,0,0,0,0,0,0,0,0,0,0,0,0,0,58.40412,45.38148
20,278.6206970214844,11.593000411987305,22.701499938964844,5.6596999168396,1.8753000497817993,3.2806999683380127,0.032999999821186066,1.2187999486923218,10000,10009,0,10006,0,0,10000,0.48910000920295715,0.01590000092983246,4.3028998374938965,10000,1.4520999999998667,4.1983,1,0.2622,0.14579999999999999,376832,15,15,4.2995,7776,0,0,34.64310073852539,0.22040000557899475,9.338399887084961,0.1550000011920929,0.012400000356137753,223.04409790039062,0,0,0,0,0,0,0,0,0,0,0,0,0,58.63728,44.8938
21,106.55940246582031,19.159799575805664,39.12649917602539,5.249199867248535,2.152600049972534,3.2716000080108643,0.032600000500679016,1.273800015449524,10000,10009,0,10006,0,0,10000,0.4675000011920929,0.026399999856948853,21.471200942993164,10000,1.4929999999998689,3.4991,1,0.27470000000000006,0.1697,376832,15,15,4.7449,5558016,0,0,58.59260177612305,0.21719999611377716,7.910099983215332,0.014399999752640724,0.013199999928474426,27.103200912475586,0,0,0,0,0,0,0,0,0,0,0,0,0,58.5586,44.69712
22,314.3446044921875,30.916900634765625,21.496299743652344,5.148200035095215,1.3481999635696411,3.1847000122070312,0.028599999845027924,1.2160999774932861,10000,10009,0,10006,0,0,10000,0.4771000146865845,0.028599999845027924,4.809599876403809,10000,1.4544999999998682,2.5781,1,0.2084,0.09659999999999999,376832,15,15,2.2937,14243168,0,0,52.81129837036133,0.11599999666213989,4.753799915313721,0.01360000018030405,0.007699999958276749,246.74740600585938,0,0,0,0,0,0,0,0,0,0,0,0,0,58.64212,44.89456
23,185.4770050048828,32.1172981262207,17.59749984741211,4.9878997802734375,1.2400000095367432,2.2588000297546387,0.016200000420212746,1.131600022315979,10000,10009,0,10006,0,0,10000,0.44589999318122864,0.010499999858438969,3.5164999961853027,10000,1.457199999999867,2.8409,1,0.1965,0.1028,376832,15,15,2.9052,12070256,0,0,49.940101623535156,0.09780000150203705,5.838200092315674,0.015599999576807022,0.008200000040233135,120.9207992553711,0,0,0,0,0,0,0,0,0,0,0,0,0,58.49592,45.03436
24,278.0881042480469,55.10240173339844,18.45170021057129,4.991399765014648,1.3295999765396118,2.4126999378204346,0.025800000876188278,1.0254000425338745,10000,10009,0,10006,0,0,10000,0.40860000252723694,0.014800000004470348,4.0472002029418945,10000,1.4361999999998671,1.6661,1,0.172,0.0508,376832,15,15,1.5426,31059696,1,1,73.8855972290039,0.16169999539852142,3.8310000896453857,0.012000000104308128,0.012000000104308128,194.0677032470703,0,0,0,0,0,0,0,0,0,0,0,0,0,58.63048,45.054
25,276.80340576171875,9.478099822998047,21.08289909362793,5.030300140380859,1.2627999782562256,3.1438000202178955,0.025599999353289604,1.114300012588501,10000,10009,0,10006,0,0,10000,0.48660001158714294,0.021199999377131462,5.178599834442139,10000,1.4380999999998696,1.3958,1,0.1881,0.074,376832,15,15,1.6604,12424,0,0,31.031200408935547,0.1624000072479248,3.420599937438965,0.008299999870359898,0.01360000018030405,235.54490661621094,0,0,0,0,0,0,0,0,0,0,0,0,0,58.6098,44.7368
26,252.9781036376953,2.6949000358581543,17.798500061035156,4.913300037384033,1.319200038909912,2.1861000061035156,0.01759999990463257,1.0470999479293823,10000,10009,0,10006,0,0,10000,0.46720001101493835,0.009800000116229057,3.968600034713745,10000,1.4271999999998688,2.5707,1,0.187,0.0666,376832,15,15,2.5897,7712,0,0,20.754600524902344,0.0843999981880188,4.716700077056885,0.014800000004470348,0.008500000461935997,220.2241973876953,0,0,0,0,0,0,0,0,0,0,0,0,0,58.52628,44.72116
27,1035.7059326171875,646.7224731445312,123.07830047607422,41.880001068115234,1.3995000123977661,55.247398376464844,74.94249725341797,1.1114000082015991,10000,10009,20000,10006,20000,20000,10000,0.5016000270843506,0.01860000006854534,3.865600109100342,10000,1.4376999999998685,1.431,1,0.1838,0.054400000000000004,376832,15,15,1.4492,817190504,42,4,770.0637817382812,120.06600189208984,3.7374000549316406,135.62379455566406,39.61040115356445,0.2973000109195709,0,0,0,0,0,0,0,0,0,0,0,0,0,58.71068,44.86644
28,238.0352020263672,125.16600036621094,50.20500183105469,5.242499828338623,24.010499954223633,11.521300315856934,30.6112003326416,1.0458999872207642,10000,10009,20000,10006,20000,20000,10000,0.44620001316070557,0.009800000116229057,3.930999994277954,10000,1.4522999999998676,2.5302,1,0.182,0.0592,376832,15,15,1.9907,26584,0,0,175.8083953857422,33.15290069580078,4.697999954223633,16.673500061035156,2.479099988937378,0.3619999885559082,1.6073,0,14.322,60.4458,84.8361,0.0019,7.9472,1,1065516,0,0,0,9994,58.32872,44.60564
29,67.13590240478516,0.6123999953269958,23.796300888061523,5.4770002365112305,1.662600040435791,4.48829984664917,28.473899841308594,1.0812000036239624,10000,10009,20000,10006,20000,20000,10000,0.4169999957084656,0.010099999606609344,5.021399974822998,10000,1.470599999999866,2.0531,1,0.1732,0.0476,376832,15,15,2.2178,7712,0,0,24.76930046081543,28.605100631713867,4.18120002746582,2.1730000972747803,0.031099999323487282,0.15790000557899475,0,0,0,0,0,0,0,0,0,0,0,0,0,58.30448,44.57092
30,252.34030151367188,5.803899765014648,17.489700317382812,4.950200080871582,1.347000002861023,2.460599899291992,27.450199127197266,1.0384000539779663,10000,10009,20000,10006,20000,20000,10000,0.3767000138759613,0.00860000029206276,3.5803000926971436,10000,1.4668999999998675,1.407,1,0.1693,0.048100000000000004,376832,15,15,1.5002,1100776,0,0,23.624399185180664,27.51919937133789,3.4948999881744385,1.5289000272750854,0.007400000002235174,190.2198028564453,0,0,0,0,0,0,0,0,0,0,0,0,0,58.42404,44.93928
31,213.89100646972656,7.856800079345703,20.018199920654297,5.343400001525879,1.2416000366210938,4.67710018157959,23.135000228881836,1.0223000049591064,10000,10009,20000,10006,20000,20000,10000,0.4106999933719635,0.017400000244379044,3.566999912261963,10000,1.4447999999998693,1.4903,1,4.0633,0.11529999999999999,376832,15,15,1.8861,669976,0,0,28.14699935913086,25.164400100708008,6.954100131988525,10.631699562072754,1.9210000038146973,132.4777069091797,0,0,0,0,0,0,0,0,0,0,0,0,0,58.44124,44.58544
32,278.3316955566406,38.418800354003906,28.73740005493164,5.03849983215332,7.390399932861328,6.657599925994873,22.988399505615234,1.1233999729156494,10000,10009,20000,10006,20000,20000,10000,0.4474000036716461,0.012900000438094139,4.035999774932861,10000,1.4310999999998686,1.9806,1,0.17250000000000001,0.0512,376832,15,15,1.6737,103904,0,0,67.4219970703125,29.932100296020508,5.809299945831299,2.5773000717163086,6.857900142669678,166.33279418945312,0.0137,0,0.2423,16.6915,30.2867,12.8152,0.8051,1,1063518,61921,10000,6276,9999,58.56324,44.7
33,254.3428955078125,0.5228999853134155,17.23889923095703,4.96619987487793,1.363700032234192,2.5139000415802,22.193599700927734,1.0898000001907349,10000,10009,20000,10006,20000,20000,10000,0.4180999994277954,0.007199999876320362,3.59660005569458,10000,1.5136999999998688,2.1254,1,0.21,0.07680000000000001,376832,15,15,2.6475,7712,0,0,17.949199676513672,22.25040054321289,4.327400207519531,2.0613999366760254,0.00800000037997961,200.59060668945312,0,0,0,0,0,0,0,0,0,0,0,0,0,58.59892,44.72416
34,211.65370178222656,2.8856000900268555,79.57689666748047,10.168800354003906,17.530799865722656,15.799400329589844,52.71739959716797,6.455900192260742,10000,10009,20000,10006,20000,20000,10000,0.5382000207901001,0.012299999594688416,3.5513999462127686,10000,1.6194999999998583,2.9588,1,0.2954,0.15839999999999999,376832,15,15,4.3756,16120,0,0,82.66490173339844,52.90599822998047,10.742500305175781,2.564500093460083,0.032099999487400055,34.375999450683594,0,0,0,0,0,0,0,0,0,0,0,0,0,58.56016,44.79752
35,277.8926086425781,4.495100021362305,18.347299575805664,5.357399940490723,1.2920000553131104,3.1521999835968018,14.7677001953125,1.0190999507904053,10000,10009,20000,10006,20000,20000,10000,0.36149999499320984,0.007699999958276749,3.574399948120117,10000,1.5134999999998613,1.4514,1,0.21000000000000002,0.0826,376832,15,15,2.7033,554240,0,0,23.025100708007812,15.730799674987793,3.798799991607666,9.392900466918945,0.7843999862670898,219.14840698242188,0,0,0,0,0,0,0,0,0,0,0,0,0,58.61376,44.79524
36,253.9329071044922,45.34109878540039,42.484901428222656,5.889200210571289,7.741499900817871,8.838500022888184,15.421799659729004,1.0978000164031982,10000,10009,20000,10006,20000,20000,10000,0.47620001435279846,0.01590000092983246,13.325400352478027,10000,1.5431999999998582,4.3178,1,0.3223,0.1991,376832,15,15,6.2766,148296,0,0,88.01180267333984,16.912500381469727,30.07469940185547,3.2664999961853027,1.3876999616622925,102.5873031616211,0.014,9.719099998474121,0.2166,23.222,28.3506,4.156,1.6418,1,1056326,63806,10000,6862,9997,58.36232,44.60276
37,212.2299041748047,0.4823000133037567,16.858299255371094,4.95550012588501,1.2955000400543213,2.3545000553131104,14.751099586486816,0.9990000128746033,10000,10009,20000,10006,20000,20000,10000,0.34940001368522644,0.008299999870359898,3.557800054550171,10000,1.5639999999998573,2.4416,1,0.1902,0.1046,376832,15,15,1.9647,7712,0,0,17.539499282836914,14.838700294494629,4.501500129699707,2.1278998851776123,0.015799999237060547,166.7635955810547,0,0,0,0,0,0,0,0,0,0,0,0,0,58.54596,44.52684
38,277.43609619140625,2.8873000144958496,18.46269989013672,5.258200168609619,1.5051000118255615,2.4976000785827637,14.683099746704102,1.1478999853134155,10000,10009,20000,10006,20000,20000,10000,0.32339999079704285,0.010200000368058681,3.580199956893921,10000,1.5291999999998598,2.4302,1,0.1652,0.047799999999999995,376832,15,15,2.0699,16072,0,0,21.615100860595703,14.766599655151367,4.542600154876709,1.9322999715805054,0.008999999612569809,228.41949462890625,0,0,0,0,0,0,0,0,0,0,0,0,0,58.34248,44.377
39,253.49659729003906,4.561399936676025,19.634700775146484,5.451399803161621,1.4747999906539917,3.5650999546051025,14.935099601745605,1.027999997138977,10000,10009,20000,10006,20000,20000,10000,0.40869998931884766,0.009700000286102295,4.1280999183654785,10000,1.5451999999998596,2.7764,1,0.18899999999999997,0.0728,376832,15,15,3.0272,603328,0,0,24.49650001525879,15.57960033416748,6.267000198364258,11.056099891662598,0.5709999799728394,188.79319763183594,0,0,0,0,0,0,0,0,0,0,0,0,0,58.40304,44.43576
40,210.59710693359375,4.566500186920166,16.349300384521484,4.901100158691406,1.2761000394821167,2.346299886703491,14.413200378417969,1.002500057220459,10000,10009,20000,10006,20000,20000,10000,0.39750000834465027,0.009200000204145908,3.322200059890747,10000,1.515199999999861,1.4285,1,0.1622,0.047,376832,15,15,1.6289,162528,0,0,21.253799438476562,14.476900100708008,3.3533999919891357,1.969499945640564,0.009100000374019146,163.90379333496094,0,0,0,0,0,0,0,0,0,0,0,0,0,58.41572,44.38432
41,276.67620849609375,0.9063000082969666,16.882699966430664,4.975399971008301,1.305799961090088,2.326900005340576,14.893400192260742,1.0022000074386597,10000,10009,20000,10006,20000,20000,10000,0.3490000069141388,0.00800000037997961,3.6224000453948975,10000,1.5245999999998603,1.4024,1,0.1618,0.054099999999999995,376832,15,15,1.5171,7712,0,0,18.257400512695312,14.954899787902832,3.3705999851226807,1.5787999629974365,0.009600000455975533,232.95530700683594,0,0,0,0,0,0,0,0,0,0,0,0,0,58.16436,44.43512
42,252.06300354003906,2.766200065612793,29.07539939880371,4.90339994430542,1.423699975013733,2.3427000045776367,14.521300315856934,0.998199999332428,10000,10009,20000,10006,20000,20000,10000,0.38449999690055847,0.009200000204145908,3.5517001152038574,10000,1.5502999999998577,1.467,1,0.18510000000000001,0.0464,376832,15,15,1.8623,15952,0,0,32.03049850463867,14.600600242614746,3.4558000564575195,1.5478999614715576,0.026499999687075615,194.48789978027344,0,0,0,0,0,0,0,0,0,0,0,0,0,58.6084,44.56188
43,171.5666046142578,14.519599914550781,26.418399810791016,5.412499904632568,5.25,6.30109977722168,14.449700355529785,1.0765999555587769,10000,10009,20000,10006,20000,20000,10000,0.412200003862381,0.009399999864399433,3.5562000274658203,10000,1.5345999999998605,2.1072,1,0.1592,0.0494,376832,15,15,1.7753,524080,0,0,41.120399475097656,15.339500427246094,4.1493000984191895,5.308199882507324,0.8317999839782715,99.8656005859375,0.0142,0,0.2016,7.0203,7.5499,0.0007,0.4007,1,1080980,0,0,0,9997,58.3818,44.3148
44,208.68589782714844,0.4964999854564667,17.580799102783203,5.049499988555908,1.3794000148773193,2.5703001022338867,14.67240047454834,0.9995999932289124,10000,10009,20000,10006,20000,20000,10000,0.40059998631477356,0.010400000028312206,3.6552999019622803,10000,1.5318999999998597,2.556,1,0.19540000000000002,0.0707,376832,15,15,1.7827,7712,0,0,18.284299850463867,14.762200355529785,4.593500137329102,2.2249999046325684,0.014100000262260437,161.82400512695312,0,0,0,0,0,0,0,0,0,0,0,0,0,58.33848,44.54828
45,209.8542022705078,2.677999973297119,16.752099990844727,4.903299808502197,1.3675999641418457,2.297800064086914,14.447099685668945,0.9991000294685364,10000,10009,20000,10006,20000,20000,10000,0.4049000144004822,0.008700000122189522,3.515000104904175,10000,1.5157999999998615,2.2651,1,0.19419999999999998,0.0548,376832,15,15,1.7727,15952,0,0,19.632099151611328,14.509300231933594,4.305799961090088,2.202899932861328,0.008700000122189522,163.46499633789062,0,0,0,0,0,0,0,0,0,0,0,0,0,58.46048,44.39564
46,209.4311065673828,21.490699768066406,27.720600128173828,5.511300086975098,6.9028000831604,7.049200057983398,14.812100410461426,0.9933000206947327,10000,10009,20000,10006,20000,20000,10000,0.39160001277923584,0.008299999870359898,3.4289000034332275,10000,1.5367999999998598,2.2942,1,0.15289999999999998,0.0816,376832,15,15,2.9857,631192,0,0,49.396400451660156,15.910699844360352,4.360000133514404,6.045199871063232,1.0181000232696533,125.24720001220703,0.0137,0,0.1999,7.0164,11.9638,4.3478,0.4207,1,1092652,67356,10000,8634,9999,58.4452,44.30332
47,249.7050018310547,0.4973999857902527,16.861900329589844,4.9653000831604,1.354200005531311,2.251199960708618,14.637700080871582,0.9976999759674072,10000,10009,20000,10006,20000,20000,10000,0.3871000111103058,0.007699999958276749,3.637500047683716,10000,1.6406999999998608,1.5835,1,0.1401,0.05,376832,15,15,1.6652,7712,0,0,17.643299102783203,14.699199676513672,3.541800022125244,1.5615999698638916,0.008999999612569809,206.48939514160156,0,0,0,0,0,0,0,0,0,0,0,0,0,58.42572,44.28724
48,214.59939575195312,3.5290000438690186,17.337799072265625,5.132199764251709,1.5501999855041504,2.4022998809814453,15.435099601745605,1.0204999446868896,10000,10009,20000,10006,20000,20000,10000,0.40119999647140503,0.01489999983459711,3.601300001144409,10000,1.565999999999859,1.5449,1,0.16479999999999997,0.1046,376832,15,15,2.6888,15952,0,0,21.06290054321289,15.534700393676758,6.4095001220703125,1.8870999813079834,0.015399999916553497,162.1605987548828,0,0,0,0,0,0,0,0,0,0,0,0,0,58.37504,44.446
49,279.5588073730469,4.290800094604492,18.675500869750977,5.495200157165527,1.3461999893188477,3.321000099182129,15.037199974060059,1.0959999561309814,10000,10009,20000,10006,20000,20000,10000,0.4153999984264374,0.009100000374019146,3.581399917602539,10000,1.5461999999998588,2.3794,1,0.18009999999999998,0.0611,376832,15,15,3.2439,539144,0,0,23.158000946044922,15.655099868774414,5.3892998695373535,6.800600051879883,0.5485000014305115,221.20860290527344,0,0,0,0,0,0,0,0,0,0,0,0,0,58.42184,44.09856
50,249.75579833984375,51.58000183105469,29.914400100708008,5.098100185394287,6.918900012969971,7.774499893188477,15.148699760437012,1.0678999423980713,10000,10009,20000,10006,20000,20000,10000,0.4433000087738037,0.014600000344216824,4.2230000495910645,10000,1.5392999999998596,2.8078,1,0.1698,0.05,376832,15,15,2.4352,128168,0,0,81.80770111083984,15.741900444030762,5.817599773406982,3.5044000148773193,0.49880000948905945,136.23880004882812,0.0144,9.535400390625,0.187,31.5612,36.0341,3.8753,1.1246,1,1125332,69449,10000,9753,9999,58.34684,44.11516
51,213.62950134277344,0.5414999723434448,16.882400512695312,4.9257001876831055,1.3420000076293945,2.4019999504089355,14.326800346374512,1.006500005722046,10000,10009,20000,10006,20000,20000,10000,0.3700999915599823,0.009200000204145908,3.624000072479248,10000,1.5192999999998602,1.4812,1,0.1369,0.0529,376832,15,15,1.4965,7712,0,0,17.81439971923828,14.388500213623047,3.3877999782562256,1.7072999477386475,0.007899999618530273,170.88780212402344,0,0,0,0,0,0,0,0,0,0,0,0,0,58.3034,43.96592
52,278.5306091308594,3.034600019454956,18.140899658203125,5.080100059509277,1.4818999767303467,2.450700044631958,14.932600021362305,1.3666000366210938,10000,10009,20000,10006,20000,20000,10000,0.4016000032424927,0.00989999994635582,3.7474000453948975,10000,1.5333999999998604,1.6187,1,0.2732,0.0653,376832,15,15,2.8395,15952,0,0,21.37310028076172,15.053600311279297,3.6789000034332275,2.1335999965667725,0.017500000074505806,229.03610229492188,0,0,0,0,0,0,0,0,0,0,0,0,0,58.1682,44.03404
53,248.26980590820312,4.279799938201904,17.8262996673584,5.283699989318848,1.3417999744415283,3.153599977493286,14.791000366210938,1.0063999891281128,10000,10009,20000,10006,20000,20000,10000,0.362199991941452,0.007400000002235174,3.4077999591827393,10000,1.5189999999998614,1.3858,1,0.1323,0.0451,376832,15,15,1.6416,570248,0,0,22.291200637817383,15.40530014038086,3.346100091934204,4.5756001472473145,0.5626000165939331,197.12489318847656,0,0,0,0,0,0,0,0,0,0,0,0,0,58.20828,43.9788
54,213.0258026123047,4.650100231170654,16.60700035095215,4.93179988861084,1.3457000255584717,2.464900016784668,14.294400215148926,1.0049999952316284,10000,10009,20000,10006,20000,20000,10000,0.35740000009536743,0.007600000128149986,3.367000102996826,10000,1.5303999999998603,1.3849,1,0.13290000000000002,0.0377,376832,15,15,1.627,114368,0,0,21.438199996948242,14.376899719238281,3.3299999237060547,1.5751999616622925,0.025100000202655792,166.75379943847656,0,0,0,0,0,0,0,0,0,0,0,0,0,58.30228,44.0332
55,278.29510498046875,0.4772999882698059,17.41309928894043,5.042600154876709,1.4005000591278076,2.2623000144958496,14.808199882507324,1.031999945640564,10000,10009,20000,10006,20000,20000,10000,0.4074000120162964,0.009399999864399433,3.931299924850464,10000,1.5639999999998562,3.5774,1,0.13290000000000002,0.047299999999999995,376832,15,15,1.9841,7712,0,0,18.071699142456055,14.899299621582031,5.760799884796143,2.203700065612793,0.02710000053048134,231.34010314941406,0,0,0,0,0,0,0,0,0,0,0,0,0,58.44224,43.947
56,248.4990997314453,2.903700113296509,16.942899703979492,5.056600093841553,1.3840999603271484,2.2207999229431152,14.488200187683105,1.0082999467849731,10000,10009,20000,10006,20000,20000,10000,0.37130001187324524,0.008200000040233135,3.712100028991699,10000,1.537599999999859,1.4188,1,0.1332,0.0525,376832,15,15,1.4569,15952,0,0,20.064699172973633,14.548399925231934,3.3768999576568604,1.4864000082015991,0.008899999782443047,203.6363067626953,0,0,0,0,0,0,0,0,0,0,0,0,0,58.19496,44.33356
57,213.33230590820312,4.328999996185303,17.850000381469727,5.200799942016602,1.3573999404907227,3.132200002670288,14.333800315856934,0.9872000217437744,10000,10009,20000,10006,20000,20000,10000,0.364300012588501,0.006599999964237213,3.5220999717712402,10000,1.5233999999998602,1.5342,1,0.1318,0.0534,376832,15,15,1.7674,574008,0,0,22.349199295043945,14.919500350952148,3.4375998973846436,4.2144999504089355,0.5353000164031982,162.73179626464844,0,0,0,0,0,0,0,0,0,0,0,0,0,58.31428,44.00488
58,279.0624084472656,12.297100067138672,30.438899993896484,5.358799934387207,6.452099800109863,9.166199684143066,15.023099899291992,1.0794999599456787,10000,10009,20000,10006,20000,20000,10000,0.4693000018596649,0.013799999840557575,3.747299909591675,10000,1.6870999999998595,1.5969,1,0.1316,0.047799999999999995,376832,15,15,1.6213,8048,0,0,42.93299865722656,15.618900299072266,3.552299976348877,2.049299955368042,0.5030999779701233,209.076904296875,0.0141,0,0.1927,7.7876,8.3063,0.0007,0.7546,1,1150076,0,0,0,9995,58.19228,43.79728
59,248.40370178222656,0.4903999865055084,17.187000274658203,5.1350998878479,1.4039000272750854,2.3180999755859375,14.266900062561035,1.002500057220459,10000,10009,20000,10006,20000,20000,10000,0.40779998898506165,0.008100000210106373,3.7190001010894775,10000,1.5194999999998606,1.6698,1,0.1335,0.0454,376832,15,15,1.6409,7712,0,0,17.87220001220703,14.328700065612793,3.621500015258789,1.5392999649047852,0.008999999612569809,205.4967041015625,0,0,0,0,0,0,0,0,0,0,0,0,0,58.22668,43.94316
60,213.1746063232422,2.845599889755249,16.963300704956055,4.958899974822998,1.4385000467300415,2.29229998588562,14.364700317382812,0.9908000230789185,10000,10009,20000,10006,20000,20000,10000,0.3749000132083893,0.007400000002235174,3.6791000366210938,10000,1.5148999999998614,1.5456,1,0.13240000000000002,0.045700000000000005,376832,15,15,1.6095,15952,0,0,20.0039005279541,14.431599617004395,3.545099973678589,1.8703999519348145,0.01549999974668026,167.83790588378906,0,0,0,0,0,0,0,0,0,0,0,0,0,58.40404,44.14
61,278.7835998535156,4.408999919891357,18.70439910888672,5.483500003814697,1.4254000186920166,3.2376999855041504,14.874600410461426,1.0214999914169312,10000,10009,20000,10006,20000,20000,10000,0.3880000114440918,0.010499999858438969,3.588099956512451,10000,1.56079999999986,2.5974,1,0.1662,0.06420000000000001,376832,15,15,4.1233,503296,0,0,23.295000076293945,15.438699722290039,4.678100109100342,5.356599807739258,0.49779999256134033,221.61810302734375,0,0,0,0,0,0,0,0,0,0,0,0,0,58.46556,43.69584
62,248.71969604492188,27.977399826049805,26.753999710083008,5.1875,6.0802001953125,5.357699871063232,14.522600173950195,1.0121999979019165,10000,10009,20000,10006,20000,20000,10000,0.43290001153945923,0.008299999870359898,4.2453999519348145,10000,1.5367999999998594,2.2675,1,0.14730000000000001,0.0784,376832,15,15,1.8497,120728,0,0,54.971900939941406,15.07129955291748,4.317800045013428,2.8550000190734863,0.46320000290870667,163.95249938964844,0.0143,10.018199920654297,0.1854,7.3896,12.0497,4.1662,0.6661,1,1188398,78041,10000,12026,9996,58.16808,43.69688
63,213.72850036621094,0.7443000078201294,17.337299346923828,4.971799850463867,1.4493999481201172,2.20770001411438,14.389900207519531,0.9947999715805054,10000,10009,20000,10006,20000,20000,10000,0.4115000069141388,0.017400000244379044,3.807499885559082,10000,1.52689999999986,2.3065,1,0.13169999999999998,0.059699999999999996,376832,15,15,1.5977,7712,0,0,18.534799575805664,14.528900146484375,4.27810001373291,1.9306999444961548,0.0142000000923872,168.9080047607422,0,0,0,0,0,0,0,0,0,0,0,0,0,58.397,43.71544
64,278.6007080078125,2.9440999031066895,17.156600952148438,4.896900177001953,1.4200999736785889,2.441699981689453,14.751199722290039,0.991599977016449,10000,10009,20000,10006,20000,20000,10000,0.40709999203681946,0.008799999952316284,3.8261001110076904,10000,1.5268999999998603,1.9083,1,0.1319,0.0473,376832,15,15,3.1487,15952,0,0,20.27829933166504,14.833900451660156,4.459700107574463,1.768399953842163,0.010499999858438969,230.1956024169922,0,0,0,0,0,0,0,0,0,0,0,0,0,58.33076,43.8908
65,249.0157012939453,4.323800086975098,17.960599899291992,5.22599983215332,1.4641000032424927,3.024199962615967,14.463700294494629,0.9933000206947327,10000,10009,20000,10006,20000,20000,10000,0.3982999920845032,0.007600000128149986,3.531399965286255,10000,1.5394999999998606,2.3399,1,0.1441,0.07769999999999999,376832,15,15,2.6086,520664,0,0,22.478500366210938,15.054800033569336,4.553999900817871,4.991000175476074,0.5418000221252441,195.3300018310547,0,0,0,0,0,0,0,0,0,0,0,0,0,58.37296,43.72496
66,214.1721954345703,43.35820007324219,30.44809913635254,5.672100067138672,6.6519999504089355,7.666600227355957,14.956000328063965,1.1081000566482544,10000,10009,20000,10006,20000,20000,10000,0.4551999866962433,0.0017999999690800905,4.695799827575684,10000,2.1783999999998205,2.2668,1,0.2414,0.1043,376832,15,15,1.8815,99680,0,0,74.04149627685547,15.511500358581543,5.847099781036377,2.5016000270843506,0.4830000102519989,107.24569702148438,0.0139,9.302800178527832,0.191,8.1506,13.2393,4.5896,0.6854,1,1233344,82577,10000,13653,9999,58.26856,43.57704
67,279.2853088378906,0.4672999978065491,17.720199584960938,5.4918999671936035,1.3271000385284424,2.346100091934204,14.598899841308594,1,10000,10009,20000,10006,20000,20000,10000,0.35519999265670776,0.0008999999845400453,3.968100070953369,10000,2.1562999999998227,3.9777,1,0.1406,0.0485,376832,15,15,2.3204,7752,0,0,18.33609962463379,14.6427001953125,6.491499900817871,3.0092999935150146,0.0032999999821186066,228.15249633789062,0,0,0,0,0,0,0,0,0,0,0,0,0,58.4026,43.59032
68,248.85719299316406,3.3189001083374023,17.901599884033203,5.4944000244140625,1.3516000509262085,2.319200038909912,14.749600410461426,1.0078999996185303,10000,10009,20000,10006,20000,20000,10000,0.3741999864578247,0.0010000000474974513,4.000500202178955,10000,2.1640999999998227,1.5354,1,0.1581,0.0801,376832,15,15,2.4903,15952,0,0,21.46430015563965,14.823200225830078,3.716399908065796,1.544700026512146,0.0034000000450760126,196.14390563964844,0,0,0,0,0,0,0,0,0,0,0,0,0,58.49152,43.59924
69,214.49620056152344,5.102700233459473,19.41360092163086,5.861400127410889,1.3894000053405762,3.442199945449829,15.147700309753418,1.208799958229065,10000,10009,20000,10006,20000,20000,10000,0.34709998965263367,0.001500000013038516,3.681299924850464,10000,2.218899999999831,2.0999,1,0.2949,0.138,376832,15,15,1.9881,608136,0,0,24.659299850463867,16.16119956970215,4.434299945831299,6.297800064086914,0.9616000056266785,152.74049377441406,0,0,0,0,0,0,0,0,0,0,0,0,0,58.35596,43.44044
70,279.2876892089844,4.815199851989746,17.200300216674805,5.490799903869629,1.2950999736785889,2.3510000705718994,14.711400032043457,1.0029000043869019,10000,10009,20000,10006,20000,20000,10000,0.4641000032424927,0.0012000000569969416,3.461899995803833,10000,2.3017999999998247,1.8007,1,0.23740000000000003,0.1424,376832,15,15,3.261,84192,0,0,22.17340087890625,14.755599975585938,4.131499767303467,1.7928999662399292,0.0031999999191612005,221.91830444335938,0,0,0,0,0,0,0,0,0,0,0,0,0,58.3226,43.479
71,249.70919799804688,0.4677000045776367,17.63949966430664,5.608500003814697,1.3664000034332275,2.2441999912261963,14.33549976348877,0.9951000213623047,10000,10009,20000,10006,20000,20000,10000,0.35899999737739563,0.0008999999845400453,3.8329999446868896,10000,2.1548999999998224,2.0421,1,0.13269999999999998,0.0606,376832,15,15,1.5259,7712,0,0,18.244199752807617,14.367600440979004,4.00439977645874,2.0887999534606934,0.0019000000320374966,204.91299438476562,0,0,0,0,0,0,0,0,0,0,0,0,0,58.41356,43.99896
72,214.70069885253906,25.09320068359375,34.52090072631836,8.69159984588623,2.126499891281128,9.001799583435059,30.05430030822754,1.6999000310897827,10000,10009,20000,10006,20000,20000,10000,2.217099905014038,0.0027000000700354576,4.403200149536133,10000,2.6725999999999637,2.5686,1,0.26339999999999997,0.0931,376832,15,15,2.9171,562304,1,1,59.744598388671875,31.008800506591797,6.469699859619141,7.834499835968018,0.8914999961853027,95.87650299072266,0,0,0,0,0,0,0,0,0,0,0,0,0,58.20448,43.57056
73,280.1756896972656,13.930000305175781,32.48740005493164,6.6184000968933105,7.010700225830078,8.572600364685059,15.406999588012695,1.1276999711990356,10000,10009,20000,10006,20000,20000,10000,0.4675000011920929,0.002300000051036477,4.300899982452393,10000,2.218999999999853,1.4844,1,0.5072,0.1683,376832,15,15,4.8709,25352,0,0,46.765201568603516,16.149200439453125,5.815499782562256,2.9056999683380127,0.6916000247001648,194.00680541992188,0.0166,0,0.1982,9.0442,9.5495,0.0007,0.7371,1,1283696,0,0,0,9995,58.21804,43.07628
74,248.37890625,0.567799985408783,17.657800674438477,5.521399974822998,1.4874000549316406,2.2441999912261963,14.55049991607666,1.1172000169754028,10000,10009,20000,10006,20000,20000,10000,0.34139999747276306,0.0013000000035390258,3.7987000942230225,10000,2.1822999999998274,2.2628,1,0.1338,0.0424,376832,15,15,2.4559,7712,0,0,18.443599700927734,14.587900161743164,4.458499908447266,2.2188000679016113,0.0038999998942017555,201.42039489746094,0,0,0,0,0,0,0,0,0,0,0,0,0,58.33188,43.24816
75,213.0041046142578,3.022599935531616,17.738000869750977,5.490900039672852,1.5394999980926514,2.29259991645813,14.41670036315918,1.0069999694824219,10000,10009,20000,10006,20000,20000,10000,0.3538999855518341,0.0010000000474974513,3.887500047683716,10000,2.1525999999998215,1.8517,1,0.13390000000000002,0.0493,376832,15,15,1.5665,15952,0,0,20.906400680541992,14.449199676513672,3.807499885559082,1.532099962234497,0.0019000000320374966,166.29049682617188,0,0,0,0,0,0,0,0,0,0,0,0,0,58.4324,43.2458
76,278.5838928222656,4.320199966430664,20.02090072631836,5.8480000495910645,1.343500018119812,3.6289000511169434,15.812000274658203,1.2683000564575195,10000,10009,20000,10006,20000,20000,10000,0.3910999894142151,0.0010000000474974513,3.674499988555908,10000,2.1655999999998294,1.4495,1,0.2373,0.0757,376832,15,15,2.0151,558512,0,0,24.485300064086914,16.773799896240234,3.38319993019104,4.4721999168396,0.9172999858856201,221.5727996826172,0,0,0,0,0,0,0,0,0,0,0,0,0,58.24944,43.1154
77,248.63800048828125,19.607900619506836,28.412700653076172,6.548699855804443,6.950799942016602,6.583799839019775,17.593000411987305,1.0925999879837036,10000,10009,20000,10006,20000,20000,10000,0.39890000224113464,0.0010000000474974513,3.5109000205993652,10000,2.3158999999998353,1.4077,1,0.14589999999999997,0.0533,376832,15,15,1.8877,58976,0,0,48.16189956665039,18.230300903320312,3.297800064086914,2.1658999919891357,0.5936999917030334,169.14370727539062,0.0166,0,0.2001,8.8617,14.6239,5.2613,0.4835,1,1336698,97143,10000,17212,9999,58.22672,42.72464
78,212.6768035888672,0.5285999774932861,17.954500198364258,5.406000137329102,1.4556000232696533,2.7402000427246094,14.412599563598633,0.9958000183105469,10000,10009,20000,10006,20000,20000,10000,0.36579999327659607,0.0010999999940395355,3.856800079345703,10000,2.132899999999819,1.3578,1,0.1404,0.0506,376832,15,15,1.6531,7712,0,0,18.700899124145508,14.443599700927734,3.2437000274658203,1.5164999961853027,0.0017999999690800905,168.62860107421875,0,0,0,0,0,0,0,0,0,0,0,0,0,58.19264,42.56548
79,277.912109375,5.611800193786621,20.081899642944336,7.499199867248535,1.3294999599456787,2.6015000343322754,14.795599937438965,1.1208000183105469,10000,10009,20000,10006,20000,20000,10000,0.43149998784065247,0.0020000000949949026,3.77020001411438,10000,2.2032999999998277,1.6381,1,0.1436,0.0909,376832,15,15,1.6759,15952,0,0,25.897499084472656,14.845600128173828,3.585099935531616,1.9617999792099,0.0027000000700354576,225.1204071044922,0,0,0,0,0,0,0,0,0,0,0,0,0,58.24444,42.76116
80,247.5657958984375,4.122399806976318,18.46139907836914,5.652200222015381,1.3672000169754028,3.142699956893921,14.4483003616333,0.9815999865531921,10000,10009,20000,10006,20000,20000,10000,0.38499999046325684,0.001500000013038516,3.6575000286102295,10000,2.2048999999998253,1.3565,1,0.1356,0.0472,376832,15,15,1.5121,537752,0,0,22.79759979248047,14.920499801635742,3.257200002670288,4.364200115203857,0.43959999084472656,196.1634063720703,0,0,0,0,0,0,0,0,0,0,0,0,0,58.30336,42.70916
81,212.28810119628906,34.77159881591797,28.556800842285156,5.528600215911865,7.23799991607666,7.549099922180176,14.70419979095459,1.0182000398635864,10000,10009,20000,10006,20000,20000,10000,0.3986999988555908,0.0010000000474974513,3.613600015640259,10000,2.136999999999819,3.0765,1,0.1751,0.06509999999999999,376832,15,15,1.6587,56208,0,0,63.474998474121094,15.152199745178223,5.5960001945495605,3.5151000022888184,0.4189000129699707,118.30670166015625,0.0165,12.468400001525879,0.1898,10.4752,16.5107,5.5372,0.6724,1,1404974,104790,10000,19233,9998,58.30088,42.18308
82,278.1462097167969,0.5730999708175659,17.633899688720703,5.484300136566162,1.3234000205993652,2.342099905014038,14.798299789428711,1.0032999515533447,10000,10009,20000,10006,20000,20000,10000,0.35910001397132874,0.0013000000035390258,3.939199924468994,10000,2.1832999999998237,2.6318,1,0.1407,0.0546,376832,15,15,3.2262,7712,0,0,18.345800399780273,14.836799621582031,5.1956000328063965,1.9772000312805176,0.00279999990016222,229.29730224609375,0,0,0,0,0,0,0,0,0,0,0,0,0,58.24176,42.20944
83,247.7281951904297,6.188000202178955,18.056100845336914,5.675099849700928,1.3079999685287476,2.988600015640259,14.32859992980957,0.9785000085830688,10000,10009,20000,10006,20000,20000,10000,0.34310001134872437,0.0010999999940395355,3.5364999771118164,10000,2.1685999999998287,1.4677,1,0.1744,0.07619999999999999,376832,15,15,2.0649,538360,0,0,24.388900756835938,14.80780029296875,3.4166998863220215,5.114200115203857,0.4526999890804291,193.37379455566406,0,0,0,0,0,0,0,0,0,0,0,0,0,58.4004,42.3578
84,212.03269958496094,4.809800148010254,16.92259979248047,5.320199966430664,1.3890000581741333,2.424999952316284,14.358200073242188,1.0155999660491943,10000,10009,20000,10006,20000,20000,10000,0.41999998688697815,0.0010000000474974513,3.259700059890747,10000,2.1580999999998216,1.4059,1,0.1442,0.0747,376832,15,15,2.4605,54584,0,0,21.878000259399414,14.387200355529785,3.3055999279022217,2.0255000591278076,0.0019000000320374966,163.4373016357422,0,0,0,0,0,0,0,0,0,0,0,0,0,58.42004,42.33616
85,278.777099609375,0.4855000078678131,18.96299934387207,5.69789981842041,1.3773000240325928,3.2056000232696533,14.852299690246582,1.0246000289916992,10000,10009,20000,10006,20000,20000,10000,0.4936999976634979,0.0012000000569969416,3.848900079727173,10000,2.1541999999998174,3.5255,1,0.3251,0.1285,376832,15,15,5.2779,7712,0,0,19.592300415039062,14.893699645996094,5.7006001472473145,2.4423000812530518,0.0031999999191612005,222.48269653320312,0,0,0,0,0,0,0,0,0,0,0,0,0,58.02628,42.08884
86,247.4355926513672,3.0327000617980957,18.721799850463867,5.960299968719482,1.8319000005722046,2.3731000423431396,14.527600288391113,0.9718000292778015,10000,10009,20000,10006,20000,20000,10000,0.3903000056743622,0.0010999999940395355,3.859100103378296,10000,2.1499999999998236,1.4043,1,0.1447,0.0786,376832,15,15,2.4521,15952,0,0,21.978599548339844,14.559200286865234,3.364799976348877,1.5291999578475952,0.0017000000225380063,198.9550018310547,0,0,0,0,0,0,0,0,0,0,0,0,0,58.22328,42.46984
87,211.7624969482422,4.228799819946289,18.3218994140625,5.611499786376953,1.3032000064849854,3.1040000915527344,14.279800415039062,0.9728999733924866,10000,10009,20000,10006,20000,20000,10000,0.4004000127315521,0.0010000000474974513,3.6473000049591064,10000,2.1379999999998196,1.444,1,0.1468,0.0618,376832,15,15,2.9595,545768,0,0,22.678699493408203,14.765999794006348,3.3073999881744385,5.142399787902832,0.46000000834465027,158.402099609375,0,0,0,0,0,0,0,0,0,0,0,0,0,58.31504,42.23556
88,277.8830871582031,13.921899795532227,27.364200592041016,5.873000144958496,6.5467000007629395,6.840799808502197,15.08899974822998,1.049399971961975,10000,10009,20000,10006,20000,20000,10000,0.36660000681877136,0.002199999988079071,3.583199977874756,10000,2.1529999999998304,1.485,1,0.13369999999999999,0.045200000000000004,376832,15,15,1.7794,8048,0,0,41.4193000793457,15.527400016784668,3.4038000106811523,2.740499973297119,0.3986000120639801,208.45069885253906,0.0167,0,0.1938,9.7935,10.3106,0.0008,0.6303,1,1468136,0,0,0,9995,58.06132,41.91144
89,247.85440063476562,0.4684000015258789,17.943599700927734,5.381999969482422,1.4063999652862549,2.6470000743865967,14.405099868774414,0.9740999937057495,10000,10009,20000,10006,20000,20000,10000,0.3986999988555908,0.0008999999845400453,3.9491000175476074,10000,2.1694999999998172,2.3658,1,0.1413,0.057,376832,15,15,1.9483,7712,0,0,18.556499481201172,14.434100151062012,4.3343000411987305,1.5923000574111938,0.0017000000225380063,202.41259765625,0,0,0,0,0,0,0,0,0,0,0,0,0,58.50916,42.21244
90,211.53680419921875,2.652400016784668,17.384000778198242,5.36460018157959,1.343000054359436,2.3196001052856445,14.305000305175781,0.9682000279426575,10000,10009,20000,10006,20000,20000,10000,0.36980000138282776,0.0010999999940395355,3.802799940109253,10000,2.161599999999821,2.4998,1,0.1328,0.0438,376832,15,15,1.7216,15952,0,0,20.172199249267578,14.327899932861328,4.5671000480651855,1.5917999744415283,0.001500000013038516,164.52340698242188,0,0,0,0,0,0,0,0,0,0,0,0,0,58.4098,42.34132
91,278.8210144042969,4.554800033569336,19.078699111938477,5.690700054168701,1.3832000494003296,2.9579999446868896,14.910499572753906,1.0418000221252441,10000,10009,20000,10006,20000,20000,10000,0.4302999973297119,0.0010999999940395355,3.918100118637085,10000,2.1458999999998314,1.8472,1,0.173,0.051000000000000004,376832,15,15,1.4924,515872,0,0,23.76799964904785,15.383500099182129,3.8612000942230225,5.6645002365112305,0.44589999318122864,222.92059326171875,0,0,0,0,0,0,0,0,0,0,0,0,0,58.4222,42.056
92,248.69369506835938,26.445100784301758,25.8927001953125,5.559999942779541,6.143199920654297,5.3917999267578125,14.631699562072754,0.9842000007629395,10000,10009,20000,10006,20000,20000,10000,0.3467999994754791,0.0008999999845400453,4.100500106811523,10000,2.1702999999998256,1.4918,1,0.1728,0.0709,376832,15,15,2.7107,66176,0,0,52.567501068115234,15.243200302124023,3.4289000034332275,2.7427000999450684,0.5756000280380249,166.19500732421875,0.0184,0,0.2157,11.7182,18.9163,6.6774,0.6596,1,1548328,126396,10000,24768,9998,58.30244,41.7634
93,212.27659606933594,0.5893999934196472,17.411699295043945,5.354400157928467,1.3482999801635742,2.256999969482422,14.352800369262695,1.003000020980835,10000,10009,20000,10006,20000,20000,10000,0.3497999906539917,0.0010000000474974513,3.903599977493286,10000,2.1596999999998228,1.9306,1,0.1513,0.0731,376832,15,15,2.7555,7712,0,0,18.295000076293945,14.38479995727539,3.8838999271392822,2.0559000968933105,0.0031999999191612005,166.1508026123047,0,0,0,0,0,0,0,0,0,0,0,0,0,58.22064,42.12208
94,278.7510070800781,3.178299903869629,19.11549949645996,5.484300136566162,1.7015000581741333,3.5062999725341797,15.70359992980957,0.9836999773979187,10000,10009,20000,10006,20000,20000,10000,0.34200000762939453,0.003000000026077032,3.987600088119507,10000,2.1488999999998266,2.8001,1,0.1734,0.0926,376832,15,15,3.4988,15952,0,0,22.532699584960938,15.759099960327148,5.127200126647949,2.1233999729156494,0.0032999999821186066,219.0861053466797,0,0,0,0,0,0,0,0,0,0,0,0,0,58.29984,41.769
95,214.6011962890625,7.518599987030029,36.882301330566406,8.740500450134277,4.684599876403809,7.7270002365112305,17.08169937133789,1.2132999897003174,10000,10009,20000,10006,20000,20000,10000,0.4984999895095825,0.002099999925121665,7.450099945068359,10000,2.2335999999998295,5.4601,1,0.36129999999999995,0.18430000000000002,376832,15,15,6.1378,553304,0,0,44.664798736572266,17.92490005493164,10.675100326538086,7.796199798583984,0.781499981880188,117.2822036743164,0,0,0,0,0,0,0,0,0,0,0,0,0,58.18536,41.79628
96,212.98899841308594,32.3031005859375,55.343299865722656,6.526599884033203,11.412099838256836,24.18779945373535,15.169500350952148,1.1964999437332153,10000,10009,20000,10006,20000,20000,10000,0.550000011920929,0.0019000000320374966,5.852700233459473,10000,2.1642999999998227,3.4253,1,0.31,0.1311,376832,15,15,4.6301,74672,0,0,87.78630065917969,16.01099967956543,8.337400436401367,2.9993999004364014,0.7922999858856201,82.14109802246094,0.019,8.037699699401855,0.2256,10.1937,17.739,7.0119,0.6657,1,1620612,133101,10000,26421,9996,58.31404,41.3152
97,211.2707977294922,0.574400007724762,20.590999603271484,5.539000034332275,1.7116999626159668,2.314300060272217,14.7298002243042,1.000499963760376,10000,10009,20000,10006,20000,20000,10000,0.3472999930381775,0.0008999999845400453,5.5447998046875,10000,2.158599999999818,1.7413,1,0.19690000000000002,0.0897,376832,15,15,2.3158,7712,0,0,21.386499404907227,14.766799926757812,3.689300060272217,1.8014999628067017,0.003000000026077032,160.1396026611328,0,0,0,0,0,0,0,0,0,0,0,0,0,58.21,41.30872
98,210.86729431152344,3.188499927520752,17.69659996032715,5.515999794006348,1.44159996509552,2.246000051498413,14.461299896240234,1.0241999626159668,10000,10009,20000,10006,20000,20000,10000,0.3327000141143799,0.00139999995008111,3.9316999912261963,10000,2.1191999999998203,2.3392,1,0.14629999999999999,0.07930000000000001,376832,15,15,2.7708,15952,0,0,21.025699615478516,14.492400169372559,4.309800148010254,1.5353000164031982,0.0020000000949949026,162.18589782714844,0,0,0,0,0,0,0,0,0,0,0,0,0,58.11136,41.2828
99,210.54629516601562,5.126800060272217,18.604000091552734,5.673299789428711,1.3626999855041504,3.1740000247955322,14.373700141906738,0.9801999926567078,10000,10009,20000,10006,20000,20000,10000,0.37619999051094055,0.0007999999797903001,3.624000072479248,10000,2.1494999999998217,1.4227,1,0.15949999999999998,0.0805,376832,15,15,1.9187,632248,0,0,23.865299224853516,15.194899559020996,3.3234000205993652,6.040200233459473,0.7922000288963318,155.58169555664062,0,0,0,0,0,0,0,0,0,0,0,0,0,58.17772,41.287
100,210.60060119628906,4.837100028991699,17.07740020751953,5.3572001457214355,1.551200032234192,2.197700023651123,14.465999603271484,0.9884999990463257,10000,10009,20000,10006,20000,20000,10000,0.366100013256073,0.0012000000569969416,3.551100015640259,10000,2.258799999999834,1.5473,1,0.34130000000000005,0.0763,376832,15,15,1.6483,84232,0,0,22.06100082397461,14.496700286865234,3.488600015640259,1.5190000534057617,0.002099999925121665,160.2816925048828,0,0,0,0,0,0,0,0,0,0,0,0,0,58.35696,41.36988
101,210.7686004638672,0.3578999936580658,18.21780014038086,5.508200168609619,1.416200041770935,2.6010000705718994,14.586299896240234,0.9700000286102295,10000,10009,20000,10006,20000,20000,10000,0.3962000012397766,0.0008999999845400453,4.132699966430664,10000,2.1296999999998225,2.3149,1,0.13369999999999999,0.050100000000000006,376832,15,15,1.7873,7712,0,0,18.714599609375,14.619400024414062,4.313600063323975,2.0557000637054443,0.0017999999690800905,164.79339599609375,0,0,0,0,0,0,0,0,0,0,0,0,0,58.218,41.40992
102,210.48550415039062,2.6519999504089355,18.75670051574707,5.456600189208984,1.9205000400543213,2.4535000324249268,14.594300270080566,1.0116000175476074,10000,10009,20000,10006,20000,20000,10000,0.3882000148296356,0.0010000000474974513,4.186100006103516,10000,2.1335999999998205,1.4322,1,0.19669999999999999,0.0952,376832,15,15,2.7059,15952,0,0,21.559600830078125,14.627699851989746,3.421999931335449,1.6098999977111816,0.0019000000320374966,161.9196014404297,0,0,0,0,0,0,0,0,0,0,0,0,0,58.57024,41.14608
103,210.3321990966797,18.538400650024414,30.71540069580078,5.928100109100342,7.692399978637695,6.8628997802734375,14.994099617004395,1.197100043296814,10000,10009,20000,10006,20000,20000,10000,0.4458000063896179,0.0008999999845400453,4.237500190734863,10000,2.201699999999822,2.5973,1,0.2797,0.0893,376832,15,15,3.0747,450656,0,0,49.402400970458984,15.967100143432617,4.9274001121521,8.3818998336792,0.9376000165939331,121.2926025390625,0.016,0,0.1787,10.8517,11.328,0.001,0.4763,1,1686142,0,0,0,9994,58.05204,41.10036
104,210.42080688476562,0.3231000006198883,17.807600021362305,5.367000102996826,1.5699000358581543,2.252700090408325,14.4798002243042,1.0020999908447266,10000,10009,20000,10006,20000,20000,10000,0.36090001463890076,0.0007999999797903001,4.172399997711182,10000,2.14259999999982,2.4077,1,0.13290000000000002,0.045200000000000004,376832,15,15,1.796,7712,0,0,18.266199111938477,14.508099555969238,4.3582000732421875,1.632699966430664,0.0017000000225380063,165.38710021972656,0,0,0,0,0,0,0,0,0,0,0,0,0,58.2564,41.08332
105,209.7834014892578,2.993000030517578,18.01569938659668,5.3958001136779785,1.4398000240325928,2.3452999591827393,14.587400436401367,1.0463000535964966,10000,10009,20000,10006,20000,20000,10000,0.34790000319480896,0.0008999999845400453,4.29580020904541,10000,2.1472999999998175,1.4931,1,0.157,0.0713,376832,15,15,1.7441,15952,0,0,21.14579963684082,14.616999626159668,3.4663000106811523,2.1361000537872314,0.0019000000320374966,162.1334991455078,0,0,0,0,0,0,0,0,0,0,0,0,0,58.06312,41.4712
106,210.11489868164062,4.33459997177124,19.236099243164062,5.763299942016602,1.5993000268936157,3.1164000034332275,14.541099548339844,0.9918000102043152,10000,10009,20000,10006,20000,20000,10000,0.34389999508857727,0.0008999999845400453,4.007900238037109,10000,2.1212999999998194,1.4593,1,0.1344,0.0504,376832,15,15,1.598,590600,0,0,23.780099868774414,15.075599670410156,3.408900022506714,5.269700050354004,0.5047000050544739,156.5030975341797,0,0,0,0,0,0,0,0,0,0,0,0,0,58.29076,41.18776
107,210.54080200195312,26.16790008544922,35.213401794433594,7.679200172424316,9.464400291442871,7.614699840545654,15.070599555969238,1.1101000308990479,10000,10009,20000,10006,20000,20000,10000,0.4438000023365021,0.0010000000474974513,4.527599811553955,10000,2.24189999999984,2.9332,1,0.3388,0.153,376832,15,15,4.2673,71864,0,0,61.547298431396484,16.05069923400879,7.262599945068359,9.39900016784668,0.9452999830245972,103.6875991821289,0.0167,0,0.1938,11.4921,20.0088,8.0055,0.7256,1,1772568,157057,10000,32314,9999,58.27796,40.7636
108,210.7436065673828,0.35679998993873596,18.340099334716797,5.660799980163574,1.6296000480651855,2.297300100326538,14.55739974975586,1.020799994468689,10000,10009,20000,10006,20000,20000,10000,0.3334999978542328,0.0010000000474974513,4.207499980926514,10000,2.14319999999982,2.3825,1,0.1481,0.0775,376832,15,15,2.227,7712,0,0,18.84320068359375,14.589099884033203,4.398499965667725,2.065000057220459,0.0019000000320374966,163.99899291992188,0,0,0,0,0,0,0,0,0,0,0,0,0,58.06664,40.75376
109,209.8603057861328,2.643699884414673,17.938400268554688,5.483500003814697,1.4658000469207764,2.248699903488159,14.571100234985352,1.011199951171875,10000,10009,20000,10006,20000,20000,10000,0.37049999833106995,0.0010000000474974513,4.167399883270264,10000,2.1504999999998264,1.4516,1,0.15089999999999998,0.081,376832,15,15,2.6635,15952,0,0,20.74020004272461,14.599599838256836,3.452399969100952,2.0143001079559326,0.0020000000949949026,161.82359313964844,0,0,0,0,0,0,0,0,0,0,0,0,0,58.2592,40.8212
110,210.2960968017578,4.551400184631348,18.738800048828125,5.608099937438965,1.4402999877929688,3.089200019836426,14.688300132751465,1.0878000259399414,10000,10009,20000,10006,20000,20000,10000,0.3589000105857849,0.0010000000474974513,3.810699939727783,10000,2.1533999999998192,1.4665,1,0.15860000000000002,0.0434,376832,15,15,1.7203,515192,0,0,23.4330997467041,15.39430046081543,3.3965001106262207,4.758600234985352,0.666700005531311,156.88479614257812,0,0,0,0,0,0,0,0,0,0,0,0,0,58.11808,40.8274
111,210.22189331054688,37.708499908447266,35.18669891357422,5.696400165557861,10.176199913024902,8.770899772644043,14.929499626159668,1.111899971961975,10000,10009,20000,10006,20000,20000,10000,0.46140000224113464,0.0017999999690800905,4.436399936676025,10000,2.3038999999998206,3.6049,1,0.257,0.1105,376832,15,15,3.5342,79992,0,0,73.04080200195312,15.792200088500977,8.870800018310547,3.5736000537872314,0.8148000240325928,95.94660186767578,0.0078,11.301799774169922,0.1783,11.7815,20.3987,8.1421,0.7218,1,1841812,159656,10000,33053,9998,58.23404,40.576
112,209.82339477539062,0.34290000796318054,18.037900924682617,5.360199928283691,1.5607000589370728,2.3951001167297363,14.42490005493164,0.9814000129699707,10000,10009,20000,10006,20000,20000,10000,0.4194999933242798,0.0008999999845400453,4.197800159454346,10000,2.15379999999982,2.1233,1,0.1449,0.0761,376832,15,15,2.9618,7712,0,0,18.573999404907227,14.455900192260742,4.0971999168396,1.4845000505447388,0.0015999999595806003,163.66250610351562,0,0,0,0,0,0,0,0,0,0,0,0,0,58.17084,40.66552
113,210.08529663085938,6.4039998054504395,18.43400001525879,5.686399936676025,1.454699993133545,2.907099962234497,14.503399848937988,0.974399983882904,10000,10009,20000,10006,20000,20000,10000,0.34599998593330383,0.0010999999940395355,3.7639000415802,10000,2.149099999999816,1.5306,1,0.1347,0.0551,376832,15,15,1.7968,542328,0,0,24.967899322509766,15.230600357055664,3.4495999813079834,5.249000072479248,0.6937000155448914,154.74429321289062,0,0,0,0,0,0,0,0,0,0,0,0,0,58.1802,40.67192
114,209.8988037109375,4.763800144195557,17.284799575805664,5.389999866485596,1.6455999612808228,2.2427000999450684,14.56779956817627,1.0714000463485718,10000,10009,20000,10006,20000,20000,10000,0.32989999651908875,0.0013000000035390258,3.571700096130371,10000,2.1440999999998196,1.4703,1,0.24539999999999998,0.092,376832,15,15,2.3038,54568,0,0,22.30139923095703,14.597800254821777,3.9577999114990234,1.5777000188827515,0.0017000000225380063,159.53359985351562,0,0,0,0,0,0,0,0,0,0,0,0,0,58.05872,40.65168
115,209.7375030517578,0.3935000002384186,17.981800079345703,5.348599910736084,1.4976999759674072,2.2344000339508057,14.55620002746582,1.0123000144958496,10000,10009,20000,10006,20000,20000,10000,0.3824999928474426,0.0010999999940395355,4.288099765777588,10000,2.1398999999998183,1.7364,1,0.145,0.0753,376832,15,15,2.7896,7712,0,0,18.586299896240234,14.588199615478516,3.734800100326538,1.510200023651123,0.002099999925121665,163.75489807128906,0,0,0,0,0,0,0,0,0,0,0,0,0,58.16504,40.65784
116,209.9813995361328,3.0495998859405518,18.133899688720703,5.3765997886657715,1.4593000411987305,2.6303000450134277,14.57509994506836,0.977400004863739,10000,10009,20000,10006,20000,20000,10000,0.3619000017642975,0.0019000000320374966,4.2307000160217285,10000,2.1387999999998173,1.836,1,0.15849999999999997,0.0868,376832,15,15,2.8259,15952,0,0,21.328399658203125,14.616000175476074,3.8017001152038574,1.9395999908447266,0.001500000013038516,160.93850708007812,0,0,0,0,0,0,0,0,0,0,0,0,0,58.202,41.07724
117,209.8719940185547,4.231299877166748,18.49679946899414,5.643099784851074,1.426200032234192,2.9632999897003174,14.458800315856934,0.9868999719619751,10000,10009,20000,10006,20000,20000,10000,0.3337000012397766,0.0008999999845400453,3.8310999870300293,10000,2.1573999999998197,2.3152,1,0.14439999999999997,0.0999,376832,15,15,1.7793,578624,0,0,22.954299926757812,15.192899703979492,4.219099998474121,5.531099796295166,0.7081999778747559,155.44979858398438,0,0,0,0,0,0,0,0,0,0,0,0,0,58.0676,40.6208
118,210.61520385742188,17.62220001220703,31.773799896240234,5.637599945068359,9.112899780273438,6.61359977722168,14.743499755859375,1.1546000242233276,10000,10009,20000,10006,20000,20000,10000,0.4383000135421753,0.0010999999940395355,4.5777997970581055,10000,2.2173999999998286,3.0557,1,0.2795,0.09789999999999999,376832,15,15,3.7283,8048,0,0,49.61259841918945,15.247200012207031,6.840000152587891,3.764699935913086,0.46480000019073486,124.02069854736328,0.0073,0,0.1839,13.2187,13.717,0.0006,0.6524,1,1902608,0,0,0,9990,58.13116,40.49248
119,209.7279052734375,0.4763000011444092,18.383499145507812,5.379899978637695,1.7651000022888184,2.3189001083374023,14.405699729919434,1.0025999546051025,10000,10009,20000,10006,20000,20000,10000,0.3968000113964081,0.0008999999845400453,4.340400218963623,10000,2.170599999999823,1.472,1,0.1347,0.0475,376832,15,15,3.0021,7712,0,0,19.06920051574707,14.4375,3.466900110244751,1.8906999826431274,0.0017999999690800905,163.33450317382812,0,0,0,0,0,0,0,0,0,0,0,0,0,58.27008,40.75856
120,209.3303985595703,6.263400077819824,18.23590087890625,5.6234002113342285,1.4354000091552734,2.9103000164031982,14.477100372314453,0.9623000025749207,10000,10009,20000,10006,20000,20000,10000,0.35199999809265137,0.0008999999845400453,3.746799945831299,10000,2.138499999999819,1.6015,1,0.13490000000000002,0.038400000000000004,376832,15,15,1.6494,496864,0,0,24.725299835205078,15.159500122070312,3.5416998863220215,5.25600004196167,0.6528000235557556,154.36849975585938,0,0,0,0,0,0,0,0,0,0,0,0,0,58.12136,40.5526
121,210.2812042236328,33.257198333740234,33.88869857788086,6.0258002281188965,10.590200424194336,7.269199848175049,15.409600257873535,1.0115000009536743,10000,10009,20000,10006,20000,20000,10000,0.40230000019073486,0.002099999925121665,4.507800102233887,10000,2.147699999999819,3.1119,1,0.2701,0.1245,376832,15,15,4.8328,39752,0,0,67.29429626464844,16.36590003967285,9.608200073242188,3.559799909591675,0.9061999917030334,99.37640380859375,0.0075,0,2.2933,14.5123,27.7802,9.1523,0.6962,1,1990012,175596,10000,37805,9998,58.10348,40.24864
122,209.79299926757812,0.46230000257492065,18.270299911499023,5.375899791717529,1.5192999839782715,2.2678000926971436,14.446399688720703,0.9944000244140625,10000,10009,20000,10006,20000,20000,10000,0.3366999924182892,0.0010000000474974513,4.322700023651123,10000,2.1362999999998196,1.4181,1,0.14390000000000003,0.073,376832,15,15,2.8794,7712,0,0,18.94890022277832,14.473299980163574,3.3552000522613525,1.714400053024292,0.0017000000225380063,163.82290649414062,0,0,0,0,0,0,0,0,0,0,0,0,0,58.2596,40.33072
123,209.51780700683594,2.9707999229431152,18.002500534057617,5.345300197601318,1.4944000244140625,2.3145999908447266,14.389399528503418,0.9811000227928162,10000,10009,20000,10006,20000,20000,10000,0.39320001006126404,0.0008999999845400453,4.390699863433838,10000,2.1524999999998213,2.7371,1,0.1483,0.0922,376832,15,15,2.2215,15952,0,0,21.121000289916992,14.42039966583252,5.332600116729736,2.3894999027252197,0.0017000000225380063,159.364501953125,0,0,0,0,0,0,0,0,0,0,0,0,0,58.1656,40.42544
124,210.37060546875,4.693699836730957,18.641000747680664,5.66540002822876,1.4229999780654907,2.9746999740600586,14.388699531555176,1.0017999410629272,10000,10009,20000,10006,20000,20000,10000,0.3684999942779541,0.0010000000474974513,3.850100040435791,10000,2.141699999999822,1.6759,1,0.1347,0.0473,376832,15,15,1.789,601104,0,0,23.562400817871094,15.188300132751465,3.622299909591675,5.149400234222412,0.7709000110626221,156.34840393066406,0,0,0,0,0,0,0,0,0,0,0,0,0,58.2952,40.32384
125,209.0321044921875,38.21609878540039,35.18190002441406,5.807199954986572,10.15310001373291,8.425299644470215,15.006600379943848,1.1019999980926514,10000,10009,20000,10006,20000,20000,10000,0.47440001368522644,0.002099999925121665,4.683800220489502,10000,2.136299999999818,2.9335,1,0.269,0.1367,376832,15,15,5.796,61016,0,0,73.53450012207031,15.947799682617188,8.018500328063965,3.001499891281128,0.8931999802589417,94.49109649658203,0.0077,8.93850040435791,0.1745,13.9627,23.5019,9.0119,0.732,1,2055408,173845,10000,37088,9999,58.34404,40.07352
126,209.710205078125,0.38929998874664307,18.516399383544922,5.393400192260742,1.559000015258789,2.3538999557495117,14.538299560546875,1.0722999572753906,10000,10009,20000,10006,20000,20000,10000,0.40630000829696655,0.0008999999845400453,4.449100017547607,10000,2.1362999999998213,1.4687,1,0.1438,0.07919999999999999,376832,15,15,2.7707,7712,0,0,19.05699920654297,14.56980037689209,3.4340999126434326,1.4901000261306763,0.0017999999690800905,163.7747039794922,0,0,0,0,0,0,0,0,0,0,0,0,0,58.10556,40.02532
127,209.7095947265625,2.6974000930786133,18.371999740600586,5.344900131225586,1.6396000385284424,2.3090999126434326,14.450699806213379,0.9837999939918518,10000,10009,20000,10006,20000,20000,10000,0.3691999912261963,0.0010000000474974513,4.388899803161621,10000,2.1401999999998202,2.6668,1,0.1516,0.08499999999999999,376832,15,15,2.7631,15952,0,0,21.215499877929688,14.481599807739258,5.274400234222412,2.3303000926971436,0.0019000000320374966,159.03160095214844,0,0,0,0,0,0,0,0,0,0,0,0,0,58.1402,40.02032
128,209.022705078125,4.491600036621094,18.686199188232422,5.654799938201904,1.4617999792099,2.8854000568389893,14.717700004577637,0.9811000227928162,10000,10009,20000,10006,20000,20000,10000,0.3515999913215637,0.0010999999940395355,4.089399814605713,10000,2.1608999999998226,1.4486,1,0.1354,0.0458,376832,15,15,1.7073,483240,0,0,23.38330078125,15.3996000289917,3.3991000652313232,5.047800064086914,0.6510000228881836,155.3347930908203,0,0,0,0,0,0,0,0,0,0,0,0,0,58.17308,40.00428
129,208.86709594726562,5.103300094604492,17.554000854492188,5.3607001304626465,1.5044000148773193,2.346400022506714,15.520500183105469,0.9782000184059143,10000,10009,20000,10006,20000,20000,10000,0.38769999146461487,0.0010000000474974513,3.8598999977111816,10000,2.168199999999823,1.8326,1,0.25849999999999995,0.051199999999999996,376832,15,15,1.6024,49792,0,0,22.872900009155273,15.559900283813477,3.7616000175476074,2.099100112915039,0.003100000089034438,155.15359497070312,0,0,0,0,0,0,0,0,0,0,0,0,0,58.11896,39.99396
130,208.90040588378906,0.34439998865127563,18.52989959716797,5.43720006942749,1.6437000036239624,2.2111001014709473,14.457200050354004,0.9747999906539917,10000,10009,20000,10006,20000,20000,10000,0.37470000982284546,0.0008999999845400453,4.6315999031066895,10000,2.1433999999998243,1.4157,1,0.172,0.0821,376832,15,15,2.9326,7712,0,0,19.037399291992188,14.487899780273438,3.5092999935150146,1.8172999620437622,0.002099999925121665,162.38490295410156,0,0,0,0,0,0,0,0,0,0,0,0,0,58.4242,39.9786
131,209.22439575195312,2.723400115966797,18.327299118041992,5.442599773406982,1.5561000108718872,2.4367001056671143,14.513999938964844,0.9782000184059143,10000,10009,20000,10006,20000,20000,10000,0.3637999892234802,0.0017000000225380063,4.4583001136779785,10000,2.146699999999823,1.5338,1,0.19839999999999997,0.077,376832,15,15,2.4241,15952,0,0,21.192100524902344,14.5600004196167,3.4619998931884766,1.8733999729156494,0.002099999925121665,161.076904296875,0,0,0,0,0,0,0,0,0,0,0,0,0,58.07684,40.37452
132,209.36489868164062,4.620200157165527,20.06719970703125,5.659599781036377,1.519700050354004,4.007999897003174,15.11299991607666,0.9814000129699707,10000,10009,20000,10006,20000,20000,10000,0.42329999804496765,0.0017999999690800905,4.036200046539307,10000,2.1256999999998176,2.5682,1,0.13290000000000002,0.047,376832,15,15,2.6223,548408,0,0,24.821800231933594,15.946399688720703,4.52810001373291,5.327400207519531,0.7569000124931335,151.5312042236328,0,0,0,0,0,0,0,0,0,0,0,0,0,58.2968,40.03632
133,210.26229858398438,20.016000747680664,34.93629837036133,5.789400100708008,9.15939998626709,9.073599815368652,15.215700149536133,1.2199000120162964,10000,10009,20000,10006,20000,20000,10000,0.5267000198364258,0.0017999999690800905,4.532800197601318,10000,2.1607999999998264,2.7222,1,0.1955,0.13190000000000002,376832,15,15,4.5832,8048,0,0,55.193199157714844,15.940199851989746,7.951399803161621,3.600800037384033,0.6726999878883362,112.55239868164062,0.0079,0,0.1866,15.3245,15.8617,0.0006,0.6662,1,2113712,0,0,0,9990,58.22736,40.0328
134,209.57949829101562,0.3321000039577484,19.03529930114746,5.55210018157959,1.8025000095367432,2.3206000328063965,14.677800178527832,1.0245000123977661,10000,10009,20000,10006,20000,20000,10000,0.36039999127388,0.0008999999845400453,4.708000183105469,10000,2.1331999999998223,1.6998,1,0.1478,0.0824,376832,15,15,2.9998,7712,0,0,19.518999099731445,14.711400032043457,4.39109992980957,1.6299999952316284,0.002099999925121665,161.71029663085938,0,0,0,0,0,0,0,0,0,0,0,0,0,58.27348,40.01392
135,209.27560424804688,2.448699951171875,18.638200759887695,5.4278998374938965,1.4704999923706055,2.7379000186920166,14.490900039672852,1.0164999961853027,10000,10009,20000,10006,20000,20000,10000,0.38659998774528503,0.0010999999940395355,4.480999946594238,10000,2.147399999999822,1.4391,1,0.1548,0.0761,376832,15,15,2.5899,15952,0,0,21.297300338745117,14.519100189208984,3.448499917984009,1.873900055885315,0.0019000000320374966,160.89849853515625,0,0,0,0,0,0,0,0,0,0,0,0,0,58.24892,39.98428
136,209.34559631347656,10.27560043334961,21.395200729370117,5.796199798583984,1.5757999420166016,4.072800159454346,14.922200202941895,1.100100040435791,10000,10009,20000,10006,20000,20000,10000,0.4657000005245209,0.002199999988079071,4.408599853515625,10000,2.1192999999998197,1.3382,1,0.1468,0.0769,376832,15,15,2.9292,434392,0,0,31.874900817871094,15.318599700927734,3.4075000286102295,5.754899978637695,0.3544999957084656,145.46749877929688,0,0,0,0,0,0,0,0,0,0,0,0,0,58.1956,40.06572
137,209.7458038330078,71.96859741210938,36.28379821777344,6.006999969482422,9.604599952697754,7.7906999588012695,14.812000274658203,1.1579999923706055,10000,10009,20000,10006,20000,20000,10000,0.4657000005245209,0.0010999999940395355,6.392300128936768,10000,2.137899999999818,2.3206,1,0.14040000000000002,0.0543,376832,15,15,1.4277,33336,0,0,108.39189910888672,15.362500190734863,4.265500068664551,2.6545000076293945,0.5166000127792358,73.05870056152344,0.008,9.469099998474121,0.1725,15.4524,25.3778,9.392,0.7979,1,2205418,188205,10000,40720,9998,58.38936,39.6352
138,209.1925048828125,0.35260000824928284,19.09280014038086,5.508699893951416,1.6948000192642212,2.3052000999450684,14.645400047302246,1.0089000463485718,10000,10009,20000,10006,20000,20000,10000,0.35359999537467957,0.0012000000569969416,4.84689998626709,10000,2.1266999999998193,1.4716,1,0.14689999999999998,0.0646,376832,15,15,2.7963,7712,0,0,19.589399337768555,14.677599906921387,3.472899913787842,1.9874000549316406,0.0019000000320374966,162.01930236816406,0,0,0,0,0,0,0,0,0,0,0,0,0,58.14944,39.81752
139,209.27040100097656,20.445899963378906,21.637399673461914,5.846700191497803,2.248699903488159,3.5843000411987305,17.461299896240234,1.0758999586105347,10000,10009,20000,10006,20000,20000,10000,0.4555000066757202,0.0008999999845400453,4.520599842071533,10000,2.123599999999818,2.2617,1,0.1464,0.0774,376832,15,15,2.7237,537288,0,0,42.21260070800781,17.923099517822266,4.235599994659424,6.830599784851074,0.4325000047683716,130.80870056152344,0,0,0,0,0,0,0,0,0,0,0,0,0,58.34812,39.68156
140,209.5189971923828,45.76219940185547,35.41619873046875,6.515999794006348,8.844400405883789,8.3503999710083,15.066699981689453,1.1105999946594238,10000,10009,20000,10006,20000,20000,10000,0.4007999897003174,0.002199999988079071,5.418399810791016,10000,2.148999999999839,1.7884,1,0.2416,0.08049999999999999,376832,15,15,2.2127,50840,0,0,81.32340240478516,16.049800872802734,3.744499921798706,2.6914000511169434,0.9358999729156494,94.19429779052734,0.0088,9.206399917602539,0.1727,13.4064,23.4116,9.476,0.6856,1,2262562,183306,10000,40007,10000,58.06712,39.36496
141,208.6157989501953,0.3377000093460083,18.445600509643555,5.36929988861084,1.593000054359436,2.2174999713897705,14.524499893188477,0.9965999722480774,10000,10009,20000,10006,20000,20000,10000,0.37950000166893005,0.0010999999940395355,4.6296000480651855,10000,2.1468999999998206,1.4399,1,0.1325,0.0572,376832,15,15,2.2168,7712,0,0,18.930299758911133,14.557999610900879,3.3875999450683594,1.5923999547958374,0.0019000000320374966,163.46139526367188,0,0,0,0,0,0,0,0,0,0,0,0,0,58.09056,39.37404
142,208.7946014404297,2.7002999782562256,19.11400032043457,5.458199977874756,1.555799961090088,2.993299961090088,14.574399948120117,1.0039000511169434,10000,10009,20000,10006,20000,20000,10000,0.36629998683929443,0.002099999925121665,4.573500156402588,10000,2.151799999999821,1.4147,1,0.1494,0.0847,376832,15,15,1.7661,15952,0,0,21.962600708007812,14.629199981689453,3.4179000854492188,1.8880000114440918,0.003100000089034438,160.40870666503906,0,0,0,0,0,0,0,0,0,0,0,0,0,58.18208,39.45292
143,208.4167938232422,4.880499839782715,20.443199157714844,5.724699974060059,1.6019999980926514,3.94950008392334,14.708100318908691,0.9835000038146973,10000,10009,20000,10006,20000,20000,10000,0.4323999881744385,0.0017000000225380063,4.263599872589111,10000,2.134999999999821,1.6341,1,0.13369999999999999,0.0388,376832,15,15,1.8863,529464,0,0,25.534900665283203,15.199999809265137,3.600800037384033,45.28129959106445,0.4537999927997589,112.38379669189453,0,0,0,0,0,0,0,0,0,0,0,0,0,58.11272,39.36568
144,208.9510955810547,4.77869987487793,17.459699630737305,5.410200119018555,1.5134999752044678,2.193700075149536,14.552900314331055,0.9916999936103821,10000,10009,20000,10006,20000,20000,10000,0.3824999928474426,0.0008999999845400453,3.847599983215332,10000,2.1534999999998226,2.2589,1,0.1575,0.0862,376832,15,15,1.9314,50752,0,0,22.4414005279541,14.590800285339355,4.215199947357178,1.8075000047683716,0.0031999999191612005,159.19700622558594,0,0,0,0,0,0,0,0,0,0,0,0,0,58.18924,39.43236
145,208.70370483398438,0.3407999873161316,18.520599365234375,5.361800193786621,1.5707999467849731,2.2239999771118164,15.307000160217285,0.9865999817848206,10000,10009,20000,10006,20000,20000,10000,0.36149999499320984,0.0010999999940395355,4.810800075531006,10000,2.149399999999821,1.4592,1,0.14679999999999999,0.0819,376832,15,15,2.7372,7712,0,0,19.008100509643555,15.337400436401367,3.876800060272217,1.9625999927520752,0.0017999999690800905,161.1269989013672,0,0,0,0,0,0,0,0,0,0,0,0,0,58.08356,39.6964
146,208.16610717773438,6.83489990234375,19.84760093688965,5.739200115203857,1.6202000379562378,3.690500020980835,14.519000053405762,1.0099999904632568,10000,10009,20000,10006,20000,20000,10000,0.37220001220703125,0.00139999995008111,4.110199928283691,10000,2.1737999999998245,2.353,1,0.13779999999999998,0.1188,376832,15,15,2.5884,565904,0,0,26.90060043334961,14.975799560546875,4.3277997970581055,4.741099834442139,0.4212999939918518,149.92010498046875,0,0,0,0,0,0,0,0,0,0,0,0,0,58.08656,39.26244
147,208.62420654296875,19.94529914855957,30.43939971923828,5.7957000732421875,9.217599868774414,5.651599884033203,17.866300582885742,0.984499990940094,10000,10009,20000,10006,20000,20000,10000,0.36800000071525574,0.0017999999690800905,4.724699974060059,10000,2.1419999999998205,2.6884,1,0.15309999999999999,0.07930000000000001,376832,15,15,3.0446,8048,0,0,50.52000045776367,18.40169906616211,6.630199909210205,3.0071001052856445,0.48089998960494995,119.82219696044922,0.0075,0,0.1744,15.8316,16.3512,0.0005,0.7441,1,2311294,0,0,0,9989,58.19,39.25704
148,208.54629516601562,0.34040001034736633,19.74799919128418,5.452499866485596,2.3643999099731445,2.2739999294281006,14.379599571228027,0.984000027179718,10000,10009,20000,10006,20000,20000,10000,0.3946000039577484,0.0012000000569969416,5.058899879455566,10000,2.1381999999998205,1.3982,1,0.1486,0.0628,376832,15,15,2.5535,7712,0,0,20.234600067138672,14.413700103759766,3.2929999828338623,1.5012999773025513,0.0017999999690800905,162.0272979736328,0,0,0,0,0,0,0,0,0,0,0,0,0,58.08148,39.42916
149,207.93870544433594,6.944200038909912,20.234600067138672,5.720799922943115,1.7108999490737915,3.871799945831299,14.829000473022461,0.9824000000953674,10000,10009,20000,10006,20000,20000,10000,0.3652999997138977,0.002199999988079071,4.233799934387207,10000,2.1522999999998236,2.464,1,0.14250000000000002,0.0576,376832,15,15,1.6812,585176,0,0,27.363399505615234,15.357600212097168,4.4608001708984375,5.0254998207092285,0.4909000098705292,149.48309326171875,0,0,0,0,0,0,0,0,0,0,0,0,0,58.17776,39.3754
150,209.1540985107422,32.19380187988281,29.997400283813477,5.64739990234375,8.050299644470215,6.207600116729736,18.03849983215332,0.9807999730110168,10000,10009,20000,10006,20000,20000,10000,0.3458000123500824,0.0019000000320374966,4.836599826812744,10000,2.3095999999998864,4.8068,1,0.35420000000000007,0.19799999999999998,376832,15,15,6.5001,44048,0,0,62.33380126953125,19.493900299072266,9.625499725341797,3.9428999423980713,1.3747999668121338,97.61579895019531,0.0072,0,0.1758,16.4405,26.7778,9.7834,0.683,1,2400010,195621,10000,42927,9998,57.97916,38.99404
151,208.20899963378906,0.49630001187324524,20.396099090576172,5.559999942779541,2.2014999389648438,2.685499906539917,14.625300407409668,1.0082999467849731,10000,10009,20000,10006,20000,20000,10000,0.6288999915122986,0.0017999999690800905,4.79040002822876,10000,2.1549999999998253,1.6211,1,0.1584,0.09809999999999999,376832,15,15,2.844,7712,0,0,21.158700942993164,14.672499656677246,4.750999927520752,1.8569999933242798,0.002899999963119626,158.1623992919922,0,0,0,0,0,0,0,0,0,0,0,0,0,58.13036,38.96472
152,207.9031982421875,3.0494000911712646,19.66659927368164,5.623700141906738,1.868399977684021,2.6565001010894775,14.572799682617188,1.018399953842163,10000,10009,20000,10006,20000,20000,10000,0.5085999965667725,0.0012000000569969416,4.850599765777588,10000,2.1565999999998238,1.8178,1,0.1356,0.047200000000000006,376832,15,15,1.7487,15952,0,0,22.853599548339844,14.611599922180176,3.771399974822998,1.733299970626831,0.003000000026077032,158.49400329589844,0,0,0,0,0,0,0,0,0,0,0,0,0,58.10188,39.20064
153,207.96229553222656,5.1996002197265625,20.934200286865234,5.9542999267578125,1.618499994277954,4.192399978637695,14.597700119018555,1.0176000595092773,10000,10009,20000,10006,20000,20000,10000,0.36309999227523804,0.0017999999690800905,4.316400051116943,10000,2.136399999999821,2.4646,1,0.1359,0.0408,376832,15,15,1.9222,639192,0,0,26.265300750732422,15.484700202941895,4.4421000480651855,5.31689977645874,0.8371999859809875,149.87339782714844,0,0,0,0,0,0,0,0,0,0,0,0,0,58.17084,39.07944
154,208.6385955810547,41.160701751708984,37.30619812011719,6.088799953460693,10.940899848937988,7.876399993896484,15.041600227355957,1.0946999788284302,10000,10009,20000,10006,20000,20000,10000,0.4544000029563904,0.003000000026077032,6.281300067901611,10000,2.138399999999821,2.7452,1,0.1462,0.0776,376832,15,15,3.4149,45320,0,0,78.67169952392578,16.103500366210938,5.492499828338623,3.3629000186920166,1.0082000494003296,95.1082992553711,0.0073,9.4173002243042,0.1724,15.0507,25.4078,9.8377,0.7185,1,2442850,189728,10000,41579,9999,58.03184,39.20376
155,208.52349853515625,0.33009999990463257,18.88319969177246,5.376800060272217,1.7337000370025635,2.2499001026153564,14.44789981842041,0.9864000082015991,10000,10009,20000,10006,20000,20000,10000,0.35839998722076416,0.0010999999940395355,5.051000118255615,10000,2.1716999999998197,1.3981,1,0.1485,0.07830000000000001,376832,15,15,2.3148,7712,0,0,19.352699279785156,14.47819995880127,3.309499979019165,1.8360999822616577,0.0017000000225380063,162.29299926757812,0,0,0,0,0,0,0,0,0,0,0,0,0,58.4344,38.87564
156,208.24049377441406,4.690100193023682,30.326200485229492,6.968500137329102,3.91729998588562,4.197199821472168,15.191399574279785,1.437000036239624,10000,10009,20000,10006,20000,20000,10000,0.5080000162124634,0.002199999988079071,7.378600120544434,10000,2.3115999999998387,2.6894,1,0.24930000000000002,0.0801,376832,15,15,2.6755,15952,0,0,35.232398986816406,15.246700286865234,4.725800037384033,2.3053998947143555,0.0038999998942017555,136.82009887695312,0,0,0,0,0,0,0,0,0,0,0,0,0,58.105,38.8106
157,208.1616973876953,4.726799964904785,20.10540008544922,5.645299911499023,1.5322999954223633,3.8594000339508057,14.521200180053711,0.9822999835014343,10000,10009,20000,10006,20000,20000,10000,0.37689998745918274,0.0017999999690800905,4.336299896240234,10000,2.14099999999982,2.4292,1,0.1316,0.0529,376832,15,15,1.772,574648,0,0,24.96470069885254,15.442500114440918,4.394899845123291,5.331900119781494,0.8791999816894531,151.6461944580078,0,0,0,0,0,0,0,0,0,0,0,0,0,58.383,38.81736
158,207.90150451660156,4.657199859619141,17.481000900268555,5.40500020980835,1.5077999830245972,2.1956000328063965,14.364399909973145,0.9818000197410583,10000,10009,20000,10006,20000,20000,10000,0.3718999922275543,0.0010000000474974513,3.9384000301361084,10000,2.1458999999998243,2.7635,1,0.1911,0.04,376832,15,15,1.9267,42560,0,0,22.2716007232666,14.395299911499023,5.638599872589111,2.039799928665161,0.0027000000700354576,156.8592987060547,0,0,0,0,0,0,0,0,0,0,0,0,0,58.00728,38.90836
159,208.55479431152344,0.40790000557899475,19.204299926757812,5.534800052642822,1.586300015449524,2.603100061416626,14.698699951171875,0.9883999824523926,10000,10009,20000,10006,20000,20000,10000,0.4009999930858612,0.0010999999940395355,4.903800010681152,10000,2.1426999999998215,2.3937,1,0.16329999999999997,0.1555,376832,15,15,1.9506,7712,0,0,19.746999740600586,14.733499526977539,4.406499862670898,1.5354000329971313,0.002199999988079071,161.52789306640625,0,0,0,0,0,0,0,0,0,0,0,0,0,58.19776,38.8208
160,207.28179931640625,2.5625998973846436,19.361099243164062,5.700300216674805,1.5960999727249146,2.579200029373169,14.667099952697754,0.9904000163078308,10000,10009,20000,10006,20000,20000,10000,0.3382999897003174,0.0017000000225380063,5.007900238037109,10000,2.169399999999822,2.0159,1,0.1355,0.054000000000000006,376832,15,15,1.8314,15952,0,0,22.0669002532959,14.719400405883789,3.981300115585327,1.9318000078201294,0.003100000089034438,156.3177032470703,0,0,0,0,0,0,0,0,0,0,0,0,0,58.02276,39.13252
161,207.37069702148438,4.544899940490723,19.707799911499023,5.7067999839782715,1.5565999746322632,3.411099910736084,15.002300262451172,0.991100013256073,10000,10009,20000,10006,20000,20000,10000,0.3452000021934509,0.00139999995008111,4.288099765777588,10000,2.1612999999998292,1.8934,1,0.134,0.0445,376832,15,15,1.7851,550192,0,0,24.39109992980957,15.737000465393066,3.9035000801086426,5.319900035858154,0.6912999749183655,151.5675048828125,0,0,0,0,0,0,0,0,0,0,0,0,0,58.06596,38.74952
162,207.70199584960938,19.802200317382812,29.088499069213867,5.776299953460693,8.145899772644043,5.342899799346924,16.923799514770508,0.9944000244140625,10000,10009,20000,10006,20000,20000,10000,0.3736000061035156,0.0010999999940395355,4.7789998054504395,10000,2.13939999999982,2.3921,1,0.2378,0.0788,376832,15,15,2.5582,8048,0,0,49.039398193359375,17.489700317382812,4.3572998046875,2.9282000064849854,0.532800018787384,125.2938003540039,0.0079,0,0.1755,15.7303,16.2516,0.0011,0.6211,1,2477142,0,0,0,9988,58.01248,38.60236
163,207.28729248046875,0.33340001106262207,18.646699905395508,5.375500202178955,1.5616999864578247,2.2091000080108643,14.525300025939941,0.9873999953269958,10000,10009,20000,10006,20000,20000,10000,0.3116999864578247,0.0010000000474974513,5.087900161743164,10000,2.1512999999998272,1.4726,1,0.133,0.0461,376832,15,15,1.5324,7712,0,0,19.11639976501465,14.551400184631348,3.432300090789795,1.5199999809265137,0.0020000000949949026,162.64089965820312,0,0,0,0,0,0,0,0,0,0,0,0,0,58.09508,38.97532
164,207.1676025390625,7.280200004577637,19.670700073242188,5.848299980163574,1.573799967765808,2.9437999725341797,14.437700271606445,1.0851000547409058,10000,10009,20000,10006,20000,20000,10000,0.3723999857902527,0.0010000000474974513,4.3968000411987305,10000,2.246699999999836,1.4779,1,0.1563,0.0416,376832,15,15,1.7478,598368,0,0,27.083999633789062,14.956199645996094,3.4876999855041504,4.660999774932861,0.49380001425743103,150.585693359375,0,0,0,0,0,0,0,0,0,0,0,0,0,58.28136,38.74304
165,207.67730712890625,32.221099853515625,28.21769905090332,5.561500072479248,7.909299850463867,5.166999816894531,15.330599784851074,0.9800999760627747,10000,10009,20000,10006,20000,20000,10000,0.41679999232292175,0.0008999999845400453,4.499300003051758,10000,2.179599999999829,3.6,1,0.1376,0.0485,376832,15,15,1.9395,34544,0,0,60.57680130004883,15.953200340270996,5.965400218963623,3.5090999603271484,0.5863000154495239,112.33450317382812,0.0081,0,0.2216,16.2388,26.9777,10.1748,0.6512,1,2542402,199139,10000,43652,9998,57.94896,38.37648
166,207.85130310058594,0.3440000116825104,18.900400161743164,5.482500076293945,1.6327999830245972,2.2179999351501465,14.478599548339844,0.995199978351593,10000,10009,20000,10006,20000,20000,10000,0.3508000075817108,0.0017999999690800905,5.084700107574463,10000,2.1367999999998206,1.4697,1,0.14550000000000002,0.08,376832,15,15,2.5166,7712,0,0,19.394100189208984,14.5068998336792,3.4182000160217285,1.8157000541687012,0.0017999999690800905,161.66079711914062,0,0,0,0,0,0,0,0,0,0,0,0,0,58.15584,38.46836
167,206.654296875,2.9079999923706055,18.89419937133789,5.426199913024902,1.5540000200271606,2.2335000038146973,14.83549976348877,1.0382000207901,10000,10009,20000,10006,20000,20000,10000,0.38989999890327454,0.0007999999797903001,4.973400115966797,10000,2.2147999999998325,1.5447,1,0.13340000000000002,0.053500000000000006,376832,15,15,1.7881,15952,0,0,21.9424991607666,14.86520004272461,3.4888999462127686,1.516700029373169,0.0017999999690800905,158.43380737304688,0,0,0,0,0,0,0,0,0,0,0,0,0,58.0924,38.6518
168,207.216796875,4.896100044250488,19.148000717163086,5.687699794769287,1.5333000421524048,2.866300106048584,14.288399696350098,0.9883999824523926,10000,10009,20000,10006,20000,20000,10000,0.38670000433921814,0.0007999999797903001,4.332399845123291,10000,2.147199999999823,1.4341,1,0.1346,0.047799999999999995,376832,15,15,1.7157,602512,0,0,24.172100067138672,15.050299644470215,3.3691000938415527,4.793600082397461,0.7372999787330627,153.5323028564453,0,0,0,0,0,0,0,0,0,0,0,0,0,58.36732,38.51212
169,207.8137969970703,42.003299713134766,34.37699890136719,5.660999774932861,9.623800277709961,7.729400157928467,14.955400466918945,1.0932999849319458,10000,10009,20000,10006,20000,20000,10000,0.4584999978542328,0.002099999925121665,4.910299777984619,10000,2.162399999999824,2.0246,1,0.14609999999999998,0.0637,376832,15,15,3.8215,36296,0,0,76.52359771728516,15.592399597167969,4.31279993057251,2.3543999195098877,0.5888000130653381,99.36849975585938,0.0092,9.693499565124512,0.1981,15.79,26.3426,10.0201,0.7166,1,2570616,193004,10000,42252,9996,58.21932,38.44512
170,207.79580688476562,0.34279999136924744,19.05389976501465,5.561999797821045,1.6102999448776245,2.2706000804901123,14.302599906921387,0.974399983882904,10000,10009,20000,10006,20000,20000,10000,0.4041999876499176,0.0010999999940395355,5.042600154876709,10000,2.1433999999998234,2.4265,1,0.14600000000000002,0.0828,376832,15,15,2.1402,7712,0,0,19.539600372314453,14.331299781799316,4.398600101470947,1.5225000381469727,0.0017999999690800905,161.22540283203125,0,0,0,0,0,0,0,0,0,0,0,0,0,126.60276,38.52756
171,207.33279418945312,2.7913999557495117,18.689199447631836,5.395299911499023,1.6344000101089478,2.2792999744415283,14.424400329589844,0.9854999780654907,10000,10009,20000,10006,20000,20000,10000,0.3398999869823456,0.0010999999940395355,4.95959997177124,10000,2.154599999999852,1.5199,1,0.2833,0.0558,376832,15,15,1.7147,15952,0,0,21.627899169921875,14.462400436401367,3.4451000690460205,2.0071001052856445,0.003100000089034438,159.09019470214844,0,0,0,0,0,0,0,0,0,0,0,0,0,58.20612,38.59536
172,248.43890380859375,10.965100288391113,20.207399368286133,5.667200088500977,1.6478999853134155,3.2112998962402344,14.5108003616333,1.0678000450134277,10000,10009,20000,10006,20000,20000,10000,0.4657000005245209,0.0010999999940395355,4.694799900054932,10000,2.146799999999819,1.4378,1,0.13240000000000002,0.0507,376832,15,15,1.6561,595824,1,0,31.3085994720459,15.003199577331543,3.3434998989105225,4.531000137329102,0.4672999978065491,188.1488037109375,0,0,0,0,0,0,0,0,0,0,0,0,0,58.35096,38.47084
173,207.50439453125,4.872200012207031,20.63680076599121,5.8277997970581055,1.6328999996185303,3.1461000442504883,14.715700149536133,1.1448999643325806,10000,10009,20000,10006,20000,20000,10000,0.3995000123977661,0.0017000000225380063,4.3831000328063965,10000,2.1257999999998187,1.3887,1,0.13369999999999999,0.043300000000000005,376832,15,15,1.4321,61152,0,0,25.900699615478516,14.76039981842041,3.29830002784729,1.5046000480651855,0.0019000000320374966,156.18809509277344,0,0,0,0,0,0,0,0,0,0,0,0,0,57.96064,38.65344
174,207.33889770507812,0.420199990272522,19.026500701904297,5.503900051116943,1.6902999877929688,2.196000099182129,14.375300407409668,0.9957000017166138,10000,10009,20000,10006,20000,20000,10000,0.33399999141693115,0.0010999999940395355,5.099699974060059,10000,2.1331999999998192,1.987,1,0.14150000000000001,0.0484,376832,15,15,1.6252,7712,0,0,19.652099609375,14.401900291442871,3.9855000972747803,1.503999948501587,0.0019000000320374966,161.652099609375,0,0,0,0,0,0,0,0,0,0,0,0,0,57.9164,38.57528
175,207.22450256347656,2.6066999435424805,21.545700073242188,5.474100112915039,2.2219998836517334,3.3538999557495117,14.545700073242188,1.180899977684021,10000,10009,20000,10006,20000,20000,10000,0.4823000133037567,0.0017000000225380063,5.227799892425537,10000,2.142299999999821,1.371,1,0.13529999999999998,0.0566,376832,15,15,1.4643,15952,0,0,24.402799606323242,14.597700119018555,3.253999948501587,1.5363999605178833,0.003100000089034438,157.3885040283203,0,0,0,0,0,0,0,0,0,0,0,0,0,58.11148,38.77524
176,207.18150329589844,5.1631999015808105,21.02079963684082,5.674099922180176,1.6309000253677368,3.433199882507324,14.509499549865723,0.9776999950408936,10000,10009,20000,10006,20000,20000,10000,1.117799997329712,0.0015999999595806003,4.777500152587891,10000,2.15089999999982,1.3634,1,0.1338,0.0376,376832,15,15,1.7088,536784,0,0,26.385799407958984,14.938799858093262,3.2704999446868896,4.298500061035156,0.3822000026702881,152.05670166015625,0,0,0,0,0,0,0,0,0,0,0,0,0,57.6016,38.49884
177,207.83200073242188,19.57430076599121,49.435699462890625,6.444499969482422,26.462799072265625,5.598100185394287,14.730299949645996,0.9725000262260437,10000,10009,20000,10006,20000,20000,10000,0.3361000120639801,0.0010999999940395355,5.7230000495910645,10000,2.164199999999825,1.4428,1,0.1437,0.0443,376832,15,15,1.6632,8048,0,0,69.2261962890625,15.223600387573242,3.341099977493286,1.8866000175476074,0.4643000066280365,111.93370056152344,0.0637,0,0.1738,15.2077,15.7335,0.0004,0.6304,1,2582130,0,0,0,9977,58.03252,38.46216
178,206.5655975341797,0.388700008392334,19.17729949951172,5.355199813842773,1.655900001525879,2.259399890899658,14.30049991607666,1.011299967765808,10000,10009,20000,10006,20000,20000,10000,0.3709000051021576,0.0010999999940395355,5.258999824523926,10000,2.1413999999998192,1.4005,1,0.23820000000000002,0.1009,376832,15,15,2.2999,7712,0,0,19.779300689697266,14.327799797058105,3.286799907684326,1.5728000402450562,0.0017000000225380063,160.54629516601562,0,0,0,0,0,0,0,0,0,0,0,0,0,57.8728,38.53372
179,206.80149841308594,2.713399887084961,18.998899459838867,5.4141998291015625,1.5529999732971191,2.2843000888824463,14.32919979095459,0.9947999715805054,10000,10009,20000,10006,20000,20000,10000,0.4203999936580658,0.0010999999940395355,5.157800197601318,10000,2.157099999999821,1.3661,1,0.13169999999999998,0.04870000000000001,376832,15,15,1.5528,15952,0,0,22.038400650024414,14.362199783325195,3.2567999362945557,1.4780000448226929,0.00279999990016222,159.45750427246094,0,0,0,0,0,0,0,0,0,0,0,0,0,57.90936,38.73016
180,207.0970001220703,5.529600143432617,20.42289924621582,5.722599983215332,1.7372000217437744,3.52020001411438,14.588199615478516,0.996999979019165,10000,10009,20000,10006,20000,20000,10000,0.38449999690055847,0.00139999995008111,4.666999816894531,10000,2.2018999999998274,1.5073,1,0.13379999999999997,0.0442,376832,15,15,1.6915,542648,0,0,26.15399932861328,15.056300163269043,3.4428999423980713,5.000199794769287,0.42980000376701355,151.21319580078125,0,0,0,0,0,0,0,0,0,0,0,0,0,58.00732,38.60836
181,207.27040100097656,35.7864990234375,26.853599548339844,5.456399917602539,6.856800079345703,5.461999893188477,14.395400047302246,0.9993000030517578,10000,10009,20000,10006,20000,20000,10000,0.36399999260902405,0.0008999999845400453,4.445199966430664,10000,2.160699999999821,1.4885,1,0.142,0.0393,376832,15,15,2.6934,33648,0,0,62.85660171508789,18.416500091552734,3.376499891281128,1.875599980354309,3.9927000999450684,113.4208984375,0.008,0,0.1721,16.0243,29.9397,10.3921,1.1517,1,2643368,197606,10000,43658,9995,58.06848,38.27844
182,207.15969848632812,0.46700000762939453,20.58839988708496,5.51200008392334,1.6856000423431396,2.39739990234375,14.656299591064453,0.9969000220298767,10000,10009,20000,10006,20000,20000,10000,0.31610000133514404,0.0010999999940395355,6.414400100708008,10000,2.143899999999825,1.3836,1,0.1385,0.0456,376832,15,15,1.4767,7712,0,0,21.220699310302734,14.69480037689209,3.299299955368042,1.5163999795913696,0.003100000089034438,160.3029022216797,0,0,0,0,0,0,0,0,0,0,0,0,0,57.98772,38.32424
183,206.55630493164062,7.178100109100342,21.00149917602539,5.699900150299072,1.7473000288009644,3.1586999893188477,14.389800071716309,1.0916999578475952,10000,10009,20000,10006,20000,20000,10000,0.41510000824928284,0.0008999999845400453,5.269899845123291,10000,2.1610999999998186,1.3401,1,0.13269999999999998,0.0526,376832,15,15,1.5537,521720,0,0,28.339399337768555,14.821000099182129,3.2227001190185547,4.22189998626709,0.40450000762939453,149.81080627441406,0,0,0,0,0,0,0,0,0,0,0,0,0,58.10816,38.37408
184,207.4949951171875,52.88570022583008,28.322599411010742,5.421899795532227,7.7515997886657715,5.428500175476074,14.429900169372559,0.9968000054359436,10000,10009,20000,10006,20000,20000,10000,0.427700012922287,0.0010999999940395355,4.8557000160217285,10000,2.156399999999819,1.9487,1,0.13299999999999998,0.0516,376832,15,15,1.677,41832,0,0,81.3407974243164,18.19969940185547,3.8552000522613525,1.967900037765503,3.7414000034332275,95.94400024414062,0.0099,13.685600280761719,0.1773,16.1847,26.872,10.1791,7.0537,1,2650608,191441,10000,42277,9996,57.83692,38.3638
185,206.94970703125,0.45010000467300415,20.14240074157715,5.493100166320801,1.9711999893188477,2.5980000495910645,14.474699974060059,0.9871000051498413,10000,10009,20000,10006,20000,20000,10000,0.4399999976158142,0.0010000000474974513,5.362800121307373,10000,2.2181999999998183,2.0036,1,0.13229999999999997,0.046,376832,15,15,1.6774,7712,0,0,20.824100494384766,14.51200008392334,3.910599946975708,1.4996999502182007,0.003100000089034438,159.83380126953125,0,0,0,0,0,0,0,0,0,0,0,0,0,58.0794,38.14356
186,206.6352996826172,3.4798998832702637,20.260799407958984,5.407299995422363,1.7117999792099,2.4690001010894775,14.39680004119873,1.044100046157837,10000,10009,20000,10006,20000,20000,10000,0.41990000009536743,0.0017000000225380063,5.6691999435424805,10000,2.1363999999998207,1.358,1,0.1356,0.045200000000000004,376832,15,15,1.4416,15952,0,0,24.00480079650879,14.443900108337402,3.259999990463257,1.5010000467300415,0.0034000000450760126,157.34280395507812,0,0,0,0,0,0,0,0,0,0,0,0,0,57.92032,38.2008
187,207.1116943359375,5.375100135803223,21.40959930419922,5.786399841308594,1.6938999891281128,3.8526999950408936,14.681400299072266,1.0758999586105347,10000,10009,20000,10006,20000,20000,10000,0.44020000100135803,0.002199999988079071,5.05079984664917,10000,2.160599999999825,1.499,1,0.1325,0.051199999999999996,376832,15,15,1.844,542800,0,0,26.987699508666992,15.147899627685547,3.430000066757202,5.448400020599365,0.42730000615119934,149.71429443359375,0,0,0,0,0,0,0,0,0,0,0,0,0,58.10092,38.19924
188,206.5930938720703,4.868599891662598,21.52120018005371,5.548600196838379,2.317199945449829,3.3264000415802,14.723899841308594,1.12090003490448,10000,10009,20000,10006,20000,20000,10000,0.52920001745224,0.0017999999690800905,4.618100166320801,10000,2.131899999999821,1.394,1,0.13319999999999999,0.0422,376832,15,15,1.4674,39720,0,0,26.53219985961914,14.767600059509277,3.3326001167297363,1.514299988746643,0.0015999999595806003,154.5478973388672,0,0,0,0,0,0,0,0,0,0,0,0,0,58.08488,38.26088
189,206.63699340820312,0.4178999960422516,19.934099197387695,5.428199768066406,1.6970000267028809,2.449899911880493,14.608200073242188,0.9830999970436096,10000,10009,20000,10006,20000,20000,10000,0.4020000100135803,0.0017000000225380063,5.46019983291626,10000,2.153099999999822,1.4595,1,0.13419999999999999,0.046,376832,15,15,1.6586,7712,0,0,20.56559944152832,14.653800010681152,3.3959999084472656,1.483299970626831,0.0034000000450760126,160.18170166015625,0,0,0,0,0,0,0,0,0,0,0,0,0,58.1078,38.23056
190,206.6614990234375,3.9391000270843506,20.18269920349121,5.446400165557861,1.81659996509552,2.546799898147583,14.437800407409668,0.9682000279426575,10000,10009,20000,10006,20000,20000,10000,0.37720000743865967,0.0015999999595806003,5.760300159454346,10000,2.1592999999998232,1.4613,1,0.1323,0.0469,376832,15,15,1.6779,15952,0,0,24.28510093688965,14.500699996948242,3.4084999561309814,1.8151999711990356,0.003000000026077032,156.40420532226562,0,0,0,0,0,0,0,0,0,0,0,0,0,58.18936,38.49268
191,207.2104034423828,5.468599796295166,23.984800338745117,6.020899772644043,2.208400011062622,5.202000141143799,16.16189956665039,1.1124999523162842,10000,10009,20000,10006,20000,20000,10000,0.42879998683929443,0.0020000000949949026,4.923500061035156,10000,2.6427000000000946,1.4776,1,0.18330000000000002,0.0611,376832,15,15,1.8856,558888,0,0,29.584299087524414,16.748300552368164,3.410799980163574,5.077600002288818,0.5358999967575073,144.70579528808594,0,0,0,0,0,0,0,0,0,0,0,0,0,57.8102,38.1754
192,207.55419921875,20.801700592041016,29.370399475097656,5.6585001945495605,9.569299697875977,4.968299865722656,14.477499961853027,0.9825000166893005,10000,10009,20000,10006,20000,20000,10000,0.34689998626708984,0.0012000000569969416,4.400300025939941,10000,2.1457999999998214,1.4234,1,0.13269999999999998,0.0501,376832,15,15,1.5853,8048,0,0,50.36000061035156,15.008899688720703,3.324700117111206,2.1528000831604004,0.5027999877929688,130.5706024169922,0.0106,0,0.166,16.7307,17.237,0.0021,0.6726,1,2640040,0,0,0,9970,57.7994,38.1596
193,206.31759643554688,0.3449999988079071,19.277799606323242,5.416800022125244,1.6569000482559204,2.21560001373291,14.394200325012207,0.9761999845504761,10000,10009,20000,10006,20000,20000,10000,0.3617999851703644,0.0010999999940395355,5.429100036621094,10000,2.144199999999822,1.3749,1,0.16310000000000002,0.0912,376832,15,15,2.3055,7712,0,0,19.962900161743164,14.422699928283691,3.278599977493286,1.5048999786376953,0.0017000000225380063,160.1688995361328,0,0,0,0,0,0,0,0,0,0,0,0,0,57.86284,38.1042
194,206.7115020751953,3.9964001178741455,20.66950035095215,5.558800220489502,1.9450000524520874,2.6150999069213867,14.425100326538086,1.079699993133545,10000,10009,20000,10006,20000,20000,10000,0.4194999933242798,0.001500000013038516,5.410399913787842,10000,2.139899999999819,1.4126,1,0.1418,0.0441,376832,15,15,1.6127,15952,0,0,24.84469985961914,14.471699714660645,3.3705999851226807,1.489799976348877,0.0027000000700354576,156.34750366210938,0,0,0,0,0,0,0,0,0,0,0,0,0,57.81644,38.30404
195,206.41250610351562,4.908899784088135,19.902999877929688,5.649499893188477,1.551900029182434,3.452500104904175,14.402199745178223,0.9703999757766724,10000,10009,20000,10006,20000,20000,10000,0.35089999437332153,0.001500000013038516,4.5630998611450195,10000,2.23519999999983,1.4945,1,0.1355,0.0509,376832,15,15,1.7318,551760,0,0,25.03700065612793,14.881999969482422,3.4202001094818115,4.758900165557861,0.43779999017715454,151.9188995361328,0,0,0,0,0,0,0,0,0,0,0,0,0,57.97472,38.01248
196,207.172607421875,31.58340072631836,31.07990074157715,5.42609977722168,9.317999839782715,6.720799922943115,14.682499885559082,1.052299976348877,10000,10009,20000,10006,20000,20000,10000,0.41130000352859497,0.0010000000474974513,4.378300189971924,10000,2.1493999999998246,1.9309,1,0.1477,0.08360000000000001,376832,15,15,1.7809,37904,0,0,62.94029998779297,15.261699676513672,3.8436999320983887,1.8938000202178955,0.5501999855041504,116.87909698486328,0.0105,0,0.1627,15.597,26.2669,10.1642,0.6214,1,2672110,193252,9999,42801,9992,57.87264,37.9396
197,206.77769470214844,0.3928000032901764,20.05900001525879,5.546500205993652,1.6353000402450562,2.4393999576568604,14.4931001663208,0.9976999759674072,10000,10009,20000,10006,20000,20000,10000,0.415800005197525,0.0017999999690800905,5.500800132751465,10000,2.1451999999998232,1.3805,1,0.1449,0.0754,376832,15,15,1.6053,7712,0,0,20.597900390625,14.543999671936035,3.355799913406372,1.4911999702453613,0.0019000000320374966,160.6450958251953,0,0,0,0,0,0,0,0,0,0,0,0,0,58.12036,38.03544
198,206.2176971435547,2.876300096511841,19.828399658203125,5.5005998611450195,1.8687000274658203,2.3947999477386475,14.567000389099121,1.0266000032424927,10000,10009,20000,10006,20000,20000,10000,0.3905999958515167,0.0019000000320374966,5.385200023651123,10000,2.1572999999998252,1.9678,1,0.1326,0.0423,376832,15,15,1.7962,15952,0,0,22.911500930786133,14.618200302124023,3.8785998821258545,1.4979000091552734,0.003700000001117587,156.87179565429688,0,0,0,0,0,0,0,0,0,0,0,0,0,57.95324,37.96064
199,207.0189971923828,4.871600151062012,23.65169906616211,5.827700138092041,2.0297999382019043,3.6275999546051025,15.036399841308594,1.0391000509262085,10000,10009,20000,10006,20000,20000,10000,0.3684999942779541,0.0017999999690800905,5.986100196838379,10000,2.141799999999822,1.9627,1,0.132,0.051699999999999996,376832,15,15,1.6961,514944,0,0,28.738300323486328,15.499199867248535,3.874300003051758,4.78249979019165,0.41659998893737793,147.94400024414062,0,0,0,0,0,0,0,0,0,0,0,0,0,57.62164,37.99644
200,206.61289978027344,45.40359878540039,28.224300384521484,5.397200107574463,8.599300384521484,5.379000186920166,14.319999694824219,0.9787999987602234,10000,10009,20000,10006,20000,20000,10000,0.33180001378059387,0.0008999999845400453,4.05210018157959,10000,2.12749999999982,1.3993,1,0.1476,0.050699999999999995,376832,15,15,1.7198,46448,0,0,73.88179779052734,14.898599624633789,3.3682000637054443,1.871500015258789,0.5511999726295471,106.39240264892578,0.0126,12.838899612426758,0.168,16.4851,26.9901,10.0107,0.6348,1,2664692,186638,10000,40975,9993,57.96364,37.87784
201,206.63870239257812,0.4099000096321106,20.002099990844727,5.500400066375732,2.0841000080108643,2.4570000171661377,14.474100112915039,0.9941999912261963,10000,10009,20000,10006,20000,20000,10000,0.34779998660087585,0.0017999999690800905,5.413300037384033,10000,2.1485999999998207,1.3415,1,0.1441,0.0862,376832,15,15,1.7014,7712,0,0,20.590499877929688,14.51830005645752,3.230299949645996,1.861199975013733,0.0019000000320374966,160.1721954345703,0,0,0,0,0,0,0,0,0,0,0,0,0,57.8532,37.88796
202,206.52659606933594,3.0511999130249023,22.1968994140625,5.73859977722168,2.5478999614715576,2.755000114440918,14.504799842834473,1.1327999830245972,10000,10009,20000,10006,20000,20000,10000,0.35420000553131104,0.0019000000320374966,5.297599792480469,10000,2.141999999999819,1.452,1,0.1326,0.0428,376832,15,15,2.4759,15952,0,0,25.481700897216797,14.546699523925781,3.3487000465393066,1.819200038909912,0.0015999999595806003,154.3636016845703,0,0,0,0,0,0,0,0,0,0,0,0,0,57.85432,37.92948
203,206.52659606933594,4.865099906921387,20.271099090576172,5.660699844360352,1.5735000371932983,3.479599952697754,14.405500411987305,0.9901999831199646,10000,10009,20000,10006,20000,20000,10000,0.49399998784065247,0.0013000000035390258,4.596799850463867,10000,2.1273999999998217,1.3923,1,0.1328,0.0463,376832,15,15,1.6779,592768,0,0,25.271900177001953,14.912199974060059,3.283099889755249,4.560500144958496,0.46970000863075256,152.32110595703125,0,0,0,0,0,0,0,0,0,0,0,0,0,57.81096,37.89852
204,206.1761932373047,4.892099857330322,18.605899810791016,5.39139986038208,1.5406999588012695,2.7755000591278076,15.085200309753418,0.9825000166893005,10000,10009,20000,10006,20000,20000,10000,0.3402000069618225,0.0017999999690800905,4.47790002822876,10000,2.1436999999998227,1.3822,1,0.133,0.0399,376832,15,15,1.6446,41832,0,0,23.718700408935547,15.138500213623047,3.289900064468384,1.7791999578475952,0.003000000026077032,155.13560485839844,0,0,0,0,0,0,0,0,0,0,0,0,0,57.8584,37.91868
205,206.39610290527344,0.37779998779296875,20.18090057373047,5.565000057220459,2.193700075149536,2.4779999256134033,14.610799789428711,0.9835000038146973,10000,10009,20000,10006,20000,20000,10000,0.3650999963283539,0.0017999999690800905,5.368800163269043,10000,2.1440999999998236,1.6235,1,0.13219999999999998,0.0505,376832,15,15,1.6298,7712,0,0,20.684600830078125,14.652299880981445,3.5488998889923096,1.498900055885315,0.0017000000225380063,159.83599853515625,0,0,0,0,0,0,0,0,0,0,0,0,0,57.94772,37.86
206,206.4739990234375,3.1807000637054443,22.032800674438477,5.807400226593018,2.522700071334839,3.3838000297546387,15.228699684143066,1.2164000272750854,10000,10009,20000,10006,20000,20000,10000,0.42410001158714294,0.002400000113993883,5.281899929046631,10000,2.1539999999998187,1.3879,1,0.1331,0.0403,376832,15,15,1.5657,15952,0,0,25.430599212646484,15.276399612426758,3.3761000633239746,1.617799997329712,0.0027000000700354576,154.5771942138672,0,0,0,0,0,0,0,0,0,0,0,0,0,58.03456,38.1174
207,206.1197967529297,4.650899887084961,20.109600067138672,5.723299980163574,1.621899962425232,3.45770001411438,14.585100173950195,0.9786999821662903,10000,10009,20000,10006,20000,20000,10000,0.3995000123977661,0.0017000000225380063,4.575099945068359,10000,2.134799999999823,1.4172,1,0.1325,0.045399999999999996,376832,15,15,1.5651,525872,0,0,24.922000885009766,15.03849983215332,3.3046998977661133,4.158100128173828,0.4196999967098236,152.64010620117188,0,0,0,0,0,0,0,0,0,0,0,0,0,58.12776,37.89792
208,207.07809448242188,23.556499481201172,34.17509841918945,5.953000068664551,10.48840045928955,6.373000144958496,14.959799766540527,1.1414999961853027,10000,10009,20000,10006,20000,20000,10000,0.40880000591278076,0.0019000000320374966,5.5447001457214355,10000,2.1301999999998205,1.4305,1,0.1329,0.0464,376832,15,15,1.8771,8048,0,0,57.941200256347656,15.520000457763672,3.3598999977111816,2.3301000595092773,0.5175999999046326,121.41560363769531,0.0133,0,0.1765,18.9397,19.4728,0.0015,0.7457,1,2632412,0,0,0,9965,57.90044,37.82752
209,206.783203125,0.3391000032424927,21.212900161743164,5.555699825286865,2.25819993019104,3.2451999187469482,15.07979965209961,0.9887999892234802,10000,10009,20000,10006,20000,20000,10000,0.33480000495910645,0.0017000000225380063,5.616199970245361,10000,2.13359999999982,1.4748,1,0.13169999999999998,0.038,376832,15,15,1.723,7712,0,0,21.702899932861328,15.121500015258789,3.3901000022888184,2.3877999782562256,0.0017999999690800905,157.8881072998047,0,0,0,0,0,0,0,0,0,0,0,0,0,57.81584,37.8688
210,206.18350219726562,3.2137999534606934,19.81839942932129,5.526000022888184,1.826200008392334,2.5385000705718994,14.578200340270996,0.9829000234603882,10000,10009,20000,10006,20000,20000,10000,0.3743000030517578,0.0010999999940395355,5.268700122833252,10000,2.158999999999822,1.4964,1,0.1321,0.0492,376832,15,15,1.6985,15952,0,0,23.17259979248047,14.65310001373291,3.4797000885009766,1.506500005722046,0.009600000455975533,156.95599365234375,0,0,0,0,0,0,0,0,0,0,0,0,0,57.74288,37.84876
211,206.16180419921875,4.969299793243408,20.39590072631836,5.767899990081787,1.5717999935150146,3.4467999935150146,14.327099800109863,1.0963000059127808,10000,10009,20000,10006,20000,20000,10000,0.43790000677108765,0.0017000000225380063,4.5192999839782715,10000,2.142299999999832,1.5413,1,0.1366,0.0456,376832,15,15,1.7354,583368,0,0,25.505399703979492,14.817500114440918,3.4314000606536865,4.945300102233887,0.4551999866962433,151.28050231933594,0,0,0,0,0,0,0,0,0,0,0,0,0,57.979,37.93612
212,206.62460327148438,44.71080017089844,28.880699157714844,5.432499885559082,8.553099632263184,5.434800148010254,14.61769962310791,0.975600004196167,10000,10009,20000,10006,20000,20000,10000,0.40119999647140503,0.0010000000474974513,4.540200233459473,10000,2.1381999999998187,1.5158,1,0.13230000000000003,0.05109999999999999,376832,15,15,1.6036,36896,0,0,73.86000061035156,15.257699966430664,3.3859000205993652,1.9078999757766724,0.6083999872207642,106.0177993774414,0.0111,13.142600059509277,0.1488,15.6899,26.1599,9.9759,0.6373,1,2649924,186600,10000,40907,9991,58.3134,37.81852
213,206.99960327148438,0.3407999873161316,21.159900665283203,5.550899982452393,1.9859999418258667,2.6605000495910645,14.625499725341797,0.9865999817848206,10000,10009,20000,10006,20000,20000,10000,0.4032999873161316,0.0019000000320374966,6.427299976348877,10000,2.1334999999998185,1.7115,1,0.1323,0.0439,376832,15,15,1.7574,7712,0,0,21.656400680541992,14.676300048828125,3.6428000926971436,1.8990999460220337,0.0032999999821186066,158.71240234375,0,0,0,0,0,0,0,0,0,0,0,0,0,57.99032,37.74252
214,207.33749389648438,3.1357998847961426,26.200000762939453,6.279900074005127,2.8531999588012695,4.135499954223633,14.972100257873535,1.1892999410629272,10000,10009,20000,10006,20000,20000,10000,0.4440000057220459,0.002099999925121665,5.987800121307373,10000,2.1647999999998233,2.4083,1,0.1791,0.06609999999999999,376832,15,15,2.5137,15952,0,0,29.550600051879883,15.020500183105469,4.335299968719482,1.5606000423431396,0.0020000000949949026,149.69400024414062,0,0,0,0,0,0,0,0,0,0,0,0,0,57.95384,37.78264
215,206.71139526367188,5.705900192260742,22.308500289916992,5.808700084686279,1.8151999711990356,4.173799991607666,14.684000015258789,1.0859999656677246,10000,10009,20000,10006,20000,20000,10000,0.4602999985218048,0.001500000013038516,4.95359992980957,10000,2.13959999999982,2.2115,1,0.13219999999999998,0.044800000000000006,376832,15,15,1.7402,529072,0,0,28.23349952697754,15.171299934387207,4.150400161743164,4.674300193786621,0.4498000144958496,148.15130615234375,0,0,0,0,0,0,0,0,0,0,0,0,0,58.12252,37.75952
216,207.00399780273438,44.63330078125,29.876399993896484,5.499899864196777,9.46030044555664,5.124599933624268,14.606499671936035,0.9761999845504761,10000,10009,20000,10006,20000,20000,10000,0.3222000002861023,0.0015999999595806003,4.914999961853027,10000,2.1325999999998224,2.6397,1,0.1322,0.045599999999999995,376832,15,15,1.693,45736,0,0,74.6530990600586,15.18649959564209,4.55019998550415,2.321899890899658,0.5410000085830688,104.14409637451172,0.0113,13.35949993133545,0.145,15.5294,25.6276,9.6512,0.7395,1,2613240,178770,10000,38775,9992,58.23736,38.02252
217,207.4407958984375,0.3538999855518341,22.653799057006836,5.54010009765625,3.083400011062622,2.6226000785827637,14.424200057983398,1.0852999687194824,10000,10009,20000,10006,20000,20000,10000,0.4320000112056732,0.0019000000320374966,5.877799987792969,10000,2.2676999999998575,1.5016,1,0.1455,0.042,376832,15,15,2.906,7712,0,0,23.155000686645508,14.50510025024414,3.434799909591675,1.8935999870300293,0.00839999970048666,156.40139770507812,0,0,0,0,0,0,0,0,0,0,0,0,0,58.1454,37.89932
218,207.47479248046875,4.267099857330322,32.72700119018555,6.133999824523926,5.091000080108643,3.5764999389648438,14.977499961853027,1.0140999555587769,10000,10009,20000,10006,20000,20000,10000,0.4007999897003174,0.0017000000225380063,11.809399604797363,10000,2.1449999999998215,1.7681,1,0.25870000000000004,0.1963,376832,15,15,1.7716,15952,0,0,37.213199615478516,15.027099609375,3.6717000007629395,1.8561999797821045,0.0031999999191612005,142.97500610351562,0,0,0,0,0,0,0,0,0,0,0,0,0,58.16492,37.902
219,207.32899475097656,8.461199760437012,24.17799949645996,6.055699825286865,2.336899995803833,3.4944000244140625,14.737500190734863,1.1024999618530273,10000,10009,20000,10006,20000,20000,10000,0.4860999882221222,0.0008999999845400453,6.016900062561035,10000,2.1023999999998164,1.89,1,0.1322,0.0472,376832,15,15,1.4831,468720,0,0,32.93880081176758,15.159099578857422,3.8099000453948975,4.967400074005127,0.3944999873638153,144.46099853515625,0,0,0,0,0,0,0,0,0,0,0,0,0,58.31008,37.85668
220,207.8153076171875,6.404799938201904,33.28810119628906,6.513199806213379,6.470900058746338,4.440199851989746,17.073400497436523,1.13919997215271,10000,10009,20000,10006,20000,20000,10000,0.4708999991416931,0.0017999999690800905,8.552000045776367,10000,2.1387999999998315,2.6567,1,0.1363,0.0572,376832,15,15,2.4361,51600,0,0,39.917598724365234,17.126399993896484,4.645199775695801,1.9469000101089478,0.0035000001080334187,135.6042938232422,0,0,0,0,0,0,0,0,0,0,0,0,0,57.95104,37.84604
221,207.8572998046875,0.6304000020027161,25.29199981689453,5.764400005340576,3.0557000637054443,3.4983999729156494,14.938199996948242,1.117799997329712,10000,10009,20000,10006,20000,20000,10000,0.4553000032901764,0.0017999999690800905,6.5507001876831055,10000,2.184199999999824,2.4839,1,0.14939999999999998,0.08030000000000001,376832,15,15,2.5144,7712,0,0,26.199800491333008,14.986300468444824,4.464300155639648,2.1038999557495117,0.002099999925121665,152.84739685058594,0,0,0,0,0,0,0,0,0,0,0,0,0,58.19088,37.9088
222,207.87319946289062,3.7200000286102295,40.219200134277344,10.16919994354248,4.785399913787842,6.926199913024902,25.635700225830078,2.567699909210205,10000,10009,20000,10006,20000,20000,10000,1.0023000240325928,0.002899999963119626,7.523499965667725,10000,2.2520999999998415,2.4949,1,0.26249999999999996,0.1705,376832,15,15,4.0395,15952,0,0,44.1515007019043,25.699100494384766,7.181700229644775,2.2177000045776367,0.0038999998942017555,118.16780090332031,0,0,0,0,0,0,0,0,0,0,0,0,0,57.96596,37.94392
223,207.56680297851562,7.964300155639648,23.348400115966797,6.366399765014648,1.7058000564575195,3.3543999195098877,15.38700008392334,1.091599941253662,10000,10009,20000,10006,20000,20000,10000,0.45579999685287476,0.0008999999845400453,6.277500152587891,10000,2.110599999999817,2.3349,1,0.13280000000000003,0.0498,376832,15,15,1.4389,545592,0,0,31.519399642944336,15.850700378417969,4.394999980926514,4.996399879455566,0.43479999899864197,144.94400024414062,0,0,0,0,0,0,0,0,0,0,0,0,0,58.36408,37.95776
224,209.02639770507812,24.811599731445312,52.80860137939453,13.786100387573242,10.404500007629395,12.279600143432617,20.710100173950195,1.9907000064849854,10000,10009,20000,10006,20000,20000,10000,0.7480999827384949,0.002300000051036477,6.388199806213379,10000,2.2612999999998586,2.8365,1,0.31779999999999997,0.1418,376832,15,15,5.0135,8048,0,0,77.85150146484375,21.6919002532959,6.396500110626221,2.7799999713897705,0.923799991607666,86.42130279541016,0.0135,0,0.2287,19.1339,19.7068,0.0005,1.4406,1,2559276,0,0,0,9949,58.18948,38.02892
225,207.71119689941406,0.4083000123500824,29.54800033569336,5.886600017547607,3.78410005569458,4.708199977874756,15.059000015258789,1.131100058555603,10000,10009,20000,10006,20000,20000,10000,0.4796999990940094,0.0017000000225380063,7.679500102996826,10000,2.143899999999829,2.916,1,0.36419999999999997,0.1325,376832,15,15,4.1957,7712,0,0,30.174299240112305,15.116299629211426,6.951900005340576,2.2107999324798584,0.003700000001117587,139.16470336914062,0,0,0,0,0,0,0,0,0,0,0,0,0,58.16112,37.98288
226,208.17689514160156,4.6743998527526855,29.413799285888672,6.243199825286865,4.702899932861328,3.4707000255584717,14.879500389099121,1.1288000345230103,10000,10009,20000,10006,20000,20000,10000,0.4726000130176544,0.0015999999595806003,8.305100440979004,10000,2.34949999999995,3.6562,1,0.2997,0.1578,376832,15,15,4.6264,15952,0,0,34.300201416015625,14.932900428771973,7.376999855041504,2.8866000175476074,0.0034000000450760126,136.73440551757812,0,0,0,0,0,0,0,0,0,0,0,0,0,58.04984,37.98656
227,208.08889770507812,9.571200370788574,32.270198822021484,7.01639986038208,4.639800071716309,5.180099964141846,14.829700469970703,1.1420999765396118,10000,10009,20000,10006,20000,20000,10000,0.526199996471405,0.0017999999690800905,7.939499855041504,10000,2.2240999999998183,2.3461,1,0.27890000000000004,0.1328,376832,15,15,3.0821,481184,0,0,42.11140060424805,15.536299705505371,4.6442999839782715,6.792099952697754,0.6572999954223633,128.0841064453125,0,0,0,0,0,0,0,0,0,0,0,0,0,58.2162,38.01676
228,208.17959594726562,39.03820037841797,35.10689926147461,6.013299942016602,10.388400077819824,8.214799880981445,14.957500457763672,1.1068999767303467,10000,10009,20000,10006,20000,20000,10000,0.4560999870300293,0.0017999999690800905,4.54580020904541,10000,2.1469999999998213,2.1965,1,0.1503,0.081,376832,15,15,2.5252,37120,0,0,74.34639739990234,15.511799812316895,4.23360013961792,2.918299913406372,0.5062999725341797,103.94290161132812,0.0136,0,0.1823,20.4546,31.0185,9.836,0.7441,1,2555358,176424,10000,38542,9993,58.14928,37.94396
229,208.19309997558594,0.412200003862381,30.582300186157227,7.128699779510498,3.9820001125335693,4.339799880981445,15.059700012207031,1.2041000127792358,10000,10009,20000,10006,20000,20000,10000,0.4772999882698059,0.0017000000225380063,7.520199775695801,10000,2.134599999999816,1.9722,1,0.1505,0.08310000000000001,376832,15,15,2.0903,7712,0,0,31.20800018310547,15.115099906921387,3.9460999965667725,2.0564000606536865,0.0032999999821186066,145.05039978027344,0,0,0,0,0,0,0,0,0,0,0,0,0,58.18932,37.91576
230,207.81610107421875,3.828700065612793,25.674299240112305,5.982900142669678,3.2518999576568604,3.9625000953674316,15.423800468444824,1.1198999881744385,10000,10009,20000,10006,20000,20000,10000,0.4745999872684479,0.0017999999690800905,5.962200164794922,10000,2.3410999999998503,4.126,1,0.32989999999999997,0.1671,376832,15,15,5.4764,15952,0,0,29.756200790405273,15.482500076293945,7.18779993057251,3.247999906539917,0.003700000001117587,136.63189697265625,0,0,0,0,0,0,0,0,0,0,0,0,0,58.26296,38.05868
231,207.62600708007812,7.754899978637695,26.167999267578125,6.722700119018555,2.8438000679016113,4.3196001052856445,14.560999870300293,1.1004999876022339,10000,10009,20000,10006,20000,20000,10000,0.43689998984336853,0.0013000000035390258,5.8628997802734375,10000,2.1578999999998207,1.8373,1,0.14859999999999998,0.0889,376832,15,15,2.0004,561464,0,0,34.161800384521484,15.199199676513672,3.747499942779541,4.746799945831299,0.6022999882698059,143.13499450683594,0,0,0,0,0,0,0,0,0,0,0,0,0,58.22892,37.88412
232,208.2156982421875,46.92179870605469,34.97629928588867,5.899700164794922,9.73840045928955,8.25059986114502,14.670000076293945,1.1180000305175781,10000,10009,20000,10006,20000,20000,10000,0.4474000036716461,0.0020000000949949026,5.165299892425537,10000,2.1313999999998203,2.7035,1,0.1495,0.07680000000000001,376832,15,15,2.5985,48912,0,0,82.10350036621094,15.233400344848633,4.767899990081787,2.789599895477295,0.5220999717712402,96.12000274658203,0.0113,13.453399658203125,0.2527,16.8156,26.7445,9.3629,0.7573,1,2500242,168405,10000,36595,9992,58.21972,37.72604
233,207.51519775390625,0.44269999861717224,26.7273006439209,5.878699779510498,3.8352999687194824,3.6947999000549316,14.652000427246094,1.1375000476837158,10000,10009,20000,10006,20000,20000,10000,0.4551999866962433,0.0017000000225380063,6.206999778747559,10000,2.12269999999982,1.4892,1,0.13219999999999998,0.0445,376832,15,15,1.4274,7712,0,0,27.382699966430664,14.706199645996094,3.3578999042510986,1.8014999628067017,0.0032999999821186066,154.34019470214844,0,0,0,0,0,0,0,0,0,0,0,0,0,58.30316,37.94916
234,207.1446990966797,3.7005999088287354,20.572900772094727,5.565400123596191,1.7193000316619873,2.535900115966797,14.562199592590332,1.0822999477386475,10000,10009,20000,10006,20000,20000,10000,0.45080000162124634,0.0017000000225380063,5.662099838256836,10000,2.1189999999998186,1.9222,1,0.13279999999999997,0.051500000000000004,376832,15,15,1.6997,15952,0,0,24.478099822998047,14.611700057983398,3.842600107192993,1.526900053024292,0.0034000000450760126,156.1343994140625,0,0,0,0,0,0,0,0,0,0,0,0,0,58.1258,37.86828
235,207.7028045654297,9.54990005493164,30.650100708007812,7.1519999504089355,4.655600070953369,5.061500072479248,14.67240047454834,1.141700029373169,10000,10009,20000,10006,20000,20000,10000,0.4869999885559082,0.0017999999690800905,6.319799900054932,10000,2.1510999999998215,2.244,1,0.133,0.052700000000000004,376832,15,15,1.6486,557912,0,0,40.415401458740234,15.143400192260742,4.197400093078613,5.1890997886657715,0.4408000111579895,136.48779296875,0,0,0,0,0,0,0,0,0,0,0,0,0,57.98672,37.72708
236,206.76190185546875,7.65880012512207,22.95709991455078,5.671299934387207,2.3935000896453857,2.3584001064300537,14.524800300598145,1.1167999505996704,10000,10009,20000,10006,20000,20000,10000,0.4603999853134155,0.0010999999940395355,6.752699851989746,10000,2.1485999999998207,1.8717,1,0.13349999999999998,0.0458,376832,15,15,1.725,40488,0,0,30.819700241088867,14.555999755859375,3.8203001022338867,1.7144999504089355,0.0017999999690800905,149.62339782714844,0,0,0,0,0,0,0,0,0,0,0,0,0,58.11404,37.67348
237,206.63429260253906,0.49320000410079956,26.84119987487793,5.913899898529053,4.595099925994873,3.904900074005127,15.24489974975586,1.3961000442504883,10000,10009,20000,10006,20000,20000,10000,0.5199999809265137,0.0020000000949949026,5.624800205230713,10000,2.138199999999823,2.1386,1,0.135,0.0545,376832,15,15,1.483,7712,0,0,27.580799102783203,15.298100471496582,4.093800067901611,1.5099999904632568,0.003000000026077032,150.86129760742188,0,0,0,0,0,0,0,0,0,0,0,0,0,57.94576,37.799
238,207.10870361328125,5.124199867248535,22.006900787353516,5.499800205230713,1.9444999694824219,3.160900115966797,14.541500091552734,1.0851000547409058,10000,10009,20000,10006,20000,20000,10000,0.40299999713897705,0.0019000000320374966,6.205699920654297,10000,2.1217999999998174,1.5898,1,0.13349999999999998,0.0526,376832,15,15,1.478,15952,0,0,27.376800537109375,14.59000015258789,3.5088999271392822,1.8569999933242798,0.003100000089034438,153.7677001953125,0,0,0,0,0,0,0,0,0,0,0,0,0,58.10492,37.8384
239,207.76629638671875,6.8917999267578125,29.930200576782227,6.824699878692627,3.8138999938964844,4.861599922180176,15.06820011138916,1.1247999668121338,10000,10009,20000,10006,20000,20000,10000,0.42890000343322754,0.0015999999595806003,7.3520002365112305,10000,2.1336999999998203,2.5617,1,0.14989999999999998,0.08810000000000001,376832,15,15,2.8066,603936,0,0,37.036399841308594,15.923800468444824,4.517399787902832,6.104100227355957,0.8093000054359436,133.02540588378906,0,0,0,0,0,0,0,0,0,0,0,0,0,58.29048,37.8926
240,207.8135986328125,26.817699432373047,39.405799865722656,6.741099834442139,11.850700378417969,8.1628999710083,17.903799057006836,1.104599952697754,10000,10009,20000,10006,20000,20000,10000,0.5109999775886536,0.0020000000949949026,6.479400157928467,10000,2.684700000000101,7.8067,1,0.23369999999999996,0.136,376832,15,15,6.5766,8048,0,0,66.44750213623047,19.158700942993164,12.820699691772461,4.757500171661377,1.1912000179290771,85.52259826660156,0.0164,0,0.3457,20.5073,21.2208,0.001,1.5472,1,2439262,0,0,0,9945,58.19284,37.98872
241,209.1790008544922,0.4404999911785126,30.718599319458008,6.82859992980957,3.7197000980377197,4.158199787139893,18.219600677490234,1.392699956893921,10000,10009,20000,10006,20000,20000,10000,0.7080000042915344,0.0019000000320374966,8.200799942016602,10000,2.470799999999943,2.6341,1,0.16909999999999997,0.081,376832,15,15,2.6053,7712,0,0,31.452499389648438,18.27989959716797,4.913700103759766,2.4005000591278076,0.009700000286102295,144.23789978027344,0,0,0,0,0,0,0,0,0,0,0,0,0,58.52196,37.831
242,207.43789672851562,4.8495001792907715,30.815500259399414,7.23390007019043,3.961199998855591,3.9686999320983887,16.09910011291504,1.246899962425232,10000,10009,20000,10006,20000,20000,10000,0.5192999839782715,0.002300000051036477,7.86929988861084,10000,2.2476999999998397,2.908,1,0.3518,0.0978,376832,15,15,3.1456,15952,0,0,35.90629959106445,16.160999298095703,5.889100074768066,2.6861000061035156,0.0035000001080334187,133.889892578125,0,0,0,0,0,0,0,0,0,0,0,0,0,58.13348,38.09516
243,208.31289672851562,6.639500141143799,27.48419952392578,6.631899833679199,2.279099941253662,4.828400135040283,19.379600524902344,1.1510000228881836,10000,10009,20000,10006,20000,20000,10000,0.4986000061035156,0.0027000000700354576,7.036799907684326,10000,2.133699999999821,2.3256,1,0.17959999999999998,0.0926,376832,15,15,3.0588,494960,0,0,34.371498107910156,20.084800720214844,4.291600227355957,5.783999919891357,0.6471999883651733,136.00450134277344,0,0,0,0,0,0,0,0,0,0,0,0,0,58.10324,37.97288
244,208.90919494628906,42.933799743652344,60.21540069580078,10.538200378417969,15.734100341796875,13.701399803161621,31.479900360107422,1.836400032043457,10000,10009,20000,10006,20000,20000,10000,1.0082000494003296,0.002899999963119626,9.297200202941895,10000,5.972700000000739,4.7034,1,0.6269,0.19669999999999999,376832,15,15,6.3621,48184,0,0,103.41179656982422,33.077598571777344,12.148300170898438,5.869200229644775,1.520300030708313,32.38059997558594,0.0373,0,0.3163,20.9502,32.1516,10.5391,1.8534,1,2408280,163971,10000,35803,9989,58.12276,37.92428
245,207.80459594726562,0.6053000092506409,46.684600830078125,10.540399551391602,7.775700092315674,6.851600170135498,27.5044002532959,2.770400047302246,10000,10009,20000,10006,20000,20000,10000,0.968999981880188,0.0027000000700354576,10.46969985961914,10000,3.202400000000396,5.8394,1,0.2394,0.1824,376832,15,15,4.8786,7712,0,0,47.551998138427734,27.574399948120117,9.737799644470215,6.253399848937988,0.0038999998942017555,101.07350158691406,0,0,0,0,0,0,0,0,0,0,0,0,0,58.27736,37.90636
246,208.33059692382812,4.069200038909912,29.834400177001953,6.950099945068359,2.515000104904175,4.309000015258789,17.074600219726562,1.2761000394821167,10000,10009,20000,10006,20000,20000,10000,0.6722999811172485,0.0024999999441206455,8.12660026550293,10000,2.4671999999999707,2.5257,1,0.16949999999999998,0.0812,376832,15,15,2.6795,15952,0,0,34.117698669433594,17.13050079345703,4.783699989318848,2.256700038909912,0.0031999999191612005,142.05740356445312,0,0,0,0,0,0,0,0,0,0,0,0,0,57.99032,37.75868
247,207.9510040283203,8.169099807739258,29.810199737548828,6.844900131225586,3.634500026702881,4.6092000007629395,15.04419994354248,1.1038999557495117,10000,10009,20000,10006,20000,20000,10000,0.5651000142097473,0.0017999999690800905,7.339900016784668,10000,2.143799999999819,3.1156,1,0.2794,0.1326,376832,15,15,4.1854,489848,0,0,38.18790054321289,15.75409984588623,6.048799991607666,7.453100204467773,0.661899983882904,126.83260345458984,0,0,0,0,0,0,0,0,0,0,0,0,0,58.10128,37.92184
248,208.09959411621094,62.904300689697266,44.548301696777344,6.4008002281188965,12.976900100708008,8.447199821472168,15.729900360107422,1.1899000406265259,10000,10009,20000,10006,20000,20000,10000,0.5745000243186951,0.002199999988079071,8.943300247192383,10000,2.2932999999998955,2.4682,1,0.34230000000000005,0.1349,376832,15,15,3.9019,38608,0,0,107.67289733886719,16.576000213623047,6.7129998207092285,3.3912999629974365,0.7975999712944031,58.88119888305664,0.0124,12.685400009155273,0.2141,23.5608,40.5152,15.9761,1.7946,1,2347732,155920,10000,33929,9987,57.9262,37.6942
249,207.40330505371094,0.4771000146865845,26.9596004486084,5.729300022125244,2.734299898147583,3.5717999935150146,14.701399803161621,1.1399999856948853,10000,10009,20000,10006,20000,20000,10000,0.49549999833106995,0.0017000000225380063,8.276399612426758,10000,2.13979999999982,2.4516,1,0.2849,0.1266,376832,15,15,4.3851,7712,0,0,27.701000213623047,14.750300407409668,5.432499885559082,2.735300064086914,0.003100000089034438,142.9248046875,0,0,0,0,0,0,0,0,0,0,0,0,0,58.24308,37.81512
250,206.27200317382812,7.938700199127197,22.25029945373535,6.1691999435424805,2.012500047683716,3.083199977874756,14.732399940490723,1.0338000059127808,10000,10009,20000,10006,20000,20000,10000,0.39899998903274536,0.0007999999797903001,5.169000148773193,10000,2.149699999999822,2.0505,1,0.13419999999999999,0.047200000000000006,376832,15,15,1.6598,519720,0,0,30.350500106811523,15.185999870300293,3.99780011177063,5.515999794006348,0.42669999599456787,145.0782012939453,0,0,0,0,0,0,0,0,0,0,0,0,0,57.99964,37.64032
251,206.86599731445312,5.170100212097168,23.712200164794922,6.058800220489502,2.0594000816345215,3.7509000301361084,15.120499610900879,1.1155999898910522,10000,10009,20000,10006,20000,20000,10000,0.49540001153945923,0.0017000000225380063,5.96750020980835,10000,2.123999999999817,1.5714,1,0.20970000000000003,0.0557,376832,15,15,1.5979,42112,0,0,29.08799934387207,15.167099952697754,3.5130999088287354,1.5568000078201294,0.0019000000320374966,149.54119873046875,0,0,0,0,0,0,0,0,0,0,0,0,0,57.95016,37.667
252,206.30999755859375,0.3305000066757202,22.645099639892578,5.9567999839782715,2.6414999961853027,3.650099992752075,14.936400413513184,1.107800006866455,10000,10009,20000,10006,20000,20000,10000,0.43950000405311584,0.0027000000700354576,5.469399929046631,10000,2.166499999999822,1.3362,1,0.13499999999999998,0.0468,376832,15,15,1.4942,7712,0,0,23.114599227905273,14.999600410461426,3.2276999950408936,1.5648000240325928,0.0034000000450760126,154.39759826660156,0,0,0,0,0,0,0,0,0,0,0,0,0,57.92432,37.69408
253,206.0727996826172,3.53439998626709,20.541900634765625,5.486000061035156,1.7316999435424805,3.1767001152038574,14.552200317382812,1.061400055885315,10000,10009,20000,10006,20000,20000,10000,0.4259999990463257,0.0017000000225380063,5.356200218200684,10000,2.13249999999982,1.3979,1,0.13380000000000003,0.055099999999999996,376832,15,15,1.7034,15952,0,0,24.344600677490234,14.60420036315918,3.285099983215332,1.5384000539779663,0.0032999999821186066,155.98919677734375,0,0,0,0,0,0,0,0,0,0,0,0,0,57.88236,37.90064
254,205.89169311523438,5.48390007019043,23.103300094604492,5.89300012588501,1.8967000246047974,3.873699903488159,15.18690013885498,1.1311999559402466,10000,10009,20000,10006,20000,20000,10000,0.4952999949455261,0.0010000000474974513,5.668399810791016,10000,2.149599999999823,1.3766,1,0.1321,0.046599999999999996,376832,15,15,1.5311,558176,0,0,28.903799057006836,15.681699752807617,3.289099931716919,4.791999816894531,0.4661000072956085,147.0782928466797,0,0,0,0,0,0,0,0,0,0,0,0,0,58.10224,37.61464
255,206.55239868164062,20.097400665283203,30.668699264526367,5.708199977874756,9.48009967803955,4.901400089263916,14.518400192260742,0.9926999807357788,10000,10009,20000,10006,20000,20000,10000,0.39399999380111694,0.0010999999940395355,5.724699974060059,10000,2.154999999999842,1.4055,1,0.13540000000000002,0.052,376832,15,15,1.6877,8048,0,0,50.983001708984375,15.054800033569336,3.308799982070923,1.9101999998092651,0.5091999769210815,129.10789489746094,0.0124,0,0.1426,16.4859,16.9669,0.0007,0.701,1,2282200,0,0,0,9927,58.09264,37.64804
256,206.19479370117188,0.4596000015735626,19.670000076293945,5.687699794769287,1.8463000059127808,2.1903998851776123,14.513500213623047,0.9915000200271606,10000,10009,20000,10006,20000,20000,10000,0.3889000117778778,0.0008999999845400453,5.407100200653076,10000,2.1529999999998237,1.3672,1,0.13190000000000002,0.0492,376832,15,15,1.7282,7712,0,0,20.428800582885742,14.550100326538086,3.2446999549865723,1.4970999956130981,0.00279999990016222,160.10780334472656,0,0,0,0,0,0,0,0,0,0,0,0,0,58.01704,37.73464
257,206.32229614257812,3.80049991607666,19.95789909362793,5.835000038146973,1.6333999633789062,2.476300001144409,14.848699569702148,1.0500999689102173,10000,10009,20000,10006,20000,20000,10000,0.3416999876499176,0.0017999999690800905,5.363699913024902,10000,2.164699999999829,1.4899,1,0.1325,0.043,376832,15,15,1.6892,15952,0,0,24.00029945373535,14.892900466918945,3.455399990081787,1.5473999977111816,0.0019000000320374966,156.1114044189453,0,0,0,0,0,0,0,0,0,0,0,0,0,58.05552,37.8532
258,206.75619506835938,4.984499931335449,21.762399673461914,5.735000133514404,1.6067999601364136,3.5776000022888184,14.463000297546387,1.0906000137329102,10000,10009,20000,10006,20000,20000,10000,0.4641999900341034,0.0017000000225380063,5.442200183868408,10000,2.1531999999998237,2.2873,1,0.1325,0.0504,376832,15,15,1.5997,597816,0,0,27.019500732421875,15.027199745178223,4.170199871063232,6.588799953460693,0.5260999798774719,147.7816925048828,0,0,0,0,0,0,0,0,0,0,0,0,0,58.16232,37.72156
259,206.46449279785156,32.3927001953125,26.186199188232422,5.4319000244140625,6.765999794006348,5.383600234985352,14.324899673461914,0.9800000190734863,10000,10009,20000,10006,20000,20000,10000,0.3765999972820282,0.0010000000474974513,4.198800086975098,10000,2.1371999999998184,1.6597,1,0.13179999999999997,0.045200000000000004,376832,15,15,2.4237,45968,0,0,58.80780029296875,14.832500457763672,3.720599889755249,2.3259999752044678,0.48260000348091125,119.8729019165039,0.0112,0,0.1482,18.5904,27.9159,8.8739,0.6723,1,2247816,151877,9996,33013,9987,58.11168,37.68724
260,206.47340393066406,0.3646000027656555,22.979400634765625,5.891300201416016,2.6594998836517334,2.759500026702881,14.711799621582031,1.11899995803833,10000,10009,20000,10006,20000,20000,10000,0.4223000109195709,0.002099999925121665,5.9293999671936035,10000,2.155599999999821,1.713,1,0.1324,0.0441,376832,15,15,1.6742,7712,0,0,23.500900268554688,14.767499923706055,3.658900022506714,1.5145000219345093,0.003000000026077032,156.76060485839844,0,0,0,0,0,0,0,0,0,0,0,0,0,58.15408,37.686
261,206.75799560546875,3.444200038909912,20.516300201416016,5.5289998054504395,1.8095999956130981,2.575900077819824,14.648200035095215,1.0810999870300293,10000,10009,20000,10006,20000,20000,10000,0.4934000074863434,0.002300000051036477,5.336599826812744,10000,2.1591999999998217,1.3927,1,0.1332,0.044399999999999995,376832,15,15,1.4359,15952,0,0,24.207700729370117,14.689299583435059,3.3066999912261963,1.809999942779541,0.0017000000225380063,156.81039428710938,0,0,0,0,0,0,0,0,0,0,0,0,0,58.26316,37.80872
262,206.86419677734375,5.128699779510498,21.91349983215332,5.782599925994873,1.8497999906539917,3.4412999153137207,14.79800033569336,1.055299997329712,10000,10009,20000,10006,20000,20000,10000,0.42010000348091125,0.0017000000225380063,5.766499996185303,10000,2.201399999999828,1.4729,1,0.13279999999999997,0.040400000000000005,376832,15,15,1.4567,529696,0,0,27.272600173950195,15.330300331115723,3.41759991645813,5.988500118255615,0.490200012922287,148.85299682617188,0,0,0,0,0,0,0,0,0,0,0,0,0,58.11956,37.97052
263,207.5742950439453,53.500099182128906,31.968399047851562,5.7118000984191895,9.70989990234375,5.983500003814697,14.640800476074219,0.9710999727249146,10000,10009,20000,10006,20000,20000,10000,0.35030001401901245,0.0019000000320374966,5.616099834442139,10000,2.1605999999998238,2.1811,1,0.1515,0.089,376832,15,15,2.7067,50664,0,0,85.67829895019531,15.250900268554688,4.136199951171875,2.370300054550171,0.5662000179290771,92.560302734375,0.0129,12.771599769592285,0.1764,18.4382,33.9743,15.0412,0.8465,1,2185578,144828,9996,31191,9978,58.11508,37.85896
264,206.85870361328125,1.257099986076355,27.24250030517578,5.871099948883057,3.697700023651123,3.568700075149536,14.678799629211426,1.0978000164031982,10000,10009,20000,10006,20000,20000,10000,0.4456999897956848,0.0019000000320374966,7.8206000328063965,10000,2.1444999999998187,2.4608,1,0.13390000000000002,0.0556,376832,15,15,1.5185,7712,0,0,28.86680030822754,14.73069953918457,4.4197998046875,1.623900055885315,0.0034000000450760126,151.0072021484375,0,0,0,0,0,0,0,0,0,0,0,0,0,58.03776,37.98956
265,207.4293975830078,2.668100118637085,26.126699447631836,5.939199924468994,3.824700117111206,3.7772998809814453,14.852299690246582,1.163699984550476,10000,10009,20000,10006,20000,20000,10000,0.5084999799728394,0.0019000000320374966,6.349800109863281,10000,2.12379999999982,2.6377,1,0.1401,0.0503,376832,15,15,1.7266,15952,0,0,29.092500686645508,14.898300170898438,4.588699817657471,2.260699987411499,0.0015999999595806003,150.3365020751953,0,0,0,0,0,0,0,0,0,0,0,0,0,58.09124,37.80384
266,207.01300048828125,7.198299884796143,24.703899383544922,6.534999847412109,2.233099937438965,3.8053998947143555,15.332900047302246,1.1547000408172607,10000,10009,20000,10006,20000,20000,10000,0.4690000116825104,0.0012000000569969416,5.901700019836426,10000,2.12929999999982,2.296,1,0.1329,0.0431,376832,15,15,1.5217,541720,0,0,32.10940170288086,15.874899864196777,4.250100135803223,5.0395002365112305,0.5103999972343445,143.7454071044922,0,0,0,0,0,0,0,0,0,0,0,0,0,58.19736,37.9416
267,206.92469787597656,4.607800006866455,21.130599975585938,5.746699810028076,2.044300079345703,2.5144999027252197,14.845499992370605,1.0964000225067139,10000,10009,20000,10006,20000,20000,10000,0.336899995803833,0.0017000000225380063,5.326300144195557,10000,2.1465999999998204,1.728,1,0.1347,0.0385,376832,15,15,1.6884,45976,0,0,26.06290054321289,14.901300430297852,3.704900026321411,1.9922000169754028,0.003000000026077032,153.63499450683594,0,0,0,0,0,0,0,0,0,0,0,0,0,58.22884,37.73128
268,206.74960327148438,0.45989999175071716,20.959699630737305,5.461900234222412,2.5627999305725098,2.6078999042510986,14.45479965209961,0.9965000152587891,10000,10009,20000,10006,20000,20000,10000,0.4088999927043915,0.0015999999595806003,5.497499942779541,10000,2.1317999999998194,1.8646,1,0.133,0.0475,376832,15,15,1.4303,7712,0,0,21.665199279785156,14.50510025024414,3.8046000003814697,1.666100025177002,0.0031999999191612005,159.09429931640625,0,0,0,0,0,0,0,0,0,0,0,0,0,58.06196,38.05316
269,206.7523956298828,7.161600112915039,23.12380027770996,6.214700222015381,2.599299907684326,3.481300115585327,14.572199821472168,1.2086999416351318,10000,10009,20000,10006,20000,20000,10000,0.40700000524520874,0.0012000000569969416,5.030700206756592,10000,2.1451999999998193,1.4514,1,0.1321,0.046,376832,15,15,1.7445,527288,0,0,30.47260093688965,15.324899673461914,3.3420000076293945,5.571300029754639,0.7215999960899353,145.7032928466797,0,0,0,0,0,0,0,0,0,0,0,0,0,58.23228,37.73772
270,206.78700256347656,16.946500778198242,30.75510025024414,5.7444000244140625,9.77560043334961,5.1020002365112305,14.381699562072754,0.9830999970436096,10000,10009,20000,10006,20000,20000,10000,0.33640000224113464,0.0010000000474974513,4.736299991607666,10000,2.1431999999998212,1.5354,1,0.1321,0.0437,376832,15,15,1.6217,8048,0,0,47.94660186767578,14.893500328063965,3.5917999744415283,2.377700090408325,0.4848000109195709,131.7657012939453,0.015,0,0.1913,12.9224,13.5095,0.0003,0.6862,1,2123804,0,0,0,9913,58.2774,37.9728
271,206.6510009765625,0.4106000065803528,20.2992000579834,5.458199977874756,1.7806999683380127,2.818000078201294,14.623499870300293,1.0401999950408936,10000,10009,20000,10006,20000,20000,10000,0.47679999470710754,0.0019000000320374966,5.457300186157227,10000,2.143399999999822,1.4021,1,0.1323,0.056499999999999995,376832,15,15,1.653,7712,0,0,20.95319938659668,14.67039966583252,3.2760000228881836,1.8691999912261963,0.0027000000700354576,159.589599609375,0,0,0,0,0,0,0,0,0,0,0,0,0,58.312,37.98472
272,206.7003936767578,4.3140997886657715,22.6471004486084,5.424600124359131,1.6511000394821167,3.5680999755859375,14.422200202941895,1.0851000547409058,10000,10009,20000,10006,20000,20000,10000,0.4740000069141388,0.0015999999595806003,6.328800201416016,10000,2.1410999999998217,1.3613,1,0.13299999999999998,0.039,376832,15,15,1.6822,15952,0,0,27.15530014038086,14.462699890136719,3.247299909591675,1.565000057220459,0.0019000000320374966,154.11659240722656,0,0,0,0,0,0,0,0,0,0,0,0,0,58.11488,38.0826
273,207.35519409179688,6.092700004577637,22.777999877929688,5.84499979019165,1.7753000259399414,3.947000026702881,14.657699584960938,0.9764000177383423,10000,10009,20000,10006,20000,20000,10000,0.3878999948501587,0.00139999995008111,6.098499774932861,10000,2.1420999999998234,1.4228,1,0.1323,0.044500000000000005,376832,15,15,1.6586,505896,0,0,29.073200225830078,15.15999984741211,3.2973999977111816,4.937900066375732,0.47350001335144043,148.77760314941406,0,0,0,0,0,0,0,0,0,0,0,0,0,58.0218,37.89668
274,207.30850219726562,28.11280059814453,32.57440185546875,5.8317999839782715,10.09570026397705,5.8520002365112305,15.158499717712402,1.0236999988555908,10000,10009,20000,10006,20000,20000,10000,0.383899986743927,0.0010999999940395355,5.224299907684326,10000,2.2986999999998377,1.7367,1,0.14900000000000002,0.046200000000000005,376832,15,15,1.7754,45032,0,0,60.92409896850586,15.715900421142578,3.7669999599456787,2.006500005722046,0.5246999859809875,118.26850128173828,0.0127,0,0.1465,13.9898,22.878,8.4373,0.7045,1,2086284,141671,9997,30614,9984,58.07768,37.92868
275,206.58299255371094,0.4300000071525574,19.470500946044922,5.442299842834473,1.761299967765808,2.237799882888794,14.55270004272461,0.9879999756813049,10000,10009,20000,10006,20000,20000,10000,0.37959998846054077,0.0008999999845400453,5.41349983215332,10000,2.1464999999998224,1.376,1,0.1439,0.07550000000000001,376832,15,15,1.7591,7712,0,0,20.111000061035156,14.587900161743164,3.3469998836517334,1.573099970817566,0.003100000089034438,160.55430603027344,0,0,0,0,0,0,0,0,0,0,0,0,0,58.15948,37.9994
276,206.75909423828125,6.927000045776367,20.349300384521484,5.733500003814697,1.659000039100647,3.3166000843048096,14.655200004577637,0.9966999888420105,10000,10009,20000,10006,20000,20000,10000,0.4097999930381775,0.0017000000225380063,4.76200008392334,10000,2.1524999999998227,1.38,1,0.13319999999999999,0.046,376832,15,15,1.6243,539600,0,0,27.4330997467041,15.137900352478027,3.2667999267578125,5.343200206756592,0.4442000091075897,149.49429321289062,0,0,0,0,0,0,0,0,0,0,0,0,0,58.16784,38.00904
277,207.05419921875,41.6880989074707,29.068899154663086,5.510900020599365,9.354100227355957,4.7881999015808105,14.479399681091309,0.9783999919891357,10000,10009,20000,10006,20000,20000,10000,0.352400004863739,0.0010000000474974513,4.619800090789795,10000,2.12729999999982,1.37,1,0.1334,0.0388,376832,15,15,1.5082,50336,0,0,70.92430114746094,15.07610034942627,3.2460999488830566,1.9200999736785889,0.5649999976158142,109.83110046386719,0.0134,13.734199523925781,0.1548,14.1785,22.5469,7.9172,0.7407,1,2032562,136142,9995,29168,9980,58.12104,38.023
278,206.99139404296875,0.45500001311302185,19.853700637817383,5.4375,1.782099962234497,2.3931000232696533,15.09160041809082,1.003000020980835,10000,10009,20000,10006,20000,20000,10000,0.37459999322891235,0.0017999999690800905,5.386899948120117,10000,2.126599999999818,1.3544,1,0.16140000000000002,0.0784,376832,15,15,1.7788,7712,0,0,20.523399353027344,15.14210033416748,3.2525999546051025,1.9156999588012695,0.003100000089034438,159.5052947998047,0,0,0,0,0,0,0,0,0,0,0,0,0,58.34364,37.94972
279,206.56910705566406,3.4848999977111816,19.9143009185791,5.427299976348877,1.9198999404907227,2.5917000770568848,14.462400436401367,0.9979000091552734,10000,10009,20000,10006,20000,20000,10000,0.3783000111579895,0.0017000000225380063,5.385300159454346,10000,2.174299999999826,1.3976,1,0.13369999999999999,0.06570000000000001,376832,15,15,1.6745,15952,0,0,23.65570068359375,14.511500358581543,3.302500009536743,1.5949000120162964,0.0034000000450760126,157.1864013671875,0,0,0,0,0,0,0,0,0,0,0,0,0,58.21024,38.09896
280,207.35830688476562,20.96579933166504,22.840999603271484,5.830399990081787,1.7491999864578247,2.9388999938964844,14.54640007019043,1.0262999534606934,10000,10009,20000,10006,20000,20000,10000,0.4180000126361847,0.0010000000474974513,6.115300178527832,10000,2.14199999999982,1.9718,1,0.1417,0.04820000000000001,376832,15,15,1.9471,573280,1,1,44.00450134277344,15.041899681091309,4.01170015335083,5.857100009918213,0.46560001373291016,131.88670349121094,0,0,0,0,0,0,0,0,0,0,0,0,0,58.22536,38.15544
281,208.03439331054688,4.377299785614014,24.551700592041016,5.959499835968018,2.545799970626831,3.475100040435791,15.070199966430664,1.128499984741211,10000,10009,20000,10006,20000,20000,10000,0.4553000032901764,0.002199999988079071,6.041399955749512,10000,2.232299999999822,1.7423,1,0.1546,0.0771,376832,15,15,1.968,72016,0,0,29.563199996948242,15.120100021362305,3.6624999046325684,2.389699935913086,0.003000000026077032,150.32960510253906,0,0,0,0,0,0,0,0,0,0,0,0,0,58.24204,37.99284
282,168.52029418945312,0.42890000343322754,23.135099411010742,5.551700115203857,2.950000047683716,3.3085999488830566,14.78439998626709,1.094499945640564,10000,10009,20000,10006,20000,20000,10000,0.4575999975204468,0.0017999999690800905,5.875500202178955,10000,2.1584999999998207,1.4421,1,0.1336,0.0504,376832,15,15,1.994,7712,0,0,23.844999313354492,14.84469985961914,3.622299909591675,1.9873000383377075,0.00279999990016222,116.00080108642578,0,0,0,0,0,0,0,0,0,0,0,0,0,58.3308,38.03408
283,206.49349975585938,2.924799919128418,23.07740020751953,5.613500118255615,2.1514999866485596,3.778700113296509,15.365699768066406,1.13100004196167,10000,10009,20000,10006,20000,20000,10000,0.46219998598098755,0.0017999999690800905,5.445899963378906,10000,2.1538999999998247,1.5122,1,0.15189999999999998,0.0689,376832,15,15,4.066,15952,0,0,26.145099639892578,15.425600051879883,6.181399822235107,2.1465001106262207,0.00279999990016222,146.77520751953125,0,0,0,0,0,0,0,0,0,0,0,0,0,58.29644,38.23804
284,207.57809448242188,4.437099933624268,23.24370002746582,5.945700168609619,1.710800051689148,5.259399890899658,14.662599563598633,1.107800006866455,10000,10009,20000,10006,20000,20000,10000,0.43639999628067017,0.0015999999595806003,4.648200035095215,10000,2.150699999999823,2.391,1,0.1482,0.0875,376832,15,15,1.6802,579936,0,0,27.81909942626953,15.177900314331055,4.321899890899658,4.540599822998047,0.47110000252723694,149.45399475097656,0,0,0,0,0,0,0,0,0,0,0,0,0,58.22816,38.17932
285,142.0626983642578,17.135700225830078,35.91019821166992,6.323599815368652,9.890800476074219,8.33590030670166,15.13029956817627,1.149899959564209,10000,10009,20000,10006,20000,20000,10000,0.45239999890327454,0.0020000000949949026,5.115099906921387,10000,2.16949999999983,2.6498,1,0.2778,0.1119,376832,15,15,3.8834,8048,0,0,53.18840026855469,15.827300071716309,6.98199987411499,2.8891000747680664,0.6410999894142151,51.10279846191406,0.0149,0,0.1626,13.4116,13.9144,0.0009,0.6856,1,1981306,0,0,0,9891,58.29816,38.34556
286,204.9862060546875,0.462799996137619,23.26759910583496,5.95989990234375,2.0957999229431152,3.513700008392334,14.981100082397461,1.1526000499725342,10000,10009,20000,10006,20000,20000,10000,0.484499990940094,0.0017000000225380063,6.30649995803833,10000,2.1588999999998193,1.4524,1,0.1348,0.0487,376832,15,15,1.5775,7712,0,0,23.87150001525879,15.035599708557129,3.418299913406372,2.0369999408721924,0.003700000001117587,153.42950439453125,0,0,0,0,0,0,0,0,0,0,0,0,0,58.08632,38.23092
287,208.12860107421875,5.258399963378906,27.081600189208984,5.839000225067139,3.050600051879883,3.8220999240875244,15.04699993133545,1.1884000301361084,10000,10009,20000,10006,20000,20000,10000,0.5098000168800354,0.0020000000949949026,7.951300144195557,10000,2.1441999999998202,2.2449,1,0.14800000000000002,0.0808,376832,15,15,2.2307,15952,0,0,32.55189895629883,15.102700233459473,4.2221999168396,2.0940001010894775,0.0034000000450760126,146.23980712890625,0,0,0,0,0,0,0,0,0,0,0,0,0,58.39412,38.47012
288,207.24630737304688,5.035999774932861,24.843799591064453,5.948599815368652,1.7409000396728516,4.446199893951416,14.594599723815918,1.0993000268936157,10000,10009,20000,10006,20000,20000,10000,0.40790000557899475,0.0008999999845400453,6.775000095367432,10000,2.12399999999982,1.5674,1,0.1349,0.0519,376832,15,15,1.8627,511088,0,0,30.08989906311035,15.026100158691406,3.7091000080108643,4.993500232696533,0.4049000144004822,147.08670043945312,0,0,0,0,0,0,0,0,0,0,0,0,0,58.30316,38.28284
289,208.58489990234375,40.908599853515625,31.96780014038086,5.666999816894531,9.775899887084961,5.796000003814697,14.582500457763672,1.0917999744415283,10000,10009,20000,10006,20000,20000,10000,0.4284000098705292,0.0012000000569969416,5.65939998626709,10000,2.1540999999998207,1.4457,1,0.133,0.0471,376832,15,15,1.6879,47752,0,0,73.13009643554688,15.14330005645752,3.396699905395508,2.3215999603271484,0.5342000126838684,108.33619689941406,0.0153,11.700200080871582,0.1393,15.0515,23.407,7.9195,0.9956,1,1949156,135450,9994,29036,9982,58.41956,38.08652
290,208.4073944091797,0.3991999924182892,26.699399948120117,6.667900085449219,3.2323999404907227,4.148200035095215,14.92549991607666,1.1550999879837036,10000,10009,20000,10006,20000,20000,10000,0.44749999046325684,0.0017000000225380063,5.730400085449219,10000,2.1300999999998194,1.4953,1,0.148,0.066,376832,15,15,1.65,7712,0,0,27.314899444580078,14.986900329589844,3.397900104522705,2.170799970626831,0.0031999999191612005,154.2967987060547,0,0,0,0,0,0,0,0,0,0,0,0,0,58.68164,38.6978
291,208.20669555664062,2.8940000534057617,21.35740089416504,5.730999946594238,1.903499960899353,3.066499948501587,15.152899742126465,1.1019999980926514,10000,10009,20000,10006,20000,20000,10000,0.4300999939441681,0.0017999999690800905,5.479499816894531,10000,2.1998999999998214,2.6444,1,0.3398,0.1003,376832,15,15,2.3164,15952,0,0,24.473499298095703,15.208700180053711,4.672900199890137,2.376699924468994,0.003100000089034438,150.32530212402344,0,0,0,0,0,0,0,0,0,0,0,0,0,58.53852,38.25016
292,209.3383026123047,7.548500061035156,32.067901611328125,8.826199531555176,4.866099834442139,4.9054999351501465,15.517000198364258,1.1837999820709229,10000,10009,20000,10006,20000,20000,10000,0.44530001282691956,0.0017999999690800905,6.649600028991699,10000,2.1757999999998234,3.6482,1,0.3295,0.1159,376832,15,15,3.5517,504728,0,0,39.819698333740234,16.23539924621582,6.4857001304626465,6.87470006942749,0.6693000197410583,128.98800659179688,0,0,0,0,0,0,0,0,0,0,0,0,0,58.2732,38.21824
293,208.41290283203125,43.31209945678711,34.19309997558594,5.795100212097168,9.837200164794922,6.574999809265137,15.011899948120117,1.1266000270843506,10000,10009,20000,10006,20000,20000,10000,0.5594000220298767,0.0010999999940395355,5.605000019073486,10000,2.1295999999998187,2.4129,1,0.13429999999999997,0.049,376832,15,15,1.6748,56864,0,0,77.72779846191406,15.597299575805664,4.416500091552734,2.7541000843048096,0.5551999807357788,101.62010192871094,0.0134,12.884599685668945,0.3257,15.2077,23.8807,8.0386,0.8535,1,1904688,129886,9993,27608,9973,58.63628,38.18884
294,208.02059936523438,0.3337000012397766,25.296300888061523,6.899899959564209,2.7760000228881836,3.442699909210205,14.973899841308594,1.1334999799728394,10000,10009,20000,10006,20000,20000,10000,0.6083999872207642,0.0017999999690800905,5.734300136566162,10000,2.184199999999827,2.2421,1,0.14250000000000002,0.0681,376832,15,15,2.8532,7712,0,0,25.76729965209961,15.024200439453125,4.7307000160217285,2.250499963760376,0.00419999985024333,150.8441925048828,0,0,0,0,0,0,0,0,0,0,0,0,0,58.4654,38.24664
295,208.0426025390625,3.088599920272827,22.439800262451172,5.725200176239014,2.044800043106079,3.2992000579833984,14.913999557495117,1.1124000549316406,10000,10009,20000,10006,20000,20000,10000,0.387800008058548,0.0017000000225380063,5.94350004196167,10000,2.1419999999998174,1.5497,1,0.1344,0.0413,376832,15,15,1.6974,15952,0,0,25.755199432373047,14.968199729919434,3.500200033187866,2.0876998901367188,0.0031999999191612005,155.24459838867188,0,0,0,0,0,0,0,0,0,0,0,0,0,58.4994,38.15764
296,207.98460388183594,4.866600036621094,23.959199905395508,6.239099979400635,2.1821000576019287,3.678800106048584,14.719200134277344,1.1153000593185425,10000,10009,20000,10006,20000,20000,10000,0.4172999858856201,0.0017000000225380063,5.745699882507324,10000,2.134699999999821,2.053,1,0.13179999999999997,0.0465,376832,15,15,1.6876,591152,0,0,28.98979949951172,15.243200302124023,3.975600004196167,6.015699863433838,0.4812999963760376,147.59750366210938,0,0,0,0,0,0,0,0,0,0,0,0,0,58.74056,38.35852
297,207.99070739746094,4.714900016784668,22.274499893188477,5.81279993057251,2.0473999977111816,3.440000057220459,15.030900001525879,1.113700032234192,10000,10009,20000,10006,20000,20000,10000,0.48989999294281006,0.0020000000949949026,5.058599948883057,10000,2.1813999999998277,1.5723,1,0.24509999999999998,0.057999999999999996,376832,15,15,1.6889,56000,0,0,27.20829963684082,15.08240032196045,3.7202999591827393,2.19569993019104,0.0034000000450760126,152.6927947998047,0,0,0,0,0,0,0,0,0,0,0,0,0,58.44448,38.18912
298,208.59840393066406,0.4154999852180481,26.747400283813477,6.394899845123291,3.324399948120117,3.41729998588562,15.220100402832031,1.1823999881744385,10000,10009,20000,10006,20000,20000,10000,0.45010000467300415,0.0017000000225380063,6.280200004577637,10000,2.163799999999818,1.8096,1,0.1333,0.0527,376832,15,15,1.6016,7712,0,0,27.381799697875977,15.274900436401367,3.8183999061584473,1.9889999628067017,0.0038999998942017555,152.9694061279297,0,0,0,0,0,0,0,0,0,0,0,0,0,58.58232,38.46388
299,208.0279998779297,3.2590999603271484,22.11949920654297,5.486499786376953,2.5025999546051025,2.729599952697754,15.063699722290039,1.1375999450683594,10000,10009,20000,10006,20000,20000,10000,0.42730000615119934,0.001500000013038516,5.985400199890137,10000,2.1211999999998143,1.6525,1,0.1331,0.0498,376832,15,15,1.5191,15952,0,0,25.600799560546875,15.10770034790039,3.5910000801086426,2.041300058364868,0.0017999999690800905,155.64390563964844,0,0,0,0,0,0,0,0,0,0,0,0,0,58.72648,38.44276
300,208.30670166015625,5.5406999588012695,24.867700576782227,6.219900131225586,2.2955000400543213,4.059000015258789,15.060400009155273,1.128600001335144,10000,10009,20000,10006,20000,20000,10000,0.4099999964237213,0.0010999999940395355,5.908999919891357,10000,2.1501999999998214,1.7359,1,0.13369999999999999,0.0402,376832,15,15,1.6254,542856,0,0,30.549999237060547,15.538200378417969,3.7455999851226807,5.040900230407715,0.4465000033378601,147.19020080566406,0,0,0,0,0,0,0,0,0,0,0,0,0,58.47916,38.23092
301,208.39950561523438,17.97450065612793,31.542499542236328,5.853600025177002,9.751999855041504,5.636000156402588,14.480299949645996,0.9817000031471252,10000,10009,20000,10006,20000,20000,10000,0.435699999332428,0.0010999999940395355,5.003900051116943,10000,2.130199999999819,1.3713,1,0.13240000000000002,0.0455,376832,15,15,2.104,8048,0,0,49.664398193359375,14.999099731445312,3.315999984741211,2.566499948501587,0.48330000042915344,131.20140075683594,0.0123,0,0.1395,14.37,14.8454,0.0048,0.6589,1,1855224,0,0,0,9868,58.49164,38.59892
302,208.2451934814453,0.39649999141693115,27.038299560546875,5.854800224304199,4.9756999015808105,2.9976999759674072,14.736499786376953,1.229200005531311,10000,10009,20000,10006,20000,20000,10000,0.4081000089645386,0.002099999925121665,6.828000068664551,10000,2.128999999999822,1.559,1,0.1431,0.0498,376832,15,15,1.715,7712,0,0,27.6299991607666,14.787699699401855,3.5116000175476074,2.2607998847961426,0.0031999999191612005,153.7135009765625,0,0,0,0,0,0,0,0,0,0,0,0,0,58.5612,38.39412
303,208.8155059814453,5.674099922180176,30.273300170898438,6.8231000900268555,5.001999855041504,3.8714001178741455,15.372400283813477,1.361199975013733,10000,10009,20000,10006,20000,20000,10000,0.5013999938964844,0.002099999925121665,6.936699867248535,10000,2.181199999999828,2.0799,1,0.1534,0.0466,376832,15,15,1.8822,15952,0,0,36.16680145263672,15.421099662780762,7.020899772644043,2.343400001525879,0.0017999999690800905,137.4532012939453,0,0,0,0,0,0,0,0,0,0,0,0,0,58.70324,38.47736
304,207.93829345703125,5.161499977111816,26.660400390625,6.441800117492676,2.565999984741211,4.649700164794922,15.206199645996094,1.139799952507019,10000,10009,20000,10006,20000,20000,10000,0.4528999924659729,0.0019000000320374966,6.347899913787842,10000,2.138199999999824,2.2518,1,0.1346,0.0498,376832,15,15,1.4967,549864,0,0,32.03200149536133,15.718700408935547,4.2144999504089355,5.452000141143799,0.46799999475479126,144.46620178222656,0,0,0,0,0,0,0,0,0,0,0,0,0,58.47788,38.32808
305,208.67520141601562,28.791000366210938,34.749298095703125,6.0854997634887695,10.198699951171875,7.8267998695373535,15.631400108337402,1.138200044631958,10000,10009,20000,10006,20000,20000,10000,0.4205000102519989,0.0012000000569969416,4.636600017547607,10000,2.2242999999998267,2.0023,1,0.1526,0.0745,376832,15,15,2.2678,53848,0,0,63.74980163574219,16.325199127197266,4.037300109863281,2.0657999515533447,0.6532999873161316,115.48729705810547,0.02,0,0.2197,13.397,21.7103,7.7863,0.6729,1,1838438,130188,9993,27450,9972,58.69692,38.39176
306,207.4571075439453,0.424699991941452,22.91189956665039,5.765999794006348,2.4809999465942383,3.0506999492645264,14.70989990234375,1.1539000272750854,10000,10009,20000,10006,20000,20000,10000,0.4106999933719635,0.0017999999690800905,6.480199813842773,10000,2.1447999999998273,1.4306,1,0.13399999999999998,0.0589,376832,15,15,1.6723,7712,0,0,23.577899932861328,14.757200241088867,3.4296000003814697,1.5898000001907349,0.0017999999690800905,157.7458953857422,0,0,0,0,0,0,0,0,0,0,0,0,0,58.71412,38.27096
307,208.16050720214844,3.2648000717163086,25.87849998474121,5.917200088500977,2.60260009765625,3.3914999961853027,14.945199966430664,1.142699956893921,10000,10009,20000,10006,20000,20000,10000,0.5008999705314636,0.0020000000949949026,7.032700061798096,10000,2.1325999999998198,2.1314,1,0.1327,0.0494,376832,15,15,1.5223,15952,0,0,29.361499786376953,14.990400314331055,4.126500129699707,1.7594000101089478,0.0019000000320374966,151.9394989013672,0,0,0,0,0,0,0,0,0,0,0,0,0,58.70792,38.53344
308,208.72250366210938,4.59630012512207,29.401599884033203,7.917699813842773,2.648200035095215,4.558000087738037,14.931400299072266,1.1913000345230103,10000,10009,20000,10006,20000,20000,10000,0.5149000287055969,0.0017000000225380063,7.211999893188477,10000,2.149399999999824,2.3092,1,0.1528,0.078,376832,15,15,3.0031,558752,0,0,34.13930130004883,15.413000106811523,7.136499881744385,6.037799835205078,0.44209998846054077,138.32240295410156,0,0,0,0,0,0,0,0,0,0,0,0,0,58.56304,38.56424
309,209.34719848632812,44.169898986816406,43.49660110473633,7.94350004196167,12.63290023803711,8.599200248718262,15.241100311279297,1.1266000270843506,10000,10009,20000,10006,20000,20000,10000,0.5199999809265137,0.0027000000700354576,6.73799991607666,10000,2.1425999999998213,3.9299,1,0.361,0.165,376832,15,15,3.9517,58568,0,0,87.89649963378906,15.984199523925781,10.937999725341797,3.987799882888794,0.685699999332428,77.45539855957031,0.0181,12.493399620056152,0.2516,14.5577,22.936,7.7902,1.7808,1,1800648,125747,9993,26467,9966,58.794,38.47784
310,209.52110290527344,0.4259999990463257,36.82529830932617,7.769400119781494,7.403299808502197,4.083000183105469,16.387500762939453,1.2855000495910645,10000,10009,20000,10006,20000,20000,10000,0.5001000165939331,0.0020000000949949026,9.157099723815918,10000,2.1757999999998283,3.6654,1,0.39320000000000005,0.1397,376832,15,15,3.5746,7712,0,0,37.4734001159668,16.4468994140625,8.139100074768066,2.984299898147583,0.0034000000450760126,132.5177001953125,0,0,0,0,0,0,0,0,0,0,0,0,0,58.808,38.51152
311,209.39480590820312,5.76170015335083,37.716400146484375,7.946599960327148,7.5619001388549805,4.613699913024902,17.42340087890625,1.4271999597549438,10000,10009,20000,10006,20000,20000,10000,0.6402999758720398,0.002899999963119626,8.836899757385254,10000,2.334199999999864,3.5081,1,0.2702,0.1109,376832,15,15,4.1716,15952,0,0,43.703800201416016,17.506099700927734,9.04800033569336,3.207200050354004,0.003800000064074993,122.97889709472656,0,0,0,0,0,0,0,0,0,0,0,0,0,58.7486,38.5876
312,209.5428009033203,7.691999912261963,35.22480010986328,7.998000144958496,4.548699855804443,5.661600112915039,17.858800888061523,1.2336000204086304,10000,10009,20000,10006,20000,20000,10000,0.5189999938011169,0.0020000000949949026,8.499699592590332,10000,2.5587999999999997,3.8064,1,0.41400000000000003,0.1575,376832,15,15,5.2922,516272,0,0,43.15510177612305,18.821199417114258,7.892600059509277,8.2431001663208,0.9009000062942505,116.03710174560547,0,0,0,0,0,0,0,0,0,0,0,0,0,58.7972,38.49316
313,209.4530029296875,7.80210018157959,39.26259994506836,9.895600318908691,7.451399803161621,4.1356000900268555,18.052799224853516,1.3874000310897827,10000,10009,20000,10006,20000,20000,10000,0.5454999804496765,0.003000000026077032,8.366800308227539,10000,2.462999999999932,3.7934,1,0.33010000000000006,0.1948,376832,15,15,4.5334,58232,0,0,47.31919860839844,18.11039924621582,9.749199867248535,3.240600109100342,0.003100000089034438,119.52300262451172,0,0,0,0,0,0,0,0,0,0,0,0,0,58.7778,38.56756
314,209.5482940673828,0.4415999948978424,40.26350021362305,8.341300010681152,8.087800025939941,5.781700134277344,17.572900772094727,1.5780999660491943,10000,10009,20000,10006,20000,20000,10000,0.6365000009536743,0.0017999999690800905,8.774700164794922,10000,2.465999999999933,5.4797,1,0.3499,0.1331,376832,15,15,4.3155,7712,0,0,41.093299865722656,17.637100219726562,11.253000259399414,3.644399881362915,0.005200000014156103,121.76200103759766,0,0,0,0,0,0,0,0,0,0,0,0,0,58.57548,38.496
315,209.60569763183594,5.7846999168396,35.5885009765625,7.270299911499023,4.841899871826172,5.139900207519531,19.587799072265625,1.5197999477386475,10000,10009,20000,10006,20000,20000,10000,0.5049999952316284,0.002300000051036477,8.924400329589844,10000,2.592100000000021,1.9756,1,0.1714,0.0745,376832,15,15,2.3007,15952,0,0,41.63819885253906,19.652000427246094,5.394800186157227,2.297499895095825,0.0034000000450760126,132.55020141601562,0,0,0,0,0,0,0,0,0,0,0,0,0,58.63608,38.50036
316,207.86680603027344,7.030600070953369,26.628599166870117,6.286399841308594,2.771399974822998,3.302000045776367,14.632499694824219,1.0595999956130981,10000,10009,20000,10006,20000,20000,10000,0.3517000079154968,0.0012000000569969416,7.6570000648498535,10000,2.14019999999982,1.462,1,0.13190000000000002,0.044899999999999995,376832,15,15,1.6182,533600,0,0,33.86859893798828,15.100600242614746,3.593400001525879,4.494999885559082,0.4424999952316284,144.72900390625,0,0,0,0,0,0,0,0,0,0,0,0,0,58.87192,38.3438
317,208.57310485839844,17.73819923400879,33.68109893798828,5.8130998611450195,10.666000366210938,5.632199764251709,14.708499908447266,1.0038000345230103,10000,10009,20000,10006,20000,20000,10000,0.40860000252723694,0.0008999999845400453,6.235599994659424,10000,2.136699999999821,2.1986,1,0.1361,0.0498,376832,15,15,1.6611,8048,0,0,51.63130187988281,15.228300094604492,4.172100067138672,2.857300043106079,0.48660001158714294,128.3592987060547,0.0119,0,0.142,13.0385,13.5236,0.0005,1.4046,1,1769188,0,0,0,9831,59.16804,38.507
318,208.81149291992188,0.7700999975204468,26.08839988708496,5.91949987411499,3.1547999382019043,3.764899969100952,15.552599906921387,1.1708999872207642,10000,10009,20000,10006,20000,20000,10000,0.5034000277519226,0.0017999999690800905,6.712900161743164,10000,2.1829999999998235,2.4205,1,0.13590000000000002,0.054599999999999996,376832,15,15,2.1075,7712,0,0,27.111499786376953,15.604900360107422,4.388800144195557,2.2804999351501465,0.003100000089034438,151.9282989501953,0,0,0,0,0,0,0,0,0,0,0,0,0,58.87636,38.4996
319,209.3112030029297,3.3717000484466553,25.758899688720703,6.180699825286865,2.597899913787842,3.3057000637054443,15.32129955291748,1.156599998474121,10000,10009,20000,10006,20000,20000,10000,0.4966000020503998,0.0012000000569969416,6.982100009918213,10000,2.174099999999826,2.7464,1,0.1564,0.1015,376832,15,15,1.6297,15952,0,0,29.35700035095215,15.354900360107422,4.731299877166748,1.6477999687194824,0.0019000000320374966,151.89480590820312,0,0,0,0,0,0,0,0,0,0,0,0,0,58.93048,38.99436
320,208.60879516601562,5.457200050354004,25.275999069213867,6.2342000007629395,2.5139000415802,3.9516000747680664,14.7298002243042,1.0786000490188599,10000,10009,20000,10006,20000,20000,10000,0.45260000228881836,0.0010000000474974513,6.631499767303467,10000,2.1591999999998244,1.7321,1,0.1394,0.0527,376832,15,15,1.6332,521560,0,0,30.87470054626465,15.194100379943848,3.702399969100952,6.042399883270264,0.4359000027179718,146.5950927734375,0,0,0,0,0,0,0,0,0,0,0,0,0,58.87468,38.55284
321,209.09539794921875,27.115100860595703,30.627300262451172,5.541800022125244,9.586700439453125,5.613399982452393,14.72439956665039,0.9980000257492065,10000,10009,20000,10006,20000,20000,10000,0.37119999527931213,0.0008999999845400453,4.946300029754639,10000,2.140499999999816,1.8218,1,0.1336,0.05,376832,15,15,1.5413,44472,0,0,57.95050048828125,15.201499938964844,3.7797000408172607,2.3046000003814697,0.4438999891281128,123.62779998779297,0.0126,0,0.1516,13.1203,21.1078,7.5241,0.6684,1,1756100,127839,9995,26872,9964,59.01432,38.4666
322,208.935302734375,0.41670000553131104,26.5487003326416,5.73360013961792,2.588900089263916,3.4326000213623047,15.155400276184082,1.1801999807357788,10000,10009,20000,10006,20000,20000,10000,0.447299987077713,0.0017999999690800905,7.957099914550781,10000,2.153599999999822,2.6532,1,0.1405,0.0528,376832,15,15,1.5938,7712,0,0,27.175100326538086,15.204500198364258,4.651199817657471,2.21589994430542,0.002099999925121665,153.58590698242188,0,0,0,0,0,0,0,0,0,0,0,0,0,59.05244,38.79636
323,208.8173065185547,3.382499933242798,26.699499130249023,5.9085001945495605,2.445199966430664,4.797699928283691,15.12660026550293,1.129699945449829,10000,10009,20000,10006,20000,20000,10000,0.42239999771118164,0.0020000000949949026,6.581999778747559,10000,2.1642999999998196,2.1779,1,0.13390000000000002,0.0445,376832,15,15,2.0336,15952,0,0,30.3031005859375,15.172300338745117,4.142899990081787,1.6454999446868896,0.0020000000949949026,150.75559997558594,0,0,0,0,0,0,0,0,0,0,0,0,0,58.85284,38.42684
324,209.12139892578125,5.119699954986572,25.468799591064453,6.4278998374938965,3.2276999950408936,4.257199764251709,14.814499855041504,1.15910005569458,10000,10009,20000,10006,20000,20000,10000,0.43779999017715454,0.0010999999940395355,5.311800003051758,10000,2.131499999999822,1.9948,1,0.1353,0.049699999999999994,376832,15,15,1.5883,567160,0,0,30.891700744628906,15.315099716186523,3.92549991607666,5.567299842834473,0.47110000252723694,147.37860107421875,0,0,0,0,0,0,0,0,0,0,0,0,0,59.056,38.35896
325,209.0980987548828,39.18579864501953,32.17639923095703,5.918799877166748,10.287300109863281,6.3308000564575195,16.042400360107422,1.1061999797821045,10000,10009,20000,10006,20000,20000,10000,0.4684999883174896,0.002199999988079071,4.204800128936768,10000,2.1416999999998207,1.8223,1,0.132,0.0727,376832,15,15,2.1803,65232,0,0,71.62079620361328,16.64189910888672,3.7507998943328857,2.223299980163574,0.5516999959945679,108.0728988647461,0.0129,12.6318998336792,0.1372,13.1569,20.8367,7.2475,0.7186,1,1724248,123259,9996,25881,9961,59.22844,38.63872
326,208.61669921875,0.415800005197525,25.504499435424805,5.993100166320801,4.611999988555908,2.8087000846862793,14.611200332641602,1.0420000553131104,10000,10009,20000,10006,20000,20000,10000,0.42989999055862427,0.0019000000320374966,6.480400085449219,10000,2.1259999999998196,1.6099,1,0.1341,0.0547,376832,15,15,1.4282,7712,0,0,26.141799926757812,14.660699844360352,3.5208001136779785,1.5937999486923218,0.003100000089034438,156.72970581054688,0,0,0,0,0,0,0,0,0,0,0,0,0,59.44484,38.55036
327,209.29640197753906,4.553299903869629,25.668699264526367,5.982100009918213,2.7572999000549316,3.4286000728607178,15.379899978637695,1.1261999607086182,10000,10009,20000,10006,20000,20000,10000,0.4438999891281128,0.002099999925121665,7.298799991607666,10000,2.1718999999998214,1.5966,1,0.20430000000000004,0.1226,376832,15,15,2.7642,15952,0,0,30.427200317382812,15.469799995422363,3.575700044631958,1.8765000104904175,0.004000000189989805,149.17039489746094,0,0,0,0,0,0,0,0,0,0,0,0,0,59.11408,38.59528
328,209.25729370117188,6.047399997711182,21.919300079345703,5.782299995422363,1.6998000144958496,3.5855000019073486,14.473099708557129,1.0983999967575073,10000,10009,20000,10006,20000,20000,10000,0.3517000079154968,0.0015999999595806003,5.208099842071533,10000,2.1301999999998205,1.4091,1,0.1322,0.0462,376832,15,15,1.8462,622048,0,0,28.181299209594727,14.996500015258789,3.3652000427246094,4.98360013961792,0.489300012588501,151.385498046875,0,0,0,0,0,0,0,0,0,0,0,0,0,59.10616,38.63856
329,209.0771026611328,5.682300090789795,24.402999877929688,5.89300012588501,1.9483000040054321,3.066999912261963,14.590200424194336,1.3245999813079834,10000,10009,20000,10006,20000,20000,10000,0.43560001254081726,0.0008999999845400453,6.8383002281188965,10000,2.1221999999998205,2.571,1,0.14029999999999998,0.046299999999999994,376832,15,15,1.4353,59416,0,0,30.295000076293945,14.621500015258789,4.537099838256836,2.4042999744415283,0.0020000000949949026,151.27650451660156,0,0,0,0,0,0,0,0,0,0,0,0,0,59.4244,38.62524
330,209.03729248046875,0.3321000039577484,24.509700775146484,5.928999900817871,2.0457000732421875,3.31820011138916,15.896100044250488,1.1267999410629272,10000,10009,20000,10006,20000,20000,10000,0.45410001277923584,0.0017000000225380063,7.055699825286865,10000,2.2061999999998245,1.4396,1,0.13319999999999999,0.0476,376832,15,15,1.6099,7712,0,0,24.984800338745117,15.945199966430664,3.626499891281128,1.6856000423431396,0.0017999999690800905,156.52169799804688,0,0,0,0,0,0,0,0,0,0,0,0,0,58.98824,38.69888
331,209.26780700683594,3.785799980163574,25.74020004272461,5.7982001304626465,2.3076000213623047,3.4583001136779785,14.838199615478516,1.2340999841690063,10000,10009,20000,10006,20000,20000,10000,0.4487000107765198,0.0015999999595806003,8.032500267028809,10000,2.140399999999821,1.8585,1,0.13240000000000002,0.0475,376832,15,15,1.5047,15952,0,0,29.743499755859375,14.881999969482422,3.797800064086914,2.0030999183654785,0.0019000000320374966,152.8625946044922,0,0,0,0,0,0,0,0,0,0,0,0,0,59.20228,38.71124
332,208.8260955810547,4.733699798583984,26.694299697875977,6.241199970245361,1.8794000148773193,4.5346999168396,15.625399589538574,1.093999981880188,10000,10009,20000,10006,20000,20000,10000,0.4918000102043152,0.002199999988079071,7.516300201416016,10000,2.124199999999818,1.5902,1,0.1368,0.0632,376832,15,15,1.6619,456120,0,0,31.652999877929688,16.067699432373047,4.928199768066406,6.078999996185303,0.3953000009059906,143.55389404296875,0,0,0,0,0,0,0,0,0,0,0,0,0,59.37636,38.5104
333,209.21009826660156,18.311199188232422,32.727500915527344,5.984000205993652,9.782400131225586,5.211100101470947,14.88010025024414,0.9937999844551086,10000,10009,20000,10006,20000,20000,10000,0.3564999997615814,0.0013000000035390258,6.542200088500977,10000,2.1401999999998487,2.8637,1,0.1621,0.0746,376832,15,15,1.7043,8048,0,0,51.252201080322266,15.491299629211426,5.065999984741211,3.138200044631958,0.5769000053405762,127.71700286865234,0.0177,0,0.2826,13.371,14.0378,0.0025,1.489,1,1687642,0,0,0,9793,59.23424,38.56748
334,209.2738037109375,0.3702999949455261,22.941699981689453,5.729000091552734,2.328900098800659,3.1703999042510986,14.808099746704102,1.1054999828338623,10000,10009,20000,10006,20000,20000,10000,0.48410001397132874,0.00139999995008111,6.640500068664551,10000,2.142599999999824,2.1201,1,0.13440000000000002,0.0576,376832,15,15,2.6801,7712,0,0,23.53420066833496,14.901700019836426,4.223899841308594,1.985700011253357,0.010099999606609344,156.5570068359375,0,0,0,0,0,0,0,0,0,0,0,0,0,59.39244,38.58616
335,210.26690673828125,3.0992000102996826,24.22249984741211,5.988500118255615,2.5215001106262207,3.8805999755859375,14.890999794006348,1.1516000032424927,10000,10009,20000,10006,20000,20000,10000,0.503600001335144,0.0017999999690800905,5.41949987411499,10000,2.1584999999998282,1.7207,1,0.1325,0.0448,376832,15,15,1.7341,15952,0,0,27.54789924621582,14.934800148010254,3.647900104522705,1.5855000019073486,0.0017000000225380063,156.29379272460938,0,0,0,0,0,0,0,0,0,0,0,0,0,59.31956,38.73812
336,207.86300659179688,5.897200107574463,24.687999725341797,6.357100009918213,2.2160000801086426,3.9437999725341797,15.91569995880127,1.1058000326156616,10000,10009,20000,10006,20000,20000,10000,0.4447000026702881,0.0010000000474974513,6.0218000411987305,10000,2.1407999999998206,1.4354,1,0.13269999999999998,0.0485,376832,15,15,1.8095,599688,0,0,30.72559928894043,16.53529930114746,3.443700075149536,5.1880998611450195,0.5848000049591064,145.60169982910156,0,0,0,0,0,0,0,0,0,0,0,0,0,59.35048,38.59912
337,209.57749938964844,26.2450008392334,36.504398345947266,6.15910005569458,11.626700401306152,7.176499843597412,15.279800415039062,1.117300033569336,10000,10009,20000,10006,20000,20000,10000,0.46380001306533813,0.0015999999595806003,5.7621002197265625,10000,2.1971999999998233,2.4719,1,0.1562,0.0828,376832,15,15,2.667,48224,0,0,62.97700119018555,15.803299903869629,4.408599853515625,2.3478000164031982,0.4733000099658966,116.57579803466797,0.0026,0,0.1332,11.6609,19.5396,7.5107,0.7683,1,1679672,126591,9994,26964,9959,59.41476,38.58604
338,209.02479553222656,0.34209999442100525,22.76020050048828,5.826499938964844,2.0973000526428223,2.744499921798706,14.758999824523926,1.1088000535964966,10000,10009,20000,10006,20000,20000,10000,0.45719999074935913,0.0019000000320374966,6.702499866485596,10000,2.134999999999818,1.4482,1,0.13179999999999997,0.038900000000000004,376832,15,15,1.3841,7712,0,0,23.340599060058594,14.81089973449707,3.3580000400543213,1.7008999586105347,0.00279999990016222,159.87319946289062,0,0,0,0,0,0,0,0,0,0,0,0,0,59.55516,38.54364
339,209.3011932373047,3.085700035095215,27.47279930114746,6.8520002365112305,4.518199920654297,3.8756000995635986,14.957900047302246,1.1957999467849731,10000,10009,20000,10006,20000,20000,10000,0.5080000162124634,0.002300000051036477,5.60890007019043,10000,2.1877999999998234,1.9201,1,0.1351,0.0478,376832,15,15,1.5403,15952,0,0,30.79010009765625,15.012100219726562,3.8608999252319336,1.6850999593734741,0.003700000001117587,151.64990234375,0,0,0,0,0,0,0,0,0,0,0,0,0,59.7428,38.59316
340,208.8114013671875,6.104899883270264,22.77400016784668,6.105899810791016,2.702699899673462,3.6668999195098877,14.664899826049805,1.0444999933242798,10000,10009,20000,10006,20000,20000,10000,0.4498000144958496,0.0015999999595806003,5.333099842071533,10000,2.115499999999817,1.3812,1,0.1338,0.0451,376832,15,15,1.5297,509392,0,0,29.114299774169922,15.110600471496582,3.289599895477295,4.440999984741211,0.4034999907016754,150.8533935546875,0,0,0,0,0,0,0,0,0,0,0,0,0,59.48624,38.54692
341,209.67349243164062,41.03089904785156,33.7599983215332,5.9079999923706055,9.580699920654297,6.332300186157227,14.707300186157227,1.0130000114440918,10000,10009,20000,10006,20000,20000,10000,0.4050999879837036,0.0010999999940395355,6.5258002281188965,10000,2.137699999999818,1.3975,1,0.1359,0.0481,376832,15,15,1.7413,58576,0,0,75.0105972290039,15.124099731445312,3.2771999835968018,2.2778000831604004,0.38499999046325684,107.71189880371094,0.0026,13.539600372314453,0.1324,12.7309,20.2796,7.178,1.5663,1,1650812,121412,9995,25588,9949,60.19496,38.49648
342,208.97149658203125,0.36820000410079956,22.496599197387695,5.930500030517578,2.3315999507904053,3.25219988822937,14.547699928283691,1.114799976348877,10000,10009,20000,10006,20000,20000,10000,0.44350001215934753,0.0010000000474974513,5.678599834442139,10000,2.138299999999817,1.8187,1,0.1344,0.0804,376832,15,15,1.6518,7712,0,0,23.24690055847168,14.58530044555664,4.504199981689453,1.6258000135421753,0.003100000089034438,158.69839477539062,0,0,0,0,0,0,0,0,0,0,0,0,0,59.70652,38.56272
343,209.87469482421875,6.398900032043457,25.02680015563965,6.315499782562256,1.8650000095367432,4.905700206756592,15.198800086975098,1.1241999864578247,10000,10009,20000,10006,20000,20000,10000,0.5216000080108643,0.0019000000320374966,5.696199893951416,10000,2.1454999999998265,1.8437,1,0.1328,0.0504,376832,15,15,1.5539,539512,0,0,31.646499633789062,15.701700210571289,3.8043999671936035,5.02810001373291,0.44999998807907104,147.47779846191406,0,0,0,0,0,0,0,0,0,0,0,0,0,59.8056,38.65528
344,209.29220581054688,5.216700077056885,20.461599349975586,5.465799808502197,1.6778000593185425,2.5792999267578125,14.766900062561035,0.9810000061988831,10000,10009,20000,10006,20000,20000,10000,0.3402000069618225,0.0015999999595806003,5.578700065612793,10000,2.2198999999998277,1.7461,1,0.1343,0.0696,376832,15,15,1.5022,54904,0,0,25.953500747680664,14.810099601745605,3.6826000213623047,2.1175999641418457,0.0019000000320374966,156.5950927734375,0,0,0,0,0,0,0,0,0,0,0,0,0,59.99424,38.75564
345,209.71929931640625,0.4169999957084656,25.97089958190918,5.756700038909912,3.9672000408172607,3.241499900817871,15.691300392150879,1.2170000076293945,10000,10009,20000,10006,20000,20000,10000,0.37720000743865967,0.0017999999690800905,6.341400146484375,10000,2.2555999999998404,1.6512,1,0.1346,0.04869999999999999,376832,15,15,2.2118,7712,0,0,26.604799270629883,15.739800453186035,3.6777000427246094,1.8680000305175781,0.0026000000070780516,154.68179321289062,0,0,0,0,0,0,0,0,0,0,0,0,0,60.06844,38.47808
346,210.00010681152344,3.637200117111206,23.59480094909668,5.751800060272217,2.2091000080108643,3.131200075149536,14.942299842834473,1.0019999742507935,10000,10009,20000,10006,20000,20000,10000,0.3855000138282776,0.0017999999690800905,6.1992998123168945,10000,2.2311999999998284,1.3997,1,0.1455,0.048600000000000004,376832,15,15,1.6992,15952,0,0,27.4773006439209,14.987299919128418,3.365600109100342,1.9947999715805054,0.0019000000320374966,155.8032989501953,0,0,0,0,0,0,0,0,0,0,0,0,0,60.07664,38.95824
347,209.66419982910156,4.699900150299072,22.161800384521484,5.760900020599365,1.716599941253662,3.936199903488159,14.766500473022461,1.0944000482559204,10000,10009,20000,10006,20000,20000,10000,0.33070001006126404,0.0020000000949949026,5.393199920654297,10000,2.162799999999824,1.4051,1,0.13340000000000002,0.0462,376832,15,15,1.4877,583384,0,0,27.097200393676758,15.304800033569336,3.294600009918213,6.299900054931641,0.49559998512268066,151.6649932861328,0,0,0,0,0,0,0,0,0,0,0,0,0,59.97144,38.6228
348,209.90310668945312,16.813199996948242,31.56599998474121,6.188000202178955,8.378299713134766,5.201399803161621,14.739700317382812,0.9909999966621399,10000,10009,20000,10006,20000,20000,10000,0.3346000015735626,0.0010999999940395355,6.354800224304199,10000,2.2099999999998343,2.2389,1,0.13290000000000002,0.0397,376832,15,15,1.5789,8048,0,0,48.62369918823242,15.131699562072754,4.190999984741211,2.330399990081787,0.3637000024318695,133.45579528808594,0.0027,0,0.1336,11.8625,12.2444,0,1.5677,1,1625102,0,0,0,9743,60.42836,38.74948
349,210.05360412597656,0.3398999869823456,22.66189956665039,5.867000102996826,3.0171000957489014,2.7988998889923096,15.074899673461914,1.1065000295639038,10000,10009,20000,10006,20000,20000,10000,0.4839000105857849,0.0019000000320374966,5.619100093841553,10000,2.21529999999983,1.9757,1,0.1436,0.0513,376832,15,15,1.771,7712,0,0,23.139699935913086,15.125499725341797,3.935499906539917,1.8880000114440918,0.00279999990016222,159.27200317382812,0,0,0,0,0,0,0,0,0,0,0,0,0,60.13792,38.81536
350,210.66909790039062,2.565999984741211,28.279300689697266,6.769599914550781,3.0427000522613525,3.7076001167297363,15.165300369262695,1.155400037765503,10000,10009,20000,10006,20000,20000,10000,0.49880000948905945,0.00139999995008111,7.921999931335449,10000,2.199299999999831,1.7798,1,0.1394,0.0539,376832,15,15,1.594,15952,0,0,30.98419952392578,15.19950008392334,3.9714999198913574,1.6258000135421753,0.0017999999690800905,152.78399658203125,0,0,0,0,0,0,0,0,0,0,0,0,0,60.15132,38.94636
351,210.1829071044922,4.688499927520752,31.209999084472656,7.499199867248535,4.088099956512451,4.778600215911865,15.010000228881836,1.1420999765396118,10000,10009,20000,10006,20000,20000,10000,0.4562999904155731,0.002099999925121665,7.354000091552734,10000,2.1563999999998242,2.5254,1,0.1351,0.0574,376832,15,15,2.3259,501592,0,0,36.10309982299805,15.482099533081055,4.462800025939941,6.011499881744385,0.42800000309944153,140.4927978515625,0,0,0,0,0,0,0,0,0,0,0,0,0,60.16632,38.72192
352,210.72940063476562,24.874900817871094,31.694599151611328,5.546500205993652,9.828300476074219,5.241799831390381,15.589400291442871,0.9815999865531921,10000,10009,20000,10006,20000,20000,10000,0.36629998683929443,0.0017999999690800905,5.802499771118164,10000,2.140699999999822,1.9919,1,0.32289999999999996,0.0825,376832,15,15,2.3629,46360,0,0,56.79050064086914,16.12820053100586,3.948199987411499,2.6658999919891357,0.48660001158714294,120.44840240478516,0.0026,0,0.1319,10.4889,18.526,7.5798,1.2727,1,1618000,123596,9995,26460,9936,60.7956,38.69988
353,209.9875946044922,0.505299985408783,22.613100051879883,5.577000141143799,2.0696001052856445,2.6533000469207764,14.678299903869629,1.090499997138977,10000,10009,20000,10006,20000,20000,10000,0.3393999934196472,0.0017999999690800905,6.600399971008301,10000,2.153099999999822,1.5453,1,0.1622,0.0712,376832,15,15,1.6466,7712,0,0,23.368099212646484,14.731399536132812,3.4679999351501465,1.590000033378601,0.0032999999821186066,160.11239624023438,0,0,0,0,0,0,0,0,0,0,0,0,0,60.38144,38.6846
354,210.76119995117188,3.5320000648498535,24.120399475097656,5.768099784851074,2.398400068283081,3.59660005569458,14.722700119018555,1.0928000211715698,10000,10009,20000,10006,20000,20000,10000,0.5090000033378601,0.0020000000949949026,5.979800224304199,10000,2.1334999999998194,1.6655,1,0.13340000000000002,0.045,376832,15,15,1.9723,15952,0,0,27.91309928894043,14.769000053405762,3.6061999797821045,2.2530999183654785,0.0017999999690800905,155.80149841308594,0,0,0,0,0,0,0,0,0,0,0,0,0,60.67132,38.64312
355,210.443603515625,5.296199798583984,25.777700424194336,6.144499778747559,1.8583999872207642,4.258999824523926,15.053000450134277,1.0989999771118164,10000,10009,20000,10006,20000,20000,10000,0.48019999265670776,0.0010999999940395355,7.067500114440918,10000,2.2061999999998294,1.5005,1,0.1322,0.045899999999999996,376832,15,15,1.8267,604480,0,0,31.30660057067871,15.607999801635742,3.459199905395508,5.7428998947143555,0.5234000086784363,147.93099975585938,0,0,0,0,0,0,0,0,0,0,0,0,0,60.63564,38.75976
356,210.79969787597656,40.91270065307617,35.725399017333984,5.874100208282471,9.970399856567383,7.27370023727417,14.97599983215332,1.1014000177383423,10000,10009,20000,10006,20000,20000,10000,0.4733000099658966,0.002099999925121665,6.765200138092041,10000,2.1628999999998206,1.3882,1,0.1333,0.049300000000000004,376832,15,15,1.4891,54656,0,0,76.87529754638672,15.56309986114502,3.310499906539917,2.5908000469207764,0.5454999804496765,106.39330291748047,0.0026,12.620400428771973,0.1337,12.8498,20.5686,7.2013,1.5769,1,1598250,120483,9996,25371,9919,61.11244,38.60844
357,210.58009338378906,0.41659998893737793,23.57819938659668,5.862299919128418,2.236999988555908,3.5023000240325928,15.545900344848633,1.1124999523162842,10000,10009,20000,10006,20000,20000,10000,0.4684999883174896,0.002099999925121665,6.090099811553955,10000,2.1757999999998185,2.0003,1,0.13280000000000003,0.045,376832,15,15,1.4712,7712,0,0,24.20549964904785,15.600700378417969,3.9158999919891357,1.7281999588012695,0.003100000089034438,158.97120666503906,0,0,0,0,0,0,0,0,0,0,0,0,0,61.14596,38.62748
358,210.9875030517578,2.5666000843048096,23.44099998474121,5.898099899291992,2.937700033187866,3.5559000968933105,14.98449993133545,1.0943000316619873,10000,10009,20000,10006,20000,20000,10000,0.46540001034736633,0.0017999999690800905,5.327199935913086,10000,2.1502999999998194,1.4332,1,0.1331,0.0385,376832,15,15,1.6419,15952,0,0,26.216899871826172,15.036600112915039,3.410799980163574,1.8538000583648682,0.003100000089034438,155.7487030029297,0,0,0,0,0,0,0,0,0,0,0,0,0,60.93904,38.62632
359,210.9355010986328,4.732600212097168,22.391799926757812,5.88040018081665,1.7882000207901,3.519700050354004,14.782899856567383,0.9905999898910522,10000,10009,20000,10006,20000,20000,10000,0.3862000107765198,0.001500000013038516,5.51230001449585,10000,2.134899999999824,1.4566,1,0.156,0.0559,376832,15,15,1.4604,483528,0,0,27.337499618530273,15.45460033416748,3.395400047302246,6.080699920654297,0.6281999945640564,152.56539916992188,0,0,0,0,0,0,0,0,0,0,0,0,0,60.87804,38.64504
360,210.56539916992188,5.7769999504089355,25.286500930786133,6.017199993133545,3.026900053024292,3.5028998851776123,14.963299751281738,1.1217999458312988,10000,10009,20000,10006,20000,20000,10000,0.5339999794960022,0.0010999999940395355,6.411799907684326,10000,2.169199999999826,1.5679,1,0.1355,0.061200000000000004,376832,15,15,1.91,58536,0,0,31.27050018310547,14.998000144958496,3.532599925994873,1.971500039100647,0.002099999925121665,152.1009979248047,0,0,0,0,0,0,0,0,0,0,0,0,0,60.9764,38.73056
361,210.90269470214844,0.4165000021457672,23.313600540161133,5.779200077056885,2.244800090789795,4.129499912261963,15.21030044555664,1.0680999755859375,10000,10009,20000,10006,20000,20000,10000,0.5385000109672546,0.002099999925121665,5.860799789428711,10000,2.1536999999998243,2.2308,1,0.17360000000000003,0.0647,376832,15,15,2.0823,7712,0,0,23.948400497436523,15.269700050354004,4.670300006866455,2.848099946975708,0.0035000001080334187,154.38470458984375,0,0,0,0,0,0,0,0,0,0,0,0,0,61.19448,38.95844
362,210.94949340820312,8.914799690246582,27.043899536132812,7.050099849700928,3.5450000762939453,3.7032999992370605,15.046199798583984,1.073099970817566,10000,10009,20000,10006,20000,20000,10000,0.41990000009536743,0.0017999999690800905,6.29010009765625,10000,2.1612999999998266,1.9207,1,0.1431,0.0489,376832,15,15,2.7016,549512,0,0,36.10100173950195,15.554200172424316,5.048399925231934,5.497000217437744,0.4657000005245209,141.51210021972656,0,0,0,0,0,0,0,0,0,0,0,0,0,173.70364,38.87204
363,214.98609924316406,18.840900421142578,40.66239929199219,6.178299903869629,10.726799964904785,7.9730000495910645,14.779199600219727,4.058000087738037,10000,10009,20000,10006,20000,20000,10000,0.504800021648407,0.0013000000035390258,6.140900135040283,10000,2.1372999999998212,2.6662,1,0.13369999999999999,0.0503,376832,15,15,1.9646,8048,0,0,59.71549987792969,15.211600303649902,5.386099815368652,2.4082000255584717,0.40130001306533813,125.63529968261719,0.0049,0,0.1857,13.3834,13.8455,0,1.5556,1,1569308,0,0,0,9690,61.20988,38.67176
364,324.3109130859375,0.40290001034736633,25.104000091552734,5.85099983215332,3.389699935913086,3.8124001026153564,15.409299850463867,1.2854000329971313,10000,10009,20000,10006,20000,20000,10000,0.43220001459121704,0.0019000000320374966,6.107699871063232,10000,2.14139999999982,1.6699,1,0.1311,0.0552,376832,15,15,1.7752,7712,0,0,25.72170066833496,15.465800285339355,3.6031999588012695,2.078399896621704,0.0052999998442828655,270.8995056152344,0,0,0,0,0,0,0,0,0,0,0,0,0,61.31188,38.97048
365,211.0303955078125,2.4444000720977783,23.169099807739258,5.647500038146973,3.2123000621795654,3.7713000774383545,14.705400466918945,1.070099949836731,10000,10009,20000,10006,20000,20000,10000,0.45809999108314514,0.0017000000225380063,5.688799858093262,10000,2.1485999999998198,1.4796,1,0.13349999999999998,0.0536,376832,15,15,1.5119,15952,0,0,25.91900062561035,14.753600120544434,3.413100004196167,2.163300037384033,0.0019000000320374966,158.66690063476562,0,0,0,0,0,0,0,0,0,0,0,0,0,61.45896,39.0504
366,211.68870544433594,4.516499996185303,26.151599884033203,7.81850004196167,2.5892999172210693,3.1982998847961426,14.802399635314941,1.565500020980835,10000,10009,20000,10006,20000,20000,10000,0.36890000104904175,0.0010999999940395355,5.519499778747559,10000,2.170999999999822,1.7543,1,0.13340000000000002,0.053500000000000006,376832,15,15,2.457,434496,0,0,30.862899780273438,15.213000297546387,3.7163000106811523,5.395899772644043,0.38260000944137573,149.54110717773438,0,0,0,0,0,0,0,0,0,0,0,0,0,61.3016,38.74184
367,212.37879943847656,42.14609909057617,39.46149826049805,6.5218000411987305,12.384400367736816,6.685999870300293,14.936200141906738,1.18340003490448,10000,10009,20000,10006,20000,20000,10000,0.438400000333786,0.0013000000035390258,6.978400230407715,10000,2.1386999999998215,2.5101,1,0.1482,0.083,376832,15,15,3.229,52248,0,0,81.8646011352539,15.44219970703125,5.45550012588501,2.410599946975708,0.4724999964237213,99.32559967041016,0.0042,14.239999771118164,0.1505,11.4645,19.2473,7.3935,0.8244,1,1569448,123701,9995,26586,9901,62.00052,38.75104
368,211.47959899902344,0.4075999855995178,31.067699432373047,6.807700157165527,5.725399971008301,3.8719000816345215,15.535599708557129,1.1657999753952026,10000,10009,20000,10006,20000,20000,10000,0.4320000112056732,0.002300000051036477,7.013800144195557,10000,2.224699999999826,2.1368,1,0.1516,0.0963,376832,15,15,2.5437,7712,0,0,31.701400756835938,15.58489990234375,4.121200084686279,2.225800037384033,0.0019000000320374966,150.4508056640625,0,0,0,0,0,0,0,0,0,0,0,0,0,61.82992,38.91336
369,212.3804931640625,2.8805999755859375,26.656400680541992,5.8694000244140625,4.0518999099731445,3.8104000091552734,14.913999557495117,1.1049000024795532,10000,10009,20000,10006,20000,20000,10000,0.41780000925064087,0.0017999999690800905,6.683899879455566,10000,2.121399999999819,2.724,1,0.134,0.052700000000000004,376832,15,15,1.5123,15952,0,0,29.774599075317383,14.956700325012207,4.831699848175049,2.2216999530792236,0.0017000000225380063,154.56619262695312,0,0,0,0,0,0,0,0,0,0,0,0,0,61.9724,38.9146
370,212.1674041748047,6.992400169372559,30.040199279785156,7.073299884796143,4.588799953460693,4.776299953460693,15.585800170898438,1.1338000297546387,10000,10009,20000,10006,20000,20000,10000,0.49480000138282776,0.002400000113993883,7.048900127410889,10000,2.3362999999998295,2.8442,1,0.3685,0.13169999999999998,376832,15,15,3.0947,535064,0,0,37.23379898071289,16.41010093688965,4.885700225830078,6.977700233459473,0.7738000154495239,132.85960388183594,0,0,0,0,0,0,0,0,0,0,0,0,0,61.81808,39.01192
371,212.718505859375,42.074501037597656,41.096500396728516,6.764200210571289,12.15250015258789,8.451800346374512,15.333000183105469,1.136299967765808,10000,10009,20000,10006,20000,20000,10000,0.4535999894142151,0.0017999999690800905,6.802199840545654,10000,2.155999999999826,2.5867,1,0.24369999999999997,0.0907,376832,15,15,2.8156,56800,0,0,83.38569641113281,16.56999969482422,4.565199851989746,2.937700033187866,1.1848000288009644,93.36280059814453,0.006,12.959500312805176,0.166,13.1293,20.6425,7.1039,1.059,1,1543408,120384,9996,25472,9897,61.69652,38.91108
372,212.7135009765625,0.4237000048160553,28.191999435424805,6.458600044250488,3.094399929046631,3.851599931716919,15.581899642944336,1.1384999752044678,10000,10009,20000,10006,20000,20000,10000,0.5103999972343445,0.0019000000320374966,7.840000152587891,10000,2.2619999999998264,3.4781,1,0.2918,0.1375,376832,15,15,3.7598,7712,0,0,28.820999145507812,15.633000373840332,6.8394999504089355,2.1738998889923096,0.0034000000450760126,149.57290649414062,0,0,0,0,0,0,0,0,0,0,0,0,0,62.01232,38.80312
373,211.87269592285156,5.223999977111816,32.714698791503906,8.27400016784668,5.559700012207031,3.8649001121520996,15.176300048828125,1.1868000030517578,10000,10009,20000,10006,20000,20000,10000,0.4228000044822693,0.002199999988079071,7.795000076293945,10000,2.157899999999827,1.7627,1,0.1955,0.1223,376832,15,15,3.4542,15952,0,0,38.18170166015625,15.233699798583984,5.678400039672852,2.070199966430664,0.0032999999821186066,141.71490478515625,0,0,0,0,0,0,0,0,0,0,0,0,0,61.86816,38.64184
374,212.26040649414062,6.8059000968933105,28.743799209594727,7.1946001052856445,3.3090999126434326,4.859000205993652,15.409700393676758,1.1424000263214111,10000,10009,20000,10006,20000,20000,10000,0.5281999707221985,0.0020000000949949026,7.013899803161621,10000,2.1955999999998284,1.4148,1,0.1338,0.07050000000000001,376832,15,15,2.3849,537608,0,0,35.752201080322266,16.19809913635254,3.4379000663757324,5.9054999351501465,0.7289999723434448,143.5749053955078,0,0,0,0,0,0,0,0,0,0,0,0,0,62.0528,38.80976
375,211.80169677734375,4.131100177764893,19.254899978637695,5.42080020904541,1.8030999898910522,2.8519999980926514,14.648599624633789,1.0214999914169312,10000,10009,20000,10006,20000,20000,10000,0.4099000096321106,0.001500000013038516,4.555699825286865,10000,2.12399999999982,1.4329,1,0.1384,0.0453,376832,15,15,2.0835,54288,0,0,23.66670036315918,14.71660041809082,3.3452999591827393,1.9522000551223755,0.010999999940395355,161.27439880371094,0,0,0,0,0,0,0,0,0,0,0,0,0,61.89088,38.82736
376,212.27520751953125,0.4717999994754791,26.074100494384766,5.7241997718811035,3.1166000366210938,3.4514000415802,15.097599983215332,1.1404000520706177,10000,10009,20000,10006,20000,20000,10000,0.4020000100135803,0.0015999999595806003,6.929100036621094,10000,2.2365999999998314,1.5917,1,0.133,0.0372,376832,15,15,1.8165,7712,0,0,26.784700393676758,15.151599884033203,3.572200059890747,2.092600107192993,0.0031999999191612005,157.92689514160156,0,0,0,0,0,0,0,0,0,0,0,0,0,62.087,38.9346
377,212.06219482421875,4.3628997802734375,26.378000259399414,6.602399826049805,2.3750998973846436,3.2967000007629395,14.983599662780762,1.1096999645233154,10000,10009,20000,10006,20000,20000,10000,0.47130000591278076,0.001500000013038516,7.728400230407715,10000,2.1596999999998268,2.2289,1,0.13319999999999999,0.0466,376832,15,15,1.6487,15952,0,0,30.962200164794922,15.04419994354248,4.1691999435424805,2.2242000102996826,0.005100000184029341,152.3321075439453,0,0,0,0,0,0,0,0,0,0,0,0,0,62.22172,38.95424
378,212.5507049560547,6.19980001449585,37.075801849365234,9.958200454711914,6.696199893951416,5.084499835968018,14.973099708557129,1.1331000328063965,10000,10009,20000,10006,20000,20000,10000,0.4471000134944916,0.0017000000225380063,7.826900005340576,10000,2.3629999999998486,2.2441,1,0.1358,0.0547,376832,15,15,1.6289,521728,0,0,43.48509979248047,15.727399826049805,4.2382001876831055,6.26669979095459,0.7032999992370605,135.51100158691406,0,0,0,0,0,0,0,0,0,0,0,0,0,62.11892,39.02296
379,213.5428924560547,17.26059913635254,44.63420104980469,8.833600044250488,11.714400291442871,8.733200073242188,17.819700241088867,1.1742000579833984,10000,10009,20000,10006,20000,20000,10000,0.46050000190734863,0.002099999925121665,7.399099826812744,10000,2.289299999999878,4.2564,1,0.3028,0.14529999999999998,376832,15,15,4.7235,8048,0,0,62.124298095703125,18.832700729370117,10.186599731445312,4.689599990844727,0.9470000267028809,102.9176025390625,0.0047,0,0.3255,11.9397,12.5243,0.0001,1.1185,1,1517286,0,0,0,9632,62.31652,39.0066
380,213.24819946289062,0.4034000039100647,30.11680030822754,6.201900005340576,4.845600128173828,3.6549999713897705,15.15369987487793,1.2230000495910645,10000,10009,20000,10006,20000,20000,10000,0.548799991607666,0.002199999988079071,7.96619987487793,10000,2.156899999999819,2.9755,1,0.346,0.1481,376832,15,15,5.138,7712,0,0,30.746700286865234,15.208900451660156,8.791600227355957,2.6689000129699707,0.003700000001117587,142.34539794921875,0,0,0,0,0,0,0,0,0,0,0,0,0,62.2142,38.90336
381,213.14439392089844,6.2581000328063965,27.781700134277344,6.875899791717529,3.4809000492095947,3.6891000270843506,15.423100471496582,1.1224000453948975,10000,10009,20000,10006,20000,20000,10000,0.47519999742507935,0.0020000000949949026,6.943900108337402,10000,2.1578999999998216,2.1655,1,0.27899999999999997,0.1068,376832,15,15,2.5521,15952,0,0,34.25680160522461,15.48740005493164,6.900000095367432,2.859600067138672,0.0038999998942017555,141.62229919433594,0,0,0,0,0,0,0,0,0,0,0,0,0,62.3744,38.99992
382,212.85479736328125,5.747600078582764,30.625499725341797,7.143899917602539,2.4637999534606934,5.60260009765625,15.02750015258789,1.3043999671936035,10000,10009,20000,10006,20000,20000,10000,0.5672000050544739,0.0019000000320374966,7.837299823760986,10000,2.1466999999998215,1.763,1,0.1489,0.0817,376832,15,15,2.5756,566416,0,0,36.581600189208984,15.85830020904541,3.7030999660491943,5.912099838256836,0.7717999815940857,140.9178009033203,0,0,0,0,0,0,0,0,0,0,0,0,0,62.32912,38.86936
383,212.87550354003906,28.22260093688965,38.878299713134766,6.205999851226807,11.007100105285645,8.134099960327148,15.291399955749512,1.1033999919891357,10000,10009,20000,10006,20000,20000,10000,0.4519999921321869,0.0020000000949949026,6.761199951171875,10000,2.15679999999982,1.4016,1,0.1481,0.0863,376832,15,15,3.1551,44528,0,0,67.32279968261719,15.919699668884277,3.376800060272217,2.572200059890747,0.5745999813079834,115.53079986572266,0.0049,0,0.3194,12.9639,20.8262,7.2841,1.4839,1,1516058,121574,9996,26071,9892,62.29884,38.91116
384,212.71539306640625,0.42100000381469727,26.61829948425293,6.042600154876709,4.249599933624268,3.482300043106079,15.053199768066406,1.1232000589370728,10000,10009,20000,10006,20000,20000,10000,0.48829999566078186,0.0017999999690800905,6.196599960327148,10000,2.12989999999982,2.8931,1,0.1339,0.0501,376832,15,15,1.599,7712,0,0,27.244199752807617,15.1072998046875,4.9105000495910645,2.378999948501587,0.003599999938160181,154.7805938720703,0,0,0,0,0,0,0,0,0,0,0,0,0,62.43476,38.84344
385,212.76699829101562,4.881199836730957,37.48379898071289,9.003100395202637,6.250999927520752,4.638599872589111,14.885299682617188,1.1684999465942383,10000,10009,20000,10006,20000,20000,10000,0.5950999855995178,0.0017999999690800905,8.668600082397461,10000,2.134399999999818,2.5819,1,0.22719999999999999,0.0955,376832,15,15,2.7036,15952,0,0,42.592098236083984,14.94219970703125,4.5817999839782715,2.2878000736236572,0.0034000000450760126,137.33729553222656,0,0,0,0,0,0,0,0,0,0,0,0,0,62.55924,38.92248
386,212.90859985351562,6.282199859619141,28.394399642944336,6.628300189971924,2.149399995803833,5.266900062561035,15.15999984741211,1.182800054550171,10000,10009,20000,10006,20000,20000,10000,0.46799999475479126,0.002199999988079071,7.096499919891357,10000,2.132299999999822,1.9818,1,0.14609999999999998,0.07830000000000001,376832,15,15,1.7157,622304,0,0,34.928199768066406,15.731499671936035,4.043700218200684,5.2469000816345215,0.526199996471405,146.71080017089844,0,0,0,0,0,0,0,0,0,0,0,0,0,62.33956,38.87252
387,217.08309936523438,36.835899353027344,30.904600143432617,5.6940999031066895,9.371100425720215,5.790299892425537,14.626099586486816,1.0433000326156616,10000,10009,20000,10006,20000,20000,10000,0.3463999927043915,0.0010999999940395355,5.127999782562256,10000,2.1161999999998176,1.9877,1,0.1499,0.0819,376832,15,15,2.3403,48920,0,0,67.92479705810547,15.157099723815918,3.9344000816345215,2.006200075149536,0.49160000681877136,121.18219757080078,0.0024,13.34000015258789,0.1339,10.5602,17.7249,6.7885,0.7721,1,1497238,117091,9996,25133,9858,62.71304,38.86628
388,208.33619689941406,0.3395000100135803,27.39150047302246,5.84630012512207,3.168800115585327,4.110099792480469,15.599699974060059,1.1161999702453613,10000,10009,20000,10006,20000,20000,10000,0.43709999322891235,0.0019000000320374966,7.849400043487549,10000,2.175199999999823,1.974,1,0.18309999999999998,0.11080000000000001,376832,15,15,3.8667,7712,0,0,27.872600555419922,15.658599853515625,6.452099800109863,2.154900074005127,0.0035000001080334187,143.4376983642578,0,0,0,0,0,0,0,0,0,0,0,0,0,62.92664,39.00016
389,213.19219970703125,3.376499891281128,26.195100784301758,5.942500114440918,2.7279000282287598,3.818700075149536,14.942700386047363,1.1358000040054321,10000,10009,20000,10006,20000,20000,10000,0.462799996137619,0.0017000000225380063,7.211999893188477,10000,2.1505999999998213,2.0477,1,0.133,0.0429,376832,15,15,1.6888,15952,0,0,29.790000915527344,14.997200012207031,4.027699947357178,2.3945000171661377,0.0031999999191612005,153.23919677734375,0,0,0,0,0,0,0,0,0,0,0,0,0,62.87856,38.89844
390,213.31759643554688,17.723899841308594,30.900800704956055,7.38730001449585,3.450700044631958,4.854499816894531,15.175299644470215,1.1547000408172607,10000,10009,20000,10006,20000,20000,10000,0.44530001282691956,0.0026000000070780516,7.702899932861328,10000,2.1434999999998237,1.5493,1,0.13269999999999998,0.0461,376832,15,15,2.0077,613072,1,0,48.84400177001953,15.988900184631348,3.7119998931884766,5.588200092315674,0.7641000151634216,132.49110412597656,0,0,0,0,0,0,0,0,0,0,0,0,0,62.85468,38.83264
391,213.11630249023438,5.563000202178955,24.722700119018555,6.255199909210205,1.823699951171875,3.586400032043457,14.833100318908691,1.160099983215332,10000,10009,20000,10006,20000,20000,10000,0.44999998807907104,0.0017999999690800905,6.737800121307373,10000,2.120399999999819,2.1862,1,0.1392,0.0412,376832,15,15,1.6038,69640,0,0,31.021699905395508,14.878299713134766,4.124300003051758,1.6842000484466553,0.0017999999690800905,155.2895965576172,0,0,0,0,0,0,0,0,0,0,0,0,0,62.93388,38.8434
392,213.3007049560547,0.4169999957084656,29.657400131225586,5.8541998863220215,4.297299861907959,4.561100006103516,15.211799621582031,1.1653000116348267,10000,10009,20000,10006,20000,20000,10000,0.5432999730110168,0.002099999925121665,7.360199928283691,10000,2.14109999999982,1.6154,1,0.13319999999999999,0.046200000000000005,376832,15,15,1.9868,7712,0,0,30.311399459838867,15.272899627685547,3.5636000633239746,1.9838999509811401,0.003599999938160181,155.1717987060547,0,0,0,0,0,0,0,0,0,0,0,0,0,62.831,38.99804
393,213.37600708007812,4.567200183868408,30.812299728393555,6.464900016784668,5.829699993133545,3.926800012588501,14.98330020904541,1.4157999753952026,10000,10009,20000,10006,20000,20000,10000,0.5033000111579895,0.0019000000320374966,7.496200084686279,10000,2.1300999999998194,2.3534,1,0.1345,0.048,376832,15,15,1.5946,15952,0,0,35.643798828125,15.036800384521484,4.314599990844727,2.066200017929077,0.0032999999821186066,148.5626983642578,0,0,0,0,0,0,0,0,0,0,0,0,0,63.00648,39.03008
394,213.35440063476562,7.476799964904785,26.472299575805664,6.3471999168396,2.2434000968933105,4.454899787902832,15.036100387573242,1.1478999853134155,10000,10009,20000,10006,20000,20000,10000,0.45100000500679016,0.0017000000225380063,7.179599761962891,10000,2.1433999999998203,2.5751,1,0.1331,0.06509999999999999,376832,15,15,1.7443,516744,0,0,34.16270065307617,15.78950023651123,4.53000020980835,5.2606000900268555,0.7034000158309937,144.8446044921875,0,0,0,0,0,0,0,0,0,0,0,0,0,62.77644,38.89048
395,213.31399536132812,16.702600479125977,34.25830078125,5.881999969482422,9.942000389099121,6.36329984664917,15.34529972076416,1.110200047492981,10000,10009,20000,10006,20000,20000,10000,0.48829999566078186,0.0010999999940395355,5.888000011444092,10000,2.161399999999823,2.3092,1,0.14550000000000002,0.0868,376832,15,15,1.9124,8048,0,0,51.16389846801758,15.787500381469727,4.215799808502197,2.6735000610351562,0.4034999907016754,132.86619567871094,0.0043,0,0.1709,11.9279,12.3584,0.0001,1.273,1,1460134,0,0,0,9584,62.76116,38.77096
396,212.61129760742188,0.5263000130653381,21.566299438476562,5.743599891662598,1.7591999769210815,2.8666999340057373,14.728400230407715,1.0752999782562256,10000,10009,20000,10006,20000,20000,10000,0.3921999931335449,0.0017000000225380063,5.859399795532227,10000,2.13549999999982,1.3863,1,0.1325,0.0368,376832,15,15,1.6483,7712,0,0,22.336299896240234,14.779999732971191,3.2627999782562256,2.1837000846862793,0.0031999999191612005,163.73460388183594,0,0,0,0,0,0,0,0,0,0,0,0,0,62.89432,38.81832
397,213.00559997558594,3.0776000022888184,23.96969985961914,5.565999984741211,2.3469998836517334,3.140399932861328,14.812399864196777,1.1619999408721924,10000,10009,20000,10006,20000,20000,10000,0.48489999771118164,0.0019000000320374966,7.111100196838379,10000,2.131699999999819,2.3251,1,0.13269999999999998,0.047099999999999996,376832,15,15,1.8845,15952,0,0,27.25670051574707,14.878899574279785,4.32289981842041,1.8020000457763672,0.0032999999821186066,158.26370239257812,0,0,0,0,0,0,0,0,0,0,0,0,0,62.8176,38.9898
398,213.0102996826172,5.066800117492676,27.741100311279297,6.605000019073486,2.7625999450683594,4.92710018157959,15.773099899291992,1.1131000518798828,10000,10009,20000,10006,20000,20000,10000,0.41850000619888306,0.0019000000320374966,7.367199897766113,10000,2.1447999999998206,1.5962,1,0.14679999999999999,0.082,376832,15,15,2.7773,597248,0,0,33.01240158081055,16.53809928894043,4.884699821472168,5.317699909210205,0.7189000248908997,145.82589721679688,0,0,0,0,0,0,0,0,0,0,0,0,0,62.82396,38.83044
399,212.7917022705078,23.777599334716797,31.226699829101562,5.936500072479248,9.652000427246094,6.354300022125244,14.826899528503418,0.9915000200271606,10000,10009,20000,10006,20000,20000,10000,0.37599998712539673,0.0017999999690800905,4.320899963378906,10000,2.163499999999827,2.4066,1,0.1467,0.0853,376832,15,15,2.5349,46272,0,0,55.20650100708008,15.339500427246094,4.351500034332275,2.83870005607605,0.46630001068115234,127.82029724121094,0.003,0,0.1324,10.9756,18.1844,6.7996,0.7467,1,1456066,120850,9995,25816,9859,63.12936,39.13668
400,212.85899353027344,0.40230000019073486,24.13949966430664,5.721799850463867,2.105600118637085,3.335700035095215,14.716699600219727,1.091599941253662,10000,10009,20000,10006,20000,20000,10000,0.44609999656677246,0.0017999999690800905,6.8078999519348145,10000,2.3257999999998256,1.6772,1,0.1349,0.051699999999999996,376832,15,15,1.7393,7712,0,0,24.753799438476562,14.761699676513672,3.637399911880493,1.9981000423431396,0.0019000000320374966,161.1468963623047,0,0,0,0,0,0,0,0,0,0,0,0,0,63.45212,38.78036
401,330.56640625,4.013400077819824,22.0177001953125,5.774700164794922,2.611299991607666,2.5169999599456787,14.441399574279785,1.048200011253357,10000,10009,20000,10006,20000,20000,10000,0.45969998836517334,0.0017999999690800905,5.678400039672852,10000,2.1153999999998168,1.4109,1,0.13269999999999998,0.0478,376832,15,15,1.5215,15952,0,0,26.316600799560547,14.486200332641602,3.434799909591675,2.132499933242798,0.0020000000949949026,278.20001220703125,0,0,0,0,0,0,0,0,0,0,0,0,0,66.4142,39.07504
402,172.64480590820312,4.635000228881836,25.09119987487793,6.67140007019043,2.673099994659424,4.127200126647949,14.520500183105469,1.134600043296814,10000,10009,20000,10006,20000,20000,10000,0.4677000045776367,0.0017999999690800905,5.452499866485596,10000,2.1297999999998214,1.4914,1,0.13219999999999998,0.0505,376832,15,15,1.7723,595384,0,0,29.926799774169922,15.042499542236328,3.467099905014038,4.458700180053711,0.4797999858856201,113.51580047607422,0,0,0,0,0,0,0,0,0,0,0,0,0,193.4708,133.87896
403,227.10020446777344,38.79750061035156,39.076900482177734,6.585299968719482,10.685999870300293,8.012100219726562,15.144700050354004,1.1486999988555908,10000,10009,20000,10006,20000,20000,10000,0.4359000027179718,0.0020000000949949026,6.731100082397461,10000,2.160899999999848,2.7087,1,0.36719999999999997,0.1815,376832,15,15,4.6648,60832,0,0,78.09709930419922,16.4060001373291,7.6132001876831055,2.9870998859405518,1.2101999521255493,107.0177993774414,0.0059,13.447999954223633,0.1304,11.6758,18.6776,6.6243,0.7948,1,1437766,114853,9995,24368,9825,140.65176,115.20476
404,451.4089050292969,0.33899998664855957,31.15920066833496,6.680500030517578,4.412499904632568,4.696800231933594,15.003999710083008,1.343400001525879,10000,10009,20000,10006,20000,20000,10000,0.5336999893188477,0.002300000051036477,8.101799964904785,10000,2.151099999999823,1.7722,1,0.1472,0.08,376832,15,15,2.3276,7712,0,0,31.635099411010742,15.06410026550293,3.731300115585327,2.1324000358581543,0.0031999999191612005,391.7652893066406,0,0,0,0,0,0,0,0,0,0,0,0,0,148.03508,62.54104
405,709.4976196289062,6.460100173950195,28.11840057373047,6.542600154876709,2.442699909210205,2.940500020980835,16.673999786376953,1.2204999923706055,10000,10009,20000,10006,20000,20000,10000,0.5102999806404114,0.00139999995008111,8.469200134277344,10000,2.4419999999999495,2.3401,1,0.1629,0.0806,376832,15,15,2.8641,15952,0,0,35.071800231933594,16.72100067138672,4.564799785614014,2.26419997215271,0.0032999999821186066,642.6384887695312,0,0,0,0,0,0,0,0,0,0,0,0,0,128.92732,119.10768
406,483.4396057128906,10.998700141906738,50.39179992675781,15.136799812316895,4.21019983291626,7.65939998626709,38.977699279785156,2.5732998847961426,10000,10009,20000,10006,20000,20000,10000,0.8769000172615051,0.0027000000700354576,11.639300346374512,10000,7.316800000000567,3.9714,1,0.6444000000000001,0.1568,376832,15,15,6.7514,593240,0,0,61.705299377441406,40.8489990234375,9.078300476074219,13.845499992370605,1.7882000207901,334.9621887207031,0,0,0,0,0,0,0,0,0,0,0,0,0,151.46368,87.39652
407,511.2066955566406,8.980199813842773,47.86520004272461,14.553199768066406,4.092400074005127,6.224299907684326,37.98210144042969,2.527600049972534,10000,10009,20000,10006,20000,20000,10000,1.0069999694824219,0.003700000001117587,11.371999740600586,10000,5.682400000000286,3.9468,1,0.3667,0.1095,376832,15,15,4.5156,51000,0,0,57.15629959106445,38.108001708984375,8.909199714660645,4.200500011444092,0.00430000014603138,386.4602966308594,0,0,0,0,0,0,0,0,0,0,0,0,0,146.4828,118.42816
408,517.2169799804688,0.9488000273704529,53.85960006713867,15.177800178527832,5.217100143432617,5.610899925231934,37.95750045776367,2.669300079345703,10000,10009,20000,10006,20000,20000,10000,0.9427000284194946,0.0024999999441206455,15.407699584960938,10000,5.668700000000242,3.8889,1,0.34400000000000003,0.1119,376832,15,15,4.799,7712,0,0,55.30590057373047,38.027801513671875,8.88029956817627,4.2677001953125,0.00430000014603138,393.82611083984375,0,0,0,0,0,0,0,0,0,0,0,0,0,147.87628,115.93284
409,486.9012145996094,6.036200046539307,51.965599060058594,14.470800399780273,4.914599895477295,6.236499786376953,39.19889831542969,2.5710999965667725,10000,10009,20000,10006,20000,20000,10000,1.0884000062942505,0.0044999998062849045,13.047200202941895,10000,5.715900000000302,3.7904,1,0.46849999999999997,0.13340000000000002,376832,15,15,7.1125,15952,0,0,58.30580139160156,39.30270004272461,8.714200019836426,4.128399848937988,0.00419999985024333,357.3598937988281,0,0,0,0,0,0,0,0,0,0,0,0,0,136.29716,73.259
410,538.1090087890625,11.991600036621094,60.100799560546875,16.36240005493164,6.425000190734863,8.80840015411377,41.34669876098633,2.78410005569458,10000,10009,20000,10006,20000,20000,10000,0.9616000056266785,0.004699999932199717,13.559499740600586,10000,5.877600000000345,4.1524,1,0.4522,0.1637,376832,15,15,4.438,485536,0,0,72.40979766845703,42.372501373291016,9.873000144958496,13.489399909973145,0.8899999856948853,378.5296936035156,0,0,0,0,0,0,0,0,0,0,0,0,0,62.95152,114.91324
411,327.06768798828125,32.494300842285156,69.40859985351562,14.815600395202637,18.16029930114746,14.165300369262695,38.503299713134766,2.591599941253662,10000,10009,20000,10006,20000,20000,10000,1.1845999956130981,0.0026000000070780516,10.687399864196777,10000,5.7782000000002505,3.9078,1,0.35960000000000003,0.10969999999999999,376832,15,15,4.3748,8048,0,0,102.5470962524414,39.518798828125,8.873600006103516,4.9664998054504395,0.9322999715805054,155.0186004638672,0.0058,0,0.3378,24.9905,26.1712,0.0006,1.6523,1,1401526,0,0,0,9519,149.38092,247.5274
412,731.9739990234375,0.8137000203132629,49.8849983215332,14.454299926757812,4.4710001945495605,6.183000087738037,38.27080154418945,2.6598000526428223,10000,10009,20000,10006,20000,20000,10000,0.8665000200271606,0.002300000051036477,13.067500114440918,10000,5.757700000000283,3.8415,1,0.34430000000000005,0.1435,376832,15,15,4.2564,7712,0,0,51.02450180053711,38.34299850463867,8.78950023651123,4.06689977645874,0.00430000014603138,613.7476806640625,0,0,0,0,0,0,0,0,0,0,0,0,0,505.6152,404.42376
413,473.8262023925781,3.1333999633789062,29.676599502563477,8.149299621582031,3.318700075149536,4.613399982452393,41.07609939575195,1.5608999729156494,10000,10009,20000,10006,20000,20000,10000,0.478300005197525,0.002199999988079071,5.863100051879883,10000,5.672100000000265,2.544,1,0.3411,0.1115,376832,15,15,3.9469,15952,0,0,32.96879959106445,41.18579864501953,6.022600173950195,2.2880001068115234,0.007300000172108412,375.45989990234375,0,0,0,0,0,0,0,0,0,0,0,0,0,529.22492,401.2358
414,1817.445556640625,9.315199851989746,34.712501525878906,9.344200134277344,5.802700042724609,4.477799892425537,15.068400382995605,1.1401000022888184,10000,10009,20000,10006,20000,20000,10000,0.4659000039100647,0.0019000000320374966,7.808800220489502,10000,2.1326999999998186,1.631,1,0.2784,0.1287,376832,15,15,3.2004,516776,0,0,44.25090026855469,15.85789966583252,3.531100034713745,4.905799865722656,0.7103000283241272,1739.4814453125,0,0,0,0,0,0,0,0,0,0,0,0,0,64.03184,400.81076
415,2254.357666015625,36.98649978637695,54.573299407958984,7.965400218963623,17.384899139404297,7.79640007019043,15.154500007629395,1.299299955368042,10000,10009,20000,10006,20000,20000,10000,0.42170000076293945,0.002099999925121665,11.132800102233887,10000,2.183099999999827,2.1494,1,0.2532,0.0859,376832,15,15,2.8649,40104,0,0,91.77339935302734,16.041099548339844,5.671199798583984,3.100100040435791,0.8296999931335449,2127.466796875,0.0042,0,0.1614,11.7448,26.8051,14.5077,1.7076,1,1398782,117079,9992,25073,9811,499.72556,357.94004
416,1322.0928955078125,0.43650001287460327,43.68989944458008,6.979000091552734,6.914400100708008,10.493599891662598,18.249000549316406,2.005000114440918,10000,10009,20000,10006,20000,20000,10000,0.7283999919891357,0.003100000089034438,8.087300300598145,10000,2.309899999999865,3.8652,1,0.4134,0.2009,376832,15,15,4.9522,7712,0,0,44.36470031738281,18.327199935913086,8.805000305175781,3.4200000762939453,0.006300000008195639,1234.91162109375,0,0,0,0,0,0,0,0,0,0,0,0,0,439.03372,325.43724
417,865.8952026367188,2.7102999687194824,58.749298095703125,19.904800415039062,7.96560001373291,6.309700012207031,17.378299713134766,2.7567999362945557,10000,10009,20000,10006,20000,20000,10000,0.8449000120162964,0.002300000051036477,9.656000137329102,10000,2.169499999999825,1.5049,1,0.136,0.049,376832,15,15,1.7819,15952,0,0,61.601600646972656,17.441499710083008,3.5566999912261963,2.2404000759124756,0.003100000089034438,774.5980224609375,0,0,0,0,0,0,0,0,0,0,0,0,0,495.12564,334.56028
418,1607.36767578125,6.6230998039245605,28.376300811767578,6.277900218963623,2.4210000038146973,5.7032999992370605,36.00230026245117,1.2640999555587769,10000,10009,20000,10006,20000,20000,10000,0.5759999752044678,0.0020000000949949026,6.827000141143799,10000,2.4509999999999104,2.3708,1,0.1553,0.0818,376832,15,15,2.7587,514976,0,0,35.20610046386719,36.766700744628906,4.329500198364258,6.420400142669678,0.7064999938011169,1515.245849609375,0,0,0,0,0,0,0,0,0,0,0,0,0,438.08336,324.20524
419,835.8743286132812,36.674598693847656,51.43960189819336,6.964399814605713,16.934900283813477,9.269399642944336,25.271099090576172,1.3076000213623047,10000,10009,20000,10006,20000,20000,10000,0.5950999855995178,0.002099999925121665,10.717700004577637,10000,4.69280000000026,7.9833,1,0.5577000000000001,0.1215,376832,15,15,5.3514,42528,0,0,88.33779907226562,25.92889976501465,15.33329963684082,6.241300106048584,0.6065000295639038,684.1535034179688,0.0043,12.996600151062012,0.1581,9.5079,16.813,6.8866,0.8999,1,1370676,112161,9992,23826,9770,64.4536,38.77424
420,1652.8004150390625,0.833299994468689,60.25339889526367,17.230100631713867,7.009300231933594,7.917799949645996,40.49789810180664,2.8171000480651855,10000,10009,20000,10006,20000,20000,10000,1.041700005531311,0.003000000026077032,13.848400115966797,10000,5.646600000000292,4.3334,1,0.4875,0.15789999999999998,376832,15,15,3.8748,7712,0,0,61.41379928588867,40.6161003112793,9.47760009765625,4.756999969482422,0.00430000014603138,1517.7010498046875,0,0,0,0,0,0,0,0,0,0,0,0,0,436.27052,127.44272
421,617.1569213867188,3.0404999256134033,23.746000289916992,5.742800235748291,2.5206000804901123,4.587900161743164,16.10420036315918,1.0990999937057495,10000,10009,20000,10006,20000,20000,10000,0.4788999855518341,0.002400000113993883,5.527599811553955,10000,2.172599999999818,3.0796,1,0.3702,0.1101,376832,15,15,2.8371,15952,0,0,26.956100463867188,16.16510009765625,6.265399932861328,2.3998000621795654,0.003800000064074993,552.5479736328125,0,0,0,0,0,0,0,0,0,0,0,0,0,404.10944,244.9484
422,1162.0751953125,4.7052998542785645,38.719200134277344,7.063199996948242,3.767199993133545,10.801300048828125,24.00079917907715,1.4639999866485596,10000,10009,20000,10006,20000,20000,10000,0.6899999976158142,0.00419999985024333,7.241099834442139,10000,2.2336999999998275,23.2246,1,1.4452999999999998,0.8297000000000001,376832,15,15,19.2591,528816,0,0,43.56800079345703,25.470500946044922,29.326499938964844,44.37189865112305,1.3222999572753906,983.0888061523438,0,0,0,0,0,0,0,0,0,0,0,0,0,420.91624,237.45332
423,1369.4361572265625,10.738300323486328,39.289798736572266,6.856500148773193,6.0432000160217285,5.2108001708984375,16.028400421142578,1.5872000455856323,10000,10009,20000,10006,20000,20000,10000,0.7398999929428101,0.0019000000320374966,11.788399696350098,10000,2.2010999999998253,2.946,1,0.3297,0.16019999999999998,376832,15,15,4.5875,54064,0,0,50.172298431396484,16.149099349975586,5.433300018310547,4.593100070953369,0.008999999612569809,1282.3494873046875,0,0,0,0,0,0,0,0,0,0,0,0,0,407.02792,247.3864
424,913.056396484375,0.9782000184059143,46.6077995300293,6.451099872589111,4.643599987030029,8.73449993133545,15.826499938964844,1.823699951171875,10000,10009,20000,10006,20000,20000,10000,0.7807999849319458,0.003800000064074993,13.098099708557129,10000,2.188599999999827,3.2244,1,0.22929999999999998,0.1081,376832,15,15,3.6994,7712,0,0,48.168800354003906,15.993200302124023,5.5131001472473145,2.747999906539917,0.010099999606609344,831.0034790039062,0,0,0,0,0,0,0,0,0,0,0,0,0,427.18568,63.594
425,1146.25244140625,7.850599765777588,35.333900451660156,6.38730001449585,6.045300006866455,5.184599876403809,15.618200302124023,0.9979000091552734,10000,10009,20000,10006,20000,20000,10000,0.3605000078678131,0.0052999998442828655,8.171699523925781,10000,2.1741999999998214,3.047,1,0.1359,0.0456,376832,15,15,4.8012,15952,0,0,43.344200134277344,15.718600273132324,5.375699996948242,4.469399929046631,0.01119999960064888,1066.956298828125,0,0,0,0,0,0,0,0,0,0,0,0,0,425.57752,235.93612
426,938.7020874023438,4.872799873352051,23.351999282836914,5.803500175476074,1.9175000190734863,4.78410005569458,15.537199974060059,1.104200005531311,10000,10009,20000,10006,20000,20000,10000,0.41780000925064087,0.0017999999690800905,4.803500175476074,10000,2.1631999999998226,3.0625,1,0.2732,0.1796,376832,15,15,6.1481,560040,0,0,28.42930030822754,16.055400848388672,5.090700149536133,15.528200149536133,0.4708999991416931,861.9973754882812,0,0,0,0,0,0,0,0,0,0,0,0,0,421.54096,239.04332
427,1331.4239501953125,19.206100463867188,79.85279846191406,12.732199668884277,20.497699737548828,18.037399291992188,18.436199188232422,2.1224000453948975,10000,10009,20000,10006,20000,20000,10000,0.6158999800682068,0.006099999882280827,14.538599967956543,10000,2.2006999999998196,3.2806,1,0.30820000000000003,0.0677,376832,15,15,4.5881,8048,0,0,99.64559936523438,19.635900497436523,5.426599979400635,5.7093000411987305,1.05239999294281,1187.0328369140625,0.0031,0,0.1496,10.9405,11.4153,0,2.1246,1,1345754,0,0,0,9446,420.99324,235.07544
428,674.2528076171875,0.9977999925613403,52.78609848022461,7.846099853515625,5.474999904632568,8.06779956817627,16.154399871826172,1.7556999921798706,10000,10009,20000,10006,20000,20000,10000,0.98089998960495,0.007699999958276749,15.230400085449219,10000,2.216599999999855,1.4626,1,0.32630000000000003,0.2167,376832,15,15,4.1267,7712,0,0,54.43069839477539,16.32430076599121,3.8220999240875244,4.278200149536133,0.010499999858438969,582.2849731445312,0,0,0,0,0,0,0,0,0,0,0,0,0,420.87372,241.48416
429,1350.7994384765625,6.737400054931641,37.922298431396484,6.493899822235107,4.09499979019165,4.280799865722656,16.01409912109375,1.0404000282287598,10000,10009,20000,10006,20000,20000,10000,0.40380001068115234,0.0010000000474974513,11.575599670410156,10000,2.2472999999998238,2.8705,1,0.2894,0.1291,376832,15,15,4.9721,15952,0,0,45.270301818847656,16.056499481201172,5.099400043487549,4.444699764251709,0.003000000026077032,1262.732421875,0,0,0,0,0,0,0,0,0,0,0,0,0,407.10012,38.69548
430,673.3380737304688,14.125,44.93730163574219,8.174200057983398,7.954899787902832,5.617700099945068,16.026100158691406,1.4701000452041626,10000,10009,20000,10006,20000,20000,10000,0.739799976348877,0.0010999999940395355,12.753899574279785,10000,2.2477999999998466,3.463,1,0.21490000000000004,0.1412,376832,15,15,2.4632,550424,0,0,59.53850173950195,17.587200164794922,5.456299781799316,12.602299690246582,1.4990999698638916,569.6895141601562,0,0,0,0,0,0,0,0,0,0,0,0,0,406.62592,227.91944
431,2023.1302490234375,27.365400314331055,68.4457015991211,9.008999824523926,21.26099967956543,12.576199531555176,16.091400146484375,1.6411999464035034,10000,10009,20000,10006,20000,20000,10000,1.3068000078201294,0.0012000000569969416,10.825900077819824,10000,2.198799999999826,3.0361,1,0.33669999999999994,0.18080000000000002,376832,15,15,7.5769,46976,0,0,96.1792984008789,17.054399490356445,5.188600063323975,5.007800102233887,0.885699987411499,1886.220947265625,0.0137,0,0.3089,10.8937,18.4046,6.9048,1.6126,1,1343382,116270,9992,24903,9751,64.15068,238.05876
432,2197.532958984375,0.34040001034736633,38.6505012512207,6.780700206756592,3.723599910736084,5.937399864196777,16.059799194335938,1.105299949645996,10000,10009,20000,10006,20000,20000,10000,0.9538000226020813,0.0010000000474974513,12.878600120544434,10000,2.145299999999829,3.0172,1,0.34140000000000004,0.1908,376832,15,15,6.1965,7712,0,0,39.13520050048828,16.093299865722656,5.269000053405762,4.200399875640869,0.002199999988079071,2121.081298828125,0,0,0,0,0,0,0,0,0,0,0,0,0,437.55628,253.17552
433,1218.2281494140625,8.982199668884277,49.83610153198242,9.090700149536133,8.475700378417969,6.542300224304199,16.980899810791016,1.8112000226974487,10000,10009,20000,10006,20000,20000,10000,0.7459999918937683,0.0010000000474974513,14.88010025024414,10000,2.181299999999822,4.1147,1,0.35209999999999997,0.1592,376832,15,15,1.9717,15952,0,0,58.96950149536133,17.024900436401367,6.6880998611450195,3.547100067138672,0.0032999999821186066,1124.4879150390625,0,0,0,0,0,0,0,0,0,0,0,0,0,419.85628,234.81296
434,1608.3880615234375,11.232500076293945,50.72629928588867,8.036299705505371,8.279199600219727,6.979499816894531,16.261999130249023,1.7800999879837036,10000,10009,20000,10006,20000,20000,10000,0.7138000130653381,0.0017000000225380063,14.226799964904785,10000,2.1541999999998227,3.1765,1,0.20699999999999996,0.13340000000000002,376832,15,15,4.466,514176,0,0,62.10369873046875,17.940000534057617,5.539599895477295,13.696499824523926,1.5336999893188477,1499.2138671875,0,0,0,0,0,0,0,0,0,0,0,0,0,64.19756,226.4846
435,2674.37158203125,47.07080078125,76.99800109863281,10.252099990844727,28.40180015563965,13.675399780273438,21.327699661254883,2.450000047683716,10000,10009,20000,10006,20000,20000,10000,0.8934999704360962,0.00139999995008111,11.728500366210938,10000,2.2492999999998258,1.9309,1,0.4979,0.1825,376832,15,15,3.8888,51976,0,0,124.23619842529297,27.758399963378906,4.947000026702881,6.453499794006348,6.374300003051758,2492.43310546875,0.015,14.938899040222168,0.3487,11.3639,18.8918,6.8432,2.1064,1,1315234,108878,9993,23042,9714,408.30972,232.68644
436,1035.140625,1.010599970817566,73.25090026855469,9.97249984741211,12.208200454711914,15.304400444030762,19.898000717163086,3.2432000637054443,10000,10009,20000,10006,20000,20000,10000,1.3773000240325928,0.001500000013038516,13.089900016784668,10000,2.3781999999998464,4.0161,1,1.2961,0.52,376832,15,15,10.1973,7712,0,0,74.75579833984375,20.023799896240234,8.235799789428711,4.944699764251709,0.025299999862909317,902.0836791992188,0,0,0,0,0,0,0,0,0,0,0,0,0,413.01156,233.41132
437,2577.621337890625,7.813899993896484,69.21440124511719,15.257599830627441,9.695699691772461,10.148300170898438,20.913400650024414,2.2506000995635986,10000,10009,20000,10006,20000,20000,10000,1.0470999479293823,0.006599999964237213,13.862099647521973,10000,2.33449999999987,3.5338,1,1.7192999999999998,0.8341000000000001,376832,15,15,5.8711,15952,0,0,77.4281997680664,21.047399520874023,7.251399993896484,5.998600006103516,0.010900000110268593,2443.389892578125,0,0,0,0,0,0,0,0,0,0,0,0,0,64.5896,39.27332
438,1795.224365234375,10.885100364685059,48.045799255371094,7.375800132751465,5.41349983215332,9.482999801635742,16.178800582885742,1.6299999952316284,10000,10009,20000,10006,20000,20000,10000,0.4345000088214874,0.0015999999595806003,13.195799827575684,10000,2.144499999999821,5.0762,1,0.3792,0.2663,376832,15,15,6.807,582144,0,0,59.07550048828125,17.09469985961914,11.691900253295898,12.712800025939941,0.8776000142097473,1677.1365966796875,0,0,0,0,0,0,0,0,0,0,0,0,0,420.17856,242.0302
439,999.5493774414062,9.511699676513672,38.544498443603516,6.275599956512451,3.296299934387207,6.990200042724609,16.37649917602539,1.6477999687194824,10000,10009,20000,10006,20000,20000,10000,0.6654000282287598,0.004800000227987766,10.3326997756958,10000,2.226299999999849,3.5063,1,0.6267,0.2227,376832,15,15,6.4073,45016,0,0,48.59519958496094,16.522499084472656,12.503700256347656,4.057400226593018,0.009399999864399433,894.4401245117188,0,0,0,0,0,0,0,0,0,0,0,0,0,396.60916,223.99864
440,1521.43994140625,0.36970001459121704,45.1781005859375,7.5100998878479,7.423500061035156,8.652700424194336,15.65880012512207,2.219399929046631,10000,10009,20000,10006,20000,20000,10000,0.8812000155448914,0.00139999995008111,13.860899925231934,10000,2.1397999999998176,3.5344,1,0.2324,0.1588,376832,15,15,4.1358,7712,0,0,45.69490051269531,15.739899635314941,5.909599781036377,1.871399998664856,0.015300000086426735,1442.537109375,0,0,0,0,0,0,0,0,0,0,0,0,0,416.06888,241.73016
441,1730.72509765625,6.59630012512207,51.764801025390625,8.531999588012695,8.942700386047363,8.53950023651123,17.28459930419922,1.0622999668121338,10000,10009,20000,10006,20000,20000,10000,0.43209999799728394,0.002300000051036477,11.271599769592285,10000,2.24909999999982,2.7745,1,0.4632,0.196,376832,15,15,7.961,15952,0,0,58.71179962158203,17.441999435424805,5.581900119781494,4.153800010681152,0.010900000110268593,1624.8751220703125,0,0,0,0,0,0,0,0,0,0,0,0,0,406.38264,38.86936
442,1311.5753173828125,17.149999618530273,45.43519973754883,8.049599647521973,7.176000118255615,6.131199836730957,15.588600158691406,1.1440999507904053,10000,10009,20000,10006,20000,20000,10000,0.8514000177383423,0.0010999999940395355,10.955499649047852,10000,2.160499999999837,2.0496,1,0.3874,0.17919999999999997,376832,15,15,5.575,528232,0,0,62.747398376464844,16.606700897216797,4.388800144195557,10.858599662780762,0.9643999934196472,1206.1676025390625,0,0,0,0,0,0,0,0,0,0,0,0,0,408.9438,230.11052
443,1587.1650390625,17.02429962158203,53.679500579833984,6.639400005340576,18.04319953918457,9.088199615478516,15.643400192260742,1.4371999502182007,10000,10009,20000,10006,20000,20000,10000,0.6380000114440918,0.0044999998062849045,9.965100288391113,10000,2.1847999999998216,2.9751,1,0.3019,0.1765,376832,15,15,6.4128,8048,0,0,70.85669708251953,16.66670036315918,5.128499984741211,4.517899990081787,0.8708999752998352,1477.83935546875,0.0173,0,0.3225,10.2108,10.8221,0.0001,1.4779,1,1282378,0,0,0,9353,395.50672,230.42432
444,1723.3187255859375,0.7861999869346619,34.874900817871094,5.996300220489502,2.9489998817443848,4.573699951171875,15.384699821472168,1.3696999549865723,10000,10009,20000,10006,20000,20000,10000,0.8463000059127808,0.0017999999690800905,11.428600311279297,10000,2.2802999999998246,5.2281,1,0.3219,0.1226,376832,15,15,3.7598,7712,0,0,36.29570007324219,15.51259994506836,7.368199825286865,2.1278998851776123,0.010900000110268593,1652.1922607421875,0,0,0,0,0,0,0,0,0,0,0,0,0,64.25828,224.36028
445,1506.8365478515625,11.243499755859375,36.269901275634766,6.16349983215332,3.6168999671936035,4.444799900054932,15.646300315856934,1.0470000505447388,10000,10009,20000,10006,20000,20000,10000,0.35519999265670776,0.008899999782443047,11.32509994506836,10000,2.1687999999998193,1.3834,1,0.24470000000000003,0.1563,376832,15,15,5.7931,15952,0,0,47.655399322509766,15.760600090026855,3.6070001125335693,3.797300100326538,0.003000000026077032,1424.7900390625,0,0,0,0,0,0,0,0,0,0,0,0,0,414.68508,225.8268
446,1411.4801025390625,15.164600372314453,62.06230163574219,14.663399696350098,14.609199523925781,9.049500465393066,17.00790023803711,1.6598000526428223,10000,10009,20000,10006,20000,20000,10000,0.39489999413490295,0.003599999938160181,13.243800163269043,10000,2.1987999999998253,1.4628,1,0.1421,0.0552,376832,15,15,5.2541,586536,0,0,77.37370300292969,19.354400634765625,3.7743000984191895,8.23289966583252,2.19320011138916,1292.09228515625,0,0,0,0,0,0,0,0,0,0,0,0,0,404.50452,224.34676
447,1730.811279296875,42.02939987182617,48.006500244140625,6.613100051879883,17.67650032043457,9.588600158691406,15.811400413513184,1.1302000284194946,10000,10009,20000,10006,20000,20000,10000,0.37630000710487366,0.0013000000035390258,6.728000164031982,10000,2.1286999999998195,2.5561,1,0.13640000000000002,0.046299999999999994,376832,15,15,4.5182,40912,0,0,90.472900390625,16.647899627685547,4.758299827575684,5.12529993057251,0.7723000049591064,1603.56982421875,0.0027,13.541799545288086,0.2259,9.5271,16.7635,6.7319,1.8013,1,1282404,111288,9993,24171,9689,64.49088,225.95608
448,2111.7041015625,0.9447000026702881,40.39070129394531,6.542699813842773,6.066999912261963,3.759000062942505,16.213199615478516,1.5427000522613525,10000,10009,20000,10006,20000,20000,10000,0.8946999907493591,0.002400000113993883,13.070099830627441,10000,2.2191999999998857,2.9353,1,0.4022,0.18139999999999998,376832,15,15,5.3137,7712,0,0,41.77130126953125,16.29509925842285,5.156300067901611,2.2571001052856445,0.015699999406933784,2034.2696533203125,0,0,0,0,0,0,0,0,0,0,0,0,0,408.21592,226.49484
449,1345.1048583984375,8.982500076293945,45.33599853515625,6.654099941253662,3.8389999866485596,8.411399841308594,16.83530044555664,1.8544000387191772,10000,10009,20000,10006,20000,20000,10000,0.7925000190734863,0.00139999995008111,13.130399703979492,10000,2.1905999999998214,1.6186,1,0.39189999999999997,0.13440000000000002,376832,15,15,6.2288,15952,0,0,54.536800384521484,16.917299270629883,3.868000030517578,2.8698999881744385,0.013199999928474426,1252.8121337890625,0,0,0,0,0,0,0,0,0,0,0,0,0,437.428,245.6112
450,1781.1474609375,10.630599975585938,38.32849884033203,7.059100151062012,3.140700101852417,6.232999801635742,15.494600296020508,1.3323999643325806,10000,10009,20000,10006,20000,20000,10000,0.39800000190734863,0.0017000000225380063,10.163900375366211,10000,2.1622999999998203,1.438,1,0.2678,0.1669,376832,15,15,6.3012,531264,0,0,49.61069869995117,17.300899505615234,3.5683000087738037,12.002799987792969,1.7297999858856201,1686.239501953125,0,0,0,0,0,0,0,0,0,0,0,0,0,416.77444,224.58468
451,1771.508056640625,42.4297981262207,63.647499084472656,8.349499702453613,17.96339988708496,12.039199829101562,16.01930046081543,1.7480000257492065,10000,10009,20000,10006,20000,20000,10000,1.006700038909912,0.002099999925121665,9.291000366210938,10000,2.1477999999998274,5.3958,1,0.2733,0.1754,376832,15,15,4.5704,49000,0,0,106.23539733886719,16.91990089416504,7.464000225067139,6.366700172424316,0.8061000108718872,1624.576416015625,0.0103,12.298500061035156,0.2458,11.6247,18.8666,6.6932,1.7389,1,1259456,106646,9994,22946,9638,64.41508,39.27616
452,1333.1961669921875,0.5519000291824341,44.82229995727539,7.255799770355225,7.666500091552734,7.182300090789795,16.096399307250977,1.0311000347137451,10000,10009,20000,10006,20000,20000,10000,0.42910000681877136,0.006899999920278788,9.566100120544434,10000,2.228699999999832,3.2521,1,0.22870000000000001,0.0904,376832,15,15,6.0085,7712,0,0,45.532798767089844,16.252199172973633,5.336999893188477,1.8108999729156494,0.011500000022351742,1250.6053466796875,0,0,0,0,0,0,0,0,0,0,0,0,0,397.14208,221.85508
453,380.8642883300781,4.218999862670898,30.135400772094727,6.473599910736084,4.227499961853027,3.706899881362915,17.323200225830078,1.1893999576568604,10000,10009,20000,10006,20000,20000,10000,0.4925999939441681,0.0019000000320374966,8.784299850463867,10000,2.1512999999998237,4.2887,1,0.38799999999999996,0.1759,376832,15,15,5.8126,15952,0,0,34.52130126953125,17.379199981689453,8.785400390625,3.1621999740600586,0.003700000001117587,304.168212890625,0,0,0,0,0,0,0,0,0,0,0,0,0,395.01396,218.04968
454,1411.3505859375,9.59000015258789,33.99909973144531,7.153800010681152,2.1254000663757324,6.0528998374938965,15.619199752807617,1.0245000123977661,10000,10009,20000,10006,20000,20000,10000,0.3709000051021576,0.005400000140070915,9.495699882507324,10000,2.1755999999998203,2.7899,1,0.28500000000000003,0.1276,376832,15,15,5.234,467280,0,0,44.06340026855469,17.271900177001953,4.824999809265137,9.952899932861328,1.5262000560760498,1324.5218505859375,0,0,0,0,0,0,0,0,0,0,0,0,0,386.1946,223.04008
455,1611.94677734375,9.126899719238281,37.04159927368164,7.286099910736084,6.757800102233887,5.1869001388549805,16.765199661254883,0.9850000143051147,10000,10009,20000,10006,20000,20000,10000,0.41519999504089355,0.006599999964237213,5.7399001121521,10000,2.1693999999998232,3.0444,1,0.2565,0.0762,376832,15,15,4.6203,46496,0,0,46.31930160522461,16.845699310302734,5.411600112915039,2.907399892807007,0.003000000026077032,1530.210205078125,0,0,0,0,0,0,0,0,0,0,0,0,0,64.19704,236.10584
456,1659.4422607421875,0.8744999766349792,40.282901763916016,6.460999965667725,5.04449987411499,5.43120002746582,15.654399871826172,1.6552000045776367,10000,10009,20000,10006,20000,20000,10000,0.803600013256073,0.0012000000569969416,10.735899925231934,10000,2.194499999999825,4.0683,1,0.22040000000000004,0.0954,376832,15,15,4.8609,7712,0,0,41.66600036621094,15.749699592590332,6.1732001304626465,3.7600998878479004,0.007899999618530273,1579.9259033203125,0,0,0,0,0,0,0,0,0,0,0,0,0,396.30924,250.29732
457,405.6763000488281,9.384099960327148,47.8572998046875,8.690999984741211,11.81779956817627,7.70359992980957,17.764799118041992,1.094599962234497,10000,10009,20000,10006,20000,20000,10000,0.3903000056743622,0.006000000052154064,12.944600105285645,10000,2.1948999999998264,3.6287,1,0.3064,0.1271,376832,15,15,4.0139,15952,0,0,57.412498474121094,17.872800827026367,6.26609992980957,1.9149999618530273,0.0019000000320374966,312.7030944824219,0,0,0,0,0,0,0,0,0,0,0,0,0,401.15852,240.2932
458,1458.0487060546875,10.892900466918945,68.86859893798828,12.059000015258789,10.695099830627441,8.590700149536133,17.0669002532959,1.506600022315979,10000,10009,20000,10006,20000,20000,10000,0.5412999987602234,0.0071000000461936,17.818300247192383,10000,2.15649999999982,3.3772,1,0.28900000000000003,0.1242,376832,15,15,4.9424,544064,0,0,79.92720031738281,18.97279930114746,7.032899856567383,15.455699920654297,1.7355999946594238,1322.826904296875,0,0,0,0,0,0,0,0,0,0,0,0,0,403.42096,220.11684
459,1235.0938720703125,17.86009979248047,85.52619934082031,10.160200119018555,26.534900665283203,18.59309959411621,16.28459930419922,1.8600000143051147,10000,10009,20000,10006,20000,20000,10000,1.0414999723434448,0.006300000008195639,14.234199523925781,10000,2.1813999999998193,2.9857,1,0.42400000000000004,0.1502,376832,15,15,8.1618,8048,0,0,103.93939971923828,17.468399047851562,5.000899791717529,6.2357001304626465,1.0535000562667847,1086.4239501953125,0.0046,0,0.2866,9.6279,10.2232,0,1.5517,1,1229544,0,0,0,9252,64.69312,222.19796
460,1680.35693359375,0.5188999772071838,36.641700744628906,6.121799945831299,4.706999778747559,5.148600101470947,16.982999801635742,0.9951000213623047,10000,10009,20000,10006,20000,20000,10000,0.461899995803833,0.0017000000225380063,9.642000198364258,10000,2.180899999999823,2.9219,1,0.20159999999999997,0.08030000000000001,376832,15,15,4.461,7712,0,0,37.31420135498047,17.043699264526367,5.044899940490723,4.0553998947143555,0.007799999788403511,1606.6954345703125,0,0,0,0,0,0,0,0,0,0,0,0,0,393.95748,222.07308
461,1373.4267578125,6.372600078582764,32.4192008972168,5.717599868774414,4.474800109863281,4.344799995422363,15.274900436401367,0.9904999732971191,10000,10009,20000,10006,20000,20000,10000,0.4058000147342682,0.0010999999940395355,9.57759952545166,10000,2.1847999999998238,3.2593,1,0.13770000000000002,0.0555,376832,15,15,3.5466,15952,0,0,39.214298248291016,15.309000015258789,5.361299991607666,3.9586000442504883,0.0017999999690800905,1300.4952392578125,0,0,0,0,0,0,0,0,0,0,0,0,0,415.13172,215.4838
462,1017.6226196289062,7.676400184631348,40.694000244140625,7.383600234985352,2.7395999431610107,8.678000450134277,15.867899894714355,1.3743000030517578,10000,10009,20000,10006,20000,20000,10000,0.8928999900817871,0.0017000000225380063,11.905200004577637,10000,2.160099999999821,3.1161,1,0.1338,0.0404,376832,15,15,3.8031,483864,0,0,48.58509826660156,17.261899948120117,5.3541998863220215,9.898099899291992,1.312399983406067,927.3284912109375,0,0,0,0,0,0,0,0,0,0,0,0,0,405.58636,229.33212
463,1299.405029296875,28.320100784301758,56.179901123046875,6.290500164031982,18.835800170898438,10.715299606323242,16.13479995727539,0.9850000143051147,10000,10009,20000,10006,20000,20000,10000,0.7680000066757202,0.0019000000320374966,8.939499855041504,10000,2.482499999999842,4.5274,1,0.3528,0.1449,376832,15,15,2.2925,35672,0,0,84.8218994140625,16.966299057006836,6.80210018157959,2.4893999099731445,0.7590000033378601,1179.8079833984375,0.0031,0,0.2822,11.1868,18.1262,6.3725,1.3716,1,1232366,112678,9993,23383,9612,64.99836,223.49208
464,1260.0443115234375,0.34880000352859497,47.013301849365234,7.783299922943115,6.6915998458862305,8.638400077819824,16.159299850463867,1.8911999464035034,10000,10009,20000,10006,20000,20000,10000,0.7717999815940857,0.0066999997943639755,11.38010025024414,10000,2.3505999999998246,2.7076,1,0.148,0.0877,376832,15,15,3.1311,7712,0,0,47.76969909667969,16.302099227905273,6.427599906921387,4.968599796295166,0.009600000455975533,1174.957763671875,0,0,0,0,0,0,0,0,0,0,0,0,0,377.43236,224.06016
465,1205.3135986328125,6.247200012207031,33.36009979248047,5.791200160980225,4.410600185394287,5.022900104522705,15.191800117492676,1.011299967765808,10000,10009,20000,10006,20000,20000,10000,0.3605000078678131,0.0052999998442828655,8.153900146484375,10000,2.1336999999998185,1.5587,1,0.13369999999999999,0.0514,376832,15,15,5.6172,15952,0,0,39.757999420166016,15.29259967803955,3.776700019836426,2.9035000801086426,0.0032999999821186066,1133.1800537109375,0,0,0,0,0,0,0,0,0,0,0,0,0,378.83764,229.87368
466,1414.3812255859375,8.981800079345703,33.18659973144531,7.306600093841553,2.640500068664551,7.0706000328063965,15.418899536132812,1.4428000450134277,10000,10009,20000,10006,20000,20000,10000,0.713100016117096,0.0015999999595806003,6.931600093841553,10000,2.159399999999819,2.2786,1,0.24669999999999997,0.1371,376832,15,15,4.8203,563128,0,0,42.442298889160156,16.797700881958008,4.292300224304199,10.095499992370605,1.2725000381469727,1329.888427734375,0,0,0,0,0,0,0,0,0,0,0,0,0,408.59288,226.2428
467,1635.2835693359375,37.658199310302734,52.313201904296875,7.408400058746338,14.369099617004395,10.108200073242188,15.915599822998047,1.4607000350952148,10000,10009,20000,10006,20000,20000,10000,0.6635000109672546,0.0019000000320374966,11.629599571228027,10000,2.168999999999817,4.8976,1,0.30970000000000003,0.1432,376832,15,15,3.9825,48480,0,0,90.18329620361328,16.802799224853516,6.841000080108643,2.412400007247925,0.7680000066757202,1509.4720458984375,0.0037,12.865300178527832,0.2522,8.2921,15.3392,6.5134,1.8255,1,1209240,109176,9993,22838,9541,395.14284,39.25736
468,1993.708251953125,0.3495999872684479,41.08330154418945,6.627999782562256,5.56790018081665,5.816800117492676,16.06399917602539,1.4520000219345093,10000,10009,20000,10006,20000,20000,10000,0.7190999984741211,0.01119999960064888,13.589799880981445,10000,2.1902999999998256,2.52,1,0.3226,0.1645,376832,15,15,4.022,7712,0,0,41.594600677490234,16.219900131225586,4.751999855041504,4.097700119018555,0.005799999926239252,1917.53662109375,0,0,0,0,0,0,0,0,0,0,0,0,0,398.4772,225.77192
469,915.2686767578125,2.645900011062622,22.06920051574707,5.837500095367432,2.1310999393463135,3.8080999851226807,15.011500358581543,1.1330000162124634,10000,10009,20000,10006,20000,20000,10000,0.4875999987125397,0.002099999925121665,5.435500144958496,10000,2.1537999999998236,2.2863,1,0.1332,0.050699999999999995,376832,15,15,1.776,15952,0,0,24.852500915527344,15.072999954223633,4.223700046539307,2.2386999130249023,0.007799999788403511,861.58837890625,0,0,0,0,0,0,0,0,0,0,0,0,0,64.60656,38.98348
470,1224.6583251953125,12.632699966430664,44.82899856567383,7.704100131988525,5.990799903869629,6.01669979095459,15.7878999710083,1.3217999935150146,10000,10009,20000,10006,20000,20000,10000,0.8543999791145325,0.002099999925121665,14.441100120544434,10000,2.177999999999822,2.9147,1,0.23380000000000004,0.08449999999999999,376832,15,15,4.1228,548072,0,0,58.08380126953125,17.47249984741211,4.973400115966797,10.436100006103516,1.6340999603271484,1124.03173828125,0,0,0,0,0,0,0,0,0,0,0,0,0,64.4386,39.04276
471,481.5246887207031,9.78600025177002,29.131200790405273,5.875999927520752,1.840499997138977,4.34630012512207,15.228099822998047,0.9900000095367432,10000,10009,20000,10006,20000,20000,10000,0.39649999141693115,0.0017999999690800905,8.474800109863281,10000,2.127199999999818,2.912,1,0.3824,0.2062,376832,15,15,4.3368,39568,0,0,39.514198303222656,15.333900451660156,4.938600063323975,3.770400047302246,0.002199999988079071,408.1199035644531,0,0,0,0,0,0,0,0,0,0,0,0,0,64.51412,39.02688
472,294.4469909667969,0.45410001277923584,25.822799682617188,8.900400161743164,1.8085999488830566,3.441999912261963,15.024700164794922,1.1096999645233154,10000,10009,20000,10006,20000,20000,10000,0.413100004196167,0.002199999988079071,5.589399814605713,10000,2.1322999999998173,2.9111,1,0.3386,0.16949999999999998,376832,15,15,4.3905,7712,0,0,26.40850067138672,15.080599784851074,5.646200180053711,1.9124000072479248,0.0035000001080334187,232.4197998046875,0,0,0,0,0,0,0,0,0,0,0,0,0,64.78072,38.87996
473,273.02679443359375,3.078900098800659,19.611499786376953,5.490799903869629,1.6926000118255615,2.533099889755249,14.738800048828125,0.9976000189781189,10000,10009,20000,10006,20000,20000,10000,0.37610000371932983,0.00139999995008111,5.387599945068359,10000,2.1383999999998204,1.3686,1,0.1452,0.0756,376832,15,15,2.2548,15952,0,0,22.888200759887695,14.777199745178223,3.257200002670288,1.6277999877929688,0.003000000026077032,223.55540466308594,0,0,0,0,0,0,0,0,0,0,0,0,0,64.38592,39.38524
474,207.0352020263672,4.566699981689453,21.125600814819336,5.86359977722168,1.7581000328063965,3.454699993133545,14.875300407409668,0.9850000143051147,10000,10009,20000,10006,20000,20000,10000,0.3522999882698059,0.0015999999595806003,5.0903000831604,10000,2.6796000000001587,2.5798,1,0.21839999999999998,0.0937,376832,15,15,3.1592,591400,0,0,25.83329963684082,15.389399528503418,6.756999969482422,7.480100154876709,0.47780001163482666,142.42250061035156,0,0,0,0,0,0,0,0,0,0,0,0,0,64.77852,38.8878
475,294.0281982421875,12.783499717712402,33.927799224853516,5.890999794006348,9.979100227355957,6.513299942016602,14.790499687194824,1.232699990272522,10000,10009,20000,10006,20000,20000,10000,0.45809999108314514,0.0012000000569969416,5.495200157165527,10000,2.1368999999998177,1.7263,1,0.13130000000000003,0.055099999999999996,376832,15,15,1.7262,8048,0,0,46.91809844970703,15.191399574279785,3.7112998962402344,2.266400098800659,0.3587000072002411,219.70640563964844,0.0033,0,0.1316,9.0269,9.4475,0.0001,0.7317,1,1182718,0,0,0,9113,64.55344,38.97248
476,273.9036865234375,0.32749998569488525,19.152599334716797,5.4822001457214355,1.5886000394821167,2.2620999813079834,15.083100318908691,1.0006999969482422,10000,10009,20000,10006,20000,20000,10000,0.3287999927997589,0.0010999999940395355,5.337500095367432,10000,2.114599999999817,1.605,1,0.1533,0.0876,376832,15,15,2.3556,7712,0,0,19.616100311279297,15.110699653625488,3.5292999744415283,1.601699948310852,0.0020000000949949026,227.15809631347656,0,0,0,0,0,0,0,0,0,0,0,0,0,64.50092,39.2298
477,206.58189392089844,2.53439998626709,19.865100860595703,5.403800010681152,1.5990999937057495,2.7685999870300293,14.450400352478027,0.9829000234603882,10000,10009,20000,10006,20000,20000,10000,0.4108000099658966,0.0010999999940395355,5.292600154876709,10000,2.182299999999828,2.7927,1,0.1336,0.0503,376832,15,15,1.8006,15952,0,0,22.533199310302734,14.485400199890137,4.758999824523926,2.3264999389648438,0.00279999990016222,155.8863067626953,0,0,0,0,0,0,0,0,0,0,0,0,0,64.42232,39.1148
478,293.9773864746094,4.296800136566162,26.94809913635254,6.125,2.7629001140594482,4.381800174713135,14.885899543762207,1.2800999879837036,10000,10009,20000,10006,20000,20000,10000,0.5182999968528748,0.0017999999690800905,6.777100086212158,10000,2.209099999999832,1.6685,1,0.23660000000000003,0.07869999999999999,376832,15,15,2.2623,494712,0,0,31.371999740600586,15.379400253295898,3.5750999450683594,5.059800148010254,0.45260000228881836,231.36720275878906,0,0,0,0,0,0,0,0,0,0,0,0,0,64.89,38.8408
479,272.7193908691406,20.81209945678711,26.677900314331055,5.541999816894531,7.589799880981445,4.948500156402588,14.428500175476074,1.0044000148773193,10000,10009,20000,10006,20000,20000,10000,0.34360000491142273,0.0012000000569969416,4.016900062561035,10000,2.1339999999998205,1.5056,1,0.1467,0.0788,376832,15,15,2.3475,37464,0,0,47.63330078125,14.888999938964844,3.4655001163482666,2.2834999561309814,0.43230000138282776,197.5718994140625,0.0028,0,0.1304,10.1982,16.9323,6.3299,0.6162,1,1184630,113501,9993,24416,9540,64.99712,38.91756
480,206.02549743652344,0.3310999870300293,19.345600128173828,5.47790002822876,1.7148000001907349,2.223400115966797,14.571800231933594,0.9940999746322632,10000,10009,20000,10006,20000,20000,10000,0.37720000743865967,0.0010999999940395355,5.402200222015381,10000,2.2297999999999214,2.8634,1,0.188,0.047299999999999995,376832,15,15,2.451,7712,0,0,19.82069969177246,14.612000465393066,6.213099956512451,2.8043999671936035,0.003100000089034438,151.37989807128906,0,0,0,0,0,0,0,0,0,0,0,0,0,64.86488,38.81128
481,235.7209930419922,2.790800094604492,19.340499877929688,5.462500095367432,1.6065000295639038,2.180999994277954,14.361700057983398,0.9860000014305115,10000,10009,20000,10006,20000,20000,10000,0.384799987077713,0.0013000000035390258,5.340000152587891,10000,2.13319999999982,2.2778,1,0.1324,0.0456,376832,15,15,1.749,15952,0,0,22.28529930114746,14.389599800109863,4.2270002365112305,1.767199993133545,0.0017000000225380063,186.7342987060547,0,0,0,0,0,0,0,0,0,0,0,0,0,64.78496,38.78676
482,272.95928955078125,4.142600059509277,18.860200881958008,5.648499965667725,1.5964000225067139,2.637200117111206,14.636199951171875,0.9750000238418579,10000,10009,20000,10006,20000,20000,10000,0.34220001101493835,0.0008999999845400453,4.3968000411987305,10000,2.138899999999825,1.4227,1,0.13340000000000002,0.045,376832,15,15,1.6657,493936,0,0,23.209400177001953,15.31719970703125,3.3268001079559326,5.067399978637695,0.6496999859809875,219.66160583496094,0,0,0,0,0,0,0,0,0,0,0,0,0,64.48888,38.83464
483,207.1844024658203,33.64739990234375,35.83769989013672,6.606200218200684,9.386699676513672,7.7916998863220215,15.325200080871582,1.1157000064849854,10000,10009,20000,10006,20000,20000,10000,0.43950000405311584,0.002199999988079071,5.551499843597412,10000,2.1735999999998508,1.4855,1,0.3517,0.17420000000000002,376832,15,15,5.8746,41616,0,0,69.6238021850586,16.314899444580078,5.65500020980835,2.8505001068115234,0.9398999810218811,96.78230285644531,0.0027,13.323599815368652,0.1344,9.118,15.5854,6.0664,0.7326,1,1166166,109266,9992,23524,9482,64.88764,39.04316
484,293.5144958496094,0.33340001106262207,20.771900177001953,5.9145002365112305,1.8944000005722046,2.6758999824523926,15.360400199890137,1.0200999975204468,10000,10009,20000,10006,20000,20000,10000,0.36800000071525574,0.0010000000474974513,5.650000095367432,10000,2.1808999999998253,1.6304,1,0.13479999999999998,0.0412,376832,15,15,1.8019,7712,0,0,21.233999252319336,15.391900062561035,3.685699939727783,1.6052000522613525,0.002300000051036477,244.2198944091797,0,0,0,0,0,0,0,0,0,0,0,0,0,65.00256,39.08728
485,273.6372985839844,3.1012001037597656,19.192100524902344,5.480500221252441,1.6109000444412231,2.174299955368042,14.579000473022461,0.9812999963760376,10000,10009,20000,10006,20000,20000,10000,0.34380000829696655,0.0008999999845400453,5.275899887084961,10000,2.1438999999998187,1.6497,1,0.1324,0.039,376832,15,15,1.457,15952,0,0,22.433700561523438,14.614700317382812,3.749300003051758,1.6404999494552612,0.0031999999191612005,225.2100067138672,0,0,0,0,0,0,0,0,0,0,0,0,0,64.59272,39.01892
486,206.22250366210938,4.8495001792907715,20.640499114990234,5.720600128173828,2.0241000652313232,3.4260001182556152,14.714300155639648,0.975600004196167,10000,10009,20000,10006,20000,20000,10000,0.4081999957561493,0.00139999995008111,4.564799785614014,10000,2.1383999999998204,2.5815,1,0.13290000000000002,0.05,376832,15,15,1.7522,508792,0,0,25.620100021362305,15.484399795532227,4.5289998054504395,7.665599822998047,0.7218000292778015,146.58389282226562,0,0,0,0,0,0,0,0,0,0,0,0,0,64.6932,39.09484
487,234.97000122070312,4.176700115203857,18.26799964904785,5.486000061035156,1.5743999481201172,2.3687000274658203,14.479100227355957,0.9846000075340271,10000,10009,20000,10006,20000,20000,10000,0.3610000014305115,0.00139999995008111,4.443999767303467,10000,2.127699999999819,2.0058,1,0.1436,0.0748,376832,15,15,1.8095,39832,0,0,22.589599609375,14.522299766540527,4.017499923706055,1.6119999885559082,0.0026000000070780516,185.76429748535156,0,0,0,0,0,0,0,0,0,0,0,0,0,64.80076,38.97504
488,273.9436950683594,0.3587000072002411,24.368499755859375,7.013700008392334,2.0000998973846436,3.5815999507904053,15.178099632263184,1.160099983215332,10000,10009,20000,10006,20000,20000,10000,0.45829999446868896,0.001500000013038516,5.79640007019043,10000,2.185599999999822,1.5727,1,0.1319,0.049600000000000005,376832,15,15,1.6662,7712,0,0,24.871599197387695,15.231100082397461,3.4863998889923096,1.6406999826431274,0.003800000064074993,222.41490173339844,0,0,0,0,0,0,0,0,0,0,0,0,0,64.60548,39.29888
489,206.67649841308594,6.329400062561035,20.75279998779297,5.8171000480651855,1.9573999643325806,2.969899892807007,14.61460018157959,0.9812999963760376,10000,10009,20000,10006,20000,20000,10000,0.35109999775886536,0.0015999999595806003,4.998199939727783,10000,2.156899999999821,2.5532,1,0.15339999999999998,0.0911,376832,15,15,3.1354,525088,0,0,27.220800399780273,15.088500022888184,5.473800182342529,6.739799976348877,0.43230000138282776,144.2740020751953,0,0,0,0,0,0,0,0,0,0,0,0,0,64.61824,39.10376
490,294.7428894042969,12.872400283813477,33.813201904296875,5.845300197601318,9.395999908447266,7.490300178527832,14.753800392150879,1.0979000329971313,10000,10009,20000,10006,20000,20000,10000,0.39989998936653137,0.0010999999940395355,5.377999782562256,10000,2.253199999999834,1.894,1,0.1426,0.0746,376832,15,15,1.8349,8048,0,0,46.81740188598633,15.149900436401367,3.811000108718872,2.396399974822998,0.36390000581741333,220.0841064453125,0.0027,0,0.1304,8.9113,9.4131,0,0.821,1,1146606,0,0,0,8993,65.02208,39.06064
491,273.1214904785156,0.4359000027179718,20.510400772094727,5.569499969482422,1.7096999883651733,2.3376998901367188,14.392999649047852,0.9747999906539917,10000,10009,20000,10006,20000,20000,10000,0.34470000863075256,0.0010999999940395355,6.327400207519531,10000,2.125299999999821,1.5617,1,0.14379999999999998,0.0737,376832,15,15,1.6507,7712,0,0,21.162599563598633,14.477399826049805,3.4498000144958496,1.6440999507904053,0.0026000000070780516,226.18350219726562,0,0,0,0,0,0,0,0,0,0,0,0,0,126.11216,39.06252
492,207.11819458007812,2.7004001140594482,19.436800003051758,5.405200004577637,1.5892000198364258,2.4030001163482666,14.461199760437012,0.9940000176429749,10000,10009,20000,10006,20000,20000,10000,0.43479999899864197,0.0012000000569969416,5.501100063323975,10000,2.1391999999998217,2.5904,1,0.1345,0.047400000000000005,376832,15,15,1.767,15952,0,0,22.282899856567383,14.49269962310791,5.307300090789795,2.5566999912261963,0.0017999999690800905,156.18260192871094,0,0,0,0,0,0,0,0,0,0,0,0,0,64.65132,39.25808
493,294.7455139160156,4.682199954986572,23.37980079650879,5.9583001136779785,2.608799934387207,4.172100067138672,15.285599708557129,1.2230000495910645,10000,10009,20000,10006,20000,20000,10000,0.46059998869895935,0.0017000000225380063,4.9593000411987305,10000,2.1336999999998176,1.8125,1,0.1328,0.0434,376832,15,15,1.7236,572864,0,0,28.19610023498535,16.147300720214844,3.717099905014038,5.957200050354004,0.8137000203132629,234.5050048828125,0,0,0,0,0,0,0,0,0,0,0,0,0,64.74856,38.94984
494,336.1054992675781,21.618600845336914,32.942100524902344,5.871699810028076,8.443499565124512,7.298900127410889,14.939900398254395,1.5113999843597412,10000,10009,20000,10006,20000,20000,10000,0.5327000021934509,0.0019000000320374966,5.501999855041504,10000,2.1428999999998184,2.3911,1,0.3176,0.13890000000000002,376832,15,15,4.5424,37392,0,0,54.747501373291016,15.6899995803833,4.362800121307373,2.462399959564209,0.7021999955177307,246.77760314941406,0.0026,0,0.1303,10.1598,17.0929,6.5256,0.762,1,1151030,114285,9991,24781,9453,64.88808,38.88084
495,273.0158996582031,0.4293000102043152,19.396400451660156,5.368599891662598,1.6074999570846558,2.1710000038146973,14.31029987335205,0.9641000032424927,10000,10009,20000,10006,20000,20000,10000,0.4133000075817108,0.0010999999940395355,5.661799907684326,10000,2.119299999999819,1.4314,1,0.18679999999999997,0.07600000000000001,376832,15,15,2.317,7712,0,0,20.080799102783203,14.338399887084961,3.3210999965667725,1.6124999523162842,0.0019000000320374966,226.68890380859375,0,0,0,0,0,0,0,0,0,0,0,0,0,64.67348,39.12556
496,207.19320678710938,2.572999954223633,19.608400344848633,5.3892998695373535,1.6338000297546387,2.244499921798706,14.535200119018555,0.9954000115394592,10000,10009,20000,10006,20000,20000,10000,0.39629998803138733,0.0010000000474974513,5.888400077819824,10000,2.1565999999998176,1.5588,1,0.1518,0.0501,376832,15,15,1.7358,15952,0,0,22.319299697875977,14.572600364685059,3.495300054550171,2.4209001064300537,0.003000000026077032,157.82980346679688,0,0,0,0,0,0,0,0,0,0,0,0,0,65.05132,39.03096
497,295.4341125488281,4.677000045776367,25.23780059814453,7.018899917602539,2.5969998836517334,4.058199882507324,14.817500114440918,1.093999981880188,10000,10009,20000,10006,20000,20000,10000,0.46459999680519104,0.0019000000320374966,5.6143999099731445,10000,2.1580999999998185,3.7903,1,0.29390000000000005,0.1096,376832,15,15,4.0079,519400,0,0,30.046600341796875,15.629400253295898,7.454800128936768,8.631400108337402,0.7663999795913696,219.79299926757812,0,0,0,0,0,0,0,0,0,0,0,0,0,65.35212,38.87576
498,273.3700866699219,35.94409942626953,26.75860023498535,5.408999919891357,6.5756001472473145,4.905700206756592,14.72130012512207,0.9763000011444092,10000,10009,20000,10006,20000,20000,10000,0.3752000033855438,0.0008999999845400453,4.956200122833252,10000,2.150999999999819,2.4594,1,0.13319999999999999,0.0558,376832,15,15,1.6233,42528,0,0,62.932701110839844,15.170100212097168,4.486599922180176,2.420799970626831,0.4185999929904938,182.0906982421875,0.0027,13.598600387573242,0.1308,10.1806,16.8068,6.2206,0.7781,1,1134352,107139,9992,23038,9364,65.06972,39.09652
499,207.66940307617188,0.33149999380111694,19.91629981994629,5.592400074005127,1.9701999425888062,2.1796000003814697,14.62279987335205,1.0506999492645264,10000,10009,20000,10006,20000,20000,10000,0.3935999870300293,0.0008999999845400453,5.478899955749512,10000,2.1614999999998177,2.1296,1,0.1557,0.1075,376832,15,15,1.7862,7712,0,0,20.393999099731445,14.647700309753418,4.179100036621094,2.3315000534057617,0.0020000000949949026,159.62249755859375,0,0,0,0,0,0,0,0,0,0,0,0,0,64.91844,39.2278
500,295.6730041503906,2.712399959564209,29.726600646972656,7.226200103759766,4.146599769592285,3.757200002670288,14.958399772644043,1.1331000328063965,10000,10009,20000,10006,20000,20000,10000,0.4357999861240387,0.0017999999690800905,7.751699924468994,10000,2.2170999999998227,2.8367,1,0.2205,0.13470000000000001,376832,15,15,3.8957,15952,0,0,32.57350158691406,15.014200210571289,8.438199996948242,2.188499927520752,0.003599999938160181,225.2928924560547,0,0,0,0,0,0,0,0,0,0,0,0,0,65.34288,38.94664
501,273.4635925292969,17.061500549316406,25.917299270629883,6.171299934387207,2.5936999320983887,3.7262001037597656,14.612899780273438,1.1014000177383423,10000,10009,20000,10006,20000,20000,10000,0.51419997215271,0.0008999999845400453,6.865600109100342,10000,2.160899999999824,2.3807,1,0.14550000000000002,0.0762,376832,15,15,2.7003,599488,1,1,43.207000732421875,15.12030029296875,4.331699848175049,6.72760009765625,0.47530001401901245,196.73379516601562,0,0,0,0,0,0,0,0,0,0,0,0,0,65.1102,38.86804
502,206.8083953857422,3.8306000232696533,18.502500534057617,5.3790998458862305,1.7180999517440796,2.2934999465942383,14.374899864196777,0.9876000285148621,10000,10009,20000,10006,20000,20000,10000,0.40310001373291016,0.0010000000474974513,4.603499889373779,10000,2.13579999999982,2.6834,1,0.21040000000000003,0.1064,376832,15,15,1.9734,55720,0,0,22.66939926147461,14.410400390625,5.6149001121521,2.816499948501587,0.003000000026077032,154.44540405273438,0,0,0,0,0,0,0,0,0,0,0,0,0,64.8796,38.95808
503,235.87969970703125,0.33570000529289246,19.877099990844727,5.544000148773193,1.725600004196167,2.5009000301361084,14.649700164794922,1.0032999515533447,10000,10009,20000,10006,20000,20000,10000,0.36059999465942383,0.0017999999690800905,5.429999828338623,10000,2.1678999999998223,1.5675,1,0.15059999999999998,0.07730000000000001,376832,15,15,2.1588,7712,0,0,20.35569953918457,14.69950008392334,3.478800058364868,2.525399923324585,0.0031999999191612005,187.9145965576172,0,0,0,0,0,0,0,0,0,0,0,0,0,65.08712,38.91232
504,273.30841064453125,2.6440000534057617,21.006000518798828,5.536900043487549,2.692500114440918,2.569200038909912,14.839699745178223,1.0126999616622925,10000,10009,20000,10006,20000,20000,10000,0.4239000082015991,0.0017000000225380063,5.361100196838379,10000,2.1251999999998175,1.575,1,0.1369,0.0479,376832,15,15,1.5547,15952,0,0,23.840200424194336,14.88230037689209,3.5071001052856445,2.1744000911712646,0.0027000000700354576,222.83900451660156,0,0,0,0,0,0,0,0,0,0,0,0,0,64.98372,39.31504
505,207.46310424804688,4.230000019073486,19.965499877929688,5.683300018310547,1.5953999757766724,3.407099962234497,14.44480037689209,1.0121999979019165,10000,10009,20000,10006,20000,20000,10000,0.44429999589920044,0.0017000000225380063,4.426499843597412,10000,2.1454999999998234,2.794,1,0.1917,0.07339999999999999,376832,15,15,3.3037,524224,0,0,24.330699920654297,14.943900108337402,8.045299530029297,9.366700172424316,0.46959999203681946,142.731201171875,0,0,0,0,0,0,0,0,0,0,0,0,0,65.12852,39.32628
506,295.7951965332031,12.396699905395508,32.13090133666992,5.875500202178955,9.253800392150879,7.121799945831299,14.820099830627441,0.9753999710083008,10000,10009,20000,10006,20000,20000,10000,0.5033000111579895,0.0010999999940395355,5.083700180053711,10000,2.145699999999818,1.329,1,0.1335,0.0477,376832,15,15,1.5966,8048,0,0,44.665000915527344,15.200200080871582,3.264699935913086,2.5959999561309814,0.34779998660087585,223.94810485839844,0.0027,0,0.131,8.7732,9.242,0,0.7424,1,1111506,0,0,0,8847,65.34536,39.03016
507,274.01708984375,0.44699999690055847,24.996000289916992,5.690899848937988,1.9097000360488892,3.4484000205993652,14.963500022888184,1.1270999908447266,10000,10009,20000,10006,20000,20000,10000,0.4068000018596649,0.002199999988079071,8.004899978637695,10000,2.149699999999819,2.0142,1,0.1344,0.0426,376832,15,15,1.7792,7712,0,0,25.652599334716797,15.014100074768066,3.99780011177063,2.2248001098632812,0.0031999999191612005,220.4217987060547,0,0,0,0,0,0,0,0,0,0,0,0,0,65.00176,38.9794
508,207.65130615234375,2.6315999031066895,19.498199462890625,5.412499904632568,1.652400016784668,2.468400001525879,14.628199577331543,0.9940999746322632,10000,10009,20000,10006,20000,20000,10000,0.362199991941452,0.0019000000320374966,5.438799858093262,10000,2.401899999999852,2.4426,1,0.13490000000000002,0.0503,376832,15,15,1.8246,15952,0,0,22.26729965209961,14.67300033569336,4.4899001121521,2.2751998901367188,0.002400000113993883,157.2342987060547,0,0,0,0,0,0,0,0,0,0,0,0,0,65.03928,39.5166
509,295.3185119628906,4.548900127410889,22.924800872802734,6.079999923706055,1.7900999784469604,4.202000141143799,14.688400268554688,1.0999000072479248,10000,10009,20000,10006,20000,20000,10000,0.4410000145435333,0.0017000000225380063,5.105299949645996,10000,2.1577999999998267,1.8724,1,0.1588,0.0654,376832,15,15,2.0758,518416,0,0,27.611900329589844,15.351499557495117,3.9719998836517334,6.015900135040283,0.6191999912261963,235.71389770507812,0,0,0,0,0,0,0,0,0,0,0,0,0,64.80392,39.09432
510,274.1159973144531,22.02429962158203,33.57809829711914,5.564799785614014,9.876899719238281,6.0954999923706055,14.891900062561035,0.9932000041007996,10000,10009,20000,10006,20000,20000,10000,0.40799999237060547,0.0008999999845400453,6.615799903869629,10000,2.1244999999998195,1.9031,1,0.16519999999999999,0.068,376832,15,15,2.52,39584,0,0,55.81959915161133,15.40880012512207,3.888200044631958,2.9816999435424805,0.48080000281333923,188.59579467773438,0.0046,0,0.2576,8.293,15.3553,6.53,1.4266,1,1122118,111317,9992,24129,9319,65.15996,38.97276
511,206.7926025390625,0.38420000672340393,20.668899536132812,5.569699764251709,1.9535000324249268,2.435800075531006,14.495699882507324,0.9822999835014343,10000,10009,20000,10006,20000,20000,10000,0.33570000529289246,0.0008999999845400453,6.179800033569336,10000,2.144199999999821,2.6467,1,0.1502,0.0491,376832,15,15,1.7172,7712,0,0,21.260099411010742,14.527299880981445,4.598999977111816,2.382699966430664,0.0019000000320374966,157.71060180664062,0,0,0,0,0,0,0,0,0,0,0,0,0,65.28144,39.04576
512,295.1885070800781,2.654400110244751,21.540599822998047,5.689000129699707,1.7877999544143677,3.906399965286255,14.821499824523926,1.0011999607086182,10000,10009,20000,10006,20000,20000,10000,0.3813999891281128,0.0017000000225380063,5.456299781799316,10000,2.12709999999982,1.6777,1,0.1331,0.05499999999999999,376832,15,15,1.7877,15952,0,0,24.32979965209961,14.897299766540527,4.191400051116943,2.0708999633789062,0.010200000368058681,243.14559936523438,0,0,0,0,0,0,0,0,0,0,0,0,0,65.62436,39.024
513,273.41229248046875,4.932799816131592,23.533100128173828,5.722899913787842,1.742900013923645,4.335299968719482,14.727700233459473,1.242300033569336,10000,10009,20000,10006,20000,20000,10000,0.4336000084877014,0.0017000000225380063,6.1433000564575195,10000,2.123899999999817,1.7174,1,0.1328,0.0469,376832,15,15,1.4627,516504,0,0,28.669700622558594,15.193599700927734,3.627000093460083,4.335000038146973,0.4271000027656555,215.67869567871094,0,0,0,0,0,0,0,0,0,0,0,0,0,65.02316,39.00264
514,206.93719482421875,32.93870162963867,42.037498474121094,11.008700370788574,11.218000411987305,7.09119987487793,15.284500122070312,1.1197999715805054,10000,10009,20000,10006,20000,20000,10000,0.375900000333786,0.002099999925121665,5.1905999183654785,10000,2.147499999999822,2.0283,1,0.1351,0.0445,376832,15,15,1.5268,36032,0,0,75.114501953125,15.831199645996094,4.146200180053711,2.528700113296509,0.4984999895095825,100.93900299072266,0.0042,13.017200469970703,0.1295,8.3222,14.9813,6.2476,0.781,1,1105996,104264,9992,22171,9229,65.28624,38.91428
515,235.37210083007812,0.399399995803833,19.752700805664062,5.443699836730957,1.9771000146865845,2.2088000774383545,14.597200393676758,0.987500011920929,10000,10009,20000,10006,20000,20000,10000,0.35190001130104065,0.0010000000474974513,5.413400173187256,10000,2.15229999999982,1.3916,1,0.1324,0.0474,376832,15,15,2.5724,7712,0,0,20.36389923095703,14.627599716186523,3.363600015640259,1.6663999557495117,0.0017999999690800905,188.18820190429688,0,0,0,0,0,0,0,0,0,0,0,0,0,64.90824,38.933
516,273.89739990234375,2.6882998943328857,18.97570037841797,5.364299774169922,1.6007000207901,2.2054998874664307,14.385199546813965,0.9757999777793884,10000,10009,20000,10006,20000,20000,10000,0.3456000089645386,0.0010000000474974513,5.390900135040283,10000,2.1309999999998173,1.397,1,0.17809999999999998,0.0632,376832,15,15,1.5123,15952,0,0,21.808700561523438,14.420599937438965,3.274199962615967,1.6507999897003174,0.0032999999821186066,226.67630004882812,0,0,0,0,0,0,0,0,0,0,0,0,0,65.13376,38.95184
517,207.17959594726562,4.398600101470947,19.613100051879883,5.782100200653076,1.600600004196167,3.017699956893921,14.561100006103516,0.9757000207901001,10000,10009,20000,10006,20000,20000,10000,0.3774000108242035,0.0013000000035390258,4.486700057983398,10000,2.1815999999998232,2.4681,1,0.1351,0.048600000000000004,376832,15,15,1.9669,557784,0,0,24.149099349975586,15.39579963684082,5.21019983291626,6.084199905395508,0.7985000014305115,149.6331024169922,0,0,0,0,0,0,0,0,0,0,0,0,0,65.31148,39.05212
518,294.7560119628906,3.7764999866485596,20.115800857543945,5.7032999992370605,1.9112999439239502,3.1500000953674316,14.76609992980957,0.9811999797821045,10000,10009,20000,10006,20000,20000,10000,0.4083000123500824,0.0015999999595806003,4.782599925994873,10000,2.1528999999998226,1.3916,1,0.20070000000000002,0.0713,376832,15,15,2.1092,39280,0,0,24.028900146484375,14.81820011138916,3.287600040435791,1.6729999780654907,0.0032999999821186066,243.13560485839844,0,0,0,0,0,0,0,0,0,0,0,0,0,65.19164,38.96664
519,274.24029541015625,0.4214000105857849,19.931499481201172,5.570400238037109,1.886199951171875,2.14739990234375,14.489500045776367,0.9761999845504761,10000,10009,20000,10006,20000,20000,10000,0.3481999933719635,0.0010000000474974513,5.504300117492676,10000,2.1207999999998166,1.3372,1,0.1481,0.0742,376832,15,15,2.0271,7712,0,0,20.57069969177246,14.52340030670166,3.2209999561309814,1.9974000453948975,0.002899999963119626,227.2259063720703,0,0,0,0,0,0,0,0,0,0,0,0,0,64.90436,38.86952
520,207.3455047607422,2.8778998851776123,19.22480010986328,5.464700222015381,1.7101999521255493,2.2107999324798584,14.629300117492676,0.9970999956130981,10000,10009,20000,10006,20000,20000,10000,0.3862999975681305,0.0010000000474974513,5.293799877166748,10000,2.128999999999821,2.4984,1,0.1374,0.0577,376832,15,15,2.1956,15952,0,0,22.30970001220703,14.665900230407715,5.338900089263916,2.4038000106811523,0.00279999990016222,155.77439880371094,0,0,0,0,0,0,0,0,0,0,0,0,0,65.27508,39.14584
521,294.1636962890625,4.5782999992370605,22.439800262451172,5.870800018310547,2.1024999618530273,4.081600189208984,14.978599548339844,1.0470000505447388,10000,10009,20000,10006,20000,20000,10000,0.4359000027179718,0.0017000000225380063,5.080900192260742,10000,2.124399999999819,1.3461,1,0.13219999999999998,0.044,376832,15,15,1.5893,562816,0,0,27.145599365234375,15.487500190734863,3.344899892807007,4.562600135803223,0.4681999981403351,237.4521942138672,0,0,0,0,0,0,0,0,0,0,0,0,0,65.0172,39.03004
522,274.018310546875,11.1181001663208,25.679100036621094,5.457900047302246,6.321499824523926,4.757599830627441,14.535699844360352,0.9817000031471252,10000,10009,20000,10006,20000,20000,10000,0.36169999837875366,0.0017000000225380063,4.266499996185303,10000,2.1483999999998193,2.3266,1,0.1687,0.049100000000000005,376832,15,15,1.5969,8048,0,0,36.94850158691406,14.923199653625488,4.260300159454346,2.6712000370025635,0.3472999930381775,209.1029052734375,0.0026,0,0.1319,7.6532,8.0987,0.0001,0.6964,1,1088088,0,0,0,8682,65.00148,39.00136
523,207.37550354003906,0.40619999170303345,19.67799949645996,5.410399913787842,1.705899953842163,2.2035999298095703,14.594300270080566,0.9879999756813049,10000,10009,20000,10006,20000,20000,10000,0.39559999108314514,0.0010000000474974513,5.589900016784668,10000,2.156299999999822,1.4592,1,0.161,0.0771,376832,15,15,2.3368,7712,0,0,20.223600387573242,14.625499725341797,3.3636999130249023,2.0390000343322754,0.0019000000320374966,160.0738983154297,0,0,0,0,0,0,0,0,0,0,0,0,0,65.14312,38.95196
524,294.9014892578125,2.56820011138916,21.630599975585938,5.932400226593018,2.274899959564209,3.1621999740600586,14.91819953918457,1.1110999584197998,10000,10009,20000,10006,20000,20000,10000,0.45089998841285706,0.0024999999441206455,5.275899887084961,10000,2.2070999999998366,1.4565,1,0.132,0.0608,376832,15,15,1.8725,15952,0,0,24.337099075317383,14.997300148010254,3.4467999935150146,1.684000015258789,0.006200000178068876,243.0081024169922,0,0,0,0,0,0,0,0,0,0,0,0,0,65.29388,39.08576
525,273.3839111328125,4.243199825286865,19.405000686645508,5.731500148773193,1.6425000429153442,2.7590999603271484,14.517999649047852,1.0205999612808228,10000,10009,20000,10006,20000,20000,10000,0.35679998993873596,0.0007999999797903001,4.525599956512451,10000,2.123399999999819,1.3845,1,0.1327,0.0514,376832,15,15,1.5966,498296,0,0,23.855899810791016,15.171099662780762,3.2753000259399414,5.231599807739258,0.6245999932289124,219.70570373535156,0,0,0,0,0,0,0,0,0,0,0,0,0,64.99144,38.8678
526,207.8260955810547,32.31420135498047,37.91960144042969,6.222400188446045,11.660400390625,8.231100082397461,15.477100372314453,1.1176999807357788,10000,10009,20000,10006,20000,20000,10000,0.4487999975681305,0.0017999999690800905,5.3059000968933105,10000,2.1696999999998328,1.4989,1,0.2936,0.0969,376832,15,15,3.2907,34360,0,0,70.37740325927734,16.743600845336914,5.6442999839782715,3.1767001152038574,1.2160999774932861,98.25900268554688,0.0027,12.227899551391602,0.1304,8.5152,15.2543,6.3274,0.7305,1,1096390,109046,9990,23038,9237,65.06228,39.13612
527,235.49859619140625,0.3391000032424927,21.090099334716797,5.863999843597412,1.7001999616622925,3.1872000694274902,15.05370044708252,0.9948999881744385,10000,10009,20000,10006,20000,20000,10000,0.4092999994754791,0.0019000000320374966,5.508500099182129,10000,2.1338999999998225,1.5596,1,0.1394,0.07780000000000001,376832,15,15,1.9766,7712,0,0,21.56909942626953,15.107199668884277,3.7822000980377197,2.027899980545044,0.003000000026077032,185.8762969970703,0,0,0,0,0,0,0,0,0,0,0,0,0,65.31792,39.3054
528,273.9928894042969,3.996799945831299,36.489601135253906,11.27810001373291,5.569200038909912,3.5469000339508057,15.021599769592285,1.2202999591827393,10000,10009,20000,10006,20000,20000,10000,0.4546000063419342,0.0017999999690800905,8.895299911499023,10000,2.1567999999998264,1.9357,1,0.2631,0.1266,376832,15,15,4.5699,15952,0,0,40.650299072265625,15.0693998336792,4.912499904632568,2.2502999305725098,0.0024999999441206455,199.5989990234375,0,0,0,0,0,0,0,0,0,0,0,0,0,65.39872,38.97148
529,207.28179931640625,5.346499919891357,30.05030059814453,6.3125,3.1266000270843506,4.717700004577637,15.079700469970703,1.1159000396728516,10000,10009,20000,10006,20000,20000,10000,0.47589999437332153,0.0017999999690800905,8.319199562072754,10000,2.1625999999998182,2.5455,1,0.20400000000000001,0.1347,376832,15,15,3.9558,498352,0,0,35.53409957885742,15.822600364685059,4.635799884796143,7.19789981842041,0.6912999749183655,131.36099243164062,0,0,0,0,0,0,0,0,0,0,0,0,0,65.4844,39.13272
530,295.1144104003906,34.92319869995117,32.647499084472656,5.69980001449585,9.564599990844727,5.498000144958496,14.513999938964844,1.034600019454956,10000,10009,20000,10006,20000,20000,10000,0.34389999508857727,0.0010999999940395355,6.734799861907959,10000,2.1405999999998224,1.5854,1,0.13190000000000002,0.0465,376832,15,15,1.7056,35768,0,0,67.70870208740234,14.886199951171875,3.498800039291382,2.0204999446868896,0.34139999747276306,200.76210021972656,0.0026,12.859000205993652,0.1384,10.2322,17.2779,6.6086,0.8298,1,1080570,101477,9990,21263,9116,65.61748,38.90508
531,273.8818054199219,0.4163999855518341,25.388599395751953,5.844699859619141,4.018899917602539,2.9328999519348145,14.802800178527832,1.2893999814987183,10000,10009,20000,10006,20000,20000,10000,0.4104999899864197,0.0017000000225380063,7.02209997177124,10000,2.149199999999822,1.4082,1,0.13219999999999998,0.0508,376832,15,15,1.4486,7712,0,0,26.028900146484375,14.847900390625,3.286900043487549,1.7259999513626099,0.0020000000949949026,222.06900024414062,0,0,0,0,0,0,0,0,0,0,0,0,0,64.97196,38.9928
532,208.0532989501953,3.4433999061584473,19.36709976196289,5.527100086212158,1.8013999462127686,2.170799970626831,14.505999565124512,0.9775000214576721,10000,10009,20000,10006,20000,20000,10000,0.3808000087738037,0.0013000000035390258,5.394899845123291,10000,2.178999999999823,2.5587,1,0.13490000000000002,0.052500000000000005,376832,15,15,1.8226,15952,0,0,22.953699111938477,14.538399696350098,4.518700122833252,2.3573999404907227,0.003000000026077032,157.1461944580078,0,0,0,0,0,0,0,0,0,0,0,0,0,65.1932,38.91008
533,294.3294982910156,4.565100193023682,23.188199996948242,5.954599857330322,2.6988000869750977,3.9414000511169434,14.891599655151367,1.1159000396728516,10000,10009,20000,10006,20000,20000,10000,0.4465000033378601,0.0015999999595806003,4.7708001136779785,10000,2.144899999999819,1.951,1,0.1334,0.0357,376832,15,15,1.7171,586704,0,0,27.882600784301758,15.696700096130371,3.859299898147583,4.947199821472168,0.7573000192642212,235.5511932373047,0,0,0,0,0,0,0,0,0,0,0,0,0,65.39128,38.90544
534,273.5928955078125,3.506999969482422,18.68000030517578,5.5046000480651855,1.6823999881744385,2.168600082397461,14.586099624633789,1.0184999704360962,10000,10009,20000,10006,20000,20000,10000,0.4120999872684479,0.0010000000474974513,4.616600036621094,10000,2.1597999999998216,1.383,1,0.1323,0.0499,376832,15,15,1.4672,31720,0,0,22.326099395751953,14.626700401306152,3.2697999477386475,2.022900104522705,0.003000000026077032,225.28160095214844,0,0,0,0,0,0,0,0,0,0,0,0,0,65.00188,38.94728
535,207.6074981689453,0.3334999978542328,20.266599655151367,5.583799839019775,2.0806000232696533,2.3008999824523926,14.914600372314453,1.056399941444397,10000,10009,20000,10006,20000,20000,10000,0.41679999232292175,0.0010999999940395355,5.485899925231934,10000,2.1698999999998216,1.4675,1,0.13279999999999997,0.048,376832,15,15,1.7537,7712,0,0,20.739299774169922,14.95419979095459,3.4123001098632812,2.3598999977111816,0.0032999999821186066,159.6387939453125,0,0,0,0,0,0,0,0,0,0,0,0,0,65.51564,39.02236
536,294.4389953613281,2.690700054168701,22.006399154663086,5.817999839782715,3.381700038909912,2.599299907684326,14.871800422668457,0.9866999983787537,10000,10009,20000,10006,20000,20000,10000,0.38989999890327454,0.0017000000225380063,5.449900150299072,10000,2.1475999999998168,1.4414,1,0.1331,0.0411,376832,15,15,1.6994,15952,0,0,24.837299346923828,14.933300018310547,3.3568999767303467,1.667099952697754,0.006599999964237213,243.09890747070312,0,0,0,0,0,0,0,0,0,0,0,0,0,65.4546,39.23508
537,274.341796875,4.910999774932861,24.06679916381836,5.779300212860107,2.16759991645813,4.575200080871582,15.073599815368652,1.1369999647140503,10000,10009,20000,10006,20000,20000,10000,0.4472000002861023,0.001500000013038516,5.159299850463867,10000,2.12639999999982,1.3318,1,0.13229999999999997,0.0442,376832,15,15,1.3917,548720,0,0,29.12179946899414,15.562600135803223,3.2107999324798584,3.990799903869629,0.44350001215934753,216.7111053466797,0,0,0,0,0,0,0,0,0,0,0,0,0,65.45776,39.00452
538,208.2863006591797,12.024999618530273,27.868600845336914,5.6682000160217285,7.152299880981445,5.912600040435791,14.883700370788574,0.9889000058174133,10000,10009,20000,10006,20000,20000,10000,0.3659999966621399,0.0017000000225380063,4.585299968719482,10000,2.213899999999844,3.7397,1,0.4132,0.1269,376832,15,15,4.6196,8048,0,0,40.03110122680664,15.287699699401855,8.640000343322754,3.817500114440918,0.3612000048160553,125.74620056152344,0.0026,0,0.131,8.3445,8.8623,0.0002,0.7568,1,1067564,0,0,0,8506,65.56132,39.13212
539,295.6536865234375,0.33009999990463257,20.496700286865234,5.967100143432617,1.8583999872207642,2.5987000465393066,15.144599914550781,0.9897000193595886,10000,10009,20000,10006,20000,20000,10000,0.3100999891757965,0.0017000000225380063,5.49429988861084,10000,2.1342999999998185,1.929,1,0.1395,0.048799999999999996,376832,15,15,3.3953,7712,0,0,20.95599937438965,15.196800231933594,3.908799886703491,1.9537999629974365,0.0031999999191612005,244.85440063476562,0,0,0,0,0,0,0,0,0,0,0,0,0,64.99172,39.02184
540,274.5495910644531,3.588599920272827,20.89590072631836,5.591800212860107,1.7590999603271484,2.5761001110076904,14.547300338745117,1.117300033569336,10000,10009,20000,10006,20000,20000,10000,0.4047999978065491,0.0015999999595806003,5.955699920654297,10000,2.1307999999998204,1.4441,1,0.1326,0.0632,376832,15,15,1.4389,15952,0,0,24.702499389648438,14.593199729919434,3.486999988555908,2.0497000217437744,0.00279999990016222,223.7458953857422,0,0,0,0,0,0,0,0,0,0,0,0,0,65.09912,39.29492
541,207.5319061279297,4.370500087738037,20.864599227905273,5.780799865722656,1.6783000230789185,3.5697999000549316,14.810400009155273,1.0957000255584717,10000,10009,20000,10006,20000,20000,10000,0.37229999899864197,0.0017999999690800905,4.690899848937988,10000,2.152299999999824,2.5743,1,0.1344,0.046900000000000004,376832,15,15,2.0604,551680,0,0,25.3794002532959,15.585700035095215,4.5304999351501465,6.482100009918213,0.7304999828338623,148.86329650878906,0,0,0,0,0,0,0,0,0,0,0,0,0,65.43204,39.08784
542,295.7716979980469,22.88159942626953,42.713199615478516,6.398900032043457,13.343799591064453,7.840400218963623,15.431599617004395,1.113800048828125,10000,10009,20000,10006,20000,20000,10000,0.43479999899864197,0.0017999999690800905,7.96019983291626,10000,2.1865999999998205,1.7687,1,0.1779,0.0552,376832,15,15,1.7424,35952,0,0,65.76399993896484,15.848899841308594,3.81469988822937,2.13070011138916,0.3684999942779541,201.6009979248047,0.0026,0,0.1314,9.7236,17.165,6.9962,1.1078,1,1079366,110549,9990,23925,9071,65.19252,38.98336
543,273.9336853027344,0.4546000063419342,21.04290008544922,5.593400001525879,1.972100019454956,2.8173000812530518,14.883099555969238,1.149999976158142,10000,10009,20000,10006,20000,20000,10000,0.4447999894618988,0.0017999999690800905,5.628600120544434,10000,2.131499999999819,1.342,1,0.13319999999999999,0.0387,376832,15,15,1.4117,7712,0,0,21.71430015563965,14.936200141906738,3.2284998893737793,1.7259000539779663,0.003000000026077032,226.3137969970703,0,0,0,0,0,0,0,0,0,0,0,0,0,65.00812,38.91828
544,207.54209899902344,6.562699794769287,20.30109977722168,5.68120002746582,1.8104000091552734,3.694999933242798,14.540599822998047,0.9941999912261963,10000,10009,20000,10006,20000,20000,10000,0.3684999942779541,0.0019000000320374966,4.3520002365112305,10000,2.731100000000173,2.4544,1,0.1656,0.0895,376832,15,15,2.9581,543136,0,0,26.999399185180664,15.067899703979492,6.2403998374938965,6.853300094604492,0.48910000920295715,143.31399536132812,0,0,0,0,0,0,0,0,0,0,0,0,0,65.48172,38.88496
545,294.3844909667969,31.812000274658203,32.080501556396484,5.728700160980225,9.77810001373291,4.883999824523926,14.51990032196045,0.9991999864578247,10000,10009,20000,10006,20000,20000,10000,0.390500009059906,0.0010000000474974513,6.500899791717529,10000,2.144999999999823,1.9744,1,0.1329,0.0473,376832,15,15,1.7331,39832,0,0,64.02619934082031,14.85949993133545,3.8543999195098877,2.036799907684326,0.31049999594688416,203.42550659179688,0.0029,12.69909954071045,0.1339,8.1079,14.4862,5.9428,0.8125,1,1063782,105539,9990,22568,8950,65.14336,39.05868
546,274.2611999511719,0.32499998807907104,19.56679916381836,5.4328999519348145,1.7128000259399414,2.3322999477386475,14.360699653625488,0.9958999752998352,10000,10009,20000,10006,20000,20000,10000,0.3508000075817108,0.0007999999797903001,5.59060001373291,10000,2.1434999999998188,1.3925,1,0.1477,0.0781,376832,15,15,2.3462,7712,0,0,20.02630043029785,14.392900466918945,3.303100109100342,1.6856000423431396,0.0020000000949949026,227.98599243164062,0,0,0,0,0,0,0,0,0,0,0,0,0,65.26384,39.01776
547,207.56700134277344,6.075200080871582,20.89550018310547,5.66480016708374,1.7971999645233154,3.692500114440918,14.637499809265137,0.9797999858856201,10000,10009,20000,10006,20000,20000,10000,0.34869998693466187,0.0017000000225380063,4.813000202178955,10000,2.1401999999998207,2.3344,1,0.1478,0.0707,376832,15,15,3.2952,521376,0,0,27.104999542236328,15.089300155639648,4.314199924468994,9.212400436401367,0.41350001096725464,143.9550018310547,0,0,0,0,0,0,0,0,0,0,0,0,0,65.2782,39.08824
548,294.80670166015625,3.769200086593628,19.847900390625,5.679200172424316,1.8839999437332153,2.6242001056671143,14.91919994354248,1.1068999767303467,10000,10009,20000,10006,20000,20000,10000,0.5277000069618225,0.0017999999690800905,4.731599807739258,10000,2.1541999999998214,1.5607,1,0.13419999999999999,0.0403,376832,15,15,1.7735,31704,0,0,23.75429916381836,14.968700408935547,3.6263999938964844,1.686400055885315,0.003100000089034438,242.7010955810547,0,0,0,0,0,0,0,0,0,0,0,0,0,65.43984,39.08232
549,274.1611022949219,0.42089998722076416,19.78179931640625,5.552999973297119,1.77839994430542,2.1975998878479004,14.712300300598145,1.0009000301361084,10000,10009,20000,10006,20000,20000,10000,0.42669999599456787,0.0013000000035390258,5.423299789428711,10000,2.1150999999998192,1.3761,1,0.23590000000000003,0.0764,376832,15,15,1.9926,7712,0,0,20.410600662231445,14.73840045928955,3.2811999320983887,1.7366000413894653,0.0017000000225380063,227.40330505371094,0,0,0,0,0,0,0,0,0,0,0,0,0,65.4116,39.41016
550,208.1405029296875,6.264699935913086,20.200199127197266,5.822800159454346,1.7424999475479126,3.6185998916625977,14.690600395202637,0.9984999895095825,10000,10009,20000,10006,20000,20000,10000,0.3310999870300293,0.0015999999595806003,4.228499889373779,10000,2.688700000000173,2.2998,1,0.21910000000000002,0.1186,376832,15,15,3.0715,539824,0,0,26.60849952697754,15.338399887084961,4.258800029754639,7.063199996948242,0.6026999950408936,145.77340698242188,0,0,0,0,0,0,0,0,0,0,0,0,0,65.66852,39.48788
551,295.96929931640625,12.256699562072754,33.25740051269531,5.813799858093262,9.464799880981445,7.623000144958496,14.66100025177002,1.0877000093460083,10000,10009,20000,10006,20000,20000,10000,0.45100000500679016,0.002099999925121665,5.15939998626709,10000,2.129099999999819,1.4546,1,0.13340000000000002,0.0487,376832,15,15,1.4865,8048,0,0,45.64099884033203,15.065199851989746,3.3861000537872314,2.044800043106079,0.375,223.8739013671875,0.0029,0,0.1551,8.4512,8.953,0,0.746,1,1041840,0,0,0,8333,65.03136,39.01916
552,275.302001953125,0.5116000175476074,31.771499633789062,6.0040998458862305,5.631800174713135,3.306999921798706,14.912400245666504,1.1002999544143677,10000,10009,20000,10006,20000,20000,10000,0.46369999647140503,0.0017999999690800905,8.956700325012207,10000,2.132899999999817,2.3544,1,0.2835,0.14100000000000001,376832,15,15,3.3896,7712,0,0,32.530601501464844,14.96660041809082,4.665900230407715,2.213200092315674,0.003599999938160181,210.41619873046875,0,0,0,0,0,0,0,0,0,0,0,0,0,65.23684,39.12028
553,176.81170654296875,2.4779000282287598,19.531099319458008,5.455900192260742,1.698799967765808,2.4439001083374023,14.570799827575684,0.9824000000953674,10000,10009,20000,10006,20000,20000,10000,0.3817000091075897,0.0017999999690800905,5.415200233459473,10000,2.1502999999998242,1.5841,1,0.13290000000000002,0.0429,376832,15,15,1.7733,15952,0,0,22.140399932861328,14.611599922180176,3.473299980163574,1.7031999826431274,0.0027000000700354576,128.5164031982422,0,0,0,0,0,0,0,0,0,0,0,0,0,65.80016,38.17908
554,482.67010498046875,4.306600093841553,20.330699920654297,5.738399982452393,1.6646000146865845,3.5292999744415283,15.01360034942627,0.9954000115394592,10000,10009,20000,10006,20000,20000,10000,0.3325999975204468,0.002099999925121665,4.68310022354126,10000,2.1711999999998235,310.0692,1,0.1331,0.045399999999999996,376832,15,15,1.4534,499248,0,0,24.827499389648438,15.696499824523926,311.9757080078125,3.032900094985962,0.6392999887466431,120.96649932861328,0,0,0,0,0,0,0,0,0,0,0,0,0,58.64312,139.998
555,404.3028869628906,24.760000228881836,68.67040252685547,15.144599914550781,15.526700019836426,12.989100456237793,25.147300720214844,4.0578999519348145,10000,10009,20000,10006,20000,20000,10000,0.9390000104904175,0.003700000001117587,10.887100219726562,10000,2.7311000000001506,3.4552,1,0.29479999999999995,0.1318,376832,15,15,4.3666,29784,0,0,93.56500244140625,26.283700942993164,8.030400276184082,3.6988000869750977,1.0736000537872314,258.0589904785156,0.0024,0,0.1155,9.2665,18.7625,8.7154,1.2558,1,1055666,109786,9993,23934,8892,65.91548,39.60512
556,304.83160400390625,0.36090001463890076,42.523399353027344,14.576299667358398,3.976599931716919,6.887899875640869,34.6973991394043,2.2660999298095703,10000,10009,20000,10006,20000,20000,10000,0.7269999980926514,0.0034000000450760126,6.525199890136719,10000,5.204600000001247,3.9439,1,0.4296,0.1884,376832,15,15,7.6605,7712,0,0,43.02109909057617,34.79249954223633,10.549200057983398,2.4419000148773193,0.005400000140070915,193.99229431152344,0,0,0,0,0,0,0,0,0,0,0,0,0,65.20108,38.87216
557,247.12649536132812,8.604900360107422,24.853200912475586,5.948599815368652,2.1468000411987305,2.956899881362915,14.416500091552734,1.007599949836731,10000,10009,20000,10006,20000,20000,10000,0.5041000247001648,0.0007999999797903001,7.425000190734863,10000,2.1601999999998203,1.5105,1,0.13290000000000002,0.045,376832,15,15,1.6028,561064,0,0,33.62179946899414,14.899800300598145,3.4000000953674316,4.805300235748291,0.4584999978542328,184.01820373535156,0,0,0,0,0,0,0,0,0,0,0,0,0,65.9766,39.72276
558,210.38699340820312,39.59260177612305,81.81649780273438,20.42729949951172,22.143199920654297,16.017000198364258,44.88759994506836,4.172500133514404,10000,10009,20000,10006,20000,20000,10000,1.1577999591827393,0.0026000000070780516,9.460700035095215,10000,6.269200000000396,6.5746,1,0.3868,0.1476,376832,15,15,4.6151,28344,0,0,121.62039947509766,46.00270080566406,14.339400291442871,6.911399841308594,1.034999966621399,0.49959999322891235,0.0083,13.944701194763184,0.3077,10.332,18.6827,7.5227,1.2636,1,1040728,101529,9992,21487,8749,19.1702,39.60124
559,169.25889587402344,0.8903999924659729,70.20130157470703,20.55769920349121,8.822799682617188,9.856900215148926,51.83449935913086,4.142199993133545,10000,10009,20000,10006,20000,20000,10000,1.1476000547409058,0.0032999999821186066,15.306500434875488,10000,7.036300000000612,6.5887,1,0.6878,0.258,376832,15,15,7.8068,7712,0,0,71.4708023071289,51.93299865722656,13.714099884033203,5.413099765777588,0.005900000222027302,0.5080000162124634,0,0,0,0,0,0,0,0,0,0,0,0,0,19.63672,12.07032
560,219.59530639648438,7.909200191497803,66.27459716796875,19.128400802612305,9.11050033569336,9.097399711608887,53.422000885009766,3.15339994430542,10000,10009,20000,10006,20000,20000,10000,1.0777000188827515,0.0024999999441206455,14.044500350952148,10000,2.5027999999999944,1.0882,1,0.1554,0.0583,376832,15,15,1.5745,15952,0,0,74.49980163574219,53.52840042114258,2.7644999027252197,1.3746000528335571,0.026599999517202377,78.48989868164062,0,0,0,0,0,0,0,0,0,0,0,0,0,20.0084,11.58052
561,52.41579818725586,4.284299850463867,14.7431001663208,3.204200029373169,2.720099925994873,2.5434000492095947,5.542600154876709,0.4293000102043152,10000,10009,20000,10006,20000,20000,10000,0.4447999894618988,0.000699999975040555,3.0833001136779785,10000,0.7721999999999313,0.697,1,0.058100000000000006,0.023,376832,15,15,0.7777,601864,0,0,19.122400283813477,5.886000156402588,1.4227999448776245,3.3392999172210693,0.32089999318122864,20.140899658203125,0,0,0,0,0,0,0,0,0,0,0,0,0,18.67824,11.81516
562,50.44889831542969,2.0773000717163086,11.496399879455566,2.4563000202178955,1.4462000131607056,2.092900037765503,7.392399787902832,0.423799991607666,10000,10009,20000,10006,20000,20000,10000,0.4352000057697296,0.000699999975040555,2.7874999046325684,10000,0.8519999999999236,0.7287,1,0.06609999999999999,0.0313,376832,15,15,1.0383,29568,0,0,13.662199974060059,7.4207000732421875,1.6764999628067017,1.0489000082015991,0.0015999999595806003,23.57830047607422,0,0,0,0,0,0,0,0,0,0,0,0,0,18.49576,11.30728
563,80.89959716796875,0.23029999434947968,15.092599868774414,3.651700019836426,3.1666998863220215,1.159500002861023,5.307199954986572,0.4410000145435333,10000,10009,20000,10006,20000,20000,10000,0.21359999477863312,0.0010999999940395355,4.096700191497803,10000,0.7756999999999309,0.7119,1,0.0576,0.028999999999999998,376832,15,15,0.7343,7712,0,0,15.424300193786621,5.3282999992370605,1.4622999429702759,1.0041999816894531,0.0012000000569969416,55.20140075683594,0,0,0,0,0,0,0,0,0,0,0,0,0,19.76296,11.83352
564,33.51689910888672,7.9959001541137695,13.004899978637695,2.160099983215332,3.4807000160217285,2.805799961090088,5.226900100708008,0.38839998841285706,10000,10009,20000,10006,20000,20000,10000,0.17880000174045563,0.000699999975040555,2.2362000942230225,10000,0.7443999999999349,0.5604,1,0.0535,0.0264,376832,15,15,0.663,438752,0,0,21.083099365234375,5.551400184631348,1.2466000318527222,3.197200059890747,0.3050000071525574,0.120899997651577,0.0017,0,0.059,3.0246,3.2125,0,0.2198,1,1024364,0,0,0,8124,20.0238,11.15864
565,41.25740051269531,0.2037999927997589,12.361300468444824,2.164099931716919,2.4986000061035156,1.3488999605178833,5.424499988555908,0.46700000762939453,10000,10009,20000,10006,20000,20000,10000,0.21299999952316284,0.0007999999797903001,3.563699960708618,10000,0.7897999999999306,0.812,1,0.05740000000000001,0.0247,376832,15,15,0.8326,7712,0,0,12.653800010681152,5.447500228881836,1.5599000453948975,0.892799973487854,0.0012000000569969416,17.80120086669922,0,0,0,0,0,0,0,0,0,0,0,0,0,18.82368,11.41824
566,51.7239990234375,4.22790002822876,10.493599891662598,2.289599895477295,1.080299973487854,1.37909996509552,5.335700035095215,0.38609999418258667,10000,10009,20000,10006,20000,20000,10000,0.5378999710083008,0.0006000000284984708,2.921600103378296,10000,0.7569999999999332,0.6249,1,0.0553,0.0208,376832,15,15,0.8473,598728,0,0,14.805299758911133,5.662899971008301,1.3176000118255615,2.4674999713897705,0.3075999915599823,24.911699295043945,0,0,0,0,0,0,0,0,0,0,0,0,0,20.13964,11.45608
567,63.65549850463867,7.757599830627441,16.260099411010742,2.378200054168701,4.279600143432617,3.852099895477295,5.642199993133545,0.4275999963283539,10000,10009,20000,10006,20000,20000,10000,0.6583999991416931,0.0010999999940395355,2.795099973678589,10000,0.7752999999999332,0.53,1,0.056400000000000006,0.028499999999999998,376832,15,15,0.8625,37816,0,0,24.10740089416504,5.79010009765625,1.3076000213623047,1.0740000009536743,0.12470000237226486,28.79450035095215,0.0015,0,0.0572,3.2705,5.6289,2.1817,0.2798,1,1039262,107431,9992,22238,8693,19.09164,11.38188
568,62.915401458740234,0.20029999315738678,11.8149995803833,2.2802999019622803,1.3047000169754028,2.0652999877929688,5.758800029754639,0.6521999835968018,10000,10009,20000,10006,20000,20000,10000,0.4375,0.0007999999797903001,3.0703001022338867,10000,0.7848999999999304,0.5618,1,0.057800000000000004,0.0353,376832,15,15,0.683,7712,0,0,12.111499786376953,5.783599853515625,1.2790000438690186,1.0369999408721924,0.00139999995008111,40.25630187988281,0,0,0,0,0,0,0,0,0,0,0,0,0,19.30632,11.98324
569,31.585800170898438,4.13700008392334,10.725199699401855,2.3714001178741455,1.186900019645691,1.3079999685287476,5.405900001525879,0.39719998836517334,10000,10009,20000,10006,20000,20000,10000,0.7016000151634216,0.000699999975040555,2.8536999225616455,10000,0.7522999999999335,0.5496,1,0.0553,0.025599999999999998,376832,15,15,0.6638,515992,0,0,14.958999633789062,5.697000026702881,1.2604000568389893,2.5625998973846436,0.27129998803138733,4.77239990234375,0,0,0,0,0,0,0,0,0,0,0,0,0,17.65356,11.03224
570,43.019798278808594,12.636300086975098,16.456499099731445,2.630500078201294,4.78849983215332,3.374300003051758,5.181700229644775,0.3894999921321869,10000,10009,20000,10006,20000,20000,10000,0.4659999907016754,0.0007999999797903001,2.746799945831299,10000,0.7385999999999356,0.5737,1,0.0558,0.0271,376832,15,15,0.7312,32376,0,0,29.177799224853516,5.337900161743164,1.253499984741211,1.1308000087738037,0.13580000400543213,3.743799924850464,0.0017,4.410099983215332,0.0581,3.356,5.8706,2.3206,0.3334,1,1020848,100911,9991,21519,8567,18.68152,12.9544
571,94.96890258789062,0.1582999974489212,9.863699913024902,2.160799980163574,0.9801999926567078,0.9771000146865845,5.617499828338623,0.5726000070571899,10000,10009,20000,10006,20000,20000,10000,0.17180000245571136,0.0010999999940395355,3.0785999298095703,10000,0.7444999999999348,0.6509,1,0.05739999999999999,0.020900000000000002,376832,15,15,0.7346,7712,0,0,10.110799789428711,5.638400077819824,1.3480000495910645,0.8486999869346619,0.0012000000569969416,74.65010070800781,0,0,0,0,0,0,0,0,0,0,0,0,0,18.85492,11.57824
572,70.74710083007812,5.146599769592285,8.71150016784668,2.026599884033203,0.8238999843597412,1.3289999961853027,5.418700218200684,0.382999986410141,10000,10009,20000,10006,20000,20000,10000,0.163100004196167,0.0006000000284984708,2.057300090789795,10000,0.9013999999999248,0.7316,1,0.0711,0.0325,376832,15,15,0.8864,570664,0,0,13.942999839782715,5.818299770355225,1.654099941253662,2.9284000396728516,0.3785000145435333,43.53839874267578,0,0,0,0,0,0,0,0,0,0,0,0,0,19.22516,11.48032
573,58.79439926147461,0.15929999947547913,12.312299728393555,3.0634000301361084,1.823699951171875,1.570199966430664,5.317299842834473,0.42260000109672546,10000,10009,20000,10006,20000,20000,10000,0.19499999284744263,0.0007999999797903001,3.282900094985962,10000,0.7579999999999334,0.7605,1,0.057800000000000004,0.027499999999999997,376832,15,15,0.9252,7712,0,0,12.560600280761719,5.353899955749512,1.4730000495910645,0.8112999796867371,0.0013000000035390258,35.99589920043945,0,0,0,0,0,0,0,0,0,0,0,0,0,18.90124,11.8646
574,70.54720306396484,8.499799728393555,16.417499542236328,2.645699977874756,3.6696999073028564,4.6381001472473145,5.872799873352051,1.0246000289916992,10000,10009,20000,10006,20000,20000,10000,0.2498999983072281,0.0012000000569969416,2.2263998985290527,10000,0.9591999999999109,0.7346,1,0.0735,0.0358,376832,15,15,0.8882,578320,0,0,25.008100509643555,6.336699962615967,1.704200029373169,2.7151999473571777,0.43709999322891235,31.637300491333008,0.0017,0,0.0553,3.3764,3.5622,0,0.2189,1,999990,0,0,0,7902,19.11572,11.1498
575,61.20479965209961,0.16369999945163727,11.54640007019043,2.7230000495910645,1.5496000051498413,1.1146999597549438,5.900599956512451,0.4059000015258789,10000,10009,20000,10006,20000,20000,10000,0.5200999975204468,0.0010000000474974513,3.329200029373169,10000,0.7530999999999339,0.6474,1,0.05600000000000001,0.030899999999999997,376832,15,15,0.7792,7712,0,0,11.800399780273438,5.924200057983398,1.333899974822998,0.847599983215332,0.0012000000569969416,38.811100006103516,0,0,0,0,0,0,0,0,0,0,0,0,0,18.34704,11.68288
576,85.27739715576172,5.0370001792907715,10.785200119018555,2.2571001052856445,1.483299970626831,1.771299958229065,6.576900005340576,0.4027999937534332,10000,10009,20000,10006,20000,20000,10000,0.18690000474452972,0.0007999999797903001,2.7337000370025635,10000,0.7684999999999318,0.6616,1,0.061200000000000004,0.043899999999999995,376832,15,15,0.8955,505200,0,0,15.93910026550293,6.890200138092041,1.3846999406814575,2.6161999702453613,0.2922999858856201,55.7577018737793,0,0,0,0,0,0,0,0,0,0,0,0,0,17.8308,11.451
577,93.79090118408203,7.851099967956543,16.5177001953125,2.66759991645813,4.314000129699707,3.55679988861084,6.072299957275391,0.66839998960495,10000,10009,20000,10006,20000,20000,10000,0.3046000003814697,0.0008999999845400453,2.474100112915039,10000,0.7707999999999314,0.9025,1,0.0581,0.0325,376832,15,15,0.9278,28536,0,0,24.457399368286133,6.229700088500977,1.659600019454956,1.3382999897003174,0.13519999384880066,57.45840072631836,0.0018,0,0.0574,3.3566,5.7382,2.2028,0.3104,1,1016278,107555,9990,22949,8501,19.07584,11.39728
578,109.26390075683594,0.1599999964237213,11.96679973602295,2.210099935531616,1.5609999895095825,2.26990008354187,5.6066999435424805,0.3903000056743622,10000,10009,20000,10006,20000,20000,10000,0.4715000092983246,0.0008999999845400453,3.271899938583374,10000,0.7697999999999321,0.5744,1,0.0594,0.0264,376832,15,15,0.8029,7712,0,0,12.219599723815918,5.632900238037109,1.2796000242233276,0.8623999953269958,0.0013000000035390258,86.54070281982422,0,0,0,0,0,0,0,0,0,0,0,0,0,17.84684,10.7312
579,64.61599731445312,4.560100078582764,12.407899856567383,2.710900068283081,1.996899962425232,1.9464999437332153,5.381100177764893,0.41190001368522644,10000,10009,20000,10006,20000,20000,10000,0.17440000176429749,0.0010000000474974513,3.1136999130249023,10000,0.7310999999999358,0.6709,1,0.0685,0.0246,376832,15,15,0.7074,607024,0,0,17.053800582885742,5.731100082397461,1.361899971961975,2.8631999492645264,0.3287000060081482,35.28260040283203,0,0,0,0,0,0,0,0,0,0,0,0,0,17.4256,10.25564
580,57.301998138427734,11.885299682617188,14.122699737548828,2.4967000484466553,4.18209981918335,2.533099889755249,5.592899799346924,0.40230000019073486,10000,10009,20000,10006,20000,20000,10000,0.16840000450611115,0.0010000000474974513,2.5975000858306885,10000,0.8890999999999186,0.5422,1,0.0698,0.0407,376832,15,15,0.8061,30624,0,0,26.092599868774414,5.783999919891357,1.2798000574111938,1.0464999675750732,0.1703999936580658,20.139299392700195,0.0017,4.261899948120117,0.0534,2.9724,5.2469,2.096,0.3056,1,998206,100398,9990,21717,8342,17.01544,9.83144
581,62.7963981628418,0.1534000039100647,10.38230037689209,2.07069993019104,0.9447000026702881,1.3092000484466553,5.1194000244140625,0.38999998569488525,10000,10009,20000,10006,20000,20000,10000,0.5375999808311462,0.0007999999797903001,3.011399984359741,10000,0.7125999999999384,0.6243,1,0.05329999999999999,0.0206,376832,15,15,0.8797,7712,0,0,10.62279987335205,5.140600204467773,1.2662999629974365,0.7771000266075134,0.0013000000035390258,42.522701263427734,0,0,0,0,0,0,0,0,0,0,0,0,0,17.56984,10.15592
582,116.44419860839844,5.3643999099731445,10.135600090026855,2.225600004196167,1.2405999898910522,1.7963999509811401,5.159999847412109,0.3961000144481659,10000,10009,20000,10006,20000,20000,10000,0.179299995303154,0.0008999999845400453,2.4296000003814697,10000,0.7465999999999343,0.891,1,0.0568,0.0247,376832,15,15,1.1654,507600,0,0,15.604299545288086,5.445300102233887,1.7308000326156616,2.469399929046631,0.2669999897480011,87.91529846191406,0,0,0,0,0,0,0,0,0,0,0,0,0,16.98252,10.6814
583,75.77269744873047,0.20600000023841858,12.558300018310547,1.908400058746338,1.430799961090088,1.0187000036239624,4.974400043487549,0.4397999942302704,10000,10009,20000,10006,20000,20000,10000,2.9289000034332275,0.0007999999797903001,2.940700054168701,10000,0.7156999999999375,0.6528,1,0.05499999999999999,0.0263,376832,15,15,0.8356,7712,0,0,12.862700462341309,4.995699882507324,1.3203999996185303,0.9645000100135803,0.00139999995008111,53.146400451660156,0,0,0,0,0,0,0,0,0,0,0,0,0,17.05976,10.53856
584,90.79299926757812,7.423999786376953,13.23799991607666,2.361799955368042,4.0971999168396,2.546600103378296,5.091300010681152,0.39489999413490295,10000,10009,20000,10006,20000,20000,10000,0.22519999742507935,0.000699999975040555,1.7171000242233276,10000,0.9089999999999173,0.7616,1,0.0788,0.0306,376832,15,15,1.0031,549232,0,0,20.743099212646484,5.4720001220703125,1.7496000528335571,2.84660005569458,0.3612000048160553,56.85210037231445,0.0016,0,0.053,2.6395,2.8227,0,0.1747,1,988360,0,0,0,7645,18.16968,10.45848
585,88.22899627685547,0.1973000019788742,10.42240047454834,1.9860999584197998,1.00600004196167,1.3106000423431396,5.505000114440918,0.3734999895095825,10000,10009,20000,10006,20000,20000,10000,0.2011999934911728,0.0007999999797903001,3.659600019454956,10000,0.7126999999999385,0.6443,1,0.0526,0.0264,376832,15,15,0.8874,7712,0,0,10.716899871826172,5.526100158691406,1.4515000581741333,0.8349000215530396,0.0010000000474974513,67.14330291748047,0,0,0,0,0,0,0,0,0,0,0,0,0,18.36712,10.91548
586,78.08300018310547,15.463000297546387,13.524499893188477,2.364500045776367,3.8701999187469482,2.6689999103546143,5.06820011138916,0.4140999913215637,10000,10009,20000,10006,20000,20000,10000,0.18569999933242798,0.0007999999797903001,2.0432000160217285,10000,0.7421999999999355,0.6253,1,0.0557,0.028300000000000002,376832,15,15,0.8654,460792,0,0,29.07859992980957,5.389699935913086,1.325600028038025,2.677000045776367,0.3034999966621399,37.027099609375,0.0017,4.525300025939941,0.0618,3.0564,5.3995,2.1577,0.2911,1,998886,106059,9990,22431,8312,17.12036,10.62336
587,76.19180297851562,0.15790000557899475,9.861900329589844,2.0376999378204346,1.3804999589920044,0.9958000183105469,5.287499904632568,0.39750000834465027,10000,10009,20000,10006,20000,20000,10000,0.1826000064611435,0.0007999999797903001,2.9523000717163086,10000,0.7401999999999351,0.6171,1,0.055400000000000005,0.029500000000000002,376832,15,15,0.7409,7712,0,0,10.109299659729004,5.308000087738037,1.3037999868392944,0.7831000089645386,0.0013000000035390258,56.27149963378906,0,0,0,0,0,0,0,0,0,0,0,0,0,17.67064,10.9316
588,90.87539672851562,4.139900207519531,10.221799850463867,2.007999897003174,0.8165000081062317,2.379300117492676,5.066400051116943,0.3750999867916107,10000,10009,20000,10006,20000,20000,10000,0.4657000005245209,0.0007999999797903001,2.23009991645813,10000,0.7415999999999353,0.7041,1,0.0563,0.0263,376832,15,15,0.9671,533160,0,0,14.463700294494629,5.3730998039245605,1.398900032043457,2.7040998935699463,0.28540000319480896,64.28739929199219,0,0,0,0,0,0,0,0,0,0,0,0,0,17.04956,10.256
589,93.489501953125,11.652299880981445,13.159500122070312,1.9711999893188477,3.3982999324798584,3.1357998847961426,7.273799896240234,0.383899986743927,10000,10009,20000,10006,20000,20000,10000,0.21719999611377716,0.0012000000569969416,2.220400094985962,10000,0.8157999999999273,0.6253,1,0.0585,0.027299999999999998,376832,15,15,0.7798,26720,0,0,24.90679931640625,7.453999996185303,1.3401999473571777,1.0255000591278076,0.15559999644756317,56.21080017089844,0.0022,4.273799896240234,0.0533,2.9513,5.1623,2.0307,0.3184,1,984584,98729,9990,20690,8137,18.35504,10.359
590,86.74530029296875,0.24400000274181366,9.465200424194336,1.882699966430664,0.9390000104904175,1.1960999965667725,4.889999866485596,0.35589998960494995,10000,10009,20000,10006,20000,20000,10000,0.17090000212192535,0.000699999975040555,3.051300048828125,10000,0.7030999999999389,0.6702,1,0.052399999999999995,0.026000000000000002,376832,15,15,0.7813,7712,0,0,9.812999725341797,4.9105000495910645,1.3468999862670898,0.8603000044822693,0.0012000000569969416,67.45379638671875,0,0,0,0,0,0,0,0,0,0,0,0,0,17.0388,10.0664
591,75.98500061035156,5.710999965667725,9.338700294494629,2.074899911880493,0.8395000100135803,1.6723999977111816,5.149099826812744,0.39089998602867126,10000,10009,20000,10006,20000,20000,10000,0.20759999752044678,0.0008999999845400453,2.1224000453948975,10000,0.7505999999999338,0.7279,1,0.0577,0.0305,376832,15,15,0.8891,539456,0,0,15.146100044250488,5.443699836730957,1.5582000017166138,2.5745999813079834,0.2732999920845032,48.70320129394531,0,0,0,0,0,0,0,0,0,0,0,0,0,17.46712,9.91684
592,89.99120330810547,0.24560000002384186,9.344900131225586,1.8573999404907227,0.9276999831199646,1.2714999914169312,5.640699863433838,0.3531999886035919,10000,10009,20000,10006,20000,20000,10000,0.18629999458789825,0.0006000000284984708,3.0394999980926514,10000,0.8252999999999338,0.6189,1,0.0543,0.0248,376832,15,15,0.8489,7712,0,0,9.710700035095215,5.662399768829346,1.2855000495910645,0.8294000029563904,0.00139999995008111,69.8895034790039,0,0,0,0,0,0,0,0,0,0,0,0,0,17.61932,11.02456
593,130.8372039794922,6.247099876403809,11.892000198364258,2.23580002784729,1.2771999835968018,2.6345999240875244,5.27269983291626,0.3865000009536743,10000,10009,20000,10006,20000,20000,10000,0.5867000222206116,0.0008999999845400453,2.7204999923706055,10000,0.7247999999999365,0.6228,1,0.05500000000000001,0.0261,376832,15,15,0.8257,545248,1,0,18.24020004272461,5.578800201416016,1.288599967956543,2.4379000663757324,0.2840999960899353,100.8010025024414,0,0,0,0,0,0,0,0,0,0,0,0,0,17.65988,9.4312
594,42.99980163574219,4.632800102233887,12.149900436401367,1.9210000038146973,3.309000015258789,2.1531999111175537,4.996200084686279,0.37700000405311584,10000,10009,20000,10006,20000,20000,10000,0.186599999666214,0.000699999975040555,2.5322000980377197,10000,0.7344999999999358,0.6423,1,0.0547,0.026,376832,15,15,0.6954,25352,0,0,16.94099998474121,5.144999980926514,1.3348000049591064,1.0398000478744507,0.12970000505447388,16.19610023498535,0.002,0,0.0786,2.9696,3.1841,0,0.2954,1,968888,0,0,0,7389,22.51452,12.58696
595,158.3538055419922,0.22840000689029694,9.023200035095215,1.7805999517440796,0.8212000131607056,0.8707000017166138,4.817399978637695,0.3452000021934509,10000,10009,20000,10006,20000,20000,10000,0.19629999995231628,0.0006000000284984708,3.2288999557495117,10000,0.6986999999999397,0.6485,1,0.05500000000000001,0.03,376832,15,15,0.637,7712,0,0,9.349100112915039,4.835599899291992,1.315600037574768,0.8208000063896179,0.0010999999940395355,139.8343048095703,0,0,0,0,0,0,0,0,0,0,0,0,0,23.61276,13.90564
596,98.71179962158203,5.185500144958496,18.652299880981445,5.297100067138672,2.90339994430542,2.506500005722046,8.55780029296875,0.6218000054359436,10000,10009,20000,10006,20000,20000,10000,0.2741999924182892,0.0013000000035390258,4.056700229644775,10000,0.9447999999999145,0.7779,1,0.081,0.0358,376832,15,15,0.8598,587128,0,0,23.94540023803711,8.995699882507324,1.809399962425232,3.629300117492676,0.4090999960899353,56.87099838256836,0,0,0,0,0,0,0,0,0,0,0,0,0,23.41372,13.18304
597,68.91339874267578,17.523300170898438,26.801799774169922,4.97790002822876,7.0995001792907715,5.132400035858154,8.897299766540527,0.6614999771118164,10000,10009,20000,10006,20000,20000,10000,0.27709999680519104,0.0012000000569969416,5.812300205230713,10000,1.058899999999905,0.8277,1,0.1436,0.0391,376832,15,15,1.1393,22888,0,0,44.43519973754883,9.074799537658691,2.504300117492676,1.307800054550171,0.15299999713897705,7.892600059509277,0.0023,0,0.0908,10.256,14.5062,3.9325,0.5426,1,982236,104211,9989,21787,8052,22.363,13.13536
598,62.43170166015625,0.24150000512599945,17.36870002746582,3.9312000274658203,2.783600091934204,2.698199987411499,8.914899826049805,0.6388999819755554,10000,10009,20000,10006,20000,20000,10000,1.2043999433517456,0.0010999999940395355,3.5316998958587646,10000,0.9156999999999182,0.9122,1,0.09079999999999999,0.045899999999999996,376832,15,15,1.0834,7712,0,0,17.72249984741211,8.94629955291748,1.8097000122070312,1.114799976348877,0.0019000000320374966,28.78689956665039,0,0,0,0,0,0,0,0,0,0,0,0,0,20.07808,12.2614
599,111.0519027709961,7.6132001876831055,17.938800811767578,3.963399887084961,2.513700008392334,3.285900115966797,6.916299819946289,0.7236999869346619,10000,10009,20000,10006,20000,20000,10000,0.3817000091075897,0.0008999999845400453,3.7039999961853027,10000,0.9116999999999162,1.1103,1,0.08199999999999999,0.0381,376832,15,15,1.1324,625792,0,0,25.66629981994629,7.311500072479248,2.1238999366760254,3.7597999572753906,0.37209999561309814,68.19969940185547,0,0,0,0,0,0,0,0,0,0,0,0,0,21.9088,12.9098
600,54.29280090332031,14.874799728393555,15.934599876403809,2.775700092315674,4.115499973297119,2.84879994392395,6.755300045013428,0.5414999723434448,10000,10009,20000,10006,20000,20000,10000,0.19900000095367432,0.0010999999940395355,3.250699996948242,10000,0.8144999999999283,0.9326,1,0.06420000000000001,0.039599999999999996,376832,15,15,1.2437,24160,0,0,30.94700050354004,6.927000045776367,1.9048000574111938,1.6229000091552734,0.14710000157356262,9.67650032043457,0.0019,5.421500205993652,0.1027,3.5188,6.2573,2.4832,0.3664,1,969688,96351,9989,19868,7851,20.63352,12.70148
601,94.4218978881836,0.20999999344348907,15.468500137329102,3.621999979019165,2.934000015258789,1.562000036239624,6.6315999031066895,0.5569000244140625,10000,10009,20000,10006,20000,20000,10000,0.2881999909877777,0.0007999999797903001,3.967600107192993,10000,0.8185999999999283,0.6983,1,0.071,0.0398,376832,15,15,1.0255,7712,0,0,15.789799690246582,6.657299995422363,1.551300048828125,1.138100028038025,0.0012000000569969416,66.38780212402344,0,0,0,0,0,0,0,0,0,0,0,0,0,20.02684,12.50104
602,55.798301696777344,5.453999996185303,11.688799858093262,2.5862998962402344,1.7217999696731567,1.406999945640564,5.42519998550415,0.41830000281333923,10000,10009,20000,10006,20000,20000,10000,0.2540000081062317,0.0008999999845400453,3.205899953842163,10000,0.7601999999999343,0.7065,1,0.0601,0.0363,376832,15,15,0.8215,590216,0,0,17.234100341796875,5.767600059509277,1.6061999797821045,3.6545000076293945,0.32120001316070557,25.008100509643555,0,0,0,0,0,0,0,0,0,0,0,0,0,20.09668,11.20952
603,85.99649810791016,2.635499954223633,18.220600128173828,5.333099842071533,3.897599935531616,1.357100009918213,7.581399917602539,0.5976999998092651,10000,10009,20000,10006,20000,20000,10000,0.23160000145435333,0.0007999999797903001,3.986299991607666,10000,0.8355999999999257,0.8419,1,0.07629999999999999,0.0345,376832,15,15,0.8835,21896,0,0,20.973600387573242,7.609499931335449,1.8253999948501587,1.0164999961853027,0.0013000000035390258,51.717498779296875,0,0,0,0,0,0,0,0,0,0,0,0,0,20.6158,11.708
604,69.08270263671875,0.24619999527931213,17.394699096679688,5.111100196838379,3.0838000774383545,1.8202999830245972,9.525099754333496,0.513700008392334,10000,10009,20000,10006,20000,20000,10000,0.2754000127315521,0.0010999999940395355,4.135799884796143,10000,0.8598999999999223,0.983,1,0.07139999999999999,0.0322,376832,15,15,0.9951,7712,0,0,17.750099182128906,9.564000129699707,2.1322999000549316,1.047700047492981,0.010400000028312206,35.48889923095703,0,0,0,0,0,0,0,0,0,0,0,0,0,21.28148,12.18008
605,72.556396484375,4.621300220489502,16.273000717163086,4.259799957275391,2.638400077819824,2.155600070953369,7.393599987030029,0.47040000557899475,10000,10009,20000,10006,20000,20000,10000,0.272599995136261,0.00139999995008111,4.184599876403809,10000,0.7628999999999324,0.8095,1,0.0569,0.0351,376832,15,15,1.5088,523320,0,0,20.98699951171875,7.726099967956543,2.0810999870300293,3.159600019454956,0.305400013923645,35.35169982910156,0,0,0,0,0,0,0,0,0,0,0,0,0,18.45364,11.66644
606,56.30459976196289,5.936699867248535,17.692100524902344,4.112100124359131,4.77400016784668,2.5072999000549316,5.925000190734863,0.6945000290870667,10000,10009,20000,10006,20000,20000,10000,0.23739999532699585,0.0007999999797903001,2.7939000129699707,10000,0.9071999999999206,0.7785,1,0.0841,0.040400000000000005,376832,15,15,0.9513,8048,0,0,23.743999481201172,6.078100204467773,1.667099952697754,1.479699969291687,0.131400004029274,20.28380012512207,0.0025,0,0.1005,3.7515,4.0136,0,0.3125,1,949904,0,0,0,7123,18.05004,11.7068
607,132.4425048828125,0.2280000001192093,13.875900268554688,2.751499891281128,2.91510009765625,1.0729000568389893,8.388400077819824,0.4426000118255615,10000,10009,20000,10006,20000,20000,10000,0.42179998755455017,0.0008999999845400453,3.9307000637054443,10000,1.0178999999999057,0.9064,1,0.07830000000000001,0.0377,376832,15,15,1.1548,7712,0,0,14.204400062561035,8.419099807739258,1.680799961090088,0.9937000274658203,0.002099999925121665,103.65509796142578,0,0,0,0,0,0,0,0,0,0,0,0,0,18.1798,11.8082
608,49.06380081176758,4.915800094604492,11.147500038146973,2.758500099182129,0.9653000235557556,1.3840999603271484,4.952400207519531,0.3840999901294708,10000,10009,20000,10006,20000,20000,10000,0.22579999268054962,0.0010000000474974513,3.2822999954223633,10000,0.7554999999999332,0.603,1,0.054900000000000004,0.0309,376832,15,15,0.7565,593840,0,0,16.167699813842773,5.295400142669678,1.294600009918213,2.396199941635132,0.32580000162124634,21.39430046081543,0,0,0,0,0,0,0,0,0,0,0,0,0,17.48484,10.99348
609,59.382198333740234,7.748799800872803,14.246500015258789,2.0678999423980713,3.6958999633789062,2.670300006866455,5.133299827575684,0.5884000062942505,10000,10009,20000,10006,20000,20000,10000,0.2071000039577484,0.000699999975040555,3.027899980545044,10000,0.7095999999999382,0.6916,1,0.0548,0.021699999999999997,376832,15,15,0.7363,24328,0,0,22.081100463867188,5.267099857330322,1.3557000160217285,1.054800033569336,0.11429999768733978,27.29490089416504,0.0018,0,0.0568,3.1491,5.3893,2.0493,0.4547,1,965264,101818,9990,21805,7846,18.64856,11.06848
610,64.83280181884766,0.1665000021457672,10.010700225830078,1.9993000030517578,1.197700023651123,1.2989000082015991,5.379899978637695,0.36660000681877136,10000,10009,20000,10006,20000,20000,10000,0.2232999950647354,0.000699999975040555,3.0934998989105225,10000,0.7060999999999386,0.6211,1,0.053500000000000006,0.024999999999999998,376832,15,15,0.671,7712,0,0,10.268500328063965,5.401299953460693,1.294600009918213,0.8015999794006348,0.00139999995008111,44.818599700927734,0,0,0,0,0,0,0,0,0,0,0,0,0,18.56996,11.37812
611,51.72869873046875,16.6072998046875,13.956700325012207,2.2564001083374023,3.6496999263763428,3.416800022125244,7.08489990234375,0.38260000944137573,10000,10009,20000,10006,20000,20000,10000,0.2467000037431717,0.0007999999797903001,1.9780000448226929,10000,0.7960999999999296,0.7955,1,0.058499999999999996,0.0291,376832,15,15,0.7968,629328,0,0,30.654800415039062,7.543000221252441,1.8724000453948975,3.9084999561309814,0.4320000112056732,5.1905999183654785,0.003,5.137899875640869,0.0557,3.1203,5.4304,2.1186,0.3285,1,948824,96248,9990,20284,7620,19.09024,10.2412
612,58.82849884033203,0.1606999933719635,11.387299537658691,2.177999973297119,2.3213000297546387,1.2266000509262085,5.259900093078613,0.4027999937534332,10000,10009,20000,10006,20000,20000,10000,0.1842000037431717,0.000699999975040555,3.1456000804901123,10000,0.7320999999999357,0.6644,1,0.0562,0.0311,376832,15,15,0.964,7712,0,0,11.642399787902832,5.281499862670898,1.4005999565124512,0.8472999930381775,0.0013000000035390258,37.03200149536133,0,0,0,0,0,0,0,0,0,0,0,0,0,18.25076,10.42128
613,48.08110046386719,4.357999801635742,11.998700141906738,3.2841999530792236,1.233299970626831,1.8091000318527222,5.4456000328063965,0.5723000168800354,10000,10009,20000,10006,20000,20000,10000,0.3070000112056732,0.0008999999845400453,2.5344998836517334,10000,0.7429999999999352,0.6566,1,0.0544,0.0434,376832,15,15,0.7116,600328,0,0,16.438800811767578,5.785699844360352,1.339400053024292,2.249300003051758,0.31779998540878296,19.91939926147461,0,0,0,0,0,0,0,0,0,0,0,0,0,17.50568,10.59556
614,58.02859878540039,1.8547999858856201,10.572500228881836,2.259500026702881,1.836899995803833,1.500499963760376,5.022799968719482,0.39169999957084656,10000,10009,20000,10006,20000,20000,10000,0.21789999306201935,0.000699999975040555,2.6440999507904053,10000,0.724199999999937,0.584,1,0.057800000000000004,0.0246,376832,15,15,0.8026,20320,0,0,12.521699905395508,5.057799816131592,1.2516000270843506,0.8291000127792358,0.0013000000035390258,35.96929931640625,0,0,0,0,0,0,0,0,0,0,0,0,0,18.92128,11.07864
615,48.296199798583984,0.1453000009059906,9.208700180053711,1.8729000091552734,0.9735999703407288,1.226199984550476,5.035900115966797,0.3644999861717224,10000,10009,20000,10006,20000,20000,10000,0.20100000500679016,0.000699999975040555,2.8891000747680664,10000,0.7121999999999379,0.4932,1,0.0534,0.027,376832,15,15,0.7425,7712,0,0,9.437700271606445,5.057499885559082,1.1657999753952026,0.8126999735832214,0.001500000013038516,29.472000122070312,0,0,0,0,0,0,0,0,0,0,0,0,0,19.17112,10.75816
616,37.12480163574219,8.453700065612793,12.919400215148926,2.2298998832702637,3.209199905395508,2.7116000652313232,5.191500186920166,0.38909998536109924,10000,10009,20000,10006,20000,20000,10000,0.195700004696846,0.000699999975040555,2.147900104522705,10000,0.719799999999937,0.5982,1,0.054599999999999996,0.026600000000000002,376832,15,15,0.6029,494104,0,0,21.467599868774414,5.542699813842773,1.2732000350952148,3.8125998973846436,0.3310000002384186,2.8013999462127686,0.0016,0,0.0543,3.2679,3.4713,0,0.2396,1,934260,0,0,0,6840,17.83912,10.51984
617,42.549598693847656,0.1362999975681305,11.659600257873535,2.324399948120117,1.976699948310852,1.9270000457763672,5.942299842834473,0.40700000524520874,10000,10009,20000,10006,20000,20000,10000,0.22269999980926514,0.0012000000569969416,2.950200080871582,10000,0.7720999999999315,0.751,1,0.057800000000000004,0.032,376832,15,15,0.9048,7712,0,0,11.876999855041504,5.968100070953369,1.7381999492645264,0.919700026512146,0.0012000000569969416,19.16069984436035,0,0,0,0,0,0,0,0,0,0,0,0,0,19.22096,11.92764
618,49.50659942626953,4.406099796295166,10.69279956817627,2.282900094985962,1.4773999452590942,1.6265000104904175,5.941299915313721,0.3971000015735626,10000,10009,20000,10006,20000,20000,10000,0.19429999589920044,0.000699999975040555,2.811000108718872,10000,0.712599999999938,0.6989,1,0.055499999999999994,0.025300000000000003,376832,15,15,0.6798,525016,0,0,15.202400207519531,6.297800064086914,1.3992999792099,2.5313000679016113,0.33570000529289246,21.769800186157227,0,0,0,0,0,0,0,0,0,0,0,0,0,19.70524,11.2476
619,35.37080001831055,8.884099960327148,13.885000228881836,2.1077001094818115,3.739300012588501,2.8153998851776123,5.76609992980957,0.532800018787384,10000,10009,20000,10006,20000,20000,10000,0.17149999737739563,0.0007999999797903001,2.4084999561309814,10000,1.0578999999999044,0.6898,1,0.0568,0.0275,376832,15,15,0.8559,22032,0,0,22.8927001953125,5.908699989318848,1.4940999746322632,1.6229000091552734,0.11959999799728394,0.13779999315738678,0.0017,0,0.0565,4.3428,6.8507,2.2903,0.3193,1,946056,101039,9991,21379,7583,18.95824,11.67084
620,35.53499984741211,0.19979999959468842,12.822099685668945,2.701200008392334,2.6354000568389893,1.339900016784668,5.827099800109863,0.4196000099182129,10000,10009,20000,10006,20000,20000,10000,0.18610000610351562,0.0013000000035390258,3.351599931716919,10000,0.7595999999999327,0.7442,1,0.057499999999999996,0.0329,376832,15,15,0.9757,7712,0,0,13.124699592590332,5.85129976272583,1.4455000162124634,0.8644000291824341,0.0012000000569969416,11.555399894714355,0,0,0,0,0,0,0,0,0,0,0,0,0,20.06396,10.58444
621,42.86119842529297,5.997200012207031,12.908300399780273,2.5766000747680664,2.522599935531616,1.839400053024292,6.1255998611450195,0.39969998598098755,10000,10009,20000,10006,20000,20000,10000,0.3183000087738037,0.00139999995008111,3.152600049972534,10000,0.7649999999999321,0.808,1,0.057199999999999994,0.0303,376832,15,15,0.8666,514656,0,0,19.0314998626709,6.439899921417236,1.767300009727478,3.675299882888794,0.2903999984264374,9.31879997253418,0,0,0,0,0,0,0,0,0,0,0,0,0,17.30864,10.12952
622,50.327999114990234,12.198100090026855,15.75510025024414,3.243299961090088,4.147200107574463,2.7309999465942383,5.412499904632568,0.6705999970436096,10000,10009,20000,10006,20000,20000,10000,0.2290000021457672,0.000699999975040555,2.410399913787842,10000,0.7285999999999361,0.6501,1,0.054000000000000006,0.0286,376832,15,15,0.6861,21032,0,0,28.07740020751953,5.54640007019043,1.3360999822616577,1.132099986076355,0.11169999837875366,11.919400215148926,0.002,4.298099994659424,0.0554,3.6092,5.7509,1.9499,0.2971,1,936458,93932,9991,19153,7334,17.26236,9.99028
623,34.494598388671875,0.20960000157356262,10.326800346374512,2.1368000507354736,1.3503999710083008,1.4836000204086304,5.394599914550781,0.39239999651908875,10000,10009,20000,10006,20000,20000,10000,0.17569999396800995,0.000699999975040555,2.7955000400543213,10000,0.702599999999939,0.5405,1,0.0529,0.0251,376832,15,15,0.8187,7712,0,0,10.61870002746582,5.412199974060059,1.1966999769210815,0.914900004863739,0.0012000000569969416,13.96030044555664,0,0,0,0,0,0,0,0,0,0,0,0,0,17.97844,10.21212
624,57.04389953613281,4.333600044250488,10.007699966430664,2.282599925994873,0.9864000082015991,1.2939000129699707,4.916299819946289,0.45089998841285706,10000,10009,20000,10006,20000,20000,10000,0.17110000550746918,0.000699999975040555,2.8671000003814697,10000,0.7181999999999379,0.6424,1,0.055,0.0245,376832,15,15,0.682,539768,0,0,14.439499855041504,5.210000038146973,1.327299952507019,2.848099946975708,0.2766000032424927,30.933500289916992,0,0,0,0,0,0,0,0,0,0,0,0,0,16.7702,10.01236
625,40.427398681640625,1.8249000310897827,9.179100036621094,2.2476000785827637,0.9287999868392944,1.2782000303268433,6.296599864959717,0.4343000054359436,10000,10009,20000,10006,20000,20000,10000,0.17419999837875366,0.000699999975040555,2.3726000785827637,10000,0.9180999999999158,0.6156,1,0.0555,0.0284,376832,15,15,0.6969,19400,0,0,11.085800170898438,6.3206000328063965,1.304800033569336,0.8651000261306763,0.0015999999595806003,18.030799865722656,0,0,0,0,0,0,0,0,0,0,0,0,0,17.76972,11.0816
626,46.69490051269531,0.20350000262260437,9.9931001663208,1.9111000299453735,0.8098000288009644,1.4198999404907227,5.0954999923706055,0.38530001044273376,10000,10009,20000,10006,20000,20000,10000,0.18389999866485596,0.0012000000569969416,3.2990000247955322,10000,0.707299999999939,0.5247,1,0.054,0.0279,376832,15,15,0.7082,7712,0,0,10.27810001373291,5.1178998947143555,1.190600037574768,0.9140999913215637,0.00139999995008111,26.866199493408203,0,0,0,0,0,0,0,0,0,0,0,0,0,17.10632,9.93412
627,41.58890151977539,8.148500442504883,16.312299728393555,2.8961000442504883,4.4079999923706055,3.3896000385284424,4.8668999671936035,0.40959998965263367,10000,10009,20000,10006,20000,20000,10000,0.18230000138282776,0.0006000000284984708,3.06469988822937,10000,0.7109999999999385,0.5044,1,0.05500000000000001,0.028499999999999998,376832,15,15,0.6865,568512,0,0,24.545499801635742,5.278600215911865,1.1790000200271606,2.3487000465393066,0.3935999870300293,5.940899848937988,0.0016,0,0.0544,3.0036,3.2027,0.0001,0.1908,1,920258,0,0,0,6544,17.48656,10.31012
628,45.3286018371582,0.22190000116825104,10.140800476074219,1.9200999736785889,1.2973999977111816,1.4398000240325928,4.7993998527526855,0.3562999963760376,10000,10009,20000,10006,20000,20000,10000,0.20589999854564667,0.0006000000284984708,2.9951000213623047,10000,0.6827999999999411,0.634,1,0.052,0.026000000000000002,376832,15,15,0.6606,7712,0,0,10.457099914550781,4.8190999031066895,1.4062000513076782,0.8065000176429749,0.0010999999940395355,25.6481990814209,0,0,0,0,0,0,0,0,0,0,0,0,0,17.92448,10.26028
629,35.36819839477539,10.965299606323242,13.01609992980957,2.0264999866485596,3.15120005607605,3.405100107192993,4.917300224304199,0.36419999599456787,10000,10009,20000,10006,20000,20000,10000,0.22840000689029694,0.0006000000284984708,2.0625,10000,0.6950999999999399,0.5842,1,0.054099999999999995,0.0292,376832,15,15,0.8515,569400,0,0,24.07939910888672,5.301400184631348,1.2238999605178833,2.150899887084961,0.3652999997138977,0.11590000241994858,0.0016,0,0.051,3.209,5.38,1.9873,0.246,1,933148,99867,9991,20624,7307,17.59508,10.08016
630,33.5088996887207,0.15530000627040863,10.140800476074219,2.127500057220459,1.3278000354766846,1.5328999757766724,5.671199798583984,0.3855000138282776,10000,10009,20000,10006,20000,20000,10000,0.15680000185966492,0.000699999975040555,2.8268001079559326,10000,0.7243999999999378,0.7442,1,0.055799999999999995,0.024399999999999998,376832,15,15,0.8363,7712,0,0,10.3725004196167,5.689499855041504,1.4186999797821045,0.998199999332428,0.00139999995008111,12.394000053405762,0,0,0,0,0,0,0,0,0,0,0,0,0,18.57476,10.88164
631,48.47159957885742,16.11829948425293,12.935099601745605,2.2813000679016113,3.3118999004364014,2.458699941635132,5.748700141906738,0.36649999022483826,10000,10009,20000,10006,20000,20000,10000,0.16050000488758087,0.000699999975040555,2.4410998821258545,10000,0.7102999999999385,0.5977,1,0.0541,0.0342,376832,15,15,0.6629,531272,0,0,29.162399291992188,6.10890007019043,1.2592999935150146,2.3089001178741455,0.33959999680519104,7.370299816131592,0.0018,4.503300189971924,0.054,2.812,5.7393,2.7401,0.3017,1,919290,91608,9993,18837,7055,17.6954,10.29064
632,42.030399322509766,0.15530000627040863,11.151100158691406,2.778599977493286,1.6374000310897827,1.503100037574768,5.2941999435424805,0.40149998664855957,10000,10009,20000,10006,20000,20000,10000,0.21960000693798065,0.000699999975040555,2.8001999855041504,10000,0.7300999999999364,0.7187,1,0.0553,0.0257,376832,15,15,0.8857,7712,0,0,11.401399612426758,5.315299987792969,1.4520000219345093,0.9359999895095825,0.0012000000569969416,20.401599884033203,0,0,0,0,0,0,0,0,0,0,0,0,0,17.5708,10.11176
633,46.744300842285156,4.0345001220703125,9.797100067138672,2.023400068283081,0.8787999749183655,2.1101999282836914,5.332200050354004,0.36559998989105225,10000,10009,20000,10006,20000,20000,10000,0.20509999990463257,0.0008999999845400453,2.416599988937378,10000,0.7065999999999387,0.6388,1,0.0547,0.027200000000000002,376832,15,15,0.6166,623944,0,0,13.918499946594238,5.66510009765625,1.2896000146865845,2.3185999393463135,0.3133000135421753,21.361900329589844,0,0,0,0,0,0,0,0,0,0,0,0,0,17.05608,9.943
634,28.755199432373047,2.0171000957489014,8.843700408935547,1.942199945449829,1.1426000595092773,0.945900022983551,5.025899887084961,0.3880000114440918,10000,10009,20000,10006,20000,20000,10000,0.2092999964952469,0.0007999999797903001,2.5316998958587646,10000,0.7415999999999353,0.6647,1,0.05660000000000001,0.028399999999999998,376832,15,15,0.7302,18744,0,0,10.955699920654297,5.046500205993652,1.3547999858856201,0.8266000151634216,0.0017999999690800905,8.193900108337402,0,0,0,0,0,0,0,0,0,0,0,0,0,16.69252,9.78556
635,28.401399612426758,0.1518000066280365,10.739299774169922,2.3143999576568604,1.5152000188827515,1.330399990081787,6.105299949645996,0.3813999891281128,10000,10009,20000,10006,20000,20000,10000,0.2160000056028366,0.000699999975040555,3.182800054550171,10000,0.7937999999999298,0.6489,1,0.0559,0.0279,376832,15,15,0.7203,7712,0,0,10.976499557495117,6.126800060272217,1.38510000705719,0.8554999828338623,0.0015999999595806003,6.594600200653076,0,0,0,0,0,0,0,0,0,0,0,0,0,16.45564,9.82296
636,37.72800064086914,4.003200054168701,11.570899963378906,2.554800033569336,1.483199954032898,2.087899923324585,6.496600151062012,0.4397999942302704,10000,10009,20000,10006,20000,20000,10000,0.2303999960422516,0.0012000000569969416,2.8018999099731445,10000,1.1479999999999015,0.8048,1,0.064,0.023899999999999998,376832,15,15,0.9205,531232,0,0,15.65779972076416,6.867199897766113,1.6794999837875366,2.67330002784729,0.3472999930381775,7.341400146484375,0,0,0,0,0,0,0,0,0,0,0,0,0,15.90148,9.2272
637,44.522098541259766,6.270899772644043,15.910799980163574,3.0601000785827637,3.813199996948242,3.539900064468384,7.950500011444092,0.4867999851703644,10000,10009,20000,10006,20000,20000,10000,0.23330000042915344,0.0010000000474974513,2.84660005569458,10000,1.127399999999895,0.7492,1,0.0782,0.025099999999999997,376832,15,15,0.8257,8048,0,0,22.28510093688965,8.11709976196289,1.8575999736785889,1.3106000423431396,0.14499999582767487,7.730199813842773,0.002,0,0.099,4.1447,4.4326,0,0.3261,1,911128,0,0,0,6261,15.97128,9.29
638,41.28919982910156,0.367900013923645,16.31839942932129,4.985300064086914,1.2324999570846558,2.3127999305725098,13.952799797058105,0.9140999913215637,10000,10009,20000,10006,20000,20000,10000,0.36079999804496765,0.0008999999845400453,3.8206000328063965,10000,2.078099999999818,1.264,1,0.1301,0.049600000000000005,376832,15,15,1.379,7712,0,0,16.81279945373535,13.982799530029297,3.06850004196167,1.5509999990463257,0.0017999999690800905,0.188400000333786,0,0,0,0,0,0,0,0,0,0,0,0,0,15.97172,9.25444
639,54.7307014465332,5.91510009765625,19.384300231933594,5.881800174713135,1.7764999866485596,3.134500026702881,14.687299728393555,0.9672999978065491,10000,10009,20000,10006,20000,20000,10000,0.388700008392334,0.0012000000569969416,4.104300022125244,10000,2.068299999999816,1.5048,1,0.127,0.0581,376832,15,15,1.4854,590040,0,0,25.42060089111328,15.12969970703125,3.3726999759674072,4.829800128936768,0.41200000047683716,0.18520000576972961,0,0,0,0,0,0,0,0,0,0,0,0,0,16.09756,9.39584
640,82.05249786376953,30.894100189208984,24.87310028076172,5.641600131988525,6.091899871826172,4.856500148773193,14.561200141906738,0.9818000197410583,10000,10009,20000,10006,20000,20000,10000,0.37940001487731934,0.0012000000569969416,3.976099967956543,10000,2.1971999999998286,1.2916,1,0.1295,0.052,376832,15,15,1.3951,16960,0,0,55.913700103759766,14.8371000289917,3.1665000915527344,2.1521999835968018,0.24709999561309814,0.19619999825954437,0.0032,13.083999633789062,0.1281,8.7528,14.5972,5.3403,0.5254,1,923702,98655,9994,20773,7014,17.27388,9.94864
641,47.99380111694336,0.31690001487731934,20.154199600219727,5.5192999839782715,2.131500005722046,2.329400062561035,16.67970085144043,1.0764000415802002,10000,10009,20000,10006,20000,20000,10000,0.44179999828338623,0.0010999999940395355,4.905900001525879,10000,2.0632999999998103,1.2937,1,0.1316,0.0464,376832,15,15,1.4824,7712,0,0,20.59079933166504,16.70870018005371,3.1364998817443848,1.6061999797821045,0.0019000000320374966,0.20170000195503235,0,0,0,0,0,0,0,0,0,0,0,0,0,17.3638,10.17976
642,49.50419998168945,2.305299997329712,20.325199127197266,5.531099796295166,3.1177000999450684,2.160599946975708,14.10200023651123,0.9760000109672546,10000,10009,20000,10006,20000,20000,10000,0.35350000858306885,0.0010999999940395355,5.0295000076293945,10000,2.0951999999998097,1.7885,1,0.1523,0.0442,376832,15,15,1.4348,15952,0,0,22.756999969482422,14.136699676513672,4.402100086212158,1.8930000066757202,0.0015999999595806003,0.5073999762535095,0,0,0,0,0,0,0,0,0,0,0,0,0,17.3958,10.36752
643,88.39839935302734,33.34040069580078,27.122100830078125,5.860000133514404,6.026299953460693,5.183800220489502,14.35789966583252,0.9524000287055969,10000,10009,20000,10006,20000,20000,10000,0.3131999969482422,0.001500000013038516,5.4390997886657715,10000,2.057599999999813,1.336,1,0.1279,0.041499999999999995,376832,15,15,1.3971,530808,0,0,60.57749938964844,14.999799728393555,3.194700002670288,3.8522000312805176,0.6146000027656555,0.186599999666214,0.0026,12.133500099182129,0.126,8.0796,13.8708,5.2909,0.5318,1,912640,94402,9993,19856,6753,17.11672,10.11
644,45.657501220703125,0.3328999876976013,18.97089958190918,5.429500102996826,1.5709999799728394,2.5088000297546387,15.410599708557129,1.0658999681472778,10000,10009,20000,10006,20000,20000,10000,0.3580999970436096,0.0008999999845400453,4.92609977722168,10000,2.0643999999998135,1.3353,1,0.1275,0.044700000000000004,376832,15,15,1.6155,7712,0,0,19.42169952392578,15.43910026550293,3.1814000606536865,1.5542000532150269,0.0017999999690800905,0.20329999923706055,0,0,0,0,0,0,0,0,0,0,0,0,0,17.05336,10.0638
645,50.060298919677734,3.0232999324798584,22.047500610351562,6.850200176239014,2.0480000972747803,2.105299949645996,14.051799774169922,0.9424999952316284,10000,10009,20000,10006,20000,20000,10000,0.3434999883174896,0.000699999975040555,6.13070011138916,10000,2.1212999999998097,1.3128,1,0.1354,0.0506,376832,15,15,1.3893,15952,0,0,25.212200164794922,14.078900337219238,3.2660000324249268,1.552299976348877,0.0017999999690800905,0.22540000081062317,0,0,0,0,0,0,0,0,0,0,0,0,0,16.42364,9.38468
646,49.48749923706055,5.84060001373291,19.015899658203125,5.658199787139893,1.552299976348877,2.849299907684326,14.178899765014648,0.9610999822616577,10000,10009,20000,10006,20000,20000,10000,0.37139999866485596,0.0007999999797903001,4.361700057983398,10000,2.0473999999998274,0.7737,1,0.12530000000000002,0.0399,376832,15,15,1.0935,474840,0,0,24.97369956970215,14.537099838256836,2.0459001064300537,2.5183000564575195,0.33169999718666077,0.12860000133514404,0,0,0,0,0,0,0,0,0,0,0,0,0,17.17524,9.55268
647,26.50200080871582,0.164000004529953,10.930299758911133,2.2973999977111816,1.6654000282287598,1.1821999549865723,7.673600196838379,0.4490000009536743,10000,10009,20000,10006,20000,20000,10000,0.18019999563694,0.000699999975040555,3.089600086212158,10000,1.61009999999986,0.8727,1,0.0797,0.0269,376832,15,15,0.9076,7712,0,0,11.173299789428711,7.696199893951416,2.02020001411438,1.162500023841858,0.00139999995008111,0.15330000221729279,0,0,0,0,0,0,0,0,0,0,0,0,0,17.91344,9.75668
648,51.68519973754883,4.863500118255615,19.072999954223633,5.563799858093262,1.7882000207901,2.98009991645813,13.923199653625488,0.9473999738693237,10000,10009,20000,10006,20000,20000,10000,0.3452000021934509,0.0008999999845400453,4.407700061798096,10000,2.1272999999998206,1.3022,1,0.156,0.061,376832,15,15,1.6828,551112,0,0,24.033199310302734,14.349800109863281,3.140399932861328,3.8954999446868896,0.39910000562667847,0.15860000252723694,0,0,0,0,0,0,0,0,0,0,0,0,0,18.14868,10.7028
649,61.111698150634766,10.990400314331055,24.689300537109375,5.616499900817871,5.81790018081665,4.507999897003174,13.993800163269043,0.9645000100135803,10000,10009,20000,10006,20000,20000,10000,0.36550000309944153,0.0010999999940395355,3.9258999824523926,10000,2.0644999999998106,1.322,1,0.128,0.0465,376832,15,15,1.3782,8048,0,0,35.79119873046875,14.256099700927734,3.1617000102996826,2.0927999019622803,0.2371000051498413,0.20280000567436218,0.0026,0,0.1255,8.0585,8.5956,0.0001,0.5588,1,898528,0,0,0,5970,18.2088,10.77368
650,44.31700134277344,0.319599986076355,19.039499282836914,5.409999847412109,1.877500057220459,2.3080999851226807,14.061699867248535,1.0634000301361084,10000,10009,20000,10006,20000,20000,10000,0.3483999967575073,0.0012000000569969416,5.060400009155273,10000,2.075199999999814,1.3056,1,0.1282,0.044899999999999995,376832,15,15,1.4605,7712,0,0,19.48579978942871,14.089400291442871,3.1598000526428223,1.6655999422073364,0.0015999999595806003,0.1851000040769577,0,0,0,0,0,0,0,0,0,0,0,0,0,18.13392,10.82924
651,46.1161994934082,2.3076000213623047,18.466800689697266,5.320499897003174,1.7352999448776245,2.145400047302246,14.48289966583252,0.9509000182151794,10000,10009,20000,10006,20000,20000,10000,0.3716000020503998,0.0010999999940395355,4.967400074005127,10000,2.0901999999998115,1.3611,1,0.1296,0.0524,376832,15,15,1.3953,15952,0,0,20.89310073852539,14.516300201416016,3.206399917602539,1.583799958229065,0.0017999999690800905,0.19779999554157257,0,0,0,0,0,0,0,0,0,0,0,0,0,18.39192,10.88808
652,74.76899719238281,20.646499633789062,25.981700897216797,5.823699951171875,6.063499927520752,5.093999862670898,14.251500129699707,0.9757999777793884,10000,10009,20000,10006,20000,20000,10000,0.31850001215934753,0.001500000013038516,4.430600166320801,10000,2.082999999999814,1.3331,1,0.12830000000000003,0.035699999999999996,376832,15,15,1.3871,494272,0,0,46.74089813232422,14.869000434875488,3.15339994430542,4.159800052642822,0.583899974822998,0.1964000016450882,0.0023,0,0.1253,8.3404,14.1291,5.2951,0.4986,1,911480,98685,9995,20794,6727,49.01564,10.80744
653,46.3036003112793,0.3246000111103058,19.7012996673584,5.551700115203857,2.079900026321411,2.289099931716919,14.73799991607666,0.9599000215530396,10000,10009,20000,10006,20000,20000,10000,0.3490000069141388,0.0019000000320374966,5.131400108337402,10000,2.05819999999981,1.8151,1,0.12730000000000002,0.0437,376832,15,15,1.34,7712,0,0,20.150400161743164,14.769000053405762,3.687999963760376,1.9002000093460083,0.0015999999595806003,0.23119999468326569,0,0,0,0,0,0,0,0,0,0,0,0,0,18.37576,10.90452
654,54.33409881591797,5.7378997802734375,19.863000869750977,5.8420000076293945,2.2195000648498535,2.791100025177002,14.209600448608398,0.95169997215271,10000,10009,20000,10006,20000,20000,10000,0.3522999882698059,0.0013000000035390258,4.440400123596191,10000,2.3340999999998115,1.3184,1,0.1295,0.05,376832,15,15,1.4278,559280,0,0,25.7406005859375,14.651000022888184,3.165299892425537,4.0218000411987305,0.41370001435279846,0.19089999794960022,0,0,0,0,0,0,0,0,0,0,0,0,0,18.31288,10.82208
655,79.4530029296875,30.42970085144043,23.293899536132812,5.309199810028076,5.433199882507324,4.401899814605713,14.335200309753418,0.9628000259399414,10000,10009,20000,10006,20000,20000,10000,0.33410000801086426,0.0010999999940395355,3.934999942779541,10000,2.064999999999812,1.2931,1,0.1279,0.0469,376832,15,15,1.3861,17424,0,0,53.84629821777344,14.613200187683105,3.123300075531006,2.0488998889923096,0.25119999051094055,0.21070000529289246,0.0023,13.413100242614746,0.1281,8.2449,13.9317,5.1833,0.5003,1,899896,92596,9995,19115,6483,18.25088,10.79272
656,45.86360168457031,0.4652000069618225,19.88610076904297,5.322500228881836,1.847599983215332,2.2083001136779785,14.353699684143066,0.9717000126838684,10000,10009,20000,10006,20000,20000,10000,0.353300005197525,0.0010000000474974513,5.389599800109863,10000,2.07069999999981,1.4915,1,0.1286,0.0444,376832,15,15,1.5409,7712,0,0,20.49530029296875,14.388299942016602,3.338900089263916,1.6542999744415283,0.0020000000949949026,0.18029999732971191,0,0,0,0,0,0,0,0,0,0,0,0,0,18.24688,10.90692
657,48.14569854736328,2.559299945831299,20.587400436401367,5.472700119018555,2.389699935913086,2.2339999675750732,14.128499984741211,0.955299973487854,10000,10009,20000,10006,20000,20000,10000,0.362199991941452,0.0008999999845400453,5.971499919891357,10000,2.067199999999811,1.4856,1,0.12789999999999999,0.0443,376832,15,15,1.3396,15952,0,0,23.267799377441406,14.15880012512207,3.3006999492645264,1.6233999729156494,0.001500000013038516,0.18639999628067017,0,0,0,0,0,0,0,0,0,0,0,0,0,18.08544,10.76736
658,54.03799819946289,6.328700065612793,19.087299346923828,5.73360013961792,1.6663999557495117,2.752700090408325,14.85669994354248,0.9667999744415283,10000,10009,20000,10006,20000,20000,10000,0.36410000920295715,0.0010000000474974513,4.492099761962891,10000,2.0950999999998126,1.5049,1,0.1356,0.0504,376832,15,15,1.5376,551992,0,0,25.53059959411621,15.27970027923584,3.3629000186920166,3.8819000720977783,0.39399999380111694,0.16259999573230743,0,0,0,0,0,0,0,0,0,0,0,0,0,18.04424,10.70928
659,44.474098205566406,0.3183000087738037,18.743499755859375,5.378799915313721,1.535599946975708,2.609800100326538,14.040599822998047,0.9405999779701233,10000,10009,20000,10006,20000,20000,10000,0.33320000767707825,0.0012000000569969416,4.982900142669678,10000,2.1285999999998153,1.4054,1,0.1295,0.0459,376832,15,15,1.6302,7712,0,0,19.178699493408203,14.068499565124512,3.3531999588012695,1.656999945640564,0.0017999999690800905,0.181099995970726,0,0,0,0,0,0,0,0,0,0,0,0,0,18.09928,10.70412
660,46.9656982421875,2.5566000938415527,18.667499542236328,5.322700023651123,1.9491000175476074,2.223900079727173,14.123700141906738,0.9625999927520752,10000,10009,20000,10006,20000,20000,10000,0.34940001368522644,0.0010999999940395355,4.928899765014648,10000,2.2853999999998544,1.3999,1,0.1303,0.0605,376832,15,15,1.5477,15952,0,0,21.355300903320312,14.152899742126465,3.3289999961853027,1.6349999904632568,0.0017000000225380063,0.22220000624656677,0,0,0,0,0,0,0,0,0,0,0,0,0,18.04296,10.67924
661,55.82830047607422,4.257800102233887,21.43589973449707,6.133600234985352,2.6733999252319336,2.9105000495910645,14.142800331115723,0.954800009727478,10000,10009,20000,10006,20000,20000,10000,0.33880001306533813,0.0008999999845400453,5.022900104522705,10000,2.294899999999948,1.5,1,0.19729999999999998,0.05639999999999999,376832,15,15,1.8739,592160,0,0,25.809099197387695,14.889300346374512,4.236599922180176,3.906399965286255,0.49540001153945923,0.1770000010728836,0,0,0,0,0,0,0,0,0,0,0,0,0,18.1456,10.7276
662,60.870399475097656,11.644700050354004,23.708499908447266,5.701399803161621,5.38670015335083,4.299600124359131,14.123100280761719,0.942300021648407,10000,10009,20000,10006,20000,20000,10000,0.3237999975681305,0.0008999999845400453,4.078000068664551,10000,2.067299999999812,1.326,1,0.1281,0.0486,376832,15,15,1.4003,8048,0,0,35.47060012817383,14.386300086975098,3.1500000953674316,1.9371000528335571,0.23690000176429749,0.16449999809265137,0.0025,0,0.1393,8.4976,9.038,0.0001,0.4906,1,885706,0,0,0,5684,17.91596,10.61748
663,45.74599838256836,0.3093000054359436,20.108800888061523,5.434100151062012,2.884999990463257,2.2251999378204346,14.393199920654297,0.9758999943733215,10000,10009,20000,10006,20000,20000,10000,0.4050999879837036,0.0008999999845400453,5.1570000648498535,10000,2.0770999999998128,1.4623,1,0.12929999999999997,0.044700000000000004,376832,15,15,1.4093,7712,0,0,20.529800415039062,14.421500205993652,3.3083999156951904,1.6222000122070312,0.0017000000225380063,0.19120000302791595,0,0,0,0,0,0,0,0,0,0,0,0,0,17.55444,10.48764
664,53.60960006713867,5.634300231933594,19.083499908447266,5.7067999839782715,1.8969999551773071,2.833199977874756,14.642999649047852,0.9868000149726868,10000,10009,20000,10006,20000,20000,10000,0.40049999952316284,0.0010999999940395355,4.053999900817871,10000,2.0609999999998125,1.8378,1,0.1286,0.0439,376832,15,15,1.3473,497512,0,0,24.845800399780273,15.04069995880127,3.6988000869750977,4.223599910736084,0.3686000108718872,0.2289000004529953,0,0,0,0,0,0,0,0,0,0,0,0,0,17.44924,10.4206
665,69.68689727783203,18.071500778198242,25.554399490356445,5.701300144195557,6.013500213623047,5.214799880981445,14.107500076293945,1.001099944114685,10000,10009,20000,10006,20000,20000,10000,0.3953000009059906,0.0013000000035390258,4.160900115966797,10000,2.070799999999812,1.313,1,0.1297,0.0658,376832,15,15,1.4307,15040,0,0,43.75600051879883,14.401100158691406,3.154099941253662,2.4286000728607178,0.26649999618530273,0.22169999778270721,0.0024,0,0.1256,8.9302,14.9457,5.4786,0.569,1,902074,99505,9995,20517,6493,17.38692,10.2656
666,46.05550003051758,0.508899986743927,20.047500610351562,5.3429999351501465,1.7173999547958374,2.270699977874756,13.96560001373291,0.979200005531311,10000,10009,20000,10006,20000,20000,10000,0.3314000070095062,0.0010999999940395355,5.778299808502197,10000,2.477599999999834,1.4082,1,0.1308,0.055,376832,15,15,1.4039,7712,0,0,20.710899353027344,13.989700317382812,3.259500026702881,1.6116000413894653,0.00139999995008111,0.20360000431537628,0,0,0,0,0,0,0,0,0,0,0,0,0,17.39728,10.36968
667,54.69559860229492,5.624300003051758,19.971900939941406,5.757800102233887,2.381999969482422,2.7646000385284424,15.20740032196045,0.9617000222206116,10000,10009,20000,10006,20000,20000,10000,0.313400000333786,0.0010000000474974513,4.60099983215332,10000,2.0823999999998124,1.5409,1,0.1351,0.049100000000000005,376832,15,15,1.3949,498592,0,0,25.721399307250977,15.61709976196289,3.3719000816345215,4.082799911499023,0.3797999918460846,0.20890000462532043,0,0,0,0,0,0,0,0,0,0,0,0,0,17.384,10.39884
668,78.72059631347656,28.4685001373291,24.361299514770508,5.9028000831604,5.699900150299072,4.294600009918213,14.227899551391602,0.9641000032424927,10000,10009,20000,10006,20000,20000,10000,0.35519999265670776,0.0008999999845400453,4.123000144958496,10000,2.0878999999998125,1.3716,1,0.1281,0.0422,376832,15,15,1.5771,16208,0,0,52.95109939575195,14.516300201416016,3.229599952697754,1.965999960899353,0.25949999690055847,0.19979999959468842,0.0023,12.274399757385254,0.129,7.1169,13.0585,5.4368,0.5089,1,891264,91996,9996,18957,6214,17.43312,10.31712
669,44.901100158691406,0.33309999108314514,19.037500381469727,5.4207000732421875,1.781999945640564,2.384500026702881,14.244000434875488,0.9578999876976013,10000,10009,20000,10006,20000,20000,10000,0.32749998569488525,0.0013000000035390258,5.164299964904785,10000,2.0792999999998223,1.3541,1,0.1319,0.0468,376832,15,15,1.4858,7712,0,0,19.496400833129883,14.270400047302246,3.3501999378204346,1.784999966621399,0.0015999999595806003,0.19589999318122864,0,0,0,0,0,0,0,0,0,0,0,0,0,17.39228,10.31332
670,47.918701171875,2.5513999462127686,19.73699951171875,5.402299880981445,1.8977999687194824,3.078700065612793,14.682600021362305,0.955299973487854,10000,10009,20000,10006,20000,20000,10000,0.391400009393692,0.0008999999845400453,4.963799953460693,10000,2.069699999999819,1.4164,1,0.1402,0.042300000000000004,376832,15,15,1.4535,15952,0,0,22.414199829101562,14.716300010681152,3.2548999786376953,1.5889999866485596,0.0015999999595806003,0.20080000162124634,0,0,0,0,0,0,0,0,0,0,0,0,0,17.3316,10.3408
671,53.13130187988281,6.157700061798096,18.83180046081543,5.627299785614014,1.7617000341415405,2.9130001068115234,14.295700073242188,0.9502000212669373,10000,10009,20000,10006,20000,20000,10000,0.39430001378059387,0.0008999999845400453,4.1149001121521,10000,2.190899999999816,1.2814,1,0.1305,0.051,376832,15,15,1.5407,517976,0,0,25.10219955444336,14.774100303649902,3.164299964904785,3.7451999187469482,0.4505000114440918,0.1876000016927719,0,0,0,0,0,0,0,0,0,0,0,0,0,17.51,10.3372
672,45.45940017700195,0.3248000144958496,18.160999298095703,5.275599956512451,1.510699987411499,2.161799907684326,14.256500244140625,0.9469000101089478,10000,10009,20000,10006,20000,20000,10000,0.3140999972820282,0.0013000000035390258,5.063399791717529,10000,2.50560000000007,1.4005,1,0.2013,0.0502,376832,15,15,1.8829,7712,0,0,18.599599838256836,14.288399696350098,3.623500108718872,1.6770999431610107,0.0017999999690800905,0.18039999902248383,0,0,0,0,0,0,0,0,0,0,0,0,0,17.43628,10.4012
673,46.114498138427734,2.186800003051758,19.080799102783203,5.227200031280518,1.4809000492095947,3.1981000900268555,13.996399879455566,0.9426000118255615,10000,10009,20000,10006,20000,20000,10000,0.4244000017642975,0.0012000000569969416,4.889200210571289,10000,2.1117999999998345,1.292,1,0.1301,0.0479,376832,15,15,1.4017,15952,0,0,21.383399963378906,14.026399612426758,3.112299919128418,1.5918999910354614,0.0015999999595806003,0.18930000066757202,0,0,0,0,0,0,0,0,0,0,0,0,0,17.42208,10.32568
674,66.5343017578125,14.181500434875488,24.060699462890625,5.630300045013428,5.260700225830078,4.9182000160217285,14.172699928283691,0.9490000009536743,10000,10009,20000,10006,20000,20000,10000,0.3147999942302704,0.0010000000474974513,3.9463999271392822,10000,2.059499999999813,1.4107,1,0.1348,0.0466,376832,15,15,1.4256,514248,0,0,38.35279846191406,14.757800102233887,3.251199960708618,4.313300132751465,0.5573999881744385,0.1987999975681305,0.0023,0,0.1257,7.6885,8.2123,0.0001,0.4105,1,881496,0,0,0,5433,17.39276,10.3574
675,43.25120162963867,0.31850001215934753,18.388700485229492,5.4166998863220215,1.7700999975204468,2.0873000621795654,13.949000358581543,0.9383999705314636,10000,10009,20000,10006,20000,20000,10000,0.350600004196167,0.0010999999940395355,4.85290002822876,10000,2.062799999999812,1.3137,1,0.128,0.039099999999999996,376832,15,15,1.39,7712,0,0,18.823400497436523,13.971400260925293,3.126699924468994,1.5161000490188599,0.0013000000035390258,0.17069999873638153,0,0,0,0,0,0,0,0,0,0,0,0,0,17.45196,10.33096
676,58.087100982666016,10.55519962310791,19.579200744628906,5.642000198364258,2.0715999603271484,2.7565999031066895,14.47089958190918,0.9329000115394592,10000,10009,20000,10006,20000,20000,10000,0.35569998621940613,0.00139999995008111,4.520400047302246,10000,2.096399999999812,1.3042,1,0.1296,0.0506,376832,15,15,1.4095,567152,1,0,30.23110008239746,14.902999877929688,3.140000104904175,3.905900001525879,0.3984000086784363,0.19709999859333038,0,0,0,0,0,0,0,0,0,0,0,0,0,17.43652,10.3142
677,67.02100372314453,16.191499710083008,24.542800903320312,5.450900077819824,5.454500198364258,5.485599994659424,14.298800468444824,0.9559999704360962,10000,10009,20000,10006,20000,20000,10000,0.3912000060081482,0.0010999999940395355,3.8187999725341797,10000,2.0686999999998115,1.3555,1,0.128,0.0469,376832,15,15,1.7884,30488,0,0,40.92250061035156,14.57699966430664,3.3213999271392822,1.9219000339508057,0.2483000010251999,0.21469999849796295,0.0024,0,0.1261,7.4785,13.1354,5.1604,0.5099,1,898098,96878,9996,20350,6255,17.41552,10.30792
678,44.205101013183594,0.3361000120639801,18.791400909423828,5.326900005340576,1.8472000360488892,2.1303999423980713,14.212300300598145,0.9702000021934509,10000,10009,20000,10006,20000,20000,10000,0.3418999910354614,0.0012000000569969416,5.03439998626709,10000,2.102799999999815,1.3042,1,0.1283,0.0466,376832,15,15,1.4747,7712,0,0,19.257400512695312,14.240400314331055,3.1686999797821045,1.5902999639511108,0.0017000000225380063,0.19339999556541443,0,0,0,0,0,0,0,0,0,0,0,0,0,16.70396,9.28644
679,47.29679870605469,2.2414000034332275,18.605199813842773,5.417699813842773,1.6303999423980713,2.335200071334839,14.299699783325195,1.0049999952316284,10000,10009,20000,10006,20000,20000,10000,0.3544999957084656,0.0010000000474974513,4.821400165557861,10000,2.229299999999906,1.3833,1,0.1996,0.047,376832,15,15,1.8267,15952,0,0,20.964599609375,14.328200340270996,3.7228000164031982,1.5946999788284302,0.0015999999595806003,0.1784999966621399,0,0,0,0,0,0,0,0,0,0,0,0,0,18.53056,10.72324
680,74.30470275878906,33.95240020751953,25.86829948425293,6.225599765777588,5.456200122833252,5.466300010681152,7.62529993057251,0.9526000022888184,10000,10009,20000,10006,20000,20000,10000,0.3400999903678894,0.0010000000474974513,4.222499847412109,10000,0.7879999999999295,0.5539,1,0.056299999999999996,0.020499999999999997,376832,15,15,0.665,533992,0,0,59.9468994140625,7.994800090789795,1.2538000345230103,2.595599889755249,0.3458000123500824,0.11819999665021896,0.0024,13.641500473022461,0.1253,7.382,13.6246,5.7109,0.5198,1,883032,89989,9996,18784,5958,18.39676,10.2372
681,21.31909942626953,0.1331000030040741,9.717599868774414,2.098299980163574,1.2391999959945679,1.1160999536514282,5.972700119018555,0.4212999939918518,10000,10009,20000,10006,20000,20000,10000,0.21299999952316284,0.000699999975040555,2.748699903488159,10000,0.9672999999999102,0.6575,1,0.0885,0.0366,376832,15,15,0.7889,7712,0,0,9.91919994354248,5.9934000968933105,1.4035999774932861,0.8758999705314636,0.0012000000569969416,0.13359999656677246,0,0,0,0,0,0,0,0,0,0,0,0,0,18.67336,10.9784
682,40.268001556396484,5.2804999351501465,11.47070026397705,2.956899881362915,0.9257000088691711,2.3940000534057617,10.037500381469727,0.5612000226974487,10000,10009,20000,10006,20000,20000,10000,0.23669999837875366,0.0006000000284984708,2.380199909210205,10000,1.9487999999998193,1.3528,1,0.12769999999999998,0.0427,376832,15,15,1.4126,541424,0,0,16.831600189208984,10.408699989318848,3.1953999996185303,4.252399921417236,0.353300005197525,0.1914999932050705,0,0,0,0,0,0,0,0,0,0,0,0,0,18.74056,11.10736
683,44.39509963989258,0.31139999628067017,19.0393009185791,5.41949987411499,2.0218000411987305,2.1877999305725098,14.259200096130371,0.9578999876976013,10000,10009,20000,10006,20000,20000,10000,0.34150001406669617,0.0010999999940395355,5.097899913787842,10000,2.1085999999998166,1.3124,1,0.13,0.0499,376832,15,15,1.3707,7712,0,0,19.469100952148438,14.289799690246582,3.140899896621704,1.6368999481201172,0.0015999999595806003,0.19760000705718994,0,0,0,0,0,0,0,0,0,0,0,0,0,18.68184,11.08992
684,45.53200149536133,2.170799970626831,18.190200805664062,5.248499870300293,1.5865000486373901,2.267400026321411,14.100600242614746,0.9506999850273132,10000,10009,20000,10006,20000,20000,10000,0.38429999351501465,0.0008999999845400453,4.755300045013428,10000,2.096599999999812,1.4153,1,0.1288,0.0395,376832,15,15,1.6147,15952,0,0,20.47570037841797,14.128499984741211,3.2583000659942627,1.580899953842163,0.0017000000225380063,0.18649999797344208,0,0,0,0,0,0,0,0,0,0,0,0,0,18.99916,11.11956
685,64.91329956054688,12.877699851989746,23.986299514770508,5.741799831390381,5.313700199127197,4.4182000160217285,14.436699867248535,0.9513999819755554,10000,10009,20000,10006,20000,20000,10000,0.34459999203681946,0.0010000000474974513,4.126999855041504,10000,2.0573999999998116,1.3171,1,0.1269,0.0361,376832,15,15,1.4763,497352,0,0,36.97700119018555,15.004199981689453,3.1480000019073486,3.862299919128418,0.5396999716758728,0.19990000128746033,0.0023,0,0.125,6.8867,7.4047,0.0001,0.4908,1,874354,0,0,0,5181,18.59972,11.04768
686,43.840599060058594,0.3190000057220459,18.7106990814209,5.302599906921387,1.944200038909912,2.1768999099731445,13.960399627685547,1.0532000064849854,10000,10009,20000,10006,20000,20000,10000,0.3452000021934509,0.0007999999797903001,4.9141998291015625,10000,2.070899999999812,1.3869,1,0.12780000000000002,0.0465,376832,15,15,1.3878,7712,0,0,19.14310073852539,13.982999801635742,3.3208000659942627,1.618899941444397,0.00139999995008111,0.19269999861717224,0,0,0,0,0,0,0,0,0,0,0,0,0,18.66856,11.0518
687,46.46160125732422,2.2616000175476074,18.783700942993164,5.333099842071533,1.559000015258789,2.782599925994873,14.207099914550781,0.9592000246047974,10000,10009,20000,10006,20000,20000,10000,0.32120001316070557,0.0010000000474974513,4.826499938964844,10000,2.080399999999812,1.336,1,0.12789999999999999,0.0408,376832,15,15,1.4958,15952,0,0,21.156700134277344,14.235799789428711,3.517699956893921,1.5918999910354614,0.0017000000225380063,0.21570000052452087,0,0,0,0,0,0,0,0,0,0,0,0,0,18.9278,11.0898
688,77.0167007446289,21.1299991607666,26.437299728393555,5.830900192260742,5.425000190734863,5.533999919891357,14.690999984741211,0.9713000059127808,10000,10009,20000,10006,20000,20000,10000,0.3594000041484833,0.0010999999940395355,4.515600204467773,10000,2.0807999999998112,1.7289,1,0.13030000000000003,0.0475,376832,15,15,1.6449,518008,0,0,47.689701080322266,15.301799774169922,3.6867001056671143,4.1778998374938965,0.5777999758720398,0.20280000567436218,0.0025,0,0.1256,8.433,14.1321,5.1969,0.4372,1,890018,95243,9995,19694,5970,17.66864,9.66268
689,43.03179931640625,0.3303999900817871,20.604400634765625,6.197299957275391,2.31820011138916,2.2825000286102295,14.609199523925781,1.1031999588012695,10000,10009,20000,10006,20000,20000,10000,0.36419999599456787,0.0008999999845400453,5.14109992980957,10000,1.5144999999998636,0.8509,1,0.0936,0.0339,376832,15,15,0.9912,7712,0,0,21.050899505615234,14.640899658203125,1.8264000415802002,1.091599941253662,0.001500000013038516,0.11800000071525574,0,0,0,0,0,0,0,0,0,0,0,0,0,18.15168,9.50048
690,59.0906982421875,18.0802001953125,16.58009910583496,3.656899929046631,3.684000015258789,3.6068999767303467,11.314599990844727,0.6646000146865845,10000,10009,20000,10006,20000,20000,10000,0.2515999972820282,0.0007999999797903001,2.3998000621795654,10000,1.9107999999998224,1.3039,1,0.1231,0.038400000000000004,376832,15,15,1.3525,531640,0,0,34.74409866333008,11.871100425720215,3.1026999950408936,3.8891000747680664,0.5342000126838684,0.1915999948978424,0.0016,5.566699981689453,0.0843,3.8703,6.5492,2.4126,0.4024,1,875802,87370,9995,17789,5725,18.90868,11.09112
691,43.06290054321289,0.3158000111579895,18.82229995727539,5.3744001388549805,1.7422000169754028,2.0978000164031982,14.234700202941895,0.9465000033378601,10000,10009,20000,10006,20000,20000,10000,0.5385000109672546,0.0010000000474974513,5.107500076293945,10000,2.1615999999998574,0.8992,1,0.1722,0.0532,376832,15,15,1.3805,7712,0,0,19.25279998779297,14.262100219726562,2.337100028991699,1.1358000040054321,0.001500000013038516,0.13359999656677246,0,0,0,0,0,0,0,0,0,0,0,0,0,17.83176,10.7346
692,41.01679992675781,4.4832000732421875,14.125699996948242,3.7802000045776367,1.874899983406067,2.1905999183654785,10.54889965057373,0.6309000253677368,10000,10009,20000,10006,20000,20000,10000,0.22579999268054962,0.0010000000474974513,3.1029999256134033,10000,1.733999999999839,1.1963,1,0.10400000000000001,0.0786,376832,15,15,1.1327,564832,0,0,18.71540069580078,10.940899848937988,2.699199914932251,3.786400079727173,0.36970001459121704,0.19249999523162842,0,0,0,0,0,0,0,0,0,0,0,0,0,18.76252,11.0622
693,47.647300720214844,2.501300096511841,19.24169921875,5.32919979095459,1.8118000030517578,3.2618000507354736,15.05519962310791,0.9363999962806702,10000,10009,20000,10006,20000,20000,10000,0.3398999869823456,0.0013000000035390258,4.672399997711182,10000,2.0628999999998103,1.3906,1,0.1271,0.0499,376832,15,15,1.3619,13288,0,0,21.871599197387695,15.085000038146973,3.333699941635132,1.580199956893921,0.0017000000225380063,0.17960000038146973,0,0,0,0,0,0,0,0,0,0,0,0,0,18.95036,11.10632
694,45.71770095825195,0.32749998569488525,19.75279998779297,5.831600189208984,1.9479000568389893,2.1180999279022217,15.962800025939941,1.0433000326156616,10000,10009,20000,10006,20000,20000,10000,0.362199991941452,0.0010000000474974513,5.132199764251709,10000,2.0730999999998345,0.8635,1,0.11429999999999998,0.0524,376832,15,15,1.2223,7712,0,0,20.206199645996094,15.996700286865234,2.1630001068115234,1.0084999799728394,0.002099999925121665,0.7631000280380249,0,0,0,0,0,0,0,0,0,0,0,0,0,18.22424,9.8346
695,34.34870147705078,4.47599983215332,12.972599983215332,3.224299907684326,1.902999997138977,1.7524000406265259,7.510499954223633,0.5837000012397766,10000,10009,20000,10006,20000,20000,10000,0.24609999358654022,0.000699999975040555,3.0629000663757324,10000,1.2252999999998875,0.8097,1,0.0867,0.0334,376832,15,15,0.9413,564536,0,0,17.539899826049805,7.894700050354004,1.9213000535964966,3.077199935913086,0.36320000886917114,0.33239999413490295,0,0,0,0,0,0,0,0,0,0,0,0,0,18.95352,11.37472
696,52.71670150756836,7.083199977874756,20.213499069213867,4.4959001541137695,4.098100185394287,4.555300235748291,14.214099884033203,0.9200000166893005,10000,10009,20000,10006,20000,20000,10000,0.3650999963283539,0.0010999999940395355,3.2695000171661377,10000,2.0802999999998115,1.3086,1,0.1281,0.0524,376832,15,15,1.3997,8048,0,0,27.40679931640625,14.45199966430664,3.112600088119507,1.9035999774932861,0.21220000088214874,0.18250000476837158,0.0019,0,0.0846,4.9505,5.2845,0.0001,0.3528,1,870230,0,0,0,4947,18.6312,11.01984
697,44.24509811401367,0.3084000051021576,19.070100784301758,5.334499835968018,2.1675000190734863,2.23799991607666,13.991399765014648,0.9491000175476074,10000,10009,20000,10006,20000,20000,10000,0.32690000534057617,0.0007999999797903001,5.0015997886657715,10000,2.0686999999998115,1.3081,1,0.128,0.0432,376832,15,15,1.5178,7712,0,0,19.49530029296875,14.02340030670166,3.1486001014709473,1.62909996509552,0.0017000000225380063,0.1898999959230423,0,0,0,0,0,0,0,0,0,0,0,0,0,18.4556,10.90396
698,45.392799377441406,2.2153000831604004,18.55500030517578,5.321400165557861,1.7532999515533447,2.163800001144409,13.920100212097168,0.9460999965667725,10000,10009,20000,10006,20000,20000,10000,0.3605000078678131,0.0010000000474974513,5.055699825286865,10000,2.0664999999998117,1.3209,1,0.12819999999999998,0.0445,376832,15,15,1.3819,15952,0,0,20.895200729370117,13.945199966430664,3.1275999546051025,1.5994000434875488,0.0015999999595806003,0.19130000472068787,0,0,0,0,0,0,0,0,0,0,0,0,0,18.5802,10.84756
699,85.80339813232422,31.682899475097656,25.88450050354004,6.331399917602539,5.783100128173828,5.1905999183654785,14.43970012664795,1.0951999425888062,10000,10009,20000,10006,20000,20000,10000,0.3142000138759613,0.0010999999940395355,3.934499979019165,10000,2.070999999999811,1.3211,1,0.1268,0.0451,376832,15,15,1.3746,502944,0,0,57.6775016784668,15.06659984588623,3.129300117492676,4.127799987792969,0.5967000126838684,0.19900000095367432,0.0025,12.569999694824219,0.1251,7.5614,13.0107,4.9592,0.4695,1,886904,92817,9994,19205,5758,17.69832,9.92428
700,43.729400634765625,0.40380001068115234,18.505699157714844,5.416900157928467,1.5649000406265259,2.1308999061584473,14.18179988861084,0.9765999913215637,10000,10009,20000,10006,20000,20000,10000,0.35120001435279846,0.0013000000035390258,4.915599822998047,10000,2.073899999999813,1.3159,1,0.14300000000000002,0.0432,376832,15,15,1.3923,7712,0,0,19.051000595092773,14.208399772644043,3.1338999271392822,1.5135999917984009,0.0015999999595806003,0.1770000010728836,0,0,0,0,0,0,0,0,0,0,0,0,0,17.19348,9.07308
701,53.962398529052734,5.134699821472168,15.724100112915039,4.3383002281188965,1.3371000289916992,2.6540000438690186,13.723099708557129,0.8726999759674072,10000,10009,20000,10006,20000,20000,10000,0.2922999858856201,0.0012000000569969416,3.6526999473571777,10000,1.7968999999998345,1.1021,1,0.1504,0.04769999999999999,376832,15,15,1.4214,514320,0,0,20.96339988708496,14.089400291442871,2.638400077819824,3.7581000328063965,0.33629998564720154,7.228700160980225,0,0,0,0,0,0,0,0,0,0,0,0,0,18.90624,10.93264
702,62.185699462890625,29.332199096679688,21.257600784301758,4.968299865722656,5.270599842071533,3.2560999393463135,6.441999912261963,0.6384000182151794,10000,10009,20000,10006,20000,20000,10000,0.25619998574256897,0.0006000000284984708,4.265699863433838,10000,0.7970999999999285,0.5197,1,0.057499999999999996,0.034,376832,15,15,0.7314,14336,0,0,50.7150993347168,6.571899890899658,1.222499966621399,1.041200041770935,0.1039000004529953,0.10100000351667404,0.0023,12.009900093078613,0.1272,8.6655,14.074,4.8978,0.5398,1,870070,86521,9994,17376,5490,19.569,10.50776
703,22.323999404907227,0.14090000092983246,10.541399955749512,2.0288000106811523,1.837399959564209,1.1792999505996704,6.549300193786621,0.41100001335144043,10000,10009,20000,10006,20000,20000,10000,0.1941000074148178,0.000699999975040555,2.812999963760376,10000,0.7831999999999301,0.6726,1,0.0587,0.028499999999999998,376832,15,15,0.7527,7712,0,0,10.76200008392334,6.575399875640869,1.4296000003814697,0.9628999829292297,0.0017000000225380063,0.12120000272989273,0,0,0,0,0,0,0,0,0,0,0,0,0,19.11204,11.3196
704,28.901500701904297,2.134500026702881,11.00570011138916,2.784600019454956,1.0822999477386475,1.2800999879837036,8.28969955444336,0.506600022315979,10000,10009,20000,10006,20000,20000,10000,0.17829999327659607,0.0008999999845400453,3.085400104522705,10000,1.3066999999998807,0.9045,1,0.176,0.0367,376832,15,15,0.9689,15952,0,0,13.226799964904785,8.31309986114502,2.1528000831604004,1.2232999801635742,0.0012000000569969416,0.1664000004529953,0,0,0,0,0,0,0,0,0,0,0,0,0,18.89456,11.10028
705,51.85200119018555,5.370999813079834,17.871999740600586,5.485199928283691,1.4637000560760498,2.863100051879883,14.008700370788574,0.963699996471405,10000,10009,20000,10006,20000,20000,10000,0.3700000047683716,0.0010999999940395355,3.801500082015991,10000,2.10169999999981,1.3291,1,0.13369999999999999,0.0495,376832,15,15,1.5636,612864,0,0,23.34309959411621,14.447699546813965,3.184000015258789,4.803699970245361,0.4124999940395355,0.1987999975681305,0,0,0,0,0,0,0,0,0,0,0,0,0,18.92088,11.12824
706,44.689300537109375,0.3312999904155731,19.044599533081055,5.332499980926514,1.8940000534057617,2.1273000240325928,14.609399795532227,0.9496999979019165,10000,10009,20000,10006,20000,20000,10000,0.35760000348091125,0.0010000000474974513,5.3871002197265625,10000,2.068099999999813,1.3004,1,0.1283,0.0494,376832,15,15,1.3916,7712,0,0,19.504499435424805,14.638899803161621,3.1191999912261963,1.587499976158142,0.0015999999595806003,0.19449999928474426,0,0,0,0,0,0,0,0,0,0,0,0,0,18.86612,11.05124
707,53.63199996948242,5.886899948120117,19.171199798583984,5.638700008392334,1.5967999696731567,2.7455999851226807,14.393699645996094,0.9567000269889832,10000,10009,20000,10006,20000,20000,10000,0.4327000081539154,0.0007999999797903001,4.531300067901611,10000,2.0682999999998133,1.3283,1,0.12819999999999998,0.0455,376832,15,15,1.3979,540632,0,0,25.173500061035156,14.80109977722168,3.1356000900268555,4.392199993133545,0.37869998812675476,0.4927999973297119,0,0,0,0,0,0,0,0,0,0,0,0,0,18.83712,11.12036
708,59.66130065917969,10.61240005493164,23.401100158691406,5.714099884033203,5.182799816131592,4.11299991607666,14.326399803161621,1.0046000480651855,10000,10009,20000,10006,20000,20000,10000,0.38359999656677246,0.0010999999940395355,4.076099872589111,10000,2.0616999999998122,1.2961,1,0.1286,0.0437,376832,15,15,1.4242,8048,0,0,34.136199951171875,14.567099571228027,3.134000062942505,1.9585000276565552,0.2117999941110611,0.19920000433921814,0.0026,0,0.1271,7.5023,8.009,0.0001,0.4887,1,862724,0,0,0,4725,18.52608,10.87232
709,43.318199157714844,0.367900013923645,18.2367000579834,5.297500133514404,1.547700047492981,2.149199962615967,13.973199844360352,0.992900013923645,10000,10009,20000,10006,20000,20000,10000,0.35910001397132874,0.0007999999797903001,4.875400066375732,10000,2.0620999999998126,1.2974,1,0.1273,0.0443,376832,15,15,1.3773,7712,0,0,18.724199295043945,13.997599601745605,3.204699993133545,1.5920000076293945,0.00139999995008111,0.19499999284744263,0,0,0,0,0,0,0,0,0,0,0,0,0,18.53532,10.9206
710,52.239601135253906,5.658899784088135,18.68600082397461,5.563499927520752,1.5782999992370605,2.700500011444092,14.06190013885498,0.9480999708175659,10000,10009,20000,10006,20000,20000,10000,0.36239999532699585,0.0007999999797903001,4.342400074005127,10000,2.1014999999998065,1.3106,1,0.1285,0.042800000000000005,376832,15,15,1.3935,556784,0,0,24.45330047607422,14.510899543762207,3.136699914932251,4.253799915313721,0.42160001397132874,0.19470000267028809,0,0,0,0,0,0,0,0,0,0,0,0,0,18.628,10.87304
711,66.79389953613281,17.24570083618164,24.09600067138672,5.786300182342529,5.376500129699707,4.324399948120117,14.393899917602539,0.9553999900817871,10000,10009,20000,10006,20000,20000,10000,0.3343999981880188,0.0008999999845400453,4.228000164031982,10000,2.085499999999809,1.3758,1,0.1319,0.0436,376832,15,15,1.4002,11536,0,0,41.47679901123047,14.667099952697754,3.2058000564575195,1.5647000074386597,0.24120000004768372,0.16169999539852142,0.0032,0,0.1758,8.5773,14.1575,5.0365,0.4817,1,875512,89818,9994,18327,5531,17.0716,9.0614
712,37.76390075683594,0.2395000010728836,14.178400039672852,4.057400226593018,1.149899959564209,2.0457000732421875,13.61050033569336,0.7716000080108643,10000,10009,20000,10006,20000,20000,10000,0.27250000834465027,0.000699999975040555,3.4549999237060547,10000,2.077199999999812,1.0085,1,0.1292,0.0509,376832,15,15,1.4298,7712,0,0,14.523200035095215,13.639300346374512,2.539099931716919,1.1974999904632568,0.0017999999690800905,0.15039999783039093,0,0,0,0,0,0,0,0,0,0,0,0,0,17.56032,10.05324
713,47.22269821166992,4.154600143432617,13.834699630737305,3.9649999141693115,1.226199984550476,2.2860000133514404,15.63700008392334,0.704200029373169,10000,10009,20000,10006,20000,20000,10000,0.2786000072956085,0.0010999999940395355,2.8817999362945557,10000,2.063099999999811,1.3713,1,0.1281,0.035,376832,15,15,1.3681,563984,0,0,18.082700729370117,16.05620002746582,3.2293999195098877,4.091300010681152,0.3937999904155731,0.1981000006198883,0,0,0,0,0,0,0,0,0,0,0,0,0,18.71772,11.01644
714,70.06659698486328,29.476499557495117,23.42460060119629,5.306300163269043,5.054100036621094,4.14739990234375,11.286399841308594,1.0332000255584717,10000,10009,20000,10006,20000,20000,10000,0.6338000297546387,0.0010999999940395355,4.28000020980835,10000,0.939099999999913,0.625,1,0.06230000000000001,0.0295,376832,15,15,0.9237,14216,0,0,53.016300201416016,11.459400177001953,1.4550000429153442,1.0499000549316406,0.148499995470047,0.11990000307559967,0.0025,12.711999893188477,0.1294,8.4333,13.7465,4.8211,0.4865,1,864882,85526,9994,17646,5265,17.98208,9.69048
715,20.503599166870117,0.14579999446868896,9.106200218200684,1.969599962234497,0.7982000112533569,1.3700000047683716,6.001800060272217,0.4117000102996826,10000,10009,20000,10006,20000,20000,10000,0.2354000061750412,0.0007999999797903001,2.571000099182129,10000,0.8906999999999181,0.6465,1,0.0651,0.0256,376832,15,15,0.7147,7712,0,0,9.328900337219238,6.023399829864502,1.4925999641418457,0.9488999843597412,0.0013000000035390258,0.1071000024676323,0,0,0,0,0,0,0,0,0,0,0,0,0,18.88104,10.19596
716,45.05619812011719,5.658199787139893,13.357000350952148,3.5666000843048096,1.1162999868392944,2.2839999198913574,12.460399627685547,0.6606000065803528,10000,10009,20000,10006,20000,20000,10000,0.2824999988079071,0.0007999999797903001,3.1426000595092773,10000,2.050499999999816,1.3698,1,0.1432,0.059300000000000005,376832,15,15,1.4118,526400,0,0,19.100299835205078,12.835100173950195,3.2276999950408936,3.897200107574463,0.35179999470710754,0.1898999959230423,0,0,0,0,0,0,0,0,0,0,0,0,0,19.09696,11.20156
717,43.33420181274414,0.3165000081062317,18.072500228881836,5.361100196838379,1.684999942779541,2.161400079727173,13.927499771118164,0.9462000131607056,10000,10009,20000,10006,20000,20000,10000,0.3393999934196472,0.0010000000474974513,4.6194000244140625,10000,2.055899999999813,1.4392,1,0.1578,0.0526,376832,15,15,1.4827,7712,0,0,18.502399444580078,13.953399658203125,3.2827999591827393,1.6151000261306763,0.0015999999595806003,0.18000000715255737,0,0,0,0,0,0,0,0,0,0,0,0,0,19.14588,11.21268
718,45.706600189208984,2.4760000705718994,18.30389976501465,5.324100017547607,1.5982999801635742,2.2009999752044678,14.088000297546387,0.9362999796867371,10000,10009,20000,10006,20000,20000,10000,0.4205000102519989,0.0008999999845400453,4.887700080871582,10000,2.0636999999998116,1.3101,1,0.12890000000000001,0.037099999999999994,376832,15,15,1.3883,15952,0,0,20.89579963684082,14.138899803161621,3.160900115966797,1.5856000185012817,0.0017000000225380063,0.28780001401901245,0,0,0,0,0,0,0,0,0,0,0,0,0,19.0448,11.2296
719,66.14849853515625,14.176799774169922,23.781700134277344,5.648499965667725,4.8618998527526855,4.9257001876831055,14.091899871826172,0.9606999754905701,10000,10009,20000,10006,20000,20000,10000,0.44020000100135803,0.0008999999845400453,3.7690999507904053,10000,2.059599999999812,1.4468,1,0.1351,0.045399999999999996,376832,15,15,1.4425,530640,0,0,38.072200775146484,14.655699729919434,3.2829999923706055,4.264800071716309,0.5376999974250793,0.18529999256134033,0.0023,0,0.1264,7.9685,8.4684,0.0001,0.3727,1,860110,0,0,0,4516,18.34908,10.50212
720,44.754798889160156,0.32179999351501465,19.498699188232422,5.436500072479248,2.281599998474121,2.2279999256134033,14.04419994354248,0.9541000127792358,10000,10009,20000,10006,20000,20000,10000,0.3666999936103821,0.0008999999845400453,5.122600078582764,10000,2.0636999999998134,1.3488,1,0.129,0.0498,376832,15,15,1.5051,7712,0,0,19.933900833129883,14.071499824523926,3.200900077819824,1.624400019645691,0.0015999999595806003,0.1914999932050705,0,0,0,0,0,0,0,0,0,0,0,0,0,18.8334,11.09364
