frame,frame_ms,simulation,presentation,behavior,transform_sync,emit,hud,animator,animator_updates,height_samples,terrain_rays,visible,hud_raw,hud_projected,behavior_ticks,minimap_collect,minimap_project,culling,gpu_instances,gpu_build,gpu_draw_cpu,poses,pose_build,upload_ms,upload_bytes,main_draws,shadow_draws,shadow_submit,alloc,gen0,gen1,tick,post,mode3d,overlay,overlay_build,end_draw,nav_target,nav_flow,nav_prep,nav_steering,nav_step,nav_hard,nav_sync,nav_steps,neighbor_candidates,hard_pairs,hard_candidates,hard_penetrating,moved_agents,gpu_main_ms,gpu_shadow_ms
1,795.109619140625,0.3440000116825104,127.90809631347656,9.14210033416748,1.7431000471115112,3.2762999534606934,0.7565000057220459,0.009499999694526196,0,5,0,0,0,0,0,8.675200462341309,9.912799835205078,6.985899925231934,0,0,0,0,0,0,0,0,0,0,164470192,6,6,429.1889953613281,7.581600189208984,17.284099578857422,59.04610061645508,3.7274999618530273,0.6328999996185303,0,0,0,0,0,0,0,0,0,0,0,0,0,NaN,NaN
2,11.308099746704102,0.011099999770522118,4.783699989318848,0.014700000174343586,0.027799999341368675,0.011099999770522118,0.018200000748038292,0.0012000000569969416,0,5,0,0,0,0,0,0.186599999666214,0.06830000132322311,3.5892999172210693,0,0,0,0,0,0,0,0,0,0,12400,0,0,8.109800338745117,1.7418999671936035,0.08089999854564667,0.8428000211715698,1.6859999895095825,0.09200000017881393,0,0,0,0,0,0,0,0,0,0,0,0,0,NaN,NaN
3,137.5113067626953,114.002197265625,6.228300094604492,0.023499999195337296,0.0272000003606081,2.323499917984009,0.009700000286102295,0.004900000058114529,0,5,0,5,0,0,0,0.14970000088214874,0.06080000102519989,2.966099977493286,0,0,0,0,0,0,0,0,0,0,3577160,0,0,120.3729019165039,0.052000001072883606,13.737500190734863,0.4368000030517578,0.015799999237060547,0.1298999935388565,0,0,0,0,0,0,0,0,0,0,0,0,0,NaN,NaN
4,4.18120002746582,2.4774999618530273,0.766700029373169,0.009600000455975533,0.01759999990463257,0.006399999838322401,0.012799999676644802,0.0010999999940395355,0,5,0,5,0,0,0,0.12809999287128448,0.047600001096725464,0.3319000005722046,0,0,0,0,0,0,0,0,0,0,8480,0,0,3.4045000076293945,0.050700001418590546,0.14499999582767487,0.3314000070095062,0.014999999664723873,0.07329999655485153,0,0,0,0,0,0,0,0,0,0,0,0,0,NaN,NaN
5,8.451800346374512,7.036300182342529,0.5343000292778015,0.008500000461935997,0.017899999395012856,0.007300000172108412,0.008799999952316284,0.0008999999845400453,0,5,0,5,0,0,0,0.13339999318122864,0.05339999869465828,0.10220000147819519,0,0,0,0,0,0,0,0,0,0,8280,0,0,7.6915998458862305,0.0471000000834465,0.1120000034570694,0.3463999927043915,0.015300000086426735,0.09139999747276306,0,0,0,0,0,0,0,0,0,0,0,0,0,NaN,NaN
6,3133.023681640625,2244.50537109375,886.5626831054688,653.7050170898438,19.809099197387695,42.68619918823242,0.016200000420212746,8.83650016784668,10000,10009,0,5,0,0,0,2.04259991645813,5.304699897766113,15.562600135803223,0,0,0,0,0,0,0,0,0,0,2545194104,87,20,3131.199462890625,0.23149999976158142,0.1581999957561493,1.0398000478744507,0.17020000517368317,0.1404999941587448,0,0,0,0,0,0,0,0,0,0,0,0,0,NaN,NaN
7,295.84051513671875,137.94009399414062,119.94190216064453,33.573299407958984,1.433500051498413,27.403200149536133,0.013100000098347664,1.5401999950408936,10000,10009,0,10006,0,0,10000,1.7163000106811523,5.023600101470947,41.438201904296875,0,0,0,0,0,0,0,0,0,0,280415048,14,2,258.12060546875,0.0786999985575676,27.313499450683594,0.46399998664855957,0.026499999687075615,0.13570000231266022,0,0,0,0,0,0,0,0,0,0,0,0,0,NaN,NaN
8,93.73090362548828,12.264300346374512,77.96849822998047,43.20130157470703,1.6045000553131104,5.469099998474121,0.01720000058412552,1.562399983406067,10000,10009,0,10006,0,0,10000,1.879699945449829,5.650199890136719,9.955300331115723,0,0,0,0,0,0,0,0,0,0,348544,0,0,90.50469970703125,0.07829999923706055,1.1332999467849731,0.45649999380111694,0.020800000056624413,0.13249999284744263,0,0,0,0,0,0,0,0,0,0,0,0,0,NaN,NaN
9,113.36260223388672,24.715200424194336,64.8104019165039,34.59629821777344,1.3672000169754028,4.789899826049805,0.012900000438094139,1.482200026512146,10000,10009,0,10006,0,0,10000,1.7879999876022339,5.111999988555908,8.313899993896484,10000,4.979500000000501,1.71,1,2.8481,0.26539999999999997,376832,15,15,1.8669,8102248,0,0,89.7073974609375,0.07259999960660934,8.799099922180176,0.46639999747276306,0.01940000057220459,0.14309999346733093,0,0,0,0,0,0,0,0,0,0,0,0,0,58.1472,37.68856
10,152.6772003173828,28.963899612426758,113.78040313720703,69.13719940185547,2.5236001014709473,5.320000171661377,0.016499999910593033,2.0717999935150146,10000,10009,0,10006,0,0,10000,1.8629000186920166,7.176599979400635,15.279399871826172,10000,3.000900000000103,0.8265,1,0.10039999999999999,0.0332,376832,15,15,0.9036,176096,0,0,142.95230102539062,0.08510000258684158,2.972599983215332,0.5526999831199646,0.019300000742077827,0.19329999387264252,0,0,0,0,0,0,0,0,0,0,0,0,0,58.55368,37.20236
11,137.04269409179688,13.51159954071045,114.25779724121094,68.13899993896484,2.49429988861084,5.358799934387207,0.011900000274181366,4.487100124359131,10000,10009,0,10006,0,0,10000,0.9939000010490417,5.035699844360352,14.45580005645752,10000,2.5832000000000663,0.745,1,0.1018,0.0494,376832,15,15,1.0284,8128,0,0,127.966796875,0.07930000126361847,2.7871999740600586,0.4812999963760376,0.027499999850988388,0.15230000019073486,0,0,0,0,0,0,0,0,0,0,0,0,0,58.62732,36.34156
12,149.91079711914062,42.269100189208984,99.07749938964844,58.39469909667969,2.3896000385284424,5.261899948120117,0.013799999840557575,1.697700023651123,10000,10009,0,10006,0,0,10000,0.9789000153541565,5.307600021362305,14.845800399780273,10000,2.556800000000165,0.6983,1,0.09879999999999999,0.030100000000000002,376832,15,15,0.7608,25552968,0,0,141.54989624023438,0.07590000331401825,2.576900005340576,0.44530001282691956,0.019899999722838402,0.14180000126361847,0,0,0,0,0,0,0,0,0,0,0,0,0,58.50236,36.86201
13,144.43429565429688,25.012100219726562,108.98380279541016,68.01499938964844,2.3545000553131104,5.11899995803833,0.021299999207258224,1.6039999723434448,10000,10009,0,10006,0,0,10000,0.8432999849319458,6.041600227355957,14.42490005493164,10000,3.0273000000000523,0.8743,1,0.1212,0.0371,376832,15,15,1.1461,14269824,1,1,134.16799926757812,0.08649999648332596,3.1663999557495117,0.557699978351593,0.020500000566244125,0.17419999837875366,0,0,0,0,0,0,0,0,0,0,0,0,0,58.61408,37.58092
14,170.76060485839844,70.71910095214844,92.49710083007812,38.2244987487793,2.3492000102996826,4.887700080871582,0.012000000104308128,1.7578999996185303,10000,10009,0,10006,0,0,10000,0.8550000190734863,4.771399974822998,14.986499786376953,10000,2.1982000000000705,0.6549,1,0.0904,0.035699999999999996,376832,15,15,0.6564,12114352,0,0,163.49769592285156,0.0640999972820282,2.205199956893921,0.42969998717308044,0.01769999973475933,0.1282999962568283,0,0,0,0,0,0,0,0,0,0,0,0,0,58.93288,37.03218
15,212.7958984375,143.60330200195312,61.27289962768555,33.35879898071289,1.340499997138977,3.595400094985962,0.009800000116229057,1.8543000221252441,10000,10009,0,10006,0,0,10000,0.7508000135421753,4.259300231933594,9.129899978637695,10000,2.240800000000096,0.7828,1,0.0907,0.0314,376832,15,15,0.7778,31067064,1,1,205.03919982910156,0.062199998646974564,2.4983999729156494,0.44530001282691956,0.01679999940097332,0.14069999754428864,0,0,0,0,0,0,0,0,0,0,0,0,0,58.22848,39.30807
16,112.9551010131836,4.459400177001953,92.59220123291016,41.08430099487305,1.7575000524520874,10.457900047302246,0.024700000882148743,3.950200080871582,10000,10009,0,10006,0,0,10000,3.267199993133545,10.512200355529785,11.185999870300293,10000,4.599300000001086,1.3546,1,0.1815,0.0443,376832,15,15,1.4035,299592,0,0,97.26270294189453,0.18440000712871552,5.109799861907959,0.6581000089645386,0.07680000364780426,0.21310000121593475,0,0,0,0,0,0,0,0,0,0,0,0,0,58.42716,44.70268
17,100.58529663085938,7.004499912261963,75.00340270996094,27.813800811767578,1.3415000438690186,6.815999984741211,0.0272000003606081,3.759700059890747,10000,10009,0,10006,0,0,10000,2.3754000663757324,10.119799613952637,11.305700302124023,10000,4.5386000000010345,1.812,1,0.22319999999999998,0.07289999999999999,376832,15,15,1.7726,294976,0,0,82.28900146484375,0.16140000522136688,5.5696001052856445,1.0364999771118164,0.0478999987244606,0.32519999146461487,0,0,0,0,0,0,0,0,0,0,0,0,0,58.65424,44.68584
18,97.62310028076172,6.437600135803223,69.12239837646484,20.92140007019043,1.2862000465393066,8.345399856567383,0.023000000044703484,3.7309000492095947,10000,10009,0,10006,0,0,10000,1.8918999433517456,9.599599838256836,11.122699737548828,10000,5.126200000000073,2.2567,1,0.20840000000000003,0.07469999999999999,376832,15,15,2.7842,277952,0,0,76.03620147705078,0.14550000429153442,7.495800018310547,1.1302000284194946,0.04360000044107437,0.3296999931335449,0,0,0,0,0,0,0,0,0,0,0,0,0,58.5782,44.84688
19,100.13980102539062,3.809999942779541,74.9979019165039,20.272899627685547,1.3136999607086182,9.607999801635742,0.04089999943971634,5.119699954986572,10000,10009,0,10006,0,0,10000,2.0741000175476074,9.274100303649902,14.242400169372559,10000,5.248199999999943,2.2553,1,0.2627,0.0625,376832,15,15,2.5852,210464,0,0,79.26409912109375,0.20280000567436218,7.2967000007629395,0.953499972820282,0.07660000026226044,0.2825999855995178,0,0,0,0,0,0,0,0,0,0,0,0,0,58.55856,44.7976
20,86.13259887695312,10.986200332641602,55.1088981628418,5.350900173187256,1.2244999408721924,9.370499610900879,0.03519999980926514,5.764699935913086,10000,10009,0,10006,0,0,10000,1.5703999996185303,8.948599815368652,10.944999694824219,10000,5.245699999999973,2.4544,1,0.1817,0.0474,376832,15,15,1.4644,7776,0,0,66.4552001953125,0.2069000005722046,7.504700183868408,0.9161999821662903,0.05270000174641609,0.22509999573230743,0,0,0,0,0,0,0,0,0,0,0,0,0,58.5494,44.71752
21,86.07749938964844,19.48310089111328,47.005401611328125,5.195899963378906,1.4039000272750854,8.29889965057373,0.01549999974668026,4.855100154876709,10000,10009,0,10006,0,0,10000,0.8496000170707703,8.733400344848633,10.572999954223633,10000,5.109299999999959,2.6638,1,0.18359999999999999,0.06420000000000001,376832,15,15,1.5838,5558016,0,0,66.7739028930664,0.10100000351667404,7.434199810028076,0.9495999813079834,0.03500000014901161,0.304500013589859,0,0,0,0,0,0,0,0,0,0,0,0,0,58.47328,44.75676
22,87.84590148925781,31.702899932861328,38.37120056152344,5.064199924468994,1.1674000024795532,7.776299953460693,0.019700000062584877,4.523799896240234,10000,10009,0,10006,0,0,10000,0.4293000102043152,1.9608999490737915,10.296500205993652,10000,5.125699999999956,1.4024,1,0.18409999999999999,0.057800000000000004,376832,15,15,1.4591,14243168,0,0,70.42539978027344,0.09889999777078629,6.139900207519531,0.7906000018119812,0.019999999552965164,0.3116999864578247,0,0,0,0,0,0,0,0,0,0,0,0,0,58.64492,44.73996
23,83.60050201416016,45.05149841308594,28.064699172973633,5.0725998878479,1.173200011253357,5.899099826812744,0.025699999183416367,4.236999988555908,10000,10009,0,10006,0,0,10000,0.4799000024795532,2.0511999130249023,3.6547999382019043,10000,1.451899999999867,1.388,1,0.17770000000000002,0.048,376832,15,15,1.4014,12070256,0,0,73.38140106201172,0.24169999361038208,3.5517001152038574,0.6769000291824341,0.04580000042915344,0.20559999346733093,0,0,0,0,0,0,0,0,0,0,0,0,0,58.51124,44.79352
24,155.87969970703125,107.98999786376953,35.529598236083984,5.115900039672852,1.4315999746322632,2.147599935531616,0.023600000888109207,1.1608999967575073,10000,10009,0,10006,0,0,10000,0.4271000027656555,2.0053000450134277,18.8164005279541,10000,1.4580999999998663,2.2881,1,0.1968,0.06129999999999999,376832,15,15,2.0725,31059696,1,1,143.72830200195312,0.13660000264644623,4.547299861907959,0.9947999715805054,0.027799999341368675,0.3086000084877014,0,0,0,0,0,0,0,0,0,0,0,0,0,58.52664,45.08224
25,42.34280014038086,8.938300132751465,20.762399673461914,5.121300220489502,1.2258000373840332,2.5220000743865967,0.014999999664723873,1.1318999528884888,10000,10009,0,10006,0,0,10000,0.4652000069618225,2.013000011444092,4.078400135040283,10000,1.424199999999871,1.8429,1,0.17909999999999998,0.0921,376832,15,15,1.4317,12424,0,0,30.09079933166504,0.08240000158548355,4.103400230407715,1.041599988937378,0.018300000578165054,1.670199990272522,0,0,0,0,0,0,0,0,0,0,0,0,0,58.50832,44.72712
26,104.52870178222656,4.060800075531006,19.450599670410156,5.110199928283691,1.2091000080108643,2.4684998989105225,0.021700000390410423,1.0355000495910645,10000,10009,0,10006,0,0,10000,0.3977999985218048,1.9186999797821045,3.5215001106262207,10000,1.6688999999998446,2.2455,1,0.198,0.0822,376832,15,15,2.6591,7712,0,0,23.903600692749023,0.08780000358819962,4.551700115203857,0.9976000189781189,0.018699999898672104,67.69419860839844,0,0,0,0,0,0,0,0,0,0,0,0,0,58.411,44.6522
27,104.26909637451172,14.499500274658203,18.441200256347656,4.920599937438965,1.0426000356674194,2.141700029373169,0.015599999576807022,1.0476000308990479,10000,10009,0,10006,0,0,10000,0.4447999894618988,1.996899962425232,3.600399971008301,10000,1.4554999999998701,1.5147,1,0.1657,0.0461,376832,15,15,1.5011,7712,0,0,33.27090072631836,0.08309999853372574,3.7074999809265137,0.699999988079071,0.01899999938905239,60.99879837036133,0,0,0,0,0,0,0,0,0,0,0,0,0,58.58316,44.69904
28,744.6390991210938,552.4114990234375,56.99909973144531,19.913799285888672,0.5796999931335449,18.678600311279297,27.850500106811523,0.46630001068115234,10000,10009,20000,10006,20000,20000,10000,0.22450000047683716,4.650700092315674,1.8589999675750732,10000,0.564499999999955,0.6648,1,0.078,0.0335,376832,15,15,0.777,817734296,42,4,609.7406005859375,44.74089813232422,1.5753999948501587,85.74620056152344,14.890199661254883,0.3183000087738037,0,0,0,0,0,0,0,0,0,0,0,0,0,58.15868,36.70027
29,65.06900024414062,30.310300827026367,12.961600303649902,2.5113000869750977,0.5993000268936157,1.4177000522613525,14.566900253295898,0.5906000137329102,10000,10009,20000,10006,20000,20000,10000,0.28139999508857727,3.049499988555908,2.2990000247955322,10000,0.7184999999999373,0.7979,1,0.09129999999999999,0.0322,376832,15,15,0.9166,26344,0,0,43.712100982666016,14.619799613952637,1.8746999502182007,1.7028000354766846,0.014999999664723873,0.131400004029274,0,0,0,0,0,0,0,0,0,0,0,0,0,58.13852,38.01256
30,56.89550018310547,0.37380000948905945,16.923200607299805,3.541300058364868,0.6837999820709229,1.870300054550171,27.30470085144043,0.8007000088691711,10000,10009,20000,10006,20000,20000,10000,0.36239999532699585,5.189700126647949,2.1178998947143555,10000,1.42519999999987,1.5215,1,0.1653,0.0464,376832,15,15,1.9008,7712,0,0,17.441099166870117,27.371999740600586,3.658900022506714,2.5283000469207764,0.022099999710917473,0.2062000036239624,0,0,0,0,0,0,0,0,0,0,0,0,0,58.72516,44.69044
31,67.72010040283203,5.464399814605713,22.966800689697266,4.892099857330322,1.093000054359436,2.5445001125335693,27.68600082397461,1.0254000425338745,10000,10009,20000,10006,20000,20000,10000,0.400299996137619,6.156400203704834,3.5648000240325928,10000,1.4199999999998703,1.3768,1,0.1648,0.054599999999999996,376832,15,15,1.4538,1100776,0,0,28.614299774169922,27.76919937133789,3.4804999828338623,2.4235000610351562,0.022299999371170998,0.2062000036239624,0,0,0,0,0,0,0,0,0,0,0,0,0,58.7064,44.50416
32,87.41680145263672,9.678799629211426,26.085399627685547,5.683300018310547,1.1008000373840332,4.890600204467773,27.78700065612793,1.0260000228881836,10000,10009,20000,10006,20000,20000,10000,0.39730000495910645,5.917699813842773,3.532900094985962,10000,1.405799999999871,2.3694,1,0.1644,0.0553,376832,15,15,1.5049,666792,0,0,35.962398529052734,29.80590057373047,4.584700107574463,11.564800262451172,1.9593000411987305,0.2199999988079071,0,0,0,0,0,0,0,0,0,0,0,0,0,58.41056,44.68204
33,99.50559997558594,4.142499923706055,22.522300720214844,4.958399772644043,1.1087000370025635,2.3808000087738037,27.364999771118164,1.0331000089645386,10000,10009,20000,10006,20000,20000,10000,0.400299996137619,5.926499843597412,3.484299898147583,10000,1.41339999999987,1.7378,1,0.19989999999999997,0.0795,376832,15,15,2.5508,8048,0,0,26.901100158691406,27.448200225830078,3.925299882888794,3.1064000129699707,0.024000000208616257,31.681299209594727,0,0,0,0,0,0,0,0,0,0,0,0,0,58.55972,44.71648
34,105.3582992553711,0.6741999983787537,22.784700393676758,4.917099952697754,1.1116000413894653,2.4312000274658203,27.321800231933594,1.0245000123977661,10000,10009,20000,10006,20000,20000,10000,0.4153999984264374,5.834400177001953,3.7616000175476074,10000,1.4201999999998702,1.6753,1,0.1765,0.0528,376832,15,15,1.4845,7712,0,0,23.663400650024414,27.398300170898438,3.7867000102996826,3.084399938583374,0.025200000032782555,42.1171989440918,0,0,0,0,0,0,0,0,0,0,0,0,0,58.28824,44.49592
35,105.06839752197266,2.908099889755249,24.46820068359375,5.103400230407715,1.2081999778747559,2.6921000480651855,27.14240074157715,1.0398000478744507,10000,10009,20000,10006,20000,20000,10000,0.3952000141143799,6.341400146484375,3.782599925994873,10000,1.443799999999869,2.2638,1,4.3582,0.08990000000000001,376832,15,15,2.0708,16072,0,0,27.574100494384766,27.430099487304688,4.708399772644043,3.293800115585327,0.05820000171661377,31.522199630737305,0,0,0,0,0,0,0,0,0,0,0,0,0,58.65376,44.60912
36,104.52420043945312,5.083799839019775,24.314599990844727,5.626399993896484,1.1517000198364258,3.34689998626709,26.44099998474121,1.0322999954223633,10000,10009,20000,10006,20000,20000,10000,0.37290000915527344,5.917699813842773,3.4014999866485596,10000,1.41519999999987,1.7411,1,0.17679999999999996,0.0805,376832,15,15,2.3858,554240,0,0,29.63759994506836,27.180999755859375,3.9911000728607178,11.100500106811523,0.6980000138282776,26.25189971923828,0,0,0,0,0,0,0,0,0,0,0,0,0,58.62772,44.66828
37,105.122802734375,3.949399948120117,22.456199645996094,5.00570011138916,1.1390999555587769,2.3922998905181885,26.373699188232422,1.0614999532699585,10000,10009,20000,10006,20000,20000,10000,0.43720000982284546,5.8155999183654785,3.4779000282287598,10000,1.42259999999987,2.3415,1,0.1828,0.07830000000000001,376832,15,15,1.6409,8048,0,0,26.606000900268555,26.44300079345703,4.518099784851074,3.27239990234375,0.019700000062584877,38.747398376464844,0,0,0,0,0,0,0,0,0,0,0,0,0,58.47244,44.48456
38,105.44860076904297,0.6205000281333923,22.241100311279297,4.922699928283691,1.1236000061035156,2.4451000690460205,26.389299392700195,1.024899959564209,10000,10009,20000,10006,20000,20000,10000,0.450300008058548,5.374199867248535,3.6572999954223633,10000,1.4408999999998693,2.3873,1,0.18519999999999998,0.0795,376832,15,15,1.7123,7712,0,0,23.049999237060547,26.491600036621094,4.595099925994873,3.2109999656677246,0.032499998807907104,42.3568000793457,0,0,0,0,0,0,0,0,0,0,0,0,0,58.53896,44.60172
39,104.67900085449219,2.9834001064300537,22.375600814819336,5.009900093078613,1.1454999446868896,2.552000045776367,22.585599899291992,1.031499981880188,10000,10009,20000,10006,20000,20000,10000,0.4104999899864197,5.274099826812744,3.6477999687194824,10000,1.4478999999998687,2.3079,1,0.19799999999999998,0.0774,376832,15,15,2.2365,16120,0,0,25.56170082092285,22.662799835205078,4.399199962615967,3.643399953842163,0.028300000354647636,42.04249954223633,0,0,0,0,0,0,0,0,0,0,0,0,0,58.60228,44.84204
40,105.27069854736328,4.164899826049805,23.839500427246094,5.284900188446045,1.148300051689148,3.763700008392334,22.762300491333008,1.0371999740600586,10000,10009,20000,10006,20000,20000,10000,0.43230000138282776,5.263199806213379,3.4695000648498535,10000,1.4299999999998687,2.3724,1,0.18130000000000002,0.0826,376832,15,15,2.8441,603568,0,0,28.173099517822266,23.567899703979492,4.53849983215332,11.724200248718262,0.7644000053405762,30.465499877929688,0,0,0,0,0,0,0,0,0,0,0,0,0,58.60472,45.09244
41,234.61500549316406,3.441499948501587,134.51109313964844,18.27519989013672,33.118499755859375,18.9143009185791,58.308101654052734,8.719099998474121,10000,10009,20000,10006,20000,20000,10000,0.6917999982833862,11.902199745178223,11.415499687194824,10000,1.4415999999998685,0.8914,1,0.161,0.0592,376832,15,15,1.6866,8048,0,0,138.20370483398438,58.402198791503906,16.635000228881836,1.8517999649047852,0.02070000022649765,0.15060000121593475,0,0,0,0,0,0,0,0,0,0,0,0,0,58.0544,40.57944
42,55.62220001220703,0.6456999778747559,22.616300582885742,4.254000186920166,1.0221999883651733,2.561199903488159,20.715499877929688,1.020799994468689,10000,10009,20000,10006,20000,20000,10000,0.5115000009536743,8.125200271606445,2.4140000343322754,10000,1.4128999999998704,1.3774,1,0.1583,0.0494,376832,15,15,1.5143,7712,0,0,23.402999877929688,20.773099899291992,3.4100000858306885,2.6789000034332275,0.019500000402331352,0.20589999854564667,0,0,0,0,0,0,0,0,0,0,0,0,0,58.53608,44.72284
43,69.80690002441406,2.94569993019104,37.76300048828125,4.959199905395508,1.5382000207901,2.514400005340576,17.460599899291992,1.0787999629974365,10000,10009,20000,10006,20000,20000,10000,0.46309998631477356,8.365400314331055,3.44320011138916,10000,1.42819999999987,1.3678,1,0.1673,0.0468,376832,15,15,1.6561,16072,0,0,40.912899017333984,17.524499893188477,3.388400077819824,2.451200008392334,0.019099999219179153,0.2061000019311905,0,0,0,0,0,0,0,0,0,0,0,0,0,58.10892,44.42168
44,81.35340118408203,6.702899932861328,28.828899383544922,5.338699817657471,1.5039000511169434,3.946199893951416,17.80270004272461,1.1223000288009644,10000,10009,20000,10006,20000,20000,10000,0.5489000082015991,8.07759952545166,3.842900037765503,10000,1.4580999999998683,1.8465,1,0.18260000000000004,0.0838,376832,15,15,2.9029,524320,0,0,35.697200775146484,19.09510040283203,3.9467999935150146,10.216500282287598,1.100600004196167,5.4394001960754395,0,0,0,0,0,0,0,0,0,0,0,0,0,58.2884,44.67536
45,104.5687026977539,0.9435999989509583,24.46179962158203,4.904699802398682,1.2977999448776245,2.4261999130249023,16.53190040588379,1.0088000297546387,10000,10009,20000,10006,20000,20000,10000,0.44449999928474426,7.608799934387207,3.577199935913086,10000,1.4447999999998697,1.4163,1,0.1577,0.0449,376832,15,15,1.6767,7712,0,0,25.585100173950195,16.59119987487793,3.4386000633239746,2.6456000804901123,0.022099999710917473,50.95869827270508,0,0,0,0,0,0,0,0,0,0,0,0,0,58.36844,44.5412
46,104.6521987915039,2.656399965286255,20.572200775146484,5.000400066375732,1.3367999792099,2.2894999980926514,15.789600372314453,1.0149999856948853,10000,10009,20000,10006,20000,20000,10000,0.4187999963760376,3.834700107574463,3.4918999671936035,10000,1.4371999999998684,1.4182,1,0.16460000000000002,0.047,376832,15,15,1.5946,16072,0,0,23.407400131225586,15.847000122070312,3.405400037765503,2.506700038909912,0.019600000232458115,54.188899993896484,0,0,0,0,0,0,0,0,0,0,0,0,0,58.3428,44.57864
47,105.05570220947266,6.3018999099731445,21.816200256347656,5.346499919891357,1.4229999780654907,3.119999885559082,14.363800048828125,1.0120999813079834,10000,10009,20000,10006,20000,20000,10000,0.3840999901294708,4.015600204467773,3.331700086593628,10000,1.4483999999998687,2.087,1,0.15960000000000002,0.048,376832,15,15,1.6008,511712,0,0,28.292299270629883,15.036299705505371,4.119800090789795,9.798999786376953,0.6306999921798706,42.46860122680664,0,0,0,0,0,0,0,0,0,0,0,0,0,58.24232,44.62632
48,104.53299713134766,0.508400022983551,21.784400939941406,4.952600002288818,1.332900047302246,3.006500005722046,14.495200157165527,1.0822999477386475,10000,10009,20000,10006,20000,20000,10000,0.4316999912261963,4.215400218963623,3.5487000942230225,10000,1.41909999999987,2.5283,1,0.1634,0.045,376832,15,15,2.523,7712,0,0,22.480499267578125,14.559900283813477,4.708099842071533,3.246500015258789,0.019899999722838402,53.17449951171875,0,0,0,0,0,0,0,0,0,0,0,0,0,58.17068,44.56708
49,104.70919799804688,2.8092000484466553,20.756099700927734,4.915999889373779,1.3309999704360962,2.437299966812134,14.265800476074219,1.0132999420166016,10000,10009,20000,10006,20000,20000,10000,0.41620001196861267,3.9140000343322754,3.493799924850464,10000,1.4310999999998686,1.3946,1,0.17099999999999999,0.0493,376832,15,15,1.6047,15952,0,0,23.756000518798828,14.342900276184082,3.4258999824523926,2.476599931716919,0.019600000232458115,55.40169906616211,0,0,0,0,0,0,0,0,0,0,0,0,0,58.10956,44.51204
50,104.60009765625,7.769999980926514,22.166400909423828,5.402100086212158,1.350100040435791,3.1946001052856445,14.294500350952148,1.118899941444397,10000,10009,20000,10006,20000,20000,10000,0.43320000171661377,3.9289000034332275,3.4423999786376953,10000,1.4234999999998692,1.3712,1,0.1376,0.0474,376832,15,15,1.609,539480,0,0,30.115299224853516,14.885499954223633,3.3657000064849854,6.299699783325195,0.5501999855041504,44.631099700927734,0,0,0,0,0,0,0,0,0,0,0,0,0,58.0744,44.5854
51,104.40339660644531,0.6028000116348267,20.805700302124023,4.987400054931641,1.3661999702453613,2.3719000816345215,14.48490047454834,1.0324000120162964,10000,10009,20000,10006,20000,20000,10000,0.3635999858379364,3.9021999835968018,3.6043999195098877,10000,1.4589999999998675,1.491,1,0.1426,0.0444,376832,15,15,1.6675,7712,0,0,21.650400161743164,14.55519962310791,3.585200071334839,2.4660000801086426,0.029999999329447746,56.743099212646484,0,0,0,0,0,0,0,0,0,0,0,0,0,58.36716,44.59852
52,104.73919677734375,3.1710000038146973,21.13319969177246,5.01669979095459,1.351099967956543,2.641900062561035,14.504500389099121,1.0135999917984009,10000,10009,20000,10006,20000,20000,10000,0.5170000195503235,3.912899971008301,3.5255000591278076,10000,1.4584999999998671,1.3905,1,0.1382,0.0405,376832,15,15,1.539,15952,0,0,24.477699279785156,14.569600105285645,3.4516000747680664,2.5766000747680664,0.023099999874830246,54.40610122680664,0,0,0,0,0,0,0,0,0,0,0,0,0,58.13832,44.53064
53,104.78700256347656,6.3815999031066895,22.1643009185791,5.374499797821045,1.4351999759674072,3.362799882888794,14.416500091552734,1.0217000246047974,10000,10009,20000,10006,20000,20000,10000,0.4018999934196472,3.808300018310547,3.4667000770568848,10000,1.5146999999998687,1.3867,1,0.1375,0.0508,376832,15,15,1.622,570584,0,0,28.73710060119629,14.934900283813477,3.396699905395508,6.151400089263916,0.47699999809265137,46.10139846801758,0,0,0,0,0,0,0,0,0,0,0,0,0,58.319,44.62544
54,104.2927017211914,0.49140000343322754,21.108400344848633,5.119200229644775,1.3799999952316284,2.4209001064300537,14.432299613952637,1.0247000455856323,10000,10009,20000,10006,20000,20000,10000,0.36899998784065247,3.8320000171661377,3.618299961090088,10000,1.4336999999998685,1.3995,1,0.1382,0.05,376832,15,15,1.6014,7712,0,0,21.893299102783203,14.490599632263184,3.4298999309539795,2.789799928665161,0.019099999219179153,56.35919952392578,0,0,0,0,0,0,0,0,0,0,0,0,0,58.45508,44.608
55,104.70069885253906,2.9433999061584473,20.752399444580078,4.947999954223633,1.3875000476837158,2.479300022125244,14.392000198364258,1.010699987411499,10000,10009,20000,10006,20000,20000,10000,0.4251999855041504,3.8608999252319336,3.5422000885009766,10000,1.4279999999998687,1.4353,1,0.14750000000000002,0.046799999999999994,376832,15,15,1.5918,15952,0,0,23.878000259399414,14.452300071716309,3.452399969100952,2.5123000144958496,0.0203000009059906,55.115699768066406,0,0,0,0,0,0,0,0,0,0,0,0,0,58.14372,44.4462
56,105.00399780273438,6.387199878692627,21.765199661254883,5.256999969482422,1.3738000392913818,3.3194000720977783,14.371700286865234,1.0117000341415405,10000,10009,20000,10006,20000,20000,10000,0.3894999921321869,3.7957000732421875,3.3959999084472656,10000,1.4320999999998694,1.9828,1,0.15839999999999999,0.0629,376832,15,15,1.7558,574344,0,0,28.356300354003906,14.89430046081543,3.9999001026153564,6.011899948120117,0.48170000314712524,46.19779968261719,0,0,0,0,0,0,0,0,0,0,0,0,0,58.24684,44.63648
57,104.32669830322266,0.4832000136375427,21.074199676513672,4.925899982452393,1.3760000467300415,2.5625,14.39680004119873,1.0176000595092773,10000,10009,20000,10006,20000,20000,10000,0.400299996137619,3.914900064468384,3.6851000785827637,10000,1.439299999999869,1.3859,1,0.1518,0.0436,376832,15,15,1.6914,7712,0,0,21.726200103759766,14.454400062561035,3.4519999027252197,2.5058999061584473,0.019500000402331352,56.80009841918945,0,0,0,0,0,0,0,0,0,0,0,0,0,58.516,44.69
58,104.6592025756836,2.60509991645813,20.634199142456055,4.973299980163574,1.4291000366210938,2.34879994392395,14.305500030517578,0.9986000061035156,10000,10009,20000,10006,20000,20000,10000,0.4133000075817108,3.835599899291992,3.5636000633239746,10000,1.4340999999998691,1.4017,1,0.1367,0.0456,376832,15,15,1.586,15952,0,0,23.48740005493164,14.359700202941895,3.424799919128418,2.448899984359741,0.017799999564886093,55.687801361083984,0,0,0,0,0,0,0,0,0,0,0,0,0,58.23836,44.50232
59,105.03600311279297,4.136300086975098,21.70319938659668,5.213399887084961,1.3730000257492065,3.142400026321411,14.534000396728516,1.0770000219345093,10000,10009,20000,10006,20000,20000,10000,0.3598000109195709,3.8515000343322754,3.4370999336242676,10000,1.4698999999998668,2.4572,1,0.1391,0.0465,376832,15,15,1.6694,503296,0,0,26.090900421142578,15.018500328063965,4.6031999588012695,6.817699909210205,0.44119998812675476,47.03450012207031,0,0,0,0,0,0,0,0,0,0,0,0,0,57.94812,44.52492
60,104.46050262451172,3.1640000343322754,20.86549949645996,5.000999927520752,1.6277999877929688,2.3938000202178955,14.364899635314941,1.0224000215530396,10000,10009,20000,10006,20000,20000,10000,0.4426000118255615,3.8445000648498535,3.3998000621795654,10000,1.4595999999998668,1.4094,1,0.1387,0.039,376832,15,15,1.5655,8048,0,0,24.21109962463379,14.420499801635742,3.4226999282836914,2.739799976348877,0.01850000023841858,54.365501403808594,0,0,0,0,0,0,0,0,0,0,0,0,0,58.1566,44.62144
61,104.31770324707031,0.7760999798774719,20.807199478149414,4.966400146484375,1.4081000089645386,2.3550000190734863,14.265299797058105,0.9965999722480774,10000,10009,20000,10006,20000,20000,10000,0.36320000886917114,3.876499891281128,3.726300001144409,10000,1.442599999999869,1.4388,1,0.137,0.0464,376832,15,15,1.6632,7712,0,0,21.757299423217773,14.32349967956543,3.467400074005127,2.467900037765503,0.0215000007301569,56.97489929199219,0,0,0,0,0,0,0,0,0,0,0,0,0,58.188,44.51532
62,104.65740203857422,2.651900053024292,20.899700164794922,4.9268999099731445,1.4085999727249146,2.525700092315674,14.276900291442871,1.1053999662399292,10000,10009,20000,10006,20000,20000,10000,0.3610000014305115,3.843899965286255,3.6626999378204346,10000,1.4337999999998685,1.3859,1,0.1377,0.0465,376832,15,15,1.581,15952,0,0,23.750499725341797,14.332200050354004,3.375999927520752,2.5053000450134277,0.017999999225139618,55.44850158691406,0,0,0,0,0,0,0,0,0,0,0,0,0,58.12128,44.41688
63,104.43379974365234,20.43600082397461,22.643600463867188,5.297500133514404,1.4368000030517578,3.5155999660491943,14.34060001373291,1.013700008392334,10000,10009,20000,10006,20000,20000,10000,0.39719998836517334,3.874300003051758,3.623500108718872,10000,1.4408999999998684,2.254,1,0.13829999999999998,0.0445,376832,15,15,1.6093,521000,0,0,43.283599853515625,14.858499526977539,4.296000003814697,6.978700160980225,0.4765999913215637,29.619199752807617,0,0,0,0,0,0,0,0,0,0,0,0,0,58.28276,44.57928
64,104.37059783935547,0.4652000069618225,21.194400787353516,5.024799823760986,1.434499979019165,2.393699884414673,14.348600387573242,1.0113999843597412,10000,10009,20000,10006,20000,20000,10000,0.3905999958515167,3.999500036239624,3.753700017929077,10000,1.4356999999998687,1.4564,1,0.1395,0.0446,376832,15,15,1.6018,7712,0,0,21.83839988708496,14.409700393676758,3.622999906539917,4.9980998039245605,0.021700000390410423,54.1890983581543,0,0,0,0,0,0,0,0,0,0,0,0,0,58.28104,44.5972
65,104.91110229492188,3.1064999103546143,21.4153995513916,5.071800231933594,1.4955999851226807,2.482300043106079,14.522600173950195,1.0262000560760498,10000,10009,20000,10006,20000,20000,10000,0.42660000920295715,3.9003000259399414,3.7455999851226807,10000,1.451599999999868,1.5208,1,0.1468,0.0389,376832,15,15,1.6018,15952,0,0,24.715900421142578,14.586000442504883,3.5648999214172363,2.7112998962402344,0.020800000056624413,53.993099212646484,0,0,0,0,0,0,0,0,0,0,0,0,0,58.00552,44.51936
66,104.42530059814453,4.335899829864502,22.65519905090332,5.3566999435424805,1.455299973487854,3.6303999423980713,14.511699676513672,1.0233999490737915,10000,10009,20000,10006,20000,20000,10000,0.4235999882221222,3.8036000728607178,3.5244998931884766,10000,1.440699999999869,1.3476,1,0.138,0.0464,376832,15,15,1.5723,608136,0,0,27.166099548339844,15.07409954071045,3.3805999755859375,5.866600036621094,0.5214999914169312,47.65010070800781,0,0,0,0,0,0,0,0,0,0,0,0,0,58.17248,44.61136
67,104.39450073242188,2.8297998905181885,20.89259910583496,4.961699962615967,1.444200038909912,2.341200113296509,14.378399848937988,1.0094000101089478,10000,10009,20000,10006,20000,20000,10000,0.44449999928474426,4.006400108337402,3.6171000003814697,10000,1.4522999999998676,1.2983,1,0.1381,0.0492,376832,15,15,1.6282,8048,0,0,23.89310073852539,14.438400268554688,3.295099973678589,2.4056999683380127,0.0203000009059906,55.049400329589844,0,0,0,0,0,0,0,0,0,0,0,0,0,57.93556,44.52564
68,104.60430145263672,0.4715000092983246,21.49049949645996,5.09119987487793,1.5189000368118286,2.4572999477386475,14.479499816894531,1.031599998474121,10000,10009,20000,10006,20000,20000,10000,0.35749998688697815,3.98799991607666,3.76419997215271,10000,1.4483999999998676,1.3969,1,0.1385,0.0441,376832,15,15,1.6633,7712,0,0,22.13680076599121,14.538900375366211,3.426800012588501,2.452399969100952,0.019999999552965164,56.654998779296875,0,0,0,0,0,0,0,0,0,0,0,0,0,58.36512,44.53136
69,104.28479766845703,2.699700117111206,21.090599060058594,5.026199817657471,1.468500018119812,2.366499900817871,14.378800392150879,1.0336999893188477,10000,10009,20000,10006,20000,20000,10000,0.3856000006198883,3.8910000324249268,3.7725000381469727,10000,1.456699999999867,1.4033,1,0.1386,0.0371,376832,15,15,1.6009,15952,0,0,23.989099502563477,14.436100006103516,3.4737000465393066,2.376300096511841,0.019200000911951065,54.63629913330078,0,0,0,0,0,0,0,0,0,0,0,0,0,58.36632,44.66408
70,104.81410217285156,6.270400047302246,23.10110092163086,5.411499977111816,1.486299991607666,3.2076001167297363,14.61620044708252,1.041599988937378,10000,10009,20000,10006,20000,20000,10000,0.460099995136261,3.884399890899658,3.601300001144409,10000,1.456399999999867,2.347,1,0.17120000000000002,0.09570000000000001,376832,15,15,1.7882,538168,0,0,29.573200225830078,15.616800308227539,4.638700008392334,6.743599891662598,0.8550000190734863,42.39569854736328,0,0,0,0,0,0,0,0,0,0,0,0,0,58.30632,44.59072
71,104.7822036743164,0.45329999923706055,21.197500228881836,5.121500015258789,1.5434999465942383,2.2674999237060547,14.741900444030762,1.0533000230789185,10000,10009,20000,10006,20000,20000,10000,0.4007999897003174,3.740000009536743,3.796799898147583,10000,1.4823999999998658,2.3732,1,0.1389,0.0482,376832,15,15,2.0477,7712,0,0,21.887100219726562,14.80270004272461,4.445000171661377,3.1229000091552734,0.019600000232458115,54.57680130004883,0,0,0,0,0,0,0,0,0,0,0,0,0,58.36532,44.55104
72,104.96720123291016,2.8487000465393066,21.61989974975586,5.213399887084961,1.82669997215271,2.3004000186920166,14.619999885559082,1.0958000421524048,10000,10009,20000,10006,20000,20000,10000,0.36739999055862427,3.9054999351501465,3.6656999588012695,10000,1.5707999999998605,2.232,1,0.15910000000000002,0.0765,376832,15,15,2.5493,15952,0,0,24.641000747680664,14.6806001663208,4.299099922180176,2.94320011138916,0.019700000062584877,51.92890167236328,0,0,0,0,0,0,0,0,0,0,0,0,0,58.36792,44.59308
73,104.64250183105469,18.359699249267578,23.424400329589844,6.353400230407715,1.3367999792099,3.00600004196167,14.992899894714355,1.0367000102996826,10000,10009,20000,10006,20000,20000,10000,0.38940000534057617,3.7785000801086426,3.963599920272827,10000,1.559399999999867,2.1569,1,0.1534,0.0638,376832,15,15,2.6193,565960,1,1,41.94430160522461,15.773599624633789,4.3277997970581055,7.599599838256836,0.7330999970436096,28.363399505615234,0,0,0,0,0,0,0,0,0,0,0,0,0,58.52512,44.72748
74,104.86669921875,2.990000009536743,20.40169906616211,5.118500232696533,1.2740000486373901,2.371799945831299,14.44260025024414,1.1411000490188599,10000,10009,20000,10006,20000,20000,10000,0.4345000088214874,3.7335000038146973,3.322999954223633,10000,1.4248999999998702,2.2568,1,0.1755,0.06770000000000001,376832,15,15,2.7229,25352,0,0,23.642099380493164,14.501299858093262,4.404699802398682,3.0829999446868896,0.021700000390410423,52.75239944458008,0,0,0,0,0,0,0,0,0,0,0,0,0,58.34412,44.57668
75,105.42350006103516,0.4611000120639801,21.232999801635742,5.2058000564575195,1.4643000364303589,2.251199960708618,14.975799560546875,1.0276999473571777,10000,10009,20000,10006,20000,20000,10000,0.40230000019073486,3.921299934387207,3.7964999675750732,10000,1.4437999999998676,2.4518,1,0.14029999999999998,0.0548,376832,15,15,1.8452,7712,0,0,21.858800888061523,15.05370044708252,4.50439977645874,3.1164000034332275,0.03280000016093254,55.03310012817383,0,0,0,0,0,0,0,0,0,0,0,0,0,58.38032,44.6416
76,104.489501953125,2.770900011062622,20.537700653076172,5.173399925231934,1.3179999589920044,2.1463000774383545,14.8641996383667,0.9682999849319458,10000,10009,20000,10006,20000,20000,10000,0.37540000677108765,3.850100040435791,3.628999948501587,10000,1.5221999999998628,1.3994,1,0.14100000000000001,0.043399999999999994,376832,15,15,1.6942,15952,0,0,23.47610092163086,14.918800354003906,3.4107000827789307,2.6510000228881836,0.020400000736117363,54.49100112915039,0,0,0,0,0,0,0,0,0,0,0,0,0,58.50648,44.5746
77,104.81710052490234,4.0192999839782715,21.266700744628906,5.2652997970581055,1.2925000190734863,2.929500102996826,14.446200370788574,0.9983000159263611,10000,10009,20000,10006,20000,20000,10000,0.3864000141620636,3.6807000637054443,3.4410998821258545,10000,2.1153999999998176,2.4155,1,0.13119999999999998,0.046,376832,15,15,1.5785,546696,0,0,25.442800521850586,14.906100273132324,4.581999778747559,6.98829984664917,0.4377000033855438,46.067298889160156,0,0,0,0,0,0,0,0,0,0,0,0,0,58.3766,44.56676
78,105.19499969482422,2.724299907684326,20.27720069885254,4.984099864959717,1.2776000499725342,2.126499891281128,14.702400207519531,0.9854999780654907,10000,10009,20000,10006,20000,20000,10000,0.35370001196861267,4.106400012969971,3.4616000652313232,10000,2.1228999999998184,2.0302,1,0.1429,0.0723,376832,15,15,2.7747,8048,0,0,23.173599243164062,14.745499610900879,4.043900012969971,2.724900007247925,0.009700000286102295,53.09199905395508,0,0,0,0,0,0,0,0,0,0,0,0,0,58.16792,44.61024
79,104.66729736328125,0.4456000030040741,21.353500366210938,5.824900150299072,1.4119999408721924,2.2170000076293945,14.397500038146973,0.9739000201225281,10000,10009,20000,10006,20000,20000,10000,0.44769999384880066,3.677799940109253,3.7399001121520996,10000,2.13539999999982,2.3002,1,0.13119999999999998,0.0476,376832,15,15,1.4019,7712,0,0,21.971399307250977,14.425700187683105,4.3043999671936035,2.8910999298095703,0.008999999612569809,55.29410171508789,0,0,0,0,0,0,0,0,0,0,0,0,0,58.37848,44.51244
80,104.60379791259766,6.091800212860107,21.29129981994629,5.202499866485596,1.322700023651123,3.033099889755249,14.279899597167969,0.9745000004768372,10000,10009,20000,10006,20000,20000,10000,0.3617999851703644,3.7288999557495117,3.4823999404907227,10000,2.1396999999998187,1.3368,1,0.13,0.0443,376832,15,15,1.6203,538360,0,0,27.53510093688965,14.748900413513184,3.2871999740600586,5.5742998123168945,0.44920000433921814,47.480899810791016,0,0,0,0,0,0,0,0,0,0,0,0,0,58.33612,44.5284
81,104.70179748535156,2.655900001525879,20.241600036621094,5.159200191497803,1.3358999490737915,2.1951000690460205,14.435999870300293,0.9783999919891357,10000,10009,20000,10006,20000,20000,10000,0.3668999969959259,3.742000102996826,3.374000072479248,10000,2.1955999999998257,1.4852,1,0.13090000000000002,0.0454,376832,15,15,1.5889,8048,0,0,23.02989959716797,14.463500022888184,3.4579999446868896,2.9026999473571777,0.009100000374019146,54.82279968261719,0,0,0,0,0,0,0,0,0,0,0,0,0,58.41408,44.6618
82,104.9198989868164,0.4530999958515167,20.709800720214844,5.088600158691406,1.320199966430664,2.1765999794006348,14.448200225830078,0.9707000255584717,10000,10009,20000,10006,20000,20000,10000,0.3874000012874603,3.7600998878479004,3.9082999229431152,10000,2.2211999999998215,1.4403,1,0.13340000000000002,0.0377,376832,15,15,1.7126,7712,0,0,21.29829978942871,14.478300094604492,3.4514000415802,3.115799903869629,0.010400000028312206,56.28580093383789,0,0,0,0,0,0,0,0,0,0,0,0,0,58.47512,44.60068
83,104.90489959716797,2.833699941635132,20.78809928894043,5.025599956512451,1.4205000400543213,2.1451001167297363,14.519100189208984,1.017799973487854,10000,10009,20000,10006,20000,20000,10000,0.3781999945640564,3.848299980163574,3.828900098800659,10000,2.228799999999831,1.4185,1,0.1323,0.051199999999999996,376832,15,15,1.4749,15952,0,0,23.774700164794922,14.55109977722168,3.3987998962402344,2.907099962234497,0.01119999960064888,54.1697998046875,0,0,0,0,0,0,0,0,0,0,0,0,0,58.39832,44.55208
84,104.76239776611328,2.7925000190734863,20.815099716186523,5.217800140380859,1.3789000511169434,2.232800006866455,14.52280044555664,0.9684000015258789,10000,10009,20000,10006,20000,20000,10000,0.359499990940094,3.6847000122070312,3.8185999393463135,10000,2.1237999999998185,2.5681,1,0.1365,0.051699999999999996,376832,15,15,1.5922,7712,0,0,23.742599487304688,14.552300453186035,4.581399917602539,2.5139000415802,0.009200000204145908,53.36989974975586,0,0,0,0,0,0,0,0,0,0,0,0,0,58.46292,44.80304
85,104.993896484375,4.110300064086914,21.89579963684082,5.467800140380859,1.3737000226974487,3.0225000381469727,14.527299880981445,0.9868999719619751,10000,10009,20000,10006,20000,20000,10000,0.3582000136375427,3.7887001037597656,3.4967000484466553,10000,2.109399999999816,2.2906,1,0.131,0.0449,376832,15,15,1.6758,545768,0,0,26.15690040588379,15.010000228881836,4.363699913024902,6.038599967956543,0.46140000224113464,47.35369873046875,0,0,0,0,0,0,0,0,0,0,0,0,0,58.5248,44.7468
86,105.18569946289062,2.775599956512451,20.99020004272461,5.211100101470947,1.337399959564209,2.7606000900268555,14.906299591064453,0.9728999733924866,10000,10009,20000,10006,20000,20000,10000,0.3797000050544739,3.732800006866455,3.4370999336242676,10000,2.175099999999851,2.5189,1,0.18369999999999997,0.0836,376832,15,15,2.5607,8048,0,0,23.967300415039062,14.939299583435059,4.61329984664917,3.2600998878479004,0.010499999858438969,51.149898529052734,0,0,0,0,0,0,0,0,0,0,0,0,0,58.4598,44.62396
87,104.95999908447266,0.45890000462532043,20.811199188232422,5.026400089263916,1.5073000192642212,2.24399995803833,14.558099746704102,0.963100016117096,10000,10009,20000,10006,20000,20000,10000,0.36500000953674316,3.7564001083374023,3.7506000995635986,10000,2.1682999999998254,2.3295,1,0.1303,0.0506,376832,15,15,2.5758,7712,0,0,21.46940040588379,14.59060001373291,4.375699996948242,3.1338999271392822,0.009800000116229057,54.25320053100586,0,0,0,0,0,0,0,0,0,0,0,0,0,58.44016,44.85908
88,105.20989990234375,2.6910998821258545,20.685199737548828,5.117599964141846,1.3918999433517456,2.180000066757202,14.574600219726562,0.9790999889373779,10000,10009,20000,10006,20000,20000,10000,0.3880999982357025,3.7701001167297363,3.7362000942230225,10000,2.172699999999823,2.3193,1,0.1433,0.0739,376832,15,15,2.6388,15952,0,0,23.515600204467773,14.606800079345703,4.369500160217285,3.1803998947143555,0.010200000368058681,52.28630065917969,0,0,0,0,0,0,0,0,0,0,0,0,0,58.50748,44.6164
89,105.0208969116211,4.287700176239014,21.72960090637207,5.417099952697754,1.357300043106079,2.918800115585327,14.9753999710083,0.9857000112533569,10000,10009,20000,10006,20000,20000,10000,0.37779998779296875,3.8141000270843506,3.509399890899658,10000,2.1534999999998186,2.339,1,0.15139999999999998,0.0863,376832,15,15,2.768,515872,0,0,26.23940086364746,15.692899703979492,4.4141998291015625,7.88640022277832,0.6851000189781189,43.30339813232422,0,0,0,0,0,0,0,0,0,0,0,0,0,58.45004,44.52916
90,105.05780029296875,2.888700008392334,20.780500411987305,5.078999996185303,1.4977999925613403,2.3968000411987305,14.426400184631348,0.960099995136261,10000,10009,20000,10006,20000,20000,10000,0.3481999933719635,3.8120999336242676,3.5757999420166016,10000,2.116399999999817,1.8458,1,0.13130000000000003,0.0392,376832,15,15,1.6314,8048,0,0,23.803600311279297,14.457300186157227,3.842099905014038,3.647700071334839,0.009100000374019146,53.279598236083984,0,0,0,0,0,0,0,0,0,0,0,0,0,58.42772,44.77612
91,104.84970092773438,0.47530001401901245,21.54789924621582,5.203499794006348,1.7039999961853027,2.3101999759674072,14.615500450134277,0.9929999709129333,10000,10009,20000,10006,20000,20000,10000,0.3449999988079071,3.8076999187469482,3.9182000160217285,10000,2.16509999999982,1.9894,1,0.1366,0.0475,376832,15,15,2.2619,7712,0,0,22.159000396728516,14.64680004119873,4.042799949645996,3.135499954223633,0.009800000116229057,54.133201599121094,0,0,0,0,0,0,0,0,0,0,0,0,0,58.65428,44.62624
92,105.3281021118164,2.8877999782562256,22.60409927368164,5.711299896240234,2.238100051879883,2.3180999755859375,14.682299613952637,0.9807000160217285,10000,10009,20000,10006,20000,20000,10000,0.3176000118255615,4.043799877166748,3.8417999744415283,10000,2.151199999999817,2.1895,1,0.1503,0.1018,376832,15,15,2.2725,15952,0,0,25.644699096679688,14.715299606323242,4.240699768066406,3.121999979019165,0.011900000274181366,50.719398498535156,0,0,0,0,0,0,0,0,0,0,0,0,0,58.54988,44.73012
93,104.91570281982422,4.363800048828125,22.29680061340332,5.568600177764893,1.4979000091552734,3.028599977493286,14.735400199890137,0.9758999943733215,10000,10009,20000,10006,20000,20000,10000,0.3808000087738037,3.864799976348877,3.536799907684326,10000,2.2069999999998204,1.7605,1,0.1443,0.07769999999999999,376832,15,15,1.8976,553304,0,0,26.868099212646484,15.219599723815918,3.801800012588501,7.2606000900268555,0.46320000290870667,45.26169967651367,0,0,0,0,0,0,0,0,0,0,0,0,0,58.55816,44.68572
94,105.29620361328125,2.9260001182556152,20.46310043334961,5.031599998474121,1.3315000534057617,2.302000045776367,14.840100288391113,1.0992000102996826,10000,10009,20000,10006,20000,20000,10000,0.41019999980926514,3.800299882888794,3.4300999641418457,10000,2.1282999999998204,2.3393,1,0.14809999999999998,0.0869,376832,15,15,2.8848,8048,0,0,23.527000427246094,14.86870002746582,4.3881001472473145,3.1298000812530518,0.009100000374019146,51.9739990234375,0,0,0,0,0,0,0,0,0,0,0,0,0,58.47664,44.679
95,104.9832992553711,0.5214999914169312,20.71980094909668,5.122000217437744,1.3925000429153442,2.1380999088287354,14.511099815368652,0.9732999801635742,10000,10009,20000,10006,20000,20000,10000,0.3743000030517578,3.753200054168701,3.8066000938415527,10000,2.122699999999819,2.5583,1,0.1321,0.0422,376832,15,15,1.5425,7712,0,0,21.451799392700195,14.538800239562988,4.571400165557861,3.02839994430542,0.009200000204145908,55.44369888305664,0,0,0,0,0,0,0,0,0,0,0,0,0,58.34284,44.60784
96,105.35050201416016,3.337599992752075,21.699499130249023,5.208399772644043,1.7487000226974487,2.3452000617980957,20.074499130249023,0.9854000210762024,10000,10009,20000,10006,20000,20000,10000,0.36489999294281006,3.803100109100342,4.025700092315674,10000,2.1231999999998172,2.3568,1,0.14550000000000002,0.0759,376832,15,15,1.722,15952,0,0,25.180700302124023,20.11829948425293,4.390500068664551,3.145699977874756,0.01759999990463257,46.24679946899414,0,0,0,0,0,0,0,0,0,0,0,0,0,58.47184,44.71696
97,104.63200378417969,4.560299873352051,22.94890022277832,5.461999893188477,1.8069000244140625,3.108099937438965,14.397199630737305,0.9923999905586243,10000,10009,20000,10006,20000,20000,10000,0.45660001039505005,3.7060999870300293,4.030799865722656,10000,2.154599999999824,2.3227,1,0.1493,0.0823,376832,15,15,2.7793,632248,0,0,27.640399932861328,14.951800346374512,4.374800205230713,8.058799743652344,0.5339000225067139,42.255699157714844,0,0,0,0,0,0,0,0,0,0,0,0,0,58.4776,44.6224
98,105.05580139160156,2.8285000324249268,20.427900314331055,4.998300075531006,1.3946000337600708,2.2163000106811523,15.220999717712402,0.9581999778747559,10000,10009,20000,10006,20000,20000,10000,0.39809998869895935,3.744800090789795,3.6217000484466553,10000,2.1175999999998174,2.3292,1,0.1431,0.0726,376832,15,15,2.3606,8048,0,0,23.408300399780273,15.253399848937988,4.383500099182129,3.0720999240875244,0.01080000028014183,52.12419891357422,0,0,0,0,0,0,0,0,0,0,0,0,0,58.52016,44.51116
99,105.01380157470703,0.3312000036239624,22.04800033569336,5.176599979400635,1.5886000394821167,2.210900068283081,14.869099617004395,0.9883999824523926,10000,10009,20000,10006,20000,20000,10000,0.38670000433921814,4.472700119018555,4.129899978637695,10000,2.257799999999827,2.3276,1,0.1328,0.0398,376832,15,15,2.6401,7712,0,0,22.5137996673584,14.900099754333496,4.571599960327148,3.3540000915527344,0.009499999694526196,52.390899658203125,0,0,0,0,0,0,0,0,0,0,0,0,0,58.44996,44.9762
100,105.24320220947266,2.5764000415802,22.98979949951172,5.384799957275391,2.226900100708008,2.3970000743865967,14.395500183105469,1.0882999897003174,10000,10009,20000,10006,20000,20000,10000,0.37560001015663147,3.822200059890747,4.3308000564575195,10000,2.1233999999998177,1.628,1,0.1912,0.09040000000000001,376832,15,15,1.651,15952,0,0,25.78420066833496,14.42609977722168,3.621500015258789,2.9834001064300537,0.00989999994635582,52.24489974975586,0,0,0,0,0,0,0,0,0,0,0,0,0,58.5148,45.36504
101,105.39810180664062,6.630799770355225,29.532499313354492,5.642000198364258,1.6405999660491943,4.181600093841553,20.979700088500977,1.0154000520706177,10000,10009,20000,10006,20000,20000,10000,0.4372999966144562,8.866299629211426,4.192699909210205,10000,3.089700000000278,6.265,1,0.2913,0.1766,376832,15,15,7.5264,450320,0,0,36.36629867553711,21.98539924621582,13.203100204467773,11.034299850463867,0.9498999714851379,4.684899806976318,0,0,0,0,0,0,0,0,0,0,0,0,0,58.41712,45.32144
102,105.93470001220703,6.213900089263916,34.16210174560547,6.369699954986572,2.389400005340576,4.298799991607666,21.142900466918945,1.6152000427246094,10000,10009,20000,10006,20000,20000,10000,0.5515000224113464,6.857900142669678,5.907700061798096,10000,4.327400000000672,5.1317,1,0.48329999999999995,0.3153,376832,15,15,8.6545,8048,0,0,40.62139892578125,21.22410011291504,11.313599586486816,7.064799785614014,0.02879999950528145,5.696700096130371,0,0,0,0,0,0,0,0,0,0,0,0,0,58.55988,45.33104
103,105.83380126953125,0.6182000041007996,37.13959884643555,6.313899993896484,2.480600118637085,4.132699966430664,26.79129981994629,1.8868999481201172,10000,10009,20000,10006,20000,20000,10000,0.5881999731063843,9.28849983215332,6.596399784088135,10000,2.7877000000002172,5.6297,1,0.23409999999999997,0.14350000000000002,376832,15,15,5.4489,7712,0,0,37.98889923095703,26.8794002532959,10.570300102233887,5.194300174713135,0.026000000536441803,12.158499717712402,0,0,0,0,0,0,0,0,0,0,0,0,0,58.48436,44.73464
104,105.50080108642578,5.992199897766113,32.17829895019531,5.519599914550781,2.252000093460083,4.0995001792907715,14.972100257873535,1.100600004196167,10000,10009,20000,10006,20000,20000,10000,0.4814000129699707,6.676000118255615,6.499599933624268,10000,2.131399999999817,2.9089,1,0.16599999999999998,0.1084,376832,15,15,3.2529,15952,0,0,38.40679931640625,15.021200180053711,4.9654998779296875,3.7123000621795654,0.016699999570846558,34.22529983520508,0,0,0,0,0,0,0,0,0,0,0,0,0,58.35536,44.91944
105,105.39749908447266,4.8221001625061035,23.095600128173828,5.465700149536133,1.5571000576019287,3.269399881362915,14.684000015258789,0.9940999746322632,10000,10009,20000,10006,20000,20000,10000,0.38920000195503235,3.7648000717163086,4.072999954223633,10000,2.13749999999982,2.0786,1,0.15239999999999998,0.08030000000000001,376832,15,15,2.8569,590600,0,0,28.059099197387695,15.49779987335205,4.2281999588012695,7.72790002822876,0.7820000052452087,42.03329849243164,0,0,0,0,0,0,0,0,0,0,0,0,0,58.57052,44.97252
106,105.14099884033203,4.268199920654297,30.2721004486084,5.310400009155273,1.3964999914169312,4.593800067901611,17.839500427246094,1.5614999532699585,10000,10009,20000,10006,20000,20000,10000,0.7127000093460083,8.966099739074707,3.808500051498413,10000,2.4927999999999937,2.6996,1,0.22820000000000001,0.1614,376832,15,15,4.0289,8048,0,0,34.76210021972656,17.908199310302734,5.134500026702881,3.3903000354766846,0.01850000023841858,32.93450164794922,0,0,0,0,0,0,0,0,0,0,0,0,0,58.49228,44.73768
107,105.28800201416016,0.4672999978065491,22.41200065612793,5.063399791717529,1.4657000303268433,2.265500068664551,14.484299659729004,0.9708999991416931,10000,10009,20000,10006,20000,20000,10000,0.3723999857902527,3.7959001064300537,4.891600131988525,10000,2.1135999999998174,2.3592,1,0.12990000000000002,0.036699999999999997,376832,15,15,2.595,7712,0,0,23.089500427246094,14.513799667358398,4.412700176239014,3.1419999599456787,0.009100000374019146,53.0989990234375,0,0,0,0,0,0,0,0,0,0,0,0,0,58.38984,45.17716
108,106.80249786376953,6.513000011444092,33.38309860229492,7.045100212097168,1.5533000230789185,5.949900150299072,22.631200790405273,1.4280999898910522,10000,10009,20000,10006,20000,20000,10000,0.6241000294685364,8.689800262451172,3.8998000621795654,10000,2.899700000000211,5.7071,1,0.23099999999999998,0.135,376832,15,15,5.153,523432,0,0,40.03820037841797,23.438499450683594,14.490599632263184,14.373299598693848,0.7534000277519226,0.4487000107765198,0,0,0,0,0,0,0,0,0,0,0,0,0,58.57756,44.77068
109,104.13700103759766,6.551499843597412,34.37799835205078,7.525899887084961,3.710400104522705,2.958899974822998,15.37279987335205,1.104699969291687,10000,10009,20000,10006,20000,20000,10000,0.4966000020503998,4.327300071716309,7.920300006866455,10000,2.1417999999998147,1.5811,1,0.2863,0.0865,376832,15,15,2.6959,8048,0,0,41.19350051879883,15.423399925231934,3.59089994430542,2.9321999549865723,0.016300000250339508,32.58789825439453,0,0,0,0,0,0,0,0,0,0,0,0,0,58.48088,44.76856
110,105.26419830322266,0.3452000021934509,21.2052001953125,5.0995001792907715,1.4843000173568726,2.2455999851226807,14.732000350952148,0.9707000255584717,10000,10009,20000,10006,20000,20000,10000,0.3736000061035156,3.771699905395508,4.098700046539307,10000,2.1373999999998206,2.3102,1,0.14809999999999998,0.08410000000000001,376832,15,15,2.7526,7712,0,0,21.74449920654297,14.77869987487793,4.44890022277832,3.2355000972747803,0.018699999898672104,53.53110122680664,0,0,0,0,0,0,0,0,0,0,0,0,0,58.43768,45.04764
111,105.19180297851562,6.659999847412109,28.986000061035156,6.59060001373291,1.975600004196167,4.723800182342529,16.026199340820312,1.2821999788284302,10000,10009,20000,10006,20000,20000,10000,0.4131999909877777,5.8993000984191895,3.852799892425537,10000,2.149599999999821,2.4882,1,0.1484,0.0942,376832,15,15,2.7942,542328,0,0,35.86800003051758,16.847999572753906,4.958799839019775,8.561400413513184,0.784600019454956,31.393400192260742,0,0,0,0,0,0,0,0,0,0,0,0,0,58.60144,45.07324
112,105.54650115966797,4.162499904632568,25.427400588989258,6.180200099945068,1.6689000129699707,2.8027000427246094,15.953399658203125,1.0125000476837158,10000,10009,20000,10006,20000,20000,10000,0.34220001101493835,4.606599807739258,5.260499954223633,10000,2.4777999999998968,3.0833,1,0.1746,0.0693,376832,15,15,3.2247,8048,0,0,29.806900024414062,16.00349998474121,6.435800075531006,4.453400135040283,0.014499999582767487,40.07929992675781,0,0,0,0,0,0,0,0,0,0,0,0,0,58.39924,45.33456
113,106.89839935302734,0.5317000150680542,24.047199249267578,5.0690999031066895,1.7928999662399292,2.3096001148223877,14.831600189208984,0.9678999781608582,10000,10009,20000,10006,20000,20000,10000,0.39469999074935913,3.711199998855591,5.872700214385986,10000,2.1016999999998163,1.9227,1,0.1479,0.08360000000000001,376832,15,15,2.8074,7712,0,0,24.83340072631836,14.863499641418457,3.9309000968933105,2.7434000968933105,0.010300000198185444,53.1973991394043,0,0,0,0,0,0,0,0,0,0,0,0,0,58.40444,45.00728
114,104.43900299072266,7.625999927520752,35.21179962158203,5.83050012588501,3.0262999534606934,4.465000152587891,15.374699592590332,1.18149995803833,10000,10009,20000,10006,20000,20000,10000,0.5156999826431274,7.34660005569458,7.44350004196167,10000,2.1548999999998215,4.1398,1,0.24649999999999997,0.1751,376832,15,15,5.0939,15952,0,0,43.11199951171875,15.43120002746582,6.206999778747559,4.565000057220459,0.016699999570846558,24.35059928894043,0,0,0,0,0,0,0,0,0,0,0,0,0,58.38996,45.21544
115,105.49649810791016,6.818900108337402,29.170799255371094,5.804800033569336,2.4400999546051025,5.042200088500977,15.309399604797363,1.0678000450134277,10000,10009,20000,10006,20000,20000,10000,0.4740000069141388,5.616499900817871,4.628399848937988,10000,2.1694999999998252,4.6708,1,0.3226,0.1597,376832,15,15,5.1977,578624,0,0,36.19350051879883,16.12689971923828,7.122000217437744,11.592300415039062,0.7817000150680542,22.083200454711914,0,0,0,0,0,0,0,0,0,0,0,0,0,58.53692,44.72016
116,105.41259765625,4.625699996948242,28.949899673461914,5.4232001304626465,2.7952001094818115,2.850600004196167,15.270700454711914,1.0017000436782837,10000,10009,20000,10006,20000,20000,10000,0.4147000014781952,6.629899978637695,5.6407999992370605,10000,2.130599999999819,1.9582,1,0.22809999999999997,0.1461,376832,15,15,2.9968,8048,0,0,33.81669998168945,15.328900337219238,4.064499855041504,3.144200086593628,0.01730000041425228,39.38159942626953,0,0,0,0,0,0,0,0,0,0,0,0,0,58.489,44.74796
117,105.39910125732422,0.350600004196167,21.890399932861328,5.078000068664551,1.5130000114440918,2.515899896621704,14.570599555969238,0.9843000173568726,10000,10009,20000,10006,20000,20000,10000,0.3752000033855438,3.821500062942505,4.356800079345703,10000,2.1290999999998212,2.8011,1,0.1482,0.088,376832,15,15,2.8403,7712,0,0,22.383499145507812,14.61460018157959,4.891499996185303,3.793600082397461,0.015699999406933784,52.22439956665039,0,0,0,0,0,0,0,0,0,0,0,0,0,58.2952,44.88796
118,105.14579772949219,2.674099922180176,23.010000228881836,5.1975998878479,1.6482000350952148,2.3269999027252197,14.768400192260742,0.9855999946594238,10000,10009,20000,10006,20000,20000,10000,0.390500009059906,3.897700071334839,5.16349983215332,10000,2.1318999999998174,1.4341,1,0.2104,0.0839,376832,15,15,2.9103,15952,0,0,25.93779945373535,14.814499855041504,3.50600004196167,3.2569000720977783,0.014999999664723873,49.031898498535156,0,0,0,0,0,0,0,0,0,0,0,0,0,58.39876,45.00472
119,105.1270980834961,4.763599872589111,27.483699798583984,5.72730016708374,1.6920000314712524,4.1880998611450195,15.878800392150879,1.024999976158142,10000,10009,20000,10006,20000,20000,10000,0.39239999651908875,6.279699802398682,4.585000038146973,10000,2.4413999999999922,3.7736,1,0.2959,0.137,376832,15,15,5.4888,488624,0,0,32.387901306152344,16.698999404907227,6.187300205230713,9.56029987335205,0.777999997138977,26.434099197387695,0,0,0,0,0,0,0,0,0,0,0,0,0,58.45304,44.88892
120,105.43379974365234,4.826499938964844,25.906700134277344,5.193600177764893,1.815500020980835,2.8541998863220215,14.908300399780273,1.013700008392334,10000,10009,20000,10006,20000,20000,10000,0.4068000018596649,5.725800037384033,4.942800045013428,10000,2.1315999999998216,4.0133,1,0.20190000000000002,0.1366,376832,15,15,3.8935,8048,0,0,30.952999114990234,14.95740032196045,7.059800148010254,4.383500099182129,0.016100000590085983,37.16680145263672,0,0,0,0,0,0,0,0,0,0,0,0,0,58.48692,44.81864
121,105.2479019165039,0.43950000405311584,24.86910057067871,5.259500026702881,1.8127000331878662,2.8540000915527344,15.460399627685547,1.1171000003814697,10000,10009,20000,10006,20000,20000,10000,0.5404999852180481,4.133699893951416,4.649700164794922,10000,2.2001999999998283,3.1595,1,0.20879999999999999,0.1405,376832,15,15,3.804,7712,0,0,25.528200149536133,15.512800216674805,5.224699974060059,4.1128997802734375,0.016899999231100082,43.89799880981445,0,0,0,0,0,0,0,0,0,0,0,0,0,58.44864,45.1628
122,105.33419799804688,3.4265999794006348,25.435800552368164,5.481900215148926,2.408099889755249,2.4804999828338623,16.19300079345703,1.04830002784729,10000,10009,20000,10006,20000,20000,10000,0.3785000145435333,5.240900039672852,4.59660005569458,10000,2.4118999999999384,5.0631,1,0.2705,0.1735,376832,15,15,6.0025,15952,0,0,29.081499099731445,16.254600524902344,8.899900436401367,7.758900165557861,0.019500000402331352,29.025299072265625,0,0,0,0,0,0,0,0,0,0,0,0,0,58.51744,44.88072
123,105.47100067138672,8.74269962310791,30.081100463867188,5.587399959564209,1.9615999460220337,5.1596999168396,14.84000015258789,1.1054999828338623,10000,10009,20000,10006,20000,20000,10000,0.48579999804496765,4.938300132751465,6.077000141143799,10000,2.212699999999823,3.4411,1,0.23420000000000002,0.1326,376832,15,15,5.0584,601104,0,0,39.0546989440918,15.661199569702148,5.599400043487549,8.58430004119873,0.795199990272522,24.554899215698242,0,0,0,0,0,0,0,0,0,0,0,0,0,58.48628,45.37836
124,105.56390380859375,3.6672000885009766,25.396499633789062,5.540800094604492,1.73580002784729,2.802299976348877,17.003999710083008,1.0042999982833862,10000,10009,20000,10006,20000,20000,10000,0.35910001397132874,5.605199813842773,4.571599960327148,10000,2.5452000000000274,5.6356,1,0.24409999999999998,0.1658,376832,15,15,5.4654,8048,0,0,29.276899337768555,17.058399200439453,11.85099983215332,8.541000366210938,0.01769999973475933,25.46380043029785,0,0,0,0,0,0,0,0,0,0,0,0,0,58.53116,45.20352
125,105.73259735107422,0.5838000178337097,39.94150161743164,9.02340030670166,3.2945001125335693,4.927700042724609,20.062700271606445,1.2196999788284302,10000,10009,20000,10006,20000,20000,10000,0.6424000263214111,8.022000312805176,7.027900218963623,10000,2.8578000000002666,5.1486,1,0.26549999999999996,0.168,376832,15,15,4.7673,7712,0,0,40.81460189819336,20.127899169921875,8.870800018310547,7.021200180053711,0.017999999225139618,16.187599182128906,0,0,0,0,0,0,0,0,0,0,0,0,0,58.5174,45.07924
126,105.69180297851562,4.816800117492676,35.2593994140625,6.09119987487793,3.3896000385284424,4.185100078582764,20.065399169921875,1.1394000053405762,10000,10009,20000,10006,20000,20000,10000,0.5026000142097473,7.459400177001953,6.89709997177124,10000,4.212200000000708,3.7342,1,0.2586,0.1745,376832,15,15,5.1571,15952,0,0,40.30720138549805,20.1299991607666,8.380800247192383,5.315999984741211,0.02019999921321869,15.172200202941895,0,0,0,0,0,0,0,0,0,0,0,0,0,58.52368,45.39348
127,105.56330108642578,8.159199714660645,27.801000595092773,5.478799819946289,1.8351999521255493,4.174699783325195,15.221599578857422,1.0906000137329102,10000,10009,20000,10006,20000,20000,10000,0.4117000102996826,6.087600231170654,4.85099983215332,10000,2.16159999999982,3.7428,1,0.1985,0.131,376832,15,15,4.5415,483240,0,0,36.23929977416992,16.066699981689453,5.936699867248535,9.10260009765625,0.8041999936103821,25.943700790405273,0,0,0,0,0,0,0,0,0,0,0,0,0,58.48728,45.41156
128,105.9397964477539,4.678699970245361,30.638999938964844,5.688000202178955,2.4642999172210693,4.220900058746338,18.749500274658203,1.2918000221252441,10000,10009,20000,10006,20000,20000,10000,0.5213000178337097,5.091599941253662,5.911799907684326,10000,2.776200000000149,8.7236,1,0.43590000000000007,0.1596,376832,15,15,7.0711,8048,0,0,35.53960037231445,18.818300247192383,17.0762996673584,7.174300193786621,0.022299999371170998,11.859399795532227,0,0,0,0,0,0,0,0,0,0,0,0,0,58.31784,45.3048
129,105.86209869384766,0.7476000189781189,38.668701171875,6.2519001960754395,3.276400089263916,5.612199783325195,22.564300537109375,1.4253000020980835,10000,10009,20000,10006,20000,20000,10000,0.6255000233650208,8.35509967803955,7.290200233459473,10000,3.563500000000621,5.5603,1,0.274,0.245,376832,15,15,6.4407,7712,0,0,39.717899322509766,22.637100219726562,11.645299911499023,5.82390022277832,0.02459999918937683,9.144000053405762,0,0,0,0,0,0,0,0,0,0,0,0,0,58.5828,45.15704
130,105.4614028930664,5.73199987411499,34.700199127197266,6.076499938964844,3.942500114440918,3.9556000232696533,15.138999938964844,1.2125999927520752,10000,10009,20000,10006,20000,20000,10000,0.5758000016212463,6.6107001304626465,6.865200042724609,10000,2.191999999999836,3.3908,1,0.2302,0.1672,376832,15,15,3.8871,15952,0,0,40.67250061035156,15.190500259399414,5.533299922943115,3.8301000595092773,0.016300000250339508,30.757999420166016,0,0,0,0,0,0,0,0,0,0,0,0,0,58.55432,45.35016
131,105.72869873046875,7.5792999267578125,32.24489974975586,5.972099781036377,2.901700019836426,5.4928998947143555,18.04829978942871,1.1013000011444092,10000,10009,20000,10006,20000,20000,10000,0.4821999967098236,6.993000030517578,4.6809000968933105,10000,2.806600000000206,4.9973,1,0.2511,0.18,376832,15,15,5.6148,548408,0,0,40.03049850463867,18.897600173950195,10.00529956817627,12.756099700927734,0.8047999739646912,10.68809986114502,0,0,0,0,0,0,0,0,0,0,0,0,0,58.44756,45.16404
132,105.80139923095703,5.4868998527526855,38.22589874267578,7.565400123596191,3.7107999324798584,4.50570011138916,16.653900146484375,1.1302000284194946,10000,10009,20000,10006,20000,20000,10000,0.5496000051498413,6.494999885559082,7.752699851989746,10000,2.523400000000001,3.6925,1,0.23279999999999998,0.158,376832,15,15,4.7361,8048,0,0,43.94269943237305,16.711599349975586,6.195899963378906,4.428299903869629,0.018300000578165054,23.458999633789062,0,0,0,0,0,0,0,0,0,0,0,0,0,58.53068,45.24784
133,105.69400024414062,0.4390000104904175,27.057600021362305,5.552800178527832,2.589200019836426,2.342900037765503,15.687700271606445,1.017300009727478,10000,10009,20000,10006,20000,20000,10000,0.3880000114440918,4.634300231933594,6.295400142669678,10000,2.264899999999859,4.0325,1,0.24159999999999998,0.1511,376832,15,15,5.4541,7712,0,0,27.712400436401367,15.744400024414062,7.3130998611450195,4.577499866485596,0.017100000753998756,37.45119857788086,0,0,0,0,0,0,0,0,0,0,0,0,0,58.466,45.30116
134,105.59190368652344,4.316299915313721,33.25339889526367,5.4816999435424805,3.6517999172210693,4.478899955749512,16.1205997467041,1.0707999467849731,10000,10009,20000,10006,20000,20000,10000,0.5325999855995178,6.8471999168396,6.485899925231934,10000,2.269499999999868,4.1608,1,0.3592000000000001,0.1827,376832,15,15,5.0039,15952,0,0,37.810298919677734,16.17889976501465,6.75570011138916,4.865499973297119,0.017100000753998756,29.132600784301758,0,0,0,0,0,0,0,0,0,0,0,0,0,58.50952,45.29432
135,114.87799835205078,14.261199951171875,35.11410140991211,6.573299884796143,3.0855000019073486,5.199999809265137,32.04209899902344,1.2096999883651733,10000,10009,20000,10006,20000,20000,10000,0.48919999599456787,6.839099884033203,5.860099792480469,10000,3.310600000000502,4.4212,1,0.257,0.1743,376832,15,15,5.2152,434392,0,0,49.58259963989258,32.77730178833008,8.851799964904785,9.516200065612793,0.6600000262260437,0.328000009059906,0,0,0,0,0,0,0,0,0,0,0,0,0,58.65388,45.13892
136,118.60250091552734,40.96329879760742,40.2952995300293,8.353899955749512,3.1721999645233154,4.237199783325195,19.152000427246094,1.3746999502182007,10000,10009,20000,10006,20000,20000,10000,0.54339998960495,9.435799598693848,7.191500186920166,10000,2.2592999999998336,1.7402,1,0.2247,0.1603,376832,15,15,4.5981,8048,0,0,81.47959899902344,19.212400436401367,3.8696000576019287,2.5562000274658203,0.016499999910593033,0.22220000624656677,0,0,0,0,0,0,0,0,0,0,0,0,0,58.57476,45.13668
137,83.65560150146484,0.3564999997615814,32.76250076293945,5.855100154876709,3.6305999755859375,4.124000072479248,16.24169921875,1.1109000444412231,10000,10009,20000,10006,20000,20000,10000,0.4494999945163727,6.736000061035156,5.9704999923706055,10000,2.428099999999952,3.2371,1,0.21660000000000001,0.1496,376832,15,15,4.5033,7712,0,0,33.25529861450195,16.300199508666992,6.582499980926514,4.000100135803223,0.018200000748038292,10.882200241088867,0,0,0,0,0,0,0,0,0,0,0,0,0,58.67508,44.869
138,105.56109619140625,4.4994001388549805,28.992599487304688,5.723299980163574,2.4642999172210693,3.0987000465393066,14.874799728393555,1.0377999544143677,10000,10009,20000,10006,20000,20000,10000,0.41280001401901245,6.146200180053711,6.507999897003174,10000,2.121899999999816,1.9673,1,0.14629999999999999,0.0874,376832,15,15,2.3089,15952,0,0,33.71080017089844,14.923999786376953,4.048299789428711,3.515399932861328,0.014999999664723873,42.40510177612305,0,0,0,0,0,0,0,0,0,0,0,0,0,58.47244,44.96696
139,105.37470245361328,18.393800735473633,25.65329933166504,6.03000020980835,1.55649995803833,4.209400177001953,14.88129997253418,1.0855000019073486,10000,10009,20000,10006,20000,20000,10000,0.48730000853538513,3.8357999324798584,4.356100082397461,10000,2.1213999999998165,2.3215,1,0.1316,0.0481,376832,15,15,2.142,529048,0,0,44.18429946899414,15.615300178527832,4.353000164031982,7.913099765777588,0.7042999863624573,26.448999404907227,0,0,0,0,0,0,0,0,0,0,0,0,0,58.35512,44.83876
140,105.61170196533203,9.4798002243042,31.138700485229492,5.563600063323975,2.9584999084472656,4.039999961853027,16.035200119018555,1.1258000135421753,10000,10009,20000,10006,20000,20000,10000,0.7261000275611877,6.842299938201904,5.491300106048584,10000,2.300299999999875,3.5294,1,0.30100000000000005,0.14179999999999998,376832,15,15,4.6117,8048,0,0,40.76359939575195,16.103700637817383,5.736999988555908,4.393599987030029,0.016499999910593033,26.821500778198242,0,0,0,0,0,0,0,0,0,0,0,0,0,58.50816,45.1646
141,104.99590301513672,0.46309998631477356,23.370899200439453,5.161600112915039,1.8389999866485596,2.3203001022338867,15.112700462341309,1.0317000150680542,10000,10009,20000,10006,20000,20000,10000,0.38589999079704285,3.927299976348877,5.031000137329102,10000,2.1198999999998187,2.5683,1,0.15999999999999998,0.0714,376832,15,15,2.8965,7712,0,0,24.06060028076172,15.143899917602539,4.65910005569458,3.677999973297119,0.009800000116229057,49.9739990234375,0,0,0,0,0,0,0,0,0,0,0,0,0,58.49736,45.30904
142,120.41619873046875,3.048799991607666,34.94110107421875,6.934700012207031,3.8889000415802,3.8822999000549316,15.495699882507324,1.1175999641418457,10000,10009,20000,10006,20000,20000,10000,0.4699000120162964,6.44890022277832,6.240300178527832,10000,2.3181999999998855,4.9501,1,0.24439999999999998,0.155,376832,15,15,6.9834,15952,0,0,38.126399993896484,15.545900344848633,9.003100395202637,9.77810001373291,0.016899999231100082,34.01570129394531,0,0,0,0,0,0,0,0,0,0,0,0,0,58.46152,45.27384
143,185.09579467773438,22.685400009155273,98.50849914550781,27.219499588012695,9.756799697875977,9.246299743652344,39.36289978027344,2.727799892425537,10000,10009,20000,10006,20000,20000,10000,1.077299952507019,12.869199752807617,19.433700561523438,10000,3.347800000000516,2.3753,1,0.17909999999999998,0.08410000000000001,376832,15,15,2.7427,529464,0,0,121.59089660644531,40.439300537109375,4.952400207519531,7.8445000648498535,1.0236999988555908,0.334199994802475,0,0,0,0,0,0,0,0,0,0,0,0,0,58.39044,45.12052
144,57.638099670410156,4.126200199127197,26.16790008544922,5.603700160980225,2.1006999015808105,2.7174999713897705,14.242300033569336,1.0497000217437744,10000,10009,20000,10006,20000,20000,10000,0.498199999332428,3.96370005607605,5.94980001449585,10000,2.096499999999815,1.6809,1,0.1305,0.043800000000000006,376832,15,15,1.3807,8048,0,0,30.50589942932129,14.272299766540527,3.6679000854492188,3.1110999584198,0.009200000204145908,0.3165000081062317,0,0,0,0,0,0,0,0,0,0,0,0,0,58.48276,45.02788
145,65.19419860839844,0.4083999991416931,25.340499877929688,5.296800136566162,1.658400058746338,2.5536999702453613,14.765199661254883,1.0853999853134155,10000,10009,20000,10006,20000,20000,10000,0.48069998621940613,4.762199878692627,5.442599773406982,10000,2.150399999999822,3.8319,1,0.3082,0.1058,376832,15,15,3.8779,7712,0,0,25.950000762939453,14.80459976196289,8.484999656677246,4.5117998123168945,0.014100000262260437,0.3240000009536743,0,0,0,0,0,0,0,0,0,0,0,0,0,58.46944,45.41168
146,99.9843978881836,5.723999977111816,29.460500717163086,5.661200046539307,2.0868000984191895,3.240499973297119,14.898699760437012,1.082900047302246,10000,10009,20000,10006,20000,20000,10000,0.4715000092983246,5.98199987411499,6.531599998474121,10000,2.1535999999998214,5.3299,1,0.2162,0.1598,376832,15,15,4.7945,15952,0,0,35.42340087890625,14.96310043334961,7.435200214385986,5.672100067138672,0.01640000008046627,25.54170036315918,0,0,0,0,0,0,0,0,0,0,0,0,0,58.65116,44.9016
147,123.2052993774414,9.042799949645996,38.8203010559082,7.366700172424316,4.551700115203857,4.927299976348877,16.335599899291992,1.2450000047683716,10000,10009,20000,10006,20000,20000,10000,0.48240000009536743,6.495100021362305,7.718299865722656,10000,2.47529999999994,2.4866,1,0.17149999999999999,0.0816,376832,15,15,2.7423,557664,0,0,48.0901985168457,17.09819984436035,5.405300140380859,44.13240051269531,0.7275999784469604,0.19840000569820404,0,0,0,0,0,0,0,0,0,0,0,0,0,58.45004,44.68516
148,87.98600006103516,2.694499969482422,22.379100799560547,5.315899848937988,1.6894999742507935,2.333899974822998,14.6628999710083,1.089400053024292,10000,10009,20000,10006,20000,20000,10000,0.49619999527931213,3.8833000659942627,4.292300224304199,10000,2.1241999999998193,2.3046,1,0.1487,0.0778,376832,15,15,2.1933,8048,0,0,25.205699920654297,14.7076997756958,4.344799995422363,3.169600009918213,0.014600000344216824,33.78929901123047,0,0,0,0,0,0,0,0,0,0,0,0,0,58.43016,44.83328
149,104.8031997680664,0.3474999964237213,21.7283992767334,4.999300003051758,1.4970999956130981,2.1786000728607178,14.471799850463867,0.9747999906539917,10000,10009,20000,10006,20000,20000,10000,0.5788999795913696,3.734800100326538,4.606800079345703,10000,2.147199999999819,2.3714,1,0.1447,0.075,376832,15,15,2.7643,7712,0,0,22.21660041809082,14.507100105285645,4.404200077056885,3.0908000469207764,0.013199999928474426,53.1265983581543,0,0,0,0,0,0,0,0,0,0,0,0,0,58.482,44.7342
150,105.14140319824219,3.0622000694274902,21.861900329589844,5.106400012969971,1.5607000589370728,2.282099962234497,14.697099685668945,0.9775999784469604,10000,10009,20000,10006,20000,20000,10000,0.3709000051021576,3.8059000968933105,4.570799827575684,10000,2.145499999999822,2.3709,1,0.2124,0.0653,376832,15,15,2.8024,15952,0,0,25.128999710083008,14.745499610900879,4.444799900054932,3.148699998855591,0.015699999406933784,47.20640182495117,0,0,0,0,0,0,0,0,0,0,0,0,0,58.43972,44.52432
151,105.23200225830078,4.988100051879883,22.54829978942871,5.305099964141846,1.518399953842163,2.9883999824523926,14.667200088500977,0.9575999975204468,10000,10009,20000,10006,20000,20000,10000,0.41200000047683716,3.7795000076293945,4.163400173187256,10000,2.119799999999816,1.9199,1,0.15309999999999999,0.0771,376832,15,15,2.8781,576936,0,0,27.74049949645996,15.415800094604492,3.911099910736084,6.774600028991699,0.7265999913215637,43.83700180053711,0,0,0,0,0,0,0,0,0,0,0,0,0,58.53876,44.67876
152,104.94599914550781,2.683500051498413,21.092899322509766,5.1753997802734375,1.5928000211715698,2.2244999408721924,14.789999961853027,1.0011999607086182,10000,10009,20000,10006,20000,20000,10000,0.3427000045776367,3.7474000453948975,3.9059998989105225,10000,2.197399999999839,1.6322,1,0.1544,0.0822,376832,15,15,3.0081,8048,0,0,23.91160011291504,14.817899703979492,3.7255001068115234,2.9974000453948975,0.009100000374019146,51.76649856567383,0,0,0,0,0,0,0,0,0,0,0,0,0,58.61808,44.694
153,104.96929931640625,0.44999998807907104,21.75160026550293,5.055099964141846,1.5015000104904175,2.2602999210357666,14.373499870300293,0.9674999713897705,10000,10009,20000,10006,20000,20000,10000,0.3790999948978424,3.772599935531616,4.587399959564209,10000,2.129799999999817,2.1883,1,0.1486,0.0794,376832,15,15,2.4392,7712,0,0,22.339099884033203,14.402400016784668,4.308199882507324,3.0887999534606934,0.009200000204145908,53.88130187988281,0,0,0,0,0,0,0,0,0,0,0,0,0,58.53372,44.56592
154,105.2345962524414,3.079900026321411,21.743600845336914,5.000800132751465,1.68149995803833,2.2302000522613525,14.747699737548828,0.9763000011444092,10000,10009,20000,10006,20000,20000,10000,0.35569998621940613,3.6995999813079834,4.638400077819824,10000,2.14409999999982,2.2521,1,0.1478,0.0757,376832,15,15,2.3361,15952,0,0,24.968000411987305,14.77810001373291,4.33620023727417,2.639699935913086,0.00930000003427267,51.66749954223633,0,0,0,0,0,0,0,0,0,0,0,0,0,58.42868,44.71328
155,104.93900299072266,4.822999954223633,23.873199462890625,5.471099853515625,1.5714000463485718,3.1930999755859375,14.784500122070312,1.059399962425232,10000,10009,20000,10006,20000,20000,10000,0.35740000009536743,3.8127999305725098,4.532599925994873,10000,2.133999999999817,2.3435,1,0.14759999999999998,0.07150000000000001,376832,15,15,2.2074,639192,0,0,28.837200164794922,15.625399589538574,4.382800102233887,7.203199863433838,0.8138999938964844,41.21590042114258,0,0,0,0,0,0,0,0,0,0,0,0,0,58.34972,44.77748
156,105.10790252685547,2.712599992752075,23.388500213623047,5.427000045776367,2.277899980545044,2.411900043487549,14.909799575805664,1.0494999885559082,10000,10009,20000,10006,20000,20000,10000,0.3700000047683716,4.077000141143799,4.452899932861328,10000,2.1234999999998174,2.333,1,0.1441,0.08449999999999999,376832,15,15,2.8595,8048,0,0,26.239999771118164,14.941200256347656,4.410200119018555,3.9058001041412354,0.009600000455975533,48.227500915527344,0,0,0,0,0,0,0,0,0,0,0,0,0,58.4514,44.72312
157,105.34829711914062,0.34769999980926514,22.617000579833984,5.223999977111816,1.823199987411499,2.393899917602539,17.236600875854492,1.0015000104904175,10000,10009,20000,10006,20000,20000,10000,0.41100001335144043,3.7209999561309814,4.793399810791016,10000,2.1543999999998245,2.3165,1,0.23299999999999996,0.11250000000000002,376832,15,15,2.6558,7712,0,0,23.123300552368164,17.27790069580078,4.5233001708984375,3.343100070953369,0.01590000092983246,49.654998779296875,0,0,0,0,0,0,0,0,0,0,0,0,0,58.61984,44.70832
158,105.08290100097656,2.827500104904175,22.672800064086914,5.230500221252441,1.7613999843597412,2.29010009765625,14.759699821472168,1.0132999420166016,10000,10009,20000,10006,20000,20000,10000,0.4041999876499176,3.7873001098632812,4.940499782562256,10000,2.1392999999998197,3.2586,1,0.1533,0.0774,376832,15,15,3.597,15952,0,0,25.637100219726562,14.790800094604492,5.318299770355225,4.059000015258789,0.00930000003427267,45.91469955444336,0,0,0,0,0,0,0,0,0,0,0,0,0,58.3946,44.79484
159,104.96260070800781,5.054200172424316,23.777700424194336,5.541200160980225,2.176800012588501,3.0471999645233154,15.045900344848633,0.9983000159263611,10000,10009,20000,10006,20000,20000,10000,0.41819998621940613,3.7592999935150146,4.4375,10000,2.153999999999824,2.2498,1,0.1335,0.0498,376832,15,15,1.5446,574648,0,0,28.972299575805664,15.977399826049805,4.297100067138672,6.659599781036377,0.9031999707221985,42.92190170288086,0,0,0,0,0,0,0,0,0,0,0,0,0,58.3902,44.82672
160,105.30909729003906,2.942500114440918,22.90019989013672,5.5269999504089355,2.224299907684326,2.358099937438965,15.210700035095215,0.9840999841690063,10000,10009,20000,10006,20000,20000,10000,0.33329999446868896,4.009399890899658,4.292900085449219,10000,2.1686999999998213,2.8144,1,0.17139999999999997,0.0889,376832,15,15,2.8252,8048,0,0,26.008699417114258,15.255200386047363,4.908199787139893,3.775099992752075,0.01679999940097332,46.86600112915039,0,0,0,0,0,0,0,0,0,0,0,0,0,58.564,45.2708
161,105.18720245361328,0.4196000099182129,25.401599884033203,5.2606000900268555,2.6735999584198,2.30430006980896,15.761199951171875,1.2354999780654907,10000,10009,20000,10006,20000,20000,10000,0.39899998903274536,4.1992998123168945,5.077700138092041,10000,2.1373999999998192,3.9249,1,0.17609999999999998,0.1148,376832,15,15,3.7385,7712,0,0,26.025699615478516,15.8125,6.525000095367432,5.4120001792907715,0.015300000086426735,41.4182014465332,0,0,0,0,0,0,0,0,0,0,0,0,0,58.4986,45.35892
162,105.80130004882812,5.180500030517578,32.532100677490234,5.2555999755859375,3.009000062942505,3.675600051879883,21.00349998474121,1.0849000215530396,10000,10009,20000,10006,20000,20000,10000,0.5702000260353088,7.069200038909912,7.221199989318848,10000,2.5780000000000025,3.9205,1,0.19849999999999998,0.1127,376832,15,15,4.474,15952,0,0,37.94169998168945,21.068899154663086,6.657700061798096,6.287199974060059,0.020500000566244125,21.34830093383789,0,0,0,0,0,0,0,0,0,0,0,0,0,58.47764,45.25176
163,105.76679992675781,9.785699844360352,35.97359848022461,6.146500110626221,2.8096001148223877,5.077099800109863,23.158000946044922,1.1894999742507935,10000,10009,20000,10006,20000,20000,10000,0.4948999881744385,6.446599960327148,7.864500045776367,10000,2.9252000000003213,2.4694,1,0.23129999999999998,0.1585,376832,15,15,5.5026,550192,0,0,45.992401123046875,23.953800201416016,7.790800094604492,9.671600341796875,0.7544999718666077,5.199999809265137,0,0,0,0,0,0,0,0,0,0,0,0,0,58.4946,44.67772
164,105.44180297851562,5.798399925231934,34.456600189208984,5.766600131988525,3.156100034713745,4.0329999923706055,16.104799270629883,1.0871000289916992,10000,10009,20000,10006,20000,20000,10000,0.40779998898506165,7.23390007019043,6.814300060272217,10000,2.3563999999998657,2.2624,1,0.2054,0.1393,376832,15,15,3.2558,8048,0,0,40.4827995300293,16.160200119018555,4.583099842071533,3.3183000087738037,0.016300000250339508,30.802000045776367,0,0,0,0,0,0,0,0,0,0,0,0,0,58.239,45.02336
165,105.4302978515625,0.3440999984741211,23.33099937438965,5.163899898529053,2.562299966812134,2.364799976348877,14.363699913024902,0.9757999777793884,10000,10009,20000,10006,20000,20000,10000,0.33480000495910645,3.811800003051758,4.884399890899658,10000,2.122099999999828,2.3974,1,0.1401,0.0482,376832,15,15,1.5162,7712,0,0,23.818599700927734,14.394599914550781,4.440299987792969,3.282399892807007,0.009499999694526196,53.56589889526367,0,0,0,0,0,0,0,0,0,0,0,0,0,58.47868,44.65644
166,105.18879699707031,5.624899864196777,34.73870086669922,5.802999973297119,2.3122000694274902,5.804699897766113,17.350200653076172,1.7742999792099,10000,10009,20000,10006,20000,20000,10000,0.5404000282287598,8.061599731445312,5.361999988555908,10000,2.5030999999999777,2.3583,1,0.2603,0.1719,376832,15,15,3.93,15952,0,0,40.58140182495117,17.41349983215332,4.763199806213379,3.5889999866485596,0.017899999395012856,27.943199157714844,0,0,0,0,0,0,0,0,0,0,0,0,0,58.50064,44.7998
167,104.80000305175781,6.345200061798096,23.388700485229492,5.457699775695801,2.1157000064849854,3.015700101852417,14.725199699401855,0.9667999744415283,10000,10009,20000,10006,20000,20000,10000,0.40849998593330383,3.654099941253662,4.325200080871582,10000,2.1791999999998164,2.4771,1,0.1321,0.0453,376832,15,15,1.7925,590128,0,0,29.939300537109375,15.519399642944336,4.500800132751465,6.932400226593018,0.7694000005722046,41.09429931640625,0,0,0,0,0,0,0,0,0,0,0,0,0,58.49772,45.38524
168,105.50659942626953,3.026099920272827,31.01110076904297,5.252900123596191,2.164299964904785,3.4447999000549316,24.149900436401367,1.6181000471115112,10000,10009,20000,10006,20000,20000,10000,0.4415000081062317,9.64109992980957,4.401299953460693,10000,4.0537000000008705,4.7952,1,0.2536,0.1896,376832,15,15,5.0334,8048,0,0,34.17470169067383,24.241100311279297,9.4173002243042,6.304900169372559,0.026100000366568565,14.333200454711914,0,0,0,0,0,0,0,0,0,0,0,0,0,58.61296,44.53552
169,105.62010192871094,0.6777999997138977,34.80939865112305,6.012199878692627,3.540800094604492,3.196700096130371,14.852499961853027,1.0988999605178833,10000,10009,20000,10006,20000,20000,10000,0.42980000376701355,6.5289998054504395,8.390000343322754,10000,2.143899999999825,2.3687,1,0.1355,0.0524,376832,15,15,1.7013,7712,0,0,35.7598991394043,14.900799751281738,4.431700229644775,3.1507999897003174,0.01510000042617321,41.06930160522461,0,0,0,0,0,0,0,0,0,0,0,0,0,58.71244,44.80932
170,105.0636978149414,2.9381000995635986,23.20789909362793,5.084499835968018,2.3854000568389893,2.372499942779541,14.927200317382812,0.9817000031471252,10000,10009,20000,10006,20000,20000,10000,0.4456000030040741,3.9235000610351562,4.811200141906738,10000,2.1296999999998203,2.2481,1,0.14730000000000001,0.0774,376832,15,15,1.8656,15952,0,0,26.281400680541992,14.968400001525879,4.271299839019775,2.912600040435791,0.015599999576807022,50.15530014038086,0,0,0,0,0,0,0,0,0,0,0,0,0,58.4076,45.01404
171,105.45079803466797,5.188899993896484,24.009899139404297,5.455100059509277,1.6770000457763672,3.0938000679016113,16.65250015258789,0.9656000137329102,10000,10009,20000,10006,20000,20000,10000,0.35580000281333923,3.805000066757202,4.835899829864502,10000,2.2511999999998786,2.026,1,0.1735,0.0666,376832,15,15,2.4481,602512,0,0,29.39240074157715,17.43829917907715,4.22760009765625,8.7568998336792,0.7516000270843506,38.207401275634766,0,0,0,0,0,0,0,0,0,0,0,0,0,58.39544,44.8216
172,105.39129638671875,3.990499973297119,27.003999710083008,6.80019998550415,2.163100004196167,2.587899923324585,17.119800567626953,1.1497999429702759,10000,10009,20000,10006,20000,20000,10000,0.3675000071525574,4.718299865722656,5.180600166320801,10000,2.274299999999873,2.3943,1,0.22760000000000002,0.0882,376832,15,15,2.6093,8048,0,0,31.201000213623047,17.16819953918457,4.740799903869629,3.600800037384033,0.016300000250339508,39.215999603271484,0,0,0,0,0,0,0,0,0,0,0,0,0,58.3756,45.31152
173,105.53669738769531,0.45019999146461487,22.725000381469727,5.04040002822876,1.6123000383377075,2.2327001094818115,14.854700088500977,0.9700000286102295,10000,10009,20000,10006,20000,20000,10000,0.32019999623298645,3.9084999561309814,5.252799987792969,10000,2.1511999999998253,5.2671,1,0.1324,0.0474,376832,15,15,3.4249,7712,0,0,23.373899459838867,14.887399673461914,10.631400108337402,5.845300197601318,0.009800000116229057,42.80780029296875,0,0,0,0,0,0,0,0,0,0,0,0,0,58.40024,45.29636
174,105.44239807128906,8.142900466918945,43.96289825439453,8.097599983215332,4.591899871826172,3.999300003051758,19.010799407958984,1.3956999778747559,10000,10009,20000,10006,20000,20000,10000,0.6583999991416931,7.593900203704834,10.437199592590332,10000,2.7063000000001143,4.1583,1,0.24890000000000007,0.285,376832,15,15,4.2459,15952,0,0,52.444000244140625,19.07040023803711,6.687300205230713,4.83050012588501,0.020500000566244125,10.276000022888184,0,0,0,0,0,0,0,0,0,0,0,0,0,58.41208,45.0902
175,114.4021987915039,8.44909954071045,34.88410186767578,5.868899822235107,2.49780011177063,4.731299877166748,21.149700164794922,1.1268999576568604,10000,10009,20000,10006,20000,20000,10000,0.4909999966621399,7.897600173950195,6.528500080108643,10000,5.569500000000632,6.4984,1,0.35960000000000003,0.1622,376832,15,15,6.3157,586136,0,0,43.650699615478516,22.336700439453125,17.09269905090332,11.800600051879883,1.1212999820709229,0.3328000009059906,0,0,0,0,0,0,0,0,0,0,0,0,0,58.33312,44.63052
176,96.33319854736328,4.14300012588501,28.032699584960938,5.30709981918335,1.7029999494552612,4.068900108337402,15.262399673461914,1.0924999713897705,10000,10009,20000,10006,20000,20000,10000,0.47119998931884766,5.698699951171875,5.32420015335083,10000,2.139399999999819,3.8451,1,0.2251,0.166,376832,15,15,4.5039,8048,0,0,32.39670181274414,15.301899909973145,5.982999801635742,4.152100086212158,0.011099999770522118,28.175600051879883,0,0,0,0,0,0,0,0,0,0,0,0,0,58.56116,44.6678
177,104.7969970703125,0.3465999960899353,23.427400588989258,5.163700103759766,1.9733999967575073,2.265700101852417,15.067500114440918,0.9937000274658203,10000,10009,20000,10006,20000,20000,10000,0.42410001158714294,4.09630012512207,5.235599994659424,10000,2.1379999999998196,2.6603,1,0.14850000000000002,0.0845,376832,15,15,2.7536,7712,0,0,23.918899536132812,15.10219955444336,5.082499980926514,3.787400007247925,0.010499999858438969,49.588199615478516,0,0,0,0,0,0,0,0,0,0,0,0,0,58.5168,44.86884
178,105.11180114746094,2.3785998821258545,22.87929916381836,5.148499965667725,1.7005000114440918,2.6433000564575195,14.629500389099121,0.9573000073432922,10000,10009,20000,10006,20000,20000,10000,0.4180000126361847,3.723900079727173,5.001299858093262,10000,2.1342999999998162,1.7769,1,0.1442,0.0868,376832,15,15,2.2981,15952,0,0,25.398500442504883,14.661399841308594,3.950700044631958,3.0569000244140625,0.009399999864399433,51.187599182128906,0,0,0,0,0,0,0,0,0,0,0,0,0,58.39492,44.8612
179,105.25869750976562,5.863800048828125,33.24729919433594,7.559500217437744,3.814199924468994,5.04640007019043,15.23840045928955,1.0952999591827393,10000,10009,20000,10006,20000,20000,10000,0.43689998984336853,5.4969000816345215,5.138199806213379,10000,2.1717999999998323,2.483,1,0.15600000000000003,0.053599999999999995,376832,15,15,1.7112,528000,0,0,39.340599060058594,15.923399925231934,4.636600017547607,8.414600372314453,0.6521000266075134,29.90130043029785,0,0,0,0,0,0,0,0,0,0,0,0,0,58.39448,44.89912
180,105.37169647216797,2.9590001106262207,23.65959930419922,5.673399925231934,1.9355000257492065,2.306999921798706,15.911499977111816,1.0311000347137451,10000,10009,20000,10006,20000,20000,10000,0.41780000925064087,4.025700092315674,4.73859977722168,10000,2.294099999999914,4.4784,1,0.2452,0.1541,376832,15,15,4.5266,8048,0,0,26.760299682617188,15.956899642944336,6.784999847412109,5.395400047302246,0.01730000041425228,39.57870101928711,0,0,0,0,0,0,0,0,0,0,0,0,0,58.3796,44.90828
181,105.28340148925781,0.4097999930381775,25.397600173950195,5.095799922943115,1.7985999584197998,2.694999933242798,14.781000137329102,0.9994000196456909,10000,10009,20000,10006,20000,20000,10000,0.3346000015735626,3.891700029373169,6.687399864196777,10000,2.1099999999998187,1.5027,1,0.1462,0.077,376832,15,15,2.9665,7712,0,0,26.015100479125977,14.811599731445312,3.547499895095825,3.414099931716919,0.009600000455975533,49.918800354003906,0,0,0,0,0,0,0,0,0,0,0,0,0,58.33444,44.72744
182,104.92320251464844,3.5271999835968018,24.62019920349121,5.315000057220459,1.833400011062622,2.6814000606536865,15.725500106811523,0.991599977016449,10000,10009,20000,10006,20000,20000,10000,0.4187999963760376,4.563000202178955,5.114699840545654,10000,2.24899999999983,2.5353,1,0.18270000000000003,0.121,376832,15,15,3.4158,15952,0,0,28.36590003967285,15.776900291442871,4.801300048828125,4.061299800872803,0.017799999564886093,42.004398345947266,0,0,0,0,0,0,0,0,0,0,0,0,0,58.59948,44.60628
183,105.27100372314453,4.956999778747559,25.191999435424805,5.645899772644043,2.1054999828338623,3.155100107192993,15.476400375366211,0.9912999868392944,10000,10009,20000,10006,20000,20000,10000,0.5752000212669373,3.977299928665161,4.784299850463867,10000,2.176199999999819,3.3389,1,0.19060000000000002,0.1227,376832,15,15,5.0171,542648,0,0,30.29129981994629,16.215299606323242,5.42140007019043,8.688599586486816,0.7116000056266785,32.49639892578125,0,0,0,0,0,0,0,0,0,0,0,0,0,58.39784,45.00156
184,105.1791000366211,2.8160998821258545,21.71809959411621,5.104499816894531,1.6035000085830688,2.3687000274658203,14.667400360107422,0.9799000024795532,10000,10009,20000,10006,20000,20000,10000,0.365200012922287,3.748500108718872,4.4390997886657715,10000,2.1203999999998175,2.375,1,0.13479999999999998,0.0911,376832,15,15,3.109,8048,0,0,24.78179931640625,14.700699806213379,4.428999900817871,3.509000062942505,0.010200000368058681,50.15510177612305,0,0,0,0,0,0,0,0,0,0,0,0,0,58.46736,44.8614
185,105.05269622802734,0.35659998655319214,27.955900192260742,5.853499889373779,2.3794000148773193,2.3559000492095947,15.406900405883789,0.9864000082015991,10000,10009,20000,10006,20000,20000,10000,0.3573000133037567,3.975100040435791,7.5868000984191895,10000,2.170299999999823,1.405,1,0.14880000000000002,0.0905,376832,15,15,2.7942,7712,0,0,28.465499877929688,15.457900047302246,3.4677999019622803,3.315999984741211,0.01510000042617321,45.57550048828125,0,0,0,0,0,0,0,0,0,0,0,0,0,58.41628,45.01908
186,105.15360260009766,2.7072999477386475,26.29509925842285,5.542200088500977,2.224299907684326,2.6105000972747803,15.304400444030762,1.0032000541687012,10000,10009,20000,10006,20000,20000,10000,0.3513000011444092,4.496399879455566,6.696800231933594,10000,2.1523999999998185,3.507,1,0.1804,0.1032,376832,15,15,3.3286,15952,0,0,29.14430046081543,15.356599807739258,5.698999881744385,3.954400062561035,0.016499999910593033,40.410301208496094,0,0,0,0,0,0,0,0,0,0,0,0,0,58.49508,44.87488
187,105.56809997558594,11.660799980163574,37.125301361083984,6.844900131225586,3.8522000312805176,4.9781999588012695,15.575300216674805,1.1568000316619873,10000,10009,20000,10006,20000,20000,10000,0.5152000188827515,7.528600215911865,6.990799903869629,10000,2.226299999999829,3.5464,1,0.23190000000000002,0.1414,376832,15,15,4.4443,529712,1,0,48.91830062866211,16.33919906616211,5.782800197601318,10.891599655151367,0.7206000089645386,11.671199798583984,0,0,0,0,0,0,0,0,0,0,0,0,0,58.41644,44.78716
188,105.02860260009766,5.371200084686279,24.128000259399414,5.342299938201904,2.125499963760376,2.6284000873565674,15.304100036621094,0.9991000294685364,10000,10009,20000,10006,20000,20000,10000,0.38929998874664307,4.160299777984619,4.981500148773193,10000,2.201999999999813,2.4721,1,0.1318,0.0405,376832,15,15,1.5189,25352,0,0,29.855199813842773,15.353500366210938,4.551199913024902,3.539099931716919,0.015799999237060547,44.33000183105469,0,0,0,0,0,0,0,0,0,0,0,0,0,58.49528,44.87356
189,105.35399627685547,0.33799999952316284,23.036500930786133,5.366099834442139,1.778499960899353,2.2664999961853027,15.77869987487793,0.9833999872207642,10000,10009,20000,10006,20000,20000,10000,0.4163999855518341,3.7541000843048096,5.012800216674805,10000,2.3024999999998905,2.7072,1,0.2374,0.1528,376832,15,15,4.2612,7712,0,0,23.518999099731445,15.829999923706055,5.045300006866455,3.6386001110076904,0.018300000578165054,45.60900115966797,0,0,0,0,0,0,0,0,0,0,0,0,0,58.51372,44.73112
190,105.3115005493164,4.0507001876831055,25.454700469970703,5.435999870300293,2.2320001125335693,2.712399959564209,15.033100128173828,0.9650999903678894,10000,10009,20000,10006,20000,20000,10000,0.40230000019073486,5.350399971008301,5.009699821472168,10000,2.1483999999998193,2.3826,1,0.17579999999999998,0.11660000000000001,376832,15,15,3.2074,15952,0,0,29.723899841308594,15.098699569702148,4.408199787139893,3.15939998626709,0.02669999934732914,42.598899841308594,0,0,0,0,0,0,0,0,0,0,0,0,0,58.52424,44.7504
191,105.10600280761719,4.758299827575684,26.37459945678711,5.6645002365112305,1.9421000480651855,4.008999824523926,15.502799987792969,1.031000018119812,10000,10009,20000,10006,20000,20000,10000,0.3644999861717224,5.05679988861084,4.696400165557861,10000,2.2177999999998232,2.7926,1,0.19069999999999998,0.0822,376832,15,15,2.871,545040,0,0,31.27549934387207,16.28339958190918,4.910099983215332,8.773500442504883,0.7458999752998352,34.22909927368164,0,0,0,0,0,0,0,0,0,0,0,0,0,58.34356,44.88312
192,105.19429779052734,3.581700086593628,21.687999725341797,5.136899948120117,1.61489999294281,2.2304999828338623,14.32040023803711,0.9740999937057495,10000,10009,20000,10006,20000,20000,10000,0.36340001225471497,3.744499921798706,4.463600158691406,10000,2.111199999999816,2.4279,1,0.1311,0.038400000000000004,376832,15,15,1.4739,8048,0,0,25.467199325561523,14.3503999710083,4.388599872589111,2.4809000492095947,0.00930000003427267,52.66279983520508,0,0,0,0,0,0,0,0,0,0,0,0,0,58.64204,44.73556
193,105.00430297851562,0.4422999918460846,23.068899154663086,5.126999855041504,1.642699956893921,2.274399995803833,14.832500457763672,1.0069999694824219,10000,10009,20000,10006,20000,20000,10000,0.39989998936653137,3.6703999042510986,5.267099857330322,10000,2.106999999999827,4.0979,1,0.16190000000000002,0.10350000000000001,376832,15,15,3.2723,7712,0,0,23.7273006439209,14.86139965057373,6.116199970245361,4.155200004577637,0.00930000003427267,48.173099517822266,0,0,0,0,0,0,0,0,0,0,0,0,0,58.5054,44.7712
194,105.09490203857422,2.833899974822998,22.653200149536133,5.214300155639648,1.767699956893921,2.311300039291382,15.052000045776367,0.9677000045776367,10000,10009,20000,10006,20000,20000,10000,0.37700000405311584,3.7578001022338867,5.053400039672852,10000,2.130499999999816,2.341,1,0.14529999999999998,0.07400000000000001,376832,15,15,2.6894,15952,0,0,25.689899444580078,15.090800285339355,4.3491997718811035,2.711400032043457,0.011300000362098217,49.79710006713867,0,0,0,0,0,0,0,0,0,0,0,0,0,58.6874,44.6144
195,105.1156005859375,5.3144001960754395,24.778600692749023,5.7220001220703125,2.52839994430542,3.1387999057769775,14.721599578857422,0.9750999808311462,10000,10009,20000,10006,20000,20000,10000,0.33500000834465027,4.010000228881836,4.545199871063232,10000,2.133499999999819,1.7147,1,0.1328,0.0474,376832,15,15,1.5325,558888,0,0,30.225500106811523,15.463899612426758,3.7337000370025635,7.853400230407715,0.7113999724388123,41.78889846801758,0,0,0,0,0,0,0,0,0,0,0,0,0,58.49228,44.70364
196,105.20539855957031,2.688699960708618,21.27899932861328,5.0879998207092285,1.5351999998092651,2.149899959564209,14.41409969329834,0.9523000121116638,10000,10009,20000,10006,20000,20000,10000,0.38019999861717224,3.821899890899658,4.331299781799316,10000,2.122399999999819,1.3942,1,0.1314,0.0504,376832,15,15,2.198,8048,0,0,24.10580062866211,14.443499565124512,3.4014999866485596,2.8907999992370605,0.00930000003427267,53.757999420166016,0,0,0,0,0,0,0,0,0,0,0,0,0,58.61112,44.75304
197,105.3843994140625,0.34599998593330383,24.80900001525879,5.97130012512207,2.2428998947143555,2.2323999404907227,15.125699996948242,1.0003000497817993,10000,10009,20000,10006,20000,20000,10000,0.42559999227523804,4.135300159454346,5.15500020980835,10000,2.1307999999998177,3.2276,1,0.18670000000000003,0.109,376832,15,15,3.8457,7712,0,0,25.294300079345703,15.180100440979004,5.264599800109863,4.196599960327148,0.015799999237060547,44.83940124511719,0,0,0,0,0,0,0,0,0,0,0,0,0,58.45416,45.12988
198,105.30220031738281,3.178299903869629,23.67729949951172,5.223400115966797,2.865299940109253,2.2643001079559326,14.742300033569336,0.9643999934196472,10000,10009,20000,10006,20000,20000,10000,0.3995000123977661,3.8022000789642334,4.958399772644043,10000,2.194999999999834,2.4278,1,0.1341,0.054099999999999995,376832,15,15,1.7386,15952,0,0,27.06130027770996,14.782400131225586,4.4847002029418945,2.997299909591675,0.014299999922513962,49.49399948120117,0,0,0,0,0,0,0,0,0,0,0,0,0,58.45792,44.73328
199,105.22139739990234,7.870699882507324,31.245100021362305,5.621200084686279,2.703399896621704,5.077499866485596,15.274800300598145,1.0683000087738037,10000,10009,20000,10006,20000,20000,10000,0.4212000072002411,6.38730001449585,5.319300174713135,10000,2.211799999999824,2.4369,1,0.15139999999999998,0.0778,376832,15,15,2.8921,551760,0,0,39.35960006713867,16.059600830078125,4.540500164031982,8.343600273132324,0.7515000104904175,28.283899307250977,0,0,0,0,0,0,0,0,0,0,0,0,0,58.40364,45.2784
200,105.35900115966797,3.0729000568389893,22.339799880981445,5.232100009918213,1.6693999767303467,2.341200113296509,14.796299934387207,1.350600004196167,10000,10009,20000,10006,20000,20000,10000,0.45500001311302185,3.707900047302246,4.436699867248535,10000,2.2619999999998237,3.8298,1,0.2932,0.09490000000000001,376832,15,15,2.8977,8048,0,0,25.626399993896484,14.833800315856934,8.371199607849121,5.036499977111816,0.013700000010430813,42.689300537109375,0,0,0,0,0,0,0,0,0,0,0,0,0,58.352,45.496
201,173.3343963623047,0.4478999972343445,52.87329864501953,7.688799858093262,2.7955000400543213,7.158999919891357,60.28049850463867,1.4924999475479126,10000,10009,20000,10006,20000,20000,10000,2.9693000316619873,17.79450035095215,7.284200191497803,10000,7.281100000000931,10.8201,1,0.5907,0.2993,376832,15,15,11.1827,7712,0,0,53.54779815673828,60.40010070800781,18.588600158691406,10.233799934387207,0.03359999880194664,0.5347999930381775,0,0,0,0,0,0,0,0,0,0,0,0,0,58.49188,45.38592
202,93.22339630126953,8.602700233459473,55.6432991027832,12.11520004272461,8.373700141906738,4.5721001625061035,14.937600135803223,1.2425999641418457,10000,10009,20000,10006,20000,20000,10000,0.5906000137329102,6.353499889373779,14.981599807739258,10000,2.1451999999998175,1.386,1,0.14329999999999998,0.07400000000000001,376832,15,15,2.2561,15952,0,0,64.65589904785156,14.981599807739258,3.4326999187469482,2.771899938583374,0.014000000432133675,0.3025999963283539,0,0,0,0,0,0,0,0,0,0,0,0,0,58.52248,44.63884
203,64.22480010986328,5.649899959564209,28.023099899291992,5.737599849700928,2.3585000038146973,4.799099922180176,14.672100067138672,1.0716999769210815,10000,10009,20000,10006,20000,20000,10000,0.482699990272522,4.113500118255615,4.856400012969971,10000,2.138899999999821,1.419,1,0.136,0.045899999999999996,376832,15,15,1.4839,514944,0,0,33.85969924926758,15.39210033416748,3.4198999404907227,5.2266998291015625,0.6912999749183655,0.19820000231266022,0,0,0,0,0,0,0,0,0,0,0,0,0,58.3982,44.66692
204,91.41280364990234,2.8778998851776123,21.82699966430664,5.157599925994873,2.0072999000549316,2.225399971008301,14.817700386047363,1.0575000047683716,10000,10009,20000,10006,20000,20000,10000,0.3797999918460846,3.7716000080108643,4.2017998695373535,10000,2.1301999999998187,2.6167,1,0.14439999999999997,0.0737,376832,15,15,2.3558,8048,0,0,24.845399856567383,14.86299991607666,4.6528000831604,3.2132999897003174,0.02239999920129776,36.981998443603516,0,0,0,0,0,0,0,0,0,0,0,0,0,58.63336,44.7156
205,104.91649627685547,0.3752000033855438,23.035900115966797,5.14300012588501,1.80239999294281,2.333199977874756,15.443699836730957,0.9819999933242798,10000,10009,20000,10006,20000,20000,10000,0.37940001487731934,3.8203001022338867,5.242199897766113,10000,2.1377999999998183,2.4169,1,0.15089999999999998,0.0646,376832,15,15,2.7808,7712,0,0,23.553800582885742,15.48900032043457,4.449999809265137,3.1851000785827637,0.016899999231100082,50.59479904174805,0,0,0,0,0,0,0,0,0,0,0,0,0,58.41904,44.7134
206,105.19490051269531,2.794600009918213,22.920700073242188,5.029200077056885,1.815600037574768,2.5446999073028564,14.65999984741211,0.9814000129699707,10000,10009,20000,10006,20000,20000,10000,0.40380001068115234,3.9435999393463135,5.061399936676025,10000,2.1225999999998195,2.2589,1,0.185,0.1063,376832,15,15,2.179,15952,0,0,25.853300094604492,14.689299583435059,4.23769998550415,2.946500062942505,0.009100000374019146,50.739601135253906,0,0,0,0,0,0,0,0,0,0,0,0,0,58.40092,44.65452
207,105.3019027709961,5.131999969482422,24.18090057373047,5.479599952697754,1.7210999727249146,3.3589999675750732,15.501199722290039,1.0024000406265259,10000,10009,20000,10006,20000,20000,10000,0.39730000495910645,3.925800085067749,4.798999786376953,10000,2.1557999999998185,2.7731,1,0.22530000000000003,0.0875,376832,15,15,3.182,592768,0,0,29.442800521850586,16.31559944152832,4.9394001960754395,8.121000289916992,0.7846999764442444,35.69649887084961,0,0,0,0,0,0,0,0,0,0,0,0,0,58.6008,44.61724
208,104.65959930419922,4.170300006866455,26.39389991760254,5.476500034332275,3.18179988861084,2.329699993133545,15.179900169372559,1.014299988746643,10000,10009,20000,10006,20000,20000,10000,0.34540000557899475,4.063399791717529,6.075500011444092,10000,2.2429999999998276,2.4219,1,0.151,0.0875,376832,15,15,2.7837,8048,0,0,30.748300552368164,15.22599983215332,4.580399990081787,3.1689000129699707,0.016200000420212746,43.42319869995117,0,0,0,0,0,0,0,0,0,0,0,0,0,58.49044,44.65356
209,105.12789916992188,0.3391000032424927,23.65250015258789,5.185100078582764,2.6480000019073486,2.2320001125335693,14.501399993896484,0.9700999855995178,10000,10009,20000,10006,20000,20000,10000,0.40470001101493835,3.785599946975708,5.254199981689453,10000,2.143299999999821,2.2518,1,0.1474,0.06709999999999999,376832,15,15,2.8566,7712,0,0,24.13279914855957,14.53279972076416,4.282199859619141,3.1684999465942383,0.009999999776482582,51.586700439453125,0,0,0,0,0,0,0,0,0,0,0,0,0,58.54164,44.62764
210,105.2761001586914,2.6254000663757324,22.58300018310547,5.02370023727417,1.61899995803833,2.289299964904785,14.68019962310791,0.9678000211715698,10000,10009,20000,10006,20000,20000,10000,0.3799999952316284,4.091000080108643,5.009500026702881,10000,2.135099999999821,2.1245,1,0.1446,0.0745,376832,15,15,2.7918,15952,0,0,25.342899322509766,14.710800170898438,4.171500205993652,2.624500036239624,0.008999999612569809,51.14690017700195,0,0,0,0,0,0,0,0,0,0,0,0,0,58.5994,44.67084
211,104.76689910888672,4.984600067138672,23.863300323486328,5.541100025177002,2.3826000690460205,3.012700080871582,14.682600021362305,0.9695000052452087,10000,10009,20000,10006,20000,20000,10000,0.37630000710487366,3.6607000827789307,4.496500015258789,10000,2.213899999999829,2.513,1,0.1583,0.077,376832,15,15,2.0621,525872,0,0,28.982999801635742,15.130000114440918,4.563300132751465,6.6940999031066895,0.4284000098705292,42.68519973754883,0,0,0,0,0,0,0,0,0,0,0,0,0,58.57784,44.63224
212,105.3656005859375,2.67330002784729,21.686599731445312,5.174699783325195,1.6051000356674194,2.2411999702453613,14.722000122070312,0.9857000112533569,10000,10009,20000,10006,20000,20000,10000,0.4097000062465668,3.7070999145507812,4.337699890136719,10000,2.1095999999998183,1.4009,1,0.14529999999999998,0.0815,376832,15,15,2.5828,8048,0,0,24.49850082397461,14.751399993896484,3.4814000129699707,3.1077001094818115,0.008999999612569809,52.49769973754883,0,0,0,0,0,0,0,0,0,0,0,0,0,58.51836,44.58768
213,105.19180297851562,0.34200000762939453,22.542600631713867,5.104100227355957,1.934399962425232,2.2081000804901123,14.378999710083008,1.013100028038025,10000,10009,20000,10006,20000,20000,10000,0.3831000030040741,3.7032999992370605,4.999499797821045,10000,2.1295999999998187,2.5142,1,0.13319999999999999,0.0485,376832,15,15,1.7142,7712,0,0,23.0231990814209,14.407899856567383,4.53410005569458,3.0560998916625977,0.009399999864399433,54.07389831542969,0,0,0,0,0,0,0,0,0,0,0,0,0,58.49172,44.81376
214,104.94490051269531,2.814500093460083,24.006900787353516,5.135300159454346,2.859600067138672,2.397700071334839,14.517399787902832,0.9830999970436096,10000,10009,20000,10006,20000,20000,10000,0.43369999527931213,3.7960000038146973,5.129799842834473,10000,2.1470999999998184,2.2738,1,0.1582,0.0714,376832,15,15,2.9474,15952,0,0,26.961599349975586,14.557299613952637,4.355000019073486,3.166100025177002,0.014299999922513962,48.07099914550781,0,0,0,0,0,0,0,0,0,0,0,0,0,58.53224,44.68664
215,105.47260284423828,4.985799789428711,22.716400146484375,5.440100193023682,1.569200038909912,3.007200002670288,14.906499862670898,0.9847000241279602,10000,10009,20000,10006,20000,20000,10000,0.35690000653266907,3.759999990463257,4.217599868774414,10000,2.1395999999998154,2.4684,1,0.14650000000000002,0.0775,376832,15,15,2.8522,583368,0,0,27.834999084472656,15.684800148010254,4.474100112915039,7.103400230407715,0.7502999901771545,42.83610153198242,0,0,0,0,0,0,0,0,0,0,0,0,0,58.5094,44.51364
216,104.93379974365234,2.6596999168395996,21.69260025024414,5.049499988555908,1.7378000020980835,2.294600009918213,14.374099731445312,0.9843999743461609,10000,10009,20000,10006,20000,20000,10000,0.35690000653266907,3.7876999378204346,4.30810022354126,10000,2.114599999999819,2.4227,1,0.1543,0.0844,376832,15,15,2.9327,8048,0,0,24.49020004272461,14.40250015258789,4.496399879455566,2.9760000705718994,0.008999999612569809,51.0443000793457,0,0,0,0,0,0,0,0,0,0,0,0,0,58.52808,44.74892
217,105.0602035522461,0.3411000072956085,23.26110076904297,5.195300102233887,1.9428999423980713,2.269200086593628,14.63129997253418,0.9921000003814697,10000,10009,20000,10006,20000,20000,10000,0.4203999936580658,3.9477999210357666,5.231800079345703,10000,2.1235999999998194,2.4127,1,0.13529999999999998,0.053000000000000005,376832,15,15,1.745,7712,0,0,23.744699478149414,14.664600372314453,4.437399864196777,3.1631999015808105,0.009700000286102295,52.87080001831055,0,0,0,0,0,0,0,0,0,0,0,0,0,58.51844,44.66704
218,104.9188003540039,2.799099922180176,23.456600189208984,5.188899993896484,1.8948999643325806,2.341399908065796,15.081299781799316,0.9894999861717224,10000,10009,20000,10006,20000,20000,10000,0.3325999975204468,4.252600193023682,5.13700008392334,10000,2.14619999999982,2.3507,1,0.15239999999999998,0.0704,376832,15,15,2.8877,15952,0,0,26.412900924682617,15.125499725341797,4.442599773406982,3.5539000034332275,0.01549999974668026,47.58039855957031,0,0,0,0,0,0,0,0,0,0,0,0,0,58.48048,44.6654
219,105.01899719238281,4.500100135803223,22.286800384521484,5.273499965667725,1.5246000289916992,2.895900011062622,14.508999824523926,0.9696999788284302,10000,10009,20000,10006,20000,20000,10000,0.3418999910354614,3.705199956893921,4.253499984741211,10000,2.150999999999818,1.7753,1,0.1708,0.0781,376832,15,15,2.3819,529072,0,0,26.923999786376953,14.984800338745117,3.8292999267578125,7.31820011138916,0.4555000066757202,45.013099670410156,0,0,0,0,0,0,0,0,0,0,0,0,0,58.44128,44.77056
220,105.23159790039062,3.267899990081787,23.984600067138672,5.2164998054504395,2.6048998832702637,2.2818000316619873,15.291000366210938,1.0503000020980835,10000,10009,20000,10006,20000,20000,10000,0.34929999709129333,4.274600028991699,4.86299991607666,10000,2.131499999999818,3.6406,1,0.2,0.126,376832,15,15,4.9154,8048,0,0,27.394399642944336,15.343700408935547,5.682799816131592,4.039700031280518,0.017100000753998756,41.547401428222656,0,0,0,0,0,0,0,0,0,0,0,0,0,58.54172,45.0132
221,105.14929962158203,0.33160001039505005,23.604000091552734,5.269000053405762,2.261399984359741,2.2634999752044678,14.621600151062012,0.9848999977111816,10000,10009,20000,10006,20000,20000,10000,0.39480000734329224,4.019899845123291,5.190700054168701,10000,2.1168999999998164,2.4915,1,0.14589999999999997,0.0911,376832,15,15,2.0445,7712,0,0,24.068700790405273,14.655400276184082,4.500199794769287,2.672499895095825,0.010599999688565731,52.78160095214844,0,0,0,0,0,0,0,0,0,0,0,0,0,58.43324,45.241
222,124.10489654541016,2.476900100708008,37.2661018371582,7.209499835968018,2.714600086212158,4.187399864196777,46.143798828125,1.4789999723434448,10000,10009,20000,10006,20000,20000,10000,0.5379999876022339,11.041799545288086,5.157899856567383,10000,7.541400000000927,4.7972,1,0.4637,0.1595,376832,15,15,4.6149,15952,0,0,39.958900451660156,46.25,9.413900375366211,5.964799880981445,0.03350000083446503,0.2904999852180481,0,0,0,0,0,0,0,0,0,0,0,0,0,58.47544,45.3076
223,147.94869995117188,7.8902997970581055,59.30329895019531,11.140299797058105,6.005899906158447,7.365600109100342,32.25419998168945,3.812700033187866,10000,10009,20000,10006,20000,20000,10000,0.6851000189781189,12.666500091552734,9.96720027923584,10000,3.0592000000003363,5.8506,1,0.2744,0.18430000000000002,376832,15,15,6.406,468720,0,0,67.41210174560547,33.0452995300293,11.899499893188477,18.932600021362305,0.7346000075340271,0.5795999765396118,0,0,0,0,0,0,0,0,0,0,0,0,0,58.50488,45.29328
224,110.1626968383789,8.764100074768066,62.399200439453125,10.880800247192383,9.659600257873535,4.225399971008301,21.035900115966797,1.329300045967102,10000,10009,20000,10006,20000,20000,10000,0.6654999852180481,8.719599723815918,20.03339958190918,10000,2.828400000000275,2.2156,1,0.1844,0.0941,376832,15,15,2.4422,8048,0,0,71.54910278320312,21.11829948425293,4.900400161743164,3.71370005607605,0.039500001817941666,0.3249000012874603,0,0,0,0,0,0,0,0,0,0,0,0,0,58.55048,45.37496
225,64.14420318603516,0.5788000226020813,32.35580062866211,6.256100177764893,2.5683000087738037,3.8071999549865723,17.3710994720459,1.1908999681472778,10000,10009,20000,10006,20000,20000,10000,0.5877000093460083,5.05620002746582,8.059700012207031,10000,2.133699999999821,1.7316,1,0.15039999999999998,0.07300000000000001,376832,15,15,2.1543,7712,0,0,33.145301818847656,17.430400848388672,3.751800060272217,2.7416999340057373,0.02019999921321869,0.22769999504089355,0,0,0,0,0,0,0,0,0,0,0,0,0,58.29772,45.2528
226,82.20790100097656,4.185200214385986,33.13199996948242,5.742300033569336,2.348900079727173,3.7692999839782715,16.06879997253418,1.6801999807357788,10000,10009,20000,10006,20000,20000,10000,0.48030000925064087,5.930200099945068,7.030799865722656,10000,2.237899999999847,3.6436,1,0.203,0.1392,376832,15,15,4.2689,15952,0,0,37.50899887084961,16.12660026550293,5.8171000480651855,4.245699882507324,0.016899999231100082,7.196899890899658,0,0,0,0,0,0,0,0,0,0,0,0,0,58.43092,45.34208
227,125.56729888916016,8.224800109863281,47.81460189819336,8.746100425720215,4.662700176239014,6.26230001449585,21.703100204467773,1.7752000093460083,10000,10009,20000,10006,20000,20000,10000,0.5759000182151794,9.194600105285645,8.591300010681152,10000,5.450300000000342,6.2607,1,0.23509999999999998,0.13790000000000002,376832,15,15,4.8907,545592,0,0,56.24919891357422,22.62929916381836,16.91790008544922,12.653300285339355,0.8734999895095825,0.3407000005245209,0,0,0,0,0,0,0,0,0,0,0,0,0,58.39844,45.3266
228,124.87370300292969,4.337100028991699,70.25520324707031,21.366899490356445,7.0071001052856445,7.060999870300293,27.07029914855957,2.9941000938415527,10000,10009,20000,10006,20000,20000,10000,1.0140999555587769,14.809900283813477,8.21969985961914,10000,2.478099999999933,3.2242,1,0.20170000000000002,0.1394,376832,15,15,4.3053,8048,0,0,74.81210327148438,27.150999069213867,5.586900234222412,4.595699787139893,0.019300000742077827,0.2705000042915344,0,0,0,0,0,0,0,0,0,0,0,0,0,58.56752,45.08976
229,76.13939666748047,0.4546999931335449,36.52690124511719,6.417300224304199,4.694499969482422,3.9639999866485596,18.470199584960938,1.2955000400543213,10000,10009,20000,10006,20000,20000,10000,0.4925000071525574,6.696599960327148,7.84060001373291,10000,2.7030000000000967,2.482,1,0.17529999999999998,0.0885,376832,15,15,2.7717,7712,0,0,37.19409942626953,18.526500701904297,4.900400161743164,3.404900074005127,0.017799999564886093,2.845099925994873,0,0,0,0,0,0,0,0,0,0,0,0,0,58.33936,45.13372
230,95.90760040283203,3.682499885559082,27.882400512695312,5.259200096130371,2.2155001163482666,3.3959999084472656,15.081399917602539,1.0572999715805054,10000,10009,20000,10006,20000,20000,10000,0.47850000858306885,6.285299777984619,5.188799858093262,10000,2.1305999999998204,3.0016,1,0.2334,0.12940000000000002,376832,15,15,4.4603,15952,0,0,31.766700744628906,15.132800102233887,5.07480001449585,4.426300048828125,0.016100000590085983,27.69059944152832,0,0,0,0,0,0,0,0,0,0,0,0,0,58.5588,45.39248
231,136.00729370117188,7.025000095367432,57.95830154418945,11.996999740600586,6.049200057983398,6.174200057983398,41.42499923706055,2.4202001094818115,10000,10009,20000,10006,20000,20000,10000,0.669700026512146,13.011799812316895,9.495200157165527,10000,2.5312999999999506,3.7938,1,0.23220000000000002,0.128,376832,15,15,4.3899,481184,0,0,65.19850158691406,42.26919937133789,6.583799839019775,9.218600273132324,0.7914000153541565,0.34450000524520874,0,0,0,0,0,0,0,0,0,0,0,0,0,58.4164,45.08608
232,78.38980102539062,5.347099781036377,33.412498474121094,5.783299922943115,3.4897000789642334,3.693700075149536,17.977500915527344,1.1512999534606934,10000,10009,20000,10006,20000,20000,10000,0.48500001430511475,7.002999782562256,6.684299945831299,10000,2.6164000000000485,3.0314,1,0.2485,0.14429999999999998,376832,15,15,3.9466,8048,0,0,38.995201110839844,18.031299591064453,5.375,3.78439998626709,0.017000000923871994,0.34470000863075256,0,0,0,0,0,0,0,0,0,0,0,0,0,58.48856,45.11896
233,102.27420043945312,0.5365999937057495,31.938400268554688,6.287600040435791,2.1545000076293945,3.889400005340576,15.317299842834473,1.1241999864578247,10000,10009,20000,10006,20000,20000,10000,0.49939998984336853,5.844600200653076,7.141600131988525,10000,2.162499999999823,3.3966,1,0.20989999999999998,0.1365,376832,15,15,4.5341,7712,0,0,32.707000732421875,15.368599891662598,5.5920000076293945,4.177599906921387,0.016300000250339508,32.91310119628906,0,0,0,0,0,0,0,0,0,0,0,0,0,58.45224,45.23192
234,105.65899658203125,4.462200164794922,27.62150001525879,5.395999908447266,1.8308000564575195,3.0571000576019287,16.373600006103516,1.0508999824523926,10000,10009,20000,10006,20000,20000,10000,0.3774000108242035,6.5030999183654785,5.468400001525879,10000,2.36639999999989,2.2999,1,0.1874,0.1104,376832,15,15,3.1387,15952,0,0,32.327301025390625,16.430200576782227,4.700099945068359,3.830899953842163,0.01720000058412552,37.194000244140625,0,0,0,0,0,0,0,0,0,0,0,0,0,58.42156,45.2112
235,105.6344985961914,7.954500198364258,31.256999969482422,6.0746002197265625,3.0111000537872314,4.651599884033203,17.742900848388672,1.173799991607666,10000,10009,20000,10006,20000,20000,10000,0.5741000175476074,5.583099842071533,5.475200176239014,10000,2.9840000000002473,3.8292,1,0.2635,0.178,376832,15,15,5.0295,561464,0,0,39.43870162963867,18.58049964904785,6.420000076293945,12.460399627685547,0.7993999719619751,14.526100158691406,0,0,0,0,0,0,0,0,0,0,0,0,0,58.57032,45.27084
236,105.51809692382812,4.750899791717529,33.75130081176758,5.479700088500977,3.037899971008301,4.124800205230713,17.31439971923828,1.6190999746322632,10000,10009,20000,10006,20000,20000,10000,0.5360000133514404,6.39139986038208,7.202899932861328,10000,2.506899999999919,2.5245,1,0.24530000000000002,0.1809,376832,15,15,3.4813,8048,0,0,38.77479934692383,17.37820053100586,4.9953999519348145,4.423500061035156,0.02250000089406967,27.892000198364258,0,0,0,0,0,0,0,0,0,0,0,0,0,58.4776,45.1446
237,105.83390045166016,0.5613999962806702,32.35020065307617,5.7581000328063965,4.730400085449219,2.6487998962402344,15.830300331115723,0.9901999831199646,10000,10009,20000,10006,20000,20000,10000,0.3440999984741211,6.200300216674805,7.665800094604492,10000,2.1323999999998167,3.5205,1,0.20689999999999997,0.18080000000000002,376832,15,15,4.0828,7712,0,0,33.12710189819336,15.882599830627441,5.884699821472168,4.459099769592285,0.016499999910593033,35.265098571777344,0,0,0,0,0,0,0,0,0,0,0,0,0,58.33144,45.26064
238,105.71640014648438,3.9030001163482666,31.013099670410156,6.53849983215332,2.566200017929077,4.1194000244140625,18.85300064086914,1.4098999500274658,10000,10009,20000,10006,20000,20000,10000,0.5771999955177307,6.720099925994873,5.471399784088135,10000,2.7305000000001627,4.6945,1,0.2714,0.1411,376832,15,15,4.8839,15952,0,0,35.12200164794922,18.924999237060547,8.314499855041504,3.9672999382019043,0.02810000069439411,26.768600463867188,0,0,0,0,0,0,0,0,0,0,0,0,0,58.55404,45.37196
239,122.18900299072266,12.962499618530273,48.82279968261719,8.503600120544434,5.497499942779541,6.483099937438965,26.684999465942383,1.4016000032424927,10000,10009,20000,10006,20000,20000,10000,0.6883999705314636,9.97189998626709,8.937999725341797,10000,3.7136000000002296,3.4971,1,0.36419999999999997,0.1633,376832,15,15,5.2168,557912,0,0,62.057498931884766,27.80970001220703,6.147600173950195,9.178199768066406,1.0658999681472778,0.28209999203681946,0,0,0,0,0,0,0,0,0,0,0,0,0,58.37376,45.3892
240,89.74949645996094,4.151100158691406,34.547401428222656,5.856299877166748,2.692699909210205,4.090000152587891,18.153099060058594,1.0683000087738037,10000,10009,20000,10006,20000,20000,10000,0.5665000081062317,7.942599773406982,7.147500038146973,10000,2.7506000000001967,3.8641,1,0.22349999999999998,0.1471,376832,15,15,6.0889,8048,0,0,38.911598205566406,18.21470069885254,8.904500007629395,6.912099838256836,0.01759999990463257,2.8540000915527344,0,0,0,0,0,0,0,0,0,0,0,0,0,58.5244,45.30808
241,139.1970977783203,0.8133000135421753,69.6094970703125,11.410799980163574,5.783400058746338,10.490900039672852,45.33620071411133,2.394200086593628,10000,10009,20000,10006,20000,20000,10000,0.7020000219345093,17.555099487304688,12.215900421142578,10000,2.784300000000189,2.5657,1,0.2425,0.16010000000000002,376832,15,15,3.2421,7712,0,0,70.73799896240234,45.423500061035156,5.242199897766113,5.849800109863281,0.01899999938905239,0.4984999895095825,0,0,0,0,0,0,0,0,0,0,0,0,0,58.44164,45.24776
242,111.34559631347656,5.489799976348877,55.29389953613281,7.761499881744385,3.401700019836426,7.753600120544434,27.131099700927734,3.867500066757202,10000,10009,20000,10006,20000,20000,10000,1.1446000337600708,15.117400169372559,9.45110034942627,10000,2.3863999999999055,3.971,1,0.256,0.2018,376832,15,15,4.4919,15952,0,0,61.095298767089844,27.22279930114746,6.273799896240234,4.6184000968933105,0.01889999955892563,0.27239999175071716,0,0,0,0,0,0,0,0,0,0,0,0,0,58.50968,45.36688
243,158.90359497070312,9.810400009155273,70.48509979248047,22.056299209594727,5.148499965667725,11.3233003616333,30.11669921875,2.2679998874664307,10000,10009,20000,10006,20000,20000,10000,2.044600009918213,10.440199851989746,8.006999969482422,10000,4.958200000000348,5.2308,1,0.4263,0.1683,376832,15,15,5.3485,603936,0,0,80.52230072021484,31.447200775146484,8.606200218200684,18.903799057006836,1.2628999948501587,0.5403000116348267,0,0,0,0,0,0,0,0,0,0,0,0,0,58.51964,45.272
244,89.85459899902344,6.866799831390381,37.029701232910156,5.960299968719482,2.7616000175476074,4.787300109863281,16.082599639892578,1.1563999652862549,10000,10009,20000,10006,20000,20000,10000,0.6370000243186951,6.024799823760986,9.152099609375,10000,2.3477999999998995,5.7675,1,0.2592,0.1858,376832,15,15,6.6267,8048,0,0,44.21160125732422,16.141799926757812,8.272500038146973,7.832200050354004,0.018200000748038292,0.5996999740600586,0,0,0,0,0,0,0,0,0,0,0,0,0,58.52048,45.372
245,92.36699676513672,0.9071999788284302,50.687801361083984,12.576600074768066,5.3242998123168945,3.725800037384033,17.08690071105957,1.4967999458312988,10000,10009,20000,10006,20000,20000,10000,0.6053000092506409,6.725800037384033,12.949299812316895,10000,2.483399999999997,3.4715,1,0.24880000000000002,0.1679,376832,15,15,4.5582,7712,0,0,51.92610168457031,17.13990020751953,5.9145002365112305,4.7006001472473145,0.017999999225139618,0.3492000102996826,0,0,0,0,0,0,0,0,0,0,0,0,0,58.44508,45.07928
246,68.87809753417969,5.0584001541137695,33.72809982299805,6.429500102996826,2.7202999591827393,3.4275999069213867,15.612500190734863,1.2403000593185425,10000,10009,20000,10006,20000,20000,10000,0.5368000268936157,6.480299949645996,8.023699760437012,10000,2.3770999999998357,1.4201,1,0.1356,0.0533,376832,15,15,2.0892,15952,0,0,39.01110076904297,15.647000312805176,3.459199905395508,3.1970999240875244,0.00930000003427267,0.3140999972820282,0,0,0,0,0,0,0,0,0,0,0,0,0,58.59176,45.2572
247,83.9708023071289,7.124599933624268,32.15829849243164,6.11899995803833,2.600800037384033,5.0208001136779785,15.702300071716309,1.1196000576019287,10000,10009,20000,10006,20000,20000,10000,0.4668999910354614,5.530399799346924,6.353899955749512,10000,2.497599999999886,3.7764,1,0.22920000000000001,0.1311,376832,15,15,4.193,494960,0,0,39.480899810791016,16.412500381469727,6.037399768829346,9.678199768066406,0.6765999794006348,0.4075999855995178,0,0,0,0,0,0,0,0,0,0,0,0,0,58.49724,44.81952
248,100.59870147705078,3.8705999851226807,31.380199432373047,5.685299873352051,3.147900104522705,4.2494001388549805,15.46660041809082,1.0951999425888062,10000,10009,20000,10006,20000,20000,10000,0.4830999970436096,5.881700038909912,5.804699897766113,10000,2.1612999999998213,4.0177,1,0.20629999999999998,0.1295,376832,15,15,4.5681,8048,0,0,35.459800720214844,15.51200008392334,6.105999946594238,4.329400062561035,0.016699999570846558,28.090700149536133,0,0,0,0,0,0,0,0,0,0,0,0,0,58.54112,45.32388
249,105.59149932861328,0.35580000281333923,23.640399932861328,5.2170000076293945,2.0573999881744385,2.343600034713745,21.594200134277344,0.9980000257492065,10000,10009,20000,10006,20000,20000,10000,0.44209998846054077,3.9316000938415527,5.355599880218506,10000,3.173300000000364,7.2437,1,0.3322,0.1578,376832,15,15,5.9746,7712,0,0,24.13990020751953,21.660600662231445,16.930999755859375,9.142499923706055,0.02410000003874302,17.11210060119629,0,0,0,0,0,0,0,0,0,0,0,0,0,58.33984,45.35464
250,121.96199798583984,7.128799915313721,36.073299407958984,6.392199993133545,2.944999933242798,5.352200031280518,42.01649856567383,1.3076000213623047,10000,10009,20000,10006,20000,20000,10000,0.5759999752044678,5.970799922943115,8.232500076293945,10000,6.40180000000047,5.3906,1,0.383,0.2147,376832,15,15,6.0279,15952,0,0,43.57849884033203,42.121498107910156,10.953700065612793,4.992300033569336,0.032099999487400055,0.3831999897956848,0,0,0,0,0,0,0,0,0,0,0,0,0,58.34136,45.38492
251,142.30380249023438,9.057499885559082,75.4092025756836,19.61009979248047,7.051599979400635,10.531200408935547,22.36400032043457,3.2641000747680664,10000,10009,20000,10006,20000,20000,10000,1.3351000547409058,13.603599548339844,12.144200325012207,10000,2.3613999999999082,4.2427,1,0.20800000000000002,0.13119999999999998,376832,15,15,5.245,489848,0,0,84.68710327148438,23.16309928894043,6.995299816131592,14.718700408935547,0.7333999872207642,0.34610000252723694,0,0,0,0,0,0,0,0,0,0,0,0,0,58.4832,45.34468
252,120.84629821777344,8.869000434875488,61.36289978027344,17.04490089416504,6.916900157928467,4.752500057220459,19.841899871826172,1.3459999561309814,10000,10009,20000,10006,20000,20000,10000,0.6710000038146973,7.021900177001953,15.412099838256836,10000,4.644500000000102,2.5405,1,0.4055,0.2051,376832,15,15,5.3582,8048,0,0,70.49600219726562,19.905399322509766,6.211999893188477,6.381499767303467,0.017799999564886093,0.4595000147819519,0,0,0,0,0,0,0,0,0,0,0,0,0,58.4656,45.31284
253,128.3990936279297,1.0600999593734741,57.431800842285156,15.884699821472168,6.7266998291015625,4.837800025939941,22.313499450683594,1.8521000146865845,10000,10009,20000,10006,20000,20000,10000,0.6524999737739563,9.063799858093262,9.456600189208984,10000,4.972700000000511,7.2177,1,0.32120000000000004,0.1895,376832,15,15,7.9004,7712,0,0,58.82460021972656,22.44700050354004,13.976900100708008,11.538299560546875,0.019200000911951065,0.7882000207901001,0,0,0,0,0,0,0,0,0,0,0,0,0,58.51036,45.36016
254,117.28230285644531,6.774600028991699,46.51179885864258,7.1184000968933105,5.915200233459473,4.460000038146973,27.999500274658203,1.4434000253677368,10000,10009,20000,10006,20000,20000,10000,0.5644000172615051,7.401700019836426,12.54800033569336,10000,5.27050000000022,4.4626,1,0.43279999999999996,0.1493,376832,15,15,4.8768,15952,0,0,53.67850112915039,28.079299926757812,10.700599670410156,5.658699989318848,0.024000000208616257,0.34630000591278076,0,0,0,0,0,0,0,0,0,0,0,0,0,58.47608,45.22872
255,132.8262939453125,11.409700393676758,58.04180145263672,8.954700469970703,4.05079984664917,10.367899894714355,43.60070037841797,2.0322999954223633,10000,10009,20000,10006,20000,20000,10000,1.167099952697754,14.649499893188477,9.286800384521484,10000,2.2572999999998427,1.8581,1,0.16430000000000003,0.1031,376832,15,15,2.5072,511480,0,0,69.68800354003906,44.38859939575195,3.854300022125244,5.840199947357178,0.7193999886512756,0.2529999911785126,0,0,0,0,0,0,0,0,0,0,0,0,0,58.37132,44.89868
256,118.90750122070312,3.33870005607605,42.911800384521484,10.060600280761719,3.251300096511841,4.567800045013428,34.838600158691406,2.145900011062622,10000,10009,20000,10006,20000,20000,10000,0.5612000226974487,8.440999984741211,6.698500156402588,10000,6.030900000000563,3.405,1,0.2213,0.13,376832,15,15,6.397,8048,0,0,46.4119987487793,34.92829895019531,9.746100425720215,5.505799770355225,0.023600000888109207,0.5601999759674072,0,0,0,0,0,0,0,0,0,0,0,0,0,58.31008,45.07392
257,109.78919982910156,0.4945000112056732,49.03919982910156,11.14490032196045,7.601799964904785,4.640600204467773,28.569400787353516,2.3022000789642334,10000,10009,20000,10006,20000,20000,10000,0.7293000221252441,7.812399864196777,7.136000156402588,10000,4.0920000000007075,5.4772,1,0.3571,0.2326,376832,15,15,5.7189,7712,0,0,49.699501037597656,28.662700653076172,9.429400444030762,5.919899940490723,0.031700000166893005,0.32679998874664307,0,0,0,0,0,0,0,0,0,0,0,0,0,58.4368,45.2862
258,107.4458999633789,5.278500080108643,35.935001373291016,6.112299919128418,2.916599988937378,4.311200141906738,33.03110122680664,1.3926000595092773,10000,10009,20000,10006,20000,20000,10000,0.7505999803543091,7.200900077819824,7.654799938201904,10000,4.938000000000167,4.7995,1,0.344,0.1614,376832,15,15,5.5874,15952,0,0,41.44200134277344,33.094600677490234,9.959799766540527,5.492000102996826,0.01940000057220459,1.1114000082015991,0,0,0,0,0,0,0,0,0,0,0,0,0,58.38744,45.28664
259,116.24449920654297,8.865900039672852,39.000301361083984,7.291800022125244,2.9625000953674316,5.556099891662598,32.04140090942383,1.3610999584197998,10000,10009,20000,10006,20000,20000,10000,0.5126000046730042,6.80079984664917,7.245299816131592,10000,4.664200000000234,5.8702,1,0.18089999999999998,0.096,376832,15,15,3.5644,558176,0,0,48.14590072631836,32.83380126953125,10.712699890136719,9.909500122070312,0.739799976348877,0.35100001096725464,0,0,0,0,0,0,0,0,0,0,0,0,0,58.42364,45.0354
260,86.19629669189453,2.4137001037597656,33.693199157714844,7.1153998374938965,3.095599889755249,4.876399993896484,18.213300704956055,1.1581000089645386,10000,10009,20000,10006,20000,20000,10000,0.4781999886035919,6.883600234985352,5.071800231933594,10000,3.761799999999992,4.3434,1,0.36819999999999997,0.1754,376832,15,15,5.0289,8048,0,0,36.27190017700195,18.273799896240234,9.0693998336792,7.4816999435424805,0.017799999564886093,0.5307999849319458,0,0,0,0,0,0,0,0,0,0,0,0,0,58.47096,45.2672
261,81.50479888916016,0.972000002861023,40.292598724365234,6.9984002113342285,5.26639986038208,3.728300094604492,16.01449966430664,1.6718000173568726,10000,10009,20000,10006,20000,20000,10000,0.5249000191688538,6.878900051116943,8.27649974822998,10000,2.619100000000006,3.472,1,0.3852,0.1546,376832,15,15,4.3642,7712,0,0,41.63029861450195,16.072500228881836,5.9593000411987305,4.877799987792969,0.01759999990463257,0.4059999883174896,0,0,0,0,0,0,0,0,0,0,0,0,0,58.52796,45.1644
262,83.92410278320312,5.408999919891357,44.94599914550781,10.479000091552734,5.093299865722656,4.054800033569336,17.060199737548828,1.3559000492095947,10000,10009,20000,10006,20000,20000,10000,0.5526999831199646,8.069700241088867,9.806099891662598,10000,2.1410999999998213,2.6275,1,0.1461,0.0807,376832,15,15,3.1558,15952,0,0,50.63079833984375,17.100799560546875,4.668600082397461,3.4291999340057373,0.010300000198185444,0.3269999921321869,0,0,0,0,0,0,0,0,0,0,0,0,0,58.364,45.25976
263,96.53250122070312,7.660699844360352,36.477500915527344,6.609799861907959,3.0088000297546387,5.682400226593018,19.079599380493164,1.2135000228881836,10000,10009,20000,10006,20000,20000,10000,0.5335999727249146,6.491499900817871,7.188600063323975,10000,2.600099999999991,4.4743,1,0.2579,0.1467,376832,15,15,5.9036,597816,0,0,44.33919906616211,20.011199951171875,7.234600067138672,10.073699951171875,0.8921999931335449,0.31049999594688416,0,0,0,0,0,0,0,0,0,0,0,0,0,58.483,45.26144
264,83.439697265625,3.529599905014038,33.629398345947266,6.307600021362305,3.2399001121520996,4.120299816131592,18.73550033569336,1.1658999919891357,10000,10009,20000,10006,20000,20000,10000,0.5336999893188477,6.836400032043457,6.256100177764893,10000,3.4399000000005437,3.1073,1,0.2229,0.1321,376832,15,15,4.881,8048,0,0,37.38059997558594,18.793699264526367,7.41540002822876,4.509500026702881,0.018300000578165054,0.33489999175071716,0,0,0,0,0,0,0,0,0,0,0,0,0,58.36984,45.4142
265,97.5730972290039,0.45159998536109924,33.60649871826172,5.363800048828125,3.0388998985290527,4.366000175476074,15.9753999710083,1.0664000511169434,10000,10009,20000,10006,20000,20000,10000,0.4805000126361847,6.821300029754639,7.7032999992370605,10000,2.273299999999859,4.063,1,0.20520000000000002,0.1369,376832,15,15,4.9911,7712,0,0,34.28689956665039,16.031400680541992,6.304699897766113,4.906799793243408,0.01720000058412552,24.529199600219727,0,0,0,0,0,0,0,0,0,0,0,0,0,58.53776,45.55576
266,105.89189910888672,4.743000030517578,38.35599899291992,6.50629997253418,3.791599988937378,4.946700096130371,21.648700714111328,1.1327999830245972,10000,10009,20000,10006,20000,20000,10000,0.54339998960495,8.29539966583252,7.513599872589111,10000,3.2422000000004227,4.9512,1,0.1898,0.10700000000000001,376832,15,15,4.4183,15952,0,0,43.32509994506836,21.7091007232666,9.500900268554688,6.856400012969971,0.01720000058412552,12.017000198364258,0,0,0,0,0,0,0,0,0,0,0,0,0,58.49304,45.25304
267,108.94000244140625,6.996799945831299,41.79750061035156,9.217700004577637,3.0139999389648438,5.059100151062012,29.910400390625,1.9362000226974487,10000,10009,20000,10006,20000,20000,10000,0.54339998960495,7.356400012969971,7.435999870300293,10000,5.145300000000327,2.6019,1,0.18449999999999997,0.0975,376832,15,15,3.1236,529696,0,0,49.05110168457031,30.730899810791016,5.216400146484375,10.286800384521484,0.7799999713897705,0.33180001378059387,0,0,0,0,0,0,0,0,0,0,0,0,0,58.50568,45.32768
268,115.49079895019531,4.178400039672852,33.34230041503906,6.335999965667725,3.9453999996185303,3.7314999103546143,23.79680061340332,1.1161999702453613,10000,10009,20000,10006,20000,20000,10000,0.47839999198913574,5.637199878692627,6.572000026702881,10000,6.801900000000932,9.0243,1,0.46280000000000004,0.2595,376832,15,15,8.0991,8048,0,0,37.72330093383789,23.89349937438965,20.770000457763672,6.820799827575684,0.032600000500679016,0.4043999910354614,0,0,0,0,0,0,0,0,0,0,0,0,0,58.54804,45.40812
269,176.6884002685547,0.8101999759674072,102.50980377197266,25.83769989013672,7.950399875640869,11.776200294494629,41.694698333740234,3.995300054550171,10000,10009,20000,10006,20000,20000,10000,2.4249000549316406,21.293899536132812,15.898200035095215,10000,5.570900000000262,3.4464,1,0.33830000000000005,0.099,376832,15,15,3.6817,7712,0,0,103.58679962158203,41.79359817504883,8.652299880981445,6.23390007019043,0.02459999918937683,1.3366999626159668,0,0,0,0,0,0,0,0,0,0,0,0,0,58.50168,45.27828
270,83.68180084228516,6.85260009765625,40.172401428222656,7.141499996185303,4.241799831390381,2.775899887084961,16.70949935913086,1.201799988746643,10000,10009,20000,10006,20000,20000,10000,0.7527999877929688,4.400599956512451,13.408900260925293,10000,2.4052999999999245,2.5037,1,0.1654,0.08510000000000001,376832,15,15,2.5147,15952,0,0,47.3568000793457,16.7544002532959,4.865200042724609,3.5388998985290527,0.015399999916553497,0.2992999851703644,0,0,0,0,0,0,0,0,0,0,0,0,0,58.5452,45.3152
271,111.972900390625,6.955999851226807,36.00619888305664,7.115600109100342,2.7795000076293945,4.634300231933594,21.59269905090332,1.2786999940872192,10000,10009,20000,10006,20000,20000,10000,0.660099983215332,6.996099948883057,7.18720006942749,10000,3.009800000000309,6.0423,1,0.26480000000000004,0.16049999999999998,376832,15,15,5.8758,541720,0,0,43.17219924926758,22.614099502563477,11.161800384521484,19.326000213623047,0.9679999947547913,0.8823000192642212,0,0,0,0,0,0,0,0,0,0,0,0,0,58.188,45.26592
272,114.62899780273438,5.0914998054504395,61.605899810791016,14.754799842834473,8.680399894714355,6.030799865722656,19.68079948425293,1.371899962425232,10000,10009,20000,10006,20000,20000,10000,0.6381000280380249,7.169000148773193,13.593400001525879,10000,3.9718000000003424,3.3525,1,0.182,0.0896,376832,15,15,3.0008,8048,0,0,67.04900360107422,19.74970054626465,8.625200271606445,4.837800025939941,0.01979999989271164,1.7151000499725342,0,0,0,0,0,0,0,0,0,0,0,0,0,58.47776,45.32824
273,120.76830291748047,0.5228000283241272,55.411598205566406,12.198599815368652,4.133800029754639,4.608500003814697,37.71770095825195,1.3278000354766846,10000,10009,20000,10006,20000,20000,10000,0.958899974822998,13.468999862670898,10.6983003616333,10000,3.756000000000635,2.8427,1,0.3912,0.1169,376832,15,15,3.5645,7712,0,0,56.15850067138672,38.1068000793457,7.539899826049805,5.229499816894531,0.31869998574256897,0.30720001459121704,0,0,0,0,0,0,0,0,0,0,0,0,0,58.31648,45.23972
274,69.44110107421875,4.461599826812744,33.38999938964844,6.245500087738037,5.376999855041504,3.196500062942505,15.367799758911133,1.0669000148773193,10000,10009,20000,10006,20000,20000,10000,0.44999998807907104,4.17140007019043,8.021100044250488,10000,2.1408999999998226,2.487,1,0.1562,0.0942,376832,15,15,2.7445,15952,0,0,38.06399917602539,15.418000221252441,4.6666998863220215,3.5518999099731445,0.01600000075995922,0.2962999939918518,0,0,0,0,0,0,0,0,0,0,0,0,0,58.47612,45.39496
275,81.26629638671875,6.887599945068359,34.33219909667969,6.77810001373291,3.1226000785827637,4.262499809265137,18.207799911499023,1.2345999479293823,10000,10009,20000,10006,20000,20000,10000,0.5360999703407288,5.879899978637695,7.3933000564575195,10000,2.1320999999998174,2.3121,1,0.151,0.08960000000000001,376832,15,15,2.8931,519048,0,0,41.42539978027344,19.016000747680664,4.354000091552734,8.658599853515625,0.7657999992370605,0.3003999888896942,0,0,0,0,0,0,0,0,0,0,0,0,0,58.3834,45.12924
276,74.46389770507812,3.3264000415802,30.60070037841797,5.412099838256836,3.3457999229431152,3.407099962234497,15.831399917602539,1.080899953842163,10000,10009,20000,10006,20000,20000,10000,0.4869000017642975,5.654799938201904,6.488800048828125,10000,2.3416999999999173,2.7892,1,0.19619999999999999,0.0927,376832,15,15,2.8108,8048,0,0,34.12350082397461,15.878700256347656,5.141300201416016,3.906599998474121,0.01510000042617321,6.417399883270264,0,0,0,0,0,0,0,0,0,0,0,0,0,58.4994,45.03064
277,105.50430297851562,0.5102999806404114,32.188499450683594,5.507400035858154,4.184100151062012,2.766900062561035,16.242399215698242,1.0008000135421753,10000,10009,20000,10006,20000,20000,10000,0.4480000138282776,6.494699954986572,7.603400230407715,10000,2.336399999999892,2.554,1,0.1678,0.0846,376832,15,15,3.2398,7712,0,0,32.91699981689453,16.297700881958008,4.894800186157227,3.569999933242798,0.016699999570846558,36.76649856567383,0,0,0,0,0,0,0,0,0,0,0,0,0,58.33528,45.16072
278,105.46209716796875,4.0177998542785645,23.902799606323242,5.288599967956543,1.6663000583648682,2.3132998943328857,14.764100074768066,0.9696999788284302,10000,10009,20000,10006,20000,20000,10000,0.41999998688697815,3.9930999279022217,5.822700023651123,10000,2.1712999999998233,2.3099,1,0.14679999999999999,0.0687,376832,15,15,2.9095,15952,0,0,28.13479995727539,14.8100004196167,4.372900009155273,3.3382999897003174,0.014399999752640724,47.117801666259766,0,0,0,0,0,0,0,0,0,0,0,0,0,58.49952,44.88884
279,105.42960357666016,7.576200008392334,28.906099319458008,5.554200172424316,2.436300039291382,3.850100040435791,15.367500305175781,1.1151000261306763,10000,10009,20000,10006,20000,20000,10000,0.42289999127388,6.235499858856201,5.556600093841553,10000,2.14699999999982,3.5002,1,0.20319999999999996,0.1302,376832,15,15,4.4253,505896,0,0,36.699100494384766,16.112899780273438,6.423900127410889,10.525300025939941,0.7050999999046326,24.52389907836914,0,0,0,0,0,0,0,0,0,0,0,0,0,58.455,44.78112
280,105.13369750976562,3.319700002670288,23.479999542236328,5.191500186920166,1.8361999988555908,2.257999897003174,15.152400016784668,0.987500011920929,10000,10009,20000,10006,20000,20000,10000,0.42969998717308044,4.258699893951416,5.127500057220459,10000,2.120999999999816,2.4837,1,0.2219,0.1588,376832,15,15,3.7645,8048,0,0,27.01959991455078,15.203100204467773,4.659200191497803,3.2121999263763428,0.016599999740719795,44.745399475097656,0,0,0,0,0,0,0,0,0,0,0,0,0,58.40368,44.97652
281,105.3373031616211,0.34040001034736633,23.204200744628906,5.293000221252441,1.9666999578475952,2.51419997215271,15.04010009765625,0.9717000126838684,10000,10009,20000,10006,20000,20000,10000,0.36820000410079956,3.754199981689453,5.144599914550781,10000,2.2531999999998216,2.3632,1,0.1452,0.0805,376832,15,15,2.8785,7712,0,0,23.677499771118164,15.081100463867188,4.418399810791016,3.1714000701904297,0.014000000432133675,51.285400390625,0,0,0,0,0,0,0,0,0,0,0,0,0,58.35112,44.74084
282,105.39859771728516,4.173799991607666,27.1210994720459,5.386000156402588,3.0943000316619873,3.055500030517578,15.185400009155273,1.0162999629974365,10000,10009,20000,10006,20000,20000,10000,0.41029998660087585,4.853300094604492,5.706600189208984,10000,2.1583999999998196,2.3743,1,0.1483,0.06670000000000001,376832,15,15,2.591,15952,0,0,31.498899459838867,15.239800453186035,4.45959997177124,3.5244998931884766,0.01720000058412552,43.26070022583008,0,0,0,0,0,0,0,0,0,0,0,0,0,58.454,44.9012
283,104.94509887695312,5.688499927520752,23.86549949645996,5.6641998291015625,2.036900043487549,2.8712000846862793,15.333499908447266,1.0012999773025513,10000,10009,20000,10006,20000,20000,10000,0.3357999920845032,3.7216999530792236,4.769000053405762,10000,2.1581999999998227,2.2202,1,0.1465,0.0761,376832,15,15,2.5612,531360,0,0,29.76609992980957,16.085599899291992,4.271599769592285,9.269700050354004,0.7182000279426575,36.605899810791016,0,0,0,0,0,0,0,0,0,0,0,0,0,58.50868,45.22124
284,105.39969635009766,2.3020999431610107,23.247100830078125,5.334400177001953,1.902999997138977,2.2432000637054443,17.38010025024414,0.9889000058174133,10000,10009,20000,10006,20000,20000,10000,0.40130001306533813,3.9900999069213867,4.622099876403809,10000,2.7871000000001804,7.7767,1,0.28890000000000005,0.17859999999999998,376832,15,15,6.5098,8048,0,0,25.685300827026367,17.446500778198242,14.176400184631348,8.2746000289917,0.020899999886751175,24.374300003051758,0,0,0,0,0,0,0,0,0,0,0,0,0,58.37016,45.22532
285,108.20030212402344,0.5217999815940857,29.86050033569336,5.561600208282471,3.0302999019622803,2.733099937438965,15.644700050354004,0.9707000255584717,10000,10009,20000,10006,20000,20000,10000,0.39430001378059387,4.5543999671936035,8.153800010681152,10000,4.879600000000084,6.5171,1,0.2834,0.1856,376832,15,15,5.8038,7712,0,0,30.600799560546875,15.70300006866455,11.543999671936035,7.89109992980957,0.018200000748038292,24.688100814819336,0,0,0,0,0,0,0,0,0,0,0,0,0,58.476,45.37084
286,154.05039978027344,14.679100036621094,95.9343032836914,27.65880012512207,14.543299674987793,8.535599708557129,24.375900268554688,3.001699924468994,10000,10009,20000,10006,20000,20000,10000,1.1136000156402588,16.02050018310547,13.871999740600586,10000,2.578000000000039,2.3393,1,0.1724,0.0699,376832,15,15,2.7435,15952,0,0,111.03829956054688,24.450599670410156,4.71619987487793,3.6633999347686768,0.016899999231100082,1.794800043106079,0,0,0,0,0,0,0,0,0,0,0,0,0,58.34728,44.676
287,70.65550231933594,6.942599773406982,30.673900604248047,6.390699863433838,2.51419997215271,3.931299924850464,15.709400177001953,1.163599967956543,10000,10009,20000,10006,20000,20000,10000,0.5945000052452087,4.1219000816345215,7.05649995803833,10000,2.1189999999998155,1.4492,1,0.15549999999999997,0.09670000000000001,376832,15,15,1.7235,563592,0,0,37.82609939575195,16.700899124145508,3.543100118637085,5.427000045776367,0.9616000056266785,0.20350000262260437,0,0,0,0,0,0,0,0,0,0,0,0,0,58.57188,44.71264
288,89.11979675292969,2.3032000064849854,25.02869987487793,5.48330020904541,2.295099973678589,2.47189998626709,15.48799991607666,0.9969000220298767,10000,10009,20000,10006,20000,20000,10000,0.40230000019073486,4.011300086975098,5.04010009765625,10000,2.156399999999816,2.6057,1,0.20079999999999998,0.1627,376832,15,15,1.8191,8048,0,0,27.487499237060547,15.537500381469727,5.0177998542785645,3.474299907684326,0.016300000250339508,29.244400024414062,0,0,0,0,0,0,0,0,0,0,0,0,0,58.30472,44.77004
289,105.3125,0.34860000014305115,23.486299514770508,5.2947998046875,2.140700101852417,2.4512999057769775,15.135299682617188,1.028499960899353,10000,10009,20000,10006,20000,20000,10000,0.3984000086784363,3.7047998905181885,5.130099773406982,10000,2.1116999999998156,1.6677,1,0.1576,0.08310000000000001,376832,15,15,2.7962,7712,0,0,24.060400009155273,15.165399551391602,3.6535000801086426,2.9537999629974365,0.009600000455975533,52.13290023803711,0,0,0,0,0,0,0,0,0,0,0,0,0,58.44396,45.03828
290,105.07869720458984,7.5345001220703125,29.228500366210938,5.572000026702881,1.8535000085830688,4.416900157928467,16.679100036621094,1.0227999687194824,10000,10009,20000,10006,20000,20000,10000,0.39750000834465027,7.666200160980225,4.665800094604492,10000,2.608400000000073,4.2209,1,0.2424,0.14679999999999999,376832,15,15,5.1378,579392,0,0,36.90959930419922,17.521900177001953,6.654900074005127,10.489999771118164,0.79339998960495,21.145700454711914,0,0,0,0,0,0,0,0,0,0,0,0,0,58.44956,44.74228
291,105.33149719238281,3.61929988861084,26.055599212646484,5.295899868011475,1.826300024986267,2.3150999546051025,15.123200416564941,0.9824000000953674,10000,10009,20000,10006,20000,20000,10000,0.38040000200271606,4.7891998291015625,6.476500034332275,10000,2.1468999999998175,3.8433,1,0.256,0.1716,376832,15,15,4.488,8048,0,0,29.888599395751953,15.173100471496582,5.897799968719482,4.100800037384033,0.015699999406933784,39.525001525878906,0,0,0,0,0,0,0,0,0,0,0,0,0,58.41292,44.77732
292,104.92150115966797,0.40869998931884766,23.62540054321289,5.190000057220459,1.8746000528335571,2.966399908065796,15.055299758911133,0.9678999781608582,10000,10009,20000,10006,20000,20000,10000,0.37450000643730164,3.782599925994873,5.206999778747559,10000,2.160299999999823,2.4324,1,0.1466,0.0859,376832,15,15,2.8172,7712,0,0,24.25119972229004,15.100199699401855,4.474899768829346,3.27020001411438,0.017500000074505806,48.291099548339844,0,0,0,0,0,0,0,0,0,0,0,0,0,58.3766,44.69752
293,105.31379699707031,5.949900150299072,22.68199920654297,5.439000129699707,1.8068000078201294,2.914599895477295,14.81029987335205,0.9801999926567078,10000,10009,20000,10006,20000,20000,10000,0.3287000060081482,3.692500114440918,4.1579999923706055,10000,2.1231999999998186,2.2804,1,0.1451,0.0854,376832,15,15,2.5651,519328,0,0,28.766399383544922,15.487299919128418,4.322500228881836,7.755799770355225,0.6452000141143799,41.777099609375,0,0,0,0,0,0,0,0,0,0,0,0,0,58.3996,44.82872
294,104.92559814453125,2.338099956512451,21.93589973449707,5.305200099945068,1.603600025177002,2.7118000984191895,14.6003999710083,0.9567000269889832,10000,10009,20000,10006,20000,20000,10000,0.388700008392334,3.6689000129699707,4.268599987030029,10000,2.2299999999998246,2.1114,1,0.16469999999999999,0.0791,376832,15,15,2.5857,8048,0,0,24.474000930786133,14.628399848937988,4.161499977111816,3.1765999794006348,0.008700000122189522,51.10860061645508,0,0,0,0,0,0,0,0,0,0,0,0,0,58.41828,44.76432
295,105.19049835205078,0.5049999952316284,25.476299285888672,6.168600082397461,2.9433000087738037,2.2852001190185547,14.78339958190918,1.0053000450134277,10000,10009,20000,10006,20000,20000,10000,0.31859999895095825,3.7778000831604004,5.610199928283691,10000,2.11059999999982,2.3843,1,0.1464,0.0637,376832,15,15,2.4926,7712,0,0,26.341100692749023,14.812399864196777,4.3703999519348145,3.1821000576019287,0.008500000461935997,49.352500915527344,0,0,0,0,0,0,0,0,0,0,0,0,0,58.44204,44.77916
296,105.14669799804688,2.468100070953369,22.346099853515625,5.0619001388549805,1.6134999990463257,2.293800115585327,14.769399642944336,1.0053999423980713,10000,10009,20000,10006,20000,20000,10000,0.41350001096725464,3.782399892807007,4.938199996948242,10000,2.1201999999998216,2.3251,1,0.1442,0.0815,376832,15,15,2.911,15952,0,0,24.94700050354004,14.79990005493164,4.435100078582764,3.299799919128418,0.009499999694526196,50.14860153198242,0,0,0,0,0,0,0,0,0,0,0,0,0,58.33256,44.7088
297,105.0114974975586,5.692500114440918,27.21139907836914,5.662099838256836,2.057800054550171,3.6684999465942383,15.178899765014648,0.9821000099182129,10000,10009,20000,10006,20000,20000,10000,0.4205999970436096,6.151199817657471,4.847599983215332,10000,2.1390999999998193,2.3664,1,0.14590000000000003,0.0793,376832,15,15,2.4964,504728,0,0,33.10219955444336,15.856100082397461,4.572999954223633,7.502099990844727,0.6442999839782715,36.84709930419922,0,0,0,0,0,0,0,0,0,0,0,0,0,58.44192,44.72236
298,105.08869934082031,2.2105000019073486,22.199399948120117,5.28410005569458,1.7985999584197998,2.2567999362945557,14.917400360107422,0.9817000031471252,10000,10009,20000,10006,20000,20000,10000,0.38609999418258667,3.901099920272827,4.4842000007629395,10000,2.1339999999998205,2.2619,1,0.14400000000000002,0.07719999999999999,376832,15,15,2.985,8048,0,0,24.541000366210938,14.956100463867188,4.291800022125244,3.243000030517578,0.014999999664723873,50.39979934692383,0,0,0,0,0,0,0,0,0,0,0,0,0,58.56804,44.62288
299,105.24440002441406,0.33379998803138733,22.452299118041992,5.223899841308594,1.6475000381469727,2.1998000144958496,14.508500099182129,0.9805999994277954,10000,10009,20000,10006,20000,20000,10000,0.3614000082015991,3.7356998920440674,5.13129997253418,10000,2.1252999999998163,2.2856,1,0.1319,0.0373,376832,15,15,2.198,7712,0,0,22.916200637817383,14.537300109863281,4.294000148773193,3.2848000526428223,0.008999999612569809,53.60100173950195,0,0,0,0,0,0,0,0,0,0,0,0,0,58.58992,44.61972
300,104.75550079345703,17.16029930114746,25.741899490356445,5.8790998458862305,1.7166999578475952,3.229099988937378,15.19729995727539,1.0628999471664429,10000,10009,20000,10006,20000,20000,10000,0.4726000130176544,4.030399799346924,5.0756001472473145,10000,2.226199999999827,2.966,1,0.15080000000000002,0.0923,376832,15,15,3.4176,609080,1,1,43.11199951171875,16.184799194335938,5.060200214385986,10.718299865722656,0.9527000188827515,20.96430015563965,0,0,0,0,0,0,0,0,0,0,0,0,0,58.4294,44.62172
301,105.41570281982422,2.3234000205993652,22.873300552368164,5.313899993896484,1.941100001335144,2.4238998889923096,15.111800193786621,1.0140999555587769,10000,10009,20000,10006,20000,20000,10000,0.3871000111103058,3.8849000930786133,4.749499797821045,10000,2.1461999999998285,2.4218,1,0.21590000000000004,0.0888,376832,15,15,2.5708,25352,0,0,25.430999755859375,15.1496000289917,4.5106000900268555,3.599400043487549,0.009700000286102295,49.52750015258789,0,0,0,0,0,0,0,0,0,0,0,0,0,58.49776,44.50048
302,104.6011962890625,0.4027000069618225,23.77280044555664,5.239099979400635,2.7530999183654785,2.220599889755249,14.686100006103516,0.9944000244140625,10000,10009,20000,10006,20000,20000,10000,0.37720000743865967,3.822200059890747,5.102399826049805,10000,2.1416999999998185,2.3841,1,0.13219999999999998,0.045200000000000004,376832,15,15,1.4894,7712,0,0,24.37980079650879,14.718999862670898,4.4492998123168945,3.511199951171875,0.01119999960064888,51.597599029541016,0,0,0,0,0,0,0,0,0,0,0,0,0,58.42556,44.7472
303,105.11329650878906,2.5511999130249023,23.6156005859375,5.129300117492676,2.7771999835968018,2.2344000339508057,14.659199714660645,1.0087000131607056,10000,10009,20000,10006,20000,20000,10000,0.399399995803833,3.8373000621795654,5.043099880218506,10000,2.1574999999998274,2.3423,1,0.14479999999999998,0.0682,376832,15,15,2.5114,15952,0,0,26.30739974975586,14.691800117492676,4.333700180053711,3.337899923324585,0.009499999694526196,49.2775993347168,0,0,0,0,0,0,0,0,0,0,0,0,0,58.48948,44.808
304,105.23040008544922,4.224400043487549,22.964099884033203,5.432300090789795,1.5786000490188599,3.0869998931884766,14.84529972076416,0.9704999923706055,10000,10009,20000,10006,20000,20000,10000,0.3718000054359436,4.0416998863220215,4.1203999519348145,10000,2.347299999999848,2.3018,1,0.1506,0.0822,376832,15,15,2.8978,551640,0,0,27.35260009765625,15.579400062561035,4.3460001945495605,7.14169979095459,0.7045000195503235,43.021400451660156,0,0,0,0,0,0,0,0,0,0,0,0,0,58.4872,44.67548
305,104.94010162353516,3.0053999423980713,21.793699264526367,5.116600036621094,1.6481000185012817,2.2844998836517334,15.005499839782715,0.9912999868392944,10000,10009,20000,10006,20000,20000,10000,0.3952000141143799,3.7923998832702637,4.408899784088135,10000,2.131199999999818,2.6369,1,0.14589999999999997,0.0853,376832,15,15,3.023,8048,0,0,25.00480079650879,15.036800384521484,4.731299877166748,3.41129994392395,0.009700000286102295,49.08679962158203,0,0,0,0,0,0,0,0,0,0,0,0,0,58.5064,44.58664
306,105.29759979248047,0.34369999170303345,22.36910057067871,5.2571001052856445,1.6888999938964844,2.1612000465393066,14.642600059509277,0.9739999771118164,10000,10009,20000,10006,20000,20000,10000,0.36559998989105225,3.69350004196167,5.062399864196777,10000,2.3072999999998287,2.5793,1,0.1596,0.0804,376832,15,15,2.866,7712,0,0,22.846399307250977,14.683799743652344,4.689300060272217,3.1698999404907227,0.016699999570846558,52.03070068359375,0,0,0,0,0,0,0,0,0,0,0,0,0,58.47084,44.64208
307,104.7970962524414,6.382999897003174,22.5310001373291,5.404200077056885,1.6857999563217163,2.9177000522613525,14.608499526977539,0.9794999957084656,10000,10009,20000,10006,20000,20000,10000,0.4681999981403351,3.721299886703491,4.02839994430542,10000,2.115299999999816,2.2604,1,0.1766,0.0628,376832,15,15,1.6927,558104,0,0,29.049999237060547,15.472299575805664,4.267600059509277,6.158699989318848,0.8378999829292297,43.53850173950195,0,0,0,0,0,0,0,0,0,0,0,0,0,58.52828,44.57248
308,104.98979949951172,2.494499921798706,21.76289939880371,5.184700012207031,1.6765999794006348,2.2792000770568848,14.60789966583252,0.9778000116348267,10000,10009,20000,10006,20000,20000,10000,0.3711000084877014,3.797100067138672,4.3703999519348145,10000,2.1337999999998187,2.2492,1,0.146,0.0627,376832,15,15,2.9419,8048,0,0,24.433000564575195,14.638299942016602,4.326399803161621,2.8024001121520996,0.00930000003427267,51.29719924926758,0,0,0,0,0,0,0,0,0,0,0,0,0,58.47292,44.96856
309,105.22650146484375,0.35010001063346863,23.524900436401367,5.249899864196777,1.9706000089645386,2.466200113296509,14.82390022277832,0.9793000221252441,10000,10009,20000,10006,20000,20000,10000,0.459199994802475,3.8945000171661377,5.25,10000,2.118299999999816,2.343,1,0.1416,0.08020000000000001,376832,15,15,2.9036,7712,0,0,24.01180076599121,14.856200218200684,4.401899814605713,3.1670000553131104,0.009200000204145908,51.34510040283203,0,0,0,0,0,0,0,0,0,0,0,0,0,58.33464,44.86892
310,105.40570068359375,4.1290998458862305,26.092199325561523,5.54449987411499,2.70169997215271,2.9616000652313232,15.44480037689209,1.0549999475479126,10000,10009,20000,10006,20000,20000,10000,0.44020000100135803,4.681099891662598,5.327700138092041,10000,2.148399999999815,2.9029,1,0.24680000000000002,0.15439999999999998,376832,15,15,4.7666,15952,0,0,30.444499969482422,15.493900299072266,4.961699962615967,3.710599899291992,0.016599999740719795,38.472599029541016,0,0,0,0,0,0,0,0,0,0,0,0,0,58.3052,44.52056
311,104.89189910888672,5.788000106811523,25.40839958190918,5.833499908447266,2.3847999572753906,3.1150999069213867,15.437199592590332,0.9987000226974487,10000,10009,20000,10006,20000,20000,10000,0.39879998564720154,3.94320011138916,5.218599796295166,10000,2.1391999999998186,2.3421,1,0.1431,0.0737,376832,15,15,2.1865,558752,0,0,31.413999557495117,16.126399993896484,4.673099994659424,7.7017998695373535,0.6564000248908997,38.259498596191406,0,0,0,0,0,0,0,0,0,0,0,0,0,58.5288,44.6482
312,104.87840270996094,2.2664999961853027,22.57740020751953,5.583799839019775,1.8134000301361084,2.2964999675750732,14.663999557495117,0.9722999930381775,10000,10009,20000,10006,20000,20000,10000,0.4503999948501587,3.734100103378296,4.609099864959717,10000,2.165599999999824,2.3957,1,0.13190000000000002,0.039599999999999996,376832,15,15,2.4983,8048,0,0,24.9822998046875,14.692899703979492,4.477399826049805,3.485100030899048,0.008700000122189522,50.285301208496094,0,0,0,0,0,0,0,0,0,0,0,0,0,58.4666,44.82052
313,105.04540252685547,0.34869998693466187,23.76650047302246,5.654399871826172,2.0950000286102295,2.351099967956543,14.939299583435059,0.9706000089645386,10000,10009,20000,10006,20000,20000,10000,0.3813000023365021,3.747999906539917,5.2565999031066895,10000,2.1094999999998167,2.6132,1,0.1529,0.07669999999999999,376832,15,15,2.6637,7712,0,0,24.263099670410156,14.96969985961914,4.645699977874756,3.4323999881744385,0.009600000455975533,50.50429916381836,0,0,0,0,0,0,0,0,0,0,0,0,0,58.58092,44.56832
314,105.00650024414062,2.888700008392334,22.707500457763672,5.168399810791016,1.7617000341415405,2.278599977493286,15.36400032043457,0.9660999774932861,10000,10009,20000,10006,20000,20000,10000,0.4242999851703644,3.815200090408325,5.163599967956543,10000,2.1509999999998217,2.6224,1,0.1567,0.0833,376832,15,15,2.8374,15952,0,0,25.80929946899414,15.405699729919434,4.6778998374938965,3.914099931716919,0.016499999910593033,47.66600036621094,0,0,0,0,0,0,0,0,0,0,0,0,0,58.47256,44.72176
315,105.04029846191406,4.216899871826172,23.01689910888672,5.460100173950195,1.9283000230789185,2.8059000968933105,14.8927001953125,0.9857000112533569,10000,10009,20000,10006,20000,20000,10000,0.3862999975681305,3.8512001037597656,4.115799903869629,10000,2.1304999999998175,2.0104,1,0.15139999999999998,0.0745,376832,15,15,2.6111,516272,0,0,27.364299774169922,15.63949966430664,4.015699863433838,6.542300224304199,0.7225000262260437,44.30699920654297,0,0,0,0,0,0,0,0,0,0,0,0,0,58.54016,44.80184
316,105.17870330810547,2.226099967956543,21.813800811767578,5.383800029754639,1.6527999639511108,2.1935999393463135,14.93970012664795,0.9855999946594238,10000,10009,20000,10006,20000,20000,10000,0.3763999938964844,3.7590999603271484,4.329400062561035,10000,2.2102999999998274,2.3111,1,0.1706,0.061,376832,15,15,2.808,8048,0,0,24.17620086669922,14.970999717712402,4.504799842834473,3.303100109100342,0.010200000368058681,50.83319854736328,0,0,0,0,0,0,0,0,0,0,0,0,0,58.40716,44.6306
317,105.18830108642578,0.34599998593330383,23.724899291992188,5.273799896240234,2.262200117111206,2.5058000087738037,14.906100273132324,0.9824000000953674,10000,10009,20000,10006,20000,20000,10000,0.546500027179718,3.7813000679016113,5.129700183868408,10000,2.12879999999982,2.0392,1,0.1505,0.09490000000000001,376832,15,15,2.8447,7712,0,0,24.2052001953125,14.938899993896484,4.0858001708984375,3.2864999771118164,0.009999999776482582,51.31719970703125,0,0,0,0,0,0,0,0,0,0,0,0,0,58.43792,44.6632
318,104.88690185546875,3.419100046157837,23.18779945373535,5.2281999588012695,1.9605000019073486,2.281399965286255,14.760299682617188,1.0048999786376953,10000,10009,20000,10006,20000,20000,10000,0.40450000762939453,3.764699935913086,5.172900199890137,10000,2.1359999999998207,2.3829,1,0.1466,0.086,376832,15,15,2.9837,15952,0,0,26.765499114990234,14.799500465393066,4.413899898529053,3.1870999336242676,0.01360000018030405,48.10129928588867,0,0,0,0,0,0,0,0,0,0,0,0,0,58.5884,44.79764
319,105.3333969116211,4.166200160980225,23.600799560546875,5.613100051879883,1.937000036239624,2.914799928665161,15.229499816894531,0.9753000140190125,10000,10009,20000,10006,20000,20000,10000,0.4083999991416931,3.9658000469207764,4.375,10000,2.160599999999823,4.1644,1,0.2252,0.14579999999999999,376832,15,15,5.097,533600,0,0,27.903499603271484,15.986200332641602,6.2027997970581055,8.310700416564941,0.7265999913215637,34.68410110473633,0,0,0,0,0,0,0,0,0,0,0,0,0,58.43384,44.65792
320,105.02770233154297,2.281100034713745,22.046300888061523,5.2891998291015625,1.6921000480651855,2.2155001163482666,15.02560043334961,0.9832000136375427,10000,10009,20000,10006,20000,20000,10000,0.3714999854564667,3.75819993019104,4.61929988861084,10000,2.128199999999815,1.7792,1,0.15499999999999997,0.0679,376832,15,15,2.1895,8048,0,0,24.470199584960938,15.06470012664795,3.802000045776367,3.143899917602539,0.01119999960064888,51.703399658203125,0,0,0,0,0,0,0,0,0,0,0,0,0,58.52116,44.59352
321,105.14849853515625,0.5835999846458435,23.456100463867188,5.303999900817871,1.785599946975708,2.6898999214172363,14.91349983215332,0.9801999926567078,10000,10009,20000,10006,20000,20000,10000,0.38019999861717224,3.8078999519348145,5.171599864959717,10000,2.2431999999998316,2.4853,1,0.1521,0.0895,376832,15,15,2.8946,7712,0,0,24.179899215698242,14.945899963378906,4.526800155639648,3.4727001190185547,0.010099999606609344,48.537200927734375,0,0,0,0,0,0,0,0,0,0,0,0,0,58.5552,44.6874
322,105.05120086669922,2.777899980545044,24.00029945373535,5.2789998054504395,1.8157999515533447,2.7348999977111816,14.942999839782715,1.1545000076293945,10000,10009,20000,10006,20000,20000,10000,0.41100001335144043,3.92930006980896,5.17549991607666,10000,2.1647999999998224,2.1539,1,0.1511,0.0883,376832,15,15,2.3722,15952,0,0,26.92530059814453,14.98330020904541,4.151599884033203,3.540600061416626,0.015599999576807022,48.149600982666016,0,0,0,0,0,0,0,0,0,0,0,0,0,58.39528,44.59764
323,105.03710174560547,4.194799900054932,22.765899658203125,5.3470001220703125,1.6725000143051147,2.7946999073028564,14.906599998474121,1.0068000555038452,10000,10009,20000,10006,20000,20000,10000,0.36980000138282776,3.797300100326538,4.3678998947143555,10000,2.1384999999998198,1.7406,1,0.1422,0.072,376832,15,15,2.6602,521560,0,0,27.09160041809082,15.584500312805176,3.7873001098632812,9.142800331115723,0.652999997138977,42.26860046386719,0,0,0,0,0,0,0,0,0,0,0,0,0,58.50796,44.62372
324,104.85910034179688,2.257200002670288,22.66670036315918,5.364799976348877,1.802899956703186,2.310699939727783,14.962699890136719,0.9825000166893005,10000,10009,20000,10006,20000,20000,10000,0.41190001368522644,3.9451000690460205,4.685100078582764,10000,2.228599999999832,2.369,1,0.1527,0.0818,376832,15,15,2.8737,8048,0,0,25.062299728393555,14.99429988861084,4.525400161743164,3.519700050354004,0.009700000286102295,49.27539825439453,0,0,0,0,0,0,0,0,0,0,0,0,0,58.35104,44.66904
325,105.0093994140625,0.37630000710487366,23.12459945678711,5.165500164031982,1.7152999639511108,2.293800115585327,14.859199523925781,1.1390999555587769,10000,10009,20000,10006,20000,20000,10000,0.37049999833106995,3.725399971008301,5.07450008392334,10000,2.21469999999983,2.5094,1,0.1564,0.065,376832,15,15,2.6119,7712,0,0,23.63559913635254,14.889100074768066,4.622200012207031,3.307499885559082,0.009600000455975533,51.333900451660156,0,0,0,0,0,0,0,0,0,0,0,0,0,58.5424,44.47328
326,104.75540161132812,6.722099781036377,23.817899703979492,5.60230016708374,1.7351000308990479,2.952899932861328,14.869500160217285,1.0159000158309937,10000,10009,20000,10006,20000,20000,10000,0.3978999853134155,3.8341000080108643,4.691699981689453,10000,2.134899999999821,2.4018,1,0.1414,0.0466,376832,15,15,1.7779,575400,0,0,30.675800323486328,15.642900466918945,4.481599807739258,8.196599960327148,0.7516000270843506,39.4651985168457,0,0,0,0,0,0,0,0,0,0,0,0,0,58.48284,44.59744
327,105.1458969116211,2.328399896621704,22.59440040588379,5.327099800109863,1.9692000150680542,2.3608999252319336,14.591899871826172,0.9912999868392944,10000,10009,20000,10006,20000,20000,10000,0.400299996137619,3.9581000804901123,4.478000164031982,10000,2.224999999999818,1.4684,1,0.1436,0.0736,376832,15,15,2.5821,8048,0,0,25.060699462890625,14.622200012207031,3.4860000610351562,2.782900094985962,0.009999999776482582,51.99810028076172,0,0,0,0,0,0,0,0,0,0,0,0,0,58.19624,44.7534
328,104.99819946289062,0.3499000072479248,22.851499557495117,5.3892998695373535,1.7405999898910522,2.257999897003174,14.874799728393555,0.9692000150680542,10000,10009,20000,10006,20000,20000,10000,0.3714999854564667,3.7572999000549316,5.145400047302246,10000,2.1054999999998163,2.2316,1,0.1451,0.07339999999999999,376832,15,15,2.8364,7712,0,0,23.3439998626709,14.904000282287598,4.269000053405762,3.263400077819824,0.009600000455975533,51.84479904174805,0,0,0,0,0,0,0,0,0,0,0,0,0,58.34356,44.49424
329,104.68240356445312,3.044600009918213,23.145700454711914,5.160999774932861,2.029400110244751,2.2669999599456787,14.770700454711914,0.9839000105857849,10000,10009,20000,10006,20000,20000,10000,0.375900000333786,3.7780001163482666,5.082600116729736,10000,2.1341999999998205,2.2813,1,0.1484,0.0648,376832,15,15,3.1233,15952,0,0,26.32819938659668,14.81190013885498,4.364200115203857,3.2943999767303467,0.01489999983459711,48.07590103149414,0,0,0,0,0,0,0,0,0,0,0,0,0,58.55608,44.76676
330,104.67769622802734,4.71589994430542,23.239500045776367,5.4243998527526855,1.6169999837875366,2.930500030517578,14.658499717712402,1.0550999641418457,10000,10009,20000,10006,20000,20000,10000,0.39570000767707825,3.9021999835968018,4.327600002288818,10000,2.132899999999821,2.3255,1,0.14439999999999997,0.0838,376832,15,15,2.6766,622048,0,0,28.092300415039062,15.478300094604492,4.404200077056885,6.213200092315674,0.7930999994277954,43.25709915161133,0,0,0,0,0,0,0,0,0,0,0,0,0,58.48912,44.57108
331,105.59030151367188,2.2534000873565674,21.932899475097656,5.273799896240234,1.9033000469207764,2.1886000633239746,14.750499725341797,0.9811000227928162,10000,10009,20000,10006,20000,20000,10000,0.43810001015663147,3.7392001152038574,4.341100215911865,10000,2.220199999999828,2.4534,1,0.1514,0.0817,376832,15,15,2.6221,8048,0,0,24.31920051574707,14.782099723815918,4.478600025177002,3.385200023651123,0.010400000028312206,51.213401794433594,0,0,0,0,0,0,0,0,0,0,0,0,0,58.33692,44.47644
332,104.64140319824219,0.34619998931884766,23.189300537109375,5.49970006942749,1.8494000434875488,2.2088000774383545,14.723699569702148,0.9865999817848206,10000,10009,20000,10006,20000,20000,10000,0.4099999964237213,3.77620005607605,5.164000034332275,10000,2.1334999999998208,2.3457,1,0.1607,0.08779999999999999,376832,15,15,2.9253,7712,0,0,23.675600051879883,14.757399559020996,4.408100128173828,3.3231000900268555,0.00989999994635582,50.936100006103516,0,0,0,0,0,0,0,0,0,0,0,0,0,58.40792,44.6448
333,105.01490020751953,5.743599891662598,22.793699264526367,5.407599925994873,1.6694999933242798,2.884200096130371,14.68910026550293,0.9818999767303467,10000,10009,20000,10006,20000,20000,10000,0.41440001130104065,3.674799919128418,4.480199813842773,10000,2.1831999999998266,3.2899,1,0.15899999999999997,0.0805,376832,15,15,3.3835,464360,0,0,28.687400817871094,15.319600105285645,5.327300071716309,8.66450023651123,0.5985999703407288,37.2218017578125,0,0,0,0,0,0,0,0,0,0,0,0,0,58.3296,44.55816
334,104.68689727783203,2.418299913406372,21.918100357055664,5.142099857330322,1.7001999616622925,2.172300100326538,14.611499786376953,0.9736999869346619,10000,10009,20000,10006,20000,20000,10000,0.4043000042438507,3.7179999351501465,4.6442999839782715,10000,2.135099999999821,2.6412,1,0.1472,0.0856,376832,15,15,2.8696,8048,0,0,24.481700897216797,14.64050006866455,4.647600173950195,3.694200038909912,0.009700000286102295,49.80080032348633,0,0,0,0,0,0,0,0,0,0,0,0,0,58.4914,44.47952
335,104.95149993896484,0.3433000147342682,22.77120018005371,5.299900054931641,1.7821999788284302,2.2125000953674316,14.568499565124512,0.9794999957084656,10000,10009,20000,10006,20000,20000,10000,0.41999998688697815,3.749000072479248,5.1269001960754395,10000,2.130799999999816,2.3393,1,0.13390000000000002,0.0581,376832,15,15,1.5063,7712,0,0,23.258899688720703,14.600099563598633,4.360000133514404,3.392899990081787,0.00989999994635582,53.40140151977539,0,0,0,0,0,0,0,0,0,0,0,0,0,58.47828,44.73728
336,104.67870330810547,2.9825000762939453,25.473800659179688,5.743199825286865,3.5218000411987305,2.4077999591827393,14.844200134277344,1.013700008392334,10000,10009,20000,10006,20000,20000,10000,0.39739999175071716,3.8494999408721924,5.216700077056885,10000,2.243999999999822,1.7397,1,0.152,0.0844,376832,15,15,2.8221,15952,0,0,28.597900390625,14.877900123596191,3.774899959564209,3.5007998943328857,0.009800000116229057,46.41019821166992,0,0,0,0,0,0,0,0,0,0,0,0,0,58.44104,44.64068
337,105.07369995117188,4.845399856567383,23.769800186157227,5.598700046539307,1.9278000593185425,3.039299964904785,16.404699325561523,0.9939000010490417,10000,10009,20000,10006,20000,20000,10000,0.45840001106262207,3.7614998817443848,4.4969000816345215,10000,2.2417999999998313,2.3747,1,0.1499,0.0839,376832,15,15,2.6957,599688,0,0,28.752399444580078,17.271900177001953,4.469200134277344,8.21619987487793,0.838100016117096,36.089599609375,0,0,0,0,0,0,0,0,0,0,0,0,0,58.47728,44.56876
338,105.0426025390625,2.257999897003174,22.702999114990234,5.307300090789795,2.2011001110076904,2.318700075149536,14.85219955444336,0.9750000238418579,10000,10009,20000,10006,20000,20000,10000,0.4016000032424927,3.7876999378204346,4.631999969482422,10000,2.2599999999998226,2.4421,1,0.14600000000000002,0.0644,376832,15,15,2.6838,8048,0,0,25.102800369262695,14.884400367736816,4.486299991607666,3.4439001083374023,0.010700000450015068,49.77980041503906,0,0,0,0,0,0,0,0,0,0,0,0,0,58.43868,44.6932
339,105.01940155029297,0.3653999865055084,22.966999053955078,5.203100204467773,1.9572999477386475,2.3164000511169434,14.75409984588623,0.9714000225067139,10000,10009,20000,10006,20000,20000,10000,0.38600000739097595,3.8376998901367188,5.050000190734863,10000,2.211799999999828,1.5071,1,0.1427,0.0743,376832,15,15,2.5813,7712,0,0,23.475299835205078,14.790800094604492,3.5341999530792236,3.340399980545044,0.013399999588727951,52.66910171508789,0,0,0,0,0,0,0,0,0,0,0,0,0,58.57076,44.63136
340,105.04620361328125,2.6470999717712402,22.548599243164062,5.197500228881836,1.8381999731063843,2.2167000770568848,14.679800033569336,0.970300018787384,10000,10009,20000,10006,20000,20000,10000,0.37130001187324524,3.778700113296509,5.012800216674805,10000,2.154899999999819,1.4486,1,0.2605,0.0827,376832,15,15,2.8961,15952,0,0,25.336599349975586,14.709199905395508,3.4911000728607178,3.5283000469207764,0.00930000003427267,49.6515998840332,0,0,0,0,0,0,0,0,0,0,0,0,0,58.48484,44.61648
341,105.3916015625,4.310400009155273,23.743099212646484,5.630899906158447,1.749400019645691,2.802500009536743,14.781900405883789,0.9690999984741211,10000,10009,20000,10006,20000,20000,10000,0.42340001463890076,3.7072999477386475,5.0304999351501465,10000,2.170299999999823,1.761,1,0.1523,0.08510000000000001,376832,15,15,2.2527,509392,0,0,28.19529914855957,15.477499961853027,3.7848000526428223,7.301199913024902,0.650600016117096,43.749698638916016,0,0,0,0,0,0,0,0,0,0,0,0,0,58.41368,44.54244
342,104.93930053710938,2.3636999130249023,23.899700164794922,5.795000076293945,1.8375999927520752,2.418100118637085,15.146599769592285,1.0321999788284302,10000,10009,20000,10006,20000,20000,10000,0.33640000224113464,4.091000080108643,4.795199871063232,10000,2.1710999999998224,1.9399,1,0.1461,0.0655,376832,15,15,1.9047,8048,0,0,26.409900665283203,15.178299903869629,4.0802001953125,3.952500104904175,0.00989999994635582,48.827301025390625,0,0,0,0,0,0,0,0,0,0,0,0,0,58.37716,44.61304
343,104.65650177001953,0.3513999879360199,23.466800689697266,5.2256999015808105,2.2783000469207764,2.27810001373291,14.865699768066406,0.9603999853134155,10000,10009,20000,10006,20000,20000,10000,0.37860000133514404,3.930000066757202,5.14900016784668,10000,2.1064999999998166,2.3375,1,0.1451,0.0931,376832,15,15,2.6745,7712,0,0,24.050199508666992,14.899399757385254,4.359300136566162,3.2994000911712646,0.010200000368058681,50.76190185546875,0,0,0,0,0,0,0,0,0,0,0,0,0,58.34628,44.46864
344,105.21710205078125,6.585599899291992,23.957399368286133,5.572800159454346,1.986899971961975,2.9291000366210938,15.05739974975586,0.9839000105857849,10000,10009,20000,10006,20000,20000,10000,0.4025999903678894,3.848599910736084,4.853099822998047,10000,2.1523999999998216,2.739,1,0.1543,0.0866,376832,15,15,3.223,539512,0,0,30.68429946899414,15.810099601745605,4.823999881744385,8.646300315856934,0.7260000109672546,35.56639862060547,0,0,0,0,0,0,0,0,0,0,0,0,0,58.42284,44.68644
345,104.34120178222656,2.4235999584198,22.592300415039062,5.355999946594238,1.8554999828338623,2.2488999366760254,14.80739974975586,1.0024000406265259,10000,10009,20000,10006,20000,20000,10000,0.42829999327659607,3.8742001056671143,4.71589994430542,10000,2.1569999999998224,2.6201,1,0.1614,0.0987,376832,15,15,4.0429,8048,0,0,25.22480010986328,14.852299690246582,4.732500076293945,3.3694000244140625,0.01720000058412552,46.918701171875,0,0,0,0,0,0,0,0,0,0,0,0,0,58.54216,44.66108
346,105.21420288085938,0.34630000591278076,23.184200286865234,5.298799991607666,1.7903000116348267,2.3617000579833984,16.230100631713867,0.9810000061988831,10000,10009,20000,10006,20000,20000,10000,0.43630000948905945,3.749799966812134,5.2947998046875,10000,2.1295999999998174,2.6812,1,0.15239999999999998,0.0826,376832,15,15,3.0629,7712,0,0,23.662399291992188,16.285400390625,4.7104997634887695,3.2411000728607178,0.021400000900030136,49.64670181274414,0,0,0,0,0,0,0,0,0,0,0,0,0,58.45132,44.45964
347,105.01229858398438,2.941200017929077,23.703699111938477,5.186600208282471,1.9036999940872192,2.2558000087738037,14.75100040435791,0.98089998960495,10000,10009,20000,10006,20000,20000,10000,0.373199999332428,4.743299961090088,5.112400054931641,10000,2.130799999999822,1.7413,1,0.1456,0.0814,376832,15,15,2.5234,15952,0,0,26.875900268554688,14.780500411987305,3.7611000537872314,3.045099973678589,0.009100000374019146,49.43949890136719,0,0,0,0,0,0,0,0,0,0,0,0,0,58.50056,44.54224
348,104.92870330810547,4.393199920654297,24.142099380493164,5.63730001449585,2.3954999446868896,2.919800043106079,15.155599594116211,0.9656999707221985,10000,10009,20000,10006,20000,20000,10000,0.4083999991416931,4.0559000968933105,4.324900150299072,10000,2.1269999999998173,2.3296,1,0.132,0.054099999999999995,376832,15,15,1.5417,583384,0,0,28.668399810791016,16.125999450683594,4.355400085449219,7.560500144958496,0.9426000118255615,42.1692008972168,0,0,0,0,0,0,0,0,0,0,0,0,0,58.4508,44.68764
349,105.00659942626953,2.4804000854492188,22.54199981689453,5.377299785614014,1.7694000005722046,2.387700080871582,14.891799926757812,0.9966999888420105,10000,10009,20000,10006,20000,20000,10000,0.4440999925136566,3.6949000358581543,4.630799770355225,10000,2.1695999999998126,1.8053,1,0.1957,0.091,376832,15,15,2.7723,8048,0,0,25.1825008392334,14.922699928283691,3.9772000312805176,3.2497000694274902,0.010099999606609344,50.30160140991211,0,0,0,0,0,0,0,0,0,0,0,0,0,58.3562,44.60624
350,105.19660186767578,0.34119999408721924,23.653900146484375,5.254000186920166,1.7990000247955322,2.7644999027252197,14.954899787902832,0.9664000272750854,10000,10009,20000,10006,20000,20000,10000,0.4092000126838684,3.8280999660491943,5.395400047302246,10000,2.183999999999823,2.4675,1,0.1455,0.0622,376832,15,15,2.7958,7712,0,0,24.128700256347656,14.988800048828125,4.482699871063232,3.4514000415802,0.010200000368058681,50.75630187988281,0,0,0,0,0,0,0,0,0,0,0,0,0,58.48872,44.70188
351,104.79090118408203,5.98960018157959,23.93090057373047,5.533599853515625,1.7628999948501587,2.952699899673462,14.978500366210938,1.0023000240325928,10000,10009,20000,10006,20000,20000,10000,0.4171999990940094,3.7314999103546143,5.189799785614014,10000,2.145199999999822,2.4733,1,0.13169999999999998,0.046299999999999994,376832,15,15,1.8568,509832,0,0,30.12660026550293,15.652199745178223,4.5040998458862305,8.514300346374512,0.6507999897003174,39.50419998168945,0,0,0,0,0,0,0,0,0,0,0,0,0,58.54424,44.70796
352,105.0291976928711,2.3336000442504883,23.52560043334961,6.159299850463867,1.6753000020980835,2.2260000705718994,15.222200393676758,1.0155999660491943,10000,10009,20000,10006,20000,20000,10000,0.39750000834465027,4.026000022888184,4.691299915313721,10000,2.215399999999827,1.7788,1,0.1458,0.07669999999999999,376832,15,15,2.5923,8048,0,0,25.996000289916992,15.26729965209961,3.829200029373169,3.2353999614715576,0.015399999916553497,49.3380012512207,0,0,0,0,0,0,0,0,0,0,0,0,0,58.43408,44.64024
353,105.08540344238281,0.36169999837875366,23.803300857543945,5.699900150299072,1.8746999502182007,2.2776999473571777,15.819600105285645,0.9772999882698059,10000,10009,20000,10006,20000,20000,10000,0.39320001006126404,3.8671000003814697,5.321800231933594,10000,2.1966999999998245,2.6127,1,0.232,0.095,376832,15,15,1.809,7712,0,0,24.306100845336914,15.852399826049805,4.763199806213379,3.7762999534606934,0.00989999994635582,47.11589813232422,0,0,0,0,0,0,0,0,0,0,0,0,0,58.51856,44.7508
354,105.24150085449219,3.428999900817871,25.91309928894043,5.712200164794922,3.330899953842163,2.501300096511841,15.607500076293945,1.0175000429153442,10000,10009,20000,10006,20000,20000,10000,0.39309999346733093,4.0447998046875,5.306399822235107,10000,2.2190999999998233,2.5569,1,0.1409,0.053,376832,15,15,2.5782,15952,0,0,29.47089958190918,15.65880012512207,5.269400119781494,3.6763999462127686,0.016599999740719795,42.600101470947266,0,0,0,0,0,0,0,0,0,0,0,0,0,58.41244,44.64092
355,104.95249938964844,5.104599952697754,28.268299102783203,5.952700138092041,2.8958001136779785,3.867500066757202,15.530200004577637,1.0289000272750854,10000,10009,20000,10006,20000,20000,10000,0.40779998898506165,5.3078999519348145,5.105599880218506,10000,2.258499999999832,2.482,1,0.1309,0.042300000000000004,376832,15,15,2.4785,611624,0,0,33.60129928588867,16.430099487304688,4.531599998474121,8.093899726867676,0.8672000169754028,33.8468017578125,0,0,0,0,0,0,0,0,0,0,0,0,0,58.37032,44.54536
356,105.13760375976562,2.2846999168395996,21.603200912475586,5.149199962615967,1.6826000213623047,2.1800999641418457,15.031399726867676,0.9569000005722046,10000,10009,20000,10006,20000,20000,10000,0.37549999356269836,3.7537999153137207,4.396699905395508,10000,2.248299999999826,2.1939,1,0.1415,0.08410000000000001,376832,15,15,2.7147,8048,0,0,24.02079963684082,15.063400268554688,4.244800090789795,3.02620005607605,0.009800000116229057,51.50510025024414,0,0,0,0,0,0,0,0,0,0,0,0,0,58.46168,44.55376
357,104.55079650878906,0.3497999906539917,24.74959945678711,5.557499885559082,2.823899984359741,2.7488999366760254,15.046899795532227,0.98580002784729,10000,10009,20000,10006,20000,20000,10000,0.4239000082015991,3.7569000720977783,5.078499794006348,10000,2.1855999999998246,2.0441,1,0.14600000000000002,0.0747,376832,15,15,2.5799,7712,0,0,25.29949951171875,15.076800346374512,4.079400062561035,2.9869000911712646,0.009399999864399433,49.940399169921875,0,0,0,0,0,0,0,0,0,0,0,0,0,58.49432,44.57256
358,105.19490051269531,2.555299997329712,23.866199493408203,5.362199783325195,2.77020001411438,2.253700017929077,14.916000366210938,0.9969000220298767,10000,10009,20000,10006,20000,20000,10000,0.3871000111103058,3.870300054550171,5.014999866485596,10000,2.1491999999998193,1.813,1,0.1459,0.0753,376832,15,15,1.6731,15952,0,0,26.557100296020508,14.946200370788574,3.9235000610351562,2.583199977874756,0.010200000368058681,50.972599029541016,0,0,0,0,0,0,0,0,0,0,0,0,0,58.35544,44.58152
359,104.73200225830078,4.298299789428711,23.554000854492188,5.429699897766113,1.8104000091552734,2.9042000770568848,14.684499740600586,0.9731000065803528,10000,10009,20000,10006,20000,20000,10000,0.40139999985694885,3.8096001148223877,4.7342000007629395,10000,2.120699999999815,1.7941,1,0.1314,0.0373,376832,15,15,1.6674,483528,0,0,28.05970001220703,15.135499954223633,3.804500102996826,6.605400085449219,0.42879998683929443,44.77349853515625,0,0,0,0,0,0,0,0,0,0,0,0,0,58.678,44.58208
360,105.18090057373047,2.2788000106811523,22.249500274658203,5.436600208282471,1.718999981880188,2.4047999382019043,14.672100067138672,0.9814000129699707,10000,10009,20000,10006,20000,20000,10000,0.37869998812675476,3.741300106048584,4.414299964904785,10000,2.14489999999982,1.3703,1,0.1557,0.0844,376832,15,15,2.7575,8048,0,0,24.66629981994629,14.703300476074219,3.4421000480651855,3.333899974822998,0.009700000286102295,51.65079879760742,0,0,0,0,0,0,0,0,0,0,0,0,0,58.52224,44.62592
361,104.8593978881836,0.4440999925136566,23.779800415039062,5.478600025177002,1.872499942779541,2.3210999965667725,14.625,1.0254000425338745,10000,10009,20000,10006,20000,20000,10000,0.36390000581741333,3.90339994430542,5.210999965667725,10000,2.131299999999821,1.5831,1,0.14389999999999997,0.0805,376832,15,15,3.3192,7712,0,0,24.447799682617188,14.65839958190918,3.6874001026153564,3.2813000679016113,0.010300000198185444,50.86119842529297,0,0,0,0,0,0,0,0,0,0,0,0,0,58.48888,44.5372
362,105.01959991455078,2.676500082015991,23.3257999420166,5.273499965667725,1.9883999824523926,2.2939000129699707,14.744799613952637,1.0092999935150146,10000,10009,20000,10006,20000,20000,10000,0.39259999990463257,3.861999988555908,4.974999904632568,10000,2.1192999999998197,1.6631,1,0.1494,0.09179999999999999,376832,15,15,2.7337,15952,0,0,26.1387996673584,14.777899742126465,4.525300025939941,3.3303000926971436,0.010300000198185444,48.99700164794922,0,0,0,0,0,0,0,0,0,0,0,0,0,58.5474,44.57612
363,104.88469696044922,4.451200008392334,23.544200897216797,5.511600017547607,1.872499942779541,2.970599889755249,14.77079963684082,0.9865000247955322,10000,10009,20000,10006,20000,20000,10000,0.44909998774528503,3.6740000247955322,4.637199878692627,10000,2.1372999999998163,2.617,1,0.152,0.0622,376832,15,15,1.8008,541272,0,0,28.131099700927734,15.5378999710083,4.64169979095459,8.367199897766113,0.7419000267982483,41.74679946899414,0,0,0,0,0,0,0,0,0,0,0,0,0,58.47108,44.71536
364,105.10780334472656,2.246799945831299,22.121999740600586,5.271100044250488,1.624899983406067,2.357100009918213,15.103099822998047,1.0074000358581543,10000,10009,20000,10006,20000,20000,10000,0.427700012922287,3.801300048828125,4.4807000160217285,10000,2.148999999999818,1.4531,1,0.1638,0.0897,376832,15,15,2.9546,8048,0,0,24.511199951171875,15.13659954071045,3.5006000995635986,3.0996999740600586,0.010499999858438969,51.19240188598633,0,0,0,0,0,0,0,0,0,0,0,0,0,58.37832,44.46012
365,104.97799682617188,0.3497999906539917,27.084699630737305,5.306300163269043,1.850600004196167,2.239500045776367,15.108699798583984,1.0160000324249268,10000,10009,20000,10006,20000,20000,10000,4.028299808502197,4.017199993133545,5.17710018157959,10000,2.1330999999998177,2.0756,1,0.146,0.08030000000000001,376832,15,15,3.3637,7712,0,0,27.57900047302246,15.160499572753906,4.089700222015381,3.134000062942505,0.017000000923871994,46.987998962402344,0,0,0,0,0,0,0,0,0,0,0,0,0,58.53304,44.58728
366,104.91639709472656,6.561200141906738,23.72089958190918,5.622200012207031,1.7168999910354614,2.8152999877929688,14.575400352478027,0.9732000231742859,10000,10009,20000,10006,20000,20000,10000,0.49889999628067017,3.639899969100952,5.017099857330322,10000,2.129699999999819,2.6078,1,0.13290000000000002,0.0498,376832,15,15,1.6915,442736,0,0,30.42449951171875,15.002599716186523,4.65310001373291,7.7891998291015625,0.4041999876499176,40.63399887084961,0,0,0,0,0,0,0,0,0,0,0,0,0,58.47436,44.61824
367,105.0447998046875,2.3190999031066895,22.947999954223633,5.135799884796143,1.8151999711990356,2.552299976348877,14.680100440979004,0.9804999828338623,10000,10009,20000,10006,20000,20000,10000,0.40860000252723694,4.4319000244140625,4.577300071716309,10000,2.116999999999819,2.4518,1,0.19999999999999996,0.0825,376832,15,15,2.498,8048,0,0,25.465200424194336,14.711000442504883,4.48859977722168,2.948699951171875,0.00930000003427267,50.332298278808594,0,0,0,0,0,0,0,0,0,0,0,0,0,58.37348,44.66892
368,105.18099975585938,0.34459999203681946,24.249300003051758,5.325799942016602,2.9565999507904053,2.3071999549865723,15.19849967956543,1.0002000331878662,10000,10009,20000,10006,20000,20000,10000,0.3955000042915344,3.7825000286102295,5.21019983291626,10000,2.32039999999984,1.7605,1,0.16050000000000003,0.1079,376832,15,15,3.1424,7712,0,0,24.729700088500977,15.235199928283691,3.8350000381469727,3.415600061416626,0.010900000110268593,49.222198486328125,0,0,0,0,0,0,0,0,0,0,0,0,0,58.37664,44.62652
369,104.68309783935547,6.905700206756592,25.477800369262695,5.686699867248535,2.356300115585327,2.8991000652313232,15.046299934387207,1.0437999963760376,10000,10009,20000,10006,20000,20000,10000,0.4244000017642975,4.043099880218506,5.395999908447266,10000,2.1314999999998174,2.4461,1,0.13570000000000002,0.0472,376832,15,15,1.57,543208,0,0,32.56679916381836,15.849800109863281,4.5706000328063965,8.430899620056152,0.7670000195503235,36.997398376464844,0,0,0,0,0,0,0,0,0,0,0,0,0,58.51116,44.76224
370,105.4175033569336,2.2925000190734863,22.152999877929688,5.270899772644043,1.6734999418258667,2.2353999614715576,14.841899871826172,0.9983999729156494,10000,10009,20000,10006,20000,20000,10000,0.4260999858379364,3.787899971008301,4.504199981689453,10000,2.1427999999998177,2.3343,1,0.1482,0.0822,376832,15,15,2.7712,8048,0,0,24.573999404907227,14.882499694824219,4.422500133514404,3.3698999881744385,0.015300000086426735,50.80400085449219,0,0,0,0,0,0,0,0,0,0,0,0,0,58.4114,44.50868
371,105.07510375976562,0.352400004863739,23.11910057067871,5.164400100708008,1.904099941253662,2.422100067138672,14.716400146484375,0.9731000065803528,10000,10009,20000,10006,20000,20000,10000,0.3937999904155731,3.7600998878479004,5.213799953460693,10000,2.1174999999998176,2.966,1,0.16010000000000002,0.10189999999999999,376832,15,15,3.1167,7712,0,0,23.606199264526367,14.748499870300293,5.002099990844727,3.7769999504089355,0.009399999864399433,50.26470184326172,0,0,0,0,0,0,0,0,0,0,0,0,0,58.42516,44.67896
372,104.61360168457031,6.390100002288818,24.03350067138672,5.380899906158447,1.6591999530792236,3.5643999576568604,15.242899894714355,0.9706000089645386,10000,10009,20000,10006,20000,20000,10000,0.3497999906539917,3.7555999755859375,5.0117998123168945,10000,2.1351999999998177,2.3211,1,0.1359,0.0453,376832,15,15,1.8427,545848,0,0,30.566999435424805,15.994199752807617,4.464200019836426,8.195899963378906,0.7213000059127808,37.45479965209961,0,0,0,0,0,0,0,0,0,0,0,0,0,58.37536,44.84008
373,105.24669647216797,2.2139999866485596,22.366199493408203,5.317200183868408,1.7824000120162964,2.6600000858306885,15.16349983215332,0.9889000058174133,10000,10009,20000,10006,20000,20000,10000,0.42640000581741333,3.722899913787842,4.332699775695801,10000,2.224399999999827,2.2899,1,0.1518,0.0751,376832,15,15,2.7321,8048,0,0,24.715900421142578,15.19540023803711,4.414400100708008,3.348599910736084,0.010099999606609344,50.127899169921875,0,0,0,0,0,0,0,0,0,0,0,0,0,58.43344,44.60516
374,105.15270233154297,0.3467999994754791,23.576000213623047,5.439700126647949,1.9754999876022339,2.5476999282836914,14.937199592590332,0.9771999716758728,10000,10009,20000,10006,20000,20000,10000,0.3856000006198883,3.7702999114990234,5.179699897766113,10000,2.1719999999998225,3.5351,1,0.1576,0.10550000000000001,376832,15,15,3.5917,7712,0,0,24.131900787353516,14.969499588012695,5.626399993896484,4.8445000648498535,0.00989999994635582,47.34109878540039,0,0,0,0,0,0,0,0,0,0,0,0,0,58.49056,44.751
375,104.93879699707031,2.8036000728607178,24.639400482177734,5.482999801635742,2.990799903869629,2.3584001064300537,14.871500015258789,0.9652000069618225,10000,10009,20000,10006,20000,20000,10000,0.44119998812675476,3.7553999423980713,5.235499858856201,10000,2.1528999999998204,3.8995,1,0.16349999999999998,0.1008,376832,15,15,3.758,15952,0,0,27.579099655151367,14.918999671936035,5.999100208282471,4.576099872589111,0.017000000923871994,42.22949981689453,0,0,0,0,0,0,0,0,0,0,0,0,0,58.3926,44.75356
376,104.95950317382812,4.403600215911865,24.12470054626465,5.5005998611450195,1.7556999921798706,3.049499988555908,15.053600311279297,0.9667999744415283,10000,10009,20000,10006,20000,20000,10000,0.45750001072883606,3.859600067138672,4.9456000328063965,10000,2.1809999999998237,2.4494,1,0.1425,0.0637,376832,15,15,1.8986,521728,0,0,28.66230010986328,15.767000198364258,4.625199794769287,7.523900032043457,0.6815999746322632,41.80379867553711,0,0,0,0,0,0,0,0,0,0,0,0,0,58.43624,44.66072
377,105.29869842529297,2.260699987411499,22.72010040283203,5.307499885559082,1.93340003490448,2.341399908065796,15.522700309753418,1.0298999547958374,10000,10009,20000,10006,20000,20000,10000,0.3873000144958496,3.809999942779541,4.682199954986572,10000,2.2179999999998308,3.098,1,0.1857,0.1247,376832,15,15,3.9443,8048,0,0,25.147499084472656,15.564000129699707,5.226099967956543,4.214900016784668,0.015599999576807022,43.346099853515625,0,0,0,0,0,0,0,0,0,0,0,0,0,58.30512,44.71992
378,105.07990264892578,0.41940000653266907,23.20479965209961,5.414899826049805,1.9922000169754028,2.2618000507354736,14.834099769592285,0.9977999925613403,10000,10009,20000,10006,20000,20000,10000,0.3991999924182892,3.7869999408721924,4.990900039672852,10000,2.124699999999817,2.472,1,0.15950000000000003,0.119,376832,15,15,3.2621,7712,0,0,23.843900680541992,14.86400032043457,4.484499931335449,3.288100004196167,0.009399999864399433,50.74259948730469,0,0,0,0,0,0,0,0,0,0,0,0,0,58.37524,44.69364
379,105.03050231933594,3.061199903488159,24.15530014038086,5.406799793243408,1.948799967765808,2.567699909210205,15.08549976348877,0.9725000262260437,10000,10009,20000,10006,20000,20000,10000,0.4244000017642975,4.407700061798096,5.082600116729736,10000,2.1601999999998194,2.426,1,0.1869,0.122,376832,15,15,4.1762,15952,0,0,27.424299240112305,15.138199806213379,4.526800155639648,3.304500102996826,0.017100000753998756,43.05889892578125,0,0,0,0,0,0,0,0,0,0,0,0,0,58.3698,44.73076
380,104.81310272216797,4.629000186920166,24.614200592041016,5.522200107574463,2.058199882507324,3.334399938583374,14.899499893188477,0.9876999855041504,10000,10009,20000,10006,20000,20000,10000,0.350600004196167,3.7441999912261963,4.997200012207031,10000,2.1285999999998175,2.3413,1,0.1522,0.0627,376832,15,15,2.6736,566416,0,0,29.45240020751953,15.761300086975098,4.385700225830078,7.8403000831604,0.8230999708175659,39.8745002746582,0,0,0,0,0,0,0,0,0,0,0,0,0,58.30672,44.76552
381,105.07569885253906,3.232599973678589,22.818500518798828,5.208499908447266,1.868299961090088,2.438499927520752,15.111700057983398,0.9979000091552734,10000,10009,20000,10006,20000,20000,10000,0.3718999922275543,3.985300064086914,4.707900047302246,10000,2.1325999999998193,2.4393,1,0.1482,0.08549999999999999,376832,15,15,2.9909,8048,0,0,26.248300552368164,15.160599708557129,4.5046000480651855,3.5601000785827637,0.016699999570846558,47.865501403808594,0,0,0,0,0,0,0,0,0,0,0,0,0,58.43124,44.67188
382,105.02940368652344,0.353300005197525,23.65239906311035,5.363900184631348,2.2077999114990234,2.408600091934204,14.916999816894531,0.9936000108718872,10000,10009,20000,10006,20000,20000,10000,0.3725000023841858,3.762399911880493,5.237599849700928,10000,2.141299999999821,2.6213,1,0.1472,0.07769999999999999,376832,15,15,3.4862,7712,0,0,24.145000457763672,14.94789981842041,4.9182000160217285,3.7216999530792236,0.009399999864399433,49.192501068115234,0,0,0,0,0,0,0,0,0,0,0,0,0,58.44876,44.78588
383,104.73709869384766,3.3027000427246094,24.767799377441406,5.5802998542785645,2.333400011062622,2.5148000717163086,15.17300033569336,1.0638999938964844,10000,10009,20000,10006,20000,20000,10000,0.39890000224113464,3.8703999519348145,5.295100212097168,10000,2.134599999999818,2.8697,1,0.14629999999999999,0.08030000000000001,376832,15,15,3.0896,15952,0,0,28.293800354003906,15.22029972076416,4.981599807739258,3.5594000816345215,0.017100000753998756,44.59590148925781,0,0,0,0,0,0,0,0,0,0,0,0,0,58.55304,44.74396
384,105.44840240478516,4.940800189971924,30.509000778198242,6.219399929046631,3.417099952697754,4.550600051879883,15.373700141906738,1.1404000520706177,10000,10009,20000,10006,20000,20000,10000,0.45730000734329224,4.127099990844727,6.201000213623047,10000,2.2799999999998235,2.2646,1,0.1537,0.0674,376832,15,15,2.852,622304,0,0,35.5885009765625,16.206100463867188,4.298999786376953,7.734799861907959,0.8026000261306763,33.60969924926758,0,0,0,0,0,0,0,0,0,0,0,0,0,58.38608,44.65544
385,105.2822036743164,2.412100076675415,22.215900421142578,5.223400115966797,1.8065999746322632,2.253000020980835,15.524999618530273,0.9623000025749207,10000,10009,20000,10006,20000,20000,10000,0.37630000710487366,3.772900104522705,4.646399974822998,10000,2.147199999999819,2.3858,1,0.14579999999999999,0.0858,376832,15,15,2.7773,8048,0,0,24.840299606323242,15.584600448608398,4.513599872589111,3.669300079345703,0.022600000724196434,48.354400634765625,0,0,0,0,0,0,0,0,0,0,0,0,0,58.32956,44.61496
386,104.59339904785156,0.3499000072479248,24.873600006103516,5.5243000984191895,3.1744000911712646,2.3338000774383545,14.768799781799316,0.9889000058174133,10000,10009,20000,10006,20000,20000,10000,0.3878999948501587,3.88319993019104,5.230000019073486,10000,2.1283999999998184,2.4012,1,0.1348,0.0546,376832,15,15,2.7367,7712,0,0,25.360200881958008,14.803999900817871,4.521500110626221,3.726300001144409,0.010499999858438969,48.96289825439453,0,0,0,0,0,0,0,0,0,0,0,0,0,58.53,44.557
387,104.84369659423828,3.045799970626831,24.007999420166016,5.337500095367432,2.706899881362915,2.2950000762939453,15.511500358581543,0.9973999857902527,10000,10009,20000,10006,20000,20000,10000,0.39989998936653137,3.8369998931884766,5.150300025939941,10000,2.1959999999998217,2.4658,1,0.16360000000000002,0.081,376832,15,15,2.5181,15952,0,0,27.1875,15.556500434875488,4.538899898529053,3.5659000873565674,0.015399999916553497,46.8661994934082,0,0,0,0,0,0,0,0,0,0,0,0,0,58.43872,44.69448
388,104.95320129394531,4.883399963378906,25.733699798583984,5.791600227355957,2.8540000915527344,3.0731000900268555,15.045700073242188,1.1619000434875488,10000,10009,20000,10006,20000,20000,10000,0.44699999690055847,3.8190999031066895,5.040999889373779,10000,2.178599999999822,2.3936,1,0.1488,0.0816,376832,15,15,2.4922,596840,0,0,30.75749969482422,15.843700408935547,4.4618000984191895,7.446800231933594,0.7689999938011169,37.8484992980957,0,0,0,0,0,0,0,0,0,0,0,0,0,58.21352,44.43888
389,105.02030181884766,2.624000072479248,24.218599319458008,5.305200099945068,2.79259991645813,2.3828999996185303,15.210599899291992,1.0181000232696533,10000,10009,20000,10006,20000,20000,10000,0.4226999878883362,4.061200141906738,4.764599800109863,10000,2.130099999999817,2.1385,1,0.14600000000000002,0.0687,376832,15,15,1.9966,8048,0,0,27.017900466918945,15.247699737548828,4.183499813079834,3.1730000972747803,0.01119999960064888,48.87710189819336,0,0,0,0,0,0,0,0,0,0,0,0,0,58.4786,44.71524
390,111.26840209960938,0.3492000102996826,22.92620086669922,5.356400012969971,1.843000054359436,2.262200117111206,14.753299713134766,0.9710000157356262,10000,10009,20000,10006,20000,20000,10000,0.37540000677108765,3.7237000465393066,5.189300060272217,10000,2.1520999999998227,1.3792,1,0.13169999999999998,0.0466,376832,15,15,1.4873,7712,0,0,23.418100357055664,14.782899856567383,3.4349000453948975,2.6774001121520996,0.009800000116229057,61.00510025024414,0,0,0,0,0,0,0,0,0,0,0,0,0,58.318,44.54804
391,98.50460052490234,2.5329999923706055,24.9778995513916,5.206399917602539,2.8910999298095703,2.614300012588501,15.059000015258789,0.9858999848365784,10000,10009,20000,10006,20000,20000,10000,0.44440001249313354,4.484000205993652,5.122399806976318,10000,2.1655999999998223,2.4691,1,0.15760000000000002,0.0785,376832,15,15,2.035,15952,0,0,27.647899627685547,15.09589958190918,4.50570011138916,3.6940999031066895,0.00989999994635582,40.99850082397461,0,0,0,0,0,0,0,0,0,0,0,0,0,58.42268,44.65096
392,104.53269958496094,4.1006999015808105,23.076799392700195,5.441400051116943,1.5780999660491943,3.1431000232696533,14.766799926757812,0.982699990272522,10000,10009,20000,10006,20000,20000,10000,0.5256999731063843,3.7490999698638916,4.157700061798096,10000,2.157599999999819,2.5307,1,0.1481,0.0767,376832,15,15,2.639,514504,0,0,27.31679916381836,15.479499816894531,4.732100009918213,7.918300151824951,0.6879000067710876,41.801998138427734,0,0,0,0,0,0,0,0,0,0,0,0,0,58.40096,45.03272
393,105.25550079345703,2.204699993133545,23.30299949645996,5.37470006942749,1.9112999439239502,2.542099952697754,15.276300430297852,1.0002000331878662,10000,10009,20000,10006,20000,20000,10000,0.38589999079704285,4.147500038146973,4.658299922943115,10000,2.1793999999998204,2.4109,1,0.16759999999999997,0.09720000000000001,376832,15,15,2.2006,8048,0,0,25.648000717163086,15.31980037689209,4.477499961853027,4.142300128936768,0.015200000256299973,46.266998291015625,0,0,0,0,0,0,0,0,0,0,0,0,0,58.36124,44.9662
394,105.40809631347656,0.503600001335144,27.738399505615234,5.468699932098389,2.3789000511169434,2.3183999061584473,15.888699531555176,1.0080000162124634,10000,10009,20000,10006,20000,20000,10000,0.4059999883174896,4.186200141906738,7.626299858093262,10000,2.1808999999998226,3.1802,1,0.2182,0.126,376832,15,15,4.5107,7712,0,0,28.51059913635254,15.939299583435059,5.281300067901611,3.9646999835968018,0.01590000092983246,40.52090072631836,0,0,0,0,0,0,0,0,0,0,0,0,0,58.855,44.67644
395,104.9468002319336,3.6561999320983887,31.722700119018555,6.910200119018555,3.9270999431610107,3.8145999908447266,15.471400260925293,1.0614999532699585,10000,10009,20000,10006,20000,20000,10000,0.476500004529953,6.103899955749512,5.584700107574463,10000,2.1273999999998185,4.0177,1,0.20359999999999998,0.1182,376832,15,15,4.2968,15952,0,0,35.60279846191406,15.52810001373291,6.232399940490723,4.344399929046631,0.017000000923871994,31.207000732421875,0,0,0,0,0,0,0,0,0,0,0,0,0,58.56564,45.00984
396,105.40850067138672,4.727700233459473,25.538299560546875,5.704800128936768,2.7211999893188477,3.3687000274658203,15.65530014038086,1.079699993133545,10000,10009,20000,10006,20000,20000,10000,0.36410000920295715,3.9686999320983887,4.89769983291626,10000,2.2016999999998443,4.6944,1,0.1804,0.0988,376832,15,15,4.9529,597248,0,0,30.406099319458008,16.4960994720459,7.004899978637695,9.994099617004395,0.8087999820709229,29.795900344848633,0,0,0,0,0,0,0,0,0,0,0,0,0,58.34116,45.16484
397,105.927001953125,3.7088000774383545,23.30069923400879,5.356599807739258,1.9925999641418457,2.3719000816345215,16.00659942626953,0.9936000108718872,10000,10009,20000,10006,20000,20000,10000,0.4050000011920929,4.086299896240234,4.7957000732421875,10000,2.1811999999998193,2.8666,1,0.1612,0.0686,376832,15,15,2.6529,8048,0,0,27.219999313354492,16.057899475097656,4.997900009155273,4.18310022354126,0.015300000086426735,45.970699310302734,0,0,0,0,0,0,0,0,0,0,0,0,0,58.20832,44.76944
398,108.28829956054688,0.4372999966144562,25.621200561523438,5.403500080108643,2.1308000087738037,2.3345000743865967,16.01689910888672,1.0539000034332275,10000,10009,20000,10006,20000,20000,10000,0.45190000534057617,4.76230001449585,5.067599773406982,10000,2.2892999999998587,2.5421,1,0.1521,0.07869999999999999,376832,15,15,2.8837,7712,0,0,26.28580093383789,16.078100204467773,4.730599880218506,3.4542999267578125,0.016899999231100082,47.421600341796875,0,0,0,0,0,0,0,0,0,0,0,0,0,58.1894,44.54572
399,105.41220092773438,3.30049991607666,25.417699813842773,5.426799774169922,2.0792999267578125,2.671799898147583,16.112899780273438,1.0855000019073486,10000,10009,20000,10006,20000,20000,10000,0.3962000012397766,5.206299781799316,5.188199996948242,10000,2.3641999999998897,4.2755,1,0.2389,0.1401,376832,15,15,4.7739,15952,0,0,28.88409996032715,16.24020004272461,6.633200168609619,4.444799900054932,0.03689999878406525,35.73569869995117,0,0,0,0,0,0,0,0,0,0,0,0,0,58.40236,44.8324
400,104.70899963378906,4.89169979095459,23.257600784301758,5.760700225830078,1.580399990081787,3.04010009765625,14.855799674987793,0.9775000214576721,10000,10009,20000,10006,20000,20000,10000,0.37209999561309814,3.6900999546051025,4.36269998550415,10000,2.2682999999998312,1.3872,1,0.1336,0.0508,376832,15,15,1.6157,595384,0,0,28.38050079345703,15.370100021362305,3.4630000591278076,8.482500076293945,0.4925000071525574,42.816898345947266,0,0,0,0,0,0,0,0,0,0,0,0,0,58.35012,45.06796
401,105.1729965209961,2.461199998855591,22.412700653076172,5.245999813079834,1.6592999696731567,2.2407000064849854,16.758499145507812,1.0087000131607056,10000,10009,20000,10006,20000,20000,10000,0.5940999984741211,3.7657999992370605,4.623000144958496,10000,2.143599999999822,2.7479,1,0.14750000000000002,0.07719999999999999,376832,15,15,2.6675,8048,0,0,25.094900131225586,16.80820083618164,5.439799785614014,4.172399997711182,0.01600000075995922,46.263999938964844,0,0,0,0,0,0,0,0,0,0,0,0,0,58.60292,44.57356
402,104.98760223388672,0.47510001063346863,27.657499313354492,5.312900066375732,2.6958999633789062,2.476300001144409,15.005800247192383,1.042199969291687,10000,10009,20000,10006,20000,20000,10000,0.3917999863624573,3.989799976348877,7.606299877166748,10000,2.129599999999818,2.4576,1,0.1518,0.0805,376832,15,15,2.4781,7712,0,0,28.351200103759766,15.050999641418457,4.483699798583984,4.250699996948242,0.01590000092983246,45.672298431396484,0,0,0,0,0,0,0,0,0,0,0,0,0,58.40888,44.63452
403,105.18579864501953,2.9052999019622803,23.705400466918945,5.28439998626709,2.1570000648498535,2.2395999431610107,14.674400329589844,1.1159000396728516,10000,10009,20000,10006,20000,20000,10000,0.4065999984741211,4.001200199127197,5.233399868011475,10000,2.112199999999814,2.3412,1,0.15,0.0847,376832,15,15,2.0897,15952,0,0,26.858200073242188,14.715700149536133,4.38070011138916,2.9437999725341797,0.01080000028014183,49.659698486328125,0,0,0,0,0,0,0,0,0,0,0,0,0,58.40684,44.76
404,105.00389862060547,4.557799816131592,23.781700134277344,5.693299770355225,1.7203999757766724,2.797100067138672,14.888299942016602,0.9936000108718872,10000,10009,20000,10006,20000,20000,10000,0.4047999978065491,3.6526999473571777,4.929699897766113,10000,2.131099999999817,2.3924,1,0.2524,0.0793,376832,15,15,2.6664,593192,0,0,28.472000122070312,15.713700294494629,4.440999984741211,7.93779993057251,0.800000011920929,40.99879837036133,0,0,0,0,0,0,0,0,0,0,0,0,0,58.44044,45.08944
405,105.27120208740234,2.337100028991699,37.30569839477539,7.4096999168396,1.8243999481201172,5.518499851226807,19.625099182128906,1.6348999738693237,10000,10009,20000,10006,20000,20000,10000,0.7134000062942505,10.57960033416748,4.72130012512207,10000,2.875100000000236,6.4787,1,0.364,0.2024,376832,15,15,6.0202,8048,0,0,39.78620147705078,19.695499420166016,12.3149995803833,5.154300212860107,0.01940000057220459,14.1427001953125,0,0,0,0,0,0,0,0,0,0,0,0,0,58.45052,44.79292
406,105.53669738769531,0.503000020980835,29.881500244140625,5.367300033569336,3.050600051879883,2.7423999309539795,15.109199523925781,0.9896000027656555,10000,10009,20000,10006,20000,20000,10000,0.36649999022483826,5.455900192260742,7.714399814605713,10000,2.138499999999818,3.8256,1,0.20070000000000002,0.12789999999999999,376832,15,15,4.1912,7712,0,0,30.685199737548828,15.156000137329102,5.875999927520752,4.238800048828125,0.014999999664723873,37.81340026855469,0,0,0,0,0,0,0,0,0,0,0,0,0,58.35592,44.54712
407,104.92520141601562,3.563800096511841,24.659900665283203,5.346099853515625,3.0508999824523926,2.322700023651123,14.949999809265137,0.9947999715805054,10000,10009,20000,10006,20000,20000,10000,0.3774000108242035,4.021299839019775,5.1844000816345215,10000,2.1784999999998274,2.2444,1,0.1481,0.08,376832,15,15,2.6858,15952,0,0,28.45560073852539,14.994600296020508,4.256100177764893,3.613300085067749,0.017400000244379044,45.90530014038086,0,0,0,0,0,0,0,0,0,0,0,0,0,58.4902,44.48912
408,104.81909942626953,6.598199844360352,24.052499771118164,5.6255998611450195,2.365600109100342,2.936000108718872,14.95580005645752,0.9688000082969666,10000,10009,20000,10006,20000,20000,10000,0.3982999920845032,3.7511000633239746,4.60099983215332,10000,2.1903999999998187,2.4483,1,0.1341,0.0534,376832,15,15,1.8038,495224,1,0,30.788799285888672,15.579700469970703,4.512499809265137,8.060999870300293,0.5992000102996826,38.53089904785156,0,0,0,0,0,0,0,0,0,0,0,0,0,58.2756,44.68892
409,104.91239929199219,2.414299964904785,22.00629997253418,5.145599842071533,1.7257000207901,2.275700092315674,14.558600425720215,0.982699990272522,10000,10009,20000,10006,20000,20000,10000,0.3562000095844269,3.7971999645233154,4.612100124359131,10000,2.1302999999998184,2.4437,1,0.1438,0.0774,376832,15,15,3.0959,25352,0,0,24.874799728393555,14.588299751281738,4.464300155639648,3.400899887084961,0.008999999612569809,49.89860153198242,0,0,0,0,0,0,0,0,0,0,0,0,0,58.36636,44.52916
410,105.08039855957031,0.3472999930381775,23.193199157714844,5.2789998054504395,2.087599992752075,2.217600107192993,14.571200370788574,1.0011999607086182,10000,10009,20000,10006,20000,20000,10000,0.4726000130176544,3.7716000080108643,5.057799816131592,10000,2.3165999999998417,2.3519,1,0.1526,0.07189999999999999,376832,15,15,2.7389,7712,0,0,23.67609977722168,14.602100372314453,4.369999885559082,2.821199893951416,0.010300000198185444,51.87710189819336,0,0,0,0,0,0,0,0,0,0,0,0,0,58.51124,44.71572
411,104.61869812011719,2.6714999675750732,27.405399322509766,8.152299880981445,2.3152999877929688,2.290600061416626,17.0310001373291,1.5220999717712402,10000,10009,20000,10006,20000,20000,10000,0.3659999966621399,3.7629001140594482,4.97599983215332,10000,2.626300000000079,2.5957,1,0.20999999999999996,0.0941,376832,15,15,2.9982,15952,0,0,30.292600631713867,17.08370018005371,5.641200065612793,4.203100204467773,0.02070000022649765,38.296600341796875,0,0,0,0,0,0,0,0,0,0,0,0,0,58.31736,44.77644
412,105.35980224609375,4.586900234222412,23.685699462890625,5.803400039672852,1.6796000003814697,3.35260009765625,15.43120002746582,0.9757999777793884,10000,10009,20000,10006,20000,20000,10000,0.4025000035762787,3.7509000301361084,4.234600067138672,10000,2.2107999999998267,4.0401,1,0.18950000000000003,0.1112,376832,15,15,4.1377,525560,0,0,28.473100662231445,16.272499084472656,6.140900135040283,8.721199989318848,0.8141000270843506,34.2041015625,0,0,0,0,0,0,0,0,0,0,0,0,0,58.4438,44.54112
413,104.99459838867188,2.515899896621704,22.50659942626953,5.215199947357178,1.7141000032424927,2.3215999603271484,15.159799575805664,1.0740000009536743,10000,10009,20000,10006,20000,20000,10000,0.39559999108314514,4.006499767303467,4.548799991607666,10000,2.115999999999819,2.5138,1,0.19119999999999998,0.0685,376832,15,15,1.7767,8048,0,0,25.233299255371094,15.194999694824219,4.8414998054504395,3.4470999240875244,0.010700000450015068,47.34640121459961,0,0,0,0,0,0,0,0,0,0,0,0,0,58.66936,44.597
414,104.58769989013672,0.41670000553131104,22.88719940185547,5.203700065612793,1.857699990272522,2.27239990234375,14.528300285339355,0.9746000170707703,10000,10009,20000,10006,20000,20000,10000,0.3675999939441681,3.8187999725341797,5.185699939727783,10000,2.1275999999998176,1.4214,1,0.13290000000000002,0.038099999999999995,376832,15,15,1.7041,7712,0,0,23.518699645996094,14.56659984588623,3.3873000144958496,2.942699909210205,0.012000000104308128,54.052101135253906,0,0,0,0,0,0,0,0,0,0,0,0,0,58.33196,44.6286
415,105.143798828125,2.527600049972534,22.321699142456055,5.195799827575684,1.6996999979019165,2.224299907684326,14.517900466918945,0.9800000190734863,10000,10009,20000,10006,20000,20000,10000,0.3950999975204468,3.7151999473571777,4.912799835205078,10000,2.1641999999998216,2.345,1,0.1306,0.046700000000000005,376832,15,15,1.7687,15952,0,0,24.986000061035156,14.549300193786621,4.376299858093262,3.2867000102996826,0.010900000110268593,51.62839889526367,0,0,0,0,0,0,0,0,0,0,0,0,0,58.47212,44.57496
416,105.03199768066406,4.202199935913086,22.356000900268555,5.492599964141846,1.5865000486373901,2.710700035095215,15.155099868774414,0.9760000109672546,10000,10009,20000,10006,20000,20000,10000,0.375900000333786,3.652600049972534,4.1880998611450195,10000,2.143399999999816,2.7506,1,0.1602,0.0865,376832,15,15,2.9599,514976,0,0,26.69409942626953,15.843500137329102,4.930799961090088,8.146599769592285,0.6650000214576721,41.16699981689453,0,0,0,0,0,0,0,0,0,0,0,0,0,58.5688,44.65292
417,104.86009979248047,2.3963000774383545,22.104700088500977,5.230299949645996,1.601099967956543,2.2316999435424805,14.681400299072266,1.0714999437332153,10000,10009,20000,10006,20000,20000,10000,0.3917999863624573,3.8889999389648438,4.53849983215332,10000,2.1274999999998174,2.5747,1,0.1465,0.08280000000000001,376832,15,15,3.04,8048,0,0,24.69849967956543,14.713299751281738,4.644800186157227,2.6284000873565674,0.009399999864399433,50.55149841308594,0,0,0,0,0,0,0,0,0,0,0,0,0,58.3194,44.68028
418,105.21060180664062,0.3456999957561493,24.316200256347656,5.473299980163574,1.749400019645691,2.912400007247925,15.519700050354004,1.0578999519348145,10000,10009,20000,10006,20000,20000,10000,0.43320000171661377,3.97189998626709,5.290200233459473,10000,2.1306999999998193,2.6322,1,0.23969999999999997,0.08360000000000001,376832,15,15,1.7704,7712,0,0,24.803600311279297,15.554699897766113,4.682799816131592,2.6947999000549316,0.010599999688565731,49.319400787353516,0,0,0,0,0,0,0,0,0,0,0,0,0,58.4234,44.4698
419,105.07769775390625,6.882400035858154,25.55929946899414,5.913300037384033,2.3380000591278076,2.9593000411987305,15.496100425720215,1.0042999982833862,10000,10009,20000,10006,20000,20000,10000,0.4090000092983246,3.950700044631958,5.127699851989746,10000,2.1486999999998293,4.8025,1,0.18139999999999998,0.1242,376832,15,15,4.3487,537056,0,0,32.58549880981445,16.3085994720459,6.867199897766113,9.092100143432617,0.7702999711036682,28.72319984436035,0,0,0,0,0,0,0,0,0,0,0,0,0,58.57692,44.649
420,104.58650207519531,2.2681000232696533,21.490299224853516,5.146399974822998,1.5844999551773071,2.1684000492095947,14.465700149536133,0.9677000045776367,10000,10009,20000,10006,20000,20000,10000,0.43639999628067017,3.719899892807007,4.3643999099731445,10000,2.142699999999821,2.3829,1,0.13040000000000002,0.052000000000000005,376832,15,15,2.0754,8048,0,0,23.96540069580078,14.494799613952637,4.414700031280518,2.5408999919891357,0.010400000028312206,52.62419891357422,0,0,0,0,0,0,0,0,0,0,0,0,0,58.26512,44.66068
421,105.17230224609375,0.3653999865055084,23.372299194335938,5.387800216674805,1.9455000162124634,2.2708001136779785,14.720600128173828,1.0058000087738037,10000,10009,20000,10006,20000,20000,10000,0.38769999146461487,3.917799949645996,5.174099922180176,10000,2.136499999999821,2.5072,1,0.1438,0.0797,376832,15,15,3.0418,7712,0,0,23.89780044555664,14.751799583435059,4.648399829864502,3.0016000270843506,0.010499999858438969,51.305301666259766,0,0,0,0,0,0,0,0,0,0,0,0,0,58.46464,44.50024
422,104.81670379638672,6.582499980926514,24.490100860595703,6.175099849700928,2.4837000370025635,2.959700107574463,14.735400199890137,1.023900032043457,10000,10009,20000,10006,20000,20000,10000,0.3944999873638153,3.703900098800659,4.350500106811523,10000,2.1353999999998194,2.4028,1,0.17209999999999998,0.1239,376832,15,15,3.0124,568280,0,0,31.207199096679688,15.513699531555176,4.452499866485596,7.7266998291015625,0.7563999891281128,38.095699310302734,0,0,0,0,0,0,0,0,0,0,0,0,0,58.50928,44.65928
423,104.8384017944336,2.2641000747680664,24.31399917602539,5.53380012512207,2.731300115585327,2.8517000675201416,14.687100410461426,1.0296000242233276,10000,10009,20000,10006,20000,20000,10000,0.4226999878883362,3.8824000358581543,4.585400104522705,10000,2.134899999999818,2.0545,1,0.1594,0.0732,376832,15,15,3.2951,8048,0,0,26.712400436401367,14.73169994354248,4.061399936676025,3.60479998588562,0.017000000923871994,46.08449935913086,0,0,0,0,0,0,0,0,0,0,0,0,0,58.3598,44.81612
424,105.43879699707031,0.3522000014781952,24.08169937133789,5.271699905395508,1.7798999547958374,2.369800090789795,15.052399635314941,1.0156999826431274,10000,10009,20000,10006,20000,20000,10000,0.4106999933719635,3.7453999519348145,5.180699825286865,10000,2.1455999999998214,1.6008,1,0.13169999999999998,0.0455,376832,15,15,2.1589,7712,0,0,24.57670021057129,15.093799591064453,3.759000062942505,3.000699996948242,0.015599999576807022,50.66960144042969,0,0,0,0,0,0,0,0,0,0,0,0,0,58.43944,44.5652
425,104.71299743652344,2.8610000610351562,22.36039924621582,5.102700233459473,1.573199987411499,2.3645999431610107,14.848999977111816,0.984499990940094,10000,10009,20000,10006,20000,20000,10000,0.3815999925136566,3.7267000675201416,4.969699859619141,10000,2.1383999999998182,2.2611,1,0.15039999999999998,0.0775,376832,15,15,2.9145,15952,0,0,25.439699172973633,14.878600120544434,4.363399982452393,3.72760009765625,0.009800000116229057,48.42259979248047,0,0,0,0,0,0,0,0,0,0,0,0,0,58.41568,44.82224
426,105.1635971069336,4.308499813079834,23.815900802612305,5.537099838256836,1.9622999429702759,2.954699993133545,14.792499542236328,0.9836999773979187,10000,10009,20000,10006,20000,20000,10000,0.36000001430511475,3.690200090408325,4.917399883270264,10000,2.134799999999819,2.3624,1,0.155,0.0938,376832,15,15,2.2712,550424,0,0,28.2637996673584,15.550200462341309,4.3815999031066895,8.577400207519531,0.7319999933242798,41.58919906616211,0,0,0,0,0,0,0,0,0,0,0,0,0,58.32932,45.29424
427,105.19869995117188,2.491300106048584,23.986900329589844,5.855400085449219,1.854699969291687,2.9528000354766846,15.202300071716309,0.9948999881744385,10000,10009,20000,10006,20000,20000,10000,0.4413999915122986,3.9563000202178955,4.6407999992370605,10000,2.1898999999998305,3.9445,1,0.2018,0.12510000000000002,376832,15,15,4.604,8048,0,0,26.698999404907227,15.252799987792969,6.171500205993652,4.934100151062012,0.01720000058412552,39.63880157470703,0,0,0,0,0,0,0,0,0,0,0,0,0,58.32996,45.26996
428,109.23760223388672,0.5346999764442444,33.91669845581055,5.802000045776367,4.792399883270264,3.2636001110076904,15.237600326538086,1.0053000450134277,10000,10009,20000,10006,20000,20000,10000,0.4277999997138977,5.905399799346924,8.026599884033203,10000,2.1411999999998184,3.4397,1,0.1979,0.1324,376832,15,15,5.148,7712,0,0,34.74470138549805,15.288399696350098,5.5543999671936035,4.185400009155273,0.01489999983459711,37.76380157470703,0,0,0,0,0,0,0,0,0,0,0,0,0,58.47468,45.2426
429,180.22799682617188,5.026199817657471,73.59269714355469,20.96470069885254,3.090399980545044,9.152899742126465,60.42720031738281,3.9928998947143555,10000,10009,20000,10006,20000,20000,10000,2.241499900817871,15.942999839782715,9.724599838256836,10000,7.2465000000006645,4.8658,1,0.5766,0.12669999999999998,376832,15,15,4.932,15952,0,0,78.86160278320312,60.50419998168945,12.207799911499023,7.512700080871582,0.02630000002682209,0.567799985408783,0,0,0,0,0,0,0,0,0,0,0,0,0,58.4014,45.23876
430,174.52239990234375,11.046600341796875,125.9312973022461,27.917400360107422,5.651599884033203,14.913599967956543,16.804800033569336,4.711699962615967,10000,10009,20000,10006,20000,20000,10000,1.1937999725341797,12.287699699401855,47.542198181152344,10000,1.8013999999998345,2.7943,1,0.14909999999999998,0.0927,376832,15,15,2.7945,514128,0,0,137.29469299316406,17.518299102783203,4.84499979019165,5.64139986038208,0.6604999899864197,0.24639999866485596,0,0,0,0,0,0,0,0,0,0,0,0,0,58.36512,45.2698
431,117.5165023803711,2.2925000190734863,39.32740020751953,8.785699844360352,4.1570000648498535,6.467899799346924,39.966400146484375,1.2848000526428223,10000,10009,20000,10006,20000,20000,10000,0.6428999900817871,6.292600154876709,6.668799877166748,10000,5.469100000000631,4.4165,1,0.1843,0.0834,376832,15,15,5.2408,8048,0,0,41.79570007324219,40.05030059814453,12.871800422668457,5.11359977722168,0.032499998807907104,0.9146000146865845,0,0,0,0,0,0,0,0,0,0,0,0,0,58.35128,45.13264
432,85.18450164794922,0.5479000210762024,40.05759811401367,7.082600116729736,3.737799882888794,4.2835001945495605,18.087200164794922,1.7000000476837158,10000,10009,20000,10006,20000,20000,10000,0.6671000123023987,10.20259952545166,6.081999778747559,10000,2.6027000000000586,4.582,1,0.26680000000000004,0.1939,376832,15,15,5.5733,7712,0,0,40.83000183105469,18.154300689697266,7.110599994659424,4.875199794769287,0.018799999728798866,0.3084000051021576,0,0,0,0,0,0,0,0,0,0,0,0,0,58.83016,45.4014
433,116.31050109863281,5.9253997802734375,45.59370040893555,7.6645002365112305,6.710400104522705,5.048699855804443,30.217100143432617,1.2989000082015991,10000,10009,20000,10006,20000,20000,10000,0.6657999753952026,7.720600128173828,9.99269962310791,10000,4.808400000000762,4.4024,1,0.3983,0.23199999999999998,376832,15,15,5.2561,15952,0,0,51.752201080322266,30.33099937438965,11.51360034942627,6.029300212860107,0.035100001841783524,0.4004000127315521,0,0,0,0,0,0,0,0,0,0,0,0,0,58.45552,45.43556
434,128.05209350585938,11.53950023651123,46.10710144042969,9.550200462341309,6.207799911499023,5.723299980163574,35.52130126953125,1.2071000337600708,10000,10009,20000,10006,20000,20000,10000,0.557699978351593,7.881999969482422,8.60509967803955,10000,4.911600000000855,4.3173,1,0.25429999999999997,0.17470000000000002,376832,15,15,5.6627,582144,0,0,57.95600128173828,36.662498474121094,7.019499778747559,9.193499565124512,1.0814000368118286,0.30320000648498535,0,0,0,0,0,0,0,0,0,0,0,0,0,58.49672,44.94792
435,75.1073989868164,2.388700008392334,24.316999435424805,6.052999973297119,1.9204000234603882,2.361799955368042,16.218000411987305,0.9882000088691711,10000,10009,20000,10006,20000,20000,10000,0.4041999876499176,3.9439001083374023,4.634300231933594,10000,2.378599999999922,5.9004,1,0.2389,0.15610000000000002,376832,15,15,5.7504,8048,0,0,26.880300521850586,16.281999588012695,10.855600357055664,7.8917999267578125,0.01860000006854534,0.5972999930381775,0,0,0,0,0,0,0,0,0,0,0,0,0,58.42948,45.31896
436,98.05599975585938,0.9973000288009644,50.39440155029297,12.834199905395508,5.727499961853027,4.5655999183654785,16.954200744628906,1.2984000444412231,10000,10009,20000,10006,20000,20000,10000,0.6427000164985657,6.462800025939941,12.217900276184082,10000,2.5639999999999983,4.3595,1,0.23469999999999996,0.13590000000000002,376832,15,15,6.6793,7712,0,0,51.81990051269531,17.025699615478516,7.229400157928467,7.574100017547607,0.021400000900030136,0.31700000166893005,0,0,0,0,0,0,0,0,0,0,0,0,0,58.38492,45.289
437,119.70880126953125,5.891300201416016,56.66419982910156,12.298299789428711,6.414000034332275,5.960700035095215,18.91119956970215,2.058799982070923,10000,10009,20000,10006,20000,20000,10000,0.5523999929428101,8.873499870300293,12.654399871826172,10000,3.117600000000207,6.7139,1,0.5051,0.4649,376832,15,15,8.4075,15952,0,0,62.78239822387695,18.98509979248047,12.246399879455566,7.881999969482422,0.02070000022649765,0.5241000056266785,0,0,0,0,0,0,0,0,0,0,0,0,0,58.35376,45.21828
438,130.8347930908203,12.594499588012695,47.63130187988281,7.290900230407715,5.479899883270264,5.144700050354004,29.125600814819336,1.205899953842163,10000,10009,20000,10006,20000,20000,10000,0.7545999884605408,7.548600196838379,12.190600395202637,10000,4.451000000000256,5.3255,1,0.1831,0.096,376832,15,15,3.0249,528232,0,0,61.38290023803711,29.926300048828125,10.712699890136719,16.144399642944336,0.7541000247001648,0.4059000015258789,0,0,0,0,0,0,0,0,0,0,0,0,0,58.64228,45.321
439,116.54810333251953,6.691100120544434,56.30889892578125,12.30840015411377,6.429900169372559,5.7866997718811035,31.149799346923828,2.421600103378296,10000,10009,20000,10006,20000,20000,10000,0.6391000151634216,10.140999794006348,10.00409984588623,10000,2.7206000000001573,3.1896,1,0.21200000000000002,0.1407,376832,15,15,4.7302,8048,0,0,63.28960037231445,31.232500076293945,5.747399806976318,3.6812000274658203,0.017999999225139618,0.18809999525547028,0,0,0,0,0,0,0,0,0,0,0,0,0,58.30168,44.68412
440,60.5525016784668,0.37470000982284546,23.38949966430664,5.251399993896484,2.0020999908447266,2.223599910736084,14.834799766540527,1.0267000198364258,10000,10009,20000,10006,20000,20000,10000,0.4120999872684479,3.8712000846862793,5.308000087738037,10000,2.1450999999998177,4.2533,1,0.16260000000000002,0.10089999999999999,376832,15,15,3.4509,7712,0,0,23.897499084472656,14.875200271606445,6.363699913024902,4.028800010681152,0.015300000086426735,0.32249999046325684,0,0,0,0,0,0,0,0,0,0,0,0,0,58.4734,45.03396
441,68.80490112304688,5.6691999435424805,34.807098388671875,5.969900131225586,5.532599925994873,3.5515999794006348,15.61870002746582,1.1634999513626099,10000,10009,20000,10006,20000,20000,10000,0.5015000104904175,5.588500022888184,7.405200004577637,10000,2.1288999999998195,1.5891,1,0.1341,0.0476,376832,15,15,1.5961,15952,0,0,40.6786003112793,15.66569995880127,3.6577000617980957,2.565200090408325,0.011099999770522118,0.21199999749660492,0,0,0,0,0,0,0,0,0,0,0,0,0,58.33076,44.998
442,82.16690063476562,7.19980001449585,35.112098693847656,6.42710018157959,4.659599781036377,4.7571001052856445,15.456600189208984,1.1233999729156494,10000,10009,20000,10006,20000,20000,10000,0.4523000121116638,5.30019998550415,7.008399963378906,10000,2.3808999999998997,2.3254,1,0.15710000000000002,0.0797,376832,15,15,2.5869,586536,0,0,42.44179916381836,16.304800033569336,4.608500003814697,8.189599990844727,0.8131999969482422,2.958699941635132,0,0,0,0,0,0,0,0,0,0,0,0,0,58.58584,45.3754
443,106.46959686279297,3.1946001052856445,25.758699417114258,5.318900108337402,2.7435998916625977,2.310499906539917,14.922499656677246,0.9876000285148621,10000,10009,20000,10006,20000,20000,10000,0.413100004196167,4.028299808502197,6.2108001708984375,10000,2.1393999999998194,2.4987,1,0.1468,0.07339999999999999,376832,15,15,2.7171,8048,0,0,29.16200065612793,14.972100257873535,4.551000118255615,4.027200222015381,0.014499999582767487,46.49359893798828,0,0,0,0,0,0,0,0,0,0,0,0,0,58.52956,45.2448
444,107.0895004272461,0.4562000036239624,35.67340087890625,5.928500175476074,5.489699840545654,3.7609000205993652,16.262100219726562,1.1158000230789185,10000,10009,20000,10006,20000,20000,10000,0.4880000054836273,6.793499946594238,7.665999889373779,10000,2.3058999999998853,3.6637,1,0.2547,0.19090000000000001,376832,15,15,4.5967,7712,0,0,36.351600646972656,16.316499710083008,5.997499942779541,4.8277997970581055,0.01730000041425228,31.49970054626465,0,0,0,0,0,0,0,0,0,0,0,0,0,58.4008,45.0134
445,105.74320220947266,4.495100021362305,29.438100814819336,5.275700092315674,3.0111000537872314,2.778700113296509,15.493300437927246,0.991599977016449,10000,10009,20000,10006,20000,20000,10000,0.40450000762939453,4.973100185394287,7.207200050354004,10000,2.14709999999982,3.3129,1,0.28080000000000005,0.1289,376832,15,15,4.9969,15952,0,0,34.18349838256836,15.555299758911133,5.403600215911865,4.136300086975098,0.016699999570846558,34.58549880981445,0,0,0,0,0,0,0,0,0,0,0,0,0,58.48028,45.31348
446,105.37940216064453,6.83050012588501,32.60969924926758,6.118500232696533,4.161300182342529,4.632599830627441,18.83989906311035,1.0857000350952148,10000,10009,20000,10006,20000,20000,10000,0.4666000008583069,6.716599941253662,4.94890022277832,10000,2.652200000000096,2.2289,1,0.256,0.1758,376832,15,15,3.3926,531264,0,0,39.656898498535156,19.657800674438477,4.745999813079834,10.74940013885498,0.7727000117301941,20.511499404907227,0,0,0,0,0,0,0,0,0,0,0,0,0,58.48564,45.17788
447,105.73699951171875,3.6789000034332275,29.94379997253418,5.7677001953125,2.4298999309539795,3.204400062561035,16.911500930786133,1.1015000343322754,10000,10009,20000,10006,20000,20000,10000,0.5163000226020813,6.18209981918335,6.485099792480469,10000,2.542800000000013,2.5105,1,0.1678,0.0893,376832,15,15,3.1867,8048,0,0,33.861900329589844,16.95829963684082,5.122499942779541,5.755300045013428,0.015200000256299973,35.281898498535156,0,0,0,0,0,0,0,0,0,0,0,0,0,58.44228,44.7224
448,105.64399719238281,0.4456000030040741,30.631900787353516,5.519199848175049,2.947499990463257,2.860100030899048,15.62399959564209,1.023900032043457,10000,10009,20000,10006,20000,20000,10000,0.35100001096725464,6.318699836730957,7.507800102233887,10000,2.224199999999848,3.75,1,0.23579999999999998,0.1756,376832,15,15,5.2131,7712,0,0,31.306299209594727,15.67710018157959,5.984000205993652,4.329800128936768,0.016599999740719795,37.672698974609375,0,0,0,0,0,0,0,0,0,0,0,0,0,58.4228,44.71928
449,105.21269989013672,3.495500087738037,22.943899154663086,5.174499988555908,1.9627000093460083,2.2283999919891357,14.792699813842773,0.9811999797821045,10000,10009,20000,10006,20000,20000,10000,0.4009000062942505,3.8912999629974365,5.087600231170654,10000,2.151299999999824,2.289,1,0.1456,0.07189999999999999,376832,15,15,2.4042,15952,0,0,26.653200149536133,14.822500228881836,4.318999767303467,3.237799882888794,0.009200000204145908,49.2495002746582,0,0,0,0,0,0,0,0,0,0,0,0,0,58.47544,44.72864
450,105.01180267333984,4.947800159454346,28.986000061035156,5.949999809265137,3.7246999740600586,3.846299886703491,14.93239974975586,0.9757999777793884,10000,10009,20000,10006,20000,20000,10000,0.39730000495910645,5.314700126647949,5.11929988861084,10000,2.155999999999824,2.4725,1,0.22109999999999996,0.08660000000000001,376832,15,15,3.1097,467280,0,0,34.160701751708984,15.601400375366211,4.514800071716309,7.707799911499023,0.6373000144958496,32.98529815673828,0,0,0,0,0,0,0,0,0,0,0,0,0,58.40068,44.6652
451,105.06829833984375,2.464200019836426,21.872600555419922,5.158999919891357,1.6373000144958496,2.2590999603271484,15.172800064086914,1.0116000175476074,10000,10009,20000,10006,20000,20000,10000,0.3630000054836273,3.8153998851776123,4.4720001220703125,10000,2.139599999999817,2.407,1,0.1462,0.0821,376832,15,15,2.8616,8048,0,0,24.54669952392578,15.221199989318848,4.758299827575684,3.5204999446868896,0.015399999916553497,48.42169952392578,0,0,0,0,0,0,0,0,0,0,0,0,0,58.41472,44.78896
452,105.1415023803711,0.3513999879360199,23.8435001373291,5.188899993896484,2.302799940109253,2.225100040435791,15.447400093078613,0.970300018787384,10000,10009,20000,10006,20000,20000,10000,0.3806000053882599,4.08620023727417,5.2652997970581055,10000,2.1460999999998203,2.3815,1,0.157,0.0902,376832,15,15,3.0918,7712,0,0,24.330699920654297,15.491499900817871,4.416600227355957,3.6131999492645264,0.017000000923871994,46.82849884033203,0,0,0,0,0,0,0,0,0,0,0,0,0,58.45796,44.83348
453,105.26709747314453,2.6765999794006348,24.056800842285156,5.293399810791016,2.918600082397461,2.4605000019073486,14.753000259399414,1.013200044631958,10000,10009,20000,10006,20000,20000,10000,0.4259999990463257,3.7304999828338623,5.065999984741211,10000,2.1592999999998197,2.5254,1,0.1472,0.0758,376832,15,15,2.8979,15952,0,0,26.941200256347656,14.791099548339844,4.560100078582764,3.323699951171875,0.0142000000923872,47.575401306152344,0,0,0,0,0,0,0,0,0,0,0,0,0,58.31696,44.83936
454,105.19989776611328,4.692299842834473,27.46489906311035,6.026700019836426,1.9313000440597534,3.7040998935699463,15.541399955749512,1.0032000541687012,10000,10009,20000,10006,20000,20000,10000,0.4341000020503998,6.119100093841553,4.767399787902832,10000,2.136799999999821,3.7721,1,0.2086,0.1306,376832,15,15,4.8073,544064,0,0,32.36389923095703,16.329599380493164,5.865200042724609,8.536499977111816,0.7562999725341797,30.831600189208984,0,0,0,0,0,0,0,0,0,0,0,0,0,58.33272,44.70284
455,104.85769653320312,3.167799949645996,22.310800552368164,5.2972002029418945,1.7059999704360962,2.1826999187469482,14.732099533081055,1.0221999883651733,10000,10009,20000,10006,20000,20000,10000,0.40070000290870667,3.6851000785827637,4.660200119018555,10000,2.106599999999815,2.4028,1,0.2338,0.11699999999999999,376832,15,15,2.6096,8048,0,0,25.675100326538086,14.763400077819824,4.49970006942749,3.3694000244140625,0.010599999688565731,49.29650115966797,0,0,0,0,0,0,0,0,0,0,0,0,0,58.44552,44.67304
456,104.94059753417969,0.34360000491142273,24.1289005279541,5.313700199127197,2.640199899673462,2.168299913406372,14.686699867248535,0.9843999743461609,10000,10009,20000,10006,20000,20000,10000,0.4235000014305115,3.933799982070923,5.3831000328063965,10000,2.1318999999998196,2.4426,1,0.1437,0.0802,376832,15,15,2.7491,7712,0,0,24.61090087890625,14.718700408935547,4.4766998291015625,3.5724000930786133,0.009800000116229057,50.25080108642578,0,0,0,0,0,0,0,0,0,0,0,0,0,58.42332,44.70756
457,105.1094970703125,2.3492000102996826,22.44969940185547,5.092100143432617,1.7366000413894653,2.2599000930786133,14.623000144958496,0.9814000129699707,10000,10009,20000,10006,20000,20000,10000,0.49160000681877136,3.828399896621704,4.974699974060059,10000,2.1416999999998283,2.321,1,0.14590000000000003,0.0725,376832,15,15,3.1327,15952,0,0,24.934200286865234,14.659500122070312,4.3694000244140625,3.1593000888824463,0.009399999864399433,50.1859016418457,0,0,0,0,0,0,0,0,0,0,0,0,0,58.45896,44.94564
458,105.19740295410156,5.712500095367432,22.047800064086914,5.4492998123168945,1.621899962425232,2.6791999340057373,14.7608003616333,0.958299994468689,10000,10009,20000,10006,20000,20000,10000,0.40529999136924744,3.7492001056671143,3.913100004196167,10000,2.137999999999818,2.5212,1,0.1796,0.1273,376832,15,15,3.7952,484200,0,0,27.895200729370117,15.465100288391113,4.623300075531006,7.899899959564209,0.6758000254631042,38.10409927368164,0,0,0,0,0,0,0,0,0,0,0,0,0,58.408,44.8276
459,105.10299682617188,0.41780000925064087,23.285499572753906,5.201700210571289,1.6589000225067139,2.329200029373169,14.874099731445312,0.9824000000953674,10000,10009,20000,10006,20000,20000,10000,0.41179999709129333,3.821199893951416,5.364099979400635,10000,2.1454999999998177,2.5025,1,0.153,0.0824,376832,15,15,2.8492,7712,0,0,23.90679931640625,14.915200233459473,4.632800102233887,3.199700117111206,0.01640000008046627,49.00849914550781,0,0,0,0,0,0,0,0,0,0,0,0,0,58.34844,44.74504
460,105.33660125732422,2.7618000507354736,22.409299850463867,5.135900020599365,1.7239999771118164,2.220900058746338,15.596400260925293,0.9861999750137329,10000,10009,20000,10006,20000,20000,10000,0.37709999084472656,3.801800012588501,5.02869987487793,10000,2.1930999999998244,2.872,1,0.1461,0.0779,376832,15,15,3.1336,15952,0,0,25.310699462890625,15.642200469970703,4.9380998611450195,3.6923999786376953,0.018200000748038292,47.92369842529297,0,0,0,0,0,0,0,0,0,0,0,0,0,58.49256,44.94852
461,105.05049896240234,4.4197998046875,24.362499237060547,5.510200023651123,1.8535000085830688,3.0276999473571777,14.918899536132812,0.9746000170707703,10000,10009,20000,10006,20000,20000,10000,0.3621000051498413,4.382599830627441,4.773399829864502,10000,2.1248999999998164,2.7619,1,0.1345,0.0412,376832,15,15,2.5209,563128,0,0,28.984899520874023,15.816399574279785,4.877900123596191,8.576499938964844,0.8633999824523926,38.87160110473633,0,0,0,0,0,0,0,0,0,0,0,0,0,58.56396,45.42748
462,105.443603515625,2.3631999492645264,32.48979949951172,7.474899768829346,3.726599931716919,4.409599781036377,16.44569969177246,1.1109999418258667,10000,10009,20000,10006,20000,20000,10000,0.4627000093460083,6.509300231933594,5.138400077819824,10000,2.5065999999999438,5.3944,1,0.22969999999999996,0.16060000000000002,376832,15,15,5.4321,8048,0,0,35.047698974609375,16.513099670410156,8.721099853515625,5.730500221252441,0.01940000057220459,27.077899932861328,0,0,0,0,0,0,0,0,0,0,0,0,0,58.42628,45.20152
463,107.03389739990234,0.48399999737739563,36.31629943847656,6.041800022125244,3.8968000411987305,4.301700115203857,16.611000061035156,1.1026999950408936,10000,10009,20000,10006,20000,20000,10000,0.5248000025749207,7.7972002029418945,7.856299877166748,10000,2.4104,3.6008,1,0.2651,0.1743,376832,15,15,5.8728,7712,0,0,37.022098541259766,16.671499252319336,6.146399974822998,4.806399822235107,0.01679999940097332,28.507600784301758,0,0,0,0,0,0,0,0,0,0,0,0,0,58.27492,44.874
464,105.8917007446289,4.6371002197265625,30.677600860595703,6.22189998626709,2.907900094985962,3.5855000019073486,15.050399780273438,1.1482000350952148,10000,10009,20000,10006,20000,20000,10000,0.46709999442100525,5.5096001625061035,6.07390022277832,10000,2.165899999999819,4.0549,1,0.21990000000000004,0.13319999999999999,376832,15,15,5.2588,15952,0,0,35.56529998779297,15.104700088500977,6.1194000244140625,4.5167999267578125,0.018699999898672104,32.316200256347656,0,0,0,0,0,0,0,0,0,0,0,0,0,58.4178,45.20056
465,105.14520263671875,7.2017998695373535,27.473400115966797,5.726500034332275,2.3392999172210693,3.5710999965667725,15.24940013885498,0.9743000268936157,10000,10009,20000,10006,20000,20000,10000,0.3921999931335449,5.655300140380859,5.037399768829346,10000,2.17589999999982,2.8086,1,0.1567,0.0908,376832,15,15,3.4458,548072,0,0,34.88959884643555,16.00749969482422,4.895899772644043,8.110799789428711,0.7214000225067139,30.77039909362793,0,0,0,0,0,0,0,0,0,0,0,0,0,58.35652,45.09976
466,105.55580139160156,3.8680999279022217,28.532899856567383,5.77400016784668,2.1068999767303467,3.44950008392334,16.31679916381836,1.006700038909912,10000,10009,20000,10006,20000,20000,10000,0.399399995803833,5.985300064086914,5.84689998626709,10000,2.48359999999992,3.9641,1,0.22649999999999998,0.2393,376832,15,15,4.9338,8048,0,0,32.650001525878906,16.367799758911133,6.339200019836426,5.380300045013428,0.016699999570846558,32.93669891357422,0,0,0,0,0,0,0,0,0,0,0,0,0,58.49128,44.77016
467,105.20570373535156,0.7573000192642212,33.13880157470703,5.853400230407715,3.7239999771118164,3.496000051498413,15.48960018157959,1.0342999696731567,10000,10009,20000,10006,20000,20000,10000,0.43299999833106995,6.277599811553955,7.670499801635742,10000,2.2129999999998358,4.1211,1,0.2163,0.1632,376832,15,15,4.5108,7712,0,0,34.15359878540039,15.552200317382812,6.373600006103516,4.686800003051758,0.021900000050663948,33.535701751708984,0,0,0,0,0,0,0,0,0,0,0,0,0,58.32988,44.71572
468,105.16649627685547,4.982900142669678,34.25709915161133,5.723100185394287,4.3196001052856445,4.057400226593018,15.236700057983398,1.1576000452041626,10000,10009,20000,10006,20000,20000,10000,0.4643000066280365,6.065999984741211,7.410999774932861,10000,2.1333999999998166,2.4504,1,0.16109999999999997,0.1138,376832,15,15,1.9595,15952,0,0,39.43259811401367,15.279800415039062,4.525300025939941,3.544100046157837,0.015300000086426735,33.84090042114258,0,0,0,0,0,0,0,0,0,0,0,0,0,58.47684,44.51012
469,105.05690002441406,4.673600196838379,23.578500747680664,5.527400016784668,1.7694000005722046,2.967900037765503,14.948399543762207,1.0168999433517456,10000,10009,20000,10006,20000,20000,10000,0.36239999532699585,3.6614999771118164,4.7494001388549805,10000,2.131999999999819,2.3584,1,0.1305,0.0387,376832,15,15,1.7998,591400,0,0,28.39459991455078,15.778499603271484,4.409900188446045,7.266900062561035,0.8047999739646912,42.76679992675781,0,0,0,0,0,0,0,0,0,0,0,0,0,58.54772,44.74368
470,105.03759765625,2.197999954223633,22.227100372314453,5.194799900054932,1.764799952507019,2.224900007247925,14.584500312805176,0.9749000072479248,10000,10009,20000,10006,20000,20000,10000,0.42329999804496765,3.8341000080108643,4.658199787139893,10000,2.1133999999998165,2.2286,1,0.1482,0.0802,376832,15,15,2.679,8048,0,0,24.556100845336914,14.616999626159668,4.272500038146973,3.3626999855041504,0.008999999612569809,51.01860046386719,0,0,0,0,0,0,0,0,0,0,0,0,0,58.4588,44.75424
471,105.23269653320312,0.3828999996185303,23.386199951171875,5.82390022277832,1.6943000555038452,2.161900043487549,14.852800369262695,1.0012999773025513,10000,10009,20000,10006,20000,20000,10000,0.40689998865127563,3.88100004196167,5.090400218963623,10000,2.2152999999998273,1.7524,1,0.15289999999999998,0.0818,376832,15,15,2.8811,7712,0,0,23.982500076293945,14.884900093078613,3.7701001167297363,2.9697999954223633,0.011300000362098217,52.012901306152344,0,0,0,0,0,0,0,0,0,0,0,0,0,58.36652,44.6176
472,105.08820343017578,2.609600067138672,23.844100952148438,5.248700141906738,2.8761000633239746,2.2690999507904053,14.938599586486816,0.97079998254776,10000,10009,20000,10006,20000,20000,10000,0.3880000114440918,3.808199882507324,5.103899955749512,10000,2.210299999999842,2.3178,1,0.1619,0.0888,376832,15,15,3.1062,15952,0,0,26.6466007232666,14.980299949645996,4.493299961090088,3.5081000328063965,0.014800000004470348,45.58420181274414,0,0,0,0,0,0,0,0,0,0,0,0,0,58.52404,44.5914
473,104.87979888916016,4.222099781036377,21.765499114990234,5.290999889373779,1.5245000123977661,2.6577999591827393,14.742500305175781,0.9625999927520752,10000,10009,20000,10006,20000,20000,10000,0.358599990606308,3.625,4.009900093078613,10000,2.1314999999998205,2.2879,1,0.1444,0.0766,376832,15,15,3.0178,494712,0,0,26.11840057373047,15.153300285339355,4.29040002822876,7.380799770355225,0.3930000066757202,44.34040069580078,0,0,0,0,0,0,0,0,0,0,0,0,0,58.6154,44.73036
474,105.18550109863281,2.1150999069213867,21.05970001220703,5.058700084686279,1.5621000528335571,2.1161999702453613,14.362299919128418,0.9690999984741211,10000,10009,20000,10006,20000,20000,10000,0.3675999939441681,3.727299928665161,4.182700157165527,10000,2.1186999999998175,2.243,1,0.1446,0.0717,376832,15,15,2.7422,8048,0,0,23.403900146484375,14.389699935913086,4.264100074768066,3.2678000926971436,0.009399999864399433,52.577999114990234,0,0,0,0,0,0,0,0,0,0,0,0,0,58.44552,44.64456
475,105.27420043945312,0.4383000135421753,23.087400436401367,5.3028998374938965,1.7568999528884888,2.20169997215271,15.245599746704102,0.9866999983787537,10000,10009,20000,10006,20000,20000,10000,0.3668999969959259,3.9179000854492188,5.131100177764893,10000,2.1471999999998173,2.5364,1,0.21839999999999998,0.1634,376832,15,15,2.2423,7712,0,0,23.742000579833984,15.27970027923584,4.653600215911865,3.5810999870300293,0.011099999770522118,49.93579864501953,0,0,0,0,0,0,0,0,0,0,0,0,0,58.4608,44.81896
476,104.78279876708984,2.637399911880493,25.868200302124023,5.751800060272217,3.4272000789642334,2.544100046157837,15.100899696350098,1.0192999839782715,10000,10009,20000,10006,20000,20000,10000,0.38609999418258667,3.9512999057769775,5.309000015258789,10000,2.1468999999998246,1.9171,1,0.13169999999999998,0.05,376832,15,15,1.8922,15952,0,0,28.725799560546875,15.15310001373291,3.994999885559082,3.339200019836426,0.01769999973475933,46.96950149536133,0,0,0,0,0,0,0,0,0,0,0,0,0,58.54424,44.80132
477,105.08350372314453,4.578999996185303,23.51180076599121,5.506999969482422,1.7122000455856323,2.7967000007629395,15.059399604797363,1.0813000202178955,10000,10009,20000,10006,20000,20000,10000,0.3675000071525574,3.793600082397461,4.84660005569458,10000,2.176699999999826,3.4982,1,0.2279,0.1296,376832,15,15,4.8641,493936,0,0,28.296199798583984,15.77180004119873,5.542500019073486,8.421899795532227,0.6807000041007996,35.94839859008789,0,0,0,0,0,0,0,0,0,0,0,0,0,58.53152,44.62004
478,105.48590087890625,2.1689999103546143,22.445100784301758,5.212800025939941,1.6868000030517578,2.3747000694274902,14.961799621582031,0.9621999859809875,10000,10009,20000,10006,20000,20000,10000,0.367000013589859,3.9433000087738037,4.7855000495910645,10000,2.1291999999998206,2.4132,1,0.14550000000000002,0.0644,376832,15,15,2.9432,8048,0,0,24.754600524902344,14.993599891662598,4.4770002365112305,3.322499990463257,0.00930000003427267,50.41680145263672,0,0,0,0,0,0,0,0,0,0,0,0,0,58.49064,44.71812
479,105.1405029296875,0.4090999960899353,24.75979995727539,5.189499855041504,3.0292999744415283,2.5264999866485596,15.002799987792969,0.9957000017166138,10000,10009,20000,10006,20000,20000,10000,0.39500001072883606,4.00029993057251,5.236800193786621,10000,2.141899999999821,2.5294,1,0.1464,0.0882,376832,15,15,2.9889,7712,0,0,25.37150001525879,15.039799690246582,4.771100044250488,2.8642001152038574,0.010099999606609344,49.45399856567383,0,0,0,0,0,0,0,0,0,0,0,0,0,58.54384,44.6888
480,104.87419891357422,2.59879994392395,23.884300231933594,5.457900047302246,1.8339999914169312,2.610300064086914,15.078399658203125,1.104200005531311,10000,10009,20000,10006,20000,20000,10000,0.4020000100135803,3.9284000396728516,5.2484002113342285,10000,2.1347999999998146,2.8571,1,0.1846,0.1346,376832,15,15,3.0926,15952,0,0,26.625600814819336,15.121500015258789,4.895400047302246,3.461199998855591,0.01549999974668026,45.3916015625,0,0,0,0,0,0,0,0,0,0,0,0,0,58.28728,44.5798
481,105.3490982055664,4.274700164794922,23.8799991607666,5.488699913024902,1.7411999702453613,3.2709999084472656,15.121299743652344,1.0860999822616577,10000,10009,20000,10006,20000,20000,10000,0.4244999885559082,3.7014000415802,4.654200077056885,10000,2.1206999999998177,2.358,1,0.1313,0.0486,376832,15,15,1.5308,508792,0,0,28.298799514770508,15.562800407409668,4.486499786376953,7.564199924468994,0.41760000586509705,43.472198486328125,0,0,0,0,0,0,0,0,0,0,0,0,0,58.52824,44.68904
482,104.56009674072266,2.2381999492645264,23.100799560546875,5.36269998550415,1.7431999444961548,2.688499927520752,14.670000076293945,0.9965000152587891,10000,10009,20000,10006,20000,20000,10000,0.4352000057697296,3.7908999919891357,4.89169979095459,10000,2.1235999999998194,2.442,1,0.2207,0.12990000000000002,376832,15,15,2.0829,8048,0,0,25.481700897216797,14.701600074768066,4.462500095367432,3.513000011444092,0.010200000368058681,49.74100112915039,0,0,0,0,0,0,0,0,0,0,0,0,0,58.5164,44.73032
483,105.381103515625,0.3490000069141388,23.22559928894043,5.3231000900268555,1.6622999906539917,2.4335999488830566,14.955900192260742,0.9937000274658203,10000,10009,20000,10006,20000,20000,10000,0.4551999866962433,3.979099988937378,5.131100177764893,10000,2.134799999999818,2.6641,1,0.16959999999999997,0.0689,376832,15,15,3.1808,7712,0,0,23.721500396728516,14.994400024414062,4.700799942016602,2.7671000957489014,0.010599999688565731,51.32120132446289,0,0,0,0,0,0,0,0,0,0,0,0,0,58.49536,44.7248
484,104.98149871826172,2.5413999557495117,23.25749969482422,5.328199863433838,2.2544000148773193,2.2276999950408936,14.623200416564941,1.0041999816894531,10000,10009,20000,10006,20000,20000,10000,0.3880000114440918,3.7811999320983887,5.0152997970581055,10000,2.2023999999998227,2.862,1,0.15569999999999998,0.0945,376832,15,15,3.47,15952,0,0,25.93829917907715,14.657500267028809,4.955399990081787,3.3245999813079834,0.009800000116229057,47.27040100097656,0,0,0,0,0,0,0,0,0,0,0,0,0,58.52516,44.80216
485,105.2477035522461,4.319799900054932,26.940200805664062,5.586599826812744,1.8127000331878662,4.0366997718811035,15.09850025177002,1.007200002670288,10000,10009,20000,10006,20000,20000,10000,0.42080000042915344,5.8105998039245605,4.736999988555908,10000,2.1377999999998223,4.0004,1,0.1748,0.0721,376832,15,15,3.5222,516848,0,0,31.402000427246094,15.842599868774414,6.038300037384033,8.536600112915039,0.7099999785423279,33.720699310302734,0,0,0,0,0,0,0,0,0,0,0,0,0,58.50664,44.80444
486,105.38899993896484,2.228800058364868,22.09779930114746,5.185200214385986,1.6655999422073364,2.3257999420166016,15.146300315856934,0.9704999923706055,10000,10009,20000,10006,20000,20000,10000,0.3984000086784363,3.690500020980835,4.683199882507324,10000,2.114099999999818,2.6154,1,0.1485,0.0872,376832,15,15,3.3519,8048,0,0,24.47089958190918,15.189200401306152,4.6880998611450195,3.6084001064300537,0.010300000198185444,49.5713996887207,0,0,0,0,0,0,0,0,0,0,0,0,0,58.55444,44.71016
487,105.22899627685547,0.3790999948978424,22.895099639892578,5.107500076293945,1.6651999950408936,2.465100049972534,14.987299919128418,0.9672999978065491,10000,10009,20000,10006,20000,20000,10000,0.3564999997615814,3.8452999591827393,5.280600070953369,10000,2.1328999999998217,2.5906,1,0.1543,0.09390000000000001,376832,15,15,3.1497,7712,0,0,23.418899536132812,15.01930046081543,4.625699996948242,3.5803000926971436,0.009800000116229057,50.79290008544922,0,0,0,0,0,0,0,0,0,0,0,0,0,58.53612,44.7728
488,105.10990142822266,2.677500009536743,22.807300567626953,5.173799991607666,1.8372999429702759,2.228800058364868,14.902299880981445,0.9965000152587891,10000,10009,20000,10006,20000,20000,10000,0.3824000060558319,3.878999948501587,5.128200054168701,10000,2.1907999999998227,1.478,1,0.1473,0.0798,376832,15,15,3.6729,15952,0,0,25.6289005279541,14.933500289916992,3.569999933242798,3.5383999347686768,0.009499999694526196,49.11439895629883,0,0,0,0,0,0,0,0,0,0,0,0,0,58.4376,44.6352
489,105.12840270996094,4.149400234222412,23.835599899291992,5.561299800872803,1.595900058746338,3.321199893951416,15.090299606323242,0.9864000082015991,10000,10009,20000,10006,20000,20000,10000,0.45730000734329224,3.771899938583374,4.734300136566162,10000,2.1603999999998247,2.4081,1,0.22999999999999998,0.0827,376832,15,15,1.9146,572816,0,0,28.12299919128418,15.984199523925781,4.4745001792907715,9.777000427246094,0.8648999929428101,38.23350143432617,0,0,0,0,0,0,0,0,0,0,0,0,0,58.52016,44.8436
490,105.23310089111328,2.449199914932251,21.86319923400879,5.1097002029418945,1.5671000480651855,2.3127999305725098,14.423299789428711,1.002500057220459,10000,10009,20000,10006,20000,20000,10000,0.421099990606308,3.7553999423980713,4.4770002365112305,10000,2.1092999999998163,4.0932,1,0.1427,0.0769,376832,15,15,3.0142,8048,0,0,24.459699630737305,14.451199531555176,8.348400115966797,4.716400146484375,0.008899999782443047,45.735801696777344,0,0,0,0,0,0,0,0,0,0,0,0,0,59.12044,44.77556
491,104.9354019165039,0.35120001435279846,32.89339828491211,5.57420015335083,2.874799966812134,4.1641998291015625,15.024100303649902,1.0561000108718872,10000,10009,20000,10006,20000,20000,10000,2.870800018310547,7.601900100708008,5.26800012588501,10000,2.1448999999998186,2.3895,1,0.1667,0.09809999999999999,376832,15,15,3.213,7712,0,0,33.48429870605469,15.065400123596191,4.433000087738037,3.397599935531616,0.009999999776482582,38.33470153808594,0,0,0,0,0,0,0,0,0,0,0,0,0,58.58804,44.61448
492,106.70449829101562,2.5803000926971436,22.809900283813477,5.28249979019165,1.8269000053405762,2.2613000869750977,14.944199562072754,0.9714999794960022,10000,10009,20000,10006,20000,20000,10000,0.3619000017642975,3.786799907684326,5.067299842834473,10000,2.112899999999817,2.8555,1,0.15500000000000003,0.0929,376832,15,15,3.0672,15952,0,0,25.531099319458008,14.976900100708008,4.863900184631348,3.2592999935150146,0.009999999776482582,50.504600524902344,0,0,0,0,0,0,0,0,0,0,0,0,0,58.41316,44.51228
493,105.04049682617188,4.29010009765625,24.89229965209961,5.855400085449219,2.1217000484466553,2.9414000511169434,14.90470027923584,0.9922999739646912,10000,10009,20000,10006,20000,20000,10000,0.39820000529289246,3.922300100326538,5.05810022354126,10000,2.1666999999998233,2.4919,1,0.1541,0.09759999999999999,376832,15,15,2.4841,519352,0,0,29.326200485229492,15.769399642944336,4.537499904632568,8.813300132751465,0.8335999846458435,37.08060073852539,0,0,0,0,0,0,0,0,0,0,0,0,0,58.39412,44.83364
494,104.8427963256836,2.274899959564209,21.2322998046875,5.132299900054932,1.6058000326156616,2.1245999336242676,14.371100425720215,0.9728999733924866,10000,10009,20000,10006,20000,20000,10000,0.39320001006126404,3.6640000343322754,4.32390022277832,10000,2.1131999999998157,2.2785,1,0.14550000000000002,0.0783,376832,15,15,2.7621,8048,0,0,23.642900466918945,14.397899627685547,4.308199882507324,2.7945001125335693,0.00860000029206276,52.46780014038086,0,0,0,0,0,0,0,0,0,0,0,0,0,58.54616,44.9594
495,105.42479705810547,0.3603000044822693,27.214599609375,6.269400119781494,2.7495999336242676,2.3691999912261963,15.487799644470215,0.9824000000953674,10000,10009,20000,10006,20000,20000,10000,0.4494999945163727,4.10890007019043,6.7769999504089355,10000,2.258899999999831,3.7955,1,0.2241,0.1414,376832,15,15,4.5409,7712,0,0,27.735300064086914,15.542099952697754,5.857100009918213,4.92549991607666,0.016699999570846558,39.72520065307617,0,0,0,0,0,0,0,0,0,0,0,0,0,58.42136,45.30468
496,105.93199920654297,4.090799808502197,26.69540023803711,5.848599910736084,1.9600000381469727,2.902400016784668,15.654500007629395,1.0625,10000,10009,20000,10006,20000,20000,10000,0.41339999437332153,5.791399955749512,5.171800136566162,10000,2.3460999999998813,4.3849,1,0.2422,0.1585,376832,15,15,5.2364,15952,0,0,31.00040054321289,15.715200424194336,6.727799892425537,4.916200160980225,0.01979999989271164,34.4818000793457,0,0,0,0,0,0,0,0,0,0,0,0,0,58.5678,45.3774
497,106.34030151367188,7.1778998374938965,32.6776008605957,6.6940999031066895,2.30049991607666,4.068299770355225,17.11709976196289,1.0615999698638916,10000,10009,20000,10006,20000,20000,10000,0.498199999332428,5.706699848175049,6.907800197601318,10000,2.6096000000000688,3.7344,1,0.3052,0.1387,376832,15,15,5.7666,576016,0,0,40.07310104370117,17.962799072265625,6.481200218200684,14.3326997756958,0.8094000220298767,13.576800346374512,0,0,0,0,0,0,0,0,0,0,0,0,0,58.71216,45.30344
498,106.39330291748047,3.8910000324249268,31.71969985961914,5.898799896240234,3.3259999752044678,4.049799919128418,17.052200317382812,1.0852999687194824,10000,10009,20000,10006,20000,20000,10000,0.5063999891281128,5.041100025177002,6.8256001472473145,10000,2.642300000000089,5.3076,1,0.2666,0.1854,376832,15,15,4.0023,8048,0,0,35.83549880981445,17.11680030822754,8.008700370788574,6.690000057220459,0.01889999955892563,28.011699676513672,0,0,0,0,0,0,0,0,0,0,0,0,0,58.57148,44.80332
499,106.57990264892578,0.499099999666214,35.41809844970703,5.89109992980957,4.076499938964844,3.6735999584198,16.618799209594727,1.1576000452041626,10000,10009,20000,10006,20000,20000,10000,0.49399998784065247,5.971700191497803,8.309700012207031,10000,2.3899999999998958,2.7917,1,0.23740000000000003,0.1425,376832,15,15,3.9034,7712,0,0,36.152400970458984,16.667699813842773,5.0543999671936035,4.491000175476074,0.01590000092983246,32.835201263427734,0,0,0,0,0,0,0,0,0,0,0,0,0,58.32952,45.06208
500,104.99259948730469,3.827199935913086,27.631999969482422,5.217800140380859,1.9221999645233154,3.429800033569336,20.187999725341797,0.9889000058174133,10000,10009,20000,10006,20000,20000,10000,0.4498000144958496,6.896399974822998,5.150599956512451,10000,2.1387999999998186,2.5758,1,0.1456,0.0741,376832,15,15,3.0899,15952,0,0,31.668100357055664,20.266000747680664,4.639999866485596,3.3475000858306885,0.01850000023841858,35.85200119018555,0,0,0,0,0,0,0,0,0,0,0,0,0,58.4814,44.85156
501,105.5990982055664,6.301799774169922,27.755800247192383,5.974899768829346,2.2035999298095703,3.6565001010894775,15.784299850463867,1.038599967956543,10000,10009,20000,10006,20000,20000,10000,0.4675000011920929,5.722799777984619,5.146599769592285,10000,2.2476999999998344,2.6153,1,0.2489,0.0916,376832,15,15,3.8734,521936,0,0,34.267601013183594,16.545799255371094,5.420300006866455,9.831299781799316,0.7218999862670898,28.92140007019043,0,0,0,0,0,0,0,0,0,0,0,0,0,58.88636,45.1966
502,105.35440063476562,3.3278000354766846,22.34149932861328,5.1407999992370605,1.6128000020980835,2.301100015640259,15.205699920654297,1.0276000499725342,10000,10009,20000,10006,20000,20000,10000,0.43380001187324524,3.9856998920440674,4.589799880981445,10000,2.1490999999998257,3.3875,1,0.21439999999999998,0.1316,376832,15,15,4.8425,8048,0,0,25.889799118041992,15.259599685668945,5.5269999504089355,4.015100002288818,0.01850000023841858,43.01390075683594,0,0,0,0,0,0,0,0,0,0,0,0,0,59.01796,45.6312
503,161.32899475097656,0.6664999723434448,40.666900634765625,7.031899929046631,5.428599834442139,4.326300144195557,18.07939910888672,1.1883000135421753,10000,10009,20000,10006,20000,20000,10000,0.4973999857902527,6.762899875640869,8.686100006103516,10000,2.620900000000093,5.1398,1,0.22649999999999998,0.1436,376832,15,15,5.0489,7712,0,0,41.61220169067383,18.15959930419922,10.534600257873535,7.540999889373779,0.01979999989271164,72.31400299072266,0,0,0,0,0,0,0,0,0,0,0,0,0,58.4802,44.74016
504,235.97349548339844,4.01800012588501,28.54789924621582,5.721799850463867,1.9824999570846558,3.03439998626709,15.522899627685547,1.0331000089645386,10000,10009,20000,10006,20000,20000,10000,0.4104999899864197,5.545599937438965,7.084700107574463,10000,2.1177999999998223,2.8221,1,0.20079999999999998,0.0565,376832,15,15,1.8495,15952,0,0,32.79410171508789,15.57409954071045,4.87529993057251,4.2519001960754395,0.012199999764561653,169.86180114746094,0,0,0,0,0,0,0,0,0,0,0,0,0,58.33304,44.65556
505,218.11720275878906,4.264800071716309,24.766300201416016,5.609899997711182,1.7644000053405762,3.076900005340576,15.61299991607666,1.5259000062942505,10000,10009,20000,10006,20000,20000,10000,0.765999972820282,4.3531999588012695,4.278600215911865,10000,2.1673999999998204,1.7851,1,0.1476,0.0953,376832,15,15,4.1096,518416,0,0,29.17180061340332,16.6427001953125,3.887399911880493,7.911099910736084,0.95169997215271,151.54660034179688,0,0,0,0,0,0,0,0,0,0,0,0,0,58.5218,44.9024
506,218.2628936767578,2.202899932861328,22.166500091552734,5.122600078582764,1.7798999547958374,2.2158000469207764,15.466899871826172,0.9889000058174133,10000,10009,20000,10006,20000,20000,10000,0.37529999017715454,4.03410005569458,4.504799842834473,10000,2.126799999999818,2.4327,1,0.2009,0.1313,376832,15,15,4.9299,8048,0,0,24.51580047607422,15.52910041809082,4.517199993133545,3.1765999794006348,0.02250000089406967,159.65159606933594,0,0,0,0,0,0,0,0,0,0,0,0,0,58.51852,44.96156
507,218.64100646972656,0.41850000619888306,24.162099838256836,5.372700214385986,1.6682000160217285,2.28629994392395,15.824700355529785,1.0011999607086182,10000,10009,20000,10006,20000,20000,10000,0.45010000467300415,3.882999897003174,5.229499816894531,10000,2.162399999999816,2.8638,1,0.22610000000000002,0.1492,376832,15,15,4.9216,7712,0,0,24.813400268554688,15.875699996948242,4.950699806213379,3.2999000549316406,0.016499999910593033,157.78070068359375,0,0,0,0,0,0,0,0,0,0,0,0,0,58.53904,45.05688
508,218.36399841308594,3.8884999752044678,25.112899780273438,5.373000144958496,1.867799997329712,2.593400001525879,15.139100074768066,1.01419997215271,10000,10009,20000,10006,20000,20000,10000,0.3986000120639801,5.336699962615967,5.021500110626221,10000,2.1391999999998155,1.7391,1,0.1506,0.0712,376832,15,15,2.8627,15952,0,0,29.214799880981445,15.191399574279785,3.7629001140594482,2.9704999923706055,0.014800000004470348,159.043701171875,0,0,0,0,0,0,0,0,0,0,0,0,0,58.56828,44.97768
509,218.77259826660156,6.28439998626709,33.57080078125,5.86870002746582,3.6928000450134277,4.69189977645874,16.756500244140625,1.0878000259399414,10000,10009,20000,10006,20000,20000,10000,0.5135999917984009,7.555200099945068,4.945099830627441,10000,2.2258999999998426,2.3589,1,0.1592,0.0837,376832,15,15,2.4957,516504,0,0,40.06420135498047,17.51740074157715,4.463900089263916,8.207799911499023,0.7153000235557556,140.93899536132812,0,0,0,0,0,0,0,0,0,0,0,0,0,58.43504,44.58052
510,217.88099670410156,2.653599977493286,22.73699951171875,5.229599952697754,1.6633000373840332,2.322999954223633,15.266900062561035,0.9724000096321106,10000,10009,20000,10006,20000,20000,10000,0.4251999855041504,3.7358999252319336,4.7515997886657715,10000,2.2186999999998274,2.4831,1,0.14679999999999999,0.08510000000000001,376832,15,15,2.7075,8048,0,0,25.59869956970215,15.312999725341797,4.595799922943115,3.531899929046631,0.014499999582767487,161.40069580078125,0,0,0,0,0,0,0,0,0,0,0,0,0,58.3656,44.63392
511,217.74400329589844,0.34299999475479126,22.762699127197266,5.155700206756592,1.861299991607666,2.3085999488830566,14.66100025177002,0.9689000248908997,10000,10009,20000,10006,20000,20000,10000,0.3801000118255615,3.729099988937378,5.144499778747559,10000,2.130499999999819,1.4147,1,0.1312,0.0489,376832,15,15,1.7233,7712,0,0,23.243000030517578,14.691800117492676,3.399600028991699,3.0065999031066895,0.009399999864399433,167.29100036621094,0,0,0,0,0,0,0,0,0,0,0,0,0,58.48472,45.01588
512,217.66160583496094,3.6043999195098877,22.319799423217773,5.099599838256836,1.635599970817566,2.2279000282287598,14.528800010681152,0.9886000156402588,10000,10009,20000,10006,20000,20000,10000,0.3391000032424927,3.740000009536743,5.157199859619141,10000,2.1366999999998177,1.4297,1,0.1448,0.0633,376832,15,15,2.2156,15952,0,0,26.127700805664062,14.571000099182129,3.431299924850464,3.0961999893188477,0.01810000091791153,163.43299865722656,0,0,0,0,0,0,0,0,0,0,0,0,0,58.39216,44.81164
513,218.26170349121094,5.848899841308594,27.385400772094727,6.1230998039245605,2.740000009536743,3.4918999671936035,15.183199882507324,1.0743999481201172,10000,10009,20000,10006,20000,20000,10000,0.41659998893737793,4.2221999168396,5.191800117492676,10000,2.1483999999998207,1.7894,1,0.1351,0.0493,376832,15,15,2.6181,557784,0,0,33.44269943237305,15.986599922180176,3.885699987411499,7.242499828338623,0.7695000171661377,149.89190673828125,0,0,0,0,0,0,0,0,0,0,0,0,0,58.47232,44.7888
514,217.90060424804688,2.6161000728607178,26.7450008392334,7.426300048828125,2.5759999752044678,2.3782999515533447,15.364899635314941,1.0099999904632568,10000,10009,20000,10006,20000,20000,10000,0.38429999351501465,4.914000034332275,4.735899925231934,10000,2.2047999999998273,1.3796,1,0.13330000000000003,0.046299999999999994,376832,15,15,1.492,8048,0,0,29.572799682617188,15.416199684143066,3.415800094604492,2.624000072479248,0.015399999916553497,160.70660400390625,0,0,0,0,0,0,0,0,0,0,0,0,0,58.621,44.98072
515,218.21470642089844,0.3555999994277954,23.879899978637695,5.21150016784668,1.9352999925613403,2.396899938583374,15.682299613952637,0.9987000226974487,10000,10009,20000,10006,20000,20000,10000,0.3871000111103058,4.29040002822876,5.13040018081665,10000,2.172999999999826,2.7243,1,0.23099999999999998,0.0917,376832,15,15,3.2254,7712,0,0,24.383100509643555,15.732600212097168,4.865900039672852,3.5887999534606934,0.016699999570846558,160.86880493164062,0,0,0,0,0,0,0,0,0,0,0,0,0,58.45152,44.6992
516,218.41659545898438,6.704400062561035,28.42690086364746,6.082699775695801,2.450000047683716,4.590199947357178,15.245699882507324,1.0362999439239502,10000,10009,20000,10006,20000,20000,10000,0.6419000029563904,5.323699951171875,4.632599830627441,10000,2.1261999999998187,2.2262,1,0.1305,0.0388,376832,15,15,1.4906,571056,0,0,35.348201751708984,15.995499610900879,4.2154998779296875,5.781300067901611,0.7148000001907349,150.9927978515625,0,0,0,0,0,0,0,0,0,0,0,0,0,58.40704,44.55488
517,218.05490112304688,2.295799970626831,22.436199188232422,5.306399822235107,1.7508000135421753,2.311000108718872,14.70199966430664,0.9979000091552734,10000,10009,20000,10006,20000,20000,10000,0.44620001316070557,3.7883999347686768,4.663599967956543,10000,2.1248999999998204,2.6278,1,0.1517,0.08510000000000001,376832,15,15,3.2029,8048,0,0,24.91189956665039,14.73449993133545,4.674200057983398,2.967600107192993,0.009399999864399433,162.93409729003906,0,0,0,0,0,0,0,0,0,0,0,0,0,58.24292,44.67064
518,217.42739868164062,0.3467000126838684,22.39299964904785,5.212800025939941,1.6312999725341797,2.125,14.413299560546875,0.9715999960899353,10000,10009,20000,10006,20000,20000,10000,0.414900004863739,3.647200107574463,5.181700229644775,10000,2.11639999999982,1.3761,1,0.1312,0.0529,376832,15,15,1.4811,7712,0,0,22.8887996673584,14.440500259399414,3.379300117492676,3.0959999561309814,0.008899999782443047,167.76260375976562,0,0,0,0,0,0,0,0,0,0,0,0,0,58.44548,44.8154
519,217.61000061035156,2.5413999557495117,22.612300872802734,5.2153000831604,1.6448999643325806,2.1798999309539795,14.651399612426758,0.9696000218391418,10000,10009,20000,10006,20000,20000,10000,0.4447999894618988,3.8578999042510986,5.14739990234375,10000,2.131799999999821,1.4253,1,0.1482,0.0726,376832,15,15,3.2929,15952,0,0,25.29450035095215,14.680100440979004,3.479599952697754,3.1364998817443848,0.00930000003427267,163.15859985351562,0,0,0,0,0,0,0,0,0,0,0,0,0,58.4988,44.65576
520,217.8385009765625,4.506100177764893,24.512500762939453,5.523099899291992,1.6677000522613525,2.8940000534057617,15.136500358581543,0.9735999703407288,10000,10009,20000,10006,20000,20000,10000,0.4729999899864197,4.8709001541137695,4.4695000648498535,10000,2.153099999999821,2.5049,1,0.1472,0.0843,376832,15,15,2.1931,498296,0,0,29.229799270629883,16.061199188232422,4.5269999504089355,7.286200046539307,0.8822000026702881,152.75180053710938,0,0,0,0,0,0,0,0,0,0,0,0,0,58.4612,44.92876
521,172.63560485839844,2.318700075149536,21.623199462890625,5.0883002281188965,1.6141999959945679,2.248800039291382,14.662699699401855,0.9692000150680542,10000,10009,20000,10006,20000,20000,10000,0.3849000036716461,3.7114999294281006,4.48859977722168,10000,2.120199999999818,2.3715,1,0.1467,0.0758,376832,15,15,3.2367,8048,0,0,24.077699661254883,14.692099571228027,4.401599884033203,2.9326999187469482,0.009399999864399433,118.80239868164062,0,0,0,0,0,0,0,0,0,0,0,0,0,58.32972,45.22608
522,105.70230102539062,0.4165000021457672,26.418399810791016,5.4608001708984375,2.188199996948242,2.444700002670288,15.372400283813477,1.0246000289916992,10000,10009,20000,10006,20000,20000,10000,0.40639999508857727,4.748199939727783,5.676199913024902,10000,2.188999999999821,3.5877,1,0.2306,0.161,376832,15,15,4.8389,7712,0,0,27.036100387573242,15.431699752807617,5.632599830627441,5.069499969482422,0.01600000075995922,40.3583984375,0,0,0,0,0,0,0,0,0,0,0,0,0,58.48156,45.1794
523,105.43990325927734,4.77839994430542,29.218799591064453,5.566500186920166,2.4923999309539795,4.113399982452393,15.883099555969238,0.9950000047683716,10000,10009,20000,10006,20000,20000,10000,0.5162000060081482,6.097499847412109,5.667399883270264,10000,2.300799999999849,5.5921,1,0.22549999999999998,0.1491,376832,15,15,5.6412,15952,0,0,34.215301513671875,15.935600280761719,8.119099617004395,4.788099765777588,0.015699999406933784,29.487199783325195,0,0,0,0,0,0,0,0,0,0,0,0,0,58.384,44.86864
524,105.50830078125,12.032400131225586,36.01390075683594,7.814300060272217,3.5534000396728516,5.5192999839782715,15.539299964904785,1.4668999910354614,10000,10009,20000,10006,20000,20000,10000,0.4587000012397766,6.106900215148926,5.772900104522705,10000,2.149899999999819,4.3541,1,0.2132,0.1361,376832,15,15,5.0965,514584,1,1,48.264400482177734,16.26219940185547,6.410699844360352,8.889699935913086,0.6865000128746033,13.571499824523926,0,0,0,0,0,0,0,0,0,0,0,0,0,58.4918,44.99216
525,105.31849670410156,4.1890997886657715,26.787900924682617,5.370999813079834,2.7655999660491943,3.0244998931884766,15.244999885559082,1.0149999856948853,10000,10009,20000,10006,20000,20000,10000,0.39989998936653137,5.837600231170654,4.956500053405762,10000,2.1359999999998207,4.2899,1,0.2508,0.17099999999999999,376832,15,15,4.5588,25352,0,0,31.299999237060547,15.295900344848633,7.1554999351501465,4.315700054168701,0.015699999406933784,36.64899826049805,0,0,0,0,0,0,0,0,0,0,0,0,0,58.49596,44.96336
526,105.42389678955078,0.4083999991416931,26.104700088500977,5.98330020904541,2.549099922180176,2.2695999145507812,15.950699806213379,0.9732000231742859,10000,10009,20000,10006,20000,20000,10000,0.3582000136375427,4.092899799346924,6.16349983215332,10000,2.1831999999998177,4.1714,1,0.3249,0.1372,376832,15,15,5.664,7712,0,0,26.71430015563965,16.009700775146484,6.594600200653076,4.8765997886657715,0.017400000244379044,37.86579895019531,0,0,0,0,0,0,0,0,0,0,0,0,0,58.6024,44.9916
527,150.76939392089844,5.0696001052856445,26.82270050048828,5.3491997718811035,1.9263999462127686,3.059799909591675,15.392399787902832,1.0089999437332153,10000,10009,20000,10006,20000,20000,10000,0.47110000252723694,5.76200008392334,5.4446001052856445,10000,2.1345999999998178,3.0894,1,0.14740000000000003,0.0861,376832,15,15,2.2652,15952,0,0,32.105098724365234,15.44950008392334,5.178199768066406,4.636099815368652,0.017400000244379044,84.44879913330078,0,0,0,0,0,0,0,0,0,0,0,0,0,58.43424,45.22296
528,174.0426025390625,6.252399921417236,28.799299240112305,6.0503997802734375,1.886299967765808,4.578000068664551,15.169300079345703,1.0547000169754028,10000,10009,20000,10006,20000,20000,10000,0.4595000147819519,5.817800045013428,4.950699806213379,10000,2.1380999999998225,2.445,1,0.1305,0.0491,376832,15,15,2.9096,588944,0,0,35.26499938964844,15.955300331115723,4.492800235748291,7.257500171661377,0.7516999840736389,103.40260314941406,0,0,0,0,0,0,0,0,0,0,0,0,0,58.597,44.658
529,105.91609954833984,3.505199909210205,24.875200271606445,5.285799980163574,2.1229000091552734,2.4900999069213867,15.027700424194336,0.9767000079154968,10000,10009,20000,10006,20000,20000,10000,0.3479999899864197,3.772599935531616,6.179100036621094,10000,2.115899999999817,2.376,1,0.1547,0.0653,376832,15,15,2.5491,8048,0,0,28.599599838256836,15.10099983215332,4.427000045776367,3.4158999919891357,0.014600000344216824,47.05630111694336,0,0,0,0,0,0,0,0,0,0,0,0,0,58.62396,44.64756
530,150.13580322265625,0.361299991607666,24.4424991607666,5.406400203704834,2.888700008392334,2.344599962234497,15.44159984588623,1.01419997215271,10000,10009,20000,10006,20000,20000,10000,0.3882000148296356,3.685699939727783,5.173600196838379,10000,2.1288999999998173,2.7203,1,0.14570000000000002,0.06989999999999999,376832,15,15,2.8462,7712,0,0,25.091400146484375,15.482399940490723,4.83050012588501,3.648400068283081,0.01640000008046627,93.6521987915039,0,0,0,0,0,0,0,0,0,0,0,0,0,58.48572,44.76216
531,218.8990936279297,2.97379994392395,22.611600875854492,5.138999938964844,1.6437000036239624,2.3919999599456787,14.683199882507324,0.9761000275611877,10000,10009,20000,10006,20000,20000,10000,0.37450000643730164,3.748800039291382,5.130199909210205,10000,2.107599999999818,2.4248,1,0.1356,0.057100000000000005,376832,15,15,2.2398,15952,0,0,25.803600311279297,14.716500282287598,4.445499897003174,3.152100086212158,0.010300000198185444,164.0482940673828,0,0,0,0,0,0,0,0,0,0,0,0,0,58.50756,44.73984
532,218.87100219726562,5.179699897766113,24.809900283813477,5.582200050354004,1.9563000202178955,3.2829999923706055,14.58899974822998,0.9998999834060669,10000,10009,20000,10006,20000,20000,10000,0.3587999939918518,4.009200096130371,4.897900104522705,10000,2.130599999999833,1.3612,1,0.1383,0.054,376832,15,15,1.4849,548720,0,0,30.19379997253418,15.357000350952148,3.4879000186920166,5.7652997970581055,0.734000027179718,158.0402069091797,0,0,0,0,0,0,0,0,0,0,0,0,0,58.38172,44.80988
533,218.60850524902344,2.3178000450134277,23.289899826049805,6.146999835968018,1.8294999599456787,2.3575000762939453,15.41349983215332,1.0169999599456787,10000,10009,20000,10006,20000,20000,10000,0.39070001244544983,3.722100019454956,4.592899799346924,10000,2.1277999999998207,1.6035,1,0.1537,0.0712,376832,15,15,4.8845,8048,0,0,25.791900634765625,15.44379997253418,3.6740000247955322,3.465399980545044,0.009600000455975533,160.618896484375,0,0,0,0,0,0,0,0,0,0,0,0,0,58.59452,44.90672
534,219.61309814453125,0.4629000127315521,23.394500732421875,5.331500053405762,1.9585000276565552,2.332200050354004,15.208100318908691,0.9932000041007996,10000,10009,20000,10006,20000,20000,10000,0.3935000002384186,3.7307000160217285,5.285799980163574,10000,2.164499999999821,2.7179,1,0.1457,0.0783,376832,15,15,3.1825,7712,0,0,24.06730079650879,15.242500305175781,4.861000061035156,3.03410005569458,0.011900000274181366,164.5742950439453,0,0,0,0,0,0,0,0,0,0,0,0,0,58.56428,45.01756
535,219.4857940673828,2.8420000076293945,22.959299087524414,5.147799968719482,1.7244999408721924,2.688800096511841,15.576800346374512,0.9990000128746033,10000,10009,20000,10006,20000,20000,10000,0.44190001487731934,3.8886001110076904,4.933199882507324,10000,2.160099999999821,3.6809,1,0.23090000000000002,0.1494,376832,15,15,5.2867,15952,0,0,26.018699645996094,15.635100364685059,5.882400035858154,4.3429999351501465,0.01510000042617321,154.8406982421875,0,0,0,0,0,0,0,0,0,0,0,0,0,58.5378,44.9654
536,219.42820739746094,7.1595001220703125,30.144800186157227,5.6956000328063965,2.3845999240875244,4.769599914550781,15.144000053405762,1.230299949645996,10000,10009,20000,10006,20000,20000,10000,0.4984999895095825,6.254899978637695,5.300600051879883,10000,2.136999999999816,3.0046,1,0.15159999999999998,0.0829,376832,15,15,2.4782,551680,0,0,37.525299072265625,15.623200416564941,5.052999973297119,7.988800048828125,0.45239999890327454,146.16879272460938,0,0,0,0,0,0,0,0,0,0,0,0,0,58.51392,44.988
537,219.16859436035156,3.4969000816345215,22.66510009765625,5.272900104522705,1.986899971961975,2.2802999019622803,15.136699676513672,0.9702000021934509,10000,10009,20000,10006,20000,20000,10000,0.37709999084472656,3.89490008354187,4.642600059509277,10000,2.1220999999998176,2.0752,1,0.1487,0.0848,376832,15,15,2.9654,8048,0,0,26.440200805664062,15.189200401306152,4.2652997970581055,3.328700065612793,0.018300000578165054,161.872802734375,0,0,0,0,0,0,0,0,0,0,0,0,0,58.54136,45.27072
538,218.75570678710938,0.732200026512146,29.457000732421875,5.6803998947143555,3.5590999126434326,2.6582999229431152,15.122099876403809,1.0003000497817993,10000,10009,20000,10006,20000,20000,10000,0.41179999709129333,4.438499927520752,7.508900165557861,10000,2.1290999999998195,2.2343,1,0.1535,0.0749,376832,15,15,3.0355,7712,0,0,30.492799758911133,15.171600341796875,4.3190999031066895,3.1591999530792236,0.015300000086426735,157.91799926757812,0,0,0,0,0,0,0,0,0,0,0,0,0,58.51368,44.73008
539,219.64480590820312,4.503499984741211,44.52690124511719,5.549900054931641,4.220300197601318,14.72760009765625,23.243600845336914,1.0724999904632568,10000,10009,20000,10006,20000,20000,10000,1.222000002861023,7.485599994659424,6.590799808502197,10000,2.4242999999999078,4.6731,1,0.2318,0.1678,376832,15,15,5.7753,15952,0,0,49.27130126953125,23.311199188232422,6.885499954223633,5.054900169372559,0.019500000402331352,122.06919860839844,0,0,0,0,0,0,0,0,0,0,0,0,0,58.63692,44.85268
540,218.47979736328125,4.305300235748291,23.203100204467773,5.398099899291992,1.6748000383377075,2.877500057220459,14.509200096130371,0.9675999879837036,10000,10009,20000,10006,20000,20000,10000,0.3598000109195709,3.6844000816345215,4.880000114440918,10000,2.113699999999816,1.5293,1,0.12949999999999998,0.049300000000000004,376832,15,15,1.6217,534896,0,0,27.714599609375,14.974599838256836,3.51990008354187,5.5447001457214355,0.44589999318122864,160.70889282226562,0,0,0,0,0,0,0,0,0,0,0,0,0,58.5062,44.6708
541,218.68080139160156,3.5280001163482666,21.907400131225586,5.272900104522705,1.760200023651123,2.1654999256134033,14.6766996383667,0.9702000021934509,10000,10009,20000,10006,20000,20000,10000,0.3553999960422516,3.675100088119507,4.539100170135498,10000,2.1248999999998155,1.8258,1,0.24539999999999998,0.1545,376832,15,15,2.7952,8048,0,0,25.64240074157715,14.707500457763672,3.864000082015991,3.0683000087738037,0.008999999612569809,163.8719940185547,0,0,0,0,0,0,0,0,0,0,0,0,0,58.2802,44.81632
542,218.13909912109375,0.4368000030517578,23.964500427246094,5.205399990081787,2.7632999420166016,2.2314999103546143,14.826499938964844,0.9757999777793884,10000,10009,20000,10006,20000,20000,10000,0.42010000348091125,3.73009991645813,5.176199913024902,10000,2.128199999999818,1.8514,1,0.1418,0.038599999999999995,376832,15,15,1.912,7712,0,0,24.64069938659668,14.858799934387207,3.9007999897003174,3.000200033187866,0.010200000368058681,165.1947021484375,0,0,0,0,0,0,0,0,0,0,0,0,0,58.4708,44.75864
543,218.20249938964844,2.8761000633239746,25.00510025024414,5.4070000648498535,2.9444000720977783,2.3004000186920166,15.004500389099121,0.9979000091552734,10000,10009,20000,10006,20000,20000,10000,0.4027000069618225,3.8238000869750977,5.690999984741211,10000,2.1348999999998175,2.3093,1,0.1687,0.0511,376832,15,15,1.7927,15952,0,0,28.098400115966797,15.048500061035156,4.331500053405762,3.0471999645233154,0.016300000250339508,159.76260375976562,0,0,0,0,0,0,0,0,0,0,0,0,0,58.63952,44.64696
544,218.547607421875,4.749899864196777,24.299299240112305,5.715000152587891,2.430500030517578,3.0283000469207764,15.057999610900879,1.0149999856948853,10000,10009,20000,10006,20000,20000,10000,0.4300999939441681,3.7047998905181885,4.4618000984191895,10000,2.321199999999828,2.8064,1,0.17070000000000002,0.1295,376832,15,15,2.2535,513136,0,0,29.192800521850586,15.763500213623047,4.921299934387207,7.478000164031982,0.6850000023841858,153.86279296875,0,0,0,0,0,0,0,0,0,0,0,0,0,58.30764,44.70692
545,217.80189514160156,3.2490999698638916,22.68589973449707,5.2403998374938965,1.8286999464035034,2.2455999851226807,14.505999565124512,1.0059000253677368,10000,10009,20000,10006,20000,20000,10000,0.34130001068115234,3.811300039291382,4.961299896240234,10000,2.1128999999998164,1.4053,1,0.151,0.0748,376832,15,15,2.3269,8048,0,0,26.174800872802734,14.536499977111816,3.460700035095215,2.564500093460083,0.009700000286102295,164.12530517578125,0,0,0,0,0,0,0,0,0,0,0,0,0,58.52876,44.94624
546,217.82020568847656,0.41620001196861267,22.59440040588379,5.095099925994873,1.7831000089645386,2.2023000717163086,14.9931001663208,0.9624000191688538,10000,10009,20000,10006,20000,20000,10000,0.37560001015663147,3.689199924468994,5.2042999267578125,10000,2.12859999999982,1.8195,1,0.14250000000000002,0.0702,376832,15,15,2.5842,7712,0,0,23.21649932861328,15.021900177001953,3.88319993019104,2.6259000301361084,0.00930000003427267,165.8751983642578,0,0,0,0,0,0,0,0,0,0,0,0,0,58.6318,44.67752
547,218.57240295410156,6.579699993133545,28.947399139404297,6.107699871063232,2.1682000160217285,4.582600116729736,15.043800354003906,1.1292999982833862,10000,10009,20000,10006,20000,20000,10000,0.4837000072002411,5.390900135040283,5.317999839782715,10000,2.136599999999819,2.2072,1,0.1316,0.0513,376832,15,15,1.8203,539824,0,0,35.66460037231445,15.492500305175781,4.226099967956543,6.277299880981445,0.4203999936580658,150.68190002441406,0,0,0,0,0,0,0,0,0,0,0,0,0,58.27176,44.89896
548,218.00840759277344,2.7688000202178955,23.273099899291992,5.302000045776367,1.857800006866455,2.4656999111175537,15.348299980163574,0.9926000237464905,10000,10009,20000,10006,20000,20000,10000,0.4106000065803528,4.015200138092041,5.014500141143799,10000,2.22629999999983,1.8046,1,0.1337,0.0464,376832,15,15,1.6848,8048,0,0,26.256099700927734,15.389699935913086,3.8768999576568604,3.226300001144409,0.01489999983459711,162.77560424804688,0,0,0,0,0,0,0,0,0,0,0,0,0,58.57848,44.7106
549,217.6009063720703,0.4359000027179718,23.914400100708008,5.411900043487549,1.8406000137329102,2.326200008392334,14.939200401306152,0.9729999899864197,10000,10009,20000,10006,20000,20000,10000,0.3472000062465668,3.8691000938415527,5.475299835205078,10000,2.128299999999824,1.4354,1,0.1689,0.058499999999999996,376832,15,15,2.4217,7712,0,0,24.56920051574707,14.977800369262695,3.399899959564209,3.1333000659942627,0.009800000116229057,164.6295928955078,0,0,0,0,0,0,0,0,0,0,0,0,0,58.56188,45.17376
550,217.58189392089844,3.1077001094818115,22.392000198364258,5.153299808502197,1.6581000089645386,2.233799934387207,14.531599998474121,0.9775000214576721,10000,10009,20000,10006,20000,20000,10000,0.4074000120162964,3.6744000911712646,5.111100196838379,10000,2.1168999999998146,1.3957,1,0.1352,0.0448,376832,15,15,1.5047,15952,0,0,25.71660041809082,14.562999725341797,3.3603999614715576,2.5873000621795654,0.009600000455975533,165.44970703125,0,0,0,0,0,0,0,0,0,0,0,0,0,58.5286,44.73652
551,217.80149841308594,7.144999980926514,31.394100189208984,5.8516998291015625,2.3838000297546387,3.5295000076293945,15.361900329589844,0.9872000217437744,10000,10009,20000,10006,20000,20000,10000,0.49219998717308044,6.323699951171875,7.097499847412109,10000,2.1527999999998193,3.304,1,0.14129999999999998,0.05,376832,15,15,2.9545,499248,0,0,38.75529861450195,16.060300827026367,5.389999866485596,7.16480016708374,0.6679999828338623,142.77059936523438,0,0,0,0,0,0,0,0,0,0,0,0,0,58.59576,44.87964
552,217.71420288085938,2.3104000091552734,22.218599319458008,5.20989990234375,1.614799976348877,2.1882998943328857,15.266599655151367,1.0085999965667725,10000,10009,20000,10006,20000,20000,10000,0.388700008392334,3.955199956893921,4.736599922180176,10000,2.118299999999816,1.6865,1,0.1312,0.0469,376832,15,15,1.825,8048,0,0,24.666500091552734,15.296899795532227,3.722399950027466,3.3036999702453613,0.010200000368058681,164.47140502929688,0,0,0,0,0,0,0,0,0,0,0,0,0,58.4164,44.5608
553,217.57130432128906,0.4325000047683716,26.912900924682617,5.509399890899658,3.909899950027466,2.4274001121520996,14.985400199890137,1.0082999467849731,10000,10009,20000,10006,20000,20000,10000,0.42809998989105225,3.775599956512451,5.90749979019165,10000,2.156699999999826,1.7517,1,0.1315,0.045399999999999996,376832,15,15,1.5941,7712,0,0,27.57029914855957,15.0246000289917,3.7871999740600586,3.7090001106262207,0.014800000004470348,161.29299926757812,0,0,0,0,0,0,0,0,0,0,0,0,0,58.50212,44.81144
554,217.00120544433594,2.928999900817871,25.24139976501465,5.684800148010254,3.2193000316619873,2.353800058364868,14.559100151062012,1.0607999563217163,10000,10009,20000,10006,20000,20000,10000,0.4172999858856201,3.7630999088287354,5.356100082397461,10000,2.130299999999817,1.4331,1,0.1504,0.0756,376832,15,15,2.376,15952,0,0,28.312999725341797,14.588299751281738,3.396399974822998,3.2667999267578125,0.009200000204145908,160.57899475097656,0,0,0,0,0,0,0,0,0,0,0,0,0,58.3592,44.66784
555,216.9967041015625,4.424900054931641,22.64940071105957,5.364500045776367,1.5688999891281128,2.858799934387207,14.677300453186035,0.9912999868392944,10000,10009,20000,10006,20000,20000,10000,0.3799999952316284,3.661600112915039,4.387700080871582,10000,2.1551999999998195,1.9269,1,0.1381,0.0392,376832,15,15,1.5072,552824,0,0,27.287700653076172,15.13129997253418,4.046599864959717,5.7846999168396,0.4345000088214874,158.76699829101562,0,0,0,0,0,0,0,0,0,0,0,0,0,58.6168,44.56908
556,216.7696990966797,2.290299892425537,21.939300537109375,5.127299785614014,1.6312999725341797,2.3048999309539795,14.534700393676758,0.982699990272522,10000,10009,20000,10006,20000,20000,10000,0.3725999891757965,3.796999931335449,4.519199848175049,10000,2.1283999999998175,1.4306,1,0.1383,0.0476,376832,15,15,1.7734,8048,0,0,24.365999221801758,14.564499855041504,3.4012999534606934,2.5560998916625977,0.008799999952316284,165.72520446777344,0,0,0,0,0,0,0,0,0,0,0,0,0,58.45988,44.75704
557,217.37969970703125,0.41659998893737793,22.895200729370117,5.097300052642822,1.7064000368118286,2.2506000995635986,14.568400382995605,0.9638000130653381,10000,10009,20000,10006,20000,20000,10000,0.44749999046325684,4.027500152587891,5.139599800109863,10000,2.127799999999815,1.3925,1,0.1456,0.0863,376832,15,15,2.9936,7712,0,0,23.520999908447266,14.60159969329834,3.4530999660491943,3.0673999786376953,0.009999999776482582,165.13699340820312,0,0,0,0,0,0,0,0,0,0,0,0,0,58.52316,44.80388
558,217.4320068359375,3.109100103378296,23.226999282836914,5.331600189208984,1.905500054359436,2.2523999214172363,14.755599975585938,1.0118999481201172,10000,10009,20000,10006,20000,20000,10000,0.384799987077713,3.852400064468384,5.178199768066406,10000,2.1194999999998156,2.4061,1,0.1469,0.0834,376832,15,15,1.7791,15952,0,0,26.547300338745117,14.79580020904541,4.4029998779296875,2.9223999977111816,0.014999999664723873,162.4449005126953,0,0,0,0,0,0,0,0,0,0,0,0,0,58.44508,44.60408
559,217.07969665527344,4.774199962615967,31.805200576782227,6.762899875640869,3.6816999912261963,4.907700061798096,14.809000015258789,1.1955000162124634,10000,10009,20000,10006,20000,20000,10000,0.5192999839782715,4.541900157928467,5.785299777984619,10000,2.1297999999998214,1.9092,1,0.132,0.038900000000000004,376832,15,15,1.7781,601864,0,0,36.7218017578125,15.321700096130371,3.901400089263916,5.691199779510498,0.49149999022483826,149.25379943847656,0,0,0,0,0,0,0,0,0,0,0,0,0,58.58468,44.75312
560,216.88270568847656,2.343600034713745,23.132600784301758,5.223599910736084,1.683500051498413,2.900700092315674,14.861900329589844,1.1298999786376953,10000,10009,20000,10006,20000,20000,10000,0.5364000201225281,3.8785998821258545,4.513400077819824,10000,2.1456999999998225,1.4849,1,0.13379999999999997,0.0563,376832,15,15,1.7461,8048,0,0,25.62179946899414,14.916399955749512,3.5420000553131104,2.8264000415802,0.020800000056624413,161.3220977783203,0,0,0,0,0,0,0,0,0,0,0,0,0,58.55064,44.69212
561,216.78269958496094,0.41269999742507935,23.395299911499023,5.32420015335083,1.8942999839782715,2.255199909210205,14.725799560546875,0.9641000032424927,10000,10009,20000,10006,20000,20000,10000,0.3779999911785126,3.763400077819824,5.403800010681152,10000,2.147799999999822,1.7374,1,0.13080000000000003,0.04529999999999999,376832,15,15,1.8982,7712,0,0,24.035600662231445,14.759099960327148,3.7748000621795654,2.7690999507904053,0.010599999688565731,165.06039428710938,0,0,0,0,0,0,0,0,0,0,0,0,0,58.46988,44.74172
562,216.5767059326172,2.2221999168395996,22.78569984436035,5.171800136566162,1.8350000381469727,2.18179988861084,14.897700309753418,1.000499963760376,10000,10009,20000,10006,20000,20000,10000,0.351500004529953,3.7381999492645264,5.278600215911865,10000,2.1253999999998188,1.9911,1,0.15030000000000002,0.09309999999999999,376832,15,15,2.8253,15952,0,0,25.189699172973633,14.927200317382812,4.135200023651123,2.599600076675415,0.009499999694526196,162.38079833984375,0,0,0,0,0,0,0,0,0,0,0,0,0,58.433,44.912
563,216.4145050048828,5.771699905395508,28.026399612426758,5.649199962615967,2.129300117492676,3.8452999591827393,15.064800262451172,1.0096999406814575,10000,10009,20000,10006,20000,20000,10000,0.6029999852180481,6.506499767303467,4.669600009918213,10000,2.133899999999823,2.521,1,0.14500000000000002,0.06709999999999999,376832,15,15,2.258,430512,0,0,34.00279998779297,15.454999923706055,4.567399978637695,6.603799819946289,0.3598000109195709,149.00680541992188,0,0,0,0,0,0,0,0,0,0,0,0,0,58.49204,44.65152
564,216.44129943847656,0.4431000053882599,23.872800827026367,5.16510009765625,2.0327999591827393,2.4321000576019287,14.793499946594238,0.9887999892234802,10000,10009,20000,10006,20000,20000,10000,0.3294999897480011,3.6830999851226807,5.584400177001953,10000,2.2063999999998143,1.5504,1,0.1542,0.0712,376832,15,15,2.6589,7712,0,0,24.527099609375,14.828300476074219,3.547600030899048,3.032399892807007,0.01080000028014183,163.14169311523438,0,0,0,0,0,0,0,0,0,0,0,0,0,58.58788,44.60928
565,215.406494140625,3.043100118637085,22.791099548339844,5.317399978637695,1.7272000312805176,2.319000005722046,14.63029956817627,0.9754999876022339,10000,10009,20000,10006,20000,20000,10000,0.3921000063419342,3.7195000648498535,5.136199951171875,10000,2.1386999999998184,2.4327,1,0.13390000000000002,0.048999999999999995,376832,15,15,1.7257,15952,0,0,26.05299949645996,14.663599967956543,4.473599910736084,2.702399969100952,0.010400000028312206,161.21530151367188,0,0,0,0,0,0,0,0,0,0,0,0,0,58.5506,45.15768
566,215.66099548339844,4.313899993896484,23.747800827026367,5.48960018157959,1.6360000371932983,2.981800079345703,15.569499969482422,0.9876000285148621,10000,10009,20000,10006,20000,20000,10000,0.43720000982284546,3.745800018310547,4.876200199127197,10000,2.1554999999998263,1.6906,1,0.1324,0.0469,376832,15,15,2.603,590488,0,0,28.28219985961914,16.59980010986328,3.7509000301361084,6.637400150299072,1.0018999576568604,153.06239318847656,0,0,0,0,0,0,0,0,0,0,0,0,0,58.72176,44.80612
567,216.38169860839844,3.456199884414673,24.080900192260742,5.37529993057251,1.642199993133545,2.4440999031066895,15.136699676513672,0.980400025844574,10000,10009,20000,10006,20000,20000,10000,0.36959999799728394,4.320099830627441,5.6016998291015625,10000,2.176599999999818,1.6503,1,0.23550000000000001,0.1399,376832,15,15,3.4503,8048,0,0,27.750999450683594,15.195599555969238,3.7348999977111816,3.3935999870300293,0.01769999973475933,156.1269073486328,0,0,0,0,0,0,0,0,0,0,0,0,0,58.5978,44.79984
568,216.45339965820312,0.3375999927520752,22.452199935913086,5.1834001541137695,1.7105000019073486,2.180500030517578,14.873000144958496,0.9588000178337097,10000,10009,20000,10006,20000,20000,10000,0.40059998631477356,3.7374000549316406,4.96150016784668,10000,2.213199999999827,2.5259,1,0.1558,0.0853,376832,15,15,3.3977,7712,0,0,22.984800338745117,14.91450023651123,4.57289981842041,3.458699941635132,0.016599999740719795,162.3511962890625,0,0,0,0,0,0,0,0,0,0,0,0,0,58.50656,44.88228
569,215.0843048095703,3.432499885559082,22.522600173950195,5.288300037384033,1.7010999917984009,2.191200017929077,15.010499954223633,0.9690999984741211,10000,10009,20000,10006,20000,20000,10000,0.3659999966621399,3.7249999046325684,4.9781999588012695,10000,2.1662999999998216,2.2482,1,0.1465,0.0771,376832,15,15,2.904,15952,0,0,26.1643009185791,15.051600456237793,4.315000057220459,3.158900022506714,0.016899999231100082,158.45770263671875,0,0,0,0,0,0,0,0,0,0,0,0,0,58.36504,44.71252
570,214.93899536132812,4.801000118255615,25.109899520874023,5.5243000984191895,2.9621999263763428,3.030600070953369,14.900400161743164,0.9941999912261963,10000,10009,20000,10006,20000,20000,10000,0.35749998688697815,3.663300037384033,4.946700096130371,10000,2.130499999999821,2.0917,1,0.1317,0.0477,376832,15,15,1.5392,507752,0,0,30.151100158691406,15.596799850463867,4.182499885559082,6.840700149536133,0.6689000129699707,152.12109375,0,0,0,0,0,0,0,0,0,0,0,0,0,58.3812,44.55932
571,213.95359802246094,3.0327000617980957,23.459299087524414,5.313499927520752,2.602299928665161,2.289400100708008,14.913000106811523,0.9789999723434448,10000,10009,20000,10006,20000,20000,10000,0.3797000050544739,3.8615000247955322,4.75570011138916,10000,2.12029999999982,1.7589,1,0.1335,0.049600000000000005,376832,15,15,1.5549,8048,0,0,26.699499130249023,14.942099571228027,3.768399953842163,3.29229998588562,0.009999999776482582,159.17379760742188,0,0,0,0,0,0,0,0,0,0,0,0,0,58.47108,44.74236
572,214.0041046142578,0.4343000054359436,23.034500122070312,5.415200233459473,1.8899999856948853,2.2339999675750732,14.644499778747559,0.9761000275611877,10000,10009,20000,10006,20000,20000,10000,0.382999986410141,3.775399923324585,5.126699924468994,10000,2.1235999999998203,1.4028,1,0.13280000000000003,0.041999999999999996,376832,15,15,1.6431,7712,0,0,23.611099243164062,14.672900199890137,3.398400068283081,2.636899948120117,0.00930000003427267,163.64889526367188,0,0,0,0,0,0,0,0,0,0,0,0,0,58.65708,44.68908
573,214.37820434570312,6.601200103759766,22.428199768066406,5.60890007019043,1.645799994468689,2.8280999660491943,14.673199653625488,0.9650999903678894,10000,10009,20000,10006,20000,20000,10000,0.3871999979019165,3.6821000576019287,3.990499973297119,10000,2.1587999999998195,1.4224,1,0.13119999999999998,0.046,376832,15,15,1.4868,544088,0,0,29.24370002746582,15.121899604797363,3.423099994659424,5.56879997253418,0.4284000098705292,155.02969360351562,0,0,0,0,0,0,0,0,0,0,0,0,0,58.33212,44.61992
574,214.63099670410156,2.36680006980896,22.311100006103516,5.264699935913086,1.753999948501587,2.2929000854492188,14.571599960327148,0.9729999899864197,10000,10009,20000,10006,20000,20000,10000,0.37540000677108765,3.759200096130371,4.736400127410889,10000,2.1163999999998193,1.8707,1,0.13180000000000003,0.0518,376832,15,15,1.8439,8048,0,0,24.892000198364258,14.602299690246582,3.8963000774383545,2.731300115585327,0.009499999694526196,162.2530975341797,0,0,0,0,0,0,0,0,0,0,0,0,0,58.52352,44.7052
575,213.75759887695312,0.4814000129699707,23.714500427246094,5.475500106811523,2.025899887084961,2.1900999546051025,14.548700332641602,0.9732999801635742,10000,10009,20000,10006,20000,20000,10000,0.3601999878883362,3.771399974822998,5.507800102233887,10000,2.133899999999819,2.0955,1,0.1363,0.048499999999999995,376832,15,15,1.7652,7712,0,0,24.413799285888672,14.57919979095459,4.095799922943115,2.5697999000549316,0.010200000368058681,161.89759826660156,0,0,0,0,0,0,0,0,0,0,0,0,0,58.70472,44.64844
576,213.9987030029297,2.8196001052856445,22.519800186157227,5.27370023727417,1.736299991607666,2.2156999111175537,14.517000198364258,0.9865999817848206,10000,10009,20000,10006,20000,20000,10000,0.34619998931884766,3.7571001052856445,5.051799774169922,10000,2.129399999999818,1.6078,1,0.1426,0.0652,376832,15,15,2.7901,15952,0,0,25.550600051879883,14.553600311279297,3.6178998947143555,3.0933001041412354,0.010099999606609344,159.88059997558594,0,0,0,0,0,0,0,0,0,0,0,0,0,58.52436,44.637
577,213.5395050048828,4.447999954223633,23.510400772094727,5.752799987792969,1.8221999406814575,2.8859000205993652,14.875300407409668,0.9836000204086304,10000,10009,20000,10006,20000,20000,10000,0.37860000133514404,3.6821000576019287,4.557499885559082,10000,2.1334999999998234,1.4437,1,0.1341,0.0485,376832,15,15,1.941,569744,0,0,28.109100341796875,15.367500305175781,3.5478999614715576,5.986800193786621,0.4731999933719635,154.15139770507812,0,0,0,0,0,0,0,0,0,0,0,0,0,58.51716,44.9984
578,213.4803924560547,2.5908000469207764,23.100500106811523,5.432400226593018,2.183000087738037,2.4202001094818115,14.491100311279297,0.9739000201225281,10000,10009,20000,10006,20000,20000,10000,0.38929998874664307,3.711400032043457,4.831200122833252,10000,2.1142999999998193,1.3877,1,0.133,0.0466,376832,15,15,2.2951,8048,0,0,25.90760040283203,14.522700309753418,3.4217000007629395,3.098599910736084,0.009999999776482582,159.82699584960938,0,0,0,0,0,0,0,0,0,0,0,0,0,58.46336,44.68464
579,213.65480041503906,0.5095999836921692,24.3966007232666,5.486800193786621,2.0947999954223633,2.594399929046631,15.187899589538574,1.017300009727478,10000,10009,20000,10006,20000,20000,10000,0.4796999990940094,4.125699996948242,5.156799793243408,10000,2.1079999999998167,1.9388,1,0.1481,0.0717,376832,15,15,1.9433,7712,0,0,25.134000778198242,15.226200103759766,3.8938000202178955,2.5511999130249023,0.01080000028014183,160.47760009765625,0,0,0,0,0,0,0,0,0,0,0,0,0,58.55924,44.55116
580,212.9333953857422,2.4809000492095947,22.77989959716797,5.1819000244140625,1.787600040435791,2.293100118637085,14.586099624633789,1.0140000581741333,10000,10009,20000,10006,20000,20000,10000,0.4066999852657318,3.803299903869629,5.080399990081787,10000,2.127299999999818,1.7741,1,0.1454,0.067,376832,15,15,2.568,15952,0,0,25.406999588012695,14.61520004272461,3.7802000045776367,2.9296000003814697,0.009800000116229057,159.08309936523438,0,0,0,0,0,0,0,0,0,0,0,0,0,58.46696,44.71032
581,212.1741943359375,4.418499946594238,22.25469970703125,5.35860013961792,1.618499994277954,2.7132999897003174,14.622900009155273,0.9890999794006348,10000,10009,20000,10006,20000,20000,10000,0.3926999866962433,3.6196000576019287,4.188499927520752,10000,2.1246999999998186,2.1762,1,0.1436,0.0877,376832,15,15,3.152,496960,0,0,26.868000030517578,15.052300453186035,4.201600074768066,6.02209997177124,0.40849998593330383,152.35789489746094,0,0,0,0,0,0,0,0,0,0,0,0,0,58.3624,44.69908
582,212.98609924316406,2.6131999492645264,21.810100555419922,5.1417999267578125,1.7252000570297241,2.1710000038146973,14.492899894714355,0.975600004196167,10000,10009,20000,10006,20000,20000,10000,0.41440001130104065,3.675100088119507,4.644400119781494,10000,2.179499999999827,2.0027,1,0.1779,0.0524,376832,15,15,2.523,8048,0,0,24.640199661254883,14.521900177001953,4.025700092315674,2.8833000659942627,0.009499999694526196,159.78970336914062,0,0,0,0,0,0,0,0,0,0,0,0,0,58.37508,44.643
583,211.881103515625,0.505299985408783,23.86389923095703,5.324399948120117,1.829200029373169,2.3076000213623047,14.644399642944336,0.9918000102043152,10000,10009,20000,10006,20000,20000,10000,0.34369999170303345,3.8666000366210938,5.578100204467773,10000,2.129399999999816,2.4421,1,0.13599999999999998,0.0463,376832,15,15,1.5143,7712,0,0,24.593900680541992,14.676400184631348,4.485499858856201,2.677799940109253,0.010400000028312206,159.48939514160156,0,0,0,0,0,0,0,0,0,0,0,0,0,58.3122,44.60388
584,211.56399536132812,2.96560001373291,23.691699981689453,5.164700031280518,2.4198999404907227,2.341099977493286,14.888500213623047,0.9855999946594238,10000,10009,20000,10006,20000,20000,10000,0.45159998536109924,3.8766000270843506,5.318999767303467,10000,2.1360999999998196,1.3562,1,0.1299,0.034,376832,15,15,2.3647,15952,0,0,26.862300872802734,14.917400360107422,3.369499921798706,2.5720999240875244,0.009200000204145908,156.95399475097656,0,0,0,0,0,0,0,0,0,0,0,0,0,58.17624,44.63944
585,211.14419555664062,4.276299953460693,22.461999893188477,5.470399856567383,1.565600037574768,2.939500093460083,14.440799713134766,0.9740999937057495,10000,10009,20000,10006,20000,20000,10000,0.37139999866485596,3.648200035095215,4.091400146484375,10000,2.1278999999998205,1.4284,1,0.1308,0.0456,376832,15,15,1.7126,610904,0,0,26.87820053100586,14.97130012512207,3.404099941253662,6.013000011444092,0.5116000175476074,153.7825927734375,0,0,0,0,0,0,0,0,0,0,0,0,0,58.56528,44.69532
586,210.65109252929688,2.1666998863220215,21.637699127197266,5.121300220489502,1.6140999794006348,2.151900053024292,14.474699974060059,0.9681000113487244,10000,10009,20000,10006,20000,20000,10000,0.34150001406669617,3.9465999603271484,4.432600021362305,10000,2.1161999999998167,1.3634,1,0.13,0.0444,376832,15,15,1.7031,8048,0,0,23.933900833129883,14.503600120544434,3.314199924468994,2.8208999633789062,0.008500000461935997,160.0207977294922,0,0,0,0,0,0,0,0,0,0,0,0,0,58.57888,44.72108
587,210.70399475097656,0.35740000009536743,22.506399154663086,5.121699810028076,1.7302000522613525,2.199199914932251,14.605899810791016,0.9690999984741211,10000,10009,20000,10006,20000,20000,10000,0.357699990272522,3.712399959564209,5.229800224304199,10000,2.1313999999998177,2.2949,1,0.131,0.0523,376832,15,15,1.502,7712,0,0,23.002500534057617,14.63379955291748,4.3171000480651855,2.9795000553131104,0.008899999782443047,159.9073944091797,0,0,0,0,0,0,0,0,0,0,0,0,0,58.34384,44.61028
588,211.4947967529297,2.4184999465942383,22.471399307250977,5.186699867248535,1.679900050163269,2.2274999618530273,14.554400444030762,0.9765999913215637,10000,10009,20000,10006,20000,20000,10000,0.3652999997138977,3.7737998962402344,5.058800220489502,10000,2.121899999999819,1.9753,1,0.1316,0.04869999999999999,376832,15,15,1.796,15952,0,0,25.032499313354492,14.584600448608398,3.959700107574463,2.6375999450683594,0.009399999864399433,159.10260009765625,0,0,0,0,0,0,0,0,0,0,0,0,0,58.38532,44.50444
589,210.6186981201172,4.099699974060059,22.93440055847168,5.41949987411499,1.7755999565124512,2.8148999214172363,14.421199798583984,0.9805999994277954,10000,10009,20000,10006,20000,20000,10000,0.38580000400543213,3.658400058746338,4.51200008392334,10000,2.168099999999825,1.3741,1,0.1396,0.0409,376832,15,15,1.7882,480704,0,0,27.173799514770508,14.837800025939941,3.334700107574463,4.7835001945495605,0.3971000015735626,154.17770385742188,0,0,0,0,0,0,0,0,0,0,0,0,0,58.5278,44.72884
590,210.4561004638672,2.5113000869750977,21.81760025024414,5.190800189971924,1.6815999746322632,2.180799961090088,14.454999923706055,0.9905999898910522,10000,10009,20000,10006,20000,20000,10000,0.3650999963283539,3.789400100708008,4.470099925994873,10000,2.120099999999818,1.4293,1,0.12980000000000003,0.043,376832,15,15,1.7346,8048,0,0,24.5492000579834,14.48490047454834,3.396199941635132,2.6542999744415283,0.009399999864399433,159.2375030517578,0,0,0,0,0,0,0,0,0,0,0,0,0,58.55424,45.21816
591,211.84210205078125,0.4120999872684479,22.890100479125977,5.211299896240234,2.02239990234375,2.2258999347686768,14.612299919128418,1.0074000358581543,10000,10009,20000,10006,20000,20000,10000,0.38760000467300415,3.666800022125244,5.142600059509277,10000,2.2364999999998307,2.3555,1,0.13119999999999998,0.0465,376832,15,15,2.2227,7712,0,0,23.53580093383789,14.639900207519531,4.45419979095459,2.990600109100342,0.008999999612569809,159.2895050048828,0,0,0,0,0,0,0,0,0,0,0,0,0,58.42032,44.72068
592,211.768798828125,4.121200084686279,28.58989906311035,6.434199810028076,2.18179988861084,3.4602999687194824,15.380499839782715,1.083400011062622,10000,10009,20000,10006,20000,20000,10000,0.4844000041484833,5.12060022354126,5.940499782562256,10000,2.165099999999823,1.5616,1,0.1326,0.0416,376832,15,15,1.9996,15952,0,0,32.921600341796875,15.435400009155273,3.5885000228881836,3.322700023651123,0.014999999664723873,149.8385009765625,0,0,0,0,0,0,0,0,0,0,0,0,0,58.44072,44.7272
593,211.2624969482422,4.527599811553955,23.593599319458008,5.617800235748291,1.7415000200271606,2.8201000690460205,15.476400375366211,0.9635999798774719,10000,10009,20000,10006,20000,20000,10000,0.4115999937057495,3.767699956893921,4.787199974060059,10000,2.1543999999998205,2.395,1,0.14,0.0406,376832,15,15,1.5943,540656,0,0,28.32900047302246,16.458799362182617,4.445000171661377,7.754700183868408,0.9435999989509583,148.056396484375,0,0,0,0,0,0,0,0,0,0,0,0,0,58.60976,44.77352
594,210.49740600585938,2.212100028991699,21.49810028076172,5.18310022354126,1.649999976158142,2.2327001094818115,14.487899780273438,0.9768000245094299,10000,10009,20000,10006,20000,20000,10000,0.3874000012874603,3.664900064468384,4.292500019073486,10000,2.1231999999998172,2.5635,1,0.13069999999999998,0.0518,376832,15,15,1.5286,8048,0,0,23.94879913330078,14.514800071716309,4.5640997886657715,3.2374000549316406,0.00860000029206276,158.14990234375,0,0,0,0,0,0,0,0,0,0,0,0,0,58.45144,45.23264
595,211.3957977294922,0.4300999939441681,23.97599983215332,5.212800025939941,1.937999963760376,2.621999979019165,14.632800102233887,0.9721999764442444,10000,10009,20000,10006,20000,20000,10000,0.39969998598098755,3.7781999111175537,5.398900032043457,10000,2.1539999999998205,2.4039,1,0.1516,0.0804,376832,15,15,2.9421,7712,0,0,24.625,14.663599967956543,4.424900054931641,2.8301000595092773,0.009700000286102295,157.3083953857422,0,0,0,0,0,0,0,0,0,0,0,0,0,58.47516,44.74836
596,210.70030212402344,3.675299882888794,30.752700805664062,5.547500133514404,3.390899896621704,2.800800085067749,15.257399559020996,0.9840999841690063,10000,10009,20000,10006,20000,20000,10000,0.38119998574256897,5.537799835205078,7.812099933624268,10000,2.13429999999982,2.4978,1,0.1461,0.09,376832,15,15,3.172,15952,0,0,34.642799377441406,15.306300163269043,4.524899959564209,3.4474000930786133,0.014499999582767487,145.00050354003906,0,0,0,0,0,0,0,0,0,0,0,0,0,58.3722,44.6384
597,209.86549377441406,5.057499885559082,23.753000259399414,5.450699806213379,1.8842999935150146,2.844599962234497,14.833000183105469,0.9854999780654907,10000,10009,20000,10006,20000,20000,10000,0.3693999946117401,3.6326000690460205,5.017300128936768,10000,2.1330999999998186,1.9273,1,0.1365,0.0393,376832,15,15,1.5009,433632,0,0,29.036500930786133,15.21049976348877,4.070499897003174,6.208899974822998,0.3578000068664551,149.37939453125,0,0,0,0,0,0,0,0,0,0,0,0,0,58.4454,44.62168
598,208.70069885253906,2.4574999809265137,21.916000366210938,5.240200042724609,1.711899995803833,2.1907999515533447,14.633099555969238,0.982699990272522,10000,10009,20000,10006,20000,20000,10000,0.3837999999523163,3.850600004196167,4.4492998123168945,10000,2.1147999999998177,1.3833,1,0.1319,0.0494,376832,15,15,1.4597,8048,0,0,24.5846004486084,14.661600112915039,3.535799980163574,2.6317999362945557,0.009399999864399433,157.3428955078125,0,0,0,0,0,0,0,0,0,0,0,0,0,58.41008,44.974
599,208.70919799804688,0.4171999990940094,23.082300186157227,5.268700122833252,1.8969000577926636,2.2355000972747803,14.568499565124512,0.9858999848365784,10000,10009,20000,10006,20000,20000,10000,0.3903999924659729,3.7207000255584717,5.1631999015808105,10000,2.1366999999998195,2.3851,1,0.13019999999999998,0.0445,376832,15,15,1.7123,7712,0,0,23.713499069213867,14.601799964904785,4.401599884033203,2.836400032043457,0.00930000003427267,157.0225067138672,0,0,0,0,0,0,0,0,0,0,0,0,0,58.27624,44.67772
600,208.93380737304688,4.017300128936768,23.485599517822266,5.729800224304199,1.6828999519348145,2.1981000900268555,15.249899864196777,1.0084999799728394,10000,10009,20000,10006,20000,20000,10000,0.39969998598098755,3.986599922180176,5.05810022354126,10000,2.1380999999998207,2.2962,1,0.16849999999999998,0.077,376832,15,15,1.9176,15952,0,0,27.7052001953125,15.306500434875488,4.300300121307373,3.597899913787842,0.01860000006854534,150.94740295410156,0,0,0,0,0,0,0,0,0,0,0,0,0,58.29276,44.53548
601,207.90809631347656,4.028800010681152,22.758800506591797,5.412199974060059,1.5703999996185303,3.197999954223633,14.546299934387207,0.9848999977111816,10000,10009,20000,10006,20000,20000,10000,0.4187999963760376,3.8633999824523926,3.9893999099731445,10000,2.1848999999998235,1.4157,1,0.131,0.0392,376832,15,15,1.487,524920,0,0,26.924699783325195,15.009900093078613,3.409600019454956,5.317299842834473,0.4456000030040741,151.34219360351562,0,0,0,0,0,0,0,0,0,0,0,0,0,58.48284,44.74932
602,208.01890563964844,2.1861000061035156,21.245500564575195,5.077300071716309,1.610200047492981,2.172600030899048,14.598600387573242,0.964900016784668,10000,10009,20000,10006,20000,20000,10000,0.3862999975681305,3.702699899673462,4.307400226593018,10000,2.1473999999998217,1.4028,1,0.1301,0.054400000000000004,376832,15,15,1.4555,8048,0,0,23.566499710083008,14.626500129699707,3.448499917984009,2.5425000190734863,0.00930000003427267,157.94790649414062,0,0,0,0,0,0,0,0,0,0,0,0,0,58.4388,44.66944
603,208.11749267578125,0.421099990606308,22.86009979248047,5.209499835968018,1.7348999977111816,2.1812000274658203,14.532500267028809,0.9861000180244446,10000,10009,20000,10006,20000,20000,10000,0.3847000002861023,3.7741000652313232,5.291100025177002,10000,2.1358999999998214,1.3894,1,0.13,0.0414,376832,15,15,1.7385,7712,0,0,23.486900329589844,14.562700271606445,3.3610999584198,2.5871999263763428,0.009200000204145908,157.97830200195312,0,0,0,0,0,0,0,0,0,0,0,0,0,58.62036,44.53064
604,207.65870666503906,2.527100086212158,22.132200241088867,5.107699871063232,1.6526999473571777,2.169800043106079,14.488800048828125,0.9790999889373779,10000,10009,20000,10006,20000,20000,10000,0.439300000667572,3.721400022506714,4.969699859619141,10000,2.1248999999998204,1.4236,1,0.1304,0.0443,376832,15,15,1.7436,15952,0,0,24.883899688720703,14.515600204467773,3.387399911880493,2.5555999279022217,0.009100000374019146,156.16969299316406,0,0,0,0,0,0,0,0,0,0,0,0,0,58.42924,44.69684
605,207.8061065673828,4.1066999435424805,22.896299362182617,5.48199987411499,1.680299997329712,2.851900100708008,14.576800346374512,0.9753999710083008,10000,10009,20000,10006,20000,20000,10000,0.40130001306533813,3.6809000968933105,4.403800010681152,10000,2.1587999999998226,1.4363,1,0.1305,0.0422,376832,15,15,1.6688,514616,0,0,27.143199920654297,15.026800155639648,3.400899887084961,5.225299835205078,0.4309999942779541,150.94110107421875,0,0,0,0,0,0,0,0,0,0,0,0,0,58.33288,44.71428
606,208.2628936767578,2.3087000846862793,21.989900588989258,5.1427001953125,1.6546000242233276,2.265500068664551,14.493200302124023,0.9839000105857849,10000,10009,20000,10006,20000,20000,10000,0.38589999079704285,3.8096001148223877,4.589799880981445,10000,2.1264999999998175,1.352,1,0.1307,0.0366,376832,15,15,1.6425,8048,0,0,24.44729995727539,14.521900177001953,3.3062000274658203,2.900599956512451,0.00860000029206276,157.0738983154297,0,0,0,0,0,0,0,0,0,0,0,0,0,58.47656,44.57636
607,207.54840087890625,0.43369999527931213,23.905799865722656,5.695899963378906,1.9086999893188477,2.357800006866455,14.89490032196045,0.9750000238418579,10000,10009,20000,10006,20000,20000,10000,0.3474000096321106,3.8585000038146973,5.173500061035156,10000,2.145799999999818,2.1947,1,0.1385,0.048,376832,15,15,1.7731,7712,0,0,24.5487003326416,14.930000305175781,4.184700012207031,2.5367000102996826,0.00989999994635582,155.10299682617188,0,0,0,0,0,0,0,0,0,0,0,0,0,58.48644,44.64888
608,207.3179931640625,2.751499891281128,22.822599411010742,5.281300067901611,1.6782000064849854,2.3055999279022217,14.612799644470215,0.9793999791145325,10000,10009,20000,10006,20000,20000,10000,0.36800000071525574,3.851300001144409,5.160699844360352,10000,2.118999999999819,1.9988,1,0.1331,0.044,376832,15,15,1.6393,15952,0,0,25.781299591064453,14.643600463867188,3.997999906539917,2.533400058746338,0.009200000204145908,154.24830627441406,0,0,0,0,0,0,0,0,0,0,0,0,0,58.48916,44.71288
609,207.7362060546875,4.275199890136719,22.354700088500977,5.404799938201904,1.600100040435791,2.8405001163482666,14.501700401306152,0.9828000068664551,10000,10009,20000,10006,20000,20000,10000,0.36149999499320984,3.6475000381469727,4.152599811553955,10000,2.126799999999818,1.7947,1,0.13119999999999998,0.0476,376832,15,15,1.71,520776,0,0,26.764999389648438,14.945699691772461,3.7980000972747803,5.741000175476074,0.4244999885559082,150.31320190429688,0,0,0,0,0,0,0,0,0,0,0,0,0,58.37936,44.69724
610,207.6392059326172,2.664900064468384,21.863100051879883,5.14870023727417,1.7057000398635864,2.256200075149536,14.53320026397705,0.9829000234603882,10000,10009,20000,10006,20000,20000,10000,0.3603000044822693,3.7174999713897705,4.568600177764893,10000,2.1290999999998177,1.353,1,0.131,0.0366,376832,15,15,1.7994,8048,0,0,24.745500564575195,14.56719970703125,3.3296000957489014,3.262700080871582,0.01140000019222498,155.52349853515625,0,0,0,0,0,0,0,0,0,0,0,0,0,58.39992,44.68612
611,207.38589477539062,0.3391999900341034,24.29599952697754,5.445300102233887,2.1981000900268555,2.2846999168395996,15.328499794006348,1.0023000240325928,10000,10009,20000,10006,20000,20000,10000,0.3634999990463257,4.10290002822876,5.553599834442139,10000,2.1542999999998194,1.4566,1,0.1605,0.0826,376832,15,15,2.2665,7712,0,0,24.7716007232666,15.375,3.573899984359741,3.114000082015991,0.017000000923871994,151.5424041748047,0,0,0,0,0,0,0,0,0,0,0,0,0,58.37076,44.65436
612,207.1262969970703,6.778600215911865,22.898300170898438,5.593699932098389,1.687600016593933,2.9381000995635986,14.6048002243042,1.0211000442504883,10000,10009,20000,10006,20000,20000,10000,0.38179999589920044,3.6805999279022217,4.2052998542785645,10000,2.1268999999998184,1.4317,1,0.1311,0.0539,376832,15,15,1.757,584888,0,0,29.81599998474121,15.112299919128418,3.4927000999450684,5.59660005569458,0.48809999227523804,146.93629455566406,0,0,0,0,0,0,0,0,0,0,0,0,0,58.25008,44.5342
613,206.91329956054688,2.3898000717163086,21.96380043029785,5.212299823760986,1.7825000286102295,2.218600034713745,14.529899597167969,0.9955000281333923,10000,10009,20000,10006,20000,20000,10000,0.3675000071525574,3.734499931335449,4.53980016708374,10000,2.1476999999998303,1.7265,1,0.1349,0.0484,376832,15,15,2.0131,8048,0,0,24.556800842285156,14.55780029296875,3.7697999477386475,2.882200002670288,0.009100000374019146,154.64849853515625,0,0,0,0,0,0,0,0,0,0,0,0,0,58.38,44.8774
614,206.75169372558594,0.3483999967575073,22.831600189208984,5.200099945068359,1.9608999490737915,2.1644999980926514,14.639800071716309,0.9850999712944031,10000,10009,20000,10006,20000,20000,10000,0.37049999833106995,3.718899965286255,5.2270002365112305,10000,2.173299999999827,1.4806,1,0.1326,0.0364,376832,15,15,1.7305,7712,0,0,23.31679916381836,14.666899681091309,3.462399959564209,2.8982999324798584,0.009200000204145908,156.2429962158203,0,0,0,0,0,0,0,0,0,0,0,0,0,58.18128,44.59216
615,207.16940307617188,4.0584001541137695,23.667400360107422,5.178800106048584,2.1793999671936035,2.3585000038146973,15.334799766540527,1.30840003490448,10000,10009,20000,10006,20000,20000,10000,0.48919999599456787,3.75219988822937,5.166500091552734,10000,2.176399999999827,2.3662,1,0.1483,0.0709,376832,15,15,2.4608,15952,0,0,27.94230079650879,15.376899719238281,4.423799991607666,3.25570011138916,0.01590000092983246,148.2227020263672,0,0,0,0,0,0,0,0,0,0,0,0,0,58.40172,44.65816
616,206.9571990966797,4.562399864196777,23.394800186157227,5.554200172424316,1.8066999912261963,2.8905999660491943,14.546600341796875,0.9848999977111816,10000,10009,20000,10006,20000,20000,10000,0.36329999566078186,3.6930999755859375,4.638800144195557,10000,2.1372999999998195,1.6414,1,0.13,0.0416,376832,15,15,1.679,617552,0,0,28.0939998626709,15.070199966430664,3.6389000415802,6.1230998039245605,0.5063999891281128,147.92979431152344,0,0,0,0,0,0,0,0,0,0,0,0,0,58.4504,44.68728
617,206.1977996826172,2.447200059890747,21.81839942932129,5.106599807739258,1.7237000465393066,2.2923998832702637,14.464200019836426,0.9699000120162964,10000,10009,20000,10006,20000,20000,10000,0.3668999969959259,3.7523000240325928,4.387400150299072,10000,2.1261999999998205,1.4114,1,0.1305,0.0492,376832,15,15,1.7654,8048,0,0,24.491500854492188,14.494199752807617,3.386399984359741,2.5280001163482666,0.008899999782443047,155.09759521484375,0,0,0,0,0,0,0,0,0,0,0,0,0,58.49608,44.76444
618,206.739501953125,0.45170000195503235,22.740299224853516,5.209499835968018,1.8080999851226807,2.23009991645813,14.55090045928955,0.9786999821662903,10000,10009,20000,10006,20000,20000,10000,0.3513000011444092,3.7509000301361084,5.163099765777588,10000,2.121299999999819,1.4961,1,0.1398,0.0388,376832,15,15,1.7078,7712,0,0,23.412399291992188,14.580599784851074,3.461699962615967,2.565200090408325,0.009399999864399433,156.54490661621094,0,0,0,0,0,0,0,0,0,0,0,0,0,58.46428,44.6146
619,206.67990112304688,3.172600030899048,22.322799682617188,5.184000015258789,1.673200011253357,2.1854000091552734,14.451700210571289,1.0197999477386475,10000,10009,20000,10006,20000,20000,10000,0.3894999921321869,3.722399950027466,5.058199882507324,10000,2.1386999999998193,1.3431,1,0.13090000000000002,0.0434,376832,15,15,1.6735,15952,0,0,25.7091007232666,14.479599952697754,3.3085999488830566,2.6631999015808105,0.008500000461935997,154.4449005126953,0,0,0,0,0,0,0,0,0,0,0,0,0,58.44124,44.72148
620,206.81210327148438,4.399799823760986,22.612899780273438,5.477099895477295,1.594599962234497,2.88070011138916,14.570199966430664,0.9779999852180481,10000,10009,20000,10006,20000,20000,10000,0.4205999970436096,3.6447999477386475,4.1570000648498535,10000,2.1479999999998216,1.3727,1,0.1313,0.0441,376832,15,15,1.7849,581976,0,0,27.24250030517578,15.061800003051758,3.3485000133514404,6.71999979019165,0.47130000591278076,148.22740173339844,0,0,0,0,0,0,0,0,0,0,0,0,0,58.50396,44.6998
621,206.72540283203125,2.2614998817443848,22.27120018005371,5.0945000648498535,1.6229000091552734,2.7730000019073486,14.459099769592285,0.9782999753952026,10000,10009,20000,10006,20000,20000,10000,0.38530001044273376,3.7537999153137207,4.603600025177002,10000,2.1186999999998175,1.3603,1,0.1303,0.0492,376832,15,15,1.7149,8048,0,0,24.816099166870117,14.487099647521973,3.300299882888794,2.6275999546051025,0.009499999694526196,155.37869262695312,0,0,0,0,0,0,0,0,0,0,0,0,0,58.4714,44.6386
622,207.18040466308594,0.48829999566078186,22.89109992980957,5.184700012207031,1.9291000366210938,2.2046000957489014,14.56719970703125,0.9811000227928162,10000,10009,20000,10006,20000,20000,10000,0.39629998803138733,3.7964000701904297,5.181000232696533,10000,2.1215999999998196,1.3374,1,0.13090000000000002,0.0427,376832,15,15,1.6242,7712,0,0,23.596200942993164,14.60949993133545,3.2969000339508057,2.9293999671936035,0.009100000374019146,156.72470092773438,0,0,0,0,0,0,0,0,0,0,0,0,0,58.51,44.65716
623,206.83059692382812,2.938999891281128,23.3705997467041,5.478400230407715,1.8569999933242798,2.4319000244140625,14.863200187683105,1.0224000215530396,10000,10009,20000,10006,20000,20000,10000,0.38420000672340393,3.764400005340576,5.004300117492676,10000,2.139999999999817,1.7183,1,0.15530000000000002,0.07469999999999999,376832,15,15,2.6582,15952,0,0,26.54199981689453,14.89330005645752,3.6933000087738037,2.7757999897003174,0.009200000204145908,151.59320068359375,0,0,0,0,0,0,0,0,0,0,0,0,0,58.56856,44.64336
624,206.44200134277344,4.311500072479248,22.276199340820312,5.439199924468994,1.6055999994277954,2.7948999404907227,14.77929973602295,0.9739000201225281,10000,10009,20000,10006,20000,20000,10000,0.3529999852180481,3.7051000595092773,4.038300037384033,10000,2.127099999999822,1.4834,1,0.1311,0.0476,376832,15,15,1.7502,515080,0,0,26.797399520874023,15.247400283813477,3.485100030899048,5.5954999923706055,0.44850000739097595,149.1049041748047,0,0,0,0,0,0,0,0,0,0,0,0,0,58.40664,44.64144
625,206.78919982910156,2.1905999183654785,21.403799057006836,5.059800148010254,1.5924999713897705,2.211699962615967,14.429400444030762,0.9708999991416931,10000,10009,20000,10006,20000,20000,10000,0.3596000075340271,3.7583000659942627,4.3302998542785645,10000,2.12819999999982,1.3854,1,0.13,0.0493,376832,15,15,1.7113,8048,0,0,23.733699798583984,14.456999778747559,3.3429999351501465,2.595099925994873,0.008700000122189522,156.585205078125,0,0,0,0,0,0,0,0,0,0,0,0,0,58.4722,44.6722
626,206.66799926757812,0.43209999799728394,23.424999237060547,5.27869987487793,1.8624999523162842,2.2218000888824463,14.625,0.979200005531311,10000,10009,20000,10006,20000,20000,10000,0.3828999996185303,3.7421998977661133,5.431399822235107,10000,2.128899999999819,1.4408,1,0.13040000000000002,0.0487,376832,15,15,1.7722,7712,0,0,24.067399978637695,14.65429973602295,3.8466999530792236,2.817199945449829,0.009100000374019146,155.1031036376953,0,0,0,0,0,0,0,0,0,0,0,0,0,58.72392,44.7014
627,207.11709594726562,3.037100076675415,23.964399337768555,5.337800025939941,2.4655001163482666,2.3733999729156494,14.90060043334961,0.9922000169754028,10000,10009,20000,10006,20000,20000,10000,0.40610000491142273,3.989799976348877,5.132199764251709,10000,2.1602999999998214,1.8669,1,0.14559999999999998,0.06490000000000001,376832,15,15,2.0295,15952,0,0,27.141199111938477,14.942700386047363,3.891700029373169,2.9144999980926514,0.01590000092983246,151.50970458984375,0,0,0,0,0,0,0,0,0,0,0,0,0,58.45072,44.59548
628,206.28680419921875,4.520100116729736,23.301300048828125,5.450699806213379,1.6592999696731567,2.878000020980835,14.368499755859375,0.9693999886512756,10000,10009,20000,10006,20000,20000,10000,0.6636000275611877,3.6721999645233154,4.612500190734863,10000,2.1157999999998185,1.4513,1,0.1306,0.055600000000000004,376832,15,15,1.7253,585600,0,0,28.023799896240234,14.8548002243042,3.4040000438690186,5.76039981842041,0.4672999978065491,148.1085968017578,0,0,0,0,0,0,0,0,0,0,0,0,0,58.38268,44.72964
629,206.36669921875,2.2932000160217285,21.403400421142578,5.045100212097168,1.5861999988555908,2.235100030899048,14.404600143432617,0.9785000085830688,10000,10009,20000,10006,20000,20000,10000,0.3492000102996826,3.7046000957489014,4.372300148010254,10000,2.1306999999998184,1.5098,1,0.1301,0.049800000000000004,376832,15,15,1.7553,8048,0,0,23.927200317382812,14.431900024414062,3.476799964904785,2.555999994277954,0.008299999870359898,155.79330444335938,0,0,0,0,0,0,0,0,0,0,0,0,0,58.2996,44.79176
630,206.156005859375,0.4172999858856201,22.890600204467773,5.20389986038208,1.7064000368118286,2.2667999267578125,14.39210033416748,0.9728999733924866,10000,10009,20000,10006,20000,20000,10000,0.39149999618530273,3.7367000579833984,5.2565999031066895,10000,2.1224999999998184,2.4577,1,0.13240000000000002,0.0437,376832,15,15,1.8283,7712,0,0,23.546899795532227,14.420700073242188,4.4629998207092285,3.2523000240325928,0.008799999952316284,154.22129821777344,0,0,0,0,0,0,0,0,0,0,0,0,0,58.25928,44.57252
631,206.2115936279297,3.746500015258789,23.35379981994629,5.214900016784668,1.799399971961975,2.4691998958587646,15.100299835205078,1.010200023651123,10000,10009,20000,10006,20000,20000,10000,0.41350001096725464,3.9842000007629395,5.297999858856201,10000,2.182199999999823,2.2122,1,0.16069999999999998,0.0738,376832,15,15,3.2958,15952,0,0,27.30459976196289,15.142999649047852,4.276000022888184,3.328399896621704,0.015799999237060547,147.29539489746094,0,0,0,0,0,0,0,0,0,0,0,0,0,58.34672,44.64592
632,205.24139404296875,4.373199939727783,22.71540069580078,5.500500202178955,1.6160999536514282,2.895400047302246,14.681500434875488,0.9692999720573425,10000,10009,20000,10006,20000,20000,10000,0.37959998846054077,3.6849000453948975,4.184100151062012,10000,2.136099999999819,1.3651,1,0.1311,0.0461,376832,15,15,1.5395,610480,0,0,27.224599838256836,15.19729995727539,3.3499999046325684,6.646100044250488,0.4961000084877014,146.8701934814453,0,0,0,0,0,0,0,0,0,0,0,0,0,58.31412,44.65592
633,205.57640075683594,2.219899892807007,21.40220069885254,5.053999900817871,1.5817999839782715,2.1596999168395996,14.656200408935547,1.0291999578475952,10000,10009,20000,10006,20000,20000,10000,0.37610000371932983,3.688999891281128,4.3165998458862305,10000,2.1564999999998236,1.4658,1,0.1315,0.046700000000000005,376832,15,15,1.536,8048,0,0,23.76650047302246,14.684000015258789,3.4504001140594482,2.7279000282287598,0.009200000204145908,155.0446014404297,0,0,0,0,0,0,0,0,0,0,0,0,0,58.58444,44.55608
634,205.83639526367188,0.3490000069141388,22.728700637817383,5.252299785614014,1.6877000331878662,2.2739999294281006,14.42959976196289,0.9751999974250793,10000,10009,20000,10006,20000,20000,10000,0.3840999901294708,3.7513999938964844,5.128600120544434,10000,2.1211999999998206,1.3921,1,0.1301,0.0411,376832,15,15,1.7079,7712,0,0,23.270000457763672,14.458399772644043,3.3877999782562256,2.6331000328063965,0.009600000455975533,156.04519653320312,0,0,0,0,0,0,0,0,0,0,0,0,0,58.56692,44.7158
635,206.0823974609375,8.408499717712402,22.89080047607422,5.425899982452393,1.6433000564575195,2.9860999584198,14.468600273132324,0.9860000014305115,10000,10009,20000,10006,20000,20000,10000,0.391400009393692,3.7399001121520996,4.28249979019165,10000,2.1307999999998204,1.9598,1,0.13069999999999998,0.036199999999999996,376832,15,15,1.6604,616560,1,0,31.438199996948242,14.95479965209961,3.9832000732421875,6.026400089263916,0.4666000008583069,143.55189514160156,0,0,0,0,0,0,0,0,0,0,0,0,0,58.505,44.77116
636,206.28070068359375,2.4530999660491943,21.687400817871094,5.202899932861328,1.6269999742507935,2.2300000190734863,14.511799812316895,0.9832000136375427,10000,10009,20000,10006,20000,20000,10000,0.37059998512268066,3.80430006980896,4.377900123596191,10000,2.121799999999817,1.3618,1,0.1306,0.0489,376832,15,15,1.6359,25352,0,0,24.463899612426758,14.540300369262695,3.4019999504089355,2.5292000770568848,0.00860000029206276,155.32130432128906,0,0,0,0,0,0,0,0,0,0,0,0,0,58.51664,44.56116
637,205.74729919433594,0.42010000348091125,23.028400421142578,5.2006001472473145,1.7559000253677368,2.3166000843048096,14.66569995880127,0.9587000012397766,10000,10009,20000,10006,20000,20000,10000,0.4860999882221222,3.8303000926971436,5.256999969482422,10000,2.130099999999817,1.3507,1,0.1309,0.0582,376832,15,15,1.4783,7712,0,0,23.667800903320312,14.696000099182129,3.330199956893921,2.728100061416626,0.009800000116229057,155.41819763183594,0,0,0,0,0,0,0,0,0,0,0,0,0,58.35064,44.8652
638,206.50250244140625,2.5739998817443848,22.706499099731445,5.161200046539307,1.731600046157837,2.467900037765503,14.456299781799316,0.9843999743461609,10000,10009,20000,10006,20000,20000,10000,0.35429999232292175,3.7193000316619873,5.110799789428711,10000,2.1339999999998187,1.5735,1,0.1311,0.044,376832,15,15,2.9605,15952,0,0,25.420799255371094,14.486000061035156,3.5820999145507812,3.0083999633789062,0.009700000286102295,152.6470947265625,0,0,0,0,0,0,0,0,0,0,0,0,0,58.554,44.70568
639,205.8917999267578,4.229100227355957,25.725200653076172,5.440700054168701,1.8716000318527222,3.5559000968933105,15.128000259399414,0.9869999885559082,10000,10009,20000,10006,20000,20000,10000,0.3968999981880188,4.776299953460693,4.987400054931641,10000,2.127999999999819,1.3239,1,0.1316,0.044700000000000004,376832,15,15,2.0642,487768,0,0,30.137300491333008,15.829700469970703,3.3452000617980957,7.746799945831299,0.6665999889373779,142.2823028564453,0,0,0,0,0,0,0,0,0,0,0,0,0,58.48072,44.69296
640,205.88540649414062,2.4807000160217285,22.441099166870117,5.243500232696533,2.2846999168395996,2.2811999320983887,14.586400032043457,0.9807000160217285,10000,10009,20000,10006,20000,20000,10000,0.4275999963283539,3.7367000579833984,4.35099983215332,10000,2.1312999999998223,1.4074,1,0.1377,0.0456,376832,15,15,1.5593,8048,0,0,25.134700775146484,14.615599632263184,3.4100000858306885,2.61299991607666,0.009700000286102295,154.0802001953125,0,0,0,0,0,0,0,0,0,0,0,0,0,58.5754,44.84468
641,205.3997039794922,0.38109999895095825,23.428499221801758,5.195199966430664,2.010200023651123,2.3059000968933105,14.5871000289917,1.0163999795913696,10000,10009,20000,10006,20000,20000,10000,0.3856000006198883,3.8041000366210938,5.523099899291992,10000,2.1191999999998172,2.1522,1,0.1301,0.0484,376832,15,15,1.4705,7712,0,0,24.025400161743164,14.617199897766113,4.146999835968018,2.639699935913086,0.009200000204145908,154.1219024658203,0,0,0,0,0,0,0,0,0,0,0,0,0,58.4122,44.60696
642,206.1656036376953,3.916800022125244,22.677400588989258,5.184599876403809,1.8538999557495117,2.2279999256134033,14.680100440979004,0.9714000225067139,10000,10009,20000,10006,20000,20000,10000,0.4124000072479248,3.739000082015991,5.083899974822998,10000,2.1538999999998225,2.62,1,0.1695,0.046099999999999995,376832,15,15,1.811,15952,0,0,26.815200805664062,14.71310043334961,4.6803998947143555,3.570499897003174,0.010499999858438969,148.82420349121094,0,0,0,0,0,0,0,0,0,0,0,0,0,58.4094,44.63116
643,205.42709350585938,4.13100004196167,22.888500213623047,5.538000106811523,1.6610000133514404,3.1273999214172363,14.511699676513672,0.9753999710083008,10000,10009,20000,10006,20000,20000,10000,0.3714999854564667,3.66129994392395,4.168000221252441,10000,2.1200999999998213,1.3898,1,0.1315,0.045899999999999996,376832,15,15,1.6861,516776,0,0,27.153099060058594,15.013500213623047,3.3478000164031982,5.135799884796143,0.48260000348091125,148.68350219726562,0,0,0,0,0,0,0,0,0,0,0,0,0,58.53216,44.96448
644,205.48849487304688,2.4523000717163086,22.33639907836914,5.214399814605713,1.7412999868392944,2.267400026321411,14.788200378417969,0.9818999767303467,10000,10009,20000,10006,20000,20000,10000,0.38839998841285706,3.8447999954223633,4.679699897766113,10000,2.137199999999823,2.3474,1,0.1321,0.0382,376832,15,15,1.7221,8048,0,0,25.06920051574707,14.821100234985352,4.373600006103516,2.86899995803833,0.00989999994635582,152.16009521484375,0,0,0,0,0,0,0,0,0,0,0,0,0,58.64244,45.36536
645,207.11740112304688,0.40230000019073486,23.901100158691406,5.386199951171875,1.7525999546051025,2.3954999446868896,15.565799713134766,0.963699996471405,10000,10009,20000,10006,20000,20000,10000,0.4431000053882599,4.3225998878479,5.241199970245361,10000,2.1526999999998173,3.5957,1,0.1921,0.1171,376832,15,15,5.6371,7712,0,0,24.500099182128906,15.616999626159668,6.13640022277832,4.989200115203857,0.016899999231100082,142.53280639648438,0,0,0,0,0,0,0,0,0,0,0,0,0,58.62336,45.22068
646,207.08360290527344,7.68310022354126,56.91429901123047,7.841100215911865,4.292399883270264,8.713800430297852,41.4275016784668,2.1991000175476074,10000,10009,20000,10006,20000,20000,10000,1.1485999822616577,15.894000053405762,8.181900024414062,10000,5.738700000000446,6.5577,1,0.2403,0.137,376832,15,15,6.2375,15952,0,0,64.96869659423828,41.52840042114258,9.814800262451172,8.44950008392334,0.026000000536441803,63.226898193359375,0,0,0,0,0,0,0,0,0,0,0,0,0,58.66472,45.04332
647,206.5543975830078,7.204400062561035,31.8799991607666,6.049900054931641,2.571500062942505,5.0690999031066895,15.651900291442871,1.1620999574661255,10000,10009,20000,10006,20000,20000,10000,0.5586000084877014,4.410999774932861,5.646500110626221,10000,2.144399999999819,2.4378,1,0.1506,0.0857,376832,15,15,2.6248,506416,0,0,39.34239959716797,16.555500030517578,4.467299938201904,7.939899921417236,0.8708000183105469,130.88909912109375,0,0,0,0,0,0,0,0,0,0,0,0,0,58.67836,44.9864
648,206.36099243164062,3.049299955368042,25.57360076904297,5.96619987487793,2.526900053024292,2.344599962234497,15.300399780273438,1.0056999921798706,10000,10009,20000,10006,20000,20000,10000,0.38119998574256897,3.9303998947143555,5.543099880218506,10000,2.1525999999998198,1.9921,1,0.16540000000000002,0.10319999999999999,376832,15,15,2.2264,8048,0,0,28.83049964904785,15.350000381469727,4.209700107574463,3.5364999771118164,0.015599999576807022,147.35150146484375,0,0,0,0,0,0,0,0,0,0,0,0,0,58.67628,44.78712
649,206.2471923828125,0.4221000075340271,26.41349983215332,5.592400074005127,2.09060001373291,2.7316999435424805,15.46030044555664,1.0176000595092773,10000,10009,20000,10006,20000,20000,10000,0.38339999318122864,4.3333001136779785,6.016499996185303,10000,2.284199999999833,4.2932,1,0.3074,0.1731,376832,15,15,6.8745,7712,0,0,27.048799514770508,15.509699821472168,7.476399898529053,4.378300189971924,0.015399999916553497,137.59959411621094,0,0,0,0,0,0,0,0,0,0,0,0,0,58.74112,44.9954
650,205.99240112304688,2.790800094604492,26.634899139404297,5.924600124359131,3.401099920272827,2.683500051498413,15.088500022888184,1.0117000341415405,10000,10009,20000,10006,20000,20000,10000,0.37770000100135803,4.1666998863220215,5.560699939727783,10000,2.135499999999825,2.3804,1,0.14300000000000002,0.09860000000000001,376832,15,15,1.5692,15952,0,0,29.667299270629883,15.158599853515625,4.484799861907959,3.5664000511169434,0.023099999874830246,146.906005859375,0,0,0,0,0,0,0,0,0,0,0,0,0,58.37752,45.43236
651,206.58450317382812,4.939700126647949,24.285200119018555,5.5457000732421875,2.408900022506714,2.933199882507324,14.655699729919434,0.9866999983787537,10000,10009,20000,10006,20000,20000,10000,0.40700000524520874,3.7625999450683594,4.752999782562256,10000,2.1385999999998218,1.8561,1,0.13129999999999997,0.0475,376832,15,15,2.1159,531528,0,0,29.42889976501465,15.593500137329102,3.8714001178741455,7.9633002281188965,0.9147999882698059,143.02059936523438,0,0,0,0,0,0,0,0,0,0,0,0,0,100.35932,44.82792
652,206.61129760742188,3.8308000564575195,37.85219955444336,7.147600173950195,2.641200065612793,4.391300201416016,17.048900604248047,1.6705000400543213,10000,10009,20000,10006,20000,20000,10000,0.609000027179718,7.994699954986572,6.699900150299072,10000,2.5258000000000433,9.2454,1,0.40590000000000004,0.26949999999999996,376832,15,15,8.8163,8048,0,0,41.965599060058594,17.10460090637207,16.966899871826172,10.13129997253418,0.01720000058412552,102.56490325927734,0,0,0,0,0,0,0,0,0,0,0,0,0,58.652,44.73364
653,265.53619384765625,0.44179999828338623,24.69569969177246,5.589300155639648,2.599600076675415,2.2744998931884766,14.848699569702148,1.0628999471664429,10000,10009,20000,10006,20000,20000,10000,0.4106999933719635,3.767899990081787,5.44789981842041,10000,2.131599999999818,1.3651,1,0.20390000000000003,0.09839999999999999,376832,15,15,2.5098,7712,0,0,25.34830093383789,14.89169979095459,3.7197999954223633,3.347399950027466,0.013700000010430813,211.08700561523438,0,0,0,0,0,0,0,0,0,0,0,0,0,58.6828,44.64892
654,206.05889892578125,2.690000057220459,23.407800674438477,5.313399791717529,1.8330999612808228,2.3468000888824463,15.283300399780273,1.0032000541687012,10000,10009,20000,10006,20000,20000,10000,0.45089998841285706,4.0578999519348145,5.105299949645996,10000,2.1562999999998205,1.7148,1,0.1714,0.10389999999999999,376832,15,15,2.0407,15952,0,0,26.24410057067871,15.32610034942627,3.8559999465942383,3.2302000522613525,0.014999999664723873,149.87269592285156,0,0,0,0,0,0,0,0,0,0,0,0,0,58.56328,44.83836
655,205.7498016357422,4.2170000076293945,23.101900100708008,5.4720001220703125,1.7454999685287476,2.8589999675750732,14.575400352478027,0.9797999858856201,10000,10009,20000,10006,20000,20000,10000,0.41659998893737793,3.9544999599456787,4.261099815368652,10000,2.1301999999998174,1.4397,1,0.1557,0.045,376832,15,15,1.7719,559936,0,0,27.45949935913086,15.11989974975586,3.4567999839782715,6.917600154876709,0.5246000289916992,146.59910583496094,0,0,0,0,0,0,0,0,0,0,0,0,0,58.53528,44.9018
656,205.889892578125,2.4100000858306885,25.561100006103516,5.712399959564209,1.892199993133545,2.6965999603271484,15.158900260925293,1.0117000341415405,10000,10009,20000,10006,20000,20000,10000,0.3880999982357025,5.127999782562256,4.6774001121521,10000,2.1456999999998185,3.2394,1,0.2162,0.1331,376832,15,15,5.3058,8048,0,0,28.110700607299805,15.207099914550781,5.339099884033203,2.725399971008301,0.014399999752640724,142.39779663085938,0,0,0,0,0,0,0,0,0,0,0,0,0,58.69,45.13696
657,206.24420166015625,0.39570000767707825,24.066099166870117,5.537600040435791,2.1900999546051025,2.4367001056671143,17.02440071105957,1.0815000534057617,10000,10009,20000,10006,20000,20000,10000,0.3776000142097473,3.7223000526428223,5.4182000160217285,10000,2.1838999999998214,3.9061,1,0.2807,0.1976,376832,15,15,5.8642,7712,0,0,24.599700927734375,17.072200775146484,7.893799781799316,6.394999980926514,0.01769999973475933,136.92919921875,0,0,0,0,0,0,0,0,0,0,0,0,0,58.65576,44.77776
658,205.90829467773438,4.275000095367432,29.196500778198242,5.52239990234375,3.3805999755859375,3.135200023651123,15.063300132751465,0.995199978351593,10000,10009,20000,10006,20000,20000,10000,0.44749999046325684,4.77400016784668,7.08650016784668,10000,2.1140999999998162,1.393,1,0.13069999999999998,0.048299999999999996,376832,15,15,1.6093,15952,0,0,33.69129943847656,15.098699569702148,3.3571999073028564,2.960099935531616,0.009399999864399433,144.7646942138672,0,0,0,0,0,0,0,0,0,0,0,0,0,58.49396,45.408
659,206.19830322265625,4.60099983215332,24.685300827026367,5.4934000968933105,1.9837000370025635,3.2448999881744385,16.128299713134766,1.0110000371932983,10000,10009,20000,10006,20000,20000,10000,0.4830000102519989,3.9751999378204346,5.01639986038208,10000,2.1557999999998274,2.4038,1,0.13419999999999999,0.0553,376832,15,15,1.6696,547776,0,0,29.422500610351562,17.00309944152832,4.5131001472473145,7.308800220489502,0.8439000248908997,140.45599365234375,0,0,0,0,0,0,0,0,0,0,0,0,0,58.66248,45.44752
660,206.1768035888672,4.353400230407715,36.4630012512207,6.436999797821045,3.611299991607666,5.188799858093262,16.49679946899414,1.208899974822998,10000,10009,20000,10006,20000,20000,10000,0.7121000289916992,6.491199970245361,7.3632001876831055,10000,2.167099999999827,7.3541,1,0.25210000000000005,0.16349999999999998,376832,15,15,5.0188,8048,0,0,41.045101165771484,16.55299949645996,11.152000427246094,9.492300033569336,0.01640000008046627,116.0822982788086,0,0,0,0,0,0,0,0,0,0,0,0,0,58.48188,45.20284
661,151.97439575195312,0.5238000154495239,40.46910095214844,6.836299896240234,6.010700225830078,4.592299938201904,16.203500747680664,1.2152999639511108,10000,10009,20000,10006,20000,20000,10000,0.6035000085830688,6.649099826812744,8.643899917602539,10000,2.3822000000000023,5.5258,1,0.2525,0.1254,376832,15,15,4.651,7712,0,0,41.22010040283203,16.26959991455078,9.683199882507324,10.584400177001953,0.02070000022649765,61.19940185546875,0,0,0,0,0,0,0,0,0,0,0,0,0,58.82288,45.14656
662,202.15769958496094,6.0100998878479,33.030601501464844,6.2606000900268555,3.5734000205993652,3.79229998588562,15.257100105285645,1.3101999759674072,10000,10009,20000,10006,20000,20000,10000,0.6309000253677368,5.9156999588012695,6.69320011138916,10000,2.1596999999998236,2.8026,1,0.2615,0.18159999999999998,376832,15,15,4.3621,15952,0,0,39.29130172729492,15.309499740600586,4.8460001945495605,4.251999855041504,0.01640000008046627,127.26249694824219,0,0,0,0,0,0,0,0,0,0,0,0,0,58.54196,44.81752
663,205.7498016357422,8.78380012512207,34.337799072265625,6.457200050354004,2.6373000144958496,4.360899925231934,15.981399536132812,1.0906000137329102,10000,10009,20000,10006,20000,20000,10000,0.4925999939441681,4.762700080871582,9.53380012512207,10000,2.1848999999998284,3.4712,1,0.251,0.1542,376832,15,15,3.6207,510304,0,0,43.36140060424805,16.761600494384766,5.6855998039245605,8.940199851989746,0.7408999800682068,120.9312973022461,0,0,0,0,0,0,0,0,0,0,0,0,0,58.54712,45.028
664,205.54319763183594,2.319200038909912,22.672700881958008,5.397799968719482,1.7728999853134155,2.2344000339508057,15.126099586486816,0.98580002784729,10000,10009,20000,10006,20000,20000,10000,0.5602999925613403,4.0096001625061035,4.529699802398682,10000,2.4424999999998516,2.3128,1,0.21750000000000003,0.1376,376832,15,15,3.9239,8048,0,0,25.138099670410156,15.176799774169922,4.38640022277832,3.90339994430542,0.016899999231100082,144.735595703125,0,0,0,0,0,0,0,0,0,0,0,0,0,58.6178,44.95144
665,205.39419555664062,0.44909998774528503,33.45069885253906,6.487800121307373,2.598099946975708,4.519499778747559,17.062000274658203,1.445199966430664,10000,10009,20000,10006,20000,20000,10000,1.0706000328063965,6.4268999099731445,6.119200229644775,10000,2.473199999999888,2.9709,1,0.2108,0.13419999999999999,376832,15,15,3.9857,7712,0,0,34.22600173950195,17.115699768066406,5.731900215148926,3.9326000213623047,0.016899999231100082,133.68919372558594,0,0,0,0,0,0,0,0,0,0,0,0,0,58.64968,44.88676
666,205.57919311523438,3.161799907684326,24.183900833129883,5.538599967956543,2.077899932861328,2.4140000343322754,15.712499618530273,0.963699996471405,10000,10009,20000,10006,20000,20000,10000,0.38199999928474426,4.244200229644775,5.2378997802734375,10000,2.258999999999855,3.3405,1,0.1918,0.1197,376832,15,15,4.6707,15952,0,0,27.56329917907715,15.768899917602539,6.204899787902832,5.421500205993652,0.017799999564886093,138.44859313964844,0,0,0,0,0,0,0,0,0,0,0,0,0,58.50032,44.76888
667,205.64779663085938,5.573800086975098,26.354999542236328,6.240799903869629,2.1944000720977783,3.617300033569336,15.195899963378906,0.9607999920845032,10000,10009,20000,10006,20000,20000,10000,0.36160001158714294,4.303500175476074,4.8755998611450195,10000,2.142899999999823,2.5758,1,0.146,0.0466,376832,15,15,2.0732,615704,0,0,32.14250183105469,15.851200103759766,4.654600143432617,6.662899971008301,0.6335999965667725,139.66250610351562,0,0,0,0,0,0,0,0,0,0,0,0,0,58.62408,44.99688
668,205.15640258789062,2.4003000259399414,22.83139991760254,5.252999782562256,1.8122999668121338,2.417099952697754,14.9931001663208,0.9991000294685364,10000,10009,20000,10006,20000,20000,10000,0.3612000048160553,3.9447999000549316,4.748300075531006,10000,2.2017999999998215,2.3588,1,0.1951,0.1007,376832,15,15,3.2381,8048,0,0,25.37540054321289,15.030599594116211,4.378799915313721,3.3775999546051025,0.00989999994635582,148.82029724121094,0,0,0,0,0,0,0,0,0,0,0,0,0,58.64704,45.31416
669,205.70199584960938,0.49320000410079956,25.856199264526367,5.596099853515625,2.7446999549865723,2.8956000804901123,15.130000114440918,0.9854000210762024,10000,10009,20000,10006,20000,20000,10000,0.36250001192092896,4.110799789428711,5.499100208282471,10000,2.1264999999998166,3.8249,1,0.22590000000000002,0.163,376832,15,15,5.375,7712,0,0,26.599899291992188,15.181099891662598,5.9274001121521,4.484399795532227,0.015699999406933784,142.75709533691406,0,0,0,0,0,0,0,0,0,0,0,0,0,58.45728,45.29584
670,206.24789428710938,4.509799957275391,33.86470031738281,5.7469000816345215,3.587599992752075,3.79830002784729,16.792200088500977,1.1217999458312988,10000,10009,20000,10006,20000,20000,10000,0.44929999113082886,6.036900043487549,7.373300075531006,10000,2.6375000000000317,4.2597,1,0.24789999999999998,0.1822,376832,15,15,5.9513,15952,0,0,38.61479949951172,16.854799270629883,6.820300102233887,4.790500164031982,0.019600000232458115,125.74559783935547,0,0,0,0,0,0,0,0,0,0,0,0,0,58.5706,45.24896
671,205.9167022705078,7.522799968719482,34.71030044555664,5.963600158691406,2.5327000617980957,5.126399993896484,16.110700607299805,1.1571999788284302,10000,10009,20000,10006,20000,20000,10000,0.5051000118255615,6.276599884033203,7.458199977874756,10000,2.3980999999998707,1.8835,1,0.1507,0.07930000000000001,376832,15,15,2.8338,522992,0,0,42.50790023803711,16.880699157714844,4.030900001525879,8.306400299072266,0.734000027179718,124.5885009765625,0,0,0,0,0,0,0,0,0,0,0,0,0,58.6148,44.91528
672,205.10609436035156,3.3821001052856445,25.334199905395508,5.486599922180176,2.257499933242798,2.3122000694274902,17.523300170898438,0.9781000018119812,10000,10009,20000,10006,20000,20000,10000,0.39629998803138733,4.837100028991699,5.598599910736084,10000,2.26929999999986,2.7644,1,0.32909999999999995,0.1343,376832,15,15,4.7438,8048,0,0,29.003799438476562,17.581600189208984,4.994200229644775,3.644399881362915,0.016599999740719795,137.57130432128906,0,0,0,0,0,0,0,0,0,0,0,0,0,58.60704,45.27904
673,205.68319702148438,0.44859999418258667,23.533700942993164,5.309000015258789,2.080899953842163,2.3087000846862793,15.131400108337402,0.9807999730110168,10000,10009,20000,10006,20000,20000,10000,0.35109999775886536,3.8250999450683594,5.231299877166748,10000,2.1935999999998197,2.3771,1,0.1429,0.07089999999999999,376832,15,15,2.5653,7712,0,0,24.20210075378418,15.16189956665039,4.434999942779541,3.210900068283081,0.009700000286102295,151.5261993408203,0,0,0,0,0,0,0,0,0,0,0,0,0,58.56716,45.0164
674,206.09109497070312,4.987500190734863,31.559799194335938,6.076600074768066,2.123199939727783,3.363800048828125,15.442999839782715,1.062000036239624,10000,10009,20000,10006,20000,20000,10000,0.5565999746322632,7.1768999099731445,6.831600189208984,10000,2.1380999999998274,2.3786,1,0.1658,0.2208,376832,15,15,3.5789,15952,0,0,36.771400451660156,15.490599632263184,4.493899822235107,4.2515997886657715,0.0142000000923872,136.26930236816406,0,0,0,0,0,0,0,0,0,0,0,0,0,58.53764,45.44676
675,205.5364990234375,6.478300094604492,26.26110076904297,5.795100212097168,1.7172000408172607,4.4984002113342285,14.946700096130371,1.0865000486373901,10000,10009,20000,10006,20000,20000,10000,0.4650999903678894,4.452300071716309,4.777299880981445,10000,2.1424999999998198,2.264,1,0.1503,0.0777,376832,15,15,2.5479,581800,0,0,32.99689865112305,15.749500274658203,4.280099868774414,7.794000148773193,0.7724999785423279,137.53619384765625,0,0,0,0,0,0,0,0,0,0,0,0,0,58.64604,45.30528
676,206.0236053466797,3.7572999000549316,48.71609878540039,10.139399528503418,5.787700176239014,5.854700088500977,48.06159973144531,1.5683000087738037,10000,10009,20000,10006,20000,20000,10000,0.6186000108718872,11.724800109863281,6.748899936676025,10000,5.550700000000635,4.7223,1,0.26530000000000004,0.1851,376832,15,15,6.1487,8048,0,0,52.72629928588867,48.158199310302734,9.058099746704102,6.755000114440918,0.025100000202655792,68.99690246582031,0,0,0,0,0,0,0,0,0,0,0,0,0,58.53516,45.28708
677,205.28550720214844,0.5407999753952026,37.773101806640625,6.437099933624268,4.909800052642822,4.146500110626221,15.501399993896484,1.1686999797821045,10000,10009,20000,10006,20000,20000,10000,0.48649999499320984,6.435999870300293,8.11520004272461,10000,2.2438999999998264,2.5562,1,0.20529999999999998,0.1507,376832,15,15,3.1873,7712,0,0,38.60240173339844,15.565099716186523,4.671999931335449,3.73580002784729,0.019300000742077827,132.10240173339844,0,0,0,0,0,0,0,0,0,0,0,0,0,58.46836,44.77832
678,205.33689880371094,4.325699806213379,34.674400329589844,5.409599781036377,4.478400230407715,3.57069993019104,15.521699905395508,1.0471999645233154,10000,10009,20000,10006,20000,20000,10000,0.4499000012874603,8.255800247192383,7.308899879455566,10000,2.137599999999817,4.0915,1,0.2014,0.1297,376832,15,15,4.3368,15952,0,0,39.204898834228516,15.57289981842041,6.458499908447266,5.342700004577637,0.01679999940097332,127.67030334472656,0,0,0,0,0,0,0,0,0,0,0,0,0,58.59884,44.73316
679,205.01849365234375,5.24970006942749,23.31170082092285,5.526800155639648,1.718500018119812,2.9623000621795654,14.593799591064453,0.9797000288963318,10000,10009,20000,10006,20000,20000,10000,0.36980000138282776,3.6598000526428223,4.559100151062012,10000,2.1621999999998187,1.4994,1,0.1311,0.0505,376832,15,15,2.5494,520256,0,0,28.791500091552734,15.319199562072754,3.525599956512451,7.527200222015381,0.6988999843597412,142.59849548339844,0,0,0,0,0,0,0,0,0,0,0,0,0,58.48364,45.2378
680,204.7913055419922,3.2446999549865723,22.646400451660156,5.173099994659424,1.767699956893921,2.297300100326538,15.55049991607666,1.024399995803833,10000,10009,20000,10006,20000,20000,10000,0.3418999910354614,4.084400177001953,4.691999912261963,10000,2.1386999999998197,1.8878,1,0.1322,0.0583,376832,15,15,1.9635,8048,0,0,26.13909912109375,15.59280014038086,3.9872000217437744,3.1803998947143555,0.011599999852478504,149.3444061279297,0,0,0,0,0,0,0,0,0,0,0,0,0,58.62076,44.86112
681,205.2418975830078,0.7502999901771545,27.805500030517578,5.672999858856201,2.2002999782562256,2.4001998901367188,15.005599975585938,1.0221999883651733,10000,10009,20000,10006,20000,20000,10000,0.4115999937057495,5.046299934387207,6.96019983291626,10000,2.2535999999998353,2.269,1,0.1431,0.0705,376832,15,15,2.6578,7712,0,0,28.7903995513916,15.0516996383667,4.816299915313721,3.362799882888794,0.014100000262260437,145.8988037109375,0,0,0,0,0,0,0,0,0,0,0,0,0,58.533,45.2974
682,205.35389709472656,2.6572000980377197,23.304500579833984,5.134799957275391,1.8134000301361084,2.1714999675750732,16.12459945678711,0.9740999937057495,10000,10009,20000,10006,20000,20000,10000,0.45890000462532043,4.138599872589111,5.284200191497803,10000,2.131099999999826,2.1708,1,0.15130000000000002,0.07189999999999999,376832,15,15,2.5868,15952,0,0,26.167400360107422,16.174400329589844,4.287499904632568,3.7669999599456787,0.017400000244379044,147.02059936523438,0,0,0,0,0,0,0,0,0,0,0,0,0,58.37972,45.39156
683,210.30760192871094,7.300000190734863,30.163000106811523,5.74399995803833,1.9814000129699707,4.276899814605713,16.742000579833984,1.1272000074386597,10000,10009,20000,10006,20000,20000,10000,0.44780001044273376,4.906700134277344,6.115200042724609,10000,2.7083000000001243,3.5175,1,0.23820000000000002,0.11099999999999999,376832,15,15,3.5725,464592,0,0,37.6879997253418,17.510099411010742,7.142000198364258,9.383299827575684,0.7354999780654907,125.8115005493164,0,0,0,0,0,0,0,0,0,0,0,0,0,58.54888,45.43668
684,202.04159545898438,7.77370023727417,76.2926025390625,22.231000900268555,5.1707000732421875,8.75100040435791,44.032100677490234,4.716100215911865,10000,10009,20000,10006,20000,20000,10000,0.9681000113487244,13.76550006866455,9.793700218200684,10000,6.182400000000317,7.5361,1,0.3444,0.1447,376832,15,15,5.6275,8048,0,0,84.47309875488281,44.13970184326172,17.436199188232422,6.796299934387207,0.02539999969303608,31.20870018005371,0,0,0,0,0,0,0,0,0,0,0,0,0,58.54168,45.36256
685,205.0966033935547,0.7426999807357788,50.490501403808594,9.298199653625488,6.721099853515625,5.763999938964844,34.47520065307617,1.3538000583648682,10000,10009,20000,10006,20000,20000,10000,0.857699990272522,10.306900024414062,8.799200057983398,10000,3.944200000000175,5.2053,1,0.3794,0.1901,376832,15,15,7.0244,7712,0,0,51.55400085449219,34.56520080566406,11.048500061035156,6.792500019073486,0.026399999856948853,82.7114028930664,0,0,0,0,0,0,0,0,0,0,0,0,0,58.62848,45.5044
686,205.82020568847656,4.083600044250488,53.633399963378906,10.818599700927734,5.279699802398682,8.111700057983398,28.79949951171875,1.381600022315979,10000,10009,20000,10006,20000,20000,10000,0.6353999972343445,13.100799560546875,8.80090045928955,10000,3.723200000000182,7.7635,1,0.3436,0.1755,376832,15,15,7.065,15952,0,0,57.93069839477539,28.885799407958984,13.85789966583252,8.395600318908691,0.022700000554323196,79.44650268554688,0,0,0,0,0,0,0,0,0,0,0,0,0,58.54668,45.11716
687,205.79519653320312,7.294400215148926,39.177398681640625,8.019399642944336,4.990699768066406,5.320899963378906,15.619000434875488,1.1735999584197998,10000,10009,20000,10006,20000,20000,10000,0.5376999974250793,5.703400135040283,7.289100170135498,10000,2.339199999999845,2.9966,1,0.3015,0.2682,376832,15,15,4.5456,542872,0,0,46.687400817871094,16.430299758911133,6.038300037384033,9.31659984588623,0.7748000025749207,115.06199645996094,0,0,0,0,0,0,0,0,0,0,0,0,0,58.55592,45.4296
688,205.752197265625,3.8345999717712402,31.166799545288086,10.036100387573242,1.860200047492981,3.654099941253662,23.325300216674805,1.1109000444412231,10000,10009,20000,10006,20000,20000,10000,0.49959999322891235,4.646900177001953,5.090799808502197,10000,2.1752999999998464,4.8252,1,0.24719999999999998,0.17270000000000002,376832,15,15,5.8745,8048,0,0,35.22740173339844,23.386699676513672,7.246300220489502,4.4583001136779785,0.018699999898672104,122.1594009399414,0,0,0,0,0,0,0,0,0,0,0,0,0,58.54292,45.41144
689,205.55859375,0.6606000065803528,55.458900451660156,13.238300323486328,6.414000034332275,6.901100158691406,23.804800033569336,1.686400055885315,10000,10009,20000,10006,20000,20000,10000,0.7656999826431274,9.63290023803711,9.51550006866455,10000,2.7687000000002113,2.0609,1,0.2803,0.11460000000000001,376832,15,15,2.7513,7712,0,0,56.4734992980957,23.87179946899414,4.552000045776367,3.9570000171661377,0.020099999383091927,105.94550323486328,0,0,0,0,0,0,0,0,0,0,0,0,0,58.57392,45.4156
690,206.03579711914062,3.9361000061035156,34.40890121459961,5.975100040435791,2.9602999687194824,4.624499797821045,15.86050033569336,1.1376999616622925,10000,10009,20000,10006,20000,20000,10000,0.46860000491142273,6.749899864196777,7.239200115203857,10000,2.153999999999816,2.9397,1,0.1704,0.0942,376832,15,15,3.866,15952,0,0,38.54209899902344,15.917200088500977,5.0295000076293945,3.4570000171661377,0.01720000058412552,132.10150146484375,0,0,0,0,0,0,0,0,0,0,0,0,0,58.50344,45.34392
691,205.69119262695312,9.875300407409668,53.32590103149414,10.365599632263184,5.93310022354126,7.258399963378906,29.458200454711914,1.5879000425338745,10000,10009,20000,10006,20000,20000,10000,0.830299973487854,11.742199897766113,8.759300231933594,10000,2.6660000000001074,3.8094,1,0.19390000000000002,0.11259999999999999,376832,15,15,3.7114,482232,0,0,63.44729995727539,30.260499954223633,6.286799907684326,9.447600364685059,0.7314000129699707,85.1885986328125,0,0,0,0,0,0,0,0,0,0,0,0,0,58.5724,45.0552
692,205.1649932861328,3.863100051879883,33.57170104980469,6.114699840545654,2.835900068283081,4.422900199890137,15.350899696350098,1.1172000169754028,10000,10009,20000,10006,20000,20000,10000,0.6317999958992004,6.150300025939941,6.7393999099731445,10000,2.1318999999998174,2.3064,1,0.1436,0.0707,376832,15,15,2.5807,8048,0,0,37.645301818847656,15.398699760437012,4.357500076293945,3.515899896621704,0.013799999840557575,137.10910034179688,0,0,0,0,0,0,0,0,0,0,0,0,0,58.55152,45.35116
693,205.40939331054688,0.4571000039577484,28.31439971923828,5.5802998542785645,2.901900053024292,2.3589000701904297,18.534299850463867,1.0139000415802002,10000,10009,20000,10006,20000,20000,10000,0.3310000002384186,4.9421000480651855,6.9492998123168945,10000,2.1714999999998237,2.3119,1,0.1509,0.0739,376832,15,15,2.8946,7712,0,0,28.98259925842285,18.594499588012695,4.355400085449219,3.3833999633789062,0.01640000008046627,142.37510681152344,0,0,0,0,0,0,0,0,0,0,0,0,0,58.60332,45.37512
694,205.66729736328125,7.23799991607666,39.82780075073242,7.577300071716309,2.526900053024292,3.850399971008301,21.593700408935547,2.0023999214172363,10000,10009,20000,10006,20000,20000,10000,0.5748000144958496,7.758500099182129,9.42240047454834,10000,3.6921000000004973,3.785,1,0.16140000000000002,0.09,376832,15,15,5.2696,15952,0,0,47.447601318359375,21.650299072265625,9.331399917602539,7.069499969482422,0.017500000074505806,104.64790344238281,0,0,0,0,0,0,0,0,0,0,0,0,0,58.59476,45.45288
695,205.56640625,8.017999649047852,37.50809860229492,6.286499977111816,2.681999921798706,6.784200191497803,20.734800338745117,1.145300030708313,10000,10009,20000,10006,20000,20000,10000,0.710099995136261,7.172299861907959,7.1305999755859375,10000,5.8855000000003335,3.6586,1,0.3553,0.11249999999999999,376832,15,15,4.6336,551040,0,0,45.83290100097656,21.75819969177246,9.137700080871582,13.428400039672852,0.9760000109672546,97.68890380859375,0,0,0,0,0,0,0,0,0,0,0,0,0,58.52848,45.3292
696,205.710693359375,3.421299934387207,32.232200622558594,6.201499938964844,3.4932000637054443,3.753200054168701,15.480999946594238,1.0887999534606934,10000,10009,20000,10006,20000,20000,10000,0.4374000132083893,5.651700019836426,6.593900203704834,10000,2.155199999999819,2.471,1,0.1568,0.0766,376832,15,15,2.7776,8048,0,0,35.874000549316406,15.53219985961914,4.544300079345703,3.6903998851776123,0.01590000092983246,138.56430053710938,0,0,0,0,0,0,0,0,0,0,0,0,0,58.6246,45.26392
697,205.3076934814453,0.4221999943256378,32.36859893798828,6.232699871063232,2.8238000869750977,3.323199987411499,15.076299667358398,0.9987000226974487,10000,10009,20000,10006,20000,20000,10000,0.42640000581741333,5.9822001457214355,8.141200065612793,10000,2.1218999999998203,1.5561,1,0.13390000000000002,0.0523,376832,15,15,2.8996,7712,0,0,33.00469970703125,15.114700317382812,3.580199956893921,3.402100086212158,0.010099999606609344,142.21139526367188,0,0,0,0,0,0,0,0,0,0,0,0,0,58.5036,45.4122
698,206.76229858398438,4.17110013961792,33.668399810791016,6.2444000244140625,4.013899803161621,3.700900077819824,14.993200302124023,1.1304999589920044,10000,10009,20000,10006,20000,20000,10000,0.5952000021934509,5.886199951171875,7.3607001304626465,10000,2.1299999999998223,2.7825,1,0.1496,0.0823,376832,15,15,2.9215,15952,0,0,38.096500396728516,15.041000366210938,4.872399806976318,3.8066999912261963,0.01489999983459711,136.31289672851562,0,0,0,0,0,0,0,0,0,0,0,0,0,58.56556,45.3916
699,203.98779296875,14.254300117492676,61.90399932861328,15.772000312805176,7.7118000984191895,7.612800121307373,20.895000457763672,2.7767999172210693,10000,10009,20000,10006,20000,20000,10000,1.2339999675750732,7.356599807739258,10.602700233459473,10000,2.736700000000179,2.2972,1,0.2959,0.1218,376832,15,15,3.4644,541832,0,0,76.4352035522461,21.72480010986328,4.711699962615967,8.32759952545166,0.7897999882698059,81.62000274658203,0,0,0,0,0,0,0,0,0,0,0,0,0,58.51052,45.3824
700,206.41990661621094,4.14769983291626,42.41849899291992,7.711100101470947,3.399199962615967,6.4558000564575195,34.218299865722656,1.3395999670028687,10000,10009,20000,10006,20000,20000,10000,0.8493000268936157,8.077699661254883,8.022700309753418,10000,2.7729000000002015,2.4901,1,0.18430000000000002,0.0912,376832,15,15,2.9264,8048,0,0,46.83290100097656,34.28710174560547,5.070499897003174,3.951900005340576,0.01850000023841858,107.29070281982422,0,0,0,0,0,0,0,0,0,0,0,0,0,58.53012,45.37216
701,213.9833984375,1.2092000246047974,116.22840118408203,29.220300674438477,13.91450023651123,10.85260009765625,54.441200256347656,4.737400054931641,10000,10009,20000,10006,20000,20000,10000,1.180299997329712,23.332500457763672,17.625699996948242,10000,6.0498000000003085,6.8855,1,0.3823000000000001,0.214,376832,15,15,5.2497,7712,0,0,117.82460021972656,54.54790115356445,13.047499656677246,9.337499618530273,0.027000000700354576,0.6190999746322632,0,0,0,0,0,0,0,0,0,0,0,0,0,58.537,45.42216
702,196.37710571289062,9.316300392150879,85.4927978515625,19.795299530029297,9.128800392150879,7.371099948883057,42.4989013671875,3.086699962615967,10000,10009,20000,10006,20000,20000,10000,1.3424999713897705,12.213500022888184,20.833799362182617,10000,5.734500000000295,3.8458,1,0.37560000000000004,0.1481,376832,15,15,4.3988,15952,0,0,95.13379669189453,42.596900939941406,9.841699600219727,7.082799911499023,0.025299999862909317,24.33930015563965,0,0,0,0,0,0,0,0,0,0,0,0,0,58.49496,45.35132
703,205.32420349121094,13.75790023803711,49.84489822387695,8.148699760437012,3.9349000453948975,6.501100063323975,20.432100296020508,1.3854999542236328,10000,10009,20000,10006,20000,20000,10000,0.6891000270843506,8.196200370788574,13.327099800109863,10000,2.823800000000242,2.6692,1,0.2505,0.1602,376832,15,15,4.2457,592160,0,0,63.99369812011719,21.33099937438965,5.398200035095215,8.631199836730957,0.8568000197410583,93.47480010986328,0,0,0,0,0,0,0,0,0,0,0,0,0,58.58264,45.4548
704,207.52139282226562,3.5631000995635986,34.17060089111328,6.633299827575684,3.65910005569458,4.187699794769287,23.167400360107422,1.3942999839782715,10000,10009,20000,10006,20000,20000,10000,0.44449999928474426,5.710299968719482,6.571100234985352,10000,2.785900000000189,5.1757,1,0.3008,0.17709999999999998,376832,15,15,5.7287,8048,0,0,37.95949935913086,23.24250030517578,10.473799705505371,6.203700065612793,0.02500000037252903,112.63719940185547,0,0,0,0,0,0,0,0,0,0,0,0,0,58.548,45.32248
705,203.6761932373047,1.3352999687194824,105.87590026855469,25.4685001373291,11.359999656677246,10.771200180053711,42.83039855957031,4.216700077056885,10000,10009,20000,10006,20000,20000,10000,1.2483999729156494,20.88599967956543,18.51219940185547,10000,6.129200000000263,6.7616,1,0.39490000000000003,0.22260000000000002,376832,15,15,9.0877,7712,0,0,107.58619689941406,42.93870162963867,12.92140007019043,9.333000183105469,0.024900000542402267,8.487000465393066,0,0,0,0,0,0,0,0,0,0,0,0,0,58.49588,45.34612
706,205.18820190429688,9.743599891662598,73.89459991455078,14.241600036621094,4.742000102996826,8.649999618530273,42.03160095214844,2.572499990463257,10000,10009,20000,10006,20000,20000,10000,1.1627000570297241,14.446000099182129,17.857999801635742,10000,5.904300000000339,6.9035,1,0.34829999999999994,0.1733,376832,15,15,5.1685,15952,0,0,84.16169738769531,42.11520004272461,13.237299919128418,10.101799964904785,0.025299999862909317,35.94089889526367,0,0,0,0,0,0,0,0,0,0,0,0,0,58.55144,45.36284
707,221.40699768066406,16.12350082397461,93.40579986572266,24.256099700927734,10.53600025177002,11.553999900817871,53.166099548339844,3.2035000324249268,10000,10009,20000,10006,20000,20000,10000,1.315500020980835,16.78219985961914,14.553299903869629,10000,6.542500000000647,8.1605,1,0.4705,0.21939999999999998,376832,15,15,7.5961,489272,0,0,109.93190002441406,54.42689895629883,14.932299613952637,18.3075008392334,1.1713000535964966,0.602400004863739,0,0,0,0,0,0,0,0,0,0,0,0,0,58.5666,45.3916
708,188.7397003173828,5.9994001388549805,84.85929870605469,23.71820068359375,8.69279956817627,9.993900299072266,53.03419876098633,3.0357000827789307,10000,10009,20000,10006,20000,20000,10000,1.2080999612808228,16.262399673461914,11.739800453186035,10000,5.791800000000268,4.3652,1,0.39659999999999995,0.2701,376832,15,15,6.8907,8048,0,0,91.17130279541016,53.14459991455078,9.962800025939941,9.185099601745605,0.031599998474121094,3.3847999572753906,0,0,0,0,0,0,0,0,0,0,0,0,0,58.57,45.289
709,207.9105987548828,1.030400037765503,70.61299896240234,16.32990074157715,5.89900016784668,7.848499774932861,47.42179870605469,2.672800064086914,10000,10009,20000,10006,20000,20000,10000,1.307800054550171,14.552000045776367,12.512399673461914,10000,6.230400000000699,5.9879,1,0.4141,0.2005,376832,15,15,7.3787,7712,0,0,71.96690368652344,47.527400970458984,14.034500122070312,9.444299697875977,0.03290000185370445,43.0172004699707,0,0,0,0,0,0,0,0,0,0,0,0,0,58.65316,45.38384
710,206.75570678710938,9.178899765014648,123.17070007324219,33.644901275634766,13.89430046081543,9.937399864196777,40.150299072265625,4.146999835968018,10000,10009,20000,10006,20000,20000,10000,5.46150016784668,18.258499145507812,18.19099998474121,10000,5.6337000000002915,3.8869,1,0.3597,0.1411,376832,15,15,4.0693,15952,0,0,132.7501983642578,40.251800537109375,9.051199913024902,7.901199817657471,0.026100000366568565,0.5285000205039978,0,0,0,0,0,0,0,0,0,0,0,0,0,58.5836,45.3558
711,200.96910095214844,10.914999961853027,82.04190063476562,20.675899505615234,6.058700084686279,11.372200012207031,50.92729949951172,2.654099941253662,10000,10009,20000,10006,20000,20000,10000,1.2833000421524048,17.521299362182617,13.063799858093262,10000,6.0411000000003305,7.6711,1,0.4715,0.2141,376832,15,15,6.9973,490352,0,0,93.26730346679688,52.04359817504883,14.97249984741211,14.633700370788574,1.0365999937057495,4.847899913787842,0,0,0,0,0,0,0,0,0,0,0,0,0,58.5692,45.3698
712,205.14610290527344,5.5019001960754395,71.38400268554688,18.44379997253418,7.261600017547607,7.146100044250488,42.242801666259766,2.710400104522705,10000,10009,20000,10006,20000,20000,10000,0.9620000123977661,11.610600471496582,14.42590045928955,10000,5.874200000000346,5.6549,1,0.36799999999999994,0.19490000000000002,376832,15,15,6.553,8048,0,0,77.19960021972656,42.33219909667969,11.352700233459473,9.203200340270996,0.024399999529123306,43.84709930419922,0,0,0,0,0,0,0,0,0,0,0,0,0,58.49612,45.36876
713,205.14439392089844,0.7251999974250793,44.74290084838867,7.838500022888184,5.399700164794922,4.9842000007629395,20.178300857543945,1.590399980545044,10000,10009,20000,10006,20000,20000,10000,0.6438999772071838,8.712300300598145,8.864800453186035,10000,2.910100000000144,4.4169,1,0.25329999999999997,0.156,376832,15,15,5.193,7712,0,0,45.75130081176758,20.25040054321289,7.28439998626709,4.830900192260742,0.02539999969303608,113.20559692382812,0,0,0,0,0,0,0,0,0,0,0,0,0,58.56064,45.5014
714,205.2064971923828,4.802700042724609,37.454200744628906,7.045000076293945,3.049499988555908,3.693700075149536,17.22439956665039,1.4141000509262085,10000,10009,20000,10006,20000,20000,10000,0.6565999984741211,7.614500045776367,7.9232001304626465,10000,2.422899999999937,3.3614,1,0.19949999999999998,0.1253,376832,15,15,4.5766,15952,0,0,42.48080062866211,17.28179931640625,5.697299957275391,4.410600185394287,0.017100000753998756,123.6050033569336,0,0,0,0,0,0,0,0,0,0,0,0,0,58.55448,45.36548
715,205.1674041748047,6.898099899291992,37.344200134277344,6.350599765777588,4.026100158691406,4.414999961853027,16.54170036315918,1.1129000186920166,10000,10009,20000,10006,20000,20000,10000,0.43220001459121704,8.350600242614746,7.40939998626709,10000,2.424899999999866,3.7875,1,0.23870000000000002,0.1547,376832,15,15,5.3193,510360,0,0,44.4651985168457,17.292999267578125,5.960599899291992,9.616700172424316,0.7075999975204468,115.30989837646484,0,0,0,0,0,0,0,0,0,0,0,0,0,58.60808,45.42076
716,205.18850708007812,3.7179999351501465,39.709999084472656,7.487299919128418,4.758200168609619,5.75439977645874,16.067899703979492,1.2800999879837036,10000,10009,20000,10006,20000,20000,10000,0.6315000057220459,6.803899765014648,7.092599868774414,10000,2.2014999999998204,3.7806,1,0.24659999999999999,0.1472,376832,15,15,6.4321,8048,0,0,43.64550018310547,16.12689971923828,5.940000057220459,5.615799903869629,0.017400000244379044,121.01589965820312,0,0,0,0,0,0,0,0,0,0,0,0,0,58.62136,45.32852
717,205.0364990234375,0.44510000944137573,34.007198333740234,5.793000221252441,3.079699993133545,4.239299774169922,15.133099555969238,1.1008000373840332,10000,10009,20000,10006,20000,20000,10000,0.48190000653266907,6.354700088500977,7.327499866485596,10000,2.1296999999998167,2.0841,1,0.15009999999999998,0.0932,376832,15,15,2.5737,7712,0,0,34.65879821777344,15.185400009155273,4.360199928283691,3.475100040435791,0.01549999974668026,139.8426971435547,0,0,0,0,0,0,0,0,0,0,0,0,0,58.51012,45.36472
718,265.3847961425781,4.9319000244140625,39.060001373291016,7.232900142669678,4.104100227355957,4.141300201416016,38.188899993896484,1.2063000202178955,10000,10009,20000,10006,20000,20000,10000,0.5016999840736389,8.668899536132812,7.553999900817871,10000,5.4085000000004015,7.5224,1,0.2671,0.1479,376832,15,15,7.0306,15952,0,0,44.20330047607422,38.27370071411133,14.974300384521484,10.468000411987305,0.024399999529123306,135.76109313964844,0,0,0,0,0,0,0,0,0,0,0,0,0,58.5838,45.4078
719,222.88690185546875,13.92490005493164,86.59020233154297,19.099700927734375,9.63290023803711,10.63010025024414,57.03450012207031,3.0129001140594482,10000,10009,20000,10006,20000,20000,10000,1.1577999591827393,17.33810043334961,13.087800025939941,10000,7.747900000000833,10.0475,1,0.5062,0.223,376832,15,15,7.0087,513912,0,0,100.90740203857422,58.1968994140625,18.776100158691406,20.311199188232422,1.0820000171661377,0.5008000135421753,0,0,0,0,0,0,0,0,0,0,0,0,0,58.62616,45.44624
720,187.46299743652344,7.968500137329102,78.52169799804688,21.330799102783203,7.342100143432617,9.504400253295898,42.937801361083984,2.609600067138672,10000,10009,20000,10006,20000,20000,10000,1.1764999628067017,13.241900444030762,14.440699577331543,10000,6.431700000000406,7.6407,1,0.39100000000000007,0.18309999999999998,376832,15,15,7.07,8048,0,0,86.84040069580078,43.028099060058594,15.448599815368652,11.092399597167969,0.02410000003874302,8.868200302124023,0,0,0,0,0,0,0,0,0,0,0,0,0,58.60124,45.34828
