frame,frame_ms,simulation,presentation,behavior,transform_sync,emit,hud,animator,animator_updates,height_samples,terrain_rays,visible,hud_raw,hud_projected,behavior_ticks,minimap_collect,minimap_project,culling,gpu_instances,gpu_build,gpu_draw_cpu,poses,pose_build,upload_ms,upload_bytes,main_draws,shadow_draws,shadow_submit,alloc,gen0,gen1,tick,post,mode3d,overlay,overlay_build,end_draw,nav_target,nav_flow,nav_prep,nav_steering,nav_step,nav_hard,nav_sync,nav_steps,neighbor_candidates,hard_pairs,hard_candidates,hard_penetrating,moved_agents,gpu_main_ms,gpu_shadow_ms
1,1226.99072265625,0.3402000069618225,123.68080139160156,8.990599632263184,1.6060999631881714,3.1140999794006348,0.8131999969482422,0,0,5,0,0,0,0,0,8.19950008392334,9.404399871826172,7.385700225830078,0,0,0,0,0,0,0,0,0,0,164473728,6,6,421.8445129394531,8.000200271606445,18.01569938659668,490.22021484375,3.834199905395508,0.6176000237464905,0,0,0,0,0,0,0,0,0,0,0,0,0,NaN,NaN
2,11.896699905395508,0.01489999983459711,4.690199851989746,0.017999999225139618,0.054999999701976776,0.04859999939799309,0.018699999898672104,0,0,5,0,0,0,0,0,0.15839999914169312,0.07970000058412552,3.4412999153137207,0,0,0,0,0,0,0,0,0,0,12400,0,0,8.33080005645752,1.8619999885559082,0.12720000743865967,0.911300003528595,1.8013999462127686,0.1200999990105629,0,0,0,0,0,0,0,0,0,0,0,0,0,NaN,NaN
3,136.07440185546875,111.74629974365234,7.174699783325195,0.029500000178813934,0.035999998450279236,2.6835999488830566,0.017000000923871994,0,0,5,0,5,0,0,0,0.1551000028848648,0.07999999821186066,3.410799980163574,0,0,0,0,0,0,0,0,0,0,3577160,0,0,119.1166000366211,0.07289999723434448,13.401300430297852,0.39430001378059387,0.02019999921321869,0.12430000305175781,0,0,0,0,0,0,0,0,0,0,0,0,0,NaN,NaN
4,4.253699779510498,2.300299882888794,0.8586999773979187,0.01730000041425228,0.036400001496076584,0.009700000286102295,0.012600000016391277,0,0,5,0,5,0,0,0,0.13830000162124634,0.08110000193119049,0.3073999881744385,0,0,0,0,0,0,0,0,0,0,8480,0,0,3.3547000885009766,0.06509999930858612,0.19200000166893005,0.34700000286102295,0.019999999552965164,0.06880000233650208,0,0,0,0,0,0,0,0,0,0,0,0,0,NaN,NaN
5,7.442500114440918,6.0914998054504395,0.5072000026702881,0.00860000029206276,0.019600000232458115,0.0071000000461936,0.009999999776482582,0,0,5,0,5,0,0,0,0.12800000607967377,0.06310000270605087,0.09889999777078629,0,0,0,0,0,0,0,0,0,0,8280,0,0,6.752399921417236,0.05079999938607216,0.1046999990940094,0.2919999957084656,0.015399999916553497,0.07999999821186066,0,0,0,0,0,0,0,0,0,0,0,0,0,NaN,NaN
6,3272.534912109375,2325.55322265625,943.9307250976562,681.3292236328125,22.255399703979492,43.60490036010742,0.018400000408291817,0,0,10009,0,5,0,0,0,2.942699909210205,5.931700229644775,19.647300720214844,0,0,0,0,0,0,0,0,0,0,2545230776,87,20,3269.610595703125,0.3183000087738037,0.20160000026226044,1.3145999908447266,0.24009999632835388,0.7985000014305115,0,0,0,0,0,0,0,0,0,0,0,0,0,NaN,NaN
7,237.69110107421875,123.43689727783203,66.82389831542969,11.585399627685547,0.9818000197410583,20.224000930786133,0.016899999231100082,0,0,10009,0,10006,0,0,10000,1.541100025177002,5.177000045776367,22.625,0,0,0,0,0,0,0,0,0,0,280415296,14,2,190.6049041748047,0.0949999988079071,33.668701171875,0.5174999833106995,0.03060000017285347,0.15000000596046448,0,0,0,0,0,0,0,0,0,0,0,0,0,NaN,NaN
8,43.96189880371094,3.91129994392395,36.2140007019043,11.029600143432617,1.0235999822616577,5.009500026702881,0.02329999953508377,0,0,10009,0,10006,0,0,10000,1.723099946975708,5.897500038146973,6.653900146484375,0,0,0,0,0,0,0,0,0,0,348496,0,0,40.43659973144531,0.11749999970197678,1.1934000253677368,0.580299973487854,0.03280000016093254,0.14249999821186066,0,0,0,0,0,0,0,0,0,0,0,0,0,NaN,NaN
9,60.90890121459961,20.891599655151367,36.58729934692383,11.18280029296875,1.0521999597549438,4.976600170135498,0.01549999974668026,0,0,10009,0,10006,0,0,10000,1.7026000022888184,6.4654998779296875,6.586999893188477,0,0,0,0,0,0,0,0,0,0,276936,0,0,57.74509811401367,0.1006999984383583,1.1059000492095947,0.5052000284194946,0.0272000003606081,0.10980000346899033,0,0,0,0,0,0,0,0,0,0,0,0,0,NaN,NaN
10,82.93890380859375,18.98710060119629,32.07550048828125,10.256600379943848,0.9394000172615051,4.696100234985352,0.014600000344216824,0,0,10009,0,10006,0,0,10000,0.9675999879837036,4.752099990844727,6.2129998207092285,10000,6.831500000002601,2.4657,1,3.6794000000000002,0.3429,376832,15,15,2.6982,8001224,0,0,51.26850128173828,0.11840000003576279,11.563799858093262,0.5982000231742859,0.02449999935925007,0.1703999936580658,0,0,0,0,0,0,0,0,0,0,0,0,0,59.04388,43.09008
11,94.82740020751953,11.968500137329102,54.02439880371094,17.167499542236328,1.5230000019073486,9.687999725341797,0.0551999993622303,0,0,10009,0,10006,0,0,10000,1.517199993133545,8.251199722290039,9.566200256347656,10000,5.031400000000044,3.5953,1,0.2809,0.1382,376832,15,15,4.4205,8080,0,0,66.29039764404297,0.2542000114917755,9.509599685668945,1.1921000480651855,0.05079999938607216,0.29350000619888306,0,0,0,0,0,0,0,0,0,0,0,0,0,58.9926,45.17556
12,123.17449951171875,37.76319885253906,59.89820098876953,18.075899124145508,2.188699960708618,11.205300331115723,0.023600000888109207,0,0,10009,0,10006,0,0,10000,1.5760999917984009,8.145999908447266,10.501999855041504,10000,3.728100000000219,3.6967,1,0.2518,0.1475,376832,15,15,4.7641,25552920,0,0,98.11979675292969,0.15680000185966492,9.395099639892578,0.8715999722480774,0.04430000111460686,0.21649999916553497,0,0,0,0,0,0,0,0,0,0,0,0,0,58.93324,44.79924
13,87.20960235595703,17.626699447631836,52.34280014038086,16.984100341796875,1.7546000480651855,7.621500015258789,0.01730000041425228,0,0,10009,0,10006,0,0,10000,1.4496999979019165,8.068400382995605,9.639800071716309,10000,3.6505000000003203,2.1017,1,0.2152,0.06659999999999999,376832,15,15,1.9816,14269776,1,1,70.25080108642578,0.1500999927520752,6.003600120544434,1.132200002670288,0.029999999329447746,0.29840001463890076,0,0,0,0,0,0,0,0,0,0,0,0,0,58.80048,44.83896
14,142.3675994873047,56.67789840698242,69.83910369873047,17.732500076293945,2.4865000247955322,7.780600070953369,0.015599999576807022,0,0,10009,0,10006,0,0,10000,1.4045000076293945,8.031900405883789,10.91510009765625,10000,3.566500000000294,1.5569,1,0.23149999999999998,0.0666,376832,15,15,1.9886,12114304,0,0,127.01360321044922,0.10199999809265137,5.232800006866455,0.6711999773979187,0.031199999153614044,0.19619999825954437,0,0,0,0,0,0,0,0,0,0,0,0,0,58.79344,44.0654
15,169.86160278320312,122.77749633789062,36.61479949951172,13.793399810791016,1.0529999732971191,4.3927001953125,0.010599999688565731,0,0,10009,0,10006,0,0,10000,2.252000093460083,2.9375,7.680600166320801,10000,2.133599999999836,1.1816,1,0.11460000000000001,0.0293,376832,15,15,1.0407,31067016,1,1,159.68670654296875,0.06620000302791595,3.9426000118255615,0.5375000238418579,0.015699999406933784,0.1517000049352646,0,0,0,0,0,0,0,0,0,0,0,0,0,58.84072,42.94954
16,72.91819763183594,3.535799980163574,51.35530090332031,23.048799514770508,1.440000057220459,6.496500015258789,0.019500000402331352,0,0,10009,0,10006,0,0,10000,2.218400001525879,4.766600131988525,8.858699798583984,10000,3.4787000000004,2.3229,1,0.20810000000000003,0.06789999999999999,376832,15,15,2.4885,299544,0,0,55.12519836425781,0.1120000034570694,6.29610013961792,1.1051000356674194,0.0215000007301569,0.34610000252723694,0,0,0,0,0,0,0,0,0,0,0,0,0,58.66964,45.40044
17,89.68399810791016,6.728700160980225,62.38010025024414,23.368799209594727,2.1212000846862793,9.375300407409668,0.03689999878406525,0,0,10009,0,10006,0,0,10000,1.8128000497817993,4.615900039672852,14.335399627685547,10000,3.441800000000378,2.9931,1,0.20600000000000002,0.0939,376832,15,15,3.3082,294976,0,0,69.46700286865234,0.17810000479221344,7.51039981842041,1.1022000312805176,0.06300000101327896,0.3237000107765198,0,0,0,0,0,0,0,0,0,0,0,0,0,58.79456,45.21104
18,104.189697265625,8.690600395202637,67.83170318603516,23.29330062866211,2.060800075531006,12.3681001663208,0.023900000378489494,0,0,10009,0,10006,0,0,10000,2.1396000385284424,4.332699775695801,17.19700050354004,10000,5.173300000000084,3.1991,1,0.268,0.1217,376832,15,15,3.6968,277760,0,0,76.8678970336914,0.181099995970726,11.187100410461426,1.0204999446868896,0.04349999874830246,0.2791000008583069,0,0,0,0,0,0,0,0,0,0,0,0,0,58.75076,45.36564
19,92.97219848632812,4.809700012207031,64.66020202636719,23.104400634765625,2.326200008392334,14.555000305175781,0.01810000091791153,0,0,10009,0,10006,0,0,10000,1.8313000202178955,4.517600059509277,12.412400245666504,10000,5.346900000000002,2.3136,1,0.22840000000000002,0.091,376832,15,15,2.6493,210464,0,0,69.83550262451172,0.11969999969005585,9.485699653625488,1.0210000276565552,0.03319999948143959,0.2515999972820282,0,0,0,0,0,0,0,0,0,0,0,0,0,59.03972,45.35908
20,78.39869689941406,11.622400283813477,41.851200103759766,8.424799919128418,2.053999900817871,10.68529987335205,0.027699999511241913,0,0,10009,0,10006,0,0,10000,1.7508000135421753,4.7241997718811035,10.961600303649902,10000,6.2608000000004544,1.9185,1,0.26880000000000004,0.09409999999999999,376832,15,15,2.5532,7776,0,0,53.83530044555664,0.1842000037431717,8.256999969482422,0.9631999731063843,0.057100001722574234,0.28529998660087585,0,0,0,0,0,0,0,0,0,0,0,0,0,58.71972,45.25704
21,88.01509857177734,19.756099700927734,37.69419860839844,5.1066999435424805,1.770400047302246,11.315299987792969,0.024299999698996544,0,0,10009,0,10006,0,0,10000,0.5178999900817871,4.451499938964844,11.288599967956543,10000,5.401399999999989,2.4943,1,0.24830000000000002,0.0863,376832,15,15,2.2777,5558016,0,0,57.79209899902344,0.15610000491142273,7.934500217437744,1.037500023841858,0.04390000179409981,8.500499725341797,0,0,0,0,0,0,0,0,0,0,0,0,0,58.91996,45.40108
22,105.16339874267578,36.73659896850586,29.413000106811523,5.006199836730957,1.6786999702453613,11.053999900817871,0.029100000858306885,0,0,10009,0,10006,0,0,10000,0.5620999932289124,2.4291999340057373,5.334400177001953,10000,6.016200000000442,4.0711,1,0.30820000000000003,0.1513,376832,15,15,4.4711,14243168,0,0,66.5094985961914,0.1979999989271164,11.770700454711914,1.3042999505996704,0.05999999865889549,6.982399940490723,0,0,0,0,0,0,0,0,0,0,0,0,0,58.7678,45.20804
23,105.29679870605469,47.66279983520508,25.743999481201172,5.487599849700928,2.663800001144409,5.668399810791016,0.028599999845027924,0,0,10009,0,10006,0,0,10000,0.5393999814987183,2.4260001182556152,5.325699806213379,10000,6.299700000000592,3.0045,1,0.24869999999999998,0.0988,376832,15,15,2.9114,12070256,0,0,73.76380157470703,0.15520000457763672,8.933899879455566,1.1267999410629272,0.03539999946951866,6.417200088500977,0,0,0,0,0,0,0,0,0,0,0,0,0,58.74336,45.27788
24,182.25860595703125,123.4480972290039,35.9828987121582,5.293399810791016,2.116300106048584,3.339900016784668,0.04280000180006027,0,0,10009,0,10006,0,0,10000,0.5594000220298767,1.9636000394821167,19.927900314331055,10000,1.498999999999863,3.1701,1,0.2963,0.1527,376832,15,15,4.7189,31059696,1,1,159.8697967529297,0.17949999868869781,9.647700309753418,0.9771999716758728,0.03150000050663948,0.3034000098705292,0,0,0,0,0,0,0,0,0,0,0,0,0,58.70568,44.87084
25,38.10319900512695,9.264599800109863,18.27750015258789,4.8993000984191895,1.5888999700546265,2.546600103378296,0.026100000366568565,0,0,10009,0,10006,0,0,10000,0.4537000060081482,1.920300006866455,4.302700042724609,10000,1.470799999999865,1.3645,1,0.1911,0.0781,376832,15,15,1.7239,12424,0,0,27.952600479125977,0.1387999951839447,3.38100004196167,0.6811000108718872,0.03229999914765358,0.2061000019311905,0,0,0,0,0,0,0,0,0,0,0,0,0,58.97948,45.43596
26,100.19059753417969,3.134000062942505,16.878599166870117,4.861999988555908,1.3357000350952148,2.8345000743865967,0.023600000888109207,0,0,10009,0,10006,0,0,10000,0.4009000062942505,1.9157999753952026,3.5787999629974365,10000,1.484599999999865,2.6153,1,0.3908,0.17170000000000002,376832,15,15,2.3314,7712,0,0,20.199199676513672,0.11270000040531158,4.7795000076293945,0.9754999876022339,0.028599999845027924,66.34619903564453,0,0,0,0,0,0,0,0,0,0,0,0,0,58.72912,44.95948
27,98.97019958496094,26.311100006103516,25.93709945678711,6.520500183105469,2.3276000022888184,3.709399938583374,0.02810000069439411,0,0,10009,0,10006,0,0,10000,0.6323999762535095,2.528899908065796,5.59060001373291,10000,1.7772999999998353,3.7806,1,0.29059999999999997,0.1651,376832,15,15,4.5258,7712,0,0,52.737998962402344,0.15049999952316284,11.3056001663208,1.2702000141143799,0.03620000183582306,22.703899383544922,0,0,0,0,0,0,0,0,0,0,0,0,0,59.17584,44.57504
28,745.2529907226562,528.2921752929688,61.35340118408203,19.244300842285156,0.8513000011444092,22.380199432373047,32.434898376464844,0,0,10009,20000,10006,20000,20000,10000,0.3034000098705292,5.894999980926514,2.0139000415802,10000,0.657799999999944,0.7728,1,1.7723,0.041800000000000004,376832,15,15,0.8857,817734296,42,4,589.9896240234375,52.230499267578125,1.784600019454956,96.28359985351562,17.38479995727539,0.31150001287460327,0,0,0,0,0,0,0,0,0,0,0,0,0,58.32968,40.66631
29,130.19610595703125,78.5344009399414,24.835500717163086,2.40939998626709,11.528800010681152,4.939700126647949,13.890800476074219,0,0,10009,20000,10006,20000,20000,10000,0.30489999055862427,2.6733999252319336,1.8633999824523926,10000,0.7155999999999374,0.7077,1,0.0891,0.039400000000000004,376832,15,15,0.8838,26584,0,0,103.80380249023438,15.071100234985352,1.7107000350952148,6.4695000648498535,1.1469000577926636,0.15160000324249268,1.6961,0,14.0159,31.8042,52.8767,0.0007,4.461,1,1065516,0,0,0,9994,58.60668,37.358
30,51.027000427246094,0.34860000014305115,12.285400390625,2.3935000896453857,0.6169999837875366,1.8634999990463257,26.435400009155273,0,0,10009,20000,10006,20000,20000,10000,0.31520000100135803,4.240600109100342,1.7276999950408936,10000,1.4494999999998672,1.3445,1,0.1675,0.0535,376832,15,15,1.4379,7712,0,0,12.772500038146973,26.50469970703125,3.3348000049591064,2.959399938583374,0.02280000038444996,0.23240000009536743,0,0,0,0,0,0,0,0,0,0,0,0,0,59.08704,44.67344
31,64.68599700927734,5.576700210571289,19.958200454711914,4.713600158691406,1.236799955368042,2.5546998977661133,27.265600204467773,0,0,10009,20000,10006,20000,20000,10000,0.421999990940094,5.4664998054504395,3.498199939727783,10000,1.460299999999867,1.3922,1,0.1723,0.0444,376832,15,15,1.4611,1100776,0,0,25.7721004486084,27.434799194335938,3.5039000511169434,2.382499933242798,0.03819999843835831,0.20730000734329224,0,0,0,0,0,0,0,0,0,0,0,0,0,58.55608,44.89484
32,92.07430267333984,8.179499626159668,23.973100662231445,5.5457000732421875,1.3562999963760376,5.186100006103516,27.494800567626953,0,0,10009,20000,10006,20000,20000,10000,0.5321000218391418,5.6427998542785645,3.4581000804901123,10000,1.4564999999998662,2.2185,1,0.1869,0.0843,376832,15,15,2.5788,666792,0,0,32.400699615478516,29.534099578857422,4.309000015258789,12.157899856567383,1.970900058746338,7.042600154876709,0,0,0,0,0,0,0,0,0,0,0,0,0,58.7612,44.71408
33,116.4583969116211,30.517900466918945,37.77909851074219,4.957699775695801,8.736599922180176,10.188899993896484,27.997800827026367,0,0,10009,20000,10006,20000,20000,10000,0.49459999799728394,5.8968000411987305,4.535399913787842,10000,1.457199999999866,1.4288,1,0.173,0.0584,376832,15,15,1.6268,103904,0,0,68.4926986694336,35.282798767089844,3.5315001010894775,3.245699882507324,7.205599784851074,0.21310000121593475,0.0137,0,0.2446,8.5688,21.8951,12.6748,0.6877,1,1063518,61921,10000,6276,9999,58.71624,44.61976
34,94.73709869384766,0.6589000225067139,21.98940086364746,5.023600101470947,1.3871999979019165,2.867000102996826,28.43429946899414,0,0,10009,20000,10006,20000,20000,10000,0.37619999051094055,6.694799900054932,3.6417999267578125,10000,1.4930999999998644,2.3243,1,0.2067,0.0911,376832,15,15,2.8648,7712,0,0,22.85460090637207,28.559499740600586,4.3983001708984375,3.3443000316619873,0.04179999977350235,26.38680076599121,0,0,0,0,0,0,0,0,0,0,0,0,0,58.80964,44.61972
35,105.03209686279297,3.085400104522705,19.988399505615234,4.767000198364258,1.2717000246047974,2.421600103378296,26.645299911499023,0,0,10009,20000,10006,20000,20000,10000,0.40959998965263367,5.505099773406982,3.7528998851776123,10000,1.5165999999998627,2.4256,1,0.1719,0.0533,376832,15,15,2.5677,16072,0,0,23.37420082092285,26.745399475097656,6.075900077819824,3.2156999111175537,0.042100001126527786,38.09450149536133,0,0,0,0,0,0,0,0,0,0,0,0,0,59.01616,44.8314
36,105.74349975585938,4.28879976272583,21.691999435424805,5.438199996948242,1.3528000116348267,3.6828999519348145,22.906700134277344,0,0,10009,20000,10006,20000,20000,10000,0.45329999923706055,5.226600170135498,3.4916000366210938,10000,1.4740999999998654,2.8641,1,0.16519999999999999,0.0554,376832,15,15,1.4341,554288,0,0,26.193599700927734,23.649099349975586,5.018400192260742,13.686100006103516,0.678600013256073,31.780000686645508,0,0,0,0,0,0,0,0,0,0,0,0,0,58.51556,44.55776
37,113.4291000366211,38.85260009765625,35.91350173950195,4.974599838256836,8.328100204467773,8.741900444030762,22.738500595092773,0,0,10009,20000,10006,20000,20000,10000,0.6567999720573425,6.210700035095215,4.651400089263916,10000,1.4639999999998665,2.4761,1,0.18560000000000001,0.0995,376832,15,15,3.0808,148296,0,0,75.00810241699219,23.334199905395508,4.60260009765625,3.115299940109253,0.5299999713897705,0.21330000460147858,0.0377,8.043899536132812,0.2103,15.9039,21.6044,4.698,1.8186,1,1056326,63806,10000,6862,9997,59.03204,44.52076
38,97.07730102539062,1.0750000476837158,19.842100143432617,4.808199882507324,1.357699990272522,2.6944000720977783,21.947599411010742,0,0,10009,20000,10006,20000,20000,10000,0.3968999981880188,5.2418999671936035,3.5471999645233154,10000,1.4647999999998655,2.3428,1,0.18380000000000002,0.0695,376832,15,15,2.4184,7712,0,0,21.08919906616211,22.005800247192383,4.444399833679199,3.3787999153137207,0.021800000220537186,39.799800872802734,0,0,0,0,0,0,0,0,0,0,0,0,0,58.75932,44.48276
39,105.25309753417969,3.315999984741211,23.84589958190918,4.797999858856201,1.3763999938964844,3.8399999141693115,22.06100082397461,0,0,10009,20000,10006,20000,20000,10000,0.4108000099658966,8.002699851989746,3.5759999752044678,10000,1.5221999999998643,2.4661,1,0.1639,0.055400000000000005,376832,15,15,2.2111,16072,0,0,27.467899322509766,22.171600341796875,5.180300235748291,3.2228000164031982,0.037300001829862595,39.241798400878906,0,0,0,0,0,0,0,0,0,0,0,0,0,58.64024,44.4142
40,199.44949340820312,4.500999927520752,81.82720184326172,11.08080005645752,18.430500030517578,18.36359977722168,58.89250183105469,0,0,10009,20000,10006,20000,20000,10000,0.49630001187324524,9.45740032196045,3.6575000286102295,10000,1.5143999999998625,2.2152,1,0.18250000000000002,0.0769,376832,15,15,2.0406,603568,0,0,86.64630126953125,60.09659957885742,21.108400344848633,10.924099922180176,1.006100058555603,0.24199999868869781,0,0,0,0,0,0,0,0,0,0,0,0,0,58.98028,44.22612
41,71.0374984741211,5.774400234222412,30.045400619506836,4.7342000007629395,1.3086999654769897,2.4990999698638916,20.552200317382812,0,0,10009,20000,10006,20000,20000,10000,0.41269999742507935,7.97760009765625,11.179499626159668,10000,1.5629999999998583,2.2189,1,0.19519999999999998,0.079,376832,15,15,2.6924,162528,0,0,36.014198303222656,20.637699127197266,4.205699920654297,3.1747000217437744,0.03420000150799751,0.28949999809265137,0,0,0,0,0,0,0,0,0,0,0,0,0,58.44976,44.44428
42,58.922698974609375,0.9797999858856201,24.970500946044922,4.8094000816345215,1.5579999685287476,2.7221999168395996,20.586599349975586,0,0,10009,20000,10006,20000,20000,10000,0.47510001063346863,8.963299751281738,4.271999835968018,10000,1.5497999999998575,1.5458,1,0.1736,0.0545,376832,15,15,1.7599,7712,0,0,26.21150016784668,20.696300506591797,3.48799991607666,2.4783999919891357,0.04320000112056732,0.21819999814033508,0,0,0,0,0,0,0,0,0,0,0,0,0,58.55824,44.62268
43,91.00199890136719,2.997499942779541,39.145198822021484,4.886099815368652,1.4656000137329102,2.9426000118255615,20.136199951171875,0,0,10009,20000,10006,20000,20000,10000,0.46970000863075256,8.282899856567383,7.037799835205078,10000,1.5431999999998585,2.3374,1,0.2424,0.1365,376832,15,15,3.4317,16072,0,0,42.33570098876953,20.248699188232422,4.370200157165527,3.1914000511169434,0.03750000149011612,12.513899803161621,0,0,0,0,0,0,0,0,0,0,0,0,0,58.82952,44.73356
44,104.9844970703125,5.522200107574463,23.704700469970703,5.313600063323975,1.3526999950408936,3.4535999298095703,17.925800323486328,0,0,10009,20000,10006,20000,20000,10000,0.40059998631477356,7.488999843597412,3.6384999752044678,10000,1.535899999999859,4.0731,1,0.2024,0.10200000000000001,376832,15,15,3.545,523984,0,0,29.501699447631836,19.13789939880371,6.149499893188477,13.287599563598633,1.1461000442504883,28.158700942993164,0,0,0,0,0,0,0,0,0,0,0,0,0,58.426,44.2958
45,105.69969940185547,28.581100463867188,34.40449905395508,5.02269983291626,7.317699909210205,7.063000202178955,17.936500549316406,0,0,10009,20000,10006,20000,20000,10000,0.43639999628067017,7.9918999671936035,4.146100044250488,10000,1.5340999999998595,1.8395,1,0.19190000000000002,0.11099999999999999,376832,15,15,3.0013,8048,0,0,63.16400146484375,18.55030059814453,3.8733999729156494,3.4296000003814697,0.5430999994277954,9.721500396728516,0.014,0,0.2171,23.8346,24.4099,0.0008,0.8589,1,1080980,0,0,0,9997,58.72884,44.24212
46,104.71119689941406,0.5029000043869019,21.799100875854492,4.75600004196167,1.4484000205993652,2.377000093460083,18.819900512695312,0,0,10009,20000,10006,20000,20000,10000,0.4156000018119812,7.2204999923706055,3.7258999347686768,10000,1.646799999999848,4.8594,1,0.2721,0.1627,376832,15,15,5.4441,7712,0,0,22.486799240112305,18.928800582885742,7.868500232696533,4.752099990844727,0.04280000180006027,39.16230010986328,0,0,0,0,0,0,0,0,0,0,0,0,0,58.44796,44.57884
47,104.61599731445312,3.7537999153137207,21.721500396728516,4.755099773406982,1.3344999551773071,2.4326999187469482,17.392799377441406,0,0,10009,20000,10006,20000,20000,10000,0.42320001125335693,7.348100185394287,3.5683999061584473,10000,1.5461999999998592,2.573,1,0.18239999999999998,0.0865,376832,15,15,2.2627,16072,0,0,25.74570083618164,17.493600845336914,4.590700149536133,3.355799913406372,0.0430000014603138,47.071800231933594,0,0,0,0,0,0,0,0,0,0,0,0,0,58.5312,44.42648
48,105.2509994506836,23.112199783325195,36.46739959716797,6.198400020599365,7.985000133514404,9.919300079345703,15.322500228881836,0,0,10009,20000,10006,20000,20000,10000,0.46219998598098755,5.346399784088135,4.0269999504089355,10000,1.5296999999998595,2.324,1,0.1641,0.0663,376832,15,15,2.5807,631432,0,0,59.77000045776367,16.740400314331055,4.542699813842773,11.140299797058105,1.351099967956543,4.6732001304626465,0.0143,0,0.2406,8.9607,14.1166,4.576,0.6935,1,1092652,67356,10000,8634,9999,58.5442,43.93384
49,104.68509674072266,0.5896000266075134,18.680700302124023,4.78879976272583,1.3372999429702759,2.315700054168701,14.331000328063965,0,0,10009,20000,10006,20000,20000,10000,0.43880000710487366,3.577199935913086,4.06279993057251,10000,1.5722999999998577,2.3751,1,0.1604,0.07780000000000001,376832,15,15,1.7893,7712,0,0,19.527799606323242,14.416099548339844,4.356500148773193,3.532599925994873,0.034699998795986176,56.929901123046875,0,0,0,0,0,0,0,0,0,0,0,0,0,58.94444,44.20508
50,104.52909851074219,3.149899959564209,18.873199462890625,5.114200115203857,1.3497999906539917,2.6842000484466553,14.338199615478516,0,0,10009,20000,10006,20000,20000,10000,0.46239998936653137,3.6784000396728516,3.697200059890747,10000,1.5211999999998602,2.4851,1,0.14090000000000003,0.0803,376832,15,15,2.5983,15952,0,0,22.229700088500977,14.403400421142578,4.466400146484375,3.349299907684326,0.023000000044703484,53.61320114135742,0,0,0,0,0,0,0,0,0,0,0,0,0,58.39676,44.10156
51,104.83740234375,4.532800197601318,19.123300552368164,5.209199905395508,1.3151999711990356,3.2084999084472656,14.662599563598633,0,0,10009,20000,10006,20000,20000,10000,0.3889999985694885,3.585900068283081,3.4195001125335693,10000,1.495099999999863,2.3054,1,0.16469999999999999,0.0806,376832,15,15,2.832,539144,0,0,23.92729949951172,15.272000312805176,4.292099952697754,7.155799865722656,0.5586000084877014,47.37480163574219,0,0,0,0,0,0,0,0,0,0,0,0,0,58.7942,43.99872
52,104.24440002441406,28.32819938659668,34.418399810791016,5.4721999168396,8.523200035095215,7.3958001136779785,14.784299850463867,0,0,10009,20000,10006,20000,20000,10000,0.5576000213623047,4.158299922943115,5.197500228881836,10000,1.5177999999998617,2.3608,1,0.1324,0.0519,376832,15,15,1.7284,128168,0,0,62.93090057373047,15.343999862670898,4.348999977111816,3.63070011138916,0.4997999966144562,11.45989990234375,0.0144,9.217399597167969,0.1929,7.6087,11.6943,3.5735,0.5495,1,1125332,69449,10000,9753,9999,59.04012,44.11464
53,104.73739624023438,0.5044999718666077,18.431299209594727,4.8429999351501465,1.514299988746643,2.4835000038146973,14.180100440979004,0,0,10009,20000,10006,20000,20000,10000,0.37310001254081726,3.593899965286255,3.7116000652313232,10000,1.52269999999986,2.1097,1,0.13169999999999998,0.0405,376832,15,15,1.4653,7712,0,0,19.126100540161133,14.243300437927246,4.04580020904541,3.2939999103546143,0.02280000038444996,58.7495002746582,0,0,0,0,0,0,0,0,0,0,0,0,0,58.5554,43.98768
54,105.34600067138672,3.203399896621704,19.168800354003906,4.950500011444092,1.6303999423980713,2.5532000064849854,16.042600631713867,0,0,10009,20000,10006,20000,20000,10000,0.35749998688697815,3.9899001121520996,3.78439998626709,10000,1.5326999999998587,3.4442,1,0.18289999999999998,0.1312,376832,15,15,4.4311,15952,0,0,22.611900329589844,16.155799865722656,6.154900074005127,4.192200183868408,0.041099999099969864,46.7932014465332,0,0,0,0,0,0,0,0,0,0,0,0,0,58.65484,43.86592
55,104.26950073242188,4.48829984664917,19.06559944152832,5.087299823760986,1.3866000175476074,3.165600061416626,14.353099822998047,0,0,10009,20000,10006,20000,20000,10000,0.4016999900341034,3.5597000122070312,3.4590001106262207,10000,1.5234999999998609,2.312,1,0.1413,0.0859,376832,15,15,2.7689,570248,0,0,23.730600357055664,14.937000274658203,4.216800212860107,6.331399917602539,0.54339998960495,48.47129821777344,0,0,0,0,0,0,0,0,0,0,0,0,0,58.609,43.96732
56,104.45670318603516,4.243500232696533,18.336000442504883,4.780399799346924,1.4012999534606934,2.8938000202178955,14.350500106811523,0,0,10009,20000,10006,20000,20000,10000,0.42170000076293945,3.6640000343322754,3.410399913787842,10000,1.5477999999998597,1.3915,1,0.1699,0.1175,376832,15,15,3.6226,114368,0,0,22.7814998626709,14.421899795532227,3.4316999912261963,3.0450000762939453,0.02500000037252903,53.10419845581055,0,0,0,0,0,0,0,0,0,0,0,0,0,58.71388,44.07868
57,104.76529693603516,0.4921000003814697,18.878000259399414,4.934599876403809,1.5475000143051147,2.63919997215271,14.334600448608398,0,0,10009,20000,10006,20000,20000,10000,0.3833000063896179,3.637200117111206,3.7992000579833984,10000,1.5314999999998598,2.5785,1,0.13219999999999998,0.0403,376832,15,15,1.6144,7712,0,0,19.57390022277832,14.406200408935547,4.497600078582764,3.2523000240325928,0.02459999918937683,57.64939880371094,0,0,0,0,0,0,0,0,0,0,0,0,0,58.47528,43.97572
58,104.37190246582031,4.163599967956543,18.975900650024414,4.904699802398682,1.6361000537872314,2.569499969482422,14.52299976348877,0,0,10009,20000,10006,20000,20000,10000,0.36800000071525574,3.7065999507904053,3.815999984741211,10000,1.5111999999998609,2.3922,1,0.14709999999999998,0.08990000000000001,376832,15,15,2.7564,15952,0,0,23.451900482177734,14.600500106811523,4.446800231933594,3.348400115966797,0.02329999953508377,51.83039855957031,0,0,0,0,0,0,0,0,0,0,0,0,0,58.91964,44.51048
59,104.36920166015625,4.9045000076293945,20.375900268554688,5.177499771118164,1.482100009918213,3.8236000537872314,14.456899642944336,0,0,10009,20000,10006,20000,20000,10000,0.4887999892234802,3.6905999183654785,3.644700050354004,10000,1.5294999999998597,1.4677,1,0.18259999999999998,0.0806,376832,15,15,2.7559,574008,0,0,25.496999740600586,15.079899787902832,3.468899965286255,7.141499996185303,0.574999988079071,46.52410125732422,0,0,0,0,0,0,0,0,0,0,0,0,0,59.2046,43.90348
60,105.50260162353516,39.18149948120117,29.00320053100586,4.984799861907959,7.15749979019165,6.061200141906738,14.480999946594238,0,0,10009,20000,10006,20000,20000,10000,0.4097999930381775,3.714600086212158,4.32480001449585,10000,1.530399999999859,1.361,1,0.14679999999999999,0.0848,376832,15,15,2.709,8048,0,0,68.4259033203125,15.106599807739258,3.239300012588501,4.3171000480651855,0.5727999806404114,7.656499862670898,0.0144,0,0.1884,34.3019,34.882,0.0006,0.7869,1,1150076,0,0,0,9995,58.98776,43.70332
61,105.20670318603516,0.47839999198913574,18.468700408935547,4.925600051879883,1.3657000064849854,2.5367000102996826,14.355199813842773,0,0,10009,20000,10006,20000,20000,10000,0.40450000762939453,3.7643001079559326,3.6224000453948975,10000,1.5479999999998595,1.4235,1,0.131,0.0379,376832,15,15,1.6568,7712,0,0,19.13319969177246,14.423999786376953,3.3313000202178955,3.906100034713745,0.024700000882148743,58.99399948120117,0,0,0,0,0,0,0,0,0,0,0,0,0,59.0882,43.78692
62,104.33380126953125,2.746999979019165,18.779300689697266,4.94980001449585,1.496999979019165,2.4493000507354736,14.201899528503418,0,0,10009,20000,10006,20000,20000,10000,0.4050999879837036,3.6092000007629395,3.852299928665161,10000,1.5226999999998612,2.551,1,0.13240000000000002,0.0482,376832,15,15,1.6431,15952,0,0,21.7637996673584,14.265000343322754,4.4868998527526855,3.376300096511841,0.023099999874830246,55.058101654052734,0,0,0,0,0,0,0,0,0,0,0,0,0,58.73232,43.84244
63,104.63569641113281,4.298600196838379,18.987699508666992,4.989500045776367,1.3722000122070312,3.0457000732421875,14.245200157165527,0,0,10009,20000,10006,20000,20000,10000,0.41769999265670776,3.565000057220459,3.605299949645996,10000,1.479499999999865,1.3579,1,0.1304,0.0489,376832,15,15,1.6096,503296,0,0,23.455799102783203,14.752900123596191,3.2276999950408936,6.078999996185303,0.46860000491142273,51.84349822998047,0,0,0,0,0,0,0,0,0,0,0,0,0,59.05636,43.6896
64,104.69380187988281,26.46649932861328,28.3125,4.980400085449219,6.912399768829346,5.918600082397461,14.567999839782715,0,0,10009,20000,10006,20000,20000,10000,0.4593000113964081,3.6512999534606934,4.06790018081665,10000,1.500999999999863,2.3304,1,0.1333,0.0509,376832,15,15,2.3828,120728,0,0,54.95920181274414,15.121000289916992,4.334199905395508,7.78849983215332,0.49959999322891235,15.964699745178223,0.0144,8.900199890136719,0.1893,7.6801,12.128,3.9564,0.5558,1,1188398,78041,10000,12026,9996,58.59148,43.72588
65,104.42179870605469,0.713100016117096,18.298599243164062,4.835100173950195,1.4300999641418457,2.446000099182129,14.24940013885498,0,0,10009,20000,10006,20000,20000,10000,0.36660000681877136,3.5641000270843506,3.7379000186920166,10000,1.508599999999862,2.2206,1,0.1334,0.0453,376832,15,15,1.5969,7712,0,0,19.206499099731445,14.310099601745605,4.130099773406982,3.329699993133545,0.02199999988079071,58.11629867553711,0,0,0,0,0,0,0,0,0,0,0,0,0,58.60608,43.75844
66,104.54650115966797,2.96560001373291,18.580299377441406,4.867000102996826,1.4524999856948853,2.466399908065796,14.61970043182373,0,0,10009,20000,10006,20000,20000,10000,0.4189000129699707,3.736999988555908,3.7537999153137207,10000,1.5355999999998595,2.3116,1,0.1556,0.0791,376832,15,15,2.7445,15952,0,0,21.74970054626465,14.730799674987793,4.330900192260742,3.0713999271392822,0.02630000002682209,53.611698150634766,0,0,0,0,0,0,0,0,0,0,0,0,0,58.57212,43.7998
67,104.18070220947266,4.51230001449585,21.283300399780273,5.382599830627441,1.7216999530792236,3.356300115585327,14.67080020904541,0,0,10009,20000,10006,20000,20000,10000,0.4526999890804291,4.346399784088135,3.6816000938415527,10000,1.5365999999998585,2.2959,1,0.14629999999999999,0.0829,376832,15,15,2.5566,520664,0,0,25.98539924621582,15.514100074768066,4.2779998779296875,8.452799797058105,0.7746999859809875,43.32809829711914,0,0,0,0,0,0,0,0,0,0,0,0,0,58.37088,43.71668
68,104.98509979248047,43.401798248291016,31.30699920654297,5.1809000968933105,7.712500095367432,7.137400150299072,14.605400085449219,0,0,10009,20000,10006,20000,20000,10000,0.5231999754905701,4.083600044250488,4.496300220489502,10000,1.5246999999998598,2.4475,1,0.13440000000000002,0.0535,376832,15,15,2.1535,99560,0,0,74.94120025634766,15.18239974975586,4.410600185394287,4.053599834442139,0.5059999823570251,0.310699999332428,0.0138,9.291899681091309,0.1838,7.6501,12.4416,4.3068,0.6619,1,1233344,82577,10000,13653,9999,58.20804,43.20864
69,103.21399688720703,0.5188000202178955,19.552099227905273,4.8856000900268555,1.4687000513076782,2.423099994659424,15.133299827575684,0,0,10009,20000,10006,20000,20000,10000,0.39660000801086426,3.680299997329712,4.232800006866455,10000,1.5700999999998588,3.5134,1,0.2107,0.13340000000000002,376832,15,15,5.2951,7712,0,0,20.471099853515625,15.384099960327148,6.157400131225586,3.981100082397461,0.0820000022649765,45.547401428222656,0,0,0,0,0,0,0,0,0,0,0,0,0,58.7056,43.14272
70,103.10269927978516,3.0539000034332275,18.816099166870117,4.780900001525879,1.5827000141143799,2.524199962615967,14.231100082397461,0,0,10009,20000,10006,20000,20000,10000,0.499099999666214,3.749500036239624,3.800100088119507,10000,1.4705999999998656,1.3523,1,0.13149999999999998,0.041,376832,15,15,1.5473,15952,0,0,22.060300827026367,14.291099548339844,3.2235000133514404,2.5064001083374023,0.021400000900030136,55.89030075073242,0,0,0,0,0,0,0,0,0,0,0,0,0,58.66236,43.44708
71,103.81620025634766,20.383899688720703,20.005399703979492,5.220200061798096,1.6691999435424805,3.253200054168701,14.335599899291992,0,0,10009,20000,10006,20000,20000,10000,0.4555000066757202,3.503700017929077,3.7685000896453857,10000,1.5525999999998592,2.6621,1,0.1496,0.0938,376832,15,15,2.7896,617824,1,1,40.56760025024414,14.925200462341309,4.650400161743164,6.979000091552734,0.5534999966621399,29.91069984436035,0,0,0,0,0,0,0,0,0,0,0,0,0,58.36704,43.3492
72,103.97039794921875,4.782800197601318,18.44569969177246,5.223199844360352,1.447700023651123,2.4567999839782715,14.577899932861328,0,0,10009,20000,10006,20000,20000,10000,0.3709999918937683,3.676300048828125,3.3912999629974365,10000,1.5234999999998606,2.1536,1,0.18449999999999997,0.0874,376832,15,15,3.4922,101496,0,0,23.45989990234375,14.652899742126465,4.3069000244140625,3.122299909591675,0.023900000378489494,49.035701751708984,0,0,0,0,0,0,0,0,0,0,0,0,0,58.60056,43.42388
73,103.87010192871094,0.45350000262260437,18.406600952148438,4.807600021362305,1.461899995803833,2.3787999153137207,14.368599891662598,0,0,10009,20000,10006,20000,20000,10000,0.3993000090122223,3.6582999229431152,3.8945999145507812,10000,1.5335999999998602,2.3028,1,0.1304,0.050100000000000006,376832,15,15,1.7757,7712,0,0,19.002700805664062,14.44909954071045,4.2515997886657715,3.0566000938415527,0.03620000183582306,57.348899841308594,0,0,0,0,0,0,0,0,0,0,0,0,0,58.72936,43.7948
74,103.71050262451172,6.309700012207031,19.25429916381836,5.0802001953125,1.4190000295639038,3.077500104904175,14.538800239562988,0,0,10009,20000,10006,20000,20000,10000,0.40130001306533813,3.809299945831299,3.559499979019165,10000,1.5222999999998603,2.3523,1,0.1449,0.06309999999999999,376832,15,15,2.8335,554856,0,0,25.715200424194336,15.365599632263184,4.333899974822998,7.492499828338623,0.7735000252723694,44.027801513671875,0,0,0,0,0,0,0,0,0,0,0,0,0,59.00316,43.42168
75,104.42009735107422,13.892600059509277,30.754100799560547,5.598999977111816,6.444300174713135,7.605800151824951,14.853699684143066,0,0,10009,20000,10006,20000,20000,10000,0.4440999925136566,4.993199825286865,3.900399923324585,10000,1.533599999999861,2.2638,1,0.1568,0.091,376832,15,15,2.8856,8048,0,0,44.79800033569336,15.33329963684082,4.228000164031982,3.770400047302246,0.4142000079154968,29.447599411010742,0.0156,0,0.193,8.934,9.4394,0.0005,1.5797,1,1283696,0,0,0,9995,58.69956,43.02996
76,104.58899688720703,0.4399999976158142,18.317899703979492,5.131400108337402,1.277400016784668,2.3176000118255615,14.298500061035156,0,0,10009,20000,10006,20000,20000,10000,0.4415999948978424,3.618499994277954,3.864799976348877,10000,1.5294999999998593,2.3237,1,0.14340000000000003,0.0745,376832,15,15,2.5663,7712,0,0,18.90220069885254,14.381999969482422,4.2519001960754395,3.023699998855591,0.033399999141693115,57.63479995727539,0,0,0,0,0,0,0,0,0,0,0,0,0,58.41156,43.1682
77,103.45570373535156,2.888000011444092,18.29360008239746,5.052999973297119,1.308500051498413,2.397700071334839,14.385199546813965,0,0,10009,20000,10006,20000,20000,10000,0.44350001215934753,3.550299882888794,3.8819000720977783,10000,2.162399999999822,2.3476,1,0.15440000000000004,0.10039999999999999,376832,15,15,2.9023,16072,0,0,21.325300216674805,14.429699897766113,4.346700191497803,3.2641000747680664,0.016899999231100082,51.957298278808594,0,0,0,0,0,0,0,0,0,0,0,0,0,58.75264,43.43164
78,103.75540161132812,4.104300022125244,19.40570068359375,5.52239990234375,1.282099962234497,3.1823999881744385,14.351400375366211,0,0,10009,20000,10006,20000,20000,10000,0.4090000092983246,3.499799966812134,3.6317999362945557,10000,2.1369999999998193,2.0106,1,0.1437,0.065,376832,15,15,3.1315,556312,0,0,23.648300170898438,14.84529972076416,4.088399887084961,7.683700084686279,0.47369998693466187,45.186500549316406,0,0,0,0,0,0,0,0,0,0,0,0,0,59.09604,43.20636
79,104.01090240478516,20.828100204467773,30.2947998046875,5.34689998626709,8.139800071716309,6.799900054931641,14.614899635314941,0,0,10009,20000,10006,20000,20000,10000,0.40549999475479126,3.9117000102996826,3.7708001136779785,10000,2.149099999999823,2.367,1,0.1461,0.0811,376832,15,15,2.6279,58976,0,0,51.26179885864258,15.56659984588623,4.3165998458862305,3.973299980163574,0.9196000099182129,21.574499130249023,0.0158,0,0.1914,9.3206,14.8191,5.0101,0.6164,1,1336698,97143,10000,17212,9999,58.32076,42.70856
80,104.29319763183594,0.5097000002861023,20.51059913635254,5.172900199890137,1.5745999813079834,2.6651999950408936,14.588299751281738,0,0,10009,20000,10006,20000,20000,10000,0.328900009393692,3.8506999015808105,4.614500045776367,10000,2.191599999999827,1.8834,1,0.1485,0.0786,376832,15,15,2.2008,7712,0,0,21.219999313354492,14.619099617004395,3.8752999305725098,3.205899953842163,0.010300000198185444,54.471099853515625,0,0,0,0,0,0,0,0,0,0,0,0,0,58.67776,42.46672
81,102.76899719238281,2.897700071334839,19.568899154663086,5.343299865722656,1.9330999851226807,2.3362998962402344,14.63029956817627,0,0,10009,20000,10006,20000,20000,10000,0.390500009059906,3.5541999340057373,4.209799766540527,10000,2.1326999999998195,2.3224,1,0.14800000000000002,0.07769999999999999,376832,15,15,2.9763,15952,0,0,22.687999725341797,14.685099601745605,4.326300144195557,3.186199903488159,0.010400000028312206,50.27119827270508,0,0,0,0,0,0,0,0,0,0,0,0,0,58.4364,42.49868
82,103.09030151367188,2.8492000102996826,18.2637996673584,5.089700222015381,1.3394999504089355,2.3729000091552734,14.337900161743164,0,0,10009,20000,10006,20000,20000,10000,0.38440001010894775,3.552500009536743,3.808000087738037,10000,2.1395999999998208,2.3542,1,0.1429,0.061900000000000004,376832,15,15,2.8408,7712,0,0,21.253700256347656,14.3681001663208,4.326000213623047,3.305299997329712,0.010400000028312206,52.402400970458984,0,0,0,0,0,0,0,0,0,0,0,0,0,58.53344,42.72688
83,102.84600067138672,4.2916998863220215,19.473800659179688,5.468900203704834,1.361199975013733,3.1084001064300537,14.537300109863281,0,0,10009,20000,10006,20000,20000,10000,0.36649999022483826,3.5058000087738037,3.7107999324798584,10000,2.154399999999825,2.3848,1,0.14950000000000002,0.0793,376832,15,15,1.7517,537752,0,0,23.903799057006836,15.0201997756958,4.373899936676025,6.071100234985352,0.4641999900341034,47.143001556396484,0,0,0,0,0,0,0,0,0,0,0,0,0,58.70924,42.40316
84,103.05670166015625,32.87089920043945,30.454299926757812,5.378900051116943,7.070799827575684,7.2144999504089355,14.533599853515625,0,0,10009,20000,10006,20000,20000,10000,0.384799987077713,4.884200096130371,3.673099994659424,10000,2.1388999999998197,2.2249,1,0.133,0.048299999999999996,376832,15,15,1.6459,56208,0,0,63.46390151977539,15.012499809265137,4.194300174713135,3.1092000007629395,0.45249998569488525,11.127400398254395,0.0159,10.889100074768066,0.1871,10.4182,16.351,5.4297,0.645,1,1404974,104790,10000,19233,9998,58.71024,42.0042
85,103.02369689941406,0.44290000200271606,18.238399505615234,5.167399883270264,1.3061000108718872,2.2360000610351562,14.468299865722656,0,0,10009,20000,10006,20000,20000,10000,0.3747999966144562,3.5439999103546143,3.894200086593628,10000,2.155299999999822,2.4136,1,0.1336,0.047200000000000006,376832,15,15,1.4067,7712,0,0,18.817699432373047,14.50100040435791,4.377900123596191,3.220400094985962,0.010400000028312206,56.265899658203125,0,0,0,0,0,0,0,0,0,0,0,0,0,58.55232,42.2066
86,102.63610076904297,2.749300003051758,18.181499481201172,5.151000022888184,1.3485000133514404,2.2665998935699463,14.322999954223633,0,0,10009,20000,10006,20000,20000,10000,0.39070001244544983,3.5615999698638916,3.816999912261963,10000,2.1209999999998197,2.2606,1,0.14200000000000002,0.0696,376832,15,15,2.7929,15952,0,0,21.069299697875977,14.356499671936035,4.242499828338623,2.9484000205993652,0.012199999764561653,52.68339920043945,0,0,0,0,0,0,0,0,0,0,0,0,0,58.37988,42.07416
87,102.57659912109375,4.259300231933594,19.8523006439209,5.537600040435791,1.378600001335144,3.1953001022338867,14.615799903869629,0,0,10009,20000,10006,20000,20000,10000,0.38909998536109924,3.588099956512451,3.8315999507904053,10000,2.1691999999998233,2.2914,1,0.14089999999999997,0.0631,376832,15,15,2.8671,530120,0,0,24.250099182128906,15.378800392150879,4.258200168609619,7.5782999992370605,0.7391999959945679,43.58380126953125,0,0,0,0,0,0,0,0,0,0,0,0,0,58.47576,42.04376
88,102.56880187988281,4.594099998474121,17.860300064086914,5.143700122833252,1.3473000526428223,2.3777999877929688,14.387299537658691,0,0,10009,20000,10006,20000,20000,10000,0.38109999895095825,3.549299955368042,3.4291999340057373,10000,2.1263999999998187,1.6769,1,0.1523,0.0843,376832,15,15,2.9425,54584,0,0,22.596099853515625,14.419599533081055,3.6245999336242676,2.950700044631958,0.010400000028312206,51.402801513671875,0,0,0,0,0,0,0,0,0,0,0,0,0,58.6416,42.14656
89,102.25849914550781,0.4611000120639801,18.650400161743164,5.264699935913086,1.3841999769210815,2.3410000801086426,14.381600379943848,0,0,10009,20000,10006,20000,20000,10000,0.35910001397132874,3.526400089263916,4.022799968719482,10000,2.1407999999998224,2.2677,1,0.14529999999999998,0.0735,376832,15,15,2.5313,7712,0,0,19.250600814819336,14.450699806213379,4.4293999671936035,3.164799928665161,0.044599998742341995,53.924800872802734,0,0,0,0,0,0,0,0,0,0,0,0,0,58.48124,42.31812
90,102.8124008178711,2.783799886703491,18.328100204467773,5.11460018157959,1.3538999557495117,2.221400022506714,14.245100021362305,0,0,10009,20000,10006,20000,20000,10000,0.3813999891281128,3.7523999214172363,3.7857000827789307,10000,2.145999999999822,1.7108,1,0.1436,0.0738,376832,15,15,2.7488,15952,0,0,21.251399993896484,14.272700309753418,3.683199882507324,2.639400005340576,0.009399999864399433,53.674598693847656,0,0,0,0,0,0,0,0,0,0,0,0,0,58.6068,42.15436
91,102.57360076904297,18.05109977722168,30.95639991760254,5.454400062561035,7.496399879455566,7.709799766540527,14.575900077819824,0,0,10009,20000,10006,20000,20000,10000,0.4244999885559082,3.65310001373291,3.8368000984191895,10000,2.139499999999823,2.3241,1,0.13319999999999999,0.038,376832,15,15,2.2698,546104,0,0,49.1338996887207,15.349499702453613,4.3105998039245605,6.561100006103516,0.7472000122070312,20.41629981994629,0.0151,0,0.1952,10.3118,10.8348,0.0006,0.4889,1,1468136,0,0,0,9995,58.89568,42.05124
92,102.66329956054688,0.44609999656677246,18.56920051574707,5.082099914550781,1.36899995803833,2.4863998889923096,14.451399803161621,0,0,10009,20000,10006,20000,20000,10000,0.39410001039505005,3.602099895477295,3.9326999187469482,10000,2.15049999999982,2.3458,1,0.17419999999999997,0.076,376832,15,15,2.5929,7712,0,0,19.16990089416504,14.492300033569336,4.363900184631348,3.5550999641418457,0.01590000092983246,53.771400451660156,0,0,0,0,0,0,0,0,0,0,0,0,0,58.60944,41.82596
93,102.80490112304688,2.7135000228881836,18.902999877929688,5.097599983215332,1.434399962425232,2.36929988861084,14.329000473022461,0,0,10009,20000,10006,20000,20000,10000,0.4142000079154968,3.5457000732421875,4.241399765014648,10000,2.216299999999826,1.3265,1,0.14429999999999998,0.0743,376832,15,15,2.8138,15952,0,0,21.75670051574707,14.357999801635742,3.3236000537872314,3.1863999366760254,0.009600000455975533,52.764400482177734,0,0,0,0,0,0,0,0,0,0,0,0,0,59.04244,42.21148
94,102.46710205078125,4.271999835968018,19.60110092163086,5.557400226593018,1.510200023651123,3.0566000938415527,14.375399589538574,0,0,10009,20000,10006,20000,20000,10000,0.3801000118255615,3.509700059890747,3.657099962234497,10000,2.1505999999998227,1.9658,1,0.1462,0.1017,376832,15,15,1.585,515872,0,0,24.011199951171875,15.063599586486816,3.907399892807007,6.064599990844727,0.6671000123023987,47.28089904785156,0,0,0,0,0,0,0,0,0,0,0,0,0,58.37316,41.96416
95,102.95210266113281,21.314699172973633,29.105499267578125,5.131100177764893,7.186500072479248,7.246399879455566,14.570799827575684,0,0,10009,20000,10006,20000,20000,10000,0.39750000834465027,3.538599967956543,3.724900007247925,10000,2.141899999999819,2.3814,1,0.145,0.07100000000000001,376832,15,15,2.5356,66176,0,0,50.640201568603516,15.07390022277832,4.452600002288818,3.800100088119507,0.47850000858306885,21.738300323486328,0.0153,0,0.1996,9.6207,16.3735,6.259,0.4663,1,1548328,126396,10000,24768,9998,58.24684,41.27012
96,102.46869659423828,0.4537999927997589,19.86949920654297,5.597099781036377,1.4484000205993652,2.8340001106262207,14.410300254821777,0,0,10009,20000,10006,20000,20000,10000,0.3736000061035156,3.771699905395508,4.099299907684326,10000,2.1292999999998172,2.2731,1,0.13180000000000003,0.048799999999999996,376832,15,15,1.8263,7712,0,0,20.460399627685547,14.440299987792969,4.2600998878479,3.1052000522613525,0.009700000286102295,53.91419982910156,0,0,0,0,0,0,0,0,0,0,0,0,0,58.44004,41.29768
97,101.50910186767578,2.994800090789795,18.23040008544922,5.1381001472473145,1.3732999563217163,2.291599988937378,14.250300407409668,0,0,10009,20000,10006,20000,20000,10000,0.39340001344680786,3.5422000885009766,3.823899984359741,10000,2.130299999999819,1.6088,1,0.1411,0.08199999999999999,376832,15,15,2.7945,15952,0,0,21.36050033569336,14.279500007629395,3.564199924468994,2.476799964904785,0.009999999776482582,52.51060104370117,0,0,0,0,0,0,0,0,0,0,0,0,0,58.34372,41.61432
98,101.61370086669922,4.60290002822876,20.37579917907715,5.526400089263916,1.4911999702453613,3.248800039291382,14.637700080871582,0,0,10009,20000,10006,20000,20000,10000,0.4147999882698059,3.900599956512451,3.8285000324249268,10000,2.216299999999822,1.8662,1,0.1411,0.0446,376832,15,15,1.5619,553304,0,0,25.201799392700195,15.464200019836426,3.8485000133514404,6.497399806976318,0.7958999872207642,44.27119827270508,0,0,0,0,0,0,0,0,0,0,0,0,0,58.3096,41.51776
99,110.00019836425781,32.847999572753906,48.154598236083984,5.9893999099731445,8.914299964904785,21.04490089416504,14.984000205993652,0,0,10009,20000,10006,20000,20000,10000,0.46309998631477356,5.025899887084961,4.429500102996826,10000,2.1331999999998184,1.6829,1,0.1444,0.065,376832,15,15,1.6404,74672,0,0,81.23880004882812,15.48960018157959,3.6247000694274902,3.1723999977111816,0.47099998593330383,0.2498999983072281,0.0152,7.850900173187256,0.185,11.6792,18.8214,6.6454,0.6907,1,1620612,133101,10000,26421,9996,58.35244,41.15184
100,93.41079711914062,0.4699999988079071,23.973400115966797,5.63700008392334,1.5995999574661255,3.793100118637085,15.006799697875977,0,0,10009,20000,10006,20000,20000,10000,0.4569999873638153,5.115699768066406,5.299799919128418,10000,2.14919999999982,2.1895,1,0.13349999999999998,0.0574,376832,15,15,2.5906,7712,0,0,24.58530044555664,15.049500465393066,4.253699779510498,3.5041000843048096,0.011099999770522118,37.722198486328125,0,0,0,0,0,0,0,0,0,0,0,0,0,58.90376,41.20272
101,101.42120361328125,3.348299980163574,20.316600799560547,5.61870002746582,1.8636000156402588,2.4019999504089355,14.656399726867676,0,0,10009,20000,10006,20000,20000,10000,0.35929998755455017,4.042300224304199,4.2042999267578125,10000,2.146599999999822,2.453,1,0.1527,0.057999999999999996,376832,15,15,1.9917,15952,0,0,23.839099884033203,14.713500022888184,4.434299945831299,2.5885000228881836,0.016499999910593033,48.839500427246094,0,0,0,0,0,0,0,0,0,0,0,0,0,58.5996,41.04968
102,101.97229766845703,5.69980001449585,24.681699752807617,6.295400142669678,1.8508000373840332,4.70959997177124,15.126999855041504,0,0,10009,20000,10006,20000,20000,10000,0.3840000033378601,5.1992998123168945,4.104300022125244,10000,2.147199999999818,3.2162,1,0.1723,0.0702,376832,15,15,2.5568,632248,0,0,30.53689956665039,15.686699867248535,5.268099784851074,8.000200271606445,0.5268999934196472,35.29899978637695,0,0,0,0,0,0,0,0,0,0,0,0,0,58.82512,41.1026
103,101.53939819335938,4.811800003051758,18.603300094604492,5.195000171661377,1.628999948501587,2.363600015640259,14.281200408935547,0,0,10009,20000,10006,20000,20000,10000,0.37929999828338623,3.686000108718872,3.668800115585327,10000,2.141099999999822,1.3354,1,0.1885,0.0984,376832,15,15,2.655,84232,0,0,23.54990005493164,14.321800231933594,3.3206000328063965,2.9677999019622803,0.01590000092983246,50.08169937133789,0,0,0,0,0,0,0,0,0,0,0,0,0,58.35468,41.1732
104,101.83460235595703,0.32019999623298645,19.3351993560791,5.238900184631348,1.6418999433517456,2.293800115585327,14.36400032043457,0,0,10009,20000,10006,20000,20000,10000,0.36500000953674316,3.719599962234497,4.339200019836426,10000,2.1431999999998217,2.3981,1,0.14500000000000002,0.0669,376832,15,15,2.7572,7712,0,0,19.791799545288086,14.396100044250488,4.377399921417236,3.0288000106811523,0.010099999606609344,52.91270065307617,0,0,0,0,0,0,0,0,0,0,0,0,0,58.25996,41.41868
105,101.41709899902344,2.401400089263916,18.435699462890625,5.1066999435424805,1.430999994277954,2.3531999588012695,14.31470012664795,0,0,10009,20000,10006,20000,20000,10000,0.3555999994277954,3.5566999912261963,3.9677000045776367,10000,2.1470999999998206,2.3215,1,0.1481,0.0819,376832,15,15,3.0171,15952,0,0,20.977800369262695,14.345999717712402,4.300000190734863,3.0020999908447266,0.01080000028014183,51.09859848022461,0,0,0,0,0,0,0,0,0,0,0,0,0,58.39072,40.97976
106,101.37460327148438,18.98069953918457,36.96950149536133,5.743199825286865,9.585000038146973,9.167200088500977,14.734299659729004,0,0,10009,20000,10006,20000,20000,10000,0.5759999752044678,5.065800189971924,4.300600051879883,10000,2.13189999999982,2.3345,1,0.14989999999999998,0.078,376832,15,15,2.8975,450656,0,0,56.084999084472656,15.476699829101562,4.384699821472168,6.705599784851074,0.7141000032424927,10.969400405883789,0.0152,0,0.1763,11.3049,11.7867,0.0006,0.5049,1,1686142,0,0,0,9994,58.34,41.18756
107,101.5602035522461,0.31850001215934753,18.48819923400879,5.062699794769287,1.4012999534606934,2.2825000286102295,14.157099723815918,0,0,10009,20000,10006,20000,20000,10000,0.365200012922287,3.507200002670288,4.197000026702881,10000,2.137599999999832,1.2908,1,0.132,0.0465,376832,15,15,1.5001,7712,0,0,18.93790054321289,14.184499740600586,3.190999984741211,2.8975000381469727,0.009399999864399433,56.45140075683594,0,0,0,0,0,0,0,0,0,0,0,0,0,58.40604,40.92624
108,101.48889923095703,2.9646999835968018,18.59440040588379,5.12529993057251,1.3991999626159668,2.2614998817443848,14.44219970703125,0,0,10009,20000,10006,20000,20000,10000,0.4041000008583069,3.5576999187469482,4.125199794769287,10000,2.1382999999998225,1.7314,1,0.1311,0.0425,376832,15,15,3.108,15952,0,0,21.697900772094727,14.472399711608887,3.74780011177063,2.4433000087738037,0.010099999606609344,51.43920135498047,0,0,0,0,0,0,0,0,0,0,0,0,0,58.42136,41.15232
109,100.97810363769531,4.412300109863281,20.332399368286133,5.690299987792969,1.5369000434875488,3.375200033187866,14.741600036621094,0,0,10009,20000,10006,20000,20000,10000,0.4016999900341034,3.682800054550171,3.627700090408325,10000,2.14749999999982,1.4221,1,0.1326,0.046799999999999994,376832,15,15,2.0525,590600,0,0,24.980300903320312,15.56190013885498,3.4075000286102295,6.153299808502197,0.7915999889373779,44.03900146484375,0,0,0,0,0,0,0,0,0,0,0,0,0,58.3914,41.17684
110,101.6572036743164,26.208799362182617,28.651199340820312,5.5121002197265625,6.425300121307373,5.822199821472168,14.83430004119873,0,0,10009,20000,10006,20000,20000,10000,0.5311999917030334,3.86299991607666,4.350100040435791,10000,2.1445999999998167,2.2843,1,0.1541,0.0816,376832,15,15,1.7458,71864,0,0,55.00090026855469,15.363900184631348,4.252999782562256,12.068699836730957,0.5029000043869019,8.519499778747559,0.0161,0,0.1841,12.9594,20.7746,7.3461,0.5462,1,1772568,157057,10000,32314,9999,58.4918,40.61672
111,101.33429718017578,0.3305000066757202,20.80769920349121,5.252600193023682,1.4944000244140625,2.9093000888824463,14.640999794006348,0,0,10009,20000,10006,20000,20000,10000,0.45890000462532043,4.151000022888184,4.718500137329102,10000,2.13019999999982,1.3316,1,0.14279999999999998,0.09390000000000001,376832,15,15,2.3086,7712,0,0,21.280399322509766,14.69320011138916,3.3178999423980713,2.7174999713897705,0.00989999994635582,52.515098571777344,0,0,0,0,0,0,0,0,0,0,0,0,0,58.49528,40.59952
112,100.9030990600586,2.674999952316284,19.854799270629883,5.294099807739258,1.7613999843597412,2.794800043106079,14.768400192260742,0,0,10009,20000,10006,20000,20000,10000,0.39259999990463257,3.606100082397461,4.27269983291626,10000,2.1403999999998184,2.5233,1,0.1546,0.0766,376832,15,15,3.0302,15952,0,0,22.669300079345703,14.802499771118164,4.524600028991699,2.8410000801086426,0.010700000450015068,48.10020065307617,0,0,0,0,0,0,0,0,0,0,0,0,0,58.6278,40.8022
113,101.31379699707031,4.248799800872803,20.344100952148438,5.483500003814697,1.545300006866455,3.091399908065796,14.612099647521973,0,0,10009,20000,10006,20000,20000,10000,0.40529999136924744,3.535900115966797,4.307799816131592,10000,2.150499999999822,1.3545,1,0.1321,0.0519,376832,15,15,3.0408,515192,0,0,24.726900100708008,15.347599983215332,3.78629994392395,7.302800178527832,0.7091000080108643,42.069000244140625,0,0,0,0,0,0,0,0,0,0,0,0,0,58.52804,40.64828
114,100.88880157470703,37.89189910888672,32.38970184326172,5.332300186157227,9.15149974822998,6.294899940490723,15.379599571228027,0,0,10009,20000,10006,20000,20000,10000,0.44589999318122864,3.953700065612793,4.809999942779541,10000,2.153199999999825,2.3353,1,0.1472,0.0833,376832,15,15,1.769,79992,0,0,70.49759674072266,15.888099670410156,4.315499782562256,3.311000108718872,0.47609999775886536,0.43950000405311584,0.0094,10.22920036315918,0.1796,12.6262,21.3664,8.2458,0.7769,1,1841812,159656,10000,33053,9998,59.09032,40.51888
115,101.3926010131836,0.3343000113964081,19.22719955444336,5.168300151824951,1.4953999519348145,2.3262999057769775,14.45460033416748,0,0,10009,20000,10006,20000,20000,10000,0.39430001378059387,3.6289000511169434,4.469600200653076,10000,2.1363999999998216,1.7024,1,0.1464,0.0791,376832,15,15,2.7557,7712,0,0,19.693700790405273,14.488699913024902,3.6440999507904053,2.938499927520752,0.011099999770522118,53.36159896850586,0,0,0,0,0,0,0,0,0,0,0,0,0,58.83264,40.70292
116,101.25430297851562,6.26140022277832,20.19700050354004,5.42609977722168,1.5885000228881836,3.183500051498413,14.883399963378906,0,0,10009,20000,10006,20000,20000,10000,0.3808000087738037,3.683000087738037,3.946000099182129,10000,2.1366999999998195,2.2625,1,0.13690000000000002,0.0505,376832,15,15,1.5348,542328,0,0,26.599300384521484,15.689000129699707,4.188799858093262,6.597499847412109,0.7682999968528748,40.7776985168457,0,0,0,0,0,0,0,0,0,0,0,0,0,58.36084,40.64428
117,101.71790313720703,4.823599815368652,18.378999710083008,5.071800231933594,1.5819000005722046,2.4233999252319336,14.92650032043457,0,0,10009,20000,10006,20000,20000,10000,0.3919000029563904,3.703000068664551,3.571500062942505,10000,2.1438999999998214,3.1129,1,0.2002,0.1226,376832,15,15,3.8971,54568,0,0,23.345500946044922,14.974599838256836,5.171899795532227,3.934299945831299,0.018200000748038292,43.912200927734375,0,0,0,0,0,0,0,0,0,0,0,0,0,58.90964,40.57132
118,100.6238021850586,0.38420000672340393,19.463699340820312,5.190199851989746,1.6619000434875488,2.5308001041412354,14.388099670410156,0,0,10009,20000,10006,20000,20000,10000,0.39250001311302185,3.626800060272217,4.2718000411987305,10000,2.139299999999819,2.5185,1,0.1592,0.0792,376832,15,15,2.9699,7712,0,0,20.066499710083008,14.418399810791016,4.484499931335449,3.0143001079559326,0.010599999688565731,50.52180099487305,0,0,0,0,0,0,0,0,0,0,0,0,0,58.43484,40.57284
119,101.43119812011719,3.57069993019104,19.216899871826172,5.298399925231934,1.5053000450134277,2.280600070953369,14.36769962310791,0,0,10009,20000,10006,20000,20000,10000,0.3749000132083893,3.608799934387207,4.389100074768066,10000,2.1191999999998186,2.3345,1,0.132,0.051000000000000004,376832,15,15,1.4393,15952,0,0,22.938499450683594,14.39739990234375,4.287099838256836,2.6270999908447266,0.00989999994635582,51.28900146484375,0,0,0,0,0,0,0,0,0,0,0,0,0,58.43228,41.03872
120,100.98410034179688,4.396500110626221,19.58449935913086,5.375500202178955,1.4251999855041504,3.092400074005127,14.440600395202637,0,0,10009,20000,10006,20000,20000,10000,0.3296999931335449,3.6214001178741455,3.799299955368042,10000,2.144599999999821,2.2895,1,0.14400000000000002,0.0747,376832,15,15,2.5866,578624,0,0,24.114099502563477,15.312399864196777,4.258399963378906,6.107699871063232,0.8458999991416931,43.61970138549805,0,0,0,0,0,0,0,0,0,0,0,0,0,58.76988,40.62908
121,102.54319763183594,18.815200805664062,42.38800048828125,6.734600067138672,11.424200057983398,9.69320011138916,15.58549976348877,0,0,10009,20000,10006,20000,20000,10000,0.5709999799728394,5.566100120544434,5.741000175476074,10000,2.2039999999998305,3.896,1,0.2198,0.1271,376832,15,15,5.4072,8048,0,0,61.43069839477539,16.421300888061523,5.882599830627441,6.5777997970581055,0.8014000058174133,0.30469998717308044,0.0078,0,0.1805,13.6075,14.111,0.0007,1.1706,1,1902608,0,0,0,9990,58.16024,40.48028
122,100.29010009765625,0.4009999930858612,21.479400634765625,5.198400020599365,1.7793999910354614,2.6921000480651855,14.559599876403809,0,0,10009,20000,10006,20000,20000,10000,0.42289999127388,4.655099868774414,4.597099781036377,10000,2.1804999999998245,2.449,1,0.154,0.0809,376832,15,15,2.3668,7712,0,0,22.09160041809082,14.602399826049805,4.420599937438965,3.7091000080108643,0.014100000262260437,47.062599182128906,0,0,0,0,0,0,0,0,0,0,0,0,0,58.67248,40.66764
123,100.3124008178711,6.570899963378906,20.357799530029297,5.510499954223633,1.568600058555603,3.1719000339508057,14.450499534606934,0,0,10009,20000,10006,20000,20000,10000,0.4052000045776367,3.6398000717163086,4.153200149536133,10000,2.183399999999886,2.5725,1,0.1331,0.052000000000000005,376832,15,15,2.8062,496864,0,0,27.069599151611328,15.145899772644043,4.539100170135498,8.294300079345703,0.6664000153541565,37.75669860839844,0,0,0,0,0,0,0,0,0,0,0,0,0,58.4852,40.42232
124,101.45690155029297,27.804000854492188,34.72380065917969,5.734899997711182,9.8927001953125,7.584499835968018,14.642399787902832,0,0,10009,20000,10006,20000,20000,10000,0.4659000039100647,4.100500106811523,4.768199920654297,10000,2.131599999999817,1.4736,1,0.14339999999999997,0.0815,376832,15,15,2.2181,39752,0,0,62.66889953613281,15.032999992370605,3.436000108718872,3.889699935913086,0.3637000024318695,9.66919994354248,0.0078,0,0.1858,12.8191,21.8177,8.5108,0.6546,1,1990012,175596,10000,37805,9998,58.51216,40.30424
125,100.94039916992188,0.3441999852657318,19.467300415039062,5.17549991607666,1.4840999841690063,2.8850998878479004,14.429300308227539,0,0,10009,20000,10006,20000,20000,10000,0.39910000562667847,3.5618999004364014,4.2621002197265625,10000,2.148499999999821,2.2301,1,0.1462,0.0792,376832,15,15,3.2184,7712,0,0,19.951400756835938,14.461099624633789,4.197400093078613,3.7395999431610107,0.010599999688565731,50.763301849365234,0,0,0,0,0,0,0,0,0,0,0,0,0,58.7122,40.26896
126,100.42880249023438,3.066800117492676,19.753000259399414,5.223599910736084,1.8035000562667847,2.4498000144958496,14.529399871826172,0,0,10009,20000,10006,20000,20000,10000,0.4690999984741211,3.559000015258789,4.436100006103516,10000,2.1706999999998278,1.4939,1,0.1543,0.0933,376832,15,15,2.5497,15952,0,0,22.965499877929688,14.574700355529785,3.4846999645233154,3.754199981689453,0.015399999916553497,48.31560134887695,0,0,0,0,0,0,0,0,0,0,0,0,0,58.25984,40.38064
127,100.91470336914062,5.147500038146973,21.300500869750977,5.836599826812744,1.7683000564575195,3.4925999641418457,14.55109977722168,0,0,10009,20000,10006,20000,20000,10000,0.4478999972343445,3.8315000534057617,3.922800064086914,10000,2.1494999999998234,3.0745,1,0.131,0.046,376832,15,15,1.7998,601104,0,0,26.605600357055664,15.057100296020508,5.046999931335449,8.425399780273438,0.4812999963760376,39.45709991455078,0,0,0,0,0,0,0,0,0,0,0,0,0,58.94004,40.43288
128,113.25689697265625,44.141700744628906,38.006500244140625,5.529600143432617,10.424500465393066,8.062800407409668,15.010700225830078,0,0,10009,20000,10006,20000,20000,10000,0.4122999906539917,5.089300155639648,5.7652997970581055,10000,2.162699999999823,1.7267,1,0.1323,0.046599999999999996,376832,15,15,1.888,61016,0,0,82.2948989868164,15.580100059509277,3.676100015640259,4.8125,0.5372999906539917,0.33489999175071716,0.0091,7.613100051879883,2.2606,14.8328,28.7753,9.2211,1.7194,1,2055408,173845,10000,37088,9999,58.62012,39.842
129,88.42469787597656,0.41370001435279846,21.690799713134766,5.333899974822998,1.608299970626831,3.5501999855041504,14.646200180053711,0,0,10009,20000,10006,20000,20000,10000,0.4713999927043915,4.232600212097168,4.485899925231934,10000,2.149499999999824,2.6283,1,0.1383,0.067,376832,15,15,2.5416,7712,0,0,22.330699920654297,14.68970012664795,4.6427001953125,4.106299877166748,0.01860000006854534,33.63669967651367,0,0,0,0,0,0,0,0,0,0,0,0,0,58.59732,39.95208
130,100.3772964477539,2.6849000453948975,19.79560089111328,5.316100120544434,2.025599956512451,2.3803000450134277,14.548800468444824,0,0,10009,20000,10006,20000,20000,10000,0.424699991941452,3.5481998920440674,4.434000015258789,10000,2.1362999999998213,2.4174,1,0.1312,0.045899999999999996,376832,15,15,1.9042,15952,0,0,22.624300003051758,14.577799797058105,4.397799968719482,3.503000020980835,0.009399999864399433,48.82509994506836,0,0,0,0,0,0,0,0,0,0,0,0,0,58.60124,39.9476
131,100.66000366210938,4.30679988861084,20.26930046081543,5.436699867248535,1.4811999797821045,3.1577999591827393,14.47659969329834,0,0,10009,20000,10006,20000,20000,10000,0.39559999108314514,3.807800054550171,4.021999835968018,10000,2.1486999999998235,1.9205,1,0.17809999999999998,0.0776,376832,15,15,2.6443,483240,0,0,24.73870086669922,15.229700088500977,3.86299991607666,7.738800048828125,0.7156000137329102,41.730499267578125,0,0,0,0,0,0,0,0,0,0,0,0,0,58.37584,39.88476
132,100.54779815673828,4.82889986038208,18.645999908447266,5.142600059509277,1.531000018119812,2.6654999256134033,14.359000205993652,0,0,10009,20000,10006,20000,20000,10000,0.3691999912261963,3.539599895477295,3.7323999404907227,10000,2.152399999999824,2.3555,1,0.1477,0.0799,376832,15,15,2.0454,49792,0,0,23.61669921875,14.397500038146973,4.324999809265137,3.4697999954223633,0.014600000344216824,48.03770065307617,0,0,0,0,0,0,0,0,0,0,0,0,0,58.31948,39.94452
133,99.9529037475586,0.32409998774528503,19.244699478149414,5.091000080108643,1.5312999486923218,2.283900022506714,14.572500228881836,0,0,10009,20000,10006,20000,20000,10000,0.36500000953674316,3.5757999420166016,4.540999889373779,10000,2.1652999999998284,2.4798,1,0.16149999999999998,0.0952,376832,15,15,3.4105,7712,0,0,19.760799407958984,14.602999687194824,4.495299816131592,4.001800060272217,0.009399999864399433,48.268798828125,0,0,0,0,0,0,0,0,0,0,0,0,0,58.48448,39.98988
134,100.118896484375,2.7339999675750732,19.715099334716797,5.157199859619141,1.4745999574661255,2.638700008392334,14.497200012207031,0,0,10009,20000,10006,20000,20000,10000,0.41519999504089355,3.6821999549865723,4.6153998374938965,10000,2.23539999999983,1.9377,1,0.151,0.0812,376832,15,15,3.0698,15952,0,0,22.594600677490234,14.536800384521484,3.9196999073028564,4.032700061798096,0.014299999922513962,47.18790054321289,0,0,0,0,0,0,0,0,0,0,0,0,0,58.45472,40.26424
135,100.59619903564453,4.692399978637695,20.167600631713867,5.412099838256836,1.4977999925613403,3.12280011177063,14.4197998046875,0,0,10009,20000,10006,20000,20000,10000,0.4027000069618225,3.719399929046631,4.000699996948242,10000,2.2180999999998208,2.3767,1,0.1335,0.044,376832,15,15,1.8816,548408,0,0,24.992799758911133,14.907999992370605,4.316699981689453,6.891900062561035,0.461899995803833,42.97959899902344,0,0,0,0,0,0,0,0,0,0,0,0,0,58.5808,39.88072
136,100.30220031738281,19.525699615478516,34.903499603271484,5.528299808502197,9.434200286865234,7.782700061798096,14.63659954071045,0,0,10009,20000,10006,20000,20000,10000,0.48489999771118164,4.7804999351501465,4.451900005340576,10000,2.1500999999998234,2.5126,1,0.1335,0.0509,376832,15,15,2.0535,8048,0,0,54.665199279785156,15.140600204467773,4.46589994430542,3.4463999271392822,0.48019999265670776,14.30150032043457,0.0075,0,0.1791,14.8615,15.3911,0.0005,0.7008,1,2113712,0,0,0,9990,58.94888,39.94692
137,100.34140014648438,0.320499986410141,19.93440055847168,5.165800094604492,1.9916000366210938,2.2987000942230225,14.13860034942627,0,0,10009,20000,10006,20000,20000,10000,0.40310001373291016,3.647700071334839,4.724100112915039,10000,2.1365999999998184,1.4023,1,0.13269999999999998,0.048100000000000004,376832,15,15,2.7794,7712,0,0,20.391399383544922,14.168499946594238,3.4535999298095703,3.8225998878479004,0.010300000198185444,51.273101806640625,0,0,0,0,0,0,0,0,0,0,0,0,0,58.30972,39.91288
138,100.95899963378906,2.4065001010894775,19.42889976501465,5.201600074768066,1.6598000526428223,2.389699935913086,14.498800277709961,0,0,10009,20000,10006,20000,20000,10000,0.40630000829696655,3.571000099182129,4.496600151062012,10000,2.143599999999822,1.5187,1,0.145,0.0665,376832,15,15,3.3164,15952,0,0,21.98069953918457,14.539999961853027,3.520699977874756,3.765000104904175,0.015200000256299973,49.102500915527344,0,0,0,0,0,0,0,0,0,0,0,0,0,58.67508,39.97904
139,99.93769836425781,10.144700050354004,22.558300018310547,5.508500099182129,1.5140999555587769,3.7300000190734863,14.653400421142578,0,0,10009,20000,10006,20000,20000,10000,0.4205000102519989,4.7129998207092285,4.767600059509277,10000,2.1227999999998186,2.4623,1,0.1321,0.052500000000000005,376832,15,15,1.8359,434392,0,0,32.83300018310547,15.243499755859375,4.4944000244140625,6.427199840545654,0.5669999718666077,34.61289978027344,0,0,0,0,0,0,0,0,0,0,0,0,0,58.44736,39.98196
140,127.48169708251953,68.59539794921875,30.312700271606445,5.333600044250488,7.32450008392334,6.251699924468994,14.389900207519531,0,0,10009,20000,10006,20000,20000,10000,0.37860000133514404,3.796299934387207,5.109899997711182,10000,2.115099999999819,1.406,1,0.1307,0.0509,376832,15,15,1.7359,33336,0,0,99.04399871826172,14.88949966430664,3.3231000900268555,3.77239990234375,0.47029998898506165,0.3176000118255615,0.0085,7.5746002197265625,0.1737,16.6773,26.9529,9.7087,0.7767,1,2205418,188205,10000,40720,9998,58.66464,39.40168
141,73.41819763183594,0.3905999958515167,21.273399353027344,5.482800006866455,1.5470000505447388,3.370300054550171,14.426899909973145,0,0,10009,20000,10006,20000,20000,10000,0.447299987077713,3.626199960708618,4.80709981918335,10000,2.1210999999998186,2.2578,1,0.1442,0.0743,376832,15,15,1.9878,7712,0,0,21.855300903320312,14.455599784851074,4.270500183105469,3.9189999103546143,0.009200000204145908,22.442699432373047,0,0,0,0,0,0,0,0,0,0,0,0,0,58.61484,39.49976
142,99.91470336914062,2.660099983215332,19.218700408935547,5.1940999031066895,1.5319000482559204,2.3278000354766846,14.157899856567383,0,0,10009,20000,10006,20000,20000,10000,0.3562999963760376,3.5292999744415283,4.55210018157959,10000,2.130099999999819,1.403,1,0.145,0.0658,376832,15,15,2.9275,15952,0,0,22.01930046081543,14.187100410461426,3.4196999073028564,4.1579999923706055,0.010099999606609344,48.69839859008789,0,0,0,0,0,0,0,0,0,0,0,0,0,58.33496,39.7512
143,100.22920227050781,18.506500244140625,21.683399200439453,5.620800018310547,2.0069000720977783,3.5536000728607178,14.417499542236328,0,0,10009,20000,10006,20000,20000,10000,0.4237000048160553,3.8364999294281006,4.265200138092041,10000,2.1252999999998194,2.3247,1,0.1467,0.084,376832,15,15,2.9803,529048,0,0,40.32460021972656,15.105500221252441,4.292200088500977,7.66949987411499,0.65829998254776,25.157499313354492,0,0,0,0,0,0,0,0,0,0,0,0,0,58.67544,39.4562
144,110.35759735107422,45.60449981689453,35.789398193359375,5.909599781036377,9.472900390625,7.6016998291015625,14.573399543762207,0,0,10009,20000,10006,20000,20000,10000,0.5101000070571899,3.9063000679016113,6.158999919891357,10000,2.159599999999822,1.4656,1,0.1319,0.0496,376832,15,15,1.8855,50840,0,0,81.52839660644531,15.105999946594238,3.3757998943328857,3.5510001182556152,0.5030999779701233,0.21940000355243683,0.0083,7.567599773406982,0.1761,13.704,24.1682,9.8708,0.753,1,2262562,183306,10000,40007,10000,59.07336,39.29128
145,89.58719635009766,0.3930000066757202,20.110200881958008,5.099899768829346,1.5288000106811523,2.658099889755249,14.201600074768066,0,0,10009,20000,10006,20000,20000,10000,0.38370001316070557,4.315999984741211,4.39900016784668,10000,2.1217999999998183,2.372,1,0.13730000000000003,0.046799999999999994,376832,15,15,1.7734,7712,0,0,20.641199111938477,14.228099822998047,4.324900150299072,4.246399879455566,0.009200000204145908,39.95830154418945,0,0,0,0,0,0,0,0,0,0,0,0,0,58.53648,39.33788
146,100.34829711914062,2.725399971008301,19.89539909362793,5.143199920654297,1.6851999759674072,2.6568000316619873,14.549500465393066,0,0,10009,20000,10006,20000,20000,10000,0.44670000672340393,3.5617001056671143,4.675600051879883,10000,2.138999999999822,1.7994,1,0.14550000000000002,0.07339999999999999,376832,15,15,2.2427,15952,0,0,22.760400772094727,14.590999603271484,3.7395999431610107,3.4214000701904297,0.015599999576807022,49.046600341796875,0,0,0,0,0,0,0,0,0,0,0,0,0,58.6792,39.13192
147,99.96810150146484,4.5630998611450195,20.264999389648438,5.43179988861084,1.6885000467300415,3.117000102996826,14.442099571228027,0,0,10009,20000,10006,20000,20000,10000,0.3935000002384186,3.5752999782562256,4.085899829864502,10000,2.1368999999998217,1.4512,1,0.1321,0.0516,376832,15,15,1.9403,529464,0,0,24.969900131225586,15.253999710083008,3.4339001178741455,8.138199806213379,0.7696999907493591,40.965301513671875,0,0,0,0,0,0,0,0,0,0,0,0,0,58.67336,39.28104
148,100.01270294189453,4.669099807739258,18.591800689697266,5.223800182342529,1.545300006866455,2.211400032043457,14.396100044250488,0,0,10009,20000,10006,20000,20000,10000,0.37380000948905945,3.609100103378296,3.85479998588562,10000,2.3474999999998203,2.2763,1,0.15610000000000002,0.07519999999999999,376832,15,15,2.1559,50752,0,0,23.399700164794922,14.442099571228027,4.248899936676025,3.911799907684326,0.015699999406933784,46.824501037597656,0,0,0,0,0,0,0,0,0,0,0,0,0,58.77428,39.2346
149,99.72969818115234,0.3889999985694885,20.320199966430664,5.267499923706055,1.6181000471115112,2.4084999561309814,14.498600006103516,0,0,10009,20000,10006,20000,20000,10000,0.399399995803833,3.7576000690460205,5.018199920654297,10000,2.1277999999998207,2.2124,1,0.14890000000000003,0.0957,376832,15,15,3.2811,7712,0,0,20.9335994720459,14.536199569702148,4.174099922180176,3.9753000736236572,0.01080000028014183,48.231300354003906,0,0,0,0,0,0,0,0,0,0,0,0,0,58.08532,39.50896
150,99.76619720458984,6.5970001220703125,20.3031005859375,5.41510009765625,1.5140000581741333,3.3519999980926514,14.359600067138672,0,0,10009,20000,10006,20000,20000,10000,0.3781000077724457,3.564300060272217,4.139900207519531,10000,2.1370999999998217,2.3626,1,0.1317,0.0394,376832,15,15,1.8658,565904,0,0,27.03809928894043,15.081999778747559,4.3404998779296875,39.77090072631836,0.6987000107765198,7.112299919128418,0,0,0,0,0,0,0,0,0,0,0,0,0,58.66156,39.25364
151,99.75389862060547,19.42569923400879,30.257600784301758,5.257800102233887,8.694700241088867,5.792500019073486,14.4822998046875,0,0,10009,20000,10006,20000,20000,10000,0.42590001225471497,3.569999933242798,4.4207000732421875,10000,2.1358999999998196,2.3809,1,0.13119999999999998,0.049,376832,15,15,2.5336,8048,0,0,49.81660079956055,14.959099769592285,4.351600170135498,4.785200119018555,0.447299987077713,17.70170021057129,0.0073,0,0.177,15.5112,16.0508,0.0005,0.6129,1,2311294,0,0,0,9989,58.47084,39.17552
152,99.89649963378906,0.3203999996185303,19.87339973449707,5.295499801635742,1.770900011062622,2.3266000747680664,14.29170036315918,0,0,10009,20000,10006,20000,20000,10000,0.36399999260902405,3.5327999591827393,4.852200031280518,10000,2.127099999999821,2.1574,1,0.18880000000000002,0.0973,376832,15,15,2.0953,7712,0,0,20.366300582885742,14.319600105285645,4.113399982452393,3.1591999530792236,0.009200000204145908,51.29249954223633,0,0,0,0,0,0,0,0,0,0,0,0,0,58.41032,39.35212
153,99.31759643554688,7.07390022277832,20.093900680541992,5.485099792480469,1.4869999885559082,3.0755999088287354,14.633399963378906,0,0,10009,20000,10006,20000,20000,10000,0.3644999861717224,3.5587000846862793,4.1697998046875,10000,2.1237999999998176,2.5923,1,0.14679999999999999,0.0934,376832,15,15,2.3688,585176,0,0,27.374399185180664,15.217000007629395,4.6031999588012695,8.020099639892578,0.5523999929428101,37.19139862060547,0,0,0,0,0,0,0,0,0,0,0,0,0,58.23744,39.1022
154,99.55850219726562,33.093101501464844,34.7239990234375,5.958199977874756,9.827199935913086,6.984000205993652,15.76990032196045,0,0,10009,20000,10006,20000,20000,10000,0.44859999418258667,3.841099977493286,5.4355998039245605,10000,2.116799999999817,2.3132,1,0.1311,0.052500000000000005,376832,15,15,1.6966,44048,0,0,67.9563980102539,16.243799209594727,4.29040002822876,4.481900215148926,0.4424000084400177,0.49540001153945923,0.0075,0,0.1772,16.5461,27.2103,10.0901,0.6791,1,2400010,195621,10000,42927,9998,58.47912,39.01868
155,99.46859741210938,0.3447999954223633,19.668500900268555,5.194699764251709,1.6468000411987305,2.3397998809814453,14.738300323486328,0,0,10009,20000,10006,20000,20000,10000,0.33820000290870667,3.641700029373169,4.674200057983398,10000,2.253099999999831,4.2619,1,0.2198,0.1426,376832,15,15,3.9558,7712,0,0,20.13680076599121,14.79419994354248,7.153800010681152,5.049699783325195,0.024000000208616257,40.887298583984375,0,0,0,0,0,0,0,0,0,0,0,0,0,58.33512,38.872
156,99.20500183105469,3.2588000297546387,22.011999130249023,5.409800052642822,2.522200107574463,2.8266000747680664,14.553400039672852,0,0,10009,20000,10006,20000,20000,10000,0.40529999136924744,4.145999908447266,4.9141998291015625,10000,2.142599999999818,1.9683,1,0.13190000000000002,0.0465,376832,15,15,2.3996,15952,0,0,25.405500411987305,14.598699569702148,4.004499912261963,4.0528998374938965,0.014100000262260437,44.11130142211914,0,0,0,0,0,0,0,0,0,0,0,0,0,58.40756,39.00184
157,99.02249908447266,5.036200046539307,22.53969955444336,5.653299808502197,2.4126999378204346,3.6988000869750977,14.434599876403809,0,0,10009,20000,10006,20000,20000,10000,0.39890000224113464,4.018199920654297,4.326099872589111,10000,2.1301999999998213,2.2834,1,0.15460000000000002,0.1265,376832,15,15,2.0431,639192,0,0,27.716999053955078,14.996800422668457,4.296199798583984,8.648599624633789,0.5336999893188477,36.75659942626953,0,0,0,0,0,0,0,0,0,0,0,0,0,58.19068,38.95804
158,102.8208999633789,40.19889831542969,32.39059829711914,5.438700199127197,8.391500473022461,7.027900218963623,14.656700134277344,0,0,10009,20000,10006,20000,20000,10000,0.5013999938964844,3.9407999515533447,4.891300201416016,10000,2.145399999999821,2.4713,1,0.13340000000000002,0.0507,376832,15,15,1.881,45320,0,0,72.71980285644531,15.179300308227539,4.5391998291015625,3.8726999759674072,0.5015000104904175,0.1932000070810318,0.0078,7.553400039672852,0.1756,16.1991,26.6335,9.8694,0.7241,1,2442850,189728,10000,41579,9999,58.22456,38.62368
159,95.60430145263672,0.35089999437332153,19.658100128173828,5.131499767303467,1.8658000230789185,2.243299961090088,14.363800048828125,0,0,10009,20000,10006,20000,20000,10000,0.33090001344680786,3.6524999141693115,4.702099800109863,10000,2.13509999999982,1.8216,1,0.1328,0.0393,376832,15,15,1.5983,7712,0,0,20.150299072265625,14.405799865722656,3.767899990081787,3.0220999717712402,0.014600000344216824,48.1328010559082,0,0,0,0,0,0,0,0,0,0,0,0,0,58.67316,38.7036
160,98.72219848632812,2.9814999103546143,19.602100372314453,5.148600101470947,1.52839994430542,2.313499927520752,14.311300277709961,0,0,10009,20000,10006,20000,20000,10000,0.35440000891685486,3.60479998588562,4.940000057220459,10000,2.131599999999819,2.1495,1,0.13119999999999998,0.0476,376832,15,15,1.6769,15952,0,0,22.734399795532227,14.385000228881836,4.100500106811523,3.1763999462127686,0.0142000000923872,48.1619987487793,0,0,0,0,0,0,0,0,0,0,0,0,0,58.19572,38.70192
161,99.21810150146484,4.838099956512451,20.201000213623047,5.486299991607666,1.5394999980926514,3.0820000171661377,14.377599716186523,0,0,10009,20000,10006,20000,20000,10000,0.32989999651908875,3.516900062561035,4.311600208282471,10000,2.196799999999828,2.0425,1,0.1302,0.0459,376832,15,15,1.9372,574648,0,0,25.172500610351562,15.164199829101562,3.9972000122070312,6.811200141906738,0.7631999850273132,41.5192985534668,0,0,0,0,0,0,0,0,0,0,0,0,0,58.24356,38.62864
162,98.76789855957031,4.645100116729736,19.019699096679688,5.161600112915039,1.5246000289916992,2.632200002670288,14.316100120544434,0,0,10009,20000,10006,20000,20000,10000,0.3946000039577484,3.6610000133514404,4.009300231933594,10000,2.125199999999821,2.1838,1,0.1309,0.0486,376832,15,15,1.66,42560,0,0,23.7947998046875,14.354299545288086,4.126500129699707,4.109000205993652,0.01510000042617321,46.21609878540039,0,0,0,0,0,0,0,0,0,0,0,0,0,58.44092,38.7572
163,98.85230255126953,0.34689998626708984,19.860599517822266,5.11299991607666,1.604099988937378,2.501199960708618,14.382100105285645,0,0,10009,20000,10006,20000,20000,10000,0.3939000070095062,3.531100034713745,4.922399997711182,10000,2.1405999999998224,1.7992,1,0.1423,0.07869999999999999,376832,15,15,2.1184,7712,0,0,20.34749984741211,14.408900260925293,3.738300085067749,3.420799970626831,0.009499999694526196,50.32619857788086,0,0,0,0,0,0,0,0,0,0,0,0,0,58.55616,38.70688
164,99.29119873046875,2.724900007247925,19.66699981689453,5.291800022125244,1.5341999530792236,2.400700092315674,14.275099754333496,0,0,10009,20000,10006,20000,20000,10000,0.367900013923645,3.527100086212158,4.841599941253662,10000,2.124999999999819,2.3666,1,0.1318,0.0486,376832,15,15,1.7704,15952,0,0,22.52630043029785,14.30210018157959,4.343200206756592,3.3910000324249268,0.009399999864399433,48.502601623535156,0,0,0,0,0,0,0,0,0,0,0,0,0,58.34848,39.06172
165,99.00350189208984,4.576000213623047,19.948699951171875,5.435800075531006,1.4819999933242798,2.936800003051758,14.413700103759766,0,0,10009,20000,10006,20000,20000,10000,0.37779998779296875,3.55049991607666,4.232900142669678,10000,2.131699999999819,2.1868,1,0.1311,0.0487,376832,15,15,1.8697,550192,0,0,24.75909996032715,15.100199699401855,4.146100044250488,6.789700031280518,0.663100004196167,41.77220153808594,0,0,0,0,0,0,0,0,0,0,0,0,0,58.76284,38.71908
166,99.39969635009766,20.272199630737305,30.081300735473633,5.354000091552734,8.439599990844727,5.963500022888184,14.770899772644043,0,0,10009,20000,10006,20000,20000,10000,0.4429999887943268,3.678499937057495,4.108399868011475,10000,2.157199999999824,2.5105,1,0.14150000000000001,0.09809999999999999,376832,15,15,2.0099,8048,0,0,50.48820114135742,15.275699615478516,4.491300106048584,4.604400157928467,0.475600004196167,17.9143009185791,0.007,0,0.1731,16.4702,16.984,0.0006,0.599,1,2477142,0,0,0,9988,58.28964,38.62904
167,99.2927017211914,0.34279999136924744,19.875999450683594,5.2104997634887695,1.5686999559402466,2.2639999389648438,14.387200355529785,0,0,10009,20000,10006,20000,20000,10000,0.38019999861717224,3.5754001140594482,5.060699939727783,10000,2.150299999999823,1.9947,1,0.1431,0.0664,376832,15,15,2.0653,7712,0,0,20.356199264526367,14.41349983215332,3.934999942779541,3.614500045776367,0.009600000455975533,50.31589889526367,0,0,0,0,0,0,0,0,0,0,0,0,0,58.11004,38.53832
168,98.83589935302734,3.0671000480651855,20.491899490356445,5.325200080871582,1.6792999505996704,2.5924999713897705,14.609999656677246,0,0,10009,20000,10006,20000,20000,10000,0.4171999990940094,3.63070011138916,5.1072001457214355,10000,2.154599999999823,1.752,1,0.13069999999999998,0.0443,376832,15,15,1.8854,15952,0,0,23.697999954223633,14.647899627685547,3.7321999073028564,3.8320000171661377,0.014600000344216824,46.44860076904297,0,0,0,0,0,0,0,0,0,0,0,0,0,58.17568,38.85524
169,98.6229019165039,4.696499824523926,20.583099365234375,5.53380012512207,1.719099998474121,2.956700086593628,14.770400047302246,0,0,10009,20000,10006,20000,20000,10000,0.3702999949455261,3.6212000846862793,4.320899963378906,10000,2.1607999999998238,1.7277,1,0.1448,0.07339999999999999,376832,15,15,1.9509,590128,0,0,25.41659927368164,15.321499824523926,3.6902999877929688,6.876699924468994,0.5256999731063843,40.70539855957031,0,0,0,0,0,0,0,0,0,0,0,0,0,58.45272,38.533
170,98.88300323486328,32.84769821166992,32.36159896850586,5.304699897766113,9.589599609375,6.216100215911865,14.67590045928955,0,0,10009,20000,10006,20000,20000,10000,0.39739999175071716,3.861799955368042,4.834400177001953,10000,2.152499999999821,2.6328,1,0.133,0.0497,376832,15,15,1.967,34544,0,0,65.34709930419922,15.284299850463867,4.6132001876831055,4.654200077056885,0.5758000016212463,2.0262999534606934,0.0081,0,0.183,16.1911,27.3159,10.578,0.704,1,2542402,199139,10000,43652,9998,59.0314,38.36132
171,99.1709976196289,0.4223000109195709,20.359800338745117,5.116300106048584,1.6924999952316284,2.771399974822998,14.145600318908691,0,0,10009,20000,10006,20000,20000,10000,0.3479999899864197,3.52020001411438,5.009099960327148,10000,2.1251999999998192,2.0668,1,0.1421,0.07239999999999999,376832,15,15,1.7783,7712,0,0,20.991500854492188,14.180399894714355,3.984499931335449,3.4728000164031982,0.014399999752640724,49.97370147705078,0,0,0,0,0,0,0,0,0,0,0,0,0,58.2176,38.45368
172,99.12740325927734,7.014200210571289,20.211700439453125,5.425000190734863,1.6657999753952026,2.9349000453948975,14.370599746704102,0,0,10009,20000,10006,20000,20000,10000,0.41100001335144043,3.5088000297546387,4.330999851226807,10000,2.142599999999823,1.626,1,0.18259999999999998,0.0375,376832,15,15,2.0781,610752,0,0,27.364200592041016,15.208499908447266,3.5755999088287354,6.872499942779541,0.8148000240325928,39.31370162963867,0,0,0,0,0,0,0,0,0,0,0,0,0,58.1094,38.42168
173,109.11370086669922,42.10150146484375,30.97450065612793,5.229499816894531,9.245800018310547,5.835999965667725,14.37720012664795,0,0,10009,20000,10006,20000,20000,10000,0.35199999809265137,3.7862000465393066,4.40369987487793,10000,2.130799999999823,1.4174,1,0.14400000000000002,0.08,376832,15,15,2.6978,36296,1,0,73.22219848632812,14.921899795532227,10.02280044555664,3.476599931716919,0.5267000198364258,0.23430000245571136,0.0078,7.866600036621094,0.1722,17.4254,28.8104,10.8181,0.6222,1,2570616,193004,10000,42252,9996,58.3234,38.42008
174,87.80780029296875,0.3612000048160553,20.70680046081543,5.224100112915039,1.7599999904632568,2.6201000213623047,14.605500221252441,0,0,10009,20000,10006,20000,20000,10000,0.4740999937057495,3.8282999992370605,5.030300140380859,10000,2.2233999999998217,2.6382,1,0.2015,0.09129999999999999,376832,15,15,3.1028,22112,0,0,21.30120086669922,14.641799926757812,4.768799781799316,4.2006001472473145,0.014399999752640724,32.894500732421875,0,0,0,0,0,0,0,0,0,0,0,0,0,58.62924,38.44552
175,98.6686019897461,2.8492000102996826,20.48819923400879,5.711900234222412,1.8238999843597412,2.3343000411987305,14.270999908447266,0,0,10009,20000,10006,20000,20000,10000,0.36959999799728394,3.511399984359741,4.983399868011475,10000,2.1603999999998216,1.3523,1,0.13130000000000003,0.054599999999999996,376832,15,15,1.8224,15952,0,0,23.476699829101562,14.306599617004395,3.341099977493286,3.6505000591278076,0.013700000010430813,47.499000549316406,0,0,0,0,0,0,0,0,0,0,0,0,0,58.25588,38.30548
176,99.2676010131836,4.946199893951416,21.154499053955078,5.528200149536133,1.7884000539779663,2.9885001182556152,14.60949993133545,0,0,10009,20000,10006,20000,20000,10000,0.3695000112056732,3.537400007247925,4.857399940490723,10000,2.126399999999818,2.4245,1,0.131,0.0396,376832,15,15,1.8321,595160,0,0,26.23859977722168,15.12909984588623,4.410399913787842,6.864200115203857,0.5026999711990356,40.36090087890625,0,0,0,0,0,0,0,0,0,0,0,0,0,58.28972,38.40408
177,98.54869842529297,4.841100215911865,18.790800094604492,5.225399971008301,1.5591000318527222,2.301500082015991,14.316399574279785,0,0,10009,20000,10006,20000,20000,10000,0.3749000132083893,3.5460000038146973,4.1433000564575195,10000,2.132899999999823,1.6442,1,0.13040000000000002,0.047,376832,15,15,1.8614,56200,0,0,23.764299392700195,14.412199974060059,3.590399980545044,3.7744998931884766,0.048700001090765,46.55590057373047,0,0,0,0,0,0,0,0,0,0,0,0,0,58.1476,38.45252
178,98.34410095214844,0.36160001158714294,19.862699508666992,5.068900108337402,1.669600009918213,2.337899923324585,14.337499618530273,0,0,10009,20000,10006,20000,20000,10000,0.36160001158714294,3.5822999477386475,5.107600212097168,10000,2.157199999999825,1.5754,1,0.1412,0.0742,376832,15,15,2.4421,7712,0,0,20.44770050048828,14.363900184631348,3.5155999660491943,3.038100004196167,0.009200000204145908,49.936100006103516,0,0,0,0,0,0,0,0,0,0,0,0,0,58.59764,38.56428
179,98.56060028076172,6.369699954986572,19.84760093688965,5.387599945068359,1.5884000062942505,2.81820011138916,14.93850040435791,0,0,10009,20000,10006,20000,20000,10000,0.43059998750686646,3.4574999809265137,4.263000011444092,10000,2.140699999999821,2.2475,1,0.1402,0.07400000000000001,376832,15,15,2.7075,536240,0,0,26.366899490356445,15.593000411987305,4.246399879455566,6.812699794769287,0.6292999982833862,38.20289993286133,0,0,0,0,0,0,0,0,0,0,0,0,0,58.796,38.38976
180,99.11730194091797,19.77440071105957,47.769100189208984,5.866499900817871,24.55470085144043,6.366499900817871,15.035099983215332,0,0,10009,20000,10006,20000,20000,10000,0.4431999921798706,3.901099920272827,4.458499908447266,10000,2.196099999999828,1.8772,1,0.1306,0.0382,376832,15,15,1.7901,8048,0,0,67.68820190429688,15.597299575805664,3.8991000652313232,4.725100040435791,0.5310999751091003,0.8259000182151794,0.0073,0,0.1693,15.7214,16.2419,0.0004,0.643,1,2582130,0,0,0,9977,58.41096,38.34212
181,99.0801010131836,0.32659998536109924,20.33180046081543,5.289999961853027,1.8049999475479126,2.3436999320983887,14.323800086975098,0,0,10009,20000,10006,20000,20000,10000,0.3589000105857849,3.5611000061035156,5.21589994430542,10000,2.1538999999998194,1.617,1,0.14400000000000002,0.0765,376832,15,15,2.0896,7712,0,0,20.864700317382812,14.360899925231934,3.556999921798706,3.436500072479248,0.015200000256299973,50.095401763916016,0,0,0,0,0,0,0,0,0,0,0,0,0,57.91808,38.31664
182,98.6448974609375,2.623699903488159,19.80069923400879,5.128600120544434,1.5520999431610107,2.3852999210357666,14.446700096130371,0,0,10009,20000,10006,20000,20000,10000,0.4415999948978424,3.6092000007629395,5.037499904632568,10000,2.1884999999998267,1.6877,1,0.13770000000000002,0.0424,376832,15,15,1.9187,15952,0,0,22.56410026550293,14.48490047454834,3.627500057220459,3.8845999240875244,0.014700000174343586,47.50640106201172,0,0,0,0,0,0,0,0,0,0,0,0,0,58.72352,38.61632
183,98.37590026855469,4.831299781799316,21.85689926147461,5.511499881744385,2.3013999462127686,3.1166000366210938,14.319000244140625,0,0,10009,20000,10006,20000,20000,10000,0.4007999897003174,3.6080000400543213,4.941999912261963,10000,2.1163999999998175,2.4462,1,0.13119999999999998,0.0511,376832,15,15,1.9384,542648,0,0,26.83009910583496,14.808300018310547,4.433700084686279,6.649899959564209,0.4625000059604645,39.211299896240234,0,0,0,0,0,0,0,0,0,0,0,0,0,58.10372,38.38952
184,99.06639862060547,31.86949920654297,30.965999603271484,5.196199893951416,9.189599990844727,6.294400215148926,14.945199966430664,0,0,10009,20000,10006,20000,20000,10000,0.47749999165534973,3.54229998588562,4.170899868011475,10000,2.1886999999998245,1.5417,1,0.1334,0.0413,376832,15,15,1.8612,33648,0,0,62.97840118408203,15.4350004196167,3.483099937438965,3.839900016784668,0.46619999408721924,6.846700191497803,0.0139,0,0.1911,15.8526,26.567,10.1585,0.618,1,2643368,197606,10000,43658,9995,58.37168,38.10576
185,98.70230102539062,0.3418999910354614,20.129499435424805,5.148799896240234,1.6210999488830566,2.305000066757202,14.610300064086914,0,0,10009,20000,10006,20000,20000,10000,0.3995000123977661,3.6273999214172363,5.27239990234375,10000,2.185999999999827,1.4487,1,0.14279999999999998,0.0838,376832,15,15,2.6877,7712,0,0,20.609800338745117,14.645500183105469,3.3947999477386475,3.994800090789795,0.013700000010430813,48.80500030517578,0,0,0,0,0,0,0,0,0,0,0,0,0,58.75148,38.22632
186,98.43389892578125,2.5717999935150146,19.747400283813477,5.234300136566162,1.642899990081787,2.2451999187469482,14.537500381469727,0,0,10009,20000,10006,20000,20000,10000,0.36660000681877136,3.546799898147583,5.05019998550415,10000,2.1456999999998194,1.4803,1,0.1315,0.0463,376832,15,15,2.2645,15952,0,0,22.533899307250977,14.574600219726562,3.4509999752044678,3.5524001121520996,0.01489999983459711,47.433799743652344,0,0,0,0,0,0,0,0,0,0,0,0,0,58.46864,38.29056
187,98.68579864501953,5.013700008392334,22.88920021057129,5.671500205993652,1.8911000490188599,3.744800090789795,14.618599891662598,0,0,10009,20000,10006,20000,20000,10000,0.4097999930381775,4.581200122833252,4.539899826049805,10000,2.1245999999998197,2.4658,1,0.1435,0.0806,376832,15,15,3.0094,513480,0,0,28.108800888061523,15.07610034942627,4.48769998550415,9.053199768066406,0.4307999908924103,34.31949996948242,0,0,0,0,0,0,0,0,0,0,0,0,0,58.1148,38.09668
188,125.14019775390625,57.861000061035156,33.78850173950195,5.6153998374938965,9.532699584960938,6.286099910736084,14.670299530029297,0,0,10009,20000,10006,20000,20000,10000,0.44600000977516174,3.550600051879883,5.979599952697754,10000,2.339399999999835,1.4867,1,0.1323,0.0663,376832,15,15,1.7671,41832,0,0,91.7853012084961,19.099599838256836,3.465100049972534,4.042399883270264,4.409599781036377,0.304500013589859,0.0108,12.119999885559082,0.1902,19.0271,38.8525,15.3254,1.6472,1,2650608,191441,10000,42277,9996,58.11124,38.07316
189,71.89420318603516,0.4790000021457672,22.80109977722168,5.739200115203857,2.446500062942505,2.316699981689453,15.00510025024414,0,0,10009,20000,10006,20000,20000,10000,0.5029000043869019,3.7578999996185303,5.725200176239014,10000,2.1643999999998247,2.2433,1,0.13119999999999998,0.0374,376832,15,15,2.3899,7712,0,0,23.480199813842773,15.03320026397705,4.3993000984191895,3.7604000568389893,0.009800000116229057,18.14080047607422,0,0,0,0,0,0,0,0,0,0,0,0,0,57.98356,38.05292
190,97.89299774169922,2.6761999130249023,21.162500381469727,5.116300106048584,2.5058000087738037,2.377500057220459,14.287199974060059,0,0,10009,20000,10006,20000,20000,10000,0.4009000062942505,3.734600067138672,5.29610013961792,10000,2.1275999999998194,1.5665,1,0.1448,0.0857,376832,15,15,2.0423,15952,0,0,23.971799850463867,14.334500312805176,3.481300115585327,3.9184999465942383,0.014399999752640724,45.57659912109375,0,0,0,0,0,0,0,0,0,0,0,0,0,58.16036,38.03852
191,98.80940246582031,4.660799980163574,20.376300811767578,5.5690999031066895,1.6325000524520874,2.920300006866455,14.380599975585938,0,0,10009,20000,10006,20000,20000,10000,0.3569999933242798,3.478800058364868,4.468599796295166,10000,2.1666999999998207,2.1119,1,0.1325,0.046799999999999994,376832,15,15,1.8312,542800,0,0,25.168100357055664,14.909700393676758,4.176199913024902,6.670499801635742,0.5102999806404114,41.52050018310547,0,0,0,0,0,0,0,0,0,0,0,0,0,58.29408,38.02036
192,97.52300262451172,4.683000087738037,20.912900924682617,5.206999778747559,1.8293999433517456,2.593100070953369,14.687600135803223,0,0,10009,20000,10006,20000,20000,10000,0.3296000063419342,4.503499984741211,4.610499858856201,10000,2.175899999999824,2.4358,1,0.131,0.048,376832,15,15,1.7636,39720,0,0,25.73819923400879,14.726799964904785,4.441500186920166,3.287899971008301,0.009700000286102295,42.833499908447266,0,0,0,0,0,0,0,0,0,0,0,0,0,58.93992,38.17988
193,98.33439636230469,0.3264000117778778,21.24850082397461,5.22790002822876,2.467099905014038,2.4684998989105225,14.274399757385254,0,0,10009,20000,10006,20000,20000,10000,0.39239999651908875,3.6407999992370605,5.338500022888184,10000,3.839100000000034,2.3733,1,0.14930000000000002,0.0739,376832,15,15,2.9491,7712,0,0,21.713699340820312,14.313400268554688,4.3933000564575195,3.8580000400543213,0.015200000256299973,44.535499572753906,0,0,0,0,0,0,0,0,0,0,0,0,0,58.12384,37.99556
194,99.06890106201172,2.8659000396728516,20.124799728393555,5.2546000480651855,1.6035000085830688,2.3513998985290527,14.592900276184082,0,0,10009,20000,10006,20000,20000,10000,0.37450000643730164,3.646199941635132,5.196499824523926,10000,2.158999999999823,1.5642,1,0.1311,0.0449,376832,15,15,1.8944,15952,0,0,23.207799911499023,14.634400367736816,3.5855000019073486,3.7720000743865967,0.015799999237060547,47.157100677490234,0,0,0,0,0,0,0,0,0,0,0,0,0,58.07524,38.3328
195,97.82440185546875,4.76170015335083,20.13719940185547,5.4085001945495605,1.5810999870300293,2.9395999908447266,14.243300437927246,0,0,10009,20000,10006,20000,20000,10000,0.3903000056743622,3.456199884414673,4.444200038909912,10000,2.1430999999998215,2.2967,1,0.13090000000000002,0.0527,376832,15,15,1.7595,558888,0,0,25.118000030517578,14.99779987335205,4.290299892425537,6.332699775695801,0.7263000011444092,40.650001525878906,0,0,0,0,0,0,0,0,0,0,0,0,0,58.24152,38.072
196,98.25160217285156,27.773700714111328,31.4424991607666,5.186200141906738,9.319600105285645,6.0605998039245605,14.655900001525879,0,0,10009,20000,10006,20000,20000,10000,0.36010000109672546,3.6779000759124756,4.701499938964844,10000,2.146799999999818,1.4997,1,0.16649999999999998,0.0478,376832,15,15,1.8565,8048,0,0,59.35490036010742,18.825199127197266,3.481800079345703,4.25439977645874,4.145299911499023,5.950300216674805,0.0106,0,0.1694,17.2957,17.8285,0.0008,7.0564,1,2640040,0,0,0,9970,58.24964,37.91592
197,98.29609680175781,0.33379998803138733,19.98419952392578,5.093500137329102,1.648300051689148,2.3561999797821045,14.293999671936035,0,0,10009,20000,10006,20000,20000,10000,0.3993000090122223,3.5069000720977783,5.252299785614014,10000,2.1463999999998227,1.3991,1,0.1453,0.0779,376832,15,15,2.751,7712,0,0,20.45009994506836,14.322099685668945,3.3733999729156494,3.529099941253662,0.009700000286102295,49.344600677490234,0,0,0,0,0,0,0,0,0,0,0,0,0,58.29428,37.96516
198,98.02300262451172,2.785799980163574,20.230300903320312,5.140600204467773,1.86080002784729,2.2653000354766846,14.307999610900879,0,0,10009,20000,10006,20000,20000,10000,0.38940000534057617,3.5887999534606934,5.273600101470947,10000,2.14889999999982,1.7918,1,0.1727,0.0512,376832,15,15,1.7968,15952,0,0,23.149099349975586,14.350600242614746,3.7460999488830566,3.5905001163482666,0.014600000344216824,46.722198486328125,0,0,0,0,0,0,0,0,0,0,0,0,0,58.213,38.22652
199,98.38839721679688,4.920100212097168,20.635000228881836,5.538599967956543,1.6003999710083008,2.9862000942230225,14.461099624633789,0,0,10009,20000,10006,20000,20000,10000,0.46309998631477356,3.523699998855591,4.524199962615967,10000,2.1431999999998212,2.3142,1,0.132,0.0477,376832,15,15,1.8126,551760,0,0,25.693700790405273,15.212400436401367,4.300000190734863,7.245800018310547,0.7293999791145325,39.675899505615234,0,0,0,0,0,0,0,0,0,0,0,0,0,58.2774,37.96832
200,98.39839935302734,32.88759994506836,31.33209991455078,5.3831000328063965,8.682999610900879,6.222799777984619,14.822500228881836,0,0,10009,20000,10006,20000,20000,10000,0.3799999952316284,3.7304999828338623,4.797599792480469,10000,2.1427999999998275,1.7022,1,0.13129999999999997,0.0432,376832,15,15,1.9368,37904,0,0,64.4291000366211,15.422599792480469,3.6424999237060547,4.389500141143799,0.5702000260353088,3.934000015258789,0.0114,0,0.175,16.2849,27.7043,10.8913,0.6138,1,2672110,193252,9999,42801,9992,58.43332,37.94152
201,98.13369750976562,0.328900009393692,20.131799697875977,5.127299785614014,1.8639999628067017,2.2455999851226807,14.473199844360352,0,0,10009,20000,10006,20000,20000,10000,0.34880000352859497,3.5778000354766846,5.276899814605713,10000,2.1532999999998195,1.6383,1,0.14839999999999998,0.0661,376832,15,15,2.8978,7712,0,0,20.59320068359375,14.509400367736816,3.575900077819824,3.8108999729156494,0.01489999983459711,48.08610153198242,0,0,0,0,0,0,0,0,0,0,0,0,0,58.49228,37.91936
202,98.00910186767578,2.5906999111175537,21.790300369262695,5.369100093841553,1.7098000049591064,2.967400074005127,14.858499526977539,0,0,10009,20000,10006,20000,20000,10000,0.6453999876976013,4.203700065612793,5.172699928283691,10000,2.161599999999824,2.5035,1,0.1341,0.05,376832,15,15,1.9384,15952,0,0,24.5310001373291,14.905400276184082,4.5015997886657715,3.945199966430664,0.01510000042617321,43.58509826660156,0,0,0,0,0,0,0,0,0,0,0,0,0,58.32192,37.88732
203,98.32779693603516,4.763299942016602,24.24340057373047,5.7692999839782715,2.0302999019622803,4.001699924468994,15.047200202941895,0,0,10009,20000,10006,20000,20000,10000,0.43320000171661377,5.252099990844727,4.5802998542785645,10000,2.1614999999998323,3.0918,1,0.15560000000000002,0.0873,376832,15,15,3.2801,514944,0,0,29.150100708007812,15.792499542236328,5.1458001136779785,8.65429973602295,0.7063000202178955,30.63759994506836,0,0,0,0,0,0,0,0,0,0,0,0,0,58.2814,37.9242
204,112.19080352783203,46.22140121459961,35.79669952392578,5.391300201416016,9.966500282287598,7.344200134277344,14.76990032196045,0,0,10009,20000,10006,20000,20000,10000,0.47999998927116394,4.9670000076293945,5.338699817657471,10000,2.233499999999857,2.0019,1,0.13379999999999997,0.058300000000000005,376832,15,15,1.784,46448,0,0,82.16419982910156,15.384200096130371,3.967400074005127,4.0106000900268555,0.5866000056266785,0.20000000298023224,0.0108,10.657699584960938,0.1684,17.3554,29.8674,11.952,0.7472,1,2664692,186638,10000,40975,9993,58.09992,37.69184
205,84.41960144042969,0.3587999939918518,21.931800842285156,5.412099838256836,2.4946000576019287,2.53410005569458,14.632100105285645,0,0,10009,20000,10006,20000,20000,10000,0.3833000063896179,3.708400011062622,5.377099990844727,10000,2.140999999999821,2.2718,1,0.13999999999999999,0.0468,376832,15,15,1.6757,7712,0,0,22.425100326538086,14.67770004272461,4.250699996948242,3.907900094985962,0.017400000244379044,32.94820022583008,0,0,0,0,0,0,0,0,0,0,0,0,0,58.43536,37.81576
206,97.54769897460938,3.0815999507904053,21.150999069213867,5.2729997634887695,1.6821999549865723,2.6993000507354736,14.617300033569336,0,0,10009,20000,10006,20000,20000,10000,0.3804999887943268,3.9853999614715576,5.40880012512207,10000,2.127699999999819,1.7347,1,0.1329,0.041,376832,15,15,1.7105,15952,0,0,24.37579917907715,14.653200149536133,3.8001999855041504,3.115000009536743,0.010200000368058681,45.294498443603516,0,0,0,0,0,0,0,0,0,0,0,0,0,58.318,37.82876
207,97.93160247802734,5.026599884033203,20.596799850463867,5.5441999435424805,1.6511000394821167,2.9305999279022217,14.524800300598145,0,0,10009,20000,10006,20000,20000,10000,0.3594000041484833,3.544300079345703,4.591800212860107,10000,2.1397999999998203,2.1459,1,0.1318,0.0502,376832,15,15,1.6989,592768,0,0,25.820499420166016,15.333900451660156,4.086100101470947,5.964000225067139,0.7821999788284302,40.41120147705078,0,0,0,0,0,0,0,0,0,0,0,0,0,58.00492,37.74892
208,98.26950073242188,4.665999889373779,21.04680061340332,5.240200042724609,1.6360000371932983,2.7997000217437744,14.701700210571289,0,0,10009,20000,10006,20000,20000,10000,0.43700000643730164,4.7947998046875,4.4679999351501465,10000,2.13879999999982,2.5118,1,0.137,0.0513,376832,15,15,1.674,41832,0,0,25.8528995513916,14.746899604797363,4.501399993896484,3.0624001026153564,0.015300000086426735,43.91189956665039,0,0,0,0,0,0,0,0,0,0,0,0,0,58.68264,37.79184
209,97.45800018310547,0.32010000944137573,20.370500564575195,5.211999893188477,1.728600025177002,2.5007998943328857,14.494099617004395,0,0,10009,20000,10006,20000,20000,10000,0.3537999987602234,3.6879000663757324,5.17579984664917,10000,2.1503999999998213,2.3592,1,0.145,0.0781,376832,15,15,2.7543,7712,0,0,20.86910057067871,14.537799835205078,4.352799892425537,3.062999963760376,0.014600000344216824,47.13850021362305,0,0,0,0,0,0,0,0,0,0,0,0,0,58.99516,37.73708
210,98.42220306396484,2.5857999324798584,19.860300064086914,5.094699859619141,1.6884000301361084,2.229300022125244,14.629599571228027,0,0,10009,20000,10006,20000,20000,10000,0.3368000090122223,3.6043999195098877,5.251200199127197,10000,2.1502999999998225,2.2326,1,0.131,0.0375,376832,15,15,1.694,15952,0,0,22.591299057006836,14.665200233459473,4.173699855804443,2.407900094985962,0.01360000018030405,48.308998107910156,0,0,0,0,0,0,0,0,0,0,0,0,0,58.18624,37.96152
211,98.5907974243164,4.875699996948242,20.398300170898438,5.507599830627441,1.593999981880188,2.9382998943328857,14.36139965057373,0,0,10009,20000,10006,20000,20000,10000,0.48339998722076416,3.5638999938964844,4.388700008392334,10000,2.1390999999998197,2.3882,1,0.1305,0.0543,376832,15,15,1.6619,525872,0,0,25.415300369262695,15.117199897766113,4.397299766540527,6.46999979019165,0.7261000275611877,40.97480010986328,0,0,0,0,0,0,0,0,0,0,0,0,0,58.53056,37.81688
212,97.9406967163086,19.97760009765625,32.447200775146484,5.593100070953369,10.514900207519531,5.5278000831604,14.62030029296875,0,0,10009,20000,10006,20000,20000,10000,0.4223000109195709,3.6856000423431396,4.40369987487793,10000,2.137699999999824,2.2644,1,0.1433,0.0847,376832,15,15,2.6887,8048,0,0,52.56209945678711,15.141400337219238,4.248000144958496,3.609999895095825,0.4927999973297119,15.11929988861084,0.0112,0,0.1683,15.7554,16.2925,0.0002,0.6909,1,2632412,0,0,0,9965,58.30596,37.70776
213,98.21240234375,0.3303000032901764,20.283100128173828,5.300000190734863,1.9012000560760498,2.343100070953369,14.407500267028809,0,0,10009,20000,10006,20000,20000,10000,0.352400004863739,3.533099889755249,5.181600093841553,10000,2.1254999999998176,1.8082,1,0.2082,0.067,376832,15,15,1.8986,7712,0,0,20.749399185180664,14.436599731445312,3.7816998958587646,2.5764999389648438,0.00989999994635582,50.22100067138672,0,0,0,0,0,0,0,0,0,0,0,0,0,58.675,37.66352
214,98.32959747314453,2.875,20.598899841308594,5.173699855804443,1.7127000093460083,2.3276000022888184,14.541099548339844,0,0,10009,20000,10006,20000,20000,10000,0.35929998755455017,3.929800033569336,5.3221001625061035,10000,2.1343999999998187,1.4288,1,0.1337,0.0406,376832,15,15,1.6564,15952,0,0,23.610599517822266,14.588700294494629,3.339400053024292,3.1410000324249268,0.015699999406933784,47.2150993347168,0,0,0,0,0,0,0,0,0,0,0,0,0,58.34452,37.80112
215,98.0969009399414,4.72599983215332,20.416400909423828,5.440499782562256,1.680799961090088,3.037100076675415,14.350500106811523,0,0,10009,20000,10006,20000,20000,10000,0.4162999987602234,3.529400110244751,4.382299900054932,10000,2.1283999999998193,2.2324,1,0.1316,0.048,376832,15,15,2.2799,583368,0,0,25.274099349975586,14.874699592590332,4.236400127410889,6.625100135803223,0.49480000138282776,40.31589889526367,0,0,0,0,0,0,0,0,0,0,0,0,0,58.5972,37.7748
216,105.86900329589844,45.31909942626953,32.4901008605957,5.473100185394287,9.973299980163574,5.542600154876709,14.399999618530273,0,0,10009,20000,10006,20000,20000,10000,0.39899998903274536,4.005499839782715,4.831999778747559,10000,2.1328999999998217,1.3969,1,0.1451,0.0936,376832,15,15,1.7589,36896,0,0,78.01920318603516,15.031999588012695,3.322000026702881,2.992300033569336,0.6060000061988831,0.21369999647140503,0.0114,10.886799812316895,0.1678,17.4329,28.9098,10.9325,0.7557,1,2649924,186600,10000,40907,9991,58.38924,37.4694
217,90.42949676513672,0.3262999951839447,20.632200241088867,5.155200004577637,1.6721999645233154,2.7253000736236572,14.23799991607666,0,0,10009,20000,10006,20000,20000,10000,0.4043999910354614,3.9156999588012695,5.064300060272217,10000,2.1165999999998166,2.3919,1,0.1421,0.0717,376832,15,15,2.0353,7712,0,0,21.113500595092773,14.271699905395508,4.337500095367432,3.1126999855041504,0.009700000286102295,41.14360046386719,0,0,0,0,0,0,0,0,0,0,0,0,0,58.49916,37.64768
218,97.760498046875,2.7941999435424805,19.931100845336914,5.104700088500977,1.5915000438690186,2.264400005340576,14.530200004577637,0,0,10009,20000,10006,20000,20000,10000,0.3885999917984009,3.694499969482422,5.2230000495910645,10000,2.1331999999998197,1.4798,1,0.13169999999999998,0.039999999999999994,376832,15,15,2.3344,15952,0,0,22.869800567626953,14.565999984741211,3.48009991645813,3.0964999198913574,0.010599999688565731,46.89889907836914,0,0,0,0,0,0,0,0,0,0,0,0,0,58.34008,37.61092
219,98.2645034790039,4.906000137329102,21.262100219726562,5.402100086212158,1.6031999588012695,2.9814000129699707,14.344099998474121,0,0,10009,20000,10006,20000,20000,10000,0.4230000078678131,3.835599899291992,5.049300193786621,10000,2.1528999999998213,1.4592,1,0.1407,0.0748,376832,15,15,2.262,529072,0,0,26.30470085144043,14.886300086975098,3.3959999084472656,6.44920015335083,0.5142999887466431,40.437400817871094,0,0,0,0,0,0,0,0,0,0,0,0,0,58.29976,37.57012
220,103.7593002319336,44.33150100708008,31.373199462890625,5.306300163269043,9.749899864196777,5.895999908447266,14.628999710083008,0,0,10009,20000,10006,20000,20000,10000,0.3546999990940094,3.8545000553131104,4.097899913787842,10000,2.12289999999982,1.5693,1,0.13429999999999997,0.05,376832,15,15,1.4993,45736,0,0,75.92120361328125,15.206700325012207,3.5144999027252197,2.873199939727783,0.5507000088691711,0.21170000731945038,0.0118,10.831000328063965,0.1396,16.4296,27.9395,11.0298,0.6502,1,2613240,178770,10000,38775,9992,58.8236,37.56408
221,91.76069641113281,0.32829999923706055,21.910900115966797,5.519499778747559,1.6926000118255615,2.65339994430542,14.706299781799316,0,0,10009,20000,10006,20000,20000,10000,0.48500001430511475,3.81820011138916,5.9984002113342285,10000,2.154199999999821,2.3464,1,0.134,0.0455,376832,15,15,1.5918,7712,0,0,22.385299682617188,14.748499870300293,4.345099925994873,2.7070000171661377,0.014999999664723873,41.44649887084961,0,0,0,0,0,0,0,0,0,0,0,0,0,58.15568,37.55768
222,98.07039642333984,6.230599880218506,20.441200256347656,5.532400131225586,1.681399941444397,3.1033999919891357,14.342399597167969,0,0,10009,20000,10006,20000,20000,10000,0.41749998927116394,3.5276999473571777,4.303500175476074,10000,2.1370999999998217,2.2119,1,0.131,0.0457,376832,15,15,2.5093,476960,0,0,26.89189910888672,15.046799659729004,4.113900184631348,5.929100036621094,0.6776000261306763,39.070098876953125,0,0,0,0,0,0,0,0,0,0,0,0,0,58.60376,37.46756
223,97.83580017089844,4.506100177764893,19.606199264526367,5.187099933624268,1.7827999591827393,2.233599901199341,14.406499862670898,0,0,10009,20000,10006,20000,20000,10000,0.35670000314712524,3.7825000286102295,4.642300128936768,10000,2.1884999999998276,1.7428,1,0.1326,0.041999999999999996,376832,15,15,1.4979,51600,0,0,24.254199981689453,14.452500343322754,3.6840999126434326,2.926300048828125,0.015699999406933784,46.331298828125,0,0,0,0,0,0,0,0,0,0,0,0,0,58.31124,37.58288
224,98.05690002441406,0.33079999685287476,20.855300903320312,5.174499988555908,2.3833999633789062,2.2172000408172607,14.23490047454834,0,0,10009,20000,10006,20000,20000,10000,0.4097000062465668,3.578900098800659,5.397299766540527,10000,2.1263999999998187,1.884,1,0.1419,0.08549999999999999,376832,15,15,1.8424,7712,0,0,21.359800338745117,14.263099670410156,3.834199905395508,2.7860000133514404,0.009399999864399433,49.46989822387695,0,0,0,0,0,0,0,0,0,0,0,0,0,58.12288,37.6106
225,97.82219696044922,2.831899881362915,23.015499114990234,5.368000030517578,2.7988998889923096,3.009200096130371,14.73490047454834,0,0,10009,20000,10006,20000,20000,10000,0.5169000029563904,4.113399982452393,5.464799880981445,10000,2.149799999999836,2.4406,1,0.1659,0.0877,376832,15,15,1.7365,15952,0,0,25.9955997467041,14.78439998626709,4.440299987792969,3.387500047683716,0.016300000250339508,41.63119888305664,0,0,0,0,0,0,0,0,0,0,0,0,0,58.41732,37.75708
226,97.40570068359375,4.8653998374938965,23.218399047851562,5.628300189971924,1.770799994468689,4.5690999031066895,14.686800003051758,0,0,10009,20000,10006,20000,20000,10000,0.49390000104904175,4.042799949645996,4.672599792480469,10000,2.185599999999821,2.3952,1,0.14579999999999999,0.0761,376832,15,15,2.7694,545592,0,0,28.268400192260742,15.479700088500977,4.386000156402588,8.16409969329834,0.7587000131607056,33.55400085449219,0,0,0,0,0,0,0,0,0,0,0,0,0,58.3024,37.7326
227,102.05139923095703,25.26650047302246,42.85929870605469,7.380499839782715,13.173500061035156,8.01099967956543,16.670499801635742,0,0,10009,20000,10006,20000,20000,10000,0.47589999437332153,4.5528998374938965,6.734600067138672,10000,2.1951999999998275,2.4018,1,0.14780000000000001,0.08779999999999999,376832,15,15,2.6971,8048,0,0,68.27220153808594,17.179000854492188,4.475599765777588,4.158100128173828,0.4726000130176544,0.27790001034736633,0.0109,0,0.1437,19.6328,20.2516,0.0006,0.7999,1,2559276,0,0,0,9949,58.14892,37.6308
228,94.32319641113281,0.4027000069618225,25.301300048828125,5.761199951171875,2.986599922180176,3.645400047302246,15.023300170898438,0,0,10009,20000,10006,20000,20000,10000,0.46369999647140503,4.926300048828125,5.434599876403809,10000,2.174199999999825,2.0106,1,0.1471,0.0837,376832,15,15,2.5718,7712,0,0,25.92099952697754,15.073100090026855,4.099599838256836,3.1312999725341797,0.015599999576807022,38.8109016418457,0,0,0,0,0,0,0,0,0,0,0,0,0,58.20216,37.68016
229,97.64230346679688,7.054999828338623,24.43199920654297,5.714900016784668,2.257200002670288,4.119800090789795,15.629400253295898,0,0,10009,20000,10006,20000,20000,10000,0.44339999556541443,5.311100006103516,4.6230998039245605,10000,2.256999999999829,2.5592,1,0.15180000000000002,0.07999999999999999,376832,15,15,2.5053,489424,0,0,31.67959976196289,16.366600036621094,4.657700061798096,8.332500457763672,0.6931999921798706,29.298500061035156,0,0,0,0,0,0,0,0,0,0,0,0,0,58.24448,37.82164
230,110.49800109863281,34.66849899291992,41.09479904174805,6.808000087738037,11.812299728393555,7.280700206756592,16.950300216674805,0,0,10009,20000,10006,20000,20000,10000,0.5357999801635742,4.703700065612793,7.355599880218506,10000,2.341499999999892,2.6442,1,0.1515,0.0753,376832,15,15,2.5809,37120,0,0,75.95999908447266,17.53689956665039,4.792699813842773,4.26639986038208,0.5493000149726868,0.2831000089645386,0.0112,0,0.1385,15.953,28.219,11.7606,0.7421,1,2555358,176424,10000,38542,9993,58.1026,37.538
231,85.13739776611328,0.44290000200271606,26.236000061035156,5.350599765777588,4.254799842834473,2.7235000133514404,14.618399620056152,0,0,10009,20000,10006,20000,20000,10000,0.3734000027179718,3.865799903869629,7.311500072479248,10000,2.1346999999998206,1.3731,1,0.13169999999999998,0.04,376832,15,15,1.9438,7712,0,0,26.917499542236328,14.666399955749512,3.365999937057495,3.1972999572753906,0.01510000042617321,30.454999923706055,0,0,0,0,0,0,0,0,0,0,0,0,0,58.65444,37.6302
232,97.40080261230469,3.093400001525879,22.611299514770508,5.423399925231934,2.8515000343322754,2.8447000980377197,14.794099807739258,0,0,10009,20000,10006,20000,20000,10000,0.43880000710487366,4.008200168609619,5.306300163269043,10000,2.168399999999828,2.4465,1,0.13330000000000003,0.047299999999999995,376832,15,15,2.3718,15952,0,0,25.926799774169922,14.842000007629395,4.386600017547607,3.348900079727173,0.01640000008046627,41.77119827270508,0,0,0,0,0,0,0,0,0,0,0,0,0,58.25648,37.6234
233,98.18879699707031,4.899499893188477,22.54949951171875,5.638999938964844,2.109800100326538,3.8203999996185303,14.781299591064453,0,0,10009,20000,10006,20000,20000,10000,0.4763000011444092,3.9851999282836914,4.566199779510498,10000,2.210299999999826,2.2972,1,0.1395,0.0455,376832,15,15,2.0788,561464,0,0,27.578899383544922,15.551899909973145,4.2743000984191895,7.221499919891357,0.7384999990463257,36.862098693847656,0,0,0,0,0,0,0,0,0,0,0,0,0,58.313,37.70124
234,115.10690307617188,51.494598388671875,34.33530044555664,5.622200012207031,10.197999954223633,6.268199920654297,14.983099937438965,0,0,10009,20000,10006,20000,20000,10000,0.475600004196167,4.669300079345703,4.706099987030029,10000,2.138899999999819,2.2139,1,0.13090000000000002,0.048799999999999996,376832,15,15,1.625,48912,0,0,85.98310089111328,15.51729965209961,4.210400104522705,3.039900064468384,0.5001000165939331,0.2962999939918518,0.0108,12.519100189208984,0.1389,19.153,32.9075,13.1001,0.7798,1,2500242,168405,10000,36595,9992,58.46052,37.70004
235,80.88929748535156,0.3937999904155731,26.549699783325195,5.607699871063232,3.113800048828125,2.9862000942230225,14.634400367736816,0,0,10009,20000,10006,20000,20000,10000,0.4163999855518341,4.667500019073486,7.351200103759766,10000,2.16229999999982,2.3144,1,0.14229999999999998,0.0843,376832,15,15,2.6051,7712,0,0,27.138700485229492,14.664899826049805,4.325099945068359,3.2016000747680664,0.009499999694526196,24.2091007232666,0,0,0,0,0,0,0,0,0,0,0,0,0,58.1256,37.5356
236,97.73390197753906,4.447199821472168,26.262300491333008,5.740600109100342,3.217600107192993,3.4193999767303467,14.96660041809082,0,0,10009,20000,10006,20000,20000,10000,0.5038999915122986,4.488100051879883,6.968500137329102,10000,2.1510999999998197,2.4387,1,0.14450000000000002,0.08549999999999999,376832,15,15,3.1077,15952,0,0,30.922000885009766,14.998299598693848,4.597899913787842,3.240299940109253,0.009999999776482582,36.20539855957031,0,0,0,0,0,0,0,0,0,0,0,0,0,58.27204,37.45536
237,97.74859619140625,5.498300075531006,26.0049991607666,6.196800231933594,2.90910005569458,3.8805999755859375,14.772700309753418,0,0,10009,20000,10006,20000,20000,10000,0.45329999923706055,3.9102001190185547,6.555200099945068,10000,2.207399999999852,2.4063,1,0.1675,0.0791,376832,15,15,2.7846,557912,0,0,31.657800674438477,15.250499725341797,4.433300018310547,7.1020002365112305,0.45680001378059387,31.80470085144043,0,0,0,0,0,0,0,0,0,0,0,0,0,58.21944,37.406
238,97.5873031616211,5.030799865722656,25.22410011291504,6.349999904632568,3.874799966812134,2.973900079727173,14.784799575805664,0,0,10009,20000,10006,20000,20000,10000,0.4350000023841858,4.803100109100342,4.9278998374938965,10000,2.1683999999998242,2.0084,1,0.178,0.0536,376832,15,15,1.5869,40488,0,0,30.400800704956055,14.818699836730957,3.9971001148223877,3.1340999603271484,0.009999999776482582,38.96820068359375,0,0,0,0,0,0,0,0,0,0,0,0,0,58.58452,37.4462
239,97.41300201416016,0.3305000066757202,21.190000534057617,5.311999797821045,2.56820011138916,2.317500114440918,14.654000282287598,0,0,10009,20000,10006,20000,20000,10000,0.3635999858379364,3.5589001178741455,5.316400051116943,10000,2.1434999999998214,1.5106,1,0.14150000000000001,0.0784,376832,15,15,1.8734,7712,0,0,21.671300888061523,14.69279956817627,3.4428999423980713,2.6684999465942383,0.014999999664723873,48.44459915161133,0,0,0,0,0,0,0,0,0,0,0,0,0,58.35508,37.59408
240,97.94270324707031,7.767600059509277,23.431800842285156,5.829500198364258,2.310499906539917,3.919600009918213,14.724200248718262,0,0,10009,20000,10006,20000,20000,10000,0.41999998688697815,3.8157999515533447,5.144000053405762,10000,2.1285999999998193,2.3466,1,0.14279999999999998,0.08230000000000001,376832,15,15,2.0613,612176,0,0,31.33370018005371,15.234600067138672,4.414299964904785,6.0279998779296875,0.4887000024318695,34.31669998168945,0,0,0,0,0,0,0,0,0,0,0,0,0,58.4948,37.46128
241,97.77639770507812,20.967599868774414,31.837299346923828,5.347899913787842,9.559200286865234,5.300000190734863,14.55840015411377,0,0,10009,20000,10006,20000,20000,10000,0.4171999990940094,3.733599901199341,5.266200065612793,10000,2.1390999999998206,1.7118,1,0.14550000000000002,0.0755,376832,15,15,2.6928,8048,0,0,52.94969940185547,15.076199531555176,3.686000108718872,3.437000036239624,0.49869999289512634,15.330100059509277,0.0107,0,0.144,16.7436,17.2908,0.0004,0.6895,1,2439262,0,0,0,9945,58.16728,37.54608
242,97.77239990234375,0.3208000063896179,19.935100555419922,5.156899929046631,1.7569999694824219,2.214400053024292,14.299300193786621,0,0,10009,20000,10006,20000,20000,10000,0.4187000095844269,3.597899913787842,5.111700057983398,10000,2.1465999999998204,1.5154,1,0.1444,0.0738,376832,15,15,1.533,7712,0,0,20.398700714111328,14.33810043334961,3.452899932861328,2.9502999782562256,0.014299999922513962,50.53900146484375,0,0,0,0,0,0,0,0,0,0,0,0,0,58.52988,37.72968
243,97.90799713134766,6.772500038146973,20.138900756835938,5.465799808502197,1.687600016593933,2.8224000930786133,14.430000305175781,0,0,10009,20000,10006,20000,20000,10000,0.3785000145435333,3.5104000568389893,4.429100036621094,10000,2.13749999999982,2.2703,1,0.1391,0.051899999999999995,376832,15,15,1.6797,503200,0,0,27.050899505615234,14.867400169372559,4.2480998039245605,6.834799766540527,0.41999998688697815,38.6703987121582,0,0,0,0,0,0,0,0,0,0,0,0,0,58.39668,37.45992
244,97.88569641113281,30.423500061035156,31.689699172973633,5.307499885559082,9.734600067138672,5.978700160980225,14.648900032043457,0,0,10009,20000,10006,20000,20000,10000,0.44119998812675476,3.813199996948242,4.30709981918335,10000,2.139099999999821,1.3869,1,0.13219999999999998,0.048100000000000004,376832,15,15,1.5039,48184,0,0,62.30860137939453,15.233699798583984,3.2934999465942383,3.1991000175476074,0.557200014591217,7.768899917602539,0.0108,0,0.1405,15.1955,25.2662,9.6068,0.6414,1,2408280,163971,10000,35803,9989,58.37888,37.50108
245,97.88269805908203,0.3398999869823456,19.797300338745117,5.116199970245361,1.6295000314712524,2.3303000926971436,14.246500015258789,0,0,10009,20000,10006,20000,20000,10000,0.34929999709129333,3.532900094985962,5.16379976272583,10000,2.1207999999998175,1.3763,1,0.1328,0.0471,376832,15,15,1.625,7712,0,0,20.309999465942383,14.280099868774414,3.3420000076293945,2.787400007247925,0.014000000432133675,51.08639907836914,0,0,0,0,0,0,0,0,0,0,0,0,0,58.7438,37.4302
246,97.72339630126953,6.61329984664917,22.137500762939453,5.559299945831299,1.7660000324249268,3.878499984741211,14.68910026550293,0,0,10009,20000,10006,20000,20000,10000,0.4417000114917755,4.069499969482422,4.3892998695373535,10000,2.1455999999998254,1.4079,1,0.1342,0.0517,376832,15,15,2.4075,498088,0,0,28.889999389648438,15.44379997253418,3.3736000061035156,6.448200225830078,0.7228999733924866,36.61819839477539,0,0,0,0,0,0,0,0,0,0,0,0,0,58.60432,37.50284
247,114.70359802246094,50.98149871826172,34.56679916381836,5.6554999351501465,10.123200416564941,6.229100227355957,14.659299850463867,0,0,10009,20000,10006,20000,20000,10000,0.4438000023365021,3.924299955368042,5.780099868774414,10000,2.148199999999822,2.3218,1,0.13160000000000002,0.0447,376832,15,15,1.7262,38608,0,0,85.6875,15.238300323486328,4.297100067138672,3.061500072479248,0.5595999956130981,0.26649999618530273,0.0108,12.264300346374512,0.1376,18.027,32.4005,13.644,0.8336,1,2347732,155920,10000,33929,9987,58.72276,37.50308
248,81.45880126953125,0.3896999955177307,22.386600494384766,5.247799873352051,1.9391000270843506,2.541100025177002,14.496800422668457,0,0,10009,20000,10006,20000,20000,10000,0.4020000100135803,4.030600070953369,6.321400165557861,10000,2.1255999999998196,2.2678,1,0.14329999999999998,0.05940000000000001,376832,15,15,2.3532,7712,0,0,22.995800018310547,14.535599708557129,4.216000080108643,3.1556999683380127,0.014600000344216824,29.661100387573242,0,0,0,0,0,0,0,0,0,0,0,0,0,58.37088,37.58832
249,98.03910064697266,2.6570000648498535,21.17140007019043,5.2118000984191895,1.996399998664856,2.7548999786376953,14.42020034790039,0,0,10009,20000,10006,20000,20000,10000,0.36309999227523804,3.901599884033203,5.246200084686279,10000,2.12239999999982,1.6675,1,0.13690000000000002,0.0543,376832,15,15,2.3552,15952,0,0,23.96339988708496,14.464500427246094,3.660900115966797,3.553499937057495,0.014600000344216824,45.51459884643555,0,0,0,0,0,0,0,0,0,0,0,0,0,58.36672,37.51908
250,97.89800262451172,4.752900123596191,21.087499618530273,5.435200214385986,1.6022000312805176,3.525599956512451,14.235799789428711,0,0,10009,20000,10006,20000,20000,10000,0.40610000491142273,3.7267000675201416,4.4131999015808105,10000,2.1490999999998257,2.4983,1,0.1442,0.0811,376832,15,15,2.6836,511480,0,0,25.97010040283203,14.95580005645752,4.474400043487549,8.009400367736816,0.6955000162124634,37.22700119018555,0,0,0,0,0,0,0,0,0,0,0,0,0,58.18288,37.4874
251,97.75440216064453,4.101399898529053,20.364200592041016,5.169600009918213,2.1410999298095703,2.579400062561035,14.253299713134766,0,0,10009,20000,10006,20000,20000,10000,0.3776000142097473,4.053299903869629,4.4085001945495605,10000,2.147899999999817,2.3511,1,0.14700000000000002,0.074,376832,15,15,1.8273,42112,0,0,24.597900390625,14.295900344848633,4.324999809265137,3.0541000366210938,0.014999999664723873,44.760398864746094,0,0,0,0,0,0,0,0,0,0,0,0,0,58.4326,37.6142
252,97.56300354003906,0.3246999979019165,21.029699325561523,5.204100131988525,2.354599952697754,2.475800037384033,14.248000144958496,0,0,10009,20000,10006,20000,20000,10000,0.3440999984741211,3.823499917984009,5.172699928283691,10000,2.125299999999821,1.3777,1,0.1404,0.0658,376832,15,15,2.4911,7712,0,0,21.522899627685547,14.286199569702148,3.351900100708008,3.1735999584198,0.0142000000923872,48.19599914550781,0,0,0,0,0,0,0,0,0,0,0,0,0,58.0808,37.69744
253,98.0094985961914,6.326200008392334,20.853200912475586,5.653200149536133,1.5393999814987183,3.4261999130249023,14.319899559020996,0,0,10009,20000,10006,20000,20000,10000,0.44749999046325684,3.7950000762939453,4.133200168609619,10000,2.150299999999824,2.4055,1,0.1308,0.0458,376832,15,15,1.6615,566416,0,0,27.31439971923828,14.799699783325195,4.361299991607666,5.420100212097168,0.46230000257492065,39.857200622558594,0,0,0,0,0,0,0,0,0,0,0,0,0,58.61392,37.44028
254,97.668701171875,17.25079917907715,30.122699737548828,5.184500217437744,9.095999717712402,5.660299777984619,14.449399948120117,0,0,10009,20000,10006,20000,20000,10000,0.44749999046325684,3.490299940109253,4.237599849700928,10000,2.1376999999998216,1.7214,1,0.1496,0.08199999999999999,376832,15,15,1.8339,8048,0,0,47.523101806640625,15.026300430297852,3.6786000728607178,3.518399953842163,0.5559999942779541,21.48979949951172,0.0115,0,0.1409,13.8138,14.3266,0.0003,0.5885,1,2282200,0,0,0,9927,58.56792,37.513
255,97.8917007446289,0.33640000224113464,19.87660026550293,5.176799774169922,1.5885000228881836,2.2411000728607178,14.150099754333496,0,0,10009,20000,10006,20000,20000,10000,0.37130001187324524,3.5069000720977783,5.342899799346924,10000,2.13569999999982,1.897,1,0.1446,0.0722,376832,15,15,2.1708,7712,0,0,20.394699096679688,14.17549991607666,3.836899995803833,2.720599889755249,0.00860000029206276,50.144500732421875,0,0,0,0,0,0,0,0,0,0,0,0,0,58.5038,37.45356
256,98.21640014648438,2.8053998947143555,20.2637996673584,5.237299919128418,1.5928000211715698,2.5302999019622803,14.348400115966797,0,0,10009,20000,10006,20000,20000,10000,0.4041000008583069,3.562299966812134,5.280900001525879,10000,2.1426999999998224,1.5134,1,0.1409,0.0802,376832,15,15,1.9355,15952,0,0,23.227699279785156,14.404999732971191,3.446899890899658,3.036099910736084,0.0203000009059906,47.54330062866211,0,0,0,0,0,0,0,0,0,0,0,0,0,58.33412,37.71844
257,97.72100067138672,4.617000102996826,20.655500411987305,5.48829984664917,1.721500039100647,2.902400016784668,14.724599838256836,0,0,10009,20000,10006,20000,20000,10000,0.38690000772476196,3.680500030517578,4.539299964904785,10000,2.154099999999823,2.2441,1,0.1303,0.039,376832,15,15,1.6635,597816,0,0,25.523700714111328,15.319100379943848,4.202300071716309,7.928699970245361,0.5673999786376953,38.527801513671875,0,0,0,0,0,0,0,0,0,0,0,0,0,58.235,37.58028
258,97.87699890136719,28.932100296020508,31.212200164794922,5.490200042724609,9.102100372314453,5.816800117492676,14.615099906921387,0,0,10009,20000,10006,20000,20000,10000,0.37139999866485596,4.116399765014648,4.09499979019165,10000,2.1452999999998195,1.4176,1,0.14129999999999998,0.0465,376832,15,15,1.63,45968,0,0,60.29169845581055,15.12600040435791,3.388200044631958,2.9600000381469727,0.49149999022483826,9.976400375366211,0.012,0,0.1391,14.9204,24.0796,8.7022,0.7059,1,2247816,151877,9996,33013,9987,58.23236,37.45104
259,97.69439697265625,0.3197000026702881,20.375200271606445,5.230999946594238,1.7156000137329102,2.3840999603271484,14.247300148010254,0,0,10009,20000,10006,20000,20000,10000,0.34709998965263367,3.831199884414673,5.151000022888184,10000,2.1317999999998216,1.6449,1,0.1401,0.0458,376832,15,15,1.4379,7712,0,0,20.8528995513916,14.286700248718262,3.5664000511169434,2.572200059890747,0.014000000432133675,50.51409912109375,0,0,0,0,0,0,0,0,0,0,0,0,0,58.15248,37.36728
260,97.6615982055664,2.587599992752075,19.83690071105957,5.211599826812744,1.6897000074386597,2.311000108718872,14.241900444030762,0,0,10009,20000,10006,20000,20000,10000,0.3345000147819519,3.544600009918213,5.068999767303467,10000,2.141499999999821,1.7507,1,0.1311,0.046599999999999996,376832,15,15,1.6923,15952,0,0,22.594600677490234,14.277099609375,3.688999891281128,2.59089994430542,0.0142000000923872,48.23529815673828,0,0,0,0,0,0,0,0,0,0,0,0,0,58.28416,37.55256
261,97.33920288085938,4.73769998550415,21.27429962158203,5.526400089263916,1.7201000452041626,3.314199924468994,14.49470043182373,0,0,10009,20000,10006,20000,20000,10000,0.4122999906539917,3.8689000606536865,4.445499897003174,10000,2.1664999999998242,2.3001,1,0.14450000000000002,0.0699,376832,15,15,1.8636,529696,0,0,26.152099609375,15.03339958190918,4.309999942779541,8.290800094604492,0.5113999843597412,37.00510025024414,0,0,0,0,0,0,0,0,0,0,0,0,0,58.26044,37.52688
262,107.37039947509766,49.021400451660156,30.578899383544922,5.3354997634887695,8.278300285339355,6.165900230407715,14.468099594116211,0,0,10009,20000,10006,20000,20000,10000,0.4174000024795532,3.7562999725341797,4.479800224304199,10000,2.1406999999998213,1.3367,1,0.1321,0.0467,376832,15,15,1.6478,50664,0,0,79.73320007324219,15.007499694824219,3.299099922180176,2.8675999641418457,0.5169000029563904,0.2037999927997589,0.0125,10.793399810791016,0.1366,17.2533,33.2781,15.5678,0.6278,1,2185578,144828,9996,31191,9978,58.38188,37.4968
263,88.08049774169922,0.326200008392334,19.776599884033203,5.169000148773193,1.5362999439239502,2.496500015258789,14.166099548339844,0,0,10009,20000,10006,20000,20000,10000,0.40869998931884766,3.831199884414673,4.549600124359131,10000,2.1244999999998218,2.2748,1,0.1406,0.0632,376832,15,15,1.792,7712,0,0,20.258399963378906,14.189399719238281,4.248700141906738,2.7360000610351562,0.008799999952316284,40.500099182128906,0,0,0,0,0,0,0,0,0,0,0,0,0,58.69896,37.63572
264,97.71549987792969,2.6006999015808105,19.51180076599121,5.176499843597412,1.605299949645996,2.1770999431610107,14.245599746704102,0,0,10009,20000,10006,20000,20000,10000,0.39070001244544983,3.6191000938415527,4.91540002822876,10000,2.149199999999821,1.9697,1,0.1414,0.0696,376832,15,15,2.2833,15952,0,0,22.23889923095703,14.282500267028809,3.8949999809265137,2.7911999225616455,0.013199999928474426,47.66709899902344,0,0,0,0,0,0,0,0,0,0,0,0,0,58.3966,37.54328
265,98.32550048828125,4.08459997177124,19.767200469970703,5.360400199890137,1.6016000509262085,2.905900001525879,14.1875,0,0,10009,20000,10006,20000,20000,10000,0.4049000144004822,3.5165998935699463,4.1269001960754395,10000,2.1385999999998213,1.648,1,0.1311,0.0364,376832,15,15,1.7975,541720,0,0,23.9778995513916,14.962200164794922,3.5826001167297363,6.590099811553955,0.7523999810218811,42.895599365234375,0,0,0,0,0,0,0,0,0,0,0,0,0,58.96016,37.5424
266,97.88619995117188,3.963599920272827,18.843900680541992,5.203100204467773,1.5561000108718872,2.2646000385284424,14.350799560546875,0,0,10009,20000,10006,20000,20000,10000,0.3792000114917755,3.595900058746338,4.256999969482422,10000,2.1509999999998226,2.0987,1,0.1318,0.049999999999999996,376832,15,15,1.709,45976,0,0,23.033100128173828,14.387200355529785,4.104300022125244,2.741300106048584,0.013700000010430813,47.22079849243164,0,0,0,0,0,0,0,0,0,0,0,0,0,58.72044,37.79596
267,98.30439758300781,0.4456999897956848,20.1830997467041,5.128900051116943,1.5843000411987305,2.4626998901367188,14.241600036621094,0,0,10009,20000,10006,20000,20000,10000,0.3650999963283539,3.533900022506714,5.374300003051758,10000,2.131199999999822,1.9075,1,0.1429,0.0807,376832,15,15,2.1027,7712,0,0,20.758399963378906,14.285300254821777,3.8152999877929688,2.759000062942505,0.009100000374019146,50.07279968261719,0,0,0,0,0,0,0,0,0,0,0,0,0,58.45332,37.60592
268,98.39990234375,2.4904000759124756,19.850200653076172,5.233500003814697,1.570099949836731,2.2815001010894775,14.395500183105469,0,0,10009,20000,10006,20000,20000,10000,0.3504999876022339,3.5373001098632812,5.230000019073486,10000,2.134999999999819,2.2562,1,0.1306,0.0448,376832,15,15,1.6551,15952,0,0,22.472299575805664,14.427000045776367,4.240300178527832,2.6152000427246094,0.013100000098347664,48.451900482177734,0,0,0,0,0,0,0,0,0,0,0,0,0,59.07448,37.8402
269,97.9208984375,4.429500102996826,21.38640022277832,5.519800186157227,1.6983000040054321,2.934799909591675,14.545700073242188,0,0,10009,20000,10006,20000,20000,10000,0.41350001096725464,3.828000068664551,4.9629998207092285,10000,2.162299999999819,1.8712,1,0.14500000000000002,0.0767,376832,15,15,1.6764,519048,0,0,25.95840072631836,15.368200302124023,3.81469988822937,7.159900188446045,0.791700005531311,39.26839828491211,0,0,0,0,0,0,0,0,0,0,0,0,0,58.82668,37.66532
270,98.73619842529297,17.413000106811523,31.856599807739258,5.520599842071533,9.594400405883789,5.526899814605713,14.874699592590332,0,0,10009,20000,10006,20000,20000,10000,0.34150001406669617,3.7639999389648438,4.900700092315674,10000,2.142899999999821,1.8947,1,0.1422,0.0809,376832,15,15,1.7682,8048,0,0,49.42919921875,15.42590045928955,3.9911999702453613,3.1379001140594482,0.5206000208854675,20.360300064086914,0.0115,0,0.144,13.6118,14.1014,0.0005,0.7324,1,2123804,0,0,0,9913,59.08032,37.6498
271,98.41100311279297,0.32749998569488525,20.139799118041992,5.218100070953369,1.635699987411499,2.2444000244140625,14.215700149536133,0,0,10009,20000,10006,20000,20000,10000,0.33660000562667847,3.672600030899048,5.381400108337402,10000,2.1524999999998222,1.7868,1,0.1663,0.0438,376832,15,15,1.5697,7712,0,0,20.6387996673584,14.241000175476074,3.7578001022338867,2.421999931335449,0.009100000374019146,51.273399353027344,0,0,0,0,0,0,0,0,0,0,0,0,0,58.53292,37.69796
272,98.86270141601562,2.537600040435791,20.115800857543945,5.110099792480469,1.6916999816894531,2.227299928665161,14.280599594116211,0,0,10009,20000,10006,20000,20000,10000,0.38659998774528503,3.654099941253662,5.377399921417236,10000,2.2186999999998287,1.9346,1,0.1309,0.0448,376832,15,15,1.6652,15952,0,0,22.79640007019043,14.316100120544434,3.878000020980835,2.7381999492645264,0.014399999752640724,48.83169937133789,0,0,0,0,0,0,0,0,0,0,0,0,0,58.4106,37.99304
273,98.03780364990234,4.486299991607666,21.42530059814453,5.464000225067139,1.5956000089645386,3.5966999530792236,14.625399589538574,0,0,10009,20000,10006,20000,20000,10000,0.42640000581741333,4.072700023651123,4.348299980163574,10000,2.1932999999998555,1.9042,1,0.13119999999999998,0.046,376832,15,15,1.6356,505896,0,0,26.044700622558594,15.128700256347656,3.8952999114990234,5.638199806213379,0.4772999882698059,40.95790100097656,0,0,0,0,0,0,0,0,0,0,0,0,0,58.28248,37.73264
274,98.47820281982422,28.070199966430664,33.08110046386719,5.340199947357178,9.426600456237793,6.299799919128418,14.668399810791016,0,0,10009,20000,10006,20000,20000,10000,0.40540000796318054,3.96370005607605,5.5584001541137695,10000,2.1207999999998193,1.8558,1,0.13019999999999998,0.0379,376832,15,15,1.532,45032,0,0,61.30759811401367,15.185600280761719,3.7636001110076904,2.8919999599456787,0.49630001187324524,9.246999740600586,0.0119,0,0.1428,14.8849,23.4022,8.0557,0.6914,1,2086284,141671,9997,30614,9984,58.7412,37.74492
275,97.78730010986328,0.3917999863624573,19.9375,5.101500034332275,1.621500015258789,2.191999912261963,14.396200180053711,0,0,10009,20000,10006,20000,20000,10000,0.38679999113082886,3.574700117111206,5.305200099945068,10000,2.15979999999983,1.4745,1,0.1446,0.07239999999999999,376832,15,15,2.3548,7712,0,0,20.5718994140625,14.427800178527832,3.4395999908447266,2.8838999271392822,0.008999999612569809,49.443599700927734,0,0,0,0,0,0,0,0,0,0,0,0,0,58.48788,37.92372
276,98.38359832763672,2.6998000144958496,20.466100692749023,5.323500156402588,1.6877000331878662,2.3213000297546387,14.257399559020996,0,0,10009,20000,10006,20000,20000,10000,0.33980000019073486,3.7228000164031982,5.392499923706055,10000,2.12899999999982,1.7575,1,0.131,0.046,376832,15,15,1.6752,15952,0,0,23.393199920654297,14.291000366210938,3.709700107574463,3.0462000370025635,0.009499999694526196,47.75630187988281,0,0,0,0,0,0,0,0,0,0,0,0,0,58.32512,37.76628
277,98.0802001953125,4.474699974060059,20.318599700927734,5.42549991607666,1.6473000049591064,2.927500009536743,14.383899688720703,0,0,10009,20000,10006,20000,20000,10000,0.38260000944137573,3.725600004196167,4.338500022888184,10000,2.1306999999998184,1.3344,1,0.1313,0.0467,376832,15,15,2.3084,531360,0,0,24.930200576782227,14.904899597167969,3.315500020980835,7.691999912261963,0.5026999711990356,40.259498596191406,0,0,0,0,0,0,0,0,0,0,0,0,0,58.66224,37.75028
278,98.30059814453125,38.602901458740234,30.702499389648438,5.442599773406982,8.280099868774414,5.947999954223633,14.588899612426758,0,0,10009,20000,10006,20000,20000,10000,0.36329999566078186,3.819499969482422,4.68209981918335,10000,2.2185999999998325,1.9655,1,0.12969999999999998,0.0442,376832,15,15,1.7304,50336,0,0,69.46009826660156,15.155699729919434,3.9021999835968018,3.324399948120117,0.5473999977111816,0.21050000190734863,0.0114,10.872099876403809,0.1377,13.8273,22.7072,8.4281,0.6447,1,2032562,136142,9995,29168,9980,58.62424,37.96824
279,97.98680114746094,0.3400999903678894,20.198299407958984,5.260000228881836,1.6677000522613525,2.430999994277954,14.449000358581543,0,0,10009,20000,10006,20000,20000,10000,0.4171999990940094,3.622299909591675,5.142300128936768,10000,2.12459999999982,2.0861,1,0.13079999999999997,0.0432,376832,15,15,1.4564,7712,0,0,20.664499282836914,14.475199699401855,4.087399959564209,2.6034998893737793,0.009499999694526196,50.29669952392578,0,0,0,0,0,0,0,0,0,0,0,0,0,58.72684,37.82416
280,98.41680145263672,2.7451000213623047,21.44729995727539,5.364799976348877,1.7239999771118164,2.7414000034332275,14.506199836730957,0,0,10009,20000,10006,20000,20000,10000,0.37709999084472656,3.9999001026153564,5.393799781799316,10000,2.1849999999998264,1.7788,1,0.1451,0.0726,376832,15,15,2.3182,15952,0,0,24.335800170898438,14.548800468444824,3.753200054168701,3.06469988822937,0.014600000344216824,45.766998291015625,0,0,0,0,0,0,0,0,0,0,0,0,0,58.38728,37.79936
281,98.64540100097656,17.63520050048828,23.455799102783203,6.046000003814697,2.4193999767303467,3.8615000247955322,15.135600090026855,0,0,10009,20000,10006,20000,20000,10000,0.3718000054359436,4.051000118255615,4.708600044250488,10000,2.1286999999998195,1.6692,1,0.13069999999999998,0.0498,376832,15,15,1.5407,579824,1,1,41.224998474121094,15.637900352478027,3.619999885559082,6.281099796295166,0.47530001401901245,25.862600326538086,0,0,0,0,0,0,0,0,0,0,0,0,0,58.28788,37.89632
282,97.88619995117188,4.153500080108643,19.092599868774414,5.236000061035156,1.6575000286102295,2.347399950027466,14.345100402832031,0,0,10009,20000,10006,20000,20000,10000,0.349700003862381,3.54830002784729,4.313199996948242,10000,2.125099999999819,1.3879,1,0.1316,0.049600000000000005,376832,15,15,2.5372,72016,0,0,23.49250030517578,14.383099555969238,3.365799903869629,3.0764999389648438,0.014399999752640724,46.497798919677734,0,0,0,0,0,0,0,0,0,0,0,0,0,58.47524,37.81164
283,98.00640106201172,0.32739999890327454,20.028799057006836,5.279600143432617,1.6684999465942383,2.3264999389648438,14.48449993133545,0,0,10009,20000,10006,20000,20000,10000,0.37450000643730164,3.5274999141693115,5.198400020599365,10000,2.1606999999998244,1.396,1,0.14329999999999998,0.0657,376832,15,15,2.2397,7712,0,0,20.5,14.520299911499023,3.307499885559082,3.046999931335449,0.014600000344216824,49.81589889526367,0,0,0,0,0,0,0,0,0,0,0,0,0,58.40772,38.09072
284,98.1404037475586,6.611999988555908,21.841800689697266,5.4857001304626465,1.5856000185012817,2.914599895477295,14.438799858093262,0,0,10009,20000,10006,20000,20000,10000,0.3765999972820282,5.285900115966797,4.307000160217285,10000,2.1285999999998175,2.0366,1,0.1437,0.0794,376832,15,15,1.9162,581632,0,0,28.59869956970215,15.185199737548828,3.979599952697754,6.101399898529053,0.7167999744415283,37.857398986816406,0,0,0,0,0,0,0,0,0,0,0,0,0,58.76256,37.98036
285,98.35970306396484,15.480299949645996,31.440900802612305,5.259300231933594,9.215800285339355,5.818900108337402,15.001799583435059,0,0,10009,20000,10006,20000,20000,10000,0.3977000117301941,3.746000051498413,4.875999927520752,10000,2.1234999999998165,2.2303,1,0.1313,0.0443,376832,15,15,1.7706,8048,0,0,47.061100006103516,15.491900444030762,4.18149995803833,3.8866000175476074,0.4702000021934509,21.392499923706055,0.0111,0,0.1422,11.9986,12.4952,0.0002,0.6356,1,1981306,0,0,0,9891,59.06408,37.97832
286,98.64179992675781,0.3319999873638153,19.37420082092285,5.1118998527526855,1.6098999977111816,2.2946999073028564,14.195599555969238,0,0,10009,20000,10006,20000,20000,10000,0.4239000082015991,3.5220000743865967,4.762499809265137,10000,2.132499999999821,1.3993,1,0.1308,0.0444,376832,15,15,1.6508,7712,0,0,19.841699600219727,14.220399856567383,3.3552000522613525,2.881200075149536,0.009499999694526196,52.26279830932617,0,0,0,0,0,0,0,0,0,0,0,0,0,58.5332,37.81692
287,98.89199829101562,2.416300058364868,19.837200164794922,5.230899810791016,2.0132999420166016,2.238800048828125,14.364800453186035,0,0,10009,20000,10006,20000,20000,10000,0.39570000767707825,3.683500051498413,4.675300121307373,10000,2.1325999999998215,1.4555,1,0.1421,0.0648,376832,15,15,2.1334,15952,0,0,22.376100540161133,14.399299621582031,3.3859000205993652,3.046099901199341,0.013000000268220901,48.97050094604492,0,0,0,0,0,0,0,0,0,0,0,0,0,58.82748,37.96072
288,104.50469970703125,42.012901306152344,31.786699295043945,5.598499774932861,9.339500427246094,6.1519999504089355,14.406800270080566,0,0,10009,20000,10006,20000,20000,10000,0.412200003862381,3.7848000526428223,4.044000148773193,10000,2.14459999999982,1.9537,1,0.13990000000000002,0.0702,376832,15,15,1.7671,551128,0,0,73.92250061035156,15.303199768066406,3.884999990463257,4.945899963378906,0.8748999834060669,0.20229999721050262,0.0126,10.962599754333496,0.1357,13.692,22.8241,8.6732,0.4888,1,1949156,135450,9994,29036,9982,58.68152,37.86948
289,92.50129699707031,0.32170000672340393,18.79450035095215,5.140399932861328,1.586899995803833,2.160399913787842,14.10949993133545,0,0,10009,20000,10006,20000,20000,10000,0.3792000114917755,3.5541000366210938,4.366399765014648,10000,2.12259999999982,1.4253,1,0.13040000000000002,0.0397,376832,15,15,1.4753,7712,0,0,19.23940086364746,14.133999824523926,3.512700080871582,2.840399980545044,0.008500000461935997,47.00830078125,0,0,0,0,0,0,0,0,0,0,0,0,0,58.82476,37.93
290,98.36380004882812,2.478300094604492,20.184799194335938,5.11269998550415,1.7956000566482544,2.2952001094818115,14.361300468444824,0,0,10009,20000,10006,20000,20000,10000,0.4375,3.7255001068115234,5.14300012588501,10000,2.143199999999823,1.405,1,0.172,0.0752,376832,15,15,2.844,15952,0,0,22.795400619506836,14.404800415039062,3.39490008354187,3.154900074005127,0.014000000432133675,47.087799072265625,0,0,0,0,0,0,0,0,0,0,0,0,0,58.495,37.97112
291,98.69650268554688,4.15880012512207,21.24519920349121,5.54640007019043,1.5785000324249268,3.7207999229431152,14.399100303649902,0,0,10009,20000,10006,20000,20000,10000,0.4056999981403351,3.788599967956543,4.2947998046875,10000,2.148399999999821,1.511,1,0.1309,0.037,376832,15,15,2.0444,504728,0,0,25.53820037841797,14.99209976196289,3.498300075531006,6.205399990081787,0.5679000020027161,41.82720184326172,0,0,0,0,0,0,0,0,0,0,0,0,0,58.6466,37.79956
292,98.25769805908203,36.3568000793457,30.972700119018555,5.366000175476074,9.37090015411377,5.7006001472473145,14.525199890136719,0,0,10009,20000,10006,20000,20000,10000,0.33809998631477356,3.5703999996185303,4.494500160217285,10000,2.135399999999823,1.6815,1,0.13090000000000002,0.045700000000000005,376832,15,15,1.6066,56864,0,0,67.48410034179688,15.187600135803223,3.632999897003174,3.265899896621704,0.6438000202178955,2.6285998821258545,0.0121,10.812299728393555,0.1384,11.9713,20.7608,8.3318,0.5967,1,1904688,129886,9993,27608,9973,59.20328,37.84076
293,98.29640197753906,0.32659998536109924,19.989200592041016,5.157599925994873,1.6420999765396118,2.264899969100952,14.468999862670898,0,0,10009,20000,10006,20000,20000,10000,0.35740000009536743,3.521199941635132,5.343800067901611,10000,2.1292999999998203,1.7732,1,0.1314,0.0501,376832,15,15,1.8485,7712,0,0,20.453699111938477,14.50160026550293,3.717600107192993,2.554800033569336,0.013899999670684338,50.721099853515625,0,0,0,0,0,0,0,0,0,0,0,0,0,59.09516,37.925
294,99.70670318603516,2.6881000995635986,19.696500778198242,5.073800086975098,1.6266000270843506,2.3417000770568848,14.263899803161621,0,0,10009,20000,10006,20000,20000,10000,0.3824000060558319,3.5643999576568604,5.077300071716309,10000,2.145599999999822,1.3565,1,0.13090000000000002,0.047700000000000006,376832,15,15,1.7184,15952,0,0,22.516300201416016,14.300600051879883,3.327899932861328,2.4811999797821045,0.01489999983459711,50.73350143432617,0,0,0,0,0,0,0,0,0,0,0,0,0,58.65856,37.86092
295,98.12899780273438,4.380000114440918,21.031999588012695,6.311100006103516,1.6103999614715576,2.9477999210357666,14.73960018157959,0,0,10009,20000,10006,20000,20000,10000,0.38690000772476196,3.5332000255584717,4.323999881744385,10000,2.2662999999998363,2.3392,1,0.1429,0.0637,376832,15,15,2.5191,591152,0,0,25.539100646972656,15.405400276184082,4.328199863433838,8.366000175476074,0.6467000246047974,37.37350082397461,0,0,0,0,0,0,0,0,0,0,0,0,0,58.54304,37.89976
296,98.4447021484375,4.071199893951416,19.639400482177734,5.373499870300293,1.6513999700546265,2.4558000564575195,14.609399795532227,0,0,10009,20000,10006,20000,20000,10000,0.4049000144004822,3.884700059890747,4.2519001960754395,10000,2.280999999999837,1.5897,1,0.1358,0.0469,376832,15,15,1.4263,56000,0,0,23.841999053955078,14.654399871826172,3.5615999698638916,3.0580999851226807,0.014399999752640724,47.260101318359375,0,0,0,0,0,0,0,0,0,0,0,0,0,58.94944,37.94824
297,98.53050231933594,0.33169999718666077,20.41819953918457,5.257800102233887,1.8357000350952148,2.3492000102996826,14.40530014038086,0,0,10009,20000,10006,20000,20000,10000,0.4302000105381012,3.5387001037597656,5.303500175476074,10000,2.1685999999998216,1.8331,1,0.1412,0.074,376832,15,15,1.9087,7712,0,0,20.890499114990234,14.439299583435059,3.7844998836517334,3.147900104522705,0.014399999752640724,49.73849868774414,0,0,0,0,0,0,0,0,0,0,0,0,0,58.47272,37.79452
298,98.7020034790039,2.8048999309539795,19.869300842285156,5.193900108337402,1.7050000429153442,2.1796000003814697,14.1899995803833,0,0,10009,20000,10006,20000,20000,10000,0.349700003862381,3.49399995803833,5.260799884796143,10000,2.131299999999822,1.8783,1,0.13169999999999998,0.0471,376832,15,15,1.4241,15952,0,0,22.861600875854492,14.235400199890137,3.8092000484466553,2.775399923324585,0.01489999983459711,49.07500076293945,0,0,0,0,0,0,0,0,0,0,0,0,0,58.62524,38.31992
299,98.4468994140625,4.220099925994873,20.06679916381836,5.40910005569458,1.6288000345230103,2.8610999584198,14.461099624633789,0,0,10009,20000,10006,20000,20000,10000,0.37299999594688416,3.56820011138916,4.318999767303467,10000,2.2395999999998293,2.4795,1,0.1347,0.054599999999999996,376832,15,15,1.6529,542856,0,0,24.426599502563477,15.20419979095459,4.467800140380859,5.9095001220703125,0.7206000089645386,42.00419998168945,0,0,0,0,0,0,0,0,0,0,0,0,0,59.24348,37.98932
300,98.59210205078125,15.120499610900879,32.450401306152344,5.27810001373291,9.092300415039062,7.164299964904785,14.758000373840332,0,0,10009,20000,10006,20000,20000,10000,0.41029998660087585,3.5443999767303467,4.89109992980957,10000,2.138199999999821,2.1505,1,0.13140000000000002,0.0369,376832,15,15,2.592,8048,0,0,47.709800720214844,15.26509952545166,4.0970001220703125,2.8213999271392822,0.4876999855041504,21.566499710083008,0.0119,0,0.1408,11.5877,12.0786,0.0039,0.6317,1,1855224,0,0,0,9868,58.59796,37.9736
301,99.17880249023438,0.3203999996185303,19.56399917602539,5.141300201416016,1.6904000043869019,2.211199998855591,14.300399780273438,0,0,10009,20000,10006,20000,20000,10000,0.3628000020980835,3.583899974822998,4.918700218200684,10000,2.1268999999998193,1.6881,1,0.1444,0.0794,376832,15,15,2.7473,7712,0,0,20.015600204467773,14.336299896240234,3.6273000240325928,3.025899887084961,0.014100000262260437,50.87910079956055,0,0,0,0,0,0,0,0,0,0,0,0,0,58.99892,38.02528
302,98.42530059814453,2.7764999866485596,20.362199783325195,5.096099853515625,1.9520000219345093,2.25219988822937,14.324399948120117,0,0,10009,20000,10006,20000,20000,10000,0.37720000743865967,3.741499900817871,5.296599864959717,10000,2.160399999999821,1.9269,1,0.13140000000000002,0.04820000000000001,376832,15,15,1.6175,15952,0,0,23.27549934387207,14.360799789428711,3.8754000663757324,2.8887999057769775,0.014100000262260437,47.803001403808594,0,0,0,0,0,0,0,0,0,0,0,0,0,58.8196,38.37536
303,98.97689819335938,4.409999847412109,21.334699630737305,5.567599773406982,1.7777999639511108,2.968600034713745,14.484800338745117,0,0,10009,20000,10006,20000,20000,10000,0.4406000077724457,3.698499917984009,4.946499824523926,10000,2.135399999999821,2.3414,1,0.1314,0.0468,376832,15,15,1.6552,549864,0,0,25.878599166870117,15.11929988861084,4.308300018310547,6.30679988861084,0.6093000173568726,41.27510070800781,0,0,0,0,0,0,0,0,0,0,0,0,0,58.77992,38.01872
304,99.056396484375,26.08169937133789,29.12980079650879,5.247499942779541,7.984300136566162,5.402699947357178,14.472000122070312,0,0,10009,20000,10006,20000,20000,10000,0.4348999857902527,3.967099905014038,4.310999870300293,10000,2.1473999999998217,2.196,1,0.13029999999999997,0.0379,376832,15,15,1.7093,53848,0,0,55.34320068359375,15.041899681091309,4.1656999588012695,3.7734999656677246,0.5501000285148621,14.478599548339844,0.012,0,0.1583,13.4049,21.4155,7.555,0.6009,1,1838438,130188,9993,27450,9972,58.81464,37.97964
305,98.94779968261719,0.3285999894142151,20.402599334716797,5.132999897003174,1.7161999940872192,2.7692999839782715,14.390299797058105,0,0,10009,20000,10006,20000,20000,10000,0.3797000050544739,3.559499979019165,5.093100070953369,10000,2.1522999999998214,1.6485,1,0.1439,0.0776,376832,15,15,2.792,7712,0,0,20.865100860595703,14.417499542236328,3.5859999656677246,2.800800085067749,0.00989999994635582,49.82820129394531,0,0,0,0,0,0,0,0,0,0,0,0,0,59.16872,38.136
306,98.73370361328125,6.554100036621094,20.377700805664062,5.51200008392334,1.6509000062942505,2.966399908065796,14.37090015411377,0,0,10009,20000,10006,20000,20000,10000,0.38940000534057617,3.562700033187866,4.389100074768066,10000,2.14019999999982,2.2782,1,0.1311,0.045099999999999994,376832,15,15,2.548,566992,0,0,27.071699142456055,14.845399856567383,4.253799915313721,5.805799961090088,0.4487000107765198,39.7943000793457,0,0,0,0,0,0,0,0,0,0,0,0,0,59.09356,37.97084
307,99.24659729003906,37.18439865112305,31.099700927734375,5.369100093841553,8.74899959564209,5.544899940490723,14.646599769592285,0,0,10009,20000,10006,20000,20000,10000,0.39820000529289246,3.752500057220459,5.1504998207092285,10000,2.1330999999998186,1.7722,1,0.13119999999999998,0.0508,376832,15,15,1.4325,58568,0,0,68.42630004882812,15.117799758911133,3.6963999271392822,3.4409000873565674,0.4521999955177307,2.7228000164031982,0.0119,10.99940013885498,0.1408,13.1365,21.3222,7.738,0.6082,1,1800648,125747,9993,26467,9966,59.0278,38.00796
308,98.7322006225586,0.32429999113082886,20.637800216674805,5.14870023727417,2.4990999698638916,2.4842000007629395,14.301600456237793,0,0,10009,20000,10006,20000,20000,10000,0.3824999928474426,3.538800001144409,4.951200008392334,10000,2.1364999999998213,1.4186,1,0.1313,0.0373,376832,15,15,1.6161,7712,0,0,21.09830093383789,14.33650016784668,3.357100009918213,2.4279000759124756,0.01510000042617321,51.342899322509766,0,0,0,0,0,0,0,0,0,0,0,0,0,59.00052,38.18628
309,99.11389923095703,2.6401000022888184,20.31920051574707,5.130000114440918,1.7446999549865723,2.363100051879883,14.426300048828125,0,0,10009,20000,10006,20000,20000,10000,0.34470000863075256,3.7225000858306885,5.223999977111816,10000,2.2177999999998304,1.8625,1,0.1735,0.0503,376832,15,15,1.6674,15952,0,0,23.096399307250977,14.469799995422363,3.801800012588501,2.9267001152038574,0.01510000042617321,48.479698181152344,0,0,0,0,0,0,0,0,0,0,0,0,0,59.15284,37.96984
310,98.91600036621094,4.053400039672852,20.48819923400879,5.59119987487793,1.6576000452041626,2.979099988937378,14.366800308227539,0,0,10009,20000,10006,20000,20000,10000,0.40880000591278076,3.5897998809814453,4.345600128173828,10000,2.1192999999998188,2.3103,1,0.1506,0.0943,376832,15,15,2.1012,516272,0,0,24.67650032043457,15.095199584960938,4.283400058746338,6.398799896240234,0.7002999782562256,41.82939910888672,0,0,0,0,0,0,0,0,0,0,0,0,0,59.14312,37.98332
311,98.99120330810547,4.006899833679199,19.233800888061523,5.100100040435791,1.6340999603271484,2.290299892425537,14.48799991607666,0,0,10009,20000,10006,20000,20000,10000,0.40549999475479126,3.6291000843048096,4.544000148773193,10000,2.3720999999998345,1.664,1,0.1422,0.0731,376832,15,15,1.8979,58232,0,0,23.36910057067871,14.543800354003906,3.6059999465942383,3.0406999588012695,0.026200000196695328,47.20840072631836,0,0,0,0,0,0,0,0,0,0,0,0,0,59.22888,38.20252
312,99.26129913330078,0.33660000562667847,22.949800491333008,5.386199951171875,1.892199993133545,3.0917000770568848,14.812199592590332,0,0,10009,20000,10006,20000,20000,10000,0.38609999418258667,4.829699993133545,5.519499778747559,10000,2.210599999999842,2.1703,1,0.1357,0.0632,376832,15,15,2.3849,7712,0,0,23.434600830078125,14.858599662780762,4.22160005569458,3.2701001167297363,0.014800000004470348,44.3135986328125,0,0,0,0,0,0,0,0,0,0,0,0,0,59.09812,38.31692
313,99.09259796142578,6.455900192260742,21.936100006103516,5.621699810028076,2.2163000106811523,3.788599967956543,14.420000076293945,0,0,10009,20000,10006,20000,20000,10000,0.3328999876976013,3.6953999996185303,4.283899784088135,10000,2.1202999999998213,1.6954,1,0.13140000000000002,0.0513,376832,15,15,2.0548,541840,0,0,28.61639976501465,14.886300086975098,3.6393001079559326,6.237199783325195,0.4480000138282776,39.19839859008789,0,0,0,0,0,0,0,0,0,0,0,0,0,58.86704,38.24872
314,99.60690307617188,15.980199813842773,33.760398864746094,5.57919979095459,9.67199993133545,6.874199867248535,14.718500137329102,0,0,10009,20000,10006,20000,20000,10000,0.4555000066757202,3.6556999683380127,5.281799793243408,10000,2.150999999999819,2.6562,1,0.1505,0.08810000000000001,376832,15,15,2.8099,8048,0,0,49.8838996887207,15.226200103759766,4.659200191497803,3.918800115585327,0.46799999475479126,17.880199432373047,0.0116,0,0.1428,12.41,12.8984,0.0004,0.6475,1,1769188,0,0,0,9831,59.34092,38.35132
315,98.94529724121094,0.39489999413490295,26.606700897216797,5.846799850463867,2.7602999210357666,3.640500068664551,17.031999588012695,0,0,10009,20000,10006,20000,20000,10000,0.4629000127315521,5.528600215911865,6.422999858856201,10000,2.3310999999998834,4.2904,1,0.1981,0.1336,376832,15,15,3.8019,7712,0,0,27.226900100708008,17.091100692749023,6.4679999351501465,4.418099880218506,0.017000000923871994,32.73059844970703,0,0,0,0,0,0,0,0,0,0,0,0,0,59.2322,38.38936
316,99.64749908447266,3.8292999267578125,24.673099517822266,5.394199848175049,3.323899984359741,3.1194000244140625,14.887200355529785,0,0,10009,20000,10006,20000,20000,10000,0.45100000500679016,5.061800003051758,5.545100212097168,10000,2.1531999999998224,2.4643,1,0.13269999999999998,0.046799999999999994,376832,15,15,1.778,15952,0,0,28.716100692749023,14.933699607849121,4.499000072479248,3.3357999324798584,0.0142000000923872,41.707401275634766,0,0,0,0,0,0,0,0,0,0,0,0,0,59.09268,38.3598
317,99.69280242919922,5.035099983215332,30.072599411010742,6.623199939727783,3.1542000770568848,4.922900199890137,15.015199661254883,0,0,10009,20000,10006,20000,20000,10000,0.5852000117301941,5.645100116729736,6.868599891662598,10000,2.133599999999818,2.3411,1,0.1563,0.0903,376832,15,15,1.7585,521512,0,0,35.33190155029297,15.767600059509277,4.318699836730957,7.960599899291992,0.7160000205039978,29.48390007019043,0,0,0,0,0,0,0,0,0,0,0,0,0,59.08744,38.61928
318,107.32330322265625,30.559099197387695,41.02560043334961,6.282299995422363,11.798600196838379,7.83489990234375,15.452899932861328,0,0,10009,20000,10006,20000,20000,10000,0.5044000148773193,5.085299968719482,7.053100109100342,10000,2.2739999999998513,2.6424,1,0.2464,0.1744,376832,15,15,3.7147,44472,0,0,71.7947006225586,16.33449935913086,4.7718000411987305,3.932300090789795,0.8411999940872192,0.257999986410141,0.013,0,0.1436,13.9618,23.2043,8.7504,1.6451,1,1756100,127839,9995,26872,9964,59.05844,38.133
319,91.41410064697266,0.4180000126361847,28.695899963378906,6.148200035095215,3.6370999813079834,4.254899978637695,15.752300262451172,0,0,10009,20000,10006,20000,20000,10000,0.5860999822616577,5.730599880218506,6.2621002197265625,10000,2.204899999999832,3.6198,1,0.20980000000000001,0.1333,376832,15,15,4.7005,7712,0,0,29.332500457763672,15.803299903869629,5.682300090789795,4.320199966430664,0.016100000590085983,24.44179916381836,0,0,0,0,0,0,0,0,0,0,0,0,0,59.405,38.158
320,99.02369689941406,2.969099998474121,22.957799911499023,5.349899768829346,2.8408000469207764,2.910599946975708,14.592399597167969,0,0,10009,20000,10006,20000,20000,10000,0.4496000111103058,4.248799800872803,5.381400108337402,10000,2.163999999999824,2.2576,1,0.1351,0.048600000000000004,376832,15,15,1.733,15952,0,0,26.068300247192383,14.64109992980957,4.247300148010254,3.3747000694274902,0.01730000041425228,43.055999755859375,0,0,0,0,0,0,0,0,0,0,0,0,0,59.28688,38.31672
321,99.72370147705078,4.350800037384033,21.041500091552734,5.506499767303467,1.7661000490188599,3.0164999961853027,14.885299682617188,0,0,10009,20000,10006,20000,20000,10000,0.44600000977516174,3.660599946975708,4.652200222015381,10000,2.1368999999998226,1.7198,1,0.13240000000000002,0.0402,376832,15,15,1.4502,567112,0,0,25.537500381469727,15.707200050354004,3.719099998474121,7.10099983215332,0.7865999937057495,41.61669921875,0,0,0,0,0,0,0,0,0,0,0,0,0,59.13584,38.23644
322,105.49320220947266,39.85499954223633,34.799800872802734,5.660999774932861,10.166000366210938,6.821300029754639,15.349499702453613,0,0,10009,20000,10006,20000,20000,10000,0.4207000136375427,3.711400032043457,5.751399993896484,10000,2.1392999999998232,1.3415,1,0.13269999999999998,0.0471,376832,15,15,2.7796,65232,0,0,74.79740142822266,15.896100044250488,4.249000072479248,2.877000093460083,0.5131000280380249,0.2062000036239624,0.0137,11.764599800109863,0.1991,14.2331,22.7335,7.8789,0.7504,1,1724248,123259,9996,25881,9961,59.38736,38.24012
323,93.32129669189453,0.3474000096321106,24.420299530029297,5.269899845123291,1.9172999858856201,3.257499933242798,14.631699562072754,0,0,10009,20000,10006,20000,20000,10000,0.4359999895095825,5.013899803161621,6.766300201416016,10000,2.1322999999998187,2.3379,1,0.1587,0.0834,376832,15,15,2.6478,7712,0,0,24.905500411987305,14.673500061035156,4.3292999267578125,2.975100040435791,0.015399999916553497,39.01110076904297,0,0,0,0,0,0,0,0,0,0,0,0,0,59.5842,38.35524
324,99.26210021972656,3.1126999855041504,20.250200271606445,5.106500148773193,1.6497999429702759,2.439300060272217,14.255800247192383,0,0,10009,20000,10006,20000,20000,10000,0.3659000098705292,3.556299924850464,5.368100166320801,10000,2.14809999999982,1.4139,1,0.13140000000000002,0.050699999999999995,376832,15,15,1.657,15952,0,0,23.50079917907715,14.293700218200684,3.3578999042510986,2.9856998920440674,0.013899999670684338,48.70989990234375,0,0,0,0,0,0,0,0,0,0,0,0,0,59.43312,38.19296
325,100.06600189208984,4.554900169372559,21.59079933166504,5.489500045776367,1.6253999471664429,3.7367000579833984,14.353400230407715,0,0,10009,20000,10006,20000,20000,10000,0.3855000138282776,3.8457000255584717,4.539299964904785,10000,2.1354999999998205,2.2084,1,0.1331,0.0373,376832,15,15,1.6857,622048,0,0,26.28219985961914,15.166299819946289,4.150000095367432,6.598999977111816,0.7854999899864197,41.633201599121094,0,0,0,0,0,0,0,0,0,0,0,0,0,59.51608,38.26156
326,99.17410278320312,4.039999961853027,18.962299346923828,5.205100059509277,1.6407999992370605,2.2183001041412354,14.347100257873535,0,0,10009,20000,10006,20000,20000,10000,0.36970001459121704,3.532900094985962,4.358399868011475,10000,2.1598999999998205,1.4535,1,0.1371,0.045,376832,15,15,1.593,59416,0,0,23.139799118041992,14.382100105285645,3.390899896621704,3.1129000186920166,0.013700000010430813,48.85540008544922,0,0,0,0,0,0,0,0,0,0,0,0,0,59.31708,38.38228
327,100.23690032958984,0.32170000672340393,20.264400482177734,5.132299900054932,1.781000018119812,2.334700107574463,14.592700004577637,0,0,10009,20000,10006,20000,20000,10000,0.3174999952316284,3.5434999465942383,5.4567999839782715,10000,2.143999999999819,1.3799,1,0.14579999999999999,0.0763,376832,15,15,2.7355,7712,0,0,20.72559928894043,14.619600296020508,3.3631999492645264,2.7660000324249268,0.00989999994635582,51.46329879760742,0,0,0,0,0,0,0,0,0,0,0,0,0,59.46344,38.25988
328,99.13839721679688,2.166300058364868,20.80660057067871,5.2006001472473145,1.836400032043457,2.3348000049591064,14.576199531555176,0,0,10009,20000,10006,20000,20000,10000,0.39739999175071716,4.061200141906738,5.295599937438965,10000,2.1759999999998283,2.3644,1,0.1441,0.1043,376832,15,15,1.7523,15952,0,0,23.113000869750977,14.624300003051758,4.346799850463867,3.2253000736236572,0.01590000092983246,46.34659957885742,0,0,0,0,0,0,0,0,0,0,0,0,0,59.37888,38.65104
329,99.6072998046875,4.023399829864502,22.901100158691406,5.640100002288818,2.28439998626709,3.4791998863220215,14.42080020904541,0,0,10009,20000,10006,20000,20000,10000,0.39730000495910645,4.512199878692627,4.638000011444092,10000,2.3497999999998282,2.2964,1,0.13219999999999998,0.046200000000000005,376832,15,15,1.4822,456120,0,0,27.058900833129883,14.812100410461426,4.252799987792969,6.914599895477295,0.36629998683929443,40.4015998840332,0,0,0,0,0,0,0,0,0,0,0,0,0,59.46716,38.5712
330,99.89019775390625,15.010000228881836,38.377899169921875,5.910799980163574,10.476799964904785,7.69290018081665,14.915499687194824,0,0,10009,20000,10006,20000,20000,10000,0.4659999907016754,5.142399787902832,6.438700199127197,10000,2.158999999999821,3.5284,1,0.20129999999999998,0.1235,376832,15,15,4.3534,8048,0,0,53.527198791503906,15.7701997756958,5.646399974822998,4.869800090789795,0.819599986076355,8.943300247192383,0.012,0,0.1468,11.2938,11.7951,0.0005,0.6829,1,1687642,0,0,0,9793,59.32336,38.34916
331,100.247802734375,0.3855000138282776,22.468700408935547,5.809999942779541,1.7711999416351318,2.371299982070923,15.004799842834473,0,0,10009,20000,10006,20000,20000,10000,0.37059998512268066,3.7971999645233154,6.004000186920166,10000,2.3283999999998533,1.7228,1,0.1588,0.0847,376832,15,15,2.1675,7712,0,0,23.059799194335938,15.061100006103516,3.697200059890747,3.2060999870300293,0.015799999237060547,47.641700744628906,0,0,0,0,0,0,0,0,0,0,0,0,0,59.67516,38.24936
332,99.59290313720703,2.8987998962402344,20.43239974975586,5.234600067138672,1.718500018119812,2.4972000122070312,14.272600173950195,0,0,10009,20000,10006,20000,20000,10000,0.38999998569488525,3.59060001373291,5.2941999435424805,10000,2.1608999999998195,1.7227,1,0.131,0.044899999999999995,376832,15,15,1.8686,15952,0,0,23.552000045776367,14.313400268554688,3.6758999824523926,3.733599901199341,0.014000000432133675,47.6526985168457,0,0,0,0,0,0,0,0,0,0,0,0,0,59.39036,38.6262
333,99.54149627685547,4.526199817657471,20.035999298095703,5.4166998863220215,1.617400050163269,2.8598999977111816,14.237099647521973,0,0,10009,20000,10006,20000,20000,10000,0.3562000095844269,3.5190000534057617,4.344799995422363,10000,2.1442999999998222,1.8872,1,0.1311,0.0537,376832,15,15,1.7894,599688,0,0,24.68950080871582,14.710399627685547,4.060200214385986,6.391600131988525,0.45680001378059387,43.38750076293945,0,0,0,0,0,0,0,0,0,0,0,0,0,59.44104,38.17604
334,100.09639739990234,24.341400146484375,33.32210159301758,5.419899940490723,9.593999862670898,6.407100200653076,14.778800010681152,0,0,10009,20000,10006,20000,20000,10000,0.34200000762939453,4.208899974822998,5.112599849700928,10000,2.132499999999819,2.286,1,0.1318,0.0388,376832,15,15,1.5543,48224,0,0,57.80649948120117,15.399100303649902,4.276000022888184,3.128000020980835,0.5896000266075134,13.300100326538086,0.0181,0,0.1985,11.7245,19.6064,7.3614,0.627,1,1679672,126591,9994,26964,9959,59.84352,38.39236
335,99.23159790039062,0.32899999618530273,19.745399475097656,5.126299858093262,1.590999960899353,2.5710999965667725,14.280500411987305,0,0,10009,20000,10006,20000,20000,10000,0.38769999146461487,3.5964999198913574,4.735000133514404,10000,2.1350999999998215,1.4337,1,0.1449,0.0797,376832,15,15,2.0126,7712,0,0,20.296199798583984,14.307100296020508,3.3815999031066895,2.9893999099731445,0.008999999612569809,51.668701171875,0,0,0,0,0,0,0,0,0,0,0,0,0,59.97172,38.45016
336,100.15460205078125,6.334400177001953,20.36199951171875,5.393099784851074,1.7934000492095947,2.881200075149536,14.376799583435059,0,0,10009,20000,10006,20000,20000,10000,0.3815000057220459,3.5146000385284424,4.396500110626221,10000,2.238399999999835,2.2237,1,0.1321,0.0466,376832,15,15,1.5724,517632,0,0,26.83169937133789,14.810099601745605,4.1407999992370605,6.18720006942749,0.4147000014781952,42.007301330566406,0,0,0,0,0,0,0,0,0,0,0,0,0,59.78184,38.3308
337,100.24810028076172,37.15380096435547,32.48419952392578,5.5081000328063965,9.656800270080566,5.4593000411987305,14.64430046081543,0,0,10009,20000,10006,20000,20000,10000,0.4187999963760376,3.782599925994873,5.401100158691406,10000,2.1353999999998172,1.7644,1,0.1417,0.0807,376832,15,15,1.8221,58576,0,0,69.77130126953125,15.059599876403809,3.73580002784729,2.923799991607666,0.3953999876976013,2.326200008392334,0.0027,11.319700241088867,0.1341,12.0582,20.8512,8.2768,0.7876,1,1650812,121412,9995,25588,9949,59.907,38.32348
338,99.94210052490234,0.33090001344680786,21.319599151611328,5.225200176239014,2.2881999015808105,2.535799980163574,14.445099830627441,0,0,10009,20000,10006,20000,20000,10000,0.36329999566078186,3.5232999324798584,5.663400173187256,10000,2.143199999999819,1.3773,1,0.1303,0.038099999999999995,376832,15,15,1.7033,7712,0,0,21.7893009185791,14.480400085449219,3.289799928665161,3.293299913406372,0.013700000010430813,50.75699996948242,0,0,0,0,0,0,0,0,0,0,0,0,0,60.10708,38.3458
339,100.06739807128906,2.661099910736084,22.67930030822754,5.231200218200684,2.8701000213623047,3.088599920272827,14.386899948120117,0,0,10009,20000,10006,20000,20000,10000,0.40799999237060547,4.003300189971924,5.320799827575684,10000,2.276299999999833,1.8311,1,0.1736,0.0572,376832,15,15,1.7443,15952,0,0,25.478300094604492,14.493800163269043,3.8564000129699707,3.139699935913086,0.01510000042617321,46.51390075683594,0,0,0,0,0,0,0,0,0,0,0,0,0,59.942,38.29928
340,100.3322982788086,4.243299961090088,20.562999725341797,5.614299774169922,1.6713000535964966,2.8954999446868896,14.47760009765625,0,0,10009,20000,10006,20000,20000,10000,0.400299996137619,3.5696001052856445,4.418399810791016,10000,2.1574999999998226,1.7177,1,0.1467,0.0477,376832,15,15,1.4556,531272,0,0,24.94059944152832,15.19629955291748,3.7727999687194824,6.9156999588012695,0.6894999742507935,43.457401275634766,0,0,0,0,0,0,0,0,0,0,0,0,0,60.03436,38.36532
341,100.26370239257812,4.1265997886657715,22.215900421142578,5.150000095367432,1.7060999870300293,3.552999973297119,14.33430004119873,0,0,10009,20000,10006,20000,20000,10000,0.38100001215934753,5.111700057983398,4.667099952697754,10000,2.162399999999826,2.5079,1,0.1314,0.0463,376832,15,15,1.7253,54904,0,0,26.478900909423828,14.376500129699707,4.466800212860107,3.0518999099731445,0.014600000344216824,45.494300842285156,0,0,0,0,0,0,0,0,0,0,0,0,0,60.0028,38.38192
342,100.21499633789062,0.32760000228881836,19.677000045776367,5.160799980163574,1.6411999464035034,2.1744000911712646,14.26669979095459,0,0,10009,20000,10006,20000,20000,10000,0.35740000009536743,3.5927999019622803,5.025599956512451,10000,2.13239999999982,1.3374,1,0.1406,0.0604,376832,15,15,2.5725,7712,0,0,20.132299423217773,14.301600456237793,3.310800075531006,2.916599988937378,0.013700000010430813,52.449798583984375,0,0,0,0,0,0,0,0,0,0,0,0,0,60.0534,38.2482
343,100.15509796142578,2.8313000202178955,19.93779945373535,5.075099945068359,1.6979000568389893,2.2720999717712402,14.255499839782715,0,0,10009,20000,10006,20000,20000,10000,0.4059999883174896,3.5244998931884766,5.285699844360352,10000,2.1361999999998207,1.4286,1,0.1766,0.06,376832,15,15,1.671,15952,0,0,22.90530014038086,14.280799865722656,3.3780999183654785,2.9565999507904053,0.008999999612569809,50.42539978027344,0,0,0,0,0,0,0,0,0,0,0,0,0,59.98576,38.75552
344,100.19319915771484,4.228600025177002,20.711200714111328,5.3983001708984375,1.608199954032898,3.381200075149536,14.609700202941895,0,0,10009,20000,10006,20000,20000,10000,0.35670000314712524,3.7811999320983887,4.238500118255615,10000,2.1403999999998216,1.8552,1,0.1315,0.045200000000000004,376832,15,15,1.6661,583336,0,0,25.069000244140625,15.162799835205078,3.792099952697754,6.8460001945495605,0.5303000211715698,43.16460037231445,0,0,0,0,0,0,0,0,0,0,0,0,0,60.09224,38.37308
345,100.69999694824219,14.903200149536133,31.960500717163086,5.210100173950195,8.338800430297852,6.424499988555908,14.558199882507324,0,0,10009,20000,10006,20000,20000,10000,0.35830000042915344,3.553100109100342,5.843299865722656,10000,2.1407999999998193,1.7498,1,0.17560000000000003,0.0783,376832,15,15,2.9286,8048,0,0,47.00279998779297,14.944100379943848,3.6921000480651855,3.6679999828338623,0.3650999963283539,23.955799102783203,0.0021,0,0.1358,11.3952,11.7791,0.0001,0.7524,1,1625102,0,0,0,9743,60.40076,38.32556
346,100.33370208740234,0.32919999957084656,20.451400756835938,5.241000175476074,1.7685999870300293,2.2934000492095947,14.458900451660156,0,0,10009,20000,10006,20000,20000,10000,0.38670000433921814,3.558300018310547,5.492300033569336,10000,2.1403999999998202,1.8497,1,0.131,0.0591,376832,15,15,1.4379,7712,0,0,20.913400650024414,14.53030014038086,3.788599967956543,2.484299898147583,0.01510000042617321,52.668701171875,0,0,0,0,0,0,0,0,0,0,0,0,0,60.14116,38.43764
347,100.7468032836914,2.452699899673462,19.998699188232422,5.18779993057251,1.6730999946594238,2.2372000217437744,14.375,0,0,10009,20000,10006,20000,20000,10000,0.352400004863739,3.5653998851776123,5.311800003051758,10000,2.1490999999998226,1.3925,1,0.13230000000000003,0.036699999999999997,376832,15,15,1.7524,15952,0,0,22.590700149536133,14.409600257873535,3.389400005340576,2.5922999382019043,0.013799999840557575,51.40959930419922,0,0,0,0,0,0,0,0,0,0,0,0,0,60.07904,38.7168
348,100.44120025634766,4.404900074005127,20.17289924621582,5.359300136566162,1.5836000442504883,3.107800006866455,14.330900192260742,0,0,10009,20000,10006,20000,20000,10000,0.33739998936653137,3.5190999507904053,4.331299781799316,10000,2.1511999999998253,1.4283,1,0.1306,0.050100000000000006,376832,15,15,1.5835,501544,0,0,24.779800415039062,15.014900207519531,3.3313000202178955,7.194200038909912,0.6571999788284302,43.91630172729492,0,0,0,0,0,0,0,0,0,0,0,0,0,60.32696,38.40252
349,100.65519714355469,24.923599243164062,27.926799774169922,5.4745001792907715,7.186999797821045,5.09060001373291,14.462699890136719,0,0,10009,20000,10006,20000,20000,10000,0.37959998846054077,3.5869998931884766,4.2866997718811035,10000,2.1368999999998213,1.9207,1,0.1452,0.0821,376832,15,15,2.1463,46360,0,0,53.02349853515625,15.006799697875977,3.9583001136779785,3.4022998809814453,0.5206000208854675,18.458200454711914,0.0024,0,0.1331,12.6964,20.2473,7.1835,0.771,1,1618000,123596,9995,26460,9936,60.55572,38.45696
350,100.58799743652344,0.38940000534057617,20.1072998046875,5.277400016784668,1.6720999479293823,2.2530999183654785,14.300700187683105,0,0,10009,20000,10006,20000,20000,10000,0.4399000108242035,3.5683999061584473,5.189700126647949,10000,2.1520999999998227,1.4064,1,0.14200000000000002,0.0759,376832,15,15,2.8385,7712,0,0,20.70989990234375,14.32859992980957,3.321899890899658,2.9760000705718994,0.010499999858438969,51.801998138427734,0,0,0,0,0,0,0,0,0,0,0,0,0,60.60508,38.29484
351,100.9458999633789,2.9214999675750732,19.75160026550293,5.177199840545654,1.6116000413894653,2.257999897003174,14.324299812316895,0,0,10009,20000,10006,20000,20000,10000,0.35089999437332153,3.516900062561035,5.191699981689453,10000,2.1481999999998207,2.3714,1,0.1391,0.0784,376832,15,15,1.6749,15952,0,0,22.80590057373047,14.359299659729004,4.330699920654297,2.4900999069213867,0.014800000004470348,50.62099838256836,0,0,0,0,0,0,0,0,0,0,0,0,0,60.69944,38.34236
352,100.65280151367188,4.305799961090088,20.43470001220703,5.401199817657471,1.6102999448776245,2.936199903488159,14.32960033416748,0,0,10009,20000,10006,20000,20000,10000,0.37950000166893005,3.649399995803833,4.543099880218506,10000,2.154199999999823,1.6961,1,0.1317,0.0452,376832,15,15,1.7006,611576,0,0,24.86400032043457,15.139900207519531,3.590399980545044,6.173500061035156,0.7896999716758728,44.665199279785156,0,0,0,0,0,0,0,0,0,0,0,0,0,60.49848,38.45028
353,100.89070129394531,34.3578987121582,29.83289909362793,5.213500022888184,8.482600212097168,5.636199951171875,14.420999526977539,0,0,10009,20000,10006,20000,20000,10000,0.4296000003814697,3.6777000427246094,4.361800193786621,10000,2.1380999999998203,1.3778,1,0.1419,0.0748,376832,15,15,1.8443,54656,0,0,64.32230377197266,14.928099632263184,3.297800064086914,3.0060999393463135,0.48539999127388,8.966099739074707,0.0026,10.875800132751465,0.1304,10.6584,18.5624,7.5292,0.7155,1,1598250,120483,9996,25371,9919,60.87588,38.353
354,100.88580322265625,0.32659998536109924,19.80190086364746,5.413899898529053,1.69350004196167,2.317699909210205,14.462400436401367,0,0,10009,20000,10006,20000,20000,10000,0.3758000135421753,3.6393001079559326,4.723700046539307,10000,2.135599999999823,1.3587,1,0.1645,0.0834,376832,15,15,2.6199,7712,0,0,20.254899978637695,14.4931001663208,3.2613000869750977,2.848900079727173,0.009800000116229057,52.87799835205078,0,0,0,0,0,0,0,0,0,0,0,0,0,60.73072,38.3136
355,101.04989624023438,6.076000213623047,20.17690086364746,5.456399917602539,1.6620999574661255,2.8798999786376953,14.485400199890137,0,0,10009,20000,10006,20000,20000,10000,0.43070000410079956,3.6333000659942627,4.220200061798096,10000,2.1770999999998253,2.157,1,0.13090000000000002,0.0401,376832,15,15,1.6505,491768,0,0,26.384599685668945,15.075699806213379,4.102799892425537,5.709700107574463,0.5633000135421753,43.550201416015625,0,0,0,0,0,0,0,0,0,0,0,0,0,60.7512,38.41296
356,101.17839813232422,3.9435999393463135,19.43320083618164,5.1305999755859375,1.6319999694824219,2.245300054550171,14.268600463867188,0,0,10009,20000,10006,20000,20000,10000,0.3889000117778778,3.7397000789642334,4.640999794006348,10000,2.1627999999998244,1.4788,1,0.133,0.046400000000000004,376832,15,15,1.6773,58536,0,0,23.516399383544922,14.312600135803223,3.4233999252319336,2.5071001052856445,0.014399999752640724,51.17610168457031,0,0,0,0,0,0,0,0,0,0,0,0,0,60.9692,38.32104
357,100.78800201416016,0.32339999079704285,19.953899383544922,5.230000019073486,1.6207000017166138,2.329200029373169,14.401900291442871,0,0,10009,20000,10006,20000,20000,10000,0.4020000100135803,3.5332999229431152,5.160399913787842,10000,2.1374999999998243,1.362,1,0.13219999999999998,0.044700000000000004,376832,15,15,2.6967,7712,0,0,20.484800338745117,14.428899765014648,3.2822999954223633,3.0455000400543213,0.009499999694526196,52.3572998046875,0,0,0,0,0,0,0,0,0,0,0,0,0,60.72468,38.3526
358,101.43379974365234,2.7288999557495117,20.111000061035156,5.22599983215332,1.663699984550476,2.202699899673462,14.368599891662598,0,0,10009,20000,10006,20000,20000,10000,0.41260001063346863,3.6096999645233154,5.309100151062012,10000,2.1456999999998225,1.3865,1,0.13060000000000002,0.0452,376832,15,15,1.664,15952,0,0,22.975900650024414,14.403300285339355,3.350100040435791,2.947700023651123,0.014299999922513962,51.548301696777344,0,0,0,0,0,0,0,0,0,0,0,0,0,60.75752,38.71176
359,100.70989990234375,4.108799934387207,21.237899780273438,5.638999938964844,2.3153998851776123,3.030400037765503,14.352800369262695,0,0,10009,20000,10006,20000,20000,10000,0.3686999976634979,3.628000020980835,4.256199836730957,10000,2.152499999999823,2.274,1,0.1316,0.0471,376832,15,15,1.6871,541272,0,0,25.478200912475586,14.847700119018555,4.203499794006348,5.811200141906738,0.47040000557899475,44.21580123901367,0,0,0,0,0,0,0,0,0,0,0,0,0,60.88624,38.4756
360,101.439697265625,14.953800201416016,31.007400512695312,5.321400165557861,8.2391996383667,6.546999931335449,14.706600189208984,0,0,10009,20000,10006,20000,20000,10000,0.3400999903678894,3.591399908065796,4.880000114440918,10000,2.2125999999998283,2.5873,1,0.13119999999999998,0.0377,376832,15,15,1.6632,8048,0,0,46.10219955444336,15.204099655151367,4.562600135803223,2.9748001098632812,0.47769999504089355,26.280399322509766,0.0022,0,0.1344,11.5064,11.8924,0.0001,0.804,1,1569308,0,0,0,9690,61.23872,38.40212
361,101.23210144042969,0.32359999418258667,25.268299102783203,5.886899948120117,2.4035000801086426,3.811199903488159,15.197500228881836,0,0,10009,20000,10006,20000,20000,10000,0.42250001430511475,5.172299861907959,5.763800144195557,10000,2.1629999999998315,2.5147,1,0.189,0.0857,376832,15,15,1.6261,7712,0,0,25.72610092163086,15.255000114440918,4.5366997718811035,3.6173999309539795,0.01979999989271164,44.625099182128906,0,0,0,0,0,0,0,0,0,0,0,0,0,61.2502,38.50128
362,101.67340087890625,2.2630999088287354,23.4778995513916,5.492099761962891,1.983299970626831,2.870500087738037,14.834099769592285,0,0,10009,20000,10006,20000,20000,10000,0.3752000033855438,4.73199987411499,6.252799987792969,10000,2.147999999999823,2.4417,1,0.1312,0.049699999999999994,376832,15,15,1.7513,15952,0,0,25.88599967956543,14.87030029296875,4.474599838256836,3.355299949645996,0.009600000455975533,46.82360076904297,0,0,0,0,0,0,0,0,0,0,0,0,0,61.12656,38.4936
363,101.4802017211914,4.001299858093262,23.096799850463867,5.5233001708984375,2.3505001068115234,3.878499984741211,14.448100090026855,0,0,10009,20000,10006,20000,20000,10000,0.4440999925136566,3.9646999835968018,4.821400165557861,10000,2.120099999999819,1.3968,1,0.1323,0.0482,376832,15,15,1.5205,434496,0,0,27.232799530029297,14.836700439453125,3.321899890899658,6.226600170135498,0.3637000024318695,43.946800231933594,0,0,0,0,0,0,0,0,0,0,0,0,0,61.26464,38.32648
364,101.63040161132812,35.32080078125,28.9685001373291,5.34630012512207,7.092700004577637,5.321800231933594,14.76449966430664,0,0,10009,20000,10006,20000,20000,10000,0.41530001163482666,3.5452001094818115,5.262700080871582,10000,2.161499999999822,1.787,1,0.14790000000000003,0.0735,376832,15,15,2.0634,52248,0,0,64.42539978027344,15.284500122070312,3.731600046157837,2.812999963760376,0.4950000047683716,8.671099662780762,0.0029,11.187399864196777,0.131,10.9233,18.6891,7.3863,0.7082,1,1569448,123701,9995,26586,9901,61.6324,38.56588
365,101.62770080566406,0.3292999863624573,20.174800872802734,5.243599891662598,1.6871000528335571,2.3150999546051025,14.627599716186523,0,0,10009,20000,10006,20000,20000,10000,0.37279999256134033,3.5792999267578125,5.236999988555908,10000,2.168699999999824,2.4624,1,0.1326,0.047599999999999996,376832,15,15,1.8371,7712,0,0,20.64579963684082,14.67039966583252,4.4766998291015625,2.5968000888824463,0.015599999576807022,52.654701232910156,0,0,0,0,0,0,0,0,0,0,0,0,0,61.53124,38.43076
366,101.87570190429688,2.9779000282287598,22.169099807739258,5.410399913787842,1.9253000020980835,2.9969000816345215,14.822099685668945,0,0,10009,20000,10006,20000,20000,10000,0.3986000120639801,4.247900009155273,5.442999839782715,10000,2.163299999999822,2.3162,1,0.13369999999999999,0.0485,376832,15,15,1.6587,15952,0,0,25.37179946899414,14.873499870300293,4.360499858856201,3.390399932861328,0.015599999576807022,47.13990020751953,0,0,0,0,0,0,0,0,0,0,0,0,0,61.62048,38.42304
367,102.0624008178711,4.402100086212158,21.57200050354004,5.586900234222412,1.7440999746322632,3.026599884033203,14.74209976196289,0,0,10009,20000,10006,20000,20000,10000,0.4068000018596649,4.123000144958496,4.700200080871582,10000,2.13819999999982,1.5669,1,0.15039999999999998,0.0561,376832,15,15,1.5478,534968,0,0,26.109399795532227,15.52239990234375,3.5845999717712402,8.251199722290039,0.7469000220298767,42.42399978637695,0,0,0,0,0,0,0,0,0,0,0,0,0,61.49368,38.6348
368,106.12750244140625,37.39690017700195,38.32339859008789,6.029799938201904,10.778499603271484,7.432499885559082,14.962900161743164,0,0,10009,20000,10006,20000,20000,10000,0.5576000213623047,4.809800148010254,5.974899768829346,10000,2.1779999999998267,1.6639,1,0.1353,0.0408,376832,15,15,2.3588,56800,0,0,75.94450378417969,15.429699897766113,3.6586999893188477,3.13100004196167,0.4438999891281128,0.2363000065088272,0.0032,11.376099586486816,0.134,12.1359,20.5952,8.0514,0.847,1,1543408,120384,9996,25472,9897,61.74944,38.54184
369,97.56060028076172,0.33730000257492065,23.781700134277344,5.258800029754639,1.8761999607086182,3.196500062942505,14.606499671936035,0,0,10009,20000,10006,20000,20000,10000,0.349700003862381,4.519800186157227,6.43310022354126,10000,2.1215999999998187,1.7576,1,0.1308,0.0492,376832,15,15,1.4458,7712,0,0,24.265300750732422,14.65470027923584,3.743299961090088,2.883699893951416,0.010700000450015068,46.181800842285156,0,0,0,0,0,0,0,0,0,0,0,0,0,61.77328,38.49944
370,102.27459716796875,2.74780011177063,20.84869956970215,5.286200046539307,1.763700008392334,2.3385000228881836,14.773300170898438,0,0,10009,20000,10006,20000,20000,10000,0.396699994802475,3.7964000701904297,5.4822998046875,10000,2.1377999999998174,2.2015,1,0.13419999999999999,0.0634,376832,15,15,1.7851,15952,0,0,23.740800857543945,14.867899894714355,4.200799942016602,3.204400062561035,0.0340999998152256,48.854400634765625,0,0,0,0,0,0,0,0,0,0,0,0,0,61.8178,38.45852
371,102.32890319824219,4.333600044250488,22.542699813842773,5.584499835968018,1.6999000310897827,3.4888999462127686,14.685400009155273,0,0,10009,20000,10006,20000,20000,10000,0.44279998540878296,4.4878997802734375,4.784200191497803,10000,2.1889999999998286,2.0152,1,0.1471,0.0492,376832,15,15,1.5027,537608,0,0,27.014299392700195,15.459099769592285,4.0229997634887695,7.961999893188477,0.7398999929428101,41.312400817871094,0,0,0,0,0,0,0,0,0,0,0,0,0,61.7302,38.43252
372,101.92890167236328,4.181600093841553,20.78619956970215,5.260900020599365,1.7419999837875366,2.641400098800659,14.762900352478027,0,0,10009,20000,10006,20000,20000,10000,0.44209998846054077,4.112199783325195,4.883299827575684,10000,2.1624999999998207,1.402,1,0.1453,0.0693,376832,15,15,1.5908,54288,0,0,25.10890007019043,14.809100151062012,3.3698999881744385,3.4256999492645264,0.013899999670684338,48.96009826660156,0,0,0,0,0,0,0,0,0,0,0,0,0,61.90544,38.494
373,101.99459838867188,0.3269999921321869,20.37649917602539,5.138999938964844,1.722000002861023,2.2797000408172607,14.329899787902832,0,0,10009,20000,10006,20000,20000,10000,0.45730000734329224,3.7469000816345215,5.328999996185303,10000,2.1387999999998244,1.4476,1,0.1407,0.075,376832,15,15,2.6468,7712,0,0,20.838600158691406,14.362299919128418,3.392199993133545,2.523099899291992,0.010099999606609344,53.63420104980469,0,0,0,0,0,0,0,0,0,0,0,0,0,61.60416,38.52512
374,102.3115005493164,2.5445001125335693,20.02280044555664,5.142099857330322,1.6267999410629272,2.2887001037597656,14.307700157165527,0,0,10009,20000,10006,20000,20000,10000,0.36079999804496765,3.551100015640259,5.372399806976318,10000,2.2015999999998197,1.3713,1,0.1312,0.0466,376832,15,15,1.6001,15952,0,0,22.71339988708496,14.34469985961914,3.2792999744415283,2.996500015258789,0.014100000262260437,52.70819854736328,0,0,0,0,0,0,0,0,0,0,0,0,0,61.86608,38.72728
375,102.17060089111328,4.211299896240234,21.163700103759766,5.339600086212158,1.5750999450683594,3.770699977874756,14.492799758911133,0,0,10009,20000,10006,20000,20000,10000,0.35409998893737793,3.828000068664551,4.351600170135498,10000,2.1424999999998215,1.3992,1,0.132,0.0469,376832,15,15,1.5319,521728,0,0,25.516300201416016,15.25879955291748,3.3522000312805176,5.109499931335449,0.739799976348877,46.84809875488281,0,0,0,0,0,0,0,0,0,0,0,0,0,62.01036,38.50988
376,102.49459838867188,14.647299766540527,31.98940086364746,5.305799961090088,8.799699783325195,6.817399978637695,14.890600204467773,0,0,10009,20000,10006,20000,20000,10000,0.4699000120162964,3.625999927520752,4.868199825286865,10000,2.1422999999998176,2.7643,1,0.133,0.048100000000000004,376832,15,15,1.6786,8048,0,0,46.85240173339844,15.36050033569336,5.401800155639648,4.720099925994873,0.4440999925136566,23.853099822998047,0.0024,0,0.1586,11.0494,11.4803,0.0001,0.7274,1,1517286,0,0,0,9632,62.16152,38.555
377,102.1718978881836,0.32170000672340393,21.231000900268555,5.337800025939941,1.739400029182434,2.8287999629974365,14.276200294494629,0,0,10009,20000,10006,20000,20000,10000,0.3280999958515167,3.702500104904175,5.5518999099731445,10000,2.133799999999818,2.3156,1,0.1413,0.0824,376832,15,15,1.58,7712,0,0,21.690500259399414,14.32040023803711,4.320400238037109,2.6278998851776123,0.0142000000923872,53.08620071411133,0,0,0,0,0,0,0,0,0,0,0,0,0,62.1456,38.76188
378,102.58309936523438,6.792200088500977,22.19849967956543,5.53849983215332,1.705399990081787,3.675299882888794,14.447699546813965,0,0,10009,20000,10006,20000,20000,10000,0.40139999985694885,3.687000036239624,5.008800029754639,10000,2.115999999999819,1.5065,1,0.13770000000000002,0.0477,376832,15,15,1.4559,574656,0,0,29.127599716186523,14.943499565124512,3.461400032043457,6.237299919128418,0.4724999964237213,42.96659851074219,0,0,0,0,0,0,0,0,0,0,0,0,0,62.09204,38.45092
379,102.79620361328125,24.23310089111328,28.00029945373535,5.594600200653076,7.281300067901611,4.970200061798096,14.769800186157227,0,0,10009,20000,10006,20000,20000,10000,0.3767000138759613,3.6837000846862793,4.126800060272217,10000,2.1497999999998174,1.9694,1,0.1405,0.0843,376832,15,15,2.3161,44528,0,0,52.36859893798828,15.287799835205078,3.9342000484466553,3.501199960708618,0.4878999888896942,20.74049949645996,0.0024,0,0.135,12.3416,19.6453,6.9279,0.6948,1,1516058,121574,9996,26071,9892,62.533,38.63604
380,102.34729766845703,0.4309999942779541,20.408599853515625,5.188300132751465,1.6892000436782837,2.349600076675415,14.642399787902832,0,0,10009,20000,10006,20000,20000,10000,0.3856000006198883,3.6036999225616455,5.4268999099731445,10000,2.152399999999822,1.4039,1,0.14170000000000002,0.0477,376832,15,15,2.0071,7712,0,0,20.97130012512207,14.669500350952148,3.3933000564575195,2.5845000743865967,0.00930000003427267,54.15019989013672,0,0,0,0,0,0,0,0,0,0,0,0,0,62.5214,38.47964
381,103.29730224609375,2.9855000972747803,22.583099365234375,5.171899795532227,1.996999979019165,2.6768999099731445,14.608200073242188,0,0,10009,20000,10006,20000,20000,10000,0.3684000074863434,4.396100044250488,6.250999927520752,10000,2.25569999999983,2.2798,1,0.1493,0.0693,376832,15,15,2.7998,15952,0,0,25.703800201416016,14.657299995422363,4.242599964141846,2.8373000621795654,0.017999999225139618,45.84260177612305,0,0,0,0,0,0,0,0,0,0,0,0,0,62.63604,38.55488
382,102.5958023071289,9.292499542236328,21.910400390625,5.428199768066406,1.6706000566482544,3.8833999633789062,14.451399803161621,0,0,10009,20000,10006,20000,20000,10000,0.3977999985218048,3.8935999870300293,4.602700233459473,10000,2.136999999999823,2.3089,1,0.1316,0.0469,376832,15,15,1.693,631992,1,0,31.404699325561523,15.137399673461914,4.2657999992370605,6.036099910736084,0.6639999747276306,39.599700927734375,0,0,0,0,0,0,0,0,0,0,0,0,0,62.54904,38.50544
383,103.08409881591797,34.92179870605469,32.1693000793457,5.260499954223633,9.457799911499023,5.8643999099731445,14.880399703979492,0,0,10009,20000,10006,20000,20000,10000,0.36059999465942383,3.599299907684326,5.282599925994873,10000,2.146599999999826,1.4021,1,0.131,0.0464,376832,15,15,1.6437,66224,0,0,67.4529037475586,15.43239974975586,3.354300022125244,3.359999895095825,0.5293999910354614,7.292699813842773,0.0024,11.142000198364258,0.1348,10.7172,18.7749,7.6561,0.7617,1,1497238,117091,9996,25133,9858,62.7138,38.57868
384,102.97160339355469,0.32820001244544983,20.798900604248047,5.139699935913086,2.393899917602539,2.2688000202178955,14.239100456237793,0,0,10009,20000,10006,20000,20000,10000,0.3571000099182129,3.5028998851776123,5.3277997970581055,10000,2.1246999999998173,1.7366,1,0.14090000000000003,0.08529999999999999,376832,15,15,1.7625,7712,0,0,21.273099899291992,14.316300392150879,3.697499990463257,2.9205000400543213,0.013299999758601189,54.54520034790039,0,0,0,0,0,0,0,0,0,0,0,0,0,62.54236,38.44836
385,103.17649841308594,6.8429999351501465,21.97599983215332,5.816500186920166,1.667099952697754,3.923799991607666,14.669899940490723,0,0,10009,20000,10006,20000,20000,10000,0.39989998936653137,3.8438000679016113,4.3867998123168945,10000,2.1390999999998206,1.7343,1,0.13269999999999998,0.046799999999999994,376832,15,15,1.5712,613864,0,0,28.957500457763672,15.18019962310791,3.7028000354766846,5.538400173187256,0.48590001463890076,43.776100158691406,0,0,0,0,0,0,0,0,0,0,0,0,0,62.63344,38.53856
386,102.93489837646484,3.922499895095825,20.2362003326416,5.199900150299072,1.705299973487854,2.4137001037597656,14.464599609375,0,0,10009,20000,10006,20000,20000,10000,0.4020000100135803,4.204800128936768,4.661099910736084,10000,2.1637999999998194,1.4074,1,0.1487,0.0805,376832,15,15,1.5883,52336,0,0,24.302799224853516,14.5068998336792,3.3215999603271484,3.0341999530792236,0.014299999922513962,51.57740020751953,0,0,0,0,0,0,0,0,0,0,0,0,0,62.51816,38.6044
387,103.19190216064453,0.33239999413490295,20.570999145507812,5.270599842071533,1.7273999452590942,2.2490999698638916,14.523699760437012,0,0,10009,20000,10006,20000,20000,10000,0.4318000078201294,3.5713000297546387,5.476799964904785,10000,2.136599999999821,1.6047,1,0.1427,0.0751,376832,15,15,1.7669,7712,0,0,21.044300079345703,14.559800148010254,3.530600070953369,3.0048999786376953,0.014399999752640724,54.6599006652832,0,0,0,0,0,0,0,0,0,0,0,0,0,62.48304,38.45468
388,102.79570007324219,2.5734000205993652,19.93120002746582,5.081099987030029,1.613700032234192,2.25600004196167,14.553500175476074,0,0,10009,20000,10006,20000,20000,10000,0.3734999895095825,3.5845999717712402,5.325099945068359,10000,2.1479999999998207,1.3727,1,0.1448,0.0477,376832,15,15,1.4644,15952,0,0,22.719499588012695,14.590800285339355,3.3010001182556152,2.572499990463257,0.015200000256299973,53.53110122680664,0,0,0,0,0,0,0,0,0,0,0,0,0,62.59532,38.8968
389,102.74559783935547,4.1631999015808105,20.085800170898438,5.432700157165527,1.6374000310897827,2.837599992752075,14.34689998626709,0,0,10009,20000,10006,20000,20000,10000,0.40049999952316284,3.4697000980377197,4.420100212097168,10000,2.1372999999998163,1.407,1,0.13079999999999997,0.0364,376832,15,15,1.6816,514504,0,0,24.381799697875977,15.032999992370605,3.2999000549316406,6.384399890899658,0.6622999906539917,47.4025993347168,0,0,0,0,0,0,0,0,0,0,0,0,0,62.56344,38.6328
390,103.47530364990234,13.984199523925781,29.20709991455078,5.396999835968018,7.883900165557861,5.878900051116943,14.423600196838379,0,0,10009,20000,10006,20000,20000,10000,0.34220001101493835,3.5048999786376953,4.446899890899658,10000,2.192399999999823,2.3036,1,0.14579999999999999,0.0811,376832,15,15,2.1451,8048,0,0,43.322601318359375,14.84060001373291,4.257800102233887,3.7692999839782715,0.3986999988555908,30.419200897216797,0.0024,0,0.1332,10.4885,10.8769,0.0001,0.7051,1,1460134,0,0,0,9584,62.65816,38.52516
391,103.24639892578125,0.33059999346733093,20.14349937438965,5.142600059509277,1.7654000520706177,2.2298998832702637,14.483799934387207,0,0,10009,20000,10006,20000,20000,10000,0.3538999855518341,3.6298000812530518,5.262199878692627,10000,2.1286999999998204,1.3659,1,0.1445,0.0731,376832,15,15,1.8157,7712,0,0,20.607500076293945,14.515899658203125,3.266700029373169,2.8631999492645264,0.009999999776482582,55.74150085449219,0,0,0,0,0,0,0,0,0,0,0,0,0,62.76448,38.65768
392,103.09880065917969,2.8724000453948975,21.857900619506836,5.191800117492676,1.8246999979019165,3.1048998832702637,14.494000434875488,0,0,10009,20000,10006,20000,20000,10000,0.3806000053882599,3.8863000869750977,5.758399963378906,10000,2.136699999999822,1.4137,1,0.1318,0.0466,376832,15,15,1.6954,15952,0,0,24.92490005493164,14.540499687194824,3.337899923324585,3.0903000831604004,0.015399999916553497,50.93149948120117,0,0,0,0,0,0,0,0,0,0,0,0,0,62.89604,38.86728
393,103.08380126953125,4.331399917602539,20.705799102783203,5.48859977722168,1.656000018119812,3.1558001041412354,14.299599647521973,0,0,10009,20000,10006,20000,20000,10000,0.3605000078678131,3.713200092315674,4.377500057220459,10000,2.1440999999998205,1.5631,1,0.1318,0.044800000000000006,376832,15,15,1.7095,597248,0,0,25.1742000579834,15.080100059509277,3.5171000957489014,5.810100078582764,0.7537000179290771,47.25619888305664,0,0,0,0,0,0,0,0,0,0,0,0,0,62.66792,38.58464
394,103.69080352783203,22.406400680541992,30.19849967956543,5.375100135803223,7.831500053405762,5.2245001792907715,14.678500175476074,0,0,10009,20000,10006,20000,20000,10000,0.4375,4.63700008392334,4.587699890136719,10000,2.1503999999998205,2.4009,1,0.14579999999999999,0.0785,376832,15,15,2.654,46272,0,0,52.743900299072266,15.181500434875488,4.373799800872803,3.7987000942230225,0.47450000047683716,20.241600036621094,0.0025,0,0.1334,10.759,18.0132,6.8782,0.7267,1,1456066,120850,9995,25816,9859,63.15508,38.666
395,103.11190032958984,0.32580000162124634,20.13759994506836,5.21560001373291,1.7010999917984009,2.247999906539917,14.244099617004395,0,0,10009,20000,10006,20000,20000,10000,0.3244999945163727,3.5213000774383545,5.303299903869629,10000,2.13839999999982,1.4173,1,0.14239999999999997,0.0694,376832,15,15,2.5795,7712,0,0,20.607799530029297,14.273599624633789,3.3952999114990234,2.523400068283081,0.009100000374019146,55.15959930419922,0,0,0,0,0,0,0,0,0,0,0,0,0,63.16276,38.71156
396,104.01719665527344,6.70959997177124,21.747800827026367,5.489200115203857,1.730299949645996,3.868000030517578,14.582099914550781,0,0,10009,20000,10006,20000,20000,10000,0.3887999951839447,3.9458000659942627,4.388999938964844,10000,2.137399999999823,1.938,1,0.1312,0.0466,376832,15,15,1.6826,603624,0,0,28.596200942993164,15.097999572753906,3.8907999992370605,5.926799774169922,0.4918999969959259,44.32170104980469,0,0,0,0,0,0,0,0,0,0,0,0,0,63.12784,38.70088
397,103.78939819335938,36.29240036010742,35.7599983215332,5.825699806213379,10.440699577331543,6.183199882507324,15.068900108337402,0,0,10009,20000,10006,20000,20000,10000,0.44110000133514404,4.084000110626221,6.41349983215332,10000,2.1290999999998195,2.413,1,0.1311,0.0619,376832,15,15,1.692,60832,0,0,72.19380187988281,15.57040023803711,4.32919979095459,3.960400104522705,0.4729999899864197,1.589900016784668,0.0026,11.1072998046875,0.1343,11.8947,19.9559,7.6511,0.846,1,1437766,114853,9995,24368,9825,63.35976,38.69204
398,103.77320098876953,0.4050999879837036,22.40850067138672,5.496099948883057,2.0083999633789062,2.5845999717712402,14.620400428771973,0,0,10009,20000,10006,20000,20000,10000,0.34610000252723694,3.993299961090088,5.966100215911865,10000,2.1424999999998215,2.0184,1,0.178,0.050699999999999995,376832,15,15,1.4807,7712,0,0,23.018800735473633,14.664199829101562,3.9684998989105225,2.9098000526428223,0.014600000344216824,53.121299743652344,0,0,0,0,0,0,0,0,0,0,0,0,0,63.15612,38.69356
399,103.67379760742188,7.374300003051758,24.601600646972656,6.326499938964844,2.669600009918213,3.411099910736084,15.006199836730957,0,0,10009,20000,10006,20000,20000,10000,0.4510999917984009,3.82669997215271,5.92549991607666,10000,2.1669999999998235,1.9797,1,0.15350000000000003,0.0868,376832,15,15,3.0569,601432,0,0,32.21900177001953,15.547300338745117,4.05709981918335,8.195699691772461,0.5212000012397766,35.91659927368164,0,0,0,0,0,0,0,0,0,0,0,0,0,63.27452,38.50164
400,103.74569702148438,4.344299793243408,21.80139923095703,5.521100044250488,2.3018999099731445,2.69320011138916,14.674300193786621,0,0,10009,20000,10006,20000,20000,10000,0.34389999508857727,4.352799892425537,4.860300064086914,10000,2.1529999999998237,2.2154,1,0.1347,0.0485,376832,15,15,1.5225,51000,0,0,26.288700103759766,14.719599723815918,4.270199775695801,3.179500102996826,0.01489999983459711,49.19169998168945,0,0,0,0,0,0,0,0,0,0,0,0,0,63.44116,38.684
401,103.84259796142578,0.3224000036716461,21.61050033569336,5.274799823760986,2.6247000694274902,2.2548999786376953,14.659000396728516,0,0,10009,20000,10006,20000,20000,10000,0.3889000117778778,3.708199977874756,5.619200229644775,10000,2.1461999999998174,1.6204,1,0.1401,0.045399999999999996,376832,15,15,1.5432,7712,0,0,22.076200485229492,14.698399543762207,3.5836000442504883,3.135699987411499,0.01549999974668026,54.22359848022461,0,0,0,0,0,0,0,0,0,0,0,0,0,63.40628,39.028
402,104.04309844970703,2.5206000804901123,24.139699935913086,5.503600120544434,2.7790000438690186,3.264899969100952,14.739500045776367,0,0,10009,20000,10006,20000,20000,10000,0.45879998803138733,4.686600208282471,5.61929988861084,10000,2.171199999999832,2.3655,1,0.1478,0.0417,376832,15,15,1.5358,15952,0,0,26.808000564575195,14.785900115966797,4.335700035095215,3.3066000938415527,0.015699999406933784,48.56919860839844,0,0,0,0,0,0,0,0,0,0,0,0,0,63.4736,38.93016
403,104.38980102539062,6.3317999839782715,28.322500228881836,6.2108001708984375,3.247499942779541,3.940200090408325,14.887200355529785,0,0,10009,20000,10006,20000,20000,10000,0.5350000262260437,4.976399898529053,7.062600135803223,10000,2.1517999999998234,2.4525,1,0.1455,0.0784,376832,15,15,2.6548,485536,0,0,34.85029983520508,15.554800033569336,4.471099853515625,8.15470027923584,0.632099986076355,33.943599700927734,0,0,0,0,0,0,0,0,0,0,0,0,0,63.5292,39.00772
404,104.35469818115234,14.659299850463867,44.0885009765625,9.189900398254395,11.434000015258789,8.018099784851074,15.43690013885498,0,0,10009,20000,10006,20000,20000,10000,0.49970000982284546,5.33620023727417,7.016900062561035,10000,2.1615999999998294,2.4974,1,0.1518,0.0858,376832,15,15,2.9235,8048,0,0,58.95610046386719,15.8681001663208,4.537499904632568,4.10290002822876,0.38690000772476196,11.694600105285645,0.0028,0,0.1346,10.3344,10.7868,0.0001,0.7553,1,1401526,0,0,0,9519,63.6308,39.0428
405,104.45850372314453,0.38190001249313354,25.966299057006836,5.406499862670898,2.6173999309539795,2.8406999111175537,14.836400032043457,0,0,10009,20000,10006,20000,20000,10000,0.550599992275238,4.349699974060059,7.769899845123291,10000,2.2192999999998335,2.275,1,0.1511,0.0875,376832,15,15,2.8599,7712,0,0,26.548599243164062,14.89109992980957,4.336900234222412,3.648400068283081,0.01489999983459711,47.33100128173828,0,0,0,0,0,0,0,0,0,0,0,0,0,63.52684,38.62124
406,104.55439758300781,4.245500087738037,34.44380187988281,6.555699825286865,5.4994001388549805,4.76669979095459,16.5310001373291,0,0,10009,20000,10006,20000,20000,10000,0.6172999739646912,5.679500102996826,8.410400390625,10000,2.2675999999998457,2.1747,1,0.20929999999999999,0.1548,376832,15,15,3.9054,15952,0,0,38.910701751708984,16.602699279785156,4.2129998207092285,3.4500999450683594,0.016200000420212746,30.568500518798828,0,0,0,0,0,0,0,0,0,0,0,0,0,63.53712,39.01024
407,104.08660125732422,4.5630998611450195,27.326099395751953,6.54640007019043,1.6642999649047852,4.234399795532227,18.811100006103516,0,0,10009,20000,10006,20000,20000,10000,0.4661000072956085,6.913899898529053,5.4969000816345215,10000,2.5527999999999778,3.0652,1,0.166,0.0905,376832,15,15,2.72,516776,0,0,32.02640151977539,19.60449981689453,5.433899879455566,8.977299690246582,0.7534000277519226,29.794599533081055,0,0,0,0,0,0,0,0,0,0,0,0,0,63.57364,38.80552
408,104.466796875,29.695199966430664,40.46900177001953,6.30109977722168,11.068699836730957,7.2870001792907715,15.079999923706055,0,0,10009,20000,10006,20000,20000,10000,0.4090999960899353,5.305699825286865,7.4191999435424805,10000,2.15829999999982,2.1198,1,0.1565,0.0797,376832,15,15,2.1394,40104,0,0,70.38130187988281,15.555399894714355,4.1082000732421875,4.001399993896484,0.4415000081062317,3.446500062942505,0.006,0,0.184,12.6103,21.4606,8.3737,1.4713,1,1398782,117079,9992,25073,9811,63.6418,39.01308
409,104.30329895019531,0.3898000121116638,22.421100616455078,5.726399898529053,1.76010000705719,2.8696000576019287,14.645299911499023,0,0,10009,20000,10006,20000,20000,10000,0.3723999857902527,4.3354997634887695,5.605899810791016,10000,2.1439999999998194,1.3457,1,0.1489,0.0812,376832,15,15,2.3208,7712,0,0,23.005300521850586,14.690799713134766,3.3501999378204346,3.1084001064300537,0.01640000008046627,53.21900177001953,0,0,0,0,0,0,0,0,0,0,0,0,0,63.67424,38.81492
410,104.52069854736328,4.403500080108643,28.59040069580078,5.705399990081787,2.9742000102996826,3.614500045776367,17.141700744628906,0,0,10009,20000,10006,20000,20000,10000,0.4390000104904175,5.242199897766113,7.944300174713135,10000,2.276399999999848,1.7905,1,0.15059999999999998,0.09190000000000001,376832,15,15,2.2648,15952,0,0,33.209800720214844,17.198400497436523,3.8494999408721924,3.4195001125335693,0.01899999938905239,39.18170166015625,0,0,0,0,0,0,0,0,0,0,0,0,0,63.76888,39.11892
411,104.49759674072266,4.85860013961792,32.9817008972168,7.820799827575684,3.023699998855591,5.685299873352051,20.568500518798828,0,0,10009,20000,10006,20000,20000,10000,0.5396999716758728,6.756199836730957,6.874100208282471,10000,2.727900000000148,5.1775,1,0.17589999999999997,0.0869,376832,15,15,2.7474,514976,0,0,38.05039978027344,21.381099700927734,8.303099632263184,11.968600273132324,0.7613999843597412,13.723099708557129,0,0,0,0,0,0,0,0,0,0,0,0,0,63.84552,39.00884
412,169.35060119628906,53.424400329589844,48.70349884033203,9.636699676513672,13.128100395202637,8.231399536132812,25.13800048828125,0,0,10009,20000,10006,20000,20000,10000,0.5776000022888184,5.479300022125244,8.817700386047363,10000,2.733300000000128,7.7027,1,0.21789999999999998,0.1623,376832,15,15,4.4341,42528,0,0,102.3843994140625,26.00550079345703,12.403499603271484,14.449999809265137,0.8203999996185303,1.6962000131607056,0.0059,16.60110092163086,0.1659,19.1064,28.7667,8.9626,1.4152,1,1370676,112161,9992,23826,9770,63.9498,39.14784
413,157.28219604492188,0.6183000206947327,76.59729766845703,21.497900009155273,9.621299743652344,8.829700469970703,39.936100006103516,0,0,10009,20000,10006,20000,20000,10000,0.9696999788284302,14.468500137329102,15.189200401306152,10000,4.970500000000622,5.1868,1,0.4353,0.2352,376832,15,15,6.3927,7712,0,0,77.56330108642578,40.0364990234375,13.82919979095459,5.514800071716309,0.024299999698996544,1.476199984550476,0,0,0,0,0,0,0,0,0,0,0,0,0,64.0792,38.8762
414,96.93720245361328,3.194700002670288,45.650699615478516,9.90369987487793,5.692599773406982,6.485099792480469,23.744699478149414,0,0,10009,20000,10006,20000,20000,10000,0.6371999979019165,10.52079963684082,9.198100090026855,10000,3.380200000000072,2.6149,1,0.3447,0.1964,376832,15,15,4.1345,15952,0,0,49.0077018737793,23.815399169921875,6.651000022888184,3.982800006866455,0.019999999552965164,0.33889999985694885,0,0,0,0,0,0,0,0,0,0,0,0,0,63.99092,39.18364
415,118.12139892578125,9.26830005645752,36.575801849365234,7.258399963378906,5.052800178527832,5.697500228881836,21.14419937133789,0,0,10009,20000,10006,20000,20000,10000,0.5429999828338623,6.0258002281188965,8.50979995727539,10000,2.820100000000227,3.6581,1,0.24350000000000002,0.149,376832,15,15,4.3307,528816,0,0,46.066001892089844,21.97559928894043,6.139500141143799,13.777600288391113,0.7865999937057495,18.21430015563965,0,0,0,0,0,0,0,0,0,0,0,0,0,63.76916,39.09356
416,90.9542007446289,7.9822001457214355,33.139198303222656,7.01800012588501,4.211299896240234,3.9170000553131104,20.58489990234375,0,0,10009,20000,10006,20000,20000,10000,0.5990999937057495,6.155700206756592,7.948500156402588,10000,4.207300000000264,2.6998,1,0.48589999999999994,0.1668,376832,15,15,3.9949,54064,0,0,41.374900817871094,20.65019989013672,7.600200176239014,5.164599895477295,0.023099999874830246,0.8216999769210815,0,0,0,0,0,0,0,0,0,0,0,0,0,63.86676,39.1828
417,85.33719635009766,0.558899998664856,37.250099182128906,6.724699974060059,3.8375000953674316,4.260700225830078,19.401399612426758,0,0,10009,20000,10006,20000,20000,10000,0.5710999965667725,6.920100212097168,11.132699966430664,10000,2.8666000000002105,5.205,1,0.2875,0.1568,376832,15,15,5.2575,7712,0,0,38.0525016784668,19.468599319458008,8.089699745178223,6.291800022125244,0.02019999921321869,0.3061999976634979,0,0,0,0,0,0,0,0,0,0,0,0,0,63.86784,39.11628
418,98.95320129394531,7.0721001625061035,41.041099548339844,12.19789981842041,3.4916999340057373,4.300899982452393,23.459400177001953,0,0,10009,20000,10006,20000,20000,10000,0.5995000004768372,5.669300079345703,10.03380012512207,10000,3.6402000000005184,3.9248,1,0.23819999999999997,0.1995,376832,15,15,5.1621,15952,0,0,48.39739990234375,23.521799087524414,6.531000137329102,5.166100025177002,0.018699999898672104,0.42089998722076416,0,0,0,0,0,0,0,0,0,0,0,0,0,63.934,39.1268
419,169.96780395507812,9.116499900817871,69.33370208740234,15.870699882507324,7.4471001625061035,9.893600463867188,52.055198669433594,0,0,10009,20000,10006,20000,20000,10000,1.0843000411987305,15.500900268554688,14.446700096130371,10000,5.872800000000576,2.3885,1,0.2922,0.1577,376832,15,15,6.1096,560040,0,0,78.80130004882812,53.91699981689453,6.256199836730957,9.26039981842041,1.7793999910354614,0.23690000176429749,0,0,0,0,0,0,0,0,0,0,0,0,0,63.89332,38.95864
420,128.7321014404297,17.593599319458008,73.95790100097656,13.2076997756958,25.17609977722168,9.704000473022461,23.949899673461914,0,0,10009,20000,10006,20000,20000,10000,0.7317000031471252,6.035799980163574,15.256699562072754,10000,2.128999999999819,1.3416,1,0.132,0.0467,376832,15,15,1.4445,8048,0,0,91.7155990600586,24.54669952392578,3.2407000064849854,2.93149995803833,0.5522000193595886,0.2134000062942505,0.0032,0,0.1864,11.3325,11.8528,0.0001,1.3134,1,1345754,0,0,0,9446,63.92208,38.67728
421,83.00360107421875,0.33820000290870667,30.130699157714844,8.543299674987793,1.9911999702453613,4.685200214385986,24.087799072265625,0,0,10009,20000,10006,20000,20000,10000,1.335800051689148,6.172399997711182,5.451300144195557,10000,3.0558000000002425,3.8194,1,0.21989999999999998,0.14250000000000002,376832,15,15,5.3044,7712,0,0,30.598100662231445,24.15489959716797,6.313199996948242,5.2906999588012695,0.021299999207258224,2.1684000492095947,0,0,0,0,0,0,0,0,0,0,0,0,0,64.12312,39.23652
422,146.423095703125,6.912199974060059,65.76409912109375,17.744600296020508,6.258299827575684,8.938400268554688,43.140499114990234,0,0,10009,20000,10006,20000,20000,10000,1.0073000192642212,14.00409984588623,13.311200141906738,10000,6.961800000000766,2.4764,1,0.2655,0.1622,376832,15,15,4.9865,15952,0,0,72.91619873046875,43.25749969482422,4.646100044250488,2.8303000926971436,0.03620000183582306,0.23499999940395355,0,0,0,0,0,0,0,0,0,0,0,0,0,64.04988,38.91916
423,113.48159790039062,4.671599864959717,45.70370101928711,8.024900436401367,4.319900035858154,10.599499702453613,24.612199783325195,0,0,10009,20000,10006,20000,20000,10000,0.8946999907493591,11.690500259399414,7.216400146484375,10000,6.448700000000516,3.8077,1,0.4284,0.1307,376832,15,15,5.0213,550424,0,0,50.51499938964844,25.840499877929688,9.07229995727539,9.25160026550293,1.1685999631881714,0.3192000091075897,0,0,0,0,0,0,0,0,0,0,0,0,0,64.0016,39.14196
424,119.13059997558594,25.929800033569336,54.3291015625,8.47070026397705,15.363300323486328,8.807000160217285,18.85700035095215,0,0,10009,20000,10006,20000,20000,10000,0.5666999816894531,5.771699905395508,10.95740032196045,10000,2.6700000000000905,2.1409,1,0.24419999999999997,0.16970000000000002,376832,15,15,3.7121,46976,0,0,80.46649932861328,19.789400100708008,4.181700229644775,3.2142999172210693,0.8845000267028809,0.2565000057220459,0.005,0,0.2834,8.8309,17.2761,7.8775,1.7263,1,1343382,116270,9992,24903,9751,64.164,38.78924
425,106.2603988647461,0.3986000120639801,38.95280075073242,12.222200393676758,3.432300090789795,6.507900238037109,25.262100219726562,0,0,10009,20000,10006,20000,20000,10000,0.5849999785423279,7.7144999504089355,6.016200065612793,10000,5.9321000000003545,5.1687,1,0.3762,0.18469999999999998,376832,15,15,6.0019,7712,0,0,39.50130081176758,25.34510040283203,11.933899879455566,8.166099548339844,0.025699999183416367,1.079699993133545,0,0,0,0,0,0,0,0,0,0,0,0,0,64.322,39.31144
426,90.956298828125,5.655099868774414,34.96039962768555,6.366399765014648,4.354000091552734,5.166299819946289,20.56559944152832,0,0,10009,20000,10006,20000,20000,10000,0.5785999894142151,7.1940999031066895,8.425399780273438,10000,3.1927000000003605,3.6627,1,0.23459999999999998,0.126,376832,15,15,6.9415,15952,0,0,40.893001556396484,20.646099090576172,8.23490047454834,4.960999965667725,0.02370000071823597,0.364300012588501,0,0,0,0,0,0,0,0,0,0,0,0,0,64.01472,39.23628
427,107.62470245361328,7.926199913024902,39.99679946899414,9.141799926757812,6.013999938964844,5.975100040435791,24.558300018310547,0,0,10009,20000,10006,20000,20000,10000,0.6021000146865845,6.026199817657471,8.781000137329102,10000,2.675200000000111,3.592,1,0.25329999999999997,0.1837,376832,15,15,4.5822,514128,0,0,48.145999908447266,25.352100372314453,6.145699977874756,15.424400329589844,0.7505000233650208,0.37459999322891235,0,0,0,0,0,0,0,0,0,0,0,0,0,64.19124,39.1246
428,126.00559997558594,48.535099029541016,42.11090087890625,6.4390997886657715,11.149399757385254,8.781599998474121,15.26259994506836,0,0,10009,20000,10006,20000,20000,10000,0.4869000017642975,5.340700149536133,7.092800140380859,10000,2.1808999999998226,1.7205,1,0.2046,0.1165,376832,15,15,3.9139,51976,0,0,90.87210083007812,16.02680015563965,4.322500228881836,3.074700117111206,0.7226999998092651,0.23839999735355377,0.006,14.647600173950195,0.2988,12.7985,25.8111,12.3883,1.3022,1,1315234,108878,9993,23042,9714,64.16488,38.71172
429,67.8718032836914,0.35659998655319214,25.91069984436035,5.718400001525879,3.427799940109253,3.612499952316284,15.455400466918945,0,0,10009,20000,10006,20000,20000,10000,0.36010000109672546,4.880499839782715,5.9045000076293945,10000,2.670700000000091,3.5043,1,0.2944,0.1894,376832,15,15,4.7175,7712,0,0,26.41860008239746,15.5177001953125,5.863500118255615,4.60099983215332,0.02250000089406967,2.030900001525879,0,0,0,0,0,0,0,0,0,0,0,0,0,64.3214,39.18212
430,144.32330322265625,5.542699813842773,59.695899963378906,14.324000358581543,6.933700084686279,9.798500061035156,37.3489990234375,0,0,10009,20000,10006,20000,20000,10000,2.1963999271392822,11.631699562072754,11.230299949645996,10000,4.870600000000417,6.4539,1,0.28650000000000003,0.14329999999999998,376832,15,15,7.7418,15952,0,0,65.4541015625,37.43629837036133,12.97659969329834,8.589099884033203,0.01889999955892563,0.4562000036239624,0,0,0,0,0,0,0,0,0,0,0,0,0,64.25876,39.18148
431,131.46429443359375,9.9173002243042,71.76200103759766,16.384000778198242,7.603700160980225,10.44480037689209,31.26919937133789,0,0,10009,20000,10006,20000,20000,10000,2.117799997329712,15.422599792480469,13.456899642944336,10000,2.195699999999856,1.6127,1,0.17910000000000004,0.0752,376832,15,15,1.8379,582144,0,0,82.00640106201172,32.1328010559082,3.711899995803833,5.46999979019165,0.8015000224113464,0.24889999628067017,0,0,0,0,0,0,0,0,0,0,0,0,0,64.13892,38.81464
432,62.60599899291992,4.276199817657471,25.61090087890625,5.6554999351501465,1.7896000146865845,4.270199775695801,16.68910026550293,0,0,10009,20000,10006,20000,20000,10000,0.483599990606308,5.365200042724609,5.670499801635742,10000,2.4198999999999335,1.9628,1,0.16809999999999997,0.0669,376832,15,15,2.2689,45016,0,0,30.03499984741211,16.74530029296875,4.2484002113342285,3.729599952697754,0.015599999576807022,0.3398999869823456,0,0,0,0,0,0,0,0,0,0,0,0,0,64.39844,39.28156
433,68.98310089111328,0.42260000109672546,30.96969985961914,6.5441999435424805,4.547900199890137,3.1428000926971436,16.545299530029297,0,0,10009,20000,10006,20000,20000,10000,0.44609999656677246,5.178100109100342,8.371999740600586,10000,2.2528999999998276,2.6894,1,0.2362,0.1566,376832,15,15,3.9312,7712,0,0,31.60300064086914,16.595699310302734,4.682700157165527,4.3531999588012695,0.01640000008046627,0.3244999945163727,0,0,0,0,0,0,0,0,0,0,0,0,0,64.17788,39.1508
434,83.37650299072266,4.795199871063232,26.76889991760254,5.520500183105469,2.5280001163482666,2.8905999660491943,15.668700218200684,0,0,10009,20000,10006,20000,20000,10000,0.4553999900817871,4.923799991607666,7.896200180053711,10000,2.209099999999839,2.0664,1,0.145,0.0726,376832,15,15,2.1103,15952,0,0,31.771400451660156,15.722900390625,4.157299995422363,3.6665000915527344,0.01590000092983246,21.164400100708008,0,0,0,0,0,0,0,0,0,0,0,0,0,64.28036,39.2422
435,144.13099670410156,11.48799991607666,66.6843032836914,17.881099700927734,9.531399726867676,10.0516996383667,26.993200302124023,0,0,10009,20000,10006,20000,20000,10000,1.1505999565124512,10.86929988861084,11.803400039672852,10000,3.4839000000000553,4.9779,1,0.37410000000000004,0.2061,376832,15,15,4.517,528232,0,0,78.4302978515625,27.85409927368164,7.6707000732421875,15.182100296020508,0.7983999848365784,0.43810001015663147,0,0,0,0,0,0,0,0,0,0,0,0,0,64.17472,39.10456
436,133.26229858398438,34.67539978027344,54.25550079345703,7.8242998123168945,13.596500396728516,8.576199531555176,16.40559959411621,0,0,10009,20000,10006,20000,20000,10000,0.629800021648407,5.7480998039245605,13.652000427246094,10000,2.525600000000045,4.2671,1,0.35040000000000004,0.18969999999999998,376832,15,15,6.0451,8048,0,0,89.21219635009766,17.393800735473633,6.507400035858154,6.184700012207031,0.9531999826431274,0.2985000014305115,0.0052,0,0.301,26.6989,27.7133,0.0002,1.7572,1,1282378,0,0,0,9353,64.50856,39.05028
437,63.34510040283203,0.4244999885559082,32.474998474121094,6.216100215911865,3.7737998962402344,4.741499900817871,15.338399887084961,0,0,10009,20000,10006,20000,20000,10000,0.462799996137619,5.773399829864502,8.362500190734863,10000,2.154199999999824,2.3547,1,0.14940000000000003,0.047299999999999995,376832,15,15,1.8814,7712,0,0,33.10929870605469,15.38029956817627,4.38129997253418,3.5922000408172607,0.010599999688565731,0.35580000281333923,0,0,0,0,0,0,0,0,0,0,0,0,0,64.27332,38.81804
438,77.16629791259766,5.2621002197265625,29.03529930114746,5.879000186920166,4.594200134277344,3.166100025177002,14.846199989318848,0,0,10009,20000,10006,20000,20000,10000,0.4350000023841858,4.045400142669678,8.210800170898438,10000,2.1524999999998204,2.4011,1,0.1457,0.079,376832,15,15,2.8197,15952,0,0,34.502601623535156,14.88659954071045,4.501100063323975,2.9598000049591064,0.00989999994635582,12.837800025939941,0,0,0,0,0,0,0,0,0,0,0,0,0,64.50944,39.2282
439,105.20490264892578,4.421500205993652,24.005699157714844,5.600500106811523,2.241300106048584,4.124800205230713,16.360700607299805,0,0,10009,20000,10006,20000,20000,10000,0.45010000467300415,4.046000003814697,5.0725998878479,10000,2.331199999999847,2.7525,1,0.155,0.08080000000000001,376832,15,15,2.692,586536,0,0,28.555599212646484,17.463199615478516,5.0218000411987305,8.364700317382812,1.065600037574768,36.19559860229492,0,0,0,0,0,0,0,0,0,0,0,0,0,64.48536,39.17472
440,119.29989624023438,37.2495002746582,45.862300872802734,7.908599853515625,13.337800025939941,8.138199806213379,17.13290023803711,0,0,10009,20000,10006,20000,20000,10000,0.4902999997138977,4.668799877166748,8.46720027923584,10000,2.436999999999899,3.5239,1,0.1495,0.0696,376832,15,15,2.5626,40912,0,0,83.31159973144531,17.59440040588379,5.536799907684326,4.367199897766113,0.4221000075340271,0.3222000002861023,0.0046,11.335200309753418,0.1587,10.2339,19.4973,8.8177,0.9423,1,1282404,111288,9993,24171,9689,64.40496,39.18472
441,92.04389953613281,0.41909998655319214,36.891998291015625,8.540900230407715,5.49399995803833,3.535599946975708,20.365999221801758,0,0,10009,20000,10006,20000,20000,10000,0.5758000016212463,7.445700168609619,7.905900001525879,10000,3.104000000000406,2.3944,1,0.2419,0.0923,376832,15,15,2.7212,7712,0,0,37.518699645996094,20.42490005493164,5.67080020904541,4.597599983215332,0.02160000056028366,14.248900413513184,0,0,0,0,0,0,0,0,0,0,0,0,0,64.56788,39.3168
442,105.48100280761719,4.826900005340576,35.844398498535156,9.142600059509277,5.578400135040283,3.521699905395508,19.618000030517578,0,0,10009,20000,10006,20000,20000,10000,0.5927000045776367,4.919600009918213,8.847599983215332,10000,2.7367000000001167,3.2296,1,0.26369999999999993,0.09290000000000001,376832,15,15,3.276,15952,0,0,40.878700256347656,19.677900314331055,5.833000183105469,4.4355998039245605,0.01720000058412552,25.341800689697266,0,0,0,0,0,0,0,0,0,0,0,0,0,64.61504,38.96816
443,105.87329864501953,6.4415998458862305,27.072900772094727,6.383699893951416,2.1556999683380127,4.3632001876831055,14.980299949645996,0,0,10009,20000,10006,20000,20000,10000,0.46970000863075256,4.956500053405762,6.110199928283691,10000,2.1922999999998294,1.7334,1,0.14539999999999997,0.0873,376832,15,15,2.4508,531264,0,0,33.7130012512207,15.753899574279785,3.996999979019165,6.501500129699707,0.7427999973297119,37.738399505615234,0,0,0,0,0,0,0,0,0,0,0,0,0,64.51852,39.21532
444,112.23619842529297,33.655799865722656,33.13370132446289,5.564300060272217,9.8233003616333,5.681700229644775,15.727399826049805,0,0,10009,20000,10006,20000,20000,10000,0.3806999921798706,3.6589999198913574,5.720399856567383,10000,2.874899999999977,4.5924,1,0.2289,0.20929999999999999,376832,15,15,5.8419,49000,0,0,66.99960327148438,16.228500366210938,7.471099853515625,7.382599830627441,0.4691999852657318,0.4171000123023987,0.0023,11.086400032043457,0.1726,9.8828,17.5512,7.216,0.8297,1,1259456,106646,9994,22946,9638,64.64412,39.33764
445,152.75160217285156,0.6625999808311462,82.5647964477539,23.917499542236328,9.122200012207031,11.371199607849121,32.77439880371094,0,0,10009,20000,10006,20000,20000,10000,1.2482999563217163,17.618600845336914,14.434800148010254,10000,5.685100000000295,4.5956,1,0.3439,0.1838,376832,15,15,6.3758,7712,0,0,83.52970123291016,32.8484992980957,9.974599838256836,7.2118000984191895,0.019999999552965164,0.35519999265670776,0,0,0,0,0,0,0,0,0,0,0,0,0,64.5266,39.27104
446,82.34269714355469,4.798099994659424,31.954700469970703,7.097899913787842,2.7121999263763428,4.073299884796143,24.792699813842773,0,0,10009,20000,10006,20000,20000,10000,0.5083000063896179,6.380000114440918,8.425800323486328,10000,2.687500000000102,2.7527,1,0.20320000000000002,0.0708,376832,15,15,2.6808,15952,0,0,36.97589874267578,24.8612003326416,5.14870023727417,6.3125,0.0284000001847744,0.6265000104904175,0,0,0,0,0,0,0,0,0,0,0,0,0,64.65976,39.27548
447,175.0050048828125,16.693599700927734,58.260501861572266,13.680100440979004,3.7739999294281006,8.266400337219238,33.65610122680664,0,0,10009,20000,10006,20000,20000,10000,0.9763000011444092,12.410799980163574,12.75529956817627,10000,6.6610000000007945,8.2052,1,0.4853,0.20600000000000002,376832,15,15,7.9633,467280,0,0,75.33740234375,34.70050048828125,17.76759910583496,19.685199737548828,0.9790999889373779,0.6026999950408936,0,0,0,0,0,0,0,0,0,0,0,0,0,64.48636,39.26396
448,160.51699829101562,11.369000434875488,91.29029846191406,28.00550079345703,8.722399711608887,10.938899993896484,36.189998626708984,0,0,10009,20000,10006,20000,20000,10000,1.4980000257492065,19.351699829101562,17.191600799560547,10000,3.2987000000003945,2.0037,1,0.24810000000000001,0.0748,376832,15,15,2.1641,46496,0,0,103.18609619140625,36.28609848022461,5.389200210571289,4.264100074768066,0.02329999953508377,0.4138999879360199,0,0,0,0,0,0,0,0,0,0,0,0,0,64.53192,39.25932
449,119.5458984375,0.5404000282287598,56.61940002441406,14.787599563598633,4.626699924468994,8.110099792480469,33.54999923706055,0,0,10009,20000,10006,20000,20000,10000,1.138700008392334,14.741900444030762,10.071599960327148,10000,2.8942000000002603,4.4199,1,0.2256,0.1539,376832,15,15,7.2013,7712,0,0,57.522300720214844,33.63100051879883,7.760000228881836,5.359399795532227,0.018699999898672104,0.22179999947547913,0,0,0,0,0,0,0,0,0,0,0,0,0,64.47204,39.26808
450,128.42269897460938,4.381100177764893,62.387001037597656,17.512100219726562,8.011300086975098,6.235599994659424,41.24729919433594,0,0,10009,20000,10006,20000,20000,10000,1.1908999681472778,14.667799949645996,11.085599899291992,10000,2.6550999999999862,2.2206,1,0.22429999999999997,0.11960000000000001,376832,15,15,3.5132,15952,0,0,66.96019744873047,41.330101013183594,4.90310001373291,3.270699977874756,0.02449999935925007,0.20829999446868896,0,0,0,0,0,0,0,0,0,0,0,0,0,64.54012,38.9694
451,91.04060363769531,6.289000034332275,37.50270080566406,7.905900001525879,6.080399990081787,6.2241997718811035,19.528600692749023,0,0,10009,20000,10006,20000,20000,10000,0.651199996471405,6.051700115203857,7.399400234222412,10000,2.593900000000025,2.8729,1,0.22699999999999998,0.16560000000000002,376832,15,15,4.0755,544064,0,0,43.95859909057617,20.36680030822754,5.355299949645996,9.184399604797363,0.7904000282287598,0.28949999809265137,0,0,0,0,0,0,0,0,0,0,0,0,0,64.61028,39.30268
452,130.27099609375,19.43470001220703,40.45389938354492,6.064899921417236,10.45259952545166,8.252300262451172,19.122499465942383,0,0,10009,20000,10006,20000,20000,10000,0.6707000136375427,5.844399929046631,6.615300178527832,10000,3.5031000000001704,7.2236,1,0.5237,0.2299,376832,15,15,7.4456,8048,0,0,60.097999572753906,20.363800048828125,13.965999603271484,6.845399856567383,1.190999984741211,0.41449999809265137,0.0043,0,0.421,13.9354,14.9881,0.0002,0.9321,1,1229544,0,0,0,9252,64.575,39.25164
453,145.8365020751953,1.365399956703186,83.68699645996094,25.57040023803711,6.0991997718811035,11.456399917602539,41.472801208496094,0,0,10009,20000,10006,20000,20000,10000,5.729499816894531,20.553699493408203,10.135499954223633,10000,2.6253000000000473,2.0487,1,0.17400000000000002,0.07039999999999999,376832,15,15,2.1023,7712,0,0,85.31269836425781,41.55400085449219,4.815000057220459,3.501699924468994,0.015300000086426735,2.2304000854492188,0,0,0,0,0,0,0,0,0,0,0,0,0,64.66364,39.30944
454,148.7191925048828,4.685800075531006,86.62770080566406,26.071399688720703,11.064000129699707,11.69159984588623,40.99720001220703,0,0,10009,20000,10006,20000,20000,10000,1.394700050354004,20.3341007232666,11.297900199890137,10000,2.489099999999949,1.6459,1,0.2029,0.0763,376832,15,15,1.8375,15952,0,0,91.59760284423828,41.094600677490234,3.5624001026153564,2.955899953842163,0.02319999970495701,0.23119999468326569,0,0,0,0,0,0,0,0,0,0,0,0,0,64.63036,39.22436
455,128.36900329589844,5.767000198364258,55.21989822387695,16.734600067138672,3.406899929046631,10.901300430297852,38.20389938354492,0,0,10009,20000,10006,20000,20000,10000,1.2828999757766724,12.140199661254883,7.609899997711182,10000,5.163800000000576,3.2866,1,0.2107,0.1623,376832,15,15,4.8463,483864,0,0,61.12419891357422,39.2327995300293,5.2941999435424805,5.747900009155273,0.9735999703407288,0.46630001068115234,0,0,0,0,0,0,0,0,0,0,0,0,0,64.62772,39.1822
456,153.36419677734375,32.3843994140625,83.12950134277344,19.209699630737305,19.542499542236328,13.245200157165527,21.1564998626709,0,0,10009,20000,10006,20000,20000,10000,1.1074999570846558,5.977099895477295,17.63719940185547,10000,2.4649000000000116,2.1873,1,0.18369999999999997,0.0611,376832,15,15,1.8937,35672,0,0,115.65619659423828,21.584400177001953,4.7368998527526855,3.8427000045776367,0.3885999917984009,0.2955999970436096,0.0029,0,0.1352,10.7269,21.8003,10.5365,1.4376,1,1232366,112678,9993,23383,9612,64.69772,38.9166
457,93.02429962158203,0.4562000036239624,26.43429946899414,5.71019983291626,2.346100091934204,3.5855000019073486,33.04949951171875,0,0,10009,20000,10006,20000,20000,10000,0.5892000198364258,5.8256001472473145,6.225599765777588,10000,3.286300000000496,6.6189,1,0.20479999999999998,0.0983,376832,15,15,4.0936,7712,0,0,27.056100845336914,33.107200622558594,12.134499549865723,7.602200031280518,0.018400000408291817,0.5120999813079834,0,0,0,0,0,0,0,0,0,0,0,0,0,64.9024,39.41024
458,130.89419555664062,8.639699935913086,63.459800720214844,13.23900032043457,3.5510001182556152,9.742799758911133,32.969200134277344,0,0,10009,20000,10006,20000,20000,10000,1.191100001335144,18.0664005279541,12.508199691772461,10000,2.7727000000002255,3.306,1,0.2375,0.1583,376832,15,15,6.5211,15952,0,0,72.4114990234375,33.045799255371094,6.638199806213379,4.441999912261963,0.019600000232458115,0.8952999711036682,0,0,0,0,0,0,0,0,0,0,0,0,0,64.7502,39.21048
459,127.39859771728516,4.366799831390381,34.57680130004883,7.046199798583984,3.467099905014038,5.710700035095215,41.770999908447266,0,0,10009,20000,10006,20000,20000,10000,0.5831000208854675,9.144599914550781,5.90310001373291,10000,8.338499999999355,5.7719,1,0.6487,0.2291,376832,15,15,8.4556,563128,0,0,39.08380126953125,43.22169876098633,8.263400077819824,7.491600036621094,1.3858000040054321,0.25279998779296875,0,0,0,0,0,0,0,0,0,0,0,0,0,64.72836,39.18464
460,178.98269653320312,94.17630004882812,56.03919982910156,7.595600128173828,16.11910057067871,6.187699794769287,14.780500411987305,0,0,10009,20000,10006,20000,20000,10000,0.4417000114917755,3.7386999130249023,16.17490005493164,10000,2.12739999999982,1.6881,1,0.136,0.0629,376832,15,15,1.6924,48480,0,0,150.3852996826172,15.257499694824219,3.655100107192993,3.2646000385284424,0.44780001044273376,0.24040000140666962,0.0032,22.171199798583984,0.6242,37.0174,61.6016,22.6358,1.5375,1,1209240,109176,9993,22838,9541,64.88356,39.39796
461,60.528499603271484,0.48500001430511475,22.422100067138672,5.564300060272217,2.2509000301361084,2.532900094985962,15.993200302124023,0,0,10009,20000,10006,20000,20000,10000,0.5210999846458435,3.6714999675750732,5.948999881744385,10000,2.529900000000011,3.557,1,0.1808,0.093,376832,15,15,3.0105,7712,0,0,23.051599502563477,16.034400939941406,5.950399875640869,4.823200225830078,0.017100000753998756,0.3375000059604645,0,0,0,0,0,0,0,0,0,0,0,0,0,64.95364,39.4466
462,101.72019958496094,6.227799892425537,39.99480056762695,7.351099967956543,3.9749999046325684,4.992099761962891,20.934999465942383,0,0,10009,20000,10006,20000,20000,10000,0.6672000288963318,11.120800018310547,8.671600341796875,10000,2.947900000000237,4.8531,1,0.2278,0.14300000000000002,376832,15,15,6.792,15952,0,0,46.449100494384766,21.012800216674805,11.683099746704102,6.520299911499023,0.01889999955892563,0.6014999747276306,0,0,0,0,0,0,0,0,0,0,0,0,0,64.75872,39.32032
463,109.89029693603516,12.606300354003906,46.92649841308594,8.761899948120117,4.681000232696533,7.554100036621094,18.517200469970703,0,0,10009,20000,10006,20000,20000,10000,0.6424999833106995,6.480500221252441,14.993000030517578,10000,2.779200000000194,3.0252,1,0.2703,0.1744,376832,15,15,5.76,548072,0,0,59.91590118408203,19.37649917602539,6.304699897766113,9.753700256347656,0.8183000087738037,0.3626999855041504,0,0,0,0,0,0,0,0,0,0,0,0,0,64.84452,39.39532
464,82.99759674072266,6.513000011444092,32.10369873046875,7.335299968719482,2.9665000438690186,4.247399806976318,18.518600463867188,0,0,10009,20000,10006,20000,20000,10000,0.616100013256073,5.956200122833252,8.038100242614746,10000,2.5372999999999455,4.6075,1,0.2656,0.16949999999999998,376832,15,15,5.0305,39568,0,0,38.85770034790039,18.587400436401367,7.066400051116943,4.859399795532227,0.02239999920129776,0.3427000045776367,0,0,0,0,0,0,0,0,0,0,0,0,0,64.76444,39.33592
465,82.2251968383789,0.4896000027656555,37.227298736572266,7.065100193023682,4.345399856567383,3.915600061416626,17.03510093688965,0,0,10009,20000,10006,20000,20000,10000,4.050000190734863,5.483799934387207,9.464699745178223,10000,2.4860999999999414,6.3935,1,0.2601,0.1718,376832,15,15,4.8968,7712,0,0,37.938499450683594,17.092899322509766,8.77649974822998,4.8506999015808105,0.019500000402331352,0.3441999852657318,0,0,0,0,0,0,0,0,0,0,0,0,0,64.72356,39.4016
466,95.70500183105469,6.3003997802734375,30.577800750732422,6.020299911499023,3.332900047302246,4.1803998947143555,15.413200378417969,0,0,10009,20000,10006,20000,20000,10000,0.4837000072002411,6.176300048828125,7.812600135803223,10000,2.1927999999998327,3.3681,1,0.2203,0.1723,376832,15,15,3.697,15952,0,0,37.12630081176758,15.461799621582031,6.420300006866455,4.086999893188477,0.016899999231100082,22.79319953918457,0,0,0,0,0,0,0,0,0,0,0,0,0,64.92772,39.39504
467,105.86579895019531,8.525799751281738,28.57939910888672,6.010300159454346,3.4481000900268555,4.183499813079834,15.52239990234375,0,0,10009,20000,10006,20000,20000,10000,0.45899999141693115,4.8607001304626465,6.723899841308594,10000,2.217299999999833,3.6768,1,0.15500000000000003,0.1008,376832,15,15,3.6787,591400,0,0,37.36090087890625,16.375900268554688,5.771699905395508,8.923299789428711,0.819599986076355,27.699899673461914,0,0,0,0,0,0,0,0,0,0,0,0,0,64.67724,39.3028
468,112.80000305175781,15.455400466918945,42.50619888305664,6.269000053405762,10.725500106811523,8.681500434875488,22.058300018310547,0,0,10009,20000,10006,20000,20000,10000,0.5120999813079834,7.0381999015808105,6.737199783325195,10000,2.4987999999999997,5.7184,1,0.2283,0.14739999999999998,376832,15,15,5.2301,8048,0,0,58.200801849365234,23.04990005493164,9.685700416564941,8.580699920654297,0.934499979019165,0.4343000054359436,0.0031,0,0.2013,10.5287,11.0139,0.0001,1.2313,1,1182718,0,0,0,9113,64.96332,39.3168
469,146.83790588378906,0.6564000248908997,61.69449996948242,15.298399925231934,9.446599960327148,7.622000217437744,39.4369010925293,0,0,10009,20000,10006,20000,20000,10000,0.7578999996185303,11.112700462341309,12.592300415039062,10000,4.617300000000159,7.7374,1,0.28030000000000005,0.22749999999999998,376832,15,15,8.9565,7712,0,0,62.63019943237305,39.54010009765625,13.613699913024902,9.373000144958496,0.025200000032782555,0.4115999937057495,0,0,0,0,0,0,0,0,0,0,0,0,0,64.85932,39.25704
470,147.84140014648438,6.867700099945068,75.6791000366211,18.156700134277344,9.259200096130371,8.102800369262695,33.51860046386719,0,0,10009,20000,10006,20000,20000,10000,2.232300043106079,14.323800086975098,16.30229949951172,10000,3.67060000000048,5.1758,1,0.19749999999999998,0.101,376832,15,15,5.3916,15952,0,0,82.83049774169922,33.603599548339844,9.174200057983398,6.76170015335083,0.01899999938905239,0.41119998693466187,0,0,0,0,0,0,0,0,0,0,0,0,0,64.8174,39.21728
471,120.50550079345703,13.373800277709961,53.29410171508789,12.89799976348877,6.589099884033203,8.013299942016602,20.82029914855957,0,0,10009,20000,10006,20000,20000,10000,0.9944000244140625,6.743100166320801,11.631099700927734,10000,2.866700000000247,4.286,1,0.2889,0.1758,376832,15,15,5.5634,494712,0,0,66.94259643554688,21.61389923095703,6.950799942016602,10.630599975585938,0.7452999949455261,0.5889999866485596,0,0,0,0,0,0,0,0,0,0,0,0,0,64.84052,39.2426
472,158.05690002441406,41.14120101928711,76.0031967163086,19.6781005859375,20.075300216674805,15.64109992980957,19.07080078125,0,0,10009,20000,10006,20000,20000,10000,1.0708999633789062,7.8927998542785645,8.690099716186523,10000,2.651600000000067,3.0386,1,0.18830000000000002,0.0687,376832,15,15,1.9844,37464,0,0,117.527099609375,19.606000900268555,9.364999771118164,3.2971999645233154,0.4925999939441681,0.2648000121116638,0.0042,0,0.2632,17.2299,30.8984,12.6938,1.6252,1,1184630,113501,9993,24416,9540,64.8992,39.57408
473,110.75509643554688,0.45820000767707825,43.167301177978516,8.5108003616333,5.39769983291626,5.513800144195557,31.351600646972656,0,0,10009,20000,10006,20000,20000,10000,0.8019000291824341,12.535499572753906,7.308700084686279,10000,5.435500000000318,4.2146,1,0.3889,0.1381,376832,15,15,4.4757,7712,0,0,43.786598205566406,31.428699493408203,10.512800216674805,7.110899925231934,0.01899999938905239,0.5631999969482422,0,0,0,0,0,0,0,0,0,0,0,0,0,65.06744,39.41432
474,135.4586944580078,6.579400062561035,62.29790115356445,19.35260009765625,4.7835001945495605,8.92710018157959,41.914100646972656,0,0,10009,20000,10006,20000,20000,10000,1.3487000465393066,15.188599586486816,9.602800369262695,10000,2.8077000000001076,3.0249,1,0.22560000000000002,0.15389999999999998,376832,15,15,3.5299,15952,0,0,69.30780029296875,42.00529861450195,6.341599941253662,4.875999927520752,0.025100000202655792,0.38589999079704285,0,0,0,0,0,0,0,0,0,0,0,0,0,64.93968,38.97504
475,126.73290252685547,8.22089958190918,60.245201110839844,17.724599838256836,7.7104997634887695,10.343600273132324,36.90530014038086,0,0,10009,20000,10006,20000,20000,10000,1.351199984550476,8.996199607849121,9.72439956665039,10000,3.3515000000002795,1.7185,1,0.18589999999999998,0.09559999999999999,376832,15,15,3.2767,493936,0,0,68.63420104980469,37.974700927734375,3.9607999324798584,5.571400165557861,1.0013999938964844,0.2689000070095062,0,0,0,0,0,0,0,0,0,0,0,0,0,64.96448,38.97916
476,162.48570251464844,67.1510009765625,68.76969909667969,8.324799537658691,22.93269920349121,6.751399993896484,15.08530044555664,0,0,10009,20000,10006,20000,20000,10000,0.45080000162124634,3.7539000511169434,19.076200485229492,10000,1.88269999999984,1.2843,1,0.1001,0.0424,376832,15,15,1.2168,41616,0,0,136.0644073486328,15.490500450134277,2.7211999893188477,2.9988999366760254,0.38100001215934753,0.1988999992609024,0.0022,13.172599792480469,0.2984,19.6064,45.1137,23.9114,1.6984,1,1166166,109266,9992,23524,9482,64.96656,39.40256
477,89.28130340576172,0.32600000500679016,23.568599700927734,6.174900054931641,3.1916000843048096,2.9895999431610107,19.98900032043457,0,0,10009,20000,10006,20000,20000,10000,0.39980000257492065,3.76990008354187,5.434999942779541,10000,7.132200000000848,5.5149,1,0.42889999999999995,0.20850000000000002,376832,15,15,7.4097,7712,0,0,24.01729965209961,20.074399948120117,10.278200149536133,8.180800437927246,0.0348999984562397,0.5888000130653381,0,0,0,0,0,0,0,0,0,0,0,0,0,65.22916,39.51108
478,145.79080200195312,7.706600189208984,84.89939880371094,22.52039909362793,11.57509994506836,7.291800022125244,37.72010040283203,0,0,10009,20000,10006,20000,20000,10000,1.1015000343322754,13.63379955291748,19.306400299072266,10000,2.193199999999825,1.9132,1,0.1685,0.09090000000000001,376832,15,15,1.9957,15952,0,0,92.98539733886719,37.80139923095703,4.357999801635742,2.8350000381469727,0.019700000062584877,0.22779999673366547,0,0,0,0,0,0,0,0,0,0,0,0,0,64.95444,39.10912
479,121.55660247802734,7.834099769592285,54.356300354003906,17.220500946044922,6.350100040435791,6.2032999992370605,27.928199768066406,0,0,10009,20000,10006,20000,20000,10000,1.3818999528884888,8.919599533081055,10.561300277709961,10000,2.840100000000234,2.5778,1,0.3456,0.1237,376832,15,15,5.228,508792,0,0,62.34709930419922,28.864599227905273,6.589799880981445,10.446399688720703,0.8600000143051147,0.2475000023841858,0,0,0,0,0,0,0,0,0,0,0,0,0,65.04548,39.26844
480,99.56320190429688,5.380799770355225,34.965599060058594,6.892499923706055,5.203999996185303,4.684700012207031,30.561100006103516,0,0,10009,20000,10006,20000,20000,10000,0.5486000180244446,6.047599792480469,8.47819995880127,10000,5.16300000000056,2.7499,1,0.19990000000000002,0.103,376832,15,15,4.6987,39832,0,0,40.52510070800781,30.78179931640625,6.7769999504089355,4.676799774169922,0.026900000870227814,0.367000013589859,0,0,0,0,0,0,0,0,0,0,0,0,0,65.17988,39.36364
481,104.1552963256836,0.635699987411499,52.067901611328125,13.529600143432617,6.554200172424316,5.245200157165527,22.775299072265625,0,0,10009,20000,10006,20000,20000,10000,0.6330999732017517,10.314599990844727,11.504799842834473,10000,4.224400000000359,2.9294,1,0.39949999999999997,0.13,376832,15,15,4.7763,7712,0,0,52.97890090942383,22.836599349975586,9.291299819946289,4.748899936676025,0.01769999973475933,0.38199999928474426,0,0,0,0,0,0,0,0,0,0,0,0,0,65.04632,39.34412
482,87.82659912109375,5.128900051116943,39.868499755859375,10.080300331115723,4.941999912261963,5.233099937438965,20.964099884033203,0,0,10009,20000,10006,20000,20000,10000,1.1571999788284302,5.547500133514404,9.089400291442871,10000,2.771200000000228,2.4378,1,0.1837,0.0869,376832,15,15,3.5941,15952,0,0,45.273399353027344,21.01580047607422,5.67519998550415,5.697299957275391,0.016100000590085983,0.5078999996185303,0,0,0,0,0,0,0,0,0,0,0,0,0,65.11004,39.325
483,99.57559967041016,12.020500183105469,34.73830032348633,7.58489990234375,3.698899984359741,5.100200176239014,24.278400421142578,0,0,10009,20000,10006,20000,20000,10000,0.5943999886512756,5.698200225830078,8.275500297546387,10000,2.77270000000022,3.2403,1,0.19669999999999999,0.0751,376832,15,15,2.8437,516848,0,0,47.225399017333984,25.28580093383789,7.237299919128418,10.638699531555176,0.9261000156402588,0.3977999985218048,0,0,0,0,0,0,0,0,0,0,0,0,0,65.02408,39.31396
484,120.57379913330078,28.250699996948242,46.224998474121094,6.985499858856201,11.916099548339844,9.607000350952148,25.725799560546875,0,0,10009,20000,10006,20000,20000,10000,0.6281999945640564,7.026599884033203,7.291500091552734,10000,2.784000000000202,2.6692,1,0.17850000000000002,0.0809,376832,15,15,2.7187,8048,0,0,74.779296875,26.422500610351562,5.248600006103516,4.767000198364258,0.6481000185012817,0.35260000824928284,0.0051,0,0.2454,22.7336,23.3916,0.0002,1.0419,1,1146606,0,0,0,8993,65.1506,39.27608
485,82.08540344238281,0.649399995803833,37.106300354003906,8.044099807739258,4.9131999015808105,5.126500129699707,22.9325008392334,0,0,10009,20000,10006,20000,20000,10000,0.7724000215530396,6.462600231170654,8.731800079345703,10000,2.9042000000003103,2.61,1,0.2001,0.08510000000000001,376832,15,15,3.1632,7712,0,0,38.03390121459961,22.990100860595703,5.413099765777588,5.163599967956543,0.01759999990463257,0.4058000147342682,0,0,0,0,0,0,0,0,0,0,0,0,0,65.07488,39.2782
486,100.33830261230469,5.015500068664551,42.69430160522461,9.710599899291992,5.343900203704834,5.655900001525879,20.617399215698242,0,0,10009,20000,10006,20000,20000,10000,0.6182000041007996,8.54990005493164,9.409299850463867,10000,3.121900000000265,4.393,1,0.2849,0.14800000000000002,376832,15,15,6.9103,15952,0,0,47.960201263427734,20.686199188232422,10.065299987792969,4.982999801635742,0.01940000057220459,0.3634999990463257,0,0,0,0,0,0,0,0,0,0,0,0,0,65.09704,39.27396
487,97.6572036743164,10.092499732971191,41.07310104370117,10.598400115966797,5.952499866485596,4.744900226593018,18.135900497436523,0,0,10009,20000,10006,20000,20000,10000,0.5698999762535095,6.836299896240234,8.61240005493164,10000,2.5751000000000492,2.5914,1,0.18420000000000003,0.0707,376832,15,15,2.7372,572816,0,0,51.38460159301758,19.032899856567383,5.285399913787842,13.257699966430664,0.8543999791145325,0.34630000591278076,0,0,0,0,0,0,0,0,0,0,0,0,0,65.06788,39.27544
488,149.40139770507812,47.26890182495117,55.976200103759766,8.22029972076416,11.170299530029297,12.831700325012207,19.634000778198242,0,0,10009,20000,10006,20000,20000,10000,0.9829000234603882,7.719299793243408,11.268099784851074,10000,2.8203000000002496,3.7581,1,0.2217,0.0933,376832,15,15,3.3072,37392,0,0,103.53119659423828,20.25079917907715,8.22819995880127,7.428800106048584,0.5782999992370605,0.34290000796318054,0.0051,0,0.1872,23.9566,40.0646,15.3578,0.9378,1,1151030,114285,9991,24781,9453,65.253,39.27276
489,78.25360107421875,0.4697999954223633,32.683998107910156,6.9328999519348145,4.0100998878479,3.3605000972747803,18.239900588989258,0,0,10009,20000,10006,20000,20000,10000,0.47029998898506165,5.653500080108643,9.3858003616333,10000,4.777300000000684,2.7036,1,0.1894,0.08829999999999999,376832,15,15,2.664,7712,0,0,33.39500045776367,18.294300079345703,5.763700008392334,7.907100200653076,0.017000000923871994,0.36899998784065247,0,0,0,0,0,0,0,0,0,0,0,0,0,65.22772,39.26528
490,120.49870300292969,5.797800064086914,56.83549880981445,17.37969970703125,8.771100044250488,5.5524001121521,27.66710090637207,0,0,10009,20000,10006,20000,20000,10000,0.6333000063896179,8.67490005493164,11.887900352478027,10000,2.906500000000286,5.1827,1,0.18920000000000003,0.10339999999999999,376832,15,15,4.74,15952,0,0,63.00669860839844,27.742300033569336,8.103899955749512,7.519700050354004,0.02590000070631504,0.37130001187324524,0,0,0,0,0,0,0,0,0,0,0,0,0,65.18612,39.4114
491,163.1352996826172,33.41619873046875,62.934898376464844,22.581600189208984,7.059199810028076,7.040299892425537,43.12950134277344,0,0,10009,20000,10006,20000,20000,10000,1.1491999626159668,11.506699562072754,9.716099739074707,10000,2.858300000000164,1.9769,1,0.2045,0.09509999999999999,376832,15,15,2.541,529040,1,1,96.68060302734375,44.07569885253906,4.712600231170654,8.154500007629395,0.8812999725341797,0.24089999496936798,0,0,0,0,0,0,0,0,0,0,0,0,0,65.23196,39.03948
492,154.92840576171875,65.38809967041016,55.87419891357422,7.3333001136779785,16.62849998474121,5.783899784088135,17.67650032043457,0,0,10009,20000,10006,20000,20000,10000,0.439300000667572,3.604599952697754,16.16390037536621,10000,2.6009999999999605,1.9378,1,0.17010000000000003,0.0576,376832,15,15,1.8927,59832,0,0,121.50800323486328,18.143299102783203,4.4781999588012695,3.0510001182556152,0.43860000371932983,0.26010000705718994,0.0042,13.453900337219238,0.1809,23.3626,42.8135,18.5501,1.6764,1,1134352,107139,9992,23038,9364,65.15424,39.3507
493,73.2863998413086,0.39309999346733093,25.348600387573242,5.56850004196167,3.176100015640259,2.936500072479248,18.948699951171875,0,0,10009,20000,10006,20000,20000,10000,0.42500001192092896,4.35699987411499,6.894999980926514,10000,2.9172000000002414,4.5661,1,0.2374,0.2695,376832,15,15,4.8517,7712,0,0,25.89229965209961,19.016000747680664,8.19379997253418,6.426300048828125,0.020500000566244125,0.548799991607666,0,0,0,0,0,0,0,0,0,0,0,0,0,65.25456,39.3998
494,111.00769805908203,5.717400074005127,43.889400482177734,10.315799713134766,5.468900203704834,4.375400066375732,31.170700073242188,0,0,10009,20000,10006,20000,20000,10000,0.6327000260353088,6.533599853515625,13.156999588012695,10000,2.769600000000198,5.6526,1,0.22299999999999998,0.1491,376832,15,15,5.7068,15952,0,0,49.86869812011719,31.234800338745117,9.724100112915039,6.127500057220459,0.01940000057220459,0.38359999656677246,0,0,0,0,0,0,0,0,0,0,0,0,0,65.18612,39.26696
495,122.35440063476562,10.676199913024902,66.28060150146484,21.113000869750977,8.023799896240234,7.538400173187256,19.40049934387207,0,0,10009,20000,10006,20000,20000,10000,0.6255999803543091,6.126999855041504,16.024999618530273,10000,2.7110000000001473,2.5932,1,0.174,0.07869999999999999,376832,15,15,2.709,584800,0,0,77.23149871826172,20.219200134277344,5.331099987030029,10.564299583435059,0.779699981212616,0.3416999876499176,0,0,0,0,0,0,0,0,0,0,0,0,0,65.3088,39.3666
496,67.5708999633789,6.7170000076293945,28.011699676513672,6.280700206756592,3.706700086593628,3.044100046157837,15.908900260925293,0,0,10009,20000,10006,20000,20000,10000,0.45660001039505005,4.837200164794922,7.177599906921387,10000,2.4177999999999313,2.3816,1,0.1605,0.0821,376832,15,15,2.8303,38416,0,0,34.983699798583984,15.955300331115723,4.566400051116943,3.727400064468384,0.015200000256299973,0.3147999942302704,0,0,0,0,0,0,0,0,0,0,0,0,0,65.25764,39.31392
497,59.31380081176758,0.41760000586509705,26.017000198364258,5.708799839019775,2.6510000228881836,2.8271000385284424,16.1466007232666,0,0,10009,20000,10006,20000,20000,10000,0.45489999651908875,4.136000156402588,7.392600059509277,10000,2.2778999999998653,2.6804,1,0.1532,0.0744,376832,15,15,2.7624,7712,0,0,26.64150047302246,16.19059944152832,4.901199817657471,3.6503000259399414,0.015799999237060547,0.31769999861717224,0,0,0,0,0,0,0,0,0,0,0,0,0,65.30776,39.16156
498,100.90650177001953,4.097799777984619,25.516700744628906,5.433499813079834,2.5875000953674316,3.084199905395508,16.09149932861328,0,0,10009,20000,10006,20000,20000,10000,0.4375,4.208899974822998,7.492400169372559,10000,2.27379999999986,2.3742,1,0.16299999999999998,0.08510000000000001,376832,15,15,3.0039,15952,0,0,29.813600540161133,16.139799118041992,4.628499984741211,3.484499931335449,0.015300000086426735,38.91059875488281,0,0,0,0,0,0,0,0,0,0,0,0,0,65.36516,39.40496
499,106.40889739990234,5.944499969482422,26.063400268554688,5.930300235748291,2.6191999912261963,3.7764999866485596,15.578300476074219,0,0,10009,20000,10006,20000,20000,10000,0.46149998903274536,4.768899917602539,6.528200149536133,10000,2.199799999999826,2.3081,1,0.15180000000000002,0.0802,376832,15,15,2.4138,521936,0,0,32.21760177612305,16.32990074157715,4.345799922943115,8.804400444030762,0.7174000144004822,35.73780059814453,0,0,0,0,0,0,0,0,0,0,0,0,0,65.33856,39.18756
500,106.73609924316406,14.26140022277832,39.062599182128906,7.025599956512451,10.388999938964844,7.541299819946289,16.461999893188477,0,0,10009,20000,10006,20000,20000,10000,0.460999995470047,4.86899995803833,6.489299774169922,10000,2.3184999999998763,2.3379,1,0.159,0.0834,376832,15,15,2.4685,8048,0,0,53.52519989013672,16.906999588012695,4.52269983291626,4.51669979095459,0.4131999909877777,19.794099807739258,0.0037,0,0.1621,9.7896,10.2918,0.0001,0.7793,1,1111506,0,0,0,8847,65.42132,39.38892
501,106.44580078125,0.4449000060558319,32.374000549316406,6.862100124359131,4.812900066375732,4.2480998039245605,16.84440040588379,0,0,10009,20000,10006,20000,20000,10000,0.48170000314712524,5.073500156402588,8.10219955444336,10000,2.454599999999929,4.3129,1,0.2301,0.1611,376832,15,15,4.2993,7712,0,0,33.10089874267578,16.902999877929688,6.558899879455566,4.817599773406982,0.021800000220537186,34.93090057373047,0,0,0,0,0,0,0,0,0,0,0,0,0,65.384,39.3846
502,106.76380157470703,4.8084001541137695,26.46030044555664,5.748700141906738,2.741499900817871,2.8055999279022217,16.600099563598633,0,0,10009,20000,10006,20000,20000,10000,0.46700000762939453,4.455900192260742,7.797399997711182,10000,2.505199999999952,2.4859,1,0.16310000000000002,0.0943,376832,15,15,2.7123,15952,0,0,31.489599227905273,16.649700164794922,4.774700164794922,3.7441000938415527,0.016300000250339508,40.72570037841797,0,0,0,0,0,0,0,0,0,0,0,0,0,65.306,39.27172
503,106.67890167236328,11.59000015258789,35.41130065917969,6.768099784851074,5.116000175476074,5.692500114440918,20.693099975585938,0,0,10009,20000,10006,20000,20000,10000,0.515500009059906,5.34499979019165,8.2947998046875,10000,2.670900000000105,5.1221,1,0.24580000000000002,0.1478,376832,15,15,4.8165,518416,0,0,47.28839874267578,21.515199661254883,8.234999656677246,11.730199813842773,0.7839999794960022,5.336100101470947,0,0,0,0,0,0,0,0,0,0,0,0,0,65.40016,39.3372
504,136.15089416503906,38.19599914550781,50.080299377441406,8.696599960327148,12.612199783325195,9.929499626159668,25.0841007232666,0,0,10009,20000,10006,20000,20000,10000,0.6381999850273132,6.7042999267578125,8.476300239562988,10000,2.60800000000005,2.5046,1,0.2502,0.1779,376832,15,15,4.3189,39584,0,0,88.52100372314453,26.012699127197266,4.898900032043457,4.390500068664551,0.8795999884605408,0.3086000084877014,0.0054,0,0.1886,15.2327,30.328,14.2217,0.9598,1,1122118,111317,9992,24129,9319,65.39836,39.27104
505,76.86990356445312,0.48820000886917114,33.7869987487793,6.2941999435424805,4.66480016708374,4.042900085449219,17.693300247192383,0,0,10009,20000,10006,20000,20000,10000,0.5339000225067139,6.01669979095459,9.333399772644043,10000,2.6429000000001044,3.6639,1,0.206,0.1333,376832,15,15,4.4053,7712,0,0,34.534698486328125,17.747600555419922,6.316500186920166,4.71999979019165,0.01759999990463257,1.735200047492981,0,0,0,0,0,0,0,0,0,0,0,0,0,65.49544,39.42032
506,106.53099822998047,5.646599769592285,29.82699966430664,6.172399997711182,4.740099906921387,2.9530999660491943,17.628299713134766,0,0,10009,20000,10006,20000,20000,10000,0.5569999814033508,4.942399978637695,7.9766998291015625,10000,2.507499999999987,2.0493,1,0.1749,0.0837,376832,15,15,2.4043,15952,0,0,35.73899841308594,17.68160057067871,4.896599769592285,3.823499917984009,0.016899999231100082,35.41019821166992,0,0,0,0,0,0,0,0,0,0,0,0,0,65.45292,39.34108
507,106.86720275878906,7.013000011444092,32.13850021362305,6.336699962615967,4.86870002746582,4.743500232696533,16.682100296020508,0,0,10009,20000,10006,20000,20000,10000,0.534600019454956,5.394400119781494,7.243100166320801,10000,2.6307000000000547,2.0131,1,0.2916,0.0863,376832,15,15,2.6423,516504,0,0,39.36600112915039,17.49250030517578,4.371399879455566,8.325200080871582,0.7660999894142151,26.112199783325195,0,0,0,0,0,0,0,0,0,0,0,0,0,65.37684,39.25572
508,128.28709411621094,37.20930099487305,46.38309860229492,7.205399990081787,12.67039966583252,9.133500099182129,19.16629981994629,0,0,10009,20000,10006,20000,20000,10000,0.487199991941452,6.688000202178955,7.599100112915039,10000,2.541099999999992,3.8289,1,0.29539999999999994,0.20790000000000003,376832,15,15,4.5074,36032,0,0,83.80740356445312,20.174100875854492,7.249899864196777,4.560999870300293,0.96670001745224,0.3043000102043152,0.004,12.253600120544434,0.1585,10.0368,18.2299,7.6764,0.887,1,1105996,104264,9992,22171,9229,65.50932,39.3864
509,84.99040222167969,0.4357999861240387,29.956499099731445,6.3196001052856445,4.459199905395508,3.26990008354187,15.578100204467773,0,0,10009,20000,10006,20000,20000,10000,0.45509999990463257,4.78849983215332,8.092100143432617,10000,2.4116999999998545,2.3577,1,0.1507,0.0684,376832,15,15,2.5139,7712,0,0,30.6117000579834,15.63070011138916,4.466000080108643,3.5980000495910645,0.017799999564886093,23.125200271606445,0,0,0,0,0,0,0,0,0,0,0,0,0,65.43992,39.39612
510,106.78109741210938,4.304500102996826,29.485300064086914,6.087500095367432,4.72790002822876,3.153599977493286,15.770299911499023,0,0,10009,20000,10006,20000,20000,10000,0.4625000059604645,4.297900199890137,7.898200035095215,10000,2.2014999999998333,2.3406,1,0.1473,0.0761,376832,15,15,2.774,15952,0,0,34.01190185546875,15.820699691772461,5.165200233459473,3.4207000732421875,0.01590000092983246,40.80950164794922,0,0,0,0,0,0,0,0,0,0,0,0,0,65.3718,39.04848
511,106.69609832763672,7.039000034332275,30.574499130249023,6.76039981842041,3.964200019836426,4.483399868011475,15.683500289916992,0,0,10009,20000,10006,20000,20000,10000,0.48420000076293945,4.546199798583984,7.1682000160217285,10000,2.244099999999912,2.328,1,0.2041,0.1341,376832,15,15,4.1837,557784,0,0,37.80839920043945,16.499099731445312,4.4440999031066895,7.665299892425537,0.7746000289916992,28.27560043334961,0,0,0,0,0,0,0,0,0,0,0,0,0,65.46772,39.32312
512,106.34380340576172,3.6547000408172607,23.835899353027344,5.226900100708008,2.216399908065796,3.40910005569458,16.1643009185791,0,0,10009,20000,10006,20000,20000,10000,0.40720000863075256,4.925899982452393,5.661799907684326,10000,2.3574999999998902,3.1277,1,0.21900000000000003,0.1457,376832,15,15,4.3764,39280,0,0,27.628999710083008,16.215299606323242,6.887400150299072,4.005199909210205,0.01720000058412552,40.012699127197266,0,0,0,0,0,0,0,0,0,0,0,0,0,65.51884,39.41532
513,106.74939727783203,0.3736000061035156,25.277799606323242,5.867199897766113,2.313999891281128,3.1214001178741455,15.113200187683105,0,0,10009,20000,10006,20000,20000,10000,0.5019999742507935,4.104400157928467,7.415999889373779,10000,2.377899999999884,2.293,1,0.1525,0.066,376832,15,15,2.5726,7712,0,0,25.87030029296875,15.159199714660645,4.634099960327148,3.587399959564209,0.014299999922513962,49.905799865722656,0,0,0,0,0,0,0,0,0,0,0,0,0,65.39408,39.30116
514,106.76509857177734,4.4039998054504395,26.7593994140625,5.53980016708374,2.724400043487549,2.751499891281128,15.554499626159668,0,0,10009,20000,10006,20000,20000,10000,0.4251999855041504,4.9532999992370605,7.480299949645996,10000,2.3817999999998754,3.8099,1,0.1885,0.13069999999999998,376832,15,15,4.5864,15952,0,0,31.411800384521484,15.60420036315918,6.036099910736084,4.760300159454346,0.016300000250339508,37.61069869995117,0,0,0,0,0,0,0,0,0,0,0,0,0,65.51556,39.32464
515,106.60070037841797,7.700799942016602,31.867399215698242,6.4593000411987305,4.656799793243408,4.400400161743164,16.086999893188477,0,0,10009,20000,10006,20000,20000,10000,0.43389999866485596,5.367800235748291,7.574999809265137,10000,2.341099999999928,3.117,1,0.21569999999999998,0.1686,376832,15,15,5.4799,562816,0,0,39.765201568603516,16.970800399780273,6.76140022277832,9.702300071716309,0.8464000225067139,21.29759979248047,0,0,0,0,0,0,0,0,0,0,0,0,0,65.45308,39.4006
516,119.40879821777344,23.621299743652344,48.08980178833008,7.787600040435791,12.478500366210938,9.637499809265137,24.11240005493164,0,0,10009,20000,10006,20000,20000,10000,0.5882999897003174,6.918700218200684,7.785600185394287,10000,2.767500000000198,2.8265,1,0.18980000000000002,0.10389999999999999,376832,15,15,3.314,8048,0,0,71.94319915771484,24.626300811767578,5.558300018310547,5.370800018310547,0.4715999960899353,0.7961999773979187,0.0045,0,0.1882,17.1983,17.7811,0,1.7334,1,1088088,0,0,0,8682,65.40408,39.30632
517,94.2520980834961,1.2710000276565552,36.689998626708984,8.35159969329834,4.792600154876709,5.213099956512451,23.202999114990234,0,0,10009,20000,10006,20000,20000,10000,1.035099983215332,5.678800106048584,8.63379955291748,10000,2.6820000000001443,3.5407,1,0.2207,0.1412,376832,15,15,4.3524,7712,0,0,38.24169921875,23.277000427246094,6.267499923706055,4.6321001052856445,0.017799999564886093,10.297800064086914,0,0,0,0,0,0,0,0,0,0,0,0,0,65.57368,39.37852
518,106.37999725341797,4.762499809265137,36.84149932861328,7.762400150299072,4.585100173950195,5.701300144195557,22.05900001525879,0,0,10009,20000,10006,20000,20000,10000,0.6370999813079834,7.149099826812744,8.366499900817871,10000,2.694700000000118,2.507,1,0.21739999999999998,0.1335,376832,15,15,3.5847,15952,0,0,41.85599899291992,22.122299194335938,5.011199951171875,3.8661999702453613,0.01810000091791153,22.20400047302246,0,0,0,0,0,0,0,0,0,0,0,0,0,65.4312,39.27236
519,106.8750991821289,7.259699821472168,29.476600646972656,6.302199840545654,4.22730016708374,3.924999952316284,15.833800315856934,0,0,10009,20000,10006,20000,20000,10000,0.4415999948978424,4.356200218200684,7.493299961090088,10000,2.222399999999835,2.4304,1,0.17259999999999998,0.12090000000000001,376832,15,15,3.0984,498296,0,0,36.94129943847656,16.570100784301758,4.474100112915039,7.80019998550415,0.7016000151634216,31.164899826049805,0,0,0,0,0,0,0,0,0,0,0,0,0,65.34248,39.28408
520,209.32040405273438,74.14199829101562,92.56269836425781,17.584199905395508,21.660600662231445,14.829299926757812,20.336200714111328,0,0,10009,20000,10006,20000,20000,10000,1.2847000360488892,9.734000205993652,21.17639923095703,10000,3.350100000000568,2.3828,1,0.19629999999999997,0.0816,376832,15,15,2.6298,34360,0,0,166.92489624023438,21.49810028076172,4.968400001525879,5.814499855041504,1.1132999658584595,0.35260000824928284,0.003,16.842199325561523,0.2464,28.373,47.3027,18.0472,1.9582,1,1096390,109046,9990,23038,9237,65.5364,39.32144
521,75.02339935302734,0.4697999954223633,31.971500396728516,6.7947998046875,4.61870002746582,3.1491000652313232,22.972900390625,0,0,10009,20000,10006,20000,20000,10000,0.6334999799728394,5.408999919891357,8.62440013885498,10000,2.780500000000226,2.6368,1,0.18300000000000002,0.093,376832,15,15,2.804,7712,0,0,32.657501220703125,23.030500411987305,5.733399868011475,4.456399917602539,0.017899999395012856,0.3465000092983246,0,0,0,0,0,0,0,0,0,0,0,0,0,65.43384,39.28728
522,77.2416000366211,4.854800224304199,34.00630187988281,6.7729997634887695,4.73769998550415,3.820199966430664,18.007299423217773,0,0,10009,20000,10006,20000,20000,10000,0.5608999729156494,6.581600189208984,8.787099838256836,10000,2.613800000000029,2.506,1,0.1713,0.0984,376832,15,15,3.2564,15952,0,0,39.08869934082031,18.06800079345703,4.9222002029418945,4.244699954986572,0.018300000578165054,0.5077999830245972,0,0,0,0,0,0,0,0,0,0,0,0,0,65.55452,39.39828
523,81.73600006103516,7.548699855804443,32.738399505615234,7.095799922943115,4.750400066375732,4.0432000160217285,17.440799713134766,0,0,10009,20000,10006,20000,20000,10000,0.49140000343322754,5.611499786376953,7.830699920654297,10000,2.4308999999999377,2.4565,1,0.16659999999999997,0.08410000000000001,376832,15,15,2.8843,498352,0,0,40.51219940185547,18.193700790405273,4.606599807739258,7.851600170135498,0.7175999879837036,0.3488999903202057,0,0,0,0,0,0,0,0,0,0,0,0,0,65.4694,39.2472
524,119.07730102539062,41.74869918823242,41.09040069580078,7.027200222015381,10.85260009765625,8.195300102233887,16.078500747680664,0,0,10009,20000,10006,20000,20000,10000,0.48579999804496765,4.614799976348877,7.371699810028076,10000,2.219299999999832,2.8574,1,0.1482,0.09920000000000001,376832,15,15,2.9034,35768,0,0,83.04019927978516,16.50040054321289,4.890999794006348,5.081900119781494,0.38760000467300415,0.336899995803833,0.0043,12.055399894714355,0.1703,14.969,23.0475,7.5333,0.9299,1,1080570,101477,9990,21263,9116,65.44884,39.36216
525,113.50650024414062,0.4323999881744385,31.335599899291992,6.2307000160217285,5.050899982452393,3.683199882507324,20.929399490356445,0,0,10009,20000,10006,20000,20000,10000,0.48179998993873596,5.046500205993652,8.151000022888184,10000,19.004699999996753,3.8328,1,0.35250000000000004,0.1685,376832,15,15,12.233,7712,0,0,31.982900619506836,20.996400833129883,9.505900382995605,6.497099876403809,0.02280000038444996,0.4713999927043915,0,0,0,0,0,0,0,0,0,0,0,0,0,65.3942,39.24132
526,77.28209686279297,6.957200050354004,35.68339920043945,6.546000003814697,4.354599952697754,3.3327999114990234,16.869699478149414,0,0,10009,20000,10006,20000,20000,10000,0.5841000080108643,4.617400169372559,12.656599998474121,10000,2.4694999999999783,2.6371,1,0.16599999999999998,0.0752,376832,15,15,2.7528,15952,0,0,42.951499938964844,16.916099548339844,5.0920000076293945,3.9316999912261963,0.017100000753998756,0.3086000084877014,0,0,0,0,0,0,0,0,0,0,0,0,0,65.55284,39.36516
527,154.54449462890625,9.484999656677246,82.92130279541016,22.681299209594727,9.408599853515625,13.34469985961914,28.609600067138672,0,0,10009,20000,10006,20000,20000,10000,1.4505000114440918,15.00790023803711,15.946599960327148,10000,4.317200000000223,3.9537,1,0.19119999999999998,0.1179,376832,15,15,3.3188,586704,0,0,92.60679626464844,29.645000457763672,9.424300193786621,9.941200256347656,0.9749000072479248,0.4104999899864197,0,0,0,0,0,0,0,0,0,0,0,0,0,65.45704,39.28944
528,167.32749938964844,9.212599754333496,82.4343032836914,18.7903995513916,10.739899635314941,11.827899932861328,47.6077995300293,0,0,10009,20000,10006,20000,20000,10000,1.8157000541687012,15.197600364685059,18.444000244140625,10000,4.822100000000377,2.3854,1,0.43310000000000004,0.1565,376832,15,15,4.9325,31720,0,0,91.96080017089844,47.73040008544922,7.760700225830078,4.149499893188477,0.03420000150799751,0.35929998755455017,0,0,0,0,0,0,0,0,0,0,0,0,0,65.48196,39.41632
529,66.38240051269531,0.4634000062942505,31.501100540161133,6.4608001708984375,4.672399997711182,4.002099990844727,16.962900161743164,0,0,10009,20000,10006,20000,20000,10000,0.5601999759674072,4.913899898529053,8.092300415039062,10000,2.505099999999993,2.1682,1,0.16369999999999998,0.0796,376832,15,15,2.6823,7712,0,0,32.176998138427734,17.00860023498535,4.49970006942749,4.022299766540527,0.015799999237060547,0.6273000240325928,0,0,0,0,0,0,0,0,0,0,0,0,0,65.68588,39.34
530,83.4552993774414,4.364999771118164,36.660400390625,7.271900177001953,5.870800018310547,4.394700050354004,18.464599609375,0,0,10009,20000,10006,20000,20000,10000,0.6133000254631042,7.3755998611450195,8.552200317382812,10000,3.3676000000000155,2.419,1,0.3437,0.1116,376832,15,15,3.6329,15952,0,0,41.27119827270508,18.520599365234375,5.02839994430542,7.188300132751465,0.01600000075995922,0.5195000171661377,0,0,0,0,0,0,0,0,0,0,0,0,0,65.47008,39.2638
531,99.14440155029297,8.233499526977539,42.559600830078125,9.769700050354004,5.473499774932861,7.789000034332275,25.212200164794922,0,0,10009,20000,10006,20000,20000,10000,0.8123000264167786,5.1946001052856445,9.565500259399414,10000,2.589300000000029,2.7761,1,0.16409999999999997,0.0961,376832,15,15,2.8907,548720,0,0,51.09239959716797,26.025999069213867,5.201600074768066,8.05679988861084,0.7753999829292297,0.302700012922287,0,0,0,0,0,0,0,0,0,0,0,0,0,65.58832,39.32536
532,104.77249908447266,27.262699127197266,40.29389953613281,8.417699813842773,10.228699684143066,7.364099979400635,18.62969970703125,0,0,10009,20000,10006,20000,20000,10000,0.5498999953269958,5.175000190734863,6.083899974822998,10000,2.4957999999999823,2.5081,1,0.1629,0.0829,376832,15,15,2.7724,8048,0,0,67.77639770507812,19.098800659179688,4.869900226593018,4.540800094604492,0.4296000003814697,0.37389999628067017,0.0035,0,0.1951,22.6066,23.229,0.0002,0.9983,1,1067564,0,0,0,8506,65.55092,39.3782
533,74.89009857177734,0.48510000109672546,32.72639846801758,6.646200180053711,2.9130001068115234,3.6226000785827637,20.3528995513916,0,0,10009,20000,10006,20000,20000,10000,0.5254999995231628,5.599699974060059,10.785799980163574,10000,2.8521000000002457,2.6715,1,0.1988,0.088,376832,15,15,2.8633,7712,0,0,33.41939926147461,20.413400650024414,5.19379997253418,4.077300071716309,0.01889999955892563,2.256200075149536,0,0,0,0,0,0,0,0,0,0,0,0,0,65.67476,39.55628
534,106.79350280761719,5.178400039672852,30.230499267578125,6.29040002822876,3.2019999027252197,3.8987998962402344,17.898799896240234,0,0,10009,20000,10006,20000,20000,10000,0.5257999897003174,5.048099994659424,8.481900215148926,10000,2.548000000000014,3.1376,1,0.22509999999999997,0.1128,376832,15,15,3.5994,15952,0,0,35.6890983581543,17.949600219726562,5.454699993133545,4.473599910736084,0.017100000753998756,31.425100326538086,0,0,0,0,0,0,0,0,0,0,0,0,0,65.65084,39.37892
535,107.29010009765625,7.011300086975098,26.814300537109375,5.870800018310547,2.0114998817443848,4.171500205993652,14.680299758911133,0,0,10009,20000,10006,20000,20000,10000,0.4593999981880188,4.144599914550781,7.210100173950195,10000,2.1422999999998207,1.8497,1,0.147,0.0874,376832,15,15,2.4852,551680,0,0,34.03580093383789,15.473400115966797,3.8477001190185547,7.846399784088135,0.7609999775886536,38.196998596191406,0,0,0,0,0,0,0,0,0,0,0,0,0,65.67088,39.39672
536,125.0426025390625,22.132699966430664,50.21500015258789,8.854999542236328,12.941100120544434,11.249300003051758,29.13479995727539,0,0,10009,20000,10006,20000,20000,10000,0.6897000074386597,6.541500091552734,7.079699993133545,10000,2.654800000000075,3.2962,1,0.21449999999999997,0.14400000000000002,376832,15,15,4.747,35952,0,0,72.55829620361328,29.665199279785156,5.451499938964844,4.769599914550781,0.4828999936580658,0.3314000070095062,0.0045,0,0.1639,9.3675,16.5619,6.7153,0.7915,1,1079366,110549,9990,23925,9071,65.74588,39.26816
537,88.76570129394531,0.40059998631477356,27.802499771118164,5.593699932098389,2.5536999702453613,3.8564999103546143,14.847299575805664,0,0,10009,20000,10006,20000,20000,10000,0.42579999566078186,4.680300235748291,7.651199817657471,10000,2.317699999999919,2.1828,1,0.18960000000000002,0.0905,376832,15,15,2.7607,7712,0,0,28.41819953918457,14.89780044555664,4.246399879455566,3.3636999130249023,0.016699999570846558,29.742700576782227,0,0,0,0,0,0,0,0,0,0,0,0,0,65.605,39.41156
538,106.87000274658203,4.166600227355957,26.852100372314453,5.587100028991699,2.1319000720977783,3.817699909210205,15.216699600219727,0,0,10009,20000,10006,20000,20000,10000,0.4779999852180481,5.111999988555908,7.270400047302246,10000,2.193099999999861,3.4582,1,0.24010000000000004,0.1599,376832,15,15,4.3244,15952,0,0,31.236099243164062,15.26509952545166,5.973800182342529,4.048900127410889,0.016899999231100082,40.40869903564453,0,0,0,0,0,0,0,0,0,0,0,0,0,65.7258,39.39144
539,106.9458999633789,4.716700077056885,25.632299423217773,5.59119987487793,2.3547000885009766,3.9226999282836914,15.427800178527832,0,0,10009,20000,10006,20000,20000,10000,0.45190000534057617,4.787300109863281,6.115200042724609,10000,2.1967999999998313,3.6628,1,0.18539999999999998,0.12129999999999999,376832,15,15,4.2605,534896,0,0,30.590999603271484,16.218299865722656,5.699999809265137,8.673299789428711,0.7559999823570251,33.36050033569336,0,0,0,0,0,0,0,0,0,0,0,0,0,65.68444,39.34512
540,118.17230224609375,34.1172981262207,44.04669952392578,7.743000030517578,11.887800216674805,8.383999824523926,19.15180015563965,0,0,10009,20000,10006,20000,20000,10000,0.5364000201225281,6.0524001121521,6.866799831390381,10000,2.727500000000155,2.4777,1,0.18330000000000002,0.1043,376832,15,15,3.1262,39832,0,0,78.38639831542969,19.624399185180664,4.911200046539307,4.4359002113342285,0.4318999946117401,0.3269999921321869,0.0037,10.833700180053711,0.1573,9.6462,17.3168,7.1715,0.8532,1,1063782,105539,9990,22568,8950,65.7422,39.3792
541,95.77549743652344,0.6463000178337097,36.314998626708984,7.0644001960754395,5.705699920654297,4.9222002029418945,17.845600128173828,0,0,10009,20000,10006,20000,20000,10000,0.5286999940872192,6.427299976348877,8.473899841308594,10000,2.5622000000000433,2.4137,1,0.1673,0.0806,376832,15,15,2.4266,7712,0,0,37.26020050048828,17.901899337768555,5.071899890899658,3.9972000122070312,0.016499999910593033,23.64349937438965,0,0,0,0,0,0,0,0,0,0,0,0,0,65.79624,39.32
542,107.07389831542969,4.096099853515625,26.592599868774414,5.534900188446045,3.3262999057769775,2.860599994659424,15.17020034790039,0,0,10009,20000,10006,20000,20000,10000,0.44609999656677246,4.472400188446045,7.59250020980835,10000,2.16789999999983,3.2037,1,0.26370000000000005,0.0935,376832,15,15,3.0896,15952,0,0,30.909700393676758,15.226400375366211,5.20959997177124,4.599800109863281,0.017400000244379044,40.88349914550781,0,0,0,0,0,0,0,0,0,0,0,0,0,65.6046,39.19812
543,106.68509674072266,4.722700119018555,24.265899658203125,6.676000118255615,2.572999954223633,3.7583000659942627,14.923199653625488,0,0,10009,20000,10006,20000,20000,10000,0.40220001339912415,3.963200092315674,4.720799922943115,10000,2.199099999999826,2.1609,1,0.1457,0.0741,376832,15,15,2.6813,513136,0,0,29.11989974975586,15.649800300598145,4.164299964904785,7.602399826049805,0.6951000094413757,41.678199768066406,0,0,0,0,0,0,0,0,0,0,0,0,0,65.60876,39.22872
544,106.62069702148438,4.754799842834473,25.61050033569336,5.647799968719482,2.6361000537872314,3.1631999015808105,15.369400024414062,0,0,10009,20000,10006,20000,20000,10000,0.4828999936580658,5.311299800872803,6.305200099945068,10000,2.2820999999998723,2.2756,1,0.15000000000000002,0.0798,376832,15,15,2.5377,31704,0,0,30.507099151611328,15.420599937438965,4.28879976272583,3.4326000213623047,0.01590000092983246,45.32619857788086,0,0,0,0,0,0,0,0,0,0,0,0,0,65.60664,39.22884
545,106.97709655761719,0.3278000056743622,23.878999710083008,5.48390007019043,3.1953001022338867,2.6157000064849854,14.70259952545166,0,0,10009,20000,10006,20000,20000,10000,0.3375000059604645,4.6072001457214355,5.7982001304626465,10000,2.1703999999998267,2.3609,1,0.1515,0.0794,376832,15,15,1.9834,7712,0,0,24.34709930419922,14.748900413513184,4.363800048828125,2.825000047683716,0.015300000086426735,53.951499938964844,0,0,0,0,0,0,0,0,0,0,0,0,0,65.80036,39.28936
546,106.69120025634766,2.7342000007629395,25.34600067138672,5.40369987487793,3.526700019836426,2.992500066757202,14.689599990844727,0,0,10009,20000,10006,20000,20000,10000,0.46399998664855957,4.589000225067139,6.447199821472168,10000,2.1423999999998222,1.4584,1,0.133,0.0459,376832,15,15,1.6614,15952,0,0,28.213300704956055,14.735099792480469,3.4410998821258545,3.2560999393463135,0.014299999922513962,50.800498962402344,0,0,0,0,0,0,0,0,0,0,0,0,0,65.70464,39.45984
547,106.99520111083984,4.861999988555908,27.262800216674805,5.963699817657471,2.420099973678589,4.303899765014648,15.254400253295898,0,0,10009,20000,10006,20000,20000,10000,0.4844000041484833,4.821300029754639,6.725100040435791,10000,2.1741999999998236,2.7953,1,0.2046,0.1274,376832,15,15,4.147,531584,0,0,32.326499938964844,16.021400451660156,4.821199893951416,8.510299682617188,0.733299970626831,35.0796012878418,0,0,0,0,0,0,0,0,0,0,0,0,0,65.65928,39.28604
548,107.02839660644531,13.749300003051758,41.47129821777344,6.980899810791016,10.742799758911133,8.501700401306152,15.222200393676758,0,0,10009,20000,10006,20000,20000,10000,0.49050000309944153,6.049300193786621,6.429500102996826,10000,2.1810999999998284,3.7362,1,0.20900000000000002,0.1331,376832,15,15,5.131,8048,0,0,55.424598693847656,16.163299560546875,5.746099948883057,5.19920015335083,0.902899980545044,12.353599548339844,0.0037,0,0.1735,9.1664,9.7207,0,0.8794,1,1041840,0,0,0,8333,65.7236,39.18812
549,106.86070251464844,0.4050999879837036,24.178199768066406,5.349299907684326,2.835200071334839,2.894200086593628,15.144800186157227,0,0,10009,20000,10006,20000,20000,10000,0.3950999975204468,4.197400093078613,6.127200126647949,10000,2.1551999999998315,1.9413,1,0.1354,0.0537,376832,15,15,1.5288,7712,0,0,24.85569953918457,15.192099571228027,3.930799961090088,3.2035999298095703,0.015200000256299973,53.49599838256836,0,0,0,0,0,0,0,0,0,0,0,0,0,65.66372,39.0132
550,106.78240203857422,3.269700050354004,26.321699142456055,5.781700134277344,4.017099857330322,3.071700096130371,16.113100051879883,0,0,10009,20000,10006,20000,20000,10000,0.46970000863075256,4.941999912261963,5.679100036621094,10000,2.3488999999998925,2.287,1,0.15449999999999997,0.07970000000000001,376832,15,15,2.6527,15952,0,0,29.810800552368164,16.163700103759766,4.473199844360352,3.702199935913086,0.016100000590085983,44.823001861572266,0,0,0,0,0,0,0,0,0,0,0,0,0,65.74632,39.48528
551,106.533203125,4.599999904632568,24.223499298095703,5.861800193786621,2.194700002670288,4.111700057983398,14.816200256347656,0,0,10009,20000,10006,20000,20000,10000,0.41940000653266907,3.9235000610351562,5.7133002281188965,10000,2.1633999999998217,2.2333,1,0.1491,0.0643,376832,15,15,2.5065,499248,0,0,29.034099578857422,15.519800186157227,4.250999927520752,6.726099967956543,0.6729000210762024,43.74700164794922,0,0,0,0,0,0,0,0,0,0,0,0,0,65.62536,39.19796
552,107.0615005493164,19.863399505615234,42.27170181274414,6.742099761962891,11.215999603271484,8.559700012207031,15.553299903869629,0,0,10009,20000,10006,20000,20000,10000,0.4629000127315521,6.110599994659424,6.666900157928467,10000,2.2337999999998313,4.1903,1,0.227,0.1419,376832,15,15,4.6426,29784,0,0,62.27510070800781,16.342500686645508,6.235099792480469,5.657400131225586,0.746399998664856,5.335100173950195,0.0028,0,0.1446,7.9807,14.5087,6.078,1.1271,1,1055666,109786,9993,23934,8892,65.7818,39.38044
553,106.85790252685547,0.4059000015258789,23.526100158691406,5.482699871063232,3.337100028991699,2.5947999954223633,15.020000457763672,0,0,10009,20000,10006,20000,20000,10000,0.38679999113082886,4.062699794769287,5.560699939727783,10000,2.296299999999845,2.3662,1,0.1511,0.0772,376832,15,15,2.7068,7712,0,0,24.143999099731445,15.071900367736816,4.3902997970581055,3.4519999027252197,0.017000000923871994,52.20940017700195,0,0,0,0,0,0,0,0,0,0,0,0,0,65.71268,39.23464
554,106.5624008178711,4.498899936676025,28.83489990234375,5.846700191497803,4.501200199127197,3.099400043487549,14.9306001663208,0,0,10009,20000,10006,20000,20000,10000,0.474700003862381,4.47160005569458,7.886199951171875,10000,2.13759999999982,1.8998,1,0.17290000000000003,0.0905,376832,15,15,2.9022,15952,0,0,33.59709930419922,14.975899696350098,4.0040998458862305,3.371500015258789,0.014700000174343586,42.9906005859375,0,0,0,0,0,0,0,0,0,0,0,0,0,65.84064,39.329
555,107.22250366210938,4.757800102233887,23.353500366210938,5.526299953460693,2.4347000122070312,3.773699998855591,14.96049976348877,0,0,10009,20000,10006,20000,20000,10000,0.4307999908924103,3.8345999717712402,5.057700157165527,10000,2.208199999999829,1.976,1,0.1582,0.0723,376832,15,15,2.3173,552824,0,0,28.23859977722168,15.869400024414062,4.052999973297119,7.270599842071533,0.875,43.06890106201172,0,0,0,0,0,0,0,0,0,0,0,0,0,65.80464,39.38116
556,125.3115005493164,36.379600524902344,43.72710037231445,6.639900207519531,10.310999870300293,9.06779956817627,19.590700149536133,0,0,10009,20000,10006,20000,20000,10000,0.5346999764442444,6.120800018310547,7.991199970245361,10000,4.138800000000594,3.1405,1,0.17770000000000002,0.0878,376832,15,15,3.3031,28344,0,0,80.32270050048828,20.582399368286133,5.605999946594238,5.829400062561035,0.9490000009536743,0.32580000162124634,0.0033,12.408300399780273,0.162,9.6619,17.665,7.4698,1.2869,1,1040728,101529,9992,21487,8749,65.79676,39.42296
557,150.49620056152344,0.6988999843597412,62.704200744628906,8.924599647521973,12.417200088500977,7.296500205993652,39.24089813232422,0,0,10009,20000,10006,20000,20000,10000,0.7419000267982483,17.63680076599121,11.89210033416748,10000,4.223300000000264,7.9867,1,0.5057999999999999,0.26180000000000003,376832,15,15,7.347,7712,0,0,63.66960144042969,39.34709930419922,17.891199111938477,9.65429973602295,0.026000000536441803,0.5468999743461609,0,0,0,0,0,0,0,0,0,0,0,0,0,65.71588,39.39204
558,130.2584991455078,8.794599533081055,60.44889831542969,14.336799621582031,7.72730016708374,6.79610013961792,35.0078010559082,0,0,10009,20000,10006,20000,20000,10000,0.6678000092506409,9.545000076293945,14.678299903869629,10000,2.904300000000227,2.4801,1,0.22269999999999995,0.13590000000000002,376832,15,15,4.7434,15952,0,0,69.66500091552734,35.09109878540039,5.9293999671936035,5.376100063323975,0.018400000408291817,0.36039999127388,0,0,0,0,0,0,0,0,0,0,0,0,0,65.74576,39.36916
559,150.09320068359375,8.68340015411377,67.302001953125,16.9148006439209,8.300100326538086,13.4552001953125,47.79130172729492,0,0,10009,20000,10006,20000,20000,10000,1.6332000494003296,14.436300277709961,8.56980037689209,10000,3.722800000000452,1.809,1,0.2119,0.1349,376832,15,15,4.779,601864,0,0,76.20960235595703,49.21799850463867,4.274400234222412,5.619900226593018,1.3341000080108643,0.22179999947547913,0,0,0,0,0,0,0,0,0,0,0,0,0,65.75384,39.10172
560,67.32170104980469,4.146500110626221,26.63960075378418,6.018899917602539,3.115999937057495,4.04610013961792,18.304500579833984,0,0,10009,20000,10006,20000,20000,10000,0.5091999769210815,5.854800224304199,5.132599830627441,10000,2.6475000000000395,2.5181,1,0.16720000000000002,0.1108,376832,15,15,3.2317,29568,0,0,30.918899536132812,18.35569953918457,4.888400077819824,4.071000099182129,0.01549999974668026,0.3253999948501587,0,0,0,0,0,0,0,0,0,0,0,0,0,65.82552,39.48016
561,62.99340057373047,0.46140000224113464,29.240100860595703,6.046199798583984,4.951000213623047,3.095400094985962,14.842700004577637,0,0,10009,20000,10006,20000,20000,10000,0.5286999940872192,4.704400062561035,7.409200191497803,10000,2.1616999999998256,1.7999,1,0.22060000000000002,0.1614,376832,15,15,3.7885,7712,0,0,29.905000686645508,14.894399642944336,3.7792000770568848,3.6333999633789062,0.016100000590085983,0.3107999861240387,0,0,0,0,0,0,0,0,0,0,0,0,0,65.72104,39.39092
562,92.54509735107422,3.463200092315674,33.775001525878906,6.294600009918213,6.53849983215332,4.134900093078613,15.290900230407715,0,0,10009,20000,10006,20000,20000,10000,0.4377000033855438,5.902699947357178,7.701300144195557,10000,2.146999999999818,3.5423,1,0.22790000000000002,0.1671,376832,15,15,5.6141,15952,0,0,37.438201904296875,15.348699569702148,5.8043999671936035,4.5081000328063965,0.01679999940097332,18.03260040283203,0,0,0,0,0,0,0,0,0,0,0,0,0,65.95328,39.53168
563,236.36399841308594,14.075400352478027,109.09770202636719,29.621299743652344,12.770899772644043,14.27869987487793,62.6150016784668,0,0,10009,20000,10006,20000,20000,10000,2.5106000900268555,20.269399642944336,21.277999877929688,10000,8.321500000001045,2.412,1,0.9792000000000001,0.5307999999999999,376832,15,15,14.8836,430176,0,0,123.46050262451172,63.793701171875,6.327300071716309,6.368299961090088,1.0844000577926636,0.23090000450611115,0,0,0,0,0,0,0,0,0,0,0,0,0,65.73392,39.39844
564,105.3770980834961,16.8882999420166,51.79610061645508,7.053899765014648,15.112000465393066,7.850200176239014,18.130199432373047,0,0,10009,20000,10006,20000,20000,10000,0.6956999897956848,4.7052998542785645,12.049500465393066,10000,2.63980000000001,2.2028,1,0.16670000000000001,0.0706,376832,15,15,2.5845,8048,0,0,68.85079956054688,18.55430030822754,4.472499847412109,4.66540002822876,0.388700008392334,0.3244999945163727,0.0024,0,0.1362,9.5789,10.2741,0.0001,1.2837,1,1024364,0,0,0,8124,65.88216,39.5504
565,68.93099975585938,0.4246000051498413,33.74810028076172,6.7967000007629395,5.891200065612793,3.7827000617980957,15.407699584960938,0,0,10009,20000,10006,20000,20000,10000,0.6438999772071838,5.24970006942749,8.392900466918945,10000,2.180999999999823,2.5393,1,0.2522,0.1877,376832,15,15,3.4613,7712,0,0,34.420799255371094,15.463899612426758,4.607699871063232,3.849400043487549,0.02250000089406967,0.31540000438690186,0,0,0,0,0,0,0,0,0,0,0,0,0,65.77776,39.46396
566,76.18299865722656,5.059000015258789,28.55030059814453,6.107399940490723,3.691499948501587,2.914900064468384,16.45439910888672,0,0,10009,20000,10006,20000,20000,10000,0.5001000165939331,5.033100128173828,7.867099761962891,10000,2.339199999999955,4.2002,1,0.2629,0.1772,376832,15,15,4.5947,15952,0,0,33.82630157470703,16.507200241088867,7.396200180053711,5.536399841308594,0.016899999231100082,0.27390000224113464,0,0,0,0,0,0,0,0,0,0,0,0,0,65.84872,39.36896
567,115.03610229492188,9.618399620056152,40.83649826049805,8.32759952545166,5.006700038909912,6.1645002365112305,19.87310028076172,0,0,10009,20000,10006,20000,20000,10000,0.5230000019073486,6.384900093078613,10.232199668884277,10000,2.8803000000002252,6.5022,1,0.24179999999999996,0.1521,376832,15,15,6.2979,590488,0,0,50.730899810791016,20.954299926757812,10.326199531555176,17.86750030517578,1.0262999534606934,0.49059998989105225,0,0,0,0,0,0,0,0,0,0,0,0,0,65.66904,39.43108
568,183.78399658203125,52.65739822387695,82.83460235595703,18.4507999420166,22.965499877929688,14.00510025024414,28.396699905395508,0,0,10009,20000,10006,20000,20000,10000,1.381500005722046,7.656099796295166,13.961999893188477,10000,2.777100000000145,3.2887,1,0.18660000000000002,0.10300000000000001,376832,15,15,3.1653,37816,0,0,135.80870056152344,28.84910011291504,5.583199977874756,3.2695999145507812,0.4065000116825104,0.20110000669956207,0.0069,0,0.3557,22.0861,43.8309,20.418,2.1143,1,1039262,107431,9992,22238,8693,65.73244,38.91616
569,59.140098571777344,0.40389999747276306,24.106399536132812,5.553500175476074,2.6106998920440674,3.0230000019073486,15.647000312805176,0,0,10009,20000,10006,20000,20000,10000,0.4018999934196472,4.978600025177002,5.729800224304199,10000,2.3389999999998916,2.3801,1,0.22980000000000003,0.1878,376832,15,15,4.3222,7712,0,0,24.653200149536133,15.700200080871582,4.541900157928467,3.6923999786376953,0.016200000420212746,0.2800999879837036,0,0,0,0,0,0,0,0,0,0,0,0,0,65.85428,39.51488
570,71.37979888916016,4.535600185394287,31.94230079650879,6.165900230407715,4.914100170135498,4.506199836730957,15.19379997253418,0,0,10009,20000,10006,20000,20000,10000,0.53329998254776,5.023799896240234,7.9593000411987305,10000,2.15369999999982,1.932,1,0.20149999999999998,0.1419,376832,15,15,4.0131,15952,0,0,36.69670104980469,15.246100425720215,4.060100078582764,3.836199998855591,0.01679999940097332,0.2913999855518341,0,0,0,0,0,0,0,0,0,0,0,0,0,65.75632,39.3806
571,84.36029815673828,7.478899955749512,30.992599487304688,5.67519998550415,4.16349983215332,5.053100109100342,15.172499656677246,0,0,10009,20000,10006,20000,20000,10000,0.4742000102996826,5.147900104522705,7.400199890136719,10000,2.174399999999823,4.6908,1,0.19900000000000004,0.1445,376832,15,15,5.6641,507752,0,0,38.695899963378906,15.902400016784668,6.796199798583984,9.043399810791016,0.6930999755859375,2.126499891281128,0,0,0,0,0,0,0,0,0,0,0,0,0,65.93816,39.42936
572,120.73699951171875,36.018798828125,44.23189926147461,6.972099781036377,12.271400451660156,9.110099792480469,17.861299514770508,0,0,10009,20000,10006,20000,20000,10000,0.5335999727249146,5.5208001136779785,6.969299793243408,10000,2.54030000000001,2.4376,1,0.2861,0.1699,376832,15,15,4.3848,32376,0,0,80.47879791259766,18.41390037536621,4.696499824523926,4.456500053405762,0.5149000287055969,0.2750000059604645,0.0059,12.340499877929688,0.2512,9.6295,17.1267,6.858,0.9135,1,1020848,100911,9991,21519,8567,65.76668,39.07904
573,93.56680297851562,0.4325999915599823,33.20830154418945,6.233699798583984,5.135499954223633,4.498600006103516,18.64579963684082,0,0,10009,20000,10006,20000,20000,10000,0.5669000148773193,6.016900062561035,7.941999912261963,10000,2.3609999999998927,2.4803,1,0.2096,0.1518,376832,15,15,3.8236,7712,0,0,33.86439895629883,18.70009994506836,5.468200206756592,3.824899911880493,0.017799999564886093,21.009899139404297,0,0,0,0,0,0,0,0,0,0,0,0,0,65.91788,39.265
574,106.44049835205078,3.07069993019104,27.659000396728516,5.596099853515625,3.9474000930786133,3.7880001068115234,16.596099853515625,0,0,10009,20000,10006,20000,20000,10000,0.40459999442100525,5.610400199890137,6.484799861907959,10000,2.351299999999845,3.4713,1,0.22089999999999999,0.137,376832,15,15,5.0045,15952,0,0,30.936399459838867,16.649799346923828,5.645999908447266,4.644499778747559,0.017999999225139618,36.541099548339844,0,0,0,0,0,0,0,0,0,0,0,0,0,65.87968,39.11404
575,107.09729766845703,5.117800235748291,27.912099838256836,6.021100044250488,2.7307000160217285,4.541100025177002,14.802499771118164,0,0,10009,20000,10006,20000,20000,10000,0.5236999988555908,4.662700176239014,6.7683000564575195,10000,2.133899999999819,2.3804,1,0.1316,0.052099999999999994,376832,15,15,2.4619,535848,0,0,33.16469955444336,15.549699783325195,4.3592000007629395,7.531599998474121,0.7132999897003174,39.44409942626953,0,0,0,0,0,0,0,0,0,0,0,0,0,65.78896,39.26204
576,107.09829711914062,3.7632999420166016,24.785200119018555,5.499499797821045,3.373699903488159,2.8773000240325928,14.868399620056152,0,0,10009,20000,10006,20000,20000,10000,0.4781999886035919,4.992000102996826,5.837399959564209,10000,2.2941999999998406,2.3581,1,0.20060000000000003,0.1525,376832,15,15,2.886,34288,0,0,28.718900680541992,14.919300079345703,4.3790998458862305,3.473400115966797,0.017000000923871994,45.657901763916016,0,0,0,0,0,0,0,0,0,0,0,0,0,65.90644,39.48792
577,106.9656982421875,0.39329999685287476,25.849000930786133,5.8632001876831055,3.376800060272217,2.9186999797821045,22.249300003051758,0,0,10009,20000,10006,20000,20000,10000,0.4657000005245209,4.721799850463867,6.355100154876709,10000,3.064600000000267,6.9553,1,0.1895,0.1053,376832,15,15,3.142,7712,0,0,26.453100204467773,22.318599700927734,15.160300254821777,8.369099617004395,0.023499999195337296,22.980499267578125,0,0,0,0,0,0,0,0,0,0,0,0,0,65.91032,39.5834
578,107.27559661865234,6.491300106048584,37.83409881591797,8.369099617004395,4.915800094604492,6.853799819946289,18.560199737548828,0,0,10009,20000,10006,20000,20000,10000,0.579800009727478,5.333099842071533,8.89009952545166,10000,2.5340999999999942,2.5777,1,0.18860000000000002,0.1611,376832,15,15,3.8291,15952,0,0,44.5260009765625,18.62190055847168,4.873799800872803,4.436999797821045,0.017999999225139618,22.083799362182617,0,0,0,0,0,0,0,0,0,0,0,0,0,65.82952,39.469
579,107.4822998046875,8.93970012664795,33.511199951171875,6.82289981842041,4.916299819946289,5.034999847412109,14.891300201416016,0,0,10009,20000,10006,20000,20000,10000,0.5339999794960022,4.799600124359131,7.952700138092041,10000,2.153199999999819,2.8349,1,0.20450000000000002,0.1598,376832,15,15,3.9674,569744,0,0,42.670101165771484,15.699399948120117,4.8333001136779785,7.774600028991699,0.7745000123977661,26.960899353027344,0,0,0,0,0,0,0,0,0,0,0,0,0,65.91764,39.12432
580,107.18009948730469,14.402899742126465,36.55939865112305,5.682499885559082,9.678400039672852,7.895599842071533,14.946800231933594,0,0,10009,20000,10006,20000,20000,10000,0.44200000166893005,4.41379976272583,6.120500087738037,10000,2.1762999999998223,2.3688,1,0.1474,0.0842,376832,15,15,2.6426,8048,0,0,51.18790054321289,15.325499534606934,4.428999900817871,4.105199813842773,0.3540000021457672,24.66790008544922,0.0042,0,0.1689,9.431,9.9674,0.0001,0.8298,1,999990,0,0,0,7902,65.96512,39.35368
581,106.904296875,0.4000000059604645,23.154800415039062,5.4934000968933105,2.4762001037597656,2.5346999168395996,15.010299682617188,0,0,10009,20000,10006,20000,20000,10000,0.454800009727478,4.785600185394287,5.40500020980835,10000,2.1724999999998307,3.4941,1,0.1841,0.1282,376832,15,15,4.3643,7712,0,0,23.77519989013672,15.080400466918945,5.521299839019775,4.2434000968933105,0.03849999979138374,46.3650016784668,0,0,0,0,0,0,0,0,0,0,0,0,0,65.81516,39.36088
582,107.25689697265625,6.821499824523926,24.845600128173828,5.568699836730957,1.7174999713897705,4.104700088500977,14.872599601745605,0,0,10009,20000,10006,20000,20000,10000,0.4442000091075897,4.9344000816345215,5.945300102233887,10000,2.1607999999998264,2.436,1,0.132,0.0487,376832,15,15,2.2545,505200,0,0,31.877700805664062,15.583399772644043,4.502799987792969,8.567399978637695,0.6758999824523926,39.242401123046875,0,0,0,0,0,0,0,0,0,0,0,0,0,66.03204,39.521
583,113.8927001953125,21.41320037841797,48.610599517822266,6.708199977874756,14.719499588012695,9.431099891662598,16.381000518798828,0,0,10009,20000,10006,20000,20000,10000,0.4767000079154968,5.76230001449585,8.237500190734863,10000,2.3267999999998725,3.8749,1,0.2141,0.1624,376832,15,15,4.9792,28536,0,0,70.23690032958984,17.39620018005371,6.04580020904541,6.21999979019165,0.9714999794960022,1.7186000347137451,0.0045,0,0.192,8.6963,15.6722,6.402,0.815,1,1016278,107555,9990,22949,8501,65.95544,39.60516
584,100.68379974365234,0.4072999954223633,33.91170120239258,7.387499809265137,5.05079984664917,4.432499885559082,21.899599075317383,0,0,10009,20000,10006,20000,20000,10000,0.5580999851226807,5.212100028991699,8.562199592590332,10000,2.8697000000000346,3.6136,1,0.22450000000000003,0.1437,376832,15,15,4.8876,7712,0,0,34.52629852294922,21.96940040588379,5.880199909210205,5.4944000244140625,0.02290000021457672,18.400699615478516,0,0,0,0,0,0,0,0,0,0,0,0,0,65.92624,39.28552
585,107.37129974365234,5.94789981842041,32.15439987182617,6.1757001876831055,4.765200138092041,3.827199935913086,15.707799911499023,0,0,10009,20000,10006,20000,20000,10000,0.5903000235557556,5.640699863433838,8.280599594116211,10000,2.2648999999998307,3.8704,1,0.20459999999999998,0.1337,376832,15,15,4.1803,15952,0,0,38.32279968261719,15.763400077819824,7.068299770355225,4.842700004577637,0.01679999940097332,31.618799209594727,0,0,0,0,0,0,0,0,0,0,0,0,0,66.046,39.34592
586,106.91729736328125,6.146999835968018,33.36949920654297,6.9131999015808105,4.205699920654297,5.727200031280518,15.868900299072266,0,0,10009,20000,10006,20000,20000,10000,0.58160001039505,5.5605998039245605,8.09119987487793,10000,2.1646999999998187,3.6659,1,0.20709999999999998,0.1575,376832,15,15,4.6654,610904,0,0,39.7510986328125,16.761199951171875,5.68120002746582,9.671500205993652,0.8539000153541565,24.25160026550293,0,0,0,0,0,0,0,0,0,0,0,0,0,66.05052,39.74124
587,124.154296875,33.230098724365234,46.792999267578125,7.648200035095215,11.646200180053711,9.594300270080566,17.323299407958984,0,0,10009,20000,10006,20000,20000,10000,0.5684999823570251,7.037300109863281,7.508399963378906,10000,2.276099999999843,4.3073,1,0.25559999999999994,0.1579,376832,15,15,4.6378,30624,0,0,80.26509857177734,18.281700134277344,6.453700065612793,6.183199882507324,0.9179999828338623,2.2230000495910645,0.0042,10.850000381469727,0.1593,9.3428,16.3222,6.4612,1.1494,1,998206,100398,9990,21717,8342,65.97924,39.31656
588,91.07550048828125,0.40059998631477356,30.901599884033203,6.080900192260742,4.859000205993652,3.675600051879883,15.359000205993652,0,0,10009,20000,10006,20000,20000,10000,0.45559999346733093,4.938300132751465,8.368499755859375,10000,2.1505999999998235,1.7778,1,0.1324,0.0519,376832,15,15,2.302,7712,0,0,31.524499893188477,15.413000106811523,3.801300048828125,3.636399984359741,0.016599999740719795,29.649499893188477,0,0,0,0,0,0,0,0,0,0,0,0,0,66.2344,39.3444
589,107.09439849853516,2.5106000900268555,28.14069938659668,6.310699939727783,4.445499897003174,3.5961999893188477,15.852399826049805,0,0,10009,20000,10006,20000,20000,10000,0.5202999711036682,5.081200122833252,6.377099990844727,10000,2.166699999999827,3.4372,1,0.2005,0.1416,376832,15,15,3.9925,15952,0,0,30.798799514770508,15.911199569702148,5.4390997886657715,4.506499767303467,0.01769999973475933,40.25600051879883,0,0,0,0,0,0,0,0,0,0,0,0,0,66.0668,39.40376
590,107.4761962890625,5.173900127410889,25.656700134277344,5.813899993896484,2.8292999267578125,3.727799892425537,14.929499626159668,0,0,10009,20000,10006,20000,20000,10000,0.4422999918460846,4.100399971008301,6.4131999015808105,10000,2.1656999999998208,2.3241,1,0.14909999999999998,0.0874,376832,15,15,2.6281,480704,0,0,31.040800094604492,15.704400062561035,4.350200176239014,8.402400016784668,0.7411999702453613,40.56740188598633,0,0,0,0,0,0,0,0,0,0,0,0,0,65.72776,39.21532
591,107.36000061035156,4.408999919891357,26.291799545288086,5.936999797821045,2.3427000045776367,3.9823999404907227,16.688499450683594,0,0,10009,20000,10006,20000,20000,10000,0.48919999599456787,5.276400089263916,6.234000205993652,10000,2.3049999999998563,3.3333,1,0.2982,0.2147,376832,15,15,4.2219,26368,0,0,30.92169952392578,16.746599197387695,5.429699897766113,4.8109002113342285,0.017400000244379044,37.382198333740234,0,0,0,0,0,0,0,0,0,0,0,0,0,66.04872,39.24348
592,106.82219696044922,0.33180001378059387,21.48150062561035,5.467800140380859,1.7877000570297241,2.3020999431610107,14.776800155639648,0,0,10009,20000,10006,20000,20000,10000,0.3522999882698059,3.6900999546051025,5.929900169372559,10000,2.1390999999998224,2.6095,1,0.146,0.0884,376832,15,15,1.8249,7712,0,0,21.952699661254883,14.824399948120117,4.645199775695801,3.503700017929077,0.015599999576807022,55.47589874267578,0,0,0,0,0,0,0,0,0,0,0,0,0,65.81088,39.41924
593,106.87979888916016,6.5395002365112305,24.21769905090332,5.845200061798096,1.8946000337600708,4.130499839782715,15.682999610900879,0,0,10009,20000,10006,20000,20000,10000,0.4406999945640564,3.6438000202178955,6.276700019836426,10000,2.2321999999998265,1.8547,1,0.14909999999999998,0.0854,376832,15,15,2.8463,548896,0,0,30.899700164794922,16.167999267578125,3.854099988937378,6.124899864196777,0.4562000036239624,41.94879913330078,0,0,0,0,0,0,0,0,0,0,0,0,0,65.71124,39.13692
594,107.25650024414062,12.236000061035156,30.819400787353516,5.412499904632568,7.489099979400635,6.495500087738037,14.922800064086914,0,0,10009,20000,10006,20000,20000,10000,0.40560001134872437,4.140999794006348,4.908699989318848,10000,2.147199999999822,1.9567,1,0.1329,0.0398,376832,15,15,2.4285,8048,0,0,43.19770050048828,15.302200317382812,3.927299976348877,3.7390999794006348,0.3456000089645386,34.09659957885742,0.0024,0,0.1342,8.5461,9.0468,0,0.7292,1,988360,0,0,0,7645,65.95628,39.21384
595,106.43160247802734,0.32710000872612,22.633100509643555,5.166999816894531,2.339600086212158,2.8071999549865723,15.502099990844727,0,0,10009,20000,10006,20000,20000,10000,0.3953000009059906,4.659599781036377,5.436200141906738,10000,2.215999999999828,1.4326,1,0.16949999999999998,0.0765,376832,15,15,1.6387,7712,0,0,23.174999237060547,15.557999610900879,3.5157999992370605,3.6458001136779785,0.016200000420212746,53.98550033569336,0,0,0,0,0,0,0,0,0,0,0,0,0,65.87364,39.33232
596,107.29299926757812,2.3445000648498535,23.708099365234375,5.401800155639648,3.1638998985290527,2.6059999465942383,15.497300148010254,0,0,10009,20000,10006,20000,20000,10000,0.39910000562667847,4.762700080871582,5.551300048828125,10000,2.157099999999824,2.6265,1,0.133,0.048,376832,15,15,1.5829,15952,0,0,26.193300247192383,15.55150032043457,4.718400001525879,4.1132001876831055,0.016499999910593033,49.00709915161133,0,0,0,0,0,0,0,0,0,0,0,0,0,65.8554,39.29136
597,106.86209869384766,4.196100234985352,24.87660026550293,5.463399887084961,1.892799973487854,3.55649995803833,14.771300315856934,0,0,10009,20000,10006,20000,20000,10000,0.40119999647140503,4.674900054931641,6.551799774169922,10000,2.1448999999998235,2.4541,1,0.1316,0.050600000000000006,376832,15,15,1.5928,433632,0,0,29.210899353027344,15.413999557495117,4.632400035858154,7.159999847412109,0.6061000227928162,44.22129821777344,0,0,0,0,0,0,0,0,0,0,0,0,0,66.10056,39.19092
598,107.05719757080078,30.801700592041016,32.934200286865234,5.610099792480469,7.997099876403809,6.752099990844727,16.428800582885742,0,0,10009,20000,10006,20000,20000,10000,0.4560000002384186,3.688199996948242,5.718400001525879,10000,2.285099999999832,1.8469,1,0.2186,0.1822,376832,15,15,3.0852,26632,0,0,63.89590072631836,17.19339942932129,3.910900115966797,3.139699935913086,0.7315999865531921,10.022299766540527,0.0027,11.131400108337402,0.1572,8.8824,15.0995,5.7203,0.7891,1,998886,106059,9990,22431,8312,65.97876,39.3112
599,107.18620300292969,0.3280999958515167,26.6028995513916,6.008500099182129,4.089200019836426,3.5467000007629395,15.50510025024414,0,0,10009,20000,10006,20000,20000,10000,0.3693000078201294,5.046500205993652,5.705699920654297,10000,2.1967999999998207,3.3375,1,0.2031,0.1553,376832,15,15,3.3012,7712,0,0,27.1205997467041,15.562999725341797,5.3993000984191895,4.723999977111816,0.017999999225139618,43.38629913330078,0,0,0,0,0,0,0,0,0,0,0,0,0,65.77108,39.28456
600,106.99019622802734,7.399600028991699,27.874099731445312,6.11460018157959,2.648200035095215,5.485799789428711,15.259400367736816,0,0,10009,20000,10006,20000,20000,10000,0.4740000069141388,4.9475998878479,6.13040018081665,10000,2.1702999999998283,2.8033,1,0.24670000000000003,0.0822,376832,15,15,2.9351,533160,0,0,35.479698181152344,16.03339958190918,4.878600120544434,8.040900230407715,0.7340999841690063,33.3911018371582,0,0,0,0,0,0,0,0,0,0,0,0,0,65.857,39.07408
601,106.76020050048828,31.003700256347656,30.27680015563965,5.565100193023682,7.241799831390381,5.1321001052856445,15.176400184631348,0,0,10009,20000,10006,20000,20000,10000,0.3610999882221222,4.062699794769287,5.567500114440918,10000,2.17679999999982,2.3332,1,0.1463,0.0794,376832,15,15,2.299,26720,0,0,61.42150115966797,15.615599632263184,4.343999862670898,3.746299982070923,0.3968999981880188,14.208600044250488,0.0047,11.078399658203125,0.1581,8.9955,15.0937,5.5998,0.7371,1,984584,98729,9990,20690,8137,65.90004,39.2402
602,107.05239868164062,0.33570000529289246,22.216699600219727,5.338399887084961,2.802500009536743,2.317199945449829,14.836000442504883,0,0,10009,20000,10006,20000,20000,10000,0.424699991941452,3.8345000743865967,5.629799842834473,10000,2.1623999999998222,1.7589,1,0.1496,0.039599999999999996,376832,15,15,1.9967,7712,0,0,22.696500778198242,14.885899543762207,3.740999937057495,3.5589001178741455,0.01640000008046627,55.48149871826172,0,0,0,0,0,0,0,0,0,0,0,0,0,65.90124,39.16808
603,107.09089660644531,2.8022000789642334,23.914899826049805,5.406099796295166,3.4001998901367188,2.7297000885009766,14.782600402832031,0,0,10009,20000,10006,20000,20000,10000,0.4350000023841858,4.563300132751465,5.5507001876831055,10000,2.1377999999998223,2.5843,1,0.13269999999999998,0.0495,376832,15,15,1.5211,15952,0,0,26.85110092163086,14.835599899291992,4.717100143432617,3.6686999797821045,0.015699999406933784,50.765499114990234,0,0,0,0,0,0,0,0,0,0,0,0,0,66.08384,39.23688
604,106.6886978149414,9.328499794006348,27.21489906311035,6.661399841308594,2.5483999252319336,4.813000202178955,15.264900207519531,0,0,10009,20000,10006,20000,20000,10000,0.47940000891685486,5.056000232696533,5.38640022277832,10000,2.165999999999826,2.3756,1,0.14629999999999999,0.07830000000000001,376832,15,15,2.6208,530848,1,0,36.67879867553711,16.067800521850586,4.47189998626709,7.448699951171875,0.7578999996185303,34.522701263427734,0,0,0,0,0,0,0,0,0,0,0,0,0,65.97004,39.13812
605,107.22750091552734,3.5483999252319336,23.44580078125,5.38670015335083,3.595400094985962,2.6974000930786133,14.833900451660156,0,0,10009,20000,10006,20000,20000,10000,0.4697999954223633,4.30620002746582,5.264800071716309,10000,2.1522999999998222,1.7696,1,0.1328,0.0482,376832,15,15,1.5236,41616,0,0,27.214599609375,14.885100364685059,3.8239998817443848,3.5443999767303467,0.01640000008046627,51.63629913330078,0,0,0,0,0,0,0,0,0,0,0,0,0,66.01808,39.074
606,107.04239654541016,0.32760000228881836,23.27560043334961,5.873499870300293,3.5452001094818115,2.4279000759124756,15.045499801635742,0,0,10009,20000,10006,20000,20000,10000,0.42829999327659607,3.6812000274658203,5.5524001121521,10000,2.2054999999998213,1.9266,1,0.1352,0.047799999999999995,376832,15,15,2.0014,7712,0,0,23.744699478149414,15.098199844360352,3.915800094604492,3.25,0.01640000008046627,53.671600341796875,0,0,0,0,0,0,0,0,0,0,0,0,0,66.06228,39.50956
607,107.089599609375,6.889100074768066,23.876300811767578,5.519800186157227,1.8926000595092773,3.7444000244140625,15.02340030670166,0,0,10009,20000,10006,20000,20000,10000,0.4059000015258789,4.637499809265137,5.668499946594238,10000,2.1485999999998193,2.4029,1,0.13240000000000002,0.0475,376832,15,15,1.6546,531256,0,0,30.988000869750977,15.487700462341309,4.375,5.973999977111816,0.43560001254081726,44.1068000793457,0,0,0,0,0,0,0,0,0,0,0,0,0,65.95296,39.1768
608,107.26599884033203,12.407600402832031,36.43769836425781,5.90310001373291,10.264699935913086,7.269700050354004,14.986700057983398,0,0,10009,20000,10006,20000,20000,10000,0.4659999907016754,3.925600051879883,5.838600158691406,10000,2.1194999999998196,2.017,1,0.1436,0.0806,376832,15,15,2.7239,8048,0,0,48.99290084838867,15.385499954223633,3.9988999366760254,4.342199802398682,0.3630000054836273,27.28890037536621,0.0024,0,0.1348,7.9577,8.4921,0.0001,1.123,1,968888,0,0,0,7389,65.80332,39.17972
609,107.2396011352539,0.3312000036239624,22.173599243164062,5.49970006942749,2.2660000324249268,2.408900022506714,15.835100173950195,0,0,10009,20000,10006,20000,20000,10000,0.38920000195503235,4.007900238037109,5.7230000495910645,10000,2.168199999999825,2.4939,1,0.1373,0.0623,376832,15,15,1.7017,7712,0,0,22.652599334716797,15.890800476074219,4.622700214385986,2.8469998836517334,0.017899999395012856,53.9208984375,0,0,0,0,0,0,0,0,0,0,0,0,0,65.91224,39.22732
610,106.58910369873047,2.9702999591827393,24.797100067138672,5.786900043487549,2.7074999809265137,3.4303998947143555,14.85319995880127,0,0,10009,20000,10006,20000,20000,10000,0.4180999994277954,4.955999851226807,5.64900016784668,10000,2.1240999999998182,2.3842,1,0.14530000000000004,0.1075,376832,15,15,1.5487,15952,0,0,27.9507999420166,14.891900062561035,4.439700126647949,3.3880999088287354,0.010499999858438969,49.76890182495117,0,0,0,0,0,0,0,0,0,0,0,0,0,65.69992,39.52292
611,107.22779846191406,5.078400135040283,25.17919921875,5.8881001472473145,2.024899959564209,4.198500156402588,15.449000358581543,0,0,10009,20000,10006,20000,20000,10000,0.4327000081539154,4.038899898529053,6.536300182342529,10000,2.2261999999998316,1.9556,1,0.18980000000000002,0.0766,376832,15,15,2.6629,576648,0,0,30.401100158691406,15.994799613952637,3.9175000190734863,6.684700012207031,0.48069998621940613,42.858001708984375,0,0,0,0,0,0,0,0,0,0,0,0,0,65.70224,39.10452
612,107.16950225830078,18.21660041809082,34.744998931884766,8.011099815368652,8.522899627685547,5.301199913024902,15.261500358581543,0,0,10009,20000,10006,20000,20000,10000,0.4278999865055084,4.296299934387207,5.944900035858154,10000,2.1457999999998227,2.4951,1,0.14509999999999998,0.0526,376832,15,15,1.5634,22888,0,0,53.192901611328125,15.649700164794922,4.616300106048584,3.903700113296509,0.36329999566078186,23.13050079345703,0.0027,0,0.1336,8.5808,14.6333,5.5801,0.5975,1,982236,104211,9989,21787,8052,66.0264,39.20908
613,106.4260025024414,0.3416999876499176,21.43549919128418,5.4847002029418945,1.9735000133514404,2.3338000774383545,16.497600555419922,0,0,10009,20000,10006,20000,20000,10000,0.3698999881744385,4.034299850463867,5.388400077819824,10000,2.220899999999835,2.5561,1,0.215,0.1525,376832,15,15,3.5083,7712,0,0,21.924400329589844,16.55660057067871,4.565000057220459,3.6958999633789062,0.016899999231100082,49.778099060058594,0,0,0,0,0,0,0,0,0,0,0,0,0,65.96744,39.15296
614,107.41120147705078,3.0940001010894775,23.750699996948242,5.386499881744385,2.8610000610351562,2.807499885559082,14.85420036315918,0,0,10009,20000,10006,20000,20000,10000,0.4052000045776367,5.0625,5.506800174713135,10000,2.2615999999998264,2.4241,1,0.1321,0.0445,376832,15,15,1.5005,15952,0,0,26.98579978942871,14.90410041809082,4.366399765014648,3.5834999084472656,0.016899999231100082,49.78969955444336,0,0,0,0,0,0,0,0,0,0,0,0,0,65.793,39.1728
615,107.10639953613281,4.700399875640869,21.474199295043945,5.547900199890137,1.8032000064849854,3.095900058746338,15.01039981842041,0,0,10009,20000,10006,20000,20000,10000,0.40149998664855957,3.724299907684326,4.703100204467773,10000,2.1394999999998188,1.5672,1,0.1324,0.05790000000000001,376832,15,15,1.5537,617552,0,0,26.373600006103516,15.898799896240234,3.5355000495910645,6.05709981918335,0.8501999974250793,48.507999420166016,0,0,0,0,0,0,0,0,0,0,0,0,0,65.94776,39.0802
616,106.64510345458984,27.57659912109375,29.70840072631836,5.201900005340576,7.751299858093262,5.31279993057251,14.759300231933594,0,0,10009,20000,10006,20000,20000,10000,0.336899995803833,3.5780999660491943,5.3805999755859375,10000,2.146099999999817,1.7492,1,0.1443,0.0779,376832,15,15,2.7901,24160,0,0,57.429298400878906,15.149999618530273,3.7246999740600586,3.624300003051758,0.3578000068664551,19.186199188232422,0.0029,10.74779987335205,0.1319,6.8878,12.6582,5.2852,0.6762,1,969688,96351,9989,19868,7851,65.9812,39.05936
617,106.77469635009766,0.3303999900817871,21.459299087524414,5.17519998550415,1.8428000211715698,2.763200044631958,14.81029987335205,0,0,10009,20000,10006,20000,20000,10000,0.43299999833106995,3.9184000492095947,5.48799991607666,10000,2.1547999999998333,1.6529,1,0.13479999999999998,0.047200000000000006,376832,15,15,2.7736,7712,0,0,22.005599975585938,14.852899551391602,3.7246999740600586,2.942500114440918,0.016499999910593033,55.81520080566406,0,0,0,0,0,0,0,0,0,0,0,0,0,65.88416,38.9264
618,106.95030212402344,3.262500047683716,21.4685001373291,5.3354997634887695,1.8442000150680542,2.5404000282287598,14.934300422668457,0,0,10009,20000,10006,20000,20000,10000,0.4147999882698059,4.025899887084961,5.479100227355957,10000,2.213399999999824,3.4187,1,0.13349999999999998,0.0468,376832,15,15,1.6273,15952,0,0,24.868900299072266,14.985400199890137,5.497900009155273,3.662600040435791,0.016599999740719795,50.915401458740234,0,0,0,0,0,0,0,0,0,0,0,0,0,65.82036,39.15328
619,106.60910034179688,4.401000022888184,24.403200149536133,5.570199966430664,1.6885000467300415,4.6118998527526855,14.888099670410156,0,0,10009,20000,10006,20000,20000,10000,0.459199994802475,5.020299911499023,5.008900165557861,10000,2.1317999999998216,2.3457,1,0.1527,0.1034,376832,15,15,1.6547,581976,0,0,28.993600845336914,15.417699813842773,4.324699878692627,7.183300018310547,0.49720001220703125,44.475799560546875,0,0,0,0,0,0,0,0,0,0,0,0,0,65.85248,39.09268
620,106.8240966796875,3.7086000442504883,22.88279914855957,5.77269983291626,2.308000087738037,2.84689998626709,14.738300323486328,0,0,10009,20000,10006,20000,20000,10000,0.421999990940094,4.5995001792907715,5.160600185394287,10000,2.138399999999821,1.5773,1,0.13579999999999998,0.051500000000000004,376832,15,15,1.7493,21896,0,0,26.73780059814453,14.787500381469727,3.5439999103546143,2.795799970626831,0.014999999664723873,52.60960006713867,0,0,0,0,0,0,0,0,0,0,0,0,0,66.05344,38.92888
621,107.03379821777344,0.3328000009059906,22.024200439453125,5.610300064086914,2.5144999027252197,2.422600030899048,14.702400207519531,0,0,10009,20000,10006,20000,20000,10000,0.39089998602867126,3.624300003051758,5.6230998039245605,10000,2.2100999999998288,1.4037,1,0.1395,0.055799999999999995,376832,15,15,1.6028,7712,0,0,22.497900009155273,14.750800132751465,3.5218000411987305,2.879499912261963,0.01549999974668026,57.07310104370117,0,0,0,0,0,0,0,0,0,0,0,0,0,66.14736,39.48164
622,106.70010375976562,6.6809000968933105,23.279499053955078,5.7058000564575195,2.0476999282836914,3.6572999954223633,14.572099685668945,0,0,10009,20000,10006,20000,20000,10000,0.4625999927520752,3.9883999824523926,5.444900035858154,10000,2.128399999999822,2.243,1,0.132,0.0543,376832,15,15,1.6086,523320,0,0,30.19849967956543,15.144000053405762,4.1778998374938965,9.1496000289917,0.5457000136375427,41.96080017089844,0,0,0,0,0,0,0,0,0,0,0,0,0,66.05208,39.22464
623,107.5438003540039,12.198200225830078,34.854698181152344,6.211999893188477,8.339400291442871,7.22730016708374,15.144499778747559,0,0,10009,20000,10006,20000,20000,10000,0.4580000042915344,4.543799877166748,5.289700031280518,10000,2.1274999999998196,2.7731,1,0.1348,0.0489,376832,15,15,1.5184,8048,0,0,47.304100036621094,15.465299606323242,4.80079984664917,4.491000175476074,0.2948000133037567,29.42060089111328,0.0028,0,0.1376,8.3306,8.9757,0,0.6992,1,949904,0,0,0,7123,65.9626,39.05172
624,107.28389739990234,0.3301999866962433,23.059099197387695,5.621799945831299,2.9337000846862793,2.652899980545044,14.948599815368652,0,0,10009,20000,10006,20000,20000,10000,0.3571999967098236,4.166999816894531,5.417200088500977,10000,2.1957999999998576,3.4625,1,0.23550000000000001,0.1455,376832,15,15,4.6002,7712,0,0,23.5221004486084,15.002699851989746,5.6529998779296875,4.066699981689453,0.015799999237060547,48.10380172729492,0,0,0,0,0,0,0,0,0,0,0,0,0,65.95064,39.07836
625,106.56199645996094,3.109100103378296,27.986900329589844,6.303899765014648,4.229899883270264,3.8099000453948975,15.493300437927246,0,0,10009,20000,10006,20000,20000,10000,0.5751000046730042,5.5243000984191895,5.594200134277344,10000,2.280899999999835,1.8174,1,0.13390000000000002,0.05399999999999999,376832,15,15,2.2967,15952,0,0,31.30769920349121,15.535900115966797,3.8375000953674316,3.285399913787842,0.010499999858438969,45.474098205566406,0,0,0,0,0,0,0,0,0,0,0,0,0,66.02016,39.40476
626,106.93340301513672,4.695300102233887,25.24690055847168,6.200500011444092,2.031100034713745,4.209099769592285,15.220100402832031,0,0,10009,20000,10006,20000,20000,10000,0.3853999972343445,5.306099891662598,4.736199855804443,10000,2.19019999999983,1.7354,1,0.1336,0.05,376832,15,15,1.5676,585600,0,0,30.077800750732422,15.746000289916992,3.7427000999450684,5.703199863433838,0.49959999322891235,45.316898345947266,0,0,0,0,0,0,0,0,0,0,0,0,0,65.87416,39.0482
627,107.48699951171875,19.110300064086914,33.88520050048828,6.32919979095459,7.643499851226807,6.115699768066406,14.730799674987793,0,0,10009,20000,10006,20000,20000,10000,0.522599995136261,3.6640000343322754,7.477799892425537,10000,2.148399999999824,1.3746,1,0.1319,0.0534,376832,15,15,2.2417,24328,0,0,53.143699645996094,15.078900337219238,3.532099962234497,3.7335000038146973,0.3208000063896179,25.177600860595703,0.0024,0,0.247,8.5501,14.7632,5.6044,0.9747,1,965264,101818,9990,21805,7846,66.01532,39.1336
628,106.78289794921875,0.3939000070095062,21.099599838256836,5.342299938201904,1.7595000267028809,2.3327999114990234,14.8125,0,0,10009,20000,10006,20000,20000,10000,0.42179998755455017,4.019000053405762,5.384399890899658,10000,2.1833999999998257,2.4948,1,0.14709999999999998,0.07980000000000001,376832,15,15,1.8924,7712,0,0,21.712499618530273,14.860600471496582,4.6016998291015625,3.4347000122070312,0.01640000008046627,54.992000579833984,0,0,0,0,0,0,0,0,0,0,0,0,0,66.0106,39.20956
629,106.97930145263672,3.0632998943328857,22.291099548339844,5.304900169372559,1.8167999982833862,2.7049999237060547,14.691200256347656,0,0,10009,20000,10006,20000,20000,10000,0.4065999984741211,4.407700061798096,5.859300136566162,10000,2.149199999999823,1.7506,1,0.1326,0.0495,376832,15,15,1.4915,15952,0,0,25.495399475097656,14.747699737548828,3.7142999172210693,3.0467000007629395,0.016499999910593033,53.9474983215332,0,0,0,0,0,0,0,0,0,0,0,0,0,65.99204,39.15108
630,107.08319854736328,4.90500020980835,26.571800231933594,5.9004998207092285,3.654599905014038,4.475399971008301,14.707300186157227,0,0,10009,20000,10006,20000,20000,10000,0.4171000123023987,4.355400085449219,5.23360013961792,10000,2.1292999999998177,1.7936,1,0.1331,0.0491,376832,15,15,1.5563,610480,0,0,31.618900299072266,15.434399604797363,3.77239990234375,7.084499835968018,0.7037000060081482,43.086700439453125,0,0,0,0,0,0,0,0,0,0,0,0,0,65.89216,39.07068
631,106.75379943847656,30.438400268554688,30.37030029296875,5.65880012512207,7.539400100708008,5.870800018310547,14.80679988861084,0,0,10009,20000,10006,20000,20000,10000,0.45559999346733093,3.7651000022888184,5.127699851989746,10000,2.1309999999998195,1.795,1,0.134,0.0539,376832,15,15,2.6464,18320,0,0,61.035400390625,15.154000282287598,3.8322999477386475,3.5671000480651855,0.3158999979496002,15.618800163269043,0.0025,11.756099700927734,0.1347,8.3677,14.1056,5.2366,0.6934,1,948824,96248,9990,20284,7620,66.18292,39.0126
632,106.814697265625,0.3260999917984009,22.510400772094727,5.313499927520752,2.9621999263763428,2.6500000953674316,14.708900451660156,0,0,10009,20000,10006,20000,20000,10000,0.38089999556541443,3.7581000328063965,5.57480001449585,10000,2.1318999999998165,1.4012,1,0.1507,0.0716,376832,15,15,1.7881,7712,0,0,22.9768009185791,14.759099960327148,3.3397998809814453,3.4195001125335693,0.01510000042617321,55.943599700927734,0,0,0,0,0,0,0,0,0,0,0,0,0,65.91928,39.09556
633,107.29959869384766,2.8877999782562256,21.47920036315918,5.216100215911865,2.811500072479248,2.365600109100342,14.548999786376953,0,0,10009,20000,10006,20000,20000,10000,0.4099999964237213,3.52810001373291,5.386499881744385,10000,2.1402999999998205,1.825,1,0.1309,0.049600000000000005,376832,15,15,1.5939,15952,0,0,24.509599685668945,14.60990047454834,3.7811999320983887,3.3438000679016113,0.02239999920129776,54.327598571777344,0,0,0,0,0,0,0,0,0,0,0,0,0,65.78052,39.05932
634,106.81809997558594,5.881400108337402,22.92530059814453,5.515500068664551,1.700700044631958,3.860300064086914,14.627900123596191,0,0,10009,20000,10006,20000,20000,10000,0.35420000553131104,3.688999891281128,5.791900157928467,10000,2.1491999999998215,2.2835,1,0.1328,0.049100000000000005,376832,15,15,1.4475,592088,0,0,29.008699417114258,15.471199989318848,4.280600070953369,5.646399974822998,0.8123999834060669,46.12950134277344,0,0,0,0,0,0,0,0,0,0,0,0,0,65.84508,39.21804
635,106.55750274658203,3.3742001056671143,21.027999877929688,5.382299900054932,2.490299940109253,2.3348000049591064,14.734999656677246,0,0,10009,20000,10006,20000,20000,10000,0.3772999942302704,3.749300003051758,4.959000110626221,10000,2.13779999999982,1.8175,1,0.1526,0.0482,376832,15,15,1.5967,20320,0,0,24.547500610351562,14.785799980163574,3.8498001098632812,2.869999885559082,0.016699999570846558,54.366600036621094,0,0,0,0,0,0,0,0,0,0,0,0,0,66.1466,38.97428
636,106.877197265625,0.33079999685287476,20.78030014038086,5.361199855804443,2.0344998836517334,2.289900064468384,14.760700225830078,0,0,10009,20000,10006,20000,20000,10000,0.42980000376701355,3.5917000770568848,5.329500198364258,10000,2.130099999999818,1.8053,1,0.1457,0.0645,376832,15,15,1.7813,7712,0,0,21.249300003051758,14.80109977722168,3.8652000427246094,2.6707000732421875,0.01489999983459711,57.85150146484375,0,0,0,0,0,0,0,0,0,0,0,0,0,65.96308,39.39768
637,106.9354019165039,6.446000099182129,24.14739990234375,5.639900207519531,2.8173000812530518,3.6115000247955322,16.228500366210938,0,0,10009,20000,10006,20000,20000,10000,0.4077000021934509,4.486999988555908,5.23390007019043,10000,2.123999999999819,2.2807,1,0.15940000000000001,0.0817,376832,15,15,2.6867,493768,0,0,30.73390007019043,16.93779945373535,4.511300086975098,8.602800369262695,0.6814000010490417,38.785301208496094,0,0,0,0,0,0,0,0,0,0,0,0,0,65.94104,39.09548
638,107.3021011352539,11.264800071716309,30.86949920654297,5.632299900054932,7.6996002197265625,5.80109977722168,14.818099975585938,0,0,10009,20000,10006,20000,20000,10000,0.4406999945640564,4.208899974822998,5.0605998039245605,10000,2.1606999999998218,1.4443,1,0.13119999999999998,0.048799999999999996,376832,15,15,2.5143,8048,0,0,42.27840042114258,15.151100158691406,3.3791000843048096,3.865499973297119,0.30799999833106995,35.47890090942383,0.0027,0,0.134,7.3659,7.8998,0.0001,0.6851,1,934260,0,0,0,6840,66.32264,39.21204
639,106.80690002441406,0.3248000144958496,21.87179946899414,5.460700035095215,1.8631999492645264,2.3859000205993652,14.986599922180176,0,0,10009,20000,10006,20000,20000,10000,0.4083999991416931,4.418000221252441,5.48960018157959,10000,2.1267999999998155,2.1272,1,0.1452,0.08360000000000001,376832,15,15,1.5026,7712,0,0,22.340900421142578,15.038399696350098,4.317399978637695,2.6475000381469727,0.016499999910593033,56.168701171875,0,0,0,0,0,0,0,0,0,0,0,0,0,66.22484,39.5874
640,107.37239837646484,7.029399871826172,30.309200286865234,6.835700035095215,3.1524999141693115,4.865900039672852,15.23490047454834,0,0,10009,20000,10006,20000,20000,10000,0.5023999810218811,5.683000087738037,7.006999969482422,10000,2.1798999999998245,2.905,1,0.1508,0.0973,376832,15,15,2.9535,525016,0,0,37.481300354003906,16.029800415039062,5.190000057220459,8.902299880981445,0.7558000087738037,31.716699600219727,0,0,0,0,0,0,0,0,0,0,0,0,0,66.17584,39.3002
641,107.85479736328125,19.80389976501465,33.26969909667969,5.683800220489502,8.69950008392334,5.848100185394287,15.069999694824219,0,0,10009,20000,10006,20000,20000,10000,0.38269999623298645,3.7423999309539795,6.325500011444092,10000,2.14819999999982,2.7924,1,0.13269999999999998,0.040499999999999994,376832,15,15,2.6235,22032,0,0,53.34709930419922,15.402400016784668,4.838099956512451,4.638500213623047,0.3012999892234802,22.071500778198242,0.0025,0,0.134,8.5563,14.3931,5.3431,1.0243,1,946056,101039,9991,21379,7583,66.19564,39.23172
642,107.4896011352539,0.3497999906539917,24.763999938964844,5.557600021362305,3.6735999584198,2.9686999320983887,16.005599975585938,0,0,10009,20000,10006,20000,20000,10000,0.4223000109195709,4.82390022277832,5.468400001525879,10000,2.2519999999998324,5.2796,1,0.2007,0.201,376832,15,15,5.5708,7712,0,0,25.262300491333008,16.060699462890625,7.339600086212158,4.617199897766113,0.017000000923871994,41.604698181152344,0,0,0,0,0,0,0,0,0,0,0,0,0,66.22436,39.19316
643,106.98320007324219,2.771399974822998,28.122699737548828,6.037499904632568,4.212200164794922,4.686999797821045,15.449399948120117,0,0,10009,20000,10006,20000,20000,10000,0.48969998955726624,5.138800144195557,5.683199882507324,10000,2.2001999999998314,2.6251,1,0.1543,0.0927,376832,15,15,1.8826,15952,0,0,31.114200592041016,15.489399909973145,4.760300159454346,3.5290000438690186,0.00989999994635582,45.500999450683594,0,0,0,0,0,0,0,0,0,0,0,0,0,66.17316,39.39716
644,107.29239654541016,4.292900085449219,25.07349967956543,5.674200057983398,2.8759000301361084,4.477099895477295,15.02810001373291,0,0,10009,20000,10006,20000,20000,10000,0.38940000534057617,4.839600086212158,4.842299938201904,10000,2.1508999999998215,1.6744,1,0.133,0.0501,376832,15,15,1.4829,506416,0,0,29.499900817871094,15.508199691772461,3.6721999645233154,6.811999797821045,0.45660001039505005,45.869598388671875,0,0,0,0,0,0,0,0,0,0,0,0,0,65.904,39.0708
645,107.55220031738281,29.421600341796875,33.199100494384766,5.501800060272217,8.503199577331543,6.259099960327148,15.261199951171875,0,0,10009,20000,10006,20000,20000,10000,0.4616999924182892,3.7808001041412354,6.074900150299072,10000,2.146099999999824,1.8641,1,0.14400000000000002,0.0697,376832,15,15,2.019,21032,0,0,62.76649856567383,15.653200149536133,3.890000104904175,3.260699987411499,0.3626999855041504,15.292200088500977,0.0028,11.035300254821777,0.1699,7.465,13.2765,5.2302,0.976,1,936458,93932,9991,19153,7334,65.98432,39.0404
646,106.81690216064453,0.32440000772476196,23.287200927734375,5.590799808502197,3.101099967956543,2.9214999675750732,14.850299835205078,0,0,10009,20000,10006,20000,20000,10000,0.40790000557899475,3.911400079727173,5.524899959564209,10000,2.166299999999821,1.6546,1,0.13529999999999998,0.0576,376832,15,15,1.5454,7712,0,0,23.753700256347656,14.907699584960938,3.656100034713745,2.7499001026153564,0.01679999940097332,55.26390075683594,0,0,0,0,0,0,0,0,0,0,0,0,0,66.04004,39.07516
647,106.77300262451172,2.6656999588012695,21.682300567626953,5.358500003814697,2.8541998863220215,2.351900100708008,14.593199729919434,0,0,10009,20000,10006,20000,20000,10000,0.3677999973297119,3.610100030899048,5.384200096130371,10000,2.1724999999998196,1.4963,1,0.1553,0.0532,376832,15,15,1.572,15952,0,0,24.498199462890625,14.652299880981445,3.495500087738037,3.1644999980926514,0.027400000020861626,53.66429901123047,0,0,0,0,0,0,0,0,0,0,0,0,0,66.04736,38.95076
648,107.21849822998047,4.4781999588012695,22.285600662231445,5.764800071716309,1.846500039100647,3.555500030517578,14.642499923706055,0,0,10009,20000,10006,20000,20000,10000,0.3637999892234802,4.043799877166748,4.686999797821045,10000,2.1295999999998214,1.4326,1,0.1524,0.054400000000000004,376832,15,15,2.522,531528,0,0,26.90089988708496,15.102399826049805,3.4449000358581543,6.853700160980225,0.4372999966144562,47.86029815673828,0,0,0,0,0,0,0,0,0,0,0,0,0,66.30296,39.17208
649,106.59010314941406,3.0785999298095703,19.778499603271484,5.27810001373291,1.6928999423980713,2.3060998916625977,14.586999893188477,0,0,10009,20000,10006,20000,20000,10000,0.37689998745918274,3.6129000186920166,4.839099884033203,10000,2.1315999999998154,1.6316,1,0.13179999999999997,0.0412,376832,15,15,1.6104,19400,0,0,22.996599197387695,14.627599716186523,3.6196999549865723,3.571700096130371,0.01590000092983246,55.59270095825195,0,0,0,0,0,0,0,0,0,0,0,0,0,66.21412,39.15768
650,107.2666015625,0.33899998664855957,21.91320037841797,5.594900131225586,1.863700032234192,2.4479000568389893,15.00469970703125,0,0,10009,20000,10006,20000,20000,10000,0.4108000099658966,4.0065999031066895,5.7754998207092285,10000,2.157999999999823,1.983,1,0.15259999999999999,0.08310000000000001,376832,15,15,2.0618,7712,0,0,22.390600204467773,15.061699867248535,3.9458000659942627,3.537899971008301,0.016699999570846558,53.64780044555664,0,0,0,0,0,0,0,0,0,0,0,0,0,66.27756,39.28412
651,107.49569702148438,2.7948999404907227,21.724700927734375,5.379499912261963,1.7337000370025635,2.5058999061584473,14.939599990844727,0,0,10009,20000,10006,20000,20000,10000,0.43070000410079956,4.612299919128418,5.3069000244140625,10000,2.161499999999827,1.8711,1,0.1937,0.051699999999999996,376832,15,15,1.5245,15952,0,0,24.666099548339844,14.99020004272461,3.8482000827789307,3.9595999717712402,0.01679999940097332,52.4734001159668,0,0,0,0,0,0,0,0,0,0,0,0,0,66.01512,39.31796
652,107.33300018310547,4.431399822235107,27.97879981994629,5.767300128936768,1.8208999633789062,5.451000213623047,15.285699844360352,0,0,10009,20000,10006,20000,20000,10000,0.7520999908447266,4.7332000732421875,7.058499813079834,10000,2.482300000000007,3.599,1,0.2328,0.14229999999999998,376832,15,15,4.9342,559936,0,0,32.651798248291016,16.08060073852539,5.636000156402588,9.027799606323242,0.7577999830245972,31.43160057067871,0,0,0,0,0,0,0,0,0,0,0,0,0,66.00536,39.09672
653,106.97049713134766,10.516599655151367,26.81879997253418,5.545599937438965,5.968100070953369,4.648499965667725,14.526100158691406,0,0,10009,20000,10006,20000,20000,10000,0.3637000024318695,3.800800085067749,4.642300128936768,10000,2.1410999999998204,1.4102,1,0.1308,0.0394,376832,15,15,2.2608,8048,0,0,37.52349853515625,14.831899642944336,3.347599983215332,3.790800094604492,0.27869999408721924,40.73429870605469,0.0025,0,0.1355,6.6237,7.1612,0.0001,0.7607,1,920258,0,0,0,6544,66.14764,39.17252
654,106.8552017211914,0.33090001344680786,21.229700088500977,5.373700141906738,1.7182999849319458,2.663300037384033,14.663200378417969,0,0,10009,20000,10006,20000,20000,10000,0.39320001006126404,3.8124001026153564,5.4980998039245605,10000,2.156999999999822,1.5644,1,0.1321,0.0595,376832,15,15,1.6658,7712,0,0,21.69339942932129,14.711099624633789,3.5678999423980713,2.6542000770568848,0.014700000174343586,57.94340133666992,0,0,0,0,0,0,0,0,0,0,0,0,0,65.9248,39.1466
655,107.1615982055664,2.852099895477295,25.55820083618164,5.915200233459473,1.6557999849319458,4.341300010681152,15.215700149536133,0,0,10009,20000,10006,20000,20000,10000,0.4819999933242798,5.399799823760986,5.953700065612793,10000,2.219099999999826,2.2802,1,0.13740000000000002,0.0503,376832,15,15,1.4717,15952,0,0,28.550100326538086,15.270700454711914,4.261099815368652,3.530900001525879,0.01679999940097332,49.03779983520508,0,0,0,0,0,0,0,0,0,0,0,0,0,65.96252,39.46552
656,106.81099700927734,4.466700077056885,22.06060028076172,5.583899974822998,1.63919997215271,3.5599000453948975,15.378000259399414,0,0,10009,20000,10006,20000,20000,10000,0.3359000086784363,3.785599946975708,4.958499908447266,10000,2.135899999999822,1.4313,1,0.136,0.0485,376832,15,15,1.528,547776,0,0,26.6653995513916,15.848699569702148,3.3879001140594482,6.0945000648498535,0.4512999951839447,48.836700439453125,0,0,0,0,0,0,0,0,0,0,0,0,0,66.05456,39.10464
657,107.45760345458984,16.536800384521484,30.447200775146484,5.5071001052856445,8.253499984741211,6.099100112915039,14.618399620056152,0,0,10009,20000,10006,20000,20000,10000,0.4738999903202057,3.5638999938964844,4.530799865722656,10000,2.2256999999999043,2.3971,1,0.1743,0.0542,376832,15,15,1.5061,21096,0,0,47.1327018737793,14.992899894714355,4.411600112915039,3.3317999839782715,0.35249999165534973,31.236600875854492,0.0025,0,0.1361,7.1919,13.0425,5.3203,0.57,1,933148,99867,9991,20624,7307,65.90432,39.10364
658,106.83360290527344,0.33079999685287476,21.3612003326416,5.224599838256836,1.7137000560760498,2.752000093460083,14.673399925231934,0,0,10009,20000,10006,20000,20000,10000,0.4092000126838684,3.842099905014038,5.616600036621094,10000,2.1635999999998226,1.8781,1,0.24629999999999996,0.1032,376832,15,15,1.9613,7712,0,0,21.838499069213867,14.725700378417969,3.8951001167297363,2.958400011062622,0.015799999237060547,55.17409896850586,0,0,0,0,0,0,0,0,0,0,0,0,0,66.11828,39.24796
659,106.7781982421875,6.258399963378906,22.094499588012695,5.491799831390381,1.7348999977111816,3.4995999336242676,14.755000114440918,0,0,10009,20000,10006,20000,20000,10000,0.39100000262260437,3.8392999172210693,5.190899848937988,10000,2.1367999999998184,1.6001,1,0.1361,0.0502,376832,15,15,1.5211,518544,0,0,28.492000579833984,15.197099685668945,3.546600103378296,5.606400012969971,0.42179998755455017,47.98469924926758,0,0,0,0,0,0,0,0,0,0,0,0,0,65.92892,38.99952
660,107.2698974609375,30.381000518798828,31.06879997253418,5.360199928283691,8.133999824523926,5.3383002281188965,14.857799530029297,0,0,10009,20000,10006,20000,20000,10000,0.38690000772476196,3.7004001140594482,5.893799781799316,10000,2.127299999999819,2.1818,1,0.1459,0.08510000000000001,376832,15,15,2.2333,20440,0,0,61.589599609375,15.176199913024902,4.151299953460693,3.771199941635132,0.2948000133037567,15.813400268554688,0.0028,11.5625,0.1415,7.6798,13.6038,5.3931,0.7942,1,919290,91608,9993,18837,7055,66.1846,39.1662
661,106.9906997680664,0.33090001344680786,21.375499725341797,5.390200138092041,2.574700117111206,2.285900115966797,14.533699989318848,0,0,10009,20000,10006,20000,20000,10000,0.4059999883174896,3.551800012588501,5.467400074005127,10000,2.118299999999817,1.9015,1,0.1317,0.0482,376832,15,15,1.6157,7712,0,0,21.844499588012695,14.565099716186523,4.011199951171875,2.6375999450683594,0.010099999606609344,57.85449981689453,0,0,0,0,0,0,0,0,0,0,0,0,0,66.17436,39.17788
662,106.96910095214844,2.9684998989105225,20.56439971923828,5.213699817657471,1.6139999628067017,2.3696000576019287,14.856900215148926,0,0,10009,20000,10006,20000,20000,10000,0.41819998621940613,3.9082999229431152,5.341800212860107,10000,2.1650999999998226,2.0541,1,0.13219999999999998,0.0379,376832,15,15,2.263,15952,0,0,23.678699493408203,14.911399841308594,3.9811999797821045,2.733799934387207,0.01640000008046627,54.70759963989258,0,0,0,0,0,0,0,0,0,0,0,0,0,66.00576,38.99692
663,107.1144027709961,4.48199987411499,22.1697998046875,5.752699851989746,1.8068000078201294,3.7511000633239746,14.793899536132812,0,0,10009,20000,10006,20000,20000,10000,0.33489999175071716,3.778700113296509,4.731400012969971,10000,2.1578999999998247,1.7364,1,0.133,0.059800000000000006,376832,15,15,1.6304,615704,0,0,26.865999221801758,15.288000106811523,3.7054998874664307,6.1219000816345215,0.47440001368522644,48.976200103759766,0,0,0,0,0,0,0,0,0,0,0,0,0,66.26228,39.14832
664,106.9490966796875,3.1333000659942627,19.67340087890625,5.2434000968933105,1.6758999824523926,2.3505001068115234,14.645899772644043,0,0,10009,20000,10006,20000,20000,10000,0.33379998803138733,3.564300060272217,4.774499893188477,10000,2.1482999999998236,1.3793,1,0.1321,0.050100000000000006,376832,15,15,1.5766,18744,0,0,22.94890022277832,14.684599876403809,3.303999900817871,3.125200033187866,0.0142000000923872,56.74319839477539,0,0,0,0,0,0,0,0,0,0,0,0,0,66.05704,39.28672
665,107.19300079345703,0.3224000036716461,21.000999450683594,5.298399925231934,1.6409000158309937,2.6350998878479004,15.0423002243042,0,0,10009,20000,10006,20000,20000,10000,0.3955000042915344,3.6953999996185303,5.624899864196777,10000,2.159399999999821,1.8791,1,0.15850000000000003,0.10139999999999999,376832,15,15,2.7669,7712,0,0,21.46579933166504,15.098799705505371,3.865299940109253,3.2021000385284424,0.020099999383091927,53.962398529052734,0,0,0,0,0,0,0,0,0,0,0,0,0,65.89556,39.39652
666,107.15889739990234,6.888800144195557,23.46500015258789,5.563199996948242,1.6950000524520874,3.5855000019073486,14.548100471496582,0,0,10009,20000,10006,20000,20000,10000,0.40299999713897705,3.9835000038146973,6.1631999015808105,10000,2.1472999999998232,1.4658,1,0.1526,0.0812,376832,15,15,1.8316,531232,0,0,30.494199752807617,14.993000030517578,3.4207000732421875,5.246399879455566,0.42669999599456787,46.58430099487305,0,0,0,0,0,0,0,0,0,0,0,0,0,65.99648,39.18764
667,107.36250305175781,10.630800247192383,28.095500946044922,5.42080020904541,6.764200210571289,4.662399768829346,14.810199737548828,0,0,10009,20000,10006,20000,20000,10000,0.42309999465942383,4.072700023651123,4.8119001388549805,10000,2.160999999999821,2.1138,1,0.1413,0.0779,376832,15,15,1.8602,8048,0,0,38.87099838256836,15.184700012207031,4.059599876403809,3.22160005569458,0.3425000011920929,39.4911003112793,0.0034,0,0.1919,6.4838,7.1035,0,0.6545,1,911128,0,0,0,6261,65.98132,39.16076
668,106.79350280761719,0.33469998836517334,22.25790023803711,5.549300193786621,2.4953999519348145,2.3261001110076904,14.54010009765625,0,0,10009,20000,10006,20000,20000,10000,0.41519999504089355,3.9205000400543213,5.640399932861328,10000,2.178799999999824,1.4696,1,0.135,0.055,376832,15,15,1.6089,7712,0,0,22.74020004272461,14.590200424194336,3.381700038909912,2.780900001525879,0.015599999576807022,56.10449981689453,0,0,0,0,0,0,0,0,0,0,0,0,0,66.11036,39.09848
669,106.97589874267578,2.8954999446868896,20.300800323486328,5.16949987411499,1.767799973487854,2.2811999320983887,14.383899688720703,0,0,10009,20000,10006,20000,20000,10000,0.35830000042915344,3.531399965286255,5.405200004577637,10000,2.140399999999821,1.636,1,0.13090000000000002,0.045,376832,15,15,1.6243,15952,0,0,23.338199615478516,14.423299789428711,3.557499885559082,2.7723000049591064,0.015599999576807022,56.583499908447266,0,0,0,0,0,0,0,0,0,0,0,0,0,66.11868,39.15464
670,106.98210144042969,4.736199855804443,24.34980010986328,5.6921000480651855,1.9002000093460083,3.8603999614715576,14.743900299072266,0,0,10009,20000,10006,20000,20000,10000,0.40799999237060547,4.550600051879883,5.387700080871582,10000,2.1520999999998236,1.6464,1,0.1301,0.0357,376832,15,15,1.6045,581800,0,0,29.229000091552734,15.261300086975098,3.5529000759124756,5.948999881744385,0.490200012922287,46.93960189819336,0,0,0,0,0,0,0,0,0,0,0,0,0,66.1182,39.17148
671,107.28109741210938,28.892799377441406,28.341400146484375,5.3190999031066895,7.721700191497803,4.616399765014648,14.531599998474121,0,0,10009,20000,10006,20000,20000,10000,0.4036000072956085,3.75819993019104,4.44890022277832,10000,2.1312999999998197,2.4087,1,0.131,0.046,376832,15,15,1.6572,16960,0,0,57.37300109863281,14.901000022888184,4.380199909210205,3.347899913787842,0.3409000039100647,20.961200714111328,0.0025,12.390800476074219,0.1329,7.1329,12.7897,5.1579,0.6883,1,923702,98655,9994,20773,7014,66.00112,39.02744
672,107.28009796142578,0.3391999900341034,20.566099166870117,5.40500020980835,1.7142000198364258,2.2555999755859375,14.56879997253418,0,0,10009,20000,10006,20000,20000,10000,0.4242999851703644,3.6433000564575195,5.315800189971924,10000,2.129299999999818,2.1007,1,0.1466,0.08149999999999999,376832,15,15,1.8278,7712,0,0,21.043800354003906,14.614999771118164,4.048099994659424,2.586899995803833,0.014999999664723873,58.63180160522461,0,0,0,0,0,0,0,0,0,0,0,0,0,66.0396,39.11268
673,106.71549987792969,2.5683000087738037,20.170400619506836,5.326399803161621,1.7026000022888184,2.2827999591827393,14.54800033569336,0,0,10009,20000,10006,20000,20000,10000,0.397599995136261,3.5564000606536865,5.200399875640869,10000,2.1552999999998246,1.4319,1,0.1307,0.0482,376832,15,15,1.6542,15952,0,0,22.879600524902344,14.586299896240234,3.341200113296509,2.864000082015991,0.01590000092983246,56.647701263427734,0,0,0,0,0,0,0,0,0,0,0,0,0,65.99524,39.2202
674,107.09809875488281,4.451399803161621,22.87150001525879,5.5868000984191895,1.8213000297546387,3.678100109100342,14.668999671936035,0,0,10009,20000,10006,20000,20000,10000,0.37770000100135803,4.377900123596191,5.012899875640869,10000,2.1443999999998216,1.5974,1,0.1318,0.0487,376832,15,15,1.6157,520256,0,0,27.453500747680664,15.129400253295898,3.537899971008301,5.471799850463867,0.4397999942302704,49.43370056152344,0,0,0,0,0,0,0,0,0,0,0,0,0,66.02572,39.00912
675,106.88269805908203,27.270299911499023,27.978599548339844,5.243899822235107,6.879000186920166,4.815199851989746,14.722999572753906,0,0,10009,20000,10006,20000,20000,10000,0.39989998936653137,3.603600025177002,5.233399868011475,10000,2.1551999999998204,1.7812,1,0.1312,0.0398,376832,15,15,2.1124,18264,0,0,55.42390060424805,15.027700424194336,3.7746999263763428,3.4033000469207764,0.2838999927043915,22.651100158691406,0.0023,10.877300262451172,0.1319,6.7962,12.3827,5.0776,0.7094,1,912640,94402,9993,19856,6753,66.17396,39.12696
676,106.81099700927734,0.32710000872612,20.447099685668945,5.122799873352051,1.607699990272522,2.356600046157837,14.36400032043457,0,0,10009,20000,10006,20000,20000,10000,0.36239999532699585,3.8194000720977783,5.470699787139893,10000,2.12219999999982,1.5529,1,0.1455,0.0763,376832,15,15,1.502,7712,0,0,20.923500061035156,14.399200439453125,3.5013999938964844,2.5404000282287598,0.009999999776482582,59.48249816894531,0,0,0,0,0,0,0,0,0,0,0,0,0,66.18656,39.13436
677,107.1063003540039,2.676300048828125,19.90239906311035,5.0971999168396,1.621500015258789,2.2960000038146973,14.313400268554688,0,0,10009,20000,10006,20000,20000,10000,0.3741999864578247,3.5130999088287354,5.2957000732421875,10000,2.132999999999821,1.6058,1,0.13369999999999999,0.047799999999999995,376832,15,15,1.6657,15952,0,0,22.803499221801758,14.351300239562988,3.5548999309539795,3.0202999114990234,0.01510000042617321,57.12649917602539,0,0,0,0,0,0,0,0,0,0,0,0,0,66.04324,39.0478
678,107.25740051269531,4.238100051879883,22.05340003967285,5.44290018081665,1.6338000297546387,3.5504000186920166,14.832599639892578,0,0,10009,20000,10006,20000,20000,10000,0.37880000472068787,4.35699987411499,4.728499889373779,10000,2.2610999999998325,1.8651,1,0.1324,0.0469,376832,15,15,1.6265,464592,0,0,26.449600219726562,15.251299858093262,3.806299924850464,6.24399995803833,0.39239999651908875,49.1713981628418,0,0,0,0,0,0,0,0,0,0,0,0,0,66.16012,39.07748
679,106.86959838867188,3.0478999614715576,20.787799835205078,5.41379976272583,1.9903000593185425,2.370500087738037,14.689200401306152,0,0,10009,20000,10006,20000,20000,10000,0.3889999985694885,3.7513999938964844,5.1620001792907715,10000,2.1439999999998194,1.7582,1,0.1333,0.0385,376832,15,15,1.5217,17960,0,0,23.972700119018555,14.724200248718262,3.7504000663757324,2.760499954223633,0.009800000116229057,55.51150131225586,0,0,0,0,0,0,0,0,0,0,0,0,0,65.88392,39.13924
680,107.28399658203125,0.33309999108314514,23.371599197387695,5.539599895477295,3.7927000522613525,2.420799970626831,14.578300476074219,0,0,10009,20000,10006,20000,20000,10000,0.4269999861717224,3.9238998889923096,5.478400230407715,10000,2.1578999999998203,1.5373,1,0.13499999999999998,0.0463,376832,15,15,1.6384,7712,0,0,23.846900939941406,14.621399879455566,3.485599994659424,2.739300012588501,0.016200000420212746,56.259300231933594,0,0,0,0,0,0,0,0,0,0,0,0,0,65.9038,39.10128
681,106.86139678955078,2.786600112915039,20.200000762939453,5.202899932861328,1.7178000211715698,2.238100051879883,14.490300178527832,0,0,10009,20000,10006,20000,20000,10000,0.3939000070095062,3.643699884414673,5.264699935913086,10000,2.1870999999998246,1.4619,1,0.1328,0.0519,376832,15,15,1.6014,15952,0,0,23.200599670410156,14.530099868774414,3.393699884414673,2.79830002784729,0.015200000256299973,56.59880065917969,0,0,0,0,0,0,0,0,0,0,0,0,0,65.88748,39.35728
682,106.49440002441406,4.4278998374938965,23.282499313354492,5.451600074768066,1.8645999431610107,3.4811999797821045,14.53969955444336,0,0,10009,20000,10006,20000,20000,10000,0.3716000020503998,4.47189998626709,5.193999767303467,10000,2.156799999999829,1.4476,1,0.13940000000000002,0.0475,376832,15,15,1.6389,542872,0,0,27.906400680541992,15.020000457763672,3.3801000118255615,5.235799789428711,0.45410001277923584,48.80080032348633,0,0,0,0,0,0,0,0,0,0,0,0,0,66.03808,39.10984
683,107.18160247802734,12.038900375366211,30.092199325561523,5.977399826049805,6.684899806976318,5.73330020904541,14.786499977111816,0,0,10009,20000,10006,20000,20000,10000,0.3905999958515167,4.071000099182129,5.2835001945495605,10000,2.1276999999998187,1.5342,1,0.23289999999999997,0.06570000000000001,376832,15,15,1.9605,8048,0,0,42.26689910888672,15.06470012664795,3.6073999404907227,3.5078999996185303,0.2563000023365021,36.143001556396484,0.0022,0,0.1346,7.7482,8.328,0.0001,0.6935,1,898528,0,0,0,5970,66.05336,39.08524
684,107.14340209960938,0.32199999690055847,20.476900100708008,5.193299770355225,1.7167999744415283,2.212899923324585,14.519000053405762,0,0,10009,20000,10006,20000,20000,10000,0.38019999861717224,3.7493999004364014,5.44920015335083,10000,2.1597999999998216,1.6877,1,0.1931,0.0801,376832,15,15,2.0384,7712,0,0,20.931499481201172,14.550600051879883,3.6747000217437744,3.000699996948242,0.01080000028014183,58.326499938964844,0,0,0,0,0,0,0,0,0,0,0,0,0,65.79932,39.46292
685,106.75689697265625,6.646599769592285,21.09950065612793,5.541500091552734,1.7094999551773071,2.9003000259399414,14.676799774169922,0,0,10009,20000,10006,20000,20000,10000,0.3702999949455261,3.6301000118255615,4.976099967956543,10000,2.196999999999826,2.0988,1,0.1315,0.0482,376832,15,15,1.489,490472,0,0,27.881999969482422,15.116000175476074,4.1381001472473145,5.9944000244140625,0.41260001063346863,47.62649917602539,0,0,0,0,0,0,0,0,0,0,0,0,0,66.18904,39.2278
686,107.13330078125,16.63279914855957,27.66200065612793,5.33620023727417,6.935500144958496,5.55679988861084,14.58489990234375,0,0,10009,20000,10006,20000,20000,10000,0.3538999855518341,3.5785999298095703,4.214900016784668,10000,2.14219999999982,1.7006,1,0.1316,0.0557,376832,15,15,1.5232,19752,0,0,44.429901123046875,14.896599769592285,3.675800085067749,3.6893999576568604,0.2921999990940094,34.45709991455078,0.0029,0,0.1495,7.1771,12.713,5.0187,0.7192,1,911480,98685,9995,20794,6727,66.00296,39.09496
687,107.14330291748047,0.39070001244544983,20.56089973449707,5.341700077056885,1.7618000507354736,2.295599937438965,14.689599990844727,0,0,10009,20000,10006,20000,20000,10000,0.3855000138282776,3.6721999645233154,5.162700176239014,10000,2.1692999999998284,2.0399,1,0.1458,0.062299999999999994,376832,15,15,2.6668,7712,0,0,21.156400680541992,14.734000205993652,4.014699935913086,3.1958999633789062,0.016200000420212746,56.63869857788086,0,0,0,0,0,0,0,0,0,0,0,0,0,66.24748,39.15384
688,106.8772964477539,6.599299907684326,22.993099212646484,5.539599895477295,1.6778000593185425,3.6995999813079834,14.694499969482422,0,0,10009,20000,10006,20000,20000,10000,0.38530001044273376,4.203800201416016,5.317599773406982,10000,2.14709999999982,1.4082,1,0.1336,0.048100000000000004,376832,15,15,1.6221,559280,0,0,29.736099243164062,15.158900260925293,3.3310999870300293,6.36269998550415,0.43630000948905945,46.22949981689453,0,0,0,0,0,0,0,0,0,0,0,0,0,66.25992,39.25368
689,107.45709991455078,30.8528995513916,29.806900024414062,5.2322001457214355,6.885000228881836,5.704899787902832,14.934499740600586,0,0,10009,20000,10006,20000,20000,10000,0.3580000102519989,3.977400064468384,5.769199848175049,10000,2.1706999999998224,1.6146,1,0.13319999999999999,0.0528,376832,15,15,2.6038,17424,0,0,60.801300048828125,15.276100158691406,3.641900062561035,3.813800096511841,0.31360000371932983,15.895299911499023,0.0023,12.265299797058105,0.132,8.9571,14.5209,5.0515,0.7379,1,899896,92596,9995,19115,6483,66.2736,39.17832
690,107.20359802246094,0.40230000019073486,21.19969940185547,5.311100006103516,1.8178999423980713,2.3884999752044678,15.066900253295898,0,0,10009,20000,10006,20000,20000,10000,0.38269999623298645,3.96560001373291,5.514200210571289,10000,2.136499999999821,1.4492,1,0.1459,0.0764,376832,15,15,2.1859,7712,0,0,21.8164005279541,15.117600440979004,3.3822999000549316,3.2311999797821045,0.015599999576807022,56.80670166015625,0,0,0,0,0,0,0,0,0,0,0,0,0,65.94672,39.12912
691,107.2654037475586,3.349400043487549,26.648500442504883,5.89870023727417,5.311399936676025,3.255199909210205,15.302499771118164,0,0,10009,20000,10006,20000,20000,10000,0.5001000165939331,4.4822001457214355,5.407199859619141,10000,2.151399999999819,2.34,1,0.1322,0.0457,376832,15,15,1.6591,15952,0,0,30.13719940185547,15.33590030670166,4.294899940490723,2.9333999156951904,0.010499999858438969,48.21289825439453,0,0,0,0,0,0,0,0,0,0,0,0,0,66.2142,39.09288
692,106.9020004272461,4.881899833679199,23.9375,5.692500114440918,2.32069993019104,3.6505000591278076,14.719499588012695,0,0,10009,20000,10006,20000,20000,10000,0.4490000009536743,3.7109999656677246,6.104599952697754,10000,2.161299999999825,1.3864,1,0.1309,0.0415,376832,15,15,1.5166,541832,0,0,29.07080078125,15.186699867248535,3.355600118637085,5.551499843597412,0.44020000100135803,47.737701416015625,0,0,0,0,0,0,0,0,0,0,0,0,0,66.46164,38.98852
693,107.07330322265625,2.9040000438690186,21.084199905395508,5.352700233459473,2.160099983215332,2.679500102996826,14.938899993896484,0,0,10009,20000,10006,20000,20000,10000,0.3903999924659729,3.6122000217437744,5.064700126647949,10000,2.2380999999998292,1.5976,1,0.131,0.045399999999999996,376832,15,15,1.6471,17872,0,0,24.12470054626465,15.01099967956543,3.5343000888824463,2.9611001014709473,0.031099999323487282,54.26689910888672,0,0,0,0,0,0,0,0,0,0,0,0,0,66.3152,39.264
694,107.54309844970703,0.32409998774528503,20.671899795532227,5.287600040435791,1.97160005569458,2.240799903869629,14.395299911499023,0,0,10009,20000,10006,20000,20000,10000,0.3903000056743622,3.640899896621704,5.44950008392334,10000,2.152499999999828,1.7528,1,0.14129999999999998,0.07250000000000001,376832,15,15,2.7057,7712,0,0,21.12809944152832,14.430000305175781,3.6905999183654785,2.913300037384033,0.013100000098347664,57.97090148925781,0,0,0,0,0,0,0,0,0,0,0,0,0,66.35108,39.05088
695,107.23049926757812,3.013200044631958,24.50779914855957,5.206200122833252,2.52020001411438,2.9611001014709473,14.832099914550781,0,0,10009,20000,10006,20000,20000,10000,0.42419999837875366,5.057400226593018,6.356900215148926,10000,2.138899999999821,1.8693,1,0.132,0.0524,376832,15,15,1.5909,15952,0,0,27.671899795532227,14.878999710083008,3.8477001190185547,3.1340999603271484,0.015300000086426735,51.448299407958984,0,0,0,0,0,0,0,0,0,0,0,0,0,66.13712,39.35808
696,107.2134017944336,4.490099906921387,20.958200454711914,5.440299987792969,1.6971999406814575,3.11899995803833,14.598799705505371,0,0,10009,20000,10006,20000,20000,10000,0.4075999855995178,3.647599935531616,4.675899982452393,10000,2.151599999999825,1.604,1,0.132,0.0373,376832,15,15,1.6501,592160,0,0,25.585599899291992,15.44909954071045,3.527100086212158,5.385700225830078,0.8234999775886536,50.71390151977539,0,0,0,0,0,0,0,0,0,0,0,0,0,66.21404,39.11332
697,107.47329711914062,9.96049976348877,27.006000518798828,5.49429988861084,5.689499855041504,5.24429988861084,14.71619987487793,0,0,10009,20000,10006,20000,20000,10000,0.454800009727478,3.6605000495910645,4.64139986038208,10000,2.134099999999822,2.4983,1,0.13169999999999998,0.046799999999999994,376832,15,15,1.593,8048,0,0,37.11000061035156,14.988800048828125,4.534800052642822,3.024600028991699,0.24719999730587006,41.74209976196289,0.0024,0,0.1335,6.3536,6.8921,0,0.7089,1,885706,0,0,0,5684,66.13512,39.17588
698,107.03079986572266,0.32179999351501465,21.25040054321289,5.495800018310547,2.112600088119507,2.3120999336242676,14.567399978637695,0,0,10009,20000,10006,20000,20000,10000,0.39399999380111694,3.5155999660491943,5.650000095367432,10000,2.1363999999998224,1.8025,1,0.13090000000000002,0.045899999999999996,376832,15,15,1.4804,7712,0,0,21.708599090576172,14.607000350952148,3.797800064086914,2.629199981689453,0.01549999974668026,58.255699157714844,0,0,0,0,0,0,0,0,0,0,0,0,0,66.11704,39.34196
699,107.18710327148438,6.112599849700928,22.493799209594727,5.704400062561035,1.7520999908447266,3.956199884414673,14.879500389099121,0,0,10009,20000,10006,20000,20000,10000,0.47749999165534973,4.351500034332275,4.301199913024902,10000,2.146499999999822,1.8442,1,0.1331,0.0516,376832,15,15,1.6037,497512,0,0,28.743900299072266,15.644200325012207,3.8052000999450684,4.851600170135498,0.7324000000953674,47.52510070800781,0,0,0,0,0,0,0,0,0,0,0,0,0,66.23152,39.10648
700,107.48880004882812,16.83799934387207,29.6471004486084,5.573500156402588,7.222300052642822,5.916200160980225,14.733699798583984,0,0,10009,20000,10006,20000,20000,10000,0.5303000211715698,3.6101999282836914,4.720200061798096,10000,2.173799999999826,2.1607,1,0.1312,0.0373,376832,15,15,1.6458,15040,0,0,46.63059997558594,15.040900230407715,4.116499900817871,3.634399890899658,0.2791000008583069,31.80069923400879,0.0028,0,0.1339,7.7551,13.3941,5.1025,0.6134,1,902074,99505,9995,20517,6493,66.20524,39.0582
701,106.95359802246094,0.3882000148296356,20.484699249267578,5.240600109100342,1.8539999723434448,2.2004001140594482,14.708999633789062,0,0,10009,20000,10006,20000,20000,10000,0.3855000138282776,3.632699966430664,5.347099781036377,10000,2.131699999999821,1.8479,1,0.1457,0.0791,376832,15,15,1.8972,7712,0,0,21.09000015258789,14.7475004196167,3.7925000190734863,3.1333000659942627,0.014000000432133675,57.627899169921875,0,0,0,0,0,0,0,0,0,0,0,0,0,65.98764,39.17572
702,107.44539642333984,2.5216000080108643,20.295000076293945,5.118800163269043,1.7977999448776245,2.214900016784668,14.54889965057373,0,0,10009,20000,10006,20000,20000,10000,0.4596000015735626,3.70770001411438,5.21560001373291,10000,2.1523999999998216,1.3914,1,0.14550000000000002,0.0836,376832,15,15,1.7101,15952,0,0,22.957199096679688,14.589300155639648,3.350399971008301,2.924299955368042,0.014299999922513962,57.22380065917969,0,0,0,0,0,0,0,0,0,0,0,0,0,66.07596,39.18652
703,106.63629913330078,4.158999919891357,22.61669921875,5.415200233459473,2.09089994430542,3.697200059890747,14.59630012512207,0,0,10009,20000,10006,20000,20000,10000,0.391400009393692,4.160200119018555,4.643899917602539,10000,2.139399999999822,1.5745,1,0.1326,0.050199999999999995,376832,15,15,1.9576,490352,0,0,26.91360092163086,15.300800323486328,3.5546000003814697,5.138800144195557,0.6747999787330627,49.1775016784668,0,0,0,0,0,0,0,0,0,0,0,0,0,66.08612,39.17148
704,107.09349822998047,27.84779930114746,31.127500534057617,5.828100204467773,8.95419979095459,5.2947001457214355,14.804699897766113,0,0,10009,20000,10006,20000,20000,10000,0.39489999413490295,3.745300054550171,5.050600051879883,10000,2.137499999999822,2.0476,1,0.1306,0.0379,376832,15,15,1.7875,16208,0,0,59.110198974609375,15.10420036315918,3.9941999912261963,3.3027000427246094,0.26840001344680786,19.22800064086914,0.0027,12.041099548339844,0.1334,6.519,11.9438,4.9128,0.6972,1,891264,91996,9996,18957,6214,66.0876,39.2056
705,107.28240203857422,0.33239999413490295,22.069400787353516,5.358699798583984,3.182300090789795,2.2834999561309814,14.734700202941895,0,0,10009,20000,10006,20000,20000,10000,0.39820000529289246,3.575900077819824,5.461999893188477,10000,2.206199999999828,1.4674,1,0.1606,0.09090000000000001,376832,15,15,2.209,7712,0,0,22.538000106811523,14.779199600219727,3.406899929046631,3.494999885559082,0.017100000753998756,56.04199981689453,0,0,0,0,0,0,0,0,0,0,0,0,0,66.22528,39.06068
706,106.90119934082031,2.787600040435791,24.072799682617188,5.433499813079834,3.9102001190185547,2.7437000274658203,14.89330005645752,0,0,10009,20000,10006,20000,20000,10000,0.451200008392334,4.281400203704834,5.451000213623047,10000,2.2746999999998274,1.4618,1,0.1318,0.0496,376832,15,15,1.5218,15952,0,0,27.069000244140625,14.934100151062012,3.45740008354187,3.217900037765503,0.010499999858438969,51.79359817504883,0,0,0,0,0,0,0,0,0,0,0,0,0,65.88248,39.11488
707,107.07050323486328,4.588099956512451,22.475400924682617,5.899700164794922,2.238600015640259,3.619999885559082,14.937399864196777,0,0,10009,20000,10006,20000,20000,10000,0.33799999952316284,3.82450008392334,4.575500011444092,10000,2.3280999999998375,1.7856,1,0.1441,0.0793,376832,15,15,1.8953,510360,0,0,27.19569969177246,15.394800186157227,3.7348999977111816,6.067200183868408,0.4296000003814697,48.05590057373047,0,0,0,0,0,0,0,0,0,0,0,0,0,66.0706,39.10956
708,107.2052993774414,3.279400110244751,20.29509925842285,5.470699787139893,2.220900058746338,2.421799898147583,14.912400245666504,0,0,10009,20000,10006,20000,20000,10000,0.44269999861717224,3.541100025177002,4.5594000816345215,10000,2.218299999999829,1.6805,1,0.1314,0.0461,376832,15,15,1.5065,15328,0,0,23.710800170898438,14.952199935913086,3.6263999938964844,3.0309998989105225,0.01549999974668026,55.77579879760742,0,0,0,0,0,0,0,0,0,0,0,0,0,66.11316,39.09456
709,106.7614974975586,0.3278999924659729,22.33300018310547,5.380099773406982,3.160599946975708,2.3290998935699463,14.65429973602295,0,0,10009,20000,10006,20000,20000,10000,0.39100000262260437,3.715100049972534,5.591400146484375,10000,2.1302999999998202,1.9457,1,0.1323,0.0403,376832,15,15,1.5723,7712,0,0,22.79520034790039,14.695199966430664,3.890899896621704,2.6285998821258545,0.014800000004470348,56.63949966430664,0,0,0,0,0,0,0,0,0,0,0,0,0,66.23932,39.1946
710,107.23660278320312,7.0177998542785645,24.41990089416504,5.8618998527526855,2.742000102996826,3.6745998859405518,14.876700401306152,0,0,10009,20000,10006,20000,20000,10000,0.5637999773025513,3.6259000301361084,6.125899791717529,10000,2.1395999999998208,1.8607,1,0.1313,0.0519,376832,15,15,1.8233,25640,1,0,31.582799911499023,14.906399726867676,3.826200008392334,2.7067999839782715,0.009700000286102295,47.958499908447266,0,0,0,0,0,0,0,0,0,0,0,0,0,66.13708,39.42768
711,107.09700012207031,4.277100086212158,21.16230010986328,5.480299949645996,1.8889000415802002,3.4047999382019043,14.530599594116211,0,0,10009,20000,10006,20000,20000,10000,0.4059000015258789,3.6249001026153564,4.4359002113342285,10000,2.147899999999823,1.8618,1,0.13029999999999997,0.046700000000000005,376832,15,15,1.6777,527648,0,0,25.660400390625,15.157899856567383,3.8001999855041504,5.752099990844727,0.5972999930381775,50.5359992980957,0,0,0,0,0,0,0,0,0,0,0,0,0,66.02328,39.11188
712,107.5968017578125,13.122099876403809,33.5181999206543,5.488999843597412,9.332500457763672,6.868000030517578,14.918600082397461,0,0,10009,20000,10006,20000,20000,10000,0.46720001101493835,3.7855000495910645,5.4375,10000,2.128799999999822,2.0889,1,0.13090000000000002,0.0528,376832,15,15,1.541,20400,0,0,46.78379821777344,15.191499710083008,4.047900199890137,3.1526999473571777,0.24950000643730164,32.270198822021484,0.0026,0,0.1343,8.9393,9.4946,0.0001,0.8049,1,881496,0,0,0,5433,66.1998,39.21832
713,106.71119689941406,0.3312999904155731,21.47719955444336,5.348899841308594,2.7444000244140625,2.36680006980896,14.775300025939941,0,0,10009,20000,10006,20000,20000,10000,0.39329999685287476,3.569700002670288,5.331200122833252,10000,2.177099999999821,1.6333,1,0.1478,0.0674,376832,15,15,1.6693,7712,0,0,21.99810028076172,14.82129955291748,3.71560001373291,3.349600076675415,0.015200000256299973,56.481201171875,0,0,0,0,0,0,0,0,0,0,0,0,0,66.10672,39.30796
714,107.26470184326172,6.616199970245361,22.279199600219727,5.564599990844727,1.8605999946594238,3.7992000579833984,15.251299858093262,0,0,10009,20000,10006,20000,20000,10000,0.3921999931335449,4.084499835968018,4.570700168609619,10000,2.143799999999821,2.0443,1,0.1455,0.0486,376832,15,15,1.7795,550920,0,0,29.036300659179688,15.743499755859375,4.011499881744385,7.156199932098389,0.4645000100135803,45.10210037231445,0,0,0,0,0,0,0,0,0,0,0,0,0,66.26836,39.28764
715,107.24530029296875,15.940299987792969,29.574100494384766,5.214600086212158,7.059899806976318,6.2972002029418945,14.626700401306152,0,0,10009,20000,10006,20000,20000,10000,0.4099000096321106,3.7660999298095703,4.849999904632568,10000,2.12049999999982,2.4963,1,0.1428,0.0955,376832,15,15,1.65,13184,0,0,45.65829849243164,14.911199569702148,4.438000202178955,3.247299909591675,0.26420000195503235,32.87770080566406,0.0022,0,0.1308,6.7845,12.5987,5.289,0.6459,1,898098,96878,9996,20350,6255,66.22252,39.2454
716,107.31179809570312,0.33090001344680786,20.923999786376953,5.576399803161621,1.8503999710083008,2.2744998931884766,14.65719985961914,0,0,10009,20000,10006,20000,20000,10000,0.375,3.663100004196167,5.392399787902832,10000,2.17819999999983,1.4261,1,0.1543,0.0811,376832,15,15,3.3085,7712,0,0,21.39929962158203,14.703399658203125,3.4834001064300537,3.289599895477295,0.01549999974668026,56.364898681640625,0,0,0,0,0,0,0,0,0,0,0,0,0,66.15624,39.22976
717,107.57959747314453,6.335400104522705,23.611400604248047,5.464200019836426,1.7382999658584595,3.986999988555908,14.891200065612793,0,0,10009,20000,10006,20000,20000,10000,0.421099990606308,4.524799823760986,5.236499786376953,10000,2.141599999999821,1.3969,1,0.1406,0.0379,376832,15,15,1.691,528832,0,0,30.090900421142578,15.556500434875488,3.360599994659424,6.506199836730957,0.6281999945640564,45.85710144042969,0,0,0,0,0,0,0,0,0,0,0,0,0,66.22852,39.2156
718,106.94719696044922,28.431100845336914,31.271900177001953,6.4604997634887695,7.588600158691406,5.364099979400635,14.65999984741211,0,0,10009,20000,10006,20000,20000,10000,0.3822000026702881,3.5896999835968018,5.522299766540527,10000,2.225999999999829,2.5791,1,0.15710000000000002,0.0906,376832,15,15,3.2458,18872,0,0,59.84189987182617,15.15149974822998,4.592700004577637,3.9702999591827393,0.45419999957084656,14.350299835205078,0.0024,10.814499855041504,0.1608,7.949,13.5445,5.0242,0.7123,1,883032,89989,9996,18784,5958,66.25152,39.27236
719,107.66649627685547,0.33070001006126404,20.79990005493164,5.264200210571289,1.750100016593933,2.407599925994873,14.703200340270996,0,0,10009,20000,10006,20000,20000,10000,0.4291999936103821,3.6475000381469727,5.520899772644043,10000,2.120699999999818,1.4203,1,0.1439,0.0763,376832,15,15,2.5779,7712,0,0,21.277599334716797,14.747400283813477,3.3910999298095703,3.2578999996185303,0.014600000344216824,57.872798919677734,0,0,0,0,0,0,0,0,0,0,0,0,0,66.33172,39.17008
720,107.30419921875,2.684999942779541,22.114099502563477,5.409599781036377,2.0030999183654785,2.7060000896453857,14.645700454711914,0,0,10009,20000,10006,20000,20000,10000,0.38679999113082886,4.5665998458862305,5.293399810791016,10000,2.13879999999982,2.0696,1,0.1301,0.044899999999999995,376832,15,15,1.6493,15952,0,0,24.938600540161133,14.690600395202637,4.019999980926514,2.855600118637085,0.0142000000923872,54.49909973144531,0,0,0,0,0,0,0,0,0,0,0,0,0,66.24844,39.124
