frame,frame_ms,simulation,presentation,behavior,transform_sync,emit,hud,animator,animator_updates,height_samples,terrain_rays,visible,hud_raw,hud_projected,behavior_ticks,minimap_collect,minimap_project,culling,gpu_instances,gpu_build,gpu_draw_cpu,poses,pose_build,upload_ms,upload_bytes,main_draws,shadow_draws,shadow_submit,alloc,gen0,gen1,tick,post,mode3d,overlay,overlay_build,end_draw,nav_target,nav_flow,nav_prep,nav_steering,nav_step,nav_hard,nav_sync,nav_steps,neighbor_candidates,hard_pairs,hard_candidates,hard_penetrating,moved_agents,gpu_main_ms,gpu_shadow_ms
1,552.3204956054688,0.2775000035762787,96.55840301513672,8.3927001953125,1.746999979019165,2.996999979019165,0.5662999749183655,0.0071000000461936,0,5,0,0,0,0,0,5.818600177764893,6.606299877166748,5.62060022354126,0,0,0,0,0,0,0,0,0,0,164476920,6,6,323.58489990234375,5.649199962615967,10.402999877929688,36.0724983215332,2.6113998889923096,0.45820000767707825,0,0,0,0,0,0,0,0,0,0,0,0,0,NaN,NaN
2,6.990499973297119,0.007400000002235174,2.7307000160217285,0.011599999852478504,0.01640000008046627,0.009200000204145908,0.015699999406933784,0.0006000000284984708,0,5,0,0,0,0,0,0.10660000145435333,0.05660000070929527,1.885699987411499,0,0,0,0,0,0,0,0,0,0,12400,0,0,4.730299949645996,1.205199956893921,0.05530000105500221,0.6269000172615051,1.1593999862670898,0.07670000195503235,0,0,0,0,0,0,0,0,0,0,0,0,0,NaN,NaN
3,91.12460327148438,73.00180053710938,4.848599910736084,0.018799999728798866,0.02250000089406967,1.5507999658584595,0.010400000028312206,0.003800000064074993,0,5,0,5,0,0,0,0.09220000356435776,0.07069999724626541,2.2946999073028564,0,0,0,0,0,0,0,0,0,0,3575776,0,0,77.9718017578125,0.061799999326467514,10.236599922180176,0.35370001196861267,0.019500000402331352,0.11240000277757645,0,0,0,0,0,0,0,0,0,0,0,0,0,NaN,NaN
4,7.1956000328063965,5.447400093078613,0.6434000134468079,0.008799999952316284,0.013199999928474426,0.007699999958276749,0.011300000362098217,0.000699999975040555,0,5,0,5,0,0,0,0.1145000010728836,0.05920000001788139,0.24070000648498535,0,0,0,0,0,0,0,0,0,0,9168,0,0,6.240099906921387,0.056699998676776886,0.17710000276565552,0.4097000062465668,0.017000000923871994,0.10580000281333923,0,0,0,0,0,0,0,0,0,0,0,0,0,NaN,NaN
5,1170.5550537109375,902.5352783203125,266.3564147949219,164.9385986328125,6.094699859619141,20.68910026550293,0.014000000432133675,3.1210999488830566,5000,5009,0,5,0,0,0,0.972599983215332,2.02620005607605,4.856400012969971,0,0,0,0,0,0,0,0,0,0,796671728,42,11,1169.037353515625,0.17329999804496765,0.1404000073671341,0.8632000088691711,0.12470000237226486,0.11919999867677689,0,0,0,0,0,0,0,0,0,0,0,0,0,NaN,NaN
6,169.485595703125,60.4098014831543,85.37529754638672,13.744600296020508,11.595999717712402,17.832300186157227,0.01549999974668026,3.9986000061035156,5000,5009,0,5006,0,0,5000,0.8822000026702881,3.0999999046325684,21.681100845336914,0,0,0,0,0,0,0,0,0,0,91395232,4,1,146.03860473632812,0.09080000221729279,18.594100952148438,0.41499999165534973,0.021700000390410423,0.09989999979734421,0,0,0,0,0,0,0,0,0,0,0,0,0,NaN,NaN
7,49.565799713134766,6.191999912261963,31.562599182128906,16.46419906616211,0.8539999723434448,2.1893999576568604,0.015300000086426735,0.6021000146865845,5000,5009,0,5006,0,0,5000,0.9315999746322632,2.3183999061584473,4.860300064086914,0,0,0,0,0,0,0,0,0,0,326464,0,0,38.00120162963867,0.07620000094175339,5.281599998474121,0.4271000027656555,0.019200000911951065,0.17569999396800995,0,0,0,0,0,0,0,0,0,0,0,0,0,NaN,NaN
8,67.34220123291016,16.80699920654297,33.0724983215332,17.207500457763672,1.3352999687194824,2.4939000606536865,0.01360000018030405,0.6018000245094299,5000,5009,0,5006,0,0,5000,0.8302000164985657,2.28410005569458,4.297699928283691,5000,4.390099999999947,1.2376,1,1.0922,0.1724,212992,15,15,1.3564,6409472,0,0,50.076499938964844,0.07880000025033951,6.590099811553955,0.3946000039577484,0.017899999395012856,0.12049999833106995,0,0,0,0,0,0,0,0,0,0,0,0,0,28.91244,22.50252
9,46.700599670410156,14.85509967803955,25.01569938659668,12.361000061035156,0.7918000221252441,1.8658000230789185,0.011500000022351742,0.7854999899864197,5000,5009,0,5006,0,0,5000,0.7979000210762024,2.194999933242798,2.973099946975708,5000,1.4213999999999478,0.3823,1,1.711,0.0385,212992,15,15,0.3581,157440,0,0,40.119998931884766,0.06800000369548798,1.4321000576019287,0.42480000853538513,0.017899999395012856,0.14569999277591705,0,0,0,0,0,0,0,0,0,0,0,0,0,24.24452,22.48336
10,39.02090072631836,6.726799964904785,26.9468994140625,12.829899787902832,1.1475000381469727,1.8769999742507935,0.0210999995470047,1.1074999570846558,5000,5009,0,5006,0,0,5000,1.0467000007629395,2.3280999660491943,3.2716000080108643,5000,1.4788999999999468,0.3166,1,0.07780000000000001,0.0265,212992,15,15,0.3934,7936,0,0,33.8828010559082,0.11869999766349792,1.3437999486923218,0.5062999725341797,0.03319999948143959,0.13609999418258667,0,0,0,0,0,0,0,0,0,0,0,0,0,15.12316,13.87008
11,73.23169708251953,35.04899978637695,32.95009994506836,19.109500885009766,0.822700023651123,2.035399913787842,0.01269999984651804,0.7261999845504761,5000,5009,0,5006,0,0,5000,0.7993999719619751,2.3526999950408936,3.1895999908447266,5000,1.4129999999999507,0.3331,1,0.083,0.034199999999999994,212992,15,15,0.4598,26239544,0,0,68.23359680175781,0.07090000063180923,1.2300000190734863,0.3815999925136566,0.019099999219179153,0.3971000015735626,0,0,0,0,0,0,0,0,0,0,0,0,0,15.17516,16.227
12,50.597900390625,16.961299896240234,28.310199737548828,15.698399543762207,0.8834999799728394,1.8597999811172485,0.014499999582767487,0.654699981212616,5000,5009,0,5006,0,0,5000,0.8574000000953674,2.218400001525879,2.9746999740600586,5000,1.4855999999999419,0.3777,1,0.08410000000000001,0.0327,212992,15,15,0.4658,14238856,0,0,45.47129821777344,0.0737999975681305,1.3840999603271484,0.4146000146865845,0.018400000408291817,0.12330000102519989,0,0,0,0,0,0,0,0,0,0,0,0,0,14.55456,15.4976
13,69.13610076904297,38.297401428222656,25.12310028076172,12.590800285339355,0.7386999726295471,1.680999994277954,0.016899999231100082,0.5587000250816345,5000,5009,0,5006,0,0,5000,0.8233000040054321,2.3840999603271484,3.0662999153137207,5000,1.5329999999999382,0.3948,1,0.09109999999999999,0.0327,212992,15,15,0.4687,12935736,1,1,63.623199462890625,0.08560000360012054,1.5182000398635864,0.3797000050544739,0.02070000022649765,0.12919999659061432,0,0,0,0,0,0,0,0,0,0,0,0,0,18.23808,22.3212
14,104.97419738769531,75.94860076904297,24.36669921875,11.628700256347656,0.6392999887466431,2.5302000045776367,0.015599999576807022,0.6355999708175659,5000,5009,0,5006,0,0,5000,0.7400000095367432,2.729599952697754,2.6270999908447266,5000,1.2108999999999535,0.3721,1,0.0766,0.0319,212992,15,15,0.4535,31037712,0,0,100.5385971069336,0.07930000126361847,1.2447999715805054,0.3919999897480011,0.01979999989271164,0.1088000014424324,0,0,0,0,0,0,0,0,0,0,0,0,0,25.6486,22.46556
15,31.516399383544922,4.008900165557861,22.697399139404297,11.371500015258789,0.6470999717712402,1.594599962234497,0.010499999858438969,0.6812000274658203,5000,5009,0,5006,0,0,5000,1.062399983406067,1.951200008392334,2.61299991607666,5000,1.2155999999999532,0.4174,1,0.07450000000000001,0.0255,212992,15,15,0.4942,7760,0,0,26.909900665283203,0.06069999933242798,1.3743000030517578,0.39719998836517334,0.01679999940097332,0.10790000110864639,0,0,0,0,0,0,0,0,0,0,0,0,0,12.2918,11.7474
16,31.298500061035156,3.154599905014038,23.528499603271484,11.982799530029297,0.6452999711036682,1.684000015258789,0.011500000022351742,0.7283999919891357,5000,5009,0,5006,0,0,5000,0.7835000157356262,2.05679988861084,2.719099998474121,5000,1.276799999999955,0.3535,1,0.0703,0.0207,212992,15,15,0.4024,7760,0,0,26.86639976501465,0.06469999998807907,1.218500018119812,0.4169999957084656,0.017500000074505806,0.12099999934434891,0,0,0,0,0,0,0,0,0,0,0,0,0,10.7232,8.21688
17,428.5256042480469,283.6626892089844,64.00140380859375,22.827800750732422,0.6407999992370605,22.520000457763672,40.58060073852539,0.8478999733924866,5000,5009,10000,5006,10000,10000,5000,0.8726999759674072,6.786900043487549,2.5941998958587646,5000,1.2935999999999563,0.3475,1,0.0733,0.0199,212992,15,15,0.447,299442072,16,5,347.8870849609375,52.607398986816406,1.2254999876022339,23.937299728393555,11.323800086975098,0.11230000108480453,0,0,0,0,0,0,0,0,0,0,0,0,0,28.97116,22.5022
18,95.56649780273438,33.525699615478516,39.9656982421875,12.063400268554688,13.25979995727539,4.069499969482422,14.429400444030762,0.7063000202178955,5000,5009,10000,5006,10000,10000,5000,1.0645999908447266,3.1682000160217285,2.787899971008301,5000,1.200799999999955,0.3681,1,0.06720000000000001,0.0259,212992,15,15,0.374,26632,0,0,73.716796875,15.24120044708252,1.1655999422073364,2.830199956893921,0.7555999755859375,0.12439999729394913,0.5579,0,3.3342,18.5941,23.6321,0.0006,1.1554,1,496100,0,0,0,4997,28.90792,22.34688
19,48.80099868774414,3.1491000652313232,25.61989974975586,12.121500015258789,0.6690999865531921,2.8894999027252197,14.682700157165527,0.6887000203132629,5000,5009,10000,5006,10000,10000,5000,1.1043000221252441,2.7053000926971436,2.589600086212158,5000,1.2347999999999564,0.4548,1,0.0706,0.0252,212992,15,15,0.3827,1068424,0,0,28.9468994140625,14.7746000289917,1.3034000396728516,1.0669000148773193,0.02500000037252903,0.11240000277757645,0,0,0,0,0,0,0,0,0,0,0,0,0,14.20436,15.32264
20,77.0656967163086,11.763799667358398,29.45199966430664,14.602700233459473,0.7149999737739563,3.5590999126434326,16.162500381469727,0.7750999927520752,5000,5009,10000,5006,10000,10000,5000,0.8476999998092651,3.03439998626709,2.7172999382019043,5000,1.2541999999999576,0.4656,1,0.0746,0.0207,212992,15,15,0.4917,299696,0,0,41.40530014038086,16.50119972229004,1.5285999774932861,14.82759952545166,0.2824000120162964,0.11140000075101852,0,0,0,0,0,0,0,0,0,0,0,0,0,21.01156,22.36788
21,88.0801010131836,29.875900268554688,31.89389991760254,12.374699592590332,5.239699840545654,4.1743998527526855,16.174699783325195,0.7153000235557556,5000,5009,10000,5006,10000,10000,5000,0.7932000160217285,2.6226000785827637,2.951200008392334,5000,1.223599999999958,0.4272,1,0.0731,0.0258,212992,15,15,0.3983,52888,0,0,61.98870086669922,16.48150062561035,1.9754999876022339,4.935200214385986,0.23980000615119934,0.10180000215768814,0.0079,0,0.8209,1.845,8.4644,3.704,2.5162,1,501282,30796,5000,3214,4996,23.066,22.4196
22,52.63520050048828,3.025099992752075,25.62929916381836,12.447500228881836,0.7297999858856201,2.0673999786376953,17.93589973449707,0.6858000159263611,5000,5009,10000,5006,10000,10000,5000,0.8410000205039978,2.833400011062622,3.1670000553131104,5000,1.4083999999999528,0.5178,1,0.0894,0.0292,212992,15,15,0.611,22824,0,0,28.818199157714844,18.0314998626709,1.4601000547409058,1.0667999982833862,0.026799999177455902,0.1177000030875206,0,0,0,0,0,0,0,0,0,0,0,0,0,15.61904,13.57332
23,77.720703125,17.828399658203125,34.770301818847656,14.4931001663208,4.890900135040283,4.75600004196167,14.467000007629395,0.8529999852180481,5000,5009,10000,5006,10000,10000,5000,0.5354999899864197,2.504199981689453,3.2702999114990234,5000,1.1992999999999574,0.3733,1,0.0754,0.0267,212992,15,15,0.3812,383512,0,0,52.80390167236328,17.36400032043457,1.1699999570846558,3.779400110244751,2.8538999557495117,0.11100000143051147,0.0105,5.686600208282471,0.0914,3.5527,6.0302,2.254,0.3388,1,509150,31541,5000,3563,4998,21.52104,22.18336
24,55.07889938354492,8.998100280761719,25.072200775146484,12.491499900817871,0.6894999742507935,2.061500072479248,15.472299575805664,0.7200999855995178,5000,5009,10000,5006,10000,10000,5000,0.701200008392334,2.9094998836517334,2.745800018310547,5000,1.4036999999999498,0.3279,1,0.0809,0.0235,212992,15,15,0.3756,12000,0,0,34.27069854736328,15.554100036621094,1.1345000267028809,0.9751999974250793,0.02710000053048134,0.11840000003576279,0,0,0,0,0,0,0,0,0,0,0,0,0,13.22152,12.40084
25,54.980098724365234,4.872000217437744,26.40760040283203,12.883500099182129,0.7511000037193298,3.349600076675415,15.714400291442871,0.7516000270843506,5000,5009,10000,5006,10000,10000,5000,0.6158000230789185,2.657399892807007,2.546799898147583,5000,1.3394999999999564,0.3736,1,0.0796,0.0243,212992,15,15,0.3884,366112,0,0,31.450000762939453,16.060100555419922,1.2111999988555908,3.3434998989105225,0.29649999737739563,0.12839999794960022,0,0,0,0,0,0,0,0,0,0,0,0,0,20.19352,21.46524
26,51.4994010925293,3.5495998859405518,26.35070037841797,12.3149995803833,0.832099974155426,2.1245999336242676,15.781700134277344,0.7615000009536743,5000,5009,10000,5006,10000,10000,5000,0.5882999897003174,2.5399999618530273,3.8915998935699463,5000,1.400599999999956,0.56,1,0.0912,0.0272,212992,15,15,0.4495,12024,0,0,30.087900161743164,15.851799964904785,1.493299961090088,1.0960999727249146,0.023000000044703484,0.12300000339746475,0,0,0,0,0,0,0,0,0,0,0,0,0,16.44376,15.84056
27,66.15769958496094,7.240300178527832,35.32360076904297,14.435700416564941,4.614799976348877,5.007900238037109,15.767499923706055,0.873199999332428,5000,5009,10000,5006,10000,10000,5000,0.6797000169754028,2.5650999546051025,3.5838000774383545,5000,1.3577999999999517,0.3885,1,0.0808,0.0277,212992,15,15,0.4512,325608,0,0,42.76129913330078,16.233200073242188,1.232200026512146,2.92930006980896,0.414900004863739,0.12439999729394913,0.0087,0,0.0706,1.9218,2.1168,0.0005,0.2392,1,519686,0,0,0,4998,17.10324,21.09164
28,45.630699157714844,2.4244000911712646,23.809200286865234,11.723699569702148,0.7814000248908997,2.022900104522705,14.298700332641602,0.7103999853134155,5000,5009,10000,5006,10000,10000,5000,0.5950000286102295,2.3526999950408936,2.860300064086914,5000,1.3036999999999535,0.34,1,0.0801,0.019799999999999998,212992,15,15,0.3689,7856,0,0,26.40060043334961,14.362299919128418,1.1656999588012695,0.9337000250816345,0.020800000056624413,0.11900000274181366,0,0,0,0,0,0,0,0,0,0,0,0,0,13.04192,11.51192
29,67.04509735107422,7.97790002822876,34.98680114746094,14.35990047454834,4.454899787902832,5.046899795532227,14.746100425720215,0.7124000191688538,5000,5009,10000,5006,10000,10000,5000,0.833899974822998,3.3522000312805176,3.1635000705718994,5000,1.238999999999957,0.5291,1,0.08149999999999999,0.0273,212992,15,15,0.4998,357392,0,0,43.14509963989258,15.161800384521484,1.590999960899353,4.296899795532227,0.35600000619888306,0.14589999616146088,0.0075,0,0.0629,1.7549,2.7633,0.84,0.2002,1,533848,33547,5000,4502,5000,18.79876,22.06652
30,49.55979919433594,3.388200044631958,26.76140022277832,12.260499954223633,1.3733999729156494,1.9577000141143799,14.249500274658203,0.6848999857902527,5000,5009,10000,5006,10000,10000,5000,0.6564000248908997,2.4809000492095947,3.9772000312805176,5000,1.2417999999999607,0.3441,1,0.0772,0.025599999999999998,212992,15,15,0.3613,12000,0,0,30.409700393676758,14.308099746704102,1.1598000526428223,0.9994000196456909,0.020600000396370888,0.12800000607967377,0,0,0,0,0,0,0,0,0,0,0,0,0,12.1256,10.86152
31,58.06439971923828,8.587499618530273,27.856000900268555,13.999500274658203,0.7422000169754028,3.1909000873565674,14.294300079345703,0.6966999769210815,5000,5009,10000,5006,10000,10000,5000,0.715399980545044,2.631500005722046,2.871299982070923,5000,1.5162999999999327,0.301,1,0.08030000000000001,0.0264,212992,15,15,0.3587,242760,0,0,36.63990020751953,14.569600105285645,1.063599944114685,2.848400115966797,0.23070000112056732,0.11729999631643295,0,0,0,0,0,0,0,0,0,0,0,0,0,15.5674,18.68344
32,69.21499633789062,10.293700218200684,36.108699798583984,12.572500228881836,4.173099994659424,6.354800224304199,16.972200393676758,1.1075999736785889,5000,5009,10000,5006,10000,10000,5000,0.7293000221252441,4.270599842071533,2.926100015640259,5000,1.133899999999958,0.3756,1,0.0722,0.0248,212992,15,15,0.3489,62704,0,0,46.565399169921875,17.178199768066406,1.190999984741211,1.7839000225067139,0.14470000565052032,0.1412000060081482,0.0078,3.900899887084961,0.0863,1.8234,3.3124,1.2456,0.3516,1,547558,35250,5000,5200,5000,15.051,20.23228
33,51.64580154418945,3.3427000045776367,28.524200439453125,14.546600341796875,0.7343000173568726,2.381500005722046,14.026300430297852,1.1765999794006348,5000,5009,10000,5006,10000,10000,5000,0.6859999895095825,2.5027999877929688,2.5917000770568848,5000,1.3774999999999618,0.4694,1,0.0757,0.023799999999999998,212992,15,15,0.4366,20264,0,0,32.0723991394043,14.095499992370605,1.5413000583648682,1.0088000297546387,0.021299999207258224,0.12099999934434891,0,0,0,0,0,0,0,0,0,0,0,0,0,12.24624,13.66016
34,56.6952018737793,8.833000183105469,26.74489974975586,12.05210018157959,0.8192999958992004,3.1691999435424805,13.78339958190918,0.8668000102043152,5000,5009,10000,5006,10000,10000,5000,0.9146999716758728,2.3441998958587646,3.2209999561309814,5000,1.1648999999999572,0.3551,1,0.0714,0.024999999999999998,212992,15,15,0.3918,429480,1,0,35.73360061645508,14.189900398254395,1.2122999429702759,2.9179999828338623,0.323199987411499,0.12780000269412994,0,0,0,0,0,0,0,0,0,0,0,0,0,13.28364,18.13572
35,44.88199996948242,2.0848000049591064,23.433399200439453,11.384900093078613,0.7498999834060669,1.8222999572753906,14.147700309753418,0.6601999998092651,5000,5009,10000,5006,10000,10000,5000,0.8600999712944031,2.30049991607666,2.9858999252319336,5000,1.1481999999999588,0.3153,1,0.0727,0.0247,212992,15,15,0.6367,12760,0,0,25.766399383544922,14.199700355529785,1.0514999628067017,1.0469000339508057,0.019300000742077827,0.12929999828338623,0,0,0,0,0,0,0,0,0,0,0,0,0,11.02176,10.74744
36,74.92250061035156,17.19099998474121,31.86199951171875,12.282400131225586,4.383200168609619,4.42140007019043,14.088700294494629,0.692799985408783,5000,5009,10000,5006,10000,10000,5000,0.6015999913215637,2.8478000164031982,3.177000045776367,5000,1.1990999999999667,0.3256,1,0.0817,0.0328,212992,15,15,0.3902,236464,0,0,49.21419906616211,14.46310043334961,1.1302000284194946,3.453700065612793,0.320499986410141,4.080699920654297,0.0082,0,0.0556,11.7254,11.9776,0.0003,0.4392,1,570694,0,0,0,4998,23.8404,21.93388
37,51.24480056762695,3.3568999767303467,26.391799926757812,12.424799919128418,0.8345000147819519,2.076900005340576,15.92020034790039,1.1067999601364136,5000,5009,10000,5006,10000,10000,5000,0.704200029373169,2.425100088119507,3.148200035095215,5000,1.2330999999999597,0.4327,1,0.0761,0.0213,212992,15,15,0.4577,20456,0,0,29.951099395751953,15.972100257873535,1.4737000465393066,1.1152000427246094,0.018300000578165054,0.12770000100135803,0,0,0,0,0,0,0,0,0,0,0,0,0,14.08888,12.78036
38,95.31490325927734,23.873300552368164,42.87089920043945,15.400500297546387,7.294000148773193,7.0929999351501465,19.462099075317383,1.13919997215271,5000,5009,10000,5006,10000,10000,5000,0.7278000116348267,3.8503000736236572,3.5555999279022217,5000,1.3982999999999526,0.4387,1,0.09659999999999999,0.0395,212992,15,15,0.5114,376488,0,0,66.89949798583984,19.963199615478516,1.5299999713897705,3.563699960708618,0.4487000107765198,0.15199999511241913,0.0074,3.707900047302246,0.0576,11.9507,13.7841,1.6544,0.2965,1,594690,40425,5000,6644,4999,26.8904,21.79392
39,55.70209884643555,3.190999984741211,32.31650161743164,16.96739959716797,1.2680000066757202,2.2098000049591064,14.970499992370605,0.7134000062942505,5000,5009,10000,5006,10000,10000,5000,0.6930000185966492,2.401599884033203,4.35099983215332,5000,1.2970999999999622,0.3423,1,0.0898,0.0242,212992,15,15,0.4068,8048,0,0,35.69269943237305,15.035900115966797,1.162500023841858,0.9830999970436096,0.024299999698996544,0.12559999525547028,0,0,0,0,0,0,0,0,0,0,0,0,0,14.61148,12.78672
40,79.89720153808594,15.068400382995605,40.754398345947266,14.90719985961914,5.287700176239014,6.894199848175049,17.878400802612305,0.7200999855995178,5000,5009,10000,5006,10000,10000,5000,1.0942000150680542,4.742099761962891,3.1772000789642334,5000,0.6155999999999556,0.39,1,0.0703,0.0256,212992,15,15,0.3417,325720,0,0,55.97529983520508,18.274599075317383,1.1751999855041504,2.420099973678589,0.3319999873638153,0.12290000170469284,0.0079,3.906899929046631,0.062,2.1779,4.064,1.6576,0.2984,1,622836,43866,5000,7687,4999,23.26508,21.7464
41,49.16630172729492,2.304800033569336,26.366300582885742,12.653599739074707,0.8475000262260437,1.9543999433517456,15.839200019836426,0.6653000116348267,5000,5009,10000,5006,10000,10000,5000,1.0405000448226929,2.6872000694274902,3.0436999797821045,5000,0.6140999999999552,0.3156,1,0.0866,0.020399999999999998,212992,15,15,0.379,12144,0,0,28.847299575805664,15.918600082397461,1.118299961090088,1.1470999717712402,0.03150000050663948,0.12319999933242798,0,0,0,0,0,0,0,0,0,0,0,0,0,12.042,10.83948
42,60.49190139770508,6.305200099945068,30.574899673461914,13.681400299072266,0.8065999746322632,2.974600076675415,16.010499954223633,0.9100000262260437,5000,5009,10000,5006,10000,10000,5000,1.2620999813079834,3.34689998626709,3.5065999031066895,5000,0.9612999999999274,0.4144,1,0.0865,0.0317,212992,15,15,0.6832,280424,0,0,37.05839920043945,16.38159942626953,1.4950000047683716,2.597899913787842,0.32519999146461487,0.12639999389648438,0,0,0,0,0,0,0,0,0,0,0,0,0,17.90792,20.74752
43,49.981201171875,2.9103000164031982,25.189599990844727,9.809300422668457,0.6452999711036682,2.2021000385284424,16.083200454711914,1.0089999437332153,5000,5009,10000,5006,10000,10000,5000,0.9089000225067139,3.0601000785827637,4.095099925994873,5000,1.0057999999999208,0.438,1,0.0714,0.0247,212992,15,15,0.377,12144,0,0,28.261699676513672,16.160999298095703,1.5781999826431274,1.3621000051498413,0.025299999862909317,0.14000000059604645,0,0,0,0,0,0,0,0,0,0,0,0,0,14.62252,13.65332
44,85.0177993774414,2.8087000846862793,44.428199768066406,10.61139965057373,2.234499931335449,7.119800090789795,29.069599151611328,1.841599941253662,5000,5009,10000,5006,10000,10000,5000,0.7473000288009644,3.2411000728607178,10.11769962310791,5000,1.3172999999999102,0.3317,1,0.1188,0.029599999999999998,212992,15,15,0.3882,283864,0,0,47.42259979248047,29.38960075378418,1.7275999784469604,3.184299945831299,0.24899999797344208,0.1306000053882599,0,0,0,0,0,0,0,0,0,0,0,0,0,28.2008,21.6986
45,75.0521011352539,18.274599075317383,32.631900787353516,4.155600070953369,2.748199939727783,7.26639986038208,5.464900016784668,3.1254000663757324,5000,5009,10000,5006,10000,10000,5000,0.6797999739646912,3.3698999881744385,4.374599933624268,5000,1.299899999999916,0.3945,1,1.4809,0.0403,212992,15,15,0.5105,8048,0,0,51.069698333740234,5.644999980926514,6.829100131988525,1.305400013923645,0.12809999287128448,0.12300000339746475,0.0075,0,0.0618,15.8278,16.0857,0.0003,0.2405,1,655880,0,0,0,4998,21.6432,21.49168
46,34.22209930419922,6.717800140380859,17.47439956665039,1.1589000225067139,6.074999809265137,2.3343000411987305,4.841800212860107,0.9571999907493591,5000,5009,10000,5006,10000,10000,5000,0.2784000039100647,1.8796000480651855,1.9470000267028809,5000,0.9924999999999227,0.3903,1,0.07089999999999999,0.026799999999999997,212992,15,15,0.4932,20216,0,0,24.367599487304688,4.912199974060059,1.399899959564209,1.0546000003814697,0.019300000742077827,0.1273999959230423,0,0,0,0,0,0,0,0,0,0,0,0,0,12.4046,11.08956
47,29.401199340820312,1.6295000314712524,14.674799919128418,1.2199000120162964,2.4707000255584717,3.901900053024292,5.8105998039245605,0.9240000247955322,5000,5009,10000,5006,10000,10000,5000,0.2354000061750412,1.9643000364303589,2.397200107574463,5000,1.0293999999999213,0.3755,1,0.0735,0.0301,212992,15,15,0.3828,324088,0,0,16.417499542236328,6.236599922180176,1.3844000101089478,2.912100076675415,0.3684999942779541,0.12540000677108765,0,0,0,0,0,0,0,0,0,0,0,0,0,10.56352,8.44592
48,32.41899871826172,10.095100402832031,12.63230037689209,1.059000015258789,2.162899971008301,3.5803000926971436,3.934799909591675,0.9365000128746033,5000,5009,10000,5006,10000,10000,5000,0.25450000166893005,2.1909000873565674,0.9879000186920166,5000,1.094999999999918,0.3447,1,0.0767,0.0242,212992,15,15,0.4476,35528,0,0,22.837099075317383,4.115499973297119,1.4641000032424927,1.360200047492981,0.13510000705718994,0.13539999723434448,0.0074,0,0.0599,4.4356,6.387,1.7571,0.2366,1,695262,53315,5000,9967,4999,10.79488,7.8512
49,26.11389923095703,2.9244000911712646,11.378700256347656,1.330199956893921,2.4960999488830566,2.8208000659942627,4.1768999099731445,0.7275999784469604,5000,5009,10000,5006,10000,10000,5000,0.23819999396800995,1.5339000225067139,1.0501999855041504,5000,1.1801999999999138,0.3807,1,0.0816,0.023899999999999998,212992,15,15,0.4819,261168,0,0,14.425000190734863,4.584700107574463,1.4829000234603882,2.7369000911712646,0.3702999949455261,0.12700000405311584,0,0,0,0,0,0,0,0,0,0,0,0,0,10.80776,8.75284
50,21.310199737548828,0.0038999998942017555,11.1225004196167,1.1627999544143677,2.8296000957489014,2.302000045776367,4.170100212097168,0.22779999673366547,5000,5009,10000,5006,10000,10000,5000,0.3203999996185303,2.0418999195098877,1.0918999910354614,5000,1.0510999999999195,0.4683,1,0.0761,0.0311,212992,15,15,0.4399,7712,0,0,11.26259994506836,4.384699821472168,1.5784000158309937,1.4550000429153442,0.16380000114440918,0.13500000536441803,0,0,0,0,0,0,0,0,0,0,0,0,0,11.52908,8.15096
51,32.05540084838867,13.218799591064453,9.086400032043457,1.1749000549316406,2.1875998973846436,1.9248000383377075,4.012700080871582,0.26330000162124634,5000,5009,10000,5006,10000,10000,5000,0.314300000667572,0.9354000091552734,1.1640000343322754,5000,1.1066999999999194,0.3761,1,0.0838,0.0307,212992,15,15,0.398,32400,0,0,22.428499221801758,4.212500095367432,1.4336999654769897,1.3410999774932861,0.15950000286102295,0.13770000636577606,0.0077,4.012599945068359,0.0632,3.764,6.72,2.7205,0.2591,1,734562,58569,5000,11199,4999,10.86016,8.53832
52,22.952299118041992,3.040800094604492,9.55049991607666,1.3396999835968018,2.2746999263763428,2.2618000507354736,2.9872000217437744,0.23770000040531158,5000,5009,10000,5006,10000,10000,5000,0.2554999887943268,0.9459999799728394,0.9861000180244446,5000,1.0290999999999195,0.4314,1,0.0738,0.024599999999999997,212992,15,15,0.4056,318536,0,0,12.712300300598145,3.3282999992370605,1.4732999801635742,2.9498000144958496,0.298799991607666,0.13860000669956207,0,0,0,0,0,0,0,0,0,0,0,0,0,10.929,7.90904
53,17.944000244140625,0.004399999976158142,9.74209976196289,1.24399995803833,3.044600009918213,1.5712000131607056,3.653899908065796,0.24629999697208405,5000,5009,10000,5006,10000,10000,5000,0.2946000099182129,0.8652999997138977,1.2071000337600708,5000,0.386799999999975,0.4141,1,0.07550000000000001,0.026,212992,15,15,0.4576,7712,0,0,9.871000289916992,3.8469998836517334,0.9503999948501587,1.406599998474121,0.15559999644756317,0.14000000059604645,0,0,0,0,0,0,0,0,0,0,0,0,0,10.96416,7.99184
54,20.577800750732422,2.5604000091552734,9.903400421142578,1.3767999410629272,2.5297000408172607,1.6943999528884888,3.3884999752044678,0.3971000015735626,5000,5009,10000,5006,10000,10000,5000,0.28040000796318054,0.9531000256538391,1.1101000308990479,5000,0.3573999999999772,0.565,1,0.0771,0.032,212992,15,15,0.5213,29232,0,0,12.592900276184082,3.5971999168395996,1.124500036239624,1.3968000411987305,0.1648000031709671,0.1639000028371811,0,0,0,0,0,0,0,0,0,0,0,0,0,10.76444,7.86168
55,21.002599716186523,3.262700080871582,7.481200218200684,1.4235999584197998,0.5295000076293945,1.396399974822998,3.525099992752075,0.2750000059604645,5000,5009,10000,5006,10000,10000,5000,0.27970001101493835,1.1139999628067017,1.1668000221252441,5000,0.3558999999999771,0.4227,1,0.0779,0.030400000000000003,212992,15,15,0.585,299368,0,0,10.913800239562988,3.7639000415802,1.0435999631881714,3.3673999309539795,0.19460000097751617,0.15459999442100525,0,0,0,0,0,0,0,0,0,0,0,0,0,10.71292,7.74076
56,15.241299629211426,0.004399999976158142,6.805600166320801,1.3050999641418457,0.5546000003814697,0.6467999815940857,3.7409000396728516,0.28369998931884766,5000,5009,10000,5006,10000,10000,5000,0.30480000376701355,1.0020999908447266,1.3279000520706177,5000,0.4780999999999728,0.4928,1,0.0845,0.0299,212992,15,15,0.4234,7712,0,0,6.957399845123291,3.805999994277954,1.1830999851226807,1.3166999816894531,0.01600000075995922,0.14990000426769257,0,0,0,0,0,0,0,0,0,0,0,0,0,10.75436,7.86012
57,23.278900146484375,5.338900089263916,9.825699806213379,1.3345999717712402,2.5348000526428223,2.0406999588012695,3.676100015640259,0.27619999647140503,5000,5009,10000,5006,10000,10000,5000,0.2612999975681305,0.9671000242233276,1.2594000101089478,5000,0.37839999999997465,0.3639,1,0.0764,0.0291,212992,15,15,0.4384,8048,0,0,15.336299896240234,3.8733999729156494,0.9412000179290771,1.3392000198364258,0.16339999437332153,0.14069999754428864,0.0103,0,0.1014,3.3281,3.5872,0.0004,0.2392,1,775882,0,0,0,4997,10.20468,7.52876
58,24.781400680541992,2.860599994659424,10.451199531555176,1.5535999536514282,2.754300117492676,1.9976999759674072,3.875699996948242,0.29319998621940613,5000,5009,10000,5006,10000,10000,5000,0.30469998717308044,1.0140000581741333,1.2884999513626099,5000,0.40719999999997114,0.5091,1,0.0813,0.0233,212992,15,15,0.9911,259432,0,0,13.433099746704102,4.222700119018555,1.7038999795913696,3.1045000553131104,0.31520000100135803,0.12430000305175781,0,0,0,0,0,0,0,0,0,0,0,0,0,9.7898,7.345
59,17.892499923706055,0.00279999990016222,9.380399703979492,1.2039999961853027,2.6122000217437744,1.7015000581741333,3.7939000129699707,0.26930001378059387,5000,5009,10000,5006,10000,10000,5000,0.3296999931335449,0.9107000231742859,1.1823999881744385,5000,0.4044999999999721,0.3984,1,0.0837,0.0298,212992,15,15,0.5625,7712,0,0,9.501799583435059,4.021100044250488,0.9169999957084656,1.4509999752044678,0.1906999945640564,0.13590000569820404,0,0,0,0,0,0,0,0,0,0,0,0,0,10.46084,7.35064
60,30.16860008239746,12.461299896240234,9.838899612426758,1.3732999563217163,2.7395999431610107,1.7932000160217285,3.1828999519348145,0.28519999980926514,5000,5009,10000,5006,10000,10000,5000,0.2718999981880188,0.9430999755859375,1.2165000438690186,5000,0.43089999999997625,0.4325,1,0.0793,0.0286,212992,15,15,0.492,43392,0,0,22.4335994720459,3.3619000911712646,1.1791000366210938,1.3560999631881714,0.14749999344348907,0.12460000067949295,0.0081,0,0.07,6.2553,10.0537,3.509,0.2596,1,822562,73247,5000,14748,5000,9.78356,6.99388
61,18.982500076293945,2.225100040435791,8.649999618530273,1.1571999788284302,2.328399896621704,1.7793999910354614,2.987799882888794,0.2224999964237213,5000,5009,10000,5006,10000,10000,5000,0.28529998660087585,0.7979999780654907,0.9674000144004822,5000,0.2959999999999837,0.4791,1,0.062099999999999995,0.024399999999999998,212992,15,15,0.4204,263760,0,0,10.989899635314941,3.306299924850464,0.9747999906539917,2.201200008392334,0.28220000863075256,0.12890000641345978,0,0,0,0,0,0,0,0,0,0,0,0,0,10.42624,7.26244
62,16.49850082397461,0.0031999999191612005,9.37909984588623,1.1304999589920044,2.5067999362945557,1.784999966621399,3.200000047683716,0.2493000030517578,5000,5009,10000,5006,10000,10000,5000,0.24529999494552612,1.2584999799728394,1.0930999517440796,5000,0.3262999999999808,0.3225,1,0.0664,0.0208,212992,15,15,0.4122,7712,0,0,9.50100040435791,3.397700071334839,0.8188999891281128,1.2381000518798828,0.1648000031709671,0.121799997985363,0,0,0,0,0,0,0,0,0,0,0,0,0,10.68268,7.42256
63,30.743000030517578,13.952400207519531,9.09529972076416,1.2517999410629272,2.386699914932251,1.6416000127792358,3.4953999519348145,0.2727999985218048,5000,5009,10000,5006,10000,10000,5000,0.22930000722408295,0.9786999821662903,1.1117000579833984,5000,0.31219999999998194,0.4932,1,0.0644,0.025699999999999997,212992,15,15,0.4066,54032,0,0,23.165599822998047,3.674999952316284,1.0245000123977661,1.3352999687194824,0.14800000190734863,0.1404999941587448,0.0074,4.40310001373291,0.0756,3.4559,6.9477,3.2549,0.3031,1,861970,77569,5000,15995,4998,9.86,6.58532
64,19.117900848388672,2.7369000911712646,8.570699691772461,1.3157999515533447,2.2328999042510986,1.684399962425232,2.956700086593628,0.22990000247955322,5000,5009,10000,5006,10000,10000,5000,0.2321999967098236,0.7811999917030334,0.9746999740600586,5000,0.31009999999998217,0.3741,1,0.0659,0.0257,212992,15,15,0.4106,334824,0,0,11.455499649047852,3.2843000888824463,0.8851000070571899,1.9687000513076782,0.2888000011444092,0.12630000710487366,0,0,0,0,0,0,0,0,0,0,0,0,0,10.09124,6.96848
65,17.86370086669922,0.0031999999191612005,10.456100463867188,1.2381999492645264,2.623500108718872,2.6809000968933105,3.2165000438690186,0.3716000020503998,5000,5009,10000,5006,10000,10000,5000,0.2946999967098236,0.8871999979019165,1.0865999460220337,5000,0.33119999999997995,0.3804,1,0.0695,0.0245,212992,15,15,0.4286,7712,0,0,10.563400268554688,3.4031999111175537,0.8884000182151794,1.382099986076355,0.15279999375343323,0.14180000126361847,0,0,0,0,0,0,0,0,0,0,0,0,0,10.16956,7.18836
66,18.919200897216797,2.098400115966797,8.73490047454834,1.1828999519348145,2.3557000160217285,1.5041999816894531,3.5269999504089355,0.257999986410141,5000,5009,10000,5006,10000,10000,5000,0.28369998931884766,1.0356999635696411,1.0298000574111938,5000,0.3694999999999758,0.5242,1,0.07429999999999999,0.0219,212992,15,15,0.4608,68224,0,0,10.968899726867676,3.741300106048584,1.0915000438690186,1.3452999591827393,0.18039999902248383,0.14749999344348907,0,0,0,0,0,0,0,0,0,0,0,0,0,9.93856,7.03664
67,19.141700744628906,2.5367000102996826,7.173900127410889,1.3736000061035156,0.5493999719619751,1.2389999628067017,3.8587000370025635,0.29120001196861267,5000,5009,10000,5006,10000,10000,5000,0.25699999928474426,1.1081000566482544,1.1571999788284302,5000,0.39929999999997295,0.4185,1,0.08679999999999999,0.0356,212992,15,15,0.5496,217248,0,0,9.87559986114502,4.05019998550415,1.0092999935150146,2.2992000579833984,0.1517000049352646,0.13369999825954437,0,0,0,0,0,0,0,0,0,0,0,0,0,9.64984,6.82164
68,15.08240032196045,0.0035000001080334187,7.085100173950195,1.3523999452590942,0.5468999743461609,1.0163999795913696,3.762500047683716,0.29409998655319214,5000,5009,10000,5006,10000,10000,5000,0.2824999988079071,1.0527000427246094,1.297700047492981,5000,0.4078999999999718,0.4401,1,0.0808,0.0296,212992,15,15,0.4394,7712,0,0,7.21589994430542,3.807499885559082,1.0221999883651733,1.1339999437332153,0.013100000098347664,0.13539999723434448,0,0,0,0,0,0,0,0,0,0,0,0,0,9.86032,6.92596
69,24.809200286865234,5.656599998474121,10.729599952697754,1.3920999765396118,2.6654999256134033,1.8767999410629272,3.916599988937378,0.5231999754905701,5000,5009,10000,5006,10000,10000,5000,0.5091999769210815,1.1030000448226929,1.382099986076355,5000,0.40389999999997184,0.398,1,0.0882,0.0291,212992,15,15,0.479,8048,0,0,16.497900009155273,4.13100004196167,0.9995999932289124,1.3442000150680542,0.17640000581741333,0.1331000030040741,0.0088,0,0.0842,3.844,4.0771,0.0004,0.226,1,897484,0,0,0,4995,9.54136,6.80616
70,22.100299835205078,2.6338999271392822,9.892000198364258,1.2619999647140503,2.2925000190734863,2.574700117111206,3.515700101852417,0.2614000141620636,5000,5009,10000,5006,10000,10000,5000,0.2639999985694885,1.0161999464035034,1.0550999641418457,5000,0.3659999999999763,0.6526,1,0.08149999999999999,0.023600000000000003,212992,15,15,0.5646,326032,0,0,12.65250015258789,3.8710999488830566,1.3077000379562378,2.305799961090088,0.31709998846054077,0.18150000274181366,0,0,0,0,0,0,0,0,0,0,0,0,0,10.64864,6.68616
71,23.995800018310547,0.0038999998942017555,13.535099983215332,2.1682000160217285,3.835200071334839,2.345099925994873,5.291200160980225,0.3799999952316284,5000,5009,10000,5006,10000,10000,5000,0.4205999970436096,1.6899000406265259,1.2441999912261963,5000,0.3913999999999727,0.4563,1,0.0693,0.028999999999999998,212992,15,15,0.5161,7712,0,0,13.687399864196777,5.535099983215332,1.0425000190734863,1.8251999616622925,0.19599999487400055,0.1518000066280365,0,0,0,0,0,0,0,0,0,0,0,0,0,12.72064,8.05016
72,34.87310028076172,12.291000366210938,11.69379997253418,1.315500020980835,2.4739999771118164,2.503200054168701,5.219900131225586,0.4075999855995178,5000,5009,10000,5006,10000,10000,5000,0.40230000019073486,1.895900011062622,1.3690999746322632,5000,0.4061999999999719,0.4878,1,0.0908,0.0325,212992,15,15,0.5174,46096,0,0,24.130599975585938,5.486299991607666,1.2000999450683594,1.8487000465393066,0.21739999949932098,0.3021000027656555,0.0085,0,0.0837,5.4715,9.4907,3.8139,0.1825,1,942422,90331,5000,19336,4998,16.48208,11.7586
73,29.125900268554688,3.6131999492645264,13.755399703979492,2.2852001190185547,2.963200092315674,2.380199909210205,5.269499778747559,0.40209999680519104,5000,5009,10000,5006,10000,10000,5000,0.31200000643730164,1.771399974822998,1.6888999938964844,5000,0.35389999999997795,0.4947,1,0.0932,0.036500000000000005,212992,15,15,0.5843,280432,0,0,17.544599533081055,5.80049991607666,1.3890000581741333,2.347399950027466,0.4097000062465668,0.17520000040531158,0,0,0,0,0,0,0,0,0,0,0,0,0,14.43324,10.68028
74,18.53580093383789,0.009200000204145908,9.675700187683105,1.3413000106811523,2.1633999347686768,1.4321999549865723,4.003799915313721,0.3483999967575073,5000,5009,10000,5006,10000,10000,5000,0.24160000681877136,1.2855000495910645,1.5649000406265259,5000,0.3277999999999802,0.383,1,0.06670000000000001,0.0225,212992,15,15,0.4586,7712,0,0,9.904399871826172,4.187900066375732,0.8991000056266785,1.785099983215332,0.1476999968290329,0.1623000055551529,0,0,0,0,0,0,0,0,0,0,0,0,0,12.484,10.03072
75,35.42850112915039,16.456600189208984,9.454400062561035,1.2661999464035034,2.0517001152038574,1.976699948310852,4.524700164794922,0.26840001344680786,5000,5009,10000,5006,10000,10000,5000,0.31869998574256897,1.364400029182434,1.058500051498413,5000,0.39779999999997256,0.4637,1,0.0786,0.032,212992,15,15,0.5314,53760,0,0,26.06410026550293,4.710599899291992,1.0982999801635742,1.5942000150680542,0.15209999680519104,0.15479999780654907,0.0095,5.833899974822998,0.0698,5.1903,8.1535,2.7227,0.182,1,970988,89444,5000,18997,4997,11.18152,7.75392
76,26.904800415039062,2.935699939727783,12.23900032043457,2.1530001163482666,2.66129994392395,2.2499001026153564,5.060800075531006,0.35580000281333923,5000,5009,10000,5006,10000,10000,5000,0.27390000224113464,1.5875999927520752,1.4386999607086182,5000,0.4338999999999689,0.5991,1,0.09409999999999999,0.032,212992,15,15,0.7302,233488,0,0,15.32040023803711,5.410900115966797,1.2265000343322754,2.655100107192993,0.31040000915527344,0.15060000121593475,0,0,0,0,0,0,0,0,0,0,0,0,0,10.51248,7.77836
77,15.653599739074707,0.004100000020116568,8.369600296020508,1.0635000467300415,1.881100058555603,1.291599988937378,3.217600107192993,0.2433999925851822,5000,5009,10000,5006,10000,10000,5000,0.25450000166893005,0.9347000122070312,1.4528000354766846,5000,0.3182999999999814,0.4521,1,0.0649,0.0263,212992,15,15,0.4513,7712,0,0,8.50529956817627,3.3752999305725098,0.9348000288009644,1.250100016593933,0.12860000133514404,0.125,0,0,0,0,0,0,0,0,0,0,0,0,0,10.60452,7.35612
78,17.743600845336914,1.8310999870300293,8.25100040435791,1.2023999691009521,1.9539999961853027,1.3782000541687012,3.285900115966797,0.3799999952316284,5000,5009,10000,5006,10000,10000,5000,0.27709999680519104,0.9110999703407288,1.0394999980926514,5000,0.36719999999997666,0.417,1,0.082,0.0261,212992,15,15,0.5607,37848,0,0,10.182600021362305,3.4565000534057617,0.968999981880188,1.2750999927520752,0.14219999313354492,0.1348000019788742,0,0,0,0,0,0,0,0,0,0,0,0,0,10.17364,7.244
79,18.718000411987305,2.5095999240875244,7.543000221252441,2.0213000774383545,0.6593000292778015,0.8977000117301941,3.6249001026153564,0.295199990272522,5000,5009,10000,5006,10000,10000,5000,0.2768999934196472,0.9355999827384949,1.2049000263214111,5000,0.3794999999999744,0.3978,1,0.0724,0.0266,212992,15,15,0.4446,293328,0,0,10.164799690246582,3.8264999389648438,0.9531999826431274,2.0803000926971436,0.1754000037908554,0.14020000398159027,0,0,0,0,0,0,0,0,0,0,0,0,0,9.46192,6.63288
80,15.378000259399414,0.003100000089034438,6.64709997177124,1.3743000030517578,0.5324000120162964,0.6808000206947327,4.156199932098389,0.3059000074863434,5000,5009,10000,5006,10000,10000,5000,0.26989999413490295,1.061400055885315,1.2512999773025513,5000,0.4349999999999689,0.5713,1,0.08199999999999999,0.0279,212992,15,15,0.4953,7712,0,0,6.76639986038208,4.192500114440918,1.2797000408172607,1.2339999675750732,0.014499999582767487,0.13940000534057617,0,0,0,0,0,0,0,0,0,0,0,0,0,9.18348,6.40216
81,27.003799438476562,5.4816999435424805,10.420499801635742,1.5908000469207764,2.703700065612793,1.7958999872207642,4.775599956512451,0.3384999930858612,5000,5009,10000,5006,10000,10000,5000,0.2976999878883362,1.2049000263214111,1.2649999856948853,5000,0.5139999999999605,0.6863,1,0.09940000000000002,0.0341,212992,15,15,0.5988,8048,0,0,16.01729965209961,4.999800205230713,1.655500054359436,2.0481998920440674,0.19110000133514404,0.19460000097751617,0.0086,0,0.0734,3.8835,4.0896,0.0007,0.1661,1,997190,0,0,0,4994,8.39772,5.59096
82,22.546600341796875,2.299799919128418,10.071800231933594,1.6165000200271606,2.3194000720977783,1.9019999504089355,4.5833001136779785,0.32589998841285706,5000,5009,10000,5006,10000,10000,5000,0.29739999771118164,1.1850999593734741,1.221500039100647,5000,0.4459999999999672,0.4132,1,0.0855,0.0236,212992,15,15,0.5051,218192,0,0,12.501399993896484,4.903200149536133,1.0430999994277954,2.132499933242798,0.2858000099658966,0.13210000097751617,0,0,0,0,0,0,0,0,0,0,0,0,0,8.28856,5.22168
83,16.933500289916992,0.003000000026077032,9.226900100708008,1.3035999536514282,2.3192999362945557,1.607699990272522,3.337599992752075,0.2858999967575073,5000,5009,10000,5006,10000,10000,5000,0.2531000077724457,0.9524000287055969,1.25,5000,0.35639999999997724,0.5057,1,0.07150000000000001,0.0285,212992,15,15,0.457,7712,0,0,9.340100288391113,3.5007998943328857,1.0598000288009644,1.3430999517440796,0.133200004696846,0.1387999951839447,0,0,0,0,0,0,0,0,0,0,0,0,0,9.13944,5.9126
84,25.199499130249023,7.763899803161621,9.141799926757812,1.339400053024292,2.097399950027466,1.5893000364303589,3.7409000396728516,0.2971999943256378,5000,5009,10000,5006,10000,10000,5000,0.26570001244544983,1.1579999923706055,1.2682000398635864,5000,0.34319999999997913,0.5973,1,0.0693,0.0255,212992,15,15,0.6347,23200,0,0,17.025400161743164,3.888200044631958,1.0978000164031982,1.351699948310852,0.11949999630451202,0.13940000534057617,0.0078,0,0.0616,3.1672,5.6998,2.3751,0.1421,1,1033576,95717,4999,20997,4998,9.70776,6.68384
85,16.61370086669922,2.429500102996826,6.81879997253418,1.2580000162124634,0.5846999883651733,0.8223999738693237,3.3132998943328857,0.36890000104904175,5000,5009,10000,5006,10000,10000,5000,0.250900000333786,1.0118999481201172,1.2231999635696411,5000,0.3168999999999814,0.4485,1,0.0639,0.0256,212992,15,15,0.4158,11856,0,0,9.377699851989746,3.3517000675201416,1.0231000185012817,1.347100019454956,0.012900000438094139,0.13449999690055847,0,0,0,0,0,0,0,0,0,0,0,0,0,10.90552,7.17628
86,20.628599166870117,1.5917999744415283,8.8302001953125,1.2654000520706177,2.1164000034332275,1.5115000009536743,3.289599895477295,0.24410000443458557,5000,5009,10000,5006,10000,10000,5000,0.25940001010894775,0.8935999870300293,1.3732000589370728,5000,0.33839999999997905,0.4723,1,0.0696,0.0213,212992,15,15,0.4682,244352,0,0,10.535300254821777,3.5627999305725098,1.063099980354309,3.80049991607666,0.25110000371932983,0.15289999544620514,0,0,0,0,0,0,0,0,0,0,0,0,0,11.31604,7.44848
87,33.932701110839844,16.924699783325195,10.294300079345703,1.392799973487854,2.772900104522705,1.5128999948501587,2.952899932861328,0.27639999985694885,5000,5009,10000,5006,10000,10000,5000,0.2443999946117401,0.8691999912261963,1.7613999843597412,5000,0.294699999999984,0.3492,1,0.0648,0.0258,212992,15,15,0.4023,27800,0,0,27.36870002746582,3.0989999771118164,0.800599992275238,1.180999994277954,0.121799997985363,0.1274999976158142,0.0084,7.431300163269043,0.0631,3.435,6.585,2.9579,0.2232,1,1054200,92160,5000,20252,5000,11.8078,8.50568
88,19.19849967956543,2.2806999683380127,8.891400337219238,1.2173000574111938,1.961300015449524,1.763200044631958,2.95770001411438,0.5216000080108643,5000,5009,10000,5006,10000,10000,5000,0.3434999883174896,0.8230000138282776,1.0568000078201294,5000,0.3103999999999823,0.422,1,0.06810000000000001,0.028499999999999998,212992,15,15,0.4308,257160,0,0,11.280799865722656,3.2553000450134277,1.0356999635696411,2.0873000621795654,0.27079999446868896,0.12060000002384186,0,0,0,0,0,0,0,0,0,0,0,0,0,11.50824,7.68668
89,15.29319953918457,0.002300000051036477,8.01669979095459,1.1236000061035156,2.0355000495910645,1.4807000160217285,3.0322000980377197,0.24549999833106995,5000,5009,10000,5006,10000,10000,5000,0.2304999977350235,0.8266000151634216,1.0753999948501587,5000,0.3424999999999786,0.408,1,0.06820000000000001,0.0264,212992,15,15,0.5661,7712,0,0,8.118000030517578,3.1940999031066895,0.9092000126838684,1.283400058746338,0.14079999923706055,0.12880000472068787,0,0,0,0,0,0,0,0,0,0,0,0,0,11.35208,7.76248
90,27.882400512695312,8.767200469970703,10.838399887084961,1.9263999462127686,3.346299886703491,1.4522000551223755,3.540299892425537,0.40849998593330383,5000,5009,10000,5006,10000,10000,5000,0.2809000015258789,0.910099983215332,1.2827999591827393,5000,0.37289999999997514,0.4112,1,0.07100000000000001,0.0216,212992,15,15,0.4831,31600,0,0,19.71299934387207,3.713200092315674,0.9355000257492065,1.573799967765808,0.15029999613761902,0.38839998841285706,0,0,0,0,0,0,0,0,0,0,0,0,0,10.81536,7.386
91,18.52280044555664,2.7216999530792236,6.660699844360352,1.396299958229065,0.5235000252723694,0.914900004863739,3.5908000469207764,0.2712000012397766,5000,5009,10000,5006,10000,10000,5000,0.23489999771118164,0.9315999746322632,1.2315000295639038,5000,0.3787999999999746,0.5817,1,0.074,0.0267,212992,15,15,0.4669,271304,0,0,9.517499923706055,3.781899929046631,1.2720999717712402,2.228300094604492,0.16820000112056732,0.13279999792575836,0,0,0,0,0,0,0,0,0,0,0,0,0,10.43352,7.17272
92,15.210000038146973,0.0020000000949949026,7.152900218963623,1.3634999990463257,0.8454999923706055,0.6942999958992004,3.7820000648498535,0.2971999943256378,5000,5009,10000,5006,10000,10000,5000,0.28209999203681946,0.9918000102043152,1.4364999532699585,5000,0.4097999999999713,0.5059,1,0.0643,0.0269,212992,15,15,0.4979,7712,0,0,7.265500068664551,3.8208000659942627,1.1160999536514282,1.1888999938964844,0.01600000075995922,0.13840000331401825,0,0,0,0,0,0,0,0,0,0,0,0,0,10.31832,7.07992
93,28.633899688720703,5.781700134277344,11.096699714660645,1.4351999759674072,2.1723999977111816,2.643899917602539,6.129799842834473,0.3066999912261963,5000,5009,10000,5006,10000,10000,5000,0.2806999981403351,1.9522000551223755,1.1232999563217163,5000,0.5329999999999596,0.5358,1,0.09280000000000001,0.0392,212992,15,15,0.6342,8048,0,0,17.0044002532959,6.360799789428711,1.330399990081787,1.5688999891281128,0.19629999995231628,0.13449999690055847,0.0085,0,0.0718,4.0278,4.2139,0.0002,0.1652,1,1070110,0,0,0,4990,9.48424,6.09644
94,25.766799926757812,2.3013999462127686,14.900899887084961,1.2538000345230103,2.2325000762939453,7.241399765014648,3.836899995803833,0.25940001010894775,5000,5009,10000,5006,10000,10000,5000,0.26460000872612,1.0871000289916992,1.410599946975708,5000,0.34169999999997874,0.3829,1,0.0552,0.020900000000000002,212992,15,15,0.4501,204744,0,0,17.30459976196289,4.1072001457214355,0.8464999794960022,1.8940999507904053,0.2434999942779541,0.1363999992609024,0,0,0,0,0,0,0,0,0,0,0,0,0,9.26544,5.92364
95,19.000600814819336,0.0019000000320374966,8.496800422668457,1.094599962234497,2.24780011177063,1.5326000452041626,3.1607000827789307,0.26030001044273376,5000,5009,10000,5006,10000,10000,5000,0.2897000014781952,0.7954000234603882,1.2582000494003296,5000,0.3256999999999805,0.4124,1,0.0548,0.0286,212992,15,15,0.5664,7712,0,0,8.601699829101562,3.3164000511169434,0.8980000019073486,4.492099761962891,0.13220000267028809,0.13539999723434448,0,0,0,0,0,0,0,0,0,0,0,0,0,9.795,6.30868
96,28.82360076904297,12.863800048828125,8.670700073242188,1.353700041770935,2.1231000423431396,1.676900029182434,3.070499897003174,0.2736000120639801,5000,5009,10000,5006,10000,10000,5000,0.24150000512599945,0.8819000124931335,1.0520999431610107,5000,0.3354999999999794,0.4768,1,0.050699999999999995,0.0273,212992,15,15,0.4383,25120,0,0,21.637500762939453,3.341099977493286,1.038100004196167,1.1764999628067017,0.2468000054359436,0.1168999969959259,0.0067,4.635799884796143,0.0603,4.0145,6.4407,2.2542,0.1839,1,1104162,94639,5000,21030,4999,9.42516,5.79012
97,26.180999755859375,2.4082999229431152,14.030500411987305,1.2935999631881714,7.307000160217285,1.7969000339508057,3.078399896621704,0.24310000240802765,5000,5009,10000,5006,10000,10000,5000,0.337799996137619,0.8848000168800354,1.0752999782562256,5000,0.2861999999999848,0.3793,1,0.04859999999999999,0.0258,212992,15,15,0.394,267552,0,0,16.53510093688965,5.731200218200684,0.8023999929428101,1.7294000387191772,2.629699945449829,0.12700000405311584,0,0,0,0,0,0,0,0,0,0,0,0,0,9.89336,6.84688
98,14.303500175476074,0.002199999988079071,7.986700057983398,1.1704000234603882,1.9193999767303467,1.5556999444961548,2.754699945449829,0.23170000314712524,5000,5009,10000,5006,10000,10000,5000,0.22910000383853912,0.7687000036239624,1.079699993133545,5000,0.275099999999986,0.3408,1,0.0484,0.0194,212992,15,15,0.4297,7712,0,0,8.083999633789062,2.8919999599456787,0.7580000162124634,1.1629999876022339,0.11500000208616257,0.11900000274181366,0,0,0,0,0,0,0,0,0,0,0,0,0,10.81496,6.96356
99,26.900299072265625,10.559200286865234,8.229900360107422,1.1627000570297241,2.040600061416626,1.5881999731063843,3.3183000087738037,0.2492000013589859,5000,5009,10000,5006,10000,10000,5000,0.30709999799728394,0.8622999787330627,1.0119999647140503,5000,0.39559999999997314,0.4172,1,0.059899999999999995,0.0286,212992,15,15,0.4685,30520,0,0,18.886899948120117,3.5069000720977783,1.0823999643325806,1.5870000123977661,0.16359999775886536,0.1467999964952469,0.0065,3.5315001010894775,0.053,3.1193,5.2568,1.9937,0.1471,1,1110420,90285,5000,19859,4999,10.57812,6.85164
100,22.120100021362305,2.6823999881744385,9.10890007019043,1.2203999757766724,2.1291000843048096,2.0785999298095703,3.8719000816345215,0.24220000207424164,5000,5009,10000,5006,10000,10000,5000,0.22100000083446503,1.0448999404907227,1.1545000076293945,5000,0.4008999999999723,0.5916,1,0.07269999999999999,0.0352,212992,15,15,0.701,290272,0,0,11.920700073242188,4.230999946594238,1.2360999584197998,2.579400062561035,0.33160001039505005,0.15569999814033508,0,0,0,0,0,0,0,0,0,0,0,0,0,10.2658,7.3548
101,16.464599609375,0.0020000000949949026,9.434900283813477,1.1032999753952026,2.097599983215332,1.48580002784729,3.1505000591278076,0.2500999867916107,5000,5009,10000,5006,10000,10000,5000,0.25029999017715454,1.3560999631881714,1.6448999643325806,5000,0.33379999999997956,0.3601,1,0.055999999999999994,0.0253,212992,15,15,0.3945,7712,0,0,9.555500030517578,3.30649995803833,0.8614000082015991,1.2173000574111938,0.13199999928474426,0.13009999692440033,0,0,0,0,0,0,0,0,0,0,0,0,0,10.17772,6.80224
102,17.909700393676758,1.6962000131607056,8.473099708557129,1.2280999422073364,2.0859999656677246,1.5312000513076782,3.5522000789642334,0.3345000147819519,5000,5009,10000,5006,10000,10000,5000,0.2680000066757202,0.9265000224113464,1.0765999555587769,5000,0.36109999999997655,0.4258,1,0.058600000000000006,0.0215,212992,15,15,0.4524,33944,0,0,10.264200210571289,3.7246999740600586,0.9722999930381775,1.2799999713897705,0.14710000157356262,0.1387999951839447,0,0,0,0,0,0,0,0,0,0,0,0,0,9.69816,6.4988
103,19.156999588012695,2.170300006866455,7.6717000007629395,1.672700047492981,0.6751999855041504,1.1435999870300293,3.8940999507904053,0.32019999623298645,5000,5009,10000,5006,10000,10000,5000,0.2955999970436096,0.9937000274658203,1.3163000345230103,5000,0.4188999999999702,0.443,1,0.0661,0.0271,212992,15,15,0.4632,216592,0,0,9.9483003616333,4.053800106048584,1.0607999563217163,2.286400079727173,0.1331000030040741,0.15049999952316284,0,0,0,0,0,0,0,0,0,0,0,0,0,9.30904,6.30216
104,16.387300491333008,0.002099999925121665,7.491000175476074,1.562399983406067,0.6144999861717224,0.8037999868392944,4.334700107574463,0.4007999897003174,5000,5009,10000,5006,10000,10000,5000,0.3012000024318695,1.1201000213623047,1.4501999616622925,5000,0.4416999999999677,0.4654,1,0.0701,0.03,212992,15,15,0.483,7712,0,0,7.618500232696533,4.377099990844727,1.1468000411987305,1.319700002670288,0.014800000004470348,0.14800000190734863,0,0,0,0,0,0,0,0,0,0,0,0,0,9.3116,6.1624
105,28.619300842285156,6.240499973297119,10.359000205993652,1.6026999950408936,2.5134999752044678,1.7835999727249146,6.7779998779296875,0.3296000063419342,5000,5009,10000,5006,10000,10000,5000,0.2822999954223633,1.2359999418258667,1.4023000001907349,5000,0.4510999999999674,0.5424,1,0.0748,0.0346,212992,15,15,0.5837,8048,0,0,16.737499237060547,6.996500015258789,1.2117999792099,1.562999963760376,0.1835000067949295,0.14949999749660492,0.0085,0,0.0761,4.4752,4.6813,0.0005,0.1866,1,1111336,0,0,0,4984,8.32896,5.04568
106,19.824800491333008,2.731800079345703,9.14229965209961,1.1576999425888062,1.961899995803833,2.0797998905181885,3.2679998874664307,0.34220001101493835,5000,5009,10000,5006,10000,10000,5000,0.26750001311302185,0.9240999817848206,1.1679999828338623,5000,0.3465999999999784,0.3648,1,0.05720000000000001,0.0215,212992,15,15,0.4172,333096,0,0,11.993000030517578,3.569000005722046,0.8593000173568726,1.805799961090088,0.2777000069618225,0.1298000067472458,0,0,0,0,0,0,0,0,0,0,0,0,0,9.2464,5.56436
107,16.733200073242188,0.0020000000949949026,9.303799629211426,1.19350004196167,2.184000015258789,1.889299988746643,3.3473000526428223,0.31709998846054077,5000,5009,10000,5006,10000,10000,5000,0.27619999647140503,0.8806999921798706,1.3343000411987305,5000,0.3197999999999811,0.4801,1,0.0539,0.0257,212992,15,15,0.4269,7712,0,0,9.407600402832031,3.484299898147583,1.0911999940872192,1.204800009727478,0.11209999769926071,0.1225999966263771,0,0,0,0,0,0,0,0,0,0,0,0,0,10.5128,6.55564
108,25.662099838256836,8.412699699401855,8.785799980163574,1.3747999668121338,2.1424999237060547,1.454800009727478,4.188000202178955,0.26089999079704285,5000,5009,10000,5006,10000,10000,5000,0.26460000872612,1.03410005569458,1.1933000087738037,5000,0.3586999999999768,0.3837,1,0.0577,0.0268,212992,15,15,0.5293,20096,0,0,17.310800552368164,4.373600006103516,0.9819999933242798,1.2422000169754028,0.15760000050067902,0.1289999932050705,0.0071,0,0.0659,3.8181,6.5032,2.4691,0.1793,1,1131792,89260,5000,19952,4999,9.59264,6.12424
109,19.279699325561523,2.4556000232696533,8.083499908447266,1.18149995803833,2.009999990463257,1.457800030708313,3.546299934387207,0.2328999936580658,5000,5009,10000,5006,10000,10000,5000,0.22429999709129333,0.8162000179290771,1.1044000387191772,5000,0.3675999999999768,0.3974,1,0.05890000000000001,0.0255,212992,15,15,0.461,271024,0,0,10.635299682617188,3.8714001178741455,0.9401999711990356,2.166300058364868,0.30000001192092896,0.1298000067472458,0,0,0,0,0,0,0,0,0,0,0,0,0,9.56628,6.18192
110,16.67569923400879,0.002199999988079071,8.406599998474121,1.1476999521255493,2.0673000812530518,1.4883999824523926,3.7981998920440674,0.2460000067949295,5000,5009,10000,5006,10000,10000,5000,0.2964000105857849,0.8980000019073486,1.2302000522613525,5000,0.3900999999999744,0.4412,1,0.06149999999999999,0.0221,212992,15,15,0.4935,7712,0,0,8.517800331115723,3.9690001010894775,1.0433000326156616,1.3753999471664429,0.1445000022649765,0.14149999618530273,0,0,0,0,0,0,0,0,0,0,0,0,0,9.69668,6.37144
111,31.253400802612305,14.064800262451172,9.340200424194336,1.4803999662399292,2.3773000240325928,1.580899953842163,3.3675999641418457,0.30070000886917114,5000,5009,10000,5006,10000,10000,5000,0.2791999876499176,0.9567000269889832,1.1812000274658203,5000,0.3538999999999787,0.5063,1,0.0702,0.0324,212992,15,15,0.5443,30576,0,0,23.517900466918945,3.530400037765503,1.1225999593734741,1.298200011253357,0.13500000536441803,0.12489999830722809,0.0073,4.837399959564209,0.0693,4.2291,7.2452,2.8118,0.1854,1,1119314,84676,5000,18914,4998,8.67092,5.25048
112,19.582000732421875,2.7458999156951904,8.368900299072266,1.0949000120162964,1.930400013923645,1.654099941253662,3.4834001064300537,0.21250000596046448,5000,5009,10000,5006,10000,10000,5000,0.2558000087738037,1.0125999450683594,1.1924999952316284,5000,0.32299999999998075,0.3956,1,0.05560000000000001,0.0265,212992,15,15,0.4685,315792,0,0,11.230999946594238,3.788599967956543,0.8906999826431274,2.014699935913086,0.27619999647140503,0.19480000436306,0,0,0,0,0,0,0,0,0,0,0,0,0,9.26308,6.06668
113,15.39840030670166,0.0020000000949949026,7.8053998947143555,0.9879000186920166,1.9635000228881836,1.357300043106079,3.522599935531616,0.21570000052452087,5000,5009,10000,5006,10000,10000,5000,0.2434999942779541,0.819599986076355,1.2323999404907227,5000,0.3187999999999812,0.4413,1,0.0541,0.0249,212992,15,15,0.4105,7712,0,0,7.90749979019165,3.683199882507324,0.9505000114440918,1.3569999933242798,0.13379999995231628,0.12399999797344208,0,0,0,0,0,0,0,0,0,0,0,0,0,9.9808,6.50152
114,21.3080997467041,1.7762000560760498,9.164999961853027,1.1373000144958496,2.063699960708618,1.4783999919891357,5.586900234222412,0.2529999911785126,5000,5009,10000,5006,10000,10000,5000,0.3000999987125397,1.7145999670028687,1.2095999717712402,5000,0.4389999999999728,0.5068,1,0.0687,0.022699999999999998,212992,15,15,0.4758,31384,0,0,11.059900283813477,5.830100059509277,1.126099944114685,1.4004000425338745,0.20999999344348907,0.13770000636577606,0,0,0,0,0,0,0,0,0,0,0,0,0,9.7328,6.28148
115,19.181699752807617,2.4964001178741455,7.6194000244140625,1.7553999423980713,0.45660001039505005,1.1627000570297241,3.63319993019104,0.38999998569488525,5000,5009,10000,5006,10000,10000,5000,0.2752000093460083,0.9527999758720398,1.3011000156402588,5000,0.3790999999999747,0.4474,1,0.0608,0.0288,212992,15,15,0.4685,272168,0,0,10.228400230407715,3.8101000785827637,1.011199951171875,2.3782999515533447,0.1632000058889389,0.1573999971151352,0,0,0,0,0,0,0,0,0,0,0,0,0,9.66652,6.2192
116,16.237300872802734,0.0024999999441206455,8.153900146484375,2.113300085067749,0.5267000198364258,0.6254000067710876,3.7662999629974365,0.4153999984264374,5000,5009,10000,5006,10000,10000,5000,0.2460000067949295,0.9417999982833862,1.6854000091552734,5000,0.3991999999999724,0.5411,1,0.0635,0.0276,212992,15,15,0.4776,7712,0,0,8.291399955749512,3.7934999465942383,1.1714999675750732,1.1991000175476074,0.012500000186264515,0.13429999351501465,0,0,0,0,0,0,0,0,0,0,0,0,0,9.71448,6.3664
117,25.860700607299805,6.0609002113342285,10.03849983215332,1.5144000053405762,2.3603999614715576,1.958400011062622,4.546199798583984,0.31040000915527344,5000,5009,10000,5006,10000,10000,5000,0.2849000096321106,1.1330000162124634,1.2585999965667725,5000,0.6011999999999559,0.4611,1,0.12109999999999999,0.0269,212992,15,15,0.6753,8168,0,0,16.206300735473633,4.776199817657471,1.0339000225067139,1.3166999816894531,0.2134000062942505,0.1257999986410141,0.0089,0,0.0711,4.39,4.6139,0.0005,0.1782,1,1100980,0,0,0,4983,9.30292,5.6862
118,25.662799835205078,2.8441998958587646,10.682900428771973,1.3056000471115112,2.296999931335449,1.801200032234192,5.407599925994873,0.24539999663829803,5000,5009,10000,5006,10000,10000,5000,0.23170000314712524,1.618499994277954,1.7654000520706177,5000,0.6201999999999548,0.5086,1,0.0742,0.025099999999999997,212992,15,15,0.7546,384616,0,0,13.634300231933594,5.80709981918335,1.1412999629974365,2.396199941635132,0.3788999915122986,0.13670000433921814,0,0,0,0,0,0,0,0,0,0,0,0,0,9.60436,5.69968
119,15.3233003616333,0.0015999999595806003,8.456600189208984,1.0169999599456787,2.158400058746338,1.330899953842163,2.9509999752044678,0.21289999783039093,5000,5009,10000,5006,10000,10000,5000,0.2847999930381775,0.8292999863624573,1.5078999996185303,5000,0.42049999999997006,0.4145,1,0.0527,0.0258,212992,15,15,0.4249,7712,0,0,8.566300392150879,3.0601000785827637,0.8689000010490417,1.2156000137329102,0.09200000017881393,0.12559999525547028,0,0,0,0,0,0,0,0,0,0,0,0,0,10.69984,6.79448
120,24.267799377441406,7.098499774932861,8.263999938964844,1.1797000169754028,2.234800100326538,1.4472999572753906,3.4921998977661133,0.23070000112056732,5000,5009,10000,5006,10000,10000,5000,0.26750001311302185,0.9417999982833862,1.006100058555603,5000,0.5140999999999604,0.6847,1,0.061099999999999995,0.0308,212992,15,15,0.6565,20520,0,0,15.474699974060059,3.6375999450683594,1.3925000429153442,1.6990000009536743,0.13210000097751617,0.15109999477863312,0.0068,0,0.0567,3.2444,5.4391,2.0269,0.1626,1,1102040,81779,5000,18214,4998,9.98528,6.536
121,27.173200607299805,3.917799949645996,10.963299751281738,1.253100037574768,2.2390999794006348,2.3017001152038574,5.79010009765625,0.2524000108242035,5000,5009,10000,5006,10000,10000,5000,0.2718000113964081,1.7908999919891357,1.565999984741211,5000,0.6221999999999547,0.5033,1,0.0736,0.035199999999999995,212992,15,15,0.731,276432,0,0,15.000100135803223,6.14109992980957,1.1167000532150269,2.4988999366760254,0.3328999876976013,0.14399999380111694,0,0,0,0,0,0,0,0,0,0,0,0,0,9.30376,5.64168
122,18.843799591064453,0.0013000000035390258,11.535599708557129,1.7702000141143799,3.541800022125244,1.6134999990463257,3.225600004196167,0.3668000102043152,5000,5009,10000,5006,10000,10000,5000,0.3361999988555908,0.8442000150680542,1.5420000553131104,5000,0.4612999999999666,0.3982,1,0.05249999999999999,0.0214,212992,15,15,0.4202,7712,0,0,11.647500038146973,3.3629000186920166,0.8718000054359436,1.283400058746338,0.11949999630451202,0.1551000028848648,0,0,0,0,0,0,0,0,0,0,0,0,0,10.4844,6.31184
123,28.406600952148438,12.268099784851074,9.281100273132324,1.9464999437332153,2.1684000492095947,1.5163999795913696,3.1740000247955322,0.2750999927520752,5000,5009,10000,5006,10000,10000,5000,0.2994000017642975,0.8629999756813049,1.0622999668121338,5000,0.41479999999997064,0.3631,1,0.049600000000000005,0.025099999999999997,212992,15,15,0.391,39752,0,0,21.649200439453125,3.310800075531006,0.7889000177383423,1.1230000257492065,0.12380000203847885,0.12549999356269836,0.0078,4.843800067901611,0.0644,3.3004,5.4305,1.9714,0.1712,1,1078946,77603,5000,17174,4998,9.67884,6.29436
124,18.197399139404297,2.587599992752075,8.006400108337402,1.1552000045776367,2.168600082397461,1.4176000356674194,2.8647000789642334,0.19869999587535858,5000,5009,10000,5006,10000,10000,5000,0.25679999589920044,0.7505000233650208,0.9866999983787537,5000,0.42089999999996996,0.3693,1,0.0501,0.023399999999999997,212992,15,15,0.3968,379704,0,0,10.685400009155273,3.15939998626709,0.8119000196456909,2.0018999576568604,0.2827000021934509,0.12939999997615814,0,0,0,0,0,0,0,0,0,0,0,0,0,9.83888,6.35428
125,15.541299819946289,0.0006000000284984708,8.06719970703125,1.1440999507904053,2.0278000831604004,1.3975000381469727,3.3176000118255615,0.23399999737739563,5000,5009,10000,5006,10000,10000,5000,0.24609999358654022,0.8693000078201294,1.1096999645233154,5000,0.48189999999996325,0.4585,1,0.0555,0.0249,212992,15,15,0.4222,7712,0,0,8.14799976348877,3.452399969100952,0.9685999751091003,1.2741999626159668,0.12349999696016312,0.13279999792575836,0,0,0,0,0,0,0,0,0,0,0,0,0,9.63812,6.30388
126,21.031099319458008,2.590399980545044,9.323699951171875,1.3243999481201172,2.408900022506714,1.7000999450683594,4.1819000244140625,0.26660001277923584,5000,5009,10000,5006,10000,10000,5000,0.3124000132083893,1.0405999422073364,1.1624000072479248,5000,0.6033999999999551,0.4568,1,0.0679,0.022699999999999998,212992,15,15,0.5849,26416,0,0,12.000100135803223,4.345799922943115,1.0884000062942505,1.448699951171875,0.14880000054836273,0.14880000054836273,0,0,0,0,0,0,0,0,0,0,0,0,0,8.88152,6.51304
127,25.207199096679688,6.507599830627441,7.9710001945495605,1.5479999780654907,0.6869999766349792,1.000100016593933,5.234600067138672,0.30079999566078186,5000,5009,10000,5006,10000,10000,5000,0.3411000072956085,1.1753000020980835,1.6411999464035034,5000,0.6129999999999554,0.4396,1,0.0651,0.027999999999999997,212992,15,15,0.4904,276520,0,0,14.578100204467773,5.433300018310547,1.1117000579833984,2.0336999893188477,0.18310000002384186,0.13369999825954437,0,0,0,0,0,0,0,0,0,0,0,0,0,8.09632,4.97272
128,13.172800064086914,0.000699999975040555,5.875400066375732,1.093400001525879,0.5891000032424927,0.5482000112533569,3.3673999309539795,0.22550000250339508,5000,5009,10000,5006,10000,10000,5000,0.22519999742507935,0.8507999777793884,1.3102999925613403,5000,0.4993999999999614,0.3896,1,0.0625,0.027200000000000002,212992,15,15,0.4529,7712,0,0,5.956099987030029,3.388700008392334,0.925000011920929,1.128000020980835,0.008999999612569809,0.12409999966621399,0,0,0,0,0,0,0,0,0,0,0,0,0,9.0598,5.7054
129,26.121200561523438,6.568699836730957,10.669899940490723,1.5017000436782837,2.313499927520752,2.3478000164031982,4.600200176239014,0.31369999051094055,5000,5009,10000,5006,10000,10000,5000,0.29499998688697815,1.1092000007629395,1.469099998474121,5000,0.5538999999999586,0.4003,1,0.06169999999999999,0.0297,212992,15,15,0.4789,8048,0,0,17.341800689697266,4.759200096130371,0.9257000088691711,1.1561000347137451,0.1436000019311905,0.12970000505447388,0.0075,0,1.0405,3.9678,5.1915,0.0002,0.1655,1,1048112,0,0,0,4976,8.77424,5.4974
130,19.914199829101562,2.313199996948242,8.821800231933594,1.1965999603271484,2.0703001022338867,1.707800030708313,3.402899980545044,0.22769999504089355,5000,5009,10000,5006,10000,10000,5000,0.29089999198913574,0.8373000025749207,1.3243000507354736,5000,0.5025999999999613,0.4383,1,0.05890000000000001,0.0207,212992,15,15,0.4558,266272,0,0,11.218000411987305,3.656899929046631,0.9578999876976013,2.260699987411499,0.23999999463558197,0.14429999887943268,0,0,0,0,0,0,0,0,0,0,0,0,0,9.1714,6.00456
131,15.67140007019043,0.0007999999797903001,8.19729995727539,1.080899953842163,2.0541000366210938,1.2970000505447388,3.2500998973846436,0.22210000455379486,5000,5009,10000,5006,10000,10000,5000,0.21549999713897705,0.8467000126838684,1.372499942779541,5000,0.4702999999999645,0.435,1,0.0575,0.025,212992,15,15,0.4551,7712,0,0,8.294899940490723,3.3649001121520996,0.9243000149726868,1.3564000129699707,0.10329999774694443,0.13899999856948853,0,0,0,0,0,0,0,0,0,0,0,0,0,10.31856,6.34396
132,29.48390007019043,10.933199882507324,10.420599937438965,1.4782999753952026,2.2813000679016113,1.982100009918213,3.567500114440918,0.4399000108242035,5000,5009,10000,5006,10000,10000,5000,0.46700000762939453,1.1878999471664429,1.1815999746322632,5000,0.43479999999996843,0.515,1,0.052199999999999996,0.027700000000000002,212992,15,15,0.6017,28392,0,0,21.448400497436523,3.7112998962402344,0.9584000110626221,1.5578999519348145,0.12610000371932983,0.11349999904632568,0.009,0,1.1464,3.9326,8.3057,2.1751,0.1927,1,1036750,72533,5000,15941,4999,10.28172,6.52436
133,20.81839942932129,3.899600028991699,8.76360034942627,1.1598999500274658,2.1073999404907227,1.4433000087738037,2.9876999855041504,0.20730000734329224,5000,5009,10000,5006,10000,10000,5000,0.2190999984741211,0.8374999761581421,1.5997999906539917,5000,0.42819999999996905,0.3902,1,0.0513,0.0229,212992,15,15,0.3914,278000,0,0,12.763999938964844,3.2607998847961426,0.8385000228881836,2.37719988822937,0.2590000033378601,0.13529999554157257,0,0,0,0,0,0,0,0,0,0,0,0,0,10.923,6.89792
134,17.294700622558594,0.0008999999845400453,9.699199676513672,1.3056000471115112,2.297300100326538,1.4558000564575195,3.283900022506714,0.24050000309944153,5000,5009,10000,5006,10000,10000,5000,0.27730000019073486,0.824999988079071,1.9522000551223755,5000,0.45359999999996636,0.359,1,0.0531,0.0201,212992,15,15,0.4438,7712,0,0,9.8016996383667,3.4121999740600586,0.830299973487854,1.5356999635696411,0.11349999904632568,0.16019999980926514,0,0,0,0,0,0,0,0,0,0,0,0,0,11.62788,7.29672
135,34.74959945678711,16.86520004272461,10.256500244140625,1.34089994430542,2.657399892807007,1.610700011253357,3.173099994659424,0.25540000200271606,5000,5009,10000,5006,10000,10000,5000,0.25360000133514404,0.8669999837875366,1.9078999757766724,5000,0.42189999999997013,0.4649,1,0.050699999999999995,0.0247,212992,15,15,0.4695,38184,0,0,27.230100631713867,3.297100067138672,0.9732999801635742,1.569599986076355,0.10980000346899033,0.1331000030040741,0.0066,5.094600200653076,0.0557,3.5204,5.5785,1.8982,0.1715,1,998502,67147,5000,14705,4998,11.21632,8.8054
136,39.234901428222656,8.803799629211426,10.077099800109863,1.6405999660491943,2.7751998901367188,1.5994000434875488,3.1594998836517334,0.2741999924182892,5000,5009,10000,5006,10000,10000,5000,0.22439999878406525,0.8389000296592712,1.430400013923645,5000,0.43759999999996857,0.4165,1,0.052000000000000005,0.036699999999999997,212992,15,15,0.4028,291584,0,0,18.986799240112305,3.4175000190734863,0.8840000033378601,14.34160041809082,0.24310000240802765,0.11410000175237656,0,0,0,0,0,0,0,0,0,0,0,0,0,14.29856,11.59324
137,16.055099487304688,0.000699999975040555,9.500499725341797,0.9894999861717224,2.0897998809814453,1.704300045967102,2.9549999237060547,0.19769999384880066,5000,5009,10000,5006,10000,10000,5000,0.21119999885559082,1.3984999656677246,1.7888000011444092,5000,0.40519999999997214,0.3508,1,0.048999999999999995,0.0245,212992,15,15,0.4432,7712,0,0,9.587200164794922,3.052500009536743,0.7660999894142151,1.1109999418258667,0.07999999821186066,0.10869999974966049,0,0,0,0,0,0,0,0,0,0,0,0,0,11.3022,8.07076
138,28.131099700927734,12.87339973449707,8.156200408935547,0.9997000098228455,1.9795000553131104,1.5130000114440918,2.874500036239624,0.21639999747276306,5000,5009,10000,5006,10000,10000,5000,0.24050000309944153,0.7505999803543091,1.4723000526428223,5000,0.4049999999999717,0.4932,1,0.050199999999999995,0.0203,212992,15,15,0.5158,30632,0,0,21.114599227905273,2.966900110244751,0.9896000027656555,1.3776999711990356,0.07999999821186066,0.1451999992132187,0,0,0,0,0,0,0,0,0,0,0,0,0,11.04568,7.13592
139,19.197599411010742,2.638200044631958,6.637700080871582,1.4349000453948975,0.7437999844551086,0.7394000291824341,4.549699783325195,0.21819999814033508,5000,5009,10000,5006,10000,10000,5000,0.21940000355243683,0.7998999953269958,1.3605999946594238,5000,0.4985999999999636,0.5138,1,0.0542,0.029500000000000002,212992,15,15,0.5415,279568,0,0,9.374899864196777,4.7480998039245605,1.0585999488830566,2.0541000366210938,0.18440000712871552,0.13449999690055847,0,0,0,0,0,0,0,0,0,0,0,0,0,11.31692,7.28592
140,14.081999778747559,0.0008999999845400453,6.7866997718811035,1.1059999465942383,0.8307999968528748,0.8391000032424927,3.2671000957489014,0.241799995303154,5000,5009,10000,5006,10000,10000,5000,0.2515999972820282,0.848800003528595,1.5893000364303589,5000,0.4724999999999643,0.5055,1,0.05569999999999999,0.0245,212992,15,15,0.413,7712,0,0,6.876299858093262,3.287400007247925,1.0808000564575195,1.1684000492095947,0.00800000037997961,0.12409999966621399,0,0,0,0,0,0,0,0,0,0,0,0,0,10.68156,7.13972
141,21.385499954223633,4.747700214385986,8.37030029296875,1.2214000225067139,2.0725998878479004,1.5568000078201294,3.940000057220459,0.2524000108242035,5000,5009,10000,5006,10000,10000,5000,0.2312999963760376,0.9186999797821045,1.0097999572753906,5000,0.5217999999999602,0.4438,1,0.058899999999999994,0.0248,212992,15,15,0.4447,8048,0,0,13.204299926757812,4.062099933624268,0.9753999710083008,1.2552000284194946,0.10840000212192535,0.1386999934911728,0.0057,0,0.0629,3.1668,3.4451,0.0009,0.2482,1,957322,0,0,0,4968,10.09668,6.77096
142,22.841699600219727,2.716599941253662,10.425000190734863,1.4738999605178833,2.1861000061035156,2.3046998977661133,4.3383002281188965,0.421099990606308,5000,5009,10000,5006,10000,10000,5000,0.32690000534057617,1.0414999723434448,1.3839000463485718,5000,0.5712999999999571,0.4565,1,0.0663,0.0207,212992,15,15,0.4817,338408,0,0,13.226099967956543,4.622099876403809,1.024399995803833,1.9922000169754028,0.26930001378059387,0.1421000063419342,0,0,0,0,0,0,0,0,0,0,0,0,0,9.53016,6.28368
143,20.568099975585938,0.000699999975040555,10.285499572753906,1.5484000444412231,2.5025999546051025,1.895300030708313,4.652699947357178,0.29809999465942383,5000,5009,10000,5006,10000,10000,5000,0.3098999857902527,1.114400029182434,1.4104000329971313,5000,0.6930999999999496,0.5973,1,0.0748,0.031400000000000004,212992,15,15,0.5844,7712,0,0,10.373800277709961,4.771399974822998,1.2955000400543213,1.7659000158309937,0.10189999639987946,0.20200000703334808,0,0,0,0,0,0,0,0,0,0,0,0,0,9.22504,5.97692
144,34.90850067138672,14.367799758911133,11.054300308227539,1.520400047302246,2.9323999881744385,1.6872999668121338,4.814300060272217,0.2937000095844269,5000,5009,10000,5006,10000,10000,5000,0.2671999931335449,0.9437999725341797,2.0501999855041504,5000,0.47349999999996467,0.4798,1,0.0602,0.0293,212992,15,15,0.5656,31064,0,0,25.54490089416504,4.939700126647949,1.000100016593933,1.448099970817566,0.10830000042915344,0.12800000607967377,0.0105,0,0.0846,4.247,8.1227,2.2655,3.995,1,931384,61854,5000,13579,4998,9.24904,5.5522
145,21.05579948425293,2.938999891281128,8.552499771118164,1.1837999820709229,2.016700029373169,1.5149999856948853,2.8440001010894775,0.19789999723434448,5000,5009,10000,5006,10000,10000,5000,0.2572999894618988,0.7623000144958496,1.4954999685287476,5000,0.4445999999999677,0.4125,1,0.062,0.0344,212992,15,15,1.2144,350752,0,0,11.582099914550781,3.106600046157837,0.8562999963760376,2.973299980163574,0.2485000044107437,0.1655000001192093,0,0,0,0,0,0,0,0,0,0,0,0,0,10.95184,7.95312
146,18.125,0.0006000000284984708,10.599100112915039,1.2002999782562256,2.5383999347686768,2.1561999320983887,3.3564000129699707,0.22519999742507935,5000,5009,10000,5006,10000,10000,5000,0.20229999721050262,1.4300999641418457,1.6917999982833862,5000,0.4254999999999693,0.467,1,0.0508,0.0199,212992,15,15,0.4158,7712,0,0,10.681699752807617,3.456899881362915,0.9311000108718872,1.4509999752044678,0.08500000089406967,0.15209999680519104,0,0,0,0,0,0,0,0,0,0,0,0,0,11.3588,7.15572
147,25.317100524902344,9.463399887084961,8.172200202941895,1.1576999425888062,1.992300033569336,1.4810999631881714,3.372499942779541,0.23160000145435333,5000,5009,10000,5006,10000,10000,5000,0.26100000739097595,0.8651000261306763,1.1497000455856323,5000,0.5424999999999617,0.4147,1,0.0587,0.0248,212992,15,15,0.4826,27152,0,0,17.737300872802734,3.503499984741211,0.9150999784469604,1.2044999599456787,0.11789999902248383,0.13359999656677246,0.0058,3.092400074005127,0.0489,2.6367,4.328,1.5492,0.1605,1,892762,57753,5000,12544,4997,10.6086,7.13856
148,20.26799964904785,2.470099925994873,8.670599937438965,1.2591999769210815,2.0843000411987305,1.517799973487854,3.384200096130371,0.23729999363422394,5000,5009,10000,5006,10000,10000,5000,0.23070000112056732,0.8605999946594238,1.3417999744415283,5000,0.47329999999996447,0.6779,1,0.0566,0.028200000000000003,212992,15,15,0.6419,312976,0,0,11.229700088500977,3.639699935913086,1.2975000143051147,2.1029000282287598,0.24130000174045563,0.20270000398159027,0,0,0,0,0,0,0,0,0,0,0,0,0,10.31076,6.77728
149,17.353200912475586,0.000699999975040555,9.434399604797363,1.226699948310852,2.192500114440918,1.8006000518798828,3.5922999382019043,0.26899999380111694,5000,5009,10000,5006,10000,10000,5000,0.2434999942779541,0.9388999938964844,1.6353000402450562,5000,0.5504999999999561,0.4334,1,0.0717,0.032,212992,15,15,0.4778,7712,0,0,9.525199890136719,3.6995999813079834,0.9524999856948853,1.1955000162124634,0.09290000051259995,0.15119999647140503,0,0,0,0,0,0,0,0,0,0,0,0,0,10.00548,6.619
150,19.788000106811523,1.8366999626159668,8.985300064086914,1.2724000215530396,2.183199882507324,1.4736000299453735,4.174900054931641,0.2662000060081482,5000,5009,10000,5006,10000,10000,5000,0.3149000108242035,0.964900016784668,1.3875000476837158,5000,0.6361999999999536,0.4266,1,0.0643,0.0259,212992,15,15,0.5109,31888,0,0,10.929100036621094,4.291299819946289,0.9797000288963318,1.2472000122070312,0.10140000283718109,0.27649998664855957,0,0,0,0,0,0,0,0,0,0,0,0,0,9.66692,6.33848
151,19.983699798583984,2.8808000087738037,7.0345001220703125,1.3804999589920044,0.5297999978065491,0.8830000162124634,4.007800102233887,0.26899999380111694,5000,5009,10000,5006,10000,10000,5000,0.2538999915122986,1.0514999628067017,1.4692000150680542,5000,0.5983999999999542,0.492,1,0.07819999999999999,0.030699999999999998,212992,15,15,0.6374,284856,0,0,10.04990005493164,4.21589994430542,1.1730999946594238,2.308799982070923,0.19300000369548798,0.1340000033378601,0,0,0,0,0,0,0,0,0,0,0,0,0,9.3432,6.25872
152,15.191200256347656,0.000699999975040555,7.533699989318848,1.2051000595092773,0.7170000076293945,0.7312999963760376,3.692500114440918,0.3540000021457672,5000,5009,10000,5006,10000,10000,5000,0.29409998655319214,0.9336000084877014,2.0357000827789307,5000,0.5156999999999595,0.4106,1,0.058899999999999994,0.027200000000000002,212992,15,15,0.4773,7712,0,0,7.641200065612793,3.717900037765503,0.9186999797821045,1.0628999471664429,0.009399999864399433,0.1356000006198883,0,0,0,0,0,0,0,0,0,0,0,0,0,9.5834,6.24004
153,22.810800552368164,4.547999858856201,9.913599967956543,1.465499997138977,2.78410005569458,1.660099983215332,4.022799968719482,0.28380000591278076,5000,5009,10000,5006,10000,10000,5000,0.2759000062942505,1.0089000463485718,1.2697999477386475,5000,0.5742999999999572,0.3801,1,0.0653,0.029400000000000003,212992,15,15,0.4613,8048,0,0,14.554900169372559,4.151400089263916,0.9337999820709229,1.2410000562667847,0.1120000034570694,0.13740000128746033,0.0056,0,0.0613,3.0196,3.1902,0.0007,0.1573,1,851206,0,0,0,4965,9.3344,6.51904
154,22.970800399780273,3.328900098800659,10.335800170898438,1.617400050163269,2.605600118637085,1.6611000299453735,3.8053998947143555,0.24699999392032623,5000,5009,10000,5006,10000,10000,5000,0.25029999017715454,0.9120000004768372,1.7472000122070312,5000,0.5895999999999558,0.4947,1,0.0656,0.0315,212992,15,15,0.4663,337848,0,0,13.756799697875977,4.120100021362305,1.0427000522613525,1.9223999977111816,0.29919999837875366,0.2371000051498413,0,0,0,0,0,0,0,0,0,0,0,0,0,9.12348,6.51336
155,16.48419952392578,0.0008999999845400453,8.993300437927246,1.0835000276565552,2.0278000831604004,1.658400058746338,3.4679999351501465,0.22020000219345093,5000,5009,10000,5006,10000,10000,5000,0.2313999980688095,0.8445000052452087,1.6675000190734863,5000,0.47529999999996403,0.4581,1,0.055400000000000005,0.0299,212992,15,15,0.4134,7712,0,0,9.108400344848633,3.5708000659942627,0.9460999965667725,1.1277999877929688,0.0885000005364418,0.1307000070810318,0,0,0,0,0,0,0,0,0,0,0,0,0,9.95312,6.2628
156,27.98539924621582,12.009900093078613,9.133500099182129,1.2965999841690063,2.1563000679016113,1.5156999826431274,3.3438000679016113,0.25999999046325684,5000,5009,10000,5006,10000,10000,5000,0.259799987077713,1.0405000448226929,1.3610999584197998,5000,0.43029999999996893,0.3235,1,0.0503,0.0252,212992,15,15,0.3759,35200,0,0,21.23979949951172,3.4665000438690186,0.7400000095367432,1.0006999969482422,0.10649999976158142,0.1290999948978424,0.0058,5.026299953460693,0.0609,2.9015,5.0497,1.9574,0.2267,1,820962,52858,5000,11314,5000,9.28192,6.09356
157,18.348100662231445,2.5683000087738037,7.723499774932861,1.0520999431610107,1.829699993133545,1.2973999977111816,2.952500104904175,0.2012999951839447,5000,5009,10000,5006,10000,10000,5000,0.23639999330043793,0.7595999836921692,1.299299955368042,5000,0.4305999999999689,0.3319,1,0.0516,0.0249,212992,15,15,0.377,274312,0,0,10.39229965209961,3.1714000701904297,0.7807000279426575,2.440500020980835,0.20679999887943268,0.1469999998807907,0,0,0,0,0,0,0,0,0,0,0,0,0,9.79908,6.24488
158,15.925600051879883,0.0007999999797903001,8.43280029296875,1.086300015449524,1.979099988937378,1.289199948310852,3.295099973678589,0.22310000658035278,5000,5009,10000,5006,10000,10000,5000,0.25099998712539673,0.8773999810218811,1.604699969291687,5000,0.4729999999999643,0.3867,1,0.0548,0.0199,212992,15,15,0.396,7712,0,0,8.543299674987793,3.3975000381469727,0.8705000281333923,1.4388999938964844,0.0892999991774559,0.13660000264644623,0,0,0,0,0,0,0,0,0,0,0,0,0,10.0274,6.43776
159,29.56839942932129,12.353599548339844,9.962400436401367,1.8393000364303589,2.612600088119507,1.6712000370025635,3.4535000324249268,0.2734000086784363,5000,5009,10000,5006,10000,10000,5000,0.26489999890327454,1.007599949836731,1.1339000463485718,5000,0.44029999999996783,0.3401,1,0.05120000000000001,0.0246,212992,15,15,0.3831,39056,0,0,22.434099197387695,3.5861001014709473,0.7773000001907349,1.1964999437332153,0.11819999665021896,0.120899997651577,0.0074,5.122499942779541,0.0637,3.2886,5.2472,1.7693,0.169,1,784186,49447,4999,10451,4999,9.21412,5.54224
160,18.81399917602539,2.433000087738037,8.536199569702148,1.094499945640564,1.9013999700546265,1.6741000413894653,3.0441999435424805,0.20919999480247498,5000,5009,10000,5006,10000,10000,5000,0.2506999969482422,0.7778000235557556,1.482800006866455,5000,0.43559999999996835,0.4055,1,0.060099999999999994,0.0269,212992,15,15,0.4131,333648,0,0,11.060799598693848,3.322700023651123,0.8561999797821045,1.9636000394821167,0.26579999923706055,0.12600000202655792,0,0,0,0,0,0,0,0,0,0,0,0,0,9.68132,6.1444
161,15.841500282287598,0.000699999975040555,8.41919994354248,1.107800006866455,2.0785000324249268,1.3490999937057495,3.362600088119507,0.22509999573230743,5000,5009,10000,5006,10000,10000,5000,0.2401999980211258,0.8837000131607056,1.4797999858856201,5000,0.5055999999999647,0.356,1,0.0576,0.0311,212992,15,15,0.4746,7712,0,0,8.501299858093262,3.4626998901367188,0.8565999865531921,1.2125999927520752,0.08799999952316284,0.13609999418258667,0,0,0,0,0,0,0,0,0,0,0,0,0,9.71692,6.40344
162,19.784299850463867,1.81850004196167,9.347599983215332,1.3574999570846558,2.178999900817871,1.4296000003814697,3.8666999340057373,0.26190000772476196,5000,5009,10000,5006,10000,10000,5000,0.2867000102996826,1.0355000495910645,1.6464999914169312,5000,0.5609999999999578,0.4252,1,0.06309999999999999,0.023600000000000003,212992,15,15,0.4943,39176,0,0,11.246199607849121,3.98580002784729,0.9861000180244446,1.5506999492645264,0.10320000350475311,0.17080000042915344,0,0,0,0,0,0,0,0,0,0,0,0,0,9.41656,6.1654
163,20.922500610351562,3.1022000312805176,7.553999900817871,1.756600022315979,0.4724999964237213,1.0363999605178833,4.31850004196167,0.2689000070095062,5000,5009,10000,5006,10000,10000,5000,0.2567000091075897,1.0333000421524048,1.4948999881744385,5000,0.6848999999999499,0.5223,1,0.0688,0.026,212992,15,15,0.724,323648,0,0,10.764399528503418,4.519800186157227,1.1937999725341797,2.035900115966797,0.18649999797344208,0.13950000703334808,0,0,0,0,0,0,0,0,0,0,0,0,0,8.7812,6.03184
164,14.726499557495117,0.0008999999845400453,6.678400039672852,1.1713999509811401,0.4575999975204468,0.7537000179290771,3.713900089263916,0.2451000064611435,5000,5009,10000,5006,10000,10000,5000,0.257999986410141,0.9685999751091003,1.7056000232696533,5000,0.5752999999999593,0.3917,1,0.063,0.039,212992,15,15,0.6127,7712,0,0,6.768199920654297,3.7344000339508057,0.9387999773025513,1.1718000173568726,0.007600000128149986,0.13500000536441803,0,0,0,0,0,0,0,0,0,0,0,0,0,9.17072,5.9714
165,23.719900131225586,4.487400054931641,9.551199913024902,1.440500020980835,2.2221999168395996,1.6506999731063843,4.966400146484375,0.29760000109672546,5000,5009,10000,5006,10000,10000,5000,0.24979999661445618,1.0928000211715698,1.4023000001907349,5000,0.6567999999999514,0.4257,1,0.0698,0.0262,212992,15,15,0.5076,8048,0,0,14.125499725341797,5.130000114440918,1.0353000164031982,1.264799952507019,0.14900000393390656,0.14219999313354492,0.0061,0,0.0628,3.0946,3.2713,0.0002,0.1648,1,748244,0,0,0,4959,8.60164,5.39468
166,21.150800704956055,2.5053000450134277,9.720399856567383,1.5160000324249268,2.447999954223633,1.673799991607666,3.655400037765503,0.3001999855041504,5000,5009,10000,5006,10000,10000,5000,0.2296999990940094,0.8935999870300293,1.4043999910354614,5000,0.5377999999999585,0.4076,1,0.061799999999999994,0.0204,212992,15,15,0.4753,276160,0,0,12.318400382995605,3.922300100326538,0.9567999839782715,2.0471999645233154,0.2531999945640564,0.14180000126361847,0,0,0,0,0,0,0,0,0,0,0,0,0,8.72984,5.3398
167,15.92710018157959,0.000699999975040555,8.520000457763672,1.1232999563217163,2.151700019836426,1.3005000352859497,3.466900110244751,0.2215999960899353,5000,5009,10000,5006,10000,10000,5000,0.272599995136261,0.8162000179290771,1.56850004196167,5000,0.47419999999996415,0.3564,1,0.0572,0.0262,212992,15,15,0.4203,7712,0,0,8.608499526977539,3.5638999938964844,0.8395000100135803,1.2252000570297241,0.08290000259876251,0.13539999723434448,0,0,0,0,0,0,0,0,0,0,0,0,0,9.626,6.09428
168,25.048900604248047,6.435299873352051,9.486000061035156,1.4190000295639038,2.404099941253662,1.5339000225067139,5.004300117492676,0.28049999475479126,5000,5009,10000,5006,10000,10000,5000,0.25369998812675476,1.0654000043869019,1.3518999814987183,5000,0.5461999999999579,0.3798,1,0.060200000000000004,0.024599999999999997,212992,15,15,0.4445,32152,0,0,16.013599395751953,5.145999908447266,0.8938000202178955,1.1276999711990356,0.1266999989748001,0.13359999656677246,0.0061,0,0.0573,2.8186,4.6264,1.6428,0.1678,1,718068,45778,4999,9628,4992,9.03212,5.66124
169,20.702999114990234,2.4293999671936035,9.518199920654297,1.2798999547958374,2.0192999839782715,1.941100001335144,3.7987000942230225,0.24940000474452972,5000,5009,10000,5006,10000,10000,5000,0.2687999904155731,1.2293000221252441,1.401900053024292,5000,0.5541999999999575,0.3812,1,0.061200000000000004,0.0252,212992,15,15,0.4706,259264,0,0,12.047800064086914,4.056099891662598,0.9120000004768372,1.7979999780654907,0.24310000240802765,0.14090000092983246,0,0,0,0,0,0,0,0,0,0,0,0,0,8.77172,5.4822
170,19.80120086669922,0.0008999999845400453,9.431699752807617,1.1687999963760376,2.0178000926971436,1.8136999607086182,5.26039981842041,0.2289000004529953,5000,5009,10000,5006,10000,10000,5000,0.24300000071525574,1.4522000551223755,1.4507999420166016,5000,0.6229999999999535,0.4915,1,0.0786,0.0242,212992,15,15,0.563,7712,0,0,9.513500213623047,5.382500171661377,1.1495000123977661,1.502500057220459,0.10719999670982361,0.15189999341964722,0,0,0,0,0,0,0,0,0,0,0,0,0,9.05452,5.70648
171,33.31740188598633,16.733800888061523,9.89579963684082,1.4874000549316406,2.971400022506714,1.6296000480651855,2.9625000953674316,0.2296999990940094,5000,5009,10000,5006,10000,10000,5000,0.21310000121593475,0.7950999736785889,1.2913000583648682,5000,0.3643999999999762,0.3468,1,0.046299999999999994,0.023299999999999998,212992,15,15,0.4229,38768,0,0,26.730899810791016,3.0504000186920166,0.7093999981880188,1.3565000295639038,0.07450000196695328,0.12210000306367874,0.0076,9.484000205993652,0.1072,3.0148,4.8799,1.6324,0.2135,1,688096,42884,4999,8982,4991,9.83884,6.31568
172,19.882299423217773,2.3743999004364014,9.144499778747559,1.6441999673843384,1.9875999689102173,1.4117000102996826,3.366300106048584,0.31130000948905945,5000,5009,10000,5006,10000,10000,5000,0.2782000005245209,0.7350000143051147,1.427899956703186,5000,0.40979999999997135,0.4488,1,0.0583,0.029400000000000003,212992,15,15,0.5115,219208,0,0,11.60770034790039,3.6149001121520996,0.9616000056266785,1.993499994277954,0.23270000517368317,0.11389999836683273,0,0,0,0,0,0,0,0,0,0,0,0,0,10.57796,7.22548
173,15.940400123596191,0.000699999975040555,9.109299659729004,1.0753999948501587,2.314199924468994,1.2863999605178833,3.148900032043457,0.21170000731945038,5000,5009,10000,5006,10000,10000,5000,0.26820001006126404,0.7910000085830688,1.9541000127792358,5000,0.39939999999997233,0.3746,1,0.05129999999999999,0.026000000000000002,212992,15,15,0.4597,7712,0,0,9.200300216674805,3.242799997329712,0.8165000081062317,1.0664000511169434,0.08089999854564667,0.1264999955892563,0,0,0,0,0,0,0,0,0,0,0,0,0,10.25692,6.3522
174,16.58449935913086,1.9423999786376953,7.75570011138916,1.0164999961853027,1.9599000215530396,1.2960000038146973,3.1024999618530273,0.20960000157356262,5000,5009,10000,5006,10000,10000,5000,0.19609999656677246,0.7800999879837036,1.2990000247955322,5000,0.446099999999969,0.368,1,0.05270000000000001,0.0231,212992,15,15,0.4357,37456,0,0,9.793700218200684,3.1967999935150146,0.8266000151634216,1.1313999891281128,0.07980000227689743,0.1136000007390976,0,0,0,0,0,0,0,0,0,0,0,0,0,10.45356,6.84956
175,17.95680046081543,2.6949000358581543,7.16480016708374,1.248900055885315,0.7716000080108643,0.9531000256538391,3.2941999435424805,0.31450000405311584,5000,5009,10000,5006,10000,10000,5000,0.24580000340938568,0.8471999764442444,1.506100058555603,5000,0.4732999999999642,0.3794,1,0.05489999999999999,0.0239,212992,15,15,0.4137,343760,0,0,9.94159984588623,3.484600067138672,0.8608999848365784,2.0095999240875244,0.17790000140666962,0.12970000505447388,0,0,0,0,0,0,0,0,0,0,0,0,0,10.45796,6.78576
176,15.181500434875488,0.000699999975040555,6.639900207519531,1.2026000022888184,0.6611999869346619,0.6043999791145325,4.486499786376953,0.2515000104904175,5000,5009,10000,5006,10000,10000,5000,0.2363000065088272,1.2482000589370728,1.3424999713897705,5000,0.5265999999999595,0.377,1,0.060300000000000006,0.025099999999999997,212992,15,15,0.4622,7712,0,0,6.7241997718811035,4.512800216674805,0.9199000000953674,1.195099949836731,0.009499999694526196,0.11990000307559967,0,0,0,0,0,0,0,0,0,0,0,0,0,10.31256,6.9278
177,25.040000915527344,4.1768999099731445,11.67609977722168,2.030400037765503,3.090100049972534,2.049999952316284,4.1244001388549805,0.4221000075340271,5000,5009,10000,5006,10000,10000,5000,0.2718000113964081,1.027500033378601,1.361799955368042,5000,0.579799999999956,0.5689,1,0.0885,0.0356,212992,15,15,0.6225,8048,0,0,15.949000358581543,4.261499881744385,1.2273999452590942,1.4300999641418457,0.12080000340938568,0.1339000016450882,0.0062,0,0.0632,2.6961,2.8714,0.0006,0.1577,1,659294,0,0,0,4942,9.74844,6.5946
178,24.133699417114258,2.859100103378296,11.749799728393555,1.5898000001907349,3.020699977874756,1.8458000421524048,4.198200225830078,0.3603000044822693,5000,5009,10000,5006,10000,10000,5000,0.2980000078678131,1.038699984550476,2.2304999828338623,5000,0.5785999999999566,0.4442,1,0.067,0.0237,212992,15,15,0.5025,291944,0,0,14.711799621582031,4.488900184631348,0.9659000039100647,1.9742000102996826,0.2678999900817871,0.12890000641345978,0,0,0,0,0,0,0,0,0,0,0,0,0,9.12796,6.50388
179,17.292600631713867,0.000699999975040555,9.630900382995605,1.3286999464035034,2.466099977493286,1.4081000089645386,3.7037999629974365,0.22930000722408295,5000,5009,10000,5006,10000,10000,5000,0.2727999985218048,1.2338000535964966,1.5819000005722046,5000,0.4677999999999648,0.3808,1,0.056600000000000004,0.0254,212992,15,15,0.423,7712,0,0,9.713199615478516,3.803299903869629,0.8745999932289124,1.2037999629974365,0.0812000036239624,0.1404000073671341,0,0,0,0,0,0,0,0,0,0,0,0,0,9.61684,6.13632
180,23.00349998474121,5.905300140380859,8.997099876403809,1.3014999628067017,2.29830002784729,1.460800051689148,3.785900115966797,0.25929999351501465,5000,5009,10000,5006,10000,10000,5000,0.24650000035762787,0.9628000259399414,1.246999979019165,5000,0.52229999999996,0.4458,1,0.0637,0.027,212992,15,15,0.5689,32760,0,0,14.988499641418457,3.910099983215332,0.9800999760627747,1.1517000198364258,0.10939999669790268,0.13079999387264252,0.006,0,0.062,2.4983,4.0489,1.3854,0.1646,1,635158,40018,4998,8325,4996,9.4008,5.81584
181,19.618600845336914,2.572200059890747,8.949199676513672,1.2181999683380127,2.03629994392395,1.7956000566482544,3.0992000102996826,0.2142000049352646,5000,5009,10000,5006,10000,10000,5000,0.26339998841285706,0.8497999906539917,1.444599986076355,5000,0.4329999999999687,0.4117,1,0.054299999999999994,0.024,212992,15,15,0.4561,287184,0,0,11.617799758911133,3.3355000019073486,0.8586999773979187,2.1486001014709473,0.22390000522136688,0.13099999725818634,0,0,0,0,0,0,0,0,0,0,0,0,0,10.22764,7.0788
182,17.267499923706055,0.0008999999845400453,9.862899780273438,1.6819000244140625,2.2946999073028564,1.826300024986267,3.15310001373291,0.24860000610351562,5000,5009,10000,5006,10000,10000,5000,0.1956000030040741,0.8269000053405762,1.5952999591827393,5000,0.4410999999999678,0.4593,1,0.0531,0.020999999999999998,212992,15,15,0.5305,7712,0,0,9.949799537658691,3.240000009536743,1.125599980354309,1.205299973487854,0.07329999655485153,0.11590000241994858,0,0,0,0,0,0,0,0,0,0,0,0,0,10.9704,6.93052
183,29.45240020751953,12.114299774169922,9.864999771118164,1.4239000082015991,2.192699909210205,2.2381999492645264,3.4007999897003174,0.25200000405311584,5000,5009,10000,5006,10000,10000,5000,0.24079999327659607,0.9146000146865845,1.514799952507019,5000,0.5393999999999676,0.3522,1,0.060300000000000006,0.0289,212992,15,15,0.474,40240,0,0,22.07939910888672,3.5023999214172363,0.7820000052452087,1.1361000537872314,0.08810000121593475,0.10760000348091125,0.0061,6.060500144958496,0.0604,2.3486,4.0823,1.564,0.1819,1,608934,37892,4998,7839,4993,10.72828,7.81132
184,22.867599487304688,5.619999885559082,9.305100440979004,1.4563000202178955,2.046600103378296,1.5723999738693237,3.118799924850464,0.32670000195503235,5000,5009,10000,5006,10000,10000,5000,0.2168000042438507,0.8133000135421753,1.688599944114685,5000,0.43219999999997044,0.3863,1,0.05149999999999999,0.022900000000000004,212992,15,15,0.4055,309824,1,0,15.022199630737305,3.368000030517578,0.8596000075340271,2.0488998889923096,0.23510000109672546,0.12620000541210175,0,0,0,0,0,0,0,0,0,0,0,0,0,10.89344,7.12356
185,15.811100006103516,0.0007999999797903001,8.623900413513184,1.1407999992370605,2.1698999404907227,1.309999942779541,3.031399965286255,0.2207999974489212,5000,5009,10000,5006,10000,10000,5000,0.26759999990463257,0.9014000296592712,1.5401999950408936,5000,0.41569999999997054,0.4929,1,0.051300000000000005,0.0235,212992,15,15,0.4376,12424,0,0,8.769200325012207,3.11929988861084,1.0259000062942505,1.3186999559402466,0.0746999979019165,0.11819999665021896,0,0,0,0,0,0,0,0,0,0,0,0,0,11.25108,7.31988
186,18.47879981994629,1.7182999849319458,9.376899719238281,1.5259000062942505,2.3796000480651855,1.3593000173568726,3.415299892425537,0.2485000044107437,5000,5009,10000,5006,10000,10000,5000,0.2515000104904175,0.8866999745368958,1.63100004196167,5000,0.4539999999999663,0.3751,1,0.0572,0.019,212992,15,15,0.4237,51152,0,0,11.183099746704102,3.5132999420166016,0.8479999899864197,1.2446999549865723,0.08269999921321869,0.15469999611377716,0,0,0,0,0,0,0,0,0,0,0,0,0,11.2774,7.40784
187,19.70669937133789,2.6807000637054443,8.662799835205078,2.14490008354187,0.8467000126838684,0.9261000156402588,3.433000087738037,0.25440001487731934,5000,5009,10000,5006,10000,10000,5000,0.2538999915122986,1.0702999830245972,1.6794999837875366,5000,0.48159999999996334,0.3883,1,0.0566,0.0241,212992,15,15,0.4266,264712,0,0,11.433300018310547,3.5952000617980957,0.8707000017166138,2.087899923324585,0.14749999344348907,0.13779999315738678,0,0,0,0,0,0,0,0,0,0,0,0,0,10.90168,7.33852
188,15.72070026397705,0.000699999975040555,7.934100151062012,1.312399983406067,0.7674000263214111,0.8970999717712402,3.6015000343322754,0.2572999894618988,5000,5009,10000,5006,10000,10000,5000,0.38370001316070557,0.9383999705314636,2.0743000507354736,5000,0.5056999999999607,0.4311,1,0.059800000000000006,0.026099999999999998,212992,15,15,0.5295,7712,0,0,8.04170036315918,3.6226999759674072,0.9937000274658203,1.1304999589920044,0.008100000210106373,0.13930000364780426,0,0,0,0,0,0,0,0,0,0,0,0,0,10.65816,7.0818
189,22.70669937133789,4.009300231933594,10.126299858093262,1.9529000520706177,2.255000114440918,1.7532999515533447,3.706700086593628,0.272599995136261,5000,5009,10000,5006,10000,10000,5000,0.2581999897956848,0.9185000061988831,1.4067000150680542,5000,0.5307999999999592,0.4704,1,0.0608,0.0283,212992,15,15,0.4772,8048,0,0,14.25529956817627,3.837599992752075,1.0608999729156494,1.6396000385284424,0.11680000275373459,0.15440000593662262,0.0061,0,0.0589,2.4837,2.6574,0.0002,0.1562,1,584886,0,0,0,4935,10.30656,6.871
190,22.85930061340332,2.410799980163574,9.886699676513672,1.3774000406265259,2.1984000205993652,1.9214999675750732,4.2230000495910645,0.2718999981880188,5000,5009,10000,5006,10000,10000,5000,0.29580000042915344,0.9412000179290771,1.6546000242233276,5000,0.5359999999999588,0.4087,1,0.061,0.0255,212992,15,15,0.6309,225872,0,0,12.392200469970703,4.4720001220703125,0.9779000282287598,2.9451000690460205,0.2329999953508377,0.14579999446868896,0,0,0,0,0,0,0,0,0,0,0,0,0,10.06336,6.66724
191,18.535900115966797,0.0007999999797903001,10.115799903869629,1.3051999807357788,2.2507998943328857,1.8727999925613403,3.9937000274658203,0.3529999852180481,5000,5009,10000,5006,10000,10000,5000,0.2847999930381775,0.9979000091552734,1.8277000188827515,5000,0.5370999999999593,0.4096,1,0.059800000000000006,0.023700000000000002,212992,15,15,0.4638,7712,0,0,10.210100173950195,4.099699974060059,0.9574999809265137,1.3294999599456787,0.08940000087022781,0.16509999334812164,0,0,0,0,0,0,0,0,0,0,0,0,0,9.88924,6.47344
192,26.443300247192383,6.4475998878479,11.839400291442871,2.1484999656677246,2.900399923324585,1.558500051498413,4.178699970245361,0.4196999967098236,5000,5009,10000,5006,10000,10000,5000,0.30329999327659607,1.0819000005722046,1.7108999490737915,5000,0.500799999999963,0.38,1,0.0682,0.0311,212992,15,15,0.4927,41048,0,0,18.377300262451172,4.289100170135498,0.8241000175476074,1.0806000232696533,0.09390000253915787,0.13439999520778656,0.0064,0,0.0619,2.4681,4.3814,1.7247,0.1864,1,564964,35543,4997,7401,4991,8.96972,6.37936
193,21.447399139404297,2.248300075531006,8.084500312805176,1.1125999689102173,1.8890000581741333,1.3555999994277954,4.397299766540527,0.22380000352859497,5000,5009,10000,5006,10000,10000,5000,0.2572999894618988,0.8495000004768372,1.330399990081787,5000,0.5748999999999567,0.4681,1,0.0699,0.0291,212992,15,15,0.5392,304080,0,0,10.412400245666504,4.72160005569458,1.0743999481201172,3.1494998931884766,0.3109000027179718,0.14159999787807465,0,0,0,0,0,0,0,0,0,0,0,0,0,9.05756,5.61808
194,16.50160026550293,0.0007999999797903001,9.347399711608887,1.218999981880188,1.90910005569458,1.5566999912261963,3.2901999950408936,0.2199999988079071,5000,5009,10000,5006,10000,10000,5000,0.19979999959468842,1.3380000591278076,1.7110999822616577,5000,0.457099999999966,0.3858,1,0.05510000000000001,0.0255,212992,15,15,0.4452,7712,0,0,9.45460033416748,3.3898000717163086,0.8389999866485596,1.1267000436782837,0.08139999955892563,0.13289999961853027,0,0,0,0,0,0,0,0,0,0,0,0,0,9.97872,6.29616
195,31.540199279785156,13.917200088500977,10.416299819946289,2.371000051498413,2.251800060272217,1.4528000354766846,2.99180006980896,0.39640000462532043,5000,5009,10000,5006,10000,10000,5000,0.26030001044273376,0.8303999900817871,1.4253000020980835,5000,0.3888999999999736,0.3654,1,0.04909999999999999,0.0248,212992,15,15,0.3985,40160,0,0,24.42889976501465,3.1013998985290527,0.7674999833106995,1.0234999656677246,0.09449999779462814,0.8360999822616577,0.006,5.177700042724609,0.0762,2.5785,6.7917,4.0138,0.1993,1,543560,34195,4997,7027,4986,10.65996,6.97152
196,20.532499313354492,2.2486000061035156,10.48009967803955,2.077399969100952,3.1338999271392822,1.4394999742507935,2.9505999088287354,0.2087000012397766,5000,5009,10000,5006,10000,10000,5000,0.21459999680519104,0.7677000164985657,1.4156999588012695,5000,0.4068999999999715,0.4015,1,0.049600000000000005,0.0242,212992,15,15,0.4819,281984,0,0,12.807299613952637,3.186500072479248,0.8367999792098999,2.1019999980926514,0.22220000624656677,0.10809999704360962,0,0,0,0,0,0,0,0,0,0,0,0,0,11.09768,7.08956
197,17.805200576782227,0.000699999975040555,9.761300086975098,1.3938000202178955,2.1182000637054443,2.0934998989105225,3.55049991607666,0.21729999780654907,5000,5009,10000,5006,10000,10000,5000,0.30250000953674316,1.1308000087738037,1.4226000308990479,5000,0.4463999999999674,0.6336,1,0.0673,0.0304,212992,15,15,0.5901,7712,0,0,9.850099563598633,3.641700029373169,1.1059000492095947,1.3623000383377075,0.07460000365972519,0.1281999945640564,0,0,0,0,0,0,0,0,0,0,0,0,0,11.42428,7.5456
198,20.71500015258789,1.7647000551223755,11.265899658203125,1.965399980545044,3.3299999237060547,1.4651000499725342,3.40310001373291,0.36660000681877136,5000,5009,10000,5006,10000,10000,5000,0.24390000104904175,0.8840000033378601,1.563599944114685,5000,0.4701999999999646,0.4423,1,0.05660000000000001,0.028399999999999998,212992,15,15,0.5077,33112,0,0,13.129400253295898,3.4946999549865723,0.9280999898910522,1.3809000253677368,0.07829999923706055,0.13009999692440033,0,0,0,0,0,0,0,0,0,0,0,0,0,11.35804,7.45912
199,21.6471004486084,3.9175000190734863,7.469900131225586,1.4026999473571777,0.6413000226020813,1.252500057220459,3.477400064468384,0.2574000060558319,5000,5009,10000,5006,10000,10000,5000,0.24310000240802765,0.8784000277519226,1.5956000089645386,5000,0.4862999999999629,0.6296,1,0.0675,0.0252,212992,15,15,0.8184,335360,0,0,11.501099586486816,3.682300090789795,1.3238999843597412,2.9637999534606934,0.19140000641345978,0.15060000121593475,0,0,0,0,0,0,0,0,0,0,0,0,0,11.3496,7.43484
200,19.304000854492188,0.0010999999940395355,10.093000411987305,2.122999906539917,1.0127999782562256,0.7980999946594238,4.690700054168701,0.3671000003814697,5000,5009,10000,5006,10000,10000,5000,0.23739999532699585,1.5938999652862549,2.3125,5000,0.5115999999999619,0.4885,1,0.0714,0.032,212992,15,15,0.5559,7712,0,0,10.200799942016602,4.722899913787842,1.1165000200271606,1.2989000082015991,0.009399999864399433,0.12870000302791595,0,0,0,0,0,0,0,0,0,0,0,0,0,11.2066,7.50692
201,22.81570053100586,3.686199903488159,11.258399963378906,2.2165000438690186,2.490999937057495,1.9185999631881714,3.6050000190734863,0.3788999915122986,5000,5009,10000,5006,10000,10000,5000,0.30160000920295715,0.909500002861023,1.631100058555603,5000,0.49969999999996134,0.4015,1,0.062299999999999994,0.0262,212992,15,15,0.5132,8048,0,0,15.059499740600586,3.7218000888824463,0.9092000126838684,1.2792999744415283,0.1031000018119812,0.1324000060558319,0.0062,0,0.0474,2.2182,2.3638,0.0002,0.1569,1,523594,0,0,0,4923,10.90064,7.17892
202,23.756900787353516,2.685800075531006,10.453499794006348,1.3480000495910645,2.1658999919891357,1.8415000438690186,3.4818999767303467,0.23319999873638153,5000,5009,10000,5006,10000,10000,5000,0.335999995470047,1.1411000490188599,2.049999952316284,5000,0.46989999999996485,1.5268,1,0.055600000000000004,0.0254,212992,15,15,0.6102,269432,0,0,13.232500076293945,3.7502999305725098,2.055299997329712,2.835700035095215,0.2531000077724457,0.13600000739097595,0,0,0,0,0,0,0,0,0,0,0,0,0,10.93408,7.30572
203,19.315200805664062,0.000699999975040555,8.980400085449219,1.0906000137329102,2.0611000061035156,1.7440999746322632,3.602799892425537,0.22310000658035278,5000,5009,10000,5006,10000,10000,5000,0.3003000020980835,0.8471999764442444,1.6102999448776245,5000,0.6183999999999531,0.5342,1,0.07250000000000001,0.0293,212992,15,15,0.6445,7712,0,0,9.0625,3.747999906539917,1.170699954032898,1.2914999723434448,0.12800000607967377,1.8430999517440796,0,0,0,0,0,0,0,0,0,0,0,0,0,11.5148,7.57288
204,27.952899932861328,8.012200355529785,11.365500450134277,2.291800022125244,3.0434999465942383,1.9950000047683716,4.286600112915039,0.24300000071525574,5000,5009,10000,5006,10000,10000,5000,0.295199990272522,0.9099000096321106,1.2767000198364258,5000,0.46329999999996535,0.4705,1,0.055099999999999996,0.026199999999999998,212992,15,15,0.5241,39920,0,0,19.47559928894043,4.408599853515625,0.954200029373169,1.3194999694824219,0.1054999977350235,0.13500000536441803,0.006,0,0.0438,2.0913,5.8408,3.5637,0.2062,1,509748,32598,4997,6779,4985,11.66408,7.63584
205,20.537399291992188,2.335200071334839,8.879899978637695,1.1729999780654907,2.025399923324585,1.680899977684021,3.618299961090088,0.21539999544620514,5000,5009,10000,5006,10000,10000,5000,0.23749999701976776,0.9775999784469604,1.455299973487854,5000,0.45209999999996847,0.4516,1,0.07120000000000001,0.0293,212992,15,15,0.6131,248952,0,0,11.315600395202637,3.8845999240875244,0.90420001745224,2.563499927520752,0.2506999969482422,0.1395999938249588,0,0,0,0,0,0,0,0,0,0,0,0,0,11.92364,7.94196
206,18.2726993560791,0.0007999999797903001,9.144200325012207,1.1198999881744385,2.149600028991699,1.5427000522613525,4.132299900054932,0.29339998960494995,5000,5009,10000,5006,10000,10000,5000,0.3012000024318695,0.8313999772071838,1.7000000476837158,5000,0.560099999999958,0.5281,1,0.0813,0.031,212992,15,15,0.5462,7712,0,0,9.231599807739258,4.250199794769287,1.1332000494003296,1.5118000507354736,0.10029999911785126,0.1509000062942505,0,0,0,0,0,0,0,0,0,0,0,0,0,11.7626,7.68508
207,29.90880012512207,12.265899658203125,9.15779972076416,1.337399959564209,2.2643001079559326,1.5657999515533447,3.493299961090088,0.2533000111579895,5000,5009,10000,5006,10000,10000,5000,0.24729999899864197,0.9368000030517578,1.458400011062622,5000,0.4904999999999627,0.5112,1,0.05739999999999999,0.0263,212992,15,15,0.553,42088,0,0,21.525299072265625,3.6285998821258545,1.1805000305175781,1.527999997138977,0.12039999663829803,0.26409998536109924,0.0073,6.849299907684326,0.0429,1.9339,3.2776,1.2166,0.1959,1,493266,31287,4997,6378,4983,11.3986,7.39072
208,28.106399536132812,4.155799865722656,12.337499618530273,1.8659000396728516,3.296299934387207,2.0889999866485596,5.1006999015808105,0.3034000098705292,5000,5009,10000,5006,10000,10000,5000,0.21330000460147858,1.5155999660491943,1.7014000415802002,5000,0.5518999999999584,0.4351,1,0.06459999999999999,0.0298,212992,15,15,0.5205,375728,0,0,16.60540008544922,5.452400207519531,1.093500018119812,2.9082000255584717,0.3321000039577484,0.13189999759197235,0,0,0,0,0,0,0,0,0,0,0,0,0,11.6326,8.12316
209,19.656700134277344,0.000699999975040555,11.654500007629395,1.8827999830245972,3.28410005569458,1.537600040435791,3.7957000732421875,0.34220001101493835,5000,5009,10000,5006,10000,10000,5000,0.2773999869823456,0.8166000247001648,2.0383999347686768,5000,0.4206999999999701,0.4736,1,0.052199999999999996,0.0247,212992,15,15,0.4728,7712,0,0,11.751899719238281,3.883500099182129,0.9320999979972839,1.4423999786376953,0.07259999960660934,0.125900000333786,0,0,0,0,0,0,0,0,0,0,0,0,0,11.38692,7.56532
210,18.933700561523438,2.1637001037597656,9.678799629211426,1.240399956703186,2.735100030899048,1.4636000394821167,3.2316999435424805,0.3070000112056732,5000,5009,10000,5006,10000,10000,5000,0.23409999907016754,0.8590999841690063,1.6208000183105469,5000,0.4430999999999677,0.3671,1,0.0526,0.0254,212992,15,15,0.4735,38096,0,0,11.945899963378906,3.3173999786376953,0.8287000060081482,1.1505999565124512,0.0706000030040741,0.10909999907016754,0,0,0,0,0,0,0,0,0,0,0,0,0,11.52732,7.59468
211,20.631399154663086,2.265000104904175,7.590799808502197,1.282099962234497,0.5234000086784363,0.989300012588501,4.9720001220703125,0.2304999977350235,5000,5009,10000,5006,10000,10000,5000,0.25040000677108765,1.6495000123977661,1.5259000062942505,5000,0.5040999999999609,0.4634,1,0.06889999999999999,0.0283,212992,15,15,0.4972,220208,0,0,9.938599586486816,5.197999954223633,1.0885000228881836,2.525599956512451,0.2070000022649765,0.12759999930858612,0,0,0,0,0,0,0,0,0,0,0,0,0,10.98524,7.36112
212,14.285599708557129,0.0007999999797903001,6.436399936676025,1.1469000577926636,0.4738999903202057,0.5965999960899353,3.8331000804901123,0.24140000343322754,5000,5009,10000,5006,10000,10000,5000,0.22509999573230743,0.9122999906539917,1.6858999729156494,5000,0.5035999999999612,0.3859,1,0.05689999999999999,0.0195,212992,15,15,0.5368,7712,0,0,6.524799823760986,3.8552000522613525,0.8680999875068665,1.101099967956543,0.009399999864399433,0.1290999948978424,0,0,0,0,0,0,0,0,0,0,0,0,0,10.69536,7.1786
213,24.61319923400879,3.4240000247955322,9.744600296020508,1.274399995803833,2.102099895477295,2.0148000717163086,5.979599952697754,0.2542000114917755,5000,5009,10000,5006,10000,10000,5000,0.22669999301433563,1.7111999988555908,1.0455000400543213,5000,0.6534999999999519,0.541,1,0.0778,0.0345,212992,15,15,0.5914,8048,0,0,13.265700340270996,6.135000228881836,1.2316999435424805,1.579200029373169,0.1356000006198883,0.18569999933242798,0.0062,0,0.0467,2.0674,2.2061,0.0001,0.1421,1,475966,0,0,0,4909,10.01636,6.84652
214,24.537099838256836,2.797100067138672,11.02649974822998,1.4785000085830688,2.242000102996826,1.9819999933242798,4.467599868774414,0.2727999985218048,5000,5009,10000,5006,10000,10000,5000,0.30480000376701355,1.215499997138977,2.161099910736084,5000,0.5749999999999563,0.4376,1,0.0641,0.0272,212992,15,15,0.5312,322696,0,0,13.94279956817627,4.817800045013428,0.9986000061035156,2.714400053024292,0.3330000042915344,0.11999999731779099,0,0,0,0,0,0,0,0,0,0,0,0,0,9.33784,6.72896
215,16.986099243164062,0.0008999999845400453,9.148699760437012,1.21589994430542,2.091099977493286,1.3717999458312988,3.7172999382019043,0.23100000619888306,5000,5009,10000,5006,10000,10000,5000,0.2549000084400177,1.198199987411499,1.697100043296814,5000,0.4795999999999635,0.4062,1,0.05729999999999999,0.038400000000000004,212992,15,15,0.5065,7712,0,0,9.236700057983398,3.8118999004364014,0.9157999753952026,1.1963000297546387,0.07810000330209732,0.13349999487400055,0,0,0,0,0,0,0,0,0,0,0,0,0,9.76556,6.33884
216,28.622900009155273,10.722800254821777,10.493300437927246,1.3867000341415405,2.3624000549316406,2.113100051879883,3.739500045776367,0.2768999934196472,5000,5009,10000,5006,10000,10000,5000,0.27649998664855957,1.6132999658584595,1.3028000593185425,5000,0.43389999999996853,0.3575,1,0.0515,0.019200000000000002,212992,15,15,0.4379,27024,0,0,21.30340003967285,3.865999937057495,0.7720999717712402,1.0795999765396118,0.1096000000834465,0.11729999631643295,0.006,5.197299957275391,0.0433,2.141,3.5759,1.292,0.1934,1,463908,29897,4996,6189,4979,9.07316,5.93608
217,18.215999603271484,2.1705000400543213,8.249300003051758,1.0871000289916992,1.9658000469207764,1.6921000480651855,2.9776999950408936,0.20440000295639038,5000,5009,10000,5006,10000,10000,5000,0.26089999079704285,0.7448999881744385,1.271299958229065,5000,0.42479999999996954,0.326,1,0.0514,0.0248,212992,15,15,0.4052,267016,0,0,10.507100105285645,3.2100000381469727,0.7578999996185303,2.188699960708618,0.22040000557899475,0.13259999454021454,0,0,0,0,0,0,0,0,0,0,0,0,0,9.81668,6.12992
218,17.220500946044922,0.000699999975040555,9.56410026550293,1.2596999406814575,2.048799991607666,2.0803000926971436,3.2307000160217285,0.23770000040531158,5000,5009,10000,5006,10000,10000,5000,0.2110999971628189,0.9688000082969666,1.587499976158142,5000,0.4630999999999667,0.488,1,0.05439999999999999,0.0263,212992,15,15,0.4848,7712,0,0,9.664400100708008,3.320199966430664,1.0563000440597534,1.4333000183105469,0.07590000331401825,0.1354999989271164,0,0,0,0,0,0,0,0,0,0,0,0,0,10.72944,6.87484
219,32.64830017089844,12.648300170898438,10.75979995727539,1.3410999774932861,2.8331000804901123,1.9134999513626099,4.723999977111816,0.25440001487731934,5000,5009,10000,5006,10000,10000,5000,0.2863999903202057,1.551200032234192,1.437000036239624,5000,0.4868999999999635,0.4023,1,0.061000000000000006,0.0317,212992,15,15,0.5171,45240,0,0,23.509199142456055,4.856100082397461,0.9373999834060669,1.4020999670028687,0.1137000024318695,0.1324000060558319,0.0059,6.941500186920166,0.0598,2.1221,3.5914,1.292,0.1904,1,449708,28551,4996,5773,4980,10.88136,7.41596
220,22.827499389648438,3.4951999187469482,10.831600189208984,1.8241000175476074,3.2100000381469727,1.417099952697754,3.092099905014038,0.20890000462532043,5000,5009,10000,5006,10000,10000,5000,0.21449999511241913,0.7576000094413757,1.906999945640564,5000,0.42799999999996924,0.4331,1,0.05090000000000001,0.020999999999999998,212992,15,15,0.5597,239408,0,0,14.437800407409668,3.3178999423980713,0.8539000153541565,2.4540998935699463,0.21240000426769257,0.12939999997615814,0,0,0,0,0,0,0,0,0,0,0,0,0,11.16828,7.74792
221,19.813100814819336,0.0010000000474974513,11.500900268554688,1.7131999731063843,3.01200008392334,1.6823999881744385,4.421800136566162,0.3384999930858612,5000,5009,10000,5006,10000,10000,5000,0.2718000113964081,1.0299999713897705,1.9651999473571777,5000,0.44009999999996746,0.491,1,0.052,0.023,212992,15,15,0.4425,7712,0,0,11.608699798583984,4.5457000732421875,0.9556999802589417,1.0954999923706055,0.10580000281333923,0.1080000028014183,0,0,0,0,0,0,0,0,0,0,0,0,0,11.50428,7.45848
222,20.10140037536621,1.5335999727249146,8.375100135803223,1.2972999811172485,2.088200092315674,1.2802000045776367,5.196499824523926,0.2190999984741211,5000,5009,10000,5006,10000,10000,5000,0.23639999330043793,0.8589000105857849,1.3513000011444092,5000,0.5924999999999562,0.5072,1,0.0699,0.0338,212992,15,15,0.5253,37424,0,0,9.993900299072266,5.302599906921387,1.1227999925613403,1.5313999652862549,0.09000000357627869,0.1525000035762787,0,0,0,0,0,0,0,0,0,0,0,0,0,11.14504,7.48468
223,22.135799407958984,3.1159000396728516,9.221699714660645,1.9940999746322632,0.6449000239372253,1.0283000469207764,4.171000003814697,0.36730000376701355,5000,5009,10000,5006,10000,10000,5000,0.2655999958515167,1.337399959564209,2.03629994392395,5000,0.5100999999999611,0.407,1,0.058499999999999996,0.0248,212992,15,15,0.4388,264120,0,0,12.443400382995605,4.358500003814697,0.9322999715805054,2.6451001167297363,0.1615000069141388,0.1216999962925911,0,0,0,0,0,0,0,0,0,0,0,0,0,10.93364,7.17368
224,13.931300163269043,0.0008999999845400453,6.576900005340576,1.2237999439239502,0.5550000071525574,0.5927000045776367,3.434799909591675,0.24089999496936798,5000,5009,10000,5006,10000,10000,5000,0.2572999894618988,0.8726000189781189,1.655400037765503,5000,0.4933999999999635,0.3375,1,0.055700000000000006,0.0215,212992,15,15,0.4286,7712,0,0,6.658400058746338,3.4546000957489014,0.8235999941825867,1.2416000366210938,0.007400000002235174,0.16200000047683716,0,0,0,0,0,0,0,0,0,0,0,0,0,10.5668,7.09932
225,24.866500854492188,4.298500061035156,12.192700386047363,2.1796998977661133,2.9560000896453857,1.5980000495910645,4.049799919128418,0.3910999894142151,5000,5009,10000,5006,10000,10000,5000,0.29019999504089355,1.3950999975204468,1.8177000284194946,5000,0.5428999999999592,0.4647,1,0.0728,0.028900000000000002,212992,15,15,0.4342,8048,0,0,16.598499298095703,4.18209981918335,0.9998999834060669,1.232699990272522,0.11540000140666962,0.12839999794960022,0.0077,0,0.0647,2.7186,2.9433,0.0002,0.1736,1,435768,0,0,0,4890,10.30352,6.8316
226,23.915300369262695,3.127000093460083,11.18970012664795,2.204400062561035,2.8984999656677246,1.6335999965667725,3.811300039291382,0.2653999924659729,5000,5009,10000,5006,10000,10000,5000,0.28690001368522644,0.9276999831199646,1.6174999475479126,5000,0.5349999999999592,0.4312,1,0.062000000000000006,0.0254,212992,15,15,0.4882,334448,0,0,14.410300254821777,4.0903000831604,0.9663000106811523,2.5645999908447266,0.26460000872612,0.12890000641345978,0,0,0,0,0,0,0,0,0,0,0,0,0,9.67148,6.61972
227,19.124399185180664,0.0007999999797903001,10.066100120544434,1.1318000555038452,2.126499891281128,1.8504999876022339,4.783199787139893,0.21899999678134918,5000,5009,10000,5006,10000,10000,5000,0.29809999465942383,1.6186000108718872,1.6164000034332275,5000,0.46299999999996533,0.3607,1,0.0551,0.025500000000000002,212992,15,15,0.4609,7712,0,0,10.168000221252441,4.877600193023682,0.8722000122070312,1.4878000020980835,0.07479999959468842,0.1467999964952469,0,0,0,0,0,0,0,0,0,0,0,0,0,10.53384,6.70352
228,21.16670036315918,4.587600231170654,9.201499938964844,1.5240000486373901,2.0648000240325928,1.5830999612808228,3.444499969482422,0.3407999873161316,5000,5009,10000,5006,10000,10000,5000,0.2646999955177307,0.8657000064849854,1.2062000036239624,5000,0.47559999999996405,0.3989,1,0.0661,0.018799999999999997,212992,15,15,0.4007,32512,0,0,13.890299797058105,3.564199924468994,0.8712999820709229,1.1579999923706055,0.10639999806880951,0.12680000066757202,0.006,0,0.0502,1.7424,2.9977,1.1173,0.1574,1,427236,27614,4995,5669,4978,10.6056,7.16152
229,21.275800704956055,2.2262001037597656,9.061100006103516,1.243399977684021,2.023200035095215,1.8547999858856201,4.080999851226807,0.22220000624656677,5000,5009,10000,5006,10000,10000,5000,0.29789999127388,0.8866999745368958,1.42739999294281,5000,0.464199999999966,0.3929,1,0.054400000000000004,0.0266,212992,15,15,0.4617,265896,0,0,11.37279987335205,4.327899932861328,0.8561000227928162,2.9335999488830566,0.2321999967098236,0.20810000598430634,0,0,0,0,0,0,0,0,0,0,0,0,0,10.9846,7.07524
230,17.593000411987305,0.0008999999845400453,10.095100402832031,1.350100040435791,2.2207999229431152,1.6473000049591064,3.3801000118255615,0.34779998660087585,5000,5009,10000,5006,10000,10000,5000,0.2646999955177307,0.8702999949455261,1.8365000486373901,5000,0.4650999999999655,0.3949,1,0.055900000000000005,0.026099999999999998,212992,15,15,0.4454,7712,0,0,10.209099769592285,3.4730000495910645,0.8672999739646912,1.3066999912261963,0.07800000160932541,0.1356000006198883,0,0,0,0,0,0,0,0,0,0,0,0,0,11.55044,7.48516
231,27.499500274658203,10.081100463867188,9.365799903869629,1.2035000324249268,2.1145999431610107,1.902400016784668,3.696199893951416,0.2393999993801117,5000,5009,10000,5006,10000,10000,5000,0.27970001101493835,0.9750000238418579,1.5372999906539917,5000,0.5109999999999604,0.3876,1,0.058399999999999994,0.027200000000000002,212992,15,15,0.4401,35448,0,0,19.530500411987305,3.8155999183654785,0.871999979019165,1.3650000095367432,0.10580000281333923,0.23389999568462372,0.0063,5.327099800109863,0.0446,1.8138,3.0713,1.1276,0.1944,1,414408,26402,4999,5413,4961,11.04292,7.17764
232,21.03380012512207,2.8192999362945557,9.230799674987793,1.2138999700546265,1.999500036239624,2.1154000759124756,3.3835999965667725,0.23100000619888306,5000,5009,10000,5006,10000,10000,5000,0.25060001015663147,0.8264999985694885,1.4799000024795532,5000,0.46939999999996473,0.3686,1,0.055,0.0201,212992,15,15,0.4174,325752,0,0,12.155200004577637,3.69950008392334,0.9143999814987183,2.545300006866455,0.30239999294281006,0.13619999587535858,0,0,0,0,0,0,0,0,0,0,0,0,0,11.41564,7.568
233,17.10140037536621,0.0007999999797903001,9.793000221252441,1.1563999652862549,2.0336999893188477,2.221299886703491,3.4537999629974365,0.2646999955177307,5000,5009,10000,5006,10000,10000,5000,0.25360000133514404,1.186400055885315,1.6009000539779663,5000,0.4791999999999636,0.3624,1,0.056499999999999995,0.0263,212992,15,15,0.3939,7712,0,0,9.88640022277832,3.538599967956543,0.8429999947547913,1.1584999561309814,0.0697999969124794,0.1395999938249588,0,0,0,0,0,0,0,0,0,0,0,0,0,10.73052,7.41008
234,18.963699340820312,1.353600025177002,9.856800079345703,1.3911999464035034,2.1442999839782715,1.8878999948501587,3.609299898147583,0.35510000586509705,5000,5009,10000,5006,10000,10000,5000,0.3490000069141388,1.160099983215332,1.4039000272750854,5000,0.49869999999996156,0.3917,1,0.0589,0.0308,212992,15,15,0.4289,37072,0,0,11.300200462341309,3.698699951171875,0.9046000242233276,1.280400037765503,0.07329999655485153,0.14339999854564667,0,0,0,0,0,0,0,0,0,0,0,0,0,10.20772,6.97976
235,18.885799407958984,2.330899953842163,7.705900192260742,1.3554999828338623,0.791100025177002,1.026900053024292,3.6805999279022217,0.25440001487731934,5000,5009,10000,5006,10000,10000,5000,0.26739999651908875,0.9811999797821045,1.7676000595092773,5000,0.5259999999999599,0.4792,1,0.06709999999999999,0.024300000000000002,212992,15,15,0.4528,287680,0,0,10.124199867248535,3.862799882888794,1.0218000411987305,2.0313000679016113,0.1687999963760376,0.14560000598430634,0,0,0,0,0,0,0,0,0,0,0,0,0,9.78368,6.64584
236,16.394800186157227,0.000699999975040555,7.787199974060059,1.3372999429702759,0.5587999820709229,1.0644999742507935,4.023799896240234,0.2703999876976013,5000,5009,10000,5006,10000,10000,5000,0.287200003862381,1.198199987411499,1.8077000379562378,5000,0.5682999999999571,0.398,1,0.0645,0.0293,212992,15,15,0.4634,7712,0,0,7.878900051116943,4.047900199890137,0.9629999995231628,1.2618999481201172,0.008999999612569809,0.4375999867916107,0,0,0,0,0,0,0,0,0,0,0,0,0,9.56064,6.50524
237,23.079299926757812,3.380199909210205,9.732199668884277,1.4585000276565552,2.2086000442504883,1.7304999828338623,4.80210018157959,0.3100000023841858,5000,5009,10000,5006,10000,10000,5000,0.31189998984336853,1.0612000226974487,1.3877999782562256,5000,0.6593999999999524,0.4519,1,0.07189999999999999,0.0225,212992,15,15,0.5976,8048,0,0,13.208999633789062,4.9506001472473145,1.153499960899353,1.4878000020980835,0.13339999318122864,0.17710000276565552,0.0072,0,0.0529,2.1985,2.3711,0.0003,0.1723,1,403218,0,0,0,4848,8.97508,6.309
238,22.437599182128906,2.200500011444092,9.976099967956543,1.4996000528335571,2.1967999935150146,1.7625999450683594,4.411099910736084,0.289000004529953,5000,5009,10000,5006,10000,10000,5000,0.2515999972820282,1.044800043106079,1.624400019645691,5000,0.6048999999999555,0.4472,1,0.0652,0.0247,212992,15,15,0.4724,250528,0,0,12.273599624633789,4.673500061035156,1.026900053024292,2.4781999588012695,0.24690000712871552,0.1316000074148178,0,0,0,0,0,0,0,0,0,0,0,0,0,8.56776,5.57744
239,16.54210090637207,0.0006000000284984708,8.770899772644043,1.1151000261306763,1.951300024986267,1.6116000413894653,3.521399974822998,0.2418999969959259,5000,5009,10000,5006,10000,10000,5000,0.27649998664855957,1.051300048828125,1.4462000131607056,5000,0.5096999999999604,0.3877,1,0.058800000000000005,0.028,212992,15,15,0.4644,7712,0,0,8.853599548339844,3.608799934387207,0.9045000076293945,1.2865999937057495,0.07289999723434448,0.13950000703334808,0,0,0,0,0,0,0,0,0,0,0,0,0,9.23136,5.95596
240,24.678499221801758,5.060699939727783,9.906900405883789,1.4982000589370728,2.437299966812134,1.743299961090088,4.9222002029418945,0.2985999882221222,5000,5009,10000,5006,10000,10000,5000,0.30570000410079956,1.0520999431610107,1.3875999450683594,5000,0.5407999999999586,0.5471,1,0.0598,0.0283,212992,15,15,0.5858,32896,0,0,15.055100440979004,5.06279993057251,1.0520999431610107,1.51010000705719,0.125,0.13670000433921814,0.0069,0,0.0504,2.002,3.5193,1.3704,0.1555,1,394666,25360,4995,5362,4952,8.98152,6.05144
241,19.67329978942871,2.2458999156951904,8.995599746704102,1.2223000526428223,1.9112000465393066,1.840999960899353,3.337899923324585,0.23739999532699585,5000,5009,10000,5006,10000,10000,5000,0.20649999380111694,1.1455999612808228,1.343400001525879,5000,0.4713999999999651,0.4198,1,0.0569,0.020999999999999998,212992,15,15,0.4918,259176,0,0,11.338299751281738,3.5757999420166016,0.968500018119812,1.9941999912261963,0.22139999270439148,0.1378999948501587,0,0,0,0,0,0,0,0,0,0,0,0,0,9.50224,6.74512
242,17.44700050354004,0.0006000000284984708,10.004599571228027,1.9002000093460083,2.779400110244751,1.4534000158309937,3.3538999557495117,0.24050000309944153,5000,5009,10000,5006,10000,10000,5000,0.21799999475479126,0.8360000252723694,1.4665000438690186,5000,0.4629999999999655,0.4211,1,0.0566,0.0257,212992,15,15,0.4444,7712,0,0,10.08549976348877,3.441999912261963,0.9017999768257141,1.3008999824523926,0.07419999688863754,0.13850000500679016,0,0,0,0,0,0,0,0,0,0,0,0,0,10.08252,6.57968
243,27.638200759887695,10.227100372314453,9.851499557495117,1.333899974822998,2.1180999279022217,2.4486000537872314,3.5866000652313232,0.26759999990463257,5000,5009,10000,5006,10000,10000,5000,0.310699999332428,0.9603000283241272,1.2532000541687012,5000,0.45539999999996617,0.3685,1,0.053500000000000006,0.026,212992,15,15,0.4282,35168,0,0,20.175199508666992,3.7123000621795654,0.8148999810218811,1.2273999452590942,0.11219999939203262,0.14869999885559082,0.0063,5.471799850463867,0.0457,1.8765,3.2473,1.2343,0.1638,1,383516,24623,4996,4964,4944,9.56004,6.57092
244,19.44969940185547,2.2539000511169434,8.778400421142578,1.1456999778747559,1.9551000595092773,2.085900068283081,3.1161000728607178,0.20810000598430634,5000,5009,10000,5006,10000,10000,5000,0.25380000472068787,0.7551000118255615,1.3287999629974365,5000,0.44199999999996786,0.4156,1,0.054700000000000006,0.026299999999999997,212992,15,15,0.4646,330328,0,0,11.131400108337402,3.3684000968933105,0.8702999949455261,2.394700050354004,0.23899999260902405,0.13609999418258667,0,0,0,0,0,0,0,0,0,0,0,0,0,10.08072,6.52484
245,16.019800186157227,0.0008999999845400453,8.581299781799316,1.1240999698638916,2.1902999877929688,1.3217999935150146,3.3320999145507812,0.23170000314712524,5000,5009,10000,5006,10000,10000,5000,0.21389999985694885,0.8384000062942505,1.5781999826431274,5000,0.47789999999996385,0.4204,1,0.05739999999999999,0.019,212992,15,15,0.4954,7712,0,0,8.675100326538086,3.414400100708008,0.9228000044822693,1.2345999479293823,0.07020000368356705,0.125900000333786,0,0,0,0,0,0,0,0,0,0,0,0,0,10.12828,6.7634
246,18.583099365234375,1.3523000478744507,8.80679988861084,1.2688000202178955,2.14490008354187,1.3981000185012817,3.7720999717712402,0.25839999318122864,5000,5009,10000,5006,10000,10000,5000,0.2425999939441681,0.9232000112533569,1.4491000175476074,5000,0.5466999999999587,0.5839,1,0.0645,0.0274,212992,15,15,0.4775,33488,0,0,10.257399559020996,3.8659000396728516,1.1461000442504883,1.364300012588501,0.08070000261068344,0.14079999923706055,0,0,0,0,0,0,0,0,0,0,0,0,0,9.89752,6.66896
247,21.383399963378906,2.7643001079559326,7.494999885559082,1.451300024986267,0.5220999717712402,0.8633000254631042,4.1971001625061035,0.30649998784065247,5000,5009,10000,5006,10000,10000,5000,0.2621999979019165,1.049399971961975,1.6746000051498413,5000,0.6260999999999521,0.6328,1,0.0719,0.028,212992,15,15,0.7019,224928,0,0,10.351699829101562,4.393400192260742,1.2395000457763672,3.035099983215332,0.1809999942779541,0.1467999964952469,0,0,0,0,0,0,0,0,0,0,0,0,0,9.38916,6.16572
248,15.617799758911133,0.0007999999797903001,7.045000076293945,1.277999997138977,0.5024999976158142,0.7623000144958496,4.007800102233887,0.2669999897480011,5000,5009,10000,5006,10000,10000,5000,0.25760000944137573,1.0053000450134277,1.774899959564209,5000,0.5488999999999581,0.4919,1,0.06749999999999999,0.025800000000000003,212992,15,15,0.481,7712,0,0,7.143700122833252,4.0289998054504395,1.055899977684021,1.4306999444961548,0.008899999782443047,0.1467999964952469,0,0,0,0,0,0,0,0,0,0,0,0,0,9.62476,6.446
249,21.514299392700195,2.9772000312805176,9.34000015258789,1.42739999294281,2.1728999614715576,1.6482000350952148,4.332399845123291,0.36059999465942383,5000,5009,10000,5006,10000,10000,5000,0.3188999891281128,1.0525000095367432,1.1628999710083008,5000,0.6114999999999545,0.4855,1,0.0686,0.023299999999999998,212992,15,15,0.5076,8048,0,0,12.408300399780273,4.4695000648498535,1.1054999828338623,1.4515000581741333,0.12229999899864197,0.1386999934911728,0.0066,0,0.0481,1.8835,2.0468,0.0002,0.1529,1,373718,0,0,0,4809,9.13384,6.3328
250,25.727100372314453,2.373199939727783,11.146699905395508,1.4745999574661255,2.226599931716919,2.202500104904175,6.191100120544434,0.27810001373291016,5000,5009,10000,5006,10000,10000,5000,0.3264000117778778,1.701200008392334,1.6871999502182007,5000,0.6497999999999534,0.5722,1,0.07120000000000001,0.038,212992,15,15,0.6047,326000,0,0,13.613800048828125,6.486999988555908,1.1723999977111816,2.1361000537872314,0.27630001306533813,0.13259999454021454,0,0,0,0,0,0,0,0,0,0,0,0,0,9.0462,5.52972
251,15.15149974822998,0.0007999999797903001,7.997300148010254,1.031999945640564,1.9213000535964966,1.2325999736785889,3.249500036239624,0.2085999995470047,5000,5009,10000,5006,10000,10000,5000,0.2583000063896179,0.7742999792098999,1.5432000160217285,5000,0.44139999999996776,0.43,1,0.05410000000000001,0.024599999999999997,212992,15,15,0.4176,7712,0,0,8.092100143432617,3.337899923324585,0.8988000154495239,1.194700002670288,0.07609999924898148,0.12929999828338623,0,0,0,0,0,0,0,0,0,0,0,0,0,10.2304,6.55576
252,21.743200302124023,4.560299873352051,9.397199630737305,1.594099998474121,2.029099941253662,1.5029000043869019,3.6168999671936035,0.35499998927116394,5000,5009,10000,5006,10000,10000,5000,0.27059999108314514,0.9656999707221985,1.3516000509262085,5000,0.5083999999999607,0.4029,1,0.0592,0.0275,212992,15,15,0.4343,35672,0,0,14.044400215148926,3.7469000816345215,0.9138000011444092,1.2419999837875366,0.11630000174045563,0.13189999759197235,0.0063,0,0.0635,1.8867,3.1318,1.0836,0.1424,1,365540,23464,4996,4940,4938,10.27296,7.21084
253,21.128700256347656,2.1566998958587646,8.940999984741211,1.3055000305175781,2.0155999660491943,1.8148000240325928,3.453900098800659,0.25940001010894775,5000,5009,10000,5006,10000,10000,5000,0.24369999766349792,0.875,1.221500039100647,5000,0.4832999999999631,0.57,1,0.0581,0.0203,212992,15,15,0.5593,281632,0,0,11.184300422668457,3.690700054168701,1.271399974822998,2.8464999198913574,0.2224999964237213,0.40059998631477356,0,0,0,0,0,0,0,0,0,0,0,0,0,10.26868,6.75764
254,19.853500366210938,0.0007999999797903001,11.849800109863281,1.947700023651123,3.2504000663757324,1.4399000406265259,3.7197999954223633,0.36559998989105225,5000,5009,10000,5006,10000,10000,5000,0.26840001344680786,0.8877999782562256,2.1431000232696533,5000,0.49909999999996196,0.4395,1,0.0579,0.0259,212992,15,15,0.5389,7712,0,0,11.961600303649902,3.811199903488159,0.945900022983551,1.2732000350952148,0.07800000160932541,0.13050000369548798,0,0,0,0,0,0,0,0,0,0,0,0,0,10.58948,6.78656
255,27.86829948425293,10.112500190734863,10.395400047302246,1.437600016593933,2.7079999446868896,1.6542999744415283,3.460900068283081,0.2703999876976013,5000,5009,10000,5006,10000,10000,5000,0.2433999925851822,0.9510999917984009,1.7792999744415283,5000,0.45819999999996747,0.3867,1,0.054099999999999995,0.025599999999999998,212992,15,15,0.4281,38736,0,0,20.6072998046875,3.5776000022888184,0.84579998254776,1.1485999822616577,0.10199999809265137,0.12559999525547028,0.0319,5.048900127410889,0.0499,1.6614,3.2604,1.3851,0.2278,1,355670,22826,4996,4644,4926,10.176,6.67576
256,19.946800231933594,1.8198000192642212,8.967499732971191,1.2007999420166016,1.9921000003814697,1.9871000051498413,3.870300054550171,0.226500004529953,5000,5009,10000,5006,10000,10000,5000,0.3222000002861023,0.8554999828338623,1.3105000257492065,5000,0.45169999999996735,0.3888,1,0.05450000000000001,0.0261,212992,15,15,0.4532,217240,0,0,10.871100425720215,4.078100204467773,0.8421000242233276,2.467600107192993,0.1940000057220459,0.15469999611377716,0,0,0,0,0,0,0,0,0,0,0,0,0,10.46236,6.71476
257,16.83289909362793,0.0007999999797903001,9.367899894714355,1.2827999591827393,2.2558000087738037,1.4882999658584595,3.4647998809814453,0.2257000058889389,5000,5009,10000,5006,10000,10000,5000,0.29179999232292175,0.8745999932289124,1.692199945449829,5000,0.4690999999999646,0.416,1,0.060399999999999995,0.0194,212992,15,15,0.4727,7712,0,0,9.463399887084961,3.552999973297119,0.883400022983551,1.184399962425232,0.0729999989271164,0.13600000739097595,0,0,0,0,0,0,0,0,0,0,0,0,0,10.9604,7.12548
258,19.038000106811523,1.46589994430542,9.753800392150879,1.3323999643325806,2.2964000701904297,1.5576000213623047,3.6071999073028564,0.3549000024795532,5000,5009,10000,5006,10000,10000,5000,0.33820000290870667,0.9171000123023987,1.5644999742507935,5000,0.49569999999996184,0.4388,1,0.0582,0.0276,212992,15,15,0.4869,34640,0,0,11.303400039672852,3.697999954223633,0.9509999752044678,1.2723000049591064,0.07569999992847443,0.14010000228881836,0,0,0,0,0,0,0,0,0,0,0,0,0,11.11076,7.33292
259,20.576499938964844,2.3773999214172363,8.488300323486328,1.6891000270843506,1.3896000385284424,0.838100016117096,3.651400089263916,0.2581000030040741,5000,5009,10000,5006,10000,10000,5000,0.2526000142097473,0.9417999982833862,1.7825000286102295,5000,0.4992999999999614,0.6414,1,0.06430000000000001,0.032299999999999995,212992,15,15,0.5337,295792,0,0,10.956700325012207,3.8471999168395996,1.288100004196167,2.572000026702881,0.17919999361038208,0.1703999936580658,0,0,0,0,0,0,0,0,0,0,0,0,0,11.1662,7.46188
260,18.06559944152832,0.0008999999845400453,9.736900329589844,2.260499954223633,0.8690999746322632,0.8657000064849854,3.7309000492095947,0.41290000081062317,5000,5009,10000,5006,10000,10000,5000,0.32359999418258667,1.0382000207901,2.283400058746338,5000,0.5482999999999589,0.6016,1,0.0627,0.028,212992,15,15,0.5122,7712,0,0,9.853699684143066,3.7558000087738037,1.1949000358581543,1.2267999649047852,0.009100000374019146,0.1509000062942505,0,0,0,0,0,0,0,0,0,0,0,0,0,10.9596,7.3914
261,24.057100296020508,3.14739990234375,11.27560043334961,1.4036999940872192,2.645699977874756,2.199199914932251,4.7170000076293945,0.25999999046325684,5000,5009,10000,5006,10000,10000,5000,0.259799987077713,1.493399977684021,1.7481000423431396,5000,0.5532999999999582,0.4945,1,0.058499999999999996,0.0285,212992,15,15,0.7168,8048,0,0,14.528300285339355,4.880199909210205,1.0662000179290771,1.406000018119812,0.14100000262260437,0.13079999387264252,0.0021,0,0.0475,1.8985,2.0093,0,0.1395,1,348004,0,0,0,4760,10.97792,7.11892
262,28.07200050354004,2.0826001167297363,13.874899864196777,2.380199909210205,3.6942999362945557,2.0950000286102295,5.7230000495910645,0.40630000829696655,5000,5009,10000,5006,10000,10000,5000,0.28690001368522644,1.5429999828338623,1.940000057220459,5000,0.6138999999999549,0.4865,1,0.07619999999999999,0.0322,212992,15,15,0.7021,212872,0,0,16.063600540161133,5.980500221252441,1.1087000370025635,2.499000072479248,0.2393999993801117,0.15870000422000885,0,0,0,0,0,0,0,0,0,0,0,0,0,10.67008,7.267
263,16.568899154663086,0.0007999999797903001,9.152899742126465,1.3550000190734863,2.3578999042510986,1.3452999591827393,3.6705000400543213,0.21770000457763672,5000,5009,10000,5006,10000,10000,5000,0.2093999981880188,0.7879999876022339,1.6083999872207642,5000,0.4143999999999707,0.3916,1,0.050499999999999996,0.024,212992,15,15,0.4097,7712,0,0,9.26930046081543,3.7681000232696533,0.8269000053405762,1.1028000116348267,0.06809999793767929,0.1454000025987625,0,0,0,0,0,0,0,0,0,0,0,0,0,11.27496,7.34156
264,20.839099884033203,4.0269999504089355,9.35420036315918,1.7592999935150146,2.309799909591675,1.382200002670288,3.3315000534057617,0.25360000133514404,5000,5009,10000,5006,10000,10000,5000,0.23469999432563782,0.8295999765396118,1.4247000217437744,5000,0.47629999999996525,0.4378,1,0.0557,0.027200000000000002,212992,15,15,0.4595,32328,0,0,13.475299835205078,3.437999963760376,0.9269999861717224,1.2862000465393066,0.093299999833107,0.12319999933242798,0.0016,0,0.0379,1.5311,2.5842,0.9627,0.1156,1,341314,21810,4998,4493,4908,11.50712,7.60676
265,24.52389907836914,2.615799903869629,10.753000259399414,1.3051999807357788,2.0910000801086426,2.4302000999450684,5.702199935913086,0.23639999330043793,5000,5009,10000,5006,10000,10000,5000,0.28540000319480896,1.5371999740600586,1.6055999994277954,5000,0.5111999999999598,0.4899,1,0.0582,0.0204,212992,15,15,0.4519,249072,0,0,13.454999923706055,5.979100227355957,1.0082000494003296,2.272700071334839,0.2590999901294708,0.11779999732971191,0,0,0,0,0,0,0,0,0,0,0,0,0,10.87524,7.2352
266,17.99169921875,0.000699999975040555,9.315799713134766,1.194700002670288,2.267899990081787,1.4226000308990479,3.7362000942230225,0.25380000472068787,5000,5009,10000,5006,10000,10000,5000,0.29019999504089355,0.9524000287055969,1.6963000297546387,5000,0.589499999999957,0.5022,1,0.0684,0.0319,212992,15,15,0.5391,7712,0,0,9.410099983215332,3.8229000568389893,1.1068999767303467,1.5618000030517578,0.07240000367164612,0.13809999823570251,0,0,0,0,0,0,0,0,0,0,0,0,0,10.94756,7.29072
267,27.094900131225586,9.954500198364258,8.968099594116211,1.3200000524520874,2.245300054550171,1.5944000482559204,3.9549999237060547,0.2531000077724457,5000,5009,10000,5006,10000,10000,5000,0.23800000548362732,0.9789000153541565,1.1818000078201294,5000,0.5014999999999612,0.429,1,0.0581,0.0276,212992,15,15,0.5031,33400,0,0,19.031299591064453,4.078999996185303,0.9194999933242798,1.2110999822616577,0.1088000014424324,0.13199999928474426,0.002,5.600900173187256,0.0388,1.7042,2.8862,1.0828,0.1351,1,332204,21226,4998,4215,4891,10.32968,7.28656
268,19.83769989013672,2.189500093460083,9.732999801635742,1.5642000436782837,2.1454999446868896,1.5023000240325928,3.183500051498413,0.22789999842643738,5000,5009,10000,5006,10000,10000,5000,0.21610000729560852,0.8116999864578247,1.9385000467300415,5000,0.4448999999999673,0.3611,1,0.0555,0.0249,212992,15,15,0.4226,266184,0,0,12.008999824523926,3.405400037765503,0.8115000128746033,1.9859000444412231,0.2087000012397766,0.13770000636577606,0,0,0,0,0,0,0,0,0,0,0,0,0,10.80644,7.07008
269,16.503700256347656,0.000699999975040555,8.88860034942627,1.1875,2.2967000007629395,1.382599949836731,3.3935000896453857,0.23970000445842743,5000,5009,10000,5006,10000,10000,5000,0.2574999928474426,0.8654000163078308,1.5336999893188477,5000,0.4784999999999636,0.4378,1,0.05700000000000001,0.0207,212992,15,15,0.5037,7712,0,0,8.979599952697754,3.4790000915527344,0.9312000274658203,1.3193000555038452,0.07320000231266022,0.13950000703334808,0,0,0,0,0,0,0,0,0,0,0,0,0,10.87552,7.20796
270,19.751100540161133,1.3818000555038452,9.566100120544434,1.3530000448226929,2.244499921798706,1.8463000059127808,3.761199951171875,0.26969999074935913,5000,5009,10000,5006,10000,10000,5000,0.23909999430179596,0.9118000268936157,1.5693000555038452,5000,0.5003999999999614,0.5939,1,0.05969999999999999,0.0263,212992,15,15,0.54,33872,0,0,11.03499984741211,3.84660005569458,1.177899956703186,1.7825000286102295,0.07119999825954437,0.17630000412464142,0,0,0,0,0,0,0,0,0,0,0,0,0,10.725,7.20804
271,22.546199798583984,3.498199939727783,9.496999740600586,2.094899892807007,0.7508999705314636,0.942300021648407,4.408999919891357,0.4131999909877777,5000,5009,10000,5006,10000,10000,5000,0.29190000891685486,1.120300054550171,2.191499948501587,5000,0.5242999999999594,0.3694,1,0.061,0.024800000000000003,212992,15,15,0.4566,264112,0,0,13.122300148010254,4.579500198364258,0.9388999938964844,2.0666000843048096,0.15389999747276306,0.14000000059604645,0,0,0,0,0,0,0,0,0,0,0,0,0,10.60744,6.89552
272,14.466400146484375,0.0007999999797903001,6.645899772644043,1.1845999956130981,0.44589999318122864,0.6025000214576721,3.928299903869629,0.28999999165534973,5000,5009,10000,5006,10000,10000,5000,0.289900004863739,0.9993000030517578,1.6828999519348145,5000,0.48729999999996276,0.3835,1,0.0594,0.0264,212992,15,15,0.4575,7712,0,0,6.735199928283691,3.954699993133545,0.8826000094413757,1.1406999826431274,0.012799999676644802,0.1356000006198883,0,0,0,0,0,0,0,0,0,0,0,0,0,10.93152,7.25532
273,19.925600051879883,2.5569000244140625,9.341899871826172,1.2731000185012817,2.1364998817443848,1.7934999465942383,3.768199920654297,0.365200012922287,5000,5009,10000,5006,10000,10000,5000,0.29679998755455017,1.2476999759674072,1.0993000268936157,5000,0.5105999999999611,0.4193,1,0.0652,0.0219,212992,15,15,0.4532,8048,0,0,11.992300033569336,3.8910999298095703,0.92330002784729,1.2858999967575073,0.1062999963760376,0.14069999754428864,0.0018,0,0.0408,1.5955,1.7017,0,0.1173,1,324726,0,0,0,4706,10.84164,7.17432
274,21.5841007232666,1.9563000202178955,10.079899787902832,1.440600037574768,2.351799964904785,1.8212000131607056,3.745699882507324,0.24819999933242798,5000,5009,10000,5006,10000,10000,5000,0.2624000012874603,0.9401000142097473,1.73989999294281,5000,0.5074999999999606,0.4128,1,0.059399999999999994,0.0266,212992,15,15,0.5385,206560,0,0,12.125699996948242,3.955399990081787,0.9261999726295471,2.672800064086914,0.19609999656677246,0.1509999930858612,0,0,0,0,0,0,0,0,0,0,0,0,0,10.89968,7.247
275,21.156400680541992,0.0007999999797903001,12.109600067138672,2.2051000595092773,2.8232998847961426,1.794100046157837,3.9886999130249023,0.39959999918937683,5000,5009,10000,5006,10000,10000,5000,0.3127000033855438,0.9753000140190125,1.892199993133545,5000,0.6063999999999561,0.5406,1,0.06670000000000001,0.0352,212992,15,15,0.5796,7712,0,0,12.229299545288086,4.089900016784668,1.2782000303268433,1.317199945449829,0.08470000326633453,0.13590000569820404,0,0,0,0,0,0,0,0,0,0,0,0,0,10.9708,7.25544
276,28.351600646972656,9.589900016784668,11.28380012512207,2.391900062561035,2.685499906539917,1.6930999755859375,3.661099910736084,0.27219998836517334,5000,5009,10000,5006,10000,10000,5000,0.24560000002384186,0.958899974822998,1.5134999752044678,5000,0.4474999999999671,0.3561,1,0.05380000000000001,0.026299999999999997,212992,15,15,0.393,28976,0,0,20.968599319458008,3.7822000980377197,0.7879999876022339,1.188599944114685,0.10620000213384628,0.13379999995231628,0.0018,5.108699798583984,0.0415,1.6574,2.933,1.1344,0.1516,1,318820,20425,4999,4182,4875,10.92672,7.06296
277,20.954099655151367,2.672600030899048,9.544699668884277,1.1658999919891357,2.1094000339508057,2.1277999877929688,3.04229998588562,0.21930000185966492,5000,5009,10000,5006,10000,10000,5000,0.23579999804496765,0.8048999905586243,1.636299967765808,5000,0.4318999999999689,0.5497,1,0.0552,0.026,212992,15,15,0.651,268792,0,0,12.315299987792969,3.251800060272217,1.0372999906539917,2.4386000633239746,0.19550000131130219,0.1445000022649765,0,0,0,0,0,0,0,0,0,0,0,0,0,11.96048,7.53088
278,19.56760025024414,0.0010999999940395355,10.781900405883789,1.2869000434875488,2.204200029373169,2.1119000911712646,3.907399892807007,0.25450000166893005,5000,5009,10000,5006,10000,10000,5000,0.2305999994277954,1.5020999908447266,1.9522000551223755,5000,0.5815999999999566,0.4818,1,0.07239999999999999,0.035,212992,15,15,0.5617,7712,0,0,10.888999938964844,4.0081000328063965,1.0473999977111816,1.4074000120162964,0.08420000225305557,0.16339999437332153,0,0,0,0,0,0,0,0,0,0,0,0,0,12.57984,8.20604
279,33.832801818847656,10.694700241088867,12.43910026550293,2.039799928665161,3.013000011444092,1.843999981880188,5.521299839019775,0.38190001249313354,5000,5009,10000,5006,10000,10000,5000,0.32179999351501465,1.5791000127792358,1.6614999771118164,5000,0.5648999999999562,0.461,1,0.0681,0.0346,212992,15,15,0.5542,32000,0,0,23.237899780273438,5.63539981842041,1.0463000535964966,1.7868000268936157,0.09459999948740005,0.15649999678134918,0.002,5.35890007019043,0.0409,2.2153,3.5753,1.2194,0.1887,1,311746,19814,4999,3977,4853,14.15116,9.53368
280,24.861799240112305,3.202500104904175,13.042400360107422,2.635499954223633,3.3659000396728516,1.7892999649047852,3.2629001140594482,0.33500000834465027,5000,5009,10000,5006,10000,10000,5000,0.2856000065803528,0.8967999815940857,2.0559000968933105,5000,0.44749999999996737,0.4362,1,0.0542,0.025599999999999998,212992,15,15,0.4505,280376,0,0,16.359800338745117,3.5067999362945557,0.8894000053405762,2.3947999477386475,0.2295999974012375,0.1412999927997589,0,0,0,0,0,0,0,0,0,0,0,0,0,12.28684,8.68256
281,17.740400314331055,0.000699999975040555,9.800200462341309,1.472499966621399,2.1530001163482666,1.3960000276565552,3.666100025177002,0.4674000144004822,5000,5009,10000,5006,10000,10000,5000,0.29420000314712524,0.8539000153541565,1.680899977684021,5000,0.4453999999999677,0.3627,1,0.054599999999999996,0.0203,212992,15,15,0.4097,7712,0,0,9.885000228881836,4.209499835968018,0.7996000051498413,1.2064000368118286,0.5299999713897705,0.1526000052690506,0,0,0,0,0,0,0,0,0,0,0,0,0,12.07884,7.8524
282,22.302900314331055,1.7380000352859497,11.784000396728516,1.7786999940872192,3.181299924850464,1.7279000282287598,3.990000009536743,0.3824999928474426,5000,5009,10000,5006,10000,10000,5000,0.37070000171661377,0.9096999764442444,2.003000020980835,5000,0.474299999999966,0.4321,1,0.05619999999999999,0.0323,212992,15,15,0.6944,31312,0,0,13.628299713134766,4.456099987030029,0.9435999989509583,1.2861000299453735,0.4494999945163727,0.13179999589920044,0,0,0,0,0,0,0,0,0,0,0,0,0,11.69104,7.8882
283,17.406600952148438,1.962499976158142,6.5447998046875,1.2174999713897705,0.4821000099182129,0.7279000282287598,3.438499927520752,0.2410999983549118,5000,5009,10000,5006,10000,10000,5000,0.2962999939918518,0.8891000151634216,1.5090999603271484,5000,0.6153999999999552,0.4223,1,0.0587,0.025300000000000003,212992,15,15,0.4532,217104,0,0,8.599300384521484,3.621299982070923,0.9075999855995178,2.1668999195098877,0.16859999299049377,0.13860000669956207,0,0,0,0,0,0,0,0,0,0,0,0,0,11.65444,7.63732
284,13.970600128173828,0.0008999999845400453,6.4644999504089355,1.1848000288009644,0.49729999899864197,0.5777000188827515,3.5053999423980713,0.2669999897480011,5000,5009,10000,5006,10000,10000,5000,0.2939999997615814,0.8934000134468079,1.6139999628067017,5000,0.4876999999999625,0.4292,1,0.057,0.026000000000000002,212992,15,15,0.4512,7712,0,0,6.5518999099731445,3.52810001373291,0.9261000156402588,1.2023999691009521,0.009399999864399433,0.1298999935388565,0,0,0,0,0,0,0,0,0,0,0,0,0,11.17212,7.5738
285,19.53260040283203,2.5183000564575195,9.177000045776367,1.3623000383377075,2.2042999267578125,1.544800043106079,3.672300100326538,0.24979999661445618,5000,5009,10000,5006,10000,10000,5000,0.2442999929189682,0.9815999865531921,1.4881999492645264,5000,0.5009999999999619,0.4028,1,0.05940000000000001,0.0193,212992,15,15,0.4465,8048,0,0,11.80210018157959,3.791800022125244,0.9034000039100647,1.2466000318527222,0.10239999741315842,0.1615000069141388,0.0018,0,0.0405,1.4758,1.5804,0,0.1298,1,306048,0,0,0,4663,10.89812,7.34472
286,21.428199768066406,2.513400077819824,10.006099700927734,1.3760000467300415,2.139899969100952,1.7726999521255493,3.705399990081787,0.25940001010894775,5000,5009,10000,5006,10000,10000,5000,0.2563999891281128,1.3408000469207764,1.6306999921798706,5000,0.502499999999961,0.3899,1,0.05890000000000001,0.0285,212992,15,15,0.4246,320128,0,0,12.609600067138672,3.9544999599456787,0.8981000185012817,2.1789000034332275,0.2320999950170517,0.15919999778270721,0,0,0,0,0,0,0,0,0,0,0,0,0,10.55444,7.11592
287,19.262100219726562,0.0010999999940395355,10.061599731445312,1.301200032234192,2.1154000759124756,1.5716999769210815,3.8136000633239746,0.400299996137619,5000,5009,10000,5006,10000,10000,5000,0.2808000147342682,0.965499997138977,2.1728999614715576,5000,0.5273999999999597,0.5409,1,0.0608,0.0235,212992,15,15,0.4832,7712,0,0,10.15839958190918,4.191199779510498,1.2280999422073364,1.7582999467849731,0.3628999888896942,0.19009999930858612,0,0,0,0,0,0,0,0,0,0,0,0,0,9.93012,6.79612
288,23.316200256347656,4.481299877166748,10.137399673461914,1.5936000347137451,2.2792999744415283,1.9265999794006348,4.027500152587891,0.2784999907016754,5000,5009,10000,5006,10000,10000,5000,0.2685000002384186,1.0403000116348267,1.552299976348877,5000,0.5702999999999571,0.418,1,0.06520000000000001,0.027899999999999998,212992,15,15,0.4765,27656,0,0,14.712400436401367,4.174600124359131,1.0002000331878662,1.462399959564209,0.1315000057220459,0.14980000257492065,0.0021,0,0.0442,1.6763,2.9266,1.1395,0.1522,1,300054,19173,4999,4006,4846,9.49136,6.3722
289,24.80069923400879,2.5083999633789062,11.434900283813477,1.8380000591278076,2.705399990081787,1.9845000505447388,4.601200103759766,0.3102000057697296,5000,5009,10000,5006,10000,10000,5000,0.3156999945640564,1.169700026512146,1.7382999658584595,5000,0.6556999999999518,0.5369,1,0.0735,0.0223,212992,15,15,0.6261,268056,0,0,14.03849983215332,4.864099979400635,1.2473000288009644,2.3401999473571777,0.24650000035762787,0.15710000693798065,0,0,0,0,0,0,0,0,0,0,0,0,0,8.94112,5.87568
290,22.222700119018555,0.0008999999845400453,12.054400444030762,2.4309000968933105,2.4163999557495117,1.7389999628067017,5.020899772644043,0.3840000033378601,5000,5009,10000,5006,10000,10000,5000,0.31540000438690186,1.3269000053405762,1.9185999631881714,5000,0.6765999999999501,0.4616,1,0.0713,0.029,212992,15,15,0.5209,7712,0,0,12.147199630737305,5.370299816131592,1.0880000591278076,1.399399995803833,0.33250001072883606,0.14169999957084656,0,0,0,0,0,0,0,0,0,0,0,0,0,8.70244,5.33528
291,26.168399810791016,9.22659969329834,9.01669979095459,1.3583999872207642,2.10260009765625,1.5786000490188599,4.1417999267578125,0.2644999921321869,5000,5009,10000,5006,10000,10000,5000,0.2603999972343445,1.024999976158142,1.2908999919891357,5000,0.43379999999996854,0.3798,1,0.0518,0.027,212992,15,15,0.4311,30792,0,0,18.340099334716797,4.257999897003174,0.8090999722480774,1.1344000101089478,0.1014999970793724,0.1307000070810318,0.0019,5.218100070953369,0.0389,1.4489,2.5178,0.9683,0.1565,1,293856,18642,4999,3721,4816,8.99624,5.409
292,18.442699432373047,2.423099994659424,8.199399948120117,1.05840003490448,1.813599944114685,1.6405999660491943,3.072000026702881,0.2013999968767166,5000,5009,10000,5006,10000,10000,5000,0.2825999855995178,0.8295999765396118,1.346500039100647,5000,0.4413999999999676,0.4532,1,0.0523,0.0234,212992,15,15,0.4165,316368,0,0,10.707500457763672,3.2964000701904297,0.8928999900817871,1.9327000379562378,0.21050000190734863,0.14110000431537628,0,0,0,0,0,0,0,0,0,0,0,0,0,10.0902,7.12156
293,15.622900009155273,0.00139999995008111,8.139800071716309,1.0771000385284424,1.9495999813079834,1.2968000173568726,3.224600076675415,0.21799999475479126,5000,5009,10000,5006,10000,10000,5000,0.21549999713897705,0.864300012588501,1.454800009727478,5000,0.4753999999999642,0.3826,1,0.056499999999999995,0.0195,212992,15,15,0.4605,7712,0,0,8.247900009155273,3.520900011062622,0.8536999821662903,1.2627999782562256,0.28360000252723694,0.1371999979019165,0,0,0,0,0,0,0,0,0,0,0,0,0,10.63048,6.905
294,23.90679931640625,1.346500039100647,10.505900382995605,1.4305000305175781,2.09060001373291,2.1117000579833984,5.928699970245361,0.2526000142097473,5000,5009,10000,5006,10000,10000,5000,0.2874999940395355,1.7316999435424805,1.4845999479293823,5000,0.8028999999999362,0.5777,1,0.0886,0.0345,212992,15,15,0.6522,31464,0,0,11.951800346374512,6.344900131225586,1.2913999557495117,1.6851999759674072,0.39899998903274536,0.15729999542236328,0,0,0,0,0,0,0,0,0,0,0,0,0,9.88412,6.49744
295,21.786800384521484,3.0376999378204346,9.225799560546875,2.25570011138916,0.718500018119812,1.0391000509262085,3.936800003051758,0.26589998602867126,5000,5009,10000,5006,10000,10000,5000,0.29760000109672546,0.9876000285148621,2.0525999069213867,5000,0.5498999999999579,0.4753,1,0.0639,0.0265,212992,15,15,0.5017,277800,0,0,12.374300003051758,4.123199939727783,1.1583000421524048,2.146399974822998,0.17239999771118164,0.1785999983549118,0,0,0,0,0,0,0,0,0,0,0,0,0,9.73272,6.68592
296,14.889300346374512,0.000699999975040555,6.615600109100342,1.1259000301361084,0.4609000086784363,0.7864000201225281,4.054800033569336,0.24169999361038208,5000,5009,10000,5006,10000,10000,5000,0.24240000545978546,0.9197999835014343,1.70169997215271,5000,0.5177999999999597,0.4236,1,0.060300000000000006,0.0276,212992,15,15,0.5202,7712,0,0,6.706200122833252,4.079400062561035,1.0089999437332153,1.1842999458312988,0.010099999606609344,0.13289999961853027,0,0,0,0,0,0,0,0,0,0,0,0,0,10.02856,6.7076
297,24.04010009765625,2.9068000316619873,12.411800384521484,2.467400074005127,2.9565000534057617,1.5852999687194824,4.082799911499023,0.4674000144004822,5000,5009,10000,5006,10000,10000,5000,0.2793000042438507,1.0200999975204468,1.8560999631881714,5000,0.6272999999999544,0.4561,1,0.06459999999999999,0.022,212992,15,15,0.484,8048,0,0,15.420999526977539,4.203400135040283,1.0311000347137451,1.2847000360488892,0.10589999705553055,0.13740000128746033,0.0022,0,0.0634,1.5655,1.7615,0.0001,0.1628,1,287596,0,0,0,4596,9.91492,6.90348
298,22.37689971923828,2.6308999061584473,9.825499534606934,1.5164999961853027,2.4137001037597656,1.7239999771118164,4.439000129699707,0.24199999868869781,5000,5009,10000,5006,10000,10000,5000,0.24210000038146973,0.8913000226020813,1.530500054359436,5000,0.5228999999999591,0.3957,1,0.0602,0.0245,212992,15,15,0.5504,358624,0,0,12.545499801635742,4.6930999755859375,0.9193000197410583,2.2411999702453613,0.2387000024318695,0.15150000154972076,0,0,0,0,0,0,0,0,0,0,0,0,0,9.98372,7.1852
299,16.667600631713867,0.0007999999797903001,8.866600036621094,1.0927000045776367,1.9397000074386597,1.5198999643325806,3.3810999393463135,0.2273000031709671,5000,5009,10000,5006,10000,10000,5000,0.25839999318122864,0.8507000207901001,1.8102999925613403,5000,0.4712999999999644,0.3876,1,0.0561,0.0252,212992,15,15,0.485,7712,0,0,8.968899726867676,3.6642000675201416,0.8737999796867371,1.3904999494552612,0.2687999904155731,0.13619999587535858,0,0,0,0,0,0,0,0,0,0,0,0,0,10.39324,6.82492
300,24.64699935913086,4.14900016784668,10.451800346374512,2.3642001152038574,2.1398000717163086,1.5520999431610107,4.8790998458862305,0.4390000104904175,5000,5009,10000,5006,10000,10000,5000,0.2996000051498413,0.9771000146865845,1.1663000583648682,5000,0.542499999999959,0.5112,1,0.0668,0.0258,212992,15,15,0.5984,27920,0,0,14.688400268554688,5.006800174713135,1.2044999599456787,1.6520999670028687,0.10869999974966049,0.1972000002861023,0.0021,0,0.0399,1.7376,2.8216,0.983,0.1333,1,281892,17923,4999,3662,4822,9.8328,6.94524
301,20.582500457763672,2.188800096511841,9.762900352478027,1.4680999517440796,2.120300054550171,1.766800045967102,3.6010000705718994,0.34630000591278076,5000,5009,10000,5006,10000,10000,5000,0.36899998784065247,0.9117000102996826,1.4322999715805054,5000,0.5038999999999628,0.3733,1,0.0573,0.020999999999999998,212992,15,15,0.4797,272488,0,0,12.04259967803955,3.819000005722046,0.8585000038146973,1.986299991607666,0.20280000567436218,0.19009999930858612,0,0,0,0,0,0,0,0,0,0,0,0,0,10.22556,6.47424
302,17.1117000579834,0.0007999999797903001,9.231399536132812,1.270900011062622,2.071000099182129,1.4996000528335571,3.6103999614715576,0.24490000307559967,5000,5009,10000,5006,10000,10000,5000,0.24300000071525574,0.9150999784469604,1.6663000583648682,5000,0.5022999999999622,0.3855,1,0.0586,0.0257,212992,15,15,0.4395,7712,0,0,9.342599868774414,3.888700008392334,0.8867999911308289,1.2135000228881836,0.26339998841285706,0.12809999287128448,0,0,0,0,0,0,0,0,0,0,0,0,0,10.36088,6.82028
303,28.269899368286133,10.078300476074219,9.813400268554688,1.4134000539779663,2.2274999618530273,1.8273999691009521,4.182400226593018,0.3174000084400177,5000,5009,10000,5006,10000,10000,5000,0.31349998712539673,1.0463999509811401,1.5053999423980713,5000,0.5057999999999608,0.4021,1,0.058600000000000006,0.027299999999999998,212992,15,15,0.5271,28256,0,0,19.978500366210938,4.299799919128418,0.8870000243186951,1.2285000085830688,0.10199999809265137,0.1444000005722046,0.0024,5.585899829864502,0.04,1.5375,2.9233,1.227,0.1413,1,276194,17473,4999,3487,4785,9.48552,5.84612
304,19.845399856567383,2.4486000537872314,8.922800064086914,1.1668000221252441,1.9005000591278076,1.9390000104904175,3.371500015258789,0.22380000352859497,5000,5009,10000,5006,10000,10000,5000,0.27250000834465027,0.9624000191688538,1.3523999452590942,5000,0.47249999999996434,0.4535,1,0.0612,0.0254,212992,15,15,0.5106,377752,0,0,11.460100173950195,3.6273000240325928,0.9501000046730042,2.011899948120117,0.24130000174045563,0.13740000128746033,0,0,0,0,0,0,0,0,0,0,0,0,0,10.01896,6.4134
305,16.752700805664062,0.0007999999797903001,9.174099922180176,1.2541999816894531,2.1489999294281006,1.6241999864578247,3.4349000453948975,0.23330000042915344,5000,5009,10000,5006,10000,10000,5000,0.2542000114917755,0.8737000226974487,1.6122000217437744,5000,0.47769999999996376,0.3655,1,0.0576,0.0208,212992,15,15,0.4565,7712,0,0,9.261300086975098,3.7416000366210938,0.8357999920845032,1.1784000396728516,0.29269999265670776,0.13210000097751617,0,0,0,0,0,0,0,0,0,0,0,0,0,10.39376,6.73152
306,19.3843994140625,1.3752000331878662,9.829400062561035,1.496899962425232,2.0713999271392822,1.6715999841690063,3.697999954223633,0.39590001106262207,5000,5009,10000,5006,10000,10000,5000,0.25099998712539673,0.9555000066757202,1.501099944114685,5000,0.5169999999999602,0.4313,1,0.06,0.032100000000000004,212992,15,15,0.4902,29104,0,0,11.291899681091309,4.053800106048584,0.9359999895095825,1.2477999925613403,0.34130001068115234,0.1404999941587448,0,0,0,0,0,0,0,0,0,0,0,0,0,10.13152,6.74596
307,20.85700035095215,2.171999931335449,7.639599800109863,1.4129999876022339,0.5042999982833862,0.8125,4.000699996948242,0.3050999939441681,5000,5009,10000,5006,10000,10000,5000,0.271699994802475,1.0223000049591064,1.878100037574768,5000,0.700399999999948,0.6092,1,0.0882,0.032799999999999996,212992,15,15,0.7495,278880,0,0,9.898799896240234,4.211100101470947,1.3845000267028809,2.7614998817443848,0.19580000638961792,0.1454000025987625,0,0,0,0,0,0,0,0,0,0,0,0,0,9.83728,6.9898
308,14.861700057983398,0.0008999999845400453,6.580100059509277,1.1713999509811401,0.44940000772476196,0.5809999704360962,3.592600107192993,0.24690000712871552,5000,5009,10000,5006,10000,10000,5000,0.2623000144958496,0.9320999979972839,1.7529000043869019,5000,0.5108999999999603,0.5739,1,0.0604,0.025500000000000002,212992,15,15,0.565,7712,0,0,6.679500102996826,3.613100051879883,1.238800048828125,1.404099941253662,0.007499999832361937,0.14399999380111694,0,0,0,0,0,0,0,0,0,0,0,0,0,9.92672,6.58244
309,20.65690040588379,2.5532000064849854,9.166099548339844,1.3458000421524048,2.0708000659942627,1.5145000219345093,4.198999881744385,0.2623000144958496,5000,5009,10000,5006,10000,10000,5000,0.27129998803138733,0.9991999864578247,1.5025999546051025,5000,0.5572999999999576,0.5113,1,0.085,0.0213,212992,15,15,0.6458,8048,0,0,11.812800407409668,4.315299987792969,1.0631999969482422,1.3502999544143677,0.10209999978542328,0.14869999885559082,0.0021,0,0.0433,1.5135,1.6315,0,0.1464,1,271128,0,0,0,4530,9.86676,6.45952
310,22.42340087890625,2.4960999488830566,9.932600021362305,1.6986000537872314,2.123300075531006,1.5914000272750854,4.1596999168396,0.27459999918937683,5000,5009,10000,5006,10000,10000,5000,0.257099986076355,1.0115000009536743,1.6801999807357788,5000,0.586899999999956,0.5296,1,0.0676,0.028200000000000003,212992,15,15,0.4923,268336,0,0,12.530400276184082,4.398499965667725,1.118299961090088,2.345599889755249,0.2249000072479248,0.14749999344348907,0,0,0,0,0,0,0,0,0,0,0,0,0,9.42572,6.675
311,18.293500900268555,0.0007999999797903001,10.246500015258789,1.194000005722046,2.18530011177063,1.7871999740600586,3.5392000675201416,0.23090000450611115,5000,5009,10000,5006,10000,10000,5000,0.24469999969005585,1.4549000263214111,1.9277000427246094,5000,0.5073999999999627,0.4494,1,0.0577,0.0252,212992,15,15,0.4339,7712,0,0,10.353300094604492,3.8640999794006348,1.0422999858856201,1.2734999656677246,0.30970001220703125,0.13699999451637268,0,0,0,0,0,0,0,0,0,0,0,0,0,9.83644,6.36756
312,21.376699447631836,3.6928000450134277,8.82859992980957,1.2793999910354614,2.046600103378296,1.74399995803833,4.5630998611450195,0.2467000037431717,5000,5009,10000,5006,10000,10000,5000,0.24400000274181366,0.9789999723434448,1.1957999467849731,5000,0.5299999999999594,0.3755,1,0.06659999999999999,0.0245,212992,15,15,0.4936,29120,0,0,12.611300468444824,4.688199996948242,0.902999997138977,1.2736999988555908,0.10890000313520432,0.13519999384880066,0.002,0,0.0423,1.3779,2.3803,0.8996,0.1226,1,265760,16881,4998,3467,4769,9.66776,6.49828
313,20.510499954223633,2.282900094985962,9.654800415039062,1.4306999444961548,2.0471999645233154,1.8583999872207642,3.4907000064849854,0.23180000483989716,5000,5009,10000,5006,10000,10000,5000,0.25380000472068787,1.1061999797821045,1.5399999618530273,5000,0.4959999999999617,0.4084,1,0.06,0.0252,212992,15,15,0.4762,271960,0,0,12.027099609375,3.708899974822998,0.9083999991416931,2.0632998943328857,0.20270000398159027,0.14020000398159027,0,0,0,0,0,0,0,0,0,0,0,0,0,9.53088,6.06588
314,16.957700729370117,0.000699999975040555,8.9753999710083,1.1466000080108643,2.263400077819824,1.3868999481201172,3.5174999237060547,0.2401999980211258,5000,5009,10000,5006,10000,10000,5000,0.2786000072956085,0.8848000168800354,1.621899962425232,5000,0.5067999999999601,0.3893,1,0.058,0.0254,212992,15,15,0.4871,7712,0,0,9.065199851989746,3.8422999382019043,0.9054999947547913,1.3220000267028809,0.310699999332428,0.14219999313354492,0,0,0,0,0,0,0,0,0,0,0,0,0,9.98372,6.52668
315,27.80739974975586,9.472800254821777,9.355299949645996,1.5058000087738037,2.270699977874756,1.5961999893188477,4.253900051116943,0.2743000090122223,5000,5009,10000,5006,10000,10000,5000,0.24889999628067017,1.047700047492981,1.257099986076355,5000,0.6495999999999544,0.5808,1,0.0565,0.0284,212992,15,15,0.509,31200,0,0,18.930400848388672,4.375,1.045300006866455,1.3343000411987305,0.10520000010728836,0.1429000049829483,0.0018,5.257800102233887,0.0415,1.6023,2.6977,0.9849,0.1401,1,260476,16404,4998,3283,4730,9.5314,5.95224
316,23.805500030517578,2.356800079345703,12.995100021362305,2.460099935531616,3.722899913787842,1.8485000133514404,3.6421000957489014,0.37439998984336853,5000,5009,10000,5006,10000,10000,5000,0.3190000057220459,0.8446000218391418,1.726699948310852,5000,0.4768999999999642,0.3356,1,0.056,0.0283,212992,15,15,0.4748,282808,0,0,15.43910026550293,3.8654000759124756,0.8144999742507935,1.8902000188827515,0.20880000293254852,0.1266999989748001,0,0,0,0,0,0,0,0,0,0,0,0,0,9.92184,6.30904
317,15.982600212097168,0.000699999975040555,8.370599746704102,1.0422999858856201,1.926300048828125,1.3952000141143799,3.2321999073028564,0.20080000162124634,5000,5009,10000,5006,10000,10000,5000,0.2662000060081482,0.9442999958992004,1.5494999885559082,5000,0.5095999999999611,0.3785,1,0.0641,0.0247,212992,15,15,0.4989,7712,0,0,8.451700210571289,3.664299964904785,0.8414000272750854,1.1413999795913696,0.4198000133037567,0.13089999556541443,0,0,0,0,0,0,0,0,0,0,0,0,0,10.65,6.86108
318,18.613500595092773,1.2533999681472778,8.868599891662598,1.1658999919891357,2.125499963760376,1.6470999717712402,4.141300201416016,0.23970000445842743,5000,5009,10000,5006,10000,10000,5000,0.2563999891281128,0.9175999760627747,1.4072999954223633,5000,0.492999999999962,0.373,1,0.057800000000000004,0.028,212992,15,15,0.4331,25192,0,0,10.206899642944336,4.519999980926514,0.8781999945640564,1.2064000368118286,0.3617999851703644,0.15000000596046448,0,0,0,0,0,0,0,0,0,0,0,0,0,10.64512,6.99616
319,18.553800582885742,2.1882998943328857,7.396200180053711,1.340000033378601,0.4625000059604645,1.2410000562667847,3.8190999031066895,0.2590999901294708,5000,5009,10000,5006,10000,10000,5000,0.3203999996185303,1.0638999938964844,1.5148999691009521,5000,0.538199999999959,0.428,1,0.0628,0.0264,212992,15,15,0.4764,277368,0,0,9.668700218200684,3.9918999671936035,0.9638000130653381,2.0497000217437744,0.1589999943971634,0.1412999927997589,0,0,0,0,0,0,0,0,0,0,0,0,0,10.4042,6.8624
320,16.862199783325195,0.0007999999797903001,7.588799953460693,1.5886000394821167,0.6690000295639038,0.6255000233650208,4.66480016708374,0.275299996137619,5000,5009,10000,5006,10000,10000,5000,0.2754000127315521,1.0771000385284424,1.8467999696731567,5000,0.6726999999999533,0.4424,1,0.06640000000000001,0.0278,212992,15,15,0.4993,7712,0,0,7.6774001121521,4.690100193023682,1.027899980545044,1.2484999895095825,0.009100000374019146,0.15080000460147858,0,0,0,0,0,0,0,0,0,0,0,0,0,10.06456,6.65656
321,22.829999923706055,2.5023000240325928,10.234399795532227,1.514299988746643,2.2235000133514404,1.835800051689148,4.773399829864502,0.3230000138282776,5000,5009,10000,5006,10000,10000,5000,0.31630000472068787,1.126099944114685,1.6129000186920166,5000,0.6408999999999525,0.5069,1,0.0713,0.023899999999999998,212992,15,15,0.6683,8048,0,0,12.823699951171875,4.902500152587891,1.2100000381469727,1.5806000232696533,0.11420000344514847,0.15049999952316284,0.002,0,0.0479,1.4534,1.5893,0,0.1266,1,255522,0,0,0,4457,9.5848,6.31232
322,29.127899169921875,3.0013999938964844,11.885000228881836,1.690600037574768,2.304800033569336,2.1370999813079834,7.394700050354004,0.311599999666214,5000,5009,10000,5006,10000,10000,5000,0.2971000075340271,1.895300030708313,1.808500051498413,5000,0.6236999999999537,0.4841,1,0.0734,0.0334,212992,15,15,0.5288,361672,0,0,14.988800048828125,7.706999778747559,1.1123000383377075,3.088399887084961,0.2921000123023987,0.15189999341964722,0,0,0,0,0,0,0,0,0,0,0,0,0,8.87412,5.27272
323,18.06450080871582,0.0008999999845400453,9.896200180053711,1.1887999773025513,2.7109999656677246,1.3320000171661377,3.2716000080108643,0.21389999985694885,5000,5009,10000,5006,10000,10000,5000,0.23240000009536743,0.8427000045776367,2.1164000034332275,5000,0.4588999999999658,0.5085,1,0.05600000000000001,0.026600000000000002,212992,15,15,0.4721,7712,0,0,10.00100040435791,3.5650999546051025,1.1455999612808228,1.5795999765396118,0.2799000144004822,0.1551000028848648,0,0,0,0,0,0,0,0,0,0,0,0,0,10.30728,6.30548
324,19.75429916381836,4.032700061798096,7.938300132751465,1.1519999504089355,1.9757000207901,1.3585000038146973,3.7444000244140625,0.23170000314712524,5000,5009,10000,5006,10000,10000,5000,0.24529999494552612,0.8015999794006348,1.1282999515533447,5000,0.4782999999999637,0.3795,1,0.055600000000000004,0.0264,212992,15,15,0.4664,25624,0,0,12.078100204467773,3.8566999435424805,0.8966000080108643,1.180299997329712,0.0997999981045723,0.13529999554157257,0.0023,0,0.0574,1.4901,2.4361,0.8,0.1188,1,251368,15790,4999,3244,4707,10.90068,6.88596
325,22.037599563598633,3.2960000038146973,9.8503999710083,1.364400029182434,2.228100061416626,1.9017000198364258,3.544600009918213,0.3711000084877014,5000,5009,10000,5006,10000,10000,5000,0.38019999861717224,0.8460000157356262,1.5120999813079834,5000,0.4959999999999617,0.4758,1,0.068,0.0274,212992,15,15,0.6165,322664,0,0,13.232099533081055,3.771199941635132,1.049299955368042,2.0260000228881836,0.21389999985694885,0.1387999951839447,0,0,0,0,0,0,0,0,0,0,0,0,0,10.9758,7.36464
326,17.258399963378906,0.0007999999797903001,9.589099884033203,1.2488000392913818,2.7669999599456787,1.2997000217437744,3.4739999771118164,0.24089999496936798,5000,5009,10000,5006,10000,10000,5000,0.24410000443458557,0.9104999899864197,1.6998000144958496,5000,0.48299999999996374,0.362,1,0.056900000000000006,0.0197,212992,15,15,0.4444,7712,0,0,9.677499771118164,3.7988998889923096,0.8414000272750854,1.1965999603271484,0.310699999332428,0.14390000700950623,0,0,0,0,0,0,0,0,0,0,0,0,0,11.08496,7.2932
327,26.408000946044922,9.113499641418457,9.063799858093262,1.3359999656677246,2.1772000789642334,1.5461000204086304,3.953000068664551,0.25929999351501465,5000,5009,10000,5006,10000,10000,5000,0.25029999017715454,0.9746999740600586,1.361199975013733,5000,0.5466999999999576,0.3987,1,0.06080000000000001,0.0247,212992,15,15,0.4624,23768,0,0,18.26300048828125,4.077600002288818,0.9214000105857849,1.2610000371932983,0.10999999940395355,0.14229999482631683,0.0021,5.346799850463867,0.04,1.3425,2.4184,0.9671,0.146,1,247324,15446,4999,3056,4649,10.35816,6.62436
328,21.370500564575195,2.477299928665161,10.026000022888184,1.5285999774932861,2.222599983215332,1.8248000144958496,3.531399965286255,0.23420000076293945,5000,5009,10000,5006,10000,10000,5000,0.23280000686645508,1.0799000263214111,1.6877000331878662,5000,0.5008999999999614,0.4034,1,0.0595,0.0273,212992,15,15,0.4652,316328,0,0,12.59630012512207,3.7607998847961426,0.9039999842643738,2.2704999446868896,0.2159000039100647,0.1891999989748001,0,0,0,0,0,0,0,0,0,0,0,0,0,10.06076,6.58636
329,17.668500900268555,0.0008999999845400453,8.67650032043457,1.1683000326156616,2.045099973678589,1.1782000064849854,3.6417999267578125,0.24169999361038208,5000,5009,10000,5006,10000,10000,5000,0.2304999977350235,0.8503000140190125,1.779099941253662,5000,0.5123999999999607,0.4022,1,0.0598,0.0284,212992,15,15,0.511,7712,0,0,8.770099639892578,4.001500129699707,0.9462000131607056,1.301800012588501,0.3456000089645386,0.900600016117096,0,0,0,0,0,0,0,0,0,0,0,0,0,10.113,6.59524
330,20.301000595092773,1.4286999702453613,9.543100357055664,1.4479000568389893,2.3097000122070312,1.5541000366210938,4.465700149536133,0.33559998869895935,5000,5009,10000,5006,10000,10000,5000,0.21699999272823334,0.9674000144004822,1.5087000131607056,5000,0.5609999999999589,0.4819,1,0.06770000000000001,0.0207,212992,15,15,0.5108,22280,0,0,11.075499534606934,4.8242998123168945,1.1030000448226929,1.3083000183105469,0.3447999954223633,0.14300000667572021,0,0,0,0,0,0,0,0,0,0,0,0,0,9.74352,6.30312
331,18.60140037536621,2.4084999561309814,6.744800090789795,1.3063000440597534,0.49939998984336853,0.801800012588501,4.107399940490723,0.2515999972820282,5000,5009,10000,5006,10000,10000,5000,0.25060001015663147,0.8902999758720398,1.5479999780654907,5000,0.5253999999999596,0.4217,1,0.06090000000000001,0.024599999999999997,212992,15,15,0.4582,276088,0,0,9.259599685668945,4.29640007019043,1.075700044631958,2.1219000816345215,0.17659999430179596,0.14970000088214874,0,0,0,0,0,0,0,0,0,0,0,0,0,9.97772,6.37572
332,15.331000328063965,0.0008999999845400453,7.256899833679199,1.222100019454956,0.4887000024318695,0.779699981212616,4.098999977111816,0.2485000044107437,5000,5009,10000,5006,10000,10000,5000,0.2451999932527542,1.264799952507019,1.7821999788284302,5000,0.5110999999999603,0.3761,1,0.05990000000000001,0.026,212992,15,15,0.4315,7712,0,0,7.364799976348877,4.123899936676025,0.8907999992370605,1.1578999757766724,0.00800000037997961,0.14640000462532043,0,0,0,0,0,0,0,0,0,0,0,0,0,10.41228,6.63312
333,21.02359962463379,2.6077001094818115,10.040800094604492,1.5119999647140503,2.5373001098632812,1.493299961090088,3.988100051879883,0.2630999982357025,5000,5009,10000,5006,10000,10000,5000,0.27070000767707825,0.965399980545044,1.7799999713897705,5000,0.5636999999999576,0.3892,1,0.0654,0.0258,212992,15,15,0.4676,8048,0,0,12.739500045776367,4.097400188446045,0.9369999766349792,1.3055000305175781,0.09480000287294388,0.15070000290870667,0.0017,0,0.0428,1.4309,1.5519,0,0.1421,1,243074,0,0,0,4379,10.04308,6.52912
334,22.428199768066406,2.4612998962402344,9.866999626159668,1.5185999870300293,2.1435000896453857,1.7680000066757202,4.308499813079834,0.2806999981403351,5000,5009,10000,5006,10000,10000,5000,0.3497999906539917,1.0147000551223755,1.5664000511169434,5000,0.6329999999999525,0.5007,1,0.0694,0.0238,212992,15,15,0.5003,334056,0,0,12.416600227355957,4.566400051116943,1.1073999404907227,2.214600086212158,0.2442999929189682,0.1451999992132187,0,0,0,0,0,0,0,0,0,0,0,0,0,9.3348,5.9056
335,17.703100204467773,0.0007999999797903001,9.061400413513184,1.2401000261306763,2.099600076675415,1.3398000001907349,3.6902999877929688,0.24070000648498535,5000,5009,10000,5006,10000,10000,5000,0.27880001068115234,0.9121999740600586,1.7848999500274658,5000,0.5286999999999589,0.6148,1,0.0606,0.0302,212992,15,15,0.5348,7712,0,0,9.149800300598145,3.9862000942230225,1.2653000354766846,1.36489999294281,0.2825999855995178,0.14149999618530273,0,0,0,0,0,0,0,0,0,0,0,0,0,9.7984,6.26228
336,27.03619956970215,9.360199928283691,9.322400093078613,1.4219000339508057,2.176100015640259,1.6265000104904175,4.084000110626221,0.28130000829696655,5000,5009,10000,5006,10000,10000,5000,0.31049999594688416,1.0516999959945679,1.2841999530792236,5000,0.5067999999999607,0.4311,1,0.06470000000000001,0.0279,212992,15,15,0.5356,22832,0,0,18.793699264526367,4.190499782562256,0.9886000156402588,1.1304999589920044,0.09229999780654907,0.12860000133514404,0.0018,5.3480000495910645,0.0409,1.3153,2.6185,1.1734,0.1328,1,239112,14964,4999,3058,4652,9.30656,5.53764
337,19.23150062561035,2.0906999111175537,8.438300132751465,1.1875,1.8990999460220337,1.4608999490737915,3.5445001125335693,0.2207999974489212,5000,5009,10000,5006,10000,10000,5000,0.26899999380111694,1.0210000276565552,1.2904000282287598,5000,0.47359999999996466,0.4565,1,0.05740000000000001,0.027999999999999997,212992,15,15,0.4712,268848,0,0,10.611900329589844,3.768199920654297,0.9692000150680542,2.126300096511841,0.2087000012397766,0.14259999990463257,0,0,0,0,0,0,0,0,0,0,0,0,0,9.84276,6.52352
338,16.591299057006836,0.000699999975040555,8.924799919128418,1.083299994468689,2.030100107192993,1.704200029373169,3.3526999950408936,0.22759999334812164,5000,5009,10000,5006,10000,10000,5000,0.24770000576972961,0.8849999904632568,1.652500033378601,5000,0.4812999999999637,0.3819,1,0.057300000000000004,0.0199,212992,15,15,0.5273,7712,0,0,9.02340030670166,3.6682000160217285,0.8673999905586243,1.2226999998092651,0.3034999966621399,0.13539999723434448,0,0,0,0,0,0,0,0,0,0,0,0,0,10.32568,6.58772
339,26.495800018310547,8.962400436401367,8.93179988861084,1.3121999502182007,2.0978000164031982,1.5247999429702759,4.2729997634887695,0.27090001106262207,5000,5009,10000,5006,10000,10000,5000,0.3005000054836273,0.9864000082015991,1.2706999778747559,5000,0.5278999999999594,0.4994,1,0.06,0.0291,212992,15,15,0.4413,32184,0,0,17.982200622558594,4.391499996185303,1.0707000494003296,1.222599983215332,0.10350000113248825,0.12770000100135803,0.0019,5.115600109100342,0.0414,1.4478,2.5119,0.9324,0.1416,1,235798,14560,4999,2907,4618,10.00368,6.66608
340,25.906600952148438,6.603799819946289,10.456999778747559,1.569000005722046,2.6828999519348145,1.78410005569458,3.5037999153137207,0.23260000348091125,5000,5009,10000,5006,10000,10000,5000,0.2434999942779541,0.864799976348877,1.7776000499725342,5000,0.46689999999996507,0.4575,1,0.05480000000000001,0.026299999999999997,212992,15,15,0.6064,342184,1,1,17.148000717163086,3.740600109100342,0.9473000168800354,2.1830999851226807,0.22370000183582306,0.1298000067472458,0,0,0,0,0,0,0,0,0,0,0,0,0,10.55656,6.2768
341,22.803600311279297,0.000699999975040555,12.64009952545166,2.030600070953369,3.192199945449829,1.70169997215271,4.979700088500977,0.3589000105857849,5000,5009,10000,5006,10000,10000,5000,0.23669999837875366,1.3092999458312988,2.1077001094818115,5000,0.5612999999999594,0.4436,1,0.0732,0.036500000000000005,212992,15,15,0.7397,12424,0,0,12.802200317382812,5.389500141143799,0.9495999813079834,1.2934000492095947,0.39100000262260437,0.14090000092983246,0,0,0,0,0,0,0,0,0,0,0,0,0,11.25612,7.44184
342,19.673999786376953,1.246399998664856,9.090399742126465,1.2666000127792358,2.031399965286255,1.635699987411499,4.100599765777588,0.2768000066280365,5000,5009,10000,5006,10000,10000,5000,0.24449999630451202,1.1640000343322754,1.3723000288009644,5000,0.5435999999999589,0.4625,1,0.0705,0.0262,212992,15,15,0.5721,37056,0,0,10.42199993133545,4.5081000328063965,1.037500023841858,1.5729000568389893,0.3887999951839447,0.15549999475479126,0,0,0,0,0,0,0,0,0,0,0,0,0,12.14288,7.52904
343,19.890499114990234,2.7056000232696533,8.515000343322754,1.9048000574111938,0.6912000179290771,1.1726000308990479,3.4932000637054443,0.32760000228881836,5000,5009,10000,5006,10000,10000,5000,0.2597000002861023,0.9794999957084656,1.702299952507019,5000,0.46839999999996473,0.4323,1,0.0566,0.0265,212992,15,15,0.5319,331384,0,0,11.32610034942627,3.685699939727783,0.8988999724388123,2.178999900817871,0.17829999327659607,0.13760000467300415,0,0,0,0,0,0,0,0,0,0,0,0,0,11.23748,7.87148
344,15.28339958190918,0.0006000000284984708,7.342199802398682,1.2948999404907227,0.5691999793052673,0.7965999841690063,3.5144999027252197,0.3668999969959259,5000,5009,10000,5006,10000,10000,5000,0.24320000410079956,1.0013999938964844,1.6739000082015991,5000,0.5032999999999634,0.441,1,0.059399999999999994,0.0334,212992,15,15,0.7881,7712,0,0,7.432600021362305,3.5387001037597656,0.9247000217437744,1.2383999824523926,0.00839999970048666,0.15279999375343323,0,0,0,0,0,0,0,0,0,0,0,0,0,11.91188,7.2428
345,22.14430046081543,2.1835999488830566,9.931099891662598,1.8827999830245972,2.373199939727783,1.4701000452041626,4.075200080871582,0.382999986410141,5000,5009,10000,5006,10000,10000,5000,0.23280000686645508,0.8865000009536743,1.2970999479293823,5000,0.7237999999999503,0.5275,1,0.07350000000000001,0.0395,212992,15,15,0.6649,8048,0,0,12.223799705505371,4.319799900054932,1.1540000438690186,1.7508000135421753,0.22599999606609344,0.2222999930381775,0.0022,0,0.0601,1.1338,1.2631,0,0.1271,1,231536,0,0,0,4294,12.20092,7.75996
346,23.177499771118164,2.8041000366210938,11.351799964904785,2.063999891281128,2.8691999912261963,2.0090999603271484,3.696500062942505,0.25270000100135803,5000,5009,10000,5006,10000,10000,5000,0.26409998536109924,0.9135000109672546,1.6237000226974487,5000,0.5049999999999619,0.4424,1,0.05910000000000001,0.0254,212992,15,15,0.5599,283552,0,0,14.27560043334961,3.9426000118255615,0.9444000124931335,2.0525999069213867,0.23149999976158142,0.14180000126361847,0,0,0,0,0,0,0,0,0,0,0,0,0,11.96936,7.72432
347,17.896299362182617,0.0007999999797903001,9.543399810791016,1.2628999948501587,2.1468000411987305,1.5388000011444092,3.6496999263763428,0.2590000033378601,5000,5009,10000,5006,10000,10000,5000,0.2630000114440918,1.13510000705719,1.7592999935150146,5000,0.502799999999961,0.5998,1,0.059800000000000006,0.027899999999999998,212992,15,15,0.4804,7712,0,0,9.648599624633789,3.9595000743865967,1.1404000520706177,1.3131999969482422,0.2924000024795532,0.14249999821186066,0,0,0,0,0,0,0,0,0,0,0,0,0,11.54424,7.6456
348,24.957000732421875,4.043499946594238,9.777700424194336,1.3070000410079956,2.2411000728607178,1.585800051689148,6.345399856567383,0.2547000050544739,5000,5009,10000,5006,10000,10000,5000,0.24699999392032623,1.3285000324249268,1.631700038909912,5000,0.6667999999999549,0.4646,1,0.06219999999999999,0.0287,212992,15,15,0.5146,25488,0,0,13.930000305175781,6.490799903869629,0.9951000213623047,1.3389999866485596,0.1281999945640564,0.1429000049829483,0.0016,0,0.0585,1.4899,2.5774,0.9556,0.1479,1,228004,14138,4999,2898,4587,11.15828,7.24388
349,23.222400665283203,2.424499988555908,10.081999778747559,1.4926999807357788,2.1791000366210938,1.8767999410629272,3.9238998889923096,0.26510000228881836,5000,5009,10000,5006,10000,10000,5000,0.3203999996185303,0.9855999946594238,1.6679999828338623,5000,0.5798999999999557,0.5956,1,0.06920000000000001,0.0351,212992,15,15,0.7806,266200,0,0,12.61240005493164,4.174900054931641,1.2894999980926514,2.6949000358581543,0.23600000143051147,0.23980000615119934,0,0,0,0,0,0,0,0,0,0,0,0,0,10.50252,6.58048
350,21.986600875854492,0.0010000000474974513,10.694100379943848,1.254699945449829,2.1900999546051025,2.4416000843048096,5.572500228881836,0.25130000710487366,5000,5009,10000,5006,10000,10000,5000,0.272599995136261,1.3005000352859497,1.7675000429153442,5000,0.6419999999999523,0.5141,1,0.0791,0.0293,212992,15,15,0.6527,7712,0,0,10.794099807739258,5.958099842071533,1.1847000122070312,1.6461000442504883,0.36390000581741333,0.15029999613761902,0,0,0,0,0,0,0,0,0,0,0,0,0,10.76364,6.66912
351,29.166000366210938,12.049099922180176,9.092300415039062,1.257699966430664,2.2248001098632812,1.4759999513626099,4.003600120544434,0.2508000135421753,5000,5009,10000,5006,10000,10000,5000,0.2451000064611435,1.1668000221252441,1.3430999517440796,5000,0.4471999999999673,0.4175,1,0.052899999999999996,0.0245,212992,15,15,0.4592,24320,0,0,21.254899978637695,4.103300094604492,0.8482000231742859,1.2431999444961548,0.08309999853372574,0.13379999995231628,0.0028,8.209099769592285,0.0536,1.4147,2.3654,0.8286,0.1602,1,225404,13759,4998,2711,4519,11.0278,6.55412
352,22.305500030517578,1.804900050163269,9.78339958190918,1.2005000114440918,1.8990000486373901,1.9068000316619873,5.205399990081787,0.21230000257492065,5000,5009,10000,5006,10000,10000,5000,0.20579999685287476,1.8528000116348267,1.4631999731063843,5000,0.5493999999999586,0.4309,1,0.0678,0.0339,212992,15,15,0.5529,216848,0,0,11.687000274658203,5.450200080871582,0.9434999823570251,2.1212000846862793,0.22210000455379486,0.16680000722408295,0,0,0,0,0,0,0,0,0,0,0,0,0,11.3026,6.99728
353,16.953699111938477,0.0007999999797903001,9.206399917602539,1.2213000059127808,2.1637001037597656,1.4550000429153442,3.2918999195098877,0.22370000183582306,5000,5009,10000,5006,10000,10000,5000,0.2483000010251999,0.8705000281333923,1.8051999807357788,5000,0.45209999999996653,0.486,1,0.057699999999999994,0.0274,212992,15,15,0.4823,7712,0,0,9.310199737548828,3.580399990081787,0.9603999853134155,1.3732999563217163,0.2732999920845032,0.1363999992609024,0,0,0,0,0,0,0,0,0,0,0,0,0,11.5726,7.30944
354,18.90570068359375,1.2216999530792236,9.6850004196167,1.6426000595092773,2.4254000186920166,1.440999984741211,3.4872000217437744,0.2387000024318695,5000,5009,10000,5006,10000,10000,5000,0.2596000134944916,0.9121999740600586,1.6396000385284424,5000,0.4921999999999624,0.4115,1,0.057199999999999994,0.0259,212992,15,15,0.5676,25320,0,0,10.995100021362305,3.8189001083374023,0.9284999966621399,1.225100040435791,0.3165999948978424,0.13979999721050262,0,0,0,0,0,0,0,0,0,0,0,0,0,11.35452,7.2912
355,19.84269905090332,2.7492001056671143,7.378900051116943,1.4515000581741333,0.6717000007629395,0.8535000085830688,3.761399984359741,0.2517000138759613,5000,5009,10000,5006,10000,10000,5000,0.28760001063346863,0.9659000039100647,1.6414999961853027,5000,0.5094999999999604,0.6185,1,0.060899999999999996,0.0281,212992,15,15,0.68,344336,0,0,10.216099739074707,3.96589994430542,1.2324999570846558,2.3847999572753906,0.1899999976158142,0.15000000596046448,0,0,0,0,0,0,0,0,0,0,0,0,0,11.28912,7.26464
356,16.996000289916992,0.0008999999845400453,8.442899703979492,1.3646999597549438,0.47209998965263367,1.0261000394821167,4.165299892425537,0.397599995136261,5000,5009,10000,5006,10000,10000,5000,0.33239999413490295,1.5729000568389893,1.7491999864578247,5000,0.5411999999999594,0.4548,1,0.0603,0.025,212992,15,15,0.5569,7712,0,0,8.5516996383667,4.190000057220459,0.9728000164031982,1.3219000101089478,0.00839999970048666,0.14470000565052032,0,0,0,0,0,0,0,0,0,0,0,0,0,10.74584,6.99064
357,20.26740074157715,2.3180999755859375,9.237700462341309,1.3657000064849854,2.174099922180176,1.726199984550476,4.072700023651123,0.2732999920845032,5000,5009,10000,5006,10000,10000,5000,0.2777999937534332,1.0485999584197998,1.2122000455856323,5000,0.5459999999999597,0.5985,1,0.0609,0.0259,212992,15,15,0.5335,8048,0,0,11.644700050354004,4.174699783325195,1.1405999660491943,1.3626999855041504,0.08540000021457672,0.1378999948501587,0.0023,0,0.0435,1.2785,1.4096,0.0001,0.1253,1,221830,0,0,0,4173,10.59492,6.80012
358,24.79509925842285,2.656399965286255,12.369199752807617,2.8069000244140625,2.5348000526428223,1.9111000299453735,4.312300205230713,0.4426000118255615,5000,5009,10000,5006,10000,10000,5000,0.3012000024318695,0.9937000274658203,1.7167999744415283,5000,0.5637999999999578,0.4356,1,0.06960000000000001,0.027,212992,15,15,0.5206,276336,0,0,15.114100456237793,4.542600154876709,0.9907000064849854,2.1547999382019043,0.21389999985694885,0.1500999927520752,0,0,0,0,0,0,0,0,0,0,0,0,0,10.22692,6.50836
359,18.457799911499023,0.0007999999797903001,9.600899696350098,1.3707000017166138,2.199199914932251,1.617400050163269,4.0914998054504395,0.31130000948905945,5000,5009,10000,5006,10000,10000,5000,0.25440001487731934,1.0185999870300293,1.5368000268936157,5000,0.5834999999999567,0.4283,1,0.0647,0.0262,212992,15,15,0.5206,7712,0,0,9.698100090026855,4.372000217437744,0.9951000213623047,1.3767999410629272,0.2653999924659729,0.15970000624656677,0,0,0,0,0,0,0,0,0,0,0,0,0,9.96596,6.3158
360,23.114599227905273,4.092400074005127,9.493399620056152,1.42739999294281,2.2492001056671143,1.4895999431610107,4.482399940490723,0.27379998564720154,5000,5009,10000,5006,10000,10000,5000,0.2558000087738037,1.00600004196167,1.607699990272522,5000,0.6980999999999496,0.4731,1,0.067,0.031,212992,15,15,0.5799,22184,0,0,13.678899765014648,4.6269001960754395,1.1095000505447388,1.3015999794006348,0.1298999935388565,0.1469999998807907,0.0021,0,0.0455,1.4121,2.5347,0.9888,0.1478,1,219382,13335,4998,2656,4503,9.5154,6.2788
361,21.415300369262695,2.3410000801086426,9.487299919128418,1.3361999988555908,2.008699893951416,1.5961999893188477,4.090700149536133,0.23899999260902405,5000,5009,10000,5006,10000,10000,5000,0.2378000020980835,1.4394999742507935,1.4436999559402466,5000,0.5023999999999612,0.7201,1,0.059800000000000006,0.0271,212992,15,15,0.557,288800,0,0,11.919599533081055,4.314599990844727,1.238800048828125,2.0394999980926514,0.20440000295639038,0.1428000032901764,0,0,0,0,0,0,0,0,0,0,0,0,0,9.77392,5.8638
362,17.57080078125,0.0007999999797903001,9.67140007019043,1.6591999530792236,2.0253000259399414,1.4006999731063843,3.426300048828125,0.3686999976634979,5000,5009,10000,5006,10000,10000,5000,0.2782999873161316,0.8935999870300293,1.6849000453948975,5000,0.47409999999996444,0.4806,1,0.05670000000000001,0.0196,212992,15,15,0.4917,7712,0,0,9.760299682617188,3.731100082397461,0.9765999913215637,1.295300006866455,0.2890999913215637,0.15889999270439148,0,0,0,0,0,0,0,0,0,0,0,0,0,10.31936,6.43944
363,26.6875,8.697699546813965,10.107999801635742,1.4793000221252441,2.2952001094818115,1.9350999593734741,3.810699939727783,0.26269999146461487,5000,5009,10000,5006,10000,10000,5000,0.32440000772476196,0.9768999814987183,1.5582000017166138,5000,0.4697999999999646,0.4057,1,0.054099999999999995,0.0252,212992,15,15,0.5921,22160,0,0,18.89419937133789,3.916100025177002,0.8701000213623047,1.1507999897003174,0.0908999964594841,0.13940000534057617,0.0019,5.138000011444092,0.0496,1.1879,2.1653,0.851,0.1517,1,216126,13180,4999,2512,4420,9.8448,6.5364
364,19.28420066833496,2.185499906539917,8.824000358581543,1.156999945640564,1.823099970817566,1.961400032043457,3.5680999755859375,0.2362000048160553,5000,5009,10000,5006,10000,10000,5000,0.27250000834465027,0.8271999955177307,1.3964999914169312,5000,0.4487999999999669,0.3764,1,0.05360000000000001,0.026,212992,15,15,0.4133,289832,0,0,11.095499992370605,3.780600070953369,0.8352000117301941,1.9492000341415405,0.19859999418258667,0.12950000166893005,0,0,0,0,0,0,0,0,0,0,0,0,0,9.96248,6.23028
365,16.339799880981445,0.0006000000284984708,8.386899948120117,1.2137999534606934,1.8705999851226807,1.3825000524520874,3.695499897003174,0.23849999904632568,5000,5009,10000,5006,10000,10000,5000,0.21320000290870667,0.8809000253677368,1.476099967956543,5000,0.4971999999999621,0.4058,1,0.05789999999999999,0.0248,212992,15,15,0.4662,7712,0,0,8.467900276184082,3.9672000408172607,0.8912000060081482,1.246899962425232,0.25920000672340393,0.13030000030994415,0,0,0,0,0,0,0,0,0,0,0,0,0,10.30216,6.42972
366,18.92460060119629,1.1865999698638916,9.161299705505371,1.4319000244140625,2.1171998977661133,1.503499984741211,3.900399923324585,0.26350000500679016,5000,5009,10000,5006,10000,10000,5000,0.27239999175071716,0.9855999946594238,1.4793000221252441,5000,0.5560999999999572,0.4605,1,0.0649,0.0224,212992,15,15,0.5109,19344,0,0,10.429300308227539,4.053400039672852,1.0297000408172607,1.419700026512146,0.13819999992847443,0.15610000491142273,0,0,0,0,0,0,0,0,0,0,0,0,0,10.1372,6.42444
367,20.04840087890625,2.5,7.519000053405762,1.4656000137329102,0.5309000015258789,0.8776000142097473,4.2042999267578125,0.2736000120639801,5000,5009,10000,5006,10000,10000,5000,0.3127000033855438,1.0605000257492065,1.6613999605178833,5000,0.6374999999999544,0.5542,1,0.0671,0.0271,212992,15,15,0.5096,263480,0,0,10.111700057983398,4.3867998123168945,1.1894999742507935,2.2237000465393066,0.16509999334812164,0.15539999306201935,0,0,0,0,0,0,0,0,0,0,0,0,0,9.5252,5.96232
368,17.735300064086914,0.0007999999797903001,7.876299858093262,1.5586999654769897,0.539900004863739,0.7763000130653381,4.825799942016602,0.3061999976634979,5000,5009,10000,5006,10000,10000,5000,0.2978000044822693,1.2030999660491943,1.908400058746338,5000,0.7018999999999503,0.4708,1,0.07590000000000001,0.0314,212992,15,15,0.5592,7712,0,0,7.969200134277344,4.85260009765625,1.1308000087738037,1.4104000329971313,0.010400000028312206,0.1543000042438507,0,0,0,0,0,0,0,0,0,0,0,0,0,9.5174,5.97008
369,23.306499481201172,2.737799882888794,10.476699829101562,1.6328999996185303,2.316699981689453,1.7233999967575073,5.078700065612793,0.3285999894142151,5000,5009,10000,5006,10000,10000,5000,0.314300000667572,1.218999981880188,1.5733000040054321,5000,0.7224999999999472,0.4729,1,0.0752,0.0275,212992,15,15,0.5695,8048,0,0,13.312899589538574,5.209499835968018,1.082900047302246,1.3478000164031982,0.11540000140666962,0.15729999542236328,0.0018,0,0.0514,1.5421,1.708,0,0.155,1,213172,0,0,0,4045,8.91872,5.23
370,21.281099319458008,2.074700117111206,8.930800437927246,1.2856999635696411,1.9168000221252441,1.669700026512146,4.796199798583984,0.2418999969959259,5000,5009,10000,5006,10000,10000,5000,0.27720001339912415,0.9075000286102295,1.4982000589370728,5000,0.5215999999999598,0.5092,1,0.06199999999999999,0.020200000000000003,212992,15,15,0.5094,206672,0,0,11.09630012512207,5.083099842071533,1.0434999465942383,2.1614999771118164,0.2671999931335449,0.13809999823570251,0,0,0,0,0,0,0,0,0,0,0,0,0,9.57336,5.64204
371,16.136899948120117,0.0008999999845400453,8.476699829101562,1.0917999744415283,1.937999963760376,1.2682000398635864,3.362499952316284,0.22259999811649323,5000,5009,10000,5006,10000,10000,5000,0.2443999946117401,0.9032999873161316,1.6934000253677368,5000,0.5108999999999615,0.3632,1,0.056900000000000006,0.0315,212992,15,15,0.4429,7712,0,0,8.57509994506836,3.5947999954223633,0.8535000085830688,1.270300030708313,0.21649999916553497,0.14470000565052032,0,0,0,0,0,0,0,0,0,0,0,0,0,10.24656,6.38876
372,20.991899490356445,3.3736000061035156,9.272100448608398,1.4381999969482422,2.194499969482422,1.4884999990463257,3.8740999698638916,0.26339998841285706,5000,5009,10000,5006,10000,10000,5000,0.2506999969482422,0.9692999720573425,1.36489999294281,5000,0.5548999999999584,0.4001,1,0.0635,0.026799999999999997,212992,15,15,0.4949,19056,0,0,12.736000061035156,3.9888999462127686,0.954200029373169,1.3589999675750732,0.10040000081062317,0.15080000460147858,0.0018,0,0.0411,1.1224,2.0652,0.8227,0.1402,1,210680,12740,4999,2488,4390,10.14272,6.84872
373,22.847400665283203,3.036099910736084,10.557900428771973,1.5817999839782715,2.711899995803833,1.8983999490737915,3.79229998588562,0.25780001282691956,5000,5009,10000,5006,10000,10000,5000,0.2578999996185303,1.0049999952316284,1.5906000137329102,5000,0.5298999999999593,0.4362,1,0.062,0.025599999999999998,212992,15,15,0.478,283848,0,0,13.694199562072754,4.017099857330322,0.9695000052452087,2.289099931716919,0.2070000022649765,0.13580000400543213,0,0,0,0,0,0,0,0,0,0,0,0,0,10.35396,6.23932
374,16.87420082092285,0.0007999999797903001,8.8996000289917,1.1865999698638916,1.9909000396728516,1.6512999534606934,3.6001999378204346,0.22930000722408295,5000,5009,10000,5006,10000,10000,5000,0.25369998812675476,0.8894000053405762,1.611899971961975,5000,0.484499999999963,0.48,1,0.0571,0.0189,212992,15,15,0.5109,7712,0,0,8.987500190734863,3.7488999366760254,1.0210000276565552,1.3032000064849854,0.13439999520778656,0.13989999890327454,0,0,0,0,0,0,0,0,0,0,0,0,0,10.96464,6.79296
375,30.632999420166016,9.328900337219238,13.518400192260742,2.3529999256134033,3.2852001190185547,1.988700032234192,3.4526000022888184,0.44279998540878296,5000,5009,10000,5006,10000,10000,5000,0.304500013589859,1.2825000286102295,2.1749000549316406,5000,0.4555999999999661,0.4366,1,0.060300000000000006,0.026099999999999998,212992,15,15,0.4485,20288,0,0,22.938199996948242,3.548799991607666,0.9678999781608582,1.4681999683380127,0.0794999971985817,0.1421000063419342,0.0019,5.2993998527526855,0.043,1.2499,2.4241,1.0148,0.1847,1,207804,12404,4998,2345,4324,10.70968,6.39916
376,20.633100509643555,3.065700054168701,9.243399620056152,1.1332999467849731,1.9386999607086182,2.1554999351501465,3.0929999351501465,0.20569999516010284,5000,5009,10000,5006,10000,10000,5000,0.30070000886917114,0.9477999806404114,1.458799958229065,5000,0.430899999999969,0.4648,1,0.0529,0.0258,212992,15,15,0.6619,281328,0,0,12.40719985961914,3.3770999908447266,1.0468000173568726,1.9348000288009644,0.2680000066757202,0.13740000128746033,0,0,0,0,0,0,0,0,0,0,0,0,0,11.59912,7.10552
377,17.115999221801758,0.0007999999797903001,9.241100311279297,1.1397000551223755,2.251499891281128,1.6715999841690063,3.2334001064300537,0.22460000216960907,5000,5009,10000,5006,10000,10000,5000,0.2903999984264374,0.8463000059127808,1.6994999647140503,5000,0.4526999999999666,0.6245,1,0.060000000000000005,0.0312,212992,15,15,0.8047,7712,0,0,9.32800006866455,3.3726000785827637,1.1087000370025635,1.2390999794006348,0.1265999972820282,0.13009999692440033,0,0,0,0,0,0,0,0,0,0,0,0,0,11.59012,7.28464
378,18.22260093688965,1.1603000164031982,8.952199935913086,1.4119999408721924,2.170799970626831,1.4459999799728394,3.813999891281128,0.23919999599456787,5000,5009,10000,5006,10000,10000,5000,0.2632000148296356,0.8930000066757202,1.4488999843597412,5000,0.48539999999996286,0.4267,1,0.0582,0.0233,212992,15,15,0.5499,23880,0,0,10.198699951171875,3.950700044631958,0.9182000160217285,1.2848000526428223,0.12309999763965607,0.13830000162124634,0,0,0,0,0,0,0,0,0,0,0,0,0,11.48748,7.22552
379,19.249399185180664,2.5464999675750732,6.975800037384033,1.3425999879837036,0.5379999876022339,0.8284000158309937,3.7665998935699463,0.24969999492168427,5000,5009,10000,5006,10000,10000,5000,0.243599995970726,0.9434000253677368,1.5848000049591064,5000,0.5186999999999599,0.4567,1,0.0624,0.0338,212992,15,15,0.6564,328816,0,0,9.625200271606445,3.963099956512451,0.9990000128746033,2.613800048828125,0.18230000138282776,0.14630000293254852,0,0,0,0,0,0,0,0,0,0,0,0,0,10.92588,7.01168
380,15.645099639892578,0.000699999975040555,7.092400074005127,1.3299000263214111,0.5116999745368958,0.6266000270843506,3.9674999713897705,0.2669999897480011,5000,5009,10000,5006,10000,10000,5000,0.2849999964237213,1.0118000507354736,1.7807999849319458,5000,0.576399999999959,0.4238,1,0.0643,0.0263,212992,15,15,0.4713,7712,0,0,7.182600021362305,3.990299940109253,0.9929999709129333,1.5361000299453735,0.008299999870359898,0.16539999842643738,0,0,0,0,0,0,0,0,0,0,0,0,0,10.41776,6.69064
381,22.607999801635742,2.459399938583374,9.932700157165527,1.707900047302246,2.191800117492676,1.7098000049591064,5.1020002365112305,0.32100000977516174,5000,5009,10000,5006,10000,10000,5000,0.2867000102996826,1.0968999862670898,1.353600025177002,5000,0.6566999999999507,0.4296,1,0.06949999999999999,0.0302,212992,15,15,0.574,8048,0,0,12.51039981842041,5.21560001373291,1.0286999940872192,1.5341999530792236,0.09650000184774399,0.15610000491142273,0.0019,0,0.0458,1.3104,1.4764,0,0.148,1,204572,0,0,0,3932,10.1158,6.41336
382,24.4862003326416,2.248800039291382,10.729700088500977,1.80649995803833,2.22760009765625,1.7497999668121338,4.67110013961792,0.31540000438690186,5000,5009,10000,5006,10000,10000,5000,0.29350000619888306,1.0707000494003296,1.854099988937378,5000,0.6225999999999537,0.6094,1,0.071,0.0223,212992,15,15,0.5489,259528,0,0,13.074700355529785,5.000899791717529,1.3246999979019165,2.9351000785827637,0.31439998745918274,0.16220000386238098,0,0,0,0,0,0,0,0,0,0,0,0,0,9.64844,5.93752
383,19.656999588012695,0.0007999999797903001,9.987799644470215,1.3655999898910522,2.2574000358581543,1.625100016593933,4.785299777984619,0.265500009059906,5000,5009,10000,5006,10000,10000,5000,0.2856000065803528,1.0651999711990356,1.8245999813079834,5000,0.5620999999999573,0.4407,1,0.0639,0.0292,212992,15,15,0.5906,7712,0,0,10.080599784851074,4.956999778747559,1.006700038909912,1.444700002670288,0.1527000069618225,0.14949999749660492,0,0,0,0,0,0,0,0,0,0,0,0,0,9.99956,6.59912
384,31.074600219726562,3.3059000968933105,17.871999740600586,2.6501998901367188,2.59089994430542,2.2558000087738037,4.314799785614014,0.4056999981403351,5000,5009,10000,5006,10000,10000,5000,5.905399799346924,1.0396000146865845,1.4190000295639038,5000,0.508799999999961,0.5924,1,0.06509999999999999,0.0303,212992,15,15,0.5482,24600,0,0,21.276199340820312,4.697299957275391,1.7396999597549438,1.347499966621399,0.08749999850988388,0.13109999895095825,0.0023,0,0.0436,1.1213,2.0024,0.7631,0.1612,1,202436,12035,4998,2330,4309,12.75664,7.48596
385,21.370500564575195,1.9736000299453735,10.566399574279785,1.2888000011444092,3.0731000900268555,1.6115000247955322,3.174999952316284,0.22519999742507935,5000,5009,10000,5006,10000,10000,5000,0.25850000977516174,1.3631000518798828,1.4883999824523926,5000,0.43569999999996895,0.6219,1,0.0525,0.029400000000000003,212992,15,15,0.5144,247800,0,0,12.640299797058105,3.4600000381469727,1.1009999513626099,2.4314000606536865,0.2703999876976013,0.1680999994277954,0,0,0,0,0,0,0,0,0,0,0,0,0,13.63948,8.49336
386,21.5314998626709,0.000699999975040555,13.154800415039062,2.2379000186920166,3.61899995803833,2.2239999771118164,3.60509991645813,0.35580000281333923,5000,5009,10000,5006,10000,10000,5000,0.3100000023841858,1.2036999464035034,1.7339999675750732,5000,0.46909999999996543,0.4861,1,0.0554,0.0225,212992,15,15,0.5907,7712,0,0,13.242600440979004,3.74780011177063,0.9567999839782715,1.7168999910354614,0.1274999976158142,0.14159999787807465,0,0,0,0,0,0,0,0,0,0,0,0,0,12.89372,8.13676
387,28.34589958190918,8.841500282287598,9.685999870300293,1.3674999475479126,2.0848000049591064,1.521399974822998,4.6508002281188965,0.26159998774528503,5000,5009,10000,5006,10000,10000,5000,0.2777999937534332,1.0103000402450562,1.9749000072479248,5000,0.6390999999999524,0.5545,1,0.08299999999999999,0.038,212992,15,15,0.6537,19192,0,0,18.615400314331055,4.817699909210205,1.1047999858856201,1.3660000562667847,0.1451999992132187,0.1590999960899353,0.0021,5.503200054168701,0.0401,1.2316,2.0719,0.7241,0.1518,1,200318,11858,4998,2199,4203,12.81424,8.03764
388,24.818199157714844,3.988300085067749,11.574999809265137,1.7663999795913696,2.767699956893921,1.8737000226974487,3.458899974822998,0.28369998931884766,5000,5009,10000,5006,10000,10000,5000,0.3181999921798706,1.3846999406814575,1.7330000400543213,5000,0.47069999999996454,0.4362,1,0.0558,0.027,212992,15,15,0.4822,385728,0,0,15.671199798583984,3.8059000968933105,0.9182000160217285,2.63100004196167,0.32749998569488525,0.16189999878406525,0,0,0,0,0,0,0,0,0,0,0,0,0,11.6408,7.90688
389,16.4606990814209,0.0007999999797903001,8.980899810791016,1.1546000242233276,2.1026999950408936,1.464900016784668,3.3392999172210693,0.24560000002384186,5000,5009,10000,5006,10000,10000,5000,0.2280000001192093,0.9120000004768372,1.6986000537872314,5000,0.4642999999999652,0.4273,1,0.055299999999999995,0.0284,212992,15,15,0.4584,7712,0,0,9.069000244140625,3.468899965286255,0.9067999720573425,1.2893999814987183,0.11490000039339066,0.14489999413490295,0,0,0,0,0,0,0,0,0,0,0,0,0,11.44492,7.21752
390,20.69890022277832,1.125,11.001799583435059,1.7704999446868896,2.787100076675415,2.3243000507354736,3.646399974822998,0.2508000135421753,5000,5009,10000,5006,10000,10000,5000,0.32429999113082886,0.9480000138282776,1.4479999542236328,5000,0.5115999999999602,0.4317,1,0.061700000000000005,0.0212,212992,15,15,0.534,20184,0,0,12.214699745178223,3.8106000423431396,0.9602000117301941,1.3499000072479248,0.14910000562667847,0.6025999784469604,0,0,0,0,0,0,0,0,0,0,0,0,0,10.93964,6.92564
391,20.053600311279297,2.0053999423980713,7.958899974822998,1.5520000457763672,0.7139999866485596,0.9182999730110168,4.025400161743164,0.2703000009059906,5000,5009,10000,5006,10000,10000,5000,0.3068000078201294,1.212399959564209,1.6927000284194946,5000,0.561399999999958,0.5591,1,0.0829,0.038,212992,15,15,0.6348,212920,0,0,10.064000129699707,4.19290018081665,1.205199956893921,2.320199966430664,0.14589999616146088,0.14720000326633453,0,0,0,0,0,0,0,0,0,0,0,0,0,10.75848,6.6758
392,17.68670082092285,0.000699999975040555,9.101799964904785,1.7493000030517578,0.8809000253677368,0.7634999752044678,4.319499969482422,0.4381999969482422,5000,5009,10000,5006,10000,10000,5000,0.2847999930381775,1.5979000329971313,1.8914999961853027,5000,0.5447999999999587,0.4335,1,0.0624,0.030000000000000002,212992,15,15,0.4695,7712,0,0,9.19480037689209,4.34660005569458,1.0332000255584717,1.2157000303268433,0.009800000116229057,0.1370999962091446,0,0,0,0,0,0,0,0,0,0,0,0,0,10.52288,6.65664
393,21.023700714111328,2.237499952316284,9.889200210571289,1.4483000040054321,1.9428000450134277,2.0524001121520996,4.180699825286865,0.3440999984741211,5000,5009,10000,5006,10000,10000,5000,0.2782999873161316,1.294800043106079,1.3051999807357788,5000,0.5772999999999564,0.4605,1,0.0668,0.0299,212992,15,15,0.5851,8048,0,0,12.21500015258789,4.286399841308594,1.0341999530792236,1.4050999879837036,0.08749999850988388,0.1436000019311905,0.0018,0,0.0437,1.1974,1.3405,0.0001,0.1217,1,198244,0,0,0,3794,10.14684,6.29164
394,24.622299194335938,2.795799970626831,10.533100128173828,1.5246000289916992,2.085400104522705,1.9707000255584717,4.610199928283691,0.2854999899864197,5000,5009,10000,5006,10000,10000,5000,0.30640000104904175,1.0367000102996826,1.9213999509811401,5000,0.6751999999999531,0.4377,1,0.07650000000000001,0.0259,212992,15,15,0.5598,330360,0,0,13.42140007019043,5.0644001960754395,1.006700038909912,2.8136000633239746,0.43810001015663147,0.14589999616146088,0,0,0,0,0,0,0,0,0,0,0,0,0,10.07284,5.80424
395,18.506099700927734,0.0010000000474974513,10.26200008392334,1.6266000270843506,2.4790000915527344,1.6881999969482422,3.7314000129699707,0.29660001397132874,5000,5009,10000,5006,10000,10000,5000,0.31310001015663147,0.9563000202178955,1.7366000413894653,5000,0.48199999999996335,0.4411,1,0.057100000000000005,0.0259,212992,15,15,0.4783,7712,0,0,10.359999656677246,3.8640999794006348,0.9718000292778015,1.5056999921798706,0.11800000071525574,0.13899999856948853,0,0,0,0,0,0,0,0,0,0,0,0,0,10.99528,6.5326
396,27.17919921875,9.169300079345703,10.215800285339355,1.399399995803833,2.3824000358581543,1.6649999618530273,3.6953999996185303,0.25279998779296875,5000,5009,10000,5006,10000,10000,5000,0.3513999879360199,0.9983000159263611,1.9656000137329102,5000,0.45129999999996673,0.3994,1,0.0543,0.026699999999999998,212992,15,15,0.4965,21448,0,0,19.478900909423828,3.7908999919891357,0.8536999821662903,1.2193000316619873,0.07800000160932541,0.21719999611377716,0.002,5.318699836730957,0.0649,1.5345,2.3794,0.7025,0.1757,1,195784,11401,4997,2166,4169,10.99256,6.69964
397,19.558700561523438,2.2221999168395996,8.767499923706055,1.1411999464035034,1.9417999982833862,1.972100019454956,3.0903000831604004,0.21299999952316284,5000,5009,10000,5006,10000,10000,5000,0.2540000081062317,0.8305000066757202,1.3210999965667725,5000,0.4378999999999682,0.3879,1,0.053000000000000005,0.0265,212992,15,15,0.535,265328,0,0,11.0871000289917,3.371999979019165,0.8363000154495239,2.4971001148223877,0.2669999897480011,0.12219999730587006,0,0,0,0,0,0,0,0,0,0,0,0,0,11.34156,6.99108
398,16.45400047302246,0.0008999999845400453,8.921899795532227,1.170300006866455,2.1982998847961426,1.3707000017166138,3.3178000450134277,0.23309999704360962,5000,5009,10000,5006,10000,10000,5000,0.25540000200271606,0.850600004196167,1.7067999839782715,5000,0.4741999999999653,0.3698,1,0.0561,0.0266,212992,15,15,0.46,7712,0,0,9.004799842834473,3.4507999420166016,0.8522999882698059,1.3914999961853027,0.11919999867677689,0.1386999934911728,0,0,0,0,0,0,0,0,0,0,0,0,0,11.40056,6.99016
399,26.58810043334961,8.95829963684082,9.282899856567383,1.496399998664856,1.9896999597549438,1.5053000450134277,3.8371999263763428,0.3197999894618988,5000,5009,10000,5006,10000,10000,5000,0.32679998874664307,0.9634000062942505,1.5,5000,0.5405999999999591,0.4538,1,0.0611,0.0267,212992,15,15,0.5543,19472,0,0,18.32990074157715,3.9521000385284424,0.9722999930381775,1.323199987411499,0.09759999811649323,0.14630000293254852,0.0019,5.708899974822998,0.0421,1.0503,1.8869,0.712,0.1806,1,193100,11218,4997,2072,4097,10.75384,6.589
400,22.903200149536133,2.726099967956543,11.230999946594238,1.8005000352859497,2.947200059890747,1.5536999702453613,3.4323999881744385,0.24459999799728394,5000,5009,10000,5006,10000,10000,5000,0.2635999917984009,0.8578000068664551,1.9950000047683716,5000,0.48189999999996386,0.5555,1,0.058100000000000006,0.0366,212992,15,15,0.5961,234336,0,0,14.055899620056152,3.6956000328063965,1.1252000331878662,2.1113998889923096,0.24940000474452972,0.13750000298023224,0,0,0,0,0,0,0,0,0,0,0,0,0,10.64848,6.48572
401,17.763200759887695,0.0007999999797903001,9.651800155639648,1.2372000217437744,2.202399969100952,2.0441999435424805,3.410599946975708,0.22939999401569366,5000,5009,10000,5006,10000,10000,5000,0.2305999994277954,0.8866000175476074,1.680400013923645,5000,0.5260999999999627,0.5968,1,0.0635,0.0329,212992,15,15,0.6571,7712,0,0,9.745800018310547,3.5339999198913574,1.1198999881744385,1.24399995803833,0.11010000109672546,0.13539999723434448,0,0,0,0,0,0,0,0,0,0,0,0,0,11.04072,6.75896
402,20.72760009765625,1.580399990081787,10.23900032043457,1.558899998664856,2.1208999156951904,1.7178000211715698,3.682499885559082,0.5214999914169312,5000,5009,10000,5006,10000,10000,5000,0.27649998664855957,0.9226999878883362,1.5570000410079956,5000,0.5411999999999607,0.6877,1,0.0602,0.0298,212992,15,15,0.577,17176,0,0,11.909199714660645,3.804800033569336,1.204800009727478,1.750100016593933,0.10830000042915344,0.1467999964952469,0,0,0,0,0,0,0,0,0,0,0,0,0,11.4162,6.84448
403,20.55150032043457,2.628000020980835,9.26710033416748,1.5936000347137451,1.1469000577926636,1.0546000003814697,3.523099899291992,0.352400004863739,5000,5009,10000,5006,10000,10000,5000,0.2955999970436096,1.2136000394821167,1.931399941444397,5000,0.49359999999996207,0.4122,1,0.05790000000000001,0.0202,212992,15,15,0.5295,252944,0,0,12.009699821472168,3.6875998973846436,0.9132000207901001,2.058799982070923,0.14980000257492065,0.1517000049352646,0,0,0,0,0,0,0,0,0,0,0,0,0,11.35984,6.98344
404,15.22130012512207,0.000699999975040555,7.227099895477295,1.207800030708313,0.5311999917030334,1.0046000480651855,3.565500020980835,0.2596000134944916,5000,5009,10000,5006,10000,10000,5000,0.2962999939918518,0.9703999757766724,1.6193000078201294,5000,0.493899999999962,0.4866,1,0.059500000000000004,0.0274,212992,15,15,0.6653,7712,0,0,7.3105998039245605,3.589400053024292,1.048799991607666,1.2542999982833862,0.008899999782443047,0.15279999375343323,0,0,0,0,0,0,0,0,0,0,0,0,0,11.4866,7.03052
405,19.68560028076172,2.3949999809265137,9.00220012664795,1.3743000030517578,2.2147998809814453,1.451200008392334,3.8215999603271484,0.24629999697208405,5000,5009,10000,5006,10000,10000,5000,0.23100000619888306,0.947700023651123,1.4222999811172485,5000,0.5124999999999603,0.4527,1,0.0592,0.0275,212992,15,15,0.5331,8048,0,0,11.487199783325195,3.915800094604492,1.0003999471664429,1.3350000381469727,0.0778999999165535,0.14550000429153442,0.0019,0,0.0416,1.1601,1.3519,0.0001,0.1411,1,191048,0,0,0,3648,11.00028,6.97896
406,23.673500061035156,2.4447999000549316,10.444999694824219,1.4176000356674194,2.2678000926971436,1.9912999868392944,3.928499937057495,0.2549000084400177,5000,5009,10000,5006,10000,10000,5000,0.3077000081539154,0.9578999876976013,1.9049999713897705,5000,0.5758999999999568,0.5253,1,0.0649,0.026699999999999998,212992,15,15,0.6084,368568,0,0,12.979700088500977,4.227099895477295,1.0866999626159668,3.2925000190734863,0.28540000319480896,0.1459999978542328,0,0,0,0,0,0,0,0,0,0,0,0,0,10.2648,6.42992
407,19.492300033569336,0.0008999999845400453,9.716099739074707,1.440000057220459,2.092099905014038,1.4867000579833984,4.623000144958496,0.2838999927043915,5000,5009,10000,5006,10000,10000,5000,0.2822999954223633,1.0586999654769897,1.8105000257492065,5000,0.6407999999999544,0.5123,1,0.079,0.0214,212992,15,15,0.6127,7712,0,0,9.809000015258789,4.756199836730957,1.1208000183105469,1.498900055885315,0.11890000104904175,0.14970000088214874,0,0,0,0,0,0,0,0,0,0,0,0,0,9.86712,6.12312
408,24.078500747680664,3.6149001121520996,10.484700202941895,1.5555000305175781,2.2607998847961426,1.7755999565124512,4.932400226593018,0.4584999978542328,5000,5009,10000,5006,10000,10000,5000,0.3571000099182129,1.215999960899353,1.3614000082015991,5000,0.6896999999999492,0.5718,1,0.0727,0.0292,212992,15,15,0.5481,15888,0,0,14.202099800109863,5.0482001304626465,1.205199956893921,1.3569999933242798,0.10140000283718109,0.14300000667572021,0.0024,0,0.0489,1.2809,2.3013,0.8703,0.1557,1,189156,10928,4998,2056,4069,9.22992,5.8992
409,21.170499801635742,2.0710999965667725,9.154800415039062,1.277500033378601,2.0589001178741455,1.6349999904632568,3.8893001079559326,0.2459000051021576,5000,5009,10000,5006,10000,10000,5000,0.34540000557899475,0.8863999843597412,1.534600019454956,5000,0.5429999999999587,0.4788,1,0.06269999999999999,0.0243,212992,15,15,0.5318,263624,0,0,11.314499855041504,4.203499794006348,1.0223000049591064,2.655400037765503,0.30070000886917114,0.15449999272823334,0,0,0,0,0,0,0,0,0,0,0,0,0,9.33944,5.40948
410,16.8341007232666,0.0012000000569969416,8.723099708557129,1.124899983406067,1.8559999465942383,1.5809999704360962,3.610100030899048,0.23559999465942383,5000,5009,10000,5006,10000,10000,5000,0.21879999339580536,0.8959000110626221,1.6467000246047974,5000,0.5213999999999598,0.4942,1,0.06,0.0266,212992,15,15,0.5368,7712,0,0,8.820300102233887,3.7284998893737793,1.0338000059127808,1.315500020980835,0.10599999874830246,0.15600000321865082,0,0,0,0,0,0,0,0,0,0,0,0,0,10.00372,5.972
411,27.520599365234375,9.675800323486328,10.01710033416748,1.4443999528884888,2.266700029373169,1.5943000316619873,3.9022998809814453,0.2879999876022339,5000,5009,10000,5006,10000,10000,5000,0.3050000071525574,1.226099967956543,1.6401000022888184,5000,0.4771999999999638,0.3634,1,0.05650000000000001,0.019299999999999998,212992,15,15,0.461,16888,0,0,19.80229949951172,4.00629997253418,0.817799985408783,1.1476999521255493,0.08860000222921371,0.1281999945640564,0.0024,5.962299823760986,0.0435,1.1984,2.145,0.8029,0.1658,1,187360,10821,4998,1977,3924,9.32372,5.4856
412,19.74449920654297,1.995300054550171,8.721699714660645,1.5750999450683594,2.079200029373169,1.4443999528884888,3.4916000366210938,0.22059999406337738,5000,5009,10000,5006,10000,10000,5000,0.24860000610351562,0.7892000079154968,1.313099980354309,5000,0.4650999999999658,0.4381,1,0.05569999999999999,0.026000000000000002,212992,15,15,0.4644,324680,0,0,10.797800064086914,3.773900032043457,0.9211000204086304,2.5204999446868896,0.2671000063419342,0.13779999315738678,0,0,0,0,0,0,0,0,0,0,0,0,0,10.25872,5.90552
413,16.801300048828125,0.000699999975040555,9.23840045928955,1.2403000593185425,2.0794999599456787,1.4660999774932861,3.401900053024292,0.24699999392032623,5000,5009,10000,5006,10000,10000,5000,0.22100000083446503,0.8709999918937683,1.909999966621399,5000,0.48409999999996306,0.3881,1,0.0596,0.0244,212992,15,15,0.4476,7712,0,0,9.322699546813965,3.5213000774383545,0.8823999762535095,1.3115999698638916,0.10450000315904617,0.1527000069618225,0,0,0,0,0,0,0,0,0,0,0,0,0,10.92976,6.46268
414,20.198999404907227,1.249899983406067,9.458499908447266,1.3660000562667847,2.0362000465393066,1.607300043106079,4.573299884796143,0.25679999589920044,5000,5009,10000,5006,10000,10000,5000,0.24580000340938568,0.9592999815940857,1.8324999809265137,5000,0.5508999999999579,0.5175,1,0.06380000000000001,0.0275,212992,15,15,0.5724,17968,0,0,10.797599792480469,4.688700199127197,1.2086999416351318,1.4854999780654907,0.10050000250339508,0.14630000293254852,0,0,0,0,0,0,0,0,0,0,0,0,0,11.01736,6.63188
415,19.481199264526367,2.558300018310547,7.436500072479248,1.3308000564575195,0.4596000015735626,1.2940000295639038,3.844399929046631,0.2720000147819519,5000,5009,10000,5006,10000,10000,5000,0.2743000090122223,1.0295000076293945,1.545799970626831,5000,0.5464999999999582,0.465,1,0.06380000000000001,0.022099999999999998,212992,15,15,0.557,285512,0,0,10.09939956665039,4.033199787139893,1.0520000457763672,2.2822000980377197,0.17339999973773956,0.15399999916553497,0,0,0,0,0,0,0,0,0,0,0,0,0,10.79968,6.57516
416,16.10409927368164,0.0007999999797903001,7.18179988861084,1.3258999586105347,0.4912000000476837,0.7312999963760376,3.9932000637054443,0.26919999718666077,5000,5009,10000,5006,10000,10000,5000,0.28110000491142273,1.0628999471664429,1.782099962234497,5000,0.5893999999999552,0.5523,1,0.0759,0.0303,212992,15,15,0.6583,7712,0,0,7.277299880981445,4.014500141143799,1.1793999671936035,1.3952000141143799,0.008700000122189522,0.16300000250339508,0,0,0,0,0,0,0,0,0,0,0,0,0,10.67872,6.66736
417,21.798200607299805,2.4809999465942383,9.694000244140625,1.4390000104904175,1.9982000589370728,1.6575000286102295,4.4882001876831055,0.29339998960494995,5000,5009,10000,5006,10000,10000,5000,0.29840001463890076,1.2129000425338745,1.5489000082015991,5000,0.6445999999999524,0.465,1,0.0721,0.0281,212992,15,15,0.5601,8048,0,0,12.271300315856934,4.596499919891357,1.1035000085830688,1.6008000373840332,0.09179999679327011,0.1550000011920929,0.002,0,0.0477,1.2248,1.3908,0.0001,0.1453,1,185572,0,0,0,3469,10.29444,6.331
418,24.960399627685547,2.2692999839782715,10.378700256347656,1.7555999755859375,2.1851999759674072,1.7022000551223755,5.052700042724609,0.320499986410141,5000,5009,10000,5006,10000,10000,5000,0.3382999897003174,1.1698999404907227,1.5849000215530396,5000,0.7353999999999457,0.7136,1,0.0801,0.0271,212992,15,15,0.6308,267456,0,0,12.745100021362305,5.356800079345703,1.5343999862670898,2.8814001083374023,0.289000004529953,0.13770000636577606,0,0,0,0,0,0,0,0,0,0,0,0,0,9.38836,5.47368
419,17.458900451660156,0.0007999999797903001,9.010100364685059,1.3711999654769897,1.952299952507019,1.3547999858856201,3.794600009918213,0.2565000057220459,5000,5009,10000,5006,10000,10000,5000,0.2881999909877777,0.9262999892234802,1.7467000484466553,5000,0.5502999999999583,0.4787,1,0.062299999999999994,0.030100000000000002,212992,15,15,0.5859,7712,0,0,9.128100395202637,3.9123001098632812,1.0312000513076782,1.3774000406265259,0.10499999672174454,0.14000000059604645,0,0,0,0,0,0,0,0,0,0,0,0,0,10.03888,5.90908
420,22.0492000579834,3.5462000370025635,9.588700294494629,1.3552000522613525,2.0315001010894775,1.53410005569458,4.3480000495910645,0.4366999864578247,5000,5009,10000,5006,10000,10000,5000,0.2930999994277954,1.0276999473571777,1.5022000074386597,5000,0.5770999999999565,0.4896,1,0.0652,0.027200000000000002,212992,15,15,0.5124,21992,0,0,13.239100456237793,4.448800086975098,1.05840003490448,1.304800033569336,0.08630000054836273,0.13770000636577606,0.0021,0,0.0453,1.2967,2.1689,0.7382,0.1534,1,183548,10397,4998,1972,3924,9.9992,5.81756
421,21.56909942626953,2.870300054550171,9.278800010681152,1.3040000200271606,1.873900055885315,1.6390999555587769,3.7616000175476074,0.3707999885082245,5000,5009,10000,5006,10000,10000,5000,0.3416999876499176,0.9240999817848206,1.5379999876022339,5000,0.552499999999958,0.463,1,0.06340000000000001,0.0249,212992,15,15,0.4788,259464,0,0,12.236599922180176,4.032100200653076,1.0631999969482422,2.3210999965667725,0.25699999928474426,0.1388999968767166,0,0,0,0,0,0,0,0,0,0,0,0,0,10.26512,6.036
422,17.49209976196289,0.0010000000474974513,9.293000221252441,1.2365000247955322,2.2411000728607178,1.3564000129699707,3.8303000926971436,0.24160000681877136,5000,5009,10000,5006,10000,10000,5000,0.23569999635219574,1.2244999408721924,1.6373000144958496,5000,0.5097999999999604,0.4064,1,0.058800000000000005,0.0285,212992,15,15,0.4849,7712,0,0,9.386799812316895,3.947700023651123,0.9286999702453613,1.3795000314712524,0.10140000283718109,0.14589999616146088,0,0,0,0,0,0,0,0,0,0,0,0,0,10.74192,6.51312
423,27.358699798583984,9.140199661254883,9.087200164794922,1.3205000162124634,1.9341000318527222,1.5688999891281128,4.0254998207092285,0.2766999900341034,5000,5009,10000,5006,10000,10000,5000,0.2467000037431717,1.021299958229065,1.600600004196167,5000,0.5204999999999599,0.3991,1,0.058699999999999995,0.0308,212992,15,15,0.4797,18752,0,0,18.33639907836914,4.116000175476074,0.891700029373169,1.226099967956543,0.07720000296831131,1.0414999723434448,0.0023,5.714399814605713,0.0415,1.2195,2.0829,0.7227,0.1539,1,181890,10296,4998,1896,3741,10.19552,5.91648
424,18.812599182128906,2.4563000202178955,8.23960018157959,1.1540000438690186,1.836899995803833,1.406999945640564,3.203700065612793,0.22139999270439148,5000,5009,10000,5006,10000,10000,5000,0.23109999299049377,0.8202999830245972,1.4630000591278076,5000,0.45079999999996667,0.3889,1,0.0556,0.0194,212992,15,15,0.4236,321808,0,0,10.780799865722656,3.508699893951416,0.8646000027656555,1.9980000257492065,0.29159998893737793,0.1379999965429306,0,0,0,0,0,0,0,0,0,0,0,0,0,10.59364,6.46664
425,19.399999618530273,0.0007999999797903001,9.706600189208984,1.1813000440597534,1.9160000085830688,1.7753000259399414,5.222499847412109,0.23819999396800995,5000,5009,10000,5006,10000,10000,5000,0.29580000042915344,1.55239999294281,1.6485999822616577,5000,0.5258999999999596,0.4414,1,0.0614,0.026500000000000003,212992,15,15,0.6041,7712,0,0,9.793100357055664,5.343100070953369,0.9704999923706055,1.3154000043869019,0.10520000010728836,0.1363999992609024,0,0,0,0,0,0,0,0,0,0,0,0,0,10.62056,6.35148
426,19.181499481201172,1.136199951171875,9.247900009155273,1.3051999807357788,2.0617001056671143,1.6318000555038452,4.013500213623047,0.3199999928474426,5000,5009,10000,5006,10000,10000,5000,0.29829999804496765,0.9732000231742859,1.55840003490448,5000,0.5530999999999576,0.4666,1,0.0814,0.0342,212992,15,15,0.5764,16016,0,0,10.469799995422363,4.135900020599365,0.9976999759674072,1.4859000444412231,0.10589999705553055,0.1647000014781952,0,0,0,0,0,0,0,0,0,0,0,0,0,10.69732,6.44412
427,25.34119987487793,2.5236001014709473,9.866100311279297,2.3173000812530518,0.8672000169754028,1.1323000192642212,5.968699932098389,0.4074999988079071,5000,5009,10000,5006,10000,10000,5000,0.32359999418258667,1.516700029373169,1.7395000457763672,5000,0.7016999999999476,0.5605,1,0.08579999999999999,0.039799999999999995,212992,15,15,0.6406,217640,0,0,12.4931001663208,6.150899887084961,1.3166999816894531,2.8478000164031982,0.16220000386238098,0.15860000252723694,0,0,0,0,0,0,0,0,0,0,0,0,0,9.86364,5.97104
428,16.677900314331055,0.000699999975040555,8.385899543762207,1.8056000471115112,0.6071000099182129,0.7269999980926514,4.153800010681152,0.33959999680519104,5000,5009,10000,5006,10000,10000,5000,0.26019999384880066,0.945900022983551,2.1789000034332275,5000,0.4932999999999626,0.445,1,0.056600000000000004,0.0254,212992,15,15,0.5521,7712,0,0,8.498600006103516,4.197500228881836,0.949400007724762,1.1193000078201294,0.008999999612569809,0.13199999928474426,0,0,0,0,0,0,0,0,0,0,0,0,0,10.57172,6.35032
429,19.603700637817383,2.196199893951416,8.862099647521973,1.2753000259399414,1.8265999555587769,1.621000051498413,3.8808000087738037,0.26409998536109924,5000,5009,10000,5006,10000,10000,5000,0.2612999975681305,0.9890000224113464,1.4843000173568726,5000,0.5414999999999587,0.4214,1,0.0633,0.028900000000000002,212992,15,15,0.575,8048,0,0,11.15149974822998,4.083499908447266,0.9672999978065491,1.4026000499725342,0.18870000541210175,0.1518000066280365,0.0019,0,0.0424,1.075,1.2258,0,0.1214,1,180098,0,0,0,3266,10.67044,6.357
430,21.80820083618164,2.4505999088287354,9.436100006103516,1.4723000526428223,1.9780000448226929,1.62090003490448,3.9707000255584717,0.27559998631477356,5000,5009,10000,5006,10000,10000,5000,0.2596000134944916,0.9506000280380249,1.6287000179290771,5000,0.5426999999999588,0.4488,1,0.0627,0.0275,212992,15,15,0.4782,336016,0,0,11.985099792480469,4.260799884796143,0.9887999892234802,2.6963000297546387,0.27619999647140503,0.13410000503063202,0,0,0,0,0,0,0,0,0,0,0,0,0,10.21108,6.13044
431,17.189300537109375,0.0008999999845400453,8.958700180053711,1.1793999671936035,1.9276000261306763,1.3244999647140503,3.6242001056671143,0.23960000276565552,5000,5009,10000,5006,10000,10000,5000,0.26409998536109924,0.9334999918937683,1.975600004196167,5000,0.5140999999999601,0.4138,1,0.060200000000000004,0.0256,212992,15,15,0.6372,7712,0,0,9.049699783325195,3.7339999675750732,0.9560999870300293,1.4290000200271606,0.09589999914169312,0.15119999647140503,0,0,0,0,0,0,0,0,0,0,0,0,0,10.57604,6.35484
432,22.75670051574707,3.5957000255584717,9.962900161743164,1.405400037765503,2.1379001140594482,1.6682000160217285,4.548600196838379,0.27230000495910645,5000,5009,10000,5006,10000,10000,5000,0.28299999237060547,1.499899983406067,1.481600046157837,5000,0.5617999999999567,0.4488,1,0.0637,0.0269,212992,15,15,0.5618,17184,0,0,13.65369987487793,4.65339994430542,1.0099999904632568,1.3931000232696533,0.08560000360012054,0.1437000036239624,0.0022,0,0.0429,1.3317,2.2893,0.7777,0.1623,1,178762,9973,4998,1859,3729,10.3622,6.85408
433,20.607900619506836,2.285799980163574,9.30620002746582,1.3438999652862549,1.98989999294281,1.7922999858856201,3.832200050354004,0.23919999599456787,5000,5009,10000,5006,10000,10000,5000,0.30309998989105225,0.9133999943733215,1.5123000144958496,5000,0.48659999999996273,0.3849,1,0.05879999999999999,0.0306,212992,15,15,0.4803,286088,0,0,11.69260025024414,4.111700057983398,0.8924999833106995,2.1043999195098877,0.26260000467300415,0.14149999618530273,0,0,0,0,0,0,0,0,0,0,0,0,0,10.74108,6.29316
434,18.811500549316406,0.0007999999797903001,10.594799995422363,1.8641999959945679,2.013200044631958,1.6848000288009644,3.626800060272217,0.3675000071525574,5000,5009,10000,5006,10000,10000,5000,0.28349998593330383,0.9545999765396118,1.8733999729156494,5000,0.5007999999999613,0.5194,1,0.058800000000000005,0.028,212992,15,15,0.4911,7712,0,0,10.702699661254883,3.732800006866455,1.049299955368042,1.5046000480651855,0.09130000323057175,0.1387999951839447,0,0,0,0,0,0,0,0,0,0,0,0,0,10.73484,6.44392
435,27.672199249267578,9.199999809265137,10.154800415039062,1.562600016593933,2.1110000610351562,2.0071001052856445,4.217199802398682,0.35359999537467957,5000,5009,10000,5006,10000,10000,5000,0.3131999969482422,1.06659996509552,1.534000039100647,5000,0.538099999999962,0.3643,1,0.0567,0.028800000000000003,212992,15,15,0.4543,16600,0,0,19.44700050354004,4.30810022354126,0.8303999900817871,1.2680000066757202,0.07590000331401825,0.12999999523162842,0.0014,5.8354997634887695,0.0426,1.1523,2.0838,0.7822,0.1507,1,177292,9836,4998,1789,3538,10.16236,6.43704
436,19.283000946044922,1.9306000471115112,8.657299995422363,1.357300043106079,1.940000057220459,1.4842000007629395,3.3306000232696533,0.22840000689029694,5000,5009,10000,5006,10000,10000,5000,0.2630000114440918,0.8877999782562256,1.3846999406814575,5000,0.46679999999996497,0.4095,1,0.056600000000000004,0.0216,212992,15,15,0.5224,216128,0,0,10.668499946594238,3.5692999362945557,0.9951000213623047,2.248300075531006,0.22450000047683716,0.1396999955177307,0,0,0,0,0,0,0,0,0,0,0,0,0,10.7884,6.35896
437,17.36440086364746,0.0007999999797903001,9.564800262451172,1.3213000297546387,2.3406999111175537,1.4696999788284302,3.5185999870300293,0.24609999358654022,5000,5009,10000,5006,10000,10000,5000,0.30149999260902405,0.9035000205039978,1.7031999826431274,5000,0.5161999999999624,0.3802,1,0.059500000000000004,0.0365,212992,15,15,0.4692,7712,0,0,9.65310001373291,3.623300075531006,0.8956000208854675,1.3325999975204468,0.08990000188350677,0.13500000536441803,0,0,0,0,0,0,0,0,0,0,0,0,0,10.86016,6.54116
438,20.269399642944336,1.0989999771118164,9.468299865722656,1.3464000225067139,2.0717999935150146,1.6967999935150146,4.279600143432617,0.2728999853134155,5000,5009,10000,5006,10000,10000,5000,0.35120001435279846,1.0435999631881714,1.5018999576568604,5000,0.5535999999999585,0.5436,1,0.0619,0.0247,212992,15,15,0.5621,16128,0,0,10.653900146484375,4.390999794006348,1.2503000497817993,1.9250999689102173,0.09510000050067902,0.17640000581741333,0,0,0,0,0,0,0,0,0,0,0,0,0,10.67512,6.47716
439,23.273000717163086,3.682499885559082,8.94540023803711,1.5329999923706055,0.8964999914169312,1.032099962234497,3.9618000984191895,0.27239999175071716,5000,5009,10000,5006,10000,10000,5000,0.3328000009059906,0.9958999752998352,2.3153998851776123,5000,0.5599999999999574,0.4778,1,0.0638,0.0272,212992,15,15,0.5873,291992,0,0,12.746100425720215,4.157700061798096,1.1324000358581543,2.521199941635132,0.18150000274181366,0.7900000214576721,0,0,0,0,0,0,0,0,0,0,0,0,0,10.457,6.02204
440,15.114500045776367,0.0007999999797903001,7.372799873352051,1.1851999759674072,0.5741999745368958,0.8580999970436096,3.482300043106079,0.30869999527931213,5000,5009,10000,5006,10000,10000,5000,0.22190000116825104,1.3401999473571777,1.7187999486923218,5000,0.4920999999999626,0.3846,1,0.05650000000000001,0.019799999999999998,212992,15,15,0.4338,7712,0,0,7.465700149536133,3.5058999061584473,0.8763999938964844,1.2998000383377075,0.007699999958276749,0.3619000017642975,0,0,0,0,0,0,0,0,0,0,0,0,0,10.77284,6.55384
441,20.57379913330078,2.430500030517578,8.8725004196167,1.336899995803833,2.1333000659942627,1.3734999895095825,4.039700031280518,0.2596000134944916,5000,5009,10000,5006,10000,10000,5000,0.289900004863739,0.9534000158309937,1.367400050163269,5000,0.6138999999999559,0.4259,1,0.0753,0.0319,212992,15,15,0.6293,8048,0,0,11.424799919128418,4.254199981689453,1.0728000402450562,1.4047000408172607,0.20000000298023224,0.2624000012874603,0.002,0,0.0643,1.1833,1.3596,0.0001,0.1482,1,175944,0,0,0,3056,10.70164,6.47432
442,26.055400848388672,2.0311999320983887,11.660699844360352,1.5556000471115112,2.0295000076293945,2.4170000553131104,6.67710018157959,0.2879999876022339,5000,5009,10000,5006,10000,10000,5000,0.3034999966621399,2.1340999603271484,1.6323000192642212,5000,0.6186999999999541,0.449,1,0.06839999999999999,0.0283,212992,15,15,0.5396,212400,0,0,13.78689956665039,6.937699794769287,1.0185999870300293,2.1377999782562256,0.23569999635219574,0.14509999752044678,0,0,0,0,0,0,0,0,0,0,0,0,0,9.89284,6.43396
443,16.179399490356445,0.0007999999797903001,8.607099533081055,1.132099986076355,1.9036999940872192,1.4017000198364258,3.3290998935699463,0.22609999775886536,5000,5009,10000,5006,10000,10000,5000,0.23600000143051147,0.8860999941825867,1.6916999816894531,5000,0.47719999999996376,0.3932,1,0.056999999999999995,0.024800000000000003,212992,15,15,0.4888,7712,0,0,8.698699951171875,3.4291000366210938,0.8870999813079834,1.4038000106811523,0.08709999918937683,0.13660000264644623,0,0,0,0,0,0,0,0,0,0,0,0,0,10.61524,6.34344
444,23.216299057006836,3.828700065612793,10.660400390625,1.4392000436782837,2.670599937438965,1.6187000274658203,4.071300029754639,0.26429998874664307,5000,5009,10000,5006,10000,10000,5000,0.2750999927520752,1.0848000049591064,1.9953999519348145,5000,0.5784999999999552,0.451,1,0.06820000000000001,0.023899999999999998,212992,15,15,0.5806,16896,0,0,14.581199645996094,4.178299903869629,1.006100058555603,1.3128999471664429,0.0917000025510788,0.14869999885559082,0.0019,0,0.0403,1.4736,2.4553,0.7969,0.179,1,174630,9560,4998,1757,3530,10.46808,6.80152
445,19.66510009765625,2.168299913406372,8.672100067138672,1.2732000350952148,1.8559999465942383,1.43149995803833,3.6382999420166016,0.24060000479221344,5000,5009,10000,5006,10000,10000,5000,0.2797999978065491,0.8701000213623047,1.5611000061035156,5000,0.5124999999999604,0.3866,1,0.0594,0.0254,212992,15,15,0.4369,251088,0,0,10.94320011138916,3.9089999198913574,0.890500009059906,2.134700059890747,0.2574000060558319,0.14470000565052032,0,0,0,0,0,0,0,0,0,0,0,0,0,10.71316,6.36144
446,17.85919952392578,0.0008999999845400453,9.448699951171875,1.267799973487854,2.0078999996185303,1.5931999683380127,3.8252999782562256,0.24860000610351562,5000,5009,10000,5006,10000,10000,5000,0.3059999942779541,0.9508000016212463,1.8299000263214111,5000,0.5182999999999599,0.4141,1,0.058499999999999996,0.024900000000000002,212992,15,15,0.5741,7712,0,0,9.553799629211426,3.9375998973846436,0.9315000176429749,1.3241000175476074,0.0966000035405159,0.30390000343322754,0,0,0,0,0,0,0,0,0,0,0,0,0,10.78312,6.46208
447,27.43269920349121,9.199399948120117,9.515299797058105,1.426300048828125,2.1289000511169434,1.5996999740600586,4.257599830627441,0.2784999907016754,5000,5009,10000,5006,10000,10000,5000,0.25279998779296875,1.0432000160217285,1.5592999458312988,5000,0.4975999999999616,0.4488,1,0.05790000000000001,0.0271,212992,15,15,0.5094,14624,0,0,18.84709930419922,4.35860013961792,0.9570000171661377,1.3897000551223755,0.08489999920129776,0.14020000398159027,0.0024,5.454999923706055,0.0421,1.1902,2.3328,0.978,0.1808,1,173264,9464,4998,1680,3348,10.05288,5.69844
448,20.710899353027344,2.453000068664551,9.263999938964844,1.2706999778747559,1.976699948310852,1.767899990081787,3.4214999675750732,0.2321999967098236,5000,5009,10000,5006,10000,10000,5000,0.2946999967098236,0.8716999888420105,1.7269999980926514,5000,0.4914999999999622,0.4401,1,0.059,0.0204,212992,15,15,0.4812,254800,0,0,11.805999755859375,3.6684999465942383,0.9564999938011169,2.4704999923706055,0.23440000414848328,0.13910000026226044,0,0,0,0,0,0,0,0,0,0,0,0,0,10.24756,6.8142
449,17.826400756835938,0.000699999975040555,9.128700256347656,1.1806999444961548,2.0202999114990234,1.569100022315979,3.660900115966797,0.23119999468326569,5000,5009,10000,5006,10000,10000,5000,0.28529998660087585,1.1103999614715576,1.595900058746338,5000,0.6538999999999521,0.5038,1,0.0819,0.034999999999999996,212992,15,15,0.5788,7712,0,0,9.220199584960938,3.7625999450683594,1.030900001525879,1.469599962234497,0.08550000190734863,0.1679999977350235,0,0,0,0,0,0,0,0,0,0,0,0,0,10.67896,6.43396
450,22.620800018310547,1.5920000076293945,11.733099937438965,1.5432000160217285,3.2402000427246094,1.6481000185012817,4.185400009155273,0.4041999876499176,5000,5009,10000,5006,10000,10000,5000,0.2906000018119812,1.1059999465942383,2.1150999069213867,5000,0.6032999999999545,0.4597,1,0.0702,0.0329,212992,15,15,0.6876,14192,0,0,13.436699867248535,4.302000045776367,1.054900050163269,1.5563000440597534,0.09809999912977219,0.1551000028848648,0,0,0,0,0,0,0,0,0,0,0,0,0,10.0248,6.3356
451,21.671199798583984,2.482100009918213,8.121800422668457,1.4394999742507935,1.0397000312805176,0.906499981880188,4.091000080108643,0.2614000141620636,5000,5009,10000,5006,10000,10000,5000,0.29750001430511475,1.0061999559402466,1.8372999429702759,5000,0.5794999999999563,0.7589,1,0.06609999999999999,0.0297,212992,15,15,0.5156,263496,0,0,10.702300071716309,4.268400192260742,1.337399959564209,3.2869999408721924,0.16040000319480896,0.1776999980211258,0,0,0,0,0,0,0,0,0,0,0,0,0,10.0036,6.17496
452,16.163400650024414,0.0007999999797903001,7.422699928283691,1.1967999935150146,0.4731000065803528,0.6151999831199646,4.111599922180176,0.24709999561309814,5000,5009,10000,5006,10000,10000,5000,0.2973000109195709,0.9678999781608582,2.294600009918213,5000,0.5363999999999594,0.6242,1,0.060899999999999996,0.0189,212992,15,15,0.4816,7712,0,0,7.555099964141846,4.135499954223633,1.2107000350952148,1.3634999990463257,0.00989999994635582,0.14550000429153442,0,0,0,0,0,0,0,0,0,0,0,0,0,10.59452,6.252
453,21.376800537109375,2.5894999504089355,9.205499649047852,1.469499945640564,1.9944000244140625,1.4194999933242798,4.320199966430664,0.267300009727478,5000,5009,10000,5006,10000,10000,5000,0.27630001306533813,1.0027999877929688,1.5276999473571777,5000,0.5728999999999569,0.5361,1,0.07440000000000001,0.0266,212992,15,15,0.4959,8048,0,0,11.88949966430664,4.5121002197265625,1.1340999603271484,1.8142999410629272,0.17520000040531158,0.16619999706745148,0.0017,0,0.0426,1.4664,1.6292,0,0.1383,1,171924,0,0,0,2836,10.4662,6.901
454,20.947999954223633,1.9953999519348145,9.168399810791016,1.6292999982833862,1.705199956893921,1.5751999616622925,4.009900093078613,0.26579999923706055,5000,5009,10000,5006,10000,10000,5000,0.2535000145435333,1.0154000520706177,1.5069999694824219,5000,0.5769999999999575,0.5102,1,0.0664,0.0301,212992,15,15,0.5398,204168,0,0,11.271599769592285,4.24970006942749,1.1126999855041504,2.2441999912261963,0.225600004196167,0.1485999971628189,0,0,0,0,0,0,0,0,0,0,0,0,0,10.22544,6.16436
455,19.162099838256836,0.000699999975040555,9.425600051879883,1.3171000480651855,1.795799970626831,1.5425000190734863,4.157700061798096,0.27149999141693115,5000,5009,10000,5006,10000,10000,5000,0.3037000000476837,1.177299976348877,1.8310999870300293,5000,0.5885999999999563,0.5888,1,0.0667,0.0277,212992,15,15,0.5523,7712,0,0,9.515199661254883,4.261000156402588,1.2773000001907349,1.986799955368042,0.0877000018954277,0.17170000076293945,0,0,0,0,0,0,0,0,0,0,0,0,0,10.34232,6.77736
456,28.061199188232422,9.322799682617188,10.244000434875488,1.6582000255584717,2.3266000747680664,1.7493000030517578,4.130899906158447,0.2865999937057495,5000,5009,10000,5006,10000,10000,5000,0.29010000824928284,1.2299000024795532,1.4729000329971313,5000,0.45989999999996567,0.4205,1,0.055900000000000005,0.0194,212992,15,15,0.4479,18376,0,0,19.679100036621094,4.277299880981445,0.9857000112533569,1.251099944114685,0.12970000505447388,0.2838999927043915,0.0024,5.682700157165527,0.041,1.1628,2.093,0.7066,0.1656,1,170630,9326,4998,1668,3317,10.65436,5.867
457,19.211700439453125,2.0801000595092773,8.47819995880127,1.1984000205993652,1.7750999927520752,1.663699984550476,3.23009991645813,0.22290000319480896,5000,5009,10000,5006,10000,10000,5000,0.2418999969959259,0.8596000075340271,1.3945000171661377,5000,0.44479999999996744,0.4978,1,0.0683,0.0316,212992,15,15,0.5218,267264,0,0,10.643199920654297,3.475600004196167,1.1043000221252441,2.202500104904175,0.22990000247955322,0.13819999992847443,0,0,0,0,0,0,0,0,0,0,0,0,0,11.64532,6.67872
458,16.442800521850586,0.000699999975040555,8.786600112915039,1.1049000024795532,1.7551000118255615,1.6324000358581543,3.477799892425537,0.22869999706745148,5000,5009,10000,5006,10000,10000,5000,0.26829999685287476,0.8745999932289124,1.6958999633789062,5000,0.49519999999996317,0.3669,1,0.05700000000000001,0.024599999999999997,212992,15,15,0.4836,7712,0,0,8.887999534606934,3.5729000568389893,0.8565000295639038,1.2848000526428223,0.08190000057220459,0.14419999718666077,0,0,0,0,0,0,0,0,0,0,0,0,0,12.06384,7.2086
459,27.79789924621582,8.17389965057373,10.669599533081055,2.101799964904785,2.0078001022338867,1.82669997215271,3.8512001037597656,0.41200000047683716,5000,5009,10000,5006,10000,10000,5000,0.2888999879360199,1.305999994277954,1.2756999731063843,5000,0.6214999999999544,0.4938,1,0.0725,0.028300000000000002,212992,15,15,0.4696,15144,0,0,18.931800842285156,4.166200160980225,1.048699975013733,1.5638999938964844,0.29809999465942383,0.1379999965429306,0.0016,5.159200191497803,0.0404,1.0785,1.8434,0.6219,0.1566,1,169558,9241,4998,1573,3124,11.82704,6.86408
460,19.532800674438477,2.072499990463257,8.805700302124023,1.3453999757766724,1.645400047302246,1.7091000080108643,3.346400022506714,0.36809998750686646,5000,5009,10000,5006,10000,10000,5000,0.2572999894618988,0.8296999931335449,1.354599952697754,5000,0.48469999999996427,0.4397,1,0.056400000000000006,0.0207,212992,15,15,0.5368,264400,0,0,10.970399856567383,3.5908000469207764,0.9077000021934509,2.1812000274658203,0.2313999980688095,0.13300000131130219,0,0,0,0,0,0,0,0,0,0,0,0,0,12.58328,7.36668
461,18.835899353027344,0.0007999999797903001,9.43340015411377,1.2669999599456787,2.3791000843048096,1.4718999862670898,4.148499965667725,0.24629999697208405,5000,5009,10000,5006,10000,10000,5000,0.2639000117778778,0.9621000289916992,1.7015999555587769,5000,0.5626999999999573,0.5544,1,0.0739,0.033800000000000004,212992,15,15,0.5559,7712,0,0,9.521599769592285,4.293399810791016,1.2346999645233154,1.6533000469207764,0.12880000472068787,0.14499999582767487,0,0,0,0,0,0,0,0,0,0,0,0,0,13.08184,7.74592
462,20.790199279785156,1.4645999670028687,11.378499984741211,2.2939999103546143,2.814500093460083,1.3978999853134155,3.625200033187866,0.263700008392334,5000,5009,10000,5006,10000,10000,5000,0.2558000087738037,0.9545999765396118,2.0278000831604004,5000,0.5014999999999613,0.475,1,0.0601,0.026099999999999998,212992,15,15,0.522,12768,0,0,12.95110034942627,3.7197000980377197,0.97079998254776,1.271399974822998,0.07999999821186066,0.12970000505447388,0,0,0,0,0,0,0,0,0,0,0,0,0,12.55436,7.62528
463,21.98259925842285,2.100399971008301,8.544500350952148,1.4038000106811523,0.7328000068664551,1.2908999919891357,4.6219000816345215,0.2581000030040741,5000,5009,10000,5006,10000,10000,5000,0.3684999942779541,0.9674999713897705,2.1438000202178955,5000,0.503399999999961,0.6783,1,0.0599,0.0274,212992,15,15,0.5994,219688,0,0,10.739899635314941,4.793000221252441,1.499899983406067,2.988100051879883,0.1543000042438507,0.1289999932050705,0,0,0,0,0,0,0,0,0,0,0,0,0,12.35864,7.40944
464,16.024900436401367,0.000699999975040555,7.868599891662598,1.3171000480651855,0.6523000001907349,1.01010000705719,3.9526000022888184,0.3919999897480011,5000,5009,10000,5006,10000,10000,5000,0.36230000853538513,1.0032000541687012,1.7438000440597534,5000,0.5214999999999602,0.4192,1,0.0593,0.020999999999999998,212992,15,15,0.5092,7712,0,0,7.95389986038208,3.9779000282287598,0.9990000128746033,1.2243000268936157,0.008999999612569809,0.13729999959468842,0,0,0,0,0,0,0,0,0,0,0,0,0,12.49412,7.42904
465,27.557199478149414,2.8478000164031982,13.129799842834473,2.6568000316619873,3.2464001178741455,1.8401999473571777,5.817699909210205,0.3944000005722046,5000,5009,10000,5006,10000,10000,5000,0.2808000147342682,1.0190999507904053,2.0109000205993652,5000,0.6257999999999537,0.5829,1,0.07930000000000001,0.039599999999999996,212992,15,15,0.6047,8048,0,0,16.074100494384766,6.104599952697754,1.2956000566482544,1.7460999488830566,0.26499998569488525,0.14830000698566437,0.0022,0,0.0433,1.443,1.6554,0,0.1592,1,168796,0,0,0,2655,11.99608,7.23952
466,25.96190071105957,3.3547000885009766,12.333999633789062,2.3341000080108643,2.6933999061584473,1.8768999576568604,4.031099796295166,0.40070000290870667,5000,5009,10000,5006,10000,10000,5000,0.4659999907016754,1.0097999572753906,1.8561999797821045,5000,0.5413999999999588,0.7188,1,0.0645,0.031599999999999996,212992,15,15,0.5557,316296,0,0,15.811200141906738,4.298699855804443,1.2943999767303467,2.569999933242798,0.24959999322891235,0.12210000306367874,0,0,0,0,0,0,0,0,0,0,0,0,0,11.40908,7.3352
467,18.628999710083008,0.000699999975040555,9.84220027923584,1.2716000080108643,2.414900064468384,1.8519999980926514,4.446899890899658,0.23080000281333923,5000,5009,10000,5006,10000,10000,5000,0.22920000553131104,0.8880000114440918,1.708400011062622,5000,0.47919999999996354,0.4951,1,0.0586,0.025400000000000002,212992,15,15,0.5459,7712,0,0,9.935500144958496,4.539299964904785,0.9804999828338623,1.3320000171661377,0.07649999856948853,0.13009999692440033,0,0,0,0,0,0,0,0,0,0,0,0,0,11.84976,7.12512
468,21.814899444580078,4.041800022125244,9.100199699401855,1.6241999864578247,2.0083999633789062,1.3961000442504883,3.752500057220459,0.258899986743927,5000,5009,10000,5006,10000,10000,5000,0.24150000512599945,0.9340999722480774,1.4891999959945679,5000,0.5409999999999597,0.5606,1,0.060000000000000005,0.020999999999999998,212992,15,15,0.5713,14200,0,0,13.250900268554688,3.9498000144958496,1.1744999885559082,1.3747999668121338,0.1826999932527542,0.1509999930858612,0.0023,0,0.0684,1.6883,2.7517,0.8369,0.1451,1,167758,9015,4998,1610,3120,12.02328,7.08772
469,27.185199737548828,2.3931000232696533,12.248800277709961,2.009000062942505,2.365299940109253,2.3785998821258545,5.632999897003174,0.39910000562667847,5000,5009,10000,5006,10000,10000,5000,0.31859999895095825,1.562399983406067,1.6519999504089355,5000,0.6449999999999522,0.5144,1,0.07649999999999998,0.0333,212992,15,15,0.6384,270072,0,0,14.753299713134766,6.002999782562256,1.1420999765396118,2.864799976348877,0.34790000319480896,0.15440000593662262,0,0,0,0,0,0,0,0,0,0,0,0,0,11.8786,6.69604
470,16.826000213623047,0.000699999975040555,9.432000160217285,1.1269999742507935,2.134399890899658,1.2618999481201172,3.349900007247925,0.2282000035047531,5000,5009,10000,5006,10000,10000,5000,0.29429998993873596,0.8490999937057495,2.236799955368042,5000,0.44659999999996775,0.3812,1,0.054000000000000006,0.027,212992,15,15,0.5239,7712,0,0,9.53439998626709,3.439300060272217,0.8432000279426575,1.240399956703186,0.07419999688863754,0.12809999287128448,0,0,0,0,0,0,0,0,0,0,0,0,0,12.37832,7.30552
471,24.03569984436035,7.503600120544434,8.737199783325195,1.2493000030517578,2.188999891281128,1.5328999757766724,3.5060999393463135,0.2515999972820282,5000,5009,10000,5006,10000,10000,5000,0.24050000309944153,0.878000020980835,1.323099970817566,5000,0.49979999999996233,0.4477,1,0.0592,0.0281,212992,15,15,0.4922,12000,0,0,16.32430076599121,3.690200090408325,0.958899974822998,1.2450000047683716,0.17149999737739563,0.12950000166893005,0.0023,4.747000217437744,0.0379,0.9731,1.6887,0.5772,0.1199,1,166708,8951,4998,1526,2916,11.81512,7.14128
472,21.243900299072266,2.386399984359741,9.517900466918945,1.481600046157837,2.081199884414673,1.5822999477386475,3.787899971008301,0.25540000200271606,5000,5009,10000,5006,10000,10000,5000,0.32589998841285706,0.923799991607666,1.625,5000,0.5522999999999586,0.4406,1,0.062099999999999995,0.026000000000000002,212992,15,15,0.5796,311920,0,0,11.997699737548828,4.030200004577637,0.9650999903678894,2.2279999256134033,0.22869999706745148,0.14720000326633453,0,0,0,0,0,0,0,0,0,0,0,0,0,11.25492,6.81704
473,18.2106990814209,0.0008999999845400453,9.647000312805176,1.4118000268936157,1.9636000394821167,1.489799976348877,4.007400035858154,0.2574000060558319,5000,5009,10000,5006,10000,10000,5000,0.2728999853134155,1.260200023651123,1.7685999870300293,5000,0.5355999999999589,0.4235,1,0.06390000000000001,0.0283,212992,15,15,0.5416,7712,0,0,9.745200157165527,4.097599983215332,0.9567000269889832,1.4493000507354736,0.07450000196695328,0.1590999960899353,0,0,0,0,0,0,0,0,0,0,0,0,0,11.22992,6.6884
474,19.243200302124023,1.145799994468689,9.04699993133545,1.3425999879837036,1.8675999641418457,1.4400999546051025,4.368100166320801,0.2736000120639801,5000,5009,10000,5006,10000,10000,5000,0.299699991941452,1.0255999565124512,1.6024999618530273,5000,0.5505999999999603,0.4732,1,0.0645,0.027,212992,15,15,0.5259,16536,0,0,10.284199714660645,4.504799842834473,1.0342999696731567,1.353600025177002,0.12250000238418579,0.14569999277591705,0,0,0,0,0,0,0,0,0,0,0,0,0,10.99008,6.60772
475,19.94059944152832,2.4762001037597656,7.447500228881836,1.4555000066757202,0.5529000163078308,0.9708999991416931,4.19320011138916,0.28130000829696655,5000,5009,10000,5006,10000,10000,5000,0.30640000104904175,1.100100040435791,1.5081000328063965,5000,0.6174999999999542,0.5032,1,0.06559999999999999,0.029400000000000003,212992,15,15,0.5424,263984,0,0,10.022899627685547,4.395199775695801,1.0733000040054321,2.2553000450134277,0.18729999661445618,0.15000000596046448,0,0,0,0,0,0,0,0,0,0,0,0,0,10.81716,6.36312
476,16.682100296020508,0.0007999999797903001,8.161499977111816,1.3905999660491943,0.6646000146865845,1.024999976158142,4.15369987487793,0.274399995803833,5000,5009,10000,5006,10000,10000,5000,0.26899999380111694,1.0256999731063843,2.307499885559082,5000,0.580199999999957,0.3995,1,0.06470000000000001,0.0246,212992,15,15,0.5573,7712,0,0,8.256099700927734,4.178699970245361,0.9621999859809875,1.2236000299453735,0.00930000003427267,0.15060000121593475,0,0,0,0,0,0,0,0,0,0,0,0,0,10.79936,6.4792
477,20.859500885009766,2.321500062942505,8.961099624633789,1.4220000505447388,1.6877000331878662,1.5503000020980835,4.482800006866455,0.31949999928474426,5000,5009,10000,5006,10000,10000,5000,0.28870001435279846,1.1016000509262085,1.3557000160217285,5000,0.6112999999999553,0.5235,1,0.06920000000000001,0.0279,212992,15,15,0.5857,8048,0,0,11.371600151062012,4.663700103759766,1.1205999851226807,1.5400999784469604,0.1655000001192093,0.15240000188350677,0.0017,0,0.0447,1.1649,1.3424,0.0001,0.1478,1,165728,0,0,0,2430,10.70628,6.32876
478,23.90019989013672,2.8879001140594482,10.62660026550293,1.5693000555038452,1.9113999605178833,1.7167999744415283,4.454100131988525,0.30160000920295715,5000,5009,10000,5006,10000,10000,5000,0.2759000062942505,1.030400037765503,2.2985000610351562,5000,0.6099999999999544,0.4231,1,0.0755,0.0349,212992,15,15,0.6463,358192,0,0,13.616499900817871,4.758800029754639,1.05840003490448,2.254300117492676,0.289900004863739,0.13379999995231628,0,0,0,0,0,0,0,0,0,0,0,0,0,10.20696,5.84408
479,18.681800842285156,0.0007999999797903001,9.594099998474121,1.746899962425232,1.7411999702453613,1.3911999464035034,4.390999794006348,0.3366999924182892,5000,5009,10000,5006,10000,10000,5000,0.31769999861717224,0.9179999828338623,1.7736999988555908,5000,0.5535999999999613,0.4368,1,0.06330000000000001,0.025599999999999998,212992,15,15,0.4558,7712,0,0,9.687800407409668,4.524700164794922,0.9308000206947327,1.6038999557495117,0.11829999834299088,0.13120000064373016,0,0,0,0,0,0,0,0,0,0,0,0,0,10.93432,6.24544
480,20.960399627685547,3.628000020980835,8.873200416564941,1.1888999938964844,1.6907000541687012,1.9352999925613403,4.136199951171875,0.2531000077724457,5000,5009,10000,5006,10000,10000,5000,0.2648000121116638,1.1729999780654907,1.25600004196167,5000,0.5043999999999622,0.3965,1,0.057300000000000004,0.0198,212992,15,15,0.4372,14160,0,0,12.613699913024902,4.311200141906738,0.900600016117096,1.3273999691009521,0.15950000286102295,0.17749999463558197,0.0023,0,0.0671,1.453,2.4084,0.7521,0.1426,1,164898,8822,4998,1512,2875,11.48196,6.54296
481,20.219900131225586,2.234299898147583,9.290499687194824,1.8711999654769897,1.763700008392334,1.6549999713897705,3.42330002784729,0.23759999871253967,5000,5009,10000,5006,10000,10000,5000,0.23520000278949738,0.8151999711990356,1.3804999589920044,5000,0.48729999999996265,0.418,1,0.0563,0.0246,212992,15,15,0.4394,272160,0,0,11.61400032043457,3.6626999378204346,0.9017999768257141,2.2848000526428223,0.226500004529953,0.15870000422000885,0,0,0,0,0,0,0,0,0,0,0,0,0,11.67476,6.83124
482,18.811399459838867,0.0007999999797903001,10.015299797058105,1.3329999446868896,2.6984000205993652,1.7032999992370605,4.244999885559082,0.24240000545978546,5000,5009,10000,5006,10000,10000,5000,0.24480000138282776,0.9115999937057495,1.6899000406265259,5000,0.5050999999999619,0.5005,1,0.0581,0.028700000000000003,212992,15,15,0.4694,7712,0,0,10.117799758911133,4.335000038146973,1.0492000579833984,1.4625999927520752,0.07660000026226044,0.13019999861717224,0,0,0,0,0,0,0,0,0,0,0,0,0,11.846,7.00308
483,27.84440040588379,10.359999656677246,9.459699630737305,1.2868000268936157,1.8854999542236328,1.6754000186920166,3.8415000438690186,0.2651999890804291,5000,5009,10000,5006,10000,10000,5000,0.24789999425411224,1.534500002861023,1.3761999607086182,5000,0.5110999999999601,0.3654,1,0.0587,0.0252,212992,15,15,0.4491,14320,0,0,19.92729949951172,4.033199787139893,0.8532000184059143,1.219599962234497,0.17659999430179596,0.15209999680519104,0.0028,7.324399948120117,0.0437,0.9319,1.7093,0.6257,0.155,1,164240,8680,4998,1446,2710,10.89164,6.70216
484,20.610700607299805,2.334199905395508,9.889300346374512,2.1823999881744385,2.010499954223633,1.761299967765808,3.2927000522613525,0.33559998869895935,5000,5009,10000,5006,10000,10000,5000,0.24979999661445618,0.8238000273704529,1.0777000188827515,5000,0.46639999999996534,0.3758,1,0.053899999999999997,0.0191,212992,15,15,0.4522,378576,0,0,12.301899909973145,3.5415000915527344,0.8436999917030334,2.2207999229431152,0.23579999804496765,0.1379999965429306,0,0,0,0,0,0,0,0,0,0,0,0,0,11.21824,6.52096
485,16.259700775146484,0.000699999975040555,8.618399620056152,1.2937999963760376,1.8849999904632568,1.412500023841858,3.4082999229431152,0.2401999980211258,5000,5009,10000,5006,10000,10000,5000,0.2971999943256378,0.9045000076293945,1.4529000520706177,5000,0.4793999999999639,0.531,1,0.056900000000000006,0.0265,212992,15,15,0.4429,7712,0,0,8.711199760437012,3.489300012588501,1.0360000133514404,1.3128000497817993,0.06750000268220901,0.125900000333786,0,0,0,0,0,0,0,0,0,0,0,0,0,11.2754,6.62372
486,19.667499542236328,0.9950000047683716,9.327500343322754,1.2608000040054321,2.036099910736084,1.7247999906539917,4.612299919128418,0.25049999356269836,5000,5009,10000,5006,10000,10000,5000,0.31450000405311584,1.127500057220459,1.501099944114685,5000,0.6086999999999586,0.392,1,0.060899999999999996,0.0266,212992,15,15,0.4663,18496,0,0,10.406700134277344,4.7322001457214355,0.9156000018119812,1.5536999702453613,0.10189999639987946,0.1331000030040741,0,0,0,0,0,0,0,0,0,0,0,0,0,11.01504,6.6736
487,24.466100692749023,2.559799909591675,8.338299751281738,1.5569000244140625,0.5679000020027161,1.006500005722046,6.145599842071533,0.28870001435279846,5000,5009,10000,5006,10000,10000,5000,0.2581000030040741,1.691100001335144,1.6924999952316284,5000,0.6884999999999493,0.529,1,0.08449999999999999,0.0357,212992,15,15,0.634,289592,0,0,11.003199577331543,6.382800102233887,1.2680000066757202,2.890000104904175,0.21809999644756317,0.5659000277519226,0,0,0,0,0,0,0,0,0,0,0,0,0,11.06068,6.518
488,16.178800582885742,0.0010000000474974513,7.068600177764893,1.2595000267028809,0.460099995136261,0.5343999862670898,4.138500213623047,0.2223999947309494,5000,5009,10000,5006,10000,10000,5000,0.2856000065803528,0.85589998960495,2.0357000827789307,5000,0.5549999999999596,0.4911,1,0.0685,0.025,212992,15,15,0.5446,7712,0,0,7.242099761962891,4.160900115966797,1.1045000553131104,1.5074000358581543,0.008500000461935997,0.20100000500679016,0,0,0,0,0,0,0,0,0,0,0,0,0,12.13712,7.20228
489,24.933900833129883,2.683500051498413,12.679499626159668,2.3399999141693115,2.6521999835968018,1.5491000413894653,4.4822001457214355,0.3815999925136566,5000,5009,10000,5006,10000,10000,5000,0.27639999985694885,1.6167000532150269,2.2525999546051025,5000,0.5778999999999571,0.5397,1,0.0635,0.0343,212992,15,15,0.5396,8048,0,0,15.462300300598145,4.70989990234375,1.1447999477386475,1.4850000143051147,0.21140000224113464,0.13910000026226044,0.0021,0,0.0493,1.3377,1.5341,0,0.1571,1,163448,0,0,0,2230,12.70864,7.17936
490,22.51300048828125,3.113100051879883,9.896499633789062,1.4315999746322632,1.8696000576019287,2.3879001140594482,3.8896000385284424,0.24740000069141388,5000,5009,10000,5006,10000,10000,5000,0.23800000548362732,0.9162999987602234,1.6064000129699707,5000,0.5572999999999596,0.4613,1,0.0658,0.03,212992,15,15,0.6041,265696,0,0,13.1181001663208,4.1244001388549805,1.0232000350952148,2.200900077819824,0.2206999957561493,0.12690000236034393,0,0,0,0,0,0,0,0,0,0,0,0,0,11.72448,7.41904
491,17.201900482177734,0.000699999975040555,8.825400352478027,1.2408000230789185,1.868899941444397,1.3321000337600708,3.766200065612793,0.24160000681877136,5000,5009,10000,5006,10000,10000,5000,0.24889999628067017,0.9079999923706055,1.8007999658584595,5000,0.5707999999999578,0.403,1,0.08539999999999999,0.031200000000000002,212992,15,15,0.5276,7712,0,0,8.914899826049805,3.885999917984009,0.8996000289916992,1.3896000385284424,0.10580000281333923,0.13650000095367432,0,0,0,0,0,0,0,0,0,0,0,0,0,12.05924,7.18672
492,20.16819953918457,2.8373000621795654,8.416999816894531,1.288100004196167,1.7115000486373901,1.4184999465942383,4.161099910736084,0.25619998574256897,5000,5009,10000,5006,10000,10000,5000,0.2671999931335449,0.9715999960899353,1.378600001335144,5000,0.5192999999999592,0.5343,1,0.0596,0.0204,212992,15,15,0.5225,13048,0,0,11.35319995880127,4.325500011444092,1.1533000469207764,1.4556000232696533,0.1492999941110611,0.12080000340938568,0.0018,0,0.0404,0.965,1.6941,0.5888,0.1289,1,162912,8542,4998,1413,2696,12.02108,7.08592
493,21.680200576782227,2.244499921798706,10.220600128173828,1.6414999961853027,1.7050000429153442,1.6979000568389893,3.9330999851226807,0.3781000077724457,5000,5009,10000,5006,10000,10000,5000,0.3165000081062317,1.3144999742507935,1.6669000387191772,5000,0.5189999999999598,0.431,1,0.0589,0.024399999999999998,212992,15,15,0.4935,272000,0,0,12.553999900817871,4.168000221252441,0.9789000153541565,2.106800079345703,0.21729999780654907,0.15289999544620514,0,0,0,0,0,0,0,0,0,0,0,0,0,11.78776,7.04496
494,18.87190055847168,0.0007999999797903001,10.803799629211426,1.5300999879837036,2.910399913787842,1.5849000215530396,3.7564001083374023,0.376800000667572,5000,5009,10000,5006,10000,10000,5000,0.2867000102996826,0.9366000294685364,1.948099970817566,5000,0.5303999999999588,0.3794,1,0.059399999999999994,0.0253,212992,15,15,0.4459,7712,0,0,10.901800155639648,3.831199884414673,0.9024999737739563,1.402500033378601,0.061400000005960464,0.14990000426769257,0,0,0,0,0,0,0,0,0,0,0,0,0,11.48852,6.85816
495,28.654699325561523,10.386500358581543,9.509200096130371,1.4154000282287598,1.7483999729156494,2.1029000282287598,4.100800037384033,0.3517000079154968,5000,5009,10000,5006,10000,10000,5000,0.30649998784065247,1.0857000350952148,1.3365000486373901,5000,0.5521999999999588,0.5048,1,0.0626,0.025599999999999998,212992,15,15,0.5103,10952,0,0,20.00429916381836,4.263299942016602,1.1210999488830566,1.3481999635696411,0.14749999344348907,0.1225999966263771,0.0017,7.320000171661377,0.0469,0.9681,1.8,0.671,0.1644,1,162368,8468,4998,1348,2499,10.44684,6.20956
496,19.933900833129883,2.1303000450134277,9.102399826049805,1.7706999778747559,2.1644999980926514,1.3286999464035034,3.503999948501587,0.2248000055551529,5000,5009,10000,5006,10000,10000,5000,0.2101999968290329,0.8151000142097473,1.4278000593185425,5000,0.46789999999996484,0.4917,1,0.054799999999999995,0.0187,212992,15,15,0.4712,279872,0,0,11.316200256347656,3.725399971008301,1.00409996509552,2.1684000492095947,0.2085999995470047,0.12860000133514404,0,0,0,0,0,0,0,0,0,0,0,0,0,11.2756,6.45384
497,20.233800888061523,0.0007999999797903001,10.276800155639648,1.2015000581741333,2.2197999954223633,1.4728000164031982,5.321100234985352,0.23399999737739563,5000,5009,10000,5006,10000,10000,5000,0.29159998893737793,1.704300045967102,1.930400013923645,5000,0.5786999999999581,0.4436,1,0.07239999999999999,0.0313,212992,15,15,0.5287,7712,0,0,10.367400169372559,5.440400123596191,0.9785000085830688,1.2973999977111816,0.1005999967455864,0.15710000693798065,0,0,0,0,0,0,0,0,0,0,0,0,0,11.84088,6.724
498,17.027599334716797,1.0336999893188477,8.008299827575684,1.1513999700546265,1.5800000429153442,1.2980999946594238,3.7190001010894775,0.23080000281333923,5000,5009,10000,5006,10000,10000,5000,0.2700999975204468,0.9495999813079834,1.4807000160217285,5000,0.48489999999996336,0.3985,1,0.0606,0.026199999999999998,212992,15,15,0.6017,13616,0,0,9.150699615478516,3.797300100326538,0.9142000079154968,1.2582000494003296,0.06350000202655792,0.1386999934911728,0,0,0,0,0,0,0,0,0,0,0,0,0,12.4338,7.2036
499,22.239599227905273,2.3712000846862793,9.945599555969238,2.371000051498413,0.7997999787330627,1.1983000040054321,4.370500087738037,0.40950000286102295,5000,5009,10000,5006,10000,10000,5000,0.2797999978065491,0.9381999969482422,2.194000005722046,5000,0.4938999999999619,0.4503,1,0.059,0.0285,212992,15,15,0.5172,275872,0,0,12.410599708557129,4.561800003051758,0.9514999985694885,1.992400050163269,0.1745000034570694,0.6107000112533569,0,0,0,0,0,0,0,0,0,0,0,0,0,13.073,7.49072
500,21.403200149536133,0.0007999999797903001,12.476400375366211,2.2400999069213867,1.2158000469207764,2.467099905014038,4.060699939727783,0.42750000953674316,5000,5009,10000,5006,10000,10000,5000,0.6664000153541565,1.201799988746643,2.430000066757202,5000,0.5506999999999586,0.5596,1,0.0704,0.0281,212992,15,15,0.6252,7712,0,0,12.583800315856934,4.095900058746338,1.114400029182434,1.4286999702453613,0.008999999612569809,0.15629999339580536,0,0,0,0,0,0,0,0,0,0,0,0,0,13.10984,7.82064
501,20.85740089416504,2.696700096130371,9.098400115966797,1.2268999814987183,1.576200008392334,1.5521999597549438,3.6422998905181885,0.2540999948978424,5000,5009,10000,5006,10000,10000,5000,0.28060001134872437,1.3418999910354614,1.7409000396728516,5000,0.5050999999999608,0.5639,1,0.0636,0.0296,212992,15,15,0.6485,8048,0,0,11.900899887084961,3.779099941253662,1.3351000547409058,1.7984999418258667,0.12219999730587006,0.15620000660419464,0.0024,0,0.0581,1.4862,1.66,0.0001,0.1449,1,161606,0,0,0,2036,12.67436,7.70872
502,22.33300018310547,2.5652999877929688,10.382800102233887,1.5549999475479126,2.064199924468994,1.7726000547409058,3.9595999717712402,0.2816999852657318,5000,5009,10000,5006,10000,10000,5000,0.6492999792098999,0.9782999753952026,1.6957000494003296,5000,0.5124999999999599,0.5237,1,0.058800000000000005,0.025599999999999998,212992,15,15,0.4833,332184,0,0,13.066100120544434,4.210400104522705,1.0638999938964844,2.1514999866485596,0.23549999296665192,0.13519999384880066,0,0,0,0,0,0,0,0,0,0,0,0,0,12.00504,7.26256
503,17.646900177001953,0.0007999999797903001,8.752799987792969,1.3946000337600708,1.6383999586105347,1.3508000373840332,3.9735000133514404,0.2565000057220459,5000,5009,10000,5006,10000,10000,5000,0.27390000224113464,1.0062999725341797,1.7085000276565552,5000,0.6252999999999567,0.5279,1,0.06140000000000001,0.027,212992,15,15,0.5042,7712,0,0,8.848299980163574,4.085599899291992,1.152899980545044,1.3464000225067139,0.0966000035405159,0.14169999957084656,0,0,0,0,0,0,0,0,0,0,0,0,0,11.94028,7.05248
504,24.778900146484375,3.124799966812134,10.078700065612793,1.5923999547958374,1.6800999641418457,1.6507999897003174,5.824100017547607,0.2840000092983246,5000,5009,10000,5006,10000,10000,5000,0.30140000581741333,1.7928999662399292,1.413599967956543,5000,0.6138999999999548,0.6379,1,0.07139999999999999,0.024,212992,15,15,0.5364,10264,0,0,13.295499801635742,6.0792999267578125,1.3336000442504883,1.7878999710083008,0.23420000076293945,0.16459999978542328,0.0017,0,0.0423,1.1439,1.9092,0.6181,0.234,1,161126,8338,4998,1365,2526,12.27124,7.08288
505,29.776899337768555,5.826900005340576,12.309800148010254,1.9686000347137451,2.3482000827789307,1.9351999759674072,5.373799800872803,0.36090001463890076,5000,5009,10000,5006,10000,10000,5000,0.412200003862381,1.5533000230789185,2.045799970626831,5000,0.5627999999999581,0.4871,1,0.0771,0.029,212992,15,15,0.5146,331264,1,0,18.24250030517578,5.697999954223633,1.0471999645233154,2.6881000995635986,0.3019999861717224,0.15309999883174896,0,0,0,0,0,0,0,0,0,0,0,0,0,12.93456,8.38892
506,17.163400650024414,0.0008999999845400453,10.371399879455566,1.148900032043457,2.2909998893737793,2.2602999210357666,3.0532000064849854,0.21279999613761902,5000,5009,10000,5006,10000,10000,5000,0.2809999883174896,0.8240000009536743,2.051500082015991,5000,0.4157999999999705,0.3295,1,0.051800000000000006,0.0269,212992,15,15,0.4202,12424,0,0,10.550399780273438,3.1291000843048096,0.7512000203132629,1.1512999534606934,0.0625,0.12290000170469284,0,0,0,0,0,0,0,0,0,0,0,0,0,12.89636,7.59692
507,23.761199951171875,8.269399642944336,7.345099925994873,1.0846999883651733,1.5194000005722046,1.17330002784729,3.512200117111206,0.2232999950647354,5000,5009,10000,5006,10000,10000,5000,0.2782999873161316,0.8355000019073486,1.2102999687194824,5000,0.4654999999999653,0.4935,1,0.05499999999999999,0.0223,212992,15,15,0.4892,24352,0,0,15.697799682617188,3.657599925994873,1.1079000234603882,1.5448999404907227,0.13339999318122864,0.13779999315738678,0.0016,5.280900001525879,0.0552,1.1653,1.8407,0.5111,0.1633,1,160694,8272,4998,1290,2307,12.51916,7.54528
508,19.424699783325195,2.1284000873565674,8.393199920654297,1.3026000261306763,1.6174999475479126,1.3906999826431274,3.609100103378296,0.24279999732971191,5000,5009,10000,5006,10000,10000,5000,0.29350000619888306,0.8960999846458435,1.4744000434875488,5000,0.5432999999999577,0.4023,1,0.060700000000000004,0.0227,212992,15,15,0.5374,320648,0,0,10.622400283813477,3.863800048828125,0.916100025177002,2.053499937057495,0.24230000376701355,0.14239999651908875,0,0,0,0,0,0,0,0,0,0,0,0,0,12.08088,7.22304
509,18.01289939880371,0.000699999975040555,8.756699562072754,1.305400013923645,1.6419999599456787,1.395900011062622,4.62060022354126,0.31189998984336853,5000,5009,10000,5006,10000,10000,5000,0.26829999685287476,1.0022000074386597,1.6131999492645264,5000,0.5996999999999574,0.4741,1,0.0646,0.027999999999999997,212992,15,15,0.5315,7712,0,0,8.843500137329102,4.707699775695801,1.044800043106079,1.3688000440597534,0.07259999960660934,0.14239999651908875,0,0,0,0,0,0,0,0,0,0,0,0,0,11.6326,7.06244
510,19.331499099731445,1.0674999952316284,9.320599555969238,1.423799991607666,2.2263998985290527,1.312600016593933,4.182400226593018,0.2896000146865845,5000,5009,10000,5006,10000,10000,5000,0.27630001306533813,1.1253999471664429,1.478700041770935,5000,0.591299999999956,0.4952,1,0.06659999999999999,0.026699999999999998,212992,15,15,0.5165,15776,0,0,10.479000091552734,4.2555999755859375,1.0815999507904053,1.4148999452590942,0.05909999832510948,0.20739999413490295,0,0,0,0,0,0,0,0,0,0,0,0,0,11.3352,6.6962
511,24.859899520874023,2.2578001022338867,9.177399635314941,1.7345999479293823,0.5034999847412109,1.354200005531311,7.433300018310547,0.424699991941452,5000,5009,10000,5006,10000,10000,5000,0.3594000041484833,1.940500020980835,1.4726999998092651,5000,0.6237999999999542,0.5018,1,0.0837,0.0283,212992,15,15,0.5667,276376,0,0,11.557900428771973,7.644400119781494,1.1226999759674072,2.356800079345703,0.1899999976158142,0.125,0,0,0,0,0,0,0,0,0,0,0,0,0,11.3298,6.63904
512,25.743799209594727,0.0007999999797903001,13.663200378417969,1.5,0.6632000207901001,1.1062999963760376,4.963200092315674,0.5360999703407288,5000,5009,10000,5006,10000,10000,5000,0.4814000129699707,1.2304999828338623,2.114799976348877,5000,1.571399999999938,0.6485,1,0.0911,0.0783,212992,15,15,0.8265,7712,0,0,13.770600318908691,4.988900184631348,1.5383000373840332,1.6243000030517578,0.008899999782443047,0.17560000717639923,0,0,0,0,0,0,0,0,0,0,0,0,0,11.74196,6.7888
513,31.516599655151367,2.971100091934204,17.067699432373047,2.901900053024292,2.7822000980377197,2.2528998851776123,5.71750020980835,0.44020000100135803,5000,5009,10000,5006,10000,10000,5000,0.43650001287460327,1.9323999881744385,2.3601999282836914,5000,0.5248999999999612,0.5915,1,0.0779,0.0365,212992,15,15,0.7226,8048,0,0,20.154600143432617,5.937600135803223,1.2137999534606934,1.8997000455856323,0.1979999989271164,0.19429999589920044,0.0022,0,0.0719,1.5211,1.7316,0.0001,0.1566,1,160052,0,0,0,1868,13.34988,8.24808
514,28.212099075317383,4.037300109863281,14.470600128173828,2.6612000465393066,3.5206000804901123,2.2328999042510986,4.711100101470947,0.2549000084400177,5000,5009,10000,5006,10000,10000,5000,0.2565000057220459,1.1959999799728394,2.2583999633789062,5000,0.44249999999996775,0.4038,1,0.0547,0.026,212992,15,15,0.477,334056,0,0,18.630199432373047,4.972499847412109,0.8464000225067139,2.0285000801086426,0.24210000038146973,0.12380000203847885,0,0,0,0,0,0,0,0,0,0,0,0,0,12.93908,7.87572
515,14.786399841308594,0.0007999999797903001,7.833199977874756,1.0831999778747559,1.4701999425888062,1.3072999715805054,3.11929988861084,0.2329999953508377,5000,5009,10000,5006,10000,10000,5000,0.26080000400543213,0.855400025844574,1.559999942779541,5000,0.45219999999996724,0.3971,1,0.0581,0.0267,212992,15,15,0.43,7712,0,0,7.918300151824951,3.183000087738037,0.8363999724388123,1.2081999778747559,0.05169999971985817,0.1289999932050705,0,0,0,0,0,0,0,0,0,0,0,0,0,13.3424,7.86644
516,27.10110092163086,7.422800064086914,9.078100204467773,1.1863000392913818,1.662500023841858,1.753000020980835,5.428599834442139,0.2752000093460083,5000,5009,10000,5006,10000,10000,5000,0.28600001335144043,1.5786000490188599,1.2007999420166016,5000,0.6409999999999526,0.5028,1,0.07819999999999999,0.0269,212992,15,15,0.6594,11408,0,0,16.58449935913086,5.657100200653076,1.1446000337600708,1.3293999433517456,0.20970000326633453,0.16539999842643738,0.0018,4.712399959564209,0.0379,1.0153,1.6801,0.5355,0.1272,1,159566,8145,4998,1267,2331,12.95444,7.7272
517,22.169300079345703,3.0204999446868896,9.77340030670166,1.4449000358581543,2.213399887084961,1.6742000579833984,4.119999885559082,0.2517000138759613,5000,5009,10000,5006,10000,10000,5000,0.2847999930381775,0.9359999895095825,1.7446999549865723,5000,0.5077999999999606,0.4967,1,0.059699999999999996,0.0274,212992,15,15,0.5025,269712,0,0,12.89169979095459,4.357800006866455,1.031000018119812,2.0560998916625977,0.22050000727176666,0.11100000143051147,0,0,0,0,0,0,0,0,0,0,0,0,0,12.42412,7.47852
518,17.1737003326416,0.0007999999797903001,8.9753999710083,1.3207999467849731,1.7926000356674194,1.3898999691009521,3.879499912261963,0.2542000114917755,5000,5009,10000,5006,10000,10000,5000,0.3224000036716461,0.9857000112533569,1.7067999839782715,5000,0.5357999999999599,0.4064,1,0.064,0.025099999999999997,212992,15,15,0.4949,7712,0,0,9.059700012207031,3.9563000202178955,0.9293000102043152,1.3516000509262085,0.06369999796152115,0.13030000030994415,0,0,0,0,0,0,0,0,0,0,0,0,0,12.1384,7.20936
519,30.446399688720703,9.663800239562988,11.559800148010254,2.2379000186920166,2.4609999656677246,1.450600028038025,4.090000152587891,0.3977999985218048,5000,5009,10000,5006,10000,10000,5000,0.29109999537467957,1.0247999429702759,2.028899908065796,5000,0.5601999999999568,0.6187,1,0.06949999999999999,0.0311,212992,15,15,0.6497,13392,0,0,21.320199966430664,4.241799831390381,1.3193000555038452,1.4150999784469604,0.1371999979019165,0.12359999865293503,0.0019,6.384099960327148,0.048,1.0384,1.8244,0.6237,0.1659,1,158960,8113,4998,1213,2134,11.44952,6.65208
520,24.435699462890625,3.003000020980835,11.32960033416748,1.7691999673843384,1.6319999694824219,2.1168999671936035,4.482100009918213,0.3849000036716461,5000,5009,10000,5006,10000,10000,5000,0.2773999869823456,1.6610000133514404,1.8977999687194824,5000,0.5109999999999608,0.5238,1,0.0597,0.027,212992,15,15,0.5242,326744,0,0,14.427900314331055,4.770400047302246,1.1232999563217163,2.1540000438690186,0.26829999685287476,0.13330000638961792,0,0,0,0,0,0,0,0,0,0,0,0,0,11.25164,6.49204
521,17.206300735473633,0.0008999999845400453,8.694700241088867,1.1410000324249268,1.6469000577926636,1.4616999626159668,4.056700229644775,0.2224999964237213,5000,5009,10000,5006,10000,10000,5000,0.2614000141620636,0.8478999733924866,1.9048000574111938,5000,0.4702999999999653,0.3871,1,0.057,0.024,212992,15,15,0.5324,7712,0,0,8.802900314331055,4.141900062561035,0.9901999831199646,1.4776999950408936,0.07000000029802322,0.11680000275373459,0,0,0,0,0,0,0,0,0,0,0,0,0,11.49468,6.83376
522,17.759599685668945,1.0604000091552734,8.074000358581543,1.1956000328063965,1.5599000453948975,1.3250000476837158,3.650099992752075,0.23330000042915344,5000,5009,10000,5006,10000,10000,5000,0.23880000412464142,0.9180999994277954,1.5408999919891357,5000,0.6142999999999555,0.3945,1,0.0737,0.0316,212992,15,15,0.5929,11880,0,0,9.236900329589844,3.7451000213623047,1.0444999933242798,1.4972000122070312,0.07859999686479568,0.12919999659061432,0,0,0,0,0,0,0,0,0,0,0,0,0,11.3832,6.73716
523,20.375200271606445,2.851099967956543,8.380499839782715,1.3460999727249146,0.7376000285148621,1.121999979019165,4.059800148010254,0.2502000033855438,5000,5009,10000,5006,10000,10000,5000,0.2847999930381775,1.5130000114440918,1.8694000244140625,5000,0.5046999999999607,0.3503,1,0.05890000000000001,0.025599999999999998,212992,15,15,0.4442,324000,0,0,11.337300300598145,4.264100074768066,0.8666999936103821,2.131500005722046,0.18770000338554382,0.12470000237226486,0,0,0,0,0,0,0,0,0,0,0,0,0,11.3132,6.63928
524,15.924200057983398,0.000699999975040555,7.781499862670898,1.215000033378601,0.4864000082015991,0.6661999821662903,3.8828999996185303,0.32339999079704285,5000,5009,10000,5006,10000,10000,5000,0.2800999879837036,1.5752999782562256,2.029099941253662,5000,0.5295999999999584,0.4712,1,0.06,0.0204,212992,15,15,0.497,7712,0,0,7.878600120544434,3.9128000736236572,1.0033999681472778,1.2223999500274658,0.009600000455975533,0.12479999661445618,0,0,0,0,0,0,0,0,0,0,0,0,0,11.04956,6.54252
525,23.921899795532227,2.0583999156951904,10.010000228881836,1.730299949645996,1.5372999906539917,1.7426999807357788,5.984799861907959,0.27630001306533813,5000,5009,10000,5006,10000,10000,5000,0.3481999933719635,1.61080002784729,1.2793999910354614,5000,0.699199999999949,0.5485,1,0.0817,0.0542,212992,15,15,0.6136,8048,0,0,12.157099723815918,6.190800189971924,1.292199969291687,1.801900029182434,0.18770000338554382,0.14830000698566437,0.0023,0,0.0423,0.9786,1.1263,0,0.1138,1,158364,0,0,0,1719,10.93932,6.44504
526,24.013500213623047,3.0250000953674316,9.129799842834473,1.4375,1.565600037574768,1.6511000394821167,5.152500152587891,0.27079999446868896,5000,5009,10000,5006,10000,10000,5000,0.2953999936580658,0.9940999746322632,1.6555999517440796,5000,0.5664999999999573,0.4943,1,0.064,0.028399999999999998,212992,15,15,0.5821,282248,0,0,12.27299976348877,5.403600215911865,1.0511000156402588,3.1975998878479004,0.23510000109672546,0.149399995803833,0,0,0,0,0,0,0,0,0,0,0,0,0,10.5248,5.88096
527,17.593799591064453,0.0007999999797903001,9.357500076293945,1.2274999618530273,1.9076999425888062,1.5313999652862549,4.113100051879883,0.24120000004768372,5000,5009,10000,5006,10000,10000,5000,0.23960000276565552,1.3768999576568604,1.721500039100647,5000,0.46259999999996537,0.4432,1,0.0553,0.0271,212992,15,15,0.4817,7712,0,0,9.447699546813965,4.189899921417236,1.020400047302246,1.2024999856948853,0.05810000002384186,0.1290999948978424,0,0,0,0,0,0,0,0,0,0,0,0,0,11.21312,6.51808
528,21.300899505615234,2.67549991607666,9.35669994354248,1.3111000061035156,1.583799958229065,1.6890000104904175,4.506100177764893,0.24789999425411224,5000,5009,10000,5006,10000,10000,5000,0.26910001039505005,1.6375000476837158,1.3884999752044678,5000,0.5267999999999615,0.4354,1,0.05790000000000001,0.0242,212992,15,15,0.4422,10952,0,0,12.120400428771973,4.6504998207092285,0.9495000243186951,1.732100009918213,0.12630000710487366,0.15449999272823334,0.0029,0,0.045,0.9218,1.6046,0.5454,0.1272,1,157990,8023,4998,1200,2186,11.0396,6.4526
529,21.805999755859375,2.5285000801086426,9.105299949645996,1.3056000471115112,1.6128000020980835,1.4220999479293823,3.7200000286102295,0.24230000376701355,5000,5009,10000,5006,10000,10000,5000,0.2687999904155731,0.9373000264167786,2.025700092315674,5000,0.5367999999999579,0.6283,1,0.06609999999999999,0.0282,212992,15,15,0.5781,260616,0,0,11.738499641418457,3.9410998821258545,1.2685999870300293,2.8071999549865723,0.20640000700950623,0.14509999752044678,0,0,0,0,0,0,0,0,0,0,0,0,0,11.1126,6.886
530,18.519899368286133,0.000699999975040555,9.141500473022461,1.1413999795913696,1.613700032234192,1.48580002784729,4.404300212860107,0.22660000622272491,5000,5009,10000,5006,10000,10000,5000,0.2459000051021576,1.6153000593185425,1.6663999557495117,5000,0.5543999999999583,0.4704,1,0.0698,0.0355,212992,15,15,0.5297,7712,0,0,9.236800193786621,4.4822998046875,1.080899953842163,1.6017999649047852,0.05990000069141388,0.16779999434947968,0,0,0,0,0,0,0,0,0,0,0,0,0,11.52112,6.67232
531,26.65369987487793,9.867400169372559,8.821399688720703,1.4794000387191772,1.9818999767303467,1.2903000116348267,3.8220999240875244,0.24480000138282776,5000,5009,10000,5006,10000,10000,5000,0.2768000066280365,0.9164000153541565,1.4687999486923218,5000,0.491399999999963,0.4131,1,0.0575,0.024,212992,15,15,0.4657,12224,0,0,18.807100296020508,3.9684998989105225,0.9025999903678894,1.1806000471115112,0.13109999895095825,0.13950000703334808,0.0026,6.7210001945495605,0.0402,1.0077,1.8449,0.6843,0.1983,1,157590,8016,4998,1164,2002,11.45076,6.6706
532,20.070499420166016,1.8732999563217163,9.319600105285645,1.1818000078201294,2.293100118637085,1.3489999771118164,3.607100009918213,0.20999999344348907,5000,5009,10000,5006,10000,10000,5000,0.2565000057220459,0.779699981212616,1.8314000368118286,5000,0.4468999999999668,0.5245,1,0.06369999999999999,0.0205,212992,15,15,0.5541,216560,0,0,11.289799690246582,3.798099994659424,0.9919999837875366,2.1614999771118164,0.1753000020980835,0.14270000159740448,0,0,0,0,0,0,0,0,0,0,0,0,0,12.09588,6.98516
533,16.282400131225586,0.0007999999797903001,8.241299629211426,1.1571999788284302,1.6605000495910645,1.2314000129699707,4.163300037384033,0.22200000286102295,5000,5009,10000,5006,10000,10000,5000,0.27480000257492065,0.9054999947547913,1.6172000169754028,5000,0.4496999999999668,0.3632,1,0.0551,0.0269,212992,15,15,0.4219,7712,0,0,8.328399658203125,4.236100196838379,0.8166000247001648,1.238700032234192,0.05429999902844429,0.1388999968767166,0,0,0,0,0,0,0,0,0,0,0,0,0,12.11716,7.14516
534,18.273399353027344,0.9491999745368958,9.221500396728516,1.753600001335144,1.919800043106079,1.5096999406814575,3.3750998973846436,0.23229999840259552,5000,5009,10000,5006,10000,10000,5000,0.3167000114917755,0.9081000089645386,1.4823999404907227,5000,0.4793999999999636,0.4654,1,0.056900000000000006,0.0246,212992,15,15,0.4343,12224,0,0,10.283300399780273,3.4412999153137207,0.9911999702453613,1.618899941444397,0.053700000047683716,0.35740000009536743,0,0,0,0,0,0,0,0,0,0,0,0,0,11.91692,7.10188
535,20.58880043029785,2.529400110244751,8.694999694824219,1.6928000450134277,0.5353000164031982,1.2117999792099,3.648400068283081,0.4027000069618225,5000,5009,10000,5006,10000,10000,5000,0.2815999984741211,1.6444000005722046,1.4742000102996826,5000,0.5097999999999605,0.5404,1,0.0596,0.0256,212992,15,15,0.4599,343184,0,0,11.3100004196167,3.865999937057495,1.2049000263214111,2.296099901199341,0.1931000053882599,0.22840000689029694,0,0,0,0,0,0,0,0,0,0,0,0,0,11.61484,6.87404
536,14.84000015258789,0.0007999999797903001,6.88100004196167,1.226199984550476,0.4950999915599823,0.765999972820282,3.696899890899658,0.2549999952316284,5000,5009,10000,5006,10000,10000,5000,0.3086000084877014,0.9449999928474426,1.7003999948501587,5000,0.5189999999999598,0.4657,1,0.06110000000000001,0.0215,212992,15,15,0.5015,7712,0,0,6.974699974060059,3.7177000045776367,1.020400047302246,1.2339999675750732,0.008700000122189522,0.15710000693798065,0,0,0,0,0,0,0,0,0,0,0,0,0,11.337,6.76044
537,20.190200805664062,2.2827999591827393,8.630399703979492,1.2883000373840332,1.545799970626831,1.5546000003814697,4.6570000648498535,0.2624000012874603,5000,5009,10000,5006,10000,10000,5000,0.266400009393692,0.9987000226974487,1.561900019645691,5000,0.5417999999999592,0.4245,1,0.0647,0.0292,212992,15,15,0.4534,8048,0,0,11.00629997253418,4.78249979019165,0.9559999704360962,1.5687999725341797,0.11060000211000443,0.149399995803833,0.0021,0,0.0422,1.0682,1.2414,0.0001,0.1575,1,157166,0,0,0,1578,11.04208,6.49812
538,23.164400100708008,3.2994000911712646,9.807299613952637,1.5722999572753906,1.464900016784668,1.9368000030517578,4.292699813842773,0.4090999960899353,5000,5009,10000,5006,10000,10000,5000,0.3052999973297119,0.9900000095367432,1.6502000093460083,5000,0.5629999999999579,0.4572,1,0.0647,0.0272,212992,15,15,0.5542,274520,0,0,13.217700004577637,4.5218000411987305,1.0097999572753906,2.3921000957489014,0.21459999680519104,0.1274999976158142,0,0,0,0,0,0,0,0,0,0,0,0,0,10.96004,6.45196
539,21.42300033569336,0.0010000000474974513,11.25879955291748,1.5788999795913696,2.467600107192993,1.547700047492981,4.6732001304626465,0.2822999954223633,5000,5009,10000,5006,10000,10000,5000,0.3095000088214874,1.250100016593933,2.3752999305725098,5000,0.6607999999999513,0.6152,1,0.074,0.029599999999999998,212992,15,15,0.6425,7712,0,0,11.352700233459473,4.782100200653076,1.2218999862670898,1.5372999906539917,0.09040000289678574,0.2402999997138977,0,0,0,0,0,0,0,0,0,0,0,0,0,11.35772,6.46544
540,21.61079978942871,3.2739999294281006,9.4931001663208,1.340000033378601,1.9248000383377075,1.5823999643325806,4.1743998527526855,0.42910000681877136,5000,5009,10000,5006,10000,10000,5000,0.27709999680519104,1.1643999814987183,1.5211999416351318,5000,0.5190999999999598,0.4959,1,0.060099999999999994,0.0211,212992,15,15,0.4986,10832,0,0,12.874600410461426,4.3231000900268555,1.0161999464035034,1.510200023651123,0.1315000057220459,0.14059999585151672,0.0018,0,0.0439,1.2086,2.0755,0.7061,0.1616,1,156820,7881,4998,1142,2016,11.70008,6.68616
541,25.24679946899414,3.493000030517578,12.18649959564209,2.312299966812134,2.5822999477386475,2.3029000759124756,3.7927000522613525,0.37770000100135803,5000,5009,10000,5006,10000,10000,5000,0.25850000977516174,0.906499981880188,1.690000057220459,5000,0.49599999999996175,0.4864,1,0.0596,0.0248,212992,15,15,0.4886,298280,0,0,15.78380012512207,4.021599769592285,1.0918999910354614,2.5504000186920166,0.2078000009059906,0.11129999905824661,0,0,0,0,0,0,0,0,0,0,0,0,0,12.74212,6.85492
542,21.89430046081543,0.0007999999797903001,11.449999809265137,1.8492000102996826,2.4895999431610107,1.5741000175476074,5.149099826812744,0.34599998593330383,5000,5009,10000,5006,10000,10000,5000,0.29679998755455017,1.72160005569458,1.749400019645691,5000,0.5737999999999571,0.5104,1,0.0703,0.0365,212992,15,15,0.5733,7712,0,0,11.548800468444824,5.259900093078613,1.1605000495910645,1.7100000381469727,0.0908999964594841,0.14659999310970306,0,0,0,0,0,0,0,0,0,0,0,0,0,14.19496,7.99652
543,35.85029983520508,12.144700050354004,13.549500465393066,2.4131999015808105,2.9333999156951904,1.8763999938964844,5.224899768829346,0.3961000144481659,5000,5009,10000,5006,10000,10000,5000,0.265500009059906,1.4191999435424805,2.1496999263763428,5000,0.5374999999999593,0.4584,1,0.069,0.0325,212992,15,15,0.5333,11760,0,0,25.811199188232422,5.429999828338623,1.0253000259399414,1.5059000253677368,0.18459999561309814,0.13009999692440033,0.0027,8.234800338745117,0.0557,1.422,2.3968,0.7885,0.1772,1,156368,7856,4998,1118,1812,16.28424,10.66724
544,25.37969970703125,3.1287999153137207,12.413999557495117,2.183300018310547,2.6867001056671143,2.0350000858306885,3.8050999641418457,0.34060001373291016,5000,5009,10000,5006,10000,10000,5000,0.26019999384880066,1.309499979019165,1.982800006866455,5000,0.6159999999999627,0.5616,1,0.06390000000000001,0.053099999999999994,212992,15,15,0.667,287472,0,0,15.650500297546387,4.031199932098389,1.0982999801635742,2.2525999546051025,0.20600000023841858,0.13950000703334808,0,0,0,0,0,0,0,0,0,0,0,0,0,15.44124,9.21772
545,21.444900512695312,0.0008999999845400453,10.664199829101562,1.2474000453948975,1.9557000398635864,1.5953999757766724,4.323500156402588,0.35530000925064087,5000,5009,10000,5006,10000,10000,5000,0.34369999170303345,1.2680000066757202,2.223400115966797,5000,0.8011999999999443,0.7763,1,0.09889999999999999,0.041,212992,15,15,0.7387,7712,0,0,10.808099746704102,4.414999961853027,1.3937000036239624,1.9215999841690063,0.07360000163316727,0.2296999990940094,0,0,0,0,0,0,0,0,0,0,0,0,0,15.21016,8.93172
546,22.167499542236328,1.4305000305175781,10.349100112915039,1.1888999938964844,1.7483999729156494,1.5871000289916992,4.766300201416016,0.2298000007867813,5000,5009,10000,5006,10000,10000,5000,0.3402999937534332,1.7070000171661377,2.185699939727783,5000,0.6987999999999434,0.5832,1,0.0674,0.035,212992,15,15,0.6911,12344,0,0,11.903599739074707,4.8719000816345215,1.2344000339508057,1.7204999923706055,0.0843999981880188,0.13619999587535858,0,0,0,0,0,0,0,0,0,0,0,0,0,15.37844,8.89748
547,24.494600296020508,3.2197999954223633,10.522000312805176,2.246999979019165,1.124899983406067,0.9527000188827515,3.746500015258789,0.3750999867916107,5000,5009,10000,5006,10000,10000,5000,0.29829999804496765,1.503100037574768,2.1547000408172607,5000,0.5669999999999608,0.4715,1,0.0714,0.0363,212992,15,15,0.5878,261608,0,0,13.856100082397461,3.9244000911712646,1.0787999629974365,3.447700023651123,0.15790000557899475,0.1460999995470047,0,0,0,0,0,0,0,0,0,0,0,0,0,15.97308,9.22796
548,19.84480094909668,0.0010000000474974513,10.023900032043457,2.154900074005127,1.1583000421524048,0.8546000123023987,5.323500156402588,0.400299996137619,5000,5009,10000,5006,10000,10000,5000,0.3287000060081482,1.0018999576568604,2.265500068664551,5000,0.5667999999999549,0.417,1,0.077,0.0309,212992,15,15,0.5925,7712,0,0,10.135700225830078,5.357800006866455,0.9358000159263611,1.2136000394821167,0.010300000198185444,0.14910000562667847,0,0,0,0,0,0,0,0,0,0,0,0,0,15.68824,9.31064
549,22.8080997467041,2.389699935913086,9.546799659729004,1.2345999479293823,1.503000020980835,1.5440000295639038,5.395500183105469,0.25099998712539673,5000,5009,10000,5006,10000,10000,5000,0.2630999982357025,1.8950999975204468,1.5032000541687012,5000,0.6053999999999553,0.5143,1,0.07479999999999999,0.0364,212992,15,15,0.5781,8048,0,0,12.029899597167969,5.586699962615967,1.1859999895095825,1.7510000467300415,0.16580000519752502,0.15230000019073486,0.0018,0,0.0461,1.1486,1.3391,0,0.1647,1,156070,0,0,0,1439,14.9622,8.85156
550,28.860700607299805,2.958899974822998,13.61460018157959,2.4848999977111816,2.6784000396728516,2.0297000408172607,5.469099998474121,0.40939998626708984,5000,5009,10000,5006,10000,10000,5000,0.5188999772071838,1.590499997138977,2.1898000240325928,5000,0.6221999999999538,0.5175,1,0.0772,0.0334,212992,15,15,0.6258,211520,0,0,16.679100036621094,5.740699768066406,1.1851999759674072,2.9021999835968018,0.25,0.1437000036239624,0,0,0,0,0,0,0,0,0,0,0,0,0,14.17488,8.55244
551,21.062999725341797,0.010400000028312206,12.447600364685059,2.1849000453948975,2.8759000301361084,1.4420000314712524,3.5732998847961426,0.39640000462532043,5000,5009,10000,5006,10000,10000,5000,0.46880000829696655,0.953499972820282,2.331700086593628,5000,0.5065999999999621,0.5554,1,0.0627,0.027,212992,15,15,0.5378,7712,0,0,12.580499649047852,3.636899948120117,1.167099952697754,1.7683000564575195,0.048700001090765,0.15209999680519104,0,0,0,0,0,0,0,0,0,0,0,0,0,13.23484,7.94892
552,22.805599212646484,3.089400053024292,10.671600341796875,1.7036000490188599,2.081899881362915,2.110100030899048,4.435999870300293,0.2513999938964844,5000,5009,10000,5006,10000,10000,5000,0.27399998903274536,1.4003000259399414,1.5829999446868896,5000,0.5083999999999606,0.4434,1,0.05910000000000001,0.0254,212992,15,15,0.5311,12224,0,0,13.872200012207031,4.576399803161621,1.0454000234603882,1.3676999807357788,0.11909999698400497,0.14270000159740448,0.0027,0,0.0744,0.8216,1.7245,0.7007,0.1824,1,155620,7729,4998,1086,1832,13.2462,7.69744
553,21.587600708007812,2.3742001056671143,9.120400428771973,1.4259999990463257,1.7002999782562256,1.5048999786376953,3.6552999019622803,0.2809000015258789,5000,5009,10000,5006,10000,10000,5000,0.4244000017642975,1.004699945449829,1.5430999994277954,5000,0.5486999999999597,0.5093,1,0.0658,0.0347,212992,15,15,0.674,294304,0,0,11.598799705505371,3.873500108718872,1.0716999769210815,2.569700002670288,0.20350000262260437,0.43650001287460327,0,0,0,0,0,0,0,0,0,0,0,0,0,12.99248,7.71868
554,21.175600051879883,0.0008999999845400453,12.732799530029297,2.2342000007629395,2.8268001079559326,1.739799976348877,4.086699962615967,0.4007999897003174,5000,5009,10000,5006,10000,10000,5000,0.3407999873161316,1.2582000494003296,2.2697999477386475,5000,0.5018999999999612,0.4806,1,0.0606,0.024999999999999998,212992,15,15,0.4877,7712,0,0,12.851300239562988,4.1508002281188965,1.003100037574768,1.2962000370025635,0.04749999940395355,0.1468999981880188,0,0,0,0,0,0,0,0,0,0,0,0,0,12.86832,7.42716
555,26.146499633789062,7.944499969482422,9.056400299072266,1.3774000406265259,2.0761001110076904,1.3401999473571777,3.8492000102996826,0.2581000030040741,5000,5009,10000,5006,10000,10000,5000,0.25699999928474426,0.932200014591217,1.6624000072479248,5000,0.5464999999999594,0.5765,1,0.0717,0.0287,212992,15,15,0.5343,9904,0,0,17.09630012512207,4.041500091552734,1.1845999956130981,1.7702000141143799,0.17739999294281006,0.13349999487400055,0.0022,5.020299911499023,0.0402,1.0008,1.7294,0.595,0.1585,1,155356,7695,4998,1034,1654,13.07164,7.71184
556,26.99169921875,2.438999891281128,14.111900329589844,2.5362000465393066,2.5220999717712402,2.3215999603271484,5.078999996185303,0.30660000443458557,5000,5009,10000,5006,10000,10000,5000,0.2689000070095062,2.056299924850464,2.072999954223633,5000,0.5095999999999606,0.4462,1,0.0613,0.020200000000000003,212992,15,15,0.5481,277080,0,0,16.64889907836914,5.315299987792969,0.9416000247001648,2.162600040435791,0.2125999927520752,0.13130000233650208,0,0,0,0,0,0,0,0,0,0,0,0,0,12.74,7.55624
557,17.643800735473633,0.0007999999797903001,9.720399856567383,1.3739999532699585,2.3436999320983887,1.5,3.7497000694274902,0.3043999969959259,5000,5009,10000,5006,10000,10000,5000,0.2906999886035919,0.9340000152587891,1.7137999534606934,5000,0.5136999999999604,0.3987,1,0.0705,0.0234,212992,15,15,0.4568,7712,0,0,9.812800407409668,3.81030011177063,0.8913999795913696,1.3257999420166016,0.04619999974966049,0.13619999587535858,0,0,0,0,0,0,0,0,0,0,0,0,0,12.50748,7.3534
558,18.673900604248047,1.1576000452041626,8.623499870300293,1.2835999727249146,1.4818999767303467,1.5605000257492065,4.28410005569458,0.25999999046325684,5000,5009,10000,5006,10000,10000,5000,0.2635999917984009,0.9490000009536743,1.576300024986267,5000,0.5063999999999613,0.5942,1,0.0619,0.0253,212992,15,15,0.4773,11760,0,0,9.891300201416016,4.36460018157959,1.1471999883651733,1.4293999671936035,0.06270000338554382,0.1378999948501587,0,0,0,0,0,0,0,0,0,0,0,0,0,12.51316,7.33968
559,22.013399124145508,3.205199956893921,8.352100372314453,1.6813000440597534,0.5116999745368958,1.1358000040054321,4.177999973297119,0.38530001044273376,5000,5009,10000,5006,10000,10000,5000,0.3246000111103058,0.9296000003814697,1.6478999853134155,5000,0.4976999999999619,0.6198,1,0.061599999999999995,0.0264,212992,15,15,0.6872,327608,0,0,11.66100025177002,4.369699954986572,1.281999945640564,2.637399911880493,0.17759999632835388,0.1565999984741211,0,0,0,0,0,0,0,0,0,0,0,0,0,12.10384,7.2154
560,16.618900299072266,0.0008999999845400453,8.30459976196289,1.354699969291687,0.9235000014305115,1.0053999423980713,3.615999937057495,0.25029999017715454,5000,5009,10000,5006,10000,10000,5000,0.2793000042438507,1.3382999897003174,1.8325999975204468,5000,0.5016999999999621,0.4903,1,0.0645,0.0242,212992,15,15,0.5283,7712,0,0,8.420000076293945,3.63919997215271,1.1319999694824219,1.5367000102996826,0.008299999870359898,0.13660000264644623,0,0,0,0,0,0,0,0,0,0,0,0,0,11.76744,7.05724
561,19.457300186157227,2.2797000408172607,8.428500175476074,1.2867000102996826,1.857699990272522,1.2352999448776245,3.654900074005127,0.25200000405311584,5000,5009,10000,5006,10000,10000,5000,0.25119999051094055,0.9724000096321106,1.4416999816894531,5000,0.5818999999999585,0.5029,1,0.0679,0.0291,212992,15,15,0.5923,8048,0,0,10.820899963378906,3.7681000232696533,1.0226000547409058,1.3273999691009521,0.09809999912977219,0.5012000203132629,0.0025,0,0.0657,1.0249,1.1796,0.0001,0.1374,1,155052,0,0,0,1320,11.3754,6.813
562,20.681900024414062,2.3076999187469482,8.319100379943848,1.3416999578475952,1.3961999416351318,1.280500054359436,3.7911999225616455,0.2531000077724457,5000,5009,10000,5006,10000,10000,5000,0.2962999939918518,0.9657999873161316,1.6018999814987183,5000,0.7128999999999517,0.4446,1,0.0757,0.0343,212992,15,15,0.7885,252240,0,0,10.714799880981445,4.064199924468994,0.9653000235557556,2.188800096511841,0.25940001010894775,0.1574999988079071,0,0,0,0,0,0,0,0,0,0,0,0,0,10.97416,6.49312
563,18.31730079650879,0.0007999999797903001,8.06719970703125,1.2689000368118286,1.3344999551773071,1.2366000413894653,3.9560999870300293,0.29809999465942383,5000,5009,10000,5006,10000,10000,5000,0.2361000031232834,1.0026999711990356,1.5061999559402466,5000,0.5488999999999589,0.5514,1,0.0629,0.0252,212992,15,15,0.5187,7712,0,0,8.172300338745117,4.012800216674805,1.2071000337600708,1.3674999475479126,0.04410000145435333,1.7384999990463257,0,0,0,0,0,0,0,0,0,0,0,0,0,10.47516,6.2458
564,23.701799392700195,2.941800117492676,10.567500114440918,1.6717000007629395,1.9228999614715576,1.7822999954223633,5.341000080108643,0.2870999872684479,5000,5009,10000,5006,10000,10000,5000,0.29440000653266907,1.6176999807357788,1.726699948310852,5000,0.603999999999955,0.4404,1,0.0687,0.0223,212992,15,15,0.561,11296,0,0,13.598299980163574,5.482999801635742,1.041700005531311,1.448199987411499,0.12380000203847885,0.15860000252723694,0.0018,0,0.045,0.9663,1.7434,0.6296,0.1322,1,154750,7651,4998,1028,1701,10.21296,6.03012
565,23.339599609375,2.2291998863220215,9.891900062561035,1.7010999917984009,1.7028000354766846,1.6332000494003296,4.934800148010254,0.3181000053882599,5000,5009,10000,5006,10000,10000,5000,0.3301999866962433,1.2122999429702759,1.6217000484466553,5000,0.6662999999999508,0.5062,1,0.09830000000000001,0.036699999999999997,212992,15,15,0.5941,241624,0,0,12.23490047454834,5.156700134277344,1.202299952507019,2.388000011444092,0.20170000195503235,0.15559999644756317,0,0,0,0,0,0,0,0,0,0,0,0,0,10.01016,5.8976
566,21.43239974975586,0.0007999999797903001,10.519599914550781,1.670300006866455,1.7405999898910522,1.7723000049591064,5.256800174713135,0.3456000089645386,5000,5009,10000,5006,10000,10000,5000,0.445499986410141,1.3027000427246094,1.8830000162124634,5000,0.7748999999999427,0.5307,1,0.0837,0.0345,212992,15,15,0.6047,7712,0,0,10.61929988861084,5.316100120544434,1.2933000326156616,1.6990000009536743,0.04410000145435333,0.1657000035047531,0,0,0,0,0,0,0,0,0,0,0,0,0,9.86984,5.8058
567,32.93960189819336,14.041099548339844,10.998299598693848,2.0464000701904297,1.9766000509262085,1.6083999872207642,4.072700023651123,0.38449999690055847,5000,5009,10000,5006,10000,10000,5000,0.36239999532699585,1.2445000410079956,1.8866000175476074,5000,0.48459999999996295,0.3182,1,0.0565,0.026799999999999997,212992,15,15,0.4114,12808,0,0,25.143999099731445,4.187099933624268,0.7598000168800354,1.1710000038146973,0.10019999742507935,0.12280000001192093,0.0022,10.215100288391113,0.0585,1.3472,2.4893,0.9368,0.1604,1,154266,7603,4999,975,1523,9.07312,5.47068
568,19.284900665283203,2.2857000827789307,8.346500396728516,1.2258000373840332,1.3560999631881714,1.398900032043457,3.3262999057769775,0.2159000039100647,5000,5009,10000,5006,10000,10000,5000,0.21770000457763672,0.8126000165939331,1.8982000350952148,5000,0.4867999999999638,0.3587,1,0.058800000000000005,0.0203,212992,15,15,0.4615,379176,0,0,10.708900451660156,3.572000026702881,0.8504999876022339,2.377500057220459,0.23190000653266907,0.14390000700950623,0,0,0,0,0,0,0,0,0,0,0,0,0,9.98592,5.64372
569,16.087600708007812,0.000699999975040555,8.128199577331543,1.093000054359436,1.472100019454956,1.305899977684021,3.593100070953369,0.225600004196167,5000,5009,10000,5006,10000,10000,5000,0.24660000205039978,1.1220999956130981,1.5722999572753906,5000,0.5140999999999603,0.4168,1,0.0604,0.025500000000000002,212992,15,15,0.4592,7712,0,0,8.224499702453613,3.65339994430542,0.9330000281333923,1.4651000499725342,0.04439999908208847,0.1429000049829483,0,0,0,0,0,0,0,0,0,0,0,0,0,10.55836,6.03716
570,19.84950065612793,0.9542999863624573,8.688899993896484,1.3703999519348145,1.55649995803833,1.2625999450683594,4.537099838256836,0.28220000863075256,5000,5009,10000,5006,10000,10000,5000,0.262800008058548,1.0317000150680542,1.6656999588012695,5000,0.6839999999999498,0.5636,1,0.0751,0.0287,212992,15,15,0.6116,13152,0,0,9.734199523925781,4.595600128173828,1.2403000593185425,1.9219000339508057,0.044599998742341995,0.18330000340938568,0,0,0,0,0,0,0,0,0,0,0,0,0,10.42364,6.0868
571,24.186199188232422,2.2184998989105225,8.666399955749512,1.8898999691009521,0.5841000080108643,1.0273000001907349,6.310100078582764,0.3569999933242798,5000,5009,10000,5006,10000,10000,5000,0.34470000863075256,1.3394999504089355,1.6604000329971313,5000,0.8199999999999383,0.6,1,0.0881,0.033,212992,15,15,0.8204,218384,0,0,10.991499900817871,6.4816999435424805,1.3849999904632568,2.502500057220459,0.15620000660419464,0.14910000562667847,0,0,0,0,0,0,0,0,0,0,0,0,0,9.64592,5.9092
572,17.549999237060547,0.0007999999797903001,7.969900131225586,1.3128999471664429,0.4803999960422516,1.0776000022888184,4.469900131225586,0.26969999074935913,5000,5009,10000,5006,10000,10000,5000,0.5210000276565552,1.1653000116348267,1.8271000385284424,5000,0.6588999999999526,0.5161,1,0.07250000000000001,0.0321,212992,15,15,0.5677,7712,0,0,8.06719970703125,4.4944000244140625,1.2454999685287476,1.4478000402450562,0.009200000204145908,0.15889999270439148,0,0,0,0,0,0,0,0,0,0,0,0,0,10.13012,5.77932
573,24.494199752807617,2.316999912261963,10.174200057983398,1.906599998474121,1.6124999523162842,1.558500051498413,5.703400135040283,0.36419999599456787,5000,5009,10000,5006,10000,10000,5000,0.3440000116825104,1.4176000356674194,1.579800009727478,5000,0.8134999999999393,0.5923,1,0.0868,0.0253,212992,15,15,0.6573,8048,0,0,12.586199760437012,5.821599960327148,1.3752000331878662,2.0476999282836914,0.10170000046491623,0.16580000519752502,0.0019,0,0.0505,1.0635,1.2336,0.0001,0.1086,1,153974,0,0,0,1200,9.5388,5.254
574,23.211599349975586,2.555299997329712,8.825499534606934,1.472100019454956,1.3838000297546387,1.475600004196167,5.030099868774414,0.2833000123500824,5000,5009,10000,5006,10000,10000,5000,0.28130000829696655,1.1619000434875488,1.5327999591827393,5000,0.7444999999999459,0.5366,1,0.0796,0.0445,212992,15,15,0.6187,327152,0,0,11.500499725341797,5.350500106811523,1.1900999546051025,2.66759991645813,0.30489999055862427,0.14030000567436218,0,0,0,0,0,0,0,0,0,0,0,0,0,9.49852,5.2262
575,16.293699264526367,0.0010000000474974513,7.626500129699707,1.1268999576568604,1.2446000576019287,1.0536999702453613,4.139800071716309,0.2418999969959259,5000,5009,10000,5006,10000,10000,5000,0.26820001006126404,0.8988000154495239,1.6700999736785889,5000,0.5541999999999588,0.4791,1,0.0632,0.026299999999999997,212992,15,15,0.5205,7712,0,0,7.716400146484375,4.193600177764893,1.0463000535964966,1.3625999689102173,0.04129999876022339,0.15080000460147858,0,0,0,0,0,0,0,0,0,0,0,0,0,10.28564,5.86912
576,29.822500228881836,9.866299629211426,10.555800437927246,1.8005000352859497,1.8036999702453613,1.597499966621399,4.782299995422363,0.3662000000476837,5000,5009,10000,5006,10000,10000,5000,0.3208000063896179,1.3969999551773071,1.8478000164031982,5000,0.5939999999999591,0.4327,1,0.0665,0.03,212992,15,15,0.7167,10488,0,0,20.516799926757812,4.899899959564209,0.9162999987602234,1.208400011062622,0.10189999639987946,0.1339000016450882,0.002,6.505300045013428,0.0511,1.1442,2.1226,0.7959,0.1553,1,153786,7563,4999,968,1561,9.56688,5.1254
577,19.487300872802734,1.9566999673843384,7.915800094604492,1.1389000415802002,1.2595000267028809,1.5223000049591064,3.7279000282287598,0.22210000455379486,5000,5009,10000,5006,10000,10000,5000,0.24869999289512634,1.1678999662399292,1.3134000301361084,5000,0.5247999999999592,0.5652,1,0.0595,0.0209,212992,15,15,0.5216,265824,0,0,9.958399772644043,3.9791998863220215,1.0881999731063843,2.5083999633789062,0.2363000065088272,0.13670000433921814,0,0,0,0,0,0,0,0,0,0,0,0,0,10.41952,5.84088
578,15.620699882507324,0.000699999975040555,8.058500289916992,1.2002999782562256,1.485700011253357,1.2937999963760376,3.4277000427246094,0.23399999737739563,5000,5009,10000,5006,10000,10000,5000,0.2754000127315521,0.9232000112533569,1.5148999691009521,5000,0.4845999999999631,0.4213,1,0.05800000000000001,0.0265,212992,15,15,0.5049,7712,0,0,8.142600059509277,3.4802000522613525,0.902400016784668,1.2905999422073364,0.03889999911189079,0.13449999690055847,0,0,0,0,0,0,0,0,0,0,0,0,0,11.3936,6.41844
579,26.984399795532227,8.901000022888184,8.86989974975586,1.350100040435791,1.5145000219345093,1.8388999700546265,4.457799911499023,0.26570001244544983,5000,5009,10000,5006,10000,10000,5000,0.24799999594688416,1.2005000114440918,1.2918000221252441,5000,0.5649999999999568,0.4267,1,0.0644,0.0289,212992,15,15,0.5299,9904,0,0,17.85810089111328,4.585299968719482,0.9592999815940857,1.4282000064849854,0.10999999940395355,0.2946999967098236,0.0018,5.978899955749512,0.0403,1.0956,1.7959,0.5666,0.1397,1,153540,7495,4999,962,1394,11.1018,6.93796
580,19.480499267578125,2.176500082015991,8.42549991607666,1.31850004196167,1.4235999584197998,1.3112000226974487,3.4691998958587646,0.23240000009536743,5000,5009,10000,5006,10000,10000,5000,0.1995999962091446,1.1825000047683716,1.5464999675750732,5000,0.48079999999996403,0.5239,1,0.0572,0.0294,212992,15,15,0.4914,230248,0,0,10.707900047302246,3.6526999473571777,1.0363999605178833,2.2632999420166016,0.16670000553131104,0.1421000063419342,0,0,0,0,0,0,0,0,0,0,0,0,0,11.46772,6.59608
581,18.033300399780273,0.0007999999797903001,9.125800132751465,1.309399962425232,1.688099980354309,1.4591000080108643,3.9182000160217285,0.4034000039100647,5000,5009,10000,5006,10000,10000,5000,0.2793999910354614,1.0054999589920044,1.6712000370025635,5000,0.5656999999999575,0.5266,1,0.0754,0.0266,212992,15,15,0.6238,7712,0,0,9.214599609375,3.976099967956543,1.1370999813079834,1.5318000316619873,0.04230000078678131,0.14560000598430634,0,0,0,0,0,0,0,0,0,0,0,0,0,11.40968,6.69232
582,21.941299438476562,1.0367000102996826,10.601200103759766,1.995300054550171,2.58240008354187,1.4180999994277954,5.03000020980835,0.29910001158714294,5000,5009,10000,5006,10000,10000,5000,0.2888000011444092,1.0844000577926636,1.594099998474121,5000,0.6226999999999538,0.5149,1,0.0708,0.0341,212992,15,15,0.6237,11296,0,0,11.7298002243042,5.087299823760986,1.1409000158309937,1.7222000360488892,0.039500001817941666,0.16339999437332153,0,0,0,0,0,0,0,0,0,0,0,0,0,11.11852,6.45636
583,20.495800018310547,2.373300075531006,7.731599807739258,1.5793999433517456,0.5016000270843506,0.9596999883651733,4.30210018157959,0.28929999470710754,5000,5009,10000,5006,10000,10000,5000,0.28360000252723694,1.1073999404907227,1.6634000539779663,5000,0.6024999999999556,0.7355,1,0.06720000000000001,0.030199999999999998,212992,15,15,0.5579,247864,0,0,10.20680046081543,4.478000164031982,1.357100009918213,2.34089994430542,0.16099999845027924,0.14579999446868896,0,0,0,0,0,0,0,0,0,0,0,0,0,10.94468,6.30228
584,15.717100143432617,0.0007999999797903001,7.177700042724609,1.329300045967102,0.5257999897003174,0.6237999796867371,4.184800148010254,0.2669000029563904,5000,5009,10000,5006,10000,10000,5000,0.27070000767707825,1.095900058746338,1.871899962425232,5000,0.5690999999999578,0.4331,1,0.0637,0.0256,212992,15,15,0.5077,7712,0,0,7.270100116729736,4.208799839019775,0.9944999814033508,1.2558000087738037,0.009200000204145908,0.1615999937057495,0,0,0,0,0,0,0,0,0,0,0,0,0,11.129,6.50604
585,21.08340072631836,2.1846001148223877,9.884400367736816,1.6383999586105347,2.1017000675201416,1.547700047492981,4.301000118255615,0.28850001096725464,5000,5009,10000,5006,10000,10000,5000,0.299699991941452,1.215999960899353,1.469499945640564,5000,0.6064999999999549,0.4608,1,0.06889999999999999,0.022,212992,15,15,0.5258,8048,0,0,12.156599998474121,4.397900104522705,1.0430999994277954,1.4292999505996704,0.0803999975323677,0.13179999589920044,0.0021,0,0.047,1.0387,1.1874,0.0001,0.1169,1,153298,0,0,0,1089,10.87012,6.43072
586,24.910200119018555,2.5239999294281006,9.417799949645996,1.6994999647140503,1.5277999639511108,1.579699993133545,5.735300064086914,0.31700000166893005,5000,5009,10000,5006,10000,10000,5000,0.3050000071525574,1.1825000047683716,1.461300015449524,5000,0.7708999999999427,0.5284,1,0.0829,0.033,212992,15,15,0.7192,331096,0,0,12.031900405883789,6.014500141143799,1.2776999473571777,2.9444000720977783,0.26170000433921814,0.16210000216960907,0,0,0,0,0,0,0,0,0,0,0,0,0,9.88572,5.88972
587,19.533000946044922,0.0010000000474974513,10.130999565124512,1.353700041770935,1.576799988746643,1.7156000137329102,4.413300037384033,0.30169999599456787,5000,5009,10000,5006,10000,10000,5000,0.3215999901294708,1.5652999877929688,1.9086999893188477,5000,0.6033999999999549,0.4856,1,0.07089999999999999,0.029199999999999997,212992,15,15,0.6065,7712,0,0,10.323399543762207,4.4741997718811035,1.0808000564575195,1.458899974822998,0.03909999877214432,0.15649999678134918,0,0,0,0,0,0,0,0,0,0,0,0,0,10.3948,5.91404
588,23.252700805664062,3.0485000610351562,10.2608003616333,2.4449000358581543,1.76419997215271,1.3766000270843506,4.776299953460693,0.30250000953674316,5000,5009,10000,5006,10000,10000,5000,0.3003000020980835,1.1469999551773071,1.5741000175476074,5000,0.7201999999999483,0.4536,1,0.0754,0.030100000000000002,212992,15,15,0.5725,8976,0,0,13.400500297546387,4.889599800109863,1.1164000034332275,1.4829000234603882,0.09730000048875809,0.15389999747276306,0.0021,0,0.0488,1.0485,1.8434,0.644,0.1239,1,153114,7428,4999,970,1454,9.79972,5.47364
589,21.59980010986328,2.3239998817443848,8.295599937438965,1.3202999830245972,1.3255000114440918,1.3995000123977661,4.199699878692627,0.2538999915122986,5000,5009,10000,5006,10000,10000,5000,0.28200000524520874,0.9847999811172485,1.5088000297546387,5000,0.5957999999999554,0.608,1,0.0695,0.0249,212992,15,15,0.7386,259048,0,0,10.715200424194336,4.426000118255615,1.344099998474121,2.8066000938415527,0.20980000495910645,0.14579999446868896,0,0,0,0,0,0,0,0,0,0,0,0,0,9.78736,5.58272
590,17.21150016784668,0.0007999999797903001,8.820799827575684,1.3162000179290771,1.8559000492095947,1.2781000137329102,3.90339994430542,0.24719999730587006,5000,5009,10000,5006,10000,10000,5000,0.272599995136261,0.9485999941825867,1.7145999670028687,5000,0.5442999999999586,0.4085,1,0.0629,0.028700000000000003,212992,15,15,0.503,7712,0,0,8.916500091552734,3.962399959564209,0.9685999751091003,1.4163000583648682,0.04340000078082085,0.1468999981880188,0,0,0,0,0,0,0,0,0,0,0,0,0,10.46876,5.90548
591,28.892099380493164,10.25059986114502,10.05049991607666,1.539199948310852,1.6482000350952148,1.847499966621399,4.042099952697754,0.3163999915122986,5000,5009,10000,5006,10000,10000,5000,0.2978000044822693,1.192199945449829,1.8895000219345093,5000,0.5027999999999614,0.4136,1,0.058100000000000006,0.0312,212992,15,15,0.4835,9440,0,0,20.404800415039062,4.143799781799316,0.9810000061988831,1.5176000595092773,0.08699999749660492,0.14650000631809235,0.0018,6.725900173187256,0.0474,1.0563,2.1989,0.9359,0.163,1,152874,7420,4999,940,1286,9.86396,5.32364
592,19.09779930114746,2.5481998920440674,7.380799770355225,1.1543999910354614,1.2826000452041626,1.1931999921798706,3.2806999683380127,0.2117999941110611,5000,5009,10000,5006,10000,10000,5000,0.28040000796318054,0.7896000146865845,1.3763999938964844,5000,0.4875999999999627,0.4703,1,0.05940000000000001,0.0231,212992,15,15,0.4901,326280,0,0,10.028599739074707,3.5669000148773193,1.0266000032424927,2.666100025177002,0.2741999924182892,0.1339000016450882,0,0,0,0,0,0,0,0,0,0,0,0,0,10.62644,5.82736
593,18.895099639892578,0.000699999975040555,10.22659969329834,2.023099899291992,2.0924999713897705,1.3200000524520874,4.160099983215332,0.24300000071525574,5000,5009,10000,5006,10000,10000,5000,0.227400004863739,1.1619999408721924,1.7929999828338623,5000,0.5255999999999595,0.49,1,0.06,0.0265,212992,15,15,0.4972,7712,0,0,10.312199592590332,4.217599868774414,1.0276000499725342,1.4301999807357788,0.04019999876618385,0.14319999516010284,0,0,0,0,0,0,0,0,0,0,0,0,0,10.62096,6.23252
594,18.90049934387207,0.989799976348877,8.55679988861084,1.3454999923706055,1.3920999765396118,1.4817999601364136,4.513700008392334,0.28290000557899475,5000,5009,10000,5006,10000,10000,5000,0.2985000014305115,1.1907000541687012,1.431399941444397,5000,0.6172999999999543,0.4631,1,0.0686,0.03,212992,15,15,0.5474,9440,0,0,9.636099815368652,4.57289981842041,1.0734000205993652,1.4783999919891357,0.043800000101327896,0.147599995136261,0,0,0,0,0,0,0,0,0,0,0,0,0,10.70224,6.16268
595,21.568099975585938,2.382200002670288,7.843800067901611,1.6431000232696533,0.5958999991416931,0.9473999738693237,5.029600143432617,0.3021000027656555,5000,5009,10000,5006,10000,10000,5000,0.2797999978065491,1.2415000200271606,1.441100001335144,5000,0.7108999999999464,0.4904,1,0.07529999999999999,0.034,212992,15,15,0.621,278448,0,0,10.322699546813965,5.217800140380859,1.1584999561309814,2.4900999069213867,0.17139999568462372,0.15780000388622284,0,0,0,0,0,0,0,0,0,0,0,0,0,10.15352,5.86856
596,16.745899200439453,0.0007999999797903001,7.344399929046631,1.4350999593734741,0.5396000146865845,0.7182000279426575,4.451600074768066,0.29510000348091125,5000,5009,10000,5006,10000,10000,5000,0.2639000117778778,1.1335999965667725,1.7384999990463257,5000,0.6667999999999508,0.5062,1,0.0734,0.0271,212992,15,15,0.5661,7712,0,0,7.4355998039245605,4.474299907684326,1.1597000360488892,1.4271999597549438,0.007699999958276749,0.15119999647140503,0,0,0,0,0,0,0,0,0,0,0,0,0,10.27172,5.96112
597,27.6697998046875,2.5237998962402344,13.903599739074707,1.8184000253677368,1.5226999521255493,1.504699945449829,6.641200065612793,0.3763999938964844,5000,5009,10000,5006,10000,10000,5000,4.24560022354126,1.4228999614715576,1.5995999574661255,5000,0.6100999999999546,0.4582,1,0.0673,0.026799999999999997,212992,15,15,0.5084,8048,0,0,16.52120018005371,6.736400127410889,1.041100025177002,1.3073999881744385,0.07729999721050262,0.13120000064373016,0.0023,0,0.0552,1.2057,1.3871,0,0.1121,1,152738,0,0,0,996,9.40928,5.15736
598,19.23979949951172,1.9378999471664429,8.13700008392334,1.7619999647140503,1.1640000343322754,1.472499966621399,3.8766000270843506,0.25060001015663147,5000,5009,10000,5006,10000,10000,5000,0.25369998812675476,0.9097999930381775,1.1964999437332153,5000,0.5407999999999581,0.4379,1,0.0609,0.0196,212992,15,15,0.4929,243632,0,0,10.154999732971191,4.072000026702881,0.9616000056266785,2.142199993133545,0.1808999925851822,0.1453000009059906,0,0,0,0,0,0,0,0,0,0,0,0,0,10.10156,5.58508
599,17.00510025024414,0.0010000000474974513,8.098799705505371,1.2541999816894531,1.3131999969482422,1.2338999509811401,3.920300006866455,0.257099986076355,5000,5009,10000,5006,10000,10000,5000,0.3052999973297119,1.016700029373169,1.538699984550476,5000,0.5762999999999567,0.6195,1,0.0665,0.0269,212992,15,15,0.51,7712,0,0,8.187999725341797,3.971400022506714,1.2767000198364258,1.473099946975708,0.03840000182390213,0.2321999967098236,0,0,0,0,0,0,0,0,0,0,0,0,0,10.60904,6.06524
600,23.570899963378906,3.0453999042510986,9.126700401306152,1.5938999652862549,1.523300051689148,1.3200000524520874,5.23360013961792,0.3190000057220459,5000,5009,10000,5006,10000,10000,5000,0.3488999903202057,1.3365999460220337,1.4301999807357788,5000,0.7638999999999435,0.6459,1,0.08270000000000001,0.0294,212992,15,15,0.7842,8976,0,0,12.279000282287598,5.34630012512207,1.530500054359436,1.7410999536514282,0.0957999974489212,0.15729999542236328,0.0021,0,0.0484,0.9489,1.7983,0.694,0.123,1,152384,7322,4999,932,1347,10.05408,6.52936
601,21.150800704956055,2.1942999362945557,8.063599586486816,1.3725999593734741,1.3243999481201172,1.3133000135421753,4.140399932861328,0.27219998836517334,5000,5009,10000,5006,10000,10000,5000,0.301800012588501,0.9550999999046326,1.2805999517440796,5000,0.6197999999999539,0.5619,1,0.0689,0.0262,212992,15,15,0.5588,253232,0,0,10.362199783325195,4.344200134277344,1.1900999546051025,3.0978000164031982,0.1914999932050705,0.1559000015258789,0,0,0,0,0,0,0,0,0,0,0,0,0,9.95996,6.2662
602,19.336999893188477,0.0007999999797903001,8.371700286865234,1.3047000169754028,1.4143999814987183,1.164199948310852,4.993199825286865,0.2784000039100647,5000,5009,10000,5006,10000,10000,5000,0.2736000120639801,1.019700050354004,1.6828999519348145,5000,0.6155999999999541,0.6302,1,0.0706,0.0238,212992,15,15,0.5555,7712,0,0,8.467100143432617,5.045599937438965,1.3861000537872314,1.5867999792099,0.03689999878406525,0.8237000107765198,0,0,0,0,0,0,0,0,0,0,0,0,0,10.20556,5.80444
603,33.15060043334961,10.8641996383667,11.953700065612793,1.8214999437332153,1.811900019645691,2.1447999477386475,5.503200054168701,0.3513000011444092,5000,5009,10000,5006,10000,10000,5000,0.29600000381469727,2.0506999492645264,1.8483999967575073,5000,0.524299999999961,0.6041,1,0.06290000000000001,0.0312,212992,15,15,0.5196,10832,0,0,22.921100616455078,5.653800010681152,1.1520999670028687,1.461400032043457,0.12880000472068787,0.12389999628067017,0.0023,6.868500232696533,0.0635,1.4161,2.4779,0.8704,0.1774,1,152238,7294,4999,908,1164,9.67824,4.8852
604,19.295000076293945,2.0708000659942627,7.946000099182129,1.1007000207901,1.4532999992370605,1.5277999639511108,3.3227999210357666,0.2175000011920929,5000,5009,10000,5006,10000,10000,5000,0.2282000035047531,0.82669997215271,1.3753999471664429,5000,0.594399999999957,0.4403,1,0.0676,0.034,212992,15,15,0.4737,326616,0,0,10.101799964904785,3.5978000164031982,0.9319999814033508,2.5813000202178955,0.25850000977516174,0.15960000455379486,0,0,0,0,0,0,0,0,0,0,0,0,0,10.8548,6.24304
605,20.746200561523438,0.0007999999797903001,9.628499984741211,1.1705000400543213,1.5210000276565552,1.5751999616622925,5.6041998863220215,0.33550000190734863,5000,5009,10000,5006,10000,10000,5000,0.2881999909877777,1.905400037765503,1.6353000402450562,5000,0.6398999999999532,0.5269,1,0.075,0.034,212992,15,15,0.6211,7712,0,0,9.718700408935547,5.690000057220459,1.2138999700546265,1.7688000202178955,0.060499999672174454,0.16249999403953552,0,0,0,0,0,0,0,0,0,0,0,0,0,11.01848,6.5522
606,19.94860076904297,1.2652000188827515,9.1673002243042,1.3345999717712402,1.5401999950408936,1.4228999614715576,4.355299949645996,0.2687000036239624,5000,5009,10000,5006,10000,10000,5000,0.22370000183582306,1.0819000005722046,1.955199956893921,5000,0.5599999999999574,0.5555,1,0.06539999999999999,0.022600000000000002,212992,15,15,0.5529,9904,0,0,10.539400100708008,4.417399883270264,1.2795000076293945,1.5462000370025635,0.041600000113248825,0.2345999926328659,0,0,0,0,0,0,0,0,0,0,0,0,0,11.01116,6.41916
607,21.534900665283203,2.176300048828125,7.639100074768066,1.5857000350952148,0.5461000204086304,0.916100025177002,4.92140007019043,0.3052000105381012,5000,5009,10000,5006,10000,10000,5000,0.27889999747276306,1.11899995803833,1.586400032043457,5000,0.7690999999999448,0.5515,1,0.08180000000000001,0.0371,212992,15,15,0.6356,209192,0,0,9.921199798583984,5.092899799346924,1.3100999593734741,2.634000062942505,0.15410000085830688,0.16410000622272491,0,0,0,0,0,0,0,0,0,0,0,0,0,10.52788,6.68548
608,18.483800888061523,0.0007999999797903001,8.356100082397461,1.5544999837875366,0.7524999976158142,0.7075999975204468,4.8379998207092285,0.3066999912261963,5000,5009,10000,5006,10000,10000,5000,0.3271999955177307,1.1654000282287598,2.109299898147583,5000,0.7081999999999478,0.507,1,0.07590000000000001,0.032299999999999995,212992,15,15,0.5467,7712,0,0,8.455100059509277,4.863800048828125,1.302899956703186,1.5542000532150269,0.009800000116229057,0.16089999675750732,0,0,0,0,0,0,0,0,0,0,0,0,0,10.68836,6.17964
609,28.303800582885742,2.5248000621795654,11.262200355529785,1.8051999807357788,1.4903000593185425,1.8768999576568604,8.620800018310547,0.3517000079154968,5000,5009,10000,5006,10000,10000,5000,0.3208000063896179,2.300100088119507,1.6866999864578247,5000,0.9198999999999312,0.5398,1,0.09539999999999998,0.0327,212992,15,15,0.6797,8048,0,0,13.907699584960938,8.761099815368652,1.301300048828125,1.3967000246047974,0.11879999935626984,0.14589999616146088,0.0024,0,0.0579,1.1414,1.342,0.0001,0.1195,1,152062,0,0,0,909,9.90804,6.00684
610,22.039499282836914,3.166599988937378,8.701499938964844,1.2639000415802002,1.2036999464035034,1.3028000593185425,4.973100185394287,0.23240000009536743,5000,5009,10000,5006,10000,10000,5000,0.23090000450611115,1.8100999593734741,1.4479000568389893,5000,0.5099999999999606,0.435,1,0.0592,0.0213,212992,15,15,0.4917,322600,0,0,11.962599754333496,5.202499866485596,0.9452000260353088,2.084399938583374,0.2117999941110611,0.13089999556541443,0,0,0,0,0,0,0,0,0,0,0,0,0,10.51432,6.54144
611,15.04419994354248,0.000699999975040555,7.798099994659424,1.2304999828338623,1.2706999778747559,1.3121999502182007,3.257499933242798,0.22290000319480896,5000,5009,10000,5006,10000,10000,5000,0.2838999927043915,0.8507999777793884,1.5586999654769897,5000,0.46339999999996556,0.4101,1,0.0556,0.0253,212992,15,15,0.4371,7712,0,0,7.879000186920166,3.301300048828125,0.8766999840736389,1.28410005569458,0.03060000017285347,0.1429000049829483,0,0,0,0,0,0,0,0,0,0,0,0,0,11.37332,6.36136
612,20.01650047302246,2.475800037384033,8.233200073242188,1.437399983406067,1.6682000160217285,1.1926000118255615,4.3867998123168945,0.26269999146461487,5000,5009,10000,5006,10000,10000,5000,0.25920000672340393,0.989799976348877,1.249400019645691,5000,0.5505999999999588,0.5171,1,0.063,0.0286,212992,15,15,0.5724,11296,0,0,10.797499656677246,4.485899925231934,1.0872999429702759,1.5892000198364258,0.08309999853372574,0.17479999363422394,0.0017,0,0.0409,0.792,1.4659,0.5522,0.1022,1,151860,7232,4999,885,1227,11.52332,6.724
613,23.90019989013672,3.4509999752044678,9.809399604797363,1.5362999439239502,1.4859000444412231,1.4083000421524048,4.552999973297119,0.28839999437332153,5000,5009,10000,5006,10000,10000,5000,0.28200000524520874,1.0951999425888062,2.242799997329712,5000,0.6337999999999532,0.4842,1,0.0729,0.029500000000000002,212992,15,15,0.54,269496,0,0,13.38479995727539,4.7708001136779785,1.121899962425232,2.4289000034332275,0.2037999927997589,0.1808999925851822,0,0,0,0,0,0,0,0,0,0,0,0,0,11.0656,6.2584
614,18.15999984741211,0.0010000000474974513,9.06410026550293,1.343999981880188,1.4168000221252441,1.3430999517440796,4.373499870300293,0.3547999858856201,5000,5009,10000,5006,10000,10000,5000,0.28690001368522644,1.055299997329712,1.707900047302246,5000,0.6072999999999544,0.4549,1,0.0653,0.0261,212992,15,15,0.5076,7712,0,0,9.165900230407715,4.428800106048584,1.0469000339508057,1.404099941253662,0.03750000149011612,0.15230000019073486,0,0,0,0,0,0,0,0,0,0,0,0,0,11.35088,6.50292
615,29.058500289916992,11.287300109863281,9.19540023803711,1.7036000490188599,1.5866999626159668,1.4199999570846558,4.434500217437744,0.30309998989105225,5000,5009,10000,5006,10000,10000,5000,0.2831999957561493,1.1648999452590942,1.4631999731063843,5000,0.5181999999999596,0.385,1,0.0597,0.027399999999999997,212992,15,15,0.4674,10368,0,0,20.582199096679688,4.530700206756592,0.8592000007629395,1.2503999471664429,0.08009999990463257,0.14180000126361847,0.0023,8.355400085449219,0.0454,0.9133,1.7476,0.6881,0.1352,1,151690,7225,4999,862,1072,10.47672,6.26592
616,17.032400131225586,1.863800048828125,7.210700035095215,1.1715999841690063,1.1613999605178833,1.1835999488830566,3.1949000358581543,0.21639999747276306,5000,5009,10000,5006,10000,10000,5000,0.24230000376701355,0.8108000159263611,1.3583999872207642,5000,0.4605999999999656,0.4086,1,0.0571,0.025599999999999998,212992,15,15,0.4131,213120,0,0,9.158300399780273,3.3640999794006348,0.8794999718666077,1.9740999937057495,0.15649999678134918,0.13809999823570251,0,0,0,0,0,0,0,0,0,0,0,0,0,11.23904,6.38388
617,16.145200729370117,0.0006000000284984708,8.125300407409668,1.2727999687194824,1.3324999809265137,1.179900050163269,3.7681000232696533,0.25540000200271606,5000,5009,10000,5006,10000,10000,5000,0.26109999418258667,1.0477999448776245,1.6295000314712524,5000,0.5297999999999592,0.3871,1,0.06080000000000001,0.0256,212992,15,15,0.4486,7712,0,0,8.208999633789062,3.8176000118255615,0.9172000288963318,1.3553999662399292,0.03480000048875809,0.15489999949932098,0,0,0,0,0,0,0,0,0,0,0,0,0,11.40768,6.64348
618,19.791799545288086,0.9200000166893005,9.287799835205078,1.3980000019073486,1.5824999809265137,1.330199956893921,4.309100151062012,0.2818000018596649,5000,5009,10000,5006,10000,10000,5000,0.305400013923645,1.0951999425888062,1.936900019645691,5000,0.6165999999999544,0.4895,1,0.0688,0.0228,212992,15,15,0.5404,8512,0,0,10.288200378417969,4.357600212097168,1.0943000316619873,1.9234999418258667,0.032499998807907104,0.17110000550746918,0,0,0,0,0,0,0,0,0,0,0,0,0,11.20752,6.56488
619,22.013500213623047,2.9058001041412354,7.75540018081665,1.6330000162124634,0.5857999920845032,0.9726999998092651,5.036600112915039,0.3091999888420105,5000,5009,10000,5006,10000,10000,5000,0.2872999906539917,1.1161999702453613,1.4907000064849854,5000,0.6881999999999491,0.471,1,0.07569999999999999,0.0332,212992,15,15,0.5523,288696,0,0,10.780699729919434,5.23859977722168,1.136199951171875,2.5483999252319336,0.18790000677108765,0.17550000548362732,0,0,0,0,0,0,0,0,0,0,0,0,0,10.94028,6.39088
620,19.41670036315918,0.0007999999797903001,8.743599891662598,1.6032999753952026,0.6014000177383423,0.7563999891281128,5.201300144195557,0.323199987411499,5000,5009,10000,5006,10000,10000,5000,0.3269999921321869,1.3351999521255493,2.2311999797821045,5000,0.7363999999999475,0.5123,1,0.0785,0.0349,212992,15,15,0.6553,7712,0,0,8.859700202941895,5.22599983215332,1.226699948310852,1.5995999574661255,0.00930000003427267,0.17669999599456787,0,0,0,0,0,0,0,0,0,0,0,0,0,10.85216,6.22928
621,22.786500930786133,2.4820001125335693,9.131799697875977,1.6402000188827515,1.3913999795913696,1.2681000232696533,5.239500045776367,0.3285999894142151,5000,5009,10000,5006,10000,10000,5000,0.22920000553131104,1.1973999738693237,1.7032999992370605,5000,0.8621999999999435,0.5636,1,0.1036,0.0385,212992,15,15,0.851,8048,0,0,11.715200424194336,5.321300029754639,1.4084999561309814,1.5111000537872314,0.06650000065565109,0.1485999971628189,0.0024,0,0.0638,1.1898,1.3693,0.0001,0.1184,1,151612,0,0,0,824,10.25864,5.7754
622,20.878599166870117,2.0903000831604004,8.275500297546387,1.3460999727249146,1.291200041770935,1.3487000465393066,4.36299991607666,0.2554999887943268,5000,5009,10000,5006,10000,10000,5000,0.27129998803138733,1.0002000331878662,1.5372999906539917,5000,0.5645999999999578,0.5607,1,0.0688,0.0218,212992,15,15,0.5306,210792,0,0,10.463299751281738,4.534299850463867,1.132599949836731,2.753700017929077,0.155799999833107,0.14399999380111694,0,0,0,0,0,0,0,0,0,0,0,0,0,10.50836,5.87084
623,17.348400115966797,0.0007999999797903001,8.130800247192383,1.2402000427246094,1.2345999479293823,1.1331000328063965,3.937700033187866,0.2558000087738037,5000,5009,10000,5006,10000,10000,5000,0.2912999987602234,1.0799000263214111,1.7424999475479126,5000,0.6654999999999489,0.6686,1,0.0714,0.0294,212992,15,15,0.6659,7712,0,0,8.226499557495117,3.9814000129699707,1.2790000438690186,1.4839999675750732,0.03099999949336052,0.1468999981880188,0,0,0,0,0,0,0,0,0,0,0,0,0,10.55436,6.22072
624,22.331100463867188,2.989300012588501,9.224599838256836,1.4996999502182007,1.485200047492981,1.351699948310852,4.779600143432617,0.29679998755455017,5000,5009,10000,5006,10000,10000,5000,0.30219998955726624,1.2344000339508057,1.7077000141143799,5000,0.6895999999999489,0.6236,1,0.0748,0.0309,212992,15,15,0.5568,9904,0,0,12.311699867248535,4.874199867248535,1.297700047492981,1.573199987411499,0.0794999971985817,0.14910000562667847,0.0025,0,0.0484,1.0182,1.7865,0.6223,0.1232,1,151382,7173,4999,865,1135,10.21984,6.125
625,22.90180015563965,2.168100118637085,8.963199615478516,1.4982999563217163,1.4961999654769897,1.5848000049591064,4.815299987792969,0.2759000062942505,5000,5009,10000,5006,10000,10000,5000,0.3009999990463257,1.048799991607666,1.4931999444961548,5000,0.6173999999999539,0.5363,1,0.0691,0.029599999999999998,212992,15,15,0.6363,257080,0,0,11.224699974060059,5.041299819946289,1.273300051689148,3.1370999813079834,0.20999999344348907,0.15539999306201935,0,0,0,0,0,0,0,0,0,0,0,0,0,10.25056,5.67664
626,16.56170082092285,0.0008999999845400453,8.314800262451172,1.1927000284194946,1.3389999866485596,1.2233999967575073,3.8998000621795654,0.24390000104904175,5000,5009,10000,5006,10000,10000,5000,0.28209999203681946,0.9251999855041504,1.9498000144958496,5000,0.5213999999999602,0.4151,1,0.07100000000000001,0.0235,212992,15,15,0.5146,7712,0,0,8.43220043182373,3.946899890899658,0.9215999841690063,1.3413000106811523,0.032999999821186066,0.14800000190734863,0,0,0,0,0,0,0,0,0,0,0,0,0,11.043,6.24796
627,26.669300079345703,8.746299743652344,8.568599700927734,1.3522000312805176,1.4280999898910522,1.371999979019165,4.460100173950195,0.2669000029563904,5000,5009,10000,5006,10000,10000,5000,0.3384999930858612,1.0773999691009521,1.547700047492981,5000,0.5305999999999592,0.5094,1,0.0606,0.026099999999999998,212992,15,15,0.5305,9440,0,0,17.41860008239746,4.553100109100342,1.0404000282287598,1.7127000093460083,0.07850000262260437,0.14710000157356262,0.0017,5.999800205230713,0.0417,0.9464,1.6383,0.5545,0.1183,1,151312,7162,4999,843,994,10.71988,5.87796
628,18.913400650024414,2.1745998859405518,7.381400108337402,1.0736000537872314,1.1247999668121338,1.4381999969482422,4.130199909210205,0.22439999878406525,5000,5009,10000,5006,10000,10000,5000,0.32659998536109924,0.8190000057220459,1.3417999744415283,5000,0.45289999999996644,0.4021,1,0.054000000000000006,0.0251,212992,15,15,0.4709,255912,0,0,9.654000282287598,4.333700180053711,0.8726999759674072,2.308000087738037,0.1889999955892563,0.1535000056028366,0,0,0,0,0,0,0,0,0,0,0,0,0,11.93456,6.59084
629,18.154800415039062,0.0008999999845400453,10.250699996948242,1.807800054550171,1.992900013923645,1.2188999652862549,3.5220000743865967,0.24220000207424164,5000,5009,10000,5006,10000,10000,5000,0.29600000381469727,0.9472000002861023,2.2583999633789062,5000,0.493299999999962,0.5103,1,0.0589,0.026000000000000002,212992,15,15,0.478,7712,0,0,10.364500045776367,3.5687999725341797,1.094499945640564,1.3076000213623047,0.032600000500679016,0.14890000224113464,0,0,0,0,0,0,0,0,0,0,0,0,0,12.05172,7.02624
630,17.364200592041016,0.8960999846458435,8.39490032196045,1.416599988937378,1.5256999731063843,1.2985999584197998,3.7142999172210693,0.2502000033855438,5000,5009,10000,5006,10000,10000,5000,0.23669999837875366,0.9404000043869019,1.5714000463485718,5000,0.5235999999999598,0.4358,1,0.06040000000000001,0.0212,212992,15,15,0.4606,9904,0,0,9.380999565124512,3.7595999240875244,0.9686999917030334,1.4082000255584717,0.03189999982714653,0.14489999413490295,0,0,0,0,0,0,0,0,0,0,0,0,0,11.97244,6.96896
631,19.04450035095215,2.1879000663757324,7.2932000160217285,1.3960000276565552,0.6367999911308289,0.8105000257492065,3.8945999145507812,0.27250000834465027,5000,5009,10000,5006,10000,10000,5000,0.2581999897956848,0.9955000281333923,1.625,5000,0.5722999999999565,0.4654,1,0.06470000000000001,0.0295,212992,15,15,0.4819,266952,0,0,9.574600219726562,4.063300132751465,1.0246000289916992,2.4131999015808105,0.1559000015258789,0.16449999809265137,0,0,0,0,0,0,0,0,0,0,0,0,0,11.46648,6.90268
632,17.07539939880371,0.0008999999845400453,8.203399658203125,1.4027999639511108,0.8113999962806702,0.6444000005722046,4.129499912261963,0.2759999930858612,5000,5009,10000,5006,10000,10000,5000,0.23759999871253967,1.051300048828125,2.345099925994873,5000,0.5927999999999557,0.4664,1,0.0673,0.0268,212992,15,15,0.587,7712,0,0,8.314000129699707,4.151199817657471,1.069000005722046,1.3935999870300293,0.008100000210106373,0.15219999849796295,0,0,0,0,0,0,0,0,0,0,0,0,0,11.04024,6.45028
633,20.183500289916992,2.1558001041412354,8.552300453186035,1.476199984550476,1.2940000295639038,1.1929999589920044,4.598100185394287,0.44190001487731934,5000,5009,10000,5006,10000,10000,5000,0.2734000086784363,1.1607999801635742,1.451200008392334,5000,0.6265999999999536,0.4612,1,0.0689,0.028200000000000003,212992,15,15,0.5327,8048,0,0,10.806099891662598,4.677299976348877,1.0686999559402466,1.5297000408172607,0.06300000101327896,0.13979999721050262,0.0019,0,0.0469,1.0186,1.1611,0.0001,0.1017,1,151094,0,0,0,750,10.83052,6.3968
634,22.23419952392578,2.0625998973846436,8.95009994506836,1.6318999528884888,1.3335000276565552,1.2711999416351318,4.938199996948242,0.3149999976158142,5000,5009,10000,5006,10000,10000,5000,0.3192000091075897,1.09660005569458,1.6413999795913696,5000,0.6710999999999505,0.5191,1,0.07400000000000001,0.0225,212992,15,15,0.5677,201448,0,0,11.105999946594238,5.114500045776367,1.1829999685287476,2.5413999557495117,0.1624000072479248,0.17589999735355377,0,0,0,0,0,0,0,0,0,0,0,0,0,10.45988,6.17216
635,21.135299682617188,0.0007999999797903001,9.87030029296875,1.6439000368118286,1.5080000162124634,1.2660000324249268,5.117000102996826,0.33399999141693115,5000,5009,10000,5006,10000,10000,5000,0.3517000079154968,1.311900019645691,1.9931000471115112,5000,0.9569999999999284,0.4912,1,0.0848,0.035500000000000004,212992,15,15,0.597,7712,0,0,9.972200393676758,5.1691999435424805,1.2187000513076782,1.6994999647140503,0.03579999879002571,0.1623000055551529,0,0,0,0,0,0,0,0,0,0,0,0,0,10.16644,5.88224
636,32.40290069580078,11.943900108337402,10.41349983215332,1.9763000011444092,1.7503999471664429,1.466599941253662,5.535200119018555,0.5060999989509583,5000,5009,10000,5006,10000,10000,5000,0.29269999265670776,1.3486000299453735,1.6227999925613403,5000,0.610599999999955,0.4015,1,0.0648,0.0251,212992,15,15,0.4713,9440,0,0,22.463600158691406,5.6321001052856445,0.9387000203132629,1.3272000551223755,0.08070000261068344,0.12600000202655792,0.0018,8.634200096130371,0.0524,1.1227,2.0474,0.7564,0.1329,1,150832,7134,4999,824,1046,9.0448,5.63332
637,18.00189971923828,1.9483000040054321,7.524799823760986,1.2201999425888062,1.2766000032424927,1.2417000532150269,3.393199920654297,0.218299999833107,5000,5009,10000,5006,10000,10000,5000,0.27900001406669617,0.9459999799728394,1.2043999433517456,5000,0.49569999999996234,0.3725,1,0.0581,0.0239,212992,15,15,0.4251,260960,0,0,9.558500289916992,3.5785000324249268,0.8754000067710876,2.259700059890747,0.1703999936580658,0.13910000026226044,0,0,0,0,0,0,0,0,0,0,0,0,0,10.09336,6.21508
638,15.742199897766113,0.000699999975040555,7.758399963378906,1.1432000398635864,1.246000051498413,1.1365000009536743,3.614000082015991,0.23520000278949738,5000,5009,10000,5006,10000,10000,5000,0.24549999833106995,1.006600022315979,1.5801000595092773,5000,0.5279999999999597,0.4233,1,0.0597,0.0199,212992,15,15,0.473,7712,0,0,7.8516998291015625,3.6593000888824463,0.965399980545044,1.3733999729156494,0.030700000002980232,0.14800000190734863,0,0,0,0,0,0,0,0,0,0,0,0,0,10.51044,6.11132
639,29.825700759887695,9.729999542236328,9.53339958190918,1.6425000429153442,1.5312000513076782,1.4191999435424805,5.725399971008301,0.34709998965263367,5000,5009,10000,5006,10000,10000,5000,0.32350000739097595,1.2734999656677246,1.664199948310852,5000,0.5661999999999574,0.5363,1,0.06509999999999999,0.028200000000000003,212992,15,15,0.4996,10368,0,0,19.34589958190918,5.8171000480651855,1.2005000114440918,1.4701000452041626,0.0729999989271164,0.1468999981880188,0.0018,6.754799842834473,0.0481,0.9883,1.8047,0.6663,0.1405,1,150634,7088,4999,800,900,9.89108,5.25364
640,18.80389976501465,2.3905999660491943,7.677299976348877,1.2627999782562256,1.1592999696731567,1.2561999559402466,3.4221999645233154,0.23109999299049377,5000,5009,10000,5006,10000,10000,5000,0.24400000274181366,0.8382999897003174,1.4464000463485718,5000,0.4949999999999619,0.413,1,0.05879999999999999,0.0272,212992,15,15,0.5099,267048,0,0,10.1673002243042,3.617500066757202,0.9325000047683716,2.210200071334839,0.18080000579357147,0.15729999542236328,0,0,0,0,0,0,0,0,0,0,0,0,0,10.6802,5.93596
641,17.358400344848633,0.0007999999797903001,8.257399559020996,1.3617000579833984,1.3077000379562378,1.2109999656677246,4.247600078582764,0.2705000042915344,5000,5009,10000,5006,10000,10000,5000,0.2556999921798706,1.0017000436782837,1.6571999788284302,5000,0.5713999999999572,0.498,1,0.0655,0.0329,212992,15,15,0.6501,7712,0,0,8.3503999710083,4.291399955749512,1.0742000341415405,1.4660999774932861,0.02850000001490116,0.15330000221729279,0,0,0,0,0,0,0,0,0,0,0,0,0,10.94524,6.30784
642,21.00670051574707,1.0844000577926636,9.726200103759766,1.5478999614715576,1.5844999551773071,1.8083000183105469,4.7104997634887695,0.31369999051094055,5000,5009,10000,5006,10000,10000,5000,0.33500000834465027,1.19760000705719,1.6627999544143677,5000,0.6704999999999508,0.585,1,0.0764,0.025599999999999998,212992,15,15,0.6023,10024,0,0,10.910200119018555,4.76200008392334,1.2770999670028687,1.7182999849319458,0.03530000150203705,0.16249999403953552,0,0,0,0,0,0,0,0,0,0,0,0,0,10.68016,6.08024
643,21.995399475097656,2.1951000690460205,8.169400215148926,1.6454999446868896,0.578000009059906,1.0288000106811523,4.9608001708984375,0.3109000027179718,5000,5009,10000,5006,10000,10000,5000,0.323199987411499,1.2473000288009644,1.6851999759674072,5000,0.6819999999999496,0.5829,1,0.0758,0.0298,212992,15,15,0.6961,210400,0,0,10.463500022888184,5.124499797821045,1.285599946975708,2.534899950027466,0.1467999964952469,0.31220000982284546,0,0,0,0,0,0,0,0,0,0,0,0,0,10.45868,5.96792
644,16.613800048828125,0.0007999999797903001,7.376399993896484,1.417099952697754,0.5188000202178955,0.6661999821662903,4.356900215148926,0.28369998931884766,5000,5009,10000,5006,10000,10000,5000,0.2362000048160553,1.1818000078201294,1.7908999919891357,5000,0.6136999999999545,0.4805,1,0.0706,0.0288,212992,15,15,0.6181,7712,0,0,7.477700233459473,4.3815999031066895,1.1096999645233154,1.4194999933242798,0.00860000029206276,0.15379999577999115,0,0,0,0,0,0,0,0,0,0,0,0,0,10.8062,6.1906
645,23.0664005279541,2.2372000217437744,9.782899856567383,1.5648000240325928,1.670799970626831,1.392799973487854,5.013899803161621,0.3156000077724457,5000,5009,10000,5006,10000,10000,5000,0.32850000262260437,1.218000054359436,1.8693000078201294,5000,0.7520999999999466,0.7751,1,0.0852,0.0329,212992,15,15,0.6545,8048,0,0,12.113300323486328,5.088399887084961,1.5714000463485718,1.7037999629974365,0.05950000137090683,0.2143000066280365,0.002,0,0.0494,1.0318,1.18,0.0001,0.0958,1,150408,0,0,0,689,10.14448,6.23312
646,21.724899291992188,2.5833001136779785,8.797599792480469,1.4801000356674194,1.30239999294281,1.4401999711990356,4.3892998695373535,0.2766999900341034,5000,5009,10000,5006,10000,10000,5000,0.2955000102519989,1.045799970626831,1.600100040435791,5000,0.6411999999999527,0.4752,1,0.0728,0.0224,212992,15,15,0.5429,319776,0,0,11.474599838256836,4.6092000007629395,1.1160000562667847,2.3505001068115234,0.2045000046491623,0.15129999816417694,0,0,0,0,0,0,0,0,0,0,0,0,0,9.95384,5.6186
647,18.520299911499023,0.0008999999845400453,9.14680004119873,1.3245999813079834,1.1845999956130981,1.4671000242233276,4.318999767303467,0.2655999958515167,5000,5009,10000,5006,10000,10000,5000,0.24089999496936798,1.6713999509811401,1.8037999868392944,5000,0.6341999999999529,0.4413,1,0.0708,0.0273,212992,15,15,0.5109,7712,0,0,9.241100311279297,4.367700099945068,1.0990999937057495,1.6715999841690063,0.03350000083446503,0.16210000216960907,0,0,0,0,0,0,0,0,0,0,0,0,0,10.39612,5.874
648,23.2721004486084,3.231600046157837,9.395899772644043,1.607100009918213,1.4874999523162842,1.332900047302246,5.40749979019165,0.32600000500679016,5000,5009,10000,5006,10000,10000,5000,0.326200008392334,1.2026000022888184,1.805999994277954,5000,0.7368999999999459,0.4885,1,0.0787,0.0291,212992,15,15,0.5464,9440,0,0,12.742500305175781,5.497900009155273,1.1758999824523926,1.4882999658584595,0.07429999858140945,0.14970000088214874,0.002,0,0.0509,1.0077,1.9783,0.7725,0.1072,1,150252,7028,4999,793,969,9.862,5.7804
649,21.498300552368164,2.3041000366210938,9.284799575805664,1.3828999996185303,1.267300009727478,2.008699893951416,4.282800197601318,0.26750001311302185,5000,5009,10000,5006,10000,10000,5000,0.24869999289512634,1.332200050354004,1.5356999635696411,5000,0.5946999999999553,0.4485,1,0.0662,0.0296,212992,15,15,0.5382,269496,0,0,11.681900024414062,4.485499858856201,1.0255000591278076,2.243799924850464,0.18770000338554382,0.14650000631809235,0,0,0,0,0,0,0,0,0,0,0,0,0,10.04032,5.59996
650,16.685199737548828,0.0008999999845400453,8.157299995422363,1.3087999820709229,1.431399941444397,1.2000000476837158,3.9551000595092773,0.2515000104904175,5000,5009,10000,5006,10000,10000,5000,0.2175000011920929,0.965399980545044,1.6089999675750732,5000,0.5795999999999569,0.4753,1,0.06409999999999999,0.0205,212992,15,15,0.5227,7712,0,0,8.245200157165527,4.00600004196167,1.0450999736785889,1.3907999992370605,0.029600000008940697,0.13779999315738678,0,0,0,0,0,0,0,0,0,0,0,0,0,10.62188,5.99464
651,30.23819923400879,10.34280014038086,10.468600273132324,1.9323999881744385,1.6196000576019287,1.4007999897003174,5.079999923706055,0.42829999327659607,5000,5009,10000,5006,10000,10000,5000,0.33329999446868896,1.4833999872207642,1.8696000576019287,5000,0.5797999999999578,0.377,1,0.06459999999999999,0.0287,212992,15,15,0.481,8512,0,0,20.90410041809082,5.163400173187256,0.9039999842643738,1.288599967956543,0.06679999828338623,0.12970000505447388,0.0024,7.188399791717529,0.0515,1.0647,1.9606,0.733,0.1346,1,150180,7023,4999,773,825,9.4942,5.09492
652,20.66469955444336,2.111599922180176,8.720399856567383,1.7545000314712524,1.2059999704360962,1.5906000137329102,4.563300132751465,0.3813999891281128,5000,5009,10000,5006,10000,10000,5000,0.2838999927043915,0.9302999973297119,1.2443000078201294,5000,0.5268999999999594,0.4852,1,0.06119999999999999,0.0253,212992,15,15,0.4757,290408,0,0,10.915300369262695,4.774899959564209,1.031599998474121,2.0748000144958496,0.19750000536441803,0.14720000326633453,0,0,0,0,0,0,0,0,0,0,0,0,0,10.0928,6.02172
653,15.155699729919434,0.0008999999845400453,7.879799842834473,1.0601999759674072,1.1837999820709229,1.4545999765396118,3.2955000400543213,0.21250000596046448,5000,5009,10000,5006,10000,10000,5000,0.22100000083446503,0.9117000102996826,1.5529999732971191,5000,0.47999999999996346,0.3912,1,0.055400000000000005,0.0266,212992,15,15,0.4691,7712,0,0,7.976500034332275,3.3352999687194824,0.8812000155448914,1.232300043106079,0.02669999934732914,0.13259999454021454,0,0,0,0,0,0,0,0,0,0,0,0,0,10.78912,6.12288
654,16.75349998474121,0.843999981880188,7.275599956512451,1.2939000129699707,1.2619999647140503,1.0550999641418457,4.026100158691406,0.2630000114440918,5000,5009,10000,5006,10000,10000,5000,0.2702000141143799,0.9517999887466431,1.1442999839782715,5000,0.6060999999999543,0.4091,1,0.0668,0.0216,212992,15,15,0.4684,10832,0,0,8.19890022277832,4.062399864196777,1.0081000328063965,1.4749000072479248,0.02370000071823597,0.1485999971628189,0,0,0,0,0,0,0,0,0,0,0,0,0,10.75568,6.29932
655,23.22130012512207,2.2945001125335693,8.300100326538086,1.7771999835968018,0.6139000058174133,1.0044000148773193,5.464900016784668,0.3483000099658966,5000,5009,10000,5006,10000,10000,5000,0.31850001215934753,1.2352999448776245,1.6004999876022339,5000,0.8069999999999398,0.5685,1,0.09860000000000001,0.0311,212992,15,15,0.6006,261824,0,0,10.689000129699707,5.652200222015381,1.3472000360488892,2.927299976348877,0.17350000143051147,0.17900000512599945,0,0,0,0,0,0,0,0,0,0,0,0,0,10.52172,6.02184
656,21.515899658203125,0.0008999999845400453,9.361700057983398,1.961300015449524,0.675599992275238,0.8935999870300293,6.396200180053711,0.38679999113082886,5000,5009,10000,5006,10000,10000,5000,0.35350000858306885,1.44159996509552,2.098400115966797,5000,0.8219999999999388,0.5665,1,0.0867,0.0334,212992,15,15,0.6321,7712,0,0,9.470000267028809,6.419899940490723,1.4113999605178833,1.5891000032424927,0.008299999870359898,0.1655000001192093,0,0,0,0,0,0,0,0,0,0,0,0,0,9.9386,6.08816
657,23.696399688720703,2.4433999061584473,9.763199806213379,1.7896000146865845,1.3919999599456787,1.2793999910354614,5.978799819946289,0.3801000118255615,5000,5009,10000,5006,10000,10000,5000,0.3165999948978424,1.594099998474121,1.679900050163269,5000,0.8131999999999392,0.4719,1,0.0905,0.0351,212992,15,15,0.5936,8048,0,0,12.30720043182373,6.060500144958496,1.2031999826431274,1.5477999448776245,0.06509999930858612,0.15549999475479126,0.0021,0,0.0596,1.1954,1.3671,0.0001,0.0917,1,149988,0,0,0,634,9.51572,5.22504
658,22.69930076599121,2.697499990463257,8.712699890136719,1.5311000347137451,1.19350004196167,1.479599952697754,4.832699775695801,0.2948000133037567,5000,5009,10000,5006,10000,10000,5000,0.2766000032424927,1.0572999715805054,1.6246000528335571,5000,0.753699999999944,0.5209,1,0.0828,0.0242,212992,15,15,0.6414,357736,0,0,11.499300003051758,5.0858001708984375,1.2506999969482422,2.341099977493286,0.23890000581741333,0.14970000088214874,0,0,0,0,0,0,0,0,0,0,0,0,0,9.76384,5.26452
659,17.938499450683594,0.0007999999797903001,8.612099647521973,1.2963999509811401,1.3028000593185425,1.284000039100647,4.30210018157959,0.2615000009536743,5000,5009,10000,5006,10000,10000,5000,0.2628999948501587,1.2383999824523926,1.7964999675750732,5000,0.6214999999999535,0.4841,1,0.06939999999999999,0.034800000000000005,212992,15,15,0.5345,7712,0,0,8.702699661254883,4.345799922943115,1.1303999423980713,1.618399977684021,0.029400000348687172,0.14830000698566437,0,0,0,0,0,0,0,0,0,0,0,0,0,10.02384,6.37308
660,21.309799194335938,2.840100049972534,8.13070011138916,1.3997000455856323,1.2877000570297241,1.2617000341415405,4.894100189208984,0.2930000126361847,5000,5009,10000,5006,10000,10000,5000,0.2712000012397766,1.1589000225067139,1.3210999965667725,5000,0.7287999999999458,0.4923,1,0.08660000000000001,0.0298,212992,15,15,0.6258,9440,0,0,11.063599586486816,4.975299835205078,1.2065000534057617,1.6277999877929688,0.0658000037074089,0.15479999780654907,0.0025,0,0.0675,1.0155,1.7662,0.5936,0.0847,1,149838,6978,4999,768,905,9.89296,5.56008
661,24.83930015563965,2.336199998855591,10.358699798583984,1.7584999799728394,1.4560999870300293,1.9067000150680542,5.362500190734863,0.32679998874664307,5000,5009,10000,5006,10000,10000,5000,0.3400000035762787,1.238800048828125,1.9129999876022339,5000,0.7887999999999412,0.5162,1,0.0949,0.0316,212992,15,15,0.5853,282064,0,0,12.794500350952148,5.598899841308594,1.2099000215530396,2.7079999446868896,0.21979999542236328,0.1446000039577484,0,0,0,0,0,0,0,0,0,0,0,0,0,9.6164,5.9104
662,15.594200134277344,0.0007999999797903001,7.775000095367432,1.3997999429702759,1.3021999597549438,1.045300006866455,3.5989999771118164,0.2281000018119812,5000,5009,10000,5006,10000,10000,5000,0.20250000059604645,0.8641999959945679,1.6109999418258667,5000,0.5412999999999591,0.362,1,0.0611,0.0207,212992,15,15,0.4371,7712,0,0,7.866199970245361,3.6396000385284424,0.8899000287055969,1.3675999641418457,0.0284000001847744,0.1445000022649765,0,0,0,0,0,0,0,0,0,0,0,0,0,10.43292,5.8182
663,27.627599716186523,9.112899780273438,9.69379997253418,1.5872000455856323,1.493399977684021,1.6312999725341797,4.61460018157959,0.43880000710487366,5000,5009,10000,5006,10000,10000,5000,0.3203999996185303,1.2410000562667847,1.6700999736785889,5000,0.5591999999999605,0.3548,1,0.0663,0.0233,212992,15,15,0.4586,9440,0,0,18.90399932861328,4.687300205230713,0.8557999730110168,1.289199948310852,0.057999998331069946,0.12720000743865967,0.002,6.15749979019165,0.0472,1.0268,1.8071,0.6292,0.1127,1,149682,6958,4999,752,770,9.8494,5.94504
664,19.463300704956055,2.2923998832702637,7.519999980926514,1.1656999588012695,1.0571999549865723,1.6842999458312988,4.004700183868408,0.23199999332427979,5000,5009,10000,5006,10000,10000,5000,0.25049999356269836,0.9430000185966492,1.080299973487854,5000,0.5070999999999615,0.3752,1,0.0577,0.0248,212992,15,15,0.4279,369344,0,0,9.8951997756958,4.237199783325195,0.8837000131607056,2.214200019836426,0.2190999984741211,0.6198999881744385,0,0,0,0,0,0,0,0,0,0,0,0,0,10.49208,6.42496
665,16.007299423217773,0.000699999975040555,7.981599807739258,1.159999966621399,1.2242000102996826,1.3029999732971191,3.8385000228881836,0.23559999465942383,5000,5009,10000,5006,10000,10000,5000,0.2493000030517578,1.0017000436782837,1.5658999681472778,5000,0.5319999999999594,0.3832,1,0.0601,0.026099999999999998,212992,15,15,0.4383,7712,0,0,8.089400291442871,3.8766000270843506,0.9052000045776367,1.3240000009536743,0.02410000003874302,0.14000000059604645,0,0,0,0,0,0,0,0,0,0,0,0,0,10.79468,6.223
666,19.272499084472656,0.8991000056266785,8.525199890136719,1.4845999479293823,1.378600001335144,1.2311999797821045,4.609399795532227,0.29190000891685486,5000,5009,10000,5006,10000,10000,5000,0.32510000467300415,1.1495000123977661,1.426900029182434,5000,0.6942999999999497,0.4748,1,0.0769,0.0225,212992,15,15,0.555,9440,0,0,9.504799842834473,4.652299880981445,1.1579999923706055,1.6507999897003174,0.027499999850988388,0.17659999430179596,0,0,0,0,0,0,0,0,0,0,0,0,0,10.79288,6.23696
667,28.1117000579834,3.9786999225616455,11.224100112915039,2.621500015258789,0.8468999862670898,1.128499984741211,5.942599773406982,0.3882000148296356,5000,5009,10000,5006,10000,10000,5000,0.3617999851703644,1.357200026512146,2.5694000720977783,5000,0.8378999999999363,0.4961,1,0.1237,0.037000000000000005,212992,15,15,0.912,268920,0,0,15.326899528503418,6.139100074768066,1.3384000062942505,2.336199998855591,0.17990000545978546,0.13899999856948853,0,0,0,0,0,0,0,0,0,0,0,0,0,9.63668,5.33672
668,15.570199966430664,0.000699999975040555,6.979300022125244,1.2315000295639038,0.4442000091075897,0.7307000160217285,4.0655999183654785,0.2522999942302704,5000,5009,10000,5006,10000,10000,5000,0.3086000084877014,1.2603000402450562,1.607800006866455,5000,0.6086999999999552,0.4115,1,0.06789999999999999,0.0288,212992,15,15,0.4905,7712,0,0,7.065400123596191,4.087800025939941,1.0250999927520752,1.3639999628067017,0.008999999612569809,0.1446000039577484,0,0,0,0,0,0,0,0,0,0,0,0,0,10.30856,5.8312
669,23.489999771118164,2.281399965286255,9.420000076293945,1.9063999652862549,1.3854000568389893,1.2086999416351318,5.732699871063232,0.36480000615119934,5000,5009,10000,5006,10000,10000,5000,0.3294999897480011,1.3549000024795532,1.471500039100647,5000,0.8212999999999383,0.5264,1,0.0882,0.0303,212992,15,15,0.6244,8048,0,0,11.788399696350098,5.804699897766113,1.3101999759674072,1.6470999717712402,0.057999998331069946,0.47999998927116394,0.002,0,0.0589,1.0497,1.2529,0.0001,0.0855,1,149528,0,0,0,580,9.70872,5.854
670,21.6476993560791,2.1840999126434326,8.245400428771973,1.4526000022888184,1.167799949645996,1.3595000505447388,4.782800197601318,0.2766999900341034,5000,5009,10000,5006,10000,10000,5000,0.25600001215934753,1.069599986076355,1.4321000576019287,5000,0.7389999999999469,0.5409,1,0.0795,0.025300000000000003,212992,15,15,0.6047,266272,0,0,10.525099754333496,5.011600017547607,1.2457000017166138,2.4453999996185303,0.2134999930858612,0.14489999413490295,0,0,0,0,0,0,0,0,0,0,0,0,0,9.64452,6.03856
671,17.309499740600586,0.000699999975040555,7.676499843597412,1.257099986076355,1.1445000171661377,0.9793000221252441,4.601099967956543,0.2637999951839447,5000,5009,10000,5006,10000,10000,5000,0.27549999952316284,0.9926999807357788,1.6105999946594238,5000,0.635899999999953,0.4203,1,0.0708,0.0286,212992,15,15,0.5042,7712,0,0,7.76609992980957,4.644000053405762,1.0700000524520874,1.6953999996185303,0.029600000008940697,0.1581999957561493,0,0,0,0,0,0,0,0,0,0,0,0,0,10.39868,5.80952
672,24.18120002746582,3.189500093460083,9.59589958190918,1.6650999784469604,1.479599952697754,1.3752000331878662,5.6203999519348145,0.34689998626708984,5000,5009,10000,5006,10000,10000,5000,0.3012999892234802,1.323699951171875,1.774999976158142,5000,0.814999999999939,0.4943,1,0.08650000000000001,0.0305,212992,15,15,0.6099,9440,0,0,12.880900382995605,5.699999809265137,1.2476999759674072,1.767799973487854,0.06480000168085098,0.15360000729560852,0.0021,0,0.0555,1.074,1.9433,0.7148,0.1021,1,149486,6915,4999,744,841,9.73304,5.79736
673,24.26059913635254,2.455899953842163,9.962400436401367,1.537500023841858,1.451799988746643,1.3947999477386475,5.019199848175049,0.30239999294281006,5000,5009,10000,5006,10000,10000,5000,0.32030001282691956,1.1404999494552612,2.447000026702881,5000,0.7242999999999455,0.5513,1,0.07849999999999999,0.0337,212992,15,15,0.6494,268960,0,0,12.511899948120117,5.232500076293945,1.3473999500274658,2.7335000038146973,0.19750000536441803,0.13850000500679016,0,0,0,0,0,0,0,0,0,0,0,0,0,9.9242,5.2882
674,15.321999549865723,0.0007999999797903001,7.589000225067139,1.0994999408721924,1.2366000413894653,1.0450999736785889,3.4730000495910645,0.23360000550746918,5000,5009,10000,5006,10000,10000,5000,0.298799991607666,0.881600022315979,1.6585999727249146,5000,0.5083999999999604,0.4095,1,0.059699999999999996,0.020200000000000003,212992,15,15,0.4683,7712,0,0,7.679100036621094,3.5125999450683594,0.9319999814033508,1.3654999732971191,0.026499999687075615,0.14749999344348907,0,0,0,0,0,0,0,0,0,0,0,0,0,11.02252,6.12376
675,26.141399383544922,8.77929973602295,8.252300262451172,1.3992999792099,1.3051999807357788,1.1924999952316284,4.56689977645874,0.3084999918937683,5000,5009,10000,5006,10000,10000,5000,0.28450000286102295,1.0336999893188477,1.5269999504089355,5000,0.5890999999999562,0.3768,1,0.062299999999999994,0.0263,212992,15,15,0.4653,8048,0,0,17.133499145507812,4.6392998695373535,0.9395999908447266,1.3667999505996704,0.05770000070333481,0.2264000028371811,0.0024,5.916200160980225,0.0424,1.0445,1.754,0.5584,0.1118,1,149438,6912,4999,732,689,10.60468,5.80172
676,21.972200393676758,4.723800182342529,8.183199882507324,1.6891000270843506,1.1160999536514282,1.2142000198364258,3.637200117111206,0.2485000044107437,5000,5009,10000,5006,10000,10000,5000,0.24660000205039978,0.8513000011444092,1.4577000141143799,5000,0.5321999999999594,0.39,1,0.0637,0.0242,212992,15,15,0.5412,300152,1,1,12.99530029296875,3.8225998878479004,0.9448999762535095,2.2548000812530518,0.17249999940395355,0.15410000085830688,0,0,0,0,0,0,0,0,0,0,0,0,0,10.97548,6.75068
677,15.666399955749512,0.000699999975040555,7.661499977111816,1.1782000064849854,1.256500005722046,0.9944000244140625,3.6214001178741455,0.23800000548362732,5000,5009,10000,5006,10000,10000,5000,0.2451000064611435,0.9154000282287598,1.695199966430664,5000,0.51779999999996,0.3874,1,0.060300000000000006,0.024999999999999998,212992,15,15,0.5124,12424,0,0,7.835299968719482,3.6596999168395996,0.9032999873161316,1.3868999481201172,0.02419999986886978,0.14429999887943268,0,0,0,0,0,0,0,0,0,0,0,0,0,11.46956,6.49908
678,18.314199447631836,0.9653000235557556,8.038000106811523,1.394700050354004,1.285099983215332,1.0891000032424927,4.250100135803223,0.2831000089645386,5000,5009,10000,5006,10000,10000,5000,0.27639999985694885,1.0118000507354736,1.5355000495910645,5000,0.6129999999999541,0.5141,1,0.0686,0.0224,212992,15,15,0.5019,22496,0,0,9.093899726867676,4.28849983215332,1.114400029182434,1.5702999830245972,0.025599999353289604,0.32829999923706055,0,0,0,0,0,0,0,0,0,0,0,0,0,11.37704,6.61444
679,22.206499099731445,2.456899881362915,8.485799789428711,1.7891000509262085,0.7904000282287598,1.0163999795913696,4.788700103759766,0.31279999017715454,5000,5009,10000,5006,10000,10000,5000,0.28279998898506165,1.1507999897003174,1.6502000093460083,5000,0.6698999999999505,0.5378,1,0.07339999999999999,0.0332,212992,15,15,0.5847,279512,0,0,11.045599937438965,4.985199928283691,1.2022000551223755,2.525099992752075,0.1808999925851822,0.29789999127388,0,0,0,0,0,0,0,0,0,0,0,0,0,11.19924,6.55648
680,19.632999420166016,0.0008999999845400453,8.442899703979492,1.6279000043869019,0.571399986743927,0.879800021648407,5.160200119018555,0.335099995136261,5000,5009,10000,5006,10000,10000,5000,0.31139999628067017,1.3768999576568604,1.9248000383377075,5000,0.7411999999999451,0.5497,1,0.0874,0.0342,212992,15,15,0.9172,7712,0,0,8.547699928283691,5.184899806976318,1.3803999423980713,1.715399980545044,0.009399999864399433,0.16110000014305115,0,0,0,0,0,0,0,0,0,0,0,0,0,10.94396,6.44588
681,23.66080093383789,2.386899948120117,9.749300003051758,1.8212000131607056,1.4306999444961548,1.3848999738693237,5.58650016784668,0.3594000041484833,5000,5009,10000,5006,10000,10000,5000,0.3370000123977661,1.305299997329712,1.7486000061035156,5000,0.8204999999999384,0.5398,1,0.098,0.0373,212992,15,15,0.6337,8048,0,0,12.255900382995605,5.654600143432617,1.3467999696731567,1.739300012588501,0.053199999034404755,0.16359999775886536,0.0023,0,0.0635,1.062,1.2393,0,0.0974,1,149382,0,0,0,535,10.20892,5.83216
682,24.01689910888672,2.6092000007629395,9.064499855041504,1.7202999591827393,1.2958999872207642,1.3473000526428223,5.649199962615967,0.3296000063419342,5000,5009,10000,5006,10000,10000,5000,0.32199999690055847,1.2563999891281128,1.4117000102996826,5000,0.8221999999999394,0.52,1,0.0869,0.0266,212992,15,15,0.6286,330072,0,0,11.795999526977539,5.89300012588501,1.3029999732971191,2.4001998901367188,0.227400004863739,0.15029999613761902,0,0,0,0,0,0,0,0,0,0,0,0,0,9.65792,6.17
683,16.51729965209961,0.0007999999797903001,7.857100009918213,1.2175999879837036,1.2015999555587769,0.9732999801635742,4.013999938964844,0.25040000677108765,5000,5009,10000,5006,10000,10000,5000,0.2667999863624573,1.1612999439239502,1.652500033378601,5000,0.5752999999999571,0.4451,1,0.0645,0.026299999999999997,212992,15,15,0.5399,7712,0,0,7.94920015335083,4.057600021362305,1.0226000547409058,1.4643000364303589,0.029200000688433647,0.14890000224113464,0,0,0,0,0,0,0,0,0,0,0,0,0,10.4848,5.92248
684,22.645200729370117,2.906599998474121,9.122099876403809,1.6449999809265137,1.507200002670288,1.2278000116348267,5.111100196838379,0.3260999917984009,5000,5009,10000,5006,10000,10000,5000,0.31310001015663147,1.2036000490188599,1.6259000301361084,5000,0.7411999999999455,0.4941,1,0.0817,0.0308,212992,15,15,0.5692,8048,0,0,12.12399959564209,5.187300205230713,1.222499966621399,1.6983000040054321,0.061799999326467514,0.15360000729560852,0.0021,0,0.0482,1.0159,1.7927,0.6283,0.12,1,149358,6893,4999,722,763,10.05952,6.36164
685,22.22800064086914,2.4697999954223633,8.412799835205078,1.4880000352859497,1.2645000219345093,1.4579999446868896,4.563300132751465,0.2842000126838684,5000,5009,10000,5006,10000,10000,5000,0.3037000000476837,1.0618000030517578,1.3257999420166016,5000,0.6715999999999501,0.5063,1,0.08120000000000001,0.0294,212992,15,15,0.5602,317776,0,0,10.977499961853027,4.775199890136719,1.1917999982833862,3.040600061416626,0.19750000536441803,0.1446000039577484,0,0,0,0,0,0,0,0,0,0,0,0,0,9.94892,5.53216
686,18.238399505615234,0.0007999999797903001,8.462699890136719,1.3140000104904175,1.3737000226974487,1.1930999755859375,4.468800067901611,0.27079999446868896,5000,5009,10000,5006,10000,10000,5000,0.30559998750686646,1.1050000190734863,1.691100001335144,5000,0.6749999999999506,0.5743,1,0.0749,0.0235,212992,15,15,0.54,7712,0,0,8.554300308227539,4.512499809265137,1.252500057220459,1.6727999448776245,0.028300000354647636,0.15410000085830688,0,0,0,0,0,0,0,0,0,0,0,0,0,10.22456,5.80216
687,30.636899948120117,11.012100219726562,11.519200325012207,1.982100009918213,2.3259999752044678,1.5022000074386597,3.723299980163574,0.34119999408721924,5000,5009,10000,5006,10000,10000,5000,0.34310001134872437,1.1456999778747559,2.4021999835968018,5000,0.44979999999996717,0.4107,1,0.0515,0.0249,212992,15,15,0.4206,8976,0,0,22.67930030822754,3.7874999046325684,0.8478000164031982,1.354599952697754,0.050700001418590546,0.4569000005722046,0.0024,7.776000022888184,0.0528,1.145,2.0432,0.7366,0.0943,1,149300,6879,4999,711,630,9.97972,5.82916
688,16.775100708007812,2.2530999183654785,6.59630012512207,1.055400013923645,1.0383000373840332,1.0104000568389893,2.930999994277954,0.19499999284744263,5000,5009,10000,5006,10000,10000,5000,0.22010000050067902,0.7102000117301941,1.3142999410629272,5000,0.43179999999996915,0.3319,1,0.051399999999999994,0.023,212992,15,15,0.3997,297440,0,0,8.96090030670166,3.1112000942230225,0.7795000076293945,2.328399896621704,0.16850000619888306,0.13379999995231628,0,0,0,0,0,0,0,0,0,0,0,0,0,11.22804,6.29
689,15.138899803161621,0.0007999999797903001,7.257999897003174,1.1298999786376953,1.1152000427246094,0.9463000297546387,3.5508999824523926,0.23549999296665192,5000,5009,10000,5006,10000,10000,5000,0.2937999963760376,0.8921999931335449,1.5293999910354614,5000,0.5231999999999593,0.382,1,0.0601,0.0258,212992,15,15,0.4442,7712,0,0,7.352200031280518,3.5845999717712402,0.9053999781608582,1.489799976348877,0.022199999541044235,0.1451999992132187,0,0,0,0,0,0,0,0,0,0,0,0,0,11.14956,6.569
690,20.342300415039062,1.0003999471664429,8.063300132751465,1.384600043296814,1.2396999597549438,1.1512000560760498,6.037399768829346,0.2847999930381775,5000,5009,10000,5006,10000,10000,5000,0.2867000102996826,1.055400013923645,1.514299988746643,5000,0.6910999999999493,0.5558,1,0.0794,0.0235,212992,15,15,0.5647,9440,0,0,9.179100036621094,6.077400207519531,1.2314000129699707,1.5442999601364136,0.026200000196695328,0.15389999747276306,0,0,0,0,0,0,0,0,0,0,0,0,0,11.0386,6.43572
691,23.915800094604492,2.5346999168395996,8.597100257873535,1.7853000164031982,0.5507000088691711,1.02839994430542,5.606500148773193,0.34220001101493835,5000,5009,10000,5006,10000,10000,5000,0.31299999356269836,1.420300006866455,1.743899941444397,5000,0.7842999999999438,0.7411,1,0.0848,0.0345,212992,15,15,0.8457,273368,0,0,11.226300239562988,5.813799858093262,1.5151000022888184,2.542799949645996,0.19059999287128448,0.17069999873638153,0,0,0,0,0,0,0,0,0,0,0,0,0,10.00764,6.1934
692,19.195100784301758,0.0007999999797903001,7.874599933624268,1.417799949645996,0.5156999826431274,0.6963000297546387,4.584499835968018,0.296999990940094,5000,5009,10000,5006,10000,10000,5000,0.3003000020980835,1.3567999601364136,1.968000054359436,5000,0.6748999999999495,0.4899,1,0.0731,0.027299999999999998,212992,15,15,0.5462,7712,0,0,7.984399795532227,4.607399940490723,1.1477999687194824,1.4780000448226929,0.007799999788403511,1.8976999521255493,0,0,0,0,0,0,0,0,0,0,0,0,0,10.40552,5.81092
693,23.52669906616211,2.3387999534606934,8.759099960327148,1.583299994468689,1.2910000085830688,1.041200041770935,5.521100044250488,0.3197999894618988,5000,5009,10000,5006,10000,10000,5000,0.3021000027656555,1.3229999542236328,1.611799955368042,5000,0.720299999999947,0.7171,1,0.0785,0.032100000000000004,212992,15,15,0.5526,8048,0,0,11.197099685668945,5.5858001708984375,1.4742000102996826,2.033600091934204,0.04859999939799309,1.0266000032424927,0.0019,0,0.0528,1.0715,1.2227,0,0.0856,1,149256,0,0,0,486,10.23708,5.63596
694,24.673900604248047,2.48799991607666,10.26039981842041,2.5165998935699463,1.2617000341415405,1.2918000221252441,5.770999908447266,0.46799999475479126,5000,5009,10000,5006,10000,10000,5000,0.3075000047683716,1.1456999778747559,1.4990999698638916,5000,0.5782999999999566,0.5706,1,0.0648,0.0213,212992,15,15,0.5178,334344,0,0,12.85569953918457,6.086299896240234,1.126099944114685,2.5913000106811523,0.20649999380111694,0.12530000507831573,0,0,0,0,0,0,0,0,0,0,0,0,0,10.67036,6.48272
695,15.832599639892578,0.000699999975040555,7.670300006866455,1.2618999481201172,0.9868999719619751,1.035599946975708,3.350100040435791,0.21879999339580536,5000,5009,10000,5006,10000,10000,5000,0.21570000052452087,0.880299985408783,1.8323999643325806,5000,0.4550999999999663,0.554,1,0.0649,0.034,212992,15,15,0.6194,7712,0,0,7.776400089263916,3.3910999298095703,1.1557999849319458,1.6043000221252441,0.025499999523162842,0.14309999346733093,0,0,0,0,0,0,0,0,0,0,0,0,0,12.01248,6.72556
696,25.6648006439209,8.2298002243042,8.878700256347656,1.260200023651123,1.736299991607666,1.1055999994277954,3.825000047683716,0.25209999084472656,5000,5009,10000,5006,10000,10000,5000,0.24289999902248383,0.9470000267028809,1.9996999502182007,5000,0.5641999999999577,0.4613,1,0.062400000000000004,0.027299999999999998,212992,15,15,0.5568,8512,0,0,17.21150016784668,3.898099899291992,1.0268000364303589,1.4952000379562378,0.050999999046325684,0.14139999449253082,0.0022,5.402400016784668,0.0407,0.7714,1.5176,0.5944,0.121,1,149206,6851,5000,691,686,11.66668,6.66916
697,19.64929962158203,2.2672998905181885,7.660600185394287,1.3401000499725342,1.182800054550171,1.1067999601364136,4.136300086975098,0.2700999975204468,5000,5009,10000,5006,10000,10000,5000,0.2727000117301941,0.8934000134468079,1.4479999542236328,5000,0.5719999999999555,0.4253,1,0.0621,0.0271,212992,15,15,0.5144,263984,0,0,10.017000198364258,4.337699890136719,0.9757999777793884,2.2492001056671143,0.1875,0.1421000063419342,0,0,0,0,0,0,0,0,0,0,0,0,0,11.47664,6.70716
698,18.16069984436035,0.000699999975040555,8.23840045928955,1.3468999862670898,1.230299949645996,1.1606999635696411,4.670899868011475,0.28529998660087585,5000,5009,10000,5006,10000,10000,5000,0.28999999165534973,1.0454000234603882,1.659500002861023,5000,0.6310999999999527,0.6354,1,0.06820000000000001,0.026799999999999997,212992,15,15,0.5553,7712,0,0,8.32960033416748,4.706900119781494,1.4386999607086182,1.4946000576019287,0.023800000548362732,0.15330000221729279,0,0,0,0,0,0,0,0,0,0,0,0,0,11.35496,6.65524
699,30.64889907836914,10.859600067138672,10.396200180053711,1.7085000276565552,1.4457000494003296,1.2944999933242798,4.945799827575684,0.3531000018119812,5000,5009,10000,5006,10000,10000,5000,0.30820000171661377,1.5652999877929688,2.1726999282836914,5000,0.5818999999999565,0.4079,1,0.0626,0.0271,212992,15,15,0.4784,8512,0,0,21.35460090637207,5.018400192260742,0.9269000291824341,1.3380000591278076,0.05420000106096268,0.13729999959468842,0.0019,7.516499996185303,0.0508,1.1027,1.9575,0.7034,0.1019,1,149148,6846,5000,680,575,9.7952,5.35852
700,18.67140007019043,2.3714001178741455,7.467599868774414,1.281999945640564,1.2451000213623047,1.2896000146865845,3.759500026702881,0.23119999468326569,5000,5009,10000,5006,10000,10000,5000,0.20000000298023224,0.8238999843597412,1.2187000513076782,5000,0.509099999999961,0.3728,1,0.05840000000000001,0.0232,212992,15,15,0.4439,334144,0,0,9.926400184631348,3.9556000232696533,0.886900007724762,2.1166000366210938,0.18209999799728394,0.1437000036239624,0,0,0,0,0,0,0,0,0,0,0,0,0,10.36908,5.82268
701,17.179399490356445,0.0007999999797903001,7.9903998374938965,1.246500015258789,1.4007999897003174,0.9740999937057495,4.421299934387207,0.2556000053882599,5000,5009,10000,5006,10000,10000,5000,0.2822999954223633,1.0081000328063965,1.680899977684021,5000,0.5750999999999562,0.4512,1,0.0639,0.0282,212992,15,15,0.5575,7712,0,0,8.077799797058105,4.457699775695801,1.0511000156402588,1.541700005531311,0.022099999710917473,0.1518000066280365,0,0,0,0,0,0,0,0,0,0,0,0,0,10.54452,6.18208
702,20.49720001220703,0.9588000178337097,8.868800163269043,1.5477999448776245,1.4601000547409058,1.2711999416351318,5.081399917602539,0.3160000145435333,5000,5009,10000,5006,10000,10000,5000,0.2831999957561493,1.2010999917984009,1.55840003490448,5000,0.7155999999999474,0.5278,1,0.0794,0.0247,212992,15,15,0.6012,8976,0,0,9.920700073242188,5.123700141906738,1.2352999448776245,1.7009999752044678,0.027400000020861626,0.17960000038146973,0,0,0,0,0,0,0,0,0,0,0,0,0,10.1722,6.46116
703,24.590499877929688,2.933799982070923,9.41469955444336,1.932800054550171,0.8727999925613403,1.409600019454956,5.44290018081665,0.3183000087738037,5000,5009,10000,5006,10000,10000,5000,0.34850001335144043,1.316499948501587,1.750499963760376,5000,0.8112999999999393,0.5392,1,0.08710000000000001,0.0342,212992,15,15,0.6308,322600,0,0,12.449000358581543,5.657199859619141,1.3236000537872314,2.5467000007629395,0.1979999989271164,0.15060000121593475,0,0,0,0,0,0,0,0,0,0,0,0,0,9.51656,5.2794
704,16.683700561523438,0.0007999999797903001,6.863999843597412,1.3003000020980835,0.4864000082015991,0.6276999711990356,4.319900035858154,0.26910001039505005,5000,5009,10000,5006,10000,10000,5000,0.29750001430511475,1.05239999294281,1.6495000123977661,5000,0.6303999999999531,0.604,1,0.0704,0.0294,212992,15,15,0.5986,7712,0,0,6.960100173950195,4.341800212860107,1.4003000259399414,1.7591999769210815,0.008500000461935997,0.16089999675750732,0,0,0,0,0,0,0,0,0,0,0,0,0,10.03712,5.6872
705,22.607999801635742,2.2558000087738037,8.991000175476074,1.7842999696731567,1.2793999910354614,1.1344000101089478,5.701099872589111,0.3458999991416931,5000,5009,10000,5006,10000,10000,5000,0.2485000044107437,1.2645000219345093,1.6309000253677368,5000,0.8058999999999394,0.5959,1,0.08610000000000001,0.0298,212992,15,15,0.6254,8048,0,0,11.341500282287598,5.76140022277832,1.378100037574768,1.549299955368042,0.04569999873638153,0.14669999480247498,0.002,0,0.0505,1.0548,1.2005,0,0.0852,1,149126,0,0,0,446,9.60528,5.3556
706,22.173500061035156,2.15339994430542,8.362000465393066,1.4134000539779663,1.0960999727249146,1.3431999683380127,4.491600036621094,0.2827000021934509,5000,5009,10000,5006,10000,10000,5000,0.28459998965263367,1.345900058746338,1.4005999565124512,5000,0.7023999999999506,0.7288,1,0.0721,0.0262,212992,15,15,0.8339,284168,0,0,10.620599746704102,4.707099914550781,1.4377000331878662,2.7527999877929688,0.19840000569820404,0.13899999856948853,0,0,0,0,0,0,0,0,0,0,0,0,0,10.58256,5.49084
707,19.404699325561523,0.0008999999845400453,9.9891996383667,1.482800006866455,2.548099994659424,1.069700002670288,3.6793999671936035,0.39739999175071716,5000,5009,10000,5006,10000,10000,5000,0.2727999985218048,0.991100013256073,1.9838999509811401,5000,0.6604999999999528,0.4143,1,0.1018,0.0352,212992,15,15,0.9485,7712,0,0,10.078800201416016,3.7291998863220215,0.9449999928474426,1.8952000141143799,0.034299999475479126,0.20080000162124634,0,0,0,0,0,0,0,0,0,0,0,0,0,12.3924,6.69472
708,20.743600845336914,3.2783000469207764,8.85319995880127,1.5267000198364258,1.761299967765808,1.3619999885559082,3.829699993133545,0.24529999494552612,5000,5009,10000,5006,10000,10000,5000,0.24240000545978546,0.9646000266075134,1.5196000337600708,5000,0.5077999999999606,0.5198,1,0.061700000000000005,0.0286,212992,15,15,0.6418,8048,0,0,12.24269962310791,3.885999917984009,1.1993000507354736,1.374500036239624,0.041099999099969864,0.15410000085830688,0.0024,0,0.0596,1.578,2.1868,0.4784,0.0835,1,149050,6816,5000,672,626,12.55864,7.29144
709,20.2185001373291,2.382699966430664,8.573200225830078,1.3905999660491943,1.3140000104904175,1.5348999500274658,3.9005000591278076,0.257099986076355,5000,5009,10000,5006,10000,10000,5000,0.28929999470710754,0.9635999798774719,1.5678999423980713,5000,0.532299999999959,0.458,1,0.0616,0.0275,212992,15,15,0.4615,257320,0,0,11.04539966583252,4.120800018310547,0.9873999953269958,2.161600112915039,0.20550000667572021,0.14550000429153442,0,0,0,0,0,0,0,0,0,0,0,0,0,12.2724,7.11264
710,17.143699645996094,0.000699999975040555,8.607799530029297,1.3414000272750854,1.2841999530792236,1.257099986076355,4.085299968719482,0.2720000147819519,5000,5009,10000,5006,10000,10000,5000,0.34130001068115234,1.1500999927520752,1.701200008392334,5000,0.5549999999999577,0.4354,1,0.0629,0.020900000000000002,212992,15,15,0.4924,7712,0,0,8.702099800109863,4.124499797821045,0.9865999817848206,1.4049999713897705,0.023399999365210533,0.11990000307559967,0,0,0,0,0,0,0,0,0,0,0,0,0,12.25796,7.1046
711,28.672800064086914,9.379400253295898,10.130499839782715,1.4558000564575195,2.2541000843048096,1.1289000511169434,4.065199851989746,0.2745000123977661,5000,5009,10000,5006,10000,10000,5000,0.24570000171661377,1.0785000324249268,2.232599973678589,5000,0.5630999999999586,0.5866,1,0.0761,0.0351,212992,15,15,0.6338,8976,0,0,19.615100860595703,4.13070011138916,1.3075000047683716,1.4053000211715698,0.04899999871850014,0.11840000003576279,0.0019,5.802700042724609,0.0444,1.1181,2.1675,0.825,0.1161,1,148970,6807,5000,650,516,11.605,6.54544
712,23.906700134277344,3.035799980163574,11.256500244140625,1.452299952507019,1.958799958229065,1.7908999919891357,3.9021999835968018,0.38449999690055847,5000,5009,10000,5006,10000,10000,5000,0.3352999985218048,1.5579999685287476,2.08240008354187,5000,0.4967999999999617,0.4654,1,0.058800000000000005,0.0241,212992,15,15,0.4349,240072,0,0,14.386899948120117,4.064700126647949,0.9912999868392944,2.7279999256134033,0.14470000565052032,0.11680000275373459,0,0,0,0,0,0,0,0,0,0,0,0,0,11.82432,6.78008
713,15.238900184631348,0.000699999975040555,7.492300033569336,1.1657999753952026,1.2309000492095947,0.92330002784729,3.264699935913086,0.2142000049352646,5000,5009,10000,5006,10000,10000,5000,0.27799999713897705,0.8118000030517578,1.6582000255584717,5000,0.4514999999999671,0.5196,1,0.0543,0.023799999999999998,212992,15,15,0.4335,7712,0,0,7.59089994430542,3.299799919128418,1.0550999641418457,1.6246999502182007,0.021700000390410423,0.1581999957561493,0,0,0,0,0,0,0,0,0,0,0,0,0,12.24488,6.992
714,18.190799713134766,1.1172000169754028,8.65470027923584,1.2337000370025635,1.2131999731063843,1.3973000049591064,3.5690999031066895,0.2401999980211258,5000,5009,10000,5006,10000,10000,5000,0.23340000212192535,1.1849000453948975,1.8533999919891357,5000,0.4964999999999617,0.5679,1,0.059399999999999994,0.0203,212992,15,15,0.5273,8048,0,0,9.875100135803223,3.6087000370025635,1.0843000411987305,1.7338000535964966,0.024399999529123306,0.16410000622272491,0,0,0,0,0,0,0,0,0,0,0,0,0,12.13592,7.08852
715,19.851999282836914,3.4184000492095947,7.150000095367432,1.4398000240325928,0.5432000160217285,0.8377000093460083,3.7427000999450684,0.257099986076355,5000,5009,10000,5006,10000,10000,5000,0.27889999747276306,0.9316999912261963,1.5985000133514404,5000,0.5252999999999597,0.448,1,0.06989999999999999,0.027299999999999998,212992,15,15,0.5817,342648,0,0,10.677300453186035,3.947200059890747,1.0503000020980835,2.18969988822937,0.19120000302791595,0.1437000036239624,0,0,0,0,0,0,0,0,0,0,0,0,0,11.58176,6.8526
716,16.513900756835938,0.0008999999845400453,7.4720001220703125,1.3076000213623047,0.5062999725341797,1.1705000400543213,4.320400238037109,0.26579999923706055,5000,5009,10000,5006,10000,10000,5000,0.2865000069141388,1.1086000204086304,1.6456999778747559,5000,0.5682999999999572,0.6184,1,0.0693,0.038,212992,15,15,0.5965,7712,0,0,7.565299987792969,4.345699787139893,1.188599944114685,1.342900037765503,0.009200000204145908,0.1370999962091446,0,0,0,0,0,0,0,0,0,0,0,0,0,11.11752,6.56604
717,19.630699157714844,2.2351999282836914,8.103799819946289,1.4320000410079956,1.1755000352859497,0.9711999893188477,4.40369987487793,0.2930000126361847,5000,5009,10000,5006,10000,10000,5000,0.273499995470047,1.0600999593734741,1.6533000469207764,5000,0.6091999999999547,0.5169,1,0.069,0.032,212992,15,15,0.5186,8048,0,0,10.43280029296875,4.463799953460693,1.1220999956130981,1.5235999822616577,0.04390000179409981,0.1485999971628189,0.0019,0,0.0461,1.0177,1.1441,0,0.0845,1,148964,0,0,0,404,10.97184,6.36524
718,24.18120002746582,2.4576001167297363,10.90880012512207,2.1712000370025635,1.375499963760376,1.7384999990463257,4.893099784851074,0.3587999939918518,5000,5009,10000,5006,10000,10000,5000,0.29339998960494995,1.7685999870300293,1.766800045967102,5000,0.6333999999999531,0.4936,1,0.07060000000000001,0.022099999999999998,212992,15,15,0.5675,276304,0,0,13.459500312805176,5.096199989318848,1.1109999418258667,2.3287999629974365,0.18299999833106995,0.1543000042438507,0,0,0,0,0,0,0,0,0,0,0,0,0,10.70156,6.33296
719,19.714599609375,0.0010999999940395355,9.441800117492676,1.607300043106079,1.7763999700546265,1.0515999794006348,4.806399822235107,0.3102000057697296,5000,5009,10000,5006,10000,10000,5000,0.29899999499320984,1.1758999824523926,1.8941999673843384,5000,0.7024999999999495,0.554,1,0.0777,0.0305,212992,15,15,0.7117,7712,0,0,9.561400413513184,4.843699932098389,1.2474000453948975,1.600000023841858,0.02329999953508377,0.15279999375343323,0,0,0,0,0,0,0,0,0,0,0,0,0,10.12868,6.58784
720,21.7455997467041,2.8970999717712402,8.803099632263184,1.5363999605178833,1.3461999893188477,1.1837999820709229,5.029200077056885,0.31349998712539673,5000,5009,10000,5006,10000,10000,5000,0.29030001163482666,1.184499979019165,1.6442999839782715,5000,0.6737999999999509,0.5007,1,0.07390000000000001,0.028,212992,15,15,0.5469,8976,0,0,11.800200462341309,5.0929999351501465,1.15339994430542,1.4652999639511108,0.04690000042319298,0.14869999885559082,0.002,0,0.0545,1.0028,1.7889,0.6419,0.0679,1,148920,6787,5000,652,562,9.988,5.81464
