C:\001_AI\Ludots-gpu-commercial\src\Core\Engine\GameEngine.cs(74,7): warning CS0105: “Ludots.Core.Presentation.Hud”的 using 指令以前在此命名空间中出现过 [C:\001_AI\Ludots-gpu-commercial\src\Core\Ludots.Core.csproj]
C:\001_AI\Ludots-gpu-commercial\src\Core\Engine\GameEngine.cs(121,7): warning CS0105: “Ludots.Platform.Abstractions”的 using 指令以前在此命名空间中出现过 [C:\001_AI\Ludots-gpu-commercial\src\Core\Ludots.Core.csproj]
C:\001_AI\Ludots-gpu-commercial\src\Core\Presentation\Requests\PresentationRequestFlushSystem.cs(10,7): warning CS0105: “Ludots.Platform.Abstractions”的 using 指令以前在此命名空间中出现过 [C:\001_AI\Ludots-gpu-commercial\src\Core\Ludots.Core.csproj]
C:\001_AI\Ludots-gpu-commercial\src\Core\Scripting\CoreServiceKeys.cs(96,7): warning CS0105: “Ludots.Platform.Abstractions”的 using 指令以前在此命名空间中出现过 [C:\001_AI\Ludots-gpu-commercial\src\Core\Ludots.Core.csproj]
C:\001_AI\Ludots-gpu-commercial\src\Core\Config\ComponentRegistry.cs(140,68): warning CS8625: 无法将 null 字面量转换为非 null 的引用类型。 [C:\001_AI\Ludots-gpu-commercial\src\Core\Ludots.Core.csproj]
C:\001_AI\Ludots-gpu-commercial\src\Core\Config\ComponentRegistry.cs(190,89): warning CS8625: 无法将 null 字面量转换为非 null 的引用类型。 [C:\001_AI\Ludots-gpu-commercial\src\Core\Ludots.Core.csproj]
C:\001_AI\Ludots-gpu-commercial\src\Core\Config\ComponentRegistry.cs(200,100): warning CS8625: 无法将 null 字面量转换为非 null 的引用类型。 [C:\001_AI\Ludots-gpu-commercial\src\Core\Ludots.Core.csproj]
C:\001_AI\Ludots-gpu-commercial\src\Core\Config\ComponentRegistry.cs(205,92): warning CS8625: 无法将 null 字面量转换为非 null 的引用类型。 [C:\001_AI\Ludots-gpu-commercial\src\Core\Ludots.Core.csproj]
C:\001_AI\Ludots-gpu-commercial\src\Core\Engine\EngineClockConfig.cs(23,37): warning CS8625: 无法将 null 字面量转换为非 null 的引用类型。 [C:\001_AI\Ludots-gpu-commercial\src\Core\Ludots.Core.csproj]
C:\001_AI\Ludots-gpu-commercial\src\Core\Engine\EngineClockConfig.cs(24,43): warning CS8625: 无法将 null 字面量转换为非 null 的引用类型。 [C:\001_AI\Ludots-gpu-commercial\src\Core\Ludots.Core.csproj]
C:\001_AI\Ludots-gpu-commercial\src\Core\Config\ConfigMerger.cs(102,43): warning CS8625: 无法将 null 字面量转换为非 null 的引用类型。 [C:\001_AI\Ludots-gpu-commercial\src\Core\Ludots.Core.csproj]
C:\001_AI\Ludots-gpu-commercial\src\Core\Config\DataRegistry.cs(19,71): warning CS8625: 无法将 null 字面量转换为非 null 的引用类型。 [C:\001_AI\Ludots-gpu-commercial\src\Core\Ludots.Core.csproj]
C:\001_AI\Ludots-gpu-commercial\src\Core\Config\DataRegistry.cs(19,107): warning CS8625: 无法将 null 字面量转换为非 null 的引用类型。 [C:\001_AI\Ludots-gpu-commercial\src\Core\Ludots.Core.csproj]
C:\001_AI\Ludots-gpu-commercial\src\Core\Config\EntityBuilder.cs(25,67): warning CS8625: 无法将 null 字面量转换为非 null 的引用类型。 [C:\001_AI\Ludots-gpu-commercial\src\Core\Ludots.Core.csproj]
C:\001_AI\Ludots-gpu-commercial\src\Core\Config\EntityBuilder.cs(26,58): warning CS8625: 无法将 null 字面量转换为非 null 的引用类型。 [C:\001_AI\Ludots-gpu-commercial\src\Core\Ludots.Core.csproj]
C:\001_AI\Ludots-gpu-commercial\src\Core\Config\ConfigPipeline.cs(157,72): warning CS8625: 无法将 null 字面量转换为非 null 的引用类型。 [C:\001_AI\Ludots-gpu-commercial\src\Core\Ludots.Core.csproj]
C:\001_AI\Ludots-gpu-commercial\src\Core\Config\ConfigPipeline.cs(168,72): warning CS8625: 无法将 null 字面量转换为非 null 的引用类型。 [C:\001_AI\Ludots-gpu-commercial\src\Core\Ludots.Core.csproj]
C:\001_AI\Ludots-gpu-commercial\src\Core\Input\Attributes\InputActionAttributeBindingLoader.cs(27,37): warning CS8625: 无法将 null 字面量转换为非 null 的引用类型。 [C:\001_AI\Ludots-gpu-commercial\src\Core\Ludots.Core.csproj]
C:\001_AI\Ludots-gpu-commercial\src\Core\Input\Attributes\InputActionAttributeBindingLoader.cs(28,43): warning CS8625: 无法将 null 字面量转换为非 null 的引用类型。 [C:\001_AI\Ludots-gpu-commercial\src\Core\Ludots.Core.csproj]
C:\001_AI\Ludots-gpu-commercial\src\Core\Engine\Physics2D\Physics2DClockConfig.cs(38,37): warning CS8625: 无法将 null 字面量转换为非 null 的引用类型。 [C:\001_AI\Ludots-gpu-commercial\src\Core\Ludots.Core.csproj]
C:\001_AI\Ludots-gpu-commercial\src\Core\Engine\Physics2D\Physics2DClockConfig.cs(39,43): warning CS8625: 无法将 null 字面量转换为非 null 的引用类型。 [C:\001_AI\Ludots-gpu-commercial\src\Core\Ludots.Core.csproj]
C:\001_AI\Ludots-gpu-commercial\src\Core\Layers\LayerMask.cs(60,30): warning CS8765: 参数“obj”类型的为 Null 性与重写成员不匹配(可能是由于为 Null 性特性)。 [C:\001_AI\Ludots-gpu-commercial\src\Core\Ludots.Core.csproj]
C:\001_AI\Ludots-gpu-commercial\src\Core\Math\IntRect.cs(45,30): warning CS8765: 参数“obj”类型的为 Null 性与重写成员不匹配(可能是由于为 Null 性特性)。 [C:\001_AI\Ludots-gpu-commercial\src\Core\Ludots.Core.csproj]
C:\001_AI\Ludots-gpu-commercial\src\Core\Map\Board\BoardId.cs(21,30): warning CS8765: 参数“obj”类型的为 Null 性与重写成员不匹配(可能是由于为 Null 性特性)。 [C:\001_AI\Ludots-gpu-commercial\src\Core\Ludots.Core.csproj]
C:\001_AI\Ludots-gpu-commercial\src\Core\Engine\Physics2D\Physics2DClockConfig.cs(122,37): warning CS8625: 无法将 null 字面量转换为非 null 的引用类型。 [C:\001_AI\Ludots-gpu-commercial\src\Core\Ludots.Core.csproj]
C:\001_AI\Ludots-gpu-commercial\src\Core\Engine\Physics2D\Physics2DClockConfig.cs(123,43): warning CS8625: 无法将 null 字面量转换为非 null 的引用类型。 [C:\001_AI\Ludots-gpu-commercial\src\Core\Ludots.Core.csproj]
C:\001_AI\Ludots-gpu-commercial\src\Core\Modding\IVirtualFileSystem.cs(12,14): warning CS0108: “IVirtualFileSystem.TryResolveFullPath(string, out string)”隐藏继承的成员“IRenderAssetPathResolver.TryResolveFullPath(string, out string)”。如果是有意隐藏，请使用关键字 new。 [C:\001_AI\Ludots-gpu-commercial\src\Core\Ludots.Core.csproj]
C:\001_AI\Ludots-gpu-commercial\src\Core\Input\Config\InputConfigPipelineLoader.cs(25,37): warning CS8625: 无法将 null 字面量转换为非 null 的引用类型。 [C:\001_AI\Ludots-gpu-commercial\src\Core\Ludots.Core.csproj]
C:\001_AI\Ludots-gpu-commercial\src\Core\Input\Config\InputConfigPipelineLoader.cs(26,43): warning CS8625: 无法将 null 字面量转换为非 null 的引用类型。 [C:\001_AI\Ludots-gpu-commercial\src\Core\Ludots.Core.csproj]
C:\001_AI\Ludots-gpu-commercial\src\Core\Engine\Physics2D\Physics2DKinematicConfig.cs(30,37): warning CS8625: 无法将 null 字面量转换为非 null 的引用类型。 [C:\001_AI\Ludots-gpu-commercial\src\Core\Ludots.Core.csproj]
C:\001_AI\Ludots-gpu-commercial\src\Core\Engine\Physics2D\Physics2DKinematicConfig.cs(31,43): warning CS8625: 无法将 null 字面量转换为非 null 的引用类型。 [C:\001_AI\Ludots-gpu-commercial\src\Core\Ludots.Core.csproj]
C:\001_AI\Ludots-gpu-commercial\src\Core\Input\Interaction\CastCommitProfile.cs(98,49): warning CS8625: 无法将 null 字面量转换为非 null 的引用类型。 [C:\001_AI\Ludots-gpu-commercial\src\Core\Ludots.Core.csproj]
C:\001_AI\Ludots-gpu-commercial\src\Core\Input\Interaction\CastCommitProfile.cs(99,60): warning CS8625: 无法将 null 字面量转换为非 null 的引用类型。 [C:\001_AI\Ludots-gpu-commercial\src\Core\Ludots.Core.csproj]
C:\001_AI\Ludots-gpu-commercial\src\Core\Input\Interaction\CastCommitProfileConfigLoader.cs(38,37): warning CS8625: 无法将 null 字面量转换为非 null 的引用类型。 [C:\001_AI\Ludots-gpu-commercial\src\Core\Ludots.Core.csproj]
C:\001_AI\Ludots-gpu-commercial\src\Core\Engine\GameEngine.cs(2983,89): warning CS8625: 无法将 null 字面量转换为非 null 的引用类型。 [C:\001_AI\Ludots-gpu-commercial\src\Core\Ludots.Core.csproj]
C:\001_AI\Ludots-gpu-commercial\src\Core\Input\Interaction\CastCommitProfileConfigLoader.cs(39,43): warning CS8625: 无法将 null 字面量转换为非 null 的引用类型。 [C:\001_AI\Ludots-gpu-commercial\src\Core\Ludots.Core.csproj]
C:\001_AI\Ludots-gpu-commercial\src\Core\Navigation\AgentProfiles\AgentProfileConfigLoader.cs(21,66): warning CS8625: 无法将 null 字面量转换为非 null 的引用类型。 [C:\001_AI\Ludots-gpu-commercial\src\Core\Ludots.Core.csproj]
C:\001_AI\Ludots-gpu-commercial\src\Core\Navigation\AgentProfiles\AgentProfileConfigLoader.cs(21,102): warning CS8625: 无法将 null 字面量转换为非 null 的引用类型。 [C:\001_AI\Ludots-gpu-commercial\src\Core\Ludots.Core.csproj]
C:\001_AI\Ludots-gpu-commercial\src\Core\Modding\ModLoader.cs(65,41): warning CS8625: 无法将 null 字面量转换为非 null 的引用类型。 [C:\001_AI\Ludots-gpu-commercial\src\Core\Ludots.Core.csproj]
C:\001_AI\Ludots-gpu-commercial\src\Core\Modding\ModLoader.cs(65,78): warning CS8625: 无法将 null 字面量转换为非 null 的引用类型。 [C:\001_AI\Ludots-gpu-commercial\src\Core\Ludots.Core.csproj]
C:\001_AI\Ludots-gpu-commercial\src\Core\Modding\ModLoader.cs(65,113): warning CS8625: 无法将 null 字面量转换为非 null 的引用类型。 [C:\001_AI\Ludots-gpu-commercial\src\Core\Ludots.Core.csproj]
C:\001_AI\Ludots-gpu-commercial\src\Core\Map\Hex\HexCoordinates.cs(239,30): warning CS8765: 参数“obj”类型的为 Null 性与重写成员不匹配(可能是由于为 Null 性特性)。 [C:\001_AI\Ludots-gpu-commercial\src\Core\Ludots.Core.csproj]
C:\001_AI\Ludots-gpu-commercial\src\Core\Input\Interaction\CastDispatchProfileConfigLoader.cs(32,37): warning CS8625: 无法将 null 字面量转换为非 null 的引用类型。 [C:\001_AI\Ludots-gpu-commercial\src\Core\Ludots.Core.csproj]
C:\001_AI\Ludots-gpu-commercial\src\Core\Input\Interaction\CastDispatchProfileConfigLoader.cs(33,43): warning CS8625: 无法将 null 字面量转换为非 null 的引用类型。 [C:\001_AI\Ludots-gpu-commercial\src\Core\Ludots.Core.csproj]
C:\001_AI\Ludots-gpu-commercial\src\Core\Input\Orders\InputOrderMappingLoader.cs(27,37): warning CS8625: 无法将 null 字面量转换为非 null 的引用类型。 [C:\001_AI\Ludots-gpu-commercial\src\Core\Ludots.Core.csproj]
C:\001_AI\Ludots-gpu-commercial\src\Core\Input\Orders\InputOrderMappingLoader.cs(28,43): warning CS8625: 无法将 null 字面量转换为非 null 的引用类型。 [C:\001_AI\Ludots-gpu-commercial\src\Core\Ludots.Core.csproj]
C:\001_AI\Ludots-gpu-commercial\src\Core\Input\Interaction\ClientCastPreferenceConfigLoader.cs(33,37): warning CS8625: 无法将 null 字面量转换为非 null 的引用类型。 [C:\001_AI\Ludots-gpu-commercial\src\Core\Ludots.Core.csproj]
C:\001_AI\Ludots-gpu-commercial\src\Core\Input\Interaction\ClientCastPreferenceConfigLoader.cs(34,43): warning CS8625: 无法将 null 字面量转换为非 null 的引用类型。 [C:\001_AI\Ludots-gpu-commercial\src\Core\Ludots.Core.csproj]
C:\001_AI\Ludots-gpu-commercial\src\Core\Gameplay\Camera\CameraViewportUtil.cs(157,118): warning CS8625: 无法将 null 字面量转换为非 null 的引用类型。 [C:\001_AI\Ludots-gpu-commercial\src\Core\Ludots.Core.csproj]
C:\001_AI\Ludots-gpu-commercial\src\Core\Gameplay\Camera\CameraViewportUtil.cs(165,129): warning CS8625: 无法将 null 字面量转换为非 null 的引用类型。 [C:\001_AI\Ludots-gpu-commercial\src\Core\Ludots.Core.csproj]
C:\001_AI\Ludots-gpu-commercial\src\Core\Map\MapContext.cs(14,47): warning CS8625: 无法将 null 字面量转换为非 null 的引用类型。 [C:\001_AI\Ludots-gpu-commercial\src\Core\Ludots.Core.csproj]
C:\001_AI\Ludots-gpu-commercial\src\Core\Input\Interaction\CommandIntentProfileConfigLoader.cs(42,37): warning CS8625: 无法将 null 字面量转换为非 null 的引用类型。 [C:\001_AI\Ludots-gpu-commercial\src\Core\Ludots.Core.csproj]
C:\001_AI\Ludots-gpu-commercial\src\Core\Input\Interaction\CommandIntentProfileConfigLoader.cs(43,43): warning CS8625: 无法将 null 字面量转换为非 null 的引用类型。 [C:\001_AI\Ludots-gpu-commercial\src\Core\Ludots.Core.csproj]
C:\001_AI\Ludots-gpu-commercial\src\Core\Map\MapFeatureFlags.cs(46,30): warning CS8765: 参数“obj”类型的为 Null 性与重写成员不匹配(可能是由于为 Null 性特性)。 [C:\001_AI\Ludots-gpu-commercial\src\Core\Ludots.Core.csproj]
C:\001_AI\Ludots-gpu-commercial\src\Core\Map\MapId.cs(15,30): warning CS8765: 参数“obj”类型的为 Null 性与重写成员不匹配(可能是由于为 Null 性特性)。 [C:\001_AI\Ludots-gpu-commercial\src\Core\Ludots.Core.csproj]
C:\001_AI\Ludots-gpu-commercial\src\Core\Input\Interaction\ControlSchemeConfigLoader.cs(35,37): warning CS8625: 无法将 null 字面量转换为非 null 的引用类型。 [C:\001_AI\Ludots-gpu-commercial\src\Core\Ludots.Core.csproj]
C:\001_AI\Ludots-gpu-commercial\src\Core\Input\Interaction\ControlSchemeConfigLoader.cs(36,43): warning CS8625: 无法将 null 字面量转换为非 null 的引用类型。 [C:\001_AI\Ludots-gpu-commercial\src\Core\Ludots.Core.csproj]
C:\001_AI\Ludots-gpu-commercial\src\Core\Gameplay\GAS\AbilityDefinitionRegistry.cs(196,93): warning CS8625: 无法将 null 字面量转换为非 null 的引用类型。 [C:\001_AI\Ludots-gpu-commercial\src\Core\Ludots.Core.csproj]
C:\001_AI\Ludots-gpu-commercial\src\Core\Navigation\GraphCore\TagBits256.cs(25,30): warning CS8765: 参数“obj”类型的为 Null 性与重写成员不匹配(可能是由于为 Null 性特性)。 [C:\001_AI\Ludots-gpu-commercial\src\Core\Ludots.Core.csproj]
C:\001_AI\Ludots-gpu-commercial\src\Core\Gameplay\GAS\Bindings\AttributeBindingLoader.cs(24,37): warning CS8625: 无法将 null 字面量转换为非 null 的引用类型。 [C:\001_AI\Ludots-gpu-commercial\src\Core\Ludots.Core.csproj]
C:\001_AI\Ludots-gpu-commercial\src\Core\Gameplay\GAS\Bindings\AttributeBindingLoader.cs(25,43): warning CS8625: 无法将 null 字面量转换为非 null 的引用类型。 [C:\001_AI\Ludots-gpu-commercial\src\Core\Ludots.Core.csproj]
C:\001_AI\Ludots-gpu-commercial\src\Core\Input\Interaction\ControlSchemeRuntime.cs(36,56): warning CS8625: 无法将 null 字面量转换为非 null 的引用类型。 [C:\001_AI\Ludots-gpu-commercial\src\Core\Ludots.Core.csproj]
C:\001_AI\Ludots-gpu-commercial\src\Core\Input\Interaction\ControlSchemeRuntime.cs(37,53): warning CS8625: 无法将 null 字面量转换为非 null 的引用类型。 [C:\001_AI\Ludots-gpu-commercial\src\Core\Ludots.Core.csproj]
C:\001_AI\Ludots-gpu-commercial\src\Core\Input\Interaction\ControlSchemeRuntime.cs(38,43): warning CS8625: 无法将 null 字面量转换为非 null 的引用类型。 [C:\001_AI\Ludots-gpu-commercial\src\Core\Ludots.Core.csproj]
C:\001_AI\Ludots-gpu-commercial\src\Core\Map\MapManager.cs(26,135): warning CS8625: 无法将 null 字面量转换为非 null 的引用类型。 [C:\001_AI\Ludots-gpu-commercial\src\Core\Ludots.Core.csproj]
C:\001_AI\Ludots-gpu-commercial\src\Core\Input\Interaction\FilterProfileConfigLoader.cs(31,37): warning CS8625: 无法将 null 字面量转换为非 null 的引用类型。 [C:\001_AI\Ludots-gpu-commercial\src\Core\Ludots.Core.csproj]
C:\001_AI\Ludots-gpu-commercial\src\Core\Input\Interaction\FilterProfileConfigLoader.cs(32,43): warning CS8625: 无法将 null 字面量转换为非 null 的引用类型。 [C:\001_AI\Ludots-gpu-commercial\src\Core\Ludots.Core.csproj]
C:\001_AI\Ludots-gpu-commercial\src\Core\Map\MapSession.cs(86,88): warning CS8625: 无法将 null 字面量转换为非 null 的引用类型。 [C:\001_AI\Ludots-gpu-commercial\src\Core\Ludots.Core.csproj]
C:\001_AI\Ludots-gpu-commercial\src\Core\Registry\StringIntRegistry.cs(33,39): warning CS8625: 无法将 null 字面量转换为非 null 的引用类型。 [C:\001_AI\Ludots-gpu-commercial\src\Core\Ludots.Core.csproj]
C:\001_AI\Ludots-gpu-commercial\src\Core\Navigation\GraphEcs\GraphPathfindingSystem.cs(17,98): warning CS8625: 无法将 null 字面量转换为非 null 的引用类型。 [C:\001_AI\Ludots-gpu-commercial\src\Core\Ludots.Core.csproj]
C:\001_AI\Ludots-gpu-commercial\src\Core\Map\MapSessionManager.cs(42,102): warning CS8625: 无法将 null 字面量转换为非 null 的引用类型。 [C:\001_AI\Ludots-gpu-commercial\src\Core\Ludots.Core.csproj]
C:\001_AI\Ludots-gpu-commercial\src\Core\Input\Interaction\InteractionContextProfileConfigLoader.cs(34,37): warning CS8625: 无法将 null 字面量转换为非 null 的引用类型。 [C:\001_AI\Ludots-gpu-commercial\src\Core\Ludots.Core.csproj]
C:\001_AI\Ludots-gpu-commercial\src\Core\Input\Interaction\InteractionContextProfileConfigLoader.cs(35,43): warning CS8625: 无法将 null 字面量转换为非 null 的引用类型。 [C:\001_AI\Ludots-gpu-commercial\src\Core\Ludots.Core.csproj]
C:\001_AI\Ludots-gpu-commercial\src\Core\Map\MapTag.cs(50,30): warning CS8765: 参数“obj”类型的为 Null 性与重写成员不匹配(可能是由于为 Null 性特性)。 [C:\001_AI\Ludots-gpu-commercial\src\Core\Ludots.Core.csproj]
C:\001_AI\Ludots-gpu-commercial\src\Core\Gameplay\GAS\Config\AbilityFormSetConfigLoader.cs(22,37): warning CS8625: 无法将 null 字面量转换为非 null 的引用类型。 [C:\001_AI\Ludots-gpu-commercial\src\Core\Ludots.Core.csproj]
C:\001_AI\Ludots-gpu-commercial\src\Core\Gameplay\GAS\Config\AbilityFormSetConfigLoader.cs(23,43): warning CS8625: 无法将 null 字面量转换为非 null 的引用类型。 [C:\001_AI\Ludots-gpu-commercial\src\Core\Ludots.Core.csproj]
C:\001_AI\Ludots-gpu-commercial\src\Core\Gameplay\GAS\Config\AttributeConstraintsLoader.cs(19,37): warning CS8625: 无法将 null 字面量转换为非 null 的引用类型。 [C:\001_AI\Ludots-gpu-commercial\src\Core\Ludots.Core.csproj]
C:\001_AI\Ludots-gpu-commercial\src\Core\Gameplay\GAS\Config\AttributeConstraintsLoader.cs(20,43): warning CS8625: 无法将 null 字面量转换为非 null 的引用类型。 [C:\001_AI\Ludots-gpu-commercial\src\Core\Ludots.Core.csproj]
C:\001_AI\Ludots-gpu-commercial\src\Core\Gameplay\GAS\Config\ContextGroupConfigLoader.cs(22,37): warning CS8625: 无法将 null 字面量转换为非 null 的引用类型。 [C:\001_AI\Ludots-gpu-commercial\src\Core\Ludots.Core.csproj]
C:\001_AI\Ludots-gpu-commercial\src\Core\Gameplay\GAS\Config\ContextGroupConfigLoader.cs(23,43): warning CS8625: 无法将 null 字面量转换为非 null 的引用类型。 [C:\001_AI\Ludots-gpu-commercial\src\Core\Ludots.Core.csproj]
C:\001_AI\Ludots-gpu-commercial\src\Core\Input\Interaction\InteractionModeConfigLoader.cs(31,37): warning CS8625: 无法将 null 字面量转换为非 null 的引用类型。 [C:\001_AI\Ludots-gpu-commercial\src\Core\Ludots.Core.csproj]
C:\001_AI\Ludots-gpu-commercial\src\Core\Input\Interaction\InteractionModeConfigLoader.cs(32,43): warning CS8625: 无法将 null 字面量转换为非 null 的引用类型。 [C:\001_AI\Ludots-gpu-commercial\src\Core\Ludots.Core.csproj]
C:\001_AI\Ludots-gpu-commercial\src\Core\Gameplay\Progression\Config\ProgressionConfigLoader.cs(42,79): warning CS8625: 无法将 null 字面量转换为非 null 的引用类型。 [C:\001_AI\Ludots-gpu-commercial\src\Core\Ludots.Core.csproj]
C:\001_AI\Ludots-gpu-commercial\src\Core\Navigation\GraphWorld\GraphNodeKey.cs(21,30): warning CS8765: 参数“obj”类型的为 Null 性与重写成员不匹配(可能是由于为 Null 性特性)。 [C:\001_AI\Ludots-gpu-commercial\src\Core\Ludots.Core.csproj]
C:\001_AI\Ludots-gpu-commercial\src\Core\Navigation\NavMesh\Bake\BakePipeline.cs(69,43): warning CS8625: 无法将 null 字面量转换为非 null 的引用类型。 [C:\001_AI\Ludots-gpu-commercial\src\Core\Ludots.Core.csproj]
C:\001_AI\Ludots-gpu-commercial\src\Core\Navigation\NavMesh\Bake\BakePipeline.cs(91,43): warning CS8625: 无法将 null 字面量转换为非 null 的引用类型。 [C:\001_AI\Ludots-gpu-commercial\src\Core\Ludots.Core.csproj]
C:\001_AI\Ludots-gpu-commercial\src\Core\Navigation\NavMesh\Bake\BakePipeline.cs(752,182): warning CS8625: 无法将 null 字面量转换为非 null 的引用类型。 [C:\001_AI\Ludots-gpu-commercial\src\Core\Ludots.Core.csproj]
C:\001_AI\Ludots-gpu-commercial\src\Core\Navigation\NavMesh\Bake\BakePipeline.cs(410,34): warning CS8765: 参数“obj”类型的为 Null 性与重写成员不匹配(可能是由于为 Null 性特性)。 [C:\001_AI\Ludots-gpu-commercial\src\Core\Ludots.Core.csproj]
C:\001_AI\Ludots-gpu-commercial\src\Core\Presentation\Camera\CameraPresenter.cs(44,120): warning CS8625: 无法将 null 字面量转换为非 null 的引用类型。 [C:\001_AI\Ludots-gpu-commercial\src\Core\Ludots.Core.csproj]
C:\001_AI\Ludots-gpu-commercial\src\Core\Input\Interaction\InteractionPrefConfigLoader.cs(33,37): warning CS8625: 无法将 null 字面量转换为非 null 的引用类型。 [C:\001_AI\Ludots-gpu-commercial\src\Core\Ludots.Core.csproj]
C:\001_AI\Ludots-gpu-commercial\src\Core\Input\Interaction\InteractionPrefConfigLoader.cs(34,43): warning CS8625: 无法将 null 字面量转换为非 null 的引用类型。 [C:\001_AI\Ludots-gpu-commercial\src\Core\Ludots.Core.csproj]
C:\001_AI\Ludots-gpu-commercial\src\Core\Navigation\NavMesh\Bake\ContourExtractor.cs(23,30): warning CS8765: 参数“obj”类型的为 Null 性与重写成员不匹配(可能是由于为 Null 性特性)。 [C:\001_AI\Ludots-gpu-commercial\src\Core\Ludots.Core.csproj]
C:\001_AI\Ludots-gpu-commercial\src\Core\Navigation\NavMesh\Bake\ContourExtractor.cs(67,30): warning CS8765: 参数“obj”类型的为 Null 性与重写成员不匹配(可能是由于为 Null 性特性)。 [C:\001_AI\Ludots-gpu-commercial\src\Core\Ludots.Core.csproj]
C:\001_AI\Ludots-gpu-commercial\src\Core\Gameplay\Camera\VirtualCameraDefinitionLoader.cs(24,50): warning CS8625: 无法将 null 字面量转换为非 null 的引用类型。 [C:\001_AI\Ludots-gpu-commercial\src\Core\Ludots.Core.csproj]
C:\001_AI\Ludots-gpu-commercial\src\Core\Gameplay\Camera\VirtualCameraDefinitionLoader.cs(24,86): warning CS8625: 无法将 null 字面量转换为非 null 的引用类型。 [C:\001_AI\Ludots-gpu-commercial\src\Core\Ludots.Core.csproj]
C:\001_AI\Ludots-gpu-commercial\src\Core\Navigation\NavMesh\Bake\NavBakeContext.cs(45,30): warning CS8765: 参数“obj”类型的为 Null 性与重写成员不匹配(可能是由于为 Null 性特性)。 [C:\001_AI\Ludots-gpu-commercial\src\Core\Ludots.Core.csproj]
C:\001_AI\Ludots-gpu-commercial\src\Core\Presentation\Config\AnimationClipConfigLoader.cs(22,50): warning CS8625: 无法将 null 字面量转换为非 null 的引用类型。 [C:\001_AI\Ludots-gpu-commercial\src\Core\Ludots.Core.csproj]
C:\001_AI\Ludots-gpu-commercial\src\Core\Presentation\Config\AnimationClipConfigLoader.cs(22,86): warning CS8625: 无法将 null 字面量转换为非 null 的引用类型。 [C:\001_AI\Ludots-gpu-commercial\src\Core\Ludots.Core.csproj]
C:\001_AI\Ludots-gpu-commercial\src\Core\Gameplay\GAS\EffectTagContributionHelper.cs(13,154): warning CS8625: 无法将 null 字面量转换为非 null 的引用类型。 [C:\001_AI\Ludots-gpu-commercial\src\Core\Ludots.Core.csproj]
C:\001_AI\Ludots-gpu-commercial\src\Core\Gameplay\GAS\EffectTagContributionHelper.cs(50,157): warning CS8625: 无法将 null 字面量转换为非 null 的引用类型。 [C:\001_AI\Ludots-gpu-commercial\src\Core\Ludots.Core.csproj]
C:\001_AI\Ludots-gpu-commercial\src\Core\Gameplay\GAS\EffectTagContributionHelper.cs(84,177): warning CS8625: 无法将 null 字面量转换为非 null 的引用类型。 [C:\001_AI\Ludots-gpu-commercial\src\Core\Ludots.Core.csproj]
C:\001_AI\Ludots-gpu-commercial\src\Core\Gameplay\GAS\EffectTagContributionHelper.cs(134,136): warning CS8625: 无法将 null 字面量转换为非 null 的引用类型。 [C:\001_AI\Ludots-gpu-commercial\src\Core\Ludots.Core.csproj]
C:\001_AI\Ludots-gpu-commercial\src\Core\Gameplay\GAS\EffectTagContributionHelper.cs(159,137): warning CS8625: 无法将 null 字面量转换为非 null 的引用类型。 [C:\001_AI\Ludots-gpu-commercial\src\Core\Ludots.Core.csproj]
C:\001_AI\Ludots-gpu-commercial\src\Core\Gameplay\GAS\EffectTagContributionHelper.cs(182,159): warning CS8625: 无法将 null 字面量转换为非 null 的引用类型。 [C:\001_AI\Ludots-gpu-commercial\src\Core\Ludots.Core.csproj]
C:\001_AI\Ludots-gpu-commercial\src\Core\Presentation\Config\AnimationProfileConfigLoader.cs(27,50): warning CS8625: 无法将 null 字面量转换为非 null 的引用类型。 [C:\001_AI\Ludots-gpu-commercial\src\Core\Ludots.Core.csproj]
C:\001_AI\Ludots-gpu-commercial\src\Core\Presentation\Config\AnimationProfileConfigLoader.cs(27,86): warning CS8625: 无法将 null 字面量转换为非 null 的引用类型。 [C:\001_AI\Ludots-gpu-commercial\src\Core\Ludots.Core.csproj]
C:\001_AI\Ludots-gpu-commercial\src\Core\Scripting\EventKey.cs(15,30): warning CS8765: 参数“obj”类型的为 Null 性与重写成员不匹配(可能是由于为 Null 性特性)。 [C:\001_AI\Ludots-gpu-commercial\src\Core\Ludots.Core.csproj]
C:\001_AI\Ludots-gpu-commercial\src\Core\Presentation\Config\AnimatorControllerConfigLoader.cs(22,50): warning CS8625: 无法将 null 字面量转换为非 null 的引用类型。 [C:\001_AI\Ludots-gpu-commercial\src\Core\Ludots.Core.csproj]
C:\001_AI\Ludots-gpu-commercial\src\Core\Presentation\Config\AnimatorControllerConfigLoader.cs(22,86): warning CS8625: 无法将 null 字面量转换为非 null 的引用类型。 [C:\001_AI\Ludots-gpu-commercial\src\Core\Ludots.Core.csproj]
C:\001_AI\Ludots-gpu-commercial\src\Core\Gameplay\GAS\Config\GasClockConfig.cs(24,37): warning CS8625: 无法将 null 字面量转换为非 null 的引用类型。 [C:\001_AI\Ludots-gpu-commercial\src\Core\Ludots.Core.csproj]
C:\001_AI\Ludots-gpu-commercial\src\Core\Gameplay\GAS\Config\GasClockConfig.cs(25,43): warning CS8625: 无法将 null 字面量转换为非 null 的引用类型。 [C:\001_AI\Ludots-gpu-commercial\src\Core\Ludots.Core.csproj]
C:\001_AI\Ludots-gpu-commercial\src\Core\Gameplay\GAS\Config\TagRuleSetLoader.cs(20,37): warning CS8625: 无法将 null 字面量转换为非 null 的引用类型。 [C:\001_AI\Ludots-gpu-commercial\src\Core\Ludots.Core.csproj]
C:\001_AI\Ludots-gpu-commercial\src\Core\Gameplay\GAS\Config\TagRuleSetLoader.cs(21,43): warning CS8625: 无法将 null 字面量转换为非 null 的引用类型。 [C:\001_AI\Ludots-gpu-commercial\src\Core\Ludots.Core.csproj]
C:\001_AI\Ludots-gpu-commercial\src\Core\Scripting\FunctionRegistry.cs(22,85): warning CS8625: 无法将 null 字面量转换为非 null 的引用类型。 [C:\001_AI\Ludots-gpu-commercial\src\Core\Ludots.Core.csproj]
C:\001_AI\Ludots-gpu-commercial\src\Core\Gameplay\GAS\Config\PresetTypeLoader.cs(32,37): warning CS8625: 无法将 null 字面量转换为非 null 的引用类型。 [C:\001_AI\Ludots-gpu-commercial\src\Core\Ludots.Core.csproj]
C:\001_AI\Ludots-gpu-commercial\src\Core\Gameplay\GAS\Config\PresetTypeLoader.cs(33,43): warning CS8625: 无法将 null 字面量转换为非 null 的引用类型。 [C:\001_AI\Ludots-gpu-commercial\src\Core\Ludots.Core.csproj]
C:\001_AI\Ludots-gpu-commercial\src\Core\Gameplay\GAS\Config\TargetDispatchPresetLoader.cs(29,37): warning CS8625: 无法将 null 字面量转换为非 null 的引用类型。 [C:\001_AI\Ludots-gpu-commercial\src\Core\Ludots.Core.csproj]
C:\001_AI\Ludots-gpu-commercial\src\Core\Gameplay\GAS\Config\TargetDispatchPresetLoader.cs(30,43): warning CS8625: 无法将 null 字面量转换为非 null 的引用类型。 [C:\001_AI\Ludots-gpu-commercial\src\Core\Ludots.Core.csproj]
C:\001_AI\Ludots-gpu-commercial\src\Core\Presentation\Config\InstancedBatchAssetConfigLoader.cs(50,50): warning CS8625: 无法将 null 字面量转换为非 null 的引用类型。 [C:\001_AI\Ludots-gpu-commercial\src\Core\Ludots.Core.csproj]
C:\001_AI\Ludots-gpu-commercial\src\Core\Presentation\Config\InstancedBatchAssetConfigLoader.cs(50,86): warning CS8625: 无法将 null 字面量转换为非 null 的引用类型。 [C:\001_AI\Ludots-gpu-commercial\src\Core\Ludots.Core.csproj]
C:\001_AI\Ludots-gpu-commercial\src\Core\Gameplay\GAS\EffectTemplateRegistry.cs(440,89): warning CS8625: 无法将 null 字面量转换为非 null 的引用类型。 [C:\001_AI\Ludots-gpu-commercial\src\Core\Ludots.Core.csproj]
C:\001_AI\Ludots-gpu-commercial\src\Core\Presentation\Config\MeshAssetConfigLoader.cs(31,50): warning CS8625: 无法将 null 字面量转换为非 null 的引用类型。 [C:\001_AI\Ludots-gpu-commercial\src\Core\Ludots.Core.csproj]
C:\001_AI\Ludots-gpu-commercial\src\Core\Presentation\Config\MeshAssetConfigLoader.cs(31,86): warning CS8625: 无法将 null 字面量转换为非 null 的引用类型。 [C:\001_AI\Ludots-gpu-commercial\src\Core\Ludots.Core.csproj]
C:\001_AI\Ludots-gpu-commercial\src\Core\Presentation\Config\ParticleVfxConfigLoader.cs(21,50): warning CS8625: 无法将 null 字面量转换为非 null 的引用类型。 [C:\001_AI\Ludots-gpu-commercial\src\Core\Ludots.Core.csproj]
C:\001_AI\Ludots-gpu-commercial\src\Core\Presentation\Config\ParticleVfxConfigLoader.cs(21,86): warning CS8625: 无法将 null 字面量转换为非 null 的引用类型。 [C:\001_AI\Ludots-gpu-commercial\src\Core\Ludots.Core.csproj]
C:\001_AI\Ludots-gpu-commercial\src\Core\Spatial\WorldExtentSpec.cs(46,30): warning CS8765: 参数“obj”类型的为 Null 性与重写成员不匹配(可能是由于为 Null 性特性)。 [C:\001_AI\Ludots-gpu-commercial\src\Core\Ludots.Core.csproj]
C:\001_AI\Ludots-gpu-commercial\src\Core\Navigation\Pathing\Config\PathingConfigLoader.cs(20,37): warning CS8625: 无法将 null 字面量转换为非 null 的引用类型。 [C:\001_AI\Ludots-gpu-commercial\src\Core\Ludots.Core.csproj]
C:\001_AI\Ludots-gpu-commercial\src\Core\Navigation\Pathing\Config\PathingConfigLoader.cs(21,43): warning CS8625: 无法将 null 字面量转换为非 null 的引用类型。 [C:\001_AI\Ludots-gpu-commercial\src\Core\Ludots.Core.csproj]
C:\001_AI\Ludots-gpu-commercial\src\Core\Spatial\WorldSizeSpec.cs(25,30): warning CS8765: 参数“obj”类型的为 Null 性与重写成员不匹配(可能是由于为 Null 性特性)。 [C:\001_AI\Ludots-gpu-commercial\src\Core\Ludots.Core.csproj]
C:\001_AI\Ludots-gpu-commercial\src\Core\Navigation\NavMesh\Bake\PolygonProcessor.cs(14,63): warning CS8625: 无法将 null 字面量转换为非 null 的引用类型。 [C:\001_AI\Ludots-gpu-commercial\src\Core\Ludots.Core.csproj]
C:\001_AI\Ludots-gpu-commercial\src\Core\Presentation\Config\PresentationHostAssetConfigLoader.cs(27,69): warning CS8625: 无法将 null 字面量转换为非 null 的引用类型。 [C:\001_AI\Ludots-gpu-commercial\src\Core\Ludots.Core.csproj]
C:\001_AI\Ludots-gpu-commercial\src\Core\Presentation\Config\PresentationHostAssetConfigLoader.cs(27,105): warning CS8625: 无法将 null 字面量转换为非 null 的引用类型。 [C:\001_AI\Ludots-gpu-commercial\src\Core\Ludots.Core.csproj]
C:\001_AI\Ludots-gpu-commercial\src\Core\Presentation\Config\PresentationLodProfileConfigLoader.cs(24,50): warning CS8625: 无法将 null 字面量转换为非 null 的引用类型。 [C:\001_AI\Ludots-gpu-commercial\src\Core\Ludots.Core.csproj]
C:\001_AI\Ludots-gpu-commercial\src\Core\Presentation\Config\PresentationLodProfileConfigLoader.cs(24,86): warning CS8625: 无法将 null 字面量转换为非 null 的引用类型。 [C:\001_AI\Ludots-gpu-commercial\src\Core\Ludots.Core.csproj]
C:\001_AI\Ludots-gpu-commercial\src\Core\Presentation\Config\PresentationMaterialConfigLoader.cs(25,50): warning CS8625: 无法将 null 字面量转换为非 null 的引用类型。 [C:\001_AI\Ludots-gpu-commercial\src\Core\Ludots.Core.csproj]
C:\001_AI\Ludots-gpu-commercial\src\Core\Presentation\Config\PresentationMaterialConfigLoader.cs(25,86): warning CS8625: 无法将 null 字面量转换为非 null 的引用类型。 [C:\001_AI\Ludots-gpu-commercial\src\Core\Ludots.Core.csproj]
C:\001_AI\Ludots-gpu-commercial\src\Core\Presentation\Config\PresentationTextCatalogLoader.cs(23,69): warning CS8625: 无法将 null 字面量转换为非 null 的引用类型。 [C:\001_AI\Ludots-gpu-commercial\src\Core\Ludots.Core.csproj]
C:\001_AI\Ludots-gpu-commercial\src\Core\Presentation\Config\PresentationTextCatalogLoader.cs(23,105): warning CS8625: 无法将 null 字面量转换为非 null 的引用类型。 [C:\001_AI\Ludots-gpu-commercial\src\Core\Ludots.Core.csproj]
C:\001_AI\Ludots-gpu-commercial\src\Core\UI\CommandDeck\CommandDeckProfileConfigLoader.cs(30,37): warning CS8625: 无法将 null 字面量转换为非 null 的引用类型。 [C:\001_AI\Ludots-gpu-commercial\src\Core\Ludots.Core.csproj]
C:\001_AI\Ludots-gpu-commercial\src\Core\UI\CommandDeck\CommandDeckProfileConfigLoader.cs(31,43): warning CS8625: 无法将 null 字面量转换为非 null 的引用类型。 [C:\001_AI\Ludots-gpu-commercial\src\Core\Ludots.Core.csproj]
C:\001_AI\Ludots-gpu-commercial\src\Core\Systems\MapLoader.cs(112,44): warning CS8625: 无法将 null 字面量转换为非 null 的引用类型。 [C:\001_AI\Ludots-gpu-commercial\src\Core\Ludots.Core.csproj]
C:\001_AI\Ludots-gpu-commercial\src\Core\Systems\MapLoader.cs(113,64): warning CS8625: 无法将 null 字面量转换为非 null 的引用类型。 [C:\001_AI\Ludots-gpu-commercial\src\Core\Ludots.Core.csproj]
C:\001_AI\Ludots-gpu-commercial\src\Core\Systems\MapLoader.cs(424,88): warning CS8625: 无法将 null 字面量转换为非 null 的引用类型。 [C:\001_AI\Ludots-gpu-commercial\src\Core\Ludots.Core.csproj]
C:\001_AI\Ludots-gpu-commercial\src\Core\Navigation\NavMesh\Config\NavMeshBakeConfigLoader.cs(27,37): warning CS8625: 无法将 null 字面量转换为非 null 的引用类型。 [C:\001_AI\Ludots-gpu-commercial\src\Core\Ludots.Core.csproj]
C:\001_AI\Ludots-gpu-commercial\src\Core\Navigation\NavMesh\Config\NavMeshBakeConfigLoader.cs(28,43): warning CS8625: 无法将 null 字面量转换为非 null 的引用类型。 [C:\001_AI\Ludots-gpu-commercial\src\Core\Ludots.Core.csproj]
C:\001_AI\Ludots-gpu-commercial\src\Core\Gameplay\Spawning\RuntimeEntitySpawnSystem.cs(96,49): warning CS8625: 无法将 null 字面量转换为非 null 的引用类型。 [C:\001_AI\Ludots-gpu-commercial\src\Core\Ludots.Core.csproj]
C:\001_AI\Ludots-gpu-commercial\src\Core\UI\EntityCommandPanels\AbilityAggregationProfileConfigLoader.cs(33,37): warning CS8625: 无法将 null 字面量转换为非 null 的引用类型。 [C:\001_AI\Ludots-gpu-commercial\src\Core\Ludots.Core.csproj]
C:\001_AI\Ludots-gpu-commercial\src\Core\UI\EntityCommandPanels\AbilityAggregationProfileConfigLoader.cs(34,43): warning CS8625: 无法将 null 字面量转换为非 null 的引用类型。 [C:\001_AI\Ludots-gpu-commercial\src\Core\Ludots.Core.csproj]
C:\001_AI\Ludots-gpu-commercial\src\Core\Navigation\NavMesh\NavQueryServiceRegistry.cs(18,30): warning CS8765: 参数“obj”类型的为 Null 性与重写成员不匹配(可能是由于为 Null 性特性)。 [C:\001_AI\Ludots-gpu-commercial\src\Core\Ludots.Core.csproj]
C:\001_AI\Ludots-gpu-commercial\src\Core\Navigation\NavMesh\NavTileModels.cs(27,30): warning CS8765: 参数“obj”类型的为 Null 性与重写成员不匹配(可能是由于为 Null 性特性)。 [C:\001_AI\Ludots-gpu-commercial\src\Core\Ludots.Core.csproj]
C:\001_AI\Ludots-gpu-commercial\src\Core\Navigation\NavMesh\NavTileModels.cs(226,33): warning CS8625: 无法将 null 字面量转换为非 null 的引用类型。 [C:\001_AI\Ludots-gpu-commercial\src\Core\Ludots.Core.csproj]
C:\001_AI\Ludots-gpu-commercial\src\Core\Navigation\NavMesh\NavTileBuilder.cs(68,34): warning CS8765: 参数“obj”类型的为 Null 性与重写成员不匹配(可能是由于为 Null 性特性)。 [C:\001_AI\Ludots-gpu-commercial\src\Core\Ludots.Core.csproj]
C:\001_AI\Ludots-gpu-commercial\src\Core\Gameplay\GAS\Systems\AbilityFormRoutingSystem.cs(21,103): warning CS8625: 无法将 null 字面量转换为非 null 的引用类型。 [C:\001_AI\Ludots-gpu-commercial\src\Core\Ludots.Core.csproj]
C:\001_AI\Ludots-gpu-commercial\src\Core\Navigation\NavMesh\NavTileBuilder.cs(505,34): warning CS8765: 参数“obj”类型的为 Null 性与重写成员不匹配(可能是由于为 Null 性特性)。 [C:\001_AI\Ludots-gpu-commercial\src\Core\Ludots.Core.csproj]
C:\001_AI\Ludots-gpu-commercial\src\Core\Presentation\Config\PresenterDefinitionConfigLoader.cs(46,54): warning CS8625: 无法将 null 字面量转换为非 null 的引用类型。 [C:\001_AI\Ludots-gpu-commercial\src\Core\Ludots.Core.csproj]
C:\001_AI\Ludots-gpu-commercial\src\Core\Presentation\Config\PresenterDefinitionConfigLoader.cs(47,47): warning CS8625: 无法将 null 字面量转换为非 null 的引用类型。 [C:\001_AI\Ludots-gpu-commercial\src\Core\Ludots.Core.csproj]
C:\001_AI\Ludots-gpu-commercial\src\Core\Presentation\Config\PresenterDefinitionConfigLoader.cs(48,52): warning CS8625: 无法将 null 字面量转换为非 null 的引用类型。 [C:\001_AI\Ludots-gpu-commercial\src\Core\Ludots.Core.csproj]
C:\001_AI\Ludots-gpu-commercial\src\Core\Presentation\Config\PresenterDefinitionConfigLoader.cs(49,58): warning CS8625: 无法将 null 字面量转换为非 null 的引用类型。 [C:\001_AI\Ludots-gpu-commercial\src\Core\Ludots.Core.csproj]
C:\001_AI\Ludots-gpu-commercial\src\Core\Presentation\Config\PresenterDefinitionConfigLoader.cs(50,57): warning CS8625: 无法将 null 字面量转换为非 null 的引用类型。 [C:\001_AI\Ludots-gpu-commercial\src\Core\Ludots.Core.csproj]
C:\001_AI\Ludots-gpu-commercial\src\Core\Presentation\Config\PresenterDefinitionConfigLoader.cs(51,51): warning CS8625: 无法将 null 字面量转换为非 null 的引用类型。 [C:\001_AI\Ludots-gpu-commercial\src\Core\Ludots.Core.csproj]
C:\001_AI\Ludots-gpu-commercial\src\Core\Presentation\Config\PresenterDefinitionConfigLoader.cs(52,61): warning CS8625: 无法将 null 字面量转换为非 null 的引用类型。 [C:\001_AI\Ludots-gpu-commercial\src\Core\Ludots.Core.csproj]
C:\001_AI\Ludots-gpu-commercial\src\Core\Presentation\Config\PresenterDefinitionConfigLoader.cs(53,59): warning CS8625: 无法将 null 字面量转换为非 null 的引用类型。 [C:\001_AI\Ludots-gpu-commercial\src\Core\Ludots.Core.csproj]
C:\001_AI\Ludots-gpu-commercial\src\Core\Presentation\Config\PresenterDefinitionConfigLoader.cs(54,67): warning CS8625: 无法将 null 字面量转换为非 null 的引用类型。 [C:\001_AI\Ludots-gpu-commercial\src\Core\Ludots.Core.csproj]
C:\001_AI\Ludots-gpu-commercial\src\Core\Presentation\Config\PresenterDefinitionConfigLoader.cs(55,62): warning CS8625: 无法将 null 字面量转换为非 null 的引用类型。 [C:\001_AI\Ludots-gpu-commercial\src\Core\Ludots.Core.csproj]
C:\001_AI\Ludots-gpu-commercial\src\Core\Presentation\Config\PresenterDefinitionConfigLoader.cs(56,62): warning CS8625: 无法将 null 字面量转换为非 null 的引用类型。 [C:\001_AI\Ludots-gpu-commercial\src\Core\Ludots.Core.csproj]
C:\001_AI\Ludots-gpu-commercial\src\Core\Presentation\Config\PresenterDefinitionConfigLoader.cs(57,68): warning CS8625: 无法将 null 字面量转换为非 null 的引用类型。 [C:\001_AI\Ludots-gpu-commercial\src\Core\Ludots.Core.csproj]
C:\001_AI\Ludots-gpu-commercial\src\Core\Presentation\Config\PresenterDefinitionConfigLoader.cs(81,50): warning CS8625: 无法将 null 字面量转换为非 null 的引用类型。 [C:\001_AI\Ludots-gpu-commercial\src\Core\Ludots.Core.csproj]
C:\001_AI\Ludots-gpu-commercial\src\Core\Presentation\Config\PresenterDefinitionConfigLoader.cs(81,86): warning CS8625: 无法将 null 字面量转换为非 null 的引用类型。 [C:\001_AI\Ludots-gpu-commercial\src\Core\Ludots.Core.csproj]
C:\001_AI\Ludots-gpu-commercial\src\Core\Gameplay\GAS\Orders\OrderTypeConfigLoader.cs(72,37): warning CS8625: 无法将 null 字面量转换为非 null 的引用类型。 [C:\001_AI\Ludots-gpu-commercial\src\Core\Ludots.Core.csproj]
C:\001_AI\Ludots-gpu-commercial\src\Core\Gameplay\GAS\Orders\OrderTypeConfigLoader.cs(73,43): warning CS8625: 无法将 null 字面量转换为非 null 的引用类型。 [C:\001_AI\Ludots-gpu-commercial\src\Core\Ludots.Core.csproj]
C:\001_AI\Ludots-gpu-commercial\src\Core\Gameplay\GAS\Orders\OrderTypeConfigLoader.cs(83,37): warning CS8625: 无法将 null 字面量转换为非 null 的引用类型。 [C:\001_AI\Ludots-gpu-commercial\src\Core\Ludots.Core.csproj]
C:\001_AI\Ludots-gpu-commercial\src\Core\Gameplay\GAS\Orders\OrderTypeConfigLoader.cs(84,43): warning CS8625: 无法将 null 字面量转换为非 null 的引用类型。 [C:\001_AI\Ludots-gpu-commercial\src\Core\Ludots.Core.csproj]
C:\001_AI\Ludots-gpu-commercial\src\Core\Gameplay\GAS\Systems\AbilitySystem.cs(25,60): warning CS8625: 无法将 null 字面量转换为非 null 的引用类型。 [C:\001_AI\Ludots-gpu-commercial\src\Core\Ludots.Core.csproj]
C:\001_AI\Ludots-gpu-commercial\src\Core\Gameplay\GAS\Systems\AbilitySystem.cs(26,29): warning CS8625: 无法将 null 字面量转换为非 null 的引用类型。 [C:\001_AI\Ludots-gpu-commercial\src\Core\Ludots.Core.csproj]
C:\001_AI\Ludots-gpu-commercial\src\Core\Gameplay\GAS\Systems\AbilitySystem.cs(27,50): warning CS8625: 无法将 null 字面量转换为非 null 的引用类型。 [C:\001_AI\Ludots-gpu-commercial\src\Core\Ludots.Core.csproj]
C:\001_AI\Ludots-gpu-commercial\src\Core\Gameplay\GAS\Systems\AbilitySystem.cs(28,41): warning CS8625: 无法将 null 字面量转换为非 null 的引用类型。 [C:\001_AI\Ludots-gpu-commercial\src\Core\Ludots.Core.csproj]
C:\001_AI\Ludots-gpu-commercial\src\Core\Gameplay\GAS\Systems\AbilitySystem.cs(29,71): warning CS8625: 无法将 null 字面量转换为非 null 的引用类型。 [C:\001_AI\Ludots-gpu-commercial\src\Core\Ludots.Core.csproj]
C:\001_AI\Ludots-gpu-commercial\src\Core\Gameplay\GAS\Systems\AttributeAggregatorSystem.cs(24,92): warning CS8625: 无法将 null 字面量转换为非 null 的引用类型。 [C:\001_AI\Ludots-gpu-commercial\src\Core\Ludots.Core.csproj]
C:\001_AI\Ludots-gpu-commercial\src\Core\Gameplay\GAS\Systems\AttributeAggregatorSystem.cs(24,126): warning CS8625: 无法将 null 字面量转换为非 null 的引用类型。 [C:\001_AI\Ludots-gpu-commercial\src\Core\Ludots.Core.csproj]
C:\001_AI\Ludots-gpu-commercial\src\Core\Gameplay\GAS\Systems\AttributeAggregatorSystem.cs(24,148): warning CS8625: 无法将 null 字面量转换为非 null 的引用类型。 [C:\001_AI\Ludots-gpu-commercial\src\Core\Ludots.Core.csproj]
C:\001_AI\Ludots-gpu-commercial\src\Core\Gameplay\GAS\Systems\AttributeAggregatorSystem.cs(24,203): warning CS8625: 无法将 null 字面量转换为非 null 的引用类型。 [C:\001_AI\Ludots-gpu-commercial\src\Core\Ludots.Core.csproj]
C:\001_AI\Ludots-gpu-commercial\src\Core\Gameplay\GAS\Systems\DeferredTriggerCollectionSystem.cs(26,29): warning CS8625: 无法将 null 字面量转换为非 null 的引用类型。 [C:\001_AI\Ludots-gpu-commercial\src\Core\Ludots.Core.csproj]
C:\001_AI\Ludots-gpu-commercial\src\Core\Gameplay\GAS\Systems\DeferredTriggerCollectionSystem.cs(27,46): warning CS8625: 无法将 null 字面量转换为非 null 的引用类型。 [C:\001_AI\Ludots-gpu-commercial\src\Core\Ludots.Core.csproj]
C:\001_AI\Ludots-gpu-commercial\src\Core\Gameplay\GAS\Systems\EffectProcessingLoopSystem.cs(79,214): warning CS8625: 无法将 null 字面量转换为非 null 的引用类型。 [C:\001_AI\Ludots-gpu-commercial\src\Core\Ludots.Core.csproj]
C:\001_AI\Ludots-gpu-commercial\src\Core\Gameplay\GAS\Systems\EffectProcessingLoopSystem.cs(79,255): warning CS8625: 无法将 null 字面量转换为非 null 的引用类型。 [C:\001_AI\Ludots-gpu-commercial\src\Core\Ludots.Core.csproj]
C:\001_AI\Ludots-gpu-commercial\src\Core\Gameplay\GAS\Systems\EffectProcessingLoopSystem.cs(79,295): warning CS8625: 无法将 null 字面量转换为非 null 的引用类型。 [C:\001_AI\Ludots-gpu-commercial\src\Core\Ludots.Core.csproj]
C:\001_AI\Ludots-gpu-commercial\src\Core\Gameplay\GAS\Systems\EffectProcessingLoopSystem.cs(79,326): warning CS8625: 无法将 null 字面量转换为非 null 的引用类型。 [C:\001_AI\Ludots-gpu-commercial\src\Core\Ludots.Core.csproj]
C:\001_AI\Ludots-gpu-commercial\src\Core\Gameplay\GAS\Systems\EffectProcessingLoopSystem.cs(79,373): warning CS8625: 无法将 null 字面量转换为非 null 的引用类型。 [C:\001_AI\Ludots-gpu-commercial\src\Core\Ludots.Core.csproj]
C:\001_AI\Ludots-gpu-commercial\src\Core\Gameplay\GAS\Systems\EffectProcessingLoopSystem.cs(79,413): warning CS8625: 无法将 null 字面量转换为非 null 的引用类型。 [C:\001_AI\Ludots-gpu-commercial\src\Core\Ludots.Core.csproj]
C:\001_AI\Ludots-gpu-commercial\src\Core\Gameplay\GAS\Systems\EffectProcessingLoopSystem.cs(79,524): warning CS8625: 无法将 null 字面量转换为非 null 的引用类型。 [C:\001_AI\Ludots-gpu-commercial\src\Core\Ludots.Core.csproj]
C:\001_AI\Ludots-gpu-commercial\src\Core\Gameplay\GAS\Systems\EffectProcessingLoopSystem.cs(79,568): warning CS8625: 无法将 null 字面量转换为非 null 的引用类型。 [C:\001_AI\Ludots-gpu-commercial\src\Core\Ludots.Core.csproj]
C:\001_AI\Ludots-gpu-commercial\src\Core\Gameplay\GAS\Systems\EffectProcessingLoopSystem.cs(79,614): warning CS8625: 无法将 null 字面量转换为非 null 的引用类型。 [C:\001_AI\Ludots-gpu-commercial\src\Core\Ludots.Core.csproj]
C:\001_AI\Ludots-gpu-commercial\src\Core\Gameplay\GAS\Systems\EffectProcessingLoopSystem.cs(79,668): warning CS8625: 无法将 null 字面量转换为非 null 的引用类型。 [C:\001_AI\Ludots-gpu-commercial\src\Core\Ludots.Core.csproj]
C:\001_AI\Ludots-gpu-commercial\src\Core\Gameplay\GAS\Systems\EffectProcessingLoopSystem.cs(79,725): warning CS8625: 无法将 null 字面量转换为非 null 的引用类型。 [C:\001_AI\Ludots-gpu-commercial\src\Core\Ludots.Core.csproj]
C:\001_AI\Ludots-gpu-commercial\src\Core\Gameplay\GAS\Systems\EffectProcessingLoopSystem.cs(79,767): warning CS8625: 无法将 null 字面量转换为非 null 的引用类型。 [C:\001_AI\Ludots-gpu-commercial\src\Core\Ludots.Core.csproj]
C:\001_AI\Ludots-gpu-commercial\src\Core\Gameplay\GAS\Systems\EffectProcessingLoopSystem.cs(79,843): warning CS8625: 无法将 null 字面量转换为非 null 的引用类型。 [C:\001_AI\Ludots-gpu-commercial\src\Core\Ludots.Core.csproj]
C:\001_AI\Ludots-gpu-commercial\src\Core\Gameplay\GAS\Systems\EffectProcessingLoopSystem.cs(79,865): warning CS8625: 无法将 null 字面量转换为非 null 的引用类型。 [C:\001_AI\Ludots-gpu-commercial\src\Core\Ludots.Core.csproj]
C:\001_AI\Ludots-gpu-commercial\src\Core\Gameplay\GAS\Systems\EffectProcessingLoopSystem.cs(79,905): warning CS8625: 无法将 null 字面量转换为非 null 的引用类型。 [C:\001_AI\Ludots-gpu-commercial\src\Core\Ludots.Core.csproj]
C:\001_AI\Ludots-gpu-commercial\src\Core\Gameplay\GAS\Systems\EffectProcessingLoopSystem.cs(79,966): warning CS8625: 无法将 null 字面量转换为非 null 的引用类型。 [C:\001_AI\Ludots-gpu-commercial\src\Core\Ludots.Core.csproj]
C:\001_AI\Ludots-gpu-commercial\src\Core\Gameplay\GAS\Systems\EffectProcessingLoopSystem.cs(79,1010): warning CS8625: 无法将 null 字面量转换为非 null 的引用类型。 [C:\001_AI\Ludots-gpu-commercial\src\Core\Ludots.Core.csproj]
C:\001_AI\Ludots-gpu-commercial\src\Core\Gameplay\GAS\Systems\EffectProcessingLoopSystem.cs(79,1054): warning CS8625: 无法将 null 字面量转换为非 null 的引用类型。 [C:\001_AI\Ludots-gpu-commercial\src\Core\Ludots.Core.csproj]
C:\001_AI\Ludots-gpu-commercial\src\Core\Gameplay\GAS\Systems\EffectProcessingLoopSystem.cs(79,1123): warning CS8625: 无法将 null 字面量转换为非 null 的引用类型。 [C:\001_AI\Ludots-gpu-commercial\src\Core\Ludots.Core.csproj]
C:\001_AI\Ludots-gpu-commercial\src\Core\Gameplay\GAS\Systems\EffectProcessingLoopSystem.cs(79,1185): warning CS8625: 无法将 null 字面量转换为非 null 的引用类型。 [C:\001_AI\Ludots-gpu-commercial\src\Core\Ludots.Core.csproj]
C:\001_AI\Ludots-gpu-commercial\src\Core\Gameplay\GAS\Systems\EffectProcessingLoopSystem.cs(79,1257): warning CS8625: 无法将 null 字面量转换为非 null 的引用类型。 [C:\001_AI\Ludots-gpu-commercial\src\Core\Ludots.Core.csproj]
C:\001_AI\Ludots-gpu-commercial\src\Core\Gameplay\GAS\Systems\EffectProcessingLoopSystem.cs(79,1328): warning CS8625: 无法将 null 字面量转换为非 null 的引用类型。 [C:\001_AI\Ludots-gpu-commercial\src\Core\Ludots.Core.csproj]
C:\001_AI\Ludots-gpu-commercial\src\Core\NodeLibraries\GASGraph\Host\GraphProgramConfigLoader.cs(61,37): warning CS8625: 无法将 null 字面量转换为非 null 的引用类型。 [C:\001_AI\Ludots-gpu-commercial\src\Core\Ludots.Core.csproj]
C:\001_AI\Ludots-gpu-commercial\src\Core\NodeLibraries\GASGraph\Host\GraphProgramConfigLoader.cs(62,43): warning CS8625: 无法将 null 字面量转换为非 null 的引用类型。 [C:\001_AI\Ludots-gpu-commercial\src\Core\Ludots.Core.csproj]
C:\001_AI\Ludots-gpu-commercial\src\Core\Gameplay\GAS\Systems\EffectApplicationSystem.cs(137,130): warning CS8625: 无法将 null 字面量转换为非 null 的引用类型。 [C:\001_AI\Ludots-gpu-commercial\src\Core\Ludots.Core.csproj]
C:\001_AI\Ludots-gpu-commercial\src\Core\Gameplay\GAS\Systems\EffectApplicationSystem.cs(137,155): warning CS8625: 无法将 null 字面量转换为非 null 的引用类型。 [C:\001_AI\Ludots-gpu-commercial\src\Core\Ludots.Core.csproj]
C:\001_AI\Ludots-gpu-commercial\src\Core\Gameplay\GAS\Systems\EffectApplicationSystem.cs(137,209): warning CS8625: 无法将 null 字面量转换为非 null 的引用类型。 [C:\001_AI\Ludots-gpu-commercial\src\Core\Ludots.Core.csproj]
C:\001_AI\Ludots-gpu-commercial\src\Core\Gameplay\GAS\Systems\EffectApplicationSystem.cs(137,250): warning CS8625: 无法将 null 字面量转换为非 null 的引用类型。 [C:\001_AI\Ludots-gpu-commercial\src\Core\Ludots.Core.csproj]
C:\001_AI\Ludots-gpu-commercial\src\Core\Gameplay\GAS\Systems\EffectApplicationSystem.cs(137,294): warning CS8625: 无法将 null 字面量转换为非 null 的引用类型。 [C:\001_AI\Ludots-gpu-commercial\src\Core\Ludots.Core.csproj]
C:\001_AI\Ludots-gpu-commercial\src\Core\Gameplay\GAS\Systems\EffectApplicationSystem.cs(137,340): warning CS8625: 无法将 null 字面量转换为非 null 的引用类型。 [C:\001_AI\Ludots-gpu-commercial\src\Core\Ludots.Core.csproj]
C:\001_AI\Ludots-gpu-commercial\src\Core\Gameplay\GAS\Systems\EffectApplicationSystem.cs(137,394): warning CS8625: 无法将 null 字面量转换为非 null 的引用类型。 [C:\001_AI\Ludots-gpu-commercial\src\Core\Ludots.Core.csproj]
C:\001_AI\Ludots-gpu-commercial\src\Core\Gameplay\GAS\Systems\EffectApplicationSystem.cs(137,451): warning CS8625: 无法将 null 字面量转换为非 null 的引用类型。 [C:\001_AI\Ludots-gpu-commercial\src\Core\Ludots.Core.csproj]
C:\001_AI\Ludots-gpu-commercial\src\Core\Gameplay\GAS\Systems\EffectApplicationSystem.cs(137,493): warning CS8625: 无法将 null 字面量转换为非 null 的引用类型。 [C:\001_AI\Ludots-gpu-commercial\src\Core\Ludots.Core.csproj]
C:\001_AI\Ludots-gpu-commercial\src\Core\Gameplay\GAS\Systems\EffectApplicationSystem.cs(137,569): warning CS8625: 无法将 null 字面量转换为非 null 的引用类型。 [C:\001_AI\Ludots-gpu-commercial\src\Core\Ludots.Core.csproj]
C:\001_AI\Ludots-gpu-commercial\src\Core\Gameplay\GAS\Systems\EffectApplicationSystem.cs(137,591): warning CS8625: 无法将 null 字面量转换为非 null 的引用类型。 [C:\001_AI\Ludots-gpu-commercial\src\Core\Ludots.Core.csproj]
C:\001_AI\Ludots-gpu-commercial\src\Core\Gameplay\GAS\Systems\EffectApplicationSystem.cs(137,631): warning CS8625: 无法将 null 字面量转换为非 null 的引用类型。 [C:\001_AI\Ludots-gpu-commercial\src\Core\Ludots.Core.csproj]
C:\001_AI\Ludots-gpu-commercial\src\Core\Gameplay\GAS\Systems\EffectApplicationSystem.cs(137,692): warning CS8625: 无法将 null 字面量转换为非 null 的引用类型。 [C:\001_AI\Ludots-gpu-commercial\src\Core\Ludots.Core.csproj]
C:\001_AI\Ludots-gpu-commercial\src\Core\Gameplay\GAS\Systems\EffectApplicationSystem.cs(137,736): warning CS8625: 无法将 null 字面量转换为非 null 的引用类型。 [C:\001_AI\Ludots-gpu-commercial\src\Core\Ludots.Core.csproj]
C:\001_AI\Ludots-gpu-commercial\src\Core\Gameplay\GAS\Systems\EffectApplicationSystem.cs(137,780): warning CS8625: 无法将 null 字面量转换为非 null 的引用类型。 [C:\001_AI\Ludots-gpu-commercial\src\Core\Ludots.Core.csproj]
C:\001_AI\Ludots-gpu-commercial\src\Core\Gameplay\GAS\Systems\EffectApplicationSystem.cs(137,849): warning CS8625: 无法将 null 字面量转换为非 null 的引用类型。 [C:\001_AI\Ludots-gpu-commercial\src\Core\Ludots.Core.csproj]
C:\001_AI\Ludots-gpu-commercial\src\Core\Gameplay\GAS\Systems\EffectApplicationSystem.cs(137,911): warning CS8625: 无法将 null 字面量转换为非 null 的引用类型。 [C:\001_AI\Ludots-gpu-commercial\src\Core\Ludots.Core.csproj]
C:\001_AI\Ludots-gpu-commercial\src\Core\Gameplay\GAS\Systems\EffectApplicationSystem.cs(137,942): warning CS8625: 无法将 null 字面量转换为非 null 的引用类型。 [C:\001_AI\Ludots-gpu-commercial\src\Core\Ludots.Core.csproj]
C:\001_AI\Ludots-gpu-commercial\src\Core\Gameplay\GAS\Systems\EffectApplicationSystem.cs(137,979): warning CS8625: 无法将 null 字面量转换为非 null 的引用类型。 [C:\001_AI\Ludots-gpu-commercial\src\Core\Ludots.Core.csproj]
C:\001_AI\Ludots-gpu-commercial\src\Core\Gameplay\GAS\Systems\EffectApplicationSystem.cs(137,1050): warning CS8625: 无法将 null 字面量转换为非 null 的引用类型。 [C:\001_AI\Ludots-gpu-commercial\src\Core\Ludots.Core.csproj]
C:\001_AI\Ludots-gpu-commercial\src\Core\Gameplay\GAS\Systems\EffectApplicationSystem.cs(137,1105): warning CS8625: 无法将 null 字面量转换为非 null 的引用类型。 [C:\001_AI\Ludots-gpu-commercial\src\Core\Ludots.Core.csproj]
C:\001_AI\Ludots-gpu-commercial\src\Core\UI\ProductionOverview\ProductionOverviewProfileConfigLoader.cs(30,37): warning CS8625: 无法将 null 字面量转换为非 null 的引用类型。 [C:\001_AI\Ludots-gpu-commercial\src\Core\Ludots.Core.csproj]
C:\001_AI\Ludots-gpu-commercial\src\Core\UI\ProductionOverview\ProductionOverviewProfileConfigLoader.cs(31,43): warning CS8625: 无法将 null 字面量转换为非 null 的引用类型。 [C:\001_AI\Ludots-gpu-commercial\src\Core\Ludots.Core.csproj]
C:\001_AI\Ludots-gpu-commercial\src\Core\Gameplay\GAS\TagOps.cs(29,97): warning CS8625: 无法将 null 字面量转换为非 null 的引用类型。 [C:\001_AI\Ludots-gpu-commercial\src\Core\Ludots.Core.csproj]
C:\001_AI\Ludots-gpu-commercial\src\Core\Gameplay\GAS\TagOps.cs(29,152): warning CS8625: 无法将 null 字面量转换为非 null 的引用类型。 [C:\001_AI\Ludots-gpu-commercial\src\Core\Ludots.Core.csproj]
C:\001_AI\Ludots-gpu-commercial\src\Core\Presentation\Systems\PresenterEmitSystem.cs(76,59): warning CS8625: 无法将 null 字面量转换为非 null 的引用类型。 [C:\001_AI\Ludots-gpu-commercial\src\Core\Ludots.Core.csproj]
C:\001_AI\Ludots-gpu-commercial\src\Core\Presentation\Systems\PresenterEmitSystem.cs(77,48): warning CS8625: 无法将 null 字面量转换为非 null 的引用类型。 [C:\001_AI\Ludots-gpu-commercial\src\Core\Ludots.Core.csproj]
C:\001_AI\Ludots-gpu-commercial\src\Core\Commands\DelegateCommand.cs(12,16): warning CS8618: 在退出构造函数时，不可为 null 的 字段 "_syncAction" 必须包含非 null 值。请考虑添加 "required" 修饰符或将该 字段 声明为可为 null。 [C:\001_AI\Ludots-gpu-commercial\src\Core\Ludots.Core.csproj]
C:\001_AI\Ludots-gpu-commercial\src\Core\Commands\DelegateCommand.cs(17,16): warning CS8618: 在退出构造函数时，不可为 null 的 字段 "_asyncAction" 必须包含非 null 值。请考虑添加 "required" 修饰符或将该 字段 声明为可为 null。 [C:\001_AI\Ludots-gpu-commercial\src\Core\Ludots.Core.csproj]
C:\001_AI\Ludots-gpu-commercial\src\Core\Collections\Fix64PriorityQueue.cs(48,26): warning CS8601: 可能的 null 引用赋值。 [C:\001_AI\Ludots-gpu-commercial\src\Core\Ludots.Core.csproj]
C:\001_AI\Ludots-gpu-commercial\src\Core\Collections\PriorityQueue.cs(78,26): warning CS8601: 可能的 null 引用赋值。 [C:\001_AI\Ludots-gpu-commercial\src\Core\Ludots.Core.csproj]
C:\001_AI\Ludots-gpu-commercial\src\Core\Commands\ShowUiCommand.cs(11,23): warning CS8618: 在退出构造函数时，不可为 null 的 属性 "Html" 必须包含非 null 值。请考虑添加 "required" 修饰符或将该 属性 声明为可为 null。 [C:\001_AI\Ludots-gpu-commercial\src\Core\Ludots.Core.csproj]
C:\001_AI\Ludots-gpu-commercial\src\Core\Commands\ShowUiCommand.cs(12,23): warning CS8618: 在退出构造函数时，不可为 null 的 属性 "Css" 必须包含非 null 值。请考虑添加 "required" 修饰符或将该 属性 声明为可为 null。 [C:\001_AI\Ludots-gpu-commercial\src\Core\Ludots.Core.csproj]
C:\001_AI\Ludots-gpu-commercial\src\Core\Commands\LoadMapCommand.cs(24,26): warning CS0618: “ScriptContextExtensions.GetEngine(ScriptContext)”已过时:“Do not take the concrete GameEngine from ScriptContext. Use IModContext and existing ScriptContext ports (GetWorld, CoreServiceKeys). Do not add new call sites.” [C:\001_AI\Ludots-gpu-commercial\src\Core\Ludots.Core.csproj]
C:\001_AI\Ludots-gpu-commercial\src\Core\Commands\LoadMapCommand.cs(13,23): warning CS8618: 在退出构造函数时，不可为 null 的 属性 "MapId" 必须包含非 null 值。请考虑添加 "required" 修饰符或将该 属性 声明为可为 null。 [C:\001_AI\Ludots-gpu-commercial\src\Core\Ludots.Core.csproj]
C:\001_AI\Ludots-gpu-commercial\src\Core\Client\PresentBindingPresentation.cs(66,54): warning CS8604: “bool PresentBindingPresentation.TryEnsureAllPresentBindings(GameEngine engine, IViewController hostView, out PresentBinding firstBinding)”中的形参“hostView”可能传入 null 引用实参。 [C:\001_AI\Ludots-gpu-commercial\src\Core\Ludots.Core.csproj]
C:\001_AI\Ludots-gpu-commercial\src\Core\Client\PresentBindingPresentation.cs(75,58): warning CS8604: “void CameraPresenter.Update(CameraManager cameraManager, float interpolationAlpha, RenderCameraDebugState cameraDebug = null)”中的形参“cameraDebug”可能传入 null 引用实参。 [C:\001_AI\Ludots-gpu-commercial\src\Core\Ludots.Core.csproj]
C:\001_AI\Ludots-gpu-commercial\src\Core\Config\ConfigConflictReport.cs(61,68): warning CS8601: 可能的 null 引用赋值。 [C:\001_AI\Ludots-gpu-commercial\src\Core\Ludots.Core.csproj]
C:\001_AI\Ludots-gpu-commercial\src\Core\Fields\Config\FieldRegionEmissionLoader.cs(51,100): warning CS8604: “IReadOnlyList<MergedConfigEntry> ConfigPipeline.MergeArrayByIdFromCatalog(in ConfigCatalogEntry entry, ConfigConflictReport report = null)”中的形参“report”可能传入 null 引用实参。 [C:\001_AI\Ludots-gpu-commercial\src\Core\Ludots.Core.csproj]
C:\001_AI\Ludots-gpu-commercial\src\Core\Engine\TimeFlow\TimeFlowService.cs(80,30): warning CS8625: 无法将 null 字面量转换为非 null 的引用类型。 [C:\001_AI\Ludots-gpu-commercial\src\Core\Ludots.Core.csproj]
C:\001_AI\Ludots-gpu-commercial\src\Core\Config\ComponentRegistry.cs(71,71): warning CS8625: 无法将 null 字面量转换为非 null 的引用类型。 [C:\001_AI\Ludots-gpu-commercial\src\Core\Ludots.Core.csproj]
C:\001_AI\Ludots-gpu-commercial\src\Core\Config\ComponentRegistry.cs(74,53): warning CS8625: 无法将 null 字面量转换为非 null 的引用类型。 [C:\001_AI\Ludots-gpu-commercial\src\Core\Ludots.Core.csproj]
C:\001_AI\Ludots-gpu-commercial\src\Core\Config\ComponentRegistry.cs(75,51): warning CS8625: 无法将 null 字面量转换为非 null 的引用类型。 [C:\001_AI\Ludots-gpu-commercial\src\Core\Ludots.Core.csproj]
C:\001_AI\Ludots-gpu-commercial\src\Core\Config\ComponentRegistry.cs(76,43): warning CS8625: 无法将 null 字面量转换为非 null 的引用类型。 [C:\001_AI\Ludots-gpu-commercial\src\Core\Ludots.Core.csproj]
C:\001_AI\Ludots-gpu-commercial\src\Core\Config\ComponentRegistry.cs(77,73): warning CS8625: 无法将 null 字面量转换为非 null 的引用类型。 [C:\001_AI\Ludots-gpu-commercial\src\Core\Ludots.Core.csproj]
C:\001_AI\Ludots-gpu-commercial\src\Core\Config\ComponentRegistry.cs(79,63): warning CS8625: 无法将 null 字面量转换为非 null 的引用类型。 [C:\001_AI\Ludots-gpu-commercial\src\Core\Ludots.Core.csproj]
C:\001_AI\Ludots-gpu-commercial\src\Core\Config\ComponentRegistry.cs(80,87): warning CS8625: 无法将 null 字面量转换为非 null 的引用类型。 [C:\001_AI\Ludots-gpu-commercial\src\Core\Ludots.Core.csproj]
C:\001_AI\Ludots-gpu-commercial\src\Core\Config\ComponentRegistry.cs(81,67): warning CS8625: 无法将 null 字面量转换为非 null 的引用类型。 [C:\001_AI\Ludots-gpu-commercial\src\Core\Ludots.Core.csproj]
C:\001_AI\Ludots-gpu-commercial\src\Core\Config\ComponentRegistry.cs(88,59): warning CS8625: 无法将 null 字面量转换为非 null 的引用类型。 [C:\001_AI\Ludots-gpu-commercial\src\Core\Ludots.Core.csproj]
C:\001_AI\Ludots-gpu-commercial\src\Core\Config\ComponentRegistry.cs(95,53): warning CS8625: 无法将 null 字面量转换为非 null 的引用类型。 [C:\001_AI\Ludots-gpu-commercial\src\Core\Ludots.Core.csproj]
C:\001_AI\Ludots-gpu-commercial\src\Core\Config\ComponentRegistry.cs(99,87): warning CS8625: 无法将 null 字面量转换为非 null 的引用类型。 [C:\001_AI\Ludots-gpu-commercial\src\Core\Ludots.Core.csproj]
C:\001_AI\Ludots-gpu-commercial\src\Core\Config\ComponentRegistry.cs(101,61): warning CS8625: 无法将 null 字面量转换为非 null 的引用类型。 [C:\001_AI\Ludots-gpu-commercial\src\Core\Ludots.Core.csproj]
C:\001_AI\Ludots-gpu-commercial\src\Core\Config\ComponentRegistry.cs(102,57): warning CS8625: 无法将 null 字面量转换为非 null 的引用类型。 [C:\001_AI\Ludots-gpu-commercial\src\Core\Ludots.Core.csproj]
C:\001_AI\Ludots-gpu-commercial\src\Core\Config\ComponentRegistry.cs(103,59): warning CS8625: 无法将 null 字面量转换为非 null 的引用类型。 [C:\001_AI\Ludots-gpu-commercial\src\Core\Ludots.Core.csproj]
C:\001_AI\Ludots-gpu-commercial\src\Core\Config\ComponentRegistry.cs(104,59): warning CS8625: 无法将 null 字面量转换为非 null 的引用类型。 [C:\001_AI\Ludots-gpu-commercial\src\Core\Ludots.Core.csproj]
C:\001_AI\Ludots-gpu-commercial\src\Core\Config\ComponentRegistry.cs(105,75): warning CS8625: 无法将 null 字面量转换为非 null 的引用类型。 [C:\001_AI\Ludots-gpu-commercial\src\Core\Ludots.Core.csproj]
C:\001_AI\Ludots-gpu-commercial\src\Core\Config\ComponentRegistry.cs(106,77): warning CS8625: 无法将 null 字面量转换为非 null 的引用类型。 [C:\001_AI\Ludots-gpu-commercial\src\Core\Ludots.Core.csproj]
C:\001_AI\Ludots-gpu-commercial\src\Core\Config\ComponentRegistry.cs(116,49): warning CS8625: 无法将 null 字面量转换为非 null 的引用类型。 [C:\001_AI\Ludots-gpu-commercial\src\Core\Ludots.Core.csproj]
C:\001_AI\Ludots-gpu-commercial\src\Core\Config\ComponentRegistry.cs(134,69): warning CS8625: 无法将 null 字面量转换为非 null 的引用类型。 [C:\001_AI\Ludots-gpu-commercial\src\Core\Ludots.Core.csproj]
C:\001_AI\Ludots-gpu-commercial\src\Core\Config\ComponentRegistry.cs(135,73): warning CS8625: 无法将 null 字面量转换为非 null 的引用类型。 [C:\001_AI\Ludots-gpu-commercial\src\Core\Ludots.Core.csproj]
C:\001_AI\Ludots-gpu-commercial\src\Core\Config\ComponentRegistry.cs(137,73): warning CS8625: 无法将 null 字面量转换为非 null 的引用类型。 [C:\001_AI\Ludots-gpu-commercial\src\Core\Ludots.Core.csproj]
C:\001_AI\Ludots-gpu-commercial\src\Core\Config\ComponentRegistry.cs(55,16): warning CS8618: 在退出构造函数时，不可为 null 的 字段 "_conflictReport" 必须包含非 null 值。请考虑添加 "required" 修饰符或将该 字段 声明为可为 null。 [C:\001_AI\Ludots-gpu-commercial\src\Core\Ludots.Core.csproj]
C:\001_AI\Ludots-gpu-commercial\src\Core\Gameplay\Teams\TeamManager.cs(17,23): warning CS8618: 在退出构造函数时，不可为 null 的 属性 "Attitude" 必须包含非 null 值。请考虑添加 "required" 修饰符或将该 属性 声明为可为 null。 [C:\001_AI\Ludots-gpu-commercial\src\Core\Ludots.Core.csproj]
C:\001_AI\Ludots-gpu-commercial\src\Core\Client\PresentBindingPresentation.cs(174,54): warning CS8604: “bool PresentBindingPresentation.TryEnsureAllPresentBindings(GameEngine engine, IViewController hostView, out PresentBinding firstBinding)”中的形参“hostView”可能传入 null 引用实参。 [C:\001_AI\Ludots-gpu-commercial\src\Core\Ludots.Core.csproj]
C:\001_AI\Ludots-gpu-commercial\src\Core\Client\PresentBindingPresentation.cs(196,62): warning CS8604: “void CameraPresenter.Update(CameraManager cameraManager, float interpolationAlpha, RenderCameraDebugState cameraDebug = null)”中的形参“cameraDebug”可能传入 null 引用实参。 [C:\001_AI\Ludots-gpu-commercial\src\Core\Ludots.Core.csproj]
C:\001_AI\Ludots-gpu-commercial\src\Core\Client\PresentBindingPresentation.cs(210,67): warning CS8604: “void CameraPresenter.Update(CameraManager cameraManager, float interpolationAlpha, RenderCameraDebugState cameraDebug = null)”中的形参“cameraDebug”可能传入 null 引用实参。 [C:\001_AI\Ludots-gpu-commercial\src\Core\Ludots.Core.csproj]
C:\001_AI\Ludots-gpu-commercial\src\Core\GraphRuntime\TriggerGraphEntryFiltersEvaluator.cs(113,21): warning CS8601: 可能的 null 引用赋值。 [C:\001_AI\Ludots-gpu-commercial\src\Core\Ludots.Core.csproj]
C:\001_AI\Ludots-gpu-commercial\src\Core\Client\PresentBindingPresentation.cs(247,58): warning CS8604: “void CameraPresenter.Update(CameraManager cameraManager, float interpolationAlpha, RenderCameraDebugState cameraDebug = null)”中的形参“cameraDebug”可能传入 null 引用实参。 [C:\001_AI\Ludots-gpu-commercial\src\Core\Ludots.Core.csproj]
C:\001_AI\Ludots-gpu-commercial\src\Core\Config\EntityBuilder.cs(22,16): warning CS8618: 在退出构造函数时，不可为 null 的 字段 "_activeTemplate" 必须包含非 null 值。请考虑添加 "required" 修饰符或将该 字段 声明为可为 null。 [C:\001_AI\Ludots-gpu-commercial\src\Core\Ludots.Core.csproj]
C:\001_AI\Ludots-gpu-commercial\src\Core\Config\EntityBuilder.cs(22,16): warning CS8618: 在退出构造函数时，不可为 null 的 字段 "_activeTemplateId" 必须包含非 null 值。请考虑添加 "required" 修饰符或将该 字段 声明为可为 null。 [C:\001_AI\Ludots-gpu-commercial\src\Core\Ludots.Core.csproj]
C:\001_AI\Ludots-gpu-commercial\src\Core\Config\EntityBuilder.cs(22,16): warning CS8618: 在退出构造函数时，不可为 null 的 字段 "_activeEntityContext" 必须包含非 null 值。请考虑添加 "required" 修饰符或将该 字段 声明为可为 null。 [C:\001_AI\Ludots-gpu-commercial\src\Core\Ludots.Core.csproj]
C:\001_AI\Ludots-gpu-commercial\src\Core\Config\EntityBuilder.cs(34,16): warning CS8618: 在退出构造函数时，不可为 null 的 字段 "_templateSources" 必须包含非 null 值。请考虑添加 "required" 修饰符或将该 字段 声明为可为 null。 [C:\001_AI\Ludots-gpu-commercial\src\Core\Ludots.Core.csproj]
C:\001_AI\Ludots-gpu-commercial\src\Core\Config\EntityBuilder.cs(34,16): warning CS8618: 在退出构造函数时，不可为 null 的 字段 "_activeTemplate" 必须包含非 null 值。请考虑添加 "required" 修饰符或将该 字段 声明为可为 null。 [C:\001_AI\Ludots-gpu-commercial\src\Core\Ludots.Core.csproj]
C:\001_AI\Ludots-gpu-commercial\src\Core\Config\EntityBuilder.cs(34,16): warning CS8618: 在退出构造函数时，不可为 null 的 字段 "_activeTemplateId" 必须包含非 null 值。请考虑添加 "required" 修饰符或将该 字段 声明为可为 null。 [C:\001_AI\Ludots-gpu-commercial\src\Core\Ludots.Core.csproj]
C:\001_AI\Ludots-gpu-commercial\src\Core\Config\EntityBuilder.cs(34,16): warning CS8618: 在退出构造函数时，不可为 null 的 字段 "_activeEntityContext" 必须包含非 null 值。请考虑添加 "required" 修饰符或将该 字段 声明为可为 null。 [C:\001_AI\Ludots-gpu-commercial\src\Core\Ludots.Core.csproj]
C:\001_AI\Ludots-gpu-commercial\src\Core\Fields\FieldSessionStore.cs(43,51): warning CS8600: 将 null 文本或可能的 null 值转换为不可为 null 类型。 [C:\001_AI\Ludots-gpu-commercial\src\Core\Ludots.Core.csproj]
C:\001_AI\Ludots-gpu-commercial\src\Core\Client\PresentBindingPresentation.cs(328,54): warning CS8604: “bool PresentBindingPresentation.TryEnsureAllPresentBindings(GameEngine engine, IViewController hostView, out PresentBinding firstBinding)”中的形参“hostView”可能传入 null 引用实参。 [C:\001_AI\Ludots-gpu-commercial\src\Core\Ludots.Core.csproj]
C:\001_AI\Ludots-gpu-commercial\src\Core\Fields\Config\FieldLayerConfigLoader.cs(28,53): warning CS8604: “ConfigCatalogEntry ConfigPipeline.RequireEntry(ConfigCatalog catalog, string path, ConfigMergePolicy defaultPolicy, string defaultIdField = "id")”中的形参“catalog”可能传入 null 引用实参。 [C:\001_AI\Ludots-gpu-commercial\src\Core\Ludots.Core.csproj]
C:\001_AI\Ludots-gpu-commercial\src\Core\Fields\Config\FieldLayerConfigLoader.cs(29,72): warning CS8604: “IReadOnlyList<MergedConfigEntry> ConfigPipeline.MergeArrayByIdFromCatalog(in ConfigCatalogEntry entry, ConfigConflictReport report = null)”中的形参“report”可能传入 null 引用实参。 [C:\001_AI\Ludots-gpu-commercial\src\Core\Ludots.Core.csproj]
C:\001_AI\Ludots-gpu-commercial\src\Core\Config\EntityBuilder.cs(115,31): warning CS8625: 无法将 null 字面量转换为非 null 的引用类型。 [C:\001_AI\Ludots-gpu-commercial\src\Core\Ludots.Core.csproj]
C:\001_AI\Ludots-gpu-commercial\src\Core\Config\EntityBuilder.cs(116,33): warning CS8625: 无法将 null 字面量转换为非 null 的引用类型。 [C:\001_AI\Ludots-gpu-commercial\src\Core\Ludots.Core.csproj]
C:\001_AI\Ludots-gpu-commercial\src\Core\Config\EntityBuilder.cs(117,36): warning CS8625: 无法将 null 字面量转换为非 null 的引用类型。 [C:\001_AI\Ludots-gpu-commercial\src\Core\Ludots.Core.csproj]
C:\001_AI\Ludots-gpu-commercial\src\Core\Config\ConfigMerger.cs(93,82): warning CS8625: 无法将 null 字面量转换为非 null 的引用类型。 [C:\001_AI\Ludots-gpu-commercial\src\Core\Ludots.Core.csproj]
C:\001_AI\Ludots-gpu-commercial\src\Core\Config\ConfigMerger.cs(110,69): warning CS8604: “List<MergedConfigEntry> ConfigMerger.MergeArrayByIdToEntriesCore(IReadOnlyList<ConfigFragment> fragments, in ConfigCatalogEntry entry, ConfigConflictReport report)”中的形参“report”可能传入 null 引用实参。 [C:\001_AI\Ludots-gpu-commercial\src\Core\Ludots.Core.csproj]
C:\001_AI\Ludots-gpu-commercial\src\Core\Config\ComponentRegistry.cs(219,36): warning CS8625: 无法将 null 字面量转换为非 null 的引用类型。 [C:\001_AI\Ludots-gpu-commercial\src\Core\Ludots.Core.csproj]
C:\001_AI\Ludots-gpu-commercial\src\Core\Config\ConfigPipeline.cs(176,24): warning CS8603: 可能返回 null 引用。 [C:\001_AI\Ludots-gpu-commercial\src\Core\Ludots.Core.csproj]
C:\001_AI\Ludots-gpu-commercial\src\Core\Config\EntityTemplate.cs(10,23): warning CS8618: 在退出构造函数时，不可为 null 的 属性 "Id" 必须包含非 null 值。请考虑添加 "required" 修饰符或将该 属性 声明为可为 null。 [C:\001_AI\Ludots-gpu-commercial\src\Core\Ludots.Core.csproj]
C:\001_AI\Ludots-gpu-commercial\src\Core\Config\EntityTemplate.cs(13,23): warning CS8618: 在退出构造函数时，不可为 null 的 属性 "OnSpawnEffect" 必须包含非 null 值。请考虑添加 "required" 修饰符或将该 属性 声明为可为 null。 [C:\001_AI\Ludots-gpu-commercial\src\Core\Ludots.Core.csproj]
C:\001_AI\Ludots-gpu-commercial\src\Core\Config\EntityBuilder.cs(174,102): warning CS8600: 将 null 文本或可能的 null 值转换为不可为 null 类型。 [C:\001_AI\Ludots-gpu-commercial\src\Core\Ludots.Core.csproj]
C:\001_AI\Ludots-gpu-commercial\src\Core\Config\ConfigMerger.cs(203,39): warning CS8600: 将 null 文本或可能的 null 值转换为不可为 null 类型。 [C:\001_AI\Ludots-gpu-commercial\src\Core\Ludots.Core.csproj]
C:\001_AI\Ludots-gpu-commercial\src\Core\Config\EntityTemplate.cs(48,23): warning CS8618: 在退出构造函数时，不可为 null 的 属性 "Template" 必须包含非 null 值。请考虑添加 "required" 修饰符或将该 属性 声明为可为 null。 [C:\001_AI\Ludots-gpu-commercial\src\Core\Ludots.Core.csproj]
C:\001_AI\Ludots-gpu-commercial\src\Core\Fields\Config\FieldHierarchyConfigLoader.cs(37,72): warning CS8604: “IReadOnlyList<MergedConfigEntry> ConfigPipeline.MergeArrayByIdFromCatalog(in ConfigCatalogEntry entry, ConfigConflictReport report = null)”中的形参“report”可能传入 null 引用实参。 [C:\001_AI\Ludots-gpu-commercial\src\Core\Ludots.Core.csproj]
C:\001_AI\Ludots-gpu-commercial\src\Core\Gameplay\Dialogue\DialogueConfigLoader.cs(32,53): warning CS8604: “ConfigCatalogEntry ConfigPipeline.RequireEntry(ConfigCatalog catalog, string path, ConfigMergePolicy defaultPolicy, string defaultIdField = "id")”中的形参“catalog”可能传入 null 引用实参。 [C:\001_AI\Ludots-gpu-commercial\src\Core\Ludots.Core.csproj]
C:\001_AI\Ludots-gpu-commercial\src\Core\Gameplay\Dialogue\DialogueConfigLoader.cs(33,72): warning CS8604: “IReadOnlyList<MergedConfigEntry> ConfigPipeline.MergeArrayByIdFromCatalog(in ConfigCatalogEntry entry, ConfigConflictReport report = null)”中的形参“report”可能传入 null 引用实参。 [C:\001_AI\Ludots-gpu-commercial\src\Core\Ludots.Core.csproj]
C:\001_AI\Ludots-gpu-commercial\src\Core\Config\DataRegistry.cs(71,20): warning CS8603: 可能返回 null 引用。 [C:\001_AI\Ludots-gpu-commercial\src\Core\Ludots.Core.csproj]
C:\001_AI\Ludots-gpu-commercial\src\Core\Gameplay\Exchange\ExchangeConfigLoader.cs(50,53): warning CS8604: “ConfigCatalogEntry ConfigPipeline.RequireEntry(ConfigCatalog catalog, string path, ConfigMergePolicy defaultPolicy, string defaultIdField = "id")”中的形参“catalog”可能传入 null 引用实参。 [C:\001_AI\Ludots-gpu-commercial\src\Core\Ludots.Core.csproj]
C:\001_AI\Ludots-gpu-commercial\src\Core\Gameplay\Exchange\ExchangeConfigLoader.cs(51,72): warning CS8604: “IReadOnlyList<MergedConfigEntry> ConfigPipeline.MergeArrayByIdFromCatalog(in ConfigCatalogEntry entry, ConfigConflictReport report = null)”中的形参“report”可能传入 null 引用实参。 [C:\001_AI\Ludots-gpu-commercial\src\Core\Ludots.Core.csproj]
C:\001_AI\Ludots-gpu-commercial\src\Core\Config\GameConfig.cs(28,23): warning CS8618: 在退出构造函数时，不可为 null 的 属性 "DefaultCoreMod" 必须包含非 null 值。请考虑添加 "required" 修饰符或将该 属性 声明为可为 null。 [C:\001_AI\Ludots-gpu-commercial\src\Core\Ludots.Core.csproj]
C:\001_AI\Ludots-gpu-commercial\src\Core\Config\GameConfig.cs(33,23): warning CS8618: 在退出构造函数时，不可为 null 的 属性 "StartupMapId" 必须包含非 null 值。请考虑添加 "required" 修饰符或将该 属性 声明为可为 null。 [C:\001_AI\Ludots-gpu-commercial\src\Core\Ludots.Core.csproj]
C:\001_AI\Ludots-gpu-commercial\src\Core\Config\MapConfig.cs(133,23): warning CS8618: 在退出构造函数时，不可为 null 的 属性 "VirtualCameraId" 必须包含非 null 值。请考虑添加 "required" 修饰符或将该 属性 声明为可为 null。 [C:\001_AI\Ludots-gpu-commercial\src\Core\Ludots.Core.csproj]
C:\001_AI\Ludots-gpu-commercial\src\Core\Config\MapConfig.cs(17,23): warning CS8618: 在退出构造函数时，不可为 null 的 属性 "Id" 必须包含非 null 值。请考虑添加 "required" 修饰符或将该 属性 声明为可为 null。 [C:\001_AI\Ludots-gpu-commercial\src\Core\Ludots.Core.csproj]
C:\001_AI\Ludots-gpu-commercial\src\Core\Config\MapConfig.cs(18,23): warning CS8618: 在退出构造函数时，不可为 null 的 属性 "ParentId" 必须包含非 null 值。请考虑添加 "required" 修饰符或将该 属性 声明为可为 null。 [C:\001_AI\Ludots-gpu-commercial\src\Core\Ludots.Core.csproj]
C:\001_AI\Ludots-gpu-commercial\src\Core\Config\MapConfig.cs(20,23): warning CS8618: 在退出构造函数时，不可为 null 的 属性 "ContinuousHeightmapAsset" 必须包含非 null 值。请考虑添加 "required" 修饰符或将该 属性 声明为可为 null。 [C:\001_AI\Ludots-gpu-commercial\src\Core\Ludots.Core.csproj]
C:\001_AI\Ludots-gpu-commercial\src\Core\Config\MapConfig.cs(26,49): warning CS8618: 在退出构造函数时，不可为 null 的 属性 "TerrainPresentation" 必须包含非 null 值。请考虑添加 "required" 修饰符或将该 属性 声明为可为 null。 [C:\001_AI\Ludots-gpu-commercial\src\Core\Ludots.Core.csproj]
C:\001_AI\Ludots-gpu-commercial\src\Core\Config\MapConfig.cs(53,49): warning CS8618: 在退出构造函数时，不可为 null 的 属性 "ContinuousHeightmap" 必须包含非 null 值。请考虑添加 "required" 修饰符或将该 属性 声明为可为 null。 [C:\001_AI\Ludots-gpu-commercial\src\Core\Ludots.Core.csproj]
C:\001_AI\Ludots-gpu-commercial\src\Core\Config\MapConfig.cs(64,25): warning CS8618: 在退出构造函数时，不可为 null 的 属性 "TriggerGraphs" 必须包含非 null 值。请考虑添加 "required" 修饰符或将该 属性 声明为可为 null。 [C:\001_AI\Ludots-gpu-commercial\src\Core\Ludots.Core.csproj]
C:\001_AI\Ludots-gpu-commercial\src\Core\Config\MapConfig.cs(84,23): warning CS8618: 在退出构造函数时，不可为 null 的 属性 "InstanceExposure" 必须包含非 null 值。请考虑添加 "required" 修饰符或将该 属性 声明为可为 null。 [C:\001_AI\Ludots-gpu-commercial\src\Core\Ludots.Core.csproj]
C:\001_AI\Ludots-gpu-commercial\src\Core\Config\MapConfig.cs(96,62): warning CS8618: 在退出构造函数时，不可为 null 的 属性 "DeathRule" 必须包含非 null 值。请考虑添加 "required" 修饰符或将该 属性 声明为可为 null。 [C:\001_AI\Ludots-gpu-commercial\src\Core\Ludots.Core.csproj]
C:\001_AI\Ludots-gpu-commercial\src\Core\Config\MapConfig.cs(103,29): warning CS8618: 在退出构造函数时，不可为 null 的 属性 "DefaultCamera" 必须包含非 null 值。请考虑添加 "required" 修饰符或将该 属性 声明为可为 null。 [C:\001_AI\Ludots-gpu-commercial\src\Core\Ludots.Core.csproj]
C:\001_AI\Ludots-gpu-commercial\src\Core\Config\MapConfig.cs(110,32): warning CS8618: 在退出构造函数时，不可为 null 的 属性 "Fields" 必须包含非 null 值。请考虑添加 "required" 修饰符或将该 属性 声明为可为 null。 [C:\001_AI\Ludots-gpu-commercial\src\Core\Ludots.Core.csproj]
C:\001_AI\Ludots-gpu-commercial\src\Core\Gameplay\Exchange\ExchangeConfigLoader.cs(92,53): warning CS8604: “ConfigCatalogEntry ConfigPipeline.RequireEntry(ConfigCatalog catalog, string path, ConfigMergePolicy defaultPolicy, string defaultIdField = "id")”中的形参“catalog”可能传入 null 引用实参。 [C:\001_AI\Ludots-gpu-commercial\src\Core\Ludots.Core.csproj]
C:\001_AI\Ludots-gpu-commercial\src\Core\Gameplay\Exchange\ExchangeConfigLoader.cs(93,72): warning CS8604: “IReadOnlyList<MergedConfigEntry> ConfigPipeline.MergeArrayByIdFromCatalog(in ConfigCatalogEntry entry, ConfigConflictReport report = null)”中的形参“report”可能传入 null 引用实参。 [C:\001_AI\Ludots-gpu-commercial\src\Core\Ludots.Core.csproj]
C:\001_AI\Ludots-gpu-commercial\src\Core\Config\MapConfig.cs(145,23): warning CS8618: 在退出构造函数时，不可为 null 的 属性 "InstanceId" 必须包含非 null 值。请考虑添加 "required" 修饰符或将该 属性 声明为可为 null。 [C:\001_AI\Ludots-gpu-commercial\src\Core\Ludots.Core.csproj]
C:\001_AI\Ludots-gpu-commercial\src\Core\Config\MapConfig.cs(146,23): warning CS8618: 在退出构造函数时，不可为 null 的 属性 "Template" 必须包含非 null 值。请考虑添加 "required" 修饰符或将该 属性 声明为可为 null。 [C:\001_AI\Ludots-gpu-commercial\src\Core\Ludots.Core.csproj]
C:\001_AI\Ludots-gpu-commercial\src\Core\Config\MapConfig.cs(155,45): warning CS8618: 在退出构造函数时，不可为 null 的 属性 "Overrides" 必须包含非 null 值。请考虑添加 "required" 修饰符或将该 属性 声明为可为 null。 [C:\001_AI\Ludots-gpu-commercial\src\Core\Ludots.Core.csproj]
C:\001_AI\Ludots-gpu-commercial\src\Core\Config\MapConfig.cs(169,23): warning CS8618: 在退出构造函数时，不可为 null 的 属性 "RepresentativeInstanceId" 必须包含非 null 值。请考虑添加 "required" 修饰符或将该 属性 声明为可为 null。 [C:\001_AI\Ludots-gpu-commercial\src\Core\Ludots.Core.csproj]
C:\001_AI\Ludots-gpu-commercial\src\Core\Map\WorldMap.cs(27,16): warning CS8618: 在退出构造函数时，不可为 null 的 字段 "_tiles" 必须包含非 null 值。请考虑添加 "required" 修饰符或将该 字段 声明为可为 null。 [C:\001_AI\Ludots-gpu-commercial\src\Core\Ludots.Core.csproj]
C:\001_AI\Ludots-gpu-commercial\src\Core\Map\WorldMap.cs(44,24): warning CS8603: 可能返回 null 引用。 [C:\001_AI\Ludots-gpu-commercial\src\Core\Ludots.Core.csproj]
C:\001_AI\Ludots-gpu-commercial\src\Core\Map\Board\BoardConfig.cs(87,31): warning CS8601: 可能的 null 引用赋值。 [C:\001_AI\Ludots-gpu-commercial\src\Core\Ludots.Core.csproj]
C:\001_AI\Ludots-gpu-commercial\src\Core\Config\ComponentRegistry.cs(424,90): warning CS8625: 无法将 null 字面量转换为非 null 的引用类型。 [C:\001_AI\Ludots-gpu-commercial\src\Core\Ludots.Core.csproj]
C:\001_AI\Ludots-gpu-commercial\src\Core\Map\Board\BoardConfig.cs(37,23): warning CS8618: 在退出构造函数时，不可为 null 的 属性 "DataFile" 必须包含非 null 值。请考虑添加 "required" 修饰符或将该 属性 声明为可为 null。 [C:\001_AI\Ludots-gpu-commercial\src\Core\Ludots.Core.csproj]
C:\001_AI\Ludots-gpu-commercial\src\Core\Map\Board\BoardConfig.cs(39,23): warning CS8618: 在退出构造函数时，不可为 null 的 属性 "ContinuousHeightmapAsset" 必须包含非 null 值。请考虑添加 "required" 修饰符或将该 属性 声明为可为 null。 [C:\001_AI\Ludots-gpu-commercial\src\Core\Ludots.Core.csproj]
C:\001_AI\Ludots-gpu-commercial\src\Core\Map\Board\BoardConfig.cs(62,34): warning CS8618: 在退出构造函数时，不可为 null 的 属性 "NavTileGrid" 必须包含非 null 值。请考虑添加 "required" 修饰符或将该 属性 声明为可为 null。 [C:\001_AI\Ludots-gpu-commercial\src\Core\Ludots.Core.csproj]
C:\001_AI\Ludots-gpu-commercial\src\Core\Config\ComponentRegistry.cs(434,66): warning CS8625: 无法将 null 字面量转换为非 null 的引用类型。 [C:\001_AI\Ludots-gpu-commercial\src\Core\Ludots.Core.csproj]
C:\001_AI\Ludots-gpu-commercial\src\Core\Map\Board\BoardIdRegistry.cs(39,24): warning CS8603: 可能返回 null 引用。 [C:\001_AI\Ludots-gpu-commercial\src\Core\Ludots.Core.csproj]
C:\001_AI\Ludots-gpu-commercial\src\Core\Map\Board\HexGridBoard.cs(31,16): warning CS8618: 在退出构造函数时，不可为 null 的 属性 "VertexMap" 必须包含非 null 值。请考虑添加 "required" 修饰符或将该 属性 声明为可为 null。 [C:\001_AI\Ludots-gpu-commercial\src\Core\Ludots.Core.csproj]
C:\001_AI\Ludots-gpu-commercial\src\Core\Map\Board\HexGridBoard.cs(31,16): warning CS8618: 在退出构造函数时，不可为 null 的 属性 "LogicTerrain" 必须包含非 null 值。请考虑添加 "required" 修饰符或将该 属性 声明为可为 null。 [C:\001_AI\Ludots-gpu-commercial\src\Core\Ludots.Core.csproj]
C:\001_AI\Ludots-gpu-commercial\src\Core\Map\Board\HexGridBoard.cs(31,16): warning CS8618: 在退出构造函数时，不可为 null 的 属性 "NavServices" 必须包含非 null 值。请考虑添加 "required" 修饰符或将该 属性 声明为可为 null。 [C:\001_AI\Ludots-gpu-commercial\src\Core\Ludots.Core.csproj]
C:\001_AI\Ludots-gpu-commercial\src\Core\Map\Board\GridBoard.cs(31,16): warning CS8618: 在退出构造函数时，不可为 null 的 属性 "VertexMap" 必须包含非 null 值。请考虑添加 "required" 修饰符或将该 属性 声明为可为 null。 [C:\001_AI\Ludots-gpu-commercial\src\Core\Ludots.Core.csproj]
C:\001_AI\Ludots-gpu-commercial\src\Core\Map\Board\GridBoard.cs(31,16): warning CS8618: 在退出构造函数时，不可为 null 的 属性 "LogicTerrain" 必须包含非 null 值。请考虑添加 "required" 修饰符或将该 属性 声明为可为 null。 [C:\001_AI\Ludots-gpu-commercial\src\Core\Ludots.Core.csproj]
C:\001_AI\Ludots-gpu-commercial\src\Core\Map\Board\GridBoard.cs(31,16): warning CS8618: 在退出构造函数时，不可为 null 的 属性 "NavServices" 必须包含非 null 值。请考虑添加 "required" 修饰符或将该 属性 声明为可为 null。 [C:\001_AI\Ludots-gpu-commercial\src\Core\Ludots.Core.csproj]
C:\001_AI\Ludots-gpu-commercial\src\Core\Map\MapSessionManager.cs(32,52): warning CS8603: 可能返回 null 引用。 [C:\001_AI\Ludots-gpu-commercial\src\Core\Ludots.Core.csproj]
C:\001_AI\Ludots-gpu-commercial\src\Core\Map\MapSessionManager.cs(34,24): warning CS8603: 可能返回 null 引用。 [C:\001_AI\Ludots-gpu-commercial\src\Core\Ludots.Core.csproj]
C:\001_AI\Ludots-gpu-commercial\src\Core\Map\MapContext.cs(30,21): warning CS8601: 可能的 null 引用赋值。 [C:\001_AI\Ludots-gpu-commercial\src\Core\Ludots.Core.csproj]
C:\001_AI\Ludots-gpu-commercial\src\Core\Hosting\GameBootstrapper.cs(86,35): warning CS8600: 将 null 文本或可能的 null 值转换为不可为 null 类型。 [C:\001_AI\Ludots-gpu-commercial\src\Core\Ludots.Core.csproj]
C:\001_AI\Ludots-gpu-commercial\src\Core\Config\MapConfig.cs(162,23): warning CS8618: 在退出构造函数时，不可为 null 的 属性 "RepresentativeInstanceId" 必须包含非 null 值。请考虑添加 "required" 修饰符或将该 属性 声明为可为 null。 [C:\001_AI\Ludots-gpu-commercial\src\Core\Ludots.Core.csproj]
C:\001_AI\Ludots-gpu-commercial\src\Core\Input\Systems\AxisMoveOrderSystem.cs(148,84): warning CS8600: 将 null 文本或可能的 null 值转换为不可为 null 类型。 [C:\001_AI\Ludots-gpu-commercial\src\Core\Ludots.Core.csproj]
C:\001_AI\Ludots-gpu-commercial\src\Core\Config\TemplateEntityBatchSpawner.cs(676,76): warning CS8600: 将 null 文本或可能的 null 值转换为不可为 null 类型。 [C:\001_AI\Ludots-gpu-commercial\src\Core\Ludots.Core.csproj]
C:\001_AI\Ludots-gpu-commercial\src\Core\Config\TemplateEntityBatchSpawner.cs(682,76): warning CS8600: 将 null 文本或可能的 null 值转换为不可为 null 类型。 [C:\001_AI\Ludots-gpu-commercial\src\Core\Ludots.Core.csproj]
C:\001_AI\Ludots-gpu-commercial\src\Core\Gameplay\GAS\AbilityDefinitionRegistry.cs(181,64): warning CS8618: 在退出构造函数时，不可为 null 的 字段 "_conflictReport" 必须包含非 null 值。请考虑添加 "required" 修饰符或将该 字段 声明为可为 null。 [C:\001_AI\Ludots-gpu-commercial\src\Core\Ludots.Core.csproj]
C:\001_AI\Ludots-gpu-commercial\src\Core\Engine\Physics2D\Physics2DKinematicConfig.cs(17,29): warning CS8618: 在退出构造函数时，不可为 null 的 属性 "ContactEventEmitterLayers" 必须包含非 null 值。请考虑添加 "required" 修饰符或将该 属性 声明为可为 null。 [C:\001_AI\Ludots-gpu-commercial\src\Core\Ludots.Core.csproj]
C:\001_AI\Ludots-gpu-commercial\src\Core\Map\Hex\VertexMap.cs(49,33): warning CS8625: 无法将 null 字面量转换为非 null 的引用类型。 [C:\001_AI\Ludots-gpu-commercial\src\Core\Ludots.Core.csproj]
C:\001_AI\Ludots-gpu-commercial\src\Core\Map\Hex\VertexMap.cs(59,30): warning CS8625: 无法将 null 字面量转换为非 null 的引用类型。 [C:\001_AI\Ludots-gpu-commercial\src\Core\Ludots.Core.csproj]
C:\001_AI\Ludots-gpu-commercial\src\Core\Map\Hex\VertexMap.cs(81,55): warning CS8603: 可能返回 null 引用。 [C:\001_AI\Ludots-gpu-commercial\src\Core\Ludots.Core.csproj]
C:\001_AI\Ludots-gpu-commercial\src\Core\Map\Hex\VertexMap.cs(106,20): warning CS8603: 可能返回 null 引用。 [C:\001_AI\Ludots-gpu-commercial\src\Core\Ludots.Core.csproj]
C:\001_AI\Ludots-gpu-commercial\src\Core\Gameplay\Teams\ParticipantBindingResolver.cs(184,80): warning CS8600: 将 null 文本或可能的 null 值转换为不可为 null 类型。 [C:\001_AI\Ludots-gpu-commercial\src\Core\Ludots.Core.csproj]
C:\001_AI\Ludots-gpu-commercial\src\Core\Gameplay\Teams\ParticipantBindingResolver.cs(194,82): warning CS8600: 将 null 文本或可能的 null 值转换为不可为 null 类型。 [C:\001_AI\Ludots-gpu-commercial\src\Core\Ludots.Core.csproj]
C:\001_AI\Ludots-gpu-commercial\src\Core\Gameplay\AI\Config\GraphBehaviorDefinitionLoader.cs(64,84): warning CS8604: “List<MergedConfigEntry> ConfigMerger.MergeArrayByIdToEntries(IReadOnlyList<ConfigFragment> fragments, in ConfigCatalogEntry entry, ConfigConflictReport report = null)”中的形参“report”可能传入 null 引用实参。 [C:\001_AI\Ludots-gpu-commercial\src\Core\Ludots.Core.csproj]
C:\001_AI\Ludots-gpu-commercial\src\Core\Gameplay\AI\Config\GraphBehaviorDefinitionLoader.cs(80,84): warning CS8604: “List<MergedConfigEntry> ConfigMerger.MergeArrayByIdToEntries(IReadOnlyList<ConfigFragment> fragments, in ConfigCatalogEntry entry, ConfigConflictReport report = null)”中的形参“report”可能传入 null 引用实参。 [C:\001_AI\Ludots-gpu-commercial\src\Core\Ludots.Core.csproj]
C:\001_AI\Ludots-gpu-commercial\src\Core\Config\TemplateEntityBatchSpawner.cs(1041,64): warning CS8600: 将 null 文本或可能的 null 值转换为不可为 null 类型。 [C:\001_AI\Ludots-gpu-commercial\src\Core\Ludots.Core.csproj]
C:\001_AI\Ludots-gpu-commercial\src\Core\Map\MapManager.cs(53,20): warning CS8603: 可能返回 null 引用。 [C:\001_AI\Ludots-gpu-commercial\src\Core\Ludots.Core.csproj]
C:\001_AI\Ludots-gpu-commercial\src\Core\Map\MapManager.cs(58,20): warning CS8603: 可能返回 null 引用。 [C:\001_AI\Ludots-gpu-commercial\src\Core\Ludots.Core.csproj]
C:\001_AI\Ludots-gpu-commercial\src\Core\Input\CommandSources\CommandSourceAcquisitionSystem.cs(43,16): warning CS8618: 在退出构造函数时，不可为 null 的 字段 "_hoverTitleSource" 必须包含非 null 值。请考虑添加 "required" 修饰符或将该 字段 声明为可为 null。 [C:\001_AI\Ludots-gpu-commercial\src\Core\Ludots.Core.csproj]
C:\001_AI\Ludots-gpu-commercial\src\Core\Input\CommandSources\CommandSourceAcquisitionSystem.cs(43,16): warning CS8618: 在退出构造函数时，不可为 null 的 字段 "_hoverTitleComposed" 必须包含非 null 值。请考虑添加 "required" 修饰符或将该 字段 声明为可为 null。 [C:\001_AI\Ludots-gpu-commercial\src\Core\Ludots.Core.csproj]
C:\001_AI\Ludots-gpu-commercial\src\Core\Map\Hex\VertexMap.cs(310,26): warning CS8625: 无法将 null 字面量转换为非 null 的引用类型。 [C:\001_AI\Ludots-gpu-commercial\src\Core\Ludots.Core.csproj]
C:\001_AI\Ludots-gpu-commercial\src\Core\Config\TemplateEntityBatchSpawner.cs(1077,56): warning CS8600: 将 null 文本或可能的 null 值转换为不可为 null 类型。 [C:\001_AI\Ludots-gpu-commercial\src\Core\Ludots.Core.csproj]
C:\001_AI\Ludots-gpu-commercial\src\Core\Map\Hex\VertexMap.cs(18,42): warning CS8625: 无法将 null 字面量转换为非 null 的引用类型。 [C:\001_AI\Ludots-gpu-commercial\src\Core\Ludots.Core.csproj]
C:\001_AI\Ludots-gpu-commercial\src\Core\Map\Hex\VertexMap.cs(19,31): warning CS8618: 在退出构造函数时，不可为 null 的 字段 "_loadedChunks" 必须包含非 null 值。请考虑添加 "required" 修饰符或将该 字段 声明为可为 null。 [C:\001_AI\Ludots-gpu-commercial\src\Core\Ludots.Core.csproj]
C:\001_AI\Ludots-gpu-commercial\src\Core\Map\MapManager.cs(89,44): warning CS8600: 将 null 文本或可能的 null 值转换为不可为 null 类型。 [C:\001_AI\Ludots-gpu-commercial\src\Core\Ludots.Core.csproj]
C:\001_AI\Ludots-gpu-commercial\src\Core\Map\MapManager.cs(136,28): warning CS8603: 可能返回 null 引用。 [C:\001_AI\Ludots-gpu-commercial\src\Core\Ludots.Core.csproj]
C:\001_AI\Ludots-gpu-commercial\src\Core\Vision\Config\VisionFogLayerConfigLoader.cs(32,53): warning CS8604: “ConfigCatalogEntry ConfigPipeline.RequireEntry(ConfigCatalog catalog, string path, ConfigMergePolicy defaultPolicy, string defaultIdField = "id")”中的形参“catalog”可能传入 null 引用实参。 [C:\001_AI\Ludots-gpu-commercial\src\Core\Ludots.Core.csproj]
C:\001_AI\Ludots-gpu-commercial\src\Core\Vision\Config\VisionFogLayerConfigLoader.cs(33,72): warning CS8604: “IReadOnlyList<MergedConfigEntry> ConfigPipeline.MergeArrayByIdFromCatalog(in ConfigCatalogEntry entry, ConfigConflictReport report = null)”中的形参“report”可能传入 null 引用实参。 [C:\001_AI\Ludots-gpu-commercial\src\Core\Ludots.Core.csproj]
C:\001_AI\Ludots-gpu-commercial\src\Core\Map\MapManager.cs(266,48): warning CS8601: 可能的 null 引用赋值。 [C:\001_AI\Ludots-gpu-commercial\src\Core\Ludots.Core.csproj]
C:\001_AI\Ludots-gpu-commercial\src\Core\Gameplay\Camera\PlatformManagedCameraDriverRegistry.cs(52,52): warning CS8601: 可能的 null 引用赋值。 [C:\001_AI\Ludots-gpu-commercial\src\Core\Ludots.Core.csproj]
C:\001_AI\Ludots-gpu-commercial\src\Core\Config\ComponentRegistry.cs(880,63): warning CS8600: 将 null 文本或可能的 null 值转换为不可为 null 类型。 [C:\001_AI\Ludots-gpu-commercial\src\Core\Ludots.Core.csproj]
C:\001_AI\Ludots-gpu-commercial\src\Core\Config\ComponentRegistry.cs(882,57): warning CS8604: “string ComponentRegistry.ReadStringNode(JsonNode node, string context)”中的形参“node”可能传入 null 引用实参。 [C:\001_AI\Ludots-gpu-commercial\src\Core\Ludots.Core.csproj]
C:\001_AI\Ludots-gpu-commercial\src\Core\Config\ComponentRegistry.cs(886,64): warning CS8600: 将 null 文本或可能的 null 值转换为不可为 null 类型。 [C:\001_AI\Ludots-gpu-commercial\src\Core\Ludots.Core.csproj]
C:\001_AI\Ludots-gpu-commercial\src\Core\Config\ComponentRegistry.cs(888,57): warning CS8604: “string ComponentRegistry.ReadStringNode(JsonNode node, string context)”中的形参“node”可能传入 null 引用实参。 [C:\001_AI\Ludots-gpu-commercial\src\Core\Ludots.Core.csproj]
C:\001_AI\Ludots-gpu-commercial\src\Core\Config\TemplateEntityBatchSpawner.cs(1087,57): warning CS8600: 将 null 文本或可能的 null 值转换为不可为 null 类型。 [C:\001_AI\Ludots-gpu-commercial\src\Core\Ludots.Core.csproj]
C:\001_AI\Ludots-gpu-commercial\src\Core\Gameplay\Items\ItemConfigLoader.cs(40,53): warning CS8604: “ConfigCatalogEntry ConfigPipeline.RequireEntry(ConfigCatalog catalog, string path, ConfigMergePolicy defaultPolicy, string defaultIdField = "id")”中的形参“catalog”可能传入 null 引用实参。 [C:\001_AI\Ludots-gpu-commercial\src\Core\Ludots.Core.csproj]
C:\001_AI\Ludots-gpu-commercial\src\Core\Gameplay\Items\ItemConfigLoader.cs(41,72): warning CS8604: “IReadOnlyList<MergedConfigEntry> ConfigPipeline.MergeArrayByIdFromCatalog(in ConfigCatalogEntry entry, ConfigConflictReport report = null)”中的形参“report”可能传入 null 引用实参。 [C:\001_AI\Ludots-gpu-commercial\src\Core\Ludots.Core.csproj]
C:\001_AI\Ludots-gpu-commercial\src\Core\Physics\PhysicsWorld.cs(23,16): warning CS8618: 在退出构造函数时，不可为 null 的 字段 "_cells" 必须包含非 null 值。请考虑添加 "required" 修饰符或将该 字段 声明为可为 null。 [C:\001_AI\Ludots-gpu-commercial\src\Core\Ludots.Core.csproj]
C:\001_AI\Ludots-gpu-commercial\src\Core\Gameplay\Items\ItemConfigLoader.cs(77,53): warning CS8604: “ConfigCatalogEntry ConfigPipeline.RequireEntry(ConfigCatalog catalog, string path, ConfigMergePolicy defaultPolicy, string defaultIdField = "id")”中的形参“catalog”可能传入 null 引用实参。 [C:\001_AI\Ludots-gpu-commercial\src\Core\Ludots.Core.csproj]
C:\001_AI\Ludots-gpu-commercial\src\Core\Gameplay\Items\ItemConfigLoader.cs(78,72): warning CS8604: “IReadOnlyList<MergedConfigEntry> ConfigPipeline.MergeArrayByIdFromCatalog(in ConfigCatalogEntry entry, ConfigConflictReport report = null)”中的形参“report”可能传入 null 引用实参。 [C:\001_AI\Ludots-gpu-commercial\src\Core\Ludots.Core.csproj]
C:\001_AI\Ludots-gpu-commercial\src\Core\GraphRuntime\GraphVmCompiler.cs(747,79): warning CS8600: 将 null 文本或可能的 null 值转换为不可为 null 类型。 [C:\001_AI\Ludots-gpu-commercial\src\Core\Ludots.Core.csproj]
C:\001_AI\Ludots-gpu-commercial\src\Core\Map\MapManager.cs(448,28): warning CS8601: 可能的 null 引用赋值。 [C:\001_AI\Ludots-gpu-commercial\src\Core\Ludots.Core.csproj]
C:\001_AI\Ludots-gpu-commercial\src\Core\Map\MapManager.cs(453,20): warning CS8625: 无法将 null 字面量转换为非 null 的引用类型。 [C:\001_AI\Ludots-gpu-commercial\src\Core\Ludots.Core.csproj]
C:\001_AI\Ludots-gpu-commercial\src\Core\Gameplay\Teams\ParticipantBindingResolver.cs(448,80): warning CS8600: 将 null 文本或可能的 null 值转换为不可为 null 类型。 [C:\001_AI\Ludots-gpu-commercial\src\Core\Ludots.Core.csproj]
C:\001_AI\Ludots-gpu-commercial\src\Core\Gameplay\Lifecycle\EntityLifecycleAtomicOps.cs(40,88): warning CS8604: “void EntityTriggerGraphMounts.MountRuntimeSpawned(Entity entity, string templateId, IReadOnlyList<string> graphNames)”中的形参“graphNames”可能传入 null 引用实参。 [C:\001_AI\Ludots-gpu-commercial\src\Core\Ludots.Core.csproj]
C:\001_AI\Ludots-gpu-commercial\src\Core\Gameplay\Teams\ParticipantBindingResolver.cs(460,82): warning CS8600: 将 null 文本或可能的 null 值转换为不可为 null 类型。 [C:\001_AI\Ludots-gpu-commercial\src\Core\Ludots.Core.csproj]
C:\001_AI\Ludots-gpu-commercial\src\Core\Scripting\TriggerManager.cs(204,20): warning CS8603: 可能返回 null 引用。 [C:\001_AI\Ludots-gpu-commercial\src\Core\Ludots.Core.csproj]
C:\001_AI\Ludots-gpu-commercial\src\Core\GraphRuntime\GraphVmCompiler.cs(797,79): warning CS8600: 将 null 文本或可能的 null 值转换为不可为 null 类型。 [C:\001_AI\Ludots-gpu-commercial\src\Core\Ludots.Core.csproj]
C:\001_AI\Ludots-gpu-commercial\src\Core\Gameplay\Items\ItemConfigLoader.cs(120,53): warning CS8604: “ConfigCatalogEntry ConfigPipeline.RequireEntry(ConfigCatalog catalog, string path, ConfigMergePolicy defaultPolicy, string defaultIdField = "id")”中的形参“catalog”可能传入 null 引用实参。 [C:\001_AI\Ludots-gpu-commercial\src\Core\Ludots.Core.csproj]
C:\001_AI\Ludots-gpu-commercial\src\Core\Gameplay\Items\ItemConfigLoader.cs(121,72): warning CS8604: “IReadOnlyList<MergedConfigEntry> ConfigPipeline.MergeArrayByIdFromCatalog(in ConfigCatalogEntry entry, ConfigConflictReport report = null)”中的形参“report”可能传入 null 引用实参。 [C:\001_AI\Ludots-gpu-commercial\src\Core\Ludots.Core.csproj]
C:\001_AI\Ludots-gpu-commercial\src\Core\Scripting\TriggerManager.cs(241,54): warning CS8600: 将 null 文本或可能的 null 值转换为不可为 null 类型。 [C:\001_AI\Ludots-gpu-commercial\src\Core\Ludots.Core.csproj]
C:\001_AI\Ludots-gpu-commercial\src\Core\Scripting\TriggerManager.cs(259,54): warning CS8600: 将 null 文本或可能的 null 值转换为不可为 null 类型。 [C:\001_AI\Ludots-gpu-commercial\src\Core\Ludots.Core.csproj]
C:\001_AI\Ludots-gpu-commercial\src\Core\Config\TemplateEntityBatchSpawner.cs(1218,68): warning CS8600: 将 null 文本或可能的 null 值转换为不可为 null 类型。 [C:\001_AI\Ludots-gpu-commercial\src\Core\Ludots.Core.csproj]
C:\001_AI\Ludots-gpu-commercial\src\Core\Config\TemplateEntityBatchSpawner.cs(1229,38): warning CS8600: 将 null 文本或可能的 null 值转换为不可为 null 类型。 [C:\001_AI\Ludots-gpu-commercial\src\Core\Ludots.Core.csproj]
C:\001_AI\Ludots-gpu-commercial\src\Core\Config\TemplateEntityBatchSpawner.cs(1230,57): warning CS8600: 将 null 文本或可能的 null 值转换为不可为 null 类型。 [C:\001_AI\Ludots-gpu-commercial\src\Core\Ludots.Core.csproj]
C:\001_AI\Ludots-gpu-commercial\src\Core\Config\TemplateEntityBatchSpawner.cs(1240,41): warning CS8600: 将 null 文本或可能的 null 值转换为不可为 null 类型。 [C:\001_AI\Ludots-gpu-commercial\src\Core\Ludots.Core.csproj]
C:\001_AI\Ludots-gpu-commercial\src\Core\Config\TemplateEntityBatchSpawner.cs(1241,60): warning CS8600: 将 null 文本或可能的 null 值转换为不可为 null 类型。 [C:\001_AI\Ludots-gpu-commercial\src\Core\Ludots.Core.csproj]
C:\001_AI\Ludots-gpu-commercial\src\Core\Map\MapSessionManager.cs(142,20): warning CS8603: 可能返回 null 引用。 [C:\001_AI\Ludots-gpu-commercial\src\Core\Ludots.Core.csproj]
C:\001_AI\Ludots-gpu-commercial\src\Core\TransportNetwork\TransportNetworkBaker.cs(172,61): warning CS8600: 将 null 文本或可能的 null 值转换为不可为 null 类型。 [C:\001_AI\Ludots-gpu-commercial\src\Core\Ludots.Core.csproj]
C:\001_AI\Ludots-gpu-commercial\src\Core\TransportNetwork\TransportNetworkBaker.cs(204,90): warning CS8600: 将 null 文本或可能的 null 值转换为不可为 null 类型。 [C:\001_AI\Ludots-gpu-commercial\src\Core\Ludots.Core.csproj]
C:\001_AI\Ludots-gpu-commercial\src\Core\TransportNetwork\TransportNetworkBaker.cs(207,95): warning CS8600: 将 null 文本或可能的 null 值转换为不可为 null 类型。 [C:\001_AI\Ludots-gpu-commercial\src\Core\Ludots.Core.csproj]
C:\001_AI\Ludots-gpu-commercial\src\Core\Scripting\TriggerManager.cs(503,66): warning CS8600: 将 null 文本或可能的 null 值转换为不可为 null 类型。 [C:\001_AI\Ludots-gpu-commercial\src\Core\Ludots.Core.csproj]
C:\001_AI\Ludots-gpu-commercial\src\Core\TransportNetwork\TransportNetworkBaker.cs(246,70): warning CS8600: 将 null 文本或可能的 null 值转换为不可为 null 类型。 [C:\001_AI\Ludots-gpu-commercial\src\Core\Ludots.Core.csproj]
C:\001_AI\Ludots-gpu-commercial\src\Core\TransportNetwork\TransportNetworkBaker.cs(256,66): warning CS8600: 将 null 文本或可能的 null 值转换为不可为 null 类型。 [C:\001_AI\Ludots-gpu-commercial\src\Core\Ludots.Core.csproj]
C:\001_AI\Ludots-gpu-commercial\src\Core\Map\MapSessionManager.cs(175,55): warning CS8600: 将 null 文本或可能的 null 值转换为不可为 null 类型。 [C:\001_AI\Ludots-gpu-commercial\src\Core\Ludots.Core.csproj]
C:\001_AI\Ludots-gpu-commercial\src\Core\Scripting\TriggerManager.cs(528,59): warning CS8600: 将 null 文本或可能的 null 值转换为不可为 null 类型。 [C:\001_AI\Ludots-gpu-commercial\src\Core\Ludots.Core.csproj]
C:\001_AI\Ludots-gpu-commercial\src\Core\Scripting\TriggerManager.cs(529,66): warning CS8600: 将 null 文本或可能的 null 值转换为不可为 null 类型。 [C:\001_AI\Ludots-gpu-commercial\src\Core\Ludots.Core.csproj]
C:\001_AI\Ludots-gpu-commercial\src\Core\Scripting\TriggerManager.cs(557,60): warning CS8600: 将 null 文本或可能的 null 值转换为不可为 null 类型。 [C:\001_AI\Ludots-gpu-commercial\src\Core\Ludots.Core.csproj]
C:\001_AI\Ludots-gpu-commercial\src\Core\Scripting\TriggerManager.cs(587,60): warning CS8600: 将 null 文本或可能的 null 值转换为不可为 null 类型。 [C:\001_AI\Ludots-gpu-commercial\src\Core\Ludots.Core.csproj]
C:\001_AI\Ludots-gpu-commercial\src\Core\Map\MapSession.cs(102,20): warning CS8603: 可能返回 null 引用。 [C:\001_AI\Ludots-gpu-commercial\src\Core\Ludots.Core.csproj]
C:\001_AI\Ludots-gpu-commercial\src\Core\Map\MapSession.cs(107,20): warning CS8603: 可能返回 null 引用。 [C:\001_AI\Ludots-gpu-commercial\src\Core\Ludots.Core.csproj]
C:\001_AI\Ludots-gpu-commercial\src\Core\TransportNetwork\TransportNetworkBaker.cs(300,70): warning CS8600: 将 null 文本或可能的 null 值转换为不可为 null 类型。 [C:\001_AI\Ludots-gpu-commercial\src\Core\Ludots.Core.csproj]
C:\001_AI\Ludots-gpu-commercial\src\Core\Map\MapSession.cs(119,24): warning CS8603: 可能返回 null 引用。 [C:\001_AI\Ludots-gpu-commercial\src\Core\Ludots.Core.csproj]
C:\001_AI\Ludots-gpu-commercial\src\Core\Scripting\TriggerManager.cs(618,63): warning CS8600: 将 null 文本或可能的 null 值转换为不可为 null 类型。 [C:\001_AI\Ludots-gpu-commercial\src\Core\Ludots.Core.csproj]
C:\001_AI\Ludots-gpu-commercial\src\Core\Scripting\TriggerManager.cs(634,59): warning CS8600: 将 null 文本或可能的 null 值转换为不可为 null 类型。 [C:\001_AI\Ludots-gpu-commercial\src\Core\Ludots.Core.csproj]
C:\001_AI\Ludots-gpu-commercial\src\Core\Scripting\TriggerManager.cs(645,73): warning CS8600: 将 null 文本或可能的 null 值转换为不可为 null 类型。 [C:\001_AI\Ludots-gpu-commercial\src\Core\Ludots.Core.csproj]
C:\001_AI\Ludots-gpu-commercial\src\Core\Scripting\TriggerManager.cs(656,73): warning CS8600: 将 null 文本或可能的 null 值转换为不可为 null 类型。 [C:\001_AI\Ludots-gpu-commercial\src\Core\Ludots.Core.csproj]
C:\001_AI\Ludots-gpu-commercial\src\Core\TransportNetwork\TransportNetworkBakedAsset.cs(32,59): warning CS8601: 可能的 null 引用赋值。 [C:\001_AI\Ludots-gpu-commercial\src\Core\Ludots.Core.csproj]
C:\001_AI\Ludots-gpu-commercial\src\Core\TransportNetwork\TransportNetworkBakedAsset.cs(37,60): warning CS8601: 可能的 null 引用赋值。 [C:\001_AI\Ludots-gpu-commercial\src\Core\Ludots.Core.csproj]
C:\001_AI\Ludots-gpu-commercial\src\Core\Engine\GameTask.cs(126,27): warning CS8618: 在退出构造函数时，不可为 null 的 字段 "Predicate" 必须包含非 null 值。请考虑添加 "required" 修饰符或将该 字段 声明为可为 null。 [C:\001_AI\Ludots-gpu-commercial\src\Core\Ludots.Core.csproj]
C:\001_AI\Ludots-gpu-commercial\src\Core\Engine\GameTask.cs(127,43): warning CS8618: 在退出构造函数时，不可为 null 的 字段 "Tcs" 必须包含非 null 值。请考虑添加 "required" 修饰符或将该 字段 声明为可为 null。 [C:\001_AI\Ludots-gpu-commercial\src\Core\Ludots.Core.csproj]
C:\001_AI\Ludots-gpu-commercial\src\Core\Engine\GameTask.cs(121,43): warning CS8618: 在退出构造函数时，不可为 null 的 字段 "Tcs" 必须包含非 null 值。请考虑添加 "required" 修饰符或将该 字段 声明为可为 null。 [C:\001_AI\Ludots-gpu-commercial\src\Core\Ludots.Core.csproj]
C:\001_AI\Ludots-gpu-commercial\src\Core\Engine\GameTask.cs(116,43): warning CS8618: 在退出构造函数时，不可为 null 的 字段 "Tcs" 必须包含非 null 值。请考虑添加 "required" 修饰符或将该 字段 声明为可为 null。 [C:\001_AI\Ludots-gpu-commercial\src\Core\Ludots.Core.csproj]
C:\001_AI\Ludots-gpu-commercial\src\Core\Gameplay\Activities\ActivityConfigLoader.cs(44,72): warning CS8604: “IReadOnlyList<MergedConfigEntry> ConfigPipeline.MergeArrayByIdFromCatalog(in ConfigCatalogEntry entry, ConfigConflictReport report = null)”中的形参“report”可能传入 null 引用实参。 [C:\001_AI\Ludots-gpu-commercial\src\Core\Ludots.Core.csproj]
C:\001_AI\Ludots-gpu-commercial\src\Core\Scripting\TriggerManager.cs(945,73): warning CS8600: 将 null 文本或可能的 null 值转换为不可为 null 类型。 [C:\001_AI\Ludots-gpu-commercial\src\Core\Ludots.Core.csproj]
C:\001_AI\Ludots-gpu-commercial\src\Core\Modding\ModManifestJson.cs(61,24): warning CS8601: 可能的 null 引用赋值。 [C:\001_AI\Ludots-gpu-commercial\src\Core\Ludots.Core.csproj]
C:\001_AI\Ludots-gpu-commercial\src\Core\Modding\ModManifestJson.cs(62,27): warning CS8601: 可能的 null 引用赋值。 [C:\001_AI\Ludots-gpu-commercial\src\Core\Ludots.Core.csproj]
C:\001_AI\Ludots-gpu-commercial\src\Core\Modding\ModManifestJson.cs(67,40): warning CS8601: 可能的 null 引用赋值。 [C:\001_AI\Ludots-gpu-commercial\src\Core\Ludots.Core.csproj]
C:\001_AI\Ludots-gpu-commercial\src\Core\Modding\ModManifestJson.cs(72,33): warning CS8601: 可能的 null 引用赋值。 [C:\001_AI\Ludots-gpu-commercial\src\Core\Ludots.Core.csproj]
C:\001_AI\Ludots-gpu-commercial\src\Core\Modding\ModManifestJson.cs(104,35): warning CS8601: 可能的 null 引用赋值。 [C:\001_AI\Ludots-gpu-commercial\src\Core\Ludots.Core.csproj]
C:\001_AI\Ludots-gpu-commercial\src\Core\Modding\ModManifestJson.cs(109,32): warning CS8601: 可能的 null 引用赋值。 [C:\001_AI\Ludots-gpu-commercial\src\Core\Ludots.Core.csproj]
C:\001_AI\Ludots-gpu-commercial\src\Core\Modding\ModManifestJson.cs(114,38): warning CS8601: 可能的 null 引用赋值。 [C:\001_AI\Ludots-gpu-commercial\src\Core\Ludots.Core.csproj]
C:\001_AI\Ludots-gpu-commercial\src\Core\Modding\ModManifestJson.cs(131,39): warning CS8604: “void List<string>.Add(string item)”中的形参“item”可能传入 null 引用实参。 [C:\001_AI\Ludots-gpu-commercial\src\Core\Ludots.Core.csproj]
C:\001_AI\Ludots-gpu-commercial\src\Core\Navigation\Pathing\PathServiceRouter.cs(16,21): warning CS8625: 无法将 null 字面量转换为非 null 的引用类型。 [C:\001_AI\Ludots-gpu-commercial\src\Core\Ludots.Core.csproj]
C:\001_AI\Ludots-gpu-commercial\src\Core\Navigation\Pathing\PathServiceRouter.cs(12,16): warning CS8618: 在退出构造函数时，不可为 null 的 字段 "_auto" 必须包含非 null 值。请考虑添加 "required" 修饰符或将该 字段 声明为可为 null。 [C:\001_AI\Ludots-gpu-commercial\src\Core\Ludots.Core.csproj]
C:\001_AI\Ludots-gpu-commercial\src\Core\Navigation\Pathing\NodeGraphPathServiceAdapter.cs(22,29): warning CS8625: 无法将 null 字面量转换为非 null 的引用类型。 [C:\001_AI\Ludots-gpu-commercial\src\Core\Ludots.Core.csproj]
C:\001_AI\Ludots-gpu-commercial\src\Core\Navigation\Pathing\NodeGraphPathServiceAdapter.cs(19,16): warning CS8618: 在退出构造函数时，不可为 null 的 字段 "_graphRuntime" 必须包含非 null 值。请考虑添加 "required" 修饰符或将该 字段 声明为可为 null。 [C:\001_AI\Ludots-gpu-commercial\src\Core\Ludots.Core.csproj]
C:\001_AI\Ludots-gpu-commercial\src\Core\Engine\GameEngine.cs(221,16): warning CS8618: 在退出构造函数时，不可为 null 的 字段 "_mapDeathRuleSystem" 必须包含非 null 值。请考虑添加 "required" 修饰符或将该 字段 声明为可为 null。 [C:\001_AI\Ludots-gpu-commercial\src\Core\Ludots.Core.csproj]
C:\001_AI\Ludots-gpu-commercial\src\Core\Engine\GameEngine.cs(221,16): warning CS8618: 在退出构造函数时，不可为 null 的 字段 "_effectTemplateLoader" 必须包含非 null 值。请考虑添加 "required" 修饰符或将该 字段 声明为可为 null。 [C:\001_AI\Ludots-gpu-commercial\src\Core\Ludots.Core.csproj]
C:\001_AI\Ludots-gpu-commercial\src\Core\Engine\GameEngine.cs(221,16): warning CS8618: 在退出构造函数时，不可为 null 的 字段 "_cooperativeSimulation" 必须包含非 null 值。请考虑添加 "required" 修饰符或将该 字段 声明为可为 null。 [C:\001_AI\Ludots-gpu-commercial\src\Core\Ludots.Core.csproj]
C:\001_AI\Ludots-gpu-commercial\src\Core\Engine\GameEngine.cs(221,16): warning CS8618: 在退出构造函数时，不可为 null 的 属性 "VFS" 必须包含非 null 值。请考虑添加 "required" 修饰符或将该 属性 声明为可为 null。 [C:\001_AI\Ludots-gpu-commercial\src\Core\Ludots.Core.csproj]
C:\001_AI\Ludots-gpu-commercial\src\Core\Engine\GameEngine.cs(221,16): warning CS8618: 在退出构造函数时，不可为 null 的 属性 "FunctionRegistry" 必须包含非 null 值。请考虑添加 "required" 修饰符或将该 属性 声明为可为 null。 [C:\001_AI\Ludots-gpu-commercial\src\Core\Ludots.Core.csproj]
C:\001_AI\Ludots-gpu-commercial\src\Core\Engine\GameEngine.cs(221,16): warning CS8618: 在退出构造函数时，不可为 null 的 属性 "TriggerManager" 必须包含非 null 值。请考虑添加 "required" 修饰符或将该 属性 声明为可为 null。 [C:\001_AI\Ludots-gpu-commercial\src\Core\Ludots.Core.csproj]
C:\001_AI\Ludots-gpu-commercial\src\Core\Engine\GameEngine.cs(221,16): warning CS8618: 在退出构造函数时，不可为 null 的 属性 "ModLoader" 必须包含非 null 值。请考虑添加 "required" 修饰符或将该 属性 声明为可为 null。 [C:\001_AI\Ludots-gpu-commercial\src\Core\Ludots.Core.csproj]
C:\001_AI\Ludots-gpu-commercial\src\Core\Engine\GameEngine.cs(221,16): warning CS8618: 在退出构造函数时，不可为 null 的 属性 "MapManager" 必须包含非 null 值。请考虑添加 "required" 修饰符或将该 属性 声明为可为 null。 [C:\001_AI\Ludots-gpu-commercial\src\Core\Ludots.Core.csproj]
C:\001_AI\Ludots-gpu-commercial\src\Core\Engine\GameEngine.cs(221,16): warning CS8618: 在退出构造函数时，不可为 null 的 属性 "ConfigPipeline" 必须包含非 null 值。请考虑添加 "required" 修饰符或将该 属性 声明为可为 null。 [C:\001_AI\Ludots-gpu-commercial\src\Core\Ludots.Core.csproj]
C:\001_AI\Ludots-gpu-commercial\src\Core\Engine\GameEngine.cs(221,16): warning CS8618: 在退出构造函数时，不可为 null 的 属性 "MapLoader" 必须包含非 null 值。请考虑添加 "required" 修饰符或将该 属性 声明为可为 null。 [C:\001_AI\Ludots-gpu-commercial\src\Core\Ludots.Core.csproj]
C:\001_AI\Ludots-gpu-commercial\src\Core\Engine\GameEngine.cs(221,16): warning CS8618: 在退出构造函数时，不可为 null 的 属性 "EntityTriggerGraphMounts" 必须包含非 null 值。请考虑添加 "required" 修饰符或将该 属性 声明为可为 null。 [C:\001_AI\Ludots-gpu-commercial\src\Core\Ludots.Core.csproj]
C:\001_AI\Ludots-gpu-commercial\src\Core\Engine\GameEngine.cs(221,16): warning CS8618: 在退出构造函数时，不可为 null 的 属性 "SystemFactoryRegistry" 必须包含非 null 值。请考虑添加 "required" 修饰符或将该 属性 声明为可为 null。 [C:\001_AI\Ludots-gpu-commercial\src\Core\Ludots.Core.csproj]
C:\001_AI\Ludots-gpu-commercial\src\Core\Engine\GameEngine.cs(221,16): warning CS8618: 在退出构造函数时，不可为 null 的 属性 "TriggerDecoratorRegistry" 必须包含非 null 值。请考虑添加 "required" 修饰符或将该 属性 声明为可为 null。 [C:\001_AI\Ludots-gpu-commercial\src\Core\Ludots.Core.csproj]
C:\001_AI\Ludots-gpu-commercial\src\Core\Engine\GameEngine.cs(221,16): warning CS8618: 在退出构造函数时，不可为 null 的 属性 "ModExtensions" 必须包含非 null 值。请考虑添加 "required" 修饰符或将该 属性 声明为可为 null。 [C:\001_AI\Ludots-gpu-commercial\src\Core\Ludots.Core.csproj]
C:\001_AI\Ludots-gpu-commercial\src\Core\Engine\GameEngine.cs(221,16): warning CS8618: 在退出构造函数时，不可为 null 的 属性 "World" 必须包含非 null 值。请考虑添加 "required" 修饰符或将该 属性 声明为可为 null。 [C:\001_AI\Ludots-gpu-commercial\src\Core\Ludots.Core.csproj]
C:\001_AI\Ludots-gpu-commercial\src\Core\Engine\GameEngine.cs(221,16): warning CS8618: 在退出构造函数时，不可为 null 的 属性 "WorldMap" 必须包含非 null 值。请考虑添加 "required" 修饰符或将该 属性 声明为可为 null。 [C:\001_AI\Ludots-gpu-commercial\src\Core\Ludots.Core.csproj]
C:\001_AI\Ludots-gpu-commercial\src\Core\Engine\GameEngine.cs(221,16): warning CS8618: 在退出构造函数时，不可为 null 的 属性 "VertexMap" 必须包含非 null 值。请考虑添加 "required" 修饰符或将该 属性 声明为可为 null。 [C:\001_AI\Ludots-gpu-commercial\src\Core\Ludots.Core.csproj]
C:\001_AI\Ludots-gpu-commercial\src\Core\Engine\GameEngine.cs(221,16): warning CS8618: 在退出构造函数时，不可为 null 的 属性 "LogicTerrain" 必须包含非 null 值。请考虑添加 "required" 修饰符或将该 属性 声明为可为 null。 [C:\001_AI\Ludots-gpu-commercial\src\Core\Ludots.Core.csproj]
C:\001_AI\Ludots-gpu-commercial\src\Core\Engine\GameEngine.cs(221,16): warning CS8618: 在退出构造函数时，不可为 null 的 属性 "PhysicsWorld" 必须包含非 null 值。请考虑添加 "required" 修饰符或将该 属性 声明为可为 null。 [C:\001_AI\Ludots-gpu-commercial\src\Core\Ludots.Core.csproj]
C:\001_AI\Ludots-gpu-commercial\src\Core\Engine\GameEngine.cs(221,16): warning CS8618: 在退出构造函数时，不可为 null 的 属性 "GameSession" 必须包含非 null 值。请考虑添加 "required" 修饰符或将该 属性 声明为可为 null。 [C:\001_AI\Ludots-gpu-commercial\src\Core\Ludots.Core.csproj]
C:\001_AI\Ludots-gpu-commercial\src\Core\Engine\GameEngine.cs(221,16): warning CS8618: 在退出构造函数时，不可为 null 的 属性 "SpatialCoords" 必须包含非 null 值。请考虑添加 "required" 修饰符或将该 属性 声明为可为 null。 [C:\001_AI\Ludots-gpu-commercial\src\Core\Ludots.Core.csproj]
C:\001_AI\Ludots-gpu-commercial\src\Core\Engine\GameEngine.cs(221,16): warning CS8618: 在退出构造函数时，不可为 null 的 属性 "SpatialQueries" 必须包含非 null 值。请考虑添加 "required" 修饰符或将该 属性 声明为可为 null。 [C:\001_AI\Ludots-gpu-commercial\src\Core\Ludots.Core.csproj]
C:\001_AI\Ludots-gpu-commercial\src\Core\Engine\GameEngine.cs(221,16): warning CS8618: 在退出构造函数时，不可为 null 的 属性 "MapSessions" 必须包含非 null 值。请考虑添加 "required" 修饰符或将该 属性 声明为可为 null。 [C:\001_AI\Ludots-gpu-commercial\src\Core\Ludots.Core.csproj]
C:\001_AI\Ludots-gpu-commercial\src\Core\Engine\GameEngine.cs(221,16): warning CS8618: 在退出构造函数时，不可为 null 的 属性 "BoardIdRegistry" 必须包含非 null 值。请考虑添加 "required" 修饰符或将该 属性 声明为可为 null。 [C:\001_AI\Ludots-gpu-commercial\src\Core\Ludots.Core.csproj]
C:\001_AI\Ludots-gpu-commercial\src\Core\Engine\GameEngine.cs(221,16): warning CS8618: 在退出构造函数时，不可为 null 的 字段 "_spatialPartition" 必须包含非 null 值。请考虑添加 "required" 修饰符或将该 字段 声明为可为 null。 [C:\001_AI\Ludots-gpu-commercial\src\Core\Ludots.Core.csproj]
C:\001_AI\Ludots-gpu-commercial\src\Core\Engine\GameEngine.cs(221,16): warning CS8618: 在退出构造函数时，不可为 null 的 属性 "HexGridAOI" 必须包含非 null 值。请考虑添加 "required" 修饰符或将该 属性 声明为可为 null。 [C:\001_AI\Ludots-gpu-commercial\src\Core\Ludots.Core.csproj]
C:\001_AI\Ludots-gpu-commercial\src\Core\Engine\GameEngine.cs(221,16): warning CS8618: 在退出构造函数时，不可为 null 的 属性 "EventBus" 必须包含非 null 值。请考虑添加 "required" 修饰符或将该 属性 声明为可为 null。 [C:\001_AI\Ludots-gpu-commercial\src\Core\Ludots.Core.csproj]
C:\001_AI\Ludots-gpu-commercial\src\Core\Engine\GameEngine.cs(221,16): warning CS8618: 在退出构造函数时，不可为 null 的 属性 "SyncContext" 必须包含非 null 值。请考虑添加 "required" 修饰符或将该 属性 声明为可为 null。 [C:\001_AI\Ludots-gpu-commercial\src\Core\Ludots.Core.csproj]
C:\001_AI\Ludots-gpu-commercial\src\Core\Engine\GameEngine.cs(221,16): warning CS8618: 在退出构造函数时，不可为 null 的 字段 "_inputRuntimeSystem" 必须包含非 null 值。请考虑添加 "required" 修饰符或将该 字段 声明为可为 null。 [C:\001_AI\Ludots-gpu-commercial\src\Core\Ludots.Core.csproj]
C:\001_AI\Ludots-gpu-commercial\src\Core\Engine\GameEngine.cs(221,16): warning CS8618: 在退出构造函数时，不可为 null 的 字段 "_cameraRuntimeSystem" 必须包含非 null 值。请考虑添加 "required" 修饰符或将该 字段 声明为可为 null。 [C:\001_AI\Ludots-gpu-commercial\src\Core\Ludots.Core.csproj]
C:\001_AI\Ludots-gpu-commercial\src\Core\Engine\GameEngine.cs(221,16): warning CS8618: 在退出构造函数时，不可为 null 的 字段 "_primitiveDrawBuffer" 必须包含非 null 值。请考虑添加 "required" 修饰符或将该 字段 声明为可为 null。 [C:\001_AI\Ludots-gpu-commercial\src\Core\Ludots.Core.csproj]
C:\001_AI\Ludots-gpu-commercial\src\Core\Engine\GameEngine.cs(221,16): warning CS8618: 在退出构造函数时，不可为 null 的 字段 "_visualSnapshotBuffer" 必须包含非 null 值。请考虑添加 "required" 修饰符或将该 字段 声明为可为 null。 [C:\001_AI\Ludots-gpu-commercial\src\Core\Ludots.Core.csproj]
C:\001_AI\Ludots-gpu-commercial\src\Core\Engine\GameEngine.cs(221,16): warning CS8618: 在退出构造函数时，不可为 null 的 字段 "_visualProxyBuffer" 必须包含非 null 值。请考虑添加 "required" 修饰符或将该 字段 声明为可为 null。 [C:\001_AI\Ludots-gpu-commercial\src\Core\Ludots.Core.csproj]
C:\001_AI\Ludots-gpu-commercial\src\Core\Engine\GameEngine.cs(221,16): warning CS8618: 在退出构造函数时，不可为 null 的 字段 "_skinnedVisualBatchBuffer" 必须包含非 null 值。请考虑添加 "required" 修饰符或将该 字段 声明为可为 null。 [C:\001_AI\Ludots-gpu-commercial\src\Core\Ludots.Core.csproj]
C:\001_AI\Ludots-gpu-commercial\src\Core\Engine\GameEngine.cs(221,16): warning CS8618: 在退出构造函数时，不可为 null 的 字段 "_presentationRequestBuffer" 必须包含非 null 值。请考虑添加 "required" 修饰符或将该 字段 声明为可为 null。 [C:\001_AI\Ludots-gpu-commercial\src\Core\Ludots.Core.csproj]
C:\001_AI\Ludots-gpu-commercial\src\Core\Engine\GameEngine.cs(221,16): warning CS8618: 在退出构造函数时，不可为 null 的 字段 "_globalFieldVisualBuffer" 必须包含非 null 值。请考虑添加 "required" 修饰符或将该 字段 声明为可为 null。 [C:\001_AI\Ludots-gpu-commercial\src\Core\Ludots.Core.csproj]
C:\001_AI\Ludots-gpu-commercial\src\Core\Engine\GameEngine.cs(221,16): warning CS8618: 在退出构造函数时，不可为 null 的 字段 "_soundRequestBuffer" 必须包含非 null 值。请考虑添加 "required" 修饰符或将该 字段 声明为可为 null。 [C:\001_AI\Ludots-gpu-commercial\src\Core\Ludots.Core.csproj]
C:\001_AI\Ludots-gpu-commercial\src\Core\Engine\GameEngine.cs(221,16): warning CS8618: 在退出构造函数时，不可为 null 的 字段 "_instancedBatchRequestBuffer" 必须包含非 null 值。请考虑添加 "required" 修饰符或将该 字段 声明为可为 null。 [C:\001_AI\Ludots-gpu-commercial\src\Core\Ludots.Core.csproj]
C:\001_AI\Ludots-gpu-commercial\src\Core\Engine\GameEngine.cs(221,16): warning CS8618: 在退出构造函数时，不可为 null 的 字段 "_instancedBatchOperationBuffer" 必须包含非 null 值。请考虑添加 "required" 修饰符或将该 字段 声明为可为 null。 [C:\001_AI\Ludots-gpu-commercial\src\Core\Ludots.Core.csproj]
C:\001_AI\Ludots-gpu-commercial\src\Core\Engine\GameEngine.cs(221,16): warning CS8618: 在退出构造函数时，不可为 null 的 字段 "_gasPresentationEvents" 必须包含非 null 值。请考虑添加 "required" 修饰符或将该 字段 声明为可为 null。 [C:\001_AI\Ludots-gpu-commercial\src\Core\Ludots.Core.csproj]
C:\001_AI\Ludots-gpu-commercial\src\Core\Engine\GameEngine.cs(221,16): warning CS8618: 在退出构造函数时，不可为 null 的 字段 "_gameplayPresentationProjectionSystem" 必须包含非 null 值。请考虑添加 "required" 修饰符或将该 字段 声明为可为 null。 [C:\001_AI\Ludots-gpu-commercial\src\Core\Ludots.Core.csproj]
C:\001_AI\Ludots-gpu-commercial\src\Core\Engine\GameEngine.cs(221,16): warning CS8618: 在退出构造函数时，不可为 null 的 字段 "_authoritativeServerPresentationCleanupSystem" 必须包含非 null 值。请考虑添加 "required" 修饰符或将该 字段 声明为可为 null。 [C:\001_AI\Ludots-gpu-commercial\src\Core\Ludots.Core.csproj]
C:\001_AI\Ludots-gpu-commercial\src\Core\Engine\GameEngine.cs(221,16): warning CS8618: 在退出构造函数时，不可为 null 的 字段 "_gasGraphRuntimeApi" 必须包含非 null 值。请考虑添加 "required" 修饰符或将该 字段 声明为可为 null。 [C:\001_AI\Ludots-gpu-commercial\src\Core\Ludots.Core.csproj]
C:\001_AI\Ludots-gpu-commercial\src\Core\Engine\GameEngine.cs(221,16): warning CS8618: 在退出构造函数时，不可为 null 的 字段 "_groundOverlayBuffer" 必须包含非 null 值。请考虑添加 "required" 修饰符或将该 字段 声明为可为 null。 [C:\001_AI\Ludots-gpu-commercial\src\Core\Ludots.Core.csproj]
C:\001_AI\Ludots-gpu-commercial\src\Core\Engine\GameEngine.cs(221,16): warning CS8618: 在退出构造函数时，不可为 null 的 字段 "_splineRibbonBuffer" 必须包含非 null 值。请考虑添加 "required" 修饰符或将该 字段 声明为可为 null。 [C:\001_AI\Ludots-gpu-commercial\src\Core\Ludots.Core.csproj]
C:\001_AI\Ludots-gpu-commercial\src\Core\Engine\GameEngine.cs(221,16): warning CS8618: 在退出构造函数时，不可为 null 的 字段 "_worldHudBuffer" 必须包含非 null 值。请考虑添加 "required" 修饰符或将该 字段 声明为可为 null。 [C:\001_AI\Ludots-gpu-commercial\src\Core\Ludots.Core.csproj]
C:\001_AI\Ludots-gpu-commercial\src\Core\Engine\GameEngine.cs(221,16): warning CS8618: 在退出构造函数时，不可为 null 的 字段 "_physics2DController" 必须包含非 null 值。请考虑添加 "required" 修饰符或将该 字段 声明为可为 null。 [C:\001_AI\Ludots-gpu-commercial\src\Core\Ludots.Core.csproj]
C:\001_AI\Ludots-gpu-commercial\src\Core\Engine\GameEngine.cs(221,16): warning CS8618: 在退出构造函数时，不可为 null 的 字段 "_gasController" 必须包含非 null 值。请考虑添加 "required" 修饰符或将该 字段 声明为可为 null。 [C:\001_AI\Ludots-gpu-commercial\src\Core\Ludots.Core.csproj]
C:\001_AI\Ludots-gpu-commercial\src\Core\Engine\GameEngine.cs(221,16): warning CS8618: 在退出构造函数时，不可为 null 的 字段 "_timeFlow" 必须包含非 null 值。请考虑添加 "required" 修饰符或将该 字段 声明为可为 null。 [C:\001_AI\Ludots-gpu-commercial\src\Core\Ludots.Core.csproj]
C:\001_AI\Ludots-gpu-commercial\src\Core\Engine\GameEngine.cs(221,16): warning CS8618: 在退出构造函数时，不可为 null 的 字段 "_worldToGridSyncSystem" 必须包含非 null 值。请考虑添加 "required" 修饰符或将该 字段 声明为可为 null。 [C:\001_AI\Ludots-gpu-commercial\src\Core\Ludots.Core.csproj]
C:\001_AI\Ludots-gpu-commercial\src\Core\Engine\GameEngine.cs(221,16): warning CS8618: 在退出构造函数时，不可为 null 的 字段 "_spatialPartitionUpdateSystem" 必须包含非 null 值。请考虑添加 "required" 修饰符或将该 字段 声明为可为 null。 [C:\001_AI\Ludots-gpu-commercial\src\Core\Ludots.Core.csproj]
C:\001_AI\Ludots-gpu-commercial\src\Core\Engine\GameEngine.cs(221,16): warning CS8618: 在退出构造函数时，不可为 null 的 字段 "_jobScheduler" 必须包含非 null 值。请考虑添加 "required" 修饰符或将该 字段 声明为可为 null。 [C:\001_AI\Ludots-gpu-commercial\src\Core\Ludots.Core.csproj]
C:\001_AI\Ludots-gpu-commercial\src\Core\Engine\GameEngine.cs(221,16): warning CS8618: 在退出构造函数时，不可为 null 的 属性 "MergedConfig" 必须包含非 null 值。请考虑添加 "required" 修饰符或将该 属性 声明为可为 null。 [C:\001_AI\Ludots-gpu-commercial\src\Core\Ludots.Core.csproj]
C:\001_AI\Ludots-gpu-commercial\src\Core\Engine\GameEngine.cs(221,16): warning CS8618: 在退出构造函数时，不可为 null 的 属性 "ConflictReport" 必须包含非 null 值。请考虑添加 "required" 修饰符或将该 属性 声明为可为 null。 [C:\001_AI\Ludots-gpu-commercial\src\Core\Ludots.Core.csproj]
C:\001_AI\Ludots-gpu-commercial\src\Core\Engine\GameEngine.cs(221,16): warning CS8618: 在退出构造函数时，不可为 null 的 属性 "ConfigConflictReport" 必须包含非 null 值。请考虑添加 "required" 修饰符或将该 属性 声明为可为 null。 [C:\001_AI\Ludots-gpu-commercial\src\Core\Ludots.Core.csproj]
C:\001_AI\Ludots-gpu-commercial\src\Core\Engine\GameEngine.cs(221,16): warning CS8618: 在退出构造函数时，不可为 null 的 属性 "ConfigCatalog" 必须包含非 null 值。请考虑添加 "required" 修饰符或将该 属性 声明为可为 null。 [C:\001_AI\Ludots-gpu-commercial\src\Core\Ludots.Core.csproj]
C:\001_AI\Ludots-gpu-commercial\src\Core\Engine\GameEngine.cs(221,16): warning CS8618: 在退出构造函数时，不可为 null 的 属性 "CurrentMapSession" 必须包含非 null 值。请考虑添加 "required" 修饰符或将该 属性 声明为可为 null。 [C:\001_AI\Ludots-gpu-commercial\src\Core\Ludots.Core.csproj]
C:\001_AI\Ludots-gpu-commercial\src\Core\Navigation\Pathing\NodeGraphPathServiceAdapter.cs(31,22): warning CS8625: 无法将 null 字面量转换为非 null 的引用类型。 [C:\001_AI\Ludots-gpu-commercial\src\Core\Ludots.Core.csproj]
C:\001_AI\Ludots-gpu-commercial\src\Core\Navigation\Pathing\NodeGraphPathServiceAdapter.cs(28,16): warning CS8618: 在退出构造函数时，不可为 null 的 字段 "_graph" 必须包含非 null 值。请考虑添加 "required" 修饰符或将该 字段 声明为可为 null。 [C:\001_AI\Ludots-gpu-commercial\src\Core\Ludots.Core.csproj]
C:\001_AI\Ludots-gpu-commercial\src\Core\Modding\DependencyResolver.cs(11,32): warning CS8618: 在退出构造函数时，不可为 null 的 属性 "Manifest" 必须包含非 null 值。请考虑添加 "required" 修饰符或将该 属性 声明为可为 null。 [C:\001_AI\Ludots-gpu-commercial\src\Core\Ludots.Core.csproj]
C:\001_AI\Ludots-gpu-commercial\src\Core\Modding\ModManifest.cs(9,23): warning CS8618: 在退出构造函数时，不可为 null 的 属性 "Name" 必须包含非 null 值。请考虑添加 "required" 修饰符或将该 属性 声明为可为 null。 [C:\001_AI\Ludots-gpu-commercial\src\Core\Ludots.Core.csproj]
C:\001_AI\Ludots-gpu-commercial\src\Core\Modding\ModManifest.cs(12,23): warning CS8618: 在退出构造函数时，不可为 null 的 属性 "Version" 必须包含非 null 值。请考虑添加 "required" 修饰符或将该 属性 声明为可为 null。 [C:\001_AI\Ludots-gpu-commercial\src\Core\Ludots.Core.csproj]
C:\001_AI\Ludots-gpu-commercial\src\Core\Modding\ModManifest.cs(15,23): warning CS8618: 在退出构造函数时，不可为 null 的 属性 "Description" 必须包含非 null 值。请考虑添加 "required" 修饰符或将该 属性 声明为可为 null。 [C:\001_AI\Ludots-gpu-commercial\src\Core\Ludots.Core.csproj]
C:\001_AI\Ludots-gpu-commercial\src\Core\Modding\ModManifest.cs(18,23): warning CS8618: 在退出构造函数时，不可为 null 的 属性 "Main" 必须包含非 null 值。请考虑添加 "required" 修饰符或将该 属性 声明为可为 null。 [C:\001_AI\Ludots-gpu-commercial\src\Core\Ludots.Core.csproj]
C:\001_AI\Ludots-gpu-commercial\src\Core\Modding\ModManifest.cs(27,23): warning CS8618: 在退出构造函数时，不可为 null 的 属性 "Author" 必须包含非 null 值。请考虑添加 "required" 修饰符或将该 属性 声明为可为 null。 [C:\001_AI\Ludots-gpu-commercial\src\Core\Ludots.Core.csproj]
C:\001_AI\Ludots-gpu-commercial\src\Core\Modding\ModManifest.cs(30,23): warning CS8618: 在退出构造函数时，不可为 null 的 属性 "Url" 必须包含非 null 值。请考虑添加 "required" 修饰符或将该 属性 声明为可为 null。 [C:\001_AI\Ludots-gpu-commercial\src\Core\Ludots.Core.csproj]
C:\001_AI\Ludots-gpu-commercial\src\Core\Modding\ModManifest.cs(33,23): warning CS8618: 在退出构造函数时，不可为 null 的 属性 "Changelog" 必须包含非 null 值。请考虑添加 "required" 修饰符或将该 属性 声明为可为 null。 [C:\001_AI\Ludots-gpu-commercial\src\Core\Ludots.Core.csproj]
C:\001_AI\Ludots-gpu-commercial\src\Core\Modding\ModManifest.cs(36,29): warning CS8618: 在退出构造函数时，不可为 null 的 属性 "Tags" 必须包含非 null 值。请考虑添加 "required" 修饰符或将该 属性 声明为可为 null。 [C:\001_AI\Ludots-gpu-commercial\src\Core\Ludots.Core.csproj]
C:\001_AI\Ludots-gpu-commercial\src\Core\Modding\ModManifest.cs(39,29): warning CS8618: 在退出构造函数时，不可为 null 的 属性 "ProcessSharedAssemblies" 必须包含非 null 值。请考虑添加 "required" 修饰符或将该 属性 声明为可为 null。 [C:\001_AI\Ludots-gpu-commercial\src\Core\Ludots.Core.csproj]
C:\001_AI\Ludots-gpu-commercial\src\Core\Modding\ModManifest.cs(42,29): warning CS8618: 在退出构造函数时，不可为 null 的 属性 "TriggerGraphs" 必须包含非 null 值。请考虑添加 "required" 修饰符或将该 属性 声明为可为 null。 [C:\001_AI\Ludots-gpu-commercial\src\Core\Ludots.Core.csproj]
C:\001_AI\Ludots-gpu-commercial\src\Core\Systems\CameraCullingSystem.cs(258,66): warning CS8625: 无法将 null 字面量转换为非 null 的引用类型。 [C:\001_AI\Ludots-gpu-commercial\src\Core\Ludots.Core.csproj]
C:\001_AI\Ludots-gpu-commercial\src\Core\Systems\CameraCullingSystem.cs(281,66): warning CS8625: 无法将 null 字面量转换为非 null 的引用类型。 [C:\001_AI\Ludots-gpu-commercial\src\Core\Ludots.Core.csproj]
C:\001_AI\Ludots-gpu-commercial\src\Core\Gameplay\MapTriggers\CustomEventCatalog.cs(137,100): warning CS8604: “IReadOnlyList<MergedConfigEntry> ConfigPipeline.MergeArrayByIdFromCatalog(in ConfigCatalogEntry entry, ConfigConflictReport report = null)”中的形参“report”可能传入 null 引用实参。 [C:\001_AI\Ludots-gpu-commercial\src\Core\Ludots.Core.csproj]
C:\001_AI\Ludots-gpu-commercial\src\Core\Gameplay\MapTriggers\TriggerGraphMounting.cs(73,67): warning CS8604: “void TriggerGraphMounting.AppendMapMountTriggers(List<Trigger> triggers, MapSession session, GraphProgramRegistry programs, TriggerGraphMount mount, string mapId, CustomEventNameRegistry? customEvents, EventSchemaRegistry? eventSchemas)”中的形参“programs”可能传入 null 引用实参。 [C:\001_AI\Ludots-gpu-commercial\src\Core\Ludots.Core.csproj]
C:\001_AI\Ludots-gpu-commercial\src\Core\Modding\ModLoader.cs(64,16): warning CS8618: 在退出构造函数时，不可为 null 的 属性 "MapManager" 必须包含非 null 值。请考虑添加 "required" 修饰符或将该 属性 声明为可为 null。 [C:\001_AI\Ludots-gpu-commercial\src\Core\Ludots.Core.csproj]
C:\001_AI\Ludots-gpu-commercial\src\Core\NodeLibraries\GASGraph\Host\TriggerGraphHookWeaver.cs(123,74): warning CS8600: 将 null 文本或可能的 null 值转换为不可为 null 类型。 [C:\001_AI\Ludots-gpu-commercial\src\Core\Ludots.Core.csproj]
C:\001_AI\Ludots-gpu-commercial\src\Core\Navigation\AOI\HexGridAOI.cs(29,35): warning CS8618: 在退出构造函数时，不可为 null 的 事件 "ChunkLoaded" 必须包含非 null 值。请考虑添加 "required" 修饰符或将该 事件 声明为可为 null。 [C:\001_AI\Ludots-gpu-commercial\src\Core\Ludots.Core.csproj]
C:\001_AI\Ludots-gpu-commercial\src\Core\Navigation\AOI\HexGridAOI.cs(30,35): warning CS8618: 在退出构造函数时，不可为 null 的 事件 "ChunkUnloaded" 必须包含非 null 值。请考虑添加 "required" 修饰符或将该 事件 声明为可为 null。 [C:\001_AI\Ludots-gpu-commercial\src\Core\Ludots.Core.csproj]
C:\001_AI\Ludots-gpu-commercial\src\Core\Engine\GameEngine.cs(442,31): warning CS8601: 可能的 null 引用赋值。 [C:\001_AI\Ludots-gpu-commercial\src\Core\Ludots.Core.csproj]
C:\001_AI\Ludots-gpu-commercial\src\Core\NodeLibraries\GASGraph\Host\TriggerGraphHookWeaver.cs(167,50): warning CS8600: 将 null 文本或可能的 null 值转换为不可为 null 类型。 [C:\001_AI\Ludots-gpu-commercial\src\Core\Ludots.Core.csproj]
C:\001_AI\Ludots-gpu-commercial\src\Core\Input\Config\InputConfigModels.cs(78,23): warning CS8618: 在退出构造函数时，不可为 null 的 属性 "Name" 必须包含非 null 值。请考虑添加 "required" 修饰符或将该 属性 声明为可为 null。 [C:\001_AI\Ludots-gpu-commercial\src\Core\Ludots.Core.csproj]
C:\001_AI\Ludots-gpu-commercial\src\Core\Input\Config\InputConfigModels.cs(60,23): warning CS8618: 在退出构造函数时，不可为 null 的 属性 "ActionId" 必须包含非 null 值。请考虑添加 "required" 修饰符或将该 属性 声明为可为 null。 [C:\001_AI\Ludots-gpu-commercial\src\Core\Ludots.Core.csproj]
C:\001_AI\Ludots-gpu-commercial\src\Core\Input\Config\InputConfigModels.cs(61,23): warning CS8618: 在退出构造函数时，不可为 null 的 属性 "Path" 必须包含非 null 值。请考虑添加 "required" 修饰符或将该 属性 声明为可为 null。 [C:\001_AI\Ludots-gpu-commercial\src\Core\Ludots.Core.csproj]
C:\001_AI\Ludots-gpu-commercial\src\Core\Input\Config\InputConfigModels.cs(64,23): warning CS8618: 在退出构造函数时，不可为 null 的 属性 "CompositeType" 必须包含非 null 值。请考虑添加 "required" 修饰符或将该 属性 声明为可为 null。 [C:\001_AI\Ludots-gpu-commercial\src\Core\Ludots.Core.csproj]
C:\001_AI\Ludots-gpu-commercial\src\Core\Input\Config\InputConfigModels.cs(65,38): warning CS8618: 在退出构造函数时，不可为 null 的 属性 "CompositeParts" 必须包含非 null 值。请考虑添加 "required" 修饰符或将该 属性 声明为可为 null。 [C:\001_AI\Ludots-gpu-commercial\src\Core\Ludots.Core.csproj]
C:\001_AI\Ludots-gpu-commercial\src\Core\Config\ComponentRegistry.cs(1428,38): warning CS8600: 将 null 文本或可能的 null 值转换为不可为 null 类型。 [C:\001_AI\Ludots-gpu-commercial\src\Core\Ludots.Core.csproj]
C:\001_AI\Ludots-gpu-commercial\src\Core\Input\Config\InputConfigModels.cs(51,23): warning CS8618: 在退出构造函数时，不可为 null 的 属性 "Type" 必须包含非 null 值。请考虑添加 "required" 修饰符或将该 属性 声明为可为 null。 [C:\001_AI\Ludots-gpu-commercial\src\Core\Ludots.Core.csproj]
C:\001_AI\Ludots-gpu-commercial\src\Core\Input\Config\InputConfigModels.cs(42,23): warning CS8618: 在退出构造函数时，不可为 null 的 属性 "Name" 必须包含非 null 值。请考虑添加 "required" 修饰符或将该 属性 声明为可为 null。 [C:\001_AI\Ludots-gpu-commercial\src\Core\Ludots.Core.csproj]
C:\001_AI\Ludots-gpu-commercial\src\Core\Input\Config\InputConfigModels.cs(24,23): warning CS8618: 在退出构造函数时，不可为 null 的 属性 "Name" 必须包含非 null 值。请考虑添加 "required" 修饰符或将该 属性 声明为可为 null。 [C:\001_AI\Ludots-gpu-commercial\src\Core\Ludots.Core.csproj]
C:\001_AI\Ludots-gpu-commercial\src\Core\Scripting\TriggerManager.cs(1209,77): warning CS8602: 解引用可能出现空引用。 [C:\001_AI\Ludots-gpu-commercial\src\Core\Ludots.Core.csproj]
C:\001_AI\Ludots-gpu-commercial\src\Core\Presentation\Camera\CoreScreenProjector.cs(27,16): warning CS8618: 在退出构造函数时，不可为 null 的 字段 "_presenter" 必须包含非 null 值。请考虑添加 "required" 修饰符或将该 字段 声明为可为 null。 [C:\001_AI\Ludots-gpu-commercial\src\Core\Ludots.Core.csproj]
C:\001_AI\Ludots-gpu-commercial\src\Core\UI\ProductionOverview\ProductionOverviewContracts.cs(63,55): warning CS8618: 在退出构造函数时，不可为 null 的 属性 "WorkerBuckets" 必须包含非 null 值。请考虑添加 "required" 修饰符或将该 属性 声明为可为 null。 [C:\001_AI\Ludots-gpu-commercial\src\Core\Ludots.Core.csproj]
C:\001_AI\Ludots-gpu-commercial\src\Core\UI\ProductionOverview\ProductionOverviewContracts.cs(47,58): warning CS8618: 在退出构造函数时，不可为 null 的 属性 "Profiles" 必须包含非 null 值。请考虑添加 "required" 修饰符或将该 属性 声明为可为 null。 [C:\001_AI\Ludots-gpu-commercial\src\Core\Ludots.Core.csproj]
C:\001_AI\Ludots-gpu-commercial\src\Core\Input\Interaction\InteractionPref.cs(186,50): warning CS8618: 在退出构造函数时，不可为 null 的 属性 "Defaults" 必须包含非 null 值。请考虑添加 "required" 修饰符或将该 属性 声明为可为 null。 [C:\001_AI\Ludots-gpu-commercial\src\Core\Ludots.Core.csproj]
C:\001_AI\Ludots-gpu-commercial\src\Core\NodeLibraries\GASGraph\Host\TriggerGraphHookWeaver.cs(205,62): warning CS8600: 将 null 文本或可能的 null 值转换为不可为 null 类型。 [C:\001_AI\Ludots-gpu-commercial\src\Core\Ludots.Core.csproj]
C:\001_AI\Ludots-gpu-commercial\src\Core\NodeLibraries\GASGraph\Host\TriggerGraphHookWeaver.cs(215,84): warning CS8600: 将 null 文本或可能的 null 值转换为不可为 null 类型。 [C:\001_AI\Ludots-gpu-commercial\src\Core\Ludots.Core.csproj]
C:\001_AI\Ludots-gpu-commercial\src\Core\Gameplay\Items\InventoryRuntimeService.cs(894,78): warning CS8625: 无法将 null 字面量转换为非 null 的引用类型。 [C:\001_AI\Ludots-gpu-commercial\src\Core\Ludots.Core.csproj]
C:\001_AI\Ludots-gpu-commercial\src\Core\UI\CommandDeck\CommandDeckContracts.cs(48,51): warning CS8618: 在退出构造函数时，不可为 null 的 属性 "Profiles" 必须包含非 null 值。请考虑添加 "required" 修饰符或将该 属性 声明为可为 null。 [C:\001_AI\Ludots-gpu-commercial\src\Core\Ludots.Core.csproj]
C:\001_AI\Ludots-gpu-commercial\src\Core\NodeLibraries\GASGraph\Host\TriggerGraphHookWeaver.cs(322,68): warning CS8600: 将 null 文本或可能的 null 值转换为不可为 null 类型。 [C:\001_AI\Ludots-gpu-commercial\src\Core\Ludots.Core.csproj]
C:\001_AI\Ludots-gpu-commercial\src\Core\NodeLibraries\GASGraph\Host\TriggerGraphHookWeaver.cs(342,49): warning CS8600: 将 null 文本或可能的 null 值转换为不可为 null 类型。 [C:\001_AI\Ludots-gpu-commercial\src\Core\Ludots.Core.csproj]
C:\001_AI\Ludots-gpu-commercial\src\Core\Systems\MapLoader.cs(61,16): warning CS8618: 在退出构造函数时，不可为 null 的 字段 "_effectRequests" 必须包含非 null 值。请考虑添加 "required" 修饰符或将该 字段 声明为可为 null。 [C:\001_AI\Ludots-gpu-commercial\src\Core\Ludots.Core.csproj]
C:\001_AI\Ludots-gpu-commercial\src\Core\Systems\MapLoader.cs(61,16): warning CS8618: 在退出构造函数时，不可为 null 的 字段 "_stableIds" 必须包含非 null 值。请考虑添加 "required" 修饰符或将该 字段 声明为可为 null。 [C:\001_AI\Ludots-gpu-commercial\src\Core\Ludots.Core.csproj]
C:\001_AI\Ludots-gpu-commercial\src\Core\Systems\MapLoader.cs(61,16): warning CS8618: 在退出构造函数时，不可为 null 的 字段 "_presenterRuntime" 必须包含非 null 值。请考虑添加 "required" 修饰符或将该 字段 声明为可为 null。 [C:\001_AI\Ludots-gpu-commercial\src\Core\Ludots.Core.csproj]
C:\001_AI\Ludots-gpu-commercial\src\Core\Systems\MapLoader.cs(61,16): warning CS8618: 在退出构造函数时，不可为 null 的 字段 "_presenterDefinitions" 必须包含非 null 值。请考虑添加 "required" 修饰符或将该 字段 声明为可为 null。 [C:\001_AI\Ludots-gpu-commercial\src\Core\Ludots.Core.csproj]
C:\001_AI\Ludots-gpu-commercial\src\Core\Systems\MapLoader.cs(61,16): warning CS8618: 在退出构造函数时，不可为 null 的 字段 "_presenterBootstrap" 必须包含非 null 值。请考虑添加 "required" 修饰符或将该 字段 声明为可为 null。 [C:\001_AI\Ludots-gpu-commercial\src\Core\Ludots.Core.csproj]
C:\001_AI\Ludots-gpu-commercial\src\Core\Systems\MapLoader.cs(61,16): warning CS8618: 在退出构造函数时，不可为 null 的 字段 "_meshAssets" 必须包含非 null 值。请考虑添加 "required" 修饰符或将该 字段 声明为可为 null。 [C:\001_AI\Ludots-gpu-commercial\src\Core\Ludots.Core.csproj]
C:\001_AI\Ludots-gpu-commercial\src\Core\Systems\MapLoader.cs(61,16): warning CS8618: 在退出构造函数时，不可为 null 的 字段 "_instancedBatchAssets" 必须包含非 null 值。请考虑添加 "required" 修饰符或将该 字段 声明为可为 null。 [C:\001_AI\Ludots-gpu-commercial\src\Core\Ludots.Core.csproj]
C:\001_AI\Ludots-gpu-commercial\src\Core\Gameplay\Items\InventoryRuntimeService.cs(1089,88): warning CS8625: 无法将 null 字面量转换为非 null 的引用类型。 [C:\001_AI\Ludots-gpu-commercial\src\Core\Ludots.Core.csproj]
C:\001_AI\Ludots-gpu-commercial\src\Core\Input\Interaction\InteractionModeMap.cs(86,43): warning CS8625: 无法将 null 字面量转换为非 null 的引用类型。 [C:\001_AI\Ludots-gpu-commercial\src\Core\Ludots.Core.csproj]
C:\001_AI\Ludots-gpu-commercial\src\Core\Gameplay\Items\InventoryRuntimeService.cs(1128,100): warning CS8625: 无法将 null 字面量转换为非 null 的引用类型。 [C:\001_AI\Ludots-gpu-commercial\src\Core\Ludots.Core.csproj]
C:\001_AI\Ludots-gpu-commercial\src\Core\Navigation\Pathing\Config\PathingConfig.cs(59,23): warning CS8618: 在退出构造函数时，不可为 null 的 属性 "Tag" 必须包含非 null 值。请考虑添加 "required" 修饰符或将该 属性 声明为可为 null。 [C:\001_AI\Ludots-gpu-commercial\src\Core\Ludots.Core.csproj]
C:\001_AI\Ludots-gpu-commercial\src\Core\Systems\MapLoader.cs(118,35): warning CS8601: 可能的 null 引用赋值。 [C:\001_AI\Ludots-gpu-commercial\src\Core\Ludots.Core.csproj]
C:\001_AI\Ludots-gpu-commercial\src\Core\Navigation\Pathing\Config\PathingConfig.cs(13,23): warning CS8618: 在退出构造函数时，不可为 null 的 属性 "Id" 必须包含非 null 值。请考虑添加 "required" 修饰符或将该 属性 声明为可为 null。 [C:\001_AI\Ludots-gpu-commercial\src\Core\Ludots.Core.csproj]
C:\001_AI\Ludots-gpu-commercial\src\Core\Navigation\Pathing\Config\PathingConfig.cs(14,23): warning CS8618: 在退出构造函数时，不可为 null 的 属性 "ProfileId" 必须包含非 null 值。请考虑添加 "required" 修饰符或将该 属性 声明为可为 null。 [C:\001_AI\Ludots-gpu-commercial\src\Core\Ludots.Core.csproj]
C:\001_AI\Ludots-gpu-commercial\src\Core\Navigation\Pathing\AutoPathService.cs(39,29): warning CS8625: 无法将 null 字面量转换为非 null 的引用类型。 [C:\001_AI\Ludots-gpu-commercial\src\Core\Ludots.Core.csproj]
C:\001_AI\Ludots-gpu-commercial\src\Core\Navigation\Pathing\AutoPathService.cs(35,16): warning CS8618: 在退出构造函数时，不可为 null 的 字段 "_graphRuntime" 必须包含非 null 值。请考虑添加 "required" 修饰符或将该 字段 声明为可为 null。 [C:\001_AI\Ludots-gpu-commercial\src\Core\Ludots.Core.csproj]
C:\001_AI\Ludots-gpu-commercial\src\Core\Scripting\ServiceKey.cs(92,48): warning CS8601: 可能的 null 引用赋值。 [C:\001_AI\Ludots-gpu-commercial\src\Core\Ludots.Core.csproj]
C:\001_AI\Ludots-gpu-commercial\src\Core\Input\Interaction\InteractionMode.cs(42,48): warning CS8618: 在退出构造函数时，不可为 null 的 属性 "Contexts" 必须包含非 null 值。请考虑添加 "required" 修饰符或将该 属性 声明为可为 null。 [C:\001_AI\Ludots-gpu-commercial\src\Core\Ludots.Core.csproj]
C:\001_AI\Ludots-gpu-commercial\src\Core\Input\Interaction\InteractionMode.cs(29,48): warning CS8618: 在退出构造函数时，不可为 null 的 属性 "Modes" 必须包含非 null 值。请考虑添加 "required" 修饰符或将该 属性 声明为可为 null。 [C:\001_AI\Ludots-gpu-commercial\src\Core\Ludots.Core.csproj]
C:\001_AI\Ludots-gpu-commercial\src\Core\Navigation\Pathing\AutoPathService.cs(66,22): warning CS8625: 无法将 null 字面量转换为非 null 的引用类型。 [C:\001_AI\Ludots-gpu-commercial\src\Core\Ludots.Core.csproj]
C:\001_AI\Ludots-gpu-commercial\src\Core\Navigation\Pathing\AutoPathService.cs(67,27): warning CS8625: 无法将 null 字面量转换为非 null 的引用类型。 [C:\001_AI\Ludots-gpu-commercial\src\Core\Ludots.Core.csproj]
C:\001_AI\Ludots-gpu-commercial\src\Core\Navigation\Pathing\AutoPathService.cs(63,16): warning CS8618: 在退出构造函数时，不可为 null 的 字段 "_graph" 必须包含非 null 值。请考虑添加 "required" 修饰符或将该 字段 声明为可为 null。 [C:\001_AI\Ludots-gpu-commercial\src\Core\Ludots.Core.csproj]
C:\001_AI\Ludots-gpu-commercial\src\Core\Navigation\Pathing\AutoPathService.cs(63,16): warning CS8618: 在退出构造函数时，不可为 null 的 字段 "_graphIndex" 必须包含非 null 值。请考虑添加 "required" 修饰符或将该 字段 声明为可为 null。 [C:\001_AI\Ludots-gpu-commercial\src\Core\Ludots.Core.csproj]
C:\001_AI\Ludots-gpu-commercial\src\Core\Navigation\Pathing\AutoPathService.cs(95,29): warning CS8625: 无法将 null 字面量转换为非 null 的引用类型。 [C:\001_AI\Ludots-gpu-commercial\src\Core\Ludots.Core.csproj]
C:\001_AI\Ludots-gpu-commercial\src\Core\Navigation\Pathing\AutoPathService.cs(91,16): warning CS8618: 在退出构造函数时，不可为 null 的 字段 "_graphRuntime" 必须包含非 null 值。请考虑添加 "required" 修饰符或将该 字段 声明为可为 null。 [C:\001_AI\Ludots-gpu-commercial\src\Core\Ludots.Core.csproj]
C:\001_AI\Ludots-gpu-commercial\src\Core\Scripting\ScriptContext.cs(50,20): warning CS8603: 可能返回 null 引用。 [C:\001_AI\Ludots-gpu-commercial\src\Core\Ludots.Core.csproj]
C:\001_AI\Ludots-gpu-commercial\src\Core\Navigation\Pathing\AutoPathService.cs(122,22): warning CS8625: 无法将 null 字面量转换为非 null 的引用类型。 [C:\001_AI\Ludots-gpu-commercial\src\Core\Ludots.Core.csproj]
C:\001_AI\Ludots-gpu-commercial\src\Core\Navigation\Pathing\AutoPathService.cs(123,27): warning CS8625: 无法将 null 字面量转换为非 null 的引用类型。 [C:\001_AI\Ludots-gpu-commercial\src\Core\Ludots.Core.csproj]
C:\001_AI\Ludots-gpu-commercial\src\Core\Navigation\Pathing\AutoPathService.cs(119,16): warning CS8618: 在退出构造函数时，不可为 null 的 字段 "_graph" 必须包含非 null 值。请考虑添加 "required" 修饰符或将该 字段 声明为可为 null。 [C:\001_AI\Ludots-gpu-commercial\src\Core\Ludots.Core.csproj]
C:\001_AI\Ludots-gpu-commercial\src\Core\Navigation\Pathing\AutoPathService.cs(119,16): warning CS8618: 在退出构造函数时，不可为 null 的 字段 "_graphIndex" 必须包含非 null 值。请考虑添加 "required" 修饰符或将该 字段 声明为可为 null。 [C:\001_AI\Ludots-gpu-commercial\src\Core\Ludots.Core.csproj]
C:\001_AI\Ludots-gpu-commercial\src\Core\Navigation\GraphWorld\WorldGridLoadedChunks.cs(29,16): warning CS8618: 在退出构造函数时，不可为 null 的 事件 "ChunkLoaded" 必须包含非 null 值。请考虑添加 "required" 修饰符或将该 事件 声明为可为 null。 [C:\001_AI\Ludots-gpu-commercial\src\Core\Ludots.Core.csproj]
C:\001_AI\Ludots-gpu-commercial\src\Core\Navigation\GraphWorld\WorldGridLoadedChunks.cs(29,16): warning CS8618: 在退出构造函数时，不可为 null 的 事件 "ChunkUnloaded" 必须包含非 null 值。请考虑添加 "required" 修饰符或将该 事件 声明为可为 null。 [C:\001_AI\Ludots-gpu-commercial\src\Core\Ludots.Core.csproj]
C:\001_AI\Ludots-gpu-commercial\src\Core\Modding\ModLoader.cs(417,36): warning CS8600: 将 null 文本或可能的 null 值转换为不可为 null 类型。 [C:\001_AI\Ludots-gpu-commercial\src\Core\Ludots.Core.csproj]
C:\001_AI\Ludots-gpu-commercial\src\Core\Modding\ModLoader.cs(418,45): warning CS8604: “void ModLoader.CacheSharedAssembly(Assembly assembly)”中的形参“assembly”可能传入 null 引用实参。 [C:\001_AI\Ludots-gpu-commercial\src\Core\Ludots.Core.csproj]
C:\001_AI\Ludots-gpu-commercial\src\Core\Modding\ModLoader.cs(445,36): warning CS8619: 类型“Type?[]”的值中引用类型的为 Null 性与目标类型“Type[]”不匹配。 [C:\001_AI\Ludots-gpu-commercial\src\Core\Ludots.Core.csproj]
C:\001_AI\Ludots-gpu-commercial\src\Core\Modding\ModLoader.cs(491,46): warning CS8600: 将 null 文本或可能的 null 值转换为不可为 null 类型。 [C:\001_AI\Ludots-gpu-commercial\src\Core\Ludots.Core.csproj]
C:\001_AI\Ludots-gpu-commercial\src\Core\Modding\ModLoader.cs(492,56): warning CS8604: “void IMapManager.RegisterMap(MapDefinition definition)”中的形参“definition”可能传入 null 引用实参。 [C:\001_AI\Ludots-gpu-commercial\src\Core\Ludots.Core.csproj]
C:\001_AI\Ludots-gpu-commercial\src\Core\Scripting\FunctionRegistry.cs(41,20): warning CS8603: 可能返回 null 引用。 [C:\001_AI\Ludots-gpu-commercial\src\Core\Ludots.Core.csproj]
C:\001_AI\Ludots-gpu-commercial\src\Core\Scripting\FunctionRegistry.cs(15,44): warning CS8618: 在退出构造函数时，不可为 null 的 字段 "_conflictReport" 必须包含非 null 值。请考虑添加 "required" 修饰符或将该 字段 声明为可为 null。 [C:\001_AI\Ludots-gpu-commercial\src\Core\Ludots.Core.csproj]
C:\001_AI\Ludots-gpu-commercial\src\Core\Modding\ModLoader.cs(538,57): warning CS8603: 可能返回 null 引用。 [C:\001_AI\Ludots-gpu-commercial\src\Core\Ludots.Core.csproj]
C:\001_AI\Ludots-gpu-commercial\src\Core\Modding\ModLoader.cs(539,20): warning CS8603: 可能返回 null 引用。 [C:\001_AI\Ludots-gpu-commercial\src\Core\Ludots.Core.csproj]
C:\001_AI\Ludots-gpu-commercial\src\Core\Modding\ModLoader.cs(546,39): warning CS8601: 可能的 null 引用赋值。 [C:\001_AI\Ludots-gpu-commercial\src\Core\Ludots.Core.csproj]
C:\001_AI\Ludots-gpu-commercial\src\Core\Navigation\NavMesh\NavTileStore.cs(34,52): warning CS8601: 可能的 null 引用赋值。 [C:\001_AI\Ludots-gpu-commercial\src\Core\Ludots.Core.csproj]
C:\001_AI\Ludots-gpu-commercial\src\Core\Navigation\NavMesh\NavTileStore.cs(87,22): warning CS8601: 可能的 null 引用赋值。 [C:\001_AI\Ludots-gpu-commercial\src\Core\Ludots.Core.csproj]
C:\001_AI\Ludots-gpu-commercial\src\Core\Navigation\GraphWorld\ChunkedNodeGraphStore.cs(38,33): warning CS8625: 无法将 null 字面量转换为非 null 的引用类型。 [C:\001_AI\Ludots-gpu-commercial\src\Core\Ludots.Core.csproj]
C:\001_AI\Ludots-gpu-commercial\src\Core\Scripting\EnumCatalog.cs(260,100): warning CS8604: “IReadOnlyList<MergedConfigEntry> ConfigPipeline.MergeArrayByIdFromCatalog(in ConfigCatalogEntry entry, ConfigConflictReport report = null)”中的形参“report”可能传入 null 引用实参。 [C:\001_AI\Ludots-gpu-commercial\src\Core\Ludots.Core.csproj]
C:\001_AI\Ludots-gpu-commercial\src\Core\Navigation\GraphWorld\ChunkedNodeGraphStore.cs(78,54): warning CS8601: 可能的 null 引用赋值。 [C:\001_AI\Ludots-gpu-commercial\src\Core\Ludots.Core.csproj]
C:\001_AI\Ludots-gpu-commercial\src\Core\Navigation\NavMesh\NavTileModels.cs(94,29): warning CS8625: 无法将 null 字面量转换为非 null 的引用类型。 [C:\001_AI\Ludots-gpu-commercial\src\Core\Ludots.Core.csproj]
C:\001_AI\Ludots-gpu-commercial\src\Core\Gameplay\Sequencer\SequencerConfigLoader.cs(32,53): warning CS8604: “ConfigCatalogEntry ConfigPipeline.RequireEntry(ConfigCatalog catalog, string path, ConfigMergePolicy defaultPolicy, string defaultIdField = "id")”中的形参“catalog”可能传入 null 引用实参。 [C:\001_AI\Ludots-gpu-commercial\src\Core\Ludots.Core.csproj]
C:\001_AI\Ludots-gpu-commercial\src\Core\Gameplay\Sequencer\SequencerConfigLoader.cs(33,72): warning CS8604: “IReadOnlyList<MergedConfigEntry> ConfigPipeline.MergeArrayByIdFromCatalog(in ConfigCatalogEntry entry, ConfigConflictReport report = null)”中的形参“report”可能传入 null 引用实参。 [C:\001_AI\Ludots-gpu-commercial\src\Core\Ludots.Core.csproj]
C:\001_AI\Ludots-gpu-commercial\src\Core\Navigation\GraphWorld\ChunkedNodeGraphStore.cs(11,31): warning CS8618: 在退出构造函数时，不可为 null 的 字段 "_loadedChunks" 必须包含非 null 值。请考虑添加 "required" 修饰符或将该 字段 声明为可为 null。 [C:\001_AI\Ludots-gpu-commercial\src\Core\Ludots.Core.csproj]
C:\001_AI\Ludots-gpu-commercial\src\Core\Modding\ModLoadContext.cs(106,20): warning CS8603: 可能返回 null 引用。 [C:\001_AI\Ludots-gpu-commercial\src\Core\Ludots.Core.csproj]
C:\001_AI\Ludots-gpu-commercial\src\Core\Modding\ModLoadContext.cs(111,24): warning CS8625: 无法将 null 字面量转换为非 null 的引用类型。 [C:\001_AI\Ludots-gpu-commercial\src\Core\Ludots.Core.csproj]
C:\001_AI\Ludots-gpu-commercial\src\Core\Modding\ModLoadContext.cs(125,24): warning CS8601: 可能的 null 引用赋值。 [C:\001_AI\Ludots-gpu-commercial\src\Core\Ludots.Core.csproj]
C:\001_AI\Ludots-gpu-commercial\src\Core\Modding\ModLoadContext.cs(178,24): warning CS8601: 可能的 null 引用赋值。 [C:\001_AI\Ludots-gpu-commercial\src\Core\Ludots.Core.csproj]
C:\001_AI\Ludots-gpu-commercial\src\Core\Gameplay\Relationships\Config\RelationshipCatalogPipelineLoader.cs(28,53): warning CS8604: “ConfigCatalogEntry ConfigPipeline.RequireEntry(ConfigCatalog catalog, string path, ConfigMergePolicy defaultPolicy, string defaultIdField = "id")”中的形参“catalog”可能传入 null 引用实参。 [C:\001_AI\Ludots-gpu-commercial\src\Core\Ludots.Core.csproj]
C:\001_AI\Ludots-gpu-commercial\src\Core\Config\ComponentRegistry.cs(2066,56): warning CS8600: 将 null 文本或可能的 null 值转换为不可为 null 类型。 [C:\001_AI\Ludots-gpu-commercial\src\Core\Ludots.Core.csproj]
C:\001_AI\Ludots-gpu-commercial\src\Core\Config\ComponentRegistry.cs(2097,56): warning CS8600: 将 null 文本或可能的 null 值转换为不可为 null 类型。 [C:\001_AI\Ludots-gpu-commercial\src\Core\Ludots.Core.csproj]
C:\001_AI\Ludots-gpu-commercial\src\Core\Navigation\NavMesh\NavTileBuilder.cs(83,24): warning CS8625: 无法将 null 字面量转换为非 null 的引用类型。 [C:\001_AI\Ludots-gpu-commercial\src\Core\Ludots.Core.csproj]
C:\001_AI\Ludots-gpu-commercial\src\Core\Gameplay\MapTriggers\TriggerGraphMount.cs(166,49): warning CS8604: “TriggerGraphMount.TriggerGraphMount(string graph, string scopeInstanceId, TriggerGraphMountDomain domain, string ability, TriggerGraphMountRoute route)”中的形参“scopeInstanceId”可能传入 null 引用实参。 [C:\001_AI\Ludots-gpu-commercial\src\Core\Ludots.Core.csproj]
C:\001_AI\Ludots-gpu-commercial\src\Core\Gameplay\MapTriggers\TriggerGraphMount.cs(166,74): warning CS8604: “TriggerGraphMount.TriggerGraphMount(string graph, string scopeInstanceId, TriggerGraphMountDomain domain, string ability, TriggerGraphMountRoute route)”中的形参“ability”可能传入 null 引用实参。 [C:\001_AI\Ludots-gpu-commercial\src\Core\Ludots.Core.csproj]
C:\001_AI\Ludots-gpu-commercial\src\Core\Input\Interaction\InteractionContextProfileConfigLoader.cs(162,43): warning CS8604: “void InteractionContextProfileConfigLoader.RequireTrimmedWhenPresent(string value, string path)”中的形参“value”可能传入 null 引用实参。 [C:\001_AI\Ludots-gpu-commercial\src\Core\Ludots.Core.csproj]
C:\001_AI\Ludots-gpu-commercial\src\Core\Navigation\NavMesh\NavTileBuilder.cs(100,20): warning CS8625: 无法将 null 字面量转换为非 null 的引用类型。 [C:\001_AI\Ludots-gpu-commercial\src\Core\Ludots.Core.csproj]
C:\001_AI\Ludots-gpu-commercial\src\Core\Gameplay\MapTriggers\TriggerGraphMomentBridgeSystem.cs(69,25): warning CS0618: “ContextKeys”已过时:“Use CoreServiceKeys with ServiceKey<T> for type-safe access. This class will be removed in a future release.” [C:\001_AI\Ludots-gpu-commercial\src\Core\Ludots.Core.csproj]
C:\001_AI\Ludots-gpu-commercial\src\Core\Input\Interaction\InteractionContextProfile.cs(37,23): warning CS8618: 在退出构造函数时，不可为 null 的 属性 "FilterProfileId" 必须包含非 null 值。请考虑添加 "required" 修饰符或将该 属性 声明为可为 null。 [C:\001_AI\Ludots-gpu-commercial\src\Core\Ludots.Core.csproj]
C:\001_AI\Ludots-gpu-commercial\src\Core\Input\Interaction\InteractionContextProfile.cs(40,23): warning CS8618: 在退出构造函数时，不可为 null 的 属性 "InputContextId" 必须包含非 null 值。请考虑添加 "required" 修饰符或将该 属性 声明为可为 null。 [C:\001_AI\Ludots-gpu-commercial\src\Core\Ludots.Core.csproj]
C:\001_AI\Ludots-gpu-commercial\src\Core\Input\Interaction\InteractionContextProfile.cs(43,23): warning CS8618: 在退出构造函数时，不可为 null 的 属性 "CommandIntentId" 必须包含非 null 值。请考虑添加 "required" 修饰符或将该 属性 声明为可为 null。 [C:\001_AI\Ludots-gpu-commercial\src\Core\Ludots.Core.csproj]
C:\001_AI\Ludots-gpu-commercial\src\Core\Input\Interaction\InteractionContextProfile.cs(20,58): warning CS8618: 在退出构造函数时，不可为 null 的 属性 "Profiles" 必须包含非 null 值。请考虑添加 "required" 修饰符或将该 属性 声明为可为 null。 [C:\001_AI\Ludots-gpu-commercial\src\Core\Ludots.Core.csproj]
C:\001_AI\Ludots-gpu-commercial\src\Core\Navigation\GraphWorld\LoadedGraphRuntime.cs(87,43): warning CS8625: 无法将 null 字面量转换为非 null 的引用类型。 [C:\001_AI\Ludots-gpu-commercial\src\Core\Ludots.Core.csproj]
C:\001_AI\Ludots-gpu-commercial\src\Core\Gameplay\MapTriggers\GasEventTriggerBridgeSystem.cs(107,25): warning CS0618: “ContextKeys”已过时:“Use CoreServiceKeys with ServiceKey<T> for type-safe access. This class will be removed in a future release.” [C:\001_AI\Ludots-gpu-commercial\src\Core\Ludots.Core.csproj]
C:\001_AI\Ludots-gpu-commercial\src\Core\UI\EntityCommandPanels\AbilityAggregationProfile.cs(12,58): warning CS8618: 在退出构造函数时，不可为 null 的 属性 "Profiles" 必须包含非 null 值。请考虑添加 "required" 修饰符或将该 属性 声明为可为 null。 [C:\001_AI\Ludots-gpu-commercial\src\Core\Ludots.Core.csproj]
C:\001_AI\Ludots-gpu-commercial\src\Core\UI\EntityCommandPanels\AbilityAggregationProfile.cs(25,23): warning CS8618: 在退出构造函数时，不可为 null 的 属性 "Overflow" 必须包含非 null 值。请考虑添加 "required" 修饰符或将该 属性 声明为可为 null。 [C:\001_AI\Ludots-gpu-commercial\src\Core\Ludots.Core.csproj]
C:\001_AI\Ludots-gpu-commercial\src\Core\Engine\GameContext.cs(24,21): warning CS8603: 可能返回 null 引用。 [C:\001_AI\Ludots-gpu-commercial\src\Core\Ludots.Core.csproj]
C:\001_AI\Ludots-gpu-commercial\src\Core\Input\Interaction\CastCommitProfile.cs(154,50): warning CS8618: 在退出构造函数时，不可为 null 的 属性 "Profiles" 必须包含非 null 值。请考虑添加 "required" 修饰符或将该 属性 声明为可为 null。 [C:\001_AI\Ludots-gpu-commercial\src\Core\Ludots.Core.csproj]
C:\001_AI\Ludots-gpu-commercial\src\Core\Input\Interaction\CastCommitProfile.cs(165,45): warning CS8618: 在退出构造函数时，不可为 null 的 属性 "OnActivate" 必须包含非 null 值。请考虑添加 "required" 修饰符或将该 属性 声明为可为 null。 [C:\001_AI\Ludots-gpu-commercial\src\Core\Ludots.Core.csproj]
C:\001_AI\Ludots-gpu-commercial\src\Core\Input\Interaction\CastCommitProfile.cs(168,65): warning CS8618: 在退出构造函数时，不可为 null 的 属性 "FrameActions" 必须包含非 null 值。请考虑添加 "required" 修饰符或将该 属性 声明为可为 null。 [C:\001_AI\Ludots-gpu-commercial\src\Core\Ludots.Core.csproj]
C:\001_AI\Ludots-gpu-commercial\src\Core\Input\Interaction\CastCommitProfile.cs(177,43): warning CS8618: 在退出构造函数时，不可为 null 的 属性 "Payload" 必须包含非 null 值。请考虑添加 "required" 修饰符或将该 属性 声明为可为 null。 [C:\001_AI\Ludots-gpu-commercial\src\Core\Ludots.Core.csproj]
C:\001_AI\Ludots-gpu-commercial\src\Core\Input\Interaction\CastCommitProfile.cs(180,23): warning CS8618: 在退出构造函数时，不可为 null 的 属性 "ContextProfileId" 必须包含非 null 值。请考虑添加 "required" 修饰符或将该 属性 声明为可为 null。 [C:\001_AI\Ludots-gpu-commercial\src\Core\Ludots.Core.csproj]
C:\001_AI\Ludots-gpu-commercial\src\Core\Gameplay\Story\StoryConfigLoader.cs(39,53): warning CS8604: “ConfigCatalogEntry ConfigPipeline.RequireEntry(ConfigCatalog catalog, string path, ConfigMergePolicy defaultPolicy, string defaultIdField = "id")”中的形参“catalog”可能传入 null 引用实参。 [C:\001_AI\Ludots-gpu-commercial\src\Core\Ludots.Core.csproj]
C:\001_AI\Ludots-gpu-commercial\src\Core\Gameplay\Story\StoryConfigLoader.cs(40,72): warning CS8604: “IReadOnlyList<MergedConfigEntry> ConfigPipeline.MergeArrayByIdFromCatalog(in ConfigCatalogEntry entry, ConfigConflictReport report = null)”中的形参“report”可能传入 null 引用实参。 [C:\001_AI\Ludots-gpu-commercial\src\Core\Ludots.Core.csproj]
C:\001_AI\Ludots-gpu-commercial\src\Core\Gameplay\Story\StoryConfigLoader.cs(52,53): warning CS8604: “ConfigCatalogEntry ConfigPipeline.RequireEntry(ConfigCatalog catalog, string path, ConfigMergePolicy defaultPolicy, string defaultIdField = "id")”中的形参“catalog”可能传入 null 引用实参。 [C:\001_AI\Ludots-gpu-commercial\src\Core\Ludots.Core.csproj]
C:\001_AI\Ludots-gpu-commercial\src\Core\Gameplay\Story\StoryConfigLoader.cs(53,72): warning CS8604: “IReadOnlyList<MergedConfigEntry> ConfigPipeline.MergeArrayByIdFromCatalog(in ConfigCatalogEntry entry, ConfigConflictReport report = null)”中的形参“report”可能传入 null 引用实参。 [C:\001_AI\Ludots-gpu-commercial\src\Core\Ludots.Core.csproj]
C:\001_AI\Ludots-gpu-commercial\src\Core\Gameplay\Story\StoryConfigLoader.cs(72,53): warning CS8604: “ConfigCatalogEntry ConfigPipeline.RequireEntry(ConfigCatalog catalog, string path, ConfigMergePolicy defaultPolicy, string defaultIdField = "id")”中的形参“catalog”可能传入 null 引用实参。 [C:\001_AI\Ludots-gpu-commercial\src\Core\Ludots.Core.csproj]
C:\001_AI\Ludots-gpu-commercial\src\Core\Gameplay\Story\StoryConfigLoader.cs(73,72): warning CS8604: “IReadOnlyList<MergedConfigEntry> ConfigPipeline.MergeArrayByIdFromCatalog(in ConfigCatalogEntry entry, ConfigConflictReport report = null)”中的形参“report”可能传入 null 引用实参。 [C:\001_AI\Ludots-gpu-commercial\src\Core\Ludots.Core.csproj]
C:\001_AI\Ludots-gpu-commercial\src\Core\Navigation\NavMesh\Bake\BakeArtifactBuilder.cs(35,16): warning CS8618: 在退出构造函数时，不可为 null 的 属性 "ContourRings" 必须包含非 null 值。请考虑添加 "required" 修饰符或将该 属性 声明为可为 null。 [C:\001_AI\Ludots-gpu-commercial\src\Core\Ludots.Core.csproj]
C:\001_AI\Ludots-gpu-commercial\src\Core\Gameplay\MapTriggers\MapEntityLifecycleObserverSystem.cs(78,51): warning CS8600: 将 null 文本或可能的 null 值转换为不可为 null 类型。 [C:\001_AI\Ludots-gpu-commercial\src\Core\Ludots.Core.csproj]
C:\001_AI\Ludots-gpu-commercial\src\Core\Gameplay\MapTriggers\MapDeathRuleSystem.cs(62,83): warning CS8600: 将 null 文本或可能的 null 值转换为不可为 null 类型。 [C:\001_AI\Ludots-gpu-commercial\src\Core\Ludots.Core.csproj]
C:\001_AI\Ludots-gpu-commercial\src\Core\Gameplay\Tasks\TaskConfigLoader.cs(46,72): warning CS8604: “IReadOnlyList<MergedConfigEntry> ConfigPipeline.MergeArrayByIdFromCatalog(in ConfigCatalogEntry entry, ConfigConflictReport report = null)”中的形参“report”可能传入 null 引用实参。 [C:\001_AI\Ludots-gpu-commercial\src\Core\Ludots.Core.csproj]
C:\001_AI\Ludots-gpu-commercial\src\Core\Gameplay\MapTriggers\MapEntityLifecycleObserverSystem.cs(150,49): warning CS8600: 将 null 文本或可能的 null 值转换为不可为 null 类型。 [C:\001_AI\Ludots-gpu-commercial\src\Core\Ludots.Core.csproj]
C:\001_AI\Ludots-gpu-commercial\src\Core\Navigation\NavMesh\Bake\Triangulator.cs(81,21): warning CS8625: 无法将 null 字面量转换为非 null 的引用类型。 [C:\001_AI\Ludots-gpu-commercial\src\Core\Ludots.Core.csproj]
C:\001_AI\Ludots-gpu-commercial\src\Core\Navigation\NavMesh\Config\NavMeshBakeConfigLoader.cs(106,52): warning CS8604: “ConfigPipeline.ConfigPipeline(VirtualFileSystem vfs, ModLoader modLoader)”中的形参“modLoader”可能传入 null 引用实参。 [C:\001_AI\Ludots-gpu-commercial\src\Core\Ludots.Core.csproj]
C:\001_AI\Ludots-gpu-commercial\src\Core\Navigation\NavMesh\NavQueryServiceRegistry.cs(43,84): warning CS8601: 可能的 null 引用赋值。 [C:\001_AI\Ludots-gpu-commercial\src\Core\Ludots.Core.csproj]
C:\001_AI\Ludots-gpu-commercial\src\Core\Navigation\NavMesh\NavQueryServiceRegistry.cs(53,23): warning CS8625: 无法将 null 字面量转换为非 null 的引用类型。 [C:\001_AI\Ludots-gpu-commercial\src\Core\Ludots.Core.csproj]
C:\001_AI\Ludots-gpu-commercial\src\Core\Input\Interaction\FilterProfile.cs(42,46): warning CS8618: 在退出构造函数时，不可为 null 的 属性 "AssociationQuery" 必须包含非 null 值。请考虑添加 "required" 修饰符或将该 属性 声明为可为 null。 [C:\001_AI\Ludots-gpu-commercial\src\Core\Ludots.Core.csproj]
C:\001_AI\Ludots-gpu-commercial\src\Core\Input\Interaction\FilterProfile.cs(43,37): warning CS8618: 在退出构造函数时，不可为 null 的 属性 "Exclude" 必须包含非 null 值。请考虑添加 "required" 修饰符或将该 属性 声明为可为 null。 [C:\001_AI\Ludots-gpu-commercial\src\Core\Ludots.Core.csproj]
C:\001_AI\Ludots-gpu-commercial\src\Core\Input\Interaction\FilterProfile.cs(44,37): warning CS8618: 在退出构造函数时，不可为 null 的 属性 "Include" 必须包含非 null 值。请考虑添加 "required" 修饰符或将该 属性 声明为可为 null。 [C:\001_AI\Ludots-gpu-commercial\src\Core\Ludots.Core.csproj]
C:\001_AI\Ludots-gpu-commercial\src\Core\Input\Interaction\FilterProfile.cs(35,46): warning CS8618: 在退出构造函数时，不可为 null 的 属性 "Profiles" 必须包含非 null 值。请考虑添加 "required" 修饰符或将该 属性 声明为可为 null。 [C:\001_AI\Ludots-gpu-commercial\src\Core\Ludots.Core.csproj]
C:\001_AI\Ludots-gpu-commercial\src\Core\Navigation\NavMesh\Bake\Triangulator.cs(120,21): warning CS8625: 无法将 null 字面量转换为非 null 的引用类型。 [C:\001_AI\Ludots-gpu-commercial\src\Core\Ludots.Core.csproj]
C:\001_AI\Ludots-gpu-commercial\src\Core\Input\Interaction\ControlSchemeRuntime.cs(189,42): warning CS8600: 将 null 文本或可能的 null 值转换为不可为 null 类型。 [C:\001_AI\Ludots-gpu-commercial\src\Core\Ludots.Core.csproj]
C:\001_AI\Ludots-gpu-commercial\src\Core\UI\PanelHosting\PanelTemplateCatalogLoader.cs(29,53): warning CS8604: “ConfigCatalogEntry ConfigPipeline.RequireEntry(ConfigCatalog catalog, string path, ConfigMergePolicy defaultPolicy, string defaultIdField = "id")”中的形参“catalog”可能传入 null 引用实参。 [C:\001_AI\Ludots-gpu-commercial\src\Core\Ludots.Core.csproj]
C:\001_AI\Ludots-gpu-commercial\src\Core\UI\PanelHosting\PanelTemplateCatalogLoader.cs(30,99): warning CS8604: “IReadOnlyList<MergedConfigEntry> ConfigPipeline.MergeArrayByIdFromCatalog(in ConfigCatalogEntry entry, ConfigConflictReport report = null)”中的形参“report”可能传入 null 引用实参。 [C:\001_AI\Ludots-gpu-commercial\src\Core\Ludots.Core.csproj]
C:\001_AI\Ludots-gpu-commercial\src\Core\Navigation\NavMesh\Bake\Triangulator.cs(179,21): warning CS8625: 无法将 null 字面量转换为非 null 的引用类型。 [C:\001_AI\Ludots-gpu-commercial\src\Core\Ludots.Core.csproj]
C:\001_AI\Ludots-gpu-commercial\src\Core\Gameplay\GAS\Systems\OrderBufferSystem.cs(501,22): warning CS8625: 无法将 null 字面量转换为非 null 的引用类型。 [C:\001_AI\Ludots-gpu-commercial\src\Core\Ludots.Core.csproj]
C:\001_AI\Ludots-gpu-commercial\src\Core\Navigation\NavMesh\Bake\BakePipeline.cs(34,30): warning CS8618: 在退出构造函数时，不可为 null 的 字段 "ContourRings" 必须包含非 null 值。请考虑添加 "required" 修饰符或将该 字段 声明为可为 null。 [C:\001_AI\Ludots-gpu-commercial\src\Core\Ludots.Core.csproj]
C:\001_AI\Ludots-gpu-commercial\src\Core\Systems\MapLoader.cs(795,41): warning CS8629: 可为 null 的值类型可为 null。 [C:\001_AI\Ludots-gpu-commercial\src\Core\Ludots.Core.csproj]
C:\001_AI\Ludots-gpu-commercial\src\Core\Navigation\NavMesh\Bake\BakePipeline.cs(77,54): warning CS8625: 无法将 null 字面量转换为非 null 的引用类型。 [C:\001_AI\Ludots-gpu-commercial\src\Core\Ludots.Core.csproj]
C:\001_AI\Ludots-gpu-commercial\src\Core\Navigation\NavMesh\Bake\BakePipeline.cs(110,54): warning CS8625: 无法将 null 字面量转换为非 null 的引用类型。 [C:\001_AI\Ludots-gpu-commercial\src\Core\Ludots.Core.csproj]
C:\001_AI\Ludots-gpu-commercial\src\Core\Navigation\NavMesh\Bake\BakePipeline.cs(123,54): warning CS8625: 无法将 null 字面量转换为非 null 的引用类型。 [C:\001_AI\Ludots-gpu-commercial\src\Core\Ludots.Core.csproj]
C:\001_AI\Ludots-gpu-commercial\src\Core\Navigation\NavMesh\Bake\BakePipeline.cs(148,54): warning CS8625: 无法将 null 字面量转换为非 null 的引用类型。 [C:\001_AI\Ludots-gpu-commercial\src\Core\Ludots.Core.csproj]
C:\001_AI\Ludots-gpu-commercial\src\Core\Navigation\NavMesh\Bake\BakePipeline.cs(162,54): warning CS8625: 无法将 null 字面量转换为非 null 的引用类型。 [C:\001_AI\Ludots-gpu-commercial\src\Core\Ludots.Core.csproj]
C:\001_AI\Ludots-gpu-commercial\src\Core\NodeLibraries\GASGraph\Host\GraphProgramConfigLoader.cs(210,92): warning CS8600: 将 null 文本或可能的 null 值转换为不可为 null 类型。 [C:\001_AI\Ludots-gpu-commercial\src\Core\Ludots.Core.csproj]
C:\001_AI\Ludots-gpu-commercial\src\Core\Input\Interaction\CastCommitProfileConfigLoader.cs(89,61): warning CS8619: 类型“KeyValuePair<string, JsonNode?>”的值中引用类型的为 Null 性与目标类型“KeyValuePair<string, JsonNode>”不匹配。 [C:\001_AI\Ludots-gpu-commercial\src\Core\Ludots.Core.csproj]
C:\001_AI\Ludots-gpu-commercial\src\Core\Navigation\NavMesh\Bake\CdtTriangulator.cs(43,21): warning CS8625: 无法将 null 字面量转换为非 null 的引用类型。 [C:\001_AI\Ludots-gpu-commercial\src\Core\Ludots.Core.csproj]
C:\001_AI\Ludots-gpu-commercial\src\Core\Navigation\NavMesh\Bake\CdtTriangulator.cs(71,21): warning CS8625: 无法将 null 字面量转换为非 null 的引用类型。 [C:\001_AI\Ludots-gpu-commercial\src\Core\Ludots.Core.csproj]
C:\001_AI\Ludots-gpu-commercial\src\Core\UI\PanelHosting\PanelHost.cs(95,13): warning CS8602: 解引用可能出现空引用。 [C:\001_AI\Ludots-gpu-commercial\src\Core\Ludots.Core.csproj]
C:\001_AI\Ludots-gpu-commercial\src\Core\Input\Interaction\CastCommitProfileConfigLoader.cs(166,53): warning CS8619: 类型“KeyValuePair<string, JsonNode?>”的值中引用类型的为 Null 性与目标类型“KeyValuePair<string, JsonNode>”不匹配。 [C:\001_AI\Ludots-gpu-commercial\src\Core\Ludots.Core.csproj]
C:\001_AI\Ludots-gpu-commercial\src\Core\Navigation\NavMesh\Bake\ContourExtractor.cs(360,28): warning CS8603: 可能返回 null 引用。 [C:\001_AI\Ludots-gpu-commercial\src\Core\Ludots.Core.csproj]
C:\001_AI\Ludots-gpu-commercial\src\Core\Navigation\NavMesh\Bake\ContourExtractor.cs(389,28): warning CS8603: 可能返回 null 引用。 [C:\001_AI\Ludots-gpu-commercial\src\Core\Ludots.Core.csproj]
C:\001_AI\Ludots-gpu-commercial\src\Core\Navigation\NavMesh\Bake\ContourExtractor.cs(398,24): warning CS8603: 可能返回 null 引用。 [C:\001_AI\Ludots-gpu-commercial\src\Core\Ludots.Core.csproj]
C:\001_AI\Ludots-gpu-commercial\src\Core\Systems\MapLoader.cs(1161,52): warning CS8600: 将 null 文本或可能的 null 值转换为不可为 null 类型。 [C:\001_AI\Ludots-gpu-commercial\src\Core\Ludots.Core.csproj]
C:\001_AI\Ludots-gpu-commercial\src\Core\Gameplay\GAS\Config\TagRuleSetLoader.cs(57,25): warning CS8604: “void TagRuleSetLoader.FillTagList(JsonNode node, ref int count, int* dst, int max, string field, string id, string path, bool allowRegister)”中的形参“node”可能传入 null 引用实参。 [C:\001_AI\Ludots-gpu-commercial\src\Core\Ludots.Core.csproj]
C:\001_AI\Ludots-gpu-commercial\src\Core\Gameplay\GAS\Config\TagRuleSetLoader.cs(58,25): warning CS8604: “void TagRuleSetLoader.FillTagList(JsonNode node, ref int count, int* dst, int max, string field, string id, string path, bool allowRegister)”中的形参“node”可能传入 null 引用实参。 [C:\001_AI\Ludots-gpu-commercial\src\Core\Ludots.Core.csproj]
C:\001_AI\Ludots-gpu-commercial\src\Core\Gameplay\GAS\Config\TagRuleSetLoader.cs(59,25): warning CS8604: “void TagRuleSetLoader.FillTagList(JsonNode node, ref int count, int* dst, int max, string field, string id, string path, bool allowRegister)”中的形参“node”可能传入 null 引用实参。 [C:\001_AI\Ludots-gpu-commercial\src\Core\Ludots.Core.csproj]
C:\001_AI\Ludots-gpu-commercial\src\Core\Gameplay\GAS\Config\TagRuleSetLoader.cs(60,25): warning CS8604: “void TagRuleSetLoader.FillTagList(JsonNode node, ref int count, int* dst, int max, string field, string id, string path, bool allowRegister)”中的形参“node”可能传入 null 引用实参。 [C:\001_AI\Ludots-gpu-commercial\src\Core\Ludots.Core.csproj]
C:\001_AI\Ludots-gpu-commercial\src\Core\Gameplay\GAS\Config\TagRuleSetLoader.cs(61,25): warning CS8604: “void TagRuleSetLoader.FillTagList(JsonNode node, ref int count, int* dst, int max, string field, string id, string path, bool allowRegister)”中的形参“node”可能传入 null 引用实参。 [C:\001_AI\Ludots-gpu-commercial\src\Core\Ludots.Core.csproj]
C:\001_AI\Ludots-gpu-commercial\src\Core\Gameplay\GAS\Config\TagRuleSetLoader.cs(62,25): warning CS8604: “void TagRuleSetLoader.FillTagList(JsonNode node, ref int count, int* dst, int max, string field, string id, string path, bool allowRegister)”中的形参“node”可能传入 null 引用实参。 [C:\001_AI\Ludots-gpu-commercial\src\Core\Ludots.Core.csproj]
C:\001_AI\Ludots-gpu-commercial\src\Core\Gameplay\GAS\Config\TagRuleSetLoader.cs(75,25): warning CS8604: “void TagRuleSetLoader.FillTagList(JsonNode node, ref int count, int* dst, int max, string field, string id, string path, bool allowRegister)”中的形参“node”可能传入 null 引用实参。 [C:\001_AI\Ludots-gpu-commercial\src\Core\Ludots.Core.csproj]
C:\001_AI\Ludots-gpu-commercial\src\Core\Gameplay\GAS\Config\TagRuleSetLoader.cs(76,25): warning CS8604: “void TagRuleSetLoader.FillTagList(JsonNode node, ref int count, int* dst, int max, string field, string id, string path, bool allowRegister)”中的形参“node”可能传入 null 引用实参。 [C:\001_AI\Ludots-gpu-commercial\src\Core\Ludots.Core.csproj]
C:\001_AI\Ludots-gpu-commercial\src\Core\Gameplay\GAS\Config\TagRuleSetLoader.cs(77,25): warning CS8604: “void TagRuleSetLoader.FillTagList(JsonNode node, ref int count, int* dst, int max, string field, string id, string path, bool allowRegister)”中的形参“node”可能传入 null 引用实参。 [C:\001_AI\Ludots-gpu-commercial\src\Core\Ludots.Core.csproj]
C:\001_AI\Ludots-gpu-commercial\src\Core\Gameplay\GAS\Config\TagRuleSetLoader.cs(78,25): warning CS8604: “void TagRuleSetLoader.FillTagList(JsonNode node, ref int count, int* dst, int max, string field, string id, string path, bool allowRegister)”中的形参“node”可能传入 null 引用实参。 [C:\001_AI\Ludots-gpu-commercial\src\Core\Ludots.Core.csproj]
C:\001_AI\Ludots-gpu-commercial\src\Core\Gameplay\GAS\Config\TagRuleSetLoader.cs(79,25): warning CS8604: “void TagRuleSetLoader.FillTagList(JsonNode node, ref int count, int* dst, int max, string field, string id, string path, bool allowRegister)”中的形参“node”可能传入 null 引用实参。 [C:\001_AI\Ludots-gpu-commercial\src\Core\Ludots.Core.csproj]
C:\001_AI\Ludots-gpu-commercial\src\Core\Gameplay\GAS\Config\TagRuleSetLoader.cs(80,25): warning CS8604: “void TagRuleSetLoader.FillTagList(JsonNode node, ref int count, int* dst, int max, string field, string id, string path, bool allowRegister)”中的形参“node”可能传入 null 引用实参。 [C:\001_AI\Ludots-gpu-commercial\src\Core\Ludots.Core.csproj]
C:\001_AI\Ludots-gpu-commercial\src\Core\Navigation\NavMesh\Bake\BakePipeline.cs(754,92): warning CS8604: “NavBakeArtifact.NavBakeArtifact(NavTileId tileId, uint tileVersion, NavBakeStage stage, NavBakeErrorCode errorCode, string message, int walkableTriangleCount, int vertexCount, int triangleCount, int portalCount, string[] debugLog = null)”中的形参“debugLog”可能传入 null 引用实参。 [C:\001_AI\Ludots-gpu-commercial\src\Core\Ludots.Core.csproj]
C:\001_AI\Ludots-gpu-commercial\src\Core\Gameplay\GAS\Config\TagRuleSetLoader.cs(109,30): warning CS8600: 将 null 文本或可能的 null 值转换为不可为 null 类型。 [C:\001_AI\Ludots-gpu-commercial\src\Core\Ludots.Core.csproj]
C:\001_AI\Ludots-gpu-commercial\src\Core\Gameplay\GAS\BuiltinHandlers.cs(118,86): warning CS8604: “void AttributeMutationOps.ApplyModifiers(World world, Entity target, in EffectModifiers modifiers, TagOps tagOps)”中的形参“tagOps”可能传入 null 引用实参。 [C:\001_AI\Ludots-gpu-commercial\src\Core\Ludots.Core.csproj]
C:\001_AI\Ludots-gpu-commercial\src\Core\UI\PanelHosting\PanelHost.cs(181,35): warning CS8604: “PanelVariableSet PanelHost.Snapshot(Entry entry)”中的形参“entry”可能传入 null 引用实参。 [C:\001_AI\Ludots-gpu-commercial\src\Core\Ludots.Core.csproj]
C:\001_AI\Ludots-gpu-commercial\src\Core\UI\PanelHosting\PanelHost.cs(193,25): warning CS8602: 解引用可能出现空引用。 [C:\001_AI\Ludots-gpu-commercial\src\Core\Ludots.Core.csproj]
C:\001_AI\Ludots-gpu-commercial\src\Core\Input\Orders\InputOrderMappingSystem.cs(1984,18): warning CS8602: 解引用可能出现空引用。 [C:\001_AI\Ludots-gpu-commercial\src\Core\Ludots.Core.csproj]
C:\001_AI\Ludots-gpu-commercial\src\Core\Gameplay\GAS\BuiltinHandlers.cs(147,107): warning CS8604: “void AttributeMutationOps.AddCurrent(World world, Entity target, int attributeId, float delta, TagOps tagOps)”中的形参“tagOps”可能传入 null 引用实参。 [C:\001_AI\Ludots-gpu-commercial\src\Core\Ludots.Core.csproj]
C:\001_AI\Ludots-gpu-commercial\src\Core\Gameplay\GAS\BuiltinHandlers.cs(149,107): warning CS8604: “void AttributeMutationOps.AddCurrent(World world, Entity target, int attributeId, float delta, TagOps tagOps)”中的形参“tagOps”可能传入 null 引用实参。 [C:\001_AI\Ludots-gpu-commercial\src\Core\Ludots.Core.csproj]
C:\001_AI\Ludots-gpu-commercial\src\Core\UI\PanelHosting\PanelHost.cs(205,28): warning CS8602: 解引用可能出现空引用。 [C:\001_AI\Ludots-gpu-commercial\src\Core\Ludots.Core.csproj]
C:\001_AI\Ludots-gpu-commercial\src\Core\UI\PanelHosting\PanelHost.cs(217,26): warning CS8602: 解引用可能出现空引用。 [C:\001_AI\Ludots-gpu-commercial\src\Core\Ludots.Core.csproj]
C:\001_AI\Ludots-gpu-commercial\src\Core\UI\PanelHosting\PanelHost.cs(229,25): warning CS8602: 解引用可能出现空引用。 [C:\001_AI\Ludots-gpu-commercial\src\Core\Ludots.Core.csproj]
C:\001_AI\Ludots-gpu-commercial\src\Core\UI\PanelHosting\PanelHost.cs(241,30): warning CS8602: 解引用可能出现空引用。 [C:\001_AI\Ludots-gpu-commercial\src\Core\Ludots.Core.csproj]
C:\001_AI\Ludots-gpu-commercial\src\Core\UI\EntityCommandPanels\AbilityAggregationProfileRegistry.cs(196,69): warning CS8600: 将 null 文本或可能的 null 值转换为不可为 null 类型。 [C:\001_AI\Ludots-gpu-commercial\src\Core\Ludots.Core.csproj]
C:\001_AI\Ludots-gpu-commercial\src\Core\Navigation\NavMesh\Bake\RuntimeIncrementalNavMeshRebuildQueue.cs(341,48): warning CS8600: 将 null 文本或可能的 null 值转换为不可为 null 类型。 [C:\001_AI\Ludots-gpu-commercial\src\Core\Ludots.Core.csproj]
C:\001_AI\Ludots-gpu-commercial\src\Core\Navigation\NavMesh\Bake\RuntimeIncrementalNavMeshRebuildQueue.cs(351,70): warning CS8625: 无法将 null 字面量转换为非 null 的引用类型。 [C:\001_AI\Ludots-gpu-commercial\src\Core\Ludots.Core.csproj]
C:\001_AI\Ludots-gpu-commercial\src\Core\Navigation\NavMesh\Bake\RuntimeIncrementalNavMeshRebuildQueue.cs(355,62): warning CS8625: 无法将 null 字面量转换为非 null 的引用类型。 [C:\001_AI\Ludots-gpu-commercial\src\Core\Ludots.Core.csproj]
C:\001_AI\Ludots-gpu-commercial\src\Core\Navigation\NavMesh\Bake\RuntimeIncrementalNavMeshRebuildQueue.cs(371,28): warning CS8625: 无法将 null 字面量转换为非 null 的引用类型。 [C:\001_AI\Ludots-gpu-commercial\src\Core\Ludots.Core.csproj]
C:\001_AI\Ludots-gpu-commercial\src\Core\UI\EntityCommandPanels\AbilityAggregationProfileRegistry.cs(347,50): warning CS8618: 在退出构造函数时，不可为 null 的 字段 "Selector" 必须包含非 null 值。请考虑添加 "required" 修饰符或将该 字段 声明为可为 null。 [C:\001_AI\Ludots-gpu-commercial\src\Core\Ludots.Core.csproj]
C:\001_AI\Ludots-gpu-commercial\src\Core\UI\PanelHosting\PanelHost.cs(429,20): warning CS8603: 可能返回 null 引用。 [C:\001_AI\Ludots-gpu-commercial\src\Core\Ludots.Core.csproj]
C:\001_AI\Ludots-gpu-commercial\src\Core\Input\Interaction\ControlScheme.cs(29,29): warning CS8618: 在退出构造函数时，不可为 null 的 属性 "InputContexts" 必须包含非 null 值。请考虑添加 "required" 修饰符或将该 属性 声明为可为 null。 [C:\001_AI\Ludots-gpu-commercial\src\Core\Ludots.Core.csproj]
C:\001_AI\Ludots-gpu-commercial\src\Core\Input\Interaction\ControlScheme.cs(36,38): warning CS8618: 在退出构造函数时，不可为 null 的 属性 "AxisMove" 必须包含非 null 值。请考虑添加 "required" 修饰符或将该 属性 声明为可为 null。 [C:\001_AI\Ludots-gpu-commercial\src\Core\Ludots.Core.csproj]
C:\001_AI\Ludots-gpu-commercial\src\Core\Input\Interaction\ControlScheme.cs(8,46): warning CS8618: 在退出构造函数时，不可为 null 的 属性 "Schemes" 必须包含非 null 值。请考虑添加 "required" 修饰符或将该 属性 声明为可为 null。 [C:\001_AI\Ludots-gpu-commercial\src\Core\Ludots.Core.csproj]
C:\001_AI\Ludots-gpu-commercial\src\Core\Input\Interaction\ControlScheme.cs(15,29): warning CS8618: 在退出构造函数时，不可为 null 的 属性 "AllowedSchemes" 必须包含非 null 值。请考虑添加 "required" 修饰符或将该 属性 声明为可为 null。 [C:\001_AI\Ludots-gpu-commercial\src\Core\Ludots.Core.csproj]
C:\001_AI\Ludots-gpu-commercial\src\Core\Gameplay\GAS\Components\AbilityExecComponents.cs(176,36): warning CS9084: 结构成员按引用返回“此”或其他实例成员 [C:\001_AI\Ludots-gpu-commercial\src\Core\Ludots.Core.csproj]
C:\001_AI\Ludots-gpu-commercial\src\Core\Gameplay\GAS\Components\AbilityExecComponents.cs(177,36): warning CS9084: 结构成员按引用返回“此”或其他实例成员 [C:\001_AI\Ludots-gpu-commercial\src\Core\Ludots.Core.csproj]
C:\001_AI\Ludots-gpu-commercial\src\Core\Gameplay\GAS\Components\AbilityExecComponents.cs(178,36): warning CS9084: 结构成员按引用返回“此”或其他实例成员 [C:\001_AI\Ludots-gpu-commercial\src\Core\Ludots.Core.csproj]
C:\001_AI\Ludots-gpu-commercial\src\Core\Gameplay\GAS\Components\AbilityExecComponents.cs(179,37): warning CS9084: 结构成员按引用返回“此”或其他实例成员 [C:\001_AI\Ludots-gpu-commercial\src\Core\Ludots.Core.csproj]
C:\001_AI\Ludots-gpu-commercial\src\Core\Gameplay\Spawning\RuntimeEntitySpawnSystem.cs(396,40): warning CS8601: 可能的 null 引用赋值。 [C:\001_AI\Ludots-gpu-commercial\src\Core\Ludots.Core.csproj]
C:\001_AI\Ludots-gpu-commercial\src\Core\Presentation\Config\MeshAssetConfigLoader.cs(48,30): warning CS8600: 将 null 文本或可能的 null 值转换为不可为 null 类型。 [C:\001_AI\Ludots-gpu-commercial\src\Core\Ludots.Core.csproj]
C:\001_AI\Ludots-gpu-commercial\src\Core\Presentation\Config\PresentationDisplayCatalogLoaders.cs(27,53): warning CS8604: “ConfigCatalogEntry ConfigPipeline.RequireEntry(ConfigCatalog catalog, string path, ConfigMergePolicy defaultPolicy, string defaultIdField = "id")”中的形参“catalog”可能传入 null 引用实参。 [C:\001_AI\Ludots-gpu-commercial\src\Core\Ludots.Core.csproj]
C:\001_AI\Ludots-gpu-commercial\src\Core\Presentation\Config\PresentationDisplayCatalogLoaders.cs(28,72): warning CS8604: “IReadOnlyList<MergedConfigEntry> ConfigPipeline.MergeArrayByIdFromCatalog(in ConfigCatalogEntry entry, ConfigConflictReport report = null)”中的形参“report”可能传入 null 引用实参。 [C:\001_AI\Ludots-gpu-commercial\src\Core\Ludots.Core.csproj]
C:\001_AI\Ludots-gpu-commercial\src\Core\Presentation\Config\PresentationAssetConfigIdGuard.cs(54,57): warning CS8600: 将 null 文本或可能的 null 值转换为不可为 null 类型。 [C:\001_AI\Ludots-gpu-commercial\src\Core\Ludots.Core.csproj]
C:\001_AI\Ludots-gpu-commercial\src\Core\NodeLibraries\GASGraph\Host\GraphLookupTableLoader.cs(32,53): warning CS8604: “ConfigCatalogEntry ConfigPipeline.RequireEntry(ConfigCatalog catalog, string path, ConfigMergePolicy defaultPolicy, string defaultIdField = "id")”中的形参“catalog”可能传入 null 引用实参。 [C:\001_AI\Ludots-gpu-commercial\src\Core\Ludots.Core.csproj]
C:\001_AI\Ludots-gpu-commercial\src\Core\NodeLibraries\GASGraph\Host\GraphLookupTableLoader.cs(33,99): warning CS8604: “IReadOnlyList<MergedConfigEntry> ConfigPipeline.MergeArrayByIdFromCatalog(in ConfigCatalogEntry entry, ConfigConflictReport report = null)”中的形参“report”可能传入 null 引用实参。 [C:\001_AI\Ludots-gpu-commercial\src\Core\Ludots.Core.csproj]
C:\001_AI\Ludots-gpu-commercial\src\Core\NodeLibraries\GASGraph\Host\GraphFunctionCatalogLoader.cs(67,84): warning CS8604: “List<MergedConfigEntry> ConfigMerger.MergeArrayByIdToEntries(IReadOnlyList<ConfigFragment> fragments, in ConfigCatalogEntry entry, ConfigConflictReport report = null)”中的形参“report”可能传入 null 引用实参。 [C:\001_AI\Ludots-gpu-commercial\src\Core\Ludots.Core.csproj]
C:\001_AI\Ludots-gpu-commercial\src\Core\Presentation\Config\PresentationDisplayCatalogLoaders.cs(65,53): warning CS8604: “ConfigCatalogEntry ConfigPipeline.RequireEntry(ConfigCatalog catalog, string path, ConfigMergePolicy defaultPolicy, string defaultIdField = "id")”中的形参“catalog”可能传入 null 引用实参。 [C:\001_AI\Ludots-gpu-commercial\src\Core\Ludots.Core.csproj]
C:\001_AI\Ludots-gpu-commercial\src\Core\Presentation\Config\PresentationDisplayCatalogLoaders.cs(66,72): warning CS8604: “IReadOnlyList<MergedConfigEntry> ConfigPipeline.MergeArrayByIdFromCatalog(in ConfigCatalogEntry entry, ConfigConflictReport report = null)”中的形参“report”可能传入 null 引用实参。 [C:\001_AI\Ludots-gpu-commercial\src\Core\Ludots.Core.csproj]
C:\001_AI\Ludots-gpu-commercial\src\Core\NodeLibraries\GASGraph\Host\GraphActionCatalogLoader.cs(50,84): warning CS8604: “List<MergedConfigEntry> ConfigMerger.MergeArrayByIdToEntries(IReadOnlyList<ConfigFragment> fragments, in ConfigCatalogEntry entry, ConfigConflictReport report = null)”中的形参“report”可能传入 null 引用实参。 [C:\001_AI\Ludots-gpu-commercial\src\Core\Ludots.Core.csproj]
C:\001_AI\Ludots-gpu-commercial\src\Core\NodeLibraries\GASGraph\GraphControlFlowCompiler.Bt.cs(38,29): warning CS8618: 在退出构造函数时，不可为 null 的 字段 "Composite" 必须包含非 null 值。请考虑添加 "required" 修饰符或将该 字段 声明为可为 null。 [C:\001_AI\Ludots-gpu-commercial\src\Core\Ludots.Core.csproj]
C:\001_AI\Ludots-gpu-commercial\src\Core\NodeLibraries\GASGraph\GraphControlFlowCompiler.Bt.cs(39,29): warning CS8618: 在退出构造函数时，不可为 null 的 字段 "ChainNode" 必须包含非 null 值。请考虑添加 "required" 修饰符或将该 字段 声明为可为 null。 [C:\001_AI\Ludots-gpu-commercial\src\Core\Ludots.Core.csproj]
C:\001_AI\Ludots-gpu-commercial\src\Core\NodeLibraries\GASGraph\GraphControlFlowCompiler.Bt.cs(40,29): warning CS8618: 在退出构造函数时，不可为 null 的 字段 "ChainTerminal" 必须包含非 null 值。请考虑添加 "required" 修饰符或将该 字段 声明为可为 null。 [C:\001_AI\Ludots-gpu-commercial\src\Core\Ludots.Core.csproj]
C:\001_AI\Ludots-gpu-commercial\src\Core\NodeLibraries\GASGraph\GraphControlFlowCompiler.Bt.cs(41,41): warning CS8618: 在退出构造函数时，不可为 null 的 字段 "Children" 必须包含非 null 值。请考虑添加 "required" 修饰符或将该 字段 声明为可为 null。 [C:\001_AI\Ludots-gpu-commercial\src\Core\Ludots.Core.csproj]
C:\001_AI\Ludots-gpu-commercial\src\Core\Gameplay\Spawning\RuntimeEntitySpawnSystem.cs(813,24): warning CS8625: 无法将 null 字面量转换为非 null 的引用类型。 [C:\001_AI\Ludots-gpu-commercial\src\Core\Ludots.Core.csproj]
C:\001_AI\Ludots-gpu-commercial\src\Core\Presentation\Config\PresentationPayloadConfigParser.cs(55,38): warning CS8600: 将 null 文本或可能的 null 值转换为不可为 null 类型。 [C:\001_AI\Ludots-gpu-commercial\src\Core\Ludots.Core.csproj]
C:\001_AI\Ludots-gpu-commercial\src\Core\Presentation\Config\PresentationTextCatalogLoader.cs(73,38): warning CS8600: 将 null 文本或可能的 null 值转换为不可为 null 类型。 [C:\001_AI\Ludots-gpu-commercial\src\Core\Ludots.Core.csproj]
C:\001_AI\Ludots-gpu-commercial\src\Core\Input\Interaction\CastDispatchProfileConfigLoader.cs(86,55): warning CS8600: 将 null 文本或可能的 null 值转换为不可为 null 类型。 [C:\001_AI\Ludots-gpu-commercial\src\Core\Ludots.Core.csproj]
C:\001_AI\Ludots-gpu-commercial\src\Core\Navigation\NavMesh\Bake\GridMeshBuilder.cs(43,21): warning CS8625: 无法将 null 字面量转换为非 null 的引用类型。 [C:\001_AI\Ludots-gpu-commercial\src\Core\Ludots.Core.csproj]
C:\001_AI\Ludots-gpu-commercial\src\Core\Presentation\Config\PresentationHostAssetConfigLoader.cs(89,53): warning CS8604: “string[] PresentationHostAssetConfigLoader.ParseSourceUris(JsonNode node, string rowId)”中的形参“node”可能传入 null 引用实参。 [C:\001_AI\Ludots-gpu-commercial\src\Core\Ludots.Core.csproj]
C:\001_AI\Ludots-gpu-commercial\src\Core\Input\Interaction\CastDispatchProfileRegistry.cs(47,105): warning CS8625: 无法将 null 字面量转换为非 null 的引用类型。 [C:\001_AI\Ludots-gpu-commercial\src\Core\Ludots.Core.csproj]
C:\001_AI\Ludots-gpu-commercial\src\Core\Presentation\Config\PresentationHostAssetConfigLoader.cs(112,53): warning CS8604: “string[] PresentationHostAssetConfigLoader.ParseSourceUris(JsonNode node, string rowId)”中的形参“node”可能传入 null 引用实参。 [C:\001_AI\Ludots-gpu-commercial\src\Core\Ludots.Core.csproj]
C:\001_AI\Ludots-gpu-commercial\src\Core\Input\Interaction\CastDispatchProfileRegistry.cs(71,17): warning CS8604: “SelectorEntry.SelectorEntry(CastDispatchSelectorEvaluator evaluator, CastDispatchSelectorInstallValidator validator)”中的形参“validator”可能传入 null 引用实参。 [C:\001_AI\Ludots-gpu-commercial\src\Core\Ludots.Core.csproj]
C:\001_AI\Ludots-gpu-commercial\src\Core\Input\Interaction\CastDispatchProfileRegistry.cs(101,71): warning CS8600: 将 null 文本或可能的 null 值转换为不可为 null 类型。 [C:\001_AI\Ludots-gpu-commercial\src\Core\Ludots.Core.csproj]
C:\001_AI\Ludots-gpu-commercial\src\Core\Input\Interaction\CastDispatchProfileRegistry.cs(123,33): warning CS8602: 解引用可能出现空引用。 [C:\001_AI\Ludots-gpu-commercial\src\Core\Ludots.Core.csproj]
C:\001_AI\Ludots-gpu-commercial\src\Core\NodeLibraries\GASGraph\Host\GasGraphRuntimeApi.cs(705,25): warning CS0618: “ContextKeys”已过时:“Use CoreServiceKeys with ServiceKey<T> for type-safe access. This class will be removed in a future release.” [C:\001_AI\Ludots-gpu-commercial\src\Core\Ludots.Core.csproj]
C:\001_AI\Ludots-gpu-commercial\src\Core\NodeLibraries\GASGraph\Host\GasGraphRuntimeApi.cs(799,29): warning CS0618: “ContextKeys”已过时:“Use CoreServiceKeys with ServiceKey<T> for type-safe access. This class will be removed in a future release.” [C:\001_AI\Ludots-gpu-commercial\src\Core\Ludots.Core.csproj]
C:\001_AI\Ludots-gpu-commercial\src\Core\Input\Interaction\CastDispatchProfileRegistry.cs(219,47): warning CS8602: 解引用可能出现空引用。 [C:\001_AI\Ludots-gpu-commercial\src\Core\Ludots.Core.csproj]
C:\001_AI\Ludots-gpu-commercial\src\Core\Input\Interaction\CastDispatchProfileRegistry.cs(225,45): warning CS8602: 解引用可能出现空引用。 [C:\001_AI\Ludots-gpu-commercial\src\Core\Ludots.Core.csproj]
C:\001_AI\Ludots-gpu-commercial\src\Core\Input\Interaction\CastDispatchProfileRegistry.cs(225,73): warning CS8600: 将 null 文本或可能的 null 值转换为不可为 null 类型。 [C:\001_AI\Ludots-gpu-commercial\src\Core\Ludots.Core.csproj]
C:\001_AI\Ludots-gpu-commercial\src\Core\Input\Interaction\CastDispatchProfileRegistry.cs(234,81): warning CS8600: 将 null 文本或可能的 null 值转换为不可为 null 类型。 [C:\001_AI\Ludots-gpu-commercial\src\Core\Ludots.Core.csproj]
C:\001_AI\Ludots-gpu-commercial\src\Core\Input\Interaction\CastDispatchProfileRegistry.cs(258,73): warning CS8604: “int StringIntRegistry.Register(string name)”中的形参“name”可能传入 null 引用实参。 [C:\001_AI\Ludots-gpu-commercial\src\Core\Ludots.Core.csproj]
C:\001_AI\Ludots-gpu-commercial\src\Core\Input\Interaction\CastDispatchProfileRegistry.cs(259,26): warning CS8601: 可能的 null 引用赋值。 [C:\001_AI\Ludots-gpu-commercial\src\Core\Ludots.Core.csproj]
C:\001_AI\Ludots-gpu-commercial\src\Core\Input\Interaction\CastDispatchProfileRegistry.cs(261,32): warning CS8601: 可能的 null 引用赋值。 [C:\001_AI\Ludots-gpu-commercial\src\Core\Ludots.Core.csproj]
C:\001_AI\Ludots-gpu-commercial\src\Core\Persistence\LudotsCorePersistenceFormatters.cs(251,66): warning CS8619: 类型“Type?[]”的值中引用类型的为 Null 性与目标类型“Type[]”不匹配。 [C:\001_AI\Ludots-gpu-commercial\src\Core\Ludots.Core.csproj]
C:\001_AI\Ludots-gpu-commercial\src\Core\Input\Interaction\CastDispatchProfileRegistry.cs(413,69): warning CS8602: 解引用可能出现空引用。 [C:\001_AI\Ludots-gpu-commercial\src\Core\Ludots.Core.csproj]
C:\001_AI\Ludots-gpu-commercial\src\Core\Presentation\Config\InstancedBatchFactorizedSourceLoader.cs(146,44): warning CS8602: 解引用可能出现空引用。 [C:\001_AI\Ludots-gpu-commercial\src\Core\Ludots.Core.csproj]
C:\001_AI\Ludots-gpu-commercial\src\Core\Presentation\Config\InstancedBatchFactorizedSourceLoader.cs(147,44): warning CS8602: 解引用可能出现空引用。 [C:\001_AI\Ludots-gpu-commercial\src\Core\Ludots.Core.csproj]
C:\001_AI\Ludots-gpu-commercial\src\Core\Presentation\Config\InstancedBatchFactorizedSourceLoader.cs(148,44): warning CS8602: 解引用可能出现空引用。 [C:\001_AI\Ludots-gpu-commercial\src\Core\Ludots.Core.csproj]
C:\001_AI\Ludots-gpu-commercial\src\Core\Presentation\Config\InstancedBatchFactorizedSourceLoader.cs(166,44): warning CS8602: 解引用可能出现空引用。 [C:\001_AI\Ludots-gpu-commercial\src\Core\Ludots.Core.csproj]
C:\001_AI\Ludots-gpu-commercial\src\Core\Presentation\Config\InstancedBatchFactorizedSourceLoader.cs(167,44): warning CS8602: 解引用可能出现空引用。 [C:\001_AI\Ludots-gpu-commercial\src\Core\Ludots.Core.csproj]
C:\001_AI\Ludots-gpu-commercial\src\Core\NodeLibraries\GASGraph\Host\GasGraphRuntimeApi.cs(2114,17): warning CS8604: “void TargetResolverFanOutHelper.PublishResolvedTargets(int rootId, Entity originalSource, Entity originalTarget, Entity originalTargetContext, ReadOnlySpan<Entity> resolvedTargets, int payloadEffectTemplateId, in TargetResolverContextMapping contextMapping, EffectRequestQueue queue)”中的形参“queue”可能传入 null 引用实参。 [C:\001_AI\Ludots-gpu-commercial\src\Core\Ludots.Core.csproj]
C:\001_AI\Ludots-gpu-commercial\src\Core\Gameplay\Spawning\RuntimeEntitySpawnSystem.cs(1275,61): warning CS8600: 将 null 文本或可能的 null 值转换为不可为 null 类型。 [C:\001_AI\Ludots-gpu-commercial\src\Core\Ludots.Core.csproj]
C:\001_AI\Ludots-gpu-commercial\src\Core\Gameplay\Spawning\RuntimeEntitySpawnSystem.cs(1311,52): warning CS8600: 将 null 文本或可能的 null 值转换为不可为 null 类型。 [C:\001_AI\Ludots-gpu-commercial\src\Core\Ludots.Core.csproj]
C:\001_AI\Ludots-gpu-commercial\src\Core\Presentation\Config\MeshAssetConfigLoader.cs(98,30): warning CS8600: 将 null 文本或可能的 null 值转换为不可为 null 类型。 [C:\001_AI\Ludots-gpu-commercial\src\Core\Ludots.Core.csproj]
C:\001_AI\Ludots-gpu-commercial\src\Core\Presentation\Config\MeshAssetConfigLoader.cs(119,38): warning CS8600: 将 null 文本或可能的 null 值转换为不可为 null 类型。 [C:\001_AI\Ludots-gpu-commercial\src\Core\Ludots.Core.csproj]
C:\001_AI\Ludots-gpu-commercial\src\Core\Engine\GameEngine.cs(1968,28): warning CS8620: 由于引用类型的可为 null 性差异，ServiceKey<NetworkGameplayCommandGate> 类型的实参不能用于 void GameEngine.SetService<NetworkGameplayCommandGate?>(ServiceKey<NetworkGameplayCommandGate?> key, NetworkGameplayCommandGate? value) 中 ServiceKey<NetworkGameplayCommandGate?> 类型的形参 key。 [C:\001_AI\Ludots-gpu-commercial\src\Core\Ludots.Core.csproj]
C:\001_AI\Ludots-gpu-commercial\src\Core\NodeLibraries\GASGraph\GraphControlFlowCompiler.cs(2026,72): warning CS8600: 将 null 文本或可能的 null 值转换为不可为 null 类型。 [C:\001_AI\Ludots-gpu-commercial\src\Core\Ludots.Core.csproj]
C:\001_AI\Ludots-gpu-commercial\src\Core\NodeLibraries\GASGraph\GraphControlFlowCompiler.cs(2074,92): warning CS8600: 将 null 文本或可能的 null 值转换为不可为 null 类型。 [C:\001_AI\Ludots-gpu-commercial\src\Core\Ludots.Core.csproj]
C:\001_AI\Ludots-gpu-commercial\src\Core\Engine\GameEngine.cs(2831,73): warning CS8625: 无法将 null 字面量转换为非 null 的引用类型。 [C:\001_AI\Ludots-gpu-commercial\src\Core\Ludots.Core.csproj]
C:\001_AI\Ludots-gpu-commercial\src\Core\Engine\GameEngine.cs(2953,38): warning CS8625: 无法将 null 字面量转换为非 null 的引用类型。 [C:\001_AI\Ludots-gpu-commercial\src\Core\Ludots.Core.csproj]
C:\001_AI\Ludots-gpu-commercial\src\Core\Presentation\Presenters\WorldHudPresentBehavior.cs(102,99): warning CS8600: 将 null 文本或可能的 null 值转换为不可为 null 类型。 [C:\001_AI\Ludots-gpu-commercial\src\Core\Ludots.Core.csproj]
C:\001_AI\Ludots-gpu-commercial\src\Core\Engine\GameEngine.cs(3001,36): warning CS8600: 将 null 文本或可能的 null 值转换为不可为 null 类型。 [C:\001_AI\Ludots-gpu-commercial\src\Core\Ludots.Core.csproj]
C:\001_AI\Ludots-gpu-commercial\src\Core\Engine\GameEngine.cs(3002,71): warning CS8604: “MapSession MapSessionManager.CreateSession(MapId mapId, MapConfig mapConfig, MapContext parentContext = null)”中的形参“parentContext”可能传入 null 引用实参。 [C:\001_AI\Ludots-gpu-commercial\src\Core\Ludots.Core.csproj]
C:\001_AI\Ludots-gpu-commercial\src\Core\Engine\GameEngine.cs(3124,38): warning CS8625: 无法将 null 字面量转换为非 null 的引用类型。 [C:\001_AI\Ludots-gpu-commercial\src\Core\Ludots.Core.csproj]
C:\001_AI\Ludots-gpu-commercial\src\Core\Gameplay\GAS\Systems\EffectProcessingLoopSystem.cs(97,438): warning CS8604: “EffectApplicationSystem.EffectApplicationSystem(World world, int fanOutCommandCapacity, IClock clock, EffectRequestQueue effectRequests = null, GasBudget budget = null, GasPresentationEventBuffer presentationEvents = null, EffectTemplateRegistry templates = null, ISpatialQueryService spatialQueries = null, RuntimeEntitySpawnQueue spawnRequests = null, RuntimeEntityLifecycleQueue lifecycleRequests = null, EntityLifecycleRuntimeServices lifecycleServices = null, EffectPhaseExecutor phaseExecutor = null, GasGraphRuntimeApi graphApi = null, TagOps tagOps = null, ExchangeRuntime exchangeRuntime = null, ProgressionRequirementEvaluator progressionEvaluator = null, OrderTypeRegistry orderTypeRegistry = null, OrderRuleRegistry orderRuleRegistry = null, int stepRateHz = 30, RelationshipRuntime relationshipRuntime = null, KnowledgeAreaRevealRuntime knowledgeAreaRevealRuntime = null, OrderQueue orderIntake = null, RootBudgetTable fanOutBudget = null, PoseAuthorityArbiter poseAuthorityArbiter = null, AttributeAggregateDirtyRegistry aggregateDirty = null)”中的形参“aggregateDirty”可能传入 null 引用实参。 [C:\001_AI\Ludots-gpu-commercial\src\Core\Ludots.Core.csproj]
C:\001_AI\Ludots-gpu-commercial\src\Core\Presentation\Config\PresenterDefinitionConfigLoader.cs(1461,56): warning CS8600: 将 null 文本或可能的 null 值转换为不可为 null 类型。 [C:\001_AI\Ludots-gpu-commercial\src\Core\Ludots.Core.csproj]
C:\001_AI\Ludots-gpu-commercial\src\Core\Presentation\Config\PresenterDefinitionConfigLoader.cs(1467,87): warning CS8600: 将 null 文本或可能的 null 值转换为不可为 null 类型。 [C:\001_AI\Ludots-gpu-commercial\src\Core\Ludots.Core.csproj]
C:\001_AI\Ludots-gpu-commercial\src\Core\NodeLibraries\GASGraph\GraphControlFlowCompiler.cs(3110,79): warning CS8600: 将 null 文本或可能的 null 值转换为不可为 null 类型。 [C:\001_AI\Ludots-gpu-commercial\src\Core\Ludots.Core.csproj]
C:\001_AI\Ludots-gpu-commercial\src\Core\NodeLibraries\GASGraph\GraphControlFlowCompiler.cs(3217,79): warning CS8600: 将 null 文本或可能的 null 值转换为不可为 null 类型。 [C:\001_AI\Ludots-gpu-commercial\src\Core\Ludots.Core.csproj]
C:\001_AI\Ludots-gpu-commercial\src\Core\Input\Interaction\CommandIntentProfileConfigLoader.cs(96,51): warning CS8600: 将 null 文本或可能的 null 值转换为不可为 null 类型。 [C:\001_AI\Ludots-gpu-commercial\src\Core\Ludots.Core.csproj]
C:\001_AI\Ludots-gpu-commercial\src\Core\Engine\GameEngine.cs(3502,30): warning CS8625: 无法将 null 字面量转换为非 null 的引用类型。 [C:\001_AI\Ludots-gpu-commercial\src\Core\Ludots.Core.csproj]
C:\001_AI\Ludots-gpu-commercial\src\Core\Input\Interaction\CommandIntentProfileConfigLoader.cs(161,46): warning CS8604: “void CommandIntentProfileConfigLoader.ValidatePredicateStrings(List<string> values, string path)”中的形参“values”可能传入 null 引用实参。 [C:\001_AI\Ludots-gpu-commercial\src\Core\Ludots.Core.csproj]
C:\001_AI\Ludots-gpu-commercial\src\Core\Input\Interaction\CommandIntentProfileConfigLoader.cs(162,46): warning CS8604: “void CommandIntentProfileConfigLoader.ValidatePredicateStrings(List<string> values, string path)”中的形参“values”可能传入 null 引用实参。 [C:\001_AI\Ludots-gpu-commercial\src\Core\Ludots.Core.csproj]
C:\001_AI\Ludots-gpu-commercial\src\Core\Input\Interaction\CommandIntentProfileConfigLoader.cs(163,46): warning CS8604: “void CommandIntentProfileConfigLoader.ValidatePredicateStrings(List<string> values, string path)”中的形参“values”可能传入 null 引用实参。 [C:\001_AI\Ludots-gpu-commercial\src\Core\Ludots.Core.csproj]
C:\001_AI\Ludots-gpu-commercial\src\Core\Input\Interaction\CommandIntentProfileConfigLoader.cs(164,46): warning CS8604: “void CommandIntentProfileConfigLoader.ValidatePredicateStrings(List<string> values, string path)”中的形参“values”可能传入 null 引用实参。 [C:\001_AI\Ludots-gpu-commercial\src\Core\Ludots.Core.csproj]
C:\001_AI\Ludots-gpu-commercial\src\Core\Input\Interaction\CommandIntentProfileConfigLoader.cs(165,46): warning CS8604: “void CommandIntentProfileConfigLoader.ValidatePredicateStrings(List<string> values, string path)”中的形参“values”可能传入 null 引用实参。 [C:\001_AI\Ludots-gpu-commercial\src\Core\Ludots.Core.csproj]
C:\001_AI\Ludots-gpu-commercial\src\Core\Input\Interaction\CommandIntentProfile.cs(149,23): warning CS8618: 在退出构造函数时，不可为 null 的 属性 "Slot" 必须包含非 null 值。请考虑添加 "required" 修饰符或将该 属性 声明为可为 null。 [C:\001_AI\Ludots-gpu-commercial\src\Core\Ludots.Core.csproj]
C:\001_AI\Ludots-gpu-commercial\src\Core\Input\Interaction\CommandIntentProfile.cs(136,29): warning CS8618: 在退出构造函数时，不可为 null 的 属性 "AllTags" 必须包含非 null 值。请考虑添加 "required" 修饰符或将该 属性 声明为可为 null。 [C:\001_AI\Ludots-gpu-commercial\src\Core\Ludots.Core.csproj]
C:\001_AI\Ludots-gpu-commercial\src\Core\Input\Interaction\CommandIntentProfile.cs(137,29): warning CS8618: 在退出构造函数时，不可为 null 的 属性 "AnyTags" 必须包含非 null 值。请考虑添加 "required" 修饰符或将该 属性 声明为可为 null。 [C:\001_AI\Ludots-gpu-commercial\src\Core\Ludots.Core.csproj]
C:\001_AI\Ludots-gpu-commercial\src\Core\Input\Interaction\CommandIntentProfile.cs(138,29): warning CS8618: 在退出构造函数时，不可为 null 的 属性 "Stance" 必须包含非 null 值。请考虑添加 "required" 修饰符或将该 属性 声明为可为 null。 [C:\001_AI\Ludots-gpu-commercial\src\Core\Ludots.Core.csproj]
C:\001_AI\Ludots-gpu-commercial\src\Core\Input\Interaction\CommandIntentProfile.cs(125,23): warning CS8618: 在退出构造函数时，不可为 null 的 属性 "HasAbilityWithCategory" 必须包含非 null 值。请考虑添加 "required" 修饰符或将该 属性 声明为可为 null。 [C:\001_AI\Ludots-gpu-commercial\src\Core\Ludots.Core.csproj]
C:\001_AI\Ludots-gpu-commercial\src\Core\Input\Interaction\CommandIntentProfile.cs(126,29): warning CS8618: 在退出构造函数时，不可为 null 的 属性 "AllTags" 必须包含非 null 值。请考虑添加 "required" 修饰符或将该 属性 声明为可为 null。 [C:\001_AI\Ludots-gpu-commercial\src\Core\Ludots.Core.csproj]
C:\001_AI\Ludots-gpu-commercial\src\Core\Input\Interaction\CommandIntentProfile.cs(127,29): warning CS8618: 在退出构造函数时，不可为 null 的 属性 "AnyTags" 必须包含非 null 值。请考虑添加 "required" 修饰符或将该 属性 声明为可为 null。 [C:\001_AI\Ludots-gpu-commercial\src\Core\Ludots.Core.csproj]
C:\001_AI\Ludots-gpu-commercial\src\Core\Input\Interaction\CommandIntentProfile.cs(114,54): warning CS8618: 在退出构造函数时，不可为 null 的 属性 "Actor" 必须包含非 null 值。请考虑添加 "required" 修饰符或将该 属性 声明为可为 null。 [C:\001_AI\Ludots-gpu-commercial\src\Core\Ludots.Core.csproj]
C:\001_AI\Ludots-gpu-commercial\src\Core\Input\Interaction\CommandIntentProfile.cs(115,55): warning CS8618: 在退出构造函数时，不可为 null 的 属性 "Target" 必须包含非 null 值。请考虑添加 "required" 修饰符或将该 属性 声明为可为 null。 [C:\001_AI\Ludots-gpu-commercial\src\Core\Ludots.Core.csproj]
C:\001_AI\Ludots-gpu-commercial\src\Core\Input\Interaction\CommandIntentProfile.cs(116,45): warning CS8618: 在退出构造函数时，不可为 null 的 属性 "Route" 必须包含非 null 值。请考虑添加 "required" 修饰符或将该 属性 声明为可为 null。 [C:\001_AI\Ludots-gpu-commercial\src\Core\Ludots.Core.csproj]
C:\001_AI\Ludots-gpu-commercial\src\Core\Input\Interaction\CommandIntentProfile.cs(100,51): warning CS8618: 在退出构造函数时，不可为 null 的 属性 "GroupPolicy" 必须包含非 null 值。请考虑添加 "required" 修饰符或将该 属性 声明为可为 null。 [C:\001_AI\Ludots-gpu-commercial\src\Core\Ludots.Core.csproj]
C:\001_AI\Ludots-gpu-commercial\src\Core\Input\Interaction\CommandIntentProfile.cs(101,50): warning CS8618: 在退出构造函数时，不可为 null 的 属性 "Rules" 必须包含非 null 值。请考虑添加 "required" 修饰符或将该 属性 声明为可为 null。 [C:\001_AI\Ludots-gpu-commercial\src\Core\Ludots.Core.csproj]
C:\001_AI\Ludots-gpu-commercial\src\Core\Input\Interaction\CommandIntentProfile.cs(93,53): warning CS8618: 在退出构造函数时，不可为 null 的 属性 "Profiles" 必须包含非 null 值。请考虑添加 "required" 修饰符或将该 属性 声明为可为 null。 [C:\001_AI\Ludots-gpu-commercial\src\Core\Ludots.Core.csproj]
C:\001_AI\Ludots-gpu-commercial\src\Core\Engine\GameEngine.cs(3533,25): warning CS8625: 无法将 null 字面量转换为非 null 的引用类型。 [C:\001_AI\Ludots-gpu-commercial\src\Core\Ludots.Core.csproj]
C:\001_AI\Ludots-gpu-commercial\src\Core\Engine\GameEngine.cs(3534,28): warning CS8625: 无法将 null 字面量转换为非 null 的引用类型。 [C:\001_AI\Ludots-gpu-commercial\src\Core\Ludots.Core.csproj]
C:\001_AI\Ludots-gpu-commercial\src\Core\Engine\GameEngine.cs(3543,39): warning CS8600: 将 null 文本或可能的 null 值转换为不可为 null 类型。 [C:\001_AI\Ludots-gpu-commercial\src\Core\Ludots.Core.csproj]
C:\001_AI\Ludots-gpu-commercial\src\Core\Engine\GameEngine.cs(3549,81): warning CS8604: “LogicTerrainField GameEngine.LoadGridTerrainFromFile(string dataFile, BoardConfig boardConfig)”中的形参“boardConfig”可能传入 null 引用实参。 [C:\001_AI\Ludots-gpu-commercial\src\Core\Ludots.Core.csproj]
C:\001_AI\Ludots-gpu-commercial\src\Core\Engine\GameEngine.cs(3619,50): warning CS8603: 可能返回 null 引用。 [C:\001_AI\Ludots-gpu-commercial\src\Core\Ludots.Core.csproj]
C:\001_AI\Ludots-gpu-commercial\src\Core\Engine\GameEngine.cs(3627,20): warning CS8603: 可能返回 null 引用。 [C:\001_AI\Ludots-gpu-commercial\src\Core\Ludots.Core.csproj]
C:\001_AI\Ludots-gpu-commercial\src\Core\Input\Interaction\ClientCastPreference.cs(81,23): warning CS8618: 在退出构造函数时，不可为 null 的 属性 "CastCommitId" 必须包含非 null 值。请考虑添加 "required" 修饰符或将该 属性 声明为可为 null。 [C:\001_AI\Ludots-gpu-commercial\src\Core\Ludots.Core.csproj]
C:\001_AI\Ludots-gpu-commercial\src\Core\Input\Interaction\ClientCastPreference.cs(71,36): warning CS8618: 在退出构造函数时，不可为 null 的 属性 "Global" 必须包含非 null 值。请考虑添加 "required" 修饰符或将该 属性 声明为可为 null。 [C:\001_AI\Ludots-gpu-commercial\src\Core\Ludots.Core.csproj]
C:\001_AI\Ludots-gpu-commercial\src\Core\Input\Interaction\ClientCastPreference.cs(72,56): warning CS8618: 在退出构造函数时，不可为 null 的 属性 "PerTemplate" 必须包含非 null 值。请考虑添加 "required" 修饰符或将该 属性 声明为可为 null。 [C:\001_AI\Ludots-gpu-commercial\src\Core\Ludots.Core.csproj]
C:\001_AI\Ludots-gpu-commercial\src\Core\Input\Interaction\ClientCastPreference.cs(73,56): warning CS8618: 在退出构造函数时，不可为 null 的 属性 "PerFormSet" 必须包含非 null 值。请考虑添加 "required" 修饰符或将该 属性 声明为可为 null。 [C:\001_AI\Ludots-gpu-commercial\src\Core\Ludots.Core.csproj]
C:\001_AI\Ludots-gpu-commercial\src\Core\Input\Interaction\ClientCastPreference.cs(74,56): warning CS8618: 在退出构造函数时，不可为 null 的 属性 "PerSlot" 必须包含非 null 值。请考虑添加 "required" 修饰符或将该 属性 声明为可为 null。 [C:\001_AI\Ludots-gpu-commercial\src\Core\Ludots.Core.csproj]
C:\001_AI\Ludots-gpu-commercial\src\Core\Input\Interaction\ClientCastPreference.cs(75,23): warning CS8618: 在退出构造函数时，不可为 null 的 属性 "ActiveSchemeId" 必须包含非 null 值。请考虑添加 "required" 修饰符或将该 属性 声明为可为 null。 [C:\001_AI\Ludots-gpu-commercial\src\Core\Ludots.Core.csproj]
C:\001_AI\Ludots-gpu-commercial\src\Core\Input\Interaction\ClientCastPreference.cs(49,47): warning CS8618: 在退出构造函数时，不可为 null 的 属性 "Locks" 必须包含非 null 值。请考虑添加 "required" 修饰符或将该 属性 声明为可为 null。 [C:\001_AI\Ludots-gpu-commercial\src\Core\Ludots.Core.csproj]
C:\001_AI\Ludots-gpu-commercial\src\Core\Engine\GameEngine.cs(3738,61): warning CS8603: 可能返回 null 引用。 [C:\001_AI\Ludots-gpu-commercial\src\Core\Ludots.Core.csproj]
C:\001_AI\Ludots-gpu-commercial\src\Core\Engine\GameEngine.cs(3759,29): warning CS8600: 将 null 文本或可能的 null 值转换为不可为 null 类型。 [C:\001_AI\Ludots-gpu-commercial\src\Core\Ludots.Core.csproj]
C:\001_AI\Ludots-gpu-commercial\src\Core\Engine\GameEngine.cs(3777,40): warning CS8603: 可能返回 null 引用。 [C:\001_AI\Ludots-gpu-commercial\src\Core\Ludots.Core.csproj]
C:\001_AI\Ludots-gpu-commercial\src\Core\Engine\GameEngine.cs(3787,24): warning CS8603: 可能返回 null 引用。 [C:\001_AI\Ludots-gpu-commercial\src\Core\Ludots.Core.csproj]
C:\001_AI\Ludots-gpu-commercial\src\Core\Engine\GameEngine.cs(3756,32): warning CS8603: 可能返回 null 引用。 [C:\001_AI\Ludots-gpu-commercial\src\Core\Ludots.Core.csproj]
C:\001_AI\Ludots-gpu-commercial\src\Core\Input\Interaction\ClientCastPreferenceStore.cs(231,26): warning CS8601: 可能的 null 引用赋值。 [C:\001_AI\Ludots-gpu-commercial\src\Core\Ludots.Core.csproj]
C:\001_AI\Ludots-gpu-commercial\src\Core\Input\Interaction\ClientCastPreferenceStore.cs(235,34): warning CS8601: 可能的 null 引用赋值。 [C:\001_AI\Ludots-gpu-commercial\src\Core\Ludots.Core.csproj]
C:\001_AI\Ludots-gpu-commercial\src\Core\Input\Interaction\ClientCastPreferenceStore.cs(239,32): warning CS8600: 将 null 文本或可能的 null 值转换为不可为 null 类型。 [C:\001_AI\Ludots-gpu-commercial\src\Core\Ludots.Core.csproj]
C:\001_AI\Ludots-gpu-commercial\src\Core\Engine\GameEngine.cs(3797,61): warning CS8603: 可能返回 null 引用。 [C:\001_AI\Ludots-gpu-commercial\src\Core\Ludots.Core.csproj]
C:\001_AI\Ludots-gpu-commercial\src\Core\Engine\GameEngine.cs(3818,29): warning CS8600: 将 null 文本或可能的 null 值转换为不可为 null 类型。 [C:\001_AI\Ludots-gpu-commercial\src\Core\Ludots.Core.csproj]
C:\001_AI\Ludots-gpu-commercial\src\Core\Engine\GameEngine.cs(3836,40): warning CS8603: 可能返回 null 引用。 [C:\001_AI\Ludots-gpu-commercial\src\Core\Ludots.Core.csproj]
C:\001_AI\Ludots-gpu-commercial\src\Core\Engine\GameEngine.cs(3845,24): warning CS8603: 可能返回 null 引用。 [C:\001_AI\Ludots-gpu-commercial\src\Core\Ludots.Core.csproj]
C:\001_AI\Ludots-gpu-commercial\src\Core\Engine\GameEngine.cs(3815,32): warning CS8603: 可能返回 null 引用。 [C:\001_AI\Ludots-gpu-commercial\src\Core\Ludots.Core.csproj]
C:\001_AI\Ludots-gpu-commercial\src\Core\Presentation\Config\PresenterDefinitionConfigLoader.cs(2150,51): warning CS8600: 将 null 文本或可能的 null 值转换为不可为 null 类型。 [C:\001_AI\Ludots-gpu-commercial\src\Core\Ludots.Core.csproj]
C:\001_AI\Ludots-gpu-commercial\src\Core\Engine\GameEngine.cs(3864,39): warning CS8600: 将 null 文本或可能的 null 值转换为不可为 null 类型。 [C:\001_AI\Ludots-gpu-commercial\src\Core\Ludots.Core.csproj]
C:\001_AI\Ludots-gpu-commercial\src\Core\Engine\GameEngine.cs(3865,38): warning CS8604: “void List<Trigger>.Add(Trigger item)”中的形参“item”可能传入 null 引用实参。 [C:\001_AI\Ludots-gpu-commercial\src\Core\Ludots.Core.csproj]
C:\001_AI\Ludots-gpu-commercial\src\Core\Engine\GameEngine.cs(3884,43): warning CS8600: 将 null 文本或可能的 null 值转换为不可为 null 类型。 [C:\001_AI\Ludots-gpu-commercial\src\Core\Ludots.Core.csproj]
C:\001_AI\Ludots-gpu-commercial\src\Core\Engine\GameEngine.cs(3885,42): warning CS8604: “void List<Trigger>.Add(Trigger item)”中的形参“item”可能传入 null 引用实参。 [C:\001_AI\Ludots-gpu-commercial\src\Core\Ludots.Core.csproj]
C:\001_AI\Ludots-gpu-commercial\src\Core\Engine\GameEngine.cs(3901,17): warning CS8602: 解引用可能出现空引用。 [C:\001_AI\Ludots-gpu-commercial\src\Core\Ludots.Core.csproj]
C:\001_AI\Ludots-gpu-commercial\src\Core\Presentation\Config\PresenterDefinitionConfigLoader.cs(2198,29): warning CS8600: 将 null 文本或可能的 null 值转换为不可为 null 类型。 [C:\001_AI\Ludots-gpu-commercial\src\Core\Ludots.Core.csproj]
C:\001_AI\Ludots-gpu-commercial\src\Core\Presentation\Config\PresenterDefinitionConfigLoader.cs(2334,51): warning CS8600: 将 null 文本或可能的 null 值转换为不可为 null 类型。 [C:\001_AI\Ludots-gpu-commercial\src\Core\Ludots.Core.csproj]
C:\001_AI\Ludots-gpu-commercial\src\Core\Engine\GameEngine.cs(4081,20): warning CS8603: 可能返回 null 引用。 [C:\001_AI\Ludots-gpu-commercial\src\Core\Ludots.Core.csproj]
C:\001_AI\Ludots-gpu-commercial\src\Core\Presentation\Config\PresenterDefinitionConfigLoader.cs(2403,40): warning CS8601: 可能的 null 引用赋值。 [C:\001_AI\Ludots-gpu-commercial\src\Core\Ludots.Core.csproj]
C:\001_AI\Ludots-gpu-commercial\src\Core\Presentation\Config\PresenterDefinitionConfigLoader.cs(2594,51): warning CS8600: 将 null 文本或可能的 null 值转换为不可为 null 类型。 [C:\001_AI\Ludots-gpu-commercial\src\Core\Ludots.Core.csproj]
C:\001_AI\Ludots-gpu-commercial\src\Core\Navigation\NavMesh\Bake\RecastDirectFeedHeightfield.cs(149,29): warning CS8604: “bool NavObstacleGeometry.IsTriangleBlockedByObstacles(int ax, int az, int bx, int bz, int cx, int cz, NavObstacleSet obstacles, string layerId)”中的形参“obstacles”可能传入 null 引用实参。 [C:\001_AI\Ludots-gpu-commercial\src\Core\Ludots.Core.csproj]
C:\001_AI\Ludots-gpu-commercial\src\Core\Engine\GameEngine.cs(4276,53): warning CS8600: 将 null 文本或可能的 null 值转换为不可为 null 类型。 [C:\001_AI\Ludots-gpu-commercial\src\Core\Ludots.Core.csproj]
C:\001_AI\Ludots-gpu-commercial\src\Core\Engine\GameEngine.cs(4277,45): warning CS8600: 将 null 文本或可能的 null 值转换为不可为 null 类型。 [C:\001_AI\Ludots-gpu-commercial\src\Core\Ludots.Core.csproj]
C:\001_AI\Ludots-gpu-commercial\src\Core\Engine\GameEngine.cs(4285,40): warning CS8600: 将 null 文本或可能的 null 值转换为不可为 null 类型。 [C:\001_AI\Ludots-gpu-commercial\src\Core\Ludots.Core.csproj]
C:\001_AI\Ludots-gpu-commercial\src\Core\Engine\GameEngine.cs(4319,94): warning CS8604: “IPathService GameEngine.CreateDefaultNavMeshPathService(PathingConfig pathingConfig, NavQueryServiceRegistry navRegistry, NavMeshProfileRegistry navProfiles, AgentProfileRegistry agentProfiles, PathStore pathStore)”中的形参“navRegistry”可能传入 null 引用实参。 [C:\001_AI\Ludots-gpu-commercial\src\Core\Ludots.Core.csproj]
C:\001_AI\Ludots-gpu-commercial\src\Core\Engine\GameEngine.cs(4319,107): warning CS8604: “IPathService GameEngine.CreateDefaultNavMeshPathService(PathingConfig pathingConfig, NavQueryServiceRegistry navRegistry, NavMeshProfileRegistry navProfiles, AgentProfileRegistry agentProfiles, PathStore pathStore)”中的形参“navProfiles”可能传入 null 引用实参。 [C:\001_AI\Ludots-gpu-commercial\src\Core\Ludots.Core.csproj]
C:\001_AI\Ludots-gpu-commercial\src\Core\Engine\GameEngine.cs(4323,57): warning CS8604: “PathServiceRouter.PathServiceRouter(IPathService nodeGraph, IPathService navMesh, IPathService auto, PathStore store)”中的形参“nodeGraph”可能传入 null 引用实参。 [C:\001_AI\Ludots-gpu-commercial\src\Core\Ludots.Core.csproj]
C:\001_AI\Ludots-gpu-commercial\src\Core\Navigation\NavMesh\Bake\NavBakeService.cs(179,65): warning CS8600: 将 null 文本或可能的 null 值转换为不可为 null 类型。 [C:\001_AI\Ludots-gpu-commercial\src\Core\Ludots.Core.csproj]
C:\001_AI\Ludots-gpu-commercial\src\Core\Input\Interaction\ClientCastPreferenceStore.cs(418,24): warning CS8603: 可能返回 null 引用。 [C:\001_AI\Ludots-gpu-commercial\src\Core\Ludots.Core.csproj]
C:\001_AI\Ludots-gpu-commercial\src\Core\Input\Interaction\ClientCastPreferenceStore.cs(434,24): warning CS8603: 可能返回 null 引用。 [C:\001_AI\Ludots-gpu-commercial\src\Core\Ludots.Core.csproj]
C:\001_AI\Ludots-gpu-commercial\src\Core\Navigation\NavMesh\Bake\NavBakeEstimator.cs(496,30): warning CS8602: 解引用可能出现空引用。 [C:\001_AI\Ludots-gpu-commercial\src\Core\Ludots.Core.csproj]
C:\001_AI\Ludots-gpu-commercial\src\Core\Presentation\Systems\PresenterScreenRectSystem.cs(84,25): warning CS8600: 将 null 文本或可能的 null 值转换为不可为 null 类型。 [C:\001_AI\Ludots-gpu-commercial\src\Core\Ludots.Core.csproj]
C:\001_AI\Ludots-gpu-commercial\src\Core\Presentation\Minimap\MinimapPresentationSystem.cs(105,16): warning CS8618: 在退出构造函数时，不可为 null 的 字段 "_focusCollectionKey" 必须包含非 null 值。请考虑添加 "required" 修饰符或将该 字段 声明为可为 null。 [C:\001_AI\Ludots-gpu-commercial\src\Core\Ludots.Core.csproj]
C:\001_AI\Ludots-gpu-commercial\src\Core\Presentation\Systems\PresenterEmitSystem.cs(97,44): warning CS8604: “PresenterAssetEmitRuntime.PresenterAssetEmitRuntime(World world, PresenterEntityRuntime runtime, PresentationRequestBuffer requests, Dictionary<string, object> globals, PresenterAnimatorStateBuffer animatorStates, SoundRequestBuffer soundRequests, PresenterVisualStableIdTable? visualStableIds = null)”中的形参“globals”可能传入 null 引用实参。 [C:\001_AI\Ludots-gpu-commercial\src\Core\Ludots.Core.csproj]
C:\001_AI\Ludots-gpu-commercial\src\Core\Presentation\Systems\PresenterBehaviorSystem.cs(148,16): warning CS8618: 在退出构造函数时，不可为 null 的 字段 "_ownerAttributeWorkIndex" 必须包含非 null 值。请考虑添加 "required" 修饰符或将该 字段 声明为可为 null。 [C:\001_AI\Ludots-gpu-commercial\src\Core\Ludots.Core.csproj]
C:\001_AI\Ludots-gpu-commercial\src\Core\Presentation\Systems\PresenterBehaviorSystem.cs(148,16): warning CS8618: 在退出构造函数时，不可为 null 的 字段 "_ownerTagWorkIndex" 必须包含非 null 值。请考虑添加 "required" 修饰符或将该 字段 声明为可为 null。 [C:\001_AI\Ludots-gpu-commercial\src\Core\Ludots.Core.csproj]
C:\001_AI\Ludots-gpu-commercial\src\Core\Presentation\Systems\PresenterRuleSystem.cs(66,16): warning CS8618: 在退出构造函数时，不可为 null 的 字段 "_exactIndex" 必须包含非 null 值。请考虑添加 "required" 修饰符或将该 字段 声明为可为 null。 [C:\001_AI\Ludots-gpu-commercial\src\Core\Ludots.Core.csproj]
C:\001_AI\Ludots-gpu-commercial\src\Core\Presentation\Systems\PresenterRuleSystem.cs(66,16): warning CS8618: 在退出构造函数时，不可为 null 的 字段 "_wildcardIndex" 必须包含非 null 值。请考虑添加 "required" 修饰符或将该 字段 声明为可为 null。 [C:\001_AI\Ludots-gpu-commercial\src\Core\Ludots.Core.csproj]
C:\001_AI\Ludots-gpu-commercial\src\Core\NodeLibraries\GASGraph\GraphControlFlowCompiler.Linear.cs(675,94): warning CS8600: 将 null 文本或可能的 null 值转换为不可为 null 类型。 [C:\001_AI\Ludots-gpu-commercial\src\Core\Ludots.Core.csproj]
C:\001_AI\Ludots-gpu-commercial\src\Core\Presentation\Systems\PresenterEntityTransformSyncSystem.cs(119,26): warning CS8602: 解引用可能出现空引用。 [C:\001_AI\Ludots-gpu-commercial\src\Core\Ludots.Core.csproj]
C:\001_AI\Ludots-gpu-commercial\src\Core\Presentation\Systems\PresenterEntityTransformSyncSystem.cs(232,26): warning CS8602: 解引用可能出现空引用。 [C:\001_AI\Ludots-gpu-commercial\src\Core\Ludots.Core.csproj]
C:\001_AI\Ludots-gpu-commercial\src\Core\Engine\GameEngine.cs(4508,32): warning CS8600: 将 null 文本或可能的 null 值转换为不可为 null 类型。 [C:\001_AI\Ludots-gpu-commercial\src\Core\Ludots.Core.csproj]
C:\001_AI\Ludots-gpu-commercial\src\Core\Engine\GameEngine.cs(4514,31): warning CS8600: 将 null 文本或可能的 null 值转换为不可为 null 类型。 [C:\001_AI\Ludots-gpu-commercial\src\Core\Ludots.Core.csproj]
C:\001_AI\Ludots-gpu-commercial\src\Core\Engine\GameEngine.cs(4528,23): warning CS8601: 可能的 null 引用赋值。 [C:\001_AI\Ludots-gpu-commercial\src\Core\Ludots.Core.csproj]
C:\001_AI\Ludots-gpu-commercial\src\Core\Engine\GameEngine.cs(4536,19): warning CS8625: 无法将 null 字面量转换为非 null 的引用类型。 [C:\001_AI\Ludots-gpu-commercial\src\Core\Ludots.Core.csproj]
C:\001_AI\Ludots-gpu-commercial\src\Core\Engine\GameEngine.cs(4576,28): warning CS8600: 将 null 文本或可能的 null 值转换为不可为 null 类型。 [C:\001_AI\Ludots-gpu-commercial\src\Core\Ludots.Core.csproj]
C:\001_AI\Ludots-gpu-commercial\src\Core\Presentation\Systems\PresenterEntityTransformSyncSystem.cs(289,25): warning CS8602: 解引用可能出现空引用。 [C:\001_AI\Ludots-gpu-commercial\src\Core\Ludots.Core.csproj]
C:\001_AI\Ludots-gpu-commercial\src\Core\NodeLibraries\GASGraph\GraphFormatTextExpander.cs(113,96): warning CS8600: 将 null 文本或可能的 null 值转换为不可为 null 类型。 [C:\001_AI\Ludots-gpu-commercial\src\Core\Ludots.Core.csproj]
C:\001_AI\Ludots-gpu-commercial\src\Core\Presentation\Presenters\CompiledPresenterBootstrapRegistry.cs(216,69): warning CS8600: 将 null 文本或可能的 null 值转换为不可为 null 类型。 [C:\001_AI\Ludots-gpu-commercial\src\Core\Ludots.Core.csproj]
C:\001_AI\Ludots-gpu-commercial\src\Core\Presentation\Presenters\CompiledPresenterBootstrapRegistry.cs(230,74): warning CS8600: 将 null 文本或可能的 null 值转换为不可为 null 类型。 [C:\001_AI\Ludots-gpu-commercial\src\Core\Ludots.Core.csproj]
C:\001_AI\Ludots-gpu-commercial\src\Core\Engine\GameEngine.cs(4898,33): warning CS8625: 无法将 null 字面量转换为非 null 的引用类型。 [C:\001_AI\Ludots-gpu-commercial\src\Core\Ludots.Core.csproj]
C:\001_AI\Ludots-gpu-commercial\src\Core\Engine\GameEngine.cs(4907,25): warning CS8625: 无法将 null 字面量转换为非 null 的引用类型。 [C:\001_AI\Ludots-gpu-commercial\src\Core\Ludots.Core.csproj]
C:\001_AI\Ludots-gpu-commercial\src\Core\Engine\GameEngine.cs(4919,35): warning CS8625: 无法将 null 字面量转换为非 null 的引用类型。 [C:\001_AI\Ludots-gpu-commercial\src\Core\Ludots.Core.csproj]
C:\001_AI\Ludots-gpu-commercial\src\Core\Engine\GameEngine.cs(4920,36): warning CS8625: 无法将 null 字面量转换为非 null 的引用类型。 [C:\001_AI\Ludots-gpu-commercial\src\Core\Ludots.Core.csproj]
C:\001_AI\Ludots-gpu-commercial\src\Core\Engine\GameEngine.cs(4921,36): warning CS8625: 无法将 null 字面量转换为非 null 的引用类型。 [C:\001_AI\Ludots-gpu-commercial\src\Core\Ludots.Core.csproj]
C:\001_AI\Ludots-gpu-commercial\src\Core\Engine\GameEngine.cs(4922,37): warning CS8625: 无法将 null 字面量转换为非 null 的引用类型。 [C:\001_AI\Ludots-gpu-commercial\src\Core\Ludots.Core.csproj]
C:\001_AI\Ludots-gpu-commercial\src\Core\Engine\GameEngine.cs(4923,34): warning CS8625: 无法将 null 字面量转换为非 null 的引用类型。 [C:\001_AI\Ludots-gpu-commercial\src\Core\Ludots.Core.csproj]
C:\001_AI\Ludots-gpu-commercial\src\Core\Engine\GameEngine.cs(4924,41): warning CS8625: 无法将 null 字面量转换为非 null 的引用类型。 [C:\001_AI\Ludots-gpu-commercial\src\Core\Ludots.Core.csproj]
C:\001_AI\Ludots-gpu-commercial\src\Core\Engine\GameEngine.cs(4925,42): warning CS8625: 无法将 null 字面量转换为非 null 的引用类型。 [C:\001_AI\Ludots-gpu-commercial\src\Core\Ludots.Core.csproj]
C:\001_AI\Ludots-gpu-commercial\src\Core\Engine\GameEngine.cs(4926,40): warning CS8625: 无法将 null 字面量转换为非 null 的引用类型。 [C:\001_AI\Ludots-gpu-commercial\src\Core\Ludots.Core.csproj]
C:\001_AI\Ludots-gpu-commercial\src\Core\Engine\GameEngine.cs(4927,35): warning CS8625: 无法将 null 字面量转换为非 null 的引用类型。 [C:\001_AI\Ludots-gpu-commercial\src\Core\Ludots.Core.csproj]
C:\001_AI\Ludots-gpu-commercial\src\Core\Engine\GameEngine.cs(4928,44): warning CS8625: 无法将 null 字面量转换为非 null 的引用类型。 [C:\001_AI\Ludots-gpu-commercial\src\Core\Ludots.Core.csproj]
C:\001_AI\Ludots-gpu-commercial\src\Core\Engine\GameEngine.cs(4929,46): warning CS8625: 无法将 null 字面量转换为非 null 的引用类型。 [C:\001_AI\Ludots-gpu-commercial\src\Core\Ludots.Core.csproj]
C:\001_AI\Ludots-gpu-commercial\src\Core\Engine\GameEngine.cs(4930,38): warning CS8625: 无法将 null 字面量转换为非 null 的引用类型。 [C:\001_AI\Ludots-gpu-commercial\src\Core\Ludots.Core.csproj]
C:\001_AI\Ludots-gpu-commercial\src\Core\Engine\GameEngine.cs(4931,36): warning CS8625: 无法将 null 字面量转换为非 null 的引用类型。 [C:\001_AI\Ludots-gpu-commercial\src\Core\Ludots.Core.csproj]
C:\001_AI\Ludots-gpu-commercial\src\Core\Engine\GameEngine.cs(4932,35): warning CS8625: 无法将 null 字面量转换为非 null 的引用类型。 [C:\001_AI\Ludots-gpu-commercial\src\Core\Ludots.Core.csproj]
C:\001_AI\Ludots-gpu-commercial\src\Core\Engine\GameEngine.cs(4933,31): warning CS8625: 无法将 null 字面量转换为非 null 的引用类型。 [C:\001_AI\Ludots-gpu-commercial\src\Core\Ludots.Core.csproj]
C:\001_AI\Ludots-gpu-commercial\src\Core\Engine\GameEngine.cs(4934,36): warning CS8625: 无法将 null 字面量转换为非 null 的引用类型。 [C:\001_AI\Ludots-gpu-commercial\src\Core\Ludots.Core.csproj]
C:\001_AI\Ludots-gpu-commercial\src\Core\Engine\GameEngine.cs(4935,30): warning CS8625: 无法将 null 字面量转换为非 null 的引用类型。 [C:\001_AI\Ludots-gpu-commercial\src\Core\Ludots.Core.csproj]
C:\001_AI\Ludots-gpu-commercial\src\Core\Engine\GameEngine.cs(4936,25): warning CS8625: 无法将 null 字面量转换为非 null 的引用类型。 [C:\001_AI\Ludots-gpu-commercial\src\Core\Ludots.Core.csproj]
C:\001_AI\Ludots-gpu-commercial\src\Core\Engine\GameEngine.cs(4937,38): warning CS8625: 无法将 null 字面量转换为非 null 的引用类型。 [C:\001_AI\Ludots-gpu-commercial\src\Core\Ludots.Core.csproj]
C:\001_AI\Ludots-gpu-commercial\src\Core\Engine\GameEngine.cs(4938,45): warning CS8625: 无法将 null 字面量转换为非 null 的引用类型。 [C:\001_AI\Ludots-gpu-commercial\src\Core\Ludots.Core.csproj]
C:\001_AI\Ludots-gpu-commercial\src\Core\Engine\GameEngine.cs(4939,28): warning CS8625: 无法将 null 字面量转换为非 null 的引用类型。 [C:\001_AI\Ludots-gpu-commercial\src\Core\Ludots.Core.csproj]
C:\001_AI\Ludots-gpu-commercial\src\Core\Engine\GameEngine.cs(4940,30): warning CS8625: 无法将 null 字面量转换为非 null 的引用类型。 [C:\001_AI\Ludots-gpu-commercial\src\Core\Ludots.Core.csproj]
C:\001_AI\Ludots-gpu-commercial\src\Core\Engine\GameEngine.cs(4941,29): warning CS8625: 无法将 null 字面量转换为非 null 的引用类型。 [C:\001_AI\Ludots-gpu-commercial\src\Core\Ludots.Core.csproj]
C:\001_AI\Ludots-gpu-commercial\src\Core\Presentation\Systems\PresenterAssetEmitRuntime.cs(858,21): warning CS8625: 无法将 null 字面量转换为非 null 的引用类型。 [C:\001_AI\Ludots-gpu-commercial\src\Core\Ludots.Core.csproj]
C:\001_AI\Ludots-gpu-commercial\src\Core\Gameplay\GAS\ExtensionAttributeRegistry.cs(66,50): warning CS8601: 可能的 null 引用赋值。 [C:\001_AI\Ludots-gpu-commercial\src\Core\Ludots.Core.csproj]
C:\001_AI\Ludots-gpu-commercial\src\Core\Presentation\Config\PresenterDefinitionConfigLoader.cs(4243,51): warning CS8600: 将 null 文本或可能的 null 值转换为不可为 null 类型。 [C:\001_AI\Ludots-gpu-commercial\src\Core\Ludots.Core.csproj]
C:\001_AI\Ludots-gpu-commercial\src\Core\Presentation\Config\PresenterDefinitionConfigLoader.cs(4276,51): warning CS8600: 将 null 文本或可能的 null 值转换为不可为 null 类型。 [C:\001_AI\Ludots-gpu-commercial\src\Core\Ludots.Core.csproj]
C:\001_AI\Ludots-gpu-commercial\src\Core\Presentation\Config\PresenterDefinitionConfigLoader.cs(4306,51): warning CS8600: 将 null 文本或可能的 null 值转换为不可为 null 类型。 [C:\001_AI\Ludots-gpu-commercial\src\Core\Ludots.Core.csproj]
C:\001_AI\Ludots-gpu-commercial\src\Core\Presentation\Config\PresenterDefinitionConfigLoader.cs(4337,51): warning CS8600: 将 null 文本或可能的 null 值转换为不可为 null 类型。 [C:\001_AI\Ludots-gpu-commercial\src\Core\Ludots.Core.csproj]
C:\001_AI\Ludots-gpu-commercial\src\Core\Engine\GameEngine.cs(5108,21): warning CS8604: “void InstancedBatchCapabilityValidator.Validate(InstancedBatchRequestBuffer requests, InstancedBatchOperationBuffer operations, PresentationAdapterCapabilities? capabilities)”中的形参“requests”可能传入 null 引用实参。 [C:\001_AI\Ludots-gpu-commercial\src\Core\Ludots.Core.csproj]
C:\001_AI\Ludots-gpu-commercial\src\Core\Engine\GameEngine.cs(5109,21): warning CS8604: “void InstancedBatchCapabilityValidator.Validate(InstancedBatchRequestBuffer requests, InstancedBatchOperationBuffer operations, PresentationAdapterCapabilities? capabilities)”中的形参“operations”可能传入 null 引用实参。 [C:\001_AI\Ludots-gpu-commercial\src\Core\Ludots.Core.csproj]
C:\001_AI\Ludots-gpu-commercial\src\Core\Gameplay\GAS\EffectTemplateRegistry.cs(420,64): warning CS8618: 在退出构造函数时，不可为 null 的 字段 "_conflictReport" 必须包含非 null 值。请考虑添加 "required" 修饰符或将该 字段 声明为可为 null。 [C:\001_AI\Ludots-gpu-commercial\src\Core\Ludots.Core.csproj]
C:\001_AI\Ludots-gpu-commercial\src\Core\Gameplay\GAS\Orders\OrderTypeConfigLoader.cs(77,46): warning CS8604: “void OrderTypeConfigLoader.RegisterConfiguredBlackboardKeys(IReadOnlyDictionary<string, JsonNode?> configuredKeys, string path)”中的形参“configuredKeys”可能传入 null 引用实参。 [C:\001_AI\Ludots-gpu-commercial\src\Core\Ludots.Core.csproj]
C:\001_AI\Ludots-gpu-commercial\src\Core\Gameplay\GAS\Orders\OrderTypeConfigLoader.cs(94,46): warning CS8604: “void OrderTypeConfigLoader.RegisterConfiguredBlackboardKeys(IReadOnlyDictionary<string, JsonNode?> configuredKeys, string path)”中的形参“configuredKeys”可能传入 null 引用实参。 [C:\001_AI\Ludots-gpu-commercial\src\Core\Ludots.Core.csproj]
C:\001_AI\Ludots-gpu-commercial\src\Core\Gameplay\GAS\Orders\OrderTypeConfigLoader.cs(97,88): warning CS8604: “List<KeyValuePair<string, OrderTypeConfigJson>>.List(IEnumerable<KeyValuePair<string, OrderTypeConfigJson>> collection)”中的形参“collection”可能传入 null 引用实参。 [C:\001_AI\Ludots-gpu-commercial\src\Core\Ludots.Core.csproj]
C:\001_AI\Ludots-gpu-commercial\src\Core\Engine\GameEngine.MapLoadLifecycle.cs(128,82): warning CS8604: “MapFeatureFlags MapFeatureFlags.FromTags(IReadOnlyList<string> tags)”中的形参“tags”可能传入 null 引用实参。 [C:\001_AI\Ludots-gpu-commercial\src\Core\Ludots.Core.csproj]
C:\001_AI\Ludots-gpu-commercial\src\Core\Engine\GameEngine.MapLoadLifecycle.cs(243,79): warning CS8604: “MapFeatureFlags MapFeatureFlags.FromTags(IReadOnlyList<string> tags)”中的形参“tags”可能传入 null 引用实参。 [C:\001_AI\Ludots-gpu-commercial\src\Core\Ludots.Core.csproj]
C:\001_AI\Ludots-gpu-commercial\src\Core\NodeLibraries\GASGraph\GraphControlFlowCompiler.Linear.cs(1779,94): warning CS8600: 将 null 文本或可能的 null 值转换为不可为 null 类型。 [C:\001_AI\Ludots-gpu-commercial\src\Core\Ludots.Core.csproj]
C:\001_AI\Ludots-gpu-commercial\src\Core\Engine\GameEngine.MapLoadLifecycle.cs(390,69): warning CS8600: 将 null 文本或可能的 null 值转换为不可为 null 类型。 [C:\001_AI\Ludots-gpu-commercial\src\Core\Ludots.Core.csproj]
C:\001_AI\Ludots-gpu-commercial\src\Core\Engine\GameEngine.MapLoadLifecycle.cs(401,42): warning CS8600: 将 null 文本或可能的 null 值转换为不可为 null 类型。 [C:\001_AI\Ludots-gpu-commercial\src\Core\Ludots.Core.csproj]
C:\001_AI\Ludots-gpu-commercial\src\Core\Engine\GameEngine.MapLoadLifecycle.cs(446,67): warning CS8600: 将 null 文本或可能的 null 值转换为不可为 null 类型。 [C:\001_AI\Ludots-gpu-commercial\src\Core\Ludots.Core.csproj]
C:\001_AI\Ludots-gpu-commercial\src\Core\Engine\GameEngine.MapLoadLifecycle.cs(457,38): warning CS8600: 将 null 文本或可能的 null 值转换为不可为 null 类型。 [C:\001_AI\Ludots-gpu-commercial\src\Core\Ludots.Core.csproj]
C:\001_AI\Ludots-gpu-commercial\src\Core\Engine\GameEngine.MapLoadLifecycle.cs(626,58): warning CS8600: 将 null 文本或可能的 null 值转换为不可为 null 类型。 [C:\001_AI\Ludots-gpu-commercial\src\Core\Ludots.Core.csproj]
C:\001_AI\Ludots-gpu-commercial\src\Core\Engine\GameEngine.MapLoadLifecycle.cs(655,60): warning CS8600: 将 null 文本或可能的 null 值转换为不可为 null 类型。 [C:\001_AI\Ludots-gpu-commercial\src\Core\Ludots.Core.csproj]
adapter=raylib
pid=64744
bootstrap=C:\001_AI\Ludots-gpu-commercial\src\Apps\Raylib\Ludots.App.Raylib\bin\Release\net9.0\launcher.runtime.json
process=primary role= pid=64744 bootstrap=C:\001_AI\Ludots-gpu-commercial\src\Apps\Raylib\Ludots.App.Raylib\bin\Release\net9.0\launcher.runtime.json
rootMods=CapabilityStandardMassNavigationLargeWorld10kMod
orderedMods=LudotsCoreMod, CoreInputMod, SelectionInteractionMod, MassNavigationMod, CapabilityStandardMassNavigationLargeWorld10kMod
startup:
  defaultCoreMod=LudotsCoreMod @ assets/game.json
  startupMapId=mass_navigation @ mods/showcases/capability_standard/CapabilityStandardMassNavigationLargeWorld10kMod/assets/game.json
    - mods/LudotsCoreMod/assets/game.json -> entry
    - mods/capabilities/navigation/MassNavigationMod/assets/game.json -> mass_navigation
    * mods/showcases/capability_standard/CapabilityStandardMassNavigationLargeWorld10kMod/assets/game.json -> mass_navigation
  startupInputContexts=[Default_Gameplay] @ mods/LudotsCoreMod/assets/game.json
  browserRuntime=(unset) @ (unset)
[INF][Engine] Initializing with ConfigPipeline...
[INF][Engine] Applying launcher-resolved mod plan: fingerprint=d829347c4757355fc6aee6ad722f1f0cd9431399d393ec81c9d0528ca0d32d8a, schema=1, mods=5
[INF][ModLoader] Resolved Mod Load Order (launcher graph):
[INF][ModLoader] - LudotsCoreMod (P:-1000)
[INF][ModLoader] - CoreInputMod (P:0)
[INF][ModLoader] - SelectionInteractionMod (P:0)
[INF][ModLoader] - MassNavigationMod (P:0)
[INF][ModLoader] - CapabilityStandardMassNavigationLargeWorld10kMod (P:-2000)
[INF][ModLoader] Loading DLL for LudotsCoreMod at C:\001_AI\Ludots-gpu-commercial\mods\LudotsCoreMod\bin\net9.0\LudotsCoreMod.dll
[INF][ModLoader] Scanning 2 types in assembly...
[INF][ModLoader] Instantiated entry for LudotsCoreMod. Calling OnLoad...
[INF][Mod.LudotsCoreMod] [LudotsCoreMod] Loaded - Core game framework initialized
[INF][ModLoader] LudotsCoreMod OnLoad completed.
[INF][ModLoader] Loaded LudotsCoreMod
[INF][ModLoader] Loading DLL for CoreInputMod at C:\001_AI\Ludots-gpu-commercial\mods\CoreInputMod\bin\net9.0\CoreInputMod.dll
[INF][ModLoader] Scanning 33 types in assembly...
[INF][ModLoader] Instantiated entry for CoreInputMod. Calling OnLoad...
[INF][Mod.CoreInputMod] [CoreInputMod] Loaded - generic command-source and GAS input
[INF][ModLoader] CoreInputMod OnLoad completed.
[INF][ModLoader] Loaded CoreInputMod
[INF][ModLoader] Skip code load for SelectionInteractionMod: manifest has no 'main' (asset-only mod).
[INF][ModLoader] Loading DLL for MassNavigationMod at C:\001_AI\Ludots-gpu-commercial\mods\capabilities\navigation\MassNavigationMod\bin\net9.0\MassNavigationMod.dll
[INF][ModLoader] Scanning 2 types in assembly...
[INF][ModLoader] Instantiated entry for MassNavigationMod. Calling OnLoad...
[INF][Mod.MassNavigationMod] [MassNavigationMod] Loaded MassNavigation assets and MovePlan order adapter.
[INF][ModLoader] MassNavigationMod OnLoad completed.
[INF][ModLoader] Loaded MassNavigationMod
[INF][ModLoader] Loading DLL for CapabilityStandardMassNavigationLargeWorld10kMod at C:\001_AI\Ludots-gpu-commercial\mods\showcases\capability_standard\CapabilityStandardMassNavigationLargeWorld10kMod\bin\net9.0\CapabilityStandardMassNavigationLargeWorld10kMod.dll
[INF][ModLoader] Scanning 4 types in assembly...
[INF][ModLoader] Instantiated entry for CapabilityStandardMassNavigationLargeWorld10kMod. Calling OnLoad...
[INF][Mod.CapabilityStandardMassNavigationLargeWorld10kMod] [CapabilityStandardMassNavigationLargeWorld10kMod] Loaded
[INF][ModLoader] CapabilityStandardMassNavigationLargeWorld10kMod OnLoad completed.
[INF][ModLoader] Loaded CapabilityStandardMassNavigationLargeWorld10kMod
[INF][Config] Merged fragment from: Core:game.json
[INF][Config] Merged fragment from: LudotsCoreMod:assets/game.json
[INF][Config] Merged fragment from: MassNavigationMod:assets/game.json
[INF][Config] Merged fragment from: CapabilityStandardMassNavigationLargeWorld10kMod:assets/game.json
[INF][Config] Merged fragment from: Core:config_catalog.json
[INF][Config] Merged fragment from: MassNavigationMod:assets/config_catalog.json
[INF][Config] Merged fragment from: CapabilityStandardMassNavigationLargeWorld10kMod:assets/config_catalog.json
[INF][Config] Merged fragment from: Core:Navigation/agent_profiles.json
[INF][Engine] Merged GameConfig: StartupMapId=mass_navigation, DefaultCoreMod=LudotsCoreMod
[INF][Engine] Constants loaded: OrderTypeIds=4, ResponseChainOrderTypeIds=3
[INF][Engine] Initializing JobScheduler...
[INF][Config] Loading DataRegistry<EntityTemplate> from Entities/templates.json...
[INF][Config] Merged fragment from: LudotsCoreMod:assets/Entities/templates.json
[INF][Config] Merged fragment from: MassNavigationMod:assets/Entities/templates.json
[INF][Config] Loaded 16 DataRegistry<EntityTemplate> items.
[INF][Engine] Initializing Core GAS Systems...
[INF][Config] Merged fragment from: Core:Engine/clock.json
[INF][Config] Merged fragment from: CapabilityStandardMassNavigationLargeWorld10kMod:assets/Engine/clock.json
[INF][Config] Merged fragment from: Core:Relationships/catalog.json
[INF][Config] Merged fragment from: LudotsCoreMod:assets/Relationships/catalog.json
[INF][Config] Merged fragment from: Core:Relationships/control_profiles.json
[INF][Config] Merged fragment from: Core:GAS/target_dispatch_presets.json
[INF][Config] Merged fragment from: Core:GAS/clock.json
[INF][Config] Merged fragment from: Core:Physics2D/clock.json
[INF][Config] Merged fragment from: Core:Physics2D/solver.json
[INF][Config] Merged fragment from: Core:Physics2D/kinematic.json
[INF][Config] Merged fragment from: Core:GAS/attribute_constraints.json
[INF][Config] Merged fragment from: MassNavigationMod:assets/GAS/attribute_constraints.json
[INF][Config] Merged fragment from: Core:Enums/enums.json
[INF][Config] Merged fragment from: Core:Vision/fog_layers.json
[INF][Config] Merged fragment from: LudotsCoreMod:assets/Presentation/text_tokens.json
[INF][Config] Merged fragment from: LudotsCoreMod:assets/Presentation/text_tokens.json
[INF][Config] Merged fragment from: LudotsCoreMod:assets/Presentation/text_locales.json
[INF][Config] Merged fragment from: Core:GraphTables/lookup_tables.json
[INF][Config] Merged fragment from: Core:GAS/graphs.json
[INF][Config] Merged fragment from: SelectionInteractionMod:assets/GAS/graphs/graph.case_e.box_begin.json
[INF][Config] Merged fragment from: SelectionInteractionMod:assets/GAS/graphs/graph.case_e.box_commit.json
[INF][Config] Merged fragment from: SelectionInteractionMod:assets/GAS/graphs/graph.case_e.box_hit.json
[INF][Config] Merged fragment from: SelectionInteractionMod:assets/GAS/graphs/graph.case_e.selection_commit.json
[INF][Config] Merged fragment from: SelectionInteractionMod:assets/GAS/graphs/graph.case_e.selection_preview_clear.json
[INF][Config] Merged fragment from: SelectionInteractionMod:assets/GAS/graphs/graph.case_e.selection_preview_tick.json
[INF][Config] Merged fragment from: SelectionInteractionMod:assets/GAS/graphs/graph.selection.rectangle_hits.json
[INF][Config] Merged fragment from: MassNavigationMod:assets/GAS/graphs.json
[INF][Config] Merged fragment from: MassNavigationMod:assets/GAS/graphs/graph.case_e.box_hit.json
[INF][Config] Merged fragment from: MassNavigationMod:assets/GAS/graphs/graph.mass_navigation.selection_candidates.json
[INF][Config] Merged fragment from: MassNavigationMod:assets/GAS/graphs/graph.mass_navigation.selection_roster.json
[INF][Config] Merged fragment from: Core:GAS/preset_types.json
[INF][Config] Merged fragment from: Core:Exchange/operations.json
[INF][Config] Merged fragment from: Core:Progression/scopes.json
[INF][Config] Merged fragment from: Core:Progression/progressions.json
[INF][Config] Merged fragment from: Core:Progression/requirements.json
[INF][Config] Merged fragment from: LudotsCoreMod:assets/GAS/order_types.json
[INF][Config] Merged fragment from: MassNavigationMod:assets/GAS/order_types.json
[INF][Config] Merged fragment from: Core:GAS/effects.json
[INF][Config] Merged fragment from: MassNavigationMod:assets/GAS/effects.json
[INF][Config] Merged fragment from: MassNavigationMod:assets/GAS/tag_rules.json
[INF][Config] Merged fragment from: Core:GAS/func_lib.json
[INF][Config] Merged fragment from: Core:GAS/action_lib.json
[INF][Config] Merged fragment from: Core:Items/shapes.json
[INF][Config] Merged fragment from: Core:Items/layouts.json
[INF][Config] Merged fragment from: Core:Items/definitions.json
[INF][Config] Merged fragment from: Core:Exchange/operations.json
[INF][Config] Merged fragment from: Core:Panels/panel_templates.json
[INF][Config] Merged fragment from: Core:Input/filter_profiles.json
[INF][Config] Merged fragment from: Core:Presentation/lod_profiles.json
[INF][Config] Merged fragment from: Core:Presentation/particle_vfx.json
[INF][Config] Merged fragment from: LudotsCoreMod:assets/Presentation/mesh_assets.json
[INF][Config] Merged fragment from: SelectionInteractionMod:assets/Presentation/mesh_assets.json
[INF][Config] Merged fragment from: MassNavigationMod:assets/Presentation/mesh_assets.json
[INF][Config] Merged fragment from: LudotsCoreMod:assets/Presentation/material_assets.json
[INF][Config] Merged fragment from: LudotsCoreMod:assets/Presentation/animator_controllers.json
[INF][Config] Merged fragment from: MassNavigationMod:assets/Presentation/animator_controllers.json
[INF][Config] Merged fragment from: LudotsCoreMod:assets/Presentation/animation_clips.json
[INF][Config] Merged fragment from: MassNavigationMod:assets/Presentation/animation_clips.json
[INF][Config] Merged fragment from: LudotsCoreMod:assets/Presentation/animation_profiles.json
[INF][Config] Merged fragment from: MassNavigationMod:assets/Presentation/animation_profiles.json
[INF][Config] Merged fragment from: Core:Input/interaction_context_profiles.json
[INF][Config] Merged fragment from: SelectionInteractionMod:assets/Input/interaction_context_profiles.json
[INF][Config] Merged fragment from: LudotsCoreMod:assets/Presentation/presenters.json
[INF][Config] Merged fragment from: CoreInputMod:assets/Presentation/presenters.json
[INF][Config] Merged fragment from: SelectionInteractionMod:assets/Presentation/presenters.json
[INF][Config] Merged fragment from: MassNavigationMod:assets/Presentation/presenters.json
[INF][Config] Merged fragment from: Core:GAS/attribute_bindings.json
[INF][Config] Merged fragment from: Core:config_catalog.json
[INF][Config] Merged fragment from: MassNavigationMod:assets/config_catalog.json
[INF][Config] Merged fragment from: CapabilityStandardMassNavigationLargeWorld10kMod:assets/config_catalog.json
[INF][Config] Merged fragment from: Core:Input/default_input.json
[INF][Config] Merged fragment from: CoreInputMod:assets/Input/default_input.json
[INF][Config] Merged fragment from: SelectionInteractionMod:assets/Input/default_input.json
[INF][Config] Merged fragment from: Core:Input/action_attribute_bindings.json
[INF][Config] Merged fragment from: Core:Input/command_intent_profiles.json
[INF][Config] Merged fragment from: CapabilityStandardMassNavigationLargeWorld10kMod:assets/Input/command_intent_profiles.json
[INF][Config] Merged fragment from: Core:Input/cast_commit_profiles.json
[INF][Config] Merged fragment from: Core:Input/cast_commit_locks.json
[INF][Config] Merged fragment from: Core:Input/cast_dispatch_profiles.json
[INF][Config] Merged fragment from: Core:Input/control_schemes.json
[INF][Config] Merged fragment from: Core:Input/interaction_prefs.json
[INF][Config] Merged fragment from: Core:Input/interaction_modes.json
[INF][Config] Merged fragment from: Core:UI/ability_aggregation_profiles.json
[INF][Config] Merged fragment from: Core:UI/command_deck_profiles.json
[INF][Config] Merged fragment from: Core:UI/production_overview_profiles.json
[INF][Config] Merged fragment from: Core:AI/behavior_trees.json
[INF][Config] Merged fragment from: Core:AI/hfsm.json
[INF][Config] Merged fragment from: Core:Presentation/semantic_maps.json
[INF][Config] Merged fragment from: Core:Presentation/image_assets.json
[INF][Config] Merged fragment from: Core:Camera/virtual_cameras.json
[INF][Config] Merged fragment from: MassNavigationMod:assets/Camera/virtual_cameras.json
[INF][Config] Merged fragment from: Core:Story/lines.json
[INF][Config] Merged fragment from: Core:Story/presentation_profiles.json
[INF][Config] Merged fragment from: Core:Story/speakers.json
[INF][Config] Merged fragment from: Core:Dialogue/dialogues.json
[INF][Config] Merged fragment from: Core:Sequencer/sequences.json
[INF][ModLoader] No registration conflicts detected.
[INF][Config] Merged fragment from: MassNavigationMod:assets/Presentation/host_assets.json
[INF][Config] Merged fragment from: Core:config_catalog.json
[INF][Config] Merged fragment from: MassNavigationMod:assets/config_catalog.json
[INF][Config] Merged fragment from: CapabilityStandardMassNavigationLargeWorld10kMod:assets/config_catalog.json
[INF][Config] Merged fragment from: Core:Input/default_input.json
[INF][Config] Merged fragment from: CoreInputMod:assets/Input/default_input.json
[INF][Config] Merged fragment from: SelectionInteractionMod:assets/Input/default_input.json
INFO: Initializing raylib 5.5
INFO: Platform backend: DESKTOP (GLFW)
INFO: Supported raylib modules:
INFO:     > rcore:..... loaded (mandatory)
INFO:     > rlgl:...... loaded (mandatory)
INFO:     > rshapes:... loaded (optional)
INFO:     > rtextures:. loaded (optional)
INFO:     > rtext:..... loaded (optional)
INFO:     > rmodels:... loaded (optional)
INFO:     > raudio:.... loaded (optional)
INFO: DISPLAY: Device initialized successfully
INFO:     > Display size: 2560 x 1600
INFO:     > Screen size:  1600 x 900
INFO:     > Render size:  1600 x 900
INFO:     > Viewport offsets: 0, 0
INFO: GLAD: OpenGL extensions loaded successfully
INFO: GL: Supported extensions count: 296
INFO: GL: OpenGL device information:
INFO:     > Vendor:   ATI Technologies Inc.
INFO:     > Renderer: AMD Radeon(TM) 8060S Graphics
INFO:     > Version:  3.3.0 Core Profile Context 26.10.32.01.260717
INFO:     > GLSL:     4.60
INFO: GL: VAO extension detected, VAO functions loaded successfully
INFO: GL: NPOT textures extension detected, full NPOT textures supported
INFO: GL: DXT compressed textures supported
INFO: GL: ETC2/EAC compressed textures supported
INFO: PLATFORM: DESKTOP (GLFW - Win32): Initialized successfully
INFO: TEXTURE: [ID 1] Texture loaded successfully (1x1 | R8G8B8A8 | 1 mipmaps)
INFO: TEXTURE: [ID 1] Default texture loaded successfully
INFO: SHADER: [ID 1] Vertex shader compiled successfully
INFO: SHADER: [ID 2] Fragment shader compiled successfully
INFO: SHADER: [ID 3] Program shader loaded successfully
INFO: SHADER: [ID 3] Default shader loaded successfully
INFO: RLGL: Render batch vertex buffers loaded successfully in RAM (CPU)
INFO: RLGL: Render batch vertex buffers loaded successfully in VRAM (GPU)
INFO: RLGL: Default OpenGL state initialized successfully
INFO: TEXTURE: [ID 2] Texture loaded successfully (128x128 | GRAY_ALPHA | 1 mipmaps)
INFO: FONT: Default font loaded successfully (224 glyphs)
INFO: SYSTEM: Working Directory: C:\001_AI\Ludots-gpu-commercial\src\Apps\Raylib\Ludots.App.Raylib\bin\Release\net9.0
INFO: TIMER: Target time per frame: 0.000 milliseconds
INFO: AUDIO: Device initialized successfully
INFO:     > Backend:       miniaudio | WASAPI
INFO:     > Format:        32-bit IEEE Floating Point -> 32-bit IEEE Floating Point
INFO:     > Channels:      2 -> 2
INFO:     > Sample rate:   48000 -> 48000
INFO:     > Periods size:  1440
[INF][Presentation] GPU Accelerated: False (raster UI compositor)
INFO: TEXTURE: [ID 3] Texture loaded successfully (1600x900 | R8G8B8A8 | 1 mipmaps)
[INF][Presentation] Skia overlay backend: GPU direct framebuffer underlay with raster compositor for UI/top overlay
INFO: SHADER: [ID 6] Vertex shader compiled successfully
INFO: SHADER: [ID 7] Fragment shader compiled successfully
INFO: SHADER: [ID 8] Program shader loaded successfully
[INF][Config] Merged fragment from: Core:Presentation/raylib_scenes.json
INFO: TEXTURE: [ID 4] Texture loaded successfully (2048x2048 | R8G8B8A8 | 1 mipmaps)
INFO: TEXTURE: [ID 1] Depth renderbuffer loaded successfully (32 bits)
INFO: FBO: [ID 1] Framebuffer object created successfully
INFO: FILEIO: [C:\001_AI\Ludots-gpu-commercial\src\Apps\Raylib\Ludots.App.Raylib\bin\Release\net9.0\shadow_depth.vs] Text file loaded successfully
INFO: FILEIO: [C:\001_AI\Ludots-gpu-commercial\src\Apps\Raylib\Ludots.App.Raylib\bin\Release\net9.0\shadow_depth.fs] Text file loaded successfully
INFO: SHADER: [ID 6] Vertex shader compiled successfully
INFO: SHADER: [ID 7] Fragment shader compiled successfully
INFO: SHADER: [ID 9] Program shader loaded successfully
INFO: FILEIO: [C:\001_AI\Ludots-gpu-commercial\src\Apps\Raylib\Ludots.App.Raylib\bin\Release\net9.0\shadow_depth_instanced.vs] Text file loaded successfully
INFO: FILEIO: [C:\001_AI\Ludots-gpu-commercial\src\Apps\Raylib\Ludots.App.Raylib\bin\Release\net9.0\shadow_depth.fs] Text file loaded successfully
INFO: SHADER: [ID 6] Vertex shader compiled successfully
INFO: SHADER: [ID 7] Fragment shader compiled successfully
INFO: SHADER: [ID 10] Program shader loaded successfully
INFO: FILEIO: [C:\001_AI\Ludots-gpu-commercial\src\Apps\Raylib\Ludots.App.Raylib\bin\Release\net9.0\shadow_depth_skinning_ssbo.vs] Text file loaded successfully
INFO: FILEIO: [C:\001_AI\Ludots-gpu-commercial\src\Apps\Raylib\Ludots.App.Raylib\bin\Release\net9.0\shadow_depth.fs] Text file loaded successfully
INFO: SHADER: [ID 6] Vertex shader compiled successfully
INFO: SHADER: [ID 7] Fragment shader compiled successfully
INFO: SHADER: [ID 11] Program shader loaded successfully
INFO: FILEIO: [C:\001_AI\Ludots-gpu-commercial\src\Apps\Raylib\Ludots.App.Raylib\bin\Release\net9.0\shadow_depth_cutout.vs] Text file loaded successfully
INFO: FILEIO: [C:\001_AI\Ludots-gpu-commercial\src\Apps\Raylib\Ludots.App.Raylib\bin\Release\net9.0\shadow_depth_cutout.fs] Text file loaded successfully
INFO: SHADER: [ID 6] Vertex shader compiled successfully
INFO: SHADER: [ID 7] Fragment shader compiled successfully
INFO: SHADER: [ID 12] Program shader loaded successfully
[INF][Engine] Firing GameStart event...
[LudotsCoreMod] Core systems installed
[INF][Mod.CoreInputMod] [CoreInputMod] No viewmodes.json found, skipping.
[INF][Mod.CoreInputMod] [CoreInputMod] No viewmodes.json found, skipping.
[INF][Mod.CoreInputMod] [CoreInputMod] No viewmodes.json found, skipping.
[INF][Mod.CoreInputMod] [CoreInputMod] No viewmodes.json found, skipping.
[INF][Mod.CoreInputMod] [CoreInputMod] No viewmodes.json found, skipping.
[INF][Mod.CoreInputMod] [CoreInputMod] Acquisition enabled: False; input and presentation systems registered.
[INF][Engine] Loading Map: mass_navigation
[INF][Map] Loading Map: mass_navigation
[INF][Config] Merged fragment from: MassNavigationMod:assets/Maps/mass_navigation.json
[INF][Config] Merged fragment from: CapabilityStandardMassNavigationLargeWorld10kMod:assets/Maps/mass_navigation.json
[INF][Map] Map 'mass_navigation' loaded.
[INF][Map] Creating GridBoard 'default' (250x250 macroTiles, cell=100cm)
[INF][Engine] Created Board 'default' (type=Grid) for map 'mass_navigation'
[INF][Map] Map 'mass_navigation' pushed to focus (stack depth=1).
[INF][Engine] ContinuousHeightmap does not cover board 'default' extent 6400000x6400000cm; keeping flat grid terrain.
[INF][Engine] Created flat grid LogicTerrainField 64000x64000 cells for board 'default'
[INF][Config] Merged fragment from: Core:Navigation/pathing.json
[INF][Engine] Pathing bootstrap skipped for map 'mass_navigation': no node-graph board or navmesh query service is loaded.
[INF][Engine] Creating Entities from MapConfig...
[INF][Engine] Registered 2 triggers for map 'mass_navigation'.
[INF][Engine] MapLoaded deferred for 'mass_navigation'.
INFO: FILEIO: [C:\Users\sietg\AppData\Local\Temp\Ludots.AssetConvert\23BAFB43B88B340CA5607BC6F24058A113E3DB37\mass_navigation_blocker_rock.glb] File loaded successfully
INFO: MODEL: [C:\Users\sietg\AppData\Local\Temp\Ludots.AssetConvert\23BAFB43B88B340CA5607BC6F24058A113E3DB37\mass_navigation_blocker_rock.glb] Model basic data (glb) loaded successfully
INFO:     > Meshes count: 1
INFO:     > Materials count: 2 (+1 default)
WARNING: MODEL: [C:\Users\sietg\AppData\Local\Temp\Ludots.AssetConvert\23BAFB43B88B340CA5607BC6F24058A113E3DB37\mass_navigation_blocker_rock.glb] Indices data converted from u32 to u16, possible loss of data
INFO: VAO: [ID 2] Mesh uploaded successfully to VRAM (GPU)
[INF][Engine] Applied DefaultCamera: yaw=45 pitch=42 dist=14000cm fov=60
[INF][Config] Merged fragment from: MassNavigationMod:assets/MassNavigationConfig.json
[INF][Config] Merged fragment from: CapabilityStandardMassNavigationLargeWorld10kMod:assets/MassNavigationConfig.json
[INF][Engine] [MassNavigation runtime] Installed mass-navigation runtime.
[INF][Engine] Firing MapLoaded event for mass_navigation...
INFO: SHADER: [ID 6] Vertex shader compiled successfully
INFO: SHADER: [ID 7] Fragment shader compiled successfully
INFO: SHADER: [ID 13] Program shader loaded successfully
INFO: VAO: [ID 3] Mesh uploaded successfully to VRAM (GPU)
INFO: VAO: [ID 4] Mesh uploaded successfully to VRAM (GPU)
INFO: VAO: [ID 5] Mesh uploaded successfully to VRAM (GPU)
INFO: VAO: [ID 6] Mesh uploaded successfully to VRAM (GPU)
INFO: VAO: [ID 7] Mesh uploaded successfully to VRAM (GPU)
WARNING: VAO: [ID 7] Trying to re-load an already loaded mesh
INFO: VAO: [ID 8] Mesh uploaded successfully to VRAM (GPU)
WARNING: VAO: [ID 8] Trying to re-load an already loaded mesh
INFO: VAO: [ID 9] Mesh uploaded successfully to VRAM (GPU)
WARNING: VAO: [ID 9] Trying to re-load an already loaded mesh
INFO: VAO: [ID 10] Mesh uploaded successfully to VRAM (GPU)
INFO: FILEIO: [C:\001_AI\Ludots-gpu-commercial\src\Apps\Raylib\Ludots.App.Raylib\bin\Release\net9.0\vfx_unlit_tint.vs] Text file loaded successfully
INFO: FILEIO: [C:\001_AI\Ludots-gpu-commercial\src\Apps\Raylib\Ludots.App.Raylib\bin\Release\net9.0\vfx_unlit_tint.fs] Text file loaded successfully
INFO: SHADER: [ID 6] Vertex shader compiled successfully
INFO: SHADER: [ID 7] Fragment shader compiled successfully
INFO: SHADER: [ID 14] Program shader loaded successfully
INFO: SHADER: [ID 6] Vertex shader compiled successfully
INFO: SHADER: [ID 7] Fragment shader compiled successfully
INFO: SHADER: [ID 15] Program shader loaded successfully
INFO: TEXTURE: [ID 5] Texture loaded successfully (512x512 | R8G8B8A8 | 1 mipmaps)
INFO: TEXTURE: [ID 6] Cubemap texture loaded successfully (64x64)
INFO: TEXTURE: [ID 7] Texture loaded successfully (1600x900 | R8G8B8A8 | 1 mipmaps)
INFO: TEXTURE: [ID 2] Depth renderbuffer loaded successfully (32 bits)
INFO: FBO: [ID 2] Framebuffer object created successfully
INFO: FILEIO: [C:\001_AI\Ludots-gpu-commercial\src\Apps\Raylib\Ludots.App.Raylib\bin\Release\net9.0\postprocess.fs] Text file loaded successfully
INFO: SHADER: [ID 6] Fragment shader compiled successfully
INFO: SHADER: [ID 7] Program shader loaded successfully
INFO: VAO: [ID 3] Unloaded vertex array data from VRAM (GPU)
INFO: VAO: [ID 4] Unloaded vertex array data from VRAM (GPU)
INFO: VAO: [ID 5] Unloaded vertex array data from VRAM (GPU)
INFO: VAO: [ID 6] Unloaded vertex array data from VRAM (GPU)
INFO: VAO: [ID 3] Mesh uploaded successfully to VRAM (GPU)
INFO: VAO: [ID 4] Mesh uploaded successfully to VRAM (GPU)
INFO: VAO: [ID 5] Mesh uploaded successfully to VRAM (GPU)
INFO: VAO: [ID 6] Mesh uploaded successfully to VRAM (GPU)
[INF][Presentation] GPU Accelerated: True (Raylib Skia direct framebuffer overlay)
[WRN][Engine] Duplicate registration for trigger type TriggerGraphMountTrigger. Keeping original.
[WRN][Engine] Duplicate registration for trigger type TriggerGraphResumeTrigger. Keeping original.
[INF][Engine] Appended 2 triggers to map 'mass_navigation'.
INFO: FILEIO: [C:\001_AI\Ludots-gpu-commercial\mods\capabilities\navigation\MassNavigationMod\assets\Models\mannequin_large_idle_walk.glb] File loaded successfully
INFO: MODEL: [C:\001_AI\Ludots-gpu-commercial\mods\capabilities\navigation\MassNavigationMod\assets\Models\mannequin_large_idle_walk.glb] Model basic data (glb) loaded successfully
INFO:     > Meshes count: 1
INFO:     > Materials count: 1 (+1 default)
INFO: IMAGE: Data loaded successfully (512x512 | R8G8B8A8 | 1 mipmaps)
INFO: TEXTURE: [ID 10] Texture loaded successfully (512x512 | R8G8B8A8 | 1 mipmaps)
INFO: VAO: [ID 12] Mesh uploaded successfully to VRAM (GPU)
[WRN][Presentation] Raylib renderer skipped model shadow draw: meshAssetId=9 could not be loaded. No placeholder model is drawn.
INFO: FILEIO: [C:\Users\sietg\AppData\Local\Temp\Ludots.AssetConvert\205AD8B1847926FEA4A83AF4F669FCAB99445602\mass_navigation_hotspot_obelisk.glb] File loaded successfully
INFO: MODEL: [C:\Users\sietg\AppData\Local\Temp\Ludots.AssetConvert\205AD8B1847926FEA4A83AF4F669FCAB99445602\mass_navigation_hotspot_obelisk.glb] Model basic data (glb) loaded successfully
INFO:     > Meshes count: 1
INFO:     > Materials count: 2 (+1 default)
WARNING: MODEL: [C:\Users\sietg\AppData\Local\Temp\Ludots.AssetConvert\205AD8B1847926FEA4A83AF4F669FCAB99445602\mass_navigation_hotspot_obelisk.glb] Indices data converted from u32 to u16, possible loss of data
INFO: VAO: [ID 13] Mesh uploaded successfully to VRAM (GPU)
INFO: FILEIO: [C:\001_AI\Ludots-gpu-commercial\mods\capabilities\navigation\MassNavigationMod\assets\Models\mannequin_large_idle_walk.glb] File loaded successfully
INFO: MODEL: [C:\001_AI\Ludots-gpu-commercial\mods\capabilities\navigation\MassNavigationMod\assets\Models\mannequin_large_idle_walk.glb] Loaded animation: Death_A (99 frames, 1.666667s)
INFO: MODEL: [C:\001_AI\Ludots-gpu-commercial\mods\capabilities\navigation\MassNavigationMod\assets\Models\mannequin_large_idle_walk.glb] Loaded animation: Death_A_Pose (1 frames, 0.000000s)
INFO: MODEL: [C:\001_AI\Ludots-gpu-commercial\mods\capabilities\navigation\MassNavigationMod\assets\Models\mannequin_large_idle_walk.glb] Loaded animation: Hit_A (40 frames, 0.666667s)
INFO: MODEL: [C:\001_AI\Ludots-gpu-commercial\mods\capabilities\navigation\MassNavigationMod\assets\Models\mannequin_large_idle_walk.glb] Loaded animation: Idle_A (116 frames, 1.958333s)
INFO: MODEL: [C:\001_AI\Ludots-gpu-commercial\mods\capabilities\navigation\MassNavigationMod\assets\Models\mannequin_large_idle_walk.glb] Loaded animation: Idle_B (353 frames, 6.000000s)
INFO: MODEL: [C:\001_AI\Ludots-gpu-commercial\mods\capabilities\navigation\MassNavigationMod\assets\Models\mannequin_large_idle_walk.glb] Loaded animation: retarget_Idle_A (116 frames, 1.958333s)
INFO: MODEL: [C:\001_AI\Ludots-gpu-commercial\mods\capabilities\navigation\MassNavigationMod\assets\Models\mannequin_large_idle_walk.glb] Loaded animation: retarget_Walking_A (62 frames, 1.041667s)
INFO: MODEL: [C:\001_AI\Ludots-gpu-commercial\mods\capabilities\navigation\MassNavigationMod\assets\Models\mannequin_large_idle_walk.glb] Loaded animation: Running_A (62 frames, 1.041667s)
INFO: MODEL: [C:\001_AI\Ludots-gpu-commercial\mods\capabilities\navigation\MassNavigationMod\assets\Models\mannequin_large_idle_walk.glb] Loaded animation: T-Pose (1 frames, 0.000000s)
INFO: MODEL: [C:\001_AI\Ludots-gpu-commercial\mods\capabilities\navigation\MassNavigationMod\assets\Models\mannequin_large_idle_walk.glb] Loaded animation: T-Pose.001 (1 frames, 0.000000s)
INFO: MODEL: [C:\001_AI\Ludots-gpu-commercial\mods\capabilities\navigation\MassNavigationMod\assets\Models\mannequin_large_idle_walk.glb] Loaded animation: Walking_A (62 frames, 1.041667s)
INFO: FILEIO: [C:\001_AI\Ludots-gpu-commercial\mods\capabilities\navigation\MassNavigationMod\assets\Models\mannequin_large_idle_walk_lod1.glb] File loaded successfully
INFO: MODEL: [C:\001_AI\Ludots-gpu-commercial\mods\capabilities\navigation\MassNavigationMod\assets\Models\mannequin_large_idle_walk_lod1.glb] Model basic data (glb) loaded successfully
INFO:     > Meshes count: 1
INFO:     > Materials count: 1 (+1 default)
INFO: IMAGE: Data loaded successfully (512x512 | R8G8B8A8 | 1 mipmaps)
INFO: TEXTURE: [ID 11] Texture loaded successfully (512x512 | R8G8B8A8 | 1 mipmaps)
INFO: VAO: [ID 14] Mesh uploaded successfully to VRAM (GPU)
INFO: FILEIO: [C:\001_AI\Ludots-gpu-commercial\mods\capabilities\navigation\MassNavigationMod\assets\Models\mannequin_large_idle_walk_lod1.glb] File loaded successfully
INFO: MODEL: [C:\001_AI\Ludots-gpu-commercial\mods\capabilities\navigation\MassNavigationMod\assets\Models\mannequin_large_idle_walk_lod1.glb] Loaded animation: Death_A (99 frames, 1.666667s)
INFO: MODEL: [C:\001_AI\Ludots-gpu-commercial\mods\capabilities\navigation\MassNavigationMod\assets\Models\mannequin_large_idle_walk_lod1.glb] Loaded animation: Death_A_Pose (1 frames, 0.000000s)
INFO: MODEL: [C:\001_AI\Ludots-gpu-commercial\mods\capabilities\navigation\MassNavigationMod\assets\Models\mannequin_large_idle_walk_lod1.glb] Loaded animation: Hit_A (40 frames, 0.666667s)
INFO: MODEL: [C:\001_AI\Ludots-gpu-commercial\mods\capabilities\navigation\MassNavigationMod\assets\Models\mannequin_large_idle_walk_lod1.glb] Loaded animation: Idle_A (116 frames, 1.958333s)
INFO: MODEL: [C:\001_AI\Ludots-gpu-commercial\mods\capabilities\navigation\MassNavigationMod\assets\Models\mannequin_large_idle_walk_lod1.glb] Loaded animation: Idle_B (353 frames, 6.000000s)
INFO: MODEL: [C:\001_AI\Ludots-gpu-commercial\mods\capabilities\navigation\MassNavigationMod\assets\Models\mannequin_large_idle_walk_lod1.glb] Loaded animation: retarget_Idle_A (116 frames, 1.958333s)
INFO: MODEL: [C:\001_AI\Ludots-gpu-commercial\mods\capabilities\navigation\MassNavigationMod\assets\Models\mannequin_large_idle_walk_lod1.glb] Loaded animation: retarget_Walking_A (62 frames, 1.041667s)
INFO: MODEL: [C:\001_AI\Ludots-gpu-commercial\mods\capabilities\navigation\MassNavigationMod\assets\Models\mannequin_large_idle_walk_lod1.glb] Loaded animation: Running_A (62 frames, 1.041667s)
INFO: MODEL: [C:\001_AI\Ludots-gpu-commercial\mods\capabilities\navigation\MassNavigationMod\assets\Models\mannequin_large_idle_walk_lod1.glb] Loaded animation: T-Pose (1 frames, 0.000000s)
INFO: MODEL: [C:\001_AI\Ludots-gpu-commercial\mods\capabilities\navigation\MassNavigationMod\assets\Models\mannequin_large_idle_walk_lod1.glb] Loaded animation: T-Pose.001 (1 frames, 0.000000s)
INFO: MODEL: [C:\001_AI\Ludots-gpu-commercial\mods\capabilities\navigation\MassNavigationMod\assets\Models\mannequin_large_idle_walk_lod1.glb] Loaded animation: Walking_A (62 frames, 1.041667s)
INFO: FILEIO: [C:\001_AI\Ludots-gpu-commercial\mods\capabilities\navigation\MassNavigationMod\assets\Models\mannequin_large_idle_walk_lod2.glb] File loaded successfully
INFO: MODEL: [C:\001_AI\Ludots-gpu-commercial\mods\capabilities\navigation\MassNavigationMod\assets\Models\mannequin_large_idle_walk_lod2.glb] Model basic data (glb) loaded successfully
INFO:     > Meshes count: 1
INFO:     > Materials count: 1 (+1 default)
INFO: VAO: [ID 15] Mesh uploaded successfully to VRAM (GPU)
INFO: FILEIO: [C:\001_AI\Ludots-gpu-commercial\mods\capabilities\navigation\MassNavigationMod\assets\Models\mannequin_large_idle_walk_lod2.glb] File loaded successfully
INFO: MODEL: [C:\001_AI\Ludots-gpu-commercial\mods\capabilities\navigation\MassNavigationMod\assets\Models\mannequin_large_idle_walk_lod2.glb] Loaded animation: Death_A (99 frames, 1.666667s)
INFO: MODEL: [C:\001_AI\Ludots-gpu-commercial\mods\capabilities\navigation\MassNavigationMod\assets\Models\mannequin_large_idle_walk_lod2.glb] Loaded animation: Death_A_Pose (1 frames, 0.000000s)
INFO: MODEL: [C:\001_AI\Ludots-gpu-commercial\mods\capabilities\navigation\MassNavigationMod\assets\Models\mannequin_large_idle_walk_lod2.glb] Loaded animation: Hit_A (40 frames, 0.666667s)
INFO: MODEL: [C:\001_AI\Ludots-gpu-commercial\mods\capabilities\navigation\MassNavigationMod\assets\Models\mannequin_large_idle_walk_lod2.glb] Loaded animation: Idle_A (116 frames, 1.958333s)
INFO: MODEL: [C:\001_AI\Ludots-gpu-commercial\mods\capabilities\navigation\MassNavigationMod\assets\Models\mannequin_large_idle_walk_lod2.glb] Loaded animation: Idle_B (353 frames, 6.000000s)
INFO: MODEL: [C:\001_AI\Ludots-gpu-commercial\mods\capabilities\navigation\MassNavigationMod\assets\Models\mannequin_large_idle_walk_lod2.glb] Loaded animation: retarget_Idle_A (116 frames, 1.958333s)
INFO: MODEL: [C:\001_AI\Ludots-gpu-commercial\mods\capabilities\navigation\MassNavigationMod\assets\Models\mannequin_large_idle_walk_lod2.glb] Loaded animation: retarget_Walking_A (62 frames, 1.041667s)
INFO: MODEL: [C:\001_AI\Ludots-gpu-commercial\mods\capabilities\navigation\MassNavigationMod\assets\Models\mannequin_large_idle_walk_lod2.glb] Loaded animation: Running_A (62 frames, 1.041667s)
INFO: MODEL: [C:\001_AI\Ludots-gpu-commercial\mods\capabilities\navigation\MassNavigationMod\assets\Models\mannequin_large_idle_walk_lod2.glb] Loaded animation: T-Pose (1 frames, 0.000000s)
INFO: MODEL: [C:\001_AI\Ludots-gpu-commercial\mods\capabilities\navigation\MassNavigationMod\assets\Models\mannequin_large_idle_walk_lod2.glb] Loaded animation: T-Pose.001 (1 frames, 0.000000s)
INFO: MODEL: [C:\001_AI\Ludots-gpu-commercial\mods\capabilities\navigation\MassNavigationMod\assets\Models\mannequin_large_idle_walk_lod2.glb] Loaded animation: Walking_A (62 frames, 1.041667s)
[INF][Presentation] GPU Accelerated: True (Raylib Skia direct framebuffer overlay)
INFO: SHADER: [ID 0] Unloaded shader program data from VRAM (GPU)
INFO: SHADER: [ID 0] Unloaded shader program data from VRAM (GPU)
INFO: SHADER: [ID 0] Unloaded shader program data from VRAM (GPU)
INFO: SHADER: [ID 0] Unloaded shader program data from VRAM (GPU)
INFO: SHADER: [ID 9] Unloaded shader program data from VRAM (GPU)
INFO: SHADER: [ID 10] Unloaded shader program data from VRAM (GPU)
INFO: SHADER: [ID 11] Unloaded shader program data from VRAM (GPU)
INFO: SHADER: [ID 12] Unloaded shader program data from VRAM (GPU)
INFO: FBO: [ID 1] Unloaded framebuffer from VRAM (GPU)
INFO: SHADER: [ID 0] Unloaded shader program data from VRAM (GPU)
INFO: SHADER: [ID 8] Unloaded shader program data from VRAM (GPU)
INFO: SHADER: [ID 14] Unloaded shader program data from VRAM (GPU)
INFO: TEXTURE: [ID 6] Unloaded texture data from VRAM (GPU)
INFO: TEXTURE: [ID 5] Unloaded texture data from VRAM (GPU)
INFO: VAO: [ID 7] Unloaded vertex array data from VRAM (GPU)
INFO: VAO: [ID 8] Unloaded vertex array data from VRAM (GPU)
INFO: VAO: [ID 9] Unloaded vertex array data from VRAM (GPU)
INFO: VAO: [ID 10] Unloaded vertex array data from VRAM (GPU)
INFO: SHADER: [ID 0] Unloaded shader program data from VRAM (GPU)
INFO: SHADER: [ID 15] Unloaded shader program data from VRAM (GPU)
INFO: VAO: [ID 2] Unloaded vertex array data from VRAM (GPU)
INFO: MODEL: Unloaded model (and meshes) from RAM and VRAM
INFO: VAO: [ID 12] Unloaded vertex array data from VRAM (GPU)
INFO: MODEL: Unloaded model (and meshes) from RAM and VRAM
INFO: VAO: [ID 13] Unloaded vertex array data from VRAM (GPU)
INFO: MODEL: Unloaded model (and meshes) from RAM and VRAM
INFO: VAO: [ID 14] Unloaded vertex array data from VRAM (GPU)
INFO: MODEL: Unloaded model (and meshes) from RAM and VRAM
INFO: VAO: [ID 15] Unloaded vertex array data from VRAM (GPU)
INFO: MODEL: Unloaded model (and meshes) from RAM and VRAM
INFO: FBO: [ID 2] Unloaded framebuffer from VRAM (GPU)
INFO: SHADER: [ID 7] Unloaded shader program data from VRAM (GPU)
INFO: TEXTURE: [ID 3] Unloaded texture data from VRAM (GPU)
INFO: AUDIO: Device closed successfully
INFO: TEXTURE: [ID 2] Unloaded texture data from VRAM (GPU)
INFO: SHADER: [ID 3] Default shader unloaded successfully
INFO: TEXTURE: [ID 1] Default texture unloaded successfully
INFO: Window closed successfully
INFO: VAO: [ID 3] Unloaded vertex array data from VRAM (GPU)
INFO: VAO: [ID 4] Unloaded vertex array data from VRAM (GPU)
INFO: VAO: [ID 5] Unloaded vertex array data from VRAM (GPU)
INFO: VAO: [ID 6] Unloaded vertex array data from VRAM (GPU)
INFO: SHADER: [ID 0] Unloaded shader program data from VRAM (GPU)
INFO: SHADER: [ID 13] Unloaded shader program data from VRAM (GPU)
[INF][Engine] Unloading ModLoader contexts...
[INF][Engine] Disposing JobScheduler...
