frame,frame_ms,simulation,presentation,behavior,transform_sync,emit,hud,animator,animator_updates,height_samples,terrain_rays,visible,hud_raw,hud_projected,behavior_ticks,minimap_collect,minimap_project,culling,gpu_instances,gpu_build,gpu_draw_cpu,poses,pose_build,upload_ms,upload_bytes,main_draws,shadow_draws,shadow_submit,alloc,gen0,gen1,tick,post,mode3d,overlay,overlay_build,end_draw,nav_target,nav_flow,nav_prep,nav_steering,nav_step,nav_hard,nav_sync,nav_steps,neighbor_candidates,hard_pairs,hard_candidates,hard_penetrating,moved_agents
1,561.4791870117188,0.267300009727478,97.5093002319336,6.8445000648498535,1.4368000030517578,2.3336000442504883,0.5823000073432922,0.008799999952316284,0,5,0,0,0,0,0,5.781499862670898,6.86299991607666,5.621500015258789,0,0,0,0,0,0,0,0,0,0,164469584,6,6,315.44549560546875,5.935999870300293,10.092100143432617,37.071998596191406,2.897700071334839,0.5555999875068665,0,0,0,0,0,0,0,0,0,0,0,0,0
2,6.567500114440918,0.009600000455975533,2.6570000648498535,0.012299999594688416,0.018200000748038292,0.005100000184029341,0.010099999606609344,0.0010000000474974513,0,5,0,0,0,0,0,0.12710000574588776,0.039000000804662704,1.930400013923645,0,0,0,0,0,0,0,0,0,0,12400,0,0,4.716000080108643,0.8306999802589417,0.05730000138282776,0.5327000021934509,0.7973999977111816,0.05700000002980232,0,0,0,0,0,0,0,0,0,0,0,0,0
3,96.98529815673828,78.01139831542969,5.0954999923706055,0.018699999898672104,0.022099999710917473,1.926900029182434,0.007300000172108412,0.004100000020116568,0,5,0,5,0,0,0,0.12780000269412994,0.054499998688697815,2.416599988937378,0,0,0,0,0,0,0,0,0,0,3575776,0,0,83.197998046875,0.04470000043511391,10.722800254821777,0.34850001335144043,0.0142000000923872,0.1242000013589859,0,0,0,0,0,0,0,0,0,0,0,0,0
4,7.3769001960754395,5.712399959564209,0.6342999935150146,0.008899999782443047,0.013299999758601189,0.007899999618530273,0.01119999960064888,0.0006000000284984708,0,5,0,5,0,0,0,0.10040000081062317,0.05730000138282776,0.243599995970726,0,0,0,0,0,0,0,0,0,0,9168,0,0,6.505199909210205,0.05380000174045563,0.17880000174045563,0.3474999964237213,0.016100000590085983,0.10050000250339508,0,0,0,0,0,0,0,0,0,0,0,0,0
5,2446.547607421875,1691.0179443359375,753.7540283203125,550.8502197265625,17.403799057006836,31.596599578857422,0.010900000110268593,6.4380998611450195,10000,10009,0,5,0,0,0,1.7096999883651733,3.775899887084961,14.467599868774414,0,0,0,0,0,0,0,0,0,0,2545201320,87,20,2444.884033203125,0.21130000054836273,0.156700000166893,0.9508000016212463,0.15760000050067902,0.12080000340938568,0,0,0,0,0,0,0,0,0,0,0,0,0
6,335.997314453125,102.76930236816406,95.989501953125,21.38949966430664,0.9929999709129333,32.275699615478516,49.649600982666016,1.4390000104904175,10000,10009,20000,10006,20000,20000,10000,1.2623000144958496,6.680099964141846,24.642900466918945,0,0,0,0,0,0,0,0,0,0,334552040,14,2,199.0625,70.43990325927734,22.35569953918457,35.23460006713867,18.762100219726562,0.11410000175237656,0,0,0,0,0,0,0,0,0,0,0,0,0
7,98.61720275878906,0.005200000014156103,44.17390060424805,20.11669921875,0.9442999958992004,3.660599946975708,33.900001525878906,1.141700029373169,10000,10009,20000,10006,20000,20000,10000,1.6442999839782715,4.779900074005127,5.327199935913086,10000,4.250800000001499,1.3788,1,2.1205,0.21989999999999998,376832,15,15,1.4941,7837840,0,0,44.395599365234375,33.97570037841797,7.008500099182129,1.4701000452041626,0.022700000554323196,0.11779999732971191,0,0,0,0,0,0,0,0,0,0,0,0,0
8,83.32109832763672,0.00559999980032444,42.6150016784668,19.533000946044922,0.9648000001907349,4.03980016708374,33.13520050048828,1.1288000345230103,10000,10009,20000,10006,20000,20000,10000,1.3997999429702759,4.645999908447266,5.033699989318848,10000,1.9738999999998807,0.5229,1,0.0785,0.028,376832,15,15,0.5909,7952,0,0,42.8401985168457,33.21120071411133,1.996399998664856,1.1115000247955322,0.020800000056624413,0.11599999666213989,0,0,0,0,0,0,0,0,0,0,0,0,0
9,132.1533966064453,40.752899169921875,50.9005012512207,18.719999313354492,9.189800262451172,4.248199939727783,33.07440185546875,1.5098999738693237,10000,10009,20000,10006,20000,20000,10000,1.4023000001907349,4.9131999015808105,5.139100074768066,10000,1.8594999999998885,0.5175,1,0.0782,0.027100000000000003,376832,15,15,0.731,18528,0,0,91.81639862060547,33.164798736572266,1.906599998474121,1.1527999639511108,0.024800000712275505,0.11479999870061874,0.632,0,5.4885,16.7909,26.231,0.0007,3.2944,1,1065516,0,0,0,9994
10,92.50039672851562,0.00430000014603138,49.92879867553711,18.185699462890625,6.590400218963623,6.884099960327148,31.577499389648438,1.8519999980926514,10000,10009,20000,10006,20000,20000,10000,1.2079999446868896,4.531099796295166,5.027599811553955,10000,1.7707999999998938,0.7298,1,0.0762,0.0276,376832,15,15,0.685,7952,0,0,50.10350036621094,32.62670135498047,2.117799997329712,3.7060000896453857,0.9973000288009644,0.1152999997138977,0,0,0,0,0,0,0,0,0,0,0,0,0
11,90.09380340576172,0.004699999932199717,47.63690185546875,17.739599227905273,6.40310001373291,6.34660005569458,32.76810073852539,1.0710999965667725,10000,10009,20000,10006,20000,20000,10000,1.2021000385284424,4.719699859619141,4.672500133514404,10000,1.7293999999998952,0.5854,1,0.08149999999999999,0.0298,376832,15,15,0.6766,7952,0,0,47.804500579833984,35.208099365234375,1.9738999605178833,1.2249000072479248,2.385200023651123,0.12330000102519989,0,0,0,0,0,0,0,0,0,0,0,0,0
12,107.1417007446289,13.647000312805176,51.94369888305664,18.64240074157715,6.484799861907959,8.030099868774414,33.69660186767578,1.2148000001907349,10000,10009,20000,10006,20000,20000,10000,1.2870999574661255,5.570199966430664,4.923699855804443,10000,1.7419999999998939,0.7772,1,0.0764,0.031,376832,15,15,0.856,90608,0,0,65.76429748535156,33.922698974609375,2.1354000568389893,1.2562999725341797,0.17589999735355377,0.12300000339746475,0.0057,0,0.1002,3.6977,8.5701,4.6251,0.4931,1,1063518,61921,10000,6276,9999
13,93.231201171875,0.00559999980032444,48.3114013671875,18.74489974975586,6.2993998527526855,6.536900043487549,36.82699966430664,1.107800006866455,10000,10009,20000,10006,20000,20000,10000,1.0521999597549438,4.527299880981445,4.729599952697754,10000,1.7189999999998842,0.6308,1,0.087,0.0284,376832,15,15,0.8761,7952,0,0,48.51129913330078,37.13850021362305,2.0127999782562256,1.3349000215530396,0.24709999561309814,0.1339000016450882,0,0,0,0,0,0,0,0,0,0,0,0,0
14,61.61819839477539,0.004100000020116568,32.72330093383789,8.072500228881836,4.047299861907959,4.452199935913086,19.909000396728516,1.510599970817566,10000,10009,20000,10006,20000,20000,10000,1.4515999555587769,4.0980000495910645,4.6346001625061035,10000,1.9377999999998685,0.8145,1,0.0927,0.033800000000000004,376832,15,15,0.7513,7904,0,0,32.89619827270508,20.160900115966797,2.5689001083374023,1.5968999862670898,0.2046000063419342,0.13930000364780426,0,0,0,0,0,0,0,0,0,0,0,0,0
15,78.25910186767578,17.777799606323242,35.64459991455078,7.042699813842773,4.150300025939941,7.226200103759766,17.2721004486084,2.0546000003814697,10000,10009,20000,10006,20000,20000,10000,1.4114999771118164,5.3155999183654785,5.039400100708008,10000,1.567599999999888,0.6396,1,0.08130000000000001,0.030199999999999998,376832,15,15,0.623,118488,0,0,53.627201080322266,17.513200759887695,2.0144999027252197,1.4189000129699707,0.18709999322891235,0.11810000240802765,0.0089,3.918100118637085,0.0948,7.1955,9.416,1.792,0.4437,1,1056326,63806,10000,6862,9997
16,51.95989990234375,0.005900000222027302,25.534900665283203,4.582399845123291,3.6710000038146973,4.412099838256836,17.948299407958984,1.4544999599456787,10000,10009,20000,10006,20000,20000,10000,0.8547000288963318,4.061299800872803,3.6684000492095947,10000,1.8242999999998757,0.7089,1,0.09920000000000001,0.032,376832,15,15,0.7274,7904,0,0,25.711299896240234,18.208900451660156,2.327899932861328,1.4931000471115112,0.2110999971628189,0.13019999861717224,0,0,0,0,0,0,0,0,0,0,0,0,0
17,62.35419845581055,0.004900000058114529,30.639699935913086,5.6346001625061035,3.4486000537872314,6.427499771118164,24.183500289916992,1.6291999816894531,10000,10009,20000,10006,20000,20000,10000,0.9994999766349792,5.558700084686279,3.96370005607605,10000,1.6121999999998873,0.6091,1,0.0775,0.0314,376832,15,15,0.8059,7904,0,0,30.80030059814453,24.451400756835938,1.888700008392334,1.267199993133545,0.20200000703334808,0.1793999969959259,0,0,0,0,0,0,0,0,0,0,0,0,0
18,58.5713005065918,3.727799892425537,26.068700790405273,4.676499843597412,3.1638998985290527,4.901100158691406,20.943700790405273,1.4255000352859497,10000,10009,20000,10006,20000,20000,10000,0.6740000247955322,4.688499927520752,3.8877999782562256,10000,1.633899999999885,0.6067,1,0.08549999999999999,0.033,376832,15,15,0.6557,124800,0,0,29.992900848388672,21.203399658203125,2.0064001083374023,1.280500054359436,0.21040000021457672,0.12549999356269836,0,0,0,0,0,0,0,0,0,0,0,0,0
19,49.13249969482422,0.004900000058114529,17.590900421142578,1.9886000156402588,0.656499981880188,2.968400001525879,23.293500900268555,1.3948999643325806,10000,10009,20000,10006,20000,20000,10000,0.6269999742507935,3.915299892425537,3.660900115966797,10000,1.5184999999998652,0.7052,1,0.1053,0.0312,376832,15,15,0.792,7904,0,0,17.759000778198242,23.386600494384766,2.4964001178741455,1.1430000066757202,0.03240000084042549,0.12559999525547028,0,0,0,0,0,0,0,0,0,0,0,0,0
20,60.63850021362305,0.0052999998442828655,23.359600067138672,2.26990008354187,0.6868000030517578,4.243800163269043,28.75279998779297,2.029900074005127,10000,10009,20000,10006,20000,20000,10000,0.9144999980926514,5.595900058746338,4.3445000648498535,10000,1.887799999999826,0.6923,1,0.0804,0.0284,376832,15,15,0.7174,7712,0,0,23.588300704956055,28.820199966430664,2.565999984741211,1.3035999536514282,0.020500000566244125,0.12319999933242798,0,0,0,0,0,0,0,0,0,0,0,0,0
21,52.774898529052734,6.275300025939941,21.805999755859375,2.123800039291382,1.7381000518798828,4.638000011444092,14.961600303649902,2.039099931716919,10000,10009,20000,10006,20000,20000,10000,0.22450000047683716,3.2711000442504883,5.187399864196777,10000,2.2497999999998606,0.8656,1,0.0854,0.0303,376832,15,15,0.8343,10280,0,0,28.246599197387695,15.036600112915039,3.2376999855041504,1.232100009918213,0.022700000554323196,0.1363999992609024,0.0068,0,0.095,3.1196,3.3962,0.0001,0.3791,1,1080980,0,0,0,9997
22,48.570499420166016,0.00570000009611249,22.421100616455078,2.057300090789795,3.1459999084472656,5.336999893188477,15.898699760437012,1.7948999404907227,10000,10009,20000,10006,20000,20000,10000,0.2224999964237213,3.343600034713745,3.7929000854492188,10000,2.597499999999968,0.7524,1,0.0965,0.036000000000000004,376832,15,15,0.8141,7712,0,0,22.610300064086914,16.237699508666992,2.8726000785827637,1.3140000104904175,0.28690001368522644,0.12880000472068787,0,0,0,0,0,0,0,0,0,0,0,0,0
23,49.41469955444336,0.007899999618530273,23.066499710083008,2.248699903488159,3.1870999336242676,5.6178998947143555,16.746000289916992,1.7297999858856201,10000,10009,20000,10006,20000,20000,10000,0.25870001316070557,3.5164999961853027,3.821700096130371,10000,2.359199999999881,0.6775,1,0.0893,0.0286,376832,15,15,0.6767,7712,0,0,23.23080062866211,17.079599380493164,2.6605000495910645,1.4394999742507935,0.27619999647140503,0.1256999969482422,0,0,0,0,0,0,0,0,0,0,0,0,0
24,51.385101318359375,10.807299613952637,23.460599899291992,2.5134999752044678,3.736799955368042,5.916500091552734,7.94920015335083,2.265199899673462,10000,10009,20000,10006,20000,20000,10000,0.2606000006198883,3.84060001373291,2.0285000801086426,10000,2.246999999999863,0.7328,1,0.0862,0.0295,376832,15,15,0.7459,97480,0,0,34.44020080566406,8.258199691772461,2.6621999740600586,1.2431000471115112,0.24789999425411224,0.1265999972820282,0.0069,0,0.0907,4.6929,7.1543,2.1978,0.3342,1,1092652,67356,10000,8634,9999
25,43.66669845581055,0.00430000014603138,26.23200035095215,2.881500005722046,3.3189001083374023,5.322299957275391,7.1118998527526855,1.1641000509262085,10000,10009,20000,10006,20000,20000,10000,0.30720001459121704,3.2827999591827393,7.6809000968933105,10000,2.4757999999999636,0.7516,1,0.10550000000000001,0.035,376832,15,15,0.8122,7712,0,0,26.370399475097656,7.414599895477295,3.164900064468384,1.4637999534606934,0.25839999318122864,0.13650000095367432,0,0,0,0,0,0,0,0,0,0,0,0,0
26,37.51279830932617,0.004399999976158142,21.902599334716797,3.015700101852417,5.865699768066406,4.433700084686279,7.2947998046875,0.9140999913215637,10000,10009,20000,10006,20000,20000,10000,0.2615000009536743,3.0913000106811523,2.0852999687194824,10000,0.8807999999999199,0.8778,1,0.10640000000000002,0.0394,376832,15,15,1.0446,7712,0,0,22.046499252319336,7.652200222015381,2.2147998809814453,1.9782999753952026,0.2937999963760376,0.1597999930381775,0,0,0,0,0,0,0,0,0,0,0,0,0
27,55.08209991455078,19.099899291992188,21.169200897216797,3.7044999599456787,3.8498001098632812,3.955899953842163,7.728099822998047,1.5231000185012817,10000,10009,20000,10006,20000,20000,10000,0.3330000042915344,2.779099941253662,2.47379994392395,10000,0.7917999999999288,0.7301,1,0.0997,0.0387,376832,15,15,0.9271,103592,0,0,40.43659973144531,8.091500282287598,1.7970999479293823,1.3875000476837158,0.3147999942302704,0.1462000012397766,0.0095,5.224999904632568,0.1128,5.1495,8.9298,3.4667,0.4802,1,1125332,69449,10000,9753,9999
28,27.811599731445312,0.003000000026077032,15.57960033416748,2.1428000926971436,3.243299961090088,2.8340001106262207,5.622700214385986,0.7462999820709229,10000,10009,20000,10006,20000,20000,10000,0.24289999902248383,1.837499976158142,2.3111000061035156,10000,0.6680999999999427,0.7467,1,0.0838,0.0302,376832,15,15,0.9806,7712,0,0,15.722599983215332,5.8958001136779785,1.7302000522613525,1.4555000066757202,0.2303999960422516,0.13500000536441803,0,0,0,0,0,0,0,0,0,0,0,0,0
29,32.198001861572266,0.003800000064074993,16.869699478149414,2.853800058364868,3.175800085067749,3.1440000534057617,7.347799777984619,0.8901000022888184,10000,10009,20000,10006,20000,20000,10000,0.25060001015663147,2.2583000659942627,2.1496999263763428,10000,0.870699999999921,0.9581,1,0.1117,0.0426,376832,15,15,1.0217,7712,0,0,17.038299560546875,7.692800045013428,2.213900089263916,1.6295000314712524,0.29589998722076416,0.15289999544620514,0,0,0,0,0,0,0,0,0,0,0,0,0
30,46.2041015625,3.7567999362945557,22.19260025024414,4.378600120544434,4.222599983215332,4.149099826812744,10.211299896240234,0.8690999746322632,10000,10009,20000,10006,20000,20000,10000,0.38429999351501465,2.973400115966797,2.447000026702881,10000,1.1932999999998897,1.0447,1,0.1353,0.0446,376832,15,15,1.1393,104720,0,0,26.11240005493164,10.659299850463867,2.6277999877929688,2.344099998474121,0.39160001277923584,0.16329999268054962,0,0,0,0,0,0,0,0,0,0,0,0,0
31,37.08100128173828,0.00419999985024333,16.900800704956055,4.293000221252441,0.95169997215271,1.9876999855041504,10.983799934387207,0.8274999856948853,10000,10009,20000,10006,20000,20000,10000,0.3149999976158142,2.9530999660491943,2.861799955368042,10000,1.1620999999998924,1.1704,1,0.1341,0.0439,376832,15,15,1.1954,7712,0,0,17.08139991760254,11.059599876403809,2.7609000205993652,1.70169997215271,0.020600000396370888,0.17960000038146973,0,0,0,0,0,0,0,0,0,0,0,0,0
32,41.812400817871094,0.00419999985024333,18.970399856567383,4.283400058746338,1.0312000513076782,1.9138000011444092,10.569100379943848,0.8065000176429749,10000,10009,20000,10006,20000,20000,10000,0.27959999442100525,4.591899871826172,3.3835999965667725,10000,1.2239999999998925,1.0335,1,3.2692,0.0663,376832,15,15,1.11,7712,0,0,19.14430046081543,10.652099609375,2.608799934387207,1.6931999921798706,0.022099999710917473,0.15620000660419464,0,0,0,0,0,0,0,0,0,0,0,0,0
33,53.45840072631836,25.293399810791016,16.922800064086914,3.7558999061584473,2.5536999702453613,2.5016000270843506,5.581600189208984,0.73580002784729,10000,10009,20000,10006,20000,20000,10000,0.3010999858379364,2.1268999576568604,2.515899896621704,10000,0.5579999999999549,0.6093,1,0.0753,0.0426,376832,15,15,0.8832,10280,0,0,42.39440155029297,5.643199920654297,1.4810999631881714,1.295799970626831,0.017999999225139618,0.12389999628067017,0.0111,0,0.1418,21.6793,22.0276,0.0005,0.3949,1,1150076,0,0,0,9995
34,25.77589988708496,0.003599999938160181,13.323800086975098,2.061000108718872,2.7256999015808105,2.5703001022338867,5.568299770355225,0.4325000047683716,10000,10009,20000,10006,20000,20000,10000,0.21559999883174896,1.7497999668121338,1.5468000173568726,10000,0.6241999999999476,0.798,1,0.0814,0.0354,376832,15,15,0.9698,7712,0,0,13.460100173950195,5.8790998458862305,1.8666000366210938,1.6471999883651733,0.23479999601840973,0.12630000710487366,0,0,0,0,0,0,0,0,0,0,0,0,0
35,38.79130172729492,0.00559999980032444,18.259000778198242,2.713200092315674,3.323199987411499,3.620300054550171,11.09119987487793,0.6784999966621399,10000,10009,20000,10006,20000,20000,10000,0.2257000058889389,3.535900115966797,1.9873000383377075,10000,1.0541999999999017,1.0645,1,0.1325,0.0455,376832,15,15,1.2618,7712,0,0,18.449800491333008,11.499699592590332,2.666100025177002,1.7649999856948853,0.35089999437332153,0.14810000360012054,0,0,0,0,0,0,0,0,0,0,0,0,0
36,60.395198822021484,17.731700897216797,25.281400680541992,5.896599769592285,5.17110013961792,3.9930999279022217,9.12660026550293,1.1331000328063965,10000,10009,20000,10006,20000,20000,10000,0.3140000104904175,3.094099998474121,2.6791000366210938,10000,0.8620999999999216,1.5418,1,0.1107,0.0427,376832,15,15,0.972,110144,0,0,43.1776008605957,9.585000038146973,2.651099920272827,1.4151999950408936,0.3955000042915344,0.11840000003576279,0.009,5.84499979019165,0.1172,4.7651,7.4693,2.3928,0.3614,1,1188398,78041,10000,12026,9996
37,26.141700744628906,0.00279999990016222,14.18220043182373,2.212100028991699,3.0072999000549316,2.534600019454956,5.673900127410889,0.4715999960899353,10000,10009,20000,10006,20000,20000,10000,0.2290000021457672,1.8609000444412231,1.7300000190734863,10000,0.6497999999999454,0.7187,1,0.0878,0.0311,376832,15,15,0.9216,7712,0,0,14.321399688720703,5.951700210571289,1.6253999471664429,1.2843999862670898,0.24289999902248383,0.18950000405311584,0,0,0,0,0,0,0,0,0,0,0,0,0
38,29.57539939880371,0.0031999999191612005,16.534099578857422,2.761399984359741,3.6217000484466553,2.953900098800659,6.367499828338623,0.5640000104904175,10000,10009,20000,10006,20000,20000,10000,0.24310000240802765,2.077399969100952,1.9977999925613403,10000,0.7283999999999367,0.8115,1,0.08739999999999999,0.0345,376832,15,15,0.8773,7712,0,0,16.679399490356445,6.6778998374938965,1.8447999954223633,1.3760000467300415,0.2597000002861023,0.13519999384880066,0,0,0,0,0,0,0,0,0,0,0,0,0
39,118.79019927978516,15.161499977111816,64.98380279541016,8.445099830627441,16.364099502563477,11.285099983215332,18.031999588012695,4.061399936676025,10000,10009,20000,10006,20000,20000,10000,0.3140999972820282,2.4405999183654785,6.498199939727783,10000,0.6921999999999415,0.7275,1,0.0937,0.0405,376832,15,15,0.8936,112952,0,0,80.2699966430664,18.465700149536133,8.89780044555664,1.1836999654769897,0.25049999356269836,0.12150000035762787,0.0094,4.377399921417236,0.0985,4.1801,6.9423,2.5024,0.3312,1,1233344,82577,10000,13653,9999
40,23.847200393676758,0.0032999999821186066,13.535599708557129,1.9831000566482544,2.728800058364868,3.0636000633239746,4.920400142669678,0.4302999973297119,10000,10009,20000,10006,20000,20000,10000,0.20919999480247498,1.642899990081787,1.4888999462127686,10000,0.4902999999999624,0.6112,1,0.0696,0.0298,376832,15,15,0.9189,7712,0,0,13.674799919128418,5.132400035858154,1.3379000425338745,1.158400058746338,0.18000000715255737,0.11829999834299088,0,0,0,0,0,0,0,0,0,0,0,0,0
41,31.443700790405273,0.0026000000070780516,12.564200401306152,1.88919997215271,2.6112000942230225,2.6575000286102295,5.478899955749512,0.3953000009059906,10000,10009,20000,10006,20000,20000,10000,0.2329999953508377,1.5927000045776367,1.4637000560760498,10000,0.5921999999999589,0.6653,1,0.0685,0.029500000000000002,376832,15,15,0.6061,7712,0,0,12.676400184631348,5.833799839019775,1.4043999910354614,1.1778000593185425,0.3206999897956848,8.211999893188477,0,0,0,0,0,0,0,0,0,0,0,0,0
42,35.67879867553711,3.2077999114990234,13.38759994506836,2.2044999599456787,2.6970999240875244,2.4151999950408936,7.104000091552734,0.4869999885559082,10000,10009,20000,10006,20000,20000,10000,0.26930001378059387,1.983199954032898,1.4752999544143677,10000,0.675299999999942,0.6842,1,0.0889,0.0323,376832,15,15,0.771,93216,0,0,16.738100051879883,7.393700122833252,1.6289000511169434,1.4632999897003174,0.2451999932527542,5.832499980926514,0,0,0,0,0,0,0,0,0,0,0,0,0
43,34.580299377441406,0.002400000113993883,11.760199546813965,2.6394999027252197,0.7279000282287598,1.4907000064849854,8.36340045928955,0.5526999831199646,10000,10009,20000,10006,20000,20000,10000,0.23980000615119934,2.1617000102996826,1.9112000465393066,10000,0.78639999999993,0.9144,1,0.0947,0.032,376832,15,15,0.8879,7712,0,0,11.8818998336792,8.420000076293945,2.0009000301361084,1.2777999639511108,0.019500000402331352,7.9344000816345215,0,0,0,0,0,0,0,0,0,0,0,0,0
44,34.2130012512207,0.0031999999191612005,14.820599555969238,3.5208001136779785,0.9847000241279602,2.1354000568389893,9.007200241088867,0.6624000072479248,10000,10009,20000,10006,20000,20000,10000,0.2605000138282776,2.42549991607666,2.4075000286102295,10000,0.9722999999999107,1.149,1,0.1061,0.0356,376832,15,15,1.0209,7712,0,0,14.96969985961914,9.05840015411377,2.481300115585327,1.7137000560760498,0.018699999898672104,2.4516000747680664,0,0,0,0,0,0,0,0,0,0,0,0,0
45,64.53399658203125,9.643600463867188,32.28369903564453,4.345200061798096,14.69890022277832,3.6117000579833984,10.988900184631348,0.8238999843597412,10000,10009,20000,10006,20000,20000,10000,0.31349998712539673,2.963599920272827,2.940999984741211,10000,1.1365999999998944,1.0933,1,0.1341,0.0407,376832,15,15,1.1306,10280,0,0,42.07500076293945,11.045000076293945,2.5764999389648438,4.548299789428711,0.019999999552965164,0.18729999661445618,0.016,0,0.1859,5.9839,6.458,0.0004,0.4334,1,1283696,0,0,0,9995
46,43.74380111694336,0.0034000000450760126,22.198400497436523,4.179699897766113,4.497099876403809,3.7799999713897705,12.235300064086914,0.826200008392334,10000,10009,20000,10006,20000,20000,10000,0.3504999876022339,3.0408999919891357,2.8327999114990234,10000,1.1894999999998919,1.0386,1,0.14529999999999998,0.041,376832,15,15,1.2386,7712,0,0,22.375200271606445,12.727399826049805,2.5546998977661133,1.5530999898910522,0.4474000036716461,0.1509999930858612,0,0,0,0,0,0,0,0,0,0,0,0,0
47,36.7328987121582,0.0027000000700354576,16.68120002746582,2.843899965286255,3.456199884414673,3.1452999114990234,10.984999656677246,0.5759000182151794,10000,10009,20000,10006,20000,20000,10000,0.22990000247955322,2.2904999256134033,1.9805999994277954,10000,1.30099999999988,0.9092,1,0.1211,0.0412,376832,15,15,1.2865,7712,0,0,16.88960075378418,11.423700332641602,2.204400062561035,1.4838000535964966,0.39809998869895935,0.14270000159740448,0,0,0,0,0,0,0,0,0,0,0,0,0
48,43.510398864746094,11.225899696350098,17.072900772094727,3.0009000301361084,3.4019999504089355,3.41129994392395,8.977999687194824,0.6079000234603882,10000,10009,20000,10006,20000,20000,10000,0.23880000412464142,2.4001998901367188,1.978700041770935,10000,0.8103999999999361,0.7212,1,0.0795,0.028,376832,15,15,0.7644,69776,0,0,28.42609977722168,9.304800033569336,1.6402000188827515,1.2164000272750854,0.29170000553131104,0.1306000053882599,0.0093,0,0.135,4.3638,6.945,2.2977,0.3136,1,1336698,97143,10000,17212,9999
49,37.546199798583984,0.0024999999441206455,22.171600341796875,2.524600028991699,2.7337000370025635,9.855899810791016,7.748499870300293,0.8165000081062317,10000,10009,20000,10006,20000,20000,10000,0.22390000522136688,2.091399908065796,1.642799973487854,10000,0.815799999999927,0.9763,1,0.078,0.0354,376832,15,15,1.0095,7712,0,0,22.291900634765625,8.063899993896484,2.131700038909912,1.5221999883651733,0.28139999508857727,0.3971000015735626,0,0,0,0,0,0,0,0,0,0,0,0,0
50,31.53890037536621,0.0027000000700354576,15.885499954223633,2.61299991607666,3.273400068283081,2.970599889755249,8.13010025024414,0.5548999905586243,10000,10009,20000,10006,20000,20000,10000,0.22759999334812164,2.1621999740600586,1.9592000246047974,10000,0.8387999999999243,0.8754,1,0.08360000000000001,0.039,376832,15,15,0.9938,7712,0,0,16.041900634765625,8.464099884033203,2.046299934387207,1.6193000078201294,0.30070000886917114,0.1500999927520752,0,0,0,0,0,0,0,0,0,0,0,0,0
51,57.49509811401367,22.93779945373535,21.684999465942383,4.153299808502197,4.4166998863220215,3.972399950027466,7.192399978637695,0.8578000068664551,10000,10009,20000,10006,20000,20000,10000,0.2969000041484833,2.757999897003174,2.8097000122070312,10000,0.5729999999999532,0.6791,1,0.0666,0.0372,376832,15,15,0.8118,73656,0,0,44.76839828491211,7.494100093841553,1.5130000114440918,1.1845999956130981,0.26989999413490295,0.12290000170469284,0.0104,7.494100093841553,0.1276,6.9517,10.9959,3.7034,0.3877,1,1404974,104790,10000,19233,9998
52,30.075899124145508,0.002400000113993883,13.08080005645752,1.9663000106811523,2.9096999168395996,2.510499954223633,6.263400077819824,0.4422000050544739,10000,10009,20000,10006,20000,20000,10000,0.2467000037431717,1.7230000495910645,1.5164999961853027,10000,0.656999999999944,0.7522,1,0.0739,0.0323,376832,15,15,0.89,7712,0,0,13.207300186157227,8.420999526977539,1.6979999542236328,3.9202001094818115,2.120300054550171,0.14480000734329224,0,0,0,0,0,0,0,0,0,0,0,0,0
53,43.43669891357422,0.0027000000700354576,17.5851993560791,2.930500030517578,3.4834001064300537,3.250699996948242,12.66469955444336,0.6251999735832214,10000,10009,20000,10006,20000,20000,10000,0.27309998869895935,2.677999973297119,2.1024999618530273,10000,1.2280999999998856,1.3347,1,0.1462,0.046599999999999996,376832,15,15,1.4218,7712,0,0,17.725799560546875,15.482600212097168,3.2836999893188477,2.1240999698638916,2.7716000080108643,0.1826000064611435,0,0,0,0,0,0,0,0,0,0,0,0,0
54,50.02399826049805,12.38949966430664,21.261600494384766,4.2453999519348145,4.1605000495910645,3.8589000701904297,10.132399559020996,0.8087999820709229,10000,10009,20000,10006,20000,20000,10000,0.3716999888420105,2.970400094985962,2.3620998859405518,10000,0.6971999999999395,0.7512,1,0.06490000000000001,0.0361,376832,15,15,0.9049,78472,1,1,33.866600036621094,10.452400207519531,1.6064000129699707,1.19159996509552,0.2849999964237213,0.13330000638961792,0,0,0,0,0,0,0,0,0,0,0,0,0
55,23.396499633789062,0.002300000051036477,10.687399864196777,2.084700107574463,0.5943999886512756,1.5146000385284424,6.421999931335449,0.45170000195503235,10000,10009,20000,10006,20000,20000,10000,0.30379998683929443,2.3798999786376953,1.5256999731063843,10000,0.6872999999999406,0.8007,1,0.0695,0.0363,376832,15,15,1.0007,12424,0,0,10.86520004272461,6.481299877166748,1.8026000261306763,1.263200044631958,0.025100000202655792,0.13770000636577606,0,0,0,0,0,0,0,0,0,0,0,0,0
56,36.26350021362305,0.003100000089034438,17.217100143432617,4.178800106048584,1.4767999649047852,1.8116999864578247,10.405799865722656,0.7085999846458435,10000,10009,20000,10006,20000,20000,10000,0.26190000772476196,2.849400043487549,3.093400001525879,10000,1.1100999999998975,1.0613,1,0.1029,0.0344,376832,15,15,1.2182,7712,0,0,17.371999740600586,10.466300010681152,2.548099994659424,1.6231000423431396,0.022600000724196434,0.17419999837875366,0,0,0,0,0,0,0,0,0,0,0,0,0
57,52.131500244140625,11.804400444030762,20.922199249267578,4.232500076293945,3.25,3.520900011062622,11.02400016784668,0.817300021648407,10000,10009,20000,10006,20000,20000,10000,0.3009999990463257,3.0780999660491943,3.225100040435791,10000,1.1369999999998952,1.0185,1,0.10249999999999998,0.0463,376832,15,15,1.2051,17896,0,0,32.870601654052734,11.079999923706055,2.5343000888824463,1.3885999917984009,0.021400000900030136,0.15160000324249268,0.0121,0,0.143,8.168,8.5611,0.0004,0.3971,1,1468136,0,0,0,9995
58,37.05799865722656,0.003800000064074993,17.275999069213867,2.9811999797821045,3.204400062561035,3.2925000190734863,10.539400100708008,0.6748999953269958,10000,10009,20000,10006,20000,20000,10000,0.25290000438690186,2.708699941635132,1.9961999654769897,10000,1.1112999999998971,1.0803,1,0.13190000000000002,0.0518,376832,15,15,1.2358,7712,0,0,17.43790054321289,10.95419979095459,2.5689001083374023,1.8030999898910522,0.38199999928474426,0.16459999978542328,0,0,0,0,0,0,0,0,0,0,0,0,0
59,40.09809875488281,0.0027000000700354576,20.163999557495117,3.9549999237060547,3.5690999031066895,3.9748001098632812,11.270899772644043,0.7415000200271606,10000,10009,20000,10006,20000,20000,10000,0.2865999937057495,2.904599905014038,2.174799919128418,10000,1.108299999999898,0.9393,1,0.1023,0.0376,376832,15,15,1.1122,7712,0,0,20.312400817871094,11.713500022888184,2.3815999031066895,1.5515999794006348,0.39649999141693115,0.14830000698566437,0,0,0,0,0,0,0,0,0,0,0,0,0
60,49.71760177612305,12.547300338745117,24.330900192260742,4.396100044250488,6.019199848175049,3.9755001068115234,7.2993998527526855,0.7818999886512756,10000,10009,20000,10006,20000,20000,10000,0.3095000088214874,4.385200023651123,2.1758999824523926,10000,0.5643999999999545,0.6989,1,0.0572,0.0305,376832,15,15,0.8867,70632,0,0,37.00619888305664,7.548099994659424,1.4290000200271606,1.19159996509552,0.2076999992132187,0.12439999729394913,0.0086,0,0.1007,4.9576,8.5843,3.3428,0.3165,1,1548328,126396,10000,24768,9998
61,23.76259994506836,0.0027000000700354576,12.312899589538574,1.9124000072479248,2.7086000442504883,2.0546000003814697,5.6631999015808105,0.42149999737739563,10000,10009,20000,10006,20000,20000,10000,0.21979999542236328,1.6080000400543213,1.5434999465942383,10000,0.599199999999951,0.7317,1,0.0711,0.0315,376832,15,15,0.7717,7712,0,0,12.509400367736816,5.92519998550415,1.5827000141143799,1.2039999961853027,0.23119999468326569,0.12770000100135803,0,0,0,0,0,0,0,0,0,0,0,0,0
62,30.975299835205078,0.002400000113993883,15.520700454711914,2.5130999088287354,2.921099901199341,3.503000020980835,7.5954999923706055,0.5309000015258789,10000,10009,20000,10006,20000,20000,10000,0.26499998569488525,2.093100070953369,1.7783000469207764,10000,0.8076999999999274,1.0573,1,0.0788,0.0334,376832,15,15,0.9841,7712,0,0,15.638999938964844,7.918300151824951,2.288800001144409,1.8398000001907349,0.2922999858856201,0.18389999866485596,0,0,0,0,0,0,0,0,0,0,0,0,0
63,66.42870330810547,26.615999221801758,23.678499221801758,4.077899932861328,4.6427998542785645,4.784599781036377,9.43179988861084,0.771399974822998,10000,10009,20000,10006,20000,20000,10000,0.3407000005245209,3.240499973297119,3.2177999019622803,10000,0.6753999999999419,0.8635,1,0.066,0.028900000000000002,376832,15,15,0.7672,90968,0,0,50.467498779296875,9.753700256347656,1.8976999521255493,1.5613000392913818,0.2809999883174896,0.13189999759197235,0.0124,8.297300338745117,0.1326,8.1017,13.3628,4.8984,0.3927,1,1620612,133101,10000,26421,9996
64,33.95750045776367,0.003100000089034438,19.450700759887695,3.9286999702453613,4.615799903869629,2.8887999057769775,7.2393999099731445,0.8418999910354614,10000,10009,20000,10006,20000,20000,10000,0.25679999589920044,1.9810999631881714,2.2425999641418457,10000,0.7632999999999323,0.8498,1,0.07470000000000002,0.0331,376832,15,15,0.8967,7712,0,0,19.610000610351562,7.553500175476074,1.9048000574111938,1.4631999731063843,0.2816999852657318,0.5009999871253967,0,0,0,0,0,0,0,0,0,0,0,0,0
65,41.97930145263672,0.0027000000700354576,20.301700592041016,3.148900032043457,3.2402000427246094,4.055500030517578,13.189599990844727,0.6628000140190125,10000,10009,20000,10006,20000,20000,10000,0.4846000075340271,4.365499973297119,2.0961999893188477,10000,1.2350999999998913,0.8366,1,0.1038,0.0416,376832,15,15,1.0683,7712,0,0,20.441600799560547,13.659299850463867,2.0829999446868896,1.4565999507904053,0.421099990606308,0.13099999725818634,0,0,0,0,0,0,0,0,0,0,0,0,0
66,35.08980178833008,3.5969998836517334,16.350099563598633,2.9842000007629395,3.1563000679016113,3.146899938583374,7.858099937438965,0.5568000078201294,10000,10009,20000,10006,20000,20000,10000,0.2702000141143799,2.147599935531616,1.9859999418258667,10000,0.804799999999929,0.8486,1,0.0757,0.032,376832,15,15,1.0282,74984,0,0,20.072599411010742,8.205400466918945,1.9556000232696533,1.4366999864578247,0.31139999628067017,0.1875,0,0,0,0,0,0,0,0,0,0,0,0,0
67,28.933399200439453,0.002400000113993883,13.442999839782715,2.8882999420166016,0.858299970626831,2.0897998809814453,8.550999641418457,0.5796999931335449,10000,10009,20000,10006,20000,20000,10000,0.2614000141620636,2.215399980545044,2.3382999897003174,10000,0.8485999999999229,0.8971,1,0.08099999999999999,0.0322,376832,15,15,0.9207,7712,0,0,13.564200401306152,8.611700057983398,2.0799999237060547,1.3343000411987305,0.02160000056028366,0.14980000257492065,0,0,0,0,0,0,0,0,0,0,0,0,0
68,36.84600067138672,0.003100000089034438,17.005699157714844,3.5961999893188477,0.8840000033378601,2.254499912261963,11.319999694824219,0.6933000087738037,10000,10009,20000,10006,20000,20000,10000,0.2922999858856201,4.291600227355957,2.392699956893921,10000,1.014699999999905,1.091,1,0.0926,0.0432,376832,15,15,1.2487,7712,0,0,17.147600173950195,11.476400375366211,2.6150999069213867,1.481600046157837,0.036400001496076584,0.1469999998807907,0,0,0,0,0,0,0,0,0,0,0,0,0
69,49.823699951171875,11.311599731445312,22.562700271606445,4.923699855804443,4.284299850463867,3.2602999210357666,9.415200233459473,0.9937000274658203,10000,10009,20000,10006,20000,20000,10000,0.29760000109672546,2.814500093460083,3.2012999057769775,10000,0.7521999999999337,0.9202,1,0.0729,0.0392,376832,15,15,1.1154,10280,0,0,34.06370162963867,9.470499992370605,1.8193999528884888,1.049299955368042,0.01979999989271164,0.1388999968767166,0.0111,0,0.1304,8.0017,8.3334,0.0003,0.3576,1,1686142,0,0,0,9994
70,31.513700485229492,0.002300000051036477,18.042600631713867,3.7262001037597656,4.350399971008301,2.9760000705718994,7.428699970245361,0.7181000113487244,10000,10009,20000,10006,20000,20000,10000,0.21870000660419464,1.9408999681472778,1.617900013923645,10000,0.6442999999999466,0.787,1,0.0658,0.029200000000000004,376832,15,15,0.7443,7712,0,0,18.167400360107422,7.685400009155273,1.6871999502182007,1.3000999689102173,0.22059999406337738,0.12470000237226486,0,0,0,0,0,0,0,0,0,0,0,0,0
71,29.676000595092773,0.002300000051036477,15.399900436401367,2.523200035095215,3.349900007247925,2.6029999256134033,7.36269998550415,0.5512999892234802,10000,10009,20000,10006,20000,20000,10000,0.2224999964237213,2.303100109100342,1.8152999877929688,10000,0.7558999999999335,0.7763,1,0.0868,0.0358,376832,15,15,1.1284,7712,0,0,15.514399528503418,7.657700061798096,1.8248000144958496,1.360200047492981,0.26440000534057617,0.12559999525547028,0,0,0,0,0,0,0,0,0,0,0,0,0
72,47.255001068115234,15.491499900817871,16.810199737548828,2.651900053024292,3.3266000747680664,3.4235000610351562,7.668600082397461,0.5906000137329102,10000,10009,20000,10006,20000,20000,10000,0.26669999957084656,2.4265999794006348,2.1328001022338867,10000,0.8262999999999264,0.8937,1,0.0828,0.033299999999999996,376832,15,15,1.0039,70696,0,0,32.42470169067383,8.02929973602295,2.000699996948242,1.4335999488830566,0.3294000029563904,0.13330000638961792,0.0113,0,0.1402,7.0126,11.2304,3.9178,0.3529,1,1772568,157057,10000,32314,9999
73,34.84239959716797,0.0027000000700354576,17.649900436401367,3.113600015640259,3.588200092315674,3.335099935531616,8.84000015258789,0.6262000203132629,10000,10009,20000,10006,20000,20000,10000,0.2809999883174896,2.3996999263763428,2.149399995803833,10000,1.1092999999998994,0.8914,1,0.1215,0.0448,376832,15,15,1.1681,7712,0,0,17.775999069213867,9.205300331115723,2.1503000259399414,1.5263999700546265,0.33820000290870667,0.1526000052690506,0,0,0,0,0,0,0,0,0,0,0,0,0
74,35.983001708984375,0.002300000051036477,18.890300750732422,3.3910000324249268,3.5625,3.5571000576019287,9.120400428771973,0.6751999855041504,10000,10009,20000,10006,20000,20000,10000,0.3262999951839447,2.5655999183654785,2.4312000274658203,10000,0.8756999999999207,0.9415,1,0.10740000000000001,0.045,376832,15,15,1.0985,7712,0,0,19.034000396728516,9.485400199890137,2.367300033569336,1.5266000032424927,0.33070001006126404,0.16339999437332153,0,0,0,0,0,0,0,0,0,0,0,0,0
75,58.13290023803711,26.586700439453125,18.24799919128418,3.0808000564575195,4.169600009918213,3.3510000705718994,6.914999961853027,0.6270999908447266,10000,10009,20000,10006,20000,20000,10000,0.2387000024318695,2.209700107574463,2.308300018310547,10000,0.6873999999999418,0.7435,1,0.07699999999999999,0.0342,376832,15,15,0.8922,89176,0,0,44.97529983520508,7.192500114440918,1.7164000272750854,1.312999963760376,0.23909999430179596,0.13600000739097595,0.01,7.86870002746582,0.1624,8.8405,13.8733,4.6842,0.4178,1,1841812,159656,10000,33053,9998
76,26.731599807739258,0.0027000000700354576,14.409600257873535,2.0750999450683594,3.6013998985290527,2.1965999603271484,6.442800045013428,0.399399995803833,10000,10009,20000,10006,20000,20000,10000,0.17820000648498535,1.6713000535964966,2.2595999240875244,10000,0.5962999999999505,0.6574,1,0.06169999999999999,0.030600000000000002,376832,15,15,0.8072,7712,0,0,14.550800323486328,6.853700160980225,1.4572999477386475,1.2253999710083008,0.37209999561309814,0.13860000669956207,0,0,0,0,0,0,0,0,0,0,0,0,0
77,28.9197998046875,0.002199999988079071,15.983599662780762,3.2695999145507812,2.9885001182556152,2.8008999824523926,6.379899978637695,0.7070000171661377,10000,10009,20000,10006,20000,20000,10000,0.25870001316070557,1.9114999771118164,1.7860000133514404,10000,0.6919999999999403,0.878,1,0.0708,0.036199999999999996,376832,15,15,0.9827,7712,0,0,16.09760093688965,6.666100025177002,1.9120999574661255,1.2346999645233154,0.25600001215934753,0.13019999861717224,0,0,0,0,0,0,0,0,0,0,0,0,0
78,34.31439971923828,3.4177000522613525,15.171299934387207,2.444200038909912,2.9307000637054443,3.3122000694274902,8.07919979095459,0.5198000073432922,10000,10009,20000,10006,20000,20000,10000,0.21899999678134918,2.1561999320983887,1.7626999616622925,10000,0.8615999999999213,1.0069,1,0.0823,0.0344,376832,15,15,1.0705,66296,0,0,18.730300903320312,8.416799545288086,2.1494998931884766,1.503499984741211,0.3075999915599823,0.15299999713897705,0,0,0,0,0,0,0,0,0,0,0,0,0
79,30.08370018005371,0.002400000113993883,13.710700035095215,2.9268999099731445,0.7598999738693237,2.1623001098632812,8.981800079345703,0.6586999893188477,10000,10009,20000,10006,20000,20000,10000,0.2782999873161316,2.5250000953674316,2.25570011138916,10000,0.9075999999999165,0.9293,1,0.08860000000000001,0.0356,376832,15,15,0.9759,7712,0,0,13.854000091552734,9.037500381469727,2.1842000484466553,1.4874999523162842,0.02019999921321869,0.15240000188350677,0,0,0,0,0,0,0,0,0,0,0,0,0
80,35.57279968261719,0.002199999988079071,14.895099639892578,3.3443000316619873,0.8133000135421753,1.826200008392334,11.017600059509277,0.718500018119812,10000,10009,20000,10006,20000,20000,10000,0.2410999983549118,3.1649999618530273,2.465399980545044,10000,1.1524999999998933,1.3764,1,0.13340000000000002,0.049,376832,15,15,1.3752,7712,0,0,15.027600288391113,11.075599670410156,3.2576000690460205,1.694100022315979,0.01899999938905239,0.18289999663829803,0,0,0,0,0,0,0,0,0,0,0,0,0
81,55.190799713134766,13.692299842834473,20.250699996948242,3.6447999477386475,3.328700065612793,3.8322999477386475,11.141300201416016,0.8068000078201294,10000,10009,20000,10006,20000,20000,10000,0.3052999973297119,3.24780011177063,2.733599901199341,10000,1.7154999999998475,1.2557,1,0.10980000000000001,0.0489,376832,15,15,1.3762,10400,0,0,34.10210037231445,11.174099922180176,2.8552000522613525,1.615399956703186,0.012299999594688416,0.16920000314712524,0.0137,0,0.219,10.1264,10.5673,0.0006,0.3649,1,1902608,0,0,0,9990
82,37.777000427246094,0.002400000113993883,20.109600067138672,4.077300071716309,3.8736000061035156,3.148699998855591,9.316200256347656,0.9520999789237976,10000,10009,20000,10006,20000,20000,10000,0.32350000739097595,2.5459001064300537,2.4251999855041504,10000,1.340799999999877,0.8312,1,0.092,0.0347,376832,15,15,0.9634,7752,0,0,20.253400802612305,9.638500213623047,2.0657999515533447,1.5923999547958374,0.2996000051498413,0.1459999978542328,0,0,0,0,0,0,0,0,0,0,0,0,0
83,31.744800567626953,0.002300000051036477,16.00510025024414,2.343600034713745,3.5824999809265137,2.8392999172210693,7.838799953460693,0.5080999732017517,10000,10009,20000,10006,20000,20000,10000,0.20190000534057617,2.183199882507324,2.2251999378204346,10000,1.1614999999998947,1.0815,1,0.0774,0.032,376832,15,15,1.0299,7712,0,0,16.128400802612305,8.140199661254883,2.2636001110076904,1.5622999668121338,0.2806999981403351,0.15600000321865082,0,0,0,0,0,0,0,0,0,0,0,0,0
84,49.78310012817383,17.03700065612793,19.186899185180664,2.9386000633239746,3.544100046157837,3.818700075149536,7.722499847412109,0.6403999924659729,10000,10009,20000,10006,20000,20000,10000,0.2980000078678131,3.263000011444092,2.5315001010894775,10000,0.8887999999999185,0.6084,1,0.0619,0.0292,376832,15,15,0.6974,52912,0,0,36.36000061035156,7.956699848175049,1.438599944114685,1.2773000001907349,0.2110999971628189,0.12809999287128448,0.0081,0,0.1203,7.7584,12.8673,4.8059,0.3635,1,1990012,175596,10000,37805,9998
85,26.616199493408203,0.002199999988079071,13.925399780273438,1.8976000547409058,3.035599946975708,2.4793999195098877,6.493299961090088,0.42750000953674316,10000,10009,20000,10006,20000,20000,10000,0.18770000338554382,2.171299934387207,1.8918999433517456,10000,0.9062999999999165,0.6371,1,0.06509999999999999,0.0331,376832,15,15,0.8442,7712,0,0,14.035499572753906,6.748499870300293,1.5328999757766724,1.3284000158309937,0.23729999363422394,0.179299995303154,0,0,0,0,0,0,0,0,0,0,0,0,0
86,31.64240074157715,0.0013000000035390258,16.37380027770996,2.349900007247925,3.3780999183654785,2.920799970626831,7.551799774169922,0.5105999708175659,10000,10009,20000,10006,20000,20000,10000,0.23270000517368317,1.9393999576568604,2.663300037384033,10000,1.1804999999998902,0.8699,1,0.09090000000000001,0.038099999999999995,376832,15,15,1.1287,7712,0,0,16.496999740600586,7.861199855804443,2.0278000831604004,1.4521000385284424,0.2921000123023987,0.14560000598430634,0,0,0,0,0,0,0,0,0,0,0,0,0
87,63.06380081176758,22.82539939880371,22.705699920654297,5.076499938964844,4.814899921417236,3.8396999835968018,11.324299812316895,0.911300003528595,10000,10009,20000,10006,20000,20000,10000,0.2770000100135803,2.974900007247925,2.1970999240875244,10000,0.9215999999999155,0.8224,1,0.061399999999999996,0.0287,376832,15,15,0.7656,62264,0,0,45.65169906616211,11.615099906921387,1.6898000240325928,1.2588000297546387,0.2696000039577484,0.10490000247955322,0.0084,5.3225998878479,0.1046,8.0829,13.2784,4.9131,0.3444,1,2055408,173845,10000,37088,9999
88,26.19569969177246,0.000699999975040555,13.807000160217285,1.7855000495910645,2.742799997329712,3.1249001026153564,6.2281999588012695,0.4205999970436096,10000,10009,20000,10006,20000,20000,10000,0.22540000081062317,1.9922000169754028,1.7437000274658203,10000,0.9192999999999152,0.6882,1,0.06509999999999999,0.030699999999999998,376832,15,15,0.8419,7712,0,0,13.89840030670166,6.48799991607666,1.5932999849319458,1.2755000591278076,0.24089999496936798,0.1265999972820282,0,0,0,0,0,0,0,0,0,0,0,0,0
89,28.891000747680664,0.0007999999797903001,14.352999687194824,2.2678000926971436,2.9500999450683594,2.8217999935150146,7.436200141906738,0.5113999843597412,10000,10009,20000,10006,20000,20000,10000,0.2142000049352646,1.9182000160217285,1.7897000312805176,10000,1.1339999999998944,0.7921,1,0.0748,0.0312,376832,15,15,0.8833,7712,0,0,14.455400466918945,7.729800224304199,1.8763999938964844,1.4097000360488892,0.27790001034736633,0.1551000028848648,0,0,0,0,0,0,0,0,0,0,0,0,0
90,38.939300537109375,3.943700075149536,17.945499420166016,3.2418999671936035,4.451600074768066,3.0288000106811523,8.496700286865234,0.626800000667572,10000,10009,20000,10006,20000,20000,10000,0.32670000195503235,2.216200113296509,1.9991999864578247,10000,1.3180999999998786,0.9965,1,0.0857,0.0353,376832,15,15,0.9337,49416,0,0,21.987300872802734,8.843700408935547,2.2869999408721924,1.6576000452041626,0.33149999380111694,0.48840001225471497,0,0,0,0,0,0,0,0,0,0,0,0,0
91,35.376800537109375,0.0008999999845400453,14.78689956665039,3.3417000770568848,1.0146000385284424,1.7337000370025635,11.411299705505371,0.7193999886512756,10000,10009,20000,10006,20000,20000,10000,0.2980000078678131,2.764899969100952,2.550100088119507,10000,1.6478999999998478,1.0842,1,0.10099999999999999,0.0377,376832,15,15,1.197,7712,0,0,14.898099899291992,11.439299583435059,2.630000114440918,1.677899956703186,0.008899999782443047,0.164900004863739,0,0,0,0,0,0,0,0,0,0,0,0,0
92,41.097198486328125,0.0007999999797903001,21.049100875854492,6.484499931335449,1.4919999837875366,1.7962000370025635,11.041999816894531,0.7962999939918518,10000,10009,20000,10006,20000,20000,10000,0.3156000077724457,2.850399971008301,3.930299997329712,10000,1.6481999999998491,1.0564,1,0.10210000000000001,0.0495,376832,15,15,1.1442,7712,0,0,21.16160011291504,11.066499710083008,2.620699882507324,1.5721999406814575,0.008200000040233135,0.16290000081062317,0,0,0,0,0,0,0,0,0,0,0,0,0
93,49.339698791503906,15.76449966430664,21.018400192260742,3.7353999614715576,3.3620998859405518,4.226900100708008,7.1834001541137695,0.8083000183105469,10000,10009,20000,10006,20000,20000,10000,0.38370001316070557,3.174099922180176,2.856300115585327,10000,0.8389999999999251,0.6707,1,0.0605,0.032299999999999995,376832,15,15,0.7842,10280,0,0,36.92129898071289,7.210100173950195,1.4465999603271484,0.945900022983551,0.007400000002235174,0.13750000298023224,0.0107,0,0.1414,11.0265,11.4265,0.0002,0.4177,1,2113712,0,0,0,9990
94,25.165000915527344,0.0006000000284984708,12.7475004196167,1.7634999752044678,2.617500066757202,2.773400068283081,6.218200206756592,0.41690000891685486,10000,10009,20000,10006,20000,20000,10000,0.19629999995231628,1.7245999574661255,1.5436999797821045,10000,0.9351999999999139,0.7627,1,0.06470000000000001,0.037099999999999994,376832,15,15,0.8559,7712,0,0,12.839599609375,6.4008002281188965,1.680299997329712,1.2647000551223755,0.1665000021457672,0.13420000672340393,0,0,0,0,0,0,0,0,0,0,0,0,0
95,35.722801208496094,0.0007999999797903001,19.905899047851562,4.394700050354004,4.943299770355225,3.1084001064300537,8.154999732971191,0.5648999810218811,10000,10009,20000,10006,20000,20000,10000,0.23090000450611115,2.37280011177063,1.948099970817566,10000,1.261199999999884,0.8607,1,0.08149999999999999,0.0318,376832,15,15,0.8787,7712,0,0,20.000600814819336,8.39490032196045,2.09879994392395,1.579200029373169,0.22370000183582306,0.15760000050067902,0,0,0,0,0,0,0,0,0,0,0,0,0
96,82.67859649658203,61.12699890136719,12.04520034790039,1.6478999853134155,2.4261999130249023,2.756999969482422,4.691400051116943,0.3732999861240387,10000,10009,20000,10006,20000,20000,10000,0.20990000665187836,1.4113999605178833,1.5973000526428223,10000,0.6909999999999402,0.5785,1,0.051000000000000004,0.029,376832,15,15,0.6189,37232,0,0,73.27980041503906,4.8429999351501465,1.273900032043457,1.0306999683380127,0.1386999934911728,0.11349999904632568,0.0059,6.393799781799316,1.3771,11.1215,20.1873,6.5449,0.406,1,2205418,188205,10000,40720,9998
97,21.941999435424805,0.0007999999797903001,11.610400199890137,1.6369999647140503,2.5418999195098877,1.951200008392334,4.918799877166748,0.3944000005722046,10000,10009,20000,10006,20000,20000,10000,0.2151000052690506,1.7491999864578247,1.4943000078201294,10000,0.7619999999999328,0.5985,1,0.0553,0.0345,376832,15,15,0.8642,7712,0,0,11.687000274658203,5.105800151824951,1.34660005569458,1.0867999792099,0.1581999957561493,0.1200999990105629,0,0,0,0,0,0,0,0,0,0,0,0,0
98,24.54210090637207,0.000699999975040555,12.853500366210938,1.8223999738693237,2.664299964904785,2.852299928665161,5.7846999168396,0.4072999954223633,10000,10009,20000,10006,20000,20000,10000,0.1818999946117401,1.7065000534057617,1.4986000061035156,10000,0.821199999999926,0.8225,1,0.061099999999999995,0.0308,376832,15,15,0.7609,7712,0,0,12.93220043182373,5.995800018310547,1.7001999616622925,1.2436000108718872,0.19539999961853027,0.1289999932050705,0,0,0,0,0,0,0,0,0,0,0,0,0
99,55.696800231933594,23.08919906616211,15.900799751281738,2.5048999786376953,3.043100118637085,3.1249001026153564,8.502900123596191,0.5957000255584717,10000,10009,20000,10006,20000,20000,10000,0.26249998807907104,2.405900001525879,2.071199893951416,10000,1.2825999999998827,0.9326,1,0.083,0.0393,376832,15,15,0.9129,54344,0,0,39.07310104370117,8.761099815368652,2.1972999572753906,1.8617000579833984,0.23720000684261322,0.19110000133514404,0.0051,3.7304000854492188,0.087,7.6669,12.1244,4.205,0.3092,1,2262562,183306,10000,40007,10000
100,43.60820007324219,0.0007999999797903001,22.411500930786133,3.5927999019622803,4.899899959564209,3.539400100708008,11.00979995727539,0.7705000042915344,10000,10009,20000,10006,20000,20000,10000,0.3059000074863434,2.911099910736084,3.496000051498413,10000,1.763099999999835,1.0986,1,0.1033,0.0444,376832,15,15,1.0778,7712,0,0,22.55579948425293,11.38029956817627,2.7574000358581543,1.976699948310852,0.35370001196861267,0.17090000212192535,0,0,0,0,0,0,0,0,0,0,0,0,0
101,42.63610076904297,0.0007999999797903001,21.334800720214844,3.996000051498413,4.308300018310547,3.8635001182556152,11.124199867248535,0.8220000267028809,10000,10009,20000,10006,20000,20000,10000,0.28369998931884766,2.832900047302246,2.7664999961853027,10000,1.6351999999998499,1.2451,1,0.1019,0.040499999999999994,376832,15,15,1.1218,7712,0,0,21.465599060058594,11.468099594116211,2.9997000694274902,2.015700101852417,0.32820001244544983,0.1965000033378601,0,0,0,0,0,0,0,0,0,0,0,0,0
102,42.7588996887207,4.383800029754639,21.537200927734375,4.120100021362305,4.020999908447266,4.394100189208984,10.48330020904541,0.7842000126838684,10000,10009,20000,10006,20000,20000,10000,0.3190000057220459,2.9119999408721924,2.487299919128418,10000,1.0596999999999017,0.6698,1,0.06789999999999999,0.031200000000000002,376832,15,15,0.7907,56280,0,0,26.043399810791016,10.763999938964844,1.5657999515533447,1.211300015449524,0.2563999891281128,0.1264999955892563,0,0,0,0,0,0,0,0,0,0,0,0,0
103,23.352100372314453,0.0007999999797903001,10.014300346374512,1.8906999826431274,0.618399977684021,1.4752999544143677,6.678999900817871,0.43860000371932983,10000,10009,20000,10006,20000,20000,10000,0.21379999816417694,2.0295000076293945,1.5823999643325806,10000,1.027399999999904,0.8459,1,0.082,0.034,376832,15,15,1.0024,7712,0,0,10.105999946594238,6.700900077819824,1.9845999479293823,1.2194000482559204,0.007400000002235174,0.14090000092983246,0,0,0,0,0,0,0,0,0,0,0,0,0
104,30.797700881958008,0.0010999999940395355,12.44379997253418,2.762200117111206,0.8015999794006348,1.4732999801635742,9.423500061035156,0.6046000123023987,10000,10009,20000,10006,20000,20000,10000,0.2687000036239624,2.408600091934204,2.0481998920440674,10000,1.5638999999998573,1.0788,1,0.0993,0.0429,376832,15,15,1.0796,7712,0,0,12.545599937438965,9.448100090026855,2.640199899673462,1.5973999500274658,0.008299999870359898,0.17870000004768372,0,0,0,0,0,0,0,0,0,0,0,0,0
105,54.75790023803711,14.071999549865723,19.88330078125,3.8468000888824463,3.4340999126434326,3.1770999431610107,10.96969985961914,0.7736999988555908,10000,10009,20000,10006,20000,20000,10000,0.2897000014781952,3.112499952316284,2.842900037765503,10000,1.6404999999998482,1.3109,1,0.10759999999999999,0.0427,376832,15,15,1.262,10280,0,0,34.06399917602539,10.99839973449707,3.188499927520752,1.68149995803833,0.00860000029206276,0.164000004529953,0.0061,0,0.1338,10.6829,11.0874,0.0006,0.4175,1,2311294,0,0,0,9989
106,39.795799255371094,0.0007999999797903001,20.2549991607666,2.914799928665161,3.872999906539917,4.232600212097168,10.945799827575684,0.6980999708175659,10000,10009,20000,10006,20000,20000,10000,0.2718999981880188,2.684000015258789,2.8926000595092773,10000,1.6488999999998497,0.8852,1,0.0959,0.033100000000000004,376832,15,15,1.1356,7712,0,0,20.377399444580078,11.224800109863281,2.1428000926971436,1.389799952507019,0.259799987077713,0.13729999959468842,0,0,0,0,0,0,0,0,0,0,0,0,0
107,31.556499481201172,0.0007999999797903001,14.597700119018555,2.294300079345703,2.9927000999450684,2.764899969100952,8.615300178527832,0.5230000019073486,10000,10009,20000,10006,20000,20000,10000,0.1988999992609024,2.0855000019073486,1.8282999992370605,10000,1.3695999999998745,0.9425,1,0.0885,0.038,376832,15,15,0.959,7712,0,0,14.694499969482422,8.861800193786621,2.2946999073028564,1.7497999668121338,0.23270000517368317,0.1599999964237213,0,0,0,0,0,0,0,0,0,0,0,0,0
108,54.14680099487305,23.387300491333008,20.10300064086914,3.802000045776367,3.985100030899048,3.2298998832702637,5.601900100708008,0.7045000195503235,10000,10009,20000,10006,20000,20000,10000,0.39910000562667847,1.9692000150680542,3.0866000652313232,10000,0.7429999999999349,0.5866,1,0.053,0.026500000000000003,376832,15,15,0.7245,44328,0,0,43.59989929199219,5.7505998611450195,1.3118000030517578,1.0443999767303467,0.13600000739097595,0.10080000013113022,0.0062,0,0.1283,11.4341,18.7971,6.9056,0.4169,1,2400010,195621,10000,42927,9998
109,26.926700592041016,0.000699999975040555,14.644100189208984,1.8040000200271606,4.796999931335449,2.3189001083374023,5.690800189971924,0.4106999933719635,10000,10009,20000,10006,20000,20000,10000,0.1931000053882599,1.63510000705719,1.6674000024795532,10000,0.8855999999999188,0.902,1,0.0711,0.030899999999999997,376832,15,15,0.8637,7712,0,0,14.724200248718262,5.887499809265137,1.914199948310852,1.492900013923645,0.1842000037431717,0.13459999859333038,0,0,0,0,0,0,0,0,0,0,0,0,0
110,30.477100372314453,0.0008999999845400453,16.140499114990234,2.6596999168395996,3.7525999546051025,2.7946999073028564,7.358399868011475,0.5170999765396118,10000,10009,20000,10006,20000,20000,10000,0.23190000653266907,1.9931999444961548,1.9902000427246094,10000,1.1142999999999008,0.7848,1,0.0776,0.0369,376832,15,15,0.8636,7712,0,0,16.25629997253418,7.605999946594238,1.82669997215271,1.4038000106811523,0.23119999468326569,0.12600000202655792,0,0,0,0,0,0,0,0,0,0,0,0,0
111,60.333499908447266,23.536699295043945,18.869300842285156,3.1863999366760254,3.724100112915039,3.7392001152038574,10.698100090026855,0.6899999976158142,10000,10009,20000,10006,20000,20000,10000,0.27869999408721924,2.606300115585327,2.3752999305725098,10000,1.2168999999998895,0.8249,1,0.0945,0.0327,376832,15,15,1.0662,49416,0,0,42.505001068115234,11.006500244140625,1.7790000438690186,1.2680000066757202,0.28790000081062317,0.13680000603199005,0.0049,4.910799980163574,0.1015,8.8982,14.7562,5.5595,0.3348,1,2442850,189728,10000,41579,9999
112,31.549699783325195,0.000699999975040555,15.339099884033203,2.035799980163574,3.3689000606536865,3.0580999851226807,8.436100006103516,0.45320001244544983,10000,10009,20000,10006,20000,20000,10000,0.19380000233650208,1.8114999532699585,2.3343000411987305,10000,1.3675999999998831,0.815,1,0.09260000000000002,0.0429,376832,15,15,1.0234,7712,0,0,15.461799621582031,8.677599906921387,1.8246999979019165,1.3947999477386475,0.2231999933719635,0.21819999814033508,0,0,0,0,0,0,0,0,0,0,0,0,0
113,31.44540023803711,0.0012000000569969416,16.09239959716797,2.5272998809814453,3.252500057220459,2.9749999046325684,7.901299953460693,0.8328999876976013,10000,10009,20000,10006,20000,20000,10000,0.2831000089645386,2.074199914932251,1.996399998664856,10000,1.1944999999998902,0.8293,1,0.0795,0.0432,376832,15,15,0.9611,7712,0,0,16.18869972229004,8.171899795532227,1.9852999448776245,1.488700032234192,0.25529998540878296,0.14429999887943268,0,0,0,0,0,0,0,0,0,0,0,0,0
114,43.90879821777344,3.4714999198913574,17.882200241088867,3.0037999153137207,3.385499954223633,3.5792999267578125,11.890700340270996,0.6675999760627747,10000,10009,20000,10006,20000,20000,10000,0.2849999964237213,2.773200035095215,2.134399890899658,10000,1.641899999999848,1.3471,1,0.1172,0.0489,376832,15,15,1.1975,50408,0,0,21.456199645996094,12.25510025024414,3.2479000091552734,2.160599946975708,0.34150001406669617,0.1843000054359436,0,0,0,0,0,0,0,0,0,0,0,0,0
115,39.76810073852539,0.000699999975040555,19.712799072265625,4.7596001625061035,1.3720999956130981,1.9419000148773193,11.082300186157227,0.8774999976158142,10000,10009,20000,10006,20000,20000,10000,0.3100000023841858,2.910799980163574,4.215400218963623,10000,1.6431999999998486,1.0542,1,0.1034,0.0427,376832,15,15,1.1346,7712,0,0,19.8518009185791,11.111000061035156,2.602799892425537,1.5384999513626099,0.008899999782443047,0.1451999992132187,0,0,0,0,0,0,0,0,0,0,0,0,0
116,29.743600845336914,0.000699999975040555,12.833399772644043,2.9358999729156494,0.7669000029563904,1.5915000438690186,8.996100425720215,0.5975000262260437,10000,10009,20000,10006,20000,20000,10000,0.26759999990463257,2.335700035095215,2.149899959564209,10000,1.3989999999998728,0.9938,1,0.0877,0.0343,376832,15,15,0.9694,7712,0,0,12.9399995803833,9.023099899291992,2.3104000091552734,1.3731000423431396,0.008799999952316284,0.15929999947547913,0,0,0,0,0,0,0,0,0,0,0,0,0
117,50.06840133666992,15.224100112915039,18.097700119018555,3.4035000801086426,2.9158999919891357,3.0950000286102295,10.404500007629395,0.7588000297546387,10000,10009,20000,10006,20000,20000,10000,0.260699987411499,2.9925999641418457,2.415800094604492,10000,1.1322999999998975,0.7465,1,0.0639,0.0305,376832,15,15,0.8611,10280,0,0,33.43069839477539,10.435799598693848,1.6171000003814697,0.9595999717712402,0.010499999858438969,0.12070000171661377,0.0061,0,0.1308,12.1484,12.5081,0.0002,0.3482,1,2477142,0,0,0,9988
118,25.663799285888672,0.000699999975040555,13.170100212097168,1.801300048828125,2.497999906539917,3.0074000358581543,6.097899913787842,0.501800000667572,10000,10009,20000,10006,20000,20000,10000,0.20679999887943268,1.8531999588012695,1.542199969291687,10000,0.9585999999999112,0.7237,1,0.0671,0.0299,376832,15,15,0.8105,7712,0,0,13.26140022277832,6.278600215911865,1.688099980354309,1.4221999645233154,0.16339999437332153,0.14710000157356262,0,0,0,0,0,0,0,0,0,0,0,0,0
119,30.92639923095703,0.0008999999845400453,15.505800247192383,2.4716999530792236,3.1177000999450684,2.833899974822998,8.036499977111816,0.5304999947547913,10000,10009,20000,10006,20000,20000,10000,0.2702000141143799,2.2084999084472656,2.1328999996185303,10000,1.1866999999998906,0.8069,1,0.0779,0.0385,376832,15,15,0.9663,7712,0,0,15.618200302124023,8.238499641418457,1.9660999774932861,1.441100001335144,0.18400000035762787,0.15459999442100525,0,0,0,0,0,0,0,0,0,0,0,0,0
120,57.78779983520508,21.208200454711914,18.127399444580078,3.005199909210205,3.5078999996185303,3.3910000324249268,9.858099937438965,0.6822999715805054,10000,10009,20000,10006,20000,20000,10000,0.3862999975681305,2.650700092315674,2.380000114440918,10000,1.5679999999998586,0.9139,1,0.1193,0.045,376832,15,15,1.1023,35936,0,0,39.459999084472656,10.13659954071045,2.2397000789642334,1.367300033569336,0.26010000705718994,0.1379999965429306,0.0058,0,0.1522,10.5077,16.9169,6.0501,0.3755,1,2542402,199139,10000,43652,9998
121,28.524200439453125,0.0007999999797903001,14.185700416564941,2.160900115966797,2.732300043106079,2.9001998901367188,7.049099922180176,0.4902999997138977,10000,10009,20000,10006,20000,20000,10000,0.23330000042915344,1.9955999851226807,1.826799988746643,10000,1.122799999999896,0.8138,1,0.0753,0.0332,376832,15,15,0.8776,7712,0,0,14.274100303649902,7.286300182342529,1.9426000118255615,1.593400001525879,0.22169999778270721,0.164900004863739,0,0,0,0,0,0,0,0,0,0,0,0,0
122,37.742401123046875,0.000699999975040555,17.63960075378418,2.86899995803833,3.3071000576019287,3.5534000396728516,10.566699981689453,0.6413999795913696,10000,10009,20000,10006,20000,20000,10000,0.2529999911785126,2.669800043106079,2.2263998985290527,10000,1.6402999999998493,1.1124,1,0.1021,0.0378,376832,15,15,1.0756,7712,0,0,17.743799209594727,10.935700416564941,2.660599946975708,1.7996000051498413,0.3508000075817108,0.17299999296665192,0,0,0,0,0,0,0,0,0,0,0,0,0
123,62.172401428222656,35.604000091552734,16.790700912475586,3.375499963760376,3.4340999126434326,2.5332999229431152,4.786200046539307,0.46779999136924744,10000,10009,20000,10006,20000,20000,10000,0.20260000228881836,1.5742000341415405,2.9242000579833984,10000,0.6915999999999403,0.6422,1,0.0495,0.0242,376832,15,15,0.6193,43424,0,0,52.495201110839844,4.942999839782715,1.3502000570297241,1.1145000457763672,0.1446000039577484,0.11720000207424164,0.0065,7.277400016784668,0.1679,15.5874,23.6346,7.5703,0.4078,1,2570616,193004,10000,42252,9996
124,22.34830093383789,0.0007999999797903001,11.585599899291992,1.6617000102996826,2.602299928665161,2.07669997215271,5.24970006942749,0.36809998750686646,10000,10009,20000,10006,20000,20000,10000,0.1665000021457672,1.511299967765808,1.5155999660491943,10000,0.775399999999931,0.6414,1,0.0581,0.028499999999999998,376832,15,15,0.7456,7712,0,0,11.666899681091309,5.453000068664551,1.4315999746322632,1.2353999614715576,0.18930000066757202,0.12639999389648438,0,0,0,0,0,0,0,0,0,0,0,0,0
125,26.113300323486328,0.000699999975040555,12.993900299072266,1.989300012588501,2.6301000118255615,2.5090999603271484,6.452700138092041,0.48170000314712524,10000,10009,20000,10006,20000,20000,10000,0.1987999975681305,1.8042999505996704,1.6434999704360962,10000,1.0121999999999054,0.7912,1,0.0681,0.0313,376832,15,15,0.8006,7712,0,0,13.08549976348877,6.670400142669678,1.7900999784469604,1.4607000350952148,0.20309999585151672,0.15790000557899475,0,0,0,0,0,0,0,0,0,0,0,0,0
126,36.57749938964844,3.572000026702881,16.268400192260742,2.609600067138672,3.2102999687194824,3.4177000522613525,8.53499984741211,0.5879999995231628,10000,10009,20000,10006,20000,20000,10000,0.2671999931335449,2.3973000049591064,1.8849999904632568,10000,1.3076999999998802,0.9251,1,0.08560000000000001,0.0322,376832,15,15,1.0967,48696,0,0,19.949199676513672,8.81350040435791,2.203200101852417,1.5906000137329102,0.2597000002861023,0.15289999544620514,0,0,0,0,0,0,0,0,0,0,0,0,0
127,35.63420104980469,0.0010999999940395355,15.18179988861084,3.490299940109253,0.8450000286102295,1.9982000589370728,11.029000282287598,0.7821999788284302,10000,10009,20000,10006,20000,20000,10000,0.2822999954223633,2.9123001098632812,2.502500057220459,10000,1.656999999999847,1.1904,1,0.10129999999999999,0.0359,376832,15,15,1.3306,7712,0,0,15.293800354003906,11.05780029296875,2.790299892425537,1.579200029373169,0.009100000374019146,0.1762000024318695,0,0,0,0,0,0,0,0,0,0,0,0,0
128,36.13970184326172,0.0010000000474974513,15.607600212097168,3.71560001373291,0.9333000183105469,1.7254999876022339,11.008899688720703,0.7742000222206116,10000,10009,20000,10006,20000,20000,10000,0.2881999909877777,2.8620998859405518,2.8568999767303467,10000,1.675899999999845,1.2514,1,0.1039,0.0432,376832,15,15,1.3176,7712,0,0,15.712599754333496,11.035200119018555,2.821000099182129,1.6267000436782837,0.009100000374019146,0.1720999926328659,0,0,0,0,0,0,0,0,0,0,0,0,0
129,59.994300842285156,19.14229965209961,24.762100219726562,6.412199974060059,4.776100158691406,3.373300075531006,10.035499572753906,1.2207000255584717,10000,10009,20000,10006,20000,20000,10000,0.3538999855518341,2.839099884033203,2.788300037384033,10000,1.0507999999999038,0.8309,1,0.0662,0.0305,376832,15,15,0.6953,10280,0,0,44.01210021972656,10.057499885559082,1.7352999448776245,1.1196000576019287,0.007300000172108412,0.15389999747276306,0.006,0,0.1271,15.6385,16.0218,0.0004,0.4059,1,2582130,0,0,0,9977
130,27.048500061035156,0.0008999999845400453,13.06760025024414,1.8854999542236328,2.6415998935699463,2.3901000022888184,7.147500038146973,0.4390999972820282,10000,10009,20000,10006,20000,20000,10000,0.22910000383853912,1.816499948501587,1.6390000581741333,10000,1.0407999999999027,0.7294,1,0.0706,0.031,376832,15,15,1.0953,7712,0,0,13.173199653625488,7.331699848175049,1.7680000066757202,1.3241000175476074,0.16680000722408295,0.14480000734329224,0,0,0,0,0,0,0,0,0,0,0,0,0
131,33.45759963989258,0.0007999999797903001,16.369800567626953,2.6092000007629395,3.5534000396728516,3.001199960708618,9.64579963684082,0.5698999762535095,10000,10009,20000,10006,20000,20000,10000,0.25270000100135803,2.1668999195098877,2.1816999912261963,10000,1.2095999999998885,0.9075,1,0.0777,0.0325,376832,15,15,0.9016,7712,0,0,16.489500045776367,9.85990047454834,2.0810000896453857,1.4255000352859497,0.1965000033378601,0.16760000586509705,0,0,0,0,0,0,0,0,0,0,0,0,0
132,54.19649887084961,21.04170036315918,20.503000259399414,3.3264999389648438,4.003300189971924,3.5494000911712646,7.21750020980835,0.7024000287055969,10000,10009,20000,10006,20000,20000,10000,0.26910001039505005,2.4695000648498535,3.5039000511169434,10000,0.8355999999999244,0.6829,1,0.0591,0.027,376832,15,15,0.6906,33496,0,0,41.64400100708008,7.384099960327148,1.4536000490188599,1.0902999639511108,0.15060000121593475,0.11909999698400497,0.0401,0,0.1498,9.7826,16.3755,6.1603,0.4423,1,2643368,197606,10000,43658,9995
133,25.299699783325195,0.000699999975040555,12.419699668884277,1.8658000230789185,2.7362000942230225,2.189300060272217,6.7210001945495605,0.4203999936580658,10000,10009,20000,10006,20000,20000,10000,0.19529999792575836,1.6367000341415405,1.5878000259399414,10000,0.9392999999999141,0.7286,1,0.06359999999999999,0.0366,376832,15,15,0.9092,7712,0,0,12.51930046081543,6.936200141906738,1.617300033569336,1.2158000469207764,0.19789999723434448,0.1177000030875206,0,0,0,0,0,0,0,0,0,0,0,0,0
134,28.77739906311035,0.0010000000474974513,14.43809986114502,2.2985999584198,2.913100004196167,2.467900037765503,7.2758002281188965,0.5637000203132629,10000,10009,20000,10006,20000,20000,10000,0.21860000491142273,1.919700026512146,2.0713000297546387,10000,1.1044999999998981,0.7574,1,0.07289999999999999,0.0337,376832,15,15,1.0165,7712,0,0,14.530099868774414,7.508800029754639,1.8092999458312988,1.434999942779541,0.2175000011920929,0.13619999587535858,0,0,0,0,0,0,0,0,0,0,0,0,0
135,60.29990005493164,27.388900756835938,16.895200729370117,2.8117001056671143,3.537600040435791,3.097100019454956,8.630200386047363,0.612500011920929,10000,10009,20000,10006,20000,20000,10000,0.23330000042915344,2.240299940109253,2.3498001098632812,10000,1.2287999999998878,0.7842,1,0.0807,0.030699999999999998,376832,15,15,0.9462,52168,0,0,44.38949966430664,8.909799575805664,1.955199956893921,1.3741999864578247,0.26100000739097595,0.1421000063419342,0.0063,5.5096001625061035,0.0979,10.3698,17.7434,5.7091,0.5995,1,2650608,191441,10000,42277,9996
136,30.413999557495117,0.0012000000569969416,15.771200180053711,2.2316999435424805,3.106600046157837,2.984100103378296,7.618599891662598,0.5105000138282776,10000,10009,20000,10006,20000,20000,10000,0.23389999568462372,2.7832000255584717,1.965499997138977,10000,1.0576999999999024,0.8364,1,0.0731,0.0351,376832,15,15,0.9667,7712,0,0,15.866100311279297,7.856299877166748,1.8753999471664429,1.402400016784668,0.21699999272823334,0.15620000660419464,0,0,0,0,0,0,0,0,0,0,0,0,0
137,34.312400817871094,0.0010000000474974513,16.812999725341797,2.6756999492645264,3.3220999240875244,3.5297000408172607,8.926400184631348,0.5957000255584717,10000,10009,20000,10006,20000,20000,10000,0.26190000772476196,2.3203001022338867,2.0653998851776123,10000,1.3278999999998777,1.0746,1,0.09839999999999999,0.0373,376832,15,15,1.2024,7712,0,0,16.91659927368164,9.216699600219727,2.380000114440918,1.573699951171875,0.2700999975204468,0.18150000274181366,0,0,0,0,0,0,0,0,0,0,0,0,0
138,43.75559997558594,4.156300067901611,23.054100036621094,5.357600212097168,4.815700054168701,3.3529000282287598,9.075200080871582,0.7583000063896179,10000,10009,20000,10006,20000,20000,10000,0.3549000024795532,2.5680999755859375,2.569999933242798,10000,1.3247999999998785,0.8045,1,0.0827,0.0316,376832,15,15,0.9543,48656,0,0,27.32200050354004,9.343500137329102,1.8926000595092773,1.2878999710083008,0.24650000035762787,0.14419999718666077,0,0,0,0,0,0,0,0,0,0,0,0,0
139,24.17340087890625,0.000699999975040555,10.838500022888184,2.0167999267578125,0.6360999941825867,1.5540000200271606,7.0584001541137695,0.46939998865127563,10000,10009,20000,10006,20000,20000,10000,0.20990000665187836,2.212100028991699,1.8154000043869019,10000,1.0129999999999053,0.7451,1,0.069,0.031,376832,15,15,0.88,7712,0,0,10.944700241088867,7.082300186157227,1.7796000242233276,1.1416000127792358,0.007300000172108412,0.19130000472068787,0,0,0,0,0,0,0,0,0,0,0,0,0
140,31.764699935913086,0.0010000000474974513,14.919899940490723,4.354300022125244,1.1017999649047852,1.436900019645691,8.525199890136719,0.824999988079071,10000,10009,20000,10006,20000,20000,10000,0.26930001378059387,2.118499994277954,2.280400037765503,10000,1.4435999999998688,1.0239,1,0.1078,0.0414,376832,15,15,1.1105,7712,0,0,15.025099754333496,8.555100440979004,2.4756999015808105,1.2659000158309937,0.010599999688565731,0.14419999718666077,0,0,0,0,0,0,0,0,0,0,0,0,0
141,53.345298767089844,15.821599960327148,20.282499313354492,5.075500011444092,3.6638998985290527,2.954200029373169,10.070199966430664,1.0042999982833862,10000,10009,20000,10006,20000,20000,10000,0.2671000063419342,2.3977999687194824,2.2128000259399414,10000,1.3333999999998782,0.7285,1,0.087,0.0357,376832,15,15,0.995,10280,0,0,36.20180130004883,10.096799850463867,1.9321000576019287,1.2008999586105347,0.008200000040233135,0.11429999768733978,0.0065,0,0.0949,9.6124,9.912,0.0002,3.6573,1,2640040,0,0,0,9970
142,29.571500778198242,0.000699999975040555,16.061599731445312,2.162600040435791,3.6022000312805176,2.954900026321411,6.552000045776367,0.7516999840736389,10000,10009,20000,10006,20000,20000,10000,0.2612000107765198,1.7682000398635864,2.3282999992370605,10000,0.9983999999999066,0.7126,1,0.0684,0.032100000000000004,376832,15,15,0.9751,7712,0,0,16.18869972229004,6.724100112915039,1.6957999467849731,1.6712000370025635,0.15809999406337738,0.12950000166893005,0,0,0,0,0,0,0,0,0,0,0,0,0
143,31.84980010986328,0.0010999999940395355,16.193199157714844,2.438800096511841,3.4244000911712646,3.1377999782562256,8.202799797058105,0.5503000020980835,10000,10009,20000,10006,20000,20000,10000,0.24459999799728394,2.375999927520752,2.071000099182129,10000,1.20909999999989,0.874,1,0.0798,0.0329,376832,15,15,0.8845,7712,0,0,16.295700073242188,8.412599563598633,2.028899908065796,1.5468000173568726,0.19059999287128448,0.1542000025510788,0,0,0,0,0,0,0,0,0,0,0,0,0
144,53.985198974609375,21.6648006439209,18.731700897216797,3.186300039291382,3.6679000854492188,3.4286000728607178,7.956200122833252,0.6977999806404114,10000,10009,20000,10006,20000,20000,10000,0.24560000002384186,2.7302000522613525,2.521899938583374,10000,0.9009999999999173,0.6328,1,0.060899999999999996,0.0271,376832,15,15,0.7264,40456,0,0,40.49769973754883,8.124500274658203,1.442199945449829,1.1059999465942383,0.1518000066280365,0.12680000066757202,0.0072,0,0.1025,11.6613,17.8062,5.8439,0.3615,1,2672110,193252,9999,42801,9992
145,26.0221004486084,0.000699999975040555,13.092100143432617,1.832800030708313,2.725800037384033,2.6672000885009766,6.480500221252441,0.4343000054359436,10000,10009,20000,10006,20000,20000,10000,0.18950000405311584,1.784000039100647,1.5849000215530396,10000,0.9593999999999117,0.7319,1,0.0675,0.030199999999999998,376832,15,15,0.8905,7712,0,0,13.1850004196167,6.694300174713135,1.7386000156402588,1.2590999603271484,0.19699999690055847,0.15710000693798065,0,0,0,0,0,0,0,0,0,0,0,0,0
146,30.479900360107422,0.000699999975040555,15.529500007629395,2.414900064468384,3.0183000564575195,2.973400115966797,7.664700031280518,0.6230999827384949,10000,10009,20000,10006,20000,20000,10000,0.24480000138282776,2.1084001064300537,2.02620005607605,10000,1.1812999999998914,0.8081,1,0.07819999999999999,0.0331,376832,15,15,0.8645,7712,0,0,15.638500213623047,7.9045000076293945,1.9713000059127808,1.4766000509262085,0.2223999947309494,0.15230000019073486,0,0,0,0,0,0,0,0,0,0,0,0,0
147,64.87349700927734,32.6796989440918,20.304399490356445,3.8703999519348145,4.1743998527526855,3.4565000534057617,6.343800067901611,0.8863000273704529,10000,10009,20000,10006,20000,20000,10000,0.3082999885082245,2.131700038909912,2.921799898147583,10000,0.7572999999999329,0.7172,1,0.05550000000000001,0.0411,376832,15,15,0.8993,48240,0,0,53.09090042114258,6.550000190734863,1.4603999853134155,1.065000057220459,0.1784999966621399,0.13030000030994415,0.0071,7.129899978637695,0.1193,13.8983,21.2921,7.0002,0.4047,1,2664692,186638,10000,40975,9993
148,30.775400161743164,0.0007999999797903001,18.30820083618164,3.456899881362915,4.6427001953125,2.5313000679016113,6.208000183105469,0.6668000221252441,10000,10009,20000,10006,20000,20000,10000,0.2313999980688095,2.1005001068115234,2.2932000160217285,10000,0.9805999999999083,0.6897,1,0.06709999999999999,0.0328,376832,15,15,0.7823,7712,0,0,18.398399353027344,6.421299934387207,1.670199990272522,1.2777999639511108,0.19840000569820404,0.1387999951839447,0,0,0,0,0,0,0,0,0,0,0,0,0
149,34.763099670410156,0.000699999975040555,15.974599838256836,2.592600107192993,3.087599992752075,3.041100025177002,9.766900062561035,0.5752999782562256,10000,10009,20000,10006,20000,20000,10000,0.2874999940395355,2.3196001052856445,2.1268999576568604,10000,1.4691999999998644,1.1402,1,0.09599999999999999,0.0374,376832,15,15,1.0142,7712,0,0,16.076099395751953,10.065799713134766,2.611999988555908,1.809000015258789,0.2824999988079071,0.17110000550746918,0,0,0,0,0,0,0,0,0,0,0,0,0
150,44.65190124511719,4.041200160980225,20.558000564575195,4.025400161743164,3.8299999237060547,3.674999952316284,11.036600112915039,0.7878000140190125,10000,10009,20000,10006,20000,20000,10000,0.32420000433921814,2.866499900817871,2.646699905395508,10000,1.643299999999848,0.9194,1,0.1026,0.0413,376832,15,15,1.0832,46592,0,0,24.701799392700195,11.390199661254883,2.434799909591675,1.5192999839782715,0.3346000015735626,0.1526000052690506,0,0,0,0,0,0,0,0,0,0,0,0,0
151,28.661699295043945,0.0010000000474974513,11.719099998474121,2.4535000324249268,0.7265999913215637,1.524999976158142,8.661600112915039,0.5432000160217285,10000,10009,20000,10006,20000,20000,10000,0.259799987077713,2.148099899291992,2.0504000186920166,10000,1.4610999999998675,0.9342,1,0.092,0.0428,376832,15,15,1.2019,7712,0,0,11.814200401306152,8.684800148010254,2.328700065612793,1.4529000520706177,0.007899999618530273,0.16089999675750732,0,0,0,0,0,0,0,0,0,0,0,0,0
152,35.87300109863281,0.0007999999797903001,15.630800247192383,3.6412999629974365,0.8863000273704529,1.7481000423431396,11.187800407409668,0.8057000041007996,10000,10009,20000,10006,20000,20000,10000,0.2962999939918518,3.0018999576568604,2.7706000804901123,10000,1.6279999999998496,1.0526,1,0.1015,0.0414,376832,15,15,1.0754,7712,0,0,15.751899719238281,11.215499877929688,2.725600004196167,1.5829999446868896,0.008299999870359898,0.1671999990940094,0,0,0,0,0,0,0,0,0,0,0,0,0
153,50.36180114746094,16.962900161743164,19.964500427246094,3.8817999362945557,3.727299928665161,3.2353999614715576,8.040599822998047,0.777999997138977,10000,10009,20000,10006,20000,20000,10000,0.2939000129699707,2.8778998851776123,2.759200096130371,10000,0.8701999999999205,0.6397,1,0.058899999999999994,0.0273,376832,15,15,0.8857,10280,0,0,37.04930114746094,8.065099716186523,1.4270999431610107,0.9106000065803528,0.007300000172108412,0.12610000371932983,0.0081,0,0.125,13.7127,14.0848,0.0002,0.3983,1,2632412,0,0,0,9965
154,24.75979995727539,0.0007999999797903001,12.621500015258789,1.773900032043457,2.5924999713897705,2.68179988861084,5.951099872589111,0.4147999882698059,10000,10009,20000,10006,20000,20000,10000,0.20720000565052032,1.7745000123977661,1.493399977684021,10000,0.9317999999999136,0.8341,1,0.065,0.0286,376832,15,15,0.7856,7712,0,0,12.697199821472168,6.1118998527526855,1.7854000329971313,1.250599980354309,0.1451999992132187,0.1387999951839447,0,0,0,0,0,0,0,0,0,0,0,0,0
155,30.52720069885254,0.000699999975040555,15.076499938964844,2.4251999855041504,2.9272000789642334,2.8698999881744385,7.783999919891357,0.5284000039100647,10000,10009,20000,10006,20000,20000,10000,0.21889999508857727,2.2590999603271484,1.9311000108718872,10000,1.2032999999998888,0.8336,1,0.0791,0.0318,376832,15,15,0.9432,7712,0,0,15.168100357055664,7.979800224304199,2.17930006980896,1.5644999742507935,0.18000000715255737,0.15070000290870667,0,0,0,0,0,0,0,0,0,0,0,0,0
156,67.518798828125,35.414100646972656,20.368999481201172,3.8248000144958496,3.908400058746338,3.9509999752044678,6.326700210571289,0.7754999995231628,10000,10009,20000,10006,20000,20000,10000,0.32120001316070557,2.310699939727783,2.871000051498413,10000,0.8050999999999284,0.6827,1,0.0683,0.0296,376832,15,15,0.7729,45728,0,0,55.872398376464844,6.477099895477295,1.4187999963760376,1.0735000371932983,0.13570000231266022,0.1256999969482422,0.007,9.395899772644043,0.1187,14.2057,21.8138,7.2473,0.442,1,2649924,186600,10000,40907,9991
157,26.842199325561523,0.0006000000284984708,12.316100120544434,1.719099998474121,2.608799934387207,2.5318000316619873,6.851500034332275,0.41940000653266907,10000,10009,20000,10006,20000,20000,10000,0.19460000097751617,1.6601999998092651,1.5271999835968018,10000,1.1448999999998937,0.9185,1,0.0881,0.0345,376832,15,15,0.942,7712,0,0,12.416600227355957,7.075099945068359,2.104599952697754,1.5708999633789062,0.20880000293254852,0.16060000658035278,0,0,0,0,0,0,0,0,0,0,0,0,0
158,31.724599838256836,0.0006000000284984708,14.958399772644043,2.430500030517578,2.9172000885009766,2.7894999980926514,8.464799880981445,0.5371999740600586,10000,10009,20000,10006,20000,20000,10000,0.2628999948501587,2.184999942779541,1.9330999851226807,10000,1.3121999999998795,1.1679,1,0.08549999999999999,0.0335,376832,15,15,0.9229,7712,0,0,15.077300071716309,8.75100040435791,2.4686999320983887,1.6088999509811401,0.27149999141693115,0.15629999339580536,0,0,0,0,0,0,0,0,0,0,0,0,0
159,64.46420288085938,33.05030059814453,19.380300521850586,3.7988998889923096,3.785900115966797,3.6796000003814697,6.162399768829346,0.7810999751091003,10000,10009,20000,10006,20000,20000,10000,0.2797999978065491,2.159899950027466,2.5922999382019043,10000,0.8895999999999259,0.5861,1,0.0579,0.0356,376832,15,15,0.9281,52728,0,0,52.54399871826172,6.347400188446045,1.5434999465942383,1.0827000141143799,0.1704999953508377,0.13359999656677246,0.0076,8.483799934387207,0.1166,13.5823,20.4884,6.5651,0.3658,1,2613240,178770,10000,38775,9992
160,24.631900787353516,0.0010000000474974513,12.411700248718262,1.6656999588012695,2.43969988822937,2.121299982070923,6.091800212860107,0.3831000030040741,10000,10009,20000,10006,20000,20000,10000,0.20520000159740448,2.3750998973846436,1.5394999980926514,10000,1.0800999999999013,0.6897,1,0.0617,0.0303,376832,15,15,0.6625,7712,0,0,12.505599975585938,6.280799865722656,1.5509999990463257,1.2415000200271606,0.17260000109672546,0.14090000092983246,0,0,0,0,0,0,0,0,0,0,0,0,0
161,33.887699127197266,0.000699999975040555,15.960000038146973,2.3817999362945557,3.986999988555908,2.633699893951416,9.866100311279297,0.49480000138282776,10000,10009,20000,10006,20000,20000,10000,0.21070000529289246,1.9848999977111816,2.27810001373291,10000,1.450599999999868,0.7909,1,0.07850000000000001,0.0331,376832,15,15,0.888,7712,0,0,16.05579948425293,10.132599830627441,1.9545999765396118,1.5571000576019287,0.24709999561309814,0.1615999937057495,0,0,0,0,0,0,0,0,0,0,0,0,0
162,42.246700286865234,3.8403000831604004,18.855300903320312,3.2490999698638916,3.6198999881744385,3.7880001068115234,10.097999572753906,0.7103999853134155,10000,10009,20000,10006,20000,20000,10000,0.287200003862381,2.731800079345703,2.2486000061035156,10000,1.6019999999998582,1.0391,1,0.1025,0.049,376832,15,15,1.2451,53240,0,0,22.810800552368164,10.41189956665039,2.516200065612793,1.7095999717712402,0.2924000024795532,0.16979999840259552,0,0,0,0,0,0,0,0,0,0,0,0,0
163,36.93510055541992,0.0007999999797903001,16.424299240112305,3.5785999298095703,1.0714999437332153,1.7512999773025513,11.96310043334961,0.9133999943733215,10000,10009,20000,10006,20000,20000,10000,0.3043999969959259,3.56469988822937,2.775700092315674,10000,1.4325999999998698,1.1777,1,0.091,0.033299999999999996,376832,15,15,1.1088,7712,0,0,16.536699295043945,11.995800018310547,2.550600051879883,1.5370999574661255,0.009700000286102295,0.1988999992609024,0,0,0,0,0,0,0,0,0,0,0,0,0
164,37.9379997253418,0.0008999999845400453,17.888099670410156,4.503799915313721,1.3222999572753906,1.9911999702453613,11.408699989318848,0.7558000087738037,10000,10009,20000,10006,20000,20000,10000,0.3098999857902527,2.669100046157837,3.418600082397461,10000,1.7403999999998405,0.9079,1,0.12639999999999998,0.0428,376832,15,15,0.9957,7712,0,0,18.028799057006836,11.443699836730957,2.2362000942230225,1.277999997138977,0.011900000274181366,0.1492999941110611,0,0,0,0,0,0,0,0,0,0,0,0,0
165,44.63869857788086,12.258199691772461,18.556800842285156,4.445499897003174,3.2981998920440674,3.364000082015991,8.019200325012207,0.6032999753952026,10000,10009,20000,10006,20000,20000,10000,0.2468000054359436,2.437299966812134,1.9283000230789185,10000,1.0055999999999077,0.6605,1,0.0663,0.0432,376832,15,15,0.8356,10280,0,0,30.91710090637207,8.043000221252441,1.5479999780654907,1.0139000415802002,0.007300000172108412,0.1428000032901764,0.0059,0,0.1023,9.3104,9.5905,0.0002,0.3306,1,2559276,0,0,0,9949
166,26.1023006439209,0.0010000000474974513,13.18589973449707,2.1038999557495117,2.7014999389648438,2.505000114440918,6.109899997711182,0.4397999942302704,10000,10009,20000,10006,20000,20000,10000,0.2062000036239624,1.7684999704360962,1.642699956893921,10000,0.9530999999999125,0.8737,1,0.0644,0.0282,376832,15,15,0.8659,7712,0,0,13.279500007629395,6.274700164794922,2.053499937057495,1.45169997215271,0.15080000460147858,0.15360000729560852,0,0,0,0,0,0,0,0,0,0,0,0,0
167,37.86479949951172,0.0008999999845400453,18.07469940185547,2.283799886703491,2.901400089263916,3.4644999504089355,10.640000343322754,0.5062999725341797,10000,10009,20000,10006,20000,20000,10000,0.2272000014781952,4.807199954986572,1.9177000522613525,10000,1.3412999999998885,1.024,1,0.09840000000000002,0.0484,376832,15,15,1.1606,7712,0,0,18.18869972229004,10.9822998046875,2.396399974822998,1.9453999996185303,0.3142000138759613,0.18719999492168427,0,0,0,0,0,0,0,0,0,0,0,0,0
168,58.169498443603516,20.208499908447266,20.92530059814453,2.9976000785827637,4.074100017547607,4.247000217437744,9.877900123596191,0.5759999752044678,10000,10009,20000,10006,20000,20000,10000,0.2856000065803528,4.0030999183654785,2.214900016784668,10000,1.2143999999998891,0.7934,1,0.0786,0.0388,376832,15,15,0.9519,42512,0,0,41.27109909057617,10.091300010681152,1.8428000211715698,1.3106000423431396,0.18860000371932983,0.1362999975681305,0.0079,0,0.116,10.4494,15.6314,4.9047,0.3399,1,2555358,176424,10000,38542,9993
169,28.565200805664062,0.0008999999845400453,14.612799644470215,2.069000005722046,2.906599998474121,2.994999885559082,6.89300012588501,0.4794999957084656,10000,10009,20000,10006,20000,20000,10000,0.22789999842643738,1.9566999673843384,2.026700019836426,10000,1.0558999999999013,0.8486,1,0.0701,0.0311,376832,15,15,0.9453,7712,0,0,14.725099563598633,7.120500087738037,1.9013999700546265,1.4717999696731567,0.21209999918937683,0.14489999413490295,0,0,0,0,0,0,0,0,0,0,0,0,0
170,33.73460006713867,0.0007999999797903001,16.44179916381836,2.6893999576568604,3.175299882888794,3.202199935913086,8.953200340270996,0.5672000050544739,10000,10009,20000,10006,20000,20000,10000,0.25679999589920044,2.3991000652313232,2.098900079727173,10000,1.3363999999998795,0.9923,1,0.08560000000000001,0.0361,376832,15,15,1.0754,7712,0,0,16.543100357055664,9.23069953918457,2.3034000396728516,1.5830999612808228,0.2597000002861023,0.15870000422000885,0,0,0,0,0,0,0,0,0,0,0,0,0
171,59.50279998779297,31.621999740600586,17.252300262451172,3.0462000370025635,3.80679988861084,2.5211000442504883,5.311100006103516,0.7186999917030334,10000,10009,20000,10006,20000,20000,10000,0.2623000144958496,1.9190000295639038,2.6491000652313232,10000,0.719999999999937,0.6574,1,0.0527,0.028499999999999998,376832,15,15,0.7296,46952,0,0,49.04069900512695,5.477700233459473,1.419700026512146,1.0872999429702759,0.1525000035762787,0.1216999962925911,0.0085,8.542900085449219,0.1011,12.2527,18.8043,6.2407,0.3722,1,2500242,168405,10000,36595,9992
172,23.776500701904297,0.0007999999797903001,12.799599647521973,1.6744999885559082,2.562299966812134,3.0690999031066895,5.363999843597412,0.3813999891281128,10000,10009,20000,10006,20000,20000,10000,0.26350000500679016,1.6778000593185425,1.5302000045776367,10000,0.823499999999926,0.6845,1,0.0598,0.0283,376832,15,15,0.7444,7712,0,0,12.878600120544434,5.541800022125244,1.5187000036239624,1.180799961090088,0.16439999639987946,0.13519999384880066,0,0,0,0,0,0,0,0,0,0,0,0,0
173,27.170000076293945,0.0007999999797903001,13.516500473022461,2.2674999237060547,2.808199882507324,2.414099931716919,6.6844000816345215,0.48019999265670776,10000,10009,20000,10006,20000,20000,10000,0.21950000524520874,1.8483999967575073,1.7071000337600708,10000,1.1291999999999003,0.7966,1,0.0742,0.0364,376832,15,15,0.8729,7712,0,0,13.596500396728516,6.904399871826172,1.8575999736785889,1.382200002670288,0.20759999752044678,0.14079999923706055,0,0,0,0,0,0,0,0,0,0,0,0,0
174,39.868900299072266,3.4914000034332275,16.14940071105957,2.8310999870300293,3.1149001121520996,2.9611001014709473,10.384300231933594,0.6079999804496765,10000,10009,20000,10006,20000,20000,10000,0.24719999730587006,2.4537999629974365,1.965999960899353,10000,1.6012999999998536,1.1863,1,0.09930000000000001,0.0349,376832,15,15,1.2045,56144,0,0,19.728700637817383,10.698800086975098,2.7492001056671143,1.9572999477386475,0.2939000129699707,0.22110000252723694,0,0,0,0,0,0,0,0,0,0,0,0,0
175,37.176700592041016,0.0007999999797903001,17.085100173950195,3.875,0.9556999802589417,1.7591999769210815,10.97599983215332,0.7782999873161316,10000,10009,20000,10006,20000,20000,10000,0.3400999903678894,2.8894999027252197,3.538800001144409,10000,1.6302999999998493,1.0947,1,0.10139999999999999,0.0375,376832,15,15,1.0791,7712,0,0,17.20870018005371,11.003199577331543,2.759399890899658,1.5608999729156494,0.00860000029206276,0.17980000376701355,0,0,0,0,0,0,0,0,0,0,0,0,0
176,36.480499267578125,0.0010999999940395355,15.915599822998047,3.6654999256134033,0.9337999820709229,1.8291000127792358,11.055800437927246,0.7795000076293945,10000,10009,20000,10006,20000,20000,10000,0.28839999437332153,3.0227999687194824,2.910099983215332,10000,1.8404999999998262,1.0517,1,0.1021,0.0419,376832,15,15,1.1355,7712,0,0,16.03689956665039,11.082900047302246,2.5945000648498535,1.5780999660491943,0.008999999612569809,0.17139999568462372,0,0,0,0,0,0,0,0,0,0,0,0,0
177,51.14899826049805,15.55459976196289,19.57200050354004,3.6356000900268555,3.4574999809265137,3.3620998859405518,10.043600082397461,0.7835999727249146,10000,10009,20000,10006,20000,20000,10000,0.26600000262260437,2.871500015258789,2.8232998847961426,10000,1.042099999999904,0.7372,1,0.06470000000000001,0.029699999999999997,376832,15,15,0.7076,10280,0,0,35.239898681640625,10.067700386047363,1.735700011253357,1.069700002670288,0.007400000002235174,0.13830000162124634,0.0085,0,0.1084,12.2567,12.6019,0.0002,0.4245,1,2439262,0,0,0,9945
178,29.56730079650879,0.000699999975040555,15.369500160217285,1.9675999879837036,3.705899953842163,2.5754001140594482,7.041900157928467,0.5351999998092651,10000,10009,20000,10006,20000,20000,10000,0.2303999960422516,2.0541000366210938,2.2009999752044678,10000,1.1197999999998978,0.8194,1,0.0737,0.0292,376832,15,15,0.9929,7712,0,0,15.467300415039062,7.223700046539307,1.926200032234192,1.4155000448226929,0.16429999470710754,0.1509000062942505,0,0,0,0,0,0,0,0,0,0,0,0,0
179,39.049800872802734,0.000699999975040555,18.468000411987305,2.9342000484466553,3.3671000003814697,3.536099910736084,11.031499862670898,0.6708999872207642,10000,10009,20000,10006,20000,20000,10000,0.23839999735355377,3.273400068283081,2.2583999633789062,10000,1.6923999999998436,1.1423,1,0.1013,0.0406,376832,15,15,1.1888,7712,0,0,18.559600830078125,11.292099952697754,2.7304999828338623,1.7101999521255493,0.23649999499320984,0.15520000457763672,0,0,0,0,0,0,0,0,0,0,0,0,0
180,50.36370086669922,17.535600662231445,19.345800399780273,3.2139999866485596,3.3763999938964844,3.8229000568389893,7.7855000495910645,1.1131999492645264,10000,10009,20000,10006,20000,20000,10000,0.27320000529289246,2.725100040435791,2.30679988861084,10000,0.88669999999992,0.6847,1,0.060599999999999994,0.0308,376832,15,15,0.8093,55128,0,0,36.97800064086914,7.940299987792969,1.4982000589370728,1.1181000471115112,0.13760000467300415,0.12479999661445618,0.0071,0,0.0813,8.2016,13.6466,5.1904,0.3317,1,2408280,163971,10000,35803,9989
181,24.402000427246094,0.0010000000474974513,12.303799629211426,1.7376999855041504,2.4986000061035156,2.2923998832702637,5.9745001792907715,0.4016000032424927,10000,10009,20000,10006,20000,20000,10000,0.21789999306201935,1.878000020980835,1.5871000289916992,10000,0.9361999999999131,0.6984,1,0.0653,0.0282,376832,15,15,0.7759,7712,0,0,12.395299911499023,6.1753997802734375,1.6232000589370728,1.2960000038146973,0.18619999289512634,0.14270000159740448,0,0,0,0,0,0,0,0,0,0,0,0,0
182,38.55509948730469,0.0007999999797903001,17.386699676513672,2.6238999366760254,4.331200122833252,3.0745999813079834,12.143099784851074,0.5824999809265137,10000,10009,20000,10006,20000,20000,10000,0.2280000001192093,2.3024001121520996,2.1491000652313232,10000,1.531299999999862,0.9653,1,0.0938,0.0433,376832,15,15,1.0158,7712,0,0,17.480300903320312,12.471799850463867,2.4245998859405518,1.781000018119812,0.30869999527931213,0.1657000035047531,0,0,0,0,0,0,0,0,0,0,0,0,0
183,67.72429656982422,36.05139923095703,20.65839958190918,3.426500082015991,4.59689998626709,2.422800064086914,5.4608001708984375,0.6759999990463257,10000,10009,20000,10006,20000,20000,10000,0.227400004863739,1.8980000019073486,4.247000217437744,10000,0.747399999999934,0.7402,1,0.056499999999999995,0.0305,376832,15,15,0.731,48648,0,0,56.8224983215332,5.619500160217285,1.5587999820709229,1.190999984741211,0.1428000032901764,0.13279999792575836,0.0082,9.249500274658203,0.109,13.4414,20.7783,6.9241,0.5715,1,2347732,155920,10000,33929,9987
184,26.98189926147461,0.0005000000237487257,15.921299934387207,1.7898999452590942,3.6242001056671143,2.923099994659424,5.521200180053711,0.41040000319480896,10000,10009,20000,10006,20000,20000,10000,0.2393999993801117,2.7253000736236572,2.2074999809265137,10000,0.8361999999999244,0.6516,1,0.0585,0.029400000000000003,376832,15,15,0.7437,7712,0,0,16.02989959716797,5.701399803161621,1.4607000350952148,1.125599980354309,0.16509999334812164,0.1348000019788742,0,0,0,0,0,0,0,0,0,0,0,0,0
185,30.182199478149414,0.0008999999845400453,16.27440071105957,2.842099905014038,4.228499889373779,2.6147000789642334,6.891600131988525,0.5602999925613403,10000,10009,20000,10006,20000,20000,10000,0.22339999675750732,2.1296000480651855,1.8011000156402588,10000,1.0232999999999048,0.8459,1,0.06989999999999999,0.035500000000000004,376832,15,15,1.1058,7712,0,0,16.37700080871582,7.100500106811523,1.8686000108718872,1.4092999696731567,0.19189999997615814,0.15070000290870667,0,0,0,0,0,0,0,0,0,0,0,0,0
186,35.858699798583984,3.371000051498413,16.45210075378418,2.610300064086914,3.5069000720977783,3.0085999965667725,8.39169979095459,0.5971999764442444,10000,10009,20000,10006,20000,20000,10000,0.24050000309944153,2.5023999214172363,1.9703999757766724,10000,1.245399999999889,0.8712,1,0.07750000000000001,0.0312,376832,15,15,0.8672,48192,0,0,19.931900024414062,8.628600120544434,2.111799955368042,1.5582000017166138,0.21889999508857727,0.15459999442100525,0,0,0,0,0,0,0,0,0,0,0,0,0
187,30.295400619506836,0.0010999999940395355,13.922200202941895,3.005000114440918,0.9193000197410583,1.5192999839782715,8.8149995803833,0.6310999989509583,10000,10009,20000,10006,20000,20000,10000,0.2903999984264374,2.4839999675750732,2.6663999557495117,10000,1.3180999999998837,0.8595,1,0.0824,0.032,376832,15,15,0.9311,7712,0,0,14.034899711608887,8.843299865722656,2.1907999515533447,1.4290000200271606,0.008500000461935997,0.15559999644756317,0,0,0,0,0,0,0,0,0,0,0,0,0
188,35.704200744628906,0.0008999999845400453,14.849599838256836,3.4154000282287598,0.9717000126838684,1.7072999477386475,10.807000160217285,0.7605000138282776,10000,10009,20000,10006,20000,20000,10000,0.27950000762939453,2.760499954223633,2.484299898147583,10000,1.8513999999998296,0.9814,1,0.11159999999999999,0.0422,376832,15,15,1.4307,7712,0,0,14.967300415039062,10.84000015258789,2.501699924468994,1.8215999603271484,0.01080000028014183,0.17399999499320984,0,0,0,0,0,0,0,0,0,0,0,0,0
189,51.86399841308594,15.228599548339844,17.815000534057617,3.217900037765503,3.1819000244140625,3.0739998817443848,10.408900260925293,0.7039999961853027,10000,10009,20000,10006,20000,20000,10000,0.26589998602867126,2.6930999755859375,2.555000066757202,10000,1.5166999999998627,0.9045,1,0.0945,0.04,376832,15,15,1.0944,10280,0,0,33.168399810791016,10.43690013885498,2.306999921798706,1.4040000438690186,0.008299999870359898,0.17260000109672546,0.0092,0,0.1008,12.4062,12.7183,0.0002,0.3656,1,2282200,0,0,0,9927
190,42.393798828125,0.000699999975040555,19.728500366210938,3.239000082015991,3.834399938583374,3.3620998859405518,9.077099800109863,0.6812000274658203,10000,10009,20000,10006,20000,20000,10000,0.2840000092983246,2.9642999172210693,2.997999906539917,10000,1.3780999999998733,1.1448,1,0.0896,0.0377,376832,15,15,1.125,7712,0,0,19.838699340820312,9.298399925231934,2.4874000549316406,1.9785000085830688,0.2037999927997589,4.693600177764893,0,0,0,0,0,0,0,0,0,0,0,0,0
191,36.98630142211914,0.0010000000474974513,19.383100509643555,3.57669997215271,3.8375000953674316,3.1719000339508057,9.329899787902832,0.8561000227928162,10000,10009,20000,10006,20000,20000,10000,0.26989999413490295,2.4307000637054443,2.7286999225616455,10000,1.313399999999879,1.1679,1,0.08410000000000001,0.0394,376832,15,15,1.0458,7712,0,0,19.496700286865234,9.543600082397461,2.4233999252319336,1.5563000440597534,0.19779999554157257,0.16590000689029694,0,0,0,0,0,0,0,0,0,0,0,0,0
192,51.68939971923828,19.64889907836914,18.402599334716797,3.0360000133514404,3.7629001140594482,3.259700059890747,7.698699951171875,0.6783999800682068,10000,10009,20000,10006,20000,20000,10000,0.25839999318122864,2.7035999298095703,2.4511001110076904,10000,0.8873999999999186,0.6826,1,0.061200000000000004,0.0325,376832,15,15,0.9259,53360,0,0,38.15340042114258,7.865300178527832,1.4878000020980835,1.2057000398635864,0.148499995470047,0.1306000053882599,0.0079,0,0.0905,10.4999,15.999,5.223,0.336,1,2247816,151877,9996,33013,9987
193,29.648000717163086,0.0007999999797903001,15.864700317382812,2.15310001373291,3.425100088119507,2.480600118637085,7.3933000564575195,0.4408999979496002,10000,10009,20000,10006,20000,20000,10000,0.24250000715255737,3.333899974822998,1.8614000082015991,10000,0.9115999999999161,0.7162,1,0.06589999999999999,0.0337,376832,15,15,0.9389,7712,0,0,15.944199562072754,7.58620023727417,1.6588000059127808,1.3393000364303589,0.17059999704360962,0.14810000360012054,0,0,0,0,0,0,0,0,0,0,0,0,0
194,33.09560012817383,0.0008999999845400453,17.351900100708008,3.3106000423431396,3.502700090408325,2.8987998962402344,7.902100086212158,0.730400025844574,10000,10009,20000,10006,20000,20000,10000,0.2912999987602234,2.0566000938415527,2.038800001144409,10000,1.2200999999998865,0.8627,1,0.09039999999999998,0.039,376832,15,15,1.0083,7712,0,0,17.451900482177734,8.123800277709961,2.0399999618530273,1.5599000453948975,0.20250000059604645,0.1687999963760376,0,0,0,0,0,0,0,0,0,0,0,0,0
195,61.62540054321289,28.65180015563965,16.989999771118164,2.776599884033203,3.2263998985290527,3.1507999897003174,8.932999610900879,0.6086000204086304,10000,10009,20000,10006,20000,20000,10000,0.2231999933719635,2.5703001022338867,2.3401999473571777,10000,1.1226999999998977,0.8352,1,0.07,0.0288,376832,15,15,0.862,52952,0,0,45.76570129394531,9.174200057983398,1.8336000442504883,1.4778000116348267,0.22259999811649323,0.13850000500679016,0.0094,6.938700199127197,0.078,9.7841,17.72,7.6934,0.3439,1,2185578,144828,9996,31191,9978
196,27.037500381469727,0.0010000000474974513,13.69540023803711,1.972100019454956,2.761699914932251,2.8922998905181885,6.729800224304199,0.4449999928474426,10000,10009,20000,10006,20000,20000,10000,0.21379999816417694,1.8625999689102173,1.7594000101089478,10000,1.0277999999999037,0.754,1,0.06889999999999999,0.0317,376832,15,15,0.8356,7712,0,0,13.789999961853027,6.926599979400635,1.7862000465393066,1.3760000467300415,0.18070000410079956,0.14020000398159027,0,0,0,0,0,0,0,0,0,0,0,0,0
197,38.52880096435547,0.0008999999845400453,17.976999282836914,2.756500005722046,3.4530999660491943,3.974900007247925,10.746600151062012,0.6155999898910522,10000,10009,20000,10006,20000,20000,10000,0.24230000376701355,2.585599899291992,2.308300018310547,10000,1.661999999999849,1.2555,1,0.1028,0.0431,376832,15,15,1.0913,7712,0,0,18.075599670410156,11.048600196838379,2.8231000900268555,1.8681999444961548,0.28139999508857727,0.16529999673366547,0,0,0,0,0,0,0,0,0,0,0,0,0
198,43.32400131225586,3.424999952316284,20.678300857543945,3.739000082015991,3.993799924850464,3.7614998817443848,11.075300216674805,0.7860999703407288,10000,10009,20000,10006,20000,20000,10000,0.29829999804496765,2.920599937438965,2.7158000469207764,10000,1.6212999999998519,0.7965,1,0.09110000000000001,0.0404,376832,15,15,0.9487,47504,0,0,24.206600189208984,11.383000373840332,2.0085999965667725,1.337499976158142,0.2888999879360199,0.13510000705718994,0,0,0,0,0,0,0,0,0,0,0,0,0
199,24.935400009155273,0.0005000000237487257,10.476400375366211,2.188499927520752,0.5954999923706055,1.219499945640564,7.402699947357178,0.5120000243186951,10000,10009,20000,10006,20000,20000,10000,0.23669999837875366,2.027600049972534,1.7822999954223633,10000,1.174799999999894,0.8965,1,0.07780000000000001,0.0332,376832,15,15,0.9313,7712,0,0,10.560099601745605,7.425600051879883,2.073199987411499,1.3122999668121338,0.007499999832361937,0.14350000023841858,0,0,0,0,0,0,0,0,0,0,0,0,0
200,35.73939895629883,0.000699999975040555,13.70300006866455,3.0589001178741455,0.786300003528595,1.6361000537872314,12.934300422668457,0.6700000166893005,10000,10009,20000,10006,20000,20000,10000,0.28299999237060547,2.7165000438690186,2.34879994392395,10000,1.641399999999848,1.0795,1,0.10200000000000001,0.0365,376832,15,15,1.1823,7712,0,0,13.807100296020508,12.966099739074707,2.639699935913086,1.5787999629974365,0.00930000003427267,0.16699999570846558,0,0,0,0,0,0,0,0,0,0,0,0,0
201,50.8827018737793,15.486200332641602,20.189899444580078,3.803999900817871,3.4921000003814697,3.3828001022338867,8.845100402832031,0.8363000154495239,10000,10009,20000,10006,20000,20000,10000,0.33230000734329224,2.929800033569336,2.917799949645996,10000,0.9554999999999113,0.8508,1,0.065,0.0327,376832,15,15,0.9369,10280,0,0,35.79069900512695,8.869400024414062,2.0006000995635986,1.0843000411987305,0.007499999832361937,0.156700000166893,0.0096,0,0.1119,12.0329,12.402,0.0005,0.4026,1,2123804,0,0,0,9913
202,35.501800537109375,0.0007999999797903001,20.654600143432617,3.8099000453948975,5.39169979095459,2.950000047683716,7.5046000480651855,0.781499981880188,10000,10009,20000,10006,20000,20000,10000,0.24060000479221344,2.0611000061035156,2.4563000202178955,10000,1.221899999999894,0.7691,1,0.08439999999999999,0.036000000000000004,376832,15,15,0.9803,7712,0,0,20.75860023498535,7.718800067901611,1.8944000005722046,1.375599980354309,0.1972000002861023,0.1420000046491623,0,0,0,0,0,0,0,0,0,0,0,0,0
203,28.960500717163086,0.0008999999845400453,14.595800399780273,2.2839999198913574,2.766900062561035,2.777600049972534,7.069900035858154,0.5296000242233276,10000,10009,20000,10006,20000,20000,10000,0.24819999933242798,2.0536999702453613,1.9016000032424927,10000,1.2142999999998858,0.7979,1,0.0852,0.0365,376832,15,15,0.9892,7712,0,0,14.68340015411377,7.247700214385986,1.9110000133514404,1.4050999879837036,0.1624000072479248,0.14480000734329224,0,0,0,0,0,0,0,0,0,0,0,0,0
204,54.396400451660156,17.978900909423828,18.043100357055664,3.2636001110076904,3.3870999813079834,3.274399995803833,11.024399757385254,0.704800009727478,10000,10009,20000,10006,20000,20000,10000,0.30959999561309814,2.6545000076293945,2.296299934387207,10000,1.256899999999887,0.8708,1,0.0777,0.032,376832,15,15,0.8762,50528,0,0,36.11790084838867,11.263400077819824,1.8869999647140503,1.4535000324249268,0.22179999947547913,0.15379999577999115,0.0077,0,0.0839,9.882,14.8006,4.663,0.3342,1,2086284,141671,9997,30614,9984
205,29.787500381469727,0.0007999999797903001,15.19260025024414,2.37719988822937,2.751499891281128,2.65120005607605,6.918300151824951,0.6819000244140625,10000,10009,20000,10006,20000,20000,10000,0.22290000319480896,1.8622000217437744,2.1528000831604004,10000,1.090599999999898,0.8935,1,0.0895,0.0405,376832,15,15,1.1336,7712,0,0,15.28969955444336,7.129499912261963,2.1394999027252197,1.5570000410079956,0.1964000016450882,0.15809999406337738,0,0,0,0,0,0,0,0,0,0,0,0,0
206,34.86690139770508,0.0006000000284984708,18.19860076904297,2.740000009536743,3.5859999656677246,3.049099922180176,8.633099555969238,0.6262000203132629,10000,10009,20000,10006,20000,20000,10000,0.27000001072883606,2.2639000415802,3.0934998989105225,10000,1.2943999999998819,0.9058,1,0.084,0.0344,376832,15,15,1.012,7712,0,0,18.302900314331055,8.877699851989746,2.1989998817443848,1.6227999925613403,0.22630000114440918,0.15700000524520874,0,0,0,0,0,0,0,0,0,0,0,0,0
207,62.234500885009766,32.03459930419922,19.188400268554688,3.8747000694274902,3.930299997329712,3.371299982070923,5.849599838256836,0.6976000070571899,10000,10009,20000,10006,20000,20000,10000,0.29019999504089355,1.8756999969482422,2.813699960708618,10000,0.7333999999999364,0.6176,1,0.055099999999999996,0.0292,376832,15,15,0.8215,50560,0,0,51.31669998168945,6.008500099182129,1.3265000581741333,1.0424000024795532,0.14339999854564667,0.1200999990105629,0.0095,9.66349983215332,0.1112,11.9973,18.4355,6.094,0.4244,1,2032562,136142,9995,29168,9980
208,24.21380043029785,0.000699999975040555,12.787699699401855,1.6907000541687012,2.5355000495910645,2.8763999938964844,5.735899925231934,0.38839998841285706,10000,10009,20000,10006,20000,20000,10000,0.2184000015258789,1.531499981880188,1.6589000225067139,10000,0.8485999999999229,0.6595,1,0.0611,0.031,376832,15,15,0.7881,7712,0,0,12.873499870300293,5.9019999504089355,1.521399974822998,1.1684000492095947,0.1525000035762787,0.13330000638961792,0,0,0,0,0,0,0,0,0,0,0,0,0
209,28.82029914855957,0.0010000000474974513,14.46660041809082,2.2218000888824463,2.8457999229431152,3.107300043106079,7.21150016784668,0.5105999708175659,10000,10009,20000,10006,20000,20000,10000,0.25220000743865967,1.9220999479293823,1.774899959564209,10000,1.1673999999998903,0.786,1,0.07780000000000001,0.035699999999999996,376832,15,15,0.9245,7712,0,0,14.562399864196777,7.425000190734863,1.8789000511169434,1.381500005722046,0.20000000298023224,0.14499999582767487,0,0,0,0,0,0,0,0,0,0,0,0,0
210,40.36949920654297,3.02020001411438,17.9158992767334,3.1389000415802,3.195199966430664,3.8066999912261963,10.036100387573242,0.6481999754905701,10000,10009,20000,10006,20000,20000,10000,0.26499998569488525,2.57069993019104,2.1749000549316406,10000,1.6189999999998503,1.0509,1,0.10130000000000002,0.0377,376832,15,15,1.0915,63488,0,0,21.028400421142578,10.338000297546387,2.6043999195098877,1.8109999895095825,0.2840999960899353,0.1720999926328659,0,0,0,0,0,0,0,0,0,0,0,0,0
211,36.51689910888672,0.0010000000474974513,16.289199829101562,3.6696999073028564,1.0592000484466553,1.7691999673843384,11.106300354003906,0.7825999855995178,10000,10009,20000,10006,20000,20000,10000,0.3068000078201294,3.1802000999450684,2.9486000537872314,10000,1.6239999999998498,1.094,1,0.1023,0.048100000000000004,376832,15,15,1.2059,7712,0,0,16.394399642944336,11.13640022277832,2.6473000049591064,1.5877000093460083,0.009100000374019146,0.16840000450611115,0,0,0,0,0,0,0,0,0,0,0,0,0
212,37.20109939575195,0.0010000000474974513,15.792900085449219,3.625499963760376,0.8989999890327454,1.850000023841858,11.435099601745605,0.7656999826431274,10000,10009,20000,10006,20000,20000,10000,0.3163999915122986,2.9930999279022217,2.8956000804901123,10000,1.6803999999998451,1.4224,1,0.1023,0.041600000000000005,376832,15,15,1.2169,7712,0,0,15.895000457763672,11.46310043334961,3.151700019836426,1.7479000091552734,0.008899999782443047,0.19910000264644623,0,0,0,0,0,0,0,0,0,0,0,0,0
213,54.42100143432617,15.376700401306152,22.379899978637695,3.6359000205993652,3.5164999961853027,4.323400020599365,9.976900100708008,0.7856000065803528,10000,10009,20000,10006,20000,20000,10000,0.5293999910354614,4.348299980163574,2.920599937438965,10000,1.2045999999998902,0.7138,1,0.0877,0.0347,376832,15,15,0.8441,10280,0,0,37.9031982421875,10.008000373840332,1.7634999752044678,1.05840003490448,0.011300000362098217,0.12200000137090683,0.0113,0,0.1511,12.3909,12.8058,0.0025,0.4241,1,1981306,0,0,0,9891
214,26.033700942993164,0.000699999975040555,12.852100372314453,1.8382999897003174,2.4677000045776367,2.732300043106079,6.78879976272583,0.4268999993801117,10000,10009,20000,10006,20000,20000,10000,0.23409999907016754,1.8145999908447266,1.61899995803833,10000,0.9968999999999072,0.7555,1,0.0673,0.028200000000000003,376832,15,15,0.7851,7712,0,0,12.936100006103516,6.955699920654297,1.7632999420166016,1.3555999994277954,0.1525000035762787,0.1387999951839447,0,0,0,0,0,0,0,0,0,0,0,0,0
215,34.959598541259766,0.000699999975040555,16.541099548339844,2.6772000789642334,3.2960000038146973,3.2251999378204346,9.27079963684082,0.6177999973297119,10000,10009,20000,10006,20000,20000,10000,0.21570000052452087,2.335700035095215,2.1024999618530273,10000,1.4265999999998684,1.1973,1,0.09179999999999999,0.0385,376832,15,15,1.1095,7712,0,0,16.64900016784668,9.497099876403809,2.6154000759124756,1.7417999505996704,0.20589999854564667,0.37790000438690186,0,0,0,0,0,0,0,0,0,0,0,0,0
216,69.05729675292969,32.4025993347168,21.106199264526367,3.4976999759674072,3.9154000282287598,3.839400053024292,9.40880012512207,0.6007999777793884,10000,10009,20000,10006,20000,20000,10000,0.27810001373291016,3.8459999561309814,2.814199924468994,10000,0.8583999999999229,0.756,1,0.0679,0.0325,376832,15,15,0.8757,53320,0,0,53.60710144042969,9.59589958190918,1.6513999700546265,1.0968999862670898,0.1696999967098236,0.12380000203847885,0.0096,9.99940013885498,0.109,12.4182,18.5505,5.805,0.4188,1,1949156,135450,9994,29036,9982
217,23.11400032043457,0.000699999975040555,12.68649959564209,1.662500023841858,2.9033000469207764,2.7692999839782715,5.186200141906738,0.39730000495910645,10000,10009,20000,10006,20000,20000,10000,0.21770000457763672,1.5606000423431396,1.5198999643325806,10000,0.7896999999999298,0.5781,1,0.058800000000000005,0.0262,376832,15,15,0.7114,7712,0,0,12.77280044555664,5.351799964904785,1.3442000150680542,1.0928000211715698,0.15199999511241913,0.133200004696846,0,0,0,0,0,0,0,0,0,0,0,0,0
218,26.652000427246094,0.0008999999845400453,13.333200454711914,2.033400058746338,2.633500099182129,2.7411000728607178,6.802800178527832,0.46380001306533813,10000,10009,20000,10006,20000,20000,10000,0.21879999339580536,1.7705999612808228,1.7173000574111938,10000,0.9967999999999065,0.7746,1,0.07650000000000001,0.0351,376832,15,15,0.8938,7712,0,0,13.420100212097168,6.992599964141846,1.794600009918213,1.2753000259399414,0.17170000076293945,0.14249999821186066,0,0,0,0,0,0,0,0,0,0,0,0,0
219,59.07699966430664,23.29290008544922,16.672700881958008,2.810699939727783,3.278700113296509,3.0964999198913574,10.01669979095459,0.6123999953269958,10000,10009,20000,10006,20000,20000,10000,0.29899999499320984,2.429500102996826,2.154400110244751,10000,1.4670999999998653,1.1204,1,0.09560000000000002,0.038599999999999995,376832,15,15,1.1125,63104,0,0,40.064701080322266,10.317500114440918,2.61899995803833,1.756700038909912,0.2824000120162964,0.1657000035047531,0.0069,6.956900119781494,0.0779,8.4506,13.0901,4.3708,0.3469,1,1904688,129886,9993,27608,9973
220,42.707698822021484,0.0010000000474974513,22.29050064086914,3.7674999237060547,3.9677000045776367,3.8317999839782715,11.025899887084961,0.7699999809265137,10000,10009,20000,10006,20000,20000,10000,0.29120001196861267,4.219600200653076,2.9691998958587646,10000,1.616899999999851,1.0309,1,0.10090000000000002,0.0366,376832,15,15,1.0578,7712,0,0,22.395000457763672,11.324299812316895,2.5759999752044678,1.8415000438690186,0.27790001034736633,0.18199999630451202,0,0,0,0,0,0,0,0,0,0,0,0,0
221,41.96900177001953,0.0010000000474974513,21.855899810791016,3.6930999755859375,3.9219000339508057,4.945199966430664,11.212400436401367,0.7872999906539917,10000,10009,20000,10006,20000,20000,10000,0.3824000060558319,2.9484000205993652,2.7307000160217285,10000,1.6567999999998488,0.8339,1,0.1024,0.036199999999999996,376832,15,15,1.218,7712,0,0,21.95560073852539,11.500300407409668,2.288300037384033,1.4764000177383423,0.26579999923706055,0.14429999887943268,0,0,0,0,0,0,0,0,0,0,0,0,0
222,38.91279983520508,2.9537999629974365,18.25469970703125,2.4693000316619873,3.030600070953369,3.3619000911712646,9.521699905395508,0.557200014591217,10000,10009,20000,10006,20000,20000,10000,0.25859999656677246,3.367500066757202,2.8427000045776367,10000,1.4949999999998622,0.8318,1,0.09129999999999999,0.0362,376832,15,15,1.0772,58456,0,0,21.29450035095215,9.810199737548828,2.049799919128418,1.434999942779541,0.2676999866962433,0.13940000534057617,0,0,0,0,0,0,0,0,0,0,0,0,0
223,25.082799911499023,0.0010000000474974513,10.472200393676758,2.100800037384033,0.5931000113487244,1.2984000444412231,7.466100215911865,0.48410001397132874,10000,10009,20000,10006,20000,20000,10000,0.21799999475479126,1.99590003490448,1.8545000553131104,10000,1.2220999999998907,0.9251,1,0.0789,0.0346,376832,15,15,0.9656,7712,0,0,10.574299812316895,7.490900039672852,2.0745999813079834,1.270799994468689,0.008700000122189522,0.16099999845027924,0,0,0,0,0,0,0,0,0,0,0,0,0
224,35.8385009765625,0.0012000000569969416,15.799099922180176,4.868299961090088,0.8726999759674072,1.5866999626159668,11.007599830627441,0.7166000008583069,10000,10009,20000,10006,20000,20000,10000,0.25859999656677246,2.648099899291992,2.3601999282836914,10000,1.6422999999998489,1.0715,1,0.10260000000000001,0.0485,376832,15,15,1.0981,7712,0,0,15.893099784851074,11.036600112915039,2.74780011177063,1.5299999713897705,0.009100000374019146,0.1615999937057495,0,0,0,0,0,0,0,0,0,0,0,0,0
225,51.42679977416992,12.99470043182373,19.8572998046875,3.6570000648498535,3.5341999530792236,3.2044999599456787,10.912599563598633,0.7680000066757202,10000,10009,20000,10006,20000,20000,10000,0.47620001435279846,3.0399999618530273,2.821000099182129,10000,1.6102999999998524,0.8137,1,0.09109999999999999,0.036500000000000005,376832,15,15,0.9413,10280,0,0,32.9474983215332,10.93850040435791,2.0102999210357666,1.166200041770935,0.008899999782443047,0.14380000531673431,0.0094,0,0.1108,10.0935,10.449,0.0003,0.3703,1,1855224,0,0,0,9868
226,30.392499923706055,0.000699999975040555,14.361100196838379,2.269700050354004,2.9268999099731445,2.66129994392395,8.414899826049805,0.5268999934196472,10000,10009,20000,10006,20000,20000,10000,0.2434999942779541,2.0088999271392822,1.8791999816894531,10000,1.2490999999998849,0.8487,1,0.0826,0.0352,376832,15,15,0.9256,7712,0,0,14.476200103759766,8.615599632263184,2.0827999114990234,1.52839994430542,0.1858000010251999,0.15569999814033508,0,0,0,0,0,0,0,0,0,0,0,0,0
227,40.32550048828125,0.0010000000474974513,19.196699142456055,3.2495999336242676,3.9435999393463135,3.4191999435424805,11.505200386047363,0.714900016784668,10000,10009,20000,10006,20000,20000,10000,0.27869999408721924,2.765899896621704,2.5320000648498535,10000,1.6602999999998476,1.2474,1,0.11130000000000001,0.0409,376832,15,15,1.1822,7712,0,0,19.319900512695312,11.771200180053711,2.9500999450683594,1.5277999639511108,0.24650000035762787,0.148499995470047,0,0,0,0,0,0,0,0,0,0,0,0,0
228,46.624000549316406,14.91919994354248,17.770200729370117,2.7286999225616455,3.210400104522705,3.797100067138672,8.027099609375,0.5920000076293945,10000,10009,20000,10006,20000,20000,10000,0.2791999876499176,2.8854000568389893,2.1884000301361084,10000,0.9248999999999145,0.8155,1,0.0663,0.0288,376832,15,15,0.6637,50896,0,0,32.79349899291992,8.19320011138916,1.648800015449524,1.2005000114440918,0.14830000698566437,0.1354999989271164,0.0077,0,0.0769,7.3737,11.5341,3.9145,0.3164,1,1838438,130188,9993,27450,9972
229,27.14780044555664,0.0008999999845400453,13.149800300598145,1.8456000089645386,2.6730000972747803,2.124000072479248,7.296500205993652,0.42170000076293945,10000,10009,20000,10006,20000,20000,10000,0.23909999430179596,1.6653000116348267,2.322999954223633,10000,1.0049999999999075,0.7856,1,0.0675,0.0314,376832,15,15,0.9253,7712,0,0,13.242600440979004,7.481800079345703,1.7762000560760498,1.4299999475479126,0.17159999907016754,0.14659999310970306,0,0,0,0,0,0,0,0,0,0,0,0,0
230,33.01319885253906,0.0010999999940395355,15.329099655151367,2.5211000442504883,2.9107000827789307,2.9579999446868896,8.748700141906738,0.5724999904632568,10000,10009,20000,10006,20000,20000,10000,0.26660001277923584,2.146199941635132,2.0394999980926514,10000,1.3674999999998754,0.9694,1,0.0891,0.0349,376832,15,15,1.1526,7712,0,0,15.431400299072266,9.006600379943848,2.2813000679016113,2.152899980545044,0.24410000443458557,0.16359999775886536,0,0,0,0,0,0,0,0,0,0,0,0,0
231,63.125701904296875,28.34149932861328,21.358299255371094,3.759999990463257,3.9066998958587646,4.4857001304626465,7.4517998695373535,0.8112000226974487,10000,10009,20000,10006,20000,20000,10000,0.3093000054359436,2.6226999759674072,2.957900047302246,10000,0.8535999999999226,0.6406,1,0.060599999999999994,0.0342,376832,15,15,0.8361,60168,0,0,49.804901123046875,7.638700008392334,1.4204000234603882,1.4110000133514404,0.16930000483989716,0.12300000339746475,0.0089,9.093600273132324,0.1075,9.4267,15.446,5.6882,0.409,1,1800648,125747,9993,26467,9966
232,24.667200088500977,0.0008999999845400453,12.401800155639648,1.8169000148773193,2.5717999935150146,2.2897000312805176,5.82859992980957,0.41510000824928284,10000,10009,20000,10006,20000,20000,10000,0.20110000669956207,1.7617000341415405,1.5995999574661255,10000,0.9123999999999158,0.6835,1,0.0658,0.0318,376832,15,15,0.8285,7712,0,0,12.493499755859375,6.004000186920166,1.6092000007629395,1.6412999629974365,0.15960000455379486,0.1347000002861023,0,0,0,0,0,0,0,0,0,0,0,0,0
233,33.30039978027344,0.0008999999845400453,16.047399520874023,2.517899990081787,3.505000114440918,2.8417000770568848,8.938400268554688,0.6516000032424927,10000,10009,20000,10006,20000,20000,10000,0.24230000376701355,2.2054998874664307,2.0645999908447266,10000,1.2317999999998872,0.8734,1,0.0815,0.035500000000000004,376832,15,15,1.0813,7712,0,0,16.136999130249023,9.180000305175781,2.1714000701904297,1.9680999517440796,0.22059999406337738,0.16380000114440918,0,0,0,0,0,0,0,0,0,0,0,0,0
234,42.60319900512695,3.406899929046631,19.924999237060547,3.1078999042510986,3.7070000171661377,4.5233001708984375,9.780200004577637,0.6970000267028809,10000,10009,20000,10006,20000,20000,10000,0.301800012588501,2.9744999408721924,2.3721001148223877,10000,1.52019999999986,0.9854,1,0.0979,0.0427,376832,15,15,1.2865,63088,0,0,23.438499450683594,10.070699691772461,2.3612000942230225,2.0510001182556152,0.2702000141143799,0.16429999470710754,0,0,0,0,0,0,0,0,0,0,0,0,0
235,34.935699462890625,0.0008999999845400453,14.51159954071045,3.2781999111175537,0.9319999814033508,1.5765999555587769,10.70740032196045,0.7001000046730042,10000,10009,20000,10006,20000,20000,10000,0.2727999985218048,2.6045000553131104,2.738100051879883,10000,1.649699999999848,1.09,1,0.10369999999999999,0.04,376832,15,15,1.2575,7712,0,0,14.622099876403809,10.734299659729004,2.66129994392395,2.0694000720977783,0.009200000204145908,0.17219999432563782,0,0,0,0,0,0,0,0,0,0,0,0,0
236,37.44169998168945,0.0010000000474974513,16.031999588012695,3.8894999027252197,0.9232000112533569,1.7353999614715576,11.651300430297852,0.792900025844574,10000,10009,20000,10006,20000,20000,10000,0.29910001158714294,2.8721001148223877,3,10000,1.6399999999998485,1.1334,1,0.1018,0.0409,376832,15,15,1.1445,7712,0,0,16.143800735473633,11.678799629211426,2.7021000385284424,2.2005999088287354,0.008100000210106373,0.1873999983072281,0,0,0,0,0,0,0,0,0,0,0,0,0
237,52.81570053100586,14.122200012207031,20.991100311279297,3.835900068283081,3.65910005569458,3.490999937057495,11.027199745178223,0.7911999821662903,10000,10009,20000,10006,20000,20000,10000,0.30889999866485596,2.9082000255584717,3.2971999645233154,10000,1.1544999999998944,0.6618,1,0.0749,0.0357,376832,15,15,0.9346,10280,0,0,35.22779846191406,11.060799598693848,1.6198999881744385,1.3486000299453735,0.010900000110268593,0.1468999981880188,0.0092,0,0.1111,10.5813,11.0005,0.0003,0.8633,1,1769188,0,0,0,9831
238,32.65439987182617,0.000699999975040555,18.159099578857422,3.3071999549865723,4.176700115203857,2.7720999717712402,7.1992998123168945,0.6402000188827515,10000,10009,20000,10006,20000,20000,10000,0.25769999623298645,2.342400074005127,2.185800075531006,10000,1.066799999999901,0.7747,1,0.0708,0.0358,376832,15,15,1.0123,7712,0,0,18.268299102783203,7.42140007019043,1.812600016593933,1.7245999574661255,0.20000000298023224,0.14740000665187836,0,0,0,0,0,0,0,0,0,0,0,0,0
239,32.68870162963867,0.000699999975040555,16.058500289916992,2.471299886703491,3.4932000637054443,2.8743999004364014,8.330300331115723,0.5354999899864197,10000,10009,20000,10006,20000,20000,10000,0.2345999926328659,2.1166000366210938,2.1598000526428223,10000,1.2900999999998817,0.8843,1,0.0857,0.0354,376832,15,15,1.057,7712,0,0,16.158000946044922,8.53439998626709,2.1480000019073486,1.957900047302246,0.18569999933242798,0.15919999778270721,0,0,0,0,0,0,0,0,0,0,0,0,0
240,54.29949951171875,17.749000549316406,20.41360092163086,3.651400089263916,3.9403998851776123,3.686000108718872,9.237000465393066,0.786300003528595,10000,10009,20000,10006,20000,20000,10000,0.29919999837875366,2.9700000286102295,2.7925000190734863,10000,0.9809999999999095,0.6927,1,0.06920000000000001,0.0331,376832,15,15,0.9149,49920,0,0,38.27009963989258,9.421600341796875,1.6216000318527222,1.7901999950408936,0.16329999268054962,0.16410000622272491,0.0083,0,0.1109,9.0418,14.2072,4.8569,0.3581,1,1756100,127839,9995,26872,9964
241,29.2593994140625,0.0012000000569969416,15.149100303649902,2.0413999557495117,3.4626998901367188,3.1417999267578125,6.839399814605713,0.43700000643730164,10000,10009,20000,10006,20000,20000,10000,0.20509999990463257,2.1041998863220215,1.8066999912261963,10000,1.0886999999999005,0.6859,1,0.08960000000000001,0.0411,376832,15,15,1.1368,7712,0,0,15.25570011138916,7.039700031280518,1.6927000284194946,1.6734999418258667,0.18140000104904175,0.15569999814033508,0,0,0,0,0,0,0,0,0,0,0,0,0
242,34.13240051269531,0.0008999999845400453,16.433300018310547,2.4693000316619873,3.2284998893737793,3.579400062561035,9.079899787902832,0.5478000044822693,10000,10009,20000,10006,20000,20000,10000,0.29589998722076416,2.239799976348877,2.0813000202178955,10000,1.316299999999887,0.9195,1,0.08120000000000001,0.036199999999999996,376832,15,15,1.0183,7712,0,0,16.534700393676758,9.312999725341797,2.1637001037597656,1.8876999616622925,0.2126999944448471,0.30390000343322754,0,0,0,0,0,0,0,0,0,0,0,0,0
243,60.457000732421875,26.329200744628906,20.211000442504883,3.899199962615967,3.7444000244140625,3.8540000915527344,7.9278998374938965,0.7746000289916992,10000,10009,20000,10006,20000,20000,10000,0.3165000081062317,2.5959999561309814,2.6077001094818115,10000,0.8614999999999228,0.7203,1,0.058300000000000005,0.0275,376832,15,15,0.7429,59784,0,0,46.63909912109375,8.12660026550293,1.4848999977111816,1.4156999588012695,0.17949999868869781,0.11389999836683273,0.0082,8.132200241088867,0.1164,9.2753,14.5184,4.8907,0.3695,1,1724248,123259,9996,25881,9961
244,27.209299087524414,0.0007999999797903001,14.57759952545166,1.7676000595092773,2.5678999423980713,3.2506000995635986,5.827899932861328,0.4397999942302704,10000,10009,20000,10006,20000,20000,10000,0.22619999945163727,2.7815001010894775,1.6222000122070312,10000,0.9128999999999164,0.8806,1,0.0637,0.0305,376832,15,15,0.991,7712,0,0,14.671500205993652,5.994999885559082,1.8105000257492065,1.625499963760376,0.15199999511241913,0.1290999948978424,0,0,0,0,0,0,0,0,0,0,0,0,0
245,31.509000778198242,0.0007999999797903001,16.16550064086914,3.3619000911712646,3.1435999870300293,2.889400005340576,7.6107001304626465,0.5489000082015991,10000,10009,20000,10006,20000,20000,10000,0.22300000488758087,2.0966999530792236,1.916200041770935,10000,1.1806999999998915,0.8329,1,0.07780000000000001,0.0341,376832,15,15,0.9383,7712,0,0,16.263999938964844,7.824399948120117,1.989400029182434,1.8507000207901,0.19660000503063202,0.14820000529289246,0,0,0,0,0,0,0,0,0,0,0,0,0
246,44.042598724365234,3.1786000728607178,18.83099937438965,3.1946001052856445,3.4130001068115234,3.9962000846862793,11.502799987792969,0.7928000092506409,10000,10009,20000,10006,20000,20000,10000,0.31439998745918274,2.804800033569336,2.2090001106262207,10000,1.7514999999998424,1.0824,1,0.1047,0.045,376832,15,15,1.2137,65120,0,0,22.109600067138672,11.767900466918945,2.667799949645996,2.440000057220459,0.24699999392032623,0.1785999983549118,0,0,0,0,0,0,0,0,0,0,0,0,0
247,37.127899169921875,0.0010000000474974513,16.28529930114746,3.6317999362945557,0.942799985408783,2.205199956893921,11.147100448608398,0.7820000052452087,10000,10009,20000,10006,20000,20000,10000,0.31040000915527344,2.902100086212158,2.985300064086914,10000,1.6557999999998478,1.0793,1,0.1051,0.0468,376832,15,15,1.201,7712,0,0,16.405899047851562,11.172800064086914,2.683500051498413,2.0650999546051025,0.008799999952316284,0.16830000281333923,0,0,0,0,0,0,0,0,0,0,0,0,0
248,37.053199768066406,0.0007999999797903001,16.1560001373291,3.805299997329712,0.9783999919891357,1.8243000507354736,11.151200294494629,0.83160001039505,10000,10009,20000,10006,20000,20000,10000,0.2818000018596649,2.9500999450683594,2.952399969100952,10000,1.671099999999847,1.1749,1,0.10439999999999999,0.0383,376832,15,15,1.1658,7712,0,0,16.27750015258789,11.180399894714355,2.7811999320983887,2.0409998893737793,0.009600000455975533,0.17710000276565552,0,0,0,0,0,0,0,0,0,0,0,0,0
249,50.70159912109375,12.883199691772461,21.636600494384766,3.7960000038146973,3.935800075531006,3.648900032043457,9.436200141906738,0.7979000210762024,10000,10009,20000,10006,20000,20000,10000,0.3086000084877014,3.187999963760376,3.4124999046325684,10000,0.9711999999999099,0.8982,1,0.0654,0.0325,376832,15,15,0.79,10280,0,0,34.655399322509766,9.463600158691406,2.0139999389648438,1.5362000465393066,0.007799999788403511,0.15119999647140503,0.0097,0,0.1128,9.9061,10.2787,0.0002,0.4684,1,1687642,0,0,0,9793
250,28.636499404907227,0.000699999975040555,14.672599792480469,1.8932000398635864,2.821899890899658,3.299499988555908,6.546500205993652,0.4544999897480011,10000,10009,20000,10006,20000,20000,10000,0.23849999904632568,2.3850998878479004,1.7309000492095947,10000,1.0094999999999064,0.8025,1,0.07050000000000001,0.0324,376832,15,15,1.053,7712,0,0,14.768199920654297,6.725500106811523,1.82260000705719,1.909600019454956,0.15889999270439148,0.15029999613761902,0,0,0,0,0,0,0,0,0,0,0,0,0
251,41.55670166015625,0.000699999975040555,17.917200088500977,2.7685000896453857,3.371999979019165,3.0481998920440674,13.738699913024902,0.6137999892234802,10000,10009,20000,10006,20000,20000,10000,0.26030001044273376,3.5611000061035156,2.142199993133545,10000,1.607099999999858,1.018,1,0.0979,0.046,376832,15,15,1.2112,7712,0,0,18.023700714111328,14.004500389099121,2.4948999881744385,2.2235000133514404,0.23989999294281006,0.16009999811649323,0,0,0,0,0,0,0,0,0,0,0,0,0
252,49.1254997253418,15.03030014038086,18.338600158691406,3.129499912261963,3.40310001373291,3.541100025177002,9.04889965057373,0.7666000127792358,10000,10009,20000,10006,20000,20000,10000,0.2948000133037567,2.633699893951416,2.3203999996185303,10000,0.9952999999999075,0.6953,1,0.0685,0.0284,376832,15,15,0.8967,54680,0,0,33.482398986816406,9.224200248718262,1.6009000539779663,1.6151000261306763,0.1559000015258789,0.131400004029274,0.0127,0,0.094,7.2165,11.659,4.1655,0.3572,1,1679672,126591,9994,26964,9959
253,26.36210060119629,0.0010000000474974513,13.551799774169922,1.910599946975708,2.992000102996826,2.3736000061035156,6.158599853515625,0.4465000033378601,10000,10009,20000,10006,20000,20000,10000,0.21250000596046448,1.958899974822998,1.779099941253662,10000,0.9318999999999147,0.7439,1,0.06539999999999999,0.029900000000000003,376832,15,15,0.8132,7712,0,0,13.641400337219238,6.340199947357178,1.673799991607666,1.6690000295639038,0.16189999878406525,0.21330000460147858,0,0,0,0,0,0,0,0,0,0,0,0,0
254,38.958900451660156,0.000699999975040555,22.913999557495117,4.470799922943115,5.89900016784668,3.040800094604492,7.932199954986572,0.8949999809265137,10000,10009,20000,10006,20000,20000,10000,0.28279998898506165,2.2372000217437744,2.9932000637054443,10000,1.2449999999998875,0.8966,1,0.08070000000000001,0.033299999999999996,376832,15,15,0.9442,7712,0,0,23.024799346923828,8.147500038146973,2.1003000736236572,1.9635000228881836,0.19740000367164612,0.164000004529953,0,0,0,0,0,0,0,0,0,0,0,0,0
255,58.982601165771484,25.353599548339844,19.81909942626953,3.2764999866485596,4.133800029754639,3.422100067138672,7.526800155639648,0.8051000237464905,10000,10009,20000,10006,20000,20000,10000,0.26750001311302185,2.8564999103546143,2.788100004196167,10000,0.8520999999999231,0.7513,1,0.062,0.032799999999999996,376832,15,15,0.9861,67440,0,0,45.26369857788086,7.7042999267578125,1.5325000286102295,1.4421000480651855,0.15950000286102295,0.12729999423027039,0.0023,7.785200119018555,0.0919,8.2016,13.7915,5.3415,0.4547,1,1650812,121412,9995,25588,9949
256,25.362699508666992,0.0010000000474974513,12.585800170898438,1.7592999935150146,2.8773000240325928,2.2446000576019287,5.778500080108643,0.4122999906539917,10000,10009,20000,10006,20000,20000,10000,0.23260000348091125,1.6483999490737915,1.6764999628067017,10000,0.913799999999917,0.7727,1,0.06559999999999999,0.0313,376832,15,15,1.1316,7712,0,0,12.674799919128418,5.9496002197265625,1.7698999643325806,1.6685999631881714,0.15379999577999115,0.14319999516010284,0,0,0,0,0,0,0,0,0,0,0,0,0
257,30.50860023498535,0.0007999999797903001,15.174500465393066,2.3039000034332275,3.234299898147583,2.9163999557495117,7.252799987792969,0.527999997138977,10000,10009,20000,10006,20000,20000,10000,0.25769999623298645,1.9917000532150269,2.0041000843048096,10000,1.123799999999896,1.0374,1,0.07469999999999999,0.0317,376832,15,15,1.0519,7712,0,0,15.264800071716309,7.454599857330322,2.4665000438690186,1.7597999572753906,0.1860000044107437,0.1477999985218048,0,0,0,0,0,0,0,0,0,0,0,0,0
258,41.699798583984375,3.2070999145507812,17.493099212646484,2.9361000061035156,3.2848000526428223,3.8443000316619873,10.145500183105469,0.6377999782562256,10000,10009,20000,10006,20000,20000,10000,0.24969999492168427,2.398699998855591,2.1166000366210938,10000,1.6305999999998495,1.0929,1,0.10189999999999999,0.043500000000000004,376832,15,15,1.3785,54264,0,0,20.80190086364746,10.453499794006348,2.6600000858306885,2.352299928665161,0.28760001063346863,0.6158999800682068,0,0,0,0,0,0,0,0,0,0,0,0,0
259,38.132598876953125,0.0010000000474974513,17.113399505615234,3.841900110244751,0.9332000017166138,2.609600067138672,11.037599563598633,0.7879999876022339,10000,10009,20000,10006,20000,20000,10000,0.32580000162124634,3.115499973297119,2.9144999980926514,10000,1.6605999999998466,1.2804,1,0.10469999999999999,0.042800000000000005,376832,15,15,1.2401,7712,0,0,17.222400665283203,11.065999984741211,2.8610000610351562,2.1089999675750732,0.008500000461935997,0.19349999725818634,0,0,0,0,0,0,0,0,0,0,0,0,0
260,38.8406982421875,0.0008999999845400453,18.10689926147461,4.480000019073486,0.9807000160217285,2.2848000526428223,11.113499641418457,0.7936000227928162,10000,10009,20000,10006,20000,20000,10000,0.2994999885559082,3.2637999057769775,3.11299991607666,10000,1.6580999999998465,1.11,1,0.10250000000000001,0.0368,376832,15,15,1.1465,7712,0,0,18.234800338745117,11.144000053405762,2.688199996948242,2.0555999279022217,0.009499999694526196,0.17030000686645508,0,0,0,0,0,0,0,0,0,0,0,0,0
261,49.58760070800781,12.6943998336792,21.503799438476562,3.6714999675750732,3.639899969100952,3.8891000747680664,8.941900253295898,0.7754999995231628,10000,10009,20000,10006,20000,20000,10000,0.2985000014305115,3.7525999546051025,2.9935998916625977,10000,0.9839999999999102,0.6679,1,0.07189999999999999,0.0361,376832,15,15,1.1382,10280,0,0,34.3109016418457,8.967000007629395,1.582800030708313,1.281000018119812,0.007699999958276749,0.12680000066757202,0.0021,0,0.1371,9.5726,9.9248,0.0001,0.4974,1,1625102,0,0,0,9743
262,25.973100662231445,0.0010000000474974513,13.425200462341309,1.826300024986267,2.8914999961853027,2.6319000720977783,6.132599830627441,0.42080000042915344,10000,10009,20000,10006,20000,20000,10000,0.26600000262260437,1.9284000396728516,1.6821999549865723,10000,0.9311999999999138,0.6836,1,0.075,0.030600000000000002,376832,15,15,0.7685,7712,0,0,13.51200008392334,6.28249979019165,1.6279000043869019,1.618499994277954,0.1348000019788742,0.1476999968290329,0,0,0,0,0,0,0,0,0,0,0,0,0
263,35.5005989074707,0.0010000000474974513,18.670000076293945,3.7913999557495117,3.4990999698638916,3.3508999347686768,8.788299560546875,0.8403000235557556,10000,10009,20000,10006,20000,20000,10000,0.25859999656677246,2.290800094604492,2.1782000064849854,10000,1.2725999999998912,0.9767,1,0.07869999999999999,0.031100000000000003,376832,15,15,0.9081,7712,0,0,18.757600784301758,8.967100143432617,2.1226999759674072,1.9874000549316406,0.1599999964237213,0.14329999685287476,0,0,0,0,0,0,0,0,0,0,0,0,0
264,52.660400390625,15.5693998336792,18.69770050048828,2.9584999084472656,3.3886001110076904,3.240000009536743,9.256199836730957,0.6473000049591064,10000,10009,20000,10006,20000,20000,10000,0.2815000116825104,2.5129001140594482,3.27839994430542,10000,1.41899999999987,1.086,1,0.0929,0.039400000000000004,376832,15,15,1.1815,52800,0,0,34.35900115966797,9.48639965057373,2.4835000038146973,2.039599895477295,0.21080000698566437,0.16660000383853912,0.0021,0,0.0782,7.4531,11.9645,4.2472,0.3617,1,1618000,123596,9995,26460,9936
265,33.238399505615234,0.0008999999845400453,16.951200485229492,2.578900098800659,3.290800094604492,3.287400007247925,7.986400127410889,0.5485000014305115,10000,10009,20000,10006,20000,20000,10000,0.2678999900817871,2.688800096511841,2.159600019454956,10000,1.1707999999998941,0.8933,1,0.07769999999999999,0.0345,376832,15,15,0.9599,7712,0,0,17.076200485229492,8.218600273132324,2.0381999015808105,2.231600046157837,0.20389999449253082,0.15970000624656677,0,0,0,0,0,0,0,0,0,0,0,0,0
266,36.997398376464844,0.0010000000474974513,18.350200653076172,2.919100046157837,3.6614999771118164,3.7070000171661377,9.231100082397461,0.6543999910354614,10000,10009,20000,10006,20000,20000,10000,0.25200000405311584,2.6078999042510986,2.319200038909912,10000,1.422599999999869,1.0144,1,0.09419999999999999,0.038900000000000004,376832,15,15,1.0513,7712,0,0,18.45599937438965,9.48799991607666,2.424999952316284,2.332200050354004,0.23659999668598175,0.1738000065088272,0,0,0,0,0,0,0,0,0,0,0,0,0
267,56.58319854736328,29.23259925842285,17.016599655151367,2.927999973297119,3.808000087738037,2.7769999504089355,5.238100051879883,0.5095000267028809,10000,10009,20000,10006,20000,20000,10000,0.22030000388622284,1.861799955368042,2.7667999267578125,10000,0.7163999999999374,0.5408,1,0.05349999999999999,0.0262,376832,15,15,0.6189,54280,0,0,46.3567008972168,5.3846001625061035,1.2511999607086182,1.264299988746643,0.13300000131130219,0.1145000010728836,0.0021,10.476900100708008,0.1754,9.3487,14.5709,4.8767,0.4624,1,1598250,120483,9996,25371,9919
268,27.14109992980957,0.0010000000474974513,14.895700454711914,2.8248000144958496,3.272599935531616,2.8190999031066895,5.5320000648498535,0.6726999878883362,10000,10009,20000,10006,20000,20000,10000,0.20110000669956207,1.5307999849319458,1.530900001525879,10000,0.8758999999999211,0.7121,1,0.0613,0.0328,376832,15,15,0.8502,7712,0,0,14.984700202941895,5.6921000480651855,1.6348999738693237,1.9205000400543213,0.14730000495910645,0.14650000631809235,0,0,0,0,0,0,0,0,0,0,0,0,0
269,28.148399353027344,0.0008999999845400453,14.25510025024414,2.2279000282287598,2.9272000789642334,2.5797998905181885,6.8109002113342285,0.553600013256073,10000,10009,20000,10006,20000,20000,10000,0.23929999768733978,1.9629000425338745,1.8954999446868896,10000,1.0390999999999027,0.7746,1,0.0704,0.0335,376832,15,15,0.9242,7712,0,0,14.366800308227539,6.992099761962891,1.8346999883651733,1.672700047492981,0.1670999974012375,0.13660000264644623,0,0,0,0,0,0,0,0,0,0,0,0,0
270,38.17179870605469,2.9467999935150146,16.044599533081055,2.659899950027466,3.0455000400543213,3.3447999954223633,8.609999656677246,0.5976999998092651,10000,10009,20000,10006,20000,20000,10000,0.24950000643730164,2.311800003051758,1.9270999431610107,10000,1.393499999999872,1.2318,1,0.0901,0.0338,376832,15,15,1.2284,66480,0,0,19.10059928894043,8.841300010681152,3.6338999271392822,2.1828999519348145,0.2167000025510788,0.1589999943971634,0,0,0,0,0,0,0,0,0,0,0,0,0
271,36.06660079956055,0.0008999999845400453,15.686200141906738,3.776400089263916,1.0354000329971313,1.7410999536514282,10.960000038146973,0.7735000252723694,10000,10009,20000,10006,20000,20000,10000,0.28870001435279846,2.852299928665161,2.7797999382019043,10000,1.6248999999998504,1.0348,1,0.10139999999999999,0.0415,376832,15,15,1.1239,7712,0,0,15.78950023651123,10.982999801635742,2.6189000606536865,2.004499912261963,0.00800000037997961,0.17569999396800995,0,0,0,0,0,0,0,0,0,0,0,0,0
272,39.355499267578125,0.0010000000474974513,18.362199783325195,3.9491000175476074,0.8949999809265137,2.3606998920440674,11.041999816894531,1.186400055885315,10000,10009,20000,10006,20000,20000,10000,0.32190001010894775,3.6647000312805176,2.898900032043457,10000,1.6558999999998492,1.1445,1,0.1032,0.0397,376832,15,15,1.1851,7712,0,0,18.501800537109375,11.069700241088867,2.723599910736084,2.026400089263916,0.00860000029206276,0.1867000013589859,0,0,0,0,0,0,0,0,0,0,0,0,0
273,51.78139877319336,12.410099983215332,19.638500213623047,3.7783000469207764,3.3357999324798584,3.183500051498413,11.005800247192383,0.7738999724388123,10000,10009,20000,10006,20000,20000,10000,0.2996000051498413,2.927500009536743,2.912899971008301,10000,1.6568999999998486,0.8401,1,0.10149999999999999,0.0392,376832,15,15,1.2567,10280,0,0,32.16889953613281,11.03219985961914,2.1849000453948975,1.5855000019073486,0.008700000122189522,0.13519999384880066,0.0024,0,0.2534,9.3628,9.8068,0.0001,0.4895,1,1569308,0,0,0,9690
274,35.04930114746094,0.0013000000035390258,14.952300071716309,2.309799909591675,3.089200019836426,2.7065000534057617,11.539299964904785,0.5267000198364258,10000,10009,20000,10006,20000,20000,10000,0.21369999647140503,2.1277999877929688,1.9217000007629395,10000,1.5015999999998648,0.9669,1,0.0863,0.0354,376832,15,15,0.95,7712,0,0,15.056099891662598,11.773300170898438,2.2051000595092773,1.7644000053405762,0.2134999930858612,0.14489999413490295,0,0,0,0,0,0,0,0,0,0,0,0,0
275,31.890399932861328,0.0008999999845400453,14.589599609375,2.223900079727173,2.9293999671936035,2.6540000438690186,8.069999694824219,0.5108000040054321,10000,10009,20000,10006,20000,20000,10000,0.23360000550746918,2.055299997329712,1.9598000049591064,10000,1.2877999999998824,0.9203,1,0.0844,0.0402,376832,15,15,1.0083,7712,0,0,14.694499969482422,8.258099555969238,2.2086000442504883,2.0078001022338867,0.1738000065088272,0.9912999868392944,0,0,0,0,0,0,0,0,0,0,0,0,0
276,59.50320053100586,30.607999801635742,18.32270050048828,3.4047999382019043,4.220699787139893,2.892400026321411,5.511000156402588,0.5848000049591064,10000,10009,20000,10006,20000,20000,10000,0.2612999975681305,1.829699993133545,2.8749001026153564,10000,0.715599999999938,0.5471,1,0.0529,0.031,376832,15,15,0.6297,54136,0,0,49.027099609375,5.640600204467773,1.232100009918213,1.287600040435791,0.11429999768733978,0.11819999665021896,0.0019,11.737700462341309,0.1544,9.1348,15.147,5.6464,0.5292,1,1569448,123701,9995,26586,9901
277,24.482500076293945,0.0007999999797903001,11.746700286865234,1.6073999404907227,2.2667999267578125,2.294600009918213,6.015600204467773,0.46470001339912415,10000,10009,20000,10006,20000,20000,10000,0.2037000060081482,1.7474000453948975,1.530900001525879,10000,0.8500999999999227,0.8798,1,0.060000000000000005,0.0298,376832,15,15,1.128,7712,0,0,11.824299812316895,6.167600154876709,1.7918000221252441,1.4955999851226807,0.13689999282360077,0.17389999330043793,0,0,0,0,0,0,0,0,0,0,0,0,0
278,29.659700393676758,0.0008999999845400453,14.774100303649902,2.317199945449829,2.9572999477386475,2.890899896621704,7.315499782562256,0.517799973487854,10000,10009,20000,10006,20000,20000,10000,0.23489999771118164,1.9244999885559082,1.916700005531311,10000,1.1044999999998975,0.8621,1,0.0728,0.0335,376832,15,15,0.9729,7712,0,0,14.87279987335205,7.518400192260742,1.9594000577926636,1.8381999731063843,0.18619999289512634,0.15950000286102295,0,0,0,0,0,0,0,0,0,0,0,0,0
279,64.77580261230469,25.14620018005371,20.071399688720703,3.5764999389648438,3.592400074005127,3.9593000411987305,10.980999946594238,0.792900025844574,10000,10009,20000,10006,20000,20000,10000,0.2809999883174896,2.890199899673462,2.525599956512451,10000,1.6301999999998509,0.8179,1,0.09839999999999999,0.0388,376832,15,15,0.992,61328,0,0,45.31829833984375,11.265299797058105,2.0655999183654785,1.6819000244140625,0.26409998536109924,0.14180000126361847,0.002,9.05370044708252,0.0849,7.8625,12.5318,4.4308,0.4437,1,1543408,120384,9996,25472,9897
280,35.442501068115234,0.00139999995008111,18.263099670410156,3.8654000759124756,3.6923000812530518,3.0669000148773193,8.565500259399414,0.822700023651123,10000,10009,20000,10006,20000,20000,10000,0.2897000014781952,2.1486001014709473,1.9357999563217163,10000,1.332899999999877,0.9624,1,0.0874,0.036199999999999996,376832,15,15,1.0882,7712,0,0,18.34779930114746,8.78339958190918,2.276700019836426,1.985200047492981,0.20229999721050262,0.17790000140666962,0,0,0,0,0,0,0,0,0,0,0,0,0
281,37.65769958496094,0.0010000000474974513,17.34709930419922,2.7016000747680664,3.335700035095215,2.9465999603271484,9.988499641418457,0.5947999954223633,10000,10009,20000,10006,20000,20000,10000,0.26260000467300415,2.4697999954223633,2.8429999351501465,10000,1.6368999999998493,1.0881,1,0.1018,0.0476,376832,15,15,1.1237,7712,0,0,17.44930076599121,10.251199722290039,2.7644999027252197,2.5157999992370605,0.24650000035762787,0.18219999969005585,0,0,0,0,0,0,0,0,0,0,0,0,0
282,43.69350051879883,3.3329999446868896,20.44770050048828,3.6630001068115234,3.9825000762939453,3.982599973678589,11.206199645996094,0.79339998960495,10000,10009,20000,10006,20000,20000,10000,0.35199999809265137,2.939199924468994,2.4286999702453613,10000,1.6125999999998528,0.8339,1,0.0939,0.034100000000000005,376832,15,15,1.1985,53720,0,0,23.88680076599121,11.461600303649902,2.0736000537872314,1.6098999977111816,0.23420000076293945,0.14100000262260437,0,0,0,0,0,0,0,0,0,0,0,0,0
283,27.70829963684082,0.0010000000474974513,13.2076997756958,3.56469988822937,0.6290000081062317,1.7374999523162842,7.083799839019775,0.7426000237464905,10000,10009,20000,10006,20000,20000,10000,0.26499998569488525,1.9988000392913818,1.8651000261306763,10000,1.1865999999998986,0.8137,1,0.0733,0.032799999999999996,376832,15,15,1.0631,7712,0,0,13.303999900817871,7.108699798583984,1.9078999757766724,1.7008999586105347,0.009800000116229057,0.16359999775886536,0,0,0,0,0,0,0,0,0,0,0,0,0
284,29.82990074157715,0.0008999999845400453,12.617199897766113,2.7736001014709473,0.7797999978065491,1.4629000425338745,8.40369987487793,0.6043000221252441,10000,10009,20000,10006,20000,20000,10000,0.24060000479221344,2.3268001079559326,2.2739999294281006,10000,1.2881999999998817,1.2953,1,0.0844,0.0332,376832,15,15,0.9814,7712,0,0,12.71500015258789,8.4306001663208,3.053999900817871,1.8099000453948975,0.00860000029206276,0.15199999511241913,0,0,0,0,0,0,0,0,0,0,0,0,0
285,51.96580123901367,10.503499984741211,19.642799377441406,3.4765000343322754,3.268199920654297,3.870699882507324,11.500100135803223,0.7764000296592712,10000,10009,20000,10006,20000,20000,10000,0.25540000200271606,3.0172998905181885,2.6280999183654785,10000,1.7318999999998421,1.5578,1,0.10069999999999998,0.0408,376832,15,15,1.1529,10280,0,0,30.247900009155273,11.533699989318848,3.156100034713745,2.0216000080108643,0.010999999940395355,0.16439999639987946,0.0018,0,0.0874,8.0098,8.27,0.0001,0.4199,1,1517286,0,0,0,9632
286,40.74959945678711,0.0008999999845400453,20.923200607299805,3.3208000659942627,4.269100189208984,3.8675999641418457,10.637499809265137,0.7153000235557556,10000,10009,20000,10006,20000,20000,10000,0.273499995470047,2.571500062942505,3.199399948120117,10000,1.5699999999998553,0.9662,1,0.09970000000000001,0.0381,376832,15,15,1.1676,7712,0,0,21.055099487304688,10.856399536132812,2.435800075531006,1.84089994430542,0.2003999948501587,0.1500999927520752,0,0,0,0,0,0,0,0,0,0,0,0,0
287,33.114898681640625,0.000699999975040555,15.743900299072266,2.421799898147583,3.274600028991699,3.136399984359741,8.632100105285645,0.5367000102996826,10000,10009,20000,10006,20000,20000,10000,0.25200000405311584,2.082200050354004,2.034899950027466,10000,1.3382999999998773,0.9442,1,0.09240000000000001,0.0366,376832,15,15,1.0622,7712,0,0,15.842599868774414,8.827099800109863,2.2708001136779785,2.066999912261963,0.1784999966621399,0.17649999260902405,0,0,0,0,0,0,0,0,0,0,0,0,0
288,51.482200622558594,16.721500396728516,19.88640022277832,3.2183001041412354,4.385200023651123,3.430500030517578,8.082500457763672,0.7509999871253967,10000,10009,20000,10006,20000,20000,10000,0.3156000077724457,2.8087000846862793,2.5660998821258545,10000,0.882999999999919,0.7591,1,0.0618,0.0269,376832,15,15,1.1763,47264,0,0,36.7135009765625,8.234000205993652,1.5733000040054321,1.6929999589920044,0.1298000067472458,0.16850000619888306,0.0025,0,0.0918,8.0154,12.8364,4.5697,0.4412,1,1516058,121574,9996,26071,9892
289,25.76650047302246,0.0008999999845400453,13.484700202941895,1.8422000408172607,2.7829999923706055,2.9335999488830566,5.973299980163574,0.43849998712539673,10000,10009,20000,10006,20000,20000,10000,0.24529999494552612,1.7723000049591064,1.6837999820709229,10000,0.955399999999917,0.673,1,0.06340000000000001,0.0313,376832,15,15,0.7133,7712,0,0,13.57409954071045,6.145500183105469,1.6079000234603882,1.5580999851226807,0.14229999482631683,0.13819999992847443,0,0,0,0,0,0,0,0,0,0,0,0,0
290,28.985599517822266,0.0007999999797903001,14.778200149536133,2.2639999389648438,3.127500057220459,2.4672000408172607,6.661900043487549,0.4708999991416931,10000,10009,20000,10006,20000,20000,10000,0.23409999907016754,1.7655999660491943,2.506700038909912,10000,1.0294999999999037,0.9022,1,0.0694,0.0316,376832,15,15,0.9495,7712,0,0,14.872200012207031,6.832499980926514,1.941100001335144,2.0160999298095703,0.15700000524520874,0.16760000586509705,0,0,0,0,0,0,0,0,0,0,0,0,0
291,62.31290054321289,23.701499938964844,18.599899291992188,3.202399969100952,3.375200033187866,3.762500047683716,10.961299896240234,0.7073000073432922,10000,10009,20000,10006,20000,20000,10000,0.25859999656677246,2.6740000247955322,2.380500078201294,10000,1.6232999999998499,0.9201,1,0.101,0.0394,376832,15,15,1.0865,52712,0,0,42.42539978027344,11.236599922180176,2.315999984741211,1.757699966430664,0.2538999915122986,0.14030000567436218,0.0023,7.780399799346924,0.0779,6.8216,11.2028,4.1684,0.3988,1,1497238,117091,9996,25133,9858
292,31.187599182128906,0.0008999999845400453,16.093900680541992,2.349400043487549,3.344399929046631,3.3703999519348145,7.345600128173828,0.5159000158309937,10000,10009,20000,10006,20000,20000,10000,0.28049999475479126,2.0822999477386475,2.1354000568389893,10000,1.1423999999998944,0.9372,1,0.077,0.033299999999999996,376832,15,15,1.0279,7712,0,0,16.202199935913086,7.535600185394287,2.0648999214172363,1.808500051498413,0.17409999668598175,0.15559999644756317,0,0,0,0,0,0,0,0,0,0,0,0,0
293,41.36249923706055,0.000699999975040555,20.23310089111328,2.9133999347686768,4.581699848175049,3.420099973678589,10.065099716186523,0.6348000168800354,10000,10009,20000,10006,20000,20000,10000,0.2599000036716461,2.641900062561035,3.472899913787842,10000,1.6341999999998496,1.4569,1,0.1009,0.039400000000000004,376832,15,15,1.1262,7712,0,0,20.338899612426758,10.331500053405762,3.3422999382019043,2.617000102996826,0.24480000138282776,0.15549999475479126,0,0,0,0,0,0,0,0,0,0,0,0,0
294,39.65679931640625,3.2290000915527344,17.51609992980957,3.1166000366210938,3.2657999992370605,3.3057000637054443,10.123000144958496,0.6970999836921692,10000,10009,20000,10006,20000,20000,10000,0.2596000134944916,2.3469998836517334,2.157900094985962,10000,1.43099999999987,0.8982,1,0.0905,0.0373,376832,15,15,1.2503,51224,0,0,20.88050079345703,10.347700119018555,2.253700017929077,1.754699945449829,0.20569999516010284,0.1386999934911728,0,0,0,0,0,0,0,0,0,0,0,0,0
295,26.449199676513672,0.0008999999845400453,11.986900329589844,2.294600009918213,0.6657000184059143,1.5817999839782715,7.103499889373779,0.5534999966621399,10000,10009,20000,10006,20000,20000,10000,0.22660000622272491,2.5028998851776123,2.057499885559082,10000,1.0805999999999003,1.0551,1,0.07369999999999999,0.0448,376832,15,15,0.9584,7712,0,0,12.096699714660645,7.129199981689453,2.192500114440918,1.6311999559402466,0.008200000040233135,0.15389999747276306,0,0,0,0,0,0,0,0,0,0,0,0,0
296,28.402000427246094,0.0010000000474974513,12.268799781799316,2.687299966812134,0.7390000224113464,1.361799955368042,8.159299850463867,0.5727999806404114,10000,10009,20000,10006,20000,20000,10000,0.28139999508857727,2.2948999404907227,2.2464001178741455,10000,1.3097999999998793,0.8575,1,0.1056,0.038,376832,15,15,1.1067,7712,0,0,12.37969970703125,8.181900024414062,2.117000102996826,1.7297999858856201,0.007899999618530273,0.14880000054836273,0,0,0,0,0,0,0,0,0,0,0,0,0
297,49.52199935913086,10.081199645996094,18.681499481201172,3.547100067138672,3.2474000453948975,3.2248001098632812,10.954000473022461,0.7657999992370605,10000,10009,20000,10006,20000,20000,10000,0.29409998655319214,2.722399950027466,2.5769999027252197,10000,1.65419999999985,1.1696,1,0.10149999999999999,0.0435,376832,15,15,1.1776,10280,0,0,28.886199951171875,10.98009967803955,2.7428998947143555,2.1387999057769775,0.008999999612569809,0.1923999935388565,0.002,0,0.087,7.3161,7.5627,0.0001,0.4199,1,1460134,0,0,0,9584
298,43.486000061035156,0.0007999999797903001,23.13319969177246,4.048600196838379,5.257999897003174,3.6856000423431396,11.068099975585938,0.7764999866485596,10000,10009,20000,10006,20000,20000,10000,0.29010000824928284,3.287899971008301,3.2223000526428223,10000,1.7360999999998394,0.8432,1,0.1156,0.046799999999999994,376832,15,15,1.2672,7712,0,0,23.250999450683594,11.293399810791016,2.1735000610351562,1.7000999450683594,0.20589999854564667,0.1378999948501587,0,0,0,0,0,0,0,0,0,0,0,0,0
299,30.412099838256836,0.000699999975040555,14.688899993896484,2.1686999797821045,2.868000030517578,2.7091000080108643,7.3256001472473145,0.7382000088691711,10000,10009,20000,10006,20000,20000,10000,0.2590000033378601,2.0864999294281006,1.9164999723434448,10000,1.1571999999998928,1.0429,1,0.07600000000000001,0.0347,376832,15,15,1.0711,7712,0,0,14.781200408935547,7.494699954986572,2.317199945449829,2.13700008392334,0.15219999849796295,0.17069999873638153,0,0,0,0,0,0,0,0,0,0,0,0,0
300,51.41889953613281,15.342900276184082,20.25819969177246,3.7455999851226807,3.5878000259399414,3.470400094985962,9.388299942016602,1.106600046157837,10000,10009,20000,10006,20000,20000,10000,0.27900001406669617,2.7855000495910645,2.497999906539917,10000,0.9420999999999128,0.6961,1,0.06509999999999999,0.031100000000000003,376832,15,15,0.9442,44784,0,0,35.72460174560547,9.555700302124023,1.5379999876022339,1.482100009918213,0.1460999995470047,0.13199999928474426,0.0028,0,0.104,6.7466,11.3872,4.383,0.4174,1,1456066,120850,9995,25816,9859
301,26.726999282836914,0.0006000000284984708,13.563699722290039,1.8270000219345093,2.80649995803833,3.1173999309539795,6.3653998374938965,0.4171999990940094,10000,10009,20000,10006,20000,20000,10000,0.2232999950647354,1.757200002670288,1.6794999837875366,10000,0.9367999999999131,0.7558,1,0.0633,0.0303,376832,15,15,0.9559,7712,0,0,13.656499862670898,6.533999919891357,1.68149995803833,1.7523000240325928,0.15189999341964722,0.14560000598430634,0,0,0,0,0,0,0,0,0,0,0,0,0
302,38.66310119628906,0.0008999999845400453,17.817100524902344,2.3903000354766846,3.1740000247955322,3.70169997215271,11.634499549865723,0.6039000153541565,10000,10009,20000,10006,20000,20000,10000,0.20569999516010284,3.419800043106079,2.283600091934204,10000,1.426999999999869,0.9735,1,0.0915,0.0358,376832,15,15,1.0342,7712,0,0,17.91950035095215,11.862899780273438,2.4065001010894775,2.2987000942230225,0.20890000462532043,0.18279999494552612,0,0,0,0,0,0,0,0,0,0,0,0,0
303,61.28099822998047,26.876399993896484,21.347299575805664,3.6949000358581543,4.2515997886657715,3.747299909591675,7.2221999168396,0.7901999950408936,10000,10009,20000,10006,20000,20000,10000,0.28780001401901245,3.047600030899048,3.052500009536743,10000,0.8459999999999235,0.5343,1,0.0585,0.0336,376832,15,15,0.824,66352,0,0,48.34349822998047,7.3780999183654785,1.3717999458312988,1.3974000215530396,0.14079999923706055,0.1281999945640564,0.0023,9.112500190734863,0.1073,8.4279,13.7908,5.0669,0.4959,1,1437766,114853,9995,24368,9825
304,26.335100173950195,0.0010999999940395355,12.117799758911133,1.7335000038146973,2.628999948501587,2.132699966430664,6.38070011138916,0.41679999232292175,10000,10009,20000,10006,20000,20000,10000,0.2079000025987625,1.5967999696731567,1.7111999988555908,10000,1.1595999999998923,0.8842,1,0.08499999999999999,0.0391,376832,15,15,0.9048,7712,0,0,12.206999778747559,6.549799919128418,2.0411999225616455,1.912500023841858,0.15530000627040863,0.15719999372959137,0,0,0,0,0,0,0,0,0,0,0,0,0
305,40.10300064086914,0.0006000000284984708,16.774999618530273,2.6389000415802,3.279900074005127,3.114500045776367,10.953300476074219,0.597100019454956,10000,10009,20000,10006,20000,20000,10000,0.2696000039577484,2.3835999965667725,2.13919997215271,10000,1.9511999999998184,1.3166,1,0.14040000000000002,0.0523,376832,15,15,1.4613,7712,0,0,16.884700775146484,11.211999893188477,3.2571001052856445,2.338399887084961,0.23649999499320984,0.7271000146865845,0,0,0,0,0,0,0,0,0,0,0,0,0
306,46.47639846801758,3.513400077819824,21.443899154663086,3.754499912261963,4.039400100708008,4.038000106811523,11.492400169372559,0.8069000244140625,10000,10009,20000,10006,20000,20000,10000,0.37950000166893005,3.1185998916625977,2.901900053024292,10000,1.6473999999998492,1.0771,1,0.1039,0.041999999999999996,376832,15,15,1.1463,51648,0,0,25.082000732421875,11.756799697875977,2.6303999423980713,2.290800094604492,0.24420000612735748,0.1720000058412552,0,0,0,0,0,0,0,0,0,0,0,0,0
307,35.69110107421875,0.0010999999940395355,13.069700241088867,2.796299934387207,0.7803000211715698,1.4592000246047974,10.843799591064453,0.6166999936103821,10000,10009,20000,10006,20000,20000,10000,0.2705000042915344,2.514699935913086,2.3940000534057617,10000,2.0198999999998146,1.4735,1,0.1455,0.0481,376832,15,15,1.4933,7712,0,0,13.186100006103516,10.875,3.4946000576019287,2.168299913406372,0.011099999770522118,0.16609999537467957,0,0,0,0,0,0,0,0,0,0,0,0,0
308,35.2047004699707,0.0008999999845400453,14.27910041809082,2.9100000858306885,0.8008999824523926,1.7236000299453735,11.06719970703125,0.66839998960495,10000,10009,20000,10006,20000,20000,10000,0.2671999931335449,2.95740008354187,2.597599983215332,10000,1.6524999999998495,1.1586,1,0.1052,0.051000000000000004,376832,15,15,1.225,7712,0,0,14.432000160217285,11.093899726867676,2.729599952697754,2.0868000984191895,0.009700000286102295,0.17100000381469727,0,0,0,0,0,0,0,0,0,0,0,0,0
309,49.611900329589844,11.31659984588623,20.95009994506836,3.9563000202178955,3.6033999919891357,3.228100061416626,11.285499572753906,1.0055999755859375,10000,10009,20000,10006,20000,20000,10000,0.31360000371932983,2.9644999504089355,2.8196001052856445,10000,0.9449999999999125,0.7143,1,0.06259999999999999,0.031200000000000002,376832,15,15,0.802,10280,0,0,32.38370132446289,11.312800407409668,1.545300006866455,1.4077999591827393,0.007799999788403511,0.13179999589920044,0.0028,0,0.1944,8.3167,8.7051,0.0001,0.4723,1,1401526,0,0,0,9519
310,28.820999145507812,0.0010000000474974513,13.172599792480469,1.9163999557495117,2.9323999881744385,2.2829999923706055,7.411499977111816,0.4327000081539154,10000,10009,20000,10006,20000,20000,10000,0.20559999346733093,1.8020999431610107,1.7967000007629395,10000,1.1869999999998915,0.9843,1,0.0897,0.0378,376832,15,15,1.0045,7712,0,0,13.266300201416016,7.581200122833252,2.1947999000549316,1.958799958229065,0.1509999930858612,0.15389999747276306,0,0,0,0,0,0,0,0,0,0,0,0,0
311,33.450401306152344,0.0008999999845400453,16.502300262451172,2.807800054550171,3.435699939727783,3.0357000827789307,8.804699897766113,0.5846999883651733,10000,10009,20000,10006,20000,20000,10000,0.2773999869823456,2.2084999084472656,2.1173999309539795,10000,1.2947999999998812,0.8504,1,0.0858,0.0359,376832,15,15,0.9322,7712,0,0,16.612600326538086,8.985699653625488,2.106300115585327,1.9469000101089478,0.16329999268054962,0.16449999809265137,0,0,0,0,0,0,0,0,0,0,0,0,0
312,59.680301666259766,15.819499969482422,27.17889976501465,6.357800006866455,6.2108001708984375,3.9144999980926514,9.953300476074219,1.253999948501587,10000,10009,20000,10006,20000,20000,10000,0.322299987077713,3.0462000370025635,2.9001998901367188,10000,1.0440999999999043,0.8008,1,0.068,0.0348,376832,15,15,0.839,46728,0,0,43.105098724365234,10.118300437927246,1.7056000232696533,1.5516999959945679,0.14470000565052032,0.13349999487400055,0.002,0,0.0905,7.5809,12.2931,4.4586,0.4595,1,1398782,117079,9992,25073,9811
313,26.673500061035156,0.0007999999797903001,13.167499542236328,1.9636000394821167,2.9052999019622803,2.302799940109253,6.498799800872803,0.444599986076355,10000,10009,20000,10006,20000,20000,10000,0.21780000627040863,1.8134000301361084,1.722599983215332,10000,1.1099999999999057,0.7136,1,0.0772,0.0398,376832,15,15,1.0055,7712,0,0,13.270500183105469,6.6641998291015625,1.6513999700546265,1.5981999635696411,0.14820000529289246,0.14229999482631683,0,0,0,0,0,0,0,0,0,0,0,0,0
314,36.42470169067383,0.000699999975040555,20.802499771118164,4.107800006866455,5.339200019836426,3.0697999000549316,8.209699630737305,0.5630000233650208,10000,10009,20000,10006,20000,20000,10000,0.2782999873161316,2.663599967956543,2.61080002784729,10000,1.0779999999999024,0.917,1,0.07189999999999999,0.0347,376832,15,15,0.9416,7712,0,0,20.89929962158203,8.384599685668945,1.9812999963760376,1.7960000038146973,0.15240000188350677,0.1454000025987625,0,0,0,0,0,0,0,0,0,0,0,0,0
315,60.2666015625,22.151199340820312,19.591699600219727,2.5954999923706055,3.540299892425537,3.980299949645996,9.820899963378906,0.6218000054359436,10000,10009,20000,10006,20000,20000,10000,0.42500001192092896,4.005799770355225,2.1452999114990234,10000,1.1270999999998943,0.9479,1,0.10010000000000001,0.045,376832,15,15,1.3596,46832,0,0,41.84339904785156,10.027999877929688,2.2739999294281006,2.1110000610351562,0.18150000274181366,0.1826999932527542,0.0018,6.611299991607666,0.0775,8.133,12.1668,3.7572,0.4022,1,1370676,112161,9992,23826,9770
316,38.213199615478516,0.0007999999797903001,23.59819984436035,4.8618998527526855,5.481800079345703,3.953200101852417,7.198299884796143,0.8278999924659729,10000,10009,20000,10006,20000,20000,10000,0.3163999915122986,2.6291000843048096,2.592099905014038,10000,1.0614999999999015,0.8028,1,0.07150000000000001,0.032799999999999996,376832,15,15,0.8855,7712,0,0,23.71649932861328,7.366499900817871,1.8391000032424927,1.9297000169754028,0.14720000326633453,0.1388999968767166,0,0,0,0,0,0,0,0,0,0,0,0,0
317,35.94160079956055,0.0010000000474974513,16.493900299072266,2.546999931335449,3.3636999130249023,2.9372000694274902,10.541899681091309,0.5641999840736389,10000,10009,20000,10006,20000,20000,10000,0.26260000467300415,2.5878000259399414,2.172800064086914,10000,1.1535999999998958,1.103,1,0.0833,0.0455,376832,15,15,1.256,7712,0,0,16.59149932861328,10.779899597167969,2.48580002784729,2.0806000232696533,0.21389999985694885,0.1737000048160553,0,0,0,0,0,0,0,0,0,0,0,0,0
318,36.33679962158203,3.226599931716919,17.488800048828125,3.4779999256134033,3.375200033187866,3.2971999645233154,7.554699897766113,0.5692999958992004,10000,10009,20000,10006,20000,20000,10000,0.33070001006126404,2.149199962615967,2.0954999923706055,10000,1.2671999999998853,0.986,1,0.09570000000000001,0.0472,376832,15,15,0.9925,52568,0,0,20.826099395751953,7.736700057983398,2.13700008392334,1.760699987411499,0.1647000014781952,0.14869999885559082,0,0,0,0,0,0,0,0,0,0,0,0,0
319,28.439199447631836,0.0008999999845400453,12.572199821472168,2.794300079345703,0.7379000186920166,1.6226999759674072,8.11240005493164,0.593999981880188,10000,10009,20000,10006,20000,20000,10000,0.2736999988555908,2.307800054550171,2.1861000061035156,10000,1.2184999999998878,0.8729,1,0.0822,0.0341,376832,15,15,0.9145,7712,0,0,12.678299903869629,8.138999938964844,2.101799964904785,1.8494000434875488,0.008999999612569809,0.19359999895095825,0,0,0,0,0,0,0,0,0,0,0,0,0
320,30.466999053955078,0.0010999999940395355,13.578300476074219,2.974600076675415,0.9013000130653381,1.5032999515533447,8.694700241088867,0.6389999985694885,10000,10009,20000,10006,20000,20000,10000,0.3111000061035156,2.349600076675415,2.5327999591827393,10000,1.3216999999998784,0.8946,1,0.086,0.0386,376832,15,15,1.0653,7712,0,0,13.694700241088867,8.718999862670898,2.1449999809265137,1.8931000232696533,0.00800000037997961,0.15970000624656677,0,0,0,0,0,0,0,0,0,0,0,0,0
321,46.52080154418945,9.290800094604492,18.571199417114258,3.5541999340057373,3.146399974822998,3.0866000652313232,9.067099571228027,0.7502999901771545,10000,10009,20000,10006,20000,20000,10000,0.302700012922287,2.720599889755249,2.408900022506714,10000,1.4298999999998683,1.1796,1,0.09230000000000002,0.0351,376832,15,15,1.3456,10280,0,0,27.962099075317383,9.092900276184082,2.641200065612793,1.9384000301361084,0.008100000210106373,0.5110999941825867,0.0023,0,0.0905,6.4363,6.6956,0.0001,0.4556,1,1345754,0,0,0,9446
322,47.02009963989258,0.0010999999940395355,26.153600692749023,6.157299995422363,5.611400127410889,3.7867000102996826,11.02299976348877,1.2201000452041626,10000,10009,20000,10006,20000,20000,10000,0.2946999967098236,3.3255999088287354,2.6503000259399414,10000,1.6504999999998484,1.0244,1,0.103,0.0392,376832,15,15,1.0903,7712,0,0,26.26799964904785,11.236700057983398,2.5701000690460205,2.288800001144409,0.18960000574588776,0.17839999496936798,0,0,0,0,0,0,0,0,0,0,0,0,0
323,48.674598693847656,0.0012000000569969416,24.42799949645996,5.785999774932861,3.969899892807007,4.012499809265137,15.626999855041504,1.240399956703186,10000,10009,20000,10006,20000,20000,10000,0.32519999146461487,2.967099905014038,2.9751999378204346,10000,1.6315999999998503,0.7552,1,0.09730000000000001,0.042499999999999996,376832,15,15,1.1623,7712,0,0,24.540700912475586,15.85159969329834,1.9594999551773071,1.6375999450683594,0.20059999823570251,0.13920000195503235,0,0,0,0,0,0,0,0,0,0,0,0,0
324,43.93560028076172,10.491399765014648,16.313899993896484,2.4574999809265137,3.0785000324249268,3.360599994659424,10.493399620056152,0.5170999765396118,10000,10009,20000,10006,20000,20000,10000,0.2773999869823456,2.70169997215271,1.961400032043457,10000,1.0521999999999072,0.6784,1,0.065,0.0335,376832,15,15,0.8597,47344,0,0,26.903499603271484,10.722599983215332,1.5303000211715698,1.4874999523162842,0.20430000126361847,0.1339000016450882,0.002,0,0.0642,4.2885,7.3981,2.9378,0.348,1,1343382,116270,9992,24903,9751
325,29.004100799560547,0.000699999975040555,13.703100204467773,1.9081000089645386,2.823899984359741,2.9061999320983887,8.103899955749512,0.4332999885082245,10000,10009,20000,10006,20000,20000,10000,0.20499999821186066,1.7445000410079956,1.8131999969482422,10000,1.175499999999892,0.7431,1,0.0659,0.0316,376832,15,15,0.865,7712,0,0,13.803400039672852,8.300700187683105,1.7252999544143677,1.5978000164031982,0.17710000276565552,0.13459999859333038,0,0,0,0,0,0,0,0,0,0,0,0,0
326,34.450199127197266,0.0010000000474974513,15.520099639892578,2.360599994659424,2.9728000164031982,3.226099967956543,9.565500259399414,0.544700026512146,10000,10009,20000,10006,20000,20000,10000,0.31310001015663147,2.1593000888824463,2.007699966430664,10000,1.5307999999998592,0.9319,1,0.12639999999999998,0.0395,376832,15,15,1.2525,7712,0,0,15.604900360107422,9.780099868774414,2.3970000743865967,1.8799999952316284,0.1940000057220459,0.1664000004529953,0,0,0,0,0,0,0,0,0,0,0,0,0
327,60.80759811401367,20.900699615478516,19.638099670410156,3.168299913406372,3.647599935531616,3.7846999168395996,10.745400428771973,0.8008999824523926,10000,10009,20000,10006,20000,20000,10000,0.3041999936103821,2.8022000789642334,2.9372000694274902,10000,1.6432999999998488,1.0456,1,0.10270000000000001,0.0386,376832,15,15,1.1221,56152,0,0,40.63529968261719,10.992500305175781,2.5701000690460205,1.9673000574111938,0.23010000586509705,0.15279999375343323,0.0021,6.93779993057251,0.0841,6.0226,10.4339,4.167,0.442,1,1315234,108878,9993,23042,9714
328,35.39590072631836,0.0007999999797903001,16.63610076904297,2.6285998821258545,3.2072999477386475,3.333699941635132,9.593899726867676,0.5683000087738037,10000,10009,20000,10006,20000,20000,10000,0.3109000027179718,2.3701000213623047,2.126699924468994,10000,1.4630999999998662,1.0141,1,0.09360000000000002,0.0381,376832,15,15,1.062,7712,0,0,16.734500885009766,9.816300392150879,2.4177000522613525,2.1530001163482666,0.2013999968767166,0.1762000024318695,0,0,0,0,0,0,0,0,0,0,0,0,0
329,43.565799713134766,0.0010999999940395355,21.644800186157227,3.769399881362915,4.492700099945068,3.76200008392334,11.683199882507324,0.7810999751091003,10000,10009,20000,10006,20000,20000,10000,0.32850000262260437,3.067500114440918,2.8022000789642334,10000,1.9771999999998235,1.0203,1,0.0922,0.0356,376832,15,15,1.0508,7712,0,0,21.767900466918945,11.989299774169922,2.457200050354004,1.986799955368042,0.28600001335144043,0.15520000457763672,0,0,0,0,0,0,0,0,0,0,0,0,0
330,39.42070007324219,3.4346001148223877,18.78510093688965,2.8257999420166016,3.9965999126434326,2.8687000274658203,8.889200210571289,0.9041000008583069,10000,10009,20000,10006,20000,20000,10000,0.2619999945163727,2.4296998977661133,2.702699899673462,10000,1.3189999999998823,0.8492,1,0.0837,0.0327,376832,15,15,1.0401,45352,0,0,22.336000442504883,9.086799621582031,2.0418999195098877,1.7300000190734863,0.17829999327659607,0.4666999876499176,0,0,0,0,0,0,0,0,0,0,0,0,0
331,24.55109977722168,0.0008999999845400453,11.068300247192383,2.0643999576568604,0.6194000244140625,1.5170999765396118,6.699399948120117,0.6384000182151794,10000,10009,20000,10006,20000,20000,10000,0.21979999542236328,1.9610999822616577,2.0899999141693115,10000,1.036899999999904,0.8416,1,0.0702,0.0314,376832,15,15,0.8509,7712,0,0,11.167799949645996,6.723299980163574,1.8466999530792236,1.6246000528335571,0.00839999970048666,0.14730000495910645,0,0,0,0,0,0,0,0,0,0,0,0,0
332,31.90049934387207,0.000699999975040555,14.34160041809082,2.6364998817443848,0.7217000126838684,1.6684999465942383,9.390999794006348,0.5802000164985657,10000,10009,20000,10006,20000,20000,10000,0.24770000576972961,3.793100118637085,2.1967999935150146,10000,1.318199999999879,0.9113,1,0.0864,0.0344,376832,15,15,0.9339,7712,0,0,14.448699951171875,9.42039966583252,2.2054998874664307,1.8674999475479126,0.00839999970048666,0.17110000550746918,0,0,0,0,0,0,0,0,0,0,0,0,0
333,48.36180114746094,9.251199722290039,18.7012996673584,3.5634000301361084,3.1928000450134277,3.1247000694274902,10.865699768066406,0.8238000273704529,10000,10009,20000,10006,20000,20000,10000,0.29010000824928284,2.7314999103546143,2.617000102996826,10000,1.6358999999998496,1.1181,1,0.1033,0.0393,376832,15,15,1.1399,10280,0,0,28.046100616455078,10.895000457763672,2.6749000549316406,2.0432000160217285,0.008899999782443047,0.19290000200271606,0.0023,0,0.0921,6.6727,6.9489,0.0001,0.4268,1,1282378,0,0,0,9353
334,45.02119827270508,0.0007999999797903001,24.585500717163086,5.827000141143799,4.307000160217285,3.861299991607666,11.239800453186035,0.8208000063896179,10000,10009,20000,10006,20000,20000,10000,0.2971999943256378,3.0541999340057373,3.319700002670288,10000,1.6437999999998485,0.9017,1,0.16549999999999998,0.045200000000000004,376832,15,15,1.1341,7712,0,0,24.711200714111328,11.452500343322754,2.2923998832702637,1.80649995803833,0.1875,0.14949999749660492,0,0,0,0,0,0,0,0,0,0,0,0,0
335,34.98109817504883,0.000699999975040555,17.684799194335938,3.2523999214172363,3.7400999069213867,3.649899959564209,8.896100044250488,0.5557000041007996,10000,10009,20000,10006,20000,20000,10000,0.25360000133514404,2.1670000553131104,2.006999969482422,10000,1.2793999999998815,0.9227,1,0.08979999999999999,0.0395,376832,15,15,1.0807,7712,0,0,17.78339958190918,9.07610034942627,2.136399984359741,1.9106999635696411,0.15940000116825104,0.16130000352859497,0,0,0,0,0,0,0,0,0,0,0,0,0
336,54.54669952392578,21.76849937438965,21.08989906311035,5.504300117492676,3.779599905014038,3.5910000801086426,5.872900009155273,0.6929000020027161,10000,10009,20000,10006,20000,20000,10000,0.26899999380111694,2.109299898147583,2.686199903488159,10000,0.7698999999999322,0.637,1,0.0563,0.0304,376832,15,15,0.9368,47176,0,0,42.990299224853516,6.021100044250488,1.3690999746322632,1.4285000562667847,0.131400004029274,0.12639999389648438,0.0022,7.559899806976318,0.0825,6.5525,10.7803,3.9653,0.4469,1,1282404,111288,9993,24171,9689
337,25.754499435424805,0.0007999999797903001,13.481399536132812,1.6955000162124634,2.657099962234497,2.801300048828125,6.074399948120117,0.45489999651908875,10000,10009,20000,10006,20000,20000,10000,0.2410999983549118,1.9609999656677246,1.829699993133545,10000,0.8550999999999221,0.6266,1,0.06130000000000001,0.030399999999999996,376832,15,15,0.8636,7712,0,0,13.574700355529785,6.225800037384033,1.4903000593185425,1.603700041770935,0.13529999554157257,0.14319999516010284,0,0,0,0,0,0,0,0,0,0,0,0,0
338,30.320100784301758,0.0007999999797903001,15.143199920654297,2.387200117111206,3.2356998920440674,2.6861000061035156,6.924200057983398,0.6072999835014343,10000,10009,20000,10006,20000,20000,10000,0.26089999079704285,1.9460999965667725,2.0590999126434326,10000,1.1792999999998979,0.9693,1,0.0873,0.0315,376832,15,15,1.0563,7712,0,0,15.23009967803955,7.0971999168396,2.2701001167297363,2.0899999141693115,0.1581999957561493,0.16339999437332153,0,0,0,0,0,0,0,0,0,0,0,0,0
339,61.7322998046875,24.305299758911133,18.884700775146484,3.1673998832702637,4.045000076293945,3.3371999263763428,10.510299682617188,0.6841999888420105,10000,10009,20000,10006,20000,20000,10000,0.2944999933242798,2.592099905014038,2.5253000259399414,10000,1.3414999999998771,0.7825,1,0.0858,0.0335,376832,15,15,0.9789,48304,0,0,43.297000885009766,10.719099998474121,1.9351999759674072,1.8178999423980713,0.1860000044107437,0.13339999318122864,0.0026,9.60219955444336,0.0872,6.6653,10.8632,3.9498,0.4584,1,1259456,106646,9994,22946,9638
340,31.91550064086914,0.0006000000284984708,17.118000030517578,3.0425000190734863,3.0571999549865723,3.2516000270843506,6.945400238037109,0.6438000202178955,10000,10009,20000,10006,20000,20000,10000,0.18979999423027039,2.5594000816345215,1.9663000106811523,10000,1.0451999999999024,0.9922,1,0.08370000000000001,0.045799999999999993,376832,15,15,1.0409,7712,0,0,17.214500427246094,7.113900184631348,1.9895999431610107,2.1326000690460205,0.14659999310970306,0.15389999747276306,0,0,0,0,0,0,0,0,0,0,0,0,0
341,34.039100646972656,0.0007999999797903001,16.680700302124023,2.5611000061035156,3.190000057220459,3.349900007247925,8.685999870300293,0.5806000232696533,10000,10009,20000,10006,20000,20000,10000,0.2443999946117401,2.262500047683716,2.2451999187469482,10000,1.2894999999998824,0.9021,1,0.08149999999999999,0.038,376832,15,15,1.1174,7712,0,0,16.801799774169922,8.876299858093262,2.136199951171875,2.1428000926971436,0.17249999940395355,0.25519999861717224,0,0,0,0,0,0,0,0,0,0,0,0,0
342,44.22330093383789,3.193700075149536,19.67530059814453,3.225399971008301,3.9272000789642334,4.061200141906738,10.980299949645996,0.7294999957084656,10000,10009,20000,10006,20000,20000,10000,0.3046000003814697,2.706700086593628,2.4052000045776367,10000,1.7390999999998455,1.2954,1,0.1043,0.0398,376832,15,15,1.3717,48704,0,0,22.996299743652344,11.212599754333496,2.8891000747680664,2.0810999870300293,0.21140000224113464,0.17329999804496765,0,0,0,0,0,0,0,0,0,0,0,0,0
343,31.359399795532227,0.0007999999797903001,13.728500366210938,3.0987000465393066,0.7820000052452087,1.4872000217437744,9.045000076293945,0.6322000026702881,10000,10009,20000,10006,20000,20000,10000,0.27090001106262207,2.587399959564209,2.372499942779541,10000,1.4812999999998615,1.0475,1,0.1059,0.0441,376832,15,15,1.1896,7712,0,0,13.849900245666504,9.079999923706055,2.47160005569458,1.382599949836731,0.010900000110268593,0.1428000032901764,0,0,0,0,0,0,0,0,0,0,0,0,0
344,31.505599975585938,0.0008999999845400453,13.79640007019043,2.906100034713745,0.8004999756813049,1.464900016784668,10.1766996383667,0.646399974822998,10000,10009,20000,10006,20000,20000,10000,0.2874000072479248,2.9177000522613525,2.4755001068115234,10000,1.279899999999884,0.9688,1,0.0824,0.0346,376832,15,15,0.9586,7712,0,0,13.91189956665039,10.20580005645752,2.2441000938415527,1.3507000207901,0.008500000461935997,0.15299999713897705,0,0,0,0,0,0,0,0,0,0,0,0,0
345,45.31370162963867,8.89780044555664,17.945100784301758,2.9965999126434326,3.0868000984191895,2.7913999557495117,9.745400428771973,0.6371999979019165,10000,10009,20000,10006,20000,20000,10000,0.2345999926328659,3.1289000511169434,2.786099910736084,10000,1.452299999999867,1.2298,1,0.09319999999999999,0.0349,376832,15,15,1.1154,10280,0,0,26.950199127197266,9.777999877929688,2.691699981689453,1.5988999605178833,0.008500000461935997,0.16750000417232513,0.0021,0,0.088,6.3355,6.598,0.0001,0.4019,1,1229544,0,0,0,9252
346,33.31370162963867,0.000699999975040555,18.36199951171875,2.5427000522613525,3.364799976348877,3.9310998916625977,7.624100208282471,0.5867999792098999,10000,10009,20000,10006,20000,20000,10000,0.2597000002861023,2.2525999546051025,2.964600086212158,10000,1.2407999999998942,0.8404,1,0.0866,0.0397,376832,15,15,0.8655,7712,0,0,18.47599983215332,7.783400058746338,1.9772000312805176,1.5047999620437622,0.1404999941587448,0.15150000154972076,0,0,0,0,0,0,0,0,0,0,0,0,0
347,38.539798736572266,0.0010000000474974513,19.33370018005371,3.077399969100952,3.732100009918213,4.159599781036377,9.758399963378906,0.6583999991416931,10000,10009,20000,10006,20000,20000,10000,0.2946999967098236,2.756700038909912,2.360300064086914,10000,1.570899999999855,1.1308,1,0.10010000000000002,0.043699999999999996,376832,15,15,1.3157,7712,0,0,19.443599700927734,9.954999923706055,2.6426000595092773,1.7345999479293823,0.17149999737739563,0.16699999570846558,0,0,0,0,0,0,0,0,0,0,0,0,0
348,47.56079864501953,12.754500389099121,19.37809944152832,2.961199998855591,3.5023999214172363,4.5833001136779785,9.113100051879883,0.6617000102996826,10000,10009,20000,10006,20000,20000,10000,0.30720001459121704,2.9677999019622803,2.2409000396728516,10000,1.038499999999903,0.6531,1,0.06520000000000001,0.0331,376832,15,15,0.8281,39392,0,0,32.246498107910156,9.273300170898438,1.5283000469207764,1.182800054550171,0.14169999957084656,0.12219999730587006,0.0019,0,0.0848,5.7135,9.606,3.6596,0.4181,1,1232366,112678,9993,23383,9612
349,26.109600067138672,0.0007999999797903001,13.86460018157959,1.820099949836731,2.7535998821258545,3.0957000255584717,6.054299831390381,0.4228000044822693,10000,10009,20000,10006,20000,20000,10000,0.23510000109672546,1.9463000297546387,1.802899956703186,10000,0.9191999999999151,0.7572,1,0.0655,0.030600000000000002,376832,15,15,0.767,7712,0,0,13.949600219726562,6.219200134277344,1.687399983406067,1.3788000345230103,0.13779999315738678,0.13259999454021454,0,0,0,0,0,0,0,0,0,0,0,0,0
350,30.98150062561035,0.0008999999845400453,16.52669906616211,2.542799949645996,4.02209997177124,2.9523000717163086,7.361800193786621,0.5598999857902527,10000,10009,20000,10006,20000,20000,10000,0.22460000216960907,1.9297000169754028,2.1775999069213867,10000,1.1073999999998965,0.8032,1,0.07540000000000001,0.0348,376832,15,15,1.0063,7712,0,0,16.629100799560547,7.528600215911865,1.8910000324249268,1.4227999448776245,0.15189999341964722,0.14740000665187836,0,0,0,0,0,0,0,0,0,0,0,0,0
351,58.32080078125,20.345300674438477,18.321500778198242,2.9340999126434326,3.608799934387207,3.2388999462127686,10.468500137329102,0.6488999724388123,10000,10009,20000,10006,20000,20000,10000,0.2612999975681305,3.1224000453948975,2.3977999687194824,10000,1.6486999999998475,1.0538,1,0.1021,0.0403,376832,15,15,1.2245,49632,0,0,38.77730178833008,10.70989990234375,2.541800022125244,1.5211999416351318,0.22310000658035278,0.1445000022649765,0.0021,7.1697998046875,0.0948,5.8908,9.8149,3.6836,0.4072,1,1209240,109176,9993,22838,9541
352,32.148101806640625,0.000699999975040555,15.333700180053711,2.3252999782562256,3.015700101852417,2.9470999240875244,8.116299629211426,0.6340000033378601,10000,10009,20000,10006,20000,20000,10000,0.24619999527931213,2.227400064468384,1.9738999605178833,10000,1.3100999999998781,1.1389,1,0.10529999999999999,0.05,376832,15,15,1.1594,7712,0,0,15.437399864196777,8.301400184631348,2.6082000732421875,1.6333999633789062,0.16519999504089355,0.16110000014305115,0,0,0,0,0,0,0,0,0,0,0,0,0
353,40.03369903564453,0.0007999999797903001,19.449899673461914,3.3501999378204346,3.6314001083374023,3.7351999282836914,10.922100067138672,0.7310000061988831,10000,10009,20000,10006,20000,20000,10000,0.31529998779296875,2.824899911880493,2.561300039291382,10000,1.6755999999998465,1.1453,1,0.1071,0.0416,376832,15,15,1.2634,7712,0,0,19.58650016784668,11.155900001525879,2.7370998859405518,1.679900050163269,0.2134000062942505,0.16200000047683716,0,0,0,0,0,0,0,0,0,0,0,0,0
354,37.662899017333984,3.207900047302246,18.286500930786133,2.85509991645813,4.50570011138916,3.3264999389648438,8.482099533081055,0.588699996471405,10000,10009,20000,10006,20000,20000,10000,0.2727999985218048,2.4479000568389893,2.115299940109253,10000,1.2159999999998874,0.8955,1,0.0798,0.0339,376832,15,15,1.0329,42544,0,0,21.61989974975586,8.660099983215332,2.083899974822998,1.4752999544143677,0.15880000591278076,0.14790000021457672,0,0,0,0,0,0,0,0,0,0,0,0,0
355,25.212400436401367,0.0012000000569969416,11.436599731445312,2.3629000186920166,0.7843999862670898,1.1686999797821045,7.149499893188477,0.5303999781608582,10000,10009,20000,10006,20000,20000,10000,0.21529999375343323,2.195499897003174,2.137700080871582,10000,1.1009999999999,0.7056,1,0.0806,0.0386,376832,15,15,1.0715,7712,0,0,11.540900230407715,7.173999786376953,1.7488000392913818,1.135599970817566,0.007199999876320362,0.13680000603199005,0,0,0,0,0,0,0,0,0,0,0,0,0
356,27.418500900268555,0.000699999975040555,12.938199996948242,2.67549991607666,0.7272999882698059,1.6205999851226807,7.592700004577637,0.5601000189781189,10000,10009,20000,10006,20000,20000,10000,0.2298000007867813,2.586899995803833,2.1809000968933105,10000,1.1607999999998924,0.7821,1,0.07669999999999999,0.0342,376832,15,15,0.8922,7712,0,0,13.055700302124023,7.617000102996826,1.9045000076293945,1.3242000341415405,0.007899999618530273,0.15469999611377716,0,0,0,0,0,0,0,0,0,0,0,0,0
357,46.51539993286133,8.02970027923584,19.873600006103516,4.47790002822876,3.8259999752044678,2.934499979019165,9.770400047302246,1.329699993133545,10000,10009,20000,10006,20000,20000,10000,0.2775000035762787,2.6368000507354736,2.2676000595092773,10000,1.5242999999998599,1.119,1,0.09739999999999999,0.0385,376832,15,15,1.1378,10280,0,0,28.03700065612793,9.797200202941895,2.63700008392334,1.5627000331878662,0.008799999952316284,0.1890999972820282,0.0025,0,0.0867,5.5543,5.8015,0,0.3743,1,1182718,0,0,0,9113
358,42.28730010986328,0.0012000000569969416,21.67729949951172,3.7039999961853027,4.486800193786621,3.7318999767303467,10.900199890136719,0.7864999771118164,10000,10009,20000,10006,20000,20000,10000,0.34869998693466187,3.0552000999450684,3.0638999938964844,10000,1.6566999999998477,1.1048,1,0.1041,0.0393,376832,15,15,1.1747,7712,0,0,21.795400619506836,11.091500282287598,2.795300006866455,1.8274999856948853,0.17319999635219574,0.1729000061750412,0,0,0,0,0,0,0,0,0,0,0,0,0
359,41.80120086669922,0.0010000000474974513,21.226200103759766,3.779400110244751,4.225900173187256,3.8232998847961426,11.074600219726562,0.7825000286102295,10000,10009,20000,10006,20000,20000,10000,0.3181999921798706,2.8422000408172607,2.9307000637054443,10000,1.6474999999998479,1.116,1,0.103,0.0397,376832,15,15,1.1224,7712,0,0,21.346900939941406,11.271200180053711,2.6731998920440674,1.8365000486373901,0.18060000240802765,0.1808999925851822,0,0,0,0,0,0,0,0,0,0,0,0,0
360,54.07149887084961,16.601600646972656,21.335399627685547,3.8032000064849854,4.113699913024902,3.688699960708618,10.808899879455566,0.7818999886512756,10000,10009,20000,10006,20000,20000,10000,0.3091999888420105,3.3020999431610107,2.8661999702453613,10000,0.8393999999999239,0.6079,1,0.0571,0.0251,376832,15,15,0.6532,41256,0,0,38.05839920043945,10.944100379943848,1.4018000364303589,1.0872999429702759,0.11289999634027481,0.1216999962925911,0.0022,0,0.1048,7.7826,13.1134,5.0108,0.4685,1,1184630,113501,9993,24416,9540
361,25.85420036315918,0.000699999975040555,12.749699592590332,1.7937999963760376,2.5144999027252197,2.8166000843048096,6.222599983215332,0.4034999907016754,10000,10009,20000,10006,20000,20000,10000,0.20579999685287476,1.6471999883651733,1.708899974822998,10000,1.012699999999905,0.8507,1,0.0702,0.0349,376832,15,15,1.1094,7712,0,0,12.845000267028809,6.375899791717529,1.8818999528884888,1.3554999828338623,0.14020000398159027,0.13920000195503235,0,0,0,0,0,0,0,0,0,0,0,0,0
362,38.65250015258789,0.0008999999845400453,17.914600372314453,2.9451000690460205,3.3482000827789307,3.757999897003174,11.100600242614746,0.6503000259399414,10000,10009,20000,10006,20000,20000,10000,0.28380000591278076,2.694200038909912,2.171999931335449,10000,1.6499999999998474,1.0816,1,0.10140000000000002,0.0399,376832,15,15,1.2868,7712,0,0,18.016700744628906,11.328100204467773,2.656100034713745,1.7900999784469604,0.20839999616146088,0.17990000545978546,0,0,0,0,0,0,0,0,0,0,0,0,0
363,61.06290054321289,25.62310028076172,21.02589988708496,3.726300001144409,3.9052000045776367,4.355199813842773,8.284299850463867,0.7785999774932861,10000,10009,20000,10006,20000,20000,10000,0.2915000021457672,2.7165000438690186,2.829400062561035,10000,0.9954999999999086,0.6689,1,0.0736,0.029199999999999997,376832,15,15,0.9363,43824,0,0,46.7681999206543,8.439900398254395,1.586400032043457,0.9858999848365784,0.13680000603199005,0.12060000002384186,0.0024,9.67490005493164,0.1031,7.1814,12.3109,4.8128,0.5066,1,1166166,109266,9992,23524,9482
364,23.64620018005371,0.0007999999797903001,12.050000190734863,1.6664999723434448,2.302299976348877,2.5058000087738037,5.661399841308594,0.4090999960899353,10000,10009,20000,10006,20000,20000,10000,0.24629999697208405,1.6742000579833984,1.4918999671936035,10000,0.9029999999999176,0.7058,1,0.0837,0.0295,376832,15,15,0.7665,7712,0,0,12.129400253295898,5.797800064086914,1.6145000457763672,1.2635999917984009,0.1242000013589859,0.15000000596046448,0,0,0,0,0,0,0,0,0,0,0,0,0
365,31.980600357055664,0.000699999975040555,15.539899826049805,2.361799955368042,3.007699966430664,2.937999963760376,8.59179973602295,0.5533000230789185,10000,10009,20000,10006,20000,20000,10000,0.3059000074863434,2.3907999992370605,2.010200023651123,10000,1.2749999999998827,0.8726,1,0.0839,0.036000000000000004,376832,15,15,0.9377,7712,0,0,15.633600234985352,8.771699905395508,2.168299913406372,1.6404000520706177,0.16110000014305115,0.15889999270439148,0,0,0,0,0,0,0,0,0,0,0,0,0
366,44.05720138549805,2.849900007247925,20.57360076904297,3.7653000354766846,3.8973000049591064,3.9007999897003174,11.118200302124023,0.7784000039100647,10000,10009,20000,10006,20000,20000,10000,0.28529998660087585,3.0587000846862793,2.546099901199341,10000,1.6519999999998467,1.1047,1,0.10389999999999999,0.0401,376832,15,15,1.1201,42712,0,0,23.5221004486084,11.35830020904541,2.655100107192993,1.8279999494552612,0.21739999949932098,0.1761000007390976,0,0,0,0,0,0,0,0,0,0,0,0,0
367,36.26129913330078,0.0012000000569969416,15.801199913024902,3.6482999324798584,0.9269999861717224,1.712399959564209,11.254799842834473,0.7806000113487244,10000,10009,20000,10006,20000,20000,10000,0.3172999918460846,2.9811999797821045,2.9265999794006348,10000,1.6737999999998465,1.0867,1,0.10319999999999999,0.049600000000000005,376832,15,15,1.1828,7712,0,0,15.906200408935547,11.283499717712402,2.657900094985962,1.5468000173568726,0.010200000368058681,0.1745000034570694,0,0,0,0,0,0,0,0,0,0,0,0,0
368,39.415401458740234,0.0010999999940395355,16.032100677490234,4.0406999588012695,0.8896999955177307,1.767699956893921,13.613499641418457,0.7918999791145325,10000,10009,20000,10006,20000,20000,10000,0.32019999623298645,2.8427000045776367,2.903599977493286,10000,1.843299999999837,1.0899,1,0.10169999999999998,0.0393,376832,15,15,1.1001,7712,0,0,16.143999099731445,13.646900177001953,2.6451001167297363,1.8543000221252441,0.01209999993443489,0.19619999825954437,0,0,0,0,0,0,0,0,0,0,0,0,0
369,55.24689865112305,10.72700023651123,21.701400756835938,3.7832000255584717,3.851599931716919,3.1638998985290527,14.63700008392334,0.7894999980926514,10000,10009,20000,10006,20000,20000,10000,0.3912000060081482,4.174600124359131,2.9928998947143555,10000,1.6962999999998438,0.7718,1,0.0932,0.039099999999999996,376832,15,15,1.1817,10280,0,0,32.5359001159668,14.672599792480469,1.9316999912261963,1.23989999294281,0.013500000350177288,0.1404000073671341,0.002,0,0.1047,7.8892,8.2178,0,0.5115,1,1146606,0,0,0,8993
370,29.77829933166504,0.0007999999797903001,14.152000427246094,2.18149995803833,2.796299934387207,2.6047000885009766,7.732500076293945,0.5012999773025513,10000,10009,20000,10006,20000,20000,10000,0.3052999973297119,2.065500020980835,1.822700023651123,10000,1.2515999999998852,1.0282,1,0.0827,0.0356,376832,15,15,0.9823,7712,0,0,14.2568998336792,7.894899845123291,2.33870005607605,1.5420000553131104,0.1446000039577484,0.15219999849796295,0,0,0,0,0,0,0,0,0,0,0,0,0
371,41.38520050048828,0.0010000000474974513,20.916500091552734,3.422499895095825,4.2829999923706055,4.10260009765625,11.05519962310791,1.0570000410079956,10000,10009,20000,10006,20000,20000,10000,0.3334999978542328,2.817500114440918,2.600399971008301,10000,1.6324999999998488,1.0554,1,0.10139999999999999,0.0408,376832,15,15,1.1209,7712,0,0,21.034799575805664,11.253800392150879,2.606800079345703,1.8250000476837158,0.17800000309944153,0.17270000278949738,0,0,0,0,0,0,0,0,0,0,0,0,0
372,52.419498443603516,14.875900268554688,19.99220085144043,3.400899887084961,3.824199914932251,3.927500009536743,11.655500411987305,0.760200023651123,10000,10009,20000,10006,20000,20000,10000,0.3452000021934509,2.7776999473571777,2.649399995803833,10000,1.0586999999999043,0.5843,1,0.059800000000000006,0.029899999999999996,376832,15,15,0.6876,40608,0,0,34.974300384521484,11.817099571228027,1.360200047492981,1.093999981880188,0.14149999618530273,0.11760000139474869,0.0024,0,0.1038,6.7819,11.3902,4.3051,0.4339,1,1151030,114285,9991,24781,9453
373,24.451499938964844,0.0008999999845400453,12.659299850463867,1.7862999439239502,2.856300115585327,2.143899917602539,5.85860013961792,0.435699999332428,10000,10009,20000,10006,20000,20000,10000,0.21080000698566437,1.6921000480651855,1.785099983215332,10000,0.9045999999999169,0.7031,1,0.0643,0.029200000000000004,376832,15,15,0.7639,7712,0,0,12.740500450134277,6.004899978637695,1.6026999950408936,1.2617000341415405,0.13300000131130219,0.133200004696846,0,0,0,0,0,0,0,0,0,0,0,0,0
374,32.74620056152344,0.0007999999797903001,15.847399711608887,2.440999984741211,3.253700017929077,3.2163000106811523,8.25730037689209,0.5537999868392944,10000,10009,20000,10006,20000,20000,10000,0.26570001244544983,2.23580002784729,1.9282000064849854,10000,1.335699999999877,1.1523,1,0.09020000000000002,0.036699999999999997,376832,15,15,1.0423,7712,0,0,15.93220043182373,8.439499855041504,2.693000078201294,1.6690000295639038,0.1648000031709671,0.16279999911785126,0,0,0,0,0,0,0,0,0,0,0,0,0
375,67.11499786376953,24.792800903320312,23.36720085144043,3.7409000396728516,4.540999889373779,3.715100049972534,11.349200248718262,0.794700026512146,10000,10009,20000,10006,20000,20000,10000,0.3411000072956085,4.746099948883057,2.949700117111206,10000,1.2199999999998883,0.8937,1,0.0925,0.0411,376832,15,15,1.1805,42936,0,0,48.26070022583008,11.5423002243042,2.032099962234497,1.2884999513626099,0.16769999265670776,0.1462000012397766,0.002,9.002300262451172,0.101,7.3114,12.2501,4.6312,0.4964,1,1134352,107139,9992,23038,9364
376,29.097299575805664,0.0006000000284984708,14.93280029296875,1.9776999950408936,2.9321999549865723,2.5276999473571777,6.796999931335449,0.4544000029563904,10000,10009,20000,10006,20000,20000,10000,0.44519999623298645,1.955399990081787,2.5383999347686768,10000,1.1670999999998963,0.8174,1,0.07300000000000001,0.0377,376832,15,15,0.9595,7712,0,0,15.072799682617188,6.954800128936768,1.9879000186920166,1.5133999586105347,0.1420000046491623,0.14880000054836273,0,0,0,0,0,0,0,0,0,0,0,0,0
377,37.34880065917969,0.0007999999797903001,17.56529998779297,2.919600009918213,3.5446999073028564,3.2458999156951904,10.443099975585938,0.6396999955177307,10000,10009,20000,10006,20000,20000,10000,0.2264000028371811,2.6628000736236572,2.2309000492095947,10000,1.6309999999998492,1.0421,1,0.10250000000000001,0.040100000000000004,376832,15,15,1.0813,7712,0,0,17.676000595092773,10.66569995880127,2.5869998931884766,1.7968000173568726,0.20419999957084656,0.18070000410079956,0,0,0,0,0,0,0,0,0,0,0,0,0
378,44.61280059814453,3.1038999557495117,20.812999725341797,3.702699899673462,3.9335999488830566,3.828200101852417,11.20300006866455,0.7821999788284302,10000,10009,20000,10006,20000,20000,10000,0.28700000047683716,2.9791998863220215,2.879199981689453,10000,1.6504999999998482,1.0686,1,0.10400000000000001,0.0411,376832,15,15,1.1392,42496,0,0,24.019899368286133,11.435500144958496,2.6401000022888184,1.8428000211715698,0.21529999375343323,0.17430000007152557,0,0,0,0,0,0,0,0,0,0,0,0,0
379,36.99079895019531,0.0007999999797903001,16.40530014038086,3.716900110244751,1.0541000366210938,1.854699969291687,11.0871000289917,0.7961999773979187,10000,10009,20000,10006,20000,20000,10000,0.33869999647140503,3.009200096130371,3.057800054550171,10000,1.6518999999998492,1.0802,1,0.1011,0.038599999999999995,376832,15,15,1.2651,7712,0,0,16.523700714111328,11.118399620056152,2.645400047302246,1.8136999607086182,0.009100000374019146,0.16349999606609344,0,0,0,0,0,0,0,0,0,0,0,0,0
380,37.66630172729492,0.0010000000474974513,17.03510093688965,3.6679000854492188,0.88919997215271,2.645699977874756,11.326399803161621,0.7820000052452087,10000,10009,20000,10006,20000,20000,10000,0.2809999883174896,3.2934000492095947,2.9274001121520996,10000,1.694699999999843,1.0638,1,0.1217,0.0504,376832,15,15,1.1869,7712,0,0,17.164600372314453,11.359299659729004,2.6350998878479004,1.5702999830245972,0.008999999612569809,0.1761000007390976,0,0,0,0,0,0,0,0,0,0,0,0,0
381,46.8140983581543,9.159000396728516,19.190500259399414,3.4451000690460205,3.0518999099731445,3.6505000591278076,11.152000427246094,0.7515000104904175,10000,10009,20000,10006,20000,20000,10000,0.3091000020503998,2.9872000217437744,2.5933001041412354,10000,1.3645999999998768,0.9493,1,0.0817,0.039,376832,15,15,1.0913,10280,0,0,28.470199584960938,11.179400444030762,2.02620005607605,1.0807000398635864,0.008799999952316284,0.13379999995231628,0.002,0,0.1034,6.3385,6.6438,0,0.4088,1,1111506,0,0,0,8847
382,34.149898529052734,0.0008999999845400453,16.216800689697266,2.679800033569336,2.779900074005127,2.8406999111175537,10.037400245666504,0.49390000104904175,10000,10009,20000,10006,20000,20000,10000,0.21709999442100525,3.522200107574463,1.7728999853134155,10000,1.3040999999998804,0.8947,1,0.0862,0.0377,376832,15,15,0.9621,7712,0,0,16.313100814819336,10.208800315856934,2.178100109100342,1.5973000526428223,0.15039999783039093,0.16179999709129333,0,0,0,0,0,0,0,0,0,0,0,0,0
383,39.9026985168457,0.0008999999845400453,19.630199432373047,3.3394999504089355,3.802299976348877,3.635499954223633,10.777400016784668,0.7473999857902527,10000,10009,20000,10006,20000,20000,10000,0.3172000050544739,2.7537999153137207,2.439500093460083,10000,1.6347999999998493,1.0594,1,0.10239999999999999,0.042300000000000004,376832,15,15,1.2999,7712,0,0,19.74220085144043,10.968299865722656,2.6094000339508057,1.7608000040054321,0.17329999804496765,0.1615999937057495,0,0,0,0,0,0,0,0,0,0,0,0,0
384,49.40620040893555,13.067999839782715,19.779800415039062,3.596299886703491,3.7439000606536865,3.6886000633239746,10.617600440979004,0.7760000228881836,10000,10009,20000,10006,20000,20000,10000,0.31709998846054077,2.8369998931884766,2.4904000759124756,10000,1.0128999999999064,0.685,1,0.066,0.029400000000000003,376832,15,15,0.7158,42560,0,0,32.96030044555664,10.766799926757812,1.5642999410629272,1.1180000305175781,0.13199999928474426,0.1316000074148178,0.0021,0,0.086,5.9041,9.9814,3.8257,0.3977,1,1122118,111317,9992,24129,9319
385,26.332300186157227,0.0008999999845400453,12.749300003051758,1.8722000122070312,2.676100015640259,2.3348000049591064,6.7342000007629395,0.44999998807907104,10000,10009,20000,10006,20000,20000,10000,0.1949000060558319,1.7644000053405762,1.6434999704360962,10000,1.0415999999999024,0.7987,1,0.0728,0.0341,376832,15,15,0.9859,7712,0,0,12.84280014038086,6.883299827575684,1.92330002784729,1.347599983215332,0.13420000672340393,0.12680000066757202,0,0,0,0,0,0,0,0,0,0,0,0,0
386,36.029598236083984,0.0008999999845400453,17.03059959411621,2.7539000511169434,3.2939999103546143,3.20169997215271,9.422100067138672,0.6237000226974487,10000,10009,20000,10006,20000,20000,10000,0.2957000136375427,2.5638999938964844,2.200200080871582,10000,1.564999999999856,1.2686,1,0.09990000000000002,0.0545,376832,15,15,1.2141,7712,0,0,17.13170051574707,9.630499839782715,2.822200059890747,1.8346999883651733,0.19099999964237213,0.17170000076293945,0,0,0,0,0,0,0,0,0,0,0,0,0
387,61.80630111694336,26.05229949951172,21.4281005859375,3.7597999572753906,4.116099834442139,3.700200080871582,8.567999839782715,0.7861999869346619,10000,10009,20000,10006,20000,20000,10000,0.3165000081062317,2.883500099182129,3.253700017929077,10000,0.9171999999999165,0.6861,1,0.0602,0.0317,376832,15,15,0.7671,38336,0,0,47.5968017578125,8.718600273132324,1.5037000179290771,1.1273000240325928,0.1362999975681305,0.12489999830722809,0.0022,9.66450023651123,0.1041,7.6888,12.5876,4.5781,0.4888,1,1105996,104264,9992,22171,9229
388,25.676700592041016,0.0010000000474974513,12.65410041809082,1.822100043296814,2.7007999420166016,2.2397000789642334,6.511099815368652,0.4323999881744385,10000,10009,20000,10006,20000,20000,10000,0.23100000619888306,1.7353999614715576,1.6957999467849731,10000,1.0234999999999044,0.7475,1,0.069,0.0338,376832,15,15,0.8257,7712,0,0,12.749699592590332,6.664999961853027,1.788599967956543,1.3464000225067139,0.14000000059604645,0.13850000500679016,0,0,0,0,0,0,0,0,0,0,0,0,0
389,38.410499572753906,0.0008999999845400453,17.93709945678711,2.9639999866485596,3.3926000595092773,3.486299991607666,11.001500129699707,0.6610000133514404,10000,10009,20000,10006,20000,20000,10000,0.2549000084400177,2.7983999252319336,2.210099935531616,10000,1.658799999999848,1.0715,1,0.10360000000000001,0.0422,376832,15,15,1.1104,7712,0,0,18.024900436401367,11.220999717712402,2.6405999660491943,1.8494000434875488,0.20170000195503235,0.17219999432563782,0,0,0,0,0,0,0,0,0,0,0,0,0
390,45.38330078125,3.1566998958587646,21.40850067138672,3.6542999744415283,4.0065999031066895,3.7908999919891357,11.106800079345703,0.7919999957084656,10000,10009,20000,10006,20000,20000,10000,0.31040000915527344,3.1184000968933105,3.2555999755859375,10000,1.6781999999998478,1.1366,1,0.1033,0.0441,376832,15,15,1.1987,47128,0,0,24.669599533081055,11.327799797058105,2.7509000301361084,1.830899953842163,0.20020000636577606,0.17589999735355377,0,0,0,0,0,0,0,0,0,0,0,0,0
391,41.4906005859375,0.0012000000569969416,19.864999771118164,6.29040002822876,1.0666999816894531,1.7714999914169312,11.768799781799316,1.2348999977111816,10000,10009,20000,10006,20000,20000,10000,0.3312999904155731,2.9658000469207764,2.866499900817871,10000,1.6412999999998488,1.5464,1,0.1019,0.0387,376832,15,15,1.1714,7712,0,0,19.98069953918457,11.800399780273438,3.1410000324249268,1.8183000087738037,0.00989999994635582,0.2021999955177307,0,0,0,0,0,0,0,0,0,0,0,0,0
392,34.73789978027344,0.0007999999797903001,14.541199684143066,2.952199935913086,0.762499988079071,1.6049000024795532,10.679100036621094,0.6460000276565552,10000,10009,20000,10006,20000,20000,10000,0.24650000035762787,3.3427000045776367,2.3864998817443848,10000,1.6712999999998466,1.2385,1,0.10189999999999999,0.040100000000000004,376832,15,15,1.2848,7712,0,0,14.696900367736816,10.707599639892578,2.847899913787842,1.5688999891281128,0.008700000122189522,0.1671999990940094,0,0,0,0,0,0,0,0,0,0,0,0,0
393,47.95389938354492,9.870200157165527,20.042200088500977,3.783400058746338,3.254499912261963,3.0977001190185547,11.036999702453613,0.7926999926567078,10000,10009,20000,10006,20000,20000,10000,0.36640000343322754,3.2465999126434326,3.023900032043457,10000,1.2905999999998827,0.7977,1,0.0795,0.039099999999999996,376832,15,15,1.0135,10280,0,0,30.036399841308594,11.06760025024414,1.8454999923706055,1.1461000442504883,0.009600000455975533,0.14869999885559082,0.0021,0,0.1044,6.8207,7.1839,0.0001,0.4563,1,1088088,0,0,0,8682
394,27.9955997467041,0.000699999975040555,14.464400291442871,2.0985000133514404,2.8585000038146973,2.973400115966797,6.888000011444092,0.4677000045776367,10000,10009,20000,10006,20000,20000,10000,0.24969999492168427,2.0897998809814453,1.8553999662399292,10000,1.0708999999999003,0.7686,1,0.0708,0.0288,376832,15,15,0.8106,7712,0,0,14.566499710083008,7.026199817657471,1.8102999925613403,1.3464000225067139,0.12349999696016312,0.1386999934911728,0,0,0,0,0,0,0,0,0,0,0,0,0
395,36.26449966430664,0.0010000000474974513,17.25550079345703,2.8803000450134277,3.3961000442504883,3.1895999908447266,9.923700332641602,0.6536999940872192,10000,10009,20000,10006,20000,20000,10000,0.2847000062465668,2.4665000438690186,2.2302000522613525,10000,1.51759999999986,1.0328,1,0.09709999999999999,0.0405,376832,15,15,1.0444,7712,0,0,17.341400146484375,10.105600357055664,2.5220000743865967,1.930400013923645,0.1615000069141388,0.17749999463558197,0,0,0,0,0,0,0,0,0,0,0,0,0
396,61.081600189208984,25.207799911499023,21.20709991455078,3.99429988861084,4.15339994430542,3.7328999042510986,8.68179988861084,0.7813000082969666,10000,10009,20000,10006,20000,20000,10000,0.3012999892234802,2.884200096130371,2.879300117492676,10000,0.8644999999999212,0.6326,1,0.06130000000000001,0.0294,376832,15,15,1.0123,34288,0,0,46.542301177978516,8.813300132751465,1.5460000038146973,1.0745999813079834,0.11379999667406082,0.12160000205039978,0.0021,9.821800231933594,0.1052,6.995,11.8623,4.5423,0.4871,1,1096390,109046,9990,23038,9237
397,26.03260040283203,0.0007999999797903001,13.551300048828125,2.074199914932251,3.080199956893921,2.4848999977111816,6.151100158691406,0.43619999289512634,10000,10009,20000,10006,20000,20000,10000,0.2563000023365021,1.8249000310897827,1.6158000230789185,10000,0.9735999999999098,0.7677,1,0.07289999999999999,0.034,376832,15,15,0.8198,7712,0,0,13.631199836730957,6.298699855804443,1.7231999635696411,1.3076000213623047,0.1339000016450882,0.1688999980688095,0,0,0,0,0,0,0,0,0,0,0,0,0
398,33.94089889526367,0.0007999999797903001,15.996500015258789,2.611999988555908,3.1078999042510986,2.943000078201294,8.878899574279785,0.5842000246047974,10000,10009,20000,10006,20000,20000,10000,0.263700008392334,2.388700008392334,2.1201999187469482,10000,1.4435999999998668,1.17,1,0.09609999999999999,0.04,376832,15,15,1.1754,7712,0,0,16.08289909362793,9.066300392150879,2.703200101852417,1.7654000520706177,0.16840000450611115,0.16089999675750732,0,0,0,0,0,0,0,0,0,0,0,0,0
399,63.308998107910156,25.816999435424805,21.011199951171875,3.6953001022338867,4.109399795532227,3.7086000442504883,10.084699630737305,0.7706999778747559,10000,10009,20000,10006,20000,20000,10000,0.3377000093460083,2.9746999740600586,3.0190000534057617,10000,1.0320999999999056,0.6725,1,0.06559999999999999,0.0284,376832,15,15,1.0011,40400,0,0,46.92689895629883,10.243300437927246,1.5752999782562256,1.212499976158142,0.14229999482631683,0.12849999964237213,0.0022,10.842000007629395,0.1053,6.6349,11.3777,4.4172,0.499,1,1080570,101477,9990,21263,9116
400,26.34079933166504,0.0005000000237487257,12.826700210571289,1.8320000171661377,2.5878000259399414,2.4820001125335693,6.617499828338623,0.4348999857902527,10000,10009,20000,10006,20000,20000,10000,0.3361000120639801,1.7487000226974487,1.694200038909912,10000,1.0361999999999028,0.7953,1,0.0713,0.0306,376832,15,15,1.0063,7712,0,0,12.918899536132812,6.768799781799316,1.9206000566482544,1.3696999549865723,0.13770000636577606,0.15569999814033508,0,0,0,0,0,0,0,0,0,0,0,0,0
401,38.544700622558594,0.0010999999940395355,17.688199996948242,2.9477999210357666,3.3006999492645264,3.5380001068115234,11.42959976196289,0.6787999868392944,10000,10009,20000,10006,20000,20000,10000,0.2766000032424927,2.6703999042510986,2.230799913406372,10000,1.6428999999998486,1.0688,1,0.1018,0.0401,376832,15,15,1.1403,7712,0,0,17.777700424194336,11.651000022888184,2.6135001182556152,1.8068000078201294,0.2012999951839447,0.17599999904632568,0,0,0,0,0,0,0,0,0,0,0,0,0
402,44.406700134277344,2.933799982070923,20.678800582885742,3.637399911880493,3.9577999114990234,3.877500057220459,11.163800239562988,0.7741000056266785,10000,10009,20000,10006,20000,20000,10000,0.28600001335144043,2.9702999591827393,2.7962000370025635,10000,1.6734999999998468,1.0691,1,0.1042,0.0412,376832,15,15,1.1686,34216,0,0,23.73110008239746,11.383099555969238,2.6816000938415527,1.8241000175476074,0.20170000195503235,0.17260000109672546,0,0,0,0,0,0,0,0,0,0,0,0,0
403,37.129398345947266,0.000699999975040555,16.890600204467773,3.9398999214172363,1.054800033569336,2.4707999229431152,11.211299896240234,0.7878999710083008,10000,10009,20000,10006,20000,20000,10000,0.3215999901294708,2.84089994430542,2.947999954223633,10000,1.6376999999998487,1.0365,1,0.10239999999999999,0.0426,376832,15,15,1.1604,7712,0,0,16.993499755859375,11.242799758911133,2.627700090408325,1.5455000400543213,0.009499999694526196,0.18780000507831573,0,0,0,0,0,0,0,0,0,0,0,0,0
404,36.19729995727539,0.0013000000035390258,15.949600219726562,3.6989998817443848,0.9383999705314636,1.825600028038025,11.070500373840332,0.7763000130653381,10000,10009,20000,10006,20000,20000,10000,0.30140000581741333,2.9147000312805176,2.9851999282836914,10000,1.6368999999998493,1.0478,1,0.1029,0.038900000000000004,376832,15,15,1.2381,7712,0,0,16.06730079650879,11.101699829101562,2.6879000663757324,1.5546000003814697,0.010099999606609344,0.16979999840259552,0,0,0,0,0,0,0,0,0,0,0,0,0
405,48.463600158691406,9.535900115966797,19.433000564575195,3.7021000385284424,3.188800096511841,3.150399923324585,10.941499710083008,0.7764000296592712,10000,10009,20000,10006,20000,20000,10000,0.30959999561309814,2.989300012588501,2.8838999271392822,10000,1.6370999999998483,0.9171,1,0.1015,0.0406,376832,15,15,1.1838,10280,0,0,29.07200050354004,10.965900421142578,2.432800054550171,1.3039000034332275,0.008100000210106373,0.14489999413490295,0.0025,0,0.1044,6.697,7.0625,0.0001,0.449,1,1067564,0,0,0,8506
406,39.9650993347168,0.0007999999797903001,20.06089973449707,3.011699914932251,5.064899921417236,3.207900047302246,10.94379997253418,0.6528000235557556,10000,10009,20000,10006,20000,20000,10000,0.23970000445842743,2.874300003051758,2.8083999156951904,10000,1.646099999999848,0.952,1,0.10529999999999999,0.0397,376832,15,15,1.2989,7712,0,0,20.170799255371094,11.127599716186523,2.375499963760376,1.4040000438690186,0.16590000689029694,0.1467999964952469,0,0,0,0,0,0,0,0,0,0,0,0,0
407,31.380699157714844,0.0007999999797903001,15.223600387573242,2.2528998851776123,3.0508999824523926,2.835400104522705,8.107000350952148,0.5200999975204468,10000,10009,20000,10006,20000,20000,10000,0.35600000619888306,2.2235000133514404,2.054800033569336,10000,1.2510999999998846,1.0308,1,0.0851,0.033100000000000004,376832,15,15,1.1833,7712,0,0,15.313699722290039,8.25879955291748,2.2846999168395996,1.5601999759674072,0.1354999989271164,0.1597999930381775,0,0,0,0,0,0,0,0,0,0,0,0,0
408,52.65330123901367,14.106300354003906,20.569299697875977,3.613100051879883,4.104800224304199,3.8071000576019287,10.906200408935547,0.7893999814987183,10000,10009,20000,10006,20000,20000,10000,0.30309998989105225,2.845900058746338,2.7660000324249268,10000,1.2857999999998828,0.708,1,0.0762,0.036699999999999997,376832,15,15,1.0734,38592,0,0,34.77370071411133,11.06879997253418,1.6793999671936035,1.2272000312805176,0.1467999964952469,0.13169999420642853,0.0023,0,0.1256,6.2613,10.6926,4.1034,0.4584,1,1079366,110549,9990,23925,9071
409,28.05620002746582,0.0007999999797903001,13.597900390625,1.9348000288009644,2.66510009765625,2.7211999893188477,6.837299823760986,0.4652999937534332,10000,10009,20000,10006,20000,20000,10000,0.2298000007867813,2.0246999263763428,1.7681000232696533,10000,1.0786999999999003,1.0546,1,0.0736,0.0363,376832,15,15,0.964,7712,0,0,13.694100379943848,6.98799991607666,2.190200090408325,1.7590999603271484,0.13529999554157257,0.1639000028371811,0,0,0,0,0,0,0,0,0,0,0,0,0
410,42.45140075683594,0.000699999975040555,22.08989906311035,3.2418999671936035,5.429200172424316,3.523200035095215,10.963700294494629,0.820900022983551,10000,10009,20000,10006,20000,20000,10000,0.2971999943256378,2.77239990234375,3.2946999073028564,10000,1.6385999999998484,1.0364,1,0.10139999999999999,0.0411,376832,15,15,1.1161,7712,0,0,22.223800659179688,11.178500175476074,2.578000068664551,1.7999999523162842,0.1987999975681305,0.19419999420642853,0,0,0,0,0,0,0,0,0,0,0,0,0
411,57.454898834228516,24.88800048828125,20.791099548339844,3.6803998947143555,4.174200057983398,4.186399936676025,6.516900062561035,0.8170999884605408,10000,10009,20000,10006,20000,20000,10000,0.2824000120162964,2.3987998962402344,2.8947999477386475,10000,0.7777999999999307,0.5151,1,0.055099999999999996,0.028200000000000003,376832,15,15,0.6558,40624,0,0,45.80830001831055,6.646500110626221,1.2697999477386475,1.2483999729156494,0.11479999870061874,0.12189999967813492,0.0021,9.746800422668457,0.1061,6.7472,11.6208,4.5308,0.4657,1,1063782,105539,9990,22568,8950
412,24.445199966430664,0.0006000000284984708,12.327799797058105,1.8468999862670898,2.484100103378296,2.524399995803833,5.919300079345703,0.4074000120162964,10000,10009,20000,10006,20000,20000,10000,0.22789999842643738,1.5793999433517456,1.5752999782562256,10000,0.9266999999999143,0.6945,1,0.064,0.0376,376832,15,15,0.9349,7712,0,0,12.424099922180176,6.059299945831299,1.6311999559402466,1.2615000009536743,0.12680000066757202,0.13339999318122864,0,0,0,0,0,0,0,0,0,0,0,0,0
413,33.90850067138672,0.000699999975040555,15.709400177001953,2.4709999561309814,3.0044000148773193,3.156399965286255,9.046199798583984,0.5620999932289124,10000,10009,20000,10006,20000,20000,10000,0.25130000710487366,2.3085999488830566,2.031399965286255,10000,1.4968999999998622,1.0222,1,0.09580000000000001,0.0377,376832,15,15,1.21,7712,0,0,15.798999786376953,9.230600357055664,2.4791998863220215,1.7789000272750854,0.16670000553131104,0.18029999732971191,0,0,0,0,0,0,0,0,0,0,0,0,0
414,44.68299865722656,2.8965001106262207,20.158199310302734,3.6215999126434326,3.9647998809814453,3.553100109100342,11.146100044250488,0.7710000276565552,10000,10009,20000,10006,20000,20000,10000,0.2703999876976013,2.8889000415802,2.750200033187866,10000,1.6396999999998487,1.4915,1,0.10149999999999999,0.0354,376832,15,15,1.2658,35976,0,0,23.191499710083008,11.34529972076416,3.1110000610351562,2.177999973297119,0.18140000104904175,0.17890000343322754,0,0,0,0,0,0,0,0,0,0,0,0,0
415,35.89569854736328,0.0008999999845400453,15.791099548339844,3.7471001148223877,0.8952999711036682,1.7854000329971313,10.959799766540527,0.7692000269889832,10000,10009,20000,10006,20000,20000,10000,0.3301999866962433,2.8473000526428223,2.9686999320983887,10000,1.7227999999998445,1.0522,1,0.1043,0.0486,376832,15,15,1.1335,7712,0,0,15.90310001373291,10.98449993133545,2.6294000148773193,1.5370999574661255,0.00860000029206276,0.16120000183582306,0,0,0,0,0,0,0,0,0,0,0,0,0
416,37.137298583984375,0.0010999999940395355,16.839000701904297,3.7126998901367188,0.9240999817848206,2.093600034713745,11.048999786376953,0.8906999826431274,10000,10009,20000,10006,20000,20000,10000,0.367000013589859,3.2920000553131104,2.9793999195098877,10000,1.6556999999998472,1.1104,1,0.10139999999999999,0.0388,376832,15,15,1.2888,7712,0,0,16.938100814819336,11.078700065612793,2.6679000854492188,1.5676000118255615,0.007799999788403511,0.18140000104904175,0,0,0,0,0,0,0,0,0,0,0,0,0
417,50.243900299072266,9.522700309753418,20.05030059814453,3.7455999851226807,3.350100040435791,3.198699951171875,11.536499977111816,0.9240000247955322,10000,10009,20000,10006,20000,20000,10000,0.4325999915599823,2.9221999645233154,2.9619998931884766,10000,1.6472999999998483,1.2018,1,0.10400000000000001,0.048600000000000004,376832,15,15,1.1743,10280,0,0,29.684999465942383,11.565799713134766,2.739500045776367,1.5343999862670898,0.009100000374019146,0.16439999639987946,0.0022,0,0.1027,6.4754,6.8388,0.0001,0.5336,1,1041840,0,0,0,8333
418,37.277801513671875,0.000699999975040555,17.326400756835938,2.791800022125244,3.3880999088287354,3.232300043106079,10.60830020904541,0.6553000211715698,10000,10009,20000,10006,20000,20000,10000,0.27799999713897705,2.5710999965667725,2.252000093460083,10000,1.6377999999998485,1.1131,1,0.104,0.0412,376832,15,15,1.1592,7712,0,0,17.421499252319336,10.789400100708008,2.8661000728607178,1.5305999517440796,0.16110000014305115,0.147599995136261,0,0,0,0,0,0,0,0,0,0,0,0,0
419,31.765600204467773,0.000699999975040555,16.172500610351562,2.3938000202178955,3.1784000396728516,3.1398000717163086,8.107199668884277,0.5365999937057495,10000,10009,20000,10006,20000,20000,10000,0.2745000123977661,2.1322999000549316,2.4502999782562256,10000,1.2348999999998866,0.9208,1,0.0819,0.0419,376832,15,15,0.9033,7712,0,0,16.26729965209961,8.2524995803833,2.1122000217437744,1.4835000038146973,0.12960000336170197,0.14010000228881836,0,0,0,0,0,0,0,0,0,0,0,0,0
420,49.71200180053711,12.986700057983398,18.983600616455078,3.454400062561035,3.802999973297119,3.360599994659424,10.574799537658691,0.717199981212616,10000,10009,20000,10006,20000,20000,10000,0.2782999873161316,2.661600112915039,2.479300022125244,10000,1.3717999999998756,0.7397,1,0.0802,0.0347,376832,15,15,0.8673,29880,0,0,32.066001892089844,10.749199867248535,1.7922999858856201,1.256700038909912,0.15780000388622284,0.13289999961853027,0.0019,0,0.0837,5.7508,9.9024,3.8039,0.396,1,1055666,109786,9993,23934,8892
421,33.444801330566406,0.000699999975040555,18.707300186157227,3.7734999656677246,4.416200160980225,3.1173999309539795,7.6905999183654785,0.7584999799728394,10000,10009,20000,10006,20000,20000,10000,0.25780001282691956,2.0660998821258545,2.0165998935699463,10000,1.1373999999998945,0.8012,1,0.09820000000000001,0.0371,376832,15,15,0.9519,7712,0,0,18.804399490356445,7.858799934387207,1.8823000192642212,1.378600001335144,0.1509000062942505,0.14990000426769257,0,0,0,0,0,0,0,0,0,0,0,0,0
422,37.01430130004883,0.0007999999797903001,17.976600646972656,2.799799919128418,3.488800048828125,3.136399984359741,9.70460033416748,0.6290000081062317,10000,10009,20000,10006,20000,20000,10000,0.27090001106262207,2.5594000816345215,3.0011000633239746,10000,1.586999999999853,1.0941,1,0.10229999999999999,0.0412,376832,15,15,1.1394,7712,0,0,18.08009910583496,9.888199806213379,2.6696999073028564,1.8011000156402588,0.16689999401569366,0.16779999434947968,0,0,0,0,0,0,0,0,0,0,0,0,0
423,59.89250183105469,25.417600631713867,21.148399353027344,3.6314001083374023,4.076300144195557,4.12470006942749,7.601900100708008,0.7706999778747559,10000,10009,20000,10006,20000,20000,10000,0.3248000144958496,2.9453001022338867,2.894200086593628,10000,0.8572999999999223,0.7455,1,0.05789999999999999,0.024900000000000002,376832,15,15,0.6851,32280,0,0,46.68659973144531,7.744100093841553,1.5103000402450562,1.3149000406265259,0.1256999969482422,0.1168999969959259,0.0022,10.02400016784668,0.1015,7.1001,11.9467,4.482,0.5065,1,1040728,101529,9992,21487,8749
424,25.446699142456055,0.0007999999797903001,12.76930046081543,1.7324999570846558,2.541100025177002,2.875699996948242,5.991199970245361,0.4187000095844269,10000,10009,20000,10006,20000,20000,10000,0.22769999504089355,1.6865999698638916,1.5809999704360962,10000,0.9487999999999124,0.911,1,0.0655,0.033299999999999996,376832,15,15,0.8782,7712,0,0,12.857399940490723,6.127699851989746,1.8861000537872314,1.5497000217437744,0.1225999966263771,0.1298999935388565,0,0,0,0,0,0,0,0,0,0,0,0,0
425,34.0010986328125,0.000699999975040555,16.62820053100586,2.5899999141693115,3.3650999069213867,3.087100028991699,9.045599937438965,0.5849000215530396,10000,10009,20000,10006,20000,20000,10000,0.262800008058548,2.626199960708618,2.1349000930786133,10000,1.3286999999998776,0.9464,1,0.08689999999999999,0.0374,376832,15,15,1.1996,7712,0,0,16.730100631713867,9.220399856567383,2.3294999599456787,1.5611000061035156,0.155799999833107,0.1574999988079071,0,0,0,0,0,0,0,0,0,0,0,0,0
426,43.87820053100586,2.938699960708618,19.598100662231445,3.4200000762939453,3.814500093460083,3.5701000690460205,11.640000343322754,0.7615000009536743,10000,10009,20000,10006,20000,20000,10000,0.39809998869895935,2.7490999698638916,2.4077000617980957,10000,1.5571999999998574,1.1119,1,0.0957,0.0407,376832,15,15,1.4712,31008,0,0,22.654499053955078,11.865500450134277,2.743000030517578,1.7092000246047974,0.20409999787807465,0.164900004863739,0,0,0,0,0,0,0,0,0,0,0,0,0
427,36.45899963378906,0.0008999999845400453,15.880200386047363,3.4618000984191895,0.9453999996185303,2.148400068283081,11.359100341796875,0.7386000156402588,10000,10009,20000,10006,20000,20000,10000,0.28630000352859497,2.812700033187866,3.055299997329712,10000,1.6311999999998492,1.1887,1,0.10320000000000001,0.039099999999999996,376832,15,15,1.137,7712,0,0,15.993000030517578,11.389699935913086,2.7846999168395996,1.6109999418258667,0.009100000374019146,0.16949999332427979,0,0,0,0,0,0,0,0,0,0,0,0,0
428,37.372398376464844,0.0007999999797903001,16.58930015563965,3.8447999954223633,0.9998000264167786,1.8184000253677368,11.594799995422363,0.9180999994277954,10000,10009,20000,10006,20000,20000,10000,0.33079999685287476,2.8893001079559326,3.1449999809265137,10000,1.6334999999998496,1.0739,1,0.1006,0.0388,376832,15,15,1.2953,7712,0,0,16.700700759887695,11.626099586486816,2.6363000869750977,1.5666999816894531,0.00930000003427267,0.1762000024318695,0,0,0,0,0,0,0,0,0,0,0,0,0
429,50.48640060424805,9.33590030670166,20.07200050354004,4.0594000816345215,3.306999921798706,3.0299999713897705,12.25730037689209,0.777400016784668,10000,10009,20000,10006,20000,20000,10000,0.3472999930381775,3.079699993133545,2.9519999027252197,10000,1.6399999999998485,1.119,1,0.1177,0.0405,376832,15,15,1.2612,10280,0,0,29.507600784301758,12.291500091552734,2.5692999362945557,1.2910000085830688,0.009399999864399433,0.14659999310970306,0.0021,0,0.1031,6.4258,6.8105,0,0.4728,1,1024364,0,0,0,8124
430,33.16419982910156,0.0008999999845400453,16.213499069213867,2.395900011062622,3.0752999782562256,3.055999994277954,8.544099807739258,0.5547999739646912,10000,10009,20000,10006,20000,20000,10000,0.21899999678134918,2.4581000804901123,2.4089999198913574,10000,1.3096999999998795,1.103,1,0.0895,0.0339,376832,15,15,1.1183,7712,0,0,16.319799423217773,8.693599700927734,2.450000047683716,1.6715999841690063,0.13120000064373016,0.186599999666214,0,0,0,0,0,0,0,0,0,0,0,0,0
431,41.56850051879883,0.0010000000474974513,20.891300201416016,3.5487000942230225,3.8533999919891357,3.9495999813079834,11.037099838256836,0.8996000289916992,10000,10009,20000,10006,20000,20000,10000,0.34200000762939453,3.0295000076293945,2.700700044631958,10000,1.740899999999849,1.0807,1,0.1102,0.0412,376832,15,15,1.1775,7712,0,0,21.005599975585938,11.20829963684082,2.6594998836517334,1.8377000093460083,0.15320000052452087,0.16869999468326569,0,0,0,0,0,0,0,0,0,0,0,0,0
432,49.2588996887207,12.729700088500977,20.75309944152832,4.824900150299072,3.907099962234497,3.6586999893188477,9.30210018157959,0.9642999768257141,10000,10009,20000,10006,20000,20000,10000,0.3188999891281128,2.3526999950408936,2.3980000019073486,10000,0.8895999999999186,0.7803,1,0.0623,0.0278,376832,15,15,0.9161,38584,0,0,33.58140182495117,9.470199584960938,1.8234000205993652,1.3163000345230103,0.14910000562667847,0.15449999272823334,0.0021,0,0.0891,5.7002,9.6405,3.6382,0.3991,1,1039262,107431,9992,22238,8693
433,29.42889976501465,0.000699999975040555,15.884099960327148,1.9538999795913696,4.45550012588501,2.4458999633789062,7.434299945831299,0.4311999976634979,10000,10009,20000,10006,20000,20000,10000,0.2978000044822693,1.9318000078201294,2.3387999534606934,10000,0.8749999999999208,0.7192,1,0.0625,0.03,376832,15,15,0.9273,7712,0,0,15.985600471496582,7.58489990234375,1.6246000528335571,1.232100009918213,0.131400004029274,0.13369999825954437,0,0,0,0,0,0,0,0,0,0,0,0,0
434,35.31480026245117,0.0008999999845400453,20.411800384521484,3.8966000080108643,4.928800106048584,3.6538000106811523,7.550000190734863,0.507099986076355,10000,10009,20000,10006,20000,20000,10000,0.3000999987125397,2.95989990234375,1.9444999694824219,10000,1.0178999999999085,1.0171,1,0.0698,0.0371,376832,15,15,0.9688,7712,0,0,20.506500244140625,7.732800006866455,2.0838000774383545,1.617900013923645,0.16040000319480896,0.16859999299049377,0,0,0,0,0,0,0,0,0,0,0,0,0
435,51.07229995727539,17.69219970703125,16.581899642944336,2.8152999877929688,3.4274001121520996,3.074199914932251,8.641599655151367,0.5979999899864197,10000,10009,20000,10006,20000,20000,10000,0.24220000207424164,2.152600049972534,2.1568000316619873,10000,1.2603999999998845,0.9744,1,0.0816,0.0343,376832,15,15,1.0304,33648,0,0,34.392398834228516,8.833999633789062,2.2160000801086426,1.7724000215530396,0.1738000065088272,0.1826999932527542,0.0018,6.782400131225586,0.0726,4.7306,7.8417,2.8673,0.3451,1,1020848,100911,9991,21519,8567
436,46.7047004699707,0.000699999975040555,23.184200286865234,3.2780001163482666,5.342100143432617,3.488800048828125,13.18120002746582,0.7127000093460083,10000,10009,20000,10006,20000,20000,10000,0.27390000224113464,3.733099937438965,3.6654000282287598,10000,1.7483999999998372,1.0965,1,0.11649999999999999,0.0463,376832,15,15,1.5181,7712,0,0,23.29949951171875,13.413700103759766,2.6728999614715576,1.899999976158142,0.20360000431537628,0.1956000030040741,0,0,0,0,0,0,0,0,0,0,0,0,0
437,42.47380065917969,0.0007999999797903001,21.00819969177246,3.5376999378204346,4.251999855041504,3.597899913787842,11.559100151062012,0.761900007724762,10000,10009,20000,10006,20000,20000,10000,0.4142000079154968,3.1089000701904297,2.865499973297119,10000,1.8182999999998297,0.9629,1,0.1157,0.0559,376832,15,15,1.416,7712,0,0,21.12470054626465,11.7677001953125,2.486599922180176,1.5566999912261963,0.1858000010251999,0.14880000054836273,0,0,0,0,0,0,0,0,0,0,0,0,0
438,36.61709976196289,2.7151999473571777,17.52720069885254,2.8004000186920166,4.003200054168701,3.1426000595092773,8.559499740600586,0.5679000020027161,10000,10009,20000,10006,20000,20000,10000,0.23909999430179596,2.787600040435791,1.982300043106079,10000,1.2721999999998832,0.9029,1,0.0851,0.035,376832,15,15,0.962,32320,0,0,20.353500366210938,8.720600128173828,2.191699981689453,1.5769000053405762,0.14229999482631683,0.15639999508857727,0,0,0,0,0,0,0,0,0,0,0,0,0
439,30.9960994720459,0.0008999999845400453,12.430299758911133,2.583699941635132,0.6836000084877014,1.48989999294281,10.178899765014648,0.5807999968528748,10000,10009,20000,10006,20000,20000,10000,0.2298000007867813,2.39490008354187,2.2685999870300293,10000,1.408699999999871,0.9743,1,0.1026,0.0439,376832,15,15,1.0146,7712,0,0,12.536399841308594,10.207099914550781,2.314199924468994,1.7461999654769897,0.008299999870359898,0.18809999525547028,0,0,0,0,0,0,0,0,0,0,0,0,0
440,34.169700622558594,0.0007999999797903001,15.160099983215332,3.2179999351501465,0.8399999737739563,1.632599949836731,10.175399780273438,0.6942999958992004,10000,10009,20000,10006,20000,20000,10000,0.28200000524520874,2.7035000324249268,2.8132998943328857,10000,1.5379999999998577,1.0537,1,0.1217,0.0482,376832,15,15,1.1112,7712,0,0,15.314000129699707,10.20199966430664,2.5536999702453613,1.5780999660491943,0.008700000122189522,0.17430000007152557,0,0,0,0,0,0,0,0,0,0,0,0,0
441,49.027198791503906,10.010199546813965,20.157800674438477,3.835099935531616,3.680500030517578,3.1312999725341797,11.682499885559082,0.766700029373169,10000,10009,20000,10006,20000,20000,10000,0.2896000146865845,3.0211000442504883,2.8701000213623047,10000,1.3378999999998782,0.9466,1,0.0761,0.0333,376832,15,15,0.9488,10280,0,0,30.282899856567383,11.713399887084961,1.99590003490448,1.1655999422073364,0.008999999612569809,0.14219999313354492,0.0021,0,0.1032,7.1139,7.4936,0.0001,0.4491,1,999990,0,0,0,7902
442,29.093599319458008,0.000699999975040555,14.031599998474121,2.1893999576568604,2.9202001094818115,2.3961000442504883,7.751699924468994,0.47870001196861267,10000,10009,20000,10006,20000,20000,10000,0.24570000171661377,1.9543999433517456,1.9878000020980835,10000,1.141399999999895,0.8455,1,0.1015,0.0403,376832,15,15,1.0476,7712,0,0,14.131999969482422,7.889699935913086,1.9490000009536743,1.4357000589370728,0.11829999834299088,0.148499995470047,0,0,0,0,0,0,0,0,0,0,0,0,0
443,34.70159912109375,0.0008999999845400453,16.931400299072266,2.935499906539917,3.350800037384033,2.864300012588501,9.548500061035156,0.6492000222206116,10000,10009,20000,10006,20000,20000,10000,0.25110000371932983,2.373199939727783,2.357599973678589,10000,1.3364999999998777,0.9913,1,0.08739999999999999,0.0345,376832,15,15,1.0628,7712,0,0,17.034799575805664,9.711799621582031,2.299099922180176,1.6416000127792358,0.14409999549388885,0.1704999953508377,0,0,0,0,0,0,0,0,0,0,0,0,0
444,53.6156005859375,13.021300315856934,24.76289939880371,5.200900077819824,5.912199974060059,3.7446000576019287,8.788399696350098,0.7730000019073486,10000,10009,20000,10006,20000,20000,10000,0.2863999903202057,3.126800060272217,2.6675000190734863,10000,0.9665999999999101,1.1791,1,0.0638,0.0316,376832,15,15,0.8831,33360,0,0,37.8942985534668,8.9173002243042,2.127000093460083,1.48580002784729,0.11330000311136246,0.15760000050067902,0.002,0,0.0913,5.8298,9.9704,3.8379,0.4222,1,1016278,107555,9990,22949,8501
445,31.14900016784668,0.0010000000474974513,14.60669994354248,1.8459999561309814,2.794300079345703,3.080699920654297,9.160699844360352,0.43209999799728394,10000,10009,20000,10006,20000,20000,10000,0.23659999668598175,2.7418999671936035,1.6823999881744385,10000,0.96589999999991,0.8436,1,0.06609999999999999,0.0316,376832,15,15,1.3743,7712,0,0,14.691100120544434,9.307499885559082,1.9895000457763672,1.5484999418258667,0.1273999959230423,0.13539999723434448,0,0,0,0,0,0,0,0,0,0,0,0,0
446,32.595699310302734,0.000699999975040555,15.88599967956543,2.523699998855591,3.095599889755249,3.0669000148773193,8.571700096130371,0.554099977016449,10000,10009,20000,10006,20000,20000,10000,0.49570000171661377,2.166300058364868,2.060699939727783,10000,1.3669999999998728,0.8822,1,0.0985,0.0363,376832,15,15,1.0986,7712,0,0,15.984100341796875,8.737099647521973,2.1356000900268555,1.5794999599456787,0.1462000012397766,0.14569999277591705,0,0,0,0,0,0,0,0,0,0,0,0,0
447,61.28229904174805,21.981800079345703,22.14080047607422,3.688499927520752,4.033100128173828,4.294400215148926,11.64330005645752,0.9301000237464905,10000,10009,20000,10006,20000,20000,10000,0.36410000920295715,3.161400079727173,3.1438000202178955,10000,0.8815999999999192,0.6353,1,0.06720000000000001,0.029400000000000003,376832,15,15,0.7208,33576,0,0,44.23030090332031,11.794899940490723,1.440600037574768,1.0663000345230103,0.12939999997615814,0.12839999794960022,0.0023,8.613499641418457,0.0986,5.9765,10.0722,3.7703,0.4552,1,998206,100398,9990,21717,8342
448,25.623300552368164,0.0008999999845400453,12.736499786376953,1.842900037765503,2.564500093460083,2.2421998977661133,5.98859977722168,0.47609999775886536,10000,10009,20000,10006,20000,20000,10000,0.1931000053882599,1.9397000074386597,1.6224000453948975,10000,0.9225999999999147,1.2055,1,0.06359999999999999,0.0308,376832,15,15,0.8696,7712,0,0,12.810999870300293,6.134500026702881,2.23580002784729,1.3968000411987305,0.1307000070810318,0.13570000231266022,0,0,0,0,0,0,0,0,0,0,0,0,0
449,33.94969940185547,0.0010999999940395355,16.121299743652344,2.4567999839782715,3.0264999866485596,3.276400089263916,8.5246000289917,0.5860999822616577,10000,10009,20000,10006,20000,20000,10000,0.25619998574256897,2.5548999309539795,1.9765000343322754,10000,1.4354999999998683,1.2817,1,0.11050000000000001,0.041600000000000005,376832,15,15,1.3327,7712,0,0,16.21780014038086,8.69629955291748,2.690200090408325,1.773800015449524,0.1550000011920929,0.18209999799728394,0,0,0,0,0,0,0,0,0,0,0,0,0
450,46.543701171875,3.106600046157837,21.82509994506836,3.7571001052856445,5.100100040435791,3.587899923324585,11.374099731445312,0.7908999919891357,10000,10009,20000,10006,20000,20000,10000,0.33980000019073486,2.9393999576568604,2.8965001106262207,10000,1.8413999999998276,1.0895,1,0.1108,0.051000000000000004,376832,15,15,1.2364,30520,0,0,25.061199188232422,11.571700096130371,2.6654000282287598,1.926800012588501,0.17649999260902405,0.17550000548362732,0,0,0,0,0,0,0,0,0,0,0,0,0
451,36.891300201416016,0.0008999999845400453,15.904899597167969,3.803299903869629,0.9106000065803528,1.7991000413894653,11.350500106811523,0.7753999829292297,10000,10009,20000,10006,20000,20000,10000,0.2775999903678894,2.882200002670288,2.9491000175476074,10000,1.6491999999998481,1.1971,1,0.10179999999999999,0.049,376832,15,15,1.1989,7712,0,0,16.02389907836914,11.379300117492676,2.748300075531006,1.5885000228881836,0.008999999612569809,0.555400013923645,0,0,0,0,0,0,0,0,0,0,0,0,0
452,40.13330078125,0.0008999999845400453,17.755300521850586,3.6407999992370605,0.9146999716758728,1.8380999565124512,11.30370044708252,0.7712000012397766,10000,10009,20000,10006,20000,20000,10000,0.3434999883174896,4.269800186157227,3.0336999893188477,10000,1.8325999999998352,1.4173,1,0.1389,0.0559,376832,15,15,1.5103,7712,0,0,17.896400451660156,11.343099594116211,3.377500057220459,1.8493000268936157,0.013100000098347664,0.2037000060081482,0,0,0,0,0,0,0,0,0,0,0,0,0
453,47.675899505615234,10.108499526977539,19.265300750732422,3.8064000606536865,3.0332000255584717,2.948199987411499,11.637499809265137,0.8094000220298767,10000,10009,20000,10006,20000,20000,10000,0.4359999895095825,2.8747000694274902,2.887399911880493,10000,1.2306999999998884,0.7796,1,0.075,0.0319,376832,15,15,0.8347,10280,0,0,29.51799964904785,11.665499687194824,1.7475999593734741,1.1407999992370605,0.00839999970048666,0.1354999989271164,0.0028,0,0.1504,6.7905,7.2424,0.0001,0.4867,1,988360,0,0,0,7645
454,27.916799545288086,0.000699999975040555,13.75879955291748,1.8997999429702759,2.7927000522613525,2.489000082015991,7.16540002822876,0.45910000801086426,10000,10009,20000,10006,20000,20000,10000,0.2451999932527542,1.9606000185012817,2.074899911880493,10000,1.0391999999999026,0.8629,1,0.0701,0.0332,376832,15,15,0.8602,7712,0,0,13.869000434875488,7.293900012969971,1.9151999950408936,1.6100000143051147,0.11259999871253967,0.1607999950647354,0,0,0,0,0,0,0,0,0,0,0,0,0
455,37.86520004272461,0.0007999999797903001,19.832500457763672,2.8996999263763428,4.257800102233887,3.1542000770568848,8.979299545288086,0.6861000061035156,10000,10009,20000,10006,20000,20000,10000,0.2840000092983246,2.5589001178741455,3.3814001083374023,10000,1.4662999999998654,1.1204,1,0.09539999999999998,0.0418,376832,15,15,1.0875,7712,0,0,19.961200714111328,9.133299827575684,2.6422998905181885,1.819100022315979,0.13689999282360077,0.16439999639987946,0,0,0,0,0,0,0,0,0,0,0,0,0
456,62.19240188598633,25.224199295043945,25.719200134277344,5.882999897003174,6.259300231933594,3.0680999755859375,5.644800186157227,0.7682999968528748,10000,10009,20000,10006,20000,20000,10000,0.3431999981403351,2.184299945831299,4.081099987030029,10000,0.7301999999999363,0.7807,1,0.0553,0.0287,376832,15,15,1.0317,30616,0,0,51.08150100708008,5.766499996185303,1.513700008392334,1.0499999523162842,0.10559999942779541,0.12210000306367874,0.0023,10.184200286865234,0.1043,7.1742,11.8354,4.3028,0.4561,1,998886,106059,9990,22431,8312
457,24.117000579833984,0.0007999999797903001,13.020099639892578,1.7288000583648682,2.6949000358581543,3.060699939727783,5.415800094604492,0.4032000005245209,10000,10009,20000,10006,20000,20000,10000,0.2313999980688095,1.600100040435791,1.6125999689102173,10000,0.814299999999927,0.6648,1,0.06,0.03,376832,15,15,0.756,7712,0,0,13.108699798583984,5.545400142669678,1.4991999864578247,1.299399971961975,0.11349999904632568,0.13359999656677246,0,0,0,0,0,0,0,0,0,0,0,0,0
458,30.615999221801758,0.0008999999845400453,16.047700881958008,3.4937000274658203,2.7871999740600586,2.526700019836426,6.823200225830078,0.7293999791145325,10000,10009,20000,10006,20000,20000,10000,0.27090001106262207,1.9678000211715698,1.881700038909912,10000,1.1735999999998896,0.9061,1,0.0877,0.0409,376832,15,15,0.9737,7712,0,0,16.14389991760254,6.968599796295166,2.127700090408325,1.6319999694824219,0.12970000505447388,0.16689999401569366,0,0,0,0,0,0,0,0,0,0,0,0,0
459,53.5525016784668,19.12980079650879,16.879100799560547,2.76990008354187,3.289799928665161,2.9700000286102295,9.284500122070312,0.6973999738693237,10000,10009,20000,10006,20000,20000,10000,0.2865999937057495,2.409899950027466,2.280400037765503,10000,1.3688999999998746,0.9251,1,0.0877,0.0356,376832,15,15,1.0035,28784,0,0,36.11920166015625,9.46660041809082,2.243799924850464,1.6878000497817993,0.16169999539852142,0.17249999940395355,0.0022,7.833099842071533,0.1008,4.7191,8.1184,3.1071,0.3672,1,984584,98729,9990,20690,8137
460,44.90409851074219,0.0008999999845400453,21.29669952392578,3.6837000846862793,4.598599910736084,3.706700086593628,13.033100128173828,0.7617999911308289,10000,10009,20000,10006,20000,20000,10000,0.3084000051021576,3.213399887084961,2.6554999351501465,10000,1.702199999999844,1.3657,1,0.1032,0.043,376832,15,15,1.242,7712,0,0,21.407499313354492,13.23550033569336,3.1496999263763428,2.137700080871582,0.17749999463558197,0.18129999935626984,0,0,0,0,0,0,0,0,0,0,0,0,0
461,39.679901123046875,0.000699999975040555,19.004199981689453,3.0292000770568848,3.7225000858306885,3.68179988861084,10.967700004577637,0.7027000188827515,10000,10009,20000,10006,20000,20000,10000,0.3025999963283539,2.7125000953674316,2.4670000076293945,10000,1.6306999999998493,1.1984,1,0.10169999999999998,0.042,376832,15,15,1.2227,7712,0,0,19.127199172973633,11.15839958190918,2.845099925994873,1.7640000581741333,0.17080000042915344,0.16050000488758087,0,0,0,0,0,0,0,0,0,0,0,0,0
462,38.93980026245117,2.5065999031066895,18.290599822998047,3.712599992752075,3.43969988822937,3.2084999084472656,10.093700408935547,0.6514999866485596,10000,10009,20000,10006,20000,20000,10000,0.27469998598098755,2.708199977874756,2.192699909210205,10000,1.3622999999998753,0.8668,1,0.08660000000000001,0.0346,376832,15,15,0.9979,25464,0,0,20.91390037536621,10.28439998626709,2.142899990081787,1.5509999990463257,0.16599999368190765,0.19189999997615814,0,0,0,0,0,0,0,0,0,0,0,0,0
463,25.916200637817383,0.0007999999797903001,11.322699546813965,2.189199924468994,0.6917999982833862,1.3837000131607056,7.701399803161621,0.5016000270843506,10000,10009,20000,10006,20000,20000,10000,0.2540999948978424,1.9565000534057617,2.408400058746338,10000,1.1254999999998951,0.8533,1,0.0762,0.0309,376832,15,15,0.8675,7712,0,0,11.446200370788574,7.7281999588012695,1.9847999811172485,1.346500039100647,0.00839999970048666,0.149399995803833,0,0,0,0,0,0,0,0,0,0,0,0,0
464,32.975399017333984,0.0007999999797903001,14.047100067138672,2.9426000118255615,0.7459999918937683,1.9127999544143677,9.913999557495117,1.0478999614715576,10000,10009,20000,10006,20000,20000,10000,0.3091000020503998,2.448899984359741,2.264899969100952,10000,1.5929999999998532,1.1268,1,0.11189999999999999,0.044700000000000004,376832,15,15,1.127,7712,0,0,14.158499717712402,9.947099685668945,2.588399887084961,1.5397000312805176,0.010499999858438969,0.19140000641345978,0,0,0,0,0,0,0,0,0,0,0,0,0
465,57.003299713134766,8.826600074768066,28.173099517822266,5.734899997711182,4.783100128173828,3.700500011444092,11.808199882507324,0.9839000105857849,10000,10009,20000,10006,20000,20000,10000,1.271299958229065,4.189499855041504,3.9072999954223633,10000,1.445799999999868,0.919,1,0.102,0.0485,376832,15,15,1.2284,10280,0,0,37.16859817504883,11.846699714660645,2.011199951171875,1.3889000415802002,0.010599999688565731,0.12890000641345978,0.0026,0,0.1229,5.2393,5.6243,0.0001,0.3885,1,968888,0,0,0,7389
466,30.562999725341797,0.000699999975040555,13.9931001663208,2.013200044631958,2.9921998977661133,2.748500108718872,9.108499526977539,0.5128999948501587,10000,10009,20000,10006,20000,20000,10000,0.24330000579357147,1.8106000423431396,1.8654999732971191,10000,1.2132999999998892,0.8694,1,0.08960000000000001,0.0434,376832,15,15,1.1881,7712,0,0,14.090299606323242,9.277099609375,1.8346999883651733,1.3037999868392944,0.14800000190734863,0.1445000022649765,0,0,0,0,0,0,0,0,0,0,0,0,0
467,31.741600036621094,0.0013000000035390258,17.825599670410156,2.914599895477295,4.595200061798096,3.057300090789795,7.164100170135498,0.5033000111579895,10000,10009,20000,10006,20000,20000,10000,0.2549999952316284,2.053100109100342,2.358299970626831,10000,1.0963999999998986,0.7442,1,0.074,0.0343,376832,15,15,0.862,7712,0,0,17.934999465942383,7.299600124359131,1.8092999458312988,1.3717000484466553,0.12150000035762787,0.15049999952316284,0,0,0,0,0,0,0,0,0,0,0,0,0
468,48.6968994140625,10.78969955444336,17.272499084472656,2.924299955368042,3.3970999717712402,3.111999988555908,11.012800216674805,0.6552000045776367,10000,10009,20000,10006,20000,20000,10000,0.2696000039577484,2.618499994277954,2.234499931335449,10000,1.6546999999998484,1.1609,1,0.1232,0.0411,376832,15,15,1.139,26536,0,0,28.172500610351562,11.181099891662598,2.723099946975708,1.8293999433517456,0.1525000035762787,0.1906999945640564,0.0018,0,0.0796,4.8458,8.1372,3.017,0.365,1,982236,104211,9989,21787,8052
469,42.96630096435547,0.0007999999797903001,22.02720069885254,3.763700008392334,4.6290998458862305,4.0055999755859375,11.284500122070312,0.8118000030517578,10000,10009,20000,10006,20000,20000,10000,0.3447999954223633,3.0415000915527344,2.865499973297119,10000,1.6322999999998493,1.1634,1,0.1028,0.0433,376832,15,15,1.3714,7712,0,0,22.134700775146484,11.489399909973145,2.809799909591675,1.618399977684021,0.18240000307559967,0.1518000066280365,0,0,0,0,0,0,0,0,0,0,0,0,0
470,34.17100143432617,0.0007999999797903001,17.42060089111328,2.4131999015808105,3.206700086593628,3.0048000812530518,8.647600173950195,0.5582000017166138,10000,10009,20000,10006,20000,20000,10000,0.2558000087738037,3.869800090789795,2.0510001182556152,10000,1.335899999999878,0.9279,1,0.0858,0.033299999999999996,376832,15,15,0.9384,7712,0,0,17.514299392700195,8.825300216674805,2.2455999851226807,1.7214000225067139,0.1535000056028366,0.15029999613761902,0,0,0,0,0,0,0,0,0,0,0,0,0
471,53.916099548339844,20.488800048828125,21.385299682617188,5.373300075531006,4.10290002822876,3.6006999015808105,6.421899795532227,0.7767999768257141,10000,10009,20000,10006,20000,20000,10000,0.3508000075817108,2.1524999141693115,2.601900100708008,10000,0.7832999999999302,0.5989,1,0.05620000000000001,0.0278,376832,15,15,0.6504,26176,0,0,41.974098205566406,6.5518999099731445,1.3378000259399414,1.1128000020980835,0.1152999997138977,0.5519000291824341,0.0021,8.170100212097168,0.0846,5.5521,9.2138,3.3175,0.4156,1,969688,96351,9989,19868,7851
472,24.498300552368164,0.0008999999845400453,12.62660026550293,1.649899959564209,2.519200086593628,2.609100103378296,6.135300159454346,0.544700026512146,10000,10009,20000,10006,20000,20000,10000,0.20649999380111694,1.6468000411987305,1.5370999574661255,10000,0.8714999999999203,0.7053,1,0.062299999999999994,0.027700000000000002,376832,15,15,0.73,7712,0,0,12.699700355529785,6.271599769592285,1.583400011062622,1.2136000394821167,0.12189999967813492,0.12639999389648438,0,0,0,0,0,0,0,0,0,0,0,0,0
473,28.940099716186523,0.0006000000284984708,14.786800384521484,2.2585999965667725,2.988100051879883,3.1059000492095947,7.405600070953369,0.5194000005722046,10000,10009,20000,10006,20000,20000,10000,0.20399999618530273,1.9737999439239502,1.8873000144958496,10000,1.0831999999998996,0.7778,1,0.0738,0.0288,376832,15,15,0.8063,7712,0,0,14.875300407409668,7.553400039672852,1.8867000341415405,1.3970999717712402,0.13249999284744263,0.14710000157356262,0,0,0,0,0,0,0,0,0,0,0,0,0
474,42.25310134887695,2.4321999549865723,18.7455997467041,3.0553998947143555,3.7720999717712402,3.560499906539917,11.040599822998047,0.6703000068664551,10000,10009,20000,10006,20000,20000,10000,0.2833000123500824,2.7392001152038574,2.5109000205993652,10000,1.6292999999998496,1.3239,1,0.1033,0.0416,376832,15,15,1.2778,24896,0,0,21.26799964904785,11.235699653625488,2.986299991607666,1.929900050163269,0.17720000445842743,0.17990000545978546,0,0,0,0,0,0,0,0,0,0,0,0,0
475,36.157501220703125,0.0012000000569969416,15.901300430297852,3.6763999462127686,0.9682000279426575,1.7645000219345093,10.970100402832031,0.7766000032424927,10000,10009,20000,10006,20000,20000,10000,0.3481999933719635,2.825000047683716,2.908600091934204,10000,1.6725999999998458,1.0807,1,0.1048,0.041,376832,15,15,1.2109,7712,0,0,16.00979995727539,10.99470043182373,2.6767001152038574,1.5896999835968018,0.008500000461935997,0.17499999701976776,0,0,0,0,0,0,0,0,0,0,0,0,0
476,37.190101623535156,0.0012000000569969416,16.454299926757812,3.7118000984191895,0.9624000191688538,2.273200035095215,11.45989990234375,0.791700005531311,10000,10009,20000,10006,20000,20000,10000,0.2671000063419342,2.9458000659942627,3.0129001140594482,10000,1.6611999999998475,1.1715,1,0.10370000000000001,0.0404,376832,15,15,1.1529,7712,0,0,16.556100845336914,11.490500450134277,2.753999948501587,1.6331000328063965,0.009700000286102295,0.1737000048160553,0,0,0,0,0,0,0,0,0,0,0,0,0
477,50.18429946899414,9.9399995803833,19.934799194335938,3.648200035095215,2.9546000957489014,3.582900047302246,10.9753999710083,0.8812000155448914,10000,10009,20000,10006,20000,20000,10000,0.31220000982284546,3.065000057220459,2.9565999507904053,10000,1.7403999999998476,1.1751,1,0.10420000000000001,0.043899999999999995,376832,15,15,1.1073,10280,0,0,29.979299545288086,11.003800392150879,2.8148000240325928,1.6312999725341797,0.009100000374019146,0.1720000058412552,0.0022,0,0.1038,6.9258,7.3305,0.0001,0.4852,1,949904,0,0,0,7123
478,43.92509841918945,0.0008999999845400453,22.313899993896484,4.467800140380859,4.566699981689453,3.577500104904175,12.000699996948242,0.8061000108718872,10000,10009,20000,10006,20000,20000,10000,0.33320000767707825,3.049999952316284,2.932300090789795,10000,1.7414999999998482,1.2023,1,0.10250000000000001,0.038,376832,15,15,1.2084,7712,0,0,22.424800872802734,12.173800468444824,2.847399950027466,1.6274000406265259,0.14949999749660492,0.1460999995470047,0,0,0,0,0,0,0,0,0,0,0,0,0
479,35.1161994934082,0.0007999999797903001,16.11400032043457,2.4063000679016113,3.0471999645233154,2.888200044631958,9.254199981689453,0.5687000155448914,10000,10009,20000,10006,20000,20000,10000,0.31520000100135803,2.8613998889923096,2.0264999866485596,10000,1.5858999999998535,1.3912,1,0.10299999999999998,0.0415,376832,15,15,1.2261,7712,0,0,16.2101993560791,9.409600257873535,2.9839000701904297,1.8560999631881714,0.13930000364780426,0.1678999960422516,0,0,0,0,0,0,0,0,0,0,0,0,0
480,49.43790054321289,11.796899795532227,20.4148006439209,3.648699998855591,4.043399810791016,3.64520001411438,10.533900260925293,0.8195000290870667,10000,10009,20000,10006,20000,20000,10000,0.3050000071525574,2.990799903869629,2.6041998863220215,10000,1.1413999999998965,0.7966,1,0.07150000000000001,0.0327,376832,15,15,0.9515,24688,0,0,32.311798095703125,10.698200225830078,1.716599941253662,1.2230000495910645,0.14010000228881836,0.13300000131130219,0.0019,0,0.0894,4.8465,8.5753,3.4108,0.4033,1,965264,101818,9990,21805,7846
481,26.394699096679688,0.0010000000474974513,13.089200019836426,1.860200047492981,2.621299982070923,2.631500005722046,6.534299850463867,0.4408999979496002,10000,10009,20000,10006,20000,20000,10000,0.22949999570846558,1.8668999671936035,1.7041000127792358,10000,1.0344999999999032,0.8049,1,0.07020000000000001,0.0351,376832,15,15,0.9348,7712,0,0,13.171299934387207,6.679999828338623,1.8385000228881836,1.4284000396728516,0.13199999928474426,0.15000000596046448,0,0,0,0,0,0,0,0,0,0,0,0,0
482,36.57059860229492,0.0008999999845400453,17.169099807739258,2.852400064468384,3.321500062942505,3.0074000358581543,9.730500221252441,0.6266999840736389,10000,10009,20000,10006,20000,20000,10000,0.2775999903678894,2.6733999252319336,2.240299940109253,10000,1.5739999999998555,1.1833,1,0.1009,0.044,376832,15,15,1.2416,7712,0,0,17.263500213623047,9.922900199890137,2.8350000381469727,1.860200047492981,0.17440000176429749,0.18199999630451202,0,0,0,0,0,0,0,0,0,0,0,0,0
483,66.410400390625,27.664899826049805,24.608699798583984,5.736299991607666,4.922299861907959,3.7892000675201416,7.66480016708374,1.0987000465393066,10000,10009,20000,10006,20000,20000,10000,0.46129998564720154,1.9348000288009644,3.4296998977661133,10000,0.8757999999999203,0.7327,1,0.0748,0.039599999999999996,376832,15,15,0.846,20648,0,0,52.37860107421875,7.852099895477295,1.7144999504089355,1.386299967765808,0.164000004529953,0.12210000306367874,0.0021,10.572099685668945,0.1548,7.1891,13.1594,5.3776,0.4927,1,948824,96248,9990,20284,7620
484,27.129600524902344,0.000699999975040555,14.613900184631348,1.8983999490737915,3.723299980163574,2.4000000953674316,5.993899822235107,0.428600013256073,10000,10009,20000,10006,20000,20000,10000,0.2915000021457672,1.8279999494552612,2.1284000873565674,10000,1.0269999999999166,0.6893,1,0.0816,0.0348,376832,15,15,0.9632,7712,0,0,14.727800369262695,6.164700031280518,1.5676000118255615,1.3317999839782715,0.15199999511241913,0.10540000349283218,0,0,0,0,0,0,0,0,0,0,0,0,0
485,27.581499099731445,0.0007999999797903001,15.146900177001953,2.422499895095825,3.2744998931884766,2.506500005722046,6.287399768829346,0.4991999864578247,10000,10009,20000,10006,20000,20000,10000,0.2623000144958496,1.8508000373840332,2.011199951171875,10000,0.9167999999999152,0.7566,1,0.0665,0.0368,376832,15,15,0.8711,7712,0,0,15.2431001663208,6.429500102996826,1.6620999574661255,1.273900032043457,0.1274999976158142,0.11890000104904175,0,0,0,0,0,0,0,0,0,0,0,0,0
486,39.731998443603516,2.2095999717712402,15.03030014038086,2.406599998474121,2.9435999393463135,3.222599983215332,7.022600173950195,0.5174999833106995,10000,10009,20000,10006,20000,20000,10000,0.26010000705718994,2.070199966430664,1.784999966621399,10000,1.1490999999998917,0.9166,1,0.09870000000000001,0.046599999999999996,376832,15,15,1.1701,22552,0,0,17.348600387573242,7.165900230407715,2.194200038909912,1.7243000268936157,0.1257999986410141,7.574100017547607,0,0,0,0,0,0,0,0,0,0,0,0,0
487,41.87369918823242,0.000699999975040555,18.525400161743164,3.5785000324249268,1.2038999795913696,2.1257998943328857,12.812299728393555,0.9805999994277954,10000,10009,20000,10006,20000,20000,10000,0.5056999921798706,4.103700160980225,2.3189001083374023,10000,1.4388999999998693,1.3522,1,0.1056,0.043000000000000003,376832,15,15,1.1687,7712,0,0,18.62380027770996,12.851099967956543,2.7400999069213867,1.648300051689148,0.01140000019222498,1.6030999422073364,0,0,0,0,0,0,0,0,0,0,0,0,0
488,41.76470184326172,0.00139999995008111,17.401899337768555,4.5671000480651855,1.256700038909912,1.6526000499725342,7.342899799346924,0.8482999801635742,10000,10009,20000,10006,20000,20000,10000,0.311599999666214,2.150599956512451,3.335900068283081,10000,1.1203999999998977,0.7475,1,0.0739,0.038400000000000004,376832,15,15,0.9218,7712,0,0,17.53219985961914,7.367700099945068,1.9470000267028809,1.2308000326156616,0.007499999832361937,10.373299598693848,0,0,0,0,0,0,0,0,0,0,0,0,0
489,42.86159896850586,8.055500030517578,18.34269905090332,3.0732998847961426,2.447499990463257,3.294300079345703,8.676899909973145,0.8027999997138977,10000,10009,20000,10006,20000,20000,10000,0.3361000120639801,4.051400184631348,2.2625999450683594,10000,1.3770999999998736,0.9147,1,0.08920000000000002,0.036199999999999996,376832,15,15,0.9813,10280,0,0,26.511999130249023,8.700900077819824,2.2423999309539795,1.4150999784469604,0.008299999870359898,0.17020000517368317,0.0018,0,0.095,5.1972,5.6558,0.0001,0.4149,1,934260,0,0,0,6840
490,42.14080047607422,0.0010999999940395355,20.910600662231445,3.70770001411438,3.9189000129699707,3.7204999923706055,11.054699897766113,0.8281999826431274,10000,10009,20000,10006,20000,20000,10000,0.3154999911785126,3.162600040435791,2.7283999919891357,10000,1.6554999999998488,1.0588,1,0.10300000000000001,0.039099999999999996,376832,15,15,1.1703,7712,0,0,21.025299072265625,11.771400451660156,2.620800018310547,1.9045000076293945,0.6980999708175659,0.19050000607967377,0,0,0,0,0,0,0,0,0,0,0,0,0
491,50.46260070800781,0.0010000000474974513,28.627099990844727,5.565700054168701,6.582099914550781,4.981800079345703,11.878999710083008,0.7975000143051147,10000,10009,20000,10006,20000,20000,10000,0.3257000148296356,3.1296000480651855,4.309800148010254,10000,1.6561999999998476,1.2292,1,0.1028,0.035500000000000004,376832,15,15,1.1397,7712,0,0,28.76099967956543,12.22189998626709,2.815999984741211,1.8934999704360962,0.31929999589920044,0.17679999768733978,0,0,0,0,0,0,0,0,0,0,0,0,0
492,52.98270034790039,14.641500473022461,21.30109977722168,3.704900026321411,4.024499893188477,3.5794999599456787,10.093999862670898,0.7811999917030334,10000,10009,20000,10006,20000,20000,10000,0.3294000029563904,3.634999990463257,2.8010001182556152,10000,1.0781999999999017,0.8217,1,0.08940000000000001,0.0388,376832,15,15,0.9757,24792,0,0,36.07320022583008,10.421099662780762,1.753600001335144,1.236299991607666,0.26969999074935913,0.12849999964237213,0.0022,0,0.1298,6.7401,11.1835,4.0186,0.4705,1,946056,101039,9991,21379,7583
493,26.789400100708008,0.0007999999797903001,13.990599632263184,1.9198999404907227,2.894200086593628,3.190200090408325,6.298900127410889,0.4507000148296356,10000,10009,20000,10006,20000,20000,10000,0.24330000579357147,1.7877999544143677,1.7240999937057495,10000,0.9849999999999106,0.7055,1,0.0686,0.034,376832,15,15,0.8183,7712,0,0,14.089400291442871,6.438300132751465,1.6821999549865723,1.3579000234603882,0.12200000137090683,0.3100000023841858,0,0,0,0,0,0,0,0,0,0,0,0,0
494,31.923900604248047,0.000699999975040555,16.089000701904297,2.4565000534057617,3.1637001037597656,3.1882998943328857,8.048100471496582,0.5490999817848206,10000,10009,20000,10006,20000,20000,10000,0.25200000405311584,2.4870998859405518,2.0151000022888184,10000,1.2196999999998883,1.08,1,0.081,0.031100000000000003,376832,15,15,0.9227,7712,0,0,16.27239990234375,8.202799797058105,2.2407000064849854,1.579200029373169,0.13689999282360077,0.15320000052452087,0,0,0,0,0,0,0,0,0,0,0,0,0
495,59.152198791503906,19.368200302124023,19.666400909423828,3.4860999584198,3.733799934387207,3.8573999404907227,10.986800193786621,0.7592999935150146,10000,10009,20000,10006,20000,20000,10000,0.29919999837875366,2.897900104522705,2.4031999111175537,10000,1.6319999999998496,0.9815,1,0.10169999999999998,0.041299999999999996,376832,15,15,1.1387,24944,0,0,39.131500244140625,11.177200317382812,2.4953999519348145,1.72160005569458,0.1720000058412552,0.148499995470047,0.002,7.532100200653076,0.0839,5.4523,9.0096,3.2458,0.3882,1,936458,93932,9991,19153,7334
496,32.77640151977539,0.0010000000474974513,16.159299850463867,2.4556000232696533,3.080199956893921,3.030600070953369,8.290399551391602,0.5490999817848206,10000,10009,20000,10006,20000,20000,10000,0.24469999969005585,2.5246999263763428,2.046799898147583,10000,1.2404999999998858,1.1683,1,0.0822,0.0337,376832,15,15,0.9048,7712,0,0,16.25320053100586,8.450400352478027,2.5801000595092773,1.8004000186920166,0.1395999938249588,0.1712000072002411,0,0,0,0,0,0,0,0,0,0,0,0,0
497,35.80690002441406,0.000699999975040555,18.891700744628906,2.789099931716919,3.7004001140594482,3.886899948120117,8.194000244140625,0.9251999855041504,10000,10009,20000,10006,20000,20000,10000,0.3714999854564667,2.3215999603271484,2.4346001148223877,10000,1.346599999999879,1.0688,1,0.10719999999999999,0.0418,376832,15,15,1.0984,7712,0,0,19.008800506591797,8.352499961853027,2.5292999744415283,1.767300009727478,0.1388999968767166,0.1737000048160553,0,0,0,0,0,0,0,0,0,0,0,0,0
498,41.33879852294922,3.2032999992370605,19.420499801635742,3.733099937438965,4.0071001052856445,3.281899929046631,9.333499908447266,0.6820999979972839,10000,10009,20000,10006,20000,20000,10000,0.36390000581741333,2.5232999324798584,2.4439001083374023,10000,1.312799999999879,1.1637,1,0.0849,0.034,376832,15,15,1.0314,21776,0,0,22.746200561523438,9.501399993896484,2.5048000812530518,2.5977001190185547,0.15080000460147858,0.156700000166893,0,0,0,0,0,0,0,0,0,0,0,0,0
499,36.94110107421875,0.000699999975040555,17.0408992767334,4.833199977874756,1.2285000085830688,1.6729999780654907,10.162199974060059,0.9574999809265137,10000,10009,20000,10006,20000,20000,10000,0.2856000065803528,2.4249000549316406,2.7044999599456787,10000,1.5578999999998568,1.4614,1,0.0993,0.0373,376832,15,15,1.1838,7712,0,0,17.15999984741211,10.189499855041504,3.146699905395508,1.830399990081787,0.009399999864399433,0.20329999923706055,0,0,0,0,0,0,0,0,0,0,0,0,0
500,40.445701599121094,0.0007999999797903001,20.456100463867188,5.045100212097168,1.4977999925613403,2.1361000537872314,10.724800109863281,0.9251000285148621,10000,10009,20000,10006,20000,20000,10000,0.3537999987602234,2.7843000888824463,4.401400089263916,10000,1.632599999999849,1.1192,1,0.10329999999999999,0.0427,376832,15,15,1.1528,7712,0,0,20.610599517822266,10.750699996948242,2.685499906539917,1.597000002861023,0.008899999782443047,0.1712000072002411,0,0,0,0,0,0,0,0,0,0,0,0,0
501,43.627498626708984,7.51609992980957,17.132999420166016,3.2411000728607178,2.666800022125244,2.732599973678589,11.090999603271484,0.7182999849319458,10000,10009,20000,10006,20000,20000,10000,0.28209999203681946,2.8805999755859375,2.362299919128418,10000,1.6032999999998543,0.8421,1,0.09230000000000001,0.036199999999999996,376832,15,15,0.9766,10280,0,0,24.763700485229492,11.119400024414062,2.0613999366760254,1.2971999645233154,0.009399999864399433,0.1420000046491623,0.0023,0,0.0932,4.902,5.2525,0,0.3943,1,920258,0,0,0,6544
502,30.969200134277344,0.0008999999845400453,14.603300094604492,2.3025999069213867,2.902100086212158,2.63100004196167,8.040800094604492,0.4991999864578247,10000,10009,20000,10006,20000,20000,10000,0.25769999623298645,2.1591999530792236,1.9436999559402466,10000,1.2530999999998849,0.9711,1,0.0823,0.0411,376832,15,15,1.0464,7712,0,0,14.712499618530273,8.53219985961914,2.216900110244751,1.6095000505447388,0.4726000130176544,0.17180000245571136,0,0,0,0,0,0,0,0,0,0,0,0,0
503,41.78110122680664,0.000699999975040555,20.367900848388672,3.6700000762939453,3.8931000232696533,3.6140999794006348,11.155400276184082,0.7759000062942505,10000,10009,20000,10006,20000,20000,10000,0.3264999985694885,3.187299966812134,2.573899984359741,10000,1.6481999999998476,1.2457,1,0.12009999999999998,0.0506,376832,15,15,1.3618,7712,0,0,20.49020004272461,11.571900367736816,2.8606998920440674,1.8818999528884888,0.39590001106262207,0.1712000072002411,0,0,0,0,0,0,0,0,0,0,0,0,0
504,45.715999603271484,11.206600189208984,17.753299713134766,2.9375998973846436,3.4653000831604004,3.1226000785827637,9.552499771118164,0.6399999856948853,10000,10009,20000,10006,20000,20000,10000,0.26649999618530273,2.699199914932251,2.4725000858306885,10000,1.2368999999998866,0.7578,1,0.0893,0.0348,376832,15,15,0.9047,23544,0,0,29.080699920654297,9.94219970703125,1.8014999628067017,1.2031999826431274,0.3723999857902527,0.13989999890327454,0.002,0,0.0894,4.678,8.2762,3.2757,0.3705,1,933148,99867,9991,20624,7307
505,27.353599548339844,0.0010999999940395355,13.268500328063965,1.9371999502182007,2.767199993133545,2.564199924468994,7.055699825286865,0.45969998836517334,10000,10009,20000,10006,20000,20000,10000,0.22840000689029694,1.811400055885315,1.7582999467849731,10000,1.0293999999999044,0.8141,1,0.0687,0.028200000000000003,376832,15,15,0.9127,7712,0,0,13.359800338745117,7.192800045013428,1.9213000535964966,1.6375999450683594,0.11869999766349792,0.14550000429153442,0,0,0,0,0,0,0,0,0,0,0,0,0
506,34.03120040893555,0.0010999999940395355,16.90060043334961,2.643899917602539,3.274199962615967,2.8701000213623047,9.207900047302246,0.5812000036239624,10000,10009,20000,10006,20000,20000,10000,0.28049999475479126,3.0058999061584473,2.1572000980377197,10000,1.2793999999998822,0.8808,1,0.0834,0.0348,376832,15,15,1.1014,7712,0,0,17.021299362182617,9.368900299072266,2.1465001106262207,1.534600019454956,0.14069999754428864,0.14669999480247498,0,0,0,0,0,0,0,0,0,0,0,0,0
507,60.17210006713867,20.083099365234375,21.60919952392578,3.65910005569458,3.82450008392334,4.2947001457214355,11.3951997756958,0.782800018787384,10000,10009,20000,10006,20000,20000,10000,0.3472000062465668,3.700200080871582,2.609999895095825,10000,1.1393999999998958,0.8941,1,0.072,0.0349,376832,15,15,1.0688,23104,0,0,41.80550003051758,11.562299728393555,1.9179999828338623,1.2977999448776245,0.14380000531673431,0.11509999632835388,0.0019,7.510900020599365,0.0939,5.7993,9.5384,3.386,0.3915,1,919290,91608,9993,18837,7055
508,28.7716007232666,0.0006000000284984708,14.635000228881836,1.9752999544143677,2.669800043106079,2.4776999950408936,6.292099952697754,0.6617000102996826,10000,10009,20000,10006,20000,20000,10000,0.26600000262260437,2.1277999877929688,2.0761001110076904,10000,1.001799999999908,1.0862,1,0.0855,0.0368,376832,15,15,1.4825,7712,0,0,14.750699996948242,6.429500102996826,2.3689000606536865,1.430299997329712,0.12070000171661377,0.147599995136261,0,0,0,0,0,0,0,0,0,0,0,0,0
509,31.5585994720459,0.0007999999797903001,16.000600814819336,2.439300060272217,3.2425999641418457,3.1152000427246094,8.219200134277344,0.5627999901771545,10000,10009,20000,10006,20000,20000,10000,0.2667999863624573,2.239000082015991,2.103600025177002,10000,1.185699999999891,0.8234,1,0.0798,0.0335,376832,15,15,0.8781,7712,0,0,16.100900650024414,8.377699851989746,2.0227999687194824,1.5327999591827393,0.13920000195503235,0.15649999678134918,0,0,0,0,0,0,0,0,0,0,0,0,0
510,41.69990158081055,2.7774999141693115,19.416799545288086,3.2678000926971436,3.6105000972747803,3.9779000282287598,10.449700355529785,0.8276000022888184,10000,10009,20000,10006,20000,20000,10000,0.35249999165534973,2.781899929046631,2.3401999473571777,10000,1.5225999999998603,1.0299,1,0.0984,0.046,376832,15,15,1.063,20520,0,0,22.30500030517578,10.632599830627441,2.5208001136779785,1.8437000513076782,0.16099999845027924,0.19789999723434448,0,0,0,0,0,0,0,0,0,0,0,0,0
511,36.206199645996094,0.0008999999845400453,15.787400245666504,3.688999891281128,0.9984999895095825,1.7461999654769897,11.377900123596191,0.7936000227928162,10000,10009,20000,10006,20000,20000,10000,0.2741999924182892,2.911900043487549,2.8854000568389893,10000,1.6318999999998491,1.0459,1,0.1042,0.0407,376832,15,15,1.1124,7712,0,0,15.931699752807617,11.407999992370605,2.610300064086914,1.5917999744415283,0.009800000116229057,0.17309999465942383,0,0,0,0,0,0,0,0,0,0,0,0,0
512,37.55540084838867,0.0012000000569969416,15.968199729919434,3.7000999450683594,1.0611000061035156,1.8014999628067017,12.40060043334961,0.7885000109672546,10000,10009,20000,10006,20000,20000,10000,0.27880001068115234,2.835099935531616,2.903700113296509,10000,1.648399999999849,1.2067,1,0.10180000000000002,0.0382,376832,15,15,1.1128,7712,0,0,16.08180046081543,12.429800033569336,2.7855000495910645,1.590499997138977,0.009100000374019146,0.16949999332427979,0,0,0,0,0,0,0,0,0,0,0,0,0
513,51.97200012207031,9.933899879455566,24.32550048828125,5.115499973297119,3.857800006866455,3.1956000328063965,11.348999977111816,0.9271000027656555,10000,10009,20000,10006,20000,20000,10000,0.39719998836517334,3.598900079727173,3.81030011177063,10000,1.052999999999904,0.7998,1,0.068,0.029699999999999997,376832,15,15,0.8623,10280,0,0,34.3734016418457,11.384499549865723,1.8215999603271484,1.1401000022888184,0.009100000374019146,0.15129999816417694,0.0021,0,0.1049,6.8443,7.2805,0,0.4614,1,911128,0,0,0,6261
514,31.36549949645996,0.0007999999797903001,18.01059913635254,3.9611001014709473,4.379300117492676,3.072999954223633,6.474899768829346,0.4867999851703644,10000,10009,20000,10006,20000,20000,10000,0.2603999972343445,1.8698999881744385,1.7526999711990356,10000,0.9947999999999082,0.8314,1,0.0664,0.0343,376832,15,15,0.9831,7712,0,0,18.1112003326416,6.839799880981445,1.8029999732971191,1.3976000547409058,0.3488999903202057,0.11829999834299088,0,0,0,0,0,0,0,0,0,0,0,0,0
515,33.102298736572266,0.0007999999797903001,16.178800582885742,2.5495998859405518,3.265700101852417,2.977400064468384,8.525699615478516,0.5755000114440918,10000,10009,20000,10006,20000,20000,10000,0.24539999663829803,2.4697999954223633,2.121799945831299,10000,1.297199999999881,0.897,1,0.084,0.0344,376832,15,15,0.9738,7712,0,0,16.274900436401367,8.919599533081055,2.179800033569336,1.905900001525879,0.37470000982284546,0.1535000056028366,0,0,0,0,0,0,0,0,0,0,0,0,0
516,63.698299407958984,24.268999099731445,21.614500045776367,4.587299823760986,4.099100112915039,3.416300058364868,10.856599807739258,0.7727000117301941,10000,10009,20000,10006,20000,20000,10000,0.4519999921321869,3.0488998889923096,2.7202000617980957,10000,1.0321999999999056,0.713,1,0.0769,0.0359,376832,15,15,0.8432,19072,0,0,45.99850082397461,11.411700248718262,1.5627000331878662,1.4208999872207642,0.5310999751091003,0.11569999903440475,0.0027,11.219200134277344,0.0929,5.9221,9.7837,3.519,0.4122,1,923702,98655,9994,20773,7014
517,26.5447998046875,0.000699999975040555,14.963700294494629,1.8600000143051147,2.7915000915527344,2.6816999912261963,5.770899772644043,0.42480000853538513,10000,10009,20000,10006,20000,20000,10000,0.21610000729560852,2.695199966430664,2.2321999073028564,10000,0.8486999999999228,0.6891,1,0.0612,0.0293,376832,15,15,0.7432,7712,0,0,15.065699577331543,5.9045000076293945,1.566499948501587,1.3087999820709229,0.11649999767541885,0.1136000007390976,0,0,0,0,0,0,0,0,0,0,0,0,0
518,29.6697998046875,0.0007999999797903001,15.214300155639648,2.5952000617980957,3.1389999389648438,2.857100009918213,6.769400119781494,0.48649999499320984,10000,10009,20000,10006,20000,20000,10000,0.24940000474452972,1.8632999658584595,1.9032000303268433,10000,1.0467999999999023,0.9868,1,0.071,0.033,376832,15,15,1.0294,7712,0,0,15.39169979095459,6.912399768829346,2.252700090408325,1.707200050354004,0.12939999997615814,0.1436000019311905,0,0,0,0,0,0,0,0,0,0,0,0,0
519,54.48979949951172,19.073699951171875,17.087400436401367,2.9038000106811523,3.4995999336242676,2.9646999835968018,8.774100303649902,0.6513000130653381,10000,10009,20000,10006,20000,20000,10000,0.265500009059906,2.392199993133545,2.211199998855591,10000,1.6188999999998528,1.116,1,0.1193,0.046299999999999994,376832,15,15,1.1238,21024,0,0,36.25749969482422,8.933500289916992,2.653599977493286,1.9306999444961548,0.14059999585151672,0.18000000715255737,0.002,8.440699577331543,0.0764,4.6895,7.7181,2.7487,0.3478,1,912640,94402,9993,19856,6753
520,42.98040008544922,0.0007999999797903001,19.649200439453125,3.187299966812134,3.7439000606536865,3.2909998893737793,12.326600074768066,0.6877999901771545,10000,10009,20000,10006,20000,20000,10000,0.3540000021457672,2.7418999671936035,2.9642999172210693,10000,2.104699999999828,1.1771,1,0.12840000000000001,0.0513,376832,15,15,1.1455,7712,0,0,19.78420066833496,12.536499977111816,2.7495999336242676,1.8980000019073486,0.1858000010251999,0.1647000014781952,0,0,0,0,0,0,0,0,0,0,0,0,0
521,42.13100051879883,0.0010999999940395355,21.559499740600586,3.651900053024292,3.990299940109253,4.305500030517578,11.155400276184082,0.7835999727249146,10000,10009,20000,10006,20000,20000,10000,0.3885999917984009,2.9944000244140625,2.957900047302246,10000,1.651599999999848,1.0664,1,0.10200000000000001,0.0368,376832,15,15,1.1233,7712,0,0,21.676000595092773,11.331899642944336,2.718100070953369,1.7425999641418457,0.1574999988079071,0.15360000729560852,0,0,0,0,0,0,0,0,0,0,0,0,0
522,39.64739990234375,2.358599901199341,18.36240005493164,3.7718000411987305,3.992799997329712,3.052000045776367,10.660099983215332,0.6380000114440918,10000,10009,20000,10006,20000,20000,10000,0.3050000071525574,2.473599910736084,2.08240008354187,10000,1.4854999999998653,0.8502,1,0.0928,0.0401,376832,15,15,1.0246,20240,0,0,20.829999923706055,10.825799942016602,2.134500026702881,1.5878000259399414,0.1454000025987625,0.13989999890327454,0,0,0,0,0,0,0,0,0,0,0,0,0
523,28.113100051879883,0.0012000000569969416,11.484199523925781,2.196000099182129,0.6947000026702881,1.3224999904632568,8.560400009155273,0.4959000051021576,10000,10009,20000,10006,20000,20000,10000,0.30970001220703125,1.9864000082015991,2.3333001136779785,10000,1.41209999999987,0.863,1,0.10499999999999998,0.038,376832,15,15,1.0822,7712,0,0,11.593099594116211,8.59060001373291,2.0917999744415283,1.4658000469207764,0.010200000368058681,0.18889999389648438,0,0,0,0,0,0,0,0,0,0,0,0,0
524,32.66740036010742,0.0007999999797903001,12.86929988861084,2.7609000205993652,0.8655999898910522,1.4248000383377075,10.515600204467773,0.6148999929428101,10000,10009,20000,10006,20000,20000,10000,0.2549999952316284,2.335900068283081,2.391900062561035,10000,1.6967999999998455,0.9926,1,0.11779999999999999,0.0438,376832,15,15,1.1954,7712,0,0,12.98270034790039,10.547599792480469,2.3910999298095703,1.667199969291687,0.01140000019222498,0.17489999532699585,0,0,0,0,0,0,0,0,0,0,0,0,0
525,47.438201904296875,8.174400329589844,18.486499786376953,3.5190999507904053,3.103100061416626,2.8919999599456787,11.030900001525879,0.7633000016212463,10000,10009,20000,10006,20000,20000,10000,0.335999995470047,2.84060001373291,2.676300048828125,10000,1.7156999999998404,1.4099,1,0.10300000000000001,0.0504,376832,15,15,1.1274,10280,0,0,26.800399780273438,11.056500434875488,3.0134999752044678,1.6593999862670898,0.008999999612569809,0.16660000383853912,0.002,0,0.0925,5.4913,5.8672,0.0001,0.3839,1,898528,0,0,0,5970
526,41.91659927368164,0.0010000000474974513,20.625999450683594,3.7904000282287598,3.841399908065796,3.460200071334839,11.837599754333496,0.8327000141143799,10000,10009,20000,10006,20000,20000,10000,0.3409000039100647,2.9179999828338623,2.835200071334839,10000,1.6429999999998488,1.0346,1,0.10399999999999998,0.039,376832,15,15,1.1212,7712,0,0,20.736400604248047,12.2475004196167,2.6034998893737793,1.6720000505447388,0.390500009059906,0.16189999878406525,0,0,0,0,0,0,0,0,0,0,0,0,0
527,36.47209930419922,0.000699999975040555,17.454099655151367,2.686000108718872,3.1840999126434326,3.0116000175476074,9.082500457763672,0.5788000226020813,10000,10009,20000,10006,20000,20000,10000,0.26820001006126404,2.5406999588012695,2.775700092315674,10000,1.5623999999998557,1.1922,1,0.10139999999999999,0.037,376832,15,15,1.0799,7712,0,0,17.567100524902344,9.524299621582031,3.0174999237060547,1.9098000526428223,0.4083000123500824,0.1746000051498413,0,0,0,0,0,0,0,0,0,0,0,0,0
528,51.3568000793457,12.235699653625488,25.499000549316406,5.700399875640869,5.839200019836426,3.76419997215271,7.804500102996826,0.8291000127792358,10000,10009,20000,10006,20000,20000,10000,0.3328000009059906,2.987600088119507,3.356800079345703,10000,0.8623999999999218,0.5784,1,0.0596,0.032600000000000004,376832,15,15,0.7902,21456,0,0,37.841400146484375,8.239800453186035,1.3875999450683594,1.1121000051498413,0.41850000619888306,0.13179999589920044,0.0019,0,0.0944,5.8101,9.4024,3.2566,0.3647,1,911480,98685,9995,20794,6727
529,25.138399124145508,0.0008999999845400453,12.512999534606934,1.766700029373169,2.505199909210205,2.3745999336242676,6.135499954223633,0.40389999747276306,10000,10009,20000,10006,20000,20000,10000,0.19020000100135803,2.014400005340576,1.5443999767303467,10000,0.9768999999999095,0.7919,1,0.0683,0.0291,376832,15,15,0.9723,7712,0,0,12.610099792480469,6.266499996185303,1.7740999460220337,1.2760000228881836,0.11670000106096268,0.13099999725818634,0,0,0,0,0,0,0,0,0,0,0,0,0
530,38.591800689697266,0.0008999999845400453,16.42889976501465,2.7574000358581543,3.201200008392334,3.046299934387207,12.673100471496582,0.6226999759674072,10000,10009,20000,10006,20000,20000,10000,0.28279998898506165,2.4725000858306885,2.0601999759674072,10000,1.6188999999998503,1.1405,1,0.1029,0.039400000000000004,376832,15,15,1.1726,7712,0,0,16.530899047851562,12.858099937438965,2.6867001056671143,1.829200029373169,0.1673000007867813,0.17350000143051147,0,0,0,0,0,0,0,0,0,0,0,0,0
531,60.93130111694336,24.34980010986328,20.9822998046875,3.7990000247955322,3.9700000286102295,3.9823999404907227,9.82409954071045,0.7789999842643738,10000,10009,20000,10006,20000,20000,10000,0.31520000100135803,2.8828999996185303,2.8099000453948975,10000,0.9906999999999083,0.6129,1,0.0633,0.0298,376832,15,15,0.7578,19536,0,0,45.4474983215332,9.959699630737305,1.4562000036239624,1.0773999691009521,0.11999999731779099,0.13220000267028809,0.0023,10.875499725341797,0.109,6.0234,10.2701,3.844,0.4174,1,899896,92596,9995,19115,6483
532,26.901199340820312,0.0007999999797903001,13.184399604797363,1.9466999769210815,2.524399995803833,2.9003000259399414,6.6468000411987305,0.4309999942779541,10000,10009,20000,10006,20000,20000,10000,0.22519999742507935,1.8367999792099,1.6131999492645264,10000,1.1058999999998984,0.8491,1,0.0805,0.0377,376832,15,15,1.0791,7712,0,0,13.260600090026855,6.787799835205078,1.8823000192642212,1.3573999404907227,0.1256999969482422,0.1348000019788742,0,0,0,0,0,0,0,0,0,0,0,0,0
533,40.16210174560547,0.0008999999845400453,19.929399490356445,2.8993000984191895,3.2604000568389893,3.921999931335449,10.89050006866455,0.6689000129699707,10000,10009,20000,10006,20000,20000,10000,0.2971000075340271,4.318399906158447,2.327199935913086,10000,1.6375999999998487,1.0289,1,0.10220000000000001,0.0386,376832,15,15,1.1287,7712,0,0,20.02750015258789,11.068499565124512,2.5694000720977783,1.8246999979019165,0.16019999980926514,0.18719999492168427,0,0,0,0,0,0,0,0,0,0,0,0,0
534,44.54079818725586,3.176500082015991,20.942699432373047,3.698199987411499,3.949399948120117,3.6254000663757324,11.000499725341797,0.7860999703407288,10000,10009,20000,10006,20000,20000,10000,0.32829999923706055,3.148099899291992,2.9398999214172363,10000,1.6557999999998483,1.0847,1,0.10329999999999999,0.0382,376832,15,15,1.1076,19648,0,0,24.25909996032715,11.178099632263184,2.6291000843048096,1.8101999759674072,0.1597999930381775,0.1704999953508377,0,0,0,0,0,0,0,0,0,0,0,0,0
535,36.100399017333984,0.0007999999797903001,15.889399528503418,3.6721999645233154,0.9279999732971191,1.8522000312805176,11.095499992370605,0.7896000146865845,10000,10009,20000,10006,20000,20000,10000,0.34439998865127563,2.8833999633789062,2.9214999675750732,10000,1.647599999999848,1.0604,1,0.10190000000000002,0.0376,376832,15,15,1.2371,7712,0,0,15.993000030517578,11.12339973449707,2.6059999465942383,1.562399983406067,0.00930000003427267,0.1784999966621399,0,0,0,0,0,0,0,0,0,0,0,0,0
536,36.69260025024414,0.0010000000474974513,16.256200790405273,3.91129994392395,0.9003999829292297,1.8142000436782837,10.996500015258789,0.8084999918937683,10000,10009,20000,10006,20000,20000,10000,0.33079999685287476,3.1054999828338623,2.8364999294281006,10000,1.7154999999998481,1.0541,1,0.137,0.0465,376832,15,15,1.2255,7712,0,0,16.36639976501465,11.023099899291992,2.6707000732421875,1.572100043296814,0.009100000374019146,0.17630000412464142,0,0,0,0,0,0,0,0,0,0,0,0,0
537,47.298500061035156,8.933799743652344,18.556800842285156,3.661400079727173,2.831899881362915,2.838200092315674,10.906800270080566,0.8170999884605408,10000,10009,20000,10006,20000,20000,10000,0.28139999508857727,2.8564000129699707,2.7769999504089355,10000,1.663499999999847,1.0598,1,0.1019,0.0372,376832,15,15,1.0952,10280,0,0,27.643199920654297,10.930800437927246,2.602099895477295,1.451799988746643,0.008999999612569809,0.15889999270439148,0.0022,0,0.1037,6.0555,6.4773,0.0001,0.4126,1,885706,0,0,0,5684
538,38.037200927734375,0.0012000000569969416,18.058300018310547,3.203700065612793,3.3125998973846436,3.5957999229431152,10.363900184631348,0.659600019454956,10000,10009,20000,10006,20000,20000,10000,0.2872999906539917,2.646699905395508,2.173099994659424,10000,1.642499999999848,1.043,1,0.1043,0.042300000000000004,376832,15,15,1.1868,7712,0,0,18.170799255371094,10.8302001953125,2.6071999073028564,1.7065999507904053,0.44749999046325684,0.1720999926328659,0,0,0,0,0,0,0,0,0,0,0,0,0
539,38.7328987121582,0.0012000000569969416,17.09429931640625,2.778700113296509,3.178499937057495,2.972899913787842,11.982399940490723,0.6205000281333923,10000,10009,20000,10006,20000,20000,10000,0.2863999903202057,2.8654000759124756,2.228100061416626,10000,1.658999999999849,1.0686,1,0.10360000000000001,0.043,376832,15,15,1.2159,7712,0,0,17.20549964904785,12.45740032196045,2.6277999877929688,1.662600040435791,0.4544999897480011,0.16979999840259552,0,0,0,0,0,0,0,0,0,0,0,0,0
540,46.93790054321289,10.698800086975098,17.614700317382812,3.0165998935699463,3.366300106048584,3.224600076675415,11.317899703979492,0.6647999882698059,10000,10009,20000,10006,20000,20000,10000,0.26429998874664307,2.638400077819824,2.2813000679016113,10000,1.1606999999998941,0.798,1,0.0695,0.0338,376832,15,15,0.9795,17488,0,0,28.419300079345703,11.879599571228027,1.753999948501587,1.3199000358581543,0.5432000160217285,0.13109999895095825,0.0022,0,0.0824,4.9899,8.1096,2.8272,0.3505,1,902074,99505,9995,20517,6493
541,27.851900100708008,0.0008999999845400453,13.445899963378906,1.9657000303268433,2.6157000064849854,2.7541000843048096,7.024799823760986,0.4564000070095062,10000,10009,20000,10006,20000,20000,10000,0.22630000114440918,1.8990999460220337,1.7232999801635742,10000,1.1336999999998953,0.8358,1,0.0767,0.0325,376832,15,15,1.0772,7712,0,0,13.557600021362305,7.166900157928467,1.992300033569336,1.478700041770935,0.1265999972820282,0.155799999833107,0,0,0,0,0,0,0,0,0,0,0,0,0
542,40.37649917602539,0.0012000000569969416,19.629199981689453,3.7095000743865967,3.781399965286255,3.3984999656677246,11.393899917602539,0.7724999785423279,10000,10009,20000,10006,20000,20000,10000,0.28459998965263367,2.8570001125335693,2.426100015640259,10000,1.637199999999849,1.0126,1,0.10319999999999999,0.0468,376832,15,15,1.18,7712,0,0,19.73979949951172,11.573699951171875,2.5583999156951904,1.7925000190734863,0.16140000522136688,0.18070000410079956,0,0,0,0,0,0,0,0,0,0,0,0,0
543,59.76390075683594,24.34160041809082,20.80929946899414,3.955399990081787,4.053999900817871,3.592900037765503,9.36340045928955,0.7854999899864197,10000,10009,20000,10006,20000,20000,10000,0.29910001158714294,2.871799945831299,2.763000011444092,10000,0.8367999999999246,0.5171,1,0.055799999999999995,0.0264,376832,15,15,0.7357,21344,0,0,45.270198822021484,9.491399765014648,1.2691999673843384,1.013700008392334,0.10840000212192535,0.12630000710487366,0.0021,10.31760025024414,0.107,6.5014,10.9425,3.9675,0.422,1,891264,91996,9996,18957,6214
544,25.988300323486328,0.0008999999845400453,13.592499732971191,1.832800030708313,2.7123000621795654,2.5843000411987305,5.978300094604492,0.4196000099182129,10000,10009,20000,10006,20000,20000,10000,0.22059999406337738,2.460400104522705,1.5997999906539917,10000,0.9689999999999097,0.7403,1,0.0707,0.0297,376832,15,15,0.858,7712,0,0,13.670499801635742,6.121500015258789,1.6971999406814575,1.3789000511169434,0.12759999930858612,0.1388999968767166,0,0,0,0,0,0,0,0,0,0,0,0,0
545,32.59149932861328,0.000699999975040555,16.868999481201172,2.422300100326538,2.980600118637085,4.25570011138916,7.925600051879883,0.5601999759674072,10000,10009,20000,10006,20000,20000,10000,0.2572000026702881,2.312000036239624,2.0100998878479004,10000,1.248299999999885,0.9,1,0.0817,0.0432,376832,15,15,1.0921,7712,0,0,16.990100860595703,8.094799995422363,2.097899913787842,1.503499984741211,0.15209999680519104,0.1412000060081482,0,0,0,0,0,0,0,0,0,0,0,0,0
546,41.806800842285156,2.5409998893737793,18.909700393676758,3.227299928665161,4.17110013961792,3.2307000160217285,11.011199951171875,0.6937999725341797,10000,10009,20000,10006,20000,20000,10000,0.2644999921321869,2.7499001026153564,2.351599931716919,10000,1.6296999999998496,1.0796,1,0.10260000000000001,0.0377,376832,15,15,1.1094,17560,0,0,21.553600311279297,11.18220043182373,2.6229000091552734,1.8212000131607056,0.15489999949932098,0.17020000517368317,0,0,0,0,0,0,0,0,0,0,0,0,0
547,36.6515007019043,0.0013000000035390258,16.3966007232666,3.625699996948242,0.9146999716758728,2,11.012100219726562,0.7727000117301941,10000,10009,20000,10006,20000,20000,10000,0.30320000648498535,3.4386000633239746,2.835200071334839,10000,1.6885999999998462,1.0452,1,0.10289999999999999,0.0426,376832,15,15,1.1116,7712,0,0,16.499500274658203,11.038900375366211,2.63100004196167,1.7496000528335571,0.009100000374019146,0.17880000174045563,0,0,0,0,0,0,0,0,0,0,0,0,0
548,36.33470153808594,0.0007999999797903001,16.19409942626953,3.995699882507324,0.9208999872207642,1.7927000522613525,11.139599800109863,0.7915999889373779,10000,10009,20000,10006,20000,20000,10000,0.3303999900817871,2.8468000888824463,2.9209001064300537,10000,1.6309999999998495,1.0421,1,0.10199999999999998,0.0415,376832,15,15,1.1283,7712,0,0,16.315399169921875,11.165499687194824,2.5945000648498535,1.6053999662399292,0.00839999970048666,0.1624000072479248,0,0,0,0,0,0,0,0,0,0,0,0,0
549,51.367801666259766,8.953499794006348,22.142200469970703,5.910999774932861,4.172900199890137,2.7165000438690186,11.119999885559082,0.7983999848365784,10000,10009,20000,10006,20000,20000,10000,0.2939999997615814,3.0081000328063965,2.7511000633239746,10000,1.633499999999849,1.0886,1,0.1019,0.044700000000000004,376832,15,15,1.1783,10280,0,0,31.20560073852539,11.1496000289917,2.6656999588012695,1.6540000438690186,0.008999999612569809,0.16619999706745148,0.0021,0,0.1039,6.0969,6.5098,0,0.4362,1,881496,0,0,0,5433
550,41.75339889526367,0.0007999999797903001,20.652799606323242,3.791300058364868,3.7246999740600586,3.730799913406372,11.265700340270996,0.7907999753952026,10000,10009,20000,10006,20000,20000,10000,0.3278999924659729,2.8850998878479004,2.8413000106811523,10000,1.6395999999998494,1.1445,1,0.10170000000000001,0.0366,376832,15,15,1.1676,7712,0,0,20.75659942626953,11.734700202941895,2.6900999546051025,1.8574999570846558,0.4496000111103058,0.1834000051021576,0,0,0,0,0,0,0,0,0,0,0,0,0
551,41.221900939941406,0.0008999999845400453,20.406999588012695,3.6875,3.932800054550171,3.3101999759674072,11.026599884033203,0.7972000241279602,10000,10009,20000,10006,20000,20000,10000,0.2985999882221222,2.938999891281128,2.9351000785827637,10000,1.6421999999998482,1.0676,1,0.10480000000000002,0.041499999999999995,376832,15,15,1.1677,7712,0,0,20.511699676513672,11.497900009155273,2.6558001041412354,1.8217999935150146,0.4535999894142151,0.16580000519752502,0,0,0,0,0,0,0,0,0,0,0,0,0
552,49.02090072631836,11.39900016784668,19.86359977722168,3.677799940109253,3.7657999992370605,3.290600061416626,10.781599998474121,0.7797999978065491,10000,10009,20000,10006,20000,20000,10000,0.2921000123023987,2.919100046157837,2.7692999839782715,10000,1.1752999999998923,0.8413,1,0.0714,0.03,376832,15,15,0.8486,15824,0,0,31.361799240112305,11.196000099182129,1.7999999523162842,1.2213000059127808,0.39640000462532043,0.13179999589920044,0.0022,0,0.0902,4.9084,8.6459,3.4063,0.3567,1,898098,96878,9996,20350,6255
553,28.202600479125977,0.0010000000474974513,13.161100387573242,1.9377000331878662,2.598900079727173,2.6501998901367188,7.395299911499023,0.4487999975681305,10000,10009,20000,10006,20000,20000,10000,0.21089999377727509,1.8868999481201172,1.6949000358581543,10000,1.2018999999998894,0.8927,1,0.0785,0.031,376832,15,15,1.0462,7712,0,0,13.24370002746582,7.538899898529053,2.094899892807007,1.5226000547409058,0.12960000336170197,0.24130000174045563,0,0,0,0,0,0,0,0,0,0,0,0,0
554,40.5452995300293,0.0006000000284984708,19.618799209594727,3.6522998809814453,3.767400026321411,3.385499954223633,11.353300094604492,0.7669000029563904,10000,10009,20000,10006,20000,20000,10000,0.2879999876022339,2.8684000968933105,2.5529000759124756,10000,1.6395999999998483,1.1408,1,0.10240000000000002,0.0394,376832,15,15,1.1656,7712,0,0,19.721399307250977,11.529800415039062,2.703000068664551,1.8860000371932983,0.15790000557899475,0.1736000031232834,0,0,0,0,0,0,0,0,0,0,0,0,0
555,59.2598991394043,24.336599349975586,20.33810043334961,3.6937999725341797,3.973599910736084,3.26990008354187,9.173399925231934,0.7882999777793884,10000,10009,20000,10006,20000,20000,10000,0.34150001406669617,3.049099922180176,2.813499927520752,10000,0.9122999999999158,0.5207,1,0.06040000000000001,0.0289,376832,15,15,0.6255,21104,0,0,44.79930114746094,9.308699607849121,1.3351000547409058,1.0932999849319458,0.1152999997138977,0.13300000131130219,0.0021,10.64739990234375,0.1038,6.3303,10.6518,3.9212,0.4079,1,883032,89989,9996,18784,5958
556,25.51889991760254,0.0008999999845400453,12.491100311279297,1.7934999465942383,2.621299982070923,2.4892001152038574,6.436200141906738,0.4239000082015991,10000,10009,20000,10006,20000,20000,10000,0.20000000298023224,1.6670000553131104,1.5888999700546265,10000,1.0585999999999014,0.7254,1,0.07219999999999999,0.029900000000000003,376832,15,15,0.835,7712,0,0,12.58329963684082,6.569300174713135,1.763200044631958,1.3701000213623047,0.11940000206232071,0.15410000085830688,0,0,0,0,0,0,0,0,0,0,0,0,0
557,38.398799896240234,0.0008999999845400453,17.72559928894043,3.0852999687194824,3.196000099182129,3.2248001098632812,11.117199897766113,0.7069000005722046,10000,10009,20000,10006,20000,20000,10000,0.34310001134872437,2.8227999210357666,2.220599889755249,10000,1.6562999999998473,1.0883,1,0.10120000000000001,0.0383,376832,15,15,1.253,7712,0,0,17.82900047302246,11.280400276184082,2.6428000926971436,1.8243000507354736,0.14630000293254852,0.17249999940395355,0,0,0,0,0,0,0,0,0,0,0,0,0
558,43.32469940185547,2.6017000675201416,19.803699493408203,3.643899917602539,3.7356998920440674,3.278599977493286,11.144100189208984,0.8148999810218811,10000,10009,20000,10006,20000,20000,10000,0.29510000348091125,2.890199899673462,2.8069000244140625,10000,1.6451999999998475,1.1715,1,0.10250000000000001,0.0406,376832,15,15,1.3614,16448,0,0,22.519899368286133,11.337499618530273,2.7365000247955322,1.7970000505447388,0.17170000076293945,0.17970000207424164,0,0,0,0,0,0,0,0,0,0,0,0,0
559,40.57899856567383,0.0010000000474974513,20.677200317382812,3.652600049972534,0.9135000109672546,1.7967000007629395,10.976699829101562,0.8032000064849854,10000,10009,20000,10006,20000,20000,10000,5.178199768066406,2.9058001041412354,2.982800006866455,10000,1.6335999999998496,1.0228,1,0.1036,0.039599999999999996,376832,15,15,1.1301,7712,0,0,20.79360008239746,11.002300262451172,2.573199987411499,1.5403000116348267,0.008700000122189522,0.16369999945163727,0,0,0,0,0,0,0,0,0,0,0,0,0
560,35.82160186767578,0.0007999999797903001,15.893699645996094,3.6745998859405518,0.9509999752044678,1.875,11.044599533081055,0.8230000138282776,10000,10009,20000,10006,20000,20000,10000,0.3010999858379364,2.906100034713745,2.8798000812530518,10000,1.6457999999998474,1.0177,1,0.10190000000000002,0.0409,376832,15,15,1.0829,7712,0,0,16.010299682617188,11.069700241088867,2.5634000301361084,1.5570000410079956,0.008700000122189522,0.1678999960422516,0,0,0,0,0,0,0,0,0,0,0,0,0
561,47.368499755859375,8.980899810791016,18.596500396728516,3.785799980163574,2.7548000812530518,2.6542999744415283,10.949999809265137,0.8278999924659729,10000,10009,20000,10006,20000,20000,10000,0.3246999979019165,2.8715999126434326,2.8254001140594482,10000,1.6411999999998497,1.0404,1,0.1025,0.0364,376832,15,15,1.0615,10280,0,0,27.675100326538086,10.975299835205078,2.58240008354187,1.5648000240325928,0.009200000204145908,0.164000004529953,0.0022,0,0.1054,6.1517,6.5646,0.0001,0.3991,1,874354,0,0,0,5181
562,41.52790069580078,0.0010999999940395355,20.516199111938477,3.717400074005127,3.936800003051758,3.2857000827789307,11.077099800109863,0.7620000243186951,10000,10009,20000,10006,20000,20000,10000,0.3571999967098236,2.955199956893921,3.015899896621704,10000,1.640799999999849,1.1673,1,0.1026,0.039599999999999996,376832,15,15,1.2522,7712,0,0,20.647300720214844,11.519800186157227,2.7811999320983887,1.7842999696731567,0.4250999987125397,0.16590000689029694,0,0,0,0,0,0,0,0,0,0,0,0,0
563,38.48630142211914,0.0008999999845400453,17.85449981689453,2.9173998832702637,3.03439998626709,3.478100061416626,11.018199920654297,0.6699000000953674,10000,10009,20000,10006,20000,20000,10000,0.250900000333786,2.914900064468384,2.3203001022338867,10000,1.6458999999998474,1.0446,1,0.10350000000000001,0.0411,376832,15,15,1.0948,7712,0,0,18.002599716186523,11.460800170898438,2.5838000774383545,1.808899998664856,0.42500001192092896,0.16670000553131104,0,0,0,0,0,0,0,0,0,0,0,0,0
564,50.888099670410156,12.260600090026855,20.57710075378418,3.667799949645996,3.667799949645996,3.4816999435424805,11.131500244140625,0.8098000288009644,10000,10009,20000,10006,20000,20000,10000,0.328900009393692,3.298099994659424,2.8048999309539795,10000,1.1739999999998927,0.6795,1,0.0714,0.030100000000000002,376832,15,15,0.9284,17600,0,0,32.962501525878906,11.558899879455566,1.6546000242233276,1.1952999830245972,0.4090000092983246,0.1273999959230423,0.0021,0,0.1031,5.3812,9.399,3.6459,0.404,1,890018,95243,9995,19694,5970
565,28.0408992767334,0.0008999999845400453,13.275899887084961,1.9450000524520874,2.4690001010894775,2.458899974822998,7.197199821472168,0.46059998869895935,10000,10009,20000,10006,20000,20000,10000,0.19949999451637268,2.3729000091552734,1.6263999938964844,10000,1.1859999999998905,0.96,1,0.0799,0.033299999999999996,376832,15,15,0.912,7712,0,0,13.366999626159668,7.343599796295166,2.1765999794006348,1.5989999771118164,0.13030000030994415,0.1517000049352646,0,0,0,0,0,0,0,0,0,0,0,0,0
566,43.88029861450195,0.0007999999797903001,22.697900772094727,3.4951000213623047,5.083199977874756,3.488300085067749,11.550000190734863,0.7615000009536743,10000,10009,20000,10006,20000,20000,10000,0.35670000314712524,3.015199899673462,3.6119000911712646,10000,1.733499999999849,1.1419,1,0.1043,0.0385,376832,15,15,1.1956,7712,0,0,22.816099166870117,11.72439956665039,2.692699909210205,1.813099980354309,0.15209999680519104,0.17299999296665192,0,0,0,0,0,0,0,0,0,0,0,0,0
567,58.59619903564453,28.071500778198242,19.30109977722168,3.6926000118255615,4.06689977645874,3.119999885559082,6.182300090789795,0.775600016117096,10000,10009,20000,10006,20000,20000,10000,0.3125,2.1410999298095703,2.751699924468994,10000,0.7866999999999297,0.5899,1,0.05710000000000001,0.0255,376832,15,15,0.6781,18768,0,0,47.487300872802734,6.301199913024902,1.3167999982833862,0.9855999946594238,0.10499999672174454,0.12120000272989273,0.0026,14.785799980163574,0.1061,6.2065,10.2744,3.6585,0.4147,1,875802,87370,9995,17789,5725
568,23.60070037841797,0.0007999999797903001,11.641300201416016,1.6492999792099,2.296600103378296,2.2479000091552734,5.812900066375732,0.385699987411499,10000,10009,20000,10006,20000,20000,10000,0.2046000063419342,1.7259000539779663,1.4979000091552734,10000,0.9295999999999146,0.729,1,0.06409999999999999,0.0297,376832,15,15,0.87,7712,0,0,11.73490047454834,5.93720006942749,1.7024999856948853,1.2424999475479126,0.1111999973654747,0.1348000019788742,0,0,0,0,0,0,0,0,0,0,0,0,0
569,31.459299087524414,0.0008999999845400453,15.27180004119873,2.489000082015991,3.1024999618530273,2.7030999660491943,8.28320026397705,0.5622000098228455,10000,10009,20000,10006,20000,20000,10000,0.2281000018119812,2.115299940109253,2.012700080871582,10000,1.2953999999998809,0.9762,1,0.0976,0.0316,376832,15,15,0.9316,7712,0,0,15.367899894714355,8.46500015258789,2.2695000171661377,1.5465999841690063,0.16609999537467957,0.1648000031709671,0,0,0,0,0,0,0,0,0,0,0,0,0
570,42.65359878540039,2.420099973678589,19.465299606323242,3.7813000679016113,3.5571999549865723,3.306299924850464,11.056400299072266,0.7752000093460083,10000,10009,20000,10006,20000,20000,10000,0.3151000142097473,2.865999937057495,2.53629994392395,10000,1.6246999999998497,1.2478,1,0.10160000000000001,0.0437,376832,15,15,1.1984,15520,0,0,21.99570083618164,11.225700378417969,2.822999954223633,1.8604999780654907,0.15219999849796295,0.18080000579357147,0,0,0,0,0,0,0,0,0,0,0,0,0
571,36.79460144042969,0.0010999999940395355,15.799099922180176,3.6579999923706055,0.9053999781608582,1.7049000263214111,11.260899543762207,0.7767999768257141,10000,10009,20000,10006,20000,20000,10000,0.3465999960899353,2.946500062942505,2.937000036239624,10000,1.7485999999998418,1.0853,1,0.10500000000000001,0.0451,376832,15,15,1.4117,7712,0,0,15.929100036621094,11.289299964904785,2.740999937057495,1.583799958229065,0.008799999952316284,0.17159999907016754,0,0,0,0,0,0,0,0,0,0,0,0,0
572,36.676700592041016,0.0008999999845400453,16.18120002746582,3.6958000659942627,0.906000018119812,1.794600009918213,11.165900230407715,0.8029000163078308,10000,10009,20000,10006,20000,20000,10000,0.31279999017715454,2.867500066757202,3.262700080871582,10000,1.6495999999998483,1.1015,1,0.11759999999999998,0.0438,376832,15,15,1.3181,7712,0,0,16.317899703979492,11.193900108337402,2.68530011177063,1.5829999446868896,0.009600000455975533,0.16529999673366547,0,0,0,0,0,0,0,0,0,0,0,0,0
573,48.26580047607422,9.198800086975098,18.847299575805664,3.7335000038146973,2.7021000385284424,2.867500066757202,11.197600364685059,0.8452000021934509,10000,10009,20000,10006,20000,20000,10000,0.2973000109195709,3.227799892425537,2.788300037384033,10000,1.63429999999985,1.1269,1,0.1013,0.038,376832,15,15,1.079,10280,0,0,28.16320037841797,11.228799819946289,2.686000108718872,1.5743999481201172,0.008999999612569809,0.18230000138282776,0.0021,0,0.1027,6.4413,6.8602,0.0001,0.3842,1,870230,0,0,0,4947
574,41.34709930419922,0.0007999999797903001,20.35919952392578,3.7458999156951904,3.802000045776367,3.3413000106811523,11.060799598693848,0.8827999830245972,10000,10009,20000,10006,20000,20000,10000,0.2969000041484833,2.9379000663757324,2.8993000984191895,10000,1.6615999999998474,1.1372,1,0.10569999999999999,0.0471,376832,15,15,1.0974,7712,0,0,20.487199783325195,11.48960018157959,2.7102999687194824,1.9636000394821167,0.4120999872684479,0.19050000607967377,0,0,0,0,0,0,0,0,0,0,0,0,0
575,42.51729965209961,0.0007999999797903001,21.326099395751953,3.788300037384033,3.802999973297119,3.7151999473571777,11.181400299072266,0.7803999781608582,10000,10009,20000,10006,20000,20000,10000,0.5425999760627747,3.086400032043457,3.037400007247925,10000,1.6887999999998495,1.1427,1,0.10260000000000001,0.0349,376832,15,15,1.2154,7712,0,0,21.474899291992188,11.592300415039062,2.707900047302246,1.8931000232696533,0.3912000060081482,0.17440000176429749,0,0,0,0,0,0,0,0,0,0,0,0,0
576,56.30799865722656,24.29199981689453,20.06209945678711,3.686500072479248,3.6256000995635986,4.056099891662598,6.434700012207031,0.7853000164031982,10000,10009,20000,10006,20000,20000,10000,0.3059999942779541,2.3942999839782715,2.7881999015808105,10000,0.7917999999999296,0.5777,1,0.0555,0.0264,376832,15,15,0.828,16568,0,0,44.48939895629883,6.7642998695373535,1.3004000186920166,1.0750999450683594,0.31470000743865967,0.1143999993801117,0.0023,10.746700286865234,0.1035,6.3236,10.6181,3.8836,0.4026,1,886904,92817,9994,19205,5758
577,24.430500030517578,0.0007999999797903001,12.017600059509277,1.8037999868392944,2.3508999347686768,2.3880999088287354,6.145500183105469,0.4023999869823456,10000,10009,20000,10006,20000,20000,10000,0.1923000067472458,1.6540000438690186,1.5484999418258667,10000,0.9723999999999093,0.7366,1,0.0781,0.0364,376832,15,15,0.7737,7712,0,0,12.100799560546875,6.275300025939941,1.7142000198364258,1.3437000513076782,0.1160999983549118,0.1395999938249588,0,0,0,0,0,0,0,0,0,0,0,0,0
578,36.32109832763672,0.0010000000474974513,16.168699264526367,2.7167000770568848,2.9779999256134033,2.996999979019165,10.813899993896484,0.6236000061035156,10000,10009,20000,10006,20000,20000,10000,0.27399998903274536,2.5769999027252197,2.028599977493286,10000,1.6727999999998477,1.0422,1,0.10330000000000002,0.0435,376832,15,15,1.0955,7712,0,0,16.274999618530273,11.000300407409668,2.5820999145507812,1.7862999439239502,0.17139999568462372,0.17399999499320984,0,0,0,0,0,0,0,0,0,0,0,0,0
579,61.52690124511719,22.33690071105957,19.883699417114258,3.6558001041412354,3.726300001144409,3.414400100708008,10.95009994506836,0.7768999934196472,10000,10009,20000,10006,20000,20000,10000,0.31520000100135803,2.833699941635132,2.77020001411438,10000,1.6400999999998485,0.8905,1,0.1028,0.0376,376832,15,15,1.097,16328,0,0,42.339698791503906,11.12090015411377,2.15339994430542,1.308500051498413,0.1550000011920929,0.13920000195503235,0.0023,9.505800247192383,0.1043,5.8088,9.798,3.5924,0.3753,1,870070,86521,9994,17376,5490
580,33.298301696777344,0.0010000000474974513,14.895400047302246,2.5666000843048096,2.5838000774383545,3.2513999938964844,8.65149974822998,0.4959999918937683,10000,10009,20000,10006,20000,20000,10000,0.23929999768733978,2.154599905014038,1.776900053024292,10000,1.523199999999859,1.2277,1,0.1008,0.0404,376832,15,15,1.3271,7712,0,0,14.993499755859375,8.80739974975586,2.885499954223633,1.9541000127792358,0.14149999618530273,0.17669999599456787,0,0,0,0,0,0,0,0,0,0,0,0,0
581,40.86140060424805,0.001500000013038516,20.487600326538086,3.8125,3.5632998943328857,3.694499969482422,10.95359992980957,0.8341000080108643,10000,10009,20000,10006,20000,20000,10000,0.3553999960422516,2.8854000568389893,2.7946999073028564,10000,1.647799999999848,1.0341,1,0.12299999999999998,0.04820000000000001,376832,15,15,1.1226,7712,0,0,20.616199493408203,11.124300003051758,2.598599910736084,1.8125,0.1542000025510788,0.17710000276565552,0,0,0,0,0,0,0,0,0,0,0,0,0
582,46.544700622558594,2.5845000743865967,21.434999465942383,3.7716000080108643,3.711400032043457,3.474299907684326,14.472999572753906,0.781000018119812,10000,10009,20000,10006,20000,20000,10000,0.30160000920295715,4.402500152587891,2.566499948501587,10000,1.5721999999998568,0.8975,1,0.09230000000000001,0.038900000000000004,376832,15,15,1.0586,17496,0,0,24.142900466918945,14.659700393676758,2.022900104522705,1.2720999717712402,0.1623000055551529,0.14059999585151672,0,0,0,0,0,0,0,0,0,0,0,0,0
583,26.9335994720459,0.0008999999845400453,10.39739990234375,2.074899911880493,0.5924999713897705,1.3285000324249268,7.885700225830078,0.4733999967575073,10000,10009,20000,10006,20000,20000,10000,0.3041999936103821,2.020400047302246,1.7736999988555908,10000,1.2683999999998827,1.0109,1,0.08549999999999999,0.0364,376832,15,15,0.9442,7712,0,0,10.501899719238281,7.9096999168396,2.30679988861084,1.5742000341415405,0.007499999832361937,0.8888000249862671,0,0,0,0,0,0,0,0,0,0,0,0,0
584,36.177799224853516,0.0010000000474974513,16.188499450683594,3.703399896621704,0.8827999830245972,2.3717000484466553,10.990799903869629,0.7652999758720398,10000,10009,20000,10006,20000,20000,10000,0.2669999897480011,3.1700000762939453,2.6501998901367188,10000,1.664099999999846,1.05,1,0.1035,0.0372,376832,15,15,1.1077,7712,0,0,16.311500549316406,11.017000198364258,2.604300022125244,1.559399962425232,0.008200000040233135,0.16519999504089355,0,0,0,0,0,0,0,0,0,0,0,0,0
585,47.76839828491211,8.813699722290039,18.65220069885254,3.8080999851226807,2.8782999515533447,2.6412999629974365,11.07759952545166,0.7835000157356262,10000,10009,20000,10006,20000,20000,10000,0.32179999351501465,2.9504001140594482,2.824199914932251,10000,1.6642999999998491,1.0894,1,0.1011,0.0358,376832,15,15,1.1601,10280,0,0,27.57819938659668,11.103500366210938,2.6533000469207764,1.7115999460220337,0.008799999952316284,0.1737000048160553,0.002,0,0.1029,6.0293,6.435,0,0.3777,1,862724,0,0,0,4725
586,41.04570007324219,0.0008999999845400453,20.122699737548828,3.6745998859405518,3.6005001068115234,3.3803999423980713,11.0693998336792,0.8373000025749207,10000,10009,20000,10006,20000,20000,10000,0.3903000056743622,2.910599946975708,2.8635001182556152,10000,1.6554999999998476,1.0892,1,0.10369999999999999,0.035,376832,15,15,1.2235,7712,0,0,20.244699478149414,11.501999855041504,2.6659998893737793,1.819000005722046,0.4147999882698059,0.1729000061750412,0,0,0,0,0,0,0,0,0,0,0,0,0
587,41.65409851074219,0.0007999999797903001,20.311199188232422,3.7035000324249268,3.62280011177063,3.3736000061035156,11.169099807739258,0.7709000110626221,10000,10009,20000,10006,20000,20000,10000,0.30709999799728394,2.9828999042510986,2.9100000858306885,10000,1.7799999999998475,1.2266,1,0.10140000000000002,0.0376,376832,15,15,1.2451,7712,0,0,20.436199188232422,11.541299819946289,2.8268001079559326,1.879699945449829,0.3549000024795532,0.17880000174045563,0,0,0,0,0,0,0,0,0,0,0,0,0
588,49.51839828491211,11.872200012207031,19.941999435424805,3.680999994277954,3.812999963760376,3.1389999389648438,10.746100425720215,0.7809000015258789,10000,10009,20000,10006,20000,20000,10000,0.33059999346733093,2.854099988937378,2.907399892807007,10000,1.1475999999998963,0.7542,1,0.0702,0.031100000000000003,376832,15,15,0.8784,13888,0,0,31.94890022277832,11.112099647521973,1.7055000066757202,1.2854000329971313,0.350600004196167,0.19020000100135803,0.0022,0,0.0993,5.2239,9.0385,3.4548,0.3637,1,875512,89818,9994,18327,5531
589,28.74530029296875,0.006300000008195639,13.297699928283691,1.9457999467849731,2.4433000087738037,2.8378000259399414,7.643599987030029,0.45399999618530273,10000,10009,20000,10006,20000,20000,10000,0.2084999978542328,1.8834999799728394,1.7437000274658203,10000,1.2507999999998847,0.9002,1,0.08330000000000001,0.0346,376832,15,15,0.9062,7712,0,0,13.392900466918945,7.792200088500977,2.197000026702881,1.6435999870300293,0.1315000057220459,0.18870000541210175,0,0,0,0,0,0,0,0,0,0,0,0,0
590,40.79050064086914,0.0008999999845400453,20.438100814819336,3.66510009765625,3.6498000621795654,3.5915000438690186,10.994400024414062,0.7768999934196472,10000,10009,20000,10006,20000,20000,10000,0.3781999945640564,3.02810001373291,2.948499917984009,10000,1.6554999999998472,1.0347,1,0.10170000000000001,0.0381,376832,15,15,1.1008,7712,0,0,20.531299591064453,11.181500434875488,2.5978000164031982,1.8113000392913818,0.1687999963760376,0.1703999936580658,0,0,0,0,0,0,0,0,0,0,0,0,0
591,58.13370132446289,24.41830062866211,20.73870086669922,3.7093000411987305,3.902100086212158,3.464099884033203,7.563499927520752,0.8216999769210815,10000,10009,20000,10006,20000,20000,10000,0.29989999532699585,3.1522998809814453,2.8327999114990234,10000,0.868899999999922,0.6418,1,0.058800000000000005,0.0285,376832,15,15,0.6857,16568,0,0,45.258399963378906,7.691400051116943,1.4097000360488892,1.0621999502182007,0.10999999940395355,0.1264999955892563,0.0024,10.691800117492676,0.1165,6.5418,10.6887,3.7181,0.4194,1,864882,85526,9994,17646,5265
592,24.184900283813477,0.0007999999797903001,11.962699890136719,1.7240999937057495,2.390700101852417,2.344899892807007,5.900599956512451,0.4068000018596649,10000,10009,20000,10006,20000,20000,10000,0.21799999475479126,1.7000000476837158,1.527400016784668,10000,0.9477999999999119,0.8682,1,0.0666,0.028999999999999998,376832,15,15,0.8199,7712,0,0,12.040599822998047,6.032400131225586,1.8372000455856323,1.2920000553131104,0.10809999704360962,0.13819999992847443,0,0,0,0,0,0,0,0,0,0,0,0,0
593,34.08829879760742,0.0008999999845400453,15.59630012512207,2.5046000480651855,2.8108999729156494,3.096100091934204,9.14739990234375,0.5740000009536743,10000,10009,20000,10006,20000,20000,10000,0.2651999890804291,2.417799949645996,1.9931000471115112,10000,1.4882999999998632,1.0469,1,0.0989,0.0374,376832,15,15,1.1279,7712,0,0,15.68120002746582,9.313599586486816,2.639699935913086,1.9007999897003174,0.14880000054836273,0.3578999936580658,0,0,0,0,0,0,0,0,0,0,0,0,0
594,44.191898345947266,2.6839001178741455,20.427099227905273,3.7737998962402344,3.9054999351501465,3.313800096511841,11.675800323486328,0.7878000140190125,10000,10009,20000,10006,20000,20000,10000,0.29679998755455017,2.8543999195098877,2.8222999572753906,10000,1.6491999999998483,1.0571,1,0.10350000000000001,0.0471,376832,15,15,1.1239,16328,0,0,23.215299606323242,11.86359977722168,2.623199939727783,1.8219000101089478,0.16820000112056732,0.16529999673366547,0,0,0,0,0,0,0,0,0,0,0,0,0
595,37.09640121459961,0.0007999999797903001,16.24049949645996,3.6747000217437744,0.9516000151634216,2.149600028991699,11.377699851989746,0.7763000130653381,10000,10009,20000,10006,20000,20000,10000,0.29660001397132874,2.8986001014709473,3.009700059890747,10000,1.6300999999998493,1.4767,1,0.103,0.0407,376832,15,15,1.0898,7712,0,0,16.344100952148438,11.405699729919434,3.1226000785827637,1.603600025177002,0.008700000122189522,0.16910000145435333,0,0,0,0,0,0,0,0,0,0,0,0,0
596,36.445701599121094,0.0010000000474974513,16.03230094909668,3.683000087738037,0.9675999879837036,1.8265999555587769,11.218099594116211,0.781499981880188,10000,10009,20000,10006,20000,20000,10000,0.29019999504089355,2.893699884414673,2.9130001068115234,10000,1.6607999999998464,1.099,1,0.10450000000000001,0.044899999999999995,376832,15,15,1.1234,7712,0,0,16.156999588012695,11.245400428771973,2.6921000480651855,1.5738999843597412,0.009100000374019146,0.18209999799728394,0,0,0,0,0,0,0,0,0,0,0,0,0
597,49.818599700927734,9.701199531555176,19.57309913635254,3.7190001010894775,2.8387999534606934,2.6354000568389893,11.12090015411377,0.8539999723434448,10000,10009,20000,10006,20000,20000,10000,0.390500009059906,3.759700059890747,2.8559999465942383,10000,1.6445999999998484,1.1707,1,0.1031,0.0423,376832,15,15,1.2376,10280,0,0,29.39590072631836,11.150400161743164,2.755500078201294,1.607100009918213,0.008899999782443047,0.1907999962568283,0.0024,0,0.1051,6.8059,7.229,0,0.3992,1,860110,0,0,0,4516
598,40.93600082397461,0.0012000000569969416,20.138700485229492,3.73009991645813,3.48799991607666,3.5111000537872314,11.101499557495117,0.8090999722480774,10000,10009,20000,10006,20000,20000,10000,0.30550000071525574,2.9173998832702637,2.768399953842163,10000,1.6912999999998473,1.0711,1,0.10339999999999999,0.0385,376832,15,15,1.1165,7712,0,0,20.260499954223633,11.498600006103516,2.6354000568389893,1.8163000345230103,0.3801000118255615,0.1679999977350235,0,0,0,0,0,0,0,0,0,0,0,0,0
599,40.9822998046875,0.0012000000569969416,19.74139976501465,3.6784000396728516,3.471100091934204,3.3213000297546387,11.055999755859375,0.7723000049591064,10000,10009,20000,10006,20000,20000,10000,0.2971999943256378,2.8761000633239746,2.742300033569336,10000,1.6598999999998463,1.1979,1,0.10569999999999999,0.0378,376832,15,15,1.2841,7712,0,0,19.842899322509766,11.443900108337402,2.776700019836426,2.062299966812134,0.3695000112056732,0.17389999330043793,0,0,0,0,0,0,0,0,0,0,0,0,0
600,50.726200103759766,10.730899810791016,23.237300872802734,4.416299819946289,5.449100017547607,3.7232000827789307,10.324299812316895,0.7700999975204468,10000,10009,20000,10006,20000,20000,10000,0.323199987411499,2.901900053024292,3.1080000400543213,10000,1.0806999999998996,0.6341,1,0.0723,0.035500000000000004,376832,15,15,0.7815,16912,0,0,34.077701568603516,10.722399711608887,1.576300024986267,1.1236000061035156,0.37869998812675476,0.12409999966621399,0.0021,0,0.0914,4.6653,8.0544,3.0699,0.3465,1,872302,95268,9994,19860,5334
601,26.68120002746582,0.0010999999940395355,12.943300247192383,1.9121999740600586,2.446000099182129,2.5764999389648438,6.7993998527526855,0.4472000002861023,10000,10009,20000,10006,20000,20000,10000,0.21250000596046448,1.9297000169754028,1.6680999994277954,10000,1.0972999999998978,0.8053,1,0.0731,0.033,376832,15,15,0.8132,7712,0,0,13.03030014038086,6.935699939727783,1.9156999588012695,1.538100004196167,0.1200999990105629,0.15219999849796295,0,0,0,0,0,0,0,0,0,0,0,0,0
602,39.1505012512207,0.0008999999845400453,18.693899154663086,3.2446999549865723,3.4591000080108643,3.2504000663757324,11.073200225830078,0.7053999900817871,10000,10009,20000,10006,20000,20000,10000,0.27950000762939453,3.0971999168395996,2.418100118637085,10000,1.6298999999998494,1.0346,1,0.1058,0.042800000000000005,376832,15,15,1.1149,7712,0,0,18.80190086364746,11.245400428771973,2.6120998859405518,1.844499945640564,0.15230000019073486,0.17020000517368317,0,0,0,0,0,0,0,0,0,0,0,0,0
603,59.70989990234375,22.16819953918457,20.605600357055664,3.740600109100342,3.9193999767303467,3.4839000701904297,10.742500305175781,1.002500057220459,10000,10009,20000,10006,20000,20000,10000,0.29899999499320984,2.8436999320983887,2.852099895477295,10000,1.0949999999999012,0.7086,1,0.0677,0.030899999999999997,376832,15,15,0.7482,15640,0,0,42.87820053100586,10.887299537658691,1.6100000143051147,1.1403000354766846,0.12790000438690186,0.12449999898672104,0.0024,9.288299560546875,0.1104,5.6306,9.7294,3.6938,0.3912,1,860606,88921,9994,18473,5058
604,27.52239990234375,0.0008999999845400453,13.056500434875488,1.938599944114685,2.554500102996826,2.5374999046325684,7.1350998878479,0.4683000147342682,10000,10009,20000,10006,20000,20000,10000,0.23659999668598175,1.7864999771118164,1.7186000347137451,10000,1.1381999999998944,0.8421,1,0.0764,0.0308,376832,15,15,0.9681,7712,0,0,13.142200469970703,7.273499965667725,2.0397000312805176,1.5462000370025635,0.12280000001192093,0.15389999747276306,0,0,0,0,0,0,0,0,0,0,0,0,0
605,40.02619934082031,0.0008999999845400453,18.95400047302246,3.472399950027466,3.412100076675415,3.4326000213623047,11.140000343322754,0.7896999716758728,10000,10009,20000,10006,20000,20000,10000,0.2676999866962433,2.9205000400543213,2.3958001136779785,10000,1.6307999999998501,1.1689,1,0.10279999999999999,0.0374,376832,15,15,1.125,7712,0,0,19.061800003051758,11.648699760437012,2.734800100326538,1.8981000185012817,0.49050000309944153,0.18639999628067017,0,0,0,0,0,0,0,0,0,0,0,0,0
606,44.07310104370117,2.6291000843048096,20.47410011291504,3.780900001525879,3.6094000339508057,3.9022998809814453,11.13759994506836,0.7806000113487244,10000,10009,20000,10006,20000,20000,10000,0.29019999504089355,2.8887999057769775,2.7820000648498535,10000,1.6423999999998489,1.0741,1,0.10500000000000001,0.0406,376832,15,15,1.1128,15344,0,0,23.220399856567383,11.660599708557129,2.6477999687194824,1.8882999420166016,0.5016000270843506,0.17069999873638153,0,0,0,0,0,0,0,0,0,0,0,0,0
607,36.852298736572266,0.0010999999940395355,16.510099411010742,4.060500144958496,0.9663000106811523,2.0515999794006348,11.159600257873535,0.7924000024795532,10000,10009,20000,10006,20000,20000,10000,0.2703000009059906,2.857800006866455,2.9047000408172607,10000,1.6286999999998497,1.0651,1,0.107,0.0407,376832,15,15,1.1182,7712,0,0,16.64069938659668,11.188300132751465,2.640000104904175,1.625100016593933,0.008999999612569809,0.17589999735355377,0,0,0,0,0,0,0,0,0,0,0,0,0
608,36.967498779296875,0.0010999999940395355,16.48590087890625,3.8684000968933105,1.0329999923706055,1.9739999771118164,11.18850040435791,0.7871999740600586,10000,10009,20000,10006,20000,20000,10000,0.29919999837875366,3.0169999599456787,2.897599935531616,10000,1.6444999999998486,1.0432,1,0.1012,0.0374,376832,15,15,1.2081,7712,0,0,16.604400634765625,11.217499732971191,2.619499921798706,1.7659000158309937,0.009200000204145908,0.1695999950170517,0,0,0,0,0,0,0,0,0,0,0,0,0
609,48.33869934082031,9.175200462341309,18.868900299072266,3.723299980163574,2.7037999629974365,2.870699882507324,11.039299964904785,0.7860000133514404,10000,10009,20000,10006,20000,20000,10000,0.28519999980926514,3.219899892807007,2.76200008392334,10000,1.7033999999998426,1.1208,1,0.1066,0.0361,376832,15,15,1.1766,10280,0,0,28.160999298095703,11.064800262451172,2.6916000843048096,1.575700044631958,0.008799999952316284,0.1835000067949295,0.0024,0,0.1218,6.2974,6.7118,0.0001,0.3638,1,850898,0,0,0,4318
610,40.155399322509766,0.0008999999845400453,18.952199935913086,3.34689998626709,3.2021000385284424,3.3060998916625977,11.677399635314941,0.765999972820282,10000,10009,20000,10006,20000,20000,10000,0.3070000112056732,2.9602999687194824,2.541300058364868,10000,1.6444999999998486,0.9309,1,0.1033,0.0491,376832,15,15,1.2722,7712,0,0,19.083099365234375,12.024700164794922,2.42549991607666,1.780400037765503,0.3264999985694885,0.1436000019311905,0,0,0,0,0,0,0,0,0,0,0,0,0
611,30.01889991760254,0.0008999999845400453,14.922300338745117,2.202500104904175,2.6333999633789062,2.864500045776367,7.366000175476074,0.5062999725341797,10000,10009,20000,10006,20000,20000,10000,0.27390000224113464,2.2607998847961426,2.0931999683380127,10000,1.1408999999998946,0.9594,1,0.07800000000000001,0.0346,376832,15,15,0.8826,7712,0,0,15.042400360107422,7.691699981689453,2.095900058746338,1.7325999736785889,0.3093999922275543,0.163100004196167,0,0,0,0,0,0,0,0,0,0,0,0,0
612,47.87649917602539,10.331600189208984,17.607500076293945,3.0546000003814697,3.4482998847961426,3.1519999504089355,9.817000389099121,0.6639000177383423,10000,10009,20000,10006,20000,20000,10000,0.3190999925136566,2.5511999130249023,2.27839994430542,10000,1.5477999999998577,1.2348,1,0.0973,0.0403,376832,15,15,1.1536,15056,0,0,28.048200607299805,10.175700187683105,2.7751998901367188,2.1031999588012695,0.33889999985694885,0.4244000017642975,0.0017,0,0.0812,4.6172,7.7469,2.8413,0.3188,1,866390,94195,9994,19844,5128
613,41.01190185546875,0.0008999999845400453,22.381999969482422,4.374100208282471,5.070499897003174,3.5362000465393066,9.496700286865234,0.6554999947547913,10000,10009,20000,10006,20000,20000,10000,0.30959999561309814,2.700000047683716,3.1554999351501465,10000,1.496799999999863,1.0352,1,0.0965,0.0394,376832,15,15,1.165,7712,0,0,22.517900466918945,9.828800201416016,2.550299882888794,1.6740000247955322,0.31150001287460327,0.14329999685287476,0,0,0,0,0,0,0,0,0,0,0,0,0
614,34.93659973144531,0.0007999999797903001,16.98349952697754,2.675100088119507,3.5868000984191895,2.9581000804901123,9.299799919128418,0.6096000075340271,10000,10009,20000,10006,20000,20000,10000,0.2526000142097473,2.6268999576568604,2.124799966812134,10000,1.4184999999998702,0.9392,1,0.08879999999999999,0.0373,376832,15,15,0.9712,7712,0,0,17.10930061340332,9.67770004272461,2.3887999057769775,1.7120000123977661,0.3294000029563904,0.17020000517368317,0,0,0,0,0,0,0,0,0,0,0,0,0
615,56.0702018737793,22.471900939941406,20.774900436401367,3.8022000789642334,3.5344998836517334,3.453000068664551,7.21019983291626,0.7893000245094299,10000,10009,20000,10006,20000,20000,10000,0.31139999628067017,3.802000045776367,2.659600019454956,10000,0.8123999999999268,0.6876,1,0.0586,0.0271,376832,15,15,0.7097,16376,0,0,43.36140060424805,7.508500099182129,1.4666999578475952,1.126099944114685,0.27790001034736633,0.13089999556541443,0.0028,9.137100219726562,0.1334,6.2354,10.1456,3.5127,0.3566,1,856848,86803,9996,18475,4889
616,25.016199111938477,0.0007999999797903001,12.370200157165527,1.7575000524520874,2.5000998973846436,2.328000068664551,5.824999809265137,0.4311999976634979,10000,10009,20000,10006,20000,20000,10000,0.2168000042438507,1.6513999700546265,1.78410005569458,10000,0.8684999999999213,0.7745,1,0.0626,0.0304,376832,15,15,0.7545,7712,0,0,12.455400466918945,6.242700099945068,1.6538000106811523,1.270400047302246,0.4027000069618225,0.7508000135421753,0,0,0,0,0,0,0,0,0,0,0,0,0
617,29.420000076293945,0.0007999999797903001,15.266900062561035,2.273699998855591,3.1168999671936035,2.6559998989105225,6.785799980163574,0.5005999803543091,10000,10009,20000,10006,20000,20000,10000,0.2410999983549118,2.13700008392334,2.1882998943328857,10000,1.0216999999999044,0.8721,1,0.0698,0.0303,376832,15,15,0.8604,7712,0,0,15.378999710083008,7.23769998550415,1.9242000579833984,1.6878999471664429,0.4332999885082245,0.14429999887943268,0,0,0,0,0,0,0,0,0,0,0,0,0
618,34.1963005065918,2.2755000591278076,15.12720012664795,2.4784998893737793,2.974299907684326,2.761399984359741,8.145500183105469,0.5521000027656555,10000,10009,20000,10006,20000,20000,10000,0.2574000060558319,2.140899896621704,1.9566999673843384,10000,1.2560999999998848,0.9738,1,0.0829,0.0337,376832,15,15,1.1077,15056,0,0,17.520299911499023,8.593999862670898,2.398200035095215,1.7771999835968018,0.41339999437332153,0.16210000216960907,0,0,0,0,0,0,0,0,0,0,0,0,0
619,33.40840148925781,0.0008999999845400453,13.425100326538086,2.8956000804901123,0.8069999814033508,1.5651999711990356,11.977700233459473,0.6331999897956848,10000,10009,20000,10006,20000,20000,10000,0.2883000075817108,2.621799945831299,2.4112000465393066,10000,1.4176999999998754,0.9603,1,0.1279,0.0457,376832,15,15,1.0448,7712,0,0,13.523699760437012,12.01259994506836,2.2855000495910645,1.3767999410629272,0.011599999852478504,0.1256999969482422,0,0,0,0,0,0,0,0,0,0,0,0,0
620,31.90019989013672,0.00139999995008111,14.683199882507324,3.1085000038146973,0.838699996471405,1.8466999530792236,9.116100311279297,0.6572999954223633,10000,10009,20000,10006,20000,20000,10000,0.3671000003814697,2.9651999473571777,2.541800022125244,10000,1.4130999999998743,1.0305,1,0.0881,0.0392,376832,15,15,1.0192,7712,0,0,14.787199974060059,9.147899627685547,2.4019999504089355,1.3940999507904053,0.012000000104308128,0.1444000005722046,0,0,0,0,0,0,0,0,0,0,0,0,0
621,43.4984016418457,7.471700191497803,17.313600540161133,3.2374000549316406,2.6742000579833984,2.7665998935699463,9.637499809265137,0.6941999793052673,10000,10009,20000,10006,20000,20000,10000,0.36169999837875366,2.856300115585327,2.512700080871582,10000,1.560799999999856,1.1498,1,0.0983,0.0367,376832,15,15,1.0631,10280,0,0,24.885400772094727,9.661299705505371,2.7500998973846436,1.7438000440597534,0.008200000040233135,0.18219999969005585,0.002,0,0.0923,4.901,5.2316,0,0.3131,1,846902,0,0,0,4131
622,49.393699645996094,0.0008999999845400453,26.470399856567383,4.202199935913086,5.857699871063232,3.676300048828125,12.214900016784668,0.863099992275238,10000,10009,20000,10006,20000,20000,10000,0.3483999967575073,4.942800045013428,3.8826000690460205,10000,1.8195999999998331,1.097,1,0.1235,0.0542,376832,15,15,1.4245,7712,0,0,26.59040069580078,12.666199684143066,2.63319993019104,1.7467999458312988,0.42399999499320984,0.37950000166893005,0,0,0,0,0,0,0,0,0,0,0,0,0
623,41.87730026245117,0.0010000000474974513,21.338300704956055,3.2792999744415283,5.116700172424316,3.258699893951416,11.367899894714355,0.6704000234603882,10000,10009,20000,10006,20000,20000,10000,0.383899986743927,2.684999942779541,3.298099994659424,10000,1.437899999999871,1.1747,1,0.08739999999999999,0.0382,376832,15,15,1.0732,7712,0,0,21.45199966430664,11.788000106811523,2.5906999111175537,1.7855000495910645,0.3968999981880188,0.14059999585151672,0,0,0,0,0,0,0,0,0,0,0,0,0
624,50.897098541259766,11.90470027923584,18.180400848388672,3.151400089263916,3.181999921798706,3.1066999435424805,10.791099548339844,0.708299994468689,10000,10009,20000,10006,20000,20000,10000,0.30059999227523804,2.8791000843048096,2.630199909210205,10000,1.7429999999998438,1.1353,1,0.10519999999999999,0.0456,376832,15,15,1.3288,13768,0,0,30.191200256347656,11.138500213623047,2.7320001125335693,1.7694000005722046,0.3303999900817871,0.13500000536441803,0.0021,0,0.0951,5.3678,9.1054,3.3269,0.321,1,861338,96345,9995,19813,4953
625,35.738800048828125,0.0008999999845400453,17.25830078125,2.811500072479248,3.220099925994873,3.115999937057495,9.322500228881836,0.6410999894142151,10000,10009,20000,10006,20000,20000,10000,0.2727999985218048,2.692500114440918,2.2804999351501465,10000,1.5091999999998666,0.8425,1,0.1199,0.0459,376832,15,15,1.2356,7712,0,0,17.373300552368164,9.900699615478516,2.171299934387207,1.6346999406814575,0.555899977684021,0.155799999833107,0,0,0,0,0,0,0,0,0,0,0,0,0
626,35.99489974975586,0.0008999999845400453,18.072799682617188,3.25219988822937,3.2795000076293945,3.00570011138916,8.944999694824219,0.7253999710083008,10000,10009,20000,10006,20000,20000,10000,0.3693000078201294,2.2829999923706055,2.405100107192993,10000,1.500299999999871,0.8595,1,0.0904,0.0455,376832,15,15,1.0436,7712,0,0,18.190500259399414,9.456100463867188,2.2046000957489014,1.7000999450683594,0.492900013923645,0.3156000077724457,0,0,0,0,0,0,0,0,0,0,0,0,0
627,54.76380157470703,20.929500579833984,20.06760025024414,3.677799940109253,3.563800096511841,3.5223000049591064,7.957600116729736,0.7922999858856201,10000,10009,20000,10006,20000,20000,10000,0.3061999976634979,3.265899896621704,2.592400074005127,10000,0.8447999999999235,0.6265,1,0.059699999999999996,0.0284,376832,15,15,0.7386,13304,0,0,41.12810134887695,8.387900352478027,1.4003000259399414,1.121500015258789,0.40939998626708984,0.11249999701976776,0.0021,8.761500358581543,0.0916,5.5202,9.2096,3.3361,0.3564,1,855200,88637,9995,17784,4677
628,29.022499084472656,0.0007999999797903001,15.535300254821777,3.178800106048584,3.588099956512451,2.242500066757202,6.911099910736084,0.48649999499320984,10000,10009,20000,10006,20000,20000,10000,0.22200000286102295,1.7360999584197998,1.847499966621399,10000,0.9737999999999096,0.7526,1,0.0676,0.0307,376832,15,15,0.7659,7712,0,0,15.640000343322754,7.304599761962891,1.742900013923645,1.344499945640564,0.3781999945640564,0.1468999981880188,0,0,0,0,0,0,0,0,0,0,0,0,0
629,35.139801025390625,0.0008999999845400453,15.895700454711914,2.5239999294281006,2.8770999908447266,3.2623000144958496,9.63070011138916,0.5855000019073486,10000,10009,20000,10006,20000,20000,10000,0.2718000113964081,2.3245999813079834,2.1038999557495117,10000,1.5743999999998546,1.0477,1,0.0979,0.0374,376832,15,15,1.1122,7712,0,0,15.99470043182373,10.111900329589844,2.6598000526428223,1.8583999872207642,0.4650000035762787,0.14900000393390656,0,0,0,0,0,0,0,0,0,0,0,0,0
630,43.732200622558594,2.4542999267578125,19.955299377441406,3.757999897003174,3.5982000827789307,3.2167999744415283,11.351499557495117,0.7857999801635742,10000,10009,20000,10006,20000,20000,10000,0.28290000557899475,3.222100019454956,2.7197000980377197,10000,1.6291999999998494,1.2086,1,0.10170000000000001,0.037899999999999996,376832,15,15,1.1933,13888,0,0,22.52239990234375,11.802800178527832,2.8273000717163086,1.839900016784668,0.4189999997615814,0.16949999332427979,0,0,0,0,0,0,0,0,0,0,0,0,0
631,36.6963996887207,0.0007999999797903001,16.42959976196289,3.7743000984191895,0.9796000123023987,1.8312000036239624,11.099900245666504,1.006100058555603,10000,10009,20000,10006,20000,20000,10000,0.4198000133037567,2.924999952316284,2.8951001167297363,10000,1.6372999999998492,1.1028,1,0.1102,0.045700000000000005,376832,15,15,1.1621,7712,0,0,16.53339958190918,11.125699996948242,2.7035999298095703,1.6031999588012695,0.009100000374019146,0.1704999953508377,0,0,0,0,0,0,0,0,0,0,0,0,0
632,37.862300872802734,0.0007999999797903001,16.903200149536133,3.827199935913086,1.0146000385284424,2.2792999744415283,11.66189956665039,0.8341000080108643,10000,10009,20000,10006,20000,20000,10000,0.3650999963283539,2.924299955368042,2.891700029373169,10000,1.6347999999998488,1.1812,1,0.1023,0.039,376832,15,15,1.18,7712,0,0,17.005800247192383,11.694999694824219,2.7386999130249023,1.6871999502182007,0.00930000003427267,0.1703999936580658,0,0,0,0,0,0,0,0,0,0,0,0,0
633,46.939300537109375,8.661399841308594,18.85540008544922,3.7581000328063965,2.8940999507904053,2.730600118637085,11.161999702453613,0.8102999925613403,10000,10009,20000,10006,20000,20000,10000,0.32829999923706055,2.975800037384033,2.8348000049591064,10000,1.6503999999998475,0.8662,1,0.0997,0.0377,376832,15,15,1.1463,10280,0,0,27.637399673461914,11.191399574279785,2.167099952697754,1.2805999517440796,0.009200000204145908,0.131400004029274,0.002,0,0.1055,5.7765,6.1872,0,0.3503,1,841710,0,0,0,3956
634,34.72460174560547,0.0007999999797903001,14.526900291442871,2.311500072479248,2.454400062561035,2.835200071334839,8.95930004119873,0.5418999791145325,10000,10009,20000,10006,20000,20000,10000,0.27230000495910645,2.2469000816345215,1.9286999702453613,10000,1.7693999999998358,1.3817,1,0.1196,0.0437,376832,15,15,1.3145,7712,0,0,14.613499641418457,9.399900436401367,3.2163000106811523,2.208400011062622,0.42260000109672546,0.18150000274181366,0,0,0,0,0,0,0,0,0,0,0,0,0
635,38.92509841918945,0.0010000000474974513,17.93079948425293,3.1545000076293945,3.2360999584198,2.9498000144958496,11.250300407409668,0.7039999961853027,10000,10009,20000,10006,20000,20000,10000,0.2896000146865845,2.776700019836426,2.3831000328063965,10000,1.6463999999998478,1.1133,1,0.104,0.0377,376832,15,15,1.118,7712,0,0,18.053600311279297,11.588199615478516,2.6637001037597656,1.9278000593185425,0.32010000944137573,0.17440000176429749,0,0,0,0,0,0,0,0,0,0,0,0,0
636,55.05580139160156,23.337400436401367,19.29829978942871,3.766200065612793,3.4765000343322754,3.207900047302246,6.890500068664551,0.7864000201225281,10000,10009,20000,10006,20000,20000,10000,0.296099990606308,2.411400079727173,2.940700054168701,10000,0.8025999999999279,0.6053,1,0.0582,0.028,376832,15,15,0.8182,14592,0,0,42.7422981262207,7.1894001960754395,1.3436000347137451,1.100000023841858,0.2847999930381775,0.11599999666213989,0.0022,10.080599784851074,0.1013,5.6853,10.1883,4.1289,0.3727,1,858902,94299,9994,18884,4768
637,24.962299346923828,0.0008999999845400453,12.834400177001953,1.7173000574111938,2.276599884033203,3.1654000282287598,5.904600143432617,0.41110000014305115,10000,10009,20000,10006,20000,20000,10000,0.19040000438690186,1.7971999645233154,1.5861999988555908,10000,0.919599999999915,0.6436,1,0.0651,0.0276,376832,15,15,0.7675,7712,0,0,12.914799690246582,6.317999839782715,1.569700002670288,1.2965999841690063,0.3977999985218048,0.1306000053882599,0,0,0,0,0,0,0,0,0,0,0,0,0
638,31.80970001220703,0.0008999999845400453,15.306900024414062,2.4765000343322754,2.8203001022338867,2.8924999237060547,8.274999618530273,0.550599992275238,10000,10009,20000,10006,20000,20000,10000,0.29159998893737793,2.0587000846862793,2.2639999389648438,10000,1.2967999999998803,0.9166,1,0.0848,0.0349,376832,15,15,0.9334,7712,0,0,15.405900001525879,8.73330020904541,2.223599910736084,1.6477999687194824,0.4413999915122986,0.16609999537467957,0,0,0,0,0,0,0,0,0,0,0,0,0
639,71.13520050048828,23.254600524902344,30.772300720214844,12.523900032043457,4.382699966430664,4.283400058746338,11.036600112915039,0.8226000070571899,10000,10009,20000,10006,20000,20000,10000,0.373199999332428,2.9660000801086426,2.8269999027252197,10000,0.9303999999999145,0.6959,1,0.063,0.029699999999999997,376832,15,15,0.7518,14232,0,0,54.134300231933594,11.458900451660156,1.5255999565124512,1.1323000192642212,0.40459999442100525,0.14839999377727509,0.0021,9.743900299072266,0.1042,6.7189,10.671,3.5785,0.3745,1,848796,87031,9995,17500,4520
640,27.86370086669922,0.0010000000474974513,14.503399848937988,1.8638999462127686,2.3570001125335693,2.7997000217437744,6.458600044250488,2.0620999336242676,10000,10009,20000,10006,20000,20000,10000,0.18029999732971191,1.7745000123977661,1.704200029373169,10000,1.0461999999999039,0.7431,1,0.07200000000000001,0.0353,376832,15,15,0.8226,7712,0,0,14.593799591064453,6.869200229644775,1.7785999774932861,1.405500054359436,0.3968000113964081,0.14409999549388885,0,0,0,0,0,0,0,0,0,0,0,0,0
641,37.13159942626953,0.000699999975040555,16.498699188232422,2.906100034713745,2.9275999069213867,2.827500104904175,10.949600219726562,0.6498000025749207,10000,10009,20000,10006,20000,20000,10000,0.27379998564720154,2.6284000873565674,2.1730000972747803,10000,1.6439999999998487,1.0373,1,0.1019,0.0359,376832,15,15,1.0908,7712,0,0,16.609500885009766,11.393500328063965,2.611599922180176,1.8710999488830566,0.42730000615119934,0.19259999692440033,0,0,0,0,0,0,0,0,0,0,0,0,0
642,43.635101318359375,2.473400115966797,20.276100158691406,3.664099931716919,3.5380001068115234,3.5030999183654785,11.082200050354004,0.7789999842643738,10000,10009,20000,10006,20000,20000,10000,0.4690000116825104,3.049499988555908,2.8896000385284424,10000,1.6395999999998496,1.0862,1,0.10250000000000001,0.0398,376832,15,15,1.1684,13304,0,0,22.871200561523438,11.545000076293945,2.6610000133514404,1.8216999769210815,0.4449999928474426,0.17829999327659607,0,0,0,0,0,0,0,0,0,0,0,0,0
643,36.902099609375,0.0007999999797903001,16.140499114990234,3.91510009765625,1.014799952507019,1.7582000494003296,11.459099769592285,0.79339998960495,10000,10009,20000,10006,20000,20000,10000,0.29750001430511475,2.9137001037597656,2.9033000469207764,10000,1.6557999999998478,1.0472,1,0.10299999999999998,0.0385,376832,15,15,1.229,7712,0,0,16.247699737548828,11.488800048828125,2.6278998851776123,1.7106000185012817,0.008899999782443047,0.17970000207424164,0,0,0,0,0,0,0,0,0,0,0,0,0
644,37.783199310302734,0.000699999975040555,17.23069953918457,4.061100006103516,1.0022000074386597,2.0936999320983887,11.261300086975098,0.8047000169754028,10000,10009,20000,10006,20000,20000,10000,0.322299987077713,3.052999973297119,3.254699945449829,10000,1.6601999999998474,1.1042,1,0.1018,0.0405,376832,15,15,1.0975,7712,0,0,17.353099822998047,11.289400100708008,2.6754000186920166,1.5987000465393066,0.008500000461935997,0.38499999046325684,0,0,0,0,0,0,0,0,0,0,0,0,0
645,47.35689926147461,8.338700294494629,19.266199111938477,4.350800037384033,2.781100034713745,2.504199981689453,11.004500389099121,0.791700005531311,10000,10009,20000,10006,20000,20000,10000,0.3027999997138977,3.044800043106079,2.964200019836426,10000,1.6426999999998477,0.9417,1,0.10190000000000002,0.0404,376832,15,15,1.2742,10280,0,0,27.721200942993164,11.03030014038086,2.4988999366760254,1.316100001335144,0.008100000210106373,0.14090000092983246,0.0019,0,0.1057,5.6291,6.0134,0.0001,0.3199,1,837912,0,0,0,3801
646,38.313499450683594,0.0007999999797903001,18.490299224853516,3.7184998989105225,3.8127999305725098,2.7335000038146973,10.056400299072266,0.8598999977111816,10000,10009,20000,10006,20000,20000,10000,0.24979999661445618,2.5655999183654785,2.1410999298095703,10000,1.6220999999998498,1.3365,1,0.1077,0.0387,376832,15,15,1.1599,7712,0,0,18.57710075378418,10.390399932861328,2.95989990234375,1.7238999605178833,0.3156000077724457,0.16380000114440918,0,0,0,0,0,0,0,0,0,0,0,0,0
647,35.47639846801758,0.0010000000474974513,16.17259979248047,2.6145999431610107,2.790600061416626,2.8424999713897705,9.620499610900879,0.5953999757766724,10000,10009,20000,10006,20000,20000,10000,0.2312999963760376,2.5632998943328857,2.204900026321411,10000,1.611599999999851,1.0391,1,0.10240000000000002,0.0381,376832,15,15,1.1191,7712,0,0,16.293899536132812,9.954400062561035,2.618799924850464,1.9766000509262085,0.31520000100135803,0.1736000031232834,0,0,0,0,0,0,0,0,0,0,0,0,0
648,50.51969909667969,12.515999794006348,19.324899673461914,3.6761999130249023,3.281899929046631,3.046999931335449,10.894200325012207,0.7752000093460083,10000,10009,20000,10006,20000,20000,10000,0.29899999499320984,2.9096999168395996,2.9856998920440674,10000,1.4967999999998645,0.7579,1,0.086,0.0336,376832,15,15,0.9647,16088,0,0,31.941099166870117,11.226099967956543,1.9076999425888062,1.2663999795913696,0.3147999942302704,0.1266999989748001,0.0023,0,0.1025,6.1487,9.7893,3.2959,0.3265,1,853604,90175,9995,18796,4588
649,30.444599151611328,0.0010999999940395355,14.015700340270996,2.0471999645233154,2.4869000911712646,3.1010000705718994,8.096799850463867,0.4749000072479248,10000,10009,20000,10006,20000,20000,10000,0.2168000042438507,2.187000036239624,1.7242000102996826,10000,1.2870999999998813,1.2129,1,0.0862,0.0313,376832,15,15,0.9279,7712,0,0,14.095499992370605,8.455699920654297,2.5206000804901123,1.6105999946594238,0.3425999879837036,0.16359999775886536,0,0,0,0,0,0,0,0,0,0,0,0,0
650,40.40330123901367,0.0010000000474974513,19.48979949951172,3.5562000274658203,3.4123001098632812,3.419800043106079,11.23639965057373,0.8112000226974487,10000,10009,20000,10006,20000,20000,10000,0.3386000096797943,3.0199999809265137,2.5736000537872314,10000,1.650199999999848,1.0662,1,0.1036,0.0403,376832,15,15,1.2396,7712,0,0,19.590900421142578,11.515399932861328,2.6256000995635986,1.8100999593734741,0.25949999690055847,0.1826999932527542,0,0,0,0,0,0,0,0,0,0,0,0,0
651,55.22050094604492,21.75309944152832,19.7726993560791,3.6921000480651855,3.5415000915527344,3.2808001041412354,8.108699798583984,0.7735999822616577,10000,10009,20000,10006,20000,20000,10000,0.2757999897003174,2.901400089263916,2.815000057220459,10000,0.8923999999999189,0.5776,1,0.0594,0.0303,376832,15,15,0.7152,12616,0,0,41.65119934082031,8.331999778747559,1.3711999654769897,1.104699969291687,0.20720000565052032,0.11649999767541885,0.0024,9.085700035095215,0.1134,5.7254,9.813,3.7048,0.3606,1,844460,84227,9995,17588,4344
652,25.13759994506836,0.0007999999797903001,12.200599670410156,1.736299991607666,2.302000045776367,2.535399913787842,6.160999774932861,0.42170000076293945,10000,10009,20000,10006,20000,20000,10000,0.25369998812675476,1.6821999549865723,1.6049000024795532,10000,0.9965999999999071,0.8004,1,0.0688,0.028499999999999998,376832,15,15,0.7881,7712,0,0,12.283900260925293,6.38700008392334,1.7980999946594238,1.353600025177002,0.21250000596046448,0.43059998750686646,0,0,0,0,0,0,0,0,0,0,0,0,0
653,36.69649887084961,0.0017000000225380063,16.820899963378906,2.86080002784729,2.7669999599456787,3.4398000240325928,10.473099708557129,0.6600000262260437,10000,10009,20000,10006,20000,20000,10000,0.32440000772476196,2.5989999771118164,2.1375999450683594,10000,1.6562999999998476,1.0164,1,0.10729999999999999,0.0379,376832,15,15,1.1166,7712,0,0,16.957300186157227,10.736200332641602,2.5625998973846436,1.7999999523162842,0.24740000069141388,0.16949999332427979,0,0,0,0,0,0,0,0,0,0,0,0,0
654,42.85929870605469,2.3893001079559326,19.087900161743164,3.678999900817871,3.420799970626831,3.0171000957489014,11.879899978637695,0.7853999733924866,10000,10009,20000,10006,20000,20000,10000,0.2856000065803528,2.8742001056671143,2.697700023651123,10000,1.6429999999998492,1.118,1,0.10149999999999999,0.038900000000000004,376832,15,15,1.0881,12840,0,0,21.591400146484375,12.137100219726562,2.681299924850464,1.8321000337600708,0.23880000412464142,0.16769999265670776,0,0,0,0,0,0,0,0,0,0,0,0,0
655,36.3568000793457,0.0013000000035390258,16.155899047851562,3.6501998901367188,0.9024999737739563,1.989799976348877,10.986499786376953,0.786300003528595,10000,10009,20000,10006,20000,20000,10000,0.3012000024318695,3.211699962615967,2.8438000679016113,10000,1.6940999999998463,1.0493,1,0.10319999999999999,0.0453,376832,15,15,1.1876,7712,0,0,16.295900344848633,11.010600090026855,2.653599977493286,1.5642000436782837,0.008299999870359898,0.17110000550746918,0,0,0,0,0,0,0,0,0,0,0,0,0
656,36.545101165771484,0.0008999999845400453,16.450199127197266,3.734800100326538,0.9377999901771545,2.267699956893921,11.0447998046875,0.9402999877929688,10000,10009,20000,10006,20000,20000,10000,0.2888999879360199,2.895900011062622,2.8422000408172607,10000,1.6466999999998477,1.0449,1,0.1026,0.0393,376832,15,15,1.1619,7712,0,0,16.56800079345703,11.070599555969238,2.6015000343322754,1.5544999837875366,0.008100000210106373,0.17720000445842743,0,0,0,0,0,0,0,0,0,0,0,0,0
657,47.131099700927734,8.33329963684082,18.6643009185791,3.734299898147583,2.7246999740600586,2.971100091934204,11.024900436401367,0.7749999761581421,10000,10009,20000,10006,20000,20000,10000,0.2791000008583069,2.9753000736236572,2.7846999168395996,10000,1.6609999999998473,1.0122,1,0.1028,0.039099999999999996,376832,15,15,1.1916,10280,0,0,27.114700317382812,11.051300048828125,2.585700035095215,1.582800030708313,0.009399999864399433,0.18889999389648438,0.0021,0,0.1038,5.6508,6.0278,0.0001,0.3231,1,837778,0,0,0,3635
658,40.938499450683594,0.0007999999797903001,20.2278995513916,3.696700096130371,3.309499979019165,3.8845999240875244,11.069600105285645,0.7900999784469604,10000,10009,20000,10006,20000,20000,10000,0.2994999885559082,2.8801000118255615,2.905600070953369,10000,1.6634999999998472,1.0206,1,0.10419999999999999,0.0441,376832,15,15,1.1476,7712,0,0,20.329299926757812,11.246999740600586,2.763200044631958,1.8111000061035156,0.15940000116825104,0.18330000340938568,0,0,0,0,0,0,0,0,0,0,0,0,0
659,40.367801666259766,0.0007999999797903001,19.74679946899414,3.715399980545044,3.409899950027466,3.1003000736236572,11.170499801635742,0.7699000239372253,10000,10009,20000,10006,20000,20000,10000,0.274399995803833,2.9484000205993652,2.9504001140594482,10000,1.6359999999998494,1.0698,1,0.1099,0.037899999999999996,376832,15,15,1.1135,7712,0,0,19.854700088500977,11.348099708557129,2.6577999591827393,1.855299949645996,0.1599999964237213,0.1687999963760376,0,0,0,0,0,0,0,0,0,0,0,0,0
660,47.39929962158203,10.760299682617188,18.629899978637695,3.386199951171875,3.2255001068115234,3.1342999935150146,10.928400039672852,0.7728000283241272,10000,10009,20000,10006,20000,20000,10000,0.3249000012874603,2.94950008392334,2.5517001152038574,10000,1.2657999999998861,0.908,1,0.0761,0.0315,376832,15,15,0.8402,11448,0,0,29.515600204467773,11.094900131225586,1.960800051689148,1.2316999435424805,0.1501999944448471,0.13339999318122864,0.0019,0,0.0921,4.9394,8.1434,2.91,0.3314,1,850312,91067,9996,19136,4436
661,28.874000549316406,0.0007999999797903001,13.004400253295898,1.9853999614715576,2.2953999042510986,2.600600004196167,7.706999778747559,0.45989999175071716,10000,10009,20000,10006,20000,20000,10000,0.21690000593662262,1.9606000185012817,1.7180999517440796,10000,1.294399999999881,0.9357,1,0.0843,0.0369,376832,15,15,0.9908,7712,0,0,13.097999572753906,7.9430999755859375,2.2620999813079834,1.7335000038146973,0.22200000286102295,0.17069999873638153,0,0,0,0,0,0,0,0,0,0,0,0,0
662,40.227298736572266,0.0008999999845400453,19.677000045776367,3.6617000102996826,3.4505999088287354,3.3603999614715576,11.092100143432617,0.7756999731063843,10000,10009,20000,10006,20000,20000,10000,0.2824999988079071,2.898900032043457,2.8241000175476074,10000,1.658099999999847,1.0179,1,0.10250000000000001,0.042300000000000004,376832,15,15,1.0804,7712,0,0,19.832500457763672,11.363699913024902,2.555799961090088,1.833899974822998,0.2565000057220459,0.17649999260902405,0,0,0,0,0,0,0,0,0,0,0,0,0
663,58.89070129394531,23.135099411010742,19.531299591064453,3.7862000465393066,3.6394999027252197,3.0736000537872314,10.30270004272461,0.7663000226020813,10000,10009,20000,10006,20000,20000,10000,0.31310001015663147,2.8399999141693115,2.7183001041412354,10000,1.0189999999999062,0.6123,1,0.0645,0.030600000000000002,376832,15,15,0.772,13424,0,0,42.76539993286133,10.524200439453125,1.4622999429702759,1.0800000429153442,0.2061000019311905,0.13169999420642853,0.0022,10.021699905395508,0.1053,6.2306,10.172,3.568,0.3399,1,841414,86615,9996,17810,4189
664,26.870500564575195,0.000699999975040555,12.610199928283691,1.8289999961853027,2.3513998985290527,2.576900005340576,6.8958001136779785,0.4253000020980835,10000,10009,20000,10006,20000,20000,10000,0.2207999974489212,1.8212000131607056,1.6632000207901,10000,1.1753999999998923,0.8381,1,0.0797,0.0346,376832,15,15,0.8945,7712,0,0,12.704500198364258,7.122900009155273,1.9954999685287476,1.5377999544143677,0.21299999952316284,0.15000000596046448,0,0,0,0,0,0,0,0,0,0,0,0,0
665,39.76259994506836,0.0007999999797903001,19.109100341796875,3.6303000450134277,3.2267000675201416,3.345099925994873,11.005999565124512,0.7990000247955322,10000,10009,20000,10006,20000,20000,10000,0.36500000953674316,2.871999979019165,2.464600086212158,10000,1.6569999999998464,1.1442,1,0.10329999999999999,0.0349,376832,15,15,1.214,7712,0,0,19.220199584960938,11.251899719238281,2.687000036239624,1.8221999406814575,0.23010000586509705,0.1671999990940094,0,0,0,0,0,0,0,0,0,0,0,0,0
666,45.659000396728516,2.4470999240875244,22.443099975585938,4.063000202178955,5.183800220489502,3.4137001037597656,11.108400344848633,0.7728000283241272,10000,10009,20000,10006,20000,20000,10000,0.28369998931884766,2.907099962234497,3.1949000358581543,10000,1.673199999999846,1.0359,1,0.1033,0.0424,376832,15,15,1.0867,13064,0,0,25.008399963378906,11.361200332641602,2.6015000343322754,2.0025999546051025,0.23690000176429749,0.18770000338554382,0,0,0,0,0,0,0,0,0,0,0,0,0
667,40.699100494384766,0.0007999999797903001,20.29199981689453,4.1209001541137695,0.9886999726295471,2.6912999153137207,11.250300407409668,0.7932999730110168,10000,10009,20000,10006,20000,20000,10000,0.3617999851703644,4.801199913024902,3.4846999645233154,10000,1.6463999999998487,1.1742,1,0.10189999999999999,0.036500000000000005,376832,15,15,1.0695,7712,0,0,20.431499481201172,11.280699729919434,2.73009991645813,1.6552000045776367,0.009200000204145908,0.16699999570846558,0,0,0,0,0,0,0,0,0,0,0,0,0
668,34.77629852294922,0.0007999999797903001,13.363800048828125,2.832900047302246,0.782800018787384,1.5633000135421753,11.98859977722168,0.6376000046730042,10000,10009,20000,10006,20000,20000,10000,0.262800008058548,2.6826000213623047,2.4173998832702637,10000,1.6540999999998482,1.2232,1,0.1032,0.0432,376832,15,15,1.165,7712,0,0,13.479499816894531,12.017900466918945,2.7743000984191895,1.7441999912261963,0.008899999782443047,0.1914999932050705,0,0,0,0,0,0,0,0,0,0,0,0,0
669,46.71390151977539,8.865500450134277,18.890600204467773,3.7808001041412354,2.852099895477295,2.8008999824523926,10.977100372314453,0.7896999716758728,10000,10009,20000,10006,20000,20000,10000,0.3140000104904175,3.069000005722046,2.769399881362915,10000,1.644999999999849,0.8024,1,0.0981,0.042499999999999996,376832,15,15,1.1311,10280,0,0,27.863300323486328,11.003800392150879,1.9799000024795532,1.1806000471115112,0.00930000003427267,0.18479999899864197,0.002,0,0.1045,6.0338,6.4242,0.0002,0.3433,1,832748,0,0,0,3502
670,29.53569984436035,0.0010999999940395355,15.09570026397705,2.1679999828338623,2.5488998889923096,2.8947999477386475,7.211100101470947,0.49239999055862427,10000,10009,20000,10006,20000,20000,10000,0.23260000348091125,2.8840999603271484,1.9661999940872192,10000,1.1445999999998937,0.8065,1,0.0891,0.0402,376832,15,15,0.9879,7712,0,0,15.198200225830078,7.369500160217285,1.9419000148773193,1.4251999855041504,0.14069999754428864,0.15039999783039093,0,0,0,0,0,0,0,0,0,0,0,0,0
671,36.984798431396484,0.0008999999845400453,16.472700119018555,2.991499900817871,2.7853000164031982,2.8011999130249023,10.970800399780273,0.6783000230789185,10000,10009,20000,10006,20000,20000,10000,0.28690001368522644,2.6554999351501465,2.1977999210357666,10000,1.6356999999998487,1.0519,1,0.1108,0.0387,376832,15,15,1.1855,7712,0,0,16.586999893188477,11.140299797058105,2.616300106048584,1.8828999996185303,0.15240000188350677,0.18119999766349792,0,0,0,0,0,0,0,0,0,0,0,0,0
672,56.45320129394531,13.097299575805664,18.958900451660156,3.648400068283081,3.2783000469207764,3.0694000720977783,14.806099891662598,0.7716000080108643,10000,10009,20000,10006,20000,20000,10000,0.2782999873161316,2.8310999870300293,2.7032999992370605,10000,1.7085999999998445,1.1169,1,0.1023,0.0491,376832,15,15,1.1972,12256,0,0,32.17879867553711,15.048999786376953,2.6442999839782715,1.624500036239624,0.22290000319480896,0.15299999713897705,0.0022,0,0.1063,6.3414,10.3203,3.6049,0.3502,1,844936,90484,9995,18862,4259
673,36.01599884033203,0.0007999999797903001,16.26129913330078,2.602400064468384,2.709199905395508,2.9166998863220215,10.328100204467773,0.6506999731063843,10000,10009,20000,10006,20000,20000,10000,0.2937999963760376,2.910900115966797,2.056999921798706,10000,1.6338999999998491,1.0394,1,0.10270000000000001,0.0376,376832,15,15,1.1051,7712,0,0,16.370399475097656,10.576499938964844,2.612799882888794,1.8173999786376953,0.2273000031709671,0.17110000550746918,0,0,0,0,0,0,0,0,0,0,0,0,0
674,39.80009841918945,0.0008999999845400453,18.986900329589844,3.47379994392395,3.1566998958587646,3.3696999549865723,11.184599876403809,0.7901999950408936,10000,10009,20000,10006,20000,20000,10000,0.31189998984336853,2.9532999992370605,2.578200101852417,10000,1.6643999999998467,1.0993,1,0.1028,0.0414,376832,15,15,1.1568,7712,0,0,19.104299545288086,11.457799911499023,2.675100088119507,1.8246999979019165,0.2538999915122986,0.17800000309944153,0,0,0,0,0,0,0,0,0,0,0,0,0
675,52.898399353027344,19.644899368286133,20.17169952392578,3.791599988937378,3.4565999507904053,3.5739998817443848,7.438600063323975,0.7850000262260437,10000,10009,20000,10006,20000,20000,10000,0.30300000309944153,2.9637999534606934,2.8264999389648438,10000,0.8531999999999226,0.5864,1,0.0587,0.0315,376832,15,15,0.8031,12720,0,0,39.93429946899414,7.650899887084961,1.3841999769210815,1.1547000408172607,0.19589999318122864,0.12389999628067017,0.0023,8.06820011138916,0.0897,5.3132,8.792,3.1511,0.3252,1,839310,82039,9995,16085,4020
676,24.838499069213867,0.0007999999797903001,11.784199714660645,1.7529000043869019,2.1858999729156494,2.224299907684326,6.208799839019775,0.4230000078678131,10000,10009,20000,10006,20000,20000,10000,0.22660000622272491,1.6648999452590942,1.6151000261306763,10000,0.9688999999999098,0.8918,1,0.0678,0.031299999999999994,376832,15,15,0.9967,7712,0,0,11.87969970703125,6.424499988555908,1.8729000091552734,1.4106999635696411,0.20170000195503235,0.1428000032901764,0,0,0,0,0,0,0,0,0,0,0,0,0
677,34.629398345947266,0.0008999999845400453,15.247300148010254,2.6203999519348145,2.7028000354766846,2.6712000370025635,9.855600357055664,0.6219000220298767,10000,10009,20000,10006,20000,20000,10000,0.2538999915122986,2.3447999954223633,1.992900013923645,10000,1.6306999999998484,1.058,1,0.10350000000000001,0.0398,376832,15,15,1.1083,7712,0,0,15.350199699401855,10.111599922180176,2.626800060272217,1.8695000410079956,0.24009999632835388,0.1761000007390976,0,0,0,0,0,0,0,0,0,0,0,0,0
678,43.6083984375,2.480799913406372,19.50320053100586,3.6749000549316406,3.4642999172210693,3.0989999771118164,11.382800102233887,0.8919000029563904,10000,10009,20000,10006,20000,20000,10000,0.3492000102996826,2.8935999870300293,2.76990008354187,10000,1.6511999999998472,1.4109,1,0.10269999999999999,0.0393,376832,15,15,1.1818,11688,0,0,22.19029998779297,11.636500358581543,2.9893999099731445,2.0297999382019043,0.23180000483989716,0.18400000035762787,0,0,0,0,0,0,0,0,0,0,0,0,0
679,36.37910079956055,0.0010000000474974513,16.036300659179688,3.683199882507324,0.8956000208854675,1.979699969291687,11.04319953918457,0.7785999774932861,10000,10009,20000,10006,20000,20000,10000,0.2935999929904938,3.098599910736084,2.881500005722046,10000,1.668599999999846,1.0582,1,0.1208,0.0435,376832,15,15,1.2759,7712,0,0,16.15679931640625,11.070899963378906,2.6394999027252197,1.5583000183105469,0.00839999970048666,0.17489999532699585,0,0,0,0,0,0,0,0,0,0,0,0,0
680,35.762901306152344,0.0010000000474974513,15.739999771118164,3.6731998920440674,0.9082000255584717,1.7990000247955322,10.95680046081543,0.8741000294685364,10000,10009,20000,10006,20000,20000,10000,0.30219998955726624,2.8220999240875244,2.9126999378204346,10000,1.6581999999998482,1.0217,1,0.1038,0.0443,376832,15,15,1.1719,7712,0,0,15.856499671936035,10.981200218200684,2.5862998962402344,1.57260000705719,0.00839999970048666,0.1704999953508377,0,0,0,0,0,0,0,0,0,0,0,0,0
681,49.92070007324219,8.871700286865234,18.8617000579834,3.851599931716919,2.666599988937378,3.148400068283081,11.144000053405762,0.7688000202178955,10000,10009,20000,10006,20000,20000,10000,0.314300000667572,2.834199905395508,2.8055999279022217,10000,1.6239999999998496,1.3307,1,0.10800000000000001,0.0366,376832,15,15,1.3654,10280,0,0,27.84819984436035,11.168399810791016,3.226599931716919,1.7329000234603882,0.00800000037997961,1.194000005722046,0.0021,0,0.105,5.9032,6.2803,0.0001,0.3282,1,831534,0,0,0,3363
682,41.64139938354492,0.0010000000474974513,21.338899612426758,3.859100103378296,3.3984999656677246,4.09060001373291,11.043100357055664,0.7857999801635742,10000,10009,20000,10006,20000,20000,10000,0.38190001249313354,3.33489990234375,2.9632999897003174,10000,1.637399999999849,1.0267,1,0.103,0.039900000000000005,376832,15,15,1.0685,7712,0,0,21.45439910888672,11.214500427246094,2.5687999725341797,1.7964999675750732,0.155799999833107,0.1688999980688095,0,0,0,0,0,0,0,0,0,0,0,0,0
683,37.78879928588867,0.0010999999940395355,16.805400848388672,2.9558000564575195,2.699899911880493,2.7207000255584717,11.25059986114502,0.6762999892234802,10000,10009,20000,10006,20000,20000,10000,0.2732999920845032,2.8749001026153564,2.3970000743865967,10000,1.6715999999998452,1.1339,1,0.14129999999999998,0.048,376832,15,15,1.2115,7712,0,0,16.916400909423828,11.420499801635742,2.7685999870300293,1.825600028038025,0.15119999647140503,0.1656000018119812,0,0,0,0,0,0,0,0,0,0,0,0,0
684,49.123600006103516,10.811300277709961,21.103200912475586,3.722399950027466,3.4820001125335693,3.9217000007629395,10.256600379943848,0.7932999730110168,10000,10009,20000,10006,20000,20000,10000,0.34790000319480896,3.6572000980377197,2.6654000282287598,10000,1.114099999999902,0.8547,1,0.0747,0.0364,376832,15,15,0.7447,11792,0,0,32.04899978637695,10.404600143432617,1.9354000091552734,1.4179999828338623,0.12620000541210175,0.14589999616146088,0.0021,0,0.0929,4.8454,8.2535,3.0932,0.3003,1,844940,87000,9996,18088,4096
685,27.85580062866211,0.0006000000284984708,14.609399795532227,1.8734999895095825,3.3243000507354736,2.4024999141693115,6.851200103759766,0.4350000023841858,10000,10009,20000,10006,20000,20000,10000,0.24199999868869781,1.805999994277954,2.43179988861084,10000,1.0177999999999063,0.722,1,0.06690000000000002,0.0336,376832,15,15,0.7765,7712,0,0,14.706899642944336,7.055699825286865,1.7015000581741333,1.3152999877929688,0.18970000743865967,0.13809999823570251,0,0,0,0,0,0,0,0,0,0,0,0,0
686,34.366798400878906,0.0008999999845400453,15.762200355529785,2.563499927520752,2.7379000186920166,3.2132999897003174,9.225799560546875,0.5374000072479248,10000,10009,20000,10006,20000,20000,10000,0.22190000116825104,2.1982998847961426,2.1556999683380127,10000,1.6195999999998516,1.0545,1,0.10289999999999999,0.0383,376832,15,15,1.1201,7712,0,0,15.850000381469727,9.469099998474121,2.596400022506714,1.8164000511169434,0.22920000553131104,0.18029999732971191,0,0,0,0,0,0,0,0,0,0,0,0,0
687,60.24980163574219,21.290199279785156,20.873199462890625,3.7446000576019287,3.3947999477386475,4.1595001220703125,11.27180004119873,0.9825999736785889,10000,10009,20000,10006,20000,20000,10000,0.3262999951839447,3.0090999603271484,2.7518999576568604,10000,1.2225999999998942,0.7107,1,0.0844,0.0424,376832,15,15,0.8504,12496,0,0,42.26219940185547,11.534700393676758,1.6607999801635742,1.1852999925613403,0.23999999463558197,0.13259999454021454,0.0021,10.004500389099121,0.1023,4.6367,8.5022,3.4953,0.3452,1,835668,81726,9996,16915,3881
688,26.39550018310547,0.0008999999845400453,13.051799774169922,1.9615999460220337,2.3554999828338623,2.473900079727173,6.354400157928467,0.46880000829696655,10000,10009,20000,10006,20000,20000,10000,0.24879999458789825,1.9148999452590942,1.6965999603271484,10000,0.9836999999999086,0.9689,1,0.0682,0.0291,376832,15,15,0.7877,7712,0,0,13.151399612426758,6.564700126647949,1.9884999990463257,1.4294999837875366,0.19419999420642853,0.36739999055862427,0,0,0,0,0,0,0,0,0,0,0,0,0
689,32.430198669433594,0.000699999975040555,15.913700103759766,2.6947999000549316,2.7750000953674316,2.7558999061584473,8.262700080871582,0.5697000026702881,10000,10009,20000,10006,20000,20000,10000,0.24969999492168427,2.6389000415802,2.197499990463257,10000,1.2879999999998817,0.9018,1,0.0853,0.0335,376832,15,15,0.9384,7712,0,0,16.02039909362793,8.48740005493164,2.1898000240325928,1.9428999423980713,0.20600000023841858,0.15839999914169312,0,0,0,0,0,0,0,0,0,0,0,0,0
690,42.96820068359375,2.3531999588012695,19.536699295043945,3.5968000888824463,3.2446000576019287,3.3315999507904053,11.32390022277832,0.7976999878883362,10000,10009,20000,10006,20000,20000,10000,0.34869998693466187,3.10509991645813,2.665299892425537,10000,1.6385999999998486,1.0546,1,0.10379999999999999,0.0417,376832,15,15,1.1224,13528,0,0,22.000900268554688,11.59469985961914,2.628499984741211,1.951799988746643,0.25189998745918274,0.1784999966621399,0,0,0,0,0,0,0,0,0,0,0,0,0
691,36.354801177978516,0.0010999999940395355,16.083799362182617,3.8292999267578125,1.026900053024292,1.8428000211715698,11.162799835205078,0.7804999947547913,10000,10009,20000,10006,20000,20000,10000,0.32280001044273376,2.829200029373169,2.921099901199341,10000,1.6332999999998496,1.0908,1,0.10190000000000002,0.038599999999999995,376832,15,15,1.0951,7712,0,0,16.190799713134766,11.189800262451172,2.6888999938964844,1.6454999446868896,0.008899999782443047,0.16740000247955322,0,0,0,0,0,0,0,0,0,0,0,0,0
692,40.93550109863281,0.0010000000474974513,20.6018009185791,6.261300086975098,1.506700038909912,1.90339994430542,11.144100189208984,0.8253999948501587,10000,10009,20000,10006,20000,20000,10000,0.33550000190734863,3.3196001052856445,3.6789000034332275,10000,1.6438999999998487,1.057,1,0.10189999999999999,0.0456,376832,15,15,1.2429,7712,0,0,20.703899383544922,11.179300308227539,2.650599956512451,1.594599962234497,0.009700000286102295,0.1843000054359436,0,0,0,0,0,0,0,0,0,0,0,0,0
693,48.74319839477539,9.358699798583984,19.20829963684082,3.827500104904175,2.8550000190734863,2.808199882507324,11.271100044250488,0.7924000024795532,10000,10009,20000,10006,20000,20000,10000,0.3343999981880188,3.1984000205993652,2.880500078201294,10000,1.6353999999998488,1.0461,1,0.1036,0.0426,376832,15,15,1.2428,10280,0,0,28.67690086364746,11.301199913024902,2.578399896621704,1.3825000524520874,0.008999999612569809,0.16410000622272491,0.0023,0,0.1042,6.3304,6.7012,0.0001,0.3497,1,824882,0,0,0,3209
694,32.65169906616211,0.0008999999845400453,16.196199417114258,2.4168999195098877,2.5388998985290527,2.968899965286255,8.184700012207031,0.5665000081062317,10000,10009,20000,10006,20000,20000,10000,0.2395000010728836,2.41759991645813,2.7548999786376953,10000,1.260499999999884,1.1117,1,0.0835,0.0363,376832,15,15,0.945,7712,0,0,16.291400909423828,8.334400177001953,2.390899896621704,1.7344000339508057,0.13259999454021454,0.3037000000476837,0,0,0,0,0,0,0,0,0,0,0,0,0
695,39.18980026245117,0.0012000000569969416,18.329599380493164,3.1946001052856445,3.020900011062622,3.1026999950408936,10.547699928283691,0.7317000031471252,10000,10009,20000,10006,20000,20000,10000,0.5217000246047974,2.962599992752075,2.5083000659942627,10000,1.735999999999837,1.2081,1,0.1046,0.0454,376832,15,15,1.3192,7712,0,0,18.42799949645996,10.73740005493164,2.9159998893737793,1.930400013923645,0.16760000586509705,0.16930000483989716,0,0,0,0,0,0,0,0,0,0,0,0,0
696,58.865699768066406,21.351600646972656,23.984399795532227,4.888000011444092,4.507800102233887,4.177299976348877,6.99429988861084,0.9495000243186951,10000,10009,20000,10006,20000,20000,10000,0.5702999830245972,3.5515999794006348,2.47189998626709,10000,0.8654999999999214,0.8055,1,0.0713,0.0348,376832,15,15,0.8896,11792,0,0,45.46120071411133,7.207099914550781,1.67330002784729,1.4680999517440796,0.1899999976158142,0.12309999763965607,0.0022,9.723299980163574,0.1115,5.6134,9.0102,3.0713,0.3131,1,836368,89731,9997,18510,3969
697,31.893400192260742,0.000699999975040555,16.20039939880371,2.8815999031066895,3.087100028991699,2.494800090789795,8.000300407409668,0.6577000021934509,10000,10009,20000,10006,20000,20000,10000,0.25200000405311584,2.7428998947143555,2.0155999660491943,10000,1.050099999999903,0.7736,1,0.0804,0.0411,376832,15,15,0.8312,7712,0,0,16.314800262451172,8.326800346374512,1.6953999996185303,1.4285000562667847,0.3059000074863434,0.8422999978065491,0,0,0,0,0,0,0,0,0,0,0,0,0
698,29.412799835205078,0.000699999975040555,15.137800216674805,2.293600082397461,2.898699998855591,2.47979998588562,6.945099830627441,0.7245000004768372,10000,10009,20000,10006,20000,20000,10000,0.24400000274181366,1.874500036239624,2.3838999271392822,10000,0.9069999999999168,1.0198,1,0.0658,0.029900000000000003,376832,15,15,1.2844,7712,0,0,15.248900413513184,7.166299819946289,1.9697999954223633,1.5465999841690063,0.20520000159740448,0.15219999849796295,0,0,0,0,0,0,0,0,0,0,0,0,0
699,45.122798919677734,16.036100387573242,14.154600143432617,2.2602999210357666,2.823899984359741,2.5736000537872314,7.3043999671936035,0.5171999931335449,10000,10009,20000,10006,20000,20000,10000,0.2475000023841858,1.9733999967575073,1.8798999786376953,10000,1.2199999999998865,0.822,1,0.0727,0.0432,376832,15,15,0.9214,11448,0,0,30.311399459838867,7.671800136566162,1.8508000373840332,1.4510999917984009,0.34929999709129333,0.15690000355243683,0.002,7.219099998474121,0.0721,3.7129,6.1262,2.1845,0.2919,1,831858,82424,9998,16886,3719
700,33.4723014831543,0.0008999999845400453,15.840399742126465,2.470599889755249,2.8468000888824463,2.8427000045776367,7.360899925231934,0.5374000072479248,10000,10009,20000,10006,20000,20000,10000,0.257999986410141,2.0841000080108643,2.4921000003814697,10000,1.1594999999998936,0.8523,1,0.0766,0.0349,376832,15,15,0.9502,7712,0,0,15.970199584960938,7.565199851989746,1.975000023841858,1.603700041770935,0.19009999930858612,2.9398000240325928,0,0,0,0,0,0,0,0,0,0,0,0,0
701,37.42570114135742,0.0008999999845400453,16.30769920349121,2.7990000247955322,2.898200035095215,2.782099962234497,9.202400207519531,0.6588000059127808,10000,10009,20000,10006,20000,20000,10000,0.2800999879837036,2.4748001098632812,2.279400110244751,10000,1.4553999999998695,0.9822,1,0.09209999999999999,0.0393,376832,15,15,1.0348,7712,0,0,16.440799713134766,9.4375,2.356800079345703,1.6854000091552734,0.21899999678134918,3.3722000122070312,0,0,0,0,0,0,0,0,0,0,0,0,0
702,43.66189956665039,2.529099941253662,20.061899185180664,3.734499931335449,3.503200054168701,3.091200113296509,10.92870044708252,0.782800018787384,10000,10009,20000,10006,20000,20000,10000,0.3269999921321869,3.176300048828125,2.96589994430542,10000,1.7391999999998495,1.2295,1,0.1038,0.0453,376832,15,15,1.4293,12376,0,0,22.708900451660156,11.18280029296875,2.8162999153137207,1.8387999534606934,0.2312999963760376,0.17900000512599945,0,0,0,0,0,0,0,0,0,0,0,0,0
703,37.72570037841797,0.0008999999845400453,16.515300750732422,3.881500005722046,1.0262999534606934,1.795799970626831,12.185500144958496,0.9211000204086304,10000,10009,20000,10006,20000,20000,10000,0.2992999851703644,3.0518999099731445,2.856600046157837,10000,1.647799999999848,1.0723,1,0.1024,0.0374,376832,15,15,1.1213,7712,0,0,16.627199172973633,12.21399974822998,2.643199920654297,1.5907000303268433,0.00860000029206276,0.16300000250339508,0,0,0,0,0,0,0,0,0,0,0,0,0
704,37.550498962402344,0.0010999999940395355,16.973899841308594,3.914299964904785,0.961899995803833,2.1561999320983887,11.38479995727539,0.7979999780654907,10000,10009,20000,10006,20000,20000,10000,0.28360000252723694,3.376199960708618,2.839400053024292,10000,1.7074999999998417,1.0164,1,0.10429999999999999,0.0435,376832,15,15,1.1412,7712,0,0,17.079299926757812,11.43809986114502,2.551500082015991,1.580899953842163,0.009600000455975533,0.1776999980211258,0,0,0,0,0,0,0,0,0,0,0,0,0
705,49.65729904174805,8.612600326538086,20.365299224853516,4.248700141906738,2.7458999156951904,2.8559999465942383,11.3774995803833,1.2100000381469727,10000,10009,20000,10006,20000,20000,10000,0.39149999618530273,3.019200086593628,2.7295000553131104,10000,1.6399999999998491,1.1179,1,0.10250000000000001,0.0396,376832,15,15,1.1221,10280,0,0,29.085100173950195,11.408900260925293,2.912899971008301,1.576300024986267,0.009600000455975533,0.1808999925851822,0.0022,0,0.1048,5.6324,6.0004,0,0.3319,1,820466,0,0,0,3071
706,45.21649932861328,0.0010000000474974513,25.70199966430664,6.5177001953125,4.5605998039245605,3.365799903869629,11.789400100708008,1.2761000394821167,10000,10009,20000,10006,20000,20000,10000,0.3785000145435333,3.109800100326538,3.1410000324249268,10000,1.5229999999998627,0.8051,1,0.0843,0.0348,376832,15,15,0.9612,7712,0,0,25.825199127197266,11.959699630737305,1.9106999635696411,1.312999963760376,0.14990000426769257,0.13210000097751617,0,0,0,0,0,0,0,0,0,0,0,0,0
707,29.522899627685547,0.000699999975040555,13.827400207519531,2.159600019454956,2.2604000568389893,2.8101999759674072,7.741099834442139,0.5123999714851379,10000,10009,20000,10006,20000,20000,10000,0.22709999978542328,2.0483999252319336,1.7573000192642212,10000,1.2907999999998812,0.9071,1,0.0869,0.0386,376832,15,15,1.0485,7712,0,0,13.92770004272461,7.8892998695373535,2.1975998878479004,1.5953999757766724,0.1331000030040741,0.16359999775886536,0,0,0,0,0,0,0,0,0,0,0,0,0
708,50.68769836425781,11.660799980163574,19.37070083618164,3.7623000144958496,3.2537999153137207,3.17330002784729,10.973600387573242,0.784600019454956,10000,10009,20000,10006,20000,20000,10000,0.3095000088214874,2.8541998863220215,2.745699882507324,10000,1.6474999999998476,0.8866,1,0.12059999999999998,0.0468,376832,15,15,1.1783,10864,0,0,31.141599655151367,11.125399589538574,2.279400110244751,1.3976999521255493,0.13420000672340393,0.14399999380111694,0.0018,0,0.0936,5.2859,8.8799,3.2667,0.3095,1,835026,86913,9997,17697,3823
709,37.23310089111328,0.0008999999845400453,17.86840057373047,3.6947999000549316,4.019899845123291,2.9393999576568604,9.80210018157959,0.5939000248908997,10000,10009,20000,10006,20000,20000,10000,0.2538999915122986,2.4142000675201416,1.8916000127792358,10000,1.6488999999998488,1.0534,1,0.102,0.040999999999999995,376832,15,15,1.176,7712,0,0,17.97640037536621,10.166600227355957,2.641700029373169,1.7302000522613525,0.34439998865127563,0.1534000039100647,0,0,0,0,0,0,0,0,0,0,0,0,0
710,37.011199951171875,0.0007999999797903001,16.4148006439209,3.0274999141693115,2.8564999103546143,2.832200050354004,10.435099601745605,0.6247000098228455,10000,10009,20000,10006,20000,20000,10000,0.24740000069141388,2.501800060272217,2.168299913406372,10000,1.6528999999998493,1.1754,1,0.10180000000000002,0.036199999999999996,376832,15,15,1.2396,7712,0,0,16.53689956665039,10.687999725341797,2.756999969482422,2.125,0.2353000044822693,0.1753000020980835,0,0,0,0,0,0,0,0,0,0,0,0,0
711,54.41999816894531,19.92650032043457,21.096200942993164,3.8197999000549316,3.393199920654297,4.753600120544434,7.718900203704834,0.7677000164985657,10000,10009,20000,10006,20000,20000,10000,0.2922999858856201,2.824199914932251,2.835599899291992,10000,0.8708999999999208,0.642,1,0.0595,0.039599999999999996,376832,15,15,0.706,12200,0,0,41.14099884033203,7.923699855804443,1.5232000350952148,1.1262999773025513,0.18940000236034393,0.11909999698400497,0.0023,8.037099838256836,0.0974,5.4563,9.0036,3.2055,0.3237,1,827316,82283,9996,16864,3600
712,25.06439971923828,0.0005000000237487257,12.319600105285645,1.7903000116348267,2.3134000301361084,2.533400058746338,6.329100131988525,0.42329999804496765,10000,10009,20000,10006,20000,20000,10000,0.19300000369548798,1.6725000143051147,1.5907000303268433,10000,1.045499999999908,0.7102,1,0.0671,0.028399999999999998,376832,15,15,0.7846,7712,0,0,12.407099723815918,6.532700061798096,1.6892000436782837,1.3600000143051147,0.1875,0.14790000021457672,0,0,0,0,0,0,0,0,0,0,0,0,0
713,35.20600128173828,0.0008999999845400453,15.47189998626709,2.623300075531006,2.785399913787842,2.751800060272217,10.10099983215332,0.5849000215530396,10000,10009,20000,10006,20000,20000,10000,0.26159998774528503,2.327699899673462,2.007699966430664,10000,1.567399999999866,1.06,1,0.09309999999999999,0.041,376832,15,15,1.1699,7712,0,0,15.555800437927246,10.335100173950195,2.56469988822937,2.0053000450134277,0.2151000052690506,0.37860000133514404,0,0,0,0,0,0,0,0,0,0,0,0,0
714,42.775901794433594,2.3963000774383545,19.319499969482422,3.6605000495910645,3.3478000164031982,3.300800085067749,11.131699562072754,0.8077999949455261,10000,10009,20000,10006,20000,20000,10000,0.2881999909877777,2.8554000854492188,2.7307000160217285,10000,1.7356999999998488,1.1606,1,0.10200000000000001,0.0414,376832,15,15,1.1834,10984,0,0,21.8302001953125,11.368200302124023,2.7960000038146973,1.94760000705719,0.21469999849796295,0.1729000061750412,0,0,0,0,0,0,0,0,0,0,0,0,0
715,36.53229904174805,0.0008999999845400453,16.01180076599121,3.80430006980896,0.994700014591217,1.7888000011444092,11.090499877929688,0.7721999883651733,10000,10009,20000,10006,20000,20000,10000,0.28780001401901245,2.866499900817871,2.9402999877929688,10000,1.6354999999998492,1.1341,1,0.10260000000000001,0.0442,376832,15,15,1.1455,7712,0,0,16.12619972229004,11.118599891662598,2.7209999561309814,1.8112000226974487,0.008899999782443047,0.19789999723434448,0,0,0,0,0,0,0,0,0,0,0,0,0
716,39.75090026855469,0.0008999999845400453,18.74720001220703,3.8111000061035156,1.1325000524520874,1.973099946975708,11.861100196838379,0.8009999990463257,10000,10009,20000,10006,20000,20000,10000,0.34869998693466187,2.9416000843048096,4.299900054931641,10000,1.6470999999998484,1.0496,1,0.10239999999999999,0.0406,376832,15,15,1.1047,7712,0,0,18.874900817871094,11.895700454711914,2.6250998973846436,1.6409000158309937,0.009600000455975533,0.1793999969959259,0,0,0,0,0,0,0,0,0,0,0,0,0
717,48.6432991027832,8.672800064086914,19.9778995513916,3.8508999347686768,2.733299970626831,2.8601999282836914,11.112899780273438,1.336899995803833,10000,10009,20000,10006,20000,20000,10000,0.7824000120162964,2.865600109100342,2.740000009536743,10000,1.6425999999998482,1.07,1,0.1023,0.0373,376832,15,15,1.1082,10280,0,0,28.755199432373047,11.14009952545166,2.6315999031066895,1.486799955368042,0.008500000461935997,0.1574999988079071,0.0024,0,0.1051,5.8483,6.2109,0.0001,0.3652,1,822816,0,0,0,2972
718,37.892398834228516,0.0007999999797903001,16.93950080871582,2.7553999423980713,2.716599941253662,3.476099967956543,11.238499641418457,0.6225000023841858,10000,10009,20000,10006,20000,20000,10000,0.2644999921321869,2.6717000007629395,2.3222999572753906,10000,1.729899999999849,1.0885,1,0.1051,0.0421,376832,15,15,1.2157,7712,0,0,17.046899795532227,11.403400421142578,2.6884000301361084,1.8669999837875366,0.1451999992132187,0.16859999299049377,0,0,0,0,0,0,0,0,0,0,0,0,0
719,34.11579895019531,0.0010000000474974513,15.906000137329102,2.7460999488830566,2.6668999195098877,2.6947999000549316,9.46619987487793,0.6172999739646912,10000,10009,20000,10006,20000,20000,10000,0.3091000020503998,2.4683001041412354,2.208699941635132,10000,1.4560999999998658,1.0195,1,0.0933,0.0414,376832,15,15,1.0126,7712,0,0,16.013999938964844,9.627599716186523,2.436800003051758,1.8133000135421753,0.14180000126361847,0.15649999678134918,0,0,0,0,0,0,0,0,0,0,0,0,0
720,49.96739959716797,12.202199935913086,19.50909996032715,3.742799997329712,3.3647000789642334,3.0710999965667725,10.931099891662598,0.7699999809265137,10000,10009,20000,10006,20000,20000,10000,0.2791999876499176,2.8801000118255615,2.9463999271392822,10000,1.3543999999998775,0.8245,1,0.07769999999999999,0.0362,376832,15,15,0.9381,12496,0,0,31.842500686645508,11.071100234985352,1.8931000232696533,1.2905000448226929,0.12540000677108765,0.13850000500679016,0.0021,0,0.1017,5.2655,9.5292,3.9128,0.3141,1,834746,87096,9996,18313,3703
