frame,frame_ms,simulation,presentation,behavior,transform_sync,emit,hud,animator,animator_updates,height_samples,terrain_rays,visible,hud_raw,hud_projected,behavior_ticks,minimap_collect,minimap_project,culling,gpu_instances,gpu_build,gpu_draw_cpu,poses,pose_build,upload_ms,upload_bytes,main_draws,shadow_draws,shadow_submit,alloc,gen0,gen1,tick,post,mode3d,overlay,overlay_build,end_draw,nav_target,nav_flow,nav_prep,nav_steering,nav_step,nav_hard,nav_sync,nav_steps,neighbor_candidates,hard_pairs,hard_candidates,hard_penetrating,moved_agents
1,1020.457275390625,0.36550000309944153,128.93600463867188,7.91379976272583,1.4610999822616577,3.109499931335449,0.8931999802589417,0.008500000461935997,0,5,0,0,0,0,0,7.197199821472168,10.993300437927246,8.198100090026855,0,0,0,0,0,0,0,0,0,0,164474384,6,6,430.88641357421875,8.729100227355957,16.70639991760254,265.8966979980469,4.11929988861084,0.7544999718666077,0,0,0,0,0,0,0,0,0,0,0,0,0
2,12.225700378417969,0.043800000101327896,4.8420000076293945,0.016499999910593033,0.03229999914765358,0.011800000444054604,0.022700000554323196,0.0007999999797903001,0,5,0,0,0,0,0,0.17110000550746918,0.0786999985575676,3.605600118637085,0,0,0,0,0,0,0,0,0,0,12400,0,0,8.829400062561035,1.7747999429702759,0.10809999704360962,0.8550999760627747,1.7050000429153442,0.09359999746084213,0,0,0,0,0,0,0,0,0,0,0,0,0
3,147.9333953857422,122.79319763183594,7.743299961090088,0.02930000051856041,0.03229999914765358,2.901700019836426,0.014499999582767487,0.005900000222027302,0,5,0,5,0,0,0,0.1485999971628189,0.07890000194311142,3.7637999057769775,0,0,0,0,0,0,0,0,0,0,3577160,0,0,130.70379638671875,0.08349999785423279,13.719300270080566,0.42329999804496765,0.02070000022649765,0.13420000672340393,0,0,0,0,0,0,0,0,0,0,0,0,0
4,4.936500072479248,2.7200000286102295,0.9185000061988831,0.012000000104308128,0.02410000003874302,0.010300000198185444,0.019099999219179153,0.0008999999845400453,0,5,0,5,0,0,0,0.1445000022649765,0.08370000123977661,0.38670000433921814,0,0,0,0,0,0,0,0,0,0,8480,0,0,3.858799934387207,0.06939999759197235,0.24289999902248383,0.44440001249313354,0.019500000402331352,0.0860000029206276,0,0,0,0,0,0,0,0,0,0,0,0,0
5,8.847999572753906,7.269000053405762,0.5841000080108643,0.013399999588727951,0.02459999918937683,0.009800000116229057,0.013100000098347664,0.0010000000474974513,0,5,0,5,0,0,0,0.12800000607967377,0.07620000094175339,0.11050000041723251,0,0,0,0,0,0,0,0,0,0,8280,0,0,8.011500358581543,0.06379999965429306,0.1347000002861023,0.3538999855518341,0.018799999728798866,0.09610000252723694,0,0,0,0,0,0,0,0,0,0,0,0,0
6,3791.25439453125,2589.455078125,1199.365234375,887.0972290039062,28.91510009765625,54.08639907836914,0.015200000256299973,12.586700439453125,10000,10009,0,5,0,0,0,2.587599992752075,7.2708001136779785,23.773700714111328,0,0,0,0,0,0,0,0,0,0,2545231472,87,20,3788.974609375,0.3488999903202057,0.20020000636577606,1.312000036239624,0.27549999952316284,0.14390000700950623,0,0,0,0,0,0,0,0,0,0,0,0,0
7,346.5400085449219,162.24679565429688,129.57029724121094,36.25400161743164,1.4402999877929688,31.74570083618164,0.016899999231100082,2.566499948501587,10000,10009,0,10006,0,0,10000,1.3280999660491943,5.9832000732421875,40.09469985961914,0,0,0,0,0,0,0,0,0,0,280415344,14,2,292.13238525390625,0.09849999845027924,38.577301025390625,0.5885999798774719,0.03280000016093254,0.1770000010728836,0,0,0,0,0,0,0,0,0,0,0,0,0
8,93.08619689941406,8.302399635314941,79.714599609375,36.95000076293945,1.6535999774932861,6.376200199127197,0.024700000882148743,3.638400077819824,10000,10009,0,10006,0,0,10000,1.8660999536514282,6.72130012512207,10.467900276184082,0,0,0,0,0,0,0,0,0,0,348544,0,0,88.36959838867188,0.11919999867677689,1.687000036239624,0.6448000073432922,0.03150000050663948,0.20640000700950623,0,0,0,0,0,0,0,0,0,0,0,0,0
9,124.41609954833984,29.87849998474121,64.1082992553711,29.440099716186523,1.6088999509811401,4.661399841308594,0.01510000042617321,2.120699882507324,10000,10009,0,10006,0,0,10000,1.1087000370025635,5.386499881744385,10.793899536132812,10000,6.040500000002334,2.0222,1,3.5038,0.3725,376832,15,15,2.2808,8102248,0,0,94.28060150146484,0.08110000193119049,12.151100158691406,0.515999972820282,0.022099999710917473,0.1460999995470047,0,0,0,0,0,0,0,0,0,0,0,0,0
10,153.30209350585938,34.601600646972656,107.11959838867188,49.88759994506836,3.0390000343322754,7.638800144195557,0.017500000074505806,4.30810022354126,10000,10009,0,10006,0,0,10000,1.509600043296814,9.477399826049805,14.756199836730957,10000,2.8497000000000132,1.1481,1,0.1228,0.0432,376832,15,15,0.9597,176096,0,0,141.96209716796875,0.11919999867677689,3.786900043487549,0.5625,0.03460000082850456,0.14650000631809235,0,0,0,0,0,0,0,0,0,0,0,0,0
11,143.2324981689453,15.538200378417969,115.689697265625,55.48870086669922,2.046600103378296,7.297599792480469,0.017500000074505806,5.57289981842041,10000,10009,0,10006,0,0,10000,1.618299961090088,9.272899627685547,13.166199684143066,10000,3.3531000000003237,0.9096,1,0.13570000000000002,0.057999999999999996,376832,15,15,1.1591,8128,0,0,131.43380737304688,0.1451999992132187,3.3185999393463135,0.49779999256134033,0.0333000011742115,0.17270000278949738,0,0,0,0,0,0,0,0,0,0,0,0,0
12,146.62489318847656,37.42940139770508,99.02010345458984,47.59280014038086,2.4166998863220215,9.749699592590332,0.018699999898672104,3.323499917984009,10000,10009,0,10006,0,0,10000,1.5473999977111816,6.887400150299072,13.829299926757812,10000,2.1964999999998516,0.9139,1,0.1293,0.0446,376832,15,15,1.2221,25552968,0,0,136.6416015625,0.11339999735355377,3.290299892425537,0.49549999833106995,0.02879999950528145,0.16369999945163727,0,0,0,0,0,0,0,0,0,0,0,0,0
13,138.22320556640625,25.146499633789062,101.84110260009766,49.447200775146484,2.269200086593628,7.433300018310547,0.020899999886751175,3.624000072479248,10000,10009,0,10006,0,0,10000,1.5537999868392944,9.206399917602539,12.98490047454834,10000,2.9778000000000433,0.8728,1,0.12760000000000002,0.0429,376832,15,15,1.1153,14269824,1,1,127.2343978881836,0.11270000040531158,3.062000036239624,0.47209998965263367,0.03220000118017197,0.14839999377727509,0,0,0,0,0,0,0,0,0,0,0,0,0
14,175.16940307617188,67.14309692382812,97.62789916992188,40.857200622558594,2.9511001110076904,5.063499927520752,0.012000000104308128,1.9500000476837158,10000,10009,0,10006,0,0,10000,0.8865000009536743,5.965199947357178,14.252400398254395,10000,2.150799999999838,1.2101,1,0.121,0.045899999999999996,376832,15,15,1.1214,12114352,0,0,165.02520751953125,0.07840000092983246,3.7901999950408936,0.5109000205993652,0.023499999195337296,0.15289999544620514,0,0,0,0,0,0,0,0,0,0,0,0,0
15,209.25970458984375,153.55130004882812,46.2864990234375,19.482200622558594,1.1269999742507935,4.3592000007629395,0.01209999993443489,2.095900058746338,10000,10009,0,10006,0,0,10000,2.1733999252319336,2.588399887084961,7.597799777984619,10000,2.046199999999833,0.8892,1,0.13130000000000003,0.0397,376832,15,15,0.9854,31067064,1,1,200.033203125,0.0835999995470047,3.1663999557495117,0.4738999903202057,0.01850000023841858,0.14900000393390656,0,0,0,0,0,0,0,0,0,0,0,0,0
16,114.86849975585938,5.872900009155273,78.84140014648438,29.443199157714844,1.3316999673843384,10.263099670410156,0.05090000107884407,4.055200099945068,10000,10009,0,10006,0,0,10000,2.49180006980896,7.090199947357178,11.283699989318848,10000,6.444899999999728,2.0609,1,0.47529999999999994,0.1338,376832,15,15,4.8336,299544,0,0,84.97740173339844,0.3131999969482422,9.05519962310791,1.3559999465942383,0.05660000070929527,0.9366000294685364,0,0,0,0,0,0,0,0,0,0,0,0,0
17,128.08340454101562,6.477799892425537,92.65730285644531,24.18589973449707,1.8092999458312988,16.22570037841797,0.02370000071823597,11.130399703979492,10000,10009,0,10006,0,0,10000,5.358500003814697,8.858699798583984,11.617600440979004,10000,7.272599999999838,1.6017,1,0.25859999999999994,0.1121,376832,15,15,3.1777,294976,0,0,99.47540283203125,0.18389999866485596,6.996799945831299,0.6640999913215637,0.06809999793767929,0.24169999361038208,0,0,0,0,0,0,0,0,0,0,0,0,0
18,117.7656021118164,5.397799968719482,90.10970306396484,23.106199264526367,1.807800054550171,18.976699829101562,0.030899999663233757,12.304300308227539,10000,10009,0,10006,0,0,10000,3.9042999744415283,5.653800010681152,11.704700469970703,10000,5.786499999999712,1.9798,1,0.27570000000000006,0.091,376832,15,15,2.3529,277952,0,0,95.73300170898438,0.20649999380111694,6.076399803161621,0.6876000165939331,0.060100000351667404,0.23010000586509705,0,0,0,0,0,0,0,0,0,0,0,0,0
19,103.2655029296875,3.620699882507324,65.75849914550781,19.576400756835938,1.6301000118255615,12.01509952545166,0.024700000882148743,5.630899906158447,10000,10009,0,10006,0,0,10000,1.694599986076355,5.246500015258789,10.68910026550293,10000,6.638399999999896,3.1052,1,0.4863,0.1427,376832,15,15,3.6567,210464,0,0,69.65370178222656,0.1492999941110611,13.106900215148926,1.6052000522613525,0.04540000110864639,0.4959000051021576,0,0,0,0,0,0,0,0,0,0,0,0,0
20,150.6508026123047,14.270299911499023,113.07440185546875,39.976200103759766,2.188800096511841,14.626700401306152,0.013299999758601189,11.682900428771973,10000,10009,0,10006,0,0,10000,3.464600086212158,4.297299861907959,16.75589942932129,10000,6.134000000000602,1.756,1,0.2682,0.08280000000000001,376832,15,15,1.861,7776,0,0,127.92849731445312,0.09510000050067902,8.240599632263184,0.6485000252723694,0.029100000858306885,0.2013999968767166,0,0,0,0,0,0,0,0,0,0,0,0,0
21,96.79900360107422,12.849599838256836,54.33340072631836,12.29539966583252,1.2137000560760498,12.343099594116211,0.023499999195337296,4.667900085449219,10000,10009,0,10006,0,0,10000,1.5368000268936157,4.697800159454346,9.568900108337402,10000,6.159300000000357,2.4824,1,0.24969999999999998,0.081,376832,15,15,2.69,5558016,0,0,67.39569854736328,0.16380000114440918,13.309800148010254,1.6930999755859375,0.04520000144839287,0.5685999989509583,0,0,0,0,0,0,0,0,0,0,0,0,0
22,135.05490112304688,45.35200119018555,68.87079620361328,7.791600227355957,2.895400047302246,13.594599723815918,0.02250000089406967,6.436100006103516,10000,10009,0,10006,0,0,10000,0.5909000039100647,4.909900188446045,20.23189926147461,10000,5.145799999999951,1.799,1,0.18829999999999997,0.074,376832,15,15,2.1116,14243168,0,0,114.74340057373047,0.16820000112056732,6.541500091552734,0.710099995136261,0.05860000103712082,0.21320000290870667,0,0,0,0,0,0,0,0,0,0,0,0,0
23,97.1791000366211,38.5640983581543,32.9281005859375,5.2083001136779785,1.2348999977111816,9.116399765014648,0.02329999953508377,4.193399906158447,10000,10009,0,10006,0,0,10000,0.4912000000476837,2.324399948120117,4.504300117492676,10000,6.266000000000574,2.9539,1,0.2579,0.0752,376832,15,15,2.9353,12070256,0,0,71.71920013427734,0.14059999585151672,9.32390022277832,1.479599952697754,0.042899999767541885,0.3495999872684479,0,0,0,0,0,0,0,0,0,0,0,0,0
24,166.0679931640625,133.31280517578125,22.558900833129883,4.822299957275391,1.0785000324249268,5.590799808502197,0.01600000075995922,0.7597000002861023,10000,10009,0,10006,0,0,10000,0.400299996137619,2.3027000427246094,3.557300090789795,10000,2.3095999999998953,1.1068,1,0.1682,0.0461,376832,15,15,1.2716,31059696,1,1,156.23150634765625,0.10209999978542328,2.8313000202178955,0.603600025177002,0.02070000022649765,0.19920000433921814,0,0,0,0,0,0,0,0,0,0,0,0,0
25,60.679901123046875,7.490699768066406,35.99729919433594,5.2758002281188965,1.4515000581741333,3.2701001167297363,0.024700000882148743,1.170300006866455,10000,10009,0,10006,0,0,10000,0.4625000059604645,1.9952000379562378,18.66189956665039,10000,2.8543000000001855,2.3766,1,0.21209999999999998,0.08349999999999999,376832,15,15,2.5073,12424,0,0,43.79499816894531,0.14339999854564667,4.604100227355957,1.0752999782562256,0.03319999948143959,0.33640000224113464,0,0,0,0,0,0,0,0,0,0,0,0,0
26,53.73759841918945,4.725200176239014,26.65060043334961,5.669899940490723,1.8868999481201172,3.5480000972747803,0.027499999850988388,1.3294999599456787,10000,10009,0,10006,0,0,10000,0.5654000043869019,2.2792999744415283,5.394199848175049,10000,3.240100000000261,4.5241,1,0.25359999999999994,0.10450000000000001,376832,15,15,3.8499,7712,0,0,31.689300537109375,0.15469999611377716,8.157400131225586,1.0384000539779663,0.03700000047683716,0.32820001244544983,0,0,0,0,0,0,0,0,0,0,0,0,0
27,96.97239685058594,16.70490074157715,24.544200897216797,5.721399784088135,1.6857999563217163,3.8726000785827637,0.021800000220537186,1.2381999492645264,10000,10009,0,10006,0,0,10000,0.5440999865531921,2.1133999824523926,4.328700065612793,10000,3.1892000000002603,2.2662,1,0.2331,0.08399999999999999,376832,15,15,2.4548,7712,0,0,41.61069869995117,0.13040000200271606,5.2494001388549805,1.1342999935150146,0.03189999982714653,40.091800689697266,0,0,0,0,0,0,0,0,0,0,0,0,0
28,878.9954833984375,648.8806762695312,87.43440246582031,28.55769920349121,0.8033999800682068,32.963600158691406,41.33760070800781,0.7703999876976013,10000,10009,20000,10006,20000,20000,10000,0.3749000132083893,6.933199882507324,2.3987998962402344,10000,1.0620999999998983,1.2644,1,0.11159999999999999,0.0387,376832,15,15,1.2451,817734296,42,4,736.7119140625,68.09500122070312,2.7005999088287354,67.10099792480469,23.62019920349121,0.13339999318122864,0,0,0,0,0,0,0,0,0,0,0,0,0
29,339.8908996582031,79.42759704589844,31.53860092163086,2.9602999687194824,13.387999534606934,5.94379997253418,16.19179916381836,0.6495000123977661,10000,10009,20000,10006,20000,20000,10000,0.3066999912261963,3.6034998893737793,2.307499885559082,10000,0.8569999999999228,195.6789,1,0.1109,0.0315,376832,15,15,1.0076,26584,0,0,111.16609954833984,17.70800018310547,197.0063934326172,10.334799766540527,1.4706000089645386,0.17919999361038208,0.9206,0,10.0055,39.1856,55.2119,0.0006,4.3993,1,1065516,0,0,0,9994
30,93.45659637451172,0.5985000133514404,22.69659996032715,4.998700141906738,1.0987000465393066,2.442699909210205,27.734699249267578,1.0399999618530273,10000,10009,20000,10006,20000,20000,10000,0.3779999911785126,5.978300094604492,3.410399913787842,10000,1.4818999999998654,2.5128,1,4.1735999999999995,0.11080000000000001,376832,15,15,2.7195,7712,0,0,23.50510025024414,27.84819984436035,4.7316999435424805,3.654099941253662,0.03680000081658363,22.730600357055664,0,0,0,0,0,0,0,0,0,0,0,0,0
31,105.99520111083984,6.223199844360352,23.31410026550293,4.992800235748291,1.1414999961853027,2.4839000701904297,27.453500747680664,1.0214999914169312,10000,10009,20000,10006,20000,20000,10000,0.4580000042915344,6.111499786376953,3.4482998847961426,10000,1.6477999999998505,2.5723,1,0.2123,0.0921,376832,15,15,3.2776,1100776,0,0,29.912500381469727,27.701200485229492,6.269700050354004,4.993000030517578,0.06030000001192093,28.024700164794922,0,0,0,0,0,0,0,0,0,0,0,0,0
32,143.06900024414062,14.303000450134277,57.13740158081055,11.845999717712402,1.8401000499725342,11.87909984588623,42.29629898071289,3.158600091934204,10000,10009,20000,10006,20000,20000,10000,1.2323999404907227,13.457200050354004,5.968699932098389,10000,1.612299999999855,2.4651,1,0.2131,0.0878,376832,15,15,3.0659,666792,0,0,71.84860229492188,44.5968017578125,4.633699893951416,13.807600021362305,2.1842000484466553,0.30970001220703125,0,0,0,0,0,0,0,0,0,0,0,0,0
33,163.21530151367188,58.05270004272461,49.98550033569336,5.948699951171875,10.03689956665039,11.138099670410156,28.8218994140625,1.2102999687194824,10000,10009,20000,10006,20000,20000,10000,0.5059000253677368,7.940100193023682,7.975800037384033,10000,1.7851999999998422,2.8067,1,0.2107,0.0969,376832,15,15,2.8911,103904,0,0,108.36409759521484,36.40769958496094,5.374100208282471,4.825500011444092,7.503699779510498,0.33219999074935913,0.0178,0,0.2763,27.0881,47.8685,19.699,0.9841,1,1063518,61921,10000,6276,9999
34,71.49829864501953,0.8360000252723694,29.22439956665039,5.742800235748291,1.8671000003814697,3.6149001121520996,26.31329917907715,1.148900032043457,10000,10009,20000,10006,20000,20000,10000,0.4925999939441681,6.214600086212158,5.143599987030029,10000,1.4757999999998648,2.0871,1,0.1888,0.089,376832,15,15,2.5607,7712,0,0,30.375999450683594,26.423500061035156,4.17710018157959,3.453200101852417,0.03420000150799751,0.2800999879837036,0,0,0,0,0,0,0,0,0,0,0,0,0
35,76.23200225830078,4.212200164794922,27.858999252319336,5.215700149536133,1.3788000345230103,3.0327000617980957,29.095600128173828,1.1383999586105347,10000,10009,20000,10006,20000,20000,10000,2.2054998874664307,6.187699794769287,4.067599773406982,10000,1.471399999999865,2.3603,1,0.19060000000000002,0.09259999999999999,376832,15,15,2.5762,16072,0,0,32.364601135253906,29.208999633789062,4.389900207519531,3.205899953842163,0.04089999943971634,0.2957000136375427,0,0,0,0,0,0,0,0,0,0,0,0,0
36,143.38119506835938,6.181399822235107,57.96009826660156,9.612799644470215,2.3239998817443848,11.754899978637695,37.027198791503906,2.029099941253662,10000,10009,20000,10006,20000,20000,10000,1.2196999788284302,16.79640007019043,5.248300075531006,10000,1.860699999999829,4.6833,1,0.2751,0.1391,376832,15,15,4.7926,554240,0,0,64.42749786376953,38.21310043334961,9.817000389099121,17.6466007232666,1.0597000122070312,0.5425000190734863,0,0,0,0,0,0,0,0,0,0,0,0,0
37,143.86050415039062,50.11399841308594,44.6598014831543,5.791900157928467,9.539400100708008,8.75629997253418,26.98979949951172,1.2029000520706177,10000,10009,20000,10006,20000,20000,10000,0.47920000553131104,8.889399528503418,4.481100082397461,10000,1.4900999999998632,3.0501,1,0.25670000000000004,0.1473,376832,15,15,4.1261,148296,0,0,95.24099731445312,28.04560089111328,6.251699924468994,5.262899875640869,0.9315000176429749,0.3086000084877014,0.0338,13.59220027923584,0.2857,16.9003,23.4329,5.1468,0.9088,1,1056326,63806,10000,6862,9997
38,68.4636001586914,0.7979999780654907,25.704599380493164,5.062600135803223,1.267199993133545,3.6426000595092773,26.58679962158203,1.1375000476837158,10000,10009,20000,10006,20000,20000,10000,0.5526999831199646,5.838099956512451,4.045000076293945,10000,1.4737999999998652,2.3005,1,0.18610000000000002,0.0865,376832,15,15,2.5281,7712,0,0,26.829299926757812,26.704700469970703,4.380899906158447,3.460700035095215,0.03660000115633011,0.30959999561309814,0,0,0,0,0,0,0,0,0,0,0,0,0
39,76.71489715576172,4.746699810028076,31.88920021057129,5.728700160980225,2.0223000049591064,3.6910998821258545,24.195499420166016,1.2620999813079834,10000,10009,20000,10006,20000,20000,10000,0.5307999849319458,9.041500091552734,4.645100116729736,10000,1.478199999999864,2.367,1,0.1898,0.0779,376832,15,15,2.4831,16120,0,0,36.917701721191406,24.322999954223633,4.564899921417236,3.940500020980835,0.05000000074505806,0.275299996137619,0,0,0,0,0,0,0,0,0,0,0,0,0
40,95.08760070800781,6.116600036621094,31.517200469970703,6.413599967956543,1.871399998664856,5.113399982452393,28.32229995727539,1.3016999959945679,10000,10009,20000,10006,20000,20000,10000,0.5968999862670898,6.83650016784668,4.25570011138916,10000,1.8527999999998335,2.3614,1,0.20270000000000002,0.0809,376832,15,15,2.7322,603568,0,0,38.037899017333984,29.538400650024414,5.2220001220703125,13.650500297546387,1.1438000202178955,0.8511999845504761,0,0,0,0,0,0,0,0,0,0,0,0,0
41,95.3572006225586,8.244000434875488,36.674800872802734,5.453800201416016,1.8666000366210938,4.374300003051758,34.12910079956055,1.4329999685287476,10000,10009,20000,10006,20000,20000,10000,0.6376000046730042,11.64739990234375,5.236400127410889,10000,1.7573999999998406,2.5203,1,0.2029,0.0834,376832,15,15,2.5332,162528,0,0,45.202301025390625,34.245399475097656,4.763700008392334,3.484600067138672,0.038100000470876694,0.31310001015663147,0,0,0,0,0,0,0,0,0,0,0,0,0
42,234.63909912109375,1.2080999612808228,115.10469818115234,13.314800262451172,21.53689956665039,21.148799896240234,72.98650360107422,8.505900382995605,10000,10009,20000,10006,20000,20000,10000,0.6155999898910522,14.083499908447266,4.823400020599365,10000,2.1750999999999743,1.0954,1,0.1698,0.0709,376832,15,15,1.4691,7712,0,0,116.6238021850586,73.24340057373047,16.006900787353516,1.919100046157837,0.10209999978542328,0.17739999294281006,0,0,0,0,0,0,0,0,0,0,0,0,0
43,97.98670196533203,2.445199966430664,44.759700775146484,4.846399784088135,1.3349000215530396,2.5662999153137207,23.395999908447266,1.0058000087738037,10000,10009,20000,10006,20000,20000,10000,0.4214000105857849,10.0177001953125,10.696100234985352,10000,1.7656999999998357,4.7139,1,0.35189999999999994,0.2504,376832,15,15,5.3768,16072,0,0,47.392398834228516,23.54680061340332,7.2434000968933105,5.743100166320801,0.04479999840259552,0.5490000247955322,0,0,0,0,0,0,0,0,0,0,0,0,0
44,92.82779693603516,7.409800052642822,34.70790100097656,5.625699996948242,1.9143999814987183,4.811699867248535,21.774200439453125,1.1675000190734863,10000,10009,20000,10006,20000,20000,10000,0.43369999527931213,9.704999923706055,5.055600166320801,10000,1.6482999999998489,2.3602,1,0.2043,0.09040000000000001,376832,15,15,2.6372,523984,0,0,42.43299865722656,23.25119972229004,5.171000003814697,14.464200019836426,1.26010000705719,0.3346000015735626,0,0,0,0,0,0,0,0,0,0,0,0,0
45,127.2249984741211,39.808101654052734,46.35459899902344,5.846700191497803,8.339400291442871,9.44849967956543,23.666900634765625,1.2813999652862549,10000,10009,20000,10006,20000,20000,10000,0.4733000099658966,8.691200256347656,7.63100004196167,10000,1.5578999999998597,2.4173,1,0.1839,0.0807,376832,15,15,2.5893,8048,0,0,86.53209686279297,24.338199615478516,4.643199920654297,4.606200218200684,0.583899974822998,0.31380000710487366,0.0222,0,0.3008,33.0051,33.8926,0.001,0.9205,1,1080980,0,0,0,9997
46,63.3120002746582,1.0628999471664429,26.626300811767578,5.35099983215332,1.4254000186920166,2.7360999584198,19.660400390625,1.1878999471664429,10000,10009,20000,10006,20000,20000,10000,0.46549999713897705,7.599899768829346,3.599400043487549,10000,1.4309999999998675,1.9197,1,0.18010000000000004,0.0989,376832,15,15,3.0235,7712,0,0,27.975500106811523,19.76580047607422,4.1128997802734375,4.09060001373291,0.03830000013113022,0.30570000410079956,0,0,0,0,0,0,0,0,0,0,0,0,0
47,83.28700256347656,4.696599960327148,33.15549850463867,5.854700088500977,2.1029999256134033,3.1814000606536865,23.80120086669922,1.3099000453948975,10000,10009,20000,10006,20000,20000,10000,0.5192999839782715,10.79699993133545,4.450200080871582,10000,1.481799999999866,3.3432,1,0.225,0.0995,376832,15,15,3.1051,16072,0,0,38.123600006103516,23.92490005493164,6.067599773406982,4.651800155639648,0.04230000078678131,0.31470000743865967,0,0,0,0,0,0,0,0,0,0,0,0,0
48,100.23770141601562,7.553199768066406,35.2422981262207,7.0945000648498535,2.3617000579833984,5.329699993133545,22.415000915527344,1.4118000268936157,10000,10009,20000,10006,20000,20000,10000,0.5325000286102295,6.907400131225586,5.041900157928467,10000,1.7241999999998474,4.6356,1,0.28900000000000003,0.1677,376832,15,15,4.6026,511376,0,0,43.09239959716797,23.742900848388672,7.440899848937988,13.184200286865234,1.242900013923645,0.33059999346733093,0,0,0,0,0,0,0,0,0,0,0,0,0
49,139.43629455566406,39.42580032348633,56.716800689697266,10.155799865722656,12.008999824523926,10.079000473022461,18.548599243164062,1.4364999532699585,10000,10009,20000,10006,20000,20000,10000,0.5239999890327454,7.3744001388549805,7.138000011444092,10000,1.7711999999998351,2.6142,1,0.2451,0.1469,376832,15,15,3.4746,127768,0,0,96.50460052490234,19.715499877929688,5.194799900054932,7.801199913024902,1.0806000232696533,0.6262999773025513,0.0193,0,0.3344,13.3501,27.4719,12.6489,2.9236,1,1092652,67356,10000,8634,9999
50,78.10449981689453,1.3555999994277954,39.983699798583984,6.674099922180176,2.4814000129699707,5.777200222015381,15.28689956665039,1.4431999921798706,10000,10009,20000,10006,20000,20000,10000,0.5946000218391418,6.952899932861328,8.689299583435059,10000,1.455199999999866,2.9531,1,0.25239999999999996,0.10500000000000001,376832,15,15,3.6634,7712,0,0,41.840999603271484,15.411600112915039,6.8231000900268555,3.601599931716919,0.042899999767541885,0.3059999942779541,0,0,0,0,0,0,0,0,0,0,0,0,0
51,67.7748031616211,4.623300075531006,29.341299057006836,5.774899959564209,1.8147000074386597,3.7888998985290527,17.769899368286133,1.3100999593734741,10000,10009,20000,10006,20000,20000,10000,0.5139999985694885,7.004899978637695,4.476600170135498,10000,1.6021999999998522,2.5301,1,0.16,0.0781,376832,15,15,2.5892,15952,0,0,34.23320007324219,17.880599975585938,4.847499847412109,3.534600019454956,0.03660000115633011,0.3312000036239624,0,0,0,0,0,0,0,0,0,0,0,0,0
52,100.1094970703125,6.338799953460693,28.336599349975586,5.267499923706055,1.5011999607086182,4.715700149536133,14.864999771118164,1.1200000047683716,10000,10009,20000,10006,20000,20000,10000,0.5067999958992004,6.3003997802734375,4.083899974822998,10000,1.5484999999998577,2.867,1,0.22039999999999998,0.08560000000000001,376832,15,15,2.705,539144,0,0,34.94710159301758,15.779899597167969,5.378300189971924,9.582599639892578,0.8334000110626221,27.420799255371094,0,0,0,0,0,0,0,0,0,0,0,0,0
53,149.9351043701172,70.78559875488281,45.71649932861328,6.8221001625061035,9.696800231933594,9.399299621582031,15.150899887084961,1.4794000387191772,10000,10009,20000,10006,20000,20000,10000,0.6514000296592712,6.751399993896484,5.236499786376953,10000,1.430699999999868,2.3672,1,0.1524,0.07819999999999999,376832,15,15,2.2062,128168,0,0,116.77130126953125,15.94320011138916,4.526700019836426,4.711400032043457,0.7120000123977661,0.28529998660087585,0.0194,8.858200073242188,0.2426,46.05,51.6771,4.8741,0.893,1,1125332,69449,10000,9753,9999
54,61.02109909057617,0.5954999923706055,29.034000396728516,5.051499843597412,2.015000104904175,4.245500087738037,15.413599967956543,1.166700005531311,10000,10009,20000,10006,20000,20000,10000,0.4693000018596649,6.708199977874756,4.560699939727783,10000,1.5191999999998609,2.3565,1,0.1481,0.0818,376832,15,15,2.7753,7712,0,0,29.949600219726562,15.526000022888184,4.505799770355225,3.709399938583374,0.03680000081658363,0.31929999589920044,0,0,0,0,0,0,0,0,0,0,0,0,0
55,104.41000366210938,4.471399784088135,22.92770004272461,5.17519998550415,1.5358999967575073,2.6821000576019287,15.38539981842041,1.0390000343322754,10000,10009,20000,10006,20000,20000,10000,0.3968000113964081,4.210700035095215,4.137700080871582,10000,1.5193999999998697,2.4092,1,0.1303,0.061,376832,15,15,2.2241,15952,0,0,27.6968994140625,15.498100280761719,4.547900199890137,3.9182000160217285,0.039900001138448715,45.52450180053711,0,0,0,0,0,0,0,0,0,0,0,0,0
56,105.13259887695312,7.155399799346924,32.542701721191406,6.044300079345703,2.157599925994873,5.341800212860107,17.513399124145508,1.3372000455856323,10000,10009,20000,10006,20000,20000,10000,0.49619999527931213,7.186200141906738,4.540800094604492,10000,1.6666999999998486,2.4707,1,0.23109999999999997,0.1572,376832,15,15,3.8031,570248,0,0,40.0005989074707,18.542299270629883,5.520199775695801,8.923100471496582,0.925000011920929,21.51689910888672,0,0,0,0,0,0,0,0,0,0,0,0,0
57,104.61100006103516,7.469099998474121,28.27359962463379,5.410900115966797,2.1036999225616455,3.554800033569336,15.60509967803955,1.2043999433517456,10000,10009,20000,10006,20000,20000,10000,0.49300000071525574,6.543000221252441,4.268700122833252,10000,1.5352999999998602,2.6229,1,0.18749999999999997,0.094,376832,15,15,2.9759,114368,0,0,36.09040069580078,15.718999862670898,4.9770002365112305,3.5487000942230225,0.039799999445676804,34.5791015625,0,0,0,0,0,0,0,0,0,0,0,0,0
58,104.9457015991211,0.6347000002861023,24.478500366210938,5.006199836730957,1.784500002861023,2.4637999534606934,14.846799850463867,1.1506999731063843,10000,10009,20000,10006,20000,20000,10000,0.4332999885082245,3.98009991645813,4.674799919128418,10000,1.438399999999869,2.5217,1,0.15139999999999998,0.08130000000000001,376832,15,15,2.8188,7712,0,0,25.41990089416504,14.948100090026855,4.533599853515625,3.517199993133545,0.03460000082850456,49.565101623535156,0,0,0,0,0,0,0,0,0,0,0,0,0
59,104.49500274658203,2.8835999965667725,23.46619987487793,5.055799961090088,1.4147000312805176,2.533900022506714,15.763899803161621,1.0429999828338623,10000,10009,20000,10006,20000,20000,10000,0.415800005197525,4.561999797821045,3.9911999702453613,10000,1.5125999999998612,4.7482,1,0.28979999999999995,0.3154,376832,15,15,5.7542,15952,0,0,26.661699295043945,15.87969970703125,7.023600101470947,11.764100074768066,0.03970000147819519,30.55769920349121,0,0,0,0,0,0,0,0,0,0,0,0,0
60,105.0198974609375,7.798900127410889,30.90410041809082,5.939599990844727,2.166300058364868,4.689899921417236,15.87909984588623,1.2285000085830688,10000,10009,20000,10006,20000,20000,10000,0.5699999928474426,5.2494001388549805,5.185100078582764,10000,1.557799999999858,3.5989,1,0.24169999999999997,0.1537,376832,15,15,4.7385,574008,0,0,39.002899169921875,16.905899047851562,5.830999851226807,10.018500328063965,0.9476000070571899,23.34630012512207,0,0,0,0,0,0,0,0,0,0,0,0,0
61,104.63369750976562,13.025899887084961,43.46329879760742,6.215400218963623,8.902299880981445,8.79259967803955,17.805200576782227,1.2615000009536743,10000,10009,20000,10006,20000,20000,10000,0.8112000226974487,7.732900142669678,4.647500038146973,10000,1.8595999999998263,2.6063,1,0.2117,0.14229999999999998,376832,15,15,3.7812,8048,0,0,56.82210159301758,18.53510093688965,6.694499969482422,6.708199977874756,0.6442000269889832,6.258800029754639,0.0218,0,0.2645,7.4286,8.1065,0.0004,0.6795,1,1150076,0,0,0,9995
62,104.8760986328125,0.6696000099182129,30.851200103759766,5.577400207519531,2.4321999549865723,3.817500114440918,16.570600509643555,1.198799967765808,10000,10009,20000,10006,20000,20000,10000,0.5151000022888184,6.117099761962891,5.83459997177124,10000,1.78749999999985,2.598,1,0.2363,0.16770000000000002,376832,15,15,3.6695,7712,0,0,31.83169937133789,16.72089958190918,5.3632001876831055,4.069499969482422,0.06719999760389328,36.41419982910156,0,0,0,0,0,0,0,0,0,0,0,0,0
63,104.53900146484375,4.46589994430542,30.00670051574707,5.284299850463867,2.5172998905181885,3.8159000873565674,16.29439926147461,1.391800045967102,10000,10009,20000,10006,20000,20000,10000,0.5582000017166138,5.55709981918335,5.820899963378906,10000,1.9544999999998163,5.9224,1,0.2781,0.1953,376832,15,15,6.2936,15952,0,0,34.78310012817383,16.413299560546875,11.053099632263184,7.3730998039245605,0.0421999990940094,21.175600051879883,0,0,0,0,0,0,0,0,0,0,0,0,0
64,114.3218002319336,7.703000068664551,35.35960006713867,6.752299785614014,2.405600070953369,5.770100116729736,35.06880187988281,1.3930000066757202,10000,10009,20000,10006,20000,20000,10000,0.5277000069618225,6.666299819946289,5.559700012207031,10000,3.377199999999999,4.9595,1,0.37550000000000006,0.1677,376832,15,15,4.776,503296,0,0,43.40420150756836,36.453800201416016,10.991800308227539,9.237700462341309,1.2754000425338745,0.3723999857902527,0,0,0,0,0,0,0,0,0,0,0,0,0
65,181.63409423828125,74.6677017211914,61.27920150756836,7.141900062561035,14.84179973602295,10.658599853515625,20.269699096679688,1.7003999948501587,10000,10009,20000,10006,20000,20000,10000,0.5978000164031982,8.011199951171875,10.540499687194824,10000,1.9161999999998225,2.6197,1,0.18220000000000003,0.09029999999999999,376832,15,15,2.856,120728,0,0,136.33389282226562,20.950199127197266,6.573200225830078,7.319699764251709,0.6018999814987183,2.4349000453948975,0.0234,28.358301162719727,0.5205,20.4096,32.785,10.9391,1.3484,1,1188398,78041,10000,12026,9996
66,96.69640350341797,1.902400016784668,45.33440017700195,7.040500164031982,4.334400177001953,4.672900199890137,23.646900177001953,1.4510999917984009,10000,10009,20000,10006,20000,20000,10000,0.6955000162124634,8.609199523925781,10.76669979095459,10000,2.464799999999848,3.3989,1,0.3548,0.1334,376832,15,15,4.2469,7712,0,0,47.70899963378906,23.775400161743164,8.27750015258789,5.0833001136779785,0.04410000145435333,0.3174000084400177,0,0,0,0,0,0,0,0,0,0,0,0,0
67,90.45050048828125,5.331699848175049,40.77149963378906,7.944200038909912,4.39769983291626,3.877700090408325,20.420400619506836,1.3909000158309937,10000,10009,20000,10006,20000,20000,10000,0.5424000024795532,6.413000106811523,9.143699645996094,10000,1.7937999999998337,3.8268,1,0.1773,0.0892,376832,15,15,2.7312,15952,0,0,46.496299743652344,20.5669002532959,6.501299858093262,6.640100002288818,0.05000000074505806,0.5551999807357788,0,0,0,0,0,0,0,0,0,0,0,0,0
68,127.71430206298828,11.464400291442871,47.347999572753906,12.494400024414062,3.6247000694274902,6.049300193786621,23.859600067138672,1.5230000019073486,10000,10009,20000,10006,20000,20000,10000,0.5843999981880188,7.227700233459473,7.844399929046631,10000,3.5257999999999763,4.993,1,0.34349999999999997,0.139,376832,15,15,4.0728,520664,0,0,59.21649932861328,25.139799118041992,10.258700370788574,19.39189910888672,1.1823999881744385,0.5896999835968018,0,0,0,0,0,0,0,0,0,0,0,0,0
69,175.05099487304688,111.85209655761719,40.7224006652832,5.137199878692627,9.202899932861328,5.696800231933594,12.549300193786621,1.0807000398635864,10000,10009,20000,10006,20000,20000,10000,0.4113999903202057,4.136899948120117,9.634699821472168,10000,0.9616999999999106,1.0941,1,0.0909,0.044,376832,15,15,1.2564,99560,0,0,153.0886993408203,12.92959976196289,2.365299940109253,2.532900094985962,0.33320000767707825,0.1745000034570694,0.0432,23.461299896240234,0.4147,20.1191,33.6132,12.1687,1.3455,1,1233344,82577,10000,13653,9999
70,55.50080108642578,0.3294999897480011,20.983699798583984,5.071400165557861,1.6632000207901,2.6034998893737793,14.503100395202637,1.0700000524520874,10000,10009,20000,10006,20000,20000,10000,0.4311000108718872,3.8306000232696533,3.1380999088287354,10000,1.4670999999998668,3.3195,1,0.1502,0.08310000000000001,376832,15,15,2.7258,7712,0,0,21.477500915527344,14.581000328063965,5.414599895477295,4.254199981689453,0.02370000071823597,2.250699996948242,0,0,0,0,0,0,0,0,0,0,0,0,0
71,107.09369659423828,5.59689998626709,45.617801666259766,9.360099792480469,3.221100091934204,6.121699810028076,19.32699966430664,1.5094000101089478,10000,10009,20000,10006,20000,20000,10000,0.6751000285148621,10.253100395202637,6.250899791717529,10000,3.7866000000000932,4.9431,1,0.5375000000000001,0.1456,376832,15,15,5.2514,15952,0,0,52.02920150756836,19.60260009765625,12.57919979095459,6.026000022888184,0.07479999959468842,0.3319999873638153,0,0,0,0,0,0,0,0,0,0,0,0,0
72,175.02699279785156,50.951499938964844,50.05799865722656,9.09179973602295,2.80049991607666,9.32759952545166,47.671199798583984,3.390199899673462,10000,10009,20000,10006,20000,20000,10000,0.9829999804496765,10.086000442504883,6.446199893951416,10000,2.255499999999901,1.6578,1,0.1937,0.1076,376832,15,15,3.4761,617824,1,1,101.31929779052734,49.31209945678711,5.624000072479248,6.771900177001953,1.5068999528884888,0.24009999632835388,0,0,0,0,0,0,0,0,0,0,0,0,0
73,95.83679962158203,5.580399990081787,30.954099655151367,5.838799953460693,2.3643999099731445,4.476900100708008,29.410499572753906,1.1506999731063843,10000,10009,20000,10006,20000,20000,10000,0.5442000031471252,6.350599765777588,4.841300010681152,10000,3.4396999999999447,4.4287,1,0.3627,0.1338,376832,15,15,4.0935,101496,0,0,36.81399917602539,29.564199447631836,9.590900421142578,6.61929988861084,0.062300000339746475,0.32120001316070557,0,0,0,0,0,0,0,0,0,0,0,0,0
74,113.56340026855469,0.695900022983551,38.617401123046875,6.840700149536133,2.851900100708008,4.405399799346924,38.88629913330078,1.597499966621399,10000,10009,20000,10006,20000,20000,10000,0.6769000291824341,7.9405999183654785,7.666500091552734,10000,4.349899999999958,5.0477,1,0.4312,0.16620000000000001,376832,15,15,4.4786,7712,0,0,39.55189895629883,39.05440139770508,11.056500434875488,7.8007001876831055,0.06889999657869339,0.597599983215332,0,0,0,0,0,0,0,0,0,0,0,0,0
75,120.51619720458984,7.454400062561035,49.4182014465332,7.087299823760986,4.468699932098389,6.3394999504089355,40.97010040283203,1.8594000339508057,10000,10009,20000,10006,20000,20000,10000,0.5849999785423279,13.124600410461426,8.384099960327148,10000,3.3683000000001564,3.2469,1,0.22860000000000003,0.1009,376832,15,15,2.9422,15952,0,0,57.144100189208984,41.14509963989258,6.802599906921387,2.874300003051758,0.05999999865889549,0.2379000037908554,0,0,0,0,0,0,0,0,0,0,0,0,0
76,111.40409851074219,4.959400177001953,33.54439926147461,6.581399917602539,2.540600061416626,5.562600135803223,30.309499740600586,1.4170000553131104,10000,10009,20000,10006,20000,20000,10000,0.5358999967575073,6.149600028991699,4.85860013961792,10000,4.5783000000000245,5.6412,1,0.4453,0.1921,376832,15,15,4.6855,546616,0,0,38.679901123046875,31.4601993560791,12.274399757385254,12.714699745178223,1.0592999458312988,0.2865000069141388,0,0,0,0,0,0,0,0,0,0,0,0,0
77,137.1663055419922,16.153600692749023,70.03140258789062,12.985400199890137,14.30780029296875,15.223799705505371,34.89780044555664,2.721100091934204,10000,10009,20000,10006,20000,20000,10000,1.135200023651123,10.543299674987793,6.110499858856201,10000,1.8243999999998304,1.792,1,0.17670000000000002,0.0732,376832,15,15,2.018,8048,0,0,86.41010284423828,35.53419876098633,4.234799861907959,3.13100004196167,0.5516999959945679,0.21660000085830688,0.0196,0,0.2363,9.9188,10.6642,0.0007,0.8839,1,1283696,0,0,0,9995
78,107.24240112304688,0.5680000185966492,35.0088996887207,8.000699996948242,2.6245999336242676,4.640200138092041,27.149099349975586,1.214400053024292,10000,10009,20000,10006,20000,20000,10000,0.5271999835968018,7.224999904632568,5.316299915313721,10000,4.563200000000033,7.5942,1,0.6176,0.24819999999999998,376832,15,15,6.7597,7712,0,0,35.74599838256836,27.298200607299805,15.425000190734863,9.487099647521973,0.05810000002384186,0.38499999046325684,0,0,0,0,0,0,0,0,0,0,0,0,0
79,94.31279754638672,6.944499969482422,33.30149841308594,6.053699970245361,2.7597999572753906,3.8652000427246094,31.154699325561523,1.406499981880188,10000,10009,20000,10006,20000,20000,10000,0.5314000248908997,6.4679999351501465,5.882500171661377,10000,2.434299999999882,3.18,1,0.24139999999999998,0.1293,376832,15,15,3.9212,15952,0,0,40.5359001159668,31.30270004272461,6.660799980163574,5.1219000816345215,0.05550000071525574,0.3400000035762787,0,0,0,0,0,0,0,0,0,0,0,0,0
80,136.8527069091797,10.484000205993652,47.51940155029297,7.572700023651123,2.875499963760376,6.828100204467773,48.519798278808594,1.3121000528335571,10000,10009,20000,10006,20000,20000,10000,0.6622999906539917,15.800000190734863,6.1057000160217285,10000,3.7140000000002713,2.254,1,0.2405,0.15489999999999998,376832,15,15,4.4088,556272,0,0,58.27320098876953,50.1864013671875,5.196300029754639,6.473199844360352,1.5268000364303589,0.3100000023841858,0,0,0,0,0,0,0,0,0,0,0,0,0
81,134.37899780273438,24.023700714111328,71.81520080566406,10.255200386047363,10.753899574279785,19.536500930786133,24.841100692749023,2.785599946975708,10000,10009,20000,10006,20000,20000,10000,1.085800051689148,15.840499877929688,5.162199974060059,10000,1.8591999999998312,1.8243,1,0.1748,0.0803,376832,15,15,1.8218,58976,0,0,95.99759674072266,25.34269905090332,3.730299949645996,2.612499952316284,0.41350001096725464,0.16850000619888306,0.0165,0,0.2296,9.5406,16.0377,5.8319,1.6912,1,1336698,97143,10000,17212,9999
82,86.8646011352539,0.43639999628067017,28.439800262451172,5.080699920654297,1.8605999946594238,4.554599761962891,21.672500610351562,1.094099998474121,10000,10009,20000,10006,20000,20000,10000,0.5426999926567078,7.3993000984191895,3.9484000205993652,10000,3.9852999999999157,5.0782,1,0.364,0.1265,376832,15,15,4.267,7712,0,0,29.078699111938477,21.78969955444336,12.664299964904785,7.533100128173828,0.04540000110864639,0.5479999780654907,0,0,0,0,0,0,0,0,0,0,0,0,0
83,124.87999725341797,7.423799991607666,48.38169860839844,7.6072998046875,3.1435999870300293,4.47160005569458,29.595500946044922,1.4275000095367432,10000,10009,20000,10006,20000,20000,10000,0.6635000109672546,13.921699523925781,9.770999908447266,10000,5.219300000000741,5.8534,1,0.37449999999999994,0.28300000000000003,376832,15,15,6.2066,16112,0,0,56.19660186767578,29.72010040283203,9.732199668884277,7.298299789428711,0.056699998676776886,1.3282999992370605,0,0,0,0,0,0,0,0,0,0,0,0,0
84,113.44499969482422,7.761099815368652,37.20009994506836,6.95359992980957,2.9223999977111816,5.909900188446045,31.574800491333008,1.6116000413894653,10000,10009,20000,10006,20000,20000,10000,0.5999000072479248,7.658199787139893,5.422299861907959,10000,4.269200000000224,4.4385,1,0.18139999999999998,0.098,376832,15,15,3.8709,537752,0,0,45.19020080566406,32.56520080566406,10.094900131225586,11.601699829101562,0.9412000179290771,1.3991999626159668,0,0,0,0,0,0,0,0,0,0,0,0,0
85,151.3968963623047,47.51470184326172,76.18009948730469,22.01300048828125,18.440500259399414,8.496100425720215,14.373000144958496,2.073499917984009,10000,10009,20000,10006,20000,20000,10000,0.5976999998092651,4.546000003814697,11.034199714660645,10000,2.113099999999814,1.475,1,0.12869999999999998,0.0508,376832,15,15,1.4283,56208,0,0,123.91439819335938,14.831199645996094,3.3645999431610107,3.264400005340576,0.4318000078201294,0.2556000053882599,0.0214,9.255200386047363,0.2553,10.8934,25.7734,13.9391,1.4667,1,1404974,104790,10000,19233,9998
86,99.16960144042969,0.5418000221252441,23.41659927368164,5.268599987030029,1.6923999786376953,2.7242000102996826,16.702299118041992,1.427899956703186,10000,10009,20000,10006,20000,20000,10000,0.43650001287460327,4.248300075531006,4.015100002288818,10000,3.2277000000001745,4.2278,1,0.4971,0.1973,376832,15,15,6.068,7712,0,0,24.204500198364258,16.751800537109375,11.030699729919434,7.0680999755859375,0.018400000408291817,24.806800842285156,0,0,0,0,0,0,0,0,0,0,0,0,0
87,118.7072982788086,7.142199993133545,43.634498596191406,7.135900020599365,2.8701000213623047,7.132999897003174,37.6797981262207,2.6735000610351562,10000,10009,20000,10006,20000,20000,10000,1.2043999433517456,10.329899787902832,6.405099868774414,10000,4.789800000000497,3.4921,1,0.34369999999999995,0.13790000000000002,376832,15,15,5.6625,15952,0,0,51.13999938964844,37.74720001220703,9.355600357055664,3.991499900817871,0.020899999886751175,0.36809998750686646,0,0,0,0,0,0,0,0,0,0,0,0,0
88,123.69760131835938,3.614500045776367,42.06589889526367,9.390199661254883,4.2967000007629395,4.557499885559082,48.06949996948242,1.2762999534606934,10000,10009,20000,10006,20000,20000,10000,0.5532000064849854,8.143099784851074,6.56279993057251,10000,5.744400000000634,2.5965,1,0.3849,0.17259999999999998,376832,15,15,5.9472,7712,0,0,45.889801025390625,48.160301208496094,6.5817999839782715,2.915600061416626,0.026499999687075615,0.7290999889373779,0,0,0,0,0,0,0,0,0,0,0,0,0
89,110.86260223388672,6.007199764251709,37.66740036010742,6.342800140380859,2.6294000148773193,5.725599765777588,28.321300506591797,1.2654000520706177,10000,10009,20000,10006,20000,20000,10000,0.5702000260353088,7.86959981918335,7.0370001792907715,10000,3.731800000000023,4.95,1,0.2202,0.15860000000000002,376832,15,15,5.8464,530120,0,0,43.85200119018555,29.472400665283203,10.278499603271484,12.562199592590332,1.1003999710083008,0.34139999747276306,0,0,0,0,0,0,0,0,0,0,0,0,0
90,81.79930114746094,7.557400226593018,29.698299407958984,5.190000057220459,2.162100076675415,4.503900051116943,17.51959991455078,1.1304999589920044,10000,10009,20000,10006,20000,20000,10000,0.4839000105857849,6.549499988555908,4.8333001136779785,10000,2.7474000000001877,2.4971,1,0.2532,0.2177,376832,15,15,4.4846,54584,0,0,37.45140075683594,17.576099395751953,8.501199722290039,6.1041998863220215,0.019200000911951065,0.531499981880188,0,0,0,0,0,0,0,0,0,0,0,0,0
91,74.0333023071289,1.1160999536514282,37.191001892089844,8.623000144958496,4.026599884033203,3.8052000999450684,15.938400268554688,1.3437000513076782,10000,10009,20000,10006,20000,20000,10000,0.5097000002861023,6.442500114440918,7.2093000411987305,10000,2.508499999999986,2.3461,1,0.1617,0.0837,376832,15,15,2.7326,7712,0,0,38.6786994934082,15.990799903869629,5.7795000076293945,3.762700080871582,0.017899999395012856,0.35530000925064087,0,0,0,0,0,0,0,0,0,0,0,0,0
92,81.79640197753906,4.999300003051758,39.237300872802734,8.990099906921387,2.3810999393463135,4.2459001541137695,21.013200759887695,2.545300006866455,10000,10009,20000,10006,20000,20000,10000,0.5863999724388123,8.745599746704102,6.868800163269043,10000,2.370899999999894,2.0537,1,0.15139999999999998,0.0944,376832,15,15,2.9438,15952,0,0,44.47719955444336,21.07900047302246,4.423999786376953,3.4830000400543213,0.01640000008046627,0.3303000032901764,0,0,0,0,0,0,0,0,0,0,0,0,0
93,96.25060272216797,6.7829999923706055,34.06050109863281,6.764599800109863,1.9602999687194824,5.184800148010254,28.38599967956543,1.364300012588501,10000,10009,20000,10006,20000,20000,10000,0.5437999963760376,7.520999908447266,5.167799949645996,10000,3.4533000000005662,2.6682,1,0.20140000000000002,0.0893,376832,15,15,2.9006,545768,0,0,41.05270004272461,29.437400817871094,5.779699802398682,9.5177001953125,1.0029000043869019,0.30250000953674316,0,0,0,0,0,0,0,0,0,0,0,0,0
94,190.82960510253906,35.5614013671875,90.10970306396484,13.715999603271484,16.341800689697266,29.68910026550293,31.8351993560791,1.5219000577926636,10000,10009,20000,10006,20000,20000,10000,0.5719000101089478,10.942999839782715,9.55519962310791,10000,6.221300000000466,3.2883,1,0.352,0.1589,376832,15,15,3.8558,8048,0,0,125.92379760742188,33.052101135253906,10.399100303649902,4.466899871826172,1.145900011062622,0.3292999863624573,0.0237,0,0.3242,26.7124,27.8619,0.0015,1.4713,1,1468136,0,0,0,9995
95,75.72930145263672,0.580299973487854,32.26210021972656,5.404799938201904,2.0274999141693115,4.473999977111816,18.815900802612305,1.1531000137329102,10000,10009,20000,10006,20000,20000,10000,0.4860000014305115,7.4421000480651855,6.029799938201904,10000,4.083900000000305,2.8621,1,0.18030000000000002,0.09820000000000001,376832,15,15,3.518,7712,0,0,33.07419967651367,18.878799438476562,6.293600082397461,4.658899784088135,0.01979999989271164,0.3296000063419342,0,0,0,0,0,0,0,0,0,0,0,0,0
96,76.1792984008789,4.777500152587891,36.05590057373047,8.477700233459473,2.944999933242798,4.119800090789795,16.663400650024414,1.8087999820709229,10000,10009,20000,10006,20000,20000,10000,0.5827000141143799,4.843299865722656,7.1321001052856445,10000,2.5807000000000486,2.4343,1,0.1692,0.0925,376832,15,15,2.8872,15952,0,0,41.09939956665039,16.7189998626709,5.622600078582764,3.903599977493286,0.017999999225139618,0.46790000796318054,0,0,0,0,0,0,0,0,0,0,0,0,0
97,104.2750015258789,9.3193998336792,46.30849838256836,7.623899936676025,2.5134999752044678,7.3028998374938965,19.941699981689453,2.0708999633789062,10000,10009,20000,10006,20000,20000,10000,0.9277999997138977,10.774700164794922,7.27400016784668,10000,2.7630000000001287,2.7836,1,0.2167,0.14279999999999998,376832,15,15,3.8995,515872,0,0,55.964599609375,20.725799560546875,5.749199867248535,10.819999694824219,0.7342000007629395,0.3720000088214874,0,0,0,0,0,0,0,0,0,0,0,0,0
98,186.2624053955078,56.905799865722656,64.32620239257812,10.4483003616333,11.46619987487793,14.469799995422363,31.61709976196289,2.878999948501587,10000,10009,20000,10006,20000,20000,10000,1.1786999702453613,9.476900100708008,7.006999969482422,10000,3.6836000000003524,1.4468,1,0.2716,0.18109999999999998,376832,15,15,4.8169,66176,0,0,121.54429626464844,33.16640090942383,5.509799957275391,11.25059986114502,1.4859999418258667,0.25380000472068787,0.0279,0,0.3462,26.3187,44.4804,16.9912,1.3709,1,1548328,126396,10000,24768,9998
99,62.96630096435547,0.4733000099658966,22.51110076904297,5.784900188446045,1.8776999711990356,2.323899984359741,14.822799682617188,0.9958000183105469,10000,10009,20000,10006,20000,20000,10000,0.38909998536109924,3.7913999557495117,4.104400157928467,10000,2.2183999999998383,3.9871,1,0.30389999999999995,0.2247,376832,15,15,5.002,7712,0,0,23.134300231933594,14.871000289916992,9.484199523925781,5.129899978637695,0.017799999564886093,0.34360000491142273,0,0,0,0,0,0,0,0,0,0,0,0,0
100,86.73799896240234,5.904399871826172,42.46670150756836,8.263799667358398,3.110100030899048,7.191400051116943,16.50119972229004,2.267899990081787,10000,10009,20000,10006,20000,20000,10000,1.013700008392334,7.825200080871582,6.837699890136719,10000,2.300199999999874,2.6034,1,0.2064,0.1635,376832,15,15,3.8275,15952,0,0,48.59400177001953,16.562400817871094,7.165500164031982,3.574399948120117,0.019200000911951065,0.3481999933719635,0,0,0,0,0,0,0,0,0,0,0,0,0
101,99.0530014038086,8.397600173950195,42.782798767089844,10.78969955444336,3.126699924468994,6.526500225067139,20.18600082397461,1.4213000535964966,10000,10009,20000,10006,20000,20000,10000,0.597599983215332,8.127599716186523,6.070000171661377,10000,2.581700000000058,3.7621,1,0.17650000000000002,0.0975,376832,15,15,2.835,553304,0,0,51.39580154418945,21.013700485229492,7.80679988861084,9.891900062561035,0.777400016784668,0.46880000829696655,0,0,0,0,0,0,0,0,0,0,0,0,0
102,184.00540161132812,79.52850341796875,68.1415023803711,13.37660026550293,13.925800323486328,14.365099906921387,23.078399658203125,2.220900058746338,10000,10009,20000,10006,20000,20000,10000,1.2805999517440796,10.079400062561035,7.6097002029418945,10000,2.154599999999816,1.5207,1,0.1279,0.0547,376832,15,15,1.5771,74672,0,0,147.91400146484375,23.570499420166016,3.4214999675750732,2.888000011444092,0.45190000534057617,0.2231999933719635,0.0265,23.749500274658203,0.296,29.545,46.0798,15.6111,0.8643,1,1620612,133101,10000,26421,9996
103,80.45189666748047,0.5310999751091003,27.699199676513672,4.974999904632568,1.6926000118255615,4.565999984741211,20.47879981994629,1.1510000228881836,10000,10009,20000,10006,20000,20000,10000,0.703499972820282,7.020500183105469,4.0644001960754395,10000,4.538600000000499,5.1546,1,0.18379999999999996,0.0851,376832,15,15,4.5815,7712,0,0,28.40399932861328,20.550199508666992,10.61929988861084,6.362299919128418,0.02710000053048134,0.4959000051021576,0,0,0,0,0,0,0,0,0,0,0,0,0
104,115.24590301513672,6.547800064086914,43.45399856567383,7.315899848937988,3.5481998920440674,4.329500198364258,29.833099365234375,1.4158999919891357,10000,10009,20000,10006,20000,20000,10000,0.578000009059906,7.66540002822876,11.608599662780762,10000,3.5600000000006675,5.678,1,0.20190000000000002,0.0827,376832,15,15,4.1988,15952,0,0,50.40230178833008,29.90999984741211,14.207200050354004,8.351799964904785,0.024800000712275505,0.538100004196167,0,0,0,0,0,0,0,0,0,0,0,0,0
105,131.89089965820312,18.108999252319336,62.93370056152344,15.197400093078613,6.958600044250488,8.237199783325195,31.430200576782227,2.927299976348877,10000,10009,20000,10006,20000,20000,10000,0.6283000111579895,9.138799667358398,10.140000343322754,10000,2.3282999999998264,1.44,1,0.1503,0.0858,376832,15,15,2.3008,632248,0,0,81.45169830322266,32.602500915527344,3.3887999057769775,5.445000171661377,1.1211999654769897,0.19679999351501465,0,0,0,0,0,0,0,0,0,0,0,0,0
106,76.24320220947266,5.276299953460693,24.243799209594727,4.917799949645996,1.6390000581741333,3.4379000663757324,16.0762996673584,0.9740999937057495,10000,10009,20000,10006,20000,20000,10000,0.4004000127315521,5.808499813079834,3.708899974822998,10000,2.692200000000086,4.8718,1,0.2677,0.2081,376832,15,15,4.9978,84232,0,0,29.653799057006836,16.135799407958984,9.714500427246094,7.544899940490723,0.01979999989271164,0.6026999950408936,0,0,0,0,0,0,0,0,0,0,0,0,0
107,100.35540008544922,0.7075999975204468,43.44240188598633,12.483400344848633,3.5608999729156494,3.9293999671936035,18.8927001953125,1.3418999910354614,10000,10009,20000,10006,20000,20000,10000,0.5443999767303467,7.276700019836426,8.422800064086914,10000,5.15990000000051,3.7932,1,0.2358,0.19319999999999998,376832,15,15,5.7723,7712,0,0,44.471099853515625,18.958999633789062,12.211400032043457,6.158100128173828,0.026599999517202377,0.334199994802475,0,0,0,0,0,0,0,0,0,0,0,0,0
108,110.1614990234375,4.615300178527832,44.29999923706055,11.151599884033203,3.9135000705718994,5.0233001708984375,23.89389991760254,1.6437000036239624,10000,10009,20000,10006,20000,20000,10000,0.6256999969482422,8.152400016784668,6.9197998046875,10000,4.715900000000783,4.129,1,0.2132,0.1713,376832,15,15,6.6864,15952,0,0,49.150299072265625,23.95870018005371,10.75409984588623,7.485799789428711,0.01940000057220459,0.3790999948978424,0,0,0,0,0,0,0,0,0,0,0,0,0
109,139.84950256347656,12.18690013885498,60.70119857788086,8.447600364685059,3.57069993019104,9.530099868774414,36.529701232910156,4.562900066375732,10000,10009,20000,10006,20000,20000,10000,1.2914999723434448,14.50570011138916,8.674400329589844,10000,6.473800000000459,2.3925,1,0.17600000000000002,0.0875,376832,15,15,2.9276,450320,0,0,73.385498046875,37.6702995300293,6.253799915313721,6.574699878692627,1.0681999921798706,0.20090000331401825,0,0,0,0,0,0,0,0,0,0,0,0,0
110,126.99359893798828,17.870899200439453,72.34049987792969,13.837300300598145,15.092000007629395,15.286600112915039,23.38170051574707,3.113100051879883,10000,10009,20000,10006,20000,20000,10000,0.9800999760627747,11.601900100708008,5.946300029754639,10000,2.2021999999998227,1.4998,1,0.128,0.0533,376832,15,15,1.5397,8048,0,0,90.35050201416016,23.92449951171875,3.47760009765625,3.030400037765503,0.47850000858306885,0.20990000665187836,0.0307,0,0.1807,12.3285,12.8592,0.001,0.7883,1,1686142,0,0,0,9994
111,59.05870056152344,0.3474000096321106,22.200199127197266,5.064499855041504,2.025599956512451,2.3975000381469727,15.123200416564941,0.9908000230789185,10000,10009,20000,10006,20000,20000,10000,0.3783000111579895,3.763400077819824,4.337100028991699,10000,2.3531999999998914,3.1067,1,0.25839999999999996,0.1878,376832,15,15,4.1625,7712,0,0,22.690900802612305,15.18280029296875,7.440299987792969,4.01800012588501,0.018200000748038292,0.328900009393692,0,0,0,0,0,0,0,0,0,0,0,0,0
112,93.76809692382812,5.406499862670898,43.7864990234375,7.445700168609619,4.583399772644043,5.461299896240234,17.434200286865234,3.516700029373169,10000,10009,20000,10006,20000,20000,10000,0.9783999919891357,6.9004998207092285,6.715099811553955,10000,2.7579000000001925,4.1143,1,0.3068,0.1417,376832,15,15,3.5911,15952,0,0,49.416099548339844,17.512100219726562,8.776599884033203,6.138800144195557,0.019300000742077827,0.37130001187324524,0,0,0,0,0,0,0,0,0,0,0,0,0
113,111.54239654541016,9.850600242614746,53.225399017333984,10.585700035095215,4.453499794006348,7.933599948883057,19.22439956665039,3.2681000232696533,10000,10009,20000,10006,20000,20000,10000,1.1687999963760376,8.713800430297852,8.947400093078613,10000,2.7374000000001817,3.1517,1,0.22340000000000004,0.15239999999999998,376832,15,15,3.4139,590600,0,0,63.3120002746582,20.118900299072266,6.140699863433838,11.951199531555176,0.8454999923706055,0.5145999789237976,0,0,0,0,0,0,0,0,0,0,0,0,0
114,170.42239379882812,63.77880096435547,71.26190185546875,9.988900184631348,14.758500099182129,16.69379997253418,21.077999114990234,1.4043999910354614,10000,10009,20000,10006,20000,20000,10000,0.6412000060081482,10.795100212097168,10.89009952545166,10000,2.112699999999814,1.6684,1,0.1281,0.0465,376832,15,15,1.9125,71864,0,0,135.37010192871094,21.589099884033203,3.619499921798706,3.1910998821258545,0.4681999981403351,0.2524000108242035,0.0236,0,0.2623,34.1158,54.1722,19.0133,0.9045,1,1772568,157057,10000,32314,9999
115,118.07599639892578,0.3855000138282776,37.6682014465332,6.201600074768066,2.1791000366210938,5.775700092315674,50.509700775146484,1.698199987411499,10000,10009,20000,10006,20000,20000,10000,0.8693000078201294,9.93120002746582,4.967800140380859,10000,6.277200000000468,3.9408,1,0.3579,0.1471,376832,15,15,5.1416,7712,0,0,38.195499420166016,50.63059997558594,6.122099876403809,3.7990000247955322,0.03869999945163727,0.22859999537467957,0,0,0,0,0,0,0,0,0,0,0,0,0
116,123.11470031738281,3.9742000102996826,57.9005012512207,11.382100105285645,4.46589994430542,7.755099773406982,40.34939956665039,4.433700084686279,10000,10009,20000,10006,20000,20000,10000,1.0649000406265259,13.40530014038086,7.093599796295166,10000,2.720100000000124,2.141,1,0.1693,0.1129,376832,15,15,3.4317,15952,0,0,62.10020065307617,40.450401306152344,5.598100185394287,4.069900035858154,0.033799998462200165,0.24400000274181366,0,0,0,0,0,0,0,0,0,0,0,0,0
117,123.4291000366211,6.009099960327148,49.11050033569336,8.613100051879883,3.7330000400543213,9.812100410461426,44.392398834228516,3.4384000301361084,10000,10009,20000,10006,20000,20000,10000,1.375100016593933,8.700699806213379,6.64870023727417,10000,3.3330000000003066,1.5056,1,0.16749999999999998,0.10189999999999999,376832,15,15,3.3766,515192,0,0,55.266998291015625,45.459800720214844,5.225599765777588,6.97599983215332,1.0140999555587769,0.21729999780654907,0,0,0,0,0,0,0,0,0,0,0,0,0
118,156.898193359375,67.86389923095703,60.022098541259766,9.044500350952148,18.404600143432617,6.899199962615967,14.520899772644043,1.1753000020980835,10000,10009,20000,10006,20000,20000,10000,0.5924999713897705,4.108399868011475,12.274100303649902,10000,2.0954999999998147,1.8007,1,0.14150000000000001,0.0563,376832,15,15,1.892,79992,0,0,128.03509521484375,15.029600143432617,4.222400188446045,3.1364998817443848,0.484499990940094,0.24250000715255737,0.0253,13.410499572753906,0.256,19.6187,43.5285,22.6613,1.4172,1,1841812,159656,10000,33053,9998
119,98.94159698486328,0.4271000027656555,30.390300750732422,5.5055999755859375,2.498500108718872,3.7623000144958496,30.684999465942383,1.034500002861023,10000,10009,20000,10006,20000,20000,10000,0.6134999990463257,7.019700050354004,5.771900177001953,10000,6.725800000000513,5.2014,1,0.34400000000000003,0.1679,376832,15,15,6.5065,7712,0,0,30.956199645996094,30.76609992980957,8.818400382995605,5.935500144958496,0.027699999511241913,0.325300008058548,0,0,0,0,0,0,0,0,0,0,0,0,0
120,106.69529724121094,6.133500099182129,41.7864990234375,7.1605000495910645,3.7335000038146973,5.43179988861084,30.45669937133789,1.4426000118255615,10000,10009,20000,10006,20000,20000,10000,0.6169999837875366,8.890800476074219,8.597800254821777,10000,4.195600000000762,3.4838,1,0.18589999999999998,0.1071,376832,15,15,3.3862,15952,0,0,48.1968994140625,30.538400650024414,7.119699954986572,7.157599925994873,0.025499999523162842,1.6644999980926514,0,0,0,0,0,0,0,0,0,0,0,0,0
121,124.73380279541016,8.565699577331543,46.043399810791016,9.247200012207031,3.4565000534057617,8.892900466918945,47.125999450683594,1.5942000150680542,10000,10009,20000,10006,20000,20000,10000,0.6583999991416931,8.843400001525879,6.387700080871582,10000,2.6113999999999877,1.7273,1,0.18689999999999998,0.0995,376832,15,15,3.5833,534088,0,0,54.84320068359375,48.19129943847656,6.534900188446045,5.570300102233887,1.0019999742507935,0.210099995136261,0,0,0,0,0,0,0,0,0,0,0,0,0
122,114.88670349121094,6.508699893951416,45.17720031738281,11.171099662780762,4.210400104522705,4.307799816131592,35.27009963989258,1.3415000438690186,10000,10009,20000,10006,20000,20000,10000,0.6151999831199646,10.0246000289917,6.399400234222412,10000,4.323500000000253,4.1008,1,0.35250000000000004,0.2108,376832,15,15,4.3066,54568,0,0,51.849300384521484,35.35139846801758,9.280900001525879,3.802799940109253,0.02669999934732914,0.19609999656677246,0,0,0,0,0,0,0,0,0,0,0,0,0
123,111.45809936523438,0.36899998784065247,36.10240173339844,5.7221999168396,3.525399923324585,4.4969000816345215,42.802799224853516,1.9183000326156616,10000,10009,20000,10006,20000,20000,10000,0.7473000288009644,8.928400039672852,5.1118998527526855,10000,6.937100000000737,2.9621,1,0.5832999999999999,0.2173,376832,15,15,5.6014,7712,0,0,36.614601135253906,42.88249969482422,8.166000366210938,3.460099935531616,0.026599999517202377,0.2694000005722046,0,0,0,0,0,0,0,0,0,0,0,0,0
124,114.10320281982422,5.020500183105469,34.6077995300293,5.476799964904785,2.6777000427246094,4.512899875640869,36.750999450683594,1.2269999980926514,10000,10009,20000,10006,20000,20000,10000,0.5462999939918518,8.159799575805664,6.0121002197265625,10000,6.237900000000547,4.0969,1,0.2658,0.14700000000000002,376832,15,15,6.5334,15952,0,0,39.86690139770508,36.837100982666016,12.388299942016602,4.379199981689453,0.0272000003606081,0.22290000319480896,0,0,0,0,0,0,0,0,0,0,0,0,0
125,118.58450317382812,6.70389986038208,41.43320083618164,6.815400123596191,4.116000175476074,5.51669979095459,40.19219970703125,1.4960999488830566,10000,10009,20000,10006,20000,20000,10000,0.5656999945640564,9.041999816894531,7.731400012969971,10000,5.756400000000335,2.6738,1,0.38380000000000003,0.43189999999999995,376832,15,15,3.4836,578624,0,0,48.34199905395508,41.409400939941406,5.961100101470947,7.154799938201904,1.163100004196167,0.19949999451637268,0,0,0,0,0,0,0,0,0,0,0,0,0
126,141.71189880371094,20.480199813842773,92.72309875488281,23.493999481201172,29.413000106811523,12.45989990234375,14.372400283813477,3.0989999771118164,10000,10009,20000,10006,20000,20000,10000,0.9082000255584717,5.6743998527526855,9.607600212097168,10000,2.109699999999836,1.7656,1,0.18530000000000002,0.0655,376832,15,15,1.8828,8048,0,0,113.34839630126953,14.785300254821777,3.7716000080108643,3.1663999557495117,0.3887999951839447,0.29179999232292175,0.0086,0,0.2057,13.7227,14.314,0.0009,1.9388,1,1902608,0,0,0,9990
127,121.3279037475586,0.4293000102043152,37.30509948730469,8.523900032043457,2.983599901199341,4.689499855041504,55.63420104980469,1.6677000522613525,10000,10009,20000,10006,20000,20000,10000,0.7795000076293945,7.4583001136779785,4.810699939727783,10000,5.6939000000007995,2.1605,1,0.23020000000000002,0.14029999999999998,376832,15,15,5.0406,7712,0,0,37.89759826660156,55.73379898071289,4.916900157928467,2.9303998947143555,0.03460000082850456,0.2533999979496002,0,0,0,0,0,0,0,0,0,0,0,0,0
128,123.8740005493164,3.662400007247925,56.740699768066406,7.000899791717529,3.5915000438690186,9.632200241088867,40.13420104980469,3.8111000061035156,10000,10009,20000,10006,20000,20000,10000,1.274399995803833,15.775899887084961,7.792200088500977,10000,3.802400000000415,1.6779,1,0.19760000000000003,0.1606,376832,15,15,4.8694,15952,0,0,60.575801849365234,40.227901458740234,6.0640997886657715,2.5013999938964844,0.0272000003606081,0.20669999718666077,0,0,0,0,0,0,0,0,0,0,0,0,0
129,129.2281951904297,5.426499843597412,72.27880096435547,21.88170051574707,5.019000053405762,10.40250015258789,33.57440185546875,2.7202000617980957,10000,10009,20000,10006,20000,20000,10000,1.1009999513626099,15.065199851989746,7.741199970245361,10000,2.108999999999827,1.8813,1,0.1308,0.0557,376832,15,15,1.4945,488624,0,0,77.84190368652344,34.3047981262207,3.922499895095825,6.530099868774414,0.6765999794006348,0.21439999341964722,0,0,0,0,0,0,0,0,0,0,0,0,0
130,146.49159240722656,47.52360153198242,71.61070251464844,13.7322998046875,17.15049934387207,10.260199546813965,14.432900428771973,3.1178998947143555,10000,10009,20000,10006,20000,20000,10000,1.0891000032424927,6.513000011444092,12.135000228881836,10000,2.088199999999814,1.4121,1,0.13019999999999998,0.0521,376832,15,15,1.4435,39752,0,0,119.28189849853516,14.831999778747559,3.335900068283081,3.0713999271392822,0.37119999527931213,0.22139999270439148,0.0186,0,2.949,15.0482,39.1912,18.1257,1.2077,1,1990012,175596,10000,37805,9998
131,63.528099060058594,0.3312999904155731,22.133399963378906,5.038599967956543,1.9368000030517578,2.417799949645996,14.739800453186035,1.007599949836731,10000,10009,20000,10006,20000,20000,10000,0.36070001125335693,3.682300090789795,4.37529993057251,10000,2.46609999999998,4.0286,1,0.18319999999999997,0.10020000000000001,376832,15,15,3.8656,7712,0,0,22.601900100708008,14.784700393676758,8.769100189208984,6.146900177001953,0.017899999395012856,0.4878999888896942,0,0,0,0,0,0,0,0,0,0,0,0,0
132,97.84649658203125,6.499000072479248,42.471900939941406,11.17650032043457,2.852099895477295,4.076600074768066,23.049800872802734,1.386199951171875,10000,10009,20000,10006,20000,20000,10000,0.572700023651123,5.15910005569458,10.641900062561035,10000,3.675700000000004,2.5969,1,0.17889999999999998,0.0849,376832,15,15,3.2627,15952,0,0,49.29050064086914,23.106199264526367,6.764800071716309,7.4085001945495605,0.018300000578165054,0.4237000048160553,0,0,0,0,0,0,0,0,0,0,0,0,0
133,99.35350036621094,11.729399681091309,37.48249816894531,8.385700225830078,2.9482998847961426,4.869699954986572,22.663299560546875,1.71589994430542,10000,10009,20000,10006,20000,20000,10000,0.9961000084877014,4.6371002197265625,6.73360013961792,10000,2.7855000000002477,2.8559,1,0.179,0.0847,376832,15,15,3.7054,601104,0,0,49.5088996887207,23.893600463867188,6.7153000831604,9.289899826049805,1.191100001335144,0.3377000093460083,0,0,0,0,0,0,0,0,0,0,0,0,0
134,184.0823974609375,90.74739837646484,64.39910125732422,11.470199584960938,16.198299407958984,10.317000389099121,14.562899589538574,2.5708000659942627,10000,10009,20000,10006,20000,20000,10000,0.984000027179718,5.626999855041504,8.826600074768066,10000,2.198799999999824,1.5754,1,0.13,0.0497,376832,15,15,1.9821,61016,0,0,155.406005859375,15.101099967956543,3.612799882888794,3.210099935531616,0.5138000249862671,0.19539999961853027,0.0119,17.992599487304688,0.4385,35.5577,59.8445,23.3549,1.0604,1,2055408,173845,10000,37088,9999
135,76.54979705810547,0.3991999924182892,24.843599319458008,5.058000087738037,2.158099889755249,2.8252999782562256,17.17289924621582,1.4622999429702759,10000,10009,20000,10006,20000,20000,10000,0.42570000886917114,3.969099998474121,4.965799808502197,10000,3.1089000000002476,4.3293,1,0.36090000000000005,0.1739,376832,15,15,6.8199,7712,0,0,25.388500213623047,17.233400344848633,12.054800033569336,6.694900035858154,0.019899999722838402,0.49790000915527344,0,0,0,0,0,0,0,0,0,0,0,0,0
136,99.61689758300781,4.799200057983398,40.982398986816406,8.185700416564941,4.517099857330322,4.27209997177124,26.009899139404297,1.3849999904632568,10000,10009,20000,10006,20000,20000,10000,0.5539000034332275,7.850800037384033,7.755499839782715,10000,4.444200000000176,3.5808,1,0.1837,0.095,376832,15,15,3.5748,15952,0,0,46.1150016784668,26.07379913330078,8.098299980163574,6.239200115203857,0.020600000396370888,0.4034000039100647,0,0,0,0,0,0,0,0,0,0,0,0,0
137,127.29519653320312,11.22659969329834,40.3760986328125,7.330100059509277,3.726099967956543,5.770500183105469,22.680299758911133,1.3244999647140503,10000,10009,20000,10006,20000,20000,10000,0.6328999996185303,6.9653000831604,8.510899543762207,10000,4.938400000000546,6.5206,1,0.3955,0.19490000000000002,376832,15,15,6.1262,483240,0,0,51.82490158081055,23.634899139404297,16.319700241088867,16.320100784301758,0.9143000245094299,1.1266000270843506,0,0,0,0,0,0,0,0,0,0,0,0,0
138,112.49849700927734,9.09179973602295,38.39680099487305,6.347400188446045,2.52239990234375,4.528900146484375,35.56489944458008,2.2397000789642334,10000,10009,20000,10006,20000,20000,10000,1.177299976348877,9.785799980163574,6.305500030517578,10000,2.803200000000252,4.08,1,0.259,0.2057,376832,15,15,7.3039,49792,0,0,47.816200256347656,35.630401611328125,10.446900367736816,4.313899993896484,0.019200000911951065,0.31610000133514404,0,0,0,0,0,0,0,0,0,0,0,0,0
139,111.57440185546875,0.40869998931884766,32.62419891357422,5.539000034332275,2.4203999042510986,4.156300067901611,39.106300354003906,1.1103999614715576,10000,10009,20000,10006,20000,20000,10000,0.4950000047683716,8.761300086975098,5.719200134277344,10000,5.45010000000083,4.5109,1,0.3737,0.17270000000000002,376832,15,15,7.3816,7712,0,0,33.230201721191406,39.20100021362305,12.666199684143066,5.179200172424316,0.026200000196695328,0.3212999999523163,0,0,0,0,0,0,0,0,0,0,0,0,0
140,89.9657974243164,4.102799892425537,33.80690002441406,5.703999996185303,4.202099800109863,3.562700033187866,24.372699737548828,1.3025000095367432,10000,10009,20000,10006,20000,20000,10000,0.460999995470047,6.010200023651123,7.203700065612793,10000,3.9758000000006697,2.8845,1,0.19090000000000001,0.0833,376832,15,15,4.7948,15952,0,0,38.12810134887695,24.431100845336914,7.537799835205078,6.3592000007629395,0.02019999921321869,0.5216000080108643,0,0,0,0,0,0,0,0,0,0,0,0,0
141,117.76470184326172,11.477100372314453,44.76190185546875,8.154600143432617,3.793100118637085,8.70110034942627,33.273101806640625,1.469099998474121,10000,10009,20000,10006,20000,20000,10000,1.0907000303268433,8.56779956817627,7.138000011444092,10000,3.1321000000004213,3.9745,1,0.1802,0.098,376832,15,15,3.8279,548408,0,0,56.59939956665039,34.21989822387695,7.18179988861084,9.014800071716309,0.8966000080108643,0.274399995803833,0,0,0,0,0,0,0,0,0,0,0,0,0
142,132.481201171875,25.032100677490234,77.2698974609375,13.5826997756958,16.347000122070312,13.026200294494629,16.010900497436523,3.5032999515533447,10000,10009,20000,10006,20000,20000,10000,0.9775999784469604,12.076600074768066,9.512999534606934,10000,2.159199999999846,1.5563,1,0.1349,0.050699999999999995,376832,15,15,1.8154,8048,0,0,102.5114974975586,16.508800506591797,3.735599994659424,3.0048000812530518,0.45559999346733093,0.23829999566078186,0.0105,0,0.2212,16.1813,16.8932,0.0011,1.5992,1,2113712,0,0,0,9990
143,63.379398345947266,0.3562000095844269,25.403400421142578,4.979300022125244,2.3115999698638916,2.6614999771118164,17.213699340820312,1.097100019454956,10000,10009,20000,10006,20000,20000,10000,0.35589998960494995,4.969799995422363,5.530900001525879,10000,2.516000000000005,2.6548,1,0.2359,0.1652,376832,15,15,3.7137,7712,0,0,25.90329933166504,17.28860092163086,6.247499942779541,4.107800006866455,0.03290000185370445,0.4925000071525574,0,0,0,0,0,0,0,0,0,0,0,0,0
144,108.84539794921875,5.175600051879883,48.067100524902344,12.056500434875488,3.545099973678589,4.763500213623047,27.551599502563477,1.527899980545044,10000,10009,20000,10006,20000,20000,10000,0.5964999794960022,7.704599857330322,11.228099822998047,10000,3.743700000000759,2.9883,1,0.23260000000000003,0.268,376832,15,15,4.152,15952,0,0,53.55459976196289,27.620800018310547,8.251899719238281,6.674600124359131,0.025200000032782555,0.5356000065803528,0,0,0,0,0,0,0,0,0,0,0,0,0
145,153.60130310058594,19.639299392700195,63.01179885864258,7.2652997970581055,4.1743998527526855,13.074899673461914,46.915401458740234,1.3741999864578247,10000,10009,20000,10006,20000,20000,10000,0.6647999882698059,16.526599884033203,12.402799606323242,10000,2.388199999999836,1.5008,1,0.2087,0.1532,376832,15,15,4.1845,434392,0,0,82.96179962158203,47.61040115356445,4.961900234222412,6.702700138092041,0.6269999742507935,0.26080000400543213,0,0,0,0,0,0,0,0,0,0,0,0,0
146,166.98060607910156,115.25180053710938,31.393800735473633,5.214900016784668,7.2870001792907715,5.9847002029418945,10.892999649047852,1.1193000078201294,10000,10009,20000,10006,20000,20000,10000,0.436599999666214,2.8348000049591064,5.176799774169922,10000,1.4399999999998678,1.004,1,0.0906,0.048799999999999996,376832,15,15,1.178,33336,0,0,146.80259704589844,11.265399932861328,2.233299970626831,2.283400058746338,0.3508000075817108,0.17409999668598175,0.009,7.833499908447266,0.1729,24.2604,49.5224,24.0606,0.9578,1,2205418,188205,10000,40720,9998
147,64.98750305175781,0.27090001106262207,22.219999313354492,4.957099914550781,2.2846999168395996,2.7762999534606934,15.956399917602539,0.9861999750137329,10000,10009,20000,10006,20000,20000,10000,0.43220001459121704,3.898099899291992,3.9335999488830566,10000,2.5347000000000284,3.5809,1,0.2328,0.1276,376832,15,15,4.5765,7712,0,0,22.60849952697754,16.000600814819336,7.723899841308594,5.598400115966797,0.017500000074505806,1.5125000476837158,0,0,0,0,0,0,0,0,0,0,0,0,0
148,95.28780364990234,4.7967000007629395,46.42070007324219,10.461199760437012,4.813499927520752,4.713699817657471,19.275800704956055,2.73799991607666,10000,10009,20000,10006,20000,20000,10000,0.775600016117096,7.9644999504089355,7.7743000984191895,10000,3.0313000000002366,3.6675,1,0.31210000000000004,0.2319,376832,15,15,5.734,15952,0,0,51.44240188598633,19.355300903320312,6.995699882507324,4.727099895477295,0.018799999728798866,0.44179999828338623,0,0,0,0,0,0,0,0,0,0,0,0,0
149,145.06829833984375,36.95289993286133,42.42890167236328,7.466400146484375,4.04640007019043,6.073200225830078,32.19350051879883,1.4071999788284302,10000,10009,20000,10006,20000,20000,10000,0.6021000146865845,7.877099990844727,8.960800170898438,10000,4.525300000000626,3.1599,1,0.239,0.0997,376832,15,15,4.5326,529048,0,0,79.71219635009766,33.322200775146484,7.32919979095459,10.59529972076416,1.0743999481201172,0.3156000077724457,0,0,0,0,0,0,0,0,0,0,0,0,0
150,155.95050048828125,87.16850280761719,41.701499938964844,5.250199794769287,12.379400253295898,5.88730001449585,14.315600395202637,1.07669997215271,10000,10009,20000,10006,20000,20000,10000,0.4032000005245209,3.6215999126434326,8.683699607849121,10000,2.109999999999814,1.2912,1,0.14379999999999998,0.0684,376832,15,15,1.5759,50840,0,0,129.07699584960938,14.850000381469727,3.1610000133514404,2.664099931716919,0.511900007724762,0.20080000162124634,0.0099,7.4984002113342285,0.2009,28.2676,53.2569,24.0708,0.9092,1,2262562,183306,10000,40007,10000
151,60.71329879760742,0.2685999870300293,21.446199417114258,4.856100082397461,1.8128000497817993,2.3784000873565674,14.56089973449707,0.9779000282287598,10000,10009,20000,10006,20000,20000,10000,0.37290000915527344,4.06850004196167,3.9746999740600586,10000,2.111599999999818,5.3275,1,0.236,0.1527,376832,15,15,5.3002,7712,0,0,21.881000518798828,14.627699851989746,8.146900177001953,3.9711999893188477,0.02710000053048134,0.33230000734329224,0,0,0,0,0,0,0,0,0,0,0,0,0
152,99.98100280761719,4.96589994430542,43.18579864501953,7.906099796295166,4.688700199127197,6.748199939727783,17.422199249267578,1.4916000366210938,10000,10009,20000,10006,20000,20000,10000,0.7376999855041504,8.0802001953125,7.565700054168701,10000,2.8611000000001736,4.716,1,0.272,0.1727,376832,15,15,5.3556,15952,0,0,48.37310028076172,17.491899490356445,11.679699897766113,7.299499988555908,0.021199999377131462,1.285599946975708,0,0,0,0,0,0,0,0,0,0,0,0,0
153,167.75660705566406,10.17650032043457,51.343299865722656,12.171799659729004,6.169899940490723,6.423600196838379,18.143600463867188,1.4728000164031982,10000,10009,20000,10006,20000,20000,10000,0.5824000239372253,7.9980998039245605,9.472800254821777,10000,2.7128000000001617,3.6984,1,0.2566,0.1558,376832,15,15,5.631,529464,0,0,61.7781982421875,18.957000732421875,13.602399826049805,60.84590148925781,0.7641000151634216,0.2190999984741211,0,0,0,0,0,0,0,0,0,0,0,0,0
154,123.77570343017578,5.547800064086914,30.447099685668945,5.3628997802734375,2.0936999320983887,3.9058001041412354,38.03499984741211,1.1323000192642212,10000,10009,20000,10006,20000,20000,10000,0.570900022983551,8.405400276184082,4.65369987487793,10000,7.2149000000008074,9.5997,1,0.49030000000000007,0.22089999999999999,376832,15,15,8.1997,50752,0,0,36.13779830932617,38.13949966430664,18.56290054321289,4.739099979400635,0.034699998795986176,0.2425999939441681,0,0,0,0,0,0,0,0,0,0,0,0,0
155,153.2592010498047,0.45249998569488525,80.65450286865234,18.516799926757812,5.609099864959717,11.199199676513672,46.447601318359375,4.430600166320801,10000,10009,20000,10006,20000,20000,10000,1.4571000337600708,23.1481990814209,7.2993998527526855,10000,2.819000000000148,1.891,1,0.178,0.06369999999999999,376832,15,15,1.8233,7712,0,0,81.28170013427734,46.528900146484375,4.509200096130371,3.0095999240875244,0.01600000075995922,8.96679973602295,0,0,0,0,0,0,0,0,0,0,0,0,0
156,145.82040405273438,4.051400184631348,58.7577018737793,10.563300132751465,4.310400009155273,11.387100219726562,60.9640998840332,2.9316999912261963,10000,10009,20000,10006,20000,20000,10000,1.6141999959945679,17.674800872802734,4.748799800872803,10000,2.5833000000000474,2.3883,1,0.1814,0.08779999999999999,376832,15,15,2.1511,15952,0,0,62.979400634765625,61.058799743652344,7.050600051879883,3.188699960708618,0.026000000536441803,2.6103999614715576,0,0,0,0,0,0,0,0,0,0,0,0,0
157,160.7740936279297,8.208700180053711,88.29329681396484,22.03849983215332,7.825300216674805,21.01420021057129,29.409299850463867,3.668299913406372,10000,10009,20000,10006,20000,20000,10000,1.5297000408172607,14.529800415039062,8.29800033569336,10000,2.3642999999999224,1.55,1,0.1603,0.0528,376832,15,15,1.5776,557664,0,0,96.66729736328125,29.924699783325195,3.7356998920440674,6.075900077819824,0.4674000144004822,17.767799377441406,0,0,0,0,0,0,0,0,0,0,0,0,0
158,166.74899291992188,59.3671989440918,78.46369934082031,13.782899856567383,24.373600006103516,8.149399757385254,16.699899673461914,1.5149999856948853,10000,10009,20000,10006,20000,20000,10000,1.8387999534606934,4.817599773406982,15.290300369262695,10000,1.908299999999824,1.328,1,0.1281,0.044700000000000004,376832,15,15,1.5762,8048,0,0,137.94590759277344,17.062999725341797,2.9925999641418457,2.907399892807007,0.3384000062942505,0.17149999737739563,0.0063,0,0.3145,49.9785,51.5563,0.0009,1.4684,1,2311294,0,0,0,9989
159,111.85189819335938,0.3361999988555908,28.256900787353516,7.409599781036377,2.2939000129699707,3.0771000385284424,44.39149856567383,1.3585000038146973,10000,10009,20000,10006,20000,20000,10000,0.8162000179290771,4.933899879455566,4.639699935913086,10000,6.555600000000943,4.9864,1,0.5066,0.1492,376832,15,15,7.2062,7712,0,0,28.71969985961914,44.46269989013672,12.000800132751465,5.469299793243408,0.02669999934732914,0.36730000376701355,0,0,0,0,0,0,0,0,0,0,0,0,0
160,122.1176986694336,6.218699932098389,56.28219985961914,10.021300315856934,5.160999774932861,7.805099964141846,45.22930145263672,4.113699913024902,10000,10009,20000,10006,20000,20000,10000,2.594099998474121,10.71720027923584,9.029500007629395,10000,2.1036999999998245,1.4786,1,0.1419,0.0622,376832,15,15,1.8705,15952,0,0,62.74340057373047,45.30329895019531,3.3278000354766846,2.572000026702881,0.022099999710917473,0.19429999589920044,0,0,0,0,0,0,0,0,0,0,0,0,0
161,127.50479888916016,5.645599842071533,54.977699279785156,7.520899772644043,3.0336999893188477,9.772899627685547,47.83489990234375,1.5074000358581543,10000,10009,20000,10006,20000,20000,10000,2.780400037765503,18.611099243164062,5.593100070953369,10000,2.455699999999954,1.6434,1,0.2076,0.058899999999999994,376832,15,15,1.6645,576936,0,0,60.76219940185547,48.712398529052734,3.973900079727173,6.88640022277832,0.8213000297546387,0.24619999527931213,0,0,0,0,0,0,0,0,0,0,0,0,0
162,148.47740173339844,62.6879997253418,59.40909957885742,8.34060001373291,18.24690055847168,6.856299877166748,14.410099983215332,1.1710000038146973,10000,10009,20000,10006,20000,20000,10000,0.39660000801086426,3.817500114440918,13.176899909973145,10000,2.04299999999982,1.1839,1,0.1162,0.0535,376832,15,15,1.466,44048,0,0,122.2571029663086,14.852299690246582,2.597100019454956,2.9131999015808105,0.41819998621940613,0.19200000166893005,0.0096,0,0.248,23.9011,50.4403,25.2126,2.3455,1,2400010,195621,10000,42927,9998
163,61.467098236083984,0.2603999972343445,25.308900833129883,5.2820000648498535,3.087399959564209,3.2876999378204346,14.830499649047852,0.9983000159263611,10000,10009,20000,10006,20000,20000,10000,0.447299987077713,4.423099994659424,4.540599822998047,10000,2.3224999999998923,2.6511,1,0.2096,0.1447,376832,15,15,3.5987,7712,0,0,25.704200744628906,14.879300117492676,7.787799835205078,3.8408000469207764,0.01899999938905239,0.6486999988555908,0,0,0,0,0,0,0,0,0,0,0,0,0
164,114.58830261230469,6.145999908447266,45.86690139770508,8.043499946594238,4.3643999099731445,4.242000102996826,25.026599884033203,1.4023000001907349,10000,10009,20000,10006,20000,20000,10000,0.5681999921798706,8.481900215148926,11.360199928283691,10000,5.213100000000685,4.466,1,0.3332,0.15589999999999998,376832,15,15,5.5745,15952,0,0,52.31890106201172,25.241199493408203,10.7253999710083,7.732100009918213,0.1574999988079071,0.5264999866485596,0,0,0,0,0,0,0,0,0,0,0,0,0
165,113.8198013305664,10.29539966583252,45.44419860839844,7.9842000007629395,5.399099826812744,5.262800216674805,17.831100463867188,1.5735000371932983,10000,10009,20000,10006,20000,20000,10000,0.5741999745368958,6.8520002365112305,11.039600372314453,10000,2.6742000000001487,6.0466,1,0.2349,0.1597,376832,15,15,5.3726,639192,0,0,56.07720184326172,18.760700225830078,12.418499946594238,12.842100143432617,0.888700008392334,0.5223000049591064,0,0,0,0,0,0,0,0,0,0,0,0,0
166,169.9738006591797,95.17130279541016,47.57849884033203,6.551400184631348,10.166099548339844,6.43720006942749,14.973600387573242,1.0672999620437622,10000,10009,20000,10006,20000,20000,10000,0.45969998836517334,3.997299909591675,13.146100044250488,10000,1.7977999999998353,1.5273,1,0.10990000000000001,0.0485,376832,15,15,1.3591,45320,0,0,143.05799865722656,15.448800086975098,3.0743000507354736,3.0213000774383545,0.44589999318122864,0.18780000507831573,0.0157,10.112799644470215,0.4886,40.792,69.2417,26.9412,2.3055,1,2442850,189728,10000,41579,9999
167,100.32520294189453,0.3093999922275543,32.51390075683594,6.057300090789795,3.964600086212158,4.241399765014648,24.36240005493164,1.0273000001907349,10000,10009,20000,10006,20000,20000,10000,0.6176999807357788,7.824399948120117,5.031799793243408,10000,6.133700000000545,5.7077,1,0.4424,0.1713,376832,15,15,5.3866,7712,0,0,32.964900970458984,24.4424991607666,15.520099639892578,7.894100189208984,0.026499999687075615,0.5949000120162964,0,0,0,0,0,0,0,0,0,0,0,0,0
168,126.53269958496094,6.100299835205078,80.22699737548828,24.07740020751953,7.061500072479248,8.789199829101562,26.498600006103516,4.4558000564575195,10000,10009,20000,10006,20000,20000,10000,1.3871999979019165,15.88379955291748,8.154399871826172,10000,2.147899999999824,1.576,1,0.1554,0.06459999999999999,376832,15,15,1.8493,15952,0,0,86.70390319824219,26.562700271606445,3.498300075531006,2.841599941253662,0.012400000356137753,0.19979999959468842,0,0,0,0,0,0,0,0,0,0,0,0,0
169,102.99259948730469,5.212900161743164,33.436100006103516,6.100599765777588,2.688199996948242,5.10260009765625,25.0757999420166,1.2793999910354614,10000,10009,20000,10006,20000,20000,10000,0.5831000208854675,7.919400215148926,4.701000213623047,10000,5.497100000000547,3.2054,1,0.19179999999999997,0.1123,376832,15,15,3.4424,574648,0,0,38.788299560546875,26.241300582885742,9.271200180053711,12.96720027923584,1.114400029182434,0.3467000126838684,0,0,0,0,0,0,0,0,0,0,0,0,0
170,110.82710266113281,9.854499816894531,43.5442008972168,7.455900192260742,4.088200092315674,5.572400093078613,31.22010040283203,2.5804998874664307,10000,10009,20000,10006,20000,20000,10000,0.5983999967575073,9.944999694824219,7.189599990844727,10000,4.302800000000234,4.0451,1,0.2899,0.1543,376832,15,15,4.6717,42560,0,0,53.6349983215332,31.284299850463867,7.008500099182129,3.204699993133545,0.020899999886751175,0.22100000083446503,0,0,0,0,0,0,0,0,0,0,0,0,0
171,86.43280029296875,0.42489999532699585,31.021900177001953,5.294899940490723,2.6377999782562256,4.220399856567383,25.109399795532227,1.1412999629974365,10000,10009,20000,10006,20000,20000,10000,0.5167999863624573,7.055200099945068,5.186999797821045,10000,3.8767000000002945,3.0787,1,0.3454,0.1627,376832,15,15,4.9617,7712,0,0,31.602699279785156,25.184600830078125,8.98169994354248,6.293300151824951,0.022299999371170998,0.3375000059604645,0,0,0,0,0,0,0,0,0,0,0,0,0
172,122.52120208740234,6.4217000007629395,49.79560089111328,7.17140007019043,4.7932000160217285,7.4116997718811035,31.69890022277832,2.220900058746338,10000,10009,20000,10006,20000,20000,10000,1.1699999570846558,10.106300354003906,9.441399574279785,10000,9.101900000001132,3.5885,1,0.38559999999999994,0.1539,376832,15,15,4.5651,15952,0,0,56.45029830932617,31.787500381469727,8.704299926757812,4.756400108337402,0.027400000020861626,0.2736999988555908,0,0,0,0,0,0,0,0,0,0,0,0,0
173,114.81929779052734,8.859600067138672,40.0343017578125,8.256400108337402,2.8304998874664307,5.066100120544434,30.92930030822754,1.2455999851226807,10000,10009,20000,10006,20000,20000,10000,0.5899999737739563,8.51830005645752,7.442299842834473,10000,6.148900000000439,2.2445,1,0.41070000000000007,0.13749999999999998,376832,15,15,4.6291,550192,0,0,49.09920120239258,31.79490089416504,6.545100212097168,7.990699768066406,0.8187000155448914,0.1973000019788742,0,0,0,0,0,0,0,0,0,0,0,0,0
174,137.8560028076172,25.324199676513672,85.16320037841797,16.096599578857422,19.32859992980957,15.300800323486328,14.369400024414062,3.8931000232696533,10000,10009,20000,10006,20000,20000,10000,1.190999984741211,7.312399864196777,12.80679988861084,10000,2.0973999999998165,1.5263,1,0.1557,0.0542,376832,15,15,1.5125,8048,0,0,110.62889862060547,14.86929988861084,3.4217000007629395,2.872499942779541,0.4666999876499176,0.19990000128746033,0.0083,0,0.1879,16.4348,17.0515,0.0012,1.9389,1,2477142,0,0,0,9988
175,71.8478012084961,0.3366999924182892,27.68400001525879,4.875800132751465,1.8973000049591064,5.042699813842773,17.2987003326416,0.9879000186920166,10000,10009,20000,10006,20000,20000,10000,0.41990000009536743,6.20959997177124,5.015699863433838,10000,2.7680000000002014,3.9135,1,0.1813,0.1016,376832,15,15,3.5316,7712,0,0,28.157400131225586,17.36319923400879,10.074999809265137,6.332600116729736,0.018400000408291817,0.5343999862670898,0,0,0,0,0,0,0,0,0,0,0,0,0
176,120.38790130615234,6.624599933624268,54.91529846191406,9.651700019836426,7.063799858093262,4.53980016708374,30.520000457763672,1.5176000595092773,10000,10009,20000,10006,20000,20000,10000,0.6984999775886536,10.865900039672852,12.377400398254395,10000,4.028000000000327,3.3102,1,0.3635,0.1351,376832,15,15,4.7818,15952,0,0,61.84109878540039,30.589799880981445,8.957200050354004,4.239200115203857,0.019999999552965164,0.47749999165534973,0,0,0,0,0,0,0,0,0,0,0,0,0
177,130.91290283203125,10.263099670410156,76.28189849853516,22.202299118041992,4.396900177001953,11.531900405883789,28.170499801635742,2.7964999675750732,10000,10009,20000,10006,20000,20000,10000,1.1028000116348267,16.936399459838867,8.877799987792969,10000,2.0957999999998163,1.3867,1,0.1287,0.0532,376832,15,15,1.486,590128,0,0,86.88849639892578,28.98900032043457,3.269200086593628,5.658899784088135,0.7506999969482422,0.2198999971151352,0,0,0,0,0,0,0,0,0,0,0,0,0
178,133.2364044189453,36.222801208496094,67.5958023071289,10.452300071716309,14.38860034942627,13.133099555969238,15.114100456237793,1.6441999673843384,10000,10009,20000,10006,20000,20000,10000,1.1110999584197998,12.37399959564209,7.336599826812744,10000,2.363099999999834,1.5288,1,0.13069999999999998,0.054099999999999995,376832,15,15,1.7111,34544,0,0,103.95909881591797,15.700400352478027,4.045100212097168,2.939300060272217,0.5493999719619751,0.20319999754428864,0.0096,0,0.3248,17.2151,28.9323,11.0045,1.7217,1,2542402,199139,10000,43652,9998
179,82.14849853515625,0.3368000090122223,26.968299865722656,5.134200096130371,2.7047998905181885,2.824199914932251,17.130399703979492,1.0149999856948853,10000,10009,20000,10006,20000,20000,10000,0.4968999922275543,5.561800003051758,5.855800151824951,10000,2.4414000000000096,6.4415,1,0.2883,0.26039999999999996,376832,15,15,7.3556,7712,0,0,27.49180030822754,17.199399948120117,12.984100341796875,8.841099739074707,0.02019999921321869,0.5559999942779541,0,0,0,0,0,0,0,0,0,0,0,0,0
180,141.12319946289062,10.11340045928955,86.95970153808594,23.813199996948242,7.539000034332275,7.0559000968933105,29.432100296020508,4.370800018310547,10000,10009,20000,10006,20000,20000,10000,1.2188999652862549,15.304900169372559,14.717000007629395,10000,1.8451999999998254,2.2126,1,0.1109,0.0494,376832,15,15,1.3958,15952,0,0,97.46499633789062,29.51959991455078,4.3684000968933105,3.388400077819824,0.023800000548362732,0.529699981212616,0,0,0,0,0,0,0,0,0,0,0,0,0
181,118.6332015991211,5.224899768829346,35.515098571777344,6.543300151824951,4.047999858856201,6.060999870300293,35.31850051879883,1.1748000383377075,10000,10009,20000,10006,20000,20000,10000,0.4657000005245209,6.97790002822876,5.125,10000,3.3556000000004347,1.5141,1,0.2143,0.1473,376832,15,15,4.7359,602512,1,0,40.872398376464844,53.404598236083984,5.020100116729736,5.511199951171875,18.031099319458008,0.21850000321865082,0,0,0,0,0,0,0,0,0,0,0,0,0
182,150.7572021484375,78.97889709472656,46.56760025024414,5.697700023651123,13.384400367736816,5.44189977645874,14.272000312805176,0.984499990940094,10000,10009,20000,10006,20000,20000,10000,0.37439998984336853,3.7121999263763428,10.163299560546875,10000,1.6071999999998539,1.3216,1,0.09759999999999999,0.0479,376832,15,15,1.3545,63048,0,0,125.78849792480469,14.755900382995605,2.765199899673462,2.4693000316619873,0.45840001106262207,0.2020999938249588,0.0097,7.885799884796143,0.1764,35.9253,60.0911,22.8146,1.731,1,2570616,193004,10000,42252,9996
183,79.33419799804688,0.34209999442100525,24.215299606323242,5.0725998878479,2.7641000747680664,2.3541998863220215,17.10740089416504,1.5062999725341797,10000,10009,20000,10006,20000,20000,10000,0.42809998989105225,3.891200065612793,4.924099922180176,10000,2.9677000000003235,5.7816,1,0.3673,0.20900000000000002,376832,15,15,7.0789,7712,0,0,24.695999145507812,17.170299530029297,13.59689998626709,7.75570011138916,0.025800000876188278,0.53329998254776,0,0,0,0,0,0,0,0,0,0,0,0,0
184,112.46009826660156,7.3927998542785645,41.65079879760742,6.785099983215332,4.273799896240234,4.03249979019165,32.35409927368164,1.3202999830245972,10000,10009,20000,10006,20000,20000,10000,0.6388999819755554,8.164600372314453,9.410699844360352,10000,5.706300000000486,2.6482,1,0.37239999999999995,0.1894,376832,15,15,4.9096,15952,0,0,49.3557014465332,32.43360137939453,7.708199977874756,5.082900047302246,0.02070000022649765,0.3034000098705292,0,0,0,0,0,0,0,0,0,0,0,0,0
185,126.82710266113281,10.911600112915039,60.97869873046875,9.581700325012207,5.014999866485596,8.061200141906738,31.406700134277344,4.604400157928467,10000,10009,20000,10006,20000,20000,10000,0.642300009727478,15.729700088500977,8.633999824523926,10000,3.260200000000233,1.7607,1,0.18219999999999997,0.08,376832,15,15,2.9157,595160,0,0,72.1177978515625,32.82270050048828,6.146399974822998,5.850800037384033,1.3581000566482544,0.22370000183582306,0,0,0,0,0,0,0,0,0,0,0,0,0
186,86.50260162353516,5.437300205230713,31.831600189208984,6.198299884796143,2.834700107574463,3.7762999534606934,18.712299346923828,1.2131999731063843,10000,10009,20000,10006,20000,20000,10000,0.46239998936653137,7.457300186157227,5.254300117492676,10000,6.037400000000771,3.3122,1,0.18419999999999997,0.0971,376832,15,15,3.8878,43848,0,0,37.41230010986328,18.783100128173828,9.083900451660156,4.715000152587891,0.02539999969303608,0.353300005197525,0,0,0,0,0,0,0,0,0,0,0,0,0
187,94.15969848632812,0.4964999854564667,40.62739944458008,6.726900100708008,3.4035000801086426,4.330900192260742,25.452899932861328,1.3284000158309937,10000,10009,20000,10006,20000,20000,10000,0.5548999905586243,7.797699928283691,10.547800064086914,10000,3.90370000000024,3.0051,1,0.178,0.0897,376832,15,15,3.4058,7712,0,0,41.35139846801758,25.512300491333008,8.700300216674805,6.5518999099731445,0.019300000742077827,0.5102999806404114,0,0,0,0,0,0,0,0,0,0,0,0,0
188,136.97279357910156,5.503200054168701,41.698001861572266,7.009799957275391,3.3155999183654785,4.178599834442139,48.01449966430664,1.4502999782562256,10000,10009,20000,10006,20000,20000,10000,0.6212999820709229,10.639900207519531,8.419599533081055,10000,24.057999999997737,2.4387,1,0.16930000000000003,0.1112,376832,15,15,2.287,15952,0,0,47.582401275634766,48.109901428222656,4.955599784851074,2.831399917602539,0.0272000003606081,0.2442999929189682,0,0,0,0,0,0,0,0,0,0,0,0,0
189,127.3989028930664,6.4131999015808105,68.3290023803711,15.963700294494629,9.780599594116211,10.906800270080566,32.550899505615234,2.6384999752044678,10000,10009,20000,10006,20000,20000,10000,1.2137999534606934,13.106599807739258,7.676700115203857,10000,2.3283999999998493,1.5095,1,0.1375,0.057800000000000004,376832,15,15,1.7294,528000,0,0,74.89340209960938,33.29209899902344,3.43530011177063,5.736000061035156,0.6729999780654907,0.2304999977350235,0,0,0,0,0,0,0,0,0,0,0,0,0
190,145.48899841308594,21.581300735473633,95.84049987792969,11.168299674987793,49.015098571777344,9.297900199890137,15.035799980163574,1.4221999645233154,10000,10009,20000,10006,20000,20000,10000,0.548799991607666,5.406300067901611,11.485899925231934,10000,2.1040999999998204,1.5665,1,0.13030000000000003,0.054099999999999995,376832,15,15,1.5579,8048,0,0,117.56050109863281,15.5649995803833,3.5046000480651855,2.7783000469207764,0.4973999857902527,0.1996999979019165,0.0748,0,0.1697,15.8781,16.4735,0.0007,1.3231,1,2582130,0,0,0,9977
191,64.37370300292969,0.3621000051498413,23.31920051574707,5.299300193786621,1.9559999704360962,2.61680006980896,14.98270034790039,1.1119999885559082,10000,10009,20000,10006,20000,20000,10000,0.39239999651908875,3.6654000282287598,4.762899875640869,10000,2.417899999999938,4.2909,1,0.21860000000000002,0.1411,376832,15,15,4.5378,7712,0,0,23.82830047607422,15.024900436401367,8.153300285339355,5.51140022277832,0.01759999990463257,0.3547999858856201,0,0,0,0,0,0,0,0,0,0,0,0,0
192,99.43009948730469,6.949900150299072,41.697898864746094,6.905200004577637,4.081099987030029,4.2434000968933105,19.300399780273438,1.3970999717712402,10000,10009,20000,10006,20000,20000,10000,0.6047999858856201,7.738999843597412,9.56760025024414,10000,4.024599999999952,4.1971,1,0.345,0.1485,376832,15,15,4.828,15952,0,0,48.967098236083984,19.368099212646484,9.36709976196289,7.886600017547607,0.019700000062584877,0.5044000148773193,0,0,0,0,0,0,0,0,0,0,0,0,0
193,148.5489959716797,13.121600151062012,55.532501220703125,8.604499816894531,6.305099964141846,8.42609977722168,36.367801666259766,1.818600058555603,10000,10009,20000,10006,20000,20000,10000,0.650600016117096,9.621500015258789,12.036800384521484,10000,5.8228000000005,4.4066,1,0.34,0.1513,376832,15,15,6.282,542648,0,0,68.98860168457031,37.612300872802734,12.097399711608887,8.472999572753906,1.1801999807357788,0.8220999836921692,0,0,0,0,0,0,0,0,0,0,0,0,0
194,162.59410095214844,71.69750213623047,58.460201263427734,6.911300182342529,18.901399612426758,7.397200107574463,13.824899673461914,1.0586999654769897,10000,10009,20000,10006,20000,20000,10000,0.4205000102519989,4.538000106811523,12.896499633789062,10000,2.2420999999998212,1.3535,1,0.1305,0.0577,376832,15,15,2.3147,33648,0,0,130.30050659179688,18.30069923400879,3.368000030517578,3.444700002670288,4.4471001625061035,0.22100000083446503,0.0081,0,0.1853,24.6372,60.315,27.2544,3.8847,1,2643368,197606,10000,43658,9995
195,101.00479888916016,0.4823000133037567,33.99480056762695,5.365600109100342,3.674099922180176,4.464099884033203,25.136199951171875,1.1610000133514404,10000,10009,20000,10006,20000,20000,10000,0.5284000039100647,7.616199970245361,6.171000003814697,10000,5.689000000000664,5.0959,1,0.46409999999999996,0.2782,376832,15,15,6.0893,7712,0,0,34.64950180053711,25.245399475097656,14.563199996948242,5.633500099182129,0.05389999970793724,0.31290000677108765,0,0,0,0,0,0,0,0,0,0,0,0,0
196,123.88700103759766,5.42710018157959,60.184898376464844,14.036299705505371,4.377799987792969,6.79010009765625,37.25669860839844,3.0116000175476074,10000,10009,20000,10006,20000,20000,10000,1.1856000423431396,15.318599700927734,8.147100448608398,10000,2.780300000000132,1.9925,1,0.265,0.1464,376832,15,15,3.891,15952,0,0,65.85220336914062,37.34640121459961,4.436500072479248,3.1898999214172363,0.02669999934732914,0.2888999879360199,0,0,0,0,0,0,0,0,0,0,0,0,0
197,132.0124053955078,8.422200202941895,81.19989776611328,21.41950035095215,8.248800277709961,10.380800247192383,25.565900802612305,3.1319000720977783,10000,10009,20000,10006,20000,20000,10000,2.347599983215332,16.505300521850586,10.678799629211426,10000,2.078199999999814,1.5094,1,0.1312,0.0577,376832,15,15,1.6533,513480,0,0,89.7854995727539,26.102800369262695,3.4365999698638916,6.47760009765625,0.48429998755455017,0.19779999554157257,0,0,0,0,0,0,0,0,0,0,0,0,0
198,172.36639404296875,98.51820373535156,43.44129943847656,5.812399864196777,9.846599578857422,6.599599838256836,14.685700416564941,1.0010000467300415,10000,10009,20000,10006,20000,20000,10000,0.44359999895095825,3.8422000408172607,10.453499794006348,10000,2.1164999999998186,1.6969,1,0.1276,0.057300000000000004,376832,15,15,1.4856,41832,0,0,142.1002960205078,18.246999740600586,3.2739999294281006,2.6903998851776123,3.529400110244751,0.20229999721050262,0.0114,8.114999771118164,0.1748,37.8099,66.5378,27.4753,15.8663,1,2650608,191441,10000,42277,9996
199,79.02580261230469,0.2587999999523163,24.20870018005371,5.587200164794922,3.1129000186920166,2.31030011177063,16.052099227905273,1.023900032043457,10000,10009,20000,10006,20000,20000,10000,0.4404999911785126,3.8041999340057373,4.730100154876709,10000,2.644000000000108,6.7935,1,0.21539999999999998,0.1432,376832,15,15,6.0622,7712,0,0,24.59980010986328,16.1023006439209,15.127599716186523,8.934800148010254,0.018200000748038292,0.6162999868392944,0,0,0,0,0,0,0,0,0,0,0,0,0
200,139.86289978027344,8.616999626159668,76.27179718017578,17.005399703979492,5.7083001136779785,11.249699592590332,42.155601501464844,3.188800096511841,10000,10009,20000,10006,20000,20000,10000,1.4543999433517456,11.589599609375,16.269399642944336,10000,2.1176999999998576,1.4791,1,0.1365,0.0847,376832,15,15,1.9765,15952,0,0,85.2780990600586,42.23310089111328,3.1249001026153564,2.1061999797821045,0.0215000007301569,0.20990000665187836,0,0,0,0,0,0,0,0,0,0,0,0,0
201,140.54299926757812,4.840099811553955,78.48600006103516,20.017799377441406,5.350299835205078,15.607000350952148,39.22589874267578,3.3320000171661377,10000,10009,20000,10006,20000,20000,10000,1.3473999500274658,14.520299911499023,8.253700256347656,10000,2.3013999999998553,1.598,1,0.15789999999999998,0.060399999999999995,376832,15,15,2.0868,542800,0,0,83.44129943847656,39.76240158081055,3.664599895477295,5.894899845123291,0.47690001130104065,0.2567000091075897,0,0,0,0,0,0,0,0,0,0,0,0,0
202,125.29180145263672,5.357600212097168,52.93669891357422,7.423299789428711,4.4730000495910645,10.57859992980957,41.55509948730469,1.3802000284194946,10000,10009,20000,10006,20000,20000,10000,1.1825000047683716,13.906100273132324,7.871799945831299,10000,3.9962000000004196,1.9571,1,0.27949999999999997,0.1948,376832,15,15,6.4227,39720,0,0,58.43980026245117,41.65299987792969,4.519800186157227,2.859100103378296,0.026799999177455902,0.3070000112056732,0,0,0,0,0,0,0,0,0,0,0,0,0
203,115.529296875,0.5629000067710876,35.05870056152344,5.916999816894531,3.353600025177002,3.9100000858306885,51.675498962402344,1.4372999668121338,10000,10009,20000,10006,20000,20000,10000,0.5655999779701233,7.978400230407715,6.474400043487549,10000,5.706100000000362,4.1271,1,0.37839999999999996,0.269,376832,15,15,5.2064,7712,0,0,35.7943000793457,51.760501861572266,7.160799980163574,3.1738998889923096,0.0272000003606081,0.22120000422000885,0,0,0,0,0,0,0,0,0,0,0,0,0
204,91.1072006225586,2.9031999111175537,31.985000610351562,5.44320011138916,3.4107000827789307,3.887399911880493,21.109100341796875,1.117300033569336,10000,10009,20000,10006,20000,20000,10000,0.5027999877929688,5.93310022354126,6.506899833679199,10000,5.0531000000005655,3.2089,1,0.2755,0.1851,376832,15,15,6.4107,15952,0,0,35.02730178833008,21.188800811767578,12.12090015411377,5.269899845123291,0.027300000190734863,0.5450000166893005,0,0,0,0,0,0,0,0,0,0,0,0,0
205,124.18360137939453,10.695099830627441,45.273101806640625,7.335899829864502,5.065499782562256,5.898499965667725,38.53049850463867,1.3997999429702759,10000,10009,20000,10006,20000,20000,10000,0.5536999702453613,9.663900375366211,8.38029956817627,10000,3.7745000000003137,3.0667,1,0.3757,0.22949999999999998,376832,15,15,5.92,558888,0,0,56.281700134277344,39.435001373291016,7.336999893188477,5.797800064086914,0.8478999733924866,0.21899999678134918,0,0,0,0,0,0,0,0,0,0,0,0,0
206,134.78050231933594,30.989700317382812,74.42040252685547,12.607600212097168,18.86840057373047,11.446399688720703,15.617799758911133,1.9043999910354614,10000,10009,20000,10006,20000,20000,10000,1.0252000093460083,9.801199913024902,12.114999771118164,10000,2.097799999999815,1.5438,1,0.1306,0.0557,376832,15,15,1.7555,8048,0,0,105.61859893798828,16.16550064086914,3.732599973678589,2.924999952316284,0.5077999830245972,0.22939999401569366,0.0102,0,0.1765,23.1083,24.1768,0.0009,1.3312,1,2640040,0,0,0,9970
207,64.43589782714844,0.3718000054359436,24.550899505615234,5.11269998550415,2.421099901199341,2.728100061416626,14.89739990234375,0.9943000078201294,10000,10009,20000,10006,20000,20000,10000,0.376800000667572,4.0106000900268555,5.483399868011475,10000,2.258999999999846,4.2914,1,0.24199999999999997,0.19820000000000002,376832,15,15,4.8929,7712,0,0,25.069400787353516,14.956600189208984,6.552700042724609,5.244999885559082,0.02329999953508377,0.33959999680519104,0,0,0,0,0,0,0,0,0,0,0,0,0
208,105.79019927978516,5.905399799346924,42.059600830078125,8.030699729919434,4.803299903869629,4.1041998863220215,24.20159912109375,1.3981000185012817,10000,10009,20000,10006,20000,20000,10000,1.0638999938964844,6.030099868774414,9.526599884033203,10000,4.445900000000727,2.9863,1,0.2582,0.1718,376832,15,15,6.1523,15952,0,0,48.19350051879883,24.278900146484375,12.45259952545166,4.7519001960754395,0.027499999850988388,0.571399986743927,0,0,0,0,0,0,0,0,0,0,0,0,0
209,109.25240325927734,9.1496000289917,39.53860092163086,7.116199970245361,2.950700044631958,5.5980000495910645,18.832799911499023,1.2685999870300293,10000,10009,20000,10006,20000,20000,10000,0.5070000290870667,7.481400012969971,8.308099746704102,10000,4.5073000000000585,4.8176,1,0.4348,0.183,376832,15,15,5.7971,551760,0,0,49.0015983581543,19.75779914855957,9.584699630737305,14.094499588012695,0.8830000162124634,0.3587999939918518,0,0,0,0,0,0,0,0,0,0,0,0,0
210,157.8227996826172,85.59860229492188,45.735599517822266,8.604700088500977,12.727899551391602,7.030399799346924,15.072600364685059,1.169700026512146,10000,10009,20000,10006,20000,20000,10000,0.520799994468689,3.656399965286255,6.640699863433838,10000,1.487399999999866,1.3034,1,0.09100000000000001,0.053599999999999995,376832,15,15,1.7027,37904,0,0,131.56410217285156,15.564399719238281,2.5439000129699707,2.8350000381469727,0.46389999985694885,0.18060000240802765,0.0184,0,0.2845,50.2647,77.5386,26.1324,1.1586,1,2672110,193252,9999,42801,9992
211,54.65869903564453,0.23340000212192535,24.131099700927734,5.224699974060059,3.2353999614715576,2.5246999263763428,14.430800437927246,0.987500011920929,10000,10009,20000,10006,20000,20000,10000,0.4327000081539154,3.651599884033203,4.968599796295166,10000,2.077199999999811,2.7719,1,0.15180000000000002,0.0933,376832,15,15,2.9642,7712,0,0,24.49519920349121,14.47599983215332,4.73769998550415,3.185499906539917,0.017100000753998756,0.31119999289512634,0,0,0,0,0,0,0,0,0,0,0,0,0
212,80.19719696044922,3.8970000743865967,36.75080108642578,6.008600234985352,3.3787999153137207,4.496399879455566,16.457199096679688,1.341599941253662,10000,10009,20000,10006,20000,20000,10000,0.5756000280380249,7.29640007019043,8.234399795532227,10000,2.2609999999998487,3.5352,1,0.1913,0.1409,376832,15,15,4.069,15952,0,0,40.858299255371094,16.509300231933594,8.167900085449219,4.370500087738037,0.018300000578165054,0.33480000495910645,0,0,0,0,0,0,0,0,0,0,0,0,0
213,152.08389282226562,8.274100303649902,58.313499450683594,7.421500205993652,3.5657999515533447,8.87660026550293,43.69129943847656,3.383699893951416,10000,10009,20000,10006,20000,20000,10000,2.878200054168701,16.615699768066406,7.737599849700928,10000,6.0524000000003015,4.0396,1,0.39390000000000003,0.13190000000000002,376832,15,15,4.463,514944,0,0,66.81379699707031,44.92319869995117,9.557999610900879,13.08899974822998,1.1746000051498413,0.3752000033855438,0,0,0,0,0,0,0,0,0,0,0,0,0
214,154.00180053710938,103.18209838867188,33.32080078125,5.274499893188477,7.325699806213379,4.934199810028076,8.705900192260742,1.0427000522613525,10000,10009,20000,10006,20000,20000,10000,0.4101000130176544,2.4948999881744385,6.571400165557861,10000,1.333699999999878,0.9455,1,0.1119,0.0358,376832,15,15,0.9106,46448,0,0,136.83900451660156,9.068099975585938,2.0750999450683594,2.047800064086914,0.3474999964237213,0.18140000104904175,0.0177,14.29889965057373,0.2544,49.3544,77.644,27.1116,1.3689,1,2664692,186638,10000,40975,9993
215,51.30929946899414,0.23800000548362732,21.75320053100586,5.15880012512207,1.7259999513626099,2.4765000343322754,14.071700096130371,1.0369000434875488,10000,10009,20000,10006,20000,20000,10000,0.40380001068115234,3.6975998878479004,4.265500068664551,10000,2.097299999999815,2.4427,1,0.1427,0.0776,376832,15,15,2.7496,7712,0,0,22.10610008239746,14.102100372314453,4.420400142669678,3.250499963760376,0.010900000110268593,0.3009999990463257,0,0,0,0,0,0,0,0,0,0,0,0,0
216,78.2959976196289,4.601600170135498,36.14690017700195,6.201200008392334,3.1080000400543213,3.9553000926971436,17.563800811767578,1.4997999668121338,10000,10009,20000,10006,20000,20000,10000,0.5479999780654907,7.317200183868408,7.793300151824951,10000,2.4234999999999367,2.8352,1,0.23369999999999996,0.14400000000000002,376832,15,15,3.367,15952,0,0,40.959999084472656,17.62179946899414,5.7758002281188965,3.661400079727173,0.01889999955892563,0.33869999647140503,0,0,0,0,0,0,0,0,0,0,0,0,0
217,91.21849822998047,8.203300476074219,37.732601165771484,6.865699768066406,2.589099884033203,5.371099948883057,17.70400047302246,1.316100001335144,10000,10009,20000,10006,20000,20000,10000,0.5554999709129333,6.707600116729736,7.821300029754639,10000,2.584200000000024,2.4009,1,0.38009999999999994,0.1899,376832,15,15,4.4901,592768,0,0,46.150699615478516,18.75029945373535,5.976500034332275,9.690799713134766,1.003100037574768,0.3743000030517578,0,0,0,0,0,0,0,0,0,0,0,0,0
218,81.33769989013672,7.693600177764893,33.653499603271484,5.46750020980835,2.4616000652313232,4.945700168609619,16.506000518798828,1.1431000232696533,10000,10009,20000,10006,20000,20000,10000,0.5260000228881836,6.6016998291015625,7.111800193786621,10000,2.3903999999999135,4.3186,1,0.1925,0.2087,376832,15,15,3.5532,41832,0,0,41.56549835205078,16.56060028076172,9.189900398254395,4.877099990844727,0.01810000091791153,0.33169999718666077,0,0,0,0,0,0,0,0,0,0,0,0,0
219,90.27189636230469,0.49000000953674316,38.62900161743164,7.093800067901611,3.403700113296509,4.712500095367432,19.20680046081543,1.377500057220459,10000,10009,20000,10006,20000,20000,10000,0.542900025844574,7.3790998458862305,8.464599609375,10000,2.6963000000001336,5.1445,1,0.209,0.1338,376832,15,15,5.735,7712,0,0,39.352699279785156,19.261899948120117,11.208200454711914,6.691999912261963,0.01850000023841858,0.5559999942779541,0,0,0,0,0,0,0,0,0,0,0,0,0
220,97.82379913330078,5.769999980926514,35.98899841308594,6.648600101470947,2.9802000522613525,3.888200044631958,16.335899353027344,1.335800051689148,10000,10009,20000,10006,20000,20000,10000,0.5859000086784363,6.637700080871582,8.480199813842773,10000,2.3083999999998737,3.0903,1,0.2159,0.1469,376832,15,15,3.6625,15952,0,0,42.1150016784668,16.384700775146484,7.066199779510498,4.323200225830078,0.017500000074505806,18.058000564575195,0,0,0,0,0,0,0,0,0,0,0,0,0
221,98.49870300292969,8.344900131225586,34.749900817871094,5.92519998550415,2.8282999992370605,4.926599979400635,15.739500045776367,1.1583000421524048,10000,10009,20000,10006,20000,20000,10000,0.4875999987125397,6.58489990234375,7.1946001052856445,10000,2.466899999999879,3.3286,1,0.23739999999999997,0.1706,376832,15,15,6.2646,525872,0,0,43.31679916381836,16.58679962158203,9.301600456237793,9.531800270080566,0.8112000226974487,8.109399795532227,0,0,0,0,0,0,0,0,0,0,0,0,0
222,212.07769775390625,46.64860153198242,63.81890106201172,7.601099967956543,16.418899536132812,9.760299682617188,45.440101623535156,1.5162999629974365,10000,10009,20000,10006,20000,20000,10000,0.6384999752044678,7.535299777984619,12.988100051879883,10000,7.583500000000868,7.4284,1,0.5129,0.2933,376832,15,15,8.0375,8048,0,0,110.69300079345703,47.305599212646484,17.156200408935547,9.379500389099121,1.7768000364303589,0.4318000078201294,0.0128,0,0.2494,37.4412,38.867,0.0007,1.4853,1,2632412,0,0,0,9965
223,118.31719970703125,0.7555000185966492,46.78889846801758,7.271200180053711,6.746399879455566,5.844299793243408,42.882999420166016,2.0562000274658203,10000,10009,20000,10006,20000,20000,10000,1.0379999876022339,5.423399925231934,11.59850025177002,10000,6.322900000000403,3.6143,1,0.31900000000000006,0.142,376832,15,15,3.2847,7712,0,0,47.82659912109375,42.96839904785156,5.88100004196167,4.423900127410889,0.02930000051856041,0.22120000422000885,0,0,0,0,0,0,0,0,0,0,0,0,0
224,94.99410247802734,3.2725000381469727,32.94350051879883,5.3892998695373535,2.450900077819824,3.959199905395508,26.27120018005371,1.2683000564575195,10000,10009,20000,10006,20000,20000,10000,0.6582000255584717,6.906499862670898,7.340799808502197,10000,4.117000000000003,4.8021,1,0.34470000000000006,0.1881,376832,15,15,5.291,15952,0,0,36.362701416015625,26.325899124145508,9.964799880981445,7.61299991607666,0.020800000056624413,0.6186000108718872,0,0,0,0,0,0,0,0,0,0,0,0,0
225,111.01319885253906,10.538999557495117,39.813899993896484,7.382800102233887,3.113800048828125,6.269999980926514,29.833099365234375,1.3407000303268433,10000,10009,20000,10006,20000,20000,10000,0.5900999903678894,6.836900234222412,7.808499813079834,10000,4.302500000000756,2.9269,1,0.21900000000000003,0.11599999999999999,376832,15,15,3.4153,583368,0,0,50.758399963378906,31.043399810791016,6.130199909210205,10.145600318908691,1.1655999422073364,0.40700000524520874,0,0,0,0,0,0,0,0,0,0,0,0,0
226,143.0377960205078,72.91699981689453,48.049800872802734,6.075500011444092,14.384400367736816,5.363800048828125,13.085399627685547,1.0033999681472778,10000,10009,20000,10006,20000,20000,10000,0.36390000581741333,3.5752999782562256,11.56879997253418,10000,1.2908999999998818,0.987,1,0.0852,0.0377,376832,15,15,1.1076,36896,0,0,121.2738037109375,13.484100341796875,2.1875,1.9853999614715576,0.37869998812675476,0.17730000615119934,0.0105,11.237700462341309,0.1897,38.0991,53.1204,14.1893,0.9834,1,2649924,186600,10000,40907,9991
227,55.53820037841797,0.23389999568462372,22.59779930114746,4.970300197601318,2.558000087738037,2.8361001014709473,14.820799827575684,0.9764000177383423,10000,10009,20000,10006,20000,20000,10000,0.42410001158714294,3.6912999153137207,4.274499893188477,10000,2.1284999999998173,3.1139,1,0.1472,0.07980000000000001,376832,15,15,2.8771,7712,0,0,22.94230079650879,14.864899635314941,5.495299816131592,3.915800094604492,0.016699999570846558,0.32600000500679016,0,0,0,0,0,0,0,0,0,0,0,0,0
228,75.07730102539062,4.77209997177124,35.047298431396484,6.337500095367432,3.062000036239624,3.9130001068115234,17.7814998626709,1.317199945449829,10000,10009,20000,10006,20000,20000,10000,0.5709999799728394,6.144400119781494,8.38010025024414,10000,2.4049999999999256,2.7226,1,0.1772,0.0986,376832,15,15,2.9812,15952,0,0,40.055599212646484,17.84040069580078,4.991499900817871,3.612299919128418,0.017899999395012856,0.3425000011920929,0,0,0,0,0,0,0,0,0,0,0,0,0
229,94.99849700927734,7.576700210571289,41.8406982421875,7.5920000076293945,3.079200029373169,7.18779993057251,21.663999557495117,2.051500082015991,10000,10009,20000,10006,20000,20000,10000,0.8781999945640564,7.085599899291992,8.283300399780273,10000,2.747100000000054,2.6716,1,0.18280000000000002,0.0842,376832,15,15,2.8073,529072,0,0,49.62919998168945,22.491199493408203,4.932400226593018,8.970000267028809,0.791700005531311,0.37299999594688416,0,0,0,0,0,0,0,0,0,0,0,0,0
230,188.04249572753906,98.82869720458984,59.07590103149414,12.473999977111816,13.902899742126465,9.348999977111816,16.318700790405273,2.3956000804901123,10000,10009,20000,10006,20000,20000,10000,0.5943999886512756,7.482900142669678,6.951600074768066,10000,2.104599999999816,1.5022,1,0.1282,0.0585,376832,15,15,1.9196,45736,0,0,158.1363983154297,16.893999099731445,3.553100109100342,2.9697000980377197,0.5458999872207642,0.210999995470047,0.0154,14.141200065612793,0.1978,54.563,76.5453,20.9832,1.1147,1,2613240,178770,10000,38775,9992
231,54.395198822021484,0.3434000015258789,23.66670036315918,5.122700214385986,2.7558000087738037,2.351599931716919,14.269800186157227,0.9639000296592712,10000,10009,20000,10006,20000,20000,10000,0.4138999879360199,3.563800096511841,5.30210018157959,10000,2.108899999999815,1.8582,1,0.1456,0.0817,376832,15,15,2.1474,7712,0,0,24.14929962158203,14.354999542236328,3.8366000652313232,3.3612000942230225,0.03539999946951866,0.36629998683929443,0,0,0,0,0,0,0,0,0,0,0,0,0
232,69.71379852294922,3.827699899673462,33.079200744628906,5.268899917602539,2.389400005340576,4.277299880981445,15.497200012207031,1.1432000398635864,10000,10009,20000,10006,20000,20000,10000,0.47450000047683716,6.7378997802734375,7.4552001953125,10000,2.1665999999998204,2.4575,1,0.21700000000000003,0.15489999999999998,376832,15,15,3.8151,15952,0,0,37.12649917602539,15.681099891662598,4.588200092315674,3.3782999515533447,0.017400000244379044,0.33880001306533813,0,0,0,0,0,0,0,0,0,0,0,0,0
233,97.2761001586914,9.197199821472168,39.69169998168945,6.702199935913086,5.088600158691406,5.751800060272217,17.952600479125977,1.277899980545044,10000,10009,20000,10006,20000,20000,10000,0.5180000066757202,7.05079984664917,7.71120023727417,10000,2.777700000000159,2.8372,1,0.2757,0.2173,376832,15,15,5.0677,468720,0,0,49.0973014831543,18.805099487304688,8.14490032196045,9.171699523925781,0.8173999786376953,0.35249999165534973,0,0,0,0,0,0,0,0,0,0,0,0,0
234,122.38059997558594,10.201499938964844,46.68709945678711,10.26159954071045,4.809299945831299,5.828499794006348,23.73900032043457,2.3227999210357666,10000,10009,20000,10006,20000,20000,10000,0.9685999751091003,7.757900238037109,8.891400337219238,10000,5.059600000000383,4.3846,1,0.6255999999999999,2.2277,376832,15,15,5.94,51600,0,0,57.119598388671875,23.80739974975586,10.724599838256836,7.703400135040283,0.023800000548362732,0.5698000192642212,0,0,0,0,0,0,0,0,0,0,0,0,0
235,90.8761978149414,1.0225000381469727,46.46200180053711,7.025300025939941,5.2133002281188965,4.092899799346924,19.074100494384766,1.457900047302246,10000,10009,20000,10006,20000,20000,10000,0.5167999863624573,7.052800178527832,13.48069953918457,10000,2.5536000000000363,3.1458,1,0.2235,0.152,376832,15,15,4.2334,7712,0,0,47.82279968261719,19.141300201416016,7.790299892425537,4.157800197601318,0.01979999989271164,0.3564999997615814,0,0,0,0,0,0,0,0,0,0,0,0,0
236,82.5374984741211,5.124899864196777,39.876800537109375,8.425700187683105,3.5797998905181885,4.141300201416016,18.554100036621094,1.4766000509262085,10000,10009,20000,10006,20000,20000,10000,0.603600025177002,5.382800102233887,10.620699882507324,10000,2.582200000000044,2.5512,1,0.17110000000000003,0.1074,376832,15,15,3.3026,15952,0,0,45.24449920654297,18.608800888061523,5.296999931335449,3.887399911880493,0.018400000408291817,0.6992999911308289,0,0,0,0,0,0,0,0,0,0,0,0,0
237,89.13179779052734,8.020000457763672,38.022701263427734,7.102399826049805,3.3443000316619873,5.05049991607666,18.931100845336914,1.3111000061035156,10000,10009,20000,10006,20000,20000,10000,0.6022999882698059,6.472599983215332,7.871799945831299,10000,2.7676000000002334,2.6288,1,0.20159999999999997,0.1121,376832,15,15,2.8036,545592,0,0,46.27280044555664,19.82110023498535,5.090000152587891,8.738300323486328,0.8454999923706055,0.35199999809265137,0,0,0,0,0,0,0,0,0,0,0,0,0
238,158.17230224609375,55.368900299072266,55.263301849365234,6.672800064086914,12.78600025177002,8.745800018310547,18.475099563598633,1.2728999853134155,10000,10009,20000,10006,20000,20000,10000,0.5608000159263611,7.314700126647949,11.740099906921387,10000,2.8155000000002612,4.6229,1,0.19940000000000002,0.1205,376832,15,15,3.7266,8048,0,0,110.86070251464844,19.10300064086914,10.78030014038086,7.194399833679199,0.5895000100135803,0.4830000102519989,0.0154,0,0.2053,46.8963,47.909,0.0008,2.0331,1,2559276,0,0,0,9949
239,76.34040069580078,0.8644000291824341,39.7057991027832,6.284599781036377,3.1217000484466553,4.227099895477295,16.40530014038086,1.2473000288009644,10000,10009,20000,10006,20000,20000,10000,0.5368000268936157,6.7133002281188965,11.489700317382812,10000,2.3718999999998913,2.7551,1,0.16330000000000003,0.1001,376832,15,15,2.8876,7712,0,0,40.922401428222656,16.46299934387207,5.355599880218506,3.5836000442504883,0.01889999955892563,0.3458999991416931,0,0,0,0,0,0,0,0,0,0,0,0,0
240,84.93769836425781,3.988300085067749,36.824501037597656,6.318699836730957,3.2283999919891357,4.161300182342529,17.89189910888672,1.3092000484466553,10000,10009,20000,10006,20000,20000,10000,0.6017000079154968,7.771299839019775,8.053000450134277,10000,2.428599999999939,4.8396,1,0.24169999999999997,0.18280000000000002,376832,15,15,5.0146,15952,0,0,41.03179931640625,17.952999114990234,7.930699825286865,5.217700004577637,0.019200000911951065,0.3476000130176544,0,0,0,0,0,0,0,0,0,0,0,0,0
241,91.83460235595703,8.658300399780273,38.702999114990234,7.608799934387207,3.3125,4.986100196838379,16.118099212646484,1.316499948501587,10000,10009,20000,10006,20000,20000,10000,0.548799991607666,6.866499900817871,8.213899612426758,10000,2.105099999999812,4.3145,1,0.2693,0.20750000000000002,376832,15,15,5.0973,481184,0,0,47.58980178833008,16.854999542236328,7.598199844360352,9.576399803161621,0.6972000002861023,0.33730000257492065,0,0,0,0,0,0,0,0,0,0,0,0,0
242,151.00250244140625,68.1406021118164,44.88710021972656,5.855100154876709,10.616399765014648,8.175700187683105,17.624000549316406,1.1988999843597412,10000,10009,20000,10006,20000,20000,10000,0.5084999799728394,6.700699806213379,6.806300163269043,10000,2.781400000000125,2.4447,1,0.1706,0.09159999999999999,376832,15,15,3.0987,37120,0,0,113.24659729003906,18.22920036315918,4.955100059509277,4.584400177001953,0.5679000020027161,0.34470000863075256,0.0171,0,0.3091,35.9831,60.409,23.4577,0.9276,1,2555358,176424,10000,38542,9993
243,80.277099609375,0.4986000061035156,35.330299377441406,6.082099914550781,3.0648999214172363,4.117599964141846,19.098899841308594,1.2238999605178833,10000,10009,20000,10006,20000,20000,10000,0.5133000016212463,6.416299819946289,8.544099807739258,10000,2.9258000000002498,2.5631,1,0.1813,0.097,376832,15,15,2.8855,7712,0,0,36.06039810180664,19.156600952148438,5.926199913024902,6.900899887084961,0.019600000232458115,0.5055999755859375,0,0,0,0,0,0,0,0,0,0,0,0,0
244,79.19300079345703,5.62939977645874,35.706298828125,6.03249979019165,2.7435998916625977,4.623600006103516,15.83549976348877,1.2323999404907227,10000,10009,20000,10006,20000,20000,10000,0.5238999724388123,6.622600078582764,8.754300117492676,10000,2.2816999999998657,3.8537,1,0.23079999999999998,0.1797,376832,15,15,4.6541,15952,0,0,41.642398834228516,15.88700008392334,6.1545000076293945,4.52810001373291,0.017799999564886093,0.31769999861717224,0,0,0,0,0,0,0,0,0,0,0,0,0
245,93.35590362548828,8.34000015258789,37.221500396728516,6.745200157165527,2.640000104904175,5.697299957275391,18.121599197387695,1.267199993133545,10000,10009,20000,10006,20000,20000,10000,0.4982999861240387,7.0472002029418945,7.817200183868408,10000,2.5181999999999882,3.8461,1,0.2429,0.1603,376832,15,15,4.5225,561464,0,0,45.77899932861328,18.9685001373291,7.2829999923706055,10.606399536132812,0.8058000206947327,0.5113999843597412,0,0,0,0,0,0,0,0,0,0,0,0,0
246,182.30780029296875,102.74220275878906,51.72800064086914,7.357999801635742,13.948399543762207,10.231399536132812,14.762999534606934,1.3788000345230103,10000,10009,20000,10006,20000,20000,10000,0.5494999885559082,4.642000198364258,6.844399929046631,10000,2.100899999999816,1.4993,1,0.1319,0.049100000000000005,376832,15,15,1.516,48912,0,0,154.7675018310547,15.295499801635742,3.4195001125335693,2.7414000034332275,0.5026000142097473,0.19169999659061432,0.0195,24.523298263549805,0.2035,47.0286,68.1884,20.3442,0.8526,1,2500242,168405,10000,36595,9992
247,56.058799743652344,0.28630000352859497,22.961700439453125,5.203100204467773,2.8513998985290527,2.3057000637054443,14.42080020904541,0.9854000210762024,10000,10009,20000,10006,20000,20000,10000,0.362199991941452,3.6335999965667725,4.568399906158447,10000,2.1927999999998424,2.5593,1,0.153,0.0852,376832,15,15,3.0264,7712,0,0,23.375999450683594,14.469900131225586,6.44950008392334,3.6800999641418457,0.017899999395012856,0.34540000557899475,0,0,0,0,0,0,0,0,0,0,0,0,0
248,80.63200378417969,4.766300201416016,40.12070083618164,6.94789981842041,5.014999866485596,4.582600116729736,16.334800720214844,1.4151999950408936,10000,10009,20000,10006,20000,20000,10000,0.7598999738693237,7.7083001136779785,8.191699981689453,10000,2.3383999999998935,2.5721,1,0.20809999999999998,0.1438,376832,15,15,3.2499,15952,0,0,45.10430145263672,16.389799118041992,5.406700134277344,3.725800037384033,0.018200000748038292,0.3328000009059906,0,0,0,0,0,0,0,0,0,0,0,0,0
249,93.10649871826172,8.304200172424316,36.533199310302734,6.584000110626221,3.359999895095825,5.374199867248535,18.93079948425293,1.2770999670028687,10000,10009,20000,10006,20000,20000,10000,0.4948999881744385,6.832099914550781,7.489099979400635,10000,2.473799999999944,3.5116,1,0.2397,0.1626,376832,15,15,4.4196,557912,0,0,45.055198669433594,19.789600372314453,5.757199764251709,9.715700149536133,0.8156999945640564,0.3440999984741211,0,0,0,0,0,0,0,0,0,0,0,0,0
250,70.21089935302734,7.6442999839782715,28.39459991455078,5.2418999671936035,2.455399990081787,3.466099977493286,14.688599586486816,1.1247999668121338,10000,10009,20000,10006,20000,20000,10000,0.4828999936580658,4.796899795532227,6.552199840545654,10000,2.110799999999816,2.6282,1,0.2705,0.1235,376832,15,15,3.4889,40488,0,0,36.265201568603516,14.741800308227539,6.186299800872803,4.3165998458862305,0.01769999973475933,0.32120001316070557,0,0,0,0,0,0,0,0,0,0,0,0,0
251,90.88510131835938,0.4163999855518341,32.715301513671875,5.222499847412109,3.500999927520752,3.8536999225616455,15.20930004119873,1.1181999444961548,10000,10009,20000,10006,20000,20000,10000,0.4645000100135803,6.60860013961792,7.275899887084961,10000,2.252199999999848,2.539,1,0.2027,0.1407,376832,15,15,4.3076,7712,0,0,33.34709930419922,15.265000343322754,5.808300018310547,3.3777999877929688,0.01850000023841858,23.837799072265625,0,0,0,0,0,0,0,0,0,0,0,0,0
252,97.8405990600586,3.104300022125244,31.153400421142578,5.88730001449585,4.4471001625061035,3.8696000576019287,14.451399803161621,1.214400053024292,10000,10009,20000,10006,20000,20000,10000,0.4726000130176544,4.427700042724609,6.4567999839782715,10000,2.084699999999815,2.5529,1,0.1444,0.0802,376832,15,15,2.7904,15952,0,0,34.47570037841797,14.498600006103516,4.532800197601318,3.3564000129699707,0.014999999664723873,33.65330123901367,0,0,0,0,0,0,0,0,0,0,0,0,0
253,97.8988037109375,4.894400119781494,28.74340057373047,5.469900131225586,1.702299952507019,4.730899810791016,14.801300048828125,1.13100004196167,10000,10009,20000,10006,20000,20000,10000,0.44909998774528503,5.206500053405762,6.106100082397461,10000,2.118799999999815,2.5659,1,0.1464,0.08829999999999999,376832,15,15,3.3224,603936,0,0,33.77690124511719,15.640399932861328,4.5157999992370605,7.591800212860107,0.8159000277519226,28.452999114990234,0,0,0,0,0,0,0,0,0,0,0,0,0
254,98.17630004882812,21.611000061035156,41.09489822387695,5.777100086212158,10.522100448608398,7.315000057220459,16.162200927734375,1.2163000106811523,10000,10009,20000,10006,20000,20000,10000,0.505299985408783,4.265399932861328,6.955100059509277,10000,2.266299999999843,2.4682,1,0.1501,0.0915,376832,15,15,2.9312,8048,0,0,62.85100173950195,16.767900466918945,4.44980001449585,3.708699941635132,0.5735999941825867,2.67549991607666,0.0104,0,0.1387,17.1096,17.6146,0.0006,0.7435,1,2439262,0,0,0,9945
255,97.93840026855469,0.43810001015663147,29.486600875854492,5.103000164031982,2.0250000953674316,3.378700017929077,14.34749984741211,1.0830999612808228,10000,10009,20000,10006,20000,20000,10000,0.4124999940395355,5.733399868011475,7.4471001625061035,10000,2.081799999999811,2.5437,1,0.144,0.0877,376832,15,15,2.8,7712,0,0,30.142099380493164,14.39900016784668,4.466899871826172,3.2163000106811523,0.01640000008046627,38.4025993347168,0,0,0,0,0,0,0,0,0,0,0,0,0
256,97.82959747314453,2.6963999271392822,28.09160041809082,5.125,2.1661999225616455,3.972100019454956,14.552599906921387,1.1354000568389893,10000,10009,20000,10006,20000,20000,10000,0.4571000039577484,4.59119987487793,6.746799945831299,10000,2.0990999999998157,2.5757,1,0.14400000000000002,0.0893,376832,15,15,2.7638,15952,0,0,31.006799697875977,14.596699714660645,4.509399890899658,3.20989990234375,0.014600000344216824,37.214900970458984,0,0,0,0,0,0,0,0,0,0,0,0,0
257,97.81289672851562,5.165900230407715,32.76300048828125,5.948999881744385,2.0634000301361084,4.737100124359131,14.770099639892578,1.115399956703186,10000,10009,20000,10006,20000,20000,10000,0.5422999858856201,6.457699775695801,7.2480998039245605,10000,2.1335999999998134,2.7941,1,0.16259999999999997,0.09770000000000001,376832,15,15,2.837,494960,0,0,38.06679916381836,15.55090045928955,4.783199787139893,8.026900291442871,0.7544000148773193,23.0487003326416,0,0,0,0,0,0,0,0,0,0,0,0,0
258,116.28710174560547,38.43429946899414,42.92490005493164,6.5808000564575195,10.760000228881836,8.469499588012695,16.725500106811523,1.311900019645691,10000,10009,20000,10006,20000,20000,10000,0.5313000082969666,4.850599765777588,5.375199794769287,10000,2.475399999999879,2.5218,1,0.1567,0.0847,376832,15,15,3.3484,48184,0,0,81.6415023803711,17.316299438476562,4.600399971008301,3.881500005722046,0.558899998664856,0.3061000108718872,0.0137,0,0.1687,16.996,31.9349,14.2373,0.9333,1,2408280,163971,10000,35803,9989
259,80.06300354003906,0.4194999933242798,30.737300872802734,5.212200164794922,2.7672998905181885,3.6380999088287354,14.571800231933594,1.0967999696731567,10000,10009,20000,10006,20000,20000,10000,0.5472000241279602,5.432499885559082,7.486999988555908,10000,2.1308999999998184,1.8644,1,0.14830000000000002,0.08399999999999999,376832,15,15,2.271,7712,0,0,31.369400024414062,14.616900444030762,3.892199993133545,3.375699996948242,0.015399999916553497,19.9507999420166,0,0,0,0,0,0,0,0,0,0,0,0,0
260,97.54119873046875,2.5367000102996826,27.96619987487793,5.06790018081665,2.354300022125244,3.6085000038146973,14.577699661254883,1.1413999795913696,10000,10009,20000,10006,20000,20000,10000,0.4880000054836273,4.877099990844727,6.543799877166748,10000,2.1507999999998195,2.4048,1,0.1481,0.0924,376832,15,15,2.888,15952,0,0,30.717899322509766,14.6225004196167,4.412199974060059,3.294300079345703,0.014800000004470348,36.93730163574219,0,0,0,0,0,0,0,0,0,0,0,0,0
261,97.88690185546875,4.910099983215332,33.17580032348633,5.761499881744385,2.939300060272217,5.0690999031066895,15.469900131225586,1.1205999851226807,10000,10009,20000,10006,20000,20000,10000,0.43709999322891235,5.425000190734863,6.907199859619141,10000,2.1082999999998173,3.6292,1,0.2904,0.1559,376832,15,15,4.2138,489848,0,0,38.21950149536133,16.221200942993164,7.416600227355957,9.5693998336792,0.7185999751091003,16.666500091552734,0,0,0,0,0,0,0,0,0,0,0,0,0
262,162.65750122070312,78.50589752197266,45.9827995300293,6.625400066375732,11.269499778747559,8.601099967956543,17.966299057006836,1.2661000490188599,10000,10009,20000,10006,20000,20000,10000,0.4999000132083893,6.756400108337402,6.222799777984619,10000,2.670600000000103,2.4302,1,0.1705,0.0799,376832,15,15,3.0581,38608,0,0,124.72010040283203,18.696500778198242,4.928699970245361,5.200500011444092,0.6952999830245972,0.3580000102519989,0.0175,13.935400009155273,0.1798,40.1211,56.2278,15.2195,0.8308,1,2347732,155920,10000,33929,9987
263,79.36129760742188,0.48080000281333923,38.024600982666016,7.028800010681152,2.79259991645813,5.66949987411499,17.292999267578125,1.3937000036239624,10000,10009,20000,10006,20000,20000,10000,0.5005000233650208,5.2266998291015625,10.23390007019043,10000,2.749700000000191,3.484,1,0.255,0.10269999999999999,376832,15,15,3.1765,7712,0,0,38.73249816894531,17.347900390625,6.466899871826172,5.037300109863281,0.019600000232458115,0.39079999923706055,0,0,0,0,0,0,0,0,0,0,0,0,0
264,81.64939880371094,5.080900192260742,38.977298736572266,7.464900016784668,3.0989999771118164,4.6880998611450195,18.529499053955078,1.5068000555038452,10000,10009,20000,10006,20000,20000,10000,0.5403000116348267,5.954100131988525,8.606499671936035,10000,2.569299999999993,2.5964,1,0.16030000000000003,0.09659999999999999,376832,15,15,2.9111,15952,0,0,44.32160186767578,18.578500747680664,4.886000156402588,3.8197999000549316,0.01640000008046627,0.349700003862381,0,0,0,0,0,0,0,0,0,0,0,0,0
265,94.42990112304688,7.859899997711182,38.69409942626953,7.008299827575684,2.5413999557495117,5.587500095367432,19.45599937438965,1.8483999967575073,10000,10009,20000,10006,20000,20000,10000,0.5041000247001648,6.88129997253418,7.958000183105469,10000,2.7060000000001376,2.7069,1,0.22540000000000004,0.0929,376832,15,15,3.093,511480,0,0,46.76409912109375,20.433300018310547,7.208600044250488,9.949799537658691,0.9368000030517578,0.33160001039505005,0,0,0,0,0,0,0,0,0,0,0,0,0
266,72.77059936523438,7.089799880981445,31.94930076599121,5.904099941253662,2.4679999351501465,3.6373000144958496,16.376699447631836,1.208299994468689,10000,10009,20000,10006,20000,20000,10000,0.5437999963760376,5.96560001373291,7.044300079345703,10000,2.387099999999915,2.3474,1,0.15789999999999998,0.0871,376832,15,15,2.7454,42112,0,0,39.25709915161133,16.42970085144043,4.5904998779296875,3.7346999645233154,0.0210999995470047,0.9502000212669373,0,0,0,0,0,0,0,0,0,0,0,0,0
267,97.69920349121094,0.4514999985694885,31.210899353027344,5.8140997886657715,2.731300115585327,3.4635000228881836,15.933600425720215,1.1514999866485596,10000,10009,20000,10006,20000,20000,10000,0.5198000073432922,5.20419979095459,7.750100135803223,10000,2.3493999999998976,2.3243,1,0.1622,0.0805,376832,15,15,2.5865,7712,0,0,31.919599533081055,15.985799789428711,4.601600170135498,3.628499984741211,0.016300000250339508,33.992000579833984,0,0,0,0,0,0,0,0,0,0,0,0,0
268,98.12889862060547,4.149199962615967,34.249000549316406,6.014900207519531,3.4179000854492188,3.9144999980926514,16.23859977722168,1.2145999670028687,10000,10009,20000,10006,20000,20000,10000,0.5174999833106995,6.021399974822998,7.8765997886657715,10000,2.421199999999938,2.4321,1,0.24600000000000002,0.1616,376832,15,15,4.0183,15952,0,0,38.66630172729492,16.29199981689453,5.223100185394287,3.805799961090088,0.01810000091791153,24.748699188232422,0,0,0,0,0,0,0,0,0,0,0,0,0
269,98.1686019897461,7.150599956512451,29.7052001953125,5.557700157165527,2.864799976348877,4.280600070953369,14.637800216674805,1.0789999961853027,10000,10009,20000,10006,20000,20000,10000,0.4377000033855438,4.106100082397461,6.779300212860107,10000,2.0893999999998134,2.3547,1,0.14200000000000002,0.0757,376832,15,15,2.6101,558176,0,0,37.05889892578125,15.462499618530273,4.340799808502197,8.025899887084961,0.7907999753952026,26.1387996673584,0,0,0,0,0,0,0,0,0,0,0,0,0
270,100.7229995727539,20.139400482177734,46.75469970703125,6.760900020599365,11.07759952545166,7.631100177764893,16.399200439453125,1.2719000577926636,10000,10009,20000,10006,20000,20000,10000,0.5009999871253967,4.514999866485596,10.387200355529785,10000,2.2580999999998577,2.5731,1,0.1507,0.078,376832,15,15,2.7543,8048,0,0,67.10070037841797,17.008800506591797,4.763999938964844,3.9123001098632812,0.5751000046730042,0.3212999999523163,0.0144,0,0.1709,15.7619,16.3446,0.0018,0.8198,1,2282200,0,0,0,9927
271,95.39450073242188,0.3898000121116638,28.84749984741211,5.018499851226807,2.423799991607666,3.686500072479248,14.38070011138916,1.0657000541687012,10000,10009,20000,10006,20000,20000,10000,0.4697999954223633,4.618500232696533,7.388199806213379,10000,2.080699999999813,2.4787,1,0.12940000000000002,0.0886,376832,15,15,2.5375,7712,0,0,29.434999465942383,14.428899765014648,4.529699802398682,3.3015999794006348,0.016499999910593033,36.58340072631836,0,0,0,0,0,0,0,0,0,0,0,0,0
272,98.13259887695312,3.318000078201294,26.971099853515625,4.996399879455566,2.411799907684326,3.3824000358581543,14.62399959564209,1.0801000595092773,10000,10009,20000,10006,20000,20000,10000,0.48660001158714294,4.682000160217285,6.019800186157227,10000,2.150099999999833,2.3677,1,0.16929999999999998,0.101,376832,15,15,2.2016,15952,0,0,30.42799949645996,14.670100212097168,4.402200222015381,3.3166000843048096,0.017899999395012856,37.84410095214844,0,0,0,0,0,0,0,0,0,0,0,0,0
273,97.96900177001953,4.941999912261963,28.507999420166016,5.905600070953369,3.1670000553131104,3.2899999618530273,14.597900390625,1.080399990081787,10000,10009,20000,10006,20000,20000,10000,0.4726000130176544,3.643399953842163,6.854300022125244,10000,2.112899999999823,2.0103,1,0.14650000000000002,0.0477,376832,15,15,2.1929,597816,0,0,33.59239959716797,15.1943998336792,3.9916999340057373,7.87060022354126,0.5684000253677368,30.658000946044922,0,0,0,0,0,0,0,0,0,0,0,0,0
274,102.3313980102539,32.774600982666016,38.43519973754883,5.407299995422363,10.255499839782715,7.3850998878479,14.785900115966797,1.1311999559402466,10000,10009,20000,10006,20000,20000,10000,0.5446000099182129,4.205900192260742,5.180099964141846,10000,2.117699999999813,2.2396,1,0.1406,0.07669999999999999,376832,15,15,2.5566,45968,0,0,71.34149932861328,15.354000091552734,4.204999923706055,2.878200054168701,0.5297999978065491,1.4240000247955322,0.0115,0,0.1351,16.4954,27.8083,10.8042,0.6856,1,2247816,151877,9996,33013,9987
275,93.93939971923828,0.38659998774528503,27.465999603271484,5.078400135040283,1.8092999458312988,3.3652000427246094,14.491100311279297,1.0779000520706177,10000,10009,20000,10006,20000,20000,10000,0.421099990606308,4.798299789428711,6.679800033569336,10000,2.126099999999816,2.3774,1,0.1457,0.0724,376832,15,15,2.9892,7712,0,0,28.08180046081543,14.533300399780273,4.313399791717529,3.1078999042510986,0.015300000086426735,36.2765007019043,0,0,0,0,0,0,0,0,0,0,0,0,0
276,97.80560302734375,2.5617001056671143,27.819000244140625,5.066500186920166,2.192199945449829,3.7018001079559326,14.538700103759766,1.0460000038146973,10000,10009,20000,10006,20000,20000,10000,0.48980000615119934,5.626800060272217,5.671199798583984,10000,2.1056999999998207,2.3997,1,0.1303,0.0411,376832,15,15,1.6602,15952,0,0,30.61989974975586,14.587499618530273,4.314599990844727,3.2146999835968018,0.016100000590085983,38.85820007324219,0,0,0,0,0,0,0,0,0,0,0,0,0
277,98.21839904785156,4.448500156402588,28.05419921875,5.34060001373291,1.7065999507904053,4.337200164794922,14.611499786376953,1.211400032043457,10000,10009,20000,10006,20000,20000,10000,0.4945000112056732,4.606400012969971,6.031400203704834,10000,2.1415999999998188,2.3187,1,0.144,0.0499,376832,15,15,2.7097,529696,0,0,32.63759994506836,15.337900161743164,4.293700218200684,8.847100257873535,0.7045000195503235,29.851299285888672,0,0,0,0,0,0,0,0,0,0,0,0,0
278,123.81189727783203,51.283599853515625,40.5359992980957,5.7494001388549805,10.802499771118164,7.505899906158447,14.560400009155273,1.1516000032424927,10000,10009,20000,10006,20000,20000,10000,0.41690000891685486,3.9010000228881836,6.656300067901611,10000,2.1658999999998207,2.645,1,0.1333,0.0512,376832,15,15,1.6615,50664,0,0,92.05740356445312,15.163200378417969,4.577899932861328,3.8533999919891357,0.5616999864578247,0.3231000006198883,0.0115,11.145099639892578,0.1359,15.9685,33.7514,17.2728,0.6933,1,2185578,144828,9996,31191,9978
279,71.99659729003906,0.40880000591278076,31.458900451660156,5.387599945068359,2.614799976348877,3.5671000480651855,14.61709976196289,1.0997999906539917,10000,10009,20000,10006,20000,20000,10000,0.43149998784065247,5.335100173950195,7.563300132751465,10000,2.097499999999813,2.1547,1,0.14400000000000002,0.074,376832,15,15,2.6543,7712,0,0,32.115699768066406,14.65839958190918,4.0777997970581055,3.145400047302246,0.016300000250339508,10.843099594116211,0,0,0,0,0,0,0,0,0,0,0,0,0
280,97.98570251464844,6.799099922180176,26.548999786376953,5.477700233459473,1.739400029182434,3.685800075531006,14.639800071716309,1.1049000024795532,10000,10009,20000,10006,20000,20000,10000,0.49160000681877136,3.83240008354187,6.178899765014648,10000,2.1058999999998154,2.5033,1,0.1462,0.0399,376832,15,15,2.2912,549960,0,0,33.56639862060547,15.293800354003906,4.640999794006348,7.989799976348877,0.6273999810218811,29.598899841308594,0,0,0,0,0,0,0,0,0,0,0,0,0
281,98.30400085449219,4.150000095367432,25.975900650024414,4.962200164794922,2.018199920654297,3.5248000621795654,14.789999961853027,1.107699990272522,10000,10009,20000,10006,20000,20000,10000,0.4115000069141388,4.899499893188477,5.342299938201904,10000,2.136999999999814,2.2925,1,0.14190000000000003,0.0712,376832,15,15,2.5708,45976,0,0,30.263599395751953,14.835700035095215,4.252299785614014,3.2527999877929688,0.016599999740719795,38.54309844970703,0,0,0,0,0,0,0,0,0,0,0,0,0
282,97.76930236816406,0.32019999623298645,23.10460090637207,5.054900169372559,1.7900999784469604,2.59879994392395,14.180899620056152,0.963699996471405,10000,10009,20000,10006,20000,20000,10000,0.37540000677108765,3.906100034713745,5.338399887084961,10000,2.1416999999998168,2.2154,1,0.1389,0.07339999999999999,376832,15,15,2.6166,7712,0,0,23.63909912109375,14.225199699401855,4.123199939727783,2.9577999114990234,0.014600000344216824,45.6083984375,0,0,0,0,0,0,0,0,0,0,0,0,0
283,98.3666000366211,6.399400234222412,24.730199813842773,5.184100151062012,1.6282999515533447,3.557300090789795,14.60830020904541,1.027400016784668,10000,10009,20000,10006,20000,20000,10000,0.3504999876022339,3.871500015258789,5.207200050354004,10000,2.199299999999823,2.3904,1,0.1334,0.045399999999999996,376832,15,15,1.8994,527288,0,0,31.28660011291504,15.1181001663208,4.308000087738037,6.94379997253418,0.4902999997138977,34.2672004699707,0,0,0,0,0,0,0,0,0,0,0,0,0
284,98.04900360107422,17.466899871826172,40.7489013671875,5.547900199890137,10.201199531555176,7.395999908447266,14.668000221252441,1.1153000593185425,10000,10009,20000,10006,20000,20000,10000,0.4503999948501587,5.469200134277344,6.130799770355225,10000,2.127399999999817,2.1455,1,0.12819999999999998,0.0407,376832,15,15,1.5505,8048,0,0,58.45709991455078,15.217300415039062,4.127699851989746,3.7715001106262207,0.51910001039505,10.417499542236328,0.0114,0,0.1379,13.3698,13.8952,0.0005,0.6923,1,2123804,0,0,0,9913
285,97.81790161132812,0.42340001463890076,25.64349937438965,5.148799896240234,1.9560999870300293,3.731300115585327,14.563599586486816,1.1360000371932983,10000,10009,20000,10006,20000,20000,10000,0.44029998779296875,4.113699913024902,5.369999885559082,10000,2.100199999999814,2.0316,1,0.142,0.0766,376832,15,15,2.1627,7712,0,0,26.264799118041992,14.644000053405762,3.9683001041412354,3.118499994277954,0.014999999664723873,43.122501373291016,0,0,0,0,0,0,0,0,0,0,0,0,0
286,97.95850372314453,2.447000026702881,23.302000045776367,4.9653000831604,1.7474000453948975,2.4479000568389893,14.456999778747559,0.9829999804496765,10000,10009,20000,10006,20000,20000,10000,0.40299999713897705,4.127200126647949,5.422599792480469,10000,2.108999999999816,2.1603,1,0.1277,0.0471,376832,15,15,2.4047,15952,0,0,25.92650032043457,14.504899978637695,4.070199966430664,3.0264999866485596,0.016699999570846558,43.49909973144531,0,0,0,0,0,0,0,0,0,0,0,0,0
287,98.19770050048828,4.576499938964844,27.95009994506836,5.44980001449585,1.6971999406814575,5.049200057983398,14.660599708557129,1.0976999998092651,10000,10009,20000,10006,20000,20000,10000,0.43619999289512634,4.532299995422363,5.623600006103516,10000,2.143499999999812,2.3021,1,0.15380000000000002,0.07899999999999999,376832,15,15,2.5645,505896,0,0,32.6619987487793,15.15149974822998,4.2729997634887695,7.699900150299072,0.47110000252723694,31.292600631713867,0,0,0,0,0,0,0,0,0,0,0,0,0
288,99.9208984375,29.55780029296875,40.1968994140625,5.271100044250488,9.79889965057373,7.30109977722168,14.473699569702148,1.0848000049591064,10000,10009,20000,10006,20000,20000,10000,0.4674000144004822,5.4670000076293945,6.458099842071533,10000,2.089599999999814,1.9915,1,0.1451,0.0658,376832,15,15,2.4076,45032,0,0,69.89350128173828,14.991299629211426,3.9885001182556152,3.9460999965667725,0.49000000953674316,0.21719999611377716,0.0117,0,0.1365,14.7781,24.6132,9.3604,0.6918,1,2086284,141671,9997,30614,9984
289,96.30799865722656,0.3312999904155731,27.96940040588379,4.997000217437744,1.9565000534057617,3.4797000885009766,14.443300247192383,1.06659996509552,10000,10009,20000,10006,20000,20000,10000,0.45719999074935913,5.919300079345703,6.497700214385986,10000,2.106599999999817,1.3439,1,0.1291,0.052700000000000004,376832,15,15,1.8695,7712,0,0,28.450599670410156,14.498000144958496,3.265199899673462,3.0378000736236572,0.01850000023841858,40.7578010559082,0,0,0,0,0,0,0,0,0,0,0,0,0
290,97.99469757080078,7.271399974822998,27.79330062866211,5.654399871826172,1.9035999774932861,4.229000091552734,14.617199897766113,1.0922000408172607,10000,10009,20000,10006,20000,20000,10000,0.43470001220703125,4.244100093841553,5.976600170135498,10000,2.12619999999982,1.6997,1,0.1424,0.0771,376832,15,15,2.0717,539600,0,0,35.2958984375,15.479900360107422,3.648900032043457,7.844299793243408,0.832099974155426,28.780399322509766,0,0,0,0,0,0,0,0,0,0,0,0,0
291,123.7249984741211,52.870201110839844,39.709800720214844,5.462399959564209,10.036299705505371,7.9095001220703125,14.732999801635742,1.1406999826431274,10000,10009,20000,10006,20000,20000,10000,0.4668999910354614,5.703499794006348,4.543399810791016,10000,2.123999999999815,2.3653,1,0.1432,0.0866,376832,15,15,2.252,64760,1,1,92.7936019897461,15.32450008392334,4.337600231170654,3.674999952316284,0.5608000159263611,0.758400022983551,0.0127,11.267399787902832,0.1714,13.1494,22.7846,9.1258,0.7247,1,2032562,136142,9995,29168,9980
292,72.57050323486328,0.4214000105857849,31.939800262451172,5.451000213623047,2.576200008392334,4.261000156402588,14.916500091552734,1.1038999557495117,10000,10009,20000,10006,20000,20000,10000,0.4999000132083893,5.807799816131592,7.5142998695373535,10000,2.317599999999847,1.8593,1,0.1462,0.0675,376832,15,15,2.2207,12424,0,0,32.72549819946289,14.965800285339355,3.9714999198913574,3.295099973678589,0.016599999740719795,10.240599632263184,0,0,0,0,0,0,0,0,0,0,0,0,0
293,97.96089935302734,4.117300033569336,27.316699981689453,4.9222002029418945,1.6520999670028687,3.63700008392334,14.504300117492676,1.2382999658584595,10000,10009,20000,10006,20000,20000,10000,0.5335000157356262,4.466400146484375,6.685200214385986,10000,2.110299999999815,2.3559,1,0.1427,0.0772,376832,15,15,2.565,15952,0,0,31.657699584960938,14.552499771118164,4.283899784088135,3.2571001052856445,0.016300000250339508,37.129398345947266,0,0,0,0,0,0,0,0,0,0,0,0,0
294,98.42359924316406,4.412099838256836,24.486099243164062,5.45359992980957,1.663699984550476,3.589099884033203,14.439499855041504,1.0960999727249146,10000,10009,20000,10006,20000,20000,10000,0.44999998807907104,3.8313000202178955,4.414000034332275,10000,2.128099999999818,2.2951,1,0.1414,0.0799,376832,15,15,2.8973,572616,0,0,29.036300659179688,14.93910026550293,4.226799964904785,6.5055999755859375,0.4754999876022339,36.2963981628418,0,0,0,0,0,0,0,0,0,0,0,0,0
295,98.21900177001953,4.067299842834473,23.105300903320312,4.896500110626221,1.7847000360488892,2.6584999561309814,14.392800331115723,1.0565999746322632,10000,10009,20000,10006,20000,20000,10000,0.46619999408721924,4.3379998207092285,4.45550012588501,10000,2.1098999999998154,2.3645,1,0.1427,0.088,376832,15,15,2.0002,62328,0,0,27.31170082092285,14.43910026550293,4.303500175476074,3.2911999225616455,0.014299999922513962,42.34189987182617,0,0,0,0,0,0,0,0,0,0,0,0,0
296,98.02940368652344,0.42089998722076416,26.965900421142578,5.191999912261963,3.293299913406372,3.5452001094818115,14.615099906921387,1.11080002784729,10000,10009,20000,10006,20000,20000,10000,0.44530001282691956,4.106599807739258,5.399799823760986,10000,2.106999999999813,2.2795,1,0.1291,0.0395,376832,15,15,1.9475,7712,0,0,27.599700927734375,14.666399955749512,4.269800186157227,3.2204999923706055,0.018200000748038292,41.75429916381836,0,0,0,0,0,0,0,0,0,0,0,0,0
297,98.05760192871094,2.600399971008301,23.83839988708496,4.925899982452393,2.256999969482422,2.558199882507324,14.246299743652344,1.0649000406265259,10000,10009,20000,10006,20000,20000,10000,0.46230000257492065,3.9735000133514404,5.201099872589111,10000,2.1182999999998144,2.1228,1,0.1292,0.045599999999999995,376832,15,15,2.3532,15952,0,0,26.57550048828125,14.290200233459473,4.144999980926514,3.1891000270843506,0.016100000590085983,42.98469924926758,0,0,0,0,0,0,0,0,0,0,0,0,0
298,98.12049865722656,4.18179988861084,25.879100799560547,5.3902997970581055,1.9973000288009644,3.8447999954223633,14.404800415039062,1.0735000371932983,10000,10009,20000,10006,20000,20000,10000,0.49939998984336853,4.1367998123168945,4.700200080871582,10000,2.125099999999815,2.4459,1,0.15,0.0728,376832,15,15,2.9405,571152,0,0,30.193099975585938,15.218899726867676,4.363399982452393,6.982699871063232,0.7820000052452087,33.80120086669922,0,0,0,0,0,0,0,0,0,0,0,0,0
299,98.06510162353516,17.910499572753906,41.11399841308594,5.861199855804443,10.470199584960938,7.484399795532227,15.585399627685547,1.1621999740600586,10000,10009,20000,10006,20000,20000,10000,0.45730000734329224,6.2769999504089355,5.032700061798096,10000,2.130499999999823,2.3084,1,0.1411,0.0869,376832,15,15,2.9233,8048,0,0,59.231998443603516,16.1466007232666,4.284900188446045,3.7623000144958496,0.5286999940872192,7.09119987487793,0.0111,0,0.1386,13.9753,14.4937,0.0006,0.6849,1,1981306,0,0,0,9891
300,98.21099853515625,0.3237999975681305,23.60700035095215,5.059899806976318,1.9842000007629395,2.56030011177063,14.67080020904541,0.9695000052452087,10000,10009,20000,10006,20000,20000,10000,0.3377000093460083,4.176300048828125,5.348499774932861,10000,2.0910999999998148,2.3234,1,0.1438,0.0842,376832,15,15,1.6473,7712,0,0,24.0664005279541,14.717900276184082,4.274400234222412,3.3685998916625977,0.015799999237060547,45.65140151977539,0,0,0,0,0,0,0,0,0,0,0,0,0
301,98.38189697265625,2.515700101852417,29.51460075378418,5.1107001304626465,3.701900005340576,3.567199945449829,14.665599822998047,1.131100058555603,10000,10009,20000,10006,20000,20000,10000,0.48030000925064087,4.7144999504089355,6.268199920654297,10000,2.117799999999818,2.2474,1,0.1762,0.0736,376832,15,15,2.5756,15952,0,0,32.16790008544922,14.698399543762207,4.225900173187256,3.261699914932251,0.01140000019222498,36.83679962158203,0,0,0,0,0,0,0,0,0,0,0,0,0
302,98.14099884033203,4.3968000411987305,29.692800521850586,5.566999912261963,2.293600082397461,4.495800018310547,14.736599922180176,1.1864999532699585,10000,10009,20000,10006,20000,20000,10000,0.4880000054836273,5.986599922180176,5.591899871826172,10000,2.1334999999998163,3.6365,1,0.183,0.12290000000000001,376832,15,15,4.0088,511088,0,0,34.23640060424805,15.489700317382812,7.21560001373291,8.996899604797363,0.7113000154495239,22.935100555419922,0,0,0,0,0,0,0,0,0,0,0,0,0
303,111.84739685058594,42.62900161743164,40.768001556396484,5.5960001945495605,10.320300102233887,7.283299922943115,14.683899879455566,1.0882999897003174,10000,10009,20000,10006,20000,20000,10000,0.4302000105381012,5.875999927520752,5.738999843597412,10000,2.1011999999998134,1.3692,1,0.1278,0.068,376832,15,15,1.4744,47752,0,0,83.53990173339844,15.325799942016602,3.253700017929077,3.5810999870300293,0.6104999780654907,0.3303999900817871,0.0123,11.353400230407715,0.1723,14.1289,25.794,10.8911,0.7672,1,1949156,135450,9994,29036,9982
304,84.76319885253906,0.3935999870300293,25.005300521850586,5.2555999755859375,2.094099998474121,2.5032999515533447,14.57699966430664,0.9815000295639038,10000,10009,20000,10006,20000,20000,10000,0.34279999136924744,3.987499952316284,6.480000019073486,10000,2.112599999999815,2.4029,1,0.14229999999999998,0.0682,376832,15,15,2.533,7712,0,0,25.6028995513916,14.620400428771973,4.363399982452393,3.073199987411499,0.016599999740719795,30.027799606323242,0,0,0,0,0,0,0,0,0,0,0,0,0
305,98.239501953125,2.6475000381469727,25.032699584960938,4.99370002746582,2.074700117111206,2.6289000511169434,14.895299911499023,1.1059999465942383,10000,10009,20000,10006,20000,20000,10000,0.4659999907016754,4.696700096130371,5.435999870300293,10000,2.1080999999998142,1.7768,1,0.1436,0.07769999999999999,376832,15,15,2.482,15952,0,0,27.88949966430664,14.942500114440918,3.728100061416626,3.228100061416626,0.01679999940097332,41.36970138549805,0,0,0,0,0,0,0,0,0,0,0,0,0
306,98.45099639892578,4.083899974822998,25.204200744628906,5.351900100708008,1.8147000074386597,3.7056000232696533,14.67140007019043,1.1088000535964966,10000,10009,20000,10006,20000,20000,10000,0.47940000891685486,4.201700210571289,4.603400230407715,10000,2.1229999999998164,2.4215,1,0.13949999999999999,0.0849,376832,15,15,2.6591,504728,0,0,29.43280029296875,15.401000022888184,4.446899890899658,7.373600006103516,0.6998999714851379,34.54990005493164,0,0,0,0,0,0,0,0,0,0,0,0,0
307,115.94770050048828,42.45669937133789,43.55289840698242,6.13730001449585,10.787099838256836,7.561699867248535,14.833100318908691,1.218500018119812,10000,10009,20000,10006,20000,20000,10000,0.45840001106262207,6.24459981918335,6.674900054931641,10000,2.130599999999816,2.2732,1,0.13019999999999998,0.0468,376832,15,15,1.5081,56864,0,0,86.21690368652344,15.427599906921387,4.2469000816345215,3.6861000061035156,0.5630999803543091,0.3140999972820282,0.0125,11.863200187683105,0.1368,14.1853,24.9316,10.2189,0.7799,1,1904688,129886,9993,27608,9973
308,80.53379821777344,0.3889000117778778,28.421199798583984,5.117199897766113,2.423799991607666,2.8187999725341797,14.668100357055664,1.0886000394821167,10000,10009,20000,10006,20000,20000,10000,0.4553000032901764,5.06790018081665,7.548699855804443,10000,2.1114999999998134,2.3292,1,0.14200000000000002,0.0624,376832,15,15,2.5183,7712,0,0,29.0177001953125,14.706000328063965,4.274199962615967,3.1635000705718994,0.010400000028312206,22.392900466918945,0,0,0,0,0,0,0,0,0,0,0,0,0
309,98.3291015625,3.368499994277954,25.52549934387207,4.917600154876709,2.2339000701904297,2.8236000537872314,14.626999855041504,1.0882999897003174,10000,10009,20000,10006,20000,20000,10000,0.41179999709129333,4.023399829864502,6.2270002365112305,10000,2.314599999999825,2.0918,1,0.1449,0.0837,376832,15,15,2.9303,15952,0,0,29.033199310302734,14.675100326538086,4.030399799346924,3.117000102996826,0.016899999231100082,39.737701416015625,0,0,0,0,0,0,0,0,0,0,0,0,0
310,98.5469970703125,4.283699989318848,26.28339958190918,5.372300148010254,2.211400032043457,3.6161999702453613,14.651300430297852,1.1126999855041504,10000,10009,20000,10006,20000,20000,10000,0.4562000036239624,3.9837000370025635,5.0233001708984375,10000,2.1016999999998216,2.3286,1,0.13929999999999998,0.0729,376832,15,15,1.9568,591152,0,0,30.71030044555664,15.18529987335205,4.257400035858154,8.315500259399414,0.5103999972343445,33.708499908447266,0,0,0,0,0,0,0,0,0,0,0,0,0
311,98.61620330810547,4.057700157165527,24.569799423217773,4.97730016708374,2.2076001167297363,2.748199939727783,14.712800025939941,1.1016000509262085,10000,10009,20000,10006,20000,20000,10000,0.4848000109195709,4.57919979095459,4.516200065612793,10000,2.0944999999998153,2.0111,1,0.12910000000000002,0.053,376832,15,15,1.485,56000,0,0,28.76409912109375,14.76039981842041,3.9221999645233154,3.277899980545044,0.01730000041425228,41.938201904296875,0,0,0,0,0,0,0,0,0,0,0,0,0
312,98.20490264892578,0.3425999879837036,28.60580062866211,5.213399887084961,4.566500186920166,2.5848000049591064,15.01200008392334,1.0740000009536743,10000,10009,20000,10006,20000,20000,10000,0.40779998898506165,4.6921000480651855,5.860599994659424,10000,2.1185999999998164,2.3373,1,0.13069999999999998,0.036699999999999997,376832,15,15,1.9537,7712,0,0,29.141799926757812,15.06089973449707,4.257299900054932,3.3080999851226807,0.015699999406933784,39.774898529052734,0,0,0,0,0,0,0,0,0,0,0,0,0
313,98.74729919433594,6.342199802398682,27.686399459838867,5.381100177764893,1.819700002670288,4.450900077819824,14.729499816894531,1.1030000448226929,10000,10009,20000,10006,20000,20000,10000,0.5449000000953674,4.28410005569458,5.916100025177002,10000,2.1075999999998167,2.0924,1,0.1424,0.0749,376832,15,15,2.5754,551096,0,0,34.17250061035156,15.21969985961914,4.019199848175049,6.584099769592285,0.46369999647140503,31.7549991607666,0,0,0,0,0,0,0,0,0,0,0,0,0
314,98.62519836425781,17.406200408935547,36.689998626708984,5.55620002746582,10.05780029296875,6.347099781036377,14.530699729919434,1.1334999799728394,10000,10009,20000,10006,20000,20000,10000,0.4657999873161316,4.00540018081665,4.903500080108643,10000,2.1336999999998216,1.9546,1,0.14950000000000002,0.0803,376832,15,15,3.041,8048,0,0,54.28889846801758,15.095100402832031,3.94350004196167,3.76990008354187,0.5343999862670898,13.439599990844727,0.0112,0,0.154,13.4803,14.0127,0.001,0.7394,1,1855224,0,0,0,9868
315,98.55699920654297,0.3962000012397766,25.075700759887695,4.910299777984619,1.8158999681472778,2.6535000801086426,14.647700309753418,0.9707000255584717,10000,10009,20000,10006,20000,20000,10000,0.43309998512268066,5.029699802398682,5.849899768829346,10000,2.1029999999998146,2.4414,1,0.146,0.0917,376832,15,15,2.4928,7712,0,0,25.680999755859375,14.693099975585938,4.4145002365112305,3.2976999282836914,0.016599999740719795,43.477298736572266,0,0,0,0,0,0,0,0,0,0,0,0,0
316,98.79609680175781,2.7248001098632812,28.164199829101562,5.069300174713135,2.502500057220459,3.9307000637054443,14.640000343322754,1.107200026512146,10000,10009,20000,10006,20000,20000,10000,0.4715999960899353,4.546599864959717,6.392199993133545,10000,2.116699999999816,1.9123,1,0.1385,0.0635,376832,15,15,1.6866,15952,0,0,31.0221004486084,14.688799858093262,3.865600109100342,3.213399887084961,0.01590000092983246,39.76900100708008,0,0,0,0,0,0,0,0,0,0,0,0,0
317,98.70909881591797,4.382599830627441,30.66819953918457,5.591100215911865,1.7898000478744507,5.154399871826172,14.723799705505371,1.1302000284194946,10000,10009,20000,10006,20000,20000,10000,0.453900009393692,5.133399963378906,6.76609992980957,10000,2.1090999999998203,2.324,1,0.1426,0.0723,376832,15,15,2.5725,549864,0,0,35.268001556396484,15.526599884033203,4.263400077819824,7.411799907684326,0.7670999765396118,29.072500228881836,0,0,0,0,0,0,0,0,0,0,0,0,0
318,98.79769897460938,29.14259910583496,36.59920120239258,5.1143999099731445,9.777099609375,6.690700054168701,14.705499649047852,1.037600040435791,10000,10009,20000,10006,20000,20000,10000,0.44769999384880066,4.211100101470947,5.111599922180176,10000,2.1439999999998154,2.311,1,0.1289,0.0451,376832,15,15,1.5453,53848,0,0,65.96160125732422,15.324399948120117,4.251200199127197,3.7572999000549316,0.5859000086784363,3.466399908065796,0.0117,0,0.1353,15.0699,24.0931,8.5592,0.7339,1,1838438,130188,9993,27450,9972
319,98.64440155029297,0.40290001034736633,25.337200164794922,5.05210018157959,1.79830002784729,2.6171000003814697,14.523900032043457,0.9718000292778015,10000,10009,20000,10006,20000,20000,10000,0.3614000082015991,5.951700210571289,5.424799919128418,10000,2.102399999999816,2.4438,1,0.1289,0.057600000000000005,376832,15,15,1.6523,7712,0,0,25.92770004272461,14.5625,4.410600185394287,3.2599000930786133,0.009999999776482582,44.31570053100586,0,0,0,0,0,0,0,0,0,0,0,0,0
320,98.9751968383789,6.984399795532227,28.049699783325195,6.184800148010254,2.0562000274658203,4.20550012588501,14.625499725341797,1.131500005722046,10000,10009,20000,10006,20000,20000,10000,0.44519999623298645,3.575700044631958,6.367300033569336,10000,2.114099999999819,2.3664,1,0.13999999999999999,0.0748,376832,15,15,2.9843,566992,0,0,35.17890167236328,15.112299919128418,4.347899913787842,5.968599796295166,0.4681999981403351,30.878599166870117,0,0,0,0,0,0,0,0,0,0,0,0,0
321,101.65399932861328,35.62919998168945,36.14939880371094,5.293099880218506,9.756799697875977,6.956900119781494,14.591400146484375,1.1110999584197998,10000,10009,20000,10006,20000,20000,10000,0.5760999917984009,3.851900100708008,4.448999881744385,10000,2.1131999999998157,2.2934,1,0.1467,0.0795,376832,15,15,2.6342,58568,0,0,71.92310333251953,15.099200248718262,4.2322001457214355,2.9402999877929688,0.4765999913215637,0.21330000460147858,0.0117,10.579899787902832,0.1367,10.9299,19.8235,8.4168,0.6543,1,1800648,125747,9993,26467,9966
322,95.73880004882812,0.3986999988555908,27.163999557495117,4.934100151062012,2.1552999019622803,3.302500009536743,15.130800247192383,1.2265000343322754,10000,10009,20000,10006,20000,20000,10000,0.4733999967575073,4.289999961853027,6.520899772644043,10000,2.1079999999998136,2.5896,1,0.146,0.0806,376832,15,15,2.9928,7712,0,0,27.69930076599121,15.17590045928955,4.566999912261963,3.3461999893188477,0.01549999974668026,37.47840118408203,0,0,0,0,0,0,0,0,0,0,0,0,0
323,98.5426025390625,2.6398000717163086,26.74049949645996,4.955399990081787,2.7088000774383545,2.61899995803833,14.49429988861084,1.1008000373840332,10000,10009,20000,10006,20000,20000,10000,0.42890000343322754,4.124800205230713,6.5304999351501465,10000,2.102499999999815,2.3883,1,0.1361,0.0859,376832,15,15,2.1125,15952,0,0,29.608600616455078,14.531100273132324,4.356299877166748,3.3945000171661377,0.010700000450015068,39.93980026245117,0,0,0,0,0,0,0,0,0,0,0,0,0
324,99.07009887695312,4.66510009765625,26.932600021362305,5.26800012588501,1.613800048828125,4.700900077819824,14.435999870300293,1.0887999534606934,10000,10009,20000,10006,20000,20000,10000,0.45910000801086426,4.223800182342529,5.180799961090088,10000,2.0976999999998145,2.3474,1,0.14129999999999998,0.0745,376832,15,15,2.5494,516272,0,0,31.73780059814453,15.178000450134277,4.279300212860107,7.2789998054504395,0.718500018119812,33.516300201416016,0,0,0,0,0,0,0,0,0,0,0,0,0
325,98.91519927978516,4.060500144958496,25.452600479125977,5.121600151062012,3.168100118637085,2.826900005340576,14.761300086975098,1.0925999879837036,10000,10009,20000,10006,20000,20000,10000,0.47130000591278076,3.972100019454956,4.706299781799316,10000,2.124099999999813,1.9032,1,0.14140000000000003,0.0798,376832,15,15,1.6339,58232,0,0,29.652999877929688,14.796500205993652,3.877000093460083,3.6791000366210938,0.010200000368058681,40.85710144042969,0,0,0,0,0,0,0,0,0,0,0,0,0
326,98.77510070800781,0.35120001435279846,26.085899353027344,5.111800193786621,2.9207000732421875,2.764400005340576,14.655900001525879,1.092900037765503,10000,10009,20000,10006,20000,20000,10000,0.5049999952316284,4.549200057983398,5.549099922180176,10000,2.098399999999814,2.396,1,0.1402,0.0468,376832,15,15,2.4551,7712,0,0,26.586000442504883,14.701199531555176,4.354499816894531,3.1814000606536865,0.016200000420212746,42.99380111694336,0,0,0,0,0,0,0,0,0,0,0,0,0
327,98.35659790039062,2.6445000171661377,24.827600479125977,5.128600120544434,2.121799945831299,2.7776999473571777,14.60420036315918,1.0902999639511108,10000,10009,20000,10006,20000,20000,10000,0.4884999990463257,4.0121002197265625,5.4008002281188965,10000,2.1906999999998114,2.2806,1,0.1429,0.0786,376832,15,15,2.9689,15952,0,0,27.673599243164062,14.65369987487793,4.334499835968018,3.2112998962402344,0.01720000058412552,40.22600173950195,0,0,0,0,0,0,0,0,0,0,0,0,0
328,98.96690368652344,4.352099895477295,30.71940040588379,5.632199764251709,2.341399908065796,4.737500190734863,15.109000205993652,1.127500057220459,10000,10009,20000,10006,20000,20000,10000,0.4993000030517578,6.155399799346924,5.346399784088135,10000,2.131699999999823,2.3991,1,0.19010000000000002,0.0895,376832,15,15,3.1423,533600,0,0,35.20759963989258,15.912300109863281,6.002200126647949,7.690299987792969,0.767799973487854,26.329700469970703,0,0,0,0,0,0,0,0,0,0,0,0,0
329,99.07109832763672,14.881799697875977,38.984100341796875,5.734600067138672,10.172699928283691,7.11929988861084,14.496999740600586,1.145900011062622,10000,10009,20000,10006,20000,20000,10000,0.4717999994754791,4.070499897003174,6.02269983291626,10000,2.1013999999998134,2.3413,1,0.1437,0.0796,376832,15,15,2.3468,8048,0,0,54.00419998168945,14.99489974975586,4.280399799346924,3.776400089263916,0.46880000829696655,15.182999610900879,0.011,0,0.14,11.1532,11.6561,0.0006,0.6761,1,1769188,0,0,0,9831
330,98.60690307617188,0.38199999928474426,25.51799964904785,5.244800090789795,1.9628000259399414,2.733599901199341,14.702199935913086,0.9598000049591064,10000,10009,20000,10006,20000,20000,10000,0.44449999928474426,5.472099781036377,5.402500152587891,10000,2.114699999999815,2.3762,1,0.1529,0.07769999999999999,376832,15,15,2.6682,7712,0,0,26.10580062866211,14.750200271606445,4.768700122833252,3.329200029373169,0.016200000420212746,42.26789855957031,0,0,0,0,0,0,0,0,0,0,0,0,0
331,99.23049926757812,2.9948999881744385,28.6023006439209,4.94980001449585,2.219399929046631,3.421600103378296,14.588500022888184,1.159999966621399,10000,10009,20000,10006,20000,20000,10000,0.48739999532699585,5.310500144958496,6.648900032043457,10000,2.114399999999816,2.3298,1,0.1426,0.08,376832,15,15,2.6223,15952,0,0,31.7362003326416,14.634499549865723,4.252799987792969,3.2520999908447266,0.015399999916553497,38.194698333740234,0,0,0,0,0,0,0,0,0,0,0,0,0
332,98.85440063476562,4.152400016784668,28.203699111938477,5.470799922943115,2.3766000270843506,5.125,14.70479965209961,1.1715999841690063,10000,10009,20000,10006,20000,20000,10000,0.46470001339912415,4.295100212097168,4.9980998039245605,10000,2.157399999999822,2.2756,1,0.12780000000000002,0.044,376832,15,15,1.7928,521560,0,0,32.5098991394043,15.36970043182373,4.267499923706055,7.652400016784668,0.6345000267028809,32.6879997253418,0,0,0,0,0,0,0,0,0,0,0,0,0
333,105.17220306396484,27.302000045776367,43.61869812011719,5.610599994659424,10.72439956665039,8.360600471496582,14.964200019836426,1.2058000564575195,10000,10009,20000,10006,20000,20000,10000,0.45190000534057617,6.282700061798096,6.369800090789795,10000,2.1243999999998153,1.5161,1,0.20850000000000002,0.131,376832,15,15,2.5994,44472,0,0,71.06109619140625,15.822199821472168,4.5157999992370605,3.59089994430542,0.8136000037193298,0.20600000023841858,0.0121,0,0.1394,12.8572,21.76,8.4337,0.6845,1,1756100,127839,9995,26872,9964
334,93.10910034179688,0.33070001006126404,26.56089973449707,5.207900047302246,1.9404000043869019,3.332200050354004,14.343799591064453,1.0846999883651733,10000,10009,20000,10006,20000,20000,10000,0.5062999725341797,4.155300140380859,6.5756001472473145,10000,2.108399999999818,2.3284,1,0.1418,0.0776,376832,15,15,2.935,7712,0,0,27.025800704956055,14.380399703979492,4.249599933624268,3.197000026702881,0.010099999606609344,36.92300033569336,0,0,0,0,0,0,0,0,0,0,0,0,0
335,99.33399963378906,6.526000022888184,26.777599334716797,5.478400230407715,1.7662999629974365,3.6682000160217285,14.708700180053711,1.0779000520706177,10000,10009,20000,10006,20000,20000,10000,0.41200000047683716,4.065000057220459,6.5167999267578125,10000,2.091499999999816,2.4258,1,0.1415,0.08560000000000001,376832,15,15,2.3577,575400,0,0,33.43239974975586,15.49899959564209,4.537899971008301,7.52239990234375,0.7649000287055969,31.532800674438477,0,0,0,0,0,0,0,0,0,0,0,0,0
336,107.86170196533203,39.12630081176758,39.790401458740234,5.497300148010254,10.305100440979004,7.5218000411987305,14.758700370788574,1.1047999858856201,10000,10009,20000,10006,20000,20000,10000,0.5814999938011169,4.741499900817871,5.633299827575684,10000,2.109299999999814,1.4108,1,0.14029999999999998,0.0596,376832,15,15,1.7813,65232,0,0,79.05840301513672,15.363499641418457,3.3085999488830566,3.6120998859405518,0.5715000033378601,0.3138999938964844,0.0119,11.094599723815918,0.1541,12.4235,21.9873,8.9576,0.8917,1,1724248,123259,9996,25881,9961
337,90.74130249023438,0.41110000014305115,25.69770050048828,5.1915998458862305,1.802899956703186,2.8461999893188477,14.721699714660645,1.0956000089645386,10000,10009,20000,10006,20000,20000,10000,0.4595000147819519,4.690700054168701,5.735199928283691,10000,2.131699999999821,2.2688,1,0.14229999999999998,0.07350000000000001,376832,15,15,2.5747,7712,0,0,26.334800720214844,14.77239990234375,4.239299774169922,3.3592000007629395,0.01730000041425228,34.907501220703125,0,0,0,0,0,0,0,0,0,0,0,0,0
338,99.55650329589844,3.071000099182129,24.50189971923828,5.055500030517578,1.8072999715805054,3.2428998947143555,14.56719970703125,1.121000051498413,10000,10009,20000,10006,20000,20000,10000,0.46700000762939453,4.114299774169922,5.436299800872803,10000,2.113899999999817,2.3461,1,0.1285,0.0465,376832,15,15,1.5041,15952,0,0,27.77720069885254,14.615799903869629,4.267399787902832,3.2780001163482666,0.015799999237060547,43.54949951171875,0,0,0,0,0,0,0,0,0,0,0,0,0
339,99.75350189208984,4.975900173187256,26.568099975585938,5.620200157165527,2.03629994392395,4.089099884033203,14.57979965209961,1.1157000064849854,10000,10009,20000,10006,20000,20000,10000,0.4555000066757202,3.9391000270843506,4.875400066375732,10000,2.109699999999815,2.0166,1,0.12919999999999998,0.04820000000000001,376832,15,15,2.4191,622048,0,0,31.702600479125977,15.113499641418457,3.9393999576568604,6.284800052642822,0.5073000192642212,35.803001403808594,0,0,0,0,0,0,0,0,0,0,0,0,0
340,99.65170288085938,4.038300037384033,30.003299713134766,5.098299980163574,3.1066999435424805,3.565500020980835,14.652199745178223,1.2223999500274658,10000,10009,20000,10006,20000,20000,10000,0.4973999857902527,5.5980000495910645,6.457799911499023,10000,2.1066999999998175,2.0649,1,0.1302,0.0391,376832,15,15,2.2528,59416,0,0,34.26620101928711,14.701299667358398,4.029799938201904,3.313199996948242,0.01730000041425228,36.56209945678711,0,0,0,0,0,0,0,0,0,0,0,0,0
341,99.48870086669922,0.31839999556541443,24.807300567626953,5.046000003814697,2.222599983215332,2.8375000953674316,14.695899963378906,0.9714999794960022,10000,10009,20000,10006,20000,20000,10000,0.4388999938964844,4.572400093078613,5.482800006866455,10000,2.098099999999815,2.618,1,0.12940000000000002,0.047,376832,15,15,1.5054,7712,0,0,25.267499923706055,14.74120044708252,4.5904998779296875,3.365799903869629,0.015599999576807022,45.430999755859375,0,0,0,0,0,0,0,0,0,0,0,0,0
342,99.37909698486328,2.157099962234497,24.32859992980957,5.19379997253418,1.7960000038146973,2.8306000232696533,14.754300117492676,0.9790999889373779,10000,10009,20000,10006,20000,20000,10000,0.45559999346733093,4.373199939727783,5.398900032043457,10000,2.1405999999998198,2.4051,1,0.1282,0.0469,376832,15,15,1.9713,15952,0,0,26.681900024414062,14.809200286865234,4.390399932861328,3.3331000804901123,0.027699999511241913,43.607200622558594,0,0,0,0,0,0,0,0,0,0,0,0,0
343,99.36299896240234,4.001699924468994,25.90489959716797,5.287300109863281,1.7553999423980713,4.052000045776367,14.63129997253418,1.1259000301361084,10000,10009,20000,10006,20000,20000,10000,0.4778999984264374,3.9388999938964844,5.238999843597412,10000,2.1126999999998137,2.3101,1,0.1279,0.0469,376832,15,15,1.7893,456120,0,0,30.04520034790039,15.034799575805664,4.291600227355957,6.913700103759766,0.3774999976158142,36.90729904174805,0,0,0,0,0,0,0,0,0,0,0,0,0
344,100.03199768066406,16.699399948120117,42.49549865722656,5.889699935913086,10.368200302124023,7.627399921417236,15.376700401306152,1.1756000518798828,10000,10009,20000,10006,20000,20000,10000,0.45159998536109924,6.4756999015808105,6.032400131225586,10000,2.1854999999998204,4.0085,1,0.20030000000000003,0.13419999999999999,376832,15,15,4.1559,8048,0,0,59.44089889526367,16.499900817871094,8.219900131225586,5.3592000007629395,1.0799000263214111,0.30250000953674316,0.0181,0,0.2687,12.4491,13.1011,0.0002,0.837,1,1687642,0,0,0,9793
345,99.77040100097656,0.4259999990463257,31.603200912475586,5.048799991607666,1.90339994430542,3.5195000171661377,15.172499656677246,1.0921000242233276,10000,10009,20000,10006,20000,20000,10000,0.6040999889373779,6.361800193786621,8.177599906921387,10000,2.1346999999998246,2.3226,1,0.1516,0.0915,376832,15,15,3.0644,7712,0,0,32.24449920654297,15.225600242614746,4.819499969482422,3.3912999629974365,0.016699999570846558,35.272300720214844,0,0,0,0,0,0,0,0,0,0,0,0,0
346,100.07019805908203,4.246699810028076,30.83530044555664,5.134799957275391,3.1386001110076904,3.4558000564575195,15.167200088500977,1.1021000146865845,10000,10009,20000,10006,20000,20000,10000,0.4226999878883362,5.689300060272217,7.5706000328063965,10000,2.160299999999827,2.538,1,0.1498,0.0892,376832,15,15,2.8319,15952,0,0,35.301300048828125,15.218299865722656,4.79610013961792,3.334399938583374,0.017799999564886093,33.89310073852539,0,0,0,0,0,0,0,0,0,0,0,0,0
347,100.0165023803711,5.560999870300293,28.91469955444336,5.445000171661377,1.746399998664856,4.828400135040283,14.881600379943848,1.1054999828338623,10000,10009,20000,10006,20000,20000,10000,0.43459999561309814,4.9741997718811035,5.529799938201904,10000,2.117499999999816,2.4171,1,0.1555,0.0829,376832,15,15,2.4726,599688,0,0,34.683998107910156,15.697999954223633,7.10230016708374,8.185099601745605,0.7800999879837036,26.60610008239746,0,0,0,0,0,0,0,0,0,0,0,0,0
348,115.39219665527344,27.946300506591797,48.114898681640625,6.684800148010254,11.321800231933594,9.877599716186523,20.697999954223633,1.3823000192642212,10000,10009,20000,10006,20000,20000,10000,0.5627999901771545,7.4969000816345215,5.490600109100342,10000,2.6670000000000784,2.4322,1,0.1758,0.0791,376832,15,15,2.5339,48224,0,0,76.27169799804688,21.477500915527344,4.663899898529053,4.46019983291626,0.7422000169754028,0.31299999356269836,0.005,0,0.1581,12.5977,22.0216,8.9852,0.6883,1,1679672,126591,9994,26964,9959
349,152.81199645996094,0.4293999969959259,82.03130340576172,21.946699142456055,5.991600036621094,9.725899696350098,46.11280059814453,4.208199977874756,10000,10009,20000,10006,20000,20000,10000,2.593400001525879,18.904600143432617,8.080300331115723,10000,3.5102000000006224,3.8209,1,0.18550000000000003,0.093,376832,15,15,4.0412,7712,0,0,82.68240356445312,46.224098205566406,8.047499656677246,4.071800231933594,0.03480000048875809,0.3443000018596649,0,0,0,0,0,0,0,0,0,0,0,0,0
350,74.22309875488281,4.289000034332275,31.361000061035156,6.077700138092041,2.4897000789642334,2.766900062561035,16.717500686645508,1.261299967765808,10000,10009,20000,10006,20000,20000,10000,0.46889999508857727,4.677800178527832,8.606599807739258,10000,2.2440999999998525,2.6709,1,0.1722,0.1137,376832,15,15,3.0541,15952,0,0,35.88869857788086,16.772499084472656,6.703700065612793,3.7655999660491943,0.02070000022649765,0.3610999882221222,0,0,0,0,0,0,0,0,0,0,0,0,0
351,85.6884994506836,7.160699844360352,38.317298889160156,6.931300163269043,3.1247000694274902,6.4679999351501465,18.12150001525879,1.368499994277954,10000,10009,20000,10006,20000,20000,10000,0.6328999996185303,6.133900165557861,8.096099853515625,10000,2.6528000000000285,2.396,1,0.1614,0.0803,376832,15,15,2.6593,509392,0,0,45.69620132446289,18.885700225830078,4.645699977874756,7.98330020904541,0.7317000031471252,0.33250001072883606,0,0,0,0,0,0,0,0,0,0,0,0,0
352,138.48089599609375,57.050498962402344,44.22119903564453,5.888299942016602,11.534899711608887,9.592700004577637,16.20400047302246,1.134600043296814,10000,10009,20000,10006,20000,20000,10000,0.4896000027656555,5.6803998947143555,5.2677001953125,10000,2.240399999999837,1.9781,1,0.1991,0.1265,376832,15,15,3.0592,58576,0,0,101.48249816894531,17.00149917602539,5.2758002281188965,4.266200065612793,0.7620000243186951,0.30979999899864197,0.0044,12.27560043334961,0.1667,25.864,38.1912,11.2484,0.6941,1,1650812,121412,9995,25588,9949
353,67.25199890136719,0.44609999656677246,33.89690017700195,5.882699966430664,3.020699977874756,3.6465001106262207,15.153900146484375,1.1971999406814575,10000,10009,20000,10006,20000,20000,10000,0.5911999940872192,6.085899829864502,8.153300285339355,10000,2.1160999999998134,2.3651,1,0.1689,0.1069,376832,15,15,2.3818,7712,0,0,34.59989929199219,15.204500198364258,4.405600070953369,3.3850998878479004,0.016899999231100082,0.30809998512268066,0,0,0,0,0,0,0,0,0,0,0,0,0
354,75.67890167236328,4.360599994659424,35.190799713134766,5.703700065612793,4.714700222015381,3.789299964904785,15.886799812316895,1.152400016784668,10000,10009,20000,10006,20000,20000,10000,0.5455999970436096,6.166999816894531,7.930799961090088,10000,2.3028999999998785,3.0298,1,0.2523,0.181,376832,15,15,3.6831,15952,0,0,39.75809860229492,15.94480037689209,6.389699935913086,4.4197001457214355,0.01769999973475933,0.2930999994277954,0,0,0,0,0,0,0,0,0,0,0,0,0
355,117.93579864501953,8.944999694824219,43.199798583984375,8.868499755859375,4.726099967956543,5.671899795532227,25.909099578857422,1.2726999521255493,10000,10009,20000,10006,20000,20000,10000,0.5370000004768372,8.108099937438965,7.885799884796143,10000,3.5126000000002686,4.7289,1,0.2782,0.1456,376832,15,15,4.9969,531272,0,0,52.35499954223633,27.42300033569336,10.505200386047363,11.254599571228027,1.4062999486923218,0.35589998960494995,0,0,0,0,0,0,0,0,0,0,0,0,0
356,103.7072982788086,11.112099647521973,49.65719985961914,12.127799987792969,5.606599807739258,6.571199893951416,23.171499252319336,1.420199990272522,10000,10009,20000,10006,20000,20000,10000,0.9628000259399414,8.223699569702148,9.227999687194824,10000,2.455399999999956,3.2682,1,0.1639,0.09079999999999999,376832,15,15,2.8382,54904,0,0,61.05149841308594,23.233200073242188,6.672800064086914,4.345900058746338,0.019600000232458115,0.29179999232292175,0,0,0,0,0,0,0,0,0,0,0,0,0
357,75.34600067138672,0.4634000062942505,34.6880989074707,6.051400184631348,4.916600227355957,3.8027000427246094,15.877799987792969,1.215399980545044,10000,10009,20000,10006,20000,20000,10000,0.47209998965263367,4.984399795532227,8.358599662780762,10000,2.2175999999998357,2.3883,1,0.20559999999999998,0.1404,376832,15,15,3.7768,7712,0,0,35.37860107421875,15.928000450134277,5.442999839782715,4.087100028991699,0.017000000923871994,3.604599952697754,0,0,0,0,0,0,0,0,0,0,0,0,0
358,101.04550170898438,4.253499984741211,33.4567985534668,5.3592000007629395,2.9835000038146973,4.026199817657471,16.395599365234375,1.207800030708313,10000,10009,20000,10006,20000,20000,10000,0.4799000024795532,6.3024001121521,7.645899772644043,10000,2.388399999999935,2.5765,1,0.24320000000000003,0.1604,376832,15,15,3.3573,15952,0,0,37.923099517822266,16.459999084472656,6.029099941253662,3.6521999835968018,0.023000000044703484,28.298900604248047,0,0,0,0,0,0,0,0,0,0,0,0,0
359,143.1107940673828,7.029300212860107,37.792598724365234,7.183499813079834,4.799699783325195,5.353499889373779,33.40729904174805,1.3367999792099,10000,10009,20000,10006,20000,20000,10000,0.49880000948905945,5.521900177001953,7.372300148010254,10000,10.264800000000923,5.2788,1,0.46599999999999997,0.1471,376832,15,15,7.1475,583384,0,0,45.041500091552734,34.85260009765625,14.201299667358398,20.738000869750977,1.3854999542236328,0.9776999950408936,0,0,0,0,0,0,0,0,0,0,0,0,0
360,180.46719360351562,53.0078010559082,87.5156021118164,13.930999755859375,19.4862003326416,15.054200172424316,26.87470054626465,2.589200019836426,10000,10009,20000,10006,20000,20000,10000,1.0499000549316406,9.927499771118164,15.842399597167969,10000,2.1139999999998156,1.404,1,0.12840000000000001,0.04819999999999999,376832,15,15,1.4741,8048,0,0,140.9340057373047,27.28070068359375,3.2780001163482666,2.8199000358581543,0.3637000024318695,0.2184000015258789,0.0077,0,0.5011,43.3307,45.0509,0.0004,1.3765,1,1625102,0,0,0,9743
361,55.46419906616211,0.3264999985694885,24.1919002532959,5.013400077819824,2.7576000690460205,2.7225000858306885,14.879199981689453,0.9689000248908997,10000,10009,20000,10006,20000,20000,10000,0.44769999384880066,3.7681000232696533,5.325799942016602,10000,2.1566999999998226,2.2892,1,0.2597,0.0785,376832,15,15,2.6978,7712,0,0,24.64739990234375,14.935799598693848,4.246799945831299,3.756999969482422,0.02630000002682209,0.34310001134872437,0,0,0,0,0,0,0,0,0,0,0,0,0
362,72.29280090332031,4.204699993133545,35.059600830078125,6.1519999504089355,4.611700057983398,3.9498000144958496,17.43869972229004,1.4085999727249146,10000,10009,20000,10006,20000,20000,10000,0.5953999757766724,5.512800216674805,7.956500053405762,10000,2.234499999999828,2.2845,1,0.1535,0.0761,376832,15,15,2.7278,15952,0,0,39.46989822387695,17.49169921875,4.214200019836426,3.2565999031066895,0.01769999973475933,0.2892000079154968,0,0,0,0,0,0,0,0,0,0,0,0,0
363,86.01490020751953,5.921199798583984,33.35559844970703,5.999000072479248,2.510499954223633,4.94379997253418,18.98200035095215,1.128600001335144,10000,10009,20000,10006,20000,20000,10000,0.5530999898910522,6.79640007019043,6.487599849700928,10000,2.8314000000001607,2.7579,1,0.24130000000000001,0.1622,376832,15,15,3.8859,501592,0,0,39.47489929199219,19.784500122070312,5.264100074768066,9.99429988861084,0.76419997215271,0.3246000111103058,0,0,0,0,0,0,0,0,0,0,0,0,0
364,152.9355010986328,48.37419891357422,59.80720138549805,8.959600448608398,14.27649974822998,9.180700302124023,18.702999114990234,2.816499948501587,10000,10009,20000,10006,20000,20000,10000,0.545799970626831,7.198699951171875,9.904500007629395,10000,2.8162000000002023,2.4499,1,0.24999999999999997,0.1469,376832,15,15,4.542,46360,0,0,108.38990020751953,19.563400268554688,5.907599925994873,4.693399906158447,0.8166000247001648,1.781599998474121,0.0057,0,0.2268,24.3616,39.9187,14.5899,2.0049,1,1618000,123596,9995,26460,9936
365,86.74669647216797,0.4936999976634979,40.89699935913086,7.057300090789795,4.819799900054932,4.622600078582764,19.436800003051758,1.4362000226974487,10000,10009,20000,10006,20000,20000,10000,0.6721000075340271,8.715200424194336,8.00790023803711,10000,2.7265000000001667,4.3115,1,0.3709,0.1449,376832,15,15,4.3323,7712,0,0,41.61589813232422,19.51020050048828,7.660200119018555,6.236599922180176,0.02019999921321869,0.5541999936103821,0,0,0,0,0,0,0,0,0,0,0,0,0
366,122.99299621582031,5.957499980926514,56.792598724365234,9.939399719238281,7.02209997177124,8.30620002746582,29.969100952148438,1.7730000019073486,10000,10009,20000,10006,20000,20000,10000,0.7580000162124634,9.632599830627441,12.469300270080566,10000,3.906600000000635,3.3009,1,0.3358,0.165,376832,15,15,6.3117,15952,0,0,62.98759841918945,30.055500030517578,8.798600196838379,4.961299896240234,0.032999999821186066,0.2702000141143799,0,0,0,0,0,0,0,0,0,0,0,0,0
367,126.90170288085938,12.865500450134277,46.041099548339844,7.857999801635742,5.384200096130371,5.725200176239014,29.320899963378906,1.3216999769210815,10000,10009,20000,10006,20000,20000,10000,0.5971999764442444,9.890199661254883,9.562800407409668,10000,5.156800000000721,3.4821,1,0.39780000000000004,0.2328,376832,15,15,4.0301,611624,0,0,59.25120162963867,30.4552001953125,10.577099800109863,10.877599716186523,1.0785000324249268,0.3296000063419342,0,0,0,0,0,0,0,0,0,0,0,0,0
368,151.43460083007812,74.84040069580078,53.458900451660156,11.183099746704102,14.964400291442871,6.9878997802734375,13.850099563598633,1.159000039100647,10000,10009,20000,10006,20000,20000,10000,0.5924000144004822,3.824899911880493,7.974699974060059,10000,1.4507999999998702,0.9269,1,0.089,0.0344,376832,15,15,1.1346,54656,0,0,128.52560424804688,14.1983003616333,2.107300043106079,2.2288999557495117,0.3276999890804291,0.15449999272823334,0.0062,15.435799598693848,0.1842,28.98,48.7835,18.9698,1.2332,1,1598250,120483,9996,25371,9919
369,55.007301330566406,0.26249998807907104,23.131900787353516,5.127900123596191,3.1350998878479004,2.266900062561035,14.15939998626709,0.9937000274658203,10000,10009,20000,10006,20000,20000,10000,0.34529998898506165,3.5453999042510986,4.714200019836426,10000,2.115199999999815,2.7575,1,0.1463,0.08149999999999999,376832,15,15,2.8314,7712,0,0,23.513999938964844,14.213299751281738,5.560999870300293,3.955199956893921,0.021400000900030136,0.31850001215934753,0,0,0,0,0,0,0,0,0,0,0,0,0
370,74.7759017944336,4.3277997970581055,36.490299224853516,5.829100131988525,5.279799938201904,4.191199779510498,16.008800506591797,1.2475999593734741,10000,10009,20000,10006,20000,20000,10000,0.8637999892234802,6.30649995803833,7.7718000411987305,10000,2.117699999999813,2.5431,1,0.1448,0.0749,376832,15,15,2.9839,15952,0,0,41.036399841308594,16.060300827026367,6.0472002029418945,3.5922999382019043,0.017400000244379044,0.36730000376701355,0,0,0,0,0,0,0,0,0,0,0,0,0
371,83.2334976196289,7.276700019836426,36.13180160522461,6.400199890136719,4.94320011138916,5.256800174713135,17.267900466918945,1.1690000295639038,10000,10009,20000,10006,20000,20000,10000,0.48649999499320984,4.853400230407715,7.679299831390381,10000,2.4346999999999346,2.4573,1,0.1614,0.0858,376832,15,15,2.7,483528,0,0,43.65729904174805,18.01959991455078,4.731599807739258,8.385499954223633,0.717199981212616,0.32269999384880066,0,0,0,0,0,0,0,0,0,0,0,0,0
372,91.53009796142578,7.09630012512207,31.153499603271484,5.447800159454346,3.9607999324798584,3.7888998985290527,14.889699935913086,1.207800030708313,10000,10009,20000,10006,20000,20000,10000,0.6284999847412109,4.6915998458862305,6.951600074768066,10000,2.1175999999998187,2.3538,1,0.1528,0.0621,376832,15,15,2.7693,58536,0,0,38.464500427246094,14.936400413513184,4.434299945831299,3.6006999015808105,0.016100000590085983,22.649200439453125,0,0,0,0,0,0,0,0,0,0,0,0,0
373,102.0011978149414,0.4269999861717224,26.975299835205078,5.132999897003174,2.0100998878479004,2.7671000957489014,15.743200302124023,1.0582000017166138,10000,10009,20000,10006,20000,20000,10000,0.4221999943256378,6.058899879455566,5.775400161743164,10000,2.3168999999998654,4.4529,1,0.2097,0.1345,376832,15,15,5.2216,7712,0,0,27.610599517822266,15.799500465393066,7.623899936676025,4.780300140380859,0.01899999938905239,34.32600021362305,0,0,0,0,0,0,0,0,0,0,0,0,0
374,102.07019805908203,4.245100021362305,34.66939926147461,5.617099761962891,4.636300086975098,3.683300018310547,15.35420036315918,1.1663000583648682,10000,10009,20000,10006,20000,20000,10000,0.5113000273704529,5.6006999015808105,7.910999774932861,10000,2.365299999999856,2.4873,1,0.15100000000000002,0.10139999999999999,376832,15,15,2.9479,15952,0,0,39.1338996887207,15.413100242614746,4.57420015335083,3.8719000816345215,0.019700000062584877,30.407100677490234,0,0,0,0,0,0,0,0,0,0,0,0,0
375,109.54989624023438,7.213200092315674,38.635398864746094,7.236700057983398,3.7400999069213867,5.469900131225586,23.0398006439209,1.322700023651123,10000,10009,20000,10006,20000,20000,10000,0.5040000081062317,6.909800052642822,7.664700031280518,10000,5.161000000000417,4.641,1,0.5163,0.2116,376832,15,15,6.7973,541272,0,0,46.07080078125,24.22010040283203,8.709099769592285,10.452300071716309,1.1205999851226807,0.3797000050544739,0,0,0,0,0,0,0,0,0,0,0,0,0
376,157.21730041503906,31.570600509643555,79.13909912109375,13.338600158691406,19.30430030822754,10.529899597167969,22.124399185180664,2.6547999382019043,10000,10009,20000,10006,20000,20000,10000,1.0901000499725342,7.517499923706055,14.890700340270996,10000,3.049700000000256,3.1421,1,0.3433,0.112,376832,15,15,3.3484,8048,0,0,111.00900268554688,22.85219955444336,5.94290018081665,5.379000186920166,0.6801999807357788,0.8093000054359436,0.0063,0,0.3839,22.7109,24.4024,0.0006,1.3033,1,1569308,0,0,0,9690
377,95.69349670410156,0.5116000175476074,48.99190139770508,11.638899803161621,5.134699821472168,5.8694000244140625,19.85689926147461,2.1540000438690186,10000,10009,20000,10006,20000,20000,10000,1.090399980545044,8.19219970703125,8.81980037689209,10000,2.8061000000002023,3.2388,1,0.18189999999999998,0.0879,376832,15,15,3.8925,7712,0,0,49.74660110473633,19.9197998046875,10.51830005645752,5.14769983291626,0.019899999722838402,0.3111000061035156,0,0,0,0,0,0,0,0,0,0,0,0,0
378,103.714599609375,4.356400012969971,48.027400970458984,11.487600326538086,5.917200088500977,6.751100063323975,18.429000854492188,1.4456000328063965,10000,10009,20000,10006,20000,20000,10000,0.682200014591217,6.919300079345703,8.99839973449707,10000,3.54440000000057,3.2278,1,0.2505,0.1608,376832,15,15,5.2243,15952,0,0,52.622398376464844,18.487600326538086,10.977899551391602,6.7891998291015625,0.01940000057220459,0.9440000057220459,0,0,0,0,0,0,0,0,0,0,0,0,0
379,114.57869720458984,7.842199802398682,48.161399841308594,10.628299713134766,7.09089994430542,5.065999984741211,22.17180061340332,2.3252999782562256,10000,10009,20000,10006,20000,20000,10000,0.5892999768257141,6.648200035095215,9.310600280761719,10000,5.8305000000005505,3.4564,1,0.2683,0.1033,376832,15,15,3.0168,434496,0,0,56.39899826049805,23.033199310302734,7.381199836730957,11.864500045776367,0.8116999864578247,0.5493000149726868,0,0,0,0,0,0,0,0,0,0,0,0,0
380,173.3354949951172,79.9572982788086,64.64360046386719,9.986700057983398,16.869199752807617,10.218600273132324,14.822600364685059,2.0088999271392822,10000,10009,20000,10006,20000,20000,10000,1.0307999849319458,6.292099952697754,12.038000106811523,10000,2.1903999999998636,1.4407,1,0.1558,0.05449999999999999,376832,15,15,1.9337,52248,0,0,144.90150451660156,15.309700012207031,3.3703999519348145,2.975800037384033,0.4618000090122223,0.2037999927997589,0.0074,24.330699920654297,0.3802,28.9729,47.3143,17.0151,0.8028,1,1569448,123701,9995,26586,9901
381,78.38510131835938,0.35089999437332153,26.101200103759766,5.333499908447266,3.105299949645996,2.313999891281128,19.633100509643555,0.9902999997138977,10000,10009,20000,10006,20000,20000,10000,0.3774999976158142,4.0329999923706055,6.016600131988525,10000,2.9617000000002225,4.2541,1,0.35569999999999996,0.17370000000000002,376832,15,15,4.3753,7712,0,0,26.59830093383789,19.698299407958984,9.937000274658203,6.931399822235107,0.024800000712275505,0.4821999967098236,0,0,0,0,0,0,0,0,0,0,0,0,0
382,115.95960235595703,6.2058000564575195,44.01380157470703,6.809299945831299,5.482100009918213,4.631499767303467,26.442899703979492,1.3242000341415405,10000,10009,20000,10006,20000,20000,10000,0.7457000017166138,7.720300197601318,10.153599739074707,10000,3.7915000000001466,6.1617,1,0.3134,0.1345,376832,15,15,5.9169,15952,0,0,50.548099517822266,26.52589988708496,13.288999557495117,7.379000186920166,0.027499999850988388,3.5346999168395996,0,0,0,0,0,0,0,0,0,0,0,0,0
383,137.0865020751953,10.975899696350098,56.66469955444336,13.475799560546875,4.3383002281188965,8.816399574279785,40.4640998840332,2.2499001026153564,10000,10009,20000,10006,20000,20000,10000,0.9846000075340271,10.119999885559082,8.6141996383667,10000,4.010700000000598,2.177,1,0.251,0.1668,376832,15,15,5.2754,534968,0,0,67.95140075683594,41.812599182128906,5.248000144958496,6.7708001136779785,1.2910000085830688,0.19499999284744263,0,0,0,0,0,0,0,0,0,0,0,0,0
384,155.48609924316406,66.09149932861328,62.04240036010742,7.927499771118164,21.01490020751953,7.223100185394287,14.317099571228027,1.2547999620437622,10000,10009,20000,10006,20000,20000,10000,0.4368000030517578,3.9481000900268555,12.976900100708008,10000,2.1392999999998144,1.4033,1,0.1305,0.0442,376832,15,15,1.5302,56800,0,0,128.26699829101562,14.783499717712402,3.3766000270843506,2.9001998901367188,0.4426000118255615,0.19290000200271606,0.0036,14.59489917755127,0.1683,21.1928,43.1527,21.0247,1.2838,1,1543408,120384,9996,25472,9897
385,72.5718002319336,0.3456000089645386,23.615299224853516,5.289999961853027,2.2298998832702637,2.4921000003814697,15.888400077819824,1.0082999467849731,10000,10009,20000,10006,20000,20000,10000,0.43230000138282776,3.6953001022338867,5.3059000968933105,10000,2.788900000000131,5.9843,1,0.27969999999999995,0.1943,376832,15,15,5.5211,7712,0,0,24.100299835205078,15.951700210571289,9.117300033569336,8.785900115966797,0.02239999920129776,0.546999990940094,0,0,0,0,0,0,0,0,0,0,0,0,0
386,161.1042938232422,9.410900115966797,97.69029998779297,23.654699325561523,6.76039981842041,9.750300407409668,38.43069839477539,5.61329984664917,10000,10009,20000,10006,20000,20000,10000,1.7790000438690186,19.301700592041016,17.742900848388672,10000,2.1514999999998192,1.4094,1,0.135,0.0673,376832,15,15,1.8706,15952,0,0,107.48619842529297,38.52289962768555,4.29580020904541,2.664900064468384,0.020600000396370888,0.2013999968767166,0,0,0,0,0,0,0,0,0,0,0,0,0
387,104.85780334472656,4.400300025939941,36.400299072265625,6.199699878692627,3.1709001064300537,5.223100185394287,23.68549919128418,1.291100025177002,10000,10009,20000,10006,20000,20000,10000,0.5716999769210815,8.590299606323242,6.110400199890137,10000,2.7921000000002407,4.4631,1,0.22249999999999998,0.1315,376832,15,15,5.9885,537608,0,0,40.953399658203125,24.575300216674805,11.519700050354004,13.518799781799316,0.7985000014305115,0.35040000081062317,0,0,0,0,0,0,0,0,0,0,0,0,0
388,118.94219970703125,8.849800109863281,51.60110092163086,8.736200332641602,5.759099960327148,5.2820000648498535,31.973600387573242,1.8895000219345093,10000,10009,20000,10006,20000,20000,10000,1.0637999773025513,11.337200164794922,9.943400382995605,10000,5.645300000000405,2.8513,1,0.1821,0.08499999999999999,376832,15,15,2.7141,54288,0,0,60.68840026855469,32.04899978637695,7.057199954986572,2.8441998958587646,0.019999999552965164,0.21950000524520874,0,0,0,0,0,0,0,0,0,0,0,0,0
389,86.95570373535156,0.3603000044822693,32.13589859008789,5.672999858856201,3.3833000659942627,3.819999933242798,17.769500732421875,1.1309000253677368,10000,10009,20000,10006,20000,20000,10000,0.49559998512268066,7.50540018081665,5.643700122833252,10000,2.996600000000301,6.0802,1,0.25539999999999996,0.1777,376832,15,15,6.6817,7712,0,0,32.64189910888672,17.84079933166504,11.878700256347656,8.797599792480469,0.02590000070631504,0.34139999747276306,0,0,0,0,0,0,0,0,0,0,0,0,0
390,124.30660247802734,6.809299945831299,52.99800109863281,7.519000053405762,4.803899765014648,7.686500072479248,24.17340087890625,1.6134999990463257,10000,10009,20000,10006,20000,20000,10000,0.6439999938011169,10.713700294494629,12.777199745178223,10000,6.590100000000701,4.8228,1,0.6641999999999999,0.21610000000000001,376832,15,15,7.6413,15952,0,0,60.089500427246094,24.257299423217773,10.17080020904541,5.695400238037109,0.026499999687075615,0.33880001306533813,0,0,0,0,0,0,0,0,0,0,0,0,0
391,103.18080139160156,8.596699714660645,37.26449966430664,6.032800197601318,3.051500082015991,5.022200107574463,22.5226993560791,1.1963000297546387,10000,10009,20000,10006,20000,20000,10000,0.4828000068664551,7.953499794006348,7.656199932098389,10000,4.878300000000619,2.6087,1,0.34650000000000003,0.1051,376832,15,15,3.9113,521728,0,0,46.11199951171875,23.640300750732422,7.716700077056885,10.28969955444336,1.0652999877929688,0.48829999566078186,0,0,0,0,0,0,0,0,0,0,0,0,0
392,144.20779418945312,34.29199981689453,81.94860076904297,13.444600105285645,21.390399932861328,11.5693998336792,14.540499687194824,3.377500057220459,10000,10009,20000,10006,20000,20000,10000,0.9905999898910522,7.013999938964844,14.222999572753906,10000,2.111899999999815,1.3806,1,0.1341,0.0538,376832,15,15,1.5946,8048,0,0,116.61060333251953,15.047699928283691,3.323699951171875,2.9811999797821045,0.4810999929904938,0.17509999871253967,0.006,0,0.3547,26.2823,27.6338,0.0002,1.1803,1,1517286,0,0,0,9632
393,77.35269927978516,0.2768999934196472,23.122600555419922,5.127699851989746,1.9816999435424805,2.6410000324249268,17.80069923400879,0.9757000207901001,10000,10009,20000,10006,20000,20000,10000,0.43389999866485596,3.8145999908447266,5.052199840545654,10000,2.932800000000266,5.4244,1,0.29829999999999995,0.19590000000000002,376832,15,15,4.9634,7712,0,0,23.530099868774414,17.862499237060547,13.387499809265137,8.044899940490723,0.025299999862909317,0.5978999733924866,0,0,0,0,0,0,0,0,0,0,0,0,0
394,115.19110107421875,9.603400230407715,53.83110046386719,10.822600364685059,6.082099914550781,4.999800205230713,24.517200469970703,1.3837000131607056,10000,10009,20000,10006,20000,20000,10000,0.6330000162124634,8.967700004577637,13.743399620056152,10000,3.213300000000239,3.9576,1,0.3777,0.2183,376832,15,15,4.4657,15952,0,0,63.88199996948242,24.593900680541992,9.034600257873535,5.377200126647949,0.020099999383091927,0.32199999690055847,0,0,0,0,0,0,0,0,0,0,0,0,0
395,127.34040069580078,7.250800132751465,51.9833984375,7.908599853515625,4.875500202178955,8.023200035095215,32.73830032348633,2.8304998874664307,10000,10009,20000,10006,20000,20000,10000,1.2762000560760498,10.787799835205078,8.56659984588623,10000,4.926100000000704,3.3511,1,0.1854,0.09179999999999999,376832,15,15,3.1707,566416,0,0,59.45600128173828,34.01340103149414,9.817299842834473,10.1875,1.218400001525879,0.325300008058548,0,0,0,0,0,0,0,0,0,0,0,0,0
396,142.83909606933594,30.58769989013672,83.71050262451172,16.318599700927734,20.359699249267578,16.960800170898438,14.496800422668457,2.2451999187469482,10000,10009,20000,10006,20000,20000,10000,0.6312999725341797,7.486100196838379,11.558799743652344,10000,2.2323999999998256,1.61,1,0.13130000000000003,0.0586,376832,15,15,1.5619,44528,0,0,114.53189849853516,15.11050033569336,3.5473999977111816,3.02810001373291,0.5738000273704529,0.19869999587535858,0.003,0,0.1671,12.9434,22.2285,8.8348,1.6093,1,1516058,121574,9996,26071,9892
397,94.58999633789062,0.3779999911785126,28.3794002532959,5.081999778747559,2.842099905014038,3.2037999629974365,18.03689956665039,1.180999994277954,10000,10009,20000,10006,20000,20000,10000,0.6304000020027161,5.832900047302246,6.0991997718811035,10000,6.006500000000269,9.4117,1,0.3444,0.1718,376832,15,15,6.1219,7712,0,0,28.915000915527344,18.116500854492188,19.267900466918945,9.010600090026855,0.03610000014305115,0.5688999891281128,0,0,0,0,0,0,0,0,0,0,0,0,0
398,133.73590087890625,10.773599624633789,50.491600036621094,7.576399803161621,3.3238000869750977,5.692999839782715,48.911399841308594,2.635200023651123,10000,10009,20000,10006,20000,20000,10000,1.160099983215332,13.312299728393555,9.322999954223633,10000,3.449200000000424,1.9278,1,0.2374,0.1543,376832,15,15,4.1,15952,0,0,61.695701599121094,49.03179931640625,5.315899848937988,2.93969988822937,0.03500000014901161,0.23180000483989716,0,0,0,0,0,0,0,0,0,0,0,0,0
399,119.66329956054688,14.092700004577637,48.04169845581055,12.802599906921387,6.8130998611450195,5.398799896240234,21.29050064086914,1.2144999504089355,10000,10009,20000,10006,20000,20000,10000,0.5879999995231628,7.140200138092041,7.547699928283691,10000,3.7869000000007946,4.2493,1,0.34199999999999997,0.1504,376832,15,15,5.9249,631992,1,0,62.300498962402344,22.548900604248047,9.895700454711914,8.787799835205078,1.2085000276565552,0.21580000221729279,0,0,0,0,0,0,0,0,0,0,0,0,0
400,146.31100463867188,52.21950149536133,64.20500183105469,8.338199615478516,16.33799934387207,10.995400428771973,17.349000930786133,1.4536000490188599,10000,10009,20000,10006,20000,20000,10000,0.8518000245094299,8.63700008392334,11.111499786376953,10000,2.096599999999827,1.2173,1,0.1318,0.0546,376832,15,15,1.4451,66224,0,0,116.85330200195312,17.873600006103516,3.07669997215271,2.3561999797821045,0.4925000071525574,0.20200000703334808,0.0038,11.537199974060059,0.182,16.0512,31.0897,14.1734,1.3015,1,1497238,117091,9996,25133,9858
401,60.32979965209961,0.289900004863739,23.056699752807617,5.179999828338623,2.175800085067749,2.71560001373291,14.5108003616333,1.0157999992370605,10000,10009,20000,10006,20000,20000,10000,0.3589000105857849,3.7971999645233154,4.6834001541137695,10000,2.1626999999998255,4.2702,1,0.18780000000000002,0.1336,376832,15,15,5.2601,7712,0,0,23.47249984741211,14.557700157165527,6.381700038909912,5.3942999839782715,0.017500000074505806,0.3434999883174896,0,0,0,0,0,0,0,0,0,0,0,0,0
402,123.8927001953125,5.458700180053711,57.12820053100586,7.558899879455566,8.541099548339844,8.407600402832031,29.263099670410156,1.4386999607086182,10000,10009,20000,10006,20000,20000,10000,0.6931999921798706,13.757200241088867,10.538700103759766,10000,2.838200000000218,3.8381,1,0.2318,0.1634,376832,15,15,5.8638,15952,0,0,62.82830047607422,29.340700149536133,10.400799751281738,7.700500011444092,0.020099999383091927,0.5755000114440918,0,0,0,0,0,0,0,0,0,0,0,0,0
403,135.44839477539062,9.970999717712402,61.970699310302734,8.074399948120117,5.795499801635742,12.963399887084961,33.81669998168945,1.888100028038025,10000,10009,20000,10006,20000,20000,10000,2.1875998973846436,15.06089973449707,9.566499710083008,10000,3.0728000000004028,3.2644,1,0.18209999999999998,0.0978,376832,15,15,2.9245,605624,0,0,72.26219940185547,34.873199462890625,8.278200149536133,8.503100395202637,0.9878000020980835,0.5950000286102295,0,0,0,0,0,0,0,0,0,0,0,0,0
404,70.6948013305664,5.137700080871582,28.58930015563965,5.251299858093262,2.3879001140594482,4.144400119781494,16.275999069213867,1.1067999601364136,10000,10009,20000,10006,20000,20000,10000,0.4846000075340271,5.401700019836426,5.5467000007629395,10000,2.2886999999998614,3.4905,1,0.25129999999999997,0.1752,376832,15,15,4.3428,52336,0,0,33.95589828491211,16.35610008239746,6.4670000076293945,4.206200122833252,0.018400000408291817,0.3531000018119812,0,0,0,0,0,0,0,0,0,0,0,0,0
405,77.9573974609375,0.43389999866485596,39.13520050048828,6.634699821472168,5.066100120544434,3.7004001140594482,15.333900451660156,1.2617000341415405,10000,10009,20000,10006,20000,20000,10000,0.5640000104904175,7.703100204467773,8.740799903869629,10000,2.1663999999998187,4.2442,1,0.2081,0.138,376832,15,15,4.0954,7712,0,0,39.78150177001953,15.393699645996094,8.33549976348877,4.674699783325195,0.01860000006854534,0.30709999799728394,0,0,0,0,0,0,0,0,0,0,0,0,0
406,91.64230346679688,5.006100177764893,47.8224983215332,12.07610034942627,5.191400051116943,4.5680999755859375,16.16939926147461,2.164599895477295,10000,10009,20000,10006,20000,20000,10000,0.5830000042915344,6.432600021362305,8.428600311279297,10000,2.1687999999998264,4.1713,1,0.2358,0.1654,376832,15,15,4.5831,15952,0,0,53.05120086669922,16.229400634765625,8.016599655151367,4.444799900054932,0.01769999973475933,0.42329999804496765,0,0,0,0,0,0,0,0,0,0,0,0,0
407,98.03559875488281,6.996200084686279,33.62910079956055,5.950799942016602,2.658400058746338,4.571700096130371,16.46649932861328,1.1713999509811401,10000,10009,20000,10006,20000,20000,10000,0.47429999709129333,5.3933000564575195,7.585400104522705,10000,2.394299999999914,8.0168,1,0.233,0.16,376832,15,15,4.3558,514504,0,0,40.832000732421875,17.247299194335938,13.326299667358398,16.286100387573242,0.7422999739646912,0.7378000020980835,0,0,0,0,0,0,0,0,0,0,0,0,0
408,172.74639892578125,46.09260177612305,82.92449951171875,12.647100448608398,24.02829933166504,10.098799705505371,18.616500854492188,1.388800024986267,10000,10009,20000,10006,20000,20000,10000,0.5896999835968018,7.968999862670898,18.086299896240234,10000,2.666700000000084,3.2263,1,0.2308,0.15189999999999998,376832,15,15,3.9899,8048,0,0,129.40719604492188,19.365699768066406,6.722700119018555,5.204800128936768,0.7113999724388123,0.36800000071525574,0.008,0,0.5325,35.131,37.0598,0.0005,1.2852,1,1460134,0,0,0,9584
409,73.43779754638672,0.47290000319480896,37.090599060058594,6.16379976272583,4.963200092315674,3.284600019454956,15.13700008392334,1.1684999465942383,10000,10009,20000,10006,20000,20000,10000,0.46790000796318054,6.367499828338623,8.786100387573242,10000,2.157299999999819,4.0736,1,0.23120000000000002,0.1562,376832,15,15,4.5041,7712,0,0,37.79750061035156,15.192299842834473,6.596799850463867,4.223499774932861,0.01759999990463257,0.27070000767707825,0,0,0,0,0,0,0,0,0,0,0,0,0
410,79.8656005859375,5.170499801635742,35.83039855957031,6.0254998207092285,3.151400089263916,4.138299942016602,15.805399894714355,1.2032999992370605,10000,10009,20000,10006,20000,20000,10000,0.51910001039505,7.764100074768066,7.978400230407715,10000,2.0942999999998144,3.9272,1,0.2012,0.14200000000000002,376832,15,15,4.0033,15952,0,0,41.231998443603516,15.863800048828125,8.775400161743164,4.748700141906738,0.01810000091791153,0.2662999927997589,0,0,0,0,0,0,0,0,0,0,0,0,0
411,91.14610290527344,7.591100215911865,36.918800354003906,6.390500068664551,2.7407000064849854,5.2469000816345215,17.67020034790039,1.151900053024292,10000,10009,20000,10006,20000,20000,10000,0.5645999908447266,7.485799789428711,7.613399982452393,10000,2.467699999999955,2.8334,1,0.21489999999999998,0.1497,376832,15,15,4.9799,597248,0,0,44.727901458740234,18.60059928894043,8.723899841308594,8.35200023651123,0.8862000107765198,0.27619999647140503,0,0,0,0,0,0,0,0,0,0,0,0,0
412,130.26589965820312,40.53499984741211,51.172401428222656,7.1529998779296875,13.092399597167969,8.653300285339355,15.708700180053711,1.3006999492645264,10000,10009,20000,10006,20000,20000,10000,0.5683000087738037,7.326700210571289,7.411900043487549,10000,2.356499999999901,2.7892,1,0.2419,0.1659,376832,15,15,3.7067,46272,0,0,91.9395980834961,16.722700119018555,6.930799961090088,5.258699893951416,0.9724000096321106,0.34850001335144043,0.0063,0,0.2466,23.5714,33.7472,9.3891,0.7374,1,1456066,120850,9995,25816,9859
413,83.5947036743164,0.4790000021457672,40.13949966430664,6.6691999435424805,5.272500038146973,4.585999965667725,17.772199630737305,1.3391000032424927,10000,10009,20000,10006,20000,20000,10000,0.5508000254631042,7.0472002029418945,8.807999610900879,10000,2.3944999999999164,3.544,1,0.277,0.18009999999999998,376832,15,15,4.5225,7712,0,0,40.84989929199219,17.829999923706055,7.396200180053711,4.8993000984191895,0.01940000057220459,0.8141000270843506,0,0,0,0,0,0,0,0,0,0,0,0,0
414,93.76609802246094,5.594099998474121,42.17959976196289,6.878300189971924,5.05649995803833,4.4517998695373535,23.730199813842773,1.3625999689102173,10000,10009,20000,10006,20000,20000,10000,0.6450999975204468,9.334400177001953,8.464900016784668,10000,2.710800000000125,3.801,1,0.219,0.1625,376832,15,15,4.4246,15952,0,0,47.99769973754883,23.82670021057129,6.813899993896484,4.504700183868408,0.022099999710917473,0.2802000045776367,0,0,0,0,0,0,0,0,0,0,0,0,0
415,93.6447982788086,7.992400169372559,39.87900161743164,7.031599998474121,4.889100074768066,5.691500186920166,16.418699264526367,1.1850999593734741,10000,10009,20000,10006,20000,20000,10000,0.48030000925064087,5.892199993133545,8.44260025024414,10000,2.3464999999998923,3.8255,1,0.22780000000000003,0.1425,376832,15,15,4.4469,595384,0,0,48.089500427246094,17.329700469970703,8.384099960327148,8.821900367736816,0.8743000030517578,0.2606000006198883,0,0,0,0,0,0,0,0,0,0,0,0,0
416,150.29530334472656,47.78799819946289,60.64149856567383,8.22029972076416,11.58430004119873,12.921199798583984,16.888500213623047,2.7630999088287354,10000,10009,20000,10006,20000,20000,10000,2.8526999950408936,8.402400016784668,6.821100234985352,10000,2.4404999999999446,3.8924,1,0.21409999999999998,0.1636,376832,15,15,4.7849,60832,0,0,108.64959716796875,17.70599937438965,7.739999771118164,5.661799907684326,0.7746000289916992,0.34599998593330383,0.0064,12.280599594116211,0.1757,18.9541,27.8813,8.339,0.7491,1,1437766,114853,9995,24368,9825
417,78.64219665527344,0.4973999857902527,38.59510040283203,6.861299991607666,4.8780999183654785,4.115799903869629,17.778099060058594,1.367400050163269,10000,10009,20000,10006,20000,20000,10000,0.589900016784668,7.01039981842041,8.438400268554688,10000,2.3724999999998944,2.9656,1,0.22740000000000002,0.1626,376832,15,15,4.5189,7712,0,0,39.33420181274414,17.84280014038086,7.130099773406982,4.262199878692627,0.020999999716877937,0.34790000319480896,0,0,0,0,0,0,0,0,0,0,0,0,0
418,97.86609649658203,5.498499870300293,40.508399963378906,6.86329984664917,5.061100006103516,4.006899833679199,23.800100326538086,1.9848999977111816,10000,10009,20000,10006,20000,20000,10000,0.5281999707221985,7.909800052642822,8.40839958190918,10000,2.752500000000182,3.7562,1,0.2223,0.15710000000000002,376832,15,15,4.9044,15952,0,0,46.23139953613281,23.864299774169922,9.393199920654297,5.715199947357178,0.020400000736117363,0.5002999901771545,0,0,0,0,0,0,0,0,0,0,0,0,0
419,113.93910217285156,11.132699966430664,52.62110137939453,9.898200035095215,4.2957000732421875,6.776599884033203,18.901100158691406,2.7614998817443848,10000,10009,20000,10006,20000,20000,10000,1.1341999769210815,10.498900413513184,9.563799858093262,10000,2.4132999999999294,3.8227,1,0.2324,0.1627,376832,15,15,4.3146,593192,0,0,64.06500244140625,19.840099334716797,7.991600036621094,11.267000198364258,0.8934999704360962,0.33550000190734863,0,0,0,0,0,0,0,0,0,0,0,0,0
420,97.8364028930664,7.899199962615967,44.04069900512695,7.360000133514404,4.50600004196167,4.346199989318848,19.622900009155273,2.109100103378296,10000,10009,20000,10006,20000,20000,10000,0.5349000096321106,10.157500267028809,7.999000072479248,10000,2.569100000000006,3.9828,1,0.2317,0.1475,376832,15,15,4.2623,51000,0,0,52.175201416015625,19.693899154663086,7.903299808502197,5.2170000076293945,0.019200000911951065,0.38519999384880066,0,0,0,0,0,0,0,0,0,0,0,0,0
421,95.76830291748047,0.6504999995231628,46.06010055541992,6.786900043487549,4.307499885559082,4.9644999504089355,23.84950065612793,1.4591000080108643,10000,10009,20000,10006,20000,20000,10000,0.5989000201225281,10.284799575805664,11.211600303649902,10000,2.921500000000309,3.6638,1,0.279,0.1956,376832,15,15,4.7883,7712,0,0,47.010501861572266,23.921199798583984,7.553699970245361,4.710400104522705,0.020800000056624413,0.32339999079704285,0,0,0,0,0,0,0,0,0,0,0,0,0
422,87.9989013671875,4.63730001449585,35.855499267578125,6.63040018081665,2.9058001041412354,4.423900127410889,18.384700775146484,1.3509999513626099,10000,10009,20000,10006,20000,20000,10000,0.5152000188827515,6.448299884796143,8.368000030517578,10000,3.443900000000008,3.5386,1,0.4421,0.2465,376832,15,15,5.125,15952,0,0,40.72439956665039,18.449499130249023,8.185500144958496,6.343500137329102,0.019500000402331352,0.6180999875068665,0,0,0,0,0,0,0,0,0,0,0,0,0
423,151.05889892578125,7.401000022888184,37.83430099487305,6.9918999671936035,2.8570001125335693,4.548900127410889,43.31039810180664,1.2861000299453735,10000,10009,20000,10006,20000,20000,10000,0.5429999828338623,7.823599815368652,8.07229995727539,10000,7.448600000000915,6.1791,1,0.4898,0.2409,376832,15,15,7.2291,485536,0,0,45.454200744628906,44.6338996887207,13.933099746704102,21.0226993560791,1.2496999502182007,0.5769000053405762,0,0,0,0,0,0,0,0,0,0,0,0,0
424,174.9403076171875,40.18870162963867,78.29830169677734,14.1899995803833,17.85110092163086,10.964699745178223,25.031999588012695,2.673099994659424,10000,10009,20000,10006,20000,20000,10000,1.0119999647140503,9.471400260925293,12.767600059509277,10000,2.792300000000219,4.1535,1,0.1848,0.0965,376832,15,15,3.919,8048,0,0,118.87909698486328,25.593700408935547,11.156900405883789,7.829100131988525,0.515500009059906,0.24230000376701355,0.0073,0,0.511,32.6016,33.84,0.0002,1.1427,1,1401526,0,0,0,9519
425,115.86060333251953,0.45980000495910645,45.34700012207031,7.273900032043457,5.69950008392334,4.361400127410889,31.712099075317383,1.9493999481201172,10000,10009,20000,10006,20000,20000,10000,0.7235000133514404,10.016400337219238,8.541399955749512,10000,5.205600000000615,4.3003,1,0.4149999999999999,0.32230000000000003,376832,15,15,6.7179,7712,0,0,45.9807014465332,31.818899154663086,11.946200370788574,4.868800163269043,0.03449999913573265,0.3009999990463257,0,0,0,0,0,0,0,0,0,0,0,0,0
426,79.16709899902344,2.911099910736084,32.661800384521484,5.753499984741211,4.2494001388549805,3.813800096511841,16.410600662231445,1.132200002670288,10000,10009,20000,10006,20000,20000,10000,0.4830000102519989,7.119999885559082,5.634399890899658,10000,2.7685000000001954,4.1669,1,0.24720000000000003,0.1397,376832,15,15,5.0288,15952,0,0,35.837100982666016,16.467100143432617,8.066499710083008,4.739299774169922,0.01759999990463257,0.3271999955177307,0,0,0,0,0,0,0,0,0,0,0,0,0
427,109.3207015991211,7.963099956512451,42.021400451660156,6.824699878692627,4.853799819946289,5.638299942016602,22.313600540161133,1.1657999753952026,10000,10009,20000,10006,20000,20000,10000,0.5128999948501587,7.762199878692627,8.778800010681152,10000,2.911700000000237,5.3292,1,0.22190000000000001,0.1529,376832,15,15,4.1473,516776,0,0,50.2140998840332,23.275299072265625,9.852499961853027,13.830599784851074,0.9056000113487244,0.3343000113964081,0,0,0,0,0,0,0,0,0,0,0,0,0
428,139.44659423828125,42.07270050048828,53.939701080322266,7.759099960327148,13.250200271606445,9.568499565124512,22.216899871826172,1.679800033569336,10000,10009,20000,10006,20000,20000,10000,0.6463000178337097,7.772600173950195,7.627500057220459,10000,4.026200000000472,2.3616,1,0.18,0.0867,376832,15,15,2.674,40104,0,0,96.247802734375,22.825199127197266,5.587299823760986,3.4163999557495117,0.5676000118255615,0.18140000104904175,0.0062,0,0.2769,23.6534,32.9447,8.7058,1.6189,1,1398782,117079,9992,25073,9811
429,74.59290313720703,0.36899998784065247,29.962299346923828,5.075900077819824,2.7748000621795654,4.026100158691406,18.674299240112305,1.1003999710083008,10000,10009,20000,10006,20000,20000,10000,0.48649999499320984,6.655200004577637,5.5594000816345215,10000,2.6178000000000647,4.0454,1,0.2606,0.1558,376832,15,15,4.5489,7712,0,0,30.488500595092773,18.73740005493164,8.521300315856934,4.715199947357178,0.019899999722838402,0.3010999858379364,0,0,0,0,0,0,0,0,0,0,0,0,0
430,105.90460205078125,6.066199779510498,50.07509994506836,8.75979995727539,7.1620001792907715,4.788400173187256,23.93560028076172,1.3558000326156616,10000,10009,20000,10006,20000,20000,10000,0.6523000001907349,8.618300437927246,11.550800323486328,10000,2.9946000000003354,3.1128,1,0.3251,0.1325,376832,15,15,3.6973,15952,0,0,56.36920166015625,24.00670051574707,7.3404998779296875,4.814899921417236,0.021400000900030136,0.28450000286102295,0,0,0,0,0,0,0,0,0,0,0,0,0
431,96.61190032958984,8.281800270080566,41.1327018737793,7.604499816894531,5.024499893188477,5.102399826049805,17.30940055847168,1.2624000310897827,10000,10009,20000,10006,20000,20000,10000,0.5055000185966492,7.247499942779541,8.368599891662598,10000,2.5462000000000184,4.0977,1,0.2303,0.1456,376832,15,15,4.1226,514976,0,0,49.63650131225586,18.097400665283203,7.927999973297119,9.031399726867676,0.7501000165939331,0.2721000015735626,0,0,0,0,0,0,0,0,0,0,0,0,0
432,153.81039428710938,56.23249816894531,54.52450180053711,7.619100093841553,13.597100257873535,9.695899963378906,19.05970001220703,1.3300000429153442,10000,10009,20000,10006,20000,20000,10000,0.5318999886512756,7.753499984741211,9.122099876403809,10000,2.615100000000077,3.4512,1,0.22399999999999998,0.1481,376832,15,15,4.7794,42528,0,0,111.01380157470703,19.92340087890625,7.25029993057251,3.6805999279022217,0.8237000107765198,0.20509999990463257,0.0066,13.79849910736084,0.3317,25.1026,34.4887,8.7282,0.8307,1,1370676,112161,9992,23826,9770
433,66.42659759521484,0.36149999499320984,32.113800048828125,5.083000183105469,3.0755999088287354,3.0116000175476074,15.880800247192383,1.0045000314712524,10000,10009,20000,10006,20000,20000,10000,0.42719998955726624,10.443300247192383,5.581600189208984,10000,2.141299999999814,2.6929,1,0.1996,0.1472,376832,15,15,3.7263,7712,0,0,32.634498596191406,15.941900253295898,5.112599849700928,3.6510000228881836,0.01860000006854534,0.5364999771118164,0,0,0,0,0,0,0,0,0,0,0,0,0
434,79.3634033203125,4.315899848937988,36.27939987182617,5.463500022888184,5.119100093841553,4.881800174713135,15.96049976348877,1.014299988746643,10000,10009,20000,10006,20000,20000,10000,0.4163999855518341,6.817999839782715,7.557700157165527,10000,2.126599999999823,3.9395,1,0.15629999999999997,0.1937,376832,15,15,3.6697,15952,0,0,40.8213996887207,16.006099700927734,6.787399768829346,5.572700023651123,0.011099999770522118,0.3246999979019165,0,0,0,0,0,0,0,0,0,0,0,0,0
435,81.47709655761719,8.006999969482422,34.382301330566406,5.979899883270264,4.271699905395508,4.527400016784668,15.267999649047852,1.0829999446868896,10000,10009,20000,10006,20000,20000,10000,0.45750001072883606,5.197299957275391,7.958399772644043,10000,2.18509999999983,2.2801,1,0.22680000000000003,0.1606,376832,15,15,3.7264,528816,0,0,42.60380172729492,16.029399871826172,5.363100051879883,7.530200004577637,0.7233999967575073,0.21629999577999115,0,0,0,0,0,0,0,0,0,0,0,0,0
436,88.19180297851562,4.975900173187256,30.785400390625,5.360400199890137,2.741499900817871,3.77020001411438,15.342100143432617,1.1150000095367432,10000,10009,20000,10006,20000,20000,10000,0.5006999969482422,5.437600135803223,6.615799903869629,10000,2.26789999999983,2.4362,1,0.1514,0.08499999999999999,376832,15,15,2.7772,54064,0,0,35.90169906616211,15.398300170898438,4.526100158691406,3.4307000637054443,0.01810000091791153,20.43269920349121,0,0,0,0,0,0,0,0,0,0,0,0,0
437,104.85430145263672,0.3321000039577484,30.150699615478516,5.336699962615967,2.12719988822937,4.114299774169922,15.37279987335205,1.0951999425888062,10000,10009,20000,10006,20000,20000,10000,0.5199000239372253,7.097099781036377,6.374100208282471,10000,2.1800999999998276,2.5092,1,0.23759999999999998,0.1547,376832,15,15,3.5424,7712,0,0,30.632200241088867,15.428000450134277,4.577400207519531,3.4848999977111816,0.01759999990463257,39.97529983520508,0,0,0,0,0,0,0,0,0,0,0,0,0
438,105.13829803466797,5.256400108337402,37.60110092163086,5.865900039672852,5.0706000328063965,4.605899810791016,16.355199813842773,1.229699969291687,10000,10009,20000,10006,20000,20000,10000,0.46070000529289246,6.864799976348877,8.185099601745605,10000,2.529600000000009,5.2011,1,0.19959999999999997,0.12410000000000002,376832,15,15,5.1186,15952,0,0,43.087100982666016,16.41710090637207,9.267900466918945,4.7546000480651855,0.01889999955892563,19.054899215698242,0,0,0,0,0,0,0,0,0,0,0,0,0
439,105.1978988647461,7.565800189971924,38.8031005859375,6.680600166320801,4.661499977111816,5.638800144195557,15.714400291442871,1.259600043296814,10000,10009,20000,10006,20000,20000,10000,0.54339998960495,6.622900009155273,7.659200191497803,10000,2.2970999999998707,3.5018,1,0.23009999999999997,0.15960000000000002,376832,15,15,4.918,560040,0,0,46.58620071411133,16.545400619506836,7.179200172424316,9.518099784851074,0.7979000210762024,13.411700248718262,0,0,0,0,0,0,0,0,0,0,0,0,0
440,126.96700286865234,18.3075008392334,60.09239959716797,8.194999694824219,12.461199760437012,9.12720012664795,27.904199600219727,1.4699000120162964,10000,10009,20000,10006,20000,20000,10000,0.6322000026702881,10.500200271606445,11.973899841308594,10000,2.5922000000000427,2.0215,1,0.2409,0.1699,376832,15,15,4.0838,8048,0,0,78.61920166015625,28.572500228881836,5.348999977111816,4.317500114440918,0.5976999998092651,0.34290000796318054,0.0044,0,0.173,12.9703,13.529,0.0001,0.7313,1,1345754,0,0,0,9446
441,129.81370544433594,0.4803999960422516,61.65700149536133,10.530099868774414,9.038200378417969,5.008999824523926,28.940900802612305,1.5281000137329102,10000,10009,20000,10006,20000,20000,10000,0.6380000114440918,15.855899810791016,10.883000373840332,10000,2.8767000000002563,6.3378,1,0.27880000000000005,0.1878,376832,15,15,6.3216,7712,0,0,62.39139938354492,29.046199798583984,13.854000091552734,8.773699760437012,0.020600000396370888,1.2170000076293945,0,0,0,0,0,0,0,0,0,0,0,0,0
442,137.8300018310547,6.674600124359131,62.323001861572266,14.616499900817871,7.847599983215332,6.834400177001953,32.2588005065918,1.6038000583648682,10000,10009,20000,10006,20000,20000,10000,1.1153000593185425,11.568699836730957,11.628199577331543,10000,4.351600000000575,3.6309,1,0.2127,0.1708,376832,15,15,3.9087,15952,0,0,69.32769775390625,32.361000061035156,9.65880012512207,9.733200073242188,0.02199999988079071,0.6934000253677368,0,0,0,0,0,0,0,0,0,0,0,0,0
443,119.6050033569336,9.677000045776367,48.06829833984375,8.123600006103516,6.002200126647949,5.883200168609619,23.544700622558594,1.398300051689148,10000,10009,20000,10006,20000,20000,10000,0.5979999899864197,9.38700008392334,9.675999641418457,10000,2.802300000000257,4.5813,1,0.2476,0.175,376832,15,15,5.3194,550424,0,0,58.063899993896484,24.418500900268555,11.49209976196289,13.835599899291992,0.8151999711990356,0.30820000171661377,0,0,0,0,0,0,0,0,0,0,0,0,0
444,149.7216033935547,55.71369934082031,65.18560028076172,10.320199966430664,16.968399047851562,11.228899955749512,15.031200408935547,1.4427000284194946,10000,10009,20000,10006,20000,20000,10000,0.6633999943733215,9.649999618530273,8.16349983215332,10000,2.113599999999817,1.5431,1,0.1544,0.1322,376832,15,15,1.7175,46976,0,0,121.17289733886719,15.5378999710083,3.4779000282287598,3.0297999382019043,0.4731999933719635,0.1988999992609024,0.008,0,0.4045,26.4657,46.4631,18.7103,1.1318,1,1343382,116270,9992,24903,9751
445,74.33769989013672,0.33180001378059387,31.833599090576172,5.428400039672852,3.9581000804901123,4.121099948883057,16.945100784301758,1.1305999755859375,10000,10009,20000,10006,20000,20000,10000,1.0174000263214111,6.670599937438965,5.914999961853027,10000,2.511099999999991,4.2248,1,0.2395,0.17520000000000002,376832,15,15,4.7412,7712,0,0,32.30339813232422,17.00629997253418,9.2923002243042,5.168700218200684,0.019700000062584877,0.30169999599456787,0,0,0,0,0,0,0,0,0,0,0,0,0
446,95.87059783935547,5.124800205230713,46.417598724365234,7.5304999351501465,5.570899963378906,4.830399990081787,18.81679916381836,1.3207000494003296,10000,10009,20000,10006,20000,20000,10000,0.6087999939918518,7.198800086975098,11.848400115966797,10000,2.7629000000001174,3.2562,1,0.24759999999999996,0.21680000000000002,376832,15,15,4.5474,15952,0,0,51.7692985534668,18.91189956665039,8.32699966430664,4.833799839019775,0.035999998450279236,0.4982999861240387,0,0,0,0,0,0,0,0,0,0,0,0,0
447,108.0426025390625,8.442700386047363,43.1427001953125,7.8445000648498535,5.188499927520752,5.8557000160217285,17.339799880981445,1.4027999639511108,10000,10009,20000,10006,20000,20000,10000,0.6140000224113464,6.65910005569458,8.967000007629395,10000,2.641100000000067,4.6972,1,0.3629,0.1701,376832,15,15,6.0034,514128,0,0,51.81930160522461,18.131000518798828,9.119500160217285,14.779500007629395,0.75,0.3237000107765198,0,0,0,0,0,0,0,0,0,0,0,0,0
448,183.60409545898438,84.13030242919922,70.59880065917969,10.851499557495117,17.31220054626465,12.121199607849121,15.069899559020996,1.4514000415802002,10000,10009,20000,10006,20000,20000,10000,0.6751999855041504,7.851900100708008,11.380900382995605,10000,2.171699999999836,1.3838,1,0.176,0.0625,376832,15,15,1.8236,51976,0,0,155.0612030029297,15.5068998336792,3.3447000980377197,2.9809999465942383,0.40950000286102295,0.2071000039577484,0.0077,23.73080062866211,0.3875,27.3456,47.6675,18.7401,1.9906,1,1315234,108878,9993,23042,9714
449,93.22699737548828,0.4341000020503998,33.58399963378906,6.346799850463867,3.2535998821258545,4.339600086212158,27.45549964904785,1.6460000276565552,10000,10009,20000,10006,20000,20000,10000,0.5943999886512756,7.256899833679199,6.049499988555908,10000,4.386400000000172,4.1284,1,0.3454,0.1502,376832,15,15,4.5147,7712,0,0,34.18239974975586,27.531299591064453,9.765999794006348,5.773399829864502,0.027799999341368675,1.3343000411987305,0,0,0,0,0,0,0,0,0,0,0,0,0
450,119.66929626464844,5.838500022888184,45.73680114746094,7.116399765014648,5.5131001472473145,4.751399993896484,21.177900314331055,1.4062999486923218,10000,10009,20000,10006,20000,20000,10000,0.5462999939918518,7.992400169372559,10.761899948120117,10000,3.7075000000001572,7.6923,1,0.6925,0.1834,376832,15,15,8.2714,15952,0,0,51.817100524902344,21.249300003051758,17.61199951171875,9.63379955291748,0.022700000554323196,0.3578999936580658,0,0,0,0,0,0,0,0,0,0,0,0,0
451,116.28119659423828,12.690199851989746,56.69620132446289,8.469799995422363,6.288099765777588,5.707799911499023,22.341999053955078,1.4138000011444092,10000,10009,20000,10006,20000,20000,10000,0.5630999803543091,7.844600200653076,18.318899154663086,10000,2.8086000000001734,2.4956,1,0.16970000000000002,0.08360000000000001,376832,15,15,2.7462,582144,0,0,69.64129638671875,23.20479965209961,6.169000148773193,8.43690013885498,0.8179000020027161,0.2572999894618988,0,0,0,0,0,0,0,0,0,0,0,0,0
452,76.13610076904297,4.402100086212158,32.44240188598633,5.483699798583984,4.128699779510498,3.7922000885009766,15.629199981689453,1.1162999868392944,10000,10009,20000,10006,20000,20000,10000,0.5080999732017517,6.572999954223633,6.4944000244140625,10000,2.1896999999998297,3.521,1,0.22449999999999998,0.1482,376832,15,15,3.97,45016,0,0,37.06999969482422,15.689000129699707,8.096799850463867,4.50629997253418,0.01720000058412552,0.3100000023841858,0,0,0,0,0,0,0,0,0,0,0,0,0
453,64.55370330810547,0.4221999943256378,33.85810089111328,5.668600082397461,2.716900110244751,3.549999952316284,14.618300437927246,1.164199948310852,10000,10009,20000,10006,20000,20000,10000,0.4424000084400177,6.356400012969971,8.532899856567383,10000,2.112399999999814,2.3841,1,0.1421,0.0753,376832,15,15,2.6517,7712,0,0,34.49409866333008,14.658900260925293,4.326499938964844,3.558000087738037,0.010999999940395355,0.30959999561309814,0,0,0,0,0,0,0,0,0,0,0,0,0
454,71.6720962524414,4.382299900054932,31.54789924621582,5.409900188446045,3.06469988822937,3.718400001525879,14.901200294494629,1.1061999797821045,10000,10009,20000,10006,20000,20000,10000,0.4731999933719635,6.737100124359131,6.517499923706055,10000,2.1748999999998317,2.6103,1,0.1869,0.1184,376832,15,15,3.3671,15952,0,0,36.130401611328125,14.954700469970703,5.621099948883057,3.542799949645996,0.01759999990463257,3.108599901199341,0,0,0,0,0,0,0,0,0,0,0,0,0
455,105.29930114746094,6.348100185394287,28.774799346923828,5.545499801635742,2.0401999950408936,4.26230001449585,15.398300170898438,1.0865999460220337,10000,10009,20000,10006,20000,20000,10000,0.41839998960494995,4.0929999351501465,6.928500175476074,10000,2.1074999999998165,2.4208,1,0.1477,0.0746,376832,15,15,2.5831,528232,0,0,35.31840133666992,16.142099380493164,4.3769001960754395,7.846799850463867,0.7098000049591064,34.494598388671875,0,0,0,0,0,0,0,0,0,0,0,0,0
456,105.5780029296875,13.817500114440918,42.75899887084961,6.150199890136719,11.049400329589844,8.404600143432617,14.979999542236328,1.2094000577926636,10000,10009,20000,10006,20000,20000,10000,0.6883000135421753,4.830900192260742,5.364699840545654,10000,2.1469999999998333,2.0123,1,0.1487,0.09989999999999999,376832,15,15,3.0496,8048,0,0,56.715999603271484,15.405099868774414,4.032100200653076,4.224400043487549,0.39730000495910645,15.17490005493164,0.0027,0,0.1346,9.7048,10.1163,0,0.5823,1,1282378,0,0,0,9353
457,105.00579833984375,0.3278999924659729,31.26729965209961,5.725299835205078,3.8785998821258545,3.8701000213623047,15.169500350952148,1.1368999481201172,10000,10009,20000,10006,20000,20000,10000,0.5091999769210815,6.539999961853027,5.606200218200684,10000,2.1231999999998172,2.3613,1,0.14049999999999999,0.0738,376832,15,15,2.6602,7712,0,0,31.824199676513672,15.225299835205078,4.3520002365112305,3.025899887084961,0.018200000748038292,43.25600051879883,0,0,0,0,0,0,0,0,0,0,0,0,0
458,105.45010375976562,3.98799991607666,38.01969909667969,6.060100078582764,5.021999835968018,3.88700008392334,15.70479965209961,1.1994999647140503,10000,10009,20000,10006,20000,20000,10000,0.5852000117301941,7.331299781799316,8.212400436401367,10000,2.1312999999998206,2.3461,1,0.1497,0.08679999999999999,376832,15,15,2.7678,15952,0,0,42.216800689697266,15.763999938964844,4.359600067138672,3.335599899291992,0.017400000244379044,31.60099983215332,0,0,0,0,0,0,0,0,0,0,0,0,0
459,105.67549896240234,5.42549991607666,34.879398345947266,6.126999855041504,2.007699966430664,5.491399765014648,15.911399841308594,1.1480000019073486,10000,10009,20000,10006,20000,20000,10000,0.46149998903274536,6.564199924468994,7.759200096130371,10000,2.119599999999813,2.7336,1,0.1983,0.1378,376832,15,15,4.0696,586536,0,0,40.45090103149414,16.77899932861328,5.968900203704834,8.525699615478516,0.8294000029563904,23.39299964904785,0,0,0,0,0,0,0,0,0,0,0,0,0
460,107.78209686279297,36.050899505615234,40.64619827270508,5.6433000564575195,10.38949966430664,7.878799915313721,15.126999855041504,1.0784000158309937,10000,10009,20000,10006,20000,20000,10000,0.43140000104904175,4.936800003051758,5.934100151062012,10000,2.1088999999998173,2.2908,1,0.16349999999999998,0.0912,376832,15,15,2.0415,40912,0,0,76.90489959716797,15.568499565124512,4.285900115966797,3.978800058364868,0.4050999879837036,0.3025999963283539,0.0033,11.226400375366211,0.1543,11.36,18.7868,6.9955,0.8232,1,1282404,111288,9993,24171,9689
461,103.06629943847656,0.4284000098705292,30.34280014038086,5.242800235748291,3.3914999961853027,3.774600028991699,14.690600395202637,1.0963000059127808,10000,10009,20000,10006,20000,20000,10000,0.5085999965667725,5.846399784088135,5.933000087738037,10000,2.1187999999998155,2.4408,1,0.1439,0.0975,376832,15,15,2.0124,7712,0,0,30.984500885009766,14.739899635314941,4.394800186157227,3.3861000537872314,0.016899999231100082,42.96369934082031,0,0,0,0,0,0,0,0,0,0,0,0,0
462,105.2708969116211,2.5690999031066895,25.728900909423828,4.978799819946289,1.9179999828338623,3.0838000774383545,14.69890022277832,1.1978000402450562,10000,10009,20000,10006,20000,20000,10000,0.49950000643730164,5.435200214385986,5.363999843597412,10000,2.097499999999813,1.9825,1,0.1361,0.0523,376832,15,15,1.4792,15952,0,0,28.507999420166016,14.737600326538086,3.9123001098632812,3.395900011062622,0.010599999688565731,48.868099212646484,0,0,0,0,0,0,0,0,0,0,0,0,0
463,105.09210205078125,4.982600212097168,29.26849937438965,5.621399879455566,1.7117999792099,4.969299793243408,14.762800216674805,1.1047999858856201,10000,10009,20000,10006,20000,20000,10000,0.45260000228881836,4.969799995422363,6.394800186157227,10000,2.112699999999822,2.2728,1,0.1437,0.09090000000000001,376832,15,15,2.1076,531264,0,0,34.458900451660156,15.240500450134277,4.194900035858154,6.886199951171875,0.45080000162124634,37.686798095703125,0,0,0,0,0,0,0,0,0,0,0,0,0
464,105.24859619140625,33.898799896240234,36.42850112915039,5.506100177764893,9.580599784851074,6.357999801635742,14.656599998474121,1.1030000448226929,10000,10009,20000,10006,20000,20000,10000,0.4880000054836273,3.728300094604492,5.388400077819824,10000,2.1234999999998188,1.5241,1,0.12969999999999998,0.0508,376832,15,15,1.7253,49000,0,0,70.47219848632812,15.13860034942627,3.4405999183654785,3.514899969100952,0.4523000121116638,5.612500190734863,0.0026,11.112000465393066,0.1307,10.6062,17.794,6.7848,0.7175,1,1259456,106646,9994,22946,9638
465,105.40660095214844,0.39730000495910645,26.38409996032715,5.736800193786621,1.7821999788284302,2.6521999835968018,14.852100372314453,0.9894000291824341,10000,10009,20000,10006,20000,20000,10000,0.4027000069618225,6.249800205230713,5.382900238037109,10000,2.101799999999816,2.3448,1,0.13090000000000002,0.047799999999999995,376832,15,15,2.4642,7712,0,0,26.998699188232422,14.8996000289917,4.265500068664551,3.3814001083374023,0.01600000075995922,48.889801025390625,0,0,0,0,0,0,0,0,0,0,0,0,0
466,106.2874984741211,3.5817999839782715,29.550899505615234,5.219699859619141,2.1503000259399414,3.895900011062622,15.155099868774414,1.1231000423431396,10000,10009,20000,10006,20000,20000,10000,0.45660001039505005,6.417099952697754,6.327000141143799,10000,2.1197999999998136,4.2532,1,0.252,0.17980000000000002,376832,15,15,4.6993,15952,0,0,33.3672981262207,15.209199905395508,6.3165998458862305,5.33459997177124,0.01899999938905239,36.529998779296875,0,0,0,0,0,0,0,0,0,0,0,0,0
467,131.30360412597656,17.023000717163086,58.89250183105469,13.20829963684082,5.302599906921387,5.1981000900268555,18.92959976196289,1.358199954032898,10000,10009,20000,10006,20000,20000,10000,0.6276999711990356,5.23360013961792,18.670000076293945,10000,2.8119000000002576,3.8581,1,0.302,0.20090000000000002,376832,15,15,6.0371,467280,0,0,76.32599639892578,19.678699493408203,10.542499542236328,9.38949966430664,0.7135000228881836,0.34360000491142273,0,0,0,0,0,0,0,0,0,0,0,0,0
468,79.83920288085938,6.5040998458862305,37.385101318359375,6.747799873352051,2.7678000926971436,4.677199840545654,16.545299530029297,1.3042000532150269,10000,10009,20000,10006,20000,20000,10000,0.599399983882904,6.815499782562256,8.626399993896484,10000,2.404399999999908,2.3752,1,0.22679999999999997,0.1625,376832,15,15,3.3819,46496,0,0,44.11429977416992,16.601600646972656,4.5106000900268555,3.5215001106262207,0.017500000074505806,2.435499906539917,0,0,0,0,0,0,0,0,0,0,0,0,0
469,105.17420196533203,0.4494999945163727,27.291000366210938,5.094399929046631,2.3954999446868896,2.5601999759674072,14.50529956817627,0.9822999835014343,10000,10009,20000,10006,20000,20000,10000,0.43639999628067017,4.040299892425537,7.929699897766113,10000,2.1152999999998174,1.6766,1,0.128,0.0447,376832,15,15,1.5836,7712,0,0,27.990100860595703,14.542400360107422,3.569499969482422,2.922600030899048,0.010599999688565731,50.126399993896484,0,0,0,0,0,0,0,0,0,0,0,0,0
470,105.40440368652344,2.743499994277954,24.4375,4.963099956512451,2.4688000679016113,2.5815999507904053,14.498700141906738,0.9868999719619751,10000,10009,20000,10006,20000,20000,10000,0.4812999963760376,4.232100009918213,5.531099796295166,10000,2.124799999999816,1.5596,1,0.12830000000000003,0.046,376832,15,15,1.6077,15952,0,0,27.33679962158203,14.547599792480469,3.4744999408721924,3.245800018310547,0.016300000250339508,50.65250015258789,0,0,0,0,0,0,0,0,0,0,0,0,0
471,105.53800201416016,4.177299976348877,25.337299346923828,5.212800025939941,1.8021999597549438,4.17110013961792,14.452799797058105,1.0782999992370605,10000,10009,20000,10006,20000,20000,10000,0.43389999866485596,4.048999786376953,4.658400058746338,10000,2.134399999999813,2.3031,1,0.1476,0.0767,376832,15,15,1.8913,544064,0,0,29.646299362182617,15.227800369262695,4.237800121307373,6.566100120544434,0.7439000010490417,43.448699951171875,0,0,0,0,0,0,0,0,0,0,0,0,0
472,105.32499694824219,14.071800231933594,36.923500061035156,5.730000019073486,10.039899826049805,5.938199996948242,14.705400466918945,1.0852999687194824,10000,10009,20000,10006,20000,20000,10000,0.4180000126361847,3.8132998943328857,5.698800086975098,10000,2.094299999999815,2.4294,1,0.1421,0.0814,376832,15,15,2.9352,8048,0,0,51.135101318359375,15.103799819946289,4.486400127410889,3.672600030899048,0.3781000077724457,23.486600875854492,0.0025,0,0.1321,10.4289,10.8537,0,0.6363,1,1229544,0,0,0,9252
473,105.38130187988281,0.32429999113082886,26.49920082092285,5.422299861907959,2.069999933242798,2.8517000675201416,14.67020034790039,1.01419997215271,10000,10009,20000,10006,20000,20000,10000,0.34299999475479126,5.071800231933594,6.0920000076293945,10000,2.196999999999821,1.5558,1,0.1288,0.0526,376832,15,15,1.7617,7712,0,0,26.956600189208984,14.705699920654297,3.4967000484466553,3.0952999591827393,0.010300000198185444,50.930301666259766,0,0,0,0,0,0,0,0,0,0,0,0,0
474,105.59510040283203,2.3099000453948975,25.19339942932129,5.003200054168701,2.2242000102996826,3.036600112915039,14.668800354003906,1.086300015449524,10000,10009,20000,10006,20000,20000,10000,0.4481000006198883,4.162600040435791,5.615600109100342,10000,2.115199999999816,2.0234,1,0.1368,0.048100000000000004,376832,15,15,1.7148,15952,0,0,27.644699096679688,14.71660041809082,3.921299934387207,3.0789999961853027,0.017500000074505806,50.02619934082031,0,0,0,0,0,0,0,0,0,0,0,0,0
475,105.07730102539062,4.076600074768066,27.0398006439209,5.61959981918335,2.150700092315674,4.442399978637695,14.781900405883789,1.1342999935150146,10000,10009,20000,10006,20000,20000,10000,0.4375999867916107,3.9416000843048096,5.270299911499023,10000,2.119699999999818,2.5733,1,0.129,0.0493,376832,15,15,1.6777,483864,0,0,31.257200241088867,15.503999710083008,4.531199932098389,6.782899856567383,0.6924999952316284,40.78950119018555,0,0,0,0,0,0,0,0,0,0,0,0,0
476,106.04109954833984,20.69700050354004,35.40140151977539,5.375800132751465,9.498900413513184,6.3846001625061035,16.563100814819336,0.9596999883651733,10000,10009,20000,10006,20000,20000,10000,0.3750999867916107,3.753499984741211,5.1041998863220215,10000,2.133999999999821,2.2875,1,0.12890000000000001,0.0484,376832,15,15,1.7208,35672,0,0,56.24039840698242,16.98889923095703,4.209700107574463,6.6579999923706055,0.38670000433921814,14.511899948120117,0.003,0,0.1343,9.56,16.2985,6.3467,0.5757,1,1232366,112678,9993,23383,9612
477,105.7738037109375,0.3950999975204468,29.023700714111328,4.966599941253662,2.3963000774383545,2.9382998943328857,14.833399772644043,1.0805000066757202,10000,10009,20000,10006,20000,20000,10000,0.41200000047683716,5.3302001953125,7.6427998542785645,10000,2.176299999999828,2.3693,1,0.1302,0.0466,376832,15,15,1.5327,7712,0,0,29.63249969482422,14.883399963378906,4.322000026702881,3.2839999198913574,0.01730000041425228,47.51190185546875,0,0,0,0,0,0,0,0,0,0,0,0,0
478,105.67780303955078,2.8143999576568604,27.667499542236328,4.889699935913086,1.8926000595092773,3.9779000282287598,14.945899963378906,1.0996999740600586,10000,10009,20000,10006,20000,20000,10000,0.45559999346733093,5.576099872589111,6.0046000480651855,10000,2.1835999999998785,1.9386,1,0.2298,0.1588,376832,15,15,3.3342,15952,0,0,30.7091007232666,15.005499839782715,6.4105000495910645,3.3452999591827393,0.019500000402331352,42.040000915527344,0,0,0,0,0,0,0,0,0,0,0,0,0
479,105.46009826660156,4.697299957275391,33.325599670410156,6.942500114440918,2.1868999004364014,4.661499977111816,15.231200218200684,1.1124999523162842,10000,10009,20000,10006,20000,20000,10000,0.4991999864578247,5.405799865722656,7.261300086975098,10000,2.14199999999982,2.4976,1,0.17350000000000002,0.1061,376832,15,15,2.6998,563128,0,0,38.241798400878906,16.093299865722656,4.551000118255615,7.910399913787842,0.8296999931335449,31.002700805664062,0,0,0,0,0,0,0,0,0,0,0,0,0
480,106.2239990234375,33.832698822021484,36.709800720214844,5.331500053405762,9.613800048828125,6.126999855041504,14.761199951171875,1.0723999738693237,10000,10009,20000,10006,20000,20000,10000,0.4733000099658966,4.358399868011475,5.463500022888184,10000,2.3015999999998096,1.9632,1,0.14889999999999998,0.0873,376832,15,15,2.459,48480,0,0,70.68419647216797,15.25059986114502,3.927000045776367,4.095399856567383,0.4578999876976013,4.3180999755859375,0.0026,10.92650032043457,0.1554,10.6987,18.1507,7.0062,0.6397,1,1209240,109176,9993,22838,9541
481,105.64869689941406,0.36489999294281006,28.063199996948242,5.378300189971924,2.5106000900268555,3.0778000354766846,15.064599990844727,1.0206999778747559,10000,10009,20000,10006,20000,20000,10000,0.48410001397132874,6.291100025177002,5.658400058746338,10000,2.2043999999998207,2.4896,1,0.1291,0.0485,376832,15,15,1.5635,7712,0,0,28.57509994506836,15.121399879455566,4.5192999839782715,3.4704999923706055,0.013500000350177288,47.867801666259766,0,0,0,0,0,0,0,0,0,0,0,0,0
482,105.86969757080078,2.9598000049591064,28.569299697875977,5.22599983215332,3.036900043487549,3.595900058746338,14.731399536132812,1.2029000520706177,10000,10009,20000,10006,20000,20000,10000,0.44769999384880066,4.636099815368652,6.453400135040283,10000,2.189299999999819,1.9289,1,0.14229999999999998,0.0821,376832,15,15,1.9427,15952,0,0,31.67300033569336,14.780900001525879,4.123300075531006,3.261399984359741,0.017400000244379044,45.30690002441406,0,0,0,0,0,0,0,0,0,0,0,0,0
483,106.06179809570312,4.3420000076293945,27.649999618530273,5.272500038146973,2.2263998985290527,4.477799892425537,14.694700241088867,1.110200047492981,10000,10009,20000,10006,20000,20000,10000,0.5464000105857849,4.665900230407715,4.896100044250488,10000,2.1475999999998163,1.9705,1,0.14329999999999998,0.075,376832,15,15,2.9714,548072,0,0,32.134300231933594,15.482999801635742,3.9214999675750732,6.576700210571289,0.754800021648407,40.20289993286133,0,0,0,0,0,0,0,0,0,0,0,0,0
484,105.80500030517578,3.695499897003174,28.93670082092285,4.925099849700928,2.3613998889923096,3.7853000164031982,15.164799690246582,1.0789999961853027,10000,10009,20000,10006,20000,20000,10000,0.6783000230789185,6.535200119018555,5.891200065612793,10000,2.3194999999998314,2.914,1,0.15800000000000003,0.1014,376832,15,15,3.1722,39568,0,0,32.77619934082031,15.213399887084961,6.086400032043457,4.034200191497803,0.016599999740719795,39.7151985168457,0,0,0,0,0,0,0,0,0,0,0,0,0
485,106.30290222167969,0.4072999954223633,38.48569869995117,5.74399995803833,5.286099910736084,4.0346999168396,19.058700561523438,1.333299994468689,10000,10009,20000,10006,20000,20000,10000,0.6833000183105469,6.995299816131592,8.367899894714355,10000,3.914000000000673,3.306,1,0.17970000000000003,0.0894,376832,15,15,3.1706,7712,0,0,39.104400634765625,19.133899688720703,6.978300094604492,5.193699836730957,0.01979999989271164,24.693099975585938,0,0,0,0,0,0,0,0,0,0,0,0,0
486,106.14250183105469,4.579400062561035,32.66189956665039,5.35860013961792,2.5764999389648438,3.8176000118255615,15.652199745178223,1.0830999612808228,10000,10009,20000,10006,20000,20000,10000,0.5414999723434448,7.166100025177002,7.5858001708984375,10000,2.3283999999998546,2.9081,1,0.22240000000000001,0.1816,376832,15,15,5.55,15952,0,0,37.50899887084961,15.709799766540527,6.000100135803223,4.007199764251709,0.018699999898672104,31.198699951171875,0,0,0,0,0,0,0,0,0,0,0,0,0
487,106.26740264892578,6.843400001525879,35.42599868774414,6.149700164794922,2.871299982070923,5.1528000831604,16.097000122070312,1.1133999824523926,10000,10009,20000,10006,20000,20000,10000,0.5049999952316284,6.326099872589111,7.432700157165527,10000,2.26399999999986,3.0559,1,0.2329,0.1508,376832,15,15,4.1616,591400,0,0,42.50040054321289,16.97010040283203,5.9527997970581055,9.40880012512207,0.8281000256538391,20.51799964904785,0,0,0,0,0,0,0,0,0,0,0,0,0
488,155.82310485839844,23.528600692749023,67.15370178222656,7.3846001625061035,12.242300033569336,15.630800247192383,28.25200080871582,1.6043000221252441,10000,10009,20000,10006,20000,20000,10000,0.748199999332428,13.560099601745605,9.652400016784668,10000,4.00059999999995,4.9808,1,0.34879999999999994,0.18580000000000002,376832,15,15,6.0971,8048,0,0,90.90859985351562,29.509300231933594,13.090399742126465,6.166100025177002,1.1996999979019165,0.3294999897480011,0.0046,0,0.354,16.7286,17.9247,0.0002,1.0257,1,1182718,0,0,0,9113
489,99.00060272216797,0.5001999735832214,50.16830062866211,9.946700096130371,5.88640022277832,3.4291999340057373,20.518999099731445,2.585599899291992,10000,10009,20000,10006,20000,20000,10000,0.79830002784729,9.006699562072754,11.381699562072754,10000,2.984700000000186,3.0228,1,0.3443,0.1406,376832,15,15,4.9109,7712,0,0,50.89899826049805,20.57939910888672,8.0733003616333,6.882699966430664,0.019200000911951065,0.4970000088214874,0,0,0,0,0,0,0,0,0,0,0,0,0
490,96.79530334472656,4.6350998878479,49.874000549316406,11.217300415039062,5.426300048828125,5.481599807739258,17.491300582885742,2.2922000885009766,10000,10009,20000,10006,20000,20000,10000,0.7214999794960022,6.918300151824951,11.330400466918945,10000,2.3288999999998885,3.8266,1,0.23190000000000002,0.1601,376832,15,15,3.2484,15952,0,0,54.76430130004883,17.55270004272461,10.767900466918945,4.491099834442139,0.01979999989271164,0.3431999981403351,0,0,0,0,0,0,0,0,0,0,0,0,0
491,93.9032974243164,7.541600227355957,38.99850082397461,7.06790018081665,3.3815999031066895,5.496200084686279,19.61669921875,1.3466999530792236,10000,10009,20000,10006,20000,20000,10000,0.7520999908447266,7.184999942779541,8.035099983215332,10000,2.592499999999995,2.4797,1,0.23199999999999998,0.1779,376832,15,15,5.3858,494712,0,0,46.758399963378906,20.383499145507812,5.296599864959717,8.76449966430664,0.7271000146865845,0.3352999985218048,0,0,0,0,0,0,0,0,0,0,0,0,0
492,161.83299255371094,54.92250061035156,54.61159896850586,10.230600357055664,12.275300025939941,9.314299583435059,24.883499145507812,1.4174000024795532,10000,10009,20000,10006,20000,20000,10000,0.6577000021934509,7.53410005569458,8.084500312805176,10000,2.973400000000232,2.3605,1,0.1851,0.08829999999999999,376832,15,15,3.3955,37464,0,0,109.83070373535156,25.54949951171875,7.82480001449585,8.520299911499023,0.6184999942779541,0.4011000096797943,0.0062,0,0.398,27.2663,45.4531,17.0778,1.1287,1,1184630,113501,9993,24416,9540
493,95.33209991455078,0.9894000291824341,48.74580001831055,9.067399978637695,5.624899864196777,4.850900173187256,25.956899642944336,1.3502000570297241,10000,10009,20000,10006,20000,20000,10000,0.6545000076293945,6.716899871826172,13.824799537658691,10000,2.737500000000176,2.6516,1,0.1732,0.0814,376832,15,15,2.7858,7712,0,0,49.98759841918945,26.015600204467773,5.652100086212158,4.781099796295166,0.019500000402331352,0.3019999861717224,0,0,0,0,0,0,0,0,0,0,0,0,0
494,93.41280364990234,4.191500186920166,46.33420181274414,10.955300331115723,5.326600074768066,4.642000198364258,18.496299743652344,1.4494999647140503,10000,10009,20000,10006,20000,20000,10000,0.6061999797821045,6.955599784851074,10.570599555969238,10000,2.793500000000241,2.7303,1,0.2513,0.1668,376832,15,15,6.1383,15952,0,0,50.759498596191406,18.568700790405273,7.206200122833252,4.246200084686279,0.02539999969303608,0.3244999945163727,0,0,0,0,0,0,0,0,0,0,0,0,0
495,96.39610290527344,8.17490005493164,41.417999267578125,7.640900135040283,5.0345001220703125,5.0903000831604,17.314800262451172,1.479699969291687,10000,10009,20000,10006,20000,20000,10000,0.5221999883651733,6.854499816894531,8.535900115966797,10000,2.2972999999998747,3.3342,1,0.2583,0.159,376832,15,15,4.3918,493936,0,0,49.842098236083984,18.172399520874023,7.831299781799316,10.628800392150879,0.8187000155448914,0.34610000252723694,0,0,0,0,0,0,0,0,0,0,0,0,0
496,168.6927032470703,62.0625,53.419700622558594,9.677399635314941,11.953100204467773,8.630900382995605,22.68779945373535,2.200700044631958,10000,10009,20000,10006,20000,20000,10000,0.9010999798774719,6.363999843597412,8.08080005645752,10000,6.1271000000006515,3.3982,1,0.18689999999999998,0.0875,376832,15,15,2.7103,41616,0,0,115.77020263671875,23.699800491333008,6.374599933624268,7.2631001472473145,0.9610999822616577,0.3522000014781952,0.0086,17.94540023803711,0.1861,24.1664,35.5597,10.6269,0.7928,1,1166166,109266,9992,23524,9482
497,82.93409729003906,0.5849999785423279,41.09049987792969,6.993199825286865,4.813499927520752,4.148600101470947,18.869800567626953,1.38919997215271,10000,10009,20000,10006,20000,20000,10000,0.5932000279426575,8.93340015411377,8.928500175476074,10000,2.7091000000001717,2.5608,1,0.18309999999999998,0.0832,376832,15,15,3.081,7712,0,0,41.95109939575195,18.925399780273438,7.333700180053711,5.300099849700928,0.01759999990463257,0.5041999816894531,0,0,0,0,0,0,0,0,0,0,0,0,0
498,84.71790313720703,5.082099914550781,38.29100036621094,7.01609992980957,4.789599895477295,3.860300064086914,17.509700775146484,1.4337999820709229,10000,10009,20000,10006,20000,20000,10000,0.5284000039100647,6.3815999031066895,8.724699974060059,10000,2.596500000000058,3.3785,1,0.24720000000000003,0.1669,376832,15,15,4.3085,15952,0,0,43.68360137939453,17.565799713134766,7.450200080871582,4.861700057983398,0.018300000578165054,0.3208000063896179,0,0,0,0,0,0,0,0,0,0,0,0,0
499,95.39679718017578,7.853300094604492,40.38990020751953,7.6234002113342285,5.071800231933594,5.362599849700928,17.89699935913086,1.2659000158309937,10000,10009,20000,10006,20000,20000,10000,0.536899983882904,6.051499843597412,8.230299949645996,10000,2.799100000000173,3.8601,1,0.178,0.0821,376832,15,15,3.5959,508792,0,0,48.47209930419922,18.67329978942871,7.091100215911865,10.338800430297852,0.7400000095367432,0.3061000108718872,0,0,0,0,0,0,0,0,0,0,0,0,0
500,79.15760040283203,7.344799995422363,36.68239974975586,6.584000110626221,4.364200115203857,4.267000198364258,17.71299934387207,1.3360999822616577,10000,10009,20000,10006,20000,20000,10000,0.6761000156402588,7.092400074005127,7.646299839019775,10000,2.631600000000004,2.2732,1,0.16159999999999997,0.2398,376832,15,15,2.7524,39832,0,0,44.28129959106445,17.768999099731445,4.606200218200684,3.6275999546051025,0.01889999955892563,0.2694000005722046,0,0,0,0,0,0,0,0,0,0,0,0,0
501,85.01419830322266,0.42640000581741333,36.87879943847656,7.124499797821045,4.8856000900268555,3.0917000770568848,19.2322998046875,1.3179999589920044,10000,10009,20000,10006,20000,20000,10000,0.5048999786376953,6.043600082397461,8.806400299072266,10000,2.8482000000002294,2.6095,1,0.1804,0.10389999999999999,376832,15,15,3.0955,7712,0,0,37.52159881591797,19.288400650024414,5.538099765777588,4.038300037384033,0.017899999395012856,9.562199592590332,0,0,0,0,0,0,0,0,0,0,0,0,0
502,106.21060180664062,3.9351999759674072,33.90800094604492,5.624800205230713,3.536799907684326,3.655900001525879,15.413000106811523,1.2969000339508057,10000,10009,20000,10006,20000,20000,10000,0.5523999929428101,6.019700050354004,7.890999794006348,10000,2.2305999999998436,3.9097,1,0.20210000000000003,0.1414,376832,15,15,5.7433,15952,0,0,38.068599700927734,15.461600303649902,7.502200126647949,4.876100063323975,0.016100000590085983,28.0802001953125,0,0,0,0,0,0,0,0,0,0,0,0,0
503,106.40450286865234,7.417200088500977,37.67559814453125,6.392399787902832,4.6280999183654785,4.917099952697754,15.770700454711914,1.1908999681472778,10000,10009,20000,10006,20000,20000,10000,0.44429999589920044,6.48960018157959,7.802599906921387,10000,2.259899999999853,2.5914,1,0.2286,0.156,376832,15,15,4.4433,516848,0,0,45.30979919433594,16.614200592041016,6.041800022125244,8.61970043182373,0.8044000267982483,18.791000366210938,0,0,0,0,0,0,0,0,0,0,0,0,0
504,106.36820220947266,15.645400047302246,46.07210159301758,6.56220006942749,10.793000221252441,8.474499702453613,16.411699295043945,1.2457000017166138,10000,10009,20000,10006,20000,20000,10000,0.5087000131607056,6.377299785614014,7.386499881744385,10000,2.4179999999999433,3.3923,1,0.17170000000000002,0.1028,376832,15,15,3.1254,8048,0,0,61.958099365234375,16.879899978637695,7.582300186157227,5.867800235748291,0.4348999857902527,4.84250020980835,0.0044,0,0.1658,10.4611,10.9808,0.0001,0.6347,1,1146606,0,0,0,8993
505,106.34049987792969,0.4754999876022339,39.338199615478516,6.994999885559082,4.0655999183654785,4.462900161743164,16.620800018310547,1.3143999576568604,10000,10009,20000,10006,20000,20000,10000,0.5827000141143799,6.8850998878479,8.974699974060059,10000,2.324099999999888,4.0065,1,0.23280000000000003,0.1576,376832,15,15,4.5725,7712,0,0,40.06589889526367,16.677799224853516,8.635600090026855,4.550099849700928,0.017799999564886093,26.726600646972656,0,0,0,0,0,0,0,0,0,0,0,0,0
506,106.7477035522461,4.219799995422363,33.47919845581055,5.467899799346924,3.6201000213623047,3.8666000366210938,14.906499862670898,1.1220999956130981,10000,10009,20000,10006,20000,20000,10000,0.5313000082969666,6.642499923706055,7.344600200653076,10000,2.397799999999971,3.6872,1,0.20829999999999999,0.11099999999999999,376832,15,15,3.2303,15952,0,0,37.934600830078125,14.9576997756958,7.287099838256836,6.951900005340576,0.016899999231100082,28.99489974975586,0,0,0,0,0,0,0,0,0,0,0,0,0
507,173.98109436035156,14.256199836730957,77.86260223388672,20.743999481201172,4.536399841308594,11.472299575805664,51.11690139770508,3.917099952697754,10000,10009,20000,10006,20000,20000,10000,1.455399990081787,14.14579963684082,11.608499526977539,10000,5.706700000000266,2.4159,1,0.34029999999999994,0.1287,376832,15,15,2.8474,572816,0,0,92.3821029663086,52.367401123046875,4.964300155639648,9.5516996383667,1.1770000457763672,0.3163999915122986,0,0,0,0,0,0,0,0,0,0,0,0,0
508,146.83340454101562,42.2338981628418,56.0265007019043,8.100199699401855,13.14680004119873,8.974599838256836,21.765300750732422,2.651900053024292,10000,10009,20000,10006,20000,20000,10000,0.7523000240325928,7.97160005569458,8.138899803161621,10000,3.71960000000073,4.2121,1,0.2098,0.1276,376832,15,15,4.0966,37392,0,0,98.5093002319336,22.714500427246094,7.437699794769287,5.981800079345703,0.9075000286102295,0.32829999923706055,0.0059,0,0.195,18.3172,35.9527,16.7274,0.7414,1,1151030,114285,9991,24781,9453
509,74.30690002441406,0.4950999915599823,34.616600036621094,5.457900047302246,3.356100082397461,4.151899814605713,16.212600708007812,1.0836999416351318,10000,10009,20000,10006,20000,20000,10000,0.47290000319480896,6.856100082397461,7.9232001304626465,10000,2.278199999999844,2.5079,1,0.23399999999999999,0.1481,376832,15,15,5.3203,7712,0,0,35.356201171875,16.27079963684082,6.656899929046631,3.4823999404907227,0.019500000402331352,0.35499998927116394,0,0,0,0,0,0,0,0,0,0,0,0,0
510,76.71060180664062,4.279900074005127,39.16189956665039,6.064300060272217,4.914400100708008,4.659800052642822,16.300899505615234,1.3499000072479248,10000,10009,20000,10006,20000,20000,10000,0.6068000197410583,7.461100101470947,8.2052001953125,10000,2.335699999999892,2.3494,1,0.1553,0.07919999999999999,376832,15,15,2.8571,15952,0,0,43.67539978027344,16.35740089416504,4.599699974060059,3.7532999515533447,0.018400000408291817,0.30000001192092896,0,0,0,0,0,0,0,0,0,0,0,0,0
511,87.78910064697266,20.72089958190918,32.47840118408203,5.916800022125244,2.7153000831604004,4.423999786376953,14.706000328063965,1.1615999937057495,10000,10009,20000,10006,20000,20000,10000,0.5052000284194946,5.008500099182129,7.479100227355957,10000,2.109799999999815,1.3664,1,0.1321,0.0562,376832,15,15,2.5216,535584,1,1,53.41360092163086,15.36620044708252,3.33270001411438,8.237799644470215,0.628000020980835,0.30469998717308044,0,0,0,0,0,0,0,0,0,0,0,0,0
512,114.76619720458984,34.91709899902344,47.91659927368164,6.882900238037109,9.976099967956543,9.24470043182373,15.231599807739258,1.270900011062622,10000,10009,20000,10006,20000,20000,10000,0.492000013589859,8.122200012207031,6.736199855804443,10000,2.169199999999821,2.3421,1,0.1523,0.0843,376832,15,15,2.2569,59832,0,0,83.13800048828125,15.905099868774414,4.3144001960754395,4.230999946594238,0.6348999738693237,0.2897999882698059,0.0065,10.963500022888184,0.4079,10.1354,17.2834,6.4072,1.2374,1,1134352,107139,9992,23038,9364
513,73.85330200195312,0.4090000092983246,36.95209884643555,6.177499771118164,4.854000091552734,3.7304000854492188,15.24899959564209,1.1330000162124634,10000,10009,20000,10006,20000,20000,10000,0.4496000111103058,7.22160005569458,8.216500282287598,10000,2.2872999999998687,2.7202,1,0.2504,0.1874,376832,15,15,2.9296,7712,0,0,37.60850143432617,15.308300018310547,7.644899845123291,4.908100128173828,0.017999999225139618,0.3330000042915344,0,0,0,0,0,0,0,0,0,0,0,0,0
514,105.94329833984375,5.076000213623047,28.864299774169922,5.2058000564575195,2.6575000286102295,3.565200090408325,14.790499687194824,1.1060999631881714,10000,10009,20000,10006,20000,20000,10000,0.4343000054359436,5.7256999015808105,5.792399883270264,10000,2.152099999999819,1.9181,1,0.14390000000000003,0.0891,376832,15,15,2.3982,15952,0,0,34.142398834228516,14.821999549865723,3.8798000812530518,3.1270999908447266,0.010099999606609344,42.96419906616211,0,0,0,0,0,0,0,0,0,0,0,0,0
515,105.98919677734375,4.5370001792907715,26.504499435424805,5.420400142669678,2.654900074005127,4.1554999351501465,14.769200325012207,1.065600037574768,10000,10009,20000,10006,20000,20000,10000,0.4318999946117401,3.8510000705718994,5.120800018310547,10000,2.1115999999998154,2.4925,1,0.1306,0.049800000000000004,376832,15,15,2.0071,578256,0,0,31.18160057067871,15.531000137329102,4.445899963378906,8.411499977111816,0.7364000082015991,39.8401985168457,0,0,0,0,0,0,0,0,0,0,0,0,0
516,106.20870208740234,3.3952999114990234,24.589399337768555,4.97189998626709,2.341599941253662,3.0471999645233154,14.54889965057373,1.0382000207901,10000,10009,20000,10006,20000,20000,10000,0.4041000008583069,4.978300094604492,4.5100998878479,10000,2.118699999999819,1.4224,1,0.1299,0.037,376832,15,15,2.0061,38416,0,0,28.12150001525879,14.59469985961914,5.254499912261963,3.1942999362945557,0.01590000092983246,48.5525016784668,0,0,0,0,0,0,0,0,0,0,0,0,0
517,106.23629760742188,0.32269999384880066,32.49869918823242,6.261099815368652,3.8092000484466553,3.986599922180176,15.040399551391602,1.194599986076355,10000,10009,20000,10006,20000,20000,10000,0.5297999978065491,6.060999870300293,6.493599891662598,10000,2.1325999999998224,1.8371,1,0.14939999999999998,0.0729,376832,15,15,2.0797,7712,0,0,32.96670150756836,15.089900016784668,3.7523000240325928,3.2105000019073486,0.017799999564886093,44.60900115966797,0,0,0,0,0,0,0,0,0,0,0,0,0
518,106.04080200195312,2.6654999256134033,25.12019920349121,5.070400238037109,2.0840001106262207,3.1110999584198,14.531700134277344,1.0786999464035034,10000,10009,20000,10006,20000,20000,10000,0.503000020980835,4.748799800872803,5.329500198364258,10000,2.1325999999998175,1.6502,1,0.1288,0.0453,376832,15,15,1.9381,15952,0,0,28.00189971923828,14.576000213623047,3.571000099182129,3.0715999603271484,0.01600000075995922,50.284400939941406,0,0,0,0,0,0,0,0,0,0,0,0,0
519,106.05709838867188,4.347700119018555,25.27589988708496,5.3831000328063965,1.6687999963760376,4.0346999168396,15.23069953918457,1.0773999691009521,10000,10009,20000,10006,20000,20000,10000,0.42739999294281006,4.092100143432617,4.728099822998047,10000,2.363899999999831,2.4828,1,0.1444,0.10500000000000001,376832,15,15,2.6077,521936,0,0,29.754499435424805,16.148799896240234,4.462299823760986,9.13010025024414,0.8853999972343445,39.01539993286133,0,0,0,0,0,0,0,0,0,0,0,0,0
520,106.19249725341797,13.895099639892578,38.26459884643555,5.536900043487549,9.784500122070312,5.946400165557861,14.68220043182373,1.0147000551223755,10000,10009,20000,10006,20000,20000,10000,0.3573000133037567,4.497099876403809,6.169099807739258,10000,2.107799999999815,2.3901,1,0.1444,0.0645,376832,15,15,2.726,8048,0,0,52.372398376464844,15.129199981689453,4.32420015335083,4.221799850463867,0.42340001463890076,21.603200912475586,0.0024,0,0.1331,9.3321,9.7888,0.0001,1.1064,1,1111506,0,0,0,8847
521,106.13410186767578,0.35429999232292175,24.652000427246094,5.10890007019043,1.8427000045776367,2.7119998931884766,14.957200050354004,0.9918000102043152,10000,10009,20000,10006,20000,20000,10000,0.450300008058548,4.48199987411499,5.792099952697754,10000,2.2098999999998283,1.8795,1,0.13169999999999998,0.0496,376832,15,15,1.4389,7712,0,0,25.15730094909668,15.005200386047363,3.8197999000549316,3.1914000511169434,0.016599999740719795,52.9906005859375,0,0,0,0,0,0,0,0,0,0,0,0,0
522,106.24089813232422,5.978799819946289,26.55470085144043,5.29040002822876,1.7769999504089355,3.739000082015991,14.758000373840332,1.1097999811172485,10000,10009,20000,10006,20000,20000,10000,0.4767000079154968,4.947800159454346,5.228499889373779,10000,2.120599999999819,2.3517,1,0.17270000000000002,0.0796,376832,15,15,2.4891,526656,0,0,32.67639923095703,15.227999687194824,4.412899971008301,7.7322998046875,0.4472000002861023,39.27909851074219,0,0,0,0,0,0,0,0,0,0,0,0,0
523,106.36499786376953,20.424400329589844,36.50389862060547,5.49560022354126,9.454099655151367,5.593100070953369,14.730600357055664,1.0096999406814575,10000,10009,20000,10006,20000,20000,10000,0.3831000030040741,4.785399913787842,5.629300117492676,10000,2.1560999999998165,2.4143,1,0.1533,0.08660000000000001,376832,15,15,2.3016,39584,0,0,57.06760025024414,15.198100090026855,4.413400173187256,3.8845999240875244,0.44119998812675476,18.869600296020508,0.003,0,0.1281,9.2812,16.0194,6.3253,0.6338,1,1122118,111317,9992,24129,9319
524,105.91919708251953,0.44119998812675476,24.5580997467041,5.409599781036377,1.992300033569336,2.540800094604492,14.711299896240234,1.0333000421524048,10000,10009,20000,10006,20000,20000,10000,0.3896999955177307,4.014200210571289,5.582099914550781,10000,2.1314999999998134,2.0615,1,0.12880000000000003,0.0397,376832,15,15,1.5614,7712,0,0,25.209199905395508,14.757399559020996,3.9797000885009766,2.638700008392334,0.01510000042617321,53.22090148925781,0,0,0,0,0,0,0,0,0,0,0,0,0
525,106.00859832763672,2.6635000705718994,26.007299423217773,5.042799949645996,2.08489990234375,2.8605000972747803,14.604299545288086,1.0743000507354736,10000,10009,20000,10006,20000,20000,10000,0.49239999055862427,5.718100070953369,5.428699970245361,10000,2.1146999999998135,2.3153,1,0.1381,0.0448,376832,15,15,1.9061,15952,0,0,28.88409996032715,14.641200065612793,4.335999965667725,3.286099910736084,0.010300000198185444,48.44340133666992,0,0,0,0,0,0,0,0,0,0,0,0,0
526,106.18569946289062,4.278600215911865,27.456199645996094,5.268700122833252,2.110100030899048,4.645299911499023,14.758000373840332,1.1353000402450562,10000,10009,20000,10006,20000,20000,10000,0.6439999938011169,5.311699867248535,4.731200218200684,10000,2.1399999999998185,2.4732,1,0.19210000000000002,0.1021,376832,15,15,2.2611,516504,0,0,31.948400497436523,15.51099967956543,4.408999919891357,7.602200031280518,0.7167999744415283,39.11750030517578,0,0,0,0,0,0,0,0,0,0,0,0,0
527,110.3479995727539,34.608299255371094,42.914100646972656,5.565400123596191,9.766900062561035,8.255200386047363,15.427200317382812,1.0887999534606934,10000,10009,20000,10006,20000,20000,10000,0.4440999925136566,6.934899806976318,6.567299842834473,10000,2.262099999999825,2.3353,1,0.1306,0.0761,376832,15,15,3.0435,36032,0,0,77.7332992553711,15.888500213623047,4.536900043487549,4.121300220489502,0.427700012922287,0.31220000982284546,0.0051,11.621600151062012,0.1701,9.3867,16.9942,7.1155,0.7075,1,1105996,104264,9992,22171,9229
528,102.59110260009766,0.4099999964237213,30.880199432373047,5.092299938201904,2.6821999549865723,3.541100025177002,14.61050033569336,1.1069999933242798,10000,10009,20000,10006,20000,20000,10000,0.4602999985218048,6.696000099182129,7.043099880218506,10000,2.1041999999998136,2.0446,1,0.14500000000000002,0.0628,376832,15,15,1.8116,7712,0,0,31.607799530029297,14.658499717712402,4.005199909210205,3.1728999614715576,0.014999999664723873,42.875301361083984,0,0,0,0,0,0,0,0,0,0,0,0,0
529,106.32009887695312,2.839200019836426,29.914199829101562,5.141900062561035,2.7880001068115234,3.8487000465393066,15.011699676513672,1.104699969291687,10000,10009,20000,10006,20000,20000,10000,0.4772000014781952,5.769999980926514,6.468400001525879,10000,2.088899999999815,2.3296,1,0.15610000000000002,0.0742,376832,15,15,1.8997,15952,0,0,32.97169876098633,15.050399780273438,4.263000011444092,3.565700054168701,0.010999999940395355,44.098899841308594,0,0,0,0,0,0,0,0,0,0,0,0,0
530,106.56710052490234,5.305500030517578,32.82109832763672,5.871500015258789,2.591099977493286,4.622700214385986,14.908900260925293,1.1446000337600708,10000,10009,20000,10006,20000,20000,10000,0.44940000772476196,6.084199905395508,7.076399803161621,10000,2.122199999999815,1.8859,1,0.13269999999999998,0.049,376832,15,15,1.7741,557784,0,0,38.331199645996094,15.415399551391602,5.480599880218506,7.040900230407715,0.4749000072479248,33.375099182128906,0,0,0,0,0,0,0,0,0,0,0,0,0
531,106.24510192871094,3.462399959564209,29.93160057067871,5.5040998458862305,2.0841000080108643,4.558700084686279,16.203399658203125,1.1431000232696533,10000,10009,20000,10006,20000,20000,10000,0.6402999758720398,6.3302998542785645,5.495699882507324,10000,2.178399999999831,2.31,1,0.1503,0.0829,376832,15,15,2.7541,39280,0,0,33.65840148925781,16.26110076904297,4.888599872589111,3.3387999534606934,0.018300000578165054,40.605899810791016,0,0,0,0,0,0,0,0,0,0,0,0,0
532,106.2511978149414,0.3361999988555908,28.797000885009766,5.457900047302246,2.8441998958587646,3.7894999980926514,14.785699844360352,1.1606999635696411,10000,10009,20000,10006,20000,20000,10000,0.46869999170303345,6.0335001945495605,5.660399913787842,10000,2.1361999999998194,2.6216,1,0.1705,0.0834,376832,15,15,3.3552,7712,0,0,29.279499053955078,14.839500427246094,6.263299942016602,3.4026999473571777,0.01769999973475933,42.429100036621094,0,0,0,0,0,0,0,0,0,0,0,0,0
533,106.05439758300781,3.633699893951416,25.422000885009766,5.019100189208984,1.7829999923706055,2.697200059890747,14.39490032196045,1.1125999689102173,10000,10009,20000,10006,20000,20000,10000,0.43709999322891235,4.44789981842041,6.375899791717529,10000,2.098799999999814,2.4059,1,0.16949999999999998,0.0755,376832,15,15,2.3998,15952,0,0,29.201099395751953,14.432299613952637,4.344900131225586,3.4690001010894775,0.010999999940395355,47.809200286865234,0,0,0,0,0,0,0,0,0,0,0,0,0
534,106.20179748535156,4.24459981918335,28.787900924682617,5.279600143432617,1.8488999605178833,4.555099964141846,14.506699562072754,1.1153000593185425,10000,10009,20000,10006,20000,20000,10000,0.474700003862381,5.387499809265137,5.947500228881836,10000,2.1259999999998187,2.4653,1,0.13119999999999998,0.0508,376832,15,15,1.7242,562816,0,0,33.17179870605469,15.309900283813477,4.546500205993652,5.372300148010254,0.7601000070571899,41.47990036010742,0,0,0,0,0,0,0,0,0,0,0,0,0
535,106.54530334472656,11.909000396728516,35.25749969482422,5.3165998458862305,7.978499889373779,7.2855000495910645,15.14780044555664,1.1069999933242798,10000,10009,20000,10006,20000,20000,10000,0.44609999656677246,3.7125000953674316,5.378300189971924,10000,2.1258999999998216,2.3851,1,0.12919999999999998,0.0468,376832,15,15,2.0498,8048,0,0,47.31669998168945,15.553999900817871,4.345799922943115,3.822499990463257,0.3677999973297119,28.866199493408203,0.0028,0,0.1296,8.2135,8.649,0.0001,0.7811,1,1088088,0,0,0,8682
536,106.45999908447266,0.32280001044273376,25.561500549316406,5.19320011138916,1.8101999759674072,2.6178998947143555,15.795000076293945,0.9750000238418579,10000,10009,20000,10006,20000,20000,10000,0.38659998774528503,5.479100227355957,5.844399929046631,10000,2.2948999999998296,2.5582,1,0.1541,0.0809,376832,15,15,2.7924,7712,0,0,26.027000427246094,15.853799819946289,5.849699974060059,3.501300096511841,0.01850000023841858,47.569000244140625,0,0,0,0,0,0,0,0,0,0,0,0,0
537,106.20059967041016,2.5048999786376953,27.729299545288086,5.261899948120117,2.119999885559082,3.8940000534057617,14.775300025939941,1.090499997138977,10000,10009,20000,10006,20000,20000,10000,0.4805999994277954,5.826200008392334,5.551499843597412,10000,2.140399999999819,2.2143,1,0.12919999999999998,0.0543,376832,15,15,1.7305,15952,0,0,30.379499435424805,14.809700012207031,4.273900032043457,3.2672998905181885,0.010499999858438969,47.243499755859375,0,0,0,0,0,0,0,0,0,0,0,0,0
538,106.23169708251953,4.1296000480651855,25.60740089416504,5.187300205230713,1.6640000343322754,4.424200057983398,15.124699592590332,1.1274000406265259,10000,10009,20000,10006,20000,20000,10000,0.4284000098705292,4.4004998207092285,4.633399963378906,10000,2.109499999999815,1.8999,1,0.1286,0.047700000000000006,376832,15,15,2.4662,498296,0,0,29.874399185180664,15.56879997253418,4.093599796295166,7.452099800109863,0.41269999742507935,42.380001068115234,0,0,0,0,0,0,0,0,0,0,0,0,0
539,106.3677978515625,31.77039909362793,36.63740158081055,5.44950008392334,9.269800186157227,6.166200160980225,14.693900108337402,0.979200005531311,10000,10009,20000,10006,20000,20000,10000,0.37630000710487366,3.650599956512451,6.545400142669678,10000,2.1235999999998154,2.1221,1,0.1503,0.08,376832,15,15,2.0853,34360,0,0,68.5510025024414,15.120400428771973,4.127600193023682,3.42549991607666,0.39500001072883606,8.444600105285645,0.0028,11.158599853515625,0.1532,9.3311,16.1348,6.3555,0.6525,1,1096390,109046,9990,23038,9237
540,106.40750122070312,0.31869998574256897,23.12299919128418,5.043300151824951,1.7417999505996704,2.2734999656677246,14.494500160217285,0.9620000123977661,10000,10009,20000,10006,20000,20000,10000,0.3871000111103058,3.9814000129699707,5.559999942779541,10000,2.127899999999836,1.8326,1,0.13440000000000002,0.0455,376832,15,15,2.51,7712,0,0,23.582000732421875,14.541600227355957,3.7453999519348145,3.1252999305725098,0.017100000753998756,54.38029861450195,0,0,0,0,0,0,0,0,0,0,0,0,0
541,106.1863021850586,6.079999923706055,25.344900131225586,5.389200210571289,1.6832000017166138,3.5346999168395996,14.661800384521484,1.0571000576019287,10000,10009,20000,10006,20000,20000,10000,0.4474000036716461,4.061399936676025,5.097700119018555,10000,2.1081999999998144,1.5647,1,0.1291,0.0438,376832,15,15,2.4349,506592,0,0,31.640399932861328,15.515299797058105,3.489000082015991,6.405300140380859,0.8223999738693237,42.26890182495117,0,0,0,0,0,0,0,0,0,0,0,0,0
542,106.2073974609375,31.464799880981445,35.322898864746094,5.499199867248535,9.711400032043457,5.619200229644775,14.583100318908691,0.9677000045776367,10000,10009,20000,10006,20000,20000,10000,0.37880000472068787,3.573899984359741,5.611000061035156,10000,2.112199999999816,1.3866,1,0.1397,0.0756,376832,15,15,2.1711,35768,0,0,66.92179870605469,14.969099998474121,3.325000047683716,3.1758999824523926,0.35499998927116394,11.048399925231934,0.0026,11.364800453186035,0.1784,8.8206,15.3777,6.075,0.6883,1,1080570,101477,9990,21263,9116
543,106.52570343017578,0.32190001010894775,24.445899963378906,4.979300022125244,1.8365000486373901,2.4925999641418457,14.688899993896484,0.970300018787384,10000,10009,20000,10006,20000,20000,10000,0.3481999933719635,5.054699897766113,5.6041998863220215,10000,2.1078999999998187,1.8902,1,0.1471,0.0933,376832,15,15,1.6851,7712,0,0,24.916799545288086,14.737799644470215,3.834399938583374,3.284600019454956,0.016200000420212746,53.589900970458984,0,0,0,0,0,0,0,0,0,0,0,0,0
544,106.2343978881836,6.642899990081787,25.317800521850586,5.153600215911865,1.6169999837875366,3.720099925994873,14.533900260925293,1.0598000288009644,10000,10009,20000,10006,20000,20000,10000,0.40869998931884766,3.7980000972747803,5.169300079345703,10000,2.1117999999998234,2.3441,1,0.12930000000000003,0.048,376832,15,15,2.325,594944,0,0,32.18600082397461,15.033300399780273,4.352200031280518,6.690199851989746,0.48019999265670776,41.24829864501953,0,0,0,0,0,0,0,0,0,0,0,0,0
545,106.32620239257812,3.3831000328063965,22.66390037536621,5.040800094604492,1.732300043106079,2.4855000972747803,14.643500328063965,0.9851999878883362,10000,10009,20000,10006,20000,20000,10000,0.39980000257492065,4.184599876403809,4.684999942779541,10000,2.14189999999982,2.3241,1,0.13899999999999998,0.048100000000000004,376832,15,15,1.4726,31720,0,0,26.183000564575195,14.688899993896484,4.252999782562256,3.125200033187866,0.016100000590085983,52.097900390625,0,0,0,0,0,0,0,0,0,0,0,0,0
546,106.35820007324219,0.33169999718666077,23.167499542236328,5.070199966430664,1.993899941444397,2.2990000247955322,14.84000015258789,1.0147000551223755,10000,10009,20000,10006,20000,20000,10000,0.39430001378059387,3.686300039291382,5.4918999671936035,10000,2.1410999999998226,1.9728,1,0.13180000000000003,0.0518,376832,15,15,1.5214,7712,0,0,23.646099090576172,14.890299797058105,3.933799982070923,2.842900037765503,0.017999999225139618,54.94179916381836,0,0,0,0,0,0,0,0,0,0,0,0,0
547,106.37850189208984,6.5295000076293945,24.840999603271484,5.224999904632568,1.7948999404907227,3.6296000480651855,14.757499694824219,1.1225999593734741,10000,10009,20000,10006,20000,20000,10000,0.5677000284194946,4.059800148010254,4.5746002197265625,10000,2.1111999999998154,2.4378,1,0.1293,0.0476,376832,15,15,2.5099,556960,0,0,31.526399612426758,15.238499641418457,4.445700168609619,7.859499931335449,0.4551999866962433,40.33720016479492,0,0,0,0,0,0,0,0,0,0,0,0,0
548,106.44190216064453,11.678199768066406,35.72959899902344,5.385499954223633,9.343500137329102,5.732100009918213,14.810199737548828,1.1646000146865845,10000,10009,20000,10006,20000,20000,10000,0.4153999984264374,3.629699945449829,5.869699954986572,10000,2.255999999999825,2.2917,1,0.1283,0.0467,376832,15,15,1.6095,8048,0,0,47.53730010986328,15.201299667358398,4.3078999519348145,3.9079999923706055,0.3644999861717224,29.09160041809082,0.0024,0,0.1304,8.1454,8.6008,0.0001,0.5907,1,1067564,0,0,0,8506
549,106.34850311279297,0.43790000677108765,23.501699447631836,4.89300012588501,1.8902000188827515,2.385200023651123,14.684100151062012,1.0703999996185303,10000,10009,20000,10006,20000,20000,10000,0.40610000491142273,4.059899806976318,5.525400161743164,10000,2.112599999999816,1.5066,1,0.1326,0.0464,376832,15,15,1.4757,7712,0,0,24.141199111938477,14.721500396728516,3.4749999046325684,3.4298999309539795,0.010400000028312206,54.67890167236328,0,0,0,0,0,0,0,0,0,0,0,0,0
550,106.3563003540039,7.013400077819824,28.449800491333008,5.283299922943115,1.6627999544143677,4.475200176239014,14.906299591064453,1.09089994430542,10000,10009,20000,10006,20000,20000,10000,0.4699000120162964,5.722799777984619,5.7845001220703125,10000,2.1095999999998227,1.6594,1,0.1311,0.048799999999999996,376832,15,15,1.692,559920,0,0,35.689998626708984,15.713600158691406,3.5794999599456787,6.0894999504089355,0.7731000185012817,39.029300689697266,0,0,0,0,0,0,0,0,0,0,0,0,0
551,106.42269897460938,18.72920036315918,33.62730026245117,5.3007001876831055,8.30370044708252,5.173600196838379,14.934800148010254,1.093400001525879,10000,10009,20000,10006,20000,20000,10000,0.4235999882221222,4.050600051879883,5.1508002281188965,10000,2.115099999999816,2.3132,1,0.1371,0.0493,376832,15,15,1.5009,35952,0,0,52.50529861450195,15.284000396728516,4.275300025939941,3.9212000370025635,0.32679998874664307,24.47439956665039,0.0027,0,0.1497,8.533,14.6728,5.7068,0.5857,1,1079366,110549,9990,23925,9071
552,106.44029998779297,0.34369999170303345,24.722299575805664,5.167500019073486,1.8975000381469727,2.5866000652313232,14.760100364685059,1.0319000482559204,10000,10009,20000,10006,20000,20000,10000,0.3772999942302704,4.822000026702881,5.608099937438965,10000,2.1306999999998153,1.5073,1,0.1536,0.08990000000000001,376832,15,15,2.6008,7712,0,0,25.207000732421875,14.809800148010254,3.90910005569458,3.337399959564209,0.01679999940097332,51.20389938354492,0,0,0,0,0,0,0,0,0,0,0,0,0
553,106.56839752197266,2.6673998832702637,25.800800323486328,5.024499893188477,1.6964000463485718,3.244499921798706,14.597100257873535,1.0678000450134277,10000,10009,20000,10006,20000,20000,10000,0.47350001335144043,4.55709981918335,6.358099937438965,10000,2.1383999999998147,2.4016,1,0.12919999999999998,0.068,376832,15,15,1.8221,15952,0,0,28.603599548339844,14.643699645996094,4.376200199127197,3.349900007247925,0.015300000086426735,49.19779968261719,0,0,0,0,0,0,0,0,0,0,0,0,0
554,106.42340087890625,4.278800010681152,24.624300003051758,5.317699909210205,2.2873001098632812,3.6382999420166016,14.577799797058105,0.9879000186920166,10000,10009,20000,10006,20000,20000,10000,0.43059998750686646,4.054699897766113,4.50439977645874,10000,2.1106999999998153,2.1563,1,0.1298,0.0469,376832,15,15,1.5247,534896,0,0,29.109399795532227,15.175100326538086,4.083399772644043,6.317200183868408,0.5702999830245972,45.721099853515625,0,0,0,0,0,0,0,0,0,0,0,0,0
555,106.25270080566406,31.80500030517578,37.25550079345703,5.46120023727417,9.63290023803711,6.307199954986572,15.0625,1.1346999406814575,10000,10009,20000,10006,20000,20000,10000,0.4212000072002411,3.897200107574463,6.118199825286865,10000,2.123799999999815,1.7942,1,0.1324,0.056600000000000004,376832,15,15,1.6426,39832,0,0,69.27680206298828,15.461299896240234,3.722399950027466,3.4446001052856445,0.3628999888896942,8.171899795532227,0.003,11.273300170898438,0.1364,8.7095,15.6697,6.4805,0.6896,1,1063782,105539,9990,22568,8950
556,106.48509979248047,0.3785000145435333,24.82309913635254,5.349400043487549,1.8128999471664429,2.554500102996826,14.901800155639648,0.9779000282287598,10000,10009,20000,10006,20000,20000,10000,0.36800000071525574,4.733399868011475,5.382599830627441,10000,2.1070999999998157,1.8434,1,0.12990000000000002,0.0474,376832,15,15,1.838,7712,0,0,25.34000015258789,14.955599784851074,3.938699960708618,2.655600070953369,0.01730000041425228,53.26240158081055,0,0,0,0,0,0,0,0,0,0,0,0,0
557,106.21990203857422,2.5397000312805176,23.91160011291504,5.049900054931641,1.8883999586105347,2.4714999198913574,14.413399696350098,0.9728000164031982,10000,10009,20000,10006,20000,20000,10000,0.39800000190734863,4.235099792480469,5.349800109863281,10000,2.0989999999998177,1.3967,1,0.1368,0.0481,376832,15,15,1.78,15952,0,0,26.591699600219727,14.450200080871582,3.3289999961853027,3.235300064086914,0.010300000198185444,52.39929962158203,0,0,0,0,0,0,0,0,0,0,0,0,0
558,106.66919708251953,4.183899879455566,27.142000198364258,5.281799793243408,2.2499001026153564,4.283400058746338,14.767200469970703,1.1032999753952026,10000,10009,20000,10006,20000,20000,10000,0.45320001244544983,4.57889986038208,5.137700080871582,10000,2.1134999999998154,2.3372,1,0.12890000000000001,0.0445,376832,15,15,1.7694,513136,0,0,31.463899612426758,15.474599838256836,4.270999908447266,5.70419979095459,0.6765999794006348,43.455101013183594,0,0,0,0,0,0,0,0,0,0,0,0,0
559,106.2979965209961,3.4179000854492188,22.265300750732422,4.908999919891357,1.7516000270843506,2.627000093460083,14.27239990234375,0.9595000147819519,10000,10009,20000,10006,20000,20000,10000,0.4000000059604645,3.9932000637054443,4.506800174713135,10000,2.1193999999998154,1.3957,1,0.12930000000000003,0.04529999999999999,376832,15,15,2.6231,31704,0,0,25.888099670410156,14.316699981689453,3.3322999477386475,3.052500009536743,0.015200000256299973,52.569400787353516,0,0,0,0,0,0,0,0,0,0,0,0,0
560,106.47750091552734,0.3255999982357025,26.252300262451172,5.193299770355225,3.3915998935699463,2.8949999809265137,14.815500259399414,1.0090999603271484,10000,10009,20000,10006,20000,20000,10000,0.39590001106262207,4.3165998458862305,5.684599876403809,10000,2.1208999999998137,1.6382,1,0.12860000000000002,0.0482,376832,15,15,2.4373,7712,0,0,26.71470069885254,14.862600326538086,3.573899984359741,3.1851000785827637,0.016300000250339508,51.221099853515625,0,0,0,0,0,0,0,0,0,0,0,0,0
561,106.6875,6.220900058746338,27.094499588012695,5.357100009918213,1.8532999753952026,4.4704999923706055,14.831600189208984,1.1081000566482544,10000,10009,20000,10006,20000,20000,10000,0.4767000079154968,3.990600109100342,5.865900039672852,10000,2.108799999999816,1.6099,1,0.1285,0.048100000000000004,376832,15,15,1.7865,539824,0,0,33.469200134277344,15.307100296020508,3.5336999893188477,5.9552001953125,0.4514000117778778,42.19390106201172,0,0,0,0,0,0,0,0,0,0,0,0,0
562,106.8687973022461,11.366700172424316,35.22669982910156,5.419899940490723,8.93809986114502,5.813600063323975,14.64680004119873,0.9714999794960022,10000,10009,20000,10006,20000,20000,10000,0.4212999939918518,3.7560999393463135,5.913300037384033,10000,2.1062999999998144,2.2712,1,0.1419,0.049600000000000005,376832,15,15,1.4686,8048,0,0,46.804500579833984,15.016900062561035,4.208000183105469,3.6619999408721924,0.3450999855995178,31.172300338745117,0.0028,0,0.1323,7.7836,8.2478,0,0.5529,1,1041840,0,0,0,8333
563,106.58460235595703,0.32359999418258667,24.613800048828125,4.922299861907959,1.7520999908447266,3.2135000228881836,14.813799858093262,1.024899959564209,10000,10009,20000,10006,20000,20000,10000,0.4196999967098236,4.512700080871582,5.416900157928467,10000,2.131199999999813,2.3751,1,0.12890000000000001,0.0477,376832,15,15,1.7124,7712,0,0,25.082399368286133,14.858799934387207,4.342800140380859,3.2678000926971436,0.015599999576807022,52.852298736572266,0,0,0,0,0,0,0,0,0,0,0,0,0
564,106.43569946289062,6.275400161743164,27.585500717163086,6.037899971008301,2.080399990081787,4.5725998878479,14.77180004119873,1.1377999782562256,10000,10009,20000,10006,20000,20000,10000,0.48080000281333923,3.9649999141693115,4.384799957275391,10000,2.120999999999824,2.2911,1,0.14279999999999998,0.0738,376832,15,15,1.9326,507488,0,0,34.07379913330078,15.526300430297852,4.239699840545654,7.755000114440918,0.7215999960899353,38.36470031738281,0,0,0,0,0,0,0,0,0,0,0,0,0
565,106.94309997558594,18.29490089416504,33.29840087890625,5.259699821472168,8.604000091552734,4.977099895477295,14.555500030517578,1.075600028038025,10000,10009,20000,10006,20000,20000,10000,0.4413999915122986,3.724400043487549,5.145400047302246,10000,2.1162999999998213,1.779,1,0.1406,0.0733,376832,15,15,2.2541,29784,0,0,51.74769973754883,14.892600059509277,3.7465999126434326,3.723599910736084,0.3167000114917755,26.131999969482422,0.0027,0,0.1304,8.05,14.2891,5.8162,0.6178,1,1055666,109786,9993,23934,8892
566,106.47450256347656,0.32910001277923584,30.00659942626953,4.900100231170654,1.8044999837875366,2.591900110244751,14.651900291442871,0.9886000156402588,10000,10009,20000,10006,20000,20000,10000,6.747399806976318,4.2600998878479,5.5065999031066895,10000,2.110599999999816,2.0514,1,0.1422,0.0718,376832,15,15,1.568,7712,0,0,30.485599517822266,14.68589973449707,3.9670000076293945,3.0764000415802,0.010200000368058681,48.287601470947266,0,0,0,0,0,0,0,0,0,0,0,0,0
567,106.60800170898438,3.088399887084961,29.357200622558594,5.070000171661377,3.03410005569458,3.6254000663757324,14.73550033569336,1.105299949645996,10000,10009,20000,10006,20000,20000,10000,0.54339998960495,5.712100028991699,6.019100189208984,10000,2.1156999999998156,1.3787,1,0.1326,0.0473,376832,15,15,2.4983,15952,0,0,32.59040069580078,14.802800178527832,3.3289999961853027,3.32450008392334,0.01720000058412552,45.420799255371094,0,0,0,0,0,0,0,0,0,0,0,0,0
568,106.39810180664062,4.177299976348877,26.83139991760254,5.4191999435424805,1.659999966621399,5.043700218200684,14.633199691772461,1.0954999923706055,10000,10009,20000,10006,20000,20000,10000,0.4860000014305115,3.8924999237060547,5.2870001792907715,10000,2.085499999999815,2.3077,1,0.13340000000000002,0.046799999999999994,376832,15,15,1.8828,552824,0,0,31.149499893188477,15.202099800109863,4.278800010681152,6.303400039672852,0.5426999926567078,43.185001373291016,0,0,0,0,0,0,0,0,0,0,0,0,0
569,106.96649932861328,30.50749969482422,35.314300537109375,5.223700046539307,9.312199592590332,5.927000045776367,14.628499984741211,1.0437999963760376,10000,10009,20000,10006,20000,20000,10000,0.3865000009536743,3.7327001094818115,5.423299789428711,10000,2.1268999999998184,1.374,1,0.1473,0.0752,376832,15,15,3.0941,28344,0,0,65.96269989013672,15.014599800109863,3.3499999046325684,3.4470999240875244,0.3555999994277954,11.488300323486328,0.0026,11.387399673461914,0.1289,8.4059,14.7919,5.9341,0.613,1,1040728,101529,9992,21487,8749
570,106.318603515625,0.329800009727478,24.195499420166016,5.085999965667725,1.6272000074386597,2.7095000743865967,14.909799575805664,0.9635999798774719,10000,10009,20000,10006,20000,20000,10000,0.38830000162124634,4.72130012512207,5.531199932098389,10000,2.1083999999998153,1.9872,1,0.1288,0.0471,376832,15,15,1.7317,7712,0,0,24.724000930786133,14.96090030670166,3.890899896621704,3.000200033187866,0.017400000244379044,53.51900100708008,0,0,0,0,0,0,0,0,0,0,0,0,0
571,106.69760131835938,3.0213000774383545,24.841899871826172,4.960299968719482,1.823699951171875,3.0360000133514404,14.472999572753906,0.9765999913215637,10000,10009,20000,10006,20000,20000,10000,0.44769999384880066,4.027299880981445,6.40500020980835,10000,2.1056999999998145,2.4682,1,0.1292,0.0471,376832,15,15,1.5866,15952,0,0,28.007299423217773,14.521400451660156,4.370299816131592,2.812700033187866,0.01549999974668026,50.937801361083984,0,0,0,0,0,0,0,0,0,0,0,0,0
572,106.60199737548828,4.445700168609619,27.300500869750977,5.376699924468994,1.864300012588501,4.676799774169922,14.756099700927734,1.108299970626831,10000,10009,20000,10006,20000,20000,10000,0.4429999887943268,3.912899971008301,5.805200099945068,10000,2.1015999999998156,2.3416,1,0.13899999999999998,0.07150000000000001,376832,15,15,1.6333,601864,0,0,31.986400604248047,15.290800094604492,4.358500003814697,5.971799850463867,0.5139999985694885,42.93069839477539,0,0,0,0,0,0,0,0,0,0,0,0,0
573,106.70449829101562,3.319000005722046,22.79789924621582,5.05109977722168,1.794800043106079,2.5206000804901123,14.649100303649902,0.9879999756813049,10000,10009,20000,10006,20000,20000,10000,0.35830000042915344,4.371699810028076,4.584499835968018,10000,2.1431999999998177,1.3901,1,0.12969999999999998,0.046799999999999994,376832,15,15,1.4713,29568,0,0,26.265199661254883,14.687199592590332,3.274899959564209,3.2920000553131104,0.010200000368058681,53.23889923095703,0,0,0,0,0,0,0,0,0,0,0,0,0
574,106.37740325927734,0.38769999146461487,24.17009925842285,5.236700057983398,1.7618999481201172,2.99180006980896,14.979000091552734,0.9843000173568726,10000,10009,20000,10006,20000,20000,10000,0.37400001287460327,3.99180006980896,5.458600044250488,10000,2.120699999999815,1.3617,1,0.1293,0.045899999999999996,376832,15,15,2.2368,7712,0,0,24.77280044555664,15.021499633789062,3.3369998931884766,2.5355000495910645,0.01590000092983246,53.9281005859375,0,0,0,0,0,0,0,0,0,0,0,0,0
575,106.2406005859375,2.188800096511841,24.69529914855957,5.011099815368652,1.8769999742507935,2.960700035095215,14.65429973602295,1.051800012588501,10000,10009,20000,10006,20000,20000,10000,0.4327000081539154,4.115099906921387,5.886499881744385,10000,2.106599999999815,2.3608,1,0.17950000000000002,0.053,376832,15,15,1.8751,15952,0,0,27.09429931640625,14.700699806213379,4.7118000984191895,3.3689000606536865,0.015799999237060547,49.909000396728516,0,0,0,0,0,0,0,0,0,0,0,0,0
576,107.04759979248047,16.148099899291992,35.27069854736328,5.317200183868408,8.416600227355957,6.3927998542785645,17.842599868774414,0.9883000254631042,10000,10009,20000,10006,20000,20000,10000,0.3862000107765198,4.218200206756592,4.917799949645996,10000,2.7008000000001187,3.5806,1,0.22920000000000001,0.1523,376832,15,15,5.6042,430512,0,0,51.55339813232422,19.381099700927734,10.051400184631348,9.51930046081543,1.4866000413894653,3.8496999740600586,0.0026,0,0.1308,9.1261,9.6029,0,0.4062,1,1024364,0,0,0,8124
577,106.87909698486328,0.4657999873161316,36.33580017089844,5.660399913787842,3.0669000148773193,4.034900188446045,16.298900604248047,1.163100004196167,10000,10009,20000,10006,20000,20000,10000,0.49639999866485596,7.623000144958496,8.795299530029297,10000,2.224599999999836,2.4896,1,0.22149999999999997,0.15560000000000002,376832,15,15,2.8584,7712,0,0,37.04050064086914,16.360700607299805,4.497399806976318,3.513000011444092,0.018699999898672104,36.46860122680664,0,0,0,0,0,0,0,0,0,0,0,0,0
578,106.71739959716797,3.5648000240325928,27.561399459838867,4.9552998542785645,2.2581000328063965,3.376800060272217,14.657299995422363,1.2073999643325806,10000,10009,20000,10006,20000,20000,10000,0.43790000677108765,5.394100189208984,6.10890007019043,10000,2.0962999999998155,2.3771,1,0.1423,0.0774,376832,15,15,1.9642,15952,0,0,31.351900100708008,14.71030044555664,4.324999809265137,3.3752999305725098,0.017100000753998756,46.5093994140625,0,0,0,0,0,0,0,0,0,0,0,0,0
579,107.27349853515625,5.351399898529053,30.951200485229492,6.223599910736084,2.888400077819824,4.830100059509277,15.193699836730957,1.1442999839782715,10000,10009,20000,10006,20000,20000,10000,0.4388999938964844,4.507699966430664,6.447000026702881,10000,2.161099999999823,1.9156,1,0.15510000000000002,0.0915,376832,15,15,2.8772,590488,0,0,36.4385986328125,16.0398006439209,4.8684000968933105,7.6996002197265625,0.810699999332428,31.23069953918457,0,0,0,0,0,0,0,0,0,0,0,0,0
580,107.08699798583984,19.77440071105957,43.948299407958984,6.715099811553955,9.53279972076416,8.42710018157959,15.014699935913086,1.1450999975204468,10000,10009,20000,10006,20000,20000,10000,0.43970000743865967,6.235300064086914,6.3516998291015625,10000,2.1200999999998165,2.556,1,0.1442,0.0819,376832,15,15,2.8391,37816,0,0,63.895599365234375,15.392499923706055,4.5578999519348145,3.7200000286102295,0.3391999900341034,12.019499778747559,0.0031,0,0.1301,9.3231,15.5252,5.7308,0.636,1,1039262,107431,9992,22238,8693
581,106.47669982910156,0.33250001072883606,28.615699768066406,5.4822998046875,4.026400089263916,2.9367001056671143,14.731800079345703,1.0880000591278076,10000,10009,20000,10006,20000,20000,10000,0.47940000891685486,4.921199798583984,5.616099834442139,10000,2.128899999999821,2.375,1,0.13290000000000002,0.0475,376832,15,15,1.5184,7712,0,0,29.08930015563965,14.77180004119873,4.331999778747559,3.534600019454956,0.010900000110268593,48.717201232910156,0,0,0,0,0,0,0,0,0,0,0,0,0
582,106.79650115966797,5.939899921417236,26.295700073242188,5.247799873352051,1.7861000299453735,4.1153998374938965,14.744000434875488,1.0994000434875488,10000,10009,20000,10006,20000,20000,10000,0.44780001044273376,3.8803000450134277,5.398099899291992,10000,2.1129999999998144,2.4482,1,0.12819999999999998,0.046200000000000005,376832,15,15,1.5075,515992,0,0,32.3745002746582,15.361599922180176,4.4197998046875,6.76669979095459,0.5848000049591064,41.929100036621094,0,0,0,0,0,0,0,0,0,0,0,0,0
583,106.99810028076172,30.425500869750977,40.7307014465332,5.102399826049805,9.272100448608398,9.170499801635742,14.914799690246582,1.5513999462127686,10000,10009,20000,10006,20000,20000,10000,0.48649999499320984,5.342299938201904,5.422299861907959,10000,2.1424999999998167,1.4873,1,0.1544,0.09,376832,15,15,3.3094,32376,0,0,71.3041000366211,15.374300003051758,3.882999897003174,3.705899953842163,0.42309999465942383,2.9346001148223877,0.0025,11.387999534606934,0.1313,8.2808,14.6492,5.8928,0.6381,1,1020848,100911,9991,21519,8567
584,106.92720031738281,0.40619999170303345,26.840200424194336,5.393199920654297,2.461400032043457,2.591599941253662,15.333900451660156,1.035599946975708,10000,10009,20000,10006,20000,20000,10000,0.46129998564720154,5.494699954986572,5.910299777984619,10000,2.137099999999816,1.769,1,0.1299,0.048600000000000004,376832,15,15,1.4999,7712,0,0,27.457700729370117,15.38860034942627,3.747999906539917,3.2999000549316406,0.01759999990463257,50.93669891357422,0,0,0,0,0,0,0,0,0,0,0,0,0
585,106.58309936523438,6.163899898529053,26.273500442504883,5.311800003051758,1.7031999826431274,4.400300025939941,14.798299789428711,1.0910999774932861,10000,10009,20000,10006,20000,20000,10000,0.44679999351501465,4.017600059509277,5.100500106811523,10000,2.1218999999998167,2.4735,1,0.1522,0.11580000000000001,376832,15,15,1.8338,544088,0,0,32.578399658203125,15.274299621582031,4.520500183105469,8.100099563598633,0.4480000138282776,39.59859848022461,0,0,0,0,0,0,0,0,0,0,0,0,0
586,107.02290344238281,3.4172000885009766,26.686100006103516,5.166200160980225,2.338200092315674,3.639699935913086,14.889900207519531,1.0958000421524048,10000,10009,20000,10006,20000,20000,10000,0.4717000126838684,4.7006001472473145,5.321199893951416,10000,2.129099999999817,2.3397,1,0.1522,0.07339999999999999,376832,15,15,1.7509,34288,0,0,30.243099212646484,14.928400039672852,4.279799938201904,2.84879994392395,0.010900000110268593,48.48640060424805,0,0,0,0,0,0,0,0,0,0,0,0,0
587,107.29519653320312,0.3303999900817871,25.71739959716797,5.14739990234375,2.161099910736084,2.8118999004364014,15.392399787902832,1.0684000253677368,10000,10009,20000,10006,20000,20000,10000,0.359499990940094,4.912899971008301,5.889599800109863,10000,2.15729999999982,2.9037,1,0.18929999999999997,0.1143,376832,15,15,3.9869,7712,0,0,26.198299407958984,15.442899703979492,7.137899875640869,4.122099876403809,0.017400000244379044,44.46799850463867,0,0,0,0,0,0,0,0,0,0,0,0,0
588,107.28279876708984,5.453700065612793,37.29079818725586,5.991099834442139,3.9834001064300537,4.620699882507324,16.987300872802734,1.2696000337600708,10000,10009,20000,10006,20000,20000,10000,0.6852999925613403,6.986999988555908,8.156399726867676,10000,2.348699999999884,2.5635,1,0.1623,0.07350000000000001,376832,15,15,2.9356,15952,0,0,43.161399841308594,17.041500091552734,4.711699962615967,3.6342999935150146,0.017999999225139618,30.339599609375,0,0,0,0,0,0,0,0,0,0,0,0,0
589,107.20670318603516,6.953999996185303,32.25979995727539,5.914000034332275,2.3041000366210938,4.539299964904785,15.297200202941895,1.2589999437332153,10000,10009,20000,10006,20000,20000,10000,0.46630001068115234,5.763899803161621,7.346799850463867,10000,2.1235999999998154,2.9396,1,0.1359,0.0484,376832,15,15,1.4801,569744,0,0,39.43629837036133,16.138399124145508,5.006999969482422,7.988999843597412,0.8062000274658203,31.45359992980957,0,0,0,0,0,0,0,0,0,0,0,0,0
590,107.31649780273438,11.144700050354004,39.14680099487305,5.538599967956543,9.345000267028809,8.822099685668945,14.555000305175781,1.1065000295639038,10000,10009,20000,10006,20000,20000,10000,0.5400000214576721,3.930299997329712,5.4334001541137695,10000,2.121699999999818,1.8394,1,0.1433,0.0824,376832,15,15,2.6384,8048,0,0,50.5078010559082,14.936800003051758,4.429100036621094,3.874799966812134,0.3434000015258789,26.231199264526367,0.0026,0,0.1313,7.5998,8.1232,0.0001,0.5885,1,999990,0,0,0,7902
591,107.02259826660156,0.33070001006126404,29.969600677490234,5.342899799346924,2.8378000259399414,3.758699893951416,15.231499671936035,1.1358000040054321,10000,10009,20000,10006,20000,20000,10000,0.5358999967575073,5.877099990844727,6.627699851989746,10000,2.1215999999998134,2.4479,1,0.2452,0.1736,376832,15,15,4.0974,7712,0,0,30.44849967956543,15.283100128173828,5.460299968719482,3.380500078201294,0.018699999898672104,43.18659973144531,0,0,0,0,0,0,0,0,0,0,0,0,0
592,106.95379638671875,6.033699989318848,26.08679962158203,5.228000164031982,1.6648000478744507,4.4882001876831055,14.619999885559082,1.1368999481201172,10000,10009,20000,10006,20000,20000,10000,0.48980000615119934,4.091599941253662,5.031700134277344,10000,2.122699999999818,1.4665,1,0.1291,0.046299999999999994,376832,15,15,2.6198,505200,0,0,32.419700622558594,15.298700332641602,3.4226999282836914,6.2453999519348145,0.644599974155426,42.39139938354492,0,0,0,0,0,0,0,0,0,0,0,0,0
593,107.28720092773438,20.484399795532227,44.27629852294922,5.99560022354126,10.534700393676758,8.266400337219238,15.642200469970703,1.273900032043457,10000,10009,20000,10006,20000,20000,10000,0.4733000099658966,6.638700008392334,6.691800117492676,10000,2.1468999999998277,3.0047,1,0.2238,0.1768,376832,15,15,4.7986,28536,0,0,64.98870086669922,16.45400047302246,6.81850004196167,4.0345001220703125,0.7738000154495239,3.745699882507324,0.0026,0,0.1326,8.7772,15.1281,5.8944,0.6546,1,1016278,107555,9990,22949,8501
594,107.64179992675781,0.38929998874664307,30.4955997467041,5.547399997711182,2.0143001079559326,3.5804998874664307,16.958099365234375,1.1058000326156616,10000,10009,20000,10006,20000,20000,10000,0.5260000228881836,6.301199913024902,7.228000164031982,10000,2.503099999999982,2.9395,1,0.1972,0.1321,376832,15,15,3.2907,7712,0,0,31.09079933166504,17.01180076599121,8.546799659729004,4.283400058746338,0.01860000006854534,36.37590026855469,0,0,0,0,0,0,0,0,0,0,0,0,0
595,107.37920379638672,4.4629998207092285,31.199399948120117,5.269899845123291,2.4846999645233154,4.059100151062012,15.241600036621094,1.1648999452590942,10000,10009,20000,10006,20000,20000,10000,0.47540000081062317,5.414700031280518,7.5742998123168945,10000,2.141299999999819,2.3493,1,0.18080000000000002,0.122,376832,15,15,3.2974,15952,0,0,35.87459945678711,15.293700218200684,6.026100158691406,3.5216000080108643,0.01769999973475933,38.672401428222656,0,0,0,0,0,0,0,0,0,0,0,0,0
596,107.43710327148438,5.171299934387207,30.33970069885254,5.656000137329102,2.11680006980896,4.747600078582764,15.884300231933594,1.1067999601364136,10000,10009,20000,10006,20000,20000,10000,0.45579999685287476,6.485599994659424,5.322700023651123,10000,2.398799999999895,2.3777,1,0.16540000000000002,0.1001,376832,15,15,2.5698,610904,0,0,35.667301177978516,16.777799606323242,5.435800075531006,9.413999557495117,0.8618000149726868,30.081899642944336,0,0,0,0,0,0,0,0,0,0,0,0,0
597,127.41950225830078,38.59000015258789,50.74679946899414,8.799400329589844,10.345800399780273,8.994400024414062,19.28569984436035,1.5724999904632568,10000,10009,20000,10006,20000,20000,10000,0.5357999801635742,6.408599853515625,6.715700149536133,10000,2.4600999999999615,2.3741,1,0.15999999999999998,0.09620000000000001,376832,15,15,2.789,30624,0,0,89.55069732666016,19.709299087524414,4.588099956512451,4.249199867248535,0.38350000977516174,0.31060001254081726,0.0053,11.7322998046875,0.1543,9.9319,19.1804,8.6199,0.8879,1,998206,100398,9990,21717,8342
598,87.58450317382812,0.45249998569488525,32.46049880981445,5.8343000411987305,2.6040000915527344,3.197499990463257,14.70829963684082,1.2157000303268433,10000,10009,20000,10006,20000,20000,10000,0.46059998869895935,6.296599864959717,8.155599594116211,10000,2.118399999999814,2.3695,1,0.1464,0.0774,376832,15,15,2.4542,7712,0,0,33.14849853515625,14.747200012207031,4.30679988861084,3.4753000736236572,0.010499999858438969,24.945600509643555,0,0,0,0,0,0,0,0,0,0,0,0,0
599,107.28350067138672,3.248699903488159,30.662399291992188,5.34250020980835,2.477799892425537,3.7218000888824463,14.874899864196777,1.1409000158309937,10000,10009,20000,10006,20000,20000,10000,0.5325999855995178,6.54640007019043,6.604000091552734,10000,2.158999999999818,2.5238,1,0.16839999999999997,0.0879,376832,15,15,2.8038,15952,0,0,34.08919906616211,14.925100326538086,6.498899936676025,3.886899948120117,0.017000000923871994,40.20869827270508,0,0,0,0,0,0,0,0,0,0,0,0,0
600,106.96600341796875,4.059899806976318,26.633499145507812,5.25570011138916,2.308000087738037,4.184899806976318,14.578200340270996,1.124899983406067,10000,10009,20000,10006,20000,20000,10000,0.49219998717308044,3.956700086593628,5.19320011138916,10000,2.238199999999855,2.3129,1,0.1473,0.079,376832,15,15,2.7262,480704,0,0,30.831300735473633,15.243000030517578,4.28849983215332,7.517399787902832,0.6366000175476074,41.61389923095703,0,0,0,0,0,0,0,0,0,0,0,0,0
601,107.49549865722656,4.376500129699707,28.40399932861328,5.027900218963623,2.0738000869750977,4.196899890899658,14.939200401306152,1.0851999521255493,10000,10009,20000,10006,20000,20000,10000,0.7893999814987183,6.405900001525879,5.341300010681152,10000,2.1117999999998216,2.5167,1,0.1792,0.1036,376832,15,15,2.3399,26368,0,0,32.98360061645508,14.971599578857422,6.22160005569458,3.4848999977111816,0.010499999858438969,42.955299377441406,0,0,0,0,0,0,0,0,0,0,0,0,0
602,107.06919860839844,0.33009999990463257,29.370500564575195,5.7017998695373535,3.537400007247925,3.925299882888794,14.816800117492676,1.2037999629974365,10000,10009,20000,10006,20000,20000,10000,0.44359999895095825,4.68310022354126,5.908400058746338,10000,2.126499999999815,2.783,1,0.1513,0.077,376832,15,15,2.8947,7712,0,0,29.916000366210938,14.863499641418457,4.769599914550781,3.5560998916625977,0.015200000256299973,46.38629913330078,0,0,0,0,0,0,0,0,0,0,0,0,0
603,107.44960021972656,2.645699977874756,28.02790069580078,5.053400039672852,3.106600046157837,2.6689999103546143,15.241399765014648,1.069700002670288,10000,10009,20000,10006,20000,20000,10000,0.4311999976634979,6.06790018081665,6.223899841308594,10000,2.121999999999815,2.3628,1,0.146,0.0748,376832,15,15,1.7719,15952,0,0,30.811599731445312,15.293700218200684,4.307300090789795,3.567699909210205,0.017000000923871994,47.177398681640625,0,0,0,0,0,0,0,0,0,0,0,0,0
604,107.10130310058594,4.608799934387207,24.213600158691406,5.215199947357178,1.8158999681472778,3.612499952316284,14.671699523925781,1.0436999797821045,10000,10009,20000,10006,20000,20000,10000,0.4763999879360199,3.9507999420166016,4.6774001121521,10000,2.1104999999998166,2.3649,1,0.1299,0.0466,376832,15,15,1.4967,540656,0,0,29.02519989013672,15.159099578857422,4.2916998863220215,6.2769999504089355,0.4620000123977661,46.411399841308594,0,0,0,0,0,0,0,0,0,0,0,0,0
605,107.38700103759766,11.402700424194336,36.100101470947266,5.383600234985352,8.879400253295898,6.251100063323975,14.610099792480469,1.059999942779541,10000,10009,20000,10006,20000,20000,10000,0.38830000162124634,3.657399892807007,6.133600234985352,10000,2.1273999999998168,2.366,1,0.129,0.0473,376832,15,15,1.4901,8048,0,0,47.64830017089844,14.973400115966797,4.281499862670898,3.9976999759674072,0.33660000562667847,30.512699127197266,0.0025,0,0.1294,7.8695,8.3674,0.0001,0.5474,1,988360,0,0,0,7645
606,106.8667984008789,0.335099995136261,25.7268009185791,5.154099941253662,2.1440000534057617,2.759999990463257,14.937800407409668,1.0246000289916992,10000,10009,20000,10006,20000,20000,10000,0.4691999852657318,4.85230016708374,5.5346999168396,10000,2.1238999999998134,1.8149,1,0.13329999999999997,0.046200000000000005,376832,15,15,1.4936,7712,0,0,26.201099395751953,14.983699798583984,3.767699956893921,3.0880000591278076,0.01720000058412552,52.81039810180664,0,0,0,0,0,0,0,0,0,0,0,0,0
607,106.90139770507812,2.2934000492095947,23.687599182128906,5.5706000328063965,2.0322000980377197,2.239000082015991,14.914400100708008,0.9750999808311462,10000,10009,20000,10006,20000,20000,10000,0.4212999939918518,3.9142000675201416,5.378399848937988,10000,2.207099999999827,1.5941,1,0.13130000000000003,0.0503,376832,15,15,2.2746,15952,0,0,26.128400802612305,14.9621000289917,3.502700090408325,2.7994000911712646,0.01640000008046627,52.582698822021484,0,0,0,0,0,0,0,0,0,0,0,0,0
608,106.99700164794922,4.006800174713135,24.52910041809082,5.566500186920166,2.063800096511841,3.5978000164031982,15.17490005493164,0.9961000084877014,10000,10009,20000,10006,20000,20000,10000,0.34279999136924744,3.8919999599456787,4.726900100708008,10000,2.215299999999824,2.3014,1,0.1662,0.0635,376832,15,15,1.4597,433632,0,0,28.71030044555664,15.577799797058105,4.206999778747559,6.621399879455566,0.3783999979496002,45.89099884033203,0,0,0,0,0,0,0,0,0,0,0,0,0
609,106.90129852294922,30.234100341796875,34.55970001220703,5.105599880218506,9.012999534606934,5.5721001625061035,14.528200149536133,1.0611000061035156,10000,10009,20000,10006,20000,20000,10000,0.4043000042438507,3.848900079727173,5.953000068664551,10000,2.113999999999814,2.04,1,0.1301,0.0484,376832,15,15,1.7261,26632,0,0,64.93000030517578,14.91819953918457,4.068399906158447,2.892699956893921,0.36390000581741333,13.102700233459473,0.0026,11.031499862670898,0.1507,8.8935,15.1463,5.7618,0.6829,1,998886,106059,9990,22431,8312
610,107.30220031738281,0.32670000195503235,23.76460075378418,5.147500038146973,1.761199951171875,2.613600015640259,14.806400299072266,0.9724000096321106,10000,10009,20000,10006,20000,20000,10000,0.3921000063419342,4.114699840545654,5.502399921417236,10000,2.149999999999825,1.7675,1,0.1405,0.0712,376832,15,15,1.9319,7712,0,0,24.240100860595703,14.856399536132812,3.7237000465393066,2.5734000205993652,0.01720000058412552,55.19599914550781,0,0,0,0,0,0,0,0,0,0,0,0,0
611,106.77079772949219,2.6493000984191895,28.17340087890625,5.0432000160217285,2.9256999492645264,3.322999954223633,14.809200286865234,1.17739999294281,10000,10009,20000,10006,20000,20000,10000,0.4675000011920929,5.6072001457214355,6.058000087738037,10000,2.118699999999818,1.8458,1,0.1668,0.0571,376832,15,15,2.0872,15952,0,0,30.997800827026367,14.847200393676758,3.8148999214172363,3.1407999992370605,0.010300000198185444,47.45090103149414,0,0,0,0,0,0,0,0,0,0,0,0,0
612,106.87409973144531,4.134300231933594,26.00860023498535,5.239099979400635,2.287100076675415,3.9542999267578125,14.706199645996094,1.0228999853134155,10000,10009,20000,10006,20000,20000,10000,0.5638999938964844,4.324999809265137,4.898900032043457,10000,2.099399999999815,2.2198,1,0.1286,0.046,376832,15,15,1.5825,524920,0,0,30.288799285888672,15.176400184631348,4.220399856567383,7.049600124359131,0.4438000023365021,44.185699462890625,0,0,0,0,0,0,0,0,0,0,0,0,0
613,107.13690185546875,31.469100952148438,37.44580078125,5.6757001876831055,10.124699592590332,5.530799865722656,15.153900146484375,1.0942000150680542,10000,10009,20000,10006,20000,20000,10000,0.4514999985694885,3.879199981689453,6.8119001388549805,10000,2.144199999999819,2.0882,1,0.1436,0.0902,376832,15,15,1.8768,26720,0,0,69.05079650878906,15.567099571228027,4.026599884033203,3.1830999851226807,0.3822999894618988,8.873900413513184,0.0032,11.032999992370605,0.1554,8.856,15.2246,5.8517,0.6109,1,984584,98729,9990,20690,8137
614,106.89360046386719,0.32839998602867126,23.3356990814209,5.066800117492676,1.7848000526428223,2.5132999420166016,14.550600051879883,0.9818999767303467,10000,10009,20000,10006,20000,20000,10000,0.3896999955177307,4.064700126647949,5.337100028991699,10000,2.122799999999817,1.5008,1,0.1297,0.0539,376832,15,15,1.5597,7712,0,0,23.80470085144043,14.594400405883789,3.4179999828338623,2.935699939727783,0.015399999916553497,56.13130187988281,0,0,0,0,0,0,0,0,0,0,0,0,0
615,107.20230102539062,2.6196999549865723,26.2593994140625,5.5792999267578125,1.9047000408172607,3.897900104522705,14.44729995727539,1.128100037574768,10000,10009,20000,10006,20000,20000,10000,0.4876999855041504,4.319300174713135,5.310800075531006,10000,2.1275999999998163,1.7015,1,0.1312,0.0466,376832,15,15,1.874,15952,0,0,29.022199630737305,14.481300354003906,3.6212000846862793,3.111799955368042,0.010200000368058681,50.6505012512207,0,0,0,0,0,0,0,0,0,0,0,0,0
616,107.12100219726562,8.850000381469727,26.38479995727539,5.659200191497803,2.7490999698638916,3.207900047302246,14.513500213623047,1.0831999778747559,10000,10009,20000,10006,20000,20000,10000,0.4016000032424927,3.6254000663757324,5.696100234985352,10000,2.116999999999822,1.6127,1,0.1297,0.0469,376832,15,15,1.5269,530848,1,0,35.441200256347656,15.242300033569336,3.5230000019073486,5.513700008392334,0.7035999894142151,41.35540008544922,0,0,0,0,0,0,0,0,0,0,0,0,0
617,106.8582992553711,3.3327999114990234,25.266799926757812,5.0482001304626465,2.0343000888824463,2.798099994659424,14.960399627685547,1.0463000535964966,10000,10009,20000,10006,20000,20000,10000,0.45980000495910645,5.933000087738037,4.705399990081787,10000,2.127499999999814,2.2862,1,0.1341,0.0469,376832,15,15,1.4754,41616,0,0,28.83919906616211,15.012800216674805,4.248199939727783,3.0423998832702637,0.015799999237060547,49.72529983520508,0,0,0,0,0,0,0,0,0,0,0,0,0
618,106.99539947509766,0.32280001044273376,23.143299102783203,5.137499809265137,1.8524999618530273,2.2188000679016113,14.512900352478027,0.9746000170707703,10000,10009,20000,10006,20000,20000,10000,0.4359000027179718,3.77620005607605,5.582300186157227,10000,2.1359999999998176,1.712,1,0.12869999999999998,0.046,376832,15,15,1.89,7712,0,0,23.607500076293945,14.559599876403809,3.6268999576568604,3.119800090789795,0.016300000250339508,55.62189865112305,0,0,0,0,0,0,0,0,0,0,0,0,0
619,106.99340057373047,6.279900074005127,25.739200592041016,5.292799949645996,1.7267999649047852,3.4955999851226807,14.856599807739258,1.090399980545044,10000,10009,20000,10006,20000,20000,10000,0.45649999380111694,3.897200107574463,5.663899898529053,10000,2.140499999999819,2.3395,1,0.1407,0.0728,376832,15,15,2.6921,531256,0,0,32.16130065917969,15.638199806213379,4.361499786376953,6.255300045013428,0.7548999786376953,41.253700256347656,0,0,0,0,0,0,0,0,0,0,0,0,0
620,107.34020233154297,10.752099990844727,33.05419921875,5.329999923706055,7.2967000007629395,5.849699974060059,14.515899658203125,1.0710999965667725,10000,10009,20000,10006,20000,20000,10000,0.48919999599456787,3.888000011444092,5.141300201416016,10000,2.115399999999814,1.9969,1,0.19360000000000002,0.0683,376832,15,15,1.5045,8048,0,0,43.9547004699707,14.87559986114502,3.9433999061584473,3.6510000228881836,0.33340001106262207,34.93009948730469,0.0024,0,0.1318,7.1203,7.6488,0.0001,0.6041,1,968888,0,0,0,7389
621,107.20020294189453,0.33149999380111694,24.79010009765625,5.413099765777588,1.9630999565124512,2.6709001064300537,14.780400276184082,0.9904000163078308,10000,10009,20000,10006,20000,20000,10000,0.4196000099182129,4.283199787139893,5.721700191497803,10000,2.1191999999998408,1.4316,1,0.197,0.0634,376832,15,15,2.2303,7712,0,0,25.273000717163086,14.824999809265137,3.537899971008301,2.936500072479248,0.016300000250339508,53.791500091552734,0,0,0,0,0,0,0,0,0,0,0,0,0
622,106.88359832763672,6.9131999015808105,25.198400497436523,5.2855000495910645,1.6796000003814697,3.597899913787842,14.547200202941895,1.1174999475479126,10000,10009,20000,10006,20000,20000,10000,0.4860000014305115,4.050300121307373,4.895999908447266,10000,2.1079999999998154,1.9847,1,0.1288,0.0469,376832,15,15,1.4752,584888,0,0,32.25419998168945,15.063599586486816,3.9014999866485596,5.701300144195557,0.48919999599456787,44.09320068359375,0,0,0,0,0,0,0,0,0,0,0,0,0
623,107.38059997558594,16.972299575805664,34.69060134887695,5.392899990081787,8.461199760437012,6.09119987487793,14.571700096130371,1.0825999975204468,10000,10009,20000,10006,20000,20000,10000,0.4832000136375427,3.569000005722046,5.591000080108643,10000,2.110399999999818,2.0722,1,0.1434,0.07719999999999999,376832,15,15,2.854,22888,0,0,51.81010055541992,14.90820026397705,4.151299953460693,3.7479000091552734,0.3167000114917755,25.42930030822754,0.0051,0,0.1516,6.8905,12.8834,5.4168,0.5631,1,982236,104211,9989,21787,8052
624,106.95549774169922,0.3294000029563904,24.100799560546875,5.189199924468994,1.8801000118255615,2.6187000274658203,14.672699928283691,0.9652000069618225,10000,10009,20000,10006,20000,20000,10000,0.383899986743927,4.166100025177002,5.534200191497803,10000,2.115399999999816,1.9714,1,0.1298,0.0484,376832,15,15,1.4818,7712,0,0,24.572900772094727,14.713000297546387,3.8705999851226807,2.988300085067749,0.011300000362098217,54.94390106201172,0,0,0,0,0,0,0,0,0,0,0,0,0
625,107.21260070800781,2.9244000911712646,25.142499923706055,4.963900089263916,2.0792999267578125,3.067699909210205,14.599200248718262,0.9778000116348267,10000,10009,20000,10006,20000,20000,10000,0.4537999927997589,4.419300079345703,5.973999977111816,10000,2.1165999999998153,2.3192,1,0.1352,0.0494,376832,15,15,2.2654,15952,0,0,28.210599899291992,14.647100448608398,4.30079984664917,3.3689000606536865,0.01730000041425228,49.958499908447266,0,0,0,0,0,0,0,0,0,0,0,0,0
626,107.15440368652344,4.54580020904541,27.21030044555664,5.534299850463867,2.0525999069213867,4.292900085449219,14.822699546813965,1.1756999492645264,10000,10009,20000,10006,20000,20000,10000,0.41350001096725464,4.20389986038208,5.350800037384033,10000,2.123399999999814,1.6718,1,0.1286,0.0475,376832,15,15,2.6427,617552,0,0,31.966999053955078,15.626700401306152,3.578700065612793,5.448200225830078,0.7771000266075134,43.3577995300293,0,0,0,0,0,0,0,0,0,0,0,0,0
627,107.09829711914062,30.88640022277832,37.125,5.771500110626221,9.719400405883789,5.706299781799316,14.914899826049805,1.0311000347137451,10000,10009,20000,10006,20000,20000,10000,0.46129998564720154,3.8577001094818115,6.597799777984619,10000,2.293899999999831,2.4405,1,0.1361,0.0478,376832,15,15,1.6638,24160,0,0,68.1530990600586,15.254599571228027,4.4166998863220215,3.3512001037597656,0.31220000982284546,9.444199562072754,0.0028,11.668499946594238,0.1589,8.2421,14.5825,5.803,0.6182,1,969688,96351,9989,19868,7851
628,107.24710083007812,0.3352999985218048,22.885299682617188,5.145599842071533,1.7210999727249146,2.281599998474121,14.92870044708252,0.9884999990463257,10000,10009,20000,10006,20000,20000,10000,0.3569999933242798,3.6812000274658203,5.500699996948242,10000,2.1702999999998127,1.9728,1,0.1405,0.0724,376832,15,15,1.9515,7712,0,0,23.374399185180664,14.962499618530273,3.9245998859405518,3.0940001010894775,0.010599999688565731,55.33259963989258,0,0,0,0,0,0,0,0,0,0,0,0,0
629,106.98930358886719,2.821500062942505,24.849300384521484,5.086299896240234,2.561800003051758,2.7207000255584717,14.745200157165527,1.0879000425338745,10000,10009,20000,10006,20000,20000,10000,0.4514999985694885,4.146200180053711,5.382500171661377,10000,2.124699999999814,1.5698,1,0.1333,0.0466,376832,15,15,1.5091,15952,0,0,27.81100082397461,14.7923002243042,3.4593000411987305,3.0725998878479004,0.01549999974668026,51.85329818725586,0,0,0,0,0,0,0,0,0,0,0,0,0
630,106.71179962158203,4.419899940490723,27.667400360107422,5.418700218200684,2.602099895477295,4.540200233459473,14.637999534606934,1.090000033378601,10000,10009,20000,10006,20000,20000,10000,0.4749000072479248,5.143499851226807,4.812300205230713,10000,2.099499999999815,2.3424,1,0.12919999999999998,0.0458,376832,15,15,2.2766,581976,0,0,32.22549819946289,15.436100006103516,4.330399990081787,7.831099987030029,0.7728000283241272,40.09809875488281,0,0,0,0,0,0,0,0,0,0,0,0,0
631,107.0531005859375,3.3261001110076904,24.532499313354492,5.0833001136779785,1.9220000505447388,3.0327000617980957,14.80739974975586,1.0776000022888184,10000,10009,20000,10006,20000,20000,10000,0.42989999055862427,4.026500225067139,5.760499954223633,10000,2.113099999999821,2.3513,1,0.1437,0.0713,376832,15,15,1.8781,21896,0,0,28.00830078125,14.842499732971191,4.294300079345703,3.2367000579833984,0.009999999776482582,50.34769821166992,0,0,0,0,0,0,0,0,0,0,0,0,0
632,106.68890380859375,0.3253999948501587,23.256799697875977,5.064000129699707,1.7717000246047974,2.666100025177002,14.746199607849121,0.9794999957084656,10000,10009,20000,10006,20000,20000,10000,0.4675999879837036,3.7581000328063965,5.307400226593018,10000,2.1299999999998147,1.4511,1,0.1401,0.0402,376832,15,15,1.4968,7712,0,0,23.729400634765625,14.793000221252441,3.348599910736084,3.147599935531616,0.01590000092983246,55.60900115966797,0,0,0,0,0,0,0,0,0,0,0,0,0
633,106.86489868164062,6.246300220489502,26.33839988708496,5.320700168609619,1.7294000387191772,4.399199962615967,14.598299980163574,1.2323999404907227,10000,10009,20000,10006,20000,20000,10000,0.47360000014305115,4.377500057220459,5.174699783325195,10000,2.157699999999825,1.956,1,0.1385,0.0997,376832,15,15,1.7194,523320,0,0,32.71739959716797,15.053500175476074,3.959700107574463,7.055200099945068,0.43549999594688416,41.79629898071289,0,0,0,0,0,0,0,0,0,0,0,0,0
634,107.71820068359375,10.716099739074707,33.55799865722656,5.2729997634887695,7.633200168609619,6.441100120544434,14.864299774169922,1.0357999801635742,10000,10009,20000,10006,20000,20000,10000,0.4004000127315521,3.768399953842163,5.679500102996826,10000,2.17679999999983,2.4074,1,0.1311,0.055,376832,15,15,2.4664,8048,0,0,44.42409896850586,15.173100471496582,4.412499904632568,3.948699951171875,0.288100004196167,32.78459930419922,0.0028,0,0.1303,7.0498,7.5673,0.0001,0.5944,1,949904,0,0,0,7123
635,107.00550079345703,0.32690000534057617,24.687000274658203,5.124199867248535,1.8530999422073364,2.9797000885009766,14.731300354003906,0.9646999835968018,10000,10009,20000,10006,20000,20000,10000,0.3781999945640564,4.065400123596191,6.090199947357178,10000,2.112099999999818,1.5191,1,0.1283,0.0539,376832,15,15,2.159,7712,0,0,25.156400680541992,14.768500328063965,3.4421000480651855,2.8224000930786133,0.01119999960064888,54.280799865722656,0,0,0,0,0,0,0,0,0,0,0,0,0
636,106.84719848632812,3.5025999546051025,23.342599868774414,4.951300144195557,1.8583999872207642,2.578000068664551,14.41469955444336,0.9697999954223633,10000,10009,20000,10006,20000,20000,10000,0.39629998803138733,4.073599815368652,5.3871002197265625,10000,2.102699999999816,1.9198,1,0.12879999999999997,0.045200000000000004,376832,15,15,1.4962,15952,0,0,26.991199493408203,14.451000213623047,3.929500102996826,3.0820000171661377,0.010700000450015068,52.5181999206543,0,0,0,0,0,0,0,0,0,0,0,0,0
637,106.99629974365234,4.914100170135498,27.286500930786133,5.4096999168396,1.8207000494003296,4.16540002822876,14.827400207519531,1.222599983215332,10000,10009,20000,10006,20000,20000,10000,0.45239999890327454,5.23769998550415,4.953000068664551,10000,2.110499999999817,2.5759,1,0.1345,0.0475,376832,15,15,2.8089,585600,0,0,32.33789825439453,15.350600242614746,4.666999816894531,7.6331000328063965,0.4952000081539154,39.72090148925781,0,0,0,0,0,0,0,0,0,0,0,0,0
638,107.71540069580078,18.07430076599121,37.924400329589844,5.686399936676025,9.290599822998047,6.0746002197265625,15.92959976196289,1.1157000064849854,10000,10009,20000,10006,20000,20000,10000,0.4966000020503998,4.859099864959717,5.706099987030029,10000,2.1327999999998184,2.3227,1,0.1426,0.0741,376832,15,15,2.6395,24328,0,0,56.14360046386719,16.283599853515625,4.342100143432617,4.236199855804443,0.32359999418258667,19.391700744628906,0.0026,0,0.1642,8.1288,14.2621,5.6065,0.5772,1,965264,101818,9990,21805,7846
639,107.19219970703125,0.3889999985694885,27.00320053100586,5.354800224304199,2.4992001056671143,2.8006999492645264,14.911100387573242,0.9937000274658203,10000,10009,20000,10006,20000,20000,10000,0.44999998807907104,5.928699970245361,5.532700061798096,10000,2.1382999999998233,3.287,1,0.2237,0.1473,376832,15,15,4.476,7712,0,0,27.605899810791016,14.964300155639648,8.053099632263184,3.6552999019622803,0.017500000074505806,42.997798919677734,0,0,0,0,0,0,0,0,0,0,0,0,0
640,107.69879913330078,3.050800085067749,30.591299057006836,5.161399841308594,2.839600086212158,3.9814000129699707,15.045900344848633,1.0717999935150146,10000,10009,20000,10006,20000,20000,10000,0.5120000243186951,6.507400035858154,6.294600009918213,10000,2.2102999999998256,2.6553,1,0.1305,0.0476,376832,15,15,2.2672,15952,0,0,33.787899017333984,15.099100112915039,4.625100135803223,3.7437000274658203,0.01979999989271164,43.27349853515625,0,0,0,0,0,0,0,0,0,0,0,0,0
641,107.59809875488281,6.250100135803223,34.73030090332031,6.420199871063232,2.9184000492095947,5.378200054168701,14.907400131225586,1.2015999555587769,10000,10009,20000,10006,20000,20000,10000,0.5598999857902527,5.663899898529053,7.458399772644043,10000,2.130199999999818,1.6217,1,0.12880000000000003,0.04529999999999999,376832,15,15,2.0639,610480,0,0,41.192501068115234,15.76039981842041,3.5387001037597656,7.9268999099731445,0.8152999877929688,32.496700286865234,0,0,0,0,0,0,0,0,0,0,0,0,0
642,108.66380310058594,31.894399642944336,42.1245002746582,5.838399887084961,10.0600004196167,7.81850004196167,14.749600410461426,1.1349999904632568,10000,10009,20000,10006,20000,20000,10000,0.5982999801635742,6.393700122833252,5.343299865722656,10000,2.172199999999823,2.7101,1,0.22639999999999996,0.1584,376832,15,15,3.9516,18320,0,0,74.2698974609375,15.550299644470215,5.712699890136719,4.060500144958496,0.7675999999046326,0.22110000252723694,0.0052,11.591899871826172,0.1308,9.2253,15.541,5.7812,0.6385,1,948824,96248,9990,20284,7620
643,106.23780059814453,0.3407000005245209,29.11669921875,5.217199802398682,2.601599931716919,4.038300037384033,15.041899681091309,1.065600037574768,10000,10009,20000,10006,20000,20000,10000,0.4147999882698059,6.030099868774414,6.018899917602539,10000,2.110099999999818,2.7635,1,0.1528,0.0829,376832,15,15,2.7207,7712,0,0,29.59749984741211,15.099800109863281,5.040500164031982,4.020899772644043,0.021400000900030136,45.147701263427734,0,0,0,0,0,0,0,0,0,0,0,0,0
644,107.677001953125,4.036799907684326,28.614900588989258,5.0731000900268555,2.3817999362945557,3.4969000816345215,14.622300148010254,1.062399983406067,10000,10009,20000,10006,20000,20000,10000,0.4991999864578247,6.055799961090088,5.701000213623047,10000,2.116099999999812,1.9834,1,0.13119999999999998,0.0435,376832,15,15,2.3711,15952,0,0,32.804100036621094,14.671199798583984,3.9346001148223877,3.22760009765625,0.016300000250339508,46.108299255371094,0,0,0,0,0,0,0,0,0,0,0,0,0
645,107.22509765625,5.70989990234375,34.64759826660156,6.810299873352051,2.8173999786376953,5.340400218963623,15.345800399780273,1.2546000480651855,10000,10009,20000,10006,20000,20000,10000,0.46889999508857727,6.077300071716309,6.967299938201904,10000,2.1932999999998213,1.8886,1,0.1447,0.095,376832,15,15,3.6288,592088,0,0,40.489200592041016,15.91569995880127,5.454500198364258,8.491800308227539,0.5432000160217285,28.572500228881836,0,0,0,0,0,0,0,0,0,0,0,0,0
646,107.4613037109375,3.2030999660491943,29.017200469970703,5.334700107574463,2.5629000663757324,3.501699924468994,15.043800354003906,1.2146999835968018,10000,10009,20000,10006,20000,20000,10000,0.4675000011920929,5.240499973297119,6.472400188446045,10000,2.283599999999828,2.4437,1,0.17370000000000002,0.0793,376832,15,15,2.7398,20320,0,0,32.39459991455078,15.085200309753418,4.852200031280518,3.4976999759674072,0.01140000019222498,44.15039825439453,0,0,0,0,0,0,0,0,0,0,0,0,0
647,107.39129638671875,0.3382999897003174,35.98849868774414,6.4243998527526855,5.188199996948242,4.1956000328063965,16.0674991607666,1.1569000482559204,10000,10009,20000,10006,20000,20000,10000,0.571399986743927,6.326300144195557,6.611199855804443,10000,2.343999999999893,4.6046,1,0.24650000000000002,0.1435,376832,15,15,6.0393,7712,0,0,36.55149841308594,16.131099700927734,9.427399635314941,5.695499897003174,0.023900000378489494,26.24970054626465,0,0,0,0,0,0,0,0,0,0,0,0,0
648,107.51679992675781,4.853700160980225,37.12810134887695,6.675600051879883,4.200200080871582,3.9110000133514404,15.052300453186035,1.1927000284194946,10000,10009,20000,10006,20000,20000,10000,0.5060999989509583,6.588600158691406,8.40779972076416,10000,2.0945999999998124,2.3643,1,0.1285,0.0402,376832,15,15,1.5717,15952,0,0,42.19770050048828,15.109000205993652,4.302700042724609,3.572200059890747,0.01759999990463257,36.23139953613281,0,0,0,0,0,0,0,0,0,0,0,0,0
649,107.33719635009766,4.06850004196167,30.661300659179688,5.601099967956543,3.0954999923706055,4.475900173187256,14.824600219726562,1.1021000146865845,10000,10009,20000,10006,20000,20000,10000,0.4819999933242798,5.887400150299072,5.208399772644043,10000,2.124399999999819,1.9368,1,0.1415,0.0776,376832,15,15,2.3394,485528,0,0,34.871700286865234,15.392600059509277,3.8857998847961426,7.3267998695373535,0.5401999950408936,38.964298248291016,0,0,0,0,0,0,0,0,0,0,0,0,0
650,107.93360137939453,12.14229965209961,35.995201110839844,5.526800155639648,8.342399597167969,7.375400066375732,14.952799797058105,1.111899971961975,10000,10009,20000,10006,20000,20000,10000,0.4794999957084656,3.7204999923706055,5.949900150299072,10000,2.117399999999813,3.2601,1,0.12990000000000002,0.048799999999999996,376832,15,15,1.6032,8048,0,0,48.28739929199219,15.296500205993652,5.380300045013428,4.761199951171875,0.3154999911785126,28.005399703979492,0.0028,0,0.1321,8.2831,8.8201,0.0001,0.5932,1,934260,0,0,0,6840
651,106.90650177001953,0.4244000017642975,30.27239990234375,5.552299976348877,2.7590999603271484,4.180500030517578,15.172100067138672,1.1669000387191772,10000,10009,20000,10006,20000,20000,10000,0.6541000008583069,6.546999931335449,5.642099857330322,10000,2.1288999999998146,2.3287,1,0.131,0.0511,376832,15,15,1.5544,7712,0,0,30.92449951171875,15.232000350952148,4.268099784851074,3.3928000926971436,0.017999999225139618,46.1260986328125,0,0,0,0,0,0,0,0,0,0,0,0,0
652,107.65499877929688,6.935299873352051,31.463899612426758,5.603099822998047,2.0917999744415283,4.8480000495910645,14.86989974975586,1.1216000318527222,10000,10009,20000,10006,20000,20000,10000,0.5670999884605408,6.480999946594238,6.066199779510498,10000,2.1422999999998176,3.4401,1,0.2404,0.1506,376832,15,15,4.5467,525016,0,0,38.54679870605469,15.65839958190918,7.244500160217285,8.259699821472168,0.7531999945640564,26.694400787353516,0,0,0,0,0,0,0,0,0,0,0,0,0
653,107.48300170898438,17.003799438476562,41.90660095214844,6.124000072479248,10.558600425720215,6.809700012207031,14.896900177001953,1.110200047492981,10000,10009,20000,10006,20000,20000,10000,0.5648999810218811,5.252299785614014,6.491000175476074,10000,2.17159999999982,1.9251,1,0.1316,0.0653,376832,15,15,2.3784,22032,0,0,59.096900939941406,15.261099815368652,6.270699977874756,4.350599765777588,0.3280999958515167,15.429100036621094,0.0027,0,0.1349,7.12,12.8827,5.2726,0.5805,1,946056,101039,9991,21379,7583
654,107.69210052490234,0.3310999870300293,23.781600952148438,5.179800033569336,1.836300015449524,2.4547998905181885,14.730199813842773,1.0449999570846558,10000,10009,20000,10006,20000,20000,10000,0.40880000591278076,3.975399971008301,5.555600166320801,10000,2.1402999999998187,1.988,1,0.1302,0.046900000000000004,376832,15,15,1.7884,7712,0,0,24.264299392700195,14.780699729919434,3.902400016784668,3.0332000255584717,0.01720000058412552,55.27159881591797,0,0,0,0,0,0,0,0,0,0,0,0,0
655,107.04740142822266,3.1702001094818115,29.7106990814209,5.187600135803223,1.8531999588012695,4.043799877166748,14.854299545288086,1.0877000093460083,10000,10009,20000,10006,20000,20000,10000,0.5310999751091003,6.319399833679199,6.202499866485596,10000,2.139099999999818,2.5816,1,0.15410000000000001,0.1113,376832,15,15,2.0785,15952,0,0,33.028499603271484,14.90530014038086,4.5121002197265625,3.35479998588562,0.017999999225139618,41.887699127197266,0,0,0,0,0,0,0,0,0,0,0,0,0
656,107.4364013671875,4.092599868774414,29.805099487304688,5.244200229644775,2.4900999069213867,4.636000156402588,15.2052001953125,1.0949000120162964,10000,10009,20000,10006,20000,20000,10000,0.4494999945163727,5.9274001121521,5.702099800109863,10000,2.153299999999818,1.87,1,0.14179999999999998,0.10600000000000001,376832,15,15,2.6201,506416,0,0,34.03960037231445,15.664400100708008,5.960899829864502,5.867700099945068,0.42969998717308044,38.605098724365234,0,0,0,0,0,0,0,0,0,0,0,0,0
657,107.46150207519531,28.805400848388672,38.01089859008789,5.4653000831604,9.805100440979004,6.087699890136719,15.2121000289917,1.0608999729156494,10000,10009,20000,10006,20000,20000,10000,0.4562999904155731,4.077099800109863,6.548900127410889,10000,2.1164999999998155,1.658,1,0.1624,0.0844,376832,15,15,2.7562,21032,0,0,66.96119689941406,15.567299842834473,3.595400094985962,3.637399911880493,0.3294999897480011,10.197500228881836,0.0031,10.929200172424316,0.1553,7.4636,13.3878,5.382,0.657,1,936458,93932,9991,19153,7334
658,107.66400146484375,0.3253999948501587,28.845600128173828,5.193399906158447,3.3849000930786133,2.8394999504089355,14.945899963378906,1.028499960899353,10000,10009,20000,10006,20000,20000,10000,0.46959999203681946,6.027400016784668,6.514400005340576,10000,2.125699999999818,2.8841,1,0.1306,0.0479,376832,15,15,1.5793,7712,0,0,29.312599182128906,14.999199867248535,4.920899868011475,3.782099962234497,0.016699999570846558,48.58110046386719,0,0,0,0,0,0,0,0,0,0,0,0,0
659,107.77420043945312,4.279600143432617,32.47930145263672,5.480199813842773,2.591900110244751,4.225200176239014,15.559800148010254,1.121500015258789,10000,10009,20000,10006,20000,20000,10000,0.5095999836921692,5.453700065612793,7.758399963378906,10000,2.145699999999816,4.7159,1,0.187,0.124,376832,15,15,5.1274,15952,0,0,36.98270034790039,15.618900299072266,10.3858003616333,5.01140022277832,0.019500000402331352,27.786500930786133,0,0,0,0,0,0,0,0,0,0,0,0,0
660,107.58619689941406,7.2677998542785645,38.15869903564453,7.6743998527526855,4.271399974822998,5.2093000411987305,15.687100410461426,1.4011000394821167,10000,10009,20000,10006,20000,20000,10000,0.491100013256073,6.712900161743164,6.775899887084961,10000,2.1678999999998183,2.9928,1,0.199,0.1612,376832,15,15,3.7298,531528,0,0,45.64500045776367,16.598800659179688,6.3684000968933105,11.337499618530273,0.873199999332428,17.185199737548828,0,0,0,0,0,0,0,0,0,0,0,0,0
661,107.52239990234375,3.4514999389648438,31.2903995513916,5.194499969482422,2.7116000652313232,3.885200023651123,15.16759967803955,1.1656999588012695,10000,10009,20000,10006,20000,20000,10000,0.4562999904155731,6.99429988861084,6.005099773406982,10000,2.156499999999821,2.1127,1,0.1407,0.0746,376832,15,15,2.0577,19400,0,0,34.957698822021484,15.218099594116211,4.277400016784668,4.728600025177002,0.017100000753998756,41.60639953613281,0,0,0,0,0,0,0,0,0,0,0,0,0
662,107.51010131835938,0.4101000130176544,31.050399780273438,5.701300144195557,2.457900047302246,3.891200065612793,14.906200408935547,1.2024999856948853,10000,10009,20000,10006,20000,20000,10000,0.4659000039100647,6.423900127410889,6.300000190734863,10000,2.108699999999817,2.1129,1,0.1312,0.0529,376832,15,15,2.3282,7712,0,0,31.71940040588379,14.964900016784668,4.2357001304626465,3.3859000205993652,0.0215000007301569,46.042701721191406,0,0,0,0,0,0,0,0,0,0,0,0,0
663,107.11650085449219,3.0234999656677246,31.871200561523438,5.4019999504089355,3.8977999687194824,3.7860000133514404,15.506699562072754,1.1197999715805054,10000,10009,20000,10006,20000,20000,10000,0.5148000121116638,6.357900142669678,6.490200042724609,10000,2.266899999999818,2.7778,1,0.14300000000000002,0.077,376832,15,15,2.4903,15952,0,0,35.03929901123047,15.544599533081055,4.817699909210205,3.578700065612793,0.010200000368058681,40.96580123901367,0,0,0,0,0,0,0,0,0,0,0,0,0
664,107.61859893798828,5.109600067138672,32.14250183105469,5.458199977874756,1.9687999486923218,4.630000114440918,14.94849967956543,1.1131999492645264,10000,10009,20000,10006,20000,20000,10000,0.5195000171661377,6.779900074005127,7.0746002197265625,10000,2.106199999999817,1.5072,1,0.12830000000000003,0.0503,376832,15,15,1.7423,559936,0,0,37.40489959716797,15.445599555969238,4.876200199127197,7.053800106048584,0.46709999442100525,36.58489990234375,0,0,0,0,0,0,0,0,0,0,0,0,0
665,107.85569763183594,12.677800178527832,39.075401306152344,5.692599773406982,8.372099876403809,7.863100051879883,14.650300025939941,1.1168999671936035,10000,10009,20000,10006,20000,20000,10000,0.4620000123977661,5.017099857330322,6.0594000816345215,10000,2.100199999999815,2.2978,1,0.14400000000000002,0.075,376832,15,15,1.8568,8048,0,0,51.88639831542969,14.9483003616333,4.241300106048584,4.063700199127197,0.2678999900817871,26.46809959411621,0.0026,0,0.1309,9.0488,9.5875,0,0.5569,1,920258,0,0,0,6544
666,107.4343032836914,0.3361999988555908,29.04170036315918,5.266200065612793,2.248199939727783,2.8968000411987305,15.388799667358398,1.327299952507019,10000,10009,20000,10006,20000,20000,10000,0.4178999960422516,6.112400054931641,7.315999984741211,10000,2.168499999999822,2.4927,1,0.17460000000000003,0.11,376832,15,15,4.1749,7712,0,0,29.55929946899414,15.443699836730957,4.754199981689453,3.667099952697754,0.019500000402331352,43.05120086669922,0,0,0,0,0,0,0,0,0,0,0,0,0
667,107.78690338134766,3.4672000408172607,29.166500091552734,4.932600021362305,2.412600040435791,4.121500015258789,15.588500022888184,1.1059000492095947,10000,10009,20000,10006,20000,20000,10000,0.46700000762939453,5.866300106048584,6.185400009155273,10000,2.221699999999831,2.4985,1,0.1435,0.08030000000000001,376832,15,15,2.6352,15952,0,0,32.84579849243164,15.628499984741211,4.4583001136779785,3.5167999267578125,0.011800000444054604,43.983001708984375,0,0,0,0,0,0,0,0,0,0,0,0,0
668,107.4281005859375,4.651800155639648,30.20479965209961,5.3144001960754395,1.7158000469207764,4.739500045776367,14.86050033569336,1.1276999711990356,10000,10009,20000,10006,20000,20000,10000,0.5202000141143799,5.203000068664551,6.843299865722656,10000,2.1615999999998166,2.2254,1,0.1437,0.0768,376832,15,15,2.5468,547776,0,0,34.993099212646484,15.412599563598633,4.17080020904541,8.181400299072266,0.5200999975204468,37.52239990234375,0,0,0,0,0,0,0,0,0,0,0,0,0
669,107.95320129394531,18.146799087524414,38.35070037841797,5.956299781799316,8.724499702453613,7.301499843597412,15.042900085449219,1.1230000257492065,10000,10009,20000,10006,20000,20000,10000,0.4481000006198883,4.321899890899658,6.166600227355957,10000,2.1182999999998153,2.4515,1,0.1338,0.0534,376832,15,15,2.087,21096,0,0,56.67340087890625,15.425600051879883,4.393099784851074,4.006999969482422,0.34790000319480896,20.82110023498535,0.0029,0,0.1299,8.2368,14.1431,5.4035,0.6753,1,933148,99867,9991,20624,7307
670,107.6593017578125,0.31940001249313354,25.83329963684082,5.100500106811523,2.057800054550171,2.8550000190734863,15.140199661254883,0.9837999939918518,10000,10009,20000,10006,20000,20000,10000,0.4223000109195709,5.462600231170654,5.463500022888184,10000,2.1730999999998217,2.7313,1,0.2269,0.1516,376832,15,15,5.1257,7712,0,0,26.292999267578125,15.198200225830078,8.650500297546387,4.3730998039245605,0.019200000911951065,41.16960144042969,0,0,0,0,0,0,0,0,0,0,0,0,0
671,107.91300201416016,3.107300043106079,36.30419921875,6.066999912261963,4.498300075531006,3.7527999877929688,18.737199783325195,1.1334999799728394,10000,10009,20000,10006,20000,20000,10000,0.48820000886917114,7.359600067138672,7.794600009918213,10000,2.6721000000000985,4.0548,1,0.2224,0.1562,376832,15,15,5.6643,15952,0,0,39.63529968261719,18.812700271606445,9.002300262451172,8.236599922180176,0.020600000396370888,18.94339942932129,0,0,0,0,0,0,0,0,0,0,0,0,0
672,107.94740295410156,7.729700088500977,42.47710037231445,7.241199970245361,4.447500228881836,6.28879976272583,17.54560089111328,1.53410005569458,10000,10009,20000,10006,20000,20000,10000,0.6500999927520752,8.01830005645752,7.88100004196167,10000,2.317299999999875,3.0127,1,0.22,0.1359,376832,15,15,3.9066,510304,0,0,50.42940139770508,18.475799560546875,6.211100101470947,9.095999717712402,0.8855000138282776,13.621399879455566,0,0,0,0,0,0,0,0,0,0,0,0,0
673,126.19779968261719,31.86549949645996,49.221099853515625,7.080699920654297,10.792900085449219,8.600299835205078,17.419200897216797,1.269700050354004,10000,10009,20000,10006,20000,20000,10000,0.5088000297546387,7.771299839019775,7.320799827575684,10000,2.6573999999999542,3.7566,1,0.242,0.1965,376832,15,15,4.7803,20440,0,0,81.2948989868164,18.34630012512207,8.372400283813477,5.84250020980835,0.8909000158309937,0.33489999175071716,0.0031,12.66469955444336,0.1312,8.1939,14.417,5.6795,0.6601,1,919290,91608,9993,18837,7055
674,89.4457015991211,0.41119998693466187,34.35940170288086,5.887199878692627,3.0248000621795654,3.836400032043457,15.092000007629395,1.1117000579833984,10000,10009,20000,10006,20000,20000,10000,0.48570001125335693,5.94379997253418,8.339900016784668,10000,2.2240999999998134,3.1407,1,0.1997,0.1411,376832,15,15,3.7448,7712,0,0,35.019798278808594,15.150899887084961,6.122000217437744,3.902600049972534,0.020999999716877937,19.65089988708496,0,0,0,0,0,0,0,0,0,0,0,0,0
675,107.90129852294922,3.125699996948242,35.54359817504883,6.164299964904785,2.8610999584198,4.426300048828125,16.494600296020508,1.2202999591827393,10000,10009,20000,10006,20000,20000,10000,0.4666000008583069,6.541900157928467,8.673800468444824,10000,2.44139999999994,2.5621,1,0.22949999999999998,0.1431,376832,15,15,4.9367,15952,0,0,38.88759994506836,16.558799743652344,6.447299957275391,3.8122000694274902,0.02449999935925007,29.809999465942383,0,0,0,0,0,0,0,0,0,0,0,0,0
676,107.95980072021484,8.355199813842773,36.145198822021484,6.541900157928467,2.7727999687194824,4.908699989318848,16.15060043334961,1.263700008392334,10000,10009,20000,10006,20000,20000,10000,0.5131999850273132,6.290200233459473,7.750400066375732,10000,2.311699999999871,3.7565,1,0.2424,0.1624,376832,15,15,4.506,615704,0,0,44.72249984741211,17.018600463867188,7.410399913787842,9.599499702453613,0.8289999961853027,17.230199813842773,0,0,0,0,0,0,0,0,0,0,0,0,0
677,107.88770294189453,5.1203999519348145,33.21849822998047,5.65310001373291,3.7163000106811523,3.884399890899658,14.787799835205078,1.1894999742507935,10000,10009,20000,10006,20000,20000,10000,0.4668000042438507,5.9893999099731445,6.940400123596191,10000,2.1241999999998122,2.4208,1,0.2437,0.1771,376832,15,15,3.6611,18744,0,0,38.56740188598633,14.843600273132324,5.499199867248535,3.8856000900268555,0.01899999938905239,35.75,0,0,0,0,0,0,0,0,0,0,0,0,0
678,107.58689880371094,0.4207000136375427,33.82619857788086,5.311200141906738,3.789799928665161,4.368899822235107,15.876799583435059,1.1660000085830688,10000,10009,20000,10006,20000,20000,10000,0.4918999969959259,7.1442999839782715,7.1209001541137695,10000,2.161299999999818,2.4214,1,0.1451,0.048,376832,15,15,1.848,7712,0,0,34.475399017333984,15.925600051879883,4.517000198364258,3.704699993133545,0.011599999852478504,42.554100036621094,0,0,0,0,0,0,0,0,0,0,0,0,0
679,107.8563003540039,2.657900094985962,31.79290008544922,5.087699890136719,2.06820011138916,4.525899887084961,15.29800033569336,1.13510000705719,10000,10009,20000,10006,20000,20000,10000,0.42590001225471497,6.632699966430664,7.582799911499023,10000,2.1871999999998324,3.3308,1,0.21240000000000003,0.1594,376832,15,15,4.5085,15952,0,0,34.59700012207031,15.354499816894531,8.92650032043457,4.895400047302246,0.01810000091791153,32.386199951171875,0,0,0,0,0,0,0,0,0,0,0,0,0
680,108.0365982055664,11.405400276184082,40.86869812011719,8.276200294494629,3.8958001136779785,5.554699897766113,16.898399353027344,1.7697999477386475,10000,10009,20000,10006,20000,20000,10000,0.5396999716758728,5.9197001457214355,8.083000183105469,10000,2.2835999999998795,2.7288,1,0.2287,0.1666,376832,15,15,4.0949,522992,0,0,52.5015983581543,17.663799285888672,6.520199775695801,9.181500434875488,0.727400004863739,12.959500312805176,0,0,0,0,0,0,0,0,0,0,0,0,0
681,108.06439971923828,15.836799621582031,49.214698791503906,7.095900058746338,11.017200469970703,8.761699676513672,16.688199996948242,1.309000015258789,10000,10009,20000,10006,20000,20000,10000,0.5109000205993652,7.440999984741211,7.55109977722168,10000,2.593600000000069,2.4312,1,0.2278,0.14679999999999999,376832,15,15,4.0188,8048,0,0,65.28929901123047,17.474300384521484,7.390399932861328,4.590099811553955,0.7440999746322632,3.6219000816345215,0.005,0,0.2566,9.8384,10.5849,0.0001,1.0496,1,911128,0,0,0,6261
682,108.09400177001953,0.49889999628067017,43.49330139160156,6.897600173950195,4.776599884033203,5.731900215148926,18.451499938964844,2.686300039291382,10000,10009,20000,10006,20000,20000,10000,1.0628000497817993,7.41349983215332,8.967399597167969,10000,2.475499999999962,4.0513,1,0.2222,0.1486,376832,15,15,3.9585,7712,0,0,44.25299835205078,18.515399932861328,7.795499801635742,5.099599838256836,0.01889999955892563,21.32159996032715,0,0,0,0,0,0,0,0,0,0,0,0,0
683,108.07479858398438,5.520699977874756,36.25189971923828,5.784800052642822,4.10860013961792,4.050000190734863,15.19159984588623,1.475600004196167,10000,10009,20000,10006,20000,20000,10000,0.5493999719619751,6.667300224304199,7.951399803161621,10000,2.259699999999827,2.4705,1,0.2274,0.14,376832,15,15,3.3811,15952,0,0,41.997798919677734,15.250499725341797,4.43149995803833,3.2081000804901123,0.01860000006854534,33.2411994934082,0,0,0,0,0,0,0,0,0,0,0,0,0
684,108.26200103759766,5.364699840545654,41.03260040283203,7.425899982452393,4.218800067901611,5.917699813842773,16.79789924621582,1.7417000532150269,10000,10009,20000,10006,20000,20000,10000,0.4648999869823456,6.598899841308594,7.138199806213379,10000,2.4030999999998435,4.1935,1,0.1857,0.1258,376832,15,15,4.369,581800,0,0,46.602500915527344,17.770000457763672,7.621200084686279,9.128999710083008,0.929099977016449,15.650300025939941,0,0,0,0,0,0,0,0,0,0,0,0,0
685,126.42549896240234,31.463199615478516,49.24039840698242,7.031000137329102,11.835399627685547,8.874699592590332,16.843700408935547,1.3766000270843506,10000,10009,20000,10006,20000,20000,10000,0.5605000257492065,7.020899772644043,6.894000053405762,10000,2.4851999999999856,3.6978,1,0.2222,0.13390000000000002,376832,15,15,5.1491,16960,0,0,80.92579650878906,18.14550018310547,7.359300136566162,6.088500022888184,1.2545000314712524,0.8743000030517578,0.0053,10.949000358581543,0.1537,8.6489,14.9798,5.7718,0.7168,1,923702,98655,9994,20773,7014
686,89.44300079345703,0.5368000268936157,40.002201080322266,7.089799880981445,3.853100061416626,4.748199939727783,21.70479965209961,1.388100028038025,10000,10009,20000,10006,20000,20000,10000,0.5691999793052673,8.220499992370605,8.44159984588623,10000,3.0555000000001624,2.8934,1,0.18520000000000003,0.0958,376832,15,15,2.8533,7712,0,0,40.772098541259766,21.77079963684082,6.957900047302246,5.162700176239014,0.019300000742077827,3.4588000774383545,0,0,0,0,0,0,0,0,0,0,0,0,0
687,108.16639709472656,4.747300148010254,40.07229995727539,6.774400234222412,4.328800201416016,5.729899883270264,19.393800735473633,1.669100046157837,10000,10009,20000,10006,20000,20000,10000,0.5884000062942505,6.650000095367432,8.3100004196167,10000,2.8822000000002563,3.2494,1,0.2712,0.1775,376832,15,15,5.1426,15952,0,0,45.060001373291016,19.45639991760254,7.245100021362305,4.882500171661377,0.020099999383091927,18.08139991760254,0,0,0,0,0,0,0,0,0,0,0,0,0
688,108.25759887695312,7.1956000328063965,37.70050048828125,6.6579999923706055,3.530900001525879,5.174200057983398,16.854000091552734,1.2263000011444092,10000,10009,20000,10006,20000,20000,10000,0.5200999975204468,6.943399906158447,8.04699993133545,10000,2.3986999999999163,2.7011,1,0.17340000000000003,0.1127,376832,15,15,3.2112,520256,0,0,45.1171989440918,17.652599334716797,6.3242998123168945,9.113900184631348,0.7638000249862671,21.205900192260742,0,0,0,0,0,0,0,0,0,0,0,0,0
689,188.74609375,34.103599548339844,58.309898376464844,6.4096999168396,10.361300468444824,9.933600425720215,62.20439910888672,1.2008999586105347,10000,10009,20000,10006,20000,20000,10000,0.5242000222206116,16.824600219726562,7.700699806213379,10000,6.018000000000435,4.4572,1,0.3834000000000001,0.22,376832,15,15,4.511,18264,0,0,92.74089813232422,63.339500427246094,8.7568998336792,5.665599822998047,1.0405000448226929,0.3407000005245209,0.0054,11.34280014038086,0.1585,9.4762,16.8481,6.7246,0.7477,1,912640,94402,9993,19856,6753
690,85.48320007324219,0.46230000257492065,38.7859992980957,6.634500026702881,4.018400192260742,5.395999908447266,18.47909927368164,1.3969999551773071,10000,10009,20000,10006,20000,20000,10000,0.6215999722480774,6.138000011444092,9.05370044708252,10000,2.8604000000002188,3.0535,1,0.2643,0.1797,376832,15,15,5.3508,7712,0,0,39.47829818725586,18.537399291992188,7.784800052642822,5.707200050354004,0.019600000232458115,0.5716000199317932,0,0,0,0,0,0,0,0,0,0,0,0,0
691,97.83670043945312,4.549200057983398,47.34170150756836,8.842100143432617,4.870699882507324,4.971399784088135,18.987199783325195,1.4814000129699707,10000,10009,20000,10006,20000,20000,10000,0.6144000291824341,8.695300102233887,11.673999786376953,10000,2.87090000000018,4.8063,1,0.24259999999999998,0.1612,376832,15,15,5.0589,15952,0,0,52.12670135498047,19.0580997467041,8.43019962310791,5.094399929046631,0.01899999938905239,0.3206999897956848,0,0,0,0,0,0,0,0,0,0,0,0,0
692,97.981201171875,8.325200080871582,45.187198638916016,8.060400009155273,6.3105998039245605,5.894199848175049,17.681499481201172,1.8468999862670898,10000,10009,20000,10006,20000,20000,10000,0.6069999933242798,7.329999923706055,8.738499641418457,10000,2.3224999999998657,3.7343,1,0.22410000000000002,0.1624,376832,15,15,4.5079,464592,0,0,53.744998931884766,18.498600006103516,6.655099868774414,9.161299705505371,0.7774999737739563,0.3100999891757965,0,0,0,0,0,0,0,0,0,0,0,0,0
693,84.20539855957031,6.3277997970581055,39.559200286865234,7.285299777984619,5.285099983215332,4.981200218200684,16.860000610351562,1.3118000030517578,10000,10009,20000,10006,20000,20000,10000,0.6022999882698059,6.8105998039245605,7.488900184631348,10000,2.3632999999998927,2.6073,1,0.23410000000000003,0.1674,376832,15,15,4.1962,17960,0,0,46.10139846801758,16.916799545288086,5.31790018081665,4.280399799346924,0.01860000006854534,0.26899999380111694,0,0,0,0,0,0,0,0,0,0,0,0,0
694,93.88710021972656,0.4442000091075897,43.8380012512207,7.9243998527526855,3.3717000484466553,4.9197998046875,18.3257999420166,1.639799952507019,10000,10009,20000,10006,20000,20000,10000,0.6491000056266785,9.303400039672852,8.040399551391602,10000,2.4947999999999824,3.4971,1,0.2116,0.1483,376832,15,15,3.8295,7712,0,0,44.520999908447266,18.3981990814209,7.783699989318848,4.712100028991699,0.019200000911951065,9.206399917602539,0,0,0,0,0,0,0,0,0,0,0,0,0
695,108.19509887695312,5.212299823760986,35.61949920654297,5.826399803161621,4.43149995803833,3.4972000122070312,18.81439971923828,1.2239999771118164,10000,10009,20000,10006,20000,20000,10000,0.4300000071525574,6.535299777984619,7.8495001792907715,10000,2.3391999999998916,4.0372,1,0.23199999999999998,0.1345,376832,15,15,5.7642,15952,0,0,41.04930114746094,18.874399185180664,7.801199913024902,6.1031999588012695,0.018799999728798866,21.720600128173828,0,0,0,0,0,0,0,0,0,0,0,0,0
696,108.12300109863281,7.0177998542785645,39.19969940185547,6.355800151824951,3.576200008392334,5.374100208282471,18.593399047851562,1.1966999769210815,10000,10009,20000,10006,20000,20000,10000,0.5128999948501587,8.049699783325195,7.945400238037109,10000,2.702400000000161,3.5822,1,0.2513,0.172,376832,15,15,4.9791,542872,0,0,46.4379997253418,19.493600845336914,12.01609992980957,9.806900024414062,0.8449000120162964,8.539199829101562,0,0,0,0,0,0,0,0,0,0,0,0,0
697,120.03459930419922,19.75860023498535,57.524200439453125,8.566399574279785,13.465900421142578,9.262999534606934,19.923999786376953,1.5789999961853027,10000,10009,20000,10006,20000,20000,10000,0.6861000061035156,8.182900428771973,9.24940013885498,10000,2.770300000000225,2.7561,1,0.23099999999999998,0.1521,376832,15,15,4.3994,8048,0,0,77.5302963256836,20.850200653076172,5.770599842071533,4.950500011444092,0.8765000104904175,0.30079999566078186,0.0053,0,0.1867,14.5018,15.2359,0.0002,0.6722,1,898528,0,0,0,5970
698,96.10379791259766,0.519599974155426,38.28409957885742,6.7006001472473145,4.812399864196777,4.352499961853027,17.460800170898438,1.3309999704360962,10000,10009,20000,10006,20000,20000,10000,0.7208999991416931,6.8470001220703125,8.251999855041504,10000,2.6522000000001063,5.2641,1,0.2505,0.1537,376832,15,15,5.0617,7712,0,0,39.0458984375,17.52120018005371,12.048299789428711,6.57390022277832,0.018699999898672104,8.355999946594238,0,0,0,0,0,0,0,0,0,0,0,0,0
699,108.03060150146484,3.8740999698638916,38.90079879760742,6.599299907684326,3.519700050354004,4.672500133514404,18.612699508666992,1.7752000093460083,10000,10009,20000,10006,20000,20000,10000,0.9782999753952026,7.875500202178955,8.142499923706055,10000,2.7115000000001612,2.416,1,0.1742,0.09809999999999999,376832,15,15,3.2099,15952,0,0,42.9911994934082,18.666000366210938,5.3755998611450195,3.906100034713745,0.01850000023841858,28.179800033569336,0,0,0,0,0,0,0,0,0,0,0,0,0
700,108.322998046875,7.10860013961792,37.162200927734375,6.204599857330322,2.6698999404907227,5.846199989318848,18.911399841308594,1.4300999641418457,10000,10009,20000,10006,20000,20000,10000,0.6751000285148621,6.872799873352051,7.555699825286865,10000,2.4944999999999724,3.8239,1,0.23269999999999996,0.14,376832,15,15,4.1426,482232,0,0,44.493099212646484,19.67020034790039,8.630800247192383,12.826199531555176,0.7182000279426575,11.29170036315918,0,0,0,0,0,0,0,0,0,0,0,0,0
701,124.86710357666016,22.05699920654297,53.48680114746094,7.659599781036377,10.914600372314453,8.759900093078613,21.037599563598633,1.3554999828338623,10000,10009,20000,10006,20000,20000,10000,0.5482000112533569,7.89109992980957,10.80210018157959,10000,2.7554000000001597,4.1387,1,0.2193,0.1331,376832,15,15,4.5827,19752,0,0,75.79979705810547,21.938800811767578,8.123299598693848,5.610799789428711,0.8574000000953674,0.335099995136261,0.006,0,0.1931,9.6093,16.4924,6.2337,0.8637,1,911480,98685,9995,20794,6727
702,91.26080322265625,0.4499000012874603,42.435699462890625,7.174900054931641,5.292300224304199,5.28879976272583,19.441299438476562,1.4341000318527222,10000,10009,20000,10006,20000,20000,10000,0.6571999788284302,8.22130012512207,8.433899879455566,10000,2.7636000000002046,3.4241,1,0.3447,0.14629999999999999,376832,15,15,5.2637,7712,0,0,43.11439895629883,19.510700225830078,8.721599578857422,4.254199981689453,0.01979999989271164,2.6942999362945557,0,0,0,0,0,0,0,0,0,0,0,0,0
703,107.98780059814453,4.918700218200684,34.4473991394043,5.848599910736084,2.788100004196167,3.7785000801086426,17.943500518798828,1.2529000043869019,10000,10009,20000,10006,20000,20000,10000,0.4918999969959259,7.265500068664551,8.000200271606445,10000,2.4548999999999492,3.1472,1,0.2224,0.1365,376832,15,15,4.1899,15952,0,0,39.595001220703125,18.004100799560547,8.472800254821777,4.950200080871582,0.01940000057220459,25.858999252319336,0,0,0,0,0,0,0,0,0,0,0,0,0
704,112.82430267333984,6.756499767303467,33.9213981628418,6.027100086212158,3.0357000827789307,4.973199844360352,17.302799224853516,1.2003999948501587,10000,10009,20000,10006,20000,20000,10000,0.524399995803833,5.311500072479248,7.250100135803223,10000,2.5733000000000223,4.1437,1,0.22300000000000003,0.1699,376832,15,15,5.2271,551040,0,0,40.894901275634766,18.10919952392578,7.91349983215332,10.041099548339844,0.770799994468689,22.907400131225586,0,0,0,0,0,0,0,0,0,0,0,0,0
705,194.74440002441406,95.11009979248047,56.32569885253906,7.294600009918213,11.583900451660156,9.765399932861328,18.796300888061523,1.3654999732971191,10000,10009,20000,10006,20000,20000,10000,0.6586999893188477,9.378600120544434,9.709199905395508,10000,2.5037999999999894,3.1369,1,0.2158,0.1498,376832,15,15,3.9653,17424,0,0,151.76870727539062,19.65530014038086,7.390200138092041,5.507800102233887,0.8172000050544739,0.3237000107765198,0.0061,46.99480056762695,0.4931,23.5485,39.2168,13.7758,1.1245,1,899896,92596,9995,19115,6483
706,72.73970031738281,0.4474000036716461,36.48460006713867,6.116300106048584,4.78410005569458,3.5304999351501465,15.383299827575684,1.1337000131607056,10000,10009,20000,10006,20000,20000,10000,0.5105999708175659,6.4145002365112305,8.368900299072266,10000,2.247499999999853,2.717,1,0.22459999999999997,0.1612,376832,15,15,4.3716,7712,0,0,37.162601470947266,15.434900283813477,6.2083001136779785,4.140999794006348,0.017799999564886093,0.29179999232292175,0,0,0,0,0,0,0,0,0,0,0,0,0
707,75.1708984375,5.02269983291626,34.71979904174805,5.644800186157227,4.532199859619141,3.763400077819824,14.894599914550781,1.1432000398635864,10000,10009,20000,10006,20000,20000,10000,0.505299985408783,6.261099815368652,7.624899864196777,10000,2.1405999999998335,2.6175,1,0.17990000000000003,0.08349999999999999,376832,15,15,3.1764,15952,0,0,39.95899963378906,14.951600074768066,6.604899883270264,4.033699989318848,0.018400000408291817,0.24310000240802765,0,0,0,0,0,0,0,0,0,0,0,0,0
708,86.90029907226562,7.78879976272583,34.324501037597656,5.584199905395508,4.10890007019043,4.87470006942749,15.068499565124512,1.1303000450134277,10000,10009,20000,10006,20000,20000,10000,0.4715000092983246,5.253600120544434,7.528200149536133,10000,2.1696999999998186,4.4903,1,0.2183,0.1508,376832,15,15,4.4078,541832,0,0,42.33399963378906,15.88010025024414,7.7144999504089355,9.745699882507324,0.7781999707221985,0.34450000524520874,0,0,0,0,0,0,0,0,0,0,0,0,0
709,105.83149719238281,6.311200141906738,43.01530075073242,7.156899929046631,4.519700050354004,6.504000186920166,24.897199630737305,1.406599998474121,10000,10009,20000,10006,20000,20000,10000,0.6588000059127808,7.959199905395508,9.267399787902832,10000,3.4005000000000645,3.0166,1,0.2029,0.1464,376832,15,15,3.6386,17872,0,0,49.585601806640625,24.976600646972656,9.728300094604492,4.801799774169922,0.022600000724196434,5.9969000816345215,0,0,0,0,0,0,0,0,0,0,0,0,0
710,108.09739685058594,0.4997999966144562,40.734100341796875,6.47599983215332,4.910900115966797,4.455900192260742,21.38800048828125,1.3916000127792358,10000,10009,20000,10006,20000,20000,10000,0.626800000667572,8.604599952697754,8.545100212097168,10000,2.9729000000002337,3.1843,1,0.3418,0.13940000000000002,376832,15,15,3.5081,7712,0,0,41.51319885253906,21.447900772094727,6.865099906921387,5.547399997711182,0.01899999938905239,22.249799728393555,0,0,0,0,0,0,0,0,0,0,0,0,0
711,108.35169982910156,4.432700157165527,38.79410171508789,6.020400047302246,4.7357001304626465,4.4644999504089355,18.670499801635742,1.875499963760376,10000,10009,20000,10006,20000,20000,10000,0.6322000026702881,7.607699871063232,7.911200046539307,10000,2.593300000000019,3.4059,1,0.21580000000000002,0.1474,376832,15,15,4.3454,15952,0,0,43.454898834228516,18.734800338745117,6.9593000411987305,4.986999988555908,0.019899999722838402,21.907400131225586,0,0,0,0,0,0,0,0,0,0,0,0,0
712,110.61139678955078,8.209699630737305,42.769901275634766,7.415800094604492,5.196800231933594,6.019999980926514,19.298500061035156,1.3964999914169312,10000,10009,20000,10006,20000,20000,10000,0.5936999917030334,7.828999996185303,8.05210018157959,10000,4.303000000000667,3.347,1,0.2361,0.1439,376832,15,15,7.4053,592160,0,0,51.21260070800781,20.34910011291504,11.153200149536133,10.984600067138672,0.998199999332428,0.28619998693466187,0,0,0,0,0,0,0,0,0,0,0,0,0
713,156.24180603027344,21.02359962463379,53.39630126953125,7.132999897003174,10.755999565124512,9.667400360107422,34.57400131225586,1.426800012588501,10000,10009,20000,10006,20000,20000,10000,0.5587999820709229,8.389599800109863,9.014699935913086,10000,5.392300000000208,6.3239,1,0.4142,0.15100000000000002,376832,15,15,6.8422,8048,0,0,74.67220306396484,35.0369987487793,15.07229995727539,9.42590045928955,0.41370001435279846,0.5794000029563904,0.0059,0,0.2906,13.9062,15.2543,0.0002,1.0495,1,885706,0,0,0,5684
714,108.66419982910156,1.2682000398635864,60.225399017333984,6.591100215911865,2.6837000846862793,9.511799812316895,20.151100158691406,3.799499988555908,10000,10009,20000,10006,20000,20000,10000,1.0997999906539917,8.457599639892578,17.172500610351562,10000,3.866200000000074,4.1225,1,0.1885,0.11430000000000001,376832,15,15,3.5235,7712,0,0,61.91270065307617,20.208499908447266,9.773699760437012,4.480599880218506,0.01850000023841858,0.34850001335144043,0,0,0,0,0,0,0,0,0,0,0,0,0
715,85.96859741210938,4.617700099945068,40.76679992675781,7.126699924468994,4.335999965667725,4.919400215148926,18.20330047607422,1.4524999856948853,10000,10009,20000,10006,20000,20000,10000,0.667900025844574,7.529900074005127,8.696100234985352,10000,2.501599999999919,3.6105,1,0.25420000000000004,0.19019999999999998,376832,15,15,4.7345,15952,0,0,45.612701416015625,18.25589942932129,6.9232001304626465,4.685200214385986,0.01759999990463257,0.30880001187324524,0,0,0,0,0,0,0,0,0,0,0,0,0
716,94.53299713134766,10.625800132751465,39.38199996948242,8.029800415039062,3.0018999576568604,5.486800193786621,16.424800872802734,1.1966999769210815,10000,10009,20000,10006,20000,20000,10000,0.49470001459121704,7.059899806976318,8.209699630737305,10000,2.2022999999998394,4.7026,1,0.20129999999999998,0.13590000000000002,376832,15,15,4.0052,489272,0,0,50.272098541259766,17.169099807739258,8.536999702453613,9.382800102233887,0.7059999704360962,0.31679999828338623,0,0,0,0,0,0,0,0,0,0,0,0,0
717,115.2677001953125,20.97879981994629,51.77190017700195,7.534299850463867,12.067899703979492,10.341500282287598,16.835599899291992,1.3020000457763672,10000,10009,20000,10006,20000,20000,10000,0.6068999767303467,7.19890022277832,7.168700218200684,10000,2.2472999999998264,3.4387,1,0.2041,0.1622,376832,15,15,4.1377,15040,0,0,72.97100067138672,17.75279998779297,7.6620001792907715,5.36329984664917,0.8495000004768372,0.3158999979496002,0.0057,0,0.2394,8.6452,15.4292,6.1147,0.782,1,902074,99505,9995,20517,6493
718,84.5770034790039,0.4133000075817108,37.88959884643555,6.938700199127197,4.833600044250488,4.369800090789795,15.086799621582031,1.1777000427246094,10000,10009,20000,10006,20000,20000,10000,0.5181999802589417,6.400599956512451,7.917900085449219,10000,2.1201999999998167,3.9353,1,0.22899999999999998,0.1306,376832,15,15,4.7674,7712,0,0,38.55030059814453,15.15410041809082,7.155099868774414,4.722700119018555,0.027799999341368675,7.593800067901611,0,0,0,0,0,0,0,0,0,0,0,0,0
719,108.02459716796875,4.798099994659424,38.60609817504883,7.261199951171875,4.9359002113342285,4.113900184631348,21.62929916381836,1.2417999505996704,10000,10009,20000,10006,20000,20000,10000,0.5339999794960022,6.6940999031066895,7.974699974060059,10000,2.803600000000173,2.8867,1,0.22299999999999998,0.1471,376832,15,15,4.3979,15952,0,0,43.628700256347656,21.705699920654297,6.790500164031982,5.622900009155273,0.02590000070631504,19.41349983215332,0,0,0,0,0,0,0,0,0,0,0,0,0
720,108.01930236816406,6.911300182342529,36.487701416015625,6.470300197601318,3.4449000358581543,4.956299781799316,16.60740089416504,1.2734999656677246,10000,10009,20000,10006,20000,20000,10000,0.5601999759674072,6.589799880981445,7.372300148010254,10000,2.324599999999869,3.7431,1,0.1785,0.1134,376832,15,15,3.5614,490352,0,0,43.617801666259766,17.371000289916992,6.422699928283691,9.292200088500977,0.7285000085830688,20.743099212646484,0,0,0,0,0,0,0,0,0,0,0,0,0
