frame,frame_ms,simulation,presentation,behavior,transform_sync,emit,hud,animator,animator_updates,height_samples,terrain_rays,visible,hud_raw,hud_projected,behavior_ticks,minimap_collect,minimap_project,culling,gpu_instances,gpu_build,gpu_draw_cpu,poses,pose_build,upload_ms,upload_bytes,main_draws,shadow_draws,shadow_submit,alloc,gen0,gen1,tick,post,mode3d,overlay,overlay_build,end_draw,nav_target,nav_flow,nav_prep,nav_steering,nav_step,nav_hard,nav_sync,nav_steps,neighbor_candidates,hard_pairs,hard_candidates,hard_penetrating,moved_agents
1,563.4796752929688,0.2653000056743622,96.48040008544922,7.235499858856201,1.2242000102996826,2.2848000526428223,0.6155999898910522,0.01209999993443489,0,5,0,0,0,0,0,6.277100086212158,7.789899826049805,5.514200210571289,0,0,0,0,0,0,0,0,0,0,164475600,6,6,320.406494140625,6.000899791717529,11.428099632263184,39.9375,2.802299976348877,0.5562000274658203,0,0,0,0,0,0,0,0,0,0,0,0,0
2,7.264900207519531,0.010300000198185444,2.9535000324249268,0.012500000186264515,0.01720000058412552,0.007400000002235174,0.012799999676644802,0.0008999999845400453,0,5,0,0,0,0,0,0.1103999987244606,0.05130000039935112,2.138700008392334,0,0,0,0,0,0,0,0,0,0,12400,0,0,5.218299865722656,0.9376999735832214,0.05770000070333481,0.6168000102043152,0.8980000019073486,0.08869999647140503,0,0,0,0,0,0,0,0,0,0,0,0,0
3,103.0071029663086,83.33799743652344,5.2758002281188965,0.019600000232458115,0.02329999953508377,1.8414000272750854,0.009499999694526196,0.003700000001117587,0,5,0,5,0,0,0,0.12200000137090683,0.061900001019239426,2.5527000427246094,0,0,0,0,0,0,0,0,0,0,3575776,0,0,88.73600006103516,0.05490000173449516,11.38070011138916,0.37450000643730164,0.017999999225139618,0.13109999895095825,0,0,0,0,0,0,0,0,0,0,0,0,0
4,8.038800239562988,6.161600112915039,0.7210999727249146,0.011599999852478504,0.018300000578165054,0.0066999997943639755,0.010900000110268593,0.0010000000474974513,0,5,0,5,0,0,0,0.10119999945163727,0.05689999833703041,0.2849000096321106,0,0,0,0,0,0,0,0,0,0,9168,0,0,7.053699970245361,0.053300000727176666,0.20900000631809235,0.3898000121116638,0.015399999916553497,0.11289999634027481,0,0,0,0,0,0,0,0,0,0,0,0,0
5,2634.822021484375,1819.989990234375,812.9204711914062,598.206298828125,19.109600067138672,33.690101623535156,0.01360000018030405,7.061100006103516,10000,10009,0,5,0,0,0,1.8246999979019165,3.8987998962402344,14.5600004196167,0,0,0,0,0,0,0,0,0,0,2545154200,87,20,2633.06591796875,0.2678000032901764,0.14409999549388885,0.9922000169754028,0.19769999384880066,0.09690000116825104,0,0,0,0,0,0,0,0,0,0,0,0,0
6,223.68629455566406,109.1072998046875,80.49259948730469,20.496599197387695,1.0151000022888184,19.352500915527344,0.010700000450015068,1.4589999914169312,10000,10009,0,10006,0,0,10000,1.416700005531311,3.7070999145507812,26.139799118041992,0,0,0,0,0,0,0,0,0,0,280415344,14,2,189.8677978515625,0.07750000059604645,23.85420036315918,0.3828999996185303,0.024700000882148743,0.1096000000834465,0,0,0,0,0,0,0,0,0,0,0,0,0
7,56.682899475097656,5.368000030517578,48.58720016479492,19.62619972229004,1.542099952697754,4.317500114440918,0.021199999377131462,1.1953999996185303,10000,10009,0,10006,0,0,10000,1.3144999742507935,4.761499881744385,7.821000099182129,0,0,0,0,0,0,0,0,0,0,348544,0,0,54.18470001220703,0.09049999713897705,0.7689999938011169,0.3928999900817871,0.01810000091791153,0.1128000020980835,0,0,0,0,0,0,0,0,0,0,0,0,0
8,83.24469757080078,16.193199157714844,46.83700180053711,20.391700744628906,1.5075000524520874,2.86899995803833,0.013799999840557575,1.139799952507019,10000,10009,0,10006,0,0,10000,1.5880000591278076,3.772599935531616,7.760799884796143,10000,4.259100000001561,1.3684,1,2.3495,0.2096,376832,15,15,1.45,8102248,0,0,63.24549865722656,0.08259999752044678,7.589399814605713,0.3887999951839447,0.019899999722838402,0.1265999972820282,0,0,0,0,0,0,0,0,0,0,0,0,0
9,58.89400100708008,11.976300239562988,39.82389831542969,17.639299392700195,1.0327999591827393,3.174799919128418,0.016699999570846558,1.455899953842163,10000,10009,0,10006,0,0,10000,1.3358999490737915,4.001100063323975,5.05079984664917,10000,2.10430000000001,0.5414,1,0.08,0.0287,376832,15,15,0.658,176096,0,0,51.984798431396484,0.09520000219345093,2.012200117111206,0.37560001015663147,0.025800000876188278,0.12160000205039978,0,0,0,0,0,0,0,0,0,0,0,0,0
10,51.426300048828125,6.612400054931641,38.1796989440918,17.09709930419922,0.8694000244140625,3.324199914932251,0.009999999776482582,1.8740999698638916,10000,10009,0,10006,0,0,10000,1.291100025177002,3.4581000804901123,4.582499980926514,10000,1.8030999999998873,0.5081,1,0.0787,0.028999999999999998,376832,15,15,0.747,8128,0,0,44.9911003112793,0.06610000133514404,1.8803000450134277,0.42890000343322754,0.019700000062584877,0.12449999898672104,0,0,0,0,0,0,0,0,0,0,0,0,0
11,79.17410278320312,21.345699310302734,50.54570007324219,27.270000457763672,1.0202000141143799,2.8078999519348145,0.02070000022649765,1.121000051498413,10000,10009,0,10006,0,0,10000,1.336899995803833,4.5096001625061035,5.783899784088135,10000,2.044699999999939,0.5629,1,0.08180000000000001,0.030699999999999998,376832,15,15,0.6215,25552968,0,0,72.07620239257812,0.11069999635219574,1.933899998664856,0.39500001072883606,0.02590000070631504,0.19679999351501465,0,0,0,0,0,0,0,0,0,0,0,0,0
12,61.99340057373047,14.508700370788574,40.314998626708984,18.178600311279297,0.944599986076355,3.680999994277954,0.01549999974668026,1.3158999681472778,10000,10009,0,10006,0,0,10000,1.3839000463485718,3.862600088119507,4.890500068664551,10000,1.923499999999889,0.5654,1,0.086,0.0292,376832,15,15,0.8719,14269824,1,1,55.00090026855469,0.0754999965429306,2.075200080871582,0.39809998869895935,0.018200000748038292,0.13330000638961792,0,0,0,0,0,0,0,0,0,0,0,0,0
13,87.22419738769531,31.10650062561035,49.262699127197266,20.245800018310547,1.0997999906539917,2.81820011138916,0.01889999955892563,1.118299961090088,10000,10009,0,10006,0,0,10000,1.4119000434875488,3.9804999828338623,6.587600231170654,10000,1.7922999999998948,0.6678,1,0.08130000000000001,0.037,376832,15,15,0.6587,12114352,0,0,80.65380096435547,0.10199999809265137,2.063499927520752,0.38339999318122864,0.0215000007301569,0.12839999794960022,0,0,0,0,0,0,0,0,0,0,0,0,0
14,110.46949768066406,65.14109802246094,38.85380172729492,16.723400115966797,1.0930999517440796,3.8668999671936035,0.011500000022351742,1.2431999444961548,10000,10009,0,10006,0,0,10000,1.7024999856948853,3.188499927520752,5.5640997886657715,10000,1.5710999999998858,0.6669,1,0.0805,0.030100000000000002,376832,15,15,0.7056,31067064,1,1,104.17479705810547,0.07000000029802322,2.025099992752075,0.376800000667572,0.018699999898672104,0.11879999935626984,0,0,0,0,0,0,0,0,0,0,0,0,0
15,34.78099822998047,2.7083001136779785,25.39579963684082,8.65880012512207,0.5024999976158142,2.58240008354187,0.008700000122189522,1.2547999620437622,10000,10009,0,10006,0,0,10000,0.8895999789237976,3.272599935531616,4.08519983291626,10000,1.5849999999998878,0.6379,1,0.0753,0.0286,376832,15,15,0.6273,299544,0,0,28.291799545288086,0.07519999891519547,1.9736000299453735,0.44999998807907104,0.03310000151395798,0.48100000619888306,0,0,0,0,0,0,0,0,0,0,0,0,0
16,37.516998291015625,2.241300106048584,27.407100677490234,9.176600456237793,0.612500011920929,3.310499906539917,0.010999999940395355,1.5318000316619873,10000,10009,0,10006,0,0,10000,0.9345999956130981,3.8559999465942383,4.436699867248535,10000,2.283200000000139,0.6841,1,0.09050000000000001,0.032299999999999995,376832,15,15,0.7512,294976,0,0,29.833900451660156,0.06599999964237213,2.234499931335449,0.3955000042915344,0.01940000057220459,0.1298999935388565,0,0,0,0,0,0,0,0,0,0,0,0,0
17,38.000301361083984,2.5283000469207764,26.483600616455078,5.679699897766113,0.8346999883651733,4.331500053405762,0.01640000008046627,1.7238999605178833,10000,10009,0,10006,0,0,10000,0.9160000085830688,5.048399925231934,4.540599822998047,10000,1.7900999999998346,1.0695,1,0.10869999999999999,0.028999999999999998,376832,15,15,0.8873,277952,0,0,29.168899536132812,0.09830000251531601,3.2190001010894775,0.4528000056743622,0.024900000542402267,0.15189999341964722,0,0,0,0,0,0,0,0,0,0,0,0,0
18,45.87329864501953,2.3901000022888184,33.094200134277344,6.836299896240234,0.7281000018119812,4.700699806213379,0.02250000089406967,2.3064000606536865,10000,10009,0,10006,0,0,10000,1.026900053024292,5.738100051879883,7.436800003051758,10000,2.155199999999834,1.0565,1,0.1376,0.027499999999999997,376832,15,15,1.1231,210464,0,0,35.66740036010742,0.10080000013113022,3.561300039291382,0.5210000276565552,0.02879999950528145,0.16419999301433563,0,0,0,0,0,0,0,0,0,0,0,0,0
19,60.990699768066406,8.429300308227539,40.33679962158203,6.7606000900268555,0.9466999769210815,5.5879998207092285,0.01860000006854534,2.7585999965667725,10000,10009,0,10006,0,0,10000,1.1467000246047974,7.048799991607666,11.03279972076416,10000,2.5876000000000126,1.2936,1,0.1591,0.0436,376832,15,15,1.1719,7776,0,0,48.967498779296875,0.11580000072717667,4.426300048828125,0.5533000230789185,0.02930000051856041,0.2020999938249588,0,0,0,0,0,0,0,0,0,0,0,0,0
20,54.4010009765625,10.315699577331543,35.1526985168457,3.9242000579833984,0.9588000178337097,5.57420015335083,0.012799999676644802,3.772599935531616,10000,10009,0,10006,0,0,10000,0.41110000014305115,6.794899940490723,8.021100044250488,10000,2.0846999999998554,0.6966,1,0.11059999999999998,0.0367,376832,15,15,0.9471,5558016,0,0,45.7234992980957,0.08609999716281891,2.5383999347686768,0.4101000130176544,0.027899999171495438,0.13899999856948853,0,0,0,0,0,0,0,0,0,0,0,0,0
21,44.33620071411133,12.849800109863281,22.087600708007812,2.523699998855591,0.5694000124931335,5.190299987792969,0.00989999994635582,3.940000057220459,10000,10009,0,10006,0,0,10000,0.28189998865127563,1.1079000234603882,4.759799957275391,10000,2.455199999999934,0.8703,1,0.09380000000000001,0.028499999999999998,376832,15,15,0.8707,14243168,0,0,35.11069869995117,0.07349999994039536,3.254199981689453,0.4677000045776367,0.014999999664723873,0.1501999944448471,0,0,0,0,0,0,0,0,0,0,0,0,0
22,45.67900085449219,20.558300018310547,16.680299758911133,2.5281999111175537,0.59170001745224,4.226500034332275,0.013899999670684338,2.9214000701904297,10000,10009,0,10006,0,0,10000,0.24719999730587006,1.0845999717712402,1.9213999509811401,10000,2.387999999999887,0.7023,1,0.091,0.0259,376832,15,15,0.7382,12070256,0,0,37.41600036621094,0.11729999631643295,2.6865999698638916,0.4016000032424927,0.015599999576807022,0.11550000309944153,0,0,0,0,0,0,0,0,0,0,0,0,0
23,71.45709991455078,49.57389831542969,15.722000122070312,1.9462000131607056,0.6748999953269958,1.5492000579833984,0.008799999952316284,0.41449999809265137,10000,10009,0,10006,0,0,10000,0.27070000767707825,1.2967000007629395,7.588900089263916,10000,1.6316999999998496,0.7112,1,0.082,0.0296,376832,15,15,0.866,31059696,1,1,65.43119812011719,0.06279999762773514,1.881100058555603,0.4074999988079071,0.016100000590085983,0.12430000305175781,0,0,0,0,0,0,0,0,0,0,0,0,0
24,16.497299194335938,3.9147000312805176,7.999800205230713,1.7365000247955322,0.4147999882698059,1.1296000480651855,0.009100000374019146,0.4113999903202057,10000,10009,0,10006,0,0,10000,0.22669999301433563,0.7006000280380249,1.5003000497817993,10000,0.4894999999999624,0.6689,1,0.0718,0.032799999999999996,376832,15,15,0.9122,12424,0,0,12.10219955444336,0.05779999867081642,1.4419000148773193,0.4104999899864197,0.01119999960064888,0.11819999665021896,0,0,0,0,0,0,0,0,0,0,0,0,0
25,29.237899780273438,1.506100058555603,8.226799964904785,1.8033000230789185,0.49320000410079956,1.0687999725341797,0.017100000753998756,0.427700012922287,10000,10009,0,10006,0,0,10000,0.2418999969959259,0.7293000221252441,1.5891000032424927,10000,0.5158999999999601,0.5918,1,0.0708,0.0278,376832,15,15,0.6605,7712,0,0,9.858400344848633,0.07660000026226044,1.4134000539779663,0.46560001373291016,0.013500000350177288,15.26669979095459,0,0,0,0,0,0,0,0,0,0,0,0,0
26,34.767601013183594,7.070400238037109,9.33329963684082,2.242799997329712,0.5291000008583069,1.2247999906539917,0.00989999994635582,0.5048999786376953,10000,10009,0,10006,0,0,10000,0.258899986743927,0.9243999719619751,1.7069000005722046,10000,0.7055999999999387,0.8768,1,0.09190000000000001,0.0361,376832,15,15,1.0913,7712,0,0,16.582199096679688,0.05460000038146973,1.9709999561309814,0.46880000829696655,0.012600000016391277,12.625200271606445,0,0,0,0,0,0,0,0,0,0,0,0,0
27,496.2073059082031,364.4012145996094,48.7400016784668,15.283499717712402,0.6895999908447266,15.958800315856934,25.370500564575195,0.4406999945640564,10000,10009,20000,10006,20000,20000,10000,0.27309998869895935,4.205900192260742,1.632099986076355,10000,0.5013999999999612,0.7276,1,0.0703,0.0351,376832,15,15,0.9016,817734296,42,4,413.345703125,42.16360092163086,1.4678000211715698,36.679298400878906,14.797599792480469,0.1111999973654747,0,0,0,0,0,0,0,0,0,0,0,0,0
28,86.09349822998047,44.62049865722656,20.82509994506836,1.9000999927520752,8.627599716186523,4.168000221252441,10.502799987792969,0.4187000095844269,10000,10009,20000,10006,20000,20000,10000,0.21969999372959137,2.2214999198913574,1.5205999612808228,10000,0.5165999999999595,0.5735,1,0.0736,0.029500000000000002,376832,15,15,0.7905,26584,0,0,65.59220123291016,11.484199523925781,1.3341000080108643,5.228600025177002,0.9473999738693237,0.13050000369548798,0.5147,0,5.1309,20.8787,29.7645,0.0004,2.9203,1,1065516,0,0,0,9994
29,24.61079978942871,0.2824000120162964,9.649200439453125,1.6679999828338623,0.4758000075817108,1.3562999963760376,9.464900016784668,0.3806000053882599,10000,10009,20000,10006,20000,20000,10000,0.22990000247955322,2.152400016784668,1.4905999898910522,10000,0.48539999999996286,0.6724,1,0.0696,0.0266,376832,15,15,0.6334,7712,0,0,10.06149959564209,9.516500473022461,1.4420000314712524,1.4182000160217285,0.013299999758601189,0.12359999865293503,0,0,0,0,0,0,0,0,0,0,0,0,0
30,32.0453987121582,7.552599906921387,9.619099617004395,1.6912000179290771,0.5343999862670898,1.4301999807357788,9.574899673461914,0.5134000182151794,10000,10009,20000,10006,20000,20000,10000,0.22020000219345093,2.096400022506714,1.4433000087738037,10000,0.5184999999999592,0.6286,1,0.0746,0.032,376832,15,15,0.7781,1100776,0,0,17.284000396728516,9.625100135803223,1.4621000289916992,1.2597999572753906,0.01510000042617321,0.125,0,0,0,0,0,0,0,0,0,0,0,0,0
31,50.68659973144531,4.570099830627441,14.063199996948242,2.6796000003814697,0.5888000130653381,3.075900077819824,16.02429962158203,0.538100004196167,10000,10009,20000,10006,20000,20000,10000,0.25040000677108765,3.0731000900268555,1.61489999294281,10000,0.9076999999999181,0.9706,1,0.10860000000000002,0.040999999999999995,376832,15,15,0.9551,666792,0,0,18.768999099731445,17.27239990234375,2.3185999393463135,8.741399765014648,1.2005000114440918,0.18230000138282776,0,0,0,0,0,0,0,0,0,0,0,0,0
32,78.92130279541016,23.132299423217773,29.82069969177246,4.136499881744385,7.910099983215332,5.646299839019775,17.914199829101562,0.8197000026702881,10000,10009,20000,10006,20000,20000,10000,0.35499998927116394,4.64709997177124,3.3564999103546143,10000,0.5047999999999607,0.6283,1,0.0688,0.0293,376832,15,15,0.6275,103904,0,0,53.13759994506836,20.567699432373047,1.3877999782562256,1.5547000169754028,2.6057000160217285,0.12919999659061432,0.0113,0,0.1894,6.7614,17.2408,9.9343,0.5199,1,1063518,61921,10000,6276,9999
33,28.48889923095703,0.2750999927520752,10.239399909973145,1.6746000051498413,0.5181999802589417,1.3960000276565552,11.697099685668945,0.37630000710487366,10000,10009,20000,10006,20000,20000,10000,0.24130000174045563,2.755199909210205,1.501099944114685,10000,0.6660999999999432,0.7006,1,0.0884,0.0326,376832,15,15,0.8558,7712,0,0,10.66919994354248,11.757200241088867,1.708400011062622,1.4319000244140625,0.016300000250339508,0.14569999277591705,0,0,0,0,0,0,0,0,0,0,0,0,0
34,47.696800231933594,2.1133999824523926,14.308899879455566,2.844599962234497,0.7111999988555908,1.5365999937057495,22.899999618530273,0.6420000195503235,10000,10009,20000,10006,20000,20000,10000,0.2775000035762787,3.661099910736084,2.15910005569458,10000,1.1171999999998967,0.8587,1,0.1334,0.0499,376832,15,15,1.0558,16072,0,0,16.564899444580078,23.02560043334961,2.3522000312805176,1.5354000329971313,0.03139999881386757,0.15029999613761902,0,0,0,0,0,0,0,0,0,0,0,0,0
35,62.87049865722656,18.226200103759766,24.188100814819336,3.841399908065796,4.4807000160217285,5.853400230407715,10.92650032043457,0.7297000288963318,10000,10009,20000,10006,20000,20000,10000,0.31439998745918274,3.956399917602539,2.341399908065796,10000,0.48599999999996313,0.6985,1,0.07300000000000001,0.029199999999999997,376832,15,15,0.7685,694824,0,0,42.600799560546875,11.51449966430664,1.4457999467849731,4.882999897003174,0.5392000079154968,0.12330000102519989,0.0083,4.489999771118164,0.1138,4.6176,7.2398,2.2077,0.41,1,1056326,63806,10000,6862,9997
36,26.03459930419922,0.27399998903274536,10.472900390625,1.679900050163269,0.5515999794006348,1.6787999868392944,9.84280014038086,0.37779998779296875,10000,10009,20000,10006,20000,20000,10000,0.23729999363422394,2.609499931335449,1.5441999435424805,10000,0.5193999999999591,0.7498,1,0.0732,0.0306,376832,15,15,0.6707,7712,0,0,10.874699592590332,9.907600402832031,1.6007000207901,1.3382999897003174,0.01590000092983246,0.12700000405311584,0,0,0,0,0,0,0,0,0,0,0,0,0
37,38.5161018371582,2.2780001163482666,11.781100273132324,2.186300039291382,0.6121000051498413,1.2994999885559082,16.751100540161133,0.4821999967098236,10000,10009,20000,10006,20000,20000,10000,0.2612000107765198,3.1914000511169434,1.7797000408172607,10000,0.8534999999999238,0.9701,1,0.1078,0.035500000000000004,376832,15,15,0.9483,16072,0,0,14.190199851989746,16.842599868774414,2.3714001178741455,1.6618000268936157,0.017899999395012856,0.1574999988079071,0,0,0,0,0,0,0,0,0,0,0,0,0
38,62.66619873046875,6.950200080871582,19.627500534057617,4.249100208282471,0.8934999704360962,3.3882999420166016,24.239900588989258,0.8079000115394592,10000,10009,20000,10006,20000,20000,10000,0.296999990940094,4.598800182342529,2.6610000133514404,10000,1.0413999999999064,0.7828,1,0.11029999999999998,0.0463,376832,15,15,0.919,758384,0,0,26.74449920654297,24.903099060058594,1.9118000268936157,5.282899856567383,0.618399977684021,0.13529999554157257,0,0,0,0,0,0,0,0,0,0,0,0,0
39,33.39350128173828,0.3172000050544739,12.172499656677246,2.850800037384033,0.5953999757766724,1.5556999444961548,13.957200050354004,0.45879998803138733,10000,10009,20000,10006,20000,20000,10000,0.24289999902248383,2.6475000381469727,1.771399974822998,10000,0.7599999999999333,0.896,1,0.10079999999999999,0.0286,376832,15,15,0.9361,7712,0,0,12.616499900817871,14.01099967956543,2.014899969100952,1.5857000350952148,0.016599999740719795,0.14010000228881836,0,0,0,0,0,0,0,0,0,0,0,0,0
40,43.537200927734375,2.1658999919891357,14.590900421142578,2.799299955368042,0.7419000267982483,1.656599998474121,18.94379997253418,0.6119999885559082,10000,10009,20000,10006,20000,20000,10000,0.30309998989105225,4.052599906921387,2.191699981689453,10000,1.0584999999999056,0.8802,1,0.1218,0.048299999999999996,376832,15,15,1.0165,16072,0,0,16.87849998474121,19.018800735473633,2.145400047302246,1.5236999988555908,0.023399999365210533,0.14910000562667847,0,0,0,0,0,0,0,0,0,0,0,0,0
41,57.915199279785156,9.554900169372559,22.066299438476562,3.2585999965667725,3.7667999267578125,5.6666998863220215,15.94950008392334,0.7373999953269958,10000,10009,20000,10006,20000,20000,10000,0.29919999837875366,4.094699859619141,1.9785000085830688,10000,0.5481999999999561,0.6391,1,0.0735,0.033600000000000005,376832,15,15,0.7094,524320,0,0,31.74690055847168,16.621000289916992,1.4105000495910645,5.68179988861084,0.6315000057220459,0.14399999380111694,0.0076,0,0.1097,4.1042,4.4599,0.0005,0.437,1,1080980,0,0,0,9997
42,28.597700119018555,0.38909998536109924,11.337200164794922,1.8522000312805176,0.5907999873161316,1.263800024986267,10.776700019836426,0.40119999647140503,10000,10009,20000,10006,20000,20000,10000,0.23270000517368317,2.627000093460083,2.363600015640259,10000,0.5942999999999509,0.8057,1,0.0784,0.0334,376832,15,15,0.7408,7712,0,0,11.884499549865723,10.825799942016602,1.7003999948501587,1.61489999294281,0.013399999588727951,0.13729999959468842,0,0,0,0,0,0,0,0,0,0,0,0,0
43,38.94990158081055,2.4755001068115234,14.515000343322754,2.690500020980835,1.0973000526428223,1.6061999797821045,14.541000366210938,0.5256999731063843,10000,10009,20000,10006,20000,20000,10000,0.28450000286102295,3.058300018310547,2.8213000297546387,10000,0.7729999999999313,0.9552,1,0.10590000000000002,0.0326,376832,15,15,1.0628,16072,0,0,17.128299713134766,14.59689998626709,2.110300064086914,1.7583999633789062,0.01549999974668026,0.14319999516010284,0,0,0,0,0,0,0,0,0,0,0,0,0
44,65.59100341796875,15.000300407409668,24.2549991607666,3.6786000728607178,4.474299907684326,6.055600166320801,16.551000595092773,0.7878999710083008,10000,10009,20000,10006,20000,20000,10000,0.33739998936653137,4.0269999504089355,2.3299999237060547,10000,0.5975999999999508,0.6362,1,0.0757,0.03,376832,15,15,0.6801,631432,0,0,39.38719940185547,17.11590003967285,1.4378000497817993,5.20959997177124,0.520799994468689,0.13600000739097595,0.0092,0,0.1262,4.679,7.7312,2.7022,0.4607,1,1092652,67356,10000,8634,9999
45,29.818599700927734,0.3871000111103058,11.36709976196289,1.8188999891281128,0.5827999711036682,1.5748000144958496,11.787300109863281,0.46779999136924744,10000,10009,20000,10006,20000,20000,10000,0.24210000038146973,2.2560999393463135,2.3968000411987305,10000,0.6319999999999467,0.6941,1,0.09889999999999999,0.041,376832,15,15,1.0109,7712,0,0,11.893500328063965,11.833999633789062,1.6058000326156616,1.5305999517440796,0.014999999664723873,0.13699999451637268,0,0,0,0,0,0,0,0,0,0,0,0,0
46,35.80849838256836,2.228600025177002,12.07610034942627,2.4488000869750977,0.7615000009536743,1.320199966430664,14.206600189208984,0.5194000005722046,10000,10009,20000,10006,20000,20000,10000,0.23260000348091125,2.679500102996826,1.9914000034332275,10000,0.7491999999999339,1.0015,1,0.09380000000000001,0.0359,376832,15,15,0.9842,16072,0,0,14.439800262451172,14.262800216674805,2.2309999465942383,1.6757999658584595,0.015699999406933784,0.14730000495910645,0,0,0,0,0,0,0,0,0,0,0,0,0
47,73.74359893798828,21.569299697875977,32.26150131225586,7.817299842834473,6.829500198364258,5.7316999435424805,10.782899856567383,1.2417999505996704,10000,10009,20000,10006,20000,20000,10000,0.2913999855518341,3.779900074005127,2.7943999767303467,10000,0.5208999999999591,0.6247,1,0.0702,0.0232,376832,15,15,0.6967,659888,0,0,53.968299865722656,11.374500274658203,1.354099988937378,4.731299877166748,0.5580000281333923,0.12160000205039978,0.0089,4.370999813079834,0.1224,6.4129,9.5517,2.7818,0.4501,1,1125332,69449,10000,9753,9999
48,26.17639923095703,0.2556000053882599,10.238800048828125,1.6978000402450562,0.5896000266075134,1.5074000358581543,8.494999885559082,0.4636000096797943,10000,10009,20000,10006,20000,20000,10000,0.24570000171661377,2.396399974822998,1.5966999530792236,10000,0.547699999999956,0.7579,1,1.5009,0.0414,376832,15,15,0.7382,7712,0,0,10.600899696350098,8.542099952697754,1.593999981880188,1.5468000173568726,0.014000000432133675,0.15139999985694885,0,0,0,0,0,0,0,0,0,0,0,0,0
49,35.97999954223633,2.901900053024292,13.748100280761719,2.28629994392395,0.7358999848365784,1.3767000436782837,12.385299682617188,0.5016000270843506,10000,10009,20000,10006,20000,20000,10000,0.25040000677108765,3.8085999488830566,2.5274999141693115,10000,0.749799999999934,0.9305,1,0.10750000000000001,0.0429,376832,15,15,1.0426,16072,0,0,16.79960060119629,12.439900398254395,2.012500047683716,1.4805999994277954,0.016300000250339508,0.14399999380111694,0,0,0,0,0,0,0,0,0,0,0,0,0
50,101.26290130615234,6.338200092315674,61.74679946899414,9.203100204467773,12.453100204467773,8.981300354003906,14.112899780273438,4.555200099945068,10000,10009,20000,10006,20000,20000,10000,0.26829999685287476,2.8124001026153564,7.009500026702881,10000,0.48409999999996367,0.7529,1,0.06839999999999999,0.033600000000000005,376832,15,15,0.776,677144,0,0,68.21189880371094,14.589099884033203,6.68209981918335,4.5177001953125,0.4327000081539154,0.1289999932050705,0,0,0,0,0,0,0,0,0,0,0,0,0
51,26.443199157714844,0.5115000009536743,11.385700225830078,1.8169000148773193,0.8432000279426575,1.3473999500274658,9.384400367736816,0.3968000113964081,10000,10009,20000,10006,20000,20000,10000,0.23029999434947968,3.012200117111206,1.8615000247955322,10000,0.5104999999999604,0.6418,1,0.0706,0.0229,376832,15,15,0.701,7712,0,0,12.05739974975586,9.435099601745605,1.437000036239624,1.2340999841690063,0.015399999916553497,0.1111999973654747,0,0,0,0,0,0,0,0,0,0,0,0,0
52,34.38209915161133,4.137400150299072,11.914299964904785,2.3508999347686768,0.8210999965667725,1.7942999601364136,8.992300033569336,0.41019999980926514,10000,10009,20000,10006,20000,20000,10000,0.21739999949932098,2.8406999111175537,1.5463999509811401,10000,0.5530999999999554,0.7526,1,0.0722,0.0314,376832,15,15,0.9424,582608,0,0,16.169599533081055,9.526200294494629,1.539199948310852,4.553100109100342,0.5029000043869019,0.12099999934434891,0,0,0,0,0,0,0,0,0,0,0,0,0
53,52.196800231933594,11.250399589538574,20.45709991455078,3.865600109100342,4.317500114440918,3.518399953842163,12.748499870300293,0.49970000982284546,10000,10009,20000,10006,20000,20000,10000,0.23360000550746918,3.907599925994873,1.8910000324249268,10000,0.7001999999999391,1.0125,1,0.086,0.0315,376832,15,15,0.8844,8048,0,0,31.82830047607422,13.054699897766113,2.0485000610351562,2.3620998859405518,0.2678999900817871,0.13269999623298645,0.0065,0,0.0898,8.1057,8.3828,0.0002,0.3534,1,1150076,0,0,0,9995
54,32.18550109863281,0.48019999265670776,14.557499885559082,2.742000102996826,0.8891000151634216,1.2964999675750732,10.013099670410156,0.5289999842643738,10000,10009,20000,10006,20000,20000,10000,0.2574999928474426,4.454100131988525,2.1828999519348145,10000,0.7937999999999297,0.838,1,0.0929,0.032600000000000004,376832,15,15,0.8956,7712,0,0,15.179400444030762,10.066900253295898,2.1092000007629395,1.627500057220459,0.01730000041425228,0.14839999377727509,0,0,0,0,0,0,0,0,0,0,0,0,0
55,44.71039962768555,2.092400074005127,24.93910026550293,4.0731000900268555,1.4426000118255615,1.6297999620437622,9.503299713134766,0.9581999778747559,10000,10009,20000,10006,20000,20000,10000,0.31949999928474426,4.699399948120117,2.509999990463257,10000,0.9307999999999211,0.8785,1,0.11599999999999999,0.045899999999999996,376832,15,15,1.1791,16072,0,0,27.1781005859375,9.560700416564941,2.0553998947143555,1.7372000217437744,0.017500000074505806,0.612500011920929,0,0,0,0,0,0,0,0,0,0,0,0,0
56,67.777099609375,23.158700942993164,23.627899169921875,3.7056000232696533,5.575099945068359,5.856200218200684,9.259599685668945,0.6789000034332275,10000,10009,20000,10006,20000,20000,10000,0.31209999322891235,2.4486000537872314,2.5845000743865967,10000,1.2416999999998866,0.893,1,0.1478,0.0446,376832,15,15,1.236,616552,0,0,46.91019821166992,10.000100135803223,2.4893999099731445,3.892199993133545,0.6944000124931335,0.13750000298023224,0.0096,5.513299942016602,0.1246,5.8336,9.8967,3.6914,0.5456,1,1188398,78041,10000,12026,9996
57,23.65760040283203,0.2533000111579895,11.190299987792969,2.27020001411438,0.8580999970436096,1.313099980354309,5.830100059509277,0.47099998593330383,10000,10009,20000,10006,20000,20000,10000,0.22519999742507935,1.8580000400543213,2.120300054550171,10000,0.6732999999999423,0.8012,1,0.0975,0.0408,376832,15,15,0.9936,7712,0,0,11.565899848937988,5.87060022354126,1.7418999671936035,1.5126999616622925,0.014299999922513962,0.13619999587535858,0,0,0,0,0,0,0,0,0,0,0,0,0
58,35.1255989074707,4.245100021362305,13.274499893188477,2.931999921798706,0.9068999886512756,2.065500020980835,6.612299919128418,0.6360999941825867,10000,10009,20000,10006,20000,20000,10000,0.2460000067949295,2.0977001190185547,2.037100076675415,10000,0.8535999999999233,0.9213,1,0.10609999999999999,0.0379,376832,15,15,0.8873,529264,0,0,17.640600204467773,6.991099834442139,1.962499976158142,5.181700229644775,0.3467999994754791,0.16979999840259552,0,0,0,0,0,0,0,0,0,0,0,0,0
59,65.54850006103516,35.292301177978516,18.3843994140625,3.1259000301361084,4.151199817657471,3.643399953842163,5.6691999435424805,0.6355000138282776,10000,10009,20000,10006,20000,20000,10000,0.28369998931884766,1.9630999565124512,2.3141000270843506,10000,0.5555999999999551,0.6584,1,0.07469999999999999,0.0274,376832,15,15,0.9379,99560,0,0,53.85319900512695,5.897600173950195,1.4081000089645386,1.7696000337600708,0.2020999938249588,0.11990000307559967,0.0117,8.660499572753906,0.1547,19.4403,22.3119,2.533,0.3707,1,1233344,82577,10000,13653,9999
60,20.715499877929688,0.3010999858379364,9.241000175476074,1.8140000104904175,0.6880999803543091,1,5.183700084686279,0.4041000008583069,10000,10009,20000,10006,20000,20000,10000,0.30399999022483826,1.4610999822616577,1.7402000427246094,10000,0.5562999999999552,0.6309,1,0.07450000000000001,0.0288,376832,15,15,0.8312,7712,0,0,9.656299591064453,5.237199783325195,1.5861999988555908,1.7244999408721924,0.02539999969303608,0.13279999792575836,0,0,0,0,0,0,0,0,0,0,0,0,0
61,25.734100341796875,2.031599998474121,11.178400039672852,2.4621999263763428,0.8291000127792358,1.3914999961853027,5.971700191497803,0.48030000925064087,10000,10009,20000,10006,20000,20000,10000,0.2476000040769577,1.8878999948501587,1.9204000234603882,10000,0.6813999999999413,0.8595,1,0.08639999999999999,0.0316,376832,15,15,0.8008,15952,0,0,13.337800025939941,6.014400005340576,1.8206000328063965,1.7766000032424927,0.01510000042617321,0.147599995136261,0,0,0,0,0,0,0,0,0,0,0,0,0
62,37.227500915527344,4.0920000076293945,14.908499717712402,2.984800100326538,0.8795999884605408,2.438800096511841,7.614999771118164,0.5852000117301941,10000,10009,20000,10006,20000,20000,10000,0.2842000126838684,2.702500104904175,2.720900058746338,10000,0.8414999999999249,0.9765,1,0.10829999999999998,0.0327,376832,15,15,1.1093,608136,0,0,19.152099609375,8.043700218200684,2.124300003051758,4.364200115203857,0.3930000066757202,0.15389999747276306,0,0,0,0,0,0,0,0,0,0,0,0,0
63,48.18550109863281,13.409500122070312,16.385099411010742,3.532599925994873,1.3342000246047974,1.842900037765503,9.263999938964844,0.7325999736785889,10000,10009,20000,10006,20000,20000,10000,0.3070000112056732,3.009999990463257,3.0239999294281006,10000,1.057199999999902,1.4519,1,0.11470000000000001,0.0329,376832,15,15,1.1071,84192,0,0,29.946699142456055,9.3233003616333,2.946700096130371,1.9622999429702759,0.018200000748038292,0.17139999568462372,0,0,0,0,0,0,0,0,0,0,0,0,0
64,38.9557991027832,0.3334999978542328,17.05590057373047,4.059500217437744,1.2383999824523926,1.8823000192642212,10.26360034942627,0.9164999723434448,10000,10009,20000,10006,20000,20000,10000,0.3450999855995178,2.9047000408172607,2.9725000858306885,10000,1.2575999999998861,1.5096,1,0.16110000000000002,0.0498,376832,15,15,1.4878,7712,0,0,17.55190086364746,10.328100204467773,3.2453999519348145,2.2679998874664307,0.023800000548362732,0.6793000102043152,0,0,0,0,0,0,0,0,0,0,0,0,0
65,33.65919876098633,2.7207000255584717,15.063899993896484,3.06850004196167,1.323099970817566,1.7735999822616577,8.259699821472168,0.5972999930381775,10000,10009,20000,10006,20000,20000,10000,0.38580000400543213,2.6902999877929688,2.6082000732421875,10000,0.906599999999917,0.978,1,0.09690000000000001,0.0394,376832,15,15,1.1901,15952,0,0,17.949899673461914,8.329500198364258,2.0562000274658203,1.5145000219345093,0.02250000089406967,0.13040000200271606,0,0,0,0,0,0,0,0,0,0,0,0,0
66,45.120601654052734,13.499600410461426,15.03279972076416,3.081199884414673,1.0037000179290771,2.3966000080108643,6.999599933624268,0.7717000246047974,10000,10009,20000,10006,20000,20000,10000,0.4717999994754791,2.6136999130249023,2.33870005607605,10000,0.7401999999999348,1.0157,1,0.0746,0.031100000000000003,376832,15,15,0.7853,554064,1,1,28.668800354003906,7.384500026702881,2.148900032043457,4.019000053405762,0.3481000065803528,0.11940000206232071,0,0,0,0,0,0,0,0,0,0,0,0,0
67,43.0161018371582,8.973400115966797,20.011600494384766,2.5752999782562256,4.424499988555908,4.076700210571289,7.286499977111816,0.4832000136375427,10000,10009,20000,10006,20000,20000,10000,0.26499998569488525,4.0903000831604,1.9631999731063843,10000,0.6481999999999449,0.77,1,0.06899999999999999,0.0253,376832,15,15,0.7947,25352,0,0,29.263200759887695,7.5441999435424805,1.7201999425888062,1.739799976348877,0.21310000121593475,0.13699999451637268,0.0099,0,0.129,6.1314,6.3981,0.0006,0.3647,1,1283696,0,0,0,9995
68,24.87190055847168,0.21780000627040863,10.770500183105469,2.1823999881744385,0.8759999871253967,1.1435999870300293,5.366700172424316,0.46939998865127563,10000,10009,20000,10006,20000,20000,10000,0.2190999984741211,1.8221999406814575,2.0739998817443848,10000,0.7614999999999335,0.8981,1,0.07300000000000001,0.0391,376832,15,15,1.0311,7712,0,0,11.108799934387207,5.416900157928467,1.7802000045776367,3.335200071334839,0.018699999898672104,0.13699999451637268,0,0,0,0,0,0,0,0,0,0,0,0,0
69,35.675899505615234,4.507500171661377,14.630599975585938,3.6693999767303467,0.9269999861717224,2.330899953842163,8.355400085449219,0.5853999853134155,10000,10009,20000,10006,20000,20000,10000,0.29589998722076416,2.2525999546051025,2.051100015640259,10000,0.6954999999999399,0.7133,1,0.06949999999999999,0.035,376832,15,15,0.7847,566752,0,0,19.2903995513916,8.793399810791016,1.6308000087738037,3.0826001167297363,0.3968999981880188,0.15970000624656677,0,0,0,0,0,0,0,0,0,0,0,0,0
70,42.09809875488281,10.633399963378906,18.410600662231445,3.0199999809265137,4.597700119018555,3.536099910736084,6.310200214385986,0.5365999937057495,10000,10009,20000,10006,20000,20000,10000,0.27549999952316284,1.9318000078201294,2.276900053024292,10000,0.6729999999999423,0.7818,1,0.07039999999999999,0.0298,376832,15,15,0.816,58976,0,0,29.169099807739258,6.541600227355957,1.7903000116348267,1.8202999830245972,0.19990000128746033,0.12359999865293503,0.0089,0,0.0958,4.253,7.0293,2.4801,0.4179,1,1336698,97143,10000,17212,9999
71,25.5935001373291,0.23649999499320984,12.723699569702148,2.7527999877929688,0.9970999956130981,1.5025999546051025,6.383200168609619,0.5508999824523926,10000,10009,20000,10006,20000,20000,10000,0.2816999852657318,2.2472000122070312,2.2448999881744385,10000,0.7059999999999385,0.8123,1,0.0725,0.032600000000000004,376832,15,15,0.8819,7712,0,0,13.08240032196045,6.428500175476074,1.7675000429153442,1.4270000457763672,0.01489999983459711,0.14419999718666077,0,0,0,0,0,0,0,0,0,0,0,0,0
72,30.678199768066406,3.1201999187469482,13.61620044708252,2.8768999576568604,1.1679999828338623,1.3753000497817993,6.389599800109863,0.8184999823570251,10000,10009,20000,10006,20000,20000,10000,0.6123999953269958,2.067199945449829,2.3080999851226807,10000,0.6916999999999401,0.7734,1,0.0719,0.0407,376832,15,15,1.0053,15952,0,0,16.872499465942383,6.437099933624268,1.8614000082015991,1.492799997329712,0.015599999576807022,1.121000051498413,0,0,0,0,0,0,0,0,0,0,0,0,0
73,60.33869934082031,22.890899658203125,21.9237003326416,4.288000106811523,5.692399978637695,4.200799942016602,6.573500156402588,0.5551000237464905,10000,10009,20000,10006,20000,20000,10000,0.21570000052452087,2.0434000492095947,2.5071001052856445,10000,0.7164999999999374,0.7729,1,0.0731,0.0319,376832,15,15,0.8243,586248,0,0,44.940799713134766,7.10129976272583,1.767199993133545,3.626699924468994,0.4921000003814697,0.16769999265670776,0.011,7.515900135040283,0.103,5.46,8.6391,2.9009,0.3694,1,1404974,104790,10000,19233,9998
74,28.756200790405273,0.24899999797344208,14.108799934387207,2.831399917602539,1.5140999555587769,1.322100043296814,7.662099838256836,0.6227999925613403,10000,10009,20000,10006,20000,20000,10000,0.2711000144481659,2.2578999996185303,2.91510009765625,10000,0.7609999999999328,0.7277,1,0.0776,0.0346,376832,15,15,0.9195,7712,0,0,14.484000205993652,7.714000225067139,1.8667999505996704,1.5473999977111816,0.01640000008046627,0.14579999446868896,0,0,0,0,0,0,0,0,0,0,0,0,0
75,31.491500854492188,2.2214999198913574,14.547900199890137,3.1463000774383545,0.9890000224113464,1.6007000207901,7.5218000411987305,0.8672000169754028,10000,10009,20000,10006,20000,20000,10000,0.25130000710487366,2.197000026702881,2.657099962234497,10000,0.8625999999999217,0.8287,1,0.0849,0.032100000000000004,376832,15,15,0.892,15952,0,0,16.914100646972656,7.56879997253418,2.0420000553131104,1.6377999782562256,0.015799999237060547,0.1762000024318695,0,0,0,0,0,0,0,0,0,0,0,0,0
76,45.06480026245117,6.040299892425537,16.26810073852539,3.838099956512451,1.0846999883651733,2.3268001079559326,10.221099853515625,0.7817999720573425,10000,10009,20000,10006,20000,20000,10000,0.34299999475479126,3.103300094604492,2.2785000801086426,10000,1.1222999999998966,1.1674,1,0.10450000000000001,0.0454,376832,15,15,1.0827,576992,0,0,22.45039939880371,10.626799583435059,2.677999973297119,5.173099994659424,0.3702999949455261,0.18809999525547028,0,0,0,0,0,0,0,0,0,0,0,0,0
77,39.0452995300293,0.5019999742507935,18.850500106811523,4.091800212860107,1.649399995803833,2.4440999031066895,10.370200157165527,0.7914000153541565,10000,10009,20000,10006,20000,20000,10000,0.320499986410141,2.9228999614715576,3.444200038909912,10000,1.137999999999895,1.1192,1,0.1194,0.0395,376832,15,15,1.118,7712,0,0,19.52739906311035,10.429400444030762,2.6700000762939453,2.1926000118255615,0.020099999383091927,0.16359999775886536,0,0,0,0,0,0,0,0,0,0,0,0,0
78,39.55739974975586,2.3961000442504883,17.86669921875,4.095300197601318,1.4042999744415283,2.066200017929077,10.10260009765625,0.8324000239372253,10000,10009,20000,10006,20000,20000,10000,0.41350001096725464,3.015500068664551,3.29830002784729,10000,1.2196999999998956,1.0442,1,0.1049,0.0421,376832,15,15,1.1238,15952,0,0,20.43090057373047,10.155599594116211,2.562999963760376,2.0592000484466553,0.01759999990463257,0.14880000054836273,0,0,0,0,0,0,0,0,0,0,0,0,0
79,48.87779998779297,11.820500373840332,23.218900680541992,3.904599905014038,4.920199871063232,5.374300003051758,5.87470006942749,0.6481999754905701,10000,10009,20000,10006,20000,20000,10000,0.2904999852180481,2.473400115966797,2.562000036239624,10000,0.5443999999999568,0.6998,1,0.0598,0.0318,376832,15,15,0.9232,546104,0,0,35.19309997558594,6.417200088500977,1.5398000478744507,3.0836000442504883,0.4636000096797943,0.14149999618530273,0.0101,0,0.115,6.0967,6.4015,0.0003,0.3495,1,1468136,0,0,0,9995
80,22.016399383544922,0.19789999723434448,10.821999549865723,2.1124000549316406,1.1119999885559082,1.1401000022888184,4.9604997634887695,0.4388999938964844,10000,10009,20000,10006,20000,20000,10000,0.20430000126361847,1.6360000371932983,2.236799955368042,10000,0.5742999999999534,0.7463,1,0.0605,0.0334,376832,15,15,0.7578,7712,0,0,11.20930004119873,4.9984002113342285,1.7450000047683716,1.4118000268936157,0.014499999582767487,0.23109999299049377,0,0,0,0,0,0,0,0,0,0,0,0,0
81,31.790199279785156,4.043099880218506,12.023799896240234,2.636399984359741,0.8270999789237976,1.9450000524520874,6.0071001052856445,0.49559998512268066,10000,10009,20000,10006,20000,20000,10000,0.2353000044822693,1.9539999961853027,1.8940000534057617,10000,0.6762999999999423,0.7877,1,0.0699,0.0335,376832,15,15,0.9268,524112,0,0,16.23419952392578,6.32859992980957,1.7984999418258667,4.544000148773193,0.29409998655319214,0.16009999811649323,0,0,0,0,0,0,0,0,0,0,0,0,0
82,48.70989990234375,13.35830020904541,18.595600128173828,3.0829999446868896,4.539999961853027,3.597100019454956,7.991799831390381,0.6040999889373779,10000,10009,20000,10006,20000,20000,10000,0.21809999644756317,2.212599992752075,2.21560001373291,10000,0.9943999999999138,1.0082,1,0.09480000000000001,0.0432,376832,15,15,1.1186,66176,0,0,32.096900939941406,8.339400291442871,2.309499979019165,2.1136999130249023,0.3172000050544739,0.15770000219345093,0.0092,0,0.1001,5.9487,9.8212,3.597,0.3197,1,1548328,126396,10000,24768,9998
83,36.393001556396484,0.28600001335144043,16.616100311279297,4.392000198364258,1.371999979019165,1.6425000429153442,9.68809986114502,0.6983000040054321,10000,10009,20000,10006,20000,20000,10000,0.27399998903274536,2.954900026321411,2.802500009536743,10000,1.0627999999999012,1.399,1,0.1009,0.039400000000000004,376832,15,15,1.3047,7712,0,0,17.039899826049805,9.744600296020508,3.197200059890747,2.2214999198913574,0.018400000408291817,0.17270000278949738,0,0,0,0,0,0,0,0,0,0,0,0,0
84,38.6254997253418,2.409899950027466,17.184200286865234,3.990600109100342,1.1780999898910522,2.1138999462127686,10.185600280761719,0.7888000011444092,10000,10009,20000,10006,20000,20000,10000,0.3659000098705292,3.026099920272827,3.184000015258789,10000,1.1335999999998965,1.0862,1,0.1038,0.0429,376832,15,15,1.1117,15952,0,0,19.734600067138672,10.233799934387207,2.583400011062622,1.9328999519348145,0.01730000041425228,0.17759999632835388,0,0,0,0,0,0,0,0,0,0,0,0,0
85,59.04029846191406,27.150400161743164,19.545700073242188,3.2253000736236572,4.801799774169922,3.7715001106262207,4.718100070953369,0.49079999327659607,10000,10009,20000,10006,20000,20000,10000,0.2198999971151352,1.6693999767303467,2.9870998859405518,10000,0.419899999999971,0.64,1,0.0603,0.0274,376832,15,15,0.7768,620264,0,0,46.83000183105469,5.117300033569336,1.957900047302246,2.8225998878479004,0.37529999017715454,0.12430000305175781,0.0114,6.618299961090088,0.1353,8.3842,13.4347,4.6676,0.431,1,1620612,133101,10000,26421,9996
86,20.337400436401367,0.18970000743865967,9.793700218200684,1.9315999746322632,0.8575000166893005,0.9991999864578247,4.8572001457214355,0.4032000005245209,10000,10009,20000,10006,20000,20000,10000,0.20260000228881836,1.7204999923706055,1.9234999418258667,10000,0.5283999999999582,0.8494,1,0.059199999999999996,0.0323,376832,15,15,0.8915,7712,0,0,10.076199531555176,4.900300025939941,1.5891000032424927,1.3151999711990356,0.015300000086426735,0.12099999934434891,0,0,0,0,0,0,0,0,0,0,0,0,0
87,24.70949935913086,2.0457000732421875,11.391500473022461,2.1359000205993652,0.8356000185012817,2.0515999794006348,5.539000034332275,0.4722000062465668,10000,10009,20000,10006,20000,20000,10000,0.2468000054359436,1.7513999938964844,2.0211000442504883,10000,0.6941999999999412,0.6501,1,0.0659,0.0316,376832,15,15,0.776,15952,0,0,13.547900199890137,5.586999893188477,1.5319000482559204,1.301800012588501,0.01640000008046627,0.13660000264644623,0,0,0,0,0,0,0,0,0,0,0,0,0
88,33.77899932861328,5.641600131988525,12.495699882507324,2.7648000717163086,0.904699981212616,1.8285000324249268,6.703800201416016,0.5088000297546387,10000,10009,20000,10006,20000,20000,10000,0.2393999993801117,2.096400022506714,1.9979000091552734,10000,0.7813999999999307,0.8441,1,0.0784,0.0373,376832,15,15,0.8828,708768,0,0,18.239700317382812,7.128300189971924,1.9422999620437622,3.3798000812530518,0.3919000029563904,0.14010000228881836,0,0,0,0,0,0,0,0,0,0,0,0,0
89,34.4827995300293,0.25940001010894775,17.22439956665039,3.4419000148773193,1.4002000093460083,2.1389000415802,8.73840045928955,0.9745000004768372,10000,10009,20000,10006,20000,20000,10000,0.2662000060081482,2.563499927520752,3.729599952697754,10000,1.0259999999999043,1.0182,1,0.09790000000000001,0.0389,376832,15,15,1.0069,7712,0,0,17.6072998046875,8.793299674987793,2.4131999015808105,1.8593000173568726,0.018300000578165054,0.17090000212192535,0,0,0,0,0,0,0,0,0,0,0,0,0
90,47.35210037231445,4.861800193786621,18.727399826049805,4.280300140380859,1.22160005569458,2.378499984741211,10.311200141906738,0.8282999992370605,10000,10009,20000,10006,20000,20000,10000,0.3400999903678894,3.2058000564575195,3.505500078201294,10000,1.1288999999998959,1.3372,1,0.10419999999999999,0.0375,376832,15,15,1.181,458560,0,0,23.741899490356445,10.656399726867676,3.164299964904785,5.557199954986572,0.31040000915527344,0.20839999616146088,0,0,0,0,0,0,0,0,0,0,0,0,0
91,57.22140121459961,13.327799797058105,24.083499908447266,4.231800079345703,5.672699928283691,4.246099948883057,11.60200023651123,0.7876999974250793,10000,10009,20000,10006,20000,20000,10000,0.3345000147819519,3.1098999977111816,3.165800094604492,10000,0.9473999999999123,0.8918,1,0.08270000000000001,0.036699999999999997,376832,15,15,0.9828,8048,0,0,37.577701568603516,12.062100410461426,2.1956000328063965,1.8259999752044678,0.30820000171661377,0.13220000267028809,0.0135,0,0.1382,9.8791,10.2667,0.0006,0.4106,1,1686142,0,0,0,9994
92,26.35890007019043,0.20829999446868896,11.770700454711914,2.231100082397461,0.9287999868392944,1.3675999641418457,7.105899810791016,0.4632999897003174,10000,10009,20000,10006,20000,20000,10000,0.24410000443458557,2.2291998863220215,2.501499891281128,10000,1.0874999999998987,0.7685,1,0.07550000000000001,0.0332,376832,15,15,0.8313,7832,0,0,12.077199935913086,7.132599830627441,1.8271000385284424,1.5506000518798828,0.00860000029206276,0.13899999856948853,0,0,0,0,0,0,0,0,0,0,0,0,0
93,37.24850082397461,2.0696001052856445,15.42870044708252,3.3129000663757324,1.0684000253677368,1.6265000104904175,10.039600372314453,0.6480000019073486,10000,10009,20000,10006,20000,20000,10000,0.27459999918937683,3.2516000270843506,2.9356000423431396,10000,1.609499999999852,1.0153,1,0.10250000000000001,0.0429,376832,15,15,1.1163,15952,0,0,17.6117000579834,10.06779956817627,2.495699882507324,2.266400098800659,0.008899999782443047,0.262800008058548,0,0,0,0,0,0,0,0,0,0,0,0,0
94,42.90850067138672,4.619999885559082,17.14739990234375,3.7806999683380127,1.2913999557495117,2.413100004196167,9.41100025177002,0.6628000140190125,10000,10009,20000,10006,20000,20000,10000,0.33820000290870667,2.552799940109253,3.35509991645813,10000,1.3890999999998712,1.8397,1,0.08449999999999999,0.0395,376832,15,15,1.3312,590600,0,0,21.93589973449707,9.805800437927246,3.0525999069213867,3.6566998958587646,0.3743000030517578,0.14139999449253082,0,0,0,0,0,0,0,0,0,0,0,0,0
95,54.53450012207031,18.6382999420166,22.010799407958984,3.3519999980926514,5.952700138092041,3.449199914932251,7.4816999435424805,0.5561000108718872,10000,10009,20000,10006,20000,20000,10000,0.30559998750686646,2.5125999450683594,3.0708000659942627,10000,0.8605999999999215,0.6882,1,0.0621,0.0315,376832,15,15,0.7058,71904,0,0,40.760398864746094,7.720900058746338,1.483199954032898,1.589400053024292,0.21770000457763672,0.17159999907016754,0.0109,0,0.0857,10.5031,14.9359,4.1174,0.4142,1,1772568,157057,10000,32314,9999
96,24.836599349975586,0.2694000005722046,12.294300079345703,2.4921000003814697,1.132599949836731,1.0670000314712524,6.069699764251709,0.4352000057697296,10000,10009,20000,10006,20000,20000,10000,0.22599999606609344,1.9113999605178833,2.872999906539917,10000,0.9911999999999085,0.7302,1,0.06359999999999999,0.0292,376832,15,15,0.8162,7712,0,0,12.6850004196167,6.094600200653076,1.5598000288009644,1.2668999433517456,0.00800000037997961,0.24089999496936798,0,0,0,0,0,0,0,0,0,0,0,0,0
97,64.15560150146484,21.435400009155273,26.243200302124023,5.919000148773193,7.5644001960754395,4.164999961853027,7.252799987792969,0.743399977684021,10000,10009,20000,10006,20000,20000,10000,0.22589999437332153,1.8626999855041504,3.052999973297119,10000,1.1243999999998961,0.8039,1,0.0754,0.038400000000000004,376832,15,15,1.0328,595712,0,0,47.78670120239258,7.7870001792907715,1.832800030708313,3.2177000045776367,0.5175999999046326,0.15109999477863312,0.0077,4.906000137329102,0.084,5.9041,9.4788,3.3496,0.354,1,1841812,159656,10000,33053,9998
98,30.850000381469727,0.25429999828338623,13.882699966430664,3.1041998863220215,0.9430000185966492,1.450700044631958,8.681099891662598,0.574999988079071,10000,10009,20000,10006,20000,20000,10000,0.2825999855995178,2.6893999576568604,2.721400022506714,10000,1.3658999999998742,0.8968,1,0.08850000000000001,0.0387,376832,15,15,0.9245,7712,0,0,14.237500190734863,8.711999893188477,2.20770001411438,1.7791999578475952,0.008200000040233135,0.16300000250339508,0,0,0,0,0,0,0,0,0,0,0,0,0
99,39.74449920654297,2.0968000888824463,16.849300384521484,4.0142998695373535,1.167199969291687,1.7552000284194946,11.260899543762207,0.7699000239372253,10000,10009,20000,10006,20000,20000,10000,0.35420000553131104,2.831899881362915,3.36299991607666,10000,1.6334999999998494,1.1624,1,0.10289999999999999,0.0395,376832,15,15,1.0888,15952,0,0,19.04640007019043,11.291000366210938,2.6677000522613525,2.0662999153137207,0.00989999994635582,0.2084999978542328,0,0,0,0,0,0,0,0,0,0,0,0,0
100,45.81449890136719,7.1996002197265625,18.52079963684082,4.494500160217285,1.3808000087738037,2.90120005607605,11.078499794006348,0.7807999849319458,10000,10009,20000,10006,20000,20000,10000,0.3472000062465668,2.8578999042510986,3.0481998920440674,10000,1.2453999999998877,0.8397,1,0.07549999999999998,0.033800000000000004,376832,15,15,0.8629,580944,0,0,25.849300384521484,11.436599731445312,1.8421000242233276,2.9370999336242676,0.33730000257492065,0.13840000331401825,0,0,0,0,0,0,0,0,0,0,0,0,0
101,23.50830078125,0.1987999975681305,10.697099685668945,2.182499885559082,0.9509999752044678,1.0688999891281128,6.565800189971924,0.41690000891685486,10000,10009,20000,10006,20000,20000,10000,0.20839999616146088,1.7444000244140625,2.2955000400543213,10000,0.9542999999999113,0.708,1,0.0676,0.0317,376832,15,15,0.7423,7712,0,0,10.97130012512207,6.591400146484375,1.6306999921798706,1.4035999774932861,0.008799999952316284,0.1387999951839447,0,0,0,0,0,0,0,0,0,0,0,0,0
102,38.65010070800781,4.538899898529053,15.267800331115723,3.147900104522705,1.0857000350952148,2.294300079345703,8.810999870300293,0.5425999760627747,10000,10009,20000,10006,20000,20000,10000,0.27630001306533813,2.0905001163482666,3.55649995803833,10000,1.261099999999884,0.8428,1,0.0834,0.0346,376832,15,15,0.9009,586864,0,0,19.899599075317383,9.176300048828125,2.056299924850464,3.8304998874664307,0.3456999957561493,0.1542000025510788,0,0,0,0,0,0,0,0,0,0,0,0,0
103,67.15039825439453,10.688300132751465,41.201698303222656,4.696800231933594,5.848100185394287,18.349199295043945,8.51449966430664,1.1378999948501587,10000,10009,20000,10006,20000,20000,10000,0.4894999861717224,4.4720001220703125,3.09089994430542,10000,0.9227999999999159,0.5746,1,0.07390000000000001,0.0382,376832,15,15,1.0591,8048,0,0,52.000099182128906,8.769800186157227,1.46589994430542,1.5985000133514404,0.22380000352859497,0.131400004029274,0.0094,0,0.1149,8.0471,8.3461,0.0005,0.3327,1,1902608,0,0,0,9990
104,23.65679931640625,0.16179999709129333,11.63230037689209,1.968500018119812,0.791100025177002,2.231300115585327,6.375999927520752,0.3982999920845032,10000,10009,20000,10006,20000,20000,10000,0.3037000000476837,1.976199984550476,2.179800033569336,10000,0.7935999999999299,0.666,1,0.060300000000000006,0.028999999999999998,376832,15,15,0.7356,7712,0,0,11.880999565124512,6.401599884033203,1.4225000143051147,1.320099949836731,0.00800000037997961,0.15629999339580536,0,0,0,0,0,0,0,0,0,0,0,0,0
105,25.83489990234375,2.2230000495910645,12.399299621582031,2.3798999786376953,1.0698000192642212,2.065500020980835,5.8495001792907715,0.4196000099182129,10000,10009,20000,10006,20000,20000,10000,0.2493000030517578,1.6963000297546387,2.546600103378296,10000,0.8431999999999235,0.5886,1,0.0663,0.028200000000000003,376832,15,15,0.6957,15952,0,0,14.723600387573242,5.871099948883057,1.368899941444397,1.2223000526428223,0.007400000002235174,0.13650000095367432,0,0,0,0,0,0,0,0,0,0,0,0,0
106,53.85490036010742,16.117300033569336,18.976600646972656,2.9763998985290527,4.242700099945068,4.570499897003174,8.353899955749512,0.545799970626831,10000,10009,20000,10006,20000,20000,10000,0.31450000405311584,2.0708000659942627,2.1928000450134277,10000,1.3209999999998787,0.8748,1,0.0854,0.0322,376832,15,15,0.909,520664,0,0,35.179500579833984,8.850899696350098,2.128999948501587,3.8241000175476074,0.4794999957084656,0.25220000743865967,0.0044,0,0.0857,6.2745,10.2953,3.7963,0.2972,1,1990012,175596,10000,37805,9998
107,37.8223991394043,0.2451999932527542,17.256000518798828,4.086299896240234,1.2798999547958374,1.8402999639511108,11.192099571228027,0.7712000012397766,10000,10009,20000,10006,20000,20000,10000,0.329800009727478,3.078000068664551,3.418600082397461,10000,1.653899999999847,1.0536,1,0.10209999999999998,0.038900000000000004,376832,15,15,1.0566,7712,0,0,17.61199951171875,11.22189998626709,2.530900001525879,1.8425999879837036,0.00839999970048666,0.16760000586509705,0,0,0,0,0,0,0,0,0,0,0,0,0
108,40.86629867553711,2.3294999599456787,18.051599502563477,4.186100006103516,1.8939000368118286,1.8149000406265259,11.231300354003906,0.7853999733924866,10000,10009,20000,10006,20000,20000,10000,0.38280001282691956,2.858099937438965,3.668299913406372,10000,1.62489999999985,1.0445,1,0.1033,0.0441,376832,15,15,1.0934,15952,0,0,20.48509979248047,11.260000228881836,2.5408999919891357,1.9622999429702759,0.009100000374019146,0.1712000072002411,0,0,0,0,0,0,0,0,0,0,0,0,0
109,67.53510284423828,32.69150161743164,23.060699462890625,4.445400238037109,5.317399978637695,4.747700214385986,5.2891998291015625,0.7225000262260437,10000,10009,20000,10006,20000,20000,10000,0.3440000116825104,1.7301000356674194,3.170300006866455,10000,0.6855999999999408,0.5019,1,0.0516,0.025,376832,15,15,0.5948,654408,0,0,55.85749816894531,5.723199844360352,1.139299988746643,2.608099937438965,0.4185999929904938,0.11479999870061874,0.0062,7.113100051879883,0.1429,11.3081,18.1386,6.456,0.4264,1,2055408,173845,10000,37088,9999
110,20.751100540161133,0.16910000145435333,9.8503999710083,1.8034000396728516,0.8421000242233276,1.201300024986267,5.079999923706055,0.3806999921798706,10000,10009,20000,10006,20000,20000,10000,0.23170000314712524,1.4962999820709229,2.2488999366760254,10000,0.7914999999999301,0.7331,1,0.059399999999999994,0.0286,376832,15,15,0.8707,7712,0,0,10.10990047454834,5.100299835205078,1.503100037574768,1.3001999855041504,0.006599999964237213,0.12950000166893005,0,0,0,0,0,0,0,0,0,0,0,0,0
111,38.313201904296875,6.301400184631348,13.325300216674805,2.992300033569336,0.875,2.183199882507324,8.285499572753906,0.5245000123977661,10000,10009,20000,10006,20000,20000,10000,0.2921999990940094,2.3041999340057373,2.1150999069213867,10000,1.3564999999998761,0.9388,1,0.0891,0.0417,376832,15,15,0.9646,533560,0,0,19.71419906616211,8.663299560546875,2.2358999252319336,3.7095999717712402,0.35839998722076416,0.16779999434947968,0,0,0,0,0,0,0,0,0,0,0,0,0
112,37.825199127197266,0.24609999358654022,17.183300018310547,4.190299987792969,1.2253999710083008,1.840999960899353,11.13070011138916,0.7735000252723694,10000,10009,20000,10006,20000,20000,10000,0.271699994802475,2.8180999755859375,3.5724000930786133,10000,1.6442999999998482,1.028,1,0.10170000000000001,0.0381,376832,15,15,1.104,7712,0,0,17.533000946044922,11.15939998626709,2.603800058364868,1.892199993133545,0.009800000116229057,0.17270000278949738,0,0,0,0,0,0,0,0,0,0,0,0,0
113,47.18450164794922,5.4756999015808105,18.523399353027344,4.424300193786621,1.3573999404907227,2.667799949645996,11.224499702453613,0.7634000182151794,10000,10009,20000,10006,20000,20000,10000,0.33169999718666077,2.8891000747680664,3.430999994277954,10000,1.7097999999998472,1.0459,1,0.104,0.0427,376832,15,15,1.1085,556648,0,0,24.103599548339844,11.612799644470215,2.6442999839782715,4.069399833679199,0.36970001459121704,0.1720999926328659,0,0,0,0,0,0,0,0,0,0,0,0,0
114,54.29570007324219,13.353400230407715,26.483200073242188,6.741799831390381,5.590400218963623,4.342700004577637,6.052299976348877,0.8971999883651733,10000,10009,20000,10006,20000,20000,10000,0.30869999527931213,2.6059000492095947,2.992500066757202,10000,0.7521999999999339,0.5976,1,0.0637,0.0338,376832,15,15,0.6409,8048,0,0,39.9463005065918,6.256400108337402,1.2862000465393066,4.3856000900268555,0.18639999628067017,0.12439999729394913,0.0065,0,0.1367,9.5158,10.835,0.0003,0.3885,1,2113712,0,0,0,9990
115,25.654300689697266,0.14920000731945038,14.2701997756958,3.222899913787842,1.4819999933242798,1.5520000457763672,5.470600128173828,0.4277999997138977,10000,10009,20000,10006,20000,20000,10000,0.24330000579357147,2.01200008392334,3.0536999702453613,10000,0.8145999999999266,0.7171,1,0.0605,0.0286,376832,15,15,0.7366,7712,0,0,14.507699966430664,5.493800163269043,1.5080000162124634,1.4845000505447388,0.007499999832361937,0.1542000025510788,0,0,0,0,0,0,0,0,0,0,0,0,0
116,39.67279815673828,8.11620044708252,13.848999977111816,2.7177000045776367,1.051200032234192,2.440200090408325,8.055700302124023,0.5130000114440918,10000,10009,20000,10006,20000,20000,10000,0.24529999494552612,2.029400110244751,2.674299955368042,10000,1.203699999999889,0.8507,1,0.08099999999999999,0.0322,376832,15,15,0.9887,442632,0,0,22.07349967956543,8.33080005645752,1.986799955368042,3.6291000843048096,0.2572999894618988,0.14890000224113464,0,0,0,0,0,0,0,0,0,0,0,0,0
117,77.03919982910156,48.115699768066406,18.304399490356445,3.052500009536743,5.7881999015808105,2.841599941253662,4.84499979019165,0.37779998779296875,10000,10009,20000,10006,20000,20000,10000,0.2551000118255615,1.4408999681472778,2.6594998836517334,10000,0.7097999999999396,0.6235,1,0.056799999999999996,0.0303,376832,15,15,1.0284,33336,0,0,66.51470184326172,5.047699928283691,1.3071000576019287,1.399399995803833,0.18809999525547028,0.12439999729394913,0.0063,6.226500034332275,1.3246,10.4501,18.4594,6.3214,0.4247,1,2205418,188205,10000,40720,9998
118,19.97640037536621,0.14740000665187836,9.859299659729004,1.7720999717712402,0.7551000118255615,1.3378000259399414,4.9542999267578125,0.3643999993801117,10000,10009,20000,10006,20000,20000,10000,0.2012999951839447,1.5379999876022339,2.1923000812530518,10000,0.7312999999999361,0.6334,1,0.054,0.0259,376832,15,15,0.7179,7712,0,0,10.082099914550781,4.972499847412109,1.319000005722046,1.1545000076293945,0.006399999838322401,0.13050000369548798,0,0,0,0,0,0,0,0,0,0,0,0,0
119,34.08470153808594,9.284299850463867,10.93589973449707,2.2416000366210938,0.826200008392334,1.5252000093460083,6.218200206756592,0.42989999055862427,10000,10009,20000,10006,20000,20000,10000,0.22669999301433563,1.5808000564575195,2.235300064086914,10000,0.912399999999916,0.6071,1,0.0636,0.0299,376832,15,15,0.8419,537288,0,0,20.298200607299805,6.528800010681152,1.4817999601364136,2.8213999271392822,0.29490000009536743,0.14749999344348907,0,0,0,0,0,0,0,0,0,0,0,0,0
120,68.00399780273438,24.290800094604492,22.514400482177734,3.664900064468384,4.770299911499023,4.9781999588012695,11.32349967956543,0.7347999811172485,10000,10009,20000,10006,20000,20000,10000,0.31439998745918274,2.7708001136779785,2.961400032043457,10000,1.6301999999998495,1.008,1,0.1033,0.0403,376832,15,15,1.0679,50840,0,0,46.900299072265625,11.749699592590332,2.494800090789795,2.2829999923706055,0.4043999910354614,0.1664000004529953,0.0047,4.8871002197265625,0.0963,7.0088,12.0979,4.8031,0.3719,1,2262562,183306,10000,40007,10000
121,36.337799072265625,0.24449999630451202,16.08769989013672,3.2906999588012695,1.5990999937057495,1.5631999969482422,10.872300148010254,0.6496999859809875,10000,10009,20000,10006,20000,20000,10000,0.27149999141693115,3.0525999069213867,3.372999906539917,10000,1.6480999999998487,1.0283,1,0.1023,0.0434,376832,15,15,1.0727,7712,0,0,16.43910026550293,10.899999618530273,2.527400016784668,1.8694000244140625,0.00930000003427267,0.16380000114440918,0,0,0,0,0,0,0,0,0,0,0,0,0
122,43.96730041503906,4.894400119781494,17.98780059814453,4.017899990081787,1.5025999546051025,2.846400022506714,11.23960018157959,0.7563999891281128,10000,10009,20000,10006,20000,20000,10000,0.2992999851703644,2.934499979019165,3.1635000705718994,10000,1.5907999999998539,0.8028,1,0.09890000000000002,0.0406,376832,15,15,0.9345,537704,0,0,22.989299774169922,11.614500045776367,1.9627000093460083,3.0947000980377197,0.3544999957084656,0.12430000305175781,0,0,0,0,0,0,0,0,0,0,0,0,0
123,29.533700942993164,2.643199920654297,11.570599555969238,2.3691000938415527,0.9161999821662903,1.6684999465942383,7.591599941253662,0.48249998688697815,10000,10009,20000,10006,20000,20000,10000,0.30880001187324524,2.0034000873565674,2.0476999282836914,10000,1.280499999999882,0.8731,1,0.0826,0.0404,376832,15,15,1.0645,50752,0,0,14.293600082397461,7.615099906921387,2.047800064086914,1.674399971961975,0.007499999832361937,0.15790000557899475,0,0,0,0,0,0,0,0,0,0,0,0,0
124,37.34280014038086,0.22630000114440918,16.421300888061523,3.6166000366210938,1.2374999523162842,1.9179999828338623,11.180800437927246,0.8616999983787537,10000,10009,20000,10006,20000,20000,10000,0.2752000093460083,2.8236000537872314,3.287100076675415,10000,1.628999999999849,1.2925,1,0.10340000000000002,0.0457,376832,15,15,1.1034,7712,0,0,16.752099990844727,11.210399627685547,2.7890000343322754,1.9175000190734863,0.009100000374019146,0.1826000064611435,0,0,0,0,0,0,0,0,0,0,0,0,0
125,40.32360076904297,2.1180999279022217,17.692899703979492,4.032700061798096,1.575700044631958,1.8320000171661377,11.123700141906738,0.7646999955177307,10000,10009,20000,10006,20000,20000,10000,0.2773999869823456,2.833899974822998,3.7904000282287598,10000,1.6299999999998493,1.135,1,0.10219999999999999,0.0395,376832,15,15,1.1438,15952,0,0,19.92650032043457,11.15250015258789,2.654900074005127,1.8973000049591064,0.008899999782443047,0.18870000541210175,0,0,0,0,0,0,0,0,0,0,0,0,0
126,53.287899017333984,15.597000122070312,24.822399139404297,4.564000129699707,5.697700023651123,4.2484002113342285,5.909599781036377,0.7861999869346619,10000,10009,20000,10006,20000,20000,10000,0.36500000953674316,1.9563000202178955,4.2993998527526855,10000,0.7525999999999343,0.6726,1,0.05450000000000001,0.0295,376832,15,15,0.668,558000,0,0,40.528900146484375,6.308499813079834,1.3631000518798828,2.625999927520752,0.3837999999523163,0.11599999666213989,0.0053,0,0.1108,9.8217,10.1553,0.0004,0.3414,1,2311294,0,0,0,9989
127,20.969999313354492,0.14270000159740448,9.849300384521484,1.842900037765503,1.0591000318527222,0.9180999994277954,5.481599807739258,0.3714999854564667,10000,10009,20000,10006,20000,20000,10000,0.19789999723434448,1.4558000564575195,2.341099977493286,10000,0.8331999999999249,0.7523,1,0.062,0.0286,376832,15,15,0.6691,7712,0,0,10.06659984588623,5.501200199127197,1.5698000192642212,1.2573000192642212,0.007000000216066837,0.1251000016927719,0,0,0,0,0,0,0,0,0,0,0,0,0
128,57.28670120239258,4.329100131988525,13.23740005493164,2.8155999183654785,0.9861999750137329,1.9851000308990479,8.410900115966797,0.558899998664856,10000,10009,20000,10006,20000,20000,10000,0.2953000068664551,2.0078999996185303,2.5341999530792236,10000,1.3840999999998733,0.9247,1,0.0897,0.0408,376832,15,15,0.9667,585176,0,0,17.64889907836914,8.802800178527832,2.2042999267578125,24.64229965209961,0.3743000030517578,0.13860000669956207,0,0,0,0,0,0,0,0,0,0,0,0,0
129,48.31290054321289,15.654800415039062,18.98940086364746,3.020900011062622,4.6570000648498535,3.6754000186920166,7.529600143432617,0.5521000027656555,10000,10009,20000,10006,20000,20000,10000,0.2554999887943268,2.332900047302246,2.5508999824523926,10000,0.8798999999999194,0.6899,1,0.062400000000000004,0.0321,376832,15,15,0.8566,44048,0,0,34.732601165771484,7.741399765014648,1.469099998474121,1.4855999946594238,0.19439999759197235,0.13179999589920044,0.0044,0,0.1716,7.6072,12.4748,4.4889,0.3552,1,2400010,195621,10000,42927,9998
130,22.638500213623047,0.17110000550746918,10.593400001525879,1.9359999895095825,0.968999981880188,1.1957000494003296,5.9710001945495605,0.40059998631477356,10000,10009,20000,10006,20000,20000,10000,0.18639999628067017,1.5305999517440796,2.5994999408721924,10000,0.9098999999999161,0.734,1,0.066,0.0301,376832,15,15,0.7582,7712,0,0,10.853599548339844,5.991399765014648,1.6095000505447388,1.3394999504089355,0.0071000000461936,0.13619999587535858,0,0,0,0,0,0,0,0,0,0,0,0,0
131,32.68989944458008,2.055799961090088,13.624600410461426,2.8327999114990234,0.9395999908447266,1.5572999715805054,9.155699729919434,0.5791000127792358,10000,10009,20000,10006,20000,20000,10000,0.2718999981880188,2.4270999431610107,3.009999990463257,10000,1.3133999999998798,0.8867,1,0.0861,0.0368,376832,15,15,0.9279,15952,0,0,15.770600318908691,9.185700416564941,2.1784000396728516,1.7131999731063843,0.008700000122189522,0.1745000034570694,0,0,0,0,0,0,0,0,0,0,0,0,0
132,47.89849853515625,4.055200099945068,19.880800247192383,4.542399883270264,1.6330000162124634,2.523900032043457,11.455900192260742,0.7915999889373779,10000,10009,20000,10006,20000,20000,10000,0.2768000066280365,3.0508999824523926,4.190999984741211,10000,1.637699999999849,1.0142,1,0.1424,0.0466,376832,15,15,1.4848,639192,0,0,24.039100646972656,11.913900375366211,2.5272998809814453,4.328700065612793,0.41679999232292175,0.17100000381469727,0,0,0,0,0,0,0,0,0,0,0,0,0
133,61.9359016418457,31.212099075317383,20.044099807739258,3.6136999130249023,5.44950008392334,3.142400026321411,5.442599773406982,0.5012999773025513,10000,10009,20000,10006,20000,20000,10000,0.28200000524520874,1.636199951171875,3.175800085067749,10000,0.6764999999999423,0.6317,1,0.0527,0.0262,376832,15,15,0.5831,45320,0,0,51.37969970703125,5.640500068664551,1.3838000297546387,1.3313000202178955,0.18469999730587006,0.11760000139474869,0.0068,7.106900215148926,0.134,12.2549,19.9553,7.3137,0.4444,1,2442850,189728,10000,41579,9999
134,20.402000427246094,0.14339999854564667,10.039400100708008,1.8802000284194946,1.0398000478744507,0.9564999938011169,4.997499942779541,0.38929998874664307,10000,10009,20000,10006,20000,20000,10000,0.1768999993801117,1.5347000360488892,2.379699945449829,10000,0.7610999999999325,0.6699,1,0.057300000000000004,0.028499999999999998,376832,15,15,0.7266,7712,0,0,10.258500099182129,5.0177001953125,1.407099962234497,1.2035000324249268,0.006300000008195639,0.13040000200271606,0,0,0,0,0,0,0,0,0,0,0,0,0
135,34.13479995727539,4.513599872589111,12.703900337219238,2.6501998901367188,0.8776000142097473,1.8137999773025513,7.492300033569336,0.48969998955726624,10000,10009,20000,10006,20000,20000,10000,0.23659999668598175,2.059000015258789,2.621299982070923,10000,1.1666999999998926,0.8187,1,0.077,0.0335,376832,15,15,0.8511,582888,0,0,17.301700592041016,7.8566999435424805,1.937999963760376,3.620300054550171,0.34929999709129333,0.14749999344348907,0,0,0,0,0,0,0,0,0,0,0,0,0
136,40.861000061035156,3.348099946975708,16.797700881958008,4.006400108337402,1.2028000354766846,1.7889000177383423,11.099200248718262,0.7781999707221985,10000,10009,20000,10006,20000,20000,10000,0.31700000166893005,3.120800018310547,3.1596999168395996,10000,1.6686999999998466,1.1758,1,0.104,0.0387,376832,15,15,1.2873,42560,0,0,20.235200881958008,11.126399993896484,2.6842000484466553,1.9191999435424805,0.00930000003427267,0.17919999361038208,0,0,0,0,0,0,0,0,0,0,0,0,0
137,38.919700622558594,0.26910001039505005,17.983999252319336,4.110899925231934,1.3926000595092773,1.947700023651123,11.170700073242188,0.771399974822998,10000,10009,20000,10006,20000,20000,10000,0.2987000048160553,2.8868000507354736,4.036200046539307,10000,1.6466999999998484,1.1106,1,0.10399999999999998,0.0405,376832,15,15,1.2455,7712,0,0,18.356800079345703,11.1943998336792,2.657099962234497,1.9035999774932861,0.008700000122189522,0.17190000414848328,0,0,0,0,0,0,0,0,0,0,0,0,0
138,47.51259994506836,5.589600086212158,19.01650047302246,4.529799938201904,1.3658000230789185,2.4407999515533447,11.541999816894531,0.7562999725341797,10000,10009,20000,10006,20000,20000,10000,0.37290000915527344,2.9035000801086426,3.8866000175476074,10000,1.644499999999848,1.0164,1,0.1051,0.0401,376832,15,15,1.2002,558432,0,0,24.708999633789062,11.904800415039062,2.553299903869629,3.609800100326538,0.34290000796318054,0.13670000433921814,0,0,0,0,0,0,0,0,0,0,0,0,0
139,44.13909912109375,9.442700386047363,19.370399475097656,3.0683999061584473,4.5218000411987305,3.907099962234497,8.904600143432617,0.6255999803543091,10000,10009,20000,10006,20000,20000,10000,0.2718000113964081,2.397900104522705,2.554800033569336,10000,0.9972999999999079,0.6819,1,0.0722,0.0304,376832,15,15,0.7863,8048,0,0,28.90180015563965,9.182499885559082,1.517799973487854,1.5027999877929688,0.259799987077713,0.12680000066757202,0.0046,0,0.0903,7.2666,7.6084,0.0004,0.3404,1,2477142,0,0,0,9988
140,26.414499282836914,0.1582999974489212,11.443699836730957,2.116499900817871,1.010599970817566,1.2967000007629395,8.592900276184082,0.420199990272522,10000,10009,20000,10006,20000,20000,10000,0.21729999780654907,1.8581000566482544,2.6895999908447266,10000,0.994699999999907,0.7064,1,0.0701,0.03,376832,15,15,0.7647,7712,0,0,11.684599876403809,8.619099617004395,1.6979000568389893,1.3969000577926636,0.007499999832361937,0.14090000092983246,0,0,0,0,0,0,0,0,0,0,0,0,0
141,39.7411994934082,5.11359977722168,15.386899948120117,3.234100103378296,1.2364000082015991,2.115499973297119,8.537099838256836,0.5794000029563904,10000,10009,20000,10006,20000,20000,10000,0.2630999982357025,2.4614999294281006,3.150899887084961,10000,1.3211999999998794,0.9538,1,0.08700000000000001,0.0338,376832,15,15,0.9375,598368,0,0,20.587299346923828,8.939800262451172,2.2202999591827393,4.145899772644043,0.382999986410141,0.164000004529953,0,0,0,0,0,0,0,0,0,0,0,0,0
142,58.381900787353516,23.282899856567383,23.398300170898438,4.550099849700928,6.024199962615967,3.5734000205993652,6.219799995422363,0.7218000292778015,10000,10009,20000,10006,20000,20000,10000,0.260699987411499,2.1517999172210693,3.61929988861084,10000,0.756699999999933,0.6239,1,0.055900000000000005,0.026099999999999998,376832,15,15,0.6442,34544,0,0,46.785301208496094,6.447000026702881,1.3243999481201172,1.412500023841858,0.21230000257492065,0.12060000002384186,0.0057,0,0.1206,12.3902,19.3562,6.624,0.4546,1,2542402,199139,10000,43652,9998
143,23.253299713134766,0.14910000562667847,11.621999740600586,1.9838999509811401,1.5866999626159668,1.4194999933242798,5.498199939727783,0.40149998664855957,10000,10009,20000,10006,20000,20000,10000,0.20659999549388885,1.5986000299453735,2.597399950027466,10000,0.8596999999999221,0.8794,1,0.061200000000000004,0.027200000000000002,376832,15,15,0.7692,7712,0,0,11.850799560546875,5.518899917602539,1.8121999502182007,1.3316999673843384,0.0066999997943639755,0.13490000367164612,0,0,0,0,0,0,0,0,0,0,0,0,0
144,35.54359817504883,4.4984002113342285,13.049400329589844,2.720400094985962,0.9266999959945679,1.8411999940872192,7.34499979019165,0.6040999889373779,10000,10009,20000,10006,20000,20000,10000,0.23520000278949738,2.052500009536743,2.6087000370025635,10000,1.1303999999998957,1.3596,1,0.0777,0.0344,376832,15,15,0.9311,610752,0,0,17.63920021057129,7.696000099182129,2.473099946975708,4.295599937438965,0.335099995136261,0.13850000500679016,0,0,0,0,0,0,0,0,0,0,0,0,0
145,65.95249938964844,27.44879913330078,24.136199951171875,3.9623000621795654,5.19320011138916,4.587500095367432,8.053500175476074,0.742900013923645,10000,10009,20000,10006,20000,20000,10000,0.36629998683929443,2.9066998958587646,4.0208001136779785,10000,0.8740999999999204,0.7238,1,0.0701,0.0364,376832,15,15,0.9647,36296,0,0,51.69960021972656,8.317099571228027,1.4744000434875488,1.458400011062622,0.2451000064611435,0.11069999635219574,0.0056,5.616199970245361,0.11,11.139,17.7137,6.2035,0.4655,1,2570616,193004,10000,42252,9996
146,23.264400482177734,0.1648000031709671,11.390999794006348,2.240299940109253,0.9904999732971191,1.1908999681472778,5.966100215911865,0.40790000557899475,10000,10009,20000,10006,20000,20000,10000,0.19280000030994415,1.726199984550476,2.8348000049591064,10000,0.8831999999999196,0.7522,1,0.0617,0.030199999999999998,376832,15,15,0.716,7712,0,0,11.637900352478027,5.990200042724609,1.6269999742507935,1.2893999814987183,0.007000000216066837,0.1160999983549118,0,0,0,0,0,0,0,0,0,0,0,0,0
147,35.19820022583008,4.172699928283691,13.607999801635742,2.8833000659942627,1.1275999546051025,1.8291000127792358,7.878200054168701,0.5123000144958496,10000,10009,20000,10006,20000,20000,10000,0.23849999904632568,1.983199954032898,2.8522000312805176,10000,1.2046999999998886,0.8219,1,0.08109999999999999,0.033600000000000005,376832,15,15,0.8839,594376,0,0,17.86720085144043,8.237000465393066,1.9520000219345093,3.587100028991699,0.34220001101493835,0.1509000062942505,0,0,0,0,0,0,0,0,0,0,0,0,0
148,46.336299896240234,3.127500057220459,17.433799743652344,3.576900005340576,1.1204999685287476,1.5910999774932861,10.362000465393066,0.79339998960495,10000,10009,20000,10006,20000,20000,10000,0.5228000283241272,4.183700084686279,3.188499927520752,10000,1.8000999999998326,1.0329,1,0.1807,0.0464,376832,15,15,1.6964,70600,1,0,25.24690055847168,10.389399528503418,2.523200035095215,2.4665000438690186,0.008299999870359898,0.16580000519752502,0,0,0,0,0,0,0,0,0,0,0,0,0
149,42.03900146484375,0.37290000915527344,20.74970054626465,6.218299865722656,1.2173000574111938,1.8507000207901,11.965100288391113,1.1456999778747559,10000,10009,20000,10006,20000,20000,10000,0.3506999909877777,2.9052000045776367,3.924499988555908,10000,1.6509999999998484,1.1578,1,0.09559999999999999,0.035500000000000004,376832,15,15,1.1447,7712,0,0,21.256099700927734,11.9931001663208,2.4382998943328857,1.7077000141143799,0.008999999612569809,0.1307000070810318,0,0,0,0,0,0,0,0,0,0,0,0,0
150,37.93709945678711,4.452300071716309,14.783599853515625,2.7894999980926514,1.0260000228881836,1.9846999645233154,7.842299938201904,0.5231999754905701,10000,10009,20000,10006,20000,20000,10000,0.19599999487400055,3.387200117111206,2.80049991607666,10000,1.208499999999888,1.0633,1,0.07970000000000001,0.0329,376832,15,15,0.9296,545264,0,0,19.329999923706055,8.188899993896484,2.488300085067749,4.301499843597412,0.328000009059906,0.15680000185966492,0,0,0,0,0,0,0,0,0,0,0,0,0
151,50.78879928588867,10.102700233459473,27.20949935913086,4.128499984741211,11.34000015258789,3.3387999534606934,6.561800003051758,0.8119000196456909,10000,10009,20000,10006,20000,20000,10000,0.2953999936580658,2.163599967956543,2.6796000003814697,10000,0.9720999999999113,0.7189,1,0.07419999999999999,0.0332,376832,15,15,0.8143,8048,0,0,37.425201416015625,6.774600028991699,1.6224000453948975,1.8457000255584717,0.19750000536441803,0.12070000171661377,0.0047,0,0.1143,7.9476,8.206,0.0003,0.266,1,2582130,0,0,0,9977
152,23.456600189208984,0.16210000216960907,11.892800331115723,2.2360999584198,1.0247999429702759,1.2984999418258667,5.731500148773193,0.4230000078678131,10000,10009,20000,10006,20000,20000,10000,0.19589999318122864,1.7847000360488892,2.7672998905181885,10000,0.8503999999999231,0.7008,1,0.0663,0.0306,376832,15,15,0.7528,7712,0,0,12.14739990234375,5.75600004196167,1.5022000074386597,1.2014000415802002,0.007300000172108412,0.2304999977350235,0,0,0,0,0,0,0,0,0,0,0,0,0
153,37.25429916381836,5.624199867248535,15.310400009155273,2.902400016784668,1.4565000534057617,1.759600043296814,7.325699806213379,0.46700000762939453,10000,10009,20000,10006,20000,20000,10000,0.20360000431537628,3.0513999462127686,3.2964000701904297,10000,0.9700999999999103,0.7583,1,0.06910000000000001,0.0319,376832,15,15,0.8698,550888,0,0,21.05190086364746,7.686800003051758,1.6862000226974487,3.75570011138916,0.33880001306533813,0.12349999696016312,0,0,0,0,0,0,0,0,0,0,0,0,0
154,62.263099670410156,19.163400650024414,25.441499710083008,5.270599842071533,7.479499816894531,3.383500099182129,9.195199966430664,0.6984999775886536,10000,10009,20000,10006,20000,20000,10000,0.24120000004768372,2.247499942779541,3.2088000774383545,10000,1.1493999999998965,0.8601,1,0.0917,0.0403,376832,15,15,1.0599,33648,0,0,44.698299407958984,9.491999626159668,2,2.164599895477295,0.2761000096797943,0.29510000348091125,0.0046,0,0.091,9.9053,16.0206,5.8273,0.397,1,2643368,197606,10000,43658,9995
155,32.827701568603516,0.20839999616146088,18.283000946044922,5.20359992980957,2.413300037384033,1.3798999786376953,7.842899799346924,0.5848000049591064,10000,10009,20000,10006,20000,20000,10000,0.27570000290870667,2.3440001010894775,3.577699899673462,10000,0.9783999999999087,0.7169,1,0.06839999999999999,0.031200000000000002,376832,15,15,0.8757,7712,0,0,18.58340072631836,7.881199836730957,1.651900053024292,1.479200005531311,0.008799999952316284,0.2750999927520752,0,0,0,0,0,0,0,0,0,0,0,0,0
156,36.68119812011719,4.412300109863281,13.872900009155273,3.006700038909912,1.0496000051498413,1.7663999795913696,8.277899742126465,0.5658000111579895,10000,10009,20000,10006,20000,20000,10000,0.2563999891281128,2.1150999069213867,2.9821999073028564,10000,1.2378999999998863,0.8865,1,0.0863,0.030100000000000002,376832,15,15,1.0119,521720,0,0,18.388200759887695,8.636500358581543,2.0845000743865967,3.7857000827789307,0.3424000144004822,0.1582999974489212,0,0,0,0,0,0,0,0,0,0,0,0,0
157,64.85150146484375,36.56570053100586,18.0664005279541,2.381700038909912,4.465700149536133,2.610100030899048,4.959400177001953,0.43950000405311584,10000,10009,20000,10006,20000,20000,10000,0.24580000340938568,2.0276999473571777,3.7558000087738037,10000,0.6881999999999405,0.5978,1,0.054900000000000004,0.025599999999999998,376832,15,15,0.6686,41832,0,0,54.733699798583984,5.171199798583984,1.2515000104904175,1.4012999534606934,0.1972000002861023,0.1005999967455864,0.0431,9.409700393676758,0.198,15.4506,23.1083,7.1884,0.4592,1,2650608,191441,10000,42277,9996
158,21.936500549316406,0.14589999616146088,11.452199935913086,1.9530999660491943,1.6991000175476074,1.090000033378601,4.94789981842041,0.3732999861240387,10000,10009,20000,10006,20000,20000,10000,0.2110999971628189,1.5317000150680542,2.8506999015808105,10000,0.7306999999999363,0.7,1,0.055,0.0298,376832,15,15,0.7661,7712,0,0,11.67240047454834,4.9670000076293945,1.537600040435791,1.270400047302246,0.006399999838322401,0.1256999969482422,0,0,0,0,0,0,0,0,0,0,0,0,0
159,30.345600128173828,4.463799953460693,11.656100273132324,2.247499942779541,0.9918000102043152,1.576799988746643,5.901599884033203,0.436599999666214,10000,10009,20000,10006,20000,20000,10000,0.2045000046491623,1.6243000030517578,2.6886000633239746,10000,0.9076999999999168,0.7491,1,0.062099999999999995,0.027299999999999998,376832,15,15,0.7414,551040,0,0,16.20800018310547,6.244500160217285,1.6227999925613403,3.4504001140594482,0.3296999931335449,0.14429999887943268,0,0,0,0,0,0,0,0,0,0,0,0,0
160,30.431800842285156,3.278599977493286,12.607000350952148,2.55430006980896,1.187999963760376,1.2817000150680542,7.283599853515625,0.5254999995231628,10000,10009,20000,10006,20000,20000,10000,0.23340000212192535,2.0255000591278076,2.9052999019622803,10000,1.109099999999897,0.7856,1,0.0746,0.033,376832,15,15,0.8759,39720,0,0,16.005699157714844,7.305600166320801,1.8253999948501587,1.5994000434875488,0.007600000128149986,0.49799999594688416,0,0,0,0,0,0,0,0,0,0,0,0,0
161,34.69540023803711,0.20990000665187836,16.56730079650879,3.2249999046325684,2.141900062561035,1.9744999408721924,9.271499633789062,0.598800003528595,10000,10009,20000,10006,20000,20000,10000,0.27070000767707825,2.5281999111175537,3.5968000888824463,10000,1.4340999999998691,1.0538,1,0.0947,0.0416,376832,15,15,1.1372,7712,0,0,16.883499145507812,9.296899795532227,2.413300037384033,1.7848000526428223,0.008200000040233135,0.16529999673366547,0,0,0,0,0,0,0,0,0,0,0,0,0
162,53.147098541259766,6.472599983215332,20.468399047851562,4.326700210571289,1.6015000343322754,2.84689998626709,12.711299896240234,0.7803000211715698,10000,10009,20000,10006,20000,20000,10000,0.2881999909877777,4.109899997711182,3.8880999088287354,10000,1.7122999999998427,1.2254,1,0.106,0.0455,376832,15,15,1.4386,567128,0,0,27.061199188232422,13.17020034790039,2.902100086212158,4.553100109100342,0.4357999861240387,0.4417000114917755,0,0,0,0,0,0,0,0,0,0,0,0,0
163,54.61280059814453,17.913299560546875,22.057100296020508,3.9837000370025635,5.265399932861328,4.150300025939941,5.854899883270264,0.7105000019073486,10000,10009,20000,10006,20000,20000,10000,0.35179999470710754,1.8969000577926636,3.3603999614715576,10000,0.8407999999999242,0.6419,1,0.06520000000000001,0.0353,376832,15,15,0.7732,8048,0,0,40.09149932861328,8.78600025177002,1.445199966430664,1.469599962234497,2.916300058364868,0.10939999669790268,0.0097,0,0.1373,13.1327,15.2752,0.0003,0.7876,1,2640040,0,0,0,9970
164,22.137399673461914,0.17219999432563782,11.233599662780762,2.168299913406372,1.020900011062622,1.0149999856948853,5.469099998474121,0.39730000495910645,10000,10009,20000,10006,20000,20000,10000,0.22579999268054962,1.8614000082015991,2.8225998878479004,10000,0.7838999999999304,0.623,1,0.058899999999999994,0.0273,376832,15,15,0.7017,7712,0,0,11.495800018310547,5.492000102996826,1.3798999786376953,1.2200000286102295,0.008500000461935997,0.13109999895095825,0,0,0,0,0,0,0,0,0,0,0,0,0
165,33.868900299072266,4.411900043487549,14.335399627685547,2.7827000617980957,1.5397000312805176,1.9198999404907227,6.757599830627441,0.46950000524520874,10000,10009,20000,10006,20000,20000,10000,0.287200003862381,1.8482999801635742,3.309299945831299,10000,0.9988999999999074,0.7568,1,0.0688,0.0314,376832,15,15,0.7922,560000,0,0,18.839599609375,7.153299808502197,1.6948000192642212,3.109299898147583,0.38019999861717224,0.15639999508857727,0,0,0,0,0,0,0,0,0,0,0,0,0
166,65.18589782714844,22.822900772094727,24.53529930114746,3.779599905014038,6.420100212097168,3.5099000930786133,9.784600257873535,0.7021999955177307,10000,10009,20000,10006,20000,20000,10000,0.3416000008583069,2.552999973297119,4.431700229644775,10000,1.0664999999999016,0.8929,1,0.09,0.0388,376832,15,15,1.0043,37904,0,0,47.45650100708008,10.1274995803833,2.0346999168395996,1.9301999807357788,0.3246999979019165,0.3276999890804291,0.0067,0,0.0944,9.9148,15.7826,5.4883,3.8659,1,2672110,193252,9999,42801,9992
167,26.781600952148438,0.25290000438690186,13.299599647521973,3.152899980545044,1.323099970817566,1.1657999753952026,6.965099811553955,0.4372999966144562,10000,10009,20000,10006,20000,20000,10000,0.26249998807907104,1.8214999437332153,3.076200008392334,10000,0.889199999999919,0.7183,1,0.0674,0.032299999999999995,376832,15,15,1.0105,7712,0,0,13.66510009765625,6.991099834442139,1.5995999574661255,1.347000002861023,0.008899999782443047,0.156700000166893,0,0,0,0,0,0,0,0,0,0,0,0,0
168,37.78770065307617,5.072400093078613,15.31350040435791,3.2755000591278076,1.1829999685287476,1.8020000457763672,7.390699863433838,0.7437000274658203,10000,10009,20000,10006,20000,20000,10000,0.27889999747276306,2.3215999603271484,3.1317999362945557,10000,1.0643999999999003,0.8873,1,0.0882,0.0347,376832,15,15,1.0216,523184,0,0,20.503799438476562,7.791500091552734,1.817199945449829,4.112599849700928,0.376800000667572,0.13809999823570251,0,0,0,0,0,0,0,0,0,0,0,0,0
169,61.99789810180664,25.452600479125977,22.54990005493164,3.2267000675201416,6.553199768066406,3.3531999588012695,7.0802001953125,0.6740000247955322,10000,10009,20000,10006,20000,20000,10000,0.2563000023365021,2.075000047683716,3.990000009536743,10000,0.8488999999999228,0.8288,1,0.0761,0.0309,376832,15,15,0.7902,46448,0,0,48.10639953613281,7.346700191497803,1.8158999681472778,1.8918999433517456,0.24979999661445618,0.15240000188350677,0.0069,6.721399784088135,0.129,10.0668,15.3531,4.9314,0.3697,1,2664692,186638,10000,40975,9993
170,23.970500946044922,0.22699999809265137,11.810199737548828,2.099600076675415,1.1374000310897827,1.0220999717712402,6.037399768829346,0.4260999858379364,10000,10009,20000,10006,20000,20000,10000,0.1784999966621399,1.7639000415802002,3.1142001152038574,10000,0.8635999999999231,0.624,1,0.06180000000000001,0.028,376832,15,15,0.8989,7712,0,0,12.153800010681152,6.060100078582764,1.447100043296814,1.3102999925613403,0.007300000172108412,0.12330000102519989,0,0,0,0,0,0,0,0,0,0,0,0,0
171,35.21730041503906,4.834000110626221,14.652600288391113,2.698699951171875,1.3723000288009644,2.3605000972747803,7.06279993057251,0.4799000024795532,10000,10009,20000,10006,20000,20000,10000,0.2619999945163727,1.6917999982833862,3.567500114440918,10000,0.9590999999999128,0.7395,1,0.0669,0.0504,376832,15,15,0.8472,601008,0,0,19.584699630737305,7.4197001457214355,1.659999966621399,3.4591000080108643,0.33880001306533813,0.16869999468326569,0,0,0,0,0,0,0,0,0,0,0,0,0
172,28.753400802612305,3.120699882507324,12.462400436401367,2.5313000679016113,1.0354000329971313,1.3289999961853027,6.936200141906738,0.5142999887466431,10000,10009,20000,10006,20000,20000,10000,0.23199999332427979,1.9788999557495117,2.7309000492095947,10000,1.002499999999906,0.7304,1,0.0704,0.034,376832,15,15,0.8044,41832,0,0,15.675200462341309,6.9567999839782715,1.6713000535964966,1.3792999982833862,0.006500000134110451,0.1282999962568283,0,0,0,0,0,0,0,0,0,0,0,0,0
173,30.843700408935547,0.20200000703334808,14.85260009765625,2.801300048828125,1.1450999975204468,1.7483999729156494,7.962500095367432,0.5907999873161316,10000,10009,20000,10006,20000,20000,10000,0.26249998807907104,2.602099895477295,3.3963000774383545,10000,1.1181999999998964,1.0109,1,0.0917,0.0393,376832,15,15,1.0524,7712,0,0,15.146100044250488,7.98859977722168,2.3313000202178955,1.7274999618530273,0.007899999618530273,0.1462000012397766,0,0,0,0,0,0,0,0,0,0,0,0,0
174,50.049800872802734,7.228099822998047,21.253000259399414,5.735199928283691,2.154400110244751,1.8992999792099,8.740500450134277,0.9402999877929688,10000,10009,20000,10006,20000,20000,10000,0.25589999556541443,2.161799907684326,4.611100196838379,10000,1.3235999999998818,1.1155,1,0.0847,0.0327,376832,15,15,1.1549,534112,0,0,28.597999572753906,9.094400405883789,2.78410005569458,5.090000152587891,0.33739998936653137,0.534500002861023,0,0,0,0,0,0,0,0,0,0,0,0,0
175,51.226200103759766,14.501399993896484,21.008100509643555,3.6433000564575195,4.86299991607666,3.8173000812530518,8.125,0.5647000074386597,10000,10009,20000,10006,20000,20000,10000,0.2700999975204468,2.1440000534057617,3.4140000343322754,10000,1.1862999999998902,0.7027,1,0.09989999999999999,0.0353,376832,15,15,1.2007,8048,0,0,35.63570022583008,8.431699752807617,1.7030999660491943,1.5503000020980835,0.29159998893737793,0.14579999446868896,0.0098,0,0.156,11.6615,12.0244,0.0007,0.4119,1,2632412,0,0,0,9965
176,28.197399139404297,0.17430000007152557,14.327699661254883,2.251300096511841,1.6777000427246094,1.5480999946594238,7.094900131225586,0.6104000210762024,10000,10009,20000,10006,20000,20000,10000,0.23759999871253967,2.827199935913086,3.09660005569458,10000,0.9367999999999138,0.8081,1,0.065,0.0287,376832,15,15,0.8437,7712,0,0,14.597299575805664,7.121699810028076,1.7597999572753906,1.5597000122070312,0.007799999788403511,0.30169999599456787,0,0,0,0,0,0,0,0,0,0,0,0,0
177,36.83769989013672,4.672800064086914,14.669899940490723,2.901900053024292,1.0913000106811523,2.229599952697754,7.995800018310547,0.625,10000,10009,20000,10006,20000,20000,10000,0.29260000586509705,2.3366000652313232,3.0341999530792236,10000,1.0901999999998986,0.837,1,0.0874,0.0371,376832,15,15,0.9886,591608,0,0,19.43910026550293,8.363499641418457,1.8722000122070312,3.6819000244140625,0.3472000062465668,0.16279999911785126,0,0,0,0,0,0,0,0,0,0,0,0,0
178,60.0442008972168,27.177600860595703,20.900999069213867,3.6867001056671143,5.307199954986572,3.539099931716919,5.400199890136719,0.6126000285148621,10000,10009,20000,10006,20000,20000,10000,0.22949999570846558,1.7853000164031982,3.526700019836426,10000,0.8657999999999302,0.6776,1,0.056799999999999996,0.0303,376832,15,15,0.755,36896,0,0,48.17190170288086,5.724699974060059,1.520900011062622,1.4529000520706177,0.3070000112056732,0.5001000165939331,0.0077,6.947800159454346,0.1159,10.8089,16.8246,5.7043,0.4,1,2649924,186600,10000,40907,9991
179,26.25979995727539,0.156700000166893,13.17770004272461,2.161799907684326,1.7754000425338745,1.009600043296814,6.998499870300293,0.4018999934196472,10000,10009,20000,10006,20000,20000,10000,0.18629999458789825,2.13319993019104,3.3187999725341797,10000,0.9365999999999143,0.7024,1,0.07139999999999999,0.0313,376832,15,15,0.7355,7712,0,0,13.43220043182373,7.024700164794922,1.5687999725341797,1.3076000213623047,0.008200000040233135,0.1467999964952469,0,0,0,0,0,0,0,0,0,0,0,0,0
180,32.230499267578125,4.543499946594238,12.807900428771973,2.3327999114990234,1.1877000331878662,1.8930000066757202,6.092400074005127,0.42989999055862427,10000,10009,20000,10006,20000,20000,10000,0.22750000655651093,1.7278000116348267,3.009999990463257,10000,0.9118999999999161,0.721,1,0.0646,0.0295,376832,15,15,0.8167,537312,0,0,17.456600189208984,6.405099868774414,1.6126999855041504,3.5982000827789307,0.29589998722076416,0.3772999942302704,0,0,0,0,0,0,0,0,0,0,0,0,0
181,59.51129913330078,23.69860076904297,18.618000030517578,2.79010009765625,4.535399913787842,3.0985000133514404,8.791099548339844,0.7293000221252441,10000,10009,20000,10006,20000,20000,10000,0.24650000035762787,2.1916000843048096,2.946700096130371,10000,1.1379999999998942,1.0108,1,0.0757,0.0353,376832,15,15,0.9118,45736,0,0,42.4114990234375,9.118900299072266,2.3526999950408936,2.1435999870300293,0.3075000047683716,0.15680000185966492,0.0069,5.798600196838379,0.0898,9.3373,14.4189,4.8085,0.4366,1,2613240,178770,10000,38775,9992
182,33.678001403808594,0.2824999988079071,18.1968994140625,4.172399997711182,2.2067999839782715,1.4253000020980835,7.3541998863220215,0.7337999939918518,10000,10009,20000,10006,20000,20000,10000,0.24690000712871552,2.525099992752075,4.0233001708984375,10000,1.0878999999998997,0.7351,1,0.07189999999999999,0.030400000000000003,376832,15,15,0.804,7712,0,0,18.59760093688965,7.381700038909912,1.7481000423431396,1.8660000562667847,0.008200000040233135,0.984000027179718,0,0,0,0,0,0,0,0,0,0,0,0,0
183,41.13800048828125,4.538599967956543,15.345100402832031,3.381200075149536,1.0887000560760498,2.1865999698638916,10.376500129699707,0.6208999752998352,10000,10009,20000,10006,20000,20000,10000,0.2689000070095062,2.7339999675750732,2.8891000747680664,10000,1.5925999999998532,0.9063,1,0.1005,0.0393,376832,15,15,1.1125,476960,0,0,20.0044002532959,10.704000473022461,2.3261001110076904,3.581399917602539,0.3093000054359436,0.1451999992132187,0,0,0,0,0,0,0,0,0,0,0,0,0
184,35.43119812011719,2.8266000747680664,13.623299598693848,2.897900104522705,1.0503000020980835,1.871399998664856,9.415800094604492,0.5755000114440918,10000,10009,20000,10006,20000,20000,10000,0.2224999964237213,2.324899911880493,2.7146999835968018,10000,1.5304999999998596,1.0904,1,0.1151,0.043,376832,15,15,1.3049,51600,0,0,16.54520034790039,9.44320011138916,2.9000000953674316,1.788699984550476,0.008700000122189522,0.1582999974489212,0,0,0,0,0,0,0,0,0,0,0,0,0
185,33.06399917602539,0.227400004863739,17.134599685668945,4.6066999435424805,1.8240000009536743,1.8995000123977661,8.102399826049805,0.7738000154495239,10000,10009,20000,10006,20000,20000,10000,0.22439999878406525,1.9874999523162842,3.3025999069213867,10000,1.2229999999998868,0.9023,1,0.0816,0.0375,376832,15,15,0.8801,7712,0,0,17.463699340820312,8.126999855041504,2.2655999660491943,1.6009000539779663,0.008899999782443047,0.1543000042438507,0,0,0,0,0,0,0,0,0,0,0,0,0
186,37.095401763916016,2.031100034713745,15.559200286865234,3.441999912261963,1.4581999778747559,1.520799994468689,10.329299926757812,0.6376000046730042,10000,10009,20000,10006,20000,20000,10000,0.24799999594688416,2.311000108718872,3.631200075149536,10000,1.63609999999985,1.0773,1,0.1028,0.041800000000000004,376832,15,15,1.1192,15952,0,0,17.690000534057617,10.354599952697754,2.5724000930786133,1.8341000080108643,0.00839999970048666,0.1688999980688095,0,0,0,0,0,0,0,0,0,0,0,0,0
187,53.93880081176758,17.368999481201172,23.16710090637207,4.186999797821045,5.275599956512451,4.802999973297119,6.1595001220703125,0.7506999969482422,10000,10009,20000,10006,20000,20000,10000,0.31709998846054077,2.094099998474121,3.171799898147583,10000,0.7693999999999321,0.5533,1,0.0558,0.0272,376832,15,15,0.6752,545928,0,0,40.6328010559082,6.585100173950195,1.2608000040054321,3.001699924468994,0.4097999930381775,0.12319999933242798,0.0071,0,0.1166,11.6185,11.9249,0.0003,0.3901,1,2559276,0,0,0,9949
188,24.824499130249023,0.15399999916553497,11.28909969329834,1.8948999643325806,0.9681000113487244,1.3550000190734863,6.657700061798096,0.4065000116825104,10000,10009,20000,10006,20000,20000,10000,0.2093999981880188,1.933500051498413,2.8508999347686768,10000,1.0826999999998992,0.7596,1,0.08959999999999999,0.0347,376832,15,15,0.9225,7712,0,0,11.524200439453125,6.68149995803833,1.850600004196167,1.336400032043457,0.008500000461935997,0.1348000019788742,0,0,0,0,0,0,0,0,0,0,0,0,0
189,41.36389923095703,4.315100193023682,14.862299919128418,3.016900062561035,1.4175000190734863,1.9053000211715698,10.939499855041504,0.5626000165939331,10000,10009,20000,10006,20000,20000,10000,0.2184000015258789,2.0810999870300293,3.3940999507904053,10000,1.4013999999998707,1.0343,1,0.09330000000000001,0.041999999999999996,376832,15,15,1.1871,489424,0,0,19.262399673461914,11.328200340270996,2.3889000415802,4.128200054168701,0.36820000410079956,0.16869999468326569,0,0,0,0,0,0,0,0,0,0,0,0,0
190,57.19900131225586,22.849199295043945,22.62529945373535,4.2347002029418945,5.838600158691406,3.4714999198913574,6.292900085449219,0.6759999990463257,10000,10009,20000,10006,20000,20000,10000,0.2522999942302704,1.7867000102996826,4.021100044250488,10000,0.7390999999999349,0.6087,1,0.055900000000000005,0.028399999999999998,376832,15,15,0.678,37120,0,0,45.576499938964844,6.496200084686279,1.2942999601364136,1.409500002861023,0.18770000338554382,0.12049999833106995,0.0083,0,0.0963,12.7365,19.3136,6.2813,0.4228,1,2555358,176424,10000,38542,9993
191,21.94409942626953,0.17100000381469727,10.677000045776367,1.8602999448776245,0.8998000025749207,1.1492999792099,5.63640022277832,0.4449999928474426,10000,10009,20000,10006,20000,20000,10000,0.23839999735355377,1.593400001525879,2.7962000370025635,10000,0.8040999999999278,0.6992,1,0.058899999999999994,0.0281,376832,15,15,0.7741,7712,0,0,10.93239974975586,5.656300067901611,1.4818999767303467,1.2254999876022339,0.006599999964237213,0.13009999692440033,0,0,0,0,0,0,0,0,0,0,0,0,0
192,37.83539962768555,4.648200035095215,13.97130012512207,2.754499912261963,1.4280999898910522,1.7382999658584595,9.998800277709961,0.48260000348091125,10000,10009,20000,10006,20000,20000,10000,0.2689000070095062,1.9244999885559082,3.317500114440918,10000,1.1245999999998961,0.7627,1,0.07600000000000001,0.0337,376832,15,15,0.8624,569704,0,0,18.7007999420166,10.334500312805176,1.8286999464035034,3.636199951171875,0.3165999948978424,0.1428000032901764,0,0,0,0,0,0,0,0,0,0,0,0,0
193,64.34500122070312,28.802000045776367,23.297399520874023,4.191100120544434,5.644400119781494,4.048999786376953,6.435800075531006,0.7271999716758728,10000,10009,20000,10006,20000,20000,10000,0.2786000072956085,2.4230000972747803,3.4997000694274902,10000,0.8149999999999268,0.5681,1,0.058499999999999996,0.0261,376832,15,15,0.7949,48912,0,0,52.19020080566406,6.673099994659424,1.3050999641418457,1.406499981880188,0.22050000727176666,0.121799997985363,0.0074,8.04800033569336,0.0882,11.2088,17.306,5.8214,0.4073,1,2500242,168405,10000,36595,9992
194,25.598400115966797,0.16410000622272491,13.622699737548828,2.496299982070923,1.4437999725341797,1.8579000234603882,5.94320011138916,0.3978999853134155,10000,10009,20000,10006,20000,20000,10000,0.25540000200271606,1.695199966430664,3.607800006866455,10000,0.9170999999999161,0.6583,1,0.0645,0.0295,376832,15,15,0.7175,7712,0,0,13.88599967956543,5.965000152587891,1.5312000513076782,1.4217000007629395,0.00800000037997961,0.12439999729394913,0,0,0,0,0,0,0,0,0,0,0,0,0
195,39.93470001220703,4.779300212860107,17.380699157714844,4.572500228881836,2.3557000160217285,1.867300033569336,8.339500427246094,0.5511999726295471,10000,10009,20000,10006,20000,20000,10000,0.24979999661445618,2.153700113296509,3.2279999256134033,10000,1.1856999999998912,0.8181,1,0.0887,0.033,376832,15,15,0.8994,566152,0,0,22.249099731445312,8.693499565124512,1.9319000244140625,3.5272998809814453,0.3386000096797943,0.14980000257492065,0,0,0,0,0,0,0,0,0,0,0,0,0
196,41.706199645996094,3.280900001525879,16.635799407958984,3.6335999965667725,1.6368999481201172,1.5684000253677368,12.568400382995605,0.6962000131607056,10000,10009,20000,10006,20000,20000,10000,0.2705000042915344,3.1744000911712646,3.360599994659424,10000,1.628299999999859,1.1711,1,0.1,0.0421,376832,15,15,1.2655,40488,0,0,20.01020050048828,12.603300094604492,2.6154000759124756,1.7792999744415283,0.009399999864399433,0.15929999947547913,0,0,0,0,0,0,0,0,0,0,0,0,0
197,33.48210144042969,0.23409999907016754,15.751999855041504,3.6140999794006348,1.283400058746338,1.6253000497817993,8.988499641418457,0.6269000172615051,10000,10009,20000,10006,20000,20000,10000,0.2533999979496002,2.4509999752044678,3.6236000061035156,10000,1.436799999999867,0.9208,1,0.0952,0.041299999999999996,376832,15,15,1.2332,7712,0,0,16.090999603271484,9.014699935913086,2.228600025177002,1.7410000562667847,0.00800000037997961,0.1574999988079071,0,0,0,0,0,0,0,0,0,0,0,0,0
198,46.81959915161133,5.988399982452393,19.48270034790039,4.345300197601318,1.985700011253357,2.5295000076293945,11.121500015258789,0.8877000212669373,10000,10009,20000,10006,20000,20000,10000,0.2953999936580658,2.778700113296509,4.035200119018555,10000,1.4564999999998685,0.848,1,0.0839,0.0342,376832,15,15,0.9189,612176,0,0,25.57349967956543,11.538100242614746,1.9627000093460083,3.6982998847961426,0.3961000144481659,0.125900000333786,0,0,0,0,0,0,0,0,0,0,0,0,0
199,43.01900100708008,10.58430004119873,17.818500518798828,2.7739999294281006,4.440100193023682,3.1219000816345215,7.890900135040283,0.5130000114440918,10000,10009,20000,10006,20000,20000,10000,0.2793000042438507,2.031899929046631,2.6995999813079834,10000,1.0131999999999057,0.7485,1,0.068,0.0312,376832,15,15,0.9842,8048,0,0,28.506999969482422,8.17300033569336,1.5860999822616577,1.4758000373840332,0.26739999651908875,0.12489999830722809,0.0063,0,0.0742,7.938,8.1422,0.0001,0.2869,1,2439262,0,0,0,9945
200,25.261999130249023,0.16290000081062317,12.492500305175781,2.1865999698638916,1.6979999542236328,1.2795000076293945,6.256700038909912,0.423799991607666,10000,10009,20000,10006,20000,20000,10000,0.25040000677108765,1.9336999654769897,2.9393999576568604,10000,1.0062999999999103,0.7543,1,0.0685,0.033299999999999996,376832,15,15,0.8695,7712,0,0,12.735199928283691,6.27869987487793,1.6897000074386597,1.393399953842163,0.007400000002235174,0.12070000171661377,0,0,0,0,0,0,0,0,0,0,0,0,0
201,39.582401275634766,4.599400043487549,15.124300003051758,3.2177000045776367,1.3043999671936035,2.107800006866455,8.500200271606445,0.5710999965667725,10000,10009,20000,10006,20000,20000,10000,0.2782999873161316,2.272900104522705,3.196899890899658,10000,1.3026999999998807,1.0434,1,0.0865,0.0364,376832,15,15,1.1311,503200,0,0,19.817399978637695,8.820699691772461,2.2950000762939453,4.650100231170654,0.30410000681877136,0.16110000014305115,0,0,0,0,0,0,0,0,0,0,0,0,0
202,57.77040100097656,20.58930015563965,24.8710994720459,4.455999851226807,6.188499927520752,4.3744001388549805,6.436600208282471,0.8187999725341797,10000,10009,20000,10006,20000,20000,10000,0.29319998621940613,2.2625999450683594,3.796099901199341,10000,0.792599999999929,0.7328,1,0.0586,0.0291,376832,15,15,0.7839,48184,0,0,45.56589889526367,6.660799980163574,1.488800048828125,1.4493000507354736,0.20999999344348907,0.10019999742507935,0.0084,0,0.0963,10.4166,17.029,6.3089,0.4348,1,2408280,163971,10000,35803,9989
203,23.203399658203125,0.18860000371932983,11.236100196838379,1.9921000003814697,1.0441999435424805,1.3243000507354736,5.94890022277832,0.41370001435279846,10000,10009,20000,10006,20000,20000,10000,0.2619999945163727,1.5049999952316284,2.9763998985290527,10000,0.8816999999999192,0.7253,1,0.06409999999999999,0.0283,376832,15,15,0.7813,7712,0,0,11.521400451660156,5.968599796295166,1.5785000324249268,1.3305000066757202,0.007000000216066837,0.13420000672340393,0,0,0,0,0,0,0,0,0,0,0,0,0
204,38.47880172729492,4.3850998878479,14.098799705505371,2.9644999504089355,1.2618999481201172,1.8984999656677246,8.545100212097168,0.5307999849319458,10000,10009,20000,10006,20000,20000,10000,0.2190999984741211,2.007200002670288,3.1013998985290527,10000,1.304899999999881,1.0546,1,0.0874,0.0371,376832,15,15,1.0691,498088,0,0,18.56909942626953,8.870100021362305,2.3333001136779785,3.9061999320983887,0.3091000020503998,1.013100028038025,0,0,0,0,0,0,0,0,0,0,0,0,0
205,65.33059692382812,31.454999923706055,22.311100006103516,4.608099937438965,6.035699844360352,3.23009991645813,5.582699775695801,0.5077999830245972,10000,10009,20000,10006,20000,20000,10000,0.22939999401569366,1.8104000091552734,3.6001999378204346,10000,0.7773999999999329,0.6383,1,0.0583,0.0327,376832,15,15,0.9143,38608,0,0,53.90359878540039,5.81790018081665,1.3665000200271606,1.5089999437332153,0.2168000042438507,0.09989999979734421,0.0081,8.145000457763672,0.0964,13.138,19.1452,5.7142,0.466,1,2347732,155920,10000,33929,9987
206,28.441999435424805,0.1574999988079071,15.965100288391113,3.9244000911712646,2.6328001022338867,1.1294000148773193,6.421599864959717,0.6225000023841858,10000,10009,20000,10006,20000,20000,10000,0.2694000005722046,2.106600046157837,3.046299934387207,10000,0.8307999999999254,0.7404,1,0.0711,0.031,376832,15,15,0.8707,7712,0,0,16.20509910583496,6.448800086975098,1.6819000244140625,1.3087999820709229,0.007699999958276749,0.11940000206232071,0,0,0,0,0,0,0,0,0,0,0,0,0
207,33.515499114990234,4.181000232696533,13.543499946594238,2.688499927520752,1.294800043106079,2.011899948120117,6.774799823760986,0.48030000925064087,10000,10009,20000,10006,20000,20000,10000,0.23489999771118164,1.8142999410629272,3.0006000995635986,10000,0.9900999999999109,0.7722,1,0.0678,0.0332,376832,15,15,0.7834,519720,0,0,17.820100784301758,7.122000217437744,1.6959999799728394,3.776400089263916,0.329800009727478,0.14470000565052032,0,0,0,0,0,0,0,0,0,0,0,0,0
208,35.811798095703125,3.7657999992370605,15.312100410461426,3.2437000274658203,1.7168999910354614,1.3272000551223755,7.993000030517578,0.5317000150680542,10000,10009,20000,10006,20000,20000,10000,0.2337999939918518,2.1477999687194824,3.653700113296509,10000,1.283599999999883,1.0251,1,0.09230000000000001,0.0379,376832,15,15,1.204,42112,0,0,19.190200805664062,8.025500297546387,2.3292999267578125,2.1328001022338867,0.011500000022351742,0.12759999930858612,0,0,0,0,0,0,0,0,0,0,0,0,0
209,37.28889846801758,0.1932000070810318,17.491899490356445,4.565999984741211,2.047499895095825,1.3938000202178955,10.7746000289917,0.5604000091552734,10000,10009,20000,10006,20000,20000,10000,0.27489998936653137,2.446899890899658,3.8782999515533447,10000,1.3975999999998725,1.0613,1,0.10560000000000001,0.0407,376832,15,15,1.1041,7712,0,0,17.782800674438477,10.810600280761719,2.4014999866485596,1.840000033378601,0.012500000186264515,0.18150000274181366,0,0,0,0,0,0,0,0,0,0,0,0,0
210,37.29399871826172,2.6106998920440674,18.668800354003906,4.1209001541137695,2.4672999382019043,1.6607999801635742,8.083200454711914,0.5834000110626221,10000,10009,20000,10006,20000,20000,10000,0.23240000009536743,2.50819993019104,4.538899898529053,10000,1.2055999999998892,1.112,1,0.0789,0.0312,376832,15,15,1.0081,15952,0,0,21.404300689697266,8.107500076293945,2.4173998832702637,1.688599944114685,0.007300000172108412,0.14499999582767487,0,0,0,0,0,0,0,0,0,0,0,0,0
211,56.87799835205078,16.068899154663086,21.891300201416016,3.5810999870300293,4.794600009918213,4.503399848937988,8.492600440979004,0.6909999847412109,10000,10009,20000,10006,20000,20000,10000,0.3133000135421753,2.317699909210205,3.3703999519348145,10000,1.4064999999998806,0.9085,1,0.0839,0.0378,376832,15,15,1.0292,558512,0,0,38.0536994934082,9.074799537658691,2.1161000728607178,3.5620999336242676,0.5648999810218811,0.15379999577999115,0.0079,0,0.0841,10.1764,10.4634,0.0003,0.3752,1,2282200,0,0,0,9927
212,45.91859817504883,0.2379000037908554,25.05430030822754,6.848700046539307,2.319200038909912,2.566800117492676,11.282500267028809,1.2200000286102295,10000,10009,20000,10006,20000,20000,10000,0.45210000872612,2.928800106048584,5.372499942779541,10000,1.6291999999998499,1.0966,1,0.10139999999999999,0.037,376832,15,15,1.1902,7712,0,0,25.388700485229492,11.310999870300293,2.6149001121520996,1.9012999534606934,0.008999999612569809,0.1738000065088272,0,0,0,0,0,0,0,0,0,0,0,0,0
213,44.36899948120117,5.363500118255615,19.269500732421875,4.702000141143799,1.6627000570297241,2.9342000484466553,10.207099914550781,0.7702000141143799,10000,10009,20000,10006,20000,20000,10000,0.3700999915599823,2.601799964904785,3.6693999767303467,10000,1.152199999999895,0.7247,1,0.0731,0.0327,376832,15,15,0.9411,606056,0,0,24.743499755859375,10.700300216674805,1.6332999467849731,3.7829999923706055,0.4713999927043915,0.14399999380111694,0,0,0,0,0,0,0,0,0,0,0,0,0
214,46.202701568603516,13.760600090026855,17.6156005859375,2.9470999240875244,4.523200035095215,3.2163000106811523,8.755399703979492,0.5509999990463257,10000,10009,20000,10006,20000,20000,10000,0.22869999706745148,2.2060999870300293,2.0576000213623047,10000,0.8958999999999177,0.6036,1,0.064,0.0351,376832,15,15,0.7783,45968,0,0,31.461299896240234,9.0201997756958,1.389799952507019,1.489799976348877,0.24940000474452972,0.13600000739097595,0.0059,0,0.0649,7.5025,11.2273,3.4931,0.3075,1,2247816,151877,9996,33013,9987
215,24.62540054321289,0.16599999368190765,12.367799758911133,2.1231000423431396,1.1511000394821167,1.0983999967575073,6.05709981918335,0.41780000925064087,10000,10009,20000,10006,20000,20000,10000,0.22509999573230743,2.4758999347686768,2.9807000160217285,10000,0.9464999999999122,0.6785,1,0.0739,0.0288,376832,15,15,0.7192,7712,0,0,12.621100425720215,6.07859992980957,1.5930999517440796,1.3701000213623047,0.0066999997943639755,0.1412000060081482,0,0,0,0,0,0,0,0,0,0,0,0,0
216,67.40480041503906,29.081100463867188,24.287399291992188,4.78000020980835,5.39769983291626,4.4344000816345215,6.048299789428711,0.6585999727249146,10000,10009,20000,10006,20000,20000,10000,0.31690001487731934,2.9802000522613525,3.1882998943328857,10000,0.7092999999999382,0.6135,1,0.054299999999999994,0.0259,376832,15,15,0.6416,580888,0,0,53.47200012207031,6.498899936676025,1.3070000410079956,3.791800022125244,0.4343000054359436,0.1298999935388565,0.0075,6.921599864959717,0.0881,9.9746,15.4155,5.1641,0.3997,1,2185578,144828,9996,31191,9978
217,21.923900604248047,0.14949999749660492,10.942700386047363,1.9627000093460083,1.0917999744415283,1.1236000061035156,5.446499824523926,0.37529999017715454,10000,10009,20000,10006,20000,20000,10000,0.22450000047683716,1.4577000141143799,2.956899881362915,10000,0.7795999999999305,0.7018,1,0.0599,0.030400000000000003,376832,15,15,0.6905,7712,0,0,11.171500205993652,5.466400146484375,1.4838999509811401,1.2694000005722046,0.007199999876320362,0.11949999630451202,0,0,0,0,0,0,0,0,0,0,0,0,0
218,36.615299224853516,5.948800086975098,15.2431001663208,3.8487000465393066,1.9103000164031982,1.738700032234192,6.723400115966797,0.4562999904155731,10000,10009,20000,10006,20000,20000,10000,0.21330000460147858,1.747499942779541,3.166100025177002,10000,1.0033999999999081,0.7621,1,0.0675,0.033,376832,15,15,0.8233,588224,0,0,21.277299880981445,7.048099994659424,1.7044999599456787,3.487799882888794,0.31040000915527344,0.13899999856948853,0,0,0,0,0,0,0,0,0,0,0,0,0
219,31.173599243164062,0.1868000030517578,14.068499565124512,2.8606998920440674,1.1589000225067139,1.4815000295639038,9.088299751281738,0.5400999784469604,10000,10009,20000,10006,20000,20000,10000,0.2328999936580658,2.338900089263916,3.4707000255584717,10000,1.3102999999998797,0.9602,1,0.0929,0.0305,376832,15,15,0.9493,7712,0,0,14.34119987487793,9.113499641418457,2.1782000064849854,1.6871000528335571,0.009399999864399433,0.14399999380111694,0,0,0,0,0,0,0,0,0,0,0,0,0
220,46.46910095214844,4.616600036621094,18.342199325561523,4.284999847412109,1.3878999948501587,2.444200038909912,11.133299827575684,0.7585999965667725,10000,10009,20000,10006,20000,20000,10000,0.3140999972820282,2.7590999603271484,3.9052000045776367,10000,1.6267999999998508,1.0549,1,0.10220000000000001,0.0411,376832,15,15,1.1082,527288,0,0,23.049100875854492,11.512700080871582,2.578200101852417,4.720900058746338,0.35929998755455017,0.17219999432563782,0,0,0,0,0,0,0,0,0,0,0,0,0
221,56.599098205566406,16.2367000579834,23.641000747680664,4.343400001525879,5.577400207519531,4.0391998291015625,10.164299964904785,0.7615000009536743,10000,10009,20000,10006,20000,20000,10000,0.30630001425743103,2.860100030899048,3.341099977493286,10000,0.9812999999999092,0.6643,1,0.0637,0.026500000000000003,376832,15,15,1.0408,8048,0,0,39.980499267578125,10.445199966430664,1.4716999530792236,1.4282000064849854,0.2648000121116638,0.11819999665021896,0.0095,0,0.1095,13.9123,14.258,0.0012,0.4037,1,2123804,0,0,0,9913
222,25.14699935913086,0.15039999783039093,11.656000137329102,2.05649995803833,1.2918000221252441,1.4404000043869019,6.577499866485596,0.41019999980926514,10000,10009,20000,10006,20000,20000,10000,0.2328999936580658,1.7532000541687012,2.739000082015991,10000,1.0832999999998996,0.79,1,0.0741,0.032100000000000004,376832,15,15,0.9234,7712,0,0,11.883500099182129,6.597400188446045,1.830899953842163,1.4642000198364258,0.006399999838322401,0.14090000092983246,0,0,0,0,0,0,0,0,0,0,0,0,0
223,44.315101623535156,4.141499996185303,17.55590057373047,4.150100231170654,1.2343000173568726,2.244999885559082,11.02560043334961,0.7565000057220459,10000,10009,20000,10006,20000,20000,10000,0.3427000045776367,2.841099977493286,3.4458999633789062,10000,1.6688999999998464,1.0503,1,0.1486,0.042899999999999994,376832,15,15,1.221,514136,0,0,21.783000946044922,11.38479995727539,2.638400077819824,3.6614999771118164,0.3402999937534332,0.15950000286102295,0,0,0,0,0,0,0,0,0,0,0,0,0
224,55.001800537109375,21.850299835205078,21.72760009765625,4.1128997802734375,5.385300159454346,3.2465999126434326,5.508299827575684,0.640999972820282,10000,10009,20000,10006,20000,20000,10000,0.22679999470710754,1.8025000095367432,4.058800220489502,10000,0.7303999999999364,0.6321,1,0.05639999999999999,0.038900000000000004,376832,15,15,0.9624,45032,0,0,43.68560028076172,5.7154998779296875,1.3008999824523926,1.3916000127792358,0.1923000067472458,0.27219998836517334,0.0085,0,0.0844,9.2284,18.7342,9.2313,0.4101,1,2086284,141671,9997,30614,9984
225,22.817399978637695,0.1527000069618225,11.759099960327148,1.9256000518798828,1.6698999404907227,1.4775999784469604,5.466300010681152,0.37610000371932983,10000,10009,20000,10006,20000,20000,10000,0.2152000069618225,1.4837000370025635,2.8928000926971436,10000,0.8191999999999261,0.602,1,0.06010000000000001,0.0288,376832,15,15,0.7617,7712,0,0,11.994199752807617,5.484899997711182,1.413100004196167,1.2529000043869019,0.006500000134110451,0.13099999725818634,0,0,0,0,0,0,0,0,0,0,0,0,0
226,63.99140167236328,24.809999465942383,22.46179962158203,4.0005998611450195,4.970600128173828,4.326499938964844,8.494600296020508,0.7651000022888184,10000,10009,20000,10006,20000,20000,10000,0.27239999175071716,2.7544000148773193,3.00219988822937,10000,0.910799999999916,0.6428,1,0.0624,0.0315,376832,15,15,0.7352,582224,0,0,47.35219955444336,9.029899597167969,1.4293999671936035,3.3547000885009766,0.5185999870300293,0.1315000057220459,0.0073,5.727200031280518,0.0749,7.502,12.3561,4.6036,0.4738,1,2032562,136142,9995,29168,9980
227,23.34760093688965,0.15240000188350677,10.979100227355957,1.9681999683380127,0.9111999869346619,1.0153000354766846,6.146399974822998,0.4090999960899353,10000,10009,20000,10006,20000,20000,10000,0.2345999926328659,1.7573000192642212,2.967900037765503,10000,0.9119999999999157,0.6708,1,0.0643,0.0254,376832,15,15,0.7272,7712,0,0,11.214799880981445,6.1691999435424805,1.5507999658584595,1.5606000423431396,0.007699999958276749,0.15790000557899475,0,0,0,0,0,0,0,0,0,0,0,0,0
228,41.386199951171875,4.270299911499023,15.500100135803223,3.315700054168701,1.1268999576568604,2.1435000896453857,10.017999649047852,0.6251000165939331,10000,10009,20000,10006,20000,20000,10000,0.2581000030040741,2.589099884033203,3.2460999488830566,10000,1.6422999999998475,1.058,1,0.1052,0.0465,376832,15,15,1.1382,571832,0,0,19.872100830078125,10.407899856567383,2.536600112915039,3.864799976348877,0.3698999881744385,0.1809999942779541,0,0,0,0,0,0,0,0,0,0,0,0,0
229,41.59560012817383,3.235300064086914,17.95490074157715,4.229499816894531,1.579800009727478,1.9723000526428223,11.100600242614746,0.7495999932289124,10000,10009,20000,10006,20000,20000,10000,0.30070000886917114,2.8578999042510986,3.819200038909912,10000,1.6408999999998484,1.0549,1,0.1038,0.0415,376832,15,15,1.1467,54712,0,0,21.310300827026367,11.126099586486816,2.5546998977661133,1.90339994430542,0.009499999694526196,0.17350000143051147,0,0,0,0,0,0,0,0,0,0,0,0,0
230,39.915000915527344,0.2685999870300293,19.277000427246094,4.313199996948242,2.2627999782562256,1.7655999660491943,11.08240032196045,0.7635999917984009,10000,10009,20000,10006,20000,20000,10000,0.2930999994277954,2.8345999717712402,4.46619987487793,10000,1.64299999999985,1.1408,1,0.10200000000000001,0.0416,376832,15,15,1.2116,7712,0,0,19.645999908447266,11.108699798583984,2.66729998588562,1.7608000040054321,0.008999999612569809,0.15549999475479126,0,0,0,0,0,0,0,0,0,0,0,0,0
231,48.43659973144531,14.108599662780762,18.718299865722656,4.03980016708374,1.7620999813079834,2.226799964904785,8.08530044555664,0.7290999889373779,10000,10009,20000,10006,20000,20000,10000,0.28130000829696655,3.078900098800659,3.9860000610351562,10000,0.852699999999923,0.6764,1,0.0586,0.0222,376832,15,15,0.6529,595624,1,1,32.9203987121582,8.419500350952148,1.4266999959945679,3.047100067138672,0.31450000405311584,0.12319999933242798,0,0,0,0,0,0,0,0,0,0,0,0,0
232,38.73889923095703,7.446499824523926,16.542999267578125,2.6770999431610107,4.1620001792907715,2.8626999855041504,7.213799953460693,0.47620001435279846,10000,10009,20000,10006,20000,20000,10000,0.22609999775886536,1.843400001525879,2.4809999465942383,10000,1.1181999999998968,0.8059,1,0.0763,0.0326,376832,15,15,0.8766,25352,0,0,24.130800247192383,7.495999813079834,1.8863999843597412,1.8567999601364136,0.2662999927997589,0.14100000262260437,0.006,0,0.068,5.4524,5.7141,0.0008,0.357,1,1981306,0,0,0,9891
233,28.368099212646484,0.18000000715255737,12.905599594116211,2.428499937057495,0.9401000142097473,1.311900019645691,7.557300090789795,0.5185999870300293,10000,10009,20000,10006,20000,20000,10000,0.24289999902248383,2.3821001052856445,3.161099910736084,10000,1.241699999999885,1.0174,1,0.0822,0.0367,376832,15,15,0.8833,7712,0,0,13.172599792480469,7.5802001953125,2.2458999156951904,1.7237999439239502,0.007400000002235174,0.15809999406337738,0,0,0,0,0,0,0,0,0,0,0,0,0
234,46.97880172729492,4.657700061798096,19.1299991607666,4.748300075531006,1.6917999982833862,2.330399990081787,11.137800216674805,0.7706999778747559,10000,10009,20000,10006,20000,20000,10000,0.34040001034736633,2.746799945831299,3.8355000019073486,10000,1.6289999999998501,1.0432,1,0.1018,0.0383,376832,15,15,1.1676,521568,0,0,23.894800186157227,11.496600151062012,2.5418999195098877,4.378499984741211,0.336899995803833,0.17219999432563782,0,0,0,0,0,0,0,0,0,0,0,0,0
235,59.79029846191406,31.13050079345703,18.903099060058594,2.6635000705718994,4.9928998947143555,2.6979000568389893,4.895899772644043,0.41620001196861267,10000,10009,20000,10006,20000,20000,10000,0.23469999432563782,1.5644999742507935,4.153299808502197,10000,0.6709999999999424,0.4798,1,0.0509,0.0222,376832,15,15,0.5755,47752,0,0,50.143798828125,5.103099822998047,1.1110999584197998,1.2462999820709229,0.19359999895095825,0.12290000170469284,0.0095,9.779199600219727,0.1071,11.3604,17.8269,6.1351,0.4381,1,1949156,135450,9994,29036,9982
236,20.954500198364258,0.13819999992847443,10.62969970703125,1.7817000150680542,0.9757000207901001,1.2446000576019287,5.084000110626221,0.3716999888420105,10000,10009,20000,10006,20000,20000,10000,0.24400000274181366,1.5343999862670898,2.756700038909912,10000,0.7521999999999335,0.6113,1,0.058399999999999994,0.028200000000000003,376832,15,15,0.6464,7712,0,0,10.844499588012695,5.104000091552734,1.3530999422073364,1.2376999855041504,0.005799999926239252,0.13330000638961792,0,0,0,0,0,0,0,0,0,0,0,0,0
237,33.83000183105469,4.235400199890137,13.123100280761719,2.5829999446868896,0.9926999807357788,1.7992000579833984,7.357900142669678,0.4846000075340271,10000,10009,20000,10006,20000,20000,10000,0.22540000081062317,2.043800115585327,3.032900094985962,10000,1.1268999999998952,0.8012,1,0.0751,0.031100000000000003,376832,15,15,0.8353,512968,0,0,17.438499450683594,7.693399906158447,1.8776999711990356,3.452899932861328,0.320499986410141,0.1542000025510788,0,0,0,0,0,0,0,0,0,0,0,0,0
238,70.91590118408203,28.541000366210938,29.7637996673584,7.02370023727417,8.370100021362305,4.281899929046631,6.354899883270264,1.1181000471115112,10000,10009,20000,10006,20000,20000,10000,0.32109999656677246,2.3619000911712646,3.522599935531616,10000,0.7718999999999313,0.7059,1,0.0556,0.0291,376832,15,15,0.8566,56864,0,0,58.40190124511719,6.603000164031982,1.4169000387191772,1.79830002784729,0.23010000586509705,0.1347000002861023,0.009,8.664899826049805,0.1125,10.4843,16.5397,5.7264,0.4444,1,1904688,129886,9993,27608,9973
239,24.534400939941406,0.19329999387264252,12.697999954223633,1.9407000541687012,1.1124999523162842,1.436400055885315,5.906700134277344,0.4390999972820282,10000,10009,20000,10006,20000,20000,10000,0.3352000117301941,1.8694000244140625,3.5845000743865967,10000,0.8941999999999178,0.6183,1,0.063,0.0221,376832,15,15,0.7541,7712,0,0,12.989700317382812,5.927499771118164,1.4752000570297241,1.3345999717712402,0.007300000172108412,0.14190000295639038,0,0,0,0,0,0,0,0,0,0,0,0,0
240,33.44219970703125,2.37280011177063,14.123600006103516,2.8589999675750732,1.0672999620437622,1.6929999589920044,8.883199691772461,0.5436000227928162,10000,10009,20000,10006,20000,20000,10000,0.2815000116825104,2.384399890899658,3.332900047302246,10000,1.2757999999998826,1.0386,1,0.08460000000000001,0.0342,376832,15,15,1.0772,15952,0,0,16.606399536132812,8.908300399780273,2.2565999031066895,1.7483999729156494,0.008100000210106373,0.16089999675750732,0,0,0,0,0,0,0,0,0,0,0,0,0
241,54.13079833984375,6.098199844360352,25.225200653076172,4.2322001457214355,1.2960000038146973,2.4077000617980957,11.174799919128418,0.7389000058174133,10000,10009,20000,10006,20000,20000,10000,7.348899841308594,3.145400047302246,3.5218000411987305,10000,1.650399999999848,0.9506,1,0.10460000000000001,0.0455,376832,15,15,1.1462,639440,0,0,31.423900604248047,11.60219955444336,2.4426000118255615,3.953399896621704,0.4050999879837036,0.1363999992609024,0,0,0,0,0,0,0,0,0,0,0,0,0
242,32.010101318359375,0.19699999690055847,14.824799537658691,2.7367000579833984,1.534000039100647,2.2358999252319336,9.267999649047852,0.4959999918937683,10000,10009,20000,10006,20000,20000,10000,0.24650000035762787,2.11899995803833,3.4277000427246094,10000,1.342899999999886,0.8943,1,0.0839,0.033,376832,15,15,0.9291,7712,0,0,15.115699768066406,9.29640007019043,2.0831000804901123,1.6614999771118164,0.010400000028312206,0.15950000286102295,0,0,0,0,0,0,0,0,0,0,0,0,0
243,41.02410125732422,2.022599935531616,17.872100830078125,3.841399908065796,1.677299976348877,1.6603000164031982,11.311300277709961,0.715499997138977,10000,10009,20000,10006,20000,20000,10000,0.28540000319480896,2.7797000408172607,4.370500087738037,10000,1.6315999999998505,1.2089,1,0.1043,0.0337,376832,15,15,1.1094,15952,0,0,19.99799919128418,11.339200019836426,3.0350000858306885,1.9912999868392944,0.009200000204145908,0.1696999967098236,0,0,0,0,0,0,0,0,0,0,0,0,0
244,52.20389938354492,13.358200073242188,23.56220054626465,3.7588000297546387,4.97790002822876,4.438600063323975,7.5584001541137695,0.7628999948501587,10000,10009,20000,10006,20000,20000,10000,0.2980000078678131,3.6259000301361084,3.3541998863220215,10000,0.8638999999999217,0.617,1,0.0616,0.0286,376832,15,15,0.7639,543192,0,0,37.01919937133789,8.065699577331543,1.3938000202178955,2.970099925994873,0.4903999865055084,0.12729999423027039,0.0077,0,0.0804,8.1506,8.5633,0.0009,0.3399,1,1855224,0,0,0,9868
245,24.143999099731445,0.15940000116825104,11.999300003051758,1.948099970817566,0.932200014591217,2.0899999141693115,5.912600040435791,0.3869999945163727,10000,10009,20000,10006,20000,20000,10000,0.22699999809265137,1.8025000095367432,2.9179999828338623,10000,0.9178999999999151,0.6933,1,0.06420000000000001,0.0283,376832,15,15,0.7157,7712,0,0,12.240900039672852,5.934000015258789,1.6003999710083008,1.5398999452590942,0.007499999832361937,0.16009999811649323,0,0,0,0,0,0,0,0,0,0,0,0,0
246,32.80329895019531,2.422300100326538,14.094799995422363,2.8120999336242676,1.4079999923706055,1.3396999835968018,8.538200378417969,0.6359000205993652,10000,10009,20000,10006,20000,20000,10000,0.26739999651908875,2.1893999576568604,3.434499979019165,10000,1.2525999999998856,0.8452,1,0.08209999999999999,0.035500000000000004,376832,15,15,1.08,15952,0,0,16.62969970703125,8.564299583435059,2.023900032043457,1.725600004196167,0.00860000029206276,0.15440000593662262,0,0,0,0,0,0,0,0,0,0,0,0,0
247,63.98889923095703,20.44729995727539,25.923799514770508,4.324999809265137,6.000500202178955,5.1219000816345215,9.440600395202637,0.7580999732017517,10000,10009,20000,10006,20000,20000,10000,0.34880000352859497,2.7797999382019043,3.8659000396728516,10000,0.9621999999999103,0.6659,1,0.06539999999999999,0.0269,376832,15,15,0.7393,596000,0,0,46.477500915527344,10.01550006866455,1.4844000339508057,3.063699960708618,0.557699978351593,0.13330000638961792,0.0091,0,0.0928,8.6898,14.0662,5.0935,0.4146,1,1838438,130188,9993,27450,9972
248,24.037799835205078,0.16529999673366547,11.741700172424316,2.1294000148773193,0.9609000086784363,1.4686000347137451,5.856400012969971,0.41019999980926514,10000,10009,20000,10006,20000,20000,10000,0.22470000386238098,1.7105000019073486,2.9983999729156494,10000,0.896799999999918,0.7604,1,0.06420000000000001,0.0289,376832,15,15,0.8716,7712,0,0,12.008600234985352,5.8780999183654785,1.6333999633789062,1.565000057220459,0.007499999832361937,0.1420000046491623,0,0,0,0,0,0,0,0,0,0,0,0,0
249,37.04819869995117,4.153200149536133,15.162300109863281,2.9221999645233154,1.1822999715805054,2.141700029373169,8.07349967956543,0.5253000259399414,10000,10009,20000,10006,20000,20000,10000,0.37220001220703125,2.79229998588562,3.143399953842163,10000,1.2123999999998885,0.82,1,0.0804,0.0333,376832,15,15,0.8732,566992,0,0,19.41659927368164,8.41100025177002,1.9901000261306763,3.662400007247925,0.31940001249313354,0.16269999742507935,0,0,0,0,0,0,0,0,0,0,0,0,0
250,64.36930084228516,27.28350067138672,24.775299072265625,4.42549991607666,5.837100028991699,4.366700172424316,6.243100166320801,0.7802000045776367,10000,10009,20000,10006,20000,20000,10000,0.35830000042915344,2.062000036239624,4.236999988555908,10000,0.7853999999999305,0.7448,1,0.0563,0.0281,376832,15,15,0.7831,58568,0,0,52.15890121459961,6.462100028991699,1.4427000284194946,1.6686999797821045,0.20499999821186066,0.14139999449253082,0.0086,8.202899932861328,0.0981,10.101,15.6294,5.2258,0.4493,1,1800648,125747,9993,26467,9966
251,24.462799072265625,0.19210000336170197,12.778400421142578,1.9872000217437744,1.4574999809265137,1.4723999500274658,5.833000183105469,0.43950000405311584,10000,10009,20000,10006,20000,20000,10000,0.3125999867916107,1.6162999868392944,3.5409998893737793,10000,0.8733999999999207,0.6246,1,0.0637,0.0235,376832,15,15,0.6871,7712,0,0,13.072099685668945,5.857100009918213,1.4743000268936157,1.3425999879837036,0.00860000029206276,0.14910000562667847,0,0,0,0,0,0,0,0,0,0,0,0,0
252,36.651798248291016,4.127099990844727,14.288299560546875,2.916599988937378,1.3278000354766846,2.012500047683716,8.18280029296875,0.5196999907493591,10000,10009,20000,10006,20000,20000,10000,0.24940000474452972,2.075700044631958,3.0617001056671143,10000,1.240799999999886,1.0083,1,0.08149999999999999,0.0361,376832,15,15,1.0221,524512,0,0,18.519399642944336,8.52649974822998,2.196899890899658,3.643899917602539,0.32850000262260437,0.1597999930381775,0,0,0,0,0,0,0,0,0,0,0,0,0
253,40.63629913330078,3.0188000202178955,16.992000579833984,3.7839999198913574,1.3842999935150146,1.81659996509552,11.108099937438965,0.70660001039505,10000,10009,20000,10006,20000,20000,10000,0.3215999901294708,2.829200029373169,3.6926000118255615,10000,1.6365999999998493,1.1549,1,0.10289999999999999,0.0431,376832,15,15,1.1219,58232,0,0,20.11989974975586,11.133899688720703,2.66510009765625,2.057499885559082,0.008299999870359898,0.18649999797344208,0,0,0,0,0,0,0,0,0,0,0,0,0
254,41.6338005065918,0.2718999981880188,20.43280029296875,4.191100120544434,1.569200038909912,2.452899932861328,11.456100463867188,1.2347999811172485,10000,10009,20000,10006,20000,20000,10000,0.3589000105857849,3.1377999782562256,4.383900165557861,10000,1.6771999999998481,1.0393,1,0.10389999999999999,0.0461,376832,15,15,1.1687,7712,0,0,20.82270050048828,11.489899635314941,2.6008999347686768,1.9316999912261963,0.010599999688565731,0.17739999294281006,0,0,0,0,0,0,0,0,0,0,0,0,0
255,44.49679946899414,5.61870002746582,19.01420021057129,3.9346001148223877,1.9819999933242798,2.3870999813079834,10.484000205993652,0.7692000269889832,10000,10009,20000,10006,20000,20000,10000,0.39559999108314514,2.966200113296509,3.78439998626709,10000,1.3607999999998786,0.8816,1,0.0875,0.0349,376832,15,15,1.0157,541840,0,0,24.749900817871094,10.853899955749512,1.9336999654769897,2.924999952316284,0.3483000099658966,0.13519999384880066,0,0,0,0,0,0,0,0,0,0,0,0,0
256,42.6526985168457,7.518499851226807,18.210500717163086,2.919600009918213,4.590199947357178,3.305000066757202,9.784799575805664,0.5213000178337097,10000,10009,20000,10006,20000,20000,10000,0.22059999406337738,1.9838000535964966,2.848099946975708,10000,1.032999999999906,0.741,1,0.068,0.0293,376832,15,15,0.9135,8048,0,0,25.814899444580078,10.053400039672852,1.8033000230789185,1.7379000186920166,0.24199999868869781,0.13609999418258667,0.0063,0,0.0676,5.5596,5.7577,0.0002,0.2796,1,1769188,0,0,0,9831
257,27.71430015563965,0.19910000264644623,13.946200370788574,2.5241000652313232,1.7342000007629395,1.3528000116348267,7.172800064086914,0.44290000200271606,10000,10009,20000,10006,20000,20000,10000,0.24279999732971191,1.8425999879837036,3.63100004196167,10000,0.9559999999999126,0.7753,1,0.0683,0.027299999999999998,376832,15,15,0.9345,7712,0,0,14.250100135803223,7.203100204467773,1.6979000568389893,1.438599944114685,0.009399999864399433,0.14319999516010284,0,0,0,0,0,0,0,0,0,0,0,0,0
258,41.85749816894531,4.320000171661377,18.34709930419922,3.4635000228881836,3.006200075149536,2.302999973297119,7.899499893188477,0.5392000079154968,10000,10009,20000,10006,20000,20000,10000,0.2565000057220459,2.4159998893737793,3.786600112915039,10000,1.070199999999901,0.9431,1,0.0739,0.0344,376832,15,15,0.9724,529800,0,0,22.77199935913086,8.242500305175781,1.9699000120162964,5.446300029754639,0.32260000705718994,0.17679999768733978,0,0,0,0,0,0,0,0,0,0,0,0,0
259,55.362300872802734,16.309999465942383,23.37299919128418,3.5601999759674072,5.35699987411499,3.8041000366210938,8.192500114440918,0.795199990272522,10000,10009,20000,10006,20000,20000,10000,0.2874999940395355,3.6963999271392822,3.3705999851226807,10000,1.181999999999891,0.7665,1,0.08050000000000002,0.030199999999999998,376832,15,15,1.0236,44472,0,0,39.80329895019531,8.478799819946289,1.7582999467849731,1.666599988937378,0.263700008392334,0.11990000307559967,0.0105,0,0.1196,7.8661,12.4831,4.3194,0.3762,1,1756100,127839,9995,26872,9964
260,29.25950050354004,0.1996999979019165,15.156700134277344,2.499000072479248,1.6211999654769897,1.569599986076355,7.0183000564575195,0.683899998664856,10000,10009,20000,10006,20000,20000,10000,0.2879999876022339,2.989300012588501,3.1735999584198,10000,0.9507999999999116,0.7765,1,0.0673,0.0298,376832,15,15,0.9522,7712,0,0,15.445799827575684,7.045199871063232,2.0660998821258545,1.4917000532150269,0.007300000172108412,0.1492999941110611,0,0,0,0,0,0,0,0,0,0,0,0,0
261,38.89699935913086,4.652500152587891,15.946599960327148,4.211299896240234,1.5303000211715698,1.7062000036239624,8.989700317382812,0.5235999822616577,10000,10009,20000,10006,20000,20000,10000,0.2046000063419342,2.2548000812530518,3.23799991607666,10000,1.0548999999999018,0.7713,1,0.07680000000000001,0.030900000000000004,376832,15,15,0.8351,575400,0,0,20.691299438476562,9.336700439453125,1.7663999795913696,3.8510000705718994,0.3303999900817871,0.14480000734329224,0,0,0,0,0,0,0,0,0,0,0,0,0
262,60.19559860229492,20.64419937133789,25.215700149536133,5.499000072479248,7.1483001708984375,3.253499984741211,7.828400135040283,0.5885000228881836,10000,10009,20000,10006,20000,20000,10000,0.2818000018596649,2.026599884033203,4.160699844360352,10000,0.7990999999999284,0.79,1,0.06659999999999999,0.0341,376832,15,15,0.73,65232,0,0,45.95130157470703,8.059100151062012,1.6240999698638916,1.919800043106079,0.21150000393390656,0.14390000700950623,0.0073,6.492300033569336,0.0971,6.7724,11.007,3.9441,0.4089,1,1724248,123259,9996,25881,9961
263,28.344900131225586,0.23160000145435333,15.142399787902832,2.323199987411499,2.216599941253662,1.4347000122070312,6.729499816894531,0.4343000054359436,10000,10009,20000,10006,20000,20000,10000,0.22300000488758087,2.338099956512451,3.9637999534606934,10000,0.9114999999999186,0.7539,1,0.064,0.0259,376832,15,15,0.9915,7712,0,0,15.48009967803955,6.758900165557861,1.6437000036239624,1.3632999658584595,0.008200000040233135,0.1234000027179718,0,0,0,0,0,0,0,0,0,0,0,0,0
264,36.93669891357422,5.139100074768066,15.744400024414062,3.0297999382019043,2.394700050354004,1.6477999687194824,7.348899841308594,0.474700003862381,10000,10009,20000,10006,20000,20000,10000,0.2912999987602234,1.975000023841858,3.591099977493286,10000,0.9498999999999136,0.7138,1,0.06620000000000001,0.0326,376832,15,15,0.8883,630288,0,0,20.974000930786133,7.736299991607666,1.6279000043869019,3.525399923324585,0.37119999527931213,0.14980000257492065,0,0,0,0,0,0,0,0,0,0,0,0,0
265,31.32430076599121,2.856600046157837,14.543600082397461,2.6401000022888184,1.333799958229065,2.003000020980835,7.279399871826172,0.4964999854564667,10000,10009,20000,10006,20000,20000,10000,0.22010000050067902,2.7774999141693115,3.066200017929077,10000,1.026499999999905,0.7853,1,0.06999999999999999,0.033600000000000005,376832,15,15,0.8861,59416,0,0,17.496299743652344,7.30709981918335,1.7446000576019287,1.542099952697754,0.00860000029206276,0.1551000028848648,0,0,0,0,0,0,0,0,0,0,0,0,0
266,29.96299934387207,0.2298000007867813,14.441900253295898,2.707200050354004,1.580299973487854,1.4565000534057617,7.811999797821045,0.5026000142097473,10000,10009,20000,10006,20000,20000,10000,0.259799987077713,2.010200023651123,3.84879994392395,10000,1.3019999999998813,0.7941,1,0.0745,0.036500000000000005,376832,15,15,0.8596,7712,0,0,14.785499572753906,7.837699890136719,1.8183000087738037,1.5013999938964844,0.008200000040233135,0.3612000048160553,0,0,0,0,0,0,0,0,0,0,0,0,0
267,36.08100128173828,4.049900054931641,13.67020034790039,3.0027999877929688,1.0721999406814575,1.7381000518798828,8.505599975585938,0.5460000038146973,10000,10009,20000,10006,20000,20000,10000,0.27639999985694885,2.054500102996826,2.8907999992370605,10000,1.212799999999889,0.7753,1,0.0856,0.0292,376832,15,15,0.9334,464360,0,0,17.835800170898438,8.800100326538086,1.8700000047683716,3.916300058364868,0.2775000035762787,0.14880000054836273,0,0,0,0,0,0,0,0,0,0,0,0,0
268,47.292999267578125,10.01669979095459,19.05340003967285,3.1823999881744385,4.698999881744385,3.229599952697754,9.712200164794922,0.5569999814033508,10000,10009,20000,10006,20000,20000,10000,0.3102000057697296,2.5418999195098877,2.4581000804901123,10000,1.164899999999892,0.8676,1,0.0819,0.0346,376832,15,15,0.9621,8048,0,0,29.18720054626465,10.007499694824219,2.1816999912261963,2.34060001373291,0.2757999897003174,0.1451999992132187,0.0099,0,0.1336,7.6981,8.0126,0.0024,0.3348,1,1687642,0,0,0,9793
269,37.95100021362305,0.2824999988079071,22.03689956665039,5.286300182342529,2.8255999088287354,1.5759999752044678,8.367600440979004,0.8463000059127808,10000,10009,20000,10006,20000,20000,10000,0.31520000100135803,3.1468000411987305,4.82289981842041,10000,1.0796999999999002,0.8857,1,0.0731,0.0319,376832,15,15,0.8291,7712,0,0,22.4419002532959,8.397700309753418,1.8976999521255493,1.79830002784729,0.00860000029206276,0.2842999994754791,0,0,0,0,0,0,0,0,0,0,0,0,0
270,33.326900482177734,2.068000078201294,16.142900466918945,3.092099905014038,2.794800043106079,1.288100004196167,7.550099849700928,0.5756000280380249,10000,10009,20000,10006,20000,20000,10000,0.2500999867916107,2.1566998958587646,3.740999937057495,10000,1.1062999999998984,1.1349,1,0.072,0.0329,376832,15,15,1.0318,15952,0,0,18.315900802612305,7.575200080871582,2.1663999557495117,1.7813999652862549,0.008100000210106373,0.1412000060081482,0,0,0,0,0,0,0,0,0,0,0,0,0
271,60.830299377441406,18.918800354003906,24.47410011291504,4.305200099945068,5.895999908447266,4.048099994659424,8.110799789428711,0.5313000082969666,10000,10009,20000,10006,20000,20000,10000,0.2849999964237213,2.912400007247925,3.685800075531006,10000,1.1241999999998955,0.7237,1,0.0764,0.035500000000000004,376832,15,15,0.8123,640200,0,0,43.504600524902344,8.690099716186523,1.7753000259399414,3.5218000411987305,0.5616999864578247,0.15729999542236328,0.0084,0,0.0801,7.281,11.8514,4.2508,0.3787,1,1679672,126591,9994,26964,9959
272,31.843399047851562,0.1850000023841858,17.795799255371094,3.9897000789642334,2.4012999534606934,2.520699977874756,7.243800163269043,0.4993000030517578,10000,10009,20000,10006,20000,20000,10000,0.32499998807907104,2.5576999187469482,3.3877999782562256,10000,0.9876999999999081,0.7758,1,0.0692,0.034100000000000005,376832,15,15,1.0301,7712,0,0,18.070600509643555,7.27400016784668,1.7541999816894531,1.4728000164031982,0.008500000461935997,0.13300000131130219,0,0,0,0,0,0,0,0,0,0,0,0,0
273,40.26499938964844,4.504499912261963,15.838000297546387,3.7147998809814453,1.4148000478744507,1.7443000078201294,8.474100112915039,0.6061999797821045,10000,10009,20000,10006,20000,20000,10000,0.31619998812675476,2.1684999465942383,3.5975000858306885,10000,1.1999999999998912,0.9982,1,0.09759999999999999,0.0413,376832,15,15,1.0645,517632,0,0,20.437400817871094,8.849800109863281,2.197200059890747,4.88670015335083,0.35690000653266907,0.13079999387264252,0,0,0,0,0,0,0,0,0,0,0,0,0
274,58.43470001220703,21.494600296020508,23.219900131225586,4.291900157928467,4.814599990844727,5.150899887084961,6.577700138092041,0.8084999918937683,10000,10009,20000,10006,20000,20000,10000,0.2824000120162964,1.8926000595092773,3.2946999073028564,10000,0.9750999999999107,0.842,1,0.0754,0.0345,376832,15,15,0.8117,58576,0,0,44.81010055541992,6.838900089263916,1.799299955368042,1.8043999671936035,0.24240000545978546,0.14259999990463257,0.0118,6.664599895477295,0.1184,6.6517,11.4099,4.3812,0.4325,1,1650812,121412,9995,25588,9949
275,25.034799575805664,0.20280000567436218,13.130599975585938,2.875499963760376,1.18149995803833,1.4421000480651855,5.772200107574463,0.43470001220703125,10000,10009,20000,10006,20000,20000,10000,0.22179999947547913,1.7117999792099,3.078900098800659,10000,0.8158999999999267,0.7677,1,0.0616,0.0296,376832,15,15,0.7578,7712,0,0,13.441100120544434,5.7947001457214355,1.5460000038146973,1.5235999822616577,0.007400000002235174,0.15150000154972076,0,0,0,0,0,0,0,0,0,0,0,0,0
276,30.448699951171875,3.3438000679016113,14.738100051879883,2.329200029373169,1.7998000383377075,1.7171000242233276,6.148900032043457,0.44749999046325684,10000,10009,20000,10006,20000,20000,10000,0.2371000051498413,2.0308001041412354,3.9458999633789062,10000,0.8810999999999193,0.7822,1,0.0648,0.0301,376832,15,15,0.9678,15952,0,0,18.195499420166016,6.174300193786621,1.6261999607086182,1.3906999826431274,0.007699999958276749,0.1265999972820282,0,0,0,0,0,0,0,0,0,0,0,0,0
277,50.332298278808594,4.318299770355225,25.16939926147461,5.754899978637695,1.586899995803833,2.472399950027466,7.898099899291992,0.555400013923645,10000,10009,20000,10006,20000,20000,10000,0.26930001378059387,1.8884999752044678,3.530600070953369,10000,2.8672000000011013,0.892,1,0.09119999999999999,0.0538,376832,15,15,1.4256,531272,0,0,29.572799682617188,8.267000198364258,1.8974000215530396,4.712299823760986,0.34860000014305115,0.15049999952316284,0,0,0,0,0,0,0,0,0,0,0,0,0
278,32.66669845581055,3.449700117111206,14.675999641418457,2.8299999237060547,1.6999000310897827,1.9038000106811523,7.295300006866455,0.5421000123023987,10000,10009,20000,10006,20000,20000,10000,0.23839999735355377,2.174799919128418,3.1603000164031982,10000,1.0163999999999052,0.7484,1,0.06999999999999999,0.0325,376832,15,15,1.2365,54904,0,0,18.24169921875,7.322800159454346,1.7517000436782837,1.7411999702453613,0.008700000122189522,0.16609999537467957,0,0,0,0,0,0,0,0,0,0,0,0,0
279,36.20479965209961,0.3328000009059906,17.47330093383789,3.1522998809814453,2.748500108718872,1.3516000509262085,10.679800033569336,0.5152000188827515,10000,10009,20000,10006,20000,20000,10000,0.241799995303154,2.2128000259399414,4.218100070953369,10000,1.1260999999999024,0.9948,1,0.08310000000000001,0.0404,376832,15,15,1.0819,7712,0,0,17.936800003051758,10.71660041809082,2.00600004196167,1.8282999992370605,0.011300000362098217,0.1501999944448471,0,0,0,0,0,0,0,0,0,0,0,0,0
280,52.19409942626953,2.8559000492095947,25.7632999420166,5.769100189208984,2.9117000102996826,2.004300117492676,12.753800392150879,0.853600025177002,10000,10009,20000,10006,20000,20000,10000,1.9524999856948853,4.300099849700928,4.700900077819824,10000,1.5331999999998613,1.3334,1,0.10889999999999998,0.051500000000000004,376832,15,15,1.8582,15952,0,0,28.736900329589844,12.795599937438965,3.0390000343322754,2.1661999225616455,0.01119999960064888,0.16979999840259552,0,0,0,0,0,0,0,0,0,0,0,0,0
281,65.89739990234375,5.316699981689453,31.565000534057617,7.109099864959717,4.634500026702881,4.444200038909912,13.131099700927734,1.1598000526428223,10000,10009,20000,10006,20000,20000,10000,0.8946999907493591,4.441999912261963,5.04449987411499,10000,1.544699999999859,1.4003,1,0.1262,0.062299999999999994,376832,15,15,1.3206,583384,0,0,37.00189971923828,13.708900451660156,3.16729998588562,6.588099956512451,0.5454000234603882,0.15960000455379486,0,0,0,0,0,0,0,0,0,0,0,0,0
282,96.61289978027344,14.777600288391113,45.01620101928711,6.702400207519531,9.01990032196045,10.223999977111816,21.409000396728516,1.0247000455856323,10000,10009,20000,10006,20000,20000,10000,2.8666000366210938,6.6296000480651855,4.833199977874756,10000,1.8197999999998435,1.6251,1,0.1244,0.0563,376832,15,15,1.3065,8048,0,0,59.91559982299805,21.73550033569336,3.028700113296509,3.276599884033203,0.29420000314712524,0.19709999859333038,0.0028,0,0.1162,11.9273,12.2636,0,0.4148,1,1625102,0,0,0,9743
283,45.85960006713867,0.2793000042438507,24.419700622558594,5.202700138092041,2.6763999462127686,3.20169997215271,10.85200023651123,0.73580002784729,10000,10009,20000,10006,20000,20000,10000,0.6481999754905701,2.9941999912261963,5.02400016784668,10000,1.4709999999998642,1.0987,1,0.095,0.0389,376832,15,15,1.3288,7712,0,0,24.836700439453125,10.88640022277832,2.3991000652313232,2.1154000759124756,0.008500000461935997,0.19099999964237213,0,0,0,0,0,0,0,0,0,0,0,0,0
284,49.37799835205078,3.3046000003814697,24.07080078125,4.61460018157959,3.688999891281128,2.884500026702881,11.693499565124512,0.6855999827384949,10000,10009,20000,10006,20000,20000,10000,0.30720001459121704,4.430099964141846,4.640999794006348,10000,1.4192999999998688,1.1102,1,0.1107,0.048,376832,15,15,1.1078,15952,0,0,27.50950050354004,11.737700462341309,2.5845000743865967,2.010200023651123,0.011800000444054604,0.18809999525547028,0,0,0,0,0,0,0,0,0,0,0,0,0
285,52.40549850463867,4.6381001472473145,22.66819953918457,5.1631999015808105,1.636299967765808,4.038400173187256,11.747699737548828,0.5889000296592712,10000,10009,20000,10006,20000,20000,10000,0.34369999170303345,3.0952999591827393,4.772900104522705,10000,1.5434999999998678,1.0676,1,0.1419,0.0478,376832,15,15,1.0451,501592,0,0,27.43829917907715,12.175100326538086,2.401900053024292,5.6894001960754395,0.4020000100135803,0.17910000681877136,0,0,0,0,0,0,0,0,0,0,0,0,0
286,80.02839660644531,19.246200561523438,36.73139953613281,7.824699878692627,7.8856000900268555,5.905700206756592,12.657699584960938,1.1008000373840332,10000,10009,20000,10006,20000,20000,10000,0.5814999938011169,4.393899917602539,5.116399765014648,10000,1.4327999999998704,1.2502,1,0.10219999999999999,0.0574,376832,15,15,1.4481,46360,0,0,56.0984992980957,13.07960033416748,2.938499927520752,2.960700035095215,0.3921999931335449,0.17509999871253967,0.0023,0,0.1454,8.8158,14.8379,5.5872,0.5165,1,1618000,123596,9995,26460,9936
287,58.00859832763672,0.33090001344680786,30.40130043029785,6.874800205230713,3.2098000049591064,3.734600067138672,14.881199836730957,1.7807999849319458,10000,10009,20000,10006,20000,20000,10000,0.6259999871253967,5.099999904632568,4.9120001792907715,10000,1.51769999999987,1.5661,1,0.1101,0.0408,376832,15,15,1.4678,7712,0,0,30.86549949645996,14.928099632263184,3.516900062561035,2.4210000038146973,0.011699999682605267,0.18240000307559967,0,0,0,0,0,0,0,0,0,0,0,0,0
288,56.838199615478516,3.3364999294281006,29.745100021362305,7.950399875640869,3.686800003051758,3.1005001068115234,12.089099884033203,0.7961999773979187,10000,10009,20000,10006,20000,20000,10000,0.42309999465942383,4.375800132751465,5.713099956512451,10000,1.4597999999998696,1.7207,1,0.11689999999999999,0.0505,376832,15,15,1.0952,15952,0,0,33.21889877319336,12.13129997253418,3.1012001037597656,2.4791998863220215,0.012500000186264515,0.21459999680519104,0,0,0,0,0,0,0,0,0,0,0,0,0
289,91.997802734375,33.80799865722656,33.94620132446289,6.721399784088135,8.045299530029297,6.262700080871582,10.154000282287598,0.8946999907493591,10000,10009,20000,10006,20000,20000,10000,0.3865000009536743,3.1389999389648438,4.696599960327148,10000,1.2674999999998848,0.9461,1,0.10110000000000001,0.0445,376832,15,15,0.9746,658568,0,0,67.89990234375,10.900699615478516,2.073499917984009,5.196100234985352,0.7231000065803528,0.8805000185966492,0.0021,11.735799789428711,0.1546,8.5397,14.2645,5.2673,0.4312,1,1598250,120483,9996,25371,9919
290,42.306800842285156,0.25619998574256897,23.960800170898438,5.924499988555908,2.6394999027252197,2.8561999797821045,9.742600440979004,0.7279000282287598,10000,10009,20000,10006,20000,20000,10000,0.42559999227523804,3.900399923324585,4.320099830627441,10000,1.1842999999998922,0.9277,1,0.091,0.0451,376832,15,15,0.9824,7712,0,0,24.329099655151367,9.785799980163574,1.9996999502182007,2.3273000717163086,0.01360000018030405,0.17409999668598175,0,0,0,0,0,0,0,0,0,0,0,0,0
291,69.57360076904297,9.419099807739258,36.84809875488281,7.334700107574463,6.913300037384033,3.8620998859405518,10.773799896240234,0.8159999847412109,10000,10009,20000,10006,20000,20000,10000,0.4684999883174896,3.9296000003814697,9.135899543762207,10000,1.4731999999998642,1.1744,1,0.0931,0.030600000000000002,376832,15,15,1.1717,491768,0,0,46.384498596191406,11.213800430297852,2.5230000019073486,4.942399978637695,0.4083000123500824,0.193900004029274,0,0,0,0,0,0,0,0,0,0,0,0,0
292,46.885799407958984,3.6916000843048096,22.404800415039062,5.058599948883057,2.912400007247925,2.7844998836517334,10.804499626159668,0.8845999836921692,10000,10009,20000,10006,20000,20000,10000,0.3709000051021576,3.0107998847961426,4.09250020980835,10000,1.4287999999998757,1.0267,1,0.1247,0.055299999999999995,376832,15,15,1.184,58536,0,0,26.2101993560791,10.843000411987305,2.3215999603271484,2.023400068283081,0.01119999960064888,0.1762000024318695,0,0,0,0,0,0,0,0,0,0,0,0,0
293,49.95709991455078,0.2321999967098236,24.031299591064453,4.604000091552734,3.5773000717163086,3.140700101852417,10.249500274658203,0.7056999802589417,10000,10009,20000,10006,20000,20000,10000,0.38370001316070557,3.8812999725341797,4.982500076293945,10000,1.4100999999998745,0.9555,1,0.1305,0.052,376832,15,15,1.3185,7712,0,0,24.385299682617188,10.286700248718262,2.4247000217437744,1.5561000108718872,0.009100000374019146,6.7316999435424805,0,0,0,0,0,0,0,0,0,0,0,0,0
294,60.85350036621094,5.680200099945068,28.327699661254883,7.065800189971924,3.039099931716919,3.1417999267578125,12.323599815368652,1.417099952697754,10000,10009,20000,10006,20000,20000,10000,1.145799994468689,4.114500045776367,4.742599964141846,10000,1.4289999999998686,1.3683,1,0.10479999999999999,0.0493,376832,15,15,1.3108,549512,0,0,34.10820007324219,12.798199653625488,2.7188000679016113,5.373000144958496,0.44690001010894775,0.16949999332427979,0,0,0,0,0,0,0,0,0,0,0,0,0
295,65.59500122070312,9.177599906921387,33.39070129394531,6.188899993896484,7.171800136566162,6.084799766540527,12.59060001373291,0.8909000158309937,10000,10009,20000,10006,20000,20000,10000,0.5525000095367432,4.6072001457214355,4.575500011444092,10000,1.3011999999998827,1.1106,1,0.10219999999999999,0.0456,376832,15,15,1.2131,8048,0,0,42.69430160522461,13.012100219726562,2.480799913406372,2.9807000160217285,0.39079999923706055,0.1746000051498413,0.0022,0,0.1656,6.505,6.9193,0.0002,0.3783,1,1569308,0,0,0,9690
296,48.82500076293945,0.2791999876499176,27.785200119018555,6.284999847412109,3.5694000720977783,2.9979000091552734,11.97719955444336,1.128000020980835,10000,10009,20000,10006,20000,20000,10000,0.5098999738693237,4.014699935913086,5.601799964904785,10000,1.3401999999998762,0.9897,1,0.1079,0.050600000000000006,376832,15,15,1.1571,7712,0,0,28.194799423217773,12.016799926757812,2.3682000637054443,1.8420000076293945,0.011800000444054604,0.1468999981880188,0,0,0,0,0,0,0,0,0,0,0,0,0
297,59.86709976196289,6.260799884796143,28.190099716186523,8.042799949645996,3.0762999057769775,3.1519999504089355,11.633500099182129,1.003499984741211,10000,10009,20000,10006,20000,20000,10000,0.64410001039505,4.20959997177124,4.368100166320801,10000,1.8931999999998823,1.0813,1,0.1054,0.0993,376832,15,15,1.6237,442736,0,0,34.57659912109375,12.01710033416748,2.644399881362915,5.076900005340576,0.3562999963760376,0.19750000536441803,0,0,0,0,0,0,0,0,0,0,0,0,0
298,80.83830261230469,27.806400299072266,30.99020004272461,6.262700080871582,6.284999847412109,5.05109977722168,11.48799991607666,0.7005000114440918,10000,10009,20000,10006,20000,20000,10000,0.40689998865127563,5.107699871063232,4.355199813842773,10000,1.3960999999998756,1.1098,1,0.10419999999999999,0.0514,376832,15,15,1.5771,52248,0,0,58.91619873046875,11.800399780273438,2.838599920272827,2.3373000621795654,0.2831000089645386,0.18219999969005585,0.0027,10.990500450134277,0.1101,8.5568,12.9914,4.1914,0.3374,1,1569448,123701,9995,26586,9901
299,46.05229949951172,0.26409998536109924,26.020599365234375,5.336699962615967,3.396699905395508,2.793800115585327,10.268500328063965,1.2280000448226929,10000,10009,20000,10006,20000,20000,10000,0.429500013589859,3.4983999729156494,5.41949987411499,10000,1.1357999999998953,1.0699,1,0.0779,0.0382,376832,15,15,1.2106,7712,0,0,26.401500701904297,10.3125,2.5111000537872314,2.0566999912261963,0.01730000041425228,0.19609999656677246,0,0,0,0,0,0,0,0,0,0,0,0,0
300,56.102901458740234,6.78000020980835,23.93910026550293,5.092199802398682,2.5933001041412354,2.7421000003814697,11.116399765014648,0.7698000073432922,10000,10009,20000,10006,20000,20000,10000,0.5993000268936157,4.082900047302246,4.851200103759766,10000,1.3559999999998762,1.4652,1,0.1124,0.051699999999999996,376832,15,15,1.0211,543304,0,0,30.847999572753906,11.579400062561035,2.8310000896453857,6.517499923706055,0.4228000044822693,0.19789999723434448,0,0,0,0,0,0,0,0,0,0,0,0,0
301,87.0790023803711,30.07469940185547,34.6953010559082,6.035600185394287,8.511799812316895,5.874100208282471,11.860199928283691,0.8981999754905701,10000,10009,20000,10006,20000,20000,10000,0.46630001068115234,4.420400142669678,5.039700031280518,10000,1.2583999999998878,0.9322,1,0.09820000000000001,0.053,376832,15,15,1.0736,56800,0,0,64.8917007446289,12.168399810791016,2.1233999729156494,2.7901999950408936,0.2782000005245209,0.1737000048160553,0.0026,11.847399711608887,0.1441,7.0344,13.4794,6.0248,0.4249,1,1543408,120384,9996,25472,9897
302,45.635501861572266,0.22599999606609344,22.17530059814453,5.018499851226807,2.892899990081787,1.8912999629974365,12.893699645996094,0.7020999789237976,10000,10009,20000,10006,20000,20000,10000,0.42640000581741333,3.113300085067749,4.716400146484375,10000,1.9289999999998262,1.1025,1,0.20650000000000002,0.05349999999999999,376832,15,15,1.4881,7712,0,0,22.51140022277832,12.934300422668457,2.4279000759124756,1.8142000436782837,0.011500000022351742,0.17759999632835388,0,0,0,0,0,0,0,0,0,0,0,0,0
303,53.59600067138672,2.6872000694274902,27.14109992980957,5.71560001373291,3.6998000144958496,3.748300075531006,11.99530029296875,0.8557999730110168,10000,10009,20000,10006,20000,20000,10000,0.7505999803543091,4.439300060272217,4.518199920654297,10000,1.601499999999869,1.6415,1,0.12040000000000001,0.0419,376832,15,15,1.63,15952,0,0,29.945899963378906,12.037300109863281,3.2841999530792236,1.8985999822616577,0.012400000356137753,0.17890000343322754,0,0,0,0,0,0,0,0,0,0,0,0,0
304,58.23109817504883,5.306600093841553,27.246700286865234,6.477200031280518,2.767699956893921,3.532399892807007,11.495599746704102,0.8766000270843506,10000,10009,20000,10006,20000,20000,10000,0.6366999745368958,4.505099773406982,4.695799827575684,10000,1.3248999999998805,1.0111,1,0.1028,0.061700000000000005,376832,15,15,1.0859,537608,0,0,32.6775016784668,11.943300247192383,2.3282999992370605,5.963399887084961,0.41990000009536743,0.17239999771118164,0,0,0,0,0,0,0,0,0,0,0,0,0
305,53.660301208496094,4.002399921417236,26.17300033569336,6.234499931335449,3.90310001373291,3.193000078201294,12.592100143432617,0.9412000179290771,10000,10009,20000,10006,20000,20000,10000,1.0882999897003174,3.120699882507324,4.219600200653076,10000,1.4353999999998721,1.2517,1,0.09670000000000001,0.1094,376832,15,15,1.6194,54288,0,0,30.291400909423828,12.629899978637695,2.627500057220459,2.5739998817443848,0.011300000362098217,0.47540000081062317,0,0,0,0,0,0,0,0,0,0,0,0,0
306,47.113399505615234,0.33500000834465027,25.683700561523438,5.532400131225586,3.4375998973846436,3.1310999393463135,11.152099609375,0.8676999807357788,10000,10009,20000,10006,20000,20000,10000,1.0496000051498413,3.625999927520752,5.127399921417236,10000,1.2997999999998826,1.1181,1,0.10470000000000002,0.0484,376832,15,15,1.0673,7712,0,0,26.133100509643555,11.189800262451172,2.441999912261963,1.983199954032898,0.008700000122189522,0.17960000038146973,0,0,0,0,0,0,0,0,0,0,0,0,0
307,51.48249816894531,7.006899833679199,24.543899536132812,6.897500038146973,2.9844000339508057,2.9179000854492188,8.68589973449707,0.7623000144958496,10000,10009,20000,10006,20000,20000,10000,0.4668999910354614,2.661400079727173,4.738999843597412,10000,1.4471999999998684,0.9315,1,0.0784,0.039900000000000005,376832,15,15,1.1896,529968,0,0,31.678800582885742,9.088800430297852,2.22379994392395,4.056300163269043,0.37709999084472656,0.164900004863739,0,0,0,0,0,0,0,0,0,0,0,0,0
308,61.54119873046875,9.912300109863281,31.346799850463867,5.899499893188477,7.645199775695801,5.413300037384033,10.70359992980957,0.70169997215271,10000,10009,20000,10006,20000,20000,10000,0.38920000195503235,3.295799970626831,4.787199974060059,10000,1.3637999999998762,0.9353,1,0.0885,0.0365,376832,15,15,1.0475,8048,0,0,41.36280059814453,10.993200302124023,2.000699996948242,2.91729998588562,0.2612999975681305,0.18039999902248383,0.0028,0,0.1443,7.2365,7.6551,0.0001,0.3497,1,1517286,0,0,0,9632
309,45.23460006713867,0.2793000042438507,24.976900100708008,6.221499919891357,2.8271000385284424,2.3966000080108643,11.05519962310791,1.104099988937378,10000,10009,20000,10006,20000,20000,10000,0.4408000111579895,3.081199884414673,4.894499778747559,10000,1.4209999999998781,1.067,1,0.10110000000000001,0.05,376832,15,15,1.0918,7712,0,0,25.382200241088867,11.095800399780273,2.37719988822937,1.9564000368118286,0.013000000268220901,0.20069999992847443,0,0,0,0,0,0,0,0,0,0,0,0,0
310,56.832801818847656,7.208899974822998,24.236400604248047,5.704999923706055,2.148200035095215,3.5190000534057617,11.459600448608398,0.9038000106811523,10000,10009,20000,10006,20000,20000,10000,0.3684000074863434,4.173799991607666,4.165900230407715,10000,1.2753999999998844,1.0853,1,0.0893,0.0422,376832,15,15,1.1153,574656,0,0,31.57069969177246,11.937899589538574,2.492500066757202,6.690899848937988,0.4487999975681305,0.19179999828338623,0,0,0,0,0,0,0,0,0,0,0,0,0
311,73.4197006225586,24.724899291992188,27.677900314331055,4.5690999031066895,5.436299800872803,5.884399890899658,10.808699607849121,0.9697999954223633,10000,10009,20000,10006,20000,20000,10000,0.35740000009536743,3.947999954223633,3.9372000694274902,10000,1.4682999999998692,1.0743,1,0.10439999999999999,0.0479,376832,15,15,1.1252,44528,0,0,52.535301208496094,11.139599800109863,2.4946000576019287,2.523699998855591,0.2992999851703644,0.18870000541210175,0.0023,0,0.3097,14.1328,19.284,4.6671,0.4376,1,1516058,121574,9996,26071,9892
312,44.003501892089844,0.31209999322891235,24.128999710083008,6.347499847412109,3.1933000087738037,2.454900026321411,10.57610034942627,0.9129999876022339,10000,10009,20000,10006,20000,20000,10000,0.349700003862381,2.3057000637054443,5.019700050354004,10000,1.3203999999998803,0.8883,1,0.1101,0.0483,376832,15,15,1.3688,7712,0,0,24.56329917907715,10.609399795532227,2.0157999992370605,2.2246999740600586,0.011300000362098217,0.18520000576972961,0,0,0,0,0,0,0,0,0,0,0,0,0
313,44.99639892578125,3.286400079727173,22.23080062866211,4.788300037384033,3.365299940109253,2.782900094985962,10.231900215148926,0.736299991607666,10000,10009,20000,10006,20000,20000,10000,0.37290000915527344,2.5759999752044678,4.831299781799316,10000,1.3629999999998772,1.1054,1,0.10919999999999999,0.049300000000000004,376832,15,15,1.1594,15952,0,0,25.652000427246094,10.268099784851074,2.4797000885009766,2.1338000297546387,0.010700000450015068,0.1776999980211258,0,0,0,0,0,0,0,0,0,0,0,0,0
314,59.21419906616211,5.6020002365112305,27.914600372314453,6.3790998458862305,3.0745999813079834,3.8025999069213867,11.640600204467773,0.9341999888420105,10000,10009,20000,10006,20000,20000,10000,0.5356000065803528,4.576099872589111,4.765699863433838,10000,1.3583999999998824,1.0655,1,0.2249,0.0513,376832,15,15,1.4378,622304,0,0,33.642601013183594,12.131099700927734,2.509200096130371,6.100100040435791,0.46129998564720154,0.21459999680519104,0,0,0,0,0,0,0,0,0,0,0,0,0
315,80.04109954833984,28.585500717163086,30.42180061340332,5.829400062561035,5.938199996948242,5.2368998527526855,10.610799789428711,0.8367999792098999,10000,10009,20000,10006,20000,20000,10000,0.4235999882221222,3.468400001525879,5.450300216674805,10000,1.4728999999998669,1.1711,1,0.0976,0.053099999999999994,376832,15,15,1.2081,48920,0,0,59.12649917602539,10.962200164794922,2.6668999195098877,2.584700107574463,0.3212999999523163,0.31610000133514404,0.0023,9.955300331115723,0.0984,8.5232,13.7723,4.8811,0.3968,1,1497238,117091,9996,25133,9858
316,47.92129898071289,0.2824999988079071,28.264400482177734,7.99370002746582,3.6256000995635986,3.517699956893921,10.28849983215332,0.715399980545044,10000,10009,20000,10006,20000,20000,10000,0.5266000032424927,3.850600004196167,4.942200183868408,10000,1.1502999999998924,1.2712,1,0.0863,0.0427,376832,15,15,1.2207,7712,0,0,28.668699264526367,10.327199935913086,2.5164999961853027,2.414599895477295,0.009800000116229057,0.19900000095367432,0,0,0,0,0,0,0,0,0,0,0,0,0
317,47.764400482177734,3.033400058746338,23.224599838256836,6.052800178527832,2.999799966812134,2.7399001121520996,12.106399536132812,0.9196000099182129,10000,10009,20000,10006,20000,20000,10000,0.3400000035762787,2.579900026321411,4.296599864959717,10000,1.2701999999998836,1.0131,1,0.1053,0.0504,376832,15,15,1.0527,15952,0,0,26.3887996673584,12.15250015258789,2.2081000804901123,2.7479000091552734,0.022199999541044235,0.21320000290870667,0,0,0,0,0,0,0,0,0,0,0,0,0
318,57.601600646972656,5.324399948120117,28.019100189208984,7.037300109863281,3.808799982070923,3.662899971008301,11.167099952697754,0.9510999917984009,10000,10009,20000,10006,20000,20000,10000,0.44670000672340393,3.2195000648498535,4.8979997634887695,10000,1.5187999999998723,1.1009,1,0.10849999999999999,0.1353,376832,15,15,1.3219,596840,0,0,33.53390121459961,11.63860034942627,2.4563000202178955,4.997099876403809,0.4546000063419342,0.19689999520778656,0,0,0,0,0,0,0,0,0,0,0,0,0
319,54.84579849243164,8.538700103759766,26.489500045776367,6.1844000816345215,2.6751999855041504,3.2860000133514404,10.239800453186035,1.0384999513626099,10000,10009,20000,10006,20000,20000,10000,0.6223999857902527,4.456600189208984,4.412700176239014,10000,1.3246999999998794,1.1287,1,0.1026,0.0434,376832,15,15,1.1709,66760,1,0,35.15639877319336,10.276200294494629,2.4230000972747803,2.4159998893737793,0.009399999864399433,0.17990000545978546,0,0,0,0,0,0,0,0,0,0,0,0,0
320,45.57059860229492,0.29440000653266907,26.130300521850586,5.973999977111816,3.369499921798706,1.917099952697754,10.40310001373291,0.8841999769210815,10000,10009,20000,10006,20000,20000,10000,0.5701000094413757,4.184599876403809,5.747399806976318,10000,1.1620999999998916,1.2532,1,0.08350000000000002,0.0419,376832,15,15,1.0147,12424,0,0,26.71310043334961,10.47439956665039,2.5650999546051025,2.044100046157837,0.01140000019222498,0.19329999387264252,0,0,0,0,0,0,0,0,0,0,0,0,0
321,52.01620101928711,3.2718000411987305,25.148099899291992,5.214799880981445,3.217600107192993,2.116300106048584,12.93529987335205,0.7282000184059143,10000,10009,20000,10006,20000,20000,10000,0.529699981212616,2.988100051879883,7.38670015335083,10000,1.482499999999869,1.122,1,0.1309,0.0511,376832,15,15,1.5521,15952,0,0,28.573400497436523,12.972999572753906,2.6793999671936035,2.135200023651123,0.011900000274181366,0.22040000557899475,0,0,0,0,0,0,0,0,0,0,0,0,0
322,63.24530029296875,5.515699863433838,25.95949935913086,6.569900035858154,3.0578999519348145,2.7660000324249268,15.161700248718262,0.8766999840736389,10000,10009,20000,10006,20000,20000,10000,0.48240000009536743,3.148099899291992,5.053500175476074,10000,1.8047999999998339,1.2521,1,0.1347,0.058300000000000005,376832,15,15,1.2973,523528,0,0,31.59149932861328,15.69789981842041,3.1965999603271484,6.423500061035156,0.501800000667572,0.2289000004529953,0,0,0,0,0,0,0,0,0,0,0,0,0
323,70.1438980102539,11.62030029296875,35.71260070800781,7.502600193023682,10.180000305175781,4.383200168609619,11.202400207519531,0.8144000172615051,10000,10009,20000,10006,20000,20000,10000,0.4027999937534332,2.760499954223633,5.737299919128418,10000,1.4133999999998705,1.8747,1,0.11070000000000002,0.053,376832,15,15,1.3184,15664,0,0,47.480899810791016,11.484199523925781,3.5931999683380127,2.8929998874664307,0.25440001487731934,0.1923999935388565,0.0032,0,0.1758,8.3908,8.8942,0.0001,0.4374,1,1460134,0,0,0,9584
324,44.73749923706055,0.35260000824928284,26.510299682617188,6.127500057220459,3.977299928665161,2.5608999729156494,8.96560001373291,0.9609000086784363,10000,10009,20000,10006,20000,20000,10000,0.3472000062465668,3.3666000366210938,5.463200092315674,10000,1.2172999999998868,0.9222,1,0.1066,0.0489,376832,15,15,1.109,7712,0,0,26.995800018310547,9.001999855041504,2.0185000896453857,1.9178999662399292,0.009700000286102295,0.1444000005722046,0,0,0,0,0,0,0,0,0,0,0,0,0
325,44.2775993347168,3.063800096511841,23.42919921875,5.527599811553955,2.669800043106079,2.844099998474121,9.880399703979492,0.9218000173568726,10000,10009,20000,10006,20000,20000,10000,0.4120999872684479,2.8986001014709473,4.861100196838379,10000,1.1608999999998935,0.7649,1,0.0789,0.0345,376832,15,15,1.1132,15952,0,0,26.597200393676758,9.911600112915039,1.8653000593185425,2.1545000076293945,0.008999999612569809,0.1678999960422516,0,0,0,0,0,0,0,0,0,0,0,0,0
326,73.11489868164062,20.00429916381836,27.80780029296875,4.309000015258789,5.878900051116943,5.472700119018555,12.3503999710083,0.6208999752998352,10000,10009,20000,10006,20000,20000,10000,0.33090001344680786,4.404799938201904,4.094200134277344,10000,1.3259999999998775,1.0633,1,0.11080000000000001,0.0535,376832,15,15,1.2766,635808,0,0,47.92290115356445,13.028200149536133,2.495500087738037,5.220799922943115,0.6520000100135803,0.18690000474452972,0.0024,0,0.0942,7.418,12.9155,5.1062,0.3611,1,1456066,120850,9995,25816,9859
327,45.621700286865234,0.2948000133037567,25.051700592041016,4.5447998046875,3.7088000774383545,2.308300018310547,11.39900016784668,0.9757999777793884,10000,10009,20000,10006,20000,20000,10000,0.4745999872684479,4.74370002746582,5.028500080108643,10000,1.349799999999876,0.9707,1,0.1109,0.0426,376832,15,15,1.0758,7712,0,0,25.48259925842285,11.440799713134766,2.2929000854492188,1.9931999444961548,0.011599999852478504,0.19840000569820404,0,0,0,0,0,0,0,0,0,0,0,0,0
328,50.73149871826172,3.179500102996826,26.004199981689453,6.969200134277344,1.7726999521255493,3.1445000171661377,12.36240005493164,0.7666000127792358,10000,10009,20000,10006,20000,20000,10000,0.5446000099182129,4.2967000007629395,5.441400051116943,10000,1.378299999999871,1.0808,1,0.1054,0.0604,376832,15,15,1.1606,15952,0,0,29.338199615478516,12.401100158691406,2.4159998893737793,2.0495998859405518,0.00989999994635582,0.20880000293254852,0,0,0,0,0,0,0,0,0,0,0,0,0
329,60.84469985961914,5.587699890136719,28.07080078125,5.717800140380859,3.086899995803833,4.208399772644043,11.610099792480469,0.9010999798774719,10000,10009,20000,10006,20000,20000,10000,0.4909000098705292,4.999199867248535,4.867000102996826,10000,1.8431999999998385,1.3125,1,0.1365,0.059,376832,15,15,2.048,595384,0,0,33.77899932861328,12.11359977722168,2.9512999057769775,5.600500106811523,0.474700003862381,0.18129999935626984,0,0,0,0,0,0,0,0,0,0,0,0,0
330,84.69740295410156,32.837100982666016,31.508100509643555,5.389999866485596,8.345000267028809,4.9604997634887695,11.782400131225586,0.8924999833106995,10000,10009,20000,10006,20000,20000,10000,0.42969998717308044,2.728100061416626,5.676199913024902,10000,1.3698999999998753,0.7891,1,0.07719999999999999,0.0424,376832,15,15,0.8816,60832,0,0,64.4677963256836,12.10200023651123,1.892799973487854,2.1354000568389893,0.2944999933242798,0.17149999737739563,0.0025,12.274200439453125,0.1469,9.8925,15.15,4.8572,0.3903,1,1437766,114853,9995,24368,9825
331,36.65909957885742,0.2630000114440918,21.256799697875977,4.375699996948242,2.7328999042510986,2.649199962615967,7.513700008392334,0.6881999969482422,10000,10009,20000,10006,20000,20000,10000,0.38670000433921814,3.2012999057769775,4.471199989318848,10000,1.025799999999904,1.0139,1,0.0748,0.0348,376832,15,15,0.7921,7712,0,0,21.639999389648438,7.549099922180176,2.260699987411499,1.9610999822616577,0.008799999952316284,0.18070000410079956,0,0,0,0,0,0,0,0,0,0,0,0,0
332,41.153900146484375,2.859999895095825,21.043399810791016,4.659599781036377,2.0878000259399414,2.8259999752044678,8.66759967803955,0.866100013256073,10000,10009,20000,10006,20000,20000,10000,0.3531999886035919,2.443700075149536,4.702400207519531,10000,1.1856999999998905,1.081,1,0.10609999999999999,0.0442,376832,15,15,1.1501,15952,0,0,24.031700134277344,8.709199905395508,2.3345000743865967,2.0058999061584473,0.011500000022351742,0.18160000443458557,0,0,0,0,0,0,0,0,0,0,0,0,0
333,51.920101165771484,4.125999927520752,24.691999435424805,6.463500022888184,4.257500171661377,2.4414000511169434,9.898200035095215,0.6904000043869019,10000,10009,20000,10006,20000,20000,10000,0.3449999988079071,2.4523000717163086,4.634699821472168,10000,1.541399999999868,1.0063,1,0.12580000000000002,0.0901,376832,15,15,1.2212,593240,0,0,28.9424991607666,10.400300025939941,2.337899923324585,5.251399993896484,0.4779999852180481,0.17489999532699585,0,0,0,0,0,0,0,0,0,0,0,0,0
334,47.36050033569336,3.8864998817443848,23.624799728393555,5.489299774169922,3.0100998878479004,2.437299966812134,11.035699844360352,0.9243000149726868,10000,10009,20000,10006,20000,20000,10000,0.6819000244140625,3.0899999141693115,4.781099796295166,10000,1.5286999999998618,0.8447,1,0.10250000000000001,0.047400000000000005,376832,15,15,1.2253,51000,0,0,27.661800384521484,11.065600395202637,1.965999960899353,1.9148999452590942,0.01080000028014183,0.195700004696846,0,0,0,0,0,0,0,0,0,0,0,0,0
335,46.61360168457031,0.3224000036716461,22.115999221801758,4.336400032043457,3.6793999671936035,2.7702999114990234,12.625300407409668,0.7634000182151794,10000,10009,20000,10006,20000,20000,10000,0.42170000076293945,2.881999969482422,4.571000099182129,10000,2.4176000000000553,1.1425,1,0.9775999999999999,0.1604,376832,15,15,1.1459,7712,0,0,22.568500518798828,12.65999984741211,2.707900047302246,2.125200033187866,0.009100000374019146,0.18960000574588776,0,0,0,0,0,0,0,0,0,0,0,0,0
336,57.12879943847656,10.253499984741211,26.010299682617188,5.481299877166748,3.8410000801086426,3.26419997215271,8.883000373840332,0.5835000276565552,10000,10009,20000,10006,20000,20000,10000,0.3944000005722046,2.5185999870300293,5.593100070953369,10000,1.2516999999998901,0.8309,1,0.0747,0.0403,376832,15,15,0.9341,493776,0,0,36.39630126953125,10.028800010681152,1.9229999780654907,4.872700214385986,1.1198999881744385,0.19120000302791595,0,0,0,0,0,0,0,0,0,0,0,0,0
337,57.794498443603516,11.992500305175781,29.243999481201172,4.848199844360352,7.8796000480651855,4.997799873352051,7.806399822235107,0.8486999869346619,10000,10009,20000,10006,20000,20000,10000,0.37459999322891235,2.89520001411438,4.495500087738037,10000,1.0817999999998995,0.9494,1,0.0826,0.0402,376832,15,15,1.4352,8048,0,0,41.37220001220703,8.022700309753418,2.3617000579833984,2.0799999237060547,0.19280000030994415,0.17159999907016754,0.0021,0,0.1179,8.1055,8.4589,0.0001,1.3547,1,1401526,0,0,0,9519
338,37.9286994934082,0.27549999952316284,18.355300903320312,3.14739990234375,2.109600067138672,1.9917999505996704,9.365900039672852,0.838100016117096,10000,10009,20000,10006,20000,20000,10000,0.5407999753952026,2.906100034713745,4.001399993896484,10000,1.3607999999998754,0.8294,1,0.106,0.04820000000000001,376832,15,15,1.0953,7712,0,0,18.757999420166016,9.402099609375,1.8904000520706177,1.9988000392913818,0.011599999852478504,0.6165000200271606,0,0,0,0,0,0,0,0,0,0,0,0,0
339,51.95930099487305,4.782700061798096,21.08650016784668,4.035699844360352,1.715000033378601,3.2753000259399414,8.109600067138672,0.6437000036239624,10000,10009,20000,10006,20000,20000,10000,0.40470001101493835,3.4516000747680664,4.560100078582764,10000,1.1327999999998979,0.9264,1,0.07650000000000001,0.0317,376832,15,15,0.9992,525016,0,0,26.003400802612305,8.508899688720703,2.0536999702453613,3.7964000701904297,0.375,8.149299621582031,0,0,0,0,0,0,0,0,0,0,0,0,0
340,64.73660278320312,15.842000007629395,28.195899963378906,5.242300033569336,8.03030014038086,3.688999891281128,9.633099555969238,0.609000027179718,10000,10009,20000,10006,20000,20000,10000,0.35280001163482666,2.463099956512451,4.752399921417236,10000,1.609499999999859,0.8912,1,0.09400000000000001,0.045,376832,15,15,1.1603,40104,0,0,44.17219924926758,9.939299583435059,2.340100049972534,2.7471001148223877,0.2825999855995178,0.9818999767303467,0.0023,0,0.1344,7.4038,12.2497,4.4416,0.3649,1,1398782,117079,9992,25073,9811
341,41.348899841308594,0.20839999616146088,21.4768009185791,4.54640007019043,3.3570001125335693,2.6575000286102295,11.435400009155273,0.8507999777793884,10000,10009,20000,10006,20000,20000,10000,0.3968999981880188,2.5248000621795654,4.148200035095215,10000,1.1886999999998946,1.1116,1,0.07730000000000001,0.0423,376832,15,15,0.9541,7712,0,0,21.80229949951172,11.463000297546387,2.4976000785827637,1.914199948310852,0.009200000204145908,0.1964000016450882,0,0,0,0,0,0,0,0,0,0,0,0,0
342,48.643798828125,2.0766000747680664,21.556499481201172,5.441299915313721,2.572999954223633,2.506200075149536,7.568399906158447,0.8608999848365784,10000,10009,20000,10006,20000,20000,10000,0.34139999747276306,2.19950008392334,4.608399868011475,10000,1.0839999999999,0.8787,1,0.0736,0.0343,376832,15,15,0.9257,15952,0,0,23.732500076293945,7.593800067901611,1.9219000339508057,1.9573999643325806,0.008100000210106373,9.346699714660645,0,0,0,0,0,0,0,0,0,0,0,0,0
343,58.62730026245117,4.037899971008301,27.280399322509766,7.177299976348877,3.371500015258789,3.8132998943328857,12.93239974975586,1.09089994430542,10000,10009,20000,10006,20000,20000,10000,0.5687999725341797,3.6222000122070312,4.286399841308594,10000,1.2462999999998874,1.4421,1,0.1003,0.0474,376832,15,15,1.515,514976,0,0,31.44770050048828,13.355799674987793,3.3550000190734863,5.916900157928467,0.39309999346733093,0.18440000712871552,0,0,0,0,0,0,0,0,0,0,0,0,0
344,74.78620147705078,27.228900909423828,24.609500885009766,4.221099853515625,5.296000003814697,5.315000057220459,12.583700180053711,0.7642999887466431,10000,10009,20000,10006,20000,20000,10000,0.3912000060081482,2.131500005722046,3.7744998931884766,10000,1.2723999999998845,1.0183,1,0.10219999999999999,0.0468,376832,15,15,1.0602,42528,0,0,51.96260070800781,13.00879955291748,2.336699962615967,2.2964000701904297,0.4027999937534332,0.17960000038146973,0.0021,11.434700012207031,0.165,7.0364,12.4392,5.0073,0.3639,1,1370676,112161,9992,23826,9770
345,44.73099899291992,0.2782999873161316,24.508100509643555,5.24429988861084,3.113100051879883,2.0109000205993652,10.815500259399414,0.8113999962806702,10000,10009,20000,10006,20000,20000,10000,0.4499000012874603,3.55430006980896,5.740099906921387,10000,1.5055999999998728,1.0449,1,0.1172,0.0504,376832,15,15,1.1218,7712,0,0,24.91469955444336,10.851300239562988,2.4242000579833984,1.9088000059127808,0.011500000022351742,0.17260000109672546,0,0,0,0,0,0,0,0,0,0,0,0,0
346,54.794700622558594,7.090799808502197,23.910900115966797,6.476799964904785,2.694999933242798,3.0717999935150146,11.651200294494629,0.5516999959945679,10000,10009,20000,10006,20000,20000,10000,0.3783000111579895,2.5905001163482666,5.029200077056885,10000,1.308599999999881,1.0722,1,0.1035,0.047,376832,15,15,1.2524,537056,0,0,31.12820053100586,12.106300354003906,2.390199899673462,4.735899925231934,0.4262000024318695,0.18119999766349792,0,0,0,0,0,0,0,0,0,0,0,0,0
347,50.36920166015625,3.5866000652313232,24.572200775146484,5.626200199127197,3.001800060272217,2.5950000286102295,11.78219985961914,0.8557999730110168,10000,10009,20000,10006,20000,20000,10000,0.49790000915527344,3.783900022506714,4.703100204467773,10000,1.3473999999998785,1.5648,1,0.11979999999999999,0.0395,376832,15,15,1.1344,54064,0,0,28.275400161743164,11.822099685668945,3.066999912261963,2.3118999004364014,0.011300000362098217,0.7809000015258789,0,0,0,0,0,0,0,0,0,0,0,0,0
348,50.223201751708984,0.5397999882698059,28.297700881958008,6.497900009155273,3.550600051879883,3.266700029373169,11.3996000289917,0.8227999806404114,10000,10009,20000,10006,20000,20000,10000,0.5734999775886536,4.065800189971924,5.072299957275391,10000,1.3414999999998742,1.0247,1,0.10729999999999998,0.050300000000000004,376832,15,15,1.113,7712,0,0,28.963899612426758,11.4399995803833,2.365999937057495,2.067500114440918,0.01140000019222498,0.16830000281333923,0,0,0,0,0,0,0,0,0,0,0,0,0
349,46.726898193359375,3.0197999477386475,23.233400344848633,4.968800067901611,2.860599994659424,2.5062999725341797,10.691200256347656,0.7530999779701233,10000,10009,20000,10006,20000,20000,10000,0.54339998960495,3.335200071334839,4.982399940490723,10000,1.4104999999998726,1.3342,1,0.1351,0.052,376832,15,15,1.5089,15952,0,0,26.380800247192383,10.731300354003906,2.6970999240875244,1.99590003490448,0.010900000110268593,0.16850000619888306,0,0,0,0,0,0,0,0,0,0,0,0,0
350,67.53450012207031,13.330699920654297,27.84630012512207,4.438300132751465,6.269400119781494,6.315100193023682,10.550999641418457,1.169600009918213,10000,10009,20000,10006,20000,20000,10000,0.4034000039100647,2.274399995803833,3.8217999935150146,10000,1.3578999999998749,1.1534,1,0.10469999999999999,0.0463,376832,15,15,2.4456,560376,0,0,41.27790069580078,11.204400062561035,2.660099983215332,5.615300178527832,0.6270999908447266,0.19030000269412994,0.0025,0,0.1416,7.1761,7.5335,0.0001,0.429,1,1345754,0,0,0,9446
351,45.470699310302734,0.28450000286102295,23.483699798583984,5.0644001960754395,3.0146000385284424,2.7904999256134033,10.314299583435059,0.9085000157356262,10000,10009,20000,10006,20000,20000,10000,0.5728999972343445,2.5985000133514404,5.369800090789795,10000,1.46659999999987,1.5788,1,0.0841,0.039900000000000005,376832,15,15,1.0056,7712,0,0,23.888399124145508,10.341500282287598,3.1166000366210938,3.1177000999450684,0.00860000029206276,0.1696999967098236,0,0,0,0,0,0,0,0,0,0,0,0,0
352,52.8848991394043,3.2846999168395996,28.479999542236328,6.708099842071533,3.4091999530792236,3.103600025177002,11.86709976196289,0.8883000016212463,10000,10009,20000,10006,20000,20000,10000,0.4986000061035156,4.19950008392334,6.214000225067139,10000,1.257399999999881,0.8613,1,0.1021,0.0557,376832,15,15,1.281,15952,0,0,31.88089942932129,11.90779972076416,1.9083000421524048,1.7340999841690063,0.010900000110268593,0.15649999678134918,0,0,0,0,0,0,0,0,0,0,0,0,0
353,79.90560150146484,17.71809959411621,37.477699279785156,6.907100200653076,8.911100387573242,6.692299842834473,11.907299995422363,0.8815000057220459,10000,10009,20000,10006,20000,20000,10000,0.8192999958992004,4.4857001304626465,4.84060001373291,10000,1.3370999999998783,1.0483,1,0.08199999999999999,0.0391,376832,15,15,1.2687,589688,0,0,55.29209899902344,12.594499588012695,2.3106000423431396,5.29449987411499,0.656499981880188,0.16750000417232513,0.0017,0,0.0952,5.1248,10.4378,5.0601,0.3633,1,1343382,116270,9992,24903,9751
354,45.00600051879883,0.2117999941110611,24.87350082397461,6.237100124359131,3.3589999675750732,1.9385000467300415,10.561100006103516,0.998199999332428,10000,10009,20000,10006,20000,20000,10000,0.3537999987602234,3.564199924468994,4.728000164031982,10000,1.231299999999886,1.2373,1,0.0884,0.038,376832,15,15,1.7096,7712,0,0,25.19499969482422,10.598400115966797,2.7348999977111816,1.8145999908447266,0.00930000003427267,0.1931000053882599,0,0,0,0,0,0,0,0,0,0,0,0,0
355,60.237998962402344,4.627200126647949,28.190000534057617,6.685100078582764,3.58240008354187,4.035799980163574,12.32040023803711,1.1296000480651855,10000,10009,20000,10006,20000,20000,10000,0.515500009059906,4.050899982452393,4.9492998123168945,10000,1.569699999999866,1.0039,1,0.08720000000000001,0.0407,376832,15,15,1.6585,522416,0,0,32.91559982299805,12.861499786376953,2.170099973678589,5.765699863433838,0.5117999911308289,0.164000004529953,0,0,0,0,0,0,0,0,0,0,0,0,0
356,78.99960327148438,28.440900802612305,31.789400100708008,6.428199768066406,7.955599784851074,5.947299957275391,9.625699996948242,0.784600019454956,10000,10009,20000,10006,20000,20000,10000,0.3792000114917755,2.291100025177002,4.867499828338623,10000,1.2624999999998912,0.9375,1,0.0685,0.0429,376832,15,15,1.1735,51976,0,0,60.341400146484375,9.879300117492676,2.1333000659942627,2.176500082015991,0.2282000035047531,0.16179999709129333,0.0028,11.00220012664795,0.1231,8.5319,13.5572,4.6676,0.3997,1,1315234,108878,9993,23042,9714
357,41.35380172729492,0.24169999361038208,22.971399307250977,5.643899917602539,3.160399913787842,3.085099935531616,8.500100135803223,0.7439000010490417,10000,10009,20000,10006,20000,20000,10000,0.6446999907493591,2.484299898147583,4.188000202178955,10000,1.2019999999998936,0.9246,1,0.0919,0.0493,376832,15,15,1.051,7712,0,0,23.326900482177734,8.537300109863281,2.0696001052856445,2.6563000679016113,0.011500000022351742,0.17550000548362732,0,0,0,0,0,0,0,0,0,0,0,0,0
358,52.27690124511719,3.8513998985290527,26.83099937438965,5.867300033569336,3.3914999961853027,3.303499937057495,10.890199661254883,0.8312000036239624,10000,10009,20000,10006,20000,20000,10000,0.6424000263214111,4.733399868011475,4.761899948120117,10000,1.1709999999998888,1.7981,1,0.1234,0.048,376832,15,15,1.449,15952,0,0,30.80620002746582,10.93220043182373,3.4602999687194824,2.7316999435424805,0.011300000362098217,0.19750000536441803,0,0,0,0,0,0,0,0,0,0,0,0,0
359,52.91569900512695,5.5630998611450195,23.163999557495117,4.903500080108643,2.513000011444092,3.4916000366210938,9.41510009765625,0.808899998664856,10000,10009,20000,10006,20000,20000,10000,0.43230000138282776,3.2179999351501465,4.653800010681152,10000,1.1300999999998933,1.2047,1,0.10339999999999999,0.0426,376832,15,15,1.3805,582144,0,0,28.851600646972656,9.821399688720703,2.7583000659942627,6.3942999839782715,0.3831999897956848,0.20080000162124634,0,0,0,0,0,0,0,0,0,0,0,0,0
360,50.09389877319336,3.4400999546051025,21.22209930419922,6.4984002113342285,2.515199899673462,2.9755001068115234,11.818499565124512,0.565500020980835,10000,10009,20000,10006,20000,20000,10000,0.3986999988555908,2.2281999588012695,3.6542999744415283,10000,1.3416999999998827,1.3975,1,0.0991,0.047599999999999996,376832,15,15,1.1471,45016,0,0,24.784099578857422,11.85569953918457,3.3078999519348145,2.7191998958587646,0.01269999984651804,2.2300000190734863,0,0,0,0,0,0,0,0,0,0,0,0,0
361,57.2135009765625,0.2660999894142151,24.699800491333008,6.170300006866455,2.9233999252319336,2.724900007247925,10.059499740600586,0.9126999974250793,10000,10009,20000,10006,20000,20000,10000,0.39969998598098755,2.6029999256134033,5.521100044250488,10000,1.3555999999998765,1.0029,1,0.1023,0.050300000000000004,376832,15,15,1.0739,7712,0,0,25.08329963684082,10.090900421142578,2.358599901199341,1.9265999794006348,0.008500000461935997,13.634599685668945,0,0,0,0,0,0,0,0,0,0,0,0,0
362,53.44340133666992,7.139999866485596,23.274200439453125,5.274700164794922,2.6963999271392822,3.3726000785827637,8.547599792480469,0.9103000164031982,10000,10009,20000,10006,20000,20000,10000,0.38260000944137573,2.4749999046325684,4.787199974060059,10000,1.111699999999896,0.8457,1,0.08099999999999999,0.0376,376832,15,15,0.9875,536472,0,0,30.519899368286133,8.915399551391602,1.9449000358581543,3.819700002670288,0.3393999934196472,4.8420000076293945,0,0,0,0,0,0,0,0,0,0,0,0,0
363,64.50189971923828,9.428299903869629,32.52579879760742,5.7657999992370605,8.53969955444336,4.957399845123291,13.097399711608887,0.8349000215530396,10000,10009,20000,10006,20000,20000,10000,0.6093000173568726,4.196700096130371,4.669000148773193,10000,1.1886999999998922,1.09,1,0.07850000000000001,0.0438,376832,15,15,1.1725,8048,0,0,42.05720138549805,13.423999786376953,2.4746999740600586,2.5690999031066895,0.26249998807907104,0.18889999389648438,0.0027,0,0.1041,6.7969,7.1547,0.0001,0.4224,1,1282378,0,0,0,9353
364,51.258201599121094,0.28189998865127563,27.48940086364746,6.504300117492676,3.1364998817443848,2.914599895477295,11.836400032043457,1.0537999868392944,10000,10009,20000,10006,20000,20000,10000,0.41990000009536743,3.8522000312805176,5.4328999519348145,10000,2.4313999999999822,1.5358,1,0.1369,0.09090000000000001,376832,15,15,1.3115,7712,0,0,27.89459991455078,11.878800392150879,2.982800006866455,2.520699977874756,0.012299999594688416,0.17329999804496765,0,0,0,0,0,0,0,0,0,0,0,0,0
365,46.85419845581055,3.225800037384033,21.988000869750977,4.981500148773193,1.4388999938964844,3.059000015258789,10.714300155639648,0.8690999746322632,10000,10009,20000,10006,20000,20000,10000,0.4352000057697296,2.841900110244751,5.177000045776367,10000,1.230599999999893,0.8195,1,0.07719999999999999,0.0434,376832,15,15,1.0308,15952,0,0,25.34950065612793,10.742500305175781,2.0715999603271484,1.6160000562667847,0.010599999688565731,2.450700044631958,0,0,0,0,0,0,0,0,0,0,0,0,0
366,52.70330047607422,4.116700172424316,23.690799713134766,4.061399936676025,2.893899917602539,3.6719000339508057,11.310400009155273,0.7394000291824341,10000,10009,20000,10006,20000,20000,10000,0.3089999854564667,3.769700050354004,5.2245001792907715,10000,1.3564999999998821,1.1568,1,0.0985,0.0438,376832,15,15,1.1351,586536,0,0,27.909799575805664,11.8016996383667,2.596400022506714,5.155799865722656,0.4611999988555908,1.052299976348877,0,0,0,0,0,0,0,0,0,0,0,0,0
367,90.86849975585938,26.44610023498535,38.539100646972656,6.669899940490723,8.93809986114502,6.293900012969971,14.007499694824219,0.8896999955177307,10000,10009,20000,10006,20000,20000,10000,1.3034000396728516,5.489099979400635,5.154900074005127,10000,1.7357999999998406,1.469,1,0.1305,0.056400000000000006,376832,15,15,1.4086,40912,0,0,65.1156005859375,14.270999908447266,3.226099967956543,2.791800022125244,0.23119999468326569,0.21230000257492065,0.0024,10.882699966430664,0.1975,7.2651,11.8995,4.2537,0.3879,1,1282404,111288,9993,24171,9689
368,48.02330017089844,0.3440999984741211,26.460800170898438,5.652100086212158,2.0604000091552734,3.3828001022338867,12.24530029296875,0.8978000283241272,10000,10009,20000,10006,20000,20000,10000,0.5717999935150146,4.021399974822998,6.203100204467773,10000,1.2492999999998884,1.1516,1,0.1008,0.0562,376832,15,15,1.0993,7712,0,0,26.934999465942383,12.287199974060059,2.72189998626709,1.9747999906539917,0.011699999682605267,0.17090000212192535,0,0,0,0,0,0,0,0,0,0,0,0,0
369,58.95100021362305,7.369900226593018,25.54960060119629,5.4822001457214355,3.5111000537872314,3.668600082397461,10.929499626159668,0.7674999833106995,10000,10009,20000,10006,20000,20000,10000,0.4081000089645386,3.234299898147583,4.708399772644043,10000,1.7156999999998495,1.5396,1,0.0998,0.0463,376832,15,15,1.3136,539504,0,0,33.04800033569336,11.376399993896484,3.149199962615967,6.279399871826172,0.4219000041484833,0.14079999923706055,0,0,0,0,0,0,0,0,0,0,0,0,0
370,82.63590240478516,27.309799194335938,32.76110076904297,7.177999973297119,8.541799545288086,5.012700080871582,11.217100143432617,0.9057999849319458,10000,10009,20000,10006,20000,20000,10000,0.6287999749183655,2.2646000385284424,4.695799827575684,10000,1.3914999999998716,0.9564,1,0.09390000000000001,0.0502,376832,15,15,1.6501,49000,0,0,60.192501068115234,11.50510025024414,2.6461000442504883,2.6921000480651855,0.26100000739097595,0.1738000065088272,0.0027,10.872300148010254,0.0925,6.9463,12.0449,4.7568,0.3945,1,1259456,106646,9994,22946,9638
371,45.22600173950195,0.23899999260902405,25.976499557495117,5.732100009918213,3.1823999881744385,2.8701000213623047,8.946900367736816,0.7103000283241272,10000,10009,20000,10006,20000,20000,10000,0.33629998564720154,3.226900100708008,6.150899887084961,10000,1.9827999999998314,0.9066,1,0.1332,0.0512,376832,15,15,1.4543,7712,0,0,26.328399658203125,8.982600212097168,2.1742000579833984,1.8309999704360962,0.010599999688565731,0.17100000381469727,0,0,0,0,0,0,0,0,0,0,0,0,0
372,53.34939956665039,6.369500160217285,24.617300033569336,5.955699920654297,2.7583000659942627,4.562300205230713,10.667799949645996,0.8098000288009644,10000,10009,20000,10006,20000,20000,10000,0.5202999711036682,2.8856000900268555,3.921999931335449,10000,1.1598999999998916,1.1633,1,0.10900000000000001,0.045399999999999996,376832,15,15,1.3759,475520,0,0,31.109600067138672,11.001799583435059,2.6285998821258545,3.5267999172210693,0.31060001254081726,0.17790000140666962,0,0,0,0,0,0,0,0,0,0,0,0,0
373,53.26810073852539,4.743800163269043,26.2362003326416,7.208700180053711,3.031100034713745,3.301300048828125,11.501999855041504,0.8634999990463257,10000,10009,20000,10006,20000,20000,10000,0.4797999858856201,3.1240999698638916,5.071000099182129,10000,1.5911999999998558,1.5171,1,0.0954,0.048299999999999996,376832,15,15,1.1367,46496,0,0,31.098499298095703,11.540800094604492,3.1135001182556152,1.6996999979019165,0.01269999984651804,0.14730000495910645,0,0,0,0,0,0,0,0,0,0,0,0,0
374,39.922401428222656,0.21480000019073486,20.14459991455078,4.6707000732421875,1.881500005722046,2.6512999534606934,9.164600372314453,0.6669999957084656,10000,10009,20000,10006,20000,20000,10000,0.3603000044822693,2.159899950027466,5.16349983215332,10000,1.4745999999998678,0.9363,1,0.10779999999999999,0.0485,376832,15,15,1.3915,7712,0,0,20.483299255371094,9.194899559020996,2.2781999111175537,1.878600001335144,0.00860000029206276,0.18440000712871552,0,0,0,0,0,0,0,0,0,0,0,0,0
375,66.71160125732422,6.7241997718811035,31.75040054321289,8.229999542236328,5.079599857330322,3.620800018310547,12.19950008392334,0.8858000040054321,10000,10009,20000,10006,20000,20000,10000,0.4334000051021576,4.3155999183654785,5.605199813842773,10000,2.616900000000086,1.5127,1,0.1349,0.0511,376832,15,15,1.4671,552304,0,0,38.583900451660156,12.67389965057373,3.1357998847961426,5.124000072479248,0.447299987077713,0.16609999537467957,0,0,0,0,0,0,0,0,0,0,0,0,0
376,66.50630187988281,9.8858003616333,34.187198638916016,7.163000106811523,8.215999603271484,4.792699813842773,11.759099960327148,1.0374000072479248,10000,10009,20000,10006,20000,20000,10000,0.44110000133514404,4.475100040435791,4.759300231933594,10000,1.3127999999998847,1.19,1,0.0758,0.0404,376832,15,15,1.2719,8048,0,0,44.20220184326172,12.154399871826172,2.680299997329712,2.3285999298095703,0.3675999939441681,0.19210000336170197,0.0023,0,0.1103,7.3599,7.7193,0.0001,0.4451,1,1229544,0,0,0,9252
377,42.48429870605469,0.2854999899864197,21.44569969177246,4.942800045013428,2.177999973297119,2.823199987411499,10.666600227355957,0.7009999752044678,10000,10009,20000,10006,20000,20000,10000,0.3499000072479248,2.8320999145507812,4.7245001792907715,10000,1.3516999999998756,1.0214,1,0.10569999999999999,0.048600000000000004,376832,15,15,1.1202,7712,0,0,21.85540008544922,10.702199935913086,2.4226999282836914,2.1070001125335693,0.01119999960064888,0.18479999899864197,0,0,0,0,0,0,0,0,0,0,0,0,0
378,56.746498107910156,7.265100002288818,24.86829948425293,5.961400032043457,2.920599937438965,3.5390000343322754,12.622900009155273,0.7857999801635742,10000,10009,20000,10006,20000,20000,10000,0.43050000071525574,2.678100109100342,4.9832000732421875,10000,1.3905999999998724,1.1087,1,0.0952,0.0399,376832,15,15,1.0731,492104,0,0,32.25230026245117,13.047100067138672,2.3178000450134277,4.734600067138672,0.39879998564720154,0.17919999361038208,0,0,0,0,0,0,0,0,0,0,0,0,0
379,67.58319854736328,14.595399856567383,31.580799102783203,6.863399982452393,5.7758002281188965,5.9156999588012695,12.196800231933594,0.9434000253677368,10000,10009,20000,10006,20000,20000,10000,0.44940000772476196,4.530300140380859,3.6947999000549316,10000,1.3104999999998799,1.094,1,0.09870000000000001,0.045099999999999994,376832,15,15,1.0144,35672,0,0,46.303001403808594,12.471699714660645,2.3385000228881836,2.419100046157837,0.23849999904632568,0.1598999947309494,0.0029,0,0.1495,6.0142,10.9345,4.5769,0.3676,1,1232366,112678,9993,23383,9612
380,42.738399505615234,0.2662999927997589,23.245500564575195,6.05679988861084,1.9484000205993652,2.821700096130371,10.442500114440918,0.7242000102996826,10000,10009,20000,10006,20000,20000,10000,0.4327999949455261,3.8782999515533447,4.469299793243408,10000,1.2788999999998796,1.0935,1,0.11380000000000001,0.0426,376832,15,15,1.0863,7712,0,0,23.658199310302734,10.48390007019043,2.4105000495910645,2.0046000480651855,0.011900000274181366,0.17880000174045563,0,0,0,0,0,0,0,0,0,0,0,0,0
381,50.01150131225586,3.031599998474121,22.554100036621094,4.861199855804443,3.0971999168395996,2.1082000732421875,12.50160026550293,0.6978999972343445,10000,10009,20000,10006,20000,20000,10000,0.40470001101493835,3.1693999767303467,4.880300045013428,10000,2.735500000000075,1.4838,1,0.1318,0.0509,376832,15,15,1.42,15952,0,0,25.71500015258789,12.5378999710083,2.827699899673462,2.4509999752044678,0.011099999770522118,0.18629999458789825,0,0,0,0,0,0,0,0,0,0,0,0,0
382,58.80780029296875,6.27839994430542,25.777299880981445,6.1381001472473145,2.820499897003174,4.272200107574463,11.658300399780273,0.848800003528595,10000,10009,20000,10006,20000,20000,10000,0.5254999995231628,2.848599910736084,4.544400215148926,10000,1.3232999999998787,1.8932,1,0.1096,0.050100000000000006,376832,15,15,1.0884,563128,0,0,32.17499923706055,12.09570026397705,3.188699960708618,5.970799922943115,0.41280001401901245,0.1679999977350235,0,0,0,0,0,0,0,0,0,0,0,0,0
383,80.57119750976562,25.167699813842773,33.62590026855469,6.19320011138916,8.848899841308594,4.604599952697754,11.356300354003906,0.8953999876976013,10000,10009,20000,10006,20000,20000,10000,0.421099990606308,4.423999786376953,5.076900005340576,10000,1.2817999999998833,1.0894,1,0.10279999999999999,0.047700000000000006,376832,15,15,1.0878,48480,0,0,58.915401458740234,11.662199974060059,2.3645999431610107,2.4386000633239746,0.27399998903274536,0.1923999935388565,0.0442,9.805700302124023,0.1284,6.5062,11.5755,4.685,0.4173,1,1209240,109176,9993,22838,9541
384,51.00299835205078,0.25450000166893005,30.707000732421875,5.076000213623047,2.7553000450134277,5.701099872589111,11.601900100708008,0.8988999724388123,10000,10009,20000,10006,20000,20000,10000,3.6993000507354736,4.659299850463867,4.594099998474121,10000,1.238299999999891,1.0442,1,0.07640000000000001,0.0435,376832,15,15,1.0234,7712,0,0,31.094499588012695,11.652700424194336,2.3940000534057617,1.8306000232696533,0.014600000344216824,0.18119999766349792,0,0,0,0,0,0,0,0,0,0,0,0,0
385,45.41339874267578,2.9209001064300537,23.582700729370117,5.303800106048584,3.1073999404907227,3.1256000995635986,10.51259994506836,1,10000,10009,20000,10006,20000,20000,10000,0.48510000109672546,2.48799991607666,4.565800189971924,10000,1.2811999999998842,0.9869,1,0.0872,0.04,376832,15,15,1.1653,15952,0,0,26.61910057067871,10.545999526977539,2.2112998962402344,1.80840003490448,0.008999999612569809,0.17710000276565552,0,0,0,0,0,0,0,0,0,0,0,0,0
386,49.230499267578125,4.661200046539307,23.303699493408203,5.8302001953125,2.956700086593628,2.587599992752075,10.303400039672852,0.6888999938964844,10000,10009,20000,10006,20000,20000,10000,0.28769999742507935,3.421299934387207,4.445899963378906,10000,1.2333999999998941,1.3875,1,0.09109999999999999,0.0456,376832,15,15,1.111,548072,0,0,28.083999633789062,10.813400268554688,2.5160999298095703,3.7981998920440674,0.478300005197525,0.17820000648498535,0,0,0,0,0,0,0,0,0,0,0,0,0
387,40.86289978027344,3.4140000343322754,17.92959976196289,3.3006999492645264,1.8381999731063843,2.6751999855041504,9.914299964904785,0.6506999731063843,10000,10009,20000,10006,20000,20000,10000,0.4952999949455261,2.2311999797821045,3.8935999870300293,10000,1.1631999999998945,1.0689,1,0.0774,0.0429,376832,15,15,1.2928,39568,0,0,21.474199295043945,9.945799827575684,2.441800117492676,1.9983999729156494,0.009499999694526196,0.18860000371932983,0,0,0,0,0,0,0,0,0,0,0,0,0
388,47.77989959716797,0.2897000014781952,25.854700088500977,6.353099822998047,3.1354000568389893,2.0092999935150146,11.89169979095459,0.8730999827384949,10000,10009,20000,10006,20000,20000,10000,0.8443999886512756,4.076600074768066,4.955900192260742,10000,1.3810999999998714,1.1541,1,0.1353,0.0449,376832,15,15,1.7773,7712,0,0,26.269399642944336,11.933600425720215,2.5297999382019043,1.8910000324249268,0.01209999993443489,0.17110000550746918,0,0,0,0,0,0,0,0,0,0,0,0,0
389,50.796199798583984,3.0074000358581543,25.40519905090332,5.543399810791016,2.9370999336242676,2.9500999450683594,11.889300346374512,0.8410000205039978,10000,10009,20000,10006,20000,20000,10000,0.6236000061035156,3.844399929046631,5.365499973297119,10000,1.2415999999998872,1.2939,1,0.1124,0.043699999999999996,376832,15,15,1.3879,15952,0,0,28.532499313354492,11.925200462341309,2.819499969482422,2.0622000694274902,0.00930000003427267,0.38580000400543213,0,0,0,0,0,0,0,0,0,0,0,0,0
390,50.67399978637695,4.235499858856201,22.683399200439453,4.6417999267578125,2.5834999084472656,3.3447999954223633,10.833100318908691,0.5857999920845032,10000,10009,20000,10006,20000,20000,10000,0.3668000102043152,2.884500026702881,4.787300109863281,10000,1.2560999999998814,1.0636,1,0.1131,0.0439,376832,15,15,1.1593,591400,0,0,27.037900924682617,11.299599647521973,2.360300064086914,4.7916998863220215,0.4325999915599823,0.1785999983549118,0,0,0,0,0,0,0,0,0,0,0,0,0
391,59.690101623535156,9.27560043334961,29.145099639892578,6.142399787902832,5.6508002281188965,5.288300037384033,10.042699813842773,0.9294999837875366,10000,10009,20000,10006,20000,20000,10000,0.529699981212616,3.323199987411499,4.566500186920166,10000,1.3220999999998797,1.5156,1,0.11049999999999999,0.046599999999999996,376832,15,15,1.1213,8048,0,0,38.53879928588867,10.3149995803833,2.952199935913086,3.542799949645996,0.2232999950647354,0.1996999979019165,0.0022,0,0.1295,6.8974,7.2768,0.0001,0.3345,1,1182718,0,0,0,9113
392,47.868099212646484,0.26669999957084656,28.087099075317383,6.695400238037109,2.9433000087738037,3.3721001148223877,11.12559986114502,1.0140000581741333,10000,10009,20000,10006,20000,20000,10000,0.6622999906539917,4.457600116729736,5.249899864196777,10000,1.2165999999998864,1.133,1,0.09900000000000002,0.041499999999999995,376832,15,15,1.0309,7712,0,0,28.474000930786133,11.1697998046875,2.399399995803833,1.8004000186920166,0.011900000274181366,0.17319999635219574,0,0,0,0,0,0,0,0,0,0,0,0,0
393,55.98929977416992,6.648600101470947,25.368900299072266,6.883299827575684,2.753499984741211,3.803999900817871,10.817899703979492,0.8266000151634216,10000,10009,20000,10006,20000,20000,10000,0.5309000015258789,3.2836999893188477,4.41510009765625,10000,1.7619999999998588,0.9937,1,0.1281,0.0538,376832,15,15,1.1094,502952,0,0,32.14419937133789,11.302900314331055,2.3094000816345215,5.214799880981445,0.45840001106262207,0.17649999260902405,0,0,0,0,0,0,0,0,0,0,0,0,0
394,68.40740203857422,14.562999725341797,31.0935001373291,5.671599864959717,8.15429973602295,5.169099807739258,11.321200370788574,0.7437999844551086,10000,10009,20000,10006,20000,20000,10000,0.47760000824928284,2.8153998851776123,4.782100200653076,10000,1.2357999999998899,1.6393,1,0.08549999999999999,0.038,376832,15,15,1.091,37464,0,0,45.78200149536133,11.578499794006348,3.6278998851776123,2.5445001125335693,0.2298000007867813,1.166599988937378,0.0021,0,0.1352,5.3552,10.2416,4.5184,0.4189,1,1184630,113501,9993,24416,9540
395,46.217201232910156,0.3345000147819519,23.83690071105957,5.752600193023682,3.323199987411499,3.316699981689453,11.115799903869629,0.6675000190734863,10000,10009,20000,10006,20000,20000,10000,0.3790000081062317,2.5892999172210693,4.664100170135498,10000,1.4482999999998676,1.4819,1,0.09360000000000002,0.039599999999999996,376832,15,15,0.9713,7712,0,0,24.30929946899414,11.142999649047852,3.00570011138916,2.907399892807007,0.009100000374019146,0.17759999632835388,0,0,0,0,0,0,0,0,0,0,0,0,0
396,58.11579895019531,6.982900142669678,26.699199676513672,6.755099773406982,3.391900062561035,3.439500093460083,10.930899620056152,0.7695000171661377,10000,10009,20000,10006,20000,20000,10000,0.72079998254776,3.953700065612793,4.310400009155273,10000,1.3240999999998813,1.1014,1,0.11390000000000002,0.0513,376832,15,15,1.085,502176,0,0,33.80590057373047,11.353300094604492,2.480799913406372,4.934299945831299,0.3921000063419342,0.3855000138282776,0,0,0,0,0,0,0,0,0,0,0,0,0
397,76.36229705810547,25.468299865722656,33.11429977416992,7.529099941253662,8.414400100708008,4.312600135803223,8.990599632263184,0.8634999990463257,10000,10009,20000,10006,20000,20000,10000,0.3953000009059906,3.441200017929077,4.590000152587891,10000,1.314799999999885,0.9275,1,0.09469999999999999,0.047799999999999995,376832,15,15,1.0058,41616,0,0,58.69929885864258,9.204400062561035,2.2646000385284424,2.1723999977111816,0.1882999986410141,0.17489999532699585,0.0027,11.124500274658203,0.1222,5.3244,10.1056,4.4218,0.4107,1,1166166,109266,9992,23524,9482
398,42.337799072265625,0.2630000114440918,24.768199920654297,6.125199794769287,3.0260000228881836,2.9098000526428223,9.056300163269043,0.9609000086784363,10000,10009,20000,10006,20000,20000,10000,0.6873000264167786,2.72760009765625,5.067500114440918,10000,1.3708999999998808,0.8298,1,0.09309999999999999,0.04,376832,15,15,1.0919,7712,0,0,25.135299682617188,9.095800399780273,1.8726999759674072,2.0376999378204346,0.011900000274181366,0.1581999957561493,0,0,0,0,0,0,0,0,0,0,0,0,0
399,58.36090087890625,5.969099998474121,25.65049934387207,5.6774001121521,2.5815999507904053,3.907599925994873,12.937600135803223,0.7073000073432922,10000,10009,20000,10006,20000,20000,10000,0.7803999781608582,4.518199920654297,4.407400131225586,10000,1.360099999999879,1.2719,1,0.10760000000000002,0.12419999999999999,376832,15,15,1.6714,517032,0,0,31.719100952148438,13.39169979095459,2.5971999168395996,5.667399883270264,0.42239999771118164,0.17990000545978546,0,0,0,0,0,0,0,0,0,0,0,0,0
400,50.794700622558594,4.023399829864502,24.686399459838867,4.759900093078613,3.4289000034332275,2.834399938583374,11.692500114440918,0.7325000166893005,10000,10009,20000,10006,20000,20000,10000,0.4465000033378601,3.8224000930786133,5.496099948883057,10000,1.6197999999998614,1.3252,1,0.10450000000000001,0.051199999999999996,376832,15,15,1.0891,39832,0,0,28.833599090576172,11.728500366210938,2.86680006980896,2.4542999267578125,0.010300000198185444,0.25130000710487366,0,0,0,0,0,0,0,0,0,0,0,0,0
401,48.447898864746094,0.28519999980926514,27.077899932861328,5.969200134277344,3.737600088119507,3.190700054168701,11.649499893188477,1.0987000465393066,10000,10009,20000,10006,20000,20000,10000,0.5214999914169312,4.0802001953125,5.01200008392334,10000,1.3572999999998767,1.1537,1,0.11030000000000001,0.0497,376832,15,15,1.2725,7712,0,0,27.611499786376953,11.685400009155273,2.4888999462127686,2.0862998962402344,0.009200000204145908,0.19589999318122864,0,0,0,0,0,0,0,0,0,0,0,0,0
402,44.0536003112793,2.7476000785827637,24.880199432373047,6.064599990844727,3.2665998935699463,3.588599920272827,8.86870002746582,1.0920000076293945,10000,10009,20000,10006,20000,20000,10000,0.5813000202178955,2.1675000190734863,4.727499961853027,10000,1.1621999999998922,0.8856,1,0.08540000000000002,0.042499999999999996,376832,15,15,0.8666,15952,0,0,27.76650047302246,8.897899627685547,1.930999994277954,1.8724000453948975,0.008899999782443047,0.16179999709129333,0,0,0,0,0,0,0,0,0,0,0,0,0
403,57.59360122680664,11.82800006866455,27.101900100708008,5.18209981918335,6.909200191497803,4.7494001388549805,7.552499771118164,0.5796999931335449,10000,10009,20000,10006,20000,20000,10000,0.3756999969482422,2.2980000972747803,4.192999839782715,10000,1.0851999999998996,1.1325,1,0.08410000000000001,0.0347,376832,15,15,0.9819,517184,0,0,39.765899658203125,8.061699867248535,2.395900011062622,3.7839999198913574,0.490200012922287,0.2653000056743622,0.0024,0,0.1076,5.3718,5.7503,0.0001,0.4257,1,1146606,0,0,0,8993
404,41.55910110473633,0.2953999936580658,20.141700744628906,3.8631999492645264,1.7419999837875366,2.0992000102996826,10.43340015411377,1.0728000402450562,10000,10009,20000,10006,20000,20000,10000,0.4652999937534332,3.60509991645813,4.173999786376953,10000,1.2875999999998837,1.3158,1,0.1173,0.0498,376832,15,15,1.1597,7712,0,0,20.574600219726562,10.473199844360352,2.591599941253662,2.6577000617980957,0.01140000019222498,0.1665000021457672,0,0,0,0,0,0,0,0,0,0,0,0,0
405,58.4546012878418,7.12939977645874,27.186899185180664,6.635300159454346,3.828900098800659,3.58870005607605,8.74209976196289,0.876800000667572,10000,10009,20000,10006,20000,20000,10000,0.6057999730110168,3.3069000244140625,4.813700199127197,10000,1.5678999999998602,1.0505,1,0.0939,0.051500000000000004,376832,15,15,1.4895,581104,0,0,34.44150161743164,9.19540023803711,2.7565999031066895,6.045300006866455,0.42879998683929443,0.18080000579357147,0,0,0,0,0,0,0,0,0,0,0,0,0
406,62.794498443603516,14.465399742126465,29.652999877929688,4.952499866485596,7.164000034332275,4.985099792480469,8.85219955444336,0.7138000130653381,10000,10009,20000,10006,20000,20000,10000,0.400299996137619,3.3104000091552734,4.89109992980957,10000,1.0905999999998983,0.8298,1,0.07550000000000001,0.0424,376832,15,15,1.8725,37392,0,0,44.23809814453125,9.112299919128418,1.919800043106079,3.0908000469207764,0.23469999432563782,0.20000000298023224,0.0022,0,0.1315,5.5532,10.5454,4.5929,0.4925,1,1151030,114285,9991,24781,9453
407,38.73379898071289,0.3553999960422516,21.154300689697266,4.436200141906738,2.7019999027252197,2.525099992752075,8.355299949645996,0.680400013923645,10000,10009,20000,10006,20000,20000,10000,0.42239999771118164,2.1586999893188477,4.97760009765625,10000,1.4350999999998966,0.9588,1,0.0988,0.0399,376832,15,15,1.0934,7712,0,0,21.63479995727539,8.381600379943848,2.3101000785827637,2.0515999794006348,0.008799999952316284,0.16830000281333923,0,0,0,0,0,0,0,0,0,0,0,0,0
408,40.61859893798828,2.72760009765625,23.01609992980957,5.597700119018555,2.4423999786376953,2.9161999225616455,7.727700233459473,0.8170999884605408,10000,10009,20000,10006,20000,20000,10000,0.31439998745918274,2.6377999782562256,4.829100131988525,10000,1.0797999999999002,0.8804,1,0.0748,0.0351,376832,15,15,0.8668,15952,0,0,25.85849952697754,7.762400150299072,1.9357000589370728,1.613800048828125,0.008500000461935997,0.2624000012874603,0,0,0,0,0,0,0,0,0,0,0,0,0
409,59.36249923706055,4.818399906158447,28.082500457763672,7.474400043487549,3.821500062942505,3.373199939727783,12.528599739074707,0.7333999872207642,10000,10009,20000,10006,20000,20000,10000,0.6722999811172485,3.5116000175476074,5.290599822998047,10000,1.334399999999876,1.18,1,0.1064,0.056499999999999995,376832,15,15,1.3009,519352,0,0,33.02470016479492,13.03380012512207,2.5525999069213867,6.151500225067139,0.4729999899864197,0.17239999771118164,0,0,0,0,0,0,0,0,0,0,0,0,0
410,81.2782974243164,23.593399047851562,37.78850173950195,6.040500164031982,12.421199798583984,5.549799919128418,10.606800079345703,0.7422999739646912,10000,10009,20000,10006,20000,20000,10000,0.3978999853134155,4.197000026702881,5.0991997718811035,10000,1.3733999999998772,0.8847,1,0.10220000000000001,0.0507,376832,15,15,1.0799,42528,0,0,61.498199462890625,10.87030029296875,2.2611000537872314,2.2778000831604004,0.23479999601840973,0.18289999663829803,0.0024,8.847900390625,0.1414,6.0236,11.5495,5.2181,0.3997,1,1134352,107139,9992,23038,9364
411,40.636199951171875,0.2818000018596649,21.43630027770996,4.385000228881836,2.509399890899658,2.9498000144958496,9.871899604797363,0.5806999802589417,10000,10009,20000,10006,20000,20000,10000,0.35019999742507935,2.888700008392334,4.85699987411499,10000,1.5007999999998634,0.9419,1,0.1073,0.0385,376832,15,15,1.1318,7712,0,0,21.85610008239746,9.898699760437012,2.34660005569458,2.10479998588562,0.009399999864399433,0.16529999673366547,0,0,0,0,0,0,0,0,0,0,0,0,0
412,39.08610153198242,2.1666998863220215,19.376300811767578,4.057199954986572,2.850800037384033,1.7843999862670898,9.422699928283691,0.5935999751091003,10000,10009,20000,10006,20000,20000,10000,0.414000004529953,2.2913999557495117,4.5096001625061035,10000,1.1329999999998956,1.0204,1,0.07619999999999999,0.0341,376832,15,15,1.0447,15952,0,0,21.6560001373291,9.451399803161621,2.243299961090088,2.1171000003814697,0.009200000204145908,0.1850000023841858,0,0,0,0,0,0,0,0,0,0,0,0,0
413,54.80720138549805,4.607900142669678,24.068099975585938,7.089799880981445,2.7574000358581543,3.164799928665161,11.524999618530273,0.913100004196167,10000,10009,20000,10006,20000,20000,10000,0.46299999952316284,2.7332000732421875,3.8966000080108643,10000,1.3550999999998814,0.9734,1,0.0923,0.0478,376832,15,15,1.0879,576016,0,0,28.798200607299805,12.161499977111816,2.2662999629974365,7.223400115966797,0.6078000068664551,0.16830000281333923,0,0,0,0,0,0,0,0,0,0,0,0,0
414,49.19850158691406,4.264800071716309,25.938800811767578,6.945300102233887,4.43310022354126,2.7736001014709473,9.230299949645996,0.8410000205039978,10000,10009,20000,10006,20000,20000,10000,0.3224000036716461,2.5492000579833984,4.831399917602539,10000,1.2767999999998818,1.535,1,0.0919,0.0422,376832,15,15,1.1493,38416,0,0,30.330699920654297,9.261799812316895,2.6958999633789062,2.515399932861328,0.009100000374019146,0.4092999994754791,0,0,0,0,0,0,0,0,0,0,0,0,0
415,44.21929931640625,0.21690000593662262,25.72480010986328,6.379000186920166,3.2490999698638916,3.232599973678589,9.273200035095215,0.7060999870300293,10000,10009,20000,10006,20000,20000,10000,0.566100001335144,3.86680006980896,4.785999774932861,10000,1.1140999999998968,1.0133,1,0.09029999999999999,0.0337,376832,15,15,1.2489,7712,0,0,26.064699172973633,9.3056001663208,2.5906999111175537,1.6928000450134277,0.009499999694526196,0.15600000321865082,0,0,0,0,0,0,0,0,0,0,0,0,0
416,62.81589889526367,11.846699714660645,25.267099380493164,5.633999824523926,2.3922998905181885,3.671299934387207,13.157999992370605,0.8604000210762024,10000,10009,20000,10006,20000,20000,10000,0.7724000215530396,4.745999813079834,3.710200071334839,10000,1.7044999999998454,0.8837,1,0.0938,0.0415,376832,15,15,0.943,546408,1,1,37.23870086669922,13.6274995803833,2.252700090408325,4.925099849700928,0.44339999556541443,0.19760000705718994,0,0,0,0,0,0,0,0,0,0,0,0,0
417,55.118099212646484,9.253199577331543,27.021099090576172,4.707699775695801,6.793700218200684,4.586299896240234,10.843099594116211,0.5690000057220459,10000,10009,20000,10006,20000,20000,10000,0.38830000162124634,2.586199998855591,4.702899932861328,10000,1.1113999999998978,0.8473,1,0.0743,0.0325,376832,15,15,0.977,25352,0,0,36.42919921875,11.099900245666504,1.8867000341415405,2.1970999240875244,0.23420000076293945,0.16820000112056732,0.0022,0,0.1046,6.3599,6.7194,0.0001,0.3985,1,1111506,0,0,0,8847
418,40.89889907836914,0.28600001335144043,19.746299743652344,3.5548999309539795,2.8905999660491943,2.5660998821258545,9.780099868774414,0.5748999714851379,10000,10009,20000,10006,20000,20000,10000,0.3605000078678131,2.460400104522705,4.599299907684326,10000,1.2219999999998892,1.0842,1,0.0945,0.0507,376832,15,15,1.1082,7712,0,0,20.15570068359375,9.813400268554688,2.4776999950408936,1.8625999689102173,0.009700000286102295,2.709399938583374,0,0,0,0,0,0,0,0,0,0,0,0,0
419,52.081199645996094,2.0352001190185547,20.992000579833984,5.55079984664917,2.004199981689453,2.9333999156951904,10.056599617004395,0.8183000087738037,10000,10009,20000,10006,20000,20000,10000,0.3504999876022339,2.560699939727783,3.8355000019073486,10000,1.128699999999898,0.9838,1,0.0755,0.0324,376832,15,15,1.0789,15952,0,0,23.160900115966797,10.088899612426758,2.340100049972534,1.908400058746338,0.008700000122189522,11.043299674987793,0,0,0,0,0,0,0,0,0,0,0,0,0
420,75.97899627685547,16.986299514770508,34.897701263427734,6.445700168609619,8.461799621582031,5.529200077056885,11.223799705505371,0.8644000291824341,10000,10009,20000,10006,20000,20000,10000,0.4424999952316284,5.196300029754639,4.4421000480651855,10000,1.2969999999998811,0.9425,1,0.0987,0.052000000000000005,376832,15,15,1.1325,552528,0,0,51.989200592041016,11.879599571228027,2.2839999198913574,5.573699951171875,0.6281999945640564,0.1543000042438507,0.002,0,0.0967,5.8688,10.434,4.2341,0.3796,1,1122118,111317,9992,24129,9319
421,43.16709899902344,0.2743000090122223,22.311899185180664,5.154600143432617,2.7311999797821045,2.942699909210205,10.448699951171875,0.8391000032424927,10000,10009,20000,10006,20000,20000,10000,0.36500000953674316,2.589200019836426,4.854300022125244,10000,1.6183999999998484,1.1746,1,0.0937,0.0413,376832,15,15,1.1438,7712,0,0,22.712299346923828,10.475700378417969,2.626699924468994,2.5613999366760254,0.008200000040233135,0.164000004529953,0,0,0,0,0,0,0,0,0,0,0,0,0
422,36.734798431396484,2.074199914932251,19.946699142456055,3.2969000339508057,2.4291999340057373,3.1893999576568604,7.562099933624268,0.5406000018119812,10000,10009,20000,10006,20000,20000,10000,0.3199000060558319,2.8940999507904053,4.884799957275391,10000,1.069199999999901,0.8762,1,0.0764,0.032100000000000004,376832,15,15,0.9136,15952,0,0,22.135099411010742,7.594799995422363,1.9246000051498413,1.6780999898910522,0.009200000204145908,0.16580000519752502,0,0,0,0,0,0,0,0,0,0,0,0,0
423,80.08879852294922,23.80900001525879,31.667499542236328,5.446800231933594,8.569999694824219,6.007400035858154,12.026700019836426,0.7573000192642212,10000,10009,20000,10006,20000,20000,10000,0.41019999980926514,3.446700096130371,4.2027997970581055,10000,1.3796999999998747,1.2783,1,0.14190000000000003,0.053099999999999994,376832,15,15,1.3905,544824,0,0,55.59189987182617,12.670299530029297,2.6131999492645264,4.454100131988525,0.6151000261306763,0.1770000010728836,0.0026,8.655400276184082,0.086,5.0447,8.6471,3.2784,0.3179,1,1105996,104264,9992,22171,9229
424,49.81610107421875,0.2775999903678894,27.350099563598633,6.142300128936768,3.532900094985962,2.884999990463257,12.696100234985352,0.95660001039505,10000,10009,20000,10006,20000,20000,10000,1.0878000259399414,4.260799884796143,4.934899806976318,10000,1.5556999999998802,1.1148,1,0.09780000000000001,0.046,376832,15,15,1.1457,7712,0,0,27.75469970703125,12.737000465393066,2.4316999912261963,2.1417999267578125,0.012299999594688416,0.17829999327659607,0,0,0,0,0,0,0,0,0,0,0,0,0
425,43.016300201416016,2.312000036239624,21.86549949645996,5.076200008392334,2.4400999546051025,1.7948999404907227,9.453499794006348,0.7602999806404114,10000,10009,20000,10006,20000,20000,10000,0.6787999868392944,3.9788999557495117,4.47160005569458,10000,1.3611999999998785,1.1212,1,0.10659999999999999,0.047700000000000006,376832,15,15,1.3167,15952,0,0,24.301700592041016,9.48960018157959,2.3041000366210938,2.491499900817871,0.009200000204145908,0.17880000174045563,0,0,0,0,0,0,0,0,0,0,0,0,0
426,51.920101165771484,5.606400012969971,23.76849937438965,6.697999954223633,1.6238000392913818,3.7202999591827393,9.759499549865723,0.9983000159263611,10000,10009,20000,10006,20000,20000,10000,0.4255000054836273,3.683300018310547,3.161900043487549,10000,1.1555999999998916,1.2682,1,0.07500000000000001,0.0355,376832,15,15,1.2439,589352,0,0,29.495899200439453,10.153599739074707,2.5322999954223633,5.819300174713135,0.3675999939441681,0.18479999899864197,0,0,0,0,0,0,0,0,0,0,0,0,0
427,44.031898498535156,0.32420000433921814,22.49410057067871,4.422900199890137,2.5845999717712402,2.7850000858306885,10.650799751281738,0.7937999963760376,10000,10009,20000,10006,20000,20000,10000,0.4162999987602234,3.8301000595092773,4.378499984741211,10000,1.3552999999998763,1.028,1,0.10560000000000001,0.0402,376832,15,15,1.2033,7712,0,0,22.938600540161133,10.687100410461426,2.374500036239624,3.156100034713745,0.010499999858438969,0.5785999894142151,0,0,0,0,0,0,0,0,0,0,0,0,0
428,52.509498596191406,3.135200023651123,27.567899703979492,6.692599773406982,3.2074999809265137,3.079200029373169,11.630999565124512,1.0006999969482422,10000,10009,20000,10006,20000,20000,10000,1.1339000463485718,3.9370999336242676,4.889200210571289,10000,1.502399999999871,1.0704,1,0.1218,0.0939,376832,15,15,1.2882,15952,0,0,30.825000762939453,11.675000190734863,2.390199899673462,2.744999885559082,0.011900000274181366,0.20430000126361847,0,0,0,0,0,0,0,0,0,0,0,0,0
429,61.78810119628906,5.548699855804443,28.99880027770996,6.638500213623047,3.8069000244140625,4.01140022277832,12.43019962310791,0.9406999945640564,10000,10009,20000,10006,20000,20000,10000,0.5058000087738037,4.0553998947143555,5.191800117492676,10000,1.5309999999998682,1.3961,1,0.10700000000000001,0.0489,376832,15,15,1.6756,562816,0,0,34.675201416015625,13.074299812316895,3.0838000774383545,5.519599914550781,0.6134999990463257,0.18459999561309814,0,0,0,0,0,0,0,0,0,0,0,0,0
430,68.09940338134766,9.016799926757812,33.88560104370117,6.0055999755859375,8.121399879455566,6.208499908447266,12.608400344848633,0.9391999840736389,10000,10009,20000,10006,20000,20000,10000,0.5651000142097473,4.446199893951416,4.317500114440918,10000,1.7427999999998427,1.1509,1,0.1308,0.0534,376832,15,15,1.4606,8048,0,0,43.02799987792969,12.919500350952148,2.5762999057769775,2.5713999271392822,0.27889999747276306,0.25780001282691956,0.0023,0,0.1293,6.3455,6.7373,0.0001,0.3935,1,1088088,0,0,0,8682
431,44.8765983581543,0.3427000045776367,24.492900848388672,4.997099876403809,3.0034000873565674,3.0257999897003174,11.200799942016602,1.0448999404907227,10000,10009,20000,10006,20000,20000,10000,0.44940000772476196,3.650899887084961,4.681000232696533,10000,1.360799999999876,1.0077,1,0.1055,0.0402,376832,15,15,1.0744,7712,0,0,24.962200164794922,11.23799991607666,2.372499942779541,2.010200023651123,0.01080000028014183,0.15440000593662262,0,0,0,0,0,0,0,0,0,0,0,0,0
432,49.30509948730469,2.185800075531006,25.417299270629883,5.738999843597412,2.8366000652313232,2.1663999557495117,12.546099662780762,0.8416000008583069,10000,10009,20000,10006,20000,20000,10000,0.46459999680519104,3.353100061416626,6.3703999519348145,10000,1.4717999999998652,1.0704,1,0.1147,0.045899999999999996,376832,15,15,1.1061,15952,0,0,27.702699661254883,12.588800430297852,2.451200008392334,1.9931000471115112,0.01209999993443489,0.2037000060081482,0,0,0,0,0,0,0,0,0,0,0,0,0
433,95.58799743652344,27.007099151611328,36.88759994506836,8.070699691772461,8.0625,6.702700138092041,16.692899703979492,0.9121000170707703,10000,10009,20000,10006,20000,20000,10000,1.1878999471664429,4.387700080871582,4.070700168609619,10000,1.355899999999876,1.5962,1,0.10629999999999999,0.0687,376832,15,15,1.6836,524944,0,0,64.00279998779297,17.340299606323242,3.017400026321411,5.497600078582764,0.6168000102043152,0.8708999752998352,0.0023,9.382399559020996,0.1062,5.3219,10.0562,4.3413,0.4164,1,1096390,109046,9990,23038,9237
434,50.70159912109375,0.4034000039100647,29.218399047851562,6.578999996185303,3.7792999744415283,3.040600061416626,12.310999870300293,1.0693000555038452,10000,10009,20000,10006,20000,20000,10000,0.5291000008583069,4.431700229644775,5.946800231933594,10000,1.3805999999998742,0.9636,1,0.1063,0.0456,376832,15,15,0.9885,7712,0,0,29.7637996673584,12.34939956665039,2.2969000339508057,2.0172998905181885,0.010900000110268593,0.14949999749660492,0,0,0,0,0,0,0,0,0,0,0,0,0
435,59.35089874267578,2.639400005340576,28.60849952697754,5.303599834442139,3.299799919128418,3.3048999309539795,17.429100036621094,0.9099000096321106,10000,10009,20000,10006,20000,20000,10000,0.39320001006126404,7.225299835205078,4.871200084686279,10000,2.0491999999998955,0.8929,1,0.12420000000000002,0.046799999999999994,376832,15,15,1.1473,15952,0,0,31.374900817871094,17.47209930419922,2.123300075531006,2.919600009918213,0.01209999993443489,0.1673000007867813,0,0,0,0,0,0,0,0,0,0,0,0,0
436,53.455501556396484,4.412099838256836,25.691099166870117,6.882999897003174,2.9207000732421875,4.026199817657471,10.545700073242188,0.6929000020027161,10000,10009,20000,10006,20000,20000,10000,0.36980000138282776,2.7455999851226807,5.140500068664551,10000,1.336099999999876,1.0961,1,0.1254,0.051199999999999996,376832,15,15,1.1419,498352,0,0,30.243799209594727,10.953399658203125,2.240000009536743,5.4882001876831055,0.38359999656677246,0.37959998846054077,0,0,0,0,0,0,0,0,0,0,0,0,0
437,70.57119750976562,23.083200454711914,24.055599212646484,3.7876999378204346,5.261199951171875,5.191400051116943,12.953399658203125,0.7350000143051147,10000,10009,20000,10006,20000,20000,10000,0.35830000042915344,2.953900098800659,3.2053000926971436,10000,1.5477999999998584,1.1319,1,0.11449999999999999,0.0388,376832,15,15,1.1884,35768,0,0,47.26089859008789,13.223299980163574,2.6707000732421875,2.5543999671936035,0.24369999766349792,0.18050000071525574,0.0026,9.253299713134766,0.0998,5.9949,10.5068,4.1477,0.3851,1,1080570,101477,9990,21263,9116
438,48.753501892089844,0.30169999599456787,27.064899444580078,5.916999816894531,3.081899881362915,2.804500102996826,12.196000099182129,0.7892000079154968,10000,10009,20000,10006,20000,20000,10000,0.5922999978065491,4.669099807739258,5.239799976348877,10000,1.562699999999857,1.0744,1,0.11099999999999999,0.0433,376832,15,15,1.146,7712,0,0,27.491100311279297,12.235300064086914,2.423099994659424,1.9221999645233154,0.011599999852478504,0.18129999935626984,0,0,0,0,0,0,0,0,0,0,0,0,0
439,49.04140090942383,3.0394999980926514,24.027299880981445,5.197999954223633,2.73009991645813,2.3877999782562256,10.779399871826172,0.8666999936103821,10000,10009,20000,10006,20000,20000,10000,0.490200012922287,4.1230998039245605,4.900400161743164,10000,1.419799999999872,1.632,1,0.1059,0.0487,376832,15,15,1.2553,15952,0,0,27.199600219726562,10.824700355529785,3.559499979019165,2.800600051879883,0.014399999752640724,0.19269999861717224,0,0,0,0,0,0,0,0,0,0,0,0,0
440,53.28099822998047,5.309100151062012,23.90180015563965,5.023499965667725,3.073699951171875,3.283600091934204,9.590399742126465,0.9452999830245972,10000,10009,20000,10006,20000,20000,10000,0.45730000734329224,3.3742001056671143,4.263000011444092,10000,1.5922999999998522,1.3297,1,0.11639999999999999,0.051500000000000004,376832,15,15,1.2877,586704,0,0,29.334400177001953,10.019100189208984,3.1113998889923096,5.219299793243408,0.40369999408721924,0.16449999809265137,0,0,0,0,0,0,0,0,0,0,0,0,0
441,49.59640121459961,3.1535000801086426,25.750600814819336,5.642199993133545,2.558500051498413,3.6933999061584473,11.46780014038086,1.1998000144958496,10000,10009,20000,10006,20000,20000,10000,0.4690000116825104,4.5630998611450195,4.311500072479248,10000,1.2884999999998803,1.0399,1,0.1005,0.0469,376832,15,15,1.0275,31720,0,0,29.021099090576172,11.509499549865723,2.2957000732421875,2.1071999073028564,0.01080000028014183,0.7224000096321106,0,0,0,0,0,0,0,0,0,0,0,0,0
442,50.390098571777344,0.357699990272522,25.1117000579834,6.804699897766113,3.411099910736084,2.2616000175476074,12.632800102233887,0.6880999803543091,10000,10009,20000,10006,20000,20000,10000,0.4553000032901764,3.147200107574463,5.180799961090088,10000,1.6649999999998528,2.0411,1,0.12840000000000001,0.0547,376832,15,15,1.4646,7712,0,0,25.590299606323242,12.66759967803955,3.514899969100952,2.296299934387207,0.00930000003427267,1.1375000476837158,0,0,0,0,0,0,0,0,0,0,0,0,0
443,59.86819839477539,7.6641998291015625,28.495500564575195,6.938499927520752,3.617300033569336,2.98580002784729,10.92080020904541,0.9796000123023987,10000,10009,20000,10006,20000,20000,10000,0.5805000066757202,4.143599987030029,5.372200012207031,10000,1.5554999999998609,0.9642,1,0.09290000000000001,0.0416,376832,15,15,0.9426,556960,0,0,36.2843017578125,11.36769962310791,2.31820011138916,4.817399978637695,0.42160001397132874,0.15389999747276306,0,0,0,0,0,0,0,0,0,0,0,0,0
444,58.18899917602539,7.4145002365112305,30.047000885009766,6.032100200653076,7.951900005340576,4.866600036621094,9.869400024414062,1.0713000297546387,10000,10009,20000,10006,20000,20000,10000,0.5942999720573425,2.8413000106811523,3.71589994430542,10000,1.4675999999998668,1.204,1,0.12990000000000002,0.04870000000000001,376832,15,15,1.3592,8048,0,0,37.559200286865234,10.278200149536133,2.865799903869629,2.5887999534606934,0.21660000085830688,0.16269999742507935,0.0018,0,0.0952,4.9021,5.3497,0.0001,0.4245,1,1067564,0,0,0,8506
445,49.68539810180664,0.29440000653266907,25.888500213623047,5.429599761962891,3.365000009536743,3.194200038909912,11.665599822998047,0.8805999755859375,10000,10009,20000,10006,20000,20000,10000,0.39719998836517334,3.8296000957489014,5.42110013961792,10000,1.3146999999998803,1.2822,1,0.153,0.0791,376832,15,15,1.4665,7712,0,0,26.306400299072266,11.739700317382812,3.0655999183654785,2.5755999088287354,0.04490000009536743,0.1770000010728836,0,0,0,0,0,0,0,0,0,0,0,0,0
446,57.17559814453125,3.234999895095825,32.96549987792969,8.137700080871582,3.9776999950408936,3.37280011177063,11.283599853515625,1.4551000595092773,10000,10009,20000,10006,20000,20000,10000,0.5483999848365784,4.644599914550781,6.704800128936768,10000,1.3521999999998764,1.0625,1,0.11239999999999999,0.051000000000000004,376832,15,15,1.0267,15952,0,0,36.33580017089844,11.322199821472168,2.4753000736236572,2.6923000812530518,0.00860000029206276,0.1915999948978424,0,0,0,0,0,0,0,0,0,0,0,0,0
447,59.15610122680664,5.151599884033203,28.473400115966797,7.535799980163574,2.73580002784729,3.827500104904175,11.747699737548828,0.9351000189781189,10000,10009,20000,10006,20000,20000,10000,0.5907999873161316,3.9233999252319336,5.242599964141846,10000,1.4904999999998718,1.2268,1,0.1248,0.0519,376832,15,15,1.9048,551680,0,0,33.74769973754883,12.17870044708252,2.5562000274658203,5.244200229644775,0.400299996137619,0.17389999330043793,0,0,0,0,0,0,0,0,0,0,0,0,0
448,66.49030303955078,13.899399757385254,31.011899948120117,5.807000160217285,7.070099830627441,6.290599822998047,12.003299713134766,0.8098999857902527,10000,10009,20000,10006,20000,20000,10000,0.3808000087738037,3.623699903488159,3.9484000205993652,10000,1.2126999999998855,1.0019,1,0.10869999999999999,0.0443,376832,15,15,1.1758,35952,0,0,45.03779983520508,12.249199867248535,2.367000102996826,2.553299903869629,0.21539999544620514,0.17820000648498535,0.0023,0,0.1499,6.0772,10.7499,4.2323,0.3333,1,1079366,110549,9990,23925,9071
449,49.53730010986328,0.2460000067949295,26.686599731445312,6.678899765014648,3.691800117492676,2.9409000873565674,11.75570011138916,1.0400999784469604,10000,10009,20000,10006,20000,20000,10000,0.7322999835014343,3.4144999980926514,4.624199867248535,10000,1.6234999999998534,1.3302,1,0.1285,0.0561,376832,15,15,1.3505,7712,0,0,27.043899536132812,11.788900375366211,3.08270001411438,2.5604000091552734,0.00839999970048666,0.23849999904632568,0,0,0,0,0,0,0,0,0,0,0,0,0
450,46.01190185546875,2.9511001110076904,24.989900588989258,5.685299873352051,4.328199863433838,2.323199987411499,9.182999610900879,0.710099995136261,10000,10009,20000,10006,20000,20000,10000,0.35589998960494995,3.1226999759674072,5.3470001220703125,10000,1.2464999999998885,1.0261,1,0.08939999999999998,0.0468,376832,15,15,1.1886,15952,0,0,28.06730079650879,9.215499877929688,2.643399953842163,2.01990008354187,0.00860000029206276,0.1671999990940094,0,0,0,0,0,0,0,0,0,0,0,0,0
451,50.38059997558594,4.30109977722168,23.502899169921875,5.432300090789795,2.4314000606536865,3.0201001167297363,10.450499534606934,0.7042999863624573,10000,10009,20000,10006,20000,20000,10000,0.37119999527931213,2.9052999019622803,5.573699951171875,10000,1.400199999999872,0.9619,1,0.10899999999999999,0.0456,376832,15,15,0.9266,534896,0,0,27.923200607299805,10.882499694824219,2.2383999824523926,5.049900054931641,0.40720000863075256,0.1867000013589859,0,0,0,0,0,0,0,0,0,0,0,0,0
452,68.32820129394531,24.152599334716797,24.553800582885742,4.330599784851074,5.571300029754639,4.293700218200684,10.260000228881836,0.7059999704360962,10000,10009,20000,10006,20000,20000,10000,0.3727000057697296,3.1363000869750977,3.5789999961853027,10000,1.1975999999998885,1.0814,1,0.0958,0.043899999999999995,376832,15,15,1.1374,39832,0,0,48.8302001953125,10.471099853515625,2.401400089263916,2.5826001167297363,0.18639999628067017,0.19470000267028809,0.003,9.656900405883789,0.2066,6.8078,11.2838,4.0038,0.3617,1,1063782,105539,9990,22568,8950
453,41.003700256347656,0.2824000120162964,22.890199661254883,5.541500091552734,3.4567999839782715,2.341399908065796,8.880499839782715,0.6959999799728394,10000,10009,20000,10006,20000,20000,10000,0.36959999799728394,2.601099967956543,5.0096001625061035,10000,1.1137999999998967,0.7845,1,0.076,0.038900000000000004,376832,15,15,1.0034,7712,0,0,23.298500061035156,8.910400390625,1.8552000522613525,1.7309999465942383,0.009200000204145908,1.808899998664856,0,0,0,0,0,0,0,0,0,0,0,0,0
454,55.617698669433594,5.07450008392334,21.996200561523438,5.163899898529053,2.5576999187469482,3.039299964904785,8.320300102233887,0.916700005531311,10000,10009,20000,10006,20000,20000,10000,0.41269999742507935,2.2439000606536865,4.515600204467773,10000,1.3299999999998802,0.9688,1,0.1003,0.0474,376832,15,15,1.2664,521376,0,0,27.17490005493164,8.76930046081543,2.2676000595092773,4.348899841308594,0.42750000953674316,8.795999526977539,0,0,0,0,0,0,0,0,0,0,0,0,0
455,56.79679870605469,3.4330999851226807,25.350799560546875,6.054500102996826,2.9700000286102295,3.055299997329712,11.993200302124023,1.0470000505447388,10000,10009,20000,10006,20000,20000,10000,0.45590001344680786,3.1347999572753906,5.38670015335083,10000,1.5940999999998577,0.9563,1,0.09409999999999999,0.0436,376832,15,15,1.2985,31704,0,0,28.913000106811523,12.031399726867676,2.6542000770568848,2.6136999130249023,0.011900000274181366,5.866499900817871,0,0,0,0,0,0,0,0,0,0,0,0,0
456,55.9567985534668,0.3328000009059906,22.094100952148438,4.054999828338623,2.6250998973846436,3.3935000896453857,11.83810043334961,0.6083999872207642,10000,10009,20000,10006,20000,20000,10000,0.40939998626708984,3.241300106048584,4.746500015258789,10000,1.170599999999899,0.7903,1,0.0766,0.0359,376832,15,15,0.9093,7712,0,0,22.696800231933594,11.871600151062012,2.040800094604492,1.659000039100647,0.00930000003427267,14.319600105285645,0,0,0,0,0,0,0,0,0,0,0,0,0
457,54.834598541259766,5.969799995422363,19.31920051574707,4.099899768829346,1.3519999980926514,3.586400032043457,9.838600158691406,0.7470999956130981,10000,10009,20000,10006,20000,20000,10000,0.4431999921798706,2.6623001098632812,3.6347999572753906,10000,1.354899999999877,0.9581,1,0.1081,0.0502,376832,15,15,1.1786,539824,0,0,25.420000076293945,10.262900352478027,2.3798999786376953,5.423600196838379,0.40139999985694885,7.052499771118164,0,0,0,0,0,0,0,0,0,0,0,0,0
458,61.27750015258789,9.777600288391113,33.390098571777344,6.226799964904785,8.099599838256836,5.270299911499023,9.288999557495117,0.8723999857902527,10000,10009,20000,10006,20000,20000,10000,0.617900013923645,2.926100015640259,5.544099807739258,10000,1.2672999999998924,0.8191,1,0.0774,0.041,376832,15,15,1.07,8048,0,0,43.30009841918945,9.904800415039062,1.9450000524520874,2.1816000938415527,0.5874999761581421,0.1421000063419342,0.0025,0,0.175,6.2365,6.752,0.0001,0.3856,1,1041840,0,0,0,8333
459,46.41279983520508,0.2004999965429306,25.8518009185791,5.963399887084961,2.962599992752075,3.0527000427246094,11.003600120544434,0.8364999890327454,10000,10009,20000,10006,20000,20000,10000,0.9567999839782715,4.171299934387207,4.898399829864502,10000,1.2870999999998787,1.0432,1,0.1157,0.0473,376832,15,15,1.1839,7712,0,0,26.15519905090332,11.041799545288086,2.4068000316619873,1.9438999891281128,0.01140000019222498,0.7560999989509583,0,0,0,0,0,0,0,0,0,0,0,0,0
460,57.887298583984375,2.5394999980926514,34.66429901123047,11.838800430297852,3.4974000453948975,3.3866000175476074,11.715399742126465,1.6361000537872314,10000,10009,20000,10006,20000,20000,10000,0.868399977684021,4.976200103759766,5.129300117492676,10000,1.3406999999998808,0.9898,1,0.1082,0.0556,376832,15,15,1.1306,15952,0,0,37.336700439453125,11.758899688720703,2.2736001014709473,2.134700059890747,0.011300000362098217,0.1808999925851822,0,0,0,0,0,0,0,0,0,0,0,0,0
461,58.917301177978516,4.676000118255615,29.15290069580078,6.953199863433838,3.363100051879883,4.008500099182129,11.56029987335205,0.895799994468689,10000,10009,20000,10006,20000,20000,10000,0.43290001153945923,4.649600028991699,4.9375,10000,1.7160999999998465,1.3057,1,0.1099,0.1041,376832,15,15,1.3204,499248,0,0,33.95589828491211,11.928000450134277,2.6695001125335693,5.094699859619141,0.3440999984741211,0.19419999420642853,0,0,0,0,0,0,0,0,0,0,0,0,0
462,69.48819732666016,14.880000114440918,31.657899856567383,5.8125,9.03030014038086,4.933599948883057,11.591099739074707,0.5827999711036682,10000,10009,20000,10006,20000,20000,10000,0.3833000063896179,2.601900100708008,5.281700134277344,10000,1.51099999999986,1.1315,1,0.094,0.042300000000000004,376832,15,15,1.007,29784,0,0,46.664398193359375,11.87030029296875,2.900700092315674,2.8466999530792236,0.25850000977516174,0.18230000138282776,0.0022,0,0.1471,6.4119,11.3664,4.4831,0.3902,1,1055666,109786,9993,23934,8892
463,50.04460144042969,0.29019999504089355,28.10140037536621,6.255099773406982,2.856100082397461,3.1161999702453613,12.235300064086914,1.8530999422073364,10000,10009,20000,10006,20000,20000,10000,0.6407999992370605,4.834700107574463,5.1194000244140625,10000,1.4280999999998705,1.0621,1,0.1123,0.045200000000000004,376832,15,15,1.1026,7712,0,0,28.520200729370117,12.27910041809082,2.5067999362945557,2.027100086212158,0.012299999594688416,0.43869999051094055,0,0,0,0,0,0,0,0,0,0,0,0,0
464,110.35040283203125,7.770500183105469,29.83930015563965,7.232800006866455,2.716200113296509,3.756500005722046,46.066200256347656,1.1375000476837158,10000,10009,20000,10006,20000,20000,10000,0.70169997215271,4.860099792480469,5.3420000076293945,10000,1.6962999999998678,5.5246,1,0.09999999999999999,0.038900000000000004,376832,15,15,8.5616,561064,0,0,37.73970031738281,46.53300094604492,7.192699909210205,5.567800045013428,0.43939998745918274,0.19480000436306,0,0,0,0,0,0,0,0,0,0,0,0,0
465,111.89360046386719,46.644500732421875,37.787899017333984,7.229499816894531,9.220600128173828,5.379499912261963,14.794099807739258,1.016700029373169,10000,10009,20000,10006,20000,20000,10000,0.4359000027179718,5.218500137329102,5.5777997970581055,10000,1.732699999999842,1.2418,1,0.1262,0.0487,376832,15,15,2.097,28344,0,0,84.55490112304688,15.084600448608398,2.9166998863220215,3.02810001373291,0.26170000433921814,0.31060001254081726,0.0027,13.33180046081543,0.1467,22.2776,29.5239,6.6796,0.4966,1,1040728,101529,9992,21487,8749
466,92.46929931640625,0.3384000062942505,67.37789916992188,8.704500198364258,3.878999948501587,2.5913000106811523,14.115099906921387,1.1009999513626099,10000,10009,20000,10006,20000,20000,10000,35.83599853515625,5.182300090789795,5.670599937438965,10000,1.637599999999851,1.2032,1,0.1255,0.066,376832,15,15,1.2465,7712,0,0,67.84480285644531,14.155500411987305,2.8673999309539795,2.3796000480651855,0.012299999594688416,0.2222999930381775,0,0,0,0,0,0,0,0,0,0,0,0,0
467,103.52539825439453,36.302799224853516,39.61240005493164,7.893799781799316,4.6894001960754395,3.0894999504089355,15.974699974060059,1.2199000120162964,10000,10009,20000,10006,20000,20000,10000,1.9474999904632568,8.686699867248535,6.3171000480651855,10000,1.4883999999998658,0.9932,1,0.09620000000000001,0.053,376832,15,15,1.9821,15952,0,0,76.06069946289062,16.02519989013672,2.7381999492645264,3.153899908065796,0.013500000350177288,0.1860000044107437,0,0,0,0,0,0,0,0,0,0,0,0,0
468,88.81990051269531,5.883699893951416,54.58760070800781,9.302599906921387,4.445400238037109,3.850600004196167,13.079899787902832,1.6344000101089478,10000,10009,20000,10006,20000,20000,10000,0.48510000109672546,5.445300102233887,23.127700805664062,10000,1.4508999999998675,1.2213,1,0.11639999999999999,0.0508,376832,15,15,1.1191,601864,0,0,60.593101501464844,13.639800071716309,2.6582999229431152,5.7565999031066895,0.5212000012397766,0.2646999955177307,0,0,0,0,0,0,0,0,0,0,0,0,0
469,54.621498107910156,3.8299999237060547,26.73349952697754,6.856800079345703,2.8958001136779785,2.8833999633789062,12.353699684143066,0.6547999978065491,10000,10009,20000,10006,20000,20000,10000,0.5059999823570251,4.931600093841553,4.56850004196167,10000,1.9200999999998334,1.2782,1,0.12580000000000002,0.0619,376832,15,15,1.6873,29568,0,0,30.68910026550293,12.398900032043457,2.682800054550171,2.6059999465942383,0.011900000274181366,0.2612000107765198,0,0,0,0,0,0,0,0,0,0,0,0,0
470,58.948699951171875,0.2540999948978424,27.996400833129883,7.042300224304199,3.6438000202178955,3.3680999279022217,12.499799728393555,0.9580000042915344,10000,10009,20000,10006,20000,20000,10000,0.33570000529289246,4.0218000411987305,4.746200084686279,10000,1.820099999999841,1.8563,1,0.1273,0.0552,376832,15,15,1.2437,7712,0,0,28.405399322509766,12.543100357055664,3.732100009918213,5.3317999839782715,0.01269999984651804,0.21089999377727509,0,0,0,0,0,0,0,0,0,0,0,0,0
471,69.2603988647461,3.835900068283081,35.43989944458008,11.25510025024414,3.218899965286255,2.563199996948242,16.787399291992188,1.101099967956543,10000,10009,20000,10006,20000,20000,10000,0.7960000038146973,5.712299823760986,6.803599834442139,10000,2.4346999999999857,1.2194,1,0.14190000000000003,0.077,376832,15,15,1.4852,15952,0,0,39.40879821777344,16.832000732421875,2.9117000102996826,2.553499937057495,0.01140000019222498,0.47870001196861267,0,0,0,0,0,0,0,0,0,0,0,0,0
472,75.931396484375,7.740799903869629,39.0458984375,9.374600410461426,4.412899971008301,3.869999885559082,13.84119987487793,1.191100001335144,10000,10009,20000,10006,20000,20000,10000,0.5602999925613403,5.037600040435791,8.694999694824219,10000,1.590199999999853,1.2062,1,0.13,0.0637,376832,15,15,1.3194,430176,0,0,46.930198669433594,14.276900291442871,2.808199882507324,6.63539981842041,0.4018999934196472,0.21940000355243683,0,0,0,0,0,0,0,0,0,0,0,0,0
473,79.48490142822266,10.541799545288086,42.442901611328125,7.892199993133545,10.46030044555664,6.153200149536133,13.84529972076416,1.1478999853134155,10000,10009,20000,10006,20000,20000,10000,0.43849998712539673,5.20389986038208,5.85260009765625,10000,1.6415999999998583,1.4143,1,0.14939999999999998,0.0803,376832,15,15,1.7075,8048,0,0,53.128299713134766,14.152400016784668,2.94950008392334,3.5183000564575195,0.24230000376701355,0.2151000052690506,0.0032,0,0.178,7.1692,7.68,0,0.5231,1,1024364,0,0,0,8124
474,60.87929916381836,0.2985999882221222,35.85129928588867,8.182900428771973,7.014500141143799,3.1149001121520996,13.449299812316895,1.1717000007629395,10000,10009,20000,10006,20000,20000,10000,0.4226999878883362,4.907199859619141,6.1620001792907715,10000,1.5032999999998633,1.311,1,0.12439999999999998,0.055600000000000004,376832,15,15,1.279,7712,0,0,36.2952995300293,13.49839973449707,2.8385000228881836,3.2688000202178955,0.013000000268220901,0.24719999730587006,0,0,0,0,0,0,0,0,0,0,0,0,0
475,61.92020034790039,3.6714000701904297,33.214500427246094,8.837200164794922,4.94379997253418,3.0220999717712402,13.640800476074219,1.2093000411987305,10000,10009,20000,10006,20000,20000,10000,0.5946999788284302,3.7374000549316406,6.224599838256836,10000,1.5837999999998547,1.3397,1,0.11790000000000002,0.05739999999999999,376832,15,15,1.2904,15952,0,0,37.03139877319336,13.702500343322754,3.007200002670288,2.5490000247955322,0.028999999165534973,0.663100004196167,0,0,0,0,0,0,0,0,0,0,0,0,0
476,63.49919891357422,6.504799842834473,31.2814998626709,7.867499828338623,3.7990000247955322,4.298999786376953,11.105799674987793,0.9437000155448914,10000,10009,20000,10006,20000,20000,10000,0.4302999973297119,2.4835000038146973,6.803699970245361,10000,1.514499999999861,1.3165,1,0.1136,0.053,376832,15,15,1.2684,590488,0,0,37.93239974975586,11.636799812316895,2.9384000301361084,6.074699878692627,0.501800000667572,0.20800000429153442,0,0,0,0,0,0,0,0,0,0,0,0,0
477,84.91649627685547,13.924699783325195,42.92660140991211,7.611499786376953,10.513799667358398,6.5096001625061035,14.600500106811523,1.4078999757766724,10000,10009,20000,10006,20000,20000,10000,0.770799994468689,5.334099769592285,5.51170015335083,10000,1.6080999999998535,1.4092,1,0.2014,0.08249999999999999,376832,15,15,2.421,37816,0,0,56.98979949951172,14.894800186157227,3.039099931716919,3.5773000717163086,0.26019999384880066,0.2280000001192093,0.0026,0,0.1798,5.794,10.0593,3.8921,0.3934,1,1039262,107431,9992,22238,8693
478,80.70349884033203,0.3303999900817871,53.48640060424805,12.458600044250488,4.666399955749512,4.24370002746582,14.326399803161621,9.141900062561035,10000,10009,20000,10006,20000,20000,10000,1.0595999956130981,5.7027997970581055,6.2555999755859375,10000,1.6956999999998494,1.8693,1,0.12439999999999998,0.06620000000000001,376832,15,15,2.3255,7712,0,0,53.969398498535156,14.375300407409668,3.3756000995635986,2.603100061416626,0.013000000268220901,0.20229999721050262,0,0,0,0,0,0,0,0,0,0,0,0,0
479,77.42310333251953,2.887500047683716,39.525001525878906,8.007200241088867,4.503600120544434,4.702099800109863,16.736799240112305,1.1815999746322632,10000,10009,20000,10006,20000,20000,10000,1.9320000410079956,9.782999992370605,5.311299800872803,10000,1.6420999999998493,1.7695,1,0.1325,0.0685,376832,15,15,1.3055,15952,0,0,42.547000885009766,16.78580093383789,3.882999897003174,2.557499885559082,0.0142000000923872,5.159599781036377,0,0,0,0,0,0,0,0,0,0,0,0,0
480,87.8019027709961,5.279399871826172,38.561100006103516,9.27340030670166,3.947000026702881,4.280799865722656,14.379500389099121,1.2086999416351318,10000,10009,20000,10006,20000,20000,10000,3.398099899291992,6.098599910736084,5.5970001220703125,10000,1.5927999999998548,14.0081,1,0.12310000000000001,0.0532,376832,15,15,1.2408,507752,0,0,43.96839904785156,14.860400199890137,17.80270004272461,6.141600131988525,0.4458000063896179,0.18170000612735748,0,0,0,0,0,0,0,0,0,0,0,0,0
481,114.99490356445312,30.332300186157227,60.29010009765625,7.80049991607666,15.955300331115723,6.276800155639648,10.49470043182373,0.98580002784729,10000,10009,20000,10006,20000,20000,10000,14.075300216674805,5.378499984741211,5.827600002288818,10000,1.0661999999999003,1.786,1,0.07350000000000001,0.0366,376832,15,15,0.8643,32376,0,0,90.74629974365234,10.717900276184082,3.069700002670288,6.50439977645874,0.19179999828338623,0.7986000180244446,0.0027,12.614999771118164,0.1493,8.2157,13.1798,4.5063,0.5158,1,1020848,100911,9991,21519,8567
482,55.149600982666016,0.25189998745918274,31.87030029296875,8.614500045776367,3.6721999645233154,2.5357000827789307,12.501999855041504,1.9746999740600586,10000,10009,20000,10006,20000,20000,10000,0.9667999744415283,4.76039981842041,5.282299995422363,10000,1.1515999999998945,1.2559,1,0.08149999999999999,0.0375,376832,15,15,1.0055,7712,0,0,33.48040008544922,12.544400215148926,2.5734000205993652,2.0092999935150146,0.010200000368058681,0.19449999928474426,0,0,0,0,0,0,0,0,0,0,0,0,0
483,66.41780090332031,7.99429988861084,28.486600875854492,7.255499839782715,3.90339994430542,3.3375000953674316,13.519599914550781,0.6111999750137329,10000,10009,20000,10006,20000,20000,10000,0.4277999997138977,2.5185999870300293,6.5802998542785645,10000,1.6119999999998529,1.272,1,0.12179999999999999,0.060200000000000004,376832,15,15,1.3395,544088,0,0,36.62300109863281,14.012700080871582,2.7918999195098877,6.153900146484375,0.4652999937534332,0.30649998784065247,0,0,0,0,0,0,0,0,0,0,0,0,0
484,71.00520324707031,4.740699768066406,32.50740051269531,8.17080020904541,3.945499897003174,2.9395999908447266,15.378999710083008,1.166200041770935,10000,10009,20000,10006,20000,20000,10000,0.48980000615119934,4.853600025177002,6.450099945068359,10000,1.4441999999998703,1.3849,1,0.0986,0.0474,376832,15,15,6.5686,34288,0,0,37.38970184326172,15.427000045776367,3.8743999004364014,4.281700134277344,0.0142000000923872,0.18150000274181366,0,0,0,0,0,0,0,0,0,0,0,0,0
485,63.05690002441406,0.25540000200271606,35.66559982299805,7.753900051116943,4.3491997718811035,2.6442999839782715,16.7283992767334,1.063599944114685,10000,10009,20000,10006,20000,20000,10000,2.432300090789795,4.0578999519348145,7.782100200653076,10000,1.7243999999998625,1.4002,1,0.10569999999999999,0.05790000000000001,376832,15,15,1.3342,7712,0,0,36.05550003051758,16.774599075317383,2.849100112915039,2.192199945449829,0.012600000016391277,0.20759999752044678,0,0,0,0,0,0,0,0,0,0,0,0,0
486,59.71149826049805,3.371999979019165,31.65329933166504,6.005499839782715,5.980400085449219,3.0160999298095703,14.346500396728516,1.3533999919891357,10000,10009,20000,10006,20000,20000,10000,1.6914000511169434,3.9885001182556152,5.639200210571289,10000,1.367699999999874,1.5429,1,0.1094,0.0535,376832,15,15,1.5686,15952,0,0,35.167701721191406,14.389100074768066,3.1354000568389893,2.063800096511841,0.013100000098347664,0.1800999939441681,0,0,0,0,0,0,0,0,0,0,0,0,0
487,59.97999954223633,5.117700099945068,24.770000457763672,4.841700077056885,3.616499900817871,3.463399887084961,12.530599594116211,0.859499990940094,10000,10009,20000,10006,20000,20000,10000,0.4828000068664551,3.2599000930786133,4.573599815368652,10000,1.562799999999859,1.5734,1,0.0973,0.0499,376832,15,15,1.1098,569744,0,0,30.009899139404297,13.03279972076416,2.998500108718872,4.918900012969971,0.47929999232292175,3.515399932861328,0,0,0,0,0,0,0,0,0,0,0,0,0
488,73.55970001220703,10.701700210571289,38.72169876098633,7.219099998474121,10.129799842834473,6.452400207519531,11.700300216674805,0.9580000042915344,10000,10009,20000,10006,20000,20000,10000,0.4456000030040741,3.5376999378204346,5.97599983215332,10000,1.6843999999998571,1.2576,1,0.1058,0.0471,376832,15,15,1.4951,8048,0,0,49.594200134277344,11.939800262451172,3.070199966430664,2.6884000301361084,0.21080000698566437,0.20509999990463257,0.0021,0,0.0917,7.094,7.4871,0.0003,0.519,1,999990,0,0,0,7902
489,56.875301361083984,0.2962999939918518,31.621299743652344,7.201200008392334,3.6875998973846436,3.2881999015808105,11.644599914550781,1.0084999799728394,10000,10009,20000,10006,20000,20000,10000,0.6650000214576721,5.116300106048584,6.726600170135498,10000,1.3453999999998774,0.957,1,0.10850000000000001,0.055,376832,15,15,1.5073,7712,0,0,32.055198669433594,11.682700157165527,2.6270999908447266,2.1210999488830566,0.010599999688565731,0.2386000007390976,0,0,0,0,0,0,0,0,0,0,0,0,0
490,55.535301208496094,2.127500057220459,32.53350067138672,15.979700088500977,1.752500057220459,2.2335000038146973,10.521699905395508,0.8134999871253967,10000,10009,20000,10006,20000,20000,10000,0.37940001487731934,3.6377999782562256,4.278500080108643,10000,1.4802999999998638,1.0494,1,0.09759999999999999,0.053899999999999997,376832,15,15,1.339,15952,0,0,34.77159881591797,10.560799598693848,2.441499948501587,1.9629000425338745,0.01269999984651804,0.16769999265670776,0,0,0,0,0,0,0,0,0,0,0,0,0
491,73.36859893798828,18.710599899291992,32.774200439453125,6.511899948120117,5.847599983215332,7.507599830627441,8.953499794006348,1.0218000411987305,10000,10009,20000,10006,20000,20000,10000,0.3675000071525574,3.049299955368042,4.55810022354126,10000,1.1652999999998923,1.5919,1,0.07930000000000001,0.0341,376832,15,15,1.1763,517784,0,0,51.59170150756836,9.458499908447266,3.0415000915527344,5.444799900054932,0.477400004863739,0.16509999334812164,0.0022,0,0.1172,6.4352,10.8997,4.0729,0.5123,1,1016278,107555,9990,22949,8501
492,49.877201080322266,0.2768999934196472,26.923200607299805,6.506400108337402,3.6619999408721924,2.8489999771118164,9.773900032043457,0.8155999779701233,10000,10009,20000,10006,20000,20000,10000,0.387800008058548,3.22760009765625,5.398900032043457,10000,1.4324999999998689,1.5906,1,0.0978,0.057100000000000005,376832,15,15,1.3453,7712,0,0,27.366300582885742,9.818300247192383,3.2981998920440674,3.2246999740600586,0.012799999676644802,0.20829999446868896,0,0,0,0,0,0,0,0,0,0,0,0,0
493,67.4574966430664,4.39739990234375,38.88949966430664,12.456500053405762,4.22599983215332,3.233799934387207,12.391400337219238,1.076200008392334,10000,10009,20000,10006,20000,20000,10000,0.7809000015258789,5.738500118255615,7.315400123596191,10000,1.5280999999998601,2.0099,1,0.10629999999999999,0.0495,376832,15,15,1.1106,15952,0,0,43.453800201416016,12.439000129699707,3.4186999797821045,3.2428998947143555,0.014000000432133675,0.17990000545978546,0,0,0,0,0,0,0,0,0,0,0,0,0
494,71.26020050048828,7.008399963378906,29.68560028076172,7.3572998046875,3.810699939727783,3.6728999614715576,17.44029998779297,0.6850000023841858,10000,10009,20000,10006,20000,20000,10000,0.4122999906539917,4.664000034332275,5.6321001052856445,10000,1.6310999999998652,1.2344,1,0.10930000000000001,0.06,376832,15,15,1.5361,610904,0,0,36.91270065307617,18.00830078125,2.706700086593628,7.0406999588012695,0.5382999777793884,0.21699999272823334,0,0,0,0,0,0,0,0,0,0,0,0,0
495,74.6093978881836,22.608400344848633,31.02400016784668,5.613900184631348,6.793399810791016,5.542900085449219,10.162099838256836,0.7139999866485596,10000,10009,20000,10006,20000,20000,10000,0.41920000314712524,3.2676000595092773,5.464900016784668,10000,1.2848999999998836,1.4079,1,0.0874,0.0531,376832,15,15,1.0469,30624,0,0,53.773399353027344,10.391400337219238,2.7899999618530273,2.495300054550171,0.2021999955177307,0.503000020980835,0.0023,7.867199897766113,0.1257,5.7401,10.3747,4.2402,0.4539,1,998206,100398,9990,21717,8342
496,53.85860061645508,0.23109999299049377,26.50469970703125,5.343500137329102,3.330399990081787,2.9667000770568848,13.452899932861328,1.1409000158309937,10000,10009,20000,10006,20000,20000,10000,0.3806999921798706,4.694499969482422,4.974699974060059,10000,1.5085999999998634,1.6904,1,0.10869999999999999,0.054400000000000004,376832,15,15,1.1965,7712,0,0,26.857999801635742,13.504199981689453,3.4869000911712646,3.5971999168395996,0.015300000086426735,0.22139999270439148,0,0,0,0,0,0,0,0,0,0,0,0,0
497,52.278099060058594,3.183500051498413,28.42329978942871,7.394700050354004,3.6768999099731445,3.1421000957489014,10.314800262451172,1.0875999927520752,10000,10009,20000,10006,20000,20000,10000,0.36230000853538513,3.6591999530792236,5.262400150299072,10000,1.2683999999998818,1.2026,1,0.17220000000000002,0.0528,376832,15,15,1.2003,15952,0,0,31.75830078125,10.34850025177002,2.7204999923706055,2.194999933242798,0.009800000116229057,0.20829999446868896,0,0,0,0,0,0,0,0,0,0,0,0,0
498,64.21109771728516,5.352399826049805,31.94529914855957,8.057700157165527,5.63700008392334,3.0627999305725098,10.773900032043457,0.9726999998092651,10000,10009,20000,10006,20000,20000,10000,0.45239999890327454,3.368799924850464,5.762199878692627,10000,1.5212999999998598,1.1852,1,0.0948,0.0451,376832,15,15,2.6216,480704,0,0,37.426700592041016,11.17140007019043,2.953700065612793,5.734099864959717,0.3720000088214874,0.1867000013589859,0,0,0,0,0,0,0,0,0,0,0,0,0
499,59.899600982666016,3.416599988937378,37.42409896850586,7.12060022354126,13.194700241088867,3.2855000495910645,9.991700172424316,1.2236000299453735,10000,10009,20000,10006,20000,20000,10000,0.5181000232696533,3.032099962234497,4.9953999519348145,10000,1.4403999999998687,0.9919,1,0.0998,0.0333,376832,15,15,0.9957,26368,0,0,40.972999572753906,10.023699760437012,2.3610999584198,2.3420000076293945,0.009700000286102295,0.20090000331401825,0,0,0,0,0,0,0,0,0,0,0,0,0
500,45.14889907836914,0.21119999885559082,19.434799194335938,3.6363000869750977,2.371999979019165,2.943000078201294,10.077500343322754,0.6676999926567078,10000,10009,20000,10006,20000,20000,10000,0.367900013923645,2.5409998893737793,3.9934000968933105,10000,1.2058999999998925,0.8627,1,0.0844,0.045899999999999996,376832,15,15,0.9587,7712,0,0,19.75029945373535,10.113699913024902,2.049999952316284,2.3008999824523926,0.009200000204145908,7.375199794769287,0,0,0,0,0,0,0,0,0,0,0,0,0
501,60.573299407958984,2.4386000633239746,20.486099243164062,4.435800075531006,2.211699962615967,2.6301000118255615,8.735699653625488,0.7271000146865845,10000,10009,20000,10006,20000,20000,10000,0.47530001401901245,3.4103000164031982,3.8961000442504883,10000,1.2531999999998853,1.2499,1,0.09129999999999999,0.0405,376832,15,15,0.8883,15952,0,0,23.071199417114258,8.772600173950195,2.399399995803833,1.9764000177383423,0.010200000368058681,20.713499069213867,0,0,0,0,0,0,0,0,0,0,0,0,0
502,59.53969955444336,4.727499961853027,29.088199615478516,7.4120001792907715,2.51990008354187,3.9238998889923096,13.312399864196777,0.9465000033378601,10000,10009,20000,10006,20000,20000,10000,0.48240000009536743,4.259200096130371,5.364999771118164,10000,1.3871999999998734,0.992,1,0.1069,0.049300000000000004,376832,15,15,1.0479,540656,0,0,33.935001373291016,13.759300231933594,2.434000015258789,4.9552001953125,0.41839998960494995,0.19200000166893005,0,0,0,0,0,0,0,0,0,0,0,0,0
503,66.18499755859375,7.768199920654297,35.66559982299805,7.098599910736084,8.634599685668945,5.11329984664917,12.024700164794922,1.006500005722046,10000,10009,20000,10006,20000,20000,10000,0.5486000180244446,4.733099937438965,4.994800090789795,10000,1.4201999999998702,1.2647,1,0.1295,0.0512,376832,15,15,1.4554,8048,0,0,43.56039810180664,12.257200241088867,2.870500087738037,2.598299980163574,0.20329999923706055,0.17880000174045563,0.0026,0,0.1618,4.8738,5.3215,0,0.384,1,988360,0,0,0,7645
504,48.2505989074707,0.274399995803833,24.856300354003906,6.018400192260742,2.9544999599456787,2.730299949645996,11.654899597167969,0.830299973487854,10000,10009,20000,10006,20000,20000,10000,0.5116999745368958,3.6182000637054443,4.889999866485596,10000,1.9774999999998393,1.3365,1,0.09920000000000001,0.0497,376832,15,15,1.3762,7712,0,0,25.25279998779297,11.68850040435791,2.800299882888794,2.1940999031066895,0.00930000003427267,0.1859000027179718,0,0,0,0,0,0,0,0,0,0,0,0,0
505,56.826499938964844,2.4886999130249023,27.563499450683594,6.9475998878479,2.647700071334839,3.1891000270843506,13.10099983215332,0.8274999856948853,10000,10009,20000,10006,20000,20000,10000,0.5667999982833862,4.788899898529053,5.212299823760986,10000,1.4810999999998649,1.0494,1,0.1127,0.0519,376832,15,15,1.1302,15952,0,0,30.24250030517578,13.139200210571289,2.4816999435424805,2.222399950027466,0.010200000368058681,3.4428999423980713,0,0,0,0,0,0,0,0,0,0,0,0,0
506,58.229000091552734,5.463799953460693,29.094200134277344,10.337300300598145,2.6157000064849854,3.609999895095825,13.024700164794922,0.763700008392334,10000,10009,20000,10006,20000,20000,10000,0.5016999840736389,3.120300054550171,4.473400115966797,10000,1.1766999999998944,0.9476,1,0.0769,0.039,376832,15,15,0.904,433632,0,0,34.682098388671875,13.324600219726562,2.0552000999450684,3.913100004196167,0.2736000120639801,0.7555000185966492,0,0,0,0,0,0,0,0,0,0,0,0,0
507,78.16380310058594,24.239700317382812,33.88180160522461,6.718599796295166,9.042900085449219,4.59499979019165,10.646599769592285,0.5932000279426575,10000,10009,20000,10006,20000,20000,10000,0.3402000069618225,4.15339994430542,5.610000133514404,10000,1.4223999999998695,1.0004,1,0.11030000000000001,0.0466,376832,15,15,1.2229,26632,0,0,58.249000549316406,10.885600090026855,2.3464999198913574,2.0801000595092773,0.2084999978542328,0.1793999969959259,0.0026,9.150099754333496,0.1245,6.6226,11.9458,4.8757,0.4102,1,998886,106059,9990,22431,8312
508,37.65650177001953,0.2538999915122986,21.803499221801758,5.308700084686279,1.9765000343322754,2.829699993133545,7.907100200653076,0.7806000113487244,10000,10009,20000,10006,20000,20000,10000,0.4291999936103821,2.4526000022888184,5.027299880981445,10000,1.1175999999998965,0.9354,1,0.0774,0.0383,376832,15,15,1.1059,7712,0,0,22.191200256347656,7.937699794769287,2.036799907684326,1.8149000406265259,0.008799999952316284,0.18389999866485596,0,0,0,0,0,0,0,0,0,0,0,0,0
509,52.62080001831055,4.745999813079834,19.969200134277344,4.4004998207092285,1.9076000452041626,3.352099895477295,11.003700256347656,0.9266999959945679,10000,10009,20000,10006,20000,20000,10000,0.36570000648498535,2.489799976348877,3.6142001152038574,10000,1.4537999999998683,1.053,1,0.09330000000000001,0.038400000000000004,376832,15,15,1.081,533160,0,0,24.836700439453125,11.374600410461426,2.446199893951416,4.1407999992370605,0.35260000824928284,5.743500232696533,0,0,0,0,0,0,0,0,0,0,0,0,0
510,85.77400207519531,22.810199737548828,37.32720184326172,6.674699783325195,8.88539981842041,6.367800235748291,13.788900375366211,1.0570000410079956,10000,10009,20000,10006,20000,20000,10000,1.701300024986267,4.3225998878479,4.942500114440918,10000,1.6381999999998478,1.5852,1,0.1181,0.0553,376832,15,15,1.3356,26720,0,0,60.25709915161133,14.061200141906738,2.8698999881744385,3.118000030517578,0.24709999561309814,0.4050999879837036,0.0024,7.0493998527526855,0.1162,7.5826,12.6088,4.5651,0.4085,1,984584,98729,9990,20690,8137
511,50.790401458740234,0.27559998631477356,26.890399932861328,5.435100078582764,3.99180006980896,3.0876998901367188,11.378000259399414,0.6876000165939331,10000,10009,20000,10006,20000,20000,10000,0.6290000081062317,3.4765000343322754,5.864099979400635,10000,1.6653999999998512,1.0253,1,0.13069999999999998,0.054599999999999996,376832,15,15,1.7921,7712,0,0,27.300100326538086,11.415800094604492,2.52839994430542,3.0662999153137207,0.012299999594688416,0.19460000097751617,0,0,0,0,0,0,0,0,0,0,0,0,0
512,62.647499084472656,7.1132001876831055,30.774799346923828,7.775400161743164,3.6582000255584717,4.305300235748291,11.889399528503418,0.8831999897956848,10000,10009,20000,10006,20000,20000,10000,0.8072999715805054,4.209700107574463,5.136899948120117,10000,1.3884999999998733,1.0734,1,0.11049999999999999,0.0519,376832,15,15,1.3219,522856,0,0,38.07740020751953,12.331700325012207,2.4818999767303467,5.08519983291626,0.4108999967575073,0.18140000104904175,0,0,0,0,0,0,0,0,0,0,0,0,0
513,44.057498931884766,3.7130000591278076,20.784900665283203,5.127500057220459,1.8986999988555908,2.699199914932251,10.498900413513184,0.7041000127792358,10000,10009,20000,10006,20000,20000,10000,0.436599999666214,2.2625999450683594,4.489999771118164,10000,1.4790999999998644,0.9958,1,0.0942,0.0404,376832,15,15,0.9957,24312,0,0,24.612899780273438,10.531100273132324,2.396199941635132,2.129300117492676,0.00989999994635582,0.25360000133514404,0,0,0,0,0,0,0,0,0,0,0,0,0
514,50.32550048828125,0.34049999713897705,28.646099090576172,7.225299835205078,3.4258999824523926,3.0176000595092773,11.898599624633789,0.8809999823570251,10000,10009,20000,10006,20000,20000,10000,0.7476999759674072,4.56689977645874,5.29010009765625,10000,1.3898999999998727,1.1073,1,0.11660000000000001,0.047900000000000005,376832,15,15,1.1641,7712,0,0,29.160900115966797,11.938899993896484,2.5213000774383545,1.9987000226974487,0.011599999852478504,0.41130000352859497,0,0,0,0,0,0,0,0,0,0,0,0,0
515,62.814701080322266,3.604300022125244,30.604900360107422,7.723999977111816,2.5596001148223877,3.192699909210205,15.463199615478516,1.3919999599456787,10000,10009,20000,10006,20000,20000,10000,1.3535000085830688,5.136099815368652,5.389599800109863,10000,1.6897999999998459,2.6295,1,0.1341,0.0565,376832,15,15,1.3386,15952,0,0,34.376399993896484,15.50469970703125,4.229100227355957,3.3292999267578125,0.012500000186264515,0.2281000018119812,0,0,0,0,0,0,0,0,0,0,0,0,0
516,59.05970001220703,5.264100074768066,29.301300048828125,7.488699913024902,3.2081000804901123,3.7156999111175537,11.288599967956543,0.9962000250816345,10000,10009,20000,10006,20000,20000,10000,0.48969998955726624,2.899399995803833,6.364999771118164,10000,1.2258999999998876,1.4221,1,0.0779,0.0396,376832,15,15,1.3002,520776,0,0,34.71220016479492,11.666099548339844,3.0485000610351562,4.477099895477295,0.35030001401901245,0.22460000216960907,0,0,0,0,0,0,0,0,0,0,0,0,0
517,60.57550048828125,8.045599937438965,28.568099975585938,4.991499900817871,6.582799911499023,4.400300025939941,12.140800476074219,0.7286999821662903,10000,10009,20000,10006,20000,20000,10000,0.35670000314712524,3.408799886703491,4.928100109100342,10000,1.5294999999998609,1.3671,1,0.0933,0.0431,376832,15,15,1.251,8048,0,0,36.72610092163086,12.400699615478516,2.9786999225616455,2.944499969482422,0.23489999771118164,0.2526000142097473,0.0022,0,0.1354,4.8558,5.4121,0,0.4005,1,968888,0,0,0,7389
518,54.65869903564453,0.2924000024795532,29.65679931640625,5.672999858856201,3.9279000759124756,3.7945001125335693,15.123499870300293,1.7900999784469604,10000,10009,20000,10006,20000,20000,10000,0.7982000112533569,4.566699981689453,5.239500045776367,10000,1.6420999999998538,0.9897,1,0.1266,0.0577,376832,15,15,1.393,7712,0,0,30.159099578857422,15.169899940490723,2.3436999320983887,1.9122999906539917,0.020400000736117363,0.163100004196167,0,0,0,0,0,0,0,0,0,0,0,0,0
519,56.104400634765625,2.336899995803833,22.880399703979492,4.776199817657471,2.9549999237060547,2.5973000526428223,11.546699523925781,0.7332000136375427,10000,10009,20000,10006,20000,20000,10000,0.39969998598098755,2.6308999061584473,5.226799964904785,10000,1.581199999999859,0.9543,1,0.0937,0.0398,376832,15,15,1.0133,15952,0,0,25.320600509643555,11.58530044555664,2.3122000694274902,2.0441999435424805,0.011699999682605267,10.489899635314941,0,0,0,0,0,0,0,0,0,0,0,0,0
520,68.60600280761719,10.802300453186035,29.412200927734375,7.558199882507324,3.985599994659424,3.257699966430664,13.218199729919434,0.9394999742507935,10000,10009,20000,10006,20000,20000,10000,0.5810999870300293,3.3782999515533447,5.527400016784668,10000,1.8004999999998341,1.278,1,0.1375,0.0532,376832,15,15,1.4627,592880,1,0,40.319400787353516,13.712599754333496,2.986599922180176,5.904799938201904,0.4699999988079071,0.19609999656677246,0,0,0,0,0,0,0,0,0,0,0,0,0
521,86.14089965820312,18.1560001373291,44.690399169921875,6.703499794006348,11.876700401306152,6.629700183868408,11.680700302124023,0.8938000202178955,10000,10009,20000,10006,20000,20000,10000,0.7214999794960022,3.8647000789642334,5.684500217437744,10000,1.4586999999998667,1.5723,1,0.126,0.0602,376832,15,15,1.2015,40192,0,0,63.05550003051758,11.931400299072266,3.107599973678589,3.278599977493286,0.22280000150203705,0.1542000025510788,0.0027,0,0.1271,7.4577,12.9927,4.9794,0.4152,1,982236,104211,9989,21787,8052
522,44.76279830932617,0.3625999987125397,21.39069938659668,4.178899765014648,2.3773999214172363,1.9438999891281128,11.602499961853027,0.7408999800682068,10000,10009,20000,10006,20000,20000,10000,0.3357999920845032,2.848599910736084,5.9664998054504395,10000,1.6142999999998602,1.4641,1,0.1355,0.0523,376832,15,15,1.3921,7712,0,0,21.8799991607666,11.637399673461914,2.9935998916625977,2.51990008354187,0.011900000274181366,0.9218000173568726,0,0,0,0,0,0,0,0,0,0,0,0,0
523,46.16019821166992,3.025099992752075,22.43269920349121,4.811100006103516,2.6222000122070312,2.5457000732421875,10.262499809265137,0.8287000060081482,10000,10009,20000,10006,20000,20000,10000,0.3521000146865845,2.8039000034332275,5.156199932098389,10000,1.500999999999862,1.0348,1,0.13369999999999999,0.0753,376832,15,15,1.2464,15952,0,0,25.565799713134766,10.29800033569336,2.4439001083374023,2.373699903488159,0.01119999960064888,0.186599999666214,0,0,0,0,0,0,0,0,0,0,0,0,0
524,87.62580108642578,6.460599899291992,39.279998779296875,10.523799896240234,2.8959999084472656,3.9105000495910645,24.187700271606445,1.0724999904632568,10000,10009,20000,10006,20000,20000,10000,6.270100116729736,2.7451000213623047,7.3480000495910645,10000,1.832899999999833,1.4851,1,0.1363,0.0532,376832,15,15,1.7019,619792,0,0,45.86589813232422,24.860300064086914,5.784900188446045,5.0366997718811035,0.6464999914169312,0.18000000715255737,0,0,0,0,0,0,0,0,0,0,0,0,0
525,105.220703125,25.539199829101562,38.04169845581055,6.708899974822998,8.932299613952637,6.804900169372559,28.475500106811523,1.0052000284194946,10000,10009,20000,10006,20000,20000,10000,0.8424000144004822,5.009900093078613,5.232800006866455,10000,1.70959999999985,1.0911,1,0.1177,0.059,376832,15,15,2.2001,24160,0,0,63.70899963378906,28.80470085144043,2.624300003051758,2.7053000926971436,0.29919999837875366,0.18299999833106995,0.0026,11.095999717712402,0.1493,6.5523,10.8254,3.8789,0.4284,1,969688,96351,9989,19868,7851
526,78.73290252685547,0.3046000003814697,47.50210189819336,11.131199836730957,3.246299982070923,2.5673000812530518,20.277999877929688,1.0848000049591064,10000,10009,20000,10006,20000,20000,10000,0.43309998512268066,2.825500011444092,21.956899642944336,10000,1.648299999999848,1.2131,1,0.1263,0.052,376832,15,15,1.2782,7712,0,0,47.93519973754883,20.322399139404297,2.789099931716919,2.402600049972534,0.0142000000923872,0.21899999678134918,0,0,0,0,0,0,0,0,0,0,0,0,0
527,96.1801986694336,12.075900077819824,58.566898345947266,10.882100105285645,3.910900115966797,3.097100019454956,14.36050033569336,1.0428999662399292,10000,10009,20000,10006,20000,20000,10000,3.338399887084961,5.545000076293945,5.975200176239014,10000,1.6358999999998503,1.2692,1,0.1262,0.056499999999999995,376832,15,15,1.278,15952,0,0,70.79010009765625,14.408300399780273,2.907099962234497,2.863100051879883,0.013500000350177288,0.24779999256134033,0,0,0,0,0,0,0,0,0,0,0,0,0
528,68.54570007324219,6.340799808502197,28.141199111938477,5.224400043487549,4.269999980926514,4.78980016708374,12.260899543762207,1.059999942779541,10000,10009,20000,10006,20000,20000,10000,0.553600013256073,3.2674999237060547,5.406700134277344,10000,1.3284999999998783,1.6119,1,0.09620000000000001,0.0378,376832,15,15,1.3261,581976,0,0,34.60940170288086,12.762399673461914,3.654099941253662,13.018400192260742,0.4745999872684479,0.2110999971628189,0,0,0,0,0,0,0,0,0,0,0,0,0
529,72.7791976928711,4.6956000328063965,30.38010025024414,7.470399856567383,6.617000102996826,2.633699893951416,11.348899841308594,0.8593000173568726,10000,10009,20000,10006,20000,20000,10000,0.37470000982284546,3.3378000259399414,5.519000053405762,10000,10.711499999996853,1.4715,1,0.135,0.0525,376832,15,15,1.537,21896,0,0,35.2401008605957,11.385600090026855,3.2430999279022217,3.8269999027252197,0.012299999594688416,0.21209999918937683,0,0,0,0,0,0,0,0,0,0,0,0,0
530,65.18499755859375,0.359499990940094,35.412899017333984,8.267600059509277,4.5970001220703125,3.539900064468384,18.557899475097656,1.2008999586105347,10000,10009,20000,10006,20000,20000,10000,0.6327999830245972,5.667699813842773,6.469399929046631,10000,1.5382999999998668,1.3754,1,0.09960000000000002,0.0583,376832,15,15,1.4876,7712,0,0,35.96699905395508,18.60890007019043,2.868000030517578,2.5750999450683594,0.014999999664723873,0.20890000462532043,0,0,0,0,0,0,0,0,0,0,0,0,0
531,72.76679992675781,4.625800132751465,42.580101013183594,6.776700019836426,4.3333001136779785,4.289700031280518,14.611200332641602,1.0987999439239502,10000,10009,20000,10006,20000,20000,10000,0.6934999823570251,14.930399894714355,6.252099990844727,10000,1.5250999999998607,1.347,1,0.12320000000000002,0.0672,376832,15,15,1.3393,15952,0,0,47.426300048828125,14.661100387573242,2.9967000484466553,2.468100070953369,0.013700000010430813,0.20810000598430634,0,0,0,0,0,0,0,0,0,0,0,0,0
532,55.05950164794922,6.036900043487549,28.591299057006836,6.808300018310547,4.495800018310547,3.1839001178741455,8.82349967956543,0.9955999851226807,10000,10009,20000,10006,20000,20000,10000,0.3806000053882599,2.396899938583374,6.200699806213379,10000,1.223299999999893,0.8782,1,0.09409999999999999,0.0484,376832,15,15,1.6903,515080,0,0,34.770999908447266,9.232000350952148,2.286400079727173,4.2342000007629395,0.38499999046325684,0.1460999995470047,0,0,0,0,0,0,0,0,0,0,0,0,0
533,78.9104995727539,8.826499938964844,38.78730010986328,8.86989974975586,10.284099578857422,6.182600021362305,19.08340072631836,0.769599974155426,10000,10009,20000,10006,20000,20000,10000,0.4293000102043152,2.5920000076293945,5.7621002197265625,10000,1.5037999999998761,0.8894,1,0.11760000000000001,0.0557,376832,15,15,1.2963,8048,0,0,47.72880172729492,19.33530044555664,2.0924999713897705,2.6526999473571777,0.22599999606609344,1.0954999923706055,0.0025,0,0.1751,5.8132,6.2925,0.0001,0.3444,1,949904,0,0,0,7123
534,49.09510040283203,0.32440000772476196,27.928800582885742,6.995699882507324,3.9916999340057373,3.0699000358581543,9.68649959564209,0.967199981212616,10000,10009,20000,10006,20000,20000,10000,0.4555000066757202,2.6082000732421875,5.8730998039245605,10000,1.4389999999998702,1.2813,1,0.1103,0.0596,376832,15,15,1.1873,7712,0,0,28.39900016784668,9.720800399780273,2.888700008392334,2.5789999961853027,0.010499999858438969,0.19979999959468842,0,0,0,0,0,0,0,0,0,0,0,0,0
535,48.416099548339844,3.2011001110076904,23.751699447631836,4.499300003051758,3.8533999919891357,2.1582999229431152,10.923600196838379,0.7651000022888184,10000,10009,20000,10006,20000,20000,10000,0.3686999976634979,3.5934998989105225,4.768599987030029,10000,1.446699999999866,1.5382,1,0.0992,0.0465,376832,15,15,1.3713,15952,0,0,27.08930015563965,10.96399974822998,3.1552999019622803,2.515000104904175,0.012799999676644802,0.19609999656677246,0,0,0,0,0,0,0,0,0,0,0,0,0
536,64.2260971069336,6.262199878692627,29.91990089416504,6.135300159454346,2.9395999908447266,3.98799991607666,14.0516996383667,1.2307000160217285,10000,10009,20000,10006,20000,20000,10000,0.51910001039505,5.8805999755859375,5.626200199127197,10000,1.371699999999874,1.2739,1,0.11530000000000001,0.0426,376832,15,15,1.6048,585600,0,0,36.32490158081055,14.5871000289917,2.666599988937378,5.666299819946289,0.5055999755859375,0.20800000429153442,0,0,0,0,0,0,0,0,0,0,0,0,0
537,80.6968994140625,16.757699966430664,39.811798095703125,7.788000106811523,8.530900001525879,6.892300128936768,12.970499992370605,1.007599949836731,10000,10009,20000,10006,20000,20000,10000,0.41100001335144043,4.893599987030029,5.7617998123168945,10000,1.487799999999864,1.276,1,0.11270000000000001,0.0538,376832,15,15,1.3332,24328,0,0,56.690101623535156,13.268400192260742,2.750499963760376,2.9446001052856445,0.2646999955177307,0.21310000121593475,0.0027,0,0.1467,7.7171,13.0304,4.7905,0.5,1,965264,101818,9990,21805,7846
538,46.466800689697266,0.31119999289512634,25.191200256347656,5.204100131988525,4.1209001541137695,2.501199960708618,11.09850025177002,0.9060999751091003,10000,10009,20000,10006,20000,20000,10000,0.37369999289512634,2.664299964904785,5.379000186920166,10000,1.763299999999845,0.8986,1,0.10179999999999999,0.0495,376832,15,15,1.1888,7712,0,0,25.6343994140625,11.13759994506836,2.3150999546051025,2.042099952697754,0.014600000344216824,0.19059999287128448,0,0,0,0,0,0,0,0,0,0,0,0,0
539,61.64649963378906,2.552000045776367,34.274600982666016,12.250300407409668,3.2211999893188477,2.795099973678589,14.538599967956543,0.7818999886512756,10000,10009,20000,10006,20000,20000,10000,0.3675999939441681,4.306300163269043,6.874300003051758,10000,1.6332999999998492,1.1774,1,0.1164,0.0461,376832,15,15,1.323,15952,0,0,36.94350051879883,14.57800006866455,2.7948999404907227,2.2852001190185547,0.009700000286102295,0.16940000653266907,0,0,0,0,0,0,0,0,0,0,0,0,0
540,99.74479675292969,27.06130027770996,39.03879928588867,6.976099967956543,9.527000427246094,6.76039981842041,13.017000198364258,1.0702999830245972,10000,10009,20000,10006,20000,20000,10000,0.3894999921321869,5.0335001945495605,5.548399925231934,10000,2.774200000000082,1.5987,1,0.13940000000000002,0.057300000000000004,376832,15,15,1.3274,621088,0,0,66.2228012084961,14.721400260925293,3.353100061416626,7.648399829864502,1.6764999628067017,0.18880000710487366,0.002,9.276900291442871,0.0984,6.4314,10.8604,4.0487,0.4345,1,948824,96248,9990,20284,7620
541,44.477699279785156,0.289900004863739,23.974700927734375,5.731500148773193,2.4407999515533447,2.261699914932251,11.019200325012207,0.7825999855995178,10000,10009,20000,10006,20000,20000,10000,0.4375999867916107,3.2474000453948975,5.316999912261963,10000,1.5247999999998605,1.0409,1,0.09280000000000001,0.046299999999999994,376832,15,15,1.2725,7712,0,0,24.3794002532959,11.055800437927246,2.360300064086914,2.0443999767303467,0.012600000016391277,0.17739999294281006,0,0,0,0,0,0,0,0,0,0,0,0,0
542,50.9556999206543,3.2411999702453613,24.47599983215332,5.461900234222412,3.5629000663757324,2.9493000507354736,12.521900177001953,0.9322999715805054,10000,10009,20000,10006,20000,20000,10000,0.33739998936653137,2.6349000930786133,5.20389986038208,10000,1.3089999999998787,1.6096,1,0.11279999999999998,0.0539,376832,15,15,1.1948,15952,0,0,27.84280014038086,12.559000015258789,3.0348000526428223,2.6689000129699707,0.011800000444054604,0.18400000035762787,0,0,0,0,0,0,0,0,0,0,0,0,0
543,70.71929931640625,4.1442999839782715,36.00960159301758,7.1234002113342285,7.715199947357178,3.7632999420166016,14.692899703979492,0.9369999766349792,10000,10009,20000,10006,20000,20000,10000,0.3684999942779541,4.190299987792969,8.48799991607666,10000,1.7230999999998393,1.582,1,0.133,0.0469,376832,15,15,1.3043,592088,0,0,40.2848014831543,15.185700416564941,3.0269999504089355,5.865799903869629,0.461899995803833,0.17249999940395355,0,0,0,0,0,0,0,0,0,0,0,0,0
544,55.4364013671875,3.871500015258789,27.508100509643555,5.7846999168396,3.506500005722046,3.425600051879883,13.118599891662598,0.6948000192642212,10000,10009,20000,10006,20000,20000,10000,0.36640000343322754,5.1554999351501465,5.495999813079834,10000,1.407199999999873,1.2255,1,0.1061,0.0506,376832,15,15,1.2169,20320,0,0,31.582300186157227,13.171500205993652,2.61080002784729,2.436000108718872,0.011699999682605267,0.20999999344348907,0,0,0,0,0,0,0,0,0,0,0,0,0
545,45.74420166015625,0.2840999960899353,25.82979965209961,6.281300067901611,3.8060998916625977,2.461199998855591,9.032899856567383,1.0305999517440796,10000,10009,20000,10006,20000,20000,10000,0.42820000648498535,2.5845000743865967,5.3643999099731445,10000,1.484799999999867,1.7373,1,0.0928,0.0463,376832,15,15,1.4864,7712,0,0,26.252099990844727,9.069299697875977,3.168100118637085,2.3280999660491943,0.011699999682605267,0.16500000655651093,0,0,0,0,0,0,0,0,0,0,0,0,0
546,60.67689895629883,5.019100189208984,27.259899139404297,8.54990005493164,2.911400079727173,3.3405001163482666,12.946700096130371,0.9505000114440918,10000,10009,20000,10006,20000,20000,10000,0.33009999990463257,4.018199920654297,3.8650999069213867,10000,1.3753999999998743,1.2889,1,0.11199999999999999,0.0547,376832,15,15,1.119,493768,0,0,32.37860107421875,13.451399803161621,2.7328999042510986,6.239999771118164,0.4717999994754791,0.1858000010251999,0,0,0,0,0,0,0,0,0,0,0,0,0
547,68.83529663085938,9.044500350952148,36.37179946899414,6.6545000076293945,8.309599876403809,6.409999847412109,11.705599784851074,1.0058000087738037,10000,10009,20000,10006,20000,20000,10000,0.4767000079154968,5.111100196838379,4.845200061798096,10000,1.5550999999998625,1.2872,1,0.0953,0.0444,376832,15,15,1.0984,8048,0,0,45.53820037841797,11.946499824523926,2.890500068664551,2.8452999591827393,0.2093999981880188,0.2037999927997589,0.0023,0,0.1348,5.9753,6.3732,0.0001,0.4677,1,934260,0,0,0,6840
548,53.5078010559082,0.3382999897003174,24.99959945678711,6.565000057220459,3.585400104522705,2.6101999282836914,12.816100120544434,0.7164000272750854,10000,10009,20000,10006,20000,20000,10000,0.47679999470710754,2.82450008392334,4.980999946594238,10000,4.942200000001139,1.2202,1,0.12160000000000001,0.0525,376832,15,15,1.5198,7712,0,0,25.466899871826172,12.853899955749512,2.6298999786376953,1.9823999404907227,0.010099999606609344,0.43860000371932983,0,0,0,0,0,0,0,0,0,0,0,0,0
549,55.523799896240234,3.034600019454956,23.581600189208984,5.263999938964844,3.053299903869629,3.132499933242798,11.59570026397705,0.5913000106811523,10000,10009,20000,10006,20000,20000,10000,0.4239000082015991,3.090100049972534,4.751800060272217,10000,1.445499999999867,1.3015,1,0.0947,0.0411,376832,15,15,0.9557,15952,0,0,26.75550079345703,11.633899688720703,2.6449999809265137,2.1071999073028564,0.010700000450015068,8.338299751281738,0,0,0,0,0,0,0,0,0,0,0,0,0
550,58.5901985168457,4.059899806976318,23.383499145507812,5.9842000007629395,3.2360000610351562,3.309000015258789,9.910599708557129,0.6269999742507935,10000,10009,20000,10006,20000,20000,10000,0.3537999987602234,2.5940001010894775,4.472099781036377,10000,1.458699999999869,0.8826,1,0.0798,0.04529999999999999,376832,15,15,1.2596,516776,0,0,27.56920051574707,10.277400016784668,1.9803999662399292,3.7976999282836914,0.3490999937057495,9.92490005493164,0,0,0,0,0,0,0,0,0,0,0,0,0
551,69.82749938964844,11.298999786376953,31.37380027770996,7.116799831390381,8.24590015411377,4.738800048828125,17.449600219726562,0.5974000096321106,10000,10009,20000,10006,20000,20000,10000,0.33640000224113464,2.510200023651123,5.022299766540527,10000,1.1974999999998885,1.0722,1,0.10879999999999998,0.0405,376832,15,15,1.4118,22032,0,0,42.77880096435547,17.645099639892578,2.5594000816345215,2.5625,0.17229999601840973,0.19789999723434448,0.0021,0,0.1124,4.891,8.8435,3.6253,0.3427,1,946056,101039,9991,21379,7583
552,45.535701751708984,0.3043999969959259,24.90690040588379,6.383500099182129,3.061300039291382,2.994800090789795,10.235400199890137,0.9699000120162964,10000,10009,20000,10006,20000,20000,10000,0.4578999876976013,2.8489999771118164,4.688199996948242,10000,1.5495999999998602,1.3834,1,0.09340000000000001,0.0414,376832,15,15,1.2922,7712,0,0,25.346500396728516,10.269599914550781,3.1719000339508057,1.98989999294281,0.009800000116229057,0.17139999568462372,0,0,0,0,0,0,0,0,0,0,0,0,0
553,59.27799987792969,2.0546998977661133,24.621700286865234,5.92710018157959,3.600600004196167,3.259999990463257,11.91409969329834,0.916100025177002,10000,10009,20000,10006,20000,20000,10000,0.3619000017642975,3.0062999725341797,4.396100044250488,10000,1.5663999999998568,1.1697,1,0.11440000000000002,0.047799999999999995,376832,15,15,1.3153,15952,0,0,26.778200149536133,11.951600074768066,2.764400005340576,2.171600103378296,0.012000000104308128,9.547100067138672,0,0,0,0,0,0,0,0,0,0,0,0,0
554,59.439300537109375,4.543300151824951,26.87380027770996,5.622000217437744,4.046599864959717,3.510699987411499,14.624199867248535,0.8159000277519226,10000,10009,20000,10006,20000,20000,10000,0.5396999716758728,4.347400188446045,4.6483001708984375,10000,1.8025999999998343,1.2105,1,0.1196,0.0518,376832,15,15,0.9957,506416,0,0,31.53350067138672,15.04259967803955,2.559999942779541,5.212699890136719,0.3944000005722046,0.18479999899864197,0,0,0,0,0,0,0,0,0,0,0,0,0
555,69.77110290527344,22.14699935913086,28.199199676513672,4.840000152587891,8.26990032196045,4.443699836730957,10.030699729919434,0.5960999727249146,10000,10009,20000,10006,20000,20000,10000,0.4034999907016754,2.47760009765625,3.9911000728607178,10000,1.4426999999998684,1.2623,1,0.09280000000000001,0.0374,376832,15,15,1.1068,21032,0,0,50.45669937133789,10.250900268554688,2.745800018310547,2.027400016784668,0.19769999384880066,0.18369999527931213,0.0027,9.138400077819824,0.1314,5.5157,9.8406,3.8567,0.4001,1,936458,93932,9991,19153,7334
556,43.53739929199219,0.2624000012874603,20.30069923400879,3.579200029373169,2.9182000160217285,2.8610000610351562,10.709400177001953,0.8615999817848206,10000,10009,20000,10006,20000,20000,10000,0.4074000120162964,2.5334999561309814,4.2453999519348145,10000,1.4578999999998676,1.3112,1,0.09289999999999998,0.0395,376832,15,15,0.9719,7712,0,0,20.682600021362305,10.736100196838379,2.7511000633239746,2.2239999771118164,0.008299999870359898,2.4611001014709473,0,0,0,0,0,0,0,0,0,0,0,0,0
557,58.641300201416016,2.111799955368042,22.737199783325195,5.6996002197265625,2.3376998901367188,2.6245999336242676,10.308899879455566,0.8938000202178955,10000,10009,20000,10006,20000,20000,10000,0.6039000153541565,2.5954999923706055,4.554200172424316,10000,1.409899999999873,1.3951,1,0.10190000000000002,0.0497,376832,15,15,1.215,15952,0,0,25.038999557495117,10.344300270080566,2.8671000003814697,2.085200071334839,0.011599999852478504,13.958100318908691,0,0,0,0,0,0,0,0,0,0,0,0,0
558,61.55229949951172,4.955999851226807,31.135400772094727,7.910200119018555,3.096299886703491,3.6482999324798584,10.925299644470215,0.8924000263214111,10000,10009,20000,10006,20000,20000,10000,0.49470001459121704,3.6977999210357666,7.60699987411499,10000,1.218199999999885,1.2769,1,0.0964,0.059899999999999995,376832,15,15,1.1379,531528,0,0,36.215301513671875,11.381099700927734,3.127000093460083,6.647200107574463,0.4318000078201294,0.19059999287128448,0,0,0,0,0,0,0,0,0,0,0,0,0
559,53.58359909057617,3.2209999561309814,28.212900161743164,6.8343000411987305,3.6077001094818115,3.051500082015991,11.4891996383667,0.9061999917030334,10000,10009,20000,10006,20000,20000,10000,1.0231000185012817,4.198599815368652,5.273900032043457,10000,1.4088999999998721,1.0296,1,0.1015,0.0393,376832,15,15,1.2573,19400,0,0,31.562000274658203,11.530500411987305,2.40910005569458,2.5230000019073486,0.012400000356137753,0.1923000067472458,0,0,0,0,0,0,0,0,0,0,0,0,0
560,54.17190170288086,0.36320000886917114,28.50860023498535,6.95959997177124,3.333899974822998,3.106600046157837,10.197199821472168,0.7041000127792358,10000,10009,20000,10006,20000,20000,10000,0.3319000005722046,4.8429999351501465,5.724899768829346,10000,1.1397999999998947,0.9641,1,0.0773,0.0349,376832,15,15,0.9046,7712,0,0,29,10.240400314331055,2.219399929046631,2.3861000537872314,0.011699999682605267,6.9070000648498535,0,0,0,0,0,0,0,0,0,0,0,0,0
561,55.19810104370117,2.6665000915527344,26.786300659179688,6.774899959564209,3.86899995803833,1.9127000570297241,12.82349967956543,0.9341999888420105,10000,10009,20000,10006,20000,20000,10000,0.5812000036239624,3.7016000747680664,5.060999870300293,10000,1.722899999999876,1.0421,1,0.0998,0.0453,376832,15,15,1.1218,15952,0,0,29.574899673461914,12.865500450134277,2.3589000701904297,2.889400005340576,0.011099999770522118,2.814199924468994,0,0,0,0,0,0,0,0,0,0,0,0,0
562,60.365699768066406,5.483399868011475,30.47319984436035,9.548500061035156,2.4584999084472656,3.523900032043457,11.757200241088867,0.7253999710083008,10000,10009,20000,10006,20000,20000,10000,0.49399998784065247,4.479599952697754,5.117599964141846,10000,1.32159999999988,1.0244,1,0.10239999999999999,0.060700000000000004,376832,15,15,1.0467,559936,0,0,36.07780075073242,12.22700023651123,2.330399990081787,5.461100101470947,0.4399000108242035,0.19059999287128448,0,0,0,0,0,0,0,0,0,0,0,0,0
563,62.20899963378906,7.556700229644775,31.137300491333008,6.743599891662598,7.533100128173828,5.708099842071533,11.535300254821777,0.9146000146865845,10000,10009,20000,10006,20000,20000,10000,0.5608999729156494,2.571500062942505,4.367499828338623,10000,1.3505999999998808,1.6662,1,0.133,0.0506,376832,15,15,1.7199,8048,0,0,38.801300048828125,11.76259994506836,3.2295000553131104,3.45740008354187,0.20399999618530273,0.17980000376701355,0.0017,0,0.1028,4.9367,5.4228,0.0002,0.3684,1,920258,0,0,0,6544
564,56.531700134277344,0.2939999997615814,26.095500946044922,6.548099994659424,3.2286999225616455,2.2862000465393066,15.599300384521484,1.0198999643325806,10000,10009,20000,10006,20000,20000,10000,0.45329999923706055,3.498800039291382,5.216599941253662,10000,2.662700000000067,1.7025,1,0.1094,0.3004,376832,15,15,1.7024,7712,0,0,26.524200439453125,15.663700103759766,3.60479998588562,2.134399890899658,0.011599999852478504,0.18539999425411224,0,0,0,0,0,0,0,0,0,0,0,0,0
565,50.0265007019043,3.0713000297546387,26.0226993560791,4.563600063323975,2.960200071334839,3.631999969482422,11.411999702453613,1.145900011062622,10000,10009,20000,10006,20000,20000,10000,0.588699996471405,3.109999895095825,6.032800197601318,10000,1.3573999999998783,0.8975,1,0.09440000000000001,0.0406,376832,15,15,0.9656,15952,0,0,29.213199615478516,11.443900108337402,2.2523000240325928,2.0480000972747803,0.009100000374019146,0.44339999556541443,0,0,0,0,0,0,0,0,0,0,0,0,0
566,52.64590072631836,4.357900142669678,22.84149932861328,5.259200096130371,2.997499942779541,3.252000093460083,7.57420015335083,0.9172000288963318,10000,10009,20000,10006,20000,20000,10000,0.39969998598098755,2.252500057220459,4.4980998039245605,10000,1.1119999999998968,0.9962,1,0.08939999999999998,0.0405,376832,15,15,1.1588,547776,0,0,27.319299697875977,7.962900161743164,2.3173000812530518,4.751999855041504,0.3668999969959259,6.658299922943115,0,0,0,0,0,0,0,0,0,0,0,0,0
567,58.1963005065918,10.67710018157959,27.976499557495117,3.4026999473571777,4.5366997718811035,5.764999866485596,10.965900421142578,0.7767999768257141,10000,10009,20000,10006,20000,20000,10000,3.8868000507354736,3.9072999954223633,3.1236000061035156,10000,1.1575999999998912,0.8728,1,0.09559999999999999,0.0461,376832,15,15,1.162,21096,0,0,38.78519821166992,11.1806001663208,1.986299991607666,2.267899990081787,0.18690000474452972,0.16990000009536743,0.0023,0,0.0818,4.5124,7.8168,3.0199,0.3391,1,933148,99867,9991,20624,7307
568,32.26319885253906,0.25099998712539673,17.771699905395508,4.130499839782715,2.545099973678589,1.4039000272750854,7.324399948120117,0.5250999927520752,10000,10009,20000,10006,20000,20000,10000,0.30239999294281006,1.9631999731063843,4.408999919891357,10000,1.0769999999999014,0.7854,1,0.0731,0.0354,376832,15,15,0.8989,7712,0,0,18.139799118041992,7.3491997718811035,1.8205000162124634,1.6335999965667725,0.007699999958276749,0.12240000069141388,0,0,0,0,0,0,0,0,0,0,0,0,0
569,50.805301666259766,4.851600170135498,21.217899322509766,5.935800075531006,2.501499891281128,1.9895000457763672,13.921799659729004,0.9900000095367432,10000,10009,20000,10006,20000,20000,10000,0.27230000495910645,2.8675999641418457,3.602299928665161,10000,1.2400999999998878,1.0273,1,0.08570000000000001,0.0397,376832,15,15,1.3052,518544,0,0,26.1648006439209,14.348999977111816,2.1821999549865723,3.960400104522705,0.40230000019073486,0.15240000188350677,0,0,0,0,0,0,0,0,0,0,0,0,0
570,77.88279724121094,36.43339920043945,26.638700485229492,3.6803998947143555,7.001299858093262,4.6992998123168945,8.548199653625488,0.6352999806404114,10000,10009,20000,10006,20000,20000,10000,0.34389999508857727,2.7822000980377197,4.810200214385986,10000,0.8186999999999262,0.7794,1,0.0652,0.032600000000000004,376832,15,15,0.8325,20440,0,0,63.1703987121582,8.70479965209961,1.5621000528335571,1.6967999935150146,0.1340000033378601,0.13619999587535858,0.0019,9.79740047454834,0.0973,18.9554,23.6203,3.9326,0.4234,1,919290,91608,9993,18837,7055
571,25.284700393676758,0.1695999950170517,13.17080020904541,2.448699951171875,1.7806999683380127,1.5,6.0432000160217285,0.4099999964237213,10000,10009,20000,10006,20000,20000,10000,0.26899999380111694,1.701200008392334,3.2184998989105225,10000,0.8610999999999225,0.7139,1,0.062,0.0295,376832,15,15,0.7965,7712,0,0,13.430100440979004,6.066100120544434,1.5367000102996826,1.4384000301361084,0.006800000090152025,0.13529999554157257,0,0,0,0,0,0,0,0,0,0,0,0,0
572,35.042301177978516,4.703800201416016,14.923399925231934,3.0327999591827393,2.010699987411499,1.9469000101089478,6.9558000564575195,0.48159998655319214,10000,10009,20000,10006,20000,20000,10000,0.25279998779296875,1.8696000576019287,3.1602001190185547,10000,0.9809999999999083,0.7524,1,0.06939999999999999,0.0283,376832,15,15,0.8077,623944,0,0,19.71769905090332,7.331200122833252,1.7044999599456787,3.23799991607666,0.35929998755455017,0.14020000398159027,0,0,0,0,0,0,0,0,0,0,0,0,0
573,31.170799255371094,2.2383999824523926,13.794099807739258,2.8273000717163086,1.1204999685287476,1.8392000198364258,7.690100193023682,0.5486000180244446,10000,10009,20000,10006,20000,20000,10000,0.28940001130104065,2.0423998832702637,3.1013998985290527,10000,1.138499999999896,0.9489,1,0.0774,0.036500000000000005,376832,15,15,1.0556,18744,0,0,16.12030029296875,7.713099956512451,2.0123000144958496,1.7194000482559204,0.007699999958276749,0.15719999372959137,0,0,0,0,0,0,0,0,0,0,0,0,0
574,34.471099853515625,0.20430000126361847,16.97319984436035,3.5020999908447266,2.5060999393463135,1.6016000509262085,9.100799560546875,0.5849000215530396,10000,10009,20000,10006,20000,20000,10000,0.3310000002384186,2.4690001010894775,3.721400022506714,10000,1.1573999999998934,0.8268,1,0.077,0.0343,376832,15,15,1.0129,7712,0,0,17.27910041809082,9.132100105285645,1.892300009727478,1.6439000368118286,0.008899999782443047,1.0622999668121338,0,0,0,0,0,0,0,0,0,0,0,0,0
575,44.00619888305664,5.412700176239014,18.187599182128906,3.9577999114990234,2.3424999713897705,2.15310001373291,9.220100402832031,0.6431999802589417,10000,10009,20000,10006,20000,20000,10000,0.24969999492168427,2.410099983215332,3.7901999950408936,10000,1.3133999999998796,1.3013,1,0.0869,0.0349,376832,15,15,1.1653,531232,0,0,23.701799392700195,9.611300468444824,2.558000087738037,4.057600021362305,0.3659000098705292,0.16439999639987946,0,0,0,0,0,0,0,0,0,0,0,0,0
576,53.722900390625,8.486100196838379,23.289400100708008,4.260900020599365,5.13070011138916,3.7741000652313232,11.303999900817871,0.772599995136261,10000,10009,20000,10006,20000,20000,10000,0.2865000069141388,3.072999954223633,3.5320000648498535,10000,1.6781999999998447,1.0911,1,0.1046,0.0439,376832,15,15,1.3343,8048,0,0,31.881999969482422,11.534799575805664,2.9309000968933105,2.346299886703491,0.20980000495910645,0.18289999663829803,0.0022,0,0.1173,6.0395,6.4121,0.0001,0.3112,1,911128,0,0,0,6261
577,40.8036994934082,0.2865999937057495,19.364099502563477,4.220699787139893,1.5378999710083008,2.4384000301361084,11.719300270080566,0.7609000205993652,10000,10009,20000,10006,20000,20000,10000,0.2973000109195709,2.770699977874756,4.569300174713135,10000,1.643899999999849,1.0799,1,0.10339999999999999,0.0398,376832,15,15,1.0651,7712,0,0,19.763099670410156,11.749899864196777,2.5861001014709473,2.0917000770568848,0.010300000198185444,0.1826000064611435,0,0,0,0,0,0,0,0,0,0,0,0,0
578,42.700199127197266,2.891700029373169,20.878799438476562,4.2581000328063965,1.496399998664856,2.31469988822937,11.588899612426758,0.8507999777793884,10000,10009,20000,10006,20000,20000,10000,0.34619998931884766,2.889699935913086,5.37060022354126,10000,1.4284999999998718,0.7618,1,0.07900000000000001,0.0331,376832,15,15,0.8894,15952,0,0,23.884899139404297,11.614999771118164,1.7890000343322754,1.454800009727478,0.009399999864399433,0.12229999899864197,0,0,0,0,0,0,0,0,0,0,0,0,0
579,51.25920104980469,16.53420066833496,19.133699417114258,3.3798999786376953,4.01800012588501,3.4784998893737793,7.4741997718811035,0.6455000042915344,10000,10009,20000,10006,20000,20000,10000,0.3086000084877014,2.3973000049591064,2.7125000953674316,10000,0.9345999999999167,0.7383,1,0.059399999999999994,0.031,376832,15,15,0.954,591048,0,0,35.75189971923828,7.919400215148926,1.4835000038146973,2.9258999824523926,0.4291999936103821,0.125900000333786,0.0018,5.346499919891357,0.064,4.0794,6.7266,2.4131,0.2869,1,923702,98655,9994,20773,7014
580,22.146299362182617,0.14990000426769257,10.998600006103516,2.072700023651123,0.8501999974250793,1.0217000246047974,5.613399982452393,0.42579999566078186,10000,10009,20000,10006,20000,20000,10000,0.23430000245571136,1.656599998474121,2.9272000789642334,10000,0.8298999999999254,0.5827,1,0.059800000000000006,0.0266,376832,15,15,0.6452,7712,0,0,11.229299545288086,5.636000156402588,1.3768999576568604,1.3483999967575073,0.007000000216066837,0.14300000667572021,0,0,0,0,0,0,0,0,0,0,0,0,0
581,54.412601470947266,18.434900283813477,18.179399490356445,3.0920000076293945,4.115099906921387,3.214099884033203,8.078800201416016,0.5286999940872192,10000,10009,20000,10006,20000,20000,10000,0.25209999084472656,1.9354000091552734,2.8842999935150146,10000,1.1987999999998902,0.8549,1,0.0794,0.0323,376832,15,15,0.9013,539048,0,0,36.7056999206543,8.543899536132812,1.9865000247955322,3.6308000087738037,0.44929999113082886,0.14669999480247498,0.0018,5.154099941253662,0.0649,4.3562,7.1135,2.5181,0.3923,1,912640,94402,9993,19856,6753
582,38.58660125732422,0.22939999401569366,17.48979949951172,3.6489999294281006,1.2806999683380127,1.905900001525879,11.022500038146973,0.8003000020980835,10000,10009,20000,10006,20000,20000,10000,0.37450000643730164,3.139699935913086,3.9263999462127686,10000,1.7429999999998387,1.0898,1,0.10410000000000001,0.041499999999999995,376832,15,15,1.1349,7712,0,0,17.818700790405273,11.053000450134277,2.6029000282287598,2.1644999980926514,0.009100000374019146,0.17470000684261322,0,0,0,0,0,0,0,0,0,0,0,0,0
583,46.347999572753906,4.5269999504089355,19.74799919128418,4.415500164031982,1.7523000240325928,2.666599988937378,11.311599731445312,0.7597000002861023,10000,10009,20000,10006,20000,20000,10000,0.29269999265670776,2.918299913406372,4.246699810028076,10000,1.6773999999998472,0.9039,1,0.09769999999999998,0.0367,376832,15,15,1.0137,472832,0,0,24.38050079345703,11.746000289916992,2.1914000511169434,3.4823999404907227,0.4156999886035919,0.1331000030040741,0,0,0,0,0,0,0,0,0,0,0,0,0
584,29.81410026550293,1.9112000465393066,12.252300262451172,2.4363999366760254,0.9807999730110168,1.499500036239624,7.667699813842773,0.48590001463890076,10000,10009,20000,10006,20000,20000,10000,0.2969000041484833,2.0599000453948975,2.663599967956543,10000,1.2325999999998867,0.952,1,0.0822,0.0398,376832,15,15,1.1186,17960,0,0,14.251299858093262,7.690199851989746,2.1828999519348145,1.7936999797821045,0.007499999832361937,0.17170000076293945,0,0,0,0,0,0,0,0,0,0,0,0,0
585,39.192901611328125,0.2946000099182129,17.984600067138672,3.782599925994873,1.375,2.0499000549316406,11.477100372314453,0.7153000235557556,10000,10009,20000,10006,20000,20000,10000,0.2605000138282776,2.952699899673462,4.146699905395508,10000,1.62839999999985,1.0361,1,0.10189999999999999,0.0388,376832,15,15,1.1085,7712,0,0,18.3966007232666,11.507100105285645,2.518199920654297,2.0627999305725098,0.009499999694526196,0.1680999994277954,0,0,0,0,0,0,0,0,0,0,0,0,0
586,49.98059844970703,5.633600234985352,19.5575008392334,4.499300003051758,1.8344000577926636,2.3046998977661133,12.473699569702148,0.7627999782562256,10000,10009,20000,10006,20000,20000,10000,0.29260000586509705,2.8929998874664307,4.255300045013428,10000,1.6631999999998481,1.3878,1,0.1051,0.034999999999999996,376832,15,15,1.5163,551112,0,0,25.292499542236328,12.866600036621094,3.006700038909912,3.751499891281128,0.3716000020503998,0.13359999656677246,0,0,0,0,0,0,0,0,0,0,0,0,0
587,38.587799072265625,5.574999809265137,16.317800521850586,2.661400079727173,3.6171000003814697,2.900899887084961,8.401800155639648,0.490200012922287,10000,10009,20000,10006,20000,20000,10000,0.2199999988079071,1.9889999628067017,2.59879994392395,10000,1.2470999999998849,0.985,1,0.0824,0.033299999999999996,376832,15,15,1.1897,8048,0,0,21.978200912475586,8.572500228881836,2.161099910736084,1.9062999486923218,0.15389999747276306,0.14630000293254852,0.0018,0,0.0679,3.4106,3.7418,0,0.3117,1,898528,0,0,0,5970
588,30.408199310302734,0.19830000400543213,14.21150016784668,2.7788000106811523,1.8234000205993652,1.4226000308990479,8.361200332641602,0.5152999758720398,10000,10009,20000,10006,20000,20000,10000,0.21469999849796295,1.9845999479293823,3.384200096130371,10000,1.2462999999998867,0.9182,1,0.08180000000000001,0.0356,376832,15,15,0.9221,7712,0,0,14.495599746704102,8.384400367736816,2.132499933242798,1.718999981880188,0.008100000210106373,0.15309999883174896,0,0,0,0,0,0,0,0,0,0,0,0,0
589,48.07389831542969,4.28879976272583,19.502500534057617,4.058300018310547,1.5319000482559204,2.9519999027252197,12.728899955749512,0.7433000206947327,10000,10009,20000,10006,20000,20000,10000,0.3253999948501587,3.109299898147583,4.1479997634887695,10000,1.6648999999998468,1.0856,1,0.1025,0.042499999999999996,376832,15,15,1.3543,490472,0,0,23.884300231933594,13.142600059509277,2.6210999488830566,3.5000998973846436,0.3939000070095062,0.1363999992609024,0,0,0,0,0,0,0,0,0,0,0,0,0
590,40.57929992675781,8.384599685668945,17.046300888061523,2.7809998989105225,4.048099994659424,2.6558001041412354,7.622399806976318,0.48660001158714294,10000,10009,20000,10006,20000,20000,10000,0.210999995470047,2.1545000076293945,2.8006999492645264,10000,1.039099999999904,0.7834,1,0.0715,0.0325,376832,15,15,1.2237,19752,0,0,25.517200469970703,7.815000057220459,1.770300030708313,1.8408000469207764,0.17299999296665192,0.14300000667572021,0.0016,0,0.0673,3.9771,6.405,2.1985,0.2419,1,911480,98685,9995,20794,6727
591,31.224000930786133,0.23880000412464142,13.695199966430664,2.4774999618530273,2.3185999393463135,1.055899977684021,9.007200241088867,0.44749999046325684,10000,10009,20000,10006,20000,20000,10000,0.18860000371932983,1.7233999967575073,3.4935998916625977,10000,1.240499999999886,0.9765,1,0.095,0.038,376832,15,15,1.0407,7712,0,0,14.026800155639648,9.036800384521484,2.218400001525879,1.9174000024795532,0.011300000362098217,0.18140000104904175,0,0,0,0,0,0,0,0,0,0,0,0,0
592,63.30799865722656,2.713200092315674,26.71190071105957,5.34089994430542,2.57669997215271,4.398799896240234,23.276500701904297,1.0017999410629272,10000,10009,20000,10006,20000,20000,10000,1.0405999422073364,4.300600051879883,4.79449987411499,10000,1.8936999999998343,1.18,1,0.11349999999999999,0.062,376832,15,15,1.3949,15952,0,0,29.5447998046875,23.308700561523438,2.7060999870300293,1.882200002670288,0.011699999682605267,0.16189999878406525,0,0,0,0,0,0,0,0,0,0,0,0,0
593,61.572898864746094,21.61400032043457,21.10300064086914,3.2739999294281006,4.074399948120117,4.7144999504089355,8.184399604797363,0.579200029373169,10000,10009,20000,10006,20000,20000,10000,0.296099990606308,2.2407000064849854,3.4655001163482666,10000,1.2164999999998884,0.7473,1,0.0804,0.0345,376832,15,15,0.9592,560752,0,0,42.816200256347656,8.644800186157227,1.881500005722046,4.572700023651123,0.44290000200271606,0.15469999611377716,0.0019,8.933699607849121,0.1207,4.2549,7.1787,2.591,0.3247,1,899896,92596,9995,19115,6483
594,27.55459976196289,0.2533000111579895,13.550100326538086,2.6640000343322754,0.9426000118255615,1.1232000589370728,7.00629997253418,0.46630001068115234,10000,10009,20000,10006,20000,20000,10000,0.2662999927997589,1.9905999898910522,3.9590001106262207,10000,1.0438999999999024,0.7892,1,0.0704,0.0314,376832,15,15,0.8796,7712,0,0,13.911399841308594,7.03410005569458,1.7767000198364258,1.5956000089645386,0.007199999876320362,0.15620000660419464,0,0,0,0,0,0,0,0,0,0,0,0,0
595,42.767799377441406,4.359499931335449,15.595800399780273,3.2669999599456787,1.090399980545044,2.465399980545044,9.92240047454834,0.5882999897003174,10000,10009,20000,10006,20000,20000,10000,0.28630000352859497,2.4581000804901123,3.2337000370025635,10000,1.6289999999998508,1.1263,1,0.1013,0.0362,376832,15,15,1.4456,550072,0,0,20.05900001525879,10.301199913024902,2.6317999362945557,4.561100006103516,0.3614000082015991,0.4291999936103821,0,0,0,0,0,0,0,0,0,0,0,0,0
596,59.043701171875,3.8833999633789062,43.78459930419922,10.957900047302246,3.014400005340576,1.9711999893188477,6.134300231933594,1.1584999561309814,10000,10009,20000,10006,20000,20000,10000,10.667799949645996,6.014999866485596,6.053899765014648,10000,0.7583999999999328,0.5637,1,0.055900000000000005,0.0304,376832,15,15,0.6872,17872,0,0,47.799198150634766,6.166800022125244,1.26419997215271,1.3209999799728394,0.007600000128149986,0.12849999964237213,0,0,0,0,0,0,0,0,0,0,0,0,0
597,58.18190002441406,0.15649999678134918,30.49209976196289,3.9165000915527344,2.0803000926971436,4.642199993133545,15.961299896240234,0.7103000283241272,10000,10009,20000,10006,20000,20000,10000,0.9107999801635742,12.560099601745605,3.0028998851776123,10000,1.7532999999998387,1.2755,1,0.1323,0.0515,376832,15,15,1.3329,7712,0,0,30.728599548339844,16.006999969482422,3.253200054168701,2.722399950027466,0.015200000256299973,0.1762000024318695,0,0,0,0,0,0,0,0,0,0,0,0,0
598,44.0703010559082,3.535599946975708,18.07349967956543,2.89520001411438,2.168100118637085,2.6338999271392822,10.368399620056152,0.5041999816894531,10000,10009,20000,10006,20000,20000,10000,0.2734000086784363,1.9866000413894653,4.490600109100342,10000,1.356799999999874,2.1137,1,0.10320000000000001,0.0565,376832,15,15,1.1914,15952,0,0,21.731000900268555,10.400799751281738,3.484299898147583,2.628499984741211,0.010999999940395355,0.4442000091075897,0,0,0,0,0,0,0,0,0,0,0,0,0
599,88.7041015625,5.523900032043457,41.04779815673828,10.520500183105469,3.2211999893188477,3.4986000061035156,15.081600189208984,0.5967000126838684,10000,10009,20000,10006,20000,20000,10000,0.27489998936653137,13.78950023651123,5.802700042724609,10000,1.704399999999844,11.4389,1,0.1242,0.0509,376832,15,15,1.2282,592160,0,0,46.705501556396484,15.609600067138672,13.128800392150879,6.438899993896484,0.49810001254081726,1.7532000541687012,0,0,0,0,0,0,0,0,0,0,0,0,0
600,79.36419677734375,11.061599731445312,41.6682014465332,5.972099781036377,7.709499835968018,5.51669979095459,11.368000030517578,1.1238000392913818,10000,10009,20000,10006,20000,20000,10000,0.4268999993801117,5.334799766540527,5.410099983215332,10000,1.2357999999998863,1.0574,1,0.09410000000000002,0.0346,376832,15,15,0.9594,8048,0,0,53.96379852294922,11.548399925231934,2.342099905014038,7.6153998374938965,0.15139999985694885,0.20730000734329224,0.0025,0,0.1476,8.1182,8.649,0.0001,0.3553,1,885706,0,0,0,5684
601,69.34420013427734,0.250900000333786,43.287498474121094,5.045100212097168,2.5,2.7778000831604004,17.688800811767578,0.8349000215530396,10000,10009,20000,10006,20000,20000,10000,16.85420036315918,5.070700168609619,6.921199798583984,10000,1.4703999999998827,0.9098,1,0.09350000000000001,0.0528,376832,15,15,1.1021,7712,0,0,43.66299819946289,17.728200912475586,2.0162999629974365,1.669600009918213,0.01080000028014183,0.15850000083446503,0,0,0,0,0,0,0,0,0,0,0,0,0
602,138.38980102539062,5.573200225830078,85.34339904785156,19.999799728393555,22.801000595092773,3.9748001098632812,16.729700088500977,1.0536999702453613,10000,10009,20000,10006,20000,20000,10000,21.779600143432617,7.007299900054932,4.979100227355957,10000,1.5850999999998556,10.0127,1,0.1192,0.0476,376832,15,15,1.2168,497512,0,0,91.01470184326172,17.206100463867188,11.597700119018555,13.719200134277344,0.4415999948978424,0.1518000066280365,0,0,0,0,0,0,0,0,0,0,0,0,0
603,90.33830261230469,18.874099731445312,45.422401428222656,10.28950023651123,20.480899810791016,3.6319000720977783,7.72629976272583,0.6523000001907349,10000,10009,20000,10006,20000,20000,10000,0.3142000138759613,2.1756999492645264,4.782100200653076,10000,1.0869999999998992,0.7632,1,0.0758,0.0397,376832,15,15,0.8933,15040,0,0,64.38980102539062,7.893899917602539,1.7760000228881836,12.766300201416016,0.1525000035762787,0.2231999933719635,0.0023,0,0.1512,6.8035,10.9191,3.6693,0.4119,1,902074,99505,9995,20517,6493
604,166.65750122070312,4.0335001945495605,124.39739990234375,5.671599864959717,23.99679946899414,7.28249979019165,10.650099754333496,0.7605000138282776,10000,10009,20000,10006,20000,20000,10000,3.07450008392334,5.741700172424316,33.709999084472656,10000,1.1181999999998988,9.3703,1,0.0873,0.0369,376832,15,15,0.8559,7712,0,0,128.55540466308594,10.686699867248535,10.470600128173828,13.237500190734863,0.010200000368058681,0.21299999952316284,0,0,0,0,0,0,0,0,0,0,0,0,0
605,95.73619842529297,28.462799072265625,35.960201263427734,7.155700206756592,3.5833001136779785,2.6661999225616455,14.661199569702148,1.236899971961975,10000,10009,20000,10006,20000,20000,10000,1.3026000261306763,5.293799877166748,11.265899658203125,10000,1.628499999999849,7.1977,1,0.1232,0.04769999999999999,376832,15,15,1.2822,15952,0,0,64.54679870605469,14.699000358581543,8.84280014038086,2.4781999588012695,0.013799999840557575,0.1987999975681305,0,0,0,0,0,0,0,0,0,0,0,0,0
606,38.93130111694336,5.580699920654297,18.920900344848633,3.571500062942505,2.34660005569458,2.094099998474121,6.362400054931641,0.5023000240325928,10000,10009,20000,10006,20000,20000,10000,0.2784000039100647,1.9067000150680542,5.199399948120117,10000,0.8889999999999186,0.6316,1,0.0645,0.031,376832,15,15,0.833,490352,0,0,24.632400512695312,6.67080020904541,1.4530999660491943,3.2372000217437744,0.29420000314712524,0.13210000097751617,0,0,0,0,0,0,0,0,0,0,0,0,0
607,75.43000030517578,13.522899627685547,36.3224983215332,17.63330078125,4.70989990234375,5.559599876403809,16.298999786376953,0.4909999966621399,10000,10009,20000,10006,20000,20000,10000,0.33239999413490295,2.406100034713745,2.786099910736084,10000,1.2899999999998821,0.9623,1,0.10089999999999999,0.0405,376832,15,15,1.0545,16208,0,0,49.93009948730469,16.524700164794922,2.2476000785827637,2.546799898147583,0.20200000703334808,0.18979999423027039,0.0016,5.570700168609619,0.0829,3.4941,5.7698,2.0407,0.2532,1,891264,91996,9996,18957,6214
608,72.85690307617188,0.27489998936653137,48.234901428222656,5.256400108337402,2.7548999786376953,2.8268001079559326,7.9629998207092285,0.8851000070571899,10000,10009,20000,10006,20000,20000,10000,24.121000289916992,3.9119999408721924,5.21560001373291,10000,1.0853999999998993,3.0444,1,0.07579999999999999,0.0369,376832,15,15,0.8699,7712,0,0,48.64339828491211,7.998700141906738,4.084700107574463,8.759499549865723,0.009200000204145908,0.16019999980926514,0,0,0,0,0,0,0,0,0,0,0,0,0
609,97.40229797363281,5.023099899291992,64.71219635009766,5.913400173187256,35.33679962158203,3.2553999423980713,15.706500053405762,0.9401999711990356,10000,10009,20000,10006,20000,20000,10000,4.035999774932861,5.22130012512207,6.007999897003174,10000,1.8073999999998334,1.2485,1,0.1318,0.0489,376832,15,15,1.4438,15952,0,0,69.83809661865234,15.743499755859375,2.95770001411438,2.4430999755859375,0.01140000019222498,0.20520000159740448,0,0,0,0,0,0,0,0,0,0,0,0,0
610,92.05750274658203,4.940299987792969,56.6885986328125,28.05970001220703,2.248199939727783,3.4626998901367188,15.353599548339844,1.0964000225067139,10000,10009,20000,10006,20000,20000,10000,7.380499839782715,5.076000213623047,5.31820011138916,10000,1.7292999999998406,1.2897,1,0.1259,0.057499999999999996,376832,15,15,1.3936,510360,0,0,61.75640106201172,15.876500129699707,2.9899001121520996,5.8471999168396,0.4952999949455261,0.2711000144481659,0,0,0,0,0,0,0,0,0,0,0,0,0
611,78.09380340576172,3.219899892807007,36.75490188598633,15.868300437927246,2.755500078201294,2.6273999214172363,8.092100143432617,0.6057999730110168,10000,10009,20000,10006,20000,20000,10000,0.421999990940094,2.303800106048584,5.710599899291992,10000,11.312199999998674,1.1965,1,0.0782,0.0406,376832,15,15,5.9463,15328,0,0,40.12329864501953,8.118200302124023,2.589400053024292,3.5179998874664307,0.008500000461935997,0.17839999496936798,0,0,0,0,0,0,0,0,0,0,0,0,0
612,68.17379760742188,0.27379998564720154,44.706600189208984,5.162399768829346,3.5053999423980713,3.1554999351501465,13.243000030517578,0.8855000138282776,10000,10009,20000,10006,20000,20000,10000,7.605400085449219,15.673800468444824,4.952899932861328,10000,1.4718999999998665,1.1302,1,0.1094,0.048600000000000004,376832,15,15,1.2858,7712,0,0,45.10070037841797,13.293000221252441,2.567699909210205,2.3787999153137207,0.014499999582767487,0.1907999962568283,0,0,0,0,0,0,0,0,0,0,0,0,0
613,54.88079833984375,3.0469000339508057,29.151199340820312,6.185500144958496,3.217600107192993,3.561800003051758,11.839400291442871,1.0236999988555908,10000,10009,20000,10006,20000,20000,10000,1.4456000328063965,4.280900001525879,5.738100051879883,10000,1.5067999999998662,0.9243,1,0.0872,0.0587,376832,15,15,0.9593,15952,0,0,32.34080123901367,11.877300262451172,2.1417999267578125,2.2753000259399414,0.011900000274181366,2.0139999389648438,0,0,0,0,0,0,0,0,0,0,0,0,0
614,61.44940185546875,11.053400039672852,20.605600357055664,3.1709001064300537,3.8052000999450684,5.080699920654297,7.276100158691406,0.5306000113487244,10000,10009,20000,10006,20000,20000,10000,0.2992999851703644,2.2042999267578125,3.2588999271392822,10000,1.0380999999999039,0.7119,1,0.06999999999999999,0.034100000000000005,376832,15,15,0.7973,514248,0,0,31.79129981994629,7.6753997802734375,1.6751999855041504,3.099900007247925,0.3801000118255615,14.173700332641602,0.002,0,0.0829,4.6512,4.9688,0.0001,0.3718,1,881496,0,0,0,5433
615,40.55889892578125,0.23559999465942383,15.651800155639648,3.3257999420166016,1.1236000061035156,1.9852999448776245,8.762200355529785,0.5806999802589417,10000,10009,20000,10006,20000,20000,10000,0.3391999900341034,2.350800037384033,3.6726999282836914,10000,1.4164999999998706,0.9487,1,0.0935,0.0378,376832,15,15,0.995,7712,0,0,15.993200302124023,8.794099807739258,2.2988998889923096,1.9726999998092651,0.012500000186264515,7.566699981689453,0,0,0,0,0,0,0,0,0,0,0,0,0
616,50.527000427246094,5.5096001625061035,20.29560089111328,4.638899803161621,1.684999942779541,2.977299928665161,11.597000122070312,0.8033000230789185,10000,10009,20000,10006,20000,20000,10000,0.33169999718666077,2.8926000595092773,4.163899898529053,10000,1.68959999999985,1.4917,1,0.11960000000000001,0.043899999999999995,376832,15,15,1.1298,550920,0,0,25.92449951171875,11.965200424194336,3.2074999809265137,4.568299770355225,0.3474999964237213,0.21809999644756317,0,0,0,0,0,0,0,0,0,0,0,0,0
617,61.0989990234375,13.290399551391602,26.0762996673584,4.898399829864502,5.753600120544434,4.80620002746582,11.386199951171875,0.7882999777793884,10000,10009,20000,10006,20000,20000,10000,0.37619999051094055,3.076200008392334,3.668600082397461,10000,1.6774999999998443,1.1217,1,0.133,0.0445,376832,15,15,1.4283,13184,0,0,39.479698181152344,11.611499786376953,2.6926000118255615,2.077399969100952,0.20579999685287476,0.15770000219345093,0.0021,0,0.1091,6.5759,10.7854,3.811,0.3331,1,898098,96878,9996,20350,6255
618,32.3385009765625,0.28940001130104065,14.632499694824219,2.986799955368042,1.2508000135421753,1.4853999614715576,8.583399772644043,0.6692000031471252,10000,10009,20000,10006,20000,20000,10000,0.2451999932527542,2.29259991645813,3.4193999767303467,10000,1.3811999999998745,0.9457,1,0.09009999999999999,0.0352,376832,15,15,1.3041,7712,0,0,15.024200439453125,8.609999656677246,2.2325000762939453,2.0037999153137207,0.008700000122189522,0.16419999301433563,0,0,0,0,0,0,0,0,0,0,0,0,0
619,45.59410095214844,2.065999984741211,24.786500930786133,5.5482001304626465,3.1672000885009766,2.115999937057495,11.60099983215332,0.75,10000,10009,20000,10006,20000,20000,10000,0.3450999855995178,2.874799966812134,3.901099920272827,10000,1.2341999999998878,0.7592,1,0.08030000000000001,0.0331,376832,15,15,0.864,21008,1,0,26.95549964904785,11.629199981689453,1.7383999824523926,1.6439000368118286,0.009200000204145908,0.15360000729560852,0,0,0,0,0,0,0,0,0,0,0,0,0
620,37.18349838256836,4.1407999992370605,15.038700103759766,2.7602999210357666,1.4519000053405762,1.6950000524520874,8.036700248718262,0.4959999918937683,10000,10009,20000,10006,20000,20000,10000,0.24869999289512634,1.9138000011444092,4.03439998626709,10000,1.1501999999998942,0.8146,1,0.0769,0.034100000000000005,376832,15,15,0.845,538960,0,0,19.35770034790039,8.36620044708252,1.929800033569336,4.1219000816345215,0.3142000138759613,0.15060000121593475,0,0,0,0,0,0,0,0,0,0,0,0,0
621,51.00360107421875,16.46419906616211,20.009599685668945,3.4423999786376953,3.993799924850464,3.1026999950408936,8.305999755859375,0.9610999822616577,10000,10009,20000,10006,20000,20000,10000,0.3596000075340271,2.424499988555908,3.040299892425537,10000,0.9378999999999134,0.6359,1,0.0638,0.0337,376832,15,15,0.7827,31224,0,0,36.57749938964844,8.474900245666504,1.4182000160217285,1.5426000356674194,0.15070000290870667,0.12929999828338623,0.0018,6.564000129699707,0.0687,4.5257,7.2565,2.4641,0.4447,1,883032,89989,9996,18784,5958
622,23.773700714111328,0.17180000245571136,11.464400291442871,2.0269999504089355,1.2312999963760376,1.0424000024795532,6.016900062561035,0.41200000047683716,10000,10009,20000,10006,20000,20000,10000,0.22030000388622284,1.7616000175476074,2.9546000957489014,10000,0.8943999999999184,0.7126,1,0.0621,0.0297,376832,15,15,0.9589,7712,0,0,11.730400085449219,6.040299892425537,1.5618000030517578,1.430899977684021,0.008200000040233135,0.1388999968767166,0,0,0,0,0,0,0,0,0,0,0,0,0
623,36.8203010559082,4.4766998291015625,14.24779987335205,2.858599901199341,1.332900047302246,1.9014999866485596,8.021599769592285,0.5224000215530396,10000,10009,20000,10006,20000,20000,10000,0.23319999873638153,2.0445001125335693,3.2244999408721924,10000,1.3675999999998876,0.8507,1,0.08850000000000001,0.0397,376832,15,15,1.075,534920,0,0,18.807600021362305,8.360699653625488,1.9709999561309814,3.7221999168395996,0.3215999901294708,0.15549999475479126,0,0,0,0,0,0,0,0,0,0,0,0,0
624,38.9369010925293,2.081399917602539,16.525400161743164,3.4602999687194824,1.3496999740600586,1.8240000009536743,10.581700325012207,0.6715999841690063,10000,10009,20000,10006,20000,20000,10000,0.2484000027179718,3.311800003051758,3.361599922180176,10000,1.5321999999998628,1.1893,1,0.09920000000000001,0.0388,376832,15,15,1.2871,14216,0,0,18.710500717163086,10.616299629211426,2.6296000480651855,2.253000020980835,0.00989999994635582,0.16670000553131104,0,0,0,0,0,0,0,0,0,0,0,0,0
625,42.3671989440918,0.25130000710487366,18.6112003326416,4.236800193786621,1.5753999948501587,1.9218000173568726,12.404500007629395,0.7804999947547913,10000,10009,20000,10006,20000,20000,10000,0.30250000953674316,2.97379994392395,4.287199974060059,10000,2.110699999999829,1.0775,1,0.1534,0.0464,376832,15,15,1.4999,7712,0,0,18.97170066833496,12.438699722290039,2.632999897003174,2.0504000186920166,0.01209999993443489,0.20730000734329224,0,0,0,0,0,0,0,0,0,0,0,0,0
626,48.85609817504883,6.5167999267578125,19.779600143432617,4.457699775695801,1.4581999778747559,2.5006000995635986,11.287599563598633,0.7760999798774719,10000,10009,20000,10006,20000,20000,10000,0.4390000104904175,3.2676000595092773,4.0903000831604,10000,1.6502999999998476,0.9937,1,0.10260000000000001,0.0379,376832,15,15,1.108,505256,0,0,26.423500061035156,11.669099807739258,2.5092999935150146,3.6229000091552734,0.358599990606308,0.15109999477863312,0,0,0,0,0,0,0,0,0,0,0,0,0
627,42.0015983581543,6.200200080871582,17.84149932861328,2.960599899291992,4.0346999168396,2.9758999347686768,10.14840030670166,0.5533999800682068,10000,10009,20000,10006,20000,20000,10000,0.24469999969005585,2.1796998977661133,2.9365999698638916,10000,1.4019999999998756,0.7782,1,0.07569999999999999,0.0361,376832,15,15,0.9811,8048,0,0,24.13409996032715,10.350899696350098,1.7386000156402588,1.5855000019073486,0.17919999361038208,0.14499999582767487,0.0017,0,0.0716,3.9524,4.2714,0,0.3215,1,874354,0,0,0,5181
628,25.80030059814453,0.1736000031232834,12.610699653625488,2.2369000911712646,1.1536999940872192,1.4306000471115112,6.646299839019775,0.4374000132083893,10000,10009,20000,10006,20000,20000,10000,0.20069999992847443,2.0776000022888184,3.1321001052856445,10000,0.9664999999999098,0.7614,1,0.0702,0.033299999999999996,376832,15,15,0.8388,7712,0,0,12.873200416564941,6.671599864959717,1.6730999946594238,1.5211999416351318,0.007699999958276749,0.14429999887943268,0,0,0,0,0,0,0,0,0,0,0,0,0
629,42.356201171875,6.026599884033203,16.933300018310547,3.2578999996185303,1.9878000020980835,1.7910000085830688,8.474100112915039,0.67330002784729,10000,10009,20000,10006,20000,20000,10000,0.47189998626708984,2.191499948501587,3.9151999950408936,10000,1.2938999999998813,1.0858,1,0.0853,0.038400000000000004,376832,15,15,1.0075,518592,0,0,23.050100326538086,8.832599639892578,2.3024001121520996,4.2967000007629395,0.3409000039100647,0.16329999268054962,0,0,0,0,0,0,0,0,0,0,0,0,0
630,53.819801330566406,11.587300300598145,22.554800033569336,3.9716999530792236,4.581200122833252,4.078199863433838,11.491100311279297,0.8934000134468079,10000,10009,20000,10006,20000,20000,10000,0.31310001015663147,2.9958999156951904,3.3159000873565674,10000,1.4711999999998666,0.7878,1,0.08730000000000002,0.038099999999999995,376832,15,15,0.9454,15368,0,0,34.25310134887695,11.718799591064453,1.8423999547958374,1.860200047492981,0.20659999549388885,0.1501999944448471,0.0018,0,0.088,5.5969,9.2607,3.3186,0.3264,1,890018,95243,9995,19694,5970
631,26.898700714111328,0.19930000603199005,12.524700164794922,2.375200033187866,1.09660005569458,1.3997000455856323,6.709400177001953,0.461899995803833,10000,10009,20000,10006,20000,20000,10000,0.2624000012874603,1.8515000343322754,3.1342999935150146,10000,1.0314999999999028,0.8784,1,0.0721,0.029700000000000004,376832,15,15,0.9683,7712,0,0,12.815400123596191,6.7322998046875,2.0869998931884766,1.9113999605178833,0.007899999618530273,0.16940000653266907,0,0,0,0,0,0,0,0,0,0,0,0,0
632,34.3026008605957,2.5055999755859375,15.583000183105469,3.2474000453948975,1.3737000226974487,1.3249000310897827,8.337300300598145,0.6122999787330627,10000,10009,20000,10006,20000,20000,10000,0.26089999079704285,2.2780001163482666,3.9179000854492188,10000,1.203099999999889,0.9939,1,0.08020000000000001,0.0334,376832,15,15,1.0615,15952,0,0,18.20039939880371,8.364700317382812,2.259700059890747,1.7134000062942505,0.008999999612569809,0.15520000457763672,0,0,0,0,0,0,0,0,0,0,0,0,0
633,61.73509979248047,21.52549934387207,22.78070068359375,4.335400104522705,5.2444000244140625,3.7669999599456787,8.869999885559082,0.6607000231742859,10000,10009,20000,10006,20000,20000,10000,0.262800008058548,2.8032000064849854,3.274600028991699,10000,0.9338999999999136,0.8487,1,0.0641,0.0315,376832,15,15,0.8757,523400,0,0,44.41490173339844,9.263699531555176,1.7129000425338745,3.308300018310547,0.3756999969482422,0.1445000022649765,0.0019,8.032999992370605,0.0855,4.9302,8.0535,2.821,0.293,1,875802,87370,9995,17789,5725
634,31.331499099731445,0.17470000684261322,12.676799774169922,2.224600076675415,1.920799970626831,1.1312999725341797,6.414899826049805,0.43380001187324524,10000,10009,20000,10006,20000,20000,10000,0.17890000343322754,1.8242000341415405,3.0806000232696533,10000,0.8931999999999181,1.4908,1,0.0677,0.0295,376832,15,15,1.4511,7712,0,0,12.944199562072754,6.441299915313721,6.374199867248535,1.9774999618530273,0.008799999952316284,0.17739999294281006,0,0,0,0,0,0,0,0,0,0,0,0,0
635,56.24290084838867,2.7163000106811523,38.14720153808594,18.715299606323242,7.070799827575684,1.6823999881744385,8.120200157165527,0.7511000037193298,10000,10009,20000,10006,20000,20000,10000,0.38589999079704285,2.248699903488159,4.167099952697754,10000,1.1689999999998961,0.8627,1,0.07669999999999999,0.0345,376832,15,15,0.9534,15952,0,0,40.98699951171875,8.14780044555664,1.9083000421524048,1.6441999673843384,0.008799999952316284,0.14350000023841858,0,0,0,0,0,0,0,0,0,0,0,0,0
636,38.35219955444336,5.004799842834473,14.792499542236328,3.1394999027252197,1.210800051689148,1.763100028038025,8.119500160217285,0.5569999814033508,10000,10009,20000,10006,20000,20000,10000,0.2720000147819519,2.4474000930786133,3.11680006980896,10000,1.239599999999886,1.1243,1,0.0812,0.034,376832,15,15,0.9641,562168,0,0,19.889799118041992,8.475099563598633,2.3306000232696533,3.927000045776367,0.3400000035762787,0.16290000081062317,0,0,0,0,0,0,0,0,0,0,0,0,0
637,38.07149887084961,0.23510000109672546,17.19260025024414,3.9368999004364014,1.3694000244140625,1.6512000560760498,11.340800285339355,0.7616000175476074,10000,10009,20000,10006,20000,20000,10000,0.28360000252723694,2.7715001106262207,4.008500099182129,10000,1.634199999999849,1.0482,1,0.10200000000000001,0.0409,376832,15,15,1.0927,7712,0,0,17.527299880981445,11.36769962310791,2.5220000743865967,2.0434999465942383,0.00839999970048666,0.17970000207424164,0,0,0,0,0,0,0,0,0,0,0,0,0
638,50.70589828491211,5.53849983215332,19.875600814819336,4.440899848937988,1.777500033378601,2.436199903488159,11.628100395202637,0.9355000257492065,10000,10009,20000,10006,20000,20000,10000,0.3610999882221222,3.170799970626831,3.9867000579833984,10000,2.0282999999998186,1.076,1,0.1437,0.0507,376832,15,15,1.4294,564536,0,0,25.523500442504883,12.116700172424316,2.8015999794006348,4.344299793243408,0.4650000035762787,0.13619999587535858,0,0,0,0,0,0,0,0,0,0,0,0,0
639,37.14929962158203,5.163000106811523,16.841299057006836,2.7860000133514404,3.6751999855041504,3.0081000328063965,7.543499946594238,0.48240000009536743,10000,10009,20000,10006,20000,20000,10000,0.23010000586509705,2.123699903488159,2.6679999828338623,10000,1.1635999999998934,0.8227,1,0.07780000000000001,0.0346,376832,15,15,0.8935,8048,0,0,22.100099563598633,7.696800231933594,1.9183000326156616,1.933500051498413,0.13539999723434448,0.15000000596046448,0.0017,0,0.0641,3.381,3.6016,0,0.2679,1,870230,0,0,0,4947
640,30.41320037841797,0.19460000097751617,14.144700050354004,2.7753000259399414,1.1455999612808228,1.4917999505996704,8.237099647521973,0.5539000034332275,10000,10009,20000,10006,20000,20000,10000,0.21310000121593475,2.5859999656677246,3.311000108718872,10000,1.2704999999998834,0.9025,1,0.08360000000000001,0.0466,376832,15,15,0.9272,7712,0,0,14.429300308227539,8.264599800109863,2.1019999980926514,1.8753000497817993,0.007799999788403511,0.1573999971151352,0,0,0,0,0,0,0,0,0,0,0,0,0
641,48.942501068115234,4.723299980163574,20.0137996673584,4.445400238037109,1.5089999437332153,3.0362000465393066,12.956399917602539,0.8539000153541565,10000,10009,20000,10006,20000,20000,10000,0.38769999146461487,3.069499969482422,3.961899995803833,10000,1.6496999999998487,0.9514,1,0.1024,0.041499999999999995,376832,15,15,1.1305,504680,0,0,24.8346004486084,13.342499732971191,2.422800064086914,3.6846001148223877,0.364300012588501,0.1428000032901764,0,0,0,0,0,0,0,0,0,0,0,0,0
642,51.462501525878906,15.97659969329834,20.809099197387695,3.6863999366760254,4.972300052642822,3.35479998588562,8.97599983215332,0.6301000118255615,10000,10009,20000,10006,20000,20000,10000,0.29420000314712524,2.5448999404907227,3.219099998474121,10000,0.7979999999999289,0.5577,1,0.057,0.029199999999999997,376832,15,15,0.6933,14216,0,0,36.874000549316406,9.114800453186035,1.294800043106079,1.6324000358581543,0.12060000002384186,0.12240000069141388,0.0019,6.229599952697754,0.0658,4.368,7.2443,2.6304,0.2932,1,886904,92817,9994,19205,5758
643,25.615800857543945,0.1941000074148178,12.06820011138916,2.0369999408721924,1.3720999956130981,1.4275000095367432,6.443699836730957,0.3993000090122223,10000,10009,20000,10006,20000,20000,10000,0.218299999833107,1.6217999458312988,3.085400104522705,10000,0.923099999999917,0.7102,1,0.065,0.0322,376832,15,15,1.1087,7712,0,0,12.362000465393066,6.475100040435791,1.5757999420166016,1.854200005531311,0.00989999994635582,0.1599999964237213,0,0,0,0,0,0,0,0,0,0,0,0,0
644,58.63420104980469,18.400699615478516,22.138900756835938,4.03849983215332,5.371500015258789,3.279099941253662,8.070799827575684,0.5317999720573425,10000,10009,20000,10006,20000,20000,10000,0.23180000483989716,2.1761999130249023,3.6958999633789062,10000,1.1627999999998924,0.7775,1,0.09549999999999999,0.039400000000000004,376832,15,15,1.0328,520944,0,0,40.63859939575195,8.477800369262695,2.0643999576568604,3.7999000549316406,0.38929998874664307,0.147599995136261,0.0016,5.962699890136719,0.0727,3.8994,6.5744,2.4186,0.2817,1,870070,86521,9994,17376,5490
645,47.75590133666992,0.20309999585151672,27.554800033569336,6.67549991607666,4.299499988555908,3.2320001125335693,11.537199974060059,0.9394999742507935,10000,10009,20000,10006,20000,20000,10000,0.48010000586509705,4.723999977111816,3.768199920654297,10000,1.0581999999999012,1.1062,1,0.08330000000000001,0.0389,376832,15,15,1.1183,7712,0,0,27.86910057067871,11.57450008392334,2.4047999382019043,2.3208000659942627,0.008899999782443047,0.16179999709129333,0,0,0,0,0,0,0,0,0,0,0,0,0
646,34.70140075683594,3.715399980545044,17.552600860595703,2.9163999557495117,2.522200107574463,1.2050000429153442,6.86460018157959,0.4968000054359436,10000,10009,20000,10006,20000,20000,10000,0.2418999969959259,2.1089999675750732,5.499199867248535,10000,1.0231999999999044,0.7018,1,0.07120000000000001,0.0341,376832,15,15,0.8049,15952,0,0,21.42919921875,6.88640022277832,1.6685999631881714,1.5587999820709229,0.0071000000461936,0.16500000655651093,0,0,0,0,0,0,0,0,0,0,0,0,0
647,41.208499908447266,4.621799945831299,15.701700210571289,3.273400068283081,1.2041000127792358,2.017400026321411,8.941399574279785,0.5942000150680542,10000,10009,20000,10006,20000,20000,10000,0.33169999718666077,2.3362998962402344,3.5201001167297363,10000,1.443899999999867,1.0778,1,0.09349999999999999,0.0359,376832,15,15,0.9942,605312,0,0,20.43779945373535,9.327500343322754,2.5190999507904053,4.768599987030029,0.37049999833106995,0.17569999396800995,0,0,0,0,0,0,0,0,0,0,0,0,0
648,45.91080093383789,2.2446999549865723,22.05590057373047,6.710899829864502,2.1349000930786133,2.515700101852417,12.207300186157227,0.7612000107765198,10000,10009,20000,10006,20000,20000,10000,0.30489999055862427,2.895400047302246,3.771199941635132,10000,1.6344999999998497,1.0269,1,0.10269999999999999,0.0425,376832,15,15,1.123,15264,0,0,24.40180015563965,12.23859977722168,2.5272998809814453,2.065700054168701,0.00930000003427267,0.1785999983549118,0,0,0,0,0,0,0,0,0,0,0,0,0
649,40.286399841308594,0.2709999978542328,19.207399368286133,4.284800052642822,1.5125000476837158,2.066200017929077,11.309700012207031,0.8126000165939331,10000,10009,20000,10006,20000,20000,10000,0.36550000309944153,3.1465001106262207,4.391600131988525,10000,1.6467999999998497,1.0508,1,0.10269999999999999,0.0405,376832,15,15,1.1424,7712,0,0,19.589000701904297,11.33899974822998,2.5355000495910645,2.145400047302246,0.008899999782443047,0.17299999296665192,0,0,0,0,0,0,0,0,0,0,0,0,0
650,41.4286003112793,2.1417999267578125,18.990999221801758,4.290500164031982,1.9918999671936035,1.8097000122070312,11.423700332641602,0.7709000110626221,10000,10009,20000,10006,20000,20000,10000,0.32199999690055847,2.8046000003814697,4.329100131988525,10000,1.6204999999998504,0.9302,1,0.1023,0.037000000000000005,376832,15,15,1.1417,15952,0,0,21.244400024414062,11.453800201416016,2.317699909210205,1.7752000093460083,0.009499999694526196,0.15219999849796295,0,0,0,0,0,0,0,0,0,0,0,0,0
651,50.04050064086914,9.70460033416748,26.467300415039062,6.788099765777588,4.935999870300293,4.819200038909912,6.0894999504089355,1.058500051498413,10000,10009,20000,10006,20000,20000,10000,0.29820001125335693,2.1438000202178955,3.2351999282836914,10000,0.792299999999933,0.6341,1,0.05650000000000001,0.0217,376832,15,15,0.715,532728,0,0,36.266700744628906,6.450200080871582,1.3284000158309937,3.4742000102996826,0.3465000092983246,0.1177000030875206,0.002,0,0.0765,4.7411,5.0349,0,0.2354,1,862724,0,0,0,4725
652,25.010900497436523,0.18639999628067017,12.263500213623047,2.0371999740600586,1.354699969291687,1.3926000595092773,5.761899948120117,0.38659998774528503,10000,10009,20000,10006,20000,20000,10000,0.218299999833107,1.8933000564575195,3.168299913406372,10000,0.8239999999999257,0.9816,1,0.075,0.0343,376832,15,15,0.8334,7712,0,0,12.551199913024902,5.783599853515625,2.0432000160217285,1.7773000001907349,0.007499999832361937,0.15790000557899475,0,0,0,0,0,0,0,0,0,0,0,0,0
653,84.68109893798828,8.816699981689453,45.36029815673828,22.899099349975586,3.3220999240875244,3.9049999713897705,12.99470043182373,0.8518999814987183,10000,10009,20000,10006,20000,20000,10000,0.41589999198913574,4.4928998947143555,5.53849983215332,10000,1.6877999999998448,1.2907,1,0.1258,0.0451,376832,15,15,1.3095,556784,0,0,54.29159927368164,13.474200248718262,2.9465999603271484,8.786100387573242,0.451200008392334,0.16040000319480896,0,0,0,0,0,0,0,0,0,0,0,0,0
654,66.51390075683594,13.469300270080566,32.513999938964844,5.604499816894531,6.096499919891357,5.32480001449585,11.002900123596191,1.0235999822616577,10000,10009,20000,10006,20000,20000,10000,2.7506000995635986,3.804500102996826,4.196400165557861,10000,1.2630999999998849,0.954,1,0.0993,0.0405,376832,15,15,1.0495,11536,0,0,46.462501525878906,11.220800399780273,2.245500087738037,2.4346001148223877,0.1914999932050705,0.17640000581741333,0.0022,0,0.0967,5.9263,10.6827,4.2881,0.3801,1,875512,89818,9994,18327,5531
655,38.33470153808594,0.2712000012397766,20.728300094604492,5.229899883270264,2.6816000938415527,1.854699969291687,8.995100021362305,0.6776000261306763,10000,10009,20000,10006,20000,20000,10000,0.35089999437332153,2.075900077819824,4.847099781036377,10000,1.1632999999998919,0.9789,1,0.09,0.0348,376832,15,15,1.0196,7712,0,0,21.122299194335938,9.029000282287598,2.134000062942505,2.1482999324798584,0.012299999594688416,0.16930000483989716,0,0,0,0,0,0,0,0,0,0,0,0,0
656,97.4115982055664,2.8440001010894775,35.50170135498047,5.579599857330322,2.706899881362915,2.751800060272217,13.432000160217285,0.9452999830245972,10000,10009,20000,10006,20000,20000,10000,9.995400428771973,5.169600009918213,4.76800012588501,10000,1.4056999999998723,1.0829,1,0.1072,0.0548,376832,15,15,1.5228,15952,0,0,38.46849822998047,13.476400375366211,2.5164999961853027,2.3705999851226807,0.012799999676644802,35.83940124511719,0,0,0,0,0,0,0,0,0,0,0,0,0
657,82.2125015258789,5.595600128173828,44.18069839477539,7.751999855041504,3.3926000595092773,4.144400119781494,16.900699615478516,0.9883999824523926,10000,10009,20000,10006,20000,20000,10000,5.639999866485596,5.781700134277344,12.139399528503418,10000,1.469599999999872,1.3134,1,0.11729999999999999,0.0693,376832,15,15,1.4793,555744,0,0,49.89459991455078,17.508899688720703,2.7946999073028564,5.721799850463867,0.5753999948501587,0.18240000307559967,0,0,0,0,0,0,0,0,0,0,0,0,0
658,90.02169799804688,29.854799270629883,38.82229995727539,10.081199645996094,8.237899780273438,6.155600070953369,11.699799537658691,0.965399980545044,10000,10009,20000,10006,20000,20000,10000,1.271399974822998,3.217099905014038,4.9608001708984375,10000,1.268199999999884,1.4015,1,0.09059999999999999,0.04,376832,15,15,1.0312,14216,0,0,68.79949951171875,11.883999824523926,2.6603000164031982,2.7190001010894775,0.15809999406337738,0.1720999926328659,0.0025,14.256400108337402,0.2606,6.767,11.9562,4.5413,0.5275,1,864882,85526,9994,17646,5265
659,48.37860107421875,0.3158999979496002,25.780899047851562,5.77400016784668,3.876199960708618,2.802999973297119,12.010499954223633,0.6324999928474426,10000,10009,20000,10006,20000,20000,10000,0.32850000262260437,4.072500228881836,5.101200103759766,10000,1.4789999999998762,0.9705,1,0.10690000000000001,0.045,376832,15,15,1.2765,7712,0,0,26.217300415039062,12.05150032043457,2.2734999656677246,2.04830002784729,0.011900000274181366,0.17790000140666962,0,0,0,0,0,0,0,0,0,0,0,0,0
660,53.56119918823242,7.558599948883057,23.834299087524414,5.567399978637695,2.926500082015991,3.6814000606536865,9.59850025177002,0.6183000206947327,10000,10009,20000,10006,20000,20000,10000,0.3179999887943268,2.5225000381469727,4.696599960327148,10000,1.19219999999989,0.9931,1,0.09639999999999999,0.0388,376832,15,15,1.5376,520136,0,0,31.513500213623047,9.96049976348877,2.3986001014709473,5.266900062561035,0.3416999876499176,0.19470000267028809,0,0,0,0,0,0,0,0,0,0,0,0,0
661,48.76279830932617,3.169800043106079,24.323400497436523,5.71150016784668,2.812700033187866,2.9346001148223877,9.614299774169922,0.9136000275611877,10000,10009,20000,10006,20000,20000,10000,0.39100000262260437,2.6491000652313232,5.2789998054504395,10000,1.1893999999998937,0.9028,1,0.0995,0.0408,376832,15,15,1.242,13976,0,0,27.615100860595703,9.645099639892578,2.2736001014709473,2.1451001167297363,0.008999999612569809,3.2548000812530518,0,0,0,0,0,0,0,0,0,0,0,0,0
662,63.70800018310547,0.24650000035762787,21.89240074157715,3.161400079727173,1.7654000520706177,3.657099962234497,25.877599716186523,0.585099995136261,10000,10009,20000,10006,20000,20000,10000,0.37389999628067017,5.982399940490723,3.825500011444092,10000,1.2244999999998865,0.8468,1,0.0852,0.0468,376832,15,15,1.2547,7712,0,0,22.243200302124023,25.92329978942871,1.9952000379562378,2.291100025177002,0.010999999940395355,5.973499774932861,0,0,0,0,0,0,0,0,0,0,0,0,0
663,88.79779815673828,5.445899963378906,62.67499923706055,7.589099884033203,4.042699813842773,2.6103999614715576,11.776900291442871,1.0029000043869019,10000,10009,20000,10006,20000,20000,10000,0.43639999628067017,3.8436999320983887,33.17279815673828,10000,1.4030999999998754,0.9042,1,0.16620000000000001,0.052500000000000005,376832,15,15,1.1643,15952,0,0,68.25360107421875,11.819499969482422,2.166100025177002,2.0636000633239746,0.013299999758601189,0.19030000269412994,0,0,0,0,0,0,0,0,0,0,0,0,0
664,58.78689956665039,10.941900253295898,23.045700073242188,3.635999917984009,4.337600231170654,5.247200012207031,12.051899909973145,0.5954999923706055,10000,10009,20000,10006,20000,20000,10000,0.3643999993801117,2.864000082015991,3.4828999042510986,10000,1.6472999999998512,1.2509,1,0.1315,0.0505,376832,15,15,1.4035,530640,0,0,34.09920120239258,12.695300102233887,2.6045000553131104,4.229300022125244,0.617900013923645,0.15539999306201935,0.0021,0,0.1124,4.8235,5.1586,0,0.3478,1,860110,0,0,0,4516
665,50.18960189819336,0.25769999623298645,24.85650062561035,5.079999923706055,2.5917999744415283,2.0394999980926514,12.353500366210938,0.935699999332428,10000,10009,20000,10006,20000,20000,10000,1.5262000560760498,5.874499797821045,3.597399950027466,10000,1.380099999999875,1.0076,1,0.10519999999999999,0.0431,376832,15,15,1.3165,7712,0,0,25.220199584960938,12.39490032196045,2.474100112915039,2.089600086212158,0.011900000274181366,3.4948999881744385,0,0,0,0,0,0,0,0,0,0,0,0,0
666,83.37940216064453,7.70359992980957,38.70690155029297,5.358799934387207,3.2360000610351562,3.287100076675415,22.813499450683594,0.7616000175476074,10000,10009,20000,10006,20000,20000,10000,0.39070001244544983,17.82229995727539,4.561500072479248,10000,1.7674999999998382,1.3035,1,0.1288,0.0564,376832,15,15,1.2866,506912,0,0,46.540199279785156,23.2273006439209,2.976099967956543,5.293799877166748,0.3865000009536743,0.2142000049352646,0,0,0,0,0,0,0,0,0,0,0,0,0
667,198.34649658203125,136.9611053466797,30.690799713134766,10.204899787902832,6.035600185394287,4.074999809265137,6.429699897766113,0.5752000212669373,10000,10009,20000,10006,20000,20000,10000,0.32010000944137573,1.9687000513076782,4.509699821472168,10000,13.34869999999946,1.0596,1,0.1149,0.0479,376832,15,15,0.957,14560,0,0,167.77999877929688,6.580900192260742,5.710400104522705,2.6389999389648438,0.12849999964237213,0.1581999957561493,0.0024,0,0.158,6.1044,133.8399,127.1989,0.3696,1,872302,95268,9994,19860,5334
668,66.54170227050781,0.22869999706745148,42.79069900512695,5.509300231933594,2.902400016784668,3.141400098800659,13.651599884033203,0.9139000177383423,10000,10009,20000,10006,20000,20000,10000,13.594900131225586,8.161499977111816,4.662499904632568,10000,1.528299999999863,1.0107,1,0.10610000000000001,0.0392,376832,15,15,1.1737,7712,0,0,43.130401611328125,13.694100379943848,2.421999931335449,2.398099899291992,0.011900000274181366,0.18790000677108765,0,0,0,0,0,0,0,0,0,0,0,0,0
669,72.21410369873047,3.046099901199341,24.255699157714844,4.070300102233887,4.4770002365112305,2.271199941635132,12.825200080871582,0.6133999824523926,10000,10009,20000,10006,20000,20000,10000,0.2971999943256378,4.1921000480651855,5.447800159454346,10000,2.1262000000000483,0.9677,1,0.09120000000000002,0.042499999999999996,376832,15,15,1.024,15952,0,0,27.425100326538086,12.861200332641602,3.9063000679016113,21.125600814819336,0.01119999960064888,0.2117999941110611,0,0,0,0,0,0,0,0,0,0,0,0,0
670,80.23670196533203,5.786300182342529,36.82740020751953,6.943299770355225,8.644700050354004,4.551300048828125,15.223600387573242,0.9449999928474426,10000,10009,20000,10006,20000,20000,10000,0.4546000063419342,5.35230016708374,5.45419979095459,10000,2.7879000000003464,1.4717,1,0.18769999999999998,0.0701,376832,15,15,2.0459,546688,0,0,42.754600524902344,18.877399444580078,3.856600046157837,6.48390007019043,3.6240999698638916,0.24120000004768372,0,0,0,0,0,0,0,0,0,0,0,0,0
671,93.34359741210938,31.46030044555664,35.034698486328125,6.878200054168701,6.781300067901611,5.655799865722656,15.228899955749512,0.8942999839782715,10000,10009,20000,10006,20000,20000,10000,0.3589000105857849,4.950099945068359,5.828999996185303,10000,1.3678999999998742,1.4591,1,0.10949999999999999,0.0562,376832,15,15,1.7968,13408,0,0,66.70980072021484,15.467599868774414,2.893199920654297,3.1066999435424805,0.2071000039577484,0.2766999900341034,0.0034,17.118200302124023,0.1743,5.5652,10.3038,4.2299,0.4814,1,860606,88921,9994,18473,5058
672,67.68309783935547,0.2736999988555908,27.83930015563965,10.813300132751465,3.1709001064300537,1.861799955368042,29.281700134277344,0.9277999997138977,10000,10009,20000,10006,20000,20000,10000,0.49810001254081726,2.9953999519348145,4.284900188446045,10000,1.6423999999998566,0.9307,1,0.1022,0.0475,376832,15,15,1.1131,7712,0,0,28.23710060119629,29.36479949951172,2.276099920272827,1.9886000156402588,0.012199999764561653,0.19169999659061432,0,0,0,0,0,0,0,0,0,0,0,0,0
673,49.44820022583008,3.107599973678589,29.204700469970703,6.0030999183654785,8.101699829101562,2.5373001098632812,8.128499984741211,0.9031000137329102,10000,10009,20000,10006,20000,20000,10000,0.4580000042915344,2.5573999881744385,5.250199794769287,10000,1.3180999999998744,1.041,1,0.1059,0.0482,376832,15,15,1.0914,15952,0,0,32.432498931884766,8.159799575805664,2.559299945831299,2.127700090408325,0.009700000286102295,0.19280000030994415,0,0,0,0,0,0,0,0,0,0,0,0,0
674,58.2781982421875,4.173999786376953,35.00080108642578,14.583200454711914,2.563800096511841,3.297600030899048,9.597200393676758,0.6977999806404114,10000,10009,20000,10006,20000,20000,10000,0.3822000026702881,2.223900079727173,7.452899932861328,10000,1.0698999999999008,0.7529,1,0.0733,0.0347,376832,15,15,0.9456,593776,0,0,39.284698486328125,10.00879955291748,1.7613999843597412,3.81820011138916,0.3880999982357025,0.16590000689029694,0,0,0,0,0,0,0,0,0,0,0,0,0
675,31.641000747680664,2.100100040435791,14.550399780273438,3.04259991645813,1.238700032234192,1.9220000505447388,7.727399826049805,0.5613999962806702,10000,10009,20000,10006,20000,20000,10000,0.3181000053882599,2.1465001106262207,3.172600030899048,10000,1.1473999999998945,0.7526,1,0.0864,0.039,376832,15,15,0.9976,13112,0,0,16.749000549316406,7.750199794769287,1.8365000486373901,1.7381000518798828,0.007199999876320362,0.15070000290870667,0,0,0,0,0,0,0,0,0,0,0,0,0
676,33.63999938964844,0.20759999752044678,15.53849983215332,3.2102999687194824,1.5723999738693237,1.6741000413894653,10.731800079345703,0.5909000039100647,10000,10009,20000,10006,20000,20000,10000,0.30059999227523804,2.1963999271392822,3.710200071334839,10000,1.1556999999998938,0.7591,1,0.09450000000000001,0.030899999999999997,376832,15,15,0.8591,7712,0,0,15.847100257873535,10.758600234985352,1.8487999439239502,1.7105000019073486,0.008299999870359898,0.149399995803833,0,0,0,0,0,0,0,0,0,0,0,0,0
677,42.78129959106445,4.231400012969971,18.674800872802734,3.4797000885009766,1.8143999576568604,3.2913999557495117,8.447400093078613,0.6334999799728394,10000,10009,20000,10006,20000,20000,10000,0.36640000343322754,3.1594998836517334,3.506999969482422,10000,1.2874999999998813,0.9068,1,0.10609999999999999,0.049,376832,15,15,1.0838,442472,0,0,23.00320053100586,8.74429988861084,2.22760009765625,4.627600193023682,0.27489998936653137,0.20029999315738678,0,0,0,0,0,0,0,0,0,0,0,0,0
678,46.66910171508789,7.059100151062012,23.390300750732422,3.308799982070923,4.978700160980225,3.4372000694274902,9.02239990234375,0.5831000208854675,10000,10009,20000,10006,20000,20000,10000,0.26570001244544983,3.985100030899048,4.253699779510498,10000,1.0820999999998995,0.7491,1,0.0741,0.0361,376832,15,15,0.8035,8048,0,0,30.563600540161133,9.182999610900879,1.7855000495910645,1.8486000299453735,0.13699999451637268,0.14579999446868896,0.0029,0,0.1437,4.5677,4.9032,0,0.3187,1,850898,0,0,0,4318
679,34.20610046386719,0.25060001015663147,18.55120086669922,4.082099914550781,1.635200023651123,1.7338999509811401,7.775599956512451,0.7530999779701233,10000,10009,20000,10006,20000,20000,10000,0.2630999982357025,3.3705999851226807,3.891400098800659,10000,1.0766999999999014,0.9884,1,0.0717,0.0348,376832,15,15,0.936,7712,0,0,18.908199310302734,7.8018999099731445,2.317500114440918,1.8118000030517578,0.008100000210106373,0.15379999577999115,0,0,0,0,0,0,0,0,0,0,0,0,0
680,45.52830123901367,4.527599811553955,16.652000427246094,3.6386001110076904,2.381500005722046,1.9284000396728516,12.135499954223633,0.616599977016449,10000,10009,20000,10006,20000,20000,10000,0.22759999334812164,2.091900110244751,3.3266000747680664,10000,1.6873999999998477,0.9857,1,0.09469999999999999,0.0374,376832,15,15,1.0884,575288,0,0,21.273000717163086,12.5802001953125,2.3584001064300537,4.423399925231934,0.42649999260902405,0.18299999833106995,0,0,0,0,0,0,0,0,0,0,0,0,0
681,60.183998107910156,13.837800025939941,28.03529930114746,5.241199970245361,7.144599914550781,3.9207000732421875,10.041399955749512,0.6133999824523926,10000,10009,20000,10006,20000,20000,10000,0.29760000109672546,2.3248000144958496,5.587200164794922,10000,1.1852999999998914,0.7747,1,0.0815,0.0309,376832,15,15,1.2832,12824,0,0,41.98749923706055,10.21310043334961,1.7599999904632568,2.228800058364868,0.15119999647140503,0.1527000069618225,0.0019,0,0.0952,6.2395,10.5124,3.9307,0.3751,1,866390,94195,9994,19844,5128
682,29.610599517822266,0.22769999504089355,14.670599937438965,2.798799991607666,2.4514999389648438,1.1562999486923218,7.17710018157959,0.4699999988079071,10000,10009,20000,10006,20000,20000,10000,0.20020000636577606,1.736799955368042,3.541599988937378,10000,1.1565999999998933,0.8463,1,0.089,0.0334,376832,15,15,0.9572,7712,0,0,15.003399848937988,7.204100131988525,2.0244998931884766,1.7559000253677368,0.009700000286102295,0.15139999985694885,0,0,0,0,0,0,0,0,0,0,0,0,0
683,38.941898345947266,4.291600227355957,14.105299949645996,2.830699920654297,1.2493000030517578,1.857100009918213,9.159000396728516,0.5030999779701233,10000,10009,20000,10006,20000,20000,10000,0.23919999599456787,1.9912999868392944,3.365799903869629,10000,1.4018999999998702,0.8451,1,0.10810000000000002,0.0435,376832,15,15,1.0528,512952,0,0,18.503700256347656,9.524499893188477,1.9984999895095825,4.617000102996826,0.3474000096321106,0.17710000276565552,0,0,0,0,0,0,0,0,0,0,0,0,0
684,59.99169921875,19.388200759887695,23.287599563598633,3.8399999141693115,5.5868000984191895,3.1366000175476074,10.291099548339844,0.8804000020027161,10000,10009,20000,10006,20000,20000,10000,0.3003000020980835,3.0004000663757324,3.8196001052856445,10000,1.0085999999999071,0.792,1,0.07819999999999999,0.0414,376832,15,15,0.8361,12584,0,0,42.78820037841797,10.482500076293945,1.5670000314712524,1.837399959564209,0.16740000247955322,0.15309999883174896,0.0026,9.545700073242188,0.0887,4.2551,7.1881,2.6458,0.3272,1,856848,86803,9996,18475,4889
685,32.44660186767578,0.21570000052452087,17.779399871826172,4.4944000244140625,2.385699987411499,1.434499979019165,8.092000007629395,0.5792999863624573,10000,10009,20000,10006,20000,20000,10000,0.2371000051498413,2.3519999980926514,3.581399917602539,10000,0.9006999999999173,0.7548,1,0.0635,0.0305,376832,15,15,0.9638,7712,0,0,18.103300094604492,8.122400283813477,1.6123000383377075,1.4931999444961548,0.008200000040233135,0.14569999277591705,0,0,0,0,0,0,0,0,0,0,0,0,0
686,41.343299865722656,4.999100208282471,17.078800201416016,3.0510001182556152,2.2228000164031982,1.9740999937057495,8.181500434875488,0.49790000915527344,10000,10009,20000,10006,20000,20000,10000,0.23659999668598175,3.5302000045776367,3.3125,10000,1.0018999999999085,0.9392,1,0.0704,0.0368,376832,15,15,1.3909,527592,0,0,22.17449951171875,8.54640007019043,2.0785000324249268,4.742300033569336,0.3391000032424927,0.1623000055551529,0,0,0,0,0,0,0,0,0,0,0,0,0
687,37.049598693847656,2.091200113296509,17.64739990234375,3.0973000526428223,2.9428000450134277,1.7625999450683594,7.30049991607666,0.5615000128746033,10000,10009,20000,10006,20000,20000,10000,0.26660001277923584,2.14520001411438,4.357600212097168,10000,1.0857999999999024,1.9715,1,0.0756,0.0352,376832,15,15,1.01,12944,0,0,19.86240005493164,7.326600074768066,3.1709001064300537,3.0936999320983887,0.008200000040233135,0.18970000743865967,0,0,0,0,0,0,0,0,0,0,0,0,0
688,34.43899917602539,0.26899999380111694,18.388999938964844,3.74429988861084,2.0011000633239746,1.8033000230789185,8.893600463867188,0.784600019454956,10000,10009,20000,10006,20000,20000,10000,0.2736999988555908,2.477400064468384,4.425899982452393,10000,1.024699999999904,0.9012,1,0.0714,0.0485,376832,15,15,0.9519,7712,0,0,18.77519989013672,8.92590045928955,1.8590999841690063,1.5693999528884888,0.008700000122189522,0.14110000431537628,0,0,0,0,0,0,0,0,0,0,0,0,0
689,37.199798583984375,4.2459001541137695,14.297699928283691,3.063499927520752,1.1563999652862549,1.8968000411987305,8.173700332641602,0.5566999912261963,10000,10009,20000,10006,20000,20000,10000,0.23070000112056732,2.0469000339508057,3.1712000370025635,10000,1.3209999999998785,0.8642,1,0.10289999999999999,0.0347,376832,15,15,1.0081,570568,0,0,18.63520050048828,8.527799606323242,2.113300085067749,4.001800060272217,0.34049999713897705,0.15549999475479126,0,0,0,0,0,0,0,0,0,0,0,0,0
690,50.024600982666016,7.402200222015381,21.295700073242188,3.7279999256134033,4.701000213623047,3.2026000022888184,10.89840030670166,0.6873000264167786,10000,10009,20000,10006,20000,20000,10000,0.2750999927520752,2.5669000148773193,3.6698999404907227,10000,1.6460999999998476,1.2182,1,0.1038,0.0448,376832,15,15,1.2213,8048,0,0,28.815900802612305,11.084099769592285,2.8931000232696533,2.3970000743865967,0.1678999960422516,0.1941000074148178,0.0019,0,0.0847,5.0544,5.4439,0.0001,0.2849,1,846902,0,0,0,4131
691,41.99409866333008,0.29319998621940613,19.269100189208984,4.615600109100342,1.361299991607666,1.7747000455856323,11.543700218200684,0.7696999907493591,10000,10009,20000,10006,20000,20000,10000,0.30889999866485596,3.412600040435791,4.321199893951416,10000,1.6852999999998446,1.5413,1,0.1652,0.0484,376832,15,15,1.4725,7712,0,0,19.692100524902344,11.572999954223633,3.3889999389648438,2.1426000595092773,0.009200000204145908,0.18979999423027039,0,0,0,0,0,0,0,0,0,0,0,0,0
692,42.69540023803711,2.8431999683380127,18.969900131225586,4.151700019836426,1.51419997215271,1.7777999639511108,11.088800430297852,0.7585999965667725,10000,10009,20000,10006,20000,20000,10000,0.3294000029563904,2.814500093460083,4.5391998291015625,10000,1.6885999999998484,1.1414,1,0.10439999999999999,0.0438,376832,15,15,1.2147,15952,0,0,21.947999954223633,11.114800453186035,2.66759991645813,2.066200017929077,0.00839999970048666,0.1881999969482422,0,0,0,0,0,0,0,0,0,0,0,0,0
693,55.319400787353516,16.338699340820312,25.15399932861328,6.270999908447266,4.827499866485596,3.8685998916625977,6.944200038909912,0.7731999754905701,10000,10009,20000,10006,20000,20000,10000,0.304500013589859,2.642199993133545,3.690000057220459,10000,0.7676999999999318,0.5835,1,0.0537,0.0257,376832,15,15,0.6181,485568,0,0,41.60639953613281,7.288300037384033,1.2734999656677246,2.744800090789795,0.3269999921321869,0.12110000103712082,0.002,0,0.109,6.2953,10.7064,4.0203,0.3084,1,861338,96345,9995,19813,4953
694,23.820100784301758,0.14659999310970306,11.305399894714355,1.916599988937378,1.2943999767303467,1.3056000471115112,6.106800079345703,0.3871000111103058,10000,10009,20000,10006,20000,20000,10000,0.19249999523162842,1.562000036239624,2.926500082015991,10000,0.9021999999999173,0.7885,1,0.0635,0.0308,376832,15,15,0.9189,7712,0,0,11.531299591064453,6.1280999183654785,1.666200041770935,1.4388999938964844,0.007199999876320362,0.13279999792575836,0,0,0,0,0,0,0,0,0,0,0,0,0
695,38.4541015625,4.330599784851074,15.519399642944336,4.424699783325195,1.1517000198364258,1.90339994430542,7.398499965667725,0.49959999322891235,10000,10009,20000,10006,20000,20000,10000,0.22869999706745148,2.1661999225616455,2.9937000274658203,10000,1.2665999999998796,0.9372,1,0.09720000000000001,0.0381,376832,15,15,0.9898,597136,0,0,19.943199157714844,7.800099849700928,2.227400064468384,4.5879998207092285,0.38519999384880066,0.15850000083446503,0,0,0,0,0,0,0,0,0,0,0,0,0
696,56.88750076293945,16.17340087890625,20.245800018310547,3.536900043487549,4.205900192260742,3.365499973297119,10.153200149536133,0.6535000205039978,10000,10009,20000,10006,20000,20000,10000,0.2912999987602234,2.572000026702881,3.3810999393463135,10000,1.6207999999998604,1.1103,1,0.09789999999999999,0.0398,376832,15,15,1.114,10952,0,0,36.51729965209961,10.34939956665039,2.5344998836517334,2.922499895095825,0.17919999361038208,0.1860000044107437,0.0018,6.206299781799316,0.0778,4.709,7.7666,2.7664,0.2852,1,855200,88637,9995,17784,4677
697,36.45719909667969,0.34470000863075256,17.305700302124023,3.2755000591278076,1.5878000259399414,1.8693000078201294,10.477700233459473,0.6384999752044678,10000,10009,20000,10006,20000,20000,10000,0.23839999735355377,3.234999895095825,3.80430006980896,10000,1.3822999999998737,0.9343,1,0.087,0.0344,376832,15,15,1.0866,7712,0,0,17.784299850463867,10.510199546813965,2.177299976348877,1.8896000385284424,0.008700000122189522,0.15919999778270721,0,0,0,0,0,0,0,0,0,0,0,0,0
698,46.04690170288086,4.5096001625061035,18.534299850463867,4.830900192260742,1.2546000480651855,2.042799949645996,12.09850025177002,0.9332000017166138,10000,10009,20000,10006,20000,20000,10000,0.3296000063419342,2.686199903488159,3.3678998947143555,10000,1.525899999999861,0.8985,1,0.0895,0.0368,376832,15,15,1.3641,480096,0,0,23.143199920654297,12.449000358581543,2.1048998832702637,3.552000045776367,0.3287999927997589,0.14839999377727509,0,0,0,0,0,0,0,0,0,0,0,0,0
699,27.892000198364258,2.0731000900268555,12.180100440979004,2.3803000450134277,1.374400019645691,1.3502999544143677,6.982399940490723,0.44339999556541443,10000,10009,20000,10006,20000,20000,10000,0.17389999330043793,1.767300009727478,2.848900079727173,10000,1.0181999999999043,0.7674,1,0.07999999999999999,0.0342,376832,15,15,0.9529,11536,0,0,14.342000007629395,7.006400108337402,1.7127000093460083,1.523300051689148,0.008299999870359898,0.1354999989271164,0,0,0,0,0,0,0,0,0,0,0,0,0
700,33.32490158081055,0.18700000643730164,15.483699798583984,3.384000062942505,2.11680006980896,1.2704999446868896,8.456500053405762,0.5414999723434448,10000,10009,20000,10006,20000,20000,10000,0.2653000056743622,2.057800054550171,3.6494998931884766,10000,1.2180999999998872,1.1924,1,0.1033,0.0482,376832,15,15,1.3325,7712,0,0,15.757800102233887,8.485400199890137,2.5908000469207764,2.2820000648498535,0.008700000122189522,0.18250000476837158,0,0,0,0,0,0,0,0,0,0,0,0,0
701,43.207698822021484,6.11959981918335,17.859699249267578,3.6693999767303467,2.3513998985290527,1.8622000217437744,8.80679988861084,0.5659000277519226,10000,10009,20000,10006,20000,20000,10000,0.226500004529953,2.223099946975708,4.067599773406982,10000,1.2115999999998885,0.9212,1,0.0788,0.0325,376832,15,15,0.9218,552816,0,0,24.098400115966797,9.20930004119873,2.0471999645233154,4.228300094604492,0.38440001010894775,0.1535000056028366,0,0,0,0,0,0,0,0,0,0,0,0,0
702,46.9556999206543,6.8105998039245605,19.54010009765625,3.713200092315674,4.039599895477295,3.000699996948242,10.664999961853027,0.652899980545044,10000,10009,20000,10006,20000,20000,10000,0.34200000762939453,2.428100109100342,3.1057000160217285,10000,1.6246999999998497,1.1917,1,0.10289999999999999,0.0396,376832,15,15,1.1436,8048,0,0,26.45949935913086,10.847599983215332,2.674299955368042,2.3201000690460205,0.16699999570846558,0.18160000443458557,0.0019,0,0.0816,4.6781,5.0021,0.0001,0.2956,1,841710,0,0,0,3956
703,39.43429946899414,0.2750999927520752,18.305400848388672,4.143499851226807,1.5063999891281128,1.7476999759674072,11.425100326538086,0.757099986076355,10000,10009,20000,10006,20000,20000,10000,0.29510000348091125,2.9274001121520996,4.336100101470947,10000,1.63279999999985,1.0525,1,0.10299999999999998,0.030400000000000003,376832,15,15,1.1254,7712,0,0,18.700700759887695,11.456100463867188,2.5367000102996826,2.0838000774383545,0.009800000116229057,0.17599999904632568,0,0,0,0,0,0,0,0,0,0,0,0,0
704,46.140899658203125,4.377799987792969,18.908899307250977,4.566699981689453,1.5733000040054321,2.3254001140594482,11.201899528503418,0.7742999792098999,10000,10009,20000,10006,20000,20000,10000,0.3490000069141388,2.7506000995635986,3.876800060272217,10000,1.6292999999998499,1.0726,1,0.10290000000000002,0.0399,376832,15,15,1.1211,441496,0,0,23.393400192260742,11.521599769592285,2.5880000591278076,4.030200004577637,0.30250000953674316,0.14010000228881836,0,0,0,0,0,0,0,0,0,0,0,0,0
705,49.03730010986328,15.328499794006348,19.730300903320312,3.6029999256134033,3.7314000129699707,3.238100051879883,7.462200164794922,0.6970999836921692,10000,10009,20000,10006,20000,20000,10000,0.3179999887943268,2.6654000282287598,3.288100004196167,10000,0.8666999999999218,0.6927,1,0.0598,0.0317,376832,15,15,0.7891,12360,0,0,35.1531982421875,7.600599765777588,1.4891999959945679,1.9917999505996704,0.12359999865293503,0.14079999923706055,0.0016,6.444900035858154,0.0734,3.7802,6.8024,2.7535,0.2859,1,858902,94299,9994,18884,4768
706,25.359800338745117,0.2102999985218048,12.469900131225586,2.0517001152038574,1.2283999919891357,1.1486999988555908,6.258200168609619,0.42309999465942383,10000,10009,20000,10006,20000,20000,10000,0.21960000693798065,1.7015000581741333,3.7346999645233154,10000,0.9366999999999133,0.7745,1,0.0643,0.0291,376832,15,15,0.9998,7712,0,0,12.781800270080566,6.279099941253662,1.6791000366210938,1.4866000413894653,0.006899999920278788,0.13930000364780426,0,0,0,0,0,0,0,0,0,0,0,0,0
707,39.019500732421875,4.578000068664551,14.692000389099121,3.065200090408325,1.341599941253662,1.9569000005722046,8.957200050354004,0.5619999766349792,10000,10009,20000,10006,20000,20000,10000,0.2827000021934509,2.081899881362915,3.2090001106262207,10000,1.352899999999876,0.9144,1,0.0883,0.0276,376832,15,15,1.0772,575960,0,0,19.357500076293945,9.30210018157959,2.2832000255584717,4.027599811553955,0.3262999951839447,0.17499999701976776,0,0,0,0,0,0,0,0,0,0,0,0,0
708,62.588600158691406,21.629199981689453,22.891700744628906,4.338699817657471,4.296299934387207,3.704699993133545,11.08489990234375,0.7678999900817871,10000,10009,20000,10006,20000,20000,10000,0.2921999990940094,2.903899908065796,4.097300052642822,10000,1.2110999999998915,0.6259,1,0.0742,0.0358,376832,15,15,0.8162,12000,0,0,44.64569854736328,11.263799667358398,1.5673999786376953,1.6234999895095825,0.16050000488758087,0.1347000002861023,0.0019,9.244199752807617,0.0987,5.9975,9.8114,3.4534,0.3077,1,848796,87031,9995,17500,4520
709,29.053600311279297,0.17239999771118164,12.596599578857422,2.3148000240325928,1.322100043296814,1.3631000518798828,7.291800022125244,0.4765999913215637,10000,10009,20000,10006,20000,20000,10000,0.21850000321865082,1.9294999837875366,3.0687999725341797,10000,1.2130999999998886,1.1882,1,0.0801,0.036699999999999997,376832,15,15,1.2909,7712,0,0,12.857799530029297,7.313899993896484,2.6428000926971436,2.0924999713897705,0.007600000128149986,0.18490000069141388,0,0,0,0,0,0,0,0,0,0,0,0,0
710,49.45130157470703,6.3927998542785645,18.909900665283203,4.3942999839782715,1.6744999885559082,2.259500026702881,11.078800201416016,0.756600022315979,10000,10009,20000,10006,20000,20000,10000,0.31690001487731934,2.936000108718872,3.966900110244751,10000,1.6555999999998474,1.3163,1,0.10509999999999999,0.0432,376832,15,15,1.6059,531648,0,0,25.429399490356445,11.439399719238281,3.029900074005127,4.359099864959717,0.3441999852657318,0.15860000252723694,0,0,0,0,0,0,0,0,0,0,0,0,0
711,35.757999420166016,2.1022000312805176,14.499500274658203,3.288800001144409,1.2372000217437744,1.4591000080108643,10.015899658203125,0.6262000203132629,10000,10009,20000,10006,20000,20000,10000,0.2736000120639801,2.3570001125335693,3.1345999240875244,10000,1.5309999999998594,1.0829,1,0.0973,0.0424,376832,15,15,1.0463,11072,0,0,16.720800399780273,10.040399551391602,2.5520999431610107,2.0834999084472656,0.008700000122189522,0.1624000072479248,0,0,0,0,0,0,0,0,0,0,0,0,0
712,38.980201721191406,0.2957000136375427,17.207799911499023,3.6809000968933105,1.8240000009536743,1.6518000364303589,11.124199867248535,0.6886000037193298,10000,10009,20000,10006,20000,20000,10000,0.2745000123977661,2.6512999534606934,3.8842999935150146,10000,1.6346999999998488,1.3123,1,0.1335,0.0438,376832,15,15,1.6736,7712,0,0,17.61639976501465,11.152199745178223,2.837599992752075,2.094899892807007,0.009399999864399433,0.1850000023841858,0,0,0,0,0,0,0,0,0,0,0,0,0
713,48.18119812011719,8.395500183105469,19.146400451660156,4.5960001945495605,1.426200032234192,2.411900043487549,11.185700416564941,0.7718999981880188,10000,10009,20000,10006,20000,20000,10000,0.2937999963760376,2.909899950027466,3.9042000770568848,10000,1.4044999999998733,0.7924,1,0.0794,0.0334,376832,15,15,0.8663,543736,1,0,27.668800354003906,11.555800437927246,1.8164000511169434,3.231600046157837,0.3472999930381775,0.12839999794960022,0,0,0,0,0,0,0,0,0,0,0,0,0
714,36.280601501464844,5.207600116729736,16.59429931640625,2.532900094985962,3.0643999576568604,3.368299961090088,7.247399806976318,0.4767000079154968,10000,10009,20000,10006,20000,20000,10000,0.2624000012874603,1.909500002861023,3.0908000469207764,10000,1.0987999999998972,0.7588,1,0.07490000000000001,0.0319,376832,15,15,0.8005,25352,0,0,21.927600860595703,7.38640022277832,1.791200041770935,1.9279999732971191,0.12380000203847885,0.13809999823570251,0.0018,0,0.063,3.3943,3.6133,0,0.2659,1,837912,0,0,0,3801
715,33.01070022583008,0.21160000562667847,15.184100151062012,3.0357000827789307,1.4767999649047852,1.5807000398635864,9.160499572753906,0.5825999975204468,10000,10009,20000,10006,20000,20000,10000,0.24809999763965607,2.354099988937378,3.7346999645233154,10000,1.3636999999998742,0.9412,1,0.08979999999999999,0.034,376832,15,15,1.1288,7712,0,0,15.494000434875488,9.186100006103516,2.2534000873565674,1.9296000003814697,0.00839999970048666,0.16760000586509705,0,0,0,0,0,0,0,0,0,0,0,0,0
716,40.828800201416016,2.1152000427246094,17.74720001220703,3.993299961090088,1.590000033378601,1.667199969291687,11.083000183105469,0.7239000201225281,10000,10009,20000,10006,20000,20000,10000,0.5069000124931335,2.766200065612793,4.079999923706055,10000,1.6723999999998467,1.0779,1,0.1048,0.0451,376832,15,15,1.3847,15952,0,0,19.982099533081055,11.112500190734863,2.60260009765625,2.122999906539917,0.008700000122189522,0.17980000376701355,0,0,0,0,0,0,0,0,0,0,0,0,0
717,58.9838981628418,16.607099533081055,28.294099807739258,8.044099807739258,5.188499927520752,4.203800201416016,6.737400054931641,0.9890999794006348,10000,10009,20000,10006,20000,20000,10000,0.30149999260902405,2.7228000164031982,3.780600070953369,10000,0.8111999999999276,0.5959,1,0.0577,0.0262,376832,15,15,0.7413,568240,0,0,45.016998291015625,7.146399974822998,1.2973999977111816,2.9147000312805176,0.390500009059906,0.11810000240802765,0.0019,0,0.1018,6.5538,10.6763,3.6484,0.3245,1,853604,90175,9995,18796,4588
718,23.131200790405273,0.15970000624656677,11.295700073242188,1.9687000513076782,1.0134999752044678,1.2896000146865845,5.734000205993652,0.38920000195503235,10000,10009,20000,10006,20000,20000,10000,0.2599000036716461,1.5861999988555908,2.973299980163574,10000,0.866299999999921,0.7526,1,0.0677,0.028,376832,15,15,0.7526,7712,0,0,11.536100387573242,5.755199909210205,1.6526999473571777,1.4312000274658203,0.007300000172108412,0.13600000739097595,0,0,0,0,0,0,0,0,0,0,0,0,0
719,36.29180145263672,4.566199779510498,13.86989974975586,2.8585000038146973,1.2922999858856201,1.8773000240325928,7.666200160980225,0.5044999718666077,10000,10009,20000,10006,20000,20000,10000,0.23100000619888306,1.990399956703186,2.9876999855041504,10000,1.1873999999998908,0.7936,1,0.0805,0.0358,376832,15,15,0.9453,624896,0,0,18.537599563598633,8.068499565124512,1.8920999765396118,4.156899929046631,0.3862999975681305,0.17260000109672546,0,0,0,0,0,0,0,0,0,0,0,0,0
720,62.19839859008789,19.258499145507812,23.624799728393555,4.183700084686279,5.313799858093262,3.3111000061035156,10.26509952545166,0.6847000122070312,10000,10009,20000,10006,20000,20000,10000,0.2890999913215637,3.3359999656677246,4.02239990234375,10000,1.4525999999998676,0.9463,1,0.10769999999999999,0.04,376832,15,15,1.0721,10384,0,0,43.000301361083984,10.45829963684082,2.234499931335449,2.2400999069213867,0.16840000450611115,0.14920000731945038,0.0018,8.497599601745605,0.0856,5.2143,8.3694,2.8531,0.2982,1,844460,84227,9995,17588,4344
