frame,frame_ms,simulation,presentation,behavior,transform_sync,emit,hud,animator,animator_updates,height_samples,terrain_rays,visible,hud_raw,hud_projected,behavior_ticks,minimap_collect,minimap_project,culling,gpu_instances,gpu_build,gpu_draw_cpu,poses,pose_build,upload_ms,upload_bytes,main_draws,shadow_draws,shadow_submit,alloc,gen0,gen1,tick,post,mode3d,overlay,overlay_build,end_draw,nav_target,nav_flow,nav_prep,nav_steering,nav_step,nav_hard,nav_sync,nav_steps,neighbor_candidates,hard_pairs,hard_candidates,hard_penetrating,moved_agents
1,852.4541015625,0.4000000059604645,152.6761932373047,11.86989974975586,1.7999000549316406,4.071899890899658,1.2060999870300293,0.028300000354647636,0,5,0,0,0,0,0,9.944999694824219,12.999199867248535,8.171899795532227,0,0,0,0,0,0,0,0,0,0,164475120,6,6,504.37908935546875,10.384200096130371,16.21940040588379,58.04309844970703,4.721199989318848,0.8912000060081482,0,0,0,0,0,0,0,0,0,0,0,0,0
2,15.091899871826172,0.02449999935925007,6.509399890899658,0.019899999722838402,0.04340000078082085,0.011699999682605267,0.02630000002682209,0.0012000000569969416,0,5,0,0,0,0,0,0.16220000386238098,0.0869000032544136,5.1057000160217285,0,0,0,0,0,0,0,0,0,0,12400,0,0,11.541799545288086,1.541700005531311,0.09880000352859497,0.8822000026702881,1.4507999420166016,0.12549999356269836,0,0,0,0,0,0,0,0,0,0,0,0,0
3,196.3903045654297,173.4438018798828,6.4980998039245605,0.026799999177455902,0.034699998795986176,2.1247000694274902,0.01679999940097332,0.004600000102072954,0,5,0,5,0,0,0,0.10970000177621841,0.09300000220537186,3.3213999271392822,0,0,0,0,0,0,0,0,0,0,3577160,0,0,180.1555938720703,0.07500000298023224,12.80109977722168,0.39320001006126404,0.019500000402331352,0.13850000500679016,0,0,0,0,0,0,0,0,0,0,0,0,0
4,4.9257001876831055,2.527899980545044,0.9053999781608582,0.012000000104308128,0.022199999541044235,0.01510000042617321,0.016499999910593033,0.0007999999797903001,0,5,0,5,0,0,0,0.1324000060558319,0.10209999978542328,0.33309999108314514,0,0,0,0,0,0,0,0,0,0,8480,0,0,3.6345999240875244,0.26759999990463257,0.17820000648498535,0.4645000100135803,0.2061000019311905,0.12809999287128448,0,0,0,0,0,0,0,0,0,0,0,0,0
5,16.55299949645996,5.672599792480469,0.7192000150680542,0.014000000432133675,0.021700000390410423,0.010400000028312206,0.015300000086426735,0.0008999999845400453,0,5,0,5,0,0,0,0.14480000734329224,0.08649999648332596,0.14300000667572021,0,0,0,0,0,0,0,0,0,0,8280,0,0,6.566299915313721,0.0794999971985817,0.14470000565052032,0.4772000014781952,0.022299999371170998,9.011199951171875,0,0,0,0,0,0,0,0,0,0,0,0,0
6,2210.700927734375,1701.781494140625,505.9436950683594,321.30560302734375,8.637499809265137,40.214500427246094,0.01899999938905239,7.368100166320801,5000,5009,0,5,0,0,0,2.1247000694274902,4.676700115203857,6.577400207519531,0,0,0,0,0,0,0,0,0,0,796625552,42,11,2207.988525390625,0.3682999908924103,0.2126999944448471,1.4955999851226807,0.2924000024795532,0.19599999487400055,0,0,0,0,0,0,0,0,0,0,0,0,0
7,268.9790954589844,103.5071029663086,133.65029907226562,28.620399475097656,17.840299606323242,18.02359962463379,0.010999999940395355,5.322700023651123,5000,5009,0,5006,0,0,5000,1.2288999557495117,2.3828999996185303,42.28459930419922,0,0,0,0,0,0,0,0,0,0,91395232,4,1,237.49420166015625,0.06830000132322311,25.266599655151367,0.47380000352859497,0.022199999541044235,0.14059999585151672,0,0,0,0,0,0,0,0,0,0,0,0,0
8,87.30400085449219,11.271400451660156,56.727901458740234,32.26020050048828,1.8971999883651733,3.0434000492095947,0.014000000432133675,1.051900029182434,5000,5009,0,5006,0,0,5000,1.3034000396728516,3.8863000869750977,7.96619987487793,0,0,0,0,0,0,0,0,0,0,326464,0,0,68.28900146484375,0.08100000023841858,9.275899887084961,0.5601999759674072,0.025100000202655792,0.13179999589920044,0,0,0,0,0,0,0,0,0,0,0,0,0
9,112.87449645996094,32.70759963989258,47.26539993286133,23.45479965209961,2.17930006980896,3.5994999408721924,0.015200000256299973,1.075700044631958,5000,5009,0,5006,0,0,5000,1.4134999513626099,4.52370023727417,5.498799800872803,5000,8.212300000000404,2.4255,1,2.0199,0.317,212992,15,15,2.1096,6409472,0,0,80.22599792480469,0.08940000087022781,13.249099731445312,0.595300018787384,0.025699999183416367,0.17509999871253967,0,0,0,0,0,0,0,0,0,0,0,0,0
10,94.89420318603516,30.365400314331055,51.9275016784668,27.879499435424805,1.391800045967102,3.602099895477295,0.014499999582767487,1.468999981880188,5000,5009,0,5006,0,0,5000,1.271399974822998,4.41949987411499,6.015200138092041,5000,2.964100000000351,0.5381,1,3.5821,0.0672,212992,15,15,0.6106,157440,0,0,82.56580352783203,0.08449999988079071,2.447000026702881,0.5730999708175659,0.024900000542402267,0.18250000476837158,0,0,0,0,0,0,0,0,0,0,0,0,0
11,72.37850189208984,13.587300300598145,49.62160110473633,25.668899536132812,1.424299955368042,3.577399969100952,0.01489999983459711,2.092900037765503,5000,5009,0,5006,0,0,5000,1.357200026512146,4.379300117492676,5.716300010681152,5000,2.860300000000336,0.6821,1,0.13580000000000003,0.035699999999999996,212992,15,15,0.618,7936,0,0,63.4995002746582,0.10830000042915344,2.7535998821258545,0.5601999759674072,0.025800000876188278,0.17829999327659607,0,0,0,0,0,0,0,0,0,0,0,0,0
12,105.7771987915039,46.33549880981445,50.62310028076172,25.957599639892578,1.6039999723434448,3.8859000205993652,0.017000000923871994,1.1502000093460083,5000,5009,0,5006,0,0,5000,1.3265000581741333,4.3942999839782715,6.432300090789795,5000,2.789800000000305,0.6335,1,0.1394,0.0448,212992,15,15,0.627,26239544,0,0,97.24240112304688,0.0982000008225441,2.3805999755859375,0.6481000185012817,0.02810000069439411,0.18889999389648438,0,0,0,0,0,0,0,0,0,0,0,0,0
13,83.32160186767578,25.230100631713867,49.015499114990234,25.46380043029785,1.357200026512146,3.6363000869750977,0.015300000086426735,1.259600043296814,5000,5009,0,5006,0,0,5000,1.222499966621399,4.566100120544434,5.910399913787842,5000,2.7647000000003006,0.8228,1,0.14,0.0353,212992,15,15,0.6346,14238856,0,0,74.69670104980469,0.08209999650716782,2.5780999660491943,0.5631999969482422,0.024399999529123306,0.17649999260902405,0,0,0,0,0,0,0,0,0,0,0,0,0
14,131.13670349121094,69.94039916992188,52.434600830078125,26.040000915527344,1.997499942779541,3.5380001068115234,0.017899999395012856,2.1015000343322754,5000,5009,0,5006,0,0,5000,1.55239999294281,4.567500114440918,5.991000175476074,5000,2.7303000000002795,0.7518,1,0.139,0.0373,212992,15,15,0.6455,12935736,1,1,122.63839721679688,0.08950000256299973,2.4265999794006348,0.6894000172615051,0.024000000208616257,0.18359999358654022,0,0,0,0,0,0,0,0,0,0,0,0,0
15,192.99769592285156,152.4980926513672,33.487701416015625,13.327799797058105,0.8726999759674072,2.6154000759124756,0.013000000268220901,0.883400022983551,5000,5009,0,5006,0,0,5000,0.8482000231742859,3.8492000102996826,6.4029998779296875,5000,1.9655999999998939,0.5326,1,0.1098,0.0268,212992,15,15,0.5593,31037904,0,0,186.33250427246094,0.0731000006198883,1.9323999881744385,0.5163000226020813,0.02019999921321869,0.10329999774694443,0,0,0,0,0,0,0,0,0,0,0,0,0
16,50.87810134887695,5.329500198364258,38.15340042114258,19.495100021362305,0.9088000059127808,2.7923998832702637,0.021299999207258224,1.2681000232696533,5000,5009,0,5006,0,0,5000,1.0253000259399414,3.8034000396728516,4.498199939727783,5000,2.2381999999999738,0.5201,1,0.12110000000000001,0.0363,212992,15,15,0.5722,7952,0,0,43.741798400878906,0.10740000009536743,1.9350999593734741,0.5148000121116638,0.023000000044703484,0.24940000474452972,0,0,0,0,0,0,0,0,0,0,0,0,0
17,63.11629867553711,2.088200092315674,52.67490005493164,25.764699935913086,1.291599988937378,4.560100078582764,0.019999999552965164,1.705299973487854,5000,5009,0,5006,0,0,5000,1.2548999786376953,5.71120023727417,6.422800064086914,5000,2.715100000000219,0.587,1,0.1389,0.0375,212992,15,15,0.6212,7952,0,0,54.98379898071289,0.10819999873638153,2.1923999786376953,0.5249999761581421,0.029400000348687172,0.17810000479221344,0,0,0,0,0,0,0,0,0,0,0,0,0
18,81.12359619140625,4.007999897003174,66.51789855957031,26.30120086669922,1.9479999542236328,4.714099884033203,0.017400000244379044,1.7404999732971191,5000,5009,0,5006,0,0,5000,1.7517000436782837,6.94189977645874,6.271999835968018,5000,3.3574000000002546,0.7623,1,0.2149,0.038099999999999995,212992,15,15,0.9139,7952,0,0,70.76409912109375,0.11680000275373459,2.905400037765503,0.5376999974250793,0.02969999983906746,0.14030000567436218,0,0,0,0,0,0,0,0,0,0,0,0,0
19,789.51220703125,518.0684814453125,131.39390563964844,58.07320022583008,1.6425000429153442,36.99319839477539,57.934600830078125,1.6475000381469727,5000,5009,10000,5006,10000,10000,5000,1.030900001525879,7.873199939727783,6.2480998039245605,5000,2.6550000000002076,0.6449,1,0.1339,0.0353,212992,15,15,0.5934,299429632,16,5,649.7108154296875,78.9988021850586,2.2383999824523926,52.84479904174805,19.87190055847168,0.7350000143051147,0,0,0,0,0,0,0,0,0,0,0,0,0
20,167.7165069580078,57.02180099487305,74.41600036621094,15.38539981842041,24.30620002746582,12.829999923706055,23.177200317382812,0.9739000201225281,5000,5009,10000,5006,10000,10000,5000,0.9797000288963318,4.678599834442139,11.089500427246094,5000,2.0632999999999346,0.4438,1,0.1156,0.0344,212992,15,15,0.5966,26776,0,0,131.85479736328125,24.65690040588379,1.7217999696731567,4.889599800109863,1.424299955368042,0.5248000025749207,1.3618,0,7.028,28.9069,38.6877,0.0005,2.1993,1,60600,0,0,0,5000
21,100.12789916992188,6.481500148773193,51.804500579833984,26.705400466918945,1.3319000005722046,4.401299953460693,31.5044002532959,1.5550999641418457,5000,5009,10000,5006,10000,10000,5000,0.9972000122070312,5.386000156402588,5.529799938201904,5000,2.6421000000002013,0.7306,1,0.13540000000000002,0.0334,212992,15,15,0.6478,1068568,0,0,58.622398376464844,31.6028995513916,2.865999937057495,1.867400050163269,0.033799998462200165,0.17389999330043793,0,0,0,0,0,0,0,0,0,0,0,0,0
22,147.1907958984375,21.187299728393555,55.57320022583008,27.516199111938477,1.4573999643325806,5.984099864959717,31.775400161743164,1.5485999584197998,5000,5009,10000,5006,10000,10000,5000,1.1991000175476074,5.154600143432617,6.244200229644775,5000,2.60400000000016,0.6413,1,0.138,0.027200000000000002,212992,15,15,0.5656,296624,0,0,77.00029754638672,32.384498596191406,2.234600067138672,30.519399642944336,0.5494999885559082,0.18700000643730164,0,0,0,0,0,0,0,0,0,0,0,0,0
23,171.4481964111328,64.3395004272461,66.26529693603516,27.230899810791016,9.014399528503418,8.611800193786621,24.51099967956543,1.5134999752044678,5000,5009,10000,5006,10000,10000,5000,0.948199987411499,5.404200077056885,7.242199897766113,5000,2.099299999999939,0.5015,1,0.11800000000000002,0.0336,212992,15,15,0.5437,2043912,0,0,130.87680053710938,27.124300003051758,1.8385000228881836,6.728099822998047,2.552000045776367,0.1695999950170517,0.0166,0,1.969,1.3171,14.5301,6.2251,5.5228,1,62666,677,5000,0,5000
24,94.18900299072266,4.089200019836426,51.190799713134766,25.374300003051758,1.4333000183105469,3.7725000381469727,30.48310089111328,1.5219999551773071,5000,5009,10000,5006,10000,10000,5000,1.680999994277954,5.211900234222412,6.2444000244140625,5000,1.3858999999999102,0.6004,1,0.1438,0.039099999999999996,212992,15,15,0.7612,22968,0,0,55.500301361083984,30.589799880981445,2.375699996948242,1.6576000452041626,0.03790000081062317,0.1559000015258789,0,0,0,0,0,0,0,0,0,0,0,0,0
25,89.7030029296875,12.705100059509277,53.82709884643555,26.970699310302734,1.6059999465942383,4.452700138092041,15.324000358581543,1.8255000114440918,5000,5009,10000,5006,10000,10000,5000,1.3336000442504883,3.341099977493286,6.364500045776367,5000,0.8081999999999412,0.4154,1,0.0909,0.027800000000000002,212992,15,15,0.4207,329544,1,0,66.77439880371094,15.665300369262695,1.356600046157837,3.411799907684326,0.3000999987125397,0.1412000060081482,0,0,0,0,0,0,0,0,0,0,0,0,0
26,104.0519027709961,11.962800025939941,50.43659973144531,19.51129913330078,6.1645002365112305,7.396900177001953,30.189300537109375,1.4392999410629272,5000,5009,10000,5006,10000,10000,5000,1.2746000289916992,5.132599830627441,4.684800148010254,5000,1.3731999999999103,0.7596,1,0.13879999999999998,0.0281,212992,15,15,0.5823,490008,0,0,62.61050033569336,33.1422004699707,2.53410005569458,1.985200047492981,2.8893001079559326,0.1680999994277954,0.0083,3.6570000648498535,0.0797,1.3537,4.4247,2.8339,0.364,1,62682,771,5000,1,5000
27,110.13710021972656,15.471599578857422,52.557098388671875,25.045700073242188,1.4723000526428223,3.8352999687194824,33.67020034790039,1.503100037574768,5000,5009,10000,5006,10000,10000,5000,1.3428000211715698,7.1508002281188965,5.944900035858154,5000,1.4008999999999086,0.966,1,0.1467,0.034,212992,15,15,0.6709,12144,0,0,68.26309967041016,33.77840042114258,2.577199935913086,1.548699975013733,0.0364999994635582,0.16840000450611115,0,0,0,0,0,0,0,0,0,0,0,0,0
28,104.6051025390625,5.338099956512451,53.11800003051758,25.69580078125,1.5571000576019287,5.316299915313721,31.858800888061523,1.5613000392913818,5000,5009,10000,5006,10000,10000,5000,1.3544000387191772,5.046999931335449,5.756999969482422,5000,1.5350999999998935,0.7644,1,0.19140000000000001,0.0364,212992,15,15,0.7776,304944,0,0,58.6952018737793,32.299198150634766,3.1308999061584473,6.0665998458862305,0.3817000091075897,0.1940000057220459,0,0,0,0,0,0,0,0,0,0,0,0,0
29,96.16519927978516,4.771900177001953,52.07740020751953,25.928499221801758,1.8395999670028687,4.097799777984619,30.660999298095703,1.5096999406814575,5000,5009,10000,5006,10000,10000,5000,1.248900055885315,4.952600002288818,6.244699954986572,5000,1.4645999999999102,0.9366,1,0.1424,0.0361,212992,15,15,0.578,488016,0,0,57.12649917602539,30.758899688720703,2.4939000606536865,1.809399962425232,0.035999998450279236,0.21070000529289246,0,0,0,0,0,0,0,0,0,0,0,0,0
30,90.83920288085938,4.785799980163574,53.95840072631836,27.1466007232666,1.6073999404907227,3.7999000549316406,27.171100616455078,1.4670000076293945,5000,5009,10000,5006,10000,10000,5000,1.1519999504089355,5.324100017547607,5.7221999168396,5000,0.789399999999944,0.3172,1,0.0895,0.0205,212992,15,15,0.3968,12168,0,0,59.004600524902344,27.256900787353516,1.2127000093460083,0.9473999738693237,0.026100000366568565,0.1339000016450882,0,0,0,0,0,0,0,0,0,0,0,0,0
31,83.8926010131836,5.955100059509277,42.047000885009766,16.638099670410156,5.309500217437744,6.678199768066406,25.04400062561035,1.0694999694824219,5000,5009,10000,5006,10000,10000,5000,0.8883000016212463,3.8340001106262207,3.2916998863220215,5000,1.1738999999999171,0.6598,1,0.1209,0.0334,212992,15,15,0.5451,324840,0,0,48.204898834228516,25.74720001220703,2.238300085067749,4.31689977645874,0.6040999889373779,0.16529999673366547,0.0065,0,0.0597,0.6781,0.8499,0.0002,0.2177,1,63962,0,0,0,5000
32,89.78119659423828,2.865600109100342,45.42380142211914,19.618600845336914,1.7735999822616577,4.218299865722656,33.18159866333008,1.5216000080108643,5000,5009,10000,5006,10000,10000,5000,1.9106999635696411,4.946000099182129,5.191699981689453,5000,1.3697999999999106,0.6121,1,0.134,0.0378,212992,15,15,0.5919,8000,0,0,48.485599517822266,33.29669952392578,2.1974000930786133,1.714400053024292,0.05290000140666962,0.17980000376701355,0,0,0,0,0,0,0,0,0,0,0,0,0
33,126.46540069580078,10.950400352478027,64.4811019897461,20.41790008544922,7.4506001472473145,10.445899963378906,37.52539825439453,1.8341000080108643,5000,5009,10000,5006,10000,10000,5000,1.7705999612808228,4.809199810028076,10.51449966430664,5000,2.0269999999998407,0.7691,1,0.1564,0.032799999999999996,212992,15,15,0.6097,509048,0,0,75.64029693603516,38.11520004272461,2.8189001083374023,5.141600131988525,0.5285999774932861,0.14000000059604645,0.0111,0,0.112,1.3339,2.2592,0.5802,0.44,1,64236,898,5000,32,5000
34,84.90640258789062,3.3879001140594482,49.29359817504883,21.633699417114258,1.9500000476837158,5.481400012969971,21.923500061035156,2.098099946975708,5000,5009,10000,5006,10000,10000,5000,1.6197999715805054,4.423500061035156,5.6946001052856445,5000,2.1421999999998507,0.6838,1,0.1427,0.038400000000000004,212992,15,15,0.8748,11952,0,0,52.88309860229492,21.993799209594727,2.852099895477295,1.7824000120162964,0.020800000056624413,0.17560000717639923,0,0,0,0,0,0,0,0,0,0,0,0,0
35,101.30899810791016,17.655500411987305,47.57099914550781,15.059300422668457,5.46589994430542,8.244799613952637,22.162500381469727,2.4951999187469482,5000,5009,10000,5006,10000,10000,5000,1.3423999547958374,4.660999774932861,5.730599880218506,5000,2.111899999999846,0.7317,1,0.13470000000000001,0.0366,212992,15,15,0.6225,383864,0,0,65.41609954833984,22.76180076599121,3.0824999809265137,5.225200176239014,0.5331000089645386,0.13220000267028809,0.0104,7.925600051879883,0.1138,1.1958,2.1114,0.5507,0.4394,1,65098,986,5000,61,5000
36,87.20709991455078,16.74180030822754,39.18730163574219,13.449299812316895,1.00409996509552,5.377699851989746,22.298900604248047,2.528599977493286,5000,5009,10000,5006,10000,10000,5000,1.1796000003814697,5.458399772644043,5.957600116729736,5000,2.0477999999998446,0.5374,1,0.1309,0.0335,212992,15,15,0.6066,20216,0,0,56.10020065307617,22.378000259399414,2.5223000049591064,1.510599970817566,0.020500000566244125,0.17880000174045563,0,0,0,0,0,0,0,0,0,0,0,0,0
37,96.05500030517578,7.711900234222412,33.980499267578125,9.3016996383667,0.6708999872207642,5.154099941253662,30.4468994140625,1.9749000072479248,5000,5009,10000,5006,10000,10000,5000,1.1431000232696533,5.57919979095459,6.066100120544434,5000,2.2550999999998664,0.8224,1,0.2616,0.0467,212992,15,15,0.7387,419152,0,0,41.85430145263672,31.101200103759766,3.5044000148773193,13.863200187683105,0.578499972820282,0.21379999816417694,0,0,0,0,0,0,0,0,0,0,0,0,0
38,61.4994010925293,2.453000068664551,33.12820053100586,5.515600204467773,0.6105999946594238,2.73799991607666,15.594200134277344,1.2365000247955322,5000,5009,10000,5006,10000,10000,5000,1.235700011253357,3.370800018310547,14.804300308227539,5000,1.4658999999998947,0.6128,1,2.6061,0.0624,212992,15,15,0.5361,7808,0,0,35.775699615478516,15.672699928283691,2.313499927520752,1.3509999513626099,0.019600000232458115,0.15160000324249268,0,0,0,0,0,0,0,0,0,0,0,0,0
39,104.23470306396484,7.317299842834473,31.793100357055664,5.192299842834473,3.4498000144958496,6.801000118255615,50.29890060424805,1.382200002670288,5000,5009,10000,5006,10000,10000,5000,0.8565999865531921,4.249499797821045,3.0325000286102295,5000,2.604999999999935,0.7494,1,0.1279,0.0452,212992,15,15,0.6978,219584,0,0,39.27009963989258,50.82740020751953,2.930299997329712,5.172500133514404,0.46059998869895935,0.16439999639987946,0.011,0,0.0946,2.2769,2.6044,0.0003,0.3153,1,66578,0,0,0,5000
40,77.118896484375,2.2053000926971436,42.1172981262207,5.207499980926514,1.1083999872207642,9.564399719238281,11.48490047454834,5.729000091552734,5000,5009,10000,5006,10000,10000,5000,0.4163999855518341,4.712200164794922,3.6805999279022217,5000,2.7570999999999413,0.5487,1,0.1386,0.042499999999999996,212992,15,15,0.6037,20216,0,0,44.50849914550781,11.567899703979492,2.5406999588012695,1.742400050163269,0.022099999710917473,0.1915999948978424,0,0,0,0,0,0,0,0,0,0,0,0,0
41,81.70709991455078,18.274700164794922,39.849998474121094,2.4356000423431396,17.255599975585938,5.937099933624268,10.639200210571289,1.669600009918213,5000,5009,10000,5006,10000,10000,5000,0.40400001406669617,3.0399999618530273,4.176000118255615,5000,2.2978999999998955,0.584,1,0.1428,0.037899999999999996,212992,15,15,0.7961,342208,0,0,58.31999969482422,11.252400398254395,2.5968000888824463,4.393899917602539,0.5612999796867371,0.19280000030994415,0.011,6.315999984741211,0.1139,2.0808,3.0959,0.6268,0.5018,1,68296,1182,4999,75,5000
42,32.629600524902344,2.427299976348877,13.316499710083008,1.9668999910354614,0.7634000182151794,3.16759991645813,9.285300254821777,0.7276999950408936,5000,5009,10000,5006,10000,10000,5000,0.39399999380111694,2.6586999893188477,1.8799999952316284,5000,1.632899999999885,0.5277,1,0.11830000000000002,0.040100000000000004,212992,15,15,0.5713,7808,0,0,15.954400062561035,9.375200271606445,2.125999927520752,1.3977999687194824,0.021900000050663948,0.17339999973773956,0,0,0,0,0,0,0,0,0,0,0,0,0
43,43.97840118408203,12.479299545288086,15.498900413513184,2.366499900817871,3.0885000228881836,3.5757999420166016,7.9446001052856445,0.5400999784469604,5000,5009,10000,5006,10000,10000,5000,0.3508000075817108,2.674499988555908,1.4571000337600708,5000,0.5442999999999584,0.4843,1,0.09919999999999998,0.0337,212992,15,15,0.5391,277216,0,0,28.125900268554688,8.50529956817627,1.2680000066757202,3.6939001083374023,0.5101000070571899,0.17679999768733978,0.0095,4.557799816131592,0.089,1.2994,2.0743,0.4925,0.3343,1,69744,1336,4999,83,5000
44,25.547300338745117,2.1382999420166016,9.715999603271484,1.7403000593185425,0.5667999982833862,1.0781999826431274,7.762599945068359,0.6118999719619751,5000,5009,10000,5006,10000,10000,5000,0.32499998807907104,2.4727001190185547,1.5094000101089478,5000,0.6582999999999519,0.6114,1,0.1293,0.0351,212992,15,15,0.6607,11952,0,0,12.033300399780273,7.824999809265137,1.4941999912261963,1.4666999578475952,0.021400000900030136,0.15440000593662262,0,0,0,0,0,0,0,0,0,0,0,0,0
45,32.54909896850586,5.171000003814697,10.899100303649902,1.9991999864578247,0.5830000042915344,1.3353999853134155,7.675099849700928,0.6133000254631042,5000,5009,10000,5006,10000,10000,5000,0.4041999876499176,3.1872000694274902,1.3567999601364136,5000,0.5721999999999576,0.667,1,0.1084,0.0333,212992,15,15,0.559,246448,0,0,16.215499877929688,7.987599849700928,1.6289000511169434,4.326200008392334,0.2646999955177307,0.1696999967098236,0,0,0,0,0,0,0,0,0,0,0,0,0
46,44.102500915527344,7.764400005340576,17.586200714111328,2.4881999492645264,4.454500198364258,2.940500020980835,8.840700149536133,0.6658999919891357,5000,5009,10000,5006,10000,10000,5000,0.40059998631477356,2.926100015640259,2.074700117111206,5000,0.5696999999999576,0.5142,1,0.11069999999999999,0.0371,212992,15,15,0.5813,288248,0,0,25.507999420166016,9.360799789428711,1.4033000469207764,5.375899791717529,0.4733999967575073,0.19419999420642853,0.012,0,0.1005,1.2531,1.59,0.0003,0.3191,1,71734,0,0,0,5000
47,26.536100387573242,2.0418999195098877,10.907600402832031,2.0394999980926514,0.776199996471405,0.9659000039100647,7.673399925231934,0.4336000084877014,5000,5009,10000,5006,10000,10000,5000,0.39959999918937683,2.947700023651123,1.7883000373840332,5000,0.6258999999999543,0.5148,1,0.1366,0.0341,212992,15,15,0.6201,20216,0,0,13.145999908447266,7.7378997802734375,1.430899977684021,1.5339000225067139,0.020500000566244125,0.17229999601840973,0,0,0,0,0,0,0,0,0,0,0,0,0
48,41.81050109863281,8.904399871826172,15.849100112915039,2.419600009918213,3.3519999980926514,2.8671000003814697,7.776299953460693,0.44920000433921814,5000,5009,10000,5006,10000,10000,5000,0.33169999718666077,3.088599920272827,1.6538000106811523,5000,0.6226999999999576,0.5438,1,0.1149,0.0385,212992,15,15,0.5693,327672,0,0,24.9153995513916,8.387299537658691,1.434000015258789,4.5416998863220215,0.545799970626831,0.18160000443458557,0.0117,0,0.105,1.6667,2.6578,0.6336,0.2829,1,72870,1584,4997,134,5000
49,42.225799560546875,4.093500137329102,16.15519905090332,2.474100112915039,3.489500045776367,2.8322999477386475,10.611200332641602,0.427700012922287,5000,5009,10000,5006,10000,10000,5000,0.39250001311302185,3.0708000659942627,1.7315000295639038,5000,0.7542999999999448,0.7361,1,0.1481,0.0494,212992,15,15,0.7852,261168,0,0,20.407800674438477,11.28969955444336,1.9239000082015991,5.39870023727417,0.6301000118255615,0.20430000126361847,0,0,0,0,0,0,0,0,0,0,0,0,0
50,32.86920166015625,0.004699999932199717,18.250900268554688,2.342099905014038,3.293100118637085,2.416599988937378,7.698599815368652,0.45350000262260437,5000,5009,10000,5006,10000,10000,5000,0.451200008392334,2.8064000606536865,4.585899829864502,5000,0.5963999999999573,0.585,1,0.1181,0.0316,212992,15,15,0.9514,7712,0,0,18.45359992980957,8.036299705505371,1.5990999937057495,1.8551000356674194,0.29010000824928284,0.1347000002861023,0,0,0,0,0,0,0,0,0,0,0,0,0
51,64.78389739990234,28.674299240112305,20.307899475097656,2.18530011177063,3.274199962615967,3.4045000076293945,9.003899574279785,0.4178999960422516,5000,5009,10000,5006,10000,10000,5000,0.36959999799728394,4.3491997718811035,4.86329984664917,5000,0.5701999999999574,0.6747,1,0.1124,0.031200000000000002,212992,15,15,0.5657,9904,0,0,49.13639831542969,9.303999900817871,1.5608999729156494,2.385499954223633,0.24740000069141388,0.17870000004768372,0.0122,5.780300140380859,0.1155,17.9016,18.9424,0.6916,0.33,1,75100,1715,4997,177,5000
52,35.759700775146484,3.5385000705718994,15.765600204467773,2.234800100326538,3.403899908065796,3.2018001079559326,7.618000030517578,0.4867999851703644,5000,5009,10000,5006,10000,10000,5000,0.42149999737739563,2.7035999298095703,1.680799961090088,5000,0.5903999999999568,0.5781,1,0.1114,0.0327,212992,15,15,0.6225,318536,0,0,19.467100143432617,8.156800270080566,1.6018999814987183,4.021699905395508,0.4986000061035156,0.16539999842643738,0,0,0,0,0,0,0,0,0,0,0,0,0
53,43.10770034790039,0.004800000227987766,15.39680004119873,2.1261000633239746,3.601799964904785,2.871799945831299,8.163299560546875,0.42879998683929443,5000,5009,10000,5006,10000,10000,5000,0.38190001249313354,2.5508999824523926,1.7971999645233154,5000,0.6451999999999565,0.7446,1,0.1139,0.0368,212992,15,15,0.7297,7712,0,0,15.566699981689453,8.496000289916992,14.387800216674805,1.7979999780654907,0.28600001335144043,0.18440000712871552,0,0,0,0,0,0,0,0,0,0,0,0,0
54,29.22760009765625,3.347100019454956,13.336799621582031,2.0622000694274902,3.34660005569458,2.5232999324798584,6.426300048828125,0.42899999022483826,5000,5009,10000,5006,10000,10000,5000,0.37059998512268066,1.5951000452041626,1.50409996509552,5000,0.5755999999999573,0.5366,1,0.11499999999999999,0.036500000000000005,212992,15,15,0.6525,9440,0,0,16.852100372314453,6.7596001625061035,1.430299997329712,1.6859999895095825,0.28450000286102295,0.15629999339580536,0,0,0,0,0,0,0,0,0,0,0,0,0
55,31.441600799560547,3.245500087738037,12.32800006866455,3.5536999702453613,0.8540999889373779,1.3761999607086182,5.997600078582764,0.6776000261306763,5000,5009,10000,5006,10000,10000,5000,0.3799000084400177,1.6152000427246094,1.9404000043869019,5000,0.6872999999999548,0.5913,1,0.1523,0.0443,212992,15,15,0.9642,299368,0,0,15.720999717712402,6.362299919128418,1.5414999723434448,4.690499782562256,0.3116999864578247,0.18799999356269836,0,0,0,0,0,0,0,0,0,0,0,0,0
56,21.603500366210938,0.004999999888241291,10.093999862670898,2.584700107574463,0.734499990940094,0.9606000185012817,5.7829999923706055,0.45890000462532043,5000,5009,10000,5006,10000,10000,5000,0.42570000886917114,1.5809999704360962,1.783400058746338,5000,0.5734999999999574,0.5855,1,0.1099,0.0292,212992,15,15,0.5874,7712,0,0,10.254500389099121,5.845399856567383,1.461300015449524,1.5664000511169434,0.019300000742077827,0.17839999496936798,0,0,0,0,0,0,0,0,0,0,0,0,0
57,28.391199111938477,3.571000099182129,12.875800132751465,2.1196000576019287,3.278599977493286,2.2808001041412354,5.7652997970581055,0.4198000133037567,5000,5009,10000,5006,10000,10000,5000,0.31029999256134033,1.503000020980835,1.5931999683380127,5000,0.5957999999999586,0.531,1,0.11789999999999999,0.0369,212992,15,15,0.6065,8048,0,0,16.59709930419922,6.050000190734863,1.4191999435424805,1.711400032043457,0.24469999969005585,0.17339999973773956,0.012,0,0.1196,1.389,1.7391,0.0003,0.2695,1,77370,0,0,0,5000
58,34.690799713134766,2.904900074005127,16.87579917907715,4.188000202178955,3.6440999507904053,2.8324999809265137,6.1869001388549805,0.6809999942779541,5000,5009,10000,5006,10000,10000,5000,0.3953000009059906,1.6224000453948975,1.6353000402450562,5000,0.5686999999999575,0.5389,1,0.1121,0.0343,212992,15,15,0.5865,259432,0,0,19.940000534057617,6.733399868011475,1.42739999294281,4.15310001373291,0.4957999885082245,0.1793999969959259,0,0,0,0,0,0,0,0,0,0,0,0,0
59,26.70050048828125,0.00419999985024333,14.163700103759766,2.1530001163482666,3.3438000679016113,2.506700038909912,5.80019998550415,0.42590001225471497,5000,5009,10000,5006,10000,10000,5000,0.39160001277923584,2.0218000411987305,1.7182999849319458,5000,0.5677999999999579,0.5591,1,0.11,0.0316,212992,15,15,0.5531,7712,0,0,14.315400123596191,6.119800090789795,1.4456000328063965,2.3197999000549316,0.27559998631477356,0.20469999313354492,0,0,0,0,0,0,0,0,0,0,0,0,0
60,40.288700103759766,6.174900054931641,18.647199630737305,2.3705999851226807,4.093500137329102,2.992300033569336,7.195099830627441,0.4496999979019165,5000,5009,10000,5006,10000,10000,5000,0.4214000105857849,4.945199966430664,1.7556999921798706,5000,0.767999999999945,0.797,1,0.1482,0.039400000000000004,212992,15,15,0.8202,10832,0,0,25.023500442504883,7.5447001457214355,2.0260000228881836,2.386899948120117,0.28139999508857727,0.19979999959468842,0.0333,0,0.1544,1.463,2.5302,0.6829,0.2915,1,78926,2002,4996,191,5000
61,36.86690139770508,4.215199947357178,17.78030014038086,3.7667999267578125,4.473599910736084,2.9974000453948975,5.872000217437744,0.44850000739097595,5000,5009,10000,5006,10000,10000,5000,0.390500009059906,1.684000015258789,1.9257999658584595,5000,0.6681999999999537,0.6336,1,0.11139999999999999,0.0422,212992,15,15,0.6969,263760,0,0,22.175100326538086,6.423399925231934,1.5266000032424927,4.0706000328063965,0.5001000165939331,0.18569999933242798,0,0,0,0,0,0,0,0,0,0,0,0,0
62,27.8080997467041,0.004600000102072954,15.438300132751465,2.1721999645233154,4.582799911499023,2.351900100708008,5.644199848175049,0.4332999885082245,5000,5009,10000,5006,10000,10000,5000,0.3824999928474426,1.55239999294281,2.316800117492676,5000,0.6305999999999541,0.5882,1,0.13,0.033299999999999996,212992,15,15,0.9553,7712,0,0,15.606100082397461,5.9822998046875,1.5252000093460083,1.71589994430542,0.2996000051498413,0.1647000014781952,0,0,0,0,0,0,0,0,0,0,0,0,0
63,39.13249969482422,11.897199630737305,14.503399848937988,2.3297998905181885,3.316699981689453,3.1171998977661133,5.8703999519348145,0.43140000104904175,5000,5009,10000,5006,10000,10000,5000,0.37940001487731934,1.7348999977111816,1.700600028038025,5000,0.5671999999999576,0.8926,1,0.108,0.0311,212992,15,15,0.5904,13392,0,0,26.549999237060547,6.168000221252441,1.7763999700546265,2.137700080871582,0.24660000205039978,0.26159998774528503,0.0127,6.2133002281188965,0.1182,1.5007,2.5577,0.6785,0.318,1,81354,2133,4996,191,5000
64,37.84280014038086,3.626800060272217,17.430400848388672,3.745800018310547,4.871699810028076,2.6679000854492188,6.547299861907959,0.5889999866485596,5000,5009,10000,5006,10000,10000,5000,0.42669999599456787,1.6864999532699585,1.5713000297546387,5000,0.7435999999999465,0.8142,1,0.1326,0.0434,212992,15,15,0.9015,334824,0,0,21.228200912475586,7.163700103759766,1.7682000398635864,4.501800060272217,0.5637000203132629,0.19140000641345978,0,0,0,0,0,0,0,0,0,0,0,0,0
65,25.92569923400879,0.004900000058114529,15.370599746704102,2.6886000633239746,3.5796000957489014,2.504199981689453,5.072199821472168,0.5522000193595886,5000,5009,10000,5006,10000,10000,5000,0.35910001397132874,1.5544999837875366,2.2802999019622803,5000,0.5034999999999624,0.5259,1,0.10500000000000001,0.0366,212992,15,15,0.5152,7712,0,0,15.538100242614746,5.344299793243408,1.2897000312805176,1.5999000072479248,0.22990000247955322,0.15860000252723694,0,0,0,0,0,0,0,0,0,0,0,0,0
66,26.781600952148438,2.752000093460083,13.284000396728516,1.8575999736785889,3.183300018310547,2.489500045776367,5.266200065612793,0.3718999922275543,5000,5009,10000,5006,10000,10000,5000,0.3222000002861023,2.2825000286102295,1.4170000553131104,5000,0.4978999999999619,0.4869,1,0.1081,0.0371,212992,15,15,0.5271,11880,0,0,16.177799224853516,5.548900127410889,1.2402000427246094,1.6195000410079956,0.2289000004529953,0.1623000055551529,0,0,0,0,0,0,0,0,0,0,0,0,0
67,23.084400177001953,2.573199987411499,8.90310001373291,2.086199998855591,0.7954000234603882,1.0503000020980835,5.084199905395508,0.37049999833106995,5000,5009,10000,5006,10000,10000,5000,0.39430001378059387,1.325700044631958,1.441499948501587,5000,0.47849999999996345,0.5225,1,0.0934,0.030600000000000002,212992,15,15,0.5173,217248,0,0,11.621800422668457,5.2758002281188965,1.2798000574111938,2.790800094604492,0.15629999339580536,0.17159999907016754,0,0,0,0,0,0,0,0,0,0,0,0,0
68,20.787399291992188,0.008299999870359898,9.655200004577637,1.7548999786376953,0.6958000063896179,0.7989000082015991,4.903200149536133,0.3596999943256378,5000,5009,10000,5006,10000,10000,5000,0.31679999828338623,1.3047000169754028,2.550800085067749,5000,0.6082999999999541,0.6403,1,0.12060000000000001,0.0399,212992,15,15,0.6751,7712,0,0,9.89840030670166,5.0447998046875,1.545300006866455,1.5190000534057617,0.039000000804662704,0.15639999508857727,0,0,0,0,0,0,0,0,0,0,0,0,0
69,24.52989959716797,3.1252999305725098,11.06350040435791,1.7267999649047852,2.358099937438965,2.0362000465393066,5.097700119018555,0.3718000054359436,5000,5009,10000,5006,10000,10000,5000,0.3653999865055084,1.406000018119812,1.5083999633789062,5000,0.4676999999999648,0.4994,1,0.09290000000000001,0.0279,212992,15,15,0.6199,8048,0,0,14.352700233459473,5.29640007019043,1.2520999908447266,1.4957000017166138,0.16110000014305115,0.12630000710487366,0.013,0,0.1227,0.9803,1.3022,0.0003,0.2058,1,83528,0,0,0,5000
70,27.532400131225586,2.899899959564209,11.979399681091309,2.0272998809814453,2.5418999195098877,2.2132999897003174,5.475599765777588,0.39259999990463257,5000,5009,10000,5006,10000,10000,5000,0.36390000581741333,1.5744999647140503,1.4830000400543213,5000,0.5667999999999579,0.5315,1,0.10619999999999999,0.0332,212992,15,15,0.5579,325672,0,0,15.014699935913086,5.865799903869629,1.3828999996185303,2.885200023651123,0.35589998960494995,0.1891999989748001,0,0,0,0,0,0,0,0,0,0,0,0,0
71,25.220800399780273,0.003800000064074993,12.742799758911133,2.0485999584198,2.7070999145507812,2.0931999683380127,6.483399868011475,0.42160001397132874,5000,5009,10000,5006,10000,10000,5000,0.361299991607666,1.5162999629974365,1.8687000274658203,5000,0.5756999999999572,0.5127,1,0.10649999999999998,0.0365,212992,15,15,0.5632,7712,0,0,12.92020034790039,6.750199794769287,1.3760000467300415,1.7884000539779663,0.22949999570846558,0.15649999678134918,0,0,0,0,0,0,0,0,0,0,0,0,0
72,32.97819900512695,6.397799968719482,13.40839958190918,2.1059000492095947,2.7537999153137207,2.3096001148223877,6.375699996948242,0.421999990940094,5000,5009,10000,5006,10000,10000,5000,0.38350000977516174,2.009999990463257,1.7563999891281128,5000,0.8087999999999491,0.7405,1,0.1217,0.0352,212992,15,15,0.6157,9680,0,0,19.954599380493164,6.62939977645874,1.6668000221252441,1.7948999404907227,0.2062000036239624,0.2029000073671341,0.0168,0,0.1365,1.728,2.8877,0.8012,0.2089,1,85942,2433,4996,255,5000
73,31.151599884033203,3.549099922180176,14.506600379943848,2.2925000190734863,3.2039999961853027,2.8824000358581543,5.800099849700928,0.41760000586509705,5000,5009,10000,5006,10000,10000,5000,0.3880999982357025,1.5356999635696411,2.0511999130249023,5000,0.5871999999999581,0.6297,1,0.1253,0.038,212992,15,15,0.6365,280144,0,0,18.2278995513916,6.277500152587891,1.5006999969482422,2.6308000087738037,0.4359000027179718,0.12790000438690186,0,0,0,0,0,0,0,0,0,0,0,0,0
74,25.200199127197266,0.0035000001080334187,13.203499794006348,2.0517001152038574,2.7822999954223633,2.715399980545044,5.800099849700928,0.4327999949455261,5000,5009,10000,5006,10000,10000,5000,0.3714999854564667,1.6533000469207764,1.7441999912261963,5000,0.5999999999999605,0.5515,1,0.11609999999999998,0.0347,212992,15,15,0.5678,7712,0,0,13.3503999710083,6.099599838256836,1.4377000331878662,1.8016999959945679,0.25839999318122864,0.2029999941587448,0,0,0,0,0,0,0,0,0,0,0,0,0
75,36.53409957885742,11.609199523925781,13.323100090026855,2.231300115585327,3.067199945449829,2.3513998985290527,5.627200126647949,0.45210000872612,5000,5009,10000,5006,10000,10000,5000,0.3862000107765198,1.5508999824523926,1.667199969291687,5000,0.5744999999999577,0.5448,1,0.10570000000000002,0.0356,212992,15,15,0.581,11416,0,0,25.11319923400879,5.830599784851074,1.4218000173568726,1.7568000555038452,0.16689999401569366,0.17720000445842743,0.0111,6.47130012512207,0.0897,1.0987,2.0075,0.6604,0.2601,1,88268,2575,4996,262,5000
76,30.084400177001953,2.690700054168701,13.485400199890137,2.179500102996826,2.847399950027466,2.660099983215332,5.917900085449219,0.43619999289512634,5000,5009,10000,5006,10000,10000,5000,0.382999986410141,1.6657999753952026,1.8008999824523926,5000,0.5812999999999559,0.6979,1,0.10959999999999999,0.034100000000000005,212992,15,15,0.6257,233200,0,0,16.3125,6.311500072479248,1.6376999616622925,3.2804999351501465,0.3537999987602234,0.18240000307559967,0,0,0,0,0,0,0,0,0,0,0,0,0
77,27.645099639892578,0.004000000189989805,14.200300216674805,2.536400079727173,3.1956000328063965,2.224400043487549,6.181399822235107,0.4586000144481659,5000,5009,10000,5006,10000,10000,5000,0.4255000054836273,1.595900058746338,2.172600030899048,5000,0.6822999999999575,0.8894,1,0.10920000000000002,0.0308,212992,15,15,0.6221,7712,0,0,14.403499603271484,6.46150016784668,1.8228000402450562,2.3215999603271484,0.24050000309944153,0.17419999837875366,0,0,0,0,0,0,0,0,0,0,0,0,0
78,29.892099380493164,3.7358999252319336,13.643400192260742,2.1219000816345215,3.1089999675750732,2.150700092315674,6.1194000244140625,0.42309999465942383,5000,5009,10000,5006,10000,10000,5000,0.35089999437332153,1.6993000507354736,2.140500068664551,5000,0.679999999999952,0.5187,1,0.1095,0.0354,212992,15,15,0.5966,9560,0,0,17.55340003967285,6.394199848175049,1.413699984550476,1.7211999893188477,0.23919999599456787,0.1703999936580658,0,0,0,0,0,0,0,0,0,0,0,0,0
79,28.806299209594727,3.0848000049591064,12.034899711608887,2.2880001068115234,0.7721999883651733,1.9105000495910645,6.138500213623047,0.5406000018119812,5000,5009,10000,5006,10000,10000,5000,0.4740999937057495,2.5838000774383545,1.7410999536514282,5000,0.5917999999999571,0.7941,1,0.11699999999999999,0.038,212992,15,15,0.5988,293040,0,0,15.257499694824219,6.390200138092041,1.7390999794006348,2.8640999794006348,0.2150000035762787,0.21960000693798065,0,0,0,0,0,0,0,0,0,0,0,0,0
80,22.7544002532959,0.003100000089034438,10.617899894714355,2.077899932861328,0.7477999925613403,1.8158999681472778,6.519400119781494,0.4458000063896179,5000,5009,10000,5006,10000,10000,5000,0.3560999929904938,1.6377999782562256,1.8485000133514404,5000,0.5730999999999572,0.5205,1,0.11000000000000001,0.0356,212992,15,15,0.5797,7712,0,0,10.812600135803223,6.587200164794922,1.4803999662399292,1.4769999980926514,0.02969999983906746,0.1412000060081482,0,0,0,0,0,0,0,0,0,0,0,0,0
81,27.63479995727539,3.1335999965667725,12.567700386047363,2.077199935913086,2.773699998855591,2.2137999534606934,5.638599872589111,0.42750000953674316,5000,5009,10000,5006,10000,10000,5000,0.34549999237060547,1.5156999826431274,1.746500015258789,5000,0.5734999999999579,0.6878,1,0.10829999999999998,0.0347,212992,15,15,0.6067,8048,0,0,15.839300155639648,5.8592000007629395,1.6878999471664429,1.7599999904632568,0.19120000302791595,0.17030000686645508,0.0114,0,0.0865,1.1104,1.359,0.0003,0.2129,1,90258,0,0,0,5000
82,34.872100830078125,2.6984000205993652,14.147500038146973,2.1521999835968018,2.799499988555908,3.038599967956543,8.691499710083008,0.421999990940094,5000,5009,10000,5006,10000,10000,5000,0.34209999442100525,2.2959001064300537,1.6700999736785889,5000,0.7370999999999476,0.7941,1,0.1489,0.0479,212992,15,15,0.8248,217904,0,0,16.99530029296875,9.123600006103516,1.777999997138977,3.791300058364868,0.38909998536109924,0.20409999787807465,0,0,0,0,0,0,0,0,0,0,0,0,0
83,29.095600128173828,0.003000000026077032,17.462200164794922,3.320499897003174,4.071899890899658,2.2225000858306885,5.765100002288818,0.6858000159263611,5000,5009,10000,5006,10000,10000,5000,0.4163999855518341,1.566100001335144,2.8117001056671143,5000,0.5754999999999572,0.507,1,0.10749999999999998,0.0352,212992,15,15,0.5819,7712,0,0,17.64069938659668,6.017099857330322,1.3602999448776245,1.707200050354004,0.2224999964237213,0.15330000221729279,0,0,0,0,0,0,0,0,0,0,0,0,0
84,30.131000518798828,5.198699951171875,12.719099998474121,2.0776000022888184,2.759500026702881,2.3499999046325684,6.228400230407715,0.4237000048160553,5000,5009,10000,5006,10000,10000,5000,0.3368000090122223,1.6174999475479126,1.6726000308990479,5000,0.5736999999999572,0.5631,1,0.10849999999999999,0.0345,212992,15,15,0.7227,9440,0,0,18.05739974975586,6.452099800109863,1.4371000528335571,1.662600040435791,0.18850000202655792,0.17409999668598175,0.0111,0,0.0865,1.1323,2.0531,0.6763,0.1964,1,92798,2965,4996,320,5000
85,25.38450050354004,3.2723000049591064,10.38659954071045,2.0473999977111816,0.729200005531311,0.957099974155426,5.812900066375732,0.44519999623298645,5000,5009,10000,5006,10000,10000,5000,0.3702999949455261,1.7913000583648682,2.3819000720977783,5000,0.6816999999999519,0.5435,1,0.1414,0.0398,212992,15,15,0.7036,11856,0,0,13.788800239562988,5.873600006103516,1.4146000146865845,1.4709999561309814,0.029600000008940697,0.16779999434947968,0,0,0,0,0,0,0,0,0,0,0,0,0
86,30.14430046081543,1.8966000080108643,14.405599594116211,2.2929000854492188,3.063800096511841,2.967900037765503,5.982500076293945,0.6531999707221985,5000,5009,10000,5006,10000,10000,5000,0.3797000050544739,1.6449999809265137,1.6689000129699707,5000,0.5708999999999579,0.5828,1,0.10819999999999999,0.031400000000000004,212992,15,15,0.9307,244352,0,0,16.44059944152832,6.3780999183654785,1.5472999811172485,2.9774999618530273,0.3644999861717224,0.1736000031232834,0,0,0,0,0,0,0,0,0,0,0,0,0
87,37.21580123901367,11.119999885559082,13.569199562072754,2.121799945831299,3.290299892425537,2.621999979019165,5.7631001472473145,0.4287000000476837,5000,5009,10000,5006,10000,10000,5000,0.37599998712539673,1.5708999633789062,1.7186000347137451,5000,0.7555999999999491,0.5917,1,0.1139,0.0375,212992,15,15,0.8345,9336,0,0,24.83209991455078,5.966599941253662,1.5054999589920044,1.9299999475479126,0.17350000143051147,0.18410000205039978,0.0114,5.886899948120117,0.0871,1.1933,2.1304,0.6921,0.2155,1,94952,3137,4996,295,5000
88,31.113300323486328,2.9316000938415527,14.100000381469727,2.628499984741211,2.976799964904785,2.7567999362945557,5.710899829864502,0.5066999793052673,5000,5009,10000,5006,10000,10000,5000,0.3797000050544739,1.501099944114685,1.767699956893921,5000,0.5752999999999567,0.7281,1,0.09539999999999998,0.033,212992,15,15,0.6344,257160,0,0,17.16670036315918,6.078000068664551,1.6024999618530273,3.7992000579833984,0.33869999647140503,0.19449999928474426,0,0,0,0,0,0,0,0,0,0,0,0,0
89,28.99519920349121,0.0027000000700354576,13.191300392150879,2.0820000171661377,2.9756999015808105,2.1052000522613525,7.336599826812744,0.6399000287055969,5000,5009,10000,5006,10000,10000,5000,0.3878999948501587,1.6187000274658203,1.8940999507904053,5000,0.6400999999999556,0.5128,1,0.09770000000000001,0.034999999999999996,212992,15,15,0.5753,7712,0,0,13.337699890136719,7.661200046539307,1.3724000453948975,4.049499988555908,0.29100000858306885,0.19210000336170197,0,0,0,0,0,0,0,0,0,0,0,0,0
90,48.56919860839844,13.988800048828125,22.687400817871094,2.2037999629974365,2.932800054550171,11.811400413513184,5.859600067138672,0.426800012588501,5000,5009,10000,5006,10000,10000,5000,0.32499998807907104,1.5357999801635742,1.9812999963760376,5000,0.5622999999999581,0.5215,1,0.0932,0.039599999999999996,212992,15,15,0.5513,9336,0,0,36.82339859008789,6.110300064086914,1.3756999969482422,1.9266999959945679,0.2184000015258789,0.16590000689029694,0,0,0,0,0,0,0,0,0,0,0,0,0
91,28.30030059814453,3.3487000465393066,9.986000061035156,2.168800115585327,0.746399998664856,1.399999976158142,6.297900199890137,0.4339999854564667,5000,5009,10000,5006,10000,10000,5000,0.3370000123977661,1.4910000562667847,1.7936999797821045,5000,0.7596999999999439,0.6812,1,0.12810000000000002,0.0429,212992,15,15,0.7584,271304,0,0,13.463700294494629,6.565999984741211,1.7318999767303467,3.453700065612793,0.23720000684261322,0.22630000114440918,0,0,0,0,0,0,0,0,0,0,0,0,0
92,23.688400268554688,0.0015999999595806003,12.185199737548828,2.828700065612793,1.1503000259399414,0.9437999725341797,5.627600193023682,0.43070000410079956,5000,5009,10000,5006,10000,10000,5000,0.3659999966621399,1.579800009727478,2.9479000568389893,5000,0.5856999999999575,0.5564,1,0.09560000000000002,0.0434,212992,15,15,0.5946,7712,0,0,12.357000350952148,5.676799774169922,1.4132000207901,1.8387999534606934,0.021700000390410423,0.18930000066757202,0,0,0,0,0,0,0,0,0,0,0,0,0
93,35.99589920043945,3.3982999324798584,13.173600196838379,2.150700092315674,3.0404999256134033,2.338599920272827,6.5625,0.4147000014781952,5000,5009,10000,5006,10000,10000,5000,0.37439998984336853,1.5333000421524048,1.8056999444961548,5000,0.5795999999999569,0.6401,1,0.09459999999999999,0.0388,212992,15,15,0.5974,8048,0,0,16.691699981689453,6.8007001876831055,1.50600004196167,8.49470043182373,0.20000000298023224,0.24420000612735748,0.0106,0,0.0894,1.0258,1.2869,0.0004,0.2002,1,97240,0,0,0,5000
94,29.216899871826172,3.143899917602539,13.046099662780762,2.364799976348877,2.704400062561035,2.4749999046325684,5.686299800872803,0.4578999876976013,5000,5009,10000,5006,10000,10000,5000,0.3950999975204468,1.5543999671936035,1.5988999605178833,5000,0.5772999999999565,0.5334,1,0.09650000000000002,0.0377,212992,15,15,0.8033,204744,0,0,16.385400772094727,6.047999858856201,1.388200044631958,2.811000108718872,0.3294000029563904,0.14669999480247498,0,0,0,0,0,0,0,0,0,0,0,0,0
95,24.57900047302246,0.0008999999845400453,12.838299751281738,2.0153000354766846,2.8296000957489014,2.1637001037597656,5.805200099945068,0.4185999929904938,5000,5009,10000,5006,10000,10000,5000,0.36899998784065247,1.531499981880188,2.0044000148773193,5000,0.5792999999999573,0.539,1,0.09549999999999999,0.0344,212992,15,15,0.609,7712,0,0,12.981499671936035,6.10099983215332,1.4021999835968018,1.682800054550171,0.2644999921321869,0.1704999953508377,0,0,0,0,0,0,0,0,0,0,0,0,0
96,45.627201080322266,16.273000717163086,14.498100280761719,1.9937000274658203,2.7316999435424805,3.118799924850464,8.835100173950195,0.4196000099182129,5000,5009,10000,5006,10000,10000,5000,0.32659998536109924,2.4621999263763428,1.9997999668121338,5000,0.6168999999999574,0.5439,1,0.09770000000000001,0.0361,212992,15,15,0.6107,9336,0,0,30.885400772094727,9.105500221252441,1.4091999530792236,1.7026000022888184,0.23430000245571136,0.18000000715255737,0.0115,9.7475004196167,0.1383,1.8524,3.1502,0.9398,0.2774,1,100160,3429,4997,401,5000
97,28.99920082092285,3.213099956512451,12.95680046081543,2.1493000984191895,2.8329999446868896,2.2558999061584473,6.0320000648498535,0.4147999882698059,5000,5009,10000,5006,10000,10000,5000,0.3167000114917755,1.7325999736785889,1.7941999435424805,5000,0.5786999999999574,0.5155,1,0.0992,0.0372,212992,15,15,0.5924,267552,0,0,16.291500091552734,6.411799907684326,1.3641999959945679,2.5941998958587646,0.3467999994754791,0.14419999718666077,0,0,0,0,0,0,0,0,0,0,0,0,0
98,35.26409912109375,0.0008999999845400453,14.337599754333496,2.1126999855041504,3.835900068283081,2.2116000652313232,5.884799957275391,0.42989999055862427,5000,5009,10000,5006,10000,10000,5000,0.37130001187324524,1.6348999738693237,2.166300058364868,5000,0.5804999999999563,0.5248,1,0.0953,0.0441,212992,15,15,0.5596,7712,0,0,14.45110034942627,6.1417999267578125,1.3839000463485718,1.6735999584197998,0.22450000047683716,9.443699836730957,0,0,0,0,0,0,0,0,0,0,0,0,0
99,42.28419876098633,16.23859977722168,13.873299598693848,2.0706000328063965,3.036099910736084,2.608599901199341,6.35230016708374,0.42289999127388,5000,5009,10000,5006,10000,10000,5000,0.4081999957561493,1.5032000541687012,2.3856000900268555,5000,0.5761999999999573,0.528,1,0.09770000000000001,0.0398,212992,15,15,0.5897,9336,0,0,30.262699127197266,6.575099945068359,1.3902000188827515,1.642199993133545,0.18649999797344208,0.1858000010251999,0.0145,10.313899993896484,0.0903,1.4776,2.4027,0.6734,0.2386,1,102216,3540,4997,416,5000
100,29.895299911499023,2.9737000465393066,14.187299728393555,2.2095999717712402,3.572700023651123,2.496000051498413,5.734000205993652,0.45239999890327454,5000,5009,10000,5006,10000,10000,5000,0.4140999913215637,1.5786000490188599,1.9192999601364136,5000,0.5754999999999576,0.5656,1,0.1078,0.044899999999999995,212992,15,15,0.6607,290272,0,0,17.282800674438477,6.141200065612793,1.4292999505996704,2.5859999656677246,0.3743000030517578,0.17630000412464142,0,0,0,0,0,0,0,0,0,0,0,0,0
101,25.72570037841797,0.0008999999845400453,13.56719970703125,2.122999906539917,2.908900022506714,2.5501999855041504,6.053299903869629,0.43220001459121704,5000,5009,10000,5006,10000,10000,5000,0.3693000078201294,1.6960999965667725,2.083899974822998,5000,0.5758999999999568,0.7035,1,0.09609999999999999,0.039,212992,15,15,0.5801,7712,0,0,13.68280029296875,6.305099964141846,1.670699954032898,1.7218999862670898,0.21889999508857727,0.16429999470710754,0,0,0,0,0,0,0,0,0,0,0,0,0
102,27.375900268554688,3.0969998836517334,12.672699928283691,1.9860999584197998,2.8359999656677246,2.1828999519348145,5.714000225067139,0.4196000099182129,5000,5009,10000,5006,10000,10000,5000,0.38119998574256897,1.4797999858856201,1.9711999893188477,5000,0.5874999999999557,0.5384,1,0.112,0.0485,212992,15,15,0.6344,8992,0,0,15.884400367736816,5.9766998291015625,1.3966000080108643,1.6685999631881714,0.2329999953508377,0.16689999401569366,0,0,0,0,0,0,0,0,0,0,0,0,0
103,28.206600189208984,2.701200008392334,12.424799919128418,3.7388999462127686,1.125499963760376,1.2750999927520752,5.749800205230713,0.670199990272522,5000,5009,10000,5006,10000,10000,5000,0.358599990606308,1.537500023841858,1.815999984741211,5000,0.5678999999999579,0.9215,1,0.09469999999999999,0.032100000000000004,212992,15,15,0.6854,216592,0,0,15.237600326538086,5.934100151062012,1.7742999792099,2.785799980163574,0.15410000085830688,0.19769999384880066,0,0,0,0,0,0,0,0,0,0,0,0,0
104,50.3588981628418,0.0008999999845400453,10.605899810791016,2.2076001167297363,1.417099952697754,0.9218000173568726,5.851099967956543,0.6065000295639038,5000,5009,10000,5006,10000,10000,5000,0.36660000681877136,1.5499000549316406,2.0848000049591064,5000,0.5980999999999564,0.5573,1,0.10619999999999999,0.0337,212992,15,15,0.8101,7712,0,0,10.73390007019043,5.903900146484375,1.4386999607086182,1.4986000061035156,0.019700000062584877,28.326499938964844,0,0,0,0,0,0,0,0,0,0,0,0,0
105,32.67359924316406,3.122299909591675,14.051600456237793,1.9975999593734741,2.59660005569458,3.133699893951416,8.79069995880127,0.41609999537467957,5000,5009,10000,5006,10000,10000,5000,0.36329999566078186,2.5499000549316406,1.662500023841858,5000,0.7183999999999473,0.6267,1,0.126,0.0436,212992,15,15,0.7528,8048,0,0,17.29680061340332,9.076700210571289,1.548699975013733,1.7789000272750854,0.24289999902248383,0.17389999330043793,0.0107,0,0.0897,1.2424,1.483,0.0006,0.2119,1,104620,0,0,0,5000
106,37.14469909667969,5.260900020599365,18.917600631713867,4.280700206756592,4.259399890899658,2.493499994277954,5.824999809265137,0.6308000087738037,5000,5009,10000,5006,10000,10000,5000,0.43059998750686646,1.6153000593185425,2.8931000232696533,5000,0.5785999999999571,0.5844,1,0.09590000000000001,0.032299999999999995,212992,15,15,0.6553,333096,0,0,24.295900344848633,6.220600128173828,1.468400001525879,2.698499917984009,0.3625999987125397,0.181099995970726,0,0,0,0,0,0,0,0,0,0,0,0,0
107,24.704500198364258,0.0010000000474974513,12.883000373840332,2.0181000232696533,2.7339999675750732,2.3961000442504883,5.731299877166748,0.40299999713897705,5000,5009,10000,5006,10000,10000,5000,0.4032000005245209,1.4974000453948975,1.967900037765503,5000,0.5791999999999564,0.5905,1,0.0977,0.0964,212992,15,15,0.6415,7712,0,0,12.996600151062012,5.979000091552734,1.4492000341415405,1.8042000532150269,0.21580000221729279,0.16769999265670776,0,0,0,0,0,0,0,0,0,0,0,0,0
108,40.65869903564453,5.263000011444092,12.366499900817871,2.121299982070923,2.7857000827789307,2.136199951171875,5.61929988861084,0.4616999924182892,5000,5009,10000,5006,10000,10000,5000,0.36090001463890076,1.419100046157837,1.7280999422073364,5000,0.5732999999999575,0.5363,1,0.0956,0.0344,212992,15,15,0.5943,8888,0,0,17.737300872802734,5.8171000480651855,1.3853000402450562,1.6304999589920044,0.16619999706745148,11.89680004119873,0.0109,0,0.0974,1.6063,2.55,0.7012,0.2083,1,107016,3901,4997,484,5000
109,28.87350082397461,3.225399971008301,12.515899658203125,2.093100070953369,2.624000072479248,2.1394999027252197,5.966700077056885,0.38690000772476196,5000,5009,10000,5006,10000,10000,5000,0.37929999828338623,1.4127000570297241,2.0815999507904053,5000,0.5796999999999566,0.6729,1,0.09390000000000001,0.0346,212992,15,15,0.5871,271024,0,0,15.859100341796875,6.433800220489502,1.5247000455856323,2.6710000038146973,0.43209999799728394,0.18160000443458557,0,0,0,0,0,0,0,0,0,0,0,0,0
110,25.800399780273438,0.0010000000474974513,12.563899993896484,2.066699981689453,2.775399923324585,1.967900037765503,5.700300216674805,0.39500001072883606,5000,5009,10000,5006,10000,10000,5000,0.3637999892234802,1.4215999841690063,1.9831000566482544,5000,0.5954999999999556,0.9328,1,0.0966,0.0498,212992,15,15,0.8379,7712,0,0,12.702400207519531,5.980500221252441,2.1005001068115234,2.2795000076293945,0.2581999897956848,0.17720000445842743,0,0,0,0,0,0,0,0,0,0,0,0,0
111,35.825401306152344,11.90060043334961,12.262800216674805,1.9731999635696411,2.6714999675750732,2.3592000007629395,5.661399841308594,0.38909998536109924,5000,5009,10000,5006,10000,10000,5000,0.3747999966144562,1.4263999462127686,1.750100016593933,5000,0.6440999999999556,0.5354,1,0.09530000000000001,0.038400000000000004,212992,15,15,0.6255,8888,0,0,24.291500091552734,5.895500183105469,1.3774000406265259,1.6711000204086304,0.20800000429153442,0.17090000212192535,0.0113,6.606400012969971,0.0916,1.2551,2.2286,0.7381,0.244,1,109824,4077,4998,484,5000
112,30.234399795532227,3.4930999279022217,12.959799766540527,2.157399892807007,2.775700092315674,2.3466999530792236,5.986800193786621,0.3971000015735626,5000,5009,10000,5006,10000,10000,5000,0.3303999900817871,1.4235999584197998,1.9754999876022339,5000,0.8437999999999367,0.5611,1,0.09040000000000001,0.0346,212992,15,15,0.642,315912,0,0,16.56290054321289,6.362100124359131,1.4423999786376953,2.8152999877929688,0.3587999939918518,0.17020000517368317,0,0,0,0,0,0,0,0,0,0,0,0,0
113,37.49079895019531,0.0010000000474974513,24.767200469970703,2.99399995803833,14.090499877929688,2.0940001010894775,5.661099910736084,0.3917999863624573,5000,5009,10000,5006,10000,10000,5000,0.31290000677108765,1.4358999729156494,2.0183000564575195,5000,0.8342999999999384,0.837,1,0.10549999999999998,0.038,212992,15,15,0.817,7752,0,0,24.892200469970703,6.005799770355225,1.7516000270843506,1.652400016784668,0.3255000114440918,0.1298000067472458,0,0,0,0,0,0,0,0,0,0,0,0,0
114,43.90810012817383,2.6953999996185303,12.360699653625488,1.955899953842163,2.680000066757202,2.3385000228881836,5.911200046539307,0.5252000093460083,5000,5009,10000,5006,10000,10000,5000,0.367000013589859,1.523300051689148,1.642899990081787,5000,0.8396999999999372,0.575,1,0.0889,0.0336,212992,15,15,0.6051,8528,0,0,15.17080020904541,6.240300178527832,1.4333000183105469,2.0239999294281006,0.3116999864578247,16.571699142456055,0,0,0,0,0,0,0,0,0,0,0,0,0
115,28.563499450683594,3.1328999996185303,10.97719955444336,2.1837000846862793,1.4033000469207764,1.3336999416351318,7.229499816894531,0.40139999985694885,5000,5009,10000,5006,10000,10000,5000,0.35019999742507935,1.4148000478744507,2.2518999576568604,5000,0.8505999999999363,0.6456,1,0.09169999999999999,0.038400000000000004,212992,15,15,0.5951,272168,0,0,14.255200386047363,7.451399803161621,1.502500057220459,2.638000011444092,0.20270000398159027,0.1665000021457672,0,0,0,0,0,0,0,0,0,0,0,0,0
116,21.340599060058594,0.0010999999940395355,9.17590045928955,1.9556000232696533,0.6114000082015991,0.9143999814987183,5.908100128173828,0.4059000015258789,5000,5009,10000,5006,10000,10000,5000,0.4185999929904938,1.4881000518798828,1.9830000400543213,5000,0.8156999999999387,0.7287,1,0.09009999999999999,0.037,212992,15,15,0.6981,7712,0,0,9.288000106811523,5.94290018081665,1.6233999729156494,1.7519999742507935,0.00989999994635582,0.1696999967098236,0,0,0,0,0,0,0,0,0,0,0,0,0
117,34.815101623535156,3.4017999172210693,12.550399780273438,2.0069000720977783,2.773099899291992,2.557300090789795,5.651700019836426,0.3968999981880188,5000,5009,10000,5006,10000,10000,5000,0.3605000078678131,1.4537999629974365,1.6543999910354614,5000,0.828299999999937,0.5197,1,0.0883,0.0358,212992,15,15,0.5767,8048,0,0,16.0856990814209,10.13759994506836,1.3258999586105347,1.6243000030517578,4.468400001525879,3.2279000282287598,0.0109,0,0.0903,1.3471,1.5961,0.0007,0.2052,1,112416,0,0,0,5000
118,31.345300674438477,3.857300043106079,13.87279987335205,2.258699893951416,3.7334001064300537,2.372299909591675,5.863900184631348,0.3901999890804291,5000,5009,10000,5006,10000,10000,5000,0.3456999957561493,1.404099941253662,1.75600004196167,5000,0.8493999999999373,0.5689,1,0.0895,0.0345,212992,15,15,0.5783,384576,0,0,17.841699600219727,6.259099960327148,1.4033000469207764,3.1393001079559326,0.37770000100135803,0.210999995470047,0,0,0,0,0,0,0,0,0,0,0,0,0
119,34.846099853515625,0.0008999999845400453,14.411800384521484,1.9926999807357788,2.9530999660491943,2.702500104904175,8.327400207519531,0.4056999981403351,5000,5009,10000,5006,10000,10000,5000,0.34790000319480896,2.322700023651123,2.1596999168395996,5000,1.0113999999999255,0.8147,1,0.1166,0.047,212992,15,15,0.7829,7712,0,0,14.550000190734863,8.59589958190918,1.829300045967102,1.9651000499725342,0.24699999392032623,4.751500129699707,0,0,0,0,0,0,0,0,0,0,0,0,0
120,35.70600128173828,10.093500137329102,13.099599838256836,1.9776999950408936,2.7012999057769775,2.5671000480651855,6.326399803161621,0.5,5000,5009,10000,5006,10000,10000,5000,0.3652999997138977,1.7080999612808228,1.8919999599456787,5000,0.8343999999999372,0.5718,1,0.0884,0.0332,212992,15,15,0.6451,9848,0,0,23.304000854492188,6.548299789428711,1.3990999460220337,1.7410999536514282,0.2013999968767166,0.18070000410079956,0.0116,0,1.2002,1.3543,5.7518,2.961,0.2251,1,114626,4464,4998,625,5000
121,29.500699996948242,3.7105000019073486,12.876199722290039,2.1217000484466553,2.676300048828125,2.2774999141693115,5.803999900817871,0.38839998841285706,5000,5009,10000,5006,10000,10000,5000,0.3553999960422516,1.3961000442504883,2.21370005607605,5000,0.8203999999999385,0.5775,1,0.0892,0.033,212992,15,15,0.5981,276432,0,0,16.703500747680664,6.165299892425537,1.4148999452590942,2.5826001167297363,0.34279999136924744,0.17829999327659607,0,0,0,0,0,0,0,0,0,0,0,0,0
122,24.12030029296875,0.0010000000474974513,12.15060043334961,2.042099952697754,2.704400062561035,1.937399983406067,5.532800197601318,0.3910999894142151,5000,5009,10000,5006,10000,10000,5000,0.2827000021934509,1.4407000541687012,1.9946999549865723,5000,0.8457999999999366,0.5408,1,0.11019999999999999,0.0405,212992,15,15,0.7277,7712,0,0,12.259699821472168,5.756999969482422,1.5087000131607056,1.7878999710083008,0.20819999277591705,0.1673000007867813,0,0,0,0,0,0,0,0,0,0,0,0,0
123,44.52280044555664,19.16029930114746,12.831600189208984,1.9443000555038452,2.6868999004364014,2.1619999408721924,5.48859977722168,0.38690000772476196,5000,5009,10000,5006,10000,10000,5000,0.2655999958515167,1.3918999433517456,2.4421000480651855,5000,0.8210999999999384,0.8287,1,0.092,0.0376,212992,15,15,0.5934,9008,0,0,32.09400177001953,5.666299819946289,1.6615999937057495,2.1164000034332275,0.16110000014305115,0.53329998254776,0.0109,7.769199848175049,0.0923,1.371,2.4526,0.8189,0.2308,1,117474,4664,4998,530,5000
124,41.98830032348633,12.498800277709961,14.927399635314941,2.429500102996826,3.7987000942230225,2.6373000144958496,5.952099800109863,0.43689998984336853,5000,5009,10000,5006,10000,10000,5000,0.35679998993873596,1.607100009918213,2.098299980163574,5000,0.8466999999999381,0.5193,1,0.0973,0.04239999999999999,212992,15,15,0.7172,379704,0,0,27.542200088500977,6.379799842834473,1.4069000482559204,3.753999948501587,0.4032000005245209,0.1851000040769577,0,0,0,0,0,0,0,0,0,0,0,0,0
125,32.27579879760742,0.0010000000474974513,17.77090072631836,3.2799999713897705,4.413400173187256,2.8506999015808105,8.018400192260742,0.5896000266075134,5000,5009,10000,5006,10000,10000,5000,0.35690000653266907,2.286099910736084,2.1654999256134033,5000,0.9187999999999344,0.5908,1,0.09380000000000001,0.048,212992,15,15,0.6247,7712,0,0,17.881999969482422,8.255599975585938,1.4735000133514404,1.7999000549316406,0.21780000627040863,0.18970000743865967,0,0,0,0,0,0,0,0,0,0,0,0,0
126,49.191200256347656,23.856300354003906,12.699000358581543,1.9957000017166138,2.921799898147583,2.034899950027466,5.544300079345703,0.38100001215934753,5000,5009,10000,5006,10000,10000,5000,0.36890000104904175,1.4378999471664429,2.174099922180176,5000,0.8232999999999374,0.9531,1,0.1172,0.0413,212992,15,15,0.7457,9248,0,0,36.667701721191406,5.77869987487793,1.9745999574661255,1.9204000234603882,0.20669999718666077,0.18520000576972961,0,0,0,0,0,0,0,0,0,0,0,0,0
127,60.38589859008789,9.596799850463867,11.75570011138916,3.361999988555908,0.9545999765396118,1.4049999713897705,7.75,0.5691999793052673,5000,5009,10000,5006,10000,10000,5000,0.364300012588501,1.389299988746643,1.9355000257492065,5000,0.8217999999999391,0.5289,1,0.0876,0.0335,212992,15,15,0.5507,276520,0,0,21.474599838256836,7.984000205993652,1.3645000457763672,26.97610092163086,0.21739999949932098,0.19290000200271606,0,0,0,0,0,0,0,0,0,0,0,0,0
128,20.89620018005371,0.0008999999845400453,9.873900413513184,2.5808000564575195,0.5889000296592712,0.9045000076293945,5.522299766540527,0.3944999873638153,5000,5009,10000,5006,10000,10000,5000,0.36390000581741333,1.5332000255584717,2.0552000999450684,5000,0.8270999999999389,0.5801,1,0.0891,0.0314,212992,15,15,0.5441,7712,0,0,9.986499786376953,5.549799919128418,1.3966000080108643,1.4283000230789185,0.009499999694526196,0.15860000252723694,0,0,0,0,0,0,0,0,0,0,0,0,0
129,28.401399612426758,3.643899917602539,12.61769962310791,2.096100091934204,2.65120005607605,2.178100109100342,5.703800201416016,0.40220001339912415,5000,5009,10000,5006,10000,10000,5000,0.3154999911785126,1.4156999588012695,1.976699948310852,5000,0.8570999999999354,0.5336,1,0.11399999999999999,0.0469,212992,15,15,0.7837,8048,0,0,16.38319969177246,5.907100200653076,1.371000051498413,1.566499948501587,0.1859000027179718,0.42879998683929443,0.0062,0,0.1069,1.4098,1.7665,0.0007,0.2212,1,120234,0,0,0,5000
130,33.84560012817383,4.351200103759766,15.637499809265137,2.173099994659424,3.8903000354766846,2.222599983215332,6.232100009918213,0.39500001072883606,5000,5009,10000,5006,10000,10000,5000,0.3488999903202057,1.4951000213623047,3.126199960708618,5000,0.8270999999999389,0.5209,1,0.0897,0.0376,212992,15,15,0.5806,266272,0,0,20.11199951171875,6.61329984664917,1.343999981880188,2.839600086212158,0.36340001225471497,0.5037999749183655,0,0,0,0,0,0,0,0,0,0,0,0,0
131,25.94179916381836,0.0007999999797903001,12.77280044555664,2.1633999347686768,2.8320999145507812,1.9815000295639038,6.558499813079834,0.39820000529289246,5000,5009,10000,5006,10000,10000,5000,0.320499986410141,1.604200005531311,2.079699993133545,5000,0.8227999999999385,0.8608,1,0.09940000000000002,0.0389,212992,15,15,0.8278,7712,0,0,12.901900291442871,6.7881999015808105,1.7344000339508057,1.628499984741211,0.20970000326633453,0.16859999299049377,0,0,0,0,0,0,0,0,0,0,0,0,0
132,30.336000442504883,5.592800140380859,13.203100204467773,2.0039000511169434,2.80679988861084,2.5285000801086426,5.577300071716309,0.43479999899864197,5000,5009,10000,5006,10000,10000,5000,0.35519999265670776,1.6634000539779663,1.898300051689148,5000,0.8342999999999369,0.545,1,0.08850000000000002,0.0384,212992,15,15,0.564,9608,0,0,18.92169952392578,5.763500213623047,1.3794000148773193,1.6653000116348267,0.1687999963760376,0.18400000035762787,0.0153,0,0.0933,1.4802,2.6279,0.8788,0.2199,1,122656,5080,4998,709,5000
133,29.89620018005371,4.171299934387207,12.536100387573242,2.1105000972747803,2.7293999195098877,2.1505000591278076,5.801000118255615,0.38989999890327454,5000,5009,10000,5006,10000,10000,5000,0.37720000743865967,1.4048999547958374,1.9390000104904175,5000,0.8157999999999387,0.5313,1,0.10229999999999999,0.0397,212992,15,15,0.6894,278000,0,0,16.85070037841797,6.189799785614014,1.3630000352859497,2.77239990234375,0.3695000112056732,0.1624000072479248,0,0,0,0,0,0,0,0,0,0,0,0,0
134,29.592500686645508,0.0012000000569969416,13.95580005645752,2.0332999229431152,3.5745999813079834,2.393199920654297,7.91949987411499,0.3986000120639801,5000,5009,10000,5006,10000,10000,5000,0.32499998807907104,1.4250999689102173,2.2987000942230225,5000,1.0254999999999224,0.7761,1,0.12040000000000001,0.0401,212992,15,15,0.7957,7712,0,0,14.07409954071045,8.192500114440918,1.8466999530792236,2.1231000423431396,0.2529999911785126,0.18479999899864197,0,0,0,0,0,0,0,0,0,0,0,0,0
135,39.012699127197266,15.385100364685059,12.203800201416016,2.0013999938964844,2.7822000980377197,2.1577000617980957,5.515600204467773,0.4020000100135803,5000,5009,10000,5006,10000,10000,5000,0.3449000120162964,1.4515999555587769,1.7211999893188477,5000,0.823699999999938,0.5722,1,0.08869999999999999,0.0374,212992,15,15,0.5983,9488,0,0,27.721399307250977,5.711100101470947,1.4223999977111816,1.514799952507019,0.17829999327659607,0.16920000314712524,0.0112,9.382200241088867,0.0911,1.3096,2.5593,0.848,0.4222,1,125194,5127,4998,603,4999
136,29.951799392700195,3.2541000843048096,13.017200469970703,2.327899932861328,2.8015999794006348,2.296799898147583,6.517899990081787,0.39879998564720154,5000,5009,10000,5006,10000,10000,5000,0.3375999927520752,1.4050999879837036,1.9234000444412231,5000,0.8230999999999381,0.5222,1,0.0886,0.035,212992,15,15,0.6885,291584,0,0,16.375499725341797,6.906499862670898,1.3321000337600708,2.636399984359741,0.3702000081539154,0.17149999737739563,0,0,0,0,0,0,0,0,0,0,0,0,0
137,24.735300064086914,0.0010000000474974513,12.814200401306152,2.071700096130371,2.9690001010894775,2.0852999687194824,5.58650016784668,0.3874000012874603,5000,5009,10000,5006,10000,10000,5000,0.34299999475479126,1.4120999574661255,2.1849000453948975,5000,0.8263999999999385,0.862,1,0.08789999999999998,0.037200000000000004,212992,15,15,0.6175,7712,0,0,12.916099548339844,5.820400238037109,1.7223999500274658,1.6642999649047852,0.21819999814033508,0.14980000257492065,0,0,0,0,0,0,0,0,0,0,0,0,0
138,26.90239906311035,2.594399929046631,12.287099838256836,1.9621000289916992,2.729300022125244,2.095599889755249,6.060699939727783,0.3862999975681305,5000,5009,10000,5006,10000,10000,5000,0.32510000467300415,1.5750000476837158,1.8854999542236328,5000,0.8283999999999385,0.5441,1,0.088,0.0327,212992,15,15,0.6096,9128,0,0,14.985400199890137,6.318999767303467,1.3769999742507935,1.5976999998092651,0.23880000412464142,0.16179999709129333,0,0,0,0,0,0,0,0,0,0,0,0,0
139,26.965299606323242,3.0357000827789307,11.064499855041504,2.0843000411987305,0.5810999870300293,1.2379000186920166,5.618500232696533,0.5996999740600586,5000,5009,10000,5006,10000,10000,5000,1.5437999963760376,1.44159996509552,2.098599910736084,5000,0.8297999999999387,0.6521,1,0.0898,0.0349,212992,15,15,0.6149,279568,0,0,14.212400436401367,5.831600189208984,1.4873000383377075,2.7734999656677246,0.19589999318122864,0.1876000016927719,0,0,0,0,0,0,0,0,0,0,0,0,0
140,23.40690040588379,0.0010000000474974513,12.19219970703125,2.0262999534606934,0.6883000135421753,0.8718000054359436,5.646500110626221,0.4092999994754791,5000,5009,10000,5006,10000,10000,5000,0.390500009059906,1.4133000373840332,2.18149995803833,5000,0.8235999999999387,0.6337,1,0.0873,0.033,212992,15,15,0.5601,7712,0,0,12.304400444030762,5.672500133514404,1.4595999717712402,1.3996000289916992,0.009100000374019146,0.17669999599456787,0,0,0,0,0,0,0,0,0,0,0,0,0
141,34.250701904296875,9.335700035095215,13.342000007629395,1.96589994430542,2.8297998905181885,2.3017001152038574,5.537600040435791,0.38679999113082886,5000,5009,10000,5006,10000,10000,5000,1.2444000244140625,1.4169000387191772,1.8595000505447388,5000,0.8469999999999362,0.5503,1,0.0875,0.0386,212992,15,15,0.5821,8048,0,0,22.78420066833496,5.750100135803223,1.4004000425338745,1.597000002861023,0.19660000503063202,0.25429999828338623,0.0088,0,0.085,1.4623,3.5071,0.0007,4.3156,1,127854,0,0,0,5000
142,29.797100067138672,3.5499000549316406,12.920599937438965,2.143699884414673,2.8915998935699463,2.1875998973846436,6.100500106811523,0.4002000093460083,5000,5009,10000,5006,10000,10000,5000,0.3776000142097473,1.4210000038146973,2.0241000652313232,5000,0.8155999999999365,0.5234,1,0.09079999999999999,0.0353,212992,15,15,0.5824,338408,0,0,16.583099365234375,6.4994001388549805,1.3516000509262085,2.632499933242798,0.38109999895095825,0.18449999392032623,0,0,0,0,0,0,0,0,0,0,0,0,0
143,24.891300201416016,0.0010000000474974513,13.190400123596191,2.0132999420166016,2.895900011062622,2.0520999431610107,5.707699775695801,0.5005999803543091,5000,5009,10000,5006,10000,10000,5000,0.353300005197525,1.5403000116348267,2.3615000247955322,5000,0.8165999999999388,0.5356,1,0.08979999999999999,0.0345,212992,15,15,0.6049,7712,0,0,13.299200057983398,5.952600002288818,1.36899995803833,1.6969000101089478,0.22679999470710754,0.1370999962091446,0,0,0,0,0,0,0,0,0,0,0,0,0
144,28.947999954223633,5.036099910736084,12.232799530029297,2.0322000980377197,2.7267000675201416,2.264899969100952,5.566500186920166,0.4025999903678894,5000,5009,10000,5006,10000,10000,5000,0.3849000036716461,1.5130000114440918,1.5928000211715698,5000,0.8184999999999386,0.5268,1,0.0887,0.0365,212992,15,15,0.7117,9248,0,0,17.37350082397461,5.768700122833252,1.3897000551223755,1.6753000020980835,0.1851000040769577,0.17170000076293945,0.0086,0,0.0802,1.2605,2.4209,0.92,0.201,1,130586,5528,4998,845,5000
145,36.51300048828125,4.565899848937988,17.043500900268555,2.3001999855041504,3.9788999557495117,2.7000999450683594,6.96019983291626,0.48069998621940613,5000,5009,10000,5006,10000,10000,5000,0.39739999175071716,2.3884999752044678,2.84060001373291,5000,0.8234999999999383,0.5316,1,0.0908,0.0359,212992,15,15,0.625,350752,0,0,21.7189998626709,7.385000228881836,1.3522000312805176,3.3833000659942627,0.4027000069618225,0.18389999866485596,0,0,0,0,0,0,0,0,0,0,0,0,0
146,25.535400390625,0.0008999999845400453,12.876799583435059,1.982100009918213,2.896899938583374,2.1005001068115234,6.477399826049805,0.3804999887943268,5000,5009,10000,5006,10000,10000,5000,0.3100000023841858,1.632599949836731,2.1477999687194824,5000,0.9137999999999328,0.5055,1,0.0905,0.036,212992,15,15,0.5957,7712,0,0,13.003499984741211,6.705699920654297,1.4401999711990356,1.5568000078201294,0.20980000495910645,0.14300000667572021,0,0,0,0,0,0,0,0,0,0,0,0,0
147,39.91419982910156,12.864899635314941,12.713199615478516,2.1057000160217285,3.080199956893921,2.1610000133514404,5.835700035095215,0.3939000070095062,5000,5009,10000,5006,10000,10000,5000,0.3540000021457672,1.4246000051498413,1.8443000316619873,5000,0.8302999999999384,0.7172,1,0.08859999999999998,0.0352,212992,15,15,0.5817,9128,0,0,25.6875,6.045199871063232,1.6397000551223755,1.7516000270843506,0.19009999930858612,2.3269999027252197,0.0104,7.576000213623047,0.0891,1.4692,2.6026,0.8795,0.2302,1,133018,5689,4998,687,5000
148,34.979000091552734,4.998899936676025,16.284000396728516,2.143399953842163,3.1198999881744385,3.9426000118255615,5.588099956512451,0.38839998841285706,5000,5009,10000,5006,10000,10000,5000,0.38019999861717224,1.5327999591827393,2.9602999687194824,5000,0.8204999999999386,0.8402,1,0.09070000000000002,0.036199999999999996,212992,15,15,0.573,312976,0,0,21.438199996948242,5.9969000816345215,1.6986000537872314,3.191800117492676,0.38920000195503235,0.1826000064611435,0,0,0,0,0,0,0,0,0,0,0,0,0
149,24.881999969482422,0.0008999999845400453,12.661600112915039,1.9737000465393066,2.79229998588562,1.909500002861023,6.349999904632568,0.38830000162124634,5000,5009,10000,5006,10000,10000,5000,0.3066999912261963,1.7301000356674194,2.185800075531006,5000,0.8285999999999382,0.5454,1,0.0996,0.0383,212992,15,15,0.6585,7712,0,0,12.774100303649902,6.523399829864502,1.38919997215271,1.5410000085830688,0.15199999511241913,0.13850000500679016,0,0,0,0,0,0,0,0,0,0,0,0,0
150,26.177799224853516,2.5237998962402344,12.173399925231934,1.971500039100647,2.7125000953674316,1.8890000581741333,5.573500156402588,0.3921999931335449,5000,5009,10000,5006,10000,10000,5000,0.32429999113082886,1.4061000347137451,2.1665000915527344,5000,0.8174999999999387,0.6422,1,0.091,0.0334,212992,15,15,0.5679,9608,0,0,14.808699607849121,5.7469000816345215,1.45169997215271,1.6033999919891357,0.15790000557899475,0.1754000037908554,0,0,0,0,0,0,0,0,0,0,0,0,0
151,26.751699447631836,3.0764999389648438,9.388699531555176,2.1765999794006348,0.5913000106811523,1.1812000274658203,5.709099769592285,0.39640000462532043,5000,5009,10000,5006,10000,10000,5000,0.2786000072956085,1.3832000494003296,1.9133000373840332,5000,1.0278999999999279,0.7384,1,0.1269,0.041999999999999996,212992,15,15,0.8153,284856,0,0,12.57509994506836,5.936399936676025,1.9392999410629272,2.9289000034332275,0.21170000731945038,0.17440000176429749,0,0,0,0,0,0,0,0,0,0,0,0,0
152,36.64979934692383,0.0008999999845400453,9.44540023803711,2.059999942779541,0.7591000199317932,0.8629000186920166,6.0528998374938965,0.39480000734329224,5000,5009,10000,5006,10000,10000,5000,0.3398999869823456,1.493299961090088,2.1210999488830566,5000,0.8193999999999386,0.5193,1,0.08960000000000001,0.0358,212992,15,15,0.6555,7712,0,0,9.553999900817871,6.082499980926514,1.3558000326156616,1.44760000705719,0.01140000019222498,15.687600135803223,0,0,0,0,0,0,0,0,0,0,0,0,0
153,34.01530075073242,3.4416000843048096,15.505000114440918,2.6912999153137207,3.572499990463257,2.514400005340576,7.411200046539307,0.44440001249313354,5000,5009,10000,5006,10000,10000,5000,0.33379998803138733,2.4558000564575195,1.9966000318527222,5000,1.0433999999999273,0.815,1,0.1205,0.043399999999999994,212992,15,15,0.7952,8048,0,0,19.06730079650879,7.599400043487549,1.8381999731063843,2.0020999908447266,0.16689999401569366,0.20360000431537628,0.0088,0,0.0826,1.4412,1.683,0.0008,0.2109,1,135480,0,0,0,5000
154,35.90439987182617,4.4644999504089355,16.567699432373047,2.5095999240875244,3.6814000606536865,3.0862998962402344,7.102499961853027,0.3959999978542328,5000,5009,10000,5006,10000,10000,5000,0.3855000138282776,2.310800075531006,2.460200071334839,5000,0.9994999999999221,0.6784,1,0.0899,0.040400000000000005,212992,15,15,0.678,337848,0,0,21.17060089111328,7.468200206756592,1.6615999937057495,2.7156999111175537,0.34529998898506165,0.15299999713897705,0,0,0,0,0,0,0,0,0,0,0,0,0
155,25.5841007232666,0.0010999999940395355,12.535300254821777,1.971500039100647,2.7232000827789307,2.017699956893921,7.104300022125244,0.396699994802475,5000,5009,10000,5006,10000,10000,5000,0.39070001244544983,1.4230999946594238,2.224299907684326,5000,0.8407999999999368,0.5013,1,0.09079999999999999,0.035500000000000004,212992,15,15,0.6202,7712,0,0,12.650099754333496,7.2916998863220215,1.319100022315979,1.6095999479293823,0.16580000519752502,0.19990000128746033,0,0,0,0,0,0,0,0,0,0,0,0,0
156,38.52349853515625,13.622099876403809,13.255000114440918,2.2149999141693115,3.4584999084472656,2.0954999923706055,5.7291998863220215,0.39730000495910645,5000,5009,10000,5006,10000,10000,5000,0.3815000057220459,1.5162999629974365,1.7242000102996826,5000,0.8307999999999383,0.5749,1,0.09760000000000002,0.0361,212992,15,15,0.5946,9728,0,0,26.989599227905273,5.8805999755859375,1.426200032234192,1.622499942779541,0.1306000053882599,0.17669999599456787,0.0088,8.04069995880127,0.1151,1.513,2.7856,0.9919,0.2463,1,137992,6053,4998,898,5000
157,29.274599075317383,3.208699941635132,12.747599601745605,2.1287999153137207,2.694000005722046,2.1266000270843506,6.290299892425537,0.40529999136924744,5000,5009,10000,5006,10000,10000,5000,0.32330000400543213,1.5913000106811523,1.9847999811172485,5000,0.8224999999999391,0.5973,1,0.0882,0.0319,212992,15,15,0.578,274312,0,0,16.078500747680664,6.606400012969971,1.4200999736785889,2.567699909210205,0.2964000105857849,0.17180000245571136,0,0,0,0,0,0,0,0,0,0,0,0,0
158,25.404300689697266,0.0008999999845400453,12.443699836730957,2.02020001411438,2.964900016784668,1.9194999933242798,6.443699836730957,0.39239999651908875,5000,5009,10000,5006,10000,10000,5000,0.34619998931884766,1.4129999876022339,1.9937000274658203,5000,1.0371999999999266,0.5215,1,0.1127,0.0405,212992,15,15,0.6671,7712,0,0,12.55780029296875,6.643499851226807,1.347000002861023,1.5297000408172607,0.18320000171661377,0.16670000553131104,0,0,0,0,0,0,0,0,0,0,0,0,0
159,38.243900299072266,14.517600059509277,12.37600040435791,2.050800085067749,2.8368000984191895,2.105600118637085,5.536499977111816,0.39070001244544983,5000,5009,10000,5006,10000,10000,5000,0.32280001044273376,1.4205000400543213,1.9049999713897705,5000,0.8345999999999378,0.5308,1,0.09009999999999999,0.0383,212992,15,15,0.5933,10256,0,0,26.996599197387695,5.677499771118164,1.3565000295639038,1.5707000494003296,0.1251000016927719,0.1737000048160553,0.0099,9.168499946594238,0.0891,1.4743,2.6631,0.8903,0.2496,1,140214,6186,4998,788,5000
160,30.838499069213867,3.604599952697754,14.13029956817627,2.361799955368042,3.1257998943328857,2.2795000076293945,5.652699947357178,0.39169999957084656,5000,5009,10000,5006,10000,10000,5000,0.3467999994754791,1.3911999464035034,2.6986000537872314,5000,0.8423999999999378,0.6212,1,0.08979999999999999,0.037000000000000005,212992,15,15,0.6475,333648,0,0,17.860000610351562,5.994200229644775,1.4797999858856201,2.7723000049591064,0.3249000012874603,0.17030000686645508,0,0,0,0,0,0,0,0,0,0,0,0,0
161,24.961999893188477,0.0010000000474974513,13.340499877929688,2.0299999713897705,3.0292000770568848,2.2481000423431396,5.666399955749512,0.397599995136261,5000,5009,10000,5006,10000,10000,5000,0.3747999966144562,1.5009000301361084,2.2309999465942383,5000,0.8336999999999372,0.5224,1,0.0894,0.0307,212992,15,15,0.5718,7712,0,0,13.46049976348877,5.828700065612793,1.3496999740600586,1.7242000102996826,0.1451999992132187,0.17010000348091125,0,0,0,0,0,0,0,0,0,0,0,0,0
162,29.01460075378418,3.181999921798706,13.421699523925781,2.2555999755859375,2.7629001140594482,2.49180006980896,6.334499835968018,0.4747999906539917,5000,5009,10000,5006,10000,10000,5000,0.3874000012874603,1.482100009918213,2.060499906539917,5000,0.8367999999999369,0.5391,1,0.0902,0.0329,212992,15,15,0.5896,10256,0,0,16.710599899291992,6.508200168609619,1.3866000175476074,1.7067999839782715,0.1527000069618225,0.19619999825954437,0,0,0,0,0,0,0,0,0,0,0,0,0
163,31.467100143432617,8.904800415039062,9.594900131225586,2.0796000957489014,0.5934000015258789,1.1268999576568604,5.648099899291992,0.3905999958515167,5000,5009,10000,5006,10000,10000,5000,0.3334999978542328,1.5154999494552612,2.037600040435791,5000,0.8399999999999366,0.6479,1,0.08850000000000001,0.028,212992,15,15,0.5759,339880,1,0,18.635700225830078,5.889200210571289,1.4882999658584595,2.6243999004364014,0.22360000014305115,0.3928000032901764,0,0,0,0,0,0,0,0,0,0,0,0,0
164,20.91309928894043,0.0008999999845400453,9.37969970703125,2.0697999000549316,0.664900004863739,0.9021999835968018,5.500199794769287,0.39989998936653137,5000,5009,10000,5006,10000,10000,5000,0.35339999198913574,1.4235999584197998,2.131200075149536,5000,0.8146999999999393,0.6938,1,0.0886,0.0315,212992,15,15,0.5694,12424,0,0,9.569600105285645,5.525000095367432,1.5880999565124512,1.5236999988555908,0.009200000204145908,0.30239999294281006,0,0,0,0,0,0,0,0,0,0,0,0,0
165,26.992599487304688,3.5213000774383545,12.153499603271484,1.962499976158142,2.6482999324798584,2.4719998836517334,5.543399810791016,0.3813999891281128,5000,5009,10000,5006,10000,10000,5000,0.29840001463890076,1.392799973487854,1.6930999755859375,5000,0.8369999999999385,0.5086,1,0.09309999999999999,0.0363,212992,15,15,0.5731,20640,0,0,15.818300247192383,5.697400093078613,1.319100022315979,1.532099962234497,0.1386999934911728,0.17389999330043793,0.0088,0,0.0821,1.6152,1.8936,0.0005,0.2051,1,142794,0,0,0,5000
166,43.03390121459961,3.1452999114990234,14.79990005493164,2.8210999965667725,2.8134000301361084,2.841200113296509,5.5381999015808105,0.6200000047683716,5000,5009,10000,5006,10000,10000,5000,0.41200000047683716,1.5108000040054321,1.8770999908447266,5000,0.8494999999999387,0.6395,1,0.09129999999999999,0.0352,212992,15,15,0.6212,278400,0,0,18.052900314331055,5.906300067901611,1.4609999656677246,2.7572999000549316,0.3521000146865845,12.315899848937988,0,0,0,0,0,0,0,0,0,0,0,0,0
167,24.792400360107422,0.0008999999845400453,12.815299987792969,2.023400068283081,2.8814001083374023,2.039799928665161,5.701600074768066,0.3865000009536743,5000,5009,10000,5006,10000,10000,5000,0.3287000060081482,1.458299994468689,2.2399001121520996,5000,0.8545999999999365,0.73,1,0.12669999999999998,0.045,212992,15,15,0.6893,7712,0,0,12.946999549865723,5.875999927520752,1.5710999965667725,1.5484000444412231,0.15719999372959137,0.17550000548362732,0,0,0,0,0,0,0,0,0,0,0,0,0
168,29.608400344848633,5.191999912261963,12.26159954071045,1.99590003490448,2.921099901199341,1.9989999532699585,5.547299861907959,0.39739999175071716,5000,5009,10000,5006,10000,10000,5000,0.36739999055862427,1.3925000429153442,1.8533999919891357,5000,0.8297999999999391,0.7872,1,0.08979999999999999,0.028900000000000002,212992,15,15,0.729,10088,0,0,17.567100524902344,5.685400009155273,1.7649999856948853,1.8508000373840332,0.12080000340938568,0.17100000381469727,0.0093,0,0.0832,1.3674,2.6969,1.0565,0.2221,1,144676,6622,4998,995,5000
169,28.179800033569336,2.8812999725341797,12.270999908447266,2.08270001411438,2.6789000034332275,2.1673998832702637,5.526500225067139,0.47450000047683716,5000,5009,10000,5006,10000,10000,5000,0.34880000352859497,1.406599998474121,1.7135000228881836,5000,0.8190999999999391,0.5413,1,0.089,0.0318,212992,15,15,0.5606,259264,0,0,15.265999794006348,5.829899787902832,1.358199954032898,2.5678999423980713,0.288100004196167,0.7603999972343445,0,0,0,0,0,0,0,0,0,0,0,0,0
170,23.872900009155273,0.0008999999845400453,12.299200057983398,1.96589994430542,2.7260000705718994,1.9148000478744507,5.767000198364258,0.3882000148296356,5000,5009,10000,5006,10000,10000,5000,0.3327000141143799,1.4327000379562378,2.1577000617980957,5000,0.8266999999999384,0.5346,1,0.09710000000000002,0.0356,212992,15,15,0.5888,7712,0,0,12.413200378417969,5.951399803161621,1.3517999649047852,1.5240999460220337,0.16830000281333923,0.17810000479221344,0,0,0,0,0,0,0,0,0,0,0,0,0
171,42.715999603271484,17.170000076293945,12.143799781799316,1.9743000268936157,2.6547000408172607,2.0908000469207764,5.599899768829346,0.4731000065803528,5000,5009,10000,5006,10000,10000,5000,0.4027999937534332,1.4390000104904175,1.6715999841690063,5000,0.8240999999999381,0.5094,1,0.0882,0.035199999999999995,212992,15,15,0.5739,9848,0,0,29.42729949951172,5.754799842834473,1.3401000499725342,1.5408999919891357,0.1354999989271164,2.2360000610351562,0.0093,11.6673002243042,0.1017,1.576,2.8264,0.9793,0.2587,1,147048,6716,4998,891,5000
172,28.553800582885742,3.062999963760376,12.82979965209961,2.1184000968933105,2.6761999130249023,2.424799919128418,5.678899765014648,0.3935000002384186,5000,5009,10000,5006,10000,10000,5000,0.38609999418258667,1.406999945640564,1.9733999967575073,5000,0.8233999999999392,0.5328,1,0.0881,0.032799999999999996,212992,15,15,0.5732,219208,0,0,16.003400802612305,5.960400104522705,1.3517999649047852,2.615999937057495,0.26510000228881836,0.19130000472068787,0,0,0,0,0,0,0,0,0,0,0,0,0
173,37.46730041503906,0.0008999999845400453,12.787799835205078,2.080199956893921,2.95770001411438,1.9759000539779663,5.597799777984619,0.40139999985694885,5000,5009,10000,5006,10000,10000,5000,0.34150001406669617,1.4483000040054321,2.1143999099731445,5000,0.8226999999999378,0.6061,1,0.09369999999999999,0.034100000000000005,212992,15,15,0.6584,7712,0,0,12.918600082397461,5.771299839019775,1.4354000091552734,1.5673999786376953,0.1550000011920929,13.232500076293945,0,0,0,0,0,0,0,0,0,0,0,0,0
174,28.788999557495117,3.27839994430542,12.07960033416748,1.973099946975708,2.716900110244751,1.9005000591278076,6.054100036621094,0.38420000672340393,5000,5009,10000,5006,10000,10000,5000,0.34459999203681946,1.4163999557495117,1.910099983215332,5000,1.1105999999999203,0.7382,1,0.1345,0.0374,212992,15,15,0.8191,10256,0,0,15.5068998336792,6.258500099182129,1.7965999841690063,1.6277999877929688,0.18719999492168427,0.18400000035762787,0,0,0,0,0,0,0,0,0,0,0,0,0
175,25.983600616455078,3.2214999198913574,9.784700393676758,2.1712000370025635,0.6434000134468079,1.1332000494003296,5.728099822998047,0.3930000066757202,5000,5009,10000,5006,10000,10000,5000,0.36480000615119934,1.3858000040054321,2.2221999168395996,5000,0.8246999999999383,0.5969,1,0.0891,0.0345,212992,15,15,0.7165,343760,0,0,13.119000434875488,5.963500022888184,1.4528000354766846,2.6849000453948975,0.21809999644756317,0.1736000031232834,0,0,0,0,0,0,0,0,0,0,0,0,0
176,28.479999542236328,0.0008999999845400453,8.981599807739258,1.9455000162124634,0.6021999716758728,0.8492000102996826,5.4670000076293945,0.382999986410141,5000,5009,10000,5006,10000,10000,5000,0.3199000060558319,1.4120999574661255,2.128000020980835,5000,0.8228999999999391,0.5329,1,0.0905,0.031200000000000002,212992,15,15,0.574,7712,0,0,9.090999603271484,5.4899001121521,1.3631999492645264,1.3590999841690063,0.008999999612569809,8.788800239562988,0,0,0,0,0,0,0,0,0,0,0,0,0
177,28.28459930419922,3.5095999240875244,12.13659954071045,1.9449000358581543,2.628700017929077,2.389400005340576,6.770599842071533,0.37880000472068787,5000,5009,10000,5006,10000,10000,5000,0.33320000767707825,1.3906999826431274,1.7762000560760498,5000,0.8152999999999391,0.5108,1,0.0895,0.035500000000000004,212992,15,15,0.5938,8048,0,0,15.760000228881836,6.922699928283691,1.3276000022888184,1.6505999565124512,0.133200004696846,0.1808999925851822,0.0088,0,0.1146,1.6209,1.8971,0.0003,0.2117,1,148858,0,0,0,5000
178,28.527799606323242,2.913300037384033,12.967900276184082,2.1350998878479004,2.800800085067749,2.106100082397461,5.704100131988525,0.38350000977516174,5000,5009,10000,5006,10000,10000,5000,0.3544999957084656,1.417199969291687,2.227299928665161,5000,0.8359999999999389,0.5047,1,0.0915,0.036500000000000005,212992,15,15,0.651,291944,0,0,15.990799903869629,6.055099964141846,1.3406000137329102,2.48580002784729,0.3328000009059906,0.1324000060558319,0,0,0,0,0,0,0,0,0,0,0,0,0
179,25.49049949645996,0.0008999999845400453,12.750900268554688,2.134700059890747,2.6777000427246094,2.0720999240875244,5.565999984741211,0.4124999940395355,5000,5009,10000,5006,10000,10000,5000,0.44359999895095825,1.5148999691009521,2.134999990463257,5000,0.8249999999999384,0.7327,1,0.09,0.0339,212992,15,15,0.5948,7712,0,0,12.857099533081055,5.727099895477295,1.5759999752044678,1.6617000102996826,0.1444000005722046,1.214900016784668,0,0,0,0,0,0,0,0,0,0,0,0,0
180,49.41559982299805,5.407199859619141,12.2677001953125,2.009399890899658,2.6433000564575195,2.1089999675750732,6.03410005569458,0.42260000109672546,5000,5009,10000,5006,10000,10000,5000,0.41659998893737793,1.680999994277954,1.6338000297546387,5000,0.8151999999999393,0.6036,1,0.0891,0.0325,212992,15,15,0.5907,9704,0,0,17.785900115966797,6.177000045776367,1.424299955368042,1.8896000385284424,0.12330000102519989,19.687299728393555,0.0093,0,0.0819,1.5224,2.8102,1.0436,0.2081,1,150458,6964,4999,1029,5000
181,28.683399200439453,3.303499937057495,12.510100364685059,2.220599889755249,2.6366000175476074,2.2012999057769775,5.821800231933594,0.38609999418258667,5000,5009,10000,5006,10000,10000,5000,0.3765000104904175,1.3756999969482422,1.9132000207901,5000,0.8256999999999385,0.5638,1,0.08889999999999999,0.0422,212992,15,15,0.5926,287184,0,0,15.93970012664795,6.1595001220703125,1.3969000577926636,2.5471999645233154,0.3199000060558319,0.18070000410079956,0,0,0,0,0,0,0,0,0,0,0,0,0
182,26.649700164794922,0.0010999999940395355,14.908100128173828,2.2302000522613525,4.032100200653076,2.1668999195098877,5.639100074768066,0.3862000107765198,5000,5009,10000,5006,10000,10000,5000,0.38929998874664307,1.3940999507904053,2.579400062561035,5000,0.8250999999999392,0.5764,1,0.09099999999999998,0.038900000000000004,212992,15,15,0.7532,7712,0,0,15.037099838256836,5.801400184631348,1.4759999513626099,1.5520000457763672,0.1460999995470047,0.17159999907016754,0,0,0,0,0,0,0,0,0,0,0,0,0
183,39.357200622558594,15.92710018157959,12.042900085449219,1.9713000059127808,2.6619999408721924,2.1514999866485596,5.728899955749512,0.40119999647140503,5000,5009,10000,5006,10000,10000,5000,0.32820001244544983,1.4515000581741333,1.6988999843597412,5000,0.8239999999999388,0.5323,1,0.0884,0.0344,212992,15,15,0.5509,9848,0,0,28.07509994506836,5.8703999519348145,1.3508000373840332,1.5404000282287598,0.12460000067949295,0.1467999964952469,0.0115,10.222700119018555,0.0839,1.728,2.9233,0.9507,0.2398,1,152202,7139,4998,892,5000
184,29.111600875854492,3.0378000736236572,13.245499610900879,2.2014999389648438,2.936300039291382,2.2346999645233154,5.575200080871582,0.3862000107765198,5000,5009,10000,5006,10000,10000,5000,0.3662000000476837,1.5765999555587769,2.055000066757202,5000,0.8172999999999387,0.5863,1,0.08910000000000001,0.0361,212992,15,15,0.6856,293592,0,0,16.388599395751953,5.901500225067139,1.583899974822998,2.5362000465393066,0.3089999854564667,0.1680999994277954,0,0,0,0,0,0,0,0,0,0,0,0,0
185,24.727399826049805,0.0010000000474974513,13.44480037689209,2.574199914932251,2.9514999389648438,2.1770999431610107,5.537600040435791,0.38499999046325684,5000,5009,10000,5006,10000,10000,5000,0.4077000021934509,1.461400032043457,2.087399959564209,5000,0.8187999999999388,0.5327,1,0.09369999999999999,0.0354,212992,15,15,0.5963,7712,0,0,13.554100036621094,5.7042999267578125,1.351099967956543,1.5109000205993652,0.15060000121593475,0.1598999947309494,0,0,0,0,0,0,0,0,0,0,0,0,0
186,25.77910041809082,2.3152999877929688,11.82800006866455,1.947100043296814,2.631500005722046,2.020699977874756,5.575200080871582,0.38089999556541443,5000,5009,10000,5006,10000,10000,5000,0.4032999873161316,1.4182000160217285,1.7235000133514404,5000,0.8469999999999366,0.5678,1,0.10740000000000001,0.0359,212992,15,15,0.6319,10328,0,0,14.251299858093262,5.732600212097168,1.3990999460220337,1.6646000146865845,0.14239999651908875,0.17440000176429749,0,0,0,0,0,0,0,0,0,0,0,0,0
187,24.879499435424805,2.8889999389648438,9.34000015258789,2.0480000972747803,0.6326000094413757,1.3014999628067017,5.550600051879883,0.3962000012397766,5000,5009,10000,5006,10000,10000,5000,0.3402999937534332,1.5413000583648682,1.7079999446868896,5000,0.8337999999999375,0.5754,1,0.08889999999999999,0.0359,212992,15,15,0.605,262472,0,0,12.336899757385254,5.7519001960754395,1.4275000095367432,2.7028000354766846,0.1842000037431717,0.19509999454021454,0,0,0,0,0,0,0,0,0,0,0,0,0
188,20.99340057373047,0.0008999999845400453,9.316499710083008,2.001699924468994,0.6988000273704529,0.86080002784729,5.562099933624268,0.3889999985694885,5000,5009,10000,5006,10000,10000,5000,0.33169999718666077,1.408400058746338,2.213599920272827,5000,0.8279999999999388,0.6294,1,0.0885,0.028800000000000003,212992,15,15,0.6055,7712,0,0,9.430000305175781,5.586900234222412,1.464400053024292,1.7864999771118164,0.008899999782443047,0.2628999948501587,0,0,0,0,0,0,0,0,0,0,0,0,0
189,29.08300018310547,3.851599931716919,11.883700370788574,1.978600025177002,2.7146999835968018,1.9930000305175781,5.544099807739258,0.38690000772476196,5000,5009,10000,5006,10000,10000,5000,0.3587999939918518,1.395400047302246,1.690500020980835,5000,0.8338999999999387,0.5265,1,0.0902,0.0316,212992,15,15,0.5857,8048,0,0,15.853099822998047,5.703700065612793,1.353600025177002,1.5374000072479248,0.14329999685287476,2.1682000160217285,0.0115,0,0.1399,1.8452,2.145,0.0002,0.216,1,154014,0,0,0,5000
190,29.299400329589844,2.811800003051758,12.859299659729004,2.124799966812134,2.8710999488830566,2.2808001041412354,5.609600067138672,0.38580000400543213,5000,5009,10000,5006,10000,10000,5000,0.35030001401901245,1.4765000343322754,1.9515000581741333,5000,0.8665999999999369,0.5707,1,0.08940000000000001,0.0341,212992,15,15,0.615,225872,0,0,15.783900260925293,5.917600154876709,1.448699951171875,3.3824000358581543,0.28949999809265137,0.2134000062942505,0,0,0,0,0,0,0,0,0,0,0,0,0
191,27.361099243164062,0.0008999999845400453,15.680299758911133,2.336899995803833,4.026599884033203,2.209399938583374,5.620200157165527,0.39579999446868896,5000,5009,10000,5006,10000,10000,5000,0.3977000117301941,1.5367000102996826,3.057499885559082,5000,0.8231999999999385,0.6091,1,0.09000000000000001,0.0422,212992,15,15,0.6115,7712,0,0,15.818499565124512,5.78410005569458,1.5286999940872192,1.5652999877929688,0.14650000631809235,0.1720999926328659,0,0,0,0,0,0,0,0,0,0,0,0,0
192,29.080799102783203,5.296000003814697,11.884300231933594,1.9433000087738037,2.6182000637054443,2.091399908065796,5.630099773406982,0.398499995470047,5000,5009,10000,5006,10000,10000,5000,0.3481999933719635,1.4153000116348267,1.6438000202178955,5000,0.8238999999999381,0.5332,1,0.0905,0.029699999999999997,212992,15,15,0.627,11264,0,0,17.28660011291504,5.786399841308594,1.3493000268936157,2.0129001140594482,0.1348000019788742,0.17579999566078186,0.0083,0,0.0616,1.5757,2.7591,0.9863,0.211,1,155216,7386,4997,1157,5000
193,29.808900833129883,3.3726000785827637,12.878000259399414,2.107800006866455,2.6379001140594482,2.3032000064849854,5.758299827575684,0.39079999923706055,5000,5009,10000,5006,10000,10000,5000,0.32600000500679016,1.6432000398635864,2.0315001010894775,5000,0.8215999999999382,0.5721,1,0.0876,0.032600000000000004,212992,15,15,0.5739,304080,0,0,16.380399703979492,6.129000186920166,1.4592000246047974,3.2328999042510986,0.3513000011444092,0.16979999840259552,0,0,0,0,0,0,0,0,0,0,0,0,0
194,24.093900680541992,0.0010000000474974513,12.262100219726562,1.9740999937057495,2.86929988861084,1.9052000045776367,5.821000099182129,0.3822000026702881,5000,5009,10000,5006,10000,10000,5000,0.3093000054359436,1.4031000137329102,2.0801000595092773,5000,0.9386999999999355,0.5361,1,0.1079,0.036500000000000005,212992,15,15,0.6307,7712,0,0,12.367400169372559,5.985000133514404,1.3875000476837158,1.5733000040054321,0.1467999964952469,0.1525000035762787,0,0,0,0,0,0,0,0,0,0,0,0,0
195,43.444000244140625,19.72100067138672,12.186599731445312,1.9744999408721924,2.7932000160217285,2.092900037765503,5.487599849700928,0.4122999906539917,5000,5009,10000,5006,10000,10000,5000,0.36309999227523804,1.4208999872207642,1.7699999809265137,5000,0.825699999999938,0.5655,1,0.1012,0.0364,212992,15,15,0.6722,11744,0,0,32.01860046386719,5.6367998123168945,1.3942999839782715,1.5950000286102295,0.13330000638961792,0.2506999969482422,0.0091,9.90429973602295,0.063,1.6665,7.2723,5.4031,0.2432,1,156470,7472,4997,949,5000
196,30.389299392700195,3.4702000617980957,13.902799606323242,2.728100061416626,2.8053998947143555,2.2040998935699463,5.627999782562256,0.39169999957084656,5000,5009,10000,5006,10000,10000,5000,0.38960000872612,1.6318000555038452,2.210599899291992,5000,0.8297999999999379,0.5572,1,0.08839999999999999,0.033,212992,15,15,0.6624,281984,0,0,17.481000900268555,5.956299781799316,1.3952000141143799,2.8132998943328857,0.3100000023841858,0.2093999981880188,0,0,0,0,0,0,0,0,0,0,0,0,0
197,24.70599937438965,0.0010000000474974513,13.186800003051758,2.0543999671936035,2.975100040435791,2.1487998962402344,5.55049991607666,0.39739999175071716,5000,5009,10000,5006,10000,10000,5000,0.3416999876499176,1.4912999868392944,2.1886000633239746,5000,0.830799999999938,0.6075,1,0.0908,0.028399999999999998,212992,15,15,0.6543,7712,0,0,13.318400382995605,5.711900234222412,1.4296000003814697,1.5724999904632568,0.1453000009059906,0.15549999475479126,0,0,0,0,0,0,0,0,0,0,0,0,0
198,28.15850067138672,2.4842000007629395,13.425100326538086,2.009000062942505,2.6623001098632812,3.3777999877929688,6.253699779510498,0.38659998774528503,5000,5009,10000,5006,10000,10000,5000,0.3659000098705292,1.4979000091552734,1.8143999576568604,5000,0.8197999999999386,0.5339,1,0.09060000000000001,0.0348,212992,15,15,0.6782,10808,0,0,16.01259994506836,6.418499946594238,1.3840999603271484,1.5978000164031982,0.14669999480247498,0.1615000069141388,0,0,0,0,0,0,0,0,0,0,0,0,0
199,27.13170051574707,4.101799964904785,9.619099617004395,2.072700023651123,0.6003000140190125,1.1225999593734741,5.782800197601318,0.38909998536109924,5000,5009,10000,5006,10000,10000,5000,0.32420000433921814,1.385599970817566,2.328200101852417,5000,0.8676999999999352,0.5663,1,0.0903,0.0324,212992,15,15,0.5915,335360,0,0,13.833700180053711,6.063700199127197,1.4043999910354614,3.117000102996826,0.2635999917984009,0.13830000162124634,0,0,0,0,0,0,0,0,0,0,0,0,0
200,24.30579948425293,0.0010000000474974513,9.154999732971191,1.930899977684021,0.5957000255584717,0.8223000168800354,5.5346999168396,0.38769999146461487,5000,5009,10000,5006,10000,10000,5000,0.30410000681877136,1.4918999671936035,2.1572999954223633,5000,0.8308999999999377,0.5318,1,0.08879999999999999,0.030199999999999998,212992,15,15,0.5588,7712,0,0,9.258399963378906,5.5594000816345215,1.3547999858856201,1.4219000339508057,0.008200000040233135,4.313000202178955,0,0,0,0,0,0,0,0,0,0,0,0,0
201,27.70330047607422,3.812000036239624,12.081100463867188,1.9453999996185303,2.5947000980377197,1.9753999710083008,5.822400093078613,0.48399999737739563,5000,5009,10000,5006,10000,10000,5000,0.33160001039505005,1.385599970817566,1.8720999956130981,5000,0.8300999999999368,0.5165,1,0.09000000000000001,0.032299999999999995,212992,15,15,0.5827,8048,0,0,16.003599166870117,5.981299877166748,1.3392000198364258,1.7591999769210815,0.14319999516010284,0.1817999929189682,0.0084,0,0.0643,1.7116,1.9989,0.0003,0.2634,1,157630,0,0,0,5000
202,29.122699737548828,2.9765000343322754,12.500900268554688,2.106100082397461,2.72379994392395,2.0889999866485596,5.573599815368652,0.38440001010894775,5000,5009,10000,5006,10000,10000,5000,0.3271999955177307,1.5003000497817993,1.9394999742507935,5000,0.8363999999999381,0.6114,1,0.09659999999999999,0.030000000000000002,212992,15,15,0.6674,269432,0,0,15.589900016784668,5.909200191497803,1.5292999744415283,3.4268999099731445,0.3190000057220459,0.13289999961853027,0,0,0,0,0,0,0,0,0,0,0,0,0
203,26.323999404907227,0.0010999999940395355,12.345399856567383,2.027600049972534,2.666800022125244,1.9012000560760498,5.597400188446045,0.38119998574256897,5000,5009,10000,5006,10000,10000,5000,0.34540000557899475,1.509600043296814,2.1368000507354736,5000,0.8178999999999388,0.5137,1,0.0886,0.0379,212992,15,15,0.5453,7712,0,0,12.453200340270996,5.763700008392334,1.333799958229065,1.5740000009536743,0.15049999952316284,2.821199893951416,0,0,0,0,0,0,0,0,0,0,0,0,0
204,31.67300033569336,8.104000091552734,12.084699630737305,1.9809999465942383,2.725600004196167,2.322499990463257,5.497799873352051,0.38280001282691956,5000,5009,10000,5006,10000,10000,5000,0.3224000036716461,1.4433000087738037,1.538599967956543,5000,0.8269999999999382,0.5271,1,0.0885,0.0393,212992,15,15,0.663,10136,0,0,20.30150032043457,5.6508002281188965,1.344099998474121,1.6542999744415283,0.13660000264644623,0.16680000722408295,0.009,0,0.0643,1.595,5.4885,3.6947,0.2257,1,159238,7643,4995,1141,5000
205,29.95669937133789,3.0833001136779785,12.520999908447266,2.072499990463257,2.6431000232696533,2.185499906539917,6.362400054931641,0.4018999934196472,5000,5009,10000,5006,10000,10000,5000,0.3443000018596649,1.534000039100647,1.8112000226974487,5000,0.8379999999999398,0.5053,1,0.09029999999999999,0.039,212992,15,15,0.5572,248952,0,0,15.71030044555664,6.705100059509277,1.3377000093460083,3.6031999588012695,0.323199987411499,0.17350000143051147,0,0,0,0,0,0,0,0,0,0,0,0,0
206,24.032899856567383,0.0010000000474974513,12.571200370788574,1.99590003490448,2.6577000617980957,2.0415000915527344,5.5019001960754395,0.38499999046325684,5000,5009,10000,5006,10000,10000,5000,0.33149999380111694,1.503000020980835,2.2802000045776367,5000,0.8194999999999388,0.5544,1,0.0885,0.0253,212992,15,15,0.552,7712,0,0,12.712900161743164,5.664000034332275,1.3565000295639038,1.7283999919891357,0.14650000631809235,0.17520000040531158,0,0,0,0,0,0,0,0,0,0,0,0,0
207,42.489498138427734,15.758299827575684,14.976499557495117,2.680799961090088,4.153299808502197,2.1001999378204346,5.6381001472473145,0.3986999988555908,5000,5009,10000,5006,10000,10000,5000,0.3095000088214874,1.4041999578475952,2.024199962615967,5000,0.8164999999999392,0.5516,1,0.089,0.0358,212992,15,15,0.6058,9728,0,0,30.84510040283203,5.781000137329102,1.386299967765808,1.7864999771118164,0.12359999865293503,0.1867000013589859,0.009,10.106200218200684,0.0623,1.508,2.6847,0.9793,0.2522,1,160394,7705,4995,968,5000
208,32.31990051269531,3.6870999336242676,14.912500381469727,2.301100015640259,3.0673999786376953,2.9165000915527344,5.954500198364258,0.3882000148296356,5000,5009,10000,5006,10000,10000,5000,0.3610999882221222,2.267899990081787,2.069999933242798,5000,0.817399999999939,0.5613,1,0.09079999999999999,0.0284,212992,15,15,0.6504,375728,0,0,18.713699340820312,6.456500053405762,1.3845000267028809,3.1473000049591064,0.4805999994277954,0.12120000272989273,0,0,0,0,0,0,0,0,0,0,0,0,0
209,25.275699615478516,0.0010000000474974513,13.43280029296875,2.4314000606536865,2.634200096130371,1.957800030708313,5.564000129699707,0.603600025177002,5000,5009,10000,5006,10000,10000,5000,0.3953999876976013,1.4163999557495117,2.15939998626709,5000,0.8347999999999373,0.6707,1,0.0879,0.0315,212992,15,15,0.6077,7712,0,0,13.534000396728516,5.720200061798096,1.5033999681472778,1.8871999979019165,0.1395999938249588,0.17020000517368317,0,0,0,0,0,0,0,0,0,0,0,0,0
210,32.6708984375,2.356300115585327,12.170499801635742,1.982800006866455,2.66129994392395,1.9427000284194946,5.774799823760986,0.3806999921798706,5000,5009,10000,5006,10000,10000,5000,0.4478999972343445,1.4874999523162842,1.917799949645996,5000,0.8332999999999386,0.6308,1,0.08879999999999999,0.0235,212992,15,15,0.683,10448,0,0,14.631999969482422,5.942699909210205,1.4763000011444092,1.860700011253357,0.14900000393390656,6.218800067901611,0,0,0,0,0,0,0,0,0,0,0,0,0
211,50.01129913330078,2.8422000408172607,11.34749984741211,2.198899984359741,0.7552000284194946,1.5298999547958374,8.13599967956543,0.3946000039577484,5000,5009,10000,5006,10000,10000,5000,0.3898000121116638,2.433799982070923,2.0020999908447266,5000,1.0360999999999236,0.8274,1,0.1119,0.046099999999999995,212992,15,15,0.8445,220208,0,0,14.304100036621094,8.379199981689453,1.8473000526428223,4.176700115203857,0.2215999960899353,18.055400848388672,0,0,0,0,0,0,0,0,0,0,0,0,0
212,21.141199111938477,0.0010000000474974513,9.4798002243042,2.085200071334839,0.6384999752044678,0.8422999978065491,5.504000186920166,0.3837999999523163,5000,5009,10000,5006,10000,10000,5000,0.35929998755455017,1.4420000314712524,2.314500093460083,5000,0.839099999999937,0.6214,1,0.10869999999999999,0.0383,212992,15,15,0.8103,7712,0,0,9.588000297546387,5.53000020980835,1.4775999784469604,1.6303000450134277,0.00930000003427267,0.17069999873638153,0,0,0,0,0,0,0,0,0,0,0,0,0
213,28.488100051879883,3.172800064086914,12.783900260925293,2.2532999515533447,2.6872000694274902,2.051100015640259,5.706200122833252,0.6718999743461609,5000,5009,10000,5006,10000,10000,5000,0.34200000762939453,1.402500033378601,1.6589000225067139,5000,0.824499999999938,0.8439,1,0.0886,0.0302,212992,15,15,0.6167,8048,0,0,16.072099685668945,5.866300106048584,1.7649999856948853,2.1103999614715576,0.14309999346733093,0.2087000012397766,0.0087,0,0.062,1.5547,1.7614,0.0018,0.2049,1,161564,0,0,0,5000
214,33.4468994140625,3.503499984741211,13.961999893188477,2.150399923324585,2.803999900817871,2.7155001163482666,6.100599765777588,0.384799987077713,5000,5009,10000,5006,10000,10000,5000,0.33340001106262207,1.4088000059127808,2.56030011177063,5000,0.8203999999999384,0.5417,1,0.0891,0.0335,212992,15,15,0.6392,322696,0,0,17.594900131225586,6.454999923706055,1.371500015258789,3.071700096130371,0.33799999952316284,2.4637999534606934,0,0,0,0,0,0,0,0,0,0,0,0,0
215,28.250999450683594,0.0007999999797903001,13.639300346374512,2.0929999351501465,3.0848000049591064,2.0494000911712646,7.5725998878479,0.3874000012874603,5000,5009,10000,5006,10000,10000,5000,0.40880000591278076,1.4573999643325806,2.6958999633789062,5000,1.037699999999926,0.6079,1,0.1306,0.0421,212992,15,15,0.8303,7712,0,0,13.774499893188477,7.762400150299072,1.656599998474121,1.6092000007629395,0.16869999468326569,0.17640000581741333,0,0,0,0,0,0,0,0,0,0,0,0,0
216,43.28179931640625,15.827500343322754,15.086000442504883,2.2983999252319336,4.294300079345703,2.08870005607605,5.667500019073486,0.39070001244544983,5000,5009,10000,5006,10000,10000,5000,0.36809998750686646,1.4422999620437622,2.7167000770568848,5000,0.99019999999993,0.7061,1,0.10090000000000002,0.0361,212992,15,15,0.6975,11240,0,0,31.045900344848633,5.820099830627441,1.6582000255584717,1.6890000104904175,0.13600000739097595,0.2159000039100647,0.0089,10.746999740600586,0.0629,1.513,2.7833,1.0678,0.2457,1,162706,7987,4994,1254,5000
217,29.210399627685547,2.954400062561035,13.605600357055664,2.119499921798706,2.825000047683716,2.8261001110076904,5.596399784088135,0.4169999957084656,5000,5009,10000,5006,10000,10000,5000,0.4302000105381012,1.5048999786376953,2.036600112915039,5000,0.8279999999999381,0.5021,1,0.08950000000000001,0.048,212992,15,15,0.5891,267016,0,0,16.665199279785156,5.9334001541137695,1.319100022315979,2.609299898147583,0.3156999945640564,0.20509999990463257,0,0,0,0,0,0,0,0,0,0,0,0,0
218,24.88719940185547,0.0008999999845400453,13.154899597167969,1.9704999923706055,2.6728999614715576,2.2472000122070312,5.729800224304199,0.39320001006126404,5000,5009,10000,5006,10000,10000,5000,0.3930000066757202,1.5231000185012817,2.3227999210357666,5000,0.8360999999999381,0.5797,1,0.09010000000000001,0.030699999999999998,212992,15,15,0.635,7712,0,0,13.27869987487793,5.893799781799316,1.4230999946594238,1.594599962234497,0.14710000157356262,0.17479999363422394,0,0,0,0,0,0,0,0,0,0,0,0,0
219,39.525001525878906,15.449600219726562,12.265199661254883,2.2147998809814453,2.7527999877929688,1.9706000089645386,6.015399932861328,0.39070001244544983,5000,5009,10000,5006,10000,10000,5000,0.28459998965263367,1.3931000232696533,1.830299973487854,5000,0.8436999999999364,0.5272,1,0.0915,0.0343,212992,15,15,0.6037,10328,0,0,27.82029914855957,6.171199798583984,1.3467999696731567,1.5382000207901,0.14000000059604645,0.18559999763965607,0.0096,10.11970043182373,0.0648,1.7498,2.9679,1.0234,0.2507,1,163560,7985,4994,1042,5000
220,32.062801361083984,2.6013998985290527,15.108099937438965,2.189199924468994,3.825000047683716,2.2446999549865723,7.265699863433838,0.38960000872612,5000,5009,10000,5006,10000,10000,5000,0.3546999990940094,1.526900053024292,2.899899959564209,5000,0.8186999999999384,0.5233,1,0.08829999999999999,0.036,212992,15,15,0.5969,239408,0,0,17.816200256347656,7.579100131988525,1.353600025177002,2.580399990081787,0.28690001368522644,0.17810000479221344,0,0,0,0,0,0,0,0,0,0,0,0,0
221,24.924100875854492,0.0008999999845400453,12.989500045776367,2.0199999809265137,2.954200029373169,2.172800064086914,5.541200160980225,0.4909000098705292,5000,5009,10000,5006,10000,10000,5000,0.34139999747276306,1.4143999814987183,2.240299940109253,5000,0.8398999999999374,0.6353,1,0.0892,0.0324,212992,15,15,0.6263,7712,0,0,13.098099708557129,5.702000141143799,1.5190000534057617,1.9038000106811523,0.14470000565052032,0.19699999690055847,0,0,0,0,0,0,0,0,0,0,0,0,0
222,28.01219940185547,2.1835999488830566,13.904199600219727,2.0487000942230225,2.75600004196167,2.5201001167297363,5.636099815368652,0.40209999680519104,5000,5009,10000,5006,10000,10000,5000,0.3626999855041504,2.3145999908447266,2.09879994392395,5000,0.8288999999999378,0.539,1,0.08990000000000001,0.0353,212992,15,15,0.6308,10208,0,0,16.220600128173828,5.795000076293945,1.354200005531311,1.6591999530792236,0.1404999941587448,0.49059998989105225,0,0,0,0,0,0,0,0,0,0,0,0,0
223,28.610700607299805,3.7678000926971436,9.946999549865723,2.1031999588012695,0.6065999865531921,1.1121000051498413,6.519700050354004,0.3898000121116638,5000,5009,10000,5006,10000,10000,5000,0.3061999976634979,1.5791000127792358,2.219899892807007,5000,0.8157999999999391,0.5421,1,0.09029999999999999,0.0323,212992,15,15,0.6056,264120,0,0,13.847800254821777,6.736400127410889,1.373900055885315,3.335900068283081,0.1981000006198883,0.8554999828338623,0,0,0,0,0,0,0,0,0,0,0,0,0
224,22.256500244140625,0.0008999999845400453,9.652600288391113,2.029099941253662,0.7400000095367432,0.8525999784469604,5.508500099182129,0.39079999923706055,5000,5009,10000,5006,10000,10000,5000,0.36090001463890076,1.47160005569458,2.3183000087738037,5000,0.8223999999999387,0.706,1,0.0883,0.036199999999999996,212992,15,15,0.6017,7712,0,0,9.761699676513672,5.53380012512207,1.5543999671936035,1.5641000270843506,0.00860000029206276,1.3847999572753906,0,0,0,0,0,0,0,0,0,0,0,0,0
225,28.242700576782227,3.4825000762939453,12.842100143432617,1.9764000177383423,2.6861000061035156,2.6429998874664307,5.699399948120117,0.40619999170303345,5000,5009,10000,5006,10000,10000,5000,0.44609999656677246,1.499400019645691,1.7502000331878662,5000,0.8194999999999385,0.5553,1,0.09410000000000002,0.0323,212992,15,15,0.5833,8048,0,0,16.475900650024414,5.856299877166748,1.3841999769210815,1.789199948310852,0.14000000059604645,0.2935999929904938,0.0181,0,0.1005,1.8763,2.1256,0.0005,0.2162,1,164530,0,0,0,5000
226,28.76810073852539,2.7434000968933105,12.696800231933594,2.1357998847961426,2.7228000164031982,2.1533000469207764,5.8394999504089355,0.3822000026702881,5000,5009,10000,5006,10000,10000,5000,0.3549000024795532,1.483199954032898,1.986199975013733,5000,0.8245999999999379,0.5362,1,0.09,0.0348,212992,15,15,0.6267,334448,0,0,15.550700187683105,6.223199844360352,1.3559000492095947,3.016900062561035,0.366100013256073,0.13809999823570251,0,0,0,0,0,0,0,0,0,0,0,0,0
227,24.257600784301758,0.0010000000474974513,12.95460033416748,2.0139000415802,2.702399969100952,2.4467999935150146,5.534900188446045,0.38929998874664307,5000,5009,10000,5006,10000,10000,5000,0.3562999963760376,1.4212000370025635,2.232599973678589,5000,0.8267999999999376,0.5003,1,0.091,0.034999999999999996,212992,15,15,0.5921,7712,0,0,13.073699951171875,5.6894001960754395,1.3051999807357788,1.559499979019165,0.1386999934911728,0.18449999392032623,0,0,0,0,0,0,0,0,0,0,0,0,0
228,28.069400787353516,4.984899997711182,11.648799896240234,1.967900037765503,2.678800106048584,1.9112999439239502,5.641499996185303,0.38429999351501465,5000,5009,10000,5006,10000,10000,5000,0.3165000081062317,1.4149999618530273,1.6446000337600708,5000,0.8188999999999386,0.5538,1,0.08979999999999999,0.036000000000000004,212992,15,15,0.6112,9368,0,0,16.738500595092773,5.799600124359131,1.3630000352859497,1.5500999689102173,0.1404000073671341,0.1696999967098236,0.0087,0,0.063,1.6624,2.956,1.0994,0.2193,1,166136,8164,4995,1236,5000
229,28.97480010986328,2.50570011138916,13.14009952545166,2.403700113296509,2.850600004196167,2.3459999561309814,5.758800029754639,0.41909998655319214,5000,5009,10000,5006,10000,10000,5000,0.3271999955177307,1.4632999897003174,1.7414000034332275,5000,0.8324999999999375,0.6873,1,0.0908,0.0325,212992,15,15,0.6184,265896,0,0,15.754300117492676,6.088099956512451,1.51419997215271,2.9885001182556152,0.310699999332428,0.15880000591278076,0,0,0,0,0,0,0,0,0,0,0,0,0
230,25.19070053100586,0.0008999999845400453,13.800399780273438,2.256700038909912,2.687000036239624,2.257200002670288,5.549099922180176,0.39660000801086426,5000,5009,10000,5006,10000,10000,5000,0.337799996137619,2.0917999744415283,2.241499900817871,5000,0.8181999999999385,0.5551,1,0.0882,0.0344,212992,15,15,0.6816,7712,0,0,13.903499603271484,5.706699848175049,1.3552000522613525,1.5563000440597534,0.13920000195503235,0.1542000025510788,0,0,0,0,0,0,0,0,0,0,0,0,0
231,39.94660186767578,15.044599533081055,12.622300148010254,2.1124000549316406,3.391700029373169,2.0013999938964844,5.486199855804443,0.39239999651908875,5000,5009,10000,5006,10000,10000,5000,0.3384999930858612,1.503499984741211,1.5516999959945679,5000,0.8466999999999372,0.6992,1,0.0913,0.0397,212992,15,15,0.6832,10088,0,0,27.767200469970703,5.632500171661377,1.6969000101089478,2.050800085067749,0.1307000070810318,0.19709999859333038,0.0095,10.162400245666504,0.0684,1.5957,2.8303,1.0289,0.2136,1,166818,8257,4995,1054,4999
232,34.5442008972168,4.055799961090088,16.47249984741211,2.5905001163482666,4.502200126647949,2.341200113296509,5.770400047302246,0.5659999847412109,5000,5009,10000,5006,10000,10000,5000,0.3109999895095825,1.4178999662399292,2.962599992752075,5000,0.8250999999999381,0.7473,1,0.10909999999999999,0.0422,212992,15,15,0.6202,325752,0,0,20.673900604248047,6.132999897003174,1.7337000370025635,3.30049991607666,0.3440999984741211,0.16410000622272491,0,0,0,0,0,0,0,0,0,0,0,0,0
233,26.14419937133789,0.0010000000474974513,14.51360034942627,2.0768001079559326,3.079900026321411,3.4711999893188477,5.582699775695801,0.39489999413490295,5000,5009,10000,5006,10000,10000,5000,0.3158000111579895,1.5499000549316406,2.1926000118255615,5000,0.8375999999999387,0.5613,1,0.0906,0.0349,212992,15,15,0.6205,7712,0,0,14.619600296020508,5.746600151062012,1.4846999645233154,1.6067999601364136,0.14589999616146088,0.1673000007867813,0,0,0,0,0,0,0,0,0,0,0,0,0
234,26.93400001525879,2.466900110244751,12.186300277709961,1.978700041770935,2.6888999938964844,1.9185999631881714,5.698400020599365,0.3896999955177307,5000,5009,10000,5006,10000,10000,5000,0.2784999907016754,1.416200041770935,2.0769999027252197,5000,0.8204999999999384,0.8573,1,0.0882,0.0557,212992,15,15,0.7957,10928,0,0,14.756500244140625,5.866099834442139,1.8775999546051025,1.5950000286102295,0.15060000121593475,0.1527000069618225,0,0,0,0,0,0,0,0,0,0,0,0,0
235,25.643199920654297,2.6296000480651855,9.264200210571289,2.121000051498413,0.6090999841690063,1.1323000192642212,5.4421000480651855,0.3889000117778778,5000,5009,10000,5006,10000,10000,5000,0.28850001096725464,1.3528000116348267,1.9538999795913696,5000,0.8249999999999384,0.5533,1,0.09,0.0314,212992,15,15,0.6,287680,0,0,12.002699851989746,5.6483001708984375,1.3700000047683716,2.514699935913086,0.19220000505447388,1.6693999767303467,0,0,0,0,0,0,0,0,0,0,0,0,0
236,20.467899322509766,0.0008999999845400453,9.026000022888184,1.960800051689148,0.5907999873161316,0.8471999764442444,5.443299770355225,0.38510000705718994,5000,5009,10000,5006,10000,10000,5000,0.31279999017715454,1.4112999439239502,2.1728999614715576,5000,0.8099999999999398,0.5892,1,0.0912,0.0366,212992,15,15,0.7662,7712,0,0,9.13759994506836,5.465400218963623,1.4469000101089478,1.5612000226974487,0.00860000029206276,0.19380000233650208,0,0,0,0,0,0,0,0,0,0,0,0,0
237,26.866500854492188,3.0394999980926514,12.287699699401855,1.9915000200271606,2.787400007247925,2.1043999195098877,5.622399806976318,0.59170001745224,5000,5009,10000,5006,10000,10000,5000,0.3483000099658966,1.4530999660491943,1.6778000593185425,5000,0.8258999999999393,0.5154,1,0.089,0.0337,212992,15,15,0.597,8048,0,0,15.433699607849121,5.7932000160217285,1.3437999486923218,1.6615999937057495,0.15369999408721924,0.1867000013589859,0.0091,0,0.07,1.6786,1.8939,0.0004,0.2035,1,168056,0,0,0,5000
238,33.974998474121094,2.523699998855591,12.400899887084961,2.0725998878479004,2.74180006980896,2.0866000652313232,5.549499988555908,0.38920000195503235,5000,5009,10000,5006,10000,10000,5000,0.3131999969482422,1.3782000541687012,1.9651000499725342,5000,0.8188999999999391,0.5328,1,0.0889,0.0328,212992,15,15,0.5942,250528,0,0,15.030599594116211,5.869200229644775,1.3560999631881714,2.9672000408172607,0.3034000098705292,6.318900108337402,0,0,0,0,0,0,0,0,0,0,0,0,0
239,25.050399780273438,0.0008999999845400453,12.734700202941895,1.9987000226974487,2.7578999996185303,2.1059000492095947,6.4542999267578125,0.3986999988555908,5000,5009,10000,5006,10000,10000,5000,0.3555999994277954,1.4107999801635742,2.3236000537872314,5000,0.8300999999999391,0.4966,1,0.09060000000000001,0.0371,212992,15,15,0.5952,7712,0,0,12.844099998474121,6.620200157165527,1.3233000040054321,1.6277999877929688,0.148499995470047,0.16539999842643738,0,0,0,0,0,0,0,0,0,0,0,0,0
240,33.808101654052734,5.507400035858154,14.579700469970703,1.9973000288009644,2.7279000282287598,2.7629001140594482,7.736199855804443,0.3917999863624573,5000,5009,10000,5006,10000,10000,5000,0.3953000009059906,2.2562999725341797,2.3062000274658203,5000,0.8228999999999383,0.6132,1,0.0885,0.034,212992,15,15,0.6612,10376,0,0,20.200000762939453,7.90310001373291,1.4335999488830566,1.5841000080108643,0.1454000025987625,0.181099995970726,0.0092,0,0.0657,1.8147,3.2832,1.1396,0.2174,1,168914,8397,4994,1365,5000
241,28.43939971923828,2.686500072479248,12.38479995727539,2.06820011138916,2.674299955368042,2.0699000358581543,5.519599914550781,0.3837999999523163,5000,5009,10000,5006,10000,10000,5000,0.3149999976158142,1.382699966430664,2.1034998893737793,5000,0.8232999999999377,0.7173,1,0.0945,0.0287,212992,15,15,0.5847,259176,0,0,15.199199676513672,5.84060001373291,1.5434999465942383,3.239000082015991,0.3070000112056732,0.1817999929189682,0,0,0,0,0,0,0,0,0,0,0,0,0
242,24.40730094909668,0.0010999999940395355,12.42549991607666,1.962399959564209,2.821500062942505,1.9347000122070312,5.697400093078613,0.3977999985218048,5000,5009,10000,5006,10000,10000,5000,0.2867000102996826,1.5206999778747559,2.130199909210205,5000,0.826299999999939,0.8222,1,0.0894,0.0369,212992,15,15,0.6545,7712,0,0,12.530200004577637,5.864799976348877,1.7080999612808228,1.5910999774932861,0.14810000360012054,0.17190000414848328,0,0,0,0,0,0,0,0,0,0,0,0,0
243,40.941001892089844,15.523500442504883,14.058199882507324,2.30649995803833,3.0625,2.651099920272827,5.514699935913086,0.5141000151634216,5000,5009,10000,5006,10000,10000,5000,0.3393999934196472,1.4702999591827393,2.15310001373291,5000,0.8070999999999379,0.5682,1,0.0913,0.0295,212992,15,15,0.6357,11984,0,0,29.68869972229004,5.676199913024902,1.3880000114440918,1.5657999515533447,0.1451999992132187,0.15150000154972076,0.0101,10.184599876403809,0.096,1.8308,3.1557,1.082,0.2332,1,169486,8505,4994,1116,4999
244,30.43440055847168,2.910099983215332,13.8326997756958,2.105600118637085,2.6872000694274902,2.937700033187866,6.153800010681152,0.391400009393692,5000,5009,10000,5006,10000,10000,5000,0.34360000491142273,1.9660999774932861,1.9714000225067139,5000,0.8123999999999394,0.6214,1,0.088,0.0326,212992,15,15,0.6022,330328,0,0,16.84779930114746,6.499800205230713,1.4355000257492065,3.0197999477386475,0.3260999917984009,0.18050000071525574,0,0,0,0,0,0,0,0,0,0,0,0,0
245,32.26279830932617,0.0008999999845400453,15.558600425720215,2.0218000411987305,2.8236000537872314,2.6480000019073486,6.139699935913086,0.3855000138282776,5000,5009,10000,5006,10000,10000,5000,0.3377000093460083,2.421799898147583,3.1624999046325684,5000,0.8357999999999377,0.5794,1,0.08829999999999999,0.0313,212992,15,15,0.6458,7712,0,0,15.67710018157959,6.301599979400635,1.4296000003814697,1.7249000072479248,0.13920000195503235,4.568399906158447,0,0,0,0,0,0,0,0,0,0,0,0,0
246,26.88050079345703,2.012200117111206,12.202300071716309,2.019700050354004,2.7416999340057373,2.0000998973846436,6.104800224304199,0.382999986410141,5000,5009,10000,5006,10000,10000,5000,0.3743000030517578,1.437000036239624,1.8955999612808228,5000,1.0539999999999246,0.6123,1,0.0899,0.0325,212992,15,15,0.63,10208,0,0,14.325599670410156,6.263999938964844,1.4660999774932861,1.6927000284194946,0.13539999723434448,0.17739999294281006,0,0,0,0,0,0,0,0,0,0,0,0,0
247,25.649099349975586,2.411099910736084,9.834600448608398,2.1561999320983887,0.722100019454956,1.0917999744415283,5.747300148010254,0.388700008392334,5000,5009,10000,5006,10000,10000,5000,0.3361000120639801,1.4223999977111816,2.1874001026153564,5000,0.8609999999999344,0.5452,1,0.11019999999999999,0.037,212992,15,15,0.7852,224928,0,0,12.355799674987793,5.9328999519348145,1.3675999641418457,3.0922999382019043,0.1678999960422516,0.1624000072479248,0,0,0,0,0,0,0,0,0,0,0,0,0
248,31.117599487304688,0.0008999999845400453,9.443499565124512,2.1145999431610107,0.6061999797821045,0.8370000123977661,6.170899868011475,0.3903000056743622,5000,5009,10000,5006,10000,10000,5000,0.34389999508857727,1.4347000122070312,2.3231000900268555,5000,0.9188999999999384,0.5618,1,0.1282,0.0391,212992,15,15,0.6141,7712,0,0,9.555000305175781,6.199999809265137,1.392699956893921,1.625100016593933,0.009700000286102295,9.721599578857422,0,0,0,0,0,0,0,0,0,0,0,0,0
249,28.90369987487793,3.306999921798706,13.140199661254883,2.675299882888794,2.6619999408721924,2.5573999881744385,6.364500045776367,0.38499999046325684,5000,5009,10000,5006,10000,10000,5000,0.34470000863075256,1.4641000032424927,1.704200029373169,5000,0.8400999999999371,0.5321,1,0.1063,0.0394,212992,15,15,0.6112,8048,0,0,16.56209945678711,6.53000020980835,1.4177000522613525,1.6634000539779663,0.14569999277591705,0.16519999504089355,0.0095,0,0.0636,1.8822,2.0909,0.0004,0.2218,1,170590,0,0,0,5000
250,35.35850143432617,2.865999937057495,14.475700378417969,2.1361000537872314,2.7616000175476074,3.0078001022338867,8.615599632263184,0.4075999855995178,5000,5009,10000,5006,10000,10000,5000,0.36880001425743103,2.2360000610351562,2.0136001110076904,5000,1.0854999999999266,0.8972,1,0.1225,0.0302,212992,15,15,0.7895,326000,0,0,17.4552001953125,9.076399803161621,2.135499954223633,3.2746999263763428,0.4399999976158142,0.11829999834299088,0,0,0,0,0,0,0,0,0,0,0,0,0
251,24.381999969482422,0.0010000000474974513,12.663599967956543,2.097599983215332,2.7936999797821045,2.003999948501587,5.593500137329102,0.38960000872612,5000,5009,10000,5006,10000,10000,5000,0.325300008058548,1.4194999933242798,2.2323999404907227,5000,0.821099999999939,0.7074,1,0.0902,0.0355,212992,15,15,0.6328,7712,0,0,12.779600143432617,5.744999885559082,1.5741000175476074,1.604099988937378,0.13600000739097595,0.18529999256134033,0,0,0,0,0,0,0,0,0,0,0,0,0
252,44.73759841918945,5.497900009155273,12.422699928283691,1.9907000064849854,2.5996999740600586,2.337399959564209,5.6016998291015625,0.3928000032901764,5000,5009,10000,5006,10000,10000,5000,0.36090001463890076,1.4573999643325806,1.7864999771118164,5000,0.8237999999999388,0.5232,1,0.0885,0.0375,212992,15,15,0.588,11984,0,0,18.030500411987305,5.760300159454346,1.3379000425338745,1.6865999698638916,0.14229999482631683,15.4753999710083,0.059,0,0.0711,1.9371,3.2378,1.0794,0.2244,1,171740,8528,4994,1272,4998
253,30.550600051879883,2.8415000438690186,12.541199684143066,2.1003000736236572,2.7047998905181885,2.0945000648498535,7.69789981842041,0.3903999924659729,5000,5009,10000,5006,10000,10000,5000,0.33970001339912415,1.416200041770935,2.041300058364868,5000,0.8148999999999392,0.6264,1,0.0903,0.0314,212992,15,15,0.6077,281632,0,0,15.49899959564209,8.025099754333496,1.4687999486923218,2.6898999214172363,0.30790001153945923,0.3799999952316284,0,0,0,0,0,0,0,0,0,0,0,0,0
254,25.189599990844727,0.0008999999845400453,12.821900367736816,2.038300037384033,2.9091999530792236,2.028899908065796,5.551599979400635,0.39890000224113464,5000,5009,10000,5006,10000,10000,5000,0.34360000491142273,1.5206999778747559,2.182300090789795,5000,0.9586999999999289,0.7221,1,0.1116,0.042800000000000005,212992,15,15,0.7553,7712,0,0,12.928299903869629,5.70419979095459,1.6974999904632568,1.8803999423980713,0.13570000231266022,0.16949999332427979,0,0,0,0,0,0,0,0,0,0,0,0,0
255,38.77349853515625,14.745699882507324,12.07979965209961,2.0409998893737793,2.649600028991699,2.134700059890747,5.904900074005127,0.3919000029563904,5000,5009,10000,5006,10000,10000,5000,0.31859999895095825,1.4006999731063843,1.7984000444412231,5000,0.8285999999999385,0.513,1,0.1024,0.0435,212992,15,15,0.6058,10616,0,0,26.931100845336914,6.057199954986572,1.330899953842163,1.6598999500274658,0.13349999487400055,0.28600001335144043,0.0022,9.504199981689453,0.0578,1.8745,3.1368,1.1153,0.1844,1,172674,8603,4994,1085,5000
256,38.52629852294922,2.269399881362915,14.952199935913086,2.1477999687194824,3.0857999324798584,3.1494998931884766,5.992400169372559,0.39329999685287476,5000,5009,10000,5006,10000,10000,5000,0.334199994802475,2.445199966430664,1.9673000574111938,5000,0.816699999999939,0.5282,1,0.0907,0.0329,212992,15,15,0.5975,217240,0,0,17.328899383544922,6.293000221252441,1.3518999814987183,2.5806000232696533,0.2818000018596649,8.526399612426758,0,0,0,0,0,0,0,0,0,0,0,0,0
257,27.254899978637695,0.0013000000035390258,15.210599899291992,2.0683999061584473,3.9762001037597656,1.9823999404907227,5.920599937438965,0.39590001106262207,5000,5009,10000,5006,10000,10000,5000,0.34060001373291016,1.4048999547958374,3.2302000522613525,5000,0.8436999999999375,0.591,1,0.091,0.039,212992,15,15,0.6538,7712,0,0,15.3818998336792,6.073999881744385,1.4255000352859497,1.6019999980926514,0.1347000002861023,0.181099995970726,0,0,0,0,0,0,0,0,0,0,0,0,0
258,27.054100036621094,2.071500062942505,12.380599975585938,1.9960999488830566,2.7688000202178955,2.0697999000549316,5.743500232696533,0.3977999985218048,5000,5009,10000,5006,10000,10000,5000,0.33489999175071716,1.4368000030517578,2.0285000801086426,5000,0.8175999999999388,0.7735,1,0.0963,0.0403,212992,15,15,0.7197,10496,0,0,14.565199851989746,5.903500080108643,1.620300054550171,2.1763999462127686,0.14180000126361847,0.19789999723434448,0,0,0,0,0,0,0,0,0,0,0,0,0
259,28.565500259399414,3.9179999828338623,9.746500015258789,2.071000099182129,0.6072999835014343,1.1467000246047974,5.43779993057251,0.3903000056743622,5000,5009,10000,5006,10000,10000,5000,0.3301999866962433,1.5228999853134155,1.981600046157837,5000,0.821699999999938,0.5029,1,0.0892,0.032100000000000004,212992,15,15,0.5689,295792,0,0,13.806400299072266,5.655799865722656,1.3179999589920044,2.5016000270843506,0.20229999721050262,2.8687000274658203,0,0,0,0,0,0,0,0,0,0,0,0,0
260,21.571500778198242,0.0008999999845400453,9.65310001373291,1.9825999736785889,0.6388000249862671,0.8400999903678894,5.467299938201904,0.3912999927997589,5000,5009,10000,5006,10000,10000,5000,0.32199999690055847,1.4315999746322632,2.3534998893737793,5000,0.8509999999999366,0.7829,1,0.0911,0.041499999999999995,212992,15,15,0.6149,7712,0,0,9.770999908447266,5.490799903869629,1.7691999673843384,1.7898000478744507,0.008200000040233135,0.16660000383853912,0,0,0,0,0,0,0,0,0,0,0,0,0
261,27.83530044555664,3.012500047683716,13.041999816894531,2.5859999656677246,2.7374000549316406,2.187299966812134,5.575399875640869,0.40939998626708984,5000,5009,10000,5006,10000,10000,5000,0.35339999198913574,1.4878000020980835,1.7331000566482544,5000,0.8161999999999389,0.6282,1,0.08959999999999999,0.0352,212992,15,15,0.7339,8048,0,0,16.161300659179688,5.743199825286865,1.466599941253662,1.608199954032898,0.14959999918937683,0.16899999976158142,0.0022,0,0.0584,1.7235,1.8701,0,0.1613,1,173306,0,0,0,4998
262,33.53969955444336,2.27020001411438,13.274700164794922,2.2049999237060547,2.8401999473571777,2.368000030517578,5.519499778747559,0.38960000872612,5000,5009,10000,5006,10000,10000,5000,0.32359999418258667,1.4318000078201294,2.2248001098632812,5000,0.8230999999999384,0.5437,1,0.09480000000000001,0.032100000000000004,212992,15,15,0.5919,212872,0,0,15.648799896240234,5.806300163269043,1.4607000350952148,2.445499897003174,0.27059999108314514,5.748799800872803,0,0,0,0,0,0,0,0,0,0,0,0,0
263,24.734899520874023,0.0012000000569969416,12.650300025939941,2.0274999141693115,2.833699941635132,1.9575999975204468,5.647200107574463,0.38989999890327454,5000,5009,10000,5006,10000,10000,5000,0.37860000133514404,1.4611999988555908,2.2174999713897705,5000,0.9869999999999257,0.5166,1,0.1071,0.0418,212992,15,15,0.7863,7712,0,0,12.767399787902832,5.814899921417236,1.343000054359436,1.611799955368042,0.14959999918937683,0.16369999945163727,0,0,0,0,0,0,0,0,0,0,0,0,0
264,30.079200744628906,5.683899879455566,12.5516996383667,2.0018999576568604,2.831199884414673,1.9991999864578247,5.5304999351501465,0.39649999141693115,5000,5009,10000,5006,10000,10000,5000,0.3643999993801117,1.40339994430542,1.9946999549865723,5000,0.8158999999999388,0.8117,1,0.08960000000000001,0.0356,212992,15,15,0.6032,10808,0,0,18.342500686645508,5.683199882507324,1.7795000076293945,1.6229000091552734,0.1363999992609024,0.18770000338554382,0.0022,0,0.0575,1.7337,3.4704,1.4704,0.212,1,174040,8729,4996,1372,4998
265,28.379600524902344,2.52839994430542,12.64229965209961,2.108799934387207,2.6751999855041504,2.1861000061035156,5.661099910736084,0.388700008392334,5000,5009,10000,5006,10000,10000,5000,0.3402000069618225,1.389799952507019,2.041599988937378,5000,0.8921999999999329,0.5641,1,0.0909,0.0297,212992,15,15,0.6124,249072,0,0,15.291600227355957,5.967599868774414,1.399999976158142,2.569000005722046,0.2888999879360199,0.5406000018119812,0,0,0,0,0,0,0,0,0,0,0,0,0
266,50.918399810791016,0.0010999999940395355,12.706700325012207,2.129699945449829,2.686500072479248,2.0106000900268555,5.732999801635742,0.40119999647140503,5000,5009,10000,5006,10000,10000,5000,0.34279999136924744,1.4316999912261963,2.2908999919891357,5000,0.8786999999999353,0.5745,1,0.091,0.0332,212992,15,15,0.6268,7712,0,0,12.820899963378906,5.888400077819824,1.4003000259399414,1.691499948501587,0.13809999823570251,26.45949935913086,0,0,0,0,0,0,0,0,0,0,0,0,0
267,40.155601501464844,15.135000228881836,13.27929973602295,2.0490000247955322,3.66510009765625,2.164299964904785,5.779900074005127,0.4023999869823456,5000,5009,10000,5006,10000,10000,5000,0.30140000581741333,1.44159996509552,1.7173999547958374,5000,0.8234999999999387,0.5658,1,0.11410000000000001,0.0385,212992,15,15,0.6013,10568,0,0,28.53339958190918,5.934999942779541,1.4147000312805176,1.580399990081787,0.13670000433921814,0.16429999470710754,0.0025,10.153499603271484,0.0587,1.6284,2.8922,1.1168,0.1797,1,174926,8733,4996,1147,5000
268,28.024099349975586,2.430799961090088,13.126299858093262,2.2636001110076904,2.80679988861084,2.4874000549316406,5.52269983291626,0.3953999876976013,5000,5009,10000,5006,10000,10000,5000,0.3659000098705292,1.486299991607666,1.8055000305175781,5000,0.8257999999999386,0.5811,1,0.08929999999999999,0.0355,212992,15,15,0.5946,266184,0,0,15.664799690246582,5.8790998458862305,1.4284000396728516,2.4570999145507812,0.3398999869823456,0.1704999953508377,0,0,0,0,0,0,0,0,0,0,0,0,0
269,23.347700119018555,0.0010999999940395355,12.226099967956543,1.9642000198364258,2.7088000774383545,1.9005999565124512,5.5030999183654785,0.39169999957084656,5000,5009,10000,5006,10000,10000,5000,0.3359000086784363,1.4593000411987305,2.0966999530792236,5000,0.822099999999938,0.4957,1,0.0891,0.0294,212992,15,15,0.5569,7712,0,0,12.331500053405762,5.662499904632568,1.3027000427246094,1.5303000211715698,0.14509999752044678,0.155799999833107,0,0,0,0,0,0,0,0,0,0,0,0,0
270,40.771400451660156,1.9571000337600708,13.06820011138916,2.2880001068115234,2.684299945831299,2.2272000312805176,5.57859992980957,0.4099999964237213,5000,5009,10000,5006,10000,10000,5000,0.4320000112056732,1.4003000259399414,2.134999990463257,5000,0.8142999999999391,0.5401,1,0.08879999999999999,0.0361,212992,15,15,0.6651,9728,0,0,15.120100021362305,5.731900215148926,1.3640999794006348,1.6013000011444092,0.13660000264644623,14.438199996948242,0,0,0,0,0,0,0,0,0,0,0,0,0
271,25.968599319458008,2.799099922180176,9.974800109863281,2.2342000007629395,0.7633000016212463,1.2203999757766724,5.805699825286865,0.4041999876499176,5000,5009,10000,5006,10000,10000,5000,0.4219000041484833,1.3824000358581543,2.013700008392334,5000,0.8214999999999385,0.5428,1,0.08959999999999999,0.0318,212992,15,15,0.7041,264112,0,0,12.916899681091309,6.008600234985352,1.3603999614715576,2.640399932861328,0.18639999628067017,0.4702000021934509,0,0,0,0,0,0,0,0,0,0,0,0,0
272,21.115699768066406,0.0008999999845400453,9.515299797058105,1.9812999963760376,0.7379000186920166,0.8411999940872192,5.492400169372559,0.39329999685287476,5000,5009,10000,5006,10000,10000,5000,0.32179999351501465,1.4301999807357788,2.318000078201294,5000,0.8506999999999373,0.6033,1,0.09000000000000001,0.0374,212992,15,15,0.6097,7712,0,0,9.628899574279785,5.51639986038208,1.4345999956130981,1.8200000524520874,0.008799999952316284,0.19169999659061432,0,0,0,0,0,0,0,0,0,0,0,0,0
273,35.85969924926758,3.20770001411438,12.368300437927246,2.151400089263916,2.8505001068115234,1.982800006866455,5.48199987411499,0.3831999897956848,5000,5009,10000,5006,10000,10000,5000,0.28940001130104065,1.4190000295639038,1.8911999464035034,5000,0.837899999999938,0.5204,1,0.0896,0.0286,212992,15,15,0.5722,8048,0,0,15.690600395202637,5.652200222015381,1.3348000049591064,1.694200038909912,0.1543000042438507,9.057700157165527,0.0021,0,0.0598,1.928,2.0761,0,0.174,1,175328,0,0,0,4999
274,28.58329963684082,2.361299991607666,13.18220043182373,2.115999937057495,3.394399881362915,2.08870005607605,5.943699836730957,0.3921000063419342,5000,5009,10000,5006,10000,10000,5000,0.3522999882698059,1.3803000450134277,1.979099988937378,5000,0.8153999999999393,0.5219,1,0.09079999999999999,0.036,212992,15,15,0.5964,206560,0,0,15.661100387573242,6.258999824523926,1.3323999643325806,2.6751999855041504,0.2971000075340271,0.18709999322891235,0,0,0,0,0,0,0,0,0,0,0,0,0
275,25.02910041809082,0.0008999999845400453,13.210000038146973,2.3136000633239746,2.728300094604492,2.043299913406372,5.5152997970581055,0.3878999948501587,5000,5009,10000,5006,10000,10000,5000,0.35249999165534973,1.4019999504089355,2.3441998958587646,5000,0.8352999999999372,0.6035,1,0.08940000000000001,0.0285,212992,15,15,0.558,7712,0,0,13.328100204467773,5.672100067138672,1.4359999895095825,1.9938000440597534,0.14100000262260437,0.18310000002384186,0,0,0,0,0,0,0,0,0,0,0,0,0
276,38.618099212646484,15.39109992980957,11.771300315856934,1.9494999647140503,2.640700101852417,1.9871000051498413,5.5894999504089355,0.38530001044273376,5000,5009,10000,5006,10000,10000,5000,0.3303999900817871,1.4158999919891357,1.7217999696731567,5000,0.8318999999999374,0.5306,1,0.0925,0.035500000000000004,212992,15,15,0.5977,10496,0,0,27.282400131225586,5.756199836730957,1.3551000356674194,1.5887999534606934,0.14980000257492065,0.17139999568462372,0.0023,10.3193998336792,0.0583,1.6212,3.0173,1.202,0.1796,1,175914,8860,4996,1356,5000
277,39.8401985168457,2.4795000553131104,13.057299613952637,2.288599967956543,2.9556000232696533,2.422300100326538,5.954699993133545,0.40209999680519104,5000,5009,10000,5006,10000,10000,5000,0.36809998750686646,1.3956999778747559,1.7486000061035156,5000,0.8799999999999342,0.5613,1,0.08950000000000001,0.0374,212992,15,15,0.607,268792,0,0,15.643199920654297,6.284999847412109,1.3996000289916992,2.5587000846862793,0.3109000027179718,11.383299827575684,0,0,0,0,0,0,0,0,0,0,0,0,0
278,25.497299194335938,0.00139999995008111,13.111300468444824,2.027600049972534,2.8889000415802,1.995300054550171,5.593299865722656,0.38530001044273376,5000,5009,10000,5006,10000,10000,5000,0.3084999918937683,1.3868999481201172,2.424099922180176,5000,0.9155999999999319,0.7721,1,0.1094,0.045399999999999996,212992,15,15,0.7467,7712,0,0,13.26140022277832,5.853300094604492,1.7380000352859497,1.6303000450134277,0.2442999929189682,0.19789999723434448,0,0,0,0,0,0,0,0,0,0,0,0,0
279,39.00870132446289,14.8056001663208,12.512299537658691,2.183799982070923,2.8348000049591064,2.046799898147583,5.517899990081787,0.39730000495910645,5000,5009,10000,5006,10000,10000,5000,0.3346000015735626,1.4169000387191772,1.8918999433517456,5000,0.8808999999999317,0.5484,1,0.1189,0.0365,212992,15,15,0.6497,13256,0,0,27.445499420166016,5.684899806976318,1.3698999881744385,1.6456999778747559,0.15080000460147858,0.2029999941587448,0.0024,9.680899620056152,0.0577,1.7384,3.0198,1.1341,0.1939,1,176382,8953,4996,1188,4999
280,28.412500381469727,2.6243999004364014,12.644399642944336,2.1249001026153564,2.775399923324585,2.1579999923706055,5.503200054168701,0.4187999963760376,5000,5009,10000,5006,10000,10000,5000,0.3531000018119812,1.417799949645996,1.947100043296814,5000,0.8391999999999381,0.5464,1,0.08900000000000001,0.0374,212992,15,15,0.6107,280376,0,0,15.396300315856934,5.87060022354126,1.3694000244140625,3.1080000400543213,0.3506999909877777,0.16830000281333923,0,0,0,0,0,0,0,0,0,0,0,0,0
281,27.471900939941406,0.0010000000474974513,15.898099899291992,3.3220999240875244,4.059500217437744,2.099100112915039,5.530900001525879,0.6040999889373779,5000,5009,10000,5006,10000,10000,5000,0.32269999384880066,1.4657000303268433,2.18969988822937,5000,0.8368999999999372,0.5413,1,0.09010000000000001,0.0322,212992,15,15,0.6636,7712,0,0,16.00550079345703,5.684100151062012,1.4061000347137451,1.6505000591278076,0.13590000569820404,0.195700004696846,0,0,0,0,0,0,0,0,0,0,0,0,0
282,26.1914005279541,2.1015000343322754,12.458100318908691,2.0780999660491943,2.9381000995635986,1.9230999946594238,5.787399768829346,0.3894999921321869,5000,5009,10000,5006,10000,10000,5000,0.2822999954223633,1.4138000011444092,2.0748000144958496,5000,0.8191999999999386,0.5311,1,0.0948,0.025,212992,15,15,0.6076,10568,0,0,14.68850040435791,5.933800220489502,1.3523000478744507,1.5800000429153442,0.13019999861717224,0.18000000715255737,0,0,0,0,0,0,0,0,0,0,0,0,0
283,52.76169967651367,2.400700092315674,9.763299942016602,2.2532999515533447,0.7710000276565552,1.054800033569336,5.4745001792907715,0.3921000063419342,5000,5009,10000,5006,10000,10000,5000,0.34130001068115234,1.3731000423431396,2.1368000507354736,5000,0.8258999999999378,0.5591,1,0.0887,0.0318,212992,15,15,0.6476,217104,0,0,12.284099578857422,5.645199775695801,1.4031000137329102,2.81820011138916,0.15410000085830688,28.121200561523438,0,0,0,0,0,0,0,0,0,0,0,0,0
284,25.959699630737305,0.0008999999845400453,12.117199897766113,2.18530011177063,0.7742000222206116,1.4981000423431396,7.307000160217285,0.4235999882221222,5000,5009,10000,5006,10000,10000,5000,0.3515999913215637,3.015199899673462,2.3361001014709473,5000,1.0219999999999223,0.5438,1,0.1159,0.0462,212992,15,15,0.7853,7712,0,0,12.261500358581543,7.343800067901611,1.4472999572753906,1.4812999963760376,0.01269999984651804,0.19290000200271606,0,0,0,0,0,0,0,0,0,0,0,0,0
285,27.38640022277832,3.052500009536743,12.280699729919434,2.1048998832702637,2.7163000106811523,2.0120999813079834,5.949999809265137,0.39309999346733093,5000,5009,10000,5006,10000,10000,5000,0.3156999945640564,1.4638999700546265,1.9016000032424927,5000,0.8319999999999379,0.5616,1,0.089,0.0313,212992,15,15,0.5959,8048,0,0,15.447099685668945,6.119100093841553,1.4257999658584595,1.7000999450683594,0.14880000054836273,0.21389999985694885,0.0021,0,0.0583,1.7898,1.9453,0.0001,0.1616,1,177348,0,0,0,4998
286,30.785499572753906,2.803499937057495,13.739899635314941,2.1501998901367188,2.7906999588012695,2.401400089263916,5.531199932098389,0.4097000062465668,5000,5009,10000,5006,10000,10000,5000,0.3792000114917755,1.4129999876022339,2.552799940109253,5000,0.8363999999999363,0.5573,1,0.08910000000000001,0.0346,212992,15,15,0.5641,320128,0,0,16.654699325561523,5.855599880218506,1.3797999620437622,2.436500072479248,0.3066999912261963,1.9954999685287476,0,0,0,0,0,0,0,0,0,0,0,0,0
287,24.43950080871582,0.0008999999845400453,12.570300102233887,2.0211000442504883,2.7713000774383545,1.9967000484466553,5.574900150299072,0.3937000036239624,5000,5009,10000,5006,10000,10000,5000,0.35440000891685486,1.4033000469207764,2.2730000019073486,5000,0.8451999999999361,0.768,1,0.13119999999999998,0.042,212992,15,15,0.6304,7712,0,0,12.676899909973145,5.721499919891357,1.5992000102996826,1.673799991607666,0.13030000030994415,0.17790000140666962,0,0,0,0,0,0,0,0,0,0,0,0,0
288,29.983600616455078,4.92549991607666,12.733200073242188,2.068000078201294,2.697000026702881,2.7286999225616455,5.687300205230713,0.41530001163482666,5000,5009,10000,5006,10000,10000,5000,0.33500000834465027,1.5370999574661255,1.5921000242233276,5000,0.8286999999999387,0.7286,1,0.0905,0.0315,212992,15,15,0.8374,9656,0,0,17.781299591064453,5.857500076293945,1.586899995803833,1.8460999727249146,0.1525000035762787,0.18440000712871552,0.0019,0,0.0578,1.5758,2.8265,1.1043,0.161,1,178286,8989,4996,1419,4999
289,29.188199996948242,2.6196999549865723,13.822799682617188,2.5810999870300293,2.8854000568389893,2.3566999435424805,5.671199798583984,0.3912000060081482,5000,5009,10000,5006,10000,10000,5000,0.3610999882221222,1.6796000003814697,2.045300006866455,5000,0.8263999999999382,0.5466,1,0.089,0.0349,212992,15,15,0.6159,268056,0,0,16.555200576782227,5.996099948883057,1.3631000518798828,2.599600076675415,0.3061999976634979,0.22110000252723694,0,0,0,0,0,0,0,0,0,0,0,0,0
290,23.802799224853516,0.0007999999797903001,12.382800102233887,1.9728000164031982,2.6953999996185303,1.93149995803833,5.616099834442139,0.38600000739097595,5000,5009,10000,5006,10000,10000,5000,0.37709999084472656,1.416100025177002,2.2558000087738037,5000,0.8312999999999381,0.5028,1,0.0955,0.0332,212992,15,15,0.6043,7712,0,0,12.487799644470215,5.770999908447266,1.3222999572753906,1.5950000286102295,0.13850000500679016,0.17440000176429749,0,0,0,0,0,0,0,0,0,0,0,0,0
291,41.244998931884766,16.20680046081543,12.460700035095215,2.1238999366760254,2.887500047683716,1.9953999519348145,5.520899772644043,0.4074000120162964,5000,5009,10000,5006,10000,10000,5000,0.32409998774528503,1.433899998664856,1.9074000120162964,5000,0.823299999999938,0.5345,1,0.0885,0.0323,212992,15,15,0.6207,11120,0,0,28.779699325561523,5.68179988861084,1.358199954032898,1.6504000425338745,0.1444000005722046,1.3125,0.0022,10.756400108337402,0.0585,2.1937,3.4472,1.1055,0.1797,1,179208,9068,4995,1211,4999
292,29.644399642944336,3.1940999031066895,13.211299896240234,2.115799903869629,2.72189998626709,2.1561999320983887,6.307499885559082,0.38850000500679016,5000,5009,10000,5006,10000,10000,5000,0.34310001134872437,1.3788000345230103,2.6542999744415283,5000,0.8255999999999384,0.5316,1,0.09310000000000002,0.0338,212992,15,15,0.5949,316368,0,0,16.51959991455078,6.663300037384033,1.3681999444961548,2.4477999210357666,0.33880001306533813,0.16769999265670776,0,0,0,0,0,0,0,0,0,0,0,0,0
293,26.435199737548828,0.0012000000569969416,13.866999626159668,2.0192999839782715,3.5571000576019287,1.9953999519348145,5.94980001449585,0.3862000107765198,5000,5009,10000,5006,10000,10000,5000,0.3837999999523163,1.4284000396728516,2.472399950027466,5000,0.8181999999999385,0.6806,1,0.09830000000000001,0.0407,212992,15,15,0.9125,7712,0,0,13.99940013885498,6.103000164031982,1.5429999828338623,1.8331999778747559,0.1348000019788742,0.17790000140666962,0,0,0,0,0,0,0,0,0,0,0,0,0
294,27.704599380493164,2.0576999187469482,13.106300354003906,2.0524001121520996,3.2012999057769775,1.9279999732971191,5.622399806976318,0.39259999990463257,5000,5009,10000,5006,10000,10000,5000,0.3614000082015991,1.4508999586105347,2.3118999004364014,5000,0.8196999999999388,0.8192,1,0.1058,0.0341,212992,15,15,0.8483,11120,0,0,15.306599617004395,5.795400142669678,1.6723999977111816,1.9917000532150269,0.15379999577999115,0.19200000166893005,0,0,0,0,0,0,0,0,0,0,0,0,0
295,26.985599517822266,3.890700101852417,9.946399688720703,2.2014999389648438,0.7523999810218811,1.1236000061035156,5.820000171661377,0.399399995803833,5000,5009,10000,5006,10000,10000,5000,0.35370001196861267,1.4562000036239624,2.144700050354004,5000,0.818299999999939,0.6579,1,0.0903,0.0339,212992,15,15,0.5736,277800,0,0,13.959500312805176,6.038099765777588,1.4982999563217163,2.7846999168395996,0.19979999959468842,0.26420000195503235,0,0,0,0,0,0,0,0,0,0,0,0,0
296,21.91160011291504,0.0008999999845400453,9.58080005645752,2.0102999210357666,0.7297999858856201,0.8442999720573425,6.040800094604492,0.4122999906539917,5000,5009,10000,5006,10000,10000,5000,0.3425000011920929,1.4628000259399414,2.325900077819824,5000,0.8312999999999375,0.8702,1,0.0907,0.0332,212992,15,15,0.6362,7712,0,0,9.689200401306152,6.069499969482422,1.9395999908447266,1.5109000205993652,0.008899999782443047,0.15929999947547913,0,0,0,0,0,0,0,0,0,0,0,0,0
297,28.598600387573242,3.2093000411987305,13.58430004119873,2.083199977874756,2.905100107192993,2.539900064468384,5.871399879455566,0.6029999852180481,5000,5009,10000,5006,10000,10000,5000,0.36239999532699585,1.4464999437332153,1.955199956893921,5000,0.8284999999999387,0.5222,1,0.1055,0.031100000000000003,212992,15,15,0.614,8048,0,0,16.90019989013672,6.038099765777588,1.3559999465942383,1.5667999982833862,0.14910000562667847,0.14569999277591705,0.0023,0,0.0583,1.8732,2.0211,0.0001,0.1654,1,179730,0,0,0,4993
298,28.585800170898438,3.1844000816345215,12.535799980163574,2.1719000339508057,2.628700017929077,2.2465999126434326,5.499599933624268,0.3887999951839447,5000,5009,10000,5006,10000,10000,5000,0.367000013589859,1.4464999437332153,1.8625999689102173,5000,0.8199999999999392,0.6347,1,0.0885,0.0356,212992,15,15,0.5638,358624,0,0,15.825699806213379,5.887599945068359,1.4606000185012817,2.820499897003174,0.3720000088214874,0.18140000104904175,0,0,0,0,0,0,0,0,0,0,0,0,0
299,25.77429962158203,0.0010000000474974513,13.435400009155273,2.001300096511841,2.7676000595092773,2.495800018310547,6.2322998046875,0.3984000086784363,5000,5009,10000,5006,10000,10000,5000,0.359499990940094,1.729699969291687,2.250999927520752,5000,0.8163999999999391,0.7261,1,0.09549999999999999,0.0374,212992,15,15,0.5776,7712,0,0,13.548100471496582,6.379300117492676,1.5505000352859497,1.6742000579833984,0.12399999797344208,0.1754000037908554,0,0,0,0,0,0,0,0,0,0,0,0,0
300,37.20539855957031,5.073400020599365,12.700400352478027,2.036400079727173,2.8338000774383545,2.202500104904175,6.556700229644775,0.3912000060081482,5000,5009,10000,5006,10000,10000,5000,0.325300008058548,1.4234000444412231,2.0374999046325684,5000,0.8205999999999392,0.6043,1,0.08879999999999999,0.0318,212992,15,15,0.5685,9128,0,0,17.917699813842773,6.70989990234375,1.4228999614715576,1.5960999727249146,0.13619999587535858,7.119999885559082,0.0024,0,0.0589,1.7937,3.0394,1.0975,0.1705,1,180436,9107,4994,1403,4997
301,29.167800903320312,2.8666999340057373,13.176899909973145,2.1203999519348145,2.77239990234375,2.5404999256134033,5.944200038909912,0.4198000133037567,5000,5009,10000,5006,10000,10000,5000,0.3928000032901764,1.4452999830245972,2.065200090408325,5000,0.8468999999999378,0.5321,1,0.08929999999999999,0.033600000000000005,212992,15,15,0.6017,272488,0,0,16.151599884033203,6.307400226593018,1.3624000549316406,2.6970999240875244,0.3456999957561493,0.17669999599456787,0,0,0,0,0,0,0,0,0,0,0,0,0
302,25.369199752807617,0.0010000000474974513,13.037799835205078,2.29830002784729,2.902400016784668,2.0185000896453857,5.579100131988525,0.40149998664855957,5000,5009,10000,5006,10000,10000,5000,0.36039999127388,1.4150999784469604,2.2441000938415527,5000,0.8199999999999384,0.6845,1,0.1006,0.030900000000000004,212992,15,15,0.8847,7712,0,0,13.17020034790039,5.72599983215332,1.5166000127792358,2.022599935531616,0.13040000200271606,0.1875,0,0,0,0,0,0,0,0,0,0,0,0,0
303,38.90119934082031,15.235899925231934,12.043999671936035,1.9859999418258667,2.7039999961853027,1.9530999660491943,5.649799823760986,0.3952000141143799,5000,5009,10000,5006,10000,10000,5000,0.3450999855995178,1.424299955368042,1.8812999725341797,5000,0.8238999999999379,0.5404,1,0.12340000000000001,0.0398,212992,15,15,0.6427,10592,0,0,27.43000030517578,5.804699897766113,1.3595999479293823,1.5780999660491943,0.13860000669956207,0.16670000553131104,0.0022,10.111700057983398,0.0571,1.6805,2.9231,1.0961,0.1855,1,181090,9201,4997,1260,4993
304,32.354000091552734,3.1412999629974365,16.121700286865234,3.7486000061035156,3.8108999729156494,2.2632999420166016,5.741499900817871,0.6194000244140625,5000,5009,10000,5006,10000,10000,5000,0.4074999988079071,1.5254000425338745,1.9375,5000,0.8851999999999355,0.5456,1,0.0925,0.0383,212992,15,15,0.6129,377752,0,0,19.386999130249023,6.2322001457214355,1.3889000415802002,2.5499000549316406,0.4733000099658966,0.15790000557899475,0,0,0,0,0,0,0,0,0,0,0,0,0
305,24.40250015258789,0.0008999999845400453,13.069499969482422,2.039400100708008,2.80679988861084,2.262700080871582,5.549499988555908,0.39590001106262207,5000,5009,10000,5006,10000,10000,5000,0.37400001287460327,1.5390000343322754,2.226300001144409,5000,0.8150999999999389,0.5293,1,0.09,0.0315,212992,15,15,0.5623,7712,0,0,13.191100120544434,5.70989990234375,1.3370000123977661,1.590499997138977,0.14180000126361847,0.18240000307559967,0,0,0,0,0,0,0,0,0,0,0,0,0
306,26.109399795532227,2.232800006866455,12.079500198364258,1.9682999849319458,2.6403000354766846,1.9474999904632568,5.893599987030029,0.39399999380111694,5000,5009,10000,5006,10000,10000,5000,0.3971000015735626,1.402899980545044,1.9648000001907349,5000,0.8217999999999384,0.5236,1,0.0881,0.035,212992,15,15,0.5641,10088,0,0,14.439499855041504,6.066800117492676,1.4420000314712524,1.5650999546051025,0.14090000092983246,0.17589999735355377,0,0,0,0,0,0,0,0,0,0,0,0,0
307,25.17840003967285,2.751699924468994,9.627400398254395,2.0922999382019043,0.6384000182151794,1.2137000560760498,5.572000026702881,0.5332000255584717,5000,5009,10000,5006,10000,10000,5000,0.48030000925064087,1.4383000135421753,1.7497999668121338,5000,0.8492999999999354,0.7243,1,0.09620000000000001,0.037000000000000005,212992,15,15,0.5935,278880,0,0,12.483200073242188,5.807400226593018,1.583299994468689,2.5982000827789307,0.21690000593662262,0.18639999628067017,0,0,0,0,0,0,0,0,0,0,0,0,0
308,21.105100631713867,0.0008999999845400453,9.369799613952637,1.96589994430542,0.6205000281333923,0.8550999760627747,5.581099987030029,0.38989999890327454,5000,5009,10000,5006,10000,10000,5000,0.3073999881744385,1.4076000452041626,2.2878000736236572,5000,0.8324999999999376,0.6855,1,0.1132,0.0411,212992,15,15,0.8493,7712,0,0,9.501700401306152,5.6072001457214355,1.5390000343322754,1.517799973487854,0.009600000455975533,0.16210000216960907,0,0,0,0,0,0,0,0,0,0,0,0,0
309,27.294599533081055,3.2827999591827393,12.038700103759766,1.9664000272750854,2.7011001110076904,1.9470000267028809,5.503499984741211,0.3952000141143799,5000,5009,10000,5006,10000,10000,5000,0.27900001406669617,1.4016000032424927,1.909500002861023,5000,0.8497999999999364,0.5215,1,0.0905,0.034100000000000005,212992,15,15,0.6037,8048,0,0,15.427399635314941,5.671999931335449,1.3420000076293945,1.6139999628067017,0.15160000324249268,0.7734000086784363,0.0024,0,0.0586,1.8559,2.0044,0.0001,0.165,1,181808,0,0,0,4987
310,30.811199188232422,2.910900115966797,13.15470027923584,2.361599922180176,2.7820000648498535,2.286400079727173,6.673999786376953,0.3986000120639801,5000,5009,10000,5006,10000,10000,5000,0.36579999327659607,1.3968000411987305,2.071199893951416,5000,1.0848999999999214,0.5666,1,0.13429999999999997,0.0377,212992,15,15,0.8136,268336,0,0,16.173599243164062,7.1006999015808105,1.5044000148773193,2.5302999019622803,0.4047999978065491,0.17339999973773956,0,0,0,0,0,0,0,0,0,0,0,0,0
311,24.948999404907227,0.0010999999940395355,13.227800369262695,2.000499963760376,3.0573999881744385,2.2414000034332275,5.5980000495910645,0.39809998869895935,5000,5009,10000,5006,10000,10000,5000,0.34380000829696655,1.5827000141143799,2.198699951171875,5000,0.8383999999999381,0.5574,1,0.1059,0.0434,212992,15,15,0.7764,7712,0,0,13.338600158691406,5.744900226593018,1.393399953842163,1.6104999780654907,0.12890000641345978,0.17730000615119934,0,0,0,0,0,0,0,0,0,0,0,0,0
312,30.255300521850586,5.206999778747559,13.039799690246582,2.001699924468994,2.834700107574463,2.188499927520752,5.531899929046631,0.39660000801086426,5000,5009,10000,5006,10000,10000,5000,0.39500001072883606,2.0309998989105225,1.7360999584197998,5000,0.8191999999999392,0.609,1,0.09,0.0333,212992,15,15,0.5994,10616,0,0,18.351600646972656,5.786799907684326,1.4315999746322632,2.036600112915039,0.13819999992847443,0.18209999799728394,0.0025,0,0.0685,1.9056,3.2896,1.226,0.1751,1,182302,9424,4995,1529,4991
313,48.36009979248047,3.575900077819824,13.265000343322754,2.098599910736084,2.663599967956543,2.2709999084472656,5.805300235748291,0.38100001215934753,5000,5009,10000,5006,10000,10000,5000,0.35670000314712524,1.9840999841690063,2.0476999282836914,5000,0.8251999999999378,0.5427,1,0.0901,0.034,212992,15,15,0.7069,271960,0,0,16.971399307250977,6.165800094604492,1.3662999868392944,2.5947999954223633,0.33820000290870667,18.667600631713867,0,0,0,0,0,0,0,0,0,0,0,0,0
314,25.598400115966797,0.0012000000569969416,13.187899589538574,2.0497000217437744,2.879499912261963,1.9271999597549438,6.454500198364258,0.3887999951839447,5000,5009,10000,5006,10000,10000,5000,0.39989998936653137,1.4057999849319458,2.7126998901367188,5000,0.8259999999999381,0.5563,1,0.09749999999999999,0.031100000000000003,212992,15,15,0.639,7712,0,0,13.316399574279785,6.599899768829346,1.3789000511169434,1.6015000343322754,0.1266999989748001,0.164900004863739,0,0,0,0,0,0,0,0,0,0,0,0,0
315,39.63710021972656,14.909099578857422,12.83650016784668,2.1092000007629395,2.7790000438690186,2.6619999408721924,5.542300224304199,0.39010000228881836,5000,5009,10000,5006,10000,10000,5000,0.28369998931884766,1.4539999961853027,1.8251999616622925,5000,0.8154999999999393,0.5834,1,0.09539999999999998,0.0332,212992,15,15,0.7407,11216,0,0,27.864500045776367,5.694399833679199,1.4119000434875488,1.856600046157837,0.13529999554157257,0.13570000231266022,0.002,9.527299880981445,0.0582,1.9647,3.2484,1.1348,0.1836,1,183090,9473,4994,1308,4986
316,29.796100616455078,2.804800033569336,12.622900009155273,2.2160000801086426,2.7200000286102295,2.2988998889923096,5.973800182342529,0.3869999945163727,5000,5009,10000,5006,10000,10000,5000,0.35600000619888306,1.3871999979019165,1.8531999588012695,5000,0.8443999999999356,0.9457,1,0.08959999999999999,0.037000000000000005,212992,15,15,0.6722,282808,0,0,15.541299819946289,6.340700149536133,1.8597999811172485,3.3254001140594482,0.35019999742507935,0.17649999260902405,0,0,0,0,0,0,0,0,0,0,0,0,0
317,38.546600341796875,0.0010000000474974513,13.121500015258789,2.063499927520752,2.8015999794006348,2.0550999641418457,5.541999816894531,0.4016000032424927,5000,5009,10000,5006,10000,10000,5000,0.3240000009536743,1.4012999534606934,2.422300100326538,5000,0.8238999999999386,0.5432,1,0.0884,0.038099999999999995,212992,15,15,0.6976,7712,0,0,13.282600402832031,5.6809000968933105,1.3650000095367432,1.6512999534606934,0.1216999962925911,14.009300231933594,0,0,0,0,0,0,0,0,0,0,0,0,0
318,27.40130043029785,2.0481998920440674,13.320500373840332,2.0917000770568848,3.524899959564209,1.988700032234192,6.1092000007629395,0.4034999907016754,5000,5009,10000,5006,10000,10000,5000,0.38960000872612,1.3985999822616577,2.0820999145507812,5000,0.8182999999999382,0.5408,1,0.08839999999999999,0.0382,212992,15,15,0.6338,10376,0,0,15.496999740600586,6.270999908447266,1.3653000593185425,1.5943000316619873,0.13449999690055847,0.18119999766349792,0,0,0,0,0,0,0,0,0,0,0,0,0
319,26.45050048828125,2.924099922180176,10.20680046081543,2.097599983215332,0.7785000205039978,1.3877999782562256,5.56790018081665,0.45730000734329224,5000,5009,10000,5006,10000,10000,5000,0.3709999918937683,1.447100043296814,2.2026000022888184,5000,0.8627999999999363,0.8517,1,0.09129999999999999,0.0327,212992,15,15,0.6808,277368,0,0,13.254899978637695,5.824699878692627,1.711899995803833,2.83489990234375,0.23929999768733978,0.17790000140666962,0,0,0,0,0,0,0,0,0,0,0,0,0
320,28.9148006439209,0.0010000000474974513,9.644100189208984,2.0048999786376953,0.7907000184059143,0.8629000186920166,5.57859992980957,0.38350000977516174,5000,5009,10000,5006,10000,10000,5000,0.3481999933719635,1.4839999675750732,2.345099925994873,5000,0.8273999999999391,0.561,1,0.0897,0.0324,212992,15,15,0.6346,7712,0,0,9.782099723815918,5.609799861907959,1.3805999755859375,1.475600004196167,0.01119999960064888,8.164999961853027,0,0,0,0,0,0,0,0,0,0,0,0,0
321,27.507999420166016,3.412400007247925,11.750800132751465,1.9570000171661377,2.6310999393463135,1.9169000387191772,5.979000091552734,0.39340001344680786,5000,5009,10000,5006,10000,10000,5000,0.3707999885082245,1.3924000263214111,1.7645000219345093,5000,0.8348999999999392,0.6211,1,0.0885,0.0364,212992,15,15,0.85,8048,0,0,15.31410026550293,6.1433000564575195,1.4491000175476074,1.6238000392913818,0.1451999992132187,0.18019999563694,0.0022,0,0.0589,1.9714,2.122,0.0001,0.2122,1,183364,0,0,0,4958
322,31.410900115966797,3.3373000621795654,13.711400032043457,2.2985000610351562,3.170599937438965,2.249799966812134,5.706600189208984,0.3912000060081482,5000,5009,10000,5006,10000,10000,5000,0.3409999907016754,1.4555000066757202,2.2571001052856445,5000,0.9881999999999275,0.5678,1,0.0906,0.033100000000000004,212992,15,15,0.8218,361672,0,0,17.178699493408203,6.19189977645874,1.4322999715805054,3.2767999172210693,0.4650000035762787,0.1362999975681305,0,0,0,0,0,0,0,0,0,0,0,0,0
323,24.292999267578125,0.0008999999845400453,12.7052001953125,2.022599935531616,2.769399881362915,1.99590003490448,5.504499912261963,0.5313000082969666,5000,5009,10000,5006,10000,10000,5000,0.3571999967098236,1.4221999645233154,2.244800090789795,5000,0.814999999999939,0.6069,1,0.09620000000000001,0.0361,212992,15,15,0.6565,7712,0,0,12.820899963378906,5.64870023727417,1.4617999792099,1.6799999475479126,0.1274999976158142,0.16779999434947968,0,0,0,0,0,0,0,0,0,0,0,0,0
324,30.31450080871582,5.330699920654297,12.939499855041504,2.1161000728607178,2.6305999755859375,2.0035998821258545,5.680300235748291,0.544700026512146,5000,5009,10000,5006,10000,10000,5000,0.29840001463890076,1.8105000257492065,1.7760000228881836,5000,0.8230999999999388,0.5934,1,0.0898,0.0338,212992,15,15,0.771,10856,0,0,18.429399490356445,5.836699962615967,1.4413000345230103,1.794600009918213,0.1348000019788742,0.1785999983549118,0.0027,0,0.0811,1.7387,3.1105,1.1992,0.1972,1,184288,9453,4994,1548,4958
325,28.714500427246094,3.0822999477386475,12.679699897766113,2.120300054550171,2.6898999214172363,2.188800096511841,5.520100116729736,0.3806999921798706,5000,5009,10000,5006,10000,10000,5000,0.34630000591278076,1.3885999917984009,2.11929988861084,5000,0.8483999999999372,0.5434,1,0.09849999999999999,0.0402,212992,15,15,0.6542,322664,0,0,15.872699737548828,5.8892998695373535,1.3842999935150146,2.8097000122070312,0.3521000146865845,0.1907999962568283,0,0,0,0,0,0,0,0,0,0,0,0,0
326,24.16390037536621,0.0008999999845400453,12.658599853515625,1.9881999492645264,2.7751998901367188,1.9098999500274658,5.554900169372559,0.3917999863624573,5000,5009,10000,5006,10000,10000,5000,0.3862000107765198,1.3911000490188599,2.406100034713745,5000,0.8223999999999393,0.5409,1,0.0889,0.0313,212992,15,15,0.6318,7712,0,0,12.78320026397705,5.695199966430664,1.378499984741211,1.6371999979019165,0.12489999830722809,0.17820000648498535,0,0,0,0,0,0,0,0,0,0,0,0,0
327,62.00659942626953,14.602899551391602,13.22130012512207,2.1154000759124756,2.9718000888824463,2.116300106048584,7.159299850463867,0.40540000796318054,5000,5009,10000,5006,10000,10000,5000,0.3714999854564667,2.078399896621704,1.729099988937378,5000,1.0602999999999232,0.8429,1,0.1184,0.0385,212992,15,15,0.8409,11024,0,0,27.944700241088867,7.3480000495910645,1.9462000131607056,2.040800094604492,0.1687999963760376,19.441600799560547,0.0024,9.624699592590332,0.0566,1.7228,2.9703,1.0982,0.1762,1,184740,9488,4994,1331,4935
328,39.30739974975586,3.353600025177002,13.236300468444824,2.1250998973846436,2.806299924850464,2.587100028991699,6.087800025939941,0.3887999951839447,5000,5009,10000,5006,10000,10000,5000,0.33809998631477356,1.448199987411499,1.926300048828125,5000,0.9552999999999284,0.6688,1,0.10829999999999998,0.0395,212992,15,15,0.815,316328,0,0,16.69729995727539,6.488399982452393,1.5135999917984009,2.9119999408721924,0.38280001282691956,8.635100364685059,0,0,0,0,0,0,0,0,0,0,0,0,0
329,29.084400177001953,0.0010000000474974513,13.59220027923584,2.1658999919891357,2.8478000164031982,2.084700107574463,5.713099956512451,0.39989998936653137,5000,5009,10000,5006,10000,10000,5000,0.32910001277923584,1.4638999700546265,2.6967999935150146,5000,0.8384999999999385,0.6116,1,0.09009999999999999,0.0318,212992,15,15,0.6666,7712,0,0,13.73289966583252,5.849999904632568,1.4860999584197998,1.7547999620437622,0.11890000104904175,3.6842000484466553,0,0,0,0,0,0,0,0,0,0,0,0,0
330,37.30849838256836,1.8774000406265259,12.694700241088867,2.1257998943328857,2.7014000415802,2.148099899291992,5.625999927520752,0.39640000462532043,5000,5009,10000,5006,10000,10000,5000,0.3479999899864197,1.476099967956543,2.109800100326538,5000,0.8169999999999389,0.5915,1,0.09300000000000001,0.0339,212992,15,15,0.8229,36240,1,1,23.47800064086914,5.767199993133545,1.4306000471115112,1.7027000188827515,0.12460000067949295,2.2479000091552734,0,0,0,0,0,0,0,0,0,0,0,0,0
331,28.87980079650879,2.8743999004364014,9.471400260925293,2.1354000568389893,0.5932000279426575,1.1246999502182007,5.949999809265137,0.3968000113964081,5000,5009,10000,5006,10000,10000,5000,0.3346000015735626,1.3889000415802002,2.0028998851776123,5000,0.9600999999999285,0.5876,1,0.10750000000000001,0.0371,212992,15,15,0.7653,285112,0,0,12.456100463867188,6.224699974060059,1.4286999702453613,2.50819993019104,0.25609999895095825,3.254699945449829,0,0,0,0,0,0,0,0,0,0,0,0,0
332,38.201900482177734,0.0008999999845400453,9.854700088500977,2.0892999172210693,1.0781999826431274,0.9194999933242798,5.622300148010254,0.40220001339912415,5000,5009,10000,5006,10000,10000,5000,0.2754000127315521,1.4219000339508057,2.279099941253662,5000,0.836099999999939,0.5909,1,0.0895,0.032100000000000004,212992,15,15,0.7057,7712,0,0,9.969400405883789,5.646500110626221,1.5111000537872314,1.5891000032424927,0.007899999618530273,16.91699981689453,0,0,0,0,0,0,0,0,0,0,0,0,0
333,28.470699310302734,3.5111000537872314,12.25879955291748,2.3076000213623047,2.697200059890747,1.9617999792099,5.494100093841553,0.4138000011444092,5000,5009,10000,5006,10000,10000,5000,0.3427000045776367,1.3990000486373901,1.7041000127792358,5000,0.8240999999999381,0.577,1,0.0886,0.0325,212992,15,15,0.663,8048,0,0,15.909600257873535,5.661900043487549,1.3996000289916992,1.7166999578475952,0.15209999680519104,1.2209999561309814,0.003,0,0.0864,2.0625,2.2417,0.0001,0.163,1,185200,0,0,0,4892
334,37.3140983581543,3.1003000736236572,13.145099639892578,2.2155001163482666,2.90310001373291,2.261899948120117,5.537199974060059,0.4081999957561493,5000,5009,10000,5006,10000,10000,5000,0.337799996137619,1.3885999917984009,2.0794999599456787,5000,0.815499999999939,0.6164,1,0.0902,0.033,212992,15,15,0.6303,334056,0,0,16.359100341796875,5.868299961090088,1.4696999788284302,2.5787999629974365,0.3147999942302704,8.565099716186523,0,0,0,0,0,0,0,0,0,0,0,0,0
335,24.565900802612305,0.0008999999845400453,12.672900199890137,1.9823999404907227,2.8176000118255615,1.9694000482559204,5.8171000480651855,0.3930000066757202,5000,5009,10000,5006,10000,10000,5000,0.36169999837875366,1.404099941253662,2.324700117111206,5000,0.8211999999999393,0.5634,1,0.09029999999999999,0.050699999999999995,212992,15,15,0.6358,7712,0,0,12.781100273132324,5.97629976272583,1.3772000074386597,1.7007999420166016,0.14000000059604645,0.17069999873638153,0,0,0,0,0,0,0,0,0,0,0,0,0
336,39.09980010986328,15.247200012207031,11.96780014038086,1.9901000261306763,2.6405999660491943,2.080699920654297,5.688899993896484,0.39329999685287476,5000,5009,10000,5006,10000,10000,5000,0.37869998812675476,1.457200050354004,1.6675000190734863,5000,0.8178999999999391,0.6159,1,0.10310000000000001,0.0319,212992,15,15,0.7344,9824,0,0,27.325700759887695,5.873000144958496,1.4922000169754028,1.648300051689148,0.16419999301433563,0.17839999496936798,0.002,10.133199691772461,0.0589,1.9486,3.2273,1.127,0.1834,1,186156,9548,4994,1515,4900
337,28.49020004272461,2.6993000507354736,12.726900100708008,2.147700071334839,2.740000009536743,2.218400001525879,5.907899856567383,0.3882000148296356,5000,5009,10000,5006,10000,10000,5000,0.3424000144004822,1.3941999673843384,2.0606000423431396,5000,0.8448999999999385,0.5866,1,0.09009999999999999,0.0461,212992,15,15,0.7556,268848,0,0,15.547200202941895,6.2153000831604,1.4246000051498413,2.440200090408325,0.2888999879360199,0.17249999940395355,0,0,0,0,0,0,0,0,0,0,0,0,0
338,26.050600051879883,0.0008999999845400453,14.278599739074707,1.9921000003814697,2.790299892425537,2.8784000873565674,5.557000160217285,0.6600000262260437,5000,5009,10000,5006,10000,10000,5000,0.5271000266075134,1.646299958229065,2.131999969482422,5000,0.8229999999999382,0.54,1,0.0887,0.0317,212992,15,15,0.6292,7712,0,0,14.3858003616333,5.7093000411987305,1.3629000186920166,1.8641999959945679,0.13189999759197235,0.21770000457763672,0,0,0,0,0,0,0,0,0,0,0,0,0
339,41.25210189819336,15.615099906921387,12.740500450134277,2.3397998809814453,2.700900077819824,2.0687999725341797,6.424200057983398,0.5116000175476074,5000,5009,10000,5006,10000,10000,5000,0.33629998564720154,1.4172999858856201,1.9637000560760498,5000,0.8260999999999381,0.5696,1,0.0893,0.0324,212992,15,15,0.7713,9728,0,0,28.504100799560547,6.631800174713135,1.391700029373169,1.8918999433517456,0.18320000171661377,0.1655000001192093,0.0023,10.521699905395508,0.0586,1.6958,2.9527,1.1049,0.1849,1,186970,9640,4993,1318,4876
340,29.74049949645996,2.994999885559082,13.3326997756958,2.2142999172210693,3.011899948120117,2.296799898147583,5.644999980926514,0.38670000433921814,5000,5009,10000,5006,10000,10000,5000,0.32850000262260437,1.3895000219345093,2.0936999320983887,5000,0.8280999999999379,0.594,1,0.1064,0.036000000000000004,212992,15,15,0.8352,332496,0,0,16.43630027770996,5.983099937438965,1.445199966430664,2.9412999153137207,0.32109999656677246,0.20389999449253082,0,0,0,0,0,0,0,0,0,0,0,0,0
341,27.572999954223633,0.0010000000474974513,12.528300285339355,2.051800012588501,2.7732999324798584,1.875499963760376,5.593400001525879,0.382999986410141,5000,5009,10000,5006,10000,10000,5000,0.328000009059906,1.472499966621399,2.2216999530792236,5000,0.8137999999999391,0.5406,1,0.0882,0.0348,212992,15,15,0.6183,7712,0,0,12.642000198364258,5.731100082397461,1.367900013923645,1.5898000001907349,0.12049999833106995,3.7753000259399414,0,0,0,0,0,0,0,0,0,0,0,0,0
342,26.796499252319336,1.9651000499725342,12.328300476074219,2.028700113296509,2.7323999404907227,1.9170000553131104,6.581500053405762,0.3928000032901764,5000,5009,10000,5006,10000,10000,5000,0.3499000072479248,1.4723999500274658,2.03629994392395,5000,0.8165999999999385,0.5302,1,0.09209999999999999,0.0337,212992,15,15,0.6477,9968,0,0,14.405500411987305,6.724299907684326,1.3557000160217285,1.6202000379562378,0.12080000340938568,0.18400000035762787,0,0,0,0,0,0,0,0,0,0,0,0,0
343,27.19070053100586,2.9296998977661133,10.77869987487793,2.735100030899048,0.6392999887466431,1.2110999822616577,5.814000129699707,0.5467000007629395,5000,5009,10000,5006,10000,10000,5000,0.384799987077713,1.4160000085830688,1.968000054359436,5000,0.8190999999999387,0.7219,1,0.08900000000000001,0.0343,212992,15,15,0.6294,322600,0,0,13.833399772644043,6.0920000076293945,1.5587999820709229,3.0543999671936035,0.25949999690055847,0.17190000414848328,0,0,0,0,0,0,0,0,0,0,0,0,0
344,29.15019989013672,0.0008999999845400453,9.403599739074707,2.126199960708618,0.6359000205993652,0.8733000159263611,5.621799945831299,0.41670000553131104,5000,5009,10000,5006,10000,10000,5000,0.34940001368522644,1.4560999870300293,2.2046000957489014,5000,0.8186999999999385,0.5185,1,0.0888,0.0344,212992,15,15,0.6171,7712,0,0,9.51609992980957,5.646399974822998,1.3381999731063843,1.5435999631881714,0.008999999612569809,8.650500297546387,0,0,0,0,0,0,0,0,0,0,0,0,0
345,50.214298248291016,3.414400100708008,12.278900146484375,1.982699990272522,2.7627999782562256,2.072999954223633,7.33050012588501,0.38679999113082886,5000,5009,10000,5006,10000,10000,5000,0.3346000015735626,1.4121999740600586,1.996000051498413,5000,0.8130999999999395,0.5188,1,0.08760000000000001,0.0356,212992,15,15,0.6224,8048,0,0,15.812800407409668,7.504199981689453,1.329800009727478,1.6117000579833984,0.156700000166893,21.49090003967285,0.0022,0,0.059,2.032,2.244,0.0001,0.1806,1,186962,0,0,0,4825
346,30.168800354003906,3.0662999153137207,12.98840045928955,2.2458999156951904,2.629499912261963,2.276900053024292,6.991700172424316,0.4023999869823456,5000,5009,10000,5006,10000,10000,5000,0.3727000057697296,1.4420000314712524,2.1535000801086426,5000,0.8237999999999386,0.5647,1,0.0893,0.0372,212992,15,15,0.6706,283552,0,0,16.17009925842285,7.347799777984619,1.4158999919891357,2.5204999446868896,0.33469998836517334,0.18569999933242798,0,0,0,0,0,0,0,0,0,0,0,0,0
347,25.038000106811523,0.0010000000474974513,12.48900032043457,1.988800048828125,2.7040998935699463,1.923699975013733,6.077099800109863,0.38359999656677246,5000,5009,10000,5006,10000,10000,5000,0.3043999969959259,1.5022000074386597,2.2876999378204346,5000,0.824999999999939,0.5543,1,0.09889999999999999,0.049300000000000004,212992,15,15,0.9342,7712,0,0,12.622300148010254,6.218299865722656,1.3902000188827515,1.7533999681472778,0.1242000013589859,0.17499999701976776,0,0,0,0,0,0,0,0,0,0,0,0,0
348,28.124099731445312,5.047800064086914,11.61400032043457,1.9464000463485718,2.60260009765625,1.9648000001907349,5.519100189208984,0.382099986076355,5000,5009,10000,5006,10000,10000,5000,0.32330000400543213,1.3973000049591064,1.6994999647140503,5000,0.8246999999999386,0.5424,1,0.0879,0.0313,212992,15,15,0.6236,12320,0,0,16.776500701904297,5.692399978637695,1.3707000017166138,1.628000020980835,0.15809999406337738,0.19660000503063202,0.0019,0,0.0587,1.8643,3.1827,1.1435,0.163,1,187546,9664,4994,1586,4845
349,29.762800216674805,3.4342000484466553,12.755499839782715,2.1064000129699707,2.6568000316619873,2.1373000144958496,6.474800109863281,0.3806000053882599,5000,5009,10000,5006,10000,10000,5000,0.38769999146461487,1.558899998664856,2.1236000061035156,5000,0.8252999999999387,0.5665,1,0.0879,0.0321,212992,15,15,0.6199,266200,0,0,16.326200485229492,6.806600093841553,1.386299967765808,2.5864999294281006,0.3091999888420105,0.18039999902248383,0,0,0,0,0,0,0,0,0,0,0,0,0
350,24.851699829101562,0.0010999999940395355,12.721599578857422,2.159899950027466,2.817500114440918,1.927299976348877,5.512599945068359,0.3935999870300293,5000,5009,10000,5006,10000,10000,5000,0.3765999972820282,1.4138000011444092,2.2244999408721924,5000,0.8254999999999383,0.8571,1,0.11280000000000001,0.0328,212992,15,15,0.815,7712,0,0,12.832500457763672,5.66379976272583,1.7680000066757202,1.7206000089645386,0.1354999989271164,0.16920000314712524,0,0,0,0,0,0,0,0,0,0,0,0,0
351,39.73469924926758,15.58240032196045,11.929699897766113,1.972000002861023,2.662400007247925,1.9138000011444092,6.280399799346924,0.3831999897956848,5000,5009,10000,5006,10000,10000,5000,0.3682999908924103,1.503100037574768,1.8042000532150269,5000,0.8167999999999388,0.5283,1,0.0897,0.038,212992,15,15,0.6858,10256,0,0,27.621999740600586,6.454800128936768,1.3514000177383423,1.586899995803833,0.1543000042438507,0.17020000517368317,0.0021,10.477999687194824,0.0579,1.9491,3.2105,1.1103,0.1734,1,188622,9781,4993,1360,4828
352,30.707700729370117,2.2355000972747803,13.950599670410156,2.2086000442504883,3.985100030899048,2.1851000785827637,6.641300201416016,0.3862999975681305,5000,5009,10000,5006,10000,10000,5000,0.36820000410079956,1.4085999727249146,1.9753999710083008,5000,1.0236999999999248,0.6188,1,0.0917,0.0361,212992,15,15,0.6885,216848,0,0,16.292200088500977,6.982500076293945,1.4984999895095825,2.666599988937378,0.32109999656677246,0.18029999732971191,0,0,0,0,0,0,0,0,0,0,0,0,0
353,27.623899459838867,0.0010000000474974513,15.324199676513672,2.4212000370025635,3.329200029373169,2.579200029373169,6.264100074768066,0.5630000233650208,5000,5009,10000,5006,10000,10000,5000,0.39579999446868896,1.9408999681472778,2.360300064086914,5000,0.8204999999999387,0.5787,1,0.09059999999999999,0.0337,212992,15,15,0.6783,7712,0,0,15.431900024414062,6.4004998207092285,1.409000039100647,1.604099988937378,0.11590000241994858,0.20489999651908875,0,0,0,0,0,0,0,0,0,0,0,0,0
354,26.6658992767334,1.801200032234192,12.869000434875488,2.164599895477295,2.8410000801086426,1.9111000299453735,6.071100234985352,0.38690000772476196,5000,5009,10000,5006,10000,10000,5000,0.328900009393692,1.885200023651123,2.0185999870300293,5000,0.8148999999999391,0.5473,1,0.09150000000000001,0.0364,212992,15,15,0.6355,10136,0,0,14.778800010681152,6.216400146484375,1.3731000423431396,1.618499994277954,0.12600000202655792,0.16689999401569366,0,0,0,0,0,0,0,0,0,0,0,0,0
355,26.962900161743164,2.934799909591675,9.928899765014648,2.1498000621795654,0.6765999794006348,1.1749000549316406,6.957300186157227,0.38960000872612,5000,5009,10000,5006,10000,10000,5000,0.4146000146865845,1.5063999891281128,2.135999917984009,5000,0.8274999999999382,0.5662,1,0.0887,0.0362,212992,15,15,0.6999,344336,0,0,12.972599983215332,7.203700065612793,1.402400016784668,2.6278998851776123,0.22859999537467957,0.17589999735355377,0,0,0,0,0,0,0,0,0,0,0,0,0
356,20.782100677490234,0.0008999999845400453,9.551799774169922,2.1089999675750732,0.6086000204086304,0.8529999852180481,5.619900226593018,0.4065999984741211,5000,5009,10000,5006,10000,10000,5000,0.36230000853538513,1.583400011062622,2.1814000606536865,5000,0.8140999999999392,0.5366,1,0.0882,0.0327,212992,15,15,0.6247,7712,0,0,9.661800384521484,5.646100044250488,1.3525999784469604,1.4699000120162964,0.008999999612569809,0.18330000340938568,0,0,0,0,0,0,0,0,0,0,0,0,0
357,27.674800872802734,3.396399974822998,12.544099807739258,2.0797998905181885,3.0007998943328857,2.0629000663757324,5.521699905395508,0.40130001306533813,5000,5009,10000,5006,10000,10000,5000,0.35040000081062317,1.4519000053405762,1.8008999824523926,5000,0.8447999999999357,0.7353,1,0.0902,0.028900000000000002,212992,15,15,0.6678,8048,0,0,16.05139923095703,5.682799816131592,1.6207000017166138,1.6065000295639038,0.1459999978542328,0.16359999775886536,0.002,0,0.0582,2.0684,2.2221,0,0.184,1,189476,0,0,0,4768
358,28.293699264526367,2.582200050354004,13.002400398254395,2.0495998859405518,2.669800043106079,2.7207000255584717,5.582900047302246,0.388700008392334,5000,5009,10000,5006,10000,10000,5000,0.323199987411499,1.6949000358581543,1.7488000392913818,5000,0.8599999999999383,0.5316,1,0.0902,0.0351,212992,15,15,0.6361,276336,0,0,15.691300392150879,5.908100128173828,1.3640999794006348,2.4862000942230225,0.30630001425743103,0.20839999616146088,0,0,0,0,0,0,0,0,0,0,0,0,0
359,25.76289939880371,0.0010999999940395355,13.332500457763672,2.0429999828338623,2.9784998893737793,2.037100076675415,6.576499938964844,0.4092000126838684,5000,5009,10000,5006,10000,10000,5000,0.3813000023365021,1.5628999471664429,2.398400068283081,5000,0.839399999999939,0.5528,1,0.0943,0.0323,212992,15,15,0.5864,7712,0,0,13.447099685668945,6.728799819946289,1.3640999794006348,1.6051000356674194,0.12800000607967377,0.16580000519752502,0,0,0,0,0,0,0,0,0,0,0,0,0
360,29.767799377441406,5.130199909210205,12.595100402832031,1.973099946975708,2.7578999996185303,2.308300018310547,5.540800094604492,0.3772999942302704,5000,5009,10000,5006,10000,10000,5000,0.36169999837875366,1.4204000234603882,1.9800000190734863,5000,0.8315999999999371,0.8534,1,0.1103,0.0407,212992,15,15,0.8089,10568,0,0,17.83930015563965,5.702199935913086,1.7192000150680542,1.6128000020980835,0.1445000022649765,0.16830000281333923,0.002,0,0.0598,1.8892,3.2379,1.1944,0.1645,1,190090,9814,4993,1564,4809
361,29.150999069213867,2.727799892425537,13.512900352478027,2.087899923324585,3.217900037765503,2.589099884033203,5.531700134277344,0.5059000253677368,5000,5009,10000,5006,10000,10000,5000,0.3991999924182892,1.500599980354309,1.7950999736785889,5000,0.8338999999999376,0.5659,1,0.12619999999999998,0.0374,212992,15,15,0.7627,288800,0,0,16.3617000579834,5.859099864959717,1.4079999923706055,2.6398000717163086,0.3109999895095825,0.18050000071525574,0,0,0,0,0,0,0,0,0,0,0,0,0
362,24.824399948120117,0.0010000000474974513,12.326800346374512,1.9607000350952148,2.613800048828125,2.0016000270843506,6.43209981918335,0.3831999897956848,5000,5009,10000,5006,10000,10000,5000,0.32580000162124634,1.506100058555603,2.184299945831299,5000,0.8220999999999388,0.5528,1,0.09409999999999999,0.0373,212992,15,15,0.7934,7712,0,0,12.436699867248535,6.575300216674805,1.3894000053405762,1.5889999866485596,0.1251000016927719,0.13179999589920044,0,0,0,0,0,0,0,0,0,0,0,0,0
363,38.77190017700195,15.26099967956543,11.98799991607666,1.9381999969482422,2.7399001121520996,1.9967999458312988,5.645699977874756,0.38589999079704285,5000,5009,10000,5006,10000,10000,5000,0.39640000462532043,1.5442999601364136,1.677899956703186,5000,0.8369999999999381,0.5455,1,0.0879,0.0368,212992,15,15,0.6352,9824,0,0,27.35300064086914,5.816800117492676,1.3632999658584595,1.5720000267028809,0.1526000052690506,0.1728000044822693,0.0019,10.333499908447266,0.0569,1.7184,2.9964,1.1262,0.1704,1,190234,9906,4994,1366,4797
364,29.44890022277832,2.836699962615967,13.122300148010254,2.3097000122070312,2.812299966812134,2.153899908065796,6.38129997253418,0.3849000036716461,5000,5009,10000,5006,10000,10000,5000,0.3431999981403351,1.3775999546051025,2.2040998935699463,5000,0.828899999999938,0.5756,1,0.08880000000000002,0.0381,212992,15,15,0.6621,289832,0,0,16.068099975585938,6.707699775695801,1.4277000427246094,2.5360000133514404,0.3050000071525574,0.17640000581741333,0,0,0,0,0,0,0,0,0,0,0,0,0
365,23.934099197387695,0.0013000000035390258,12.498200416564941,2.014699935913086,2.6598000526428223,2.0573999881744385,5.658899784088135,0.3864000141620636,5000,5009,10000,5006,10000,10000,5000,0.3589000105857849,1.4430999755859375,2.213399887084961,5000,0.8157999999999391,0.539,1,0.0944,0.0287,212992,15,15,0.5874,7712,0,0,12.603400230407715,5.795300006866455,1.3531999588012695,1.6167999505996704,0.1168999969959259,0.1656000018119812,0,0,0,0,0,0,0,0,0,0,0,0,0
366,25.725799560546875,1.8641999959945679,11.983099937438965,1.969599962234497,2.6454999446868896,1.9177000522613525,6.027100086212158,0.3894999921321869,5000,5009,10000,5006,10000,10000,5000,0.3215000033378601,1.4352999925613403,2.001699924468994,5000,0.8216999999999394,0.5327,1,0.0887,0.0317,212992,15,15,0.6281,10592,0,0,13.96619987487793,6.160600185394287,1.3539999723434448,1.6073999404907227,0.11779999732971191,0.1712999939918518,0,0,0,0,0,0,0,0,0,0,0,0,0
367,24.943300247192383,2.527600049972534,9.7475004196167,2.461899995803833,0.6470000147819519,1.1318999528884888,5.614999771118164,0.4147999882698059,5000,5009,10000,5006,10000,10000,5000,0.31859999895095825,1.378999948501587,1.9012999534606934,5000,0.8238999999999387,0.6473,1,0.0916,0.033,212992,15,15,0.6267,263480,0,0,12.380599975585938,5.808599948883057,1.5383000373840332,2.5601000785827637,0.17710000276565552,0.18080000579357147,0,0,0,0,0,0,0,0,0,0,0,0,0
368,20.951499938964844,0.0010999999940395355,9.606200218200684,1.9443999528884888,0.6438000202178955,1.2616000175476074,5.851900100708008,0.3856000006198883,5000,5009,10000,5006,10000,10000,5000,0.3709999918937683,1.4816999435424805,2.150399923324585,5000,0.822099999999938,0.5201,1,0.09129999999999999,0.0352,212992,15,15,0.5996,7712,0,0,9.711999893188477,5.879700183868408,1.3288999795913696,1.4586999416351318,0.009700000286102295,0.13490000367164612,0,0,0,0,0,0,0,0,0,0,0,0,0
369,26.45639991760254,3.24780011177063,11.744199752807617,1.9644999504089355,2.789299964904785,1.9049999713897705,5.492800235748291,0.3889000117778778,5000,5009,10000,5006,10000,10000,5000,0.3441999852657318,1.4172999858856201,1.6098999977111816,5000,0.8266999999999385,0.5346,1,0.0915,0.0361,212992,15,15,0.6076,8048,0,0,15.10159969329834,5.654799938201904,1.3480000495910645,1.6007000207901,0.14650000631809235,0.18410000205039978,0.0021,0,0.0582,1.8885,2.0426,0.0001,0.1696,1,190662,0,0,0,4726
370,31.455299377441406,2.589099884033203,13.009300231933594,2.351300001144409,2.65939998626709,2.1721999645233154,7.611599922180176,0.4002000093460083,5000,5009,10000,5006,10000,10000,5000,0.3285999894142151,1.4488999843597412,2.108299970626831,5000,1.0165999999999282,0.6126,1,0.08990000000000001,0.032799999999999996,212992,15,15,1.0754,206672,0,0,15.711299896240234,7.974800109863281,1.5858999490737915,2.5806000232696533,0.3402000069618225,0.17299999296665192,0,0,0,0,0,0,0,0,0,0,0,0,0
371,25.028099060058594,0.0010000000474974513,13.118800163269043,2.0344998836517334,3.018199920654297,2.1177000999450684,5.654699802398682,0.4643999934196472,5000,5009,10000,5006,10000,10000,5000,0.35839998722076416,1.4270000457763672,2.3080999851226807,5000,0.8679999999999344,0.5336,1,0.0912,0.0393,212992,15,15,0.735,7712,0,0,13.229900360107422,5.801799774169922,1.382599949836731,1.667199969291687,0.12710000574588776,0.17820000648498535,0,0,0,0,0,0,0,0,0,0,0,0,0
372,29.653200149536133,5.426599979400635,12.287400245666504,2.1210999488830566,2.7511000633239746,1.9808000326156616,5.514599800109863,0.3905999958515167,5000,5009,10000,5006,10000,10000,5000,0.3564000129699707,1.4048000574111938,1.9018000364303589,5000,0.8195999999999385,0.7958,1,0.0879,0.0338,212992,15,15,0.7046,10520,0,0,17.826499938964844,5.67080020904541,1.6916999816894531,1.6995999813079834,0.14100000262260437,0.2093999981880188,0.0023,0,0.0648,1.9254,3.2437,1.1578,0.2124,1,190864,9913,4995,1606,4787
373,30.74650001525879,2.8317999839782715,13.95110034942627,2.101599931716919,2.6331000328063965,2.6514999866485596,6.631800174713135,0.38589999079704285,5000,5009,10000,5006,10000,10000,5000,0.37229999899864197,2.399899959564209,2.0053000450134277,5000,0.8221999999999384,0.5678,1,0.09,0.0342,212992,15,15,0.6571,283848,0,0,16.89240074157715,6.9405999183654785,1.410599946975708,2.7736001014709473,0.287200003862381,0.19550000131130219,0,0,0,0,0,0,0,0,0,0,0,0,0
374,25.871400833129883,0.0008999999845400453,13.951700210571289,2.175100088119507,3.047499895095825,2.2678000926971436,5.707600116729736,0.4106000065803528,5000,5009,10000,5006,10000,10000,5000,0.3228999972343445,1.4358999729156494,2.8382999897003174,5000,0.8228999999999386,0.5821,1,0.09179999999999999,0.0347,212992,15,15,0.6636,7712,0,0,14.091699600219727,5.840099811553955,1.4215999841690063,1.764799952507019,0.11400000005960464,0.18610000610351562,0,0,0,0,0,0,0,0,0,0,0,0,0
375,39.3849983215332,15.443599700927734,12.420900344848633,1.9313000440597534,2.61299991607666,2.3687000274658203,5.538899898529053,0.4174000024795532,5000,5009,10000,5006,10000,10000,5000,0.4131999909877777,1.5484000444412231,1.5782999992370605,5000,0.8220999999999382,0.5413,1,0.0922,0.038,212992,15,15,0.6465,10184,0,0,27.99720001220703,5.72130012512207,1.357300043106079,1.6167999505996704,0.16459999978542328,0.18070000410079956,0.002,10.504500389099121,0.0572,1.7982,3.0885,1.1377,0.1769,1,191396,9768,4996,1408,4765
376,29.58989906311035,3.7441000938415527,13.06879997253418,2.2913999557495117,2.6291000843048096,2.2044999599456787,5.795599937438965,0.39329999685287476,5000,5009,10000,5006,10000,10000,5000,0.3352000117301941,1.4363000392913818,2.1059999465942383,5000,0.8187999999999385,0.5141,1,0.08889999999999999,0.0369,212992,15,15,0.6207,281328,0,0,16.944499969482422,6.114200115203857,1.3277000188827515,2.523400068283081,0.3001999855041504,0.2159000039100647,0,0,0,0,0,0,0,0,0,0,0,0,0
377,24.960599899291992,0.0008999999845400453,13.27239990234375,2.279099941253662,3.1656999588012695,2.0192999839782715,5.552999973297119,0.39100000262260437,5000,5009,10000,5006,10000,10000,5000,0.35409998893737793,1.4072999954223633,2.216099977493286,5000,0.8215999999999388,0.5744,1,0.0907,0.0366,212992,15,15,0.6108,7712,0,0,13.404899597167969,5.694399833679199,1.5073000192642212,1.7187999486923218,0.12540000677108765,0.17900000512599945,0,0,0,0,0,0,0,0,0,0,0,0,0
378,25.733299255371094,1.767300009727478,12.351900100708008,2.0006000995635986,2.6345999240875244,1.9283000230789185,5.611000061035156,0.4041000008583069,5000,5009,10000,5006,10000,10000,5000,0.4081000089645386,1.716599941253662,1.9163999557495117,5000,0.8274999999999392,0.6273,1,0.089,0.0354,212992,15,15,0.6293,9008,0,0,14.228300094604492,5.751200199127197,1.4682999849319458,1.6103999614715576,0.12060000002384186,0.17430000007152557,0,0,0,0,0,0,0,0,0,0,0,0,0
379,26.58300018310547,3.0390000343322754,9.78279972076416,2.103100061416626,0.6464999914169312,1.1101000308990479,6.5192999839782715,0.3894999921321869,5000,5009,10000,5006,10000,10000,5000,0.32519999146461487,1.4488999843597412,2.254499912261963,5000,0.8309999999999385,0.6689,1,0.0901,0.0316,212992,15,15,0.716,328816,0,0,12.930999755859375,6.74429988861084,1.490399956703186,2.6663999557495117,0.2046000063419342,0.17980000376701355,0,0,0,0,0,0,0,0,0,0,0,0,0
380,26.512399673461914,0.0010000000474974513,9.590999603271484,1.9946000576019287,0.6863999962806702,0.8790000081062317,5.53849983215332,0.5878000259399414,5000,5009,10000,5006,10000,10000,5000,0.31709998846054077,1.406599998474121,2.2985000610351562,5000,0.8134999999999388,0.5909,1,0.0908,0.030899999999999997,212992,15,15,0.6413,7712,0,0,9.70419979095459,5.563799858093262,1.444599986076355,1.6857999563217163,0.008899999782443047,5.64139986038208,0,0,0,0,0,0,0,0,0,0,0,0,0
381,28.641300201416016,3.256200075149536,11.618200302124023,2.003200054168701,2.6098999977111816,1.8946000337600708,7.5254998207092285,0.3978999853134155,5000,5009,10000,5006,10000,10000,5000,0.35089999437332153,1.3926000595092773,1.6680999994277954,5000,0.9315999999999324,0.5533,1,0.089,0.0336,212992,15,15,0.6147,8048,0,0,14.990300178527832,7.724400043487549,1.3702000379562378,1.6223000288009644,0.1808999925851822,0.17630000412464142,0.0024,0,0.0577,1.9137,2.0681,0,0.1952,1,190996,0,0,0,4699
382,29.657800674438477,2.600600004196167,13.400799751281738,2.3387999534606934,2.9704999923706055,2.3589999675750732,5.579899787902832,0.4138000011444092,5000,5009,10000,5006,10000,10000,5000,0.34439998865127563,1.4246000051498413,2.0548999309539795,5000,0.8706999999999346,0.5755,1,0.10790000000000001,0.035699999999999996,212992,15,15,0.8026,259528,0,0,16.11440086364746,5.894599914550781,1.4219000339508057,3.2571001052856445,0.29760000109672546,0.1712999939918518,0,0,0,0,0,0,0,0,0,0,0,0,0
383,24.76180076599121,0.0010999999940395355,12.801199913024902,2.0624001026153564,2.66510009765625,2.112299919128418,5.6296000480651855,0.38760000467300415,5000,5009,10000,5006,10000,10000,5000,0.42750000953674316,1.5992000102996826,2.2070999145507812,5000,0.8178999999999388,0.5805,1,0.08779999999999999,0.0298,212992,15,15,0.6137,7712,0,0,12.904899597167969,5.765100002288818,1.3991999626159668,1.6167999505996704,0.11710000038146973,0.6320000290870667,0,0,0,0,0,0,0,0,0,0,0,0,0
384,49.80839920043945,4.950200080871582,12.01259994506836,1.9972000122070312,2.650099992752075,1.9804999828338623,5.940199851989746,0.3944999873638153,5000,5009,10000,5006,10000,10000,5000,0.34369999170303345,1.5819000005722046,1.680899977684021,5000,0.8216999999999385,0.8474,1,0.0882,0.0326,212992,15,15,0.6442,9872,0,0,17.083999633789062,6.132999897003174,1.679800033569336,1.7173999547958374,0.15240000188350677,20.676700592041016,0.0026,0,0.0583,1.8441,3.0999,1.1023,0.1609,1,190942,9873,4996,1611,4757
385,29.6968994140625,2.6972999572753906,12.797900199890137,2.1875998973846436,2.6178998947143555,2.2072999477386475,6.38730001449585,0.4174000024795532,5000,5009,10000,5006,10000,10000,5000,0.34529998898506165,1.4052000045776367,2.1512999534606934,5000,0.8273999999999374,0.6136,1,0.0892,0.0315,212992,15,15,0.6678,247800,0,0,15.609199523925781,6.7052001953125,1.44350004196167,3.2204999923706055,0.29750001430511475,0.17679999768733978,0,0,0,0,0,0,0,0,0,0,0,0,0
386,25.195999145507812,0.0010000000474974513,13.455300331115723,2.191499948501587,2.8915998935699463,2.2604000568389893,5.611700057983398,0.3921999931335449,5000,5009,10000,5006,10000,10000,5000,0.4239000082015991,1.4530999660491943,2.315999984741211,5000,0.8215999999999382,0.5719,1,0.0883,0.0248,212992,15,15,0.6547,7712,0,0,13.556900024414062,5.747499942779541,1.3934999704360962,1.794700026512146,0.1200999990105629,0.2087000012397766,0,0,0,0,0,0,0,0,0,0,0,0,0
387,38.112300872802734,14.61359977722168,11.673100471496582,1.9657000303268433,2.633500099182129,1.948199987411499,5.636600017547607,0.38679999113082886,5000,5009,10000,5006,10000,10000,5000,0.35839998722076416,1.3895000219345093,1.6787999868392944,5000,0.84719999999994,0.5851,1,0.1003,0.0406,212992,15,15,0.7038,11696,0,0,26.425600051879883,5.787399768829346,1.4247000217437744,1.623900055885315,0.1348000019788742,0.17630000412464142,0.0023,9.850199699401855,0.0578,1.5665,2.7832,1.0638,0.18,1,191152,9804,4996,1396,4734
388,31.168699264526367,2.9344000816345215,12.693400382995605,2.2320001125335693,2.772700071334839,2.2353999614715576,7.756700038909912,0.38679999113082886,5000,5009,10000,5006,10000,10000,5000,0.398499995470047,1.3776999711990356,1.8388999700546265,5000,0.8298999999999382,0.5383,1,0.089,0.0323,212992,15,15,0.6302,385728,0,0,15.734800338745117,8.117899894714355,1.353600025177002,3.3013999462127686,0.3456999957561493,0.17949999868869781,0,0,0,0,0,0,0,0,0,0,0,0,0
389,26.137500762939453,0.0010000000474974513,13.851799964904785,2.2342000007629395,3.196000099182129,2.1577000617980957,5.792500019073486,0.39959999918937683,5000,5009,10000,5006,10000,10000,5000,0.46709999442100525,1.6252000331878662,2.2822999954223633,5000,0.8316999999999363,0.7549,1,0.09440000000000001,0.032,212992,15,15,0.6645,7712,0,0,13.975299835205078,5.93179988861084,1.7289999723434448,1.7431999444961548,0.12030000239610672,0.19589999318122864,0,0,0,0,0,0,0,0,0,0,0,0,0
390,27.75790023803711,1.854099988937378,13.954299926757812,2.2191998958587646,3.3285999298095703,2.3726999759674072,5.93120002746582,0.39309999346733093,5000,5009,10000,5006,10000,10000,5000,0.36149999499320984,1.4086999893188477,2.3924999237060547,5000,0.8231999999999386,0.6894,1,0.0889,0.025599999999999998,212992,15,15,0.6122,10712,0,0,15.946900367736816,6.0644001960754395,1.51010000705719,1.605299949645996,0.11420000344514847,0.1624000072479248,0,0,0,0,0,0,0,0,0,0,0,0,0
391,25.394100189208984,2.257699966430664,10.343500137329102,2.5638999938964844,0.614300012588501,1.205899953842163,5.669000148773193,0.5703999996185303,5000,5009,10000,5006,10000,10000,5000,0.41519999504089355,1.4855999946594238,1.7648999691009521,5000,0.8164999999999387,0.5599,1,0.0892,0.0332,212992,15,15,0.6476,212920,0,0,12.706000328063965,5.844600200653076,1.3835999965667725,2.786400079727173,0.15719999372959137,0.17659999430179596,0,0,0,0,0,0,0,0,0,0,0,0,0
392,20.759599685668945,0.0008999999845400453,9.281999588012695,1.9645999670028687,0.638700008392334,0.8216000199317932,5.703800201416016,0.38609999418258667,5000,5009,10000,5006,10000,10000,5000,0.4072999954223633,1.427299976348877,2.3083999156951904,5000,0.8575999999999367,0.5758,1,0.0895,0.0309,212992,15,15,0.6476,7712,0,0,9.392000198364258,5.730199813842773,1.4036999940872192,1.5514999628067017,0.010599999688565731,0.13519999384880066,0,0,0,0,0,0,0,0,0,0,0,0,0
393,26.45549964904785,3.1198999881744385,11.76669979095459,2.0569000244140625,2.597899913787842,2.022700071334839,5.505000114440918,0.4059999883174896,5000,5009,10000,5006,10000,10000,5000,0.3346000015735626,1.4143999814987183,1.617400050163269,5000,0.8204999999999393,0.5668,1,0.09179999999999999,0.0358,212992,15,15,0.6403,8048,0,0,14.994600296020508,5.665200233459473,1.396399974822998,1.7304999828338623,0.14399999380111694,0.18240000307559967,0.0017,0,0.0588,1.8355,1.9923,0.0001,0.1557,1,190736,0,0,0,4664
394,30.216800689697266,2.9860000610351562,12.8056001663208,2.1119000911712646,2.6335999965667725,2.110599994659424,6.6757001876831055,0.392300009727478,5000,5009,10000,5006,10000,10000,5000,0.358599990606308,1.7460999488830566,2.044800043106079,5000,0.8203999999999388,0.5375,1,0.0921,0.0427,212992,15,15,0.641,330312,0,0,15.90250015258789,7.01039981842041,1.378600001335144,3.181999921798706,0.3140999972820282,0.19599999487400055,0,0,0,0,0,0,0,0,0,0,0,0,0
395,25.512500762939453,0.0010000000474974513,13.28439998626709,2.172800064086914,3.107599973678589,2.0752999782562256,5.8592000007629395,0.388700008392334,5000,5009,10000,5006,10000,10000,5000,0.37709999084472656,1.4118000268936157,2.2860000133514404,5000,0.8566999999999345,0.696,1,0.11879999999999999,0.0451,212992,15,15,0.7175,7712,0,0,13.39579963684082,5.9928998947143555,1.587399959564209,1.6669000387191772,0.11699999868869781,0.17069999873638153,0,0,0,0,0,0,0,0,0,0,0,0,0
396,39.145198822021484,15.818400382995605,11.648699760437012,2.0004000663757324,2.705399990081787,1.8976999521255493,5.572700023651123,0.3790000081062317,5000,5009,10000,5006,10000,10000,5000,0.3257000148296356,1.3976999521255493,1.6354000568389893,5000,0.9187999999999389,0.5949,1,0.08929999999999999,0.0318,212992,15,15,0.6135,10136,0,0,27.57819938659668,5.728799819946289,1.4565999507904053,1.6495000123977661,0.14000000059604645,0.16750000417232513,0.0022,10.864999771118164,0.0581,1.7726,3.096,1.1475,0.1812,1,190356,9808,4997,1640,4736
397,39.12710189819336,2.532399892807007,15.088899612426758,2.419300079345703,3.375699996948242,2.8924999237060547,8.811599731445312,0.4296000003814697,5000,5009,10000,5006,10000,10000,5000,0.3564999997615814,2.225100040435791,1.944000005722046,5000,0.8320999999999379,0.5434,1,0.0913,0.0382,212992,15,15,0.6159,265328,0,0,17.73270034790039,9.162099838256836,1.368499994277954,3.1498000621795654,0.3294999897480011,5.178500175476074,0,0,0,0,0,0,0,0,0,0,0,0,0
398,25.427600860595703,0.0008999999845400453,12.986499786376953,2.006700038909912,3.2618000507354736,1.8724000453948975,5.6819000244140625,0.38089999556541443,5000,5009,10000,5006,10000,10000,5000,0.35120001435279846,1.4229999780654907,2.3115999698638916,5000,1.0444999999999238,0.5618,1,0.12289999999999998,0.0428,212992,15,15,0.7573,7712,0,0,13.117500305175781,5.834799766540527,1.4127000570297241,1.687000036239624,0.13570000231266022,0.19859999418258667,0,0,0,0,0,0,0,0,0,0,0,0,0
399,40.027099609375,15.178000450134277,13.061200141906738,1.998900055885315,2.6335999965667725,2.356100082397461,5.758900165557861,0.3853999972343445,5000,5009,10000,5006,10000,10000,5000,0.36399999260902405,2.2878000736236572,1.644700050354004,5000,0.9428999999999371,0.557,1,0.0882,0.03,212992,15,15,0.6171,10592,0,0,28.34670066833496,5.928800106048584,1.3712999820709229,1.6375999450683594,0.149399995803833,0.17730000615119934,0.0022,10.11520004272461,0.06,1.9387,3.2095,1.113,0.1808,1,189944,9814,4997,1362,4707
400,27.3794002532959,2.411799907684326,12.223699569702148,2.071899890899658,2.583400011062622,2.0206000804901123,5.664599895477295,0.39089998602867126,5000,5009,10000,5006,10000,10000,5000,0.3630000054836273,1.3970999717712402,1.9069000482559204,5000,0.8114999999999395,0.6032,1,0.0891,0.0311,212992,15,15,0.6362,234336,0,0,14.743599891662598,5.951700210571289,1.4229999780654907,2.604599952697754,0.2705000042915344,0.17659999430179596,0,0,0,0,0,0,0,0,0,0,0,0,0
401,24.70359992980957,0.0008999999845400453,12.812999725341797,2.1507999897003174,2.6772000789642334,2.0041000843048096,5.58459997177124,0.49779999256134033,5000,5009,10000,5006,10000,10000,5000,0.34540000557899475,1.5555000305175781,2.1394999027252197,5000,0.8346999999999395,0.7455,1,0.08929999999999999,0.0383,212992,15,15,0.6583,7712,0,0,12.923999786376953,5.713699817657471,1.606600046157837,1.725100040435791,0.11309999972581863,0.18129999935626984,0,0,0,0,0,0,0,0,0,0,0,0,0
402,25.952699661254883,1.7754000425338745,12.425700187683105,1.9838999509811401,2.596299886703491,2.230799913406372,5.723599910736084,0.3901999890804291,5000,5009,10000,5006,10000,10000,5000,0.3930000066757202,1.4457000494003296,2.052999973297119,5000,0.835499999999938,0.5769,1,0.09530000000000001,0.0339,212992,15,15,0.6767,10232,0,0,14.315899848937988,5.853099822998047,1.4056999683380127,1.6592999696731567,0.11150000244379044,0.17900000512599945,0,0,0,0,0,0,0,0,0,0,0,0,0
403,25.42770004272461,2.934000015258789,9.380900382995605,2.1786999702453613,0.6119999885559082,1.082900047302246,6.036300182342529,0.3959999978542328,5000,5009,10000,5006,10000,10000,5000,0.3465999960899353,1.3914999961853027,1.927299976348877,5000,0.8139999999999402,0.5917,1,0.0887,0.0331,212992,15,15,0.6495,252944,0,0,12.426600456237793,6.225800037384033,1.4129999876022339,2.6782000064849854,0.17170000076293945,0.16609999537467957,0,0,0,0,0,0,0,0,0,0,0,0,0
404,22.476299285888672,0.0010000000474974513,9.205900192260742,1.955899953842163,0.6244000196456909,0.8978000283241272,6.682000160217285,0.49149999022483826,5000,5009,10000,5006,10000,10000,5000,0.311599999666214,1.4045000076293945,2.132200002670288,5000,1.0705999999999223,0.6008,1,0.12560000000000002,0.0394,212992,15,15,0.8095,7712,0,0,9.317000389099121,6.711999893188477,1.4692000150680542,1.549399971961975,0.012199999764561653,0.15680000185966492,0,0,0,0,0,0,0,0,0,0,0,0,0
405,29.70009994506836,3.322499990463257,13.639100074768066,2.987299919128418,2.79830002784729,2.1828999519348145,5.854899883270264,0.41830000281333923,5000,5009,10000,5006,10000,10000,5000,0.3481999933719635,1.476099967956543,2.039099931716919,5000,0.8240999999999381,0.764,1,0.0884,0.0318,212992,15,15,0.7302,8048,0,0,17.073400497436523,6.0019001960754395,1.7271000146865845,2.1149001121520996,0.12839999794960022,0.18639999628067017,0.0023,0,0.0573,1.9254,2.0806,0,0.1583,1,190200,0,0,0,4615
406,31.02790069580078,2.794300079345703,13.140199661254883,2.1937999725341797,2.7876999378204346,2.229099988937378,5.593299865722656,0.38659998774528503,5000,5009,10000,5006,10000,10000,5000,0.42989999055862427,1.434000015258789,2.1930999755859375,5000,0.9980999999999277,0.7842,1,0.1159,0.0447,212992,15,15,0.8653,368568,0,0,16.04789924621582,5.927299976348877,1.8366999626159668,3.876199960708618,0.3140000104904175,0.17579999566078186,0,0,0,0,0,0,0,0,0,0,0,0,0
407,25.191999435424805,0.0010000000474974513,12.40250015258789,1.9642000198364258,2.5952999591827393,1.8828999996185303,6.209000110626221,0.3978999853134155,5000,5009,10000,5006,10000,10000,5000,0.396699994802475,1.4535000324249268,2.303499937057495,5000,0.8567999999999355,0.7051,1,0.1111,0.0428,212992,15,15,0.8414,7712,0,0,12.539999961853027,6.340700149536133,1.5439000129699707,1.769700050354004,0.11469999700784683,0.17239999771118164,0,0,0,0,0,0,0,0,0,0,0,0,0
408,29.678300857543945,4.781899929046631,12.815600395202637,2.0035998821258545,2.90939998626709,2.0652999877929688,5.849299907684326,0.385699987411499,5000,5009,10000,5006,10000,10000,5000,0.3361999988555908,1.440600037574768,2.265500068664551,5000,0.8515999999999359,0.5479,1,0.0985,0.0366,212992,15,15,0.8273,10016,0,0,17.711299896240234,6.027100086212158,1.4098000526428223,1.6366000175476074,0.16130000352859497,0.15299999713897705,0.0022,0,0.0585,1.6163,2.8903,1.1184,0.1647,1,189778,9700,4997,1630,4698
409,28.623899459838867,2.5109000205993652,12.145999908447266,2.119499921798706,2.672100067138672,2.0715999603271484,5.562600135803223,0.39239999651908875,5000,5009,10000,5006,10000,10000,5000,0.37400001287460327,1.3975000381469727,1.7231999635696411,5000,0.8185999999999395,0.66,1,0.09,0.0329,212992,15,15,0.6221,263624,0,0,14.769000053405762,5.881199836730957,1.475000023841858,3.842600107192993,0.3028999865055084,0.19140000641345978,0,0,0,0,0,0,0,0,0,0,0,0,0
410,25.614700317382812,0.0010999999940395355,13.256500244140625,1.9882999658584595,2.630500078201294,2.111299991607666,6.186500072479248,0.3887999951839447,5000,5009,10000,5006,10000,10000,5000,0.33559998869895935,1.5332000255584717,2.680299997329712,5000,0.8299999999999379,0.5737,1,0.09639999999999999,0.0325,212992,15,15,0.7036,7712,0,0,13.387200355529785,6.326700210571289,1.3890999555587769,1.7187000513076782,0.12120000272989273,0.2079000025987625,0,0,0,0,0,0,0,0,0,0,0,0,0
411,40.851200103759766,15.137700080871582,13.868900299072266,2.858099937438965,2.735100030899048,2.146199941635132,5.683599948883057,0.5986999869346619,5000,5009,10000,5006,10000,10000,5000,0.3483000099658966,1.4853999614715576,1.920300006866455,5000,0.8203999999999395,0.5866,1,0.0901,0.032799999999999996,212992,15,15,0.6092,12584,0,0,29.16069984436035,5.855500221252441,1.4246000051498413,1.7956000566482544,0.1526000052690506,0.15860000252723694,0.0022,9.79640007019043,0.0599,2.0701,3.4242,1.0955,0.1822,1,189804,9739,4997,1419,4678
412,31.53510093688965,2.589099884033203,14.279500007629395,2.1589999198913574,2.6421000957489014,3.0185000896453857,5.7170000076293945,0.5878999829292297,5000,5009,10000,5006,10000,10000,5000,0.35089999437332153,2.032099962234497,1.8042999505996704,5000,0.9091999999999301,0.9203,1,0.1274,0.0356,212992,15,15,0.86,324680,0,0,16.973800659179688,6.04610013961792,2.026099920272827,3.3264000415802,0.3095000088214874,0.21469999849796295,0,0,0,0,0,0,0,0,0,0,0,0,0
413,31.55769920349121,0.0010000000474974513,13.53339958190918,2.265500068664551,2.7488999366760254,2.4790000915527344,6.380899906158447,0.4104999899864197,5000,5009,10000,5006,10000,10000,5000,0.38839998841285706,1.4493999481201172,2.2957000732421875,5000,0.8190999999999391,0.5965,1,0.0898,0.0344,212992,15,15,0.7009,7712,0,0,13.655400276184082,6.5096001625061035,1.486199975013733,1.6532000303268433,0.11089999973773956,5.693299770355225,0,0,0,0,0,0,0,0,0,0,0,0,0
414,28.802000045776367,1.9989999532699585,14.067399978637695,2.085700035095215,3.4416000843048096,2.0761001110076904,6.439700126647949,0.5526999831199646,5000,5009,10000,5006,10000,10000,5000,0.3772999942302704,1.8242000341415405,2.2191998958587646,5000,0.9385999999999344,0.6184,1,0.0962,0.027200000000000002,212992,15,15,0.5976,9656,0,0,16.198200225830078,6.59630012512207,1.4500999450683594,1.6640000343322754,0.13300000131130219,0.15389999747276306,0,0,0,0,0,0,0,0,0,0,0,0,0
415,27.278499603271484,2.930799961090088,11.429100036621094,2.877500057220459,1.2194000482559204,1.1516000032424927,5.696700096130371,0.3939000070095062,5000,5009,10000,5006,10000,10000,5000,0.36809998750686646,1.4586999416351318,2.1791999340057373,5000,0.8152999999999391,0.5491,1,0.09109999999999999,0.0308,212992,15,15,0.6441,285512,0,0,14.465499877929688,5.9079999923706055,1.4035999774932861,2.827699899673462,0.18870000541210175,0.1826000064611435,0,0,0,0,0,0,0,0,0,0,0,0,0
416,28.019699096679688,0.0008999999845400453,9.430999755859375,1.965999960899353,0.765500009059906,0.8460999727249146,5.503399848937988,0.38510000705718994,5000,5009,10000,5006,10000,10000,5000,0.335099995136261,1.4229999780654907,2.3087000846862793,5000,0.8267999999999384,0.6331,1,0.0884,0.0303,212992,15,15,0.599,7712,0,0,9.551600456237793,5.5278000831604,1.4521000385284424,1.5025999546051025,0.00800000037997961,7.55049991607666,0,0,0,0,0,0,0,0,0,0,0,0,0
417,27.787200927734375,3.225100040435791,11.891200065612793,1.955299973487854,2.538599967956543,2.075200080871582,6.73769998550415,0.39340001344680786,5000,5009,10000,5006,10000,10000,5000,0.3077999949455261,1.4089000225067139,1.8665000200271606,5000,0.8211999999999381,0.5282,1,0.08850000000000001,0.0343,212992,15,15,0.6339,8048,0,0,15.230799674987793,6.885000228881836,1.3473000526428223,1.6475000381469727,0.12860000133514404,0.18279999494552612,0.0027,0,0.0597,1.7929,1.9869,0.0001,0.1621,1,189742,0,0,0,4552
418,29.49049949645996,2.618499994277954,12.97700023651123,2.1584999561309814,3.0416998863220215,2.0673999786376953,5.589700222015381,0.385699987411499,5000,5009,10000,5006,10000,10000,5000,0.33809998631477356,1.3933000564575195,2.1545000076293945,5000,0.8895999999999343,0.7693,1,0.1174,0.0361,212992,15,15,0.7237,267456,0,0,15.703499794006348,5.911900043487549,1.6438000202178955,3.362600088119507,0.3050999939441681,0.13750000298023224,0,0,0,0,0,0,0,0,0,0,0,0,0
419,33.42559814453125,0.0010000000474974513,14.622300148010254,1.9911999702453613,2.6670000553131104,2.8606998920440674,8.753999710083008,0.38260000944137573,5000,5009,10000,5006,10000,10000,5000,0.3409000039100647,2.7606000900268555,2.214400053024292,5000,1.0310999999999233,0.8053,1,0.12209999999999999,0.0448,212992,15,15,0.8882,7712,0,0,14.728400230407715,8.917900085449219,1.8394999504089355,2.228300094604492,0.13300000131130219,2.387399911880493,0,0,0,0,0,0,0,0,0,0,0,0,0
420,45.322898864746094,8.010700225830078,25.574600219726562,3.900399923324585,4.9475998878479,2.383699893951416,5.619500160217285,0.6353999972343445,5000,5009,10000,5006,10000,10000,5000,5.615600109100342,1.5176000595092773,4.2795000076293945,5000,0.8155999999999394,0.6173,1,0.0878,0.0368,212992,15,15,0.619,11288,0,0,33.7661018371582,5.7895002365112305,1.4479000568389893,1.6719000339508057,0.15299999713897705,0.17229999601840973,0.0029,0,0.0864,3.6998,5.5117,1.5426,0.2366,1,189428,9792,4995,1644,4668
421,30.717599868774414,2.6447999477386475,14.103699684143066,2.3722000122070312,3.089600086212158,2.3190999031066895,6.651199817657471,0.39089998602867126,5000,5009,10000,5006,10000,10000,5000,0.40470001101493835,1.4842000007629395,2.421999931335449,5000,0.8122999999999392,0.5663,1,0.091,0.0358,212992,15,15,0.6803,259464,0,0,16.86009979248047,6.984399795532227,1.3874000310897827,2.7248001098632812,0.31130000948905945,0.22059999406337738,0,0,0,0,0,0,0,0,0,0,0,0,0
422,25.779300689697266,0.0008999999845400453,12.825799942016602,2.0736000537872314,2.8568999767303467,1.999400019645691,6.8470001220703125,0.3824000060558319,5000,5009,10000,5006,10000,10000,5000,0.3345000147819519,1.4356000423431396,2.342600107192993,5000,0.8778999999999346,0.5305,1,0.09730000000000001,0.0304,212992,15,15,0.6087,7712,0,0,12.93649959564209,7.022900104522705,1.3424999713897705,1.6698999404907227,0.15219999849796295,0.17990000545978546,0,0,0,0,0,0,0,0,0,0,0,0,0
423,41.30160140991211,16.303800582885742,13.049799919128418,1.996500015258789,2.678299903869629,2.5631000995635986,5.5243000984191895,0.4065999984741211,5000,5009,10000,5006,10000,10000,5000,0.4221999943256378,1.4829000234603882,2.06820011138916,5000,0.813899999999939,0.519,1,0.0905,0.0316,212992,15,15,0.6986,9248,0,0,29.466999053955078,5.687399864196777,1.3481999635696411,1.7824000120162964,0.14669999480247498,0.4918999969959259,0.0023,10.93239974975586,0.0723,2.0243,3.3884,1.189,0.1839,1,189522,9705,4993,1429,4611
424,28.401899337768555,2.9131999015808105,12.843899726867676,2.0931999683380127,2.58240008354187,2.2016000747680664,5.634500026702881,0.45899999141693115,5000,5009,10000,5006,10000,10000,5000,0.39500001072883606,1.801900029182434,1.8695000410079956,5000,0.8219999999999392,0.5197,1,0.088,0.0331,212992,15,15,0.6223,321808,0,0,15.870699882507324,5.954800128936768,1.3193000555038452,2.63319993019104,0.3018999993801117,0.17139999568462372,0,0,0,0,0,0,0,0,0,0,0,0,0
425,24.890899658203125,0.0013000000035390258,12.780200004577637,2.0480000972747803,2.723900079727173,2.1092000007629395,5.90880012512207,0.5683000087738037,5000,5009,10000,5006,10000,10000,5000,0.3424000144004822,1.4168000221252441,2.194000005722046,5000,0.8155999999999392,0.7132,1,0.09,0.0348,212992,15,15,0.6619,7712,0,0,12.887900352478027,6.039000034332275,1.5667999982833862,1.6964999437332153,0.1143999993801117,0.18000000715255737,0,0,0,0,0,0,0,0,0,0,0,0,0
426,27.4237003326416,1.743399977684021,13.237199783325195,2.1684999465942383,3.1821999549865723,2.039599895477295,5.597499847412109,0.38909998536109924,5000,5009,10000,5006,10000,10000,5000,0.4366999864578247,1.4611999988555908,2.1422998905181885,5000,0.8380999999999389,0.8363,1,0.09960000000000001,0.0372,212992,15,15,0.6865,9008,0,0,15.089200019836426,5.725900173187256,1.679900050163269,2.155100107192993,0.11230000108480453,0.19670000672340393,0,0,0,0,0,0,0,0,0,0,0,0,0
427,25.732999801635742,3.3791000843048096,9.442899703979492,2.164900064468384,0.6309999823570251,1.1454999446868896,5.644100189208984,0.3928999900817871,5000,5009,10000,5006,10000,10000,5000,0.3603000044822693,1.3681000471115112,1.8243999481201172,5000,0.863699999999934,0.5422,1,0.1054,0.039,212992,15,15,0.7545,217640,0,0,12.951600074768066,5.831999778747559,1.3767000436782837,2.6038999557495117,0.16910000145435333,0.1712999939918518,0,0,0,0,0,0,0,0,0,0,0,0,0
428,22.145299911499023,0.0010000000474974513,9.891900062561035,1.9855999946594238,0.6762999892234802,0.8317000269889832,5.657800197601318,0.3944999873638153,5000,5009,10000,5006,10000,10000,5000,0.364300012588501,1.4412000179290771,2.8060998916625977,5000,1.0049999999999273,0.5384,1,0.092,0.0333,212992,15,15,0.8037,7712,0,0,10.00629997253418,5.682700157165527,1.3969999551773071,1.605299949645996,0.009200000204145908,0.35089999437332153,0,0,0,0,0,0,0,0,0,0,0,0,0
429,33.98160171508789,4.025000095367432,13.01140022277832,2.022900104522705,2.656100034713745,1.9407000541687012,5.632500171661377,0.39309999346733093,5000,5009,10000,5006,10000,10000,5000,0.33730000257492065,1.4112000465393066,2.6414999961853027,5000,0.8284999999999376,0.516,1,0.089,0.031400000000000004,212992,15,15,0.7192,8048,0,0,17.149799346923828,5.7733001708984375,1.3464000225067139,1.6217000484466553,0.12549999356269836,5.493899822235107,0.0025,0,0.0664,1.9915,2.2659,0.0002,0.2409,1,188754,0,0,0,4469
430,30.50830078125,2.797800064086914,13.52180004119873,2.1774001121520996,2.904900074005127,2.2437000274658203,5.854400157928467,0.38499999046325684,5000,5009,10000,5006,10000,10000,5000,0.3483999967575073,1.9153000116348267,2.0536000728607178,5000,0.841899999999939,0.6689,1,0.08829999999999999,0.0313,212992,15,15,0.7187,336016,0,0,16.43199920654297,6.2017998695373535,1.517899990081787,3.536600112915039,0.3287000060081482,0.17489999532699585,0,0,0,0,0,0,0,0,0,0,0,0,0
431,36.92290115356445,0.0008999999845400453,13.407600402832031,2.533900022506714,2.701900005340576,2.2874999046325684,5.548399925231934,0.4043000042438507,5000,5009,10000,5006,10000,10000,5000,0.34369999170303345,1.4888999462127686,2.1621999740600586,5000,0.8187999999999385,0.6182,1,0.0888,0.0309,212992,15,15,0.5908,7712,0,0,13.518199920654297,5.674300193786621,1.4528000354766846,1.666599988937378,0.11010000109672546,12.205100059509277,0,0,0,0,0,0,0,0,0,0,0,0,0
432,29.01849937438965,4.748000144958496,12.301199913024902,2.1658999919891357,2.7460999488830566,1.920799970626831,5.825900077819824,0.391400009393692,5000,5009,10000,5006,10000,10000,5000,0.3077999949455261,1.4989999532699585,1.8766000270843506,5000,0.8337999999999387,0.6043,1,0.0887,0.0312,212992,15,15,0.647,9368,0,0,17.160900115966797,5.995200157165527,1.4615999460220337,1.6785999536514282,0.15230000019073486,0.19910000264644623,0.0023,0,0.0574,1.6982,2.9307,1.0752,0.1679,1,188270,9675,4991,1636,4586
433,36.533599853515625,2.8117001056671143,12.772500038146973,2.202399969100952,2.9881999492645264,2.0961999893188477,5.578400135040283,0.3896999955177307,5000,5009,10000,5006,10000,10000,5000,0.29350000619888306,1.3832000494003296,1.9492000341415405,5000,0.9580999999999389,0.5877,1,0.08929999999999999,0.032100000000000004,212992,15,15,0.5907,286088,0,0,15.69279956817627,5.890100002288818,1.4138000011444092,2.5035998821258545,0.29589998722076416,8.470100402832031,0,0,0,0,0,0,0,0,0,0,0,0,0
434,48.339599609375,0.0010000000474974513,12.341899871826172,2.02020001411438,2.782399892807007,1.8188999891281128,5.570700168609619,0.3937999904155731,5000,5009,10000,5006,10000,10000,5000,0.361299991607666,1.4046000242233276,2.214099884033203,5000,0.8199999999999387,0.813,1,0.0901,0.0314,212992,15,15,0.6355,7712,0,0,12.456600189208984,5.707099914550781,1.6608999967575073,1.9264999628067017,0.12020000070333481,24.09160041809082,0,0,0,0,0,0,0,0,0,0,0,0,0
435,40.1505012512207,14.578900337219238,13.759599685668945,3.5481998920440674,2.8187999725341797,2.079699993133545,5.598800182342529,0.39340001344680786,5000,5009,10000,5006,10000,10000,5000,0.32989999651908875,1.4788999557495117,1.7312999963760376,5000,0.8254999999999384,0.5886,1,0.0896,0.0325,212992,15,15,0.6674,10232,0,0,28.46579933166504,5.752699851989746,1.4140000343322754,1.7618999481201172,0.13729999959468842,0.18199999630451202,0.0023,9.7391996383667,0.058,1.6873,2.9043,1.0578,0.263,1,187544,9650,4994,1453,4545
436,27.808500289916992,2.407900094985962,12.374799728393555,2.100600004196167,2.714400053024292,2.062700033187866,5.774199962615967,0.3837999999523163,5000,5009,10000,5006,10000,10000,5000,0.32269999384880066,1.3760000467300415,1.9174000024795532,5000,0.8332999999999382,0.778,1,0.08879999999999999,0.0297,212992,15,15,0.6295,216128,0,0,14.896200180053711,6.04640007019043,1.594599962234497,2.615999937057495,0.25450000166893005,0.17350000143051147,0,0,0,0,0,0,0,0,0,0,0,0,0
437,24.246999740600586,0.0008999999845400453,12.49590015411377,2.043600082397461,2.8861000537872314,1.882200002670288,5.570499897003174,0.39149999618530273,5000,5009,10000,5006,10000,10000,5000,0.33480000495910645,1.4270000457763672,2.2058000564575195,5000,0.8107999999999397,0.6792,1,0.10149999999999999,0.0281,212992,15,15,0.7334,7712,0,0,12.604100227355957,5.69890022277832,1.5259000062942505,1.6627000570297241,0.11339999735355377,0.17090000212192535,0,0,0,0,0,0,0,0,0,0,0,0,0
438,25.948299407958984,1.7785999774932861,12.099599838256836,2.004199981689453,2.5910000801086426,1.958799958229065,5.645299911499023,0.38850000500679016,5000,5009,10000,5006,10000,10000,5000,0.3806999921798706,1.4394999742507935,2.0004000663757324,5000,0.8334999999999366,0.6255,1,0.0892,0.0341,212992,15,15,0.6813,8408,0,0,13.986599922180176,5.76800012588501,1.601699948310852,1.8349000215530396,0.10429999977350235,0.20739999413490295,0,0,0,0,0,0,0,0,0,0,0,0,0
439,30.541500091552734,2.7246999740600586,9.261500358581543,2.093899965286255,0.6467999815940857,1.1735999584197998,5.538000106811523,0.38830000162124634,5000,5009,10000,5006,10000,10000,5000,0.38119998574256897,1.392300009727478,1.761299967765808,5000,0.8303999999999375,0.5508,1,0.08839999999999999,0.0345,212992,15,15,0.6183,291992,0,0,12.09570026397705,5.753699779510498,1.3776999711990356,2.5409998893737793,0.20069999992847443,6.30049991607666,0,0,0,0,0,0,0,0,0,0,0,0,0
440,20.676300048828125,0.0007999999797903001,9.482399940490723,1.951799988746643,0.613099992275238,1.0396000146865845,5.509699821472168,0.3880999982357025,5000,5009,10000,5006,10000,10000,5000,0.31850001215934753,1.51010000705719,2.30049991607666,5000,0.824899999999938,0.5496,1,0.09029999999999999,0.037,212992,15,15,0.6299,7712,0,0,9.588600158691406,5.535099983215332,1.3758000135421753,1.5019999742507935,0.008899999782443047,0.17090000212192535,0,0,0,0,0,0,0,0,0,0,0,0,0
441,26.826200485229492,2.9528000354766846,11.901700019836426,2.091399908065796,2.50819993019104,2.0264999866485596,5.571199893951416,0.43970000743865967,5000,5009,10000,5006,10000,10000,5000,0.32820001244544983,1.4536000490188599,1.7609000205993652,5000,0.8174999999999395,0.5761,1,0.09920000000000001,0.0313,212992,15,15,0.6636,8048,0,0,14.95930004119873,5.713699817657471,1.4124000072479248,1.7933000326156616,0.12330000102519989,0.4027999937534332,0.0023,0,0.0596,1.686,1.8502,0,0.155,1,187112,0,0,0,4376
442,27.8572998046875,2.473400115966797,12.549400329589844,2.1161000728607178,2.602099895477295,2.1275999546051025,5.60260009765625,0.39629998803138733,5000,5009,10000,5006,10000,10000,5000,0.3774000108242035,1.4212000370025635,2.055299997329712,5000,0.8283999999999386,0.7003,1,0.0901,0.0325,212992,15,15,0.6362,212400,0,0,15.13949966430664,5.862400054931641,1.5087000131607056,2.6452999114990234,0.24300000071525574,0.186599999666214,0,0,0,0,0,0,0,0,0,0,0,0,0
443,24.92690086364746,0.0008999999845400453,12.195199966430664,1.995300054550171,2.566800117492676,1.8075000047683716,5.57450008392334,0.3856000006198883,5000,5009,10000,5006,10000,10000,5000,0.3675999939441681,1.4148999452590942,2.248699903488159,5000,0.859799999999937,0.5741,1,0.0891,0.0282,212992,15,15,0.6485,7712,0,0,12.320599555969238,5.702400207519531,1.3997999429702759,1.6523000001907349,0.11209999769926071,1.2904000282287598,0,0,0,0,0,0,0,0,0,0,0,0,0
444,30.46380043029785,6.127999782562256,12.424599647521973,2.1154000759124756,2.7708001136779785,1.9392000436782837,5.585299968719482,0.38440001010894775,5000,5009,10000,5006,10000,10000,5000,0.3619999885559082,1.4128999710083008,2.0511999130249023,5000,0.853599999999938,0.6843,1,0.09880000000000001,0.0319,212992,15,15,0.658,9944,0,0,18.65519905090332,5.772900104522705,1.5104000568389893,1.6931999921798706,0.16930000483989716,0.19760000705718994,0.0026,0,0.0889,2.8002,4.1382,1.1153,0.1518,1,186608,9545,4995,1619,4533
445,36.81380081176758,2.438999891281128,13.094200134277344,2.2816998958587646,2.602400064468384,2.263000011444092,5.611299991607666,0.536300003528595,5000,5009,10000,5006,10000,10000,5000,0.3366999924182892,1.4049999713897705,1.8791999816894531,5000,0.8272999999999388,0.6217,1,0.088,0.0328,212992,15,15,0.6467,251088,0,0,15.643400192260742,5.911399841308594,1.4342000484466553,2.6475000381469727,0.28369998931884766,8.698200225830078,0,0,0,0,0,0,0,0,0,0,0,0,0
446,28.204999923706055,0.0010000000474974513,13.081100463867188,2.0871999263763428,2.7274999618530273,2.289799928665161,5.667200088500977,0.4171000123023987,5000,5009,10000,5006,10000,10000,5000,0.4025000035762787,1.4888999462127686,2.2402000427246094,5000,0.8700999999999363,0.5696,1,0.09129999999999999,0.0405,212992,15,15,0.7181,7712,0,0,13.24269962310791,5.790900230407715,1.4026000499725342,1.9005999565124512,0.10670000314712524,3.1503000259399414,0,0,0,0,0,0,0,0,0,0,0,0,0
447,37.79240036010742,14.567999839782715,11.348199844360352,1.9627000093460083,2.551500082015991,1.8149000406265259,5.59060001373291,0.38999998569488525,5000,5009,10000,5006,10000,10000,5000,0.26249998807907104,1.3911000490188599,1.6132999658584595,5000,0.8166999999999388,0.519,1,0.0879,0.0356,212992,15,15,0.6069,10352,0,0,26.037599563598633,5.7642998695373535,1.3343000411987305,1.6526999473571777,0.15620000660419464,0.555400013923645,0.0024,9.657600402832031,0.0592,1.7133,3.023,1.1461,0.1748,1,186196,9534,4994,1394,4474
448,60.49420166015625,2.4888999462127686,13.00220012664795,2.306299924850464,2.775700092315674,2.289400100708008,5.650100231170654,0.39500001072883606,5000,5009,10000,5006,10000,10000,5000,0.3264000117778778,1.4345999956130981,1.7963000535964966,5000,0.8194999999999387,0.5717,1,0.0897,0.0368,212992,15,15,0.646,254800,0,0,15.601400375366211,6.047599792480469,1.4177000522613525,2.5618999004364014,0.3817000091075897,32.36909866333008,0,0,0,0,0,0,0,0,0,0,0,0,0
449,37.28609848022461,0.0010999999940395355,13.380800247192383,1.982100009918213,2.612600088119507,1.964400053024292,5.563399791717529,0.39079999923706055,5000,5009,10000,5006,10000,10000,5000,0.337799996137619,1.4350999593734741,3.0441999435424805,5000,0.8142999999999391,0.5355,1,0.0882,0.0358,212992,15,15,0.6385,7712,0,0,13.514599800109863,5.691400051116943,1.3946000337600708,1.6461000442504883,0.11289999634027481,12.418700218200684,0,0,0,0,0,0,0,0,0,0,0,0,0
450,26.206600189208984,1.79830002784729,12.698800086975098,2.0634000301361084,2.7202999591827393,2.2871999740600586,5.55620002746582,0.4034000039100647,5000,5009,10000,5006,10000,10000,5000,0.3628000020980835,1.413100004196167,2.0276999473571777,5000,0.8197999999999391,0.5237,1,0.08990000000000001,0.0317,212992,15,15,0.6403,9824,0,0,14.612199783325195,5.676499843597412,1.3396999835968018,1.9290000200271606,0.10400000214576721,0.17980000376701355,0,0,0,0,0,0,0,0,0,0,0,0,0
451,24.86949920654297,2.6001999378204346,9.238300323486328,2.0604000091552734,0.5957000255584717,1.1407999992370605,5.91379976272583,0.3935000002384186,5000,5009,10000,5006,10000,10000,5000,0.3296999931335449,1.406499981880188,1.8805999755859375,5000,0.8886999999999365,0.5316,1,0.0895,0.034,212992,15,15,0.6437,263496,0,0,11.944700241088867,6.155600070953369,1.3509999513626099,2.573899984359741,0.2207999974489212,0.1728000044822693,0,0,0,0,0,0,0,0,0,0,0,0,0
452,20.653099060058594,0.0010999999940395355,9.498299598693848,1.9456000328063965,0.6093000173568726,0.8235999941825867,5.553599834442139,0.4884999990463257,5000,5009,10000,5006,10000,10000,5000,0.33239999413490295,1.74399995803833,2.2037999629974365,5000,0.8303999999999387,0.5465,1,0.0913,0.032299999999999995,212992,15,15,0.6369,7712,0,0,9.604900360107422,5.581399917602539,1.3659000396728516,1.4837000370025635,0.009100000374019146,0.13109999895095825,0,0,0,0,0,0,0,0,0,0,0,0,0
453,27.364500045776367,3.1117000579833984,11.415300369262695,2.012399911880493,2.502500057220459,1.8884999752044678,5.600500106811523,0.38179999589920044,5000,5009,10000,5006,10000,10000,5000,0.28290000557899475,1.3939000368118286,1.63919997215271,5000,0.8195999999999388,0.617,1,0.09050000000000001,0.034699999999999995,212992,15,15,0.6181,8048,0,0,14.6318998336792,5.756899833679199,1.4397000074386597,1.8524999618530273,0.14180000126361847,1.233299970626831,0.0022,0,0.0585,1.8307,1.9973,0.0001,0.1438,1,184872,0,0,0,4295
454,26.89430046081543,2.2607998847961426,12.013999938964844,2.0373001098632812,2.575000047683716,1.9947999715805054,5.537700176239014,0.3919000029563904,5000,5009,10000,5006,10000,10000,5000,0.29440000653266907,1.374500036239624,1.9838000535964966,5000,0.825199999999938,0.5673,1,0.09040000000000001,0.0329,212992,15,15,0.7014,204168,0,0,14.37909984588623,5.799600124359131,1.413100004196167,2.5487000942230225,0.24650000035762787,0.20759999752044678,0,0,0,0,0,0,0,0,0,0,0,0,0
455,25.72209930419922,0.0008999999845400453,13.805299758911133,2.117300033569336,2.950200080871582,2.0264999866485596,5.920400142669678,0.3928000032901764,5000,5009,10000,5006,10000,10000,5000,0.2824999988079071,1.4258999824523926,2.9667999744415283,5000,0.8263999999999389,0.5247,1,0.0899,0.035,212992,15,15,0.6166,7712,0,0,13.93589973449707,6.040200233459473,1.3335000276565552,1.652400016784668,0.1039000004529953,0.17560000717639923,0,0,0,0,0,0,0,0,0,0,0,0,0
456,38.51620101928711,15.066100120544434,12.071700096130371,1.944100022315979,2.5157999992370605,2.3986001014709473,5.523900032043457,0.3847000002861023,5000,5009,10000,5006,10000,10000,5000,0.33550000190734863,1.4925999641418457,1.6858999729156494,5000,0.8495999999999387,0.52,1,0.08839999999999999,0.0316,212992,15,15,0.5905,9704,0,0,27.247299194335938,5.671199798583984,1.3371000289916992,1.6141999959945679,0.13120000064373016,0.17260000109672546,0.0022,10.36240005493164,0.0588,1.6353,2.8941,1.0947,0.1776,1,184738,9485,4998,1561,4440
457,28.013900756835938,2.5185000896453857,12.613900184631348,2.3447000980377197,2.576200008392334,2.1387999057769775,5.80649995803833,0.4007999897003174,5000,5009,10000,5006,10000,10000,5000,0.36739999055862427,1.373900055885315,1.9664000272750854,5000,0.8116999999999394,0.6259,1,0.0892,0.0337,212992,15,15,0.6511,267264,0,0,15.247400283813477,6.111100196838379,1.4606000185012817,2.51419997215271,0.2879999876022339,0.17149999737739563,0,0,0,0,0,0,0,0,0,0,0,0,0
458,24.072500228881836,0.0008999999845400453,12.56719970703125,1.9639999866485596,2.765700101852417,2.1173999309539795,5.57450008392334,0.39239999651908875,5000,5009,10000,5006,10000,10000,5000,0.3458999991416931,1.483299970626831,2.1075000762939453,5000,0.8245999999999379,0.5309,1,0.08839999999999999,0.027800000000000002,212992,15,15,0.6046,7712,0,0,12.677499771118164,5.69890022277832,1.3562999963760376,1.631100058555603,0.10760000348091125,0.16140000522136688,0,0,0,0,0,0,0,0,0,0,0,0,0
459,38.94850158691406,15.040599822998047,11.885100364685059,2.058799982070923,2.5322000980377197,2.105600118637085,5.559299945831299,0.39259999990463257,5000,5009,10000,5006,10000,10000,5000,0.3382999897003174,1.482300043106079,1.5405999422073364,5000,0.8257999999999387,0.6492,1,0.09010000000000001,0.0346,212992,15,15,0.617,9992,0,0,27.031600952148438,5.714099884033203,1.5842000246047974,1.940500020980835,0.13500000536441803,0.19220000505447388,0.0022,10.47599983215332,0.058,1.6451,2.86,1.0516,0.1567,1,183980,9530,4997,1358,4389
460,29.282100677490234,2.893699884414673,12.751299858093262,2.0952999591827393,2.5346999168395996,2.298799991607666,5.652400016784668,0.45570001006126404,5000,5009,10000,5006,10000,10000,5000,0.37130001187324524,1.4484000205993652,2.0576999187469482,5000,0.8294999999999384,0.5672,1,0.10950000000000001,0.0449,212992,15,15,0.7698,264400,0,0,15.78600025177002,5.9532999992370605,1.4112999439239502,2.8001999855041504,0.28220000863075256,0.6592000126838684,0,0,0,0,0,0,0,0,0,0,0,0,0
461,24.263999938964844,0.0010000000474974513,12.7121000289917,1.9759999513626099,2.980799913406372,1.9450000524520874,5.716899871826172,0.39100000262260437,5000,5009,10000,5006,10000,10000,5000,0.30309998989105225,1.4111000299453735,2.266700029373169,5000,0.8212999999999383,0.5367,1,0.0892,0.029199999999999997,212992,15,15,0.603,7712,0,0,12.817399978637695,5.84119987487793,1.3558000326156616,1.631100058555603,0.10920000076293945,0.18160000443458557,0,0,0,0,0,0,0,0,0,0,0,0,0
462,25.68560028076172,1.6890000104904175,12.308899879455566,1.996399998664856,2.6112000942230225,2.179500102996826,5.583899974822998,0.4323999881744385,5000,5009,10000,5006,10000,10000,5000,0.35120001435279846,1.4495999813079834,1.9574999809265137,5000,0.8110999999999395,0.5638,1,0.08960000000000001,0.0371,212992,15,15,0.6462,10472,0,0,14.120400428771973,5.704400062561035,1.4031000137329102,1.7604000568389893,0.10289999842643738,0.17710000276565552,0,0,0,0,0,0,0,0,0,0,0,0,0
463,25.63629913330078,2.316800117492676,9.833100318908691,2.060499906539917,0.6549999713897705,1.0729000568389893,5.9664998054504395,0.38420000672340393,5000,5009,10000,5006,10000,10000,5000,0.39649999141693115,1.5283000469207764,2.297499895095825,5000,0.8223999999999388,0.5265,1,0.0887,0.038,212992,15,15,0.6123,219688,0,0,12.260499954223633,6.150599956512451,1.3547999858856201,3.23009991645813,0.16599999368190765,0.16920000314712524,0,0,0,0,0,0,0,0,0,0,0,0,0
464,20.833799362182617,0.0007999999797903001,9.548100471496582,1.9729000329971313,0.6571999788284302,1.0604000091552734,5.656700134277344,0.4156999886035919,5000,5009,10000,5006,10000,10000,5000,0.3540000021457672,1.510699987411499,2.174299955368042,5000,0.8317999999999374,0.5221,1,0.09699999999999999,0.0319,212992,15,15,0.5969,7712,0,0,9.64900016784668,5.686699867248535,1.3406000137329102,1.535099983215332,0.008700000122189522,0.13899999856948853,0,0,0,0,0,0,0,0,0,0,0,0,0
465,26.708900451660156,2.8301000595092773,11.658900260925293,1.9500000476837158,2.4625000953674316,1.980299949645996,5.495999813079834,0.38089999556541443,5000,5009,10000,5006,10000,10000,5000,0.3698999881744385,1.4046000242233276,1.7766000032424927,5000,0.8325999999999383,0.6836,1,0.0893,0.0315,212992,15,15,0.6154,8048,0,0,14.597599983215332,5.646999835968018,1.4960999488830566,2.1438000202178955,0.13490000367164612,0.32109999656677246,0.016,0,0.0592,1.4974,1.6667,0.0001,0.1715,1,183364,0,0,0,4207
466,29.14929962158203,3.1131999492645264,13.066100120544434,2.4711999893188477,2.4988999366760254,2.2688000202178955,5.667099952697754,0.41679999232292175,5000,5009,10000,5006,10000,10000,5000,0.41690000891685486,1.4078999757766724,1.971500039100647,5000,0.8129999999999391,0.6577,1,0.089,0.0329,212992,15,15,0.5877,316296,0,0,16.287200927734375,5.97760009765625,1.4757000207901,2.684000015258789,0.2922999858856201,0.28619998693466187,0,0,0,0,0,0,0,0,0,0,0,0,0
467,34.33580017089844,0.0010000000474974513,12.133099555969238,2.0406999588012695,2.4879000186920166,1.871500015258789,5.9145002365112305,0.3840000033378601,5000,5009,10000,5006,10000,10000,5000,0.34790000319480896,1.4119000434875488,2.2490999698638916,5000,0.8182999999999386,0.558,1,0.0885,0.0345,212992,15,15,0.6104,7712,0,0,12.243300437927246,6.045199871063232,1.3696999549865723,1.645799994468689,0.10970000177621841,10.563300132751465,0,0,0,0,0,0,0,0,0,0,0,0,0
468,27.80739974975586,4.526599884033203,11.413200378417969,2.0248000621795654,2.512700080871582,1.8167999982833862,5.807300090789795,0.3971000015735626,5000,5009,10000,5006,10000,10000,5000,0.3840000033378601,1.5052000284194946,1.4962999820709229,5000,0.8161999999999388,0.6356,1,0.09029999999999999,0.0327,212992,15,15,0.6235,9296,0,0,16.052099227905273,5.967599868774414,1.4494999647140503,1.6507999897003174,0.1437000036239624,0.20360000431537628,0.0026,0,0.0587,1.527,2.749,1.0577,0.1509,1,182538,9379,4996,1513,4360
469,28.01849937438965,3.0257999897003174,12.351200103759766,2.0894999504089355,2.521699905395508,2.044100046157837,5.643899917602539,0.38519999384880066,5000,5009,10000,5006,10000,10000,5000,0.33090001344680786,1.367900013923645,2.155100107192993,5000,0.8471999999999353,0.6231,1,0.0877,0.0307,212992,15,15,0.593,270072,0,0,15.486100196838379,5.94950008392334,1.4354000091552734,2.535099983215332,0.28790000081062317,0.17790000140666962,0,0,0,0,0,0,0,0,0,0,0,0,0
470,28.12649917602539,0.0010999999940395355,12.934100151062012,2.578700065612793,2.5362000465393066,1.9943000078201294,5.516600131988525,0.41119998693466187,5000,5009,10000,5006,10000,10000,5000,0.35989999771118164,1.402400016784668,2.0917999744415283,5000,0.8136999999999391,0.5698,1,0.0884,0.0327,212992,15,15,0.6079,7712,0,0,13.037799835205078,5.638800144195557,1.3955999612808228,1.732699990272522,0.10660000145435333,3.8589000701904297,0,0,0,0,0,0,0,0,0,0,0,0,0
471,40.23630142211914,15.47719955444336,11.889100074768066,1.9510999917984009,2.4863998889923096,2.1259000301361084,6.517099857330322,0.38960000872612,5000,5009,10000,5006,10000,10000,5000,0.430400013923645,1.4185999631881714,1.7331000566482544,5000,0.8568999999999353,0.5591,1,0.0932,0.0526,212992,15,15,0.7549,10688,0,0,27.482099533081055,6.690100193023682,1.430299997329712,1.735200047492981,0.15369999408721924,0.17479999363422394,0.0029,10.381199836730957,0.0915,1.8719,3.1711,1.098,0.1773,1,181558,9319,4996,1393,4303
472,27.644399642944336,2.739799976348877,11.93280029296875,2.106600046157837,2.6231000423431396,1.9907000064849854,5.551000118255615,0.38199999928474426,5000,5009,10000,5006,10000,10000,5000,0.3138999938964844,1.3818000555038452,1.7458000183105469,5000,0.832299999999937,0.5308,1,0.0942,0.0363,212992,15,15,0.5934,311920,0,0,14.782699584960938,5.852799892425537,1.3590999841690063,2.9672999382019043,0.2856999933719635,0.2337000072002411,0,0,0,0,0,0,0,0,0,0,0,0,0
473,27.0310001373291,0.0007999999797903001,14.212300300598145,2.003499984741211,2.6651999950408936,2.694000005722046,5.63700008392334,0.5569000244140625,5000,5009,10000,5006,10000,10000,5000,0.4009999930858612,2.238800048828125,2.200200080871582,5000,0.8165999999999387,0.6179,1,0.0881,0.032100000000000004,212992,15,15,0.6059,7712,0,0,14.326000213623047,5.751200199127197,1.4426000118255615,1.6812000274658203,0.09629999846220016,1.3738000392913818,0,0,0,0,0,0,0,0,0,0,0,0,0
474,37.19459915161133,1.649899959564209,12.354299545288086,2.0617001056671143,2.7964000701904297,1.9531999826431274,6.512199878692627,0.3894999921321869,5000,5009,10000,5006,10000,10000,5000,0.3190000057220459,1.4057999849319458,2.0541999340057373,5000,0.8169999999999389,0.6262,1,0.0888,0.0338,212992,15,15,0.7049,9776,0,0,14.114299774169922,6.636000156402588,1.5191999673843384,1.9869999885559082,0.1062999963760376,10.365799903869629,0,0,0,0,0,0,0,0,0,0,0,0,0
475,25.89310073852539,3.3143999576568604,9.455699920654297,2.0397000312805176,0.5900999903678894,1.093400001525879,5.660799980163574,0.398499995470047,5000,5009,10000,5006,10000,10000,5000,0.3968999981880188,1.4678000211715698,2.039599895477295,5000,0.9175999999999347,0.5599,1,0.0894,0.0349,212992,15,15,0.641,263984,0,0,12.91670036315918,6.028299808502197,1.4092999696731567,2.603800058364868,0.35010001063346863,0.1826999932527542,0,0,0,0,0,0,0,0,0,0,0,0,0
476,20.871999740600586,0.0008999999845400453,9.55270004272461,1.9982999563217163,0.7182000279426575,0.8651999831199646,5.5167999267578125,0.3865000009536743,5000,5009,10000,5006,10000,10000,5000,0.3578999936580658,1.538599967956543,2.298099994659424,5000,0.8267999999999387,0.5747,1,0.0889,0.031,212992,15,15,0.6138,7712,0,0,9.664899826049805,5.541100025177002,1.4026999473571777,1.6238000392913818,0.00839999970048666,0.18119999766349792,0,0,0,0,0,0,0,0,0,0,0,0,0
477,35.77090072631836,3.359100103378296,11.486599922180176,1.9594999551773071,2.5190000534057617,1.7964999675750732,5.553100109100342,0.3804999887943268,5000,5009,10000,5006,10000,10000,5000,0.3366999924182892,1.3938000202178955,1.7589000463485718,5000,0.8129999999999391,0.5416,1,0.09559999999999999,0.0305,212992,15,15,0.6065,8048,0,0,14.968899726867676,5.699399948120117,1.3567999601364136,1.6305999755859375,0.1307000070810318,9.673999786376953,0.0032,0,0.0818,1.82,2.0568,0.0001,0.1686,1,181338,0,0,0,4078
478,27.90839958190918,3.0562000274658203,12.171600341796875,2.0927999019622803,2.4133999347686768,2.13319993019104,5.629899978637695,0.3804999887943268,5000,5009,10000,5006,10000,10000,5000,0.3474999964237213,1.4703999757766724,1.8967000246047974,5000,0.8565999999999345,0.5236,1,0.0932,0.0403,212992,15,15,0.6395,358192,0,0,15.345100402832031,5.950099945068359,1.3442000150680542,2.544100046157837,0.3005000054836273,0.1762000024318695,0,0,0,0,0,0,0,0,0,0,0,0,0
479,24.798500061035156,0.0010000000474974513,12.783699989318848,2.000499963760376,2.806999921798706,1.9234999418258667,5.584499835968018,0.3873000144958496,5000,5009,10000,5006,10000,10000,5000,0.35580000281333923,1.4292000532150269,2.351599931716919,5000,0.8450999999999359,0.6542,1,0.1138,0.0417,212992,15,15,0.8068,7712,0,0,12.891200065612793,5.717400074005127,1.5103000402450562,1.7066999673843384,0.11760000139474869,0.2012999951839447,0,0,0,0,0,0,0,0,0,0,0,0,0
480,31.7810001373291,4.598899841308594,11.384200096130371,1.9631999731063843,2.582200050354004,1.8355000019073486,5.490799903869629,0.38909998536109924,5000,5009,10000,5006,10000,10000,5000,0.3441999852657318,1.3909000158309937,1.5799000263214111,5000,0.8208999999999382,0.5795,1,0.0882,0.0319,212992,15,15,0.6212,9368,0,0,16.116199493408203,5.639400005340576,1.4009000062942505,1.628499984741211,0.13349999487400055,4.505799770355225,0.0028,0,0.0607,1.5534,2.8769,1.1568,0.1539,1,180780,9273,4995,1556,4272
481,29.113500595092773,2.7878000736236572,13.610099792480469,2.1617000102996826,2.482300043106079,2.643199920654297,5.626999855041504,0.38280001282691956,5000,5009,10000,5006,10000,10000,5000,0.33629998564720154,2.220599889755249,1.9572999477386475,5000,0.816899999999939,0.588,1,0.0888,0.0359,212992,15,15,0.7108,272160,0,0,16.51219940185547,5.90749979019165,1.4105000495910645,2.5169999599456787,0.26409998536109924,0.20200000703334808,0,0,0,0,0,0,0,0,0,0,0,0,0
482,36.234100341796875,0.0008999999845400453,13.815999984741211,2.1398000717163086,2.696199893951416,2.4040000438690186,5.55709981918335,0.3953999876976013,5000,5009,10000,5006,10000,10000,5000,0.3431999981403351,1.496500015258789,2.761199951171875,5000,0.8102999999999395,0.5335,1,0.0883,0.0358,212992,15,15,0.6187,7712,0,0,13.946499824523926,5.675600051879883,1.342900037765503,1.8070000410079956,0.10119999945163727,10.995499610900879,0,0,0,0,0,0,0,0,0,0,0,0,0
483,37.588199615478516,13.468999862670898,12.116499900817871,2.1226000785827637,2.747999906539917,1.9255000352859497,5.872200012207031,0.3935999870300293,5000,5009,10000,5006,10000,10000,5000,0.3418999910354614,1.4026999473571777,1.805400013923645,5000,0.8224999999999382,0.5467,1,0.09090000000000001,0.0337,212992,15,15,0.6266,9248,0,0,25.73710060119629,6.037700176239014,1.3624999523162842,1.7690000534057617,0.148499995470047,0.19689999520778656,0.0026,8.648799896240234,0.0577,1.6924,2.8917,1.0329,0.1647,1,179692,9184,4995,1312,4194
484,30.01569938659668,3.0913000106811523,14.281700134277344,3.3285999298095703,2.6635000705718994,2.3675999641418457,5.669000148773193,0.4027999937534332,5000,5009,10000,5006,10000,10000,5000,0.3968999981880188,1.44350004196167,2.121000051498413,5000,0.8225999999999386,0.519,1,0.0892,0.0313,212992,15,15,0.5846,378576,0,0,17.485599517822266,6.010499954223633,1.3395999670028687,2.5989999771118164,0.3260999917984009,0.17000000178813934,0,0,0,0,0,0,0,0,0,0,0,0,0
485,24.144500732421875,0.0012000000569969416,12.133299827575684,1.978600025177002,2.63319993019104,1.8035999536514282,6.035099983215332,0.39239999651908875,5000,5009,10000,5006,10000,10000,5000,0.34869998693466187,1.4296000003814697,2.199899911880493,5000,0.9224999999999357,0.5416,1,0.08850000000000001,0.030899999999999997,212992,15,15,0.6105,7712,0,0,12.241600036621094,6.167200088500977,1.3716000318527222,1.6445000171661377,0.11540000140666962,0.1680999994277954,0,0,0,0,0,0,0,0,0,0,0,0,0
486,27.0718994140625,1.5752999782562256,13.06719970703125,2.3896000385284424,2.563999891281128,1.94350004196167,5.906400203704834,0.6208000183105469,5000,5009,10000,5006,10000,10000,5000,0.4348999857902527,1.4544999599456787,1.9210000038146973,5000,0.8404999999999372,0.7233,1,0.09010000000000001,0.0416,212992,15,15,0.6726,9368,0,0,14.744500160217285,6.02810001373291,1.7015000581741333,1.8122999668121338,0.10279999673366547,0.18119999766349792,0,0,0,0,0,0,0,0,0,0,0,0,0
487,24.51259994506836,2.5940001010894775,9.440600395202637,2.0483999252319336,0.616599977016449,1.159999966621399,5.7505998611450195,0.38440001010894775,5000,5009,10000,5006,10000,10000,5000,0.3384999930858612,1.7639000415802002,1.7346999645233154,5000,0.8201999999999383,0.511,1,0.0903,0.033299999999999996,212992,15,15,0.6155,289592,0,0,12.150099754333496,5.9618000984191895,1.3179999589920044,2.481800079345703,0.19439999759197235,0.1421000063419342,0,0,0,0,0,0,0,0,0,0,0,0,0
488,21.82469940185547,0.0008999999845400453,9.771699905395508,1.9838999509811401,0.8191999793052673,0.9297999739646912,5.473499774932861,0.4147000014781952,5000,5009,10000,5006,10000,10000,5000,0.44429999589920044,1.5181000232696533,2.2197999954223633,5000,0.8349999999999373,0.5622,1,0.10340000000000002,0.0394,212992,15,15,0.8545,7712,0,0,9.87339973449707,5.496399879455566,1.6589000225067139,1.5356999635696411,0.008200000040233135,0.5328999757766724,0,0,0,0,0,0,0,0,0,0,0,0,0
489,26.847400665283203,3.0969998836517334,11.725099563598633,1.9673000574111938,2.430500030517578,2.158600091934204,5.9567999839782715,0.38920000195503235,5000,5009,10000,5006,10000,10000,5000,0.32429999113082886,1.4020999670028687,1.7425999641418457,5000,0.8269999999999382,0.5542,1,0.09090000000000001,0.036500000000000005,212992,15,15,0.6832,8048,0,0,14.927900314331055,6.109799861907959,1.4002000093460083,1.684999942779541,0.13570000231266022,0.17820000648498535,0.0024,0,0.0605,1.7793,1.9602,0.0001,0.1462,1,178912,0,0,0,3971
490,28.171899795532227,2.661099910736084,12.782099723815918,2.1728999614715576,2.7748000621795654,2.115999937057495,5.6682000160217285,0.3873000144958496,5000,5009,10000,5006,10000,10000,5000,0.32420000433921814,1.3978999853134155,2.132699966430664,5000,0.8271999999999387,0.5256,1,0.08969999999999999,0.0354,212992,15,15,0.6095,265696,0,0,15.55459976196289,5.958499908447266,1.3381999731063843,2.646899938583374,0.27390000224113464,0.20250000059604645,0,0,0,0,0,0,0,0,0,0,0,0,0
491,27.129100799560547,0.0012000000569969416,12.32979965209961,1.993399977684021,2.6482999324798584,1.9005999565124512,5.624300003051758,0.39160001277923584,5000,5009,10000,5006,10000,10000,5000,0.37450000643730164,1.3934999704360962,2.213399887084961,5000,0.8213999999999381,0.5218,1,0.09469999999999999,0.0304,212992,15,15,0.5856,7712,0,0,12.453300476074219,6.389999866485596,1.3422000408172607,1.6363999843597412,0.7505999803543091,2.8777999877929688,0,0,0,0,0,0,0,0,0,0,0,0,0
492,28.523099899291992,4.815100193023682,11.499899864196777,1.9665000438690186,2.4707000255584717,1.8902000188827515,6.172999858856201,0.38989999890327454,5000,5009,10000,5006,10000,10000,5000,0.3400000035762787,1.4210000038146973,1.693600058555603,5000,0.8199999999999386,0.5892,1,0.08879999999999999,0.0351,212992,15,15,0.6304,9776,0,0,16.42919921875,6.329400062561035,1.4248000383377075,1.6711000204086304,0.13249999284744263,0.17980000376701355,0.0027,0,0.0597,1.7188,2.9156,1.0292,0.2529,1,178282,9110,4993,1488,4182
493,70.15560150146484,2.5409998893737793,12.495400428771973,2.1995999813079834,2.4911000728607178,2.293800115585327,5.568900108337402,0.3853999972343445,5000,5009,10000,5006,10000,10000,5000,0.3646000027656555,1.440999984741211,1.9035999774932861,5000,0.9785999999999221,0.7649,1,0.13019999999999998,0.0365,212992,15,15,0.8155,272000,0,0,15.154000282287598,5.864799976348877,1.8072999715805054,2.6956000328063965,0.27959999442100525,41.69770050048828,0,0,0,0,0,0,0,0,0,0,0,0,0
494,26.753700256347656,0.0008999999845400453,13.324199676513672,2.1486001014709473,2.867500066757202,1.895799994468689,6.856100082397461,0.41659998893737793,5000,5009,10000,5006,10000,10000,5000,0.33090001344680786,1.4210000038146973,2.617300033569336,5000,0.9534999999999325,0.549,1,0.08839999999999999,0.0297,212992,15,15,0.6394,7712,0,0,13.4306001663208,7.224999904632568,1.381700038909912,1.748900055885315,0.349700003862381,0.16529999673366547,0,0,0,0,0,0,0,0,0,0,0,0,0
495,38.76679992675781,14.230899810791016,12.674200057983398,2.6621999740600586,2.5666000843048096,2.1403000354766846,5.572400093078613,0.39089998602867126,5000,5009,10000,5006,10000,10000,5000,0.2833000123500824,1.4354000091552734,1.8221999406814575,5000,0.826999999999937,0.8594,1,0.0909,0.0335,212992,15,15,0.5932,9416,0,0,27.009899139404297,5.726600170135498,1.6821000576019287,1.7268999814987183,0.13809999823570251,0.19059999287128448,0.0019,9.542799949645996,0.0834,1.6282,2.9072,1.0852,0.1796,1,177434,9061,4993,1295,4108
496,28.383399963378906,2.643899917602539,12.216899871826172,2.087899923324585,2.460900068283081,2.003000020980835,6.565199851989746,0.3912000060081482,5000,5009,10000,5006,10000,10000,5000,0.3589000105857849,1.3690999746322632,2.1135001182556152,5000,0.830599999999937,0.5236,1,0.0887,0.0335,212992,15,15,0.6105,279872,0,0,14.968500137329102,6.904699802398682,1.3418999910354614,2.489300012588501,0.32280001044273376,0.17030000686645508,0,0,0,0,0,0,0,0,0,0,0,0,0
497,24.80820083618164,0.0008999999845400453,12.866700172424316,2.250699996948242,2.4612998962402344,1.9355000257492065,5.855500221252441,0.5601000189781189,5000,5009,10000,5006,10000,10000,5000,0.42289999127388,1.409000039100647,2.140199899673462,5000,0.8219999999999384,0.5509,1,0.08750000000000001,0.0324,212992,15,15,0.6133,7712,0,0,12.97189998626709,5.973700046539307,1.3666000366210938,1.8716000318527222,0.1005999967455864,0.17149999737739563,0,0,0,0,0,0,0,0,0,0,0,0,0
498,26.279600143432617,1.7740000486373901,12.03950023651123,1.992400050163269,2.591900110244751,1.9507999420166016,6.208499908447266,0.38089999556541443,5000,5009,10000,5006,10000,10000,5000,0.32820001244544983,1.457200050354004,2.031599998474121,5000,0.8182999999999394,0.6198,1,0.08829999999999999,0.030199999999999998,212992,15,15,0.6382,9776,0,0,13.936100006103516,6.631100177764893,1.4652999639511108,1.6298999786376953,0.40369999408721924,0.14589999616146088,0,0,0,0,0,0,0,0,0,0,0,0,0
499,27.28459930419922,2.549299955368042,9.261899948120117,2.0671000480651855,0.6158000230789185,1.1033999919891357,5.478700160980225,0.3853999972343445,5000,5009,10000,5006,10000,10000,5000,0.40049999952316284,1.4357999563217163,1.8265999555587769,5000,0.8135999999999393,0.7004,1,0.0884,0.0361,212992,15,15,0.7226,299296,1,0,14.441699981689453,5.690400123596191,1.6550999879837036,2.7562999725341797,0.19689999520778656,0.1728000044822693,0,0,0,0,0,0,0,0,0,0,0,0,0
500,20.483200073242188,0.0012000000569969416,9.118200302124023,1.917799949645996,0.6014000177383423,0.8629999756813049,5.611000061035156,0.3840000033378601,5000,5009,10000,5006,10000,10000,5000,0.29989999532699585,1.4455000162124634,2.220099925994873,5000,0.8424999999999371,0.5337,1,0.0891,0.0299,212992,15,15,0.5928,7712,0,0,9.222700119018555,5.636199951171875,1.4675999879837036,1.5092999935150146,0.009399999864399433,0.17640000581741333,0,0,0,0,0,0,0,0,0,0,0,0,0
501,27.598800659179688,3.1484999656677246,11.754799842834473,2.0685999393463135,2.5771000385284424,1.9258999824523926,5.79640007019043,0.390500009059906,5000,5009,10000,5006,10000,10000,5000,0.2874000072479248,1.419600009918213,1.743399977684021,5000,0.8171999999999391,0.7174,1,0.0957,0.0301,212992,15,15,0.6002,20400,0,0,15.012499809265137,5.932199954986572,1.5454000234603882,1.780500054359436,0.11919999867677689,0.8812999725341797,0.0023,0,0.0597,1.66,1.8327,0,0.1485,1,177394,0,0,0,3856
502,29.533100128173828,3.0302999019622803,12.647199630737305,2.1245999336242676,2.4735000133514404,2.1935999393463135,5.560100078582764,0.39070001244544983,5000,5009,10000,5006,10000,10000,5000,0.36239999532699585,1.570199966430664,2.0624001026153564,5000,0.8196999999999376,0.51,1,0.089,0.0325,212992,15,15,0.5982,332184,0,0,15.805999755859375,5.869100093841553,1.3198000192642212,2.5088999271392822,0.2930000126361847,1.583400011062622,0,0,0,0,0,0,0,0,0,0,0,0,0
503,24.65530014038086,0.0008999999845400453,12.047300338745117,1.964400053024292,2.405900001525879,1.7603000402450562,5.965000152587891,0.3822000026702881,5000,5009,10000,5006,10000,10000,5000,0.2879999876022339,1.3961000442504883,2.3422000408172607,5000,0.8813999999999367,0.6086,1,0.0902,0.0325,212992,15,15,0.5973,7712,0,0,12.183300018310547,6.480400085449219,1.4366999864578247,1.67330002784729,0.49720001220703125,0.1761000007390976,0,0,0,0,0,0,0,0,0,0,0,0,0
504,29.72719955444336,5.206500053405762,12.706600189208984,2.075700044631958,2.560699939727783,1.9257999658584595,5.57889986038208,0.388700008392334,5000,5009,10000,5006,10000,10000,5000,0.31929999589920044,1.3986999988555908,2.3838000297546387,5000,0.8455999999999356,0.5966,1,0.10089999999999999,0.034,212992,15,15,0.763,8888,0,0,18.025299072265625,5.724800109863281,1.4498000144958496,1.6720999479293823,0.13040000200271606,0.1754000037908554,0.0021,0,0.0575,1.724,3.3316,1.3637,0.1906,1,176172,8913,4993,1449,4098
505,29.060699462890625,2.7167999744415283,12.66569995880127,2.1510000228881836,2.6758999824523926,2.384999990463257,5.625100135803223,0.3847000002861023,5000,5009,10000,5006,10000,10000,5000,0.30970001220703125,1.4444999694824219,1.8919999599456787,5000,0.8299999999999379,0.5315,1,0.08889999999999999,0.035,212992,15,15,0.791,321576,0,0,15.489100456237793,5.9359002113342285,1.4496999979019165,2.4953999519348145,0.2930000126361847,1.0247000455856323,0,0,0,0,0,0,0,0,0,0,0,0,0
506,49.8297004699707,0.0008999999845400453,12.427599906921387,2.0476999282836914,2.5420000553131104,1.8823000192642212,5.735799789428711,0.46959999203681946,5000,5009,10000,5006,10000,10000,5000,0.3149000108242035,1.4738999605178833,2.268699884414673,5000,0.8434999999999374,0.5449,1,0.0931,0.0377,212992,15,15,0.6291,7712,0,0,12.539899826049805,6.025899887084961,1.3710999488830566,1.8393000364303589,0.27379998564720154,25.477500915527344,0,0,0,0,0,0,0,0,0,0,0,0,0
507,49.03499984741211,13.85569953918457,11.830300331115723,2.105299949645996,2.547300100326538,1.9336999654769897,5.575500011444092,0.3937999904155731,5000,5009,10000,5006,10000,10000,5000,0.31859999895095825,1.4108999967575073,1.6871000528335571,5000,0.8320999999999373,0.5885,1,0.0893,0.033,212992,15,15,0.6561,9008,0,0,25.801300048828125,5.720600128173828,1.4047000408172607,2.16510009765625,0.13009999692440033,11.327899932861328,0.0026,9.344099998474121,0.0574,1.5345,2.7067,1.0045,0.1757,1,175150,8859,4994,1283,4043
508,28.693099975585938,2.8891000747680664,12.055700302124023,2.103100061416626,2.423099994659424,2.026400089263916,5.634900093078613,0.3862999975681305,5000,5009,10000,5006,10000,10000,5000,0.35530000925064087,1.4052000045776367,1.906000018119812,5000,0.8292999999999386,0.7845,1,0.08909999999999998,0.0367,212992,15,15,0.609,311864,0,0,15.057499885559082,5.938600063323975,1.634600043296814,3.388000011444092,0.28760001063346863,0.20170000195503235,0,0,0,0,0,0,0,0,0,0,0,0,0
509,37.1598014831543,0.0012000000569969416,12.640999794006348,2.0060999393463135,2.4751999378204346,2.1902999877929688,5.539400100708008,0.38510000705718994,5000,5009,10000,5006,10000,10000,5000,0.33180001378059387,1.4270999431610107,2.213900089263916,5000,0.8526999999999371,0.5435,1,0.0911,0.0335,212992,15,15,0.6351,7712,0,0,12.768500328063965,5.893700122833252,1.367799997329712,1.6692999601364136,0.3382999897003174,12.904800415039062,0,0,0,0,0,0,0,0,0,0,0,0,0
510,26.037599563598633,1.6622999906539917,12.34589958190918,2.071199893951416,2.7030999660491943,1.8513000011444092,5.81790018081665,0.38760000467300415,5000,5009,10000,5006,10000,10000,5000,0.3472999930381775,1.4293999671936035,2.1284000873565674,5000,0.8326999999999376,0.5505,1,0.08940000000000001,0.0438,212992,15,15,0.6166,9128,0,0,14.14109992980957,6.168499946594238,1.3803000450134277,1.6711000204086304,0.3336000144481659,0.18080000579357147,0,0,0,0,0,0,0,0,0,0,0,0,0
511,25.216999053955078,2.7416999340057373,9.625699996948242,2.0927000045776367,0.6480000019073486,1.1581000089645386,5.588699817657471,0.3871999979019165,5000,5009,10000,5006,10000,10000,5000,0.3393999934196472,1.4678000211715698,2.0487000942230225,5000,0.8198999999999383,0.5829,1,0.09489999999999998,0.0312,212992,15,15,0.7622,276376,0,0,12.477899551391602,5.828700065612793,1.4194999933242798,2.642400026321411,0.2224999964237213,0.17520000040531158,0,0,0,0,0,0,0,0,0,0,0,0,0
512,31.324399948120117,0.0008999999845400453,9.517399787902832,1.9648000001907349,0.666700005531311,0.8841000199317932,5.481800079345703,0.3871000111103058,5000,5009,10000,5006,10000,10000,5000,0.29989999532699585,1.4837000370025635,2.470599889755249,5000,0.8399999999999381,0.5112,1,0.0889,0.0334,212992,15,15,0.6105,7712,0,0,9.623900413513184,5.505199909210205,1.3274999856948853,1.5009000301361084,0.008899999782443047,10.891799926757812,0,0,0,0,0,0,0,0,0,0,0,0,0
513,25.777999877929688,2.944000005722046,11.204000473022461,1.9819999933242798,2.3726000785827637,1.784500002861023,5.601099967956543,0.38339999318122864,5000,5009,10000,5006,10000,10000,5000,0.32690000534057617,1.38919997215271,1.6794999837875366,5000,0.8174999999999387,0.6479,1,0.0887,0.0301,212992,15,15,0.6457,8048,0,0,14.259699821472168,5.750899791717529,1.4780000448226929,1.6267000436782837,0.13330000638961792,0.1670999974012375,0.0025,0,0.0596,1.5596,1.7347,0.0001,0.1493,1,174778,0,0,0,3765
514,27.765600204467773,2.686199903488159,12.28499984741211,2.1522998809814453,2.4674999713897705,2.068700075149536,5.717700004577637,0.38449999690055847,5000,5009,10000,5006,10000,10000,5000,0.3831000030040741,1.4017000198364258,1.8967000246047974,5000,0.819199999999938,0.5322,1,0.0919,0.0407,212992,15,15,0.6463,334056,0,0,15.08489990234375,6.020500183105469,1.3464000225067139,2.6129000186920166,0.2865999937057495,0.17640000581741333,0,0,0,0,0,0,0,0,0,0,0,0,0
515,28.196699142456055,0.0010999999940395355,12.888799667358398,1.9937000274658203,2.591099977493286,1.8033000230789185,5.656199932098389,0.39149999618530273,5000,5009,10000,5006,10000,10000,5000,0.349700003862381,1.4002000093460083,2.9177000522613525,5000,0.8152999999999389,0.5827,1,0.08820000000000001,0.0397,212992,15,15,0.6295,7712,0,0,12.99470043182373,5.976099967956543,1.3919999599456787,1.6325000524520874,0.299699991941452,3.741300106048584,0,0,0,0,0,0,0,0,0,0,0,0,0
516,37.12480163574219,13.911999702453613,11.490599632263184,2.008500099182129,2.52020001411438,1.8804999589920044,5.500500202178955,0.40540000796318054,5000,5009,10000,5006,10000,10000,5000,0.32510000467300415,1.3985999822616577,1.6212999820709229,5000,0.8212999999999383,0.5355,1,0.09040000000000001,0.0337,212992,15,15,0.6494,9896,0,0,25.50860023498535,5.668799877166748,1.3515000343322754,1.9083000421524048,0.15289999544620514,0.19329999387264252,0.0025,9.486800193786621,0.0602,1.502,2.7215,1.0511,0.1633,1,174072,8846,4994,1346,4020
517,38.523399353027344,3.563499927520752,21.220500946044922,5.463699817657471,4.253799915313721,2.9291000366210938,6.1402997970581055,0.8959000110626221,5000,5009,10000,5006,10000,10000,5000,0.54830002784729,1.9663000106811523,2.6284000873565674,5000,0.8135999999999396,0.7791,1,0.0902,0.0331,212992,15,15,0.61,269712,0,0,24.911300659179688,6.441800117492676,1.7436000108718872,2.6633999347686768,0.2800999879837036,0.19769999384880066,0,0,0,0,0,0,0,0,0,0,0,0,0
518,40.53580093383789,0.0008999999845400453,11.947500228881836,2.0271999835968018,2.41510009765625,1.7948999404907227,5.574100017547607,0.3912999927997589,5000,5009,10000,5006,10000,10000,5000,0.3621000051498413,1.409000039100647,2.1394999027252197,5000,0.8194999999999389,0.5405,1,0.0991,0.0356,212992,15,15,0.6166,7712,0,0,12.060999870300293,6.0457000732421875,1.3555999994277954,1.6734999418258667,0.4560000002384186,16.925100326538086,0,0,0,0,0,0,0,0,0,0,0,0,0
519,38.555999755859375,14.147500038146973,12.122200012207031,2.041100025177002,2.907099962234497,1.968000054359436,6.352499961853027,0.38839998841285706,5000,5009,10000,5006,10000,10000,5000,0.3846000134944916,1.468000054359436,1.5964000225067139,5000,0.8185999999999386,0.5221,1,0.0885,0.0339,212992,15,15,0.6209,8408,0,0,26.40049934387207,6.5157999992370605,1.332900047302246,1.6478999853134155,0.1404999941587448,0.18029999732971191,0.0021,9.78219985961914,0.0595,1.5108,2.6862,1.0052,0.1605,1,173426,8753,4993,1213,3956
520,27.191099166870117,2.677000045776367,11.93340015411377,2.1782000064849854,2.526099920272827,2.074700117111206,5.5777997970581055,0.38280001282691956,5000,5009,10000,5006,10000,10000,5000,0.3758000135421753,1.3701000213623047,1.6409000158309937,5000,0.8685999999999351,0.5546,1,0.0888,0.0324,212992,15,15,0.613,326744,0,0,14.714799880981445,5.902699947357178,1.3631999492645264,2.536799907684326,0.30730000138282776,0.17960000038146973,0,0,0,0,0,0,0,0,0,0,0,0,0
521,29.73710060119629,0.0007999999797903001,13.862199783325195,2.001499891281128,2.459399938583374,2.5629000663757324,8.375800132751465,0.6306999921798706,5000,5009,10000,5006,10000,10000,5000,0.39739999175071716,2.335200071334839,2.044300079345703,5000,1.064199999999924,0.5543,1,0.1382,0.042100000000000005,212992,15,15,0.8605,7712,0,0,13.968500137329102,8.875,1.5943000316619873,1.7032999992370605,0.47679999470710754,0.16990000009536743,0,0,0,0,0,0,0,0,0,0,0,0,0
522,25.713600158691406,1.5752999782562256,12.263699531555176,1.9874999523162842,2.655900001525879,1.9845999479293823,5.66349983215332,0.5009999871253967,5000,5009,10000,5006,10000,10000,5000,0.38999998569488525,1.554900050163269,1.8473999500274658,5000,0.8316999999999375,0.5348,1,0.0877,0.0309,212992,15,15,0.6716,9368,0,0,13.950400352478027,6.013599872589111,1.3566999435424805,1.6765999794006348,0.33329999446868896,0.16949999332427979,0,0,0,0,0,0,0,0,0,0,0,0,0
523,28.511699676513672,2.933500051498413,9.480199813842773,2.103600025177002,0.6150000095367432,1.1304999589920044,5.701700210571289,0.39469999074935913,5000,5009,10000,5006,10000,10000,5000,0.35030001401901245,1.4392999410629272,1.9996000528335571,5000,0.8271999999999381,0.5548,1,0.0886,0.0325,212992,15,15,0.5802,324000,0,0,12.516400337219238,5.9309000968933105,1.3762999773025513,2.550299882888794,0.2101999968290329,3.730600118637085,0,0,0,0,0,0,0,0,0,0,0,0,0
524,49.26359939575195,0.0007999999797903001,9.4753999710083,2.0613999366760254,0.6218000054359436,0.8586000204086304,5.630799770355225,0.49219998717308044,5000,5009,10000,5006,10000,10000,5000,0.296999990940094,1.4208999872207642,2.1810998916625977,5000,0.8262999999999381,0.543,1,0.0883,0.0304,212992,15,15,0.7008,7712,0,0,9.5871000289917,5.655900001525879,1.4119999408721924,1.545699954032898,0.009600000455975533,28.506000518798828,0,0,0,0,0,0,0,0,0,0,0,0,0
525,26.204999923706055,2.9774999618530273,11.494199752807617,1.9713000059127808,2.5908000469207764,1.8460999727249146,5.679299831390381,0.38530001044273376,5000,5009,10000,5006,10000,10000,5000,0.3513999879360199,1.3975000381469727,1.6550999879837036,5000,0.8307999999999373,0.5715,1,0.0886,0.0311,212992,15,15,0.7062,8048,0,0,14.590499877929688,5.809700012207031,1.4057999849319458,1.6478999853134155,0.11490000039339066,0.17010000348091125,0.0032,0,0.0799,1.548,1.7432,0,0.1594,1,172554,0,0,0,3676
526,28.205799102783203,2.5220999717712402,12.236499786376953,2.1431000232696533,2.421799898147583,2.080199956893921,5.7006001472473145,0.3944000005722046,5000,5009,10000,5006,10000,10000,5000,0.3910999894142151,1.738800048828125,1.6145000457763672,5000,0.8298999999999381,0.5539,1,0.08850000000000001,0.036699999999999997,212992,15,15,0.5962,282248,0,0,14.864899635314941,5.998600006103516,1.3847999572753906,3.204699993133545,0.2791000008583069,0.29249998927116394,0,0,0,0,0,0,0,0,0,0,0,0,0
527,23.95680046081543,0.0007999999797903001,12.110699653625488,1.9769999980926514,2.36680006980896,1.8875999450683594,5.555200099945068,0.38749998807907104,5000,5009,10000,5006,10000,10000,5000,0.4066999852657318,1.4220999479293823,2.2028000354766846,5000,0.8180999999999385,0.5265,1,0.1026,0.034999999999999996,212992,15,15,0.7708,7712,0,0,12.224900245666504,5.9355998039245605,1.358199954032898,1.6383999586105347,0.364300012588501,0.15530000627040863,0,0,0,0,0,0,0,0,0,0,0,0,0
528,26.623699188232422,4.25629997253418,10.93179988861084,1.9235999584197998,2.4156999588012695,1.749500036239624,5.536200046539307,0.3840000033378601,5000,5009,10000,5006,10000,10000,5000,0.26980000734329224,1.3795000314712524,1.5156999826431274,5000,0.8187999999999391,0.5131,1,0.11180000000000001,0.0358,212992,15,15,0.6347,9536,0,0,15.29699993133545,5.681000232696533,1.3295999765396118,1.621899962425232,0.1306000053882599,0.18559999763965607,0.0022,0,0.0582,1.3374,2.5169,1.0124,0.1449,1,172316,8756,4991,1377,3970
529,27.24180030822754,2.462399959564209,12.111900329589844,2.161600112915039,2.4191999435424805,2.108299970626831,5.613900184631348,0.39820000529289246,5000,5009,10000,5006,10000,10000,5000,0.388700008392334,1.3835999965667725,1.8407000303268433,5000,0.8259999999999389,0.5506,1,0.0905,0.032,212992,15,15,0.6362,260616,0,0,14.676899909973145,5.911900043487549,1.3767000436782837,2.607300043106079,0.2809000015258789,0.16769999265670776,0,0,0,0,0,0,0,0,0,0,0,0,0
530,25.206100463867188,0.0008999999845400453,12.965100288391113,2.2597999572753906,2.5838000774383545,2.056999921798706,5.646900177001953,0.39590001106262207,5000,5009,10000,5006,10000,10000,5000,0.3785000145435333,1.4975999593734741,2.2799999713897705,5000,0.8331999999999375,0.5813,1,0.0973,0.0336,212992,15,15,0.6127,7712,0,0,13.075699806213379,6.070300102233887,1.4048999547958374,1.9285999536514282,0.40619999170303345,0.2531000077724457,0,0,0,0,0,0,0,0,0,0,0,0,0
531,40.82569885253906,15.187199592590332,14.271200180053711,2.016400098800659,3.6707000732421875,1.8056000471115112,5.5619001388549805,0.38429999351501465,5000,5009,10000,5006,10000,10000,5000,0.34860000014305115,1.4178999662399292,2.9026999473571777,5000,0.8164999999999387,0.5123,1,0.0941,0.0299,212992,15,15,0.6245,8528,0,0,29.572200775146484,5.717199802398682,1.3202999830245972,1.6064000129699707,0.13979999721050262,0.15860000252723694,0.0024,10.019700050354004,0.0578,1.3471,3.0552,1.4461,0.1982,1,171708,8741,4990,1234,3911
532,28.098800659179688,2.278700113296509,11.876500129699707,2.0627999305725098,2.3677000999450684,2.0018999576568604,5.513500213623047,0.38909998536109924,5000,5009,10000,5006,10000,10000,5000,0.33090001344680786,1.3770999908447266,1.9385000467300415,5000,1.0485999999999263,0.7821,1,0.1258,0.037,212992,15,15,0.8173,216560,0,0,14.25979995727539,5.7657999992370605,1.8522000312805176,2.859999895095825,0.2371000051498413,0.17100000381469727,0,0,0,0,0,0,0,0,0,0,0,0,0
533,24.221500396728516,0.0007999999797903001,11.956500053405762,1.9797999858856201,2.442500114440918,1.8378000259399414,5.976799964904785,0.3995000123977661,5000,5009,10000,5006,10000,10000,5000,0.36230000853538513,1.3992999792099,2.106100082397461,5000,0.8247999999999381,0.566,1,0.08929999999999999,0.0322,212992,15,15,0.6533,7712,0,0,12.065400123596191,6.3719000816345215,1.4012999534606934,1.6868000030517578,0.37869998812675476,0.1851000040769577,0,0,0,0,0,0,0,0,0,0,0,0,0
534,24.784400939941406,1.5394999980926514,11.550299644470215,2.0030999183654785,2.461400032043457,1.8547999858856201,5.604800224304199,0.38440001010894775,5000,5009,10000,5006,10000,10000,5000,0.3659999966621399,1.454200029373169,1.736799955368042,5000,0.8112999999999394,0.5851,1,0.0885,0.028999999999999998,212992,15,15,0.5964,9248,0,0,13.21679973602295,5.977700233459473,1.4042999744415283,1.6337000131607056,0.3569999933242798,0.14480000734329224,0,0,0,0,0,0,0,0,0,0,0,0,0
535,24.576799392700195,2.75819993019104,9.056500434875488,2.0738000869750977,0.5849999785423279,1.194599986076355,5.527400016784668,0.39010000228881836,5000,5009,10000,5006,10000,10000,5000,0.32659998536109924,1.3868000507354736,1.6842000484466553,5000,0.8444999999999365,0.5998,1,0.09460000000000002,0.0341,212992,15,15,0.7318,343184,0,0,11.915399551391602,5.777500152587891,1.4242000579833984,2.609999895095825,0.23469999432563782,0.1738000065088272,0,0,0,0,0,0,0,0,0,0,0,0,0
536,20.622699737548828,0.0008999999845400453,9.183300018310547,1.965499997138977,0.6370000243186951,0.8773999810218811,5.6280999183654785,0.4050999879837036,5000,5009,10000,5006,10000,10000,5000,0.35910001397132874,1.4507999420166016,2.134999990463257,5000,0.8230999999999387,0.6017,1,0.09230000000000001,0.0339,212992,15,15,0.7717,7712,0,0,9.29319953918457,5.65310001373291,1.4297000169754028,1.5123000144958496,0.009999999776482582,0.12639999389648438,0,0,0,0,0,0,0,0,0,0,0,0,0
537,29.127700805664062,2.935699939727783,11.5802001953125,1.9769999980926514,2.372299909591675,1.8219000101089478,5.582900047302246,0.38850000500679016,5000,5009,10000,5006,10000,10000,5000,0.34869998693466187,1.4042999744415283,1.9003000259399414,5000,0.8318999999999382,0.5934,1,0.0877,0.0365,212992,15,15,0.6506,8048,0,0,14.618499755859375,5.7204999923706055,1.4220000505447388,1.639799952507019,0.12200000137090683,3.202899932861328,0.0021,0,0.0595,1.6011,1.7762,0,0.1507,1,171158,0,0,0,3613
538,27.923099517822266,2.7225000858306885,11.99020004272461,2.1364998817443848,2.6863999366760254,1.944599986076355,5.548699855804443,0.3855000138282776,5000,5009,10000,5006,10000,10000,5000,0.33489999175071716,1.3782999515533447,1.7582000494003296,5000,0.8248999999999389,0.9327,1,0.08889999999999999,0.0307,212992,15,15,0.8051,274520,0,0,14.816900253295898,5.835000038146973,1.8574999570846558,2.5803000926971436,0.27129998803138733,0.16820000112056732,0,0,0,0,0,0,0,0,0,0,0,0,0
539,23.515600204467773,0.0007999999797903001,11.39009952545166,1.983199954032898,2.3106000423431396,1.75409996509552,5.860400199890137,0.38670000433921814,5000,5009,10000,5006,10000,10000,5000,0.3425999879837036,1.405900001525879,1.8509999513626099,5000,0.8649999999999345,0.584,1,0.0908,0.035699999999999996,212992,15,15,0.6567,7712,0,0,11.49429988861084,6.164299964904785,1.420300006866455,1.6597000360488892,0.2847999930381775,0.17649999260902405,0,0,0,0,0,0,0,0,0,0,0,0,0
540,27.852800369262695,4.230800151824951,11.936200141906738,2.0078999996185303,2.3993000984191895,1.910599946975708,5.67549991607666,0.39010000228881836,5000,5009,10000,5006,10000,10000,5000,0.34119999408721924,1.483299970626831,1.9558000564575195,5000,0.8187999999999391,0.5715,1,0.10099999999999999,0.0324,212992,15,15,0.6017,9248,0,0,16.27199935913086,5.822999954223633,1.3961999416351318,1.736799955368042,0.12860000133514404,0.15700000524520874,0.0019,0,0.0575,1.3677,2.5734,1.0378,0.1516,1,170654,8789,4990,1388,3904
541,26.69029998779297,2.5964999198913574,11.655599594116211,2.089900016784668,2.420599937438965,1.9529000520706177,5.532800197601318,0.3971000015735626,5000,5009,10000,5006,10000,10000,5000,0.3666999936103821,1.3935999870300293,1.6277999877929688,5000,0.8185999999999386,0.5576,1,0.0886,0.0348,212992,15,15,0.6404,298280,0,0,14.35669994354248,5.810100078582764,1.3903000354766846,2.489000082015991,0.26159998774528503,0.16529999673366547,0,0,0,0,0,0,0,0,0,0,0,0,0
542,24.146699905395508,0.0008999999845400453,12.081100463867188,1.9639999866485596,2.410099983215332,1.886299967765808,5.849899768829346,0.39070001244544983,5000,5009,10000,5006,10000,10000,5000,0.36079999804496765,1.5162999629974365,2.1886000633239746,5000,0.8449999999999372,0.5719,1,0.0896,0.032100000000000004,212992,15,15,0.632,7712,0,0,12.201700210571289,6.186100006103516,1.4179999828338623,1.6277999877929688,0.31949999928474426,0.16459999978542328,0,0,0,0,0,0,0,0,0,0,0,0,0
543,39.95970153808594,16.276199340820312,11.884099960327148,2.015500068664551,2.4193999767303467,2.183199882507324,5.721199989318848,0.38670000433921814,5000,5009,10000,5006,10000,10000,5000,0.35409998893737793,1.4505000114440918,1.7237999439239502,5000,0.8397999999999362,0.6486,1,0.08879999999999999,0.0347,212992,15,15,0.623,9368,0,0,28.262100219726562,5.866300106048584,1.5061999559402466,1.6485999822616577,0.12800000607967377,0.1808999925851822,0.002,11.979000091552734,0.0558,1.4722,2.6826,1.0274,0.1645,1,170362,8702,4992,1269,3846
544,29.69300079345703,2.511899948120117,14.45680046081543,2.2353999614715576,2.5820000171661377,3.3543999195098877,5.656099796295166,0.40119999647140503,5000,5009,10000,5006,10000,10000,5000,0.37040001153945923,2.1458001136779785,1.8395999670028687,5000,0.8405999999999364,0.5258,1,0.09029999999999999,0.0367,212992,15,15,0.6401,287472,0,0,17.073299407958984,5.951600074768066,1.3493000268936157,2.6458001136779785,0.27790001034736633,0.1673000007867813,0,0,0,0,0,0,0,0,0,0,0,0,0
545,23.83060073852539,0.0012000000569969416,12.23840045928955,2.2660000324249268,2.39520001411438,1.9383000135421753,5.645699977874756,0.40149998664855957,5000,5009,10000,5006,10000,10000,5000,0.3472000062465668,1.4342999458312988,2.061500072479248,5000,0.8247999999999381,0.5257,1,0.098,0.0327,212992,15,15,0.6173,7712,0,0,12.344300270080566,5.843699932098389,1.3518999814987183,1.6557999849319458,0.18209999799728394,0.1768999993801117,0,0,0,0,0,0,0,0,0,0,0,0,0
546,25.730899810791016,1.6066999435424805,12.010899543762207,2.002700090408325,2.4340999126434326,1.8073999881744385,5.547999858856201,0.40209999680519104,5000,5009,10000,5006,10000,10000,5000,0.3767000138759613,1.5157999992370605,2.0571000576019287,5000,0.8208999999999382,0.5363,1,0.0899,0.027800000000000002,212992,15,15,0.5841,8768,0,0,13.746199607849121,5.752200126647949,1.3413000106811523,1.629699945449829,0.18729999661445618,0.8734999895095825,0,0,0,0,0,0,0,0,0,0,0,0,0
547,24.49209976196289,2.5209999084472656,9.347100257873535,2.249000072479248,0.600600004196167,1.1159000396728516,5.6016998291015625,0.39649999141693115,5000,5009,10000,5006,10000,10000,5000,0.36000001430511475,1.5418000221252441,1.6490999460220337,5000,0.8156999999999383,0.5183,1,0.0885,0.0306,212992,15,15,0.6251,261608,0,0,11.969099998474121,5.80649995803833,1.3286000490188599,2.7388999462127686,0.18799999356269836,0.18479999899864197,0,0,0,0,0,0,0,0,0,0,0,0,0
548,21.44339942932129,0.0010000000474974513,9.544300079345703,2.0829999446868896,0.6435999870300293,0.8852999806404114,6.14169979095459,0.3903000056743622,5000,5009,10000,5006,10000,10000,5000,0.33169999718666077,1.441499948501587,2.2620999813079834,5000,0.8165999999999388,0.5176,1,0.0886,0.0349,212992,15,15,0.6179,7712,0,0,9.655500411987305,6.1691999435424805,1.3357000350952148,1.6167999505996704,0.009700000286102295,0.20020000636577606,0,0,0,0,0,0,0,0,0,0,0,0,0
549,38.06129837036133,2.9907000064849854,11.733699798583984,1.9984999895095825,2.563199996948242,1.951799988746643,5.523200035095215,0.3991999924182892,5000,5009,10000,5006,10000,10000,5000,0.33980000019073486,1.424399971961975,1.7350000143051147,5000,0.8194999999999386,0.5376,1,0.0882,0.0322,212992,15,15,0.5886,8048,0,0,14.858599662780762,5.659999847412109,1.389299988746643,1.669100046157837,0.12139999866485596,12.051799774169922,0.0025,0,0.0862,1.6032,1.8051,0,0.1407,1,169450,0,0,0,3543
550,28.274999618530273,2.486999988555908,12.918399810791016,2.1540000438690186,2.7558999061584473,2.035900115966797,5.751500129699707,0.3824999928474426,5000,5009,10000,5006,10000,10000,5000,0.4007999897003174,1.6277999877929688,2.086199998855591,5000,0.819199999999939,0.5442,1,0.09759999999999999,0.037000000000000005,212992,15,15,0.7327,211520,0,0,15.516500473022461,6.008500099182129,1.370300054550171,2.543800115585327,0.23770000040531158,0.23680000007152557,0,0,0,0,0,0,0,0,0,0,0,0,0
551,70.568603515625,0.0008999999845400453,12.543600082397461,1.986899971961975,2.4035000801086426,1.8457000255584717,5.59499979019165,0.391400009393692,5000,5009,10000,5006,10000,10000,5000,0.3343000113964081,1.8118000030517578,2.217099905014038,5000,0.818999999999939,0.5561,1,0.08800000000000001,0.0299,212992,15,15,0.5969,7712,0,0,12.653900146484375,5.846799850463867,1.3688000440597534,1.624400019645691,0.23510000109672546,46.64759826660156,0,0,0,0,0,0,0,0,0,0,0,0,0
552,28.955400466918945,4.447400093078613,11.642999649047852,2.040800094604492,2.5529000759124756,1.8366999626159668,5.716899871826172,0.3896999955177307,5000,5009,10000,5006,10000,10000,5000,0.3707999885082245,1.3884999752044678,1.704800009727478,5000,0.8168999999999387,0.8176,1,0.09190000000000001,0.032799999999999996,212992,15,15,0.6836,8408,0,0,16.208799362182617,5.8684000968933105,1.6532000303268433,1.7049000263214111,0.13580000400543213,0.9564999938011169,0.0027,0,0.059,1.6016,2.8095,1.0375,0.1488,1,169186,8626,4992,1358,3852
553,37.264801025390625,2.58270001411438,12.179499626159668,2.0787999629974365,2.489799976348877,2.176500082015991,5.684000015258789,0.3855000138282776,5000,5009,10000,5006,10000,10000,5000,0.34929999709129333,1.6253000497817993,1.6856000423431396,5000,0.8467999999999355,0.5067,1,0.0912,0.031100000000000003,212992,15,15,0.568,294304,0,0,14.89900016784668,5.977200031280518,1.3301000595092773,2.4951999187469482,0.27480000257492065,10.097299575805664,0,0,0,0,0,0,0,0,0,0,0,0,0
554,23.78190040588379,0.0008999999845400453,12.043399810791016,2.122299909591675,2.4170000553131104,1.8157999515533447,5.703999996185303,0.4016000032424927,5000,5009,10000,5006,10000,10000,5000,0.31220000982284546,1.409500002861023,2.190200090408325,5000,0.8201999999999384,0.587,1,0.089,0.030199999999999998,212992,15,15,0.5821,7712,0,0,12.159600257873535,5.913599967956543,1.4336999654769897,1.6617000102996826,0.19380000233650208,0.17679999768733978,0,0,0,0,0,0,0,0,0,0,0,0,0
555,40.5968017578125,16.542400360107422,12.30780029296875,1.979699969291687,2.5557000637054443,1.951799988746643,5.7133002281188965,0.38510000705718994,5000,5009,10000,5006,10000,10000,5000,0.3589000105857849,1.488700032234192,2.0459001064300537,5000,0.8360999999999389,0.5319,1,0.09029999999999999,0.0335,212992,15,15,0.6152,8888,0,0,28.964399337768555,5.864200115203857,1.3528000116348267,1.7476999759674072,0.13249999284744263,0.19470000267028809,0.0025,11.434800148010254,0.095,1.9538,3.2847,1.0637,0.1761,1,168592,8586,4991,1228,3816
556,27.920000076293945,2.722399950027466,12.481900215148926,2.324899911880493,2.437700033187866,2.0106000900268555,5.631800174713135,0.4009000062942505,5000,5009,10000,5006,10000,10000,5000,0.3492000102996826,1.3889000415802002,1.9825999736785889,5000,0.8132999999999392,0.5292,1,0.08850000000000001,0.028499999999999998,212992,15,15,0.5816,277080,0,0,15.33810043334961,5.927299976348877,1.3408000469207764,2.7667999267578125,0.2775999903678894,0.1729000061750412,0,0,0,0,0,0,0,0,0,0,0,0,0
557,23.822799682617188,0.0008999999845400453,11.89430046081543,1.9716999530792236,2.3949999809265137,1.8532999753952026,5.51639986038208,0.3847000002861023,5000,5009,10000,5006,10000,10000,5000,0.33239999413490295,1.430299997329712,2.157399892807007,5000,0.9478999999999352,0.5427,1,0.09000000000000001,0.036199999999999996,212992,15,15,0.6553,7712,0,0,12.004899978637695,5.723299980163574,1.363700032234192,1.8631999492645264,0.19179999828338623,0.18150000274181366,0,0,0,0,0,0,0,0,0,0,0,0,0
558,24.77630043029785,1.5157999992370605,11.652799606323242,1.9664000272750854,2.387500047683716,1.8729000091552734,5.770299911499023,0.38449999690055847,5000,5009,10000,5006,10000,10000,5000,0.3596999943256378,1.441499948501587,1.93340003490448,5000,0.8230999999999391,0.5017,1,0.09130000000000002,0.0341,212992,15,15,0.6023,8768,0,0,13.281700134277344,5.968200206756592,1.3207999467849731,1.6371999979019165,0.18129999935626984,0.13860000669956207,0,0,0,0,0,0,0,0,0,0,0,0,0
559,26.606599807739258,2.7355000972747803,9.297200202941895,2.1761999130249023,0.6155999898910522,1.087499976158142,5.463200092315674,0.3944999873638153,5000,5009,10000,5006,10000,10000,5000,0.31839999556541443,1.3601000308990479,1.868299961090088,5000,0.8201999999999391,0.5736,1,0.0889,0.0312,212992,15,15,0.8161,327608,0,0,12.141400337219238,5.682300090789795,1.5162999629974365,2.6417999267578125,0.20340000092983246,1.9605000019073486,0,0,0,0,0,0,0,0,0,0,0,0,0
560,49.0629997253418,0.0010999999940395355,9.371299743652344,1.934499979019165,0.6104999780654907,0.8794999718666077,5.582300186157227,0.3864000141620636,5000,5009,10000,5006,10000,10000,5000,0.3276999890804291,1.6926000118255615,2.1807000637054443,5000,0.8221999999999383,0.5625,1,0.09060000000000001,0.0363,212992,15,15,0.606,7712,0,0,9.479700088500977,5.606599807739258,1.386199951171875,1.5819000005722046,0.008299999870359898,28.567899703979492,0,0,0,0,0,0,0,0,0,0,0,0,0
561,26.44729995727539,2.9881999492645264,11.647600173950195,1.985200047492981,2.434299945831299,1.881500005722046,5.649199962615967,0.3831000030040741,5000,5009,10000,5006,10000,10000,5000,0.3499999940395355,1.4402999877929688,1.8331999778747559,5000,0.8289999999999377,0.6378,1,0.0882,0.0361,212992,15,15,0.6807,8048,0,0,14.753800392150879,5.773600101470947,1.472499966621399,1.7203999757766724,0.10840000212192535,0.1665000021457672,0.0024,0,0.0603,1.5621,1.7415,0.0001,0.1715,1,168220,0,0,0,3466
562,28.310300827026367,2.299299955368042,12.885700225830078,2.089200019836426,2.2629001140594482,2.5172998905181885,5.9506001472473145,0.3912999927997589,5000,5009,10000,5006,10000,10000,5000,0.4020000100135803,2.2314999103546143,1.6276999711990356,5000,0.8204999999999386,0.5763,1,0.0975,0.043000000000000003,212992,15,15,0.6639,252240,0,0,15.288700103759766,6.225500106811523,1.438599944114685,2.6238999366760254,0.2556000053882599,0.19539999961853027,0,0,0,0,0,0,0,0,0,0,0,0,0
563,25.142000198364258,0.0007999999797903001,13.11139965057373,2.22979998588562,2.536099910736084,1.9510999917984009,5.889400005340576,0.39430001378059387,5000,5009,10000,5006,10000,10000,5000,0.350600004196167,1.5089999437332153,2.4523000717163086,5000,0.8479999999999378,0.527,1,0.0907,0.041800000000000004,212992,15,15,0.6463,7712,0,0,13.23840045928955,6.076099872589111,1.3514000177383423,1.6917999982833862,0.1695999950170517,0.1720000058412552,0,0,0,0,0,0,0,0,0,0,0,0,0
564,27.266300201416016,4.183499813079834,11.611300468444824,1.9833999872207642,2.5023999214172363,1.8450000286102295,5.6595001220703125,0.40130001306533813,5000,5009,10000,5006,10000,10000,5000,0.3379000127315521,1.396399974822998,1.8176000118255615,5000,0.8180999999999388,0.5313,1,0.0874,0.030199999999999998,212992,15,15,0.5824,8648,0,0,15.90369987487793,5.803999900817871,1.3351999521255493,1.6610000133514404,0.12939999997615814,0.1574999988079071,0.0025,0,0.059,1.3726,2.5396,0.9959,0.1424,1,167776,8477,4991,1317,3815
565,77.10279846191406,3.3605000972747803,12.887700080871582,2.127700090408325,2.452899932861328,2.1672000885009766,5.693900108337402,0.4007999897003174,5000,5009,10000,5006,10000,10000,5000,0.35839998722076416,1.4077999591827393,2.3041000366210938,5000,0.8121999999999391,0.5454,1,0.08960000000000001,0.0414,212992,15,15,0.6787,241624,0,0,16.347900390625,5.946499824523926,1.381600022315979,2.6373000144958496,0.23639999330043793,48.263099670410156,0,0,0,0,0,0,0,0,0,0,0,0,0
566,23.979700088500977,0.0007999999797903001,12.463000297546387,2.15310001373291,2.6821999549865723,1.8259999752044678,5.651400089263916,0.39320001006126404,5000,5009,10000,5006,10000,10000,5000,0.3449999988079071,1.4078999757766724,2.245300054550171,5000,0.8173999999999391,0.5325,1,0.08879999999999999,0.0302,212992,15,15,0.5924,7712,0,0,12.572600364685059,5.8618998527526855,1.3313000202178955,1.6325000524520874,0.19529999792575836,0.15109999477863312,0,0,0,0,0,0,0,0,0,0,0,0,0
567,39.000701904296875,14.131999969482422,13.367300033569336,2.7715001106262207,2.6305999755859375,1.872499942779541,5.558300018310547,0.6204000115394592,5000,5009,10000,5006,10000,10000,5000,0.36959999799728394,1.4707000255584717,1.8801000118255615,5000,0.8173999999999392,0.5515,1,0.0882,0.033,212992,15,15,0.6135,8408,0,0,27.60070037841797,5.696000099182129,1.3730000257492065,1.6785000562667847,0.120899997651577,0.19920000433921814,0.0021,9.969200134277344,0.0711,1.3837,2.5569,0.9863,0.1538,1,167250,8429,4991,1198,3730
568,29.627599716186523,3.218400001525879,12.871700286865234,2.2653000354766846,2.5332000255584717,2.0299999713897705,5.531199932098389,0.39809998869895935,5000,5009,10000,5006,10000,10000,5000,0.3411000072956085,1.4637999534606934,2.335200071334839,5000,0.8833999999999352,0.5521,1,0.09820000000000001,0.047099999999999996,212992,15,15,0.6229,379176,0,0,16.1968994140625,5.860300064086914,1.3976999521255493,3.313699960708618,0.31150001287460327,0.18029999732971191,0,0,0,0,0,0,0,0,0,0,0,0,0
569,24.869400024414062,0.0010999999940395355,12.643500328063965,1.9681999683380127,2.411799907684326,2.0120999813079834,6.043099880218506,0.39149999618530273,5000,5009,10000,5006,10000,10000,5000,0.3402999937534332,1.5638999938964844,2.456199884414673,5000,0.8573999999999361,0.5473,1,0.0904,0.0369,212992,15,15,0.6142,7712,0,0,12.781900405883789,6.239099979400635,1.389799952507019,1.7214000225067139,0.17579999566078186,0.18469999730587006,0,0,0,0,0,0,0,0,0,0,0,0,0
570,25.252599716186523,1.6806999444961548,11.663999557495117,1.9842000007629395,2.5004000663757324,1.7626999616622925,5.941100120544434,0.382999986410141,5000,5009,10000,5006,10000,10000,5000,0.3325999975204468,1.3878999948501587,1.9916000366210938,5000,0.8753999999999391,0.5652,1,0.0882,0.024,212992,15,15,0.6125,8888,0,0,13.454999923706055,6.13040018081665,1.386199951171875,1.6440999507904053,0.17149999737739563,0.13699999451637268,0,0,0,0,0,0,0,0,0,0,0,0,0
571,24.919599533081055,2.2102999687194824,9.4266996383667,2.190500020980835,0.635699987411499,1.06850004196167,5.503499984741211,0.3824000060558319,5000,5009,10000,5006,10000,10000,5000,0.3343999981880188,1.478600025177002,1.9490000009536743,5000,0.8301999999999384,0.5402,1,0.0885,0.030400000000000003,212992,15,15,0.6171,218384,0,0,11.739700317382812,5.659299850463867,1.3560999631881714,2.522900104522705,0.1420000046491623,1.1990000009536743,0,0,0,0,0,0,0,0,0,0,0,0,0
572,48.679298400878906,0.0008999999845400453,9.221699714660645,1.9479999542236328,0.6252999901771545,0.9703999757766724,5.558300018310547,0.38449999690055847,5000,5009,10000,5006,10000,10000,5000,0.3598000109195709,1.4931999444961548,2.06820011138916,5000,0.81889999999994,0.5533,1,0.0907,0.0351,212992,15,15,0.6283,7712,0,0,9.327500343322754,5.581299781799316,1.3765000104904175,1.5257999897003174,0.00839999970048666,28.30419921875,0,0,0,0,0,0,0,0,0,0,0,0,0
573,25.713199615478516,2.7692999839782715,11.42549991607666,1.947700023651123,2.255199909210205,1.8824000358581543,5.562399864196777,0.4203999936580658,5000,5009,10000,5006,10000,10000,5000,0.3224000036716461,1.3961000442504883,1.8708000183105469,5000,0.8225999999999389,0.5805,1,0.0898,0.0314,212992,15,15,0.6108,8048,0,0,14.345199584960938,5.690199851989746,1.4041999578475952,1.631700038909912,0.11209999769926071,0.18400000035762787,0.002,0,0.0595,1.3413,1.5195,0,0.1838,1,166792,0,0,0,3390
574,27.94610023498535,2.8306000232696533,11.921500205993652,2.144700050354004,2.484999895095825,1.9292999505996704,5.7052998542785645,0.3873000144958496,5000,5009,10000,5006,10000,10000,5000,0.30820000171661377,1.3849999904632568,1.8658000230789185,5000,0.8271999999999379,0.5411,1,0.0893,0.031,212992,15,15,0.6297,327152,0,0,14.85669994354248,6.009300231933594,1.3553999662399292,3.0894999504089355,0.28690001368522644,0.16680000722408295,0,0,0,0,0,0,0,0,0,0,0,0,0
575,28.452899932861328,0.0008999999845400453,12.613100051879883,2.032599925994873,2.998199939727783,1.8207000494003296,5.558199882507324,0.3824000060558319,5000,5009,10000,5006,10000,10000,5000,0.3822999894618988,1.4134000539779663,2.216599941253662,5000,0.8287999999999375,0.5032,1,0.08860000000000001,0.029699999999999997,212992,15,15,0.6203,7712,0,0,12.713600158691406,5.747300148010254,1.3177000284194946,1.621999979019165,0.17329999804496765,4.59630012512207,0,0,0,0,0,0,0,0,0,0,0,0,0
576,38.8218994140625,14.342399597167969,11.52299976348877,2.0643999576568604,2.4323999881744385,1.9279999732971191,5.570000171661377,0.38760000467300415,5000,5009,10000,5006,10000,10000,5000,0.34060001373291016,1.45169997215271,1.5918999910354614,5000,0.8557999999999347,0.811,1,0.135,0.042800000000000005,212992,15,15,0.9667,8528,0,0,25.970800399780273,5.702400207519531,1.8624000549316406,2.1147000789642334,0.11710000038146973,0.20000000298023224,0.0023,10.203900337219238,0.0631,1.3782,2.527,0.9714,0.1595,1,166748,8400,4990,1270,3738
577,30.840299606323242,3.6514999866485596,12.779999732971191,2.2676000595092773,2.516700029373169,2.119800090789795,6.181099891662598,0.3901999890804291,5000,5009,10000,5006,10000,10000,5000,0.3328000009059906,1.3795000314712524,2.225800037384033,5000,0.8299999999999372,0.6904,1,0.0907,0.0336,212992,15,15,0.6269,265824,0,0,16.560100555419922,6.466100215911865,1.530400037765503,3.6142001152038574,0.2694000005722046,0.17669999599456787,0,0,0,0,0,0,0,0,0,0,0,0,0
578,46.250999450683594,0.0008999999845400453,12.090999603271484,2.030400037765503,2.4149999618530273,1.9975999593734741,5.872799873352051,0.38679999113082886,5000,5009,10000,5006,10000,10000,5000,0.34040001034736633,1.4014999866485596,2.145400047302246,5000,0.8242999999999385,0.8679,1,0.0889,0.0332,212992,15,15,0.6467,7712,0,0,12.199299812316895,6.068299770355225,1.7091000080108643,1.9348000288009644,0.17890000343322754,21.808900833129883,0,0,0,0,0,0,0,0,0,0,0,0,0
579,39.3745002746582,14.722299575805664,12.753899574279785,2.0708999633789062,2.986299991607666,2.17549991607666,5.88129997253418,0.4041999876499176,5000,5009,10000,5006,10000,10000,5000,0.42080000042915344,1.4549000263214111,1.8193000555038452,5000,0.8141999999999391,0.5441,1,0.09050000000000001,0.034699999999999995,212992,15,15,0.632,8408,0,0,27.60580062866211,6.027900218963623,1.3650000095367432,1.6868000030517578,0.12639999389648438,0.17810000479221344,0.0022,10.314200401306152,0.0579,1.5015,2.6403,0.9655,0.1532,1,166554,8382,4988,1182,3648
580,28.633100509643555,2.901400089263916,13.227299690246582,2.186199903488159,2.8564999103546143,2.702399969100952,5.707200050354004,0.3882000148296356,5000,5009,10000,5006,10000,10000,5000,0.3970000147819519,1.4413000345230103,1.8372999429702759,5000,0.8337999999999378,0.5296,1,0.0882,0.0329,212992,15,15,0.5823,230248,0,0,16.246299743652344,5.959400177001953,1.3447999954223633,2.4934000968933105,0.2345999926328659,0.16660000383853912,0,0,0,0,0,0,0,0,0,0,0,0,0
581,24.64780044555664,0.0008999999845400453,11.936200141906738,2.0311999320983887,2.41759991645813,1.757099986076355,5.520100116729736,0.38769999146461487,5000,5009,10000,5006,10000,10000,5000,0.2985999882221222,1.4117000102996826,2.177299976348877,5000,0.8294999999999383,0.7627,1,0.09040000000000001,0.0318,212992,15,15,0.6485,7712,0,0,12.050700187683105,5.704100131988525,1.8109999895095825,2.1096999645233154,0.16949999332427979,0.47690001130104065,0,0,0,0,0,0,0,0,0,0,0,0,0
582,30.05120086669922,2.0852999687194824,13.95829963684082,2.048799991607666,3.2600998878479004,1.9215999841690063,7.907199859619141,0.387800008058548,5000,5009,10000,5006,10000,10000,5000,0.36230000853538513,1.4326000213623047,2.8259999752044678,5000,0.8255999999999383,0.5359,1,0.0895,0.0361,212992,15,15,0.6458,8648,0,0,16.170700073242188,8.094300270080566,1.3854999542236328,1.7141000032424927,0.16670000553131104,0.17329999804496765,0,0,0,0,0,0,0,0,0,0,0,0,0
583,29.490800857543945,2.355799913406372,9.363300323486328,2.063499927520752,0.7437999844551086,1.0772000551223755,5.538099765777588,0.38449999690055847,5000,5009,10000,5006,10000,10000,5000,0.3425999879837036,1.3918999433517456,1.9048999547958374,5000,0.8135999999999387,0.6087,1,0.09799999999999999,0.0372,212992,15,15,0.6494,247864,0,0,11.829999923706055,5.728600025177002,1.5601999759674072,2.563199996948242,0.17489999532699585,5.311299800872803,0,0,0,0,0,0,0,0,0,0,0,0,0
584,28.409000396728516,0.0010999999940395355,9.772299766540527,2.013400077819824,0.6474000215530396,1.086300015449524,5.91480016708374,0.4332999885082245,5000,5009,10000,5006,10000,10000,5000,0.36090001463890076,1.5476000308990479,2.2829999923706055,5000,0.817599999999939,0.519,1,0.09609999999999999,0.0348,212992,15,15,0.6999,7712,0,0,9.889300346374512,5.941299915313721,1.3357000350952148,1.9142999649047852,0.00839999970048666,6.779300212860107,0,0,0,0,0,0,0,0,0,0,0,0,0
585,38.83380126953125,2.8396999835968018,12.520099639892578,2.106300115585327,2.7146999835968018,2.0141000747680664,5.954800128936768,0.39570000767707825,5000,5009,10000,5006,10000,10000,5000,0.3571000099182129,1.5367000102996826,1.9818999767303467,5000,0.8163999999999388,0.5111,1,0.0889,0.0344,212992,15,15,0.5956,8048,0,0,15.474699974060059,6.085999965667725,1.3371000289916992,1.7345000505447388,0.11320000141859055,11.65939998626709,0.0024,0,0.0604,1.3793,1.6153,0.0001,0.1741,1,166292,0,0,0,3325
586,30.534299850463867,2.904900074005127,14.071700096130371,2.5195000171661377,3.467900037765503,2.3317999839782715,5.582600116729736,0.43720000982284546,5000,5009,10000,5006,10000,10000,5000,0.3776000142097473,1.4615000486373901,1.9598000049591064,5000,0.8181999999999388,0.5787,1,0.08959999999999999,0.0342,212992,15,15,0.6757,331096,0,0,17.093900680541992,5.872600078582764,1.399999976158142,3.4068000316619873,0.2728999853134155,0.23970000445842743,0,0,0,0,0,0,0,0,0,0,0,0,0
587,35.1244010925293,0.0008999999845400453,12.013099670410156,2.0281999111175537,2.2788000106811523,1.9510999917984009,5.795199871063232,0.38429999351501465,5000,5009,10000,5006,10000,10000,5000,0.37380000948905945,1.4680999517440796,2.1249001026153564,5000,0.8114999999999392,0.5178,1,0.0888,0.0299,212992,15,15,0.5633,7712,0,0,12.119199752807617,5.972899913787842,1.3307000398635864,1.6370999813079834,0.1597999930381775,11.688300132751465,0,0,0,0,0,0,0,0,0,0,0,0,0
588,82.76519775390625,4.110099792480469,13.989399909973145,3.674499988555908,3.3863000869750977,1.8216999769210815,5.537799835205078,0.3864000141620636,5000,5009,10000,5006,10000,10000,5000,0.3095000088214874,1.4036999940872192,1.5879000425338745,5000,0.8728999999999327,0.5556,1,0.1225,0.0383,212992,15,15,0.6557,8528,0,0,18.215299606323242,5.684700012207031,1.381600022315979,1.6444000005722046,0.13130000233650208,53.125701904296875,0.0027,0,0.0584,1.3616,2.5369,1.0004,0.1415,1,166044,8466,4991,1286,3672
589,28.75040054321289,2.6594998836517334,12.645999908447266,2.3620998859405518,2.7165000438690186,1.989300012588501,5.916999816894531,0.3910999894142151,5000,5009,10000,5006,10000,10000,5000,0.3199999928474426,1.373900055885315,2.009500026702881,5000,0.8158999999999388,0.5703,1,0.08860000000000001,0.0313,212992,15,15,0.6373,259048,0,0,15.416299819946289,6.1996002197265625,1.4185999631881714,3.0806000232696533,0.266400009393692,0.1468999981880188,0,0,0,0,0,0,0,0,0,0,0,0,0
590,31.16349983215332,0.0008999999845400453,14.371800422668457,2.1273000240325928,2.713399887084961,2.74429988861084,8.75730037689209,0.3887999951839447,5000,5009,10000,5006,10000,10000,5000,0.35530000925064087,2.528899908065796,2.1401000022888184,5000,1.159399999999917,0.7766,1,0.12519999999999998,0.0485,212992,15,15,0.9653,7712,0,0,14.471400260925293,9.057999610900879,1.8372999429702759,1.9492000341415405,0.2768000066280365,0.1835000067949295,0,0,0,0,0,0,0,0,0,0,0,0,0
591,44.36090087890625,19.827800750732422,12.090299606323242,2.031399965286255,2.5306999683380127,1.8078999519348145,5.8506999015808105,0.38679999113082886,5000,5009,10000,5006,10000,10000,5000,0.36239999532699585,1.6513999700546265,1.9560999870300293,5000,0.8189999999999391,0.8034,1,0.0891,0.0369,212992,15,15,0.6327,8648,0,0,32.04679870605469,5.981100082397461,1.6583000421524048,1.9609999656677246,0.11180000007152557,0.18320000171661377,0.0031,15.110400199890137,0.0785,1.4513,2.7378,1.0329,0.1682,1,165762,8383,4991,1161,3579
592,34.33430099487305,3.839400053024292,17.29759979248047,3.4202001094818115,3.3420000076293945,2.589099884033203,5.613399982452393,0.47279998660087585,5000,5009,10000,5006,10000,10000,5000,0.4359999895095825,2.1135001182556152,2.851900100708008,5000,0.8239999999999389,0.545,1,0.0887,0.0344,212992,15,15,0.5902,326280,0,0,21.263999938964844,5.910299777984619,1.3539999723434448,3.208400011062622,0.27810001373291016,0.1632000058889389,0,0,0,0,0,0,0,0,0,0,0,0,0
593,25.296100616455078,0.0008999999845400453,12.538200378417969,2.0608999729156494,2.672600030899048,1.9500999450683594,5.629300117492676,0.39469999074935913,5000,5009,10000,5006,10000,10000,5000,0.31700000166893005,1.5121999979019165,2.205199956893921,5000,0.9875999999999253,0.6291,1,0.10979999999999998,0.042,212992,15,15,0.852,7712,0,0,12.644100189208984,5.8231000900268555,1.5901000499725342,1.9535000324249268,0.17839999496936798,0.1738000065088272,0,0,0,0,0,0,0,0,0,0,0,0,0
594,30.779600143432617,2.0176000595092773,15.224499702453613,2.569000005722046,4.311500072479248,1.9795000553131104,6.289599895477295,0.4043000042438507,5000,5009,10000,5006,10000,10000,5000,0.375,1.4873000383377075,2.444000005722046,5000,0.8323999999999379,0.9971,1,0.08990000000000001,0.028,212992,15,15,0.8025,9536,0,0,17.372299194335938,6.487100124359131,1.9853999614715576,2.005500078201294,0.17720000445842743,0.1785999983549118,0,0,0,0,0,0,0,0,0,0,0,0,0
595,33.29330062866211,2.920799970626831,12.393600463867188,2.5120999813079834,0.6801000237464905,1.811900019645691,8.913000106811523,0.3970000147819519,5000,5009,10000,5006,10000,10000,5000,0.4187999963760376,2.6475000381469727,2.3575000762939453,5000,1.0767999999999212,0.8025,1,0.12840000000000001,0.041499999999999995,212992,15,15,0.8243,278448,0,0,15.455499649047852,9.17199993133545,1.902999997138977,3.2360000610351562,0.2320999950170517,0.16200000047683716,0,0,0,0,0,0,0,0,0,0,0,0,0
596,21.59779930114746,0.0008999999845400453,9.805700302124023,2.282900094985962,0.6492999792098999,0.8361999988555908,5.629499912261963,0.42080000042915344,5000,5009,10000,5006,10000,10000,5000,0.35989999771118164,1.479200005531311,2.257499933242798,5000,0.8313999999999386,0.6127,1,0.09109999999999999,0.0355,212992,15,15,0.6889,7712,0,0,9.940299987792969,5.654799938201904,1.5987000465393066,1.6341999769210815,0.009200000204145908,0.16689999401569366,0,0,0,0,0,0,0,0,0,0,0,0,0
597,38.35369873046875,2.8671000003814697,15.275300025939941,3.1851999759674072,2.700000047683716,2.676100015640259,8.734000205993652,0.4016999900341034,5000,5009,10000,5006,10000,10000,5000,0.3921999931335449,2.5197999477386475,1.9895000457763672,5000,0.9900999999999245,0.815,1,0.11710000000000001,0.0414,212992,15,15,0.8634,8048,0,0,18.25309944152832,8.913999557495117,1.7862000465393066,2.2116000652313232,0.15620000660419464,4.028900146484375,0.0026,0,0.0579,1.3638,1.5393,0,0.1423,1,165404,0,0,0,3252
598,28.398399353027344,2.7862000465393066,12.535799980163574,2.0896999835968018,2.3450000286102295,1.8348000049591064,5.838500022888184,0.3580000102519989,5000,5009,10000,5006,10000,10000,5000,0.32760000228881836,1.285099983215332,2.688800096511841,5000,0.8387999999999377,0.5333,1,0.11629999999999999,0.0342,212992,15,15,0.8162,243632,0,0,15.456299781799316,6.110400199890137,1.3015999794006348,2.544600009918213,0.2542000114917755,0.1768999993801117,0,0,0,0,0,0,0,0,0,0,0,0,0
599,26.391799926757812,0.0008999999845400453,15.125800132751465,2.9365999698638916,3.1665000915527344,2.3350000381469727,5.445000171661377,0.35040000081062317,5000,5009,10000,5006,10000,10000,5000,0.33809998631477356,2.303499937057495,2.2346999645233154,5000,0.6497999999999514,0.7126,1,0.0743,0.0303,212992,15,15,0.5527,7712,0,0,15.232799530029297,5.712600231170654,1.430799961090088,1.7008999586105347,0.24740000069141388,0.18150000274181366,0,0,0,0,0,0,0,0,0,0,0,0,0
600,32.23649978637695,4.280799865722656,14.99470043182373,2.827399969100952,3.625499963760376,2.0185000896453857,4.8790998458862305,0.5198000073432922,5000,5009,10000,5006,10000,10000,5000,0.3280999958515167,1.2210999727249146,2.615499973297119,5000,0.7245999999999463,0.5033,1,0.07999999999999999,0.0318,212992,15,15,0.5805,9104,0,0,19.395000457763672,4.996099948883057,1.2347999811172485,1.9773999452590942,0.10140000283718109,2.4049999713897705,0.0021,0,0.0503,1.1264,2.4048,1.0825,0.1885,1,165090,8298,4991,1281,3606
601,26.996599197387695,2.6222000122070312,11.263999938964844,1.9637999534606934,2.2495999336242676,1.9617999792099,5.621699810028076,0.36899998784065247,5000,5009,10000,5006,10000,10000,5000,0.3334999978542328,1.3446999788284302,1.691100001335144,5000,0.7694999999999428,0.7405,1,0.0857,0.0368,212992,15,15,0.6926,253232,0,0,14.02239990234375,5.873499870300293,1.6597000360488892,2.8057000637054443,0.2353000044822693,0.1639000028371811,0,0,0,0,0,0,0,0,0,0,0,0,0
602,40.037498474121094,0.0008999999845400453,17.669099807739258,3.377500057220459,3.8041999340057373,2.422800064086914,5.656000137329102,0.6291999816894531,5000,5009,10000,5006,10000,10000,5000,0.37450000643730164,2.1965999603271484,2.9489998817443848,5000,0.8318999999999377,0.5417,1,0.09409999999999999,0.0342,212992,15,15,0.7113,7712,0,0,17.802099227905273,5.832099914550781,1.3666000366210938,1.7848999500274658,0.1590999960899353,10.685700416564941,0,0,0,0,0,0,0,0,0,0,0,0,0
603,38.721900939941406,14.23449993133545,12.197199821472168,2.095599889755249,2.7637999057769775,2.083699941635132,5.648399829864502,0.39570000767707825,5000,5009,10000,5006,10000,10000,5000,0.31779998540878296,1.4176000356674194,1.6613999605178833,5000,0.8457999999999382,0.5813,1,0.101,0.032,212992,15,15,0.6226,8696,0,0,26.548999786376953,5.798699855804443,1.4069000482559204,2.1700000762939453,0.1316000074148178,0.21619999408721924,0.0024,10.123100280761719,0.0585,1.3513,2.4697,0.9429,0.1479,1,165248,8239,4992,1124,3507
604,27.706199645996094,2.678499937057495,11.688799858093262,2.097899913787842,2.3333001136779785,1.9765000343322754,5.581399917602539,0.4002000093460083,5000,5009,10000,5006,10000,10000,5000,0.38089999556541443,1.4076000452041626,1.6963000297546387,5000,0.8236999999999391,0.6016,1,0.099,0.028,212992,15,15,0.6419,326616,0,0,14.474599838256836,5.962100028991699,1.422700047492981,3.214099884033203,0.3662000000476837,0.1446000039577484,0,0,0,0,0,0,0,0,0,0,0,0,0
605,23.48310089111328,0.0008999999845400453,11.731900215148926,1.9752999544143677,2.3148000240325928,1.683500051498413,5.680600166320801,0.42899999022483826,5000,5009,10000,5006,10000,10000,5000,0.359499990940094,1.4349000453948975,2.144200086593628,5000,0.8363999999999381,0.5326,1,0.08910000000000001,0.0361,212992,15,15,0.6105,7712,0,0,11.838600158691406,5.923399925231934,1.343999981880188,1.7094000577926636,0.22519999742507935,0.16329999268054962,0,0,0,0,0,0,0,0,0,0,0,0,0
606,26.011499404907227,1.4306000471115112,12.737899780273438,1.9399000406265259,2.319200038909912,2.259200096130371,5.906300067901611,0.3856000006198883,5000,5009,10000,5006,10000,10000,5000,0.35600000619888306,2.3259999752044678,1.8222999572753906,5000,0.8192999999999395,0.5386,1,0.08839999999999999,0.0239,212992,15,15,0.6021,8408,0,0,14.271200180053711,6.070499897003174,1.3489999771118164,1.6986000537872314,0.14790000021457672,0.19869999587535858,0,0,0,0,0,0,0,0,0,0,0,0,0
607,33.039398193359375,2.3903000354766846,9.423700332641602,2.0481998920440674,0.5997999906539917,1.0916999578475952,5.625400066375732,0.3898000121116638,5000,5009,10000,5006,10000,10000,5000,0.32179999351501465,1.386199951171875,2.201900005340576,5000,0.8175999999999387,0.5578,1,0.0913,0.0349,212992,15,15,0.609,209192,0,0,11.924400329589844,5.798699855804443,1.3623000383377075,2.5415000915527344,0.15800000727176666,8.957300186157227,0,0,0,0,0,0,0,0,0,0,0,0,0
608,20.965599060058594,0.0010000000474974513,9.197199821472168,1.9730000495910645,0.676800012588501,0.8925999999046326,5.517000198364258,0.3822000026702881,5000,5009,10000,5006,10000,10000,5000,0.31349998712539673,1.3802000284194946,2.210200071334839,5000,0.8622999999999343,0.7041,1,0.09770000000000001,0.030199999999999998,212992,15,15,0.7465,7712,0,0,9.308300018310547,5.538700103759766,1.5716999769210815,1.7235000133514404,0.008100000210106373,0.15049999952316284,0,0,0,0,0,0,0,0,0,0,0,0,0
609,26.087299346923828,2.748199939727783,11.4350004196167,2.0989999771118164,2.297499895095825,1.8348000049591064,5.53879976272583,0.3968999981880188,5000,5009,10000,5006,10000,10000,5000,0.325300008058548,1.3973000049591064,1.7115999460220337,5000,0.8264999999999374,0.639,1,0.0885,0.0346,212992,15,15,0.6361,8048,0,0,14.286600112915039,5.67080020904541,1.4611999988555908,2.0078999996185303,0.11659999936819077,0.18150000274181366,0.0024,0,0.0597,1.39,1.5693,0.0001,0.1406,1,164770,0,0,0,3175
610,35.12089920043945,3.1728999614715576,12.085100173950195,2.1373000144958496,2.4133999347686768,1.9541000127792358,5.541399955749512,0.3874000012874603,5000,5009,10000,5006,10000,10000,5000,0.3221000134944916,1.364300012588501,2.0383999347686768,5000,0.917099999999939,0.5672,1,0.09029999999999999,0.0336,212992,15,15,0.613,322600,0,0,15.393099784851074,5.824699878692627,1.4003000259399414,2.5325000286102295,0.26759999990463257,7.417200088500977,0,0,0,0,0,0,0,0,0,0,0,0,0
611,24.141000747680664,0.0010000000474974513,11.871600151062012,2.0404999256134033,2.2957000732421875,1.7968000173568726,5.708399772644043,0.384799987077713,5000,5009,10000,5006,10000,10000,5000,0.3411000072956085,1.4251999855041504,2.219599962234497,5000,1.0099999999999256,0.5441,1,0.1099,0.040799999999999996,212992,15,15,0.681,7712,0,0,11.980500221252441,5.984300136566162,1.3708000183105469,1.676900029182434,0.25760000944137573,0.1720999926328659,0,0,0,0,0,0,0,0,0,0,0,0,0
612,29.969200134277344,4.096199989318848,13.258999824523926,2.0848000049591064,2.4544999599456787,2.494499921798706,6.401299953460693,0.3871000111103058,5000,5009,10000,5006,10000,10000,5000,0.40689998865127563,2.35479998588562,1.6722999811172485,5000,0.8181999999999386,0.6771,1,0.0919,0.0344,212992,15,15,0.6154,9176,0,0,17.460800170898438,6.536099910736084,1.572100043296814,1.7247999906539917,0.11749999970197678,0.1973000019788742,0.0022,0,0.0592,1.3535,2.5061,0.9761,0.1527,1,164338,8152,4993,1189,3528
613,27.704999923706055,2.702199935913086,12.154500007629395,2.137200117111206,2.4405999183654785,1.9910000562667847,5.624100208282471,0.3813999891281128,5000,5009,10000,5006,10000,10000,5000,0.3034999966621399,1.3920999765396118,2.047600030899048,5000,0.8120999999999391,0.5751,1,0.1122,0.0356,212992,15,15,0.8281,269496,0,0,14.979100227355957,5.896399974822998,1.386199951171875,2.5620999336242676,0.25780001282691956,0.17599999904632568,0,0,0,0,0,0,0,0,0,0,0,0,0
614,23.677400588989258,0.0008999999845400453,11.890600204467773,2.0320000648498535,2.4444000720977783,1.8077000379562378,5.551499843597412,0.38769999146461487,5000,5009,10000,5006,10000,10000,5000,0.2782999873161316,1.420199990272522,2.146899938583374,5000,0.8300999999999389,0.6011,1,0.0895,0.0308,212992,15,15,0.7228,7712,0,0,11.99429988861084,5.7459001541137695,1.472000002861023,1.6955000162124634,0.17739999294281006,0.1574999988079071,0,0,0,0,0,0,0,0,0,0,0,0,0
615,43.00170135498047,18.521099090576172,12.079000473022461,2.029599905014038,2.356300115585327,2.323499917984009,6.007699966430664,0.3882000148296356,5000,5009,10000,5006,10000,10000,5000,0.33649998903274536,1.6059000492095947,1.704300045967102,5000,0.8141999999999393,0.6527,1,0.08990000000000001,0.029699999999999997,212992,15,15,0.7579,8528,0,0,30.722299575805664,6.165900230407715,1.513800024986267,1.81659996509552,0.1379999965429306,0.17419999837875366,0.0022,11.798700332641602,0.092,3.6698,4.9977,1.0402,0.192,1,164178,8154,4993,1088,3444
616,30.707300186157227,2.5327999591827393,14.389599800109863,2.0878000259399414,2.3276000022888184,2.696500062942505,6.88640022277832,0.399399995803833,5000,5009,10000,5006,10000,10000,5000,0.37279999256134033,2.025599956512451,2.596299886703491,5000,0.8173999999999387,0.5531,1,0.08830000000000002,0.034999999999999996,212992,15,15,0.5723,213120,0,0,17.030500411987305,7.142899990081787,1.3835999965667725,2.5978000164031982,0.2337999939918518,0.14749999344348907,0,0,0,0,0,0,0,0,0,0,0,0,0
617,26.550100326538086,0.0010999999940395355,13.140999794006348,2.1278998851776123,2.5801000595092773,1.870300054550171,6.278500080108643,0.44920000433921814,5000,5009,10000,5006,10000,10000,5000,0.43619999289512634,1.513100028038025,2.389899969100952,5000,0.8983999999999343,0.6971,1,0.10900000000000001,0.04189999999999999,212992,15,15,0.7304,7712,0,0,13.274900436401367,6.450799942016602,1.6615999937057495,2.180299997329712,0.15389999747276306,0.17399999499320984,0,0,0,0,0,0,0,0,0,0,0,0,0
618,25.292499542236328,1.4883999824523926,12.198800086975098,1.993299961090088,2.5471999645233154,2.150700092315674,5.561699867248535,0.38530001044273376,5000,5009,10000,5006,10000,10000,5000,0.3328999876976013,1.4478000402450562,1.9931999444961548,5000,0.8162999999999393,0.545,1,0.088,0.029400000000000003,212992,15,15,0.73,8408,0,0,13.794099807739258,5.726500034332275,1.3738000392913818,1.6984000205993652,0.14830000698566437,0.1462000012397766,0,0,0,0,0,0,0,0,0,0,0,0,0
619,53.11029815673828,2.6570000648498535,9.401800155639648,2.071500062942505,0.6128000020980835,1.1260000467300415,5.488500118255615,0.38670000433921814,5000,5009,10000,5006,10000,10000,5000,0.33489999175071716,1.4311000108718872,2.018899917602539,5000,0.8173999999999386,0.6758,1,0.0892,0.0354,212992,15,15,0.6416,288696,0,0,12.16510009765625,5.700900077819824,1.5485999584197998,2.831700086593628,0.19670000672340393,28.363500595092773,0,0,0,0,0,0,0,0,0,0,0,0,0
620,23.652000427246094,0.0008999999845400453,9.989700317382812,2.0736000537872314,1.044100046157837,0.8664000034332275,5.647600173950195,0.3887999951839447,5000,5009,10000,5006,10000,10000,5000,0.3671000003814697,1.4321000576019287,2.2202999591827393,5000,0.8446999999999366,0.5508,1,0.11320000000000001,0.0354,212992,15,15,0.7182,7712,0,0,10.10200023651123,5.673999786376953,1.4843000173568726,1.9366999864578247,0.00839999970048666,1.794700026512146,0,0,0,0,0,0,0,0,0,0,0,0,0
621,28.789100646972656,3.109499931335449,13.546099662780762,2.2783000469207764,3.4242000579833984,1.7626999616622925,5.5447998046875,0.3937999904155731,5000,5009,10000,5006,10000,10000,5000,0.3582000136375427,1.3938000202178955,2.443000078201294,5000,0.8295999999999375,0.5742,1,0.09210000000000002,0.0366,212992,15,15,0.6572,8048,0,0,16.761699676513672,5.672299861907959,1.5121999979019165,1.9104000329971313,0.11089999973773956,0.2791000008583069,0.0025,0,0.0624,1.3264,1.6502,0.0001,0.2541,1,164082,0,0,0,3096
622,31.270700454711914,2.31469988822937,11.523599624633789,2.0232999324798584,2.1814000606536865,1.8087999820709229,5.604100227355957,0.3815000057220459,5000,5009,10000,5006,10000,10000,5000,0.3695000112056732,1.5774999856948853,1.7685999870300293,5000,0.8389999999999372,0.8541,1,0.09330000000000001,0.0294,212992,15,15,0.5923,210792,0,0,13.949000358581543,5.829999923706055,1.7057000398635864,2.672600030899048,0.20960000157356262,4.685500144958496,0,0,0,0,0,0,0,0,0,0,0,0,0
623,24.146099090576172,0.0008999999845400453,11.981100082397461,2.0044000148773193,2.346100091934204,1.6698999404907227,5.660200119018555,0.38040000200271606,5000,5009,10000,5006,10000,10000,5000,0.3756999969482422,1.3933000564575195,2.198899984359741,5000,0.8498999999999362,0.7491,1,0.089,0.032,212992,15,15,0.5984,7712,0,0,12.086000442504883,5.852499961853027,1.5740000009536743,1.9387999773025513,0.17640000581741333,0.17229999601840973,0,0,0,0,0,0,0,0,0,0,0,0,0
624,30.615699768066406,4.084000110626221,12.90719985961914,2.0044000148773193,2.391200065612793,2.427799940109253,7.440199851989746,0.38029998540878296,5000,5009,10000,5006,10000,10000,5000,0.3808000087738037,2.2569000720977783,1.7202999591827393,5000,0.8132999999999379,0.5458,1,0.0928,0.0361,212992,15,15,0.7269,8768,0,0,17.095399856567383,7.582600116729736,1.4192999601364136,1.7793999910354614,0.1234000027179718,0.17180000245571136,0.0023,0,0.0595,1.3253,2.5464,1.0441,0.1475,1,163666,8052,4995,1157,3455
625,27.803600311279297,2.5429999828338623,11.731300354003906,2.0741000175476074,2.5083000659942627,2.012200117111206,5.500400066375732,0.3831999897956848,5000,5009,10000,5006,10000,10000,5000,0.2962000072002411,1.3873000144958496,1.6993000507354736,5000,0.849499999999936,0.5164,1,0.08879999999999999,0.0468,212992,15,15,0.5781,257080,0,0,14.387999534606934,5.758600234985352,1.3456000089645386,3.1394999027252197,0.24250000715255737,0.7110999822616577,0,0,0,0,0,0,0,0,0,0,0,0,0
626,24.57110023498535,0.0007999999797903001,12.387299537658691,2.0583999156951904,2.3891000747680664,1.8349000215530396,5.910900115966797,0.4927999973297119,5000,5009,10000,5006,10000,10000,5000,0.3970000147819519,1.4006999731063843,2.4058001041412354,5000,0.8384999999999377,0.5292,1,0.08879999999999999,0.0365,212992,15,15,0.5759,7712,0,0,12.491900444030762,6.141900062561035,1.3425999879837036,1.9448000192642212,0.21400000154972076,0.16519999504089355,0,0,0,0,0,0,0,0,0,0,0,0,0
627,37.91419982910156,14.572600364685059,11.467499732971191,1.9739999771118164,2.3227999210357666,1.837499976158142,5.937699794769287,0.4235000014305115,5000,5009,10000,5006,10000,10000,5000,0.3181000053882599,1.526900053024292,1.683899998664856,5000,0.8171999999999389,0.5304,1,0.0896,0.0345,212992,15,15,0.6353,8768,0,0,26.151500701904297,6.079899787902832,1.353700041770935,1.7187000513076782,0.11999999731779099,0.14249999821186066,0.0019,10.331199645996094,0.059,1.3205,2.4488,0.9502,0.1709,1,163432,8038,4996,1084,3360
628,26.9148006439209,2.5355000495910645,11.668100357055664,2.1180999279022217,2.371999979019165,1.9198999404907227,5.529099941253662,0.3946000039577484,5000,5009,10000,5006,10000,10000,5000,0.33379998803138733,1.4047000408172607,1.7445000410079956,5000,0.8347999999999368,0.5695,1,0.09920000000000001,0.0331,212992,15,15,0.7437,255912,0,0,14.304499626159668,5.834700107574463,1.4620000123977661,2.5459001064300537,0.2897000014781952,0.16419999301433563,0,0,0,0,0,0,0,0,0,0,0,0,0
629,23.25279998779297,0.0008999999845400453,11.494799613952637,1.9491000175476074,2.2950000762939453,1.7443000078201294,5.851799964904785,0.3828999996185303,5000,5009,10000,5006,10000,10000,5000,0.2971000075340271,1.4155000448226929,2.031399965286255,5000,0.8168999999999389,0.5226,1,0.0895,0.0311,212992,15,15,0.6118,7712,0,0,11.597599983215332,6.018499851226807,1.3323999643325806,1.6749999523162842,0.148499995470047,0.17229999601840973,0,0,0,0,0,0,0,0,0,0,0,0,0
630,26.15060043334961,1.3991999626159668,12.03439998626709,2.029900074005127,2.4911000728607178,1.9767999649047852,6.378900051116943,0.391400009393692,5000,5009,10000,5006,10000,10000,5000,0.3504999876022339,1.4316999912261963,1.962399959564209,5000,0.829199999999938,0.6259,1,0.09059999999999999,0.0347,212992,15,15,0.629,8528,0,0,13.537500381469727,6.5518999099731445,1.5516999959945679,1.8150999546051025,0.15690000355243683,0.20489999651908875,0,0,0,0,0,0,0,0,0,0,0,0,0
631,27.238399505615234,2.7852001190185547,9.79319953918457,2.131200075149536,0.6413999795913696,1.1646000146865845,5.5630998611450195,0.39309999346733093,5000,5009,10000,5006,10000,10000,5000,0.3686000108718872,1.5257999897003174,2.0092999935150146,5000,0.825699999999938,0.5665,1,0.10250000000000001,0.037,212992,15,15,0.5901,266952,0,0,12.719300270080566,5.760499954223633,1.3920999765396118,2.768899917602539,0.18019999563694,2.127500057220459,0,0,0,0,0,0,0,0,0,0,0,0,0
632,21.723600387573242,0.0008999999845400453,9.592399597167969,1.969599962234497,0.7754999995231628,0.8787999749183655,5.570899963378906,0.3970000147819519,5000,5009,10000,5006,10000,10000,5000,0.32739999890327454,1.448199987411499,2.3064000606536865,5000,0.8265999999999382,0.8261,1,0.10619999999999999,0.0363,212992,15,15,0.8022,7712,0,0,9.703800201416016,5.688600063323975,1.8482999801635742,1.6181999444961548,0.008200000040233135,0.17389999330043793,0,0,0,0,0,0,0,0,0,0,0,0,0
633,26.29640007019043,2.657399892807007,11.903499603271484,2.034899950027466,2.7516000270843506,1.8747999668121338,5.575200080871582,0.3837999999523163,5000,5009,10000,5006,10000,10000,5000,0.34850001335144043,1.5205999612808228,1.6770999431610107,5000,0.8646999999999362,0.5738,1,0.0894,0.0364,212992,15,15,0.6153,8048,0,0,14.670900344848633,5.693699836730957,1.4217000007629395,1.8032000064849854,0.10339999943971634,0.2013999968767166,0.0022,0,0.059,1.3244,1.4998,0.0001,0.1398,1,163262,0,0,0,3026
634,35.00669860839844,2.200500011444092,12.109600067138672,2.0815999507904053,2.3285999298095703,1.9226000308990479,5.543399810791016,0.3889000117778778,5000,5009,10000,5006,10000,10000,5000,0.35420000553131104,1.3875999450683594,2.102799892425537,5000,0.8239999999999382,0.5129,1,0.08889999999999999,0.0296,212992,15,15,0.585,201448,0,0,14.438899993896484,5.850900173187256,1.3241000175476074,2.593400001525879,0.29269999265670776,8.376199722290039,0,0,0,0,0,0,0,0,0,0,0,0,0
635,23.993600845336914,0.0007999999797903001,11.865699768066406,2.0487000942230225,2.2184998989105225,1.729599952697754,5.66510009765625,0.388700008392334,5000,5009,10000,5006,10000,10000,5000,0.3140999972820282,1.409000039100647,2.3954999446868896,5000,0.842199999999937,0.5472,1,0.1044,0.0387,212992,15,15,0.7756,7712,0,0,11.981399536132812,5.849699974060059,1.3818999528884888,1.8604999780654907,0.16840000450611115,0.17149999737739563,0,0,0,0,0,0,0,0,0,0,0,0,0
636,36.855201721191406,13.932700157165527,11.288100242614746,1.9696999788284302,2.3148000240325928,1.8488999605178833,5.813399791717529,0.4034999907016754,5000,5009,10000,5006,10000,10000,5000,0.2881999909877777,1.4413000345230103,1.6318999528884888,5000,0.8316999999999374,0.5515,1,0.0884,0.028,212992,15,15,0.5979,8648,0,0,25.3341007232666,5.9415998458862305,1.364799976348877,1.6373000144958496,0.11079999804496765,0.14000000059604645,0.002,9.86970043182373,0.0606,1.3317,2.4478,0.9387,0.1797,1,163200,8092,4995,1171,3391
637,26.48110008239746,2.455399990081787,11.520000457763672,2.099400043487549,2.373699903488159,1.8863999843597412,5.511300086975098,0.3869999945163727,5000,5009,10000,5006,10000,10000,5000,0.3312000036239624,1.381100058555603,1.6649999618530273,5000,0.8210999999999384,0.5805,1,0.0904,0.032100000000000004,212992,15,15,0.6401,260960,0,0,14.109800338745117,5.771999835968018,1.4250999689102173,2.518399953842163,0.24629999697208405,0.1664000004529953,0,0,0,0,0,0,0,0,0,0,0,0,0
638,24.253400802612305,0.0007999999797903001,11.519100189208984,1.9534000158309937,2.3013999462127686,1.7193000316619873,6.749100208282471,0.3939000070095062,5000,5009,10000,5006,10000,10000,5000,0.3118000030517578,1.42330002784729,2.093899965286255,5000,0.8423999999999382,0.5571,1,0.08960000000000001,0.0336,212992,15,15,0.6029,7712,0,0,11.61989974975586,6.923799991607666,1.3907999992370605,1.6610000133514404,0.15629999339580536,0.18000000715255737,0,0,0,0,0,0,0,0,0,0,0,0,0
639,36.22650146484375,13.094599723815918,11.57859992980957,2.04259991645813,2.451200008392334,1.8986999988555908,5.709700107574463,0.3824999928474426,5000,5009,10000,5006,10000,10000,5000,0.37119999527931213,1.5364999771118164,1.5740000009536743,5000,0.8108999999999396,0.5827,1,0.0885,0.033,212992,15,15,0.5623,8528,0,0,24.780399322509766,5.837399959564209,1.4091999530792236,1.6324000358581543,0.10930000245571136,0.1477999985218048,0.0019,8.927499771118164,0.0579,1.3419,2.4957,0.9683,0.1628,1,162984,8111,4996,1094,3310
640,27.07990074157715,2.5311999320983887,11.707200050354004,2.077500104904175,2.2421998977661133,2.0130999088287354,5.639999866485596,0.38609999418258667,5000,5009,10000,5006,10000,10000,5000,0.32170000672340393,1.3907999992370605,1.7851999998092651,5000,0.8167999999999394,0.5579,1,0.0884,0.0336,212992,15,15,0.5824,267048,0,0,14.342599868774414,6.047900199890137,1.3723000288009644,2.69950008392334,0.39259999990463257,0.1776999980211258,0,0,0,0,0,0,0,0,0,0,0,0,0
641,39.5786018371582,0.0010000000474974513,13.142200469970703,1.9617999792099,2.261199951171875,2.4065001010894775,5.572299957275391,0.6513000130653381,5000,5009,10000,5006,10000,10000,5000,0.4341000020503998,1.5383000373840332,2.1503000259399414,5000,0.8150999999999393,0.5391,1,0.08810000000000001,0.0327,212992,15,15,0.5871,7712,0,0,13.251299858093262,5.725900173187256,1.358299970626831,1.7056000232696533,0.13809999823570251,15.114299774169922,0,0,0,0,0,0,0,0,0,0,0,0,0
642,25.410200119018555,1.3823000192642212,11.683899879455566,1.9983999729156494,2.320199966430664,1.9222999811172485,5.637800216674805,0.4203999936580658,5000,5009,10000,5006,10000,10000,5000,0.32690000534057617,1.4247000217437744,1.854200005531311,5000,0.9433999999999316,0.5568,1,0.09689999999999999,0.0415,212992,15,15,0.6655,8168,0,0,13.174400329589844,5.801000118255615,1.392799973487854,1.978700041770935,0.1462000012397766,0.19210000336170197,0,0,0,0,0,0,0,0,0,0,0,0,0
643,25.886600494384766,3.4769999980926514,9.16409969329834,2.1684999465942383,0.6169000267982483,1.0329999923706055,5.5503997802734375,0.39719998836517334,5000,5009,10000,5006,10000,10000,5000,0.3224000036716461,1.3940999507904053,1.7942999601364136,5000,0.8326999999999375,0.7984,1,0.09459999999999999,0.0292,212992,15,15,0.6613,210400,0,0,12.769100189208984,5.714399814605713,1.7734999656677246,2.8977999687194824,0.14890000224113464,0.17139999568462372,0,0,0,0,0,0,0,0,0,0,0,0,0
644,31.491300582885742,0.0008999999845400453,9.37969970703125,2.04259991645813,0.6481000185012817,0.8651999831199646,5.597400188446045,0.3873000144958496,5000,5009,10000,5006,10000,10000,5000,0.33959999680519104,1.455399990081787,2.2334001064300537,5000,0.8208999999999381,0.5319,1,0.0883,0.0335,212992,15,15,0.5931,7712,0,0,9.488100051879883,5.624800205230713,1.3489999771118164,1.6043000221252441,0.00839999970048666,10.997099876403809,0,0,0,0,0,0,0,0,0,0,0,0,0
645,26.040599822998047,2.7155001163482666,11.648699760437012,1.9850000143051147,2.175600051879883,1.8931000232696533,5.671000003814697,0.3833000063896179,5000,5009,10000,5006,10000,10000,5000,0.3725000023841858,1.4014999866485596,2.005199909210205,5000,0.8257999999999385,0.5374,1,0.0889,0.0318,212992,15,15,0.6138,8048,0,0,14.481499671936035,5.792300224304199,1.3496999740600586,1.760200023651123,0.10360000282526016,0.16920000314712524,0.0023,0,0.0599,1.4007,1.5803,0.0001,0.1367,1,162830,0,0,0,2950
646,27.800899505615234,2.664400100708008,12.318300247192383,2.141400098800659,2.119999885559082,2.0292999744415283,5.681000232696533,0.6514999866485596,5000,5009,10000,5006,10000,10000,5000,0.4165000021457672,1.4671000242233276,1.6198999881744385,5000,0.826799999999939,0.5542,1,0.0892,0.0361,212992,15,15,0.6025,319776,0,0,15.088399887084961,6.04610013961792,1.371500015258789,2.648099899291992,0.3467000126838684,0.19020000100135803,0,0,0,0,0,0,0,0,0,0,0,0,0
647,23.104900360107422,0.0012000000569969416,11.572699546813965,1.9564000368118286,2.1600000858306885,1.7323999404907227,5.714700222015381,0.3921000063419342,5000,5009,10000,5006,10000,10000,5000,0.35929998755455017,1.4508999586105347,2.1772000789642334,5000,0.8278999999999381,0.5225,1,0.0905,0.0287,212992,15,15,0.6099,7712,0,0,11.67590045928955,5.869900226593018,1.3416999578475952,1.636199951171875,0.13850000500679016,0.13529999554157257,0,0,0,0,0,0,0,0,0,0,0,0,0
648,26.20789909362793,3.8452999591827393,10.85949993133545,1.9313000440597534,2.2511000633239746,1.7089999914169312,5.4770002365112305,0.384799987077713,5000,5009,10000,5006,10000,10000,5000,0.2879999876022339,1.419700026512146,1.565999984741211,5000,0.8240999999999381,0.5678,1,0.0887,0.0293,212992,15,15,0.6129,8288,0,0,14.802800178527832,5.597700119018555,1.419800043106079,1.7381999492645264,0.10819999873638153,0.16300000250339508,0.0019,0,0.0579,1.2698,2.444,0.9986,0.1329,1,162734,8030,4996,1155,3343
649,45.65140151977539,2.5485000610351562,11.795299530029297,2.1150999069213867,2.246500015258789,2.0685999393463135,6.8480000495910645,0.3846000134944916,5000,5009,10000,5006,10000,10000,5000,0.41280001401901245,1.40910005569458,1.7516000270843506,5000,0.8925999999999354,0.5693,1,0.0884,0.0352,212992,15,15,0.5937,269496,0,0,14.448699951171875,7.2052998542785645,1.4067000150680542,2.561300039291382,0.33719998598098755,17.435300827026367,0,0,0,0,0,0,0,0,0,0,0,0,0
650,24.16119956970215,0.0007999999797903001,11.894599914550781,1.983299970626831,2.4102001190185547,1.7425999641418457,5.6296000480651855,0.3849000036716461,5000,5009,10000,5006,10000,10000,5000,0.28769999742507935,1.544700026512146,2.1679999828338623,5000,0.8295999999999383,0.7859,1,0.09029999999999999,0.0322,212992,15,15,0.6308,7712,0,0,12.006500244140625,5.871300220489502,1.6612999439239502,1.9286999702453613,0.22360000014305115,0.17479999363422394,0,0,0,0,0,0,0,0,0,0,0,0,0
651,36.839298248291016,12.914600372314453,12.289400100708008,2.15910005569458,2.3552000522613525,2.2481000423431396,5.617000102996826,0.4230000078678131,5000,5009,10000,5006,10000,10000,5000,0.3765000104904175,1.5119999647140503,1.6100000143051147,5000,0.8205999999999388,0.5511,1,0.0901,0.0374,212992,15,15,0.6595,8648,0,0,25.318300247192383,5.748799800872803,1.4006999731063843,1.6593999862670898,0.10740000009536743,0.16760000586509705,0.0022,8.946999549865723,0.0596,1.3067,2.4143,0.929,0.1528,1,162398,8082,4996,1055,3250
652,27.691299438476562,2.626300096511841,12.053299903869629,2.142899990081787,2.3847999572753906,1.9833999872207642,5.517099857330322,0.3856000006198883,5000,5009,10000,5006,10000,10000,5000,0.3255000114440918,1.3740999698638916,2.0227999687194824,5000,0.8234999999999385,0.6392,1,0.0922,0.0373,212992,15,15,0.6985,290408,0,0,14.787300109863281,5.8572001457214355,1.6446000337600708,2.7009999752044678,0.3264000117778778,0.16820000112056732,0,0,0,0,0,0,0,0,0,0,0,0,0
653,45.79949951171875,0.0007999999797903001,12.0693998336792,1.9585000276565552,2.328700065612793,1.7879999876022339,5.76639986038208,0.38499999046325684,5000,5009,10000,5006,10000,10000,5000,0.3531999886035919,1.471500039100647,2.2934000492095947,5000,0.8201999999999384,0.5395,1,0.0886,0.033,212992,15,15,0.6048,7712,0,0,12.190500259399414,5.914899826049805,1.3551000356674194,1.6639000177383423,0.13189999759197235,22.225500106811523,0,0,0,0,0,0,0,0,0,0,0,0,0
654,28.320999145507812,1.5220999717712402,12.40470027923584,2.110100030899048,2.4482998847961426,1.8984999656677246,7.242499828338623,0.38260000944137573,5000,5009,10000,5006,10000,10000,5000,0.3531999886035919,1.9101999998092651,1.9523999691009521,5000,0.8158999999999389,0.5467,1,0.0882,0.0356,212992,15,15,0.5971,8648,0,0,14.040399551391602,7.391900062561035,1.3738000392913818,1.7950999736785889,0.13130000233650208,1.2563999891281128,0,0,0,0,0,0,0,0,0,0,0,0,0
655,37.50379943847656,2.5560998916625977,9.543000221252441,2.2376999855041504,0.6686000227928162,1.1894999742507935,5.54610013961792,0.4203999936580658,5000,5009,10000,5006,10000,10000,5000,0.3400000035762787,1.482100009918213,1.763100028038025,5000,0.8229999999999383,0.542,1,0.089,0.032,212992,15,15,0.692,261824,0,0,12.208200454711914,5.7368998527526855,1.3631000518798828,2.5448999404907227,0.17560000717639923,13.109700202941895,0,0,0,0,0,0,0,0,0,0,0,0,0
656,50.382999420166016,0.0010999999940395355,9.418600082397461,2.0143001079559326,0.6340000033378601,0.8842999935150146,5.544600009918213,0.3984000086784363,5000,5009,10000,5006,10000,10000,5000,0.3499000072479248,1.4285999536514282,2.2490999698638916,5000,0.8412999999999379,0.5382,1,0.09160000000000001,0.0371,212992,15,15,0.587,7712,0,0,9.529000282287598,5.569300174713135,1.3586000204086304,1.5748000144958496,0.00930000003427267,29.84819984436035,0,0,0,0,0,0,0,0,0,0,0,0,0
657,25.321399688720703,2.720599889755249,10.937600135803223,2.0655999183654785,2.127700090408325,1.639299988746643,5.603300094604492,0.3840999901294708,5000,5009,10000,5006,10000,10000,5000,0.30869999527931213,1.4227999448776245,1.6907999515533447,5000,0.8399999999999377,0.5561,1,0.09570000000000001,0.0373,212992,15,15,0.625,8048,0,0,13.767200469970703,5.7133002281188965,1.3833999633789062,1.7542999982833862,0.09369999915361404,0.16689999401569366,0.0026,0,0.0593,1.3454,1.5269,0,0.1362,1,162456,0,0,0,2880
658,27.34749984741211,2.784600019454956,11.741499900817871,2.1661999225616455,2.1301000118255615,2.10479998588562,5.763999938964844,0.39489999413490295,5000,5009,10000,5006,10000,10000,5000,0.32350000739097595,1.4299999475479126,1.7323999404907227,5000,0.8244999999999394,0.563,1,0.0878,0.0315,212992,15,15,0.5946,357736,0,0,14.628100395202637,6.144700050354004,1.3832000494003296,2.563800096511841,0.3614000082015991,0.1785999983549118,0,0,0,0,0,0,0,0,0,0,0,0,0
659,25.031999588012695,0.0012000000569969416,11.904399871826172,1.996999979019165,2.228600025177002,1.7598999738693237,5.57919979095459,0.38999998569488525,5000,5009,10000,5006,10000,10000,5000,0.3635999858379364,1.4323999881744385,2.2476000785827637,5000,0.9555999999999274,0.8647,1,0.1325,0.0391,212992,15,15,0.8482,7712,0,0,12.034600257873535,5.731800079345703,1.8969999551773071,2.118000030517578,0.1362999975681305,0.1680999994277954,0,0,0,0,0,0,0,0,0,0,0,0,0
660,27.140399932861328,4.21999979019165,11.21720027923584,2.052299976348877,2.268899917602539,1.7604999542236328,5.558599948883057,0.38280001282691956,5000,5009,10000,5006,10000,10000,5000,0.3880000114440918,1.3854999542236328,1.6531000137329102,5000,0.8308999999999372,0.5698,1,0.0882,0.0297,212992,15,15,0.6082,8816,0,0,15.5826997756958,5.678699970245361,1.4013999700546265,1.7992000579833984,0.10429999977350235,0.17790000140666962,0.0026,0,0.0736,1.2975,2.464,0.9746,0.1523,1,162046,7983,4994,1139,3266
661,26.290599822998047,2.5006000995635986,11.32349967956543,2.072499990463257,2.236299991607666,1.8840999603271484,5.558899879455566,0.3880999982357025,5000,5009,10000,5006,10000,10000,5000,0.3057999908924103,1.451200008392334,1.601699948310852,5000,0.8185999999999389,0.5272,1,0.09489999999999998,0.0312,212992,15,15,0.5886,282064,0,0,13.929100036621094,5.891499996185303,1.361299991607666,2.5162999629974365,0.3181999921798706,0.16990000009536743,0,0,0,0,0,0,0,0,0,0,0,0,0
662,23.6560001373291,0.0007999999797903001,11.816499710083008,2.3998000621795654,2.3257999420166016,1.8098000288009644,5.6479997634887695,0.38659998774528503,5000,5009,10000,5006,10000,10000,5000,0.3010999858379364,1.4027999639511108,1.7972999811172485,5000,0.9273999999999384,0.6148,1,0.0887,0.0366,212992,15,15,0.6413,7712,0,0,11.916999816894531,5.802499771118164,1.4357999563217163,1.6857999563217163,0.13779999315738678,0.1784999966621399,0,0,0,0,0,0,0,0,0,0,0,0,0
663,37.122100830078125,14.117600440979004,11.501099586486816,1.9895999431610107,2.334399938583374,1.7640000581741333,5.530900001525879,0.38609999418258667,5000,5009,10000,5006,10000,10000,5000,0.3384999930858612,1.3975000381469727,1.8367999792099,5000,0.8423999999999362,0.5858,1,0.08839999999999999,0.0291,212992,15,15,0.6219,8288,0,0,25.762100219726562,5.648399829864502,1.3942999839782715,1.6562999486923218,0.10260000079870224,0.1615000069141388,0.0023,9.951899528503418,0.0573,1.3203,2.4316,0.9345,0.1674,1,161470,7967,4994,1084,3165
664,27.59980010986328,2.8835999965667725,11.916299819946289,2.1412999629974365,2.290299892425537,2.1303999423980713,5.683899879455566,0.3878999948501587,5000,5009,10000,5006,10000,10000,5000,0.289900004863739,1.393399953842163,1.8449000120162964,5000,0.8273999999999382,0.5922,1,0.08929999999999999,0.0337,212992,15,15,0.6621,369344,0,0,14.899800300598145,6.051300048828125,1.4103000164031982,2.5625,0.3517000079154968,0.1687999963760376,0,0,0,0,0,0,0,0,0,0,0,0,0
665,24.630699157714844,0.0012000000569969416,12.235199928283691,2.1772000789642334,2.32069993019104,1.81850004196167,5.673099994659424,0.3921000063419342,5000,5009,10000,5006,10000,10000,5000,0.3334999978542328,1.419700026512146,2.3622000217437744,5000,1.0718999999999244,0.5542,1,0.10339999999999999,0.0358,212992,15,15,0.6324,7712,0,0,12.340900421142578,5.896699905395508,1.4071999788284302,1.7311999797821045,0.20600000023841858,0.1728000044822693,0,0,0,0,0,0,0,0,0,0,0,0,0
666,25.470300674438477,1.4228999614715576,12.407699584960938,2.201900005340576,2.4340999126434326,2.1147000789642334,5.633600234985352,0.3937999904155731,5000,5009,10000,5006,10000,10000,5000,0.3824000060558319,1.5017000436782837,2.027400016784668,5000,0.8160999999999385,0.5606,1,0.0882,0.0342,212992,15,15,0.5873,8288,0,0,13.937800407409668,5.780600070953369,1.3849999904632568,1.7254999876022339,0.1307000070810318,0.1876000016927719,0,0,0,0,0,0,0,0,0,0,0,0,0
667,28.017200469970703,5.999100208282471,9.145899772644043,2.039099931716919,0.6126000285148621,1.1162999868392944,5.6402997970581055,0.39480000734329224,5000,5009,10000,5006,10000,10000,5000,0.3481999933719635,1.3676999807357788,1.7742999792099,5000,0.820399999999939,0.6024,1,0.08910000000000001,0.0363,212992,15,15,0.6359,285152,1,1,15.246199607849121,5.832699775695801,1.496000051498413,2.7551000118255615,0.17560000717639923,0.18850000202655792,0,0,0,0,0,0,0,0,0,0,0,0,0
668,21.231199264526367,0.0008999999845400453,9.620400428771973,2.002500057220459,0.6420999765396118,0.9276999831199646,5.551499843597412,0.5767999887466431,5000,5009,10000,5006,10000,10000,5000,0.31459999084472656,1.4672000408172607,2.246000051498413,5000,0.8216999999999383,0.6331,1,0.0877,0.0336,212992,15,15,0.7309,12424,0,0,9.822199821472168,5.576499938964844,1.4527000188827515,1.6432000398635864,0.00860000029206276,0.17170000076293945,0,0,0,0,0,0,0,0,0,0,0,0,0
669,27.898799896240234,3.036900043487549,11.09749984741211,1.960800051689148,2.195199966430664,1.6438000202178955,5.938799858093262,0.37950000166893005,5000,5009,10000,5006,10000,10000,5000,0.303600013256073,1.3935999870300293,1.9083000421524048,5000,0.8228999999999382,0.5674,1,0.0887,0.0342,212992,15,15,0.5931,20640,0,0,14.236100196838379,6.055600166320801,1.3938000202178955,1.7148000001907349,0.10100000351667404,2.0725998878479004,0.002,0,0.0589,1.4896,1.7271,0,0.1519,1,161426,0,0,0,2807
670,26.85689926147461,2.5508999824523926,11.427300453186035,2.1242001056671143,2.1396000385284424,1.8240000009536743,5.535799980163574,0.3840000033378601,5000,5009,10000,5006,10000,10000,5000,0.38940000534057617,1.4850000143051147,1.6916999816894531,5000,0.8217999999999381,0.6488,1,0.09499999999999999,0.0316,212992,15,15,0.5866,268512,0,0,14.090800285339355,5.8643999099731445,1.4801000356674194,2.784600019454956,0.31189998984336853,0.1704999953508377,0,0,0,0,0,0,0,0,0,0,0,0,0
671,24.311199188232422,0.0008999999845400453,12.53219985961914,2.338200092315674,2.1105000972747803,1.774999976158142,5.650899887084961,0.6367999911308289,5000,5009,10000,5006,10000,10000,5000,0.3919999897480011,1.4005000591278076,2.133500099182129,5000,0.827699999999938,0.5659,1,0.088,0.032100000000000004,212992,15,15,0.7582,7712,0,0,12.642200469970703,5.786499977111816,1.3944000005722046,1.698199987411499,0.11810000240802765,0.18780000507831573,0,0,0,0,0,0,0,0,0,0,0,0,0
672,28.47960090637207,4.031899929046631,12.698100090026855,2.34660005569458,2.2802000045776367,1.8941999673843384,5.5767998695373535,0.39430001378059387,5000,5009,10000,5006,10000,10000,5000,0.33889999985694885,1.9673999547958374,1.8831000328063965,5000,0.8449999999999374,0.6383,1,0.0987,0.035199999999999995,212992,15,15,0.6532,9560,0,0,16.86009979248047,5.698800086975098,1.4591000080108643,1.711899995803833,0.10530000180006027,0.18019999563694,0.0024,0,0.0804,1.38,2.5197,0.9409,0.1346,1,161260,7928,4994,1158,3205
673,26.855300903320312,2.549099922180176,11.815299987792969,2.1150999069213867,2.293299913406372,2.004300117492676,5.545300006866455,0.4169999957084656,5000,5009,10000,5006,10000,10000,5000,0.34119999408721924,1.3665000200271606,1.8377000093460083,5000,0.8232999999999382,0.5364,1,0.0909,0.036199999999999996,212992,15,15,0.6045,268960,0,0,14.481800079345703,5.8730998039245605,1.357100009918213,2.5204999446868896,0.3043999969959259,0.17139999568462372,0,0,0,0,0,0,0,0,0,0,0,0,0
674,24.073699951171875,0.0008999999845400453,12.231300354003906,2.0555999279022217,2.502500057220459,1.7937999963760376,5.535399913787842,0.3856000006198883,5000,5009,10000,5006,10000,10000,5000,0.3075000047683716,1.5078999996185303,2.1284000873565674,5000,0.8187999999999387,0.5271,1,0.0888,0.039999999999999994,212992,15,15,0.6037,7712,0,0,12.331999778747559,5.687900066375732,1.3566999435424805,2.0387001037597656,0.1378999948501587,0.2125999927520752,0,0,0,0,0,0,0,0,0,0,0,0,0
675,37.702701568603516,14.999600410461426,11.062199592590332,1.9292000532150269,2.239000082015991,1.791200041770935,5.59499979019165,0.3864000141620636,5000,5009,10000,5006,10000,10000,5000,0.3407000005245209,1.4392000436782837,1.5562000274658203,5000,0.8326999999999377,0.5803,1,0.08929999999999999,0.0332,212992,15,15,0.6135,8408,0,0,26.1924991607666,5.712200164794922,1.4062999486923218,1.7041000127792358,0.10000000149011612,0.1793999969959259,0.0026,10.826700210571289,0.0591,1.3279,2.4734,0.9654,0.1486,1,160980,7922,4994,1023,3081
676,28.391599655151367,2.5327999591827393,12.771300315856934,2.471100091934204,2.7627999782562256,2.172300100326538,5.63670015335083,0.3889000117778778,5000,5009,10000,5006,10000,10000,5000,0.3517000079154968,1.4297000169754028,1.7211999893188477,5000,0.8420999999999388,0.5745,1,0.1178,0.0334,212992,15,15,0.6404,283920,0,0,15.4128999710083,5.973499774932861,1.489799976348877,2.7762999534606934,0.3190000057220459,0.1785999983549118,0,0,0,0,0,0,0,0,0,0,0,0,0
677,35.59519958496094,0.0008999999845400453,11.88379955291748,2.0297000408172607,2.2272000312805176,1.9088000059127808,5.576399803161621,0.38769999146461487,5000,5009,10000,5006,10000,10000,5000,0.36169999837875366,1.5861999988555908,1.9872000217437744,5000,0.8203999999999391,0.5486,1,0.09460000000000002,0.0323,212992,15,15,0.5717,7712,0,0,11.99209976196289,5.713699817657471,1.367799997329712,1.6426000595092773,0.12060000002384186,12.468799591064453,0,0,0,0,0,0,0,0,0,0,0,0,0
678,49.03179931640625,1.4652999639511108,11.265600204467773,1.9621000289916992,2.2258999347686768,1.7071000337600708,6.308800220489502,0.3919999897480011,5000,5009,10000,5006,10000,10000,5000,0.3398999869823456,1.4072999954223633,1.9283000230789185,5000,1.0796999999999222,0.5666,1,0.1291,0.0383,212992,15,15,0.7828,8288,0,0,12.84179973602295,6.524899959564209,1.4600000381469727,1.6500999927520752,0.20069999992847443,23.27440071105957,0,0,0,0,0,0,0,0,0,0,0,0,0
679,25.066999435424805,2.7699999809265137,9.270000457763672,2.055999994277954,0.6308000087738037,1.1287000179290771,5.675099849700928,0.398499995470047,5000,5009,10000,5006,10000,10000,5000,0.3093999922275543,1.4121999740600586,1.9009000062942505,5000,0.8417999999999378,0.6554,1,0.089,0.0334,212992,15,15,0.771,277272,0,0,12.148699760437012,5.907199859619141,1.6256999969482422,2.572700023651123,0.21490000188350677,0.16509999334812164,0,0,0,0,0,0,0,0,0,0,0,0,0
680,21.731199264526367,0.0010000000474974513,10.03849983215332,1.9508999586105347,0.6025999784469604,0.8604999780654907,5.567699909210205,0.48399999737739563,5000,5009,10000,5006,10000,10000,5000,0.326200008392334,2.287899971008301,2.13919997215271,5000,0.840299999999938,0.7087,1,0.0897,0.0358,212992,15,15,0.6189,7712,0,0,10.15410041809082,5.59499979019165,1.5343999862670898,1.6700999736785889,0.009100000374019146,0.27390000224113464,0,0,0,0,0,0,0,0,0,0,0,0,0
681,25.417600631713867,2.812700033187866,11.10890007019043,1.9855999946594238,2.1064000129699707,1.6875,5.578800201416016,0.3903000056743622,5000,5009,10000,5006,10000,10000,5000,0.39100000262260437,1.3889000415802002,1.8098000288009644,5000,0.8233999999999383,0.5516,1,0.0878,0.0277,212992,15,15,0.6214,8048,0,0,14.030500411987305,5.703100204467773,1.3638999462127686,1.6689000129699707,0.10899999737739563,0.17669999599456787,0.0027,0,0.0601,1.3804,1.5871,0.0001,0.1438,1,160734,0,0,0,2729
682,27.316200256347656,2.7548999786376953,11.457300186157227,2.126800060272217,2.1728999614715576,1.898900032043457,5.618800163269043,0.39239999651908875,5000,5009,10000,5006,10000,10000,5000,0.3149999976158142,1.4062999486923218,1.7580000162124634,5000,0.8484999999999386,0.6304,1,0.09219999999999999,0.0382,212992,15,15,0.685,330072,0,0,14.320799827575684,5.950500011444092,1.4911999702453613,2.5445001125335693,0.31630000472068787,0.42089998722076416,0,0,0,0,0,0,0,0,0,0,0,0,0
683,61.36399841308594,0.0007999999797903001,11.449000358581543,1.9532999992370605,2.076900005340576,1.7568000555038452,5.602499961853027,0.3961000144481659,5000,5009,10000,5006,10000,10000,5000,0.36899998784065247,1.5189000368118286,2.0446999073028564,5000,0.8589999999999387,0.5371,1,0.0902,0.0351,212992,15,15,0.6058,7712,0,0,11.558099746704102,5.742099761962891,1.3533999919891357,1.7870999574661255,0.12099999934434891,38.39080047607422,0,0,0,0,0,0,0,0,0,0,0,0,0
684,37.1328010559082,4.376999855041504,11.15839958190918,1.9571000337600708,2.1846001148223877,1.9290000200271606,5.5391998291015625,0.3855000138282776,5000,5009,10000,5006,10000,10000,5000,0.3375000059604645,1.424299955368042,1.582200050354004,5000,0.8135999999999396,0.5463,1,0.0899,0.036699999999999997,212992,15,15,0.6028,8168,0,0,15.666899681091309,5.659900188446045,1.3636000156402588,1.7421000003814697,0.10520000010728836,10.238900184631348,0.0028,0,0.0587,1.4947,2.8588,1.1106,0.1364,1,160686,7932,4994,1124,3107
685,29.126100540161133,3.030900001525879,12.070300102233887,2.079400062561035,2.289099931716919,2.2005999088287354,6.899799823760986,0.39899998903274536,5000,5009,10000,5006,10000,10000,5000,0.3386000096797943,1.4148999452590942,1.7967000007629395,5000,0.8298999999999374,0.5216,1,0.08909999999999998,0.0362,212992,15,15,0.6212,317776,0,0,15.211400032043457,7.258600234985352,1.3336999416351318,2.662400007247925,0.33880001306533813,0.19249999523162842,0,0,0,0,0,0,0,0,0,0,0,0,0
686,24.21150016784668,0.0008999999845400453,12.087400436401367,1.9630999565124512,2.2841999530792236,2.0064001083374023,5.745699882507324,0.4359999895095825,5000,5009,10000,5006,10000,10000,5000,0.38600000739097595,1.447100043296814,2.176300048828125,5000,0.8144999999999392,0.5187,1,0.0887,0.0354,212992,15,15,0.6711,7712,0,0,12.215100288391113,5.896500110626221,1.3473000526428223,2.0513999462127686,0.13420000672340393,0.186599999666214,0,0,0,0,0,0,0,0,0,0,0,0,0
687,37.30329895019531,14.344300270080566,11.393099784851074,2.086400032043457,2.2237000465393066,1.8653000593185425,5.5578999519348145,0.4027999937534332,5000,5009,10000,5006,10000,10000,5000,0.351500004529953,1.4341000318527222,1.6348999738693237,5000,0.8321999999999379,0.5817,1,0.10049999999999999,0.0369,212992,15,15,0.6189,8168,0,0,25.845500946044922,5.679999828338623,1.4270000457763672,1.6532000303268433,0.10679999738931656,0.164000004529953,0.0025,10.360899925231934,0.0575,1.3208,2.4025,0.9035,0.1541,1,160356,7861,4994,1060,3021
688,27.845600128173828,2.613600015640259,12.415800094604492,2.191999912261963,2.5292999744415283,2.050299882888794,5.604499816894531,0.385699987411499,5000,5009,10000,5006,10000,10000,5000,0.33719998598098755,1.3849999904632568,2.011699914932251,5000,0.8195999999999357,0.6086,1,0.0907,0.0318,212992,15,15,0.6182,297440,0,0,15.140299797058105,5.9644999504089355,1.434999942779541,2.6594998836517334,0.3433000147342682,0.18140000104904175,0,0,0,0,0,0,0,0,0,0,0,0,0
689,33.382301330566406,0.0008999999845400453,11.70479965209961,1.9577000141143799,2.222899913787842,1.798699975013733,6.235499858856201,0.38280001282691956,5000,5009,10000,5006,10000,10000,5000,0.35519999265670776,1.437399983406067,2.1656999588012695,5000,0.8384999999999379,0.5258,1,0.0892,0.0332,212992,15,15,0.5819,7712,0,0,11.8125,6.375800132751465,1.3417999744415283,1.6993999481201172,0.12380000203847885,9.723400115966797,0,0,0,0,0,0,0,0,0,0,0,0,0
690,29.230300903320312,1.3832000494003296,11.85420036315918,1.9774999618530273,2.2291998863220215,1.8410999774932861,5.7241997718811035,0.6079999804496765,5000,5009,10000,5006,10000,10000,5000,0.4212000072002411,1.4592000246047974,1.8319000005722046,5000,0.8271999999999379,0.5903,1,0.09670000000000001,0.030699999999999998,212992,15,15,0.6215,8048,0,0,13.351699829101562,5.868299961090088,1.4158999919891357,1.7417000532150269,0.12720000743865967,4.363100051879883,0,0,0,0,0,0,0,0,0,0,0,0,0
691,37.30270004272461,2.6412999629974365,9.565999984741211,2.1256000995635986,0.6392999887466431,1.1948000192642212,5.792300224304199,0.40700000524520874,5000,5009,10000,5006,10000,10000,5000,0.3521000146865845,1.4256999492645264,1.9931000471115112,5000,0.8164999999999389,0.5112,1,0.0878,0.028999999999999998,212992,15,15,0.5848,273368,0,0,12.389399528503418,6.001200199127197,1.3265999555587769,2.4721999168395996,0.18960000574588776,12.719300270080566,0,0,0,0,0,0,0,0,0,0,0,0,0
692,49.89670181274414,0.0008999999845400453,9.726300239562988,2.142400026321411,0.6191999912261963,0.8374000191688538,5.511499881744385,0.387800008058548,5000,5009,10000,5006,10000,10000,5000,0.42719998955726624,1.636299967765808,2.2674999237060547,5000,0.8257999999999383,0.5633,1,0.08959999999999999,0.0347,212992,15,15,0.6247,7712,0,0,9.842399597167969,5.535600185394287,1.3889000415802002,1.7862000465393066,0.008799999952316284,28.803699493408203,0,0,0,0,0,0,0,0,0,0,0,0,0
693,25.54520034790039,3.268899917602539,10.589500427246094,1.9543999433517456,2.040600061416626,1.5988999605178833,5.702499866485596,0.3880000114440918,5000,5009,10000,5006,10000,10000,5000,0.31360000371932983,1.398900032043457,1.5835000276565552,5000,0.818799999999939,0.5594,1,0.0886,0.030000000000000002,212992,15,15,0.5892,8048,0,0,13.999199867248535,5.877999782562256,1.3694000244140625,1.6711000204086304,0.1599999964237213,0.18050000071525574,0.0025,0,0.0601,1.4777,1.7548,0.0001,0.1742,1,160158,0,0,0,2662
694,28.016799926757812,2.8466999530792236,11.862500190734863,2.182800054550171,2.100800037384033,1.9779000282287598,6.1981000900268555,0.38989999890327454,5000,5009,10000,5006,10000,10000,5000,0.35089999437332153,1.3930000066757202,1.9917000532150269,5000,0.827099999999939,0.5251,1,0.0902,0.0336,212992,15,15,0.6024,334344,0,0,14.827300071716309,6.649099826812744,1.3526999950408936,2.544300079345703,0.43369999527931213,0.181099995970726,0,0,0,0,0,0,0,0,0,0,0,0,0
695,23.108800888061523,0.0008999999845400453,11.590999603271484,1.9838999509811401,2.151099920272827,1.7374000549316406,5.626699924468994,0.42739999294281006,5000,5009,10000,5006,10000,10000,5000,0.32739999890327454,1.4520000219345093,2.113800048828125,5000,0.825999999999938,0.5419,1,0.0892,0.0272,212992,15,15,0.5792,7712,0,0,11.696100234985352,5.756800174713135,1.3509999513626099,1.746999979019165,0.11219999939203262,0.148499995470047,0,0,0,0,0,0,0,0,0,0,0,0,0
696,38.237300872802734,13.37720012664795,11.454500198364258,1.9631999731063843,2.271899938583374,1.8896000385284424,7.267199993133545,0.38989999890327454,5000,5009,10000,5006,10000,10000,5000,0.351500004529953,1.464400053024292,1.753600001335144,5000,0.869399999999934,0.5802,1,0.0901,0.0354,212992,15,15,0.6445,8168,0,0,24.936100006103516,7.4008002281188965,1.4078999757766724,1.6730999946594238,0.11429999768733978,0.1712999939918518,0.0023,9.027799606323242,0.0578,1.339,2.4261,0.9112,0.1431,1,160288,7851,4994,1095,3046
697,27.354799270629883,2.5673000812530518,12.099900245666504,2.4163999557495117,2.2392001152038574,1.9660999774932861,5.582099914550781,0.39559999108314514,5000,5009,10000,5006,10000,10000,5000,0.3634999990463257,1.3840999603271484,1.7451000213623047,5000,0.8178999999999389,0.5922,1,0.0963,0.0348,212992,15,15,0.6588,263984,0,0,14.769499778747559,5.904200077056885,1.405900001525879,2.5817999839782715,0.30660000443458557,0.18459999561309814,0,0,0,0,0,0,0,0,0,0,0,0,0
698,58.97330093383789,0.0008999999845400453,12.070699691772461,2.007999897003174,2.413800001144409,1.8209999799728394,5.891300201416016,0.38440001010894775,5000,5009,10000,5006,10000,10000,5000,0.3677000105381012,1.4464999437332153,2.223400115966797,5000,0.8244999999999376,0.531,1,0.0885,0.0331,212992,15,15,0.5706,7712,0,0,12.186400413513184,6.035799980163574,1.3391000032424927,1.756100058555603,0.1273999959230423,35.216800689697266,0,0,0,0,0,0,0,0,0,0,0,0,0
699,38.19580078125,14.179800033569336,12.313599586486816,2.157099962234497,2.359100103378296,2.114000082015991,5.68310022354126,0.3919000029563904,5000,5009,10000,5006,10000,10000,5000,0.362199991941452,1.5866999626159668,1.8250000476837158,5000,0.8328999999999369,0.5109,1,0.0912,0.0325,212992,15,15,0.6259,8816,0,0,26.641599655151367,5.8130998611450195,1.3305000066757202,1.6655999422073364,0.10750000178813934,0.181099995970726,0.0029,9.95989990234375,0.0598,1.3226,2.4155,0.9109,0.1628,1,159992,7866,4995,1023,2968
700,28.6210994720459,3.053800106048584,12.121999740600586,2.1914000511169434,2.3845999240875244,1.916200041770935,5.725299835205078,0.38530001044273376,5000,5009,10000,5006,10000,10000,5000,0.27149999141693115,1.3818000555038452,2.099400043487549,5000,0.8286999999999382,0.535,1,0.09040000000000001,0.0332,212992,15,15,0.6593,334144,0,0,15.285300254821777,6.063199996948242,1.340999960899353,2.6410000324249268,0.319599986076355,0.7738000154495239,0,0,0,0,0,0,0,0,0,0,0,0,0
701,83.73410034179688,0.0010000000474974513,14.413800239562988,2.3041000366210938,2.6582000255584717,2.2978999614715576,6.1493000984191895,0.40299999713897705,5000,5009,10000,5006,10000,10000,5000,0.3495999872684479,2.4983999729156494,2.1796998977661133,5000,0.8251999999999384,0.6609,1,0.09740000000000001,0.0348,212992,15,15,0.6124,7712,0,0,14.55049991607666,6.2881999015808105,1.513800024986267,1.6796000003814697,0.11819999665021896,57.21969985961914,0,0,0,0,0,0,0,0,0,0,0,0,0
702,27.4685001373291,1.4330999851226807,13.861499786376953,3.098900079727173,2.631999969482422,2.0164999961853027,6.250699996948242,0.5343999862670898,5000,5009,10000,5006,10000,10000,5000,0.3628999888896942,1.4404000043869019,2.0452001094818115,5000,0.8318999999999389,0.5317,1,0.09630000000000001,0.036699999999999997,212992,15,15,0.5856,8048,0,0,15.409899711608887,6.4054999351501465,1.3530999422073364,1.6878000497817993,0.13449999690055847,0.15449999272823334,0,0,0,0,0,0,0,0,0,0,0,0,0
703,27.09630012512207,2.7351999282836914,10.781900405883789,2.1942999362945557,0.6054999828338623,1.6262999773025513,5.7530999183654785,0.6205000281333923,5000,5009,10000,5006,10000,10000,5000,0.3968999981880188,1.954300045967102,1.6304999589920044,5000,0.8369999999999382,0.5848,1,0.08990000000000001,0.0384,212992,15,15,0.6259,322600,0,0,13.628899574279785,6.012700080871582,1.406000018119812,2.7054998874664307,0.2409999966621399,0.8389000296592712,0,0,0,0,0,0,0,0,0,0,0,0,0
704,22.673999786376953,0.0010000000474974513,9.494999885559082,1.9539999961853027,0.6158999800682068,0.8393999934196472,6.776500225067139,0.3849000036716461,5000,5009,10000,5006,10000,10000,5000,0.336899995803833,1.8588999509811401,2.1036999225616455,5000,0.8501999999999382,0.8271,1,0.08990000000000001,0.0327,212992,15,15,0.5903,7712,0,0,9.601699829101562,6.812399864196777,1.6675000190734863,1.9610999822616577,0.011099999770522118,0.1581999957561493,0,0,0,0,0,0,0,0,0,0,0,0,0
705,25.863000869750977,2.8078999519348145,11.11240005493164,1.9738999605178833,2.0998001098632812,1.6584999561309814,5.538700103759766,0.38449999690055847,5000,5009,10000,5006,10000,10000,5000,0.2694000005722046,1.482300043106079,1.9377000331878662,5000,0.8878999999999364,0.5994,1,0.0909,0.0369,212992,15,15,0.6182,8048,0,0,14.049200057983398,5.764800071716309,1.4702999591827393,1.7314000129699707,0.21080000698566437,0.17900000512599945,0.0025,0,0.0789,1.3484,1.5489,0,0.127,1,159774,0,0,0,2602
706,32.59469985961914,2.6377999782562256,13.784899711608887,2.2295000553131104,2.250999927520752,2.31820011138916,6.881800174713135,0.3889999985694885,5000,5009,10000,5006,10000,10000,5000,0.3327000141143799,2.321700096130371,2.3666000366210938,5000,0.8464999999999374,0.8538,1,0.10300000000000001,0.0398,212992,15,15,0.9156,284168,0,0,16.534500122070312,7.236599922180176,1.9098000526428223,3.8397998809814453,0.33340001106262207,0.1988999992609024,0,0,0,0,0,0,0,0,0,0,0,0,0
707,35.2947998046875,0.0010999999940395355,16.468799591064453,3.0624001026153564,3.0608999729156494,2.349100112915039,6.1265997886657715,0.6442000269889832,5000,5009,10000,5006,10000,10000,5000,0.4205999970436096,1.797700047492981,2.8024001121520996,5000,0.8423999999999364,0.5787,1,0.11149999999999999,0.044800000000000006,212992,15,15,0.7291,7712,0,0,16.600200653076172,6.3053998947143555,1.4148000478744507,1.6957000494003296,0.16030000150203705,6.59250020980835,0,0,0,0,0,0,0,0,0,0,0,0,0
708,29.206100463867188,4.009900093078613,13.067299842834473,2.196199893951416,2.606600046157837,2.1979000568389893,5.66349983215332,0.5627999901771545,5000,5009,10000,5006,10000,10000,5000,0.38499999046325684,1.3902000188827515,2.184299945831299,5000,0.8196999999999386,0.5489,1,0.09000000000000001,0.0359,212992,15,15,0.6157,8168,0,0,17.192399978637695,5.780700206756592,1.3834999799728394,1.6894999742507935,0.09830000251531601,0.6847000122070312,0.0024,0,0.0581,1.3304,2.4674,0.9406,0.1595,1,159556,7769,4995,1112,2986
709,39.310001373291016,2.6077001094818115,12.414799690246582,2.285900115966797,2.4951999187469482,2.0755999088287354,5.784599781036377,0.4138999879360199,5000,5009,10000,5006,10000,10000,5000,0.3831999897956848,1.503000020980835,1.7942999601364136,5000,0.8856999999999324,0.5622,1,0.08860000000000001,0.0326,212992,15,15,0.7938,257320,0,0,15.135100364685059,6.088200092315674,1.4129999876022339,2.697499990463257,0.2858000099658966,11.162199974060059,0,0,0,0,0,0,0,0,0,0,0,0,0
710,28.626300811767578,0.0010000000474974513,16.53510093688965,3.2407000064849854,3.5782999992370605,2.343600034713745,5.6234002113342285,0.41780000925064087,5000,5009,10000,5006,10000,10000,5000,0.3874000012874603,1.5506000518798828,3.1647000312805176,5000,0.8388999999999383,0.6874,1,0.08829999999999999,0.0312,212992,15,15,0.5904,7712,0,0,16.66860008239746,5.753799915313721,1.5154999494552612,1.7865999937057495,0.11420000344514847,0.42239999771118164,0,0,0,0,0,0,0,0,0,0,0,0,0
711,37.60540008544922,14.304400444030762,11.319899559020996,1.9401999711990356,2.21589994430542,2.053999900817871,5.509699821472168,0.3889000117778778,5000,5009,10000,5006,10000,10000,5000,0.3456000089645386,1.4180999994277954,1.597000002861023,5000,0.8237999999999387,0.5186,1,0.0877,0.033,212992,15,15,0.6354,8168,0,0,25.749399185180664,5.624100208282471,1.3324999809265137,1.6485999822616577,0.09839999675750732,0.7591999769210815,0.0024,10.24020004272461,0.0616,1.4599,2.5916,0.9405,0.1505,1,159204,7747,4995,1024,2872
712,28.301700592041016,2.9244000911712646,12.04520034790039,2.2588999271392822,2.2070000171661377,1.9780999422073364,6.151700019836426,0.3959999978542328,5000,5009,10000,5006,10000,10000,5000,0.3605000078678131,1.4247000217437744,1.9853999614715576,5000,0.8146999999999388,0.6512,1,0.09879999999999999,0.033600000000000005,212992,15,15,0.603,240072,0,0,15.094300270080566,6.455900192260742,1.465999960899353,2.6368000507354736,0.2856000065803528,0.1770000010728836,0,0,0,0,0,0,0,0,0,0,0,0,0
713,26.938400268554688,0.0010000000474974513,13.92609977722168,2.3368000984191895,2.349299907684326,2.3659000396728516,6.328100204467773,0.39160001277923584,5000,5009,10000,5006,10000,10000,5000,0.36320000886917114,2.4052000045776367,2.1412999629974365,5000,0.8491999999999384,0.7766,1,0.09040000000000001,0.0326,212992,15,15,0.7643,7712,0,0,14.050299644470215,6.4653000831604,1.771399974822998,1.8157999515533447,0.11599999666213989,0.17190000414848328,0,0,0,0,0,0,0,0,0,0,0,0,0
714,28.601600646972656,1.4569000005722046,11.924599647521973,2.131999969482422,2.357300043106079,1.7692999839782715,5.658699989318848,0.3937000036239624,5000,5009,10000,5006,10000,10000,5000,0.3407999873161316,1.4300999641418457,2.0241000652313232,5000,0.8686999999999335,0.9378,1,0.1005,0.0356,212992,15,15,0.8083,8288,0,0,13.486499786376953,5.78249979019165,2.089200019836426,1.854099988937378,0.10809999704360962,2.6714999675750732,0,0,0,0,0,0,0,0,0,0,0,0,0
715,27.02039909362793,3.211699962615967,9.87969970703125,2.1252999305725098,0.6245999932289124,1.3517999649047852,6.430099964141846,0.3995000123977661,5000,5009,10000,5006,10000,10000,5000,0.38749998807907104,1.3997999429702759,2.1070001125335693,5000,0.8657999999999362,0.7897,1,0.0892,0.0354,212992,15,15,0.6364,342648,0,0,13.217000007629395,6.706200122833252,1.6237000226974487,2.6605000495910645,0.25679999589920044,0.18880000710487366,0,0,0,0,0,0,0,0,0,0,0,0,0
716,21.925199508666992,0.0008999999845400453,10.25979995727539,2.034600019454956,0.8360000252723694,0.958899974822998,5.501500129699707,0.4855000078678131,5000,5009,10000,5006,10000,10000,5000,0.3675999939441681,1.8098000288009644,2.3041000366210938,5000,0.8298999999999385,0.6958,1,0.0903,0.0338,212992,15,15,0.7812,7712,0,0,10.373800277709961,5.52839994430542,1.5467000007629395,1.614300012588501,0.008700000122189522,0.21040000021457672,0,0,0,0,0,0,0,0,0,0,0,0,0
717,36.037899017333984,3.161900043487549,11.02929973602295,1.8350000381469727,2.1068999767303467,1.6734999418258667,5.616000175476074,0.3684000074863434,5000,5009,10000,5006,10000,10000,5000,0.3504999876022339,1.3594000339508057,2.001300096511841,5000,0.8176999999999389,0.5429,1,0.0889,0.0361,212992,15,15,0.605,8048,0,0,14.316499710083008,5.834000110626221,1.367799997329712,1.6582000255584717,0.20110000669956207,10.407899856567383,0.0023,0,0.0575,1.7285,1.9334,0.0001,0.1469,1,158848,0,0,0,2510
718,62.51359939575195,3.3189001083374023,15.864700317382812,3.4386000633239746,3.341399908065796,2.2065000534057617,7.299200057983398,0.4000999927520752,5000,5009,10000,5006,10000,10000,5000,0.33320000767707825,1.5190999507904053,2.7906999588012695,5000,0.993299999999933,0.7623,1,0.0911,0.0359,212992,15,15,0.6851,276304,0,0,19.31920051574707,7.717899799346924,1.6236000061035156,3.3466999530792236,0.396699994802475,27.64069938659668,0,0,0,0,0,0,0,0,0,0,0,0,0
719,39.02439880371094,0.0008999999845400453,15.902899742126465,3.25570011138916,3.7211999893188477,1.878600001335144,4.936100006103516,0.4203999936580658,5000,5009,10000,5006,10000,10000,5000,0.39430001378059387,1.4986000061035156,2.7985999584198,5000,0.697799999999949,0.709,1,0.0778,0.0297,212992,15,15,0.5425,7712,0,0,16.042800903320312,5.05620002746582,1.575700044631958,1.9012999534606934,0.10400000214576721,12.265700340270996,0,0,0,0,0,0,0,0,0,0,0,0,0
720,25.237199783325195,4.043799877166748,10.337400436401367,1.5601999759674072,2.1670000553131104,1.4723000526428223,5.13129997253418,0.2996000051498413,5000,5009,10000,5006,10000,10000,5000,0.2930999994277954,1.3365999460220337,1.9729000329971313,5000,0.8236999999999453,0.4595,1,0.0706,0.028900000000000002,212992,15,15,0.5994,8168,0,0,14.510899543762207,5.226600170135498,1.108299970626831,1.4534000158309937,0.07760000228881836,0.27720001339912415,0.0027,0,0.0661,1.7643,2.6176,0.6955,0.118,1,158894,7683,4994,1069,2888
