C:\001_AI\wt-case-e-consolidation\src\Tests\GasTests\bin\Release\net9.0\GasTests.dll (.NETCoreApp,Version=v9.0)的测试运行
VSTest 版本 17.14.1 (x64)

正在启动测试执行，请稍候...
总共 1 个测试文件与指定模式相匹配。
NUnit Adapter 4.6.0.0: Test execution started
Running selected tests in C:\001_AI\wt-case-e-consolidation\src\Tests\GasTests\bin\Release\net9.0\GasTests.dll
   NUnit3TestExecutor discovered 147 of 147 NUnit test cases using Current Discovery mode, Non-Explicit run
[LudotsCoreMod] Core systems installed

  已通过 LongHeldDerivedContextUnderRealMachineRhythm_MountsOnceAndFiresOnce [6 s]
  已通过 ChangePointDeactivation_RunsDeactivatedSlotOnceAndReconcileDoesNotRepeat [11 ms]
  已通过 ContextWithoutDeclaredTriggers_MountsNothing [2 ms]
  已通过 DeadSubject_MountsReclaimedOnDestroyTick [5 ms]
  已通过 DerivedContext_TriggersFollowActivationAndDeactivation [5 ms]
  已通过 EnteringContext_MountsProfileTriggerListeners [11 ms]
  已通过 ForegroundChild_ParksParentInteractiveMounts_KeepsPassive_RestoresOnDeactivate [25 ms]
  已通过 LeavingContext_UnmountsListeners [2 ms]
  已通过 SubjectWithoutMapEntity_FailsFast [27 ms]
  已通过 Bake_DuplicateVolumeKey_Rejected [18 ms]
  已通过 Bake_EngineEventWithPayload_Rejected [13 ms]
  已通过 Bake_PayloadKeyNotDeclaredBySchema_Rejected [6 ms]
  已通过 Bake_PayloadTypeMismatch_Rejected [2 ms]
  已通过 Bake_RequiredParamMissing_Rejected [< 1 ms]
  已通过 Bake_ReservedPayloadKey_Rejected [< 1 ms]
  已通过 Bake_UnknownCustomEvent_RejectedWithVocabulary [2 ms]
  已通过 Bake_VolumeWithoutWorldPosition_Rejected [2 ms]
  已通过 Catalog_KeyedByVolumeKey_NotInstanceId [1 ms]
  已通过 CustomEmission_FiresDeclaredEventWithAuthoredPayload [16 ms]
  已通过 DeadEntity_LeavesInsideSetSilently_WithoutExitEvent [1 ms]
  已通过 Enter_DoesNotRefire_WhileEntityStaysInside [< 1 ms]
  已通过 Enter_EvaluatesOnFirstFixedStep [< 1 ms]
  已通过 Enter_FiresOnce_WhenEntityCrossesIn [1 ms]
  已通过 Exit_Fires_WhenEntityLeaves [2 ms]
  已通过 MovingVolume_ExitsOccupantsLeftBehind [4 ms]
  已通过 Override_ReplacesShape_WholeComponent [1 ms]
  已通过 PolygonContainment_EnterAndExit [6 ms]
  已通过 RectContainment_BoundaryCountsAsInside [1 ms]
  已通过 RuntimeSpawnedVolume_JoinsOnNextWave [1 ms]
  已通过 SegmentContainment_BoundaryCountsAsInside [2 ms]
  已通过 SuspendedSession_NeitherAccumulatesNorEvaluates [< 1 ms]
  已通过 TagFilteredVolume_IgnoresUntaggedEntities [7 ms]
  已通过 Template_CircleWithoutRadiusCm_Rejected [1 ms]
  已通过 Template_EmissionWithoutAnySide_Rejected [< 1 ms]
  已通过 Template_EmissionWithUnknownField_Rejected [< 1 ms]
  已通过 Template_MissingVolumeKey_Rejected [< 1 ms]
  已通过 Template_NonConvexPolygon_Rejected [< 1 ms]
[INF][Engine] Initializing with ConfigPipeline...
[INF][Engine] Resolving mod dependencies from explicit mod paths: mods=3
[INF][ModLoader] Mod Load Order:
[INF][ModLoader] - LudotsCoreMod (P:-1000)
[INF][ModLoader] - CoreInputMod (P:0)
[INF][ModLoader] - RegionVolumeTextbookMod (P:0)
[INF][ModLoader] Resolved Mod Load Order (launcher graph):
[INF][ModLoader] - LudotsCoreMod (P:-1000)
[INF][ModLoader] - CoreInputMod (P:0)
[INF][ModLoader] - RegionVolumeTextbookMod (P:0)
[INF][ModLoader] Loading DLL for LudotsCoreMod at C:\001_AI\wt-case-e-consolidation\mods\LudotsCoreMod\bin\net9.0\LudotsCoreMod.dll
[INF][ModLoader] Scanning 2 types in assembly...
[INF][ModLoader] Instantiated entry for LudotsCoreMod. Calling OnLoad...
[INF][Mod.LudotsCoreMod] [LudotsCoreMod] Loaded - Core game framework initialized
[INF][ModLoader] LudotsCoreMod OnLoad completed.
[INF][ModLoader] Loaded LudotsCoreMod
[INF][ModLoader] Loading DLL for CoreInputMod at C:\001_AI\wt-case-e-consolidation\mods\CoreInputMod\bin\net9.0\CoreInputMod.dll
[INF][ModLoader] Scanning 33 types in assembly...
[INF][ModLoader] Instantiated entry for CoreInputMod. Calling OnLoad...
[INF][Mod.CoreInputMod] [CoreInputMod] Loaded - generic command-source and GAS input
[INF][ModLoader] CoreInputMod OnLoad completed.
[INF][ModLoader] Loaded CoreInputMod
[INF][ModLoader] Skip code load for RegionVolumeTextbookMod: manifest has no 'main' (asset-only mod).
[INF][Config] Merged fragment from: Core:game.json
[INF][Config] Merged fragment from: LudotsCoreMod:assets/game.json
[INF][Config] Merged fragment from: Core:config_catalog.json
[INF][Config] Merged fragment from: Core:Navigation/agent_profiles.json
[INF][Engine] Merged GameConfig: StartupMapId=entry, DefaultCoreMod=LudotsCoreMod
[INF][Engine] Constants loaded: OrderTypeIds=4, ResponseChainOrderTypeIds=3
[INF][Engine] Initializing JobScheduler...
[INF][Config] Loading DataRegistry<EntityTemplate> from Entities/templates.json...
[INF][Config] Merged fragment from: LudotsCoreMod:assets/Entities/templates.json
[INF][Config] Merged fragment from: RegionVolumeTextbookMod:assets/Entities/templates.json
[INF][Config] Loaded 9 DataRegistry<EntityTemplate> items.
[INF][Engine] Initializing Core GAS Systems...
[INF][Config] Merged fragment from: Core:Engine/clock.json
[INF][Config] Merged fragment from: Core:Relationships/catalog.json
[INF][Config] Merged fragment from: LudotsCoreMod:assets/Relationships/catalog.json
[INF][Config] Merged fragment from: Core:Relationships/control_profiles.json
[INF][Config] Merged fragment from: Core:GAS/target_dispatch_presets.json
[INF][Config] Merged fragment from: Core:GAS/clock.json
[INF][Config] Merged fragment from: Core:Physics2D/clock.json
[INF][Config] Merged fragment from: Core:Physics2D/solver.json
[INF][Config] Merged fragment from: Core:Physics2D/kinematic.json
[INF][Config] Merged fragment from: Core:GAS/attribute_constraints.json
[INF][Config] Merged fragment from: Core:Enums/enums.json
[INF][Config] Merged fragment from: Core:Vision/fog_layers.json
[INF][Config] Merged fragment from: LudotsCoreMod:assets/Presentation/text_tokens.json
[INF][Config] Merged fragment from: LudotsCoreMod:assets/Presentation/text_tokens.json
[INF][Config] Merged fragment from: LudotsCoreMod:assets/Presentation/text_locales.json
[INF][Config] Merged fragment from: Core:GraphTables/lookup_tables.json
[INF][Config] Merged fragment from: Core:GAS/graphs.json
[INF][Config] Merged fragment from: RegionVolumeTextbookMod:assets/GAS/graphs.json
[INF][Config] Merged fragment from: Core:GAS/preset_types.json
[INF][Config] Merged fragment from: Core:Exchange/operations.json
[INF][Config] Merged fragment from: Core:Progression/scopes.json
[INF][Config] Merged fragment from: Core:Progression/progressions.json
[INF][Config] Merged fragment from: Core:Progression/requirements.json
[INF][Config] Merged fragment from: LudotsCoreMod:assets/GAS/order_types.json
[INF][Config] Merged fragment from: Core:GAS/effects.json
[INF][Config] Merged fragment from: Core:GAS/func_lib.json
[INF][Config] Merged fragment from: Core:GAS/action_lib.json
[INF][Config] Merged fragment from: Core:Items/shapes.json
[INF][Config] Merged fragment from: Core:Items/layouts.json
[INF][Config] Merged fragment from: Core:Items/definitions.json
[INF][Config] Merged fragment from: Core:Exchange/operations.json
[INF][Config] Merged fragment from: Core:Panels/panel_templates.json
[INF][Config] Merged fragment from: Core:Input/filter_profiles.json
[INF][Config] Merged fragment from: Core:Presentation/lod_profiles.json
[INF][Config] Merged fragment from: Core:Presentation/particle_vfx.json
[INF][Config] Merged fragment from: LudotsCoreMod:assets/Presentation/mesh_assets.json
[INF][Config] Merged fragment from: LudotsCoreMod:assets/Presentation/material_assets.json
[INF][Config] Merged fragment from: LudotsCoreMod:assets/Presentation/animator_controllers.json
[INF][Config] Merged fragment from: LudotsCoreMod:assets/Presentation/animation_clips.json
[INF][Config] Merged fragment from: LudotsCoreMod:assets/Presentation/animation_profiles.json
[INF][Config] Merged fragment from: Core:Input/interaction_context_profiles.json
[INF][Config] Merged fragment from: LudotsCoreMod:assets/Presentation/presenters.json
[INF][Config] Merged fragment from: CoreInputMod:assets/Presentation/presenters.json
[INF][Config] Merged fragment from: Core:GAS/attribute_bindings.json
[INF][Config] Merged fragment from: Core:config_catalog.json
[INF][Config] Merged fragment from: Core:Input/default_input.json
[INF][Config] Merged fragment from: CoreInputMod:assets/Input/default_input.json
[INF][Config] Merged fragment from: Core:Input/action_attribute_bindings.json
[INF][Config] Merged fragment from: Core:Input/command_intent_profiles.json
[INF][Config] Merged fragment from: Core:Input/cast_commit_profiles.json
[INF][Config] Merged fragment from: Core:Input/cast_commit_locks.json
[INF][Config] Merged fragment from: Core:Input/cast_dispatch_profiles.json
[INF][Config] Merged fragment from: Core:Input/control_schemes.json
[INF][Config] Merged fragment from: Core:Input/interaction_prefs.json
[INF][Config] Merged fragment from: Core:Input/interaction_modes.json
[INF][Config] Merged fragment from: Core:UI/ability_aggregation_profiles.json
[INF][Config] Merged fragment from: Core:UI/command_deck_profiles.json
[INF][Config] Merged fragment from: Core:UI/production_overview_profiles.json
[INF][Config] Merged fragment from: Core:AI/behavior_trees.json
[INF][Config] Merged fragment from: Core:AI/hfsm.json
[INF][Config] Merged fragment from: Core:Presentation/semantic_maps.json
[INF][Config] Merged fragment from: Core:Presentation/image_assets.json
[INF][Config] Merged fragment from: Core:Camera/virtual_cameras.json
[INF][Config] Merged fragment from: Core:Story/lines.json
[INF][Config] Merged fragment from: Core:Story/presentation_profiles.json
[INF][Config] Merged fragment from: Core:Story/speakers.json
[INF][Config] Merged fragment from: Core:Dialogue/dialogues.json
[INF][Config] Merged fragment from: Core:Sequencer/sequences.json
[INF][ModLoader] No registration conflicts detected.
[INF][Engine] Firing GameStart event...
[LudotsCoreMod] Core systems installed
[INF][Mod.CoreInputMod] [CoreInputMod] No viewmodes.json found, skipping.
[INF][Mod.CoreInputMod] [CoreInputMod] No viewmodes.json found, skipping.
[INF][Mod.CoreInputMod] [CoreInputMod] No viewmodes.json found, skipping.
[INF][Mod.CoreInputMod] [CoreInputMod] CommandSourceAcquisition, GasInputResponse, SkillBar, CommandSourceDragOverlay, AbilityAimPresentation, CommandActorMovePathPresentation, TabTarget, ViewMode registered
[INF][Engine] Loading Map: xx_city_ambush
[INF][Map] Loading Map: xx_city_ambush
[INF][Config] Merged fragment from: RegionVolumeTextbookMod:assets/Maps/xx_city_ambush.json
[INF][Map] Map 'xx_city_ambush' loaded.
[INF][Map] Map 'xx_city_ambush' pushed to focus (stack depth=1).
[INF][Config] Merged fragment from: Core:Navigation/pathing.json
[INF][Engine] Pathing bootstrap skipped for map 'xx_city_ambush': no node-graph board or navmesh query service is loaded.
[INF][Engine] Creating Entities from MapConfig...
[INF][Engine] Registered 2 triggers for map 'xx_city_ambush'.
[INF][Engine] Applied DefaultCamera: yaw=180 pitch=45 dist=5000cm fov=60
[INF][Engine] Firing MapLoaded event for xx_city_ambush...
[WRN][Presentation] Terrain height sync requested ContinuousHeightmap, but none is registered; undeclared static pending may resolve flat while declared heightmap pending stays unresolved.
[INF][Engine] Unloading ModLoader contexts...
[INF][Engine] Disposing JobScheduler...

  已通过 Template_PayloadWithBooleanValue_Rejected [< 1 ms]
  已通过 Template_PolygonWithTwoPoints_Rejected [< 1 ms]
  已通过 Template_RectMissingHalfHeightCm_Rejected [< 1 ms]
  已通过 Template_SegmentWithCoincidentEndpoints_Rejected [< 1 ms]
  已通过 Template_UnknownEntityTag_AutoRegistersLikeGameplayTagContainer [2 ms]
  已通过 Template_UnknownField_Rejected [< 1 ms]
  已通过 VolumeEntityDestroyed_OccupantsReceiveExit [2 ms]
  已通过 Ambush_FiresOncePerCrossingArmy_TagFiltered_AndPlacementAnchored [539 ms]
  已通过 AbilityWithoutProfile_NeverMountsInteractionState [33 ms]
  已通过 DeclaredButUninstalledProfile_FailsFast [4 ms]
  已通过 ExecCarrierDeath_KeepsMountedContextFrozenUntilReclaim [12 ms]
  已通过 ExecCarrierDeath_ReclaimsMount [3 ms]
  已通过 ExecCarrierWithoutControlDomain_MountsNoInteractionState [3 ms]
  已通过 ExecEnd_ReleasesMountedContext_SteadyStateArbiterAppliesPlayerDefault [19 ms]
  已通过 ExecFinish_WhenTerminalResultCapacityIsFull_LeavesOrderAndExecUntouchedForRetry [13 ms]
  已通过 ExecInterrupted_ByTag_ReclaimsMount [6 ms]
  已通过 ExecNaturalFinish_WhenTerminalResultCapacityIsFull_LeavesOrderAndExecUntouchedForRetry [7 ms]
  已通过 ExecOrderReplaced_DiscardsOldExecWithoutFinalizingReplacement [21 ms]
  已通过 ExecStart_MountsActiveContextOnTheDomainRep_ArbiterPrefersItOverPlayerDefault [6 ms]
  已通过 ExecStart_MountsContext_CastCommitsSwitchKeys_AndFinishRestoresSteadyState [26 ms]
  已通过 ExecTimeline_WhenTerminalResultCapacityIsFull_DoesNotApplyDueSideEffects [8 ms]
  已通过 SteadyState_TrackedWaitingExec_IsAllocationFree [12 ms]
  已通过 TwoContextExecsInOneDomain_LatestCarrierArbitrates_EndingItExposesTheLowerOne [13 ms]
  已通过 ChannelPumpAndFreeze_KeepSeatActionSpacesIsolated [11 ms]
  已通过 PublishSeats_MultiSeat_DeclaredSchemesActivatePerChannel [4 ms]
  已通过 PublishSeats_MultiSeatRefusedScheme_FailsFast [2 ms]
  已通过 PublishSeats_MultiSeatUnknownScheme_FailsFastNamingSeatAndScheme [4 ms]
  已通过 PublishSeats_SoleSeatTable_HoldsNoChannels [2 ms]
  已通过 TrySwitchSeatScheme_MultiSeat_SwitchesChannelAndWritesBackThatSeatOnly [5 ms]
  已通过 TrySwitchSeatScheme_SoleSeat_DelegatesToGlobalRuntimeAndWritesBackSeat [1 ms]
  已通过 BulkSetAddRemoveAndExplicitRefNotification_InvalidateMembers [19 ms]
  已通过 ChangesAreCoalesced_AndMapsAndQuerySignaturesRemainIsolated [2 ms]
  已通过 CollectionSource_IsReadOnlyAndMaterializesOnlyAfterMembershipChanges [3 ms]
  已通过 LargeBurstAndReusedIds_MatchTheWorldWithoutLifecycleEventDelivery [9 s]
population=1000, changes=10000, elapsed_ms=4.7295, bytes=0, evaluated=10000

population=10000, changes=10000, elapsed_ms=4.9068, bytes=0, evaluated=10000

[Benchmark] EntitySetQueryRuntime.FilterSortAggregate:
  Entities: 256
  Iterations: 4000
  TotalMs: 174.90
  PerQueryUs: 43.7247
  AllocatedBytes(CurrentThread): 0

  已通过 Paging_IsCompleteAndRejectsChangesBetweenPages [2 ms]
  已通过 WarmSingleEntityChanges_HaveConstantEvaluationCountAndNoAllocations(1000) [9 ms]
  已通过 WarmSingleEntityChanges_HaveConstantEvaluationCountAndNoAllocations(10000) [6 ms]
  已通过 Benchmark_CodeApiFilterSortAggregateZeroAllocAfterWarmup [277 ms]
  已通过 BoundQuery_AttributeAndTagChangesAreVisibleBeforeDeferredQueueDrain [9 ms]
  已通过 CodeApi_FiltersSortsAndAggregatesRelationshipMetricsAndFlags [31 ms]
  已通过 CodeApi_FiltersSortsAndAggregatesTeamTemplateTagsAndAttributes [5 ms]
  已通过 CodeApi_RelationshipQueriesIgnoreMissingEdgesInsteadOfUsingMetricDefaults [1 ms]
  已通过 CodeApi_TargetListUtilitiesShareTheSameSpanQueryPath [7 ms]
[INF][Config] Merged fragment from: Core:GAS/graphs.json

[INF][Config] Merged fragment from: Core:GAS/graphs.json

[INF][Config] Merged fragment from: Core:GAS/graphs.json

[INF][Config] Merged fragment from: Core:GAS/graphs.json

  已通过 FourXShowcaseGraphs_CompileThroughLoaderWithSharedQueryAndRelationshipSymbols [37 ms]
  已通过 GraphConfig_QueryFromCollectionUsesEntityCollectionKeyRegistryAsSingleSourceOfTruth [13 ms]
  已通过 GraphConfig_QueryOutputsWriteCollectionAndSummaryThroughSharedCodeApi [32 ms]
  已通过 GraphKindOperationPolicy_QueryRejectsEventStoreAndContinuation(SendEvent) [2 ms]
  已通过 GraphKindOperationPolicy_QueryRejectsEventStoreAndContinuation(WriteBlackboardFloat) [< 1 ms]
  已通过 GraphKindOperationPolicy_QueryRejectsEventStoreAndContinuation(Yield) [< 1 ms]
  已通过 GraphReturnWriter_MissingOutputSchemaFailsExplicitly [1 ms]
  已通过 GraphReturnWriter_MissingOwnerAndCaster_FailsClosedBeforeExecution [4 ms]
  已通过 GraphReturnWriter_RejectsRegisteredTriggerGraphKind_FailsClosed [1 ms]
restrict_map=False, population=10000, runs=2000, elapsed_ms=9.5779, bytes=0

restrict_map=True, population=10000, runs=2000, elapsed_ms=48.7591, bytes=0

distant=100, queries=100, exact_tests=50100, elapsed_ms=6.307000, bytes=0

distant=10000, queries=100, exact_tests=50100, elapsed_ms=4.463900, bytes=0

  已通过 LargeQuery_SurvivesYieldAndAnotherExecution_AndFreshQuerySeesRefWrites [4 ms]
  已通过 MinWorldDistance_FarFromOriginWithNonUnitGrid_KeepsWorldCmAndStableTies [1 ms]
  已通过 QueryMap_At10kEntities_PreservesOrderAndAllocatesNothingAfterWarmup(False) [19 ms]
  已通过 QueryMap_At10kEntities_PreservesOrderAndAllocatesNothingAfterWarmup(True) [67 ms]
  已通过 DenseRegion_IsCompleteAndDistantCandidatesDoNotIncreaseWarmWork(100) [20 ms]
  已通过 DenseRegion_IsCompleteAndDistantCandidatesDoNotIncreaseWarmWork(10000) [8 ms]
  已通过 PerSeatChannelReader_TickEdgeSurvivesVisualFramesWithoutLogicTick [2 ms]
  已通过 TickSnapshot_PressAndReleaseFoldIntoTheSameSkippedTick [1 ms]
  已通过 TickSnapshot_PressEdgeSurvivesVisualFramesWithoutLogicTick [< 1 ms]
  已通过 Activate_AlreadyActiveOrInactiveParent_FailsFastNamed [3 ms]
  已通过 Activate_BaseMountedProfileCountsAsActive [2 ms]
  已通过 Activate_ChildUnderDerivedParent_CoexistsWithSibling [1 ms]
  已通过 Activate_MountsInstancePublishesEventAndCarriesParentScope [2 ms]
  已通过 Compiler_EmitsActivateContextWithParentSymbolAndOptionalSource [4 ms]
  已通过 ContextSet_CoexistsInstancesAndFailsOnCapacity [1 ms]
  已通过 Deactivate_NotMountedOrBaseMounted_FailsFastNamed [2 ms]
  已通过 Deactivate_ParentRemovesDescendantsTransitively [< 1 ms]
  已通过 Deactivate_RemovesInstancesAndPublishesEvent_NoPresenterCoupling [1 ms]
  已通过 GraphApi_ActivateAndDeactivateContext_DispatchToKernel [2 ms]
  已通过 GraphOpHandlers_ExecuteActivateAndDeactivateOpcodes [2 ms]
  已通过 Install_BindingsWithoutCatalog_FailsFast [2 ms]
  已通过 Install_LifecycleSlots_ResolveGraphIds [2 ms]
  已通过 Install_LifecycleSlots_UnknownGraph_FailsFast [1 ms]
  已通过 Install_LifecycleSlots_WithoutReferenceCatalog_FailsFast [< 1 ms]
  已通过 Install_NonTriggerGraphKind_FailsFast [1 ms]
  已通过 Install_UnknownEntryEvent_FailsFast [< 1 ms]
  已通过 Install_UnknownSemanticAction_FailsFast [< 1 ms]
[INF][Engine] Initializing with ConfigPipeline...
[INF][Engine] Resolving mod dependencies from explicit mod paths: mods=2
[INF][ModLoader] Mod Load Order:
[INF][ModLoader] - LudotsCoreMod (P:-1000)
[INF][ModLoader] - CaseESelectionMod (P:0)
[INF][ModLoader] Resolved Mod Load Order (launcher graph):
[INF][ModLoader] - LudotsCoreMod (P:-1000)
[INF][ModLoader] - CaseESelectionMod (P:0)
[INF][ModLoader] Loading DLL for LudotsCoreMod at C:\001_AI\wt-case-e-consolidation\mods\LudotsCoreMod\bin\net9.0\LudotsCoreMod.dll
[INF][ModLoader] Scanning 2 types in assembly...
[INF][ModLoader] Instantiated entry for LudotsCoreMod. Calling OnLoad...
[INF][Mod.LudotsCoreMod] [LudotsCoreMod] Loaded - Core game framework initialized
[INF][ModLoader] LudotsCoreMod OnLoad completed.
[INF][ModLoader] Loaded LudotsCoreMod
[INF][ModLoader] Loading DLL for CaseESelectionMod at C:\001_AI\wt-case-e-consolidation\mods\showcases\case_e_selection\CaseESelectionMod\bin\net9.0\CaseESelectionMod.dll
[INF][ModLoader] Scanning 7 types in assembly...
[INF][ModLoader] Instantiated entry for CaseESelectionMod. Calling OnLoad...
[INF][ModLoader] CaseESelectionMod OnLoad completed.
[INF][ModLoader] Loaded CaseESelectionMod
[INF][Config] Merged fragment from: Core:game.json
[INF][Config] Merged fragment from: LudotsCoreMod:assets/game.json
[INF][Config] Merged fragment from: CaseESelectionMod:assets/game.json
[INF][Config] Merged fragment from: Core:config_catalog.json
[INF][Config] Merged fragment from: CaseESelectionMod:assets/config_catalog.json
[INF][Config] Merged fragment from: Core:Navigation/agent_profiles.json
[INF][Engine] Merged GameConfig: StartupMapId=case_e_selection_10k_field, DefaultCoreMod=LudotsCoreMod
[INF][Engine] Constants loaded: OrderTypeIds=4, ResponseChainOrderTypeIds=3
[INF][Engine] Initializing JobScheduler...
[INF][Config] Loading DataRegistry<EntityTemplate> from Entities/templates.json...
[INF][Config] Merged fragment from: LudotsCoreMod:assets/Entities/templates.json
[INF][Config] Merged fragment from: CaseESelectionMod:assets/Entities/templates.json
[INF][Config] Loaded 7 DataRegistry<EntityTemplate> items.
[INF][Engine] Initializing Core GAS Systems...
[INF][Config] Merged fragment from: Core:Engine/clock.json
[INF][Config] Merged fragment from: Core:Relationships/catalog.json
[INF][Config] Merged fragment from: LudotsCoreMod:assets/Relationships/catalog.json
[INF][Config] Merged fragment from: Core:Relationships/control_profiles.json
[INF][Config] Merged fragment from: Core:GAS/target_dispatch_presets.json
[INF][Config] Merged fragment from: Core:GAS/clock.json
[INF][Config] Merged fragment from: Core:Physics2D/clock.json
[INF][Config] Merged fragment from: Core:Physics2D/solver.json
[INF][Config] Merged fragment from: Core:Physics2D/kinematic.json
[INF][Config] Merged fragment from: Core:GAS/attribute_constraints.json
[INF][Config] Merged fragment from: CaseESelectionMod:assets/GAS/attribute_constraints.json
[INF][Config] Merged fragment from: Core:Enums/enums.json
[INF][Config] Merged fragment from: CaseESelectionMod:assets/Events/custom_events.json
[INF][Config] Merged fragment from: Core:Vision/fog_layers.json
[INF][Config] Merged fragment from: LudotsCoreMod:assets/Presentation/text_tokens.json
[INF][Config] Merged fragment from: LudotsCoreMod:assets/Presentation/text_tokens.json
[INF][Config] Merged fragment from: LudotsCoreMod:assets/Presentation/text_locales.json
[INF][Config] Merged fragment from: Core:GraphTables/lookup_tables.json
[INF][Config] Merged fragment from: Core:GAS/graphs.json
[INF][Config] Merged fragment from: CaseESelectionMod:assets/GAS/graphs/graph.case_e.box_begin.json
[INF][Config] Merged fragment from: CaseESelectionMod:assets/GAS/graphs/graph.case_e.box_commit.json
[INF][Config] Merged fragment from: CaseESelectionMod:assets/GAS/graphs/graph.case_e.box_hit.json
[INF][Config] Merged fragment from: CaseESelectionMod:assets/GAS/graphs/graph.case_e.box_hover_clear.json
[INF][Config] Merged fragment from: CaseESelectionMod:assets/GAS/graphs/graph.case_e.box_hover_tick.json
[INF][Config] Merged fragment from: CaseESelectionMod:assets/GAS/graphs/graph.case_e.candidates.json
[INF][Config] Merged fragment from: CaseESelectionMod:assets/GAS/graphs/graph.case_e.candidates_player2.json
[INF][Config] Merged fragment from: CaseESelectionMod:assets/GAS/graphs/graph.case_e.roster_sync.json
[INF][Config] Merged fragment from: CaseESelectionMod:assets/GAS/graphs/graph.case_e.roster_sync_player2.json
[INF][Config] Merged fragment from: CaseESelectionMod:assets/GAS/graphs/graph.case_e.selection_commit.json
[INF][Config] Merged fragment from: Core:GAS/preset_types.json
[INF][Config] Merged fragment from: Core:Exchange/operations.json
[INF][Config] Merged fragment from: Core:Progression/scopes.json
[INF][Config] Merged fragment from: Core:Progression/progressions.json
[INF][Config] Merged fragment from: Core:Progression/requirements.json
[INF][Config] Merged fragment from: LudotsCoreMod:assets/GAS/order_types.json
[INF][Config] Merged fragment from: Core:GAS/effects.json
[INF][Config] Merged fragment from: Core:GAS/func_lib.json
[INF][Config] Merged fragment from: Core:GAS/action_lib.json
[INF][Config] Merged fragment from: Core:Items/shapes.json
[INF][Config] Merged fragment from: Core:Items/layouts.json
[INF][Config] Merged fragment from: Core:Items/definitions.json
[INF][Config] Merged fragment from: Core:Exchange/operations.json
[INF][Config] Merged fragment from: Core:Panels/panel_templates.json
[INF][Config] Merged fragment from: Core:Input/filter_profiles.json
[INF][Config] Merged fragment from: Core:Presentation/lod_profiles.json
[INF][Config] Merged fragment from: Core:Presentation/particle_vfx.json
[INF][Config] Merged fragment from: LudotsCoreMod:assets/Presentation/mesh_assets.json
[INF][Config] Merged fragment from: CaseESelectionMod:assets/Presentation/mesh_assets.json
[INF][Config] Merged fragment from: LudotsCoreMod:assets/Presentation/material_assets.json
[INF][Config] Merged fragment from: LudotsCoreMod:assets/Presentation/animator_controllers.json
[INF][Config] Merged fragment from: LudotsCoreMod:assets/Presentation/animation_clips.json
[INF][Config] Merged fragment from: LudotsCoreMod:assets/Presentation/animation_profiles.json
[INF][Config] Merged fragment from: Core:Input/interaction_context_profiles.json
[INF][Config] Merged fragment from: CaseESelectionMod:assets/Input/interaction_context_profiles.json
[INF][Config] Merged fragment from: LudotsCoreMod:assets/Presentation/presenters.json
[INF][Config] Merged fragment from: CaseESelectionMod:assets/Presentation/presenters.json
[INF][Config] Merged fragment from: Core:GAS/attribute_bindings.json
[INF][Config] Merged fragment from: Core:config_catalog.json
[INF][Config] Merged fragment from: CaseESelectionMod:assets/config_catalog.json
[INF][Config] Merged fragment from: Core:Input/default_input.json
[INF][Config] Merged fragment from: CaseESelectionMod:assets/Input/default_input.json
[INF][Config] Merged fragment from: Core:Input/action_attribute_bindings.json
[INF][Config] Merged fragment from: CaseESelectionMod:assets/Input/action_attribute_bindings.json
[INF][Config] Merged fragment from: Core:Input/command_intent_profiles.json
[INF][Config] Merged fragment from: Core:Input/cast_commit_profiles.json
[INF][Config] Merged fragment from: Core:Input/cast_commit_locks.json
[INF][Config] Merged fragment from: Core:Input/cast_dispatch_profiles.json
[INF][Config] Merged fragment from: Core:Input/control_schemes.json
[INF][Config] Merged fragment from: CaseESelectionMod:assets/Input/control_schemes.json
[INF][Config] Merged fragment from: Core:Input/interaction_prefs.json
[INF][Config] Merged fragment from: Core:Input/interaction_modes.json
[INF][Config] Merged fragment from: Core:UI/ability_aggregation_profiles.json
[INF][Config] Merged fragment from: Core:UI/command_deck_profiles.json
[INF][Config] Merged fragment from: Core:UI/production_overview_profiles.json
[INF][Config] Merged fragment from: Core:AI/behavior_trees.json
[INF][Config] Merged fragment from: Core:AI/hfsm.json
[INF][Config] Merged fragment from: Core:Presentation/semantic_maps.json
[INF][Config] Merged fragment from: Core:Presentation/image_assets.json
[INF][Config] Merged fragment from: Core:Camera/virtual_cameras.json
[INF][Config] Merged fragment from: Core:Story/lines.json
[INF][Config] Merged fragment from: Core:Story/presentation_profiles.json
[INF][Config] Merged fragment from: Core:Story/speakers.json
[INF][Config] Merged fragment from: Core:Dialogue/dialogues.json
[INF][Config] Merged fragment from: Core:Sequencer/sequences.json
[INF][ModLoader] No registration conflicts detected.
[INF][Config] Merged fragment from: Core:config_catalog.json
[INF][Config] Merged fragment from: CaseESelectionMod:assets/config_catalog.json
[INF][Config] Merged fragment from: Core:Input/default_input.json
[INF][Config] Merged fragment from: CaseESelectionMod:assets/Input/default_input.json
[INF][Engine] Firing GameStart event...
[LudotsCoreMod] Core systems installed
[INF][Engine] Loading Map: case_e_selection_field
[INF][Map] Loading Map: case_e_selection_field
[INF][Config] Merged fragment from: CaseESelectionMod:assets/Maps/case_e_selection_field.json
[INF][Map] Map 'case_e_selection_field' loaded.
[INF][Map] Map 'case_e_selection_field' pushed to focus (stack depth=1).
[INF][Config] Merged fragment from: Core:Navigation/pathing.json
[INF][Engine] Pathing bootstrap skipped for map 'case_e_selection_field': no node-graph board or navmesh query service is loaded.
[INF][Engine] Creating Entities from MapConfig...
[INF][Engine] Registered 2 triggers for map 'case_e_selection_field'.
[INF][Engine] Applied DefaultCamera: yaw=0 pitch=52 dist=3400cm fov=45
[INF][Engine] Firing MapLoaded event for case_e_selection_field...
[WRN][Engine] Duplicate registration for trigger type TriggerGraphMountTrigger. Keeping original.
[WRN][Engine] Duplicate registration for trigger type TriggerGraphResumeTrigger. Keeping original.
[INF][Engine] Appended 2 triggers to map 'case_e_selection_field'.
[WRN][Engine] Duplicate registration for trigger type TriggerGraphMountTrigger. Keeping original.
[WRN][Engine] Duplicate registration for trigger type TriggerGraphResumeTrigger. Keeping original.
[WRN][Engine] Duplicate registration for trigger type TriggerGraphMountTrigger. Keeping original.
[WRN][Engine] Duplicate registration for trigger type TriggerGraphResumeTrigger. Keeping original.
[INF][Engine] Appended 4 triggers to map 'case_e_selection_field'.
[WRN][Engine] Duplicate registration for trigger type TriggerGraphMountTrigger. Keeping original.
[WRN][Engine] Duplicate registration for trigger type TriggerGraphResumeTrigger. Keeping original.
[INF][Engine] Appended 2 triggers to map 'case_e_selection_field'.
roster_single=0.02ms roster_per_event=0.00ms roster_stream100=0.03ms drag=18.58ms max_tick=5.87ms roster=104/104 hover_full=104 hover_half=51
[INF][Engine] Unloading ModLoader contexts...
[INF][Engine] Disposing JobScheduler...

[INF][Engine] Initializing with ConfigPipeline...
[INF][Engine] Resolving mod dependencies from explicit mod paths: mods=2
[INF][ModLoader] Mod Load Order:
[INF][ModLoader] - LudotsCoreMod (P:-1000)
[INF][ModLoader] - CaseESelectionMod (P:0)
[INF][ModLoader] Resolved Mod Load Order (launcher graph):
[INF][ModLoader] - LudotsCoreMod (P:-1000)
[INF][ModLoader] - CaseESelectionMod (P:0)
[INF][ModLoader] Loading DLL for LudotsCoreMod at C:\001_AI\wt-case-e-consolidation\mods\LudotsCoreMod\bin\net9.0\LudotsCoreMod.dll
[INF][ModLoader] Scanning 2 types in assembly...
[INF][ModLoader] Instantiated entry for LudotsCoreMod. Calling OnLoad...
[INF][Mod.LudotsCoreMod] [LudotsCoreMod] Loaded - Core game framework initialized
[INF][ModLoader] LudotsCoreMod OnLoad completed.
[INF][ModLoader] Loaded LudotsCoreMod
[INF][ModLoader] Loading DLL for CaseESelectionMod at C:\001_AI\wt-case-e-consolidation\mods\showcases\case_e_selection\CaseESelectionMod\bin\net9.0\CaseESelectionMod.dll
[INF][ModLoader] Scanning 7 types in assembly...
[INF][ModLoader] Instantiated entry for CaseESelectionMod. Calling OnLoad...
[INF][ModLoader] CaseESelectionMod OnLoad completed.
[INF][ModLoader] Loaded CaseESelectionMod
[INF][Config] Merged fragment from: Core:game.json
[INF][Config] Merged fragment from: LudotsCoreMod:assets/game.json
[INF][Config] Merged fragment from: CaseESelectionMod:assets/game.json
[INF][Config] Merged fragment from: Core:config_catalog.json
[INF][Config] Merged fragment from: CaseESelectionMod:assets/config_catalog.json
[INF][Config] Merged fragment from: Core:Navigation/agent_profiles.json
[INF][Engine] Merged GameConfig: StartupMapId=case_e_selection_10k_field, DefaultCoreMod=LudotsCoreMod
[INF][Engine] Constants loaded: OrderTypeIds=4, ResponseChainOrderTypeIds=3
[INF][Engine] Initializing JobScheduler...
[INF][Config] Loading DataRegistry<EntityTemplate> from Entities/templates.json...
[INF][Config] Merged fragment from: LudotsCoreMod:assets/Entities/templates.json
[INF][Config] Merged fragment from: CaseESelectionMod:assets/Entities/templates.json
[INF][Config] Loaded 7 DataRegistry<EntityTemplate> items.
[INF][Engine] Initializing Core GAS Systems...
[INF][Config] Merged fragment from: Core:Engine/clock.json
[INF][Config] Merged fragment from: Core:Relationships/catalog.json
[INF][Config] Merged fragment from: LudotsCoreMod:assets/Relationships/catalog.json
[INF][Config] Merged fragment from: Core:Relationships/control_profiles.json
[INF][Config] Merged fragment from: Core:GAS/target_dispatch_presets.json
[INF][Config] Merged fragment from: Core:GAS/clock.json
[INF][Config] Merged fragment from: Core:Physics2D/clock.json
[INF][Config] Merged fragment from: Core:Physics2D/solver.json
[INF][Config] Merged fragment from: Core:Physics2D/kinematic.json
[INF][Config] Merged fragment from: Core:GAS/attribute_constraints.json
[INF][Config] Merged fragment from: CaseESelectionMod:assets/GAS/attribute_constraints.json
[INF][Config] Merged fragment from: Core:Enums/enums.json
[INF][Config] Merged fragment from: CaseESelectionMod:assets/Events/custom_events.json
[INF][Config] Merged fragment from: Core:Vision/fog_layers.json
[INF][Config] Merged fragment from: LudotsCoreMod:assets/Presentation/text_tokens.json
[INF][Config] Merged fragment from: LudotsCoreMod:assets/Presentation/text_tokens.json
[INF][Config] Merged fragment from: LudotsCoreMod:assets/Presentation/text_locales.json
[INF][Config] Merged fragment from: Core:GraphTables/lookup_tables.json
[INF][Config] Merged fragment from: Core:GAS/graphs.json
[INF][Config] Merged fragment from: CaseESelectionMod:assets/GAS/graphs/graph.case_e.box_begin.json
[INF][Config] Merged fragment from: CaseESelectionMod:assets/GAS/graphs/graph.case_e.box_commit.json
[INF][Config] Merged fragment from: CaseESelectionMod:assets/GAS/graphs/graph.case_e.box_hit.json
[INF][Config] Merged fragment from: CaseESelectionMod:assets/GAS/graphs/graph.case_e.box_hover_clear.json
[INF][Config] Merged fragment from: CaseESelectionMod:assets/GAS/graphs/graph.case_e.box_hover_tick.json
[INF][Config] Merged fragment from: CaseESelectionMod:assets/GAS/graphs/graph.case_e.candidates.json
[INF][Config] Merged fragment from: CaseESelectionMod:assets/GAS/graphs/graph.case_e.candidates_player2.json
[INF][Config] Merged fragment from: CaseESelectionMod:assets/GAS/graphs/graph.case_e.roster_sync.json
[INF][Config] Merged fragment from: CaseESelectionMod:assets/GAS/graphs/graph.case_e.roster_sync_player2.json
[INF][Config] Merged fragment from: CaseESelectionMod:assets/GAS/graphs/graph.case_e.selection_commit.json
[INF][Config] Merged fragment from: Core:GAS/preset_types.json
[INF][Config] Merged fragment from: Core:Exchange/operations.json
[INF][Config] Merged fragment from: Core:Progression/scopes.json
[INF][Config] Merged fragment from: Core:Progression/progressions.json
[INF][Config] Merged fragment from: Core:Progression/requirements.json
[INF][Config] Merged fragment from: LudotsCoreMod:assets/GAS/order_types.json
[INF][Config] Merged fragment from: Core:GAS/effects.json
[INF][Config] Merged fragment from: Core:GAS/func_lib.json
[INF][Config] Merged fragment from: Core:GAS/action_lib.json
[INF][Config] Merged fragment from: Core:Items/shapes.json
[INF][Config] Merged fragment from: Core:Items/layouts.json
[INF][Config] Merged fragment from: Core:Items/definitions.json
[INF][Config] Merged fragment from: Core:Exchange/operations.json
[INF][Config] Merged fragment from: Core:Panels/panel_templates.json
[INF][Config] Merged fragment from: Core:Input/filter_profiles.json
[INF][Config] Merged fragment from: Core:Presentation/lod_profiles.json
[INF][Config] Merged fragment from: Core:Presentation/particle_vfx.json
[INF][Config] Merged fragment from: LudotsCoreMod:assets/Presentation/mesh_assets.json
[INF][Config] Merged fragment from: CaseESelectionMod:assets/Presentation/mesh_assets.json
[INF][Config] Merged fragment from: LudotsCoreMod:assets/Presentation/material_assets.json
[INF][Config] Merged fragment from: LudotsCoreMod:assets/Presentation/animator_controllers.json
[INF][Config] Merged fragment from: LudotsCoreMod:assets/Presentation/animation_clips.json
[INF][Config] Merged fragment from: LudotsCoreMod:assets/Presentation/animation_profiles.json
[INF][Config] Merged fragment from: Core:Input/interaction_context_profiles.json
[INF][Config] Merged fragment from: CaseESelectionMod:assets/Input/interaction_context_profiles.json
[INF][Config] Merged fragment from: LudotsCoreMod:assets/Presentation/presenters.json
[INF][Config] Merged fragment from: CaseESelectionMod:assets/Presentation/presenters.json
[INF][Config] Merged fragment from: Core:GAS/attribute_bindings.json
[INF][Config] Merged fragment from: Core:config_catalog.json
[INF][Config] Merged fragment from: CaseESelectionMod:assets/config_catalog.json
[INF][Config] Merged fragment from: Core:Input/default_input.json
[INF][Config] Merged fragment from: CaseESelectionMod:assets/Input/default_input.json
[INF][Config] Merged fragment from: Core:Input/action_attribute_bindings.json
[INF][Config] Merged fragment from: CaseESelectionMod:assets/Input/action_attribute_bindings.json
[INF][Config] Merged fragment from: Core:Input/command_intent_profiles.json
[INF][Config] Merged fragment from: Core:Input/cast_commit_profiles.json
[INF][Config] Merged fragment from: Core:Input/cast_commit_locks.json
[INF][Config] Merged fragment from: Core:Input/cast_dispatch_profiles.json
[INF][Config] Merged fragment from: Core:Input/control_schemes.json
[INF][Config] Merged fragment from: CaseESelectionMod:assets/Input/control_schemes.json
[INF][Config] Merged fragment from: Core:Input/interaction_prefs.json
[INF][Config] Merged fragment from: Core:Input/interaction_modes.json
[INF][Config] Merged fragment from: Core:UI/ability_aggregation_profiles.json
[INF][Config] Merged fragment from: Core:UI/command_deck_profiles.json
[INF][Config] Merged fragment from: Core:UI/production_overview_profiles.json
[INF][Config] Merged fragment from: Core:AI/behavior_trees.json
[INF][Config] Merged fragment from: Core:AI/hfsm.json
[INF][Config] Merged fragment from: Core:Presentation/semantic_maps.json
[INF][Config] Merged fragment from: Core:Presentation/image_assets.json
[INF][Config] Merged fragment from: Core:Camera/virtual_cameras.json
[INF][Config] Merged fragment from: Core:Story/lines.json
[INF][Config] Merged fragment from: Core:Story/presentation_profiles.json
[INF][Config] Merged fragment from: Core:Story/speakers.json
[INF][Config] Merged fragment from: Core:Dialogue/dialogues.json
[INF][Config] Merged fragment from: Core:Sequencer/sequences.json
[INF][ModLoader] No registration conflicts detected.
[INF][Config] Merged fragment from: Core:config_catalog.json
[INF][Config] Merged fragment from: CaseESelectionMod:assets/config_catalog.json
[INF][Config] Merged fragment from: Core:Input/default_input.json
[INF][Config] Merged fragment from: CaseESelectionMod:assets/Input/default_input.json
[INF][Engine] Firing GameStart event...
[LudotsCoreMod] Core systems installed
[INF][Engine] Loading Map: case_e_selection_field
[INF][Map] Loading Map: case_e_selection_field
[INF][Config] Merged fragment from: CaseESelectionMod:assets/Maps/case_e_selection_field.json
[INF][Map] Map 'case_e_selection_field' loaded.
[INF][Map] Map 'case_e_selection_field' pushed to focus (stack depth=1).
[INF][Config] Merged fragment from: Core:Navigation/pathing.json
[INF][Engine] Pathing bootstrap skipped for map 'case_e_selection_field': no node-graph board or navmesh query service is loaded.
[INF][Engine] Creating Entities from MapConfig...
[INF][Engine] Registered 2 triggers for map 'case_e_selection_field'.
[INF][Engine] Applied DefaultCamera: yaw=0 pitch=52 dist=3400cm fov=45
[INF][Engine] Firing MapLoaded event for case_e_selection_field...
[WRN][Engine] Duplicate registration for trigger type TriggerGraphMountTrigger. Keeping original.
[WRN][Engine] Duplicate registration for trigger type TriggerGraphResumeTrigger. Keeping original.
[INF][Engine] Appended 2 triggers to map 'case_e_selection_field'.
[WRN][Engine] Duplicate registration for trigger type TriggerGraphMountTrigger. Keeping original.
[WRN][Engine] Duplicate registration for trigger type TriggerGraphResumeTrigger. Keeping original.
[WRN][Engine] Duplicate registration for trigger type TriggerGraphMountTrigger. Keeping original.
[WRN][Engine] Duplicate registration for trigger type TriggerGraphResumeTrigger. Keeping original.
[INF][Engine] Appended 4 triggers to map 'case_e_selection_field'.
[WRN][Engine] Duplicate registration for trigger type TriggerGraphMountTrigger. Keeping original.
[WRN][Engine] Duplicate registration for trigger type TriggerGraphResumeTrigger. Keeping original.
[INF][Engine] Appended 2 triggers to map 'case_e_selection_field'.
roster_single=0.02ms roster_per_event=0.00ms roster_stream100=0.03ms drag=30.52ms max_tick=9.06ms roster=1004/1004 hover_full=1004 hover_half=492
[INF][Engine] Unloading ModLoader contexts...
[INF][Engine] Disposing JobScheduler...

  已通过 Install_UnknownTriggerGraph_FailsFast [< 1 ms]
  已通过 Install_ValidBindingsAndTriggers_InstallAndResolve [1 ms]
  已通过 Install_WithoutLifecycleSlots_ResolvesEmpty [1 ms]
  已通过 Loader_RejectsBlankLifecycleSlotGraph [< 1 ms]
  已通过 Loader_RejectsBlankTriggerMountFields [< 1 ms]
  已通过 Loader_RejectsDuplicateAndBlankBindings [1 ms]
  已通过 BoxSelectionChain_At10kEntities_SelectsEveryEligibleUnit(100,True) [649 ms]
  已通过 BoxSelectionChain_At10kEntities_SelectsEveryEligibleUnit(1000,False) [627 ms]
[INF][Engine] Initializing with ConfigPipeline...
[INF][Engine] Resolving mod dependencies from explicit mod paths: mods=2
[INF][ModLoader] Mod Load Order:
[INF][ModLoader] - LudotsCoreMod (P:-1000)
[INF][ModLoader] - CaseESelectionMod (P:0)
[INF][ModLoader] Resolved Mod Load Order (launcher graph):
[INF][ModLoader] - LudotsCoreMod (P:-1000)
[INF][ModLoader] - CaseESelectionMod (P:0)
[INF][ModLoader] Loading DLL for LudotsCoreMod at C:\001_AI\wt-case-e-consolidation\mods\LudotsCoreMod\bin\net9.0\LudotsCoreMod.dll
[INF][ModLoader] Scanning 2 types in assembly...
[INF][ModLoader] Instantiated entry for LudotsCoreMod. Calling OnLoad...
[INF][Mod.LudotsCoreMod] [LudotsCoreMod] Loaded - Core game framework initialized
[INF][ModLoader] LudotsCoreMod OnLoad completed.
[INF][ModLoader] Loaded LudotsCoreMod
[INF][ModLoader] Loading DLL for CaseESelectionMod at C:\001_AI\wt-case-e-consolidation\mods\showcases\case_e_selection\CaseESelectionMod\bin\net9.0\CaseESelectionMod.dll
[INF][ModLoader] Scanning 7 types in assembly...
[INF][ModLoader] Instantiated entry for CaseESelectionMod. Calling OnLoad...
[INF][ModLoader] CaseESelectionMod OnLoad completed.
[INF][ModLoader] Loaded CaseESelectionMod
[INF][Config] Merged fragment from: Core:game.json
[INF][Config] Merged fragment from: LudotsCoreMod:assets/game.json
[INF][Config] Merged fragment from: CaseESelectionMod:assets/game.json
[INF][Config] Merged fragment from: Core:config_catalog.json
[INF][Config] Merged fragment from: CaseESelectionMod:assets/config_catalog.json
[INF][Config] Merged fragment from: Core:Navigation/agent_profiles.json
[INF][Engine] Merged GameConfig: StartupMapId=case_e_selection_10k_field, DefaultCoreMod=LudotsCoreMod
[INF][Engine] Constants loaded: OrderTypeIds=4, ResponseChainOrderTypeIds=3
[INF][Engine] Initializing JobScheduler...
[INF][Config] Loading DataRegistry<EntityTemplate> from Entities/templates.json...
[INF][Config] Merged fragment from: LudotsCoreMod:assets/Entities/templates.json
[INF][Config] Merged fragment from: CaseESelectionMod:assets/Entities/templates.json
[INF][Config] Loaded 7 DataRegistry<EntityTemplate> items.
[INF][Engine] Initializing Core GAS Systems...
[INF][Config] Merged fragment from: Core:Engine/clock.json
[INF][Config] Merged fragment from: Core:Relationships/catalog.json
[INF][Config] Merged fragment from: LudotsCoreMod:assets/Relationships/catalog.json
[INF][Config] Merged fragment from: Core:Relationships/control_profiles.json
[INF][Config] Merged fragment from: Core:GAS/target_dispatch_presets.json
[INF][Config] Merged fragment from: Core:GAS/clock.json
[INF][Config] Merged fragment from: Core:Physics2D/clock.json
[INF][Config] Merged fragment from: Core:Physics2D/solver.json
[INF][Config] Merged fragment from: Core:Physics2D/kinematic.json
[INF][Config] Merged fragment from: Core:GAS/attribute_constraints.json
[INF][Config] Merged fragment from: CaseESelectionMod:assets/GAS/attribute_constraints.json
[INF][Config] Merged fragment from: Core:Enums/enums.json
[INF][Config] Merged fragment from: CaseESelectionMod:assets/Events/custom_events.json
[INF][Config] Merged fragment from: Core:Vision/fog_layers.json
[INF][Config] Merged fragment from: LudotsCoreMod:assets/Presentation/text_tokens.json
[INF][Config] Merged fragment from: LudotsCoreMod:assets/Presentation/text_tokens.json
[INF][Config] Merged fragment from: LudotsCoreMod:assets/Presentation/text_locales.json
[INF][Config] Merged fragment from: Core:GraphTables/lookup_tables.json
[INF][Config] Merged fragment from: Core:GAS/graphs.json
[INF][Config] Merged fragment from: CaseESelectionMod:assets/GAS/graphs/graph.case_e.box_begin.json
[INF][Config] Merged fragment from: CaseESelectionMod:assets/GAS/graphs/graph.case_e.box_commit.json
[INF][Config] Merged fragment from: CaseESelectionMod:assets/GAS/graphs/graph.case_e.box_hit.json
[INF][Config] Merged fragment from: CaseESelectionMod:assets/GAS/graphs/graph.case_e.box_hover_clear.json
[INF][Config] Merged fragment from: CaseESelectionMod:assets/GAS/graphs/graph.case_e.box_hover_tick.json
[INF][Config] Merged fragment from: CaseESelectionMod:assets/GAS/graphs/graph.case_e.candidates.json
[INF][Config] Merged fragment from: CaseESelectionMod:assets/GAS/graphs/graph.case_e.candidates_player2.json
[INF][Config] Merged fragment from: CaseESelectionMod:assets/GAS/graphs/graph.case_e.roster_sync.json
[INF][Config] Merged fragment from: CaseESelectionMod:assets/GAS/graphs/graph.case_e.roster_sync_player2.json
[INF][Config] Merged fragment from: CaseESelectionMod:assets/GAS/graphs/graph.case_e.selection_commit.json
[INF][Config] Merged fragment from: Core:GAS/preset_types.json
[INF][Config] Merged fragment from: Core:Exchange/operations.json
[INF][Config] Merged fragment from: Core:Progression/scopes.json
[INF][Config] Merged fragment from: Core:Progression/progressions.json
[INF][Config] Merged fragment from: Core:Progression/requirements.json
[INF][Config] Merged fragment from: LudotsCoreMod:assets/GAS/order_types.json
[INF][Config] Merged fragment from: Core:GAS/effects.json
[INF][Config] Merged fragment from: Core:GAS/func_lib.json
[INF][Config] Merged fragment from: Core:GAS/action_lib.json
[INF][Config] Merged fragment from: Core:Items/shapes.json
[INF][Config] Merged fragment from: Core:Items/layouts.json
[INF][Config] Merged fragment from: Core:Items/definitions.json
[INF][Config] Merged fragment from: Core:Exchange/operations.json
[INF][Config] Merged fragment from: Core:Panels/panel_templates.json
[INF][Config] Merged fragment from: Core:Input/filter_profiles.json
[INF][Config] Merged fragment from: Core:Presentation/lod_profiles.json
[INF][Config] Merged fragment from: Core:Presentation/particle_vfx.json
[INF][Config] Merged fragment from: LudotsCoreMod:assets/Presentation/mesh_assets.json
[INF][Config] Merged fragment from: CaseESelectionMod:assets/Presentation/mesh_assets.json
[INF][Config] Merged fragment from: LudotsCoreMod:assets/Presentation/material_assets.json
[INF][Config] Merged fragment from: LudotsCoreMod:assets/Presentation/animator_controllers.json
[INF][Config] Merged fragment from: LudotsCoreMod:assets/Presentation/animation_clips.json
[INF][Config] Merged fragment from: LudotsCoreMod:assets/Presentation/animation_profiles.json
[INF][Config] Merged fragment from: Core:Input/interaction_context_profiles.json
[INF][Config] Merged fragment from: CaseESelectionMod:assets/Input/interaction_context_profiles.json
[INF][Config] Merged fragment from: LudotsCoreMod:assets/Presentation/presenters.json
[INF][Config] Merged fragment from: CaseESelectionMod:assets/Presentation/presenters.json
[INF][Config] Merged fragment from: Core:GAS/attribute_bindings.json
[INF][Config] Merged fragment from: Core:config_catalog.json
[INF][Config] Merged fragment from: CaseESelectionMod:assets/config_catalog.json
[INF][Config] Merged fragment from: Core:Input/default_input.json
[INF][Config] Merged fragment from: CaseESelectionMod:assets/Input/default_input.json
[INF][Config] Merged fragment from: Core:Input/action_attribute_bindings.json
[INF][Config] Merged fragment from: CaseESelectionMod:assets/Input/action_attribute_bindings.json
[INF][Config] Merged fragment from: Core:Input/command_intent_profiles.json
[INF][Config] Merged fragment from: Core:Input/cast_commit_profiles.json
[INF][Config] Merged fragment from: Core:Input/cast_commit_locks.json
[INF][Config] Merged fragment from: Core:Input/cast_dispatch_profiles.json
[INF][Config] Merged fragment from: Core:Input/control_schemes.json
[INF][Config] Merged fragment from: CaseESelectionMod:assets/Input/control_schemes.json
[INF][Config] Merged fragment from: Core:Input/interaction_prefs.json
[INF][Config] Merged fragment from: Core:Input/interaction_modes.json
[INF][Config] Merged fragment from: Core:UI/ability_aggregation_profiles.json
[INF][Config] Merged fragment from: Core:UI/command_deck_profiles.json
[INF][Config] Merged fragment from: Core:UI/production_overview_profiles.json
[INF][Config] Merged fragment from: Core:AI/behavior_trees.json
[INF][Config] Merged fragment from: Core:AI/hfsm.json
[INF][Config] Merged fragment from: Core:Presentation/semantic_maps.json
[INF][Config] Merged fragment from: Core:Presentation/image_assets.json
[INF][Config] Merged fragment from: Core:Camera/virtual_cameras.json
[INF][Config] Merged fragment from: Core:Story/lines.json
[INF][Config] Merged fragment from: Core:Story/presentation_profiles.json
[INF][Config] Merged fragment from: Core:Story/speakers.json
[INF][Config] Merged fragment from: Core:Dialogue/dialogues.json
[INF][Config] Merged fragment from: Core:Sequencer/sequences.json
[INF][ModLoader] No registration conflicts detected.
[INF][Config] Merged fragment from: Core:config_catalog.json
[INF][Config] Merged fragment from: CaseESelectionMod:assets/config_catalog.json
[INF][Config] Merged fragment from: Core:Input/default_input.json
[INF][Config] Merged fragment from: CaseESelectionMod:assets/Input/default_input.json
[INF][Engine] Firing GameStart event...
[LudotsCoreMod] Core systems installed
[INF][Engine] Loading Map: case_e_selection_10k_field
[INF][Map] Loading Map: case_e_selection_10k_field
[INF][Config] Merged fragment from: CaseESelectionMod:assets/Maps/case_e_selection_10k_field.json
[INF][Map] Map 'case_e_selection_10k_field' loaded.
[INF][Map] Map 'case_e_selection_10k_field' pushed to focus (stack depth=1).
[INF][Config] Merged fragment from: Core:Navigation/pathing.json
[INF][Engine] Pathing bootstrap skipped for map 'case_e_selection_10k_field': no node-graph board or navmesh query service is loaded.
[INF][Engine] Creating Entities from MapConfig...
[WRN][Engine] Duplicate registration for trigger type TriggerGraphMountTrigger. Keeping original.
[WRN][Engine] Duplicate registration for trigger type TriggerGraphResumeTrigger. Keeping original.
[INF][Engine] Registered 4 triggers for map 'case_e_selection_10k_field'.
[INF][Engine] Applied DefaultCamera: yaw=0 pitch=58 dist=16000cm fov=48
[INF][Engine] Firing MapLoaded event for case_e_selection_10k_field...
[WRN][Engine] Duplicate registration for trigger type TriggerGraphMountTrigger. Keeping original.
[WRN][Engine] Duplicate registration for trigger type TriggerGraphResumeTrigger. Keeping original.
[INF][Engine] Appended 2 triggers to map 'case_e_selection_10k_field'.
[WRN][Engine] Duplicate registration for trigger type TriggerGraphMountTrigger. Keeping original.
[WRN][Engine] Duplicate registration for trigger type TriggerGraphResumeTrigger. Keeping original.
[INF][Engine] Appended 2 triggers to map 'case_e_selection_10k_field'.
[WRN][Engine] Duplicate registration for trigger type TriggerGraphMountTrigger. Keeping original.
[WRN][Engine] Duplicate registration for trigger type TriggerGraphResumeTrigger. Keeping original.
[WRN][Engine] Duplicate registration for trigger type TriggerGraphMountTrigger. Keeping original.
[WRN][Engine] Duplicate registration for trigger type TriggerGraphResumeTrigger. Keeping original.
[INF][Engine] Appended 4 triggers to map 'case_e_selection_10k_field'.
[WRN][Engine] Duplicate registration for trigger type TriggerGraphMountTrigger. Keeping original.
[WRN][Engine] Duplicate registration for trigger type TriggerGraphResumeTrigger. Keeping original.
[INF][Engine] Appended 2 triggers to map 'case_e_selection_10k_field'.
[WRN][Engine] Duplicate registration for trigger type TriggerGraphMountTrigger. Keeping original.
[WRN][Engine] Duplicate registration for trigger type TriggerGraphResumeTrigger. Keeping original.
[WRN][Engine] Duplicate registration for trigger type TriggerGraphMountTrigger. Keeping original.
[WRN][Engine] Duplicate registration for trigger type TriggerGraphResumeTrigger. Keeping original.
[INF][Engine] Appended 4 triggers to map 'case_e_selection_10k_field'.
[WRN][Engine] Duplicate registration for trigger type TriggerGraphMountTrigger. Keeping original.
[WRN][Engine] Duplicate registration for trigger type TriggerGraphResumeTrigger. Keeping original.
[INF][Engine] Appended 2 triggers to map 'case_e_selection_10k_field'.
[WRN][Engine] Duplicate registration for trigger type TriggerGraphMountTrigger. Keeping original.
[WRN][Engine] Duplicate registration for trigger type TriggerGraphResumeTrigger. Keeping original.
[WRN][Engine] Duplicate registration for trigger type TriggerGraphMountTrigger. Keeping original.
[WRN][Engine] Duplicate registration for trigger type TriggerGraphResumeTrigger. Keeping original.
[INF][Engine] Appended 4 triggers to map 'case_e_selection_10k_field'.
[WRN][Engine] Duplicate registration for trigger type TriggerGraphMountTrigger. Keeping original.
[WRN][Engine] Duplicate registration for trigger type TriggerGraphResumeTrigger. Keeping original.
[INF][Engine] Appended 2 triggers to map 'case_e_selection_10k_field'.
[INF][Engine] Unloading ModLoader contexts...
[INF][Engine] Disposing JobScheduler...

[INF][Engine] Initializing with ConfigPipeline...
[INF][Engine] Resolving mod dependencies from explicit mod paths: mods=2
[INF][ModLoader] Mod Load Order:
[INF][ModLoader] - LudotsCoreMod (P:-1000)
[INF][ModLoader] - CaseESelectionMod (P:0)
[INF][ModLoader] Resolved Mod Load Order (launcher graph):
[INF][ModLoader] - LudotsCoreMod (P:-1000)
[INF][ModLoader] - CaseESelectionMod (P:0)
[INF][ModLoader] Loading DLL for LudotsCoreMod at C:\001_AI\wt-case-e-consolidation\mods\LudotsCoreMod\bin\net9.0\LudotsCoreMod.dll
[INF][ModLoader] Scanning 2 types in assembly...
[INF][ModLoader] Instantiated entry for LudotsCoreMod. Calling OnLoad...
[INF][Mod.LudotsCoreMod] [LudotsCoreMod] Loaded - Core game framework initialized
[INF][ModLoader] LudotsCoreMod OnLoad completed.
[INF][ModLoader] Loaded LudotsCoreMod
[INF][ModLoader] Loading DLL for CaseESelectionMod at C:\001_AI\wt-case-e-consolidation\mods\showcases\case_e_selection\CaseESelectionMod\bin\net9.0\CaseESelectionMod.dll
[INF][ModLoader] Scanning 7 types in assembly...
[INF][ModLoader] Instantiated entry for CaseESelectionMod. Calling OnLoad...
[INF][ModLoader] CaseESelectionMod OnLoad completed.
[INF][ModLoader] Loaded CaseESelectionMod
[INF][Config] Merged fragment from: Core:game.json
[INF][Config] Merged fragment from: LudotsCoreMod:assets/game.json
[INF][Config] Merged fragment from: CaseESelectionMod:assets/game.json
[INF][Config] Merged fragment from: Core:config_catalog.json
[INF][Config] Merged fragment from: CaseESelectionMod:assets/config_catalog.json
[INF][Config] Merged fragment from: Core:Navigation/agent_profiles.json
[INF][Engine] Merged GameConfig: StartupMapId=case_e_selection_10k_field, DefaultCoreMod=LudotsCoreMod
[INF][Engine] Constants loaded: OrderTypeIds=4, ResponseChainOrderTypeIds=3
[INF][Engine] Initializing JobScheduler...
[INF][Config] Loading DataRegistry<EntityTemplate> from Entities/templates.json...
[INF][Config] Merged fragment from: LudotsCoreMod:assets/Entities/templates.json
[INF][Config] Merged fragment from: CaseESelectionMod:assets/Entities/templates.json
[INF][Config] Loaded 7 DataRegistry<EntityTemplate> items.
[INF][Engine] Initializing Core GAS Systems...
[INF][Config] Merged fragment from: Core:Engine/clock.json
[INF][Config] Merged fragment from: Core:Relationships/catalog.json
[INF][Config] Merged fragment from: LudotsCoreMod:assets/Relationships/catalog.json
[INF][Config] Merged fragment from: Core:Relationships/control_profiles.json
[INF][Config] Merged fragment from: Core:GAS/target_dispatch_presets.json
[INF][Config] Merged fragment from: Core:GAS/clock.json
[INF][Config] Merged fragment from: Core:Physics2D/clock.json
[INF][Config] Merged fragment from: Core:Physics2D/solver.json
[INF][Config] Merged fragment from: Core:Physics2D/kinematic.json
[INF][Config] Merged fragment from: Core:GAS/attribute_constraints.json
[INF][Config] Merged fragment from: CaseESelectionMod:assets/GAS/attribute_constraints.json
[INF][Config] Merged fragment from: Core:Enums/enums.json
[INF][Config] Merged fragment from: CaseESelectionMod:assets/Events/custom_events.json
[INF][Config] Merged fragment from: Core:Vision/fog_layers.json
[INF][Config] Merged fragment from: LudotsCoreMod:assets/Presentation/text_tokens.json
[INF][Config] Merged fragment from: LudotsCoreMod:assets/Presentation/text_tokens.json
[INF][Config] Merged fragment from: LudotsCoreMod:assets/Presentation/text_locales.json
[INF][Config] Merged fragment from: Core:GraphTables/lookup_tables.json
[INF][Config] Merged fragment from: Core:GAS/graphs.json
[INF][Config] Merged fragment from: CaseESelectionMod:assets/GAS/graphs/graph.case_e.box_begin.json
[INF][Config] Merged fragment from: CaseESelectionMod:assets/GAS/graphs/graph.case_e.box_commit.json
[INF][Config] Merged fragment from: CaseESelectionMod:assets/GAS/graphs/graph.case_e.box_hit.json
[INF][Config] Merged fragment from: CaseESelectionMod:assets/GAS/graphs/graph.case_e.box_hover_clear.json
[INF][Config] Merged fragment from: CaseESelectionMod:assets/GAS/graphs/graph.case_e.box_hover_tick.json
[INF][Config] Merged fragment from: CaseESelectionMod:assets/GAS/graphs/graph.case_e.candidates.json
[INF][Config] Merged fragment from: CaseESelectionMod:assets/GAS/graphs/graph.case_e.candidates_player2.json
[INF][Config] Merged fragment from: CaseESelectionMod:assets/GAS/graphs/graph.case_e.roster_sync.json
[INF][Config] Merged fragment from: CaseESelectionMod:assets/GAS/graphs/graph.case_e.roster_sync_player2.json
[INF][Config] Merged fragment from: CaseESelectionMod:assets/GAS/graphs/graph.case_e.selection_commit.json
[INF][Config] Merged fragment from: Core:GAS/preset_types.json
[INF][Config] Merged fragment from: Core:Exchange/operations.json
[INF][Config] Merged fragment from: Core:Progression/scopes.json
[INF][Config] Merged fragment from: Core:Progression/progressions.json
[INF][Config] Merged fragment from: Core:Progression/requirements.json
[INF][Config] Merged fragment from: LudotsCoreMod:assets/GAS/order_types.json
[INF][Config] Merged fragment from: Core:GAS/effects.json
[INF][Config] Merged fragment from: Core:GAS/func_lib.json
[INF][Config] Merged fragment from: Core:GAS/action_lib.json
[INF][Config] Merged fragment from: Core:Items/shapes.json
[INF][Config] Merged fragment from: Core:Items/layouts.json
[INF][Config] Merged fragment from: Core:Items/definitions.json
[INF][Config] Merged fragment from: Core:Exchange/operations.json
[INF][Config] Merged fragment from: Core:Panels/panel_templates.json
[INF][Config] Merged fragment from: Core:Input/filter_profiles.json
[INF][Config] Merged fragment from: Core:Presentation/lod_profiles.json
[INF][Config] Merged fragment from: Core:Presentation/particle_vfx.json
[INF][Config] Merged fragment from: LudotsCoreMod:assets/Presentation/mesh_assets.json
[INF][Config] Merged fragment from: CaseESelectionMod:assets/Presentation/mesh_assets.json
[INF][Config] Merged fragment from: LudotsCoreMod:assets/Presentation/material_assets.json
[INF][Config] Merged fragment from: LudotsCoreMod:assets/Presentation/animator_controllers.json
[INF][Config] Merged fragment from: LudotsCoreMod:assets/Presentation/animation_clips.json
[INF][Config] Merged fragment from: LudotsCoreMod:assets/Presentation/animation_profiles.json
[INF][Config] Merged fragment from: Core:Input/interaction_context_profiles.json
[INF][Config] Merged fragment from: CaseESelectionMod:assets/Input/interaction_context_profiles.json
[INF][Config] Merged fragment from: LudotsCoreMod:assets/Presentation/presenters.json
[INF][Config] Merged fragment from: CaseESelectionMod:assets/Presentation/presenters.json
[INF][Config] Merged fragment from: Core:GAS/attribute_bindings.json
[INF][Config] Merged fragment from: Core:config_catalog.json
[INF][Config] Merged fragment from: CaseESelectionMod:assets/config_catalog.json
[INF][Config] Merged fragment from: Core:Input/default_input.json
[INF][Config] Merged fragment from: CaseESelectionMod:assets/Input/default_input.json
[INF][Config] Merged fragment from: Core:Input/action_attribute_bindings.json
[INF][Config] Merged fragment from: CaseESelectionMod:assets/Input/action_attribute_bindings.json
[INF][Config] Merged fragment from: Core:Input/command_intent_profiles.json
[INF][Config] Merged fragment from: Core:Input/cast_commit_profiles.json
[INF][Config] Merged fragment from: Core:Input/cast_commit_locks.json
[INF][Config] Merged fragment from: Core:Input/cast_dispatch_profiles.json
[INF][Config] Merged fragment from: Core:Input/control_schemes.json
[INF][Config] Merged fragment from: CaseESelectionMod:assets/Input/control_schemes.json
[INF][Config] Merged fragment from: Core:Input/interaction_prefs.json
[INF][Config] Merged fragment from: Core:Input/interaction_modes.json
[INF][Config] Merged fragment from: Core:UI/ability_aggregation_profiles.json
[INF][Config] Merged fragment from: Core:UI/command_deck_profiles.json
[INF][Config] Merged fragment from: Core:UI/production_overview_profiles.json
[INF][Config] Merged fragment from: Core:AI/behavior_trees.json
[INF][Config] Merged fragment from: Core:AI/hfsm.json
[INF][Config] Merged fragment from: Core:Presentation/semantic_maps.json
[INF][Config] Merged fragment from: Core:Presentation/image_assets.json
[INF][Config] Merged fragment from: Core:Camera/virtual_cameras.json
[INF][Config] Merged fragment from: Core:Story/lines.json
[INF][Config] Merged fragment from: Core:Story/presentation_profiles.json
[INF][Config] Merged fragment from: Core:Story/speakers.json
[INF][Config] Merged fragment from: Core:Dialogue/dialogues.json
[INF][Config] Merged fragment from: Core:Sequencer/sequences.json
[INF][ModLoader] No registration conflicts detected.
[INF][Config] Merged fragment from: Core:config_catalog.json
[INF][Config] Merged fragment from: CaseESelectionMod:assets/config_catalog.json
[INF][Config] Merged fragment from: Core:Input/default_input.json
[INF][Config] Merged fragment from: CaseESelectionMod:assets/Input/default_input.json
[INF][Engine] Firing GameStart event...
[LudotsCoreMod] Core systems installed
[INF][Engine] Loading Map: case_e_selection_field
[INF][Map] Loading Map: case_e_selection_field
[INF][Config] Merged fragment from: CaseESelectionMod:assets/Maps/case_e_selection_field.json
[INF][Map] Map 'case_e_selection_field' loaded.
[INF][Map] Map 'case_e_selection_field' pushed to focus (stack depth=1).
[INF][Config] Merged fragment from: Core:Navigation/pathing.json
[INF][Engine] Pathing bootstrap skipped for map 'case_e_selection_field': no node-graph board or navmesh query service is loaded.
[INF][Engine] Creating Entities from MapConfig...
[INF][Engine] Registered 2 triggers for map 'case_e_selection_field'.
[INF][Engine] Applied DefaultCamera: yaw=0 pitch=52 dist=3400cm fov=45
[INF][Engine] Firing MapLoaded event for case_e_selection_field...
[WRN][Engine] Duplicate registration for trigger type TriggerGraphMountTrigger. Keeping original.
[WRN][Engine] Duplicate registration for trigger type TriggerGraphResumeTrigger. Keeping original.
[INF][Engine] Appended 2 triggers to map 'case_e_selection_field'.
[WRN][Engine] Duplicate registration for trigger type TriggerGraphMountTrigger. Keeping original.
[WRN][Engine] Duplicate registration for trigger type TriggerGraphResumeTrigger. Keeping original.
[WRN][Engine] Duplicate registration for trigger type TriggerGraphMountTrigger. Keeping original.
[WRN][Engine] Duplicate registration for trigger type TriggerGraphResumeTrigger. Keeping original.
[INF][Engine] Appended 4 triggers to map 'case_e_selection_field'.
[WRN][Engine] Duplicate registration for trigger type TriggerGraphMountTrigger. Keeping original.
[WRN][Engine] Duplicate registration for trigger type TriggerGraphResumeTrigger. Keeping original.
[INF][Engine] Appended 2 triggers to map 'case_e_selection_field'.
[INF][Engine] Unloading ModLoader contexts...
[INF][Engine] Disposing JobScheduler...

[INF][Engine] Initializing with ConfigPipeline...
[INF][Engine] Resolving mod dependencies from explicit mod paths: mods=2
[INF][ModLoader] Mod Load Order:
[INF][ModLoader] - LudotsCoreMod (P:-1000)
[INF][ModLoader] - CaseESelectionMod (P:0)
[INF][ModLoader] Resolved Mod Load Order (launcher graph):
[INF][ModLoader] - LudotsCoreMod (P:-1000)
[INF][ModLoader] - CaseESelectionMod (P:0)
[INF][ModLoader] Loading DLL for LudotsCoreMod at C:\001_AI\wt-case-e-consolidation\mods\LudotsCoreMod\bin\net9.0\LudotsCoreMod.dll
[INF][ModLoader] Scanning 2 types in assembly...
[INF][ModLoader] Instantiated entry for LudotsCoreMod. Calling OnLoad...
[INF][Mod.LudotsCoreMod] [LudotsCoreMod] Loaded - Core game framework initialized
[INF][ModLoader] LudotsCoreMod OnLoad completed.
[INF][ModLoader] Loaded LudotsCoreMod
[INF][ModLoader] Loading DLL for CaseESelectionMod at C:\001_AI\wt-case-e-consolidation\mods\showcases\case_e_selection\CaseESelectionMod\bin\net9.0\CaseESelectionMod.dll
[INF][ModLoader] Scanning 7 types in assembly...
[INF][ModLoader] Instantiated entry for CaseESelectionMod. Calling OnLoad...
[INF][ModLoader] CaseESelectionMod OnLoad completed.
[INF][ModLoader] Loaded CaseESelectionMod
[INF][Config] Merged fragment from: Core:game.json
[INF][Config] Merged fragment from: LudotsCoreMod:assets/game.json
[INF][Config] Merged fragment from: CaseESelectionMod:assets/game.json
[INF][Config] Merged fragment from: Core:config_catalog.json
[INF][Config] Merged fragment from: CaseESelectionMod:assets/config_catalog.json
[INF][Config] Merged fragment from: Core:Navigation/agent_profiles.json
[INF][Engine] Merged GameConfig: StartupMapId=case_e_selection_10k_field, DefaultCoreMod=LudotsCoreMod
[INF][Engine] Constants loaded: OrderTypeIds=4, ResponseChainOrderTypeIds=3
[INF][Engine] Initializing JobScheduler...
[INF][Config] Loading DataRegistry<EntityTemplate> from Entities/templates.json...
[INF][Config] Merged fragment from: LudotsCoreMod:assets/Entities/templates.json
[INF][Config] Merged fragment from: CaseESelectionMod:assets/Entities/templates.json
[INF][Config] Loaded 7 DataRegistry<EntityTemplate> items.
[INF][Engine] Initializing Core GAS Systems...
[INF][Config] Merged fragment from: Core:Engine/clock.json
[INF][Config] Merged fragment from: Core:Relationships/catalog.json
[INF][Config] Merged fragment from: LudotsCoreMod:assets/Relationships/catalog.json
[INF][Config] Merged fragment from: Core:Relationships/control_profiles.json
[INF][Config] Merged fragment from: Core:GAS/target_dispatch_presets.json
[INF][Config] Merged fragment from: Core:GAS/clock.json
[INF][Config] Merged fragment from: Core:Physics2D/clock.json
[INF][Config] Merged fragment from: Core:Physics2D/solver.json
[INF][Config] Merged fragment from: Core:Physics2D/kinematic.json
[INF][Config] Merged fragment from: Core:GAS/attribute_constraints.json
[INF][Config] Merged fragment from: CaseESelectionMod:assets/GAS/attribute_constraints.json
[INF][Config] Merged fragment from: Core:Enums/enums.json
[INF][Config] Merged fragment from: CaseESelectionMod:assets/Events/custom_events.json
[INF][Config] Merged fragment from: Core:Vision/fog_layers.json
[INF][Config] Merged fragment from: LudotsCoreMod:assets/Presentation/text_tokens.json
[INF][Config] Merged fragment from: LudotsCoreMod:assets/Presentation/text_tokens.json
[INF][Config] Merged fragment from: LudotsCoreMod:assets/Presentation/text_locales.json
[INF][Config] Merged fragment from: Core:GraphTables/lookup_tables.json
[INF][Config] Merged fragment from: Core:GAS/graphs.json
[INF][Config] Merged fragment from: CaseESelectionMod:assets/GAS/graphs/graph.case_e.box_begin.json
[INF][Config] Merged fragment from: CaseESelectionMod:assets/GAS/graphs/graph.case_e.box_commit.json
[INF][Config] Merged fragment from: CaseESelectionMod:assets/GAS/graphs/graph.case_e.box_hit.json
[INF][Config] Merged fragment from: CaseESelectionMod:assets/GAS/graphs/graph.case_e.box_hover_clear.json
[INF][Config] Merged fragment from: CaseESelectionMod:assets/GAS/graphs/graph.case_e.box_hover_tick.json
[INF][Config] Merged fragment from: CaseESelectionMod:assets/GAS/graphs/graph.case_e.candidates.json
[INF][Config] Merged fragment from: CaseESelectionMod:assets/GAS/graphs/graph.case_e.candidates_player2.json
[INF][Config] Merged fragment from: CaseESelectionMod:assets/GAS/graphs/graph.case_e.roster_sync.json
[INF][Config] Merged fragment from: CaseESelectionMod:assets/GAS/graphs/graph.case_e.roster_sync_player2.json
[INF][Config] Merged fragment from: CaseESelectionMod:assets/GAS/graphs/graph.case_e.selection_commit.json
[INF][Config] Merged fragment from: Core:GAS/preset_types.json
[INF][Config] Merged fragment from: Core:Exchange/operations.json
[INF][Config] Merged fragment from: Core:Progression/scopes.json
[INF][Config] Merged fragment from: Core:Progression/progressions.json
[INF][Config] Merged fragment from: Core:Progression/requirements.json
[INF][Config] Merged fragment from: LudotsCoreMod:assets/GAS/order_types.json
[INF][Config] Merged fragment from: Core:GAS/effects.json
[INF][Config] Merged fragment from: Core:GAS/func_lib.json
[INF][Config] Merged fragment from: Core:GAS/action_lib.json
[INF][Config] Merged fragment from: Core:Items/shapes.json
[INF][Config] Merged fragment from: Core:Items/layouts.json
[INF][Config] Merged fragment from: Core:Items/definitions.json
[INF][Config] Merged fragment from: Core:Exchange/operations.json
[INF][Config] Merged fragment from: Core:Panels/panel_templates.json
[INF][Config] Merged fragment from: Core:Input/filter_profiles.json
[INF][Config] Merged fragment from: Core:Presentation/lod_profiles.json
[INF][Config] Merged fragment from: Core:Presentation/particle_vfx.json
[INF][Config] Merged fragment from: LudotsCoreMod:assets/Presentation/mesh_assets.json
[INF][Config] Merged fragment from: CaseESelectionMod:assets/Presentation/mesh_assets.json
[INF][Config] Merged fragment from: LudotsCoreMod:assets/Presentation/material_assets.json
[INF][Config] Merged fragment from: LudotsCoreMod:assets/Presentation/animator_controllers.json
[INF][Config] Merged fragment from: LudotsCoreMod:assets/Presentation/animation_clips.json
[INF][Config] Merged fragment from: LudotsCoreMod:assets/Presentation/animation_profiles.json
[INF][Config] Merged fragment from: Core:Input/interaction_context_profiles.json
[INF][Config] Merged fragment from: CaseESelectionMod:assets/Input/interaction_context_profiles.json
[INF][Config] Merged fragment from: LudotsCoreMod:assets/Presentation/presenters.json
[INF][Config] Merged fragment from: CaseESelectionMod:assets/Presentation/presenters.json
[INF][Config] Merged fragment from: Core:GAS/attribute_bindings.json
[INF][Config] Merged fragment from: Core:config_catalog.json
[INF][Config] Merged fragment from: CaseESelectionMod:assets/config_catalog.json
[INF][Config] Merged fragment from: Core:Input/default_input.json
[INF][Config] Merged fragment from: CaseESelectionMod:assets/Input/default_input.json
[INF][Config] Merged fragment from: Core:Input/action_attribute_bindings.json
[INF][Config] Merged fragment from: CaseESelectionMod:assets/Input/action_attribute_bindings.json
[INF][Config] Merged fragment from: Core:Input/command_intent_profiles.json
[INF][Config] Merged fragment from: Core:Input/cast_commit_profiles.json
[INF][Config] Merged fragment from: Core:Input/cast_commit_locks.json
[INF][Config] Merged fragment from: Core:Input/cast_dispatch_profiles.json
[INF][Config] Merged fragment from: Core:Input/control_schemes.json
[INF][Config] Merged fragment from: CaseESelectionMod:assets/Input/control_schemes.json
[INF][Config] Merged fragment from: Core:Input/interaction_prefs.json
[INF][Config] Merged fragment from: Core:Input/interaction_modes.json
[INF][Config] Merged fragment from: Core:UI/ability_aggregation_profiles.json
[INF][Config] Merged fragment from: Core:UI/command_deck_profiles.json
[INF][Config] Merged fragment from: Core:UI/production_overview_profiles.json
[INF][Config] Merged fragment from: Core:AI/behavior_trees.json
[INF][Config] Merged fragment from: Core:AI/hfsm.json
[INF][Config] Merged fragment from: Core:Presentation/semantic_maps.json
[INF][Config] Merged fragment from: Core:Presentation/image_assets.json
[INF][Config] Merged fragment from: Core:Camera/virtual_cameras.json
[INF][Config] Merged fragment from: Core:Story/lines.json
[INF][Config] Merged fragment from: Core:Story/presentation_profiles.json
[INF][Config] Merged fragment from: Core:Story/speakers.json
[INF][Config] Merged fragment from: Core:Dialogue/dialogues.json
[INF][Config] Merged fragment from: Core:Sequencer/sequences.json
[INF][ModLoader] No registration conflicts detected.
[INF][Config] Merged fragment from: Core:config_catalog.json
[INF][Config] Merged fragment from: CaseESelectionMod:assets/config_catalog.json
[INF][Config] Merged fragment from: Core:Input/default_input.json
[INF][Config] Merged fragment from: CaseESelectionMod:assets/Input/default_input.json
[INF][Engine] Firing GameStart event...
[LudotsCoreMod] Core systems installed
[INF][Engine] Loading Map: case_e_selection_field
[INF][Map] Loading Map: case_e_selection_field
[INF][Config] Merged fragment from: CaseESelectionMod:assets/Maps/case_e_selection_field.json
[INF][Map] Map 'case_e_selection_field' loaded.
[INF][Map] Map 'case_e_selection_field' pushed to focus (stack depth=1).
[INF][Config] Merged fragment from: Core:Navigation/pathing.json
[INF][Engine] Pathing bootstrap skipped for map 'case_e_selection_field': no node-graph board or navmesh query service is loaded.
[INF][Engine] Creating Entities from MapConfig...
[INF][Engine] Registered 2 triggers for map 'case_e_selection_field'.
[INF][Engine] Applied DefaultCamera: yaw=0 pitch=52 dist=3400cm fov=45
[INF][Engine] Firing MapLoaded event for case_e_selection_field...
[WRN][Engine] Duplicate registration for trigger type TriggerGraphMountTrigger. Keeping original.
[WRN][Engine] Duplicate registration for trigger type TriggerGraphResumeTrigger. Keeping original.
[INF][Engine] Appended 2 triggers to map 'case_e_selection_field'.
[WRN][Engine] Duplicate registration for trigger type TriggerGraphMountTrigger. Keeping original.
[WRN][Engine] Duplicate registration for trigger type TriggerGraphResumeTrigger. Keeping original.
[WRN][Engine] Duplicate registration for trigger type TriggerGraphMountTrigger. Keeping original.
[WRN][Engine] Duplicate registration for trigger type TriggerGraphResumeTrigger. Keeping original.
[INF][Engine] Appended 4 triggers to map 'case_e_selection_field'.
[WRN][Engine] Duplicate registration for trigger type TriggerGraphMountTrigger. Keeping original.
[WRN][Engine] Duplicate registration for trigger type TriggerGraphResumeTrigger. Keeping original.
[INF][Engine] Appended 2 triggers to map 'case_e_selection_field'.
[WRN][Engine] Duplicate registration for trigger type TriggerGraphMountTrigger. Keeping original.
[WRN][Engine] Duplicate registration for trigger type TriggerGraphResumeTrigger. Keeping original.
[WRN][Engine] Duplicate registration for trigger type TriggerGraphMountTrigger. Keeping original.
[WRN][Engine] Duplicate registration for trigger type TriggerGraphResumeTrigger. Keeping original.
[INF][Engine] Appended 4 triggers to map 'case_e_selection_field'.
[WRN][Engine] Duplicate registration for trigger type TriggerGraphMountTrigger. Keeping original.
[WRN][Engine] Duplicate registration for trigger type TriggerGraphResumeTrigger. Keeping original.
[INF][Engine] Appended 2 triggers to map 'case_e_selection_field'.
[WRN][Engine] Duplicate registration for trigger type TriggerGraphMountTrigger. Keeping original.
[WRN][Engine] Duplicate registration for trigger type TriggerGraphResumeTrigger. Keeping original.
[WRN][Engine] Duplicate registration for trigger type TriggerGraphMountTrigger. Keeping original.
[WRN][Engine] Duplicate registration for trigger type TriggerGraphResumeTrigger. Keeping original.
[INF][Engine] Appended 4 triggers to map 'case_e_selection_field'.
[WRN][Engine] Duplicate registration for trigger type TriggerGraphMountTrigger. Keeping original.
[WRN][Engine] Duplicate registration for trigger type TriggerGraphResumeTrigger. Keeping original.
[INF][Engine] Appended 2 triggers to map 'case_e_selection_field'.
[WRN][Engine] Duplicate registration for trigger type TriggerGraphMountTrigger. Keeping original.
[WRN][Engine] Duplicate registration for trigger type TriggerGraphResumeTrigger. Keeping original.
[WRN][Engine] Duplicate registration for trigger type TriggerGraphMountTrigger. Keeping original.
[WRN][Engine] Duplicate registration for trigger type TriggerGraphResumeTrigger. Keeping original.
[INF][Engine] Appended 4 triggers to map 'case_e_selection_field'.
[WRN][Engine] Duplicate registration for trigger type TriggerGraphMountTrigger. Keeping original.
[WRN][Engine] Duplicate registration for trigger type TriggerGraphResumeTrigger. Keeping original.
[INF][Engine] Appended 2 triggers to map 'case_e_selection_field'.
[WRN][Engine] Duplicate registration for trigger type TriggerGraphMountTrigger. Keeping original.
[WRN][Engine] Duplicate registration for trigger type TriggerGraphResumeTrigger. Keeping original.
[WRN][Engine] Duplicate registration for trigger type TriggerGraphMountTrigger. Keeping original.
[WRN][Engine] Duplicate registration for trigger type TriggerGraphResumeTrigger. Keeping original.
[INF][Engine] Appended 4 triggers to map 'case_e_selection_field'.
[WRN][Engine] Duplicate registration for trigger type TriggerGraphMountTrigger. Keeping original.
[WRN][Engine] Duplicate registration for trigger type TriggerGraphResumeTrigger. Keeping original.
[INF][Engine] Appended 2 triggers to map 'case_e_selection_field'.
[INF][Engine] Unloading ModLoader contexts...
[INF][Engine] Disposing JobScheduler...

  已通过 TenKShowcase_SpawnsIntoTheFinalTeamAndSupportsBothPlayers [1 s]
  已通过 BoxSelect_SettlesSelectedSameTickAsDeactivateContext_NoRepeat [303 ms]
  已通过 BoxSelectFullChain_SpawnContextTriggerPresenterRectHitRosterAndModifierSemantics [248 ms]
[INF][Engine] Initializing with ConfigPipeline...
[INF][Engine] Resolving mod dependencies from explicit mod paths: mods=2
[INF][ModLoader] Mod Load Order:
[INF][ModLoader] - LudotsCoreMod (P:-1000)
[INF][ModLoader] - CaseESelectionMod (P:0)
[INF][ModLoader] Resolved Mod Load Order (launcher graph):
[INF][ModLoader] - LudotsCoreMod (P:-1000)
[INF][ModLoader] - CaseESelectionMod (P:0)
[INF][ModLoader] Loading DLL for LudotsCoreMod at C:\001_AI\wt-case-e-consolidation\mods\LudotsCoreMod\bin\net9.0\LudotsCoreMod.dll
[INF][ModLoader] Scanning 2 types in assembly...
[INF][ModLoader] Instantiated entry for LudotsCoreMod. Calling OnLoad...
[INF][Mod.LudotsCoreMod] [LudotsCoreMod] Loaded - Core game framework initialized
[INF][ModLoader] LudotsCoreMod OnLoad completed.
[INF][ModLoader] Loaded LudotsCoreMod
[INF][ModLoader] Loading DLL for CaseESelectionMod at C:\001_AI\wt-case-e-consolidation\mods\showcases\case_e_selection\CaseESelectionMod\bin\net9.0\CaseESelectionMod.dll
[INF][ModLoader] Scanning 7 types in assembly...
[INF][ModLoader] Instantiated entry for CaseESelectionMod. Calling OnLoad...
[INF][ModLoader] CaseESelectionMod OnLoad completed.
[INF][ModLoader] Loaded CaseESelectionMod
[INF][Config] Merged fragment from: Core:game.json
[INF][Config] Merged fragment from: LudotsCoreMod:assets/game.json
[INF][Config] Merged fragment from: CaseESelectionMod:assets/game.json
[INF][Config] Merged fragment from: Core:config_catalog.json
[INF][Config] Merged fragment from: CaseESelectionMod:assets/config_catalog.json
[INF][Config] Merged fragment from: Core:Navigation/agent_profiles.json
[INF][Engine] Merged GameConfig: StartupMapId=case_e_selection_10k_field, DefaultCoreMod=LudotsCoreMod
[INF][Engine] Constants loaded: OrderTypeIds=4, ResponseChainOrderTypeIds=3
[INF][Engine] Initializing JobScheduler...
[INF][Config] Loading DataRegistry<EntityTemplate> from Entities/templates.json...
[INF][Config] Merged fragment from: LudotsCoreMod:assets/Entities/templates.json
[INF][Config] Merged fragment from: CaseESelectionMod:assets/Entities/templates.json
[INF][Config] Loaded 7 DataRegistry<EntityTemplate> items.
[INF][Engine] Initializing Core GAS Systems...
[INF][Config] Merged fragment from: Core:Engine/clock.json
[INF][Config] Merged fragment from: Core:Relationships/catalog.json
[INF][Config] Merged fragment from: LudotsCoreMod:assets/Relationships/catalog.json
[INF][Config] Merged fragment from: Core:Relationships/control_profiles.json
[INF][Config] Merged fragment from: Core:GAS/target_dispatch_presets.json
[INF][Config] Merged fragment from: Core:GAS/clock.json
[INF][Config] Merged fragment from: Core:Physics2D/clock.json
[INF][Config] Merged fragment from: Core:Physics2D/solver.json
[INF][Config] Merged fragment from: Core:Physics2D/kinematic.json
[INF][Config] Merged fragment from: Core:GAS/attribute_constraints.json
[INF][Config] Merged fragment from: CaseESelectionMod:assets/GAS/attribute_constraints.json
[INF][Config] Merged fragment from: Core:Enums/enums.json
[INF][Config] Merged fragment from: CaseESelectionMod:assets/Events/custom_events.json
[INF][Config] Merged fragment from: Core:Vision/fog_layers.json
[INF][Config] Merged fragment from: LudotsCoreMod:assets/Presentation/text_tokens.json
[INF][Config] Merged fragment from: LudotsCoreMod:assets/Presentation/text_tokens.json
[INF][Config] Merged fragment from: LudotsCoreMod:assets/Presentation/text_locales.json
[INF][Config] Merged fragment from: Core:GraphTables/lookup_tables.json
[INF][Config] Merged fragment from: Core:GAS/graphs.json
[INF][Config] Merged fragment from: CaseESelectionMod:assets/GAS/graphs/graph.case_e.box_begin.json
[INF][Config] Merged fragment from: CaseESelectionMod:assets/GAS/graphs/graph.case_e.box_commit.json
[INF][Config] Merged fragment from: CaseESelectionMod:assets/GAS/graphs/graph.case_e.box_hit.json
[INF][Config] Merged fragment from: CaseESelectionMod:assets/GAS/graphs/graph.case_e.box_hover_clear.json
[INF][Config] Merged fragment from: CaseESelectionMod:assets/GAS/graphs/graph.case_e.box_hover_tick.json
[INF][Config] Merged fragment from: CaseESelectionMod:assets/GAS/graphs/graph.case_e.candidates.json
[INF][Config] Merged fragment from: CaseESelectionMod:assets/GAS/graphs/graph.case_e.candidates_player2.json
[INF][Config] Merged fragment from: CaseESelectionMod:assets/GAS/graphs/graph.case_e.roster_sync.json
[INF][Config] Merged fragment from: CaseESelectionMod:assets/GAS/graphs/graph.case_e.roster_sync_player2.json
[INF][Config] Merged fragment from: CaseESelectionMod:assets/GAS/graphs/graph.case_e.selection_commit.json
[INF][Config] Merged fragment from: Core:GAS/preset_types.json
[INF][Config] Merged fragment from: Core:Exchange/operations.json
[INF][Config] Merged fragment from: Core:Progression/scopes.json
[INF][Config] Merged fragment from: Core:Progression/progressions.json
[INF][Config] Merged fragment from: Core:Progression/requirements.json
[INF][Config] Merged fragment from: LudotsCoreMod:assets/GAS/order_types.json
[INF][Config] Merged fragment from: Core:GAS/effects.json
[INF][Config] Merged fragment from: Core:GAS/func_lib.json
[INF][Config] Merged fragment from: Core:GAS/action_lib.json
[INF][Config] Merged fragment from: Core:Items/shapes.json
[INF][Config] Merged fragment from: Core:Items/layouts.json
[INF][Config] Merged fragment from: Core:Items/definitions.json
[INF][Config] Merged fragment from: Core:Exchange/operations.json
[INF][Config] Merged fragment from: Core:Panels/panel_templates.json
[INF][Config] Merged fragment from: Core:Input/filter_profiles.json
[INF][Config] Merged fragment from: Core:Presentation/lod_profiles.json
[INF][Config] Merged fragment from: Core:Presentation/particle_vfx.json
[INF][Config] Merged fragment from: LudotsCoreMod:assets/Presentation/mesh_assets.json
[INF][Config] Merged fragment from: CaseESelectionMod:assets/Presentation/mesh_assets.json
[INF][Config] Merged fragment from: LudotsCoreMod:assets/Presentation/material_assets.json
[INF][Config] Merged fragment from: LudotsCoreMod:assets/Presentation/animator_controllers.json
[INF][Config] Merged fragment from: LudotsCoreMod:assets/Presentation/animation_clips.json
[INF][Config] Merged fragment from: LudotsCoreMod:assets/Presentation/animation_profiles.json
[INF][Config] Merged fragment from: Core:Input/interaction_context_profiles.json
[INF][Config] Merged fragment from: CaseESelectionMod:assets/Input/interaction_context_profiles.json
[INF][Config] Merged fragment from: LudotsCoreMod:assets/Presentation/presenters.json
[INF][Config] Merged fragment from: CaseESelectionMod:assets/Presentation/presenters.json
[INF][Config] Merged fragment from: Core:GAS/attribute_bindings.json
[INF][Config] Merged fragment from: Core:config_catalog.json
[INF][Config] Merged fragment from: CaseESelectionMod:assets/config_catalog.json
[INF][Config] Merged fragment from: Core:Input/default_input.json
[INF][Config] Merged fragment from: CaseESelectionMod:assets/Input/default_input.json
[INF][Config] Merged fragment from: Core:Input/action_attribute_bindings.json
[INF][Config] Merged fragment from: CaseESelectionMod:assets/Input/action_attribute_bindings.json
[INF][Config] Merged fragment from: Core:Input/command_intent_profiles.json
[INF][Config] Merged fragment from: Core:Input/cast_commit_profiles.json
[INF][Config] Merged fragment from: Core:Input/cast_commit_locks.json
[INF][Config] Merged fragment from: Core:Input/cast_dispatch_profiles.json
[INF][Config] Merged fragment from: Core:Input/control_schemes.json
[INF][Config] Merged fragment from: CaseESelectionMod:assets/Input/control_schemes.json
[INF][Config] Merged fragment from: Core:Input/interaction_prefs.json
[INF][Config] Merged fragment from: Core:Input/interaction_modes.json
[INF][Config] Merged fragment from: Core:UI/ability_aggregation_profiles.json
[INF][Config] Merged fragment from: Core:UI/command_deck_profiles.json
[INF][Config] Merged fragment from: Core:UI/production_overview_profiles.json
[INF][Config] Merged fragment from: Core:AI/behavior_trees.json
[INF][Config] Merged fragment from: Core:AI/hfsm.json
[INF][Config] Merged fragment from: Core:Presentation/semantic_maps.json
[INF][Config] Merged fragment from: Core:Presentation/image_assets.json
[INF][Config] Merged fragment from: Core:Camera/virtual_cameras.json
[INF][Config] Merged fragment from: Core:Story/lines.json
[INF][Config] Merged fragment from: Core:Story/presentation_profiles.json
[INF][Config] Merged fragment from: Core:Story/speakers.json
[INF][Config] Merged fragment from: Core:Dialogue/dialogues.json
[INF][Config] Merged fragment from: Core:Sequencer/sequences.json
[INF][ModLoader] No registration conflicts detected.
[INF][Config] Merged fragment from: Core:config_catalog.json
[INF][Config] Merged fragment from: CaseESelectionMod:assets/config_catalog.json
[INF][Config] Merged fragment from: Core:Input/default_input.json
[INF][Config] Merged fragment from: CaseESelectionMod:assets/Input/default_input.json
[INF][Engine] Firing GameStart event...
[LudotsCoreMod] Core systems installed
[INF][Engine] Loading Map: case_e_selection_field
[INF][Map] Loading Map: case_e_selection_field
[INF][Config] Merged fragment from: CaseESelectionMod:assets/Maps/case_e_selection_field.json
[INF][Map] Map 'case_e_selection_field' loaded.
[INF][Map] Map 'case_e_selection_field' pushed to focus (stack depth=1).
[INF][Config] Merged fragment from: Core:Navigation/pathing.json
[INF][Engine] Pathing bootstrap skipped for map 'case_e_selection_field': no node-graph board or navmesh query service is loaded.
[INF][Engine] Creating Entities from MapConfig...
[INF][Engine] Registered 2 triggers for map 'case_e_selection_field'.
[INF][Engine] Applied DefaultCamera: yaw=0 pitch=52 dist=3400cm fov=45
[INF][Engine] Firing MapLoaded event for case_e_selection_field...
[WRN][Engine] Duplicate registration for trigger type TriggerGraphMountTrigger. Keeping original.
[WRN][Engine] Duplicate registration for trigger type TriggerGraphResumeTrigger. Keeping original.
[INF][Engine] Appended 2 triggers to map 'case_e_selection_field'.
[WRN][Engine] Duplicate registration for trigger type TriggerGraphMountTrigger. Keeping original.
[WRN][Engine] Duplicate registration for trigger type TriggerGraphResumeTrigger. Keeping original.
[WRN][Engine] Duplicate registration for trigger type TriggerGraphMountTrigger. Keeping original.
[WRN][Engine] Duplicate registration for trigger type TriggerGraphResumeTrigger. Keeping original.
[INF][Engine] Appended 4 triggers to map 'case_e_selection_field'.
[WRN][Engine] Duplicate registration for trigger type TriggerGraphMountTrigger. Keeping original.
[WRN][Engine] Duplicate registration for trigger type TriggerGraphResumeTrigger. Keeping original.
[INF][Engine] Appended 2 triggers to map 'case_e_selection_field'.
[INF][Engine] Unloading ModLoader contexts...
[INF][Engine] Disposing JobScheduler...

[INF][Engine] Initializing with ConfigPipeline...
[INF][Engine] Resolving mod dependencies from explicit mod paths: mods=2
[INF][ModLoader] Mod Load Order:
[INF][ModLoader] - LudotsCoreMod (P:-1000)
[INF][ModLoader] - CaseESelectionMod (P:0)
[INF][ModLoader] Resolved Mod Load Order (launcher graph):
[INF][ModLoader] - LudotsCoreMod (P:-1000)
[INF][ModLoader] - CaseESelectionMod (P:0)
[INF][ModLoader] Loading DLL for LudotsCoreMod at C:\001_AI\wt-case-e-consolidation\mods\LudotsCoreMod\bin\net9.0\LudotsCoreMod.dll
[INF][ModLoader] Scanning 2 types in assembly...
[INF][ModLoader] Instantiated entry for LudotsCoreMod. Calling OnLoad...
[INF][Mod.LudotsCoreMod] [LudotsCoreMod] Loaded - Core game framework initialized
[INF][ModLoader] LudotsCoreMod OnLoad completed.
[INF][ModLoader] Loaded LudotsCoreMod
[INF][ModLoader] Loading DLL for CaseESelectionMod at C:\001_AI\wt-case-e-consolidation\mods\showcases\case_e_selection\CaseESelectionMod\bin\net9.0\CaseESelectionMod.dll
[INF][ModLoader] Scanning 7 types in assembly...
[INF][ModLoader] Instantiated entry for CaseESelectionMod. Calling OnLoad...
[INF][ModLoader] CaseESelectionMod OnLoad completed.
[INF][ModLoader] Loaded CaseESelectionMod
[INF][Config] Merged fragment from: Core:game.json
[INF][Config] Merged fragment from: LudotsCoreMod:assets/game.json
[INF][Config] Merged fragment from: CaseESelectionMod:assets/game.json
[INF][Config] Merged fragment from: Core:config_catalog.json
[INF][Config] Merged fragment from: CaseESelectionMod:assets/config_catalog.json
[INF][Config] Merged fragment from: Core:Navigation/agent_profiles.json
[INF][Engine] Merged GameConfig: StartupMapId=case_e_selection_10k_field, DefaultCoreMod=LudotsCoreMod
[INF][Engine] Constants loaded: OrderTypeIds=4, ResponseChainOrderTypeIds=3
[INF][Engine] Initializing JobScheduler...
[INF][Config] Loading DataRegistry<EntityTemplate> from Entities/templates.json...
[INF][Config] Merged fragment from: LudotsCoreMod:assets/Entities/templates.json
[INF][Config] Merged fragment from: CaseESelectionMod:assets/Entities/templates.json
[INF][Config] Loaded 7 DataRegistry<EntityTemplate> items.
[INF][Engine] Initializing Core GAS Systems...
[INF][Config] Merged fragment from: Core:Engine/clock.json
[INF][Config] Merged fragment from: Core:Relationships/catalog.json
[INF][Config] Merged fragment from: LudotsCoreMod:assets/Relationships/catalog.json
[INF][Config] Merged fragment from: Core:Relationships/control_profiles.json
[INF][Config] Merged fragment from: Core:GAS/target_dispatch_presets.json
[INF][Config] Merged fragment from: Core:GAS/clock.json
[INF][Config] Merged fragment from: Core:Physics2D/clock.json
[INF][Config] Merged fragment from: Core:Physics2D/solver.json
[INF][Config] Merged fragment from: Core:Physics2D/kinematic.json
[INF][Config] Merged fragment from: Core:GAS/attribute_constraints.json
[INF][Config] Merged fragment from: CaseESelectionMod:assets/GAS/attribute_constraints.json
[INF][Config] Merged fragment from: Core:Enums/enums.json
[INF][Config] Merged fragment from: CaseESelectionMod:assets/Events/custom_events.json
[INF][Config] Merged fragment from: Core:Vision/fog_layers.json
[INF][Config] Merged fragment from: LudotsCoreMod:assets/Presentation/text_tokens.json
[INF][Config] Merged fragment from: LudotsCoreMod:assets/Presentation/text_tokens.json
[INF][Config] Merged fragment from: LudotsCoreMod:assets/Presentation/text_locales.json
[INF][Config] Merged fragment from: Core:GraphTables/lookup_tables.json
[INF][Config] Merged fragment from: Core:GAS/graphs.json
[INF][Config] Merged fragment from: CaseESelectionMod:assets/GAS/graphs/graph.case_e.box_begin.json
[INF][Config] Merged fragment from: CaseESelectionMod:assets/GAS/graphs/graph.case_e.box_commit.json
[INF][Config] Merged fragment from: CaseESelectionMod:assets/GAS/graphs/graph.case_e.box_hit.json
[INF][Config] Merged fragment from: CaseESelectionMod:assets/GAS/graphs/graph.case_e.box_hover_clear.json
[INF][Config] Merged fragment from: CaseESelectionMod:assets/GAS/graphs/graph.case_e.box_hover_tick.json
[INF][Config] Merged fragment from: CaseESelectionMod:assets/GAS/graphs/graph.case_e.candidates.json
[INF][Config] Merged fragment from: CaseESelectionMod:assets/GAS/graphs/graph.case_e.candidates_player2.json
[INF][Config] Merged fragment from: CaseESelectionMod:assets/GAS/graphs/graph.case_e.roster_sync.json
[INF][Config] Merged fragment from: CaseESelectionMod:assets/GAS/graphs/graph.case_e.roster_sync_player2.json
[INF][Config] Merged fragment from: CaseESelectionMod:assets/GAS/graphs/graph.case_e.selection_commit.json
[INF][Config] Merged fragment from: Core:GAS/preset_types.json
[INF][Config] Merged fragment from: Core:Exchange/operations.json
[INF][Config] Merged fragment from: Core:Progression/scopes.json
[INF][Config] Merged fragment from: Core:Progression/progressions.json
[INF][Config] Merged fragment from: Core:Progression/requirements.json
[INF][Config] Merged fragment from: LudotsCoreMod:assets/GAS/order_types.json
[INF][Config] Merged fragment from: Core:GAS/effects.json
[INF][Config] Merged fragment from: Core:GAS/func_lib.json
[INF][Config] Merged fragment from: Core:GAS/action_lib.json
[INF][Config] Merged fragment from: Core:Items/shapes.json
[INF][Config] Merged fragment from: Core:Items/layouts.json
[INF][Config] Merged fragment from: Core:Items/definitions.json
[INF][Config] Merged fragment from: Core:Exchange/operations.json
[INF][Config] Merged fragment from: Core:Panels/panel_templates.json
[INF][Config] Merged fragment from: Core:Input/filter_profiles.json
[INF][Config] Merged fragment from: Core:Presentation/lod_profiles.json
[INF][Config] Merged fragment from: Core:Presentation/particle_vfx.json
[INF][Config] Merged fragment from: LudotsCoreMod:assets/Presentation/mesh_assets.json
[INF][Config] Merged fragment from: CaseESelectionMod:assets/Presentation/mesh_assets.json
[INF][Config] Merged fragment from: LudotsCoreMod:assets/Presentation/material_assets.json
[INF][Config] Merged fragment from: LudotsCoreMod:assets/Presentation/animator_controllers.json
[INF][Config] Merged fragment from: LudotsCoreMod:assets/Presentation/animation_clips.json
[INF][Config] Merged fragment from: LudotsCoreMod:assets/Presentation/animation_profiles.json
[INF][Config] Merged fragment from: Core:Input/interaction_context_profiles.json
[INF][Config] Merged fragment from: CaseESelectionMod:assets/Input/interaction_context_profiles.json
[INF][Config] Merged fragment from: LudotsCoreMod:assets/Presentation/presenters.json
[INF][Config] Merged fragment from: CaseESelectionMod:assets/Presentation/presenters.json
[INF][Config] Merged fragment from: Core:GAS/attribute_bindings.json
[INF][Config] Merged fragment from: Core:config_catalog.json
[INF][Config] Merged fragment from: CaseESelectionMod:assets/config_catalog.json
[INF][Config] Merged fragment from: Core:Input/default_input.json
[INF][Config] Merged fragment from: CaseESelectionMod:assets/Input/default_input.json
[INF][Config] Merged fragment from: Core:Input/action_attribute_bindings.json
[INF][Config] Merged fragment from: CaseESelectionMod:assets/Input/action_attribute_bindings.json
[INF][Config] Merged fragment from: Core:Input/command_intent_profiles.json
[INF][Config] Merged fragment from: Core:Input/cast_commit_profiles.json
[INF][Config] Merged fragment from: Core:Input/cast_commit_locks.json
[INF][Config] Merged fragment from: Core:Input/cast_dispatch_profiles.json
[INF][Config] Merged fragment from: Core:Input/control_schemes.json
[INF][Config] Merged fragment from: CaseESelectionMod:assets/Input/control_schemes.json
[INF][Config] Merged fragment from: Core:Input/interaction_prefs.json
[INF][Config] Merged fragment from: Core:Input/interaction_modes.json
[INF][Config] Merged fragment from: Core:UI/ability_aggregation_profiles.json
[INF][Config] Merged fragment from: Core:UI/command_deck_profiles.json
[INF][Config] Merged fragment from: Core:UI/production_overview_profiles.json
[INF][Config] Merged fragment from: Core:AI/behavior_trees.json
[INF][Config] Merged fragment from: Core:AI/hfsm.json
[INF][Config] Merged fragment from: Core:Presentation/semantic_maps.json
[INF][Config] Merged fragment from: Core:Presentation/image_assets.json
[INF][Config] Merged fragment from: Core:Camera/virtual_cameras.json
[INF][Config] Merged fragment from: Core:Story/lines.json
[INF][Config] Merged fragment from: Core:Story/presentation_profiles.json
[INF][Config] Merged fragment from: Core:Story/speakers.json
[INF][Config] Merged fragment from: Core:Dialogue/dialogues.json
[INF][Config] Merged fragment from: Core:Sequencer/sequences.json
[INF][ModLoader] No registration conflicts detected.
[INF][Config] Merged fragment from: Core:config_catalog.json
[INF][Config] Merged fragment from: CaseESelectionMod:assets/config_catalog.json
[INF][Config] Merged fragment from: Core:Input/default_input.json
[INF][Config] Merged fragment from: CaseESelectionMod:assets/Input/default_input.json
[INF][Engine] Firing GameStart event...
[LudotsCoreMod] Core systems installed
[INF][Engine] Loading Map: case_e_selection_field
[INF][Map] Loading Map: case_e_selection_field
[INF][Config] Merged fragment from: CaseESelectionMod:assets/Maps/case_e_selection_field.json
[INF][Map] Map 'case_e_selection_field' loaded.
[INF][Map] Map 'case_e_selection_field' pushed to focus (stack depth=1).
[INF][Config] Merged fragment from: Core:Navigation/pathing.json
[INF][Engine] Pathing bootstrap skipped for map 'case_e_selection_field': no node-graph board or navmesh query service is loaded.
[INF][Engine] Creating Entities from MapConfig...
[INF][Engine] Registered 2 triggers for map 'case_e_selection_field'.
[INF][Engine] Applied DefaultCamera: yaw=0 pitch=52 dist=3400cm fov=45
[INF][Engine] Firing MapLoaded event for case_e_selection_field...
[WRN][Engine] Duplicate registration for trigger type TriggerGraphMountTrigger. Keeping original.
[WRN][Engine] Duplicate registration for trigger type TriggerGraphResumeTrigger. Keeping original.
[INF][Engine] Appended 2 triggers to map 'case_e_selection_field'.
[WRN][Engine] Duplicate registration for trigger type TriggerGraphMountTrigger. Keeping original.
[WRN][Engine] Duplicate registration for trigger type TriggerGraphResumeTrigger. Keeping original.
[WRN][Engine] Duplicate registration for trigger type TriggerGraphMountTrigger. Keeping original.
[WRN][Engine] Duplicate registration for trigger type TriggerGraphResumeTrigger. Keeping original.
[INF][Engine] Appended 4 triggers to map 'case_e_selection_field'.
[INF][Engine] Unloading ModLoader contexts...
[INF][Engine] Disposing JobScheduler...

[INF][Engine] Initializing with ConfigPipeline...
[INF][Engine] Resolving mod dependencies from explicit mod paths: mods=2
[INF][ModLoader] Mod Load Order:
[INF][ModLoader] - LudotsCoreMod (P:-1000)
[INF][ModLoader] - CaseESelectionMod (P:0)
[INF][ModLoader] Resolved Mod Load Order (launcher graph):
[INF][ModLoader] - LudotsCoreMod (P:-1000)
[INF][ModLoader] - CaseESelectionMod (P:0)
[INF][ModLoader] Loading DLL for LudotsCoreMod at C:\001_AI\wt-case-e-consolidation\mods\LudotsCoreMod\bin\net9.0\LudotsCoreMod.dll
[INF][ModLoader] Scanning 2 types in assembly...
[INF][ModLoader] Instantiated entry for LudotsCoreMod. Calling OnLoad...
[INF][Mod.LudotsCoreMod] [LudotsCoreMod] Loaded - Core game framework initialized
[INF][ModLoader] LudotsCoreMod OnLoad completed.
[INF][ModLoader] Loaded LudotsCoreMod
[INF][ModLoader] Loading DLL for CaseESelectionMod at C:\001_AI\wt-case-e-consolidation\mods\showcases\case_e_selection\CaseESelectionMod\bin\net9.0\CaseESelectionMod.dll
[INF][ModLoader] Scanning 7 types in assembly...
[INF][ModLoader] Instantiated entry for CaseESelectionMod. Calling OnLoad...
[INF][ModLoader] CaseESelectionMod OnLoad completed.
[INF][ModLoader] Loaded CaseESelectionMod
[INF][Config] Merged fragment from: Core:game.json
[INF][Config] Merged fragment from: LudotsCoreMod:assets/game.json
[INF][Config] Merged fragment from: CaseESelectionMod:assets/game.json
[INF][Config] Merged fragment from: Core:config_catalog.json
[INF][Config] Merged fragment from: CaseESelectionMod:assets/config_catalog.json
[INF][Config] Merged fragment from: Core:Navigation/agent_profiles.json
[INF][Engine] Merged GameConfig: StartupMapId=case_e_selection_10k_field, DefaultCoreMod=LudotsCoreMod
[INF][Engine] Constants loaded: OrderTypeIds=4, ResponseChainOrderTypeIds=3
[INF][Engine] Initializing JobScheduler...
[INF][Config] Loading DataRegistry<EntityTemplate> from Entities/templates.json...
[INF][Config] Merged fragment from: LudotsCoreMod:assets/Entities/templates.json
[INF][Config] Merged fragment from: CaseESelectionMod:assets/Entities/templates.json
[INF][Config] Loaded 7 DataRegistry<EntityTemplate> items.
[INF][Engine] Initializing Core GAS Systems...
[INF][Config] Merged fragment from: Core:Engine/clock.json
[INF][Config] Merged fragment from: Core:Relationships/catalog.json
[INF][Config] Merged fragment from: LudotsCoreMod:assets/Relationships/catalog.json
[INF][Config] Merged fragment from: Core:Relationships/control_profiles.json
[INF][Config] Merged fragment from: Core:GAS/target_dispatch_presets.json
[INF][Config] Merged fragment from: Core:GAS/clock.json
[INF][Config] Merged fragment from: Core:Physics2D/clock.json
[INF][Config] Merged fragment from: Core:Physics2D/solver.json
[INF][Config] Merged fragment from: Core:Physics2D/kinematic.json
[INF][Config] Merged fragment from: Core:GAS/attribute_constraints.json
[INF][Config] Merged fragment from: CaseESelectionMod:assets/GAS/attribute_constraints.json
[INF][Config] Merged fragment from: Core:Enums/enums.json
[INF][Config] Merged fragment from: CaseESelectionMod:assets/Events/custom_events.json
[INF][Config] Merged fragment from: Core:Vision/fog_layers.json
[INF][Config] Merged fragment from: LudotsCoreMod:assets/Presentation/text_tokens.json
[INF][Config] Merged fragment from: LudotsCoreMod:assets/Presentation/text_tokens.json
[INF][Config] Merged fragment from: LudotsCoreMod:assets/Presentation/text_locales.json
[INF][Config] Merged fragment from: Core:GraphTables/lookup_tables.json
[INF][Config] Merged fragment from: Core:GAS/graphs.json
[INF][Config] Merged fragment from: CaseESelectionMod:assets/GAS/graphs/graph.case_e.box_begin.json
[INF][Config] Merged fragment from: CaseESelectionMod:assets/GAS/graphs/graph.case_e.box_commit.json
[INF][Config] Merged fragment from: CaseESelectionMod:assets/GAS/graphs/graph.case_e.box_hit.json
[INF][Config] Merged fragment from: CaseESelectionMod:assets/GAS/graphs/graph.case_e.box_hover_clear.json
[INF][Config] Merged fragment from: CaseESelectionMod:assets/GAS/graphs/graph.case_e.box_hover_tick.json
[INF][Config] Merged fragment from: CaseESelectionMod:assets/GAS/graphs/graph.case_e.candidates.json
[INF][Config] Merged fragment from: CaseESelectionMod:assets/GAS/graphs/graph.case_e.candidates_player2.json
[INF][Config] Merged fragment from: CaseESelectionMod:assets/GAS/graphs/graph.case_e.roster_sync.json
[INF][Config] Merged fragment from: CaseESelectionMod:assets/GAS/graphs/graph.case_e.roster_sync_player2.json
[INF][Config] Merged fragment from: CaseESelectionMod:assets/GAS/graphs/graph.case_e.selection_commit.json
[INF][Config] Merged fragment from: Core:GAS/preset_types.json
[INF][Config] Merged fragment from: Core:Exchange/operations.json
[INF][Config] Merged fragment from: Core:Progression/scopes.json
[INF][Config] Merged fragment from: Core:Progression/progressions.json
[INF][Config] Merged fragment from: Core:Progression/requirements.json
[INF][Config] Merged fragment from: LudotsCoreMod:assets/GAS/order_types.json
[INF][Config] Merged fragment from: Core:GAS/effects.json
[INF][Config] Merged fragment from: Core:GAS/func_lib.json
[INF][Config] Merged fragment from: Core:GAS/action_lib.json
[INF][Config] Merged fragment from: Core:Items/shapes.json
[INF][Config] Merged fragment from: Core:Items/layouts.json
[INF][Config] Merged fragment from: Core:Items/definitions.json
[INF][Config] Merged fragment from: Core:Exchange/operations.json
[INF][Config] Merged fragment from: Core:Panels/panel_templates.json
[INF][Config] Merged fragment from: Core:Input/filter_profiles.json
[INF][Config] Merged fragment from: Core:Presentation/lod_profiles.json
[INF][Config] Merged fragment from: Core:Presentation/particle_vfx.json
[INF][Config] Merged fragment from: LudotsCoreMod:assets/Presentation/mesh_assets.json
[INF][Config] Merged fragment from: CaseESelectionMod:assets/Presentation/mesh_assets.json
[INF][Config] Merged fragment from: LudotsCoreMod:assets/Presentation/material_assets.json
[INF][Config] Merged fragment from: LudotsCoreMod:assets/Presentation/animator_controllers.json
[INF][Config] Merged fragment from: LudotsCoreMod:assets/Presentation/animation_clips.json
[INF][Config] Merged fragment from: LudotsCoreMod:assets/Presentation/animation_profiles.json
[INF][Config] Merged fragment from: Core:Input/interaction_context_profiles.json
[INF][Config] Merged fragment from: CaseESelectionMod:assets/Input/interaction_context_profiles.json
[INF][Config] Merged fragment from: LudotsCoreMod:assets/Presentation/presenters.json
[INF][Config] Merged fragment from: CaseESelectionMod:assets/Presentation/presenters.json
[INF][Config] Merged fragment from: Core:GAS/attribute_bindings.json
[INF][Config] Merged fragment from: Core:config_catalog.json
[INF][Config] Merged fragment from: CaseESelectionMod:assets/config_catalog.json
[INF][Config] Merged fragment from: Core:Input/default_input.json
[INF][Config] Merged fragment from: CaseESelectionMod:assets/Input/default_input.json
[INF][Config] Merged fragment from: Core:Input/action_attribute_bindings.json
[INF][Config] Merged fragment from: CaseESelectionMod:assets/Input/action_attribute_bindings.json
[INF][Config] Merged fragment from: Core:Input/command_intent_profiles.json
[INF][Config] Merged fragment from: Core:Input/cast_commit_profiles.json
[INF][Config] Merged fragment from: Core:Input/cast_commit_locks.json
[INF][Config] Merged fragment from: Core:Input/cast_dispatch_profiles.json
[INF][Config] Merged fragment from: Core:Input/control_schemes.json
[INF][Config] Merged fragment from: CaseESelectionMod:assets/Input/control_schemes.json
[INF][Config] Merged fragment from: Core:Input/interaction_prefs.json
[INF][Config] Merged fragment from: Core:Input/interaction_modes.json
[INF][Config] Merged fragment from: Core:UI/ability_aggregation_profiles.json
[INF][Config] Merged fragment from: Core:UI/command_deck_profiles.json
[INF][Config] Merged fragment from: Core:UI/production_overview_profiles.json
[INF][Config] Merged fragment from: Core:AI/behavior_trees.json
[INF][Config] Merged fragment from: Core:AI/hfsm.json
[INF][Config] Merged fragment from: Core:Presentation/semantic_maps.json
[INF][Config] Merged fragment from: Core:Presentation/image_assets.json
[INF][Config] Merged fragment from: Core:Camera/virtual_cameras.json
[INF][Config] Merged fragment from: Core:Story/lines.json
[INF][Config] Merged fragment from: Core:Story/presentation_profiles.json
[INF][Config] Merged fragment from: Core:Story/speakers.json
[INF][Config] Merged fragment from: Core:Dialogue/dialogues.json
[INF][Config] Merged fragment from: Core:Sequencer/sequences.json
[INF][ModLoader] No registration conflicts detected.
[INF][Config] Merged fragment from: Core:config_catalog.json
[INF][Config] Merged fragment from: CaseESelectionMod:assets/config_catalog.json
[INF][Config] Merged fragment from: Core:Input/default_input.json
[INF][Config] Merged fragment from: CaseESelectionMod:assets/Input/default_input.json
[INF][Engine] Firing GameStart event...
[LudotsCoreMod] Core systems installed
[INF][Engine] Loading Map: case_e_selection_field
[INF][Map] Loading Map: case_e_selection_field
[INF][Config] Merged fragment from: CaseESelectionMod:assets/Maps/case_e_selection_field.json
[INF][Map] Map 'case_e_selection_field' loaded.
[INF][Map] Map 'case_e_selection_field' pushed to focus (stack depth=1).
[INF][Config] Merged fragment from: Core:Navigation/pathing.json
[INF][Engine] Pathing bootstrap skipped for map 'case_e_selection_field': no node-graph board or navmesh query service is loaded.
[INF][Engine] Creating Entities from MapConfig...
[INF][Engine] Registered 2 triggers for map 'case_e_selection_field'.
[INF][Engine] Applied DefaultCamera: yaw=0 pitch=52 dist=3400cm fov=45
[INF][Engine] Firing MapLoaded event for case_e_selection_field...
[WRN][Engine] Duplicate registration for trigger type TriggerGraphMountTrigger. Keeping original.
[WRN][Engine] Duplicate registration for trigger type TriggerGraphResumeTrigger. Keeping original.
[INF][Engine] Appended 2 triggers to map 'case_e_selection_field'.
[WRN][Engine] Duplicate registration for trigger type TriggerGraphMountTrigger. Keeping original.
[WRN][Engine] Duplicate registration for trigger type TriggerGraphResumeTrigger. Keeping original.
[WRN][Engine] Duplicate registration for trigger type TriggerGraphMountTrigger. Keeping original.
[WRN][Engine] Duplicate registration for trigger type TriggerGraphResumeTrigger. Keeping original.
[INF][Engine] Appended 4 triggers to map 'case_e_selection_field'.
[INF][Engine] Unloading ModLoader contexts...
[INF][Engine] Disposing JobScheduler...

[INF][Engine] Initializing with ConfigPipeline...
[INF][Engine] Resolving mod dependencies from explicit mod paths: mods=2
[INF][ModLoader] Mod Load Order:
[INF][ModLoader] - LudotsCoreMod (P:-1000)
[INF][ModLoader] - CaseESelectionMod (P:0)
[INF][ModLoader] Resolved Mod Load Order (launcher graph):
[INF][ModLoader] - LudotsCoreMod (P:-1000)
[INF][ModLoader] - CaseESelectionMod (P:0)
[INF][ModLoader] Loading DLL for LudotsCoreMod at C:\001_AI\wt-case-e-consolidation\mods\LudotsCoreMod\bin\net9.0\LudotsCoreMod.dll
[INF][ModLoader] Scanning 2 types in assembly...
[INF][ModLoader] Instantiated entry for LudotsCoreMod. Calling OnLoad...
[INF][Mod.LudotsCoreMod] [LudotsCoreMod] Loaded - Core game framework initialized
[INF][ModLoader] LudotsCoreMod OnLoad completed.
[INF][ModLoader] Loaded LudotsCoreMod
[INF][ModLoader] Loading DLL for CaseESelectionMod at C:\001_AI\wt-case-e-consolidation\mods\showcases\case_e_selection\CaseESelectionMod\bin\net9.0\CaseESelectionMod.dll
[INF][ModLoader] Scanning 7 types in assembly...
[INF][ModLoader] Instantiated entry for CaseESelectionMod. Calling OnLoad...
[INF][ModLoader] CaseESelectionMod OnLoad completed.
[INF][ModLoader] Loaded CaseESelectionMod
[INF][Config] Merged fragment from: Core:game.json
[INF][Config] Merged fragment from: LudotsCoreMod:assets/game.json
[INF][Config] Merged fragment from: CaseESelectionMod:assets/game.json
[INF][Config] Merged fragment from: Core:config_catalog.json
[INF][Config] Merged fragment from: CaseESelectionMod:assets/config_catalog.json
[INF][Config] Merged fragment from: Core:Navigation/agent_profiles.json
[INF][Engine] Merged GameConfig: StartupMapId=case_e_selection_10k_field, DefaultCoreMod=LudotsCoreMod
[INF][Engine] Constants loaded: OrderTypeIds=4, ResponseChainOrderTypeIds=3
[INF][Engine] Initializing JobScheduler...
[INF][Config] Loading DataRegistry<EntityTemplate> from Entities/templates.json...
[INF][Config] Merged fragment from: LudotsCoreMod:assets/Entities/templates.json
[INF][Config] Merged fragment from: CaseESelectionMod:assets/Entities/templates.json
[INF][Config] Loaded 7 DataRegistry<EntityTemplate> items.
[INF][Engine] Initializing Core GAS Systems...
[INF][Config] Merged fragment from: Core:Engine/clock.json
[INF][Config] Merged fragment from: Core:Relationships/catalog.json
[INF][Config] Merged fragment from: LudotsCoreMod:assets/Relationships/catalog.json
[INF][Config] Merged fragment from: Core:Relationships/control_profiles.json
[INF][Config] Merged fragment from: Core:GAS/target_dispatch_presets.json
[INF][Config] Merged fragment from: Core:GAS/clock.json
[INF][Config] Merged fragment from: Core:Physics2D/clock.json
[INF][Config] Merged fragment from: Core:Physics2D/solver.json
[INF][Config] Merged fragment from: Core:Physics2D/kinematic.json
[INF][Config] Merged fragment from: Core:GAS/attribute_constraints.json
[INF][Config] Merged fragment from: CaseESelectionMod:assets/GAS/attribute_constraints.json
[INF][Config] Merged fragment from: Core:Enums/enums.json
[INF][Config] Merged fragment from: CaseESelectionMod:assets/Events/custom_events.json
[INF][Config] Merged fragment from: Core:Vision/fog_layers.json
[INF][Config] Merged fragment from: LudotsCoreMod:assets/Presentation/text_tokens.json
[INF][Config] Merged fragment from: LudotsCoreMod:assets/Presentation/text_tokens.json
[INF][Config] Merged fragment from: LudotsCoreMod:assets/Presentation/text_locales.json
[INF][Config] Merged fragment from: Core:GraphTables/lookup_tables.json
[INF][Config] Merged fragment from: Core:GAS/graphs.json
[INF][Config] Merged fragment from: CaseESelectionMod:assets/GAS/graphs/graph.case_e.box_begin.json
[INF][Config] Merged fragment from: CaseESelectionMod:assets/GAS/graphs/graph.case_e.box_commit.json
[INF][Config] Merged fragment from: CaseESelectionMod:assets/GAS/graphs/graph.case_e.box_hit.json
[INF][Config] Merged fragment from: CaseESelectionMod:assets/GAS/graphs/graph.case_e.box_hover_clear.json
[INF][Config] Merged fragment from: CaseESelectionMod:assets/GAS/graphs/graph.case_e.box_hover_tick.json
[INF][Config] Merged fragment from: CaseESelectionMod:assets/GAS/graphs/graph.case_e.candidates.json
[INF][Config] Merged fragment from: CaseESelectionMod:assets/GAS/graphs/graph.case_e.candidates_player2.json
[INF][Config] Merged fragment from: CaseESelectionMod:assets/GAS/graphs/graph.case_e.roster_sync.json
[INF][Config] Merged fragment from: CaseESelectionMod:assets/GAS/graphs/graph.case_e.roster_sync_player2.json
[INF][Config] Merged fragment from: CaseESelectionMod:assets/GAS/graphs/graph.case_e.selection_commit.json
[INF][Config] Merged fragment from: Core:GAS/preset_types.json
[INF][Config] Merged fragment from: Core:Exchange/operations.json
[INF][Config] Merged fragment from: Core:Progression/scopes.json
[INF][Config] Merged fragment from: Core:Progression/progressions.json
[INF][Config] Merged fragment from: Core:Progression/requirements.json
[INF][Config] Merged fragment from: LudotsCoreMod:assets/GAS/order_types.json
[INF][Config] Merged fragment from: Core:GAS/effects.json
[INF][Config] Merged fragment from: Core:GAS/func_lib.json
[INF][Config] Merged fragment from: Core:GAS/action_lib.json
[INF][Config] Merged fragment from: Core:Items/shapes.json
[INF][Config] Merged fragment from: Core:Items/layouts.json
[INF][Config] Merged fragment from: Core:Items/definitions.json
[INF][Config] Merged fragment from: Core:Exchange/operations.json
[INF][Config] Merged fragment from: Core:Panels/panel_templates.json
[INF][Config] Merged fragment from: Core:Input/filter_profiles.json
[INF][Config] Merged fragment from: Core:Presentation/lod_profiles.json
[INF][Config] Merged fragment from: Core:Presentation/particle_vfx.json
[INF][Config] Merged fragment from: LudotsCoreMod:assets/Presentation/mesh_assets.json
[INF][Config] Merged fragment from: CaseESelectionMod:assets/Presentation/mesh_assets.json
[INF][Config] Merged fragment from: LudotsCoreMod:assets/Presentation/material_assets.json
[INF][Config] Merged fragment from: LudotsCoreMod:assets/Presentation/animator_controllers.json
[INF][Config] Merged fragment from: LudotsCoreMod:assets/Presentation/animation_clips.json
[INF][Config] Merged fragment from: LudotsCoreMod:assets/Presentation/animation_profiles.json
[INF][Config] Merged fragment from: Core:Input/interaction_context_profiles.json
[INF][Config] Merged fragment from: CaseESelectionMod:assets/Input/interaction_context_profiles.json
[INF][Config] Merged fragment from: LudotsCoreMod:assets/Presentation/presenters.json
[INF][Config] Merged fragment from: CaseESelectionMod:assets/Presentation/presenters.json
[INF][Config] Merged fragment from: Core:GAS/attribute_bindings.json
[INF][Config] Merged fragment from: Core:config_catalog.json
[INF][Config] Merged fragment from: CaseESelectionMod:assets/config_catalog.json
[INF][Config] Merged fragment from: Core:Input/default_input.json
[INF][Config] Merged fragment from: CaseESelectionMod:assets/Input/default_input.json
[INF][Config] Merged fragment from: Core:Input/action_attribute_bindings.json
[INF][Config] Merged fragment from: CaseESelectionMod:assets/Input/action_attribute_bindings.json
[INF][Config] Merged fragment from: Core:Input/command_intent_profiles.json
[INF][Config] Merged fragment from: Core:Input/cast_commit_profiles.json
[INF][Config] Merged fragment from: Core:Input/cast_commit_locks.json
[INF][Config] Merged fragment from: Core:Input/cast_dispatch_profiles.json
[INF][Config] Merged fragment from: Core:Input/control_schemes.json
[INF][Config] Merged fragment from: CaseESelectionMod:assets/Input/control_schemes.json
[INF][Config] Merged fragment from: Core:Input/interaction_prefs.json
[INF][Config] Merged fragment from: Core:Input/interaction_modes.json
[INF][Config] Merged fragment from: Core:UI/ability_aggregation_profiles.json
[INF][Config] Merged fragment from: Core:UI/command_deck_profiles.json
[INF][Config] Merged fragment from: Core:UI/production_overview_profiles.json
[INF][Config] Merged fragment from: Core:AI/behavior_trees.json
[INF][Config] Merged fragment from: Core:AI/hfsm.json
[INF][Config] Merged fragment from: Core:Presentation/semantic_maps.json
[INF][Config] Merged fragment from: Core:Presentation/image_assets.json
[INF][Config] Merged fragment from: Core:Camera/virtual_cameras.json
[INF][Config] Merged fragment from: Core:Story/lines.json
[INF][Config] Merged fragment from: Core:Story/presentation_profiles.json
[INF][Config] Merged fragment from: Core:Story/speakers.json
[INF][Config] Merged fragment from: Core:Dialogue/dialogues.json
[INF][Config] Merged fragment from: Core:Sequencer/sequences.json
[INF][ModLoader] No registration conflicts detected.
[INF][Config] Merged fragment from: Core:config_catalog.json
[INF][Config] Merged fragment from: CaseESelectionMod:assets/config_catalog.json
[INF][Config] Merged fragment from: Core:Input/default_input.json
[INF][Config] Merged fragment from: CaseESelectionMod:assets/Input/default_input.json
[INF][Engine] Firing GameStart event...
[LudotsCoreMod] Core systems installed
[INF][Engine] Loading Map: case_e_selection_field
[INF][Map] Loading Map: case_e_selection_field
[INF][Config] Merged fragment from: CaseESelectionMod:assets/Maps/case_e_selection_field.json
[INF][Map] Map 'case_e_selection_field' loaded.
[INF][Map] Map 'case_e_selection_field' pushed to focus (stack depth=1).
[INF][Config] Merged fragment from: Core:Navigation/pathing.json
[INF][Engine] Pathing bootstrap skipped for map 'case_e_selection_field': no node-graph board or navmesh query service is loaded.
[INF][Engine] Creating Entities from MapConfig...
[INF][Engine] Registered 2 triggers for map 'case_e_selection_field'.
[INF][Engine] Applied DefaultCamera: yaw=0 pitch=52 dist=3400cm fov=45
[INF][Engine] Firing MapLoaded event for case_e_selection_field...
[WRN][Engine] Duplicate registration for trigger type TriggerGraphMountTrigger. Keeping original.
[WRN][Engine] Duplicate registration for trigger type TriggerGraphResumeTrigger. Keeping original.
[INF][Engine] Appended 2 triggers to map 'case_e_selection_field'.
[WRN][Engine] Duplicate registration for trigger type TriggerGraphMountTrigger. Keeping original.
[WRN][Engine] Duplicate registration for trigger type TriggerGraphResumeTrigger. Keeping original.
[WRN][Engine] Duplicate registration for trigger type TriggerGraphMountTrigger. Keeping original.
[WRN][Engine] Duplicate registration for trigger type TriggerGraphResumeTrigger. Keeping original.
[INF][Engine] Appended 4 triggers to map 'case_e_selection_field'.
[WRN][Engine] Duplicate registration for trigger type TriggerGraphMountTrigger. Keeping original.
[WRN][Engine] Duplicate registration for trigger type TriggerGraphResumeTrigger. Keeping original.
[INF][Engine] Appended 2 triggers to map 'case_e_selection_field'.
[WRN][Engine] Duplicate registration for trigger type TriggerGraphMountTrigger. Keeping original.
[WRN][Engine] Duplicate registration for trigger type TriggerGraphResumeTrigger. Keeping original.
[WRN][Engine] Duplicate registration for trigger type TriggerGraphMountTrigger. Keeping original.
[WRN][Engine] Duplicate registration for trigger type TriggerGraphResumeTrigger. Keeping original.
[INF][Engine] Appended 4 triggers to map 'case_e_selection_field'.
[WRN][Engine] Duplicate registration for trigger type TriggerGraphMountTrigger. Keeping original.
[WRN][Engine] Duplicate registration for trigger type TriggerGraphResumeTrigger. Keeping original.
[INF][Engine] Appended 2 triggers to map 'case_e_selection_field'.
[WRN][Engine] Duplicate registration for trigger type TriggerGraphMountTrigger. Keeping original.
[WRN][Engine] Duplicate registration for trigger type TriggerGraphResumeTrigger. Keeping original.
[WRN][Engine] Duplicate registration for trigger type TriggerGraphMountTrigger. Keeping original.
[WRN][Engine] Duplicate registration for trigger type TriggerGraphResumeTrigger. Keeping original.
[INF][Engine] Appended 4 triggers to map 'case_e_selection_field'.
[WRN][Engine] Duplicate registration for trigger type TriggerGraphMountTrigger. Keeping original.
[WRN][Engine] Duplicate registration for trigger type TriggerGraphResumeTrigger. Keeping original.
[INF][Engine] Appended 2 triggers to map 'case_e_selection_field'.
[WRN][Engine] Duplicate registration for trigger type TriggerGraphMountTrigger. Keeping original.
[WRN][Engine] Duplicate registration for trigger type TriggerGraphResumeTrigger. Keeping original.
[WRN][Engine] Duplicate registration for trigger type TriggerGraphMountTrigger. Keeping original.
[WRN][Engine] Duplicate registration for trigger type TriggerGraphResumeTrigger. Keeping original.
[INF][Engine] Appended 4 triggers to map 'case_e_selection_field'.
[WRN][Engine] Duplicate registration for trigger type TriggerGraphMountTrigger. Keeping original.
[WRN][Engine] Duplicate registration for trigger type TriggerGraphResumeTrigger. Keeping original.
[INF][Engine] Appended 2 triggers to map 'case_e_selection_field'.
[INF][Engine] Unloading ModLoader contexts...
[INF][Engine] Disposing JobScheduler...

[INF][Engine] Initializing with ConfigPipeline...
[INF][Engine] Resolving mod dependencies from explicit mod paths: mods=2
[INF][ModLoader] Mod Load Order:
[INF][ModLoader] - LudotsCoreMod (P:-1000)
[INF][ModLoader] - CaseESelectionMod (P:0)
[INF][ModLoader] Resolved Mod Load Order (launcher graph):
[INF][ModLoader] - LudotsCoreMod (P:-1000)
[INF][ModLoader] - CaseESelectionMod (P:0)
[INF][ModLoader] Loading DLL for LudotsCoreMod at C:\001_AI\wt-case-e-consolidation\mods\LudotsCoreMod\bin\net9.0\LudotsCoreMod.dll
[INF][ModLoader] Scanning 2 types in assembly...
[INF][ModLoader] Instantiated entry for LudotsCoreMod. Calling OnLoad...
[INF][Mod.LudotsCoreMod] [LudotsCoreMod] Loaded - Core game framework initialized
[INF][ModLoader] LudotsCoreMod OnLoad completed.
[INF][ModLoader] Loaded LudotsCoreMod
[INF][ModLoader] Loading DLL for CaseESelectionMod at C:\001_AI\wt-case-e-consolidation\mods\showcases\case_e_selection\CaseESelectionMod\bin\net9.0\CaseESelectionMod.dll
[INF][ModLoader] Scanning 7 types in assembly...
[INF][ModLoader] Instantiated entry for CaseESelectionMod. Calling OnLoad...
[INF][ModLoader] CaseESelectionMod OnLoad completed.
[INF][ModLoader] Loaded CaseESelectionMod
[INF][Config] Merged fragment from: Core:game.json
[INF][Config] Merged fragment from: LudotsCoreMod:assets/game.json
[INF][Config] Merged fragment from: CaseESelectionMod:assets/game.json
[INF][Config] Merged fragment from: Core:config_catalog.json
[INF][Config] Merged fragment from: CaseESelectionMod:assets/config_catalog.json
[INF][Config] Merged fragment from: Core:Navigation/agent_profiles.json
[INF][Engine] Merged GameConfig: StartupMapId=case_e_selection_10k_field, DefaultCoreMod=LudotsCoreMod
[INF][Engine] Constants loaded: OrderTypeIds=4, ResponseChainOrderTypeIds=3
[INF][Engine] Initializing JobScheduler...
[INF][Config] Loading DataRegistry<EntityTemplate> from Entities/templates.json...
[INF][Config] Merged fragment from: LudotsCoreMod:assets/Entities/templates.json
[INF][Config] Merged fragment from: CaseESelectionMod:assets/Entities/templates.json
[INF][Config] Loaded 7 DataRegistry<EntityTemplate> items.
[INF][Engine] Initializing Core GAS Systems...
[INF][Config] Merged fragment from: Core:Engine/clock.json
[INF][Config] Merged fragment from: Core:Relationships/catalog.json
[INF][Config] Merged fragment from: LudotsCoreMod:assets/Relationships/catalog.json
[INF][Config] Merged fragment from: Core:Relationships/control_profiles.json
[INF][Config] Merged fragment from: Core:GAS/target_dispatch_presets.json
[INF][Config] Merged fragment from: Core:GAS/clock.json
[INF][Config] Merged fragment from: Core:Physics2D/clock.json
[INF][Config] Merged fragment from: Core:Physics2D/solver.json
[INF][Config] Merged fragment from: Core:Physics2D/kinematic.json
[INF][Config] Merged fragment from: Core:GAS/attribute_constraints.json
[INF][Config] Merged fragment from: CaseESelectionMod:assets/GAS/attribute_constraints.json
[INF][Config] Merged fragment from: Core:Enums/enums.json
[INF][Config] Merged fragment from: CaseESelectionMod:assets/Events/custom_events.json
[INF][Config] Merged fragment from: Core:Vision/fog_layers.json
[INF][Config] Merged fragment from: LudotsCoreMod:assets/Presentation/text_tokens.json
[INF][Config] Merged fragment from: LudotsCoreMod:assets/Presentation/text_tokens.json
[INF][Config] Merged fragment from: LudotsCoreMod:assets/Presentation/text_locales.json
[INF][Config] Merged fragment from: Core:GraphTables/lookup_tables.json
[INF][Config] Merged fragment from: Core:GAS/graphs.json
[INF][Config] Merged fragment from: CaseESelectionMod:assets/GAS/graphs/graph.case_e.box_begin.json
[INF][Config] Merged fragment from: CaseESelectionMod:assets/GAS/graphs/graph.case_e.box_commit.json
[INF][Config] Merged fragment from: CaseESelectionMod:assets/GAS/graphs/graph.case_e.box_hit.json
[INF][Config] Merged fragment from: CaseESelectionMod:assets/GAS/graphs/graph.case_e.box_hover_clear.json
[INF][Config] Merged fragment from: CaseESelectionMod:assets/GAS/graphs/graph.case_e.box_hover_tick.json
[INF][Config] Merged fragment from: CaseESelectionMod:assets/GAS/graphs/graph.case_e.candidates.json
[INF][Config] Merged fragment from: CaseESelectionMod:assets/GAS/graphs/graph.case_e.candidates_player2.json
[INF][Config] Merged fragment from: CaseESelectionMod:assets/GAS/graphs/graph.case_e.roster_sync.json
[INF][Config] Merged fragment from: CaseESelectionMod:assets/GAS/graphs/graph.case_e.roster_sync_player2.json
[INF][Config] Merged fragment from: CaseESelectionMod:assets/GAS/graphs/graph.case_e.selection_commit.json
[INF][Config] Merged fragment from: Core:GAS/preset_types.json
[INF][Config] Merged fragment from: Core:Exchange/operations.json
[INF][Config] Merged fragment from: Core:Progression/scopes.json
[INF][Config] Merged fragment from: Core:Progression/progressions.json
[INF][Config] Merged fragment from: Core:Progression/requirements.json
[INF][Config] Merged fragment from: LudotsCoreMod:assets/GAS/order_types.json
[INF][Config] Merged fragment from: Core:GAS/effects.json
[INF][Config] Merged fragment from: Core:GAS/func_lib.json
[INF][Config] Merged fragment from: Core:GAS/action_lib.json
[INF][Config] Merged fragment from: Core:Items/shapes.json
[INF][Config] Merged fragment from: Core:Items/layouts.json
[INF][Config] Merged fragment from: Core:Items/definitions.json
[INF][Config] Merged fragment from: Core:Exchange/operations.json
[INF][Config] Merged fragment from: Core:Panels/panel_templates.json
[INF][Config] Merged fragment from: Core:Input/filter_profiles.json
[INF][Config] Merged fragment from: Core:Presentation/lod_profiles.json
[INF][Config] Merged fragment from: Core:Presentation/particle_vfx.json
[INF][Config] Merged fragment from: LudotsCoreMod:assets/Presentation/mesh_assets.json
[INF][Config] Merged fragment from: CaseESelectionMod:assets/Presentation/mesh_assets.json
[INF][Config] Merged fragment from: LudotsCoreMod:assets/Presentation/material_assets.json
[INF][Config] Merged fragment from: LudotsCoreMod:assets/Presentation/animator_controllers.json
[INF][Config] Merged fragment from: LudotsCoreMod:assets/Presentation/animation_clips.json
[INF][Config] Merged fragment from: LudotsCoreMod:assets/Presentation/animation_profiles.json
[INF][Config] Merged fragment from: Core:Input/interaction_context_profiles.json
[INF][Config] Merged fragment from: CaseESelectionMod:assets/Input/interaction_context_profiles.json
[INF][Config] Merged fragment from: LudotsCoreMod:assets/Presentation/presenters.json
[INF][Config] Merged fragment from: CaseESelectionMod:assets/Presentation/presenters.json
[INF][Config] Merged fragment from: Core:GAS/attribute_bindings.json
[INF][Config] Merged fragment from: Core:config_catalog.json
[INF][Config] Merged fragment from: CaseESelectionMod:assets/config_catalog.json
[INF][Config] Merged fragment from: Core:Input/default_input.json
[INF][Config] Merged fragment from: CaseESelectionMod:assets/Input/default_input.json
[INF][Config] Merged fragment from: Core:Input/action_attribute_bindings.json
[INF][Config] Merged fragment from: CaseESelectionMod:assets/Input/action_attribute_bindings.json
[INF][Config] Merged fragment from: Core:Input/command_intent_profiles.json
[INF][Config] Merged fragment from: Core:Input/cast_commit_profiles.json
[INF][Config] Merged fragment from: Core:Input/cast_commit_locks.json
[INF][Config] Merged fragment from: Core:Input/cast_dispatch_profiles.json
[INF][Config] Merged fragment from: Core:Input/control_schemes.json
[INF][Config] Merged fragment from: CaseESelectionMod:assets/Input/control_schemes.json
[INF][Config] Merged fragment from: Core:Input/interaction_prefs.json
[INF][Config] Merged fragment from: Core:Input/interaction_modes.json
[INF][Config] Merged fragment from: Core:UI/ability_aggregation_profiles.json
[INF][Config] Merged fragment from: Core:UI/command_deck_profiles.json
[INF][Config] Merged fragment from: Core:UI/production_overview_profiles.json
[INF][Config] Merged fragment from: Core:AI/behavior_trees.json
[INF][Config] Merged fragment from: Core:AI/hfsm.json
[INF][Config] Merged fragment from: Core:Presentation/semantic_maps.json
[INF][Config] Merged fragment from: Core:Presentation/image_assets.json
[INF][Config] Merged fragment from: Core:Camera/virtual_cameras.json
[INF][Config] Merged fragment from: Core:Story/lines.json
[INF][Config] Merged fragment from: Core:Story/presentation_profiles.json
[INF][Config] Merged fragment from: Core:Story/speakers.json
[INF][Config] Merged fragment from: Core:Dialogue/dialogues.json
[INF][Config] Merged fragment from: Core:Sequencer/sequences.json
[INF][ModLoader] No registration conflicts detected.
[INF][Config] Merged fragment from: Core:config_catalog.json
[INF][Config] Merged fragment from: CaseESelectionMod:assets/config_catalog.json
[INF][Config] Merged fragment from: Core:Input/default_input.json
[INF][Config] Merged fragment from: CaseESelectionMod:assets/Input/default_input.json
[INF][Engine] Firing GameStart event...
[LudotsCoreMod] Core systems installed
[INF][Engine] Loading Map: case_e_selection_field
[INF][Map] Loading Map: case_e_selection_field
[INF][Config] Merged fragment from: CaseESelectionMod:assets/Maps/case_e_selection_field.json
[INF][Map] Map 'case_e_selection_field' loaded.
[INF][Map] Map 'case_e_selection_field' pushed to focus (stack depth=1).
[INF][Config] Merged fragment from: Core:Navigation/pathing.json
[INF][Engine] Pathing bootstrap skipped for map 'case_e_selection_field': no node-graph board or navmesh query service is loaded.
[INF][Engine] Creating Entities from MapConfig...
[INF][Engine] Registered 2 triggers for map 'case_e_selection_field'.
[INF][Engine] Applied DefaultCamera: yaw=0 pitch=52 dist=3400cm fov=45
[INF][Engine] Firing MapLoaded event for case_e_selection_field...
[WRN][Engine] Duplicate registration for trigger type TriggerGraphMountTrigger. Keeping original.
[WRN][Engine] Duplicate registration for trigger type TriggerGraphResumeTrigger. Keeping original.
[INF][Engine] Appended 2 triggers to map 'case_e_selection_field'.
[WRN][Engine] Duplicate registration for trigger type TriggerGraphMountTrigger. Keeping original.
[WRN][Engine] Duplicate registration for trigger type TriggerGraphResumeTrigger. Keeping original.
[WRN][Engine] Duplicate registration for trigger type TriggerGraphMountTrigger. Keeping original.
[WRN][Engine] Duplicate registration for trigger type TriggerGraphResumeTrigger. Keeping original.
[INF][Engine] Appended 4 triggers to map 'case_e_selection_field'.
[WRN][Engine] Duplicate registration for trigger type TriggerGraphMountTrigger. Keeping original.
[WRN][Engine] Duplicate registration for trigger type TriggerGraphResumeTrigger. Keeping original.
[INF][Engine] Appended 2 triggers to map 'case_e_selection_field'.
[WRN][Engine] Duplicate registration for trigger type TriggerGraphMountTrigger. Keeping original.
[WRN][Engine] Duplicate registration for trigger type TriggerGraphResumeTrigger. Keeping original.
[WRN][Engine] Duplicate registration for trigger type TriggerGraphMountTrigger. Keeping original.
[WRN][Engine] Duplicate registration for trigger type TriggerGraphResumeTrigger. Keeping original.
[INF][Engine] Appended 4 triggers to map 'case_e_selection_field'.
[WRN][Engine] Duplicate registration for trigger type TriggerGraphMountTrigger. Keeping original.
[WRN][Engine] Duplicate registration for trigger type TriggerGraphResumeTrigger. Keeping original.
[INF][Engine] Appended 2 triggers to map 'case_e_selection_field'.
[WRN][Engine] Duplicate registration for trigger type TriggerGraphMountTrigger. Keeping original.
[WRN][Engine] Duplicate registration for trigger type TriggerGraphResumeTrigger. Keeping original.
[WRN][Engine] Duplicate registration for trigger type TriggerGraphMountTrigger. Keeping original.
[WRN][Engine] Duplicate registration for trigger type TriggerGraphResumeTrigger. Keeping original.
[INF][Engine] Appended 4 triggers to map 'case_e_selection_field'.
[WRN][Engine] Duplicate registration for trigger type TriggerGraphMountTrigger. Keeping original.
[WRN][Engine] Duplicate registration for trigger type TriggerGraphResumeTrigger. Keeping original.
[INF][Engine] Appended 2 triggers to map 'case_e_selection_field'.
[WRN][Engine] Duplicate registration for trigger type TriggerGraphMountTrigger. Keeping original.
[WRN][Engine] Duplicate registration for trigger type TriggerGraphResumeTrigger. Keeping original.
[WRN][Engine] Duplicate registration for trigger type TriggerGraphMountTrigger. Keeping original.
[WRN][Engine] Duplicate registration for trigger type TriggerGraphResumeTrigger. Keeping original.
[INF][Engine] Appended 4 triggers to map 'case_e_selection_field'.
[WRN][Engine] Duplicate registration for trigger type TriggerGraphMountTrigger. Keeping original.
[WRN][Engine] Duplicate registration for trigger type TriggerGraphResumeTrigger. Keeping original.
[INF][Engine] Appended 2 triggers to map 'case_e_selection_field'.
[INF][Engine] Unloading ModLoader contexts...
[INF][Engine] Disposing JobScheduler...

  已通过 CandidateDies_MidDrag_ExcludedFromHoverAndCommit [385 ms]
  已通过 CandidateReEntersBoxAfterLeaving_HoverFollowsMembershipBothDirections [241 ms]
  已通过 CommanderDeath_MidGesture_PerformsDeactivatedSlotCleanup [240 ms]
  已通过 FastBoxRelease_ClearsGestureAndPreview(1,False) [269 ms]
  已通过 FastBoxRelease_ClearsGestureAndPreview(2,False) [253 ms]
[INF][Engine] Initializing with ConfigPipeline...
[INF][Engine] Resolving mod dependencies from explicit mod paths: mods=2
[INF][ModLoader] Mod Load Order:
[INF][ModLoader] - LudotsCoreMod (P:-1000)
[INF][ModLoader] - CaseESelectionMod (P:0)
[INF][ModLoader] Resolved Mod Load Order (launcher graph):
[INF][ModLoader] - LudotsCoreMod (P:-1000)
[INF][ModLoader] - CaseESelectionMod (P:0)
[INF][ModLoader] Loading DLL for LudotsCoreMod at C:\001_AI\wt-case-e-consolidation\mods\LudotsCoreMod\bin\net9.0\LudotsCoreMod.dll
[INF][ModLoader] Scanning 2 types in assembly...
[INF][ModLoader] Instantiated entry for LudotsCoreMod. Calling OnLoad...
[INF][Mod.LudotsCoreMod] [LudotsCoreMod] Loaded - Core game framework initialized
[INF][ModLoader] LudotsCoreMod OnLoad completed.
[INF][ModLoader] Loaded LudotsCoreMod
[INF][ModLoader] Loading DLL for CaseESelectionMod at C:\001_AI\wt-case-e-consolidation\mods\showcases\case_e_selection\CaseESelectionMod\bin\net9.0\CaseESelectionMod.dll
[INF][ModLoader] Scanning 7 types in assembly...
[INF][ModLoader] Instantiated entry for CaseESelectionMod. Calling OnLoad...
[INF][ModLoader] CaseESelectionMod OnLoad completed.
[INF][ModLoader] Loaded CaseESelectionMod
[INF][Config] Merged fragment from: Core:game.json
[INF][Config] Merged fragment from: LudotsCoreMod:assets/game.json
[INF][Config] Merged fragment from: CaseESelectionMod:assets/game.json
[INF][Config] Merged fragment from: Core:config_catalog.json
[INF][Config] Merged fragment from: CaseESelectionMod:assets/config_catalog.json
[INF][Config] Merged fragment from: Core:Navigation/agent_profiles.json
[INF][Engine] Merged GameConfig: StartupMapId=case_e_selection_10k_field, DefaultCoreMod=LudotsCoreMod
[INF][Engine] Constants loaded: OrderTypeIds=4, ResponseChainOrderTypeIds=3
[INF][Engine] Initializing JobScheduler...
[INF][Config] Loading DataRegistry<EntityTemplate> from Entities/templates.json...
[INF][Config] Merged fragment from: LudotsCoreMod:assets/Entities/templates.json
[INF][Config] Merged fragment from: CaseESelectionMod:assets/Entities/templates.json
[INF][Config] Loaded 7 DataRegistry<EntityTemplate> items.
[INF][Engine] Initializing Core GAS Systems...
[INF][Config] Merged fragment from: Core:Engine/clock.json
[INF][Config] Merged fragment from: Core:Relationships/catalog.json
[INF][Config] Merged fragment from: LudotsCoreMod:assets/Relationships/catalog.json
[INF][Config] Merged fragment from: Core:Relationships/control_profiles.json
[INF][Config] Merged fragment from: Core:GAS/target_dispatch_presets.json
[INF][Config] Merged fragment from: Core:GAS/clock.json
[INF][Config] Merged fragment from: Core:Physics2D/clock.json
[INF][Config] Merged fragment from: Core:Physics2D/solver.json
[INF][Config] Merged fragment from: Core:Physics2D/kinematic.json
[INF][Config] Merged fragment from: Core:GAS/attribute_constraints.json
[INF][Config] Merged fragment from: CaseESelectionMod:assets/GAS/attribute_constraints.json
[INF][Config] Merged fragment from: Core:Enums/enums.json
[INF][Config] Merged fragment from: CaseESelectionMod:assets/Events/custom_events.json
[INF][Config] Merged fragment from: Core:Vision/fog_layers.json
[INF][Config] Merged fragment from: LudotsCoreMod:assets/Presentation/text_tokens.json
[INF][Config] Merged fragment from: LudotsCoreMod:assets/Presentation/text_tokens.json
[INF][Config] Merged fragment from: LudotsCoreMod:assets/Presentation/text_locales.json
[INF][Config] Merged fragment from: Core:GraphTables/lookup_tables.json
[INF][Config] Merged fragment from: Core:GAS/graphs.json
[INF][Config] Merged fragment from: CaseESelectionMod:assets/GAS/graphs/graph.case_e.box_begin.json
[INF][Config] Merged fragment from: CaseESelectionMod:assets/GAS/graphs/graph.case_e.box_commit.json
[INF][Config] Merged fragment from: CaseESelectionMod:assets/GAS/graphs/graph.case_e.box_hit.json
[INF][Config] Merged fragment from: CaseESelectionMod:assets/GAS/graphs/graph.case_e.box_hover_clear.json
[INF][Config] Merged fragment from: CaseESelectionMod:assets/GAS/graphs/graph.case_e.box_hover_tick.json
[INF][Config] Merged fragment from: CaseESelectionMod:assets/GAS/graphs/graph.case_e.candidates.json
[INF][Config] Merged fragment from: CaseESelectionMod:assets/GAS/graphs/graph.case_e.candidates_player2.json
[INF][Config] Merged fragment from: CaseESelectionMod:assets/GAS/graphs/graph.case_e.roster_sync.json
[INF][Config] Merged fragment from: CaseESelectionMod:assets/GAS/graphs/graph.case_e.roster_sync_player2.json
[INF][Config] Merged fragment from: CaseESelectionMod:assets/GAS/graphs/graph.case_e.selection_commit.json
[INF][Config] Merged fragment from: Core:GAS/preset_types.json
[INF][Config] Merged fragment from: Core:Exchange/operations.json
[INF][Config] Merged fragment from: Core:Progression/scopes.json
[INF][Config] Merged fragment from: Core:Progression/progressions.json
[INF][Config] Merged fragment from: Core:Progression/requirements.json
[INF][Config] Merged fragment from: LudotsCoreMod:assets/GAS/order_types.json
[INF][Config] Merged fragment from: Core:GAS/effects.json
[INF][Config] Merged fragment from: Core:GAS/func_lib.json
[INF][Config] Merged fragment from: Core:GAS/action_lib.json
[INF][Config] Merged fragment from: Core:Items/shapes.json
[INF][Config] Merged fragment from: Core:Items/layouts.json
[INF][Config] Merged fragment from: Core:Items/definitions.json
[INF][Config] Merged fragment from: Core:Exchange/operations.json
[INF][Config] Merged fragment from: Core:Panels/panel_templates.json
[INF][Config] Merged fragment from: Core:Input/filter_profiles.json
[INF][Config] Merged fragment from: Core:Presentation/lod_profiles.json
[INF][Config] Merged fragment from: Core:Presentation/particle_vfx.json
[INF][Config] Merged fragment from: LudotsCoreMod:assets/Presentation/mesh_assets.json
[INF][Config] Merged fragment from: CaseESelectionMod:assets/Presentation/mesh_assets.json
[INF][Config] Merged fragment from: LudotsCoreMod:assets/Presentation/material_assets.json
[INF][Config] Merged fragment from: LudotsCoreMod:assets/Presentation/animator_controllers.json
[INF][Config] Merged fragment from: LudotsCoreMod:assets/Presentation/animation_clips.json
[INF][Config] Merged fragment from: LudotsCoreMod:assets/Presentation/animation_profiles.json
[INF][Config] Merged fragment from: Core:Input/interaction_context_profiles.json
[INF][Config] Merged fragment from: CaseESelectionMod:assets/Input/interaction_context_profiles.json
[INF][Config] Merged fragment from: LudotsCoreMod:assets/Presentation/presenters.json
[INF][Config] Merged fragment from: CaseESelectionMod:assets/Presentation/presenters.json
[INF][Config] Merged fragment from: Core:GAS/attribute_bindings.json
[INF][Config] Merged fragment from: Core:config_catalog.json
[INF][Config] Merged fragment from: CaseESelectionMod:assets/config_catalog.json
[INF][Config] Merged fragment from: Core:Input/default_input.json
[INF][Config] Merged fragment from: CaseESelectionMod:assets/Input/default_input.json
[INF][Config] Merged fragment from: Core:Input/action_attribute_bindings.json
[INF][Config] Merged fragment from: CaseESelectionMod:assets/Input/action_attribute_bindings.json
[INF][Config] Merged fragment from: Core:Input/command_intent_profiles.json
[INF][Config] Merged fragment from: Core:Input/cast_commit_profiles.json
[INF][Config] Merged fragment from: Core:Input/cast_commit_locks.json
[INF][Config] Merged fragment from: Core:Input/cast_dispatch_profiles.json
[INF][Config] Merged fragment from: Core:Input/control_schemes.json
[INF][Config] Merged fragment from: CaseESelectionMod:assets/Input/control_schemes.json
[INF][Config] Merged fragment from: Core:Input/interaction_prefs.json
[INF][Config] Merged fragment from: Core:Input/interaction_modes.json
[INF][Config] Merged fragment from: Core:UI/ability_aggregation_profiles.json
[INF][Config] Merged fragment from: Core:UI/command_deck_profiles.json
[INF][Config] Merged fragment from: Core:UI/production_overview_profiles.json
[INF][Config] Merged fragment from: Core:AI/behavior_trees.json
[INF][Config] Merged fragment from: Core:AI/hfsm.json
[INF][Config] Merged fragment from: Core:Presentation/semantic_maps.json
[INF][Config] Merged fragment from: Core:Presentation/image_assets.json
[INF][Config] Merged fragment from: Core:Camera/virtual_cameras.json
[INF][Config] Merged fragment from: Core:Story/lines.json
[INF][Config] Merged fragment from: Core:Story/presentation_profiles.json
[INF][Config] Merged fragment from: Core:Story/speakers.json
[INF][Config] Merged fragment from: Core:Dialogue/dialogues.json
[INF][Config] Merged fragment from: Core:Sequencer/sequences.json
[INF][ModLoader] No registration conflicts detected.
[INF][Config] Merged fragment from: Core:config_catalog.json
[INF][Config] Merged fragment from: CaseESelectionMod:assets/config_catalog.json
[INF][Config] Merged fragment from: Core:Input/default_input.json
[INF][Config] Merged fragment from: CaseESelectionMod:assets/Input/default_input.json
[INF][Engine] Firing GameStart event...
[LudotsCoreMod] Core systems installed
[INF][Engine] Loading Map: case_e_selection_field
[INF][Map] Loading Map: case_e_selection_field
[INF][Config] Merged fragment from: CaseESelectionMod:assets/Maps/case_e_selection_field.json
[INF][Map] Map 'case_e_selection_field' loaded.
[INF][Map] Map 'case_e_selection_field' pushed to focus (stack depth=1).
[INF][Config] Merged fragment from: Core:Navigation/pathing.json
[INF][Engine] Pathing bootstrap skipped for map 'case_e_selection_field': no node-graph board or navmesh query service is loaded.
[INF][Engine] Creating Entities from MapConfig...
[INF][Engine] Registered 2 triggers for map 'case_e_selection_field'.
[INF][Engine] Applied DefaultCamera: yaw=0 pitch=52 dist=3400cm fov=45
[INF][Engine] Firing MapLoaded event for case_e_selection_field...
[WRN][Engine] Duplicate registration for trigger type TriggerGraphMountTrigger. Keeping original.
[WRN][Engine] Duplicate registration for trigger type TriggerGraphResumeTrigger. Keeping original.
[INF][Engine] Appended 2 triggers to map 'case_e_selection_field'.
[WRN][Engine] Duplicate registration for trigger type TriggerGraphMountTrigger. Keeping original.
[WRN][Engine] Duplicate registration for trigger type TriggerGraphResumeTrigger. Keeping original.
[WRN][Engine] Duplicate registration for trigger type TriggerGraphMountTrigger. Keeping original.
[WRN][Engine] Duplicate registration for trigger type TriggerGraphResumeTrigger. Keeping original.
[INF][Engine] Appended 4 triggers to map 'case_e_selection_field'.
[WRN][Engine] Duplicate registration for trigger type TriggerGraphMountTrigger. Keeping original.
[WRN][Engine] Duplicate registration for trigger type TriggerGraphResumeTrigger. Keeping original.
[INF][Engine] Appended 2 triggers to map 'case_e_selection_field'.
[WRN][Engine] Duplicate registration for trigger type TriggerGraphMountTrigger. Keeping original.
[WRN][Engine] Duplicate registration for trigger type TriggerGraphResumeTrigger. Keeping original.
[WRN][Engine] Duplicate registration for trigger type TriggerGraphMountTrigger. Keeping original.
[WRN][Engine] Duplicate registration for trigger type TriggerGraphResumeTrigger. Keeping original.
[INF][Engine] Appended 4 triggers to map 'case_e_selection_field'.
[WRN][Engine] Duplicate registration for trigger type TriggerGraphMountTrigger. Keeping original.
[WRN][Engine] Duplicate registration for trigger type TriggerGraphResumeTrigger. Keeping original.
[INF][Engine] Appended 2 triggers to map 'case_e_selection_field'.
[WRN][Engine] Duplicate registration for trigger type TriggerGraphMountTrigger. Keeping original.
[WRN][Engine] Duplicate registration for trigger type TriggerGraphResumeTrigger. Keeping original.
[WRN][Engine] Duplicate registration for trigger type TriggerGraphMountTrigger. Keeping original.
[WRN][Engine] Duplicate registration for trigger type TriggerGraphResumeTrigger. Keeping original.
[INF][Engine] Appended 4 triggers to map 'case_e_selection_field'.
[WRN][Engine] Duplicate registration for trigger type TriggerGraphMountTrigger. Keeping original.
[WRN][Engine] Duplicate registration for trigger type TriggerGraphResumeTrigger. Keeping original.
[INF][Engine] Appended 2 triggers to map 'case_e_selection_field'.
[WRN][Engine] Duplicate registration for trigger type TriggerGraphMountTrigger. Keeping original.
[WRN][Engine] Duplicate registration for trigger type TriggerGraphResumeTrigger. Keeping original.
[WRN][Engine] Duplicate registration for trigger type TriggerGraphMountTrigger. Keeping original.
[WRN][Engine] Duplicate registration for trigger type TriggerGraphResumeTrigger. Keeping original.
[INF][Engine] Appended 4 triggers to map 'case_e_selection_field'.
[WRN][Engine] Duplicate registration for trigger type TriggerGraphMountTrigger. Keeping original.
[WRN][Engine] Duplicate registration for trigger type TriggerGraphResumeTrigger. Keeping original.
[INF][Engine] Appended 2 triggers to map 'case_e_selection_field'.
[INF][Engine] Unloading ModLoader contexts...
[INF][Engine] Disposing JobScheduler...

[INF][Engine] Initializing with ConfigPipeline...
[INF][Engine] Resolving mod dependencies from explicit mod paths: mods=2
[INF][ModLoader] Mod Load Order:
[INF][ModLoader] - LudotsCoreMod (P:-1000)
[INF][ModLoader] - CaseESelectionMod (P:0)
[INF][ModLoader] Resolved Mod Load Order (launcher graph):
[INF][ModLoader] - LudotsCoreMod (P:-1000)
[INF][ModLoader] - CaseESelectionMod (P:0)
[INF][ModLoader] Loading DLL for LudotsCoreMod at C:\001_AI\wt-case-e-consolidation\mods\LudotsCoreMod\bin\net9.0\LudotsCoreMod.dll
[INF][ModLoader] Scanning 2 types in assembly...
[INF][ModLoader] Instantiated entry for LudotsCoreMod. Calling OnLoad...
[INF][Mod.LudotsCoreMod] [LudotsCoreMod] Loaded - Core game framework initialized
[INF][ModLoader] LudotsCoreMod OnLoad completed.
[INF][ModLoader] Loaded LudotsCoreMod
[INF][ModLoader] Loading DLL for CaseESelectionMod at C:\001_AI\wt-case-e-consolidation\mods\showcases\case_e_selection\CaseESelectionMod\bin\net9.0\CaseESelectionMod.dll
[INF][ModLoader] Scanning 7 types in assembly...
[INF][ModLoader] Instantiated entry for CaseESelectionMod. Calling OnLoad...
[INF][ModLoader] CaseESelectionMod OnLoad completed.
[INF][ModLoader] Loaded CaseESelectionMod
[INF][Config] Merged fragment from: Core:game.json
[INF][Config] Merged fragment from: LudotsCoreMod:assets/game.json
[INF][Config] Merged fragment from: CaseESelectionMod:assets/game.json
[INF][Config] Merged fragment from: Core:config_catalog.json
[INF][Config] Merged fragment from: CaseESelectionMod:assets/config_catalog.json
[INF][Config] Merged fragment from: Core:Navigation/agent_profiles.json
[INF][Engine] Merged GameConfig: StartupMapId=case_e_selection_10k_field, DefaultCoreMod=LudotsCoreMod
[INF][Engine] Constants loaded: OrderTypeIds=4, ResponseChainOrderTypeIds=3
[INF][Engine] Initializing JobScheduler...
[INF][Config] Loading DataRegistry<EntityTemplate> from Entities/templates.json...
[INF][Config] Merged fragment from: LudotsCoreMod:assets/Entities/templates.json
[INF][Config] Merged fragment from: CaseESelectionMod:assets/Entities/templates.json
[INF][Config] Loaded 7 DataRegistry<EntityTemplate> items.
[INF][Engine] Initializing Core GAS Systems...
[INF][Config] Merged fragment from: Core:Engine/clock.json
[INF][Config] Merged fragment from: Core:Relationships/catalog.json
[INF][Config] Merged fragment from: LudotsCoreMod:assets/Relationships/catalog.json
[INF][Config] Merged fragment from: Core:Relationships/control_profiles.json
[INF][Config] Merged fragment from: Core:GAS/target_dispatch_presets.json
[INF][Config] Merged fragment from: Core:GAS/clock.json
[INF][Config] Merged fragment from: Core:Physics2D/clock.json
[INF][Config] Merged fragment from: Core:Physics2D/solver.json
[INF][Config] Merged fragment from: Core:Physics2D/kinematic.json
[INF][Config] Merged fragment from: Core:GAS/attribute_constraints.json
[INF][Config] Merged fragment from: CaseESelectionMod:assets/GAS/attribute_constraints.json
[INF][Config] Merged fragment from: Core:Enums/enums.json
[INF][Config] Merged fragment from: CaseESelectionMod:assets/Events/custom_events.json
[INF][Config] Merged fragment from: Core:Vision/fog_layers.json
[INF][Config] Merged fragment from: LudotsCoreMod:assets/Presentation/text_tokens.json
[INF][Config] Merged fragment from: LudotsCoreMod:assets/Presentation/text_tokens.json
[INF][Config] Merged fragment from: LudotsCoreMod:assets/Presentation/text_locales.json
[INF][Config] Merged fragment from: Core:GraphTables/lookup_tables.json
[INF][Config] Merged fragment from: Core:GAS/graphs.json
[INF][Config] Merged fragment from: CaseESelectionMod:assets/GAS/graphs/graph.case_e.box_begin.json
[INF][Config] Merged fragment from: CaseESelectionMod:assets/GAS/graphs/graph.case_e.box_commit.json
[INF][Config] Merged fragment from: CaseESelectionMod:assets/GAS/graphs/graph.case_e.box_hit.json
[INF][Config] Merged fragment from: CaseESelectionMod:assets/GAS/graphs/graph.case_e.box_hover_clear.json
[INF][Config] Merged fragment from: CaseESelectionMod:assets/GAS/graphs/graph.case_e.box_hover_tick.json
[INF][Config] Merged fragment from: CaseESelectionMod:assets/GAS/graphs/graph.case_e.candidates.json
[INF][Config] Merged fragment from: CaseESelectionMod:assets/GAS/graphs/graph.case_e.candidates_player2.json
[INF][Config] Merged fragment from: CaseESelectionMod:assets/GAS/graphs/graph.case_e.roster_sync.json
[INF][Config] Merged fragment from: CaseESelectionMod:assets/GAS/graphs/graph.case_e.roster_sync_player2.json
[INF][Config] Merged fragment from: CaseESelectionMod:assets/GAS/graphs/graph.case_e.selection_commit.json
[INF][Config] Merged fragment from: Core:GAS/preset_types.json
[INF][Config] Merged fragment from: Core:Exchange/operations.json
[INF][Config] Merged fragment from: Core:Progression/scopes.json
[INF][Config] Merged fragment from: Core:Progression/progressions.json
[INF][Config] Merged fragment from: Core:Progression/requirements.json
[INF][Config] Merged fragment from: LudotsCoreMod:assets/GAS/order_types.json
[INF][Config] Merged fragment from: Core:GAS/effects.json
[INF][Config] Merged fragment from: Core:GAS/func_lib.json
[INF][Config] Merged fragment from: Core:GAS/action_lib.json
[INF][Config] Merged fragment from: Core:Items/shapes.json
[INF][Config] Merged fragment from: Core:Items/layouts.json
[INF][Config] Merged fragment from: Core:Items/definitions.json
[INF][Config] Merged fragment from: Core:Exchange/operations.json
[INF][Config] Merged fragment from: Core:Panels/panel_templates.json
[INF][Config] Merged fragment from: Core:Input/filter_profiles.json
[INF][Config] Merged fragment from: Core:Presentation/lod_profiles.json
[INF][Config] Merged fragment from: Core:Presentation/particle_vfx.json
[INF][Config] Merged fragment from: LudotsCoreMod:assets/Presentation/mesh_assets.json
[INF][Config] Merged fragment from: CaseESelectionMod:assets/Presentation/mesh_assets.json
[INF][Config] Merged fragment from: LudotsCoreMod:assets/Presentation/material_assets.json
[INF][Config] Merged fragment from: LudotsCoreMod:assets/Presentation/animator_controllers.json
[INF][Config] Merged fragment from: LudotsCoreMod:assets/Presentation/animation_clips.json
[INF][Config] Merged fragment from: LudotsCoreMod:assets/Presentation/animation_profiles.json
[INF][Config] Merged fragment from: Core:Input/interaction_context_profiles.json
[INF][Config] Merged fragment from: CaseESelectionMod:assets/Input/interaction_context_profiles.json
[INF][Config] Merged fragment from: LudotsCoreMod:assets/Presentation/presenters.json
[INF][Config] Merged fragment from: CaseESelectionMod:assets/Presentation/presenters.json
[INF][Config] Merged fragment from: Core:GAS/attribute_bindings.json
[INF][Config] Merged fragment from: Core:config_catalog.json
[INF][Config] Merged fragment from: CaseESelectionMod:assets/config_catalog.json
[INF][Config] Merged fragment from: Core:Input/default_input.json
[INF][Config] Merged fragment from: CaseESelectionMod:assets/Input/default_input.json
[INF][Config] Merged fragment from: Core:Input/action_attribute_bindings.json
[INF][Config] Merged fragment from: CaseESelectionMod:assets/Input/action_attribute_bindings.json
[INF][Config] Merged fragment from: Core:Input/command_intent_profiles.json
[INF][Config] Merged fragment from: Core:Input/cast_commit_profiles.json
[INF][Config] Merged fragment from: Core:Input/cast_commit_locks.json
[INF][Config] Merged fragment from: Core:Input/cast_dispatch_profiles.json
[INF][Config] Merged fragment from: Core:Input/control_schemes.json
[INF][Config] Merged fragment from: CaseESelectionMod:assets/Input/control_schemes.json
[INF][Config] Merged fragment from: Core:Input/interaction_prefs.json
[INF][Config] Merged fragment from: Core:Input/interaction_modes.json
[INF][Config] Merged fragment from: Core:UI/ability_aggregation_profiles.json
[INF][Config] Merged fragment from: Core:UI/command_deck_profiles.json
[INF][Config] Merged fragment from: Core:UI/production_overview_profiles.json
[INF][Config] Merged fragment from: Core:AI/behavior_trees.json
[INF][Config] Merged fragment from: Core:AI/hfsm.json
[INF][Config] Merged fragment from: Core:Presentation/semantic_maps.json
[INF][Config] Merged fragment from: Core:Presentation/image_assets.json
[INF][Config] Merged fragment from: Core:Camera/virtual_cameras.json
[INF][Config] Merged fragment from: Core:Story/lines.json
[INF][Config] Merged fragment from: Core:Story/presentation_profiles.json
[INF][Config] Merged fragment from: Core:Story/speakers.json
[INF][Config] Merged fragment from: Core:Dialogue/dialogues.json
[INF][Config] Merged fragment from: Core:Sequencer/sequences.json
[INF][ModLoader] No registration conflicts detected.
[INF][Config] Merged fragment from: Core:config_catalog.json
[INF][Config] Merged fragment from: CaseESelectionMod:assets/config_catalog.json
[INF][Config] Merged fragment from: Core:Input/default_input.json
[INF][Config] Merged fragment from: CaseESelectionMod:assets/Input/default_input.json
[INF][Engine] Firing GameStart event...
[LudotsCoreMod] Core systems installed
[INF][Engine] Loading Map: case_e_selection_field
[INF][Map] Loading Map: case_e_selection_field
[INF][Config] Merged fragment from: CaseESelectionMod:assets/Maps/case_e_selection_field.json
[INF][Map] Map 'case_e_selection_field' loaded.
[INF][Map] Map 'case_e_selection_field' pushed to focus (stack depth=1).
[INF][Config] Merged fragment from: Core:Navigation/pathing.json
[INF][Engine] Pathing bootstrap skipped for map 'case_e_selection_field': no node-graph board or navmesh query service is loaded.
[INF][Engine] Creating Entities from MapConfig...
[INF][Engine] Registered 2 triggers for map 'case_e_selection_field'.
[INF][Engine] Applied DefaultCamera: yaw=0 pitch=52 dist=3400cm fov=45
[INF][Engine] Firing MapLoaded event for case_e_selection_field...
[WRN][Engine] Duplicate registration for trigger type TriggerGraphMountTrigger. Keeping original.
[WRN][Engine] Duplicate registration for trigger type TriggerGraphResumeTrigger. Keeping original.
[INF][Engine] Appended 2 triggers to map 'case_e_selection_field'.
[WRN][Engine] Duplicate registration for trigger type TriggerGraphMountTrigger. Keeping original.
[WRN][Engine] Duplicate registration for trigger type TriggerGraphResumeTrigger. Keeping original.
[WRN][Engine] Duplicate registration for trigger type TriggerGraphMountTrigger. Keeping original.
[WRN][Engine] Duplicate registration for trigger type TriggerGraphResumeTrigger. Keeping original.
[INF][Engine] Appended 4 triggers to map 'case_e_selection_field'.
[WRN][Engine] Duplicate registration for trigger type TriggerGraphMountTrigger. Keeping original.
[WRN][Engine] Duplicate registration for trigger type TriggerGraphResumeTrigger. Keeping original.
[INF][Engine] Appended 2 triggers to map 'case_e_selection_field'.
[WRN][Engine] Duplicate registration for trigger type TriggerGraphMountTrigger. Keeping original.
[WRN][Engine] Duplicate registration for trigger type TriggerGraphResumeTrigger. Keeping original.
[WRN][Engine] Duplicate registration for trigger type TriggerGraphMountTrigger. Keeping original.
[WRN][Engine] Duplicate registration for trigger type TriggerGraphResumeTrigger. Keeping original.
[INF][Engine] Appended 4 triggers to map 'case_e_selection_field'.
[WRN][Engine] Duplicate registration for trigger type TriggerGraphMountTrigger. Keeping original.
[WRN][Engine] Duplicate registration for trigger type TriggerGraphResumeTrigger. Keeping original.
[INF][Engine] Appended 2 triggers to map 'case_e_selection_field'.
[WRN][Engine] Duplicate registration for trigger type TriggerGraphMountTrigger. Keeping original.
[WRN][Engine] Duplicate registration for trigger type TriggerGraphResumeTrigger. Keeping original.
[WRN][Engine] Duplicate registration for trigger type TriggerGraphMountTrigger. Keeping original.
[WRN][Engine] Duplicate registration for trigger type TriggerGraphResumeTrigger. Keeping original.
[INF][Engine] Appended 4 triggers to map 'case_e_selection_field'.
[WRN][Engine] Duplicate registration for trigger type TriggerGraphMountTrigger. Keeping original.
[WRN][Engine] Duplicate registration for trigger type TriggerGraphResumeTrigger. Keeping original.
[INF][Engine] Appended 2 triggers to map 'case_e_selection_field'.
[WRN][Engine] Duplicate registration for trigger type TriggerGraphMountTrigger. Keeping original.
[WRN][Engine] Duplicate registration for trigger type TriggerGraphResumeTrigger. Keeping original.
[WRN][Engine] Duplicate registration for trigger type TriggerGraphMountTrigger. Keeping original.
[WRN][Engine] Duplicate registration for trigger type TriggerGraphResumeTrigger. Keeping original.
[INF][Engine] Appended 4 triggers to map 'case_e_selection_field'.
[WRN][Engine] Duplicate registration for trigger type TriggerGraphMountTrigger. Keeping original.
[WRN][Engine] Duplicate registration for trigger type TriggerGraphResumeTrigger. Keeping original.
[INF][Engine] Appended 2 triggers to map 'case_e_selection_field'.
[INF][Engine] Unloading ModLoader contexts...
[INF][Engine] Disposing JobScheduler...

[INF][Engine] Initializing with ConfigPipeline...
[INF][Engine] Resolving mod dependencies from explicit mod paths: mods=2
[INF][ModLoader] Mod Load Order:
[INF][ModLoader] - LudotsCoreMod (P:-1000)
[INF][ModLoader] - CaseESelectionMod (P:0)
[INF][ModLoader] Resolved Mod Load Order (launcher graph):
[INF][ModLoader] - LudotsCoreMod (P:-1000)
[INF][ModLoader] - CaseESelectionMod (P:0)
[INF][ModLoader] Loading DLL for LudotsCoreMod at C:\001_AI\wt-case-e-consolidation\mods\LudotsCoreMod\bin\net9.0\LudotsCoreMod.dll
[INF][ModLoader] Scanning 2 types in assembly...
[INF][ModLoader] Instantiated entry for LudotsCoreMod. Calling OnLoad...
[INF][Mod.LudotsCoreMod] [LudotsCoreMod] Loaded - Core game framework initialized
[INF][ModLoader] LudotsCoreMod OnLoad completed.
[INF][ModLoader] Loaded LudotsCoreMod
[INF][ModLoader] Loading DLL for CaseESelectionMod at C:\001_AI\wt-case-e-consolidation\mods\showcases\case_e_selection\CaseESelectionMod\bin\net9.0\CaseESelectionMod.dll
[INF][ModLoader] Scanning 7 types in assembly...
[INF][ModLoader] Instantiated entry for CaseESelectionMod. Calling OnLoad...
[INF][ModLoader] CaseESelectionMod OnLoad completed.
[INF][ModLoader] Loaded CaseESelectionMod
[INF][Config] Merged fragment from: Core:game.json
[INF][Config] Merged fragment from: LudotsCoreMod:assets/game.json
[INF][Config] Merged fragment from: CaseESelectionMod:assets/game.json
[INF][Config] Merged fragment from: Core:config_catalog.json
[INF][Config] Merged fragment from: CaseESelectionMod:assets/config_catalog.json
[INF][Config] Merged fragment from: Core:Navigation/agent_profiles.json
[INF][Engine] Merged GameConfig: StartupMapId=case_e_selection_10k_field, DefaultCoreMod=LudotsCoreMod
[INF][Engine] Constants loaded: OrderTypeIds=4, ResponseChainOrderTypeIds=3
[INF][Engine] Initializing JobScheduler...
[INF][Config] Loading DataRegistry<EntityTemplate> from Entities/templates.json...
[INF][Config] Merged fragment from: LudotsCoreMod:assets/Entities/templates.json
[INF][Config] Merged fragment from: CaseESelectionMod:assets/Entities/templates.json
[INF][Config] Loaded 7 DataRegistry<EntityTemplate> items.
[INF][Engine] Initializing Core GAS Systems...
[INF][Config] Merged fragment from: Core:Engine/clock.json
[INF][Config] Merged fragment from: Core:Relationships/catalog.json
[INF][Config] Merged fragment from: LudotsCoreMod:assets/Relationships/catalog.json
[INF][Config] Merged fragment from: Core:Relationships/control_profiles.json
[INF][Config] Merged fragment from: Core:GAS/target_dispatch_presets.json
[INF][Config] Merged fragment from: Core:GAS/clock.json
[INF][Config] Merged fragment from: Core:Physics2D/clock.json
[INF][Config] Merged fragment from: Core:Physics2D/solver.json
[INF][Config] Merged fragment from: Core:Physics2D/kinematic.json
[INF][Config] Merged fragment from: Core:GAS/attribute_constraints.json
[INF][Config] Merged fragment from: CaseESelectionMod:assets/GAS/attribute_constraints.json
[INF][Config] Merged fragment from: Core:Enums/enums.json
[INF][Config] Merged fragment from: CaseESelectionMod:assets/Events/custom_events.json
[INF][Config] Merged fragment from: Core:Vision/fog_layers.json
[INF][Config] Merged fragment from: LudotsCoreMod:assets/Presentation/text_tokens.json
[INF][Config] Merged fragment from: LudotsCoreMod:assets/Presentation/text_tokens.json
[INF][Config] Merged fragment from: LudotsCoreMod:assets/Presentation/text_locales.json
[INF][Config] Merged fragment from: Core:GraphTables/lookup_tables.json
[INF][Config] Merged fragment from: Core:GAS/graphs.json
[INF][Config] Merged fragment from: CaseESelectionMod:assets/GAS/graphs/graph.case_e.box_begin.json
[INF][Config] Merged fragment from: CaseESelectionMod:assets/GAS/graphs/graph.case_e.box_commit.json
[INF][Config] Merged fragment from: CaseESelectionMod:assets/GAS/graphs/graph.case_e.box_hit.json
[INF][Config] Merged fragment from: CaseESelectionMod:assets/GAS/graphs/graph.case_e.box_hover_clear.json
[INF][Config] Merged fragment from: CaseESelectionMod:assets/GAS/graphs/graph.case_e.box_hover_tick.json
[INF][Config] Merged fragment from: CaseESelectionMod:assets/GAS/graphs/graph.case_e.candidates.json
[INF][Config] Merged fragment from: CaseESelectionMod:assets/GAS/graphs/graph.case_e.candidates_player2.json
[INF][Config] Merged fragment from: CaseESelectionMod:assets/GAS/graphs/graph.case_e.roster_sync.json
[INF][Config] Merged fragment from: CaseESelectionMod:assets/GAS/graphs/graph.case_e.roster_sync_player2.json
[INF][Config] Merged fragment from: CaseESelectionMod:assets/GAS/graphs/graph.case_e.selection_commit.json
[INF][Config] Merged fragment from: Core:GAS/preset_types.json
[INF][Config] Merged fragment from: Core:Exchange/operations.json
[INF][Config] Merged fragment from: Core:Progression/scopes.json
[INF][Config] Merged fragment from: Core:Progression/progressions.json
[INF][Config] Merged fragment from: Core:Progression/requirements.json
[INF][Config] Merged fragment from: LudotsCoreMod:assets/GAS/order_types.json
[INF][Config] Merged fragment from: Core:GAS/effects.json
[INF][Config] Merged fragment from: Core:GAS/func_lib.json
[INF][Config] Merged fragment from: Core:GAS/action_lib.json
[INF][Config] Merged fragment from: Core:Items/shapes.json
[INF][Config] Merged fragment from: Core:Items/layouts.json
[INF][Config] Merged fragment from: Core:Items/definitions.json
[INF][Config] Merged fragment from: Core:Exchange/operations.json
[INF][Config] Merged fragment from: Core:Panels/panel_templates.json
[INF][Config] Merged fragment from: Core:Input/filter_profiles.json
[INF][Config] Merged fragment from: Core:Presentation/lod_profiles.json
[INF][Config] Merged fragment from: Core:Presentation/particle_vfx.json
[INF][Config] Merged fragment from: LudotsCoreMod:assets/Presentation/mesh_assets.json
[INF][Config] Merged fragment from: CaseESelectionMod:assets/Presentation/mesh_assets.json
[INF][Config] Merged fragment from: LudotsCoreMod:assets/Presentation/material_assets.json
[INF][Config] Merged fragment from: LudotsCoreMod:assets/Presentation/animator_controllers.json
[INF][Config] Merged fragment from: LudotsCoreMod:assets/Presentation/animation_clips.json
[INF][Config] Merged fragment from: LudotsCoreMod:assets/Presentation/animation_profiles.json
[INF][Config] Merged fragment from: Core:Input/interaction_context_profiles.json
[INF][Config] Merged fragment from: CaseESelectionMod:assets/Input/interaction_context_profiles.json
[INF][Config] Merged fragment from: LudotsCoreMod:assets/Presentation/presenters.json
[INF][Config] Merged fragment from: CaseESelectionMod:assets/Presentation/presenters.json
[INF][Config] Merged fragment from: Core:GAS/attribute_bindings.json
[INF][Config] Merged fragment from: Core:config_catalog.json
[INF][Config] Merged fragment from: CaseESelectionMod:assets/config_catalog.json
[INF][Config] Merged fragment from: Core:Input/default_input.json
[INF][Config] Merged fragment from: CaseESelectionMod:assets/Input/default_input.json
[INF][Config] Merged fragment from: Core:Input/action_attribute_bindings.json
[INF][Config] Merged fragment from: CaseESelectionMod:assets/Input/action_attribute_bindings.json
[INF][Config] Merged fragment from: Core:Input/command_intent_profiles.json
[INF][Config] Merged fragment from: Core:Input/cast_commit_profiles.json
[INF][Config] Merged fragment from: Core:Input/cast_commit_locks.json
[INF][Config] Merged fragment from: Core:Input/cast_dispatch_profiles.json
[INF][Config] Merged fragment from: Core:Input/control_schemes.json
[INF][Config] Merged fragment from: CaseESelectionMod:assets/Input/control_schemes.json
[INF][Config] Merged fragment from: Core:Input/interaction_prefs.json
[INF][Config] Merged fragment from: Core:Input/interaction_modes.json
[INF][Config] Merged fragment from: Core:UI/ability_aggregation_profiles.json
[INF][Config] Merged fragment from: Core:UI/command_deck_profiles.json
[INF][Config] Merged fragment from: Core:UI/production_overview_profiles.json
[INF][Config] Merged fragment from: Core:AI/behavior_trees.json
[INF][Config] Merged fragment from: Core:AI/hfsm.json
[INF][Config] Merged fragment from: Core:Presentation/semantic_maps.json
[INF][Config] Merged fragment from: Core:Presentation/image_assets.json
[INF][Config] Merged fragment from: Core:Camera/virtual_cameras.json
[INF][Config] Merged fragment from: Core:Story/lines.json
[INF][Config] Merged fragment from: Core:Story/presentation_profiles.json
[INF][Config] Merged fragment from: Core:Story/speakers.json
[INF][Config] Merged fragment from: Core:Dialogue/dialogues.json
[INF][Config] Merged fragment from: Core:Sequencer/sequences.json
[INF][ModLoader] No registration conflicts detected.
[INF][Config] Merged fragment from: Core:config_catalog.json
[INF][Config] Merged fragment from: CaseESelectionMod:assets/config_catalog.json
[INF][Config] Merged fragment from: Core:Input/default_input.json
[INF][Config] Merged fragment from: CaseESelectionMod:assets/Input/default_input.json
[INF][Engine] Firing GameStart event...
[LudotsCoreMod] Core systems installed
[INF][Engine] Loading Map: case_e_selection_field
[INF][Map] Loading Map: case_e_selection_field
[INF][Config] Merged fragment from: CaseESelectionMod:assets/Maps/case_e_selection_field.json
[INF][Map] Map 'case_e_selection_field' loaded.
[INF][Map] Map 'case_e_selection_field' pushed to focus (stack depth=1).
[INF][Config] Merged fragment from: Core:Navigation/pathing.json
[INF][Engine] Pathing bootstrap skipped for map 'case_e_selection_field': no node-graph board or navmesh query service is loaded.
[INF][Engine] Creating Entities from MapConfig...
[INF][Engine] Registered 2 triggers for map 'case_e_selection_field'.
[INF][Engine] Applied DefaultCamera: yaw=0 pitch=52 dist=3400cm fov=45
[INF][Engine] Firing MapLoaded event for case_e_selection_field...
[WRN][Engine] Duplicate registration for trigger type TriggerGraphMountTrigger. Keeping original.
[WRN][Engine] Duplicate registration for trigger type TriggerGraphResumeTrigger. Keeping original.
[INF][Engine] Appended 2 triggers to map 'case_e_selection_field'.
[WRN][Engine] Duplicate registration for trigger type TriggerGraphMountTrigger. Keeping original.
[WRN][Engine] Duplicate registration for trigger type TriggerGraphResumeTrigger. Keeping original.
[WRN][Engine] Duplicate registration for trigger type TriggerGraphMountTrigger. Keeping original.
[WRN][Engine] Duplicate registration for trigger type TriggerGraphResumeTrigger. Keeping original.
[INF][Engine] Appended 4 triggers to map 'case_e_selection_field'.
[WRN][Engine] Duplicate registration for trigger type TriggerGraphMountTrigger. Keeping original.
[WRN][Engine] Duplicate registration for trigger type TriggerGraphResumeTrigger. Keeping original.
[INF][Engine] Appended 2 triggers to map 'case_e_selection_field'.
[WRN][Engine] Duplicate registration for trigger type TriggerGraphMountTrigger. Keeping original.
[WRN][Engine] Duplicate registration for trigger type TriggerGraphResumeTrigger. Keeping original.
[WRN][Engine] Duplicate registration for trigger type TriggerGraphMountTrigger. Keeping original.
[WRN][Engine] Duplicate registration for trigger type TriggerGraphResumeTrigger. Keeping original.
[INF][Engine] Appended 4 triggers to map 'case_e_selection_field'.
[WRN][Engine] Duplicate registration for trigger type TriggerGraphMountTrigger. Keeping original.
[WRN][Engine] Duplicate registration for trigger type TriggerGraphResumeTrigger. Keeping original.
[INF][Engine] Appended 2 triggers to map 'case_e_selection_field'.
[WRN][Engine] Duplicate registration for trigger type TriggerGraphMountTrigger. Keeping original.
[WRN][Engine] Duplicate registration for trigger type TriggerGraphResumeTrigger. Keeping original.
[WRN][Engine] Duplicate registration for trigger type TriggerGraphMountTrigger. Keeping original.
[WRN][Engine] Duplicate registration for trigger type TriggerGraphResumeTrigger. Keeping original.
[INF][Engine] Appended 4 triggers to map 'case_e_selection_field'.
[WRN][Engine] Duplicate registration for trigger type TriggerGraphMountTrigger. Keeping original.
[WRN][Engine] Duplicate registration for trigger type TriggerGraphResumeTrigger. Keeping original.
[INF][Engine] Appended 2 triggers to map 'case_e_selection_field'.
[WRN][Engine] Duplicate registration for trigger type TriggerGraphMountTrigger. Keeping original.
[WRN][Engine] Duplicate registration for trigger type TriggerGraphResumeTrigger. Keeping original.
[WRN][Engine] Duplicate registration for trigger type TriggerGraphMountTrigger. Keeping original.
[WRN][Engine] Duplicate registration for trigger type TriggerGraphResumeTrigger. Keeping original.
[INF][Engine] Appended 4 triggers to map 'case_e_selection_field'.
[WRN][Engine] Duplicate registration for trigger type TriggerGraphMountTrigger. Keeping original.
[WRN][Engine] Duplicate registration for trigger type TriggerGraphResumeTrigger. Keeping original.
[INF][Engine] Appended 2 triggers to map 'case_e_selection_field'.
[INF][Engine] Unloading ModLoader contexts...
[INF][Engine] Disposing JobScheduler...

[INF][Engine] Initializing with ConfigPipeline...
[INF][Engine] Resolving mod dependencies from explicit mod paths: mods=2
[INF][ModLoader] Mod Load Order:
[INF][ModLoader] - LudotsCoreMod (P:-1000)
[INF][ModLoader] - CaseESelectionMod (P:0)
[INF][ModLoader] Resolved Mod Load Order (launcher graph):
[INF][ModLoader] - LudotsCoreMod (P:-1000)
[INF][ModLoader] - CaseESelectionMod (P:0)
[INF][ModLoader] Loading DLL for LudotsCoreMod at C:\001_AI\wt-case-e-consolidation\mods\LudotsCoreMod\bin\net9.0\LudotsCoreMod.dll
[INF][ModLoader] Scanning 2 types in assembly...
[INF][ModLoader] Instantiated entry for LudotsCoreMod. Calling OnLoad...
[INF][Mod.LudotsCoreMod] [LudotsCoreMod] Loaded - Core game framework initialized
[INF][ModLoader] LudotsCoreMod OnLoad completed.
[INF][ModLoader] Loaded LudotsCoreMod
[INF][ModLoader] Loading DLL for CaseESelectionMod at C:\001_AI\wt-case-e-consolidation\mods\showcases\case_e_selection\CaseESelectionMod\bin\net9.0\CaseESelectionMod.dll
[INF][ModLoader] Scanning 7 types in assembly...
[INF][ModLoader] Instantiated entry for CaseESelectionMod. Calling OnLoad...
[INF][ModLoader] CaseESelectionMod OnLoad completed.
[INF][ModLoader] Loaded CaseESelectionMod
[INF][Config] Merged fragment from: Core:game.json
[INF][Config] Merged fragment from: LudotsCoreMod:assets/game.json
[INF][Config] Merged fragment from: CaseESelectionMod:assets/game.json
[INF][Config] Merged fragment from: Core:config_catalog.json
[INF][Config] Merged fragment from: CaseESelectionMod:assets/config_catalog.json
[INF][Config] Merged fragment from: Core:Navigation/agent_profiles.json
[INF][Engine] Merged GameConfig: StartupMapId=case_e_selection_10k_field, DefaultCoreMod=LudotsCoreMod
[INF][Engine] Constants loaded: OrderTypeIds=4, ResponseChainOrderTypeIds=3
[INF][Engine] Initializing JobScheduler...
[INF][Config] Loading DataRegistry<EntityTemplate> from Entities/templates.json...
[INF][Config] Merged fragment from: LudotsCoreMod:assets/Entities/templates.json
[INF][Config] Merged fragment from: CaseESelectionMod:assets/Entities/templates.json
[INF][Config] Loaded 7 DataRegistry<EntityTemplate> items.
[INF][Engine] Initializing Core GAS Systems...
[INF][Config] Merged fragment from: Core:Engine/clock.json
[INF][Config] Merged fragment from: Core:Relationships/catalog.json
[INF][Config] Merged fragment from: LudotsCoreMod:assets/Relationships/catalog.json
[INF][Config] Merged fragment from: Core:Relationships/control_profiles.json
[INF][Config] Merged fragment from: Core:GAS/target_dispatch_presets.json
[INF][Config] Merged fragment from: Core:GAS/clock.json
[INF][Config] Merged fragment from: Core:Physics2D/clock.json
[INF][Config] Merged fragment from: Core:Physics2D/solver.json
[INF][Config] Merged fragment from: Core:Physics2D/kinematic.json
[INF][Config] Merged fragment from: Core:GAS/attribute_constraints.json
[INF][Config] Merged fragment from: CaseESelectionMod:assets/GAS/attribute_constraints.json
[INF][Config] Merged fragment from: Core:Enums/enums.json
[INF][Config] Merged fragment from: CaseESelectionMod:assets/Events/custom_events.json
[INF][Config] Merged fragment from: Core:Vision/fog_layers.json
[INF][Config] Merged fragment from: LudotsCoreMod:assets/Presentation/text_tokens.json
[INF][Config] Merged fragment from: LudotsCoreMod:assets/Presentation/text_tokens.json
[INF][Config] Merged fragment from: LudotsCoreMod:assets/Presentation/text_locales.json
[INF][Config] Merged fragment from: Core:GraphTables/lookup_tables.json
[INF][Config] Merged fragment from: Core:GAS/graphs.json
[INF][Config] Merged fragment from: CaseESelectionMod:assets/GAS/graphs/graph.case_e.box_begin.json
[INF][Config] Merged fragment from: CaseESelectionMod:assets/GAS/graphs/graph.case_e.box_commit.json
[INF][Config] Merged fragment from: CaseESelectionMod:assets/GAS/graphs/graph.case_e.box_hit.json
[INF][Config] Merged fragment from: CaseESelectionMod:assets/GAS/graphs/graph.case_e.box_hover_clear.json
[INF][Config] Merged fragment from: CaseESelectionMod:assets/GAS/graphs/graph.case_e.box_hover_tick.json
[INF][Config] Merged fragment from: CaseESelectionMod:assets/GAS/graphs/graph.case_e.candidates.json
[INF][Config] Merged fragment from: CaseESelectionMod:assets/GAS/graphs/graph.case_e.candidates_player2.json
[INF][Config] Merged fragment from: CaseESelectionMod:assets/GAS/graphs/graph.case_e.roster_sync.json
[INF][Config] Merged fragment from: CaseESelectionMod:assets/GAS/graphs/graph.case_e.roster_sync_player2.json
[INF][Config] Merged fragment from: CaseESelectionMod:assets/GAS/graphs/graph.case_e.selection_commit.json
[INF][Config] Merged fragment from: Core:GAS/preset_types.json
[INF][Config] Merged fragment from: Core:Exchange/operations.json
[INF][Config] Merged fragment from: Core:Progression/scopes.json
[INF][Config] Merged fragment from: Core:Progression/progressions.json
[INF][Config] Merged fragment from: Core:Progression/requirements.json
[INF][Config] Merged fragment from: LudotsCoreMod:assets/GAS/order_types.json
[INF][Config] Merged fragment from: Core:GAS/effects.json
[INF][Config] Merged fragment from: Core:GAS/func_lib.json
[INF][Config] Merged fragment from: Core:GAS/action_lib.json
[INF][Config] Merged fragment from: Core:Items/shapes.json
[INF][Config] Merged fragment from: Core:Items/layouts.json
[INF][Config] Merged fragment from: Core:Items/definitions.json
[INF][Config] Merged fragment from: Core:Exchange/operations.json
[INF][Config] Merged fragment from: Core:Panels/panel_templates.json
[INF][Config] Merged fragment from: Core:Input/filter_profiles.json
[INF][Config] Merged fragment from: Core:Presentation/lod_profiles.json
[INF][Config] Merged fragment from: Core:Presentation/particle_vfx.json
[INF][Config] Merged fragment from: LudotsCoreMod:assets/Presentation/mesh_assets.json
[INF][Config] Merged fragment from: CaseESelectionMod:assets/Presentation/mesh_assets.json
[INF][Config] Merged fragment from: LudotsCoreMod:assets/Presentation/material_assets.json
[INF][Config] Merged fragment from: LudotsCoreMod:assets/Presentation/animator_controllers.json
[INF][Config] Merged fragment from: LudotsCoreMod:assets/Presentation/animation_clips.json
[INF][Config] Merged fragment from: LudotsCoreMod:assets/Presentation/animation_profiles.json
[INF][Config] Merged fragment from: Core:Input/interaction_context_profiles.json
[INF][Config] Merged fragment from: CaseESelectionMod:assets/Input/interaction_context_profiles.json
[INF][Config] Merged fragment from: LudotsCoreMod:assets/Presentation/presenters.json
[INF][Config] Merged fragment from: CaseESelectionMod:assets/Presentation/presenters.json
[INF][Config] Merged fragment from: Core:GAS/attribute_bindings.json
[INF][Config] Merged fragment from: Core:config_catalog.json
[INF][Config] Merged fragment from: CaseESelectionMod:assets/config_catalog.json
[INF][Config] Merged fragment from: Core:Input/default_input.json
[INF][Config] Merged fragment from: CaseESelectionMod:assets/Input/default_input.json
[INF][Config] Merged fragment from: Core:Input/action_attribute_bindings.json
[INF][Config] Merged fragment from: CaseESelectionMod:assets/Input/action_attribute_bindings.json
[INF][Config] Merged fragment from: Core:Input/command_intent_profiles.json
[INF][Config] Merged fragment from: Core:Input/cast_commit_profiles.json
[INF][Config] Merged fragment from: Core:Input/cast_commit_locks.json
[INF][Config] Merged fragment from: Core:Input/cast_dispatch_profiles.json
[INF][Config] Merged fragment from: Core:Input/control_schemes.json
[INF][Config] Merged fragment from: CaseESelectionMod:assets/Input/control_schemes.json
[INF][Config] Merged fragment from: Core:Input/interaction_prefs.json
[INF][Config] Merged fragment from: Core:Input/interaction_modes.json
[INF][Config] Merged fragment from: Core:UI/ability_aggregation_profiles.json
[INF][Config] Merged fragment from: Core:UI/command_deck_profiles.json
[INF][Config] Merged fragment from: Core:UI/production_overview_profiles.json
[INF][Config] Merged fragment from: Core:AI/behavior_trees.json
[INF][Config] Merged fragment from: Core:AI/hfsm.json
[INF][Config] Merged fragment from: Core:Presentation/semantic_maps.json
[INF][Config] Merged fragment from: Core:Presentation/image_assets.json
[INF][Config] Merged fragment from: Core:Camera/virtual_cameras.json
[INF][Config] Merged fragment from: Core:Story/lines.json
[INF][Config] Merged fragment from: Core:Story/presentation_profiles.json
[INF][Config] Merged fragment from: Core:Story/speakers.json
[INF][Config] Merged fragment from: Core:Dialogue/dialogues.json
[INF][Config] Merged fragment from: Core:Sequencer/sequences.json
[INF][ModLoader] No registration conflicts detected.
[INF][Config] Merged fragment from: Core:config_catalog.json
[INF][Config] Merged fragment from: CaseESelectionMod:assets/config_catalog.json
[INF][Config] Merged fragment from: Core:Input/default_input.json
[INF][Config] Merged fragment from: CaseESelectionMod:assets/Input/default_input.json
[INF][Engine] Firing GameStart event...
[LudotsCoreMod] Core systems installed
[INF][Engine] Loading Map: case_e_selection_field
[INF][Map] Loading Map: case_e_selection_field
[INF][Config] Merged fragment from: CaseESelectionMod:assets/Maps/case_e_selection_field.json
[INF][Map] Map 'case_e_selection_field' loaded.
[INF][Map] Map 'case_e_selection_field' pushed to focus (stack depth=1).
[INF][Config] Merged fragment from: Core:Navigation/pathing.json
[INF][Engine] Pathing bootstrap skipped for map 'case_e_selection_field': no node-graph board or navmesh query service is loaded.
[INF][Engine] Creating Entities from MapConfig...
[INF][Engine] Registered 2 triggers for map 'case_e_selection_field'.
[INF][Engine] Applied DefaultCamera: yaw=0 pitch=52 dist=3400cm fov=45
[INF][Engine] Firing MapLoaded event for case_e_selection_field...
[WRN][Engine] Duplicate registration for trigger type TriggerGraphMountTrigger. Keeping original.
[WRN][Engine] Duplicate registration for trigger type TriggerGraphResumeTrigger. Keeping original.
[INF][Engine] Appended 2 triggers to map 'case_e_selection_field'.
[WRN][Engine] Duplicate registration for trigger type TriggerGraphMountTrigger. Keeping original.
[WRN][Engine] Duplicate registration for trigger type TriggerGraphResumeTrigger. Keeping original.
[WRN][Engine] Duplicate registration for trigger type TriggerGraphMountTrigger. Keeping original.
[WRN][Engine] Duplicate registration for trigger type TriggerGraphResumeTrigger. Keeping original.
[INF][Engine] Appended 4 triggers to map 'case_e_selection_field'.
[WRN][Engine] Duplicate registration for trigger type TriggerGraphMountTrigger. Keeping original.
[WRN][Engine] Duplicate registration for trigger type TriggerGraphResumeTrigger. Keeping original.
[INF][Engine] Appended 2 triggers to map 'case_e_selection_field'.
[WRN][Engine] Duplicate registration for trigger type TriggerGraphMountTrigger. Keeping original.
[WRN][Engine] Duplicate registration for trigger type TriggerGraphResumeTrigger. Keeping original.
[WRN][Engine] Duplicate registration for trigger type TriggerGraphMountTrigger. Keeping original.
[WRN][Engine] Duplicate registration for trigger type TriggerGraphResumeTrigger. Keeping original.
[INF][Engine] Appended 4 triggers to map 'case_e_selection_field'.
[WRN][Engine] Duplicate registration for trigger type TriggerGraphMountTrigger. Keeping original.
[WRN][Engine] Duplicate registration for trigger type TriggerGraphResumeTrigger. Keeping original.
[INF][Engine] Appended 2 triggers to map 'case_e_selection_field'.
[WRN][Engine] Duplicate registration for trigger type TriggerGraphMountTrigger. Keeping original.
[WRN][Engine] Duplicate registration for trigger type TriggerGraphResumeTrigger. Keeping original.
[WRN][Engine] Duplicate registration for trigger type TriggerGraphMountTrigger. Keeping original.
[WRN][Engine] Duplicate registration for trigger type TriggerGraphResumeTrigger. Keeping original.
[INF][Engine] Appended 4 triggers to map 'case_e_selection_field'.
[WRN][Engine] Duplicate registration for trigger type TriggerGraphMountTrigger. Keeping original.
[WRN][Engine] Duplicate registration for trigger type TriggerGraphResumeTrigger. Keeping original.
[INF][Engine] Appended 2 triggers to map 'case_e_selection_field'.
[WRN][Engine] Duplicate registration for trigger type TriggerGraphMountTrigger. Keeping original.
[WRN][Engine] Duplicate registration for trigger type TriggerGraphResumeTrigger. Keeping original.
[WRN][Engine] Duplicate registration for trigger type TriggerGraphMountTrigger. Keeping original.
[WRN][Engine] Duplicate registration for trigger type TriggerGraphResumeTrigger. Keeping original.
[INF][Engine] Appended 4 triggers to map 'case_e_selection_field'.
[WRN][Engine] Duplicate registration for trigger type TriggerGraphMountTrigger. Keeping original.
[WRN][Engine] Duplicate registration for trigger type TriggerGraphResumeTrigger. Keeping original.
[INF][Engine] Appended 2 triggers to map 'case_e_selection_field'.
[INF][Engine] Unloading ModLoader contexts...
[INF][Engine] Disposing JobScheduler...

[INF][Engine] Initializing with ConfigPipeline...
[INF][Engine] Resolving mod dependencies from explicit mod paths: mods=2
[INF][ModLoader] Mod Load Order:
[INF][ModLoader] - LudotsCoreMod (P:-1000)
[INF][ModLoader] - CaseESelectionMod (P:0)
[INF][ModLoader] Resolved Mod Load Order (launcher graph):
[INF][ModLoader] - LudotsCoreMod (P:-1000)
[INF][ModLoader] - CaseESelectionMod (P:0)
[INF][ModLoader] Loading DLL for LudotsCoreMod at C:\001_AI\wt-case-e-consolidation\mods\LudotsCoreMod\bin\net9.0\LudotsCoreMod.dll
[INF][ModLoader] Scanning 2 types in assembly...
[INF][ModLoader] Instantiated entry for LudotsCoreMod. Calling OnLoad...
[INF][Mod.LudotsCoreMod] [LudotsCoreMod] Loaded - Core game framework initialized
[INF][ModLoader] LudotsCoreMod OnLoad completed.
[INF][ModLoader] Loaded LudotsCoreMod
[INF][ModLoader] Loading DLL for CaseESelectionMod at C:\001_AI\wt-case-e-consolidation\mods\showcases\case_e_selection\CaseESelectionMod\bin\net9.0\CaseESelectionMod.dll
[INF][ModLoader] Scanning 7 types in assembly...
[INF][ModLoader] Instantiated entry for CaseESelectionMod. Calling OnLoad...
[INF][ModLoader] CaseESelectionMod OnLoad completed.
[INF][ModLoader] Loaded CaseESelectionMod
[INF][Config] Merged fragment from: Core:game.json
[INF][Config] Merged fragment from: LudotsCoreMod:assets/game.json
[INF][Config] Merged fragment from: CaseESelectionMod:assets/game.json
[INF][Config] Merged fragment from: Core:config_catalog.json
[INF][Config] Merged fragment from: CaseESelectionMod:assets/config_catalog.json
[INF][Config] Merged fragment from: Core:Navigation/agent_profiles.json
[INF][Engine] Merged GameConfig: StartupMapId=case_e_selection_10k_field, DefaultCoreMod=LudotsCoreMod
[INF][Engine] Constants loaded: OrderTypeIds=4, ResponseChainOrderTypeIds=3
[INF][Engine] Initializing JobScheduler...
[INF][Config] Loading DataRegistry<EntityTemplate> from Entities/templates.json...
[INF][Config] Merged fragment from: LudotsCoreMod:assets/Entities/templates.json
[INF][Config] Merged fragment from: CaseESelectionMod:assets/Entities/templates.json
[INF][Config] Loaded 7 DataRegistry<EntityTemplate> items.
[INF][Engine] Initializing Core GAS Systems...
[INF][Config] Merged fragment from: Core:Engine/clock.json
[INF][Config] Merged fragment from: Core:Relationships/catalog.json
[INF][Config] Merged fragment from: LudotsCoreMod:assets/Relationships/catalog.json
[INF][Config] Merged fragment from: Core:Relationships/control_profiles.json
[INF][Config] Merged fragment from: Core:GAS/target_dispatch_presets.json
[INF][Config] Merged fragment from: Core:GAS/clock.json
[INF][Config] Merged fragment from: Core:Physics2D/clock.json
[INF][Config] Merged fragment from: Core:Physics2D/solver.json
[INF][Config] Merged fragment from: Core:Physics2D/kinematic.json
[INF][Config] Merged fragment from: Core:GAS/attribute_constraints.json
[INF][Config] Merged fragment from: CaseESelectionMod:assets/GAS/attribute_constraints.json
[INF][Config] Merged fragment from: Core:Enums/enums.json
[INF][Config] Merged fragment from: CaseESelectionMod:assets/Events/custom_events.json
[INF][Config] Merged fragment from: Core:Vision/fog_layers.json
[INF][Config] Merged fragment from: LudotsCoreMod:assets/Presentation/text_tokens.json
[INF][Config] Merged fragment from: LudotsCoreMod:assets/Presentation/text_tokens.json
[INF][Config] Merged fragment from: LudotsCoreMod:assets/Presentation/text_locales.json
[INF][Config] Merged fragment from: Core:GraphTables/lookup_tables.json
[INF][Config] Merged fragment from: Core:GAS/graphs.json
[INF][Config] Merged fragment from: CaseESelectionMod:assets/GAS/graphs/graph.case_e.box_begin.json
[INF][Config] Merged fragment from: CaseESelectionMod:assets/GAS/graphs/graph.case_e.box_commit.json
[INF][Config] Merged fragment from: CaseESelectionMod:assets/GAS/graphs/graph.case_e.box_hit.json
[INF][Config] Merged fragment from: CaseESelectionMod:assets/GAS/graphs/graph.case_e.box_hover_clear.json
[INF][Config] Merged fragment from: CaseESelectionMod:assets/GAS/graphs/graph.case_e.box_hover_tick.json
[INF][Config] Merged fragment from: CaseESelectionMod:assets/GAS/graphs/graph.case_e.candidates.json
[INF][Config] Merged fragment from: CaseESelectionMod:assets/GAS/graphs/graph.case_e.candidates_player2.json
[INF][Config] Merged fragment from: CaseESelectionMod:assets/GAS/graphs/graph.case_e.roster_sync.json
[INF][Config] Merged fragment from: CaseESelectionMod:assets/GAS/graphs/graph.case_e.roster_sync_player2.json
[INF][Config] Merged fragment from: CaseESelectionMod:assets/GAS/graphs/graph.case_e.selection_commit.json
[INF][Config] Merged fragment from: Core:GAS/preset_types.json
[INF][Config] Merged fragment from: Core:Exchange/operations.json
[INF][Config] Merged fragment from: Core:Progression/scopes.json
[INF][Config] Merged fragment from: Core:Progression/progressions.json
[INF][Config] Merged fragment from: Core:Progression/requirements.json
[INF][Config] Merged fragment from: LudotsCoreMod:assets/GAS/order_types.json
[INF][Config] Merged fragment from: Core:GAS/effects.json
[INF][Config] Merged fragment from: Core:GAS/func_lib.json
[INF][Config] Merged fragment from: Core:GAS/action_lib.json
[INF][Config] Merged fragment from: Core:Items/shapes.json
[INF][Config] Merged fragment from: Core:Items/layouts.json
[INF][Config] Merged fragment from: Core:Items/definitions.json
[INF][Config] Merged fragment from: Core:Exchange/operations.json
[INF][Config] Merged fragment from: Core:Panels/panel_templates.json
[INF][Config] Merged fragment from: Core:Input/filter_profiles.json
[INF][Config] Merged fragment from: Core:Presentation/lod_profiles.json
[INF][Config] Merged fragment from: Core:Presentation/particle_vfx.json
[INF][Config] Merged fragment from: LudotsCoreMod:assets/Presentation/mesh_assets.json
[INF][Config] Merged fragment from: CaseESelectionMod:assets/Presentation/mesh_assets.json
[INF][Config] Merged fragment from: LudotsCoreMod:assets/Presentation/material_assets.json
[INF][Config] Merged fragment from: LudotsCoreMod:assets/Presentation/animator_controllers.json
[INF][Config] Merged fragment from: LudotsCoreMod:assets/Presentation/animation_clips.json
[INF][Config] Merged fragment from: LudotsCoreMod:assets/Presentation/animation_profiles.json
[INF][Config] Merged fragment from: Core:Input/interaction_context_profiles.json
[INF][Config] Merged fragment from: CaseESelectionMod:assets/Input/interaction_context_profiles.json
[INF][Config] Merged fragment from: LudotsCoreMod:assets/Presentation/presenters.json
[INF][Config] Merged fragment from: CaseESelectionMod:assets/Presentation/presenters.json
[INF][Config] Merged fragment from: Core:GAS/attribute_bindings.json
[INF][Config] Merged fragment from: Core:config_catalog.json
[INF][Config] Merged fragment from: CaseESelectionMod:assets/config_catalog.json
[INF][Config] Merged fragment from: Core:Input/default_input.json
[INF][Config] Merged fragment from: CaseESelectionMod:assets/Input/default_input.json
[INF][Config] Merged fragment from: Core:Input/action_attribute_bindings.json
[INF][Config] Merged fragment from: CaseESelectionMod:assets/Input/action_attribute_bindings.json
[INF][Config] Merged fragment from: Core:Input/command_intent_profiles.json
[INF][Config] Merged fragment from: Core:Input/cast_commit_profiles.json
[INF][Config] Merged fragment from: Core:Input/cast_commit_locks.json
[INF][Config] Merged fragment from: Core:Input/cast_dispatch_profiles.json
[INF][Config] Merged fragment from: Core:Input/control_schemes.json
[INF][Config] Merged fragment from: CaseESelectionMod:assets/Input/control_schemes.json
[INF][Config] Merged fragment from: Core:Input/interaction_prefs.json
[INF][Config] Merged fragment from: Core:Input/interaction_modes.json
[INF][Config] Merged fragment from: Core:UI/ability_aggregation_profiles.json
[INF][Config] Merged fragment from: Core:UI/command_deck_profiles.json
[INF][Config] Merged fragment from: Core:UI/production_overview_profiles.json
[INF][Config] Merged fragment from: Core:AI/behavior_trees.json
[INF][Config] Merged fragment from: Core:AI/hfsm.json
[INF][Config] Merged fragment from: Core:Presentation/semantic_maps.json
[INF][Config] Merged fragment from: Core:Presentation/image_assets.json
[INF][Config] Merged fragment from: Core:Camera/virtual_cameras.json
[INF][Config] Merged fragment from: Core:Story/lines.json
[INF][Config] Merged fragment from: Core:Story/presentation_profiles.json
[INF][Config] Merged fragment from: Core:Story/speakers.json
[INF][Config] Merged fragment from: Core:Dialogue/dialogues.json
[INF][Config] Merged fragment from: Core:Sequencer/sequences.json
[INF][ModLoader] No registration conflicts detected.
[INF][Config] Merged fragment from: Core:config_catalog.json
[INF][Config] Merged fragment from: CaseESelectionMod:assets/config_catalog.json
[INF][Config] Merged fragment from: Core:Input/default_input.json
[INF][Config] Merged fragment from: CaseESelectionMod:assets/Input/default_input.json
[INF][Engine] Firing GameStart event...
[LudotsCoreMod] Core systems installed
[INF][Engine] Loading Map: case_e_selection_field
[INF][Map] Loading Map: case_e_selection_field
[INF][Config] Merged fragment from: CaseESelectionMod:assets/Maps/case_e_selection_field.json
[INF][Map] Map 'case_e_selection_field' loaded.
[INF][Map] Map 'case_e_selection_field' pushed to focus (stack depth=1).
[INF][Config] Merged fragment from: Core:Navigation/pathing.json
[INF][Engine] Pathing bootstrap skipped for map 'case_e_selection_field': no node-graph board or navmesh query service is loaded.
[INF][Engine] Creating Entities from MapConfig...
[INF][Engine] Registered 2 triggers for map 'case_e_selection_field'.
[INF][Engine] Applied DefaultCamera: yaw=0 pitch=52 dist=3400cm fov=45
[INF][Engine] Firing MapLoaded event for case_e_selection_field...
[WRN][Engine] Duplicate registration for trigger type TriggerGraphMountTrigger. Keeping original.
[WRN][Engine] Duplicate registration for trigger type TriggerGraphResumeTrigger. Keeping original.
[INF][Engine] Appended 2 triggers to map 'case_e_selection_field'.
[WRN][Engine] Duplicate registration for trigger type TriggerGraphMountTrigger. Keeping original.
[WRN][Engine] Duplicate registration for trigger type TriggerGraphResumeTrigger. Keeping original.
[WRN][Engine] Duplicate registration for trigger type TriggerGraphMountTrigger. Keeping original.
[WRN][Engine] Duplicate registration for trigger type TriggerGraphResumeTrigger. Keeping original.
[INF][Engine] Appended 4 triggers to map 'case_e_selection_field'.
[WRN][Engine] Duplicate registration for trigger type TriggerGraphMountTrigger. Keeping original.
[WRN][Engine] Duplicate registration for trigger type TriggerGraphResumeTrigger. Keeping original.
[INF][Engine] Appended 2 triggers to map 'case_e_selection_field'.
[WRN][Engine] Duplicate registration for trigger type TriggerGraphMountTrigger. Keeping original.
[WRN][Engine] Duplicate registration for trigger type TriggerGraphResumeTrigger. Keeping original.
[WRN][Engine] Duplicate registration for trigger type TriggerGraphMountTrigger. Keeping original.
[WRN][Engine] Duplicate registration for trigger type TriggerGraphResumeTrigger. Keeping original.
[INF][Engine] Appended 4 triggers to map 'case_e_selection_field'.
[WRN][Engine] Duplicate registration for trigger type TriggerGraphMountTrigger. Keeping original.
[WRN][Engine] Duplicate registration for trigger type TriggerGraphResumeTrigger. Keeping original.
[INF][Engine] Appended 2 triggers to map 'case_e_selection_field'.
[WRN][Engine] Duplicate registration for trigger type TriggerGraphMountTrigger. Keeping original.
[WRN][Engine] Duplicate registration for trigger type TriggerGraphResumeTrigger. Keeping original.
[WRN][Engine] Duplicate registration for trigger type TriggerGraphMountTrigger. Keeping original.
[WRN][Engine] Duplicate registration for trigger type TriggerGraphResumeTrigger. Keeping original.
[INF][Engine] Appended 4 triggers to map 'case_e_selection_field'.
[WRN][Engine] Duplicate registration for trigger type TriggerGraphMountTrigger. Keeping original.
[WRN][Engine] Duplicate registration for trigger type TriggerGraphResumeTrigger. Keeping original.
[INF][Engine] Appended 2 triggers to map 'case_e_selection_field'.
[WRN][Engine] Duplicate registration for trigger type TriggerGraphMountTrigger. Keeping original.
[WRN][Engine] Duplicate registration for trigger type TriggerGraphResumeTrigger. Keeping original.
[WRN][Engine] Duplicate registration for trigger type TriggerGraphMountTrigger. Keeping original.
[WRN][Engine] Duplicate registration for trigger type TriggerGraphResumeTrigger. Keeping original.
[INF][Engine] Appended 4 triggers to map 'case_e_selection_field'.
[WRN][Engine] Duplicate registration for trigger type TriggerGraphMountTrigger. Keeping original.
[WRN][Engine] Duplicate registration for trigger type TriggerGraphResumeTrigger. Keeping original.
[INF][Engine] Appended 2 triggers to map 'case_e_selection_field'.
[INF][Engine] Unloading ModLoader contexts...
[INF][Engine] Disposing JobScheduler...

  已通过 FastBoxRelease_ClearsGestureAndPreview(3,False) [298 ms]
  已通过 FastBoxRelease_ClearsGestureAndPreview(6,False) [311 ms]
  已通过 FastBoxRelease_ClearsGestureAndPreview(1,True) [481 ms]
  已通过 FastBoxRelease_ClearsGestureAndPreview(2,True) [314 ms]
  已通过 FastBoxRelease_ClearsGestureAndPreview(3,True) [338 ms]
[INF][Engine] Initializing with ConfigPipeline...
[INF][Engine] Resolving mod dependencies from explicit mod paths: mods=2
[INF][ModLoader] Mod Load Order:
[INF][ModLoader] - LudotsCoreMod (P:-1000)
[INF][ModLoader] - CaseESelectionMod (P:0)
[INF][ModLoader] Resolved Mod Load Order (launcher graph):
[INF][ModLoader] - LudotsCoreMod (P:-1000)
[INF][ModLoader] - CaseESelectionMod (P:0)
[INF][ModLoader] Loading DLL for LudotsCoreMod at C:\001_AI\wt-case-e-consolidation\mods\LudotsCoreMod\bin\net9.0\LudotsCoreMod.dll
[INF][ModLoader] Scanning 2 types in assembly...
[INF][ModLoader] Instantiated entry for LudotsCoreMod. Calling OnLoad...
[INF][Mod.LudotsCoreMod] [LudotsCoreMod] Loaded - Core game framework initialized
[INF][ModLoader] LudotsCoreMod OnLoad completed.
[INF][ModLoader] Loaded LudotsCoreMod
[INF][ModLoader] Loading DLL for CaseESelectionMod at C:\001_AI\wt-case-e-consolidation\mods\showcases\case_e_selection\CaseESelectionMod\bin\net9.0\CaseESelectionMod.dll
[INF][ModLoader] Scanning 7 types in assembly...
[INF][ModLoader] Instantiated entry for CaseESelectionMod. Calling OnLoad...
[INF][ModLoader] CaseESelectionMod OnLoad completed.
[INF][ModLoader] Loaded CaseESelectionMod
[INF][Config] Merged fragment from: Core:game.json
[INF][Config] Merged fragment from: LudotsCoreMod:assets/game.json
[INF][Config] Merged fragment from: CaseESelectionMod:assets/game.json
[INF][Config] Merged fragment from: Core:config_catalog.json
[INF][Config] Merged fragment from: CaseESelectionMod:assets/config_catalog.json
[INF][Config] Merged fragment from: Core:Navigation/agent_profiles.json
[INF][Engine] Merged GameConfig: StartupMapId=case_e_selection_10k_field, DefaultCoreMod=LudotsCoreMod
[INF][Engine] Constants loaded: OrderTypeIds=4, ResponseChainOrderTypeIds=3
[INF][Engine] Initializing JobScheduler...
[INF][Config] Loading DataRegistry<EntityTemplate> from Entities/templates.json...
[INF][Config] Merged fragment from: LudotsCoreMod:assets/Entities/templates.json
[INF][Config] Merged fragment from: CaseESelectionMod:assets/Entities/templates.json
[INF][Config] Loaded 7 DataRegistry<EntityTemplate> items.
[INF][Engine] Initializing Core GAS Systems...
[INF][Config] Merged fragment from: Core:Engine/clock.json
[INF][Config] Merged fragment from: Core:Relationships/catalog.json
[INF][Config] Merged fragment from: LudotsCoreMod:assets/Relationships/catalog.json
[INF][Config] Merged fragment from: Core:Relationships/control_profiles.json
[INF][Config] Merged fragment from: Core:GAS/target_dispatch_presets.json
[INF][Config] Merged fragment from: Core:GAS/clock.json
[INF][Config] Merged fragment from: Core:Physics2D/clock.json
[INF][Config] Merged fragment from: Core:Physics2D/solver.json
[INF][Config] Merged fragment from: Core:Physics2D/kinematic.json
[INF][Config] Merged fragment from: Core:GAS/attribute_constraints.json
[INF][Config] Merged fragment from: CaseESelectionMod:assets/GAS/attribute_constraints.json
[INF][Config] Merged fragment from: Core:Enums/enums.json
[INF][Config] Merged fragment from: CaseESelectionMod:assets/Events/custom_events.json
[INF][Config] Merged fragment from: Core:Vision/fog_layers.json
[INF][Config] Merged fragment from: LudotsCoreMod:assets/Presentation/text_tokens.json
[INF][Config] Merged fragment from: LudotsCoreMod:assets/Presentation/text_tokens.json
[INF][Config] Merged fragment from: LudotsCoreMod:assets/Presentation/text_locales.json
[INF][Config] Merged fragment from: Core:GraphTables/lookup_tables.json
[INF][Config] Merged fragment from: Core:GAS/graphs.json
[INF][Config] Merged fragment from: CaseESelectionMod:assets/GAS/graphs/graph.case_e.box_begin.json
[INF][Config] Merged fragment from: CaseESelectionMod:assets/GAS/graphs/graph.case_e.box_commit.json
[INF][Config] Merged fragment from: CaseESelectionMod:assets/GAS/graphs/graph.case_e.box_hit.json
[INF][Config] Merged fragment from: CaseESelectionMod:assets/GAS/graphs/graph.case_e.box_hover_clear.json
[INF][Config] Merged fragment from: CaseESelectionMod:assets/GAS/graphs/graph.case_e.box_hover_tick.json
[INF][Config] Merged fragment from: CaseESelectionMod:assets/GAS/graphs/graph.case_e.candidates.json
[INF][Config] Merged fragment from: CaseESelectionMod:assets/GAS/graphs/graph.case_e.candidates_player2.json
[INF][Config] Merged fragment from: CaseESelectionMod:assets/GAS/graphs/graph.case_e.roster_sync.json
[INF][Config] Merged fragment from: CaseESelectionMod:assets/GAS/graphs/graph.case_e.roster_sync_player2.json
[INF][Config] Merged fragment from: CaseESelectionMod:assets/GAS/graphs/graph.case_e.selection_commit.json
[INF][Config] Merged fragment from: Core:GAS/preset_types.json
[INF][Config] Merged fragment from: Core:Exchange/operations.json
[INF][Config] Merged fragment from: Core:Progression/scopes.json
[INF][Config] Merged fragment from: Core:Progression/progressions.json
[INF][Config] Merged fragment from: Core:Progression/requirements.json
[INF][Config] Merged fragment from: LudotsCoreMod:assets/GAS/order_types.json
[INF][Config] Merged fragment from: Core:GAS/effects.json
[INF][Config] Merged fragment from: Core:GAS/func_lib.json
[INF][Config] Merged fragment from: Core:GAS/action_lib.json
[INF][Config] Merged fragment from: Core:Items/shapes.json
[INF][Config] Merged fragment from: Core:Items/layouts.json
[INF][Config] Merged fragment from: Core:Items/definitions.json
[INF][Config] Merged fragment from: Core:Exchange/operations.json
[INF][Config] Merged fragment from: Core:Panels/panel_templates.json
[INF][Config] Merged fragment from: Core:Input/filter_profiles.json
[INF][Config] Merged fragment from: Core:Presentation/lod_profiles.json
[INF][Config] Merged fragment from: Core:Presentation/particle_vfx.json
[INF][Config] Merged fragment from: LudotsCoreMod:assets/Presentation/mesh_assets.json
[INF][Config] Merged fragment from: CaseESelectionMod:assets/Presentation/mesh_assets.json
[INF][Config] Merged fragment from: LudotsCoreMod:assets/Presentation/material_assets.json
[INF][Config] Merged fragment from: LudotsCoreMod:assets/Presentation/animator_controllers.json
[INF][Config] Merged fragment from: LudotsCoreMod:assets/Presentation/animation_clips.json
[INF][Config] Merged fragment from: LudotsCoreMod:assets/Presentation/animation_profiles.json
[INF][Config] Merged fragment from: Core:Input/interaction_context_profiles.json
[INF][Config] Merged fragment from: CaseESelectionMod:assets/Input/interaction_context_profiles.json
[INF][Config] Merged fragment from: LudotsCoreMod:assets/Presentation/presenters.json
[INF][Config] Merged fragment from: CaseESelectionMod:assets/Presentation/presenters.json
[INF][Config] Merged fragment from: Core:GAS/attribute_bindings.json
[INF][Config] Merged fragment from: Core:config_catalog.json
[INF][Config] Merged fragment from: CaseESelectionMod:assets/config_catalog.json
[INF][Config] Merged fragment from: Core:Input/default_input.json
[INF][Config] Merged fragment from: CaseESelectionMod:assets/Input/default_input.json
[INF][Config] Merged fragment from: Core:Input/action_attribute_bindings.json
[INF][Config] Merged fragment from: CaseESelectionMod:assets/Input/action_attribute_bindings.json
[INF][Config] Merged fragment from: Core:Input/command_intent_profiles.json
[INF][Config] Merged fragment from: Core:Input/cast_commit_profiles.json
[INF][Config] Merged fragment from: Core:Input/cast_commit_locks.json
[INF][Config] Merged fragment from: Core:Input/cast_dispatch_profiles.json
[INF][Config] Merged fragment from: Core:Input/control_schemes.json
[INF][Config] Merged fragment from: CaseESelectionMod:assets/Input/control_schemes.json
[INF][Config] Merged fragment from: Core:Input/interaction_prefs.json
[INF][Config] Merged fragment from: Core:Input/interaction_modes.json
[INF][Config] Merged fragment from: Core:UI/ability_aggregation_profiles.json
[INF][Config] Merged fragment from: Core:UI/command_deck_profiles.json
[INF][Config] Merged fragment from: Core:UI/production_overview_profiles.json
[INF][Config] Merged fragment from: Core:AI/behavior_trees.json
[INF][Config] Merged fragment from: Core:AI/hfsm.json
[INF][Config] Merged fragment from: Core:Presentation/semantic_maps.json
[INF][Config] Merged fragment from: Core:Presentation/image_assets.json
[INF][Config] Merged fragment from: Core:Camera/virtual_cameras.json
[INF][Config] Merged fragment from: Core:Story/lines.json
[INF][Config] Merged fragment from: Core:Story/presentation_profiles.json
[INF][Config] Merged fragment from: Core:Story/speakers.json
[INF][Config] Merged fragment from: Core:Dialogue/dialogues.json
[INF][Config] Merged fragment from: Core:Sequencer/sequences.json
[INF][ModLoader] No registration conflicts detected.
[INF][Config] Merged fragment from: Core:config_catalog.json
[INF][Config] Merged fragment from: CaseESelectionMod:assets/config_catalog.json
[INF][Config] Merged fragment from: Core:Input/default_input.json
[INF][Config] Merged fragment from: CaseESelectionMod:assets/Input/default_input.json
[INF][Engine] Firing GameStart event...
[LudotsCoreMod] Core systems installed
[INF][Engine] Loading Map: case_e_selection_field
[INF][Map] Loading Map: case_e_selection_field
[INF][Config] Merged fragment from: CaseESelectionMod:assets/Maps/case_e_selection_field.json
[INF][Map] Map 'case_e_selection_field' loaded.
[INF][Map] Map 'case_e_selection_field' pushed to focus (stack depth=1).
[INF][Config] Merged fragment from: Core:Navigation/pathing.json
[INF][Engine] Pathing bootstrap skipped for map 'case_e_selection_field': no node-graph board or navmesh query service is loaded.
[INF][Engine] Creating Entities from MapConfig...
[INF][Engine] Registered 2 triggers for map 'case_e_selection_field'.
[INF][Engine] Applied DefaultCamera: yaw=0 pitch=52 dist=3400cm fov=45
[INF][Engine] Firing MapLoaded event for case_e_selection_field...
[WRN][Engine] Duplicate registration for trigger type TriggerGraphMountTrigger. Keeping original.
[WRN][Engine] Duplicate registration for trigger type TriggerGraphResumeTrigger. Keeping original.
[INF][Engine] Appended 2 triggers to map 'case_e_selection_field'.
[WRN][Engine] Duplicate registration for trigger type TriggerGraphMountTrigger. Keeping original.
[WRN][Engine] Duplicate registration for trigger type TriggerGraphResumeTrigger. Keeping original.
[WRN][Engine] Duplicate registration for trigger type TriggerGraphMountTrigger. Keeping original.
[WRN][Engine] Duplicate registration for trigger type TriggerGraphResumeTrigger. Keeping original.
[INF][Engine] Appended 4 triggers to map 'case_e_selection_field'.
[WRN][Engine] Duplicate registration for trigger type TriggerGraphMountTrigger. Keeping original.
[WRN][Engine] Duplicate registration for trigger type TriggerGraphResumeTrigger. Keeping original.
[INF][Engine] Appended 2 triggers to map 'case_e_selection_field'.
[WRN][Engine] Duplicate registration for trigger type TriggerGraphMountTrigger. Keeping original.
[WRN][Engine] Duplicate registration for trigger type TriggerGraphResumeTrigger. Keeping original.
[WRN][Engine] Duplicate registration for trigger type TriggerGraphMountTrigger. Keeping original.
[WRN][Engine] Duplicate registration for trigger type TriggerGraphResumeTrigger. Keeping original.
[INF][Engine] Appended 4 triggers to map 'case_e_selection_field'.
[WRN][Engine] Duplicate registration for trigger type TriggerGraphMountTrigger. Keeping original.
[WRN][Engine] Duplicate registration for trigger type TriggerGraphResumeTrigger. Keeping original.
[INF][Engine] Appended 2 triggers to map 'case_e_selection_field'.
[WRN][Engine] Duplicate registration for trigger type TriggerGraphMountTrigger. Keeping original.
[WRN][Engine] Duplicate registration for trigger type TriggerGraphResumeTrigger. Keeping original.
[WRN][Engine] Duplicate registration for trigger type TriggerGraphMountTrigger. Keeping original.
[WRN][Engine] Duplicate registration for trigger type TriggerGraphResumeTrigger. Keeping original.
[INF][Engine] Appended 4 triggers to map 'case_e_selection_field'.
[WRN][Engine] Duplicate registration for trigger type TriggerGraphMountTrigger. Keeping original.
[WRN][Engine] Duplicate registration for trigger type TriggerGraphResumeTrigger. Keeping original.
[INF][Engine] Appended 2 triggers to map 'case_e_selection_field'.
[WRN][Engine] Duplicate registration for trigger type TriggerGraphMountTrigger. Keeping original.
[WRN][Engine] Duplicate registration for trigger type TriggerGraphResumeTrigger. Keeping original.
[WRN][Engine] Duplicate registration for trigger type TriggerGraphMountTrigger. Keeping original.
[WRN][Engine] Duplicate registration for trigger type TriggerGraphResumeTrigger. Keeping original.
[INF][Engine] Appended 4 triggers to map 'case_e_selection_field'.
[WRN][Engine] Duplicate registration for trigger type TriggerGraphMountTrigger. Keeping original.
[WRN][Engine] Duplicate registration for trigger type TriggerGraphResumeTrigger. Keeping original.
[INF][Engine] Appended 2 triggers to map 'case_e_selection_field'.
[INF][Engine] Unloading ModLoader contexts...
[INF][Engine] Disposing JobScheduler...

[INF][Engine] Initializing with ConfigPipeline...
[INF][Engine] Resolving mod dependencies from explicit mod paths: mods=2
[INF][ModLoader] Mod Load Order:
[INF][ModLoader] - LudotsCoreMod (P:-1000)
[INF][ModLoader] - CaseESelectionMod (P:0)
[INF][ModLoader] Resolved Mod Load Order (launcher graph):
[INF][ModLoader] - LudotsCoreMod (P:-1000)
[INF][ModLoader] - CaseESelectionMod (P:0)
[INF][ModLoader] Loading DLL for LudotsCoreMod at C:\001_AI\wt-case-e-consolidation\mods\LudotsCoreMod\bin\net9.0\LudotsCoreMod.dll
[INF][ModLoader] Scanning 2 types in assembly...
[INF][ModLoader] Instantiated entry for LudotsCoreMod. Calling OnLoad...
[INF][Mod.LudotsCoreMod] [LudotsCoreMod] Loaded - Core game framework initialized
[INF][ModLoader] LudotsCoreMod OnLoad completed.
[INF][ModLoader] Loaded LudotsCoreMod
[INF][ModLoader] Loading DLL for CaseESelectionMod at C:\001_AI\wt-case-e-consolidation\mods\showcases\case_e_selection\CaseESelectionMod\bin\net9.0\CaseESelectionMod.dll
[INF][ModLoader] Scanning 7 types in assembly...
[INF][ModLoader] Instantiated entry for CaseESelectionMod. Calling OnLoad...
[INF][ModLoader] CaseESelectionMod OnLoad completed.
[INF][ModLoader] Loaded CaseESelectionMod
[INF][Config] Merged fragment from: Core:game.json
[INF][Config] Merged fragment from: LudotsCoreMod:assets/game.json
[INF][Config] Merged fragment from: CaseESelectionMod:assets/game.json
[INF][Config] Merged fragment from: Core:config_catalog.json
[INF][Config] Merged fragment from: CaseESelectionMod:assets/config_catalog.json
[INF][Config] Merged fragment from: Core:Navigation/agent_profiles.json
[INF][Engine] Merged GameConfig: StartupMapId=case_e_selection_10k_field, DefaultCoreMod=LudotsCoreMod
[INF][Engine] Constants loaded: OrderTypeIds=4, ResponseChainOrderTypeIds=3
[INF][Engine] Initializing JobScheduler...
[INF][Config] Loading DataRegistry<EntityTemplate> from Entities/templates.json...
[INF][Config] Merged fragment from: LudotsCoreMod:assets/Entities/templates.json
[INF][Config] Merged fragment from: CaseESelectionMod:assets/Entities/templates.json
[INF][Config] Loaded 7 DataRegistry<EntityTemplate> items.
[INF][Engine] Initializing Core GAS Systems...
[INF][Config] Merged fragment from: Core:Engine/clock.json
[INF][Config] Merged fragment from: Core:Relationships/catalog.json
[INF][Config] Merged fragment from: LudotsCoreMod:assets/Relationships/catalog.json
[INF][Config] Merged fragment from: Core:Relationships/control_profiles.json
[INF][Config] Merged fragment from: Core:GAS/target_dispatch_presets.json
[INF][Config] Merged fragment from: Core:GAS/clock.json
[INF][Config] Merged fragment from: Core:Physics2D/clock.json
[INF][Config] Merged fragment from: Core:Physics2D/solver.json
[INF][Config] Merged fragment from: Core:Physics2D/kinematic.json
[INF][Config] Merged fragment from: Core:GAS/attribute_constraints.json
[INF][Config] Merged fragment from: CaseESelectionMod:assets/GAS/attribute_constraints.json
[INF][Config] Merged fragment from: Core:Enums/enums.json
[INF][Config] Merged fragment from: CaseESelectionMod:assets/Events/custom_events.json
[INF][Config] Merged fragment from: Core:Vision/fog_layers.json
[INF][Config] Merged fragment from: LudotsCoreMod:assets/Presentation/text_tokens.json
[INF][Config] Merged fragment from: LudotsCoreMod:assets/Presentation/text_tokens.json
[INF][Config] Merged fragment from: LudotsCoreMod:assets/Presentation/text_locales.json
[INF][Config] Merged fragment from: Core:GraphTables/lookup_tables.json
[INF][Config] Merged fragment from: Core:GAS/graphs.json
[INF][Config] Merged fragment from: CaseESelectionMod:assets/GAS/graphs/graph.case_e.box_begin.json
[INF][Config] Merged fragment from: CaseESelectionMod:assets/GAS/graphs/graph.case_e.box_commit.json
[INF][Config] Merged fragment from: CaseESelectionMod:assets/GAS/graphs/graph.case_e.box_hit.json
[INF][Config] Merged fragment from: CaseESelectionMod:assets/GAS/graphs/graph.case_e.box_hover_clear.json
[INF][Config] Merged fragment from: CaseESelectionMod:assets/GAS/graphs/graph.case_e.box_hover_tick.json
[INF][Config] Merged fragment from: CaseESelectionMod:assets/GAS/graphs/graph.case_e.candidates.json
[INF][Config] Merged fragment from: CaseESelectionMod:assets/GAS/graphs/graph.case_e.candidates_player2.json
[INF][Config] Merged fragment from: CaseESelectionMod:assets/GAS/graphs/graph.case_e.roster_sync.json
[INF][Config] Merged fragment from: CaseESelectionMod:assets/GAS/graphs/graph.case_e.roster_sync_player2.json
[INF][Config] Merged fragment from: CaseESelectionMod:assets/GAS/graphs/graph.case_e.selection_commit.json
[INF][Config] Merged fragment from: Core:GAS/preset_types.json
[INF][Config] Merged fragment from: Core:Exchange/operations.json
[INF][Config] Merged fragment from: Core:Progression/scopes.json
[INF][Config] Merged fragment from: Core:Progression/progressions.json
[INF][Config] Merged fragment from: Core:Progression/requirements.json
[INF][Config] Merged fragment from: LudotsCoreMod:assets/GAS/order_types.json
[INF][Config] Merged fragment from: Core:GAS/effects.json
[INF][Config] Merged fragment from: Core:GAS/func_lib.json
[INF][Config] Merged fragment from: Core:GAS/action_lib.json
[INF][Config] Merged fragment from: Core:Items/shapes.json
[INF][Config] Merged fragment from: Core:Items/layouts.json
[INF][Config] Merged fragment from: Core:Items/definitions.json
[INF][Config] Merged fragment from: Core:Exchange/operations.json
[INF][Config] Merged fragment from: Core:Panels/panel_templates.json
[INF][Config] Merged fragment from: Core:Input/filter_profiles.json
[INF][Config] Merged fragment from: Core:Presentation/lod_profiles.json
[INF][Config] Merged fragment from: Core:Presentation/particle_vfx.json
[INF][Config] Merged fragment from: LudotsCoreMod:assets/Presentation/mesh_assets.json
[INF][Config] Merged fragment from: CaseESelectionMod:assets/Presentation/mesh_assets.json
[INF][Config] Merged fragment from: LudotsCoreMod:assets/Presentation/material_assets.json
[INF][Config] Merged fragment from: LudotsCoreMod:assets/Presentation/animator_controllers.json
[INF][Config] Merged fragment from: LudotsCoreMod:assets/Presentation/animation_clips.json
[INF][Config] Merged fragment from: LudotsCoreMod:assets/Presentation/animation_profiles.json
[INF][Config] Merged fragment from: Core:Input/interaction_context_profiles.json
[INF][Config] Merged fragment from: CaseESelectionMod:assets/Input/interaction_context_profiles.json
[INF][Config] Merged fragment from: LudotsCoreMod:assets/Presentation/presenters.json
[INF][Config] Merged fragment from: CaseESelectionMod:assets/Presentation/presenters.json
[INF][Config] Merged fragment from: Core:GAS/attribute_bindings.json
[INF][Config] Merged fragment from: Core:config_catalog.json
[INF][Config] Merged fragment from: CaseESelectionMod:assets/config_catalog.json
[INF][Config] Merged fragment from: Core:Input/default_input.json
[INF][Config] Merged fragment from: CaseESelectionMod:assets/Input/default_input.json
[INF][Config] Merged fragment from: Core:Input/action_attribute_bindings.json
[INF][Config] Merged fragment from: CaseESelectionMod:assets/Input/action_attribute_bindings.json
[INF][Config] Merged fragment from: Core:Input/command_intent_profiles.json
[INF][Config] Merged fragment from: Core:Input/cast_commit_profiles.json
[INF][Config] Merged fragment from: Core:Input/cast_commit_locks.json
[INF][Config] Merged fragment from: Core:Input/cast_dispatch_profiles.json
[INF][Config] Merged fragment from: Core:Input/control_schemes.json
[INF][Config] Merged fragment from: CaseESelectionMod:assets/Input/control_schemes.json
[INF][Config] Merged fragment from: Core:Input/interaction_prefs.json
[INF][Config] Merged fragment from: Core:Input/interaction_modes.json
[INF][Config] Merged fragment from: Core:UI/ability_aggregation_profiles.json
[INF][Config] Merged fragment from: Core:UI/command_deck_profiles.json
[INF][Config] Merged fragment from: Core:UI/production_overview_profiles.json
[INF][Config] Merged fragment from: Core:AI/behavior_trees.json
[INF][Config] Merged fragment from: Core:AI/hfsm.json
[INF][Config] Merged fragment from: Core:Presentation/semantic_maps.json
[INF][Config] Merged fragment from: Core:Presentation/image_assets.json
[INF][Config] Merged fragment from: Core:Camera/virtual_cameras.json
[INF][Config] Merged fragment from: Core:Story/lines.json
[INF][Config] Merged fragment from: Core:Story/presentation_profiles.json
[INF][Config] Merged fragment from: Core:Story/speakers.json
[INF][Config] Merged fragment from: Core:Dialogue/dialogues.json
[INF][Config] Merged fragment from: Core:Sequencer/sequences.json
[INF][ModLoader] No registration conflicts detected.
[INF][Config] Merged fragment from: Core:config_catalog.json
[INF][Config] Merged fragment from: CaseESelectionMod:assets/config_catalog.json
[INF][Config] Merged fragment from: Core:Input/default_input.json
[INF][Config] Merged fragment from: CaseESelectionMod:assets/Input/default_input.json
[INF][Engine] Firing GameStart event...
[LudotsCoreMod] Core systems installed
[INF][Engine] Loading Map: case_e_selection_field
[INF][Map] Loading Map: case_e_selection_field
[INF][Config] Merged fragment from: CaseESelectionMod:assets/Maps/case_e_selection_field.json
[INF][Map] Map 'case_e_selection_field' loaded.
[INF][Map] Map 'case_e_selection_field' pushed to focus (stack depth=1).
[INF][Config] Merged fragment from: Core:Navigation/pathing.json
[INF][Engine] Pathing bootstrap skipped for map 'case_e_selection_field': no node-graph board or navmesh query service is loaded.
[INF][Engine] Creating Entities from MapConfig...
[INF][Engine] Registered 2 triggers for map 'case_e_selection_field'.
[INF][Engine] Applied DefaultCamera: yaw=0 pitch=52 dist=3400cm fov=45
[INF][Engine] Firing MapLoaded event for case_e_selection_field...
[WRN][Engine] Duplicate registration for trigger type TriggerGraphMountTrigger. Keeping original.
[WRN][Engine] Duplicate registration for trigger type TriggerGraphResumeTrigger. Keeping original.
[INF][Engine] Appended 2 triggers to map 'case_e_selection_field'.
[WRN][Engine] Duplicate registration for trigger type TriggerGraphMountTrigger. Keeping original.
[WRN][Engine] Duplicate registration for trigger type TriggerGraphResumeTrigger. Keeping original.
[WRN][Engine] Duplicate registration for trigger type TriggerGraphMountTrigger. Keeping original.
[WRN][Engine] Duplicate registration for trigger type TriggerGraphResumeTrigger. Keeping original.
[INF][Engine] Appended 4 triggers to map 'case_e_selection_field'.
[WRN][Engine] Duplicate registration for trigger type TriggerGraphMountTrigger. Keeping original.
[WRN][Engine] Duplicate registration for trigger type TriggerGraphResumeTrigger. Keeping original.
[INF][Engine] Appended 2 triggers to map 'case_e_selection_field'.
[INF][Engine] Unloading ModLoader contexts...
[INF][Engine] Disposing JobScheduler...

[INF][Engine] Initializing with ConfigPipeline...
[INF][Engine] Resolving mod dependencies from explicit mod paths: mods=2
[INF][ModLoader] Mod Load Order:
[INF][ModLoader] - LudotsCoreMod (P:-1000)
[INF][ModLoader] - CaseESelectionMod (P:0)
[INF][ModLoader] Resolved Mod Load Order (launcher graph):
[INF][ModLoader] - LudotsCoreMod (P:-1000)
[INF][ModLoader] - CaseESelectionMod (P:0)
[INF][ModLoader] Loading DLL for LudotsCoreMod at C:\001_AI\wt-case-e-consolidation\mods\LudotsCoreMod\bin\net9.0\LudotsCoreMod.dll
[INF][ModLoader] Scanning 2 types in assembly...
[INF][ModLoader] Instantiated entry for LudotsCoreMod. Calling OnLoad...
[INF][Mod.LudotsCoreMod] [LudotsCoreMod] Loaded - Core game framework initialized
[INF][ModLoader] LudotsCoreMod OnLoad completed.
[INF][ModLoader] Loaded LudotsCoreMod
[INF][ModLoader] Loading DLL for CaseESelectionMod at C:\001_AI\wt-case-e-consolidation\mods\showcases\case_e_selection\CaseESelectionMod\bin\net9.0\CaseESelectionMod.dll
[INF][ModLoader] Scanning 7 types in assembly...
[INF][ModLoader] Instantiated entry for CaseESelectionMod. Calling OnLoad...
[INF][ModLoader] CaseESelectionMod OnLoad completed.
[INF][ModLoader] Loaded CaseESelectionMod
[INF][Config] Merged fragment from: Core:game.json
[INF][Config] Merged fragment from: LudotsCoreMod:assets/game.json
[INF][Config] Merged fragment from: CaseESelectionMod:assets/game.json
[INF][Config] Merged fragment from: Core:config_catalog.json
[INF][Config] Merged fragment from: CaseESelectionMod:assets/config_catalog.json
[INF][Config] Merged fragment from: Core:Navigation/agent_profiles.json
[INF][Engine] Merged GameConfig: StartupMapId=case_e_selection_10k_field, DefaultCoreMod=LudotsCoreMod
[INF][Engine] Constants loaded: OrderTypeIds=4, ResponseChainOrderTypeIds=3
[INF][Engine] Initializing JobScheduler...
[INF][Config] Loading DataRegistry<EntityTemplate> from Entities/templates.json...
[INF][Config] Merged fragment from: LudotsCoreMod:assets/Entities/templates.json
[INF][Config] Merged fragment from: CaseESelectionMod:assets/Entities/templates.json
[INF][Config] Loaded 7 DataRegistry<EntityTemplate> items.
[INF][Engine] Initializing Core GAS Systems...
[INF][Config] Merged fragment from: Core:Engine/clock.json
[INF][Config] Merged fragment from: Core:Relationships/catalog.json
[INF][Config] Merged fragment from: LudotsCoreMod:assets/Relationships/catalog.json
[INF][Config] Merged fragment from: Core:Relationships/control_profiles.json
[INF][Config] Merged fragment from: Core:GAS/target_dispatch_presets.json
[INF][Config] Merged fragment from: Core:GAS/clock.json
[INF][Config] Merged fragment from: Core:Physics2D/clock.json
[INF][Config] Merged fragment from: Core:Physics2D/solver.json
[INF][Config] Merged fragment from: Core:Physics2D/kinematic.json
[INF][Config] Merged fragment from: Core:GAS/attribute_constraints.json
[INF][Config] Merged fragment from: CaseESelectionMod:assets/GAS/attribute_constraints.json
[INF][Config] Merged fragment from: Core:Enums/enums.json
[INF][Config] Merged fragment from: CaseESelectionMod:assets/Events/custom_events.json
[INF][Config] Merged fragment from: Core:Vision/fog_layers.json
[INF][Config] Merged fragment from: LudotsCoreMod:assets/Presentation/text_tokens.json
[INF][Config] Merged fragment from: LudotsCoreMod:assets/Presentation/text_tokens.json
[INF][Config] Merged fragment from: LudotsCoreMod:assets/Presentation/text_locales.json
[INF][Config] Merged fragment from: Core:GraphTables/lookup_tables.json
[INF][Config] Merged fragment from: Core:GAS/graphs.json
[INF][Config] Merged fragment from: CaseESelectionMod:assets/GAS/graphs/graph.case_e.box_begin.json
[INF][Config] Merged fragment from: CaseESelectionMod:assets/GAS/graphs/graph.case_e.box_commit.json
[INF][Config] Merged fragment from: CaseESelectionMod:assets/GAS/graphs/graph.case_e.box_hit.json
[INF][Config] Merged fragment from: CaseESelectionMod:assets/GAS/graphs/graph.case_e.box_hover_clear.json
[INF][Config] Merged fragment from: CaseESelectionMod:assets/GAS/graphs/graph.case_e.box_hover_tick.json
[INF][Config] Merged fragment from: CaseESelectionMod:assets/GAS/graphs/graph.case_e.candidates.json
[INF][Config] Merged fragment from: CaseESelectionMod:assets/GAS/graphs/graph.case_e.candidates_player2.json
[INF][Config] Merged fragment from: CaseESelectionMod:assets/GAS/graphs/graph.case_e.roster_sync.json
[INF][Config] Merged fragment from: CaseESelectionMod:assets/GAS/graphs/graph.case_e.roster_sync_player2.json
[INF][Config] Merged fragment from: CaseESelectionMod:assets/GAS/graphs/graph.case_e.selection_commit.json
[INF][Config] Merged fragment from: Core:GAS/preset_types.json
[INF][Config] Merged fragment from: Core:Exchange/operations.json
[INF][Config] Merged fragment from: Core:Progression/scopes.json
[INF][Config] Merged fragment from: Core:Progression/progressions.json
[INF][Config] Merged fragment from: Core:Progression/requirements.json
[INF][Config] Merged fragment from: LudotsCoreMod:assets/GAS/order_types.json
[INF][Config] Merged fragment from: Core:GAS/effects.json
[INF][Config] Merged fragment from: Core:GAS/func_lib.json
[INF][Config] Merged fragment from: Core:GAS/action_lib.json
[INF][Config] Merged fragment from: Core:Items/shapes.json
[INF][Config] Merged fragment from: Core:Items/layouts.json
[INF][Config] Merged fragment from: Core:Items/definitions.json
[INF][Config] Merged fragment from: Core:Exchange/operations.json
[INF][Config] Merged fragment from: Core:Panels/panel_templates.json
[INF][Config] Merged fragment from: Core:Input/filter_profiles.json
[INF][Config] Merged fragment from: Core:Presentation/lod_profiles.json
[INF][Config] Merged fragment from: Core:Presentation/particle_vfx.json
[INF][Config] Merged fragment from: LudotsCoreMod:assets/Presentation/mesh_assets.json
[INF][Config] Merged fragment from: CaseESelectionMod:assets/Presentation/mesh_assets.json
[INF][Config] Merged fragment from: LudotsCoreMod:assets/Presentation/material_assets.json
[INF][Config] Merged fragment from: LudotsCoreMod:assets/Presentation/animator_controllers.json
[INF][Config] Merged fragment from: LudotsCoreMod:assets/Presentation/animation_clips.json
[INF][Config] Merged fragment from: LudotsCoreMod:assets/Presentation/animation_profiles.json
[INF][Config] Merged fragment from: Core:Input/interaction_context_profiles.json
[INF][Config] Merged fragment from: CaseESelectionMod:assets/Input/interaction_context_profiles.json
[INF][Config] Merged fragment from: LudotsCoreMod:assets/Presentation/presenters.json
[INF][Config] Merged fragment from: CaseESelectionMod:assets/Presentation/presenters.json
[INF][Config] Merged fragment from: Core:GAS/attribute_bindings.json
[INF][Config] Merged fragment from: Core:config_catalog.json
[INF][Config] Merged fragment from: CaseESelectionMod:assets/config_catalog.json
[INF][Config] Merged fragment from: Core:Input/default_input.json
[INF][Config] Merged fragment from: CaseESelectionMod:assets/Input/default_input.json
[INF][Config] Merged fragment from: Core:Input/action_attribute_bindings.json
[INF][Config] Merged fragment from: CaseESelectionMod:assets/Input/action_attribute_bindings.json
[INF][Config] Merged fragment from: Core:Input/command_intent_profiles.json
[INF][Config] Merged fragment from: Core:Input/cast_commit_profiles.json
[INF][Config] Merged fragment from: Core:Input/cast_commit_locks.json
[INF][Config] Merged fragment from: Core:Input/cast_dispatch_profiles.json
[INF][Config] Merged fragment from: Core:Input/control_schemes.json
[INF][Config] Merged fragment from: CaseESelectionMod:assets/Input/control_schemes.json
[INF][Config] Merged fragment from: Core:Input/interaction_prefs.json
[INF][Config] Merged fragment from: Core:Input/interaction_modes.json
[INF][Config] Merged fragment from: Core:UI/ability_aggregation_profiles.json
[INF][Config] Merged fragment from: Core:UI/command_deck_profiles.json
[INF][Config] Merged fragment from: Core:UI/production_overview_profiles.json
[INF][Config] Merged fragment from: Core:AI/behavior_trees.json
[INF][Config] Merged fragment from: Core:AI/hfsm.json
[INF][Config] Merged fragment from: Core:Presentation/semantic_maps.json
[INF][Config] Merged fragment from: Core:Presentation/image_assets.json
[INF][Config] Merged fragment from: Core:Camera/virtual_cameras.json
[INF][Config] Merged fragment from: Core:Story/lines.json
[INF][Config] Merged fragment from: Core:Story/presentation_profiles.json
[INF][Config] Merged fragment from: Core:Story/speakers.json
[INF][Config] Merged fragment from: Core:Dialogue/dialogues.json
[INF][Config] Merged fragment from: Core:Sequencer/sequences.json
[INF][ModLoader] No registration conflicts detected.
[INF][Config] Merged fragment from: Core:config_catalog.json
[INF][Config] Merged fragment from: CaseESelectionMod:assets/config_catalog.json
[INF][Config] Merged fragment from: Core:Input/default_input.json
[INF][Config] Merged fragment from: CaseESelectionMod:assets/Input/default_input.json
[INF][Engine] Firing GameStart event...
[LudotsCoreMod] Core systems installed
[INF][Engine] Loading Map: case_e_selection_field
[INF][Map] Loading Map: case_e_selection_field
[INF][Config] Merged fragment from: CaseESelectionMod:assets/Maps/case_e_selection_field.json
[INF][Map] Map 'case_e_selection_field' loaded.
[INF][Map] Map 'case_e_selection_field' pushed to focus (stack depth=1).
[INF][Config] Merged fragment from: Core:Navigation/pathing.json
[INF][Engine] Pathing bootstrap skipped for map 'case_e_selection_field': no node-graph board or navmesh query service is loaded.
[INF][Engine] Creating Entities from MapConfig...
[INF][Engine] Registered 2 triggers for map 'case_e_selection_field'.
[INF][Engine] Applied DefaultCamera: yaw=0 pitch=52 dist=3400cm fov=45
[INF][Engine] Firing MapLoaded event for case_e_selection_field...
[INF][Engine] Unloading ModLoader contexts...
[INF][Engine] Disposing JobScheduler...

[INF][Engine] Initializing with ConfigPipeline...
[INF][Engine] Resolving mod dependencies from explicit mod paths: mods=2
[INF][ModLoader] Mod Load Order:
[INF][ModLoader] - LudotsCoreMod (P:-1000)
[INF][ModLoader] - CaseESelectionMod (P:0)
[INF][ModLoader] Resolved Mod Load Order (launcher graph):
[INF][ModLoader] - LudotsCoreMod (P:-1000)
[INF][ModLoader] - CaseESelectionMod (P:0)
[INF][ModLoader] Loading DLL for LudotsCoreMod at C:\001_AI\wt-case-e-consolidation\mods\LudotsCoreMod\bin\net9.0\LudotsCoreMod.dll
[INF][ModLoader] Scanning 2 types in assembly...
[INF][ModLoader] Instantiated entry for LudotsCoreMod. Calling OnLoad...
[INF][Mod.LudotsCoreMod] [LudotsCoreMod] Loaded - Core game framework initialized
[INF][ModLoader] LudotsCoreMod OnLoad completed.
[INF][ModLoader] Loaded LudotsCoreMod
[INF][ModLoader] Loading DLL for CaseESelectionMod at C:\001_AI\wt-case-e-consolidation\mods\showcases\case_e_selection\CaseESelectionMod\bin\net9.0\CaseESelectionMod.dll
[INF][ModLoader] Scanning 7 types in assembly...
[INF][ModLoader] Instantiated entry for CaseESelectionMod. Calling OnLoad...
[INF][ModLoader] CaseESelectionMod OnLoad completed.
[INF][ModLoader] Loaded CaseESelectionMod
[INF][Config] Merged fragment from: Core:game.json
[INF][Config] Merged fragment from: LudotsCoreMod:assets/game.json
[INF][Config] Merged fragment from: CaseESelectionMod:assets/game.json
[INF][Config] Merged fragment from: Core:config_catalog.json
[INF][Config] Merged fragment from: CaseESelectionMod:assets/config_catalog.json
[INF][Config] Merged fragment from: Core:Navigation/agent_profiles.json
[INF][Engine] Merged GameConfig: StartupMapId=case_e_selection_10k_field, DefaultCoreMod=LudotsCoreMod
[INF][Engine] Constants loaded: OrderTypeIds=4, ResponseChainOrderTypeIds=3
[INF][Engine] Initializing JobScheduler...
[INF][Config] Loading DataRegistry<EntityTemplate> from Entities/templates.json...
[INF][Config] Merged fragment from: LudotsCoreMod:assets/Entities/templates.json
[INF][Config] Merged fragment from: CaseESelectionMod:assets/Entities/templates.json
[INF][Config] Loaded 7 DataRegistry<EntityTemplate> items.
[INF][Engine] Initializing Core GAS Systems...
[INF][Config] Merged fragment from: Core:Engine/clock.json
[INF][Config] Merged fragment from: Core:Relationships/catalog.json
[INF][Config] Merged fragment from: LudotsCoreMod:assets/Relationships/catalog.json
[INF][Config] Merged fragment from: Core:Relationships/control_profiles.json
[INF][Config] Merged fragment from: Core:GAS/target_dispatch_presets.json
[INF][Config] Merged fragment from: Core:GAS/clock.json
[INF][Config] Merged fragment from: Core:Physics2D/clock.json
[INF][Config] Merged fragment from: Core:Physics2D/solver.json
[INF][Config] Merged fragment from: Core:Physics2D/kinematic.json
[INF][Config] Merged fragment from: Core:GAS/attribute_constraints.json
[INF][Config] Merged fragment from: CaseESelectionMod:assets/GAS/attribute_constraints.json
[INF][Config] Merged fragment from: Core:Enums/enums.json
[INF][Config] Merged fragment from: CaseESelectionMod:assets/Events/custom_events.json
[INF][Config] Merged fragment from: Core:Vision/fog_layers.json
[INF][Config] Merged fragment from: LudotsCoreMod:assets/Presentation/text_tokens.json
[INF][Config] Merged fragment from: LudotsCoreMod:assets/Presentation/text_tokens.json
[INF][Config] Merged fragment from: LudotsCoreMod:assets/Presentation/text_locales.json
[INF][Config] Merged fragment from: Core:GraphTables/lookup_tables.json
[INF][Config] Merged fragment from: Core:GAS/graphs.json
[INF][Config] Merged fragment from: CaseESelectionMod:assets/GAS/graphs/graph.case_e.box_begin.json
[INF][Config] Merged fragment from: CaseESelectionMod:assets/GAS/graphs/graph.case_e.box_commit.json
[INF][Config] Merged fragment from: CaseESelectionMod:assets/GAS/graphs/graph.case_e.box_hit.json
[INF][Config] Merged fragment from: CaseESelectionMod:assets/GAS/graphs/graph.case_e.box_hover_clear.json
[INF][Config] Merged fragment from: CaseESelectionMod:assets/GAS/graphs/graph.case_e.box_hover_tick.json
[INF][Config] Merged fragment from: CaseESelectionMod:assets/GAS/graphs/graph.case_e.candidates.json
[INF][Config] Merged fragment from: CaseESelectionMod:assets/GAS/graphs/graph.case_e.candidates_player2.json
[INF][Config] Merged fragment from: CaseESelectionMod:assets/GAS/graphs/graph.case_e.roster_sync.json
[INF][Config] Merged fragment from: CaseESelectionMod:assets/GAS/graphs/graph.case_e.roster_sync_player2.json
[INF][Config] Merged fragment from: CaseESelectionMod:assets/GAS/graphs/graph.case_e.selection_commit.json
[INF][Config] Merged fragment from: Core:GAS/preset_types.json
[INF][Config] Merged fragment from: Core:Exchange/operations.json
[INF][Config] Merged fragment from: Core:Progression/scopes.json
[INF][Config] Merged fragment from: Core:Progression/progressions.json
[INF][Config] Merged fragment from: Core:Progression/requirements.json
[INF][Config] Merged fragment from: LudotsCoreMod:assets/GAS/order_types.json
[INF][Config] Merged fragment from: Core:GAS/effects.json
[INF][Config] Merged fragment from: Core:GAS/func_lib.json
[INF][Config] Merged fragment from: Core:GAS/action_lib.json
[INF][Config] Merged fragment from: Core:Items/shapes.json
[INF][Config] Merged fragment from: Core:Items/layouts.json
[INF][Config] Merged fragment from: Core:Items/definitions.json
[INF][Config] Merged fragment from: Core:Exchange/operations.json
[INF][Config] Merged fragment from: Core:Panels/panel_templates.json
[INF][Config] Merged fragment from: Core:Input/filter_profiles.json
[INF][Config] Merged fragment from: Core:Presentation/lod_profiles.json
[INF][Config] Merged fragment from: Core:Presentation/particle_vfx.json
[INF][Config] Merged fragment from: LudotsCoreMod:assets/Presentation/mesh_assets.json
[INF][Config] Merged fragment from: CaseESelectionMod:assets/Presentation/mesh_assets.json
[INF][Config] Merged fragment from: LudotsCoreMod:assets/Presentation/material_assets.json
[INF][Config] Merged fragment from: LudotsCoreMod:assets/Presentation/animator_controllers.json
[INF][Config] Merged fragment from: LudotsCoreMod:assets/Presentation/animation_clips.json
[INF][Config] Merged fragment from: LudotsCoreMod:assets/Presentation/animation_profiles.json
[INF][Config] Merged fragment from: Core:Input/interaction_context_profiles.json
[INF][Config] Merged fragment from: CaseESelectionMod:assets/Input/interaction_context_profiles.json
[INF][Config] Merged fragment from: LudotsCoreMod:assets/Presentation/presenters.json
[INF][Config] Merged fragment from: CaseESelectionMod:assets/Presentation/presenters.json
[INF][Config] Merged fragment from: Core:GAS/attribute_bindings.json
[INF][Config] Merged fragment from: Core:config_catalog.json
[INF][Config] Merged fragment from: CaseESelectionMod:assets/config_catalog.json
[INF][Config] Merged fragment from: Core:Input/default_input.json
[INF][Config] Merged fragment from: CaseESelectionMod:assets/Input/default_input.json
[INF][Config] Merged fragment from: Core:Input/action_attribute_bindings.json
[INF][Config] Merged fragment from: CaseESelectionMod:assets/Input/action_attribute_bindings.json
[INF][Config] Merged fragment from: Core:Input/command_intent_profiles.json
[INF][Config] Merged fragment from: Core:Input/cast_commit_profiles.json
[INF][Config] Merged fragment from: Core:Input/cast_commit_locks.json
[INF][Config] Merged fragment from: Core:Input/cast_dispatch_profiles.json
[INF][Config] Merged fragment from: Core:Input/control_schemes.json
[INF][Config] Merged fragment from: CaseESelectionMod:assets/Input/control_schemes.json
[INF][Config] Merged fragment from: Core:Input/interaction_prefs.json
[INF][Config] Merged fragment from: Core:Input/interaction_modes.json
[INF][Config] Merged fragment from: Core:UI/ability_aggregation_profiles.json
[INF][Config] Merged fragment from: Core:UI/command_deck_profiles.json
[INF][Config] Merged fragment from: Core:UI/production_overview_profiles.json
[INF][Config] Merged fragment from: Core:AI/behavior_trees.json
[INF][Config] Merged fragment from: Core:AI/hfsm.json
[INF][Config] Merged fragment from: Core:Presentation/semantic_maps.json
[INF][Config] Merged fragment from: Core:Presentation/image_assets.json
[INF][Config] Merged fragment from: Core:Camera/virtual_cameras.json
[INF][Config] Merged fragment from: Core:Story/lines.json
[INF][Config] Merged fragment from: Core:Story/presentation_profiles.json
[INF][Config] Merged fragment from: Core:Story/speakers.json
[INF][Config] Merged fragment from: Core:Dialogue/dialogues.json
[INF][Config] Merged fragment from: Core:Sequencer/sequences.json
[INF][ModLoader] No registration conflicts detected.
[INF][Config] Merged fragment from: Core:config_catalog.json
[INF][Config] Merged fragment from: CaseESelectionMod:assets/config_catalog.json
[INF][Config] Merged fragment from: Core:Input/default_input.json
[INF][Config] Merged fragment from: CaseESelectionMod:assets/Input/default_input.json
[INF][Engine] Firing GameStart event...
[LudotsCoreMod] Core systems installed
[INF][Engine] Loading Map: case_e_selection_field
[INF][Map] Loading Map: case_e_selection_field
[INF][Config] Merged fragment from: CaseESelectionMod:assets/Maps/case_e_selection_field.json
[INF][Map] Map 'case_e_selection_field' loaded.
[INF][Map] Map 'case_e_selection_field' pushed to focus (stack depth=1).
[INF][Config] Merged fragment from: Core:Navigation/pathing.json
[INF][Engine] Pathing bootstrap skipped for map 'case_e_selection_field': no node-graph board or navmesh query service is loaded.
[INF][Engine] Creating Entities from MapConfig...
[INF][Engine] Registered 2 triggers for map 'case_e_selection_field'.
[INF][Engine] Applied DefaultCamera: yaw=0 pitch=52 dist=3400cm fov=45
[INF][Engine] Firing MapLoaded event for case_e_selection_field...
[WRN][Engine] Duplicate registration for trigger type TriggerGraphMountTrigger. Keeping original.
[WRN][Engine] Duplicate registration for trigger type TriggerGraphResumeTrigger. Keeping original.
[INF][Engine] Appended 2 triggers to map 'case_e_selection_field'.
[WRN][Engine] Duplicate registration for trigger type TriggerGraphMountTrigger. Keeping original.
[WRN][Engine] Duplicate registration for trigger type TriggerGraphResumeTrigger. Keeping original.
[WRN][Engine] Duplicate registration for trigger type TriggerGraphMountTrigger. Keeping original.
[WRN][Engine] Duplicate registration for trigger type TriggerGraphResumeTrigger. Keeping original.
[INF][Engine] Appended 4 triggers to map 'case_e_selection_field'.
[WRN][Engine] Duplicate registration for trigger type TriggerGraphMountTrigger. Keeping original.
[WRN][Engine] Duplicate registration for trigger type TriggerGraphResumeTrigger. Keeping original.
[INF][Engine] Appended 2 triggers to map 'case_e_selection_field'.
[WRN][Engine] Duplicate registration for trigger type TriggerGraphMountTrigger. Keeping original.
[WRN][Engine] Duplicate registration for trigger type TriggerGraphResumeTrigger. Keeping original.
[WRN][Engine] Duplicate registration for trigger type TriggerGraphMountTrigger. Keeping original.
[WRN][Engine] Duplicate registration for trigger type TriggerGraphResumeTrigger. Keeping original.
[INF][Engine] Appended 4 triggers to map 'case_e_selection_field'.
[WRN][Engine] Duplicate registration for trigger type TriggerGraphMountTrigger. Keeping original.
[WRN][Engine] Duplicate registration for trigger type TriggerGraphResumeTrigger. Keeping original.
[INF][Engine] Appended 2 triggers to map 'case_e_selection_field'.
[WRN][Engine] Duplicate registration for trigger type TriggerGraphMountTrigger. Keeping original.
[WRN][Engine] Duplicate registration for trigger type TriggerGraphResumeTrigger. Keeping original.
[WRN][Engine] Duplicate registration for trigger type TriggerGraphMountTrigger. Keeping original.
[WRN][Engine] Duplicate registration for trigger type TriggerGraphResumeTrigger. Keeping original.
[INF][Engine] Appended 4 triggers to map 'case_e_selection_field'.
[WRN][Engine] Duplicate registration for trigger type TriggerGraphMountTrigger. Keeping original.
[WRN][Engine] Duplicate registration for trigger type TriggerGraphResumeTrigger. Keeping original.
[INF][Engine] Appended 2 triggers to map 'case_e_selection_field'.
[WRN][Engine] Duplicate registration for trigger type TriggerGraphMountTrigger. Keeping original.
[WRN][Engine] Duplicate registration for trigger type TriggerGraphResumeTrigger. Keeping original.
[WRN][Engine] Duplicate registration for trigger type TriggerGraphMountTrigger. Keeping original.
[WRN][Engine] Duplicate registration for trigger type TriggerGraphResumeTrigger. Keeping original.
[INF][Engine] Appended 4 triggers to map 'case_e_selection_field'.
[WRN][Engine] Duplicate registration for trigger type TriggerGraphMountTrigger. Keeping original.
[WRN][Engine] Duplicate registration for trigger type TriggerGraphResumeTrigger. Keeping original.
[INF][Engine] Appended 2 triggers to map 'case_e_selection_field'.
[WRN][Engine] Duplicate registration for trigger type TriggerGraphMountTrigger. Keeping original.
[WRN][Engine] Duplicate registration for trigger type TriggerGraphResumeTrigger. Keeping original.
[WRN][Engine] Duplicate registration for trigger type TriggerGraphMountTrigger. Keeping original.
[WRN][Engine] Duplicate registration for trigger type TriggerGraphResumeTrigger. Keeping original.
[INF][Engine] Appended 4 triggers to map 'case_e_selection_field'.
[WRN][Engine] Duplicate registration for trigger type TriggerGraphMountTrigger. Keeping original.
[WRN][Engine] Duplicate registration for trigger type TriggerGraphResumeTrigger. Keeping original.
[INF][Engine] Appended 2 triggers to map 'case_e_selection_field'.
[WRN][Engine] Duplicate registration for trigger type TriggerGraphMountTrigger. Keeping original.
[WRN][Engine] Duplicate registration for trigger type TriggerGraphResumeTrigger. Keeping original.
[WRN][Engine] Duplicate registration for trigger type TriggerGraphMountTrigger. Keeping original.
[WRN][Engine] Duplicate registration for trigger type TriggerGraphResumeTrigger. Keeping original.
[INF][Engine] Appended 4 triggers to map 'case_e_selection_field'.
[WRN][Engine] Duplicate registration for trigger type TriggerGraphMountTrigger. Keeping original.
[WRN][Engine] Duplicate registration for trigger type TriggerGraphResumeTrigger. Keeping original.
[INF][Engine] Appended 2 triggers to map 'case_e_selection_field'.
[WRN][Engine] Duplicate registration for trigger type TriggerGraphMountTrigger. Keeping original.
[WRN][Engine] Duplicate registration for trigger type TriggerGraphResumeTrigger. Keeping original.
[WRN][Engine] Duplicate registration for trigger type TriggerGraphMountTrigger. Keeping original.
[WRN][Engine] Duplicate registration for trigger type TriggerGraphResumeTrigger. Keeping original.
[INF][Engine] Appended 4 triggers to map 'case_e_selection_field'.
[WRN][Engine] Duplicate registration for trigger type TriggerGraphMountTrigger. Keeping original.
[WRN][Engine] Duplicate registration for trigger type TriggerGraphResumeTrigger. Keeping original.
[INF][Engine] Appended 2 triggers to map 'case_e_selection_field'.
[WRN][Engine] Duplicate registration for trigger type TriggerGraphMountTrigger. Keeping original.
[WRN][Engine] Duplicate registration for trigger type TriggerGraphResumeTrigger. Keeping original.
[WRN][Engine] Duplicate registration for trigger type TriggerGraphMountTrigger. Keeping original.
[WRN][Engine] Duplicate registration for trigger type TriggerGraphResumeTrigger. Keeping original.
[INF][Engine] Appended 4 triggers to map 'case_e_selection_field'.
[WRN][Engine] Duplicate registration for trigger type TriggerGraphMountTrigger. Keeping original.
[WRN][Engine] Duplicate registration for trigger type TriggerGraphResumeTrigger. Keeping original.
[INF][Engine] Appended 2 triggers to map 'case_e_selection_field'.
[INF][Engine] Unloading ModLoader contexts...
[INF][Engine] Disposing JobScheduler...

  已通过 FastBoxRelease_ClearsGestureAndPreview(6,True) [300 ms]
  已通过 GlobalCollectionDecoration_RingsShowAndHideWithCollectionMembership [312 ms]
  已通过 MarineDeath_RemovesFromSelectableRoster [315 ms]
  已通过 RepeatedFastGestures_EndWithNoResiduals(1,1,False) [302 ms]
[INF][Engine] Initializing with ConfigPipeline...
[INF][Engine] Resolving mod dependencies from explicit mod paths: mods=2
[INF][ModLoader] Mod Load Order:
[INF][ModLoader] - LudotsCoreMod (P:-1000)
[INF][ModLoader] - CaseESelectionMod (P:0)
[INF][ModLoader] Resolved Mod Load Order (launcher graph):
[INF][ModLoader] - LudotsCoreMod (P:-1000)
[INF][ModLoader] - CaseESelectionMod (P:0)
[INF][ModLoader] Loading DLL for LudotsCoreMod at C:\001_AI\wt-case-e-consolidation\mods\LudotsCoreMod\bin\net9.0\LudotsCoreMod.dll
[INF][ModLoader] Scanning 2 types in assembly...
[INF][ModLoader] Instantiated entry for LudotsCoreMod. Calling OnLoad...
[INF][Mod.LudotsCoreMod] [LudotsCoreMod] Loaded - Core game framework initialized
[INF][ModLoader] LudotsCoreMod OnLoad completed.
[INF][ModLoader] Loaded LudotsCoreMod
[INF][ModLoader] Loading DLL for CaseESelectionMod at C:\001_AI\wt-case-e-consolidation\mods\showcases\case_e_selection\CaseESelectionMod\bin\net9.0\CaseESelectionMod.dll
[INF][ModLoader] Scanning 7 types in assembly...
[INF][ModLoader] Instantiated entry for CaseESelectionMod. Calling OnLoad...
[INF][ModLoader] CaseESelectionMod OnLoad completed.
[INF][ModLoader] Loaded CaseESelectionMod
[INF][Config] Merged fragment from: Core:game.json
[INF][Config] Merged fragment from: LudotsCoreMod:assets/game.json
[INF][Config] Merged fragment from: CaseESelectionMod:assets/game.json
[INF][Config] Merged fragment from: Core:config_catalog.json
[INF][Config] Merged fragment from: CaseESelectionMod:assets/config_catalog.json
[INF][Config] Merged fragment from: Core:Navigation/agent_profiles.json
[INF][Engine] Merged GameConfig: StartupMapId=case_e_selection_10k_field, DefaultCoreMod=LudotsCoreMod
[INF][Engine] Constants loaded: OrderTypeIds=4, ResponseChainOrderTypeIds=3
[INF][Engine] Initializing JobScheduler...
[INF][Config] Loading DataRegistry<EntityTemplate> from Entities/templates.json...
[INF][Config] Merged fragment from: LudotsCoreMod:assets/Entities/templates.json
[INF][Config] Merged fragment from: CaseESelectionMod:assets/Entities/templates.json
[INF][Config] Loaded 7 DataRegistry<EntityTemplate> items.
[INF][Engine] Initializing Core GAS Systems...
[INF][Config] Merged fragment from: Core:Engine/clock.json
[INF][Config] Merged fragment from: Core:Relationships/catalog.json
[INF][Config] Merged fragment from: LudotsCoreMod:assets/Relationships/catalog.json
[INF][Config] Merged fragment from: Core:Relationships/control_profiles.json
[INF][Config] Merged fragment from: Core:GAS/target_dispatch_presets.json
[INF][Config] Merged fragment from: Core:GAS/clock.json
[INF][Config] Merged fragment from: Core:Physics2D/clock.json
[INF][Config] Merged fragment from: Core:Physics2D/solver.json
[INF][Config] Merged fragment from: Core:Physics2D/kinematic.json
[INF][Config] Merged fragment from: Core:GAS/attribute_constraints.json
[INF][Config] Merged fragment from: CaseESelectionMod:assets/GAS/attribute_constraints.json
[INF][Config] Merged fragment from: Core:Enums/enums.json
[INF][Config] Merged fragment from: CaseESelectionMod:assets/Events/custom_events.json
[INF][Config] Merged fragment from: Core:Vision/fog_layers.json
[INF][Config] Merged fragment from: LudotsCoreMod:assets/Presentation/text_tokens.json
[INF][Config] Merged fragment from: LudotsCoreMod:assets/Presentation/text_tokens.json
[INF][Config] Merged fragment from: LudotsCoreMod:assets/Presentation/text_locales.json
[INF][Config] Merged fragment from: Core:GraphTables/lookup_tables.json
[INF][Config] Merged fragment from: Core:GAS/graphs.json
[INF][Config] Merged fragment from: CaseESelectionMod:assets/GAS/graphs/graph.case_e.box_begin.json
[INF][Config] Merged fragment from: CaseESelectionMod:assets/GAS/graphs/graph.case_e.box_commit.json
[INF][Config] Merged fragment from: CaseESelectionMod:assets/GAS/graphs/graph.case_e.box_hit.json
[INF][Config] Merged fragment from: CaseESelectionMod:assets/GAS/graphs/graph.case_e.box_hover_clear.json
[INF][Config] Merged fragment from: CaseESelectionMod:assets/GAS/graphs/graph.case_e.box_hover_tick.json
[INF][Config] Merged fragment from: CaseESelectionMod:assets/GAS/graphs/graph.case_e.candidates.json
[INF][Config] Merged fragment from: CaseESelectionMod:assets/GAS/graphs/graph.case_e.candidates_player2.json
[INF][Config] Merged fragment from: CaseESelectionMod:assets/GAS/graphs/graph.case_e.roster_sync.json
[INF][Config] Merged fragment from: CaseESelectionMod:assets/GAS/graphs/graph.case_e.roster_sync_player2.json
[INF][Config] Merged fragment from: CaseESelectionMod:assets/GAS/graphs/graph.case_e.selection_commit.json
[INF][Config] Merged fragment from: Core:GAS/preset_types.json
[INF][Config] Merged fragment from: Core:Exchange/operations.json
[INF][Config] Merged fragment from: Core:Progression/scopes.json
[INF][Config] Merged fragment from: Core:Progression/progressions.json
[INF][Config] Merged fragment from: Core:Progression/requirements.json
[INF][Config] Merged fragment from: LudotsCoreMod:assets/GAS/order_types.json
[INF][Config] Merged fragment from: Core:GAS/effects.json
[INF][Config] Merged fragment from: Core:GAS/func_lib.json
[INF][Config] Merged fragment from: Core:GAS/action_lib.json
[INF][Config] Merged fragment from: Core:Items/shapes.json
[INF][Config] Merged fragment from: Core:Items/layouts.json
[INF][Config] Merged fragment from: Core:Items/definitions.json
[INF][Config] Merged fragment from: Core:Exchange/operations.json
[INF][Config] Merged fragment from: Core:Panels/panel_templates.json
[INF][Config] Merged fragment from: Core:Input/filter_profiles.json
[INF][Config] Merged fragment from: Core:Presentation/lod_profiles.json
[INF][Config] Merged fragment from: Core:Presentation/particle_vfx.json
[INF][Config] Merged fragment from: LudotsCoreMod:assets/Presentation/mesh_assets.json
[INF][Config] Merged fragment from: CaseESelectionMod:assets/Presentation/mesh_assets.json
[INF][Config] Merged fragment from: LudotsCoreMod:assets/Presentation/material_assets.json
[INF][Config] Merged fragment from: LudotsCoreMod:assets/Presentation/animator_controllers.json
[INF][Config] Merged fragment from: LudotsCoreMod:assets/Presentation/animation_clips.json
[INF][Config] Merged fragment from: LudotsCoreMod:assets/Presentation/animation_profiles.json
[INF][Config] Merged fragment from: Core:Input/interaction_context_profiles.json
[INF][Config] Merged fragment from: CaseESelectionMod:assets/Input/interaction_context_profiles.json
[INF][Config] Merged fragment from: LudotsCoreMod:assets/Presentation/presenters.json
[INF][Config] Merged fragment from: CaseESelectionMod:assets/Presentation/presenters.json
[INF][Config] Merged fragment from: Core:GAS/attribute_bindings.json
[INF][Config] Merged fragment from: Core:config_catalog.json
[INF][Config] Merged fragment from: CaseESelectionMod:assets/config_catalog.json
[INF][Config] Merged fragment from: Core:Input/default_input.json
[INF][Config] Merged fragment from: CaseESelectionMod:assets/Input/default_input.json
[INF][Config] Merged fragment from: Core:Input/action_attribute_bindings.json
[INF][Config] Merged fragment from: CaseESelectionMod:assets/Input/action_attribute_bindings.json
[INF][Config] Merged fragment from: Core:Input/command_intent_profiles.json
[INF][Config] Merged fragment from: Core:Input/cast_commit_profiles.json
[INF][Config] Merged fragment from: Core:Input/cast_commit_locks.json
[INF][Config] Merged fragment from: Core:Input/cast_dispatch_profiles.json
[INF][Config] Merged fragment from: Core:Input/control_schemes.json
[INF][Config] Merged fragment from: CaseESelectionMod:assets/Input/control_schemes.json
[INF][Config] Merged fragment from: Core:Input/interaction_prefs.json
[INF][Config] Merged fragment from: Core:Input/interaction_modes.json
[INF][Config] Merged fragment from: Core:UI/ability_aggregation_profiles.json
[INF][Config] Merged fragment from: Core:UI/command_deck_profiles.json
[INF][Config] Merged fragment from: Core:UI/production_overview_profiles.json
[INF][Config] Merged fragment from: Core:AI/behavior_trees.json
[INF][Config] Merged fragment from: Core:AI/hfsm.json
[INF][Config] Merged fragment from: Core:Presentation/semantic_maps.json
[INF][Config] Merged fragment from: Core:Presentation/image_assets.json
[INF][Config] Merged fragment from: Core:Camera/virtual_cameras.json
[INF][Config] Merged fragment from: Core:Story/lines.json
[INF][Config] Merged fragment from: Core:Story/presentation_profiles.json
[INF][Config] Merged fragment from: Core:Story/speakers.json
[INF][Config] Merged fragment from: Core:Dialogue/dialogues.json
[INF][Config] Merged fragment from: Core:Sequencer/sequences.json
[INF][ModLoader] No registration conflicts detected.
[INF][Config] Merged fragment from: Core:config_catalog.json
[INF][Config] Merged fragment from: CaseESelectionMod:assets/config_catalog.json
[INF][Config] Merged fragment from: Core:Input/default_input.json
[INF][Config] Merged fragment from: CaseESelectionMod:assets/Input/default_input.json
[INF][Engine] Firing GameStart event...
[LudotsCoreMod] Core systems installed
[INF][Engine] Loading Map: case_e_selection_field
[INF][Map] Loading Map: case_e_selection_field
[INF][Config] Merged fragment from: CaseESelectionMod:assets/Maps/case_e_selection_field.json
[INF][Map] Map 'case_e_selection_field' loaded.
[INF][Map] Map 'case_e_selection_field' pushed to focus (stack depth=1).
[INF][Config] Merged fragment from: Core:Navigation/pathing.json
[INF][Engine] Pathing bootstrap skipped for map 'case_e_selection_field': no node-graph board or navmesh query service is loaded.
[INF][Engine] Creating Entities from MapConfig...
[INF][Engine] Registered 2 triggers for map 'case_e_selection_field'.
[INF][Engine] Applied DefaultCamera: yaw=0 pitch=52 dist=3400cm fov=45
[INF][Engine] Firing MapLoaded event for case_e_selection_field...
[WRN][Engine] Duplicate registration for trigger type TriggerGraphMountTrigger. Keeping original.
[WRN][Engine] Duplicate registration for trigger type TriggerGraphResumeTrigger. Keeping original.
[INF][Engine] Appended 2 triggers to map 'case_e_selection_field'.
[WRN][Engine] Duplicate registration for trigger type TriggerGraphMountTrigger. Keeping original.
[WRN][Engine] Duplicate registration for trigger type TriggerGraphResumeTrigger. Keeping original.
[WRN][Engine] Duplicate registration for trigger type TriggerGraphMountTrigger. Keeping original.
[WRN][Engine] Duplicate registration for trigger type TriggerGraphResumeTrigger. Keeping original.
[INF][Engine] Appended 4 triggers to map 'case_e_selection_field'.
[WRN][Engine] Duplicate registration for trigger type TriggerGraphMountTrigger. Keeping original.
[WRN][Engine] Duplicate registration for trigger type TriggerGraphResumeTrigger. Keeping original.
[INF][Engine] Appended 2 triggers to map 'case_e_selection_field'.
[WRN][Engine] Duplicate registration for trigger type TriggerGraphMountTrigger. Keeping original.
[WRN][Engine] Duplicate registration for trigger type TriggerGraphResumeTrigger. Keeping original.
[WRN][Engine] Duplicate registration for trigger type TriggerGraphMountTrigger. Keeping original.
[WRN][Engine] Duplicate registration for trigger type TriggerGraphResumeTrigger. Keeping original.
[INF][Engine] Appended 4 triggers to map 'case_e_selection_field'.
[WRN][Engine] Duplicate registration for trigger type TriggerGraphMountTrigger. Keeping original.
[WRN][Engine] Duplicate registration for trigger type TriggerGraphResumeTrigger. Keeping original.
[INF][Engine] Appended 2 triggers to map 'case_e_selection_field'.
[WRN][Engine] Duplicate registration for trigger type TriggerGraphMountTrigger. Keeping original.
[WRN][Engine] Duplicate registration for trigger type TriggerGraphResumeTrigger. Keeping original.
[WRN][Engine] Duplicate registration for trigger type TriggerGraphMountTrigger. Keeping original.
[WRN][Engine] Duplicate registration for trigger type TriggerGraphResumeTrigger. Keeping original.
[INF][Engine] Appended 4 triggers to map 'case_e_selection_field'.
[WRN][Engine] Duplicate registration for trigger type TriggerGraphMountTrigger. Keeping original.
[WRN][Engine] Duplicate registration for trigger type TriggerGraphResumeTrigger. Keeping original.
[INF][Engine] Appended 2 triggers to map 'case_e_selection_field'.
[WRN][Engine] Duplicate registration for trigger type TriggerGraphMountTrigger. Keeping original.
[WRN][Engine] Duplicate registration for trigger type TriggerGraphResumeTrigger. Keeping original.
[WRN][Engine] Duplicate registration for trigger type TriggerGraphMountTrigger. Keeping original.
[WRN][Engine] Duplicate registration for trigger type TriggerGraphResumeTrigger. Keeping original.
[INF][Engine] Appended 4 triggers to map 'case_e_selection_field'.
[WRN][Engine] Duplicate registration for trigger type TriggerGraphMountTrigger. Keeping original.
[WRN][Engine] Duplicate registration for trigger type TriggerGraphResumeTrigger. Keeping original.
[INF][Engine] Appended 2 triggers to map 'case_e_selection_field'.
[WRN][Engine] Duplicate registration for trigger type TriggerGraphMountTrigger. Keeping original.
[WRN][Engine] Duplicate registration for trigger type TriggerGraphResumeTrigger. Keeping original.
[WRN][Engine] Duplicate registration for trigger type TriggerGraphMountTrigger. Keeping original.
[WRN][Engine] Duplicate registration for trigger type TriggerGraphResumeTrigger. Keeping original.
[INF][Engine] Appended 4 triggers to map 'case_e_selection_field'.
[WRN][Engine] Duplicate registration for trigger type TriggerGraphMountTrigger. Keeping original.
[WRN][Engine] Duplicate registration for trigger type TriggerGraphResumeTrigger. Keeping original.
[INF][Engine] Appended 2 triggers to map 'case_e_selection_field'.
[WRN][Engine] Duplicate registration for trigger type TriggerGraphMountTrigger. Keeping original.
[WRN][Engine] Duplicate registration for trigger type TriggerGraphResumeTrigger. Keeping original.
[WRN][Engine] Duplicate registration for trigger type TriggerGraphMountTrigger. Keeping original.
[WRN][Engine] Duplicate registration for trigger type TriggerGraphResumeTrigger. Keeping original.
[INF][Engine] Appended 4 triggers to map 'case_e_selection_field'.
[WRN][Engine] Duplicate registration for trigger type TriggerGraphMountTrigger. Keeping original.
[WRN][Engine] Duplicate registration for trigger type TriggerGraphResumeTrigger. Keeping original.
[INF][Engine] Appended 2 triggers to map 'case_e_selection_field'.
[WRN][Engine] Duplicate registration for trigger type TriggerGraphMountTrigger. Keeping original.
[WRN][Engine] Duplicate registration for trigger type TriggerGraphResumeTrigger. Keeping original.
[WRN][Engine] Duplicate registration for trigger type TriggerGraphMountTrigger. Keeping original.
[WRN][Engine] Duplicate registration for trigger type TriggerGraphResumeTrigger. Keeping original.
[INF][Engine] Appended 4 triggers to map 'case_e_selection_field'.
[WRN][Engine] Duplicate registration for trigger type TriggerGraphMountTrigger. Keeping original.
[WRN][Engine] Duplicate registration for trigger type TriggerGraphResumeTrigger. Keeping original.
[INF][Engine] Appended 2 triggers to map 'case_e_selection_field'.
[WRN][Engine] Duplicate registration for trigger type TriggerGraphMountTrigger. Keeping original.
[WRN][Engine] Duplicate registration for trigger type TriggerGraphResumeTrigger. Keeping original.
[WRN][Engine] Duplicate registration for trigger type TriggerGraphMountTrigger. Keeping original.
[WRN][Engine] Duplicate registration for trigger type TriggerGraphResumeTrigger. Keeping original.
[INF][Engine] Appended 4 triggers to map 'case_e_selection_field'.
[WRN][Engine] Duplicate registration for trigger type TriggerGraphMountTrigger. Keeping original.
[WRN][Engine] Duplicate registration for trigger type TriggerGraphResumeTrigger. Keeping original.
[INF][Engine] Appended 2 triggers to map 'case_e_selection_field'.
[WRN][Engine] Duplicate registration for trigger type TriggerGraphMountTrigger. Keeping original.
[WRN][Engine] Duplicate registration for trigger type TriggerGraphResumeTrigger. Keeping original.
[WRN][Engine] Duplicate registration for trigger type TriggerGraphMountTrigger. Keeping original.
[WRN][Engine] Duplicate registration for trigger type TriggerGraphResumeTrigger. Keeping original.
[INF][Engine] Appended 4 triggers to map 'case_e_selection_field'.
[WRN][Engine] Duplicate registration for trigger type TriggerGraphMountTrigger. Keeping original.
[WRN][Engine] Duplicate registration for trigger type TriggerGraphResumeTrigger. Keeping original.
[INF][Engine] Appended 2 triggers to map 'case_e_selection_field'.
[WRN][Engine] Duplicate registration for trigger type TriggerGraphMountTrigger. Keeping original.
[WRN][Engine] Duplicate registration for trigger type TriggerGraphResumeTrigger. Keeping original.
[WRN][Engine] Duplicate registration for trigger type TriggerGraphMountTrigger. Keeping original.
[WRN][Engine] Duplicate registration for trigger type TriggerGraphResumeTrigger. Keeping original.
[INF][Engine] Appended 4 triggers to map 'case_e_selection_field'.
[WRN][Engine] Duplicate registration for trigger type TriggerGraphMountTrigger. Keeping original.
[WRN][Engine] Duplicate registration for trigger type TriggerGraphResumeTrigger. Keeping original.
[INF][Engine] Appended 2 triggers to map 'case_e_selection_field'.
[WRN][Engine] Duplicate registration for trigger type TriggerGraphMountTrigger. Keeping original.
[WRN][Engine] Duplicate registration for trigger type TriggerGraphResumeTrigger. Keeping original.
[WRN][Engine] Duplicate registration for trigger type TriggerGraphMountTrigger. Keeping original.
[WRN][Engine] Duplicate registration for trigger type TriggerGraphResumeTrigger. Keeping original.
[INF][Engine] Appended 4 triggers to map 'case_e_selection_field'.
[WRN][Engine] Duplicate registration for trigger type TriggerGraphMountTrigger. Keeping original.
[WRN][Engine] Duplicate registration for trigger type TriggerGraphResumeTrigger. Keeping original.
[INF][Engine] Appended 2 triggers to map 'case_e_selection_field'.
[WRN][Engine] Duplicate registration for trigger type TriggerGraphMountTrigger. Keeping original.
[WRN][Engine] Duplicate registration for trigger type TriggerGraphResumeTrigger. Keeping original.
[WRN][Engine] Duplicate registration for trigger type TriggerGraphMountTrigger. Keeping original.
[WRN][Engine] Duplicate registration for trigger type TriggerGraphResumeTrigger. Keeping original.
[INF][Engine] Appended 4 triggers to map 'case_e_selection_field'.
[WRN][Engine] Duplicate registration for trigger type TriggerGraphMountTrigger. Keeping original.
[WRN][Engine] Duplicate registration for trigger type TriggerGraphResumeTrigger. Keeping original.
[INF][Engine] Appended 2 triggers to map 'case_e_selection_field'.
[WRN][Engine] Duplicate registration for trigger type TriggerGraphMountTrigger. Keeping original.
[WRN][Engine] Duplicate registration for trigger type TriggerGraphResumeTrigger. Keeping original.
[WRN][Engine] Duplicate registration for trigger type TriggerGraphMountTrigger. Keeping original.
[WRN][Engine] Duplicate registration for trigger type TriggerGraphResumeTrigger. Keeping original.
[INF][Engine] Appended 4 triggers to map 'case_e_selection_field'.
[WRN][Engine] Duplicate registration for trigger type TriggerGraphMountTrigger. Keeping original.
[WRN][Engine] Duplicate registration for trigger type TriggerGraphResumeTrigger. Keeping original.
[INF][Engine] Appended 2 triggers to map 'case_e_selection_field'.
[WRN][Engine] Duplicate registration for trigger type TriggerGraphMountTrigger. Keeping original.
[WRN][Engine] Duplicate registration for trigger type TriggerGraphResumeTrigger. Keeping original.
[WRN][Engine] Duplicate registration for trigger type TriggerGraphMountTrigger. Keeping original.
[WRN][Engine] Duplicate registration for trigger type TriggerGraphResumeTrigger. Keeping original.
[INF][Engine] Appended 4 triggers to map 'case_e_selection_field'.
[WRN][Engine] Duplicate registration for trigger type TriggerGraphMountTrigger. Keeping original.
[WRN][Engine] Duplicate registration for trigger type TriggerGraphResumeTrigger. Keeping original.
[INF][Engine] Appended 2 triggers to map 'case_e_selection_field'.
[WRN][Engine] Duplicate registration for trigger type TriggerGraphMountTrigger. Keeping original.
[WRN][Engine] Duplicate registration for trigger type TriggerGraphResumeTrigger. Keeping original.
[WRN][Engine] Duplicate registration for trigger type TriggerGraphMountTrigger. Keeping original.
[WRN][Engine] Duplicate registration for trigger type TriggerGraphResumeTrigger. Keeping original.
[INF][Engine] Appended 4 triggers to map 'case_e_selection_field'.
[WRN][Engine] Duplicate registration for trigger type TriggerGraphMountTrigger. Keeping original.
[WRN][Engine] Duplicate registration for trigger type TriggerGraphResumeTrigger. Keeping original.
[INF][Engine] Appended 2 triggers to map 'case_e_selection_field'.
[WRN][Engine] Duplicate registration for trigger type TriggerGraphMountTrigger. Keeping original.
[WRN][Engine] Duplicate registration for trigger type TriggerGraphResumeTrigger. Keeping original.
[WRN][Engine] Duplicate registration for trigger type TriggerGraphMountTrigger. Keeping original.
[WRN][Engine] Duplicate registration for trigger type TriggerGraphResumeTrigger. Keeping original.
[INF][Engine] Appended 4 triggers to map 'case_e_selection_field'.
[WRN][Engine] Duplicate registration for trigger type TriggerGraphMountTrigger. Keeping original.
[WRN][Engine] Duplicate registration for trigger type TriggerGraphResumeTrigger. Keeping original.
[INF][Engine] Appended 2 triggers to map 'case_e_selection_field'.
[WRN][Engine] Duplicate registration for trigger type TriggerGraphMountTrigger. Keeping original.
[WRN][Engine] Duplicate registration for trigger type TriggerGraphResumeTrigger. Keeping original.
[WRN][Engine] Duplicate registration for trigger type TriggerGraphMountTrigger. Keeping original.
[WRN][Engine] Duplicate registration for trigger type TriggerGraphResumeTrigger. Keeping original.
[INF][Engine] Appended 4 triggers to map 'case_e_selection_field'.
[WRN][Engine] Duplicate registration for trigger type TriggerGraphMountTrigger. Keeping original.
[WRN][Engine] Duplicate registration for trigger type TriggerGraphResumeTrigger. Keeping original.
[INF][Engine] Appended 2 triggers to map 'case_e_selection_field'.
[WRN][Engine] Duplicate registration for trigger type TriggerGraphMountTrigger. Keeping original.
[WRN][Engine] Duplicate registration for trigger type TriggerGraphResumeTrigger. Keeping original.
[WRN][Engine] Duplicate registration for trigger type TriggerGraphMountTrigger. Keeping original.
[WRN][Engine] Duplicate registration for trigger type TriggerGraphResumeTrigger. Keeping original.
[INF][Engine] Appended 4 triggers to map 'case_e_selection_field'.
[WRN][Engine] Duplicate registration for trigger type TriggerGraphMountTrigger. Keeping original.
[WRN][Engine] Duplicate registration for trigger type TriggerGraphResumeTrigger. Keeping original.
[INF][Engine] Appended 2 triggers to map 'case_e_selection_field'.
[WRN][Engine] Duplicate registration for trigger type TriggerGraphMountTrigger. Keeping original.
[WRN][Engine] Duplicate registration for trigger type TriggerGraphResumeTrigger. Keeping original.
[WRN][Engine] Duplicate registration for trigger type TriggerGraphMountTrigger. Keeping original.
[WRN][Engine] Duplicate registration for trigger type TriggerGraphResumeTrigger. Keeping original.
[INF][Engine] Appended 4 triggers to map 'case_e_selection_field'.
[WRN][Engine] Duplicate registration for trigger type TriggerGraphMountTrigger. Keeping original.
[WRN][Engine] Duplicate registration for trigger type TriggerGraphResumeTrigger. Keeping original.
[INF][Engine] Appended 2 triggers to map 'case_e_selection_field'.
[WRN][Engine] Duplicate registration for trigger type TriggerGraphMountTrigger. Keeping original.
[WRN][Engine] Duplicate registration for trigger type TriggerGraphResumeTrigger. Keeping original.
[WRN][Engine] Duplicate registration for trigger type TriggerGraphMountTrigger. Keeping original.
[WRN][Engine] Duplicate registration for trigger type TriggerGraphResumeTrigger. Keeping original.
[INF][Engine] Appended 4 triggers to map 'case_e_selection_field'.
[WRN][Engine] Duplicate registration for trigger type TriggerGraphMountTrigger. Keeping original.
[WRN][Engine] Duplicate registration for trigger type TriggerGraphResumeTrigger. Keeping original.
[INF][Engine] Appended 2 triggers to map 'case_e_selection_field'.
[INF][Engine] Unloading ModLoader contexts...
[INF][Engine] Disposing JobScheduler...

[INF][Engine] Initializing with ConfigPipeline...
[INF][Engine] Resolving mod dependencies from explicit mod paths: mods=2
[INF][ModLoader] Mod Load Order:
[INF][ModLoader] - LudotsCoreMod (P:-1000)
[INF][ModLoader] - CaseESelectionMod (P:0)
[INF][ModLoader] Resolved Mod Load Order (launcher graph):
[INF][ModLoader] - LudotsCoreMod (P:-1000)
[INF][ModLoader] - CaseESelectionMod (P:0)
[INF][ModLoader] Loading DLL for LudotsCoreMod at C:\001_AI\wt-case-e-consolidation\mods\LudotsCoreMod\bin\net9.0\LudotsCoreMod.dll
[INF][ModLoader] Scanning 2 types in assembly...
[INF][ModLoader] Instantiated entry for LudotsCoreMod. Calling OnLoad...
[INF][Mod.LudotsCoreMod] [LudotsCoreMod] Loaded - Core game framework initialized
[INF][ModLoader] LudotsCoreMod OnLoad completed.
[INF][ModLoader] Loaded LudotsCoreMod
[INF][ModLoader] Loading DLL for CaseESelectionMod at C:\001_AI\wt-case-e-consolidation\mods\showcases\case_e_selection\CaseESelectionMod\bin\net9.0\CaseESelectionMod.dll
[INF][ModLoader] Scanning 7 types in assembly...
[INF][ModLoader] Instantiated entry for CaseESelectionMod. Calling OnLoad...
[INF][ModLoader] CaseESelectionMod OnLoad completed.
[INF][ModLoader] Loaded CaseESelectionMod
[INF][Config] Merged fragment from: Core:game.json
[INF][Config] Merged fragment from: LudotsCoreMod:assets/game.json
[INF][Config] Merged fragment from: CaseESelectionMod:assets/game.json
[INF][Config] Merged fragment from: Core:config_catalog.json
[INF][Config] Merged fragment from: CaseESelectionMod:assets/config_catalog.json
[INF][Config] Merged fragment from: Core:Navigation/agent_profiles.json
[INF][Engine] Merged GameConfig: StartupMapId=case_e_selection_10k_field, DefaultCoreMod=LudotsCoreMod
[INF][Engine] Constants loaded: OrderTypeIds=4, ResponseChainOrderTypeIds=3
[INF][Engine] Initializing JobScheduler...
[INF][Config] Loading DataRegistry<EntityTemplate> from Entities/templates.json...
[INF][Config] Merged fragment from: LudotsCoreMod:assets/Entities/templates.json
[INF][Config] Merged fragment from: CaseESelectionMod:assets/Entities/templates.json
[INF][Config] Loaded 7 DataRegistry<EntityTemplate> items.
[INF][Engine] Initializing Core GAS Systems...
[INF][Config] Merged fragment from: Core:Engine/clock.json
[INF][Config] Merged fragment from: Core:Relationships/catalog.json
[INF][Config] Merged fragment from: LudotsCoreMod:assets/Relationships/catalog.json
[INF][Config] Merged fragment from: Core:Relationships/control_profiles.json
[INF][Config] Merged fragment from: Core:GAS/target_dispatch_presets.json
[INF][Config] Merged fragment from: Core:GAS/clock.json
[INF][Config] Merged fragment from: Core:Physics2D/clock.json
[INF][Config] Merged fragment from: Core:Physics2D/solver.json
[INF][Config] Merged fragment from: Core:Physics2D/kinematic.json
[INF][Config] Merged fragment from: Core:GAS/attribute_constraints.json
[INF][Config] Merged fragment from: CaseESelectionMod:assets/GAS/attribute_constraints.json
[INF][Config] Merged fragment from: Core:Enums/enums.json
[INF][Config] Merged fragment from: CaseESelectionMod:assets/Events/custom_events.json
[INF][Config] Merged fragment from: Core:Vision/fog_layers.json
[INF][Config] Merged fragment from: LudotsCoreMod:assets/Presentation/text_tokens.json
[INF][Config] Merged fragment from: LudotsCoreMod:assets/Presentation/text_tokens.json
[INF][Config] Merged fragment from: LudotsCoreMod:assets/Presentation/text_locales.json
[INF][Config] Merged fragment from: Core:GraphTables/lookup_tables.json
[INF][Config] Merged fragment from: Core:GAS/graphs.json
[INF][Config] Merged fragment from: CaseESelectionMod:assets/GAS/graphs/graph.case_e.box_begin.json
[INF][Config] Merged fragment from: CaseESelectionMod:assets/GAS/graphs/graph.case_e.box_commit.json
[INF][Config] Merged fragment from: CaseESelectionMod:assets/GAS/graphs/graph.case_e.box_hit.json
[INF][Config] Merged fragment from: CaseESelectionMod:assets/GAS/graphs/graph.case_e.box_hover_clear.json
[INF][Config] Merged fragment from: CaseESelectionMod:assets/GAS/graphs/graph.case_e.box_hover_tick.json
[INF][Config] Merged fragment from: CaseESelectionMod:assets/GAS/graphs/graph.case_e.candidates.json
[INF][Config] Merged fragment from: CaseESelectionMod:assets/GAS/graphs/graph.case_e.candidates_player2.json
[INF][Config] Merged fragment from: CaseESelectionMod:assets/GAS/graphs/graph.case_e.roster_sync.json
[INF][Config] Merged fragment from: CaseESelectionMod:assets/GAS/graphs/graph.case_e.roster_sync_player2.json
[INF][Config] Merged fragment from: CaseESelectionMod:assets/GAS/graphs/graph.case_e.selection_commit.json
[INF][Config] Merged fragment from: Core:GAS/preset_types.json
[INF][Config] Merged fragment from: Core:Exchange/operations.json
[INF][Config] Merged fragment from: Core:Progression/scopes.json
[INF][Config] Merged fragment from: Core:Progression/progressions.json
[INF][Config] Merged fragment from: Core:Progression/requirements.json
[INF][Config] Merged fragment from: LudotsCoreMod:assets/GAS/order_types.json
[INF][Config] Merged fragment from: Core:GAS/effects.json
[INF][Config] Merged fragment from: Core:GAS/func_lib.json
[INF][Config] Merged fragment from: Core:GAS/action_lib.json
[INF][Config] Merged fragment from: Core:Items/shapes.json
[INF][Config] Merged fragment from: Core:Items/layouts.json
[INF][Config] Merged fragment from: Core:Items/definitions.json
[INF][Config] Merged fragment from: Core:Exchange/operations.json
[INF][Config] Merged fragment from: Core:Panels/panel_templates.json
[INF][Config] Merged fragment from: Core:Input/filter_profiles.json
[INF][Config] Merged fragment from: Core:Presentation/lod_profiles.json
[INF][Config] Merged fragment from: Core:Presentation/particle_vfx.json
[INF][Config] Merged fragment from: LudotsCoreMod:assets/Presentation/mesh_assets.json
[INF][Config] Merged fragment from: CaseESelectionMod:assets/Presentation/mesh_assets.json
[INF][Config] Merged fragment from: LudotsCoreMod:assets/Presentation/material_assets.json
[INF][Config] Merged fragment from: LudotsCoreMod:assets/Presentation/animator_controllers.json
[INF][Config] Merged fragment from: LudotsCoreMod:assets/Presentation/animation_clips.json
[INF][Config] Merged fragment from: LudotsCoreMod:assets/Presentation/animation_profiles.json
[INF][Config] Merged fragment from: Core:Input/interaction_context_profiles.json
[INF][Config] Merged fragment from: CaseESelectionMod:assets/Input/interaction_context_profiles.json
[INF][Config] Merged fragment from: LudotsCoreMod:assets/Presentation/presenters.json
[INF][Config] Merged fragment from: CaseESelectionMod:assets/Presentation/presenters.json
[INF][Config] Merged fragment from: Core:GAS/attribute_bindings.json
[INF][Config] Merged fragment from: Core:config_catalog.json
[INF][Config] Merged fragment from: CaseESelectionMod:assets/config_catalog.json
[INF][Config] Merged fragment from: Core:Input/default_input.json
[INF][Config] Merged fragment from: CaseESelectionMod:assets/Input/default_input.json
[INF][Config] Merged fragment from: Core:Input/action_attribute_bindings.json
[INF][Config] Merged fragment from: CaseESelectionMod:assets/Input/action_attribute_bindings.json
[INF][Config] Merged fragment from: Core:Input/command_intent_profiles.json
[INF][Config] Merged fragment from: Core:Input/cast_commit_profiles.json
[INF][Config] Merged fragment from: Core:Input/cast_commit_locks.json
[INF][Config] Merged fragment from: Core:Input/cast_dispatch_profiles.json
[INF][Config] Merged fragment from: Core:Input/control_schemes.json
[INF][Config] Merged fragment from: CaseESelectionMod:assets/Input/control_schemes.json
[INF][Config] Merged fragment from: Core:Input/interaction_prefs.json
[INF][Config] Merged fragment from: Core:Input/interaction_modes.json
[INF][Config] Merged fragment from: Core:UI/ability_aggregation_profiles.json
[INF][Config] Merged fragment from: Core:UI/command_deck_profiles.json
[INF][Config] Merged fragment from: Core:UI/production_overview_profiles.json
[INF][Config] Merged fragment from: Core:AI/behavior_trees.json
[INF][Config] Merged fragment from: Core:AI/hfsm.json
[INF][Config] Merged fragment from: Core:Presentation/semantic_maps.json
[INF][Config] Merged fragment from: Core:Presentation/image_assets.json
[INF][Config] Merged fragment from: Core:Camera/virtual_cameras.json
[INF][Config] Merged fragment from: Core:Story/lines.json
[INF][Config] Merged fragment from: Core:Story/presentation_profiles.json
[INF][Config] Merged fragment from: Core:Story/speakers.json
[INF][Config] Merged fragment from: Core:Dialogue/dialogues.json
[INF][Config] Merged fragment from: Core:Sequencer/sequences.json
[INF][ModLoader] No registration conflicts detected.
[INF][Config] Merged fragment from: Core:config_catalog.json
[INF][Config] Merged fragment from: CaseESelectionMod:assets/config_catalog.json
[INF][Config] Merged fragment from: Core:Input/default_input.json
[INF][Config] Merged fragment from: CaseESelectionMod:assets/Input/default_input.json
[INF][Engine] Firing GameStart event...
[LudotsCoreMod] Core systems installed
[INF][Engine] Loading Map: case_e_selection_field
[INF][Map] Loading Map: case_e_selection_field
[INF][Config] Merged fragment from: CaseESelectionMod:assets/Maps/case_e_selection_field.json
[INF][Map] Map 'case_e_selection_field' loaded.
[INF][Map] Map 'case_e_selection_field' pushed to focus (stack depth=1).
[INF][Config] Merged fragment from: Core:Navigation/pathing.json
[INF][Engine] Pathing bootstrap skipped for map 'case_e_selection_field': no node-graph board or navmesh query service is loaded.
[INF][Engine] Creating Entities from MapConfig...
[INF][Engine] Registered 2 triggers for map 'case_e_selection_field'.
[INF][Engine] Applied DefaultCamera: yaw=0 pitch=52 dist=3400cm fov=45
[INF][Engine] Firing MapLoaded event for case_e_selection_field...
[WRN][Engine] Duplicate registration for trigger type TriggerGraphMountTrigger. Keeping original.
[WRN][Engine] Duplicate registration for trigger type TriggerGraphResumeTrigger. Keeping original.
[INF][Engine] Appended 2 triggers to map 'case_e_selection_field'.
[WRN][Engine] Duplicate registration for trigger type TriggerGraphMountTrigger. Keeping original.
[WRN][Engine] Duplicate registration for trigger type TriggerGraphResumeTrigger. Keeping original.
[WRN][Engine] Duplicate registration for trigger type TriggerGraphMountTrigger. Keeping original.
[WRN][Engine] Duplicate registration for trigger type TriggerGraphResumeTrigger. Keeping original.
[INF][Engine] Appended 4 triggers to map 'case_e_selection_field'.
[WRN][Engine] Duplicate registration for trigger type TriggerGraphMountTrigger. Keeping original.
[WRN][Engine] Duplicate registration for trigger type TriggerGraphResumeTrigger. Keeping original.
[INF][Engine] Appended 2 triggers to map 'case_e_selection_field'.
[WRN][Engine] Duplicate registration for trigger type TriggerGraphMountTrigger. Keeping original.
[WRN][Engine] Duplicate registration for trigger type TriggerGraphResumeTrigger. Keeping original.
[WRN][Engine] Duplicate registration for trigger type TriggerGraphMountTrigger. Keeping original.
[WRN][Engine] Duplicate registration for trigger type TriggerGraphResumeTrigger. Keeping original.
[INF][Engine] Appended 4 triggers to map 'case_e_selection_field'.
[WRN][Engine] Duplicate registration for trigger type TriggerGraphMountTrigger. Keeping original.
[WRN][Engine] Duplicate registration for trigger type TriggerGraphResumeTrigger. Keeping original.
[INF][Engine] Appended 2 triggers to map 'case_e_selection_field'.
[WRN][Engine] Duplicate registration for trigger type TriggerGraphMountTrigger. Keeping original.
[WRN][Engine] Duplicate registration for trigger type TriggerGraphResumeTrigger. Keeping original.
[WRN][Engine] Duplicate registration for trigger type TriggerGraphMountTrigger. Keeping original.
[WRN][Engine] Duplicate registration for trigger type TriggerGraphResumeTrigger. Keeping original.
[INF][Engine] Appended 4 triggers to map 'case_e_selection_field'.
[WRN][Engine] Duplicate registration for trigger type TriggerGraphMountTrigger. Keeping original.
[WRN][Engine] Duplicate registration for trigger type TriggerGraphResumeTrigger. Keeping original.
[INF][Engine] Appended 2 triggers to map 'case_e_selection_field'.
[WRN][Engine] Duplicate registration for trigger type TriggerGraphMountTrigger. Keeping original.
[WRN][Engine] Duplicate registration for trigger type TriggerGraphResumeTrigger. Keeping original.
[WRN][Engine] Duplicate registration for trigger type TriggerGraphMountTrigger. Keeping original.
[WRN][Engine] Duplicate registration for trigger type TriggerGraphResumeTrigger. Keeping original.
[INF][Engine] Appended 4 triggers to map 'case_e_selection_field'.
[WRN][Engine] Duplicate registration for trigger type TriggerGraphMountTrigger. Keeping original.
[WRN][Engine] Duplicate registration for trigger type TriggerGraphResumeTrigger. Keeping original.
[INF][Engine] Appended 2 triggers to map 'case_e_selection_field'.
[WRN][Engine] Duplicate registration for trigger type TriggerGraphMountTrigger. Keeping original.
[WRN][Engine] Duplicate registration for trigger type TriggerGraphResumeTrigger. Keeping original.
[WRN][Engine] Duplicate registration for trigger type TriggerGraphMountTrigger. Keeping original.
[WRN][Engine] Duplicate registration for trigger type TriggerGraphResumeTrigger. Keeping original.
[INF][Engine] Appended 4 triggers to map 'case_e_selection_field'.
[WRN][Engine] Duplicate registration for trigger type TriggerGraphMountTrigger. Keeping original.
[WRN][Engine] Duplicate registration for trigger type TriggerGraphResumeTrigger. Keeping original.
[INF][Engine] Appended 2 triggers to map 'case_e_selection_field'.
[WRN][Engine] Duplicate registration for trigger type TriggerGraphMountTrigger. Keeping original.
[WRN][Engine] Duplicate registration for trigger type TriggerGraphResumeTrigger. Keeping original.
[WRN][Engine] Duplicate registration for trigger type TriggerGraphMountTrigger. Keeping original.
[WRN][Engine] Duplicate registration for trigger type TriggerGraphResumeTrigger. Keeping original.
[INF][Engine] Appended 4 triggers to map 'case_e_selection_field'.
[WRN][Engine] Duplicate registration for trigger type TriggerGraphMountTrigger. Keeping original.
[WRN][Engine] Duplicate registration for trigger type TriggerGraphResumeTrigger. Keeping original.
[INF][Engine] Appended 2 triggers to map 'case_e_selection_field'.
[WRN][Engine] Duplicate registration for trigger type TriggerGraphMountTrigger. Keeping original.
[WRN][Engine] Duplicate registration for trigger type TriggerGraphResumeTrigger. Keeping original.
[WRN][Engine] Duplicate registration for trigger type TriggerGraphMountTrigger. Keeping original.
[WRN][Engine] Duplicate registration for trigger type TriggerGraphResumeTrigger. Keeping original.
[INF][Engine] Appended 4 triggers to map 'case_e_selection_field'.
[WRN][Engine] Duplicate registration for trigger type TriggerGraphMountTrigger. Keeping original.
[WRN][Engine] Duplicate registration for trigger type TriggerGraphResumeTrigger. Keeping original.
[INF][Engine] Appended 2 triggers to map 'case_e_selection_field'.
[WRN][Engine] Duplicate registration for trigger type TriggerGraphMountTrigger. Keeping original.
[WRN][Engine] Duplicate registration for trigger type TriggerGraphResumeTrigger. Keeping original.
[WRN][Engine] Duplicate registration for trigger type TriggerGraphMountTrigger. Keeping original.
[WRN][Engine] Duplicate registration for trigger type TriggerGraphResumeTrigger. Keeping original.
[INF][Engine] Appended 4 triggers to map 'case_e_selection_field'.
[WRN][Engine] Duplicate registration for trigger type TriggerGraphMountTrigger. Keeping original.
[WRN][Engine] Duplicate registration for trigger type TriggerGraphResumeTrigger. Keeping original.
[INF][Engine] Appended 2 triggers to map 'case_e_selection_field'.
[WRN][Engine] Duplicate registration for trigger type TriggerGraphMountTrigger. Keeping original.
[WRN][Engine] Duplicate registration for trigger type TriggerGraphResumeTrigger. Keeping original.
[WRN][Engine] Duplicate registration for trigger type TriggerGraphMountTrigger. Keeping original.
[WRN][Engine] Duplicate registration for trigger type TriggerGraphResumeTrigger. Keeping original.
[INF][Engine] Appended 4 triggers to map 'case_e_selection_field'.
[WRN][Engine] Duplicate registration for trigger type TriggerGraphMountTrigger. Keeping original.
[WRN][Engine] Duplicate registration for trigger type TriggerGraphResumeTrigger. Keeping original.
[INF][Engine] Appended 2 triggers to map 'case_e_selection_field'.
[WRN][Engine] Duplicate registration for trigger type TriggerGraphMountTrigger. Keeping original.
[WRN][Engine] Duplicate registration for trigger type TriggerGraphResumeTrigger. Keeping original.
[WRN][Engine] Duplicate registration for trigger type TriggerGraphMountTrigger. Keeping original.
[WRN][Engine] Duplicate registration for trigger type TriggerGraphResumeTrigger. Keeping original.
[INF][Engine] Appended 4 triggers to map 'case_e_selection_field'.
[WRN][Engine] Duplicate registration for trigger type TriggerGraphMountTrigger. Keeping original.
[WRN][Engine] Duplicate registration for trigger type TriggerGraphResumeTrigger. Keeping original.
[INF][Engine] Appended 2 triggers to map 'case_e_selection_field'.
[WRN][Engine] Duplicate registration for trigger type TriggerGraphMountTrigger. Keeping original.
[WRN][Engine] Duplicate registration for trigger type TriggerGraphResumeTrigger. Keeping original.
[WRN][Engine] Duplicate registration for trigger type TriggerGraphMountTrigger. Keeping original.
[WRN][Engine] Duplicate registration for trigger type TriggerGraphResumeTrigger. Keeping original.
[INF][Engine] Appended 4 triggers to map 'case_e_selection_field'.
[WRN][Engine] Duplicate registration for trigger type TriggerGraphMountTrigger. Keeping original.
[WRN][Engine] Duplicate registration for trigger type TriggerGraphResumeTrigger. Keeping original.
[INF][Engine] Appended 2 triggers to map 'case_e_selection_field'.
[WRN][Engine] Duplicate registration for trigger type TriggerGraphMountTrigger. Keeping original.
[WRN][Engine] Duplicate registration for trigger type TriggerGraphResumeTrigger. Keeping original.
[WRN][Engine] Duplicate registration for trigger type TriggerGraphMountTrigger. Keeping original.
[WRN][Engine] Duplicate registration for trigger type TriggerGraphResumeTrigger. Keeping original.
[INF][Engine] Appended 4 triggers to map 'case_e_selection_field'.
[WRN][Engine] Duplicate registration for trigger type TriggerGraphMountTrigger. Keeping original.
[WRN][Engine] Duplicate registration for trigger type TriggerGraphResumeTrigger. Keeping original.
[INF][Engine] Appended 2 triggers to map 'case_e_selection_field'.
[WRN][Engine] Duplicate registration for trigger type TriggerGraphMountTrigger. Keeping original.
[WRN][Engine] Duplicate registration for trigger type TriggerGraphResumeTrigger. Keeping original.
[WRN][Engine] Duplicate registration for trigger type TriggerGraphMountTrigger. Keeping original.
[WRN][Engine] Duplicate registration for trigger type TriggerGraphResumeTrigger. Keeping original.
[INF][Engine] Appended 4 triggers to map 'case_e_selection_field'.
[WRN][Engine] Duplicate registration for trigger type TriggerGraphMountTrigger. Keeping original.
[WRN][Engine] Duplicate registration for trigger type TriggerGraphResumeTrigger. Keeping original.
[INF][Engine] Appended 2 triggers to map 'case_e_selection_field'.
[WRN][Engine] Duplicate registration for trigger type TriggerGraphMountTrigger. Keeping original.
[WRN][Engine] Duplicate registration for trigger type TriggerGraphResumeTrigger. Keeping original.
[WRN][Engine] Duplicate registration for trigger type TriggerGraphMountTrigger. Keeping original.
[WRN][Engine] Duplicate registration for trigger type TriggerGraphResumeTrigger. Keeping original.
[INF][Engine] Appended 4 triggers to map 'case_e_selection_field'.
[WRN][Engine] Duplicate registration for trigger type TriggerGraphMountTrigger. Keeping original.
[WRN][Engine] Duplicate registration for trigger type TriggerGraphResumeTrigger. Keeping original.
[INF][Engine] Appended 2 triggers to map 'case_e_selection_field'.
[WRN][Engine] Duplicate registration for trigger type TriggerGraphMountTrigger. Keeping original.
[WRN][Engine] Duplicate registration for trigger type TriggerGraphResumeTrigger. Keeping original.
[WRN][Engine] Duplicate registration for trigger type TriggerGraphMountTrigger. Keeping original.
[WRN][Engine] Duplicate registration for trigger type TriggerGraphResumeTrigger. Keeping original.
[INF][Engine] Appended 4 triggers to map 'case_e_selection_field'.
[WRN][Engine] Duplicate registration for trigger type TriggerGraphMountTrigger. Keeping original.
[WRN][Engine] Duplicate registration for trigger type TriggerGraphResumeTrigger. Keeping original.
[INF][Engine] Appended 2 triggers to map 'case_e_selection_field'.
[WRN][Engine] Duplicate registration for trigger type TriggerGraphMountTrigger. Keeping original.
[WRN][Engine] Duplicate registration for trigger type TriggerGraphResumeTrigger. Keeping original.
[WRN][Engine] Duplicate registration for trigger type TriggerGraphMountTrigger. Keeping original.
[WRN][Engine] Duplicate registration for trigger type TriggerGraphResumeTrigger. Keeping original.
[INF][Engine] Appended 4 triggers to map 'case_e_selection_field'.
[WRN][Engine] Duplicate registration for trigger type TriggerGraphMountTrigger. Keeping original.
[WRN][Engine] Duplicate registration for trigger type TriggerGraphResumeTrigger. Keeping original.
[INF][Engine] Appended 2 triggers to map 'case_e_selection_field'.
[WRN][Engine] Duplicate registration for trigger type TriggerGraphMountTrigger. Keeping original.
[WRN][Engine] Duplicate registration for trigger type TriggerGraphResumeTrigger. Keeping original.
[WRN][Engine] Duplicate registration for trigger type TriggerGraphMountTrigger. Keeping original.
[WRN][Engine] Duplicate registration for trigger type TriggerGraphResumeTrigger. Keeping original.
[INF][Engine] Appended 4 triggers to map 'case_e_selection_field'.
[WRN][Engine] Duplicate registration for trigger type TriggerGraphMountTrigger. Keeping original.
[WRN][Engine] Duplicate registration for trigger type TriggerGraphResumeTrigger. Keeping original.
[INF][Engine] Appended 2 triggers to map 'case_e_selection_field'.
[WRN][Engine] Duplicate registration for trigger type TriggerGraphMountTrigger. Keeping original.
[WRN][Engine] Duplicate registration for trigger type TriggerGraphResumeTrigger. Keeping original.
[WRN][Engine] Duplicate registration for trigger type TriggerGraphMountTrigger. Keeping original.
[WRN][Engine] Duplicate registration for trigger type TriggerGraphResumeTrigger. Keeping original.
[INF][Engine] Appended 4 triggers to map 'case_e_selection_field'.
[WRN][Engine] Duplicate registration for trigger type TriggerGraphMountTrigger. Keeping original.
[WRN][Engine] Duplicate registration for trigger type TriggerGraphResumeTrigger. Keeping original.
[INF][Engine] Appended 2 triggers to map 'case_e_selection_field'.
[WRN][Engine] Duplicate registration for trigger type TriggerGraphMountTrigger. Keeping original.
[WRN][Engine] Duplicate registration for trigger type TriggerGraphResumeTrigger. Keeping original.
[WRN][Engine] Duplicate registration for trigger type TriggerGraphMountTrigger. Keeping original.
[WRN][Engine] Duplicate registration for trigger type TriggerGraphResumeTrigger. Keeping original.
[INF][Engine] Appended 4 triggers to map 'case_e_selection_field'.
[WRN][Engine] Duplicate registration for trigger type TriggerGraphMountTrigger. Keeping original.
[WRN][Engine] Duplicate registration for trigger type TriggerGraphResumeTrigger. Keeping original.
[INF][Engine] Appended 2 triggers to map 'case_e_selection_field'.
[WRN][Engine] Duplicate registration for trigger type TriggerGraphMountTrigger. Keeping original.
[WRN][Engine] Duplicate registration for trigger type TriggerGraphResumeTrigger. Keeping original.
[WRN][Engine] Duplicate registration for trigger type TriggerGraphMountTrigger. Keeping original.
[WRN][Engine] Duplicate registration for trigger type TriggerGraphResumeTrigger. Keeping original.
[INF][Engine] Appended 4 triggers to map 'case_e_selection_field'.
[WRN][Engine] Duplicate registration for trigger type TriggerGraphMountTrigger. Keeping original.
[WRN][Engine] Duplicate registration for trigger type TriggerGraphResumeTrigger. Keeping original.
[INF][Engine] Appended 2 triggers to map 'case_e_selection_field'.
[INF][Engine] Unloading ModLoader contexts...
[INF][Engine] Disposing JobScheduler...

[INF][Engine] Initializing with ConfigPipeline...
[INF][Engine] Resolving mod dependencies from explicit mod paths: mods=2
[INF][ModLoader] Mod Load Order:
[INF][ModLoader] - LudotsCoreMod (P:-1000)
[INF][ModLoader] - CaseESelectionMod (P:0)
[INF][ModLoader] Resolved Mod Load Order (launcher graph):
[INF][ModLoader] - LudotsCoreMod (P:-1000)
[INF][ModLoader] - CaseESelectionMod (P:0)
[INF][ModLoader] Loading DLL for LudotsCoreMod at C:\001_AI\wt-case-e-consolidation\mods\LudotsCoreMod\bin\net9.0\LudotsCoreMod.dll
[INF][ModLoader] Scanning 2 types in assembly...
[INF][ModLoader] Instantiated entry for LudotsCoreMod. Calling OnLoad...
[INF][Mod.LudotsCoreMod] [LudotsCoreMod] Loaded - Core game framework initialized
[INF][ModLoader] LudotsCoreMod OnLoad completed.
[INF][ModLoader] Loaded LudotsCoreMod
[INF][ModLoader] Loading DLL for CaseESelectionMod at C:\001_AI\wt-case-e-consolidation\mods\showcases\case_e_selection\CaseESelectionMod\bin\net9.0\CaseESelectionMod.dll
[INF][ModLoader] Scanning 7 types in assembly...
[INF][ModLoader] Instantiated entry for CaseESelectionMod. Calling OnLoad...
[INF][ModLoader] CaseESelectionMod OnLoad completed.
[INF][ModLoader] Loaded CaseESelectionMod
[INF][Config] Merged fragment from: Core:game.json
[INF][Config] Merged fragment from: LudotsCoreMod:assets/game.json
[INF][Config] Merged fragment from: CaseESelectionMod:assets/game.json
[INF][Config] Merged fragment from: Core:config_catalog.json
[INF][Config] Merged fragment from: CaseESelectionMod:assets/config_catalog.json
[INF][Config] Merged fragment from: Core:Navigation/agent_profiles.json
[INF][Engine] Merged GameConfig: StartupMapId=case_e_selection_10k_field, DefaultCoreMod=LudotsCoreMod
[INF][Engine] Constants loaded: OrderTypeIds=4, ResponseChainOrderTypeIds=3
[INF][Engine] Initializing JobScheduler...
[INF][Config] Loading DataRegistry<EntityTemplate> from Entities/templates.json...
[INF][Config] Merged fragment from: LudotsCoreMod:assets/Entities/templates.json
[INF][Config] Merged fragment from: CaseESelectionMod:assets/Entities/templates.json
[INF][Config] Loaded 7 DataRegistry<EntityTemplate> items.
[INF][Engine] Initializing Core GAS Systems...
[INF][Config] Merged fragment from: Core:Engine/clock.json
[INF][Config] Merged fragment from: Core:Relationships/catalog.json
[INF][Config] Merged fragment from: LudotsCoreMod:assets/Relationships/catalog.json
[INF][Config] Merged fragment from: Core:Relationships/control_profiles.json
[INF][Config] Merged fragment from: Core:GAS/target_dispatch_presets.json
[INF][Config] Merged fragment from: Core:GAS/clock.json
[INF][Config] Merged fragment from: Core:Physics2D/clock.json
[INF][Config] Merged fragment from: Core:Physics2D/solver.json
[INF][Config] Merged fragment from: Core:Physics2D/kinematic.json
[INF][Config] Merged fragment from: Core:GAS/attribute_constraints.json
[INF][Config] Merged fragment from: CaseESelectionMod:assets/GAS/attribute_constraints.json
[INF][Config] Merged fragment from: Core:Enums/enums.json
[INF][Config] Merged fragment from: CaseESelectionMod:assets/Events/custom_events.json
[INF][Config] Merged fragment from: Core:Vision/fog_layers.json
[INF][Config] Merged fragment from: LudotsCoreMod:assets/Presentation/text_tokens.json
[INF][Config] Merged fragment from: LudotsCoreMod:assets/Presentation/text_tokens.json
[INF][Config] Merged fragment from: LudotsCoreMod:assets/Presentation/text_locales.json
[INF][Config] Merged fragment from: Core:GraphTables/lookup_tables.json
[INF][Config] Merged fragment from: Core:GAS/graphs.json
[INF][Config] Merged fragment from: CaseESelectionMod:assets/GAS/graphs/graph.case_e.box_begin.json
[INF][Config] Merged fragment from: CaseESelectionMod:assets/GAS/graphs/graph.case_e.box_commit.json
[INF][Config] Merged fragment from: CaseESelectionMod:assets/GAS/graphs/graph.case_e.box_hit.json
[INF][Config] Merged fragment from: CaseESelectionMod:assets/GAS/graphs/graph.case_e.box_hover_clear.json
[INF][Config] Merged fragment from: CaseESelectionMod:assets/GAS/graphs/graph.case_e.box_hover_tick.json
[INF][Config] Merged fragment from: CaseESelectionMod:assets/GAS/graphs/graph.case_e.candidates.json
[INF][Config] Merged fragment from: CaseESelectionMod:assets/GAS/graphs/graph.case_e.candidates_player2.json
[INF][Config] Merged fragment from: CaseESelectionMod:assets/GAS/graphs/graph.case_e.roster_sync.json
[INF][Config] Merged fragment from: CaseESelectionMod:assets/GAS/graphs/graph.case_e.roster_sync_player2.json
[INF][Config] Merged fragment from: CaseESelectionMod:assets/GAS/graphs/graph.case_e.selection_commit.json
[INF][Config] Merged fragment from: Core:GAS/preset_types.json
[INF][Config] Merged fragment from: Core:Exchange/operations.json
[INF][Config] Merged fragment from: Core:Progression/scopes.json
[INF][Config] Merged fragment from: Core:Progression/progressions.json
[INF][Config] Merged fragment from: Core:Progression/requirements.json
[INF][Config] Merged fragment from: LudotsCoreMod:assets/GAS/order_types.json
[INF][Config] Merged fragment from: Core:GAS/effects.json
[INF][Config] Merged fragment from: Core:GAS/func_lib.json
[INF][Config] Merged fragment from: Core:GAS/action_lib.json
[INF][Config] Merged fragment from: Core:Items/shapes.json
[INF][Config] Merged fragment from: Core:Items/layouts.json
[INF][Config] Merged fragment from: Core:Items/definitions.json
[INF][Config] Merged fragment from: Core:Exchange/operations.json
[INF][Config] Merged fragment from: Core:Panels/panel_templates.json
[INF][Config] Merged fragment from: Core:Input/filter_profiles.json
[INF][Config] Merged fragment from: Core:Presentation/lod_profiles.json
[INF][Config] Merged fragment from: Core:Presentation/particle_vfx.json
[INF][Config] Merged fragment from: LudotsCoreMod:assets/Presentation/mesh_assets.json
[INF][Config] Merged fragment from: CaseESelectionMod:assets/Presentation/mesh_assets.json
[INF][Config] Merged fragment from: LudotsCoreMod:assets/Presentation/material_assets.json
[INF][Config] Merged fragment from: LudotsCoreMod:assets/Presentation/animator_controllers.json
[INF][Config] Merged fragment from: LudotsCoreMod:assets/Presentation/animation_clips.json
[INF][Config] Merged fragment from: LudotsCoreMod:assets/Presentation/animation_profiles.json
[INF][Config] Merged fragment from: Core:Input/interaction_context_profiles.json
[INF][Config] Merged fragment from: CaseESelectionMod:assets/Input/interaction_context_profiles.json
[INF][Config] Merged fragment from: LudotsCoreMod:assets/Presentation/presenters.json
[INF][Config] Merged fragment from: CaseESelectionMod:assets/Presentation/presenters.json
[INF][Config] Merged fragment from: Core:GAS/attribute_bindings.json
[INF][Config] Merged fragment from: Core:config_catalog.json
[INF][Config] Merged fragment from: CaseESelectionMod:assets/config_catalog.json
[INF][Config] Merged fragment from: Core:Input/default_input.json
[INF][Config] Merged fragment from: CaseESelectionMod:assets/Input/default_input.json
[INF][Config] Merged fragment from: Core:Input/action_attribute_bindings.json
[INF][Config] Merged fragment from: CaseESelectionMod:assets/Input/action_attribute_bindings.json
[INF][Config] Merged fragment from: Core:Input/command_intent_profiles.json
[INF][Config] Merged fragment from: Core:Input/cast_commit_profiles.json
[INF][Config] Merged fragment from: Core:Input/cast_commit_locks.json
[INF][Config] Merged fragment from: Core:Input/cast_dispatch_profiles.json
[INF][Config] Merged fragment from: Core:Input/control_schemes.json
[INF][Config] Merged fragment from: CaseESelectionMod:assets/Input/control_schemes.json
[INF][Config] Merged fragment from: Core:Input/interaction_prefs.json
[INF][Config] Merged fragment from: Core:Input/interaction_modes.json
[INF][Config] Merged fragment from: Core:UI/ability_aggregation_profiles.json
[INF][Config] Merged fragment from: Core:UI/command_deck_profiles.json
[INF][Config] Merged fragment from: Core:UI/production_overview_profiles.json
[INF][Config] Merged fragment from: Core:AI/behavior_trees.json
[INF][Config] Merged fragment from: Core:AI/hfsm.json
[INF][Config] Merged fragment from: Core:Presentation/semantic_maps.json
[INF][Config] Merged fragment from: Core:Presentation/image_assets.json
[INF][Config] Merged fragment from: Core:Camera/virtual_cameras.json
[INF][Config] Merged fragment from: Core:Story/lines.json
[INF][Config] Merged fragment from: Core:Story/presentation_profiles.json
[INF][Config] Merged fragment from: Core:Story/speakers.json
[INF][Config] Merged fragment from: Core:Dialogue/dialogues.json
[INF][Config] Merged fragment from: Core:Sequencer/sequences.json
[INF][ModLoader] No registration conflicts detected.
[INF][Config] Merged fragment from: Core:config_catalog.json
[INF][Config] Merged fragment from: CaseESelectionMod:assets/config_catalog.json
[INF][Config] Merged fragment from: Core:Input/default_input.json
[INF][Config] Merged fragment from: CaseESelectionMod:assets/Input/default_input.json
[INF][Engine] Firing GameStart event...
[LudotsCoreMod] Core systems installed
[INF][Engine] Loading Map: case_e_selection_field
[INF][Map] Loading Map: case_e_selection_field
[INF][Config] Merged fragment from: CaseESelectionMod:assets/Maps/case_e_selection_field.json
[INF][Map] Map 'case_e_selection_field' loaded.
[INF][Map] Map 'case_e_selection_field' pushed to focus (stack depth=1).
[INF][Config] Merged fragment from: Core:Navigation/pathing.json
[INF][Engine] Pathing bootstrap skipped for map 'case_e_selection_field': no node-graph board or navmesh query service is loaded.
[INF][Engine] Creating Entities from MapConfig...
[INF][Engine] Registered 2 triggers for map 'case_e_selection_field'.
[INF][Engine] Applied DefaultCamera: yaw=0 pitch=52 dist=3400cm fov=45
[INF][Engine] Firing MapLoaded event for case_e_selection_field...
[WRN][Engine] Duplicate registration for trigger type TriggerGraphMountTrigger. Keeping original.
[WRN][Engine] Duplicate registration for trigger type TriggerGraphResumeTrigger. Keeping original.
[INF][Engine] Appended 2 triggers to map 'case_e_selection_field'.
[WRN][Engine] Duplicate registration for trigger type TriggerGraphMountTrigger. Keeping original.
[WRN][Engine] Duplicate registration for trigger type TriggerGraphResumeTrigger. Keeping original.
[WRN][Engine] Duplicate registration for trigger type TriggerGraphMountTrigger. Keeping original.
[WRN][Engine] Duplicate registration for trigger type TriggerGraphResumeTrigger. Keeping original.
[INF][Engine] Appended 4 triggers to map 'case_e_selection_field'.
[WRN][Engine] Duplicate registration for trigger type TriggerGraphMountTrigger. Keeping original.
[WRN][Engine] Duplicate registration for trigger type TriggerGraphResumeTrigger. Keeping original.
[INF][Engine] Appended 2 triggers to map 'case_e_selection_field'.
[WRN][Engine] Duplicate registration for trigger type TriggerGraphMountTrigger. Keeping original.
[WRN][Engine] Duplicate registration for trigger type TriggerGraphResumeTrigger. Keeping original.
[WRN][Engine] Duplicate registration for trigger type TriggerGraphMountTrigger. Keeping original.
[WRN][Engine] Duplicate registration for trigger type TriggerGraphResumeTrigger. Keeping original.
[INF][Engine] Appended 4 triggers to map 'case_e_selection_field'.
[WRN][Engine] Duplicate registration for trigger type TriggerGraphMountTrigger. Keeping original.
[WRN][Engine] Duplicate registration for trigger type TriggerGraphResumeTrigger. Keeping original.
[INF][Engine] Appended 2 triggers to map 'case_e_selection_field'.
[WRN][Engine] Duplicate registration for trigger type TriggerGraphMountTrigger. Keeping original.
[WRN][Engine] Duplicate registration for trigger type TriggerGraphResumeTrigger. Keeping original.
[WRN][Engine] Duplicate registration for trigger type TriggerGraphMountTrigger. Keeping original.
[WRN][Engine] Duplicate registration for trigger type TriggerGraphResumeTrigger. Keeping original.
[INF][Engine] Appended 4 triggers to map 'case_e_selection_field'.
[WRN][Engine] Duplicate registration for trigger type TriggerGraphMountTrigger. Keeping original.
[WRN][Engine] Duplicate registration for trigger type TriggerGraphResumeTrigger. Keeping original.
[INF][Engine] Appended 2 triggers to map 'case_e_selection_field'.
[WRN][Engine] Duplicate registration for trigger type TriggerGraphMountTrigger. Keeping original.
[WRN][Engine] Duplicate registration for trigger type TriggerGraphResumeTrigger. Keeping original.
[WRN][Engine] Duplicate registration for trigger type TriggerGraphMountTrigger. Keeping original.
[WRN][Engine] Duplicate registration for trigger type TriggerGraphResumeTrigger. Keeping original.
[INF][Engine] Appended 4 triggers to map 'case_e_selection_field'.
[WRN][Engine] Duplicate registration for trigger type TriggerGraphMountTrigger. Keeping original.
[WRN][Engine] Duplicate registration for trigger type TriggerGraphResumeTrigger. Keeping original.
[INF][Engine] Appended 2 triggers to map 'case_e_selection_field'.
[WRN][Engine] Duplicate registration for trigger type TriggerGraphMountTrigger. Keeping original.
[WRN][Engine] Duplicate registration for trigger type TriggerGraphResumeTrigger. Keeping original.
[WRN][Engine] Duplicate registration for trigger type TriggerGraphMountTrigger. Keeping original.
[WRN][Engine] Duplicate registration for trigger type TriggerGraphResumeTrigger. Keeping original.
[INF][Engine] Appended 4 triggers to map 'case_e_selection_field'.
[WRN][Engine] Duplicate registration for trigger type TriggerGraphMountTrigger. Keeping original.
[WRN][Engine] Duplicate registration for trigger type TriggerGraphResumeTrigger. Keeping original.
[INF][Engine] Appended 2 triggers to map 'case_e_selection_field'.
[WRN][Engine] Duplicate registration for trigger type TriggerGraphMountTrigger. Keeping original.
[WRN][Engine] Duplicate registration for trigger type TriggerGraphResumeTrigger. Keeping original.
[WRN][Engine] Duplicate registration for trigger type TriggerGraphMountTrigger. Keeping original.
[WRN][Engine] Duplicate registration for trigger type TriggerGraphResumeTrigger. Keeping original.
[INF][Engine] Appended 4 triggers to map 'case_e_selection_field'.
[WRN][Engine] Duplicate registration for trigger type TriggerGraphMountTrigger. Keeping original.
[WRN][Engine] Duplicate registration for trigger type TriggerGraphResumeTrigger. Keeping original.
[INF][Engine] Appended 2 triggers to map 'case_e_selection_field'.
[WRN][Engine] Duplicate registration for trigger type TriggerGraphMountTrigger. Keeping original.
[WRN][Engine] Duplicate registration for trigger type TriggerGraphResumeTrigger. Keeping original.
[WRN][Engine] Duplicate registration for trigger type TriggerGraphMountTrigger. Keeping original.
[WRN][Engine] Duplicate registration for trigger type TriggerGraphResumeTrigger. Keeping original.
[INF][Engine] Appended 4 triggers to map 'case_e_selection_field'.
[WRN][Engine] Duplicate registration for trigger type TriggerGraphMountTrigger. Keeping original.
[WRN][Engine] Duplicate registration for trigger type TriggerGraphResumeTrigger. Keeping original.
[INF][Engine] Appended 2 triggers to map 'case_e_selection_field'.
[WRN][Engine] Duplicate registration for trigger type TriggerGraphMountTrigger. Keeping original.
[WRN][Engine] Duplicate registration for trigger type TriggerGraphResumeTrigger. Keeping original.
[WRN][Engine] Duplicate registration for trigger type TriggerGraphMountTrigger. Keeping original.
[WRN][Engine] Duplicate registration for trigger type TriggerGraphResumeTrigger. Keeping original.
[INF][Engine] Appended 4 triggers to map 'case_e_selection_field'.
[WRN][Engine] Duplicate registration for trigger type TriggerGraphMountTrigger. Keeping original.
[WRN][Engine] Duplicate registration for trigger type TriggerGraphResumeTrigger. Keeping original.
[INF][Engine] Appended 2 triggers to map 'case_e_selection_field'.
[WRN][Engine] Duplicate registration for trigger type TriggerGraphMountTrigger. Keeping original.
[WRN][Engine] Duplicate registration for trigger type TriggerGraphResumeTrigger. Keeping original.
[WRN][Engine] Duplicate registration for trigger type TriggerGraphMountTrigger. Keeping original.
[WRN][Engine] Duplicate registration for trigger type TriggerGraphResumeTrigger. Keeping original.
[INF][Engine] Appended 4 triggers to map 'case_e_selection_field'.
[WRN][Engine] Duplicate registration for trigger type TriggerGraphMountTrigger. Keeping original.
[WRN][Engine] Duplicate registration for trigger type TriggerGraphResumeTrigger. Keeping original.
[INF][Engine] Appended 2 triggers to map 'case_e_selection_field'.
[WRN][Engine] Duplicate registration for trigger type TriggerGraphMountTrigger. Keeping original.
[WRN][Engine] Duplicate registration for trigger type TriggerGraphResumeTrigger. Keeping original.
[WRN][Engine] Duplicate registration for trigger type TriggerGraphMountTrigger. Keeping original.
[WRN][Engine] Duplicate registration for trigger type TriggerGraphResumeTrigger. Keeping original.
[INF][Engine] Appended 4 triggers to map 'case_e_selection_field'.
[WRN][Engine] Duplicate registration for trigger type TriggerGraphMountTrigger. Keeping original.
[WRN][Engine] Duplicate registration for trigger type TriggerGraphResumeTrigger. Keeping original.
[INF][Engine] Appended 2 triggers to map 'case_e_selection_field'.
[WRN][Engine] Duplicate registration for trigger type TriggerGraphMountTrigger. Keeping original.
[WRN][Engine] Duplicate registration for trigger type TriggerGraphResumeTrigger. Keeping original.
[WRN][Engine] Duplicate registration for trigger type TriggerGraphMountTrigger. Keeping original.
[WRN][Engine] Duplicate registration for trigger type TriggerGraphResumeTrigger. Keeping original.
[INF][Engine] Appended 4 triggers to map 'case_e_selection_field'.
[WRN][Engine] Duplicate registration for trigger type TriggerGraphMountTrigger. Keeping original.
[WRN][Engine] Duplicate registration for trigger type TriggerGraphResumeTrigger. Keeping original.
[INF][Engine] Appended 2 triggers to map 'case_e_selection_field'.
[WRN][Engine] Duplicate registration for trigger type TriggerGraphMountTrigger. Keeping original.
[WRN][Engine] Duplicate registration for trigger type TriggerGraphResumeTrigger. Keeping original.
[WRN][Engine] Duplicate registration for trigger type TriggerGraphMountTrigger. Keeping original.
[WRN][Engine] Duplicate registration for trigger type TriggerGraphResumeTrigger. Keeping original.
[INF][Engine] Appended 4 triggers to map 'case_e_selection_field'.
[WRN][Engine] Duplicate registration for trigger type TriggerGraphMountTrigger. Keeping original.
[WRN][Engine] Duplicate registration for trigger type TriggerGraphResumeTrigger. Keeping original.
[INF][Engine] Appended 2 triggers to map 'case_e_selection_field'.
[WRN][Engine] Duplicate registration for trigger type TriggerGraphMountTrigger. Keeping original.
[WRN][Engine] Duplicate registration for trigger type TriggerGraphResumeTrigger. Keeping original.
[WRN][Engine] Duplicate registration for trigger type TriggerGraphMountTrigger. Keeping original.
[WRN][Engine] Duplicate registration for trigger type TriggerGraphResumeTrigger. Keeping original.
[INF][Engine] Appended 4 triggers to map 'case_e_selection_field'.
[WRN][Engine] Duplicate registration for trigger type TriggerGraphMountTrigger. Keeping original.
[WRN][Engine] Duplicate registration for trigger type TriggerGraphResumeTrigger. Keeping original.
[INF][Engine] Appended 2 triggers to map 'case_e_selection_field'.
[WRN][Engine] Duplicate registration for trigger type TriggerGraphMountTrigger. Keeping original.
[WRN][Engine] Duplicate registration for trigger type TriggerGraphResumeTrigger. Keeping original.
[WRN][Engine] Duplicate registration for trigger type TriggerGraphMountTrigger. Keeping original.
[WRN][Engine] Duplicate registration for trigger type TriggerGraphResumeTrigger. Keeping original.
[INF][Engine] Appended 4 triggers to map 'case_e_selection_field'.
[WRN][Engine] Duplicate registration for trigger type TriggerGraphMountTrigger. Keeping original.
[WRN][Engine] Duplicate registration for trigger type TriggerGraphResumeTrigger. Keeping original.
[INF][Engine] Appended 2 triggers to map 'case_e_selection_field'.
[WRN][Engine] Duplicate registration for trigger type TriggerGraphMountTrigger. Keeping original.
[WRN][Engine] Duplicate registration for trigger type TriggerGraphResumeTrigger. Keeping original.
[WRN][Engine] Duplicate registration for trigger type TriggerGraphMountTrigger. Keeping original.
[WRN][Engine] Duplicate registration for trigger type TriggerGraphResumeTrigger. Keeping original.
[INF][Engine] Appended 4 triggers to map 'case_e_selection_field'.
[WRN][Engine] Duplicate registration for trigger type TriggerGraphMountTrigger. Keeping original.
[WRN][Engine] Duplicate registration for trigger type TriggerGraphResumeTrigger. Keeping original.
[INF][Engine] Appended 2 triggers to map 'case_e_selection_field'.
[WRN][Engine] Duplicate registration for trigger type TriggerGraphMountTrigger. Keeping original.
[WRN][Engine] Duplicate registration for trigger type TriggerGraphResumeTrigger. Keeping original.
[WRN][Engine] Duplicate registration for trigger type TriggerGraphMountTrigger. Keeping original.
[WRN][Engine] Duplicate registration for trigger type TriggerGraphResumeTrigger. Keeping original.
[INF][Engine] Appended 4 triggers to map 'case_e_selection_field'.
[WRN][Engine] Duplicate registration for trigger type TriggerGraphMountTrigger. Keeping original.
[WRN][Engine] Duplicate registration for trigger type TriggerGraphResumeTrigger. Keeping original.
[INF][Engine] Appended 2 triggers to map 'case_e_selection_field'.
[WRN][Engine] Duplicate registration for trigger type TriggerGraphMountTrigger. Keeping original.
[WRN][Engine] Duplicate registration for trigger type TriggerGraphResumeTrigger. Keeping original.
[WRN][Engine] Duplicate registration for trigger type TriggerGraphMountTrigger. Keeping original.
[WRN][Engine] Duplicate registration for trigger type TriggerGraphResumeTrigger. Keeping original.
[INF][Engine] Appended 4 triggers to map 'case_e_selection_field'.
[WRN][Engine] Duplicate registration for trigger type TriggerGraphMountTrigger. Keeping original.
[WRN][Engine] Duplicate registration for trigger type TriggerGraphResumeTrigger. Keeping original.
[INF][Engine] Appended 2 triggers to map 'case_e_selection_field'.
[WRN][Engine] Duplicate registration for trigger type TriggerGraphMountTrigger. Keeping original.
[WRN][Engine] Duplicate registration for trigger type TriggerGraphResumeTrigger. Keeping original.
[WRN][Engine] Duplicate registration for trigger type TriggerGraphMountTrigger. Keeping original.
[WRN][Engine] Duplicate registration for trigger type TriggerGraphResumeTrigger. Keeping original.
[INF][Engine] Appended 4 triggers to map 'case_e_selection_field'.
[WRN][Engine] Duplicate registration for trigger type TriggerGraphMountTrigger. Keeping original.
[WRN][Engine] Duplicate registration for trigger type TriggerGraphResumeTrigger. Keeping original.
[INF][Engine] Appended 2 triggers to map 'case_e_selection_field'.
[WRN][Engine] Duplicate registration for trigger type TriggerGraphMountTrigger. Keeping original.
[WRN][Engine] Duplicate registration for trigger type TriggerGraphResumeTrigger. Keeping original.
[WRN][Engine] Duplicate registration for trigger type TriggerGraphMountTrigger. Keeping original.
[WRN][Engine] Duplicate registration for trigger type TriggerGraphResumeTrigger. Keeping original.
[INF][Engine] Appended 4 triggers to map 'case_e_selection_field'.
[WRN][Engine] Duplicate registration for trigger type TriggerGraphMountTrigger. Keeping original.
[WRN][Engine] Duplicate registration for trigger type TriggerGraphResumeTrigger. Keeping original.
[INF][Engine] Appended 2 triggers to map 'case_e_selection_field'.
[WRN][Engine] Duplicate registration for trigger type TriggerGraphMountTrigger. Keeping original.
[WRN][Engine] Duplicate registration for trigger type TriggerGraphResumeTrigger. Keeping original.
[WRN][Engine] Duplicate registration for trigger type TriggerGraphMountTrigger. Keeping original.
[WRN][Engine] Duplicate registration for trigger type TriggerGraphResumeTrigger. Keeping original.
[INF][Engine] Appended 4 triggers to map 'case_e_selection_field'.
[WRN][Engine] Duplicate registration for trigger type TriggerGraphMountTrigger. Keeping original.
[WRN][Engine] Duplicate registration for trigger type TriggerGraphResumeTrigger. Keeping original.
[INF][Engine] Appended 2 triggers to map 'case_e_selection_field'.
[INF][Engine] Unloading ModLoader contexts...
[INF][Engine] Disposing JobScheduler...

[INF][Engine] Initializing with ConfigPipeline...
[INF][Engine] Resolving mod dependencies from explicit mod paths: mods=2
[INF][ModLoader] Mod Load Order:
[INF][ModLoader] - LudotsCoreMod (P:-1000)
[INF][ModLoader] - CaseESelectionMod (P:0)
[INF][ModLoader] Resolved Mod Load Order (launcher graph):
[INF][ModLoader] - LudotsCoreMod (P:-1000)
[INF][ModLoader] - CaseESelectionMod (P:0)
[INF][ModLoader] Loading DLL for LudotsCoreMod at C:\001_AI\wt-case-e-consolidation\mods\LudotsCoreMod\bin\net9.0\LudotsCoreMod.dll
[INF][ModLoader] Scanning 2 types in assembly...
[INF][ModLoader] Instantiated entry for LudotsCoreMod. Calling OnLoad...
[INF][Mod.LudotsCoreMod] [LudotsCoreMod] Loaded - Core game framework initialized
[INF][ModLoader] LudotsCoreMod OnLoad completed.
[INF][ModLoader] Loaded LudotsCoreMod
[INF][ModLoader] Loading DLL for CaseESelectionMod at C:\001_AI\wt-case-e-consolidation\mods\showcases\case_e_selection\CaseESelectionMod\bin\net9.0\CaseESelectionMod.dll
[INF][ModLoader] Scanning 7 types in assembly...
[INF][ModLoader] Instantiated entry for CaseESelectionMod. Calling OnLoad...
[INF][ModLoader] CaseESelectionMod OnLoad completed.
[INF][ModLoader] Loaded CaseESelectionMod
[INF][Config] Merged fragment from: Core:game.json
[INF][Config] Merged fragment from: LudotsCoreMod:assets/game.json
[INF][Config] Merged fragment from: CaseESelectionMod:assets/game.json
[INF][Config] Merged fragment from: Core:config_catalog.json
[INF][Config] Merged fragment from: CaseESelectionMod:assets/config_catalog.json
[INF][Config] Merged fragment from: Core:Navigation/agent_profiles.json
[INF][Engine] Merged GameConfig: StartupMapId=case_e_selection_10k_field, DefaultCoreMod=LudotsCoreMod
[INF][Engine] Constants loaded: OrderTypeIds=4, ResponseChainOrderTypeIds=3
[INF][Engine] Initializing JobScheduler...
[INF][Config] Loading DataRegistry<EntityTemplate> from Entities/templates.json...
[INF][Config] Merged fragment from: LudotsCoreMod:assets/Entities/templates.json
[INF][Config] Merged fragment from: CaseESelectionMod:assets/Entities/templates.json
[INF][Config] Loaded 7 DataRegistry<EntityTemplate> items.
[INF][Engine] Initializing Core GAS Systems...
[INF][Config] Merged fragment from: Core:Engine/clock.json
[INF][Config] Merged fragment from: Core:Relationships/catalog.json
[INF][Config] Merged fragment from: LudotsCoreMod:assets/Relationships/catalog.json
[INF][Config] Merged fragment from: Core:Relationships/control_profiles.json
[INF][Config] Merged fragment from: Core:GAS/target_dispatch_presets.json
[INF][Config] Merged fragment from: Core:GAS/clock.json
[INF][Config] Merged fragment from: Core:Physics2D/clock.json
[INF][Config] Merged fragment from: Core:Physics2D/solver.json
[INF][Config] Merged fragment from: Core:Physics2D/kinematic.json
[INF][Config] Merged fragment from: Core:GAS/attribute_constraints.json
[INF][Config] Merged fragment from: CaseESelectionMod:assets/GAS/attribute_constraints.json
[INF][Config] Merged fragment from: Core:Enums/enums.json
[INF][Config] Merged fragment from: CaseESelectionMod:assets/Events/custom_events.json
[INF][Config] Merged fragment from: Core:Vision/fog_layers.json
[INF][Config] Merged fragment from: LudotsCoreMod:assets/Presentation/text_tokens.json
[INF][Config] Merged fragment from: LudotsCoreMod:assets/Presentation/text_tokens.json
[INF][Config] Merged fragment from: LudotsCoreMod:assets/Presentation/text_locales.json
[INF][Config] Merged fragment from: Core:GraphTables/lookup_tables.json
[INF][Config] Merged fragment from: Core:GAS/graphs.json
[INF][Config] Merged fragment from: CaseESelectionMod:assets/GAS/graphs/graph.case_e.box_begin.json
[INF][Config] Merged fragment from: CaseESelectionMod:assets/GAS/graphs/graph.case_e.box_commit.json
[INF][Config] Merged fragment from: CaseESelectionMod:assets/GAS/graphs/graph.case_e.box_hit.json
[INF][Config] Merged fragment from: CaseESelectionMod:assets/GAS/graphs/graph.case_e.box_hover_clear.json
[INF][Config] Merged fragment from: CaseESelectionMod:assets/GAS/graphs/graph.case_e.box_hover_tick.json
[INF][Config] Merged fragment from: CaseESelectionMod:assets/GAS/graphs/graph.case_e.candidates.json
[INF][Config] Merged fragment from: CaseESelectionMod:assets/GAS/graphs/graph.case_e.candidates_player2.json
[INF][Config] Merged fragment from: CaseESelectionMod:assets/GAS/graphs/graph.case_e.roster_sync.json
[INF][Config] Merged fragment from: CaseESelectionMod:assets/GAS/graphs/graph.case_e.roster_sync_player2.json
[INF][Config] Merged fragment from: CaseESelectionMod:assets/GAS/graphs/graph.case_e.selection_commit.json
[INF][Config] Merged fragment from: Core:GAS/preset_types.json
[INF][Config] Merged fragment from: Core:Exchange/operations.json
[INF][Config] Merged fragment from: Core:Progression/scopes.json
[INF][Config] Merged fragment from: Core:Progression/progressions.json
[INF][Config] Merged fragment from: Core:Progression/requirements.json
[INF][Config] Merged fragment from: LudotsCoreMod:assets/GAS/order_types.json
[INF][Config] Merged fragment from: Core:GAS/effects.json
[INF][Config] Merged fragment from: Core:GAS/func_lib.json
[INF][Config] Merged fragment from: Core:GAS/action_lib.json
[INF][Config] Merged fragment from: Core:Items/shapes.json
[INF][Config] Merged fragment from: Core:Items/layouts.json
[INF][Config] Merged fragment from: Core:Items/definitions.json
[INF][Config] Merged fragment from: Core:Exchange/operations.json
[INF][Config] Merged fragment from: Core:Panels/panel_templates.json
[INF][Config] Merged fragment from: Core:Input/filter_profiles.json
[INF][Config] Merged fragment from: Core:Presentation/lod_profiles.json
[INF][Config] Merged fragment from: Core:Presentation/particle_vfx.json
[INF][Config] Merged fragment from: LudotsCoreMod:assets/Presentation/mesh_assets.json
[INF][Config] Merged fragment from: CaseESelectionMod:assets/Presentation/mesh_assets.json
[INF][Config] Merged fragment from: LudotsCoreMod:assets/Presentation/material_assets.json
[INF][Config] Merged fragment from: LudotsCoreMod:assets/Presentation/animator_controllers.json
[INF][Config] Merged fragment from: LudotsCoreMod:assets/Presentation/animation_clips.json
[INF][Config] Merged fragment from: LudotsCoreMod:assets/Presentation/animation_profiles.json
[INF][Config] Merged fragment from: Core:Input/interaction_context_profiles.json
[INF][Config] Merged fragment from: CaseESelectionMod:assets/Input/interaction_context_profiles.json
[INF][Config] Merged fragment from: LudotsCoreMod:assets/Presentation/presenters.json
[INF][Config] Merged fragment from: CaseESelectionMod:assets/Presentation/presenters.json
[INF][Config] Merged fragment from: Core:GAS/attribute_bindings.json
[INF][Config] Merged fragment from: Core:config_catalog.json
[INF][Config] Merged fragment from: CaseESelectionMod:assets/config_catalog.json
[INF][Config] Merged fragment from: Core:Input/default_input.json
[INF][Config] Merged fragment from: CaseESelectionMod:assets/Input/default_input.json
[INF][Config] Merged fragment from: Core:Input/action_attribute_bindings.json
[INF][Config] Merged fragment from: CaseESelectionMod:assets/Input/action_attribute_bindings.json
[INF][Config] Merged fragment from: Core:Input/command_intent_profiles.json
[INF][Config] Merged fragment from: Core:Input/cast_commit_profiles.json
[INF][Config] Merged fragment from: Core:Input/cast_commit_locks.json
[INF][Config] Merged fragment from: Core:Input/cast_dispatch_profiles.json
[INF][Config] Merged fragment from: Core:Input/control_schemes.json
[INF][Config] Merged fragment from: CaseESelectionMod:assets/Input/control_schemes.json
[INF][Config] Merged fragment from: Core:Input/interaction_prefs.json
[INF][Config] Merged fragment from: Core:Input/interaction_modes.json
[INF][Config] Merged fragment from: Core:UI/ability_aggregation_profiles.json
[INF][Config] Merged fragment from: Core:UI/command_deck_profiles.json
[INF][Config] Merged fragment from: Core:UI/production_overview_profiles.json
[INF][Config] Merged fragment from: Core:AI/behavior_trees.json
[INF][Config] Merged fragment from: Core:AI/hfsm.json
[INF][Config] Merged fragment from: Core:Presentation/semantic_maps.json
[INF][Config] Merged fragment from: Core:Presentation/image_assets.json
[INF][Config] Merged fragment from: Core:Camera/virtual_cameras.json
[INF][Config] Merged fragment from: Core:Story/lines.json
[INF][Config] Merged fragment from: Core:Story/presentation_profiles.json
[INF][Config] Merged fragment from: Core:Story/speakers.json
[INF][Config] Merged fragment from: Core:Dialogue/dialogues.json
[INF][Config] Merged fragment from: Core:Sequencer/sequences.json
[INF][ModLoader] No registration conflicts detected.
[INF][Config] Merged fragment from: Core:config_catalog.json
[INF][Config] Merged fragment from: CaseESelectionMod:assets/config_catalog.json
[INF][Config] Merged fragment from: Core:Input/default_input.json
[INF][Config] Merged fragment from: CaseESelectionMod:assets/Input/default_input.json
[INF][Engine] Firing GameStart event...
[LudotsCoreMod] Core systems installed
[INF][Engine] Loading Map: case_e_selection_field
[INF][Map] Loading Map: case_e_selection_field
[INF][Config] Merged fragment from: CaseESelectionMod:assets/Maps/case_e_selection_field.json
[INF][Map] Map 'case_e_selection_field' loaded.
[INF][Map] Map 'case_e_selection_field' pushed to focus (stack depth=1).
[INF][Config] Merged fragment from: Core:Navigation/pathing.json
[INF][Engine] Pathing bootstrap skipped for map 'case_e_selection_field': no node-graph board or navmesh query service is loaded.
[INF][Engine] Creating Entities from MapConfig...
[INF][Engine] Registered 2 triggers for map 'case_e_selection_field'.
[INF][Engine] Applied DefaultCamera: yaw=0 pitch=52 dist=3400cm fov=45
[INF][Engine] Firing MapLoaded event for case_e_selection_field...
[WRN][Engine] Duplicate registration for trigger type TriggerGraphMountTrigger. Keeping original.
[WRN][Engine] Duplicate registration for trigger type TriggerGraphResumeTrigger. Keeping original.
[INF][Engine] Appended 2 triggers to map 'case_e_selection_field'.
[WRN][Engine] Duplicate registration for trigger type TriggerGraphMountTrigger. Keeping original.
[WRN][Engine] Duplicate registration for trigger type TriggerGraphResumeTrigger. Keeping original.
[WRN][Engine] Duplicate registration for trigger type TriggerGraphMountTrigger. Keeping original.
[WRN][Engine] Duplicate registration for trigger type TriggerGraphResumeTrigger. Keeping original.
[INF][Engine] Appended 4 triggers to map 'case_e_selection_field'.
[WRN][Engine] Duplicate registration for trigger type TriggerGraphMountTrigger. Keeping original.
[WRN][Engine] Duplicate registration for trigger type TriggerGraphResumeTrigger. Keeping original.
[INF][Engine] Appended 2 triggers to map 'case_e_selection_field'.
[WRN][Engine] Duplicate registration for trigger type TriggerGraphMountTrigger. Keeping original.
[WRN][Engine] Duplicate registration for trigger type TriggerGraphResumeTrigger. Keeping original.
[WRN][Engine] Duplicate registration for trigger type TriggerGraphMountTrigger. Keeping original.
[WRN][Engine] Duplicate registration for trigger type TriggerGraphResumeTrigger. Keeping original.
[INF][Engine] Appended 4 triggers to map 'case_e_selection_field'.
[WRN][Engine] Duplicate registration for trigger type TriggerGraphMountTrigger. Keeping original.
[WRN][Engine] Duplicate registration for trigger type TriggerGraphResumeTrigger. Keeping original.
[INF][Engine] Appended 2 triggers to map 'case_e_selection_field'.
[WRN][Engine] Duplicate registration for trigger type TriggerGraphMountTrigger. Keeping original.
[WRN][Engine] Duplicate registration for trigger type TriggerGraphResumeTrigger. Keeping original.
[WRN][Engine] Duplicate registration for trigger type TriggerGraphMountTrigger. Keeping original.
[WRN][Engine] Duplicate registration for trigger type TriggerGraphResumeTrigger. Keeping original.
[INF][Engine] Appended 4 triggers to map 'case_e_selection_field'.
[WRN][Engine] Duplicate registration for trigger type TriggerGraphMountTrigger. Keeping original.
[WRN][Engine] Duplicate registration for trigger type TriggerGraphResumeTrigger. Keeping original.
[INF][Engine] Appended 2 triggers to map 'case_e_selection_field'.
[WRN][Engine] Duplicate registration for trigger type TriggerGraphMountTrigger. Keeping original.
[WRN][Engine] Duplicate registration for trigger type TriggerGraphResumeTrigger. Keeping original.
[WRN][Engine] Duplicate registration for trigger type TriggerGraphMountTrigger. Keeping original.
[WRN][Engine] Duplicate registration for trigger type TriggerGraphResumeTrigger. Keeping original.
[INF][Engine] Appended 4 triggers to map 'case_e_selection_field'.
[WRN][Engine] Duplicate registration for trigger type TriggerGraphMountTrigger. Keeping original.
[WRN][Engine] Duplicate registration for trigger type TriggerGraphResumeTrigger. Keeping original.
[INF][Engine] Appended 2 triggers to map 'case_e_selection_field'.
[WRN][Engine] Duplicate registration for trigger type TriggerGraphMountTrigger. Keeping original.
[WRN][Engine] Duplicate registration for trigger type TriggerGraphResumeTrigger. Keeping original.
[WRN][Engine] Duplicate registration for trigger type TriggerGraphMountTrigger. Keeping original.
[WRN][Engine] Duplicate registration for trigger type TriggerGraphResumeTrigger. Keeping original.
[INF][Engine] Appended 4 triggers to map 'case_e_selection_field'.
[WRN][Engine] Duplicate registration for trigger type TriggerGraphMountTrigger. Keeping original.
[WRN][Engine] Duplicate registration for trigger type TriggerGraphResumeTrigger. Keeping original.
[INF][Engine] Appended 2 triggers to map 'case_e_selection_field'.
[WRN][Engine] Duplicate registration for trigger type TriggerGraphMountTrigger. Keeping original.
[WRN][Engine] Duplicate registration for trigger type TriggerGraphResumeTrigger. Keeping original.
[WRN][Engine] Duplicate registration for trigger type TriggerGraphMountTrigger. Keeping original.
[WRN][Engine] Duplicate registration for trigger type TriggerGraphResumeTrigger. Keeping original.
[INF][Engine] Appended 4 triggers to map 'case_e_selection_field'.
[WRN][Engine] Duplicate registration for trigger type TriggerGraphMountTrigger. Keeping original.
[WRN][Engine] Duplicate registration for trigger type TriggerGraphResumeTrigger. Keeping original.
[INF][Engine] Appended 2 triggers to map 'case_e_selection_field'.
[WRN][Engine] Duplicate registration for trigger type TriggerGraphMountTrigger. Keeping original.
[WRN][Engine] Duplicate registration for trigger type TriggerGraphResumeTrigger. Keeping original.
[WRN][Engine] Duplicate registration for trigger type TriggerGraphMountTrigger. Keeping original.
[WRN][Engine] Duplicate registration for trigger type TriggerGraphResumeTrigger. Keeping original.
[INF][Engine] Appended 4 triggers to map 'case_e_selection_field'.
[WRN][Engine] Duplicate registration for trigger type TriggerGraphMountTrigger. Keeping original.
[WRN][Engine] Duplicate registration for trigger type TriggerGraphResumeTrigger. Keeping original.
[INF][Engine] Appended 2 triggers to map 'case_e_selection_field'.
[WRN][Engine] Duplicate registration for trigger type TriggerGraphMountTrigger. Keeping original.
[WRN][Engine] Duplicate registration for trigger type TriggerGraphResumeTrigger. Keeping original.
[WRN][Engine] Duplicate registration for trigger type TriggerGraphMountTrigger. Keeping original.
[WRN][Engine] Duplicate registration for trigger type TriggerGraphResumeTrigger. Keeping original.
[INF][Engine] Appended 4 triggers to map 'case_e_selection_field'.
[WRN][Engine] Duplicate registration for trigger type TriggerGraphMountTrigger. Keeping original.
[WRN][Engine] Duplicate registration for trigger type TriggerGraphResumeTrigger. Keeping original.
[INF][Engine] Appended 2 triggers to map 'case_e_selection_field'.
[WRN][Engine] Duplicate registration for trigger type TriggerGraphMountTrigger. Keeping original.
[WRN][Engine] Duplicate registration for trigger type TriggerGraphResumeTrigger. Keeping original.
[WRN][Engine] Duplicate registration for trigger type TriggerGraphMountTrigger. Keeping original.
[WRN][Engine] Duplicate registration for trigger type TriggerGraphResumeTrigger. Keeping original.
[INF][Engine] Appended 4 triggers to map 'case_e_selection_field'.
[WRN][Engine] Duplicate registration for trigger type TriggerGraphMountTrigger. Keeping original.
[WRN][Engine] Duplicate registration for trigger type TriggerGraphResumeTrigger. Keeping original.
[INF][Engine] Appended 2 triggers to map 'case_e_selection_field'.
[WRN][Engine] Duplicate registration for trigger type TriggerGraphMountTrigger. Keeping original.
[WRN][Engine] Duplicate registration for trigger type TriggerGraphResumeTrigger. Keeping original.
[WRN][Engine] Duplicate registration for trigger type TriggerGraphMountTrigger. Keeping original.
[WRN][Engine] Duplicate registration for trigger type TriggerGraphResumeTrigger. Keeping original.
[INF][Engine] Appended 4 triggers to map 'case_e_selection_field'.
[WRN][Engine] Duplicate registration for trigger type TriggerGraphMountTrigger. Keeping original.
[WRN][Engine] Duplicate registration for trigger type TriggerGraphResumeTrigger. Keeping original.
[INF][Engine] Appended 2 triggers to map 'case_e_selection_field'.
[WRN][Engine] Duplicate registration for trigger type TriggerGraphMountTrigger. Keeping original.
[WRN][Engine] Duplicate registration for trigger type TriggerGraphResumeTrigger. Keeping original.
[WRN][Engine] Duplicate registration for trigger type TriggerGraphMountTrigger. Keeping original.
[WRN][Engine] Duplicate registration for trigger type TriggerGraphResumeTrigger. Keeping original.
[INF][Engine] Appended 4 triggers to map 'case_e_selection_field'.
[WRN][Engine] Duplicate registration for trigger type TriggerGraphMountTrigger. Keeping original.
[WRN][Engine] Duplicate registration for trigger type TriggerGraphResumeTrigger. Keeping original.
[INF][Engine] Appended 2 triggers to map 'case_e_selection_field'.
[WRN][Engine] Duplicate registration for trigger type TriggerGraphMountTrigger. Keeping original.
[WRN][Engine] Duplicate registration for trigger type TriggerGraphResumeTrigger. Keeping original.
[WRN][Engine] Duplicate registration for trigger type TriggerGraphMountTrigger. Keeping original.
[WRN][Engine] Duplicate registration for trigger type TriggerGraphResumeTrigger. Keeping original.
[INF][Engine] Appended 4 triggers to map 'case_e_selection_field'.
[WRN][Engine] Duplicate registration for trigger type TriggerGraphMountTrigger. Keeping original.
[WRN][Engine] Duplicate registration for trigger type TriggerGraphResumeTrigger. Keeping original.
[INF][Engine] Appended 2 triggers to map 'case_e_selection_field'.
[WRN][Engine] Duplicate registration for trigger type TriggerGraphMountTrigger. Keeping original.
[WRN][Engine] Duplicate registration for trigger type TriggerGraphResumeTrigger. Keeping original.
[WRN][Engine] Duplicate registration for trigger type TriggerGraphMountTrigger. Keeping original.
[WRN][Engine] Duplicate registration for trigger type TriggerGraphResumeTrigger. Keeping original.
[INF][Engine] Appended 4 triggers to map 'case_e_selection_field'.
[WRN][Engine] Duplicate registration for trigger type TriggerGraphMountTrigger. Keeping original.
[WRN][Engine] Duplicate registration for trigger type TriggerGraphResumeTrigger. Keeping original.
[INF][Engine] Appended 2 triggers to map 'case_e_selection_field'.
[WRN][Engine] Duplicate registration for trigger type TriggerGraphMountTrigger. Keeping original.
[WRN][Engine] Duplicate registration for trigger type TriggerGraphResumeTrigger. Keeping original.
[WRN][Engine] Duplicate registration for trigger type TriggerGraphMountTrigger. Keeping original.
[WRN][Engine] Duplicate registration for trigger type TriggerGraphResumeTrigger. Keeping original.
[INF][Engine] Appended 4 triggers to map 'case_e_selection_field'.
[WRN][Engine] Duplicate registration for trigger type TriggerGraphMountTrigger. Keeping original.
[WRN][Engine] Duplicate registration for trigger type TriggerGraphResumeTrigger. Keeping original.
[INF][Engine] Appended 2 triggers to map 'case_e_selection_field'.
[WRN][Engine] Duplicate registration for trigger type TriggerGraphMountTrigger. Keeping original.
[WRN][Engine] Duplicate registration for trigger type TriggerGraphResumeTrigger. Keeping original.
[WRN][Engine] Duplicate registration for trigger type TriggerGraphMountTrigger. Keeping original.
[WRN][Engine] Duplicate registration for trigger type TriggerGraphResumeTrigger. Keeping original.
[INF][Engine] Appended 4 triggers to map 'case_e_selection_field'.
[WRN][Engine] Duplicate registration for trigger type TriggerGraphMountTrigger. Keeping original.
[WRN][Engine] Duplicate registration for trigger type TriggerGraphResumeTrigger. Keeping original.
[INF][Engine] Appended 2 triggers to map 'case_e_selection_field'.
[WRN][Engine] Duplicate registration for trigger type TriggerGraphMountTrigger. Keeping original.
[WRN][Engine] Duplicate registration for trigger type TriggerGraphResumeTrigger. Keeping original.
[WRN][Engine] Duplicate registration for trigger type TriggerGraphMountTrigger. Keeping original.
[WRN][Engine] Duplicate registration for trigger type TriggerGraphResumeTrigger. Keeping original.
[INF][Engine] Appended 4 triggers to map 'case_e_selection_field'.
[WRN][Engine] Duplicate registration for trigger type TriggerGraphMountTrigger. Keeping original.
[WRN][Engine] Duplicate registration for trigger type TriggerGraphResumeTrigger. Keeping original.
[INF][Engine] Appended 2 triggers to map 'case_e_selection_field'.
[WRN][Engine] Duplicate registration for trigger type TriggerGraphMountTrigger. Keeping original.
[WRN][Engine] Duplicate registration for trigger type TriggerGraphResumeTrigger. Keeping original.
[WRN][Engine] Duplicate registration for trigger type TriggerGraphMountTrigger. Keeping original.
[WRN][Engine] Duplicate registration for trigger type TriggerGraphResumeTrigger. Keeping original.
[INF][Engine] Appended 4 triggers to map 'case_e_selection_field'.
[WRN][Engine] Duplicate registration for trigger type TriggerGraphMountTrigger. Keeping original.
[WRN][Engine] Duplicate registration for trigger type TriggerGraphResumeTrigger. Keeping original.
[INF][Engine] Appended 2 triggers to map 'case_e_selection_field'.
[WRN][Engine] Duplicate registration for trigger type TriggerGraphMountTrigger. Keeping original.
[WRN][Engine] Duplicate registration for trigger type TriggerGraphResumeTrigger. Keeping original.
[WRN][Engine] Duplicate registration for trigger type TriggerGraphMountTrigger. Keeping original.
[WRN][Engine] Duplicate registration for trigger type TriggerGraphResumeTrigger. Keeping original.
[INF][Engine] Appended 4 triggers to map 'case_e_selection_field'.
[WRN][Engine] Duplicate registration for trigger type TriggerGraphMountTrigger. Keeping original.
[WRN][Engine] Duplicate registration for trigger type TriggerGraphResumeTrigger. Keeping original.
[INF][Engine] Appended 2 triggers to map 'case_e_selection_field'.
[WRN][Engine] Duplicate registration for trigger type TriggerGraphMountTrigger. Keeping original.
[WRN][Engine] Duplicate registration for trigger type TriggerGraphResumeTrigger. Keeping original.
[WRN][Engine] Duplicate registration for trigger type TriggerGraphMountTrigger. Keeping original.
[WRN][Engine] Duplicate registration for trigger type TriggerGraphResumeTrigger. Keeping original.
[INF][Engine] Appended 4 triggers to map 'case_e_selection_field'.
[WRN][Engine] Duplicate registration for trigger type TriggerGraphMountTrigger. Keeping original.
[WRN][Engine] Duplicate registration for trigger type TriggerGraphResumeTrigger. Keeping original.
[INF][Engine] Appended 2 triggers to map 'case_e_selection_field'.
[WRN][Engine] Duplicate registration for trigger type TriggerGraphMountTrigger. Keeping original.
[WRN][Engine] Duplicate registration for trigger type TriggerGraphResumeTrigger. Keeping original.
[WRN][Engine] Duplicate registration for trigger type TriggerGraphMountTrigger. Keeping original.
[WRN][Engine] Duplicate registration for trigger type TriggerGraphResumeTrigger. Keeping original.
[INF][Engine] Appended 4 triggers to map 'case_e_selection_field'.
[WRN][Engine] Duplicate registration for trigger type TriggerGraphMountTrigger. Keeping original.
[WRN][Engine] Duplicate registration for trigger type TriggerGraphResumeTrigger. Keeping original.
[INF][Engine] Appended 2 triggers to map 'case_e_selection_field'.
[WRN][Engine] Duplicate registration for trigger type TriggerGraphMountTrigger. Keeping original.
[WRN][Engine] Duplicate registration for trigger type TriggerGraphResumeTrigger. Keeping original.
[WRN][Engine] Duplicate registration for trigger type TriggerGraphMountTrigger. Keeping original.
[WRN][Engine] Duplicate registration for trigger type TriggerGraphResumeTrigger. Keeping original.
[INF][Engine] Appended 4 triggers to map 'case_e_selection_field'.
[WRN][Engine] Duplicate registration for trigger type TriggerGraphMountTrigger. Keeping original.
[WRN][Engine] Duplicate registration for trigger type TriggerGraphResumeTrigger. Keeping original.
[INF][Engine] Appended 2 triggers to map 'case_e_selection_field'.
[INF][Engine] Unloading ModLoader contexts...
[INF][Engine] Disposing JobScheduler...

[INF][Engine] Initializing with ConfigPipeline...
[INF][Engine] Resolving mod dependencies from explicit mod paths: mods=2
[INF][ModLoader] Mod Load Order:
[INF][ModLoader] - LudotsCoreMod (P:-1000)
[INF][ModLoader] - CaseESelectionMod (P:0)
[INF][ModLoader] Resolved Mod Load Order (launcher graph):
[INF][ModLoader] - LudotsCoreMod (P:-1000)
[INF][ModLoader] - CaseESelectionMod (P:0)
[INF][ModLoader] Loading DLL for LudotsCoreMod at C:\001_AI\wt-case-e-consolidation\mods\LudotsCoreMod\bin\net9.0\LudotsCoreMod.dll
[INF][ModLoader] Scanning 2 types in assembly...
[INF][ModLoader] Instantiated entry for LudotsCoreMod. Calling OnLoad...
[INF][Mod.LudotsCoreMod] [LudotsCoreMod] Loaded - Core game framework initialized
[INF][ModLoader] LudotsCoreMod OnLoad completed.
[INF][ModLoader] Loaded LudotsCoreMod
[INF][ModLoader] Loading DLL for CaseESelectionMod at C:\001_AI\wt-case-e-consolidation\mods\showcases\case_e_selection\CaseESelectionMod\bin\net9.0\CaseESelectionMod.dll
[INF][ModLoader] Scanning 7 types in assembly...
[INF][ModLoader] Instantiated entry for CaseESelectionMod. Calling OnLoad...
[INF][ModLoader] CaseESelectionMod OnLoad completed.
[INF][ModLoader] Loaded CaseESelectionMod
[INF][Config] Merged fragment from: Core:game.json
[INF][Config] Merged fragment from: LudotsCoreMod:assets/game.json
[INF][Config] Merged fragment from: CaseESelectionMod:assets/game.json
[INF][Config] Merged fragment from: Core:config_catalog.json
[INF][Config] Merged fragment from: CaseESelectionMod:assets/config_catalog.json
[INF][Config] Merged fragment from: Core:Navigation/agent_profiles.json
[INF][Engine] Merged GameConfig: StartupMapId=case_e_selection_10k_field, DefaultCoreMod=LudotsCoreMod
[INF][Engine] Constants loaded: OrderTypeIds=4, ResponseChainOrderTypeIds=3
[INF][Engine] Initializing JobScheduler...
[INF][Config] Loading DataRegistry<EntityTemplate> from Entities/templates.json...
[INF][Config] Merged fragment from: LudotsCoreMod:assets/Entities/templates.json
[INF][Config] Merged fragment from: CaseESelectionMod:assets/Entities/templates.json
[INF][Config] Loaded 7 DataRegistry<EntityTemplate> items.
[INF][Engine] Initializing Core GAS Systems...
[INF][Config] Merged fragment from: Core:Engine/clock.json
[INF][Config] Merged fragment from: Core:Relationships/catalog.json
[INF][Config] Merged fragment from: LudotsCoreMod:assets/Relationships/catalog.json
[INF][Config] Merged fragment from: Core:Relationships/control_profiles.json
[INF][Config] Merged fragment from: Core:GAS/target_dispatch_presets.json
[INF][Config] Merged fragment from: Core:GAS/clock.json
[INF][Config] Merged fragment from: Core:Physics2D/clock.json
[INF][Config] Merged fragment from: Core:Physics2D/solver.json
[INF][Config] Merged fragment from: Core:Physics2D/kinematic.json
[INF][Config] Merged fragment from: Core:GAS/attribute_constraints.json
[INF][Config] Merged fragment from: CaseESelectionMod:assets/GAS/attribute_constraints.json
[INF][Config] Merged fragment from: Core:Enums/enums.json
[INF][Config] Merged fragment from: CaseESelectionMod:assets/Events/custom_events.json
[INF][Config] Merged fragment from: Core:Vision/fog_layers.json
[INF][Config] Merged fragment from: LudotsCoreMod:assets/Presentation/text_tokens.json
[INF][Config] Merged fragment from: LudotsCoreMod:assets/Presentation/text_tokens.json
[INF][Config] Merged fragment from: LudotsCoreMod:assets/Presentation/text_locales.json
[INF][Config] Merged fragment from: Core:GraphTables/lookup_tables.json
[INF][Config] Merged fragment from: Core:GAS/graphs.json
[INF][Config] Merged fragment from: CaseESelectionMod:assets/GAS/graphs/graph.case_e.box_begin.json
[INF][Config] Merged fragment from: CaseESelectionMod:assets/GAS/graphs/graph.case_e.box_commit.json
[INF][Config] Merged fragment from: CaseESelectionMod:assets/GAS/graphs/graph.case_e.box_hit.json
[INF][Config] Merged fragment from: CaseESelectionMod:assets/GAS/graphs/graph.case_e.box_hover_clear.json
[INF][Config] Merged fragment from: CaseESelectionMod:assets/GAS/graphs/graph.case_e.box_hover_tick.json
[INF][Config] Merged fragment from: CaseESelectionMod:assets/GAS/graphs/graph.case_e.candidates.json
[INF][Config] Merged fragment from: CaseESelectionMod:assets/GAS/graphs/graph.case_e.candidates_player2.json
[INF][Config] Merged fragment from: CaseESelectionMod:assets/GAS/graphs/graph.case_e.roster_sync.json
[INF][Config] Merged fragment from: CaseESelectionMod:assets/GAS/graphs/graph.case_e.roster_sync_player2.json
[INF][Config] Merged fragment from: CaseESelectionMod:assets/GAS/graphs/graph.case_e.selection_commit.json
[INF][Config] Merged fragment from: Core:GAS/preset_types.json
[INF][Config] Merged fragment from: Core:Exchange/operations.json
[INF][Config] Merged fragment from: Core:Progression/scopes.json
[INF][Config] Merged fragment from: Core:Progression/progressions.json
[INF][Config] Merged fragment from: Core:Progression/requirements.json
[INF][Config] Merged fragment from: LudotsCoreMod:assets/GAS/order_types.json
[INF][Config] Merged fragment from: Core:GAS/effects.json
[INF][Config] Merged fragment from: Core:GAS/func_lib.json
[INF][Config] Merged fragment from: Core:GAS/action_lib.json
[INF][Config] Merged fragment from: Core:Items/shapes.json
[INF][Config] Merged fragment from: Core:Items/layouts.json
[INF][Config] Merged fragment from: Core:Items/definitions.json
[INF][Config] Merged fragment from: Core:Exchange/operations.json
[INF][Config] Merged fragment from: Core:Panels/panel_templates.json
[INF][Config] Merged fragment from: Core:Input/filter_profiles.json
[INF][Config] Merged fragment from: Core:Presentation/lod_profiles.json
[INF][Config] Merged fragment from: Core:Presentation/particle_vfx.json
[INF][Config] Merged fragment from: LudotsCoreMod:assets/Presentation/mesh_assets.json
[INF][Config] Merged fragment from: CaseESelectionMod:assets/Presentation/mesh_assets.json
[INF][Config] Merged fragment from: LudotsCoreMod:assets/Presentation/material_assets.json
[INF][Config] Merged fragment from: LudotsCoreMod:assets/Presentation/animator_controllers.json
[INF][Config] Merged fragment from: LudotsCoreMod:assets/Presentation/animation_clips.json
[INF][Config] Merged fragment from: LudotsCoreMod:assets/Presentation/animation_profiles.json
[INF][Config] Merged fragment from: Core:Input/interaction_context_profiles.json
[INF][Config] Merged fragment from: CaseESelectionMod:assets/Input/interaction_context_profiles.json
[INF][Config] Merged fragment from: LudotsCoreMod:assets/Presentation/presenters.json
[INF][Config] Merged fragment from: CaseESelectionMod:assets/Presentation/presenters.json
[INF][Config] Merged fragment from: Core:GAS/attribute_bindings.json
[INF][Config] Merged fragment from: Core:config_catalog.json
[INF][Config] Merged fragment from: CaseESelectionMod:assets/config_catalog.json
[INF][Config] Merged fragment from: Core:Input/default_input.json
[INF][Config] Merged fragment from: CaseESelectionMod:assets/Input/default_input.json
[INF][Config] Merged fragment from: Core:Input/action_attribute_bindings.json
[INF][Config] Merged fragment from: CaseESelectionMod:assets/Input/action_attribute_bindings.json
[INF][Config] Merged fragment from: Core:Input/command_intent_profiles.json
[INF][Config] Merged fragment from: Core:Input/cast_commit_profiles.json
[INF][Config] Merged fragment from: Core:Input/cast_commit_locks.json
[INF][Config] Merged fragment from: Core:Input/cast_dispatch_profiles.json
[INF][Config] Merged fragment from: Core:Input/control_schemes.json
[INF][Config] Merged fragment from: CaseESelectionMod:assets/Input/control_schemes.json
[INF][Config] Merged fragment from: Core:Input/interaction_prefs.json
[INF][Config] Merged fragment from: Core:Input/interaction_modes.json
[INF][Config] Merged fragment from: Core:UI/ability_aggregation_profiles.json
[INF][Config] Merged fragment from: Core:UI/command_deck_profiles.json
[INF][Config] Merged fragment from: Core:UI/production_overview_profiles.json
[INF][Config] Merged fragment from: Core:AI/behavior_trees.json
[INF][Config] Merged fragment from: Core:AI/hfsm.json
[INF][Config] Merged fragment from: Core:Presentation/semantic_maps.json
[INF][Config] Merged fragment from: Core:Presentation/image_assets.json
[INF][Config] Merged fragment from: Core:Camera/virtual_cameras.json
[INF][Config] Merged fragment from: Core:Story/lines.json
[INF][Config] Merged fragment from: Core:Story/presentation_profiles.json
[INF][Config] Merged fragment from: Core:Story/speakers.json
[INF][Config] Merged fragment from: Core:Dialogue/dialogues.json
[INF][Config] Merged fragment from: Core:Sequencer/sequences.json
[INF][ModLoader] No registration conflicts detected.
[INF][Config] Merged fragment from: Core:config_catalog.json
[INF][Config] Merged fragment from: CaseESelectionMod:assets/config_catalog.json
[INF][Config] Merged fragment from: Core:Input/default_input.json
[INF][Config] Merged fragment from: CaseESelectionMod:assets/Input/default_input.json
[INF][Engine] Firing GameStart event...
[LudotsCoreMod] Core systems installed
[INF][Engine] Loading Map: case_e_selection_field
[INF][Map] Loading Map: case_e_selection_field
[INF][Config] Merged fragment from: CaseESelectionMod:assets/Maps/case_e_selection_field.json
[INF][Map] Map 'case_e_selection_field' loaded.
[INF][Map] Map 'case_e_selection_field' pushed to focus (stack depth=1).
[INF][Config] Merged fragment from: Core:Navigation/pathing.json
[INF][Engine] Pathing bootstrap skipped for map 'case_e_selection_field': no node-graph board or navmesh query service is loaded.
[INF][Engine] Creating Entities from MapConfig...
[INF][Engine] Registered 2 triggers for map 'case_e_selection_field'.
[INF][Engine] Applied DefaultCamera: yaw=0 pitch=52 dist=3400cm fov=45
[INF][Engine] Firing MapLoaded event for case_e_selection_field...
[WRN][Engine] Duplicate registration for trigger type TriggerGraphMountTrigger. Keeping original.
[WRN][Engine] Duplicate registration for trigger type TriggerGraphResumeTrigger. Keeping original.
[INF][Engine] Appended 2 triggers to map 'case_e_selection_field'.
[WRN][Engine] Duplicate registration for trigger type TriggerGraphMountTrigger. Keeping original.
[WRN][Engine] Duplicate registration for trigger type TriggerGraphResumeTrigger. Keeping original.
[WRN][Engine] Duplicate registration for trigger type TriggerGraphMountTrigger. Keeping original.
[WRN][Engine] Duplicate registration for trigger type TriggerGraphResumeTrigger. Keeping original.
[INF][Engine] Appended 4 triggers to map 'case_e_selection_field'.
[WRN][Engine] Duplicate registration for trigger type TriggerGraphMountTrigger. Keeping original.
[WRN][Engine] Duplicate registration for trigger type TriggerGraphResumeTrigger. Keeping original.
[INF][Engine] Appended 2 triggers to map 'case_e_selection_field'.
[WRN][Engine] Duplicate registration for trigger type TriggerGraphMountTrigger. Keeping original.
[WRN][Engine] Duplicate registration for trigger type TriggerGraphResumeTrigger. Keeping original.
[WRN][Engine] Duplicate registration for trigger type TriggerGraphMountTrigger. Keeping original.
[WRN][Engine] Duplicate registration for trigger type TriggerGraphResumeTrigger. Keeping original.
[INF][Engine] Appended 4 triggers to map 'case_e_selection_field'.
[WRN][Engine] Duplicate registration for trigger type TriggerGraphMountTrigger. Keeping original.
[WRN][Engine] Duplicate registration for trigger type TriggerGraphResumeTrigger. Keeping original.
[INF][Engine] Appended 2 triggers to map 'case_e_selection_field'.
[WRN][Engine] Duplicate registration for trigger type TriggerGraphMountTrigger. Keeping original.
[WRN][Engine] Duplicate registration for trigger type TriggerGraphResumeTrigger. Keeping original.
[WRN][Engine] Duplicate registration for trigger type TriggerGraphMountTrigger. Keeping original.
[WRN][Engine] Duplicate registration for trigger type TriggerGraphResumeTrigger. Keeping original.
[INF][Engine] Appended 4 triggers to map 'case_e_selection_field'.
[WRN][Engine] Duplicate registration for trigger type TriggerGraphMountTrigger. Keeping original.
[WRN][Engine] Duplicate registration for trigger type TriggerGraphResumeTrigger. Keeping original.
[INF][Engine] Appended 2 triggers to map 'case_e_selection_field'.
[WRN][Engine] Duplicate registration for trigger type TriggerGraphMountTrigger. Keeping original.
[WRN][Engine] Duplicate registration for trigger type TriggerGraphResumeTrigger. Keeping original.
[WRN][Engine] Duplicate registration for trigger type TriggerGraphMountTrigger. Keeping original.
[WRN][Engine] Duplicate registration for trigger type TriggerGraphResumeTrigger. Keeping original.
[INF][Engine] Appended 4 triggers to map 'case_e_selection_field'.
[WRN][Engine] Duplicate registration for trigger type TriggerGraphMountTrigger. Keeping original.
[WRN][Engine] Duplicate registration for trigger type TriggerGraphResumeTrigger. Keeping original.
[INF][Engine] Appended 2 triggers to map 'case_e_selection_field'.
[WRN][Engine] Duplicate registration for trigger type TriggerGraphMountTrigger. Keeping original.
[WRN][Engine] Duplicate registration for trigger type TriggerGraphResumeTrigger. Keeping original.
[WRN][Engine] Duplicate registration for trigger type TriggerGraphMountTrigger. Keeping original.
[WRN][Engine] Duplicate registration for trigger type TriggerGraphResumeTrigger. Keeping original.
[INF][Engine] Appended 4 triggers to map 'case_e_selection_field'.
[WRN][Engine] Duplicate registration for trigger type TriggerGraphMountTrigger. Keeping original.
[WRN][Engine] Duplicate registration for trigger type TriggerGraphResumeTrigger. Keeping original.
[INF][Engine] Appended 2 triggers to map 'case_e_selection_field'.
[WRN][Engine] Duplicate registration for trigger type TriggerGraphMountTrigger. Keeping original.
[WRN][Engine] Duplicate registration for trigger type TriggerGraphResumeTrigger. Keeping original.
[WRN][Engine] Duplicate registration for trigger type TriggerGraphMountTrigger. Keeping original.
[WRN][Engine] Duplicate registration for trigger type TriggerGraphResumeTrigger. Keeping original.
[INF][Engine] Appended 4 triggers to map 'case_e_selection_field'.
[WRN][Engine] Duplicate registration for trigger type TriggerGraphMountTrigger. Keeping original.
[WRN][Engine] Duplicate registration for trigger type TriggerGraphResumeTrigger. Keeping original.
[INF][Engine] Appended 2 triggers to map 'case_e_selection_field'.
[WRN][Engine] Duplicate registration for trigger type TriggerGraphMountTrigger. Keeping original.
[WRN][Engine] Duplicate registration for trigger type TriggerGraphResumeTrigger. Keeping original.
[WRN][Engine] Duplicate registration for trigger type TriggerGraphMountTrigger. Keeping original.
[WRN][Engine] Duplicate registration for trigger type TriggerGraphResumeTrigger. Keeping original.
[INF][Engine] Appended 4 triggers to map 'case_e_selection_field'.
[WRN][Engine] Duplicate registration for trigger type TriggerGraphMountTrigger. Keeping original.
[WRN][Engine] Duplicate registration for trigger type TriggerGraphResumeTrigger. Keeping original.
[INF][Engine] Appended 2 triggers to map 'case_e_selection_field'.
[WRN][Engine] Duplicate registration for trigger type TriggerGraphMountTrigger. Keeping original.
[WRN][Engine] Duplicate registration for trigger type TriggerGraphResumeTrigger. Keeping original.
[WRN][Engine] Duplicate registration for trigger type TriggerGraphMountTrigger. Keeping original.
[WRN][Engine] Duplicate registration for trigger type TriggerGraphResumeTrigger. Keeping original.
[INF][Engine] Appended 4 triggers to map 'case_e_selection_field'.
[WRN][Engine] Duplicate registration for trigger type TriggerGraphMountTrigger. Keeping original.
[WRN][Engine] Duplicate registration for trigger type TriggerGraphResumeTrigger. Keeping original.
[INF][Engine] Appended 2 triggers to map 'case_e_selection_field'.
[WRN][Engine] Duplicate registration for trigger type TriggerGraphMountTrigger. Keeping original.
[WRN][Engine] Duplicate registration for trigger type TriggerGraphResumeTrigger. Keeping original.
[WRN][Engine] Duplicate registration for trigger type TriggerGraphMountTrigger. Keeping original.
[WRN][Engine] Duplicate registration for trigger type TriggerGraphResumeTrigger. Keeping original.
[INF][Engine] Appended 4 triggers to map 'case_e_selection_field'.
[WRN][Engine] Duplicate registration for trigger type TriggerGraphMountTrigger. Keeping original.
[WRN][Engine] Duplicate registration for trigger type TriggerGraphResumeTrigger. Keeping original.
[INF][Engine] Appended 2 triggers to map 'case_e_selection_field'.
[WRN][Engine] Duplicate registration for trigger type TriggerGraphMountTrigger. Keeping original.
[WRN][Engine] Duplicate registration for trigger type TriggerGraphResumeTrigger. Keeping original.
[WRN][Engine] Duplicate registration for trigger type TriggerGraphMountTrigger. Keeping original.
[WRN][Engine] Duplicate registration for trigger type TriggerGraphResumeTrigger. Keeping original.
[INF][Engine] Appended 4 triggers to map 'case_e_selection_field'.
[WRN][Engine] Duplicate registration for trigger type TriggerGraphMountTrigger. Keeping original.
[WRN][Engine] Duplicate registration for trigger type TriggerGraphResumeTrigger. Keeping original.
[INF][Engine] Appended 2 triggers to map 'case_e_selection_field'.
[WRN][Engine] Duplicate registration for trigger type TriggerGraphMountTrigger. Keeping original.
[WRN][Engine] Duplicate registration for trigger type TriggerGraphResumeTrigger. Keeping original.
[WRN][Engine] Duplicate registration for trigger type TriggerGraphMountTrigger. Keeping original.
[WRN][Engine] Duplicate registration for trigger type TriggerGraphResumeTrigger. Keeping original.
[INF][Engine] Appended 4 triggers to map 'case_e_selection_field'.
[WRN][Engine] Duplicate registration for trigger type TriggerGraphMountTrigger. Keeping original.
[WRN][Engine] Duplicate registration for trigger type TriggerGraphResumeTrigger. Keeping original.
[INF][Engine] Appended 2 triggers to map 'case_e_selection_field'.
[WRN][Engine] Duplicate registration for trigger type TriggerGraphMountTrigger. Keeping original.
[WRN][Engine] Duplicate registration for trigger type TriggerGraphResumeTrigger. Keeping original.
[WRN][Engine] Duplicate registration for trigger type TriggerGraphMountTrigger. Keeping original.
[WRN][Engine] Duplicate registration for trigger type TriggerGraphResumeTrigger. Keeping original.
[INF][Engine] Appended 4 triggers to map 'case_e_selection_field'.
[WRN][Engine] Duplicate registration for trigger type TriggerGraphMountTrigger. Keeping original.
[WRN][Engine] Duplicate registration for trigger type TriggerGraphResumeTrigger. Keeping original.
[INF][Engine] Appended 2 triggers to map 'case_e_selection_field'.
[WRN][Engine] Duplicate registration for trigger type TriggerGraphMountTrigger. Keeping original.
[WRN][Engine] Duplicate registration for trigger type TriggerGraphResumeTrigger. Keeping original.
[WRN][Engine] Duplicate registration for trigger type TriggerGraphMountTrigger. Keeping original.
[WRN][Engine] Duplicate registration for trigger type TriggerGraphResumeTrigger. Keeping original.
[INF][Engine] Appended 4 triggers to map 'case_e_selection_field'.
[WRN][Engine] Duplicate registration for trigger type TriggerGraphMountTrigger. Keeping original.
[WRN][Engine] Duplicate registration for trigger type TriggerGraphResumeTrigger. Keeping original.
[INF][Engine] Appended 2 triggers to map 'case_e_selection_field'.
[WRN][Engine] Duplicate registration for trigger type TriggerGraphMountTrigger. Keeping original.
[WRN][Engine] Duplicate registration for trigger type TriggerGraphResumeTrigger. Keeping original.
[WRN][Engine] Duplicate registration for trigger type TriggerGraphMountTrigger. Keeping original.
[WRN][Engine] Duplicate registration for trigger type TriggerGraphResumeTrigger. Keeping original.
[INF][Engine] Appended 4 triggers to map 'case_e_selection_field'.
[WRN][Engine] Duplicate registration for trigger type TriggerGraphMountTrigger. Keeping original.
[WRN][Engine] Duplicate registration for trigger type TriggerGraphResumeTrigger. Keeping original.
[INF][Engine] Appended 2 triggers to map 'case_e_selection_field'.
[WRN][Engine] Duplicate registration for trigger type TriggerGraphMountTrigger. Keeping original.
[WRN][Engine] Duplicate registration for trigger type TriggerGraphResumeTrigger. Keeping original.
[WRN][Engine] Duplicate registration for trigger type TriggerGraphMountTrigger. Keeping original.
[WRN][Engine] Duplicate registration for trigger type TriggerGraphResumeTrigger. Keeping original.
[INF][Engine] Appended 4 triggers to map 'case_e_selection_field'.
[WRN][Engine] Duplicate registration for trigger type TriggerGraphMountTrigger. Keeping original.
[WRN][Engine] Duplicate registration for trigger type TriggerGraphResumeTrigger. Keeping original.
[INF][Engine] Appended 2 triggers to map 'case_e_selection_field'.
[WRN][Engine] Duplicate registration for trigger type TriggerGraphMountTrigger. Keeping original.
[WRN][Engine] Duplicate registration for trigger type TriggerGraphResumeTrigger. Keeping original.
[WRN][Engine] Duplicate registration for trigger type TriggerGraphMountTrigger. Keeping original.
[WRN][Engine] Duplicate registration for trigger type TriggerGraphResumeTrigger. Keeping original.
[INF][Engine] Appended 4 triggers to map 'case_e_selection_field'.
[WRN][Engine] Duplicate registration for trigger type TriggerGraphMountTrigger. Keeping original.
[WRN][Engine] Duplicate registration for trigger type TriggerGraphResumeTrigger. Keeping original.
[INF][Engine] Appended 2 triggers to map 'case_e_selection_field'.
[WRN][Engine] Duplicate registration for trigger type TriggerGraphMountTrigger. Keeping original.
[WRN][Engine] Duplicate registration for trigger type TriggerGraphResumeTrigger. Keeping original.
[WRN][Engine] Duplicate registration for trigger type TriggerGraphMountTrigger. Keeping original.
[WRN][Engine] Duplicate registration for trigger type TriggerGraphResumeTrigger. Keeping original.
[INF][Engine] Appended 4 triggers to map 'case_e_selection_field'.
[WRN][Engine] Duplicate registration for trigger type TriggerGraphMountTrigger. Keeping original.
[WRN][Engine] Duplicate registration for trigger type TriggerGraphResumeTrigger. Keeping original.
[INF][Engine] Appended 2 triggers to map 'case_e_selection_field'.
[WRN][Engine] Duplicate registration for trigger type TriggerGraphMountTrigger. Keeping original.
[WRN][Engine] Duplicate registration for trigger type TriggerGraphResumeTrigger. Keeping original.
[WRN][Engine] Duplicate registration for trigger type TriggerGraphMountTrigger. Keeping original.
[WRN][Engine] Duplicate registration for trigger type TriggerGraphResumeTrigger. Keeping original.
[INF][Engine] Appended 4 triggers to map 'case_e_selection_field'.
[WRN][Engine] Duplicate registration for trigger type TriggerGraphMountTrigger. Keeping original.
[WRN][Engine] Duplicate registration for trigger type TriggerGraphResumeTrigger. Keeping original.
[INF][Engine] Appended 2 triggers to map 'case_e_selection_field'.
[WRN][Engine] Duplicate registration for trigger type TriggerGraphMountTrigger. Keeping original.
[WRN][Engine] Duplicate registration for trigger type TriggerGraphResumeTrigger. Keeping original.
[WRN][Engine] Duplicate registration for trigger type TriggerGraphMountTrigger. Keeping original.
[WRN][Engine] Duplicate registration for trigger type TriggerGraphResumeTrigger. Keeping original.
[INF][Engine] Appended 4 triggers to map 'case_e_selection_field'.
[WRN][Engine] Duplicate registration for trigger type TriggerGraphMountTrigger. Keeping original.
[WRN][Engine] Duplicate registration for trigger type TriggerGraphResumeTrigger. Keeping original.
[INF][Engine] Appended 2 triggers to map 'case_e_selection_field'.
[WRN][Engine] Duplicate registration for trigger type TriggerGraphMountTrigger. Keeping original.
[WRN][Engine] Duplicate registration for trigger type TriggerGraphResumeTrigger. Keeping original.
[WRN][Engine] Duplicate registration for trigger type TriggerGraphMountTrigger. Keeping original.
[WRN][Engine] Duplicate registration for trigger type TriggerGraphResumeTrigger. Keeping original.
[INF][Engine] Appended 4 triggers to map 'case_e_selection_field'.
[WRN][Engine] Duplicate registration for trigger type TriggerGraphMountTrigger. Keeping original.
[WRN][Engine] Duplicate registration for trigger type TriggerGraphResumeTrigger. Keeping original.
[INF][Engine] Appended 2 triggers to map 'case_e_selection_field'.
[WRN][Engine] Duplicate registration for trigger type TriggerGraphMountTrigger. Keeping original.
[WRN][Engine] Duplicate registration for trigger type TriggerGraphResumeTrigger. Keeping original.
[WRN][Engine] Duplicate registration for trigger type TriggerGraphMountTrigger. Keeping original.
[WRN][Engine] Duplicate registration for trigger type TriggerGraphResumeTrigger. Keeping original.
[INF][Engine] Appended 4 triggers to map 'case_e_selection_field'.
[WRN][Engine] Duplicate registration for trigger type TriggerGraphMountTrigger. Keeping original.
[WRN][Engine] Duplicate registration for trigger type TriggerGraphResumeTrigger. Keeping original.
[INF][Engine] Appended 2 triggers to map 'case_e_selection_field'.
[INF][Engine] Unloading ModLoader contexts...
[INF][Engine] Disposing JobScheduler...

  已通过 RepeatedFastGestures_EndWithNoResiduals(1,2,False) [333 ms]
  已通过 RepeatedFastGestures_EndWithNoResiduals(2,1,False) [591 ms]
  已通过 RepeatedFastGestures_EndWithNoResiduals(3,1,False) [330 ms]
  已通过 RepeatedFastGestures_EndWithNoResiduals(2,1,True) [282 ms]
  已通过 RepeatedFastGestures_EndWithNoResiduals(3,1,True) [298 ms]
[INF][Engine] Initializing with ConfigPipeline...
[INF][Engine] Resolving mod dependencies from explicit mod paths: mods=2
[INF][ModLoader] Mod Load Order:
[INF][ModLoader] - LudotsCoreMod (P:-1000)
[INF][ModLoader] - CaseESelectionMod (P:0)
[INF][ModLoader] Resolved Mod Load Order (launcher graph):
[INF][ModLoader] - LudotsCoreMod (P:-1000)
[INF][ModLoader] - CaseESelectionMod (P:0)
[INF][ModLoader] Loading DLL for LudotsCoreMod at C:\001_AI\wt-case-e-consolidation\mods\LudotsCoreMod\bin\net9.0\LudotsCoreMod.dll
[INF][ModLoader] Scanning 2 types in assembly...
[INF][ModLoader] Instantiated entry for LudotsCoreMod. Calling OnLoad...
[INF][Mod.LudotsCoreMod] [LudotsCoreMod] Loaded - Core game framework initialized
[INF][ModLoader] LudotsCoreMod OnLoad completed.
[INF][ModLoader] Loaded LudotsCoreMod
[INF][ModLoader] Loading DLL for CaseESelectionMod at C:\001_AI\wt-case-e-consolidation\mods\showcases\case_e_selection\CaseESelectionMod\bin\net9.0\CaseESelectionMod.dll
[INF][ModLoader] Scanning 7 types in assembly...
[INF][ModLoader] Instantiated entry for CaseESelectionMod. Calling OnLoad...
[INF][ModLoader] CaseESelectionMod OnLoad completed.
[INF][ModLoader] Loaded CaseESelectionMod
[INF][Config] Merged fragment from: Core:game.json
[INF][Config] Merged fragment from: LudotsCoreMod:assets/game.json
[INF][Config] Merged fragment from: CaseESelectionMod:assets/game.json
[INF][Config] Merged fragment from: Core:config_catalog.json
[INF][Config] Merged fragment from: CaseESelectionMod:assets/config_catalog.json
[INF][Config] Merged fragment from: Core:Navigation/agent_profiles.json
[INF][Engine] Merged GameConfig: StartupMapId=case_e_selection_10k_field, DefaultCoreMod=LudotsCoreMod
[INF][Engine] Constants loaded: OrderTypeIds=4, ResponseChainOrderTypeIds=3
[INF][Engine] Initializing JobScheduler...
[INF][Config] Loading DataRegistry<EntityTemplate> from Entities/templates.json...
[INF][Config] Merged fragment from: LudotsCoreMod:assets/Entities/templates.json
[INF][Config] Merged fragment from: CaseESelectionMod:assets/Entities/templates.json
[INF][Config] Loaded 7 DataRegistry<EntityTemplate> items.
[INF][Engine] Initializing Core GAS Systems...
[INF][Config] Merged fragment from: Core:Engine/clock.json
[INF][Config] Merged fragment from: Core:Relationships/catalog.json
[INF][Config] Merged fragment from: LudotsCoreMod:assets/Relationships/catalog.json
[INF][Config] Merged fragment from: Core:Relationships/control_profiles.json
[INF][Config] Merged fragment from: Core:GAS/target_dispatch_presets.json
[INF][Config] Merged fragment from: Core:GAS/clock.json
[INF][Config] Merged fragment from: Core:Physics2D/clock.json
[INF][Config] Merged fragment from: Core:Physics2D/solver.json
[INF][Config] Merged fragment from: Core:Physics2D/kinematic.json
[INF][Config] Merged fragment from: Core:GAS/attribute_constraints.json
[INF][Config] Merged fragment from: CaseESelectionMod:assets/GAS/attribute_constraints.json
[INF][Config] Merged fragment from: Core:Enums/enums.json
[INF][Config] Merged fragment from: CaseESelectionMod:assets/Events/custom_events.json
[INF][Config] Merged fragment from: Core:Vision/fog_layers.json
[INF][Config] Merged fragment from: LudotsCoreMod:assets/Presentation/text_tokens.json
[INF][Config] Merged fragment from: LudotsCoreMod:assets/Presentation/text_tokens.json
[INF][Config] Merged fragment from: LudotsCoreMod:assets/Presentation/text_locales.json
[INF][Config] Merged fragment from: Core:GraphTables/lookup_tables.json
[INF][Config] Merged fragment from: Core:GAS/graphs.json
[INF][Config] Merged fragment from: CaseESelectionMod:assets/GAS/graphs/graph.case_e.box_begin.json
[INF][Config] Merged fragment from: CaseESelectionMod:assets/GAS/graphs/graph.case_e.box_commit.json
[INF][Config] Merged fragment from: CaseESelectionMod:assets/GAS/graphs/graph.case_e.box_hit.json
[INF][Config] Merged fragment from: CaseESelectionMod:assets/GAS/graphs/graph.case_e.box_hover_clear.json
[INF][Config] Merged fragment from: CaseESelectionMod:assets/GAS/graphs/graph.case_e.box_hover_tick.json
[INF][Config] Merged fragment from: CaseESelectionMod:assets/GAS/graphs/graph.case_e.candidates.json
[INF][Config] Merged fragment from: CaseESelectionMod:assets/GAS/graphs/graph.case_e.candidates_player2.json
[INF][Config] Merged fragment from: CaseESelectionMod:assets/GAS/graphs/graph.case_e.roster_sync.json
[INF][Config] Merged fragment from: CaseESelectionMod:assets/GAS/graphs/graph.case_e.roster_sync_player2.json
[INF][Config] Merged fragment from: CaseESelectionMod:assets/GAS/graphs/graph.case_e.selection_commit.json
[INF][Config] Merged fragment from: Core:GAS/preset_types.json
[INF][Config] Merged fragment from: Core:Exchange/operations.json
[INF][Config] Merged fragment from: Core:Progression/scopes.json
[INF][Config] Merged fragment from: Core:Progression/progressions.json
[INF][Config] Merged fragment from: Core:Progression/requirements.json
[INF][Config] Merged fragment from: LudotsCoreMod:assets/GAS/order_types.json
[INF][Config] Merged fragment from: Core:GAS/effects.json
[INF][Config] Merged fragment from: Core:GAS/func_lib.json
[INF][Config] Merged fragment from: Core:GAS/action_lib.json
[INF][Config] Merged fragment from: Core:Items/shapes.json
[INF][Config] Merged fragment from: Core:Items/layouts.json
[INF][Config] Merged fragment from: Core:Items/definitions.json
[INF][Config] Merged fragment from: Core:Exchange/operations.json
[INF][Config] Merged fragment from: Core:Panels/panel_templates.json
[INF][Config] Merged fragment from: Core:Input/filter_profiles.json
[INF][Config] Merged fragment from: Core:Presentation/lod_profiles.json
[INF][Config] Merged fragment from: Core:Presentation/particle_vfx.json
[INF][Config] Merged fragment from: LudotsCoreMod:assets/Presentation/mesh_assets.json
[INF][Config] Merged fragment from: CaseESelectionMod:assets/Presentation/mesh_assets.json
[INF][Config] Merged fragment from: LudotsCoreMod:assets/Presentation/material_assets.json
[INF][Config] Merged fragment from: LudotsCoreMod:assets/Presentation/animator_controllers.json
[INF][Config] Merged fragment from: LudotsCoreMod:assets/Presentation/animation_clips.json
[INF][Config] Merged fragment from: LudotsCoreMod:assets/Presentation/animation_profiles.json
[INF][Config] Merged fragment from: Core:Input/interaction_context_profiles.json
[INF][Config] Merged fragment from: CaseESelectionMod:assets/Input/interaction_context_profiles.json
[INF][Config] Merged fragment from: LudotsCoreMod:assets/Presentation/presenters.json
[INF][Config] Merged fragment from: CaseESelectionMod:assets/Presentation/presenters.json
[INF][Config] Merged fragment from: Core:GAS/attribute_bindings.json
[INF][Config] Merged fragment from: Core:config_catalog.json
[INF][Config] Merged fragment from: CaseESelectionMod:assets/config_catalog.json
[INF][Config] Merged fragment from: Core:Input/default_input.json
[INF][Config] Merged fragment from: CaseESelectionMod:assets/Input/default_input.json
[INF][Config] Merged fragment from: Core:Input/action_attribute_bindings.json
[INF][Config] Merged fragment from: CaseESelectionMod:assets/Input/action_attribute_bindings.json
[INF][Config] Merged fragment from: Core:Input/command_intent_profiles.json
[INF][Config] Merged fragment from: Core:Input/cast_commit_profiles.json
[INF][Config] Merged fragment from: Core:Input/cast_commit_locks.json
[INF][Config] Merged fragment from: Core:Input/cast_dispatch_profiles.json
[INF][Config] Merged fragment from: Core:Input/control_schemes.json
[INF][Config] Merged fragment from: CaseESelectionMod:assets/Input/control_schemes.json
[INF][Config] Merged fragment from: Core:Input/interaction_prefs.json
[INF][Config] Merged fragment from: Core:Input/interaction_modes.json
[INF][Config] Merged fragment from: Core:UI/ability_aggregation_profiles.json
[INF][Config] Merged fragment from: Core:UI/command_deck_profiles.json
[INF][Config] Merged fragment from: Core:UI/production_overview_profiles.json
[INF][Config] Merged fragment from: Core:AI/behavior_trees.json
[INF][Config] Merged fragment from: Core:AI/hfsm.json
[INF][Config] Merged fragment from: Core:Presentation/semantic_maps.json
[INF][Config] Merged fragment from: Core:Presentation/image_assets.json
[INF][Config] Merged fragment from: Core:Camera/virtual_cameras.json
[INF][Config] Merged fragment from: Core:Story/lines.json
[INF][Config] Merged fragment from: Core:Story/presentation_profiles.json
[INF][Config] Merged fragment from: Core:Story/speakers.json
[INF][Config] Merged fragment from: Core:Dialogue/dialogues.json
[INF][Config] Merged fragment from: Core:Sequencer/sequences.json
[INF][ModLoader] No registration conflicts detected.
[INF][Config] Merged fragment from: Core:config_catalog.json
[INF][Config] Merged fragment from: CaseESelectionMod:assets/config_catalog.json
[INF][Config] Merged fragment from: Core:Input/default_input.json
[INF][Config] Merged fragment from: CaseESelectionMod:assets/Input/default_input.json
[INF][Engine] Firing GameStart event...
[LudotsCoreMod] Core systems installed
[INF][Engine] Loading Map: case_e_selection_field
[INF][Map] Loading Map: case_e_selection_field
[INF][Config] Merged fragment from: CaseESelectionMod:assets/Maps/case_e_selection_field.json
[INF][Map] Map 'case_e_selection_field' loaded.
[INF][Map] Map 'case_e_selection_field' pushed to focus (stack depth=1).
[INF][Config] Merged fragment from: Core:Navigation/pathing.json
[INF][Engine] Pathing bootstrap skipped for map 'case_e_selection_field': no node-graph board or navmesh query service is loaded.
[INF][Engine] Creating Entities from MapConfig...
[INF][Engine] Registered 2 triggers for map 'case_e_selection_field'.
[INF][Engine] Applied DefaultCamera: yaw=0 pitch=52 dist=3400cm fov=45
[INF][Engine] Firing MapLoaded event for case_e_selection_field...
[WRN][Engine] Duplicate registration for trigger type TriggerGraphMountTrigger. Keeping original.
[WRN][Engine] Duplicate registration for trigger type TriggerGraphResumeTrigger. Keeping original.
[INF][Engine] Appended 2 triggers to map 'case_e_selection_field'.
[WRN][Engine] Duplicate registration for trigger type TriggerGraphMountTrigger. Keeping original.
[WRN][Engine] Duplicate registration for trigger type TriggerGraphResumeTrigger. Keeping original.
[INF][Engine] Appended 2 triggers to map 'case_e_selection_field'.
[WRN][Engine] Duplicate registration for trigger type TriggerGraphMountTrigger. Keeping original.
[WRN][Engine] Duplicate registration for trigger type TriggerGraphResumeTrigger. Keeping original.
[WRN][Engine] Duplicate registration for trigger type TriggerGraphMountTrigger. Keeping original.
[WRN][Engine] Duplicate registration for trigger type TriggerGraphResumeTrigger. Keeping original.
[INF][Engine] Appended 4 triggers to map 'case_e_selection_field'.
[WRN][Engine] Duplicate registration for trigger type TriggerGraphMountTrigger. Keeping original.
[WRN][Engine] Duplicate registration for trigger type TriggerGraphResumeTrigger. Keeping original.
[INF][Engine] Appended 2 triggers to map 'case_e_selection_field'.
[WRN][Engine] Duplicate registration for trigger type TriggerGraphMountTrigger. Keeping original.
[WRN][Engine] Duplicate registration for trigger type TriggerGraphResumeTrigger. Keeping original.
[WRN][Engine] Duplicate registration for trigger type TriggerGraphMountTrigger. Keeping original.
[WRN][Engine] Duplicate registration for trigger type TriggerGraphResumeTrigger. Keeping original.
[INF][Engine] Appended 4 triggers to map 'case_e_selection_field'.
[WRN][Engine] Duplicate registration for trigger type TriggerGraphMountTrigger. Keeping original.
[WRN][Engine] Duplicate registration for trigger type TriggerGraphResumeTrigger. Keeping original.
[INF][Engine] Appended 2 triggers to map 'case_e_selection_field'.
[INF][Engine] Unloading ModLoader contexts...
[INF][Engine] Disposing JobScheduler...

NUnit Adapter 4.6.0.0: Test execution complete
  已通过 SwitchingPossession_DrivesOnlyTheCurrentPlayersSelection [305 ms]

测试运行成功。
测试总数: 147
     通过数: 147
总时间: 28.7741 秒
结果文件: C:\001_AI\wt-case-e-consolidation\src\Tests\GasTests\TestResults\consolidation-delivery.trx

有可用的工作负载更新。有关详细信息，请运行 `dotnet workload list`。
