frame,fps,cleanPerf,visibleEntities,presenterActive,presenterDefs,primitiveRaw,primitiveStaticRaw,skinnedRaw,gpuSkinned,gpuSkinBuild,gpuSkinDraw,gap,poll,pre,tick,post,begin,sim,simTop1,simTop2,simTop3,presentation,presTop1,presTop2,presTop3,behavior,behaviorBoot,behaviorOwner,behaviorAttr,behaviorTag,behaviorTick,animator,transformSync,minimapCollect,minimapMarkers,minimapProject,minimapScreen,heightSync,heightSamples,requestFlush,spawnBatch,spawnPerf,spawnPerfParts,spawnPerfChildParts,cull,cullSpatial,cullStatic,cullDyn,cullEntity,cullSync,hudProj,hudRaw,hudProjected,hudDensitySkip,mode3D,terrain,terrainChunks,field,fieldCount,fieldDirty,fieldArea,fieldDraws,primitive,primSync,primBucket,primImmediate,primImmediateSkip,primBuild,primDraw,primInstances,primBatches,primCache,ground,groundCount,groundRaw,spline,splineCount,splineRaw,debugDraw,debugDrawCount,debugDrawRaw,overlay,overlayBuild,overlayDirtyLanes,overlayItems,overlayRebuilt,overlayPaint,overlayComposite,uiRender,uiUpload,overlayFinal,nativeDiag,emit,emitDirty,emitDirtyCount,emitRetained,emitRetainedCount,hudPositionOnly,emitRetainedDirectPath,endDraw,screenshot,worldHud,screenBars,screenText,worldHudDrops,screenHudDrops,overlaySceneDrops,utc
120.34ms,8.3,0,10006,30009,"mass_navigation_agent_health_text_light:8568,mass_navigation_agent_health_hud_light:8568,mass_navigation_agent_azure_light:2142,mass_navigation_agent_crimson_light:2142,mass_navigation_agent_amber_light:2142,mass_navigation_agent_emerald_light:2142,mass_navigation_agent_health_text_heavy:1432,mass_navigation_agent_health_hud_heavy:1432",6,6,10000,10000/6,1.16,0.63,0.00,0.00,0.06,17.01,13.49,0.00,0.44,EffectProcessingLoopSystem:0.43,:0.00,:0.00,16.39,CameraCullingSystem:3.86,MinimapPresentationSystem:3.78,PresenterEmitSystem:2.36,0.02,0,0,0,0,0,1.15,1.55,0.37,10009/0,3.76,10000/0,0.69,10009,0.00,0.00/0.00/0.00/0.00,0.00/0.00/0.00,0.00/0.00/0.00/0.00/0.00/0.00,0.00/0.00/0.00/0.00/0.00,3.86,2.73,0.01,1.09,3.85,0.00,13.43,20000,20000,0,2.66,0.04,4/0,0.01,0,0,0,0,2.57,0.00,0.04,0.01,6,0.00,0.02,6,2,2/0,0.00,0,0,0.00,0,0,0.00,0,0,2.82,0.02,1,20038,0,1.64,0.00,0.00,0.00,1.06,0.00,2.35,0.00,0,0.00,0,0,0/0/0,80.04,0.00,20000,10000,10000,0,0,0,2026-09-09T18:22:38.1499884Z
122.34ms,8.2,0,10006,30009,"mass_navigation_agent_health_text_light:8568,mass_navigation_agent_health_hud_light:8568,mass_navigation_agent_azure_light:2142,mass_navigation_agent_crimson_light:2142,mass_navigation_agent_amber_light:2142,mass_navigation_agent_emerald_light:2142,mass_navigation_agent_health_text_heavy:1432,mass_navigation_agent_health_hud_heavy:1432",6,6,10000,10000/6,1.20,0.69,0.00,0.00,0.05,17.64,14.61,0.01,0.34,EffectProcessingLoopSystem:0.33,:0.00,:0.00,17.16,MinimapPresentationSystem:4.42,CameraCullingSystem:4.34,PresenterEmitSystem:2.18,0.01,0,0,0,0,0,1.10,1.50,0.40,10009/0,4.40,10000/0,0.71,10009,0.00,0.00/0.00/0.00/0.00,0.00/0.00/0.00,0.00/0.00/0.00/0.00/0.00/0.00,0.00/0.00/0.00/0.00/0.00,4.34,2.71,0.00,1.62,4.34,0.00,14.58,20000,20000,0,2.67,0.02,4/0,0.00,0,0,0,0,2.60,0.00,0.04,0.01,6,0.00,0.02,6,2,2/0,0.00,0,0,0.00,0,0,0.00,0,0,2.59,0.01,1,20038,0,1.69,0.00,0.00,0.00,0.90,0.00,2.18,0.00,0,0.00,0,0,0/0/0,80.36,0.00,20000,10000,10000,0,0,0,2026-09-09T18:22:45.4900792Z
121.44ms,8.2,0,10006,30009,"mass_navigation_agent_health_text_light:8568,mass_navigation_agent_health_hud_light:8568,mass_navigation_agent_azure_light:2142,mass_navigation_agent_crimson_light:2142,mass_navigation_agent_amber_light:2142,mass_navigation_agent_emerald_light:2142,mass_navigation_agent_health_text_heavy:1432,mass_navigation_agent_health_hud_heavy:1432",6,6,10000,10000/6,1.21,0.66,0.00,0.00,0.06,22.56,15.09,0.00,4.73,MassNavigationAuthoredAgentBindingSystem:1.58,MapEntityLifecycleObserverSystem:1.10,AttributeAggregatorSystem:1.04,17.70,CameraCullingSystem:4.47,MinimapPresentationSystem:3.64,PresenterEmitSystem:2.83,0.34,0,166,166,0,0,1.02,1.61,0.36,10009/0,3.63,10000/0,0.67,10009,0.00,0.00/0.00/0.00/0.00,0.00/0.00/0.00,0.00/0.00/0.00/0.00/0.00/0.00,0.00/0.00/0.00/0.00/0.00,4.47,2.80,0.00,1.66,4.47,0.00,14.59,20000,20000,0,2.66,0.02,4/0,0.00,0,0,0,0,2.59,0.00,0.04,0.02,6,0.00,0.02,6,2,2/0,0.00,0,0,0.00,0,0,0.00,0,0,5.37,0.48,3,20038,0,4.45,0.00,0.00,0.00,0.91,0.00,2.83,0.00,0,0.64,330,0,330/0/0,71.37,0.00,20000,10000,10000,0,0,0,2026-09-09T18:22:52.7651491Z
122.34ms,8.2,0,10006,30009,"mass_navigation_agent_health_text_light:8568,mass_navigation_agent_health_hud_light:8568,mass_navigation_agent_azure_light:2142,mass_navigation_agent_crimson_light:2142,mass_navigation_agent_amber_light:2142,mass_navigation_agent_emerald_light:2142,mass_navigation_agent_health_text_heavy:1432,mass_navigation_agent_health_hud_heavy:1432",6,6,10000,10000/6,1.21,0.65,0.00,0.00,0.05,20.12,14.61,0.01,2.59,EffectProcessingLoopSystem:2.58,:0.00,:0.00,17.39,CameraCullingSystem:5.30,MinimapPresentationSystem:3.65,PresenterEmitSystem:2.12,0.01,0,0,0,0,0,1.14,1.67,0.36,10009/0,3.64,10000/0,0.63,10009,0.00,0.00/0.00/0.00/0.00,0.00/0.00/0.00,0.00/0.00/0.00/0.00/0.00/0.00,0.00/0.00/0.00/0.00/0.00,5.30,2.81,0.01,2.47,5.29,0.00,14.57,20000,20000,0,2.66,0.02,4/0,0.00,0,0,0,0,2.59,0.00,0.04,0.02,6,0.00,0.02,6,2,2/0,0.00,0,0,0.00,0,0,0.00,0,0,2.93,0.01,1,20038,0,1.98,0.00,0.00,0.00,0.94,0.00,2.12,0.00,0,0.00,0,0,0/0/0,77.68,0.00,20000,10000,10000,0,0,0,2026-09-09T18:23:00.0542298Z
118.85ms,8.4,0,10006,30009,"mass_navigation_agent_health_text_light:8568,mass_navigation_agent_health_hud_light:8568,mass_navigation_agent_azure_light:2142,mass_navigation_agent_crimson_light:2142,mass_navigation_agent_amber_light:2142,mass_navigation_agent_emerald_light:2142,mass_navigation_agent_health_text_heavy:1432,mass_navigation_agent_health_hud_heavy:1432",6,6,10000,10000/6,1.21,0.59,0.00,0.00,0.05,18.83,14.68,0.00,0.34,EffectProcessingLoopSystem:0.33,:0.00,:0.00,18.36,CameraCullingSystem:5.67,MinimapPresentationSystem:3.80,PresenterEmitSystem:2.24,0.01,0,0,0,0,0,1.04,1.91,0.41,10009/0,3.80,10000/0,0.65,10009,0.00,0.00/0.00/0.00/0.00,0.00/0.00/0.00,0.00/0.00/0.00/0.00/0.00/0.00,0.00/0.00/0.00/0.00/0.00,5.67,3.03,0.01,2.62,5.66,0.00,14.65,20000,20000,0,2.60,0.03,4/0,0.00,0,0,0,0,2.53,0.00,0.04,0.01,6,0.00,0.02,6,2,2/0,0.00,0,0,0.00,0,0,0.00,0,0,2.50,0.01,1,20038,0,1.60,0.00,0.00,0.00,0.90,0.00,2.24,0.00,0,0.00,0,0,0/0/0,75.91,0.00,20000,10000,10000,0,0,0,2026-09-09T18:23:07.3347864Z
117.57ms,8.5,0,10006,30009,"mass_navigation_agent_health_text_light:8568,mass_navigation_agent_health_hud_light:8568,mass_navigation_agent_azure_light:2142,mass_navigation_agent_crimson_light:2142,mass_navigation_agent_amber_light:2142,mass_navigation_agent_emerald_light:2142,mass_navigation_agent_health_text_heavy:1432,mass_navigation_agent_health_hud_heavy:1432",6,6,10000,10000/6,1.21,0.65,0.00,0.00,0.05,20.42,14.60,0.01,2.79,EffectProcessingLoopSystem:2.78,:0.00,:0.00,17.49,CameraCullingSystem:5.38,MinimapPresentationSystem:3.66,PresenterEmitSystem:2.26,0.01,0,0,0,0,0,1.03,1.64,0.39,10009/0,3.65,10000/0,0.66,10009,0.00,0.00/0.00/0.00/0.00,0.00/0.00/0.00,0.00/0.00/0.00/0.00/0.00/0.00,0.00/0.00/0.00/0.00/0.00,5.38,2.86,0.00,2.49,5.37,0.00,14.57,20000,20000,0,2.66,0.04,4/0,0.00,0,0,0,0,2.57,0.00,0.04,0.01,6,0.00,0.03,6,2,2/0,0.00,0,0,0.00,0,0,0.00,0,0,2.62,0.01,1,20038,0,1.68,0.00,0.00,0.00,0.94,0.00,2.26,0.00,0,0.00,0,0,0/0/0,72.86,0.00,20000,10000,10000,0,0,0,2026-09-09T18:23:14.6102240Z
126.99ms,7.9,0,10006,30009,"mass_navigation_agent_health_text_light:8568,mass_navigation_agent_health_hud_light:8568,mass_navigation_agent_azure_light:2142,mass_navigation_agent_crimson_light:2142,mass_navigation_agent_amber_light:2142,mass_navigation_agent_emerald_light:2142,mass_navigation_agent_health_text_heavy:1432,mass_navigation_agent_health_hud_heavy:1432",6,6,10000,10000/6,1.20,0.60,0.00,0.00,0.05,34.43,15.05,0.00,10.52,MassNavigationSimulationStepSystem:8.61,EffectProcessingLoopSystem:0.42,OrderBufferSystem:0.26,23.78,PresenterEntityTransformSyncSystem:6.68,PresenterEmitSystem:4.89,CameraCullingSystem:4.04,0.01,0,0,0,0,0,1.01,6.67,0.33,10009/0,3.69,10000/0,0.66,10009,0.00,0.00/0.00/0.00/0.00,0.00/0.00/0.00,0.00/0.00/0.00/0.00/0.00/0.00,0.00/0.00/0.00/0.00/0.00,4.04,2.88,0.00,1.14,4.04,0.00,14.64,20000,20000,0,2.57,0.02,4/0,0.00,0,0,0,0,2.50,0.00,0.04,0.01,6,0.00,0.02,6,2,2/0,0.00,0,0,0.00,0,0,0.00,0,0,2.91,0.40,3,20038,0,2.02,0.00,0.00,0.00,0.89,0.00,4.89,0.00,0,2.82,18704,18704,18704/0/0,67.72,0.00,20000,10000,10000,0,0,0,2026-09-09T18:23:21.8463384Z
119.32ms,8.4,0,10006,30009,"mass_navigation_agent_health_text_light:8568,mass_navigation_agent_health_hud_light:8568,mass_navigation_agent_azure_light:2142,mass_navigation_agent_crimson_light:2142,mass_navigation_agent_amber_light:2142,mass_navigation_agent_emerald_light:2142,mass_navigation_agent_health_text_heavy:1432,mass_navigation_agent_health_hud_heavy:1432",6,6,10000,10000/6,1.20,0.65,0.00,0.00,0.05,18.08,14.57,0.01,0.33,EffectProcessingLoopSystem:0.33,:0.00,:0.00,17.60,CameraCullingSystem:5.39,MinimapPresentationSystem:3.67,PresenterEmitSystem:2.25,0.01,0,0,0,0,0,1.02,1.68,0.34,10009/0,3.66,10000/0,0.65,10009,0.00,0.00/0.00/0.00/0.00,0.00/0.00/0.00,0.00/0.00/0.00/0.00/0.00/0.00,0.00/0.00/0.00/0.00/0.00,5.39,2.87,0.00,2.50,5.39,0.00,14.55,20000,20000,0,2.68,0.03,4/0,0.00,0,0,0,0,2.61,0.00,0.04,0.01,6,0.00,0.03,6,2,2/0,0.00,0,0,0.00,0,0,0.00,0,0,2.61,0.01,1,20038,0,1.68,0.00,0.00,0.00,0.93,0.00,2.24,0.00,0,0.00,0,0,0/0/0,77.04,0.00,20000,10000,10000,0,0,0,2026-09-09T18:23:29.3892043Z
117.67ms,8.5,0,10006,30009,"mass_navigation_agent_health_text_light:8568,mass_navigation_agent_health_hud_light:8568,mass_navigation_agent_azure_light:2142,mass_navigation_agent_crimson_light:2142,mass_navigation_agent_amber_light:2142,mass_navigation_agent_emerald_light:2142,mass_navigation_agent_health_text_heavy:1432,mass_navigation_agent_health_hud_heavy:1432",6,6,10000,10000/6,1.20,0.63,0.00,0.00,0.05,22.67,15.09,0.00,4.86,MassNavigationAuthoredAgentBindingSystem:1.61,AttributeAggregatorSystem:1.43,MapEntityLifecycleObserverSystem:0.91,17.67,CameraCullingSystem:4.26,MinimapPresentationSystem:3.58,PresenterEmitSystem:3.07,0.30,0,179,179,0,0,1.01,1.59,0.40,10009/0,3.58,10000/0,0.67,10009,0.00,0.00/0.00/0.00/0.00,0.00/0.00/0.00,0.00/0.00/0.00/0.00/0.00/0.00,0.00/0.00/0.00/0.00/0.00,4.26,2.83,0.00,1.42,4.26,0.00,14.56,20000,20000,0,2.59,0.03,4/0,0.00,0,0,0,0,2.52,0.00,0.04,0.01,6,0.00,0.02,6,2,2/0,0.00,0,0,0.00,0,0,0.00,0,0,5.24,0.51,3,20038,0,4.33,0.00,0.00,0.00,0.91,0.00,3.07,0.00,0,0.67,356,0,356/0/0,67.72,0.00,20000,10000,10000,0,0,0,2026-09-09T18:23:36.6770949Z
126.50ms,7.9,0,10006,30009,"mass_navigation_agent_health_text_light:8568,mass_navigation_agent_health_hud_light:8568,mass_navigation_agent_azure_light:2142,mass_navigation_agent_crimson_light:2142,mass_navigation_agent_amber_light:2142,mass_navigation_agent_emerald_light:2142,mass_navigation_agent_health_text_heavy:1432,mass_navigation_agent_health_hud_heavy:1432",6,6,10000,10000/6,1.20,0.63,0.00,0.00,0.06,32.83,14.87,0.00,9.59,MassNavigationSimulationStepSystem:7.56,EffectProcessingLoopSystem:0.43,SpatialPartitionUpdateSystem:0.24,23.10,PresenterEntityTransformSyncSystem:6.16,PresenterEmitSystem:4.66,CameraCullingSystem:4.05,0.01,0,0,0,0,0,1.01,6.15,0.40,10009/0,3.64,10000/0,0.67,10009,0.00,0.00/0.00/0.00/0.00,0.00/0.00/0.00,0.00/0.00/0.00/0.00/0.00/0.00,0.00/0.00/0.00/0.00/0.00,4.05,2.81,0.00,1.23,4.05,0.00,14.55,20000,20000,0,2.63,0.03,4/0,0.00,0,0,0,0,2.56,0.00,0.04,0.01,6,0.00,0.02,6,2,2/0,0.00,0,0,0.00,0,0,0.00,0,0,3.03,0.30,3,20038,0,2.12,0.00,0.00,0.00,0.90,0.00,4.66,0.00,0,2.44,14224,14224,14224/0/0,68.82,0.00,20000,10000,10000,0,0,0,2026-09-09T18:23:44.1965273Z
132.76ms,7.5,0,10006,30009,"mass_navigation_agent_health_text_light:8568,mass_navigation_agent_health_hud_light:8568,mass_navigation_agent_azure_light:2142,mass_navigation_agent_crimson_light:2142,mass_navigation_agent_amber_light:2142,mass_navigation_agent_emerald_light:2142,mass_navigation_agent_health_text_heavy:1432,mass_navigation_agent_health_hud_heavy:1432",6,6,10000,10000/6,1.28,0.64,0.00,0.00,0.06,22.38,14.58,0.01,2.71,EffectProcessingLoopSystem:2.70,:0.00,:0.00,19.53,CameraCullingSystem:5.46,MinimapPresentationSystem:3.74,PresenterEntityTransformSyncSystem:3.21,0.01,0,0,0,0,0,1.05,3.21,0.38,10009/0,3.73,10000/0,0.66,10009,0.00,0.00/0.00/0.00/0.00,0.00/0.00/0.00,0.00/0.00/0.00/0.00/0.00/0.00,0.00/0.00/0.00/0.00/0.00,5.45,2.91,0.01,2.53,5.45,0.00,14.55,20000,20000,0,2.64,0.03,4/0,0.00,0,0,0,0,2.57,0.00,0.04,0.01,6,0.00,0.02,6,2,2/0,0.00,0,0,0.00,0,0,0.00,0,0,2.67,0.01,1,20038,0,1.75,0.00,0.00,0.00,0.91,0.00,2.33,0.00,0,0.00,0,0,0/0/0,85.89,0.00,20000,10000,10000,0,0,0,2026-09-09T18:23:51.6327558Z
124.59ms,8.0,0,10006,30009,"mass_navigation_agent_health_text_light:8568,mass_navigation_agent_health_hud_light:8568,mass_navigation_agent_azure_light:2142,mass_navigation_agent_crimson_light:2142,mass_navigation_agent_amber_light:2142,mass_navigation_agent_emerald_light:2142,mass_navigation_agent_health_text_heavy:1432,mass_navigation_agent_health_hud_heavy:1432",6,6,10000,10000/6,1.21,0.59,0.00,0.00,0.06,14.60,8.85,0.00,0.46,EffectProcessingLoopSystem:0.45,:0.00,:0.00,14.01,CameraCullingSystem:5.42,PresenterEmitSystem:2.27,PresenterEntityTransformSyncSystem:1.66,0.01,0,0,0,0,0,1.01,1.66,0.38,10009/0,0.00,0/0,0.76,10009,0.00,0.00/0.00/0.00/0.00,0.00/0.00/0.00,0.00/0.00/0.00/0.00/0.00/0.00,0.00/0.00/0.00/0.00/0.00,5.42,2.85,0.00,2.55,5.42,0.00,8.82,20000,12095,0,2.60,0.03,4/0,0.00,0,0,0,0,2.53,0.00,0.04,0.01,6,0.00,0.02,6,2,2/0,0.00,0,0,0.00,0,0,0.00,0,0,1.38,0.00,0,12095,0,1.38,0.00,0.00,0.00,0.00,0.00,2.27,0.00,0,0.00,0,0,0/0/0,92.88,0.00,20000,6054,6041,0,0,0,2026-09-09T18:23:59.6132268Z
130.28ms,7.7,0,10006,30009,"mass_navigation_agent_health_text_light:8568,mass_navigation_agent_health_hud_light:8568,mass_navigation_agent_azure_light:2142,mass_navigation_agent_crimson_light:2142,mass_navigation_agent_amber_light:2142,mass_navigation_agent_emerald_light:2142,mass_navigation_agent_health_text_heavy:1432,mass_navigation_agent_health_hud_heavy:1432",6,6,10000,10000/6,1.21,0.63,0.00,0.00,0.06,17.58,9.06,0.01,2.38,EffectProcessingLoopSystem:2.37,:0.00,:0.00,15.05,CameraCullingSystem:5.29,PresenterEntityTransformSyncSystem:2.64,PresenterEmitSystem:2.28,0.01,0,0,0,0,0,1.00,2.63,0.41,10009/0,0.00,0/0,0.82,10009,0.00,0.00/0.00/0.00/0.00,0.00/0.00/0.00,0.00/0.00/0.00/0.00/0.00/0.00,0.00/0.00/0.00/0.00/0.00,5.29,2.77,0.01,2.51,5.29,0.00,9.03,20000,12094,0,2.60,0.02,4/0,0.00,0,0,0,0,2.54,0.00,0.04,0.01,6,0.00,0.02,6,2,2/0,0.00,0,0,0.00,0,0,0.00,0,0,1.41,0.00,0,12094,0,1.40,0.00,0.00,0.00,0.00,0.00,2.27,0.00,0,0.00,0,0,0/0/0,95.15,0.00,20000,6053,6041,0,0,0,2026-09-09T18:24:07.3262018Z
123.49ms,8.1,0,10006,30009,"mass_navigation_agent_health_text_light:8568,mass_navigation_agent_health_hud_light:8568,mass_navigation_agent_azure_light:2142,mass_navigation_agent_crimson_light:2142,mass_navigation_agent_amber_light:2142,mass_navigation_agent_emerald_light:2142,mass_navigation_agent_health_text_heavy:1432,mass_navigation_agent_health_hud_heavy:1432",6,6,10000,10000/6,1.21,0.66,0.00,0.00,0.05,16.72,9.03,0.01,2.69,EffectProcessingLoopSystem:2.68,:0.00,:0.00,13.90,CameraCullingSystem:5.14,PresenterEmitSystem:2.25,PresenterEntityTransformSyncSystem:1.89,0.01,0,0,0,0,0,1.02,1.89,0.38,10009/0,0.00,0/0,0.69,10009,0.00,0.00/0.00/0.00/0.00,0.00/0.00/0.00,0.00/0.00/0.00/0.00/0.00/0.00,0.00/0.00/0.00/0.00/0.00,5.14,2.71,0.00,2.41,5.14,0.00,9.00,20000,12092,0,2.64,0.02,4/0,0.00,0,0,0,0,2.57,0.00,0.04,0.01,6,0.00,0.02,6,2,2/0,0.00,0,0,0.00,0,0,0.00,0,0,1.41,0.00,0,12092,0,1.40,0.00,0.00,0.00,0.00,0.00,2.25,0.00,0,0.00,0,0,0/0/0,89.30,0.00,20000,6053,6039,0,0,0,2026-09-09T18:24:14.7752281Z
128.66ms,7.8,0,10006,30009,"mass_navigation_agent_health_text_light:8568,mass_navigation_agent_health_hud_light:8568,mass_navigation_agent_azure_light:2142,mass_navigation_agent_crimson_light:2142,mass_navigation_agent_amber_light:2142,mass_navigation_agent_emerald_light:2142,mass_navigation_agent_health_text_heavy:1432,mass_navigation_agent_health_hud_heavy:1432",6,6,10000,10000/6,1.21,0.67,0.00,0.00,0.06,23.37,9.36,0.01,8.86,ClearPresentationFlagsSystem:5.33,MassNavigationAuthoredAgentBindingSystem:1.36,AttributeAggregatorSystem:0.93,14.38,CameraCullingSystem:4.48,PresenterEmitSystem:2.87,PresenterEntityTransformSyncSystem:1.81,0.27,0,151,151,0,0,1.02,1.81,0.34,10009/0,0.00,0/0,0.67,10009,0.00,0.00/0.00/0.00/0.00,0.00/0.00/0.00,0.00/0.00/0.00/0.00/0.00/0.00,0.00/0.00/0.00/0.00/0.00,4.48,2.55,0.00,1.91,4.48,0.00,9.07,20000,12098,0,2.64,0.02,4/0,0.00,0,0,0,0,2.58,0.00,0.04,0.01,6,0.00,0.02,6,2,2/0,0.00,0,0,0.00,0,0,0.00,0,0,3.21,0.27,2,12098,0,3.20,0.00,0.00,0.00,0.00,0.00,2.87,0.00,0,0.60,300,0,300/0/0,85.65,0.00,20000,6054,6044,0,0,0,2026-09-09T18:24:22.2734677Z
137.42ms,7.3,0,10006,30009,"mass_navigation_agent_health_text_light:8568,mass_navigation_agent_health_hud_light:8568,mass_navigation_agent_azure_light:2142,mass_navigation_agent_crimson_light:2142,mass_navigation_agent_amber_light:2142,mass_navigation_agent_emerald_light:2142,mass_navigation_agent_health_text_heavy:1432,mass_navigation_agent_health_hud_heavy:1432",6,6,10000,10000/6,1.21,0.57,0.01,0.00,0.06,45.30,9.75,0.01,27.61,MassNavigationSimulationStepSystem:24.99,SpatialPartitionUpdateSystem:0.71,AbilityEndOrderSystem:0.44,17.55,PresenterEntityTransformSyncSystem:4.81,CameraCullingSystem:4.37,PresenterEmitSystem:3.82,0.01,0,0,0,0,0,1.01,4.81,0.38,10009/0,0.00,0/0,0.68,10009,0.00,0.00/0.00/0.00/0.00,0.00/0.00/0.00,0.00/0.00/0.00/0.00/0.00/0.00,0.00/0.00/0.00/0.00/0.00,4.37,2.72,0.01,1.63,4.37,0.00,9.17,20000,12110,0,2.51,0.02,4/0,0.00,0,0,0,0,2.45,0.00,0.04,0.01,6,0.00,0.02,6,2,2/0,0.00,0,0,0.00,0,0,0.00,0,0,2.48,0.49,2,12110,0,2.48,0.00,0.00,0.00,0.00,0.00,3.82,0.00,0,1.66,6098,6098,6098/0/0,73.00,0.00,20000,6060,6050,0,0,0,2026-09-09T18:24:30.2189278Z
137.60ms,7.3,0,10006,30009,"mass_navigation_agent_health_text_light:8568,mass_navigation_agent_health_hud_light:8568,mass_navigation_agent_azure_light:2142,mass_navigation_agent_crimson_light:2142,mass_navigation_agent_amber_light:2142,mass_navigation_agent_emerald_light:2142,mass_navigation_agent_health_text_heavy:1432,mass_navigation_agent_health_hud_heavy:1432",6,6,10000,10000/6,1.28,0.67,0.00,0.00,0.06,45.25,9.47,0.00,28.18,MassNavigationSimulationStepSystem:25.53,SpatialPartitionUpdateSystem:0.66,AbilityEndOrderSystem:0.52,16.93,PresenterEntityTransformSyncSystem:4.47,CameraCullingSystem:4.22,PresenterEmitSystem:3.70,0.01,0,0,0,0,0,1.02,4.47,0.35,10009/0,0.00,0/0,0.70,10009,0.00,0.00/0.00/0.00/0.00,0.00/0.00/0.00,0.00/0.00/0.00/0.00/0.00/0.00,0.00/0.00/0.00/0.00/0.00,4.22,2.74,0.01,1.46,4.22,0.00,8.93,20000,12099,0,2.68,0.03,4/0,0.00,0,0,0,0,2.60,0.00,0.04,0.01,6,0.00,0.02,6,2,2/0,0.00,0,0,0.00,0,0,0.00,0,0,1.63,0.52,2,12099,0,1.62,0.00,0.00,0.00,0.00,0.00,3.69,0.00,0,1.48,5406,5406,5406/0/0,74.12,0.00,20000,6055,6044,0,0,0,2026-09-09T18:24:38.5531011Z
130.21ms,7.7,0,10006,30009,"mass_navigation_agent_health_text_light:8568,mass_navigation_agent_health_hud_light:8568,mass_navigation_agent_azure_light:2142,mass_navigation_agent_crimson_light:2142,mass_navigation_agent_amber_light:2142,mass_navigation_agent_emerald_light:2142,mass_navigation_agent_health_text_heavy:1432,mass_navigation_agent_health_hud_heavy:1432",6,6,10000,10000/6,1.21,0.67,0.00,0.00,0.06,16.22,9.06,0.01,0.34,EffectProcessingLoopSystem:0.33,:0.00,:0.00,15.75,CameraCullingSystem:5.53,PresenterEntityTransformSyncSystem:3.02,PresenterEmitSystem:2.40,0.01,0,0,0,0,0,1.03,3.01,0.40,10009/0,0.00,0/0,0.67,10009,0.00,0.00/0.00/0.00/0.00,0.00/0.00/0.00,0.00/0.00/0.00/0.00/0.00/0.00,0.00/0.00/0.00/0.00/0.00,5.53,2.85,0.01,2.65,5.52,0.00,9.02,20000,12094,0,2.65,0.03,4/0,0.00,0,0,0,0,2.57,0.00,0.04,0.01,6,0.00,0.02,6,2,2/0,0.00,0,0,0.00,0,0,0.00,0,0,1.40,0.00,0,12094,0,1.40,0.00,0.00,0.00,0.00,0.00,2.40,0.00,0,0.00,0,0,0/0/0,96.50,0.00,20000,6052,6042,0,0,0,2026-09-09T18:24:46.1880365Z
137.87ms,7.3,0,10006,30009,"mass_navigation_agent_health_text_light:8568,mass_navigation_agent_health_hud_light:8568,mass_navigation_agent_azure_light:2142,mass_navigation_agent_crimson_light:2142,mass_navigation_agent_amber_light:2142,mass_navigation_agent_emerald_light:2142,mass_navigation_agent_health_text_heavy:1432,mass_navigation_agent_health_hud_heavy:1432",6,6,10000,10000/6,1.32,0.67,0.00,0.00,0.06,16.56,8.91,0.01,2.62,EffectProcessingLoopSystem:2.61,:0.00,:0.00,13.81,CameraCullingSystem:5.23,PresenterEmitSystem:2.19,PresenterEntityTransformSyncSystem:1.73,0.01,0,0,0,0,0,1.01,1.73,0.38,10009/0,0.00,0/0,0.70,10009,0.00,0.00/0.00/0.00/0.00,0.00/0.00/0.00,0.00/0.00/0.00/0.00/0.00/0.00,0.00/0.00/0.00/0.00/0.00,5.23,2.68,0.00,2.53,5.22,0.00,8.89,20000,12095,0,2.64,0.03,4/0,0.00,0,0,0,0,2.58,0.00,0.04,0.01,6,0.00,0.02,6,2,2/0,0.00,0,0,0.00,0,0,0.00,0,0,1.42,0.00,0,12095,0,1.41,0.00,0.00,0.00,0.00,0.00,2.19,0.00,0,0.00,0,0,0/0/0,103.79,0.00,20000,6052,6043,0,0,0,2026-09-09T18:24:54.0938431Z
122.74ms,8.1,0,10006,30009,"mass_navigation_agent_health_text_light:8568,mass_navigation_agent_health_hud_light:8568,mass_navigation_agent_azure_light:2142,mass_navigation_agent_crimson_light:2142,mass_navigation_agent_amber_light:2142,mass_navigation_agent_emerald_light:2142,mass_navigation_agent_health_text_heavy:1432,mass_navigation_agent_health_hud_heavy:1432",6,6,10000,10000/6,1.22,0.62,0.00,0.00,0.05,15.60,8.97,0.00,2.54,SpatialPartitionUpdateSystem:0.61,AbilityEndOrderSystem:0.50,EffectProcessingLoopSystem:0.42,12.92,CameraCullingSystem:4.34,PresenterEmitSystem:2.22,PresenterEntityTransformSyncSystem:1.73,0.01,0,0,0,0,0,1.01,1.73,0.43,10009/0,0.00,0/0,0.69,10009,0.00,0.00/0.00/0.00/0.00,0.00/0.00/0.00,0.00/0.00/0.00/0.00/0.00/0.00,0.00/0.00/0.00/0.00/0.00,4.33,2.69,0.01,1.62,4.33,0.00,8.95,20000,12092,0,2.64,0.02,4/0,0.00,0,0,0,0,2.59,0.00,0.04,0.01,6,0.00,0.03,6,2,2/0,0.00,0,0,0.00,0,0,0.00,0,0,1.45,0.00,0,12092,0,1.44,0.00,0.00,0.00,0.00,0.00,2.22,0.00,0,0.00,0,0,0/0/0,89.64,0.00,20000,6049,6043,0,0,0,2026-09-09T18:25:01.6390680Z
138.01ms,7.2,0,10006,30009,"mass_navigation_agent_health_text_light:8568,mass_navigation_agent_health_hud_light:8568,mass_navigation_agent_azure_light:2142,mass_navigation_agent_crimson_light:2142,mass_navigation_agent_amber_light:2142,mass_navigation_agent_emerald_light:2142,mass_navigation_agent_health_text_heavy:1432,mass_navigation_agent_health_hud_heavy:1432",6,6,10000,10000/6,1.20,0.60,0.00,0.00,0.06,27.44,9.82,0.00,10.57,MassNavigationSimulationStepSystem:7.80,AbilityEndOrderSystem:0.72,EffectProcessingLoopSystem:0.52,16.74,CameraCullingSystem:4.52,PresenterEntityTransformSyncSystem:4.15,PresenterEmitSystem:3.32,0.01,0,0,0,0,0,0.99,4.15,0.39,10009/0,0.00,0/0,0.78,10009,0.00,0.00/0.00/0.00/0.00,0.00/0.00/0.00,0.00/0.00/0.00/0.00/0.00/0.00,0.00/0.00/0.00/0.00/0.00,4.52,2.68,0.01,1.82,4.52,0.00,9.31,20000,12093,0,2.64,0.03,4/0,0.00,0,0,0,0,2.57,0.00,0.04,0.01,6,0.00,0.03,6,2,2/0,0.00,0,0,0.00,0,0,0.00,0,0,1.68,0.49,2,12093,0,1.67,0.00,0.00,0.00,0.00,0.00,3.32,0.00,0,1.01,3254,3254,3254/0/0,91.99,0.00,20000,6051,6042,0,0,0,2026-09-09T18:25:09.2265890Z
76.29ms,13.1,0,5420,30009,"mass_navigation_agent_health_text_light:8568,mass_navigation_agent_health_hud_light:8568,mass_navigation_agent_azure_light:2142,mass_navigation_agent_crimson_light:2142,mass_navigation_agent_amber_light:2142,mass_navigation_agent_emerald_light:2142,mass_navigation_agent_health_text_heavy:1432,mass_navigation_agent_health_hud_heavy:1432",1,1,5419,5419/6,0.65,0.34,0.00,0.00,0.05,24.98,5.76,0.01,9.89,MassNavigationSimulationStepSystem:3.36,MassNavigationAuthoredAgentBindingSystem:1.30,AttributeAggregatorSystem:0.92,14.95,PresenterEntityTransformSyncSystem:4.06,PresenterEmitSystem:3.67,CameraCullingSystem:2.65,0.26,0,143,143,0,0,1.03,4.06,0.36,10009/0,0.00,0/0,0.68,10009,0.00,0.00/0.00/0.00/0.00,0.00/0.00/0.00,0.00/0.00/0.00/0.00/0.00/0.00,0.00/0.00/0.00/0.00/0.00,2.65,1.49,0.01,1.14,2.65,0.00,5.54,10838,3597,0,1.47,0.03,4/0,0.00,0,0,0,0,1.40,0.00,0.03,0.01,1,0.00,0.02,1,1,1/0,0.00,0,0,0.00,0,0,0.00,0,0,1.74,0.19,2,3597,0,1.73,0.00,0.00,0.00,0.00,0.00,3.67,0.00,0,2.24,3404,1564,3404/0/0,39.82,0.00,10838,1804,1793,0,0,0,2026-09-09T18:25:15.7505347Z
75.53ms,13.2,0,5366,30009,"mass_navigation_agent_health_text_light:8568,mass_navigation_agent_health_hud_light:8568,mass_navigation_agent_azure_light:2142,mass_navigation_agent_crimson_light:2142,mass_navigation_agent_amber_light:2142,mass_navigation_agent_emerald_light:2142,mass_navigation_agent_health_text_heavy:1432,mass_navigation_agent_health_hud_heavy:1432",1,1,5365,5365/6,0.64,0.35,0.00,0.00,0.05,13.59,6.16,0.01,2.67,EffectProcessingLoopSystem:2.67,:0.00,:0.00,10.75,CameraCullingSystem:2.88,PresenterEntityTransformSyncSystem:2.28,PresenterEmitSystem:1.50,0.01,0,0,0,0,0,1.04,2.28,0.35,10009/0,0.00,0/0,0.67,10009,0.00,0.00/0.00/0.00/0.00,0.00/0.00/0.00,0.00/0.00/0.00/0.00/0.00/0.00,0.00/0.00/0.00/0.00/0.00,2.88,1.41,0.01,1.46,2.88,0.00,6.13,10730,3752,0,1.47,0.02,4/0,0.00,0,0,0,0,1.40,0.00,0.03,0.01,1,0.00,0.02,1,1,1/0,0.00,0,0,0.00,0,0,0.00,0,0,1.00,0.00,0,3752,0,0.99,0.00,0.00,0.00,0.00,0.00,1.50,0.00,0,0.00,0,0,0/0/0,50.78,0.00,10730,1880,1872,0,0,0,2026-09-09T18:25:20.2748364Z
75.53ms,13.2,0,5373,30009,"mass_navigation_agent_health_text_light:8568,mass_navigation_agent_health_hud_light:8568,mass_navigation_agent_azure_light:2142,mass_navigation_agent_crimson_light:2142,mass_navigation_agent_amber_light:2142,mass_navigation_agent_emerald_light:2142,mass_navigation_agent_health_text_heavy:1432,mass_navigation_agent_health_hud_heavy:1432",1,1,5372,5372/6,0.65,0.33,0.00,0.00,0.04,13.51,5.91,0.01,2.46,EffectProcessingLoopSystem:2.46,:0.00,:0.00,10.91,CameraCullingSystem:2.87,PresenterEntityTransformSyncSystem:2.28,PresenterEmitSystem:1.64,0.01,0,0,0,0,0,1.02,2.28,0.40,10009/0,0.00,0/0,0.69,10009,0.00,0.00/0.00/0.00/0.00,0.00/0.00/0.00,0.00/0.00/0.00/0.00/0.00/0.00,0.00/0.00/0.00/0.00/0.00,2.87,1.42,0.01,1.43,2.87,0.00,5.89,10744,3466,0,1.44,0.03,4/0,0.00,0,0,0,0,1.38,0.00,0.03,0.01,1,0.00,0.02,1,1,1/0,0.00,0,0,0.00,0,0,0.00,0,0,0.97,0.00,0,3466,0,0.96,0.00,0.00,0.00,0.00,0.00,1.64,0.00,0,0.00,0,0,0/0/0,51.23,0.00,10744,1738,1728,0,0,0,2026-09-09T18:25:24.7728105Z
76.80ms,13.0,0,5494,30009,"mass_navigation_agent_health_text_light:8568,mass_navigation_agent_health_hud_light:8568,mass_navigation_agent_azure_light:2142,mass_navigation_agent_crimson_light:2142,mass_navigation_agent_amber_light:2142,mass_navigation_agent_emerald_light:2142,mass_navigation_agent_health_text_heavy:1432,mass_navigation_agent_health_hud_heavy:1432",1,1,5493,5493/6,0.67,0.36,0.00,0.00,0.05,11.55,6.26,0.01,0.34,EffectProcessingLoopSystem:0.33,:0.00,:0.00,11.05,CameraCullingSystem:2.95,PresenterEntityTransformSyncSystem:2.31,PresenterEmitSystem:1.61,0.01,0,0,0,0,0,1.03,2.31,0.39,10009/0,0.00,0/0,0.68,10009,0.00,0.00/0.00/0.00/0.00,0.00/0.00/0.00,0.00/0.00/0.00/0.00/0.00/0.00,0.00/0.00/0.00/0.00/0.00,2.95,1.48,0.00,1.45,2.94,0.00,6.24,10986,3464,0,1.49,0.03,4/0,0.00,0,0,0,0,1.42,0.00,0.03,0.01,1,0.00,0.02,1,1,1/0,0.00,0,0,0.00,0,0,0.00,0,0,0.96,0.00,0,3464,0,0.96,0.00,0.00,0.00,0.00,0.00,1.61,0.00,0,0.00,0,0,0/0/0,53.99,0.00,10986,1736,1728,0,0,0,2026-09-09T18:25:29.2965840Z
77.10ms,13.0,0,5511,30009,"mass_navigation_agent_health_text_light:8568,mass_navigation_agent_health_hud_light:8568,mass_navigation_agent_azure_light:2142,mass_navigation_agent_crimson_light:2142,mass_navigation_agent_amber_light:2142,mass_navigation_agent_emerald_light:2142,mass_navigation_agent_health_text_heavy:1432,mass_navigation_agent_health_hud_heavy:1432",1,1,5510,5510/6,0.66,0.38,0.00,0.00,0.04,10.25,6.13,0.00,0.33,EffectProcessingLoopSystem:0.32,:0.00,:0.00,9.79,CameraCullingSystem:2.51,PresenterEntityTransformSyncSystem:1.96,PresenterEmitSystem:1.42,0.01,0,0,0,0,0,1.02,1.96,0.37,10009/0,0.00,0/0,0.68,10009,0.00,0.00/0.00/0.00/0.00,0.00/0.00/0.00,0.00/0.00/0.00/0.00/0.00/0.00,0.00/0.00/0.00/0.00/0.00,2.50,1.48,0.00,1.01,2.50,0.00,6.10,11020,3464,0,1.51,0.03,4/0,0.00,0,0,0,0,1.44,0.00,0.03,0.01,1,0.00,0.02,1,1,1/0,0.00,0,0,0.00,0,0,0.00,0,0,1.02,0.00,0,3464,0,1.01,0.00,0.00,0.00,0.00,0.00,1.41,0.00,0,0.00,0,0,0/0/0,55.66,0.00,11020,1736,1728,0,0,0,2026-09-09T18:25:33.9218240Z
77.03ms,13.0,0,5501,30009,"mass_navigation_agent_health_text_light:8568,mass_navigation_agent_health_hud_light:8568,mass_navigation_agent_azure_light:2142,mass_navigation_agent_crimson_light:2142,mass_navigation_agent_amber_light:2142,mass_navigation_agent_emerald_light:2142,mass_navigation_agent_health_text_heavy:1432,mass_navigation_agent_health_hud_heavy:1432",1,1,5500,5500/6,0.67,0.38,0.00,0.00,0.05,15.85,6.10,0.00,4.30,MassNavigationAuthoredAgentBindingSystem:1.38,AttributeAggregatorSystem:1.09,MapEntityLifecycleObserverSystem:0.90,11.41,CameraCullingSystem:2.64,PresenterEmitSystem:2.14,PresenterEntityTransformSyncSystem:1.92,0.30,0,172,172,0,0,1.03,1.92,0.40,10009/0,0.00,0/0,0.71,10009,0.00,0.00/0.00/0.00/0.00,0.00/0.00/0.00,0.00/0.00/0.00/0.00/0.00/0.00,0.00/0.00/0.00/0.00/0.00,2.64,1.49,0.01,1.13,2.63,0.00,5.96,11000,3464,0,1.55,0.03,4/0,0.00,0,0,0,0,1.49,0.00,0.04,0.01,1,0.00,0.03,1,1,1/0,0.00,0,0,0.00,0,0,0.00,0,0,1.81,0.12,2,3464,0,1.80,0.00,0.00,0.00,0.00,0.00,2.14,0.00,0,0.61,342,0,342/0/0,49.11,0.00,11000,1736,1728,0,0,0,2026-09-09T18:25:38.5449882Z
76.98ms,13.0,0,5499,30009,"mass_navigation_agent_health_text_light:8568,mass_navigation_agent_health_hud_light:8568,mass_navigation_agent_azure_light:2142,mass_navigation_agent_crimson_light:2142,mass_navigation_agent_amber_light:2142,mass_navigation_agent_emerald_light:2142,mass_navigation_agent_health_text_heavy:1432,mass_navigation_agent_health_hud_heavy:1432",1,1,5498,5498/6,0.67,0.35,0.00,0.00,0.05,13.56,5.95,0.01,2.43,EffectProcessingLoopSystem:2.43,:0.00,:0.00,10.98,CameraCullingSystem:3.03,PresenterEntityTransformSyncSystem:2.28,PresenterEmitSystem:1.48,0.01,0,0,0,0,0,1.06,2.28,0.38,10009/0,0.00,0/0,0.71,10009,0.00,0.00/0.00/0.00/0.00,0.00/0.00/0.00,0.00/0.00/0.00/0.00/0.00/0.00,0.00/0.00/0.00/0.00/0.00,3.03,1.50,0.00,1.51,3.03,0.00,5.92,10996,3464,0,1.48,0.03,4/0,0.00,0,0,0,0,1.41,0.00,0.03,0.01,1,0.00,0.02,1,1,1/0,0.00,0,0,0.00,0,0,0.00,0,0,0.98,0.00,0,3464,0,0.97,0.00,0.00,0.00,0.00,0.00,1.48,0.00,0,0.00,0,0,0/0/0,52.37,0.00,10996,1736,1728,0,0,0,2026-09-09T18:25:43.1694226Z
76.99ms,13.0,0,5498,30009,"mass_navigation_agent_health_text_light:8568,mass_navigation_agent_health_hud_light:8568,mass_navigation_agent_azure_light:2142,mass_navigation_agent_crimson_light:2142,mass_navigation_agent_amber_light:2142,mass_navigation_agent_emerald_light:2142,mass_navigation_agent_health_text_heavy:1432,mass_navigation_agent_health_hud_heavy:1432",1,1,5497,5497/6,0.67,0.37,0.00,0.00,0.05,13.86,5.91,0.01,2.43,EffectProcessingLoopSystem:2.42,:0.00,:0.00,11.29,CameraCullingSystem:3.00,PresenterEntityTransformSyncSystem:2.28,PresenterEmitSystem:1.74,0.01,0,0,0,0,0,1.03,2.28,0.50,10009/0,0.00,0/0,0.67,10009,0.00,0.00/0.00/0.00/0.00,0.00/0.00/0.00,0.00/0.00/0.00/0.00/0.00/0.00,0.00/0.00/0.00/0.00/0.00,3.00,1.47,0.01,1.52,3.00,0.00,5.89,10994,3464,0,1.49,0.03,4/0,0.00,0,0,0,0,1.43,0.00,0.03,0.01,1,0.00,0.02,1,1,1/0,0.00,0,0,0.00,0,0,0.00,0,0,0.97,0.00,0,3464,0,0.96,0.00,0.00,0.00,0.00,0.00,1.73,0.00,0,0.00,0,0,0/0/0,52.20,0.00,10994,1736,1728,0,0,0,2026-09-09T18:25:47.7897445Z
77.00ms,13.0,0,5498,30009,"mass_navigation_agent_health_text_light:8568,mass_navigation_agent_health_hud_light:8568,mass_navigation_agent_azure_light:2142,mass_navigation_agent_crimson_light:2142,mass_navigation_agent_amber_light:2142,mass_navigation_agent_emerald_light:2142,mass_navigation_agent_health_text_heavy:1432,mass_navigation_agent_health_hud_heavy:1432",1,1,5497,5497/6,0.66,0.37,0.00,0.00,0.05,11.79,5.85,0.00,0.33,EffectProcessingLoopSystem:0.32,:0.00,:0.00,11.33,CameraCullingSystem:3.03,PresenterEntityTransformSyncSystem:2.30,PresenterEmitSystem:1.73,0.01,0,0,0,0,0,1.07,2.30,0.43,10009/0,0.00,0/0,0.68,10009,0.00,0.00/0.00/0.00/0.00,0.00/0.00/0.00,0.00/0.00/0.00/0.00/0.00/0.00,0.00/0.00/0.00/0.00/0.00,3.03,1.52,0.01,1.50,3.03,0.00,5.82,10994,3464,0,1.50,0.03,4/0,0.00,0,0,0,0,1.43,0.00,0.03,0.01,1,0.00,0.02,1,1,1/0,0.00,0,0,0.00,0,0,0.00,0,0,0.96,0.00,0,3464,0,0.96,0.00,0.00,0.00,0.00,0.00,1.73,0.00,0,0.00,0,0,0/0/0,54.32,0.00,10994,1736,1728,0,0,0,2026-09-09T18:25:52.4109987Z
67.50ms,14.8,0,5497,30009,"mass_navigation_agent_health_text_light:8568,mass_navigation_agent_health_hud_light:8568,mass_navigation_agent_azure_light:2142,mass_navigation_agent_crimson_light:2142,mass_navigation_agent_amber_light:2142,mass_navigation_agent_emerald_light:2142,mass_navigation_agent_health_text_heavy:1432,mass_navigation_agent_health_hud_heavy:1432",1,1,5496,5496/6,0.66,0.35,0.00,0.00,0.04,34.61,6.03,0.00,21.99,MassNavigationSimulationStepSystem:16.47,AttributeAggregatorSystem:1.05,MapEntityLifecycleObserverSystem:0.90,12.50,PresenterEntityTransformSyncSystem:3.39,CameraCullingSystem:2.38,PresenterEmitSystem:2.36,0.31,0,187,187,0,0,1.03,3.39,0.35,10009/0,0.00,0/0,0.67,10009,0.00,0.00/0.00/0.00/0.00,0.00/0.00/0.00,0.00/0.00/0.00/0.00/0.00/0.00,0.00/0.00/0.00/0.00/0.00,2.38,1.51,0.00,0.85,2.38,0.00,5.88,10992,3462,0,1.48,0.03,4/0,0.00,0,0,0,0,1.42,0.00,0.03,0.01,1,0.00,0.03,1,1,1/0,0.00,0,0,0.00,0,0,0.00,0,0,1.67,0.13,2,3462,0,1.67,0.00,0.00,0.00,0.00,0.00,2.36,0.00,0,0.95,898,360,898/0/0,21.21,0.00,10992,1735,1727,0,0,0,2026-09-09T18:25:56.8942575Z
65.45ms,15.3,0,5497,30009,"mass_navigation_agent_health_text_light:8568,mass_navigation_agent_health_hud_light:8568,mass_navigation_agent_azure_light:2142,mass_navigation_agent_crimson_light:2142,mass_navigation_agent_amber_light:2142,mass_navigation_agent_emerald_light:2142,mass_navigation_agent_health_text_heavy:1432,mass_navigation_agent_health_hud_heavy:1432",1,1,5496,5496/6,0.66,0.36,0.00,0.00,0.05,15.45,6.01,0.00,4.10,MassNavigationAuthoredAgentBindingSystem:1.15,AttributeAggregatorSystem:1.13,MapEntityLifecycleObserverSystem:0.93,11.22,CameraCullingSystem:2.53,PresenterEmitSystem:2.15,PresenterEntityTransformSyncSystem:1.93,0.30,0,170,170,0,0,1.03,1.93,0.37,10009/0,0.00,0/0,0.68,10009,0.00,0.00/0.00/0.00/0.00,0.00/0.00/0.00,0.00/0.00/0.00/0.00/0.00/0.00,0.00/0.00/0.00/0.00/0.00,2.53,1.48,0.01,1.04,2.53,0.00,5.87,10992,3462,0,1.49,0.02,4/0,0.00,0,0,0,0,1.42,0.00,0.03,0.01,1,0.00,0.02,1,1,1/0,0.00,0,0,0.00,0,0,0.00,0,0,1.79,0.12,2,3462,0,1.78,0.00,0.00,0.00,0.00,0.00,2.15,0.00,0,0.63,338,0,338/0/0,38.19,0.00,10992,1735,1727,0,0,0,2026-09-09T18:26:00.9124526Z
66.16ms,15.1,0,5497,30009,"mass_navigation_agent_health_text_light:8568,mass_navigation_agent_health_hud_light:8568,mass_navigation_agent_azure_light:2142,mass_navigation_agent_crimson_light:2142,mass_navigation_agent_amber_light:2142,mass_navigation_agent_emerald_light:2142,mass_navigation_agent_health_text_heavy:1432,mass_navigation_agent_health_hud_heavy:1432",1,1,5496,5496/6,0.66,0.41,0.00,0.00,0.04,13.46,6.05,0.00,2.67,EffectProcessingLoopSystem:2.66,:0.00,:0.00,10.67,CameraCullingSystem:2.82,PresenterEntityTransformSyncSystem:2.30,PresenterEmitSystem:1.49,0.01,0,0,0,0,0,1.03,2.30,0.39,10009/0,0.00,0/0,0.68,10009,0.00,0.00/0.00/0.00/0.00,0.00/0.00/0.00,0.00/0.00/0.00/0.00/0.00/0.00,0.00/0.00/0.00/0.00/0.00,2.82,1.44,0.00,1.36,2.81,0.00,6.02,10992,3462,0,1.53,0.03,4/0,0.00,0,0,0,0,1.47,0.00,0.03,0.01,1,0.00,0.02,1,1,1/0,0.00,0,0,0.00,0,0,0.00,0,0,0.99,0.00,0,3462,0,0.99,0.00,0.00,0.00,0.00,0.00,1.49,0.00,0,0.00,0,0,0/0/0,41.60,0.00,10992,1735,1727,0,0,0,2026-09-09T18:26:04.9125266Z
66.49ms,15.0,0,5497,30009,"mass_navigation_agent_health_text_light:8568,mass_navigation_agent_health_hud_light:8568,mass_navigation_agent_azure_light:2142,mass_navigation_agent_crimson_light:2142,mass_navigation_agent_amber_light:2142,mass_navigation_agent_emerald_light:2142,mass_navigation_agent_health_text_heavy:1432,mass_navigation_agent_health_hud_heavy:1432",1,1,5496,5496/6,0.67,0.35,0.00,0.00,0.05,34.92,6.11,0.01,21.89,MassNavigationSimulationStepSystem:16.38,MassNavigationAuthoredAgentBindingSystem:1.22,MapEntityLifecycleObserverSystem:0.85,12.90,PresenterEntityTransformSyncSystem:3.66,CameraCullingSystem:2.55,PresenterEmitSystem:2.06,0.25,0,132,132,0,0,1.05,3.66,0.39,10009/0,0.00,0/0,0.74,10009,0.00,0.00/0.00/0.00/0.00,0.00/0.00/0.00,0.00/0.00/0.00/0.00/0.00/0.00,0.00/0.00/0.00/0.00/0.00,2.55,1.46,0.01,1.07,2.55,0.00,5.99,10992,3462,0,1.53,0.03,4/0,0.00,0,0,0,0,1.47,0.00,0.03,0.01,1,0.00,0.02,1,1,1/0,0.00,0,0,0.00,0,0,0.00,0,0,1.77,0.09,2,3462,0,1.77,0.00,0.00,0.00,0.00,0.00,2.06,0.00,0,0.57,396,106,396/0/0,19.61,0.00,10992,1735,1727,0,0,0,2026-09-09T18:26:08.9107654Z
66.08ms,15.1,0,5497,30009,"mass_navigation_agent_health_text_light:8568,mass_navigation_agent_health_hud_light:8568,mass_navigation_agent_azure_light:2142,mass_navigation_agent_crimson_light:2142,mass_navigation_agent_amber_light:2142,mass_navigation_agent_emerald_light:2142,mass_navigation_agent_health_text_heavy:1432,mass_navigation_agent_health_hud_heavy:1432",1,1,5496,5496/6,0.66,0.36,0.00,0.00,0.05,11.68,5.84,0.00,0.33,EffectProcessingLoopSystem:0.32,:0.00,:0.00,11.23,CameraCullingSystem:2.95,PresenterEntityTransformSyncSystem:2.30,PresenterEmitSystem:1.68,0.01,0,0,0,0,0,1.05,2.29,0.35,10009/0,0.00,0/0,0.67,10009,0.00,0.00/0.00/0.00/0.00,0.00/0.00/0.00,0.00/0.00/0.00/0.00/0.00/0.00,0.00/0.00/0.00/0.00/0.00,2.94,1.52,0.01,1.40,2.94,0.00,5.81,10992,3462,0,1.47,0.03,4/0,0.00,0,0,0,0,1.42,0.00,0.03,0.01,1,0.00,0.02,1,1,1/0,0.00,0,0,0.00,0,0,0.00,0,0,0.99,0.00,0,3462,0,0.98,0.00,0.00,0.00,0.00,0.00,1.68,0.00,0,0.00,0,0,0/0/0,43.54,0.00,10992,1735,1727,0,0,0,2026-09-09T18:26:12.9029376Z
67.63ms,14.8,0,5497,30009,"mass_navigation_agent_health_text_light:8568,mass_navigation_agent_health_hud_light:8568,mass_navigation_agent_azure_light:2142,mass_navigation_agent_crimson_light:2142,mass_navigation_agent_amber_light:2142,mass_navigation_agent_emerald_light:2142,mass_navigation_agent_health_text_heavy:1432,mass_navigation_agent_health_hud_heavy:1432",1,1,5496,5496/6,0.67,0.37,0.00,0.00,0.04,11.56,6.12,0.01,0.34,EffectProcessingLoopSystem:0.33,:0.00,:0.00,11.09,CameraCullingSystem:2.96,PresenterEntityTransformSyncSystem:2.30,PresenterEmitSystem:1.67,0.01,0,0,0,0,0,1.04,2.30,0.39,10009/0,0.00,0/0,0.68,10009,0.00,0.00/0.00/0.00/0.00,0.00/0.00/0.00,0.00/0.00/0.00/0.00/0.00/0.00,0.00/0.00/0.00/0.00/0.00,2.96,1.52,0.01,1.42,2.95,0.00,6.10,10992,3462,0,1.51,0.03,4/0,0.00,0,0,0,0,1.44,0.00,0.03,0.01,1,0.00,0.02,1,1,1/0,0.00,0,0,0.00,0,0,0.00,0,0,1.00,0.00,0,3462,0,1.00,0.00,0.00,0.00,0.00,0.00,1.67,0.00,0,0.00,0,0,0/0/0,44.89,0.00,10992,1735,1727,0,0,0,2026-09-09T18:26:16.9239170Z
76.83ms,13.0,0,5497,30009,"mass_navigation_agent_health_text_light:8568,mass_navigation_agent_health_hud_light:8568,mass_navigation_agent_azure_light:2142,mass_navigation_agent_crimson_light:2142,mass_navigation_agent_amber_light:2142,mass_navigation_agent_emerald_light:2142,mass_navigation_agent_health_text_heavy:1432,mass_navigation_agent_health_hud_heavy:1432",1,1,5496,5496/6,0.67,0.74,0.01,0.00,0.09,15.51,6.92,0.01,0.41,EffectProcessingLoopSystem:0.40,:0.00,:0.00,14.88,PresenterEntityTransformSyncSystem:4.21,CameraCullingSystem:3.27,PresenterEmitSystem:2.36,0.02,0,0,0,0,0,1.07,4.21,0.39,10009/0,0.00,0/0,0.87,10009,0.00,0.00/0.00/0.00/0.00,0.00/0.00/0.00,0.00/0.00/0.00/0.00/0.00/0.00,0.00/0.00/0.00/0.00/0.00,3.26,1.46,0.01,1.78,3.26,0.00,6.86,10992,3462,0,3.61,0.04,4/0,0.00,0,0,0,0,3.48,0.00,0.06,0.02,1,0.00,0.04,1,1,1/0,0.00,0,0,0.00,0,0,0.00,0,0,1.98,0.01,0,3462,0,1.97,0.00,0.00,0.00,0.00,0.00,2.36,0.00,0,0.00,0,0,0/0/0,44.91,0.00,10992,1735,1727,0,0,0,2026-09-09T18:26:21.0735260Z
70.06ms,14.3,0,5497,30009,"mass_navigation_agent_health_text_light:8568,mass_navigation_agent_health_hud_light:8568,mass_navigation_agent_azure_light:2142,mass_navigation_agent_crimson_light:2142,mass_navigation_agent_amber_light:2142,mass_navigation_agent_emerald_light:2142,mass_navigation_agent_health_text_heavy:1432,mass_navigation_agent_health_hud_heavy:1432",1,1,5496,5496/6,0.68,0.63,0.00,0.00,0.06,15.01,6.21,0.01,2.87,EffectProcessingLoopSystem:2.86,:0.00,:0.00,11.99,CameraCullingSystem:3.11,PresenterEntityTransformSyncSystem:2.98,PresenterEmitSystem:1.60,0.01,0,0,0,0,0,1.03,2.98,0.35,10009/0,0.00,0/0,0.79,10009,0.00,0.00/0.00/0.00/0.00,0.00/0.00/0.00,0.00/0.00/0.00/0.00/0.00/0.00,0.00/0.00/0.00/0.00/0.00,3.11,1.46,0.01,1.63,3.11,0.00,6.18,10992,3462,0,1.85,0.03,4/0,0.00,0,0,0,0,1.77,0.00,0.03,0.03,1,0.00,0.02,1,1,1/0,0.00,0,0,0.00,0,0,0.00,0,0,1.47,0.00,0,3462,0,1.46,0.00,0.00,0.00,0.00,0.00,1.60,0.00,0,0.00,0,0,0/0/0,42.94,0.00,10992,1735,1727,0,0,0,2026-09-09T18:26:25.2694802Z
69.70ms,14.3,0,5497,30009,"mass_navigation_agent_health_text_light:8568,mass_navigation_agent_health_hud_light:8568,mass_navigation_agent_azure_light:2142,mass_navigation_agent_crimson_light:2142,mass_navigation_agent_amber_light:2142,mass_navigation_agent_emerald_light:2142,mass_navigation_agent_health_text_heavy:1432,mass_navigation_agent_health_hud_heavy:1432",1,1,5496,5496/6,0.67,0.38,0.00,0.00,0.05,17.22,5.89,0.01,4.88,MassNavigationSimulationStepSystem:2.70,AbilityEndOrderSystem:0.48,EffectProcessingLoopSystem:0.47,12.20,PresenterEntityTransformSyncSystem:3.63,CameraCullingSystem:2.86,PresenterEmitSystem:1.51,0.01,0,0,0,0,0,1.04,3.63,0.41,10009/0,0.00,0/0,0.68,10009,0.00,0.00/0.00/0.00/0.00,0.00/0.00/0.00,0.00/0.00/0.00/0.00/0.00/0.00,0.00/0.00/0.00/0.00/0.00,2.86,1.57,0.01,1.27,2.86,0.00,5.85,10992,3462,0,1.50,0.03,4/0,0.00,0,0,0,0,1.43,0.00,0.03,0.01,1,0.00,0.02,1,1,1/0,0.00,0,0,0.00,0,0,0.00,0,0,1.02,0.01,2,3462,0,1.02,0.00,0.00,0.00,0.00,0.00,1.51,0.00,0,0.02,20,20,20/0/0,41.51,0.00,10992,1735,1727,0,0,0,2026-09-09T18:26:29.4703500Z
65.90ms,15.2,0,5497,30009,"mass_navigation_agent_health_text_light:8568,mass_navigation_agent_health_hud_light:8568,mass_navigation_agent_azure_light:2142,mass_navigation_agent_crimson_light:2142,mass_navigation_agent_amber_light:2142,mass_navigation_agent_emerald_light:2142,mass_navigation_agent_health_text_heavy:1432,mass_navigation_agent_health_hud_heavy:1432",1,1,5496,5496/6,0.67,0.38,0.00,0.00,0.05,14.00,6.01,0.01,2.81,EffectProcessingLoopSystem:2.80,:0.00,:0.00,11.06,CameraCullingSystem:3.03,PresenterEntityTransformSyncSystem:2.34,PresenterEmitSystem:1.49,0.01,0,0,0,0,0,1.12,2.34,0.35,10009/0,0.00,0/0,0.67,10009,0.00,0.00/0.00/0.00/0.00,0.00/0.00/0.00,0.00/0.00/0.00/0.00/0.00/0.00,0.00/0.00/0.00/0.00/0.00,3.03,1.46,0.01,1.55,3.03,0.00,5.94,10992,3462,0,1.50,0.03,4/0,0.00,0,0,0,0,1.43,0.00,0.03,0.01,1,0.00,0.02,1,1,1/0,0.00,0,0,0.00,0,0,0.00,0,0,1.01,0.00,0,3462,0,1.00,0.00,0.00,0.00,0.00,0.00,1.49,0.00,0,0.00,0,0,0/0/0,40.83,0.00,10992,1735,1727,0,0,0,2026-09-09T18:26:33.4980452Z
70.58ms,14.2,0,5497,30009,"mass_navigation_agent_health_text_light:8568,mass_navigation_agent_health_hud_light:8568,mass_navigation_agent_azure_light:2142,mass_navigation_agent_crimson_light:2142,mass_navigation_agent_amber_light:2142,mass_navigation_agent_emerald_light:2142,mass_navigation_agent_health_text_heavy:1432,mass_navigation_agent_health_hud_heavy:1432",1,1,5496,5496/6,0.67,1.12,0.00,0.00,0.06,21.39,8.40,0.01,5.42,MassNavigationSimulationStepSystem:2.27,AbilityEndOrderSystem:0.84,EffectProcessingLoopSystem:0.53,15.55,PresenterEntityTransformSyncSystem:5.16,CameraCullingSystem:3.13,PresenterEmitSystem:2.48,0.02,0,0,0,0,0,1.08,5.16,0.45,10009/0,0.00,0/0,0.78,10009,0.00,0.00/0.00/0.00/0.00,0.00/0.00/0.00,0.00/0.00/0.00/0.00/0.00/0.00,0.00/0.00/0.00/0.00/0.00,3.13,1.66,0.01,1.45,3.13,0.00,8.33,10992,3462,0,3.27,0.05,4/0,0.00,0,0,0,0,3.14,0.00,0.06,0.02,1,0.00,0.04,1,1,1/0,0.00,0,0,0.00,0,0,0.00,0,0,1.86,0.02,2,3462,0,1.85,0.00,0.00,0.00,0.00,0.00,2.48,0.00,0,0.03,14,14,14/0/0,28.15,0.00,10992,1735,1727,0,0,0,2026-09-09T18:26:37.5360250Z
67.58ms,14.8,0,5497,30009,"mass_navigation_agent_health_text_light:8568,mass_navigation_agent_health_hud_light:8568,mass_navigation_agent_azure_light:2142,mass_navigation_agent_crimson_light:2142,mass_navigation_agent_amber_light:2142,mass_navigation_agent_emerald_light:2142,mass_navigation_agent_health_text_heavy:1432,mass_navigation_agent_health_hud_heavy:1432",1,1,5496,5496/6,0.66,0.34,0.00,0.00,0.05,17.95,5.99,0.01,6.32,EffectProcessingLoopSystem:2.72,MassNavigationAuthoredAgentBindingSystem:1.30,MapEntityLifecycleObserverSystem:0.82,11.49,CameraCullingSystem:2.75,PresenterEmitSystem:2.20,PresenterEntityTransformSyncSystem:1.90,0.29,0,170,170,0,0,1.03,1.90,0.36,10009/0,0.00,0/0,0.70,10009,0.00,0.00/0.00/0.00/0.00,0.00/0.00/0.00,0.00/0.00/0.00/0.00/0.00/0.00,0.00/0.00/0.00/0.00/0.00,2.75,1.47,0.00,1.26,2.75,0.00,5.86,10992,3462,0,1.47,0.03,4/0,0.00,0,0,0,0,1.41,0.00,0.03,0.01,1,0.00,0.02,1,1,1/0,0.00,0,0,0.00,0,0,0.00,0,0,1.76,0.10,2,3462,0,1.75,0.00,0.00,0.00,0.00,0.00,2.20,0.00,0,0.56,338,0,338/0/0,37.85,0.00,10992,1735,1727,0,0,0,2026-09-09T18:26:41.6144466Z
69.88ms,14.3,0,5497,30009,"mass_navigation_agent_health_text_light:8568,mass_navigation_agent_health_hud_light:8568,mass_navigation_agent_azure_light:2142,mass_navigation_agent_crimson_light:2142,mass_navigation_agent_amber_light:2142,mass_navigation_agent_emerald_light:2142,mass_navigation_agent_health_text_heavy:1432,mass_navigation_agent_health_hud_heavy:1432",1,1,5496,5496/6,0.66,0.63,0.00,0.00,0.05,12.27,6.30,0.01,0.33,EffectProcessingLoopSystem:0.32,:0.00,:0.00,11.80,CameraCullingSystem:3.08,PresenterEntityTransformSyncSystem:2.40,PresenterEmitSystem:1.64,0.01,0,0,0,0,0,1.42,2.40,0.36,10009/0,0.00,0/0,0.69,10009,0.00,0.00/0.00/0.00/0.00,0.00/0.00/0.00,0.00/0.00/0.00/0.00/0.00/0.00,0.00/0.00/0.00/0.00/0.00,3.08,1.51,0.01,1.55,3.08,0.00,6.26,10992,3462,0,1.79,0.02,4/0,0.00,0,0,0,0,1.71,0.00,0.03,0.02,1,0.00,0.02,1,1,1/0,0.00,0,0,0.00,0,0,0.00,0,0,1.47,0.01,0,3462,0,1.46,0.00,0.00,0.00,0.00,0.00,1.64,0.00,0,0.00,0,0,0/0/0,45.35,0.00,10992,1735,1727,0,0,0,2026-09-09T18:26:45.6803368Z
9.62ms,103.9,0,74,30009,"mass_navigation_agent_health_text_light:8568,mass_navigation_agent_health_hud_light:8568,mass_navigation_agent_azure_light:2142,mass_navigation_agent_crimson_light:2142,mass_navigation_agent_amber_light:2142,mass_navigation_agent_emerald_light:2142,mass_navigation_agent_health_text_heavy:1432,mass_navigation_agent_health_hud_heavy:1432",0,0,74,74/6,0.01,0.04,0.00,0.00,0.01,9.08,0.04,0.00,4.49,EffectProcessingLoopSystem:1.92,MapEntityLifecycleObserverSystem:0.71,AttributeAggregatorSystem:0.66,4.56,PresenterEntityTransformSyncSystem:1.25,PresenterEmitSystem:0.66,AnimatorRuntimeSystem:0.65,0.25,0,171,171,0,0,0.65,1.25,0.24,10009/0,0.00,0/0,0.44,10009,0.00,0.00/0.00/0.00/0.00,0.00/0.00/0.00,0.00/0.00/0.00/0.00/0.00/0.00,0.00/0.00/0.00/0.00/0.00,0.21,0.03,0.00,0.17,0.21,0.00,0.02,148,0,0,0.09,0.01,4/0,0.00,0,0,0,0,0.06,0.00,0.00,0.00,0,0.00,0.00,0,0,0/0,0.00,0,0,0.00,0,0,0.00,0,0,0.00,0.00,0,0,0,0.00,0.00,0.00,0.00,0.00,0.00,0.66,0.00,0,0.30,340,0,340/0/0,0.12,0.00,148,0,0,0,0,0,2026-09-09T18:26:47.1670169Z
4.22ms,236.7,0,74,30009,"mass_navigation_agent_health_text_light:8568,mass_navigation_agent_health_hud_light:8568,mass_navigation_agent_azure_light:2142,mass_navigation_agent_crimson_light:2142,mass_navigation_agent_amber_light:2142,mass_navigation_agent_emerald_light:2142,mass_navigation_agent_health_text_heavy:1432,mass_navigation_agent_health_hud_heavy:1432",0,0,74,74/6,0.01,0.04,0.00,0.00,0.02,3.82,0.03,0.00,0.22,EffectProcessingLoopSystem:0.22,:0.00,:0.00,3.53,PresenterEntityTransformSyncSystem:1.02,AnimatorRuntimeSystem:0.70,TerrainHeightSyncSystem:0.43,0.00,0,0,0,0,0,0.70,1.02,0.21,10009/0,0.00,0/0,0.43,10009,0.00,0.00/0.00/0.00/0.00,0.00/0.00/0.00,0.00/0.00/0.00/0.00/0.00/0.00,0.00/0.00/0.00/0.00/0.00,0.20,0.03,0.00,0.16,0.20,0.00,0.02,148,0,0,0.08,0.01,4/0,0.00,0,0,0,0,0.06,0.00,0.00,0.00,0,0.00,0.00,0,0,0/0,0.00,0,0,0.00,0,0,0.00,0,0,0.00,0.00,0,0,0,0.00,0.00,0.00,0.00,0.00,0.00,0.37,0.00,0,0.00,0,0,0/0/0,0.10,0.00,148,0,0,0,0,0,2026-09-09T18:26:47.6761995Z
16.61ms,60.2,0,74,30009,"mass_navigation_agent_health_text_light:8568,mass_navigation_agent_health_hud_light:8568,mass_navigation_agent_azure_light:2142,mass_navigation_agent_crimson_light:2142,mass_navigation_agent_amber_light:2142,mass_navigation_agent_emerald_light:2142,mass_navigation_agent_health_text_heavy:1432,mass_navigation_agent_health_hud_heavy:1432",0,0,74,74/6,0.01,0.06,0.00,0.00,0.02,15.94,0.04,0.01,10.29,MassNavigationSimulationStepSystem:8.80,EffectProcessingLoopSystem:0.32,AbilityEndOrderSystem:0.31,5.57,PresenterEntityTransformSyncSystem:2.60,AnimatorRuntimeSystem:0.65,PresenterEmitSystem:0.50,0.01,0,0,0,0,0,0.65,2.60,0.24,10009/0,0.00,0/0,0.49,10009,0.00,0.00/0.00/0.00/0.00,0.00/0.00/0.00,0.00/0.00/0.00/0.00/0.00/0.00,0.00/0.00/0.00/0.00/0.00,0.25,0.04,0.00,0.20,0.25,0.00,0.03,148,0,0,0.13,0.02,4/0,0.00,0,0,0,0,0.08,0.00,0.00,0.00,0,0.00,0.00,0,0,0/0,0.00,0,0,0.00,0,0,0.00,0,0,0.00,0.00,0,0,0,0.00,0.00,0.00,0.00,0.00,0.00,0.49,0.00,0,0.02,6,0,6/0/0,0.16,0.00,148,0,0,0,0,0,2026-09-09T18:26:48.1974173Z
10.02ms,99.8,0,74,30009,"mass_navigation_agent_health_text_light:8568,mass_navigation_agent_health_hud_light:8568,mass_navigation_agent_azure_light:2142,mass_navigation_agent_crimson_light:2142,mass_navigation_agent_amber_light:2142,mass_navigation_agent_emerald_light:2142,mass_navigation_agent_health_text_heavy:1432,mass_navigation_agent_health_hud_heavy:1432",0,0,74,74/6,0.01,0.04,0.00,0.00,0.02,9.49,0.03,0.00,5.10,EffectProcessingLoopSystem:1.67,MapEntityLifecycleObserverSystem:0.65,MassNavigationAuthoredAgentBindingSystem:0.56,4.33,PresenterEntityTransformSyncSystem:1.10,PresenterEmitSystem:0.70,AnimatorRuntimeSystem:0.61,0.20,0,145,145,0,0,0.61,1.10,0.23,10009/0,0.00,0/0,0.46,10009,0.00,0.00/0.00/0.00/0.00,0.00/0.00/0.00,0.00/0.00/0.00/0.00/0.00/0.00,0.00/0.00/0.00/0.00/0.00,0.20,0.04,0.00,0.16,0.20,0.00,0.02,148,0,0,0.09,0.01,4/0,0.00,0,0,0,0,0.06,0.00,0.00,0.00,0,0.00,0.00,0,0,0/0,0.00,0,0,0.00,0,0,0.00,0,0,0.00,0.00,0,0,0,0.00,0.00,0.00,0.00,0.00,0.00,0.70,0.00,0,0.33,288,0,288/0/0,0.14,0.00,148,0,0,0,0,0,2026-09-09T18:26:48.7005971Z
9.57ms,104.5,0,74,30009,"mass_navigation_agent_health_text_light:8568,mass_navigation_agent_health_hud_light:8568,mass_navigation_agent_azure_light:2142,mass_navigation_agent_crimson_light:2142,mass_navigation_agent_amber_light:2142,mass_navigation_agent_emerald_light:2142,mass_navigation_agent_health_text_heavy:1432,mass_navigation_agent_health_hud_heavy:1432",0,0,74,74/6,0.01,0.04,0.00,0.00,0.02,9.03,0.04,0.00,4.56,EffectProcessingLoopSystem:2.25,MassNavigationAuthoredAgentBindingSystem:0.70,MapEntityLifecycleObserverSystem:0.58,4.38,PresenterEntityTransformSyncSystem:1.22,AnimatorRuntimeSystem:0.67,PresenterEmitSystem:0.63,0.22,0,179,179,0,0,0.66,1.22,0.19,10009/0,0.00,0/0,0.39,10009,0.00,0.00/0.00/0.00/0.00,0.00/0.00/0.00,0.00/0.00/0.00/0.00/0.00/0.00,0.00/0.00/0.00/0.00/0.00,0.19,0.04,0.00,0.15,0.19,0.00,0.02,148,0,0,0.09,0.01,4/0,0.00,0,0,0,0,0.06,0.00,0.00,0.00,0,0.00,0.00,0,0,0/0,0.00,0,0,0.00,0,0,0.00,0,0,0.00,0.00,0,0,0,0.00,0.00,0.00,0.00,0.00,0.00,0.63,0.00,0,0.29,356,0,356/0/0,0.15,0.00,148,0,0,0,0,0,2026-09-09T18:26:49.5974708Z
6.30ms,158.7,0,74,30009,"mass_navigation_agent_health_text_light:8568,mass_navigation_agent_health_hud_light:8568,mass_navigation_agent_azure_light:2142,mass_navigation_agent_crimson_light:2142,mass_navigation_agent_amber_light:2142,mass_navigation_agent_emerald_light:2142,mass_navigation_agent_health_text_heavy:1432,mass_navigation_agent_health_hud_heavy:1432",0,0,74,74/6,0.01,0.04,0.00,0.00,0.02,5.91,0.02,0.00,2.06,EffectProcessingLoopSystem:2.05,:0.00,:0.00,3.79,PresenterEntityTransformSyncSystem:1.14,AnimatorRuntimeSystem:0.59,TerrainHeightSyncSystem:0.46,0.00,0,0,0,0,0,0.59,1.14,0.25,10009/0,0.00,0/0,0.46,10009,0.00,0.00/0.00/0.00/0.00,0.00/0.00/0.00,0.00/0.00/0.00/0.00/0.00/0.00,0.00/0.00/0.00/0.00/0.00,0.25,0.04,0.00,0.20,0.25,0.00,0.02,148,0,0,0.08,0.01,4/0,0.00,0,0,0,0,0.05,0.00,0.00,0.00,0,0.00,0.00,0,0,0/0,0.00,0,0,0.00,0,0,0.00,0,0,0.00,0.00,0,0,0,0.00,0.00,0.00,0.00,0.00,0.00,0.36,0.00,0,0.00,0,0,0/0/0,0.10,0.00,148,0,0,0,0,0,2026-09-09T18:26:50.1005358Z
3.33ms,299.9,0,74,30009,"mass_navigation_agent_health_text_light:8568,mass_navigation_agent_health_hud_light:8568,mass_navigation_agent_azure_light:2142,mass_navigation_agent_crimson_light:2142,mass_navigation_agent_amber_light:2142,mass_navigation_agent_emerald_light:2142,mass_navigation_agent_health_text_heavy:1432,mass_navigation_agent_health_hud_heavy:1432",0,0,74,74/6,0.01,0.03,0.00,0.00,0.01,3.03,0.02,0.00,0.17,EffectProcessingLoopSystem:0.17,:0.00,:0.00,2.81,PresenterEntityTransformSyncSystem:0.75,AnimatorRuntimeSystem:0.55,TerrainHeightSyncSystem:0.37,0.00,0,0,0,0,0,0.55,0.75,0.21,10009/0,0.00,0/0,0.37,10009,0.00,0.00/0.00/0.00/0.00,0.00/0.00/0.00,0.00/0.00/0.00/0.00/0.00/0.00,0.00/0.00/0.00/0.00/0.00,0.17,0.02,0.00,0.14,0.17,0.00,0.01,148,0,0,0.07,0.01,4/0,0.00,0,0,0,0,0.04,0.00,0.00,0.00,0,0.00,0.00,0,0,0/0,0.00,0,0,0.00,0,0,0.00,0,0,0.00,0.00,0,0,0,0.00,0.00,0.00,0.00,0.00,0.00,0.28,0.00,0,0.00,0,0,0/0/0,0.08,0.00,148,0,0,0,0,0,2026-09-09T18:26:50.5694116Z
4.83ms,207.1,0,74,30009,"mass_navigation_agent_health_text_light:8568,mass_navigation_agent_health_hud_light:8568,mass_navigation_agent_azure_light:2142,mass_navigation_agent_crimson_light:2142,mass_navigation_agent_amber_light:2142,mass_navigation_agent_emerald_light:2142,mass_navigation_agent_health_text_heavy:1432,mass_navigation_agent_health_hud_heavy:1432",0,0,74,74/6,0.01,0.04,0.00,0.00,0.02,4.31,0.03,0.00,0.22,EffectProcessingLoopSystem:0.22,:0.00,:0.00,4.01,PresenterEntityTransformSyncSystem:1.46,AnimatorRuntimeSystem:0.69,PresenterEmitSystem:0.39,0.01,0,0,0,0,0,0.69,1.46,0.29,10009/0,0.00,0/0,0.37,10009,0.00,0.00/0.00/0.00/0.00,0.00/0.00/0.00,0.00/0.00/0.00/0.00/0.00/0.00,0.00/0.00/0.00/0.00/0.00,0.19,0.03,0.00,0.15,0.19,0.00,0.02,148,0,0,0.08,0.01,4/0,0.00,0,0,0,0,0.05,0.00,0.00,0.00,0,0.00,0.00,0,0,0/0,0.00,0,0,0.00,0,0,0.00,0,0,0.00,0.00,0,0,0,0.00,0.00,0.00,0.00,0.00,0.00,0.39,0.00,0,0.00,0,0,0/0/0,0.17,0.00,148,0,0,0,0,0,2026-09-09T18:26:51.0582766Z
10.81ms,92.5,0,74,30009,"mass_navigation_agent_health_text_light:8568,mass_navigation_agent_health_hud_light:8568,mass_navigation_agent_azure_light:2142,mass_navigation_agent_crimson_light:2142,mass_navigation_agent_amber_light:2142,mass_navigation_agent_emerald_light:2142,mass_navigation_agent_health_text_heavy:1432,mass_navigation_agent_health_hud_heavy:1432",0,0,74,74/6,0.01,0.04,0.00,0.00,0.01,10.39,0.03,0.00,6.36,EffectProcessingLoopSystem:1.59,MassNavigationSimulationStepSystem:1.33,MapEntityLifecycleObserverSystem:0.67,3.99,PresenterEntityTransformSyncSystem:1.02,PresenterEmitSystem:0.63,AnimatorRuntimeSystem:0.57,0.19,0,163,163,0,0,0.57,1.02,0.19,10009/0,0.00,0/0,0.41,10009,0.00,0.00/0.00/0.00/0.00,0.00/0.00/0.00,0.00/0.00/0.00/0.00/0.00/0.00,0.00/0.00/0.00/0.00/0.00,0.19,0.03,0.00,0.15,0.19,0.00,0.02,148,0,0,0.08,0.01,4/0,0.00,0,0,0,0,0.06,0.00,0.00,0.00,0,0.00,0.00,0,0,0/0,0.00,0,0,0.00,0,0,0.00,0,0,0.00,0.00,0,0,0,0.00,0.00,0.00,0.00,0.00,0.00,0.63,0.00,0,0.28,324,0,324/0/0,0.09,0.00,148,0,0,0,0,0,2026-09-09T18:26:51.5526348Z
11.52ms,86.8,0,74,30009,"mass_navigation_agent_health_text_light:8568,mass_navigation_agent_health_hud_light:8568,mass_navigation_agent_azure_light:2142,mass_navigation_agent_crimson_light:2142,mass_navigation_agent_amber_light:2142,mass_navigation_agent_emerald_light:2142,mass_navigation_agent_health_text_heavy:1432,mass_navigation_agent_health_hud_heavy:1432",0,0,74,74/6,0.01,0.04,0.00,0.00,0.02,11.06,0.03,0.00,6.70,MassNavigationSimulationStepSystem:1.91,EffectProcessingLoopSystem:1.65,MapEntityLifecycleObserverSystem:0.58,4.30,PresenterEntityTransformSyncSystem:1.18,AnimatorRuntimeSystem:0.61,PresenterEmitSystem:0.56,0.22,0,147,147,0,0,0.61,1.18,0.23,10009/0,0.00,0/0,0.42,10009,0.00,0.00/0.00/0.00/0.00,0.00/0.00/0.00,0.00/0.00/0.00/0.00/0.00/0.00,0.00/0.00/0.00/0.00/0.00,0.27,0.05,0.00,0.21,0.26,0.00,0.02,148,0,0,0.08,0.01,4/0,0.00,0,0,0,0,0.05,0.00,0.00,0.00,0,0.00,0.00,0,0,0/0,0.00,0,0,0.00,0,0,0.00,0,0,0.00,0.00,0,0,0,0.00,0.00,0.00,0.00,0.00,0.00,0.56,0.00,0,0.25,292,0,292/0/0,0.12,0.00,148,0,0,0,0,0,2026-09-09T18:26:52.0270503Z
18.65ms,53.6,0,74,30009,"mass_navigation_agent_health_text_light:8568,mass_navigation_agent_health_hud_light:8568,mass_navigation_agent_azure_light:2142,mass_navigation_agent_crimson_light:2142,mass_navigation_agent_amber_light:2142,mass_navigation_agent_emerald_light:2142,mass_navigation_agent_health_text_heavy:1432,mass_navigation_agent_health_hud_heavy:1432",0,0,74,74/6,0.01,0.04,0.00,0.00,0.01,18.02,0.04,0.00,13.51,MassNavigationSimulationStepSystem:8.32,EffectProcessingLoopSystem:1.64,AttributeAggregatorSystem:0.65,4.47,PresenterEntityTransformSyncSystem:1.29,PresenterEmitSystem:0.67,AnimatorRuntimeSystem:0.57,0.23,0,167,167,0,0,0.57,1.29,0.21,10009/0,0.00,0/0,0.39,10009,0.00,0.00/0.00/0.00/0.00,0.00/0.00/0.00,0.00/0.00/0.00/0.00/0.00/0.00,0.00/0.00/0.00/0.00/0.00,0.21,0.04,0.00,0.16,0.21,0.00,0.02,148,0,0,0.09,0.01,4/0,0.00,0,0,0,0,0.06,0.00,0.00,0.00,0,0.00,0.00,0,0,0/0,0.00,0,0,0.00,0,0,0.00,0,0,0.00,0.00,0,0,0,0.00,0.00,0.00,0.00,0.00,0.00,0.67,0.00,0,0.30,332,0,332/0/0,0.17,0.00,148,0,0,0,0,0,2026-09-09T18:26:52.5038267Z
3.29ms,304.3,0,74,30009,"mass_navigation_agent_health_text_light:8568,mass_navigation_agent_health_hud_light:8568,mass_navigation_agent_azure_light:2142,mass_navigation_agent_crimson_light:2142,mass_navigation_agent_amber_light:2142,mass_navigation_agent_emerald_light:2142,mass_navigation_agent_health_text_heavy:1432,mass_navigation_agent_health_hud_heavy:1432",0,0,74,74/6,0.01,0.03,0.00,0.00,0.02,3.00,0.02,0.00,0.17,EffectProcessingLoopSystem:0.17,:0.00,:0.00,2.77,PresenterEntityTransformSyncSystem:0.71,AnimatorRuntimeSystem:0.53,TerrainHeightSyncSystem:0.36,0.00,0,0,0,0,0,0.53,0.71,0.20,10009/0,0.00,0/0,0.36,10009,0.00,0.00/0.00/0.00/0.00,0.00/0.00/0.00,0.00/0.00/0.00/0.00/0.00/0.00,0.00/0.00/0.00/0.00/0.00,0.15,0.02,0.00,0.12,0.15,0.00,0.01,148,0,0,0.06,0.01,4/0,0.00,0,0,0,0,0.05,0.00,0.00,0.00,0,0.00,0.00,0,0,0/0,0.00,0,0,0.00,0,0,0.00,0,0,0.00,0.00,0,0,0,0.00,0.00,0.00,0.00,0.00,0.00,0.35,0.00,0,0.00,0,0,0/0/0,0.06,0.00,148,0,0,0,0,0,2026-09-09T18:26:52.9548577Z
4.14ms,241.8,0,74,30009,"mass_navigation_agent_health_text_light:8568,mass_navigation_agent_health_hud_light:8568,mass_navigation_agent_azure_light:2142,mass_navigation_agent_crimson_light:2142,mass_navigation_agent_amber_light:2142,mass_navigation_agent_emerald_light:2142,mass_navigation_agent_health_text_heavy:1432,mass_navigation_agent_health_hud_heavy:1432",0,0,74,74/6,0.01,0.04,0.00,0.00,0.02,3.69,0.09,0.00,0.18,EffectProcessingLoopSystem:0.18,:0.00,:0.00,3.44,PresenterEntityTransformSyncSystem:0.91,AnimatorRuntimeSystem:0.66,TerrainHeightSyncSystem:0.44,0.00,0,0,0,0,0,0.66,0.91,0.22,10009/0,0.00,0/0,0.44,10009,0.00,0.00/0.00/0.00/0.00,0.00/0.00/0.00,0.00/0.00/0.00/0.00/0.00/0.00,0.00/0.00/0.00/0.00/0.00,0.30,0.04,0.00,0.25,0.29,0.00,0.08,148,0,0,0.08,0.01,4/0,0.00,0,0,0,0,0.05,0.00,0.00,0.00,0,0.00,0.00,0,0,0/0,0.00,0,0,0.00,0,0,0.00,0,0,0.00,0.00,0,0,0,0.00,0.00,0.00,0.00,0.00,0.00,0.34,0.00,0,0.00,0,0,0/0/0,0.09,0.00,148,0,0,0,0,0,2026-09-09T18:26:53.4374792Z
7.18ms,139.2,0,74,30009,"mass_navigation_agent_health_text_light:8568,mass_navigation_agent_health_hud_light:8568,mass_navigation_agent_azure_light:2142,mass_navigation_agent_crimson_light:2142,mass_navigation_agent_amber_light:2142,mass_navigation_agent_emerald_light:2142,mass_navigation_agent_health_text_heavy:1432,mass_navigation_agent_health_hud_heavy:1432",0,0,74,74/6,0.01,0.04,0.00,0.00,0.02,6.78,0.03,0.00,2.82,MassNavigationSimulationStepSystem:1.45,EffectProcessingLoopSystem:0.34,OrderBufferSystem:0.19,3.90,PresenterEntityTransformSyncSystem:1.18,AnimatorRuntimeSystem:0.63,TerrainHeightSyncSystem:0.49,0.00,0,0,0,0,0,0.63,1.18,0.22,10009/0,0.00,0/0,0.49,10009,0.00,0.00/0.00/0.00/0.00,0.00/0.00/0.00,0.00/0.00/0.00/0.00/0.00/0.00,0.00/0.00/0.00/0.00/0.00,0.24,0.04,0.00,0.19,0.23,0.00,0.02,148,0,0,0.08,0.01,4/0,0.00,0,0,0,0,0.05,0.00,0.00,0.00,0,0.00,0.00,0,0,0/0,0.00,0,0,0.00,0,0,0.00,0,0,0.00,0.00,0,0,0,0.00,0.00,0.00,0.00,0.00,0.00,0.40,0.00,0,0.00,0,0,0/0/0,0.09,0.00,148,0,0,0,0,0,2026-09-09T18:26:53.9170427Z
9.44ms,105.9,0,74,30009,"mass_navigation_agent_health_text_light:8568,mass_navigation_agent_health_hud_light:8568,mass_navigation_agent_azure_light:2142,mass_navigation_agent_crimson_light:2142,mass_navigation_agent_amber_light:2142,mass_navigation_agent_emerald_light:2142,mass_navigation_agent_health_text_heavy:1432,mass_navigation_agent_health_hud_heavy:1432",0,0,74,74/6,0.01,0.04,0.00,0.00,0.02,8.94,0.03,0.00,4.88,EffectProcessingLoopSystem:1.66,MapEntityLifecycleObserverSystem:0.61,MassNavigationAuthoredAgentBindingSystem:0.57,4.01,PresenterEntityTransformSyncSystem:1.06,PresenterEmitSystem:0.64,AnimatorRuntimeSystem:0.53,0.22,0,164,164,0,0,0.53,1.06,0.24,10009/0,0.00,0/0,0.38,10009,0.00,0.00/0.00/0.00/0.00,0.00/0.00/0.00,0.00/0.00/0.00/0.00/0.00/0.00,0.00/0.00/0.00/0.00/0.00,0.19,0.03,0.00,0.15,0.18,0.00,0.02,148,0,0,0.09,0.01,4/0,0.00,0,0,0,0,0.06,0.00,0.00,0.00,0,0.00,0.00,0,0,0/0,0.00,0,0,0.00,0,0,0.00,0,0,0.00,0.00,0,0,0,0.00,0.00,0.00,0.00,0.00,0.00,0.64,0.00,0,0.29,326,0,326/0/0,0.14,0.00,148,0,0,0,0,0,2026-09-09T18:26:54.3979730Z
17.67ms,56.6,0,74,30009,"mass_navigation_agent_health_text_light:8568,mass_navigation_agent_health_hud_light:8568,mass_navigation_agent_azure_light:2142,mass_navigation_agent_crimson_light:2142,mass_navigation_agent_amber_light:2142,mass_navigation_agent_emerald_light:2142,mass_navigation_agent_health_text_heavy:1432,mass_navigation_agent_health_hud_heavy:1432",0,0,74,74/6,0.01,0.03,0.00,0.00,0.01,17.30,0.03,0.00,12.84,MassNavigationSimulationStepSystem:8.12,EffectProcessingLoopSystem:1.55,MapEntityLifecycleObserverSystem:0.60,4.42,PresenterEntityTransformSyncSystem:1.31,PresenterEmitSystem:0.65,AnimatorRuntimeSystem:0.58,0.23,0,152,152,0,0,0.58,1.31,0.22,10009/0,0.00,0/0,0.40,10009,0.00,0.00/0.00/0.00/0.00,0.00/0.00/0.00,0.00/0.00/0.00/0.00/0.00/0.00,0.00/0.00/0.00/0.00/0.00,0.20,0.03,0.00,0.15,0.19,0.00,0.02,148,0,0,0.07,0.01,4/0,0.00,0,0,0,0,0.05,0.00,0.00,0.00,0,0.00,0.00,0,0,0/0,0.00,0,0,0.00,0,0,0.00,0,0,0.00,0.00,0,0,0,0.00,0.00,0.00,0.00,0.00,0.00,0.65,0.00,0,0.27,302,0,302/0/0,0.08,0.00,148,0,0,0,0,0,2026-09-09T18:26:54.8662649Z
4.40ms,227.5,0,74,30009,"mass_navigation_agent_health_text_light:8568,mass_navigation_agent_health_hud_light:8568,mass_navigation_agent_azure_light:2142,mass_navigation_agent_crimson_light:2142,mass_navigation_agent_amber_light:2142,mass_navigation_agent_emerald_light:2142,mass_navigation_agent_health_text_heavy:1432,mass_navigation_agent_health_hud_heavy:1432",0,0,74,74/6,0.01,0.04,0.00,0.00,0.03,3.87,0.04,0.00,0.18,EffectProcessingLoopSystem:0.18,:0.00,:0.00,3.61,PresenterEntityTransformSyncSystem:1.09,AnimatorRuntimeSystem:0.71,PresenterEmitSystem:0.42,0.00,0,0,0,0,0,0.71,1.09,0.22,10009/0,0.00,0/0,0.37,10009,0.00,0.00/0.00/0.00/0.00,0.00/0.00/0.00,0.00/0.00/0.00/0.00/0.00/0.00,0.00/0.00/0.00/0.00/0.00,0.19,0.03,0.00,0.15,0.19,0.00,0.02,148,0,0,0.10,0.01,4/0,0.00,0,0,0,0,0.06,0.00,0.00,0.00,0,0.00,0.00,0,0,0/0,0.00,0,0,0.00,0,0,0.00,0,0,0.00,0.00,0,0,0,0.00,0.00,0.00,0.00,0.00,0.00,0.41,0.00,0,0.00,0,0,0/0/0,0.11,0.00,148,0,0,0,0,0,2026-09-09T18:26:55.3110975Z
3.71ms,269.7,0,74,30009,"mass_navigation_agent_health_text_light:8568,mass_navigation_agent_health_hud_light:8568,mass_navigation_agent_azure_light:2142,mass_navigation_agent_crimson_light:2142,mass_navigation_agent_amber_light:2142,mass_navigation_agent_emerald_light:2142,mass_navigation_agent_health_text_heavy:1432,mass_navigation_agent_health_hud_heavy:1432",0,0,74,74/6,0.01,0.04,0.00,0.00,0.02,3.35,0.02,0.00,0.18,EffectProcessingLoopSystem:0.17,:0.00,:0.00,3.10,PresenterEntityTransformSyncSystem:0.85,AnimatorRuntimeSystem:0.64,TerrainHeightSyncSystem:0.37,0.00,0,0,0,0,0,0.64,0.85,0.19,10009/0,0.00,0/0,0.37,10009,0.00,0.00/0.00/0.00/0.00,0.00/0.00/0.00,0.00/0.00/0.00/0.00/0.00/0.00,0.00/0.00/0.00/0.00/0.00,0.17,0.03,0.00,0.14,0.17,0.00,0.01,148,0,0,0.08,0.01,4/0,0.00,0,0,0,0,0.05,0.00,0.00,0.00,0,0.00,0.00,0,0,0/0,0.00,0,0,0.00,0,0,0.00,0,0,0.00,0.00,0,0,0,0.00,0.00,0.00,0.00,0.00,0.00,0.35,0.00,0,0.00,0,0,0/0/0,0.07,0.00,148,0,0,0,0,0,2026-09-09T18:26:55.7793219Z
8.91ms,112.2,0,74,30009,"mass_navigation_agent_health_text_light:8568,mass_navigation_agent_health_hud_light:8568,mass_navigation_agent_azure_light:2142,mass_navigation_agent_crimson_light:2142,mass_navigation_agent_amber_light:2142,mass_navigation_agent_emerald_light:2142,mass_navigation_agent_health_text_heavy:1432,mass_navigation_agent_health_hud_heavy:1432",0,0,74,74/6,0.01,0.03,0.00,0.00,0.02,8.55,0.03,0.00,4.45,EffectProcessingLoopSystem:1.98,AttributeAggregatorSystem:0.70,MapEntityLifecycleObserverSystem:0.64,4.05,PresenterEntityTransformSyncSystem:1.00,PresenterEmitSystem:0.69,AnimatorRuntimeSystem:0.53,0.23,0,183,183,0,0,0.53,1.00,0.23,10009/0,0.00,0/0,0.40,10009,0.00,0.00/0.00/0.00/0.00,0.00/0.00/0.00,0.00/0.00/0.00/0.00/0.00/0.00,0.00/0.00/0.00/0.00/0.00,0.22,0.03,0.00,0.18,0.22,0.00,0.02,148,0,0,0.07,0.01,4/0,0.00,0,0,0,0,0.04,0.00,0.00,0.00,0,0.00,0.00,0,0,0/0,0.00,0,0,0.00,0,0,0.00,0,0,0.00,0.00,0,0,0,0.00,0.00,0.00,0.00,0.00,0.00,0.69,0.00,0,0.31,364,0,364/0/0,0.08,0.00,148,0,0,0,0,0,2026-09-09T18:26:56.2484739Z
4.08ms,244.9,0,74,30009,"mass_navigation_agent_health_text_light:8568,mass_navigation_agent_health_hud_light:8568,mass_navigation_agent_azure_light:2142,mass_navigation_agent_crimson_light:2142,mass_navigation_agent_amber_light:2142,mass_navigation_agent_emerald_light:2142,mass_navigation_agent_health_text_heavy:1432,mass_navigation_agent_health_hud_heavy:1432",0,0,74,74/6,0.01,0.04,0.00,0.00,0.02,3.62,0.03,0.00,0.20,EffectProcessingLoopSystem:0.20,:0.00,:0.00,3.36,PresenterEntityTransformSyncSystem:0.93,AnimatorRuntimeSystem:0.68,TerrainHeightSyncSystem:0.40,0.00,0,0,0,0,0,0.68,0.93,0.21,10009/0,0.00,0/0,0.40,10009,0.00,0.00/0.00/0.00/0.00,0.00/0.00/0.00,0.00/0.00/0.00/0.00/0.00/0.00,0.00/0.00/0.00/0.00/0.00,0.20,0.04,0.00,0.15,0.20,0.00,0.02,148,0,0,0.08,0.01,4/0,0.00,0,0,0,0,0.05,0.00,0.00,0.00,0,0.00,0.00,0,0,0/0,0.00,0,0,0.00,0,0,0.00,0,0,0.00,0.00,0,0,0,0.00,0.00,0.00,0.00,0.00,0.00,0.38,0.00,0,0.00,0,0,0/0/0,0.13,0.00,148,0,0,0,0,0,2026-09-09T18:26:56.7099614Z
11.35ms,88.1,0,74,30009,"mass_navigation_agent_health_text_light:8568,mass_navigation_agent_health_hud_light:8568,mass_navigation_agent_azure_light:2142,mass_navigation_agent_crimson_light:2142,mass_navigation_agent_amber_light:2142,mass_navigation_agent_emerald_light:2142,mass_navigation_agent_health_text_heavy:1432,mass_navigation_agent_health_hud_heavy:1432",0,0,74,74/6,0.01,0.03,0.00,0.00,0.01,10.96,0.03,0.00,6.93,EffectProcessingLoopSystem:1.78,MassNavigationSimulationStepSystem:1.71,MapEntityLifecycleObserverSystem:0.62,3.98,PresenterEntityTransformSyncSystem:1.02,PresenterEmitSystem:0.60,AnimatorRuntimeSystem:0.57,0.18,0,151,151,0,0,0.57,1.02,0.19,10009/0,0.00,0/0,0.43,10009,0.00,0.00/0.00/0.00/0.00,0.00/0.00/0.00,0.00/0.00/0.00/0.00/0.00/0.00,0.00/0.00/0.00/0.00/0.00,0.21,0.03,0.00,0.17,0.21,0.00,0.02,148,0,0,0.07,0.01,4/0,0.00,0,0,0,0,0.05,0.00,0.00,0.00,0,0.00,0.00,0,0,0/0,0.00,0,0,0.00,0,0,0.00,0,0,0.00,0.00,0,0,0,0.00,0.00,0.00,0.00,0.00,0.00,0.59,0.00,0,0.26,300,0,300/0/0,0.10,0.00,148,0,0,0,0,0,2026-09-09T18:26:57.1904643Z
3.62ms,275.9,0,74,30009,"mass_navigation_agent_health_text_light:8568,mass_navigation_agent_health_hud_light:8568,mass_navigation_agent_azure_light:2142,mass_navigation_agent_crimson_light:2142,mass_navigation_agent_amber_light:2142,mass_navigation_agent_emerald_light:2142,mass_navigation_agent_health_text_heavy:1432,mass_navigation_agent_health_hud_heavy:1432",0,0,74,74/6,0.01,0.03,0.00,0.00,0.02,3.25,0.02,0.00,0.18,EffectProcessingLoopSystem:0.17,:0.00,:0.00,3.01,PresenterEntityTransformSyncSystem:0.82,AnimatorRuntimeSystem:0.58,TerrainHeightSyncSystem:0.38,0.00,0,0,0,0,0,0.58,0.82,0.21,10009/0,0.00,0/0,0.38,10009,0.00,0.00/0.00/0.00/0.00,0.00/0.00/0.00,0.00/0.00/0.00/0.00/0.00/0.00,0.00/0.00/0.00/0.00/0.00,0.16,0.02,0.00,0.13,0.16,0.00,0.01,148,0,0,0.08,0.01,4/0,0.00,0,0,0,0,0.05,0.00,0.00,0.00,0,0.00,0.00,0,0,0/0,0.00,0,0,0.00,0,0,0.00,0,0,0.00,0.00,0,0,0,0.00,0.00,0.00,0.00,0.00,0.00,0.35,0.00,0,0.00,0,0,0/0/0,0.09,0.00,148,0,0,0,0,0,2026-09-09T18:26:57.6641869Z
8.55ms,117.0,0,74,30009,"mass_navigation_agent_health_text_light:8568,mass_navigation_agent_health_hud_light:8568,mass_navigation_agent_azure_light:2142,mass_navigation_agent_crimson_light:2142,mass_navigation_agent_amber_light:2142,mass_navigation_agent_emerald_light:2142,mass_navigation_agent_health_text_heavy:1432,mass_navigation_agent_health_hud_heavy:1432",0,0,74,74/6,0.01,0.03,0.00,0.00,0.01,8.15,0.02,0.00,4.08,EffectProcessingLoopSystem:1.83,MapEntityLifecycleObserverSystem:0.61,AttributeAggregatorSystem:0.59,4.03,PresenterEntityTransformSyncSystem:1.02,PresenterEmitSystem:0.59,AnimatorRuntimeSystem:0.59,0.21,0,186,186,0,0,0.58,1.02,0.25,10009/0,0.00,0/0,0.42,10009,0.00,0.00/0.00/0.00/0.00,0.00/0.00/0.00,0.00/0.00/0.00/0.00/0.00/0.00,0.00/0.00/0.00/0.00/0.00,0.18,0.03,0.00,0.14,0.18,0.00,0.01,148,0,0,0.07,0.01,4/0,0.00,0,0,0,0,0.05,0.00,0.00,0.00,0,0.00,0.00,0,0,0/0,0.00,0,0,0.00,0,0,0.00,0,0,0.00,0.00,0,0,0,0.00,0.00,0.00,0.00,0.00,0.00,0.59,0.00,0,0.28,370,0,370/0/0,0.11,0.00,148,0,0,0,0,0,2026-09-09T18:26:58.1455087Z
6.52ms,153.3,0,74,30009,"mass_navigation_agent_health_text_light:8568,mass_navigation_agent_health_hud_light:8568,mass_navigation_agent_azure_light:2142,mass_navigation_agent_crimson_light:2142,mass_navigation_agent_amber_light:2142,mass_navigation_agent_emerald_light:2142,mass_navigation_agent_health_text_heavy:1432,mass_navigation_agent_health_hud_heavy:1432",0,0,74,74/6,0.01,0.04,0.00,0.00,0.01,6.19,0.03,0.00,2.67,MassNavigationSimulationStepSystem:1.54,EffectProcessingLoopSystem:0.28,OrderBufferSystem:0.17,3.49,PresenterEntityTransformSyncSystem:1.04,AnimatorRuntimeSystem:0.60,TerrainHeightSyncSystem:0.42,0.00,0,0,0,0,0,0.60,1.04,0.18,10009/0,0.00,0/0,0.42,10009,0.00,0.00/0.00/0.00/0.00,0.00/0.00/0.00,0.00/0.00/0.00/0.00/0.00/0.00,0.00/0.00/0.00/0.00/0.00,0.24,0.03,0.00,0.19,0.23,0.00,0.02,148,0,0,0.07,0.01,4/0,0.00,0,0,0,0,0.05,0.00,0.00,0.00,0,0.00,0.00,0,0,0/0,0.00,0,0,0.00,0,0,0.00,0,0,0.00,0.00,0,0,0,0.00,0.00,0.00,0.00,0.00,0.00,0.37,0.00,0,0.00,0,0,0/0/0,0.08,0.00,148,0,0,0,0,0,2026-09-09T18:26:58.5958053Z
9.69ms,103.2,0,74,30009,"mass_navigation_agent_health_text_light:8568,mass_navigation_agent_health_hud_light:8568,mass_navigation_agent_azure_light:2142,mass_navigation_agent_crimson_light:2142,mass_navigation_agent_amber_light:2142,mass_navigation_agent_emerald_light:2142,mass_navigation_agent_health_text_heavy:1432,mass_navigation_agent_health_hud_heavy:1432",0,0,74,74/6,0.01,0.05,0.00,0.00,0.01,9.18,0.04,0.00,4.76,EffectProcessingLoopSystem:2.11,AttributeAggregatorSystem:0.73,MapEntityLifecycleObserverSystem:0.66,4.37,PresenterEntityTransformSyncSystem:1.19,PresenterEmitSystem:0.63,AnimatorRuntimeSystem:0.61,0.26,0,168,168,0,0,0.61,1.19,0.25,10009/0,0.00,0/0,0.42,10009,0.00,0.00/0.00/0.00/0.00,0.00/0.00/0.00,0.00/0.00/0.00/0.00/0.00/0.00,0.00/0.00/0.00/0.00/0.00,0.20,0.03,0.00,0.16,0.20,0.00,0.02,148,0,0,0.10,0.01,4/0,0.00,0,0,0,0,0.07,0.00,0.00,0.00,0,0.00,0.00,0,0,0/0,0.00,0,0,0.00,0,0,0.00,0,0,0.00,0.00,0,0,0,0.00,0.00,0.00,0.00,0.00,0.00,0.63,0.00,0,0.28,334,0,334/0/0,0.13,0.00,148,0,0,0,0,0,2026-09-09T18:26:59.0822437Z
11.34ms,88.2,0,74,30009,"mass_navigation_agent_health_text_light:8568,mass_navigation_agent_health_hud_light:8568,mass_navigation_agent_azure_light:2142,mass_navigation_agent_crimson_light:2142,mass_navigation_agent_amber_light:2142,mass_navigation_agent_emerald_light:2142,mass_navigation_agent_health_text_heavy:1432,mass_navigation_agent_health_hud_heavy:1432",0,0,74,74/6,0.01,0.04,0.00,0.00,0.01,10.93,0.03,0.00,6.90,MassNavigationSimulationStepSystem:1.98,EffectProcessingLoopSystem:1.71,MapEntityLifecycleObserverSystem:0.61,3.99,PresenterEntityTransformSyncSystem:1.00,PresenterEmitSystem:0.68,AnimatorRuntimeSystem:0.55,0.23,0,178,178,0,0,0.55,1.00,0.22,10009/0,0.00,0/0,0.42,10009,0.00,0.00/0.00/0.00/0.00,0.00/0.00/0.00,0.00/0.00/0.00/0.00/0.00/0.00,0.00/0.00/0.00/0.00/0.00,0.18,0.03,0.00,0.15,0.18,0.00,0.02,148,0,0,0.08,0.01,4/0,0.00,0,0,0,0,0.05,0.00,0.00,0.00,0,0.00,0.00,0,0,0/0,0.00,0,0,0.00,0,0,0.00,0,0,0.00,0.00,0,0,0,0.00,0.00,0.00,0.00,0.00,0.00,0.68,0.00,0,0.32,354,0,354/0/0,0.10,0.00,148,0,0,0,0,0,2026-09-09T18:26:59.5384683Z
3.84ms,260.6,0,74,30009,"mass_navigation_agent_health_text_light:8568,mass_navigation_agent_health_hud_light:8568,mass_navigation_agent_azure_light:2142,mass_navigation_agent_crimson_light:2142,mass_navigation_agent_amber_light:2142,mass_navigation_agent_emerald_light:2142,mass_navigation_agent_health_text_heavy:1432,mass_navigation_agent_health_hud_heavy:1432",0,0,74,74/6,0.01,0.05,0.00,0.00,0.02,3.24,0.04,0.00,0.17,EffectProcessingLoopSystem:0.17,:0.00,:0.00,3.00,PresenterEntityTransformSyncSystem:0.67,AnimatorRuntimeSystem:0.65,PresenterEmitSystem:0.47,0.00,0,0,0,0,0,0.65,0.67,0.24,10009/0,0.00,0/0,0.36,10009,0.00,0.00/0.00/0.00/0.00,0.00/0.00/0.00,0.00/0.00/0.00/0.00/0.00/0.00,0.00/0.00/0.00/0.00/0.00,0.15,0.02,0.00,0.12,0.14,0.00,0.03,148,0,0,0.12,0.02,4/0,0.00,0,0,0,0,0.07,0.00,0.00,0.00,0,0.00,0.00,0,0,0/0,0.00,0,0,0.00,0,0,0.00,0,0,0.00,0.00,0,0,0,0.00,0.00,0.00,0.00,0.00,0.00,0.47,0.00,0,0.00,0,0,0/0/0,0.12,0.00,148,0,0,0,0,0,2026-09-09T18:27:00.0124910Z
3.52ms,284.4,0,74,30009,"mass_navigation_agent_health_text_light:8568,mass_navigation_agent_health_hud_light:8568,mass_navigation_agent_azure_light:2142,mass_navigation_agent_crimson_light:2142,mass_navigation_agent_amber_light:2142,mass_navigation_agent_emerald_light:2142,mass_navigation_agent_health_text_heavy:1432,mass_navigation_agent_health_hud_heavy:1432",0,0,74,74/6,0.01,0.04,0.00,0.00,0.02,3.10,0.02,0.00,0.18,EffectProcessingLoopSystem:0.18,:0.00,:0.00,2.86,PresenterEntityTransformSyncSystem:0.75,AnimatorRuntimeSystem:0.58,TerrainHeightSyncSystem:0.37,0.00,0,0,0,0,0,0.58,0.75,0.20,10009/0,0.00,0/0,0.36,10009,0.00,0.00/0.00/0.00/0.00,0.00/0.00/0.00,0.00/0.00/0.00/0.00/0.00/0.00,0.00/0.00/0.00/0.00/0.00,0.18,0.02,0.00,0.15,0.17,0.00,0.01,148,0,0,0.08,0.01,4/0,0.00,0,0,0,0,0.05,0.00,0.00,0.00,0,0.00,0.00,0,0,0/0,0.00,0,0,0.00,0,0,0.00,0,0,0.00,0.00,0,0,0,0.00,0.00,0.00,0.00,0.00,0.00,0.33,0.00,0,0.00,0,0,0/0/0,0.13,0.00,148,0,0,0,0,0,2026-09-09T18:27:00.4806854Z
3.55ms,281.4,0,74,30009,"mass_navigation_agent_health_text_light:8568,mass_navigation_agent_health_hud_light:8568,mass_navigation_agent_azure_light:2142,mass_navigation_agent_crimson_light:2142,mass_navigation_agent_amber_light:2142,mass_navigation_agent_emerald_light:2142,mass_navigation_agent_health_text_heavy:1432,mass_navigation_agent_health_hud_heavy:1432",0,0,74,74/6,0.01,0.03,0.00,0.00,0.02,3.15,0.02,0.00,0.17,EffectProcessingLoopSystem:0.17,:0.00,:0.00,2.91,PresenterEntityTransformSyncSystem:0.72,AnimatorRuntimeSystem:0.57,PresenterEmitSystem:0.43,0.00,0,0,0,0,0,0.57,0.72,0.19,10009/0,0.00,0/0,0.37,10009,0.00,0.00/0.00/0.00/0.00,0.00/0.00/0.00,0.00/0.00/0.00/0.00/0.00/0.00,0.00/0.00/0.00/0.00/0.00,0.15,0.03,0.00,0.12,0.15,0.00,0.01,148,0,0,0.07,0.01,4/0,0.00,0,0,0,0,0.05,0.00,0.00,0.00,0,0.00,0.00,0,0,0/0,0.00,0,0,0.00,0,0,0.00,0,0,0.00,0.00,0,0,0,0.00,0.00,0.00,0.00,0.00,0.00,0.43,0.00,0,0.00,0,0,0/0/0,0.11,0.00,148,0,0,0,0,0,2026-09-09T18:27:00.9396476Z
11.41ms,87.6,0,74,30009,"mass_navigation_agent_health_text_light:8568,mass_navigation_agent_health_hud_light:8568,mass_navigation_agent_azure_light:2142,mass_navigation_agent_crimson_light:2142,mass_navigation_agent_amber_light:2142,mass_navigation_agent_emerald_light:2142,mass_navigation_agent_health_text_heavy:1432,mass_navigation_agent_health_hud_heavy:1432",0,0,74,74/6,0.01,0.04,0.00,0.00,0.01,10.92,0.04,0.00,6.30,EffectProcessingLoopSystem:1.60,MassNavigationSimulationStepSystem:1.45,MapEntityLifecycleObserverSystem:0.60,4.58,PresenterEntityTransformSyncSystem:1.30,PresenterEmitSystem:0.67,AnimatorRuntimeSystem:0.60,0.25,0,166,166,0,0,0.60,1.30,0.21,10009/0,0.00,0/0,0.45,10009,0.00,0.00/0.00/0.00/0.00,0.00/0.00/0.00,0.00/0.00/0.00/0.00/0.00/0.00,0.00/0.00/0.00/0.00/0.00,0.22,0.04,0.00,0.18,0.22,0.00,0.02,148,0,0,0.09,0.01,4/0,0.00,0,0,0,0,0.05,0.00,0.00,0.00,0,0.00,0.00,0,0,0/0,0.00,0,0,0.00,0,0,0.00,0,0,0.00,0.00,0,0,0,0.00,0.00,0.00,0.00,0.00,0.00,0.67,0.00,0,0.29,330,0,330/0/0,0.13,0.00,148,0,0,0,0,0,2026-09-09T18:27:01.4083141Z
4.31ms,232.0,0,74,30009,"mass_navigation_agent_health_text_light:8568,mass_navigation_agent_health_hud_light:8568,mass_navigation_agent_azure_light:2142,mass_navigation_agent_crimson_light:2142,mass_navigation_agent_amber_light:2142,mass_navigation_agent_emerald_light:2142,mass_navigation_agent_health_text_heavy:1432,mass_navigation_agent_health_hud_heavy:1432",0,0,74,74/6,0.01,0.04,0.00,0.00,0.01,3.93,0.02,0.00,1.00,EffectProcessingLoopSystem:0.24,OrderBufferSystem:0.14,SpatialPartitionUpdateSystem:0.13,2.89,PresenterEntityTransformSyncSystem:0.81,AnimatorRuntimeSystem:0.57,PresenterEmitSystem:0.33,0.00,0,0,0,0,0,0.57,0.81,0.21,10009/0,0.00,0/0,0.33,10009,0.00,0.00/0.00/0.00/0.00,0.00/0.00/0.00,0.00/0.00/0.00/0.00/0.00/0.00,0.00/0.00/0.00/0.00/0.00,0.16,0.03,0.00,0.13,0.16,0.00,0.01,148,0,0,0.08,0.01,4/0,0.00,0,0,0,0,0.05,0.00,0.00,0.00,0,0.00,0.00,0,0,0/0,0.00,0,0,0.00,0,0,0.00,0,0,0.00,0.00,0,0,0,0.00,0.00,0.00,0.00,0.00,0.00,0.33,0.00,0,0.00,0,0,0/0/0,0.10,0.00,148,0,0,0,0,0,2026-09-09T18:27:01.8446596Z
8.30ms,120.6,0,74,30009,"mass_navigation_agent_health_text_light:8568,mass_navigation_agent_health_hud_light:8568,mass_navigation_agent_azure_light:2142,mass_navigation_agent_crimson_light:2142,mass_navigation_agent_amber_light:2142,mass_navigation_agent_emerald_light:2142,mass_navigation_agent_health_text_heavy:1432,mass_navigation_agent_health_hud_heavy:1432",0,0,74,74/6,0.01,0.04,0.00,0.00,0.01,7.88,0.03,0.00,4.08,EffectProcessingLoopSystem:1.74,AttributeAggregatorSystem:0.67,MapEntityLifecycleObserverSystem:0.57,3.74,PresenterEntityTransformSyncSystem:0.90,PresenterEmitSystem:0.58,AnimatorRuntimeSystem:0.54,0.17,0,151,151,0,0,0.54,0.90,0.22,10009/0,0.00,0/0,0.43,10009,0.00,0.00/0.00/0.00/0.00,0.00/0.00/0.00,0.00/0.00/0.00/0.00/0.00/0.00,0.00/0.00/0.00/0.00/0.00,0.18,0.03,0.00,0.14,0.18,0.00,0.02,148,0,0,0.08,0.01,4/0,0.00,0,0,0,0,0.05,0.00,0.00,0.00,0,0.00,0.00,0,0,0/0,0.00,0,0,0.00,0,0,0.00,0,0,0.00,0.00,0,0,0,0.00,0.00,0.00,0.00,0.00,0.00,0.58,0.00,0,0.26,300,0,300/0/0,0.11,0.00,148,0,0,0,0,0,2026-09-09T18:27:02.3043393Z
8.36ms,119.6,0,74,30009,"mass_navigation_agent_health_text_light:8568,mass_navigation_agent_health_hud_light:8568,mass_navigation_agent_azure_light:2142,mass_navigation_agent_crimson_light:2142,mass_navigation_agent_amber_light:2142,mass_navigation_agent_emerald_light:2142,mass_navigation_agent_health_text_heavy:1432,mass_navigation_agent_health_hud_heavy:1432",0,0,74,74/6,0.01,0.03,0.00,0.00,0.01,7.93,0.03,0.00,4.03,EffectProcessingLoopSystem:1.85,MapEntityLifecycleObserverSystem:0.60,MassNavigationAuthoredAgentBindingSystem:0.56,3.86,PresenterEntityTransformSyncSystem:0.97,PresenterEmitSystem:0.60,AnimatorRuntimeSystem:0.55,0.18,0,163,163,0,0,0.55,0.97,0.22,10009/0,0.00,0/0,0.39,10009,0.00,0.00/0.00/0.00/0.00,0.00/0.00/0.00,0.00/0.00/0.00/0.00/0.00/0.00,0.00/0.00/0.00/0.00/0.00,0.18,0.03,0.00,0.15,0.18,0.00,0.02,148,0,0,0.07,0.01,4/0,0.00,0,0,0,0,0.05,0.00,0.00,0.00,0,0.00,0.00,0,0,0/0,0.00,0,0,0.00,0,0,0.00,0,0,0.00,0.00,0,0,0,0.00,0.00,0.00,0.00,0.00,0.00,0.60,0.00,0,0.27,324,0,324/0/0,0.11,0.00,148,0,0,0,0,0,2026-09-09T18:27:02.7407250Z
3.47ms,288.5,0,74,30009,"mass_navigation_agent_health_text_light:8568,mass_navigation_agent_health_hud_light:8568,mass_navigation_agent_azure_light:2142,mass_navigation_agent_crimson_light:2142,mass_navigation_agent_amber_light:2142,mass_navigation_agent_emerald_light:2142,mass_navigation_agent_health_text_heavy:1432,mass_navigation_agent_health_hud_heavy:1432",0,0,74,74/6,0.01,0.03,0.00,0.00,0.02,3.15,0.02,0.00,0.17,EffectProcessingLoopSystem:0.17,:0.00,:0.00,2.92,PresenterEntityTransformSyncSystem:0.78,AnimatorRuntimeSystem:0.57,TerrainHeightSyncSystem:0.37,0.00,0,0,0,0,0,0.57,0.78,0.18,10009/0,0.00,0/0,0.37,10009,0.00,0.00/0.00/0.00/0.00,0.00/0.00/0.00,0.00/0.00/0.00/0.00/0.00/0.00,0.00/0.00/0.00/0.00/0.00,0.17,0.03,0.00,0.13,0.17,0.00,0.01,148,0,0,0.06,0.01,4/0,0.00,0,0,0,0,0.04,0.00,0.00,0.00,0,0.00,0.00,0,0,0/0,0.00,0,0,0.00,0,0,0.00,0,0,0.00,0.00,0,0,0,0.00,0.00,0.00,0.00,0.00,0.00,0.35,0.00,0,0.00,0,0,0/0/0,0.08,0.00,148,0,0,0,0,0,2026-09-09T18:27:03.2087843Z
12.33ms,81.1,0,74,30009,"mass_navigation_agent_health_text_light:8568,mass_navigation_agent_health_hud_light:8568,mass_navigation_agent_azure_light:2142,mass_navigation_agent_crimson_light:2142,mass_navigation_agent_amber_light:2142,mass_navigation_agent_emerald_light:2142,mass_navigation_agent_health_text_heavy:1432,mass_navigation_agent_health_hud_heavy:1432",0,0,74,74/6,0.01,0.04,0.00,0.00,0.01,11.81,0.04,0.00,7.09,MassNavigationSimulationStepSystem:1.93,EffectProcessingLoopSystem:1.63,AttributeAggregatorSystem:0.64,4.68,PresenterEntityTransformSyncSystem:1.33,PresenterEmitSystem:0.66,AnimatorRuntimeSystem:0.58,0.24,0,176,176,0,0,0.58,1.33,0.22,10009/0,0.00,0/0,0.47,10009,0.00,0.00/0.00/0.00/0.00,0.00/0.00/0.00,0.00/0.00/0.00/0.00/0.00/0.00,0.00/0.00/0.00/0.00/0.00,0.23,0.04,0.00,0.18,0.23,0.00,0.02,148,0,0,0.09,0.01,4/0,0.00,0,0,0,0,0.06,0.00,0.00,0.00,0,0.00,0.00,0,0,0/0,0.00,0,0,0.00,0,0,0.00,0,0,0.00,0.00,0,0,0,0.00,0.00,0.00,0.00,0.00,0.00,0.66,0.00,0,0.31,350,0,350/0/0,0.14,0.00,148,0,0,0,0,0,2026-09-09T18:27:03.6755068Z
9.55ms,104.7,0,74,30009,"mass_navigation_agent_health_text_light:8568,mass_navigation_agent_health_hud_light:8568,mass_navigation_agent_azure_light:2142,mass_navigation_agent_crimson_light:2142,mass_navigation_agent_amber_light:2142,mass_navigation_agent_emerald_light:2142,mass_navigation_agent_health_text_heavy:1432,mass_navigation_agent_health_hud_heavy:1432",0,0,74,74/6,0.01,0.05,0.00,0.00,0.02,9.10,0.03,0.00,5.13,EffectProcessingLoopSystem:1.66,AttributeAggregatorSystem:0.71,MapEntityLifecycleObserverSystem:0.61,3.92,PresenterEntityTransformSyncSystem:0.91,PresenterEmitSystem:0.77,AnimatorRuntimeSystem:0.56,0.21,0,172,172,0,0,0.56,0.91,0.21,10009/0,0.00,0/0,0.38,10009,0.00,0.00/0.00/0.00/0.00,0.00/0.00/0.00,0.00/0.00/0.00/0.00/0.00/0.00,0.00/0.00/0.00/0.00/0.00,0.18,0.03,0.00,0.15,0.18,0.00,0.02,148,0,0,0.09,0.01,4/0,0.00,0,0,0,0,0.06,0.00,0.00,0.00,0,0.00,0.00,0,0,0/0,0.00,0,0,0.00,0,0,0.00,0,0,0.00,0.00,0,0,0,0.00,0.00,0.00,0.00,0.00,0.00,0.77,0.00,0,0.37,342,0,342/0/0,0.12,0.00,148,0,0,0,0,0,2026-09-09T18:27:04.1347602Z
3.73ms,267.9,0,74,30009,"mass_navigation_agent_health_text_light:8568,mass_navigation_agent_health_hud_light:8568,mass_navigation_agent_azure_light:2142,mass_navigation_agent_crimson_light:2142,mass_navigation_agent_amber_light:2142,mass_navigation_agent_emerald_light:2142,mass_navigation_agent_health_text_heavy:1432,mass_navigation_agent_health_hud_heavy:1432",0,0,74,74/6,0.01,0.03,0.00,0.00,0.02,3.44,0.02,0.00,0.17,EffectProcessingLoopSystem:0.17,:0.00,:0.00,3.20,PresenterEntityTransformSyncSystem:0.90,AnimatorRuntimeSystem:0.57,PresenterEmitSystem:0.40,0.00,0,0,0,0,0,0.57,0.90,0.24,10009/0,0.00,0/0,0.37,10009,0.00,0.00/0.00/0.00/0.00,0.00/0.00/0.00,0.00/0.00/0.00/0.00/0.00/0.00,0.00/0.00/0.00/0.00/0.00,0.19,0.03,0.00,0.15,0.19,0.00,0.01,148,0,0,0.06,0.01,4/0,0.00,0,0,0,0,0.05,0.00,0.00,0.00,0,0.00,0.00,0,0,0/0,0.00,0,0,0.00,0,0,0.00,0,0,0.00,0.00,0,0,0,0.00,0.00,0.00,0.00,0.00,0.00,0.40,0.00,0,0.00,0,0,0/0/0,0.06,0.00,148,0,0,0,0,0,2026-09-09T18:27:04.6194854Z
3.38ms,295.9,0,74,30009,"mass_navigation_agent_health_text_light:8568,mass_navigation_agent_health_hud_light:8568,mass_navigation_agent_azure_light:2142,mass_navigation_agent_crimson_light:2142,mass_navigation_agent_amber_light:2142,mass_navigation_agent_emerald_light:2142,mass_navigation_agent_health_text_heavy:1432,mass_navigation_agent_health_hud_heavy:1432",0,0,74,74/6,0.01,0.03,0.00,0.00,0.02,3.13,0.02,0.00,0.17,EffectProcessingLoopSystem:0.17,:0.00,:0.00,2.91,PresenterEntityTransformSyncSystem:0.86,AnimatorRuntimeSystem:0.54,TerrainHeightSyncSystem:0.35,0.00,0,0,0,0,0,0.54,0.86,0.18,10009/0,0.00,0/0,0.35,10009,0.00,0.00/0.00/0.00/0.00,0.00/0.00/0.00,0.00/0.00/0.00/0.00/0.00/0.00,0.00/0.00/0.00/0.00/0.00,0.23,0.02,0.00,0.20,0.22,0.00,0.01,148,0,0,0.06,0.01,4/0,0.00,0,0,0,0,0.04,0.00,0.00,0.00,0,0.00,0.00,0,0,0/0,0.00,0,0,0.00,0,0,0.00,0,0,0.00,0.00,0,0,0,0.00,0.00,0.00,0.00,0.00,0.00,0.30,0.00,0,0.00,0,0,0/0/0,0.05,0.00,148,0,0,0,0,0,2026-09-09T18:27:05.0763844Z
12.36ms,80.9,0,74,30009,"mass_navigation_agent_health_text_light:8568,mass_navigation_agent_health_hud_light:8568,mass_navigation_agent_azure_light:2142,mass_navigation_agent_crimson_light:2142,mass_navigation_agent_amber_light:2142,mass_navigation_agent_emerald_light:2142,mass_navigation_agent_health_text_heavy:1432,mass_navigation_agent_health_hud_heavy:1432",0,0,74,74/6,0.01,0.04,0.00,0.00,0.01,11.86,0.04,0.00,6.99,MassNavigationSimulationStepSystem:1.93,EffectProcessingLoopSystem:1.56,MapEntityLifecycleObserverSystem:0.64,4.83,PresenterEntityTransformSyncSystem:1.62,PresenterEmitSystem:0.64,AnimatorRuntimeSystem:0.60,0.25,0,154,154,0,0,0.60,1.62,0.21,10009/0,0.00,0/0,0.42,10009,0.00,0.00/0.00/0.00/0.00,0.00/0.00/0.00,0.00/0.00/0.00/0.00/0.00/0.00,0.00/0.00/0.00/0.00/0.00,0.22,0.04,0.00,0.17,0.21,0.00,0.02,148,0,0,0.08,0.01,4/0,0.00,0,0,0,0,0.05,0.00,0.00,0.00,0,0.00,0.00,0,0,0/0,0.00,0,0,0.00,0,0,0.00,0,0,0.00,0.00,0,0,0,0.00,0.00,0.00,0.00,0.00,0.00,0.64,0.00,0,0.26,306,0,306/0/0,0.13,0.00,148,0,0,0,0,0,2026-09-09T18:27:05.5439808Z
8.69ms,115.0,0,74,30009,"mass_navigation_agent_health_text_light:8568,mass_navigation_agent_health_hud_light:8568,mass_navigation_agent_azure_light:2142,mass_navigation_agent_crimson_light:2142,mass_navigation_agent_amber_light:2142,mass_navigation_agent_emerald_light:2142,mass_navigation_agent_health_text_heavy:1432,mass_navigation_agent_health_hud_heavy:1432",0,0,74,74/6,0.01,0.04,0.00,0.00,0.01,8.23,0.03,0.00,4.10,EffectProcessingLoopSystem:1.89,MapEntityLifecycleObserverSystem:0.63,MassNavigationAuthoredAgentBindingSystem:0.57,4.08,PresenterEntityTransformSyncSystem:0.96,PresenterEmitSystem:0.74,AnimatorRuntimeSystem:0.58,0.22,0,164,164,0,0,0.58,0.95,0.25,10009/0,0.00,0/0,0.39,10009,0.00,0.00/0.00/0.00/0.00,0.00/0.00/0.00,0.00/0.00/0.00/0.00/0.00/0.00,0.00/0.00/0.00/0.00/0.00,0.19,0.03,0.00,0.15,0.19,0.00,0.02,148,0,0,0.09,0.01,4/0,0.00,0,0,0,0,0.06,0.00,0.00,0.00,0,0.00,0.00,0,0,0/0,0.00,0,0,0.00,0,0,0.00,0,0,0.00,0.00,0,0,0,0.00,0.00,0.00,0.00,0.00,0.00,0.74,0.00,0,0.30,326,0,326/0/0,0.11,0.00,148,0,0,0,0,0,2026-09-09T18:27:06.0048337Z
4.11ms,243.3,0,74,30009,"mass_navigation_agent_health_text_light:8568,mass_navigation_agent_health_hud_light:8568,mass_navigation_agent_azure_light:2142,mass_navigation_agent_crimson_light:2142,mass_navigation_agent_amber_light:2142,mass_navigation_agent_emerald_light:2142,mass_navigation_agent_health_text_heavy:1432,mass_navigation_agent_health_hud_heavy:1432",0,0,74,74/6,0.01,0.05,0.00,0.00,0.02,3.62,0.03,0.00,0.17,EffectProcessingLoopSystem:0.17,:0.00,:0.00,3.39,PresenterEntityTransformSyncSystem:0.91,AnimatorRuntimeSystem:0.63,PresenterEmitSystem:0.49,0.00,0,0,0,0,0,0.63,0.91,0.26,10009/0,0.00,0/0,0.39,10009,0.00,0.00/0.00/0.00/0.00,0.00/0.00/0.00,0.00/0.00/0.00/0.00/0.00/0.00,0.00/0.00/0.00/0.00/0.00,0.18,0.03,0.00,0.14,0.17,0.00,0.02,148,0,0,0.10,0.01,4/0,0.00,0,0,0,0,0.07,0.00,0.00,0.00,0,0.00,0.00,0,0,0/0,0.00,0,0,0.00,0,0,0.00,0,0,0.00,0.00,0,0,0,0.00,0.00,0.00,0.00,0.00,0.00,0.48,0.00,0,0.00,0,0,0/0/0,0.13,0.00,148,0,0,0,0,0,2026-09-09T18:27:06.5166348Z
8.67ms,115.4,0,74,30009,"mass_navigation_agent_health_text_light:8568,mass_navigation_agent_health_hud_light:8568,mass_navigation_agent_azure_light:2142,mass_navigation_agent_crimson_light:2142,mass_navigation_agent_amber_light:2142,mass_navigation_agent_emerald_light:2142,mass_navigation_agent_health_text_heavy:1432,mass_navigation_agent_health_hud_heavy:1432",0,0,74,74/6,0.01,0.03,0.00,0.00,0.01,8.26,0.03,0.00,4.15,EffectProcessingLoopSystem:1.87,MapEntityLifecycleObserverSystem:0.61,AttributeAggregatorSystem:0.57,4.06,PresenterEntityTransformSyncSystem:1.00,PresenterEmitSystem:0.66,AnimatorRuntimeSystem:0.56,0.24,0,187,187,0,0,0.56,1.00,0.22,10009/0,0.00,0/0,0.43,10009,0.00,0.00/0.00/0.00/0.00,0.00/0.00/0.00,0.00/0.00/0.00/0.00/0.00/0.00,0.00/0.00/0.00/0.00/0.00,0.18,0.03,0.00,0.14,0.18,0.00,0.02,148,0,0,0.07,0.01,4/0,0.00,0,0,0,0,0.05,0.00,0.00,0.00,0,0.00,0.00,0,0,0/0,0.00,0,0,0.00,0,0,0.00,0,0,0.00,0.00,0,0,0,0.00,0.00,0.00,0.00,0.00,0.00,0.66,0.00,0,0.32,372,0,372/0/0,0.10,0.00,148,0,0,0,0,0,2026-09-09T18:27:06.9887738Z
3.78ms,264.5,0,74,30009,"mass_navigation_agent_health_text_light:8568,mass_navigation_agent_health_hud_light:8568,mass_navigation_agent_azure_light:2142,mass_navigation_agent_crimson_light:2142,mass_navigation_agent_amber_light:2142,mass_navigation_agent_emerald_light:2142,mass_navigation_agent_health_text_heavy:1432,mass_navigation_agent_health_hud_heavy:1432",0,0,74,74/6,0.00,0.03,0.00,0.00,0.02,3.44,0.02,0.00,0.18,EffectProcessingLoopSystem:0.18,:0.00,:0.00,3.20,PresenterEntityTransformSyncSystem:0.88,AnimatorRuntimeSystem:0.59,TerrainHeightSyncSystem:0.39,0.00,0,0,0,0,0,0.59,0.87,0.26,10009/0,0.00,0/0,0.39,10009,0.00,0.00/0.00/0.00/0.00,0.00/0.00/0.00,0.00/0.00/0.00/0.00/0.00/0.00,0.00/0.00/0.00/0.00/0.00,0.18,0.03,0.00,0.14,0.17,0.00,0.01,148,0,0,0.07,0.01,4/0,0.00,0,0,0,0,0.05,0.00,0.00,0.00,0,0.00,0.00,0,0,0/0,0.00,0,0,0.00,0,0,0.00,0,0,0.00,0.00,0,0,0,0.00,0.00,0.00,0.00,0.00,0.00,0.37,0.00,0,0.00,0,0,0/0/0,0.09,0.00,148,0,0,0,0,0,2026-09-09T18:27:07.4658917Z
3.47ms,288.0,0,74,30009,"mass_navigation_agent_health_text_light:8568,mass_navigation_agent_health_hud_light:8568,mass_navigation_agent_azure_light:2142,mass_navigation_agent_crimson_light:2142,mass_navigation_agent_amber_light:2142,mass_navigation_agent_emerald_light:2142,mass_navigation_agent_health_text_heavy:1432,mass_navigation_agent_health_hud_heavy:1432",0,0,74,74/6,0.01,0.04,0.00,0.00,0.02,3.12,0.02,0.00,0.21,EffectProcessingLoopSystem:0.21,:0.00,:0.00,2.85,PresenterEntityTransformSyncSystem:0.74,AnimatorRuntimeSystem:0.56,TerrainHeightSyncSystem:0.36,0.00,0,0,0,0,0,0.56,0.74,0.21,10009/0,0.00,0/0,0.36,10009,0.00,0.00/0.00/0.00/0.00,0.00/0.00/0.00,0.00/0.00/0.00/0.00/0.00/0.00,0.00/0.00/0.00/0.00/0.00,0.16,0.03,0.00,0.13,0.16,0.00,0.01,148,0,0,0.07,0.01,4/0,0.00,0,0,0,0,0.05,0.00,0.00,0.00,0,0.00,0.00,0,0,0/0,0.00,0,0,0.00,0,0,0.00,0,0,0.00,0.00,0,0,0,0.00,0.00,0.00,0.00,0.00,0.00,0.32,0.00,0,0.00,0,0,0/0/0,0.09,0.00,148,0,0,0,0,0,2026-09-09T18:27:07.9231104Z
4.29ms,232.9,0,74,30009,"mass_navigation_agent_health_text_light:8568,mass_navigation_agent_health_hud_light:8568,mass_navigation_agent_azure_light:2142,mass_navigation_agent_crimson_light:2142,mass_navigation_agent_amber_light:2142,mass_navigation_agent_emerald_light:2142,mass_navigation_agent_health_text_heavy:1432,mass_navigation_agent_health_hud_heavy:1432",0,0,74,74/6,0.01,0.03,0.00,0.00,0.02,3.94,0.03,0.00,1.08,EffectProcessingLoopSystem:0.22,OrderBufferSystem:0.16,SpatialPartitionUpdateSystem:0.14,2.81,PresenterEntityTransformSyncSystem:0.77,AnimatorRuntimeSystem:0.55,TerrainHeightSyncSystem:0.34,0.00,0,0,0,0,0,0.55,0.77,0.21,10009/0,0.00,0/0,0.34,10009,0.00,0.00/0.00/0.00/0.00,0.00/0.00/0.00,0.00/0.00/0.00/0.00/0.00/0.00,0.00/0.00/0.00/0.00/0.00,0.16,0.03,0.00,0.13,0.16,0.00,0.02,148,0,0,0.07,0.01,4/0,0.00,0,0,0,0,0.05,0.00,0.00,0.00,0,0.00,0.00,0,0,0/0,0.00,0,0,0.00,0,0,0.00,0,0,0.00,0.00,0,0,0,0.00,0.00,0.00,0.00,0.00,0.00,0.29,0.00,0,0.00,0,0,0/0/0,0.09,0.00,148,0,0,0,0,0,2026-09-09T18:27:08.3797667Z
3.61ms,277.0,0,74,30009,"mass_navigation_agent_health_text_light:8568,mass_navigation_agent_health_hud_light:8568,mass_navigation_agent_azure_light:2142,mass_navigation_agent_crimson_light:2142,mass_navigation_agent_amber_light:2142,mass_navigation_agent_emerald_light:2142,mass_navigation_agent_health_text_heavy:1432,mass_navigation_agent_health_hud_heavy:1432",0,0,74,74/6,0.01,0.04,0.00,0.00,0.02,3.24,0.02,0.00,0.19,EffectProcessingLoopSystem:0.19,:0.00,:0.00,2.98,PresenterEntityTransformSyncSystem:0.85,AnimatorRuntimeSystem:0.54,TerrainHeightSyncSystem:0.34,0.00,0,0,0,0,0,0.54,0.85,0.22,10009/0,0.00,0/0,0.34,10009,0.00,0.00/0.00/0.00/0.00,0.00/0.00/0.00,0.00/0.00/0.00/0.00/0.00/0.00,0.00/0.00/0.00/0.00/0.00,0.17,0.03,0.00,0.13,0.17,0.00,0.01,148,0,0,0.08,0.01,4/0,0.00,0,0,0,0,0.05,0.00,0.00,0.00,0,0.00,0.00,0,0,0/0,0.00,0,0,0.00,0,0,0.00,0,0,0.00,0.00,0,0,0,0.00,0.00,0.00,0.00,0.00,0.00,0.33,0.00,0,0.00,0,0,0/0/0,0.08,0.00,148,0,0,0,0,0,2026-09-09T18:27:08.8497275Z
11.06ms,90.4,0,74,30009,"mass_navigation_agent_health_text_light:8568,mass_navigation_agent_health_hud_light:8568,mass_navigation_agent_azure_light:2142,mass_navigation_agent_crimson_light:2142,mass_navigation_agent_amber_light:2142,mass_navigation_agent_emerald_light:2142,mass_navigation_agent_health_text_heavy:1432,mass_navigation_agent_health_hud_heavy:1432",0,0,74,74/6,0.01,0.04,0.00,0.00,0.01,10.55,0.03,0.00,6.27,EffectProcessingLoopSystem:1.59,MassNavigationSimulationStepSystem:1.42,MapEntityLifecycleObserverSystem:0.61,4.24,PresenterEntityTransformSyncSystem:1.15,PresenterEmitSystem:0.66,AnimatorRuntimeSystem:0.58,0.24,0,159,159,0,0,0.58,1.15,0.23,10009/0,0.00,0/0,0.41,10009,0.00,0.00/0.00/0.00/0.00,0.00/0.00/0.00,0.00/0.00/0.00/0.00/0.00/0.00,0.00/0.00/0.00/0.00/0.00,0.21,0.03,0.00,0.17,0.20,0.00,0.02,148,0,0,0.09,0.01,4/0,0.00,0,0,0,0,0.06,0.00,0.00,0.00,0,0.00,0.00,0,0,0/0,0.00,0,0,0.00,0,0,0.00,0,0,0.00,0.00,0,0,0,0.00,0.00,0.00,0.00,0.00,0.00,0.66,0.00,0,0.28,316,0,316/0/0,0.15,0.00,148,0,0,0,0,0,2026-09-09T18:27:09.3236216Z
3.84ms,260.6,0,74,30009,"mass_navigation_agent_health_text_light:8568,mass_navigation_agent_health_hud_light:8568,mass_navigation_agent_azure_light:2142,mass_navigation_agent_crimson_light:2142,mass_navigation_agent_amber_light:2142,mass_navigation_agent_emerald_light:2142,mass_navigation_agent_health_text_heavy:1432,mass_navigation_agent_health_hud_heavy:1432",0,0,74,74/6,0.01,0.04,0.00,0.00,0.01,3.48,0.02,0.00,0.17,EffectProcessingLoopSystem:0.17,:0.00,:0.00,3.26,PresenterEntityTransformSyncSystem:0.98,AnimatorRuntimeSystem:0.61,PresenterEmitSystem:0.38,0.00,0,0,0,0,0,0.61,0.98,0.25,10009/0,0.00,0/0,0.36,10009,0.00,0.00/0.00/0.00/0.00,0.00/0.00/0.00,0.00/0.00/0.00/0.00/0.00/0.00,0.00/0.00/0.00/0.00/0.00,0.16,0.02,0.00,0.13,0.16,0.00,0.01,148,0,0,0.07,0.01,4/0,0.00,0,0,0,0,0.05,0.00,0.00,0.00,0,0.00,0.00,0,0,0/0,0.00,0,0,0.00,0,0,0.00,0,0,0.00,0.00,0,0,0,0.00,0.00,0.00,0.00,0.00,0.00,0.38,0.00,0,0.00,0,0,0/0/0,0.10,0.00,148,0,0,0,0,0,2026-09-09T18:27:09.7732640Z
3.48ms,287.4,0,74,30009,"mass_navigation_agent_health_text_light:8568,mass_navigation_agent_health_hud_light:8568,mass_navigation_agent_azure_light:2142,mass_navigation_agent_crimson_light:2142,mass_navigation_agent_amber_light:2142,mass_navigation_agent_emerald_light:2142,mass_navigation_agent_health_text_heavy:1432,mass_navigation_agent_health_hud_heavy:1432",0,0,74,74/6,0.01,0.03,0.00,0.00,0.02,3.16,0.02,0.00,0.17,EffectProcessingLoopSystem:0.17,:0.00,:0.00,2.93,PresenterEntityTransformSyncSystem:0.82,AnimatorRuntimeSystem:0.54,TerrainHeightSyncSystem:0.37,0.00,0,0,0,0,0,0.54,0.81,0.20,10009/0,0.00,0/0,0.37,10009,0.00,0.00/0.00/0.00/0.00,0.00/0.00/0.00,0.00/0.00/0.00/0.00/0.00/0.00,0.00/0.00/0.00/0.00/0.00,0.16,0.03,0.00,0.13,0.16,0.00,0.01,148,0,0,0.07,0.01,4/0,0.00,0,0,0,0,0.05,0.00,0.00,0.00,0,0.00,0.00,0,0,0/0,0.00,0,0,0.00,0,0,0.00,0,0,0.00,0.00,0,0,0,0.00,0.00,0.00,0.00,0.00,0.00,0.35,0.00,0,0.00,0,0,0/0/0,0.07,0.00,148,0,0,0,0,0,2026-09-09T18:27:10.2455523Z
3.35ms,298.4,0,74,30009,"mass_navigation_agent_health_text_light:8568,mass_navigation_agent_health_hud_light:8568,mass_navigation_agent_azure_light:2142,mass_navigation_agent_crimson_light:2142,mass_navigation_agent_amber_light:2142,mass_navigation_agent_emerald_light:2142,mass_navigation_agent_health_text_heavy:1432,mass_navigation_agent_health_hud_heavy:1432",0,0,74,74/6,0.01,0.03,0.00,0.00,0.02,2.99,0.02,0.00,0.16,EffectProcessingLoopSystem:0.16,:0.00,:0.00,2.77,PresenterEntityTransformSyncSystem:0.70,AnimatorRuntimeSystem:0.53,TerrainHeightSyncSystem:0.36,0.00,0,0,0,0,0,0.53,0.70,0.21,10009/0,0.00,0/0,0.36,10009,0.00,0.00/0.00/0.00/0.00,0.00/0.00/0.00,0.00/0.00/0.00/0.00/0.00/0.00,0.00/0.00/0.00/0.00/0.00,0.15,0.03,0.00,0.12,0.15,0.00,0.01,148,0,0,0.07,0.01,4/0,0.00,0,0,0,0,0.05,0.00,0.00,0.00,0,0.00,0.00,0,0,0/0,0.00,0,0,0.00,0,0,0.00,0,0,0.00,0.00,0,0,0,0.00,0.00,0.00,0.00,0.00,0.00,0.33,0.00,0,0.00,0,0,0/0/0,0.09,0.00,148,0,0,0,0,0,2026-09-09T18:27:10.7035802Z
3.46ms,288.6,0,74,30009,"mass_navigation_agent_health_text_light:8568,mass_navigation_agent_health_hud_light:8568,mass_navigation_agent_azure_light:2142,mass_navigation_agent_crimson_light:2142,mass_navigation_agent_amber_light:2142,mass_navigation_agent_emerald_light:2142,mass_navigation_agent_health_text_heavy:1432,mass_navigation_agent_health_hud_heavy:1432",0,0,74,74/6,0.01,0.04,0.00,0.00,0.02,3.11,0.02,0.00,0.17,EffectProcessingLoopSystem:0.17,:0.00,:0.00,2.89,PresenterEntityTransformSyncSystem:0.79,AnimatorRuntimeSystem:0.55,TerrainHeightSyncSystem:0.36,0.00,0,0,0,0,0,0.55,0.79,0.18,10009/0,0.00,0/0,0.36,10009,0.00,0.00/0.00/0.00/0.00,0.00/0.00/0.00,0.00/0.00/0.00/0.00/0.00/0.00,0.00/0.00/0.00/0.00/0.00,0.17,0.03,0.00,0.14,0.17,0.00,0.01,148,0,0,0.07,0.01,4/0,0.00,0,0,0,0,0.05,0.00,0.00,0.00,0,0.00,0.00,0,0,0/0,0.00,0,0,0.00,0,0,0.00,0,0,0.00,0.00,0,0,0,0.00,0.00,0.00,0.00,0.00,0.00,0.33,0.00,0,0.00,0,0,0/0/0,0.09,0.00,148,0,0,0,0,0,2026-09-09T18:27:11.1722150Z
8.73ms,114.5,0,74,30009,"mass_navigation_agent_health_text_light:8568,mass_navigation_agent_health_hud_light:8568,mass_navigation_agent_azure_light:2142,mass_navigation_agent_crimson_light:2142,mass_navigation_agent_amber_light:2142,mass_navigation_agent_emerald_light:2142,mass_navigation_agent_health_text_heavy:1432,mass_navigation_agent_health_hud_heavy:1432",0,0,74,74/6,0.01,0.04,0.00,0.00,0.01,8.32,0.03,0.00,4.30,EffectProcessingLoopSystem:1.91,AttributeAggregatorSystem:0.67,MapEntityLifecycleObserverSystem:0.64,3.98,PresenterEntityTransformSyncSystem:0.92,PresenterEmitSystem:0.66,AnimatorRuntimeSystem:0.57,0.21,0,178,178,0,0,0.57,0.92,0.24,10009/0,0.00,0/0,0.42,10009,0.00,0.00/0.00/0.00/0.00,0.00/0.00/0.00,0.00/0.00/0.00/0.00/0.00/0.00,0.00/0.00/0.00/0.00/0.00,0.18,0.03,0.00,0.14,0.18,0.00,0.02,148,0,0,0.07,0.01,4/0,0.00,0,0,0,0,0.05,0.00,0.00,0.00,0,0.00,0.00,0,0,0/0,0.00,0,0,0.00,0,0,0.00,0,0,0.00,0.00,0,0,0,0.00,0.00,0.00,0.00,0.00,0.00,0.66,0.00,0,0.28,354,0,354/0/0,0.11,0.00,148,0,0,0,0,0,2026-09-09T18:27:11.6451142Z
9.36ms,106.9,0,74,30009,"mass_navigation_agent_health_text_light:8568,mass_navigation_agent_health_hud_light:8568,mass_navigation_agent_azure_light:2142,mass_navigation_agent_crimson_light:2142,mass_navigation_agent_amber_light:2142,mass_navigation_agent_emerald_light:2142,mass_navigation_agent_health_text_heavy:1432,mass_navigation_agent_health_hud_heavy:1432",0,0,74,74/6,0.01,0.04,0.00,0.00,0.01,8.88,0.03,0.00,4.84,EffectProcessingLoopSystem:1.69,MapEntityLifecycleObserverSystem:0.58,MassNavigationAuthoredAgentBindingSystem:0.50,3.99,PresenterEntityTransformSyncSystem:1.00,PresenterEmitSystem:0.66,AnimatorRuntimeSystem:0.54,0.18,0,161,161,0,0,0.54,1.00,0.27,10009/0,0.00,0/0,0.38,10009,0.00,0.00/0.00/0.00/0.00,0.00/0.00/0.00,0.00/0.00/0.00/0.00/0.00/0.00,0.00/0.00/0.00/0.00/0.00,0.19,0.03,0.00,0.15,0.19,0.00,0.02,148,0,0,0.08,0.01,4/0,0.00,0,0,0,0,0.06,0.00,0.00,0.00,0,0.00,0.00,0,0,0/0,0.00,0,0,0.00,0,0,0.00,0,0,0.00,0.00,0,0,0,0.00,0.00,0.00,0.00,0.00,0.00,0.66,0.00,0,0.27,320,0,320/0/0,0.12,0.00,148,0,0,0,0,0,2026-09-09T18:27:12.1020873Z
9.61ms,104.1,0,74,30009,"mass_navigation_agent_health_text_light:8568,mass_navigation_agent_health_hud_light:8568,mass_navigation_agent_azure_light:2142,mass_navigation_agent_crimson_light:2142,mass_navigation_agent_amber_light:2142,mass_navigation_agent_emerald_light:2142,mass_navigation_agent_health_text_heavy:1432,mass_navigation_agent_health_hud_heavy:1432",0,0,74,74/6,0.01,0.04,0.00,0.00,0.01,9.14,0.03,0.00,4.97,EffectProcessingLoopSystem:1.57,MassNavigationAuthoredAgentBindingSystem:0.69,MapEntityLifecycleObserverSystem:0.64,4.09,PresenterEntityTransformSyncSystem:1.13,AnimatorRuntimeSystem:0.58,PresenterEmitSystem:0.56,0.21,0,148,148,0,0,0.58,1.13,0.24,10009/0,0.00,0/0,0.39,10009,0.00,0.00/0.00/0.00/0.00,0.00/0.00/0.00,0.00/0.00/0.00/0.00/0.00/0.00,0.00/0.00/0.00/0.00/0.00,0.20,0.03,0.00,0.15,0.20,0.00,0.02,148,0,0,0.08,0.01,4/0,0.00,0,0,0,0,0.05,0.00,0.00,0.00,0,0.00,0.00,0,0,0/0,0.00,0,0,0.00,0,0,0.00,0,0,0.00,0.00,0,0,0,0.00,0.00,0.00,0.00,0.00,0.00,0.56,0.00,0,0.25,294,0,294/0/0,0.13,0.00,148,0,0,0,0,0,2026-09-09T18:27:12.5531258Z
3.66ms,273.5,0,74,30009,"mass_navigation_agent_health_text_light:8568,mass_navigation_agent_health_hud_light:8568,mass_navigation_agent_azure_light:2142,mass_navigation_agent_crimson_light:2142,mass_navigation_agent_amber_light:2142,mass_navigation_agent_emerald_light:2142,mass_navigation_agent_health_text_heavy:1432,mass_navigation_agent_health_hud_heavy:1432",0,0,74,74/6,0.01,0.03,0.00,0.00,0.02,3.29,0.02,0.00,0.17,EffectProcessingLoopSystem:0.17,:0.00,:0.00,3.06,PresenterEntityTransformSyncSystem:0.84,AnimatorRuntimeSystem:0.58,TerrainHeightSyncSystem:0.42,0.00,0,0,0,0,0,0.58,0.84,0.20,10009/0,0.00,0/0,0.42,10009,0.00,0.00/0.00/0.00/0.00,0.00/0.00/0.00,0.00/0.00/0.00/0.00/0.00/0.00,0.00/0.00/0.00/0.00/0.00,0.17,0.03,0.00,0.13,0.16,0.00,0.02,148,0,0,0.07,0.01,4/0,0.00,0,0,0,0,0.05,0.00,0.00,0.00,0,0.00,0.00,0,0,0/0,0.00,0,0,0.00,0,0,0.00,0,0,0.00,0.00,0,0,0,0.00,0.00,0.00,0.00,0.00,0.00,0.31,0.00,0,0.00,0,0,0/0/0,0.09,0.00,148,0,0,0,0,0,2026-09-09T18:27:13.0268496Z
3.80ms,263.0,0,74,30009,"mass_navigation_agent_health_text_light:8568,mass_navigation_agent_health_hud_light:8568,mass_navigation_agent_azure_light:2142,mass_navigation_agent_crimson_light:2142,mass_navigation_agent_amber_light:2142,mass_navigation_agent_emerald_light:2142,mass_navigation_agent_health_text_heavy:1432,mass_navigation_agent_health_hud_heavy:1432",0,0,74,74/6,0.01,0.04,0.00,0.00,0.02,3.40,0.02,0.00,0.17,EffectProcessingLoopSystem:0.17,:0.00,:0.00,3.16,PresenterEntityTransformSyncSystem:0.95,AnimatorRuntimeSystem:0.56,TerrainHeightSyncSystem:0.37,0.00,0,0,0,0,0,0.56,0.95,0.23,10009/0,0.00,0/0,0.37,10009,0.00,0.00/0.00/0.00/0.00,0.00/0.00/0.00,0.00/0.00/0.00/0.00/0.00/0.00,0.00/0.00/0.00/0.00/0.00,0.17,0.03,0.00,0.14,0.17,0.00,0.01,148,0,0,0.08,0.01,4/0,0.00,0,0,0,0,0.05,0.00,0.00,0.00,0,0.00,0.00,0,0,0/0,0.00,0,0,0.00,0,0,0.00,0,0,0.00,0.00,0,0,0,0.00,0.00,0.00,0.00,0.00,0.00,0.33,0.00,0,0.00,0,0,0/0/0,0.11,0.00,148,0,0,0,0,0,2026-09-09T18:27:13.5054541Z
3.65ms,274.2,0,74,30009,"mass_navigation_agent_health_text_light:8568,mass_navigation_agent_health_hud_light:8568,mass_navigation_agent_azure_light:2142,mass_navigation_agent_crimson_light:2142,mass_navigation_agent_amber_light:2142,mass_navigation_agent_emerald_light:2142,mass_navigation_agent_health_text_heavy:1432,mass_navigation_agent_health_hud_heavy:1432",0,0,74,74/6,0.01,0.03,0.00,0.00,0.02,3.30,0.02,0.00,0.18,EffectProcessingLoopSystem:0.17,:0.00,:0.00,3.06,PresenterEntityTransformSyncSystem:0.88,AnimatorRuntimeSystem:0.58,TerrainHeightSyncSystem:0.38,0.00,0,0,0,0,0,0.58,0.87,0.21,10009/0,0.00,0/0,0.38,10009,0.00,0.00/0.00/0.00/0.00,0.00/0.00/0.00,0.00/0.00/0.00/0.00/0.00/0.00,0.00/0.00/0.00/0.00/0.00,0.17,0.03,0.00,0.14,0.17,0.00,0.01,148,0,0,0.07,0.01,4/0,0.00,0,0,0,0,0.05,0.00,0.00,0.00,0,0.00,0.00,0,0,0/0,0.00,0,0,0.00,0,0,0.00,0,0,0.00,0.00,0,0,0,0.00,0.00,0.00,0.00,0.00,0.00,0.33,0.00,0,0.00,0,0,0/0/0,0.09,0.00,148,0,0,0,0,0,2026-09-09T18:27:13.9717027Z
3.70ms,270.5,0,74,30009,"mass_navigation_agent_health_text_light:8568,mass_navigation_agent_health_hud_light:8568,mass_navigation_agent_azure_light:2142,mass_navigation_agent_crimson_light:2142,mass_navigation_agent_amber_light:2142,mass_navigation_agent_emerald_light:2142,mass_navigation_agent_health_text_heavy:1432,mass_navigation_agent_health_hud_heavy:1432",0,0,74,74/6,0.01,0.04,0.00,0.00,0.02,3.27,0.02,0.00,0.17,EffectProcessingLoopSystem:0.17,:0.00,:0.00,3.04,PresenterEntityTransformSyncSystem:0.78,AnimatorRuntimeSystem:0.63,TerrainHeightSyncSystem:0.37,0.00,0,0,0,0,0,0.63,0.78,0.22,10009/0,0.00,0/0,0.37,10009,0.00,0.00/0.00/0.00/0.00,0.00/0.00/0.00,0.00/0.00/0.00/0.00/0.00/0.00,0.00/0.00/0.00/0.00/0.00,0.16,0.03,0.00,0.13,0.16,0.00,0.01,148,0,0,0.08,0.01,4/0,0.00,0,0,0,0,0.05,0.00,0.00,0.00,0,0.00,0.00,0,0,0/0,0.00,0,0,0.00,0,0,0.00,0,0,0.00,0.00,0,0,0,0.00,0.00,0.00,0.00,0.00,0.00,0.36,0.00,0,0.00,0,0,0/0/0,0.10,0.00,148,0,0,0,0,0,2026-09-09T18:27:14.4657435Z
3.73ms,268.2,0,74,30009,"mass_navigation_agent_health_text_light:8568,mass_navigation_agent_health_hud_light:8568,mass_navigation_agent_azure_light:2142,mass_navigation_agent_crimson_light:2142,mass_navigation_agent_amber_light:2142,mass_navigation_agent_emerald_light:2142,mass_navigation_agent_health_text_heavy:1432,mass_navigation_agent_health_hud_heavy:1432",0,0,74,74/6,0.01,0.04,0.00,0.00,0.02,3.36,0.02,0.00,0.17,EffectProcessingLoopSystem:0.17,:0.00,:0.00,3.13,PresenterEntityTransformSyncSystem:0.83,AnimatorRuntimeSystem:0.61,PresenterEmitSystem:0.39,0.00,0,0,0,0,0,0.61,0.83,0.21,10009/0,0.00,0/0,0.35,10009,0.00,0.00/0.00/0.00/0.00,0.00/0.00/0.00,0.00/0.00/0.00/0.00/0.00/0.00,0.00/0.00/0.00/0.00/0.00,0.17,0.03,0.00,0.13,0.16,0.00,0.01,148,0,0,0.07,0.01,4/0,0.00,0,0,0,0,0.05,0.00,0.00,0.00,0,0.00,0.00,0,0,0/0,0.00,0,0,0.00,0,0,0.00,0,0,0.00,0.00,0,0,0,0.00,0.00,0.00,0.00,0.00,0.00,0.39,0.00,0,0.00,0,0,0/0/0,0.09,0.00,148,0,0,0,0,0,2026-09-09T18:27:14.9175483Z
3.40ms,294.4,0,74,30009,"mass_navigation_agent_health_text_light:8568,mass_navigation_agent_health_hud_light:8568,mass_navigation_agent_azure_light:2142,mass_navigation_agent_crimson_light:2142,mass_navigation_agent_amber_light:2142,mass_navigation_agent_emerald_light:2142,mass_navigation_agent_health_text_heavy:1432,mass_navigation_agent_health_hud_heavy:1432",0,0,74,74/6,0.01,0.03,0.00,0.00,0.02,3.10,0.02,0.00,0.17,EffectProcessingLoopSystem:0.17,:0.00,:0.00,2.87,PresenterEntityTransformSyncSystem:0.72,AnimatorRuntimeSystem:0.56,TerrainHeightSyncSystem:0.38,0.00,0,0,0,0,0,0.56,0.72,0.25,10009/0,0.00,0/0,0.38,10009,0.00,0.00/0.00/0.00/0.00,0.00/0.00/0.00,0.00/0.00/0.00/0.00/0.00/0.00,0.00/0.00/0.00/0.00/0.00,0.16,0.03,0.00,0.12,0.16,0.00,0.01,148,0,0,0.07,0.01,4/0,0.00,0,0,0,0,0.05,0.00,0.00,0.00,0,0.00,0.00,0,0,0/0,0.00,0,0,0.00,0,0,0.00,0,0,0.00,0.00,0,0,0,0.00,0.00,0.00,0.00,0.00,0.00,0.32,0.00,0,0.00,0,0,0/0/0,0.07,0.00,148,0,0,0,0,0,2026-09-09T18:27:15.3907724Z
8.98ms,111.3,0,74,30009,"mass_navigation_agent_health_text_light:8568,mass_navigation_agent_health_hud_light:8568,mass_navigation_agent_azure_light:2142,mass_navigation_agent_crimson_light:2142,mass_navigation_agent_amber_light:2142,mass_navigation_agent_emerald_light:2142,mass_navigation_agent_health_text_heavy:1432,mass_navigation_agent_health_hud_heavy:1432",0,0,74,74/6,0.01,0.03,0.00,0.00,0.01,8.56,0.03,0.00,4.59,EffectProcessingLoopSystem:1.67,ClearPresentationFlagsSystem:1.23,MapEntityLifecycleObserverSystem:0.59,3.92,PresenterEntityTransformSyncSystem:0.94,PresenterEmitSystem:0.62,AnimatorRuntimeSystem:0.56,0.20,0,162,162,0,0,0.56,0.94,0.22,10009/0,0.00,0/0,0.39,10009,0.00,0.00/0.00/0.00/0.00,0.00/0.00/0.00,0.00/0.00/0.00/0.00/0.00/0.00,0.00/0.00/0.00/0.00/0.00,0.18,0.03,0.00,0.14,0.18,0.00,0.02,148,0,0,0.07,0.01,4/0,0.00,0,0,0,0,0.05,0.00,0.00,0.00,0,0.00,0.00,0,0,0/0,0.00,0,0,0.00,0,0,0.00,0,0,0.00,0.00,0,0,0,0.00,0.00,0.00,0.00,0.00,0.00,0.62,0.00,0,0.28,322,0,322/0/0,0.10,0.00,148,0,0,0,0,0,2026-09-09T18:27:15.8835788Z
6.38ms,156.7,0,74,30009,"mass_navigation_agent_health_text_light:8568,mass_navigation_agent_health_hud_light:8568,mass_navigation_agent_azure_light:2142,mass_navigation_agent_crimson_light:2142,mass_navigation_agent_amber_light:2142,mass_navigation_agent_emerald_light:2142,mass_navigation_agent_health_text_heavy:1432,mass_navigation_agent_health_hud_heavy:1432",0,0,74,74/6,0.01,0.04,0.00,0.00,0.01,5.95,0.03,0.00,2.36,MassNavigationSimulationStepSystem:1.28,EffectProcessingLoopSystem:0.28,OrderBufferSystem:0.16,3.54,PresenterEntityTransformSyncSystem:1.03,AnimatorRuntimeSystem:0.59,TerrainHeightSyncSystem:0.44,0.01,0,0,0,0,0,0.59,1.03,0.22,10009/0,0.00,0/0,0.44,10009,0.00,0.00/0.00/0.00/0.00,0.00/0.00/0.00,0.00/0.00/0.00/0.00/0.00/0.00,0.00/0.00/0.00/0.00/0.00,0.20,0.03,0.00,0.16,0.20,0.00,0.02,148,0,0,0.08,0.01,4/0,0.00,0,0,0,0,0.06,0.00,0.00,0.00,0,0.00,0.00,0,0,0/0,0.00,0,0,0.00,0,0,0.00,0,0,0.00,0.00,0,0,0,0.00,0.00,0.00,0.00,0.00,0.00,0.36,0.00,0,0.00,0,0,0/0/0,0.11,0.00,148,0,0,0,0,0,2026-09-09T18:27:16.3353711Z
3.72ms,268.9,0,74,30009,"mass_navigation_agent_health_text_light:8568,mass_navigation_agent_health_hud_light:8568,mass_navigation_agent_azure_light:2142,mass_navigation_agent_crimson_light:2142,mass_navigation_agent_amber_light:2142,mass_navigation_agent_emerald_light:2142,mass_navigation_agent_health_text_heavy:1432,mass_navigation_agent_health_hud_heavy:1432",0,0,74,74/6,0.01,0.03,0.00,0.00,0.02,3.35,0.02,0.00,0.22,EffectProcessingLoopSystem:0.22,:0.00,:0.00,3.06,PresenterEntityTransformSyncSystem:0.86,AnimatorRuntimeSystem:0.60,PresenterEmitSystem:0.35,0.00,0,0,0,0,0,0.60,0.86,0.22,10009/0,0.00,0/0,0.34,10009,0.00,0.00/0.00/0.00/0.00,0.00/0.00/0.00,0.00/0.00/0.00/0.00/0.00/0.00,0.00/0.00/0.00/0.00/0.00,0.15,0.03,0.00,0.12,0.15,0.00,0.01,148,0,0,0.07,0.01,4/0,0.00,0,0,0,0,0.05,0.00,0.00,0.00,0,0.00,0.00,0,0,0/0,0.00,0,0,0.00,0,0,0.00,0,0,0.00,0.00,0,0,0,0.00,0.00,0.00,0.00,0.00,0.00,0.35,0.00,0,0.00,0,0,0/0/0,0.09,0.00,148,0,0,0,0,0,2026-09-09T18:27:16.8147737Z
3.53ms,283.6,0,74,30009,"mass_navigation_agent_health_text_light:8568,mass_navigation_agent_health_hud_light:8568,mass_navigation_agent_azure_light:2142,mass_navigation_agent_crimson_light:2142,mass_navigation_agent_amber_light:2142,mass_navigation_agent_emerald_light:2142,mass_navigation_agent_health_text_heavy:1432,mass_navigation_agent_health_hud_heavy:1432",0,0,74,74/6,0.01,0.03,0.00,0.00,0.02,3.26,0.02,0.00,0.18,EffectProcessingLoopSystem:0.18,:0.00,:0.00,3.01,PresenterEntityTransformSyncSystem:0.84,AnimatorRuntimeSystem:0.58,TerrainHeightSyncSystem:0.38,0.00,0,0,0,0,0,0.58,0.84,0.18,10009/0,0.00,0/0,0.38,10009,0.00,0.00/0.00/0.00/0.00,0.00/0.00/0.00,0.00/0.00/0.00/0.00/0.00/0.00,0.00/0.00/0.00/0.00/0.00,0.16,0.03,0.00,0.13,0.16,0.00,0.01,148,0,0,0.06,0.01,4/0,0.00,0,0,0,0,0.05,0.00,0.00,0.00,0,0.00,0.00,0,0,0/0,0.00,0,0,0.00,0,0,0.00,0,0,0.00,0.00,0,0,0,0.00,0.00,0.00,0.00,0.00,0.00,0.36,0.00,0,0.00,0,0,0/0/0,0.06,0.00,148,0,0,0,0,0,2026-09-09T18:27:17.2718855Z
3.49ms,286.6,0,74,30009,"mass_navigation_agent_health_text_light:8568,mass_navigation_agent_health_hud_light:8568,mass_navigation_agent_azure_light:2142,mass_navigation_agent_crimson_light:2142,mass_navigation_agent_amber_light:2142,mass_navigation_agent_emerald_light:2142,mass_navigation_agent_health_text_heavy:1432,mass_navigation_agent_health_hud_heavy:1432",0,0,74,74/6,0.01,0.03,0.00,0.00,0.02,3.08,0.02,0.00,0.17,EffectProcessingLoopSystem:0.17,:0.00,:0.00,2.86,PresenterEntityTransformSyncSystem:0.76,AnimatorRuntimeSystem:0.54,TerrainHeightSyncSystem:0.37,0.00,0,0,0,0,0,0.54,0.76,0.19,10009/0,0.00,0/0,0.37,10009,0.00,0.00/0.00/0.00/0.00,0.00/0.00/0.00,0.00/0.00/0.00/0.00/0.00/0.00,0.00/0.00/0.00/0.00/0.00,0.16,0.03,0.00,0.13,0.16,0.00,0.01,148,0,0,0.07,0.01,4/0,0.00,0,0,0,0,0.05,0.00,0.00,0.00,0,0.00,0.00,0,0,0/0,0.00,0,0,0.00,0,0,0.00,0,0,0.00,0.00,0,0,0,0.00,0.00,0.00,0.00,0.00,0.00,0.35,0.00,0,0.00,0,0,0/0/0,0.15,0.00,148,0,0,0,0,0,2026-09-09T18:27:17.7582179Z
11.67ms,85.7,0,74,30009,"mass_navigation_agent_health_text_light:8568,mass_navigation_agent_health_hud_light:8568,mass_navigation_agent_azure_light:2142,mass_navigation_agent_crimson_light:2142,mass_navigation_agent_amber_light:2142,mass_navigation_agent_emerald_light:2142,mass_navigation_agent_health_text_heavy:1432,mass_navigation_agent_health_hud_heavy:1432",0,0,74,74/6,0.01,0.04,0.00,0.00,0.01,11.21,0.03,0.00,6.62,EffectProcessingLoopSystem:1.63,MassNavigationSimulationStepSystem:1.47,MapEntityLifecycleObserverSystem:0.63,4.55,PresenterEntityTransformSyncSystem:1.24,PresenterEmitSystem:0.66,AnimatorRuntimeSystem:0.58,0.24,0,168,168,0,0,0.58,1.24,0.24,10009/0,0.00,0/0,0.46,10009,0.00,0.00/0.00/0.00/0.00,0.00/0.00/0.00,0.00/0.00/0.00/0.00/0.00/0.00,0.00/0.00/0.00/0.00/0.00,0.23,0.04,0.00,0.18,0.22,0.00,0.02,148,0,0,0.09,0.01,4/0,0.00,0,0,0,0,0.06,0.00,0.00,0.00,0,0.00,0.00,0,0,0/0,0.00,0,0,0.00,0,0,0.00,0,0,0.00,0.00,0,0,0,0.00,0.00,0.00,0.00,0.00,0.00,0.66,0.00,0,0.30,334,0,334/0/0,0.11,0.00,148,0,0,0,0,0,2026-09-09T18:27:18.2432180Z
8.74ms,114.4,0,74,30009,"mass_navigation_agent_health_text_light:8568,mass_navigation_agent_health_hud_light:8568,mass_navigation_agent_azure_light:2142,mass_navigation_agent_crimson_light:2142,mass_navigation_agent_amber_light:2142,mass_navigation_agent_emerald_light:2142,mass_navigation_agent_health_text_heavy:1432,mass_navigation_agent_health_hud_heavy:1432",0,0,74,74/6,0.01,0.03,0.00,0.00,0.01,8.34,0.03,0.00,4.14,EffectProcessingLoopSystem:1.79,AttributeAggregatorSystem:0.65,MapEntityLifecycleObserverSystem:0.59,4.16,PresenterEntityTransformSyncSystem:1.07,PresenterEmitSystem:0.67,AnimatorRuntimeSystem:0.56,0.25,0,176,176,0,0,0.56,1.07,0.20,10009/0,0.00,0/0,0.48,10009,0.00,0.00/0.00/0.00/0.00,0.00/0.00/0.00,0.00/0.00/0.00/0.00/0.00/0.00,0.00/0.00/0.00/0.00/0.00,0.19,0.03,0.00,0.15,0.19,0.00,0.02,148,0,0,0.07,0.01,4/0,0.00,0,0,0,0,0.05,0.00,0.00,0.00,0,0.00,0.00,0,0,0/0,0.00,0,0,0.00,0,0,0.00,0,0,0.00,0.00,0,0,0,0.00,0.00,0.00,0.00,0.00,0.00,0.67,0.00,0,0.30,350,0,350/0/0,0.10,0.00,148,0,0,0,0,0,2026-09-09T18:27:18.7285991Z
11.99ms,83.4,0,74,30009,"mass_navigation_agent_health_text_light:8568,mass_navigation_agent_health_hud_light:8568,mass_navigation_agent_azure_light:2142,mass_navigation_agent_crimson_light:2142,mass_navigation_agent_amber_light:2142,mass_navigation_agent_emerald_light:2142,mass_navigation_agent_health_text_heavy:1432,mass_navigation_agent_health_hud_heavy:1432",0,0,74,74/6,0.01,0.04,0.00,0.00,0.01,11.48,0.04,0.00,6.99,MassNavigationSimulationStepSystem:1.90,EffectProcessingLoopSystem:1.78,MapEntityLifecycleObserverSystem:0.60,4.44,PresenterEntityTransformSyncSystem:1.15,PresenterEmitSystem:0.72,AnimatorRuntimeSystem:0.58,0.25,0,176,176,0,0,0.58,1.15,0.30,10009/0,0.00,0/0,0.41,10009,0.00,0.00/0.00/0.00/0.00,0.00/0.00/0.00,0.00/0.00/0.00/0.00/0.00/0.00,0.00/0.00/0.00/0.00/0.00,0.20,0.03,0.00,0.16,0.20,0.00,0.02,148,0,0,0.09,0.01,4/0,0.00,0,0,0,0,0.06,0.00,0.00,0.00,0,0.00,0.00,0,0,0/0,0.00,0,0,0.00,0,0,0.00,0,0,0.00,0.00,0,0,0,0.00,0.00,0.00,0.00,0.00,0.00,0.72,0.00,0,0.33,350,0,350/0/0,0.13,0.00,148,0,0,0,0,0,2026-09-09T18:27:19.1903671Z
17.96ms,55.7,0,74,30009,"mass_navigation_agent_health_text_light:8568,mass_navigation_agent_health_hud_light:8568,mass_navigation_agent_azure_light:2142,mass_navigation_agent_crimson_light:2142,mass_navigation_agent_amber_light:2142,mass_navigation_agent_emerald_light:2142,mass_navigation_agent_health_text_heavy:1432,mass_navigation_agent_health_hud_heavy:1432",0,0,74,74/6,0.01,0.05,0.00,0.00,0.01,17.44,0.04,0.00,12.95,MassNavigationSimulationStepSystem:8.22,EffectProcessingLoopSystem:1.52,MapEntityLifecycleObserverSystem:0.58,4.46,PresenterEntityTransformSyncSystem:1.29,PresenterEmitSystem:0.67,AnimatorRuntimeSystem:0.55,0.22,0,159,159,0,0,0.55,1.29,0.24,10009/0,0.00,0/0,0.39,10009,0.00,0.00/0.00/0.00/0.00,0.00/0.00/0.00,0.00/0.00/0.00/0.00/0.00/0.00,0.00/0.00/0.00/0.00/0.00,0.21,0.03,0.00,0.16,0.20,0.00,0.02,148,0,0,0.09,0.01,4/0,0.00,0,0,0,0,0.06,0.00,0.00,0.00,0,0.00,0.00,0,0,0/0,0.00,0,0,0.00,0,0,0.00,0,0,0.00,0.00,0,0,0,0.00,0.00,0.00,0.00,0.00,0.00,0.67,0.00,0,0.28,316,0,316/0/0,0.13,0.00,148,0,0,0,0,0,2026-09-09T18:27:19.6812647Z
4.00ms,249.7,0,74,30009,"mass_navigation_agent_health_text_light:8568,mass_navigation_agent_health_hud_light:8568,mass_navigation_agent_azure_light:2142,mass_navigation_agent_crimson_light:2142,mass_navigation_agent_amber_light:2142,mass_navigation_agent_emerald_light:2142,mass_navigation_agent_health_text_heavy:1432,mass_navigation_agent_health_hud_heavy:1432",0,0,74,74/6,0.01,0.04,0.00,0.00,0.01,3.60,0.03,0.00,0.20,EffectProcessingLoopSystem:0.20,:0.00,:0.00,3.36,PresenterEntityTransformSyncSystem:0.87,AnimatorRuntimeSystem:0.71,TerrainHeightSyncSystem:0.39,0.00,0,0,0,0,0,0.71,0.87,0.20,10009/0,0.00,0/0,0.39,10009,0.00,0.00/0.00/0.00/0.00,0.00/0.00/0.00,0.00/0.00/0.00/0.00/0.00/0.00,0.00/0.00/0.00/0.00/0.00,0.22,0.03,0.00,0.19,0.22,0.00,0.02,148,0,0,0.08,0.01,4/0,0.00,0,0,0,0,0.06,0.00,0.00,0.00,0,0.00,0.00,0,0,0/0,0.00,0,0,0.00,0,0,0.00,0,0,0.00,0.00,0,0,0,0.00,0.00,0.00,0.00,0.00,0.00,0.34,0.00,0,0.00,0,0,0/0/0,0.08,0.00,148,0,0,0,0,0,2026-09-09T18:27:20.1513540Z
8.39ms,119.3,0,74,30009,"mass_navigation_agent_health_text_light:8568,mass_navigation_agent_health_hud_light:8568,mass_navigation_agent_azure_light:2142,mass_navigation_agent_crimson_light:2142,mass_navigation_agent_amber_light:2142,mass_navigation_agent_emerald_light:2142,mass_navigation_agent_health_text_heavy:1432,mass_navigation_agent_health_hud_heavy:1432",0,0,74,74/6,0.01,0.03,0.00,0.00,0.01,8.07,0.02,0.00,4.26,EffectProcessingLoopSystem:1.87,AttributeAggregatorSystem:0.64,MapEntityLifecycleObserverSystem:0.60,3.76,PresenterEntityTransformSyncSystem:0.89,PresenterEmitSystem:0.65,AnimatorRuntimeSystem:0.55,0.24,0,179,179,0,0,0.55,0.89,0.18,10009/0,0.00,0/0,0.38,10009,0.00,0.00/0.00/0.00/0.00,0.00/0.00/0.00,0.00/0.00/0.00/0.00/0.00/0.00,0.00/0.00/0.00/0.00/0.00,0.17,0.02,0.00,0.14,0.17,0.00,0.01,148,0,0,0.06,0.01,4/0,0.00,0,0,0,0,0.04,0.00,0.00,0.00,0,0.00,0.00,0,0,0/0,0.00,0,0,0.00,0,0,0.00,0,0,0.00,0.00,0,0,0,0.00,0.00,0.00,0.00,0.00,0.00,0.65,0.00,0,0.29,356,0,356/0/0,0.08,0.00,148,0,0,0,0,0,2026-09-09T18:27:20.6131943Z
3.31ms,302.5,0,74,30009,"mass_navigation_agent_health_text_light:8568,mass_navigation_agent_health_hud_light:8568,mass_navigation_agent_azure_light:2142,mass_navigation_agent_crimson_light:2142,mass_navigation_agent_amber_light:2142,mass_navigation_agent_emerald_light:2142,mass_navigation_agent_health_text_heavy:1432,mass_navigation_agent_health_hud_heavy:1432",0,0,74,74/6,0.01,0.03,0.00,0.00,0.02,2.97,0.02,0.00,0.17,EffectProcessingLoopSystem:0.17,:0.00,:0.00,2.74,PresenterEntityTransformSyncSystem:0.70,AnimatorRuntimeSystem:0.53,PresenterEmitSystem:0.34,0.00,0,0,0,0,0,0.53,0.70,0.19,10009/0,0.00,0/0,0.34,10009,0.00,0.00/0.00/0.00/0.00,0.00/0.00/0.00,0.00/0.00/0.00/0.00/0.00/0.00,0.00/0.00/0.00/0.00/0.00,0.15,0.03,0.00,0.12,0.15,0.00,0.01,148,0,0,0.07,0.01,4/0,0.00,0,0,0,0,0.05,0.00,0.00,0.00,0,0.00,0.00,0,0,0/0,0.00,0,0,0.00,0,0,0.00,0,0,0.00,0.00,0,0,0,0.00,0.00,0.00,0.00,0.00,0.00,0.34,0.00,0,0.00,0,0,0/0/0,0.09,0.00,148,0,0,0,0,0,2026-09-09T18:27:21.0713725Z
4.50ms,222.4,0,74,30009,"mass_navigation_agent_health_text_light:8568,mass_navigation_agent_health_hud_light:8568,mass_navigation_agent_azure_light:2142,mass_navigation_agent_crimson_light:2142,mass_navigation_agent_amber_light:2142,mass_navigation_agent_emerald_light:2142,mass_navigation_agent_health_text_heavy:1432,mass_navigation_agent_health_hud_heavy:1432",0,0,74,74/6,0.01,0.04,0.00,0.00,0.01,4.10,0.03,0.00,1.07,EffectProcessingLoopSystem:0.22,OrderBufferSystem:0.15,SpatialPartitionUpdateSystem:0.14,2.97,PresenterEntityTransformSyncSystem:0.85,AnimatorRuntimeSystem:0.55,PresenterEmitSystem:0.36,0.00,0,0,0,0,0,0.55,0.85,0.20,10009/0,0.00,0/0,0.33,10009,0.00,0.00/0.00/0.00/0.00,0.00/0.00/0.00,0.00/0.00/0.00/0.00/0.00/0.00,0.00/0.00/0.00/0.00/0.00,0.17,0.03,0.00,0.13,0.17,0.00,0.02,148,0,0,0.08,0.01,4/0,0.00,0,0,0,0,0.05,0.00,0.00,0.00,0,0.00,0.00,0,0,0/0,0.00,0,0,0.00,0,0,0.00,0,0,0.00,0.00,0,0,0,0.00,0.00,0.00,0.00,0.00,0.00,0.36,0.00,0,0.00,0,0,0/0/0,0.09,0.00,148,0,0,0,0,0,2026-09-09T18:27:21.5423582Z
18.35ms,54.5,0,74,30009,"mass_navigation_agent_health_text_light:8568,mass_navigation_agent_health_hud_light:8568,mass_navigation_agent_azure_light:2142,mass_navigation_agent_crimson_light:2142,mass_navigation_agent_amber_light:2142,mass_navigation_agent_emerald_light:2142,mass_navigation_agent_health_text_heavy:1432,mass_navigation_agent_health_hud_heavy:1432",0,0,74,74/6,0.01,0.04,0.00,0.00,0.01,17.81,0.04,0.00,13.19,MassNavigationSimulationStepSystem:8.46,EffectProcessingLoopSystem:1.58,MapEntityLifecycleObserverSystem:0.59,4.57,PresenterEntityTransformSyncSystem:1.28,PresenterEmitSystem:0.67,AnimatorRuntimeSystem:0.57,0.23,0,163,163,0,0,0.57,1.28,0.22,10009/0,0.00,0/0,0.44,10009,0.00,0.00/0.00/0.00/0.00,0.00/0.00/0.00,0.00/0.00/0.00/0.00/0.00/0.00,0.00/0.00/0.00/0.00/0.00,0.23,0.04,0.00,0.18,0.23,0.00,0.02,148,0,0,0.09,0.01,4/0,0.00,0,0,0,0,0.06,0.00,0.00,0.00,0,0.00,0.00,0,0,0/0,0.00,0,0,0.00,0,0,0.00,0,0,0.00,0.00,0,0,0,0.00,0.00,0.00,0.00,0.00,0.00,0.67,0.00,0,0.30,324,0,324/0/0,0.15,0.00,148,0,0,0,0,0,2026-09-09T18:27:22.0232804Z
3.73ms,267.8,0,74,30009,"mass_navigation_agent_health_text_light:8568,mass_navigation_agent_health_hud_light:8568,mass_navigation_agent_azure_light:2142,mass_navigation_agent_crimson_light:2142,mass_navigation_agent_amber_light:2142,mass_navigation_agent_emerald_light:2142,mass_navigation_agent_health_text_heavy:1432,mass_navigation_agent_health_hud_heavy:1432",0,0,74,74/6,0.01,0.03,0.00,0.00,0.02,3.42,0.02,0.00,0.21,EffectProcessingLoopSystem:0.21,:0.00,:0.00,3.13,PresenterEntityTransformSyncSystem:0.86,AnimatorRuntimeSystem:0.59,TerrainHeightSyncSystem:0.42,0.00,0,0,0,0,0,0.59,0.86,0.20,10009/0,0.00,0/0,0.42,10009,0.00,0.00/0.00/0.00/0.00,0.00/0.00/0.00,0.00/0.00/0.00/0.00/0.00/0.00,0.00/0.00/0.00/0.00/0.00,0.17,0.03,0.00,0.13,0.17,0.00,0.01,148,0,0,0.07,0.01,4/0,0.00,0,0,0,0,0.05,0.00,0.00,0.00,0,0.00,0.00,0,0,0/0,0.00,0,0,0.00,0,0,0.00,0,0,0.00,0.00,0,0,0,0.00,0.00,0.00,0.00,0.00,0.00,0.35,0.00,0,0.00,0,0,0/0/0,0.07,0.00,148,0,0,0,0,0,2026-09-09T18:27:22.4693785Z
3.34ms,299.5,0,74,30009,"mass_navigation_agent_health_text_light:8568,mass_navigation_agent_health_hud_light:8568,mass_navigation_agent_azure_light:2142,mass_navigation_agent_crimson_light:2142,mass_navigation_agent_amber_light:2142,mass_navigation_agent_emerald_light:2142,mass_navigation_agent_health_text_heavy:1432,mass_navigation_agent_health_hud_heavy:1432",0,0,74,74/6,0.01,0.03,0.02,0.02,0.02,2.96,0.03,0.00,0.17,EffectProcessingLoopSystem:0.17,:0.00,:0.00,2.72,PresenterEntityTransformSyncSystem:0.67,AnimatorRuntimeSystem:0.53,TerrainHeightSyncSystem:0.34,0.00,0,0,0,0,0,0.53,0.66,0.22,10009/0,0.00,0/0,0.34,10009,0.00,0.00/0.00/0.00/0.00,0.00/0.00/0.00,0.00/0.00/0.00/0.00/0.00/0.00,0.00/0.00/0.00/0.00/0.00,0.15,0.03,0.00,0.12,0.15,0.00,0.02,148,0,0,0.07,0.01,4/0,0.00,0,0,0,0,0.05,0.00,0.00,0.00,0,0.00,0.00,0,0,0/0,0.00,0,0,0.00,0,0,0.00,0,0,0.00,0.00,0,0,0,0.00,0.00,0.00,0.00,0.00,0.00,0.33,0.00,0,0.00,0,0,0/0/0,0.10,0.00,148,0,0,0,0,0,2026-09-09T18:27:22.9348426Z
6.87ms,145.5,0,74,30009,"mass_navigation_agent_health_text_light:8568,mass_navigation_agent_health_hud_light:8568,mass_navigation_agent_azure_light:2142,mass_navigation_agent_crimson_light:2142,mass_navigation_agent_amber_light:2142,mass_navigation_agent_emerald_light:2142,mass_navigation_agent_health_text_heavy:1432,mass_navigation_agent_health_hud_heavy:1432",0,0,74,74/6,0.01,0.04,0.00,0.00,0.02,6.48,0.03,0.00,2.76,MassNavigationSimulationStepSystem:1.51,EffectProcessingLoopSystem:0.34,OrderBufferSystem:0.16,3.66,PresenterEntityTransformSyncSystem:1.11,AnimatorRuntimeSystem:0.58,TerrainHeightSyncSystem:0.45,0.00,0,0,0,0,0,0.58,1.11,0.24,10009/0,0.00,0/0,0.45,10009,0.00,0.00/0.00/0.00/0.00,0.00/0.00/0.00,0.00/0.00/0.00/0.00/0.00/0.00,0.00/0.00/0.00/0.00/0.00,0.21,0.03,0.00,0.17,0.21,0.00,0.02,148,0,0,0.08,0.01,4/0,0.00,0,0,0,0,0.05,0.00,0.00,0.00,0,0.00,0.00,0,0,0/0,0.00,0,0,0.00,0,0,0.00,0,0,0.00,0.00,0,0,0,0.00,0.00,0.00,0.00,0.00,0.00,0.38,0.00,0,0.00,0,0,0/0/0,0.09,0.00,148,0,0,0,0,0,2026-09-09T18:27:23.4083510Z
9.06ms,110.4,0,74,30009,"mass_navigation_agent_health_text_light:8568,mass_navigation_agent_health_hud_light:8568,mass_navigation_agent_azure_light:2142,mass_navigation_agent_crimson_light:2142,mass_navigation_agent_amber_light:2142,mass_navigation_agent_emerald_light:2142,mass_navigation_agent_health_text_heavy:1432,mass_navigation_agent_health_hud_heavy:1432",0,0,74,74/6,0.01,0.03,0.00,0.00,0.01,8.69,0.03,0.00,4.79,EffectProcessingLoopSystem:1.59,MapEntityLifecycleObserverSystem:0.60,MassNavigationAuthoredAgentBindingSystem:0.51,3.86,PresenterEntityTransformSyncSystem:0.96,PresenterEmitSystem:0.61,AnimatorRuntimeSystem:0.55,0.20,0,153,153,0,0,0.55,0.95,0.22,10009/0,0.00,0/0,0.39,10009,0.00,0.00/0.00/0.00/0.00,0.00/0.00/0.00,0.00/0.00/0.00/0.00/0.00/0.00,0.00/0.00/0.00/0.00/0.00,0.19,0.03,0.00,0.15,0.19,0.00,0.02,148,0,0,0.07,0.01,4/0,0.00,0,0,0,0,0.04,0.00,0.00,0.00,0,0.00,0.00,0,0,0/0,0.00,0,0,0.00,0,0,0.00,0,0,0.00,0.00,0,0,0,0.00,0.00,0.00,0.00,0.00,0.00,0.61,0.00,0,0.27,304,0,304/0/0,0.09,0.00,148,0,0,0,0,0,2026-09-09T18:27:23.8808534Z
11.44ms,87.4,0,74,30009,"mass_navigation_agent_health_text_light:8568,mass_navigation_agent_health_hud_light:8568,mass_navigation_agent_azure_light:2142,mass_navigation_agent_crimson_light:2142,mass_navigation_agent_amber_light:2142,mass_navigation_agent_emerald_light:2142,mass_navigation_agent_health_text_heavy:1432,mass_navigation_agent_health_hud_heavy:1432",0,0,74,74/6,0.01,0.03,0.00,0.00,0.01,11.03,0.03,0.00,6.73,EffectProcessingLoopSystem:1.82,MassNavigationSimulationStepSystem:1.81,MapEntityLifecycleObserverSystem:0.56,4.26,PresenterEntityTransformSyncSystem:1.05,AnimatorRuntimeSystem:0.66,PresenterEmitSystem:0.64,0.24,0,175,175,0,0,0.66,1.05,0.20,10009/0,0.00,0/0,0.43,10009,0.00,0.00/0.00/0.00/0.00,0.00/0.00/0.00,0.00/0.00/0.00/0.00/0.00/0.00,0.00/0.00/0.00/0.00/0.00,0.20,0.03,0.00,0.16,0.20,0.00,0.02,148,0,0,0.07,0.01,4/0,0.00,0,0,0,0,0.05,0.00,0.00,0.00,0,0.00,0.00,0,0,0/0,0.00,0,0,0.00,0,0,0.00,0,0,0.00,0.00,0,0,0,0.00,0.00,0.00,0.00,0.00,0.00,0.64,0.00,0,0.30,348,0,348/0/0,0.09,0.00,148,0,0,0,0,0,2026-09-09T18:27:24.3598644Z
8.77ms,114.0,0,74,30009,"mass_navigation_agent_health_text_light:8568,mass_navigation_agent_health_hud_light:8568,mass_navigation_agent_azure_light:2142,mass_navigation_agent_crimson_light:2142,mass_navigation_agent_amber_light:2142,mass_navigation_agent_emerald_light:2142,mass_navigation_agent_health_text_heavy:1432,mass_navigation_agent_health_hud_heavy:1432",0,0,74,74/6,0.01,0.03,0.00,0.00,0.00,8.38,0.03,0.00,4.10,EffectProcessingLoopSystem:1.77,AttributeAggregatorSystem:0.62,MapEntityLifecycleObserverSystem:0.61,4.25,PresenterEntityTransformSyncSystem:1.08,PresenterEmitSystem:0.62,AnimatorRuntimeSystem:0.54,0.23,0,175,175,0,0,0.54,1.08,0.33,10009/0,0.00,0/0,0.42,10009,0.00,0.00/0.00/0.00/0.00,0.00/0.00/0.00,0.00/0.00/0.00/0.00/0.00/0.00,0.00/0.00/0.00/0.00/0.00,0.20,0.03,0.00,0.16,0.20,0.00,0.02,148,0,0,0.06,0.01,4/0,0.00,0,0,0,0,0.04,0.00,0.00,0.00,0,0.00,0.00,0,0,0/0,0.00,0,0,0.00,0,0,0.00,0,0,0.00,0.00,0,0,0,0.00,0.00,0.00,0.00,0.00,0.00,0.62,0.00,0,0.30,348,0,348/0/0,0.10,0.00,148,0,0,0,0,0,2026-09-09T18:27:24.8306480Z
8.08ms,123.8,0,74,30009,"mass_navigation_agent_health_text_light:8568,mass_navigation_agent_health_hud_light:8568,mass_navigation_agent_azure_light:2142,mass_navigation_agent_crimson_light:2142,mass_navigation_agent_amber_light:2142,mass_navigation_agent_emerald_light:2142,mass_navigation_agent_health_text_heavy:1432,mass_navigation_agent_health_hud_heavy:1432",0,0,74,74/6,0.01,0.03,0.00,0.00,0.01,7.75,0.02,0.00,4.02,EffectProcessingLoopSystem:1.66,MapEntityLifecycleObserverSystem:0.63,MassNavigationAuthoredAgentBindingSystem:0.62,3.69,PresenterEntityTransformSyncSystem:0.83,PresenterEmitSystem:0.60,AnimatorRuntimeSystem:0.54,0.20,0,170,170,0,0,0.54,0.83,0.23,10009/0,0.00,0/0,0.43,10009,0.00,0.00/0.00/0.00/0.00,0.00/0.00/0.00,0.00/0.00/0.00/0.00/0.00/0.00,0.00/0.00/0.00/0.00/0.00,0.17,0.03,0.00,0.14,0.17,0.00,0.01,148,0,0,0.06,0.01,4/0,0.00,0,0,0,0,0.04,0.00,0.00,0.00,0,0.00,0.00,0,0,0/0,0.00,0,0,0.00,0,0,0.00,0,0,0.00,0.00,0,0,0,0.00,0.00,0.00,0.00,0.00,0.00,0.60,0.00,0,0.28,338,0,338/0/0,0.08,0.00,148,0,0,0,0,0,2026-09-09T18:27:25.3009483Z
8.86ms,112.8,0,74,30009,"mass_navigation_agent_health_text_light:8568,mass_navigation_agent_health_hud_light:8568,mass_navigation_agent_azure_light:2142,mass_navigation_agent_crimson_light:2142,mass_navigation_agent_amber_light:2142,mass_navigation_agent_emerald_light:2142,mass_navigation_agent_health_text_heavy:1432,mass_navigation_agent_health_hud_heavy:1432",0,0,74,74/6,0.01,0.03,0.00,0.00,0.01,8.45,0.03,0.00,4.43,EffectProcessingLoopSystem:1.97,AttributeAggregatorSystem:0.71,MapEntityLifecycleObserverSystem:0.66,3.97,PresenterEntityTransformSyncSystem:0.98,PresenterEmitSystem:0.68,AnimatorRuntimeSystem:0.56,0.23,0,180,180,0,0,0.56,0.98,0.21,10009/0,0.00,0/0,0.39,10009,0.00,0.00/0.00/0.00/0.00,0.00/0.00/0.00,0.00/0.00/0.00/0.00/0.00/0.00,0.00/0.00/0.00/0.00/0.00,0.18,0.03,0.00,0.15,0.18,0.00,0.02,148,0,0,0.07,0.01,4/0,0.00,0,0,0,0,0.05,0.00,0.00,0.00,0,0.00,0.00,0,0,0/0,0.00,0,0,0.00,0,0,0.00,0,0,0.00,0.00,0,0,0,0.00,0.00,0.00,0.00,0.00,0.00,0.68,0.00,0,0.31,358,0,358/0/0,0.11,0.00,148,0,0,0,0,0,2026-09-09T18:27:25.7499126Z
3.40ms,294.0,0,74,30009,"mass_navigation_agent_health_text_light:8568,mass_navigation_agent_health_hud_light:8568,mass_navigation_agent_azure_light:2142,mass_navigation_agent_crimson_light:2142,mass_navigation_agent_amber_light:2142,mass_navigation_agent_emerald_light:2142,mass_navigation_agent_health_text_heavy:1432,mass_navigation_agent_health_hud_heavy:1432",0,0,74,74/6,0.01,0.03,0.00,0.00,0.02,3.14,0.01,0.00,0.17,EffectProcessingLoopSystem:0.17,:0.00,:0.00,2.91,PresenterEntityTransformSyncSystem:0.72,AnimatorRuntimeSystem:0.56,TerrainHeightSyncSystem:0.39,0.00,0,0,0,0,0,0.56,0.72,0.20,10009/0,0.00,0/0,0.39,10009,0.00,0.00/0.00/0.00/0.00,0.00/0.00/0.00,0.00/0.00/0.00/0.00/0.00/0.00,0.00/0.00/0.00/0.00/0.00,0.19,0.03,0.00,0.15,0.19,0.00,0.01,148,0,0,0.06,0.01,4/0,0.00,0,0,0,0,0.04,0.00,0.00,0.00,0,0.00,0.00,0,0,0/0,0.00,0,0,0.00,0,0,0.00,0,0,0.00,0.00,0,0,0,0.00,0.00,0.00,0.00,0.00,0.00,0.33,0.00,0,0.00,0,0,0/0/0,0.06,0.00,148,0,0,0,0,0,2026-09-09T18:27:26.2036113Z
3.72ms,268.9,0,74,30009,"mass_navigation_agent_health_text_light:8568,mass_navigation_agent_health_hud_light:8568,mass_navigation_agent_azure_light:2142,mass_navigation_agent_crimson_light:2142,mass_navigation_agent_amber_light:2142,mass_navigation_agent_emerald_light:2142,mass_navigation_agent_health_text_heavy:1432,mass_navigation_agent_health_hud_heavy:1432",0,0,74,74/6,0.01,0.04,0.00,0.00,0.01,3.37,0.02,0.00,0.20,EffectProcessingLoopSystem:0.20,:0.00,:0.00,3.13,PresenterEntityTransformSyncSystem:0.82,AnimatorRuntimeSystem:0.64,TerrainHeightSyncSystem:0.39,0.00,0,0,0,0,0,0.64,0.82,0.26,10009/0,0.00,0/0,0.39,10009,0.00,0.00/0.00/0.00/0.00,0.00/0.00/0.00,0.00/0.00/0.00/0.00/0.00/0.00,0.00/0.00/0.00/0.00/0.00,0.16,0.03,0.00,0.13,0.16,0.00,0.01,148,0,0,0.07,0.01,4/0,0.00,0,0,0,0,0.05,0.00,0.00,0.00,0,0.00,0.00,0,0,0/0,0.00,0,0,0.00,0,0,0.00,0,0,0.00,0.00,0,0,0,0.00,0.00,0.00,0.00,0.00,0.00,0.34,0.00,0,0.00,0,0,0/0/0,0.09,0.00,148,0,0,0,0,0,2026-09-09T18:27:26.6641263Z
3.48ms,287.5,0,74,30009,"mass_navigation_agent_health_text_light:8568,mass_navigation_agent_health_hud_light:8568,mass_navigation_agent_azure_light:2142,mass_navigation_agent_crimson_light:2142,mass_navigation_agent_amber_light:2142,mass_navigation_agent_emerald_light:2142,mass_navigation_agent_health_text_heavy:1432,mass_navigation_agent_health_hud_heavy:1432",0,0,74,74/6,0.01,0.04,0.00,0.00,0.02,3.10,0.02,0.00,0.17,EffectProcessingLoopSystem:0.17,:0.00,:0.00,2.87,PresenterEntityTransformSyncSystem:0.72,AnimatorRuntimeSystem:0.54,TerrainHeightSyncSystem:0.39,0.00,0,0,0,0,0,0.54,0.72,0.22,10009/0,0.00,0/0,0.39,10009,0.00,0.00/0.00/0.00/0.00,0.00/0.00/0.00,0.00/0.00/0.00/0.00/0.00/0.00,0.00/0.00/0.00/0.00/0.00,0.16,0.03,0.00,0.13,0.16,0.00,0.01,148,0,0,0.07,0.01,4/0,0.00,0,0,0,0,0.05,0.00,0.00,0.00,0,0.00,0.00,0,0,0/0,0.00,0,0,0.00,0,0,0.00,0,0,0.00,0.00,0,0,0,0.00,0.00,0.00,0.00,0.00,0.00,0.36,0.00,0,0.00,0,0,0/0/0,0.09,0.00,148,0,0,0,0,0,2026-09-09T18:27:27.1452656Z
3.74ms,267.3,0,74,30009,"mass_navigation_agent_health_text_light:8568,mass_navigation_agent_health_hud_light:8568,mass_navigation_agent_azure_light:2142,mass_navigation_agent_crimson_light:2142,mass_navigation_agent_amber_light:2142,mass_navigation_agent_emerald_light:2142,mass_navigation_agent_health_text_heavy:1432,mass_navigation_agent_health_hud_heavy:1432",0,0,74,74/6,0.01,0.03,0.00,0.00,0.02,3.37,0.02,0.00,0.18,EffectProcessingLoopSystem:0.18,:0.00,:0.00,3.12,PresenterEntityTransformSyncSystem:0.80,AnimatorRuntimeSystem:0.57,PresenterEmitSystem:0.41,0.00,0,0,0,0,0,0.57,0.80,0.23,10009/0,0.00,0/0,0.37,10009,0.00,0.00/0.00/0.00/0.00,0.00/0.00/0.00,0.00/0.00/0.00/0.00/0.00/0.00,0.00/0.00/0.00/0.00/0.00,0.19,0.03,0.00,0.15,0.19,0.00,0.02,148,0,0,0.07,0.01,4/0,0.00,0,0,0,0,0.05,0.00,0.00,0.00,0,0.00,0.00,0,0,0/0,0.00,0,0,0.00,0,0,0.00,0,0,0.00,0.00,0,0,0,0.00,0.00,0.00,0.00,0.00,0.00,0.41,0.00,0,0.00,0,0,0/0/0,0.09,0.00,148,0,0,0,0,0,2026-09-09T18:27:27.6157092Z
8.86ms,112.9,0,74,30009,"mass_navigation_agent_health_text_light:8568,mass_navigation_agent_health_hud_light:8568,mass_navigation_agent_azure_light:2142,mass_navigation_agent_crimson_light:2142,mass_navigation_agent_amber_light:2142,mass_navigation_agent_emerald_light:2142,mass_navigation_agent_health_text_heavy:1432,mass_navigation_agent_health_hud_heavy:1432",0,0,74,74/6,0.01,0.04,0.00,0.00,0.01,8.40,0.03,0.00,4.61,EffectProcessingLoopSystem:1.51,AttributeAggregatorSystem:1.51,MapEntityLifecycleObserverSystem:0.62,3.75,PresenterEntityTransformSyncSystem:0.92,PresenterEmitSystem:0.62,AnimatorRuntimeSystem:0.53,0.20,0,161,161,0,0,0.53,0.92,0.21,10009/0,0.00,0/0,0.39,10009,0.00,0.00/0.00/0.00/0.00,0.00/0.00/0.00,0.00/0.00/0.00/0.00/0.00/0.00,0.00/0.00/0.00/0.00/0.00,0.17,0.03,0.00,0.13,0.17,0.00,0.02,148,0,0,0.08,0.01,4/0,0.00,0,0,0,0,0.05,0.00,0.00,0.00,0,0.00,0.00,0,0,0/0,0.00,0,0,0.00,0,0,0.00,0,0,0.00,0.00,0,0,0,0.00,0.00,0.00,0.00,0.00,0.00,0.62,0.00,0,0.26,320,0,320/0/0,0.13,0.00,148,0,0,0,0,0,2026-09-09T18:27:28.0866654Z
9.05ms,110.5,0,74,30009,"mass_navigation_agent_health_text_light:8568,mass_navigation_agent_health_hud_light:8568,mass_navigation_agent_azure_light:2142,mass_navigation_agent_crimson_light:2142,mass_navigation_agent_amber_light:2142,mass_navigation_agent_emerald_light:2142,mass_navigation_agent_health_text_heavy:1432,mass_navigation_agent_health_hud_heavy:1432",0,0,74,74/6,0.01,0.04,0.00,0.00,0.02,8.52,0.04,0.00,4.03,EffectProcessingLoopSystem:1.68,MapEntityLifecycleObserverSystem:0.66,AttributeAggregatorSystem:0.57,4.44,PresenterEntityTransformSyncSystem:1.26,AnimatorRuntimeSystem:0.62,PresenterEmitSystem:0.60,0.25,0,166,166,0,0,0.62,1.26,0.20,10009/0,0.00,0/0,0.43,10009,0.00,0.00/0.00/0.00/0.00,0.00/0.00/0.00,0.00/0.00/0.00/0.00/0.00/0.00,0.00/0.00/0.00/0.00/0.00,0.21,0.03,0.00,0.17,0.20,0.00,0.02,148,0,0,0.08,0.01,4/0,0.00,0,0,0,0,0.06,0.00,0.00,0.00,0,0.00,0.00,0,0,0/0,0.00,0,0,0.00,0,0,0.00,0,0,0.00,0.00,0,0,0,0.00,0.00,0.00,0.00,0.00,0.00,0.60,0.00,0,0.27,330,0,330/0/0,0.10,0.00,148,0,0,0,0,0,2026-09-09T18:27:28.5599957Z
3.53ms,283.5,0,74,30009,"mass_navigation_agent_health_text_light:8568,mass_navigation_agent_health_hud_light:8568,mass_navigation_agent_azure_light:2142,mass_navigation_agent_crimson_light:2142,mass_navigation_agent_amber_light:2142,mass_navigation_agent_emerald_light:2142,mass_navigation_agent_health_text_heavy:1432,mass_navigation_agent_health_hud_heavy:1432",0,0,74,74/6,0.01,0.04,0.00,0.00,0.01,3.17,0.02,0.00,0.17,EffectProcessingLoopSystem:0.17,:0.00,:0.00,2.96,PresenterEntityTransformSyncSystem:0.86,AnimatorRuntimeSystem:0.52,TerrainHeightSyncSystem:0.37,0.00,0,0,0,0,0,0.52,0.86,0.20,10009/0,0.00,0/0,0.37,10009,0.00,0.00/0.00/0.00/0.00,0.00/0.00/0.00,0.00/0.00/0.00/0.00/0.00/0.00,0.00/0.00/0.00/0.00/0.00,0.16,0.03,0.00,0.13,0.16,0.00,0.01,148,0,0,0.07,0.01,4/0,0.00,0,0,0,0,0.05,0.00,0.00,0.00,0,0.00,0.00,0,0,0/0,0.00,0,0,0.00,0,0,0.00,0,0,0.00,0.00,0,0,0,0.00,0.00,0.00,0.00,0.00,0.00,0.35,0.00,0,0.00,0,0,0/0/0,0.08,0.00,148,0,0,0,0,0,2026-09-09T18:27:29.0168816Z
3.83ms,261.2,0,74,30009,"mass_navigation_agent_health_text_light:8568,mass_navigation_agent_health_hud_light:8568,mass_navigation_agent_azure_light:2142,mass_navigation_agent_crimson_light:2142,mass_navigation_agent_amber_light:2142,mass_navigation_agent_emerald_light:2142,mass_navigation_agent_health_text_heavy:1432,mass_navigation_agent_health_hud_heavy:1432",0,0,74,74/6,0.01,0.04,0.00,0.00,0.02,3.51,0.02,0.00,0.16,EffectProcessingLoopSystem:0.16,:0.00,:0.00,3.29,PresenterEntityTransformSyncSystem:0.86,AnimatorRuntimeSystem:0.56,TerrainHeightSyncSystem:0.50,0.01,0,0,0,0,0,0.56,0.85,0.19,10009/0,0.00,0/0,0.50,10009,0.00,0.00/0.00/0.00/0.00,0.00/0.00/0.00,0.00/0.00/0.00/0.00/0.00/0.00,0.00/0.00/0.00/0.00/0.00,0.21,0.04,0.00,0.17,0.21,0.00,0.01,148,0,0,0.07,0.01,4/0,0.00,0,0,0,0,0.05,0.00,0.00,0.00,0,0.00,0.00,0,0,0/0,0.00,0,0,0.00,0,0,0.00,0,0,0.00,0.00,0,0,0,0.00,0.00,0.00,0.00,0.00,0.00,0.36,0.00,0,0.00,0,0,0/0/0,0.07,0.00,148,0,0,0,0,0,2026-09-09T18:27:29.4756890Z
3.43ms,291.9,0,74,30009,"mass_navigation_agent_health_text_light:8568,mass_navigation_agent_health_hud_light:8568,mass_navigation_agent_azure_light:2142,mass_navigation_agent_crimson_light:2142,mass_navigation_agent_amber_light:2142,mass_navigation_agent_emerald_light:2142,mass_navigation_agent_health_text_heavy:1432,mass_navigation_agent_health_hud_heavy:1432",0,0,74,74/6,0.01,0.03,0.00,0.00,0.02,3.17,0.02,0.00,0.19,EffectProcessingLoopSystem:0.19,:0.00,:0.00,2.90,PresenterEntityTransformSyncSystem:0.79,AnimatorRuntimeSystem:0.60,TerrainHeightSyncSystem:0.36,0.00,0,0,0,0,0,0.60,0.79,0.19,10009/0,0.00,0/0,0.36,10009,0.00,0.00/0.00/0.00/0.00,0.00/0.00/0.00,0.00/0.00/0.00/0.00/0.00/0.00,0.00/0.00/0.00/0.00/0.00,0.16,0.03,0.00,0.13,0.16,0.00,0.01,148,0,0,0.06,0.01,4/0,0.00,0,0,0,0,0.04,0.00,0.00,0.00,0,0.00,0.00,0,0,0/0,0.00,0,0,0.00,0,0,0.00,0,0,0.00,0.00,0,0,0,0.00,0.00,0.00,0.00,0.00,0.00,0.32,0.00,0,0.00,0,0,0/0/0,0.05,0.00,148,0,0,0,0,0,2026-09-09T18:27:29.9320566Z
3.79ms,263.9,0,74,30009,"mass_navigation_agent_health_text_light:8568,mass_navigation_agent_health_hud_light:8568,mass_navigation_agent_azure_light:2142,mass_navigation_agent_crimson_light:2142,mass_navigation_agent_amber_light:2142,mass_navigation_agent_emerald_light:2142,mass_navigation_agent_health_text_heavy:1432,mass_navigation_agent_health_hud_heavy:1432",0,0,74,74/6,0.01,0.04,0.00,0.00,0.02,3.39,0.02,0.00,0.20,EffectProcessingLoopSystem:0.20,:0.00,:0.00,3.12,PresenterEntityTransformSyncSystem:0.84,AnimatorRuntimeSystem:0.59,TerrainHeightSyncSystem:0.40,0.00,0,0,0,0,0,0.59,0.84,0.23,10009/0,0.00,0/0,0.40,10009,0.00,0.00/0.00/0.00/0.00,0.00/0.00/0.00,0.00/0.00/0.00/0.00/0.00/0.00,0.00/0.00/0.00/0.00/0.00,0.17,0.03,0.00,0.14,0.17,0.00,0.02,148,0,0,0.08,0.01,4/0,0.00,0,0,0,0,0.05,0.00,0.00,0.00,0,0.00,0.00,0,0,0/0,0.00,0,0,0.00,0,0,0.00,0,0,0.00,0.00,0,0,0,0.00,0.00,0.00,0.00,0.00,0.00,0.36,0.00,0,0.00,0,0,0/0/0,0.11,0.00,148,0,0,0,0,0,2026-09-09T18:27:30.3973493Z
15.61ms,64.0,0,74,30009,"mass_navigation_agent_health_text_light:8568,mass_navigation_agent_health_hud_light:8568,mass_navigation_agent_azure_light:2142,mass_navigation_agent_crimson_light:2142,mass_navigation_agent_amber_light:2142,mass_navigation_agent_emerald_light:2142,mass_navigation_agent_health_text_heavy:1432,mass_navigation_agent_health_hud_heavy:1432",0,0,74,74/6,0.01,0.04,0.00,0.00,0.02,15.12,0.04,0.00,10.63,MassNavigationSimulationStepSystem:9.24,EffectProcessingLoopSystem:0.32,AbilityEndOrderSystem:0.25,4.44,PresenterEntityTransformSyncSystem:1.50,AnimatorRuntimeSystem:0.62,PresenterEmitSystem:0.53,0.01,0,0,0,0,0,0.62,1.50,0.23,10009/0,0.00,0/0,0.47,10009,0.00,0.00/0.00/0.00/0.00,0.00/0.00/0.00,0.00/0.00/0.00/0.00/0.00/0.00,0.00/0.00/0.00/0.00/0.00,0.27,0.04,0.00,0.22,0.27,0.00,0.02,148,0,0,0.09,0.01,4/0,0.00,0,0,0,0,0.06,0.00,0.00,0.00,0,0.00,0.00,0,0,0/0,0.00,0,0,0.00,0,0,0.00,0,0,0.00,0.00,0,0,0,0.00,0.00,0.00,0.00,0.00,0.00,0.53,0.00,0,0.00,0,0,0/0/0,0.13,0.00,148,0,0,0,0,0,2026-09-09T18:27:30.8707294Z
4.14ms,241.4,0,74,30009,"mass_navigation_agent_health_text_light:8568,mass_navigation_agent_health_hud_light:8568,mass_navigation_agent_azure_light:2142,mass_navigation_agent_crimson_light:2142,mass_navigation_agent_amber_light:2142,mass_navigation_agent_emerald_light:2142,mass_navigation_agent_health_text_heavy:1432,mass_navigation_agent_health_hud_heavy:1432",0,0,74,74/6,0.01,0.04,0.00,0.00,0.02,3.75,0.02,0.00,0.21,EffectProcessingLoopSystem:0.20,:0.00,:0.00,3.48,PresenterEntityTransformSyncSystem:0.94,AnimatorRuntimeSystem:0.74,PresenterEmitSystem:0.42,0.00,0,0,0,0,0,0.74,0.94,0.24,10009/0,0.00,0/0,0.41,10009,0.00,0.00/0.00/0.00/0.00,0.00/0.00/0.00,0.00/0.00/0.00/0.00/0.00/0.00,0.00/0.00/0.00/0.00/0.00,0.18,0.03,0.00,0.14,0.18,0.00,0.01,148,0,0,0.08,0.01,4/0,0.00,0,0,0,0,0.05,0.00,0.00,0.00,0,0.00,0.00,0,0,0/0,0.00,0,0,0.00,0,0,0.00,0,0,0.00,0.00,0,0,0,0.00,0.00,0.00,0.00,0.00,0.00,0.41,0.00,0,0.00,0,0,0/0/0,0.10,0.00,148,0,0,0,0,0,2026-09-09T18:27:31.3530148Z
6.38ms,156.8,0,74,30009,"mass_navigation_agent_health_text_light:8568,mass_navigation_agent_health_hud_light:8568,mass_navigation_agent_azure_light:2142,mass_navigation_agent_crimson_light:2142,mass_navigation_agent_amber_light:2142,mass_navigation_agent_emerald_light:2142,mass_navigation_agent_health_text_heavy:1432,mass_navigation_agent_health_hud_heavy:1432",0,0,74,74/6,0.01,0.03,0.00,0.00,0.02,6.08,0.02,0.00,2.35,MassNavigationSimulationStepSystem:1.21,EffectProcessingLoopSystem:0.29,AbilityEndOrderSystem:0.15,3.67,PresenterEntityTransformSyncSystem:1.09,AnimatorRuntimeSystem:0.66,TerrainHeightSyncSystem:0.47,0.01,0,0,0,0,0,0.66,1.09,0.21,10009/0,0.00,0/0,0.47,10009,0.00,0.00/0.00/0.00/0.00,0.00/0.00/0.00,0.00/0.00/0.00/0.00/0.00/0.00,0.00/0.00/0.00/0.00/0.00,0.21,0.03,0.00,0.17,0.21,0.00,0.01,148,0,0,0.06,0.01,4/0,0.00,0,0,0,0,0.04,0.00,0.00,0.00,0,0.00,0.00,0,0,0/0,0.00,0,0,0.00,0,0,0.00,0,0,0.00,0.00,0,0,0,0.00,0.00,0.00,0.00,0.00,0.00,0.34,0.00,0,0.00,0,0,0/0/0,0.07,0.00,148,0,0,0,0,0,2026-09-09T18:27:31.8390714Z
8.78ms,113.9,0,74,30009,"mass_navigation_agent_health_text_light:8568,mass_navigation_agent_health_hud_light:8568,mass_navigation_agent_azure_light:2142,mass_navigation_agent_crimson_light:2142,mass_navigation_agent_amber_light:2142,mass_navigation_agent_emerald_light:2142,mass_navigation_agent_health_text_heavy:1432,mass_navigation_agent_health_hud_heavy:1432",0,0,74,74/6,0.01,0.04,0.00,0.00,0.02,8.37,0.03,0.00,4.20,EffectProcessingLoopSystem:1.74,AttributeAggregatorSystem:0.68,MapEntityLifecycleObserverSystem:0.66,4.11,PresenterEntityTransformSyncSystem:1.06,PresenterEmitSystem:0.60,AnimatorRuntimeSystem:0.58,0.20,0,144,144,0,0,0.58,1.06,0.21,10009/0,0.00,0/0,0.44,10009,0.00,0.00/0.00/0.00/0.00,0.00/0.00/0.00,0.00/0.00/0.00/0.00/0.00/0.00,0.00/0.00/0.00/0.00/0.00,0.21,0.03,0.00,0.17,0.21,0.00,0.02,148,0,0,0.08,0.01,4/0,0.00,0,0,0,0,0.05,0.00,0.00,0.00,0,0.00,0.00,0,0,0/0,0.00,0,0,0.00,0,0,0.00,0,0,0.00,0.00,0,0,0,0.00,0.00,0.00,0.00,0.00,0.00,0.60,0.00,0,0.25,286,0,286/0/0,0.09,0.00,148,0,0,0,0,0,2026-09-09T18:27:32.3106292Z
9.71ms,103.0,0,74,30009,"mass_navigation_agent_health_text_light:8568,mass_navigation_agent_health_hud_light:8568,mass_navigation_agent_azure_light:2142,mass_navigation_agent_crimson_light:2142,mass_navigation_agent_amber_light:2142,mass_navigation_agent_emerald_light:2142,mass_navigation_agent_health_text_heavy:1432,mass_navigation_agent_health_hud_heavy:1432",0,0,74,74/6,0.01,0.03,0.00,0.00,0.01,9.27,0.04,0.00,5.06,EffectProcessingLoopSystem:1.90,AttributeAggregatorSystem:1.52,MapEntityLifecycleObserverSystem:0.57,4.16,PresenterEntityTransformSyncSystem:0.94,PresenterEmitSystem:0.83,AnimatorRuntimeSystem:0.60,0.20,0,181,181,0,0,0.60,0.94,0.21,10009/0,0.00,0/0,0.37,10009,0.00,0.00/0.00/0.00/0.00,0.00/0.00/0.00,0.00/0.00/0.00/0.00/0.00/0.00,0.00/0.00/0.00/0.00/0.00,0.17,0.03,0.00,0.14,0.17,0.00,0.02,148,0,0,0.08,0.01,4/0,0.00,0,0,0,0,0.05,0.00,0.00,0.00,0,0.00,0.00,0,0,0/0,0.00,0,0,0.00,0,0,0.00,0,0,0.00,0.00,0,0,0,0.00,0.00,0.00,0.00,0.00,0.00,0.83,0.00,0,0.33,360,0,360/0/0,0.09,0.00,148,0,0,0,0,0,2026-09-09T18:27:32.7998301Z
10.48ms,95.4,0,74,30009,"mass_navigation_agent_health_text_light:8568,mass_navigation_agent_health_hud_light:8568,mass_navigation_agent_azure_light:2142,mass_navigation_agent_crimson_light:2142,mass_navigation_agent_amber_light:2142,mass_navigation_agent_emerald_light:2142,mass_navigation_agent_health_text_heavy:1432,mass_navigation_agent_health_hud_heavy:1432",0,0,74,74/6,0.01,0.04,0.00,0.00,0.02,9.94,0.04,0.00,4.56,EffectProcessingLoopSystem:2.01,MassNavigationAuthoredAgentBindingSystem:0.71,MapEntityLifecycleObserverSystem:0.66,5.33,PresenterEntityTransformSyncSystem:1.60,PresenterEmitSystem:0.87,AnimatorRuntimeSystem:0.65,0.22,0,168,168,0,0,0.65,1.60,0.27,10009/0,0.00,0/0,0.48,10009,0.00,0.00/0.00/0.00/0.00,0.00/0.00/0.00,0.00/0.00/0.00/0.00/0.00/0.00,0.00/0.00/0.00/0.00/0.00,0.23,0.04,0.00,0.18,0.22,0.00,0.02,148,0,0,0.09,0.01,4/0,0.00,0,0,0,0,0.06,0.00,0.00,0.00,0,0.00,0.00,0,0,0/0,0.00,0,0,0.00,0,0,0.00,0,0,0.00,0.00,0,0,0,0.00,0.00,0.00,0.00,0.00,0.00,0.87,0.00,0,0.38,334,0,334/0/0,0.14,0.00,148,0,0,0,0,0,2026-09-09T18:27:33.2803219Z
19.34ms,51.7,0,74,30009,"mass_navigation_agent_health_text_light:8568,mass_navigation_agent_health_hud_light:8568,mass_navigation_agent_azure_light:2142,mass_navigation_agent_crimson_light:2142,mass_navigation_agent_amber_light:2142,mass_navigation_agent_emerald_light:2142,mass_navigation_agent_health_text_heavy:1432,mass_navigation_agent_health_hud_heavy:1432",0,0,74,74/6,0.01,0.04,0.00,0.00,0.01,18.86,0.03,0.00,14.15,MassNavigationSimulationStepSystem:9.22,EffectProcessingLoopSystem:1.58,MapEntityLifecycleObserverSystem:0.60,4.68,PresenterEntityTransformSyncSystem:1.36,AnimatorRuntimeSystem:0.60,PresenterEmitSystem:0.60,0.16,0,128,128,0,0,0.60,1.36,0.21,10009/0,0.00,0/0,0.46,10009,0.00,0.00/0.00/0.00/0.00,0.00/0.00/0.00,0.00/0.00/0.00/0.00/0.00/0.00,0.00/0.00/0.00/0.00/0.00,0.27,0.04,0.00,0.22,0.27,0.00,0.02,148,0,0,0.08,0.01,4/0,0.00,0,0,0,0,0.05,0.00,0.00,0.00,0,0.00,0.00,0,0,0/0,0.00,0,0,0.00,0,0,0.00,0,0,0.00,0.00,0,0,0,0.00,0.00,0.00,0.00,0.00,0.00,0.60,0.00,0,0.23,254,0,254/0/0,0.12,0.00,148,0,0,0,0,0,2026-09-09T18:27:33.7886324Z
3.60ms,278.0,0,74,30009,"mass_navigation_agent_health_text_light:8568,mass_navigation_agent_health_hud_light:8568,mass_navigation_agent_azure_light:2142,mass_navigation_agent_crimson_light:2142,mass_navigation_agent_amber_light:2142,mass_navigation_agent_emerald_light:2142,mass_navigation_agent_health_text_heavy:1432,mass_navigation_agent_health_hud_heavy:1432",0,0,74,74/6,0.03,0.03,0.00,0.00,0.02,3.23,0.02,0.00,0.20,EffectProcessingLoopSystem:0.19,:0.00,:0.00,2.97,PresenterEntityTransformSyncSystem:0.78,AnimatorRuntimeSystem:0.60,TerrainHeightSyncSystem:0.38,0.00,0,0,0,0,0,0.60,0.78,0.19,10009/0,0.00,0/0,0.38,10009,0.00,0.00/0.00/0.00/0.00,0.00/0.00/0.00,0.00/0.00/0.00/0.00/0.00/0.00,0.00/0.00/0.00/0.00/0.00,0.16,0.03,0.00,0.13,0.16,0.00,0.01,148,0,0,0.07,0.01,4/0,0.00,0,0,0,0,0.05,0.00,0.00,0.00,0,0.00,0.00,0,0,0/0,0.00,0,0,0.00,0,0,0.00,0,0,0.00,0.00,0,0,0,0.00,0.00,0.00,0.00,0.00,0.00,0.35,0.00,0,0.00,0,0,0/0/0,0.08,0.00,148,0,0,0,0,0,2026-09-09T18:27:34.2624135Z
9.21ms,108.6,0,74,30009,"mass_navigation_agent_health_text_light:8568,mass_navigation_agent_health_hud_light:8568,mass_navigation_agent_azure_light:2142,mass_navigation_agent_crimson_light:2142,mass_navigation_agent_amber_light:2142,mass_navigation_agent_emerald_light:2142,mass_navigation_agent_health_text_heavy:1432,mass_navigation_agent_health_hud_heavy:1432",0,0,74,74/6,0.01,0.03,0.00,0.00,0.01,8.81,0.03,0.00,4.49,EffectProcessingLoopSystem:1.95,AttributeAggregatorSystem:0.78,MapEntityLifecycleObserverSystem:0.66,4.28,PresenterEntityTransformSyncSystem:1.01,PresenterEmitSystem:0.70,AnimatorRuntimeSystem:0.56,0.25,0,189,189,0,0,0.56,1.01,0.22,10009/0,0.00,0/0,0.42,10009,0.00,0.00/0.00/0.00/0.00,0.00/0.00/0.00,0.00/0.00/0.00/0.00/0.00/0.00,0.00/0.00/0.00/0.00/0.00,0.26,0.04,0.00,0.21,0.25,0.00,0.02,148,0,0,0.07,0.01,4/0,0.00,0,0,0,0,0.05,0.00,0.00,0.00,0,0.00,0.00,0,0,0/0,0.00,0,0,0.00,0,0,0.00,0,0,0.00,0.00,0,0,0,0.00,0.00,0.00,0.00,0.00,0.00,0.70,0.00,0,0.33,376,0,376/0/0,0.10,0.00,148,0,0,0,0,0,2026-09-09T18:27:34.7477935Z
3.52ms,284.4,0,74,30009,"mass_navigation_agent_health_text_light:8568,mass_navigation_agent_health_hud_light:8568,mass_navigation_agent_azure_light:2142,mass_navigation_agent_crimson_light:2142,mass_navigation_agent_amber_light:2142,mass_navigation_agent_emerald_light:2142,mass_navigation_agent_health_text_heavy:1432,mass_navigation_agent_health_hud_heavy:1432",0,0,74,74/6,0.01,0.03,0.00,0.00,0.02,3.18,0.02,0.00,0.18,EffectProcessingLoopSystem:0.18,:0.00,:0.00,2.95,PresenterEntityTransformSyncSystem:0.79,AnimatorRuntimeSystem:0.57,TerrainHeightSyncSystem:0.38,0.00,0,0,0,0,0,0.57,0.79,0.19,10009/0,0.00,0/0,0.38,10009,0.00,0.00/0.00/0.00/0.00,0.00/0.00/0.00,0.00/0.00/0.00/0.00/0.00/0.00,0.00/0.00/0.00/0.00/0.00,0.17,0.03,0.00,0.13,0.17,0.00,0.01,148,0,0,0.07,0.01,4/0,0.00,0,0,0,0,0.05,0.00,0.00,0.00,0,0.00,0.00,0,0,0/0,0.00,0,0,0.00,0,0,0.00,0,0,0.00,0.00,0,0,0,0.00,0.00,0.00,0.00,0.00,0.00,0.35,0.00,0,0.00,0,0,0/0/0,0.09,0.00,148,0,0,0,0,0,2026-09-09T18:27:35.2015516Z
18.92ms,52.9,0,74,30009,"mass_navigation_agent_health_text_light:8568,mass_navigation_agent_health_hud_light:8568,mass_navigation_agent_azure_light:2142,mass_navigation_agent_crimson_light:2142,mass_navigation_agent_amber_light:2142,mass_navigation_agent_emerald_light:2142,mass_navigation_agent_health_text_heavy:1432,mass_navigation_agent_health_hud_heavy:1432",0,0,74,74/6,0.01,0.04,0.00,0.00,0.01,18.38,0.04,0.00,13.89,MassNavigationSimulationStepSystem:8.98,EffectProcessingLoopSystem:1.60,MapEntityLifecycleObserverSystem:0.60,4.45,PresenterEntityTransformSyncSystem:1.29,PresenterEmitSystem:0.61,AnimatorRuntimeSystem:0.61,0.18,0,155,155,0,0,0.61,1.29,0.23,10009/0,0.00,0/0,0.38,10009,0.00,0.00/0.00/0.00/0.00,0.00/0.00/0.00,0.00/0.00/0.00/0.00/0.00/0.00,0.00/0.00/0.00/0.00/0.00,0.21,0.04,0.00,0.16,0.21,0.00,0.02,148,0,0,0.09,0.01,4/0,0.00,0,0,0,0,0.06,0.00,0.00,0.00,0,0.00,0.00,0,0,0/0,0.00,0,0,0.00,0,0,0.00,0,0,0.00,0.00,0,0,0,0.00,0.00,0.00,0.00,0.00,0.00,0.61,0.00,0,0.24,308,0,308/0/0,0.15,0.00,148,0,0,0,0,0,2026-09-09T18:27:35.6831682Z
8.88ms,112.7,0,74,30009,"mass_navigation_agent_health_text_light:8568,mass_navigation_agent_health_hud_light:8568,mass_navigation_agent_azure_light:2142,mass_navigation_agent_crimson_light:2142,mass_navigation_agent_amber_light:2142,mass_navigation_agent_emerald_light:2142,mass_navigation_agent_health_text_heavy:1432,mass_navigation_agent_health_hud_heavy:1432",0,0,74,74/6,0.01,0.04,0.00,0.00,0.01,8.07,0.03,0.00,4.20,EffectProcessingLoopSystem:1.92,MapEntityLifecycleObserverSystem:0.65,AttributeAggregatorSystem:0.55,3.83,PresenterEntityTransformSyncSystem:0.88,PresenterEmitSystem:0.66,AnimatorRuntimeSystem:0.57,0.21,0,174,174,0,0,0.56,0.88,0.21,10009/0,0.00,0/0,0.43,10009,0.00,0.00/0.00/0.00/0.00,0.00/0.00/0.00,0.00/0.00/0.00/0.00/0.00/0.00,0.00/0.00/0.00/0.00/0.00,0.18,0.03,0.00,0.14,0.18,0.00,0.02,148,0,0,0.08,0.01,4/0,0.00,0,0,0,0,0.05,0.00,0.00,0.00,0,0.00,0.00,0,0,0/0,0.00,0,0,0.00,0,0,0.00,0,0,0.00,0.00,0,0,0,0.00,0.00,0.00,0.00,0.00,0.00,0.65,0.00,0,0.30,346,0,346/0/0,0.49,0.00,148,0,0,0,0,0,2026-09-09T18:27:36.1586368Z
10.91ms,91.7,0,74,30009,"mass_navigation_agent_health_text_light:8568,mass_navigation_agent_health_hud_light:8568,mass_navigation_agent_azure_light:2142,mass_navigation_agent_crimson_light:2142,mass_navigation_agent_amber_light:2142,mass_navigation_agent_emerald_light:2142,mass_navigation_agent_health_text_heavy:1432,mass_navigation_agent_health_hud_heavy:1432",0,0,74,74/6,0.01,0.04,0.00,0.00,0.02,10.44,0.03,0.00,5.93,EffectProcessingLoopSystem:1.61,MassNavigationSimulationStepSystem:1.36,MapEntityLifecycleObserverSystem:0.52,4.47,PresenterEntityTransformSyncSystem:1.19,AnimatorRuntimeSystem:0.65,PresenterEmitSystem:0.65,0.22,0,158,158,0,0,0.65,1.19,0.24,10009/0,0.00,0/0,0.45,10009,0.00,0.00/0.00/0.00/0.00,0.00/0.00/0.00,0.00/0.00/0.00/0.00/0.00/0.00,0.00/0.00/0.00/0.00/0.00,0.22,0.03,0.00,0.17,0.22,0.00,0.02,148,0,0,0.08,0.01,4/0,0.00,0,0,0,0,0.06,0.00,0.00,0.00,0,0.00,0.00,0,0,0/0,0.00,0,0,0.00,0,0,0.00,0,0,0.00,0.00,0,0,0,0.00,0.00,0.00,0.00,0.00,0.00,0.65,0.00,0,0.29,314,0,314/0/0,0.12,0.00,148,0,0,0,0,0,2026-09-09T18:27:36.6204060Z
3.74ms,267.1,0,74,30009,"mass_navigation_agent_health_text_light:8568,mass_navigation_agent_health_hud_light:8568,mass_navigation_agent_azure_light:2142,mass_navigation_agent_crimson_light:2142,mass_navigation_agent_amber_light:2142,mass_navigation_agent_emerald_light:2142,mass_navigation_agent_health_text_heavy:1432,mass_navigation_agent_health_hud_heavy:1432",0,0,74,74/6,0.01,0.03,0.00,0.00,0.02,3.46,0.02,0.00,0.19,EffectProcessingLoopSystem:0.18,:0.00,:0.00,3.22,PresenterEntityTransformSyncSystem:0.93,AnimatorRuntimeSystem:0.63,TerrainHeightSyncSystem:0.37,0.00,0,0,0,0,0,0.63,0.93,0.18,10009/0,0.00,0/0,0.37,10009,0.00,0.00/0.00/0.00/0.00,0.00/0.00/0.00,0.00/0.00/0.00/0.00/0.00/0.00,0.00/0.00/0.00/0.00/0.00,0.18,0.03,0.00,0.14,0.18,0.00,0.02,148,0,0,0.06,0.01,4/0,0.00,0,0,0,0,0.05,0.00,0.00,0.00,0,0.00,0.00,0,0,0/0,0.00,0,0,0.00,0,0,0.00,0,0,0.00,0.00,0,0,0,0.00,0.00,0.00,0.00,0.00,0.00,0.35,0.00,0,0.00,0,0,0/0/0,0.06,0.00,148,0,0,0,0,0,2026-09-09T18:27:37.1029697Z
3.41ms,293.1,0,74,30009,"mass_navigation_agent_health_text_light:8568,mass_navigation_agent_health_hud_light:8568,mass_navigation_agent_azure_light:2142,mass_navigation_agent_crimson_light:2142,mass_navigation_agent_amber_light:2142,mass_navigation_agent_emerald_light:2142,mass_navigation_agent_health_text_heavy:1432,mass_navigation_agent_health_hud_heavy:1432",0,0,74,74/6,0.01,0.03,0.00,0.00,0.02,3.07,0.02,0.00,0.18,EffectProcessingLoopSystem:0.18,:0.00,:0.00,2.83,PresenterEntityTransformSyncSystem:0.73,AnimatorRuntimeSystem:0.55,TerrainHeightSyncSystem:0.39,0.00,0,0,0,0,0,0.54,0.73,0.17,10009/0,0.00,0/0,0.39,10009,0.00,0.00/0.00/0.00/0.00,0.00/0.00/0.00,0.00/0.00/0.00/0.00/0.00/0.00,0.00/0.00/0.00/0.00/0.00,0.17,0.03,0.00,0.13,0.17,0.00,0.01,148,0,0,0.07,0.01,4/0,0.00,0,0,0,0,0.05,0.00,0.00,0.00,0,0.00,0.00,0,0,0/0,0.00,0,0,0.00,0,0,0.00,0,0,0.00,0.00,0,0,0,0.00,0.00,0.00,0.00,0.00,0.00,0.33,0.00,0,0.00,0,0,0/0/0,0.09,0.00,148,0,0,0,0,0,2026-09-09T18:27:37.5701905Z
3.54ms,282.6,0,74,30009,"mass_navigation_agent_health_text_light:8568,mass_navigation_agent_health_hud_light:8568,mass_navigation_agent_azure_light:2142,mass_navigation_agent_crimson_light:2142,mass_navigation_agent_amber_light:2142,mass_navigation_agent_emerald_light:2142,mass_navigation_agent_health_text_heavy:1432,mass_navigation_agent_health_hud_heavy:1432",0,0,74,74/6,0.01,0.04,0.00,0.00,0.01,3.22,0.02,0.00,0.19,EffectProcessingLoopSystem:0.18,:0.00,:0.00,2.99,PresenterEntityTransformSyncSystem:0.84,AnimatorRuntimeSystem:0.57,TerrainHeightSyncSystem:0.37,0.00,0,0,0,0,0,0.57,0.84,0.20,10009/0,0.00,0/0,0.37,10009,0.00,0.00/0.00/0.00/0.00,0.00/0.00/0.00,0.00/0.00/0.00/0.00/0.00/0.00,0.00/0.00/0.00/0.00/0.00,0.16,0.02,0.00,0.13,0.16,0.00,0.01,148,0,0,0.07,0.01,4/0,0.00,0,0,0,0,0.05,0.00,0.00,0.00,0,0.00,0.00,0,0,0/0,0.00,0,0,0.00,0,0,0.00,0,0,0.00,0.00,0,0,0,0.00,0.00,0.00,0.00,0.00,0.00,0.32,0.00,0,0.00,0,0,0/0/0,0.07,0.00,148,0,0,0,0,0,2026-09-09T18:27:38.0531570Z
3.64ms,274.9,0,74,30009,"mass_navigation_agent_health_text_light:8568,mass_navigation_agent_health_hud_light:8568,mass_navigation_agent_azure_light:2142,mass_navigation_agent_crimson_light:2142,mass_navigation_agent_amber_light:2142,mass_navigation_agent_emerald_light:2142,mass_navigation_agent_health_text_heavy:1432,mass_navigation_agent_health_hud_heavy:1432",0,0,74,74/6,0.01,0.03,0.00,0.00,0.02,3.34,0.02,0.00,0.19,EffectProcessingLoopSystem:0.19,:0.00,:0.00,3.08,PresenterEntityTransformSyncSystem:0.85,AnimatorRuntimeSystem:0.56,TerrainHeightSyncSystem:0.38,0.00,0,0,0,0,0,0.56,0.85,0.19,10009/0,0.00,0/0,0.38,10009,0.00,0.00/0.00/0.00/0.00,0.00/0.00/0.00,0.00/0.00/0.00/0.00/0.00/0.00,0.00/0.00/0.00/0.00/0.00,0.19,0.03,0.00,0.15,0.19,0.00,0.01,148,0,0,0.06,0.01,4/0,0.00,0,0,0,0,0.05,0.00,0.00,0.00,0,0.00,0.00,0,0,0/0,0.00,0,0,0.00,0,0,0.00,0,0,0.00,0.00,0,0,0,0.00,0.00,0.00,0.00,0.00,0.00,0.35,0.00,0,0.00,0,0,0/0/0,0.07,0.00,148,0,0,0,0,0,2026-09-09T18:27:38.5428641Z
3.78ms,264.6,0,74,30009,"mass_navigation_agent_health_text_light:8568,mass_navigation_agent_health_hud_light:8568,mass_navigation_agent_azure_light:2142,mass_navigation_agent_crimson_light:2142,mass_navigation_agent_amber_light:2142,mass_navigation_agent_emerald_light:2142,mass_navigation_agent_health_text_heavy:1432,mass_navigation_agent_health_hud_heavy:1432",0,0,74,74/6,0.01,0.04,0.00,0.00,0.02,3.40,0.02,0.00,0.18,EffectProcessingLoopSystem:0.18,:0.00,:0.00,3.15,PresenterEntityTransformSyncSystem:0.89,AnimatorRuntimeSystem:0.57,TerrainHeightSyncSystem:0.38,0.00,0,0,0,0,0,0.57,0.89,0.21,10009/0,0.00,0/0,0.38,10009,0.00,0.00/0.00/0.00/0.00,0.00/0.00/0.00,0.00/0.00/0.00/0.00/0.00/0.00,0.00/0.00/0.00/0.00/0.00,0.19,0.03,0.00,0.14,0.18,0.00,0.01,148,0,0,0.07,0.01,4/0,0.00,0,0,0,0,0.05,0.00,0.00,0.00,0,0.00,0.00,0,0,0/0,0.00,0,0,0.00,0,0,0.00,0,0,0.00,0.00,0,0,0,0.00,0.00,0.00,0.00,0.00,0.00,0.33,0.00,0,0.00,0,0,0/0/0,0.09,0.00,148,0,0,0,0,0,2026-09-09T18:27:39.0490308Z
3.80ms,263.0,0,74,30009,"mass_navigation_agent_health_text_light:8568,mass_navigation_agent_health_hud_light:8568,mass_navigation_agent_azure_light:2142,mass_navigation_agent_crimson_light:2142,mass_navigation_agent_amber_light:2142,mass_navigation_agent_emerald_light:2142,mass_navigation_agent_health_text_heavy:1432,mass_navigation_agent_health_hud_heavy:1432",0,0,74,74/6,0.01,0.03,0.00,0.00,0.02,3.45,0.02,0.00,0.19,EffectProcessingLoopSystem:0.19,:0.00,:0.00,3.20,PresenterEntityTransformSyncSystem:0.90,AnimatorRuntimeSystem:0.59,TerrainHeightSyncSystem:0.41,0.00,0,0,0,0,0,0.59,0.90,0.20,10009/0,0.00,0/0,0.41,10009,0.00,0.00/0.00/0.00/0.00,0.00/0.00/0.00,0.00/0.00/0.00/0.00/0.00/0.00,0.00/0.00/0.00/0.00/0.00,0.19,0.03,0.00,0.15,0.19,0.00,0.01,148,0,0,0.06,0.01,4/0,0.00,0,0,0,0,0.04,0.00,0.00,0.00,0,0.00,0.00,0,0,0/0,0.00,0,0,0.00,0,0,0.00,0,0,0.00,0.00,0,0,0,0.00,0.00,0.00,0.00,0.00,0.00,0.34,0.00,0,0.00,0,0,0/0/0,0.08,0.00,148,0,0,0,0,0,2026-09-09T18:27:39.5195303Z
18.66ms,53.6,0,74,30009,"mass_navigation_agent_health_text_light:8568,mass_navigation_agent_health_hud_light:8568,mass_navigation_agent_azure_light:2142,mass_navigation_agent_crimson_light:2142,mass_navigation_agent_amber_light:2142,mass_navigation_agent_emerald_light:2142,mass_navigation_agent_health_text_heavy:1432,mass_navigation_agent_health_hud_heavy:1432",0,0,74,74/6,0.01,0.04,0.00,0.00,0.01,18.12,0.04,0.00,13.77,MassNavigationSimulationStepSystem:9.11,EffectProcessingLoopSystem:1.54,MapEntityLifecycleObserverSystem:0.52,4.31,PresenterEntityTransformSyncSystem:1.20,PresenterEmitSystem:0.64,AnimatorRuntimeSystem:0.60,0.19,0,161,161,0,0,0.60,1.20,0.20,10009/0,0.00,0/0,0.39,10009,0.00,0.00/0.00/0.00/0.00,0.00/0.00/0.00,0.00/0.00/0.00/0.00/0.00/0.00,0.00/0.00/0.00/0.00/0.00,0.21,0.04,0.00,0.16,0.20,0.00,0.02,148,0,0,0.09,0.01,4/0,0.00,0,0,0,0,0.06,0.00,0.00,0.00,0,0.00,0.00,0,0,0/0,0.00,0,0,0.00,0,0,0.00,0,0,0.00,0.00,0,0,0,0.00,0.00,0.00,0.00,0.00,0.00,0.64,0.00,0,0.28,320,0,320/0/0,0.15,0.00,148,0,0,0,0,0,2026-09-09T18:27:40.0204228Z
18.43ms,54.3,0,74,30009,"mass_navigation_agent_health_text_light:8568,mass_navigation_agent_health_hud_light:8568,mass_navigation_agent_azure_light:2142,mass_navigation_agent_crimson_light:2142,mass_navigation_agent_amber_light:2142,mass_navigation_agent_emerald_light:2142,mass_navigation_agent_health_text_heavy:1432,mass_navigation_agent_health_hud_heavy:1432",0,0,74,74/6,0.01,0.03,0.00,0.00,0.01,18.03,0.03,0.00,14.15,MassNavigationSimulationStepSystem:9.90,EffectProcessingLoopSystem:1.42,MapEntityLifecycleObserverSystem:0.55,3.85,PresenterEntityTransformSyncSystem:0.90,AnimatorRuntimeSystem:0.61,PresenterEmitSystem:0.59,0.18,0,154,154,0,0,0.61,0.90,0.22,10009/0,0.00,0/0,0.43,10009,0.00,0.00/0.00/0.00/0.00,0.00/0.00/0.00,0.00/0.00/0.00/0.00/0.00/0.00,0.00/0.00/0.00/0.00/0.00,0.21,0.03,0.00,0.17,0.21,0.00,0.02,148,0,0,0.07,0.01,4/0,0.00,0,0,0,0,0.05,0.00,0.00,0.00,0,0.00,0.00,0,0,0/0,0.00,0,0,0.00,0,0,0.00,0,0,0.00,0.00,0,0,0,0.00,0.00,0.00,0.00,0.00,0.00,0.59,0.00,0,0.26,306,0,306/0/0,0.11,0.00,148,0,0,0,0,0,2026-09-09T18:27:40.5079313Z
9.59ms,104.3,0,74,30009,"mass_navigation_agent_health_text_light:8568,mass_navigation_agent_health_hud_light:8568,mass_navigation_agent_azure_light:2142,mass_navigation_agent_crimson_light:2142,mass_navigation_agent_amber_light:2142,mass_navigation_agent_emerald_light:2142,mass_navigation_agent_health_text_heavy:1432,mass_navigation_agent_health_hud_heavy:1432",0,0,74,74/6,0.01,0.04,0.00,0.00,0.01,9.16,0.03,0.00,4.96,EffectProcessingLoopSystem:1.72,MapEntityLifecycleObserverSystem:0.62,AttributeAggregatorSystem:0.61,4.16,PresenterEntityTransformSyncSystem:1.12,PresenterEmitSystem:0.66,AnimatorRuntimeSystem:0.58,0.25,0,176,176,0,0,0.58,1.11,0.24,10009/0,0.00,0/0,0.38,10009,0.00,0.00/0.00/0.00/0.00,0.00/0.00/0.00,0.00/0.00/0.00/0.00/0.00/0.00,0.00/0.00/0.00/0.00/0.00,0.18,0.03,0.00,0.14,0.18,0.00,0.02,148,0,0,0.08,0.01,4/0,0.00,0,0,0,0,0.05,0.00,0.00,0.00,0,0.00,0.00,0,0,0/0,0.00,0,0,0.00,0,0,0.00,0,0,0.00,0.00,0,0,0,0.00,0.00,0.00,0.00,0.00,0.00,0.66,0.00,0,0.31,350,0,350/0/0,0.11,0.00,148,0,0,0,0,0,2026-09-09T18:27:41.0110130Z
11.90ms,84.0,0,74,30009,"mass_navigation_agent_health_text_light:8568,mass_navigation_agent_health_hud_light:8568,mass_navigation_agent_azure_light:2142,mass_navigation_agent_crimson_light:2142,mass_navigation_agent_amber_light:2142,mass_navigation_agent_emerald_light:2142,mass_navigation_agent_health_text_heavy:1432,mass_navigation_agent_health_hud_heavy:1432",0,0,74,74/6,0.01,0.04,0.00,0.00,0.01,11.46,0.03,0.00,6.87,MassNavigationSimulationStepSystem:1.79,EffectProcessingLoopSystem:1.78,AttributeAggregatorSystem:0.59,4.55,PresenterEntityTransformSyncSystem:1.19,PresenterEmitSystem:0.79,AnimatorRuntimeSystem:0.63,0.26,0,178,178,0,0,0.63,1.19,0.21,10009/0,0.00,0/0,0.43,10009,0.00,0.00/0.00/0.00/0.00,0.00/0.00/0.00,0.00/0.00/0.00/0.00/0.00/0.00,0.00/0.00/0.00/0.00/0.00,0.22,0.04,0.00,0.17,0.22,0.00,0.02,148,0,0,0.08,0.01,4/0,0.00,0,0,0,0,0.05,0.00,0.00,0.00,0,0.00,0.00,0,0,0/0,0.00,0,0,0.00,0,0,0.00,0,0,0.00,0.00,0,0,0,0.00,0.00,0.00,0.00,0.00,0.00,0.79,0.00,0,0.33,354,0,354/0/0,0.11,0.00,148,0,0,0,0,0,2026-09-09T18:27:41.4834089Z
3.54ms,282.3,0,74,30009,"mass_navigation_agent_health_text_light:8568,mass_navigation_agent_health_hud_light:8568,mass_navigation_agent_azure_light:2142,mass_navigation_agent_crimson_light:2142,mass_navigation_agent_amber_light:2142,mass_navigation_agent_emerald_light:2142,mass_navigation_agent_health_text_heavy:1432,mass_navigation_agent_health_hud_heavy:1432",0,0,74,74/6,0.01,0.03,0.00,0.00,0.02,3.22,0.02,0.00,0.20,EffectProcessingLoopSystem:0.19,:0.00,:0.00,2.97,PresenterEntityTransformSyncSystem:0.78,AnimatorRuntimeSystem:0.58,TerrainHeightSyncSystem:0.42,0.00,0,0,0,0,0,0.58,0.78,0.19,10009/0,0.00,0/0,0.42,10009,0.00,0.00/0.00/0.00/0.00,0.00/0.00/0.00,0.00/0.00/0.00/0.00/0.00/0.00,0.00/0.00/0.00/0.00/0.00,0.17,0.03,0.00,0.14,0.17,0.00,0.01,148,0,0,0.07,0.01,4/0,0.00,0,0,0,0,0.05,0.00,0.00,0.00,0,0.00,0.00,0,0,0/0,0.00,0,0,0.00,0,0,0.00,0,0,0.00,0.00,0,0,0,0.00,0.00,0.00,0.00,0.00,0.00,0.31,0.00,0,0.00,0,0,0/0/0,0.07,0.00,148,0,0,0,0,0,2026-09-09T18:27:41.9673828Z
3.82ms,262.1,0,74,30009,"mass_navigation_agent_health_text_light:8568,mass_navigation_agent_health_hud_light:8568,mass_navigation_agent_azure_light:2142,mass_navigation_agent_crimson_light:2142,mass_navigation_agent_amber_light:2142,mass_navigation_agent_emerald_light:2142,mass_navigation_agent_health_text_heavy:1432,mass_navigation_agent_health_hud_heavy:1432",0,0,74,74/6,0.01,0.04,0.00,0.00,0.02,3.46,0.02,0.00,0.20,EffectProcessingLoopSystem:0.20,:0.00,:0.00,3.19,PresenterEntityTransformSyncSystem:0.94,AnimatorRuntimeSystem:0.57,TerrainHeightSyncSystem:0.40,0.00,0,0,0,0,0,0.57,0.94,0.19,10009/0,0.00,0/0,0.40,10009,0.00,0.00/0.00/0.00/0.00,0.00/0.00/0.00,0.00/0.00/0.00/0.00/0.00/0.00,0.00/0.00/0.00/0.00/0.00,0.19,0.03,0.00,0.16,0.19,0.00,0.01,148,0,0,0.07,0.01,4/0,0.00,0,0,0,0,0.05,0.00,0.00,0.00,0,0.00,0.00,0,0,0/0,0.00,0,0,0.00,0,0,0.00,0,0,0.00,0.00,0,0,0,0.00,0.00,0.00,0.00,0.00,0.00,0.35,0.00,0,0.00,0,0,0/0/0,0.09,0.00,148,0,0,0,0,0,2026-09-09T18:27:42.4785388Z
9.04ms,110.6,0,74,30009,"mass_navigation_agent_health_text_light:8568,mass_navigation_agent_health_hud_light:8568,mass_navigation_agent_azure_light:2142,mass_navigation_agent_crimson_light:2142,mass_navigation_agent_amber_light:2142,mass_navigation_agent_emerald_light:2142,mass_navigation_agent_health_text_heavy:1432,mass_navigation_agent_health_hud_heavy:1432",0,0,74,74/6,0.01,0.03,0.00,0.00,0.01,8.71,0.02,0.00,4.75,EffectProcessingLoopSystem:1.71,MapEntityLifecycleObserverSystem:0.53,AttributeAggregatorSystem:0.52,3.91,PresenterEntityTransformSyncSystem:0.96,PresenterEmitSystem:0.63,AnimatorRuntimeSystem:0.59,0.21,0,160,160,0,0,0.59,0.96,0.22,10009/0,0.00,0/0,0.39,10009,0.00,0.00/0.00/0.00/0.00,0.00/0.00/0.00,0.00/0.00/0.00/0.00/0.00/0.00,0.00/0.00/0.00/0.00/0.00,0.20,0.03,0.00,0.16,0.19,0.00,0.02,148,0,0,0.07,0.01,4/0,0.00,0,0,0,0,0.05,0.00,0.00,0.00,0,0.00,0.00,0,0,0/0,0.00,0,0,0.00,0,0,0.00,0,0,0.00,0.00,0,0,0,0.00,0.00,0.00,0.00,0.00,0.00,0.63,0.00,0,0.27,318,0,318/0/0,0.08,0.00,148,0,0,0,0,0,2026-09-09T18:27:42.9728341Z
3.96ms,252.3,0,74,30009,"mass_navigation_agent_health_text_light:8568,mass_navigation_agent_health_hud_light:8568,mass_navigation_agent_azure_light:2142,mass_navigation_agent_crimson_light:2142,mass_navigation_agent_amber_light:2142,mass_navigation_agent_emerald_light:2142,mass_navigation_agent_health_text_heavy:1432,mass_navigation_agent_health_hud_heavy:1432",0,0,74,74/6,0.01,0.04,0.00,0.00,0.02,3.58,0.03,0.00,0.19,EffectProcessingLoopSystem:0.19,:0.00,:0.00,3.33,PresenterEntityTransformSyncSystem:0.91,AnimatorRuntimeSystem:0.60,TerrainHeightSyncSystem:0.41,0.00,0,0,0,0,0,0.60,0.91,0.20,10009/0,0.00,0/0,0.41,10009,0.00,0.00/0.00/0.00/0.00,0.00/0.00/0.00,0.00/0.00/0.00/0.00/0.00/0.00,0.00/0.00/0.00/0.00/0.00,0.28,0.03,0.00,0.24,0.28,0.00,0.02,148,0,0,0.07,0.01,4/0,0.00,0,0,0,0,0.05,0.00,0.00,0.00,0,0.00,0.00,0,0,0/0,0.00,0,0,0.00,0,0,0.00,0,0,0.00,0.00,0,0,0,0.00,0.00,0.00,0.00,0.00,0.00,0.36,0.00,0,0.00,0,0,0/0/0,0.09,0.00,148,0,0,0,0,0,2026-09-09T18:27:43.4623393Z
3.63ms,275.7,0,74,30009,"mass_navigation_agent_health_text_light:8568,mass_navigation_agent_health_hud_light:8568,mass_navigation_agent_azure_light:2142,mass_navigation_agent_crimson_light:2142,mass_navigation_agent_amber_light:2142,mass_navigation_agent_emerald_light:2142,mass_navigation_agent_health_text_heavy:1432,mass_navigation_agent_health_hud_heavy:1432",0,0,74,74/6,0.01,0.03,0.00,0.00,0.02,3.35,0.01,0.00,0.18,EffectProcessingLoopSystem:0.18,:0.00,:0.00,3.11,PresenterEntityTransformSyncSystem:0.85,AnimatorRuntimeSystem:0.58,TerrainHeightSyncSystem:0.41,0.00,0,0,0,0,0,0.58,0.85,0.23,10009/0,0.00,0/0,0.41,10009,0.00,0.00/0.00/0.00/0.00,0.00/0.00/0.00,0.00/0.00/0.00/0.00/0.00/0.00,0.00/0.00/0.00/0.00/0.00,0.17,0.03,0.00,0.14,0.17,0.00,0.01,148,0,0,0.06,0.01,4/0,0.00,0,0,0,0,0.04,0.00,0.00,0.00,0,0.00,0.00,0,0,0/0,0.00,0,0,0.00,0,0,0.00,0,0,0.00,0.00,0,0,0,0.00,0.00,0.00,0.00,0.00,0.00,0.34,0.00,0,0.00,0,0,0/0/0,0.07,0.00,148,0,0,0,0,0,2026-09-09T18:27:43.9385964Z
3.64ms,275.0,0,74,30009,"mass_navigation_agent_health_text_light:8568,mass_navigation_agent_health_hud_light:8568,mass_navigation_agent_azure_light:2142,mass_navigation_agent_crimson_light:2142,mass_navigation_agent_amber_light:2142,mass_navigation_agent_emerald_light:2142,mass_navigation_agent_health_text_heavy:1432,mass_navigation_agent_health_hud_heavy:1432",0,0,74,74/6,0.01,0.03,0.00,0.00,0.01,3.31,0.02,0.00,0.21,EffectProcessingLoopSystem:0.20,:0.00,:0.00,3.06,PresenterEntityTransformSyncSystem:0.79,AnimatorRuntimeSystem:0.56,TerrainHeightSyncSystem:0.41,0.00,0,0,0,0,0,0.56,0.79,0.20,10009/0,0.00,0/0,0.41,10009,0.00,0.00/0.00/0.00/0.00,0.00/0.00/0.00,0.00/0.00/0.00/0.00/0.00/0.00,0.00/0.00/0.00/0.00/0.00,0.19,0.03,0.00,0.16,0.19,0.00,0.01,148,0,0,0.06,0.01,4/0,0.00,0,0,0,0,0.04,0.00,0.00,0.00,0,0.00,0.00,0,0,0/0,0.00,0,0,0.00,0,0,0.00,0,0,0.00,0.00,0,0,0,0.00,0.00,0.00,0.00,0.00,0.00,0.39,0.00,0,0.00,0,0,0/0/0,0.08,0.00,148,0,0,0,0,0,2026-09-09T18:27:44.4307627Z
11.04ms,90.6,0,74,30009,"mass_navigation_agent_health_text_light:8568,mass_navigation_agent_health_hud_light:8568,mass_navigation_agent_azure_light:2142,mass_navigation_agent_crimson_light:2142,mass_navigation_agent_amber_light:2142,mass_navigation_agent_emerald_light:2142,mass_navigation_agent_health_text_heavy:1432,mass_navigation_agent_health_hud_heavy:1432",0,0,74,74/6,0.01,0.04,0.00,0.00,0.01,10.59,0.03,0.00,6.39,EffectProcessingLoopSystem:1.86,MassNavigationSimulationStepSystem:1.48,MapEntityLifecycleObserverSystem:0.54,4.15,PresenterEntityTransformSyncSystem:1.05,PresenterEmitSystem:0.66,AnimatorRuntimeSystem:0.62,0.28,0,181,181,0,0,0.62,1.05,0.20,10009/0,0.00,0/0,0.39,10009,0.00,0.00/0.00/0.00/0.00,0.00/0.00/0.00,0.00/0.00/0.00/0.00/0.00/0.00,0.00/0.00/0.00/0.00/0.00,0.19,0.03,0.00,0.15,0.19,0.00,0.02,148,0,0,0.07,0.01,4/0,0.00,0,0,0,0,0.05,0.00,0.00,0.00,0,0.00,0.00,0,0,0/0,0.00,0,0,0.00,0,0,0.00,0,0,0.00,0.00,0,0,0,0.00,0.00,0.00,0.00,0.00,0.00,0.66,0.00,0,0.30,360,0,360/0/0,0.12,0.00,148,0,0,0,0,0,2026-09-09T18:27:44.9328854Z
10.89ms,91.8,0,74,30009,"mass_navigation_agent_health_text_light:8568,mass_navigation_agent_health_hud_light:8568,mass_navigation_agent_azure_light:2142,mass_navigation_agent_crimson_light:2142,mass_navigation_agent_amber_light:2142,mass_navigation_agent_emerald_light:2142,mass_navigation_agent_health_text_heavy:1432,mass_navigation_agent_health_hud_heavy:1432",0,0,74,74/6,0.01,0.04,0.00,0.00,0.01,10.39,0.03,0.00,6.19,MassNavigationSimulationStepSystem:1.75,EffectProcessingLoopSystem:1.48,MapEntityLifecycleObserverSystem:0.55,4.16,PresenterEntityTransformSyncSystem:1.12,AnimatorRuntimeSystem:0.62,PresenterEmitSystem:0.61,0.21,0,145,145,0,0,0.62,1.12,0.21,10009/0,0.00,0/0,0.40,10009,0.00,0.00/0.00/0.00/0.00,0.00/0.00/0.00,0.00/0.00/0.00/0.00/0.00/0.00,0.00/0.00/0.00/0.00/0.00,0.20,0.03,0.00,0.16,0.19,0.00,0.02,148,0,0,0.09,0.01,4/0,0.00,0,0,0,0,0.06,0.00,0.00,0.00,0,0.00,0.00,0,0,0/0,0.00,0,0,0.00,0,0,0.00,0,0,0.00,0.00,0,0,0,0.00,0.00,0.00,0.00,0.00,0.00,0.61,0.00,0,0.26,288,0,288/0/0,0.14,0.00,148,0,0,0,0,0,2026-09-09T18:27:45.4233123Z
3.81ms,262.6,0,74,30009,"mass_navigation_agent_health_text_light:8568,mass_navigation_agent_health_hud_light:8568,mass_navigation_agent_azure_light:2142,mass_navigation_agent_crimson_light:2142,mass_navigation_agent_amber_light:2142,mass_navigation_agent_emerald_light:2142,mass_navigation_agent_health_text_heavy:1432,mass_navigation_agent_health_hud_heavy:1432",0,0,74,74/6,0.01,0.03,0.00,0.00,0.02,3.43,0.03,0.00,0.19,EffectProcessingLoopSystem:0.18,:0.00,:0.00,3.17,PresenterEntityTransformSyncSystem:0.96,AnimatorRuntimeSystem:0.60,TerrainHeightSyncSystem:0.37,0.00,0,0,0,0,0,0.60,0.96,0.21,10009/0,0.00,0/0,0.37,10009,0.00,0.00/0.00/0.00/0.00,0.00/0.00/0.00,0.00/0.00/0.00/0.00/0.00/0.00,0.00/0.00/0.00/0.00/0.00,0.18,0.03,0.00,0.14,0.18,0.00,0.02,148,0,0,0.07,0.01,4/0,0.00,0,0,0,0,0.05,0.00,0.00,0.00,0,0.00,0.00,0,0,0/0,0.00,0,0,0.00,0,0,0.00,0,0,0.00,0.00,0,0,0,0.00,0.00,0.00,0.00,0.00,0.00,0.31,0.00,0,0.00,0,0,0/0/0,0.09,0.00,148,0,0,0,0,0,2026-09-09T18:27:45.9329609Z
3.99ms,250.7,0,74,30009,"mass_navigation_agent_health_text_light:8568,mass_navigation_agent_health_hud_light:8568,mass_navigation_agent_azure_light:2142,mass_navigation_agent_crimson_light:2142,mass_navigation_agent_amber_light:2142,mass_navigation_agent_emerald_light:2142,mass_navigation_agent_health_text_heavy:1432,mass_navigation_agent_health_hud_heavy:1432",0,0,74,74/6,0.01,0.04,0.00,0.00,0.02,3.60,0.02,0.00,0.19,EffectProcessingLoopSystem:0.19,:0.00,:0.00,3.35,PresenterEntityTransformSyncSystem:0.99,AnimatorRuntimeSystem:0.65,TerrainHeightSyncSystem:0.41,0.00,0,0,0,0,0,0.65,0.99,0.19,10009/0,0.00,0/0,0.41,10009,0.00,0.00/0.00/0.00/0.00,0.00/0.00/0.00,0.00/0.00/0.00/0.00/0.00/0.00,0.00/0.00/0.00/0.00/0.00,0.19,0.03,0.00,0.15,0.18,0.00,0.01,148,0,0,0.08,0.01,4/0,0.00,0,0,0,0,0.05,0.00,0.00,0.00,0,0.00,0.00,0,0,0/0,0.00,0,0,0.00,0,0,0.00,0,0,0.00,0.00,0,0,0,0.00,0.00,0.00,0.00,0.00,0.00,0.36,0.00,0,0.00,0,0,0/0/0,0.09,0.00,148,0,0,0,0,0,2026-09-09T18:27:46.4186722Z
3.52ms,284.2,0,74,30009,"mass_navigation_agent_health_text_light:8568,mass_navigation_agent_health_hud_light:8568,mass_navigation_agent_azure_light:2142,mass_navigation_agent_crimson_light:2142,mass_navigation_agent_amber_light:2142,mass_navigation_agent_emerald_light:2142,mass_navigation_agent_health_text_heavy:1432,mass_navigation_agent_health_hud_heavy:1432",0,0,74,74/6,0.01,0.03,0.00,0.00,0.01,3.24,0.02,0.00,0.19,EffectProcessingLoopSystem:0.18,:0.00,:0.00,3.01,PresenterEntityTransformSyncSystem:0.76,AnimatorRuntimeSystem:0.57,TerrainHeightSyncSystem:0.40,0.00,0,0,0,0,0,0.57,0.76,0.23,10009/0,0.00,0/0,0.40,10009,0.00,0.00/0.00/0.00/0.00,0.00/0.00/0.00,0.00/0.00/0.00/0.00/0.00/0.00,0.00/0.00/0.00/0.00/0.00,0.17,0.03,0.00,0.14,0.17,0.00,0.01,148,0,0,0.06,0.01,4/0,0.00,0,0,0,0,0.05,0.00,0.00,0.00,0,0.00,0.00,0,0,0/0,0.00,0,0,0.00,0,0,0.00,0,0,0.00,0.00,0,0,0,0.00,0.00,0.00,0.00,0.00,0.00,0.37,0.00,0,0.00,0,0,0/0/0,0.06,0.00,148,0,0,0,0,0,2026-09-09T18:27:46.9125387Z
10.32ms,96.9,0,74,30009,"mass_navigation_agent_health_text_light:8568,mass_navigation_agent_health_hud_light:8568,mass_navigation_agent_azure_light:2142,mass_navigation_agent_crimson_light:2142,mass_navigation_agent_amber_light:2142,mass_navigation_agent_emerald_light:2142,mass_navigation_agent_health_text_heavy:1432,mass_navigation_agent_health_hud_heavy:1432",0,0,74,74/6,0.01,0.04,0.00,0.00,0.01,9.67,0.03,0.00,5.67,MassNavigationSimulationStepSystem:1.43,EffectProcessingLoopSystem:1.35,MapEntityLifecycleObserverSystem:0.61,3.95,PresenterEntityTransformSyncSystem:1.00,AnimatorRuntimeSystem:0.62,PresenterEmitSystem:0.58,0.16,0,130,130,0,0,0.62,1.00,0.21,10009/0,0.00,0/0,0.42,10009,0.00,0.00/0.00/0.00/0.00,0.00/0.00/0.00,0.00/0.00/0.00/0.00/0.00/0.00,0.00/0.00/0.00/0.00/0.00,0.20,0.03,0.00,0.16,0.20,0.00,0.02,148,0,0,0.08,0.01,4/0,0.00,0,0,0,0,0.06,0.00,0.00,0.00,0,0.00,0.00,0,0,0/0,0.00,0,0,0.00,0,0,0.00,0,0,0.00,0.00,0,0,0,0.00,0.00,0.00,0.00,0.00,0.00,0.58,0.00,0,0.22,258,0,258/0/0,0.37,0.00,148,0,0,0,0,0,2026-09-09T18:27:47.4107458Z
10.33ms,96.8,0,74,30009,"mass_navigation_agent_health_text_light:8568,mass_navigation_agent_health_hud_light:8568,mass_navigation_agent_azure_light:2142,mass_navigation_agent_crimson_light:2142,mass_navigation_agent_amber_light:2142,mass_navigation_agent_emerald_light:2142,mass_navigation_agent_health_text_heavy:1432,mass_navigation_agent_health_hud_heavy:1432",0,0,74,74/6,0.01,0.04,0.00,0.00,0.01,9.88,0.03,0.00,5.79,EffectProcessingLoopSystem:1.51,MassNavigationSimulationStepSystem:1.37,MapEntityLifecycleObserverSystem:0.52,4.05,PresenterEntityTransformSyncSystem:1.00,PresenterEmitSystem:0.63,AnimatorRuntimeSystem:0.60,0.20,0,159,159,0,0,0.60,1.00,0.22,10009/0,0.00,0/0,0.43,10009,0.00,0.00/0.00/0.00/0.00,0.00/0.00/0.00,0.00/0.00/0.00/0.00/0.00/0.00,0.00/0.00/0.00/0.00/0.00,0.19,0.03,0.00,0.15,0.19,0.00,0.02,148,0,0,0.08,0.01,4/0,0.00,0,0,0,0,0.06,0.00,0.00,0.00,0,0.00,0.00,0,0,0/0,0.00,0,0,0.00,0,0,0.00,0,0,0.00,0.00,0,0,0,0.00,0.00,0.00,0.00,0.00,0.00,0.63,0.00,0,0.27,316,0,316/0/0,0.12,0.00,148,0,0,0,0,0,2026-09-09T18:27:47.8848045Z
11.08ms,90.2,0,74,30009,"mass_navigation_agent_health_text_light:8568,mass_navigation_agent_health_hud_light:8568,mass_navigation_agent_azure_light:2142,mass_navigation_agent_crimson_light:2142,mass_navigation_agent_amber_light:2142,mass_navigation_agent_emerald_light:2142,mass_navigation_agent_health_text_heavy:1432,mass_navigation_agent_health_hud_heavy:1432",0,0,74,74/6,0.01,0.04,0.00,0.00,0.02,10.56,0.03,0.00,6.18,EffectProcessingLoopSystem:1.87,MassNavigationSimulationStepSystem:1.33,MassNavigationAuthoredAgentBindingSystem:0.54,4.31,PresenterEntityTransformSyncSystem:1.07,PresenterEmitSystem:0.68,AnimatorRuntimeSystem:0.62,0.28,0,167,167,0,0,0.62,1.07,0.24,10009/0,0.00,0/0,0.40,10009,0.00,0.00/0.00/0.00/0.00,0.00/0.00/0.00,0.00/0.00/0.00/0.00/0.00/0.00,0.00/0.00/0.00/0.00/0.00,0.20,0.03,0.00,0.16,0.20,0.00,0.02,148,0,0,0.09,0.01,4/0,0.00,0,0,0,0,0.06,0.00,0.00,0.00,0,0.00,0.00,0,0,0/0,0.00,0,0,0.00,0,0,0.00,0,0,0.00,0.00,0,0,0,0.00,0.00,0.00,0.00,0.00,0.00,0.68,0.00,0,0.28,332,0,332/0/0,0.14,0.00,148,0,0,0,0,0,2026-09-09T18:27:48.3810285Z
11.38ms,87.8,0,74,30009,"mass_navigation_agent_health_text_light:8568,mass_navigation_agent_health_hud_light:8568,mass_navigation_agent_azure_light:2142,mass_navigation_agent_crimson_light:2142,mass_navigation_agent_amber_light:2142,mass_navigation_agent_emerald_light:2142,mass_navigation_agent_health_text_heavy:1432,mass_navigation_agent_health_hud_heavy:1432",0,0,74,74/6,0.01,0.04,0.00,0.00,0.01,10.89,0.03,0.00,6.45,EffectProcessingLoopSystem:1.75,MassNavigationSimulationStepSystem:1.38,AttributeAggregatorSystem:0.65,4.39,PresenterEntityTransformSyncSystem:1.12,PresenterEmitSystem:0.73,AnimatorRuntimeSystem:0.63,0.25,0,171,171,0,0,0.63,1.12,0.20,10009/0,0.00,0/0,0.40,10009,0.00,0.00/0.00/0.00/0.00,0.00/0.00/0.00,0.00/0.00/0.00/0.00/0.00/0.00,0.00/0.00/0.00/0.00/0.00,0.20,0.03,0.00,0.16,0.20,0.00,0.02,148,0,0,0.08,0.01,4/0,0.00,0,0,0,0,0.06,0.00,0.00,0.00,0,0.00,0.00,0,0,0/0,0.00,0,0,0.00,0,0,0.00,0,0,0.00,0.00,0,0,0,0.00,0.00,0.00,0.00,0.00,0.00,0.73,0.00,0,0.30,340,0,340/0/0,0.14,0.00,148,0,0,0,0,0,2026-09-09T18:27:48.8695719Z
3.51ms,285.1,0,74,30009,"mass_navigation_agent_health_text_light:8568,mass_navigation_agent_health_hud_light:8568,mass_navigation_agent_azure_light:2142,mass_navigation_agent_crimson_light:2142,mass_navigation_agent_amber_light:2142,mass_navigation_agent_emerald_light:2142,mass_navigation_agent_health_text_heavy:1432,mass_navigation_agent_health_hud_heavy:1432",0,0,74,74/6,0.01,0.03,0.00,0.00,0.01,3.19,0.02,0.00,0.19,EffectProcessingLoopSystem:0.19,:0.00,:0.00,2.96,PresenterEntityTransformSyncSystem:0.80,AnimatorRuntimeSystem:0.58,TerrainHeightSyncSystem:0.43,0.00,0,0,0,0,0,0.58,0.80,0.18,10009/0,0.00,0/0,0.43,10009,0.00,0.00/0.00/0.00/0.00,0.00/0.00/0.00,0.00/0.00/0.00/0.00/0.00/0.00,0.00/0.00/0.00/0.00/0.00,0.17,0.03,0.00,0.14,0.17,0.00,0.01,148,0,0,0.06,0.01,4/0,0.00,0,0,0,0,0.05,0.00,0.00,0.00,0,0.00,0.00,0,0,0/0,0.00,0,0,0.00,0,0,0.00,0,0,0.00,0.00,0,0,0,0.00,0.00,0.00,0.00,0.00,0.00,0.33,0.00,0,0.00,0,0,0/0/0,0.09,0.00,148,0,0,0,0,0,2026-09-09T18:27:49.3678474Z
19.49ms,51.3,0,74,30009,"mass_navigation_agent_health_text_light:8568,mass_navigation_agent_health_hud_light:8568,mass_navigation_agent_azure_light:2142,mass_navigation_agent_crimson_light:2142,mass_navigation_agent_amber_light:2142,mass_navigation_agent_emerald_light:2142,mass_navigation_agent_health_text_heavy:1432,mass_navigation_agent_health_hud_heavy:1432",0,0,74,74/6,0.01,0.04,0.00,0.00,0.01,18.97,0.04,0.00,14.49,MassNavigationSimulationStepSystem:10.05,EffectProcessingLoopSystem:1.45,MapEntityLifecycleObserverSystem:0.51,4.43,PresenterEntityTransformSyncSystem:1.25,PresenterEmitSystem:0.64,AnimatorRuntimeSystem:0.62,0.22,0,157,157,0,0,0.62,1.24,0.22,10009/0,0.00,0/0,0.41,10009,0.00,0.00/0.00/0.00/0.00,0.00/0.00/0.00,0.00/0.00/0.00/0.00/0.00/0.00,0.00/0.00/0.00/0.00/0.00,0.21,0.03,0.00,0.16,0.20,0.00,0.02,148,0,0,0.08,0.01,4/0,0.00,0,0,0,0,0.05,0.00,0.00,0.00,0,0.00,0.00,0,0,0/0,0.00,0,0,0.00,0,0,0.00,0,0,0.00,0.00,0,0,0,0.00,0.00,0.00,0.00,0.00,0.00,0.64,0.00,0,0.27,312,0,312/0/0,0.15,0.00,148,0,0,0,0,0,2026-09-09T18:27:49.8717618Z
19.32ms,51.8,0,74,30009,"mass_navigation_agent_health_text_light:8568,mass_navigation_agent_health_hud_light:8568,mass_navigation_agent_azure_light:2142,mass_navigation_agent_crimson_light:2142,mass_navigation_agent_amber_light:2142,mass_navigation_agent_emerald_light:2142,mass_navigation_agent_health_text_heavy:1432,mass_navigation_agent_health_hud_heavy:1432",0,0,74,74/6,0.01,0.04,0.00,0.00,0.01,18.82,0.04,0.00,14.46,MassNavigationSimulationStepSystem:9.56,EffectProcessingLoopSystem:1.81,MapEntityLifecycleObserverSystem:0.55,4.31,PresenterEntityTransformSyncSystem:1.06,PresenterEmitSystem:0.67,AnimatorRuntimeSystem:0.61,0.18,0,156,156,0,0,0.61,1.06,0.25,10009/0,0.00,0/0,0.43,10009,0.00,0.00/0.00/0.00/0.00,0.00/0.00/0.00,0.00/0.00/0.00/0.00/0.00/0.00,0.00/0.00/0.00/0.00/0.00,0.30,0.04,0.00,0.26,0.30,0.00,0.02,148,0,0,0.08,0.01,4/0,0.00,0,0,0,0,0.05,0.00,0.00,0.00,0,0.00,0.00,0,0,0/0,0.00,0,0,0.00,0,0,0.00,0,0,0.00,0.00,0,0,0,0.00,0.00,0.00,0.00,0.00,0.00,0.67,0.00,0,0.27,310,0,310/0/0,0.14,0.00,148,0,0,0,0,0,2026-09-09T18:27:50.3775754Z
16.61ms,60.2,0,74,30009,"mass_navigation_agent_health_text_light:8568,mass_navigation_agent_health_hud_light:8568,mass_navigation_agent_azure_light:2142,mass_navigation_agent_crimson_light:2142,mass_navigation_agent_amber_light:2142,mass_navigation_agent_emerald_light:2142,mass_navigation_agent_health_text_heavy:1432,mass_navigation_agent_health_hud_heavy:1432",0,0,74,74/6,0.01,0.04,0.00,0.00,0.02,15.99,0.04,0.00,11.21,MassNavigationSimulationStepSystem:9.77,AbilityEndOrderSystem:0.35,EffectProcessingLoopSystem:0.28,4.72,PresenterEntityTransformSyncSystem:1.67,AnimatorRuntimeSystem:0.68,TerrainHeightSyncSystem:0.46,0.01,0,0,0,0,0,0.68,1.67,0.27,10009/0,0.00,0/0,0.46,10009,0.00,0.00/0.00/0.00/0.00,0.00/0.00/0.00,0.00/0.00/0.00/0.00/0.00/0.00,0.00/0.00/0.00/0.00/0.00,0.26,0.04,0.00,0.20,0.26,0.00,0.02,148,0,0,0.09,0.01,4/0,0.00,0,0,0,0,0.06,0.00,0.00,0.00,0,0.00,0.00,0,0,0/0,0.00,0,0,0.00,0,0,0.00,0,0,0.00,0.00,0,0,0,0.00,0.00,0.00,0.00,0.00,0.00,0.46,0.00,0,0.00,0,0,0/0/0,0.18,0.00,148,0,0,0,0,0,2026-09-09T18:27:50.8816500Z
11.27ms,88.7,0,74,30009,"mass_navigation_agent_health_text_light:8568,mass_navigation_agent_health_hud_light:8568,mass_navigation_agent_azure_light:2142,mass_navigation_agent_crimson_light:2142,mass_navigation_agent_amber_light:2142,mass_navigation_agent_emerald_light:2142,mass_navigation_agent_health_text_heavy:1432,mass_navigation_agent_health_hud_heavy:1432",0,0,74,74/6,0.01,0.05,0.00,0.00,0.01,10.79,0.03,0.00,6.50,MassNavigationSimulationStepSystem:1.72,EffectProcessingLoopSystem:1.63,MapEntityLifecycleObserverSystem:0.55,4.24,PresenterEntityTransformSyncSystem:1.10,AnimatorRuntimeSystem:0.64,PresenterEmitSystem:0.63,0.21,0,154,154,0,0,0.64,1.10,0.25,10009/0,0.00,0/0,0.42,10009,0.00,0.00/0.00/0.00/0.00,0.00/0.00/0.00,0.00/0.00/0.00/0.00/0.00/0.00,0.00/0.00/0.00/0.00/0.00,0.20,0.03,0.00,0.16,0.20,0.00,0.02,148,0,0,0.09,0.01,4/0,0.00,0,0,0,0,0.06,0.00,0.00,0.00,0,0.00,0.00,0,0,0/0,0.00,0,0,0.00,0,0,0.00,0,0,0.00,0.00,0,0,0,0.00,0.00,0.00,0.00,0.00,0.00,0.62,0.00,0,0.26,306,0,306/0/0,0.13,0.00,148,0,0,0,0,0,2026-09-09T18:27:51.3817572Z
3.66ms,272.9,0,74,30009,"mass_navigation_agent_health_text_light:8568,mass_navigation_agent_health_hud_light:8568,mass_navigation_agent_azure_light:2142,mass_navigation_agent_crimson_light:2142,mass_navigation_agent_amber_light:2142,mass_navigation_agent_emerald_light:2142,mass_navigation_agent_health_text_heavy:1432,mass_navigation_agent_health_hud_heavy:1432",0,0,74,74/6,0.01,0.04,0.00,0.00,0.02,3.30,0.02,0.00,0.18,EffectProcessingLoopSystem:0.18,:0.00,:0.00,3.07,PresenterEntityTransformSyncSystem:0.82,AnimatorRuntimeSystem:0.58,TerrainHeightSyncSystem:0.41,0.00,0,0,0,0,0,0.58,0.82,0.21,10009/0,0.00,0/0,0.41,10009,0.00,0.00/0.00/0.00/0.00,0.00/0.00/0.00,0.00/0.00/0.00/0.00/0.00/0.00,0.00/0.00/0.00/0.00/0.00,0.18,0.03,0.00,0.14,0.18,0.00,0.01,148,0,0,0.07,0.01,4/0,0.00,0,0,0,0,0.05,0.00,0.00,0.00,0,0.00,0.00,0,0,0/0,0.00,0,0,0.00,0,0,0.00,0,0,0.00,0.00,0,0,0,0.00,0.00,0.00,0.00,0.00,0.00,0.34,0.00,0,0.00,0,0,0/0/0,0.09,0.00,148,0,0,0,0,0,2026-09-09T18:27:51.8779013Z
3.45ms,289.9,0,74,30009,"mass_navigation_agent_health_text_light:8568,mass_navigation_agent_health_hud_light:8568,mass_navigation_agent_azure_light:2142,mass_navigation_agent_crimson_light:2142,mass_navigation_agent_amber_light:2142,mass_navigation_agent_emerald_light:2142,mass_navigation_agent_health_text_heavy:1432,mass_navigation_agent_health_hud_heavy:1432",0,0,74,74/6,0.01,0.03,0.00,0.00,0.01,3.11,0.02,0.00,0.18,EffectProcessingLoopSystem:0.18,:0.00,:0.00,2.89,PresenterEntityTransformSyncSystem:0.76,AnimatorRuntimeSystem:0.56,TerrainHeightSyncSystem:0.40,0.00,0,0,0,0,0,0.56,0.76,0.20,10009/0,0.00,0/0,0.40,10009,0.00,0.00/0.00/0.00/0.00,0.00/0.00/0.00,0.00/0.00/0.00/0.00/0.00/0.00,0.00/0.00/0.00/0.00/0.00,0.17,0.03,0.00,0.13,0.16,0.00,0.01,148,0,0,0.07,0.01,4/0,0.00,0,0,0,0,0.05,0.00,0.00,0.00,0,0.00,0.00,0,0,0/0,0.00,0,0,0.00,0,0,0.00,0,0,0.00,0.00,0,0,0,0.00,0.00,0.00,0.00,0.00,0.00,0.33,0.00,0,0.00,0,0,0/0/0,0.09,0.00,148,0,0,0,0,0,2026-09-09T18:27:52.3736517Z
17.98ms,55.6,0,74,30009,"mass_navigation_agent_health_text_light:8568,mass_navigation_agent_health_hud_light:8568,mass_navigation_agent_azure_light:2142,mass_navigation_agent_crimson_light:2142,mass_navigation_agent_amber_light:2142,mass_navigation_agent_emerald_light:2142,mass_navigation_agent_health_text_heavy:1432,mass_navigation_agent_health_hud_heavy:1432",0,0,74,74/6,0.01,0.04,0.00,0.00,0.01,17.53,0.03,0.00,13.30,MassNavigationSimulationStepSystem:9.28,EffectProcessingLoopSystem:1.27,MapEntityLifecycleObserverSystem:0.51,4.18,PresenterEntityTransformSyncSystem:1.06,PresenterEmitSystem:0.61,AnimatorRuntimeSystem:0.59,0.16,0,130,130,0,0,0.59,1.06,0.26,10009/0,0.00,0/0,0.46,10009,0.00,0.00/0.00/0.00/0.00,0.00/0.00/0.00,0.00/0.00/0.00/0.00/0.00/0.00,0.00/0.00/0.00/0.00/0.00,0.22,0.03,0.00,0.17,0.22,0.00,0.02,148,0,0,0.08,0.01,4/0,0.00,0,0,0,0,0.05,0.00,0.00,0.00,0,0.00,0.00,0,0,0/0,0.00,0,0,0.00,0,0,0.00,0,0,0.00,0.00,0,0,0,0.00,0.00,0.00,0.00,0.00,0.00,0.61,0.00,0,0.24,258,0,258/0/0,0.12,0.00,148,0,0,0,0,0,2026-09-09T18:27:52.8828380Z
6.87ms,145.6,0,74,30009,"mass_navigation_agent_health_text_light:8568,mass_navigation_agent_health_hud_light:8568,mass_navigation_agent_azure_light:2142,mass_navigation_agent_crimson_light:2142,mass_navigation_agent_amber_light:2142,mass_navigation_agent_emerald_light:2142,mass_navigation_agent_health_text_heavy:1432,mass_navigation_agent_health_hud_heavy:1432",0,0,74,74/6,0.01,0.04,0.00,0.00,0.02,6.49,0.02,0.00,3.06,MassNavigationSimulationStepSystem:1.83,EffectProcessingLoopSystem:0.28,OrderBufferSystem:0.18,3.37,PresenterEntityTransformSyncSystem:0.94,AnimatorRuntimeSystem:0.61,TerrainHeightSyncSystem:0.43,0.00,0,0,0,0,0,0.61,0.94,0.18,10009/0,0.00,0/0,0.43,10009,0.00,0.00/0.00/0.00/0.00,0.00/0.00/0.00,0.00/0.00/0.00/0.00/0.00/0.00,0.00/0.00/0.00/0.00/0.00,0.20,0.03,0.00,0.16,0.20,0.00,0.01,148,0,0,0.08,0.01,4/0,0.00,0,0,0,0,0.05,0.00,0.00,0.00,0,0.00,0.00,0,0,0/0,0.00,0,0,0.00,0,0,0.00,0,0,0.00,0.00,0,0,0,0.00,0.00,0.00,0.00,0.00,0.00,0.37,0.00,0,0.00,0,0,0/0/0,0.09,0.00,148,0,0,0,0,0,2026-09-09T18:27:53.3822157Z
7.08ms,141.3,0,74,30009,"mass_navigation_agent_health_text_light:8568,mass_navigation_agent_health_hud_light:8568,mass_navigation_agent_azure_light:2142,mass_navigation_agent_crimson_light:2142,mass_navigation_agent_amber_light:2142,mass_navigation_agent_emerald_light:2142,mass_navigation_agent_health_text_heavy:1432,mass_navigation_agent_health_hud_heavy:1432",0,0,74,74/6,0.01,0.04,0.00,0.00,0.02,6.61,0.03,0.00,2.65,MassNavigationSimulationStepSystem:1.40,EffectProcessingLoopSystem:0.31,SpatialPartitionUpdateSystem:0.18,3.89,PresenterEntityTransformSyncSystem:1.20,AnimatorRuntimeSystem:0.72,TerrainHeightSyncSystem:0.43,0.00,0,0,0,0,0,0.72,1.19,0.24,10009/0,0.00,0/0,0.43,10009,0.00,0.00/0.00/0.00/0.00,0.00/0.00/0.00,0.00/0.00/0.00/0.00/0.00/0.00,0.00/0.00/0.00/0.00/0.00,0.21,0.04,0.00,0.17,0.21,0.00,0.02,148,0,0,0.08,0.01,4/0,0.00,0,0,0,0,0.06,0.00,0.00,0.00,0,0.00,0.00,0,0,0/0,0.00,0,0,0.00,0,0,0.00,0,0,0.00,0.00,0,0,0,0.00,0.00,0.00,0.00,0.00,0.00,0.37,0.00,0,0.00,0,0,0/0/0,0.11,0.00,148,0,0,0,0,0,2026-09-09T18:27:53.8677333Z
3.71ms,269.5,0,74,30009,"mass_navigation_agent_health_text_light:8568,mass_navigation_agent_health_hud_light:8568,mass_navigation_agent_azure_light:2142,mass_navigation_agent_crimson_light:2142,mass_navigation_agent_amber_light:2142,mass_navigation_agent_emerald_light:2142,mass_navigation_agent_health_text_heavy:1432,mass_navigation_agent_health_hud_heavy:1432",0,0,74,74/6,0.01,0.03,0.00,0.00,0.02,3.37,0.02,0.00,0.19,EffectProcessingLoopSystem:0.18,:0.00,:0.00,3.11,PresenterEntityTransformSyncSystem:0.83,AnimatorRuntimeSystem:0.58,TerrainHeightSyncSystem:0.41,0.00,0,0,0,0,0,0.58,0.83,0.19,10009/0,0.00,0/0,0.41,10009,0.00,0.00/0.00/0.00/0.00,0.00/0.00/0.00,0.00/0.00/0.00/0.00/0.00/0.00,0.00/0.00/0.00/0.00/0.00,0.18,0.03,0.00,0.14,0.18,0.00,0.01,148,0,0,0.07,0.01,4/0,0.00,0,0,0,0,0.05,0.00,0.00,0.00,0,0.00,0.00,0,0,0/0,0.00,0,0,0.00,0,0,0.00,0,0,0.00,0.00,0,0,0,0.00,0.00,0.00,0.00,0.00,0.00,0.38,0.00,0,0.00,0,0,0/0/0,0.09,0.00,148,0,0,0,0,0,2026-09-09T18:27:54.3542622Z
3.56ms,280.7,0,74,30009,"mass_navigation_agent_health_text_light:8568,mass_navigation_agent_health_hud_light:8568,mass_navigation_agent_azure_light:2142,mass_navigation_agent_crimson_light:2142,mass_navigation_agent_amber_light:2142,mass_navigation_agent_emerald_light:2142,mass_navigation_agent_health_text_heavy:1432,mass_navigation_agent_health_hud_heavy:1432",0,0,74,74/6,0.01,0.03,0.00,0.00,0.02,3.24,0.02,0.00,0.19,EffectProcessingLoopSystem:0.18,:0.00,:0.00,3.01,PresenterEntityTransformSyncSystem:0.80,AnimatorRuntimeSystem:0.58,TerrainHeightSyncSystem:0.40,0.00,0,0,0,0,0,0.58,0.80,0.19,10009/0,0.00,0/0,0.40,10009,0.00,0.00/0.00/0.00/0.00,0.00/0.00/0.00,0.00/0.00/0.00/0.00/0.00/0.00,0.00/0.00/0.00/0.00/0.00,0.19,0.03,0.00,0.15,0.18,0.00,0.01,148,0,0,0.07,0.01,4/0,0.00,0,0,0,0,0.05,0.00,0.00,0.00,0,0.00,0.00,0,0,0/0,0.00,0,0,0.00,0,0,0.00,0,0,0.00,0.00,0,0,0,0.00,0.00,0.00,0.00,0.00,0.00,0.33,0.00,0,0.00,0,0,0/0/0,0.07,0.00,148,0,0,0,0,0,2026-09-09T18:27:54.8493699Z
3.50ms,286.0,0,74,30009,"mass_navigation_agent_health_text_light:8568,mass_navigation_agent_health_hud_light:8568,mass_navigation_agent_azure_light:2142,mass_navigation_agent_crimson_light:2142,mass_navigation_agent_amber_light:2142,mass_navigation_agent_emerald_light:2142,mass_navigation_agent_health_text_heavy:1432,mass_navigation_agent_health_hud_heavy:1432",0,0,74,74/6,0.01,0.03,0.00,0.00,0.01,3.15,0.02,0.00,0.18,EffectProcessingLoopSystem:0.18,:0.00,:0.00,2.92,PresenterEntityTransformSyncSystem:0.75,AnimatorRuntimeSystem:0.56,TerrainHeightSyncSystem:0.41,0.00,0,0,0,0,0,0.56,0.75,0.17,10009/0,0.00,0/0,0.41,10009,0.00,0.00/0.00/0.00/0.00,0.00/0.00/0.00,0.00/0.00/0.00/0.00/0.00/0.00,0.00/0.00/0.00/0.00/0.00,0.18,0.03,0.00,0.15,0.18,0.00,0.01,148,0,0,0.07,0.01,4/0,0.00,0,0,0,0,0.05,0.00,0.00,0.00,0,0.00,0.00,0,0,0/0,0.00,0,0,0.00,0,0,0.00,0,0,0.00,0.00,0,0,0,0.00,0.00,0.00,0.00,0.00,0.00,0.35,0.00,0,0.00,0,0,0/0/0,0.08,0.00,148,0,0,0,0,0,2026-09-09T18:27:55.3419772Z
18.10ms,55.2,0,74,30009,"mass_navigation_agent_health_text_light:8568,mass_navigation_agent_health_hud_light:8568,mass_navigation_agent_azure_light:2142,mass_navigation_agent_crimson_light:2142,mass_navigation_agent_amber_light:2142,mass_navigation_agent_emerald_light:2142,mass_navigation_agent_health_text_heavy:1432,mass_navigation_agent_health_hud_heavy:1432",0,0,74,74/6,0.01,0.04,0.00,0.00,0.01,17.68,0.03,0.00,13.90,MassNavigationSimulationStepSystem:9.59,EffectProcessingLoopSystem:1.44,AttributeAggregatorSystem:0.52,3.74,PresenterEntityTransformSyncSystem:0.90,PresenterEmitSystem:0.60,AnimatorRuntimeSystem:0.57,0.20,0,163,163,0,0,0.57,0.90,0.20,10009/0,0.00,0/0,0.38,10009,0.00,0.00/0.00/0.00/0.00,0.00/0.00/0.00,0.00/0.00/0.00/0.00/0.00/0.00,0.00/0.00/0.00/0.00/0.00,0.18,0.03,0.00,0.15,0.18,0.00,0.02,148,0,0,0.08,0.01,4/0,0.00,0,0,0,0,0.05,0.00,0.00,0.00,0,0.00,0.00,0,0,0/0,0.00,0,0,0.00,0,0,0.00,0,0,0.00,0.00,0,0,0,0.00,0.00,0.00,0.00,0.00,0.00,0.60,0.00,0,0.27,324,0,324/0/0,0.11,0.00,148,0,0,0,0,0,2026-09-09T18:27:55.8612767Z
10.15ms,98.5,0,74,30009,"mass_navigation_agent_health_text_light:8568,mass_navigation_agent_health_hud_light:8568,mass_navigation_agent_azure_light:2142,mass_navigation_agent_crimson_light:2142,mass_navigation_agent_amber_light:2142,mass_navigation_agent_emerald_light:2142,mass_navigation_agent_health_text_heavy:1432,mass_navigation_agent_health_hud_heavy:1432",0,0,74,74/6,0.01,0.04,0.00,0.00,0.01,9.73,0.03,0.00,5.67,EffectProcessingLoopSystem:1.51,MassNavigationSimulationStepSystem:1.33,MapEntityLifecycleObserverSystem:0.52,4.01,PresenterEntityTransformSyncSystem:1.03,AnimatorRuntimeSystem:0.61,PresenterEmitSystem:0.60,0.18,0,147,147,0,0,0.61,1.02,0.22,10009/0,0.00,0/0,0.40,10009,0.00,0.00/0.00/0.00/0.00,0.00/0.00/0.00,0.00/0.00/0.00/0.00/0.00/0.00,0.00/0.00/0.00/0.00/0.00,0.20,0.03,0.00,0.16,0.20,0.00,0.02,148,0,0,0.08,0.01,4/0,0.00,0,0,0,0,0.05,0.00,0.00,0.00,0,0.00,0.00,0,0,0/0,0.00,0,0,0.00,0,0,0.00,0,0,0.00,0.00,0,0,0,0.00,0.00,0.00,0.00,0.00,0.00,0.60,0.00,0,0.25,292,0,292/0/0,0.10,0.00,148,0,0,0,0,0,2026-09-09T18:27:56.3387703Z
9.23ms,108.3,0,74,30009,"mass_navigation_agent_health_text_light:8568,mass_navigation_agent_health_hud_light:8568,mass_navigation_agent_azure_light:2142,mass_navigation_agent_crimson_light:2142,mass_navigation_agent_amber_light:2142,mass_navigation_agent_emerald_light:2142,mass_navigation_agent_health_text_heavy:1432,mass_navigation_agent_health_hud_heavy:1432",0,0,74,74/6,0.01,0.03,0.00,0.00,0.01,8.69,0.02,0.00,4.60,EffectProcessingLoopSystem:1.66,AttributeAggregatorSystem:1.40,MapEntityLifecycleObserverSystem:0.56,4.04,PresenterEntityTransformSyncSystem:0.99,PresenterEmitSystem:0.65,AnimatorRuntimeSystem:0.61,0.22,0,158,158,0,0,0.61,0.99,0.21,10009/0,0.00,0/0,0.39,10009,0.00,0.00/0.00/0.00/0.00,0.00/0.00/0.00,0.00/0.00/0.00/0.00/0.00/0.00,0.00/0.00/0.00/0.00/0.00,0.20,0.03,0.00,0.16,0.20,0.00,0.01,148,0,0,0.06,0.01,4/0,0.00,0,0,0,0,0.04,0.00,0.00,0.00,0,0.00,0.00,0,0,0/0,0.00,0,0,0.00,0,0,0.00,0,0,0.00,0.00,0,0,0,0.00,0.00,0.00,0.00,0.00,0.00,0.65,0.00,0,0.28,314,0,314/0/0,0.32,0.00,148,0,0,0,0,0,2026-09-09T18:27:56.8479106Z
8.61ms,116.2,0,74,30009,"mass_navigation_agent_health_text_light:8568,mass_navigation_agent_health_hud_light:8568,mass_navigation_agent_azure_light:2142,mass_navigation_agent_crimson_light:2142,mass_navigation_agent_amber_light:2142,mass_navigation_agent_emerald_light:2142,mass_navigation_agent_health_text_heavy:1432,mass_navigation_agent_health_hud_heavy:1432",0,0,74,74/6,0.01,0.05,0.00,0.00,0.01,8.23,0.02,0.00,4.27,EffectProcessingLoopSystem:1.93,AttributeAggregatorSystem:0.64,MapEntityLifecycleObserverSystem:0.60,3.91,PresenterEntityTransformSyncSystem:0.90,PresenterEmitSystem:0.64,AnimatorRuntimeSystem:0.60,0.26,0,179,179,0,0,0.60,0.90,0.22,10009/0,0.00,0/0,0.40,10009,0.00,0.00/0.00/0.00/0.00,0.00/0.00/0.00,0.00/0.00/0.00/0.00/0.00/0.00,0.00/0.00/0.00/0.00/0.00,0.18,0.03,0.00,0.14,0.18,0.00,0.01,148,0,0,0.08,0.01,4/0,0.00,0,0,0,0,0.06,0.00,0.00,0.00,0,0.00,0.00,0,0,0/0,0.00,0,0,0.00,0,0,0.00,0,0,0.00,0.00,0,0,0,0.00,0.00,0.00,0.00,0.00,0.00,0.64,0.00,0,0.30,356,0,356/0/0,0.08,0.00,148,0,0,0,0,0,2026-09-09T18:27:57.3335000Z
9.51ms,105.1,0,74,30009,"mass_navigation_agent_health_text_light:8568,mass_navigation_agent_health_hud_light:8568,mass_navigation_agent_azure_light:2142,mass_navigation_agent_crimson_light:2142,mass_navigation_agent_amber_light:2142,mass_navigation_agent_emerald_light:2142,mass_navigation_agent_health_text_heavy:1432,mass_navigation_agent_health_hud_heavy:1432",0,0,74,74/6,0.01,0.04,0.00,0.00,0.01,8.96,0.03,0.00,4.75,EffectProcessingLoopSystem:1.67,MapEntityLifecycleObserverSystem:0.54,AttributeAggregatorSystem:0.53,4.16,PresenterEntityTransformSyncSystem:1.03,PresenterEmitSystem:0.70,AnimatorRuntimeSystem:0.65,0.20,0,159,159,0,0,0.65,1.03,0.23,10009/0,0.00,0/0,0.40,10009,0.00,0.00/0.00/0.00/0.00,0.00/0.00/0.00,0.00/0.00/0.00/0.00/0.00/0.00,0.00/0.00/0.00/0.00/0.00,0.19,0.03,0.00,0.15,0.19,0.00,0.02,148,0,0,0.09,0.02,4/0,0.00,0,0,0,0,0.06,0.00,0.00,0.00,0,0.00,0.00,0,0,0/0,0.00,0,0,0.00,0,0,0.00,0,0,0.00,0.00,0,0,0,0.00,0.00,0.00,0.00,0.00,0.00,0.69,0.00,0,0.33,316,0,316/0/0,0.13,0.00,148,0,0,0,0,0,2026-09-09T18:27:57.8150174Z
9.57ms,104.5,0,74,30009,"mass_navigation_agent_health_text_light:8568,mass_navigation_agent_health_hud_light:8568,mass_navigation_agent_azure_light:2142,mass_navigation_agent_crimson_light:2142,mass_navigation_agent_amber_light:2142,mass_navigation_agent_emerald_light:2142,mass_navigation_agent_health_text_heavy:1432,mass_navigation_agent_health_hud_heavy:1432",0,0,74,74/6,0.01,0.04,0.00,0.00,0.01,9.13,0.03,0.00,4.82,EffectProcessingLoopSystem:1.67,MapEntityLifecycleObserverSystem:0.55,AttributeAggregatorSystem:0.50,4.27,PresenterEntityTransformSyncSystem:1.08,PresenterEmitSystem:0.67,AnimatorRuntimeSystem:0.61,0.23,0,160,160,0,0,0.61,1.08,0.30,10009/0,0.00,0/0,0.39,10009,0.00,0.00/0.00/0.00/0.00,0.00/0.00/0.00,0.00/0.00/0.00/0.00/0.00/0.00,0.00/0.00/0.00/0.00/0.00,0.21,0.03,0.00,0.17,0.21,0.00,0.02,148,0,0,0.08,0.01,4/0,0.00,0,0,0,0,0.05,0.00,0.00,0.00,0,0.00,0.00,0,0,0/0,0.00,0,0,0.00,0,0,0.00,0,0,0.00,0.00,0,0,0,0.00,0.00,0.00,0.00,0.00,0.00,0.67,0.00,0,0.28,318,0,318/0/0,0.12,0.00,148,0,0,0,0,0,2026-09-09T18:27:58.3169125Z
4.17ms,239.8,0,74,30009,"mass_navigation_agent_health_text_light:8568,mass_navigation_agent_health_hud_light:8568,mass_navigation_agent_azure_light:2142,mass_navigation_agent_crimson_light:2142,mass_navigation_agent_amber_light:2142,mass_navigation_agent_emerald_light:2142,mass_navigation_agent_health_text_heavy:1432,mass_navigation_agent_health_hud_heavy:1432",0,0,74,74/6,0.01,0.04,0.00,0.00,0.02,3.77,0.02,0.00,0.19,EffectProcessingLoopSystem:0.19,:0.00,:0.00,3.51,PresenterEntityTransformSyncSystem:1.01,AnimatorRuntimeSystem:0.68,TerrainHeightSyncSystem:0.40,0.00,0,0,0,0,0,0.68,1.01,0.19,10009/0,0.00,0/0,0.40,10009,0.00,0.00/0.00/0.00/0.00,0.00/0.00/0.00,0.00/0.00/0.00/0.00/0.00/0.00,0.00/0.00/0.00/0.00/0.00,0.20,0.03,0.00,0.16,0.20,0.00,0.02,148,0,0,0.08,0.01,4/0,0.00,0,0,0,0,0.05,0.00,0.00,0.00,0,0.00,0.00,0,0,0/0,0.00,0,0,0.00,0,0,0.00,0,0,0.00,0.00,0,0,0,0.00,0.00,0.00,0.00,0.00,0.00,0.36,0.00,0,0.00,0,0,0/0/0,0.10,0.00,148,0,0,0,0,0,2026-09-09T18:27:58.8047491Z
4.04ms,247.8,0,74,30009,"mass_navigation_agent_health_text_light:8568,mass_navigation_agent_health_hud_light:8568,mass_navigation_agent_azure_light:2142,mass_navigation_agent_crimson_light:2142,mass_navigation_agent_amber_light:2142,mass_navigation_agent_emerald_light:2142,mass_navigation_agent_health_text_heavy:1432,mass_navigation_agent_health_hud_heavy:1432",0,0,74,74/6,0.01,0.06,0.00,0.00,0.02,3.56,0.02,0.00,0.18,EffectProcessingLoopSystem:0.18,:0.00,:0.00,3.31,PresenterEntityTransformSyncSystem:0.93,AnimatorRuntimeSystem:0.59,TerrainHeightSyncSystem:0.44,0.00,0,0,0,0,0,0.59,0.93,0.20,10009/0,0.00,0/0,0.44,10009,0.00,0.00/0.00/0.00/0.00,0.00/0.00/0.00,0.00/0.00/0.00/0.00/0.00/0.00,0.00/0.00/0.00/0.00/0.00,0.23,0.04,0.00,0.17,0.22,0.00,0.02,148,0,0,0.12,0.02,4/0,0.00,0,0,0,0,0.08,0.00,0.00,0.00,0,0.00,0.00,0,0,0/0,0.00,0,0,0.00,0,0,0.00,0,0,0.00,0.00,0,0,0,0.00,0.00,0.00,0.00,0.00,0.00,0.35,0.00,0,0.00,0,0,0/0/0,0.10,0.00,148,0,0,0,0,0,2026-09-09T18:27:59.3043641Z
19.35ms,51.7,0,74,30009,"mass_navigation_agent_health_text_light:8568,mass_navigation_agent_health_hud_light:8568,mass_navigation_agent_azure_light:2142,mass_navigation_agent_crimson_light:2142,mass_navigation_agent_amber_light:2142,mass_navigation_agent_emerald_light:2142,mass_navigation_agent_health_text_heavy:1432,mass_navigation_agent_health_hud_heavy:1432",0,0,74,74/6,0.01,0.04,0.00,0.00,0.01,18.82,0.04,0.00,14.03,MassNavigationSimulationStepSystem:9.09,EffectProcessingLoopSystem:1.62,AttributeAggregatorSystem:0.58,4.74,PresenterEntityTransformSyncSystem:1.37,AnimatorRuntimeSystem:0.70,PresenterEmitSystem:0.68,0.25,0,171,171,0,0,0.70,1.37,0.23,10009/0,0.00,0/0,0.40,10009,0.00,0.00/0.00/0.00/0.00,0.00/0.00/0.00,0.00/0.00/0.00/0.00/0.00/0.00,0.00/0.00/0.00/0.00/0.00,0.21,0.03,0.00,0.17,0.21,0.00,0.02,148,0,0,0.09,0.01,4/0,0.00,0,0,0,0,0.06,0.00,0.00,0.00,0,0.00,0.00,0,0,0/0,0.00,0,0,0.00,0,0,0.00,0,0,0.00,0.00,0,0,0,0.00,0.00,0.00,0.00,0.00,0.00,0.67,0.00,0,0.30,340,0,340/0/0,0.14,0.00,148,0,0,0,0,0,2026-09-09T18:27:59.8096573Z
7.34ms,136.3,0,74,30009,"mass_navigation_agent_health_text_light:8568,mass_navigation_agent_health_hud_light:8568,mass_navigation_agent_azure_light:2142,mass_navigation_agent_crimson_light:2142,mass_navigation_agent_amber_light:2142,mass_navigation_agent_emerald_light:2142,mass_navigation_agent_health_text_heavy:1432,mass_navigation_agent_health_hud_heavy:1432",0,0,74,74/6,0.01,0.04,0.00,0.00,0.02,6.93,0.03,0.00,3.36,MassNavigationSimulationStepSystem:2.01,EffectProcessingLoopSystem:0.29,OrderBufferSystem:0.24,3.51,PresenterEntityTransformSyncSystem:1.03,AnimatorRuntimeSystem:0.63,TerrainHeightSyncSystem:0.43,0.00,0,0,0,0,0,0.63,1.03,0.20,10009/0,0.00,0/0,0.43,10009,0.00,0.00/0.00/0.00/0.00,0.00/0.00/0.00,0.00/0.00/0.00/0.00/0.00/0.00,0.00/0.00/0.00/0.00/0.00,0.22,0.04,0.00,0.18,0.22,0.00,0.02,148,0,0,0.08,0.01,4/0,0.00,0,0,0,0,0.05,0.00,0.00,0.00,0,0.00,0.00,0,0,0/0,0.00,0,0,0.00,0,0,0.00,0,0,0.00,0.00,0,0,0,0.00,0.00,0.00,0.00,0.00,0.00,0.36,0.00,0,0.00,0,0,0/0/0,0.09,0.00,148,0,0,0,0,0,2026-09-09T18:28:00.2817625Z
3.96ms,252.3,0,74,30009,"mass_navigation_agent_health_text_light:8568,mass_navigation_agent_health_hud_light:8568,mass_navigation_agent_azure_light:2142,mass_navigation_agent_crimson_light:2142,mass_navigation_agent_amber_light:2142,mass_navigation_agent_emerald_light:2142,mass_navigation_agent_health_text_heavy:1432,mass_navigation_agent_health_hud_heavy:1432",0,0,74,74/6,0.01,0.04,0.00,0.00,0.02,3.56,0.03,0.00,0.20,EffectProcessingLoopSystem:0.20,:0.00,:0.00,3.28,PresenterEntityTransformSyncSystem:0.92,AnimatorRuntimeSystem:0.61,TerrainHeightSyncSystem:0.43,0.00,0,0,0,0,0,0.61,0.91,0.22,10009/0,0.00,0/0,0.43,10009,0.00,0.00/0.00/0.00/0.00,0.00/0.00/0.00,0.00/0.00/0.00/0.00/0.00/0.00,0.00/0.00/0.00/0.00/0.00,0.18,0.03,0.00,0.14,0.18,0.00,0.02,148,0,0,0.08,0.01,4/0,0.00,0,0,0,0,0.05,0.00,0.00,0.00,0,0.00,0.00,0,0,0/0,0.00,0,0,0.00,0,0,0.00,0,0,0.00,0.00,0,0,0,0.00,0.00,0.00,0.00,0.00,0.00,0.37,0.00,0,0.00,0,0,0/0/0,0.08,0.00,148,0,0,0,0,0,2026-09-09T18:28:00.7794680Z
4.07ms,245.8,0,63,30009,"mass_navigation_agent_health_text_light:8568,mass_navigation_agent_health_hud_light:8568,mass_navigation_agent_azure_light:2142,mass_navigation_agent_crimson_light:2142,mass_navigation_agent_amber_light:2142,mass_navigation_agent_emerald_light:2142,mass_navigation_agent_health_text_heavy:1432,mass_navigation_agent_health_hud_heavy:1432",0,0,63,63/6,0.01,0.04,0.00,0.00,0.02,3.57,0.03,0.00,0.20,EffectProcessingLoopSystem:0.20,:0.00,:0.00,3.31,PresenterEntityTransformSyncSystem:0.93,AnimatorRuntimeSystem:0.63,TerrainHeightSyncSystem:0.42,0.00,0,0,0,0,0,0.63,0.93,0.18,10009/0,0.00,0/0,0.42,10009,0.00,0.00/0.00/0.00/0.00,0.00/0.00/0.00,0.00/0.00/0.00/0.00/0.00/0.00,0.00/0.00/0.00/0.00/0.00,0.20,0.03,0.00,0.16,0.20,0.00,0.02,126,2,0,0.08,0.01,4/0,0.00,0,0,0,0,0.05,0.00,0.00,0.00,0,0.00,0.00,0,0,0/0,0.00,0,0,0.00,0,0,0.00,0,0,0.12,0.00,0,2,0,0.12,0.00,0.00,0.00,0.00,0.00,0.36,0.00,0,0.00,0,0,0/0/0,0.09,0.00,126,1,1,0,0,0,2026-09-09T18:28:01.2706353Z
4.35ms,229.8,0,63,30009,"mass_navigation_agent_health_text_light:8568,mass_navigation_agent_health_hud_light:8568,mass_navigation_agent_azure_light:2142,mass_navigation_agent_crimson_light:2142,mass_navigation_agent_amber_light:2142,mass_navigation_agent_emerald_light:2142,mass_navigation_agent_health_text_heavy:1432,mass_navigation_agent_health_hud_heavy:1432",0,0,63,63/6,0.01,0.04,0.00,0.00,0.02,3.63,0.04,0.00,0.21,EffectProcessingLoopSystem:0.20,:0.00,:0.00,3.36,PresenterEntityTransformSyncSystem:0.88,AnimatorRuntimeSystem:0.68,TerrainHeightSyncSystem:0.40,0.00,0,0,0,0,0,0.68,0.88,0.21,10009/0,0.00,0/0,0.40,10009,0.00,0.00/0.00/0.00/0.00,0.00/0.00/0.00,0.00/0.00/0.00/0.00/0.00/0.00,0.00/0.00/0.00/0.00/0.00,0.21,0.03,0.00,0.17,0.21,0.00,0.03,126,2,0,0.09,0.01,4/0,0.00,0,0,0,0,0.06,0.00,0.00,0.00,0,0.00,0.00,0,0,0/0,0.00,0,0,0.00,0,0,0.00,0,0,0.18,0.00,0,2,0,0.18,0.00,0.00,0.00,0.00,0.00,0.39,0.00,0,0.00,0,0,0/0/0,0.12,0.00,126,1,1,0,0,0,2026-09-09T18:28:01.7849563Z
21.38ms,46.8,0,63,30009,"mass_navigation_agent_health_text_light:8568,mass_navigation_agent_health_hud_light:8568,mass_navigation_agent_azure_light:2142,mass_navigation_agent_crimson_light:2142,mass_navigation_agent_amber_light:2142,mass_navigation_agent_emerald_light:2142,mass_navigation_agent_health_text_heavy:1432,mass_navigation_agent_health_hud_heavy:1432",0,0,63,63/6,0.01,0.04,0.00,0.00,0.01,20.51,0.05,0.00,15.18,MassNavigationSimulationStepSystem:9.88,EffectProcessingLoopSystem:1.75,MapEntityLifecycleObserverSystem:0.62,5.28,PresenterEntityTransformSyncSystem:1.59,PresenterEmitSystem:0.75,AnimatorRuntimeSystem:0.68,0.25,0,155,155,0,0,0.68,1.59,0.25,10009/0,0.00,0/0,0.43,10009,0.00,0.00/0.00/0.00/0.00,0.00/0.00/0.00,0.00/0.00/0.00/0.00/0.00/0.00,0.00/0.00/0.00/0.00/0.00,0.25,0.04,0.00,0.20,0.25,0.00,0.03,126,2,0,0.09,0.01,4/0,0.00,0,0,0,0,0.06,0.00,0.00,0.00,0,0.00,0.00,0,0,0/0,0.00,0,0,0.00,0,0,0.00,0,0,0.23,0.00,0,2,0,0.22,0.00,0.00,0.00,0.00,0.00,0.74,0.00,0,0.28,308,0,308/0/0,0.20,0.00,126,1,1,0,0,0,2026-09-09T18:28:02.2951609Z
5.10ms,196.1,0,63,30009,"mass_navigation_agent_health_text_light:8568,mass_navigation_agent_health_hud_light:8568,mass_navigation_agent_azure_light:2142,mass_navigation_agent_crimson_light:2142,mass_navigation_agent_amber_light:2142,mass_navigation_agent_emerald_light:2142,mass_navigation_agent_health_text_heavy:1432,mass_navigation_agent_health_hud_heavy:1432",0,0,63,63/6,0.01,0.04,0.00,0.00,0.03,4.56,0.03,0.00,0.33,EffectProcessingLoopSystem:0.33,:0.00,:0.00,4.14,PresenterEntityTransformSyncSystem:1.21,TerrainHeightSyncSystem:0.76,AnimatorRuntimeSystem:0.65,0.00,0,0,0,0,0,0.65,1.21,0.24,10009/0,0.00,0/0,0.76,10009,0.00,0.00/0.00/0.00/0.00,0.00/0.00/0.00,0.00/0.00/0.00/0.00/0.00/0.00,0.00/0.00/0.00/0.00/0.00,0.20,0.03,0.00,0.16,0.20,0.00,0.02,126,2,0,0.10,0.01,4/0,0.00,0,0,0,0,0.05,0.00,0.00,0.00,0,0.00,0.00,0,0,0/0,0.00,0,0,0.00,0,0,0.00,0,0,0.12,0.00,0,2,0,0.12,0.00,0.00,0.00,0.00,0.00,0.37,0.00,0,0.00,0,0,0/0/0,0.09,0.00,126,1,1,0,0,0,2026-09-09T18:28:02.8041616Z
4.43ms,225.5,0,63,30009,"mass_navigation_agent_health_text_light:8568,mass_navigation_agent_health_hud_light:8568,mass_navigation_agent_azure_light:2142,mass_navigation_agent_crimson_light:2142,mass_navigation_agent_amber_light:2142,mass_navigation_agent_emerald_light:2142,mass_navigation_agent_health_text_heavy:1432,mass_navigation_agent_health_hud_heavy:1432",0,0,63,63/6,0.01,0.04,0.00,0.00,0.03,3.79,0.04,0.00,0.18,EffectProcessingLoopSystem:0.17,:0.00,:0.00,3.53,PresenterEntityTransformSyncSystem:1.25,AnimatorRuntimeSystem:0.53,TerrainHeightSyncSystem:0.39,0.00,0,0,0,0,0,0.53,1.25,0.22,10009/0,0.00,0/0,0.39,10009,0.00,0.00/0.00/0.00/0.00,0.00/0.00/0.00,0.00/0.00/0.00/0.00/0.00/0.00,0.00/0.00/0.00/0.00/0.00,0.20,0.04,0.00,0.15,0.20,0.00,0.03,126,2,0,0.09,0.01,4/0,0.00,0,0,0,0,0.06,0.00,0.00,0.00,0,0.00,0.00,0,0,0/0,0.00,0,0,0.00,0,0,0.00,0,0,0.17,0.00,0,2,0,0.17,0.00,0.00,0.00,0.00,0.00,0.36,0.00,0,0.00,0,0,0/0/0,0.11,0.00,126,1,1,0,0,0,2026-09-09T18:28:03.7211262Z
6.67ms,149.9,0,63,30009,"mass_navigation_agent_health_text_light:8568,mass_navigation_agent_health_hud_light:8568,mass_navigation_agent_azure_light:2142,mass_navigation_agent_crimson_light:2142,mass_navigation_agent_amber_light:2142,mass_navigation_agent_emerald_light:2142,mass_navigation_agent_health_text_heavy:1432,mass_navigation_agent_health_hud_heavy:1432",0,0,63,63/6,0.01,0.04,0.00,0.00,0.02,6.20,0.03,0.00,2.39,MassNavigationSimulationStepSystem:1.14,EffectProcessingLoopSystem:0.27,SpatialPartitionUpdateSystem:0.19,3.76,PresenterEntityTransformSyncSystem:1.20,AnimatorRuntimeSystem:0.61,TerrainHeightSyncSystem:0.46,0.00,0,0,0,0,0,0.61,1.20,0.23,10009/0,0.00,0/0,0.46,10009,0.00,0.00/0.00/0.00/0.00,0.00/0.00/0.00,0.00/0.00/0.00/0.00/0.00/0.00,0.00/0.00/0.00/0.00/0.00,0.24,0.03,0.00,0.20,0.24,0.00,0.02,126,2,0,0.07,0.01,4/0,0.00,0,0,0,0,0.05,0.00,0.00,0.00,0,0.00,0.00,0,0,0/0,0.00,0,0,0.00,0,0,0.00,0,0,0.11,0.00,0,2,0,0.11,0.00,0.00,0.00,0.00,0.00,0.36,0.00,0,0.00,0,0,0/0/0,0.08,0.00,126,1,1,0,0,0,2026-09-09T18:28:04.2214263Z
4.13ms,242.2,0,63,30009,"mass_navigation_agent_health_text_light:8568,mass_navigation_agent_health_hud_light:8568,mass_navigation_agent_azure_light:2142,mass_navigation_agent_crimson_light:2142,mass_navigation_agent_amber_light:2142,mass_navigation_agent_emerald_light:2142,mass_navigation_agent_health_text_heavy:1432,mass_navigation_agent_health_hud_heavy:1432",0,0,63,63/6,0.01,0.04,0.00,0.00,0.02,3.52,0.03,0.00,0.18,EffectProcessingLoopSystem:0.18,:0.00,:0.00,3.27,PresenterEntityTransformSyncSystem:0.94,AnimatorRuntimeSystem:0.66,TerrainHeightSyncSystem:0.38,0.00,0,0,0,0,0,0.66,0.94,0.19,10009/0,0.00,0/0,0.38,10009,0.00,0.00/0.00/0.00/0.00,0.00/0.00/0.00,0.00/0.00/0.00/0.00/0.00/0.00,0.00/0.00/0.00/0.00/0.00,0.19,0.03,0.00,0.15,0.19,0.00,0.02,126,2,0,0.08,0.01,4/0,0.00,0,0,0,0,0.05,0.00,0.00,0.00,0,0.00,0.00,0,0,0/0,0.00,0,0,0.00,0,0,0.00,0,0,0.17,0.00,0,2,0,0.17,0.00,0.00,0.00,0.00,0.00,0.35,0.00,0,0.00,0,0,0/0/0,0.10,0.00,126,1,1,0,0,0,2026-09-09T18:28:04.6881527Z
3.94ms,254.0,0,63,30009,"mass_navigation_agent_health_text_light:8568,mass_navigation_agent_health_hud_light:8568,mass_navigation_agent_azure_light:2142,mass_navigation_agent_crimson_light:2142,mass_navigation_agent_amber_light:2142,mass_navigation_agent_emerald_light:2142,mass_navigation_agent_health_text_heavy:1432,mass_navigation_agent_health_hud_heavy:1432",0,0,63,63/6,0.01,0.04,0.00,0.00,0.02,3.43,0.03,0.00,0.18,EffectProcessingLoopSystem:0.18,:0.00,:0.00,3.18,PresenterEntityTransformSyncSystem:0.89,AnimatorRuntimeSystem:0.63,TerrainHeightSyncSystem:0.37,0.00,0,0,0,0,0,0.63,0.89,0.23,10009/0,0.00,0/0,0.36,10009,0.00,0.00/0.00/0.00/0.00,0.00/0.00/0.00,0.00/0.00/0.00/0.00/0.00/0.00,0.00/0.00/0.00/0.00/0.00,0.18,0.03,0.00,0.14,0.17,0.00,0.02,126,2,0,0.07,0.01,4/0,0.00,0,0,0,0,0.05,0.00,0.00,0.00,0,0.00,0.00,0,0,0/0,0.00,0,0,0.00,0,0,0.00,0,0,0.11,0.00,0,2,0,0.11,0.00,0.00,0.00,0.00,0.00,0.34,0.00,0,0.00,0,0,0/0/0,0.11,0.00,126,1,1,0,0,0,2026-09-09T18:28:05.1582236Z
4.54ms,220.3,0,63,30009,"mass_navigation_agent_health_text_light:8568,mass_navigation_agent_health_hud_light:8568,mass_navigation_agent_azure_light:2142,mass_navigation_agent_crimson_light:2142,mass_navigation_agent_amber_light:2142,mass_navigation_agent_emerald_light:2142,mass_navigation_agent_health_text_heavy:1432,mass_navigation_agent_health_hud_heavy:1432",0,0,63,63/6,0.01,0.04,0.00,0.00,0.01,4.13,0.02,0.00,1.08,EffectProcessingLoopSystem:0.23,OrderBufferSystem:0.16,SpatialPartitionUpdateSystem:0.13,3.00,PresenterEntityTransformSyncSystem:0.88,AnimatorRuntimeSystem:0.58,TerrainHeightSyncSystem:0.36,0.00,0,0,0,0,0,0.58,0.88,0.19,10009/0,0.00,0/0,0.36,10009,0.00,0.00/0.00/0.00/0.00,0.00/0.00/0.00,0.00/0.00/0.00/0.00/0.00/0.00,0.00/0.00/0.00/0.00/0.00,0.17,0.03,0.00,0.13,0.17,0.00,0.02,126,2,0,0.07,0.01,4/0,0.00,0,0,0,0,0.05,0.00,0.00,0.00,0,0.00,0.00,0,0,0/0,0.00,0,0,0.00,0,0,0.00,0,0,0.10,0.00,0,2,0,0.10,0.00,0.00,0.00,0.00,0.00,0.31,0.00,0,0.00,0,0,0/0/0,0.07,0.00,126,1,1,0,0,0,2026-09-09T18:28:05.6247666Z
9.89ms,101.1,0,63,30009,"mass_navigation_agent_health_text_light:8568,mass_navigation_agent_health_hud_light:8568,mass_navigation_agent_azure_light:2142,mass_navigation_agent_crimson_light:2142,mass_navigation_agent_amber_light:2142,mass_navigation_agent_emerald_light:2142,mass_navigation_agent_health_text_heavy:1432,mass_navigation_agent_health_hud_heavy:1432",0,0,63,63/6,0.01,0.04,0.00,0.00,0.01,9.27,0.03,0.00,5.15,EffectProcessingLoopSystem:1.65,MapEntityLifecycleObserverSystem:0.66,MassNavigationAuthoredAgentBindingSystem:0.60,4.08,PresenterEntityTransformSyncSystem:1.06,PresenterEmitSystem:0.72,AnimatorRuntimeSystem:0.55,0.19,0,151,151,0,0,0.55,1.06,0.26,10009/0,0.00,0/0,0.38,10009,0.00,0.00/0.00/0.00/0.00,0.00/0.00/0.00,0.00/0.00/0.00/0.00/0.00/0.00,0.00/0.00/0.00/0.00/0.00,0.19,0.04,0.00,0.15,0.19,0.00,0.02,126,2,0,0.08,0.01,4/0,0.00,0,0,0,0,0.05,0.00,0.00,0.00,0,0.00,0.00,0,0,0/0,0.00,0,0,0.00,0,0,0.00,0,0,0.16,0.00,0,2,0,0.16,0.00,0.00,0.00,0.00,0.00,0.72,0.00,0,0.28,300,0,300/0/0,0.13,0.00,126,1,1,0,0,0,2026-09-09T18:28:06.0926858Z
4.27ms,234.1,0,63,30009,"mass_navigation_agent_health_text_light:8568,mass_navigation_agent_health_hud_light:8568,mass_navigation_agent_azure_light:2142,mass_navigation_agent_crimson_light:2142,mass_navigation_agent_amber_light:2142,mass_navigation_agent_emerald_light:2142,mass_navigation_agent_health_text_heavy:1432,mass_navigation_agent_health_hud_heavy:1432",0,0,63,63/6,0.01,0.04,0.00,0.00,0.02,3.81,0.02,0.00,0.18,EffectProcessingLoopSystem:0.18,:0.00,:0.00,3.55,PresenterEntityTransformSyncSystem:1.08,AnimatorRuntimeSystem:0.69,TerrainHeightSyncSystem:0.39,0.01,0,0,0,0,0,0.69,1.08,0.21,10009/0,0.00,0/0,0.39,10009,0.00,0.00/0.00/0.00/0.00,0.00/0.00/0.00,0.00/0.00/0.00/0.00/0.00/0.00,0.00/0.00/0.00/0.00/0.00,0.19,0.03,0.00,0.15,0.19,0.00,0.02,126,2,0,0.07,0.01,4/0,0.00,0,0,0,0,0.05,0.00,0.00,0.00,0,0.00,0.00,0,0,0/0,0.00,0,0,0.00,0,0,0.00,0,0,0.10,0.00,0,2,0,0.10,0.00,0.00,0.00,0.00,0.00,0.37,0.00,0,0.00,0,0,0/0/0,0.08,0.00,126,1,1,0,0,0,2026-09-09T18:28:06.5415582Z
8.42ms,118.7,0,63,30009,"mass_navigation_agent_health_text_light:8568,mass_navigation_agent_health_hud_light:8568,mass_navigation_agent_azure_light:2142,mass_navigation_agent_crimson_light:2142,mass_navigation_agent_amber_light:2142,mass_navigation_agent_emerald_light:2142,mass_navigation_agent_health_text_heavy:1432,mass_navigation_agent_health_hud_heavy:1432",0,0,63,63/6,0.01,0.03,0.00,0.00,0.01,7.91,0.02,0.00,4.16,EffectProcessingLoopSystem:1.73,AttributeAggregatorSystem:0.68,MapEntityLifecycleObserverSystem:0.63,3.71,PresenterEntityTransformSyncSystem:0.86,PresenterEmitSystem:0.55,AnimatorRuntimeSystem:0.54,0.19,0,164,164,0,0,0.54,0.86,0.22,10009/0,0.00,0/0,0.41,10009,0.00,0.00/0.00/0.00/0.00,0.00/0.00/0.00,0.00/0.00/0.00/0.00/0.00/0.00,0.00/0.00/0.00/0.00/0.00,0.24,0.08,0.00,0.15,0.24,0.00,0.02,126,2,0,0.06,0.01,4/0,0.00,0,0,0,0,0.04,0.00,0.00,0.00,0,0.00,0.00,0,0,0/0,0.00,0,0,0.00,0,0,0.00,0,0,0.15,0.00,0,2,0,0.15,0.00,0.00,0.00,0.00,0.00,0.55,0.00,0,0.25,326,0,326/0/0,0.10,0.00,126,1,1,0,0,0,2026-09-09T18:28:07.0112824Z
3.71ms,269.6,0,63,30009,"mass_navigation_agent_health_text_light:8568,mass_navigation_agent_health_hud_light:8568,mass_navigation_agent_azure_light:2142,mass_navigation_agent_crimson_light:2142,mass_navigation_agent_amber_light:2142,mass_navigation_agent_emerald_light:2142,mass_navigation_agent_health_text_heavy:1432,mass_navigation_agent_health_hud_heavy:1432",0,0,63,63/6,0.01,0.03,0.00,0.00,0.01,3.22,0.03,0.00,0.18,EffectProcessingLoopSystem:0.18,:0.00,:0.00,2.99,PresenterEntityTransformSyncSystem:0.80,AnimatorRuntimeSystem:0.60,TerrainHeightSyncSystem:0.36,0.00,0,0,0,0,0,0.60,0.80,0.19,10009/0,0.00,0/0,0.36,10009,0.00,0.00/0.00/0.00/0.00,0.00/0.00/0.00,0.00/0.00/0.00/0.00/0.00/0.00,0.00/0.00/0.00/0.00/0.00,0.22,0.03,0.00,0.18,0.21,0.00,0.02,126,2,0,0.07,0.01,4/0,0.00,0,0,0,0,0.05,0.00,0.00,0.00,0,0.00,0.00,0,0,0/0,0.00,0,0,0.00,0,0,0.00,0,0,0.11,0.00,0,2,0,0.11,0.00,0.00,0.00,0.00,0.00,0.32,0.00,0,0.00,0,0,0/0/0,0.10,0.00,126,1,1,0,0,0,2026-09-09T18:28:07.4697505Z
6.77ms,147.8,0,63,30009,"mass_navigation_agent_health_text_light:8568,mass_navigation_agent_health_hud_light:8568,mass_navigation_agent_azure_light:2142,mass_navigation_agent_crimson_light:2142,mass_navigation_agent_amber_light:2142,mass_navigation_agent_emerald_light:2142,mass_navigation_agent_health_text_heavy:1432,mass_navigation_agent_health_hud_heavy:1432",0,0,63,63/6,0.01,0.04,0.00,0.00,0.02,6.34,0.03,0.00,2.74,MassNavigationSimulationStepSystem:1.49,EffectProcessingLoopSystem:0.32,OrderBufferSystem:0.17,3.55,PresenterEntityTransformSyncSystem:1.07,AnimatorRuntimeSystem:0.60,TerrainHeightSyncSystem:0.45,0.00,0,0,0,0,0,0.60,1.07,0.21,10009/0,0.00,0/0,0.45,10009,0.00,0.00/0.00/0.00/0.00,0.00/0.00/0.00,0.00/0.00/0.00/0.00/0.00/0.00,0.00/0.00/0.00/0.00/0.00,0.22,0.04,0.00,0.17,0.22,0.00,0.02,126,2,0,0.07,0.01,4/0,0.00,0,0,0,0,0.05,0.00,0.00,0.00,0,0.00,0.00,0,0,0/0,0.00,0,0,0.00,0,0,0.00,0,0,0.09,0.00,0,2,0,0.09,0.00,0.00,0.00,0.00,0.00,0.35,0.00,0,0.00,0,0,0/0/0,0.08,0.00,126,1,1,0,0,0,2026-09-09T18:28:07.9334161Z
6.64ms,150.7,0,63,30009,"mass_navigation_agent_health_text_light:8568,mass_navigation_agent_health_hud_light:8568,mass_navigation_agent_azure_light:2142,mass_navigation_agent_crimson_light:2142,mass_navigation_agent_amber_light:2142,mass_navigation_agent_emerald_light:2142,mass_navigation_agent_health_text_heavy:1432,mass_navigation_agent_health_hud_heavy:1432",0,0,63,63/6,0.01,0.04,0.00,0.00,0.01,6.13,0.03,0.00,2.44,MassNavigationSimulationStepSystem:1.23,EffectProcessingLoopSystem:0.27,OrderBufferSystem:0.17,3.64,PresenterEntityTransformSyncSystem:1.09,AnimatorRuntimeSystem:0.62,TerrainHeightSyncSystem:0.50,0.00,0,0,0,0,0,0.62,1.09,0.18,10009/0,0.00,0/0,0.50,10009,0.00,0.00/0.00/0.00/0.00,0.00/0.00/0.00,0.00/0.00/0.00/0.00/0.00/0.00,0.00/0.00/0.00/0.00/0.00,0.22,0.04,0.00,0.17,0.22,0.00,0.02,126,2,0,0.08,0.01,4/0,0.00,0,0,0,0,0.05,0.00,0.00,0.00,0,0.00,0.00,0,0,0/0,0.00,0,0,0.00,0,0,0.00,0,0,0.13,0.00,0,2,0,0.12,0.00,0.00,0.00,0.00,0.00,0.35,0.00,0,0.00,0,0,0/0/0,0.10,0.00,126,1,1,0,0,0,2026-09-09T18:28:08.3988939Z
4.87ms,205.4,0,63,30009,"mass_navigation_agent_health_text_light:8568,mass_navigation_agent_health_hud_light:8568,mass_navigation_agent_azure_light:2142,mass_navigation_agent_crimson_light:2142,mass_navigation_agent_amber_light:2142,mass_navigation_agent_emerald_light:2142,mass_navigation_agent_health_text_heavy:1432,mass_navigation_agent_health_hud_heavy:1432",0,0,63,63/6,0.01,0.04,0.00,0.00,0.02,4.38,0.03,0.00,1.13,EffectProcessingLoopSystem:0.26,SpatialPartitionUpdateSystem:0.17,OrderBufferSystem:0.14,3.19,PresenterEntityTransformSyncSystem:0.91,AnimatorRuntimeSystem:0.60,TerrainHeightSyncSystem:0.40,0.00,0,0,0,0,0,0.60,0.91,0.21,10009/0,0.00,0/0,0.40,10009,0.00,0.00/0.00/0.00/0.00,0.00/0.00/0.00,0.00/0.00/0.00/0.00/0.00/0.00,0.00/0.00/0.00/0.00/0.00,0.18,0.03,0.00,0.14,0.18,0.00,0.02,126,2,0,0.07,0.01,4/0,0.00,0,0,0,0,0.05,0.00,0.00,0.00,0,0.00,0.00,0,0,0/0,0.00,0,0,0.00,0,0,0.00,0,0,0.12,0.00,0,2,0,0.11,0.00,0.00,0.00,0.00,0.00,0.34,0.00,0,0.00,0,0,0/0/0,0.09,0.00,126,1,1,0,0,0,2026-09-09T18:28:08.8556595Z
8.67ms,115.4,0,63,30009,"mass_navigation_agent_health_text_light:8568,mass_navigation_agent_health_hud_light:8568,mass_navigation_agent_azure_light:2142,mass_navigation_agent_crimson_light:2142,mass_navigation_agent_amber_light:2142,mass_navigation_agent_emerald_light:2142,mass_navigation_agent_health_text_heavy:1432,mass_navigation_agent_health_hud_heavy:1432",0,0,63,63/6,0.01,0.03,0.00,0.00,0.02,8.15,0.03,0.00,3.84,AttributeAggregatorSystem:0.65,MassNavigationAuthoredAgentBindingSystem:0.61,MapEntityLifecycleObserverSystem:0.55,4.25,PresenterEntityTransformSyncSystem:1.05,PresenterEmitSystem:0.66,AnimatorRuntimeSystem:0.59,0.25,0,180,180,0,0,0.59,1.05,0.21,10009/0,0.00,0/0,0.43,10009,0.00,0.00/0.00/0.00/0.00,0.00/0.00/0.00,0.00/0.00/0.00/0.00/0.00/0.00,0.00/0.00/0.00/0.00/0.00,0.21,0.04,0.00,0.17,0.21,0.00,0.02,126,2,0,0.07,0.01,4/0,0.00,0,0,0,0,0.05,0.00,0.00,0.00,0,0.00,0.00,0,0,0/0,0.00,0,0,0.00,0,0,0.00,0,0,0.13,0.00,0,2,0,0.13,0.00,0.00,0.00,0.00,0.00,0.66,0.00,0,0.30,358,0,358/0/0,0.09,0.00,126,1,1,0,0,0,2026-09-09T18:28:09.3303978Z
14.01ms,71.4,0,63,30009,"mass_navigation_agent_health_text_light:8568,mass_navigation_agent_health_hud_light:8568,mass_navigation_agent_azure_light:2142,mass_navigation_agent_crimson_light:2142,mass_navigation_agent_amber_light:2142,mass_navigation_agent_emerald_light:2142,mass_navigation_agent_health_text_heavy:1432,mass_navigation_agent_health_hud_heavy:1432",0,0,63,63/6,0.01,0.03,0.00,0.00,0.02,13.48,0.03,0.00,9.99,MassNavigationSimulationStepSystem:8.83,EffectProcessingLoopSystem:0.26,AbilityEndOrderSystem:0.17,3.43,PresenterEntityTransformSyncSystem:1.01,AnimatorRuntimeSystem:0.58,TerrainHeightSyncSystem:0.42,0.00,0,0,0,0,0,0.58,1.01,0.22,10009/0,0.00,0/0,0.42,10009,0.00,0.00/0.00/0.00/0.00,0.00/0.00/0.00,0.00/0.00/0.00/0.00/0.00/0.00,0.00/0.00/0.00/0.00/0.00,0.22,0.04,0.00,0.17,0.21,0.00,0.02,126,2,0,0.07,0.01,4/0,0.00,0,0,0,0,0.04,0.00,0.00,0.00,0,0.00,0.00,0,0,0/0,0.00,0,0,0.00,0,0,0.00,0,0,0.14,0.00,0,2,0,0.13,0.00,0.00,0.00,0.00,0.00,0.37,0.00,0,0.00,0,0,0/0/0,0.10,0.00,126,1,1,0,0,0,2026-09-09T18:28:09.7844627Z
3.70ms,270.1,0,63,30009,"mass_navigation_agent_health_text_light:8568,mass_navigation_agent_health_hud_light:8568,mass_navigation_agent_azure_light:2142,mass_navigation_agent_crimson_light:2142,mass_navigation_agent_amber_light:2142,mass_navigation_agent_emerald_light:2142,mass_navigation_agent_health_text_heavy:1432,mass_navigation_agent_health_hud_heavy:1432",0,0,63,63/6,0.01,0.03,0.00,0.00,0.01,3.28,0.02,0.00,0.21,EffectProcessingLoopSystem:0.21,:0.00,:0.00,3.02,PresenterEntityTransformSyncSystem:0.81,AnimatorRuntimeSystem:0.58,TerrainHeightSyncSystem:0.38,0.00,0,0,0,0,0,0.58,0.81,0.19,10009/0,0.00,0/0,0.38,10009,0.00,0.00/0.00/0.00/0.00,0.00/0.00/0.00,0.00/0.00/0.00/0.00/0.00/0.00,0.00/0.00/0.00/0.00/0.00,0.16,0.03,0.00,0.13,0.16,0.00,0.01,126,2,0,0.07,0.01,4/0,0.00,0,0,0,0,0.05,0.00,0.00,0.00,0,0.00,0.00,0,0,0/0,0.00,0,0,0.00,0,0,0.00,0,0,0.09,0.00,0,2,0,0.09,0.00,0.00,0.00,0.00,0.00,0.33,0.00,0,0.00,0,0,0/0/0,0.08,0.00,126,1,1,0,0,0,2026-09-09T18:28:10.2211975Z
3.75ms,266.7,0,63,30009,"mass_navigation_agent_health_text_light:8568,mass_navigation_agent_health_hud_light:8568,mass_navigation_agent_azure_light:2142,mass_navigation_agent_crimson_light:2142,mass_navigation_agent_amber_light:2142,mass_navigation_agent_emerald_light:2142,mass_navigation_agent_health_text_heavy:1432,mass_navigation_agent_health_hud_heavy:1432",0,0,63,63/6,0.01,0.03,0.00,0.00,0.02,3.33,0.02,0.00,0.20,EffectProcessingLoopSystem:0.19,:0.00,:0.00,3.08,PresenterEntityTransformSyncSystem:0.91,AnimatorRuntimeSystem:0.56,TerrainHeightSyncSystem:0.34,0.00,0,0,0,0,0,0.56,0.91,0.20,10009/0,0.00,0/0,0.34,10009,0.00,0.00/0.00/0.00/0.00,0.00/0.00/0.00,0.00/0.00/0.00/0.00/0.00/0.00,0.00/0.00/0.00/0.00/0.00,0.18,0.03,0.00,0.14,0.18,0.00,0.01,126,2,0,0.06,0.01,4/0,0.00,0,0,0,0,0.04,0.00,0.00,0.00,0,0.00,0.00,0,0,0/0,0.00,0,0,0.00,0,0,0.00,0,0,0.10,0.00,0,2,0,0.10,0.00,0.00,0.00,0.00,0.00,0.30,0.00,0,0.00,0,0,0/0/0,0.08,0.00,126,1,1,0,0,0,2026-09-09T18:28:10.7029970Z
7.17ms,139.5,0,63,30009,"mass_navigation_agent_health_text_light:8568,mass_navigation_agent_health_hud_light:8568,mass_navigation_agent_azure_light:2142,mass_navigation_agent_crimson_light:2142,mass_navigation_agent_amber_light:2142,mass_navigation_agent_emerald_light:2142,mass_navigation_agent_health_text_heavy:1432,mass_navigation_agent_health_hud_heavy:1432",0,0,63,63/6,0.01,0.04,0.00,0.00,0.01,6.68,0.03,0.00,3.17,MassNavigationSimulationStepSystem:1.84,EffectProcessingLoopSystem:0.34,OrderBufferSystem:0.19,3.46,PresenterEntityTransformSyncSystem:0.95,AnimatorRuntimeSystem:0.63,TerrainHeightSyncSystem:0.49,0.00,0,0,0,0,0,0.63,0.95,0.19,10009/0,0.00,0/0,0.48,10009,0.00,0.00/0.00/0.00/0.00,0.00/0.00/0.00,0.00/0.00/0.00/0.00/0.00/0.00,0.00/0.00/0.00/0.00/0.00,0.21,0.03,0.00,0.17,0.20,0.00,0.02,126,2,0,0.07,0.01,4/0,0.00,0,0,0,0,0.05,0.00,0.00,0.00,0,0.00,0.00,0,0,0/0,0.00,0,0,0.00,0,0,0.00,0,0,0.12,0.00,0,2,0,0.12,0.00,0.00,0.00,0.00,0.00,0.35,0.00,0,0.00,0,0,0/0/0,0.09,0.00,126,1,1,0,0,0,2026-09-09T18:28:11.1576790Z
8.89ms,112.5,0,63,30009,"mass_navigation_agent_health_text_light:8568,mass_navigation_agent_health_hud_light:8568,mass_navigation_agent_azure_light:2142,mass_navigation_agent_crimson_light:2142,mass_navigation_agent_amber_light:2142,mass_navigation_agent_emerald_light:2142,mass_navigation_agent_health_text_heavy:1432,mass_navigation_agent_health_hud_heavy:1432",0,0,63,63/6,0.01,0.04,0.00,0.00,0.01,8.30,0.03,0.00,4.18,EffectProcessingLoopSystem:1.78,MapEntityLifecycleObserverSystem:0.65,AttributeAggregatorSystem:0.63,4.08,PresenterEntityTransformSyncSystem:1.03,PresenterEmitSystem:0.66,AnimatorRuntimeSystem:0.59,0.24,0,170,170,0,0,0.59,1.02,0.23,10009/0,0.00,0/0,0.40,10009,0.00,0.00/0.00/0.00/0.00,0.00/0.00/0.00,0.00/0.00/0.00/0.00/0.00/0.00,0.00/0.00/0.00/0.00/0.00,0.19,0.03,0.00,0.15,0.19,0.00,0.02,126,2,0,0.08,0.01,4/0,0.00,0,0,0,0,0.05,0.00,0.00,0.00,0,0.00,0.00,0,0,0/0,0.00,0,0,0.00,0,0,0.00,0,0,0.16,0.00,0,2,0,0.16,0.00,0.00,0.00,0.00,0.00,0.66,0.00,0,0.30,338,0,338/0/0,0.11,0.00,126,1,1,0,0,0,2026-09-09T18:28:11.6041704Z
12.08ms,82.8,0,63,30009,"mass_navigation_agent_health_text_light:8568,mass_navigation_agent_health_hud_light:8568,mass_navigation_agent_azure_light:2142,mass_navigation_agent_crimson_light:2142,mass_navigation_agent_amber_light:2142,mass_navigation_agent_emerald_light:2142,mass_navigation_agent_health_text_heavy:1432,mass_navigation_agent_health_hud_heavy:1432",0,0,63,63/6,0.01,0.04,0.00,0.00,0.01,11.23,0.04,0.00,6.88,EffectProcessingLoopSystem:1.82,MassNavigationSimulationStepSystem:1.71,MapEntityLifecycleObserverSystem:0.60,4.30,PresenterEntityTransformSyncSystem:1.13,PresenterEmitSystem:0.62,AnimatorRuntimeSystem:0.59,0.21,0,171,171,0,0,0.59,1.13,0.21,10009/0,0.00,0/0,0.44,10009,0.00,0.00/0.00/0.00/0.00,0.00/0.00/0.00,0.00/0.00/0.00/0.00/0.00/0.00,0.00/0.00/0.00/0.00/0.00,0.22,0.04,0.00,0.17,0.22,0.00,0.02,126,2,0,0.08,0.01,4/0,0.00,0,0,0,0,0.05,0.00,0.00,0.00,0,0.00,0.00,0,0,0/0,0.00,0,0,0.00,0,0,0.00,0,0,0.19,0.00,0,2,0,0.19,0.00,0.00,0.00,0.00,0.00,0.62,0.00,0,0.27,340,0,340/0/0,0.30,0.00,126,1,1,0,0,0,2026-09-09T18:28:12.0852015Z
6.53ms,153.1,0,63,30009,"mass_navigation_agent_health_text_light:8568,mass_navigation_agent_health_hud_light:8568,mass_navigation_agent_azure_light:2142,mass_navigation_agent_crimson_light:2142,mass_navigation_agent_amber_light:2142,mass_navigation_agent_emerald_light:2142,mass_navigation_agent_health_text_heavy:1432,mass_navigation_agent_health_hud_heavy:1432",0,0,63,63/6,0.01,0.03,0.00,0.00,0.02,6.00,0.04,0.00,2.33,MassNavigationSimulationStepSystem:1.13,EffectProcessingLoopSystem:0.26,OrderBufferSystem:0.16,3.61,PresenterEntityTransformSyncSystem:1.05,AnimatorRuntimeSystem:0.60,PresenterEmitSystem:0.46,0.00,0,0,0,0,0,0.60,1.05,0.21,10009/0,0.00,0/0,0.42,10009,0.00,0.00/0.00/0.00/0.00,0.00/0.00/0.00,0.00/0.00/0.00/0.00/0.00/0.00,0.00/0.00/0.00/0.00/0.00,0.23,0.03,0.00,0.19,0.23,0.00,0.03,126,2,0,0.07,0.01,4/0,0.00,0,0,0,0,0.05,0.00,0.00,0.00,0,0.00,0.00,0,0,0/0,0.00,0,0,0.00,0,0,0.00,0,0,0.14,0.00,0,2,0,0.13,0.00,0.00,0.00,0.00,0.00,0.46,0.00,0,0.00,0,0,0/0/0,0.10,0.00,126,1,1,0,0,0,2026-09-09T18:28:12.5507083Z
3.67ms,272.7,0,63,30009,"mass_navigation_agent_health_text_light:8568,mass_navigation_agent_health_hud_light:8568,mass_navigation_agent_azure_light:2142,mass_navigation_agent_crimson_light:2142,mass_navigation_agent_amber_light:2142,mass_navigation_agent_emerald_light:2142,mass_navigation_agent_health_text_heavy:1432,mass_navigation_agent_health_hud_heavy:1432",0,0,63,63/6,0.01,0.04,0.00,0.00,0.02,3.07,0.02,0.00,0.17,EffectProcessingLoopSystem:0.17,:0.00,:0.00,2.84,PresenterEntityTransformSyncSystem:0.73,AnimatorRuntimeSystem:0.57,TerrainHeightSyncSystem:0.37,0.00,0,0,0,0,0,0.57,0.72,0.20,10009/0,0.00,0/0,0.37,10009,0.00,0.00/0.00/0.00/0.00,0.00/0.00/0.00,0.00/0.00/0.00/0.00/0.00/0.00,0.00/0.00/0.00/0.00/0.00,0.18,0.03,0.00,0.14,0.18,0.00,0.02,126,2,0,0.07,0.01,4/0,0.00,0,0,0,0,0.05,0.00,0.00,0.00,0,0.00,0.00,0,0,0/0,0.00,0,0,0.00,0,0,0.00,0,0,0.13,0.00,0,2,0,0.13,0.00,0.00,0.00,0.00,0.00,0.31,0.00,0,0.00,0,0,0/0/0,0.19,0.00,126,1,1,0,0,0,2026-09-09T18:28:13.0038108Z
8.53ms,117.2,0,63,30009,"mass_navigation_agent_health_text_light:8568,mass_navigation_agent_health_hud_light:8568,mass_navigation_agent_azure_light:2142,mass_navigation_agent_crimson_light:2142,mass_navigation_agent_amber_light:2142,mass_navigation_agent_emerald_light:2142,mass_navigation_agent_health_text_heavy:1432,mass_navigation_agent_health_hud_heavy:1432",0,0,63,63/6,0.01,0.03,0.00,0.00,0.02,8.05,0.03,0.00,4.10,EffectProcessingLoopSystem:1.75,AttributeAggregatorSystem:0.64,MapEntityLifecycleObserverSystem:0.64,3.89,PresenterEntityTransformSyncSystem:0.96,PresenterEmitSystem:0.65,AnimatorRuntimeSystem:0.56,0.22,0,161,161,0,0,0.56,0.96,0.21,10009/0,0.00,0/0,0.40,10009,0.00,0.00/0.00/0.00/0.00,0.00/0.00/0.00,0.00/0.00/0.00/0.00/0.00/0.00,0.00/0.00/0.00/0.00/0.00,0.19,0.03,0.00,0.15,0.19,0.00,0.02,126,2,0,0.07,0.01,4/0,0.00,0,0,0,0,0.04,0.00,0.00,0.00,0,0.00,0.00,0,0,0/0,0.00,0,0,0.00,0,0,0.00,0,0,0.13,0.00,0,2,0,0.13,0.00,0.00,0.00,0.00,0.00,0.65,0.00,0,0.29,320,0,320/0/0,0.08,0.00,126,1,1,0,0,0,2026-09-09T18:28:13.4657550Z
3.51ms,285.0,0,63,30009,"mass_navigation_agent_health_text_light:8568,mass_navigation_agent_health_hud_light:8568,mass_navigation_agent_azure_light:2142,mass_navigation_agent_crimson_light:2142,mass_navigation_agent_amber_light:2142,mass_navigation_agent_emerald_light:2142,mass_navigation_agent_health_text_heavy:1432,mass_navigation_agent_health_hud_heavy:1432",0,0,63,63/6,0.01,0.03,0.00,0.00,0.02,3.11,0.02,0.00,0.21,EffectProcessingLoopSystem:0.21,:0.00,:0.00,2.84,PresenterEntityTransformSyncSystem:0.72,AnimatorRuntimeSystem:0.55,PresenterEmitSystem:0.37,0.00,0,0,0,0,0,0.55,0.72,0.18,10009/0,0.00,0/0,0.35,10009,0.00,0.00/0.00/0.00/0.00,0.00/0.00/0.00,0.00/0.00/0.00/0.00/0.00/0.00,0.00/0.00/0.00/0.00/0.00,0.20,0.03,0.00,0.16,0.20,0.00,0.01,126,2,0,0.06,0.01,4/0,0.00,0,0,0,0,0.04,0.00,0.00,0.00,0,0.00,0.00,0,0,0/0,0.00,0,0,0.00,0,0,0.00,0,0,0.09,0.00,0,2,0,0.09,0.00,0.00,0.00,0.00,0.00,0.37,0.00,0,0.00,0,0,0/0/0,0.09,0.00,126,1,1,0,0,0,2026-09-09T18:28:13.9225698Z
3.67ms,272.7,0,63,30009,"mass_navigation_agent_health_text_light:8568,mass_navigation_agent_health_hud_light:8568,mass_navigation_agent_azure_light:2142,mass_navigation_agent_crimson_light:2142,mass_navigation_agent_amber_light:2142,mass_navigation_agent_emerald_light:2142,mass_navigation_agent_health_text_heavy:1432,mass_navigation_agent_health_hud_heavy:1432",0,0,63,63/6,0.01,0.03,0.00,0.00,0.01,3.24,0.02,0.00,0.18,EffectProcessingLoopSystem:0.18,:0.00,:0.00,3.01,PresenterEntityTransformSyncSystem:0.84,AnimatorRuntimeSystem:0.57,TerrainHeightSyncSystem:0.35,0.00,0,0,0,0,0,0.57,0.84,0.18,10009/0,0.00,0/0,0.35,10009,0.00,0.00/0.00/0.00/0.00,0.00/0.00/0.00,0.00/0.00/0.00/0.00/0.00/0.00,0.00/0.00/0.00/0.00/0.00,0.24,0.03,0.00,0.21,0.24,0.00,0.02,126,2,0,0.07,0.01,4/0,0.00,0,0,0,0,0.05,0.00,0.00,0.00,0,0.00,0.00,0,0,0/0,0.00,0,0,0.00,0,0,0.00,0,0,0.10,0.00,0,2,0,0.10,0.00,0.00,0.00,0.00,0.00,0.32,0.00,0,0.00,0,0,0/0/0,0.08,0.00,126,1,1,0,0,0,2026-09-09T18:28:14.3923771Z
11.18ms,89.5,0,63,30009,"mass_navigation_agent_health_text_light:8568,mass_navigation_agent_health_hud_light:8568,mass_navigation_agent_azure_light:2142,mass_navigation_agent_crimson_light:2142,mass_navigation_agent_amber_light:2142,mass_navigation_agent_emerald_light:2142,mass_navigation_agent_health_text_heavy:1432,mass_navigation_agent_health_hud_heavy:1432",0,0,63,63/6,0.01,0.03,0.00,0.00,0.01,10.63,0.03,0.00,6.75,EffectProcessingLoopSystem:1.75,MassNavigationSimulationStepSystem:1.68,MapEntityLifecycleObserverSystem:0.62,3.83,PresenterEntityTransformSyncSystem:0.95,PresenterEmitSystem:0.57,AnimatorRuntimeSystem:0.56,0.23,0,169,169,0,0,0.56,0.95,0.19,10009/0,0.00,0/0,0.39,10009,0.00,0.00/0.00/0.00/0.00,0.00/0.00/0.00,0.00/0.00/0.00/0.00/0.00/0.00,0.00/0.00/0.00/0.00/0.00,0.19,0.03,0.00,0.15,0.19,0.00,0.02,126,2,0,0.07,0.01,4/0,0.00,0,0,0,0,0.05,0.00,0.00,0.00,0,0.00,0.00,0,0,0/0,0.00,0,0,0.00,0,0,0.00,0,0,0.15,0.00,0,2,0,0.14,0.00,0.00,0.00,0.00,0.00,0.57,0.00,0,0.26,336,0,336/0/0,0.10,0.00,126,1,1,0,0,0,2026-09-09T18:28:14.8812453Z
3.74ms,267.7,0,63,30009,"mass_navigation_agent_health_text_light:8568,mass_navigation_agent_health_hud_light:8568,mass_navigation_agent_azure_light:2142,mass_navigation_agent_crimson_light:2142,mass_navigation_agent_amber_light:2142,mass_navigation_agent_emerald_light:2142,mass_navigation_agent_health_text_heavy:1432,mass_navigation_agent_health_hud_heavy:1432",0,0,63,63/6,0.01,0.03,0.00,0.00,0.02,3.28,0.02,0.00,0.19,EffectProcessingLoopSystem:0.19,:0.00,:0.00,3.04,PresenterEntityTransformSyncSystem:0.87,AnimatorRuntimeSystem:0.61,TerrainHeightSyncSystem:0.35,0.00,0,0,0,0,0,0.61,0.87,0.20,10009/0,0.00,0/0,0.35,10009,0.00,0.00/0.00/0.00/0.00,0.00/0.00/0.00,0.00/0.00/0.00/0.00/0.00/0.00,0.00/0.00/0.00/0.00/0.00,0.16,0.03,0.00,0.13,0.16,0.00,0.01,126,2,0,0.07,0.01,4/0,0.00,0,0,0,0,0.04,0.00,0.00,0.00,0,0.00,0.00,0,0,0/0,0.00,0,0,0.00,0,0,0.00,0,0,0.12,0.00,0,2,0,0.12,0.00,0.00,0.00,0.00,0.00,0.33,0.00,0,0.00,0,0,0/0/0,0.09,0.00,126,1,1,0,0,0,2026-09-09T18:28:15.3498165Z
8.86ms,112.9,0,63,30009,"mass_navigation_agent_health_text_light:8568,mass_navigation_agent_health_hud_light:8568,mass_navigation_agent_azure_light:2142,mass_navigation_agent_crimson_light:2142,mass_navigation_agent_amber_light:2142,mass_navigation_agent_emerald_light:2142,mass_navigation_agent_health_text_heavy:1432,mass_navigation_agent_health_hud_heavy:1432",0,0,63,63/6,0.01,0.04,0.00,0.00,0.01,8.26,0.03,0.00,4.33,EffectProcessingLoopSystem:1.43,MapEntityLifecycleObserverSystem:0.53,MassNavigationAuthoredAgentBindingSystem:0.49,3.88,PresenterEntityTransformSyncSystem:1.00,PresenterEmitSystem:0.67,AnimatorRuntimeSystem:0.54,0.18,0,142,142,0,0,0.54,1.00,0.25,10009/0,0.00,0/0,0.37,10009,0.00,0.00/0.00/0.00/0.00,0.00/0.00/0.00,0.00/0.00/0.00/0.00/0.00/0.00,0.00/0.00/0.00/0.00/0.00,0.18,0.03,0.00,0.15,0.18,0.00,0.02,126,2,0,0.08,0.01,4/0,0.00,0,0,0,0,0.05,0.00,0.00,0.00,0,0.00,0.00,0,0,0/0,0.00,0,0,0.00,0,0,0.00,0,0,0.15,0.00,0,2,0,0.15,0.00,0.00,0.00,0.00,0.00,0.67,0.00,0,0.28,282,0,282/0/0,0.11,0.00,126,1,1,0,0,0,2026-09-09T18:28:15.8153917Z
9.66ms,103.5,0,63,30009,"mass_navigation_agent_health_text_light:8568,mass_navigation_agent_health_hud_light:8568,mass_navigation_agent_azure_light:2142,mass_navigation_agent_crimson_light:2142,mass_navigation_agent_amber_light:2142,mass_navigation_agent_emerald_light:2142,mass_navigation_agent_health_text_heavy:1432,mass_navigation_agent_health_hud_heavy:1432",0,0,63,63/6,0.01,0.03,0.00,0.00,0.01,9.06,0.04,0.00,4.48,EffectProcessingLoopSystem:1.95,AttributeAggregatorSystem:0.71,MapEntityLifecycleObserverSystem:0.63,4.53,PresenterEntityTransformSyncSystem:1.28,PresenterEmitSystem:0.73,AnimatorRuntimeSystem:0.56,0.29,0,188,188,0,0,0.56,1.28,0.21,10009/0,0.00,0/0,0.39,10009,0.00,0.00/0.00/0.00/0.00,0.00/0.00/0.00,0.00/0.00/0.00/0.00/0.00/0.00,0.00/0.00/0.00/0.00/0.00,0.26,0.04,0.00,0.22,0.26,0.00,0.02,126,2,0,0.07,0.01,4/0,0.00,0,0,0,0,0.05,0.00,0.00,0.00,0,0.00,0.00,0,0,0/0,0.00,0,0,0.00,0,0,0.00,0,0,0.16,0.00,0,2,0,0.16,0.00,0.00,0.00,0.00,0.00,0.73,0.00,0,0.35,374,0,374/0/0,0.11,0.00,126,1,1,0,0,0,2026-09-09T18:28:16.3018471Z
3.52ms,284.0,0,63,30009,"mass_navigation_agent_health_text_light:8568,mass_navigation_agent_health_hud_light:8568,mass_navigation_agent_azure_light:2142,mass_navigation_agent_crimson_light:2142,mass_navigation_agent_amber_light:2142,mass_navigation_agent_emerald_light:2142,mass_navigation_agent_health_text_heavy:1432,mass_navigation_agent_health_hud_heavy:1432",0,0,63,63/6,0.01,0.04,0.00,0.00,0.02,3.04,0.02,0.00,0.17,EffectProcessingLoopSystem:0.17,:0.00,:0.00,2.82,PresenterEntityTransformSyncSystem:0.70,AnimatorRuntimeSystem:0.55,TerrainHeightSyncSystem:0.37,0.00,0,0,0,0,0,0.55,0.70,0.24,10009/0,0.00,0/0,0.37,10009,0.00,0.00/0.00/0.00/0.00,0.00/0.00/0.00,0.00/0.00/0.00/0.00/0.00/0.00,0.00/0.00/0.00/0.00/0.00,0.16,0.03,0.00,0.12,0.15,0.00,0.02,126,2,0,0.07,0.01,4/0,0.00,0,0,0,0,0.05,0.00,0.00,0.00,0,0.00,0.00,0,0,0/0,0.00,0,0,0.00,0,0,0.00,0,0,0.11,0.00,0,2,0,0.11,0.00,0.00,0.00,0.00,0.00,0.32,0.00,0,0.00,0,0,0/0/0,0.09,0.00,126,1,1,0,0,0,2026-09-09T18:28:16.7567263Z
3.51ms,285.1,0,63,30009,"mass_navigation_agent_health_text_light:8568,mass_navigation_agent_health_hud_light:8568,mass_navigation_agent_azure_light:2142,mass_navigation_agent_crimson_light:2142,mass_navigation_agent_amber_light:2142,mass_navigation_agent_emerald_light:2142,mass_navigation_agent_health_text_heavy:1432,mass_navigation_agent_health_hud_heavy:1432",0,0,63,63/6,0.01,0.03,0.00,0.00,0.01,3.17,0.02,0.00,0.18,EffectProcessingLoopSystem:0.17,:0.00,:0.00,2.95,PresenterEntityTransformSyncSystem:0.82,AnimatorRuntimeSystem:0.60,TerrainHeightSyncSystem:0.36,0.00,0,0,0,0,0,0.60,0.82,0.18,10009/0,0.00,0/0,0.35,10009,0.00,0.00/0.00/0.00/0.00,0.00/0.00/0.00,0.00/0.00/0.00/0.00/0.00/0.00,0.00/0.00/0.00/0.00/0.00,0.16,0.03,0.00,0.12,0.16,0.00,0.02,126,2,0,0.06,0.01,4/0,0.00,0,0,0,0,0.04,0.00,0.00,0.00,0,0.00,0.00,0,0,0/0,0.00,0,0,0.00,0,0,0.00,0,0,0.07,0.00,0,2,0,0.07,0.00,0.00,0.00,0.00,0.00,0.33,0.00,0,0.00,0,0,0/0/0,0.06,0.00,126,1,1,0,0,0,2026-09-09T18:28:17.2117850Z
4.05ms,246.7,0,63,30009,"mass_navigation_agent_health_text_light:8568,mass_navigation_agent_health_hud_light:8568,mass_navigation_agent_azure_light:2142,mass_navigation_agent_crimson_light:2142,mass_navigation_agent_amber_light:2142,mass_navigation_agent_emerald_light:2142,mass_navigation_agent_health_text_heavy:1432,mass_navigation_agent_health_hud_heavy:1432",0,0,63,63/6,0.01,0.04,0.00,0.00,0.01,3.56,0.03,0.00,0.18,EffectProcessingLoopSystem:0.18,:0.00,:0.00,3.34,PresenterEntityTransformSyncSystem:1.02,AnimatorRuntimeSystem:0.67,TerrainHeightSyncSystem:0.36,0.00,0,0,0,0,0,0.67,1.02,0.21,10009/0,0.00,0/0,0.36,10009,0.00,0.00/0.00/0.00/0.00,0.00/0.00/0.00,0.00/0.00/0.00/0.00/0.00/0.00,0.00/0.00/0.00/0.00/0.00,0.17,0.03,0.00,0.14,0.17,0.00,0.02,126,2,0,0.07,0.01,4/0,0.00,0,0,0,0,0.05,0.00,0.00,0.00,0,0.00,0.00,0,0,0/0,0.00,0,0,0.00,0,0,0.00,0,0,0.11,0.00,0,2,0,0.11,0.00,0.00,0.00,0.00,0.00,0.36,0.00,0,0.00,0,0,0/0/0,0.08,0.00,126,1,1,0,0,0,2026-09-09T18:28:17.6892519Z
8.57ms,116.6,0,63,30009,"mass_navigation_agent_health_text_light:8568,mass_navigation_agent_health_hud_light:8568,mass_navigation_agent_azure_light:2142,mass_navigation_agent_crimson_light:2142,mass_navigation_agent_amber_light:2142,mass_navigation_agent_emerald_light:2142,mass_navigation_agent_health_text_heavy:1432,mass_navigation_agent_health_hud_heavy:1432",0,0,63,63/6,0.01,0.03,0.00,0.00,0.01,8.14,0.03,0.00,4.27,EffectProcessingLoopSystem:1.92,AttributeAggregatorSystem:0.67,MapEntityLifecycleObserverSystem:0.61,3.83,PresenterEntityTransformSyncSystem:0.88,PresenterEmitSystem:0.67,AnimatorRuntimeSystem:0.55,0.23,0,178,178,0,0,0.54,0.88,0.23,10009/0,0.00,0/0,0.41,10009,0.00,0.00/0.00/0.00/0.00,0.00/0.00/0.00,0.00/0.00/0.00/0.00/0.00/0.00,0.00/0.00/0.00/0.00/0.00,0.18,0.03,0.00,0.14,0.18,0.00,0.02,126,2,0,0.06,0.01,4/0,0.00,0,0,0,0,0.04,0.00,0.00,0.00,0,0.00,0.00,0,0,0/0,0.00,0,0,0.00,0,0,0.00,0,0,0.09,0.00,0,2,0,0.09,0.00,0.00,0.00,0.00,0.00,0.66,0.00,0,0.30,354,0,354/0/0,0.08,0.00,126,1,1,0,0,0,2026-09-09T18:28:18.1507418Z
3.81ms,262.5,0,63,30009,"mass_navigation_agent_health_text_light:8568,mass_navigation_agent_health_hud_light:8568,mass_navigation_agent_azure_light:2142,mass_navigation_agent_crimson_light:2142,mass_navigation_agent_amber_light:2142,mass_navigation_agent_emerald_light:2142,mass_navigation_agent_health_text_heavy:1432,mass_navigation_agent_health_hud_heavy:1432",0,0,63,63/6,0.01,0.04,0.00,0.00,0.02,3.27,0.02,0.00,0.17,EffectProcessingLoopSystem:0.17,:0.00,:0.00,3.04,PresenterEntityTransformSyncSystem:0.84,AnimatorRuntimeSystem:0.58,TerrainHeightSyncSystem:0.37,0.00,0,0,0,0,0,0.58,0.84,0.19,10009/0,0.00,0/0,0.37,10009,0.00,0.00/0.00/0.00/0.00,0.00/0.00/0.00,0.00/0.00/0.00/0.00/0.00/0.00,0.00/0.00/0.00/0.00/0.00,0.19,0.03,0.00,0.15,0.19,0.00,0.02,126,2,0,0.08,0.01,4/0,0.00,0,0,0,0,0.05,0.00,0.00,0.00,0,0.00,0.00,0,0,0/0,0.00,0,0,0.00,0,0,0.00,0,0,0.15,0.00,0,2,0,0.15,0.00,0.00,0.00,0.00,0.00,0.34,0.00,0,0.00,0,0,0/0/0,0.10,0.00,126,1,1,0,0,0,2026-09-09T18:28:18.6185507Z
6.30ms,158.8,0,63,30009,"mass_navigation_agent_health_text_light:8568,mass_navigation_agent_health_hud_light:8568,mass_navigation_agent_azure_light:2142,mass_navigation_agent_crimson_light:2142,mass_navigation_agent_amber_light:2142,mass_navigation_agent_emerald_light:2142,mass_navigation_agent_health_text_heavy:1432,mass_navigation_agent_health_hud_heavy:1432",0,0,63,63/6,0.01,0.04,0.00,0.00,0.02,5.74,0.03,0.00,2.17,MassNavigationSimulationStepSystem:1.04,EffectProcessingLoopSystem:0.28,SpatialPartitionUpdateSystem:0.17,3.48,PresenterEntityTransformSyncSystem:1.04,AnimatorRuntimeSystem:0.58,TerrainHeightSyncSystem:0.43,0.00,0,0,0,0,0,0.58,1.04,0.21,10009/0,0.00,0/0,0.43,10009,0.00,0.00/0.00/0.00/0.00,0.00/0.00/0.00,0.00/0.00/0.00/0.00/0.00/0.00,0.00/0.00/0.00/0.00/0.00,0.21,0.04,0.00,0.16,0.21,0.00,0.02,126,2,0,0.08,0.01,4/0,0.00,0,0,0,0,0.05,0.00,0.00,0.00,0,0.00,0.00,0,0,0/0,0.00,0,0,0.00,0,0,0.00,0,0,0.15,0.00,0,2,0,0.15,0.00,0.00,0.00,0.00,0.00,0.33,0.00,0,0.00,0,0,0/0/0,0.09,0.00,126,1,1,0,0,0,2026-09-09T18:28:19.0816764Z
6.61ms,151.3,0,63,30009,"mass_navigation_agent_health_text_light:8568,mass_navigation_agent_health_hud_light:8568,mass_navigation_agent_azure_light:2142,mass_navigation_agent_crimson_light:2142,mass_navigation_agent_amber_light:2142,mass_navigation_agent_emerald_light:2142,mass_navigation_agent_health_text_heavy:1432,mass_navigation_agent_health_hud_heavy:1432",0,0,63,63/6,0.01,0.04,0.00,0.00,0.02,6.03,0.03,0.00,2.33,MassNavigationSimulationStepSystem:1.22,EffectProcessingLoopSystem:0.28,OrderBufferSystem:0.15,3.65,PresenterEntityTransformSyncSystem:1.09,AnimatorRuntimeSystem:0.62,TerrainHeightSyncSystem:0.45,0.00,0,0,0,0,0,0.62,1.09,0.23,10009/0,0.00,0/0,0.45,10009,0.00,0.00/0.00/0.00/0.00,0.00/0.00/0.00,0.00/0.00/0.00/0.00/0.00/0.00,0.00/0.00/0.00/0.00/0.00,0.22,0.04,0.00,0.17,0.22,0.00,0.02,126,2,0,0.08,0.01,4/0,0.00,0,0,0,0,0.05,0.00,0.00,0.00,0,0.00,0.00,0,0,0/0,0.00,0,0,0.00,0,0,0.00,0,0,0.14,0.00,0,2,0,0.14,0.00,0.00,0.00,0.00,0.00,0.36,0.00,0,0.00,0,0,0/0/0,0.11,0.00,126,1,1,0,0,0,2026-09-09T18:28:19.5557884Z
7.00ms,142.8,0,63,30009,"mass_navigation_agent_health_text_light:8568,mass_navigation_agent_health_hud_light:8568,mass_navigation_agent_azure_light:2142,mass_navigation_agent_crimson_light:2142,mass_navigation_agent_amber_light:2142,mass_navigation_agent_emerald_light:2142,mass_navigation_agent_health_text_heavy:1432,mass_navigation_agent_health_hud_heavy:1432",0,0,63,63/6,0.01,0.04,0.00,0.00,0.02,6.50,0.03,0.00,3.00,MassNavigationSimulationStepSystem:1.70,EffectProcessingLoopSystem:0.29,OrderBufferSystem:0.21,3.44,PresenterEntityTransformSyncSystem:1.06,AnimatorRuntimeSystem:0.58,TerrainHeightSyncSystem:0.45,0.00,0,0,0,0,0,0.58,1.06,0.18,10009/0,0.00,0/0,0.45,10009,0.00,0.00/0.00/0.00/0.00,0.00/0.00/0.00,0.00/0.00/0.00/0.00/0.00/0.00,0.00/0.00/0.00/0.00/0.00,0.19,0.03,0.00,0.15,0.19,0.00,0.02,126,2,0,0.07,0.01,4/0,0.00,0,0,0,0,0.05,0.00,0.00,0.00,0,0.00,0.00,0,0,0/0,0.00,0,0,0.00,0,0,0.00,0,0,0.12,0.00,0,2,0,0.12,0.00,0.00,0.00,0.00,0.00,0.36,0.00,0,0.00,0,0,0/0/0,0.09,0.00,126,1,1,0,0,0,2026-09-09T18:28:20.0289086Z
9.42ms,106.2,0,63,30009,"mass_navigation_agent_health_text_light:8568,mass_navigation_agent_health_hud_light:8568,mass_navigation_agent_azure_light:2142,mass_navigation_agent_crimson_light:2142,mass_navigation_agent_amber_light:2142,mass_navigation_agent_emerald_light:2142,mass_navigation_agent_health_text_heavy:1432,mass_navigation_agent_health_hud_heavy:1432",0,0,63,63/6,0.01,0.03,0.00,0.00,0.02,8.87,0.03,0.00,4.39,EffectProcessingLoopSystem:1.97,AttributeAggregatorSystem:0.63,MapEntityLifecycleObserverSystem:0.63,4.42,PresenterEntityTransformSyncSystem:1.27,PresenterEmitSystem:0.71,AnimatorRuntimeSystem:0.57,0.26,0,178,178,0,0,0.57,1.27,0.21,10009/0,0.00,0/0,0.40,10009,0.00,0.00/0.00/0.00/0.00,0.00/0.00/0.00,0.00/0.00/0.00/0.00/0.00/0.00,0.00/0.00/0.00/0.00/0.00,0.21,0.04,0.00,0.16,0.21,0.00,0.02,126,2,0,0.07,0.01,4/0,0.00,0,0,0,0,0.05,0.00,0.00,0.00,0,0.00,0.00,0,0,0/0,0.00,0,0,0.00,0,0,0.00,0,0,0.14,0.00,0,2,0,0.14,0.00,0.00,0.00,0.00,0.00,0.71,0.00,0,0.33,354,0,354/0/0,0.10,0.00,126,1,1,0,0,0,2026-09-09T18:28:20.4912865Z
4.33ms,230.7,0,63,30009,"mass_navigation_agent_health_text_light:8568,mass_navigation_agent_health_hud_light:8568,mass_navigation_agent_azure_light:2142,mass_navigation_agent_crimson_light:2142,mass_navigation_agent_amber_light:2142,mass_navigation_agent_emerald_light:2142,mass_navigation_agent_health_text_heavy:1432,mass_navigation_agent_health_hud_heavy:1432",0,0,63,63/6,0.01,0.04,0.00,0.00,0.02,3.69,0.04,0.00,0.18,EffectProcessingLoopSystem:0.18,:0.00,:0.00,3.45,PresenterEntityTransformSyncSystem:1.00,AnimatorRuntimeSystem:0.67,TerrainHeightSyncSystem:0.42,0.00,0,0,0,0,0,0.67,1.00,0.22,10009/0,0.00,0/0,0.42,10009,0.00,0.00/0.00/0.00/0.00,0.00/0.00/0.00,0.00/0.00/0.00/0.00/0.00/0.00,0.00/0.00/0.00/0.00/0.00,0.21,0.03,0.00,0.17,0.21,0.00,0.03,126,2,0,0.09,0.01,4/0,0.00,0,0,0,0,0.06,0.00,0.00,0.00,0,0.00,0.00,0,0,0/0,0.00,0,0,0.00,0,0,0.00,0,0,0.16,0.00,0,2,0,0.15,0.00,0.00,0.00,0.00,0.00,0.37,0.00,0,0.00,0,0,0/0/0,0.14,0.00,126,1,1,0,0,0,2026-09-09T18:28:20.9751541Z
11.65ms,85.8,0,63,30009,"mass_navigation_agent_health_text_light:8568,mass_navigation_agent_health_hud_light:8568,mass_navigation_agent_azure_light:2142,mass_navigation_agent_crimson_light:2142,mass_navigation_agent_amber_light:2142,mass_navigation_agent_emerald_light:2142,mass_navigation_agent_health_text_heavy:1432,mass_navigation_agent_health_hud_heavy:1432",0,0,63,63/6,0.01,0.04,0.00,0.00,0.02,11.06,0.03,0.00,6.78,MassNavigationSimulationStepSystem:1.68,EffectProcessingLoopSystem:1.67,MapEntityLifecycleObserverSystem:0.62,4.22,PresenterEntityTransformSyncSystem:1.16,PresenterEmitSystem:0.64,AnimatorRuntimeSystem:0.62,0.22,0,156,156,0,0,0.62,1.16,0.20,10009/0,0.00,0/0,0.40,10009,0.00,0.00/0.00/0.00/0.00,0.00/0.00/0.00,0.00/0.00/0.00/0.00/0.00/0.00,0.00/0.00/0.00/0.00/0.00,0.20,0.03,0.00,0.16,0.20,0.00,0.02,126,2,0,0.07,0.01,4/0,0.00,0,0,0,0,0.05,0.00,0.00,0.00,0,0.00,0.00,0,0,0/0,0.00,0,0,0.00,0,0,0.00,0,0,0.16,0.00,0,2,0,0.16,0.00,0.00,0.00,0.00,0.00,0.64,0.00,0,0.28,310,0,310/0/0,0.11,0.00,126,1,1,0,0,0,2026-09-09T18:28:21.4314915Z
8.75ms,114.2,0,63,30009,"mass_navigation_agent_health_text_light:8568,mass_navigation_agent_health_hud_light:8568,mass_navigation_agent_azure_light:2142,mass_navigation_agent_crimson_light:2142,mass_navigation_agent_amber_light:2142,mass_navigation_agent_emerald_light:2142,mass_navigation_agent_health_text_heavy:1432,mass_navigation_agent_health_hud_heavy:1432",0,0,63,63/6,0.01,0.04,0.00,0.00,0.01,8.23,0.03,0.00,4.05,EffectProcessingLoopSystem:1.75,MapEntityLifecycleObserverSystem:0.63,AttributeAggregatorSystem:0.58,4.13,PresenterEntityTransformSyncSystem:1.02,PresenterEmitSystem:0.74,AnimatorRuntimeSystem:0.56,0.21,0,163,163,0,0,0.56,1.02,0.22,10009/0,0.00,0/0,0.40,10009,0.00,0.00/0.00/0.00/0.00,0.00/0.00/0.00,0.00/0.00/0.00/0.00/0.00/0.00,0.00/0.00/0.00/0.00/0.00,0.24,0.03,0.00,0.20,0.24,0.00,0.02,126,2,0,0.08,0.01,4/0,0.00,0,0,0,0,0.05,0.00,0.00,0.00,0,0.00,0.00,0,0,0/0,0.00,0,0,0.00,0,0,0.00,0,0,0.13,0.00,0,2,0,0.13,0.00,0.00,0.00,0.00,0.00,0.74,0.00,0,0.31,324,0,324/0/0,0.09,0.00,126,1,1,0,0,0,2026-09-09T18:28:21.8907958Z
9.01ms,111.0,0,63,30009,"mass_navigation_agent_health_text_light:8568,mass_navigation_agent_health_hud_light:8568,mass_navigation_agent_azure_light:2142,mass_navigation_agent_crimson_light:2142,mass_navigation_agent_amber_light:2142,mass_navigation_agent_emerald_light:2142,mass_navigation_agent_health_text_heavy:1432,mass_navigation_agent_health_hud_heavy:1432",0,0,63,63/6,0.01,0.03,0.00,0.00,0.01,8.42,0.03,0.00,4.31,EffectProcessingLoopSystem:1.92,AttributeAggregatorSystem:0.65,MapEntityLifecycleObserverSystem:0.60,4.06,PresenterEntityTransformSyncSystem:1.03,AnimatorRuntimeSystem:0.64,PresenterEmitSystem:0.61,0.23,0,182,182,0,0,0.64,1.03,0.22,10009/0,0.00,0/0,0.39,10009,0.00,0.00/0.00/0.00/0.00,0.00/0.00/0.00,0.00/0.00/0.00/0.00/0.00/0.00,0.00/0.00/0.00/0.00/0.00,0.19,0.03,0.00,0.15,0.19,0.00,0.02,126,2,0,0.07,0.01,4/0,0.00,0,0,0,0,0.05,0.00,0.00,0.00,0,0.00,0.00,0,0,0/0,0.00,0,0,0.00,0,0,0.00,0,0,0.17,0.00,0,2,0,0.17,0.00,0.00,0.00,0.00,0.00,0.61,0.00,0,0.27,362,0,362/0/0,0.10,0.00,126,1,1,0,0,0,2026-09-09T18:28:22.3538346Z
8.69ms,115.0,0,63,30009,"mass_navigation_agent_health_text_light:8568,mass_navigation_agent_health_hud_light:8568,mass_navigation_agent_azure_light:2142,mass_navigation_agent_crimson_light:2142,mass_navigation_agent_amber_light:2142,mass_navigation_agent_emerald_light:2142,mass_navigation_agent_health_text_heavy:1432,mass_navigation_agent_health_hud_heavy:1432",0,0,63,63/6,0.01,0.03,0.00,0.00,0.01,8.17,0.03,0.00,4.11,EffectProcessingLoopSystem:1.77,MapEntityLifecycleObserverSystem:0.66,AttributeAggregatorSystem:0.65,4.01,PresenterEntityTransformSyncSystem:1.01,PresenterEmitSystem:0.63,AnimatorRuntimeSystem:0.54,0.21,0,160,160,0,0,0.54,1.01,0.21,10009/0,0.00,0/0,0.41,10009,0.00,0.00/0.00/0.00/0.00,0.00/0.00/0.00,0.00/0.00/0.00/0.00/0.00/0.00,0.00/0.00/0.00/0.00/0.00,0.24,0.03,0.00,0.20,0.24,0.00,0.02,126,2,0,0.07,0.01,4/0,0.00,0,0,0,0,0.04,0.00,0.00,0.00,0,0.00,0.00,0,0,0/0,0.00,0,0,0.00,0,0,0.00,0,0,0.14,0.00,0,2,0,0.13,0.00,0.00,0.00,0.00,0.00,0.63,0.00,0,0.27,318,0,318/0/0,0.09,0.00,126,1,1,0,0,0,2026-09-09T18:28:22.8243777Z
5.21ms,191.9,0,63,30009,"mass_navigation_agent_health_text_light:8568,mass_navigation_agent_health_hud_light:8568,mass_navigation_agent_azure_light:2142,mass_navigation_agent_crimson_light:2142,mass_navigation_agent_amber_light:2142,mass_navigation_agent_emerald_light:2142,mass_navigation_agent_health_text_heavy:1432,mass_navigation_agent_health_hud_heavy:1432",0,0,63,63/6,0.01,0.04,0.00,0.00,0.02,4.67,0.03,0.00,1.07,EffectProcessingLoopSystem:0.24,OrderBufferSystem:0.17,SpatialPartitionUpdateSystem:0.14,3.53,PresenterEntityTransformSyncSystem:1.26,AnimatorRuntimeSystem:0.61,TerrainHeightSyncSystem:0.36,0.00,0,0,0,0,0,0.61,1.26,0.20,10009/0,0.00,0/0,0.36,10009,0.00,0.00/0.00/0.00/0.00,0.00/0.00/0.00,0.00/0.00/0.00/0.00/0.00/0.00,0.00/0.00/0.00/0.00/0.00,0.18,0.04,0.00,0.14,0.18,0.00,0.02,126,2,0,0.08,0.01,4/0,0.00,0,0,0,0,0.05,0.00,0.00,0.00,0,0.00,0.00,0,0,0/0,0.00,0,0,0.00,0,0,0.00,0,0,0.13,0.00,0,2,0,0.13,0.00,0.00,0.00,0.00,0.00,0.35,0.00,0,0.00,0,0,0/0/0,0.11,0.00,126,1,1,0,0,0,2026-09-09T18:28:23.2993404Z
7.91ms,126.4,0,63,30009,"mass_navigation_agent_health_text_light:8568,mass_navigation_agent_health_hud_light:8568,mass_navigation_agent_azure_light:2142,mass_navigation_agent_crimson_light:2142,mass_navigation_agent_amber_light:2142,mass_navigation_agent_emerald_light:2142,mass_navigation_agent_health_text_heavy:1432,mass_navigation_agent_health_hud_heavy:1432",0,0,63,63/6,0.01,0.04,0.00,0.00,0.01,7.18,0.04,0.00,2.89,MassNavigationSimulationStepSystem:1.61,EffectProcessingLoopSystem:0.29,AbilityEndOrderSystem:0.18,4.25,PresenterEntityTransformSyncSystem:1.61,AnimatorRuntimeSystem:0.63,TerrainHeightSyncSystem:0.44,0.01,0,0,0,0,0,0.63,1.61,0.22,10009/0,0.00,0/0,0.44,10009,0.00,0.00/0.00/0.00/0.00,0.00/0.00/0.00,0.00/0.00/0.00/0.00/0.00/0.00,0.00/0.00/0.00/0.00/0.00,0.21,0.03,0.00,0.17,0.21,0.00,0.03,126,2,0,0.08,0.01,4/0,0.00,0,0,0,0,0.05,0.00,0.00,0.00,0,0.00,0.00,0,0,0/0,0.00,0,0,0.00,0,0,0.00,0,0,0.23,0.00,0,2,0,0.22,0.00,0.00,0.00,0.00,0.00,0.39,0.00,0,0.00,0,0,0/0/0,0.15,0.00,126,1,1,0,0,0,2026-09-09T18:28:23.7566174Z
8.17ms,122.4,0,63,30009,"mass_navigation_agent_health_text_light:8568,mass_navigation_agent_health_hud_light:8568,mass_navigation_agent_azure_light:2142,mass_navigation_agent_crimson_light:2142,mass_navigation_agent_amber_light:2142,mass_navigation_agent_emerald_light:2142,mass_navigation_agent_health_text_heavy:1432,mass_navigation_agent_health_hud_heavy:1432",0,0,63,63/6,0.01,0.04,0.00,0.00,0.02,7.55,0.03,0.00,3.24,MassNavigationSimulationStepSystem:1.79,EffectProcessingLoopSystem:0.32,AbilityEndOrderSystem:0.25,4.25,PresenterEntityTransformSyncSystem:1.39,AnimatorRuntimeSystem:0.65,TerrainHeightSyncSystem:0.55,0.01,0,0,0,0,0,0.65,1.39,0.20,10009/0,0.00,0/0,0.55,10009,0.00,0.00/0.00/0.00/0.00,0.00/0.00/0.00,0.00/0.00/0.00/0.00/0.00/0.00,0.00/0.00/0.00/0.00/0.00,0.34,0.05,0.00,0.28,0.34,0.00,0.02,126,2,0,0.08,0.02,4/0,0.00,0,0,0,0,0.05,0.00,0.00,0.00,0,0.00,0.00,0,0,0/0,0.00,0,0,0.00,0,0,0.00,0,0,0.17,0.00,0,2,0,0.17,0.00,0.00,0.00,0.00,0.00,0.35,0.00,0,0.00,0,0,0/0/0,0.11,0.00,126,1,1,0,0,0,2026-09-09T18:28:24.2539731Z
3.75ms,266.5,0,63,30009,"mass_navigation_agent_health_text_light:8568,mass_navigation_agent_health_hud_light:8568,mass_navigation_agent_azure_light:2142,mass_navigation_agent_crimson_light:2142,mass_navigation_agent_amber_light:2142,mass_navigation_agent_emerald_light:2142,mass_navigation_agent_health_text_heavy:1432,mass_navigation_agent_health_hud_heavy:1432",0,0,63,63/6,0.01,0.03,0.00,0.00,0.01,3.32,0.02,0.00,0.18,EffectProcessingLoopSystem:0.18,:0.00,:0.00,3.09,PresenterEntityTransformSyncSystem:0.79,AnimatorRuntimeSystem:0.66,TerrainHeightSyncSystem:0.37,0.00,0,0,0,0,0,0.66,0.79,0.21,10009/0,0.00,0/0,0.37,10009,0.00,0.00/0.00/0.00/0.00,0.00/0.00/0.00,0.00/0.00/0.00/0.00/0.00/0.00,0.00/0.00/0.00/0.00/0.00,0.21,0.03,0.00,0.17,0.21,0.00,0.01,126,2,0,0.07,0.01,4/0,0.00,0,0,0,0,0.05,0.00,0.00,0.00,0,0.00,0.00,0,0,0/0,0.00,0,0,0.00,0,0,0.00,0,0,0.10,0.00,0,2,0,0.10,0.00,0.00,0.00,0.00,0.00,0.33,0.00,0,0.00,0,0,0/0/0,0.09,0.00,126,1,1,0,0,0,2026-09-09T18:28:24.7324695Z
9.28ms,107.7,0,63,30009,"mass_navigation_agent_health_text_light:8568,mass_navigation_agent_health_hud_light:8568,mass_navigation_agent_azure_light:2142,mass_navigation_agent_crimson_light:2142,mass_navigation_agent_amber_light:2142,mass_navigation_agent_emerald_light:2142,mass_navigation_agent_health_text_heavy:1432,mass_navigation_agent_health_hud_heavy:1432",0,0,63,63/6,0.01,0.04,0.00,0.00,0.02,8.67,0.03,0.00,4.34,EffectProcessingLoopSystem:1.91,AttributeAggregatorSystem:0.70,MapEntityLifecycleObserverSystem:0.61,4.27,PresenterEntityTransformSyncSystem:1.07,PresenterEmitSystem:0.69,AnimatorRuntimeSystem:0.56,0.24,0,179,179,0,0,0.56,1.07,0.23,10009/0,0.00,0/0,0.40,10009,0.00,0.00/0.00/0.00/0.00,0.00/0.00/0.00,0.00/0.00/0.00/0.00/0.00/0.00,0.00/0.00/0.00/0.00/0.00,0.30,0.05,0.00,0.24,0.30,0.00,0.02,126,2,0,0.08,0.01,4/0,0.00,0,0,0,0,0.06,0.00,0.00,0.00,0,0.00,0.00,0,0,0/0,0.00,0,0,0.00,0,0,0.00,0,0,0.17,0.00,0,2,0,0.17,0.00,0.00,0.00,0.00,0.00,0.69,0.00,0,0.32,356,0,356/0/0,0.11,0.00,126,1,1,0,0,0,2026-09-09T18:28:25.1908409Z
3.61ms,277.1,0,63,30009,"mass_navigation_agent_health_text_light:8568,mass_navigation_agent_health_hud_light:8568,mass_navigation_agent_azure_light:2142,mass_navigation_agent_crimson_light:2142,mass_navigation_agent_amber_light:2142,mass_navigation_agent_emerald_light:2142,mass_navigation_agent_health_text_heavy:1432,mass_navigation_agent_health_hud_heavy:1432",0,0,63,63/6,0.01,0.03,0.00,0.00,0.02,3.16,0.03,0.00,0.16,EffectProcessingLoopSystem:0.16,:0.00,:0.00,2.94,PresenterEntityTransformSyncSystem:0.80,AnimatorRuntimeSystem:0.55,TerrainHeightSyncSystem:0.36,0.00,0,0,0,0,0,0.55,0.80,0.20,10009/0,0.00,0/0,0.36,10009,0.00,0.00/0.00/0.00/0.00,0.00/0.00/0.00,0.00/0.00/0.00/0.00/0.00/0.00,0.00/0.00/0.00/0.00/0.00,0.16,0.03,0.00,0.13,0.16,0.00,0.02,126,2,0,0.07,0.01,4/0,0.00,0,0,0,0,0.05,0.00,0.00,0.00,0,0.00,0.00,0,0,0/0,0.00,0,0,0.00,0,0,0.00,0,0,0.11,0.00,0,2,0,0.11,0.00,0.00,0.00,0.00,0.00,0.35,0.00,0,0.00,0,0,0/0/0,0.07,0.00,126,1,1,0,0,0,2026-09-09T18:28:25.6458087Z
18.50ms,54.1,0,63,30009,"mass_navigation_agent_health_text_light:8568,mass_navigation_agent_health_hud_light:8568,mass_navigation_agent_azure_light:2142,mass_navigation_agent_crimson_light:2142,mass_navigation_agent_amber_light:2142,mass_navigation_agent_emerald_light:2142,mass_navigation_agent_health_text_heavy:1432,mass_navigation_agent_health_hud_heavy:1432",0,0,63,63/6,0.01,0.03,0.00,0.00,0.01,17.85,0.04,0.00,13.59,MassNavigationSimulationStepSystem:9.26,EffectProcessingLoopSystem:1.30,MapEntityLifecycleObserverSystem:0.61,4.20,PresenterEntityTransformSyncSystem:1.21,PresenterEmitSystem:0.61,AnimatorRuntimeSystem:0.55,0.19,0,131,131,0,0,0.55,1.21,0.25,10009/0,0.00,0/0,0.37,10009,0.00,0.00/0.00/0.00/0.00,0.00/0.00/0.00,0.00/0.00/0.00/0.00/0.00/0.00,0.00/0.00/0.00/0.00/0.00,0.20,0.04,0.00,0.16,0.20,0.00,0.03,126,2,0,0.07,0.01,4/0,0.00,0,0,0,0,0.05,0.00,0.00,0.00,0,0.00,0.00,0,0,0/0,0.00,0,0,0.00,0,0,0.00,0,0,0.17,0.00,0,2,0,0.17,0.00,0.00,0.00,0.00,0.00,0.61,0.00,0,0.24,260,0,260/0/0,0.12,0.00,126,1,1,0,0,0,2026-09-09T18:28:26.1382846Z
3.58ms,279.5,0,63,30009,"mass_navigation_agent_health_text_light:8568,mass_navigation_agent_health_hud_light:8568,mass_navigation_agent_azure_light:2142,mass_navigation_agent_crimson_light:2142,mass_navigation_agent_amber_light:2142,mass_navigation_agent_emerald_light:2142,mass_navigation_agent_health_text_heavy:1432,mass_navigation_agent_health_hud_heavy:1432",0,0,63,63/6,0.01,0.03,0.00,0.00,0.01,3.22,0.02,0.00,0.21,EffectProcessingLoopSystem:0.21,:0.00,:0.00,2.95,PresenterEntityTransformSyncSystem:0.74,AnimatorRuntimeSystem:0.57,PresenterEmitSystem:0.41,0.00,0,0,0,0,0,0.57,0.74,0.18,10009/0,0.00,0/0,0.37,10009,0.00,0.00/0.00/0.00/0.00,0.00/0.00/0.00,0.00/0.00/0.00/0.00/0.00/0.00,0.00/0.00/0.00/0.00/0.00,0.20,0.03,0.00,0.17,0.20,0.00,0.01,126,2,0,0.06,0.01,4/0,0.00,0,0,0,0,0.04,0.00,0.00,0.00,0,0.00,0.00,0,0,0/0,0.00,0,0,0.00,0,0,0.00,0,0,0.07,0.00,0,2,0,0.07,0.00,0.00,0.00,0.00,0.00,0.41,0.00,0,0.00,0,0,0/0/0,0.07,0.00,126,1,1,0,0,0,2026-09-09T18:28:26.6082340Z
18.96ms,52.7,0,63,30009,"mass_navigation_agent_health_text_light:8568,mass_navigation_agent_health_hud_light:8568,mass_navigation_agent_azure_light:2142,mass_navigation_agent_crimson_light:2142,mass_navigation_agent_amber_light:2142,mass_navigation_agent_emerald_light:2142,mass_navigation_agent_health_text_heavy:1432,mass_navigation_agent_health_hud_heavy:1432",0,0,63,63/6,0.01,0.04,0.00,0.00,0.01,18.22,0.04,0.00,13.59,MassNavigationSimulationStepSystem:8.56,EffectProcessingLoopSystem:1.63,MapEntityLifecycleObserverSystem:0.63,4.58,PresenterEntityTransformSyncSystem:1.37,PresenterEmitSystem:0.68,AnimatorRuntimeSystem:0.58,0.24,0,155,155,0,0,0.58,1.37,0.22,10009/0,0.00,0/0,0.40,10009,0.00,0.00/0.00/0.00/0.00,0.00/0.00/0.00,0.00/0.00/0.00/0.00/0.00/0.00,0.00/0.00/0.00/0.00/0.00,0.22,0.05,0.00,0.16,0.22,0.00,0.03,126,2,0,0.08,0.01,4/0,0.00,0,0,0,0,0.05,0.00,0.00,0.00,0,0.00,0.00,0,0,0/0,0.00,0,0,0.00,0,0,0.00,0,0,0.20,0.00,0,2,0,0.19,0.00,0.00,0.00,0.00,0.00,0.68,0.00,0,0.30,308,0,308/0/0,0.14,0.00,126,1,1,0,0,0,2026-09-09T18:28:27.0982043Z
4.07ms,245.5,0,63,30009,"mass_navigation_agent_health_text_light:8568,mass_navigation_agent_health_hud_light:8568,mass_navigation_agent_azure_light:2142,mass_navigation_agent_crimson_light:2142,mass_navigation_agent_amber_light:2142,mass_navigation_agent_emerald_light:2142,mass_navigation_agent_health_text_heavy:1432,mass_navigation_agent_health_hud_heavy:1432",0,0,63,63/6,0.01,0.03,0.00,0.00,0.02,3.51,0.02,0.00,0.19,EffectProcessingLoopSystem:0.19,:0.00,:0.00,3.25,PresenterEntityTransformSyncSystem:0.85,AnimatorRuntimeSystem:0.59,PresenterEmitSystem:0.47,0.00,0,0,0,0,0,0.59,0.85,0.21,10009/0,0.00,0/0,0.42,10009,0.00,0.00/0.00/0.00/0.00,0.00/0.00/0.00,0.00/0.00/0.00/0.00/0.00/0.00,0.00/0.00/0.00/0.00/0.00,0.18,0.03,0.00,0.14,0.18,0.00,0.02,126,2,0,0.07,0.01,4/0,0.00,0,0,0,0,0.05,0.00,0.00,0.00,0,0.00,0.00,0,0,0/0,0.00,0,0,0.00,0,0,0.00,0,0,0.11,0.00,0,2,0,0.10,0.00,0.00,0.00,0.00,0.00,0.47,0.00,0,0.00,0,0,0/0/0,0.15,0.00,126,1,1,0,0,0,2026-09-09T18:28:27.5492305Z
9.60ms,104.1,0,63,30009,"mass_navigation_agent_health_text_light:8568,mass_navigation_agent_health_hud_light:8568,mass_navigation_agent_azure_light:2142,mass_navigation_agent_crimson_light:2142,mass_navigation_agent_amber_light:2142,mass_navigation_agent_emerald_light:2142,mass_navigation_agent_health_text_heavy:1432,mass_navigation_agent_health_hud_heavy:1432",0,0,63,63/6,0.01,0.03,0.00,0.00,0.01,9.08,0.03,0.00,5.04,EffectProcessingLoopSystem:1.72,AttributeAggregatorSystem:0.64,MapEntityLifecycleObserverSystem:0.57,4.00,PresenterEntityTransformSyncSystem:1.01,PresenterEmitSystem:0.64,AnimatorRuntimeSystem:0.57,0.25,0,177,177,0,0,0.57,1.01,0.20,10009/0,0.00,0/0,0.38,10009,0.00,0.00/0.00/0.00/0.00,0.00/0.00/0.00,0.00/0.00/0.00/0.00/0.00/0.00,0.00/0.00/0.00/0.00/0.00,0.20,0.03,0.00,0.16,0.20,0.00,0.02,126,2,0,0.07,0.01,4/0,0.00,0,0,0,0,0.04,0.00,0.00,0.00,0,0.00,0.00,0,0,0/0,0.00,0,0,0.00,0,0,0.00,0,0,0.14,0.00,0,2,0,0.14,0.00,0.00,0.00,0.00,0.00,0.63,0.00,0,0.30,352,0,352/0/0,0.10,0.00,126,1,1,0,0,0,2026-09-09T18:28:28.0346899Z
4.59ms,217.8,0,63,30009,"mass_navigation_agent_health_text_light:8568,mass_navigation_agent_health_hud_light:8568,mass_navigation_agent_azure_light:2142,mass_navigation_agent_crimson_light:2142,mass_navigation_agent_amber_light:2142,mass_navigation_agent_emerald_light:2142,mass_navigation_agent_health_text_heavy:1432,mass_navigation_agent_health_hud_heavy:1432",0,0,63,63/6,0.01,0.03,0.00,0.00,0.01,4.13,0.02,0.00,0.97,EffectProcessingLoopSystem:0.26,OrderBufferSystem:0.13,SpatialPartitionUpdateSystem:0.12,3.12,PresenterEntityTransformSyncSystem:0.87,AnimatorRuntimeSystem:0.58,TerrainHeightSyncSystem:0.44,0.00,0,0,0,0,0,0.58,0.87,0.22,10009/0,0.00,0/0,0.44,10009,0.00,0.00/0.00/0.00/0.00,0.00/0.00/0.00,0.00/0.00/0.00/0.00/0.00/0.00,0.00/0.00/0.00/0.00/0.00,0.16,0.03,0.00,0.13,0.16,0.00,0.02,126,2,0,0.06,0.01,4/0,0.00,0,0,0,0,0.04,0.00,0.00,0.00,0,0.00,0.00,0,0,0/0,0.00,0,0,0.00,0,0,0.00,0,0,0.13,0.00,0,2,0,0.12,0.00,0.00,0.00,0.00,0.00,0.33,0.00,0,0.00,0,0,0/0/0,0.09,0.00,126,1,1,0,0,0,2026-09-09T18:28:28.4970024Z
10.76ms,92.9,0,63,30009,"mass_navigation_agent_health_text_light:8568,mass_navigation_agent_health_hud_light:8568,mass_navigation_agent_azure_light:2142,mass_navigation_agent_crimson_light:2142,mass_navigation_agent_amber_light:2142,mass_navigation_agent_emerald_light:2142,mass_navigation_agent_health_text_heavy:1432,mass_navigation_agent_health_hud_heavy:1432",0,0,63,63/6,0.01,0.03,0.00,0.00,0.01,10.30,0.03,0.00,6.15,EffectProcessingLoopSystem:1.54,MassNavigationSimulationStepSystem:1.34,MapEntityLifecycleObserverSystem:0.59,4.10,PresenterEntityTransformSyncSystem:1.08,PresenterEmitSystem:0.62,AnimatorRuntimeSystem:0.58,0.21,0,155,155,0,0,0.58,1.08,0.21,10009/0,0.00,0/0,0.41,10009,0.00,0.00/0.00/0.00/0.00,0.00/0.00/0.00,0.00/0.00/0.00/0.00/0.00/0.00,0.00/0.00/0.00/0.00/0.00,0.21,0.03,0.00,0.17,0.21,0.00,0.02,126,2,0,0.06,0.01,4/0,0.00,0,0,0,0,0.04,0.00,0.00,0.00,0,0.00,0.00,0,0,0/0,0.00,0,0,0.00,0,0,0.00,0,0,0.11,0.00,0,2,0,0.11,0.00,0.00,0.00,0.00,0.00,0.62,0.00,0,0.28,308,0,308/0/0,0.09,0.00,126,1,1,0,0,0,2026-09-09T18:28:28.9633930Z
9.39ms,106.5,0,63,30009,"mass_navigation_agent_health_text_light:8568,mass_navigation_agent_health_hud_light:8568,mass_navigation_agent_azure_light:2142,mass_navigation_agent_crimson_light:2142,mass_navigation_agent_amber_light:2142,mass_navigation_agent_emerald_light:2142,mass_navigation_agent_health_text_heavy:1432,mass_navigation_agent_health_hud_heavy:1432",0,0,63,63/6,0.01,0.04,0.00,0.00,0.02,8.70,0.04,0.00,4.30,EffectProcessingLoopSystem:2.00,MassNavigationAuthoredAgentBindingSystem:0.62,MapEntityLifecycleObserverSystem:0.60,4.34,PresenterEntityTransformSyncSystem:1.20,PresenterEmitSystem:0.66,AnimatorRuntimeSystem:0.59,0.24,0,158,158,0,0,0.59,1.20,0.22,10009/0,0.00,0/0,0.41,10009,0.00,0.00/0.00/0.00/0.00,0.00/0.00/0.00,0.00/0.00/0.00/0.00/0.00/0.00,0.00/0.00/0.00/0.00/0.00,0.21,0.03,0.00,0.17,0.21,0.00,0.03,126,2,0,0.09,0.01,4/0,0.00,0,0,0,0,0.06,0.00,0.00,0.00,0,0.00,0.00,0,0,0/0,0.00,0,0,0.00,0,0,0.00,0,0,0.19,0.00,0,2,0,0.18,0.00,0.00,0.00,0.00,0.00,0.66,0.00,0,0.29,314,0,314/0/0,0.13,0.00,126,1,1,0,0,0,2026-09-09T18:28:29.4091661Z
6.70ms,149.4,0,63,30009,"mass_navigation_agent_health_text_light:8568,mass_navigation_agent_health_hud_light:8568,mass_navigation_agent_azure_light:2142,mass_navigation_agent_crimson_light:2142,mass_navigation_agent_amber_light:2142,mass_navigation_agent_emerald_light:2142,mass_navigation_agent_health_text_heavy:1432,mass_navigation_agent_health_hud_heavy:1432",0,0,63,63/6,0.01,0.04,0.00,0.00,0.01,6.12,0.03,0.00,2.04,EffectProcessingLoopSystem:2.04,:0.00,:0.00,4.02,PresenterEntityTransformSyncSystem:1.44,AnimatorRuntimeSystem:0.60,TerrainHeightSyncSystem:0.45,0.00,0,0,0,0,0,0.60,1.44,0.20,10009/0,0.00,0/0,0.45,10009,0.00,0.00/0.00/0.00/0.00,0.00/0.00/0.00,0.00/0.00/0.00/0.00/0.00/0.00,0.00/0.00/0.00/0.00/0.00,0.24,0.04,0.00,0.18,0.24,0.00,0.02,126,2,0,0.08,0.01,4/0,0.00,0,0,0,0,0.05,0.00,0.00,0.00,0,0.00,0.00,0,0,0/0,0.00,0,0,0.00,0,0,0.00,0,0,0.14,0.00,0,2,0,0.14,0.00,0.00,0.00,0.00,0.00,0.37,0.00,0,0.00,0,0,0/0/0,0.10,0.00,126,1,1,0,0,0,2026-09-09T18:28:29.8920048Z
11.16ms,89.6,0,63,30009,"mass_navigation_agent_health_text_light:8568,mass_navigation_agent_health_hud_light:8568,mass_navigation_agent_azure_light:2142,mass_navigation_agent_crimson_light:2142,mass_navigation_agent_amber_light:2142,mass_navigation_agent_emerald_light:2142,mass_navigation_agent_health_text_heavy:1432,mass_navigation_agent_health_hud_heavy:1432",0,0,63,63/6,0.01,0.04,0.00,0.00,0.01,10.55,0.03,0.00,6.14,EffectProcessingLoopSystem:1.72,MassNavigationSimulationStepSystem:1.31,MapEntityLifecycleObserverSystem:0.54,4.37,PresenterEntityTransformSyncSystem:1.19,PresenterEmitSystem:0.64,AnimatorRuntimeSystem:0.60,0.23,0,164,164,0,0,0.60,1.19,0.26,10009/0,0.00,0/0,0.42,10009,0.00,0.00/0.00/0.00/0.00,0.00/0.00/0.00,0.00/0.00/0.00/0.00/0.00/0.00,0.00/0.00/0.00/0.00/0.00,0.22,0.04,0.00,0.17,0.22,0.00,0.02,126,2,0,0.08,0.01,4/0,0.00,0,0,0,0,0.05,0.00,0.00,0.00,0,0.00,0.00,0,0,0/0,0.00,0,0,0.00,0,0,0.00,0,0,0.17,0.00,0,2,0,0.16,0.00,0.00,0.00,0.00,0.00,0.64,0.00,0,0.29,326,0,326/0/0,0.11,0.00,126,1,1,0,0,0,2026-09-09T18:28:30.3762431Z
3.72ms,268.6,0,63,30009,"mass_navigation_agent_health_text_light:8568,mass_navigation_agent_health_hud_light:8568,mass_navigation_agent_azure_light:2142,mass_navigation_agent_crimson_light:2142,mass_navigation_agent_amber_light:2142,mass_navigation_agent_emerald_light:2142,mass_navigation_agent_health_text_heavy:1432,mass_navigation_agent_health_hud_heavy:1432",0,0,63,63/6,0.01,0.03,0.00,0.00,0.02,3.36,0.02,0.00,0.18,EffectProcessingLoopSystem:0.18,:0.00,:0.00,3.12,PresenterEntityTransformSyncSystem:0.91,AnimatorRuntimeSystem:0.59,TerrainHeightSyncSystem:0.35,0.01,0,0,0,0,0,0.59,0.91,0.21,10009/0,0.00,0/0,0.35,10009,0.00,0.00/0.00/0.00/0.00,0.00/0.00/0.00,0.00/0.00/0.00/0.00/0.00/0.00,0.00/0.00/0.00/0.00/0.00,0.18,0.03,0.00,0.14,0.17,0.00,0.02,126,2,0,0.06,0.01,4/0,0.00,0,0,0,0,0.04,0.00,0.00,0.00,0,0.00,0.00,0,0,0/0,0.00,0,0,0.00,0,0,0.00,0,0,0.08,0.00,0,2,0,0.08,0.00,0.00,0.00,0.00,0.00,0.33,0.00,0,0.00,0,0,0/0/0,0.06,0.00,126,1,1,0,0,0,2026-09-09T18:28:30.8388074Z
18.77ms,53.3,0,63,30009,"mass_navigation_agent_health_text_light:8568,mass_navigation_agent_health_hud_light:8568,mass_navigation_agent_azure_light:2142,mass_navigation_agent_crimson_light:2142,mass_navigation_agent_amber_light:2142,mass_navigation_agent_emerald_light:2142,mass_navigation_agent_health_text_heavy:1432,mass_navigation_agent_health_hud_heavy:1432",0,0,63,63/6,0.01,0.04,0.00,0.00,0.01,18.04,0.04,0.00,13.28,MassNavigationSimulationStepSystem:8.38,EffectProcessingLoopSystem:1.65,MapEntityLifecycleObserverSystem:0.59,4.71,PresenterEntityTransformSyncSystem:1.44,PresenterEmitSystem:0.67,AnimatorRuntimeSystem:0.59,0.23,0,155,155,0,0,0.59,1.44,0.29,10009/0,0.00,0/0,0.40,10009,0.00,0.00/0.00/0.00/0.00,0.00/0.00/0.00,0.00/0.00/0.00/0.00/0.00/0.00,0.00/0.00/0.00/0.00/0.00,0.22,0.04,0.00,0.17,0.21,0.00,0.03,126,2,0,0.09,0.01,4/0,0.00,0,0,0,0,0.06,0.00,0.00,0.00,0,0.00,0.00,0,0,0/0,0.00,0,0,0.00,0,0,0.00,0,0,0.20,0.00,0,2,0,0.19,0.00,0.00,0.00,0.00,0.00,0.67,0.00,0,0.28,308,0,308/0/0,0.13,0.00,126,1,1,0,0,0,2026-09-09T18:28:31.3302202Z
14.18ms,70.5,0,63,30009,"mass_navigation_agent_health_text_light:8568,mass_navigation_agent_health_hud_light:8568,mass_navigation_agent_azure_light:2142,mass_navigation_agent_crimson_light:2142,mass_navigation_agent_amber_light:2142,mass_navigation_agent_emerald_light:2142,mass_navigation_agent_health_text_heavy:1432,mass_navigation_agent_health_hud_heavy:1432",0,0,63,63/6,0.01,0.04,0.00,0.00,0.02,13.57,0.04,0.00,9.78,MassNavigationSimulationStepSystem:8.42,EffectProcessingLoopSystem:0.29,AbilityEndOrderSystem:0.23,3.74,PresenterEntityTransformSyncSystem:1.23,AnimatorRuntimeSystem:0.60,TerrainHeightSyncSystem:0.42,0.00,0,0,0,0,0,0.60,1.23,0.22,10009/0,0.00,0/0,0.42,10009,0.00,0.00/0.00/0.00/0.00,0.00/0.00/0.00,0.00/0.00/0.00/0.00/0.00/0.00,0.00/0.00/0.00/0.00/0.00,0.21,0.03,0.00,0.17,0.21,0.00,0.02,126,2,0,0.08,0.01,4/0,0.00,0,0,0,0,0.05,0.00,0.00,0.00,0,0.00,0.00,0,0,0/0,0.00,0,0,0.00,0,0,0.00,0,0,0.16,0.00,0,2,0,0.15,0.00,0.00,0.00,0.00,0.00,0.38,0.00,0,0.00,0,0,0/0/0,0.11,0.00,126,1,1,0,0,0,2026-09-09T18:28:31.7922727Z
18.99ms,52.7,0,63,30009,"mass_navigation_agent_health_text_light:8568,mass_navigation_agent_health_hud_light:8568,mass_navigation_agent_azure_light:2142,mass_navigation_agent_crimson_light:2142,mass_navigation_agent_amber_light:2142,mass_navigation_agent_emerald_light:2142,mass_navigation_agent_health_text_heavy:1432,mass_navigation_agent_health_hud_heavy:1432",0,0,63,63/6,0.01,0.03,0.00,0.00,0.01,18.31,0.04,0.00,13.62,MassNavigationSimulationStepSystem:8.59,EffectProcessingLoopSystem:1.68,AttributeAggregatorSystem:0.61,4.65,PresenterEntityTransformSyncSystem:1.37,PresenterEmitSystem:0.67,AnimatorRuntimeSystem:0.63,0.24,0,163,163,0,0,0.63,1.37,0.25,10009/0,0.00,0/0,0.39,10009,0.00,0.00/0.00/0.00/0.00,0.00/0.00/0.00,0.00/0.00/0.00/0.00/0.00/0.00,0.00/0.00/0.00/0.00/0.00,0.21,0.04,0.00,0.17,0.21,0.00,0.03,126,2,0,0.07,0.01,4/0,0.00,0,0,0,0,0.05,0.00,0.00,0.00,0,0.00,0.00,0,0,0/0,0.00,0,0,0.00,0,0,0.00,0,0,0.19,0.00,0,2,0,0.19,0.00,0.00,0.00,0.00,0.00,0.67,0.00,0,0.28,324,0,324/0/0,0.15,0.00,126,1,1,0,0,0,2026-09-09T18:28:32.2680833Z
3.71ms,269.5,0,63,30009,"mass_navigation_agent_health_text_light:8568,mass_navigation_agent_health_hud_light:8568,mass_navigation_agent_azure_light:2142,mass_navigation_agent_crimson_light:2142,mass_navigation_agent_amber_light:2142,mass_navigation_agent_emerald_light:2142,mass_navigation_agent_health_text_heavy:1432,mass_navigation_agent_health_hud_heavy:1432",0,0,63,63/6,0.01,0.04,0.00,0.00,0.01,3.28,0.02,0.00,0.18,EffectProcessingLoopSystem:0.18,:0.00,:0.00,3.05,PresenterEntityTransformSyncSystem:0.83,AnimatorRuntimeSystem:0.60,TerrainHeightSyncSystem:0.38,0.00,0,0,0,0,0,0.60,0.83,0.23,10009/0,0.00,0/0,0.38,10009,0.00,0.00/0.00/0.00/0.00,0.00/0.00/0.00,0.00/0.00/0.00/0.00/0.00/0.00,0.00/0.00/0.00/0.00/0.00,0.17,0.03,0.00,0.13,0.17,0.00,0.01,126,2,0,0.07,0.01,4/0,0.00,0,0,0,0,0.05,0.00,0.00,0.00,0,0.00,0.00,0,0,0/0,0.00,0,0,0.00,0,0,0.00,0,0,0.10,0.00,0,2,0,0.09,0.00,0.00,0.00,0.00,0.00,0.34,0.00,0,0.00,0,0,0/0/0,0.09,0.00,126,1,1,0,0,0,2026-09-09T18:28:32.7475694Z
3.89ms,256.9,0,63,30009,"mass_navigation_agent_health_text_light:8568,mass_navigation_agent_health_hud_light:8568,mass_navigation_agent_azure_light:2142,mass_navigation_agent_crimson_light:2142,mass_navigation_agent_amber_light:2142,mass_navigation_agent_emerald_light:2142,mass_navigation_agent_health_text_heavy:1432,mass_navigation_agent_health_hud_heavy:1432",0,0,63,63/6,0.01,0.04,0.00,0.00,0.02,3.38,0.03,0.00,0.18,EffectProcessingLoopSystem:0.18,:0.00,:0.00,3.13,PresenterEntityTransformSyncSystem:0.89,AnimatorRuntimeSystem:0.58,PresenterEmitSystem:0.38,0.00,0,0,0,0,0,0.58,0.89,0.22,10009/0,0.00,0/0,0.35,10009,0.00,0.00/0.00/0.00/0.00,0.00/0.00/0.00,0.00/0.00/0.00/0.00/0.00/0.00,0.00/0.00/0.00/0.00/0.00,0.16,0.03,0.00,0.12,0.15,0.00,0.02,126,2,0,0.08,0.01,4/0,0.00,0,0,0,0,0.05,0.00,0.00,0.00,0,0.00,0.00,0,0,0/0,0.00,0,0,0.00,0,0,0.00,0,0,0.12,0.00,0,2,0,0.12,0.00,0.00,0.00,0.00,0.00,0.37,0.00,0,0.00,0,0,0/0/0,0.09,0.00,126,1,1,0,0,0,2026-09-09T18:28:33.2065994Z
4.10ms,243.7,0,63,30009,"mass_navigation_agent_health_text_light:8568,mass_navigation_agent_health_hud_light:8568,mass_navigation_agent_azure_light:2142,mass_navigation_agent_crimson_light:2142,mass_navigation_agent_amber_light:2142,mass_navigation_agent_emerald_light:2142,mass_navigation_agent_health_text_heavy:1432,mass_navigation_agent_health_hud_heavy:1432",0,0,63,63/6,0.01,0.04,0.00,0.00,0.01,3.61,0.03,0.00,0.18,EffectProcessingLoopSystem:0.18,:0.00,:0.00,3.38,PresenterEntityTransformSyncSystem:0.94,AnimatorRuntimeSystem:0.67,PresenterEmitSystem:0.40,0.00,0,0,0,0,0,0.67,0.93,0.23,10009/0,0.00,0/0,0.38,10009,0.00,0.00/0.00/0.00/0.00,0.00/0.00/0.00,0.00/0.00/0.00/0.00/0.00/0.00,0.00/0.00/0.00/0.00/0.00,0.25,0.03,0.00,0.21,0.24,0.00,0.02,126,2,0,0.07,0.01,4/0,0.00,0,0,0,0,0.05,0.00,0.00,0.00,0,0.00,0.00,0,0,0/0,0.00,0,0,0.00,0,0,0.00,0,0,0.11,0.00,0,2,0,0.11,0.00,0.00,0.00,0.00,0.00,0.40,0.00,0,0.00,0,0,0/0/0,0.09,0.00,126,1,1,0,0,0,2026-09-09T18:28:33.6617882Z
6.61ms,151.2,0,63,30009,"mass_navigation_agent_health_text_light:8568,mass_navigation_agent_health_hud_light:8568,mass_navigation_agent_azure_light:2142,mass_navigation_agent_crimson_light:2142,mass_navigation_agent_amber_light:2142,mass_navigation_agent_emerald_light:2142,mass_navigation_agent_health_text_heavy:1432,mass_navigation_agent_health_hud_heavy:1432",0,0,63,63/6,0.01,0.04,0.00,0.00,0.01,6.07,0.03,0.00,2.49,MassNavigationSimulationStepSystem:1.36,EffectProcessingLoopSystem:0.29,OrderBufferSystem:0.15,3.53,PresenterEntityTransformSyncSystem:0.99,AnimatorRuntimeSystem:0.64,TerrainHeightSyncSystem:0.48,0.00,0,0,0,0,0,0.64,0.99,0.20,10009/0,0.00,0/0,0.48,10009,0.00,0.00/0.00/0.00/0.00,0.00/0.00/0.00,0.00/0.00/0.00/0.00/0.00/0.00,0.00/0.00/0.00/0.00/0.00,0.22,0.04,0.00,0.18,0.22,0.00,0.02,126,2,0,0.08,0.01,4/0,0.00,0,0,0,0,0.05,0.00,0.00,0.00,0,0.00,0.00,0,0,0/0,0.00,0,0,0.00,0,0,0.00,0,0,0.14,0.00,0,2,0,0.14,0.00,0.00,0.00,0.00,0.00,0.35,0.00,0,0.00,0,0,0/0/0,0.10,0.00,126,1,1,0,0,0,2026-09-09T18:28:34.1372948Z
3.99ms,250.7,0,63,30009,"mass_navigation_agent_health_text_light:8568,mass_navigation_agent_health_hud_light:8568,mass_navigation_agent_azure_light:2142,mass_navigation_agent_crimson_light:2142,mass_navigation_agent_amber_light:2142,mass_navigation_agent_emerald_light:2142,mass_navigation_agent_health_text_heavy:1432,mass_navigation_agent_health_hud_heavy:1432",0,0,63,63/6,0.01,0.06,0.00,0.00,0.02,3.33,0.03,0.00,0.19,EffectProcessingLoopSystem:0.19,:0.00,:0.00,3.08,PresenterEntityTransformSyncSystem:0.82,AnimatorRuntimeSystem:0.54,PresenterEmitSystem:0.48,0.00,0,0,0,0,0,0.54,0.82,0.20,10009/0,0.00,0/0,0.34,10009,0.00,0.00/0.00/0.00/0.00,0.00/0.00/0.00,0.00/0.00/0.00/0.00/0.00/0.00,0.00/0.00/0.00/0.00/0.00,0.17,0.03,0.00,0.14,0.17,0.00,0.02,126,2,0,0.11,0.02,4/0,0.00,0,0,0,0,0.08,0.00,0.00,0.00,0,0.00,0.00,0,0,0/0,0.00,0,0,0.00,0,0,0.00,0,0,0.16,0.00,0,2,0,0.16,0.00,0.00,0.00,0.00,0.00,0.48,0.00,0,0.00,0,0,0/0/0,0.12,0.00,126,1,1,0,0,0,2026-09-09T18:28:34.6142707Z
4.21ms,237.5,0,63,30009,"mass_navigation_agent_health_text_light:8568,mass_navigation_agent_health_hud_light:8568,mass_navigation_agent_azure_light:2142,mass_navigation_agent_crimson_light:2142,mass_navigation_agent_amber_light:2142,mass_navigation_agent_emerald_light:2142,mass_navigation_agent_health_text_heavy:1432,mass_navigation_agent_health_hud_heavy:1432",0,0,63,63/6,0.01,0.04,0.00,0.00,0.02,3.65,0.03,0.00,0.17,EffectProcessingLoopSystem:0.17,:0.00,:0.00,3.42,PresenterEntityTransformSyncSystem:1.03,AnimatorRuntimeSystem:0.61,PresenterEmitSystem:0.37,0.01,0,0,0,0,0,0.61,1.03,0.24,10009/0,0.00,0/0,0.36,10009,0.00,0.00/0.00/0.00/0.00,0.00/0.00/0.00,0.00/0.00/0.00/0.00/0.00/0.00,0.00/0.00/0.00/0.00/0.00,0.18,0.03,0.00,0.14,0.18,0.00,0.02,126,2,0,0.08,0.01,4/0,0.00,0,0,0,0,0.05,0.00,0.00,0.00,0,0.00,0.00,0,0,0/0,0.00,0,0,0.00,0,0,0.00,0,0,0.14,0.00,0,2,0,0.14,0.00,0.00,0.00,0.00,0.00,0.37,0.00,0,0.00,0,0,0/0/0,0.10,0.00,126,1,1,0,0,0,2026-09-09T18:28:35.0810341Z
3.94ms,253.8,0,63,30009,"mass_navigation_agent_health_text_light:8568,mass_navigation_agent_health_hud_light:8568,mass_navigation_agent_azure_light:2142,mass_navigation_agent_crimson_light:2142,mass_navigation_agent_amber_light:2142,mass_navigation_agent_emerald_light:2142,mass_navigation_agent_health_text_heavy:1432,mass_navigation_agent_health_hud_heavy:1432",0,0,63,63/6,0.01,0.03,0.00,0.00,0.02,3.37,0.03,0.00,0.17,EffectProcessingLoopSystem:0.17,:0.00,:0.00,3.14,PresenterEntityTransformSyncSystem:0.84,AnimatorRuntimeSystem:0.54,PresenterEmitSystem:0.53,0.00,0,0,0,0,0,0.54,0.84,0.22,10009/0,0.00,0/0,0.34,10009,0.00,0.00/0.00/0.00/0.00,0.00/0.00/0.00,0.00/0.00/0.00/0.00/0.00/0.00,0.00/0.00/0.00/0.00/0.00,0.17,0.03,0.00,0.13,0.17,0.00,0.02,126,2,0,0.07,0.01,4/0,0.00,0,0,0,0,0.05,0.00,0.00,0.00,0,0.00,0.00,0,0,0/0,0.00,0,0,0.00,0,0,0.00,0,0,0.16,0.00,0,2,0,0.16,0.00,0.00,0.00,0.00,0.00,0.53,0.00,0,0.00,0,0,0/0/0,0.11,0.00,126,1,1,0,0,0,2026-09-09T18:28:35.5555603Z
19.40ms,51.5,0,63,30009,"mass_navigation_agent_health_text_light:8568,mass_navigation_agent_health_hud_light:8568,mass_navigation_agent_azure_light:2142,mass_navigation_agent_crimson_light:2142,mass_navigation_agent_amber_light:2142,mass_navigation_agent_emerald_light:2142,mass_navigation_agent_health_text_heavy:1432,mass_navigation_agent_health_hud_heavy:1432",0,0,63,63/6,0.01,0.04,0.00,0.00,0.02,18.63,0.05,0.00,13.72,MassNavigationSimulationStepSystem:8.57,EffectProcessingLoopSystem:1.77,MapEntityLifecycleObserverSystem:0.62,4.83,PresenterEntityTransformSyncSystem:1.49,PresenterEmitSystem:0.67,AnimatorRuntimeSystem:0.60,0.24,0,149,149,0,0,0.60,1.49,0.27,10009/0,0.00,0/0,0.40,10009,0.00,0.00/0.00/0.00/0.00,0.00/0.00/0.00,0.00/0.00/0.00/0.00/0.00/0.00,0.00/0.00/0.00/0.00/0.00,0.28,0.04,0.00,0.23,0.27,0.00,0.03,126,2,0,0.09,0.01,4/0,0.00,0,0,0,0,0.06,0.00,0.00,0.00,0,0.00,0.00,0,0,0/0,0.00,0,0,0.00,0,0,0.00,0,0,0.21,0.00,0,2,0,0.20,0.00,0.00,0.00,0.00,0.00,0.67,0.00,0,0.28,296,0,296/0/0,0.16,0.00,126,1,1,0,0,0,2026-09-09T18:28:36.0690563Z
3.76ms,266.3,0,63,30009,"mass_navigation_agent_health_text_light:8568,mass_navigation_agent_health_hud_light:8568,mass_navigation_agent_azure_light:2142,mass_navigation_agent_crimson_light:2142,mass_navigation_agent_amber_light:2142,mass_navigation_agent_emerald_light:2142,mass_navigation_agent_health_text_heavy:1432,mass_navigation_agent_health_hud_heavy:1432",0,0,63,63/6,0.01,0.03,0.00,0.00,0.02,3.33,0.02,0.00,0.18,EffectProcessingLoopSystem:0.18,:0.00,:0.00,3.09,PresenterEntityTransformSyncSystem:0.84,AnimatorRuntimeSystem:0.57,PresenterEmitSystem:0.38,0.00,0,0,0,0,0,0.57,0.84,0.22,10009/0,0.00,0/0,0.38,10009,0.00,0.00/0.00/0.00/0.00,0.00/0.00/0.00,0.00/0.00/0.00/0.00/0.00/0.00,0.00/0.00/0.00/0.00/0.00,0.17,0.03,0.00,0.14,0.17,0.00,0.02,126,2,0,0.06,0.01,4/0,0.00,0,0,0,0,0.04,0.00,0.00,0.00,0,0.00,0.00,0,0,0/0,0.00,0,0,0.00,0,0,0.00,0,0,0.10,0.00,0,2,0,0.10,0.00,0.00,0.00,0.00,0.00,0.38,0.00,0,0.00,0,0,0/0/0,0.08,0.00,126,1,1,0,0,0,2026-09-09T18:28:36.5500552Z
3.57ms,280.3,0,63,30009,"mass_navigation_agent_health_text_light:8568,mass_navigation_agent_health_hud_light:8568,mass_navigation_agent_azure_light:2142,mass_navigation_agent_crimson_light:2142,mass_navigation_agent_amber_light:2142,mass_navigation_agent_emerald_light:2142,mass_navigation_agent_health_text_heavy:1432,mass_navigation_agent_health_hud_heavy:1432",0,0,63,63/6,0.01,0.03,0.00,0.00,0.01,3.11,0.02,0.00,0.18,EffectProcessingLoopSystem:0.18,:0.00,:0.00,2.89,PresenterEntityTransformSyncSystem:0.74,AnimatorRuntimeSystem:0.56,TerrainHeightSyncSystem:0.35,0.00,0,0,0,0,0,0.56,0.74,0.22,10009/0,0.00,0/0,0.35,10009,0.00,0.00/0.00/0.00/0.00,0.00/0.00/0.00,0.00/0.00/0.00/0.00/0.00/0.00,0.00/0.00/0.00/0.00/0.00,0.21,0.03,0.00,0.18,0.21,0.00,0.02,126,2,0,0.07,0.01,4/0,0.00,0,0,0,0,0.05,0.00,0.00,0.00,0,0.00,0.00,0,0,0/0,0.00,0,0,0.00,0,0,0.00,0,0,0.11,0.00,0,2,0,0.11,0.00,0.00,0.00,0.00,0.00,0.33,0.00,0,0.00,0,0,0/0/0,0.10,0.00,126,1,1,0,0,0,2026-09-09T18:28:36.9960316Z
8.48ms,117.9,0,63,30009,"mass_navigation_agent_health_text_light:8568,mass_navigation_agent_health_hud_light:8568,mass_navigation_agent_azure_light:2142,mass_navigation_agent_crimson_light:2142,mass_navigation_agent_amber_light:2142,mass_navigation_agent_emerald_light:2142,mass_navigation_agent_health_text_heavy:1432,mass_navigation_agent_health_hud_heavy:1432",0,0,63,63/6,0.01,0.03,0.00,0.00,0.01,8.02,0.03,0.00,4.13,EffectProcessingLoopSystem:1.79,AttributeAggregatorSystem:0.65,MapEntityLifecycleObserverSystem:0.60,3.84,PresenterEntityTransformSyncSystem:0.91,PresenterEmitSystem:0.64,AnimatorRuntimeSystem:0.54,0.24,0,177,177,0,0,0.54,0.91,0.22,10009/0,0.00,0/0,0.39,10009,0.00,0.00/0.00/0.00/0.00,0.00/0.00/0.00,0.00/0.00/0.00/0.00/0.00/0.00,0.00/0.00/0.00/0.00/0.00,0.18,0.03,0.00,0.14,0.18,0.00,0.02,126,2,0,0.06,0.01,4/0,0.00,0,0,0,0,0.04,0.00,0.00,0.00,0,0.00,0.00,0,0,0/0,0.00,0,0,0.00,0,0,0.00,0,0,0.11,0.00,0,2,0,0.11,0.00,0.00,0.00,0.00,0.00,0.64,0.00,0,0.29,352,0,352/0/0,0.08,0.00,126,1,1,0,0,0,2026-09-09T18:28:37.4935223Z
6.01ms,166.5,0,63,30009,"mass_navigation_agent_health_text_light:8568,mass_navigation_agent_health_hud_light:8568,mass_navigation_agent_azure_light:2142,mass_navigation_agent_crimson_light:2142,mass_navigation_agent_amber_light:2142,mass_navigation_agent_emerald_light:2142,mass_navigation_agent_health_text_heavy:1432,mass_navigation_agent_health_hud_heavy:1432",0,0,63,63/6,0.01,0.05,0.00,0.00,0.01,5.49,0.02,0.00,2.02,EffectProcessingLoopSystem:2.02,:0.00,:0.00,3.42,PresenterEntityTransformSyncSystem:0.97,AnimatorRuntimeSystem:0.61,TerrainHeightSyncSystem:0.46,0.00,0,0,0,0,0,0.61,0.97,0.21,10009/0,0.00,0/0,0.46,10009,0.00,0.00/0.00/0.00/0.00,0.00/0.00/0.00,0.00/0.00/0.00/0.00/0.00/0.00,0.00/0.00/0.00/0.00/0.00,0.21,0.03,0.00,0.17,0.21,0.00,0.02,126,2,0,0.08,0.01,4/0,0.00,0,0,0,0,0.06,0.00,0.00,0.00,0,0.00,0.00,0,0,0/0,0.00,0,0,0.00,0,0,0.00,0,0,0.12,0.00,0,2,0,0.12,0.00,0.00,0.00,0.00,0.00,0.35,0.00,0,0.00,0,0,0/0/0,0.10,0.00,126,1,1,0,0,0,2026-09-09T18:28:37.9547728Z
9.52ms,105.1,0,63,30009,"mass_navigation_agent_health_text_light:8568,mass_navigation_agent_health_hud_light:8568,mass_navigation_agent_azure_light:2142,mass_navigation_agent_crimson_light:2142,mass_navigation_agent_amber_light:2142,mass_navigation_agent_emerald_light:2142,mass_navigation_agent_health_text_heavy:1432,mass_navigation_agent_health_hud_heavy:1432",0,0,63,63/6,0.01,0.03,0.00,0.00,0.01,8.95,0.03,0.00,4.50,EffectProcessingLoopSystem:1.83,MapEntityLifecycleObserverSystem:0.83,AttributeAggregatorSystem:0.67,4.42,PresenterEntityTransformSyncSystem:1.24,PresenterEmitSystem:0.65,AnimatorRuntimeSystem:0.56,0.24,0,169,169,0,0,0.56,1.24,0.22,10009/0,0.00,0/0,0.43,10009,0.00,0.00/0.00/0.00/0.00,0.00/0.00/0.00,0.00/0.00/0.00/0.00/0.00/0.00,0.00/0.00/0.00/0.00/0.00,0.24,0.04,0.00,0.20,0.24,0.00,0.02,126,2,0,0.07,0.01,4/0,0.00,0,0,0,0,0.04,0.00,0.00,0.00,0,0.00,0.00,0,0,0/0,0.00,0,0,0.00,0,0,0.00,0,0,0.16,0.00,0,2,0,0.16,0.00,0.00,0.00,0.00,0.00,0.65,0.00,0,0.29,336,0,336/0/0,0.11,0.00,126,1,1,0,0,0,2026-09-09T18:28:38.4383063Z
4.05ms,246.6,0,63,30009,"mass_navigation_agent_health_text_light:8568,mass_navigation_agent_health_hud_light:8568,mass_navigation_agent_azure_light:2142,mass_navigation_agent_crimson_light:2142,mass_navigation_agent_amber_light:2142,mass_navigation_agent_emerald_light:2142,mass_navigation_agent_health_text_heavy:1432,mass_navigation_agent_health_hud_heavy:1432",0,0,63,63/6,0.00,0.06,0.00,0.00,0.01,3.61,0.02,0.00,0.18,EffectProcessingLoopSystem:0.18,:0.00,:0.00,3.38,PresenterEntityTransformSyncSystem:0.89,AnimatorRuntimeSystem:0.63,PresenterEmitSystem:0.44,0.00,0,0,0,0,0,0.63,0.89,0.26,10009/0,0.00,0/0,0.42,10009,0.00,0.00/0.00/0.00/0.00,0.00/0.00/0.00,0.00/0.00/0.00/0.00/0.00/0.00,0.00/0.00/0.00/0.00/0.00,0.19,0.03,0.00,0.15,0.18,0.00,0.02,126,2,0,0.09,0.01,4/0,0.00,0,0,0,0,0.07,0.00,0.00,0.00,0,0.00,0.00,0,0,0/0,0.00,0,0,0.00,0,0,0.00,0,0,0.09,0.00,0,2,0,0.09,0.00,0.00,0.00,0.00,0.00,0.44,0.00,0,0.00,0,0,0/0/0,0.09,0.00,126,1,1,0,0,0,2026-09-09T18:28:38.8901512Z
3.66ms,273.1,0,63,30009,"mass_navigation_agent_health_text_light:8568,mass_navigation_agent_health_hud_light:8568,mass_navigation_agent_azure_light:2142,mass_navigation_agent_crimson_light:2142,mass_navigation_agent_amber_light:2142,mass_navigation_agent_emerald_light:2142,mass_navigation_agent_health_text_heavy:1432,mass_navigation_agent_health_hud_heavy:1432",0,0,63,63/6,0.01,0.03,0.00,0.00,0.02,3.19,0.02,0.00,0.17,EffectProcessingLoopSystem:0.17,:0.00,:0.00,2.96,PresenterEntityTransformSyncSystem:0.82,AnimatorRuntimeSystem:0.56,TerrainHeightSyncSystem:0.37,0.00,0,0,0,0,0,0.56,0.81,0.19,10009/0,0.00,0/0,0.37,10009,0.00,0.00/0.00/0.00/0.00,0.00/0.00/0.00,0.00/0.00/0.00/0.00/0.00/0.00,0.00/0.00/0.00/0.00/0.00,0.17,0.03,0.00,0.13,0.16,0.00,0.01,126,2,0,0.06,0.01,4/0,0.00,0,0,0,0,0.04,0.00,0.00,0.00,0,0.00,0.00,0,0,0/0,0.00,0,0,0.00,0,0,0.00,0,0,0.09,0.00,0,2,0,0.09,0.00,0.00,0.00,0.00,0.00,0.36,0.00,0,0.00,0,0,0/0/0,0.07,0.00,126,1,1,0,0,0,2026-09-09T18:28:39.3548094Z
11.14ms,89.8,0,63,30009,"mass_navigation_agent_health_text_light:8568,mass_navigation_agent_health_hud_light:8568,mass_navigation_agent_azure_light:2142,mass_navigation_agent_crimson_light:2142,mass_navigation_agent_amber_light:2142,mass_navigation_agent_emerald_light:2142,mass_navigation_agent_health_text_heavy:1432,mass_navigation_agent_health_hud_heavy:1432",0,0,63,63/6,0.01,0.04,0.00,0.00,0.01,10.51,0.04,0.00,6.16,EffectProcessingLoopSystem:1.41,MassNavigationSimulationStepSystem:1.35,MapEntityLifecycleObserverSystem:0.66,4.31,PresenterEntityTransformSyncSystem:1.19,PresenterEmitSystem:0.62,AnimatorRuntimeSystem:0.58,0.20,0,132,132,0,0,0.58,1.19,0.20,10009/0,0.00,0/0,0.45,10009,0.00,0.00/0.00/0.00/0.00,0.00/0.00/0.00,0.00/0.00/0.00/0.00/0.00/0.00,0.00/0.00/0.00/0.00/0.00,0.25,0.04,0.00,0.20,0.25,0.00,0.02,126,2,0,0.07,0.01,4/0,0.00,0,0,0,0,0.05,0.00,0.00,0.00,0,0.00,0.00,0,0,0/0,0.00,0,0,0.00,0,0,0.00,0,0,0.17,0.00,0,2,0,0.16,0.00,0.00,0.00,0.00,0.00,0.62,0.00,0,0.24,262,0,262/0/0,0.12,0.00,126,1,1,0,0,0,2026-09-09T18:28:39.8100072Z
5.70ms,175.5,0,63,30009,"mass_navigation_agent_health_text_light:8568,mass_navigation_agent_health_hud_light:8568,mass_navigation_agent_azure_light:2142,mass_navigation_agent_crimson_light:2142,mass_navigation_agent_amber_light:2142,mass_navigation_agent_emerald_light:2142,mass_navigation_agent_health_text_heavy:1432,mass_navigation_agent_health_hud_heavy:1432",0,0,63,63/6,0.01,0.04,0.00,0.00,0.02,5.01,0.04,0.00,1.13,EffectProcessingLoopSystem:0.25,OrderBufferSystem:0.17,SpatialPartitionUpdateSystem:0.15,3.78,PresenterEntityTransformSyncSystem:1.17,AnimatorRuntimeSystem:0.72,TerrainHeightSyncSystem:0.39,0.01,0,0,0,0,0,0.72,1.17,0.26,10009/0,0.00,0/0,0.39,10009,0.00,0.00/0.00/0.00/0.00,0.00/0.00/0.00,0.00/0.00/0.00/0.00/0.00/0.00,0.00/0.00/0.00/0.00/0.00,0.20,0.04,0.00,0.15,0.20,0.00,0.03,126,2,0,0.09,0.01,4/0,0.00,0,0,0,0,0.06,0.00,0.00,0.00,0,0.00,0.00,0,0,0/0,0.00,0,0,0.00,0,0,0.00,0,0,0.18,0.00,0,2,0,0.18,0.00,0.00,0.00,0.00,0.00,0.37,0.00,0,0.00,0,0,0/0/0,0.13,0.00,126,1,1,0,0,0,2026-09-09T18:28:40.2682672Z
3.78ms,264.5,0,63,30009,"mass_navigation_agent_health_text_light:8568,mass_navigation_agent_health_hud_light:8568,mass_navigation_agent_azure_light:2142,mass_navigation_agent_crimson_light:2142,mass_navigation_agent_amber_light:2142,mass_navigation_agent_emerald_light:2142,mass_navigation_agent_health_text_heavy:1432,mass_navigation_agent_health_hud_heavy:1432",0,0,63,63/6,0.01,0.04,0.00,0.00,0.02,3.30,0.02,0.00,0.17,EffectProcessingLoopSystem:0.17,:0.00,:0.00,3.07,PresenterEntityTransformSyncSystem:0.82,AnimatorRuntimeSystem:0.58,TerrainHeightSyncSystem:0.36,0.00,0,0,0,0,0,0.58,0.82,0.21,10009/0,0.00,0/0,0.36,10009,0.00,0.00/0.00/0.00/0.00,0.00/0.00/0.00,0.00/0.00/0.00/0.00/0.00/0.00,0.00/0.00/0.00/0.00/0.00,0.19,0.03,0.00,0.15,0.19,0.00,0.02,126,2,0,0.07,0.01,4/0,0.00,0,0,0,0,0.05,0.00,0.00,0.00,0,0.00,0.00,0,0,0/0,0.00,0,0,0.00,0,0,0.00,0,0,0.11,0.00,0,2,0,0.11,0.00,0.00,0.00,0.00,0.00,0.35,0.00,0,0.00,0,0,0/0/0,0.10,0.00,126,1,1,0,0,0,2026-09-09T18:28:40.7561421Z
11.73ms,85.2,0,63,30009,"mass_navigation_agent_health_text_light:8568,mass_navigation_agent_health_hud_light:8568,mass_navigation_agent_azure_light:2142,mass_navigation_agent_crimson_light:2142,mass_navigation_agent_amber_light:2142,mass_navigation_agent_emerald_light:2142,mass_navigation_agent_health_text_heavy:1432,mass_navigation_agent_health_hud_heavy:1432",0,0,63,63/6,0.01,0.04,0.00,0.00,0.01,11.14,0.04,0.00,6.36,EffectProcessingLoopSystem:1.65,MassNavigationSimulationStepSystem:1.55,MapEntityLifecycleObserverSystem:0.58,4.75,PresenterEntityTransformSyncSystem:1.44,PresenterEmitSystem:0.70,AnimatorRuntimeSystem:0.59,0.27,0,169,169,0,0,0.59,1.44,0.23,10009/0,0.00,0/0,0.42,10009,0.00,0.00/0.00/0.00/0.00,0.00/0.00/0.00,0.00/0.00/0.00/0.00/0.00/0.00,0.00/0.00/0.00/0.00/0.00,0.22,0.04,0.00,0.18,0.22,0.00,0.03,126,2,0,0.08,0.01,4/0,0.00,0,0,0,0,0.06,0.00,0.00,0.00,0,0.00,0.00,0,0,0/0,0.00,0,0,0.00,0,0,0.00,0,0,0.16,0.00,0,2,0,0.15,0.00,0.00,0.00,0.00,0.00,0.69,0.00,0,0.31,336,0,336/0/0,0.10,0.00,126,1,1,0,0,0,2026-09-09T18:28:41.2367467Z
18.39ms,54.4,0,63,30009,"mass_navigation_agent_health_text_light:8568,mass_navigation_agent_health_hud_light:8568,mass_navigation_agent_azure_light:2142,mass_navigation_agent_crimson_light:2142,mass_navigation_agent_amber_light:2142,mass_navigation_agent_emerald_light:2142,mass_navigation_agent_health_text_heavy:1432,mass_navigation_agent_health_hud_heavy:1432",0,0,63,63/6,0.01,0.04,0.00,0.00,0.01,17.63,0.04,0.00,13.36,MassNavigationSimulationStepSystem:8.47,EffectProcessingLoopSystem:1.55,MapEntityLifecycleObserverSystem:0.63,4.23,PresenterEntityTransformSyncSystem:1.14,PresenterEmitSystem:0.73,AnimatorRuntimeSystem:0.57,0.19,0,147,147,0,0,0.57,1.14,0.21,10009/0,0.00,0/0,0.38,10009,0.00,0.00/0.00/0.00/0.00,0.00/0.00/0.00,0.00/0.00/0.00/0.00/0.00/0.00,0.00/0.00/0.00/0.00/0.00,0.19,0.03,0.00,0.15,0.19,0.00,0.02,126,2,0,0.10,0.02,4/0,0.00,0,0,0,0,0.06,0.00,0.00,0.00,0,0.00,0.00,0,0,0/0,0.00,0,0,0.00,0,0,0.00,0,0,0.20,0.00,0,2,0,0.19,0.00,0.00,0.00,0.00,0.00,0.73,0.00,0,0.28,292,0,292/0/0,0.14,0.00,126,1,1,0,0,0,2026-09-09T18:28:41.7143370Z
11.61ms,86.2,0,63,30009,"mass_navigation_agent_health_text_light:8568,mass_navigation_agent_health_hud_light:8568,mass_navigation_agent_azure_light:2142,mass_navigation_agent_crimson_light:2142,mass_navigation_agent_amber_light:2142,mass_navigation_agent_emerald_light:2142,mass_navigation_agent_health_text_heavy:1432,mass_navigation_agent_health_hud_heavy:1432",0,0,63,63/6,0.01,0.04,0.00,0.00,0.01,10.95,0.04,0.00,6.56,EffectProcessingLoopSystem:1.76,MassNavigationSimulationStepSystem:1.44,MapEntityLifecycleObserverSystem:0.61,4.31,PresenterEntityTransformSyncSystem:1.11,PresenterEmitSystem:0.73,AnimatorRuntimeSystem:0.56,0.23,0,175,175,0,0,0.56,1.11,0.23,10009/0,0.00,0/0,0.47,10009,0.00,0.00/0.00/0.00/0.00,0.00/0.00/0.00,0.00/0.00/0.00/0.00/0.00/0.00,0.00/0.00/0.00/0.00/0.00,0.20,0.04,0.00,0.16,0.20,0.00,0.02,126,2,0,0.08,0.01,4/0,0.00,0,0,0,0,0.06,0.00,0.00,0.00,0,0.00,0.00,0,0,0/0,0.00,0,0,0.00,0,0,0.00,0,0,0.17,0.00,0,2,0,0.17,0.00,0.00,0.00,0.00,0.00,0.73,0.00,0,0.31,348,0,348/0/0,0.12,0.00,126,1,1,0,0,0,2026-09-09T18:28:42.1866368Z
9.52ms,105.0,0,63,30009,"mass_navigation_agent_health_text_light:8568,mass_navigation_agent_health_hud_light:8568,mass_navigation_agent_azure_light:2142,mass_navigation_agent_crimson_light:2142,mass_navigation_agent_amber_light:2142,mass_navigation_agent_emerald_light:2142,mass_navigation_agent_health_text_heavy:1432,mass_navigation_agent_health_hud_heavy:1432",0,0,63,63/6,0.01,0.03,0.00,0.00,0.01,8.94,0.03,0.00,4.86,EffectProcessingLoopSystem:1.50,MapEntityLifecycleObserverSystem:0.62,MassNavigationAuthoredAgentBindingSystem:0.52,4.04,PresenterEntityTransformSyncSystem:1.08,AnimatorRuntimeSystem:0.60,PresenterEmitSystem:0.59,0.20,0,143,143,0,0,0.60,1.08,0.22,10009/0,0.00,0/0,0.39,10009,0.00,0.00/0.00/0.00/0.00,0.00/0.00/0.00,0.00/0.00/0.00/0.00/0.00/0.00,0.00/0.00/0.00/0.00/0.00,0.19,0.03,0.00,0.15,0.19,0.00,0.02,126,2,0,0.07,0.01,4/0,0.00,0,0,0,0,0.05,0.00,0.00,0.00,0,0.00,0.00,0,0,0/0,0.00,0,0,0.00,0,0,0.00,0,0,0.16,0.00,0,2,0,0.16,0.00,0.00,0.00,0.00,0.00,0.59,0.00,0,0.25,284,0,284/0/0,0.12,0.00,126,1,1,0,0,0,2026-09-09T18:28:42.6705776Z
4.10ms,244.0,0,63,30009,"mass_navigation_agent_health_text_light:8568,mass_navigation_agent_health_hud_light:8568,mass_navigation_agent_azure_light:2142,mass_navigation_agent_crimson_light:2142,mass_navigation_agent_amber_light:2142,mass_navigation_agent_emerald_light:2142,mass_navigation_agent_health_text_heavy:1432,mass_navigation_agent_health_hud_heavy:1432",0,0,63,63/6,0.01,0.03,0.00,0.00,0.02,3.58,0.03,0.00,0.19,EffectProcessingLoopSystem:0.19,:0.00,:0.00,3.32,PresenterEntityTransformSyncSystem:0.91,AnimatorRuntimeSystem:0.67,TerrainHeightSyncSystem:0.42,0.00,0,0,0,0,0,0.67,0.91,0.18,10009/0,0.00,0/0,0.42,10009,0.00,0.00/0.00/0.00/0.00,0.00/0.00/0.00,0.00/0.00/0.00/0.00/0.00/0.00,0.00/0.00/0.00/0.00/0.00,0.19,0.03,0.00,0.16,0.19,0.00,0.02,126,2,0,0.10,0.04,4/0,0.00,0,0,0,0,0.05,0.00,0.00,0.00,0,0.00,0.00,0,0,0/0,0.00,0,0,0.00,0,0,0.00,0,0,0.11,0.00,0,2,0,0.11,0.00,0.00,0.00,0.00,0.00,0.37,0.00,0,0.00,0,0,0/0/0,0.10,0.00,126,1,1,0,0,0,2026-09-09T18:28:43.1508545Z
11.30ms,88.5,0,63,30009,"mass_navigation_agent_health_text_light:8568,mass_navigation_agent_health_hud_light:8568,mass_navigation_agent_azure_light:2142,mass_navigation_agent_crimson_light:2142,mass_navigation_agent_amber_light:2142,mass_navigation_agent_emerald_light:2142,mass_navigation_agent_health_text_heavy:1432,mass_navigation_agent_health_hud_heavy:1432",0,0,63,63/6,0.01,0.04,0.00,0.00,0.01,10.67,0.04,0.00,6.49,EffectProcessingLoopSystem:1.69,MassNavigationSimulationStepSystem:1.29,AttributeAggregatorSystem:0.60,4.13,PresenterEntityTransformSyncSystem:1.06,PresenterEmitSystem:0.67,AnimatorRuntimeSystem:0.57,0.25,0,167,167,0,0,0.57,1.06,0.21,10009/0,0.00,0/0,0.39,10009,0.00,0.00/0.00/0.00/0.00,0.00/0.00/0.00,0.00/0.00/0.00/0.00/0.00/0.00,0.00/0.00/0.00/0.00/0.00,0.20,0.03,0.00,0.16,0.20,0.00,0.02,126,2,0,0.07,0.01,4/0,0.00,0,0,0,0,0.05,0.00,0.00,0.00,0,0.00,0.00,0,0,0/0,0.00,0,0,0.00,0,0,0.00,0,0,0.17,0.00,0,2,0,0.17,0.00,0.00,0.00,0.00,0.00,0.67,0.00,0,0.30,332,0,332/0/0,0.12,0.00,126,1,1,0,0,0,2026-09-09T18:28:43.6261657Z
6.43ms,155.5,0,63,30009,"mass_navigation_agent_health_text_light:8568,mass_navigation_agent_health_hud_light:8568,mass_navigation_agent_azure_light:2142,mass_navigation_agent_crimson_light:2142,mass_navigation_agent_amber_light:2142,mass_navigation_agent_emerald_light:2142,mass_navigation_agent_health_text_heavy:1432,mass_navigation_agent_health_hud_heavy:1432",0,0,63,63/6,0.01,0.04,0.00,0.00,0.01,5.89,0.03,0.00,2.52,MassNavigationSimulationStepSystem:1.29,EffectProcessingLoopSystem:0.34,SpatialPartitionUpdateSystem:0.16,3.32,PresenterEntityTransformSyncSystem:0.91,AnimatorRuntimeSystem:0.60,TerrainHeightSyncSystem:0.43,0.00,0,0,0,0,0,0.60,0.91,0.20,10009/0,0.00,0/0,0.43,10009,0.00,0.00/0.00/0.00/0.00,0.00/0.00/0.00,0.00/0.00/0.00/0.00/0.00/0.00,0.00/0.00/0.00/0.00/0.00,0.22,0.04,0.00,0.18,0.22,0.00,0.02,126,2,0,0.08,0.01,4/0,0.00,0,0,0,0,0.05,0.00,0.00,0.00,0,0.00,0.00,0,0,0/0,0.00,0,0,0.00,0,0,0.00,0,0,0.14,0.00,0,2,0,0.13,0.00,0.00,0.00,0.00,0.00,0.34,0.00,0,0.00,0,0,0/0/0,0.10,0.00,126,1,1,0,0,0,2026-09-09T18:28:44.0832981Z
3.49ms,286.7,0,63,30009,"mass_navigation_agent_health_text_light:8568,mass_navigation_agent_health_hud_light:8568,mass_navigation_agent_azure_light:2142,mass_navigation_agent_crimson_light:2142,mass_navigation_agent_amber_light:2142,mass_navigation_agent_emerald_light:2142,mass_navigation_agent_health_text_heavy:1432,mass_navigation_agent_health_hud_heavy:1432",0,0,63,63/6,0.01,0.03,0.00,0.00,0.02,3.10,0.02,0.00,0.20,EffectProcessingLoopSystem:0.20,:0.00,:0.00,2.82,PresenterEntityTransformSyncSystem:0.73,AnimatorRuntimeSystem:0.53,PresenterEmitSystem:0.35,0.00,0,0,0,0,0,0.53,0.73,0.19,10009/0,0.00,0/0,0.34,10009,0.00,0.00/0.00/0.00/0.00,0.00/0.00/0.00,0.00/0.00/0.00/0.00/0.00/0.00,0.00/0.00/0.00/0.00/0.00,0.19,0.03,0.00,0.15,0.19,0.00,0.01,126,2,0,0.06,0.01,4/0,0.00,0,0,0,0,0.05,0.00,0.00,0.00,0,0.00,0.00,0,0,0/0,0.00,0,0,0.00,0,0,0.00,0,0,0.08,0.00,0,2,0,0.08,0.00,0.00,0.00,0.00,0.00,0.35,0.00,0,0.00,0,0,0/0/0,0.07,0.00,126,1,1,0,0,0,2026-09-09T18:28:44.5413910Z
3.84ms,260.3,0,63,30009,"mass_navigation_agent_health_text_light:8568,mass_navigation_agent_health_hud_light:8568,mass_navigation_agent_azure_light:2142,mass_navigation_agent_crimson_light:2142,mass_navigation_agent_amber_light:2142,mass_navigation_agent_emerald_light:2142,mass_navigation_agent_health_text_heavy:1432,mass_navigation_agent_health_hud_heavy:1432",0,0,63,63/6,0.01,0.03,0.00,0.00,0.02,3.47,0.02,0.00,0.18,EffectProcessingLoopSystem:0.18,:0.00,:0.00,3.22,PresenterEntityTransformSyncSystem:0.86,AnimatorRuntimeSystem:0.63,TerrainHeightSyncSystem:0.39,0.00,0,0,0,0,0,0.63,0.86,0.23,10009/0,0.00,0/0,0.39,10009,0.00,0.00/0.00/0.00/0.00,0.00/0.00/0.00,0.00/0.00/0.00/0.00/0.00/0.00,0.00/0.00/0.00/0.00/0.00,0.19,0.03,0.00,0.14,0.18,0.00,0.02,126,2,0,0.07,0.01,4/0,0.00,0,0,0,0,0.05,0.00,0.00,0.00,0,0.00,0.00,0,0,0/0,0.00,0,0,0.00,0,0,0.00,0,0,0.08,0.00,0,2,0,0.07,0.00,0.00,0.00,0.00,0.00,0.35,0.00,0,0.00,0,0,0/0/0,0.06,0.00,126,1,1,0,0,0,2026-09-09T18:28:44.9910564Z
18.74ms,53.4,0,63,30009,"mass_navigation_agent_health_text_light:8568,mass_navigation_agent_health_hud_light:8568,mass_navigation_agent_azure_light:2142,mass_navigation_agent_crimson_light:2142,mass_navigation_agent_amber_light:2142,mass_navigation_agent_emerald_light:2142,mass_navigation_agent_health_text_heavy:1432,mass_navigation_agent_health_hud_heavy:1432",0,0,63,63/6,0.01,0.03,0.00,0.00,0.01,18.12,0.04,0.00,13.75,MassNavigationSimulationStepSystem:8.75,EffectProcessingLoopSystem:1.69,AttributeAggregatorSystem:0.61,4.34,PresenterEntityTransformSyncSystem:1.28,PresenterEmitSystem:0.61,AnimatorRuntimeSystem:0.57,0.24,0,172,172,0,0,0.57,1.28,0.21,10009/0,0.00,0/0,0.38,10009,0.00,0.00/0.00/0.00/0.00,0.00/0.00/0.00,0.00/0.00/0.00/0.00/0.00/0.00,0.00/0.00/0.00/0.00/0.00,0.20,0.04,0.00,0.16,0.20,0.00,0.02,126,2,0,0.07,0.01,4/0,0.00,0,0,0,0,0.05,0.00,0.00,0.00,0,0.00,0.00,0,0,0/0,0.00,0,0,0.00,0,0,0.00,0,0,0.18,0.00,0,2,0,0.18,0.00,0.00,0.00,0.00,0.00,0.61,0.00,0,0.28,342,0,342/0/0,0.12,0.00,126,1,1,0,0,0,2026-09-09T18:28:45.4774647Z
11.61ms,86.1,0,63,30009,"mass_navigation_agent_health_text_light:8568,mass_navigation_agent_health_hud_light:8568,mass_navigation_agent_azure_light:2142,mass_navigation_agent_crimson_light:2142,mass_navigation_agent_amber_light:2142,mass_navigation_agent_emerald_light:2142,mass_navigation_agent_health_text_heavy:1432,mass_navigation_agent_health_hud_heavy:1432",0,0,63,63/6,0.01,0.04,0.00,0.00,0.01,10.93,0.03,0.00,6.71,MassNavigationSimulationStepSystem:1.71,EffectProcessingLoopSystem:1.64,MapEntityLifecycleObserverSystem:0.60,4.14,PresenterEntityTransformSyncSystem:1.08,PresenterEmitSystem:0.64,AnimatorRuntimeSystem:0.60,0.22,0,159,159,0,0,0.60,1.08,0.24,10009/0,0.00,0/0,0.40,10009,0.00,0.00/0.00/0.00/0.00,0.00/0.00/0.00,0.00/0.00/0.00/0.00/0.00/0.00,0.00/0.00/0.00/0.00/0.00,0.20,0.03,0.00,0.16,0.20,0.00,0.02,126,2,0,0.09,0.02,4/0,0.00,0,0,0,0,0.06,0.00,0.00,0.00,0,0.00,0.00,0,0,0/0,0.00,0,0,0.00,0,0,0.00,0,0,0.19,0.00,0,2,0,0.18,0.00,0.00,0.00,0.00,0.00,0.64,0.00,0,0.28,316,0,316/0/0,0.13,0.00,126,1,1,0,0,0,2026-09-09T18:28:45.9330175Z
3.83ms,261.3,0,63,30009,"mass_navigation_agent_health_text_light:8568,mass_navigation_agent_health_hud_light:8568,mass_navigation_agent_azure_light:2142,mass_navigation_agent_crimson_light:2142,mass_navigation_agent_amber_light:2142,mass_navigation_agent_emerald_light:2142,mass_navigation_agent_health_text_heavy:1432,mass_navigation_agent_health_hud_heavy:1432",0,0,63,63/6,0.01,0.04,0.00,0.00,0.01,3.38,0.02,0.00,0.18,EffectProcessingLoopSystem:0.17,:0.00,:0.00,3.17,PresenterEntityTransformSyncSystem:0.86,AnimatorRuntimeSystem:0.62,TerrainHeightSyncSystem:0.37,0.00,0,0,0,0,0,0.62,0.86,0.21,10009/0,0.00,0/0,0.37,10009,0.00,0.00/0.00/0.00/0.00,0.00/0.00/0.00,0.00/0.00/0.00/0.00/0.00/0.00,0.00/0.00/0.00/0.00/0.00,0.25,0.03,0.00,0.22,0.25,0.00,0.02,126,2,0,0.07,0.01,4/0,0.00,0,0,0,0,0.05,0.00,0.00,0.00,0,0.00,0.00,0,0,0/0,0.00,0,0,0.00,0,0,0.00,0,0,0.10,0.00,0,2,0,0.10,0.00,0.00,0.00,0.00,0.00,0.35,0.00,0,0.00,0,0,0/0/0,0.09,0.00,126,1,1,0,0,0,2026-09-09T18:28:46.3802035Z
11.44ms,87.4,0,63,30009,"mass_navigation_agent_health_text_light:8568,mass_navigation_agent_health_hud_light:8568,mass_navigation_agent_azure_light:2142,mass_navigation_agent_crimson_light:2142,mass_navigation_agent_amber_light:2142,mass_navigation_agent_emerald_light:2142,mass_navigation_agent_health_text_heavy:1432,mass_navigation_agent_health_hud_heavy:1432",0,0,63,63/6,0.01,0.04,0.00,0.00,0.01,10.81,0.03,0.00,6.57,MassNavigationSimulationStepSystem:1.70,EffectProcessingLoopSystem:1.61,MapEntityLifecycleObserverSystem:0.62,4.17,PresenterEntityTransformSyncSystem:1.08,PresenterEmitSystem:0.62,AnimatorRuntimeSystem:0.58,0.20,0,145,145,0,0,0.58,1.08,0.20,10009/0,0.00,0/0,0.40,10009,0.00,0.00/0.00/0.00/0.00,0.00/0.00/0.00,0.00/0.00/0.00/0.00/0.00/0.00,0.00/0.00/0.00/0.00/0.00,0.32,0.03,0.00,0.28,0.32,0.00,0.02,126,2,0,0.08,0.01,4/0,0.00,0,0,0,0,0.05,0.00,0.00,0.00,0,0.00,0.00,0,0,0/0,0.00,0,0,0.00,0,0,0.00,0,0,0.16,0.00,0,2,0,0.16,0.00,0.00,0.00,0.00,0.00,0.62,0.00,0,0.27,288,0,288/0/0,0.12,0.00,126,1,1,0,0,0,2026-09-09T18:28:46.8197792Z
9.41ms,106.3,0,63,30009,"mass_navigation_agent_health_text_light:8568,mass_navigation_agent_health_hud_light:8568,mass_navigation_agent_azure_light:2142,mass_navigation_agent_crimson_light:2142,mass_navigation_agent_amber_light:2142,mass_navigation_agent_emerald_light:2142,mass_navigation_agent_health_text_heavy:1432,mass_navigation_agent_health_hud_heavy:1432",0,0,63,63/6,0.01,0.03,0.00,0.00,0.01,8.86,0.03,0.00,4.46,EffectProcessingLoopSystem:1.92,AttributeAggregatorSystem:0.74,MassNavigationAuthoredAgentBindingSystem:0.62,4.36,PresenterEntityTransformSyncSystem:1.19,PresenterEmitSystem:0.72,AnimatorRuntimeSystem:0.57,0.26,0,182,182,0,0,0.57,1.19,0.21,10009/0,0.00,0/0,0.41,10009,0.00,0.00/0.00/0.00/0.00,0.00/0.00/0.00,0.00/0.00/0.00/0.00/0.00/0.00,0.00/0.00/0.00/0.00/0.00,0.20,0.03,0.00,0.16,0.20,0.00,0.02,126,2,0,0.07,0.01,4/0,0.00,0,0,0,0,0.05,0.00,0.00,0.00,0,0.00,0.00,0,0,0/0,0.00,0,0,0.00,0,0,0.00,0,0,0.15,0.00,0,2,0,0.14,0.00,0.00,0.00,0.00,0.00,0.71,0.00,0,0.33,362,0,362/0/0,0.10,0.00,126,1,1,0,0,0,2026-09-09T18:28:47.2917846Z
8.56ms,116.8,0,63,30009,"mass_navigation_agent_health_text_light:8568,mass_navigation_agent_health_hud_light:8568,mass_navigation_agent_azure_light:2142,mass_navigation_agent_crimson_light:2142,mass_navigation_agent_amber_light:2142,mass_navigation_agent_emerald_light:2142,mass_navigation_agent_health_text_heavy:1432,mass_navigation_agent_health_hud_heavy:1432",0,0,63,63/6,0.01,0.03,0.00,0.00,0.01,8.11,0.02,0.00,4.18,EffectProcessingLoopSystem:1.74,AttributeAggregatorSystem:0.63,MapEntityLifecycleObserverSystem:0.62,3.90,PresenterEntityTransformSyncSystem:0.95,PresenterEmitSystem:0.64,AnimatorRuntimeSystem:0.53,0.21,0,166,166,0,0,0.53,0.95,0.22,10009/0,0.00,0/0,0.43,10009,0.00,0.00/0.00/0.00/0.00,0.00/0.00/0.00,0.00/0.00/0.00/0.00/0.00/0.00,0.00/0.00/0.00/0.00/0.00,0.19,0.03,0.00,0.15,0.19,0.00,0.02,126,2,0,0.06,0.01,4/0,0.00,0,0,0,0,0.04,0.00,0.00,0.00,0,0.00,0.00,0,0,0/0,0.00,0,0,0.00,0,0,0.00,0,0,0.12,0.00,0,2,0,0.11,0.00,0.00,0.00,0.00,0.00,0.64,0.00,0,0.28,330,0,330/0/0,0.09,0.00,126,1,1,0,0,0,2026-09-09T18:28:47.7646192Z
5.19ms,192.7,0,63,30009,"mass_navigation_agent_health_text_light:8568,mass_navigation_agent_health_hud_light:8568,mass_navigation_agent_azure_light:2142,mass_navigation_agent_crimson_light:2142,mass_navigation_agent_amber_light:2142,mass_navigation_agent_emerald_light:2142,mass_navigation_agent_health_text_heavy:1432,mass_navigation_agent_health_hud_heavy:1432",0,0,63,63/6,0.01,0.04,0.00,0.00,0.02,4.59,0.03,0.00,1.12,EffectProcessingLoopSystem:0.24,OrderBufferSystem:0.17,SpatialPartitionUpdateSystem:0.15,3.40,PresenterEntityTransformSyncSystem:1.12,AnimatorRuntimeSystem:0.59,PresenterEmitSystem:0.37,0.00,0,0,0,0,0,0.59,1.12,0.20,10009/0,0.00,0/0,0.34,10009,0.00,0.00/0.00/0.00/0.00,0.00/0.00/0.00,0.00/0.00/0.00/0.00/0.00/0.00,0.00/0.00/0.00/0.00/0.00,0.18,0.03,0.00,0.13,0.17,0.00,0.02,126,2,0,0.09,0.01,4/0,0.00,0,0,0,0,0.06,0.00,0.00,0.00,0,0.00,0.00,0,0,0/0,0.00,0,0,0.00,0,0,0.00,0,0,0.16,0.00,0,2,0,0.16,0.00,0.00,0.00,0.00,0.00,0.37,0.00,0,0.00,0,0,0/0/0,0.10,0.00,126,1,1,0,0,0,2026-09-09T18:28:48.2483400Z
8.64ms,115.7,0,63,30009,"mass_navigation_agent_health_text_light:8568,mass_navigation_agent_health_hud_light:8568,mass_navigation_agent_azure_light:2142,mass_navigation_agent_crimson_light:2142,mass_navigation_agent_amber_light:2142,mass_navigation_agent_emerald_light:2142,mass_navigation_agent_health_text_heavy:1432,mass_navigation_agent_health_hud_heavy:1432",0,0,63,63/6,0.01,0.03,0.00,0.00,0.02,8.14,0.03,0.00,4.09,EffectProcessingLoopSystem:1.79,MapEntityLifecycleObserverSystem:0.62,AttributeAggregatorSystem:0.60,4.00,PresenterEntityTransformSyncSystem:1.03,PresenterEmitSystem:0.63,AnimatorRuntimeSystem:0.57,0.22,0,154,154,0,0,0.57,1.03,0.20,10009/0,0.00,0/0,0.41,10009,0.00,0.00/0.00/0.00/0.00,0.00/0.00/0.00,0.00/0.00/0.00/0.00/0.00/0.00,0.00/0.00/0.00/0.00/0.00,0.19,0.03,0.00,0.15,0.19,0.00,0.02,126,2,0,0.06,0.01,4/0,0.00,0,0,0,0,0.04,0.00,0.00,0.00,0,0.00,0.00,0,0,0/0,0.00,0,0,0.00,0,0,0.00,0,0,0.12,0.00,0,2,0,0.12,0.00,0.00,0.00,0.00,0.00,0.63,0.00,0,0.26,306,0,306/0/0,0.09,0.00,126,1,1,0,0,0,2026-09-09T18:28:48.7336867Z
18.76ms,53.3,0,63,30009,"mass_navigation_agent_health_text_light:8568,mass_navigation_agent_health_hud_light:8568,mass_navigation_agent_azure_light:2142,mass_navigation_agent_crimson_light:2142,mass_navigation_agent_amber_light:2142,mass_navigation_agent_emerald_light:2142,mass_navigation_agent_health_text_heavy:1432,mass_navigation_agent_health_hud_heavy:1432",0,0,63,63/6,0.01,0.03,0.00,0.00,0.01,18.03,0.05,0.00,13.52,MassNavigationSimulationStepSystem:8.50,EffectProcessingLoopSystem:1.71,MapEntityLifecycleObserverSystem:0.62,4.45,PresenterEntityTransformSyncSystem:1.30,PresenterEmitSystem:0.64,AnimatorRuntimeSystem:0.57,0.18,0,159,159,0,0,0.57,1.30,0.25,10009/0,0.00,0/0,0.38,10009,0.00,0.00/0.00/0.00/0.00,0.00/0.00/0.00,0.00/0.00/0.00/0.00/0.00/0.00,0.00/0.00/0.00/0.00/0.00,0.22,0.04,0.00,0.17,0.22,0.00,0.03,126,2,0,0.08,0.01,4/0,0.00,0,0,0,0,0.05,0.00,0.00,0.00,0,0.00,0.00,0,0,0/0,0.00,0,0,0.00,0,0,0.00,0,0,0.19,0.00,0,2,0,0.19,0.00,0.00,0.00,0.00,0.00,0.64,0.00,0,0.27,316,0,316/0/0,0.15,0.00,126,1,1,0,0,0,2026-09-09T18:28:49.2193984Z
4.84ms,206.4,0,63,30009,"mass_navigation_agent_health_text_light:8568,mass_navigation_agent_health_hud_light:8568,mass_navigation_agent_azure_light:2142,mass_navigation_agent_crimson_light:2142,mass_navigation_agent_amber_light:2142,mass_navigation_agent_emerald_light:2142,mass_navigation_agent_health_text_heavy:1432,mass_navigation_agent_health_hud_heavy:1432",0,0,63,63/6,0.01,0.04,0.00,0.00,0.03,4.18,0.04,0.00,0.26,EffectProcessingLoopSystem:0.25,:0.00,:0.00,3.83,PresenterEntityTransformSyncSystem:1.12,AnimatorRuntimeSystem:0.76,TerrainHeightSyncSystem:0.45,0.00,0,0,0,0,0,0.76,1.12,0.22,10009/0,0.00,0/0,0.45,10009,0.00,0.00/0.00/0.00/0.00,0.00/0.00/0.00,0.00/0.00/0.00/0.00/0.00/0.00,0.00/0.00/0.00/0.00/0.00,0.20,0.03,0.00,0.16,0.20,0.00,0.03,126,2,0,0.09,0.01,4/0,0.00,0,0,0,0,0.06,0.00,0.00,0.00,0,0.00,0.00,0,0,0/0,0.00,0,0,0.00,0,0,0.00,0,0,0.16,0.00,0,2,0,0.16,0.00,0.00,0.00,0.00,0.00,0.39,0.00,0,0.00,0,0,0/0/0,0.13,0.00,126,1,1,0,0,0,2026-09-09T18:28:49.6702727Z
4.12ms,242.9,0,63,30009,"mass_navigation_agent_health_text_light:8568,mass_navigation_agent_health_hud_light:8568,mass_navigation_agent_azure_light:2142,mass_navigation_agent_crimson_light:2142,mass_navigation_agent_amber_light:2142,mass_navigation_agent_emerald_light:2142,mass_navigation_agent_health_text_heavy:1432,mass_navigation_agent_health_hud_heavy:1432",0,0,63,63/6,0.00,0.04,0.00,0.00,0.02,3.62,0.03,0.00,0.18,EffectProcessingLoopSystem:0.18,:0.00,:0.00,3.37,PresenterEntityTransformSyncSystem:0.89,AnimatorRuntimeSystem:0.66,PresenterEmitSystem:0.40,0.00,0,0,0,0,0,0.66,0.88,0.24,10009/0,0.00,0/0,0.40,10009,0.00,0.00/0.00/0.00/0.00,0.00/0.00/0.00,0.00/0.00/0.00/0.00/0.00/0.00,0.00/0.00/0.00/0.00/0.00,0.19,0.03,0.00,0.15,0.19,0.00,0.02,126,2,0,0.07,0.01,4/0,0.00,0,0,0,0,0.05,0.00,0.00,0.00,0,0.00,0.00,0,0,0/0,0.00,0,0,0.00,0,0,0.00,0,0,0.11,0.00,0,2,0,0.11,0.00,0.00,0.00,0.00,0.00,0.40,0.00,0,0.00,0,0,0/0/0,0.09,0.00,126,1,1,0,0,0,2026-09-09T18:28:50.1624450Z
4.08ms,245.0,0,63,30009,"mass_navigation_agent_health_text_light:8568,mass_navigation_agent_health_hud_light:8568,mass_navigation_agent_azure_light:2142,mass_navigation_agent_crimson_light:2142,mass_navigation_agent_amber_light:2142,mass_navigation_agent_emerald_light:2142,mass_navigation_agent_health_text_heavy:1432,mass_navigation_agent_health_hud_heavy:1432",0,0,63,63/6,0.01,0.04,0.00,0.00,0.02,3.59,0.03,0.00,0.18,EffectProcessingLoopSystem:0.18,:0.00,:0.00,3.34,PresenterEntityTransformSyncSystem:0.83,AnimatorRuntimeSystem:0.67,PresenterEmitSystem:0.45,0.00,0,0,0,0,0,0.67,0.83,0.23,10009/0,0.00,0/0,0.41,10009,0.00,0.00/0.00/0.00/0.00,0.00/0.00/0.00,0.00/0.00/0.00/0.00/0.00/0.00,0.00/0.00/0.00/0.00/0.00,0.18,0.03,0.00,0.14,0.18,0.00,0.02,126,2,0,0.07,0.01,4/0,0.00,0,0,0,0,0.05,0.00,0.00,0.00,0,0.00,0.00,0,0,0/0,0.00,0,0,0.00,0,0,0.00,0,0,0.12,0.00,0,2,0,0.12,0.00,0.00,0.00,0.00,0.00,0.45,0.00,0,0.00,0,0,0/0/0,0.09,0.00,126,1,1,0,0,0,2026-09-09T18:28:50.6282858Z
3.96ms,252.7,0,63,30009,"mass_navigation_agent_health_text_light:8568,mass_navigation_agent_health_hud_light:8568,mass_navigation_agent_azure_light:2142,mass_navigation_agent_crimson_light:2142,mass_navigation_agent_amber_light:2142,mass_navigation_agent_emerald_light:2142,mass_navigation_agent_health_text_heavy:1432,mass_navigation_agent_health_hud_heavy:1432",0,0,63,63/6,0.01,0.04,0.00,0.00,0.02,3.42,0.03,0.00,0.20,EffectProcessingLoopSystem:0.20,:0.00,:0.00,3.14,PresenterEntityTransformSyncSystem:0.91,AnimatorRuntimeSystem:0.58,TerrainHeightSyncSystem:0.36,0.00,0,0,0,0,0,0.58,0.91,0.19,10009/0,0.00,0/0,0.35,10009,0.00,0.00/0.00/0.00/0.00,0.00/0.00/0.00,0.00/0.00/0.00/0.00/0.00/0.00,0.00/0.00/0.00/0.00/0.00,0.18,0.04,0.00,0.14,0.18,0.00,0.02,126,2,0,0.08,0.01,4/0,0.00,0,0,0,0,0.05,0.00,0.00,0.00,0,0.00,0.00,0,0,0/0,0.00,0,0,0.00,0,0,0.00,0,0,0.13,0.00,0,2,0,0.13,0.00,0.00,0.00,0.00,0.00,0.33,0.00,0,0.00,0,0,0/0/0,0.10,0.00,126,1,1,0,0,0,2026-09-09T18:28:51.1138183Z
3.78ms,264.5,0,63,30009,"mass_navigation_agent_health_text_light:8568,mass_navigation_agent_health_hud_light:8568,mass_navigation_agent_azure_light:2142,mass_navigation_agent_crimson_light:2142,mass_navigation_agent_amber_light:2142,mass_navigation_agent_emerald_light:2142,mass_navigation_agent_health_text_heavy:1432,mass_navigation_agent_health_hud_heavy:1432",0,0,63,63/6,0.01,0.03,0.00,0.00,0.02,3.20,0.03,0.00,0.16,EffectProcessingLoopSystem:0.16,:0.00,:0.00,2.97,PresenterEntityTransformSyncSystem:0.80,AnimatorRuntimeSystem:0.56,TerrainHeightSyncSystem:0.35,0.01,0,0,0,0,0,0.56,0.80,0.18,10009/0,0.00,0/0,0.35,10009,0.00,0.00/0.00/0.00/0.00,0.00/0.00/0.00,0.00/0.00/0.00/0.00/0.00/0.00,0.00/0.00/0.00/0.00/0.00,0.17,0.03,0.00,0.13,0.17,0.00,0.02,126,2,0,0.07,0.01,4/0,0.00,0,0,0,0,0.05,0.00,0.00,0.00,0,0.00,0.00,0,0,0/0,0.00,0,0,0.00,0,0,0.00,0,0,0.17,0.00,0,2,0,0.16,0.00,0.00,0.00,0.00,0.00,0.32,0.00,0,0.00,0,0,0/0/0,0.09,0.00,126,1,1,0,0,0,2026-09-09T18:28:51.5930823Z
3.77ms,265.5,0,63,30009,"mass_navigation_agent_health_text_light:8568,mass_navigation_agent_health_hud_light:8568,mass_navigation_agent_azure_light:2142,mass_navigation_agent_crimson_light:2142,mass_navigation_agent_amber_light:2142,mass_navigation_agent_emerald_light:2142,mass_navigation_agent_health_text_heavy:1432,mass_navigation_agent_health_hud_heavy:1432",0,0,63,63/6,0.01,0.03,0.00,0.00,0.01,3.37,0.02,0.00,0.18,EffectProcessingLoopSystem:0.18,:0.00,:0.00,3.14,PresenterEntityTransformSyncSystem:0.87,AnimatorRuntimeSystem:0.67,TerrainHeightSyncSystem:0.37,0.00,0,0,0,0,0,0.67,0.87,0.17,10009/0,0.00,0/0,0.37,10009,0.00,0.00/0.00/0.00/0.00,0.00/0.00/0.00,0.00/0.00/0.00/0.00/0.00/0.00,0.00/0.00/0.00/0.00/0.00,0.19,0.03,0.00,0.15,0.19,0.00,0.02,126,2,0,0.07,0.01,4/0,0.00,0,0,0,0,0.05,0.00,0.00,0.00,0,0.00,0.00,0,0,0/0,0.00,0,0,0.00,0,0,0.00,0,0,0.09,0.00,0,2,0,0.08,0.00,0.00,0.00,0.00,0.00,0.35,0.00,0,0.00,0,0,0/0/0,0.07,0.00,126,1,1,0,0,0,2026-09-09T18:28:52.0601615Z
4.14ms,241.6,0,63,30009,"mass_navigation_agent_health_text_light:8568,mass_navigation_agent_health_hud_light:8568,mass_navigation_agent_azure_light:2142,mass_navigation_agent_crimson_light:2142,mass_navigation_agent_amber_light:2142,mass_navigation_agent_emerald_light:2142,mass_navigation_agent_health_text_heavy:1432,mass_navigation_agent_health_hud_heavy:1432",0,0,63,63/6,0.01,0.05,0.00,0.00,0.07,3.36,0.05,0.00,0.19,EffectProcessingLoopSystem:0.19,:0.00,:0.00,3.10,PresenterEntityTransformSyncSystem:0.77,AnimatorRuntimeSystem:0.59,PresenterEmitSystem:0.48,0.00,0,0,0,0,0,0.59,0.77,0.18,10009/0,0.00,0/0,0.35,10009,0.00,0.00/0.00/0.00/0.00,0.00/0.00/0.00,0.00/0.00/0.00/0.00/0.00/0.00,0.00/0.00/0.00/0.00/0.00,0.19,0.03,0.00,0.15,0.19,0.00,0.03,126,2,0,0.11,0.02,4/0,0.00,0,0,0,0,0.07,0.00,0.00,0.00,0,0.00,0.00,0,0,0/0,0.00,0,0,0.00,0,0,0.00,0,0,0.19,0.00,0,2,0,0.19,0.00,0.00,0.00,0.00,0.00,0.48,0.00,0,0.00,0,0,0/0/0,0.11,0.00,126,1,1,0,0,0,2026-09-09T18:28:52.5403691Z
12.26ms,81.5,0,63,30009,"mass_navigation_agent_health_text_light:8568,mass_navigation_agent_health_hud_light:8568,mass_navigation_agent_azure_light:2142,mass_navigation_agent_crimson_light:2142,mass_navigation_agent_amber_light:2142,mass_navigation_agent_emerald_light:2142,mass_navigation_agent_health_text_heavy:1432,mass_navigation_agent_health_hud_heavy:1432",0,0,63,63/6,0.01,0.04,0.00,0.00,0.02,11.50,0.04,0.00,6.78,EffectProcessingLoopSystem:1.74,MassNavigationSimulationStepSystem:1.74,MassNavigationAuthoredAgentBindingSystem:0.62,4.67,PresenterEntityTransformSyncSystem:1.39,PresenterEmitSystem:0.63,AnimatorRuntimeSystem:0.62,0.23,0,167,167,0,0,0.62,1.38,0.26,10009/0,0.00,0/0,0.41,10009,0.00,0.00/0.00/0.00/0.00,0.00/0.00/0.00,0.00/0.00/0.00/0.00/0.00/0.00,0.00/0.00/0.00/0.00/0.00,0.22,0.04,0.00,0.17,0.22,0.00,0.03,126,2,0,0.08,0.01,4/0,0.00,0,0,0,0,0.06,0.00,0.00,0.00,0,0.00,0.00,0,0,0/0,0.00,0,0,0.00,0,0,0.00,0,0,0.23,0.00,0,2,0,0.23,0.00,0.00,0.00,0.00,0.00,0.62,0.00,0,0.28,332,0,332/0/0,0.15,0.00,126,1,1,0,0,0,2026-09-09T18:28:53.0405983Z
5.01ms,199.7,0,63,30009,"mass_navigation_agent_health_text_light:8568,mass_navigation_agent_health_hud_light:8568,mass_navigation_agent_azure_light:2142,mass_navigation_agent_crimson_light:2142,mass_navigation_agent_amber_light:2142,mass_navigation_agent_emerald_light:2142,mass_navigation_agent_health_text_heavy:1432,mass_navigation_agent_health_hud_heavy:1432",0,0,63,63/6,0.01,0.06,0.00,0.00,0.02,4.32,0.04,0.00,0.19,EffectProcessingLoopSystem:0.18,:0.00,:0.00,4.02,PresenterEntityTransformSyncSystem:1.29,AnimatorRuntimeSystem:0.71,PresenterEmitSystem:0.49,0.00,0,0,0,0,0,0.71,1.29,0.29,10009/0,0.00,0/0,0.41,10009,0.00,0.00/0.00/0.00/0.00,0.00/0.00/0.00,0.00/0.00/0.00/0.00/0.00/0.00,0.00/0.00/0.00/0.00/0.00,0.21,0.04,0.00,0.16,0.21,0.00,0.03,126,2,0,0.12,0.02,4/0,0.00,0,0,0,0,0.08,0.00,0.00,0.00,0,0.00,0.00,0,0,0/0,0.00,0,0,0.00,0,0,0.00,0,0,0.16,0.00,0,2,0,0.16,0.00,0.00,0.00,0.00,0.00,0.49,0.00,0,0.00,0,0,0/0/0,0.12,0.00,126,1,1,0,0,0,2026-09-09T18:28:53.5631298Z
5.25ms,190.6,0,63,30009,"mass_navigation_agent_health_text_light:8568,mass_navigation_agent_health_hud_light:8568,mass_navigation_agent_azure_light:2142,mass_navigation_agent_crimson_light:2142,mass_navigation_agent_amber_light:2142,mass_navigation_agent_emerald_light:2142,mass_navigation_agent_health_text_heavy:1432,mass_navigation_agent_health_hud_heavy:1432",0,0,63,63/6,0.01,0.04,0.00,0.00,0.03,4.53,0.04,0.05,0.32,EffectProcessingLoopSystem:0.31,:0.00,:0.00,4.11,PresenterEntityTransformSyncSystem:1.29,AnimatorRuntimeSystem:0.69,TerrainHeightSyncSystem:0.48,0.00,0,0,0,0,0,0.69,1.28,0.21,10009/0,0.00,0/0,0.48,10009,0.00,0.00/0.00/0.00/0.00,0.00/0.00/0.00,0.00/0.00/0.00/0.00/0.00/0.00,0.00/0.00/0.00/0.00/0.00,0.29,0.04,0.00,0.23,0.29,0.00,0.03,126,2,0,0.08,0.01,4/0,0.00,0,0,0,0,0.05,0.00,0.00,0.00,0,0.00,0.00,0,0,0/0,0.00,0,0,0.00,0,0,0.00,0,0,0.19,0.00,0,2,0,0.18,0.00,0.00,0.00,0.00,0.00,0.42,0.00,0,0.00,0,0,0/0/0,0.11,0.00,126,1,1,0,0,0,2026-09-09T18:28:54.0547464Z
3.84ms,260.5,0,63,30009,"mass_navigation_agent_health_text_light:8568,mass_navigation_agent_health_hud_light:8568,mass_navigation_agent_azure_light:2142,mass_navigation_agent_crimson_light:2142,mass_navigation_agent_amber_light:2142,mass_navigation_agent_emerald_light:2142,mass_navigation_agent_health_text_heavy:1432,mass_navigation_agent_health_hud_heavy:1432",0,0,63,63/6,0.01,0.04,0.00,0.00,0.02,3.33,0.03,0.00,0.21,EffectProcessingLoopSystem:0.21,:0.00,:0.00,3.07,PresenterEntityTransformSyncSystem:0.84,AnimatorRuntimeSystem:0.58,PresenterEmitSystem:0.43,0.00,0,0,0,0,0,0.58,0.84,0.20,10009/0,0.00,0/0,0.37,10009,0.00,0.00/0.00/0.00/0.00,0.00/0.00/0.00,0.00/0.00/0.00/0.00/0.00/0.00,0.00/0.00/0.00/0.00/0.00,0.17,0.03,0.00,0.14,0.17,0.00,0.02,126,2,0,0.08,0.01,4/0,0.00,0,0,0,0,0.05,0.00,0.00,0.00,0,0.00,0.00,0,0,0/0,0.00,0,0,0.00,0,0,0.00,0,0,0.12,0.00,0,2,0,0.12,0.00,0.00,0.00,0.00,0.00,0.43,0.00,0,0.00,0,0,0/0/0,0.10,0.00,126,1,1,0,0,0,2026-09-09T18:28:54.5290855Z
3.53ms,283.5,0,63,30009,"mass_navigation_agent_health_text_light:8568,mass_navigation_agent_health_hud_light:8568,mass_navigation_agent_azure_light:2142,mass_navigation_agent_crimson_light:2142,mass_navigation_agent_amber_light:2142,mass_navigation_agent_emerald_light:2142,mass_navigation_agent_health_text_heavy:1432,mass_navigation_agent_health_hud_heavy:1432",0,0,63,63/6,0.01,0.03,0.00,0.00,0.02,3.08,0.03,0.00,0.17,EffectProcessingLoopSystem:0.17,:0.00,:0.00,2.84,PresenterEntityTransformSyncSystem:0.80,AnimatorRuntimeSystem:0.56,TerrainHeightSyncSystem:0.35,0.00,0,0,0,0,0,0.56,0.80,0.19,10009/0,0.00,0/0,0.35,10009,0.00,0.00/0.00/0.00/0.00,0.00/0.00/0.00,0.00/0.00/0.00/0.00/0.00/0.00,0.00/0.00/0.00/0.00/0.00,0.15,0.03,0.00,0.12,0.15,0.00,0.02,126,2,0,0.06,0.01,4/0,0.00,0,0,0,0,0.05,0.00,0.00,0.00,0,0.00,0.00,0,0,0/0,0.00,0,0,0.00,0,0,0.00,0,0,0.12,0.00,0,2,0,0.11,0.00,0.00,0.00,0.00,0.00,0.31,0.00,0,0.00,0,0,0/0/0,0.07,0.00,126,1,1,0,0,0,2026-09-09T18:28:55.0044576Z
7.18ms,139.2,0,63,30009,"mass_navigation_agent_health_text_light:8568,mass_navigation_agent_health_hud_light:8568,mass_navigation_agent_azure_light:2142,mass_navigation_agent_crimson_light:2142,mass_navigation_agent_amber_light:2142,mass_navigation_agent_emerald_light:2142,mass_navigation_agent_health_text_heavy:1432,mass_navigation_agent_health_hud_heavy:1432",0,0,63,63/6,0.01,0.03,0.00,0.00,0.02,6.69,0.03,0.00,3.13,MassNavigationSimulationStepSystem:1.86,EffectProcessingLoopSystem:0.30,OrderBufferSystem:0.18,3.51,PresenterEntityTransformSyncSystem:1.01,AnimatorRuntimeSystem:0.58,TerrainHeightSyncSystem:0.45,0.00,0,0,0,0,0,0.58,1.01,0.21,10009/0,0.00,0/0,0.45,10009,0.00,0.00/0.00/0.00/0.00,0.00/0.00/0.00,0.00/0.00/0.00/0.00/0.00/0.00,0.00/0.00/0.00/0.00/0.00,0.21,0.04,0.00,0.17,0.21,0.00,0.02,126,2,0,0.07,0.01,4/0,0.00,0,0,0,0,0.04,0.00,0.00,0.00,0,0.00,0.00,0,0,0/0,0.00,0,0,0.00,0,0,0.00,0,0,0.12,0.00,0,2,0,0.12,0.00,0.00,0.00,0.00,0.00,0.38,0.00,0,0.00,0,0,0/0/0,0.09,0.00,126,1,1,0,0,0,2026-09-09T18:28:55.4808656Z
4.28ms,233.5,0,63,30009,"mass_navigation_agent_health_text_light:8568,mass_navigation_agent_health_hud_light:8568,mass_navigation_agent_azure_light:2142,mass_navigation_agent_crimson_light:2142,mass_navigation_agent_amber_light:2142,mass_navigation_agent_emerald_light:2142,mass_navigation_agent_health_text_heavy:1432,mass_navigation_agent_health_hud_heavy:1432",0,0,63,63/6,0.01,0.03,0.00,0.00,0.02,3.78,0.03,0.00,0.18,EffectProcessingLoopSystem:0.18,:0.00,:0.00,3.53,PresenterEntityTransformSyncSystem:1.09,AnimatorRuntimeSystem:0.59,PresenterEmitSystem:0.48,0.00,0,0,0,0,0,0.58,1.09,0.20,10009/0,0.00,0/0,0.35,10009,0.00,0.00/0.00/0.00/0.00,0.00/0.00/0.00,0.00/0.00/0.00/0.00/0.00/0.00,0.00/0.00/0.00/0.00/0.00,0.22,0.03,0.00,0.18,0.22,0.00,0.02,126,2,0,0.07,0.01,4/0,0.00,0,0,0,0,0.05,0.00,0.00,0.00,0,0.00,0.00,0,0,0/0,0.00,0,0,0.00,0,0,0.00,0,0,0.11,0.00,0,2,0,0.11,0.00,0.00,0.00,0.00,0.00,0.48,0.00,0,0.00,0,0,0/0/0,0.09,0.00,126,1,1,0,0,0,2026-09-09T18:28:55.9449878Z
11.45ms,87.3,0,63,30009,"mass_navigation_agent_health_text_light:8568,mass_navigation_agent_health_hud_light:8568,mass_navigation_agent_azure_light:2142,mass_navigation_agent_crimson_light:2142,mass_navigation_agent_amber_light:2142,mass_navigation_agent_emerald_light:2142,mass_navigation_agent_health_text_heavy:1432,mass_navigation_agent_health_hud_heavy:1432",0,0,63,63/6,0.01,0.03,0.00,0.00,0.01,10.88,0.03,0.00,6.48,MassNavigationSimulationStepSystem:1.61,EffectProcessingLoopSystem:1.61,MapEntityLifecycleObserverSystem:0.62,4.35,PresenterEntityTransformSyncSystem:1.20,PresenterEmitSystem:0.62,AnimatorRuntimeSystem:0.60,0.22,0,150,150,0,0,0.60,1.20,0.23,10009/0,0.00,0/0,0.41,10009,0.00,0.00/0.00/0.00/0.00,0.00/0.00/0.00,0.00/0.00/0.00/0.00/0.00/0.00,0.00/0.00/0.00/0.00/0.00,0.22,0.04,0.00,0.17,0.22,0.00,0.02,126,2,0,0.07,0.01,4/0,0.00,0,0,0,0,0.05,0.00,0.00,0.00,0,0.00,0.00,0,0,0/0,0.00,0,0,0.00,0,0,0.00,0,0,0.16,0.00,0,2,0,0.16,0.00,0.00,0.00,0.00,0.00,0.62,0.00,0,0.27,298,0,298/0/0,0.10,0.00,126,1,1,0,0,0,2026-09-09T18:28:56.4203829Z
3.80ms,263.5,0,63,30009,"mass_navigation_agent_health_text_light:8568,mass_navigation_agent_health_hud_light:8568,mass_navigation_agent_azure_light:2142,mass_navigation_agent_crimson_light:2142,mass_navigation_agent_amber_light:2142,mass_navigation_agent_emerald_light:2142,mass_navigation_agent_health_text_heavy:1432,mass_navigation_agent_health_hud_heavy:1432",0,0,63,63/6,0.01,0.03,0.00,0.00,0.02,3.35,0.03,0.00,0.17,EffectProcessingLoopSystem:0.17,:0.00,:0.00,3.12,PresenterEntityTransformSyncSystem:0.87,AnimatorRuntimeSystem:0.56,TerrainHeightSyncSystem:0.42,0.00,0,0,0,0,0,0.56,0.87,0.23,10009/0,0.00,0/0,0.42,10009,0.00,0.00/0.00/0.00/0.00,0.00/0.00/0.00,0.00/0.00/0.00/0.00/0.00/0.00,0.00/0.00/0.00/0.00/0.00,0.17,0.03,0.00,0.13,0.17,0.00,0.02,126,2,0,0.06,0.01,4/0,0.00,0,0,0,0,0.04,0.00,0.00,0.00,0,0.00,0.00,0,0,0/0,0.00,0,0,0.00,0,0,0.00,0,0,0.11,0.00,0,2,0,0.11,0.00,0.00,0.00,0.00,0.00,0.31,0.00,0,0.00,0,0,0/0/0,0.08,0.00,126,1,1,0,0,0,2026-09-09T18:28:56.9175038Z
4.04ms,247.4,0,63,30009,"mass_navigation_agent_health_text_light:8568,mass_navigation_agent_health_hud_light:8568,mass_navigation_agent_azure_light:2142,mass_navigation_agent_crimson_light:2142,mass_navigation_agent_amber_light:2142,mass_navigation_agent_emerald_light:2142,mass_navigation_agent_health_text_heavy:1432,mass_navigation_agent_health_hud_heavy:1432",0,0,63,63/6,0.01,0.04,0.00,0.00,0.02,3.42,0.04,0.00,0.18,EffectProcessingLoopSystem:0.17,:0.00,:0.00,3.20,PresenterEntityTransformSyncSystem:0.86,AnimatorRuntimeSystem:0.61,PresenterEmitSystem:0.47,0.00,0,0,0,0,0,0.61,0.86,0.20,10009/0,0.00,0/0,0.36,10009,0.00,0.00/0.00/0.00/0.00,0.00/0.00/0.00,0.00/0.00/0.00/0.00/0.00/0.00,0.00/0.00/0.00/0.00/0.00,0.17,0.03,0.00,0.14,0.17,0.00,0.03,126,2,0,0.08,0.01,4/0,0.00,0,0,0,0,0.05,0.00,0.00,0.00,0,0.00,0.00,0,0,0/0,0.00,0,0,0.00,0,0,0.00,0,0,0.15,0.00,0,2,0,0.14,0.00,0.00,0.00,0.00,0.00,0.47,0.00,0,0.00,0,0,0/0/0,0.13,0.00,126,1,1,0,0,0,2026-09-09T18:28:57.3900393Z
3.86ms,259.2,0,63,30009,"mass_navigation_agent_health_text_light:8568,mass_navigation_agent_health_hud_light:8568,mass_navigation_agent_azure_light:2142,mass_navigation_agent_crimson_light:2142,mass_navigation_agent_amber_light:2142,mass_navigation_agent_emerald_light:2142,mass_navigation_agent_health_text_heavy:1432,mass_navigation_agent_health_hud_heavy:1432",0,0,63,63/6,0.01,0.04,0.00,0.00,0.02,3.39,0.02,0.00,0.17,EffectProcessingLoopSystem:0.17,:0.00,:0.00,3.16,PresenterEntityTransformSyncSystem:0.88,AnimatorRuntimeSystem:0.61,TerrainHeightSyncSystem:0.38,0.00,0,0,0,0,0,0.61,0.88,0.20,10009/0,0.00,0/0,0.38,10009,0.00,0.00/0.00/0.00/0.00,0.00/0.00/0.00,0.00/0.00/0.00/0.00/0.00/0.00,0.00/0.00/0.00/0.00/0.00,0.18,0.03,0.00,0.15,0.18,0.00,0.02,126,2,0,0.07,0.01,4/0,0.00,0,0,0,0,0.05,0.00,0.00,0.00,0,0.00,0.00,0,0,0/0,0.00,0,0,0.00,0,0,0.00,0,0,0.10,0.00,0,2,0,0.10,0.00,0.00,0.00,0.00,0.00,0.34,0.00,0,0.00,0,0,0/0/0,0.10,0.00,126,1,1,0,0,0,2026-09-09T18:28:57.8604326Z
18.20ms,55.0,0,63,30009,"mass_navigation_agent_health_text_light:8568,mass_navigation_agent_health_hud_light:8568,mass_navigation_agent_azure_light:2142,mass_navigation_agent_crimson_light:2142,mass_navigation_agent_amber_light:2142,mass_navigation_agent_emerald_light:2142,mass_navigation_agent_health_text_heavy:1432,mass_navigation_agent_health_hud_heavy:1432",0,0,63,63/6,0.01,0.03,0.00,0.00,0.02,17.50,0.05,0.00,13.05,MassNavigationSimulationStepSystem:8.12,EffectProcessingLoopSystem:1.61,AttributeAggregatorSystem:0.62,4.40,PresenterEntityTransformSyncSystem:1.17,PresenterEmitSystem:0.75,AnimatorRuntimeSystem:0.55,0.18,0,156,156,0,0,0.55,1.16,0.20,10009/0,0.00,0/0,0.51,10009,0.00,0.00/0.00/0.00/0.00,0.00/0.00/0.00,0.00/0.00/0.00/0.00/0.00/0.00,0.00/0.00/0.00/0.00/0.00,0.20,0.04,0.00,0.15,0.20,0.00,0.03,126,2,0,0.07,0.01,4/0,0.00,0,0,0,0,0.05,0.00,0.00,0.00,0,0.00,0.00,0,0,0/0,0.00,0,0,0.00,0,0,0.00,0,0,0.18,0.00,0,2,0,0.18,0.00,0.00,0.00,0.00,0.00,0.75,0.00,0,0.29,310,0,310/0/0,0.14,0.00,126,1,1,0,0,0,2026-09-09T18:28:58.3546454Z
4.04ms,247.6,0,63,30009,"mass_navigation_agent_health_text_light:8568,mass_navigation_agent_health_hud_light:8568,mass_navigation_agent_azure_light:2142,mass_navigation_agent_crimson_light:2142,mass_navigation_agent_amber_light:2142,mass_navigation_agent_emerald_light:2142,mass_navigation_agent_health_text_heavy:1432,mass_navigation_agent_health_hud_heavy:1432",0,0,63,63/6,0.01,0.04,0.00,0.00,0.02,3.52,0.03,0.00,0.18,EffectProcessingLoopSystem:0.18,:0.00,:0.00,3.28,PresenterEntityTransformSyncSystem:0.88,AnimatorRuntimeSystem:0.58,TerrainHeightSyncSystem:0.49,0.01,0,0,0,0,0,0.58,0.88,0.22,10009/0,0.00,0/0,0.49,10009,0.00,0.00/0.00/0.00/0.00,0.00/0.00/0.00,0.00/0.00/0.00/0.00/0.00/0.00,0.00/0.00/0.00/0.00/0.00,0.18,0.03,0.00,0.14,0.18,0.00,0.02,126,2,0,0.08,0.01,4/0,0.00,0,0,0,0,0.05,0.00,0.00,0.00,0,0.00,0.00,0,0,0/0,0.00,0,0,0.00,0,0,0.00,0,0,0.12,0.00,0,2,0,0.12,0.00,0.00,0.00,0.00,0.00,0.40,0.00,0,0.00,0,0,0/0/0,0.10,0.00,126,1,1,0,0,0,2026-09-09T18:28:58.8187528Z
8.98ms,111.4,0,63,30009,"mass_navigation_agent_health_text_light:8568,mass_navigation_agent_health_hud_light:8568,mass_navigation_agent_azure_light:2142,mass_navigation_agent_crimson_light:2142,mass_navigation_agent_amber_light:2142,mass_navigation_agent_emerald_light:2142,mass_navigation_agent_health_text_heavy:1432,mass_navigation_agent_health_hud_heavy:1432",0,0,63,63/6,0.01,0.03,0.00,0.00,0.01,8.47,0.03,0.00,4.27,EffectProcessingLoopSystem:1.90,MapEntityLifecycleObserverSystem:0.66,AttributeAggregatorSystem:0.60,4.16,PresenterEntityTransformSyncSystem:1.09,PresenterEmitSystem:0.73,AnimatorRuntimeSystem:0.55,0.23,0,162,162,0,0,0.55,1.09,0.20,10009/0,0.00,0/0,0.41,10009,0.00,0.00/0.00/0.00/0.00,0.00/0.00/0.00,0.00/0.00/0.00/0.00/0.00/0.00,0.00/0.00/0.00/0.00/0.00,0.21,0.04,0.00,0.16,0.21,0.00,0.02,126,2,0,0.07,0.01,4/0,0.00,0,0,0,0,0.04,0.00,0.00,0.00,0,0.00,0.00,0,0,0/0,0.00,0,0,0.00,0,0,0.00,0,0,0.13,0.00,0,2,0,0.13,0.00,0.00,0.00,0.00,0.00,0.73,0.00,0,0.31,322,0,322/0/0,0.10,0.00,126,1,1,0,0,0,2026-09-09T18:28:59.2679349Z
3.76ms,266.1,0,63,30009,"mass_navigation_agent_health_text_light:8568,mass_navigation_agent_health_hud_light:8568,mass_navigation_agent_azure_light:2142,mass_navigation_agent_crimson_light:2142,mass_navigation_agent_amber_light:2142,mass_navigation_agent_emerald_light:2142,mass_navigation_agent_health_text_heavy:1432,mass_navigation_agent_health_hud_heavy:1432",0,0,63,63/6,0.01,0.03,0.00,0.00,0.01,3.32,0.02,0.00,0.21,EffectProcessingLoopSystem:0.21,:0.00,:0.00,3.06,PresenterEntityTransformSyncSystem:0.75,AnimatorRuntimeSystem:0.64,TerrainHeightSyncSystem:0.38,0.00,0,0,0,0,0,0.64,0.75,0.24,10009/0,0.00,0/0,0.38,10009,0.00,0.00/0.00/0.00/0.00,0.00/0.00/0.00,0.00/0.00/0.00/0.00/0.00/0.00,0.00/0.00/0.00/0.00/0.00,0.18,0.03,0.00,0.14,0.18,0.00,0.02,126,2,0,0.07,0.01,4/0,0.00,0,0,0,0,0.05,0.00,0.00,0.00,0,0.00,0.00,0,0,0/0,0.00,0,0,0.00,0,0,0.00,0,0,0.09,0.00,0,2,0,0.09,0.00,0.00,0.00,0.00,0.00,0.36,0.00,0,0.00,0,0,0/0/0,0.08,0.00,126,1,1,0,0,0,2026-09-09T18:28:59.7394086Z
3.46ms,289.0,0,63,30009,"mass_navigation_agent_health_text_light:8568,mass_navigation_agent_health_hud_light:8568,mass_navigation_agent_azure_light:2142,mass_navigation_agent_crimson_light:2142,mass_navigation_agent_amber_light:2142,mass_navigation_agent_emerald_light:2142,mass_navigation_agent_health_text_heavy:1432,mass_navigation_agent_health_hud_heavy:1432",0,0,63,63/6,0.01,0.03,0.00,0.00,0.01,3.09,0.02,0.00,0.17,EffectProcessingLoopSystem:0.17,:0.00,:0.00,2.87,PresenterEntityTransformSyncSystem:0.74,AnimatorRuntimeSystem:0.56,TerrainHeightSyncSystem:0.35,0.00,0,0,0,0,0,0.56,0.74,0.19,10009/0,0.00,0/0,0.34,10009,0.00,0.00/0.00/0.00/0.00,0.00/0.00/0.00,0.00/0.00/0.00/0.00/0.00/0.00,0.00/0.00/0.00/0.00/0.00,0.20,0.03,0.00,0.16,0.20,0.00,0.01,126,2,0,0.06,0.01,4/0,0.00,0,0,0,0,0.04,0.00,0.00,0.00,0,0.00,0.00,0,0,0/0,0.00,0,0,0.00,0,0,0.00,0,0,0.08,0.00,0,2,0,0.08,0.00,0.00,0.00,0.00,0.00,0.33,0.00,0,0.00,0,0,0/0/0,0.08,0.00,126,1,1,0,0,0,2026-09-09T18:29:00.2121300Z
18.97ms,52.7,0,63,30009,"mass_navigation_agent_health_text_light:8568,mass_navigation_agent_health_hud_light:8568,mass_navigation_agent_azure_light:2142,mass_navigation_agent_crimson_light:2142,mass_navigation_agent_amber_light:2142,mass_navigation_agent_emerald_light:2142,mass_navigation_agent_health_text_heavy:1432,mass_navigation_agent_health_hud_heavy:1432",0,0,63,63/6,0.01,0.04,0.00,0.00,0.02,18.16,0.05,0.00,13.65,MassNavigationSimulationStepSystem:8.56,EffectProcessingLoopSystem:1.61,MapEntityLifecycleObserverSystem:0.59,4.44,PresenterEntityTransformSyncSystem:1.27,PresenterEmitSystem:0.61,AnimatorRuntimeSystem:0.58,0.18,0,153,153,0,0,0.58,1.26,0.21,10009/0,0.00,0/0,0.38,10009,0.00,0.00/0.00/0.00/0.00,0.00/0.00/0.00,0.00/0.00/0.00/0.00/0.00/0.00,0.00/0.00/0.00/0.00/0.00,0.21,0.04,0.00,0.16,0.21,0.00,0.03,126,2,0,0.09,0.02,4/0,0.00,0,0,0,0,0.06,0.00,0.00,0.00,0,0.00,0.00,0,0,0/0,0.00,0,0,0.00,0,0,0.00,0,0,0.22,0.00,0,2,0,0.22,0.00,0.00,0.00,0.00,0.00,0.61,0.00,0,0.27,304,0,304/0/0,0.16,0.00,126,1,1,0,0,0,2026-09-09T18:29:00.6811868Z
3.99ms,250.5,0,63,30009,"mass_navigation_agent_health_text_light:8568,mass_navigation_agent_health_hud_light:8568,mass_navigation_agent_azure_light:2142,mass_navigation_agent_crimson_light:2142,mass_navigation_agent_amber_light:2142,mass_navigation_agent_emerald_light:2142,mass_navigation_agent_health_text_heavy:1432,mass_navigation_agent_health_hud_heavy:1432",0,0,63,63/6,0.01,0.05,0.00,0.00,0.02,3.40,0.03,0.00,0.17,EffectProcessingLoopSystem:0.17,:0.00,:0.00,3.18,PresenterEntityTransformSyncSystem:0.87,AnimatorRuntimeSystem:0.56,PresenterEmitSystem:0.50,0.00,0,0,0,0,0,0.56,0.87,0.20,10009/0,0.00,0/0,0.36,10009,0.00,0.00/0.00/0.00/0.00,0.00/0.00/0.00,0.00/0.00/0.00/0.00/0.00/0.00,0.00/0.00/0.00/0.00/0.00,0.16,0.03,0.00,0.13,0.16,0.00,0.02,126,2,0,0.10,0.01,4/0,0.00,0,0,0,0,0.07,0.00,0.00,0.00,0,0.00,0.00,0,0,0/0,0.00,0,0,0.00,0,0,0.00,0,0,0.14,0.00,0,2,0,0.13,0.00,0.00,0.00,0.00,0.00,0.50,0.00,0,0.00,0,0,0/0/0,0.11,0.00,126,1,1,0,0,0,2026-09-09T18:29:01.1558309Z
9.62ms,103.9,0,63,30009,"mass_navigation_agent_health_text_light:8568,mass_navigation_agent_health_hud_light:8568,mass_navigation_agent_azure_light:2142,mass_navigation_agent_crimson_light:2142,mass_navigation_agent_amber_light:2142,mass_navigation_agent_emerald_light:2142,mass_navigation_agent_health_text_heavy:1432,mass_navigation_agent_health_hud_heavy:1432",0,0,63,63/6,0.01,0.04,0.00,0.00,0.01,8.97,0.04,0.00,4.95,EffectProcessingLoopSystem:1.79,MapEntityLifecycleObserverSystem:0.61,MassNavigationAuthoredAgentBindingSystem:0.48,3.97,PresenterEntityTransformSyncSystem:0.95,PresenterEmitSystem:0.69,AnimatorRuntimeSystem:0.57,0.20,0,182,182,0,0,0.57,0.95,0.21,10009/0,0.00,0/0,0.38,10009,0.00,0.00/0.00/0.00/0.00,0.00/0.00/0.00,0.00/0.00/0.00/0.00/0.00/0.00,0.00/0.00/0.00/0.00/0.00,0.19,0.03,0.00,0.14,0.18,0.00,0.02,126,2,0,0.08,0.01,4/0,0.00,0,0,0,0,0.05,0.00,0.00,0.00,0,0.00,0.00,0,0,0/0,0.00,0,0,0.00,0,0,0.00,0,0,0.18,0.00,0,2,0,0.18,0.00,0.00,0.00,0.00,0.00,0.69,0.00,0,0.32,362,0,362/0/0,0.14,0.00,126,1,1,0,0,0,2026-09-09T18:29:01.6208992Z
3.85ms,259.5,0,63,30009,"mass_navigation_agent_health_text_light:8568,mass_navigation_agent_health_hud_light:8568,mass_navigation_agent_azure_light:2142,mass_navigation_agent_crimson_light:2142,mass_navigation_agent_amber_light:2142,mass_navigation_agent_emerald_light:2142,mass_navigation_agent_health_text_heavy:1432,mass_navigation_agent_health_hud_heavy:1432",0,0,63,63/6,0.01,0.04,0.00,0.00,0.01,3.44,0.02,0.00,0.19,EffectProcessingLoopSystem:0.19,:0.00,:0.00,3.20,PresenterEntityTransformSyncSystem:0.81,AnimatorRuntimeSystem:0.65,TerrainHeightSyncSystem:0.37,0.00,0,0,0,0,0,0.65,0.81,0.21,10009/0,0.00,0/0,0.37,10009,0.00,0.00/0.00/0.00/0.00,0.00/0.00/0.00,0.00/0.00/0.00/0.00/0.00/0.00,0.00/0.00/0.00/0.00/0.00,0.25,0.05,0.00,0.20,0.25,0.00,0.02,126,2,0,0.07,0.01,4/0,0.00,0,0,0,0,0.05,0.00,0.00,0.00,0,0.00,0.00,0,0,0/0,0.00,0,0,0.00,0,0,0.00,0,0,0.09,0.00,0,2,0,0.09,0.00,0.00,0.00,0.00,0.00,0.37,0.00,0,0.00,0,0,0/0/0,0.08,0.00,126,1,1,0,0,0,2026-09-09T18:29:02.0926520Z
11.13ms,89.9,0,63,30009,"mass_navigation_agent_health_text_light:8568,mass_navigation_agent_health_hud_light:8568,mass_navigation_agent_azure_light:2142,mass_navigation_agent_crimson_light:2142,mass_navigation_agent_amber_light:2142,mass_navigation_agent_emerald_light:2142,mass_navigation_agent_health_text_heavy:1432,mass_navigation_agent_health_hud_heavy:1432",0,0,63,63/6,0.01,0.04,0.00,0.00,0.01,10.51,0.04,0.00,6.35,EffectProcessingLoopSystem:1.71,MassNavigationSimulationStepSystem:1.37,MapEntityLifecycleObserverSystem:0.61,4.11,PresenterEntityTransformSyncSystem:1.06,PresenterEmitSystem:0.64,AnimatorRuntimeSystem:0.58,0.22,0,157,157,0,0,0.58,1.06,0.21,10009/0,0.00,0/0,0.42,10009,0.00,0.00/0.00/0.00/0.00,0.00/0.00/0.00,0.00/0.00/0.00/0.00/0.00/0.00,0.00/0.00/0.00/0.00/0.00,0.21,0.03,0.00,0.17,0.21,0.00,0.02,126,2,0,0.08,0.01,4/0,0.00,0,0,0,0,0.06,0.00,0.00,0.00,0,0.00,0.00,0,0,0/0,0.00,0,0,0.00,0,0,0.00,0,0,0.16,0.00,0,2,0,0.16,0.00,0.00,0.00,0.00,0.00,0.64,0.00,0,0.28,312,0,312/0/0,0.11,0.00,126,1,1,0,0,0,2026-09-09T18:29:02.5711891Z
3.53ms,283.1,0,63,30009,"mass_navigation_agent_health_text_light:8568,mass_navigation_agent_health_hud_light:8568,mass_navigation_agent_azure_light:2142,mass_navigation_agent_crimson_light:2142,mass_navigation_agent_amber_light:2142,mass_navigation_agent_emerald_light:2142,mass_navigation_agent_health_text_heavy:1432,mass_navigation_agent_health_hud_heavy:1432",0,0,63,63/6,0.01,0.03,0.00,0.00,0.02,3.13,0.02,0.00,0.17,EffectProcessingLoopSystem:0.17,:0.00,:0.00,2.91,PresenterEntityTransformSyncSystem:0.78,AnimatorRuntimeSystem:0.62,TerrainHeightSyncSystem:0.34,0.00,0,0,0,0,0,0.62,0.78,0.19,10009/0,0.00,0/0,0.34,10009,0.00,0.00/0.00/0.00/0.00,0.00/0.00/0.00,0.00/0.00/0.00/0.00/0.00/0.00,0.00/0.00/0.00/0.00/0.00,0.17,0.03,0.00,0.13,0.17,0.00,0.01,126,2,0,0.06,0.01,4/0,0.00,0,0,0,0,0.04,0.00,0.00,0.00,0,0.00,0.00,0,0,0/0,0.00,0,0,0.00,0,0,0.00,0,0,0.09,0.00,0,2,0,0.09,0.00,0.00,0.00,0.00,0.00,0.31,0.00,0,0.00,0,0,0/0/0,0.07,0.00,126,1,1,0,0,0,2026-09-09T18:29:03.0257408Z
3.69ms,271.3,0,63,30009,"mass_navigation_agent_health_text_light:8568,mass_navigation_agent_health_hud_light:8568,mass_navigation_agent_azure_light:2142,mass_navigation_agent_crimson_light:2142,mass_navigation_agent_amber_light:2142,mass_navigation_agent_emerald_light:2142,mass_navigation_agent_health_text_heavy:1432,mass_navigation_agent_health_hud_heavy:1432",0,0,63,63/6,0.01,0.03,0.00,0.00,0.01,3.24,0.02,0.00,0.20,EffectProcessingLoopSystem:0.20,:0.00,:0.00,2.99,PresenterEntityTransformSyncSystem:0.79,AnimatorRuntimeSystem:0.60,TerrainHeightSyncSystem:0.36,0.00,0,0,0,0,0,0.60,0.79,0.20,10009/0,0.00,0/0,0.36,10009,0.00,0.00/0.00/0.00/0.00,0.00/0.00/0.00,0.00/0.00/0.00/0.00/0.00/0.00,0.00/0.00/0.00/0.00/0.00,0.22,0.03,0.00,0.18,0.22,0.00,0.02,126,2,0,0.07,0.01,4/0,0.00,0,0,0,0,0.05,0.00,0.00,0.00,0,0.00,0.00,0,0,0/0,0.00,0,0,0.00,0,0,0.00,0,0,0.10,0.00,0,2,0,0.10,0.00,0.00,0.00,0.00,0.00,0.33,0.00,0,0.00,0,0,0/0/0,0.10,0.00,126,1,1,0,0,0,2026-09-09T18:29:03.4866827Z
3.91ms,256.0,0,63,30009,"mass_navigation_agent_health_text_light:8568,mass_navigation_agent_health_hud_light:8568,mass_navigation_agent_azure_light:2142,mass_navigation_agent_crimson_light:2142,mass_navigation_agent_amber_light:2142,mass_navigation_agent_emerald_light:2142,mass_navigation_agent_health_text_heavy:1432,mass_navigation_agent_health_hud_heavy:1432",0,0,63,63/6,0.01,0.03,0.00,0.00,0.02,3.42,0.03,0.00,0.20,EffectProcessingLoopSystem:0.19,:0.00,:0.00,3.15,PresenterEntityTransformSyncSystem:0.84,AnimatorRuntimeSystem:0.58,PresenterEmitSystem:0.45,0.00,0,0,0,0,0,0.58,0.84,0.21,10009/0,0.00,0/0,0.36,10009,0.00,0.00/0.00/0.00/0.00,0.00/0.00/0.00,0.00/0.00/0.00/0.00/0.00/0.00,0.00/0.00/0.00/0.00/0.00,0.17,0.03,0.00,0.14,0.17,0.00,0.02,126,2,0,0.07,0.01,4/0,0.00,0,0,0,0,0.05,0.00,0.00,0.00,0,0.00,0.00,0,0,0/0,0.00,0,0,0.00,0,0,0.00,0,0,0.11,0.00,0,2,0,0.11,0.00,0.00,0.00,0.00,0.00,0.44,0.00,0,0.00,0,0,0/0/0,0.08,0.00,126,1,1,0,0,0,2026-09-09T18:29:03.9600208Z
19.54ms,51.2,0,63,30009,"mass_navigation_agent_health_text_light:8568,mass_navigation_agent_health_hud_light:8568,mass_navigation_agent_azure_light:2142,mass_navigation_agent_crimson_light:2142,mass_navigation_agent_amber_light:2142,mass_navigation_agent_emerald_light:2142,mass_navigation_agent_health_text_heavy:1432,mass_navigation_agent_health_hud_heavy:1432",0,0,63,63/6,0.01,0.04,0.00,0.00,0.01,18.49,0.05,0.00,13.87,MassNavigationSimulationStepSystem:8.82,EffectProcessingLoopSystem:1.63,MapEntityLifecycleObserverSystem:0.59,4.58,PresenterEntityTransformSyncSystem:1.28,PresenterEmitSystem:0.67,AnimatorRuntimeSystem:0.58,0.19,0,165,165,0,0,0.58,1.28,0.24,10009/0,0.00,0/0,0.46,10009,0.00,0.00/0.00/0.00/0.00,0.00/0.00/0.00,0.00/0.00/0.00/0.00/0.00/0.00,0.00/0.00/0.00/0.00/0.00,0.24,0.04,0.00,0.19,0.24,0.00,0.03,126,2,0,0.09,0.01,4/0,0.00,0,0,0,0,0.06,0.00,0.00,0.00,0,0.00,0.00,0,0,0/0,0.00,0,0,0.00,0,0,0.00,0,0,0.20,0.00,0,2,0,0.20,0.00,0.00,0.00,0.00,0.00,0.67,0.00,0,0.31,328,0,328/0/0,0.43,0.00,126,1,1,0,0,0,2026-09-09T18:29:04.4374224Z
4.41ms,226.7,0,63,30009,"mass_navigation_agent_health_text_light:8568,mass_navigation_agent_health_hud_light:8568,mass_navigation_agent_azure_light:2142,mass_navigation_agent_crimson_light:2142,mass_navigation_agent_amber_light:2142,mass_navigation_agent_emerald_light:2142,mass_navigation_agent_health_text_heavy:1432,mass_navigation_agent_health_hud_heavy:1432",0,0,63,63/6,0.01,0.04,0.00,0.00,0.01,3.87,0.03,0.00,0.97,EffectProcessingLoopSystem:0.23,OrderBufferSystem:0.14,SpatialPartitionUpdateSystem:0.13,2.86,PresenterEntityTransformSyncSystem:0.79,AnimatorRuntimeSystem:0.54,PresenterEmitSystem:0.37,0.00,0,0,0,0,0,0.54,0.79,0.21,10009/0,0.00,0/0,0.32,10009,0.00,0.00/0.00/0.00/0.00,0.00/0.00/0.00,0.00/0.00/0.00/0.00/0.00/0.00,0.00/0.00/0.00/0.00/0.00,0.15,0.02,0.00,0.12,0.15,0.00,0.02,126,2,0,0.08,0.01,4/0,0.00,0,0,0,0,0.05,0.00,0.00,0.00,0,0.00,0.00,0,0,0/0,0.00,0,0,0.00,0,0,0.00,0,0,0.14,0.00,0,2,0,0.14,0.00,0.00,0.00,0.00,0.00,0.37,0.00,0,0.00,0,0,0/0/0,0.10,0.00,126,1,1,0,0,0,2026-09-09T18:29:04.9055277Z
3.58ms,279.2,0,63,30009,"mass_navigation_agent_health_text_light:8568,mass_navigation_agent_health_hud_light:8568,mass_navigation_agent_azure_light:2142,mass_navigation_agent_crimson_light:2142,mass_navigation_agent_amber_light:2142,mass_navigation_agent_emerald_light:2142,mass_navigation_agent_health_text_heavy:1432,mass_navigation_agent_health_hud_heavy:1432",0,0,63,63/6,0.01,0.03,0.00,0.00,0.01,3.22,0.02,0.00,0.00,:0.00,:0.00,:0.00,3.18,PresenterEntityTransformSyncSystem:0.95,AnimatorRuntimeSystem:0.65,TerrainHeightSyncSystem:0.39,0.00,0,0,0,0,0,0.65,0.95,0.19,10009/0,0.00,0/0,0.39,10009,0.00,0.00/0.00/0.00/0.00,0.00/0.00/0.00,0.00/0.00/0.00/0.00/0.00/0.00,0.00/0.00/0.00/0.00/0.00,0.17,0.02,0.00,0.14,0.17,0.00,0.01,126,2,0,0.07,0.01,4/0,0.00,0,0,0,0,0.05,0.00,0.00,0.00,0,0.00,0.00,0,0,0/0,0.00,0,0,0.00,0,0,0.00,0,0,0.07,0.00,0,2,0,0.07,0.00,0.00,0.00,0.00,0.00,0.31,0.00,0,0.00,0,0,0/0/0,0.07,0.00,126,1,1,0,0,0,2026-09-09T18:29:05.2908784Z
3.59ms,278.9,0,63,30009,"mass_navigation_agent_health_text_light:8568,mass_navigation_agent_health_hud_light:8568,mass_navigation_agent_azure_light:2142,mass_navigation_agent_crimson_light:2142,mass_navigation_agent_amber_light:2142,mass_navigation_agent_emerald_light:2142,mass_navigation_agent_health_text_heavy:1432,mass_navigation_agent_health_hud_heavy:1432",0,0,63,63/6,0.01,0.03,0.00,0.00,0.01,3.21,0.02,0.00,0.00,:0.00,:0.00,:0.00,3.16,PresenterEntityTransformSyncSystem:0.85,AnimatorRuntimeSystem:0.63,TerrainHeightSyncSystem:0.40,0.00,0,0,0,0,0,0.63,0.85,0.23,10009/0,0.00,0/0,0.40,10009,0.00,0.00/0.00/0.00/0.00,0.00/0.00/0.00,0.00/0.00/0.00/0.00/0.00/0.00,0.00/0.00/0.00/0.00/0.00,0.18,0.03,0.00,0.15,0.18,0.00,0.01,126,2,0,0.07,0.01,4/0,0.00,0,0,0,0,0.05,0.00,0.00,0.00,0,0.00,0.00,0,0,0/0,0.00,0,0,0.00,0,0,0.00,0,0,0.08,0.00,0,2,0,0.07,0.00,0.00,0.00,0.00,0.00,0.35,0.00,0,0.00,0,0,0/0/0,0.08,0.00,126,1,1,0,0,0,2026-09-09T18:29:05.5713481Z
3.78ms,264.4,0,63,30009,"mass_navigation_agent_health_text_light:8568,mass_navigation_agent_health_hud_light:8568,mass_navigation_agent_azure_light:2142,mass_navigation_agent_crimson_light:2142,mass_navigation_agent_amber_light:2142,mass_navigation_agent_emerald_light:2142,mass_navigation_agent_health_text_heavy:1432,mass_navigation_agent_health_hud_heavy:1432",0,0,63,63/6,0.01,0.03,0.00,0.00,0.01,3.33,0.02,0.00,0.21,EffectProcessingLoopSystem:0.21,:0.00,:0.00,3.07,PresenterEntityTransformSyncSystem:0.82,AnimatorRuntimeSystem:0.70,TerrainHeightSyncSystem:0.36,0.00,0,0,0,0,0,0.70,0.82,0.20,10009/0,0.00,0/0,0.36,10009,0.00,0.00/0.00/0.00/0.00,0.00/0.00/0.00,0.00/0.00/0.00/0.00/0.00/0.00,0.00/0.00/0.00/0.00/0.00,0.22,0.02,0.00,0.19,0.22,0.00,0.01,126,2,0,0.06,0.01,4/0,0.00,0,0,0,0,0.05,0.00,0.00,0.00,0,0.00,0.00,0,0,0/0,0.00,0,0,0.00,0,0,0.00,0,0,0.12,0.00,0,2,0,0.12,0.00,0.00,0.00,0.00,0.00,0.30,0.00,0,0.00,0,0,0/0/0,0.09,0.00,126,1,1,0,0,0,2026-09-09T18:29:05.8510171Z
3.55ms,281.5,0,63,30009,"mass_navigation_agent_health_text_light:8568,mass_navigation_agent_health_hud_light:8568,mass_navigation_agent_azure_light:2142,mass_navigation_agent_crimson_light:2142,mass_navigation_agent_amber_light:2142,mass_navigation_agent_emerald_light:2142,mass_navigation_agent_health_text_heavy:1432,mass_navigation_agent_health_hud_heavy:1432",0,0,63,63/6,0.01,0.03,0.00,0.00,0.01,3.15,0.02,0.00,0.00,:0.00,:0.00,:0.00,3.11,PresenterEntityTransformSyncSystem:0.78,AnimatorRuntimeSystem:0.63,TerrainHeightSyncSystem:0.44,0.00,0,0,0,0,0,0.63,0.78,0.21,10009/0,0.00,0/0,0.44,10009,0.00,0.00/0.00/0.00/0.00,0.00/0.00/0.00,0.00/0.00/0.00/0.00/0.00/0.00,0.00/0.00/0.00/0.00/0.00,0.25,0.02,0.00,0.22,0.25,0.00,0.01,126,2,0,0.07,0.01,4/0,0.00,0,0,0,0,0.05,0.00,0.00,0.00,0,0.00,0.00,0,0,0/0,0.00,0,0,0.00,0,0,0.00,0,0,0.07,0.00,0,2,0,0.07,0.00,0.00,0.00,0.00,0.00,0.30,0.00,0,0.00,0,0,0/0/0,0.11,0.00,126,1,1,0,0,0,2026-09-09T18:29:06.1371728Z
3.36ms,297.4,0,63,30009,"mass_navigation_agent_health_text_light:8568,mass_navigation_agent_health_hud_light:8568,mass_navigation_agent_azure_light:2142,mass_navigation_agent_crimson_light:2142,mass_navigation_agent_amber_light:2142,mass_navigation_agent_emerald_light:2142,mass_navigation_agent_health_text_heavy:1432,mass_navigation_agent_health_hud_heavy:1432",0,0,63,63/6,0.01,0.03,0.00,0.00,0.01,2.95,0.02,0.00,0.00,:0.00,:0.00,:0.00,2.91,PresenterEntityTransformSyncSystem:0.89,AnimatorRuntimeSystem:0.56,TerrainHeightSyncSystem:0.35,0.00,0,0,0,0,0,0.56,0.89,0.16,10009/0,0.00,0/0,0.34,10009,0.00,0.00/0.00/0.00/0.00,0.00/0.00/0.00,0.00/0.00/0.00/0.00/0.00/0.00,0.00/0.00/0.00/0.00/0.00,0.15,0.03,0.00,0.12,0.15,0.00,0.01,126,2,0,0.06,0.01,4/0,0.00,0,0,0,0,0.04,0.00,0.00,0.00,0,0.00,0.00,0,0,0/0,0.00,0,0,0.00,0,0,0.00,0,0,0.09,0.00,0,2,0,0.09,0.00,0.00,0.00,0.00,0.00,0.33,0.00,0,0.00,0,0,0/0/0,0.08,0.00,126,1,1,0,0,0,2026-09-09T18:29:06.4286003Z
3.69ms,270.7,0,63,30009,"mass_navigation_agent_health_text_light:8568,mass_navigation_agent_health_hud_light:8568,mass_navigation_agent_azure_light:2142,mass_navigation_agent_crimson_light:2142,mass_navigation_agent_amber_light:2142,mass_navigation_agent_emerald_light:2142,mass_navigation_agent_health_text_heavy:1432,mass_navigation_agent_health_hud_heavy:1432",0,0,63,63/6,0.01,0.03,0.00,0.00,0.01,3.27,0.02,0.00,0.19,EffectProcessingLoopSystem:0.18,:0.00,:0.00,3.04,PresenterEntityTransformSyncSystem:0.82,AnimatorRuntimeSystem:0.68,TerrainHeightSyncSystem:0.35,0.00,0,0,0,0,0,0.68,0.82,0.20,10009/0,0.00,0/0,0.35,10009,0.00,0.00/0.00/0.00/0.00,0.00/0.00/0.00,0.00/0.00/0.00/0.00/0.00/0.00,0.00/0.00/0.00/0.00/0.00,0.16,0.02,0.00,0.13,0.16,0.00,0.01,126,2,0,0.06,0.01,4/0,0.00,0,0,0,0,0.05,0.00,0.00,0.00,0,0.00,0.00,0,0,0/0,0.00,0,0,0.00,0,0,0.00,0,0,0.09,0.00,0,2,0,0.09,0.00,0.00,0.00,0.00,0.00,0.35,0.00,0,0.00,0,0,0/0/0,0.09,0.00,126,1,1,0,0,0,2026-09-09T18:29:06.6997873Z
3.65ms,274.3,0,63,30009,"mass_navigation_agent_health_text_light:8568,mass_navigation_agent_health_hud_light:8568,mass_navigation_agent_azure_light:2142,mass_navigation_agent_crimson_light:2142,mass_navigation_agent_amber_light:2142,mass_navigation_agent_emerald_light:2142,mass_navigation_agent_health_text_heavy:1432,mass_navigation_agent_health_hud_heavy:1432",0,0,63,63/6,0.01,0.03,0.00,0.00,0.01,3.25,0.02,0.00,0.00,:0.00,:0.00,:0.00,3.21,PresenterEntityTransformSyncSystem:0.85,AnimatorRuntimeSystem:0.73,TerrainHeightSyncSystem:0.40,0.00,0,0,0,0,0,0.73,0.85,0.22,10009/0,0.00,0/0,0.40,10009,0.00,0.00/0.00/0.00/0.00,0.00/0.00/0.00,0.00/0.00/0.00/0.00/0.00/0.00,0.00/0.00/0.00/0.00/0.00,0.17,0.03,0.00,0.13,0.17,0.00,0.01,126,2,0,0.06,0.01,4/0,0.00,0,0,0,0,0.04,0.00,0.00,0.00,0,0.00,0.00,0,0,0/0,0.00,0,0,0.00,0,0,0.00,0,0,0.08,0.00,0,2,0,0.08,0.00,0.00,0.00,0.00,0.00,0.35,0.00,0,0.00,0,0,0/0/0,0.10,0.00,126,1,1,0,0,0,2026-09-09T18:29:06.9852377Z
3.77ms,265.2,0,63,30009,"mass_navigation_agent_health_text_light:8568,mass_navigation_agent_health_hud_light:8568,mass_navigation_agent_azure_light:2142,mass_navigation_agent_crimson_light:2142,mass_navigation_agent_amber_light:2142,mass_navigation_agent_emerald_light:2142,mass_navigation_agent_health_text_heavy:1432,mass_navigation_agent_health_hud_heavy:1432",0,0,63,63/6,0.01,0.03,0.00,0.00,0.01,3.30,0.03,0.00,0.00,:0.00,:0.00,:0.00,3.25,PresenterEntityTransformSyncSystem:0.88,AnimatorRuntimeSystem:0.63,TerrainHeightSyncSystem:0.47,0.00,0,0,0,0,0,0.63,0.88,0.19,10009/0,0.00,0/0,0.47,10009,0.00,0.00/0.00/0.00/0.00,0.00/0.00/0.00,0.00/0.00/0.00/0.00/0.00/0.00,0.00/0.00/0.00/0.00/0.00,0.20,0.03,0.00,0.16,0.19,0.00,0.02,126,2,0,0.07,0.01,4/0,0.00,0,0,0,0,0.05,0.00,0.00,0.00,0,0.00,0.00,0,0,0/0,0.00,0,0,0.00,0,0,0.00,0,0,0.13,0.00,0,2,0,0.13,0.00,0.00,0.00,0.00,0.00,0.34,0.00,0,0.00,0,0,0/0/0,0.09,0.00,126,1,1,0,0,0,2026-09-09T18:29:07.2776218Z
3.95ms,253.4,0,63,30009,"mass_navigation_agent_health_text_light:8568,mass_navigation_agent_health_hud_light:8568,mass_navigation_agent_azure_light:2142,mass_navigation_agent_crimson_light:2142,mass_navigation_agent_amber_light:2142,mass_navigation_agent_emerald_light:2142,mass_navigation_agent_health_text_heavy:1432,mass_navigation_agent_health_hud_heavy:1432",0,0,63,63/6,0.04,0.03,0.00,0.00,0.01,3.45,0.03,0.00,0.20,EffectProcessingLoopSystem:0.20,:0.00,:0.00,3.20,PresenterEntityTransformSyncSystem:0.90,AnimatorRuntimeSystem:0.63,TerrainHeightSyncSystem:0.37,0.00,0,0,0,0,0,0.63,0.90,0.21,10009/0,0.00,0/0,0.37,10009,0.00,0.00/0.00/0.00/0.00,0.00/0.00/0.00,0.00/0.00/0.00/0.00/0.00/0.00,0.00/0.00/0.00/0.00/0.00,0.24,0.02,0.00,0.21,0.24,0.00,0.02,126,2,0,0.07,0.01,4/0,0.00,0,0,0,0,0.05,0.00,0.00,0.00,0,0.00,0.00,0,0,0/0,0.00,0,0,0.00,0,0,0.00,0,0,0.11,0.00,0,2,0,0.11,0.00,0.00,0.00,0.00,0.00,0.36,0.00,0,0.00,0,0,0/0/0,0.09,0.00,126,1,1,0,0,0,2026-09-09T18:29:07.5520465Z
3.49ms,286.2,0,63,30009,"mass_navigation_agent_health_text_light:8568,mass_navigation_agent_health_hud_light:8568,mass_navigation_agent_azure_light:2142,mass_navigation_agent_crimson_light:2142,mass_navigation_agent_amber_light:2142,mass_navigation_agent_emerald_light:2142,mass_navigation_agent_health_text_heavy:1432,mass_navigation_agent_health_hud_heavy:1432",0,0,63,63/6,0.00,0.03,0.00,0.00,0.01,3.06,0.02,0.00,0.00,:0.00,:0.00,:0.00,3.02,PresenterEntityTransformSyncSystem:0.78,AnimatorRuntimeSystem:0.59,TerrainHeightSyncSystem:0.42,0.00,0,0,0,0,0,0.59,0.78,0.20,10009/0,0.00,0/0,0.42,10009,0.00,0.00/0.00/0.00/0.00,0.00/0.00/0.00,0.00/0.00/0.00/0.00/0.00/0.00,0.00/0.00/0.00/0.00/0.00,0.18,0.03,0.00,0.15,0.18,0.00,0.01,126,2,0,0.07,0.01,4/0,0.00,0,0,0,0,0.05,0.00,0.00,0.00,0,0.00,0.00,0,0,0/0,0.00,0,0,0.00,0,0,0.00,0,0,0.09,0.00,0,2,0,0.09,0.00,0.00,0.00,0.00,0.00,0.35,0.00,0,0.00,0,0,0/0/0,0.09,0.00,126,1,1,0,0,0,2026-09-09T18:29:07.8335792Z
3.25ms,307.3,0,63,30009,"mass_navigation_agent_health_text_light:8568,mass_navigation_agent_health_hud_light:8568,mass_navigation_agent_azure_light:2142,mass_navigation_agent_crimson_light:2142,mass_navigation_agent_amber_light:2142,mass_navigation_agent_emerald_light:2142,mass_navigation_agent_health_text_heavy:1432,mass_navigation_agent_health_hud_heavy:1432",0,0,63,63/6,0.01,0.03,0.00,0.00,0.01,2.86,0.02,0.00,0.00,:0.00,:0.00,:0.00,2.81,PresenterEntityTransformSyncSystem:0.76,AnimatorRuntimeSystem:0.54,TerrainHeightSyncSystem:0.38,0.00,0,0,0,0,0,0.54,0.76,0.20,10009/0,0.00,0/0,0.38,10009,0.00,0.00/0.00/0.00/0.00,0.00/0.00/0.00,0.00/0.00/0.00/0.00/0.00/0.00,0.00/0.00/0.00/0.00/0.00,0.17,0.03,0.00,0.14,0.17,0.00,0.01,126,2,0,0.06,0.01,4/0,0.00,0,0,0,0,0.04,0.00,0.00,0.00,0,0.00,0.00,0,0,0/0,0.00,0,0,0.00,0,0,0.00,0,0,0.09,0.00,0,2,0,0.09,0.00,0.00,0.00,0.00,0.00,0.28,0.00,0,0.00,0,0,0/0/0,0.08,0.00,126,1,1,0,0,0,2026-09-09T18:29:08.1125000Z
4.46ms,224.1,0,63,30009,"mass_navigation_agent_health_text_light:8568,mass_navigation_agent_health_hud_light:8568,mass_navigation_agent_azure_light:2142,mass_navigation_agent_crimson_light:2142,mass_navigation_agent_amber_light:2142,mass_navigation_agent_emerald_light:2142,mass_navigation_agent_health_text_heavy:1432,mass_navigation_agent_health_hud_heavy:1432",0,0,63,63/6,0.01,0.03,0.00,0.00,0.01,4.07,0.02,0.00,0.00,:0.00,:0.00,:0.00,4.02,PresenterEntityTransformSyncSystem:1.11,AnimatorRuntimeSystem:0.80,TerrainHeightSyncSystem:0.64,0.00,0,0,0,0,0,0.80,1.11,0.21,10009/0,0.00,0/0,0.64,10009,0.00,0.00/0.00/0.00/0.00,0.00/0.00/0.00,0.00/0.00/0.00/0.00/0.00/0.00,0.00/0.00/0.00/0.00/0.00,0.25,0.03,0.00,0.22,0.25,0.00,0.01,126,2,0,0.06,0.01,4/0,0.00,0,0,0,0,0.04,0.00,0.00,0.00,0,0.00,0.00,0,0,0/0,0.00,0,0,0.00,0,0,0.00,0,0,0.09,0.00,0,2,0,0.09,0.00,0.00,0.00,0.00,0.00,0.33,0.00,0,0.00,0,0,0/0/0,0.08,0.00,126,1,1,0,0,0,2026-09-09T18:29:08.3826267Z
3.69ms,270.8,0,63,30009,"mass_navigation_agent_health_text_light:8568,mass_navigation_agent_health_hud_light:8568,mass_navigation_agent_azure_light:2142,mass_navigation_agent_crimson_light:2142,mass_navigation_agent_amber_light:2142,mass_navigation_agent_emerald_light:2142,mass_navigation_agent_health_text_heavy:1432,mass_navigation_agent_health_hud_heavy:1432",0,0,63,63/6,0.01,0.03,0.00,0.00,0.01,3.27,0.02,0.00,0.00,:0.00,:0.00,:0.00,3.22,PresenterEntityTransformSyncSystem:0.81,AnimatorRuntimeSystem:0.67,PresenterEmitSystem:0.45,0.00,0,0,0,0,0,0.67,0.81,0.21,10009/0,0.00,0/0,0.39,10009,0.00,0.00/0.00/0.00/0.00,0.00/0.00/0.00,0.00/0.00/0.00/0.00/0.00/0.00,0.00/0.00/0.00/0.00/0.00,0.17,0.02,0.00,0.14,0.17,0.00,0.02,126,2,0,0.07,0.01,4/0,0.00,0,0,0,0,0.05,0.00,0.00,0.00,0,0.00,0.00,0,0,0/0,0.00,0,0,0.00,0,0,0.00,0,0,0.10,0.00,0,2,0,0.10,0.00,0.00,0.00,0.00,0.00,0.44,0.00,0,0.00,0,0,0/0/0,0.08,0.00,126,1,1,0,0,0,2026-09-09T18:29:08.6637862Z
3.45ms,290.3,0,63,30009,"mass_navigation_agent_health_text_light:8568,mass_navigation_agent_health_hud_light:8568,mass_navigation_agent_azure_light:2142,mass_navigation_agent_crimson_light:2142,mass_navigation_agent_amber_light:2142,mass_navigation_agent_emerald_light:2142,mass_navigation_agent_health_text_heavy:1432,mass_navigation_agent_health_hud_heavy:1432",0,0,63,63/6,0.01,0.03,0.00,0.00,0.01,3.03,0.02,0.00,0.00,:0.00,:0.00,:0.00,3.00,PresenterEntityTransformSyncSystem:0.80,AnimatorRuntimeSystem:0.60,TerrainHeightSyncSystem:0.41,0.00,0,0,0,0,0,0.60,0.80,0.17,10009/0,0.00,0/0,0.41,10009,0.00,0.00/0.00/0.00/0.00,0.00/0.00/0.00,0.00/0.00/0.00/0.00/0.00/0.00,0.00/0.00/0.00/0.00/0.00,0.19,0.02,0.00,0.17,0.19,0.00,0.01,126,2,0,0.06,0.01,4/0,0.00,0,0,0,0,0.04,0.00,0.00,0.00,0,0.00,0.00,0,0,0/0,0.00,0,0,0.00,0,0,0.00,0,0,0.09,0.00,0,2,0,0.08,0.00,0.00,0.00,0.00,0.00,0.30,0.00,0,0.00,0,0,0/0/0,0.08,0.00,126,1,1,0,0,0,2026-09-09T18:29:08.9296616Z
3.51ms,284.8,0,63,30009,"mass_navigation_agent_health_text_light:8568,mass_navigation_agent_health_hud_light:8568,mass_navigation_agent_azure_light:2142,mass_navigation_agent_crimson_light:2142,mass_navigation_agent_amber_light:2142,mass_navigation_agent_emerald_light:2142,mass_navigation_agent_health_text_heavy:1432,mass_navigation_agent_health_hud_heavy:1432",0,0,63,63/6,0.01,0.04,0.00,0.00,0.01,3.06,0.02,0.00,0.00,:0.00,:0.00,:0.00,3.02,PresenterEntityTransformSyncSystem:0.81,AnimatorRuntimeSystem:0.65,TerrainHeightSyncSystem:0.39,0.00,0,0,0,0,0,0.65,0.81,0.19,10009/0,0.00,0/0,0.39,10009,0.00,0.00/0.00/0.00/0.00,0.00/0.00/0.00,0.00/0.00/0.00/0.00/0.00/0.00,0.00/0.00/0.00/0.00/0.00,0.16,0.02,0.00,0.14,0.16,0.00,0.01,126,2,0,0.07,0.01,4/0,0.00,0,0,0,0,0.05,0.00,0.00,0.00,0,0.00,0.00,0,0,0/0,0.00,0,0,0.00,0,0,0.00,0,0,0.11,0.00,0,2,0,0.10,0.00,0.00,0.00,0.00,0.00,0.31,0.00,0,0.00,0,0,0/0/0,0.10,0.00,126,1,1,0,0,0,2026-09-09T18:29:09.2318638Z
8.43ms,118.6,0,63,30009,"mass_navigation_agent_health_text_light:8568,mass_navigation_agent_health_hud_light:8568,mass_navigation_agent_azure_light:2142,mass_navigation_agent_crimson_light:2142,mass_navigation_agent_amber_light:2142,mass_navigation_agent_emerald_light:2142,mass_navigation_agent_health_text_heavy:1432,mass_navigation_agent_health_hud_heavy:1432",0,0,63,63/6,0.01,0.03,0.00,0.00,0.01,7.84,0.04,0.00,4.03,EffectProcessingLoopSystem:1.91,MassNavigationAuthoredAgentBindingSystem:0.58,AttributeAggregatorSystem:0.54,3.77,PresenterEntityTransformSyncSystem:0.88,PresenterEmitSystem:0.63,AnimatorRuntimeSystem:0.56,0.19,0,174,174,0,0,0.56,0.88,0.20,10009/0,0.00,0/0,0.38,10009,0.00,0.00/0.00/0.00/0.00,0.00/0.00/0.00,0.00/0.00/0.00/0.00/0.00/0.00,0.00/0.00/0.00/0.00/0.00,0.18,0.03,0.00,0.15,0.18,0.00,0.02,126,2,0,0.08,0.01,4/0,0.00,0,0,0,0,0.05,0.00,0.00,0.00,0,0.00,0.00,0,0,0/0,0.00,0,0,0.00,0,0,0.00,0,0,0.15,0.00,0,2,0,0.15,0.00,0.00,0.00,0.00,0.00,0.63,0.00,0,0.29,346,0,346/0/0,0.10,0.00,126,1,1,0,0,0,2026-09-09T18:29:09.5085415Z
3.67ms,272.7,0,63,30009,"mass_navigation_agent_health_text_light:8568,mass_navigation_agent_health_hud_light:8568,mass_navigation_agent_azure_light:2142,mass_navigation_agent_crimson_light:2142,mass_navigation_agent_amber_light:2142,mass_navigation_agent_emerald_light:2142,mass_navigation_agent_health_text_heavy:1432,mass_navigation_agent_health_hud_heavy:1432",0,0,63,63/6,0.01,0.03,0.00,0.00,0.01,3.27,0.02,0.00,0.00,:0.00,:0.00,:0.00,3.23,PresenterEntityTransformSyncSystem:0.96,AnimatorRuntimeSystem:0.61,TerrainHeightSyncSystem:0.43,0.00,0,0,0,0,0,0.61,0.96,0.21,10009/0,0.00,0/0,0.43,10009,0.00,0.00/0.00/0.00/0.00,0.00/0.00/0.00,0.00/0.00/0.00/0.00/0.00/0.00,0.00/0.00/0.00/0.00/0.00,0.18,0.03,0.00,0.15,0.18,0.00,0.01,126,2,0,0.06,0.01,4/0,0.00,0,0,0,0,0.04,0.00,0.00,0.00,0,0.00,0.00,0,0,0/0,0.00,0,0,0.00,0,0,0.00,0,0,0.09,0.00,0,2,0,0.09,0.00,0.00,0.00,0.00,0.00,0.33,0.00,0,0.00,0,0,0/0/0,0.08,0.00,126,1,1,0,0,0,2026-09-09T18:29:09.7815158Z
3.50ms,285.4,0,63,30009,"mass_navigation_agent_health_text_light:8568,mass_navigation_agent_health_hud_light:8568,mass_navigation_agent_azure_light:2142,mass_navigation_agent_crimson_light:2142,mass_navigation_agent_amber_light:2142,mass_navigation_agent_emerald_light:2142,mass_navigation_agent_health_text_heavy:1432,mass_navigation_agent_health_hud_heavy:1432",0,0,63,63/6,0.01,0.03,0.00,0.00,0.01,3.08,0.02,0.00,0.00,:0.00,:0.00,:0.00,3.04,PresenterEntityTransformSyncSystem:0.82,AnimatorRuntimeSystem:0.59,TerrainHeightSyncSystem:0.41,0.00,0,0,0,0,0,0.59,0.81,0.19,10009/0,0.00,0/0,0.41,10009,0.00,0.00/0.00/0.00/0.00,0.00/0.00/0.00,0.00/0.00/0.00/0.00/0.00/0.00,0.00/0.00/0.00/0.00/0.00,0.17,0.02,0.00,0.14,0.17,0.00,0.01,126,2,0,0.07,0.01,4/0,0.00,0,0,0,0,0.05,0.00,0.00,0.00,0,0.00,0.00,0,0,0/0,0.00,0,0,0.00,0,0,0.00,0,0,0.09,0.00,0,2,0,0.09,0.00,0.00,0.00,0.00,0.00,0.36,0.00,0,0.00,0,0,0/0/0,0.09,0.00,126,1,1,0,0,0,2026-09-09T18:29:10.0681484Z
3.73ms,268.0,0,63,30009,"mass_navigation_agent_health_text_light:8568,mass_navigation_agent_health_hud_light:8568,mass_navigation_agent_azure_light:2142,mass_navigation_agent_crimson_light:2142,mass_navigation_agent_amber_light:2142,mass_navigation_agent_emerald_light:2142,mass_navigation_agent_health_text_heavy:1432,mass_navigation_agent_health_hud_heavy:1432",0,0,63,63/6,0.01,0.03,0.00,0.00,0.01,3.28,0.02,0.00,0.00,:0.00,:0.00,:0.00,3.23,PresenterEntityTransformSyncSystem:0.87,AnimatorRuntimeSystem:0.64,TerrainHeightSyncSystem:0.42,0.00,0,0,0,0,0,0.64,0.87,0.23,10009/0,0.00,0/0,0.42,10009,0.00,0.00/0.00/0.00/0.00,0.00/0.00/0.00,0.00/0.00/0.00/0.00/0.00/0.00,0.00/0.00/0.00/0.00/0.00,0.18,0.03,0.00,0.15,0.18,0.00,0.02,126,2,0,0.06,0.01,4/0,0.00,0,0,0,0,0.04,0.00,0.00,0.00,0,0.00,0.00,0,0,0/0,0.00,0,0,0.00,0,0,0.00,0,0,0.10,0.00,0,2,0,0.10,0.00,0.00,0.00,0.00,0.00,0.37,0.00,0,0.00,0,0,0/0/0,0.08,0.00,126,1,1,0,0,0,2026-09-09T18:29:10.3398379Z
3.60ms,277.7,0,63,30009,"mass_navigation_agent_health_text_light:8568,mass_navigation_agent_health_hud_light:8568,mass_navigation_agent_azure_light:2142,mass_navigation_agent_crimson_light:2142,mass_navigation_agent_amber_light:2142,mass_navigation_agent_emerald_light:2142,mass_navigation_agent_health_text_heavy:1432,mass_navigation_agent_health_hud_heavy:1432",0,0,63,63/6,0.00,0.03,0.00,0.00,0.01,3.17,0.02,0.00,0.00,:0.00,:0.00,:0.00,3.13,PresenterEntityTransformSyncSystem:0.85,AnimatorRuntimeSystem:0.63,TerrainHeightSyncSystem:0.41,0.00,0,0,0,0,0,0.63,0.85,0.20,10009/0,0.00,0/0,0.41,10009,0.00,0.00/0.00/0.00/0.00,0.00/0.00/0.00,0.00/0.00/0.00/0.00/0.00/0.00,0.00/0.00/0.00/0.00/0.00,0.17,0.03,0.00,0.14,0.17,0.00,0.01,126,2,0,0.07,0.01,4/0,0.00,0,0,0,0,0.05,0.00,0.00,0.00,0,0.00,0.00,0,0,0/0,0.00,0,0,0.00,0,0,0.00,0,0,0.09,0.00,0,2,0,0.09,0.00,0.00,0.00,0.00,0.00,0.32,0.00,0,0.00,0,0,0/0/0,0.09,0.00,126,1,1,0,0,0,2026-09-09T18:29:10.6243675Z
3.36ms,297.8,0,63,30009,"mass_navigation_agent_health_text_light:8568,mass_navigation_agent_health_hud_light:8568,mass_navigation_agent_azure_light:2142,mass_navigation_agent_crimson_light:2142,mass_navigation_agent_amber_light:2142,mass_navigation_agent_emerald_light:2142,mass_navigation_agent_health_text_heavy:1432,mass_navigation_agent_health_hud_heavy:1432",0,0,63,63/6,0.01,0.04,0.00,0.00,0.01,2.97,0.02,0.00,0.00,:0.00,:0.00,:0.00,2.93,PresenterEntityTransformSyncSystem:0.76,AnimatorRuntimeSystem:0.62,TerrainHeightSyncSystem:0.38,0.00,0,0,0,0,0,0.62,0.76,0.20,10009/0,0.00,0/0,0.38,10009,0.00,0.00/0.00/0.00/0.00,0.00/0.00/0.00,0.00/0.00/0.00/0.00/0.00/0.00,0.00/0.00/0.00/0.00/0.00,0.16,0.02,0.00,0.14,0.16,0.00,0.01,126,2,0,0.07,0.01,4/0,0.00,0,0,0,0,0.05,0.00,0.00,0.00,0,0.00,0.00,0,0,0/0,0.00,0,0,0.00,0,0,0.00,0,0,0.08,0.00,0,2,0,0.08,0.00,0.00,0.00,0.00,0.00,0.32,0.00,0,0.00,0,0,0/0/0,0.07,0.00,126,1,1,0,0,0,2026-09-09T18:29:10.8889785Z
3.97ms,251.9,0,63,30009,"mass_navigation_agent_health_text_light:8568,mass_navigation_agent_health_hud_light:8568,mass_navigation_agent_azure_light:2142,mass_navigation_agent_crimson_light:2142,mass_navigation_agent_amber_light:2142,mass_navigation_agent_emerald_light:2142,mass_navigation_agent_health_text_heavy:1432,mass_navigation_agent_health_hud_heavy:1432",0,0,63,63/6,0.01,0.03,0.00,0.00,0.02,3.60,0.02,0.00,0.00,:0.00,:0.00,:0.00,3.55,PresenterEntityTransformSyncSystem:0.98,AnimatorRuntimeSystem:0.72,TerrainHeightSyncSystem:0.41,0.00,0,0,0,0,0,0.72,0.98,0.21,10009/0,0.00,0/0,0.41,10009,0.00,0.00/0.00/0.00/0.00,0.00/0.00/0.00,0.00/0.00/0.00/0.00/0.00/0.00,0.00/0.00/0.00/0.00/0.00,0.25,0.03,0.00,0.22,0.25,0.00,0.01,126,2,0,0.06,0.01,4/0,0.00,0,0,0,0,0.04,0.00,0.00,0.00,0,0.00,0.00,0,0,0/0,0.00,0,0,0.00,0,0,0.00,0,0,0.08,0.00,0,2,0,0.08,0.00,0.00,0.00,0.00,0.00,0.41,0.00,0,0.00,0,0,0/0/0,0.09,0.00,126,1,1,0,0,0,2026-09-09T18:29:11.1757663Z
8.22ms,121.6,0,63,30009,"mass_navigation_agent_health_text_light:8568,mass_navigation_agent_health_hud_light:8568,mass_navigation_agent_azure_light:2142,mass_navigation_agent_crimson_light:2142,mass_navigation_agent_amber_light:2142,mass_navigation_agent_emerald_light:2142,mass_navigation_agent_health_text_heavy:1432,mass_navigation_agent_health_hud_heavy:1432",0,0,63,63/6,0.01,0.03,0.00,0.00,0.01,7.73,0.03,0.00,3.85,EffectProcessingLoopSystem:1.68,MapEntityLifecycleObserverSystem:0.65,MassNavigationAuthoredAgentBindingSystem:0.61,3.84,PresenterEntityTransformSyncSystem:0.99,PresenterEmitSystem:0.62,AnimatorRuntimeSystem:0.54,0.20,0,156,156,0,0,0.54,0.99,0.23,10009/0,0.00,0/0,0.39,10009,0.00,0.00/0.00/0.00/0.00,0.00/0.00/0.00,0.00/0.00/0.00/0.00/0.00/0.00,0.00/0.00/0.00/0.00/0.00,0.17,0.03,0.00,0.14,0.17,0.00,0.02,126,2,0,0.06,0.01,4/0,0.00,0,0,0,0,0.04,0.00,0.00,0.00,0,0.00,0.00,0,0,0/0,0.00,0,0,0.00,0,0,0.00,0,0,0.13,0.00,0,2,0,0.13,0.00,0.00,0.00,0.00,0.00,0.62,0.00,0,0.28,310,0,310/0/0,0.09,0.00,126,1,1,0,0,0,2026-09-09T18:29:11.4565730Z
3.70ms,270.4,0,63,30009,"mass_navigation_agent_health_text_light:8568,mass_navigation_agent_health_hud_light:8568,mass_navigation_agent_azure_light:2142,mass_navigation_agent_crimson_light:2142,mass_navigation_agent_amber_light:2142,mass_navigation_agent_emerald_light:2142,mass_navigation_agent_health_text_heavy:1432,mass_navigation_agent_health_hud_heavy:1432",0,0,63,63/6,0.01,0.03,0.00,0.00,0.01,3.23,0.02,0.00,0.00,:0.00,:0.00,:0.00,3.18,PresenterEntityTransformSyncSystem:0.89,AnimatorRuntimeSystem:0.66,TerrainHeightSyncSystem:0.40,0.00,0,0,0,0,0,0.66,0.89,0.18,10009/0,0.00,0/0,0.40,10009,0.00,0.00/0.00/0.00/0.00,0.00/0.00/0.00,0.00/0.00/0.00/0.00/0.00/0.00,0.00/0.00/0.00/0.00/0.00,0.17,0.03,0.00,0.14,0.17,0.00,0.01,126,2,0,0.10,0.01,4/0,0.00,0,0,0,0,0.05,0.00,0.00,0.00,0,0.00,0.00,0,0,0/0,0.00,0,0,0.00,0,0,0.00,0,0,0.10,0.00,0,2,0,0.10,0.00,0.00,0.00,0.00,0.00,0.34,0.00,0,0.00,0,0,0/0/0,0.09,0.00,126,1,1,0,0,0,2026-09-09T18:29:11.7288394Z
3.65ms,274.0,0,63,30009,"mass_navigation_agent_health_text_light:8568,mass_navigation_agent_health_hud_light:8568,mass_navigation_agent_azure_light:2142,mass_navigation_agent_crimson_light:2142,mass_navigation_agent_amber_light:2142,mass_navigation_agent_emerald_light:2142,mass_navigation_agent_health_text_heavy:1432,mass_navigation_agent_health_hud_heavy:1432",0,0,63,63/6,0.01,0.04,0.00,0.00,0.01,3.20,0.02,0.00,0.00,:0.00,:0.00,:0.00,3.15,PresenterEntityTransformSyncSystem:0.83,AnimatorRuntimeSystem:0.66,TerrainHeightSyncSystem:0.39,0.00,0,0,0,0,0,0.66,0.83,0.21,10009/0,0.00,0/0,0.39,10009,0.00,0.00/0.00/0.00/0.00,0.00/0.00/0.00,0.00/0.00/0.00/0.00/0.00/0.00,0.00/0.00/0.00/0.00/0.00,0.17,0.03,0.00,0.14,0.17,0.00,0.02,126,2,0,0.07,0.01,4/0,0.00,0,0,0,0,0.05,0.00,0.00,0.00,0,0.00,0.00,0,0,0/0,0.00,0,0,0.00,0,0,0.00,0,0,0.10,0.00,0,2,0,0.10,0.00,0.00,0.00,0.00,0.00,0.31,0.00,0,0.00,0,0,0/0/0,0.09,0.00,126,1,1,0,0,0,2026-09-09T18:29:12.0257744Z
6.93ms,144.2,0,63,30009,"mass_navigation_agent_health_text_light:8568,mass_navigation_agent_health_hud_light:8568,mass_navigation_agent_azure_light:2142,mass_navigation_agent_crimson_light:2142,mass_navigation_agent_amber_light:2142,mass_navigation_agent_emerald_light:2142,mass_navigation_agent_health_text_heavy:1432,mass_navigation_agent_health_hud_heavy:1432",0,0,63,63/6,0.01,0.04,0.00,0.00,0.01,6.41,0.03,0.00,2.71,MassNavigationSimulationStepSystem:1.37,EffectProcessingLoopSystem:0.32,OrderBufferSystem:0.18,3.65,PresenterEntityTransformSyncSystem:1.04,AnimatorRuntimeSystem:0.61,TerrainHeightSyncSystem:0.49,0.00,0,0,0,0,0,0.61,1.04,0.22,10009/0,0.00,0/0,0.49,10009,0.00,0.00/0.00/0.00/0.00,0.00/0.00/0.00,0.00/0.00/0.00/0.00/0.00/0.00,0.00/0.00/0.00/0.00/0.00,0.24,0.03,0.00,0.20,0.24,0.00,0.02,126,2,0,0.07,0.01,4/0,0.00,0,0,0,0,0.05,0.00,0.00,0.00,0,0.00,0.00,0,0,0/0,0.00,0,0,0.00,0,0,0.00,0,0,0.13,0.00,0,2,0,0.13,0.00,0.00,0.00,0.00,0.00,0.41,0.00,0,0.00,0,0,0/0/0,0.11,0.00,126,1,1,0,0,0,2026-09-09T18:29:12.2984679Z
3.46ms,289.2,0,63,30009,"mass_navigation_agent_health_text_light:8568,mass_navigation_agent_health_hud_light:8568,mass_navigation_agent_azure_light:2142,mass_navigation_agent_crimson_light:2142,mass_navigation_agent_amber_light:2142,mass_navigation_agent_emerald_light:2142,mass_navigation_agent_health_text_heavy:1432,mass_navigation_agent_health_hud_heavy:1432",0,0,63,63/6,0.01,0.03,0.00,0.00,0.01,3.11,0.02,0.00,0.00,:0.00,:0.00,:0.00,3.07,PresenterEntityTransformSyncSystem:0.84,AnimatorRuntimeSystem:0.64,TerrainHeightSyncSystem:0.39,0.00,0,0,0,0,0,0.64,0.84,0.19,10009/0,0.00,0/0,0.39,10009,0.00,0.00/0.00/0.00/0.00,0.00/0.00/0.00,0.00/0.00/0.00/0.00/0.00/0.00,0.00/0.00/0.00/0.00/0.00,0.17,0.02,0.00,0.14,0.16,0.00,0.01,126,2,0,0.06,0.01,4/0,0.00,0,0,0,0,0.05,0.00,0.00,0.00,0,0.00,0.00,0,0,0/0,0.00,0,0,0.00,0,0,0.00,0,0,0.06,0.00,0,2,0,0.06,0.00,0.00,0.00,0.00,0.00,0.31,0.00,0,0.00,0,0,0/0/0,0.07,0.00,126,1,1,0,0,0,2026-09-09T18:29:12.5733208Z
3.25ms,307.3,0,63,30009,"mass_navigation_agent_health_text_light:8568,mass_navigation_agent_health_hud_light:8568,mass_navigation_agent_azure_light:2142,mass_navigation_agent_crimson_light:2142,mass_navigation_agent_amber_light:2142,mass_navigation_agent_emerald_light:2142,mass_navigation_agent_health_text_heavy:1432,mass_navigation_agent_health_hud_heavy:1432",0,0,63,63/6,0.01,0.03,0.00,0.00,0.01,2.92,0.02,0.00,0.00,:0.00,:0.00,:0.00,2.88,PresenterEntityTransformSyncSystem:0.72,AnimatorRuntimeSystem:0.54,PresenterEmitSystem:0.36,0.00,0,0,0,0,0,0.54,0.72,0.24,10009/0,0.00,0/0,0.33,10009,0.00,0.00/0.00/0.00/0.00,0.00/0.00/0.00,0.00/0.00/0.00/0.00/0.00/0.00,0.00/0.00/0.00/0.00/0.00,0.21,0.04,0.00,0.16,0.21,0.00,0.01,126,2,0,0.06,0.01,4/0,0.00,0,0,0,0,0.05,0.00,0.00,0.00,0,0.00,0.00,0,0,0/0,0.00,0,0,0.00,0,0,0.00,0,0,0.06,0.00,0,2,0,0.06,0.00,0.00,0.00,0.00,0.00,0.36,0.00,0,0.00,0,0,0/0/0,0.07,0.00,126,1,1,0,0,0,2026-09-09T18:29:12.8608423Z
3.43ms,291.9,0,63,30009,"mass_navigation_agent_health_text_light:8568,mass_navigation_agent_health_hud_light:8568,mass_navigation_agent_azure_light:2142,mass_navigation_agent_crimson_light:2142,mass_navigation_agent_amber_light:2142,mass_navigation_agent_emerald_light:2142,mass_navigation_agent_health_text_heavy:1432,mass_navigation_agent_health_hud_heavy:1432",0,0,63,63/6,0.01,0.03,0.00,0.00,0.01,3.04,0.02,0.00,0.00,:0.00,:0.00,:0.00,3.00,PresenterEntityTransformSyncSystem:0.84,AnimatorRuntimeSystem:0.58,TerrainHeightSyncSystem:0.40,0.00,0,0,0,0,0,0.58,0.84,0.17,10009/0,0.00,0/0,0.40,10009,0.00,0.00/0.00/0.00/0.00,0.00/0.00/0.00,0.00/0.00/0.00/0.00/0.00/0.00,0.00/0.00/0.00/0.00/0.00,0.18,0.02,0.00,0.15,0.18,0.00,0.01,126,2,0,0.06,0.01,4/0,0.00,0,0,0,0,0.05,0.00,0.00,0.00,0,0.00,0.00,0,0,0/0,0.00,0,0,0.00,0,0,0.00,0,0,0.08,0.00,0,2,0,0.08,0.00,0.00,0.00,0.00,0.00,0.33,0.00,0,0.00,0,0,0/0/0,0.08,0.00,126,1,1,0,0,0,2026-09-09T18:29:13.1345665Z
3.66ms,273.5,0,63,30009,"mass_navigation_agent_health_text_light:8568,mass_navigation_agent_health_hud_light:8568,mass_navigation_agent_azure_light:2142,mass_navigation_agent_crimson_light:2142,mass_navigation_agent_amber_light:2142,mass_navigation_agent_emerald_light:2142,mass_navigation_agent_health_text_heavy:1432,mass_navigation_agent_health_hud_heavy:1432",0,0,63,63/6,0.01,0.04,0.00,0.00,0.01,3.20,0.02,0.00,0.00,:0.00,:0.00,:0.00,3.15,PresenterEntityTransformSyncSystem:0.83,AnimatorRuntimeSystem:0.67,TerrainHeightSyncSystem:0.39,0.00,0,0,0,0,0,0.67,0.82,0.21,10009/0,0.00,0/0,0.39,10009,0.00,0.00/0.00/0.00/0.00,0.00/0.00/0.00,0.00/0.00/0.00/0.00/0.00/0.00,0.00/0.00/0.00/0.00/0.00,0.17,0.03,0.00,0.14,0.17,0.00,0.02,126,2,0,0.07,0.01,4/0,0.00,0,0,0,0,0.05,0.00,0.00,0.00,0,0.00,0.00,0,0,0/0,0.00,0,0,0.00,0,0,0.00,0,0,0.10,0.00,0,2,0,0.10,0.00,0.00,0.00,0.00,0.00,0.35,0.00,0,0.00,0,0,0/0/0,0.09,0.00,126,1,1,0,0,0,2026-09-09T18:29:13.4241766Z
3.48ms,287.6,0,63,30009,"mass_navigation_agent_health_text_light:8568,mass_navigation_agent_health_hud_light:8568,mass_navigation_agent_azure_light:2142,mass_navigation_agent_crimson_light:2142,mass_navigation_agent_amber_light:2142,mass_navigation_agent_emerald_light:2142,mass_navigation_agent_health_text_heavy:1432,mass_navigation_agent_health_hud_heavy:1432",0,0,63,63/6,0.01,0.03,0.00,0.00,0.01,3.05,0.02,0.00,0.00,:0.00,:0.00,:0.00,3.02,PresenterEntityTransformSyncSystem:0.79,AnimatorRuntimeSystem:0.59,TerrainHeightSyncSystem:0.45,0.00,0,0,0,0,0,0.59,0.79,0.18,10009/0,0.00,0/0,0.45,10009,0.00,0.00/0.00/0.00/0.00,0.00/0.00/0.00,0.00/0.00/0.00/0.00/0.00/0.00,0.00/0.00/0.00/0.00/0.00,0.18,0.03,0.00,0.15,0.18,0.00,0.01,126,2,0,0.07,0.01,4/0,0.00,0,0,0,0,0.05,0.00,0.00,0.00,0,0.00,0.00,0,0,0/0,0.00,0,0,0.00,0,0,0.00,0,0,0.10,0.00,0,2,0,0.10,0.00,0.00,0.00,0.00,0.00,0.32,0.00,0,0.00,0,0,0/0/0,0.09,0.00,126,1,1,0,0,0,2026-09-09T18:29:13.6834668Z
8.51ms,117.5,0,63,30009,"mass_navigation_agent_health_text_light:8568,mass_navigation_agent_health_hud_light:8568,mass_navigation_agent_azure_light:2142,mass_navigation_agent_crimson_light:2142,mass_navigation_agent_amber_light:2142,mass_navigation_agent_emerald_light:2142,mass_navigation_agent_health_text_heavy:1432,mass_navigation_agent_health_hud_heavy:1432",0,0,63,63/6,0.01,0.04,0.00,0.00,0.01,7.85,0.04,0.00,3.75,EffectProcessingLoopSystem:1.64,MapEntityLifecycleObserverSystem:0.59,AttributeAggregatorSystem:0.54,4.06,PresenterEntityTransformSyncSystem:1.03,PresenterEmitSystem:0.60,AnimatorRuntimeSystem:0.57,0.23,0,164,164,0,0,0.57,1.03,0.22,10009/0,0.00,0/0,0.38,10009,0.00,0.00/0.00/0.00/0.00,0.00/0.00/0.00,0.00/0.00/0.00/0.00/0.00/0.00,0.00/0.00/0.00/0.00/0.00,0.19,0.03,0.00,0.15,0.19,0.00,0.03,126,2,0,0.08,0.01,4/0,0.00,0,0,0,0,0.05,0.00,0.00,0.00,0,0.00,0.00,0,0,0/0,0.00,0,0,0.00,0,0,0.00,0,0,0.19,0.00,0,2,0,0.19,0.00,0.00,0.00,0.00,0.00,0.60,0.00,0,0.27,326,0,326/0/0,0.14,0.00,126,1,1,0,0,0,2026-09-09T18:29:13.9679958Z
3.76ms,266.3,0,63,30009,"mass_navigation_agent_health_text_light:8568,mass_navigation_agent_health_hud_light:8568,mass_navigation_agent_azure_light:2142,mass_navigation_agent_crimson_light:2142,mass_navigation_agent_amber_light:2142,mass_navigation_agent_emerald_light:2142,mass_navigation_agent_health_text_heavy:1432,mass_navigation_agent_health_hud_heavy:1432",0,0,63,63/6,0.01,0.03,0.00,0.00,0.01,3.25,0.02,0.00,0.00,:0.00,:0.00,:0.00,3.21,PresenterEntityTransformSyncSystem:0.88,AnimatorRuntimeSystem:0.64,TerrainHeightSyncSystem:0.40,0.00,0,0,0,0,0,0.64,0.88,0.22,10009/0,0.00,0/0,0.40,10009,0.00,0.00/0.00/0.00/0.00,0.00/0.00/0.00,0.00/0.00/0.00/0.00/0.00/0.00,0.00/0.00/0.00/0.00/0.00,0.19,0.02,0.00,0.16,0.19,0.00,0.02,126,2,0,0.07,0.01,4/0,0.00,0,0,0,0,0.05,0.00,0.00,0.00,0,0.00,0.00,0,0,0/0,0.00,0,0,0.00,0,0,0.00,0,0,0.11,0.00,0,2,0,0.11,0.00,0.00,0.00,0.00,0.00,0.35,0.00,0,0.00,0,0,0/0/0,0.13,0.00,126,1,1,0,0,0,2026-09-09T18:29:14.2424004Z
3.46ms,289.1,0,63,30009,"mass_navigation_agent_health_text_light:8568,mass_navigation_agent_health_hud_light:8568,mass_navigation_agent_azure_light:2142,mass_navigation_agent_crimson_light:2142,mass_navigation_agent_amber_light:2142,mass_navigation_agent_emerald_light:2142,mass_navigation_agent_health_text_heavy:1432,mass_navigation_agent_health_hud_heavy:1432",0,0,63,63/6,0.01,0.03,0.00,0.00,0.01,3.09,0.02,0.00,0.00,:0.00,:0.00,:0.00,3.05,PresenterEntityTransformSyncSystem:0.82,AnimatorRuntimeSystem:0.59,TerrainHeightSyncSystem:0.43,0.00,0,0,0,0,0,0.59,0.82,0.19,10009/0,0.00,0/0,0.43,10009,0.00,0.00/0.00/0.00/0.00,0.00/0.00/0.00,0.00/0.00/0.00/0.00/0.00/0.00,0.00/0.00/0.00/0.00/0.00,0.16,0.02,0.00,0.14,0.16,0.00,0.01,126,2,0,0.06,0.01,4/0,0.00,0,0,0,0,0.05,0.00,0.00,0.00,0,0.00,0.00,0,0,0/0,0.00,0,0,0.00,0,0,0.00,0,0,0.07,0.00,0,2,0,0.07,0.00,0.00,0.00,0.00,0.00,0.36,0.00,0,0.00,0,0,0/0/0,0.07,0.00,126,1,1,0,0,0,2026-09-09T18:29:14.5235656Z
15.13ms,66.1,0,63,30009,"mass_navigation_agent_health_text_light:8568,mass_navigation_agent_health_hud_light:8568,mass_navigation_agent_azure_light:2142,mass_navigation_agent_crimson_light:2142,mass_navigation_agent_amber_light:2142,mass_navigation_agent_emerald_light:2142,mass_navigation_agent_health_text_heavy:1432,mass_navigation_agent_health_hud_heavy:1432",0,0,63,63/6,0.01,0.03,0.00,0.00,0.01,14.54,0.04,0.00,10.84,MassNavigationSimulationStepSystem:9.06,EffectProcessingLoopSystem:0.33,AbilityEndOrderSystem:0.31,3.65,PresenterEntityTransformSyncSystem:1.26,AnimatorRuntimeSystem:0.53,InstancedBatchEmissionSystem:0.43,0.00,0,0,0,0,0,0.53,1.26,0.18,10009/0,0.00,0/0,0.38,10009,0.00,0.00/0.00/0.00/0.00,0.00/0.00/0.00,0.00/0.00/0.00/0.00/0.00/0.00,0.00/0.00/0.00/0.00/0.00,0.20,0.03,0.00,0.15,0.20,0.00,0.02,126,2,0,0.07,0.01,4/0,0.00,0,0,0,0,0.05,0.00,0.00,0.00,0,0.00,0.00,0,0,0/0,0.00,0,0,0.00,0,0,0.00,0,0,0.18,0.00,0,2,0,0.17,0.00,0.00,0.00,0.00,0.00,0.31,0.00,0,0.00,0,0,0/0/0,0.11,0.00,126,1,1,0,0,0,2026-09-09T18:29:14.8073193Z
6.97ms,143.4,0,63,30009,"mass_navigation_agent_health_text_light:8568,mass_navigation_agent_health_hud_light:8568,mass_navigation_agent_azure_light:2142,mass_navigation_agent_crimson_light:2142,mass_navigation_agent_amber_light:2142,mass_navigation_agent_emerald_light:2142,mass_navigation_agent_health_text_heavy:1432,mass_navigation_agent_health_hud_heavy:1432",0,0,63,63/6,0.01,0.05,0.00,0.00,0.01,6.37,0.03,0.00,2.95,MassNavigationSimulationStepSystem:1.50,EffectProcessingLoopSystem:0.31,OrderBufferSystem:0.23,3.38,PresenterEntityTransformSyncSystem:0.92,AnimatorRuntimeSystem:0.56,TerrainHeightSyncSystem:0.44,0.00,0,0,0,0,0,0.56,0.92,0.24,10009/0,0.00,0/0,0.44,10009,0.00,0.00/0.00/0.00/0.00,0.00/0.00/0.00,0.00/0.00/0.00/0.00/0.00/0.00,0.00/0.00/0.00/0.00/0.00,0.21,0.03,0.00,0.17,0.20,0.00,0.02,126,2,0,0.10,0.01,4/0,0.00,0,0,0,0,0.07,0.00,0.00,0.00,0,0.00,0.00,0,0,0/0,0.00,0,0,0.00,0,0,0.00,0,0,0.15,0.00,0,2,0,0.15,0.00,0.00,0.00,0.00,0.00,0.41,0.00,0,0.00,0,0,0/0/0,0.11,0.00,126,1,1,0,0,0,2026-09-09T18:29:15.0969580Z
3.47ms,287.9,0,63,30009,"mass_navigation_agent_health_text_light:8568,mass_navigation_agent_health_hud_light:8568,mass_navigation_agent_azure_light:2142,mass_navigation_agent_crimson_light:2142,mass_navigation_agent_amber_light:2142,mass_navigation_agent_emerald_light:2142,mass_navigation_agent_health_text_heavy:1432,mass_navigation_agent_health_hud_heavy:1432",0,0,63,63/6,0.00,0.03,0.00,0.00,0.01,3.13,0.02,0.00,0.00,:0.00,:0.00,:0.00,3.09,PresenterEntityTransformSyncSystem:0.85,AnimatorRuntimeSystem:0.60,TerrainHeightSyncSystem:0.42,0.00,0,0,0,0,0,0.60,0.85,0.21,10009/0,0.00,0/0,0.42,10009,0.00,0.00/0.00/0.00/0.00,0.00/0.00/0.00,0.00/0.00/0.00/0.00/0.00/0.00,0.00/0.00/0.00/0.00/0.00,0.18,0.02,0.00,0.15,0.17,0.00,0.01,126,2,0,0.06,0.01,4/0,0.00,0,0,0,0,0.04,0.00,0.00,0.00,0,0.00,0.00,0,0,0/0,0.00,0,0,0.00,0,0,0.00,0,0,0.07,0.00,0,2,0,0.07,0.00,0.00,0.00,0.00,0.00,0.32,0.00,0,0.00,0,0,0/0/0,0.06,0.00,126,1,1,0,0,0,2026-09-09T18:29:15.3708795Z
8.89ms,112.5,0,63,30009,"mass_navigation_agent_health_text_light:8568,mass_navigation_agent_health_hud_light:8568,mass_navigation_agent_azure_light:2142,mass_navigation_agent_crimson_light:2142,mass_navigation_agent_amber_light:2142,mass_navigation_agent_emerald_light:2142,mass_navigation_agent_health_text_heavy:1432,mass_navigation_agent_health_hud_heavy:1432",0,0,63,63/6,0.01,0.04,0.00,0.00,0.01,8.36,0.03,0.00,4.20,EffectProcessingLoopSystem:1.81,MapEntityLifecycleObserverSystem:0.71,MassNavigationAuthoredAgentBindingSystem:0.65,4.12,PresenterEntityTransformSyncSystem:1.06,PresenterEmitSystem:0.67,AnimatorRuntimeSystem:0.53,0.25,0,174,174,0,0,0.53,1.06,0.23,10009/0,0.00,0/0,0.38,10009,0.00,0.00/0.00/0.00/0.00,0.00/0.00/0.00,0.00/0.00/0.00/0.00/0.00/0.00,0.00/0.00/0.00/0.00/0.00,0.19,0.03,0.00,0.15,0.19,0.00,0.02,126,2,0,0.08,0.01,4/0,0.00,0,0,0,0,0.05,0.00,0.00,0.00,0,0.00,0.00,0,0,0/0,0.00,0,0,0.00,0,0,0.00,0,0,0.13,0.00,0,2,0,0.13,0.00,0.00,0.00,0.00,0.00,0.67,0.00,0,0.30,346,0,346/0/0,0.09,0.00,126,1,1,0,0,0,2026-09-09T18:29:15.6594141Z
3.84ms,260.6,0,63,30009,"mass_navigation_agent_health_text_light:8568,mass_navigation_agent_health_hud_light:8568,mass_navigation_agent_azure_light:2142,mass_navigation_agent_crimson_light:2142,mass_navigation_agent_amber_light:2142,mass_navigation_agent_emerald_light:2142,mass_navigation_agent_health_text_heavy:1432,mass_navigation_agent_health_hud_heavy:1432",0,0,63,63/6,0.01,0.03,0.00,0.00,0.01,3.40,0.02,0.00,0.00,:0.00,:0.00,:0.00,3.35,PresenterEntityTransformSyncSystem:0.80,AnimatorRuntimeSystem:0.73,TerrainHeightSyncSystem:0.56,0.00,0,0,0,0,0,0.73,0.79,0.21,10009/0,0.00,0/0,0.56,10009,0.00,0.00/0.00/0.00/0.00,0.00/0.00/0.00,0.00/0.00/0.00/0.00/0.00/0.00,0.00/0.00/0.00/0.00/0.00,0.17,0.02,0.00,0.14,0.17,0.00,0.01,126,2,0,0.07,0.01,4/0,0.00,0,0,0,0,0.05,0.00,0.00,0.00,0,0.00,0.00,0,0,0/0,0.00,0,0,0.00,0,0,0.00,0,0,0.10,0.00,0,2,0,0.09,0.00,0.00,0.00,0.00,0.00,0.32,0.00,0,0.00,0,0,0/0/0,0.09,0.00,126,1,1,0,0,0,2026-09-09T18:29:15.9305690Z
3.82ms,261.5,0,63,30009,"mass_navigation_agent_health_text_light:8568,mass_navigation_agent_health_hud_light:8568,mass_navigation_agent_azure_light:2142,mass_navigation_agent_crimson_light:2142,mass_navigation_agent_amber_light:2142,mass_navigation_agent_emerald_light:2142,mass_navigation_agent_health_text_heavy:1432,mass_navigation_agent_health_hud_heavy:1432",0,0,63,63/6,0.01,0.04,0.00,0.00,0.01,3.36,0.02,0.00,0.00,:0.00,:0.00,:0.00,3.30,PresenterEntityTransformSyncSystem:0.86,AnimatorRuntimeSystem:0.64,TerrainHeightSyncSystem:0.56,0.00,0,0,0,0,0,0.64,0.86,0.20,10009/0,0.00,0/0,0.56,10009,0.00,0.00/0.00/0.00/0.00,0.00/0.00/0.00,0.00/0.00/0.00/0.00/0.00/0.00,0.00/0.00/0.00/0.00/0.00,0.17,0.02,0.00,0.14,0.17,0.00,0.01,126,2,0,0.07,0.01,4/0,0.00,0,0,0,0,0.05,0.00,0.00,0.00,0,0.00,0.00,0,0,0/0,0.00,0,0,0.00,0,0,0.00,0,0,0.10,0.00,0,2,0,0.10,0.00,0.00,0.00,0.00,0.00,0.33,0.00,0,0.00,0,0,0/0/0,0.12,0.00,126,1,1,0,0,0,2026-09-09T18:29:16.2301144Z
3.51ms,284.6,0,63,30009,"mass_navigation_agent_health_text_light:8568,mass_navigation_agent_health_hud_light:8568,mass_navigation_agent_azure_light:2142,mass_navigation_agent_crimson_light:2142,mass_navigation_agent_amber_light:2142,mass_navigation_agent_emerald_light:2142,mass_navigation_agent_health_text_heavy:1432,mass_navigation_agent_health_hud_heavy:1432",0,0,63,63/6,0.01,0.03,0.00,0.00,0.01,3.13,0.02,0.00,0.00,:0.00,:0.00,:0.00,3.09,PresenterEntityTransformSyncSystem:0.93,AnimatorRuntimeSystem:0.64,TerrainHeightSyncSystem:0.39,0.00,0,0,0,0,0,0.64,0.93,0.19,10009/0,0.00,0/0,0.39,10009,0.00,0.00/0.00/0.00/0.00,0.00/0.00/0.00,0.00/0.00/0.00/0.00/0.00/0.00,0.00/0.00/0.00/0.00/0.00,0.17,0.02,0.00,0.14,0.17,0.00,0.01,126,2,0,0.06,0.01,4/0,0.00,0,0,0,0,0.05,0.00,0.00,0.00,0,0.00,0.00,0,0,0/0,0.00,0,0,0.00,0,0,0.00,0,0,0.08,0.00,0,2,0,0.08,0.00,0.00,0.00,0.00,0.00,0.32,0.00,0,0.00,0,0,0/0/0,0.08,0.00,126,1,1,0,0,0,2026-09-09T18:29:16.4914259Z
3.62ms,276.5,0,63,30009,"mass_navigation_agent_health_text_light:8568,mass_navigation_agent_health_hud_light:8568,mass_navigation_agent_azure_light:2142,mass_navigation_agent_crimson_light:2142,mass_navigation_agent_amber_light:2142,mass_navigation_agent_emerald_light:2142,mass_navigation_agent_health_text_heavy:1432,mass_navigation_agent_health_hud_heavy:1432",0,0,63,63/6,0.01,0.04,0.00,0.00,0.01,3.18,0.02,0.00,0.00,:0.00,:0.00,:0.00,3.14,PresenterEntityTransformSyncSystem:0.86,AnimatorRuntimeSystem:0.66,TerrainHeightSyncSystem:0.38,0.01,0,0,0,0,0,0.66,0.86,0.20,10009/0,0.00,0/0,0.38,10009,0.00,0.00/0.00/0.00/0.00,0.00/0.00/0.00,0.00/0.00/0.00/0.00/0.00/0.00,0.00/0.00/0.00/0.00/0.00,0.18,0.03,0.00,0.15,0.18,0.00,0.02,126,2,0,0.07,0.01,4/0,0.00,0,0,0,0,0.05,0.00,0.00,0.00,0,0.00,0.00,0,0,0/0,0.00,0,0,0.00,0,0,0.00,0,0,0.10,0.00,0,2,0,0.10,0.00,0.00,0.00,0.00,0.00,0.33,0.00,0,0.00,0,0,0/0/0,0.08,0.00,126,1,1,0,0,0,2026-09-09T18:29:16.7651158Z
3.80ms,263.1,0,63,30009,"mass_navigation_agent_health_text_light:8568,mass_navigation_agent_health_hud_light:8568,mass_navigation_agent_azure_light:2142,mass_navigation_agent_crimson_light:2142,mass_navigation_agent_amber_light:2142,mass_navigation_agent_emerald_light:2142,mass_navigation_agent_health_text_heavy:1432,mass_navigation_agent_health_hud_heavy:1432",0,0,63,63/6,0.01,0.04,0.00,0.00,0.01,3.30,0.03,0.00,0.00,:0.00,:0.00,:0.00,3.26,PresenterEntityTransformSyncSystem:0.90,AnimatorRuntimeSystem:0.65,TerrainHeightSyncSystem:0.40,0.00,0,0,0,0,0,0.65,0.90,0.21,10009/0,0.00,0/0,0.40,10009,0.00,0.00/0.00/0.00/0.00,0.00/0.00/0.00,0.00/0.00/0.00/0.00/0.00/0.00,0.00/0.00/0.00/0.00/0.00,0.17,0.02,0.00,0.14,0.17,0.00,0.02,126,2,0,0.07,0.01,4/0,0.00,0,0,0,0,0.05,0.00,0.00,0.00,0,0.00,0.00,0,0,0/0,0.00,0,0,0.00,0,0,0.00,0,0,0.11,0.00,0,2,0,0.11,0.00,0.00,0.00,0.00,0.00,0.34,0.00,0,0.00,0,0,0/0/0,0.10,0.00,126,1,1,0,0,0,2026-09-09T18:29:17.0638007Z
3.35ms,298.2,0,63,30009,"mass_navigation_agent_health_text_light:8568,mass_navigation_agent_health_hud_light:8568,mass_navigation_agent_azure_light:2142,mass_navigation_agent_crimson_light:2142,mass_navigation_agent_amber_light:2142,mass_navigation_agent_emerald_light:2142,mass_navigation_agent_health_text_heavy:1432,mass_navigation_agent_health_hud_heavy:1432",0,0,63,63/6,0.01,0.03,0.00,0.00,0.01,3.03,0.02,0.00,0.00,:0.00,:0.00,:0.00,3.00,PresenterEntityTransformSyncSystem:0.85,AnimatorRuntimeSystem:0.60,TerrainHeightSyncSystem:0.43,0.00,0,0,0,0,0,0.60,0.85,0.18,10009/0,0.00,0/0,0.43,10009,0.00,0.00/0.00/0.00/0.00,0.00/0.00/0.00,0.00/0.00/0.00/0.00/0.00/0.00,0.00/0.00/0.00/0.00/0.00,0.16,0.02,0.00,0.14,0.16,0.00,0.01,126,2,0,0.06,0.01,4/0,0.00,0,0,0,0,0.04,0.00,0.00,0.00,0,0.00,0.00,0,0,0/0,0.00,0,0,0.00,0,0,0.00,0,0,0.06,0.00,0,2,0,0.06,0.00,0.00,0.00,0.00,0.00,0.29,0.00,0,0.00,0,0,0/0/0,0.06,0.00,126,1,1,0,0,0,2026-09-09T18:29:17.3330668Z
8.61ms,116.2,0,63,30009,"mass_navigation_agent_health_text_light:8568,mass_navigation_agent_health_hud_light:8568,mass_navigation_agent_azure_light:2142,mass_navigation_agent_crimson_light:2142,mass_navigation_agent_amber_light:2142,mass_navigation_agent_emerald_light:2142,mass_navigation_agent_health_text_heavy:1432,mass_navigation_agent_health_hud_heavy:1432",0,0,63,63/6,0.01,0.04,0.00,0.00,0.01,8.08,0.03,0.00,4.15,EffectProcessingLoopSystem:1.88,MapEntityLifecycleObserverSystem:0.61,MassNavigationAuthoredAgentBindingSystem:0.61,3.89,PresenterEntityTransformSyncSystem:0.96,PresenterEmitSystem:0.62,AnimatorRuntimeSystem:0.54,0.21,0,165,165,0,0,0.53,0.96,0.22,10009/0,0.00,0/0,0.39,10009,0.00,0.00/0.00/0.00/0.00,0.00/0.00/0.00,0.00/0.00/0.00/0.00/0.00/0.00,0.00/0.00/0.00/0.00/0.00,0.21,0.05,0.00,0.15,0.21,0.00,0.02,126,2,0,0.08,0.01,4/0,0.00,0,0,0,0,0.05,0.00,0.00,0.00,0,0.00,0.00,0,0,0/0,0.00,0,0,0.00,0,0,0.00,0,0,0.12,0.00,0,2,0,0.12,0.00,0.00,0.00,0.00,0.00,0.62,0.00,0,0.28,328,0,328/0/0,0.10,0.00,126,1,1,0,0,0,2026-09-09T18:29:17.6164536Z
3.88ms,258.0,0,63,30009,"mass_navigation_agent_health_text_light:8568,mass_navigation_agent_health_hud_light:8568,mass_navigation_agent_azure_light:2142,mass_navigation_agent_crimson_light:2142,mass_navigation_agent_amber_light:2142,mass_navigation_agent_emerald_light:2142,mass_navigation_agent_health_text_heavy:1432,mass_navigation_agent_health_hud_heavy:1432",0,0,63,63/6,0.01,0.04,0.00,0.00,0.01,3.36,0.03,0.00,0.00,:0.00,:0.00,:0.00,3.28,PresenterEntityTransformSyncSystem:0.85,AnimatorRuntimeSystem:0.67,PresenterEmitSystem:0.42,0.00,0,0,0,0,0,0.67,0.85,0.23,10009/0,0.00,0/0,0.40,10009,0.00,0.00/0.00/0.00/0.00,0.00/0.00/0.00,0.00/0.00/0.00/0.00/0.00/0.00,0.00/0.00/0.00/0.00/0.00,0.18,0.03,0.00,0.15,0.18,0.00,0.02,126,2,0,0.07,0.01,4/0,0.00,0,0,0,0,0.05,0.00,0.00,0.00,0,0.00,0.00,0,0,0/0,0.00,0,0,0.00,0,0,0.00,0,0,0.13,0.00,0,2,0,0.12,0.00,0.00,0.00,0.00,0.00,0.42,0.00,0,0.00,0,0,0/0/0,0.11,0.00,126,1,1,0,0,0,2026-09-09T18:29:17.8813818Z
3.65ms,273.8,0,63,30009,"mass_navigation_agent_health_text_light:8568,mass_navigation_agent_health_hud_light:8568,mass_navigation_agent_azure_light:2142,mass_navigation_agent_crimson_light:2142,mass_navigation_agent_amber_light:2142,mass_navigation_agent_emerald_light:2142,mass_navigation_agent_health_text_heavy:1432,mass_navigation_agent_health_hud_heavy:1432",0,0,63,63/6,0.01,0.03,0.00,0.00,0.01,3.22,0.02,0.00,0.00,:0.00,:0.00,:0.00,3.18,PresenterEntityTransformSyncSystem:0.92,AnimatorRuntimeSystem:0.64,TerrainHeightSyncSystem:0.40,0.00,0,0,0,0,0,0.64,0.92,0.23,10009/0,0.00,0/0,0.40,10009,0.00,0.00/0.00/0.00/0.00,0.00/0.00/0.00,0.00/0.00/0.00/0.00/0.00/0.00,0.00/0.00/0.00/0.00/0.00,0.17,0.02,0.00,0.14,0.17,0.00,0.01,126,2,0,0.06,0.01,4/0,0.00,0,0,0,0,0.05,0.00,0.00,0.00,0,0.00,0.00,0,0,0/0,0.00,0,0,0.00,0,0,0.00,0,0,0.10,0.00,0,2,0,0.10,0.00,0.00,0.00,0.00,0.00,0.32,0.00,0,0.00,0,0,0/0/0,0.09,0.00,126,1,1,0,0,0,2026-09-09T18:29:18.1785836Z
3.46ms,289.4,0,63,30009,"mass_navigation_agent_health_text_light:8568,mass_navigation_agent_health_hud_light:8568,mass_navigation_agent_azure_light:2142,mass_navigation_agent_crimson_light:2142,mass_navigation_agent_amber_light:2142,mass_navigation_agent_emerald_light:2142,mass_navigation_agent_health_text_heavy:1432,mass_navigation_agent_health_hud_heavy:1432",0,0,63,63/6,0.01,0.03,0.00,0.00,0.01,3.12,0.02,0.00,0.00,:0.00,:0.00,:0.00,3.08,PresenterEntityTransformSyncSystem:0.83,AnimatorRuntimeSystem:0.67,TerrainHeightSyncSystem:0.39,0.00,0,0,0,0,0,0.67,0.83,0.18,10009/0,0.00,0/0,0.39,10009,0.00,0.00/0.00/0.00/0.00,0.00/0.00/0.00,0.00/0.00/0.00/0.00/0.00/0.00,0.00/0.00/0.00/0.00/0.00,0.17,0.03,0.00,0.14,0.17,0.00,0.01,126,2,0,0.06,0.01,4/0,0.00,0,0,0,0,0.04,0.00,0.00,0.00,0,0.00,0.00,0,0,0/0,0.00,0,0,0.00,0,0,0.00,0,0,0.07,0.00,0,2,0,0.07,0.00,0.00,0.00,0.00,0.00,0.33,0.00,0,0.00,0,0,0/0/0,0.07,0.00,126,1,1,0,0,0,2026-09-09T18:29:18.4645074Z
3.47ms,288.1,0,63,30009,"mass_navigation_agent_health_text_light:8568,mass_navigation_agent_health_hud_light:8568,mass_navigation_agent_azure_light:2142,mass_navigation_agent_crimson_light:2142,mass_navigation_agent_amber_light:2142,mass_navigation_agent_emerald_light:2142,mass_navigation_agent_health_text_heavy:1432,mass_navigation_agent_health_hud_heavy:1432",0,0,63,63/6,0.01,0.03,0.00,0.00,0.01,3.05,0.02,0.00,0.00,:0.00,:0.00,:0.00,3.02,PresenterEntityTransformSyncSystem:0.86,AnimatorRuntimeSystem:0.67,TerrainHeightSyncSystem:0.38,0.00,0,0,0,0,0,0.67,0.86,0.19,10009/0,0.00,0/0,0.38,10009,0.00,0.00/0.00/0.00/0.00,0.00/0.00/0.00,0.00/0.00/0.00/0.00/0.00/0.00,0.00/0.00/0.00/0.00/0.00,0.16,0.02,0.00,0.14,0.16,0.00,0.01,126,2,0,0.07,0.01,4/0,0.00,0,0,0,0,0.05,0.00,0.00,0.00,0,0.00,0.00,0,0,0/0,0.00,0,0,0.00,0,0,0.00,0,0,0.09,0.00,0,2,0,0.09,0.00,0.00,0.00,0.00,0.00,0.32,0.00,0,0.00,0,0,0/0/0,0.09,0.00,126,1,1,0,0,0,2026-09-09T18:29:18.7332336Z
3.64ms,274.6,0,63,30009,"mass_navigation_agent_health_text_light:8568,mass_navigation_agent_health_hud_light:8568,mass_navigation_agent_azure_light:2142,mass_navigation_agent_crimson_light:2142,mass_navigation_agent_amber_light:2142,mass_navigation_agent_emerald_light:2142,mass_navigation_agent_health_text_heavy:1432,mass_navigation_agent_health_hud_heavy:1432",0,0,63,63/6,0.01,0.03,0.00,0.00,0.01,3.22,0.02,0.00,0.00,:0.00,:0.00,:0.00,3.17,PresenterEntityTransformSyncSystem:0.85,AnimatorRuntimeSystem:0.63,TerrainHeightSyncSystem:0.46,0.00,0,0,0,0,0,0.63,0.85,0.22,10009/0,0.00,0/0,0.46,10009,0.00,0.00/0.00/0.00/0.00,0.00/0.00/0.00,0.00/0.00/0.00/0.00/0.00/0.00,0.00/0.00/0.00/0.00/0.00,0.18,0.03,0.00,0.14,0.17,0.00,0.01,126,2,0,0.07,0.01,4/0,0.00,0,0,0,0,0.05,0.00,0.00,0.00,0,0.00,0.00,0,0,0/0,0.00,0,0,0.00,0,0,0.00,0,0,0.09,0.00,0,2,0,0.09,0.00,0.00,0.00,0.00,0.00,0.34,0.00,0,0.00,0,0,0/0/0,0.09,0.00,126,1,1,0,0,0,2026-09-09T18:29:19.0300439Z
9.42ms,106.2,0,63,30009,"mass_navigation_agent_health_text_light:8568,mass_navigation_agent_health_hud_light:8568,mass_navigation_agent_azure_light:2142,mass_navigation_agent_crimson_light:2142,mass_navigation_agent_amber_light:2142,mass_navigation_agent_emerald_light:2142,mass_navigation_agent_health_text_heavy:1432,mass_navigation_agent_health_hud_heavy:1432",0,0,63,63/6,0.01,0.03,0.00,0.00,0.01,8.80,0.04,0.00,4.45,EffectProcessingLoopSystem:1.96,MassNavigationAuthoredAgentBindingSystem:0.65,MapEntityLifecycleObserverSystem:0.64,4.30,PresenterEntityTransformSyncSystem:1.19,PresenterEmitSystem:0.69,AnimatorRuntimeSystem:0.56,0.25,0,182,182,0,0,0.56,1.18,0.22,10009/0,0.00,0/0,0.38,10009,0.00,0.00/0.00/0.00/0.00,0.00/0.00/0.00,0.00/0.00/0.00/0.00/0.00/0.00,0.00/0.00/0.00/0.00/0.00,0.19,0.03,0.00,0.15,0.19,0.00,0.03,126,2,0,0.07,0.01,4/0,0.00,0,0,0,0,0.05,0.00,0.00,0.00,0,0.00,0.00,0,0,0/0,0.00,0,0,0.00,0,0,0.00,0,0,0.16,0.00,0,2,0,0.16,0.00,0.00,0.00,0.00,0.00,0.69,0.00,0,0.31,362,0,362/0/0,0.10,0.00,126,1,1,0,0,0,2026-09-09T18:29:19.3092613Z
3.64ms,274.8,0,63,30009,"mass_navigation_agent_health_text_light:8568,mass_navigation_agent_health_hud_light:8568,mass_navigation_agent_azure_light:2142,mass_navigation_agent_crimson_light:2142,mass_navigation_agent_amber_light:2142,mass_navigation_agent_emerald_light:2142,mass_navigation_agent_health_text_heavy:1432,mass_navigation_agent_health_hud_heavy:1432",0,0,63,63/6,0.01,0.03,0.00,0.00,0.01,3.16,0.02,0.00,0.00,:0.00,:0.00,:0.00,3.12,PresenterEntityTransformSyncSystem:0.86,AnimatorRuntimeSystem:0.73,TerrainHeightSyncSystem:0.38,0.00,0,0,0,0,0,0.73,0.86,0.18,10009/0,0.00,0/0,0.38,10009,0.00,0.00/0.00/0.00/0.00,0.00/0.00/0.00,0.00/0.00/0.00/0.00/0.00/0.00,0.00/0.00/0.00/0.00/0.00,0.16,0.02,0.00,0.13,0.16,0.00,0.01,126,2,0,0.07,0.01,4/0,0.00,0,0,0,0,0.05,0.00,0.00,0.00,0,0.00,0.00,0,0,0/0,0.00,0,0,0.00,0,0,0.00,0,0,0.10,0.00,0,2,0,0.10,0.00,0.00,0.00,0.00,0.00,0.37,0.00,0,0.00,0,0,0/0/0,0.08,0.00,126,1,1,0,0,0,2026-09-09T18:29:19.5753893Z
3.97ms,251.9,0,63,30009,"mass_navigation_agent_health_text_light:8568,mass_navigation_agent_health_hud_light:8568,mass_navigation_agent_azure_light:2142,mass_navigation_agent_crimson_light:2142,mass_navigation_agent_amber_light:2142,mass_navigation_agent_emerald_light:2142,mass_navigation_agent_health_text_heavy:1432,mass_navigation_agent_health_hud_heavy:1432",0,0,63,63/6,0.01,0.04,0.00,0.00,0.01,3.46,0.03,0.00,0.00,:0.00,:0.00,:0.00,3.40,PresenterEntityTransformSyncSystem:0.92,AnimatorRuntimeSystem:0.67,TerrainHeightSyncSystem:0.43,0.00,0,0,0,0,0,0.67,0.92,0.27,10009/0,0.00,0/0,0.43,10009,0.00,0.00/0.00/0.00/0.00,0.00/0.00/0.00,0.00/0.00/0.00/0.00/0.00/0.00,0.00/0.00/0.00/0.00/0.00,0.20,0.03,0.00,0.17,0.20,0.00,0.02,126,2,0,0.07,0.01,4/0,0.00,0,0,0,0,0.05,0.00,0.00,0.00,0,0.00,0.00,0,0,0/0,0.00,0,0,0.00,0,0,0.00,0,0,0.12,0.00,0,2,0,0.12,0.00,0.00,0.00,0.00,0.00,0.35,0.00,0,0.00,0,0,0/0/0,0.10,0.00,126,1,1,0,0,0,2026-09-09T18:29:19.8657806Z
4.28ms,233.5,0,63,30009,"mass_navigation_agent_health_text_light:8568,mass_navigation_agent_health_hud_light:8568,mass_navigation_agent_azure_light:2142,mass_navigation_agent_crimson_light:2142,mass_navigation_agent_amber_light:2142,mass_navigation_agent_emerald_light:2142,mass_navigation_agent_health_text_heavy:1432,mass_navigation_agent_health_hud_heavy:1432",0,0,63,63/6,0.01,0.04,0.00,0.00,0.02,3.88,0.02,0.00,0.19,EffectProcessingLoopSystem:0.18,:0.00,:0.00,3.62,PresenterEntityTransformSyncSystem:1.21,AnimatorRuntimeSystem:0.63,TerrainHeightSyncSystem:0.40,0.00,0,0,0,0,0,0.63,1.21,0.20,10009/0,0.00,0/0,0.40,10009,0.00,0.00/0.00/0.00/0.00,0.00/0.00/0.00,0.00/0.00/0.00/0.00/0.00/0.00,0.00/0.00/0.00/0.00/0.00,0.21,0.03,0.00,0.18,0.21,0.00,0.02,126,2,0,0.07,0.01,4/0,0.00,0,0,0,0,0.05,0.00,0.00,0.00,0,0.00,0.00,0,0,0/0,0.00,0,0,0.00,0,0,0.00,0,0,0.08,0.00,0,2,0,0.08,0.00,0.00,0.00,0.00,0.00,0.36,0.00,0,0.00,0,0,0/0/0,0.07,0.00,126,1,1,0,0,0,2026-09-09T18:29:20.2126194Z
18.28ms,54.7,0,63,30009,"mass_navigation_agent_health_text_light:8568,mass_navigation_agent_health_hud_light:8568,mass_navigation_agent_azure_light:2142,mass_navigation_agent_crimson_light:2142,mass_navigation_agent_amber_light:2142,mass_navigation_agent_emerald_light:2142,mass_navigation_agent_health_text_heavy:1432,mass_navigation_agent_health_hud_heavy:1432",0,0,63,63/6,0.01,0.04,0.00,0.00,0.01,17.48,0.05,0.00,12.06,MassNavigationSimulationStepSystem:10.06,AbilityEndOrderSystem:0.41,EffectProcessingLoopSystem:0.32,5.36,PresenterEntityTransformSyncSystem:2.18,AnimatorRuntimeSystem:0.68,TerrainHeightSyncSystem:0.46,0.01,0,0,0,0,0,0.67,2.18,0.25,10009/0,0.00,0/0,0.46,10009,0.00,0.00/0.00/0.00/0.00,0.00/0.00/0.00,0.00/0.00/0.00/0.00/0.00/0.00,0.00/0.00/0.00/0.00/0.00,0.41,0.05,0.00,0.35,0.40,0.00,0.03,126,2,0,0.09,0.01,4/0,0.00,0,0,0,0,0.06,0.00,0.00,0.00,0,0.00,0.00,0,0,0/0,0.00,0,0,0.00,0,0,0.00,0,0,0.22,0.00,0,2,0,0.22,0.00,0.00,0.00,0.00,0.00,0.43,0.00,0,0.00,0,0,0/0/0,0.16,0.00,126,1,1,0,0,0,2026-09-09T18:29:20.6102570Z
23.35ms,42.8,0,63,30009,"mass_navigation_agent_health_text_light:8568,mass_navigation_agent_health_hud_light:8568,mass_navigation_agent_azure_light:2142,mass_navigation_agent_crimson_light:2142,mass_navigation_agent_amber_light:2142,mass_navigation_agent_emerald_light:2142,mass_navigation_agent_health_text_heavy:1432,mass_navigation_agent_health_hud_heavy:1432",0,0,63,63/6,0.01,0.04,0.00,0.00,0.02,22.51,0.05,0.00,16.52,MassNavigationSimulationStepSystem:14.61,AbilityEndOrderSystem:0.38,EffectProcessingLoopSystem:0.31,5.92,PresenterEntityTransformSyncSystem:2.77,AnimatorRuntimeSystem:0.66,TerrainHeightSyncSystem:0.48,0.01,0,0,0,0,0,0.66,2.76,0.25,10009/0,0.00,0/0,0.48,10009,0.00,0.00/0.00/0.00/0.00,0.00/0.00/0.00,0.00/0.00/0.00/0.00/0.00/0.00,0.00/0.00/0.00/0.00/0.00,0.35,0.04,0.00,0.29,0.34,0.00,0.03,126,2,0,0.09,0.01,4/0,0.00,0,0,0,0,0.06,0.00,0.00,0.00,0,0.00,0.00,0,0,0/0,0.00,0,0,0.00,0,0,0.00,0,0,0.23,0.00,0,2,0,0.22,0.00,0.00,0.00,0.00,0.00,0.46,0.00,0,0.00,0,0,0/0/0,0.18,0.00,126,1,1,0,0,0,2026-09-09T18:29:21.0136968Z
3.70ms,270.1,0,63,30009,"mass_navigation_agent_health_text_light:8568,mass_navigation_agent_health_hud_light:8568,mass_navigation_agent_azure_light:2142,mass_navigation_agent_crimson_light:2142,mass_navigation_agent_amber_light:2142,mass_navigation_agent_emerald_light:2142,mass_navigation_agent_health_text_heavy:1432,mass_navigation_agent_health_hud_heavy:1432",0,0,63,63/6,0.01,0.04,0.00,0.00,0.01,3.24,0.02,0.00,0.00,:0.00,:0.00,:0.00,3.21,PresenterEntityTransformSyncSystem:0.93,AnimatorRuntimeSystem:0.63,TerrainHeightSyncSystem:0.41,0.00,0,0,0,0,0,0.63,0.93,0.20,10009/0,0.00,0/0,0.41,10009,0.00,0.00/0.00/0.00/0.00,0.00/0.00/0.00,0.00/0.00/0.00/0.00/0.00/0.00,0.00/0.00/0.00/0.00/0.00,0.17,0.02,0.00,0.14,0.17,0.00,0.02,126,2,0,0.07,0.01,4/0,0.00,0,0,0,0,0.05,0.00,0.00,0.00,0,0.00,0.00,0,0,0/0,0.00,0,0,0.00,0,0,0.00,0,0,0.11,0.00,0,2,0,0.11,0.00,0.00,0.00,0.00,0.00,0.32,0.00,0,0.00,0,0,0/0/0,0.09,0.00,126,1,1,0,0,0,2026-09-09T18:29:21.3398810Z
3.58ms,279.7,0,63,30009,"mass_navigation_agent_health_text_light:8568,mass_navigation_agent_health_hud_light:8568,mass_navigation_agent_azure_light:2142,mass_navigation_agent_crimson_light:2142,mass_navigation_agent_amber_light:2142,mass_navigation_agent_emerald_light:2142,mass_navigation_agent_health_text_heavy:1432,mass_navigation_agent_health_hud_heavy:1432",0,0,63,63/6,0.01,0.03,0.00,0.00,0.01,3.16,0.03,0.00,0.00,:0.00,:0.00,:0.00,3.11,PresenterEntityTransformSyncSystem:0.81,AnimatorRuntimeSystem:0.57,TerrainHeightSyncSystem:0.40,0.00,0,0,0,0,0,0.57,0.81,0.23,10009/0,0.00,0/0,0.40,10009,0.00,0.00/0.00/0.00/0.00,0.00/0.00/0.00,0.00/0.00/0.00/0.00/0.00/0.00,0.00/0.00/0.00/0.00/0.00,0.17,0.02,0.00,0.14,0.17,0.00,0.02,126,2,0,0.07,0.01,4/0,0.00,0,0,0,0,0.05,0.00,0.00,0.00,0,0.00,0.00,0,0,0/0,0.00,0,0,0.00,0,0,0.00,0,0,0.08,0.00,0,2,0,0.08,0.00,0.00,0.00,0.00,0.00,0.38,0.00,0,0.00,0,0,0/0/0,0.08,0.00,126,1,1,0,0,0,2026-09-09T18:29:21.6343994Z
3.69ms,271.0,0,63,30009,"mass_navigation_agent_health_text_light:8568,mass_navigation_agent_health_hud_light:8568,mass_navigation_agent_azure_light:2142,mass_navigation_agent_crimson_light:2142,mass_navigation_agent_amber_light:2142,mass_navigation_agent_emerald_light:2142,mass_navigation_agent_health_text_heavy:1432,mass_navigation_agent_health_hud_heavy:1432",0,0,63,63/6,0.01,0.03,0.00,0.00,0.01,3.24,0.02,0.00,0.00,:0.00,:0.00,:0.00,3.19,PresenterEntityTransformSyncSystem:0.84,AnimatorRuntimeSystem:0.73,TerrainHeightSyncSystem:0.41,0.00,0,0,0,0,0,0.73,0.84,0.18,10009/0,0.00,0/0,0.41,10009,0.00,0.00/0.00/0.00/0.00,0.00/0.00/0.00,0.00/0.00/0.00/0.00/0.00/0.00,0.00/0.00/0.00/0.00/0.00,0.18,0.03,0.00,0.15,0.18,0.00,0.02,126,2,0,0.07,0.01,4/0,0.00,0,0,0,0,0.05,0.00,0.00,0.00,0,0.00,0.00,0,0,0/0,0.00,0,0,0.00,0,0,0.00,0,0,0.10,0.00,0,2,0,0.10,0.00,0.00,0.00,0.00,0.00,0.31,0.00,0,0.00,0,0,0/0/0,0.09,0.00,126,1,1,0,0,0,2026-09-09T18:29:21.9158314Z
3.83ms,260.9,0,63,30009,"mass_navigation_agent_health_text_light:8568,mass_navigation_agent_health_hud_light:8568,mass_navigation_agent_azure_light:2142,mass_navigation_agent_crimson_light:2142,mass_navigation_agent_amber_light:2142,mass_navigation_agent_emerald_light:2142,mass_navigation_agent_health_text_heavy:1432,mass_navigation_agent_health_hud_heavy:1432",0,0,63,63/6,0.01,0.04,0.00,0.00,0.01,3.39,0.02,0.00,0.00,:0.00,:0.00,:0.00,3.34,PresenterEntityTransformSyncSystem:0.94,AnimatorRuntimeSystem:0.61,TerrainHeightSyncSystem:0.42,0.00,0,0,0,0,0,0.61,0.94,0.27,10009/0,0.00,0/0,0.42,10009,0.00,0.00/0.00/0.00/0.00,0.00/0.00/0.00,0.00/0.00/0.00/0.00/0.00/0.00,0.00/0.00/0.00/0.00/0.00,0.19,0.03,0.00,0.15,0.19,0.00,0.02,126,2,0,0.07,0.01,4/0,0.00,0,0,0,0,0.05,0.00,0.00,0.00,0,0.00,0.00,0,0,0/0,0.00,0,0,0.00,0,0,0.00,0,0,0.10,0.00,0,2,0,0.10,0.00,0.00,0.00,0.00,0.00,0.34,0.00,0,0.00,0,0,0/0/0,0.09,0.00,126,1,1,0,0,0,2026-09-09T18:29:22.2265854Z
8.71ms,114.9,0,63,30009,"mass_navigation_agent_health_text_light:8568,mass_navigation_agent_health_hud_light:8568,mass_navigation_agent_azure_light:2142,mass_navigation_agent_crimson_light:2142,mass_navigation_agent_amber_light:2142,mass_navigation_agent_emerald_light:2142,mass_navigation_agent_health_text_heavy:1432,mass_navigation_agent_health_hud_heavy:1432",0,0,63,63/6,0.01,0.04,0.00,0.00,0.01,8.11,0.03,0.00,3.92,EffectProcessingLoopSystem:1.74,MapEntityLifecycleObserverSystem:0.65,MassNavigationAuthoredAgentBindingSystem:0.54,4.14,PresenterEntityTransformSyncSystem:1.06,PresenterEmitSystem:0.60,AnimatorRuntimeSystem:0.59,0.23,0,157,157,0,0,0.59,1.06,0.19,10009/0,0.00,0/0,0.45,10009,0.00,0.00/0.00/0.00/0.00,0.00/0.00/0.00,0.00/0.00/0.00/0.00/0.00/0.00,0.00/0.00/0.00/0.00/0.00,0.19,0.03,0.00,0.15,0.19,0.00,0.02,126,2,0,0.07,0.01,4/0,0.00,0,0,0,0,0.05,0.00,0.00,0.00,0,0.00,0.00,0,0,0/0,0.00,0,0,0.00,0,0,0.00,0,0,0.15,0.00,0,2,0,0.15,0.00,0.00,0.00,0.00,0.00,0.60,0.00,0,0.26,312,0,312/0/0,0.12,0.00,126,1,1,0,0,0,2026-09-09T18:29:22.5096578Z
3.58ms,279.6,0,63,30009,"mass_navigation_agent_health_text_light:8568,mass_navigation_agent_health_hud_light:8568,mass_navigation_agent_azure_light:2142,mass_navigation_agent_crimson_light:2142,mass_navigation_agent_amber_light:2142,mass_navigation_agent_emerald_light:2142,mass_navigation_agent_health_text_heavy:1432,mass_navigation_agent_health_hud_heavy:1432",0,0,63,63/6,0.00,0.03,0.00,0.00,0.01,3.13,0.02,0.00,0.00,:0.00,:0.00,:0.00,3.09,PresenterEntityTransformSyncSystem:0.81,AnimatorRuntimeSystem:0.61,TerrainHeightSyncSystem:0.40,0.00,0,0,0,0,0,0.61,0.81,0.22,10009/0,0.00,0/0,0.40,10009,0.00,0.00/0.00/0.00/0.00,0.00/0.00/0.00,0.00/0.00/0.00/0.00/0.00/0.00,0.00/0.00/0.00/0.00/0.00,0.16,0.02,0.00,0.14,0.16,0.00,0.01,126,2,0,0.07,0.01,4/0,0.00,0,0,0,0,0.05,0.00,0.00,0.00,0,0.00,0.00,0,0,0/0,0.00,0,0,0.00,0,0,0.00,0,0,0.10,0.00,0,2,0,0.10,0.00,0.00,0.00,0.00,0.00,0.33,0.00,0,0.00,0,0,0/0/0,0.10,0.00,126,1,1,0,0,0,2026-09-09T18:29:22.7830134Z
3.55ms,281.6,0,63,30009,"mass_navigation_agent_health_text_light:8568,mass_navigation_agent_health_hud_light:8568,mass_navigation_agent_azure_light:2142,mass_navigation_agent_crimson_light:2142,mass_navigation_agent_amber_light:2142,mass_navigation_agent_emerald_light:2142,mass_navigation_agent_health_text_heavy:1432,mass_navigation_agent_health_hud_heavy:1432",0,0,63,63/6,0.01,0.03,0.00,0.00,0.01,3.13,0.05,0.00,0.00,:0.00,:0.00,:0.00,3.10,PresenterEntityTransformSyncSystem:0.88,AnimatorRuntimeSystem:0.60,TerrainHeightSyncSystem:0.42,0.00,0,0,0,0,0,0.60,0.88,0.20,10009/0,0.00,0/0,0.42,10009,0.00,0.00/0.00/0.00/0.00,0.00/0.00/0.00,0.00/0.00/0.00/0.00/0.00/0.00,0.00/0.00/0.00/0.00/0.00,0.18,0.02,0.00,0.15,0.18,0.00,0.04,126,2,0,0.06,0.01,4/0,0.00,0,0,0,0,0.04,0.00,0.00,0.00,0,0.00,0.00,0,0,0/0,0.00,0,0,0.00,0,0,0.00,0,0,0.09,0.00,0,2,0,0.09,0.00,0.00,0.00,0.00,0.00,0.31,0.00,0,0.00,0,0,0/0/0,0.08,0.00,126,1,1,0,0,0,2026-09-09T18:29:23.0805061Z
8.19ms,122.1,0,63,30009,"mass_navigation_agent_health_text_light:8568,mass_navigation_agent_health_hud_light:8568,mass_navigation_agent_azure_light:2142,mass_navigation_agent_crimson_light:2142,mass_navigation_agent_amber_light:2142,mass_navigation_agent_emerald_light:2142,mass_navigation_agent_health_text_heavy:1432,mass_navigation_agent_health_hud_heavy:1432",0,0,63,63/6,0.01,0.04,0.00,0.00,0.01,7.62,0.03,0.00,3.77,EffectProcessingLoopSystem:1.61,MapEntityLifecycleObserverSystem:0.59,MassNavigationAuthoredAgentBindingSystem:0.54,3.81,PresenterEntityTransformSyncSystem:0.92,PresenterEmitSystem:0.61,AnimatorRuntimeSystem:0.55,0.21,0,150,150,0,0,0.55,0.92,0.20,10009/0,0.00,0/0,0.41,10009,0.00,0.00/0.00/0.00/0.00,0.00/0.00/0.00,0.00/0.00/0.00/0.00/0.00/0.00,0.00/0.00/0.00/0.00/0.00,0.21,0.03,0.00,0.16,0.21,0.00,0.02,126,2,0,0.08,0.01,4/0,0.00,0,0,0,0,0.05,0.00,0.00,0.00,0,0.00,0.00,0,0,0/0,0.00,0,0,0.00,0,0,0.00,0,0,0.15,0.00,0,2,0,0.15,0.00,0.00,0.00,0.00,0.00,0.61,0.00,0,0.26,298,0,298/0/0,0.09,0.00,126,1,1,0,0,0,2026-09-09T18:29:23.3599978Z
3.81ms,262.3,0,63,30009,"mass_navigation_agent_health_text_light:8568,mass_navigation_agent_health_hud_light:8568,mass_navigation_agent_azure_light:2142,mass_navigation_agent_crimson_light:2142,mass_navigation_agent_amber_light:2142,mass_navigation_agent_emerald_light:2142,mass_navigation_agent_health_text_heavy:1432,mass_navigation_agent_health_hud_heavy:1432",0,0,63,63/6,0.01,0.05,0.00,0.00,0.01,3.31,0.03,0.00,0.00,:0.00,:0.00,:0.00,3.27,PresenterEntityTransformSyncSystem:0.95,AnimatorRuntimeSystem:0.66,TerrainHeightSyncSystem:0.44,0.00,0,0,0,0,0,0.65,0.95,0.21,10009/0,0.00,0/0,0.44,10009,0.00,0.00/0.00/0.00/0.00,0.00/0.00/0.00,0.00/0.00/0.00/0.00/0.00/0.00,0.00/0.00/0.00/0.00/0.00,0.16,0.02,0.00,0.14,0.16,0.00,0.02,126,2,0,0.10,0.01,4/0,0.00,0,0,0,0,0.07,0.00,0.00,0.00,0,0.00,0.00,0,0,0/0,0.00,0,0,0.00,0,0,0.00,0,0,0.10,0.00,0,2,0,0.10,0.00,0.00,0.00,0.00,0.00,0.40,0.00,0,0.00,0,0,0/0/0,0.09,0.00,126,1,1,0,0,0,2026-09-09T18:29:23.6360851Z
3.52ms,283.7,0,63,30009,"mass_navigation_agent_health_text_light:8568,mass_navigation_agent_health_hud_light:8568,mass_navigation_agent_azure_light:2142,mass_navigation_agent_crimson_light:2142,mass_navigation_agent_amber_light:2142,mass_navigation_agent_emerald_light:2142,mass_navigation_agent_health_text_heavy:1432,mass_navigation_agent_health_hud_heavy:1432",0,0,63,63/6,0.01,0.03,0.00,0.00,0.01,3.13,0.02,0.00,0.00,:0.00,:0.00,:0.00,3.09,PresenterEntityTransformSyncSystem:0.87,AnimatorRuntimeSystem:0.65,TerrainHeightSyncSystem:0.41,0.00,0,0,0,0,0,0.65,0.87,0.19,10009/0,0.00,0/0,0.41,10009,0.00,0.00/0.00/0.00/0.00,0.00/0.00/0.00,0.00/0.00/0.00/0.00/0.00/0.00,0.00/0.00/0.00/0.00/0.00,0.17,0.02,0.00,0.14,0.17,0.00,0.01,126,2,0,0.06,0.01,4/0,0.00,0,0,0,0,0.04,0.00,0.00,0.00,0,0.00,0.00,0,0,0/0,0.00,0,0,0.00,0,0,0.00,0,0,0.09,0.00,0,2,0,0.09,0.00,0.00,0.00,0.00,0.00,0.32,0.00,0,0.00,0,0,0/0/0,0.07,0.00,126,1,1,0,0,0,2026-09-09T18:29:23.9299226Z
3.74ms,267.2,0,63,30009,"mass_navigation_agent_health_text_light:8568,mass_navigation_agent_health_hud_light:8568,mass_navigation_agent_azure_light:2142,mass_navigation_agent_crimson_light:2142,mass_navigation_agent_amber_light:2142,mass_navigation_agent_emerald_light:2142,mass_navigation_agent_health_text_heavy:1432,mass_navigation_agent_health_hud_heavy:1432",0,0,63,63/6,0.01,0.04,0.00,0.00,0.02,3.36,0.02,0.00,0.00,:0.00,:0.00,:0.00,3.30,PresenterEntityTransformSyncSystem:0.88,AnimatorRuntimeSystem:0.65,TerrainHeightSyncSystem:0.42,0.00,0,0,0,0,0,0.65,0.88,0.18,10009/0,0.00,0/0,0.42,10009,0.00,0.00/0.00/0.00/0.00,0.00/0.00/0.00,0.00/0.00/0.00/0.00/0.00/0.00,0.00/0.00/0.00/0.00/0.00,0.20,0.03,0.00,0.16,0.20,0.00,0.02,126,2,0,0.07,0.01,4/0,0.00,0,0,0,0,0.05,0.00,0.00,0.00,0,0.00,0.00,0,0,0/0,0.00,0,0,0.00,0,0,0.00,0,0,0.08,0.00,0,2,0,0.08,0.00,0.00,0.00,0.00,0.00,0.36,0.00,0,0.00,0,0,0/0/0,0.07,0.00,126,1,1,0,0,0,2026-09-09T18:29:24.2650084Z
3.36ms,297.6,0,63,30009,"mass_navigation_agent_health_text_light:8568,mass_navigation_agent_health_hud_light:8568,mass_navigation_agent_azure_light:2142,mass_navigation_agent_crimson_light:2142,mass_navigation_agent_amber_light:2142,mass_navigation_agent_emerald_light:2142,mass_navigation_agent_health_text_heavy:1432,mass_navigation_agent_health_hud_heavy:1432",0,0,63,63/6,0.01,0.03,0.00,0.00,0.01,3.00,0.02,0.00,0.00,:0.00,:0.00,:0.00,2.96,PresenterEntityTransformSyncSystem:0.75,AnimatorRuntimeSystem:0.63,TerrainHeightSyncSystem:0.41,0.00,0,0,0,0,0,0.63,0.75,0.19,10009/0,0.00,0/0,0.41,10009,0.00,0.00/0.00/0.00/0.00,0.00/0.00/0.00,0.00/0.00/0.00/0.00/0.00/0.00,0.00/0.00/0.00/0.00/0.00,0.17,0.02,0.00,0.14,0.17,0.00,0.01,126,2,0,0.06,0.01,4/0,0.00,0,0,0,0,0.04,0.00,0.00,0.00,0,0.00,0.00,0,0,0/0,0.00,0,0,0.00,0,0,0.00,0,0,0.08,0.00,0,2,0,0.08,0.00,0.00,0.00,0.00,0.00,0.30,0.00,0,0.00,0,0,0/0/0,0.07,0.00,126,1,1,0,0,0,2026-09-09T18:29:24.5378028Z
3.44ms,290.3,0,63,30009,"mass_navigation_agent_health_text_light:8568,mass_navigation_agent_health_hud_light:8568,mass_navigation_agent_azure_light:2142,mass_navigation_agent_crimson_light:2142,mass_navigation_agent_amber_light:2142,mass_navigation_agent_emerald_light:2142,mass_navigation_agent_health_text_heavy:1432,mass_navigation_agent_health_hud_heavy:1432",0,0,63,63/6,0.01,0.03,0.00,0.00,0.01,3.00,0.02,0.00,0.00,:0.00,:0.00,:0.00,2.94,PresenterEntityTransformSyncSystem:0.77,AnimatorRuntimeSystem:0.54,TerrainHeightSyncSystem:0.36,0.00,0,0,0,0,0,0.54,0.77,0.26,10009/0,0.00,0/0,0.36,10009,0.00,0.00/0.00/0.00/0.00,0.00/0.00/0.00,0.00/0.00/0.00/0.00/0.00/0.00,0.00/0.00/0.00/0.00/0.00,0.19,0.03,0.00,0.15,0.19,0.00,0.02,126,2,0,0.07,0.01,4/0,0.00,0,0,0,0,0.05,0.00,0.00,0.00,0,0.00,0.00,0,0,0/0,0.00,0,0,0.00,0,0,0.00,0,0,0.10,0.00,0,2,0,0.10,0.00,0.00,0.00,0.00,0.00,0.32,0.00,0,0.00,0,0,0/0/0,0.09,0.00,126,1,1,0,0,0,2026-09-09T18:29:24.8222434Z
3.96ms,252.3,0,63,30009,"mass_navigation_agent_health_text_light:8568,mass_navigation_agent_health_hud_light:8568,mass_navigation_agent_azure_light:2142,mass_navigation_agent_crimson_light:2142,mass_navigation_agent_amber_light:2142,mass_navigation_agent_emerald_light:2142,mass_navigation_agent_health_text_heavy:1432,mass_navigation_agent_health_hud_heavy:1432",0,0,63,63/6,0.01,0.03,0.00,0.00,0.01,3.47,0.03,0.00,0.00,:0.00,:0.00,:0.00,3.44,PresenterEntityTransformSyncSystem:0.87,AnimatorRuntimeSystem:0.79,PresenterEmitSystem:0.44,0.00,0,0,0,0,0,0.79,0.87,0.28,10009/0,0.00,0/0,0.43,10009,0.00,0.00/0.00/0.00/0.00,0.00/0.00/0.00,0.00/0.00/0.00/0.00/0.00/0.00,0.00/0.00/0.00/0.00/0.00,0.15,0.02,0.00,0.13,0.15,0.00,0.02,126,2,0,0.07,0.01,4/0,0.00,0,0,0,0,0.05,0.00,0.00,0.00,0,0.00,0.00,0,0,0/0,0.00,0,0,0.00,0,0,0.00,0,0,0.12,0.00,0,2,0,0.12,0.00,0.00,0.00,0.00,0.00,0.44,0.00,0,0.00,0,0,0/0/0,0.10,0.00,126,1,1,0,0,0,2026-09-09T18:29:25.0889756Z
3.52ms,284.4,0,63,30009,"mass_navigation_agent_health_text_light:8568,mass_navigation_agent_health_hud_light:8568,mass_navigation_agent_azure_light:2142,mass_navigation_agent_crimson_light:2142,mass_navigation_agent_amber_light:2142,mass_navigation_agent_emerald_light:2142,mass_navigation_agent_health_text_heavy:1432,mass_navigation_agent_health_hud_heavy:1432",0,0,63,63/6,0.01,0.04,0.00,0.00,0.01,3.07,0.02,0.00,0.00,:0.00,:0.00,:0.00,3.03,PresenterEntityTransformSyncSystem:0.78,AnimatorRuntimeSystem:0.67,TerrainHeightSyncSystem:0.43,0.00,0,0,0,0,0,0.67,0.78,0.18,10009/0,0.00,0/0,0.43,10009,0.00,0.00/0.00/0.00/0.00,0.00/0.00/0.00,0.00/0.00/0.00/0.00/0.00/0.00,0.00/0.00/0.00/0.00/0.00,0.16,0.02,0.00,0.14,0.16,0.00,0.01,126,2,0,0.07,0.01,4/0,0.00,0,0,0,0,0.05,0.00,0.00,0.00,0,0.00,0.00,0,0,0/0,0.00,0,0,0.00,0,0,0.00,0,0,0.10,0.00,0,2,0,0.10,0.00,0.00,0.00,0.00,0.00,0.32,0.00,0,0.00,0,0,0/0/0,0.09,0.00,126,1,1,0,0,0,2026-09-09T18:29:25.3720440Z
8.54ms,117.2,0,63,30009,"mass_navigation_agent_health_text_light:8568,mass_navigation_agent_health_hud_light:8568,mass_navigation_agent_azure_light:2142,mass_navigation_agent_crimson_light:2142,mass_navigation_agent_amber_light:2142,mass_navigation_agent_emerald_light:2142,mass_navigation_agent_health_text_heavy:1432,mass_navigation_agent_health_hud_heavy:1432",0,0,63,63/6,0.01,0.04,0.00,0.00,0.01,7.96,0.04,0.00,4.22,EffectProcessingLoopSystem:1.90,AttributeAggregatorSystem:0.64,MassNavigationAuthoredAgentBindingSystem:0.58,3.70,PresenterEntityTransformSyncSystem:0.86,PresenterEmitSystem:0.60,AnimatorRuntimeSystem:0.55,0.22,0,171,171,0,0,0.55,0.86,0.21,10009/0,0.00,0/0,0.38,10009,0.00,0.00/0.00/0.00/0.00,0.00/0.00/0.00,0.00/0.00/0.00/0.00/0.00/0.00,0.00/0.00/0.00/0.00/0.00,0.20,0.03,0.00,0.16,0.19,0.00,0.02,126,2,0,0.08,0.01,4/0,0.00,0,0,0,0,0.05,0.00,0.00,0.00,0,0.00,0.00,0,0,0/0,0.00,0,0,0.00,0,0,0.00,0,0,0.14,0.00,0,2,0,0.14,0.00,0.00,0.00,0.00,0.00,0.60,0.00,0,0.29,340,0,340/0/0,0.11,0.00,126,1,1,0,0,0,2026-09-09T18:29:25.6559041Z
3.58ms,279.0,0,63,30009,"mass_navigation_agent_health_text_light:8568,mass_navigation_agent_health_hud_light:8568,mass_navigation_agent_azure_light:2142,mass_navigation_agent_crimson_light:2142,mass_navigation_agent_amber_light:2142,mass_navigation_agent_emerald_light:2142,mass_navigation_agent_health_text_heavy:1432,mass_navigation_agent_health_hud_heavy:1432",0,0,63,63/6,0.01,0.03,0.00,0.00,0.01,3.17,0.02,0.00,0.00,:0.00,:0.00,:0.00,3.13,PresenterEntityTransformSyncSystem:0.84,AnimatorRuntimeSystem:0.61,TerrainHeightSyncSystem:0.42,0.00,0,0,0,0,0,0.61,0.84,0.20,10009/0,0.00,0/0,0.42,10009,0.00,0.00/0.00/0.00/0.00,0.00/0.00/0.00,0.00/0.00/0.00/0.00/0.00/0.00,0.00/0.00/0.00/0.00/0.00,0.17,0.03,0.00,0.14,0.17,0.00,0.01,126,2,0,0.06,0.01,4/0,0.00,0,0,0,0,0.04,0.00,0.00,0.00,0,0.00,0.00,0,0,0/0,0.00,0,0,0.00,0,0,0.00,0,0,0.08,0.00,0,2,0,0.08,0.00,0.00,0.00,0.00,0.00,0.30,0.00,0,0.00,0,0,0/0/0,0.08,0.00,126,1,1,0,0,0,2026-09-09T18:29:25.9191422Z
3.86ms,259.0,0,63,30009,"mass_navigation_agent_health_text_light:8568,mass_navigation_agent_health_hud_light:8568,mass_navigation_agent_azure_light:2142,mass_navigation_agent_crimson_light:2142,mass_navigation_agent_amber_light:2142,mass_navigation_agent_emerald_light:2142,mass_navigation_agent_health_text_heavy:1432,mass_navigation_agent_health_hud_heavy:1432",0,0,63,63/6,0.01,0.03,0.00,0.00,0.02,3.40,0.03,0.00,0.00,:0.00,:0.00,:0.00,3.33,PresenterEntityTransformSyncSystem:1.05,AnimatorRuntimeSystem:0.60,TerrainHeightSyncSystem:0.39,0.00,0,0,0,0,0,0.60,1.05,0.21,10009/0,0.00,0/0,0.39,10009,0.00,0.00/0.00/0.00/0.00,0.00/0.00/0.00,0.00/0.00/0.00/0.00/0.00/0.00,0.00/0.00/0.00/0.00/0.00,0.18,0.03,0.00,0.14,0.18,0.00,0.02,126,2,0,0.07,0.01,4/0,0.00,0,0,0,0,0.05,0.00,0.00,0.00,0,0.00,0.00,0,0,0/0,0.00,0,0,0.00,0,0,0.00,0,0,0.11,0.00,0,2,0,0.11,0.00,0.00,0.00,0.00,0.00,0.36,0.00,0,0.00,0,0,0/0/0,0.08,0.00,126,1,1,0,0,0,2026-09-09T18:29:26.2213507Z
3.45ms,290.1,0,63,30009,"mass_navigation_agent_health_text_light:8568,mass_navigation_agent_health_hud_light:8568,mass_navigation_agent_azure_light:2142,mass_navigation_agent_crimson_light:2142,mass_navigation_agent_amber_light:2142,mass_navigation_agent_emerald_light:2142,mass_navigation_agent_health_text_heavy:1432,mass_navigation_agent_health_hud_heavy:1432",0,0,63,63/6,0.01,0.03,0.00,0.00,0.00,3.06,0.02,0.00,0.00,:0.00,:0.00,:0.00,3.03,PresenterEntityTransformSyncSystem:0.82,AnimatorRuntimeSystem:0.63,TerrainHeightSyncSystem:0.42,0.00,0,0,0,0,0,0.63,0.82,0.19,10009/0,0.00,0/0,0.42,10009,0.00,0.00/0.00/0.00/0.00,0.00/0.00/0.00,0.00/0.00/0.00/0.00/0.00/0.00,0.00/0.00/0.00/0.00/0.00,0.17,0.02,0.00,0.14,0.17,0.00,0.01,126,2,0,0.06,0.01,4/0,0.00,0,0,0,0,0.04,0.00,0.00,0.00,0,0.00,0.00,0,0,0/0,0.00,0,0,0.00,0,0,0.00,0,0,0.09,0.00,0,2,0,0.08,0.00,0.00,0.00,0.00,0.00,0.30,0.00,0,0.00,0,0,0/0/0,0.08,0.00,126,1,1,0,0,0,2026-09-09T18:29:26.4804782Z
7.28ms,137.5,0,63,30009,"mass_navigation_agent_health_text_light:8568,mass_navigation_agent_health_hud_light:8568,mass_navigation_agent_azure_light:2142,mass_navigation_agent_crimson_light:2142,mass_navigation_agent_amber_light:2142,mass_navigation_agent_emerald_light:2142,mass_navigation_agent_health_text_heavy:1432,mass_navigation_agent_health_hud_heavy:1432",0,0,63,63/6,0.01,0.04,0.00,0.00,0.01,6.77,0.03,0.00,3.34,MassNavigationSimulationStepSystem:1.81,EffectProcessingLoopSystem:0.31,AbilityEndOrderSystem:0.22,3.38,PresenterEntityTransformSyncSystem:1.03,AnimatorRuntimeSystem:0.56,TerrainHeightSyncSystem:0.42,0.00,0,0,0,0,0,0.56,1.03,0.21,10009/0,0.00,0/0,0.42,10009,0.00,0.00/0.00/0.00/0.00,0.00/0.00/0.00,0.00/0.00/0.00/0.00/0.00/0.00,0.00/0.00/0.00/0.00/0.00,0.20,0.03,0.00,0.16,0.20,0.00,0.02,126,2,0,0.07,0.01,4/0,0.00,0,0,0,0,0.05,0.00,0.00,0.00,0,0.00,0.00,0,0,0/0,0.00,0,0,0.00,0,0,0.00,0,0,0.13,0.00,0,2,0,0.13,0.00,0.00,0.00,0.00,0.00,0.36,0.00,0,0.00,0,0,0/0/0,0.09,0.00,126,1,1,0,0,0,2026-09-09T18:29:26.7483386Z
3.38ms,295.6,0,63,30009,"mass_navigation_agent_health_text_light:8568,mass_navigation_agent_health_hud_light:8568,mass_navigation_agent_azure_light:2142,mass_navigation_agent_crimson_light:2142,mass_navigation_agent_amber_light:2142,mass_navigation_agent_emerald_light:2142,mass_navigation_agent_health_text_heavy:1432,mass_navigation_agent_health_hud_heavy:1432",0,0,63,63/6,0.01,0.05,0.00,0.00,0.01,2.89,0.02,0.00,0.00,:0.00,:0.00,:0.00,2.85,PresenterEntityTransformSyncSystem:0.73,AnimatorRuntimeSystem:0.55,TerrainHeightSyncSystem:0.41,0.00,0,0,0,0,0,0.55,0.73,0.17,10009/0,0.00,0/0,0.41,10009,0.00,0.00/0.00/0.00/0.00,0.00/0.00/0.00,0.00/0.00/0.00/0.00/0.00/0.00,0.00/0.00/0.00/0.00/0.00,0.15,0.02,0.00,0.13,0.15,0.00,0.02,126,2,0,0.09,0.01,4/0,0.00,0,0,0,0,0.06,0.00,0.00,0.00,0,0.00,0.00,0,0,0/0,0.00,0,0,0.00,0,0,0.00,0,0,0.11,0.00,0,2,0,0.11,0.00,0.00,0.00,0.00,0.00,0.40,0.00,0,0.00,0,0,0/0/0,0.09,0.00,126,1,1,0,0,0,2026-09-09T18:29:27.0331226Z
9.12ms,109.7,0,63,30009,"mass_navigation_agent_health_text_light:8568,mass_navigation_agent_health_hud_light:8568,mass_navigation_agent_azure_light:2142,mass_navigation_agent_crimson_light:2142,mass_navigation_agent_amber_light:2142,mass_navigation_agent_emerald_light:2142,mass_navigation_agent_health_text_heavy:1432,mass_navigation_agent_health_hud_heavy:1432",0,0,63,63/6,0.01,0.04,0.00,0.00,0.01,8.47,0.04,0.00,4.21,EffectProcessingLoopSystem:1.81,MapEntityLifecycleObserverSystem:0.68,AttributeAggregatorSystem:0.63,4.21,PresenterEntityTransformSyncSystem:1.13,PresenterEmitSystem:0.65,AnimatorRuntimeSystem:0.56,0.22,0,154,154,0,0,0.56,1.12,0.22,10009/0,0.00,0/0,0.44,10009,0.00,0.00/0.00/0.00/0.00,0.00/0.00/0.00,0.00/0.00/0.00/0.00/0.00/0.00,0.00/0.00/0.00/0.00/0.00,0.20,0.04,0.00,0.16,0.20,0.00,0.03,126,2,0,0.08,0.01,4/0,0.00,0,0,0,0,0.06,0.00,0.00,0.00,0,0.00,0.00,0,0,0/0,0.00,0,0,0.00,0,0,0.00,0,0,0.18,0.00,0,2,0,0.17,0.00,0.00,0.00,0.00,0.00,0.65,0.00,0,0.28,306,0,306/0/0,0.12,0.00,126,1,1,0,0,0,2026-09-09T18:29:27.3100434Z
3.61ms,277.1,0,63,30009,"mass_navigation_agent_health_text_light:8568,mass_navigation_agent_health_hud_light:8568,mass_navigation_agent_azure_light:2142,mass_navigation_agent_crimson_light:2142,mass_navigation_agent_amber_light:2142,mass_navigation_agent_emerald_light:2142,mass_navigation_agent_health_text_heavy:1432,mass_navigation_agent_health_hud_heavy:1432",0,0,63,63/6,0.01,0.03,0.00,0.00,0.01,3.18,0.02,0.00,0.00,:0.00,:0.00,:0.00,3.14,PresenterEntityTransformSyncSystem:0.83,AnimatorRuntimeSystem:0.62,TerrainHeightSyncSystem:0.41,0.00,0,0,0,0,0,0.62,0.83,0.23,10009/0,0.00,0/0,0.41,10009,0.00,0.00/0.00/0.00/0.00,0.00/0.00/0.00,0.00/0.00/0.00/0.00/0.00/0.00,0.00/0.00/0.00/0.00/0.00,0.20,0.05,0.00,0.14,0.20,0.00,0.01,126,2,0,0.07,0.01,4/0,0.00,0,0,0,0,0.05,0.00,0.00,0.00,0,0.00,0.00,0,0,0/0,0.00,0,0,0.00,0,0,0.00,0,0,0.10,0.00,0,2,0,0.10,0.00,0.00,0.00,0.00,0.00,0.34,0.00,0,0.00,0,0,0/0/0,0.09,0.00,126,1,1,0,0,0,2026-09-09T18:29:27.5738798Z
3.56ms,281.0,0,63,30009,"mass_navigation_agent_health_text_light:8568,mass_navigation_agent_health_hud_light:8568,mass_navigation_agent_azure_light:2142,mass_navigation_agent_crimson_light:2142,mass_navigation_agent_amber_light:2142,mass_navigation_agent_emerald_light:2142,mass_navigation_agent_health_text_heavy:1432,mass_navigation_agent_health_hud_heavy:1432",0,0,63,63/6,0.01,0.03,0.00,0.00,0.01,3.13,0.02,0.00,0.21,EffectProcessingLoopSystem:0.21,:0.00,:0.00,2.88,PresenterEntityTransformSyncSystem:0.80,AnimatorRuntimeSystem:0.59,TerrainHeightSyncSystem:0.38,0.00,0,0,0,0,0,0.58,0.80,0.19,10009/0,0.00,0/0,0.38,10009,0.00,0.00/0.00/0.00/0.00,0.00/0.00/0.00,0.00/0.00/0.00/0.00/0.00/0.00,0.00/0.00/0.00/0.00/0.00,0.15,0.02,0.00,0.13,0.15,0.00,0.01,126,2,0,0.07,0.01,4/0,0.00,0,0,0,0,0.05,0.00,0.00,0.00,0,0.00,0.00,0,0,0/0,0.00,0,0,0.00,0,0,0.00,0,0,0.10,0.00,0,2,0,0.10,0.00,0.00,0.00,0.00,0.00,0.31,0.00,0,0.00,0,0,0/0/0,0.09,0.00,126,1,1,0,0,0,2026-09-09T18:29:27.8467578Z
3.48ms,287.7,0,63,30009,"mass_navigation_agent_health_text_light:8568,mass_navigation_agent_health_hud_light:8568,mass_navigation_agent_azure_light:2142,mass_navigation_agent_crimson_light:2142,mass_navigation_agent_amber_light:2142,mass_navigation_agent_emerald_light:2142,mass_navigation_agent_health_text_heavy:1432,mass_navigation_agent_health_hud_heavy:1432",0,0,63,63/6,0.00,0.03,0.00,0.00,0.01,3.09,0.02,0.00,0.00,:0.00,:0.00,:0.00,3.06,PresenterEntityTransformSyncSystem:0.80,AnimatorRuntimeSystem:0.61,TerrainHeightSyncSystem:0.40,0.00,0,0,0,0,0,0.61,0.80,0.17,10009/0,0.00,0/0,0.40,10009,0.00,0.00/0.00/0.00/0.00,0.00/0.00/0.00,0.00/0.00/0.00/0.00/0.00/0.00,0.00/0.00/0.00/0.00/0.00,0.16,0.02,0.00,0.13,0.16,0.00,0.01,126,2,0,0.06,0.01,4/0,0.00,0,0,0,0,0.04,0.00,0.00,0.00,0,0.00,0.00,0,0,0/0,0.00,0,0,0.00,0,0,0.00,0,0,0.09,0.00,0,2,0,0.09,0.00,0.00,0.00,0.00,0.00,0.30,0.00,0,0.00,0,0,0/0/0,0.08,0.00,126,1,1,0,0,0,2026-09-09T18:29:28.1258853Z
9.04ms,110.6,0,63,30009,"mass_navigation_agent_health_text_light:8568,mass_navigation_agent_health_hud_light:8568,mass_navigation_agent_azure_light:2142,mass_navigation_agent_crimson_light:2142,mass_navigation_agent_amber_light:2142,mass_navigation_agent_emerald_light:2142,mass_navigation_agent_health_text_heavy:1432,mass_navigation_agent_health_hud_heavy:1432",0,0,63,63/6,0.01,0.03,0.00,0.00,0.01,8.53,0.03,0.00,4.53,EffectProcessingLoopSystem:2.03,AttributeAggregatorSystem:0.69,MapEntityLifecycleObserverSystem:0.62,3.96,PresenterEntityTransformSyncSystem:0.99,PresenterEmitSystem:0.67,AnimatorRuntimeSystem:0.55,0.24,0,179,179,0,0,0.55,0.98,0.21,10009/0,0.00,0/0,0.39,10009,0.00,0.00/0.00/0.00/0.00,0.00/0.00/0.00,0.00/0.00/0.00/0.00/0.00/0.00,0.00/0.00/0.00/0.00/0.00,0.19,0.03,0.00,0.16,0.19,0.00,0.02,126,2,0,0.07,0.01,4/0,0.00,0,0,0,0,0.04,0.00,0.00,0.00,0,0.00,0.00,0,0,0/0,0.00,0,0,0.00,0,0,0.00,0,0,0.13,0.00,0,2,0,0.13,0.00,0.00,0.00,0.00,0.00,0.67,0.00,0,0.31,356,0,356/0/0,0.10,0.00,126,1,1,0,0,0,2026-09-09T18:29:28.4196325Z
3.72ms,268.5,0,63,30009,"mass_navigation_agent_health_text_light:8568,mass_navigation_agent_health_hud_light:8568,mass_navigation_agent_azure_light:2142,mass_navigation_agent_crimson_light:2142,mass_navigation_agent_amber_light:2142,mass_navigation_agent_emerald_light:2142,mass_navigation_agent_health_text_heavy:1432,mass_navigation_agent_health_hud_heavy:1432",0,0,63,63/6,0.01,0.03,0.00,0.00,0.01,3.30,0.02,0.00,0.00,:0.00,:0.00,:0.00,3.25,PresenterEntityTransformSyncSystem:0.87,AnimatorRuntimeSystem:0.64,TerrainHeightSyncSystem:0.41,0.00,0,0,0,0,0,0.64,0.87,0.19,10009/0,0.00,0/0,0.41,10009,0.00,0.00/0.00/0.00/0.00,0.00/0.00/0.00,0.00/0.00/0.00/0.00/0.00/0.00,0.00/0.00/0.00/0.00/0.00,0.27,0.03,0.00,0.24,0.27,0.00,0.01,126,2,0,0.07,0.01,4/0,0.00,0,0,0,0,0.05,0.00,0.00,0.00,0,0.00,0.00,0,0,0/0,0.00,0,0,0.00,0,0,0.00,0,0,0.10,0.00,0,2,0,0.10,0.00,0.00,0.00,0.00,0.00,0.34,0.00,0,0.00,0,0,0/0/0,0.09,0.00,126,1,1,0,0,0,2026-09-09T18:29:28.6810409Z
15.30ms,65.3,0,63,30009,"mass_navigation_agent_health_text_light:8568,mass_navigation_agent_health_hud_light:8568,mass_navigation_agent_azure_light:2142,mass_navigation_agent_crimson_light:2142,mass_navigation_agent_amber_light:2142,mass_navigation_agent_emerald_light:2142,mass_navigation_agent_health_text_heavy:1432,mass_navigation_agent_health_hud_heavy:1432",0,0,63,63/6,0.01,0.06,0.00,0.00,0.01,14.56,0.04,0.00,10.76,MassNavigationSimulationStepSystem:9.26,EffectProcessingLoopSystem:0.27,AbilityEndOrderSystem:0.25,3.76,PresenterEntityTransformSyncSystem:1.23,AnimatorRuntimeSystem:0.54,PresenterEmitSystem:0.50,0.00,0,0,0,0,0,0.54,1.23,0.24,10009/0,0.00,0/0,0.40,10009,0.00,0.00/0.00/0.00/0.00,0.00/0.00/0.00,0.00/0.00/0.00/0.00/0.00/0.00,0.00/0.00/0.00/0.00/0.00,0.20,0.03,0.00,0.16,0.20,0.00,0.03,126,2,0,0.11,0.02,4/0,0.00,0,0,0,0,0.08,0.00,0.00,0.00,0,0.00,0.00,0,0,0/0,0.00,0,0,0.00,0,0,0.00,0,0,0.18,0.00,0,2,0,0.18,0.00,0.00,0.00,0.00,0.00,0.50,0.00,0,0.00,0,0,0/0/0,0.15,0.00,126,1,1,0,0,0,2026-09-09T18:29:28.9551665Z
3.52ms,283.9,0,63,30009,"mass_navigation_agent_health_text_light:8568,mass_navigation_agent_health_hud_light:8568,mass_navigation_agent_azure_light:2142,mass_navigation_agent_crimson_light:2142,mass_navigation_agent_amber_light:2142,mass_navigation_agent_emerald_light:2142,mass_navigation_agent_health_text_heavy:1432,mass_navigation_agent_health_hud_heavy:1432",0,0,63,63/6,0.01,0.03,0.00,0.00,0.01,3.20,0.02,0.00,0.19,EffectProcessingLoopSystem:0.18,:0.00,:0.00,2.98,PresenterEntityTransformSyncSystem:0.82,AnimatorRuntimeSystem:0.56,TerrainHeightSyncSystem:0.37,0.00,0,0,0,0,0,0.56,0.81,0.22,10009/0,0.00,0/0,0.37,10009,0.00,0.00/0.00/0.00/0.00,0.00/0.00/0.00,0.00/0.00/0.00/0.00/0.00/0.00,0.00/0.00/0.00/0.00/0.00,0.21,0.02,0.00,0.18,0.21,0.00,0.01,126,2,0,0.06,0.01,4/0,0.00,0,0,0,0,0.04,0.00,0.00,0.00,0,0.00,0.00,0,0,0/0,0.00,0,0,0.00,0,0,0.00,0,0,0.07,0.00,0,2,0,0.07,0.00,0.00,0.00,0.00,0.00,0.32,0.00,0,0.00,0,0,0/0/0,0.06,0.00,126,1,1,0,0,0,2026-09-09T18:29:29.2484556Z
3.80ms,263.1,0,63,30009,"mass_navigation_agent_health_text_light:8568,mass_navigation_agent_health_hud_light:8568,mass_navigation_agent_azure_light:2142,mass_navigation_agent_crimson_light:2142,mass_navigation_agent_amber_light:2142,mass_navigation_agent_emerald_light:2142,mass_navigation_agent_health_text_heavy:1432,mass_navigation_agent_health_hud_heavy:1432",0,0,63,63/6,0.00,0.04,0.00,0.00,0.02,3.38,0.03,0.00,0.00,:0.00,:0.00,:0.00,3.27,PresenterEntityTransformSyncSystem:0.86,AnimatorRuntimeSystem:0.67,TerrainHeightSyncSystem:0.42,0.00,0,0,0,0,0,0.67,0.86,0.24,10009/0,0.00,0/0,0.42,10009,0.00,0.00/0.00/0.00/0.00,0.00/0.00/0.00,0.00/0.00/0.00/0.00/0.00/0.00,0.00/0.00/0.00/0.00/0.00,0.19,0.03,0.00,0.15,0.18,0.00,0.02,126,2,0,0.07,0.01,4/0,0.00,0,0,0,0,0.05,0.00,0.00,0.00,0,0.00,0.00,0,0,0/0,0.00,0,0,0.00,0,0,0.00,0,0,0.09,0.00,0,2,0,0.08,0.00,0.00,0.00,0.00,0.00,0.36,0.00,0,0.00,0,0,0/0/0,0.08,0.00,126,1,1,0,0,0,2026-09-09T18:29:29.5173107Z
3.54ms,282.7,0,63,30009,"mass_navigation_agent_health_text_light:8568,mass_navigation_agent_health_hud_light:8568,mass_navigation_agent_azure_light:2142,mass_navigation_agent_crimson_light:2142,mass_navigation_agent_amber_light:2142,mass_navigation_agent_emerald_light:2142,mass_navigation_agent_health_text_heavy:1432,mass_navigation_agent_health_hud_heavy:1432",0,0,63,63/6,0.01,0.03,0.00,0.00,0.01,3.16,0.02,0.00,0.00,:0.00,:0.00,:0.00,3.12,PresenterEntityTransformSyncSystem:0.83,AnimatorRuntimeSystem:0.67,TerrainHeightSyncSystem:0.39,0.00,0,0,0,0,0,0.67,0.83,0.18,10009/0,0.00,0/0,0.39,10009,0.00,0.00/0.00/0.00/0.00,0.00/0.00/0.00,0.00/0.00/0.00/0.00/0.00/0.00,0.00/0.00/0.00/0.00/0.00,0.18,0.02,0.00,0.15,0.18,0.00,0.01,126,2,0,0.06,0.01,4/0,0.00,0,0,0,0,0.04,0.00,0.00,0.00,0,0.00,0.00,0,0,0/0,0.00,0,0,0.00,0,0,0.00,0,0,0.07,0.00,0,2,0,0.07,0.00,0.00,0.00,0.00,0.00,0.33,0.00,0,0.00,0,0,0/0/0,0.08,0.00,126,1,1,0,0,0,2026-09-09T18:29:29.7809821Z
3.37ms,296.8,0,63,30009,"mass_navigation_agent_health_text_light:8568,mass_navigation_agent_health_hud_light:8568,mass_navigation_agent_azure_light:2142,mass_navigation_agent_crimson_light:2142,mass_navigation_agent_amber_light:2142,mass_navigation_agent_emerald_light:2142,mass_navigation_agent_health_text_heavy:1432,mass_navigation_agent_health_hud_heavy:1432",0,0,63,63/6,0.01,0.03,0.00,0.00,0.01,3.01,0.02,0.00,0.00,:0.00,:0.00,:0.00,2.98,PresenterEntityTransformSyncSystem:0.84,AnimatorRuntimeSystem:0.62,TerrainHeightSyncSystem:0.40,0.00,0,0,0,0,0,0.61,0.84,0.17,10009/0,0.00,0/0,0.40,10009,0.00,0.00/0.00/0.00/0.00,0.00/0.00/0.00,0.00/0.00/0.00/0.00/0.00/0.00,0.00/0.00/0.00/0.00/0.00,0.18,0.02,0.00,0.16,0.18,0.00,0.01,126,2,0,0.06,0.01,4/0,0.00,0,0,0,0,0.04,0.00,0.00,0.00,0,0.00,0.00,0,0,0/0,0.00,0,0,0.00,0,0,0.00,0,0,0.07,0.00,0,2,0,0.07,0.00,0.00,0.00,0.00,0.00,0.33,0.00,0,0.00,0,0,0/0/0,0.08,0.00,126,1,1,0,0,0,2026-09-09T18:29:30.0707296Z
3.38ms,296.3,0,63,30009,"mass_navigation_agent_health_text_light:8568,mass_navigation_agent_health_hud_light:8568,mass_navigation_agent_azure_light:2142,mass_navigation_agent_crimson_light:2142,mass_navigation_agent_amber_light:2142,mass_navigation_agent_emerald_light:2142,mass_navigation_agent_health_text_heavy:1432,mass_navigation_agent_health_hud_heavy:1432",0,0,63,63/6,0.01,0.03,0.00,0.00,0.01,2.99,0.02,0.00,0.00,:0.00,:0.00,:0.00,2.96,PresenterEntityTransformSyncSystem:0.83,AnimatorRuntimeSystem:0.58,TerrainHeightSyncSystem:0.41,0.00,0,0,0,0,0,0.58,0.83,0.17,10009/0,0.00,0/0,0.41,10009,0.00,0.00/0.00/0.00/0.00,0.00/0.00/0.00,0.00/0.00/0.00/0.00/0.00/0.00,0.00/0.00/0.00/0.00/0.00,0.17,0.02,0.00,0.14,0.17,0.00,0.01,126,2,0,0.06,0.01,4/0,0.00,0,0,0,0,0.04,0.00,0.00,0.00,0,0.00,0.00,0,0,0/0,0.00,0,0,0.00,0,0,0.00,0,0,0.09,0.00,0,2,0,0.08,0.00,0.00,0.00,0.00,0.00,0.30,0.00,0,0.00,0,0,0/0/0,0.08,0.00,126,1,1,0,0,0,2026-09-09T18:29:30.3338239Z
3.35ms,298.7,0,63,30009,"mass_navigation_agent_health_text_light:8568,mass_navigation_agent_health_hud_light:8568,mass_navigation_agent_azure_light:2142,mass_navigation_agent_crimson_light:2142,mass_navigation_agent_amber_light:2142,mass_navigation_agent_emerald_light:2142,mass_navigation_agent_health_text_heavy:1432,mass_navigation_agent_health_hud_heavy:1432",0,0,63,63/6,0.01,0.03,0.00,0.00,0.02,2.97,0.02,0.00,0.00,:0.00,:0.00,:0.00,2.91,PresenterEntityTransformSyncSystem:0.83,AnimatorRuntimeSystem:0.51,TerrainHeightSyncSystem:0.35,0.00,0,0,0,0,0,0.51,0.83,0.24,10009/0,0.00,0/0,0.35,10009,0.00,0.00/0.00/0.00/0.00,0.00/0.00/0.00,0.00/0.00/0.00/0.00/0.00/0.00,0.00/0.00/0.00/0.00/0.00,0.16,0.03,0.00,0.12,0.16,0.00,0.01,126,2,0,0.06,0.01,4/0,0.00,0,0,0,0,0.05,0.00,0.00,0.00,0,0.00,0.00,0,0,0/0,0.00,0,0,0.00,0,0,0.00,0,0,0.08,0.00,0,2,0,0.08,0.00,0.00,0.00,0.00,0.00,0.35,0.00,0,0.00,0,0,0/0/0,0.08,0.00,126,1,1,0,0,0,2026-09-09T18:29:30.6201409Z
3.33ms,299.9,0,63,30009,"mass_navigation_agent_health_text_light:8568,mass_navigation_agent_health_hud_light:8568,mass_navigation_agent_azure_light:2142,mass_navigation_agent_crimson_light:2142,mass_navigation_agent_amber_light:2142,mass_navigation_agent_emerald_light:2142,mass_navigation_agent_health_text_heavy:1432,mass_navigation_agent_health_hud_heavy:1432",0,0,63,63/6,0.01,0.03,0.00,0.00,0.01,2.97,0.02,0.00,0.00,:0.00,:0.00,:0.00,2.93,PresenterEntityTransformSyncSystem:0.79,AnimatorRuntimeSystem:0.61,TerrainHeightSyncSystem:0.39,0.00,0,0,0,0,0,0.61,0.79,0.18,10009/0,0.00,0/0,0.39,10009,0.00,0.00/0.00/0.00/0.00,0.00/0.00/0.00,0.00/0.00/0.00/0.00/0.00/0.00,0.00/0.00/0.00/0.00/0.00,0.16,0.02,0.00,0.13,0.16,0.00,0.01,126,2,0,0.06,0.01,4/0,0.00,0,0,0,0,0.05,0.00,0.00,0.00,0,0.00,0.00,0,0,0/0,0.00,0,0,0.00,0,0,0.00,0,0,0.07,0.00,0,2,0,0.07,0.00,0.00,0.00,0.00,0.00,0.32,0.00,0,0.00,0,0,0/0/0,0.08,0.00,126,1,1,0,0,0,2026-09-09T18:29:30.8824799Z
3.79ms,263.6,0,63,30009,"mass_navigation_agent_health_text_light:8568,mass_navigation_agent_health_hud_light:8568,mass_navigation_agent_azure_light:2142,mass_navigation_agent_crimson_light:2142,mass_navigation_agent_amber_light:2142,mass_navigation_agent_emerald_light:2142,mass_navigation_agent_health_text_heavy:1432,mass_navigation_agent_health_hud_heavy:1432",0,0,63,63/6,0.01,0.03,0.00,0.00,0.02,3.34,0.02,0.00,0.00,:0.00,:0.00,:0.00,3.28,PresenterEntityTransformSyncSystem:0.85,AnimatorRuntimeSystem:0.66,TerrainHeightSyncSystem:0.46,0.00,0,0,0,0,0,0.66,0.85,0.20,10009/0,0.00,0/0,0.46,10009,0.00,0.00/0.00/0.00/0.00,0.00/0.00/0.00,0.00/0.00/0.00/0.00/0.00/0.00,0.00/0.00/0.00/0.00/0.00,0.19,0.03,0.00,0.16,0.19,0.00,0.02,126,2,0,0.07,0.01,4/0,0.00,0,0,0,0,0.05,0.00,0.00,0.00,0,0.00,0.00,0,0,0/0,0.00,0,0,0.00,0,0,0.00,0,0,0.10,0.00,0,2,0,0.10,0.00,0.00,0.00,0.00,0.00,0.35,0.00,0,0.00,0,0,0/0/0,0.09,0.00,126,1,1,0,0,0,2026-09-09T18:29:31.1633669Z
3.92ms,255.3,0,63,30009,"mass_navigation_agent_health_text_light:8568,mass_navigation_agent_health_hud_light:8568,mass_navigation_agent_azure_light:2142,mass_navigation_agent_crimson_light:2142,mass_navigation_agent_amber_light:2142,mass_navigation_agent_emerald_light:2142,mass_navigation_agent_health_text_heavy:1432,mass_navigation_agent_health_hud_heavy:1432",0,0,63,63/6,0.01,0.04,0.00,0.00,0.01,3.45,0.03,0.00,0.00,:0.00,:0.00,:0.00,3.40,PresenterEntityTransformSyncSystem:0.92,AnimatorRuntimeSystem:0.69,TerrainHeightSyncSystem:0.46,0.00,0,0,0,0,0,0.69,0.92,0.22,10009/0,0.00,0/0,0.46,10009,0.00,0.00/0.00/0.00/0.00,0.00/0.00/0.00,0.00/0.00/0.00/0.00/0.00/0.00,0.00/0.00/0.00/0.00/0.00,0.19,0.03,0.00,0.16,0.19,0.00,0.02,126,2,0,0.07,0.01,4/0,0.00,0,0,0,0,0.05,0.00,0.00,0.00,0,0.00,0.00,0,0,0/0,0.00,0,0,0.00,0,0,0.00,0,0,0.11,0.00,0,2,0,0.11,0.00,0.00,0.00,0.00,0.00,0.37,0.00,0,0.00,0,0,0/0/0,0.10,0.00,126,1,1,0,0,0,2026-09-09T18:29:31.4390963Z
3.35ms,298.7,0,63,30009,"mass_navigation_agent_health_text_light:8568,mass_navigation_agent_health_hud_light:8568,mass_navigation_agent_azure_light:2142,mass_navigation_agent_crimson_light:2142,mass_navigation_agent_amber_light:2142,mass_navigation_agent_emerald_light:2142,mass_navigation_agent_health_text_heavy:1432,mass_navigation_agent_health_hud_heavy:1432",0,0,63,63/6,0.01,0.03,0.00,0.00,0.02,2.95,0.02,0.00,0.00,:0.00,:0.00,:0.00,2.89,PresenterEntityTransformSyncSystem:0.77,AnimatorRuntimeSystem:0.56,TerrainHeightSyncSystem:0.37,0.00,0,0,0,0,0,0.56,0.77,0.21,10009/0,0.00,0/0,0.37,10009,0.00,0.00/0.00/0.00/0.00,0.00/0.00/0.00,0.00/0.00/0.00/0.00/0.00/0.00,0.00/0.00/0.00/0.00/0.00,0.16,0.02,0.00,0.13,0.16,0.00,0.01,126,2,0,0.06,0.01,4/0,0.00,0,0,0,0,0.04,0.00,0.00,0.00,0,0.00,0.00,0,0,0/0,0.00,0,0,0.00,0,0,0.00,0,0,0.09,0.00,0,2,0,0.09,0.00,0.00,0.00,0.00,0.00,0.33,0.00,0,0.00,0,0,0/0/0,0.08,0.00,126,1,1,0,0,0,2026-09-09T18:29:31.7120055Z
3.73ms,267.8,0,63,30009,"mass_navigation_agent_health_text_light:8568,mass_navigation_agent_health_hud_light:8568,mass_navigation_agent_azure_light:2142,mass_navigation_agent_crimson_light:2142,mass_navigation_agent_amber_light:2142,mass_navigation_agent_emerald_light:2142,mass_navigation_agent_health_text_heavy:1432,mass_navigation_agent_health_hud_heavy:1432",0,0,63,63/6,0.01,0.03,0.00,0.00,0.01,3.29,0.02,0.00,0.00,:0.00,:0.00,:0.00,3.24,PresenterEntityTransformSyncSystem:0.83,AnimatorRuntimeSystem:0.64,TerrainHeightSyncSystem:0.54,0.00,0,0,0,0,0,0.64,0.83,0.19,10009/0,0.00,0/0,0.54,10009,0.00,0.00/0.00/0.00/0.00,0.00/0.00/0.00,0.00/0.00/0.00/0.00/0.00/0.00,0.00/0.00/0.00/0.00/0.00,0.23,0.02,0.00,0.19,0.22,0.00,0.02,126,2,0,0.07,0.01,4/0,0.00,0,0,0,0,0.05,0.00,0.00,0.00,0,0.00,0.00,0,0,0/0,0.00,0,0,0.00,0,0,0.00,0,0,0.10,0.00,0,2,0,0.10,0.00,0.00,0.00,0.00,0.00,0.33,0.00,0,0.00,0,0,0/0/0,0.09,0.00,126,1,1,0,0,0,2026-09-09T18:29:31.9822516Z
3.66ms,273.1,0,63,30009,"mass_navigation_agent_health_text_light:8568,mass_navigation_agent_health_hud_light:8568,mass_navigation_agent_azure_light:2142,mass_navigation_agent_crimson_light:2142,mass_navigation_agent_amber_light:2142,mass_navigation_agent_emerald_light:2142,mass_navigation_agent_health_text_heavy:1432,mass_navigation_agent_health_hud_heavy:1432",0,0,63,63/6,0.01,0.04,0.00,0.00,0.01,3.22,0.02,0.00,0.00,:0.00,:0.00,:0.00,3.18,PresenterEntityTransformSyncSystem:0.91,AnimatorRuntimeSystem:0.65,TerrainHeightSyncSystem:0.41,0.00,0,0,0,0,0,0.65,0.91,0.23,10009/0,0.00,0/0,0.41,10009,0.00,0.00/0.00/0.00/0.00,0.00/0.00/0.00,0.00/0.00/0.00/0.00/0.00/0.00,0.00/0.00/0.00/0.00/0.00,0.16,0.03,0.00,0.13,0.16,0.00,0.01,126,2,0,0.07,0.01,4/0,0.00,0,0,0,0,0.05,0.00,0.00,0.00,0,0.00,0.00,0,0,0/0,0.00,0,0,0.00,0,0,0.00,0,0,0.10,0.00,0,2,0,0.10,0.00,0.00,0.00,0.00,0.00,0.32,0.00,0,0.00,0,0,0/0/0,0.09,0.00,126,1,1,0,0,0,2026-09-09T18:29:32.2629885Z
3.51ms,285.3,0,63,30009,"mass_navigation_agent_health_text_light:8568,mass_navigation_agent_health_hud_light:8568,mass_navigation_agent_azure_light:2142,mass_navigation_agent_crimson_light:2142,mass_navigation_agent_amber_light:2142,mass_navigation_agent_emerald_light:2142,mass_navigation_agent_health_text_heavy:1432,mass_navigation_agent_health_hud_heavy:1432",0,0,63,63/6,0.01,0.03,0.00,0.00,0.01,3.12,0.02,0.00,0.00,:0.00,:0.00,:0.00,3.09,PresenterEntityTransformSyncSystem:0.87,AnimatorRuntimeSystem:0.69,TerrainHeightSyncSystem:0.38,0.00,0,0,0,0,0,0.69,0.87,0.20,10009/0,0.00,0/0,0.38,10009,0.00,0.00/0.00/0.00/0.00,0.00/0.00/0.00,0.00/0.00/0.00/0.00/0.00/0.00,0.00/0.00/0.00/0.00/0.00,0.16,0.02,0.00,0.14,0.16,0.00,0.01,126,2,0,0.06,0.01,4/0,0.00,0,0,0,0,0.04,0.00,0.00,0.00,0,0.00,0.00,0,0,0/0,0.00,0,0,0.00,0,0,0.00,0,0,0.09,0.00,0,2,0,0.09,0.00,0.00,0.00,0.00,0.00,0.31,0.00,0,0.00,0,0,0/0/0,0.07,0.00,126,1,1,0,0,0,2026-09-09T18:29:32.5270305Z
3.47ms,287.9,0,63,30009,"mass_navigation_agent_health_text_light:8568,mass_navigation_agent_health_hud_light:8568,mass_navigation_agent_azure_light:2142,mass_navigation_agent_crimson_light:2142,mass_navigation_agent_amber_light:2142,mass_navigation_agent_emerald_light:2142,mass_navigation_agent_health_text_heavy:1432,mass_navigation_agent_health_hud_heavy:1432",0,0,63,63/6,0.01,0.03,0.00,0.00,0.01,3.05,0.02,0.00,0.00,:0.00,:0.00,:0.00,3.02,PresenterEntityTransformSyncSystem:0.77,AnimatorRuntimeSystem:0.57,TerrainHeightSyncSystem:0.51,0.00,0,0,0,0,0,0.57,0.76,0.20,10009/0,0.00,0/0,0.51,10009,0.00,0.00/0.00/0.00/0.00,0.00/0.00/0.00,0.00/0.00/0.00/0.00/0.00/0.00,0.00/0.00/0.00/0.00/0.00,0.17,0.02,0.00,0.14,0.17,0.00,0.01,126,2,0,0.07,0.01,4/0,0.00,0,0,0,0,0.05,0.00,0.00,0.00,0,0.00,0.00,0,0,0/0,0.00,0,0,0.00,0,0,0.00,0,0,0.09,0.00,0,2,0,0.09,0.00,0.00,0.00,0.00,0.00,0.31,0.00,0,0.00,0,0,0/0/0,0.09,0.00,126,1,1,0,0,0,2026-09-09T18:29:32.7912096Z
3.41ms,293.2,0,63,30009,"mass_navigation_agent_health_text_light:8568,mass_navigation_agent_health_hud_light:8568,mass_navigation_agent_azure_light:2142,mass_navigation_agent_crimson_light:2142,mass_navigation_agent_amber_light:2142,mass_navigation_agent_emerald_light:2142,mass_navigation_agent_health_text_heavy:1432,mass_navigation_agent_health_hud_heavy:1432",0,0,63,63/6,0.01,0.03,0.00,0.00,0.01,3.06,0.02,0.00,0.00,:0.00,:0.00,:0.00,3.02,PresenterEntityTransformSyncSystem:0.89,AnimatorRuntimeSystem:0.57,TerrainHeightSyncSystem:0.40,0.00,0,0,0,0,0,0.57,0.89,0.18,10009/0,0.00,0/0,0.40,10009,0.00,0.00/0.00/0.00/0.00,0.00/0.00/0.00,0.00/0.00/0.00/0.00/0.00/0.00,0.00/0.00/0.00/0.00/0.00,0.16,0.02,0.00,0.13,0.16,0.00,0.01,126,2,0,0.06,0.01,4/0,0.00,0,0,0,0,0.04,0.00,0.00,0.00,0,0.00,0.00,0,0,0/0,0.00,0,0,0.00,0,0,0.00,0,0,0.07,0.00,0,2,0,0.07,0.00,0.00,0.00,0.00,0.00,0.34,0.00,0,0.00,0,0,0/0/0,0.07,0.00,126,1,1,0,0,0,2026-09-09T18:29:33.0864887Z
3.23ms,309.1,0,63,30009,"mass_navigation_agent_health_text_light:8568,mass_navigation_agent_health_hud_light:8568,mass_navigation_agent_azure_light:2142,mass_navigation_agent_crimson_light:2142,mass_navigation_agent_amber_light:2142,mass_navigation_agent_emerald_light:2142,mass_navigation_agent_health_text_heavy:1432,mass_navigation_agent_health_hud_heavy:1432",0,0,63,63/6,0.00,0.03,0.00,0.00,0.02,2.90,0.02,0.00,0.00,:0.00,:0.00,:0.00,2.85,PresenterEntityTransformSyncSystem:0.76,AnimatorRuntimeSystem:0.58,TerrainHeightSyncSystem:0.34,0.00,0,0,0,0,0,0.58,0.76,0.21,10009/0,0.00,0/0,0.34,10009,0.00,0.00/0.00/0.00/0.00,0.00/0.00/0.00,0.00/0.00/0.00/0.00/0.00/0.00,0.00/0.00/0.00/0.00/0.00,0.16,0.02,0.00,0.13,0.16,0.00,0.01,126,2,0,0.06,0.01,4/0,0.00,0,0,0,0,0.04,0.00,0.00,0.00,0,0.00,0.00,0,0,0/0,0.00,0,0,0.00,0,0,0.00,0,0,0.07,0.00,0,2,0,0.06,0.00,0.00,0.00,0.00,0.00,0.32,0.00,0,0.00,0,0,0/0/0,0.06,0.00,126,1,1,0,0,0,2026-09-09T18:29:33.3626730Z
3.80ms,263.5,0,63,30009,"mass_navigation_agent_health_text_light:8568,mass_navigation_agent_health_hud_light:8568,mass_navigation_agent_azure_light:2142,mass_navigation_agent_crimson_light:2142,mass_navigation_agent_amber_light:2142,mass_navigation_agent_emerald_light:2142,mass_navigation_agent_health_text_heavy:1432,mass_navigation_agent_health_hud_heavy:1432",0,0,63,63/6,0.01,0.05,0.00,0.00,0.01,3.29,0.02,0.00,0.00,:0.00,:0.00,:0.00,3.25,PresenterEntityTransformSyncSystem:0.84,AnimatorRuntimeSystem:0.60,TerrainHeightSyncSystem:0.44,0.00,0,0,0,0,0,0.60,0.84,0.22,10009/0,0.00,0/0,0.44,10009,0.00,0.00/0.00/0.00/0.00,0.00/0.00/0.00,0.00/0.00/0.00/0.00/0.00/0.00,0.00/0.00/0.00/0.00/0.00,0.18,0.03,0.00,0.15,0.18,0.00,0.02,126,2,0,0.10,0.01,4/0,0.00,0,0,0,0,0.07,0.00,0.00,0.00,0,0.00,0.00,0,0,0/0,0.00,0,0,0.00,0,0,0.00,0,0,0.10,0.00,0,2,0,0.10,0.00,0.00,0.00,0.00,0.00,0.43,0.00,0,0.00,0,0,0/0/0,0.09,0.00,126,1,1,0,0,0,2026-09-09T18:29:33.6408886Z
3.41ms,293.3,0,63,30009,"mass_navigation_agent_health_text_light:8568,mass_navigation_agent_health_hud_light:8568,mass_navigation_agent_azure_light:2142,mass_navigation_agent_crimson_light:2142,mass_navigation_agent_amber_light:2142,mass_navigation_agent_emerald_light:2142,mass_navigation_agent_health_text_heavy:1432,mass_navigation_agent_health_hud_heavy:1432",0,0,63,63/6,0.01,0.04,0.00,0.00,0.02,2.92,0.03,0.00,0.00,:0.00,:0.00,:0.00,2.88,PresenterEntityTransformSyncSystem:0.75,AnimatorRuntimeSystem:0.57,TerrainHeightSyncSystem:0.37,0.00,0,0,0,0,0,0.57,0.75,0.21,10009/0,0.00,0/0,0.37,10009,0.00,0.00/0.00/0.00/0.00,0.00/0.00/0.00,0.00/0.00/0.00/0.00/0.00/0.00,0.00/0.00/0.00/0.00/0.00,0.16,0.02,0.00,0.13,0.16,0.00,0.02,126,2,0,0.07,0.01,4/0,0.00,0,0,0,0,0.05,0.00,0.00,0.00,0,0.00,0.00,0,0,0/0,0.00,0,0,0.00,0,0,0.00,0,0,0.11,0.00,0,2,0,0.11,0.00,0.00,0.00,0.00,0.00,0.33,0.00,0,0.00,0,0,0/0/0,0.10,0.00,126,1,1,0,0,0,2026-09-09T18:29:33.9101059Z
3.52ms,284.3,0,63,30009,"mass_navigation_agent_health_text_light:8568,mass_navigation_agent_health_hud_light:8568,mass_navigation_agent_azure_light:2142,mass_navigation_agent_crimson_light:2142,mass_navigation_agent_amber_light:2142,mass_navigation_agent_emerald_light:2142,mass_navigation_agent_health_text_heavy:1432,mass_navigation_agent_health_hud_heavy:1432",0,0,63,63/6,0.01,0.03,0.00,0.00,0.01,3.09,0.02,0.00,0.00,:0.00,:0.00,:0.00,3.06,PresenterEntityTransformSyncSystem:0.79,AnimatorRuntimeSystem:0.65,TerrainHeightSyncSystem:0.43,0.00,0,0,0,0,0,0.65,0.79,0.22,10009/0,0.00,0/0,0.43,10009,0.00,0.00/0.00/0.00/0.00,0.00/0.00/0.00,0.00/0.00/0.00/0.00/0.00/0.00,0.00/0.00/0.00/0.00/0.00,0.16,0.02,0.00,0.14,0.16,0.00,0.01,126,2,0,0.07,0.01,4/0,0.00,0,0,0,0,0.05,0.00,0.00,0.00,0,0.00,0.00,0,0,0/0,0.00,0,0,0.00,0,0,0.00,0,0,0.09,0.00,0,2,0,0.09,0.00,0.00,0.00,0.00,0.00,0.33,0.00,0,0.00,0,0,0/0/0,0.09,0.00,126,1,1,0,0,0,2026-09-09T18:29:34.1825135Z
3.34ms,299.6,0,63,30009,"mass_navigation_agent_health_text_light:8568,mass_navigation_agent_health_hud_light:8568,mass_navigation_agent_azure_light:2142,mass_navigation_agent_crimson_light:2142,mass_navigation_agent_amber_light:2142,mass_navigation_agent_emerald_light:2142,mass_navigation_agent_health_text_heavy:1432,mass_navigation_agent_health_hud_heavy:1432",0,0,63,63/6,0.01,0.04,0.00,0.00,0.02,2.86,0.02,0.00,0.00,:0.00,:0.00,:0.00,2.80,PresenterEntityTransformSyncSystem:0.72,AnimatorRuntimeSystem:0.55,PresenterEmitSystem:0.34,0.00,0,0,0,0,0,0.55,0.72,0.19,10009/0,0.00,0/0,0.34,10009,0.00,0.00/0.00/0.00/0.00,0.00/0.00/0.00,0.00/0.00/0.00/0.00/0.00/0.00,0.00/0.00/0.00/0.00/0.00,0.19,0.03,0.00,0.16,0.19,0.00,0.02,126,2,0,0.07,0.01,4/0,0.00,0,0,0,0,0.05,0.00,0.00,0.00,0,0.00,0.00,0,0,0/0,0.00,0,0,0.00,0,0,0.00,0,0,0.11,0.00,0,2,0,0.11,0.00,0.00,0.00,0.00,0.00,0.34,0.00,0,0.00,0,0,0/0/0,0.10,0.00,126,1,1,0,0,0,2026-09-09T18:29:34.4610858Z
3.39ms,295.0,0,63,30009,"mass_navigation_agent_health_text_light:8568,mass_navigation_agent_health_hud_light:8568,mass_navigation_agent_azure_light:2142,mass_navigation_agent_crimson_light:2142,mass_navigation_agent_amber_light:2142,mass_navigation_agent_emerald_light:2142,mass_navigation_agent_health_text_heavy:1432,mass_navigation_agent_health_hud_heavy:1432",0,0,63,63/6,0.01,0.03,0.00,0.00,0.01,3.06,0.02,0.00,0.00,:0.00,:0.00,:0.00,3.03,PresenterEntityTransformSyncSystem:0.87,AnimatorRuntimeSystem:0.64,TerrainHeightSyncSystem:0.40,0.00,0,0,0,0,0,0.64,0.87,0.22,10009/0,0.00,0/0,0.40,10009,0.00,0.00/0.00/0.00/0.00,0.00/0.00/0.00,0.00/0.00/0.00/0.00/0.00/0.00,0.00/0.00/0.00/0.00/0.00,0.17,0.02,0.00,0.14,0.16,0.00,0.01,126,2,0,0.08,0.01,4/0,0.00,0,0,0,0,0.07,0.00,0.00,0.00,0,0.00,0.00,0,0,0/0,0.00,0,0,0.00,0,0,0.00,0,0,0.05,0.00,0,2,0,0.05,0.00,0.00,0.00,0.00,0.00,0.29,0.00,0,0.00,0,0,0/0/0,0.06,0.00,126,1,1,0,0,0,2026-09-09T18:29:34.7256895Z
7.91ms,126.4,0,63,30009,"mass_navigation_agent_health_text_light:8568,mass_navigation_agent_health_hud_light:8568,mass_navigation_agent_azure_light:2142,mass_navigation_agent_crimson_light:2142,mass_navigation_agent_amber_light:2142,mass_navigation_agent_emerald_light:2142,mass_navigation_agent_health_text_heavy:1432,mass_navigation_agent_health_hud_heavy:1432",0,0,63,63/6,0.01,0.04,0.00,0.00,0.01,7.35,0.04,0.00,3.50,EffectProcessingLoopSystem:1.56,MapEntityLifecycleObserverSystem:0.60,MassNavigationAuthoredAgentBindingSystem:0.52,3.80,PresenterEntityTransformSyncSystem:0.93,AnimatorRuntimeSystem:0.57,PresenterEmitSystem:0.57,0.21,0,142,142,0,0,0.57,0.93,0.21,10009/0,0.00,0/0,0.43,10009,0.00,0.00/0.00/0.00/0.00,0.00/0.00/0.00,0.00/0.00/0.00/0.00/0.00/0.00,0.00/0.00/0.00/0.00/0.00,0.18,0.03,0.00,0.15,0.18,0.00,0.03,126,2,0,0.07,0.01,4/0,0.00,0,0,0,0,0.05,0.00,0.00,0.00,0,0.00,0.00,0,0,0/0,0.00,0,0,0.00,0,0,0.00,0,0,0.14,0.00,0,2,0,0.14,0.00,0.00,0.00,0.00,0.00,0.57,0.00,0,0.24,282,0,282/0/0,0.10,0.00,126,1,1,0,0,0,2026-09-09T18:29:35.0158083Z
4.95ms,201.9,0,63,30009,"mass_navigation_agent_health_text_light:8568,mass_navigation_agent_health_hud_light:8568,mass_navigation_agent_azure_light:2142,mass_navigation_agent_crimson_light:2142,mass_navigation_agent_amber_light:2142,mass_navigation_agent_emerald_light:2142,mass_navigation_agent_health_text_heavy:1432,mass_navigation_agent_health_hud_heavy:1432",0,0,63,63/6,0.01,0.04,0.00,0.00,0.02,4.37,0.04,0.00,0.23,EffectProcessingLoopSystem:0.23,:0.00,:0.00,4.08,PresenterEntityTransformSyncSystem:1.36,AnimatorRuntimeSystem:0.70,TerrainHeightSyncSystem:0.49,0.00,0,0,0,0,0,0.70,1.36,0.23,10009/0,0.00,0/0,0.49,10009,0.00,0.00/0.00/0.00/0.00,0.00/0.00/0.00,0.00/0.00/0.00/0.00/0.00/0.00,0.00/0.00/0.00/0.00/0.00,0.22,0.03,0.00,0.18,0.22,0.00,0.02,126,2,0,0.08,0.01,4/0,0.00,0,0,0,0,0.05,0.00,0.00,0.00,0,0.00,0.00,0,0,0/0,0.00,0,0,0.00,0,0,0.00,0,0,0.15,0.00,0,2,0,0.15,0.00,0.00,0.00,0.00,0.00,0.39,0.00,0,0.00,0,0,0/0/0,0.11,0.00,126,1,1,0,0,0,2026-09-09T18:29:35.3009378Z
17.38ms,57.5,0,63,30009,"mass_navigation_agent_health_text_light:8568,mass_navigation_agent_health_hud_light:8568,mass_navigation_agent_azure_light:2142,mass_navigation_agent_crimson_light:2142,mass_navigation_agent_amber_light:2142,mass_navigation_agent_emerald_light:2142,mass_navigation_agent_health_text_heavy:1432,mass_navigation_agent_health_hud_heavy:1432",0,0,63,63/6,0.01,0.04,0.00,0.00,0.01,16.54,0.05,0.00,11.66,MassNavigationSimulationStepSystem:9.89,AbilityEndOrderSystem:0.40,EffectProcessingLoopSystem:0.36,4.83,PresenterEntityTransformSyncSystem:1.82,AnimatorRuntimeSystem:0.62,InstancedBatchEmissionSystem:0.46,0.01,0,0,0,0,0,0.62,1.82,0.24,10009/0,0.00,0/0,0.46,10009,0.00,0.00/0.00/0.00/0.00,0.00/0.00/0.00,0.00/0.00/0.00/0.00/0.00/0.00,0.00/0.00/0.00/0.00/0.00,0.27,0.05,0.00,0.21,0.27,0.00,0.03,126,2,0,0.09,0.01,4/0,0.00,0,0,0,0,0.06,0.00,0.00,0.00,0,0.00,0.00,0,0,0/0,0.00,0,0,0.00,0,0,0.00,0,0,0.24,0.00,0,2,0,0.24,0.00,0.00,0.00,0.00,0.00,0.42,0.00,0,0.00,0,0,0/0/0,0.16,0.00,126,1,1,0,0,0,2026-09-09T18:29:35.6093606Z
5.67ms,176.4,0,63,30009,"mass_navigation_agent_health_text_light:8568,mass_navigation_agent_health_hud_light:8568,mass_navigation_agent_azure_light:2142,mass_navigation_agent_crimson_light:2142,mass_navigation_agent_amber_light:2142,mass_navigation_agent_emerald_light:2142,mass_navigation_agent_health_text_heavy:1432,mass_navigation_agent_health_hud_heavy:1432",0,0,63,63/6,0.01,0.05,0.00,0.00,0.03,4.93,0.04,0.00,0.00,:0.00,:0.00,:0.00,4.83,PresenterEntityTransformSyncSystem:1.60,AnimatorRuntimeSystem:0.86,TerrainHeightSyncSystem:0.58,0.01,0,0,0,0,0,0.86,1.60,0.27,10009/0,0.00,0/0,0.57,10009,0.00,0.00/0.00/0.00/0.00,0.00/0.00/0.00,0.00/0.00/0.00/0.00/0.00/0.00,0.00/0.00/0.00/0.00/0.00,0.30,0.04,0.00,0.25,0.30,0.00,0.03,126,2,0,0.10,0.01,4/0,0.00,0,0,0,0,0.06,0.00,0.00,0.00,0,0.00,0.00,0,0,0/0,0.00,0,0,0.00,0,0,0.00,0,0,0.23,0.00,0,2,0,0.23,0.00,0.00,0.00,0.00,0.00,0.41,0.00,0,0.00,0,0,0/0/0,0.12,0.00,126,1,1,0,0,0,2026-09-09T18:29:36.0290766Z
8.51ms,117.6,0,63,30009,"mass_navigation_agent_health_text_light:8568,mass_navigation_agent_health_hud_light:8568,mass_navigation_agent_azure_light:2142,mass_navigation_agent_crimson_light:2142,mass_navigation_agent_amber_light:2142,mass_navigation_agent_emerald_light:2142,mass_navigation_agent_health_text_heavy:1432,mass_navigation_agent_health_hud_heavy:1432",0,0,63,63/6,0.01,0.06,0.00,0.00,0.02,7.59,0.06,0.00,2.45,EffectProcessingLoopSystem:2.44,:0.00,:0.00,5.07,PresenterEntityTransformSyncSystem:1.79,AnimatorRuntimeSystem:0.77,PresenterEmitSystem:0.57,0.01,0,0,0,0,0,0.77,1.79,0.30,10009/0,0.00,0/0,0.51,10009,0.00,0.00/0.00/0.00/0.00,0.00/0.00/0.00,0.00/0.00/0.00/0.00/0.00/0.00,0.00/0.00/0.00/0.00/0.00,0.27,0.04,0.00,0.22,0.27,0.00,0.04,126,2,0,0.13,0.02,4/0,0.00,0,0,0,0,0.09,0.00,0.00,0.00,0,0.00,0.00,0,0,0/0,0.00,0,0,0.00,0,0,0.00,0,0,0.24,0.00,0,2,0,0.23,0.00,0.00,0.00,0.00,0.00,0.57,0.00,0,0.00,0,0,0/0/0,0.17,0.00,126,1,1,0,0,0,2026-09-09T18:29:36.4211810Z
4.20ms,238.0,0,63,30009,"mass_navigation_agent_health_text_light:8568,mass_navigation_agent_health_hud_light:8568,mass_navigation_agent_azure_light:2142,mass_navigation_agent_crimson_light:2142,mass_navigation_agent_amber_light:2142,mass_navigation_agent_emerald_light:2142,mass_navigation_agent_health_text_heavy:1432,mass_navigation_agent_health_hud_heavy:1432",0,0,63,63/6,0.01,0.04,0.00,0.00,0.01,3.66,0.03,0.00,0.00,:0.00,:0.00,:0.00,3.61,PresenterEntityTransformSyncSystem:1.00,AnimatorRuntimeSystem:0.69,TerrainHeightSyncSystem:0.51,0.00,0,0,0,0,0,0.69,1.00,0.22,10009/0,0.00,0/0,0.51,10009,0.00,0.00/0.00/0.00/0.00,0.00/0.00/0.00,0.00/0.00/0.00/0.00/0.00/0.00,0.00/0.00/0.00/0.00/0.00,0.22,0.03,0.00,0.19,0.22,0.00,0.02,126,2,0,0.08,0.01,4/0,0.00,0,0,0,0,0.05,0.00,0.00,0.00,0,0.00,0.00,0,0,0/0,0.00,0,0,0.00,0,0,0.00,0,0,0.14,0.00,0,2,0,0.14,0.00,0.00,0.00,0.00,0.00,0.37,0.00,0,0.00,0,0,0/0/0,0.11,0.00,126,1,1,0,0,0,2026-09-09T18:29:36.7829999Z
7.27ms,137.5,0,63,30009,"mass_navigation_agent_health_text_light:8568,mass_navigation_agent_health_hud_light:8568,mass_navigation_agent_azure_light:2142,mass_navigation_agent_crimson_light:2142,mass_navigation_agent_amber_light:2142,mass_navigation_agent_emerald_light:2142,mass_navigation_agent_health_text_heavy:1432,mass_navigation_agent_health_hud_heavy:1432",0,0,63,63/6,0.01,0.03,0.00,0.00,0.01,6.87,0.02,0.00,3.37,MassNavigationSimulationStepSystem:1.82,EffectProcessingLoopSystem:0.32,OrderBufferSystem:0.23,3.44,PresenterEntityTransformSyncSystem:0.96,AnimatorRuntimeSystem:0.64,TerrainHeightSyncSystem:0.46,0.00,0,0,0,0,0,0.64,0.96,0.20,10009/0,0.00,0/0,0.46,10009,0.00,0.00/0.00/0.00/0.00,0.00/0.00/0.00,0.00/0.00/0.00/0.00/0.00/0.00,0.00/0.00/0.00/0.00/0.00,0.24,0.04,0.00,0.20,0.24,0.00,0.02,126,2,0,0.07,0.01,4/0,0.00,0,0,0,0,0.05,0.00,0.00,0.00,0,0.00,0.00,0,0,0/0,0.00,0,0,0.00,0,0,0.00,0,0,0.09,0.00,0,2,0,0.09,0.00,0.00,0.00,0.00,0.00,0.34,0.00,0,0.00,0,0,0/0/0,0.08,0.00,126,1,1,0,0,0,2026-09-09T18:29:37.1473488Z
3.79ms,263.7,0,63,30009,"mass_navigation_agent_health_text_light:8568,mass_navigation_agent_health_hud_light:8568,mass_navigation_agent_azure_light:2142,mass_navigation_agent_crimson_light:2142,mass_navigation_agent_amber_light:2142,mass_navigation_agent_emerald_light:2142,mass_navigation_agent_health_text_heavy:1432,mass_navigation_agent_health_hud_heavy:1432",0,0,63,63/6,0.01,0.03,0.00,0.00,0.01,3.35,0.02,0.00,0.00,:0.00,:0.00,:0.00,3.31,PresenterEntityTransformSyncSystem:0.94,AnimatorRuntimeSystem:0.66,TerrainHeightSyncSystem:0.42,0.00,0,0,0,0,0,0.66,0.94,0.18,10009/0,0.00,0/0,0.42,10009,0.00,0.00/0.00/0.00/0.00,0.00/0.00/0.00,0.00/0.00/0.00/0.00/0.00/0.00,0.00/0.00/0.00/0.00/0.00,0.19,0.03,0.00,0.16,0.19,0.00,0.02,126,2,0,0.07,0.01,4/0,0.00,0,0,0,0,0.05,0.00,0.00,0.00,0,0.00,0.00,0,0,0/0,0.00,0,0,0.00,0,0,0.00,0,0,0.11,0.00,0,2,0,0.10,0.00,0.00,0.00,0.00,0.00,0.35,0.00,0,0.00,0,0,0/0/0,0.09,0.00,126,1,1,0,0,0,2026-09-09T18:29:37.4714100Z
3.65ms,273.9,0,63,30009,"mass_navigation_agent_health_text_light:8568,mass_navigation_agent_health_hud_light:8568,mass_navigation_agent_azure_light:2142,mass_navigation_agent_crimson_light:2142,mass_navigation_agent_amber_light:2142,mass_navigation_agent_emerald_light:2142,mass_navigation_agent_health_text_heavy:1432,mass_navigation_agent_health_hud_heavy:1432",0,0,63,63/6,0.01,0.03,0.00,0.00,0.01,3.23,0.02,0.00,0.00,:0.00,:0.00,:0.00,3.18,PresenterEntityTransformSyncSystem:0.88,AnimatorRuntimeSystem:0.59,TerrainHeightSyncSystem:0.43,0.00,0,0,0,0,0,0.59,0.88,0.28,10009/0,0.00,0/0,0.43,10009,0.00,0.00/0.00/0.00/0.00,0.00/0.00/0.00,0.00/0.00/0.00/0.00/0.00/0.00,0.00/0.00/0.00/0.00/0.00,0.18,0.03,0.00,0.14,0.17,0.00,0.01,126,2,0,0.06,0.01,4/0,0.00,0,0,0,0,0.05,0.00,0.00,0.00,0,0.00,0.00,0,0,0/0,0.00,0,0,0.00,0,0,0.00,0,0,0.09,0.00,0,2,0,0.09,0.00,0.00,0.00,0.00,0.00,0.31,0.00,0,0.00,0,0,0/0/0,0.09,0.00,126,1,1,0,0,0,2026-09-09T18:29:37.7692594Z
11.22ms,89.1,0,63,30009,"mass_navigation_agent_health_text_light:8568,mass_navigation_agent_health_hud_light:8568,mass_navigation_agent_azure_light:2142,mass_navigation_agent_crimson_light:2142,mass_navigation_agent_amber_light:2142,mass_navigation_agent_emerald_light:2142,mass_navigation_agent_health_text_heavy:1432,mass_navigation_agent_health_hud_heavy:1432",0,0,63,63/6,0.01,0.04,0.00,0.00,0.02,10.45,0.05,0.00,4.68,EffectProcessingLoopSystem:1.82,MassNavigationAuthoredAgentBindingSystem:0.82,MapEntityLifecycleObserverSystem:0.80,5.70,PresenterEntityTransformSyncSystem:2.05,PresenterEmitSystem:0.66,AnimatorRuntimeSystem:0.62,0.25,0,146,146,0,0,0.62,2.05,0.25,10009/0,0.00,0/0,0.49,10009,0.00,0.00/0.00/0.00/0.00,0.00/0.00/0.00,0.00/0.00/0.00/0.00/0.00/0.00,0.00/0.00/0.00/0.00/0.00,0.28,0.05,0.00,0.22,0.28,0.00,0.03,126,2,0,0.09,0.01,4/0,0.00,0,0,0,0,0.06,0.00,0.00,0.00,0,0.00,0.00,0,0,0/0,0.00,0,0,0.00,0,0,0.00,0,0,0.21,0.00,0,2,0,0.20,0.00,0.00,0.00,0.00,0.00,0.66,0.00,0,0.27,290,0,290/0/0,0.16,0.00,126,1,1,0,0,0,2026-09-09T18:29:38.1130546Z
4.41ms,226.5,0,63,30009,"mass_navigation_agent_health_text_light:8568,mass_navigation_agent_health_hud_light:8568,mass_navigation_agent_azure_light:2142,mass_navigation_agent_crimson_light:2142,mass_navigation_agent_amber_light:2142,mass_navigation_agent_emerald_light:2142,mass_navigation_agent_health_text_heavy:1432,mass_navigation_agent_health_hud_heavy:1432",0,0,63,63/6,0.01,0.04,0.00,0.00,0.02,3.83,0.03,0.00,0.00,:0.00,:0.00,:0.00,3.77,PresenterEntityTransformSyncSystem:1.17,AnimatorRuntimeSystem:0.67,TerrainHeightSyncSystem:0.45,0.00,0,0,0,0,0,0.67,1.16,0.22,10009/0,0.00,0/0,0.45,10009,0.00,0.00/0.00/0.00/0.00,0.00/0.00/0.00,0.00/0.00/0.00/0.00/0.00/0.00,0.00/0.00/0.00/0.00/0.00,0.23,0.04,0.00,0.19,0.23,0.00,0.02,126,2,0,0.08,0.01,4/0,0.00,0,0,0,0,0.05,0.00,0.00,0.00,0,0.00,0.00,0,0,0/0,0.00,0,0,0.00,0,0,0.00,0,0,0.15,0.00,0,2,0,0.14,0.00,0.00,0.00,0.00,0.00,0.39,0.00,0,0.00,0,0,0/0/0,0.11,0.00,126,1,1,0,0,0,2026-09-09T18:29:38.4407760Z
4.40ms,227.1,0,63,30009,"mass_navigation_agent_health_text_light:8568,mass_navigation_agent_health_hud_light:8568,mass_navigation_agent_azure_light:2142,mass_navigation_agent_crimson_light:2142,mass_navigation_agent_amber_light:2142,mass_navigation_agent_emerald_light:2142,mass_navigation_agent_health_text_heavy:1432,mass_navigation_agent_health_hud_heavy:1432",0,0,63,63/6,0.01,0.06,0.00,0.00,0.01,3.70,0.04,0.00,0.00,:0.00,:0.00,:0.00,3.67,PresenterEntityTransformSyncSystem:1.02,AnimatorRuntimeSystem:0.75,PresenterEmitSystem:0.51,0.00,0,0,0,0,0,0.75,1.02,0.21,10009/0,0.00,0/0,0.45,10009,0.00,0.00/0.00/0.00/0.00,0.00/0.00/0.00,0.00/0.00/0.00/0.00/0.00/0.00,0.00/0.00/0.00/0.00/0.00,0.20,0.02,0.00,0.17,0.20,0.00,0.03,126,2,0,0.11,0.02,4/0,0.00,0,0,0,0,0.08,0.00,0.00,0.01,0,0.00,0.00,0,0,0/0,0.00,0,0,0.00,0,0,0.00,0,0,0.16,0.00,0,2,0,0.16,0.00,0.00,0.00,0.00,0.00,0.51,0.00,0,0.00,0,0,0/0/0,0.14,0.00,126,1,1,0,0,0,2026-09-09T18:29:38.7306463Z
4.11ms,243.4,0,63,30009,"mass_navigation_agent_health_text_light:8568,mass_navigation_agent_health_hud_light:8568,mass_navigation_agent_azure_light:2142,mass_navigation_agent_crimson_light:2142,mass_navigation_agent_amber_light:2142,mass_navigation_agent_emerald_light:2142,mass_navigation_agent_health_text_heavy:1432,mass_navigation_agent_health_hud_heavy:1432",0,0,63,63/6,0.01,0.05,0.00,0.00,0.01,3.57,0.03,0.00,0.21,EffectProcessingLoopSystem:0.20,:0.00,:0.00,3.32,PresenterEntityTransformSyncSystem:0.84,AnimatorRuntimeSystem:0.63,PresenterEmitSystem:0.49,0.00,0,0,0,0,0,0.63,0.84,0.21,10009/0,0.00,0/0,0.42,10009,0.00,0.00/0.00/0.00/0.00,0.00/0.00/0.00,0.00/0.00/0.00/0.00/0.00/0.00,0.00/0.00/0.00/0.00/0.00,0.18,0.03,0.00,0.15,0.18,0.00,0.02,126,2,0,0.12,0.01,4/0,0.00,0,0,0,0,0.10,0.00,0.00,0.00,0,0.00,0.00,0,0,0/0,0.00,0,0,0.00,0,0,0.00,0,0,0.11,0.00,0,2,0,0.11,0.00,0.00,0.00,0.00,0.00,0.49,0.00,0,0.00,0,0,0/0/0,0.10,0.00,126,1,1,0,0,0,2026-09-09T18:29:39.0478191Z
4.43ms,225.9,0,63,30009,"mass_navigation_agent_health_text_light:8568,mass_navigation_agent_health_hud_light:8568,mass_navigation_agent_azure_light:2142,mass_navigation_agent_crimson_light:2142,mass_navigation_agent_amber_light:2142,mass_navigation_agent_emerald_light:2142,mass_navigation_agent_health_text_heavy:1432,mass_navigation_agent_health_hud_heavy:1432",0,0,63,63/6,0.01,0.04,0.00,0.00,0.02,3.87,0.03,0.00,0.00,:0.00,:0.00,:0.00,3.80,PresenterEntityTransformSyncSystem:1.20,AnimatorRuntimeSystem:0.65,TerrainHeightSyncSystem:0.44,0.00,0,0,0,0,0,0.65,1.20,0.26,10009/0,0.00,0/0,0.44,10009,0.00,0.00/0.00/0.00/0.00,0.00/0.00/0.00,0.00/0.00/0.00/0.00/0.00/0.00,0.00/0.00/0.00/0.00/0.00,0.21,0.04,0.00,0.17,0.21,0.00,0.02,126,2,0,0.08,0.01,4/0,0.00,0,0,0,0,0.05,0.00,0.00,0.00,0,0.00,0.00,0,0,0/0,0.00,0,0,0.00,0,0,0.00,0,0,0.15,0.00,0,2,0,0.14,0.00,0.00,0.00,0.00,0.00,0.36,0.00,0,0.00,0,0,0/0/0,0.09,0.00,126,1,1,0,0,0,2026-09-09T18:29:39.4657830Z
3.68ms,271.5,0,63,30009,"mass_navigation_agent_health_text_light:8568,mass_navigation_agent_health_hud_light:8568,mass_navigation_agent_azure_light:2142,mass_navigation_agent_crimson_light:2142,mass_navigation_agent_amber_light:2142,mass_navigation_agent_emerald_light:2142,mass_navigation_agent_health_text_heavy:1432,mass_navigation_agent_health_hud_heavy:1432",0,0,63,63/6,0.01,0.04,0.00,0.00,0.10,3.10,0.03,0.00,0.00,:0.00,:0.00,:0.00,3.05,PresenterEntityTransformSyncSystem:0.77,AnimatorRuntimeSystem:0.63,TerrainHeightSyncSystem:0.35,0.00,0,0,0,0,0,0.63,0.77,0.22,10009/0,0.00,0/0,0.35,10009,0.00,0.00/0.00/0.00/0.00,0.00/0.00/0.00,0.00/0.00/0.00/0.00/0.00/0.00,0.00/0.00/0.00/0.00/0.00,0.23,0.04,0.00,0.18,0.23,0.00,0.02,126,2,0,0.07,0.01,4/0,0.00,0,0,0,0,0.05,0.00,0.00,0.00,0,0.00,0.00,0,0,0/0,0.00,0,0,0.00,0,0,0.00,0,0,0.12,0.00,0,2,0,0.11,0.00,0.00,0.00,0.00,0.00,0.34,0.00,0,0.00,0,0,0/0/0,0.10,0.00,126,1,1,0,0,0,2026-09-09T18:29:39.7673892Z
3.53ms,283.5,0,63,30009,"mass_navigation_agent_health_text_light:8568,mass_navigation_agent_health_hud_light:8568,mass_navigation_agent_azure_light:2142,mass_navigation_agent_crimson_light:2142,mass_navigation_agent_amber_light:2142,mass_navigation_agent_emerald_light:2142,mass_navigation_agent_health_text_heavy:1432,mass_navigation_agent_health_hud_heavy:1432",0,0,63,63/6,0.01,0.03,0.00,0.00,0.01,3.20,0.02,0.00,0.00,:0.00,:0.00,:0.00,3.15,PresenterEntityTransformSyncSystem:0.86,AnimatorRuntimeSystem:0.62,TerrainHeightSyncSystem:0.42,0.00,0,0,0,0,0,0.62,0.86,0.18,10009/0,0.00,0/0,0.42,10009,0.00,0.00/0.00/0.00/0.00,0.00/0.00/0.00,0.00/0.00/0.00/0.00/0.00/0.00,0.00/0.00/0.00/0.00/0.00,0.25,0.02,0.00,0.22,0.25,0.00,0.01,126,2,0,0.06,0.01,4/0,0.00,0,0,0,0,0.04,0.00,0.00,0.00,0,0.00,0.00,0,0,0/0,0.00,0,0,0.00,0,0,0.00,0,0,0.07,0.00,0,2,0,0.07,0.00,0.00,0.00,0.00,0.00,0.32,0.00,0,0.00,0,0,0/0/0,0.06,0.00,126,1,1,0,0,0,2026-09-09T18:29:40.0820255Z
3.50ms,285.7,0,63,30009,"mass_navigation_agent_health_text_light:8568,mass_navigation_agent_health_hud_light:8568,mass_navigation_agent_azure_light:2142,mass_navigation_agent_crimson_light:2142,mass_navigation_agent_amber_light:2142,mass_navigation_agent_emerald_light:2142,mass_navigation_agent_health_text_heavy:1432,mass_navigation_agent_health_hud_heavy:1432",0,0,63,63/6,0.01,0.03,0.00,0.00,0.01,3.13,0.02,0.00,0.00,:0.00,:0.00,:0.00,3.08,PresenterEntityTransformSyncSystem:0.79,AnimatorRuntimeSystem:0.64,TerrainHeightSyncSystem:0.42,0.00,0,0,0,0,0,0.64,0.79,0.19,10009/0,0.00,0/0,0.42,10009,0.00,0.00/0.00/0.00/0.00,0.00/0.00/0.00,0.00/0.00/0.00/0.00/0.00/0.00,0.00/0.00/0.00/0.00/0.00,0.18,0.03,0.00,0.14,0.17,0.00,0.01,126,2,0,0.06,0.01,4/0,0.00,0,0,0,0,0.05,0.00,0.00,0.00,0,0.00,0.00,0,0,0/0,0.00,0,0,0.00,0,0,0.00,0,0,0.08,0.00,0,2,0,0.08,0.00,0.00,0.00,0.00,0.00,0.38,0.00,0,0.00,0,0,0/0/0,0.07,0.00,126,1,1,0,0,0,2026-09-09T18:29:40.3860299Z
8.00ms,125.0,0,63,30009,"mass_navigation_agent_health_text_light:8568,mass_navigation_agent_health_hud_light:8568,mass_navigation_agent_azure_light:2142,mass_navigation_agent_crimson_light:2142,mass_navigation_agent_amber_light:2142,mass_navigation_agent_emerald_light:2142,mass_navigation_agent_health_text_heavy:1432,mass_navigation_agent_health_hud_heavy:1432",0,0,63,63/6,0.01,0.04,0.00,0.00,0.02,7.40,0.03,0.00,3.09,MassNavigationSimulationStepSystem:1.28,EffectProcessingLoopSystem:0.35,AbilityEndOrderSystem:0.33,4.24,PresenterEntityTransformSyncSystem:1.42,AnimatorRuntimeSystem:0.64,TerrainHeightSyncSystem:0.53,0.00,0,0,0,0,0,0.64,1.41,0.26,10009/0,0.00,0/0,0.53,10009,0.00,0.00/0.00/0.00/0.00,0.00/0.00/0.00,0.00/0.00/0.00/0.00/0.00/0.00,0.00/0.00/0.00/0.00/0.00,0.26,0.04,0.00,0.20,0.26,0.00,0.02,126,2,0,0.08,0.01,4/0,0.00,0,0,0,0,0.05,0.00,0.00,0.00,0,0.00,0.00,0,0,0/0,0.00,0,0,0.00,0,0,0.00,0,0,0.15,0.00,0,2,0,0.15,0.00,0.00,0.00,0.00,0.00,0.36,0.00,0,0.00,0,0,0/0/0,0.11,0.00,126,1,1,0,0,0,2026-09-09T18:29:40.6971064Z
3.90ms,256.3,0,63,30009,"mass_navigation_agent_health_text_light:8568,mass_navigation_agent_health_hud_light:8568,mass_navigation_agent_azure_light:2142,mass_navigation_agent_crimson_light:2142,mass_navigation_agent_amber_light:2142,mass_navigation_agent_emerald_light:2142,mass_navigation_agent_health_text_heavy:1432,mass_navigation_agent_health_hud_heavy:1432",0,0,63,63/6,0.01,0.03,0.00,0.00,0.02,3.46,0.02,0.00,0.00,:0.00,:0.00,:0.00,3.40,PresenterEntityTransformSyncSystem:0.83,AnimatorRuntimeSystem:0.67,TerrainHeightSyncSystem:0.53,0.00,0,0,0,0,0,0.67,0.83,0.21,10009/0,0.00,0/0,0.53,10009,0.00,0.00/0.00/0.00/0.00,0.00/0.00/0.00,0.00/0.00/0.00/0.00/0.00/0.00,0.00/0.00/0.00/0.00/0.00,0.21,0.03,0.00,0.17,0.20,0.00,0.02,126,2,0,0.07,0.01,4/0,0.00,0,0,0,0,0.05,0.00,0.00,0.00,0,0.00,0.00,0,0,0/0,0.00,0,0,0.00,0,0,0.00,0,0,0.10,0.00,0,2,0,0.10,0.00,0.00,0.00,0.00,0.00,0.35,0.00,0,0.00,0,0,0/0/0,0.08,0.00,126,1,1,0,0,0,2026-09-09T18:29:41.0292062Z
3.69ms,271.1,0,63,30009,"mass_navigation_agent_health_text_light:8568,mass_navigation_agent_health_hud_light:8568,mass_navigation_agent_azure_light:2142,mass_navigation_agent_crimson_light:2142,mass_navigation_agent_amber_light:2142,mass_navigation_agent_emerald_light:2142,mass_navigation_agent_health_text_heavy:1432,mass_navigation_agent_health_hud_heavy:1432",0,0,63,63/6,0.01,0.03,0.00,0.00,0.01,3.23,0.02,0.00,0.00,:0.00,:0.00,:0.00,3.18,PresenterEntityTransformSyncSystem:0.86,AnimatorRuntimeSystem:0.59,PresenterEmitSystem:0.39,0.00,0,0,0,0,0,0.59,0.86,0.20,10009/0,0.00,0/0,0.36,10009,0.00,0.00/0.00/0.00/0.00,0.00/0.00/0.00,0.00/0.00/0.00/0.00/0.00/0.00,0.00/0.00/0.00/0.00/0.00,0.27,0.05,0.00,0.21,0.27,0.00,0.02,126,2,0,0.07,0.01,4/0,0.00,0,0,0,0,0.05,0.00,0.00,0.00,0,0.00,0.00,0,0,0/0,0.00,0,0,0.00,0,0,0.00,0,0,0.11,0.00,0,2,0,0.11,0.00,0.00,0.00,0.00,0.00,0.39,0.00,0,0.00,0,0,0/0/0,0.09,0.00,126,1,1,0,0,0,2026-09-09T18:29:41.3107434Z
3.50ms,285.5,0,63,30009,"mass_navigation_agent_health_text_light:8568,mass_navigation_agent_health_hud_light:8568,mass_navigation_agent_azure_light:2142,mass_navigation_agent_crimson_light:2142,mass_navigation_agent_amber_light:2142,mass_navigation_agent_emerald_light:2142,mass_navigation_agent_health_text_heavy:1432,mass_navigation_agent_health_hud_heavy:1432",0,0,63,63/6,0.01,0.03,0.00,0.00,0.01,3.10,0.02,0.00,0.00,:0.00,:0.00,:0.00,3.06,PresenterEntityTransformSyncSystem:0.83,AnimatorRuntimeSystem:0.58,TerrainHeightSyncSystem:0.41,0.00,0,0,0,0,0,0.58,0.83,0.22,10009/0,0.00,0/0,0.41,10009,0.00,0.00/0.00/0.00/0.00,0.00/0.00/0.00,0.00/0.00/0.00/0.00/0.00/0.00,0.00/0.00/0.00/0.00/0.00,0.18,0.03,0.00,0.15,0.18,0.00,0.01,126,2,0,0.06,0.01,4/0,0.00,0,0,0,0,0.04,0.00,0.00,0.00,0,0.00,0.00,0,0,0/0,0.00,0,0,0.00,0,0,0.00,0,0,0.09,0.00,0,2,0,0.09,0.00,0.00,0.00,0.00,0.00,0.31,0.00,0,0.00,0,0,0/0/0,0.08,0.00,126,1,1,0,0,0,2026-09-09T18:29:41.5827097Z
3.80ms,263.3,0,63,30009,"mass_navigation_agent_health_text_light:8568,mass_navigation_agent_health_hud_light:8568,mass_navigation_agent_azure_light:2142,mass_navigation_agent_crimson_light:2142,mass_navigation_agent_amber_light:2142,mass_navigation_agent_emerald_light:2142,mass_navigation_agent_health_text_heavy:1432,mass_navigation_agent_health_hud_heavy:1432",0,0,63,63/6,0.01,0.03,0.00,0.00,0.02,3.32,0.02,0.00,0.00,:0.00,:0.00,:0.00,3.27,PresenterEntityTransformSyncSystem:0.84,AnimatorRuntimeSystem:0.68,TerrainHeightSyncSystem:0.42,0.00,0,0,0,0,0,0.68,0.84,0.22,10009/0,0.00,0/0,0.42,10009,0.00,0.00/0.00/0.00/0.00,0.00/0.00/0.00,0.00/0.00/0.00/0.00/0.00/0.00,0.00/0.00/0.00/0.00/0.00,0.19,0.02,0.00,0.16,0.19,0.00,0.02,126,2,0,0.07,0.01,4/0,0.00,0,0,0,0,0.05,0.00,0.00,0.00,0,0.00,0.00,0,0,0/0,0.00,0,0,0.00,0,0,0.00,0,0,0.11,0.00,0,2,0,0.11,0.00,0.00,0.00,0.00,0.00,0.40,0.00,0,0.00,0,0,0/0/0,0.10,0.00,126,1,1,0,0,0,2026-09-09T18:29:41.8639797Z
3.85ms,260.0,0,63,30009,"mass_navigation_agent_health_text_light:8568,mass_navigation_agent_health_hud_light:8568,mass_navigation_agent_azure_light:2142,mass_navigation_agent_crimson_light:2142,mass_navigation_agent_amber_light:2142,mass_navigation_agent_emerald_light:2142,mass_navigation_agent_health_text_heavy:1432,mass_navigation_agent_health_hud_heavy:1432",0,0,63,63/6,0.01,0.05,0.00,0.00,0.01,3.26,0.03,0.00,0.00,:0.00,:0.00,:0.00,3.22,PresenterEntityTransformSyncSystem:0.82,AnimatorRuntimeSystem:0.57,PresenterEmitSystem:0.49,0.00,0,0,0,0,0,0.57,0.82,0.21,10009/0,0.00,0/0,0.46,10009,0.00,0.00/0.00/0.00/0.00,0.00/0.00/0.00,0.00/0.00/0.00/0.00/0.00/0.00,0.00/0.00/0.00/0.00/0.00,0.17,0.02,0.00,0.14,0.17,0.00,0.02,126,2,0,0.09,0.01,4/0,0.00,0,0,0,0,0.07,0.00,0.00,0.00,0,0.00,0.00,0,0,0/0,0.00,0,0,0.00,0,0,0.00,0,0,0.12,0.00,0,2,0,0.11,0.00,0.00,0.00,0.00,0.00,0.49,0.00,0,0.00,0,0,0/0/0,0.16,0.00,126,1,1,0,0,0,2026-09-09T18:29:42.1386446Z
7.79ms,128.4,0,63,30009,"mass_navigation_agent_health_text_light:8568,mass_navigation_agent_health_hud_light:8568,mass_navigation_agent_azure_light:2142,mass_navigation_agent_crimson_light:2142,mass_navigation_agent_amber_light:2142,mass_navigation_agent_emerald_light:2142,mass_navigation_agent_health_text_heavy:1432,mass_navigation_agent_health_hud_heavy:1432",0,0,63,63/6,0.01,0.03,0.00,0.00,0.01,7.29,0.03,0.00,3.56,EffectProcessingLoopSystem:1.41,MassNavigationAuthoredAgentBindingSystem:0.67,MapEntityLifecycleObserverSystem:0.61,3.69,PresenterEntityTransformSyncSystem:0.93,PresenterEmitSystem:0.62,AnimatorRuntimeSystem:0.55,0.18,0,132,132,0,0,0.55,0.93,0.20,10009/0,0.00,0/0,0.38,10009,0.00,0.00/0.00/0.00/0.00,0.00/0.00/0.00,0.00/0.00/0.00/0.00/0.00/0.00,0.00/0.00/0.00/0.00/0.00,0.17,0.03,0.00,0.14,0.17,0.00,0.02,126,2,0,0.07,0.01,4/0,0.00,0,0,0,0,0.05,0.00,0.00,0.00,0,0.00,0.00,0,0,0/0,0.00,0,0,0.00,0,0,0.00,0,0,0.13,0.00,0,2,0,0.12,0.00,0.00,0.00,0.00,0.00,0.62,0.00,0,0.24,262,0,262/0/0,0.08,0.00,126,1,1,0,0,0,2026-09-09T18:29:42.4542284Z
3.52ms,284.1,0,63,30009,"mass_navigation_agent_health_text_light:8568,mass_navigation_agent_health_hud_light:8568,mass_navigation_agent_azure_light:2142,mass_navigation_agent_crimson_light:2142,mass_navigation_agent_amber_light:2142,mass_navigation_agent_emerald_light:2142,mass_navigation_agent_health_text_heavy:1432,mass_navigation_agent_health_hud_heavy:1432",0,0,63,63/6,0.01,0.03,0.00,0.00,0.01,3.15,0.02,0.00,0.00,:0.00,:0.00,:0.00,3.10,PresenterEntityTransformSyncSystem:0.81,AnimatorRuntimeSystem:0.70,TerrainHeightSyncSystem:0.41,0.00,0,0,0,0,0,0.70,0.81,0.19,10009/0,0.00,0/0,0.41,10009,0.00,0.00/0.00/0.00/0.00,0.00/0.00/0.00,0.00/0.00/0.00/0.00/0.00/0.00,0.00/0.00/0.00/0.00/0.00,0.17,0.02,0.00,0.14,0.17,0.00,0.01,126,2,0,0.06,0.01,4/0,0.00,0,0,0,0,0.04,0.00,0.00,0.00,0,0.00,0.00,0,0,0/0,0.00,0,0,0.00,0,0,0.00,0,0,0.08,0.00,0,2,0,0.08,0.00,0.00,0.00,0.00,0.00,0.32,0.00,0,0.00,0,0,0/0/0,0.07,0.00,126,1,1,0,0,0,2026-09-09T18:29:42.7193255Z
3.74ms,267.6,0,63,30009,"mass_navigation_agent_health_text_light:8568,mass_navigation_agent_health_hud_light:8568,mass_navigation_agent_azure_light:2142,mass_navigation_agent_crimson_light:2142,mass_navigation_agent_amber_light:2142,mass_navigation_agent_emerald_light:2142,mass_navigation_agent_health_text_heavy:1432,mass_navigation_agent_health_hud_heavy:1432",0,0,63,63/6,0.01,0.04,0.00,0.00,0.02,3.25,0.03,0.00,0.23,EffectProcessingLoopSystem:0.23,:0.00,:0.00,2.95,PresenterEntityTransformSyncSystem:0.80,AnimatorRuntimeSystem:0.56,TerrainHeightSyncSystem:0.36,0.00,0,0,0,0,0,0.56,0.80,0.20,10009/0,0.00,0/0,0.36,10009,0.00,0.00/0.00/0.00/0.00,0.00/0.00/0.00,0.00/0.00/0.00/0.00/0.00/0.00,0.00/0.00/0.00/0.00/0.00,0.16,0.03,0.00,0.13,0.16,0.00,0.02,126,2,0,0.07,0.01,4/0,0.00,0,0,0,0,0.05,0.00,0.00,0.00,0,0.00,0.00,0,0,0/0,0.00,0,0,0.00,0,0,0.00,0,0,0.11,0.00,0,2,0,0.11,0.00,0.00,0.00,0.00,0.00,0.32,0.00,0,0.00,0,0,0/0/0,0.09,0.00,126,1,1,0,0,0,2026-09-09T18:29:43.0092254Z
3.65ms,274.0,0,63,30009,"mass_navigation_agent_health_text_light:8568,mass_navigation_agent_health_hud_light:8568,mass_navigation_agent_azure_light:2142,mass_navigation_agent_crimson_light:2142,mass_navigation_agent_amber_light:2142,mass_navigation_agent_emerald_light:2142,mass_navigation_agent_health_text_heavy:1432,mass_navigation_agent_health_hud_heavy:1432",0,0,63,63/6,0.01,0.03,0.00,0.00,0.01,3.28,0.02,0.00,0.00,:0.00,:0.00,:0.00,3.23,PresenterEntityTransformSyncSystem:0.93,AnimatorRuntimeSystem:0.65,TerrainHeightSyncSystem:0.42,0.00,0,0,0,0,0,0.65,0.93,0.22,10009/0,0.00,0/0,0.42,10009,0.00,0.00/0.00/0.00/0.00,0.00/0.00/0.00,0.00/0.00/0.00/0.00/0.00/0.00,0.00/0.00/0.00/0.00/0.00,0.18,0.03,0.00,0.14,0.17,0.00,0.01,126,2,0,0.06,0.01,4/0,0.00,0,0,0,0,0.05,0.00,0.00,0.00,0,0.00,0.00,0,0,0/0,0.00,0,0,0.00,0,0,0.00,0,0,0.08,0.00,0,2,0,0.08,0.00,0.00,0.00,0.00,0.00,0.33,0.00,0,0.00,0,0,0/0/0,0.07,0.00,126,1,1,0,0,0,2026-09-09T18:29:43.2834797Z
8.45ms,118.3,0,63,30009,"mass_navigation_agent_health_text_light:8568,mass_navigation_agent_health_hud_light:8568,mass_navigation_agent_azure_light:2142,mass_navigation_agent_crimson_light:2142,mass_navigation_agent_amber_light:2142,mass_navigation_agent_emerald_light:2142,mass_navigation_agent_health_text_heavy:1432,mass_navigation_agent_health_hud_heavy:1432",0,0,63,63/6,0.01,0.03,0.00,0.00,0.01,7.85,0.04,0.00,4.06,EffectProcessingLoopSystem:1.81,MapEntityLifecycleObserverSystem:0.60,MassNavigationAuthoredAgentBindingSystem:0.59,3.76,PresenterEntityTransformSyncSystem:0.95,PresenterEmitSystem:0.58,AnimatorRuntimeSystem:0.54,0.21,0,159,159,0,0,0.54,0.95,0.20,10009/0,0.00,0/0,0.39,10009,0.00,0.00/0.00/0.00/0.00,0.00/0.00/0.00,0.00/0.00/0.00/0.00/0.00/0.00,0.00/0.00/0.00/0.00/0.00,0.19,0.03,0.00,0.16,0.19,0.00,0.02,126,2,0,0.07,0.01,4/0,0.00,0,0,0,0,0.04,0.00,0.00,0.00,0,0.00,0.00,0,0,0/0,0.00,0,0,0.00,0,0,0.00,0,0,0.22,0.01,2,2,2,0.21,0.00,0.00,0.00,0.00,0.00,0.58,0.00,0,0.25,316,0,316/0/0,0.10,0.00,126,1,1,0,0,0,2026-09-09T18:29:43.5579768Z
3.68ms,271.6,0,63,30009,"mass_navigation_agent_health_text_light:8568,mass_navigation_agent_health_hud_light:8568,mass_navigation_agent_azure_light:2142,mass_navigation_agent_crimson_light:2142,mass_navigation_agent_amber_light:2142,mass_navigation_agent_emerald_light:2142,mass_navigation_agent_health_text_heavy:1432,mass_navigation_agent_health_hud_heavy:1432",0,0,63,63/6,0.01,0.03,0.00,0.00,0.01,3.25,0.02,0.00,0.00,:0.00,:0.00,:0.00,3.21,PresenterEntityTransformSyncSystem:0.83,AnimatorRuntimeSystem:0.71,TerrainHeightSyncSystem:0.45,0.00,0,0,0,0,0,0.71,0.83,0.24,10009/0,0.00,0/0,0.45,10009,0.00,0.00/0.00/0.00/0.00,0.00/0.00/0.00,0.00/0.00/0.00/0.00/0.00/0.00,0.00/0.00/0.00/0.00/0.00,0.17,0.02,0.00,0.15,0.17,0.00,0.01,126,2,0,0.06,0.01,4/0,0.00,0,0,0,0,0.05,0.00,0.00,0.00,0,0.00,0.00,0,0,0/0,0.00,0,0,0.00,0,0,0.00,0,0,0.10,0.00,0,2,0,0.10,0.00,0.00,0.00,0.00,0.00,0.34,0.00,0,0.00,0,0,0/0/0,0.09,0.00,126,1,1,0,0,0,2026-09-09T18:29:43.8305265Z
3.40ms,294.4,0,63,30009,"mass_navigation_agent_health_text_light:8568,mass_navigation_agent_health_hud_light:8568,mass_navigation_agent_azure_light:2142,mass_navigation_agent_crimson_light:2142,mass_navigation_agent_amber_light:2142,mass_navigation_agent_emerald_light:2142,mass_navigation_agent_health_text_heavy:1432,mass_navigation_agent_health_hud_heavy:1432",0,0,63,63/6,0.01,0.03,0.00,0.00,0.01,3.00,0.02,0.00,0.00,:0.00,:0.00,:0.00,2.95,PresenterEntityTransformSyncSystem:0.77,AnimatorRuntimeSystem:0.56,PresenterEmitSystem:0.38,0.00,0,0,0,0,0,0.56,0.77,0.24,10009/0,0.00,0/0,0.36,10009,0.00,0.00/0.00/0.00/0.00,0.00/0.00/0.00,0.00/0.00/0.00/0.00/0.00/0.00,0.00/0.00/0.00/0.00/0.00,0.17,0.02,0.00,0.14,0.17,0.00,0.01,126,2,0,0.06,0.01,4/0,0.00,0,0,0,0,0.04,0.00,0.00,0.00,0,0.00,0.00,0,0,0/0,0.00,0,0,0.00,0,0,0.00,0,0,0.09,0.00,0,2,0,0.09,0.00,0.00,0.00,0.00,0.00,0.38,0.00,0,0.00,0,0,0/0/0,0.08,0.00,126,1,1,0,0,0,2026-09-09T18:29:44.1133538Z
3.50ms,285.7,0,63,30009,"mass_navigation_agent_health_text_light:8568,mass_navigation_agent_health_hud_light:8568,mass_navigation_agent_azure_light:2142,mass_navigation_agent_crimson_light:2142,mass_navigation_agent_amber_light:2142,mass_navigation_agent_emerald_light:2142,mass_navigation_agent_health_text_heavy:1432,mass_navigation_agent_health_hud_heavy:1432",0,0,63,63/6,0.01,0.04,0.00,0.00,0.03,3.05,0.02,0.00,0.00,:0.00,:0.00,:0.00,3.01,PresenterEntityTransformSyncSystem:0.80,AnimatorRuntimeSystem:0.62,TerrainHeightSyncSystem:0.40,0.00,0,0,0,0,0,0.62,0.80,0.21,10009/0,0.00,0/0,0.40,10009,0.00,0.00/0.00/0.00/0.00,0.00/0.00/0.00,0.00/0.00/0.00/0.00/0.00/0.00,0.00/0.00/0.00/0.00/0.00,0.17,0.02,0.00,0.14,0.17,0.00,0.01,126,2,0,0.07,0.01,4/0,0.00,0,0,0,0,0.05,0.00,0.00,0.00,0,0.00,0.00,0,0,0/0,0.00,0,0,0.00,0,0,0.00,0,0,0.10,0.00,0,2,0,0.09,0.00,0.00,0.00,0.00,0.00,0.31,0.00,0,0.00,0,0,0/0/0,0.09,0.00,126,1,1,0,0,0,2026-09-09T18:29:44.3833708Z
3.53ms,283.0,0,63,30009,"mass_navigation_agent_health_text_light:8568,mass_navigation_agent_health_hud_light:8568,mass_navigation_agent_azure_light:2142,mass_navigation_agent_crimson_light:2142,mass_navigation_agent_amber_light:2142,mass_navigation_agent_emerald_light:2142,mass_navigation_agent_health_text_heavy:1432,mass_navigation_agent_health_hud_heavy:1432",0,0,63,63/6,0.01,0.04,0.00,0.00,0.01,3.17,0.02,0.00,0.00,:0.00,:0.00,:0.00,3.12,PresenterEntityTransformSyncSystem:0.83,AnimatorRuntimeSystem:0.65,TerrainHeightSyncSystem:0.41,0.00,0,0,0,0,0,0.65,0.83,0.22,10009/0,0.00,0/0,0.41,10009,0.00,0.00/0.00/0.00/0.00,0.00/0.00/0.00,0.00/0.00/0.00/0.00/0.00/0.00,0.00/0.00/0.00/0.00/0.00,0.17,0.03,0.00,0.14,0.17,0.00,0.01,126,2,0,0.07,0.01,4/0,0.00,0,0,0,0,0.05,0.00,0.00,0.00,0,0.00,0.00,0,0,0/0,0.00,0,0,0.00,0,0,0.00,0,0,0.07,0.00,0,2,0,0.07,0.00,0.00,0.00,0.00,0.00,0.33,0.00,0,0.00,0,0,0/0/0,0.07,0.00,126,1,1,0,0,0,2026-09-09T18:29:44.6625858Z
3.51ms,285.3,0,63,30009,"mass_navigation_agent_health_text_light:8568,mass_navigation_agent_health_hud_light:8568,mass_navigation_agent_azure_light:2142,mass_navigation_agent_crimson_light:2142,mass_navigation_agent_amber_light:2142,mass_navigation_agent_emerald_light:2142,mass_navigation_agent_health_text_heavy:1432,mass_navigation_agent_health_hud_heavy:1432",0,0,63,63/6,0.01,0.03,0.00,0.00,0.01,3.11,0.02,0.00,0.00,:0.00,:0.00,:0.00,3.07,PresenterEntityTransformSyncSystem:0.79,AnimatorRuntimeSystem:0.64,TerrainHeightSyncSystem:0.40,0.00,0,0,0,0,0,0.64,0.79,0.19,10009/0,0.00,0/0,0.40,10009,0.00,0.00/0.00/0.00/0.00,0.00/0.00/0.00,0.00/0.00/0.00/0.00/0.00/0.00,0.00/0.00/0.00/0.00/0.00,0.18,0.03,0.00,0.15,0.18,0.00,0.01,126,2,0,0.06,0.01,4/0,0.00,0,0,0,0,0.04,0.00,0.00,0.00,0,0.00,0.00,0,0,0/0,0.00,0,0,0.00,0,0,0.00,0,0,0.10,0.00,0,2,0,0.10,0.00,0.00,0.00,0.00,0.00,0.34,0.00,0,0.00,0,0,0/0/0,0.07,0.00,126,1,1,0,0,0,2026-09-09T18:29:44.9296127Z
3.58ms,279.2,0,63,30009,"mass_navigation_agent_health_text_light:8568,mass_navigation_agent_health_hud_light:8568,mass_navigation_agent_azure_light:2142,mass_navigation_agent_crimson_light:2142,mass_navigation_agent_amber_light:2142,mass_navigation_agent_emerald_light:2142,mass_navigation_agent_health_text_heavy:1432,mass_navigation_agent_health_hud_heavy:1432",0,0,63,63/6,0.01,0.03,0.00,0.00,0.01,3.17,0.02,0.00,0.00,:0.00,:0.00,:0.00,3.12,PresenterEntityTransformSyncSystem:0.87,AnimatorRuntimeSystem:0.61,TerrainHeightSyncSystem:0.43,0.00,0,0,0,0,0,0.61,0.87,0.21,10009/0,0.00,0/0,0.43,10009,0.00,0.00/0.00/0.00/0.00,0.00/0.00/0.00,0.00/0.00/0.00/0.00/0.00/0.00,0.00/0.00/0.00/0.00/0.00,0.16,0.02,0.00,0.14,0.16,0.00,0.01,126,2,0,0.07,0.01,4/0,0.00,0,0,0,0,0.05,0.00,0.00,0.00,0,0.00,0.00,0,0,0/0,0.00,0,0,0.00,0,0,0.00,0,0,0.10,0.00,0,2,0,0.10,0.00,0.00,0.00,0.00,0.00,0.31,0.00,0,0.00,0,0,0/0/0,0.07,0.00,126,1,1,0,0,0,2026-09-09T18:29:45.2262042Z
3.42ms,292.2,0,63,30009,"mass_navigation_agent_health_text_light:8568,mass_navigation_agent_health_hud_light:8568,mass_navigation_agent_azure_light:2142,mass_navigation_agent_crimson_light:2142,mass_navigation_agent_amber_light:2142,mass_navigation_agent_emerald_light:2142,mass_navigation_agent_health_text_heavy:1432,mass_navigation_agent_health_hud_heavy:1432",0,0,63,63/6,0.00,0.03,0.00,0.00,0.01,3.01,0.02,0.00,0.00,:0.00,:0.00,:0.00,2.96,PresenterEntityTransformSyncSystem:0.77,AnimatorRuntimeSystem:0.58,TerrainHeightSyncSystem:0.41,0.00,0,0,0,0,0,0.58,0.77,0.24,10009/0,0.00,0/0,0.41,10009,0.00,0.00/0.00/0.00/0.00,0.00/0.00/0.00,0.00/0.00/0.00/0.00/0.00/0.00,0.00/0.00/0.00/0.00/0.00,0.18,0.02,0.00,0.15,0.18,0.00,0.01,126,2,0,0.07,0.01,4/0,0.00,0,0,0,0,0.05,0.00,0.00,0.00,0,0.00,0.00,0,0,0/0,0.00,0,0,0.00,0,0,0.00,0,0,0.10,0.00,0,2,0,0.10,0.00,0.00,0.00,0.00,0.00,0.32,0.00,0,0.00,0,0,0/0/0,0.08,0.00,126,1,1,0,0,0,2026-09-09T18:29:45.4896094Z
3.36ms,297.6,0,63,30009,"mass_navigation_agent_health_text_light:8568,mass_navigation_agent_health_hud_light:8568,mass_navigation_agent_azure_light:2142,mass_navigation_agent_crimson_light:2142,mass_navigation_agent_amber_light:2142,mass_navigation_agent_emerald_light:2142,mass_navigation_agent_health_text_heavy:1432,mass_navigation_agent_health_hud_heavy:1432",0,0,63,63/6,0.01,0.03,0.00,0.00,0.01,3.00,0.02,0.00,0.00,:0.00,:0.00,:0.00,2.97,PresenterEntityTransformSyncSystem:0.80,AnimatorRuntimeSystem:0.61,TerrainHeightSyncSystem:0.37,0.00,0,0,0,0,0,0.61,0.80,0.20,10009/0,0.00,0/0,0.37,10009,0.00,0.00/0.00/0.00/0.00,0.00/0.00/0.00,0.00/0.00/0.00/0.00/0.00/0.00,0.00/0.00/0.00/0.00/0.00,0.15,0.02,0.00,0.13,0.15,0.00,0.01,126,2,0,0.06,0.01,4/0,0.00,0,0,0,0,0.05,0.00,0.00,0.00,0,0.00,0.00,0,0,0/0,0.00,0,0,0.00,0,0,0.00,0,0,0.07,0.00,0,2,0,0.07,0.00,0.00,0.00,0.00,0.00,0.34,0.00,0,0.00,0,0,0/0/0,0.07,0.00,126,1,1,0,0,0,2026-09-09T18:29:45.7665867Z
3.70ms,270.1,0,63,30009,"mass_navigation_agent_health_text_light:8568,mass_navigation_agent_health_hud_light:8568,mass_navigation_agent_azure_light:2142,mass_navigation_agent_crimson_light:2142,mass_navigation_agent_amber_light:2142,mass_navigation_agent_emerald_light:2142,mass_navigation_agent_health_text_heavy:1432,mass_navigation_agent_health_hud_heavy:1432",0,0,63,63/6,0.01,0.04,0.00,0.00,0.01,3.28,0.02,0.00,0.20,EffectProcessingLoopSystem:0.19,:0.00,:0.00,3.04,PresenterEntityTransformSyncSystem:0.84,AnimatorRuntimeSystem:0.61,TerrainHeightSyncSystem:0.36,0.00,0,0,0,0,0,0.61,0.84,0.23,10009/0,0.00,0/0,0.36,10009,0.00,0.00/0.00/0.00/0.00,0.00/0.00/0.00,0.00/0.00/0.00/0.00/0.00/0.00,0.00/0.00/0.00/0.00/0.00,0.16,0.02,0.00,0.13,0.16,0.00,0.02,126,2,0,0.07,0.01,4/0,0.00,0,0,0,0,0.05,0.00,0.00,0.00,0,0.00,0.00,0,0,0/0,0.00,0,0,0.00,0,0,0.00,0,0,0.08,0.00,0,2,0,0.08,0.00,0.00,0.00,0.00,0.00,0.35,0.00,0,0.00,0,0,0/0/0,0.08,0.00,126,1,1,0,0,0,2026-09-09T18:29:46.0477766Z
3.47ms,288.4,0,63,30009,"mass_navigation_agent_health_text_light:8568,mass_navigation_agent_health_hud_light:8568,mass_navigation_agent_azure_light:2142,mass_navigation_agent_crimson_light:2142,mass_navigation_agent_amber_light:2142,mass_navigation_agent_emerald_light:2142,mass_navigation_agent_health_text_heavy:1432,mass_navigation_agent_health_hud_heavy:1432",0,0,63,63/6,0.01,0.04,0.00,0.00,0.01,3.03,0.02,0.00,0.00,:0.00,:0.00,:0.00,2.99,PresenterEntityTransformSyncSystem:0.81,AnimatorRuntimeSystem:0.62,TerrainHeightSyncSystem:0.41,0.00,0,0,0,0,0,0.62,0.81,0.17,10009/0,0.00,0/0,0.41,10009,0.00,0.00/0.00/0.00/0.00,0.00/0.00/0.00,0.00/0.00/0.00/0.00/0.00/0.00,0.00/0.00/0.00/0.00/0.00,0.17,0.02,0.00,0.14,0.16,0.00,0.01,126,2,0,0.07,0.01,4/0,0.00,0,0,0,0,0.05,0.00,0.00,0.00,0,0.00,0.00,0,0,0/0,0.00,0,0,0.00,0,0,0.00,0,0,0.10,0.00,0,2,0,0.10,0.00,0.00,0.00,0.00,0.00,0.31,0.00,0,0.00,0,0,0/0/0,0.10,0.00,126,1,1,0,0,0,2026-09-09T18:29:46.3242562Z
3.39ms,295.2,0,63,30009,"mass_navigation_agent_health_text_light:8568,mass_navigation_agent_health_hud_light:8568,mass_navigation_agent_azure_light:2142,mass_navigation_agent_crimson_light:2142,mass_navigation_agent_amber_light:2142,mass_navigation_agent_emerald_light:2142,mass_navigation_agent_health_text_heavy:1432,mass_navigation_agent_health_hud_heavy:1432",0,0,63,63/6,0.01,0.03,0.00,0.00,0.01,3.00,0.02,0.00,0.00,:0.00,:0.00,:0.00,2.97,PresenterEntityTransformSyncSystem:0.81,AnimatorRuntimeSystem:0.56,TerrainHeightSyncSystem:0.39,0.00,0,0,0,0,0,0.56,0.81,0.19,10009/0,0.00,0/0,0.39,10009,0.00,0.00/0.00/0.00/0.00,0.00/0.00/0.00,0.00/0.00/0.00/0.00/0.00/0.00,0.00/0.00/0.00/0.00/0.00,0.20,0.02,0.00,0.17,0.20,0.00,0.01,126,2,0,0.06,0.01,4/0,0.00,0,0,0,0,0.04,0.00,0.00,0.00,0,0.00,0.00,0,0,0/0,0.00,0,0,0.00,0,0,0.00,0,0,0.08,0.00,0,2,0,0.08,0.00,0.00,0.00,0.00,0.00,0.32,0.00,0,0.00,0,0,0/0/0,0.08,0.00,126,1,1,0,0,0,2026-09-09T18:29:46.5895942Z
3.56ms,280.6,0,63,30009,"mass_navigation_agent_health_text_light:8568,mass_navigation_agent_health_hud_light:8568,mass_navigation_agent_azure_light:2142,mass_navigation_agent_crimson_light:2142,mass_navigation_agent_amber_light:2142,mass_navigation_agent_emerald_light:2142,mass_navigation_agent_health_text_heavy:1432,mass_navigation_agent_health_hud_heavy:1432",0,0,63,63/6,0.01,0.03,0.00,0.00,0.01,3.14,0.02,0.00,0.00,:0.00,:0.00,:0.00,3.11,PresenterEntityTransformSyncSystem:0.80,AnimatorRuntimeSystem:0.65,TerrainHeightSyncSystem:0.42,0.00,0,0,0,0,0,0.65,0.80,0.20,10009/0,0.00,0/0,0.42,10009,0.00,0.00/0.00/0.00/0.00,0.00/0.00/0.00,0.00/0.00/0.00/0.00/0.00/0.00,0.00/0.00/0.00/0.00/0.00,0.17,0.02,0.00,0.14,0.17,0.00,0.01,126,2,0,0.07,0.01,4/0,0.00,0,0,0,0,0.05,0.00,0.00,0.00,0,0.00,0.00,0,0,0/0,0.00,0,0,0.00,0,0,0.00,0,0,0.09,0.00,0,2,0,0.09,0.00,0.00,0.00,0.00,0.00,0.37,0.00,0,0.00,0,0,0/0/0,0.08,0.00,126,1,1,0,0,0,2026-09-09T18:29:46.8779357Z
3.62ms,276.4,0,63,30009,"mass_navigation_agent_health_text_light:8568,mass_navigation_agent_health_hud_light:8568,mass_navigation_agent_azure_light:2142,mass_navigation_agent_crimson_light:2142,mass_navigation_agent_amber_light:2142,mass_navigation_agent_emerald_light:2142,mass_navigation_agent_health_text_heavy:1432,mass_navigation_agent_health_hud_heavy:1432",0,0,63,63/6,0.01,0.04,0.00,0.00,0.01,3.18,0.02,0.00,0.00,:0.00,:0.00,:0.00,3.15,PresenterEntityTransformSyncSystem:0.82,AnimatorRuntimeSystem:0.63,TerrainHeightSyncSystem:0.42,0.00,0,0,0,0,0,0.63,0.82,0.20,10009/0,0.00,0/0,0.42,10009,0.00,0.00/0.00/0.00/0.00,0.00/0.00/0.00,0.00/0.00/0.00/0.00/0.00/0.00,0.00/0.00/0.00/0.00/0.00,0.19,0.03,0.00,0.15,0.18,0.00,0.01,126,2,0,0.07,0.01,4/0,0.00,0,0,0,0,0.05,0.00,0.00,0.00,0,0.00,0.00,0,0,0/0,0.00,0,0,0.00,0,0,0.00,0,0,0.10,0.00,0,2,0,0.10,0.00,0.00,0.00,0.00,0.00,0.34,0.00,0,0.00,0,0,0/0/0,0.09,0.00,126,1,1,0,0,0,2026-09-09T18:29:47.1696486Z
3.34ms,299.2,0,63,30009,"mass_navigation_agent_health_text_light:8568,mass_navigation_agent_health_hud_light:8568,mass_navigation_agent_azure_light:2142,mass_navigation_agent_crimson_light:2142,mass_navigation_agent_amber_light:2142,mass_navigation_agent_emerald_light:2142,mass_navigation_agent_health_text_heavy:1432,mass_navigation_agent_health_hud_heavy:1432",0,0,63,63/6,0.01,0.03,0.00,0.00,0.01,2.96,0.02,0.00,0.23,EffectProcessingLoopSystem:0.22,:0.00,:0.00,2.70,PresenterEntityTransformSyncSystem:0.70,AnimatorRuntimeSystem:0.53,TerrainHeightSyncSystem:0.34,0.00,0,0,0,0,0,0.53,0.70,0.17,10009/0,0.00,0/0,0.34,10009,0.00,0.00/0.00/0.00/0.00,0.00/0.00/0.00,0.00/0.00/0.00/0.00/0.00/0.00,0.00/0.00/0.00/0.00/0.00,0.15,0.02,0.00,0.13,0.15,0.00,0.01,126,2,0,0.06,0.01,4/0,0.00,0,0,0,0,0.04,0.00,0.00,0.00,0,0.00,0.00,0,0,0/0,0.00,0,0,0.00,0,0,0.00,0,0,0.08,0.00,0,2,0,0.08,0.00,0.00,0.00,0.00,0.00,0.32,0.00,0,0.00,0,0,0/0/0,0.08,0.00,126,1,1,0,0,0,2026-09-09T18:29:47.4457998Z
3.56ms,281.0,0,63,30009,"mass_navigation_agent_health_text_light:8568,mass_navigation_agent_health_hud_light:8568,mass_navigation_agent_azure_light:2142,mass_navigation_agent_crimson_light:2142,mass_navigation_agent_amber_light:2142,mass_navigation_agent_emerald_light:2142,mass_navigation_agent_health_text_heavy:1432,mass_navigation_agent_health_hud_heavy:1432",0,0,63,63/6,0.01,0.03,0.00,0.00,0.01,3.22,0.02,0.00,0.00,:0.00,:0.00,:0.00,3.16,PresenterEntityTransformSyncSystem:0.81,AnimatorRuntimeSystem:0.60,TerrainHeightSyncSystem:0.42,0.00,0,0,0,0,0,0.60,0.81,0.18,10009/0,0.00,0/0,0.42,10009,0.00,0.00/0.00/0.00/0.00,0.00/0.00/0.00,0.00/0.00/0.00/0.00/0.00/0.00,0.00/0.00/0.00/0.00/0.00,0.26,0.03,0.00,0.22,0.25,0.00,0.01,126,2,0,0.06,0.01,4/0,0.00,0,0,0,0,0.04,0.00,0.00,0.00,0,0.00,0.00,0,0,0/0,0.00,0,0,0.00,0,0,0.00,0,0,0.07,0.00,0,2,0,0.07,0.00,0.00,0.00,0.00,0.00,0.33,0.00,0,0.00,0,0,0/0/0,0.06,0.00,126,1,1,0,0,0,2026-09-09T18:29:47.7180258Z
3.54ms,282.6,0,63,30009,"mass_navigation_agent_health_text_light:8568,mass_navigation_agent_health_hud_light:8568,mass_navigation_agent_azure_light:2142,mass_navigation_agent_crimson_light:2142,mass_navigation_agent_amber_light:2142,mass_navigation_agent_emerald_light:2142,mass_navigation_agent_health_text_heavy:1432,mass_navigation_agent_health_hud_heavy:1432",0,0,63,63/6,0.01,0.04,0.00,0.00,0.01,3.09,0.02,0.00,0.00,:0.00,:0.00,:0.00,3.05,PresenterEntityTransformSyncSystem:0.82,AnimatorRuntimeSystem:0.67,TerrainHeightSyncSystem:0.39,0.00,0,0,0,0,0,0.66,0.82,0.20,10009/0,0.00,0/0,0.39,10009,0.00,0.00/0.00/0.00/0.00,0.00/0.00/0.00,0.00/0.00/0.00/0.00/0.00/0.00,0.00/0.00/0.00/0.00/0.00,0.17,0.02,0.00,0.14,0.17,0.00,0.01,126,2,0,0.07,0.01,4/0,0.00,0,0,0,0,0.05,0.00,0.00,0.00,0,0.00,0.00,0,0,0/0,0.00,0,0,0.00,0,0,0.00,0,0,0.10,0.00,0,2,0,0.10,0.00,0.00,0.00,0.00,0.00,0.31,0.00,0,0.00,0,0,0/0/0,0.10,0.00,126,1,1,0,0,0,2026-09-09T18:29:47.9900603Z
3.61ms,277.2,0,63,30009,"mass_navigation_agent_health_text_light:8568,mass_navigation_agent_health_hud_light:8568,mass_navigation_agent_azure_light:2142,mass_navigation_agent_crimson_light:2142,mass_navigation_agent_amber_light:2142,mass_navigation_agent_emerald_light:2142,mass_navigation_agent_health_text_heavy:1432,mass_navigation_agent_health_hud_heavy:1432",0,0,63,63/6,0.01,0.04,0.00,0.00,0.01,3.14,0.02,0.00,0.00,:0.00,:0.00,:0.00,3.10,PresenterEntityTransformSyncSystem:0.81,AnimatorRuntimeSystem:0.67,TerrainHeightSyncSystem:0.40,0.00,0,0,0,0,0,0.67,0.81,0.20,10009/0,0.00,0/0,0.40,10009,0.00,0.00/0.00/0.00/0.00,0.00/0.00/0.00,0.00/0.00/0.00/0.00/0.00/0.00,0.00/0.00/0.00/0.00/0.00,0.17,0.03,0.00,0.14,0.17,0.00,0.01,126,2,0,0.07,0.01,4/0,0.00,0,0,0,0,0.05,0.00,0.00,0.00,0,0.00,0.00,0,0,0/0,0.00,0,0,0.00,0,0,0.00,0,0,0.10,0.00,0,2,0,0.10,0.00,0.00,0.00,0.00,0.00,0.34,0.00,0,0.00,0,0,0/0/0,0.10,0.00,126,1,1,0,0,0,2026-09-09T18:29:48.2821632Z
3.53ms,283.5,0,63,30009,"mass_navigation_agent_health_text_light:8568,mass_navigation_agent_health_hud_light:8568,mass_navigation_agent_azure_light:2142,mass_navigation_agent_crimson_light:2142,mass_navigation_agent_amber_light:2142,mass_navigation_agent_emerald_light:2142,mass_navigation_agent_health_text_heavy:1432,mass_navigation_agent_health_hud_heavy:1432",0,0,63,63/6,0.01,0.07,0.00,0.00,0.01,3.06,0.02,0.00,0.00,:0.00,:0.00,:0.00,3.03,PresenterEntityTransformSyncSystem:0.84,AnimatorRuntimeSystem:0.65,TerrainHeightSyncSystem:0.36,0.00,0,0,0,0,0,0.65,0.84,0.24,10009/0,0.00,0/0,0.36,10009,0.00,0.00/0.00/0.00/0.00,0.00/0.00/0.00,0.00/0.00/0.00/0.00/0.00/0.00,0.00/0.00/0.00/0.00/0.00,0.15,0.02,0.00,0.13,0.15,0.00,0.01,126,2,0,0.13,0.01,4/0,0.00,0,0,0,0,0.11,0.00,0.00,0.00,0,0.00,0.00,0,0,0/0,0.00,0,0,0.00,0,0,0.00,0,0,0.09,0.00,0,2,0,0.09,0.00,0.00,0.00,0.00,0.00,0.32,0.00,0,0.00,0,0,0/0/0,0.07,0.00,126,1,1,0,0,0,2026-09-09T18:29:48.5647051Z
3.44ms,290.5,0,63,30009,"mass_navigation_agent_health_text_light:8568,mass_navigation_agent_health_hud_light:8568,mass_navigation_agent_azure_light:2142,mass_navigation_agent_crimson_light:2142,mass_navigation_agent_amber_light:2142,mass_navigation_agent_emerald_light:2142,mass_navigation_agent_health_text_heavy:1432,mass_navigation_agent_health_hud_heavy:1432",0,0,63,63/6,0.01,0.03,0.00,0.00,0.01,3.00,0.02,0.00,0.00,:0.00,:0.00,:0.00,2.93,PresenterEntityTransformSyncSystem:0.74,AnimatorRuntimeSystem:0.65,TerrainHeightSyncSystem:0.38,0.00,0,0,0,0,0,0.65,0.74,0.19,10009/0,0.00,0/0,0.38,10009,0.00,0.00/0.00/0.00/0.00,0.00/0.00/0.00,0.00/0.00/0.00/0.00/0.00/0.00,0.00/0.00/0.00/0.00/0.00,0.19,0.02,0.00,0.16,0.18,0.00,0.01,126,2,0,0.08,0.01,4/0,0.00,0,0,0,0,0.05,0.00,0.00,0.00,0,0.00,0.00,0,0,0/0,0.00,0,0,0.00,0,0,0.00,0,0,0.10,0.00,0,2,0,0.10,0.00,0.00,0.00,0.00,0.00,0.32,0.00,0,0.00,0,0,0/0/0,0.09,0.00,126,1,1,0,0,0,2026-09-09T18:29:48.8383112Z
3.45ms,290.0,0,63,30009,"mass_navigation_agent_health_text_light:8568,mass_navigation_agent_health_hud_light:8568,mass_navigation_agent_azure_light:2142,mass_navigation_agent_crimson_light:2142,mass_navigation_agent_amber_light:2142,mass_navigation_agent_emerald_light:2142,mass_navigation_agent_health_text_heavy:1432,mass_navigation_agent_health_hud_heavy:1432",0,0,63,63/6,0.01,0.03,0.00,0.00,0.01,3.13,0.02,0.00,0.00,:0.00,:0.00,:0.00,3.09,PresenterEntityTransformSyncSystem:0.81,AnimatorRuntimeSystem:0.60,TerrainHeightSyncSystem:0.40,0.00,0,0,0,0,0,0.60,0.81,0.23,10009/0,0.00,0/0,0.40,10009,0.00,0.00/0.00/0.00/0.00,0.00/0.00/0.00,0.00/0.00/0.00/0.00/0.00/0.00,0.00/0.00/0.00/0.00/0.00,0.20,0.03,0.00,0.17,0.20,0.00,0.01,126,2,0,0.06,0.01,4/0,0.00,0,0,0,0,0.04,0.00,0.00,0.00,0,0.00,0.00,0,0,0/0,0.00,0,0,0.00,0,0,0.00,0,0,0.06,0.00,0,2,0,0.06,0.00,0.00,0.00,0.00,0.00,0.34,0.00,0,0.00,0,0,0/0/0,0.06,0.00,126,1,1,0,0,0,2026-09-09T18:29:49.1196703Z
3.37ms,296.9,0,63,30009,"mass_navigation_agent_health_text_light:8568,mass_navigation_agent_health_hud_light:8568,mass_navigation_agent_azure_light:2142,mass_navigation_agent_crimson_light:2142,mass_navigation_agent_amber_light:2142,mass_navigation_agent_emerald_light:2142,mass_navigation_agent_health_text_heavy:1432,mass_navigation_agent_health_hud_heavy:1432",0,0,63,63/6,0.01,0.03,0.00,0.00,0.01,3.00,0.02,0.00,0.00,:0.00,:0.00,:0.00,2.96,PresenterEntityTransformSyncSystem:0.77,AnimatorRuntimeSystem:0.64,TerrainHeightSyncSystem:0.40,0.00,0,0,0,0,0,0.64,0.77,0.21,10009/0,0.00,0/0,0.39,10009,0.00,0.00/0.00/0.00/0.00,0.00/0.00/0.00,0.00/0.00/0.00/0.00/0.00/0.00,0.00/0.00/0.00/0.00/0.00,0.16,0.02,0.00,0.14,0.16,0.00,0.01,126,2,0,0.06,0.01,4/0,0.00,0,0,0,0,0.05,0.00,0.00,0.00,0,0.00,0.00,0,0,0/0,0.00,0,0,0.00,0,0,0.00,0,0,0.08,0.00,0,2,0,0.08,0.00,0.00,0.00,0.00,0.00,0.31,0.00,0,0.00,0,0,0/0/0,0.07,0.00,126,1,1,0,0,0,2026-09-09T18:29:49.3899732Z
3.66ms,272.9,0,63,30009,"mass_navigation_agent_health_text_light:8568,mass_navigation_agent_health_hud_light:8568,mass_navigation_agent_azure_light:2142,mass_navigation_agent_crimson_light:2142,mass_navigation_agent_amber_light:2142,mass_navigation_agent_emerald_light:2142,mass_navigation_agent_health_text_heavy:1432,mass_navigation_agent_health_hud_heavy:1432",0,0,63,63/6,0.01,0.03,0.00,0.00,0.01,3.11,0.02,0.00,0.00,:0.00,:0.00,:0.00,3.07,PresenterEntityTransformSyncSystem:0.89,AnimatorRuntimeSystem:0.62,TerrainHeightSyncSystem:0.41,0.00,0,0,0,0,0,0.62,0.89,0.20,10009/0,0.00,0/0,0.41,10009,0.00,0.00/0.00/0.00/0.00,0.00/0.00/0.00,0.00/0.00/0.00/0.00/0.00/0.00,0.00/0.00/0.00/0.00/0.00,0.17,0.02,0.00,0.14,0.16,0.00,0.01,126,2,0,0.06,0.01,4/0,0.00,0,0,0,0,0.04,0.00,0.00,0.00,0,0.00,0.00,0,0,0/0,0.00,0,0,0.00,0,0,0.00,0,0,0.08,0.00,0,2,0,0.08,0.00,0.00,0.00,0.00,0.00,0.31,0.00,0,0.00,0,0,0/0/0,0.25,0.00,126,1,1,0,0,0,2026-09-09T18:29:49.6720626Z
3.59ms,278.8,0,63,30009,"mass_navigation_agent_health_text_light:8568,mass_navigation_agent_health_hud_light:8568,mass_navigation_agent_azure_light:2142,mass_navigation_agent_crimson_light:2142,mass_navigation_agent_amber_light:2142,mass_navigation_agent_emerald_light:2142,mass_navigation_agent_health_text_heavy:1432,mass_navigation_agent_health_hud_heavy:1432",0,0,63,63/6,0.00,0.04,0.00,0.00,0.01,3.10,0.02,0.00,0.00,:0.00,:0.00,:0.00,3.06,PresenterEntityTransformSyncSystem:0.81,AnimatorRuntimeSystem:0.63,TerrainHeightSyncSystem:0.40,0.00,0,0,0,0,0,0.63,0.81,0.19,10009/0,0.00,0/0,0.40,10009,0.00,0.00/0.00/0.00/0.00,0.00/0.00/0.00,0.00/0.00/0.00/0.00/0.00/0.00,0.00/0.00/0.00/0.00/0.00,0.17,0.02,0.00,0.14,0.17,0.00,0.01,126,2,0,0.08,0.01,4/0,0.00,0,0,0,0,0.05,0.00,0.00,0.00,0,0.00,0.00,0,0,0/0,0.00,0,0,0.00,0,0,0.00,0,0,0.10,0.00,0,2,0,0.09,0.00,0.00,0.00,0.00,0.00,0.33,0.00,0,0.00,0,0,0/0/0,0.09,0.00,126,1,1,0,0,0,2026-09-09T18:29:49.9386462Z
3.81ms,262.4,0,63,30009,"mass_navigation_agent_health_text_light:8568,mass_navigation_agent_health_hud_light:8568,mass_navigation_agent_azure_light:2142,mass_navigation_agent_crimson_light:2142,mass_navigation_agent_amber_light:2142,mass_navigation_agent_emerald_light:2142,mass_navigation_agent_health_text_heavy:1432,mass_navigation_agent_health_hud_heavy:1432",0,0,63,63/6,0.01,0.04,0.00,0.00,0.02,3.30,0.03,0.00,0.00,:0.00,:0.00,:0.00,3.24,PresenterEntityTransformSyncSystem:0.83,AnimatorRuntimeSystem:0.68,TerrainHeightSyncSystem:0.42,0.00,0,0,0,0,0,0.68,0.83,0.24,10009/0,0.00,0/0,0.41,10009,0.00,0.00/0.00/0.00/0.00,0.00/0.00/0.00,0.00/0.00/0.00/0.00/0.00/0.00,0.00/0.00/0.00/0.00/0.00,0.18,0.03,0.00,0.15,0.18,0.00,0.02,126,2,0,0.07,0.01,4/0,0.00,0,0,0,0,0.05,0.00,0.00,0.00,0,0.00,0.00,0,0,0/0,0.00,0,0,0.00,0,0,0.00,0,0,0.12,0.00,0,2,0,0.12,0.00,0.00,0.00,0.00,0.00,0.38,0.00,0,0.00,0,0,0/0/0,0.10,0.00,126,1,1,0,0,0,2026-09-09T18:29:50.2334146Z
3.46ms,289.2,0,63,30009,"mass_navigation_agent_health_text_light:8568,mass_navigation_agent_health_hud_light:8568,mass_navigation_agent_azure_light:2142,mass_navigation_agent_crimson_light:2142,mass_navigation_agent_amber_light:2142,mass_navigation_agent_emerald_light:2142,mass_navigation_agent_health_text_heavy:1432,mass_navigation_agent_health_hud_heavy:1432",0,0,63,63/6,0.01,0.03,0.00,0.00,0.02,2.99,0.03,0.00,0.00,:0.00,:0.00,:0.00,2.93,PresenterEntityTransformSyncSystem:0.82,AnimatorRuntimeSystem:0.55,TerrainHeightSyncSystem:0.35,0.00,0,0,0,0,0,0.55,0.82,0.22,10009/0,0.00,0/0,0.34,10009,0.00,0.00/0.00/0.00/0.00,0.00/0.00/0.00,0.00/0.00/0.00/0.00/0.00/0.00,0.00/0.00/0.00/0.00/0.00,0.17,0.03,0.00,0.14,0.17,0.00,0.02,126,2,0,0.07,0.01,4/0,0.00,0,0,0,0,0.04,0.00,0.00,0.00,0,0.00,0.00,0,0,0/0,0.00,0,0,0.00,0,0,0.00,0,0,0.11,0.00,0,2,0,0.11,0.00,0.00,0.00,0.00,0.00,0.32,0.00,0,0.00,0,0,0/0/0,0.09,0.00,126,1,1,0,0,0,2026-09-09T18:29:50.5112160Z
3.40ms,294.0,0,63,30009,"mass_navigation_agent_health_text_light:8568,mass_navigation_agent_health_hud_light:8568,mass_navigation_agent_azure_light:2142,mass_navigation_agent_crimson_light:2142,mass_navigation_agent_amber_light:2142,mass_navigation_agent_emerald_light:2142,mass_navigation_agent_health_text_heavy:1432,mass_navigation_agent_health_hud_heavy:1432",0,0,63,63/6,0.01,0.03,0.00,0.00,0.01,2.98,0.02,0.00,0.00,:0.00,:0.00,:0.00,2.94,PresenterEntityTransformSyncSystem:0.81,AnimatorRuntimeSystem:0.58,TerrainHeightSyncSystem:0.41,0.00,0,0,0,0,0,0.58,0.81,0.18,10009/0,0.00,0/0,0.41,10009,0.00,0.00/0.00/0.00/0.00,0.00/0.00/0.00,0.00/0.00/0.00/0.00/0.00/0.00,0.00/0.00/0.00/0.00/0.00,0.17,0.02,0.00,0.14,0.16,0.00,0.01,126,2,0,0.07,0.01,4/0,0.00,0,0,0,0,0.05,0.00,0.00,0.00,0,0.00,0.00,0,0,0/0,0.00,0,0,0.00,0,0,0.00,0,0,0.09,0.00,0,2,0,0.09,0.00,0.00,0.00,0.00,0.00,0.31,0.00,0,0.00,0,0,0/0/0,0.09,0.00,126,1,1,0,0,0,2026-09-09T18:29:50.7781057Z
3.51ms,284.8,0,63,30009,"mass_navigation_agent_health_text_light:8568,mass_navigation_agent_health_hud_light:8568,mass_navigation_agent_azure_light:2142,mass_navigation_agent_crimson_light:2142,mass_navigation_agent_amber_light:2142,mass_navigation_agent_emerald_light:2142,mass_navigation_agent_health_text_heavy:1432,mass_navigation_agent_health_hud_heavy:1432",0,0,63,63/6,0.01,0.03,0.00,0.00,0.01,3.19,0.02,0.00,0.00,:0.00,:0.00,:0.00,3.15,PresenterEntityTransformSyncSystem:0.82,AnimatorRuntimeSystem:0.65,TerrainHeightSyncSystem:0.42,0.00,0,0,0,0,0,0.65,0.82,0.22,10009/0,0.00,0/0,0.42,10009,0.00,0.00/0.00/0.00/0.00,0.00/0.00/0.00,0.00/0.00/0.00/0.00/0.00/0.00,0.00/0.00/0.00/0.00/0.00,0.17,0.02,0.00,0.14,0.17,0.00,0.01,126,2,0,0.05,0.01,4/0,0.00,0,0,0,0,0.04,0.00,0.00,0.00,0,0.00,0.00,0,0,0/0,0.00,0,0,0.00,0,0,0.00,0,0,0.06,0.00,0,2,0,0.06,0.00,0.00,0.00,0.00,0.00,0.35,0.00,0,0.00,0,0,0/0/0,0.06,0.00,126,1,1,0,0,0,2026-09-09T18:29:51.0823473Z
3.33ms,299.9,0,63,30009,"mass_navigation_agent_health_text_light:8568,mass_navigation_agent_health_hud_light:8568,mass_navigation_agent_azure_light:2142,mass_navigation_agent_crimson_light:2142,mass_navigation_agent_amber_light:2142,mass_navigation_agent_emerald_light:2142,mass_navigation_agent_health_text_heavy:1432,mass_navigation_agent_health_hud_heavy:1432",0,0,63,63/6,0.01,0.03,0.00,0.00,0.01,2.89,0.02,0.00,0.00,:0.00,:0.00,:0.00,2.85,PresenterEntityTransformSyncSystem:0.70,AnimatorRuntimeSystem:0.56,TerrainHeightSyncSystem:0.40,0.00,0,0,0,0,0,0.56,0.70,0.20,10009/0,0.00,0/0,0.40,10009,0.00,0.00/0.00/0.00/0.00,0.00/0.00/0.00,0.00/0.00/0.00/0.00/0.00/0.00,0.00/0.00/0.00/0.00/0.00,0.23,0.02,0.00,0.20,0.23,0.00,0.01,126,2,0,0.07,0.01,4/0,0.00,0,0,0,0,0.05,0.00,0.00,0.00,0,0.00,0.00,0,0,0/0,0.00,0,0,0.00,0,0,0.00,0,0,0.10,0.00,0,2,0,0.10,0.00,0.00,0.00,0.00,0.00,0.31,0.00,0,0.00,0,0,0/0/0,0.09,0.00,126,1,1,0,0,0,2026-09-09T18:29:51.3689372Z
5.15ms,194.0,0,63,30009,"mass_navigation_agent_health_text_light:8568,mass_navigation_agent_health_hud_light:8568,mass_navigation_agent_azure_light:2142,mass_navigation_agent_crimson_light:2142,mass_navigation_agent_amber_light:2142,mass_navigation_agent_emerald_light:2142,mass_navigation_agent_health_text_heavy:1432,mass_navigation_agent_health_hud_heavy:1432",0,0,63,63/6,0.01,0.03,0.00,0.00,0.01,4.73,0.02,0.00,1.23,EffectProcessingLoopSystem:0.28,OrderBufferSystem:0.21,SpatialPartitionUpdateSystem:0.15,3.45,PresenterEntityTransformSyncSystem:1.00,AnimatorRuntimeSystem:0.69,TerrainHeightSyncSystem:0.40,0.00,0,0,0,0,0,0.69,1.00,0.24,10009/0,0.00,0/0,0.40,10009,0.00,0.00/0.00/0.00/0.00,0.00/0.00/0.00,0.00/0.00/0.00/0.00/0.00/0.00,0.00/0.00/0.00/0.00/0.00,0.18,0.03,0.00,0.15,0.18,0.00,0.02,126,2,0,0.07,0.01,4/0,0.00,0,0,0,0,0.05,0.00,0.00,0.00,0,0.00,0.00,0,0,0/0,0.00,0,0,0.00,0,0,0.00,0,0,0.10,0.00,0,2,0,0.10,0.00,0.00,0.00,0.00,0.00,0.39,0.00,0,0.00,0,0,0/0/0,0.08,0.00,126,1,1,0,0,0,2026-09-09T18:29:51.6430853Z
3.54ms,282.8,0,63,30009,"mass_navigation_agent_health_text_light:8568,mass_navigation_agent_health_hud_light:8568,mass_navigation_agent_azure_light:2142,mass_navigation_agent_crimson_light:2142,mass_navigation_agent_amber_light:2142,mass_navigation_agent_emerald_light:2142,mass_navigation_agent_health_text_heavy:1432,mass_navigation_agent_health_hud_heavy:1432",0,0,63,63/6,0.01,0.04,0.00,0.00,0.01,3.09,0.02,0.00,0.00,:0.00,:0.00,:0.00,3.06,PresenterEntityTransformSyncSystem:0.86,AnimatorRuntimeSystem:0.63,TerrainHeightSyncSystem:0.37,0.00,0,0,0,0,0,0.63,0.86,0.20,10009/0,0.00,0/0,0.37,10009,0.00,0.00/0.00/0.00/0.00,0.00/0.00/0.00,0.00/0.00/0.00/0.00/0.00/0.00,0.00/0.00/0.00/0.00/0.00,0.16,0.02,0.00,0.13,0.16,0.00,0.01,126,2,0,0.07,0.01,4/0,0.00,0,0,0,0,0.05,0.00,0.00,0.00,0,0.00,0.00,0,0,0/0,0.00,0,0,0.00,0,0,0.00,0,0,0.10,0.00,0,2,0,0.10,0.00,0.00,0.00,0.00,0.00,0.35,0.00,0,0.00,0,0,0/0/0,0.10,0.00,126,1,1,0,0,0,2026-09-09T18:29:51.9126759Z
3.50ms,285.8,0,63,30009,"mass_navigation_agent_health_text_light:8568,mass_navigation_agent_health_hud_light:8568,mass_navigation_agent_azure_light:2142,mass_navigation_agent_crimson_light:2142,mass_navigation_agent_amber_light:2142,mass_navigation_agent_emerald_light:2142,mass_navigation_agent_health_text_heavy:1432,mass_navigation_agent_health_hud_heavy:1432",0,0,63,63/6,0.01,0.03,0.00,0.00,0.01,3.07,0.02,0.00,0.00,:0.00,:0.00,:0.00,3.02,PresenterEntityTransformSyncSystem:0.76,AnimatorRuntimeSystem:0.59,TerrainHeightSyncSystem:0.42,0.00,0,0,0,0,0,0.59,0.76,0.24,10009/0,0.00,0/0,0.42,10009,0.00,0.00/0.00/0.00/0.00,0.00/0.00/0.00,0.00/0.00/0.00/0.00/0.00/0.00,0.00/0.00/0.00/0.00/0.00,0.17,0.03,0.00,0.14,0.17,0.00,0.01,126,2,0,0.07,0.01,4/0,0.00,0,0,0,0,0.05,0.00,0.00,0.00,0,0.00,0.00,0,0,0/0,0.00,0,0,0.00,0,0,0.00,0,0,0.09,0.00,0,2,0,0.09,0.00,0.00,0.00,0.00,0.00,0.32,0.00,0,0.00,0,0,0/0/0,0.09,0.00,126,1,1,0,0,0,2026-09-09T18:29:52.2245466Z
3.62ms,276.3,0,63,30009,"mass_navigation_agent_health_text_light:8568,mass_navigation_agent_health_hud_light:8568,mass_navigation_agent_azure_light:2142,mass_navigation_agent_crimson_light:2142,mass_navigation_agent_amber_light:2142,mass_navigation_agent_emerald_light:2142,mass_navigation_agent_health_text_heavy:1432,mass_navigation_agent_health_hud_heavy:1432",0,0,63,63/6,0.01,0.03,0.00,0.00,0.01,3.22,0.02,0.00,0.19,EffectProcessingLoopSystem:0.18,:0.00,:0.00,2.98,PresenterEntityTransformSyncSystem:0.87,AnimatorRuntimeSystem:0.57,TerrainHeightSyncSystem:0.35,0.00,0,0,0,0,0,0.57,0.86,0.19,10009/0,0.00,0/0,0.35,10009,0.00,0.00/0.00/0.00/0.00,0.00/0.00/0.00,0.00/0.00/0.00/0.00/0.00/0.00,0.00/0.00/0.00/0.00/0.00,0.16,0.02,0.00,0.13,0.16,0.00,0.01,126,2,0,0.06,0.01,4/0,0.00,0,0,0,0,0.04,0.00,0.00,0.00,0,0.00,0.00,0,0,0/0,0.00,0,0,0.00,0,0,0.00,0,0,0.09,0.00,0,2,0,0.09,0.00,0.00,0.00,0.00,0.00,0.32,0.00,0,0.00,0,0,0/0/0,0.08,0.00,126,1,1,0,0,0,2026-09-09T18:29:52.4997619Z
3.74ms,267.6,0,63,30009,"mass_navigation_agent_health_text_light:8568,mass_navigation_agent_health_hud_light:8568,mass_navigation_agent_azure_light:2142,mass_navigation_agent_crimson_light:2142,mass_navigation_agent_amber_light:2142,mass_navigation_agent_emerald_light:2142,mass_navigation_agent_health_text_heavy:1432,mass_navigation_agent_health_hud_heavy:1432",0,0,63,63/6,0.01,0.03,0.00,0.00,0.01,3.33,0.02,0.00,0.00,:0.00,:0.00,:0.00,3.30,PresenterEntityTransformSyncSystem:0.98,AnimatorRuntimeSystem:0.66,TerrainHeightSyncSystem:0.40,0.00,0,0,0,0,0,0.66,0.98,0.23,10009/0,0.00,0/0,0.40,10009,0.00,0.00/0.00/0.00/0.00,0.00/0.00/0.00,0.00/0.00/0.00/0.00/0.00/0.00,0.00/0.00/0.00/0.00/0.00,0.19,0.03,0.00,0.16,0.19,0.00,0.01,126,2,0,0.06,0.01,4/0,0.00,0,0,0,0,0.05,0.00,0.00,0.00,0,0.00,0.00,0,0,0/0,0.00,0,0,0.00,0,0,0.00,0,0,0.09,0.00,0,2,0,0.09,0.00,0.00,0.00,0.00,0.00,0.34,0.00,0,0.00,0,0,0/0/0,0.09,0.00,126,1,1,0,0,0,2026-09-09T18:29:52.7706455Z
8.52ms,117.4,0,63,30009,"mass_navigation_agent_health_text_light:8568,mass_navigation_agent_health_hud_light:8568,mass_navigation_agent_azure_light:2142,mass_navigation_agent_crimson_light:2142,mass_navigation_agent_amber_light:2142,mass_navigation_agent_emerald_light:2142,mass_navigation_agent_health_text_heavy:1432,mass_navigation_agent_health_hud_heavy:1432",0,0,63,63/6,0.01,0.04,0.00,0.00,0.01,7.96,0.03,0.00,4.02,EffectProcessingLoopSystem:1.80,MapEntityLifecycleObserverSystem:0.63,MassNavigationAuthoredAgentBindingSystem:0.59,3.90,PresenterEntityTransformSyncSystem:0.97,PresenterEmitSystem:0.64,AnimatorRuntimeSystem:0.53,0.22,0,166,166,0,0,0.53,0.97,0.22,10009/0,0.00,0/0,0.38,10009,0.00,0.00/0.00/0.00/0.00,0.00/0.00/0.00,0.00/0.00/0.00/0.00/0.00/0.00,0.00/0.00/0.00/0.00/0.00,0.18,0.03,0.00,0.14,0.18,0.00,0.02,126,2,0,0.08,0.01,4/0,0.00,0,0,0,0,0.05,0.00,0.00,0.00,0,0.00,0.00,0,0,0/0,0.00,0,0,0.00,0,0,0.00,0,0,0.13,0.00,0,2,0,0.13,0.00,0.00,0.00,0.00,0.00,0.64,0.00,0,0.29,330,0,330/0/0,0.10,0.00,126,1,1,0,0,0,2026-09-09T18:29:53.0557526Z
3.45ms,289.7,0,63,30009,"mass_navigation_agent_health_text_light:8568,mass_navigation_agent_health_hud_light:8568,mass_navigation_agent_azure_light:2142,mass_navigation_agent_crimson_light:2142,mass_navigation_agent_amber_light:2142,mass_navigation_agent_emerald_light:2142,mass_navigation_agent_health_text_heavy:1432,mass_navigation_agent_health_hud_heavy:1432",0,0,63,63/6,0.01,0.03,0.00,0.00,0.01,3.01,0.02,0.00,0.00,:0.00,:0.00,:0.00,2.98,PresenterEntityTransformSyncSystem:0.88,AnimatorRuntimeSystem:0.62,TerrainHeightSyncSystem:0.40,0.00,0,0,0,0,0,0.62,0.88,0.17,10009/0,0.00,0/0,0.40,10009,0.00,0.00/0.00/0.00/0.00,0.00/0.00/0.00,0.00/0.00/0.00/0.00/0.00/0.00,0.00/0.00/0.00/0.00/0.00,0.15,0.02,0.00,0.13,0.15,0.00,0.01,126,2,0,0.07,0.01,4/0,0.00,0,0,0,0,0.05,0.00,0.00,0.00,0,0.00,0.00,0,0,0/0,0.00,0,0,0.00,0,0,0.00,0,0,0.10,0.00,0,2,0,0.09,0.00,0.00,0.00,0.00,0.00,0.31,0.00,0,0.00,0,0,0/0/0,0.09,0.00,126,1,1,0,0,0,2026-09-09T18:29:53.3224298Z
3.61ms,277.0,0,63,30009,"mass_navigation_agent_health_text_light:8568,mass_navigation_agent_health_hud_light:8568,mass_navigation_agent_azure_light:2142,mass_navigation_agent_crimson_light:2142,mass_navigation_agent_amber_light:2142,mass_navigation_agent_emerald_light:2142,mass_navigation_agent_health_text_heavy:1432,mass_navigation_agent_health_hud_heavy:1432",0,0,63,63/6,0.01,0.03,0.00,0.00,0.02,3.25,0.02,0.00,0.18,EffectProcessingLoopSystem:0.18,:0.00,:0.00,3.01,PresenterEntityTransformSyncSystem:0.84,AnimatorRuntimeSystem:0.58,TerrainHeightSyncSystem:0.37,0.00,0,0,0,0,0,0.58,0.84,0.24,10009/0,0.00,0/0,0.37,10009,0.00,0.00/0.00/0.00/0.00,0.00/0.00/0.00,0.00/0.00/0.00/0.00/0.00/0.00,0.00/0.00/0.00/0.00/0.00,0.17,0.03,0.00,0.14,0.17,0.00,0.02,126,2,0,0.06,0.01,4/0,0.00,0,0,0,0,0.04,0.00,0.00,0.00,0,0.00,0.00,0,0,0/0,0.00,0,0,0.00,0,0,0.00,0,0,0.08,0.00,0,2,0,0.08,0.00,0.00,0.00,0.00,0.00,0.33,0.00,0,0.00,0,0,0/0/0,0.06,0.00,126,1,1,0,0,0,2026-09-09T18:29:53.6071527Z
3.53ms,283.1,0,63,30009,"mass_navigation_agent_health_text_light:8568,mass_navigation_agent_health_hud_light:8568,mass_navigation_agent_azure_light:2142,mass_navigation_agent_crimson_light:2142,mass_navigation_agent_amber_light:2142,mass_navigation_agent_emerald_light:2142,mass_navigation_agent_health_text_heavy:1432,mass_navigation_agent_health_hud_heavy:1432",0,0,63,63/6,0.01,0.03,0.00,0.00,0.01,3.14,0.02,0.00,0.00,:0.00,:0.00,:0.00,3.09,PresenterEntityTransformSyncSystem:0.88,AnimatorRuntimeSystem:0.57,TerrainHeightSyncSystem:0.41,0.00,0,0,0,0,0,0.57,0.87,0.18,10009/0,0.00,0/0,0.41,10009,0.00,0.00/0.00/0.00/0.00,0.00/0.00/0.00,0.00/0.00/0.00/0.00/0.00/0.00,0.00/0.00/0.00/0.00/0.00,0.18,0.03,0.00,0.15,0.18,0.00,0.01,126,2,0,0.06,0.01,4/0,0.00,0,0,0,0,0.04,0.00,0.00,0.00,0,0.00,0.00,0,0,0/0,0.00,0,0,0.00,0,0,0.00,0,0,0.09,0.00,0,2,0,0.09,0.00,0.00,0.00,0.00,0.00,0.36,0.00,0,0.00,0,0,0/0/0,0.07,0.00,126,1,1,0,0,0,2026-09-09T18:29:53.8854773Z
8.78ms,113.9,0,63,30009,"mass_navigation_agent_health_text_light:8568,mass_navigation_agent_health_hud_light:8568,mass_navigation_agent_azure_light:2142,mass_navigation_agent_crimson_light:2142,mass_navigation_agent_amber_light:2142,mass_navigation_agent_emerald_light:2142,mass_navigation_agent_health_text_heavy:1432,mass_navigation_agent_health_hud_heavy:1432",0,0,63,63/6,0.01,0.03,0.00,0.00,0.02,8.26,0.03,0.00,4.11,EffectProcessingLoopSystem:1.78,MapEntityLifecycleObserverSystem:0.64,MassNavigationAuthoredAgentBindingSystem:0.62,4.09,PresenterEntityTransformSyncSystem:1.06,PresenterEmitSystem:0.64,AnimatorRuntimeSystem:0.61,0.22,0,156,156,0,0,0.60,1.06,0.20,10009/0,0.00,0/0,0.38,10009,0.00,0.00/0.00/0.00/0.00,0.00/0.00/0.00,0.00/0.00/0.00/0.00/0.00/0.00,0.00/0.00/0.00/0.00/0.00,0.21,0.04,0.00,0.16,0.21,0.00,0.02,126,2,0,0.07,0.01,4/0,0.00,0,0,0,0,0.05,0.00,0.00,0.00,0,0.00,0.00,0,0,0/0,0.00,0,0,0.00,0,0,0.00,0,0,0.13,0.00,0,2,0,0.12,0.00,0.00,0.00,0.00,0.00,0.64,0.00,0,0.28,310,0,310/0/0,0.09,0.00,126,1,1,0,0,0,2026-09-09T18:29:54.2180620Z
3.73ms,267.9,0,63,30009,"mass_navigation_agent_health_text_light:8568,mass_navigation_agent_health_hud_light:8568,mass_navigation_agent_azure_light:2142,mass_navigation_agent_crimson_light:2142,mass_navigation_agent_amber_light:2142,mass_navigation_agent_emerald_light:2142,mass_navigation_agent_health_text_heavy:1432,mass_navigation_agent_health_hud_heavy:1432",0,0,63,63/6,0.01,0.04,0.00,0.00,0.01,3.27,0.02,0.00,0.00,:0.00,:0.00,:0.00,3.23,PresenterEntityTransformSyncSystem:0.94,AnimatorRuntimeSystem:0.69,TerrainHeightSyncSystem:0.40,0.00,0,0,0,0,0,0.69,0.94,0.23,10009/0,0.00,0/0,0.40,10009,0.00,0.00/0.00/0.00/0.00,0.00/0.00/0.00,0.00/0.00/0.00/0.00/0.00/0.00,0.00/0.00/0.00/0.00/0.00,0.17,0.02,0.00,0.15,0.17,0.00,0.02,126,2,0,0.07,0.01,4/0,0.00,0,0,0,0,0.05,0.00,0.00,0.00,0,0.00,0.00,0,0,0/0,0.00,0,0,0.00,0,0,0.00,0,0,0.11,0.00,0,2,0,0.11,0.00,0.00,0.00,0.00,0.00,0.32,0.00,0,0.00,0,0,0/0/0,0.10,0.00,126,1,1,0,0,0,2026-09-09T18:29:54.5300617Z
3.41ms,293.6,0,63,30009,"mass_navigation_agent_health_text_light:8568,mass_navigation_agent_health_hud_light:8568,mass_navigation_agent_azure_light:2142,mass_navigation_agent_crimson_light:2142,mass_navigation_agent_amber_light:2142,mass_navigation_agent_emerald_light:2142,mass_navigation_agent_health_text_heavy:1432,mass_navigation_agent_health_hud_heavy:1432",0,0,63,63/6,0.01,0.04,0.00,0.00,0.01,2.95,0.02,0.00,0.00,:0.00,:0.00,:0.00,2.90,PresenterEntityTransformSyncSystem:0.77,AnimatorRuntimeSystem:0.54,TerrainHeightSyncSystem:0.36,0.00,0,0,0,0,0,0.54,0.77,0.20,10009/0,0.00,0/0,0.36,10009,0.00,0.00/0.00/0.00/0.00,0.00/0.00/0.00,0.00/0.00/0.00/0.00/0.00/0.00,0.00/0.00/0.00/0.00/0.00,0.18,0.03,0.00,0.14,0.18,0.00,0.02,126,2,0,0.07,0.01,4/0,0.00,0,0,0,0,0.05,0.00,0.00,0.00,0,0.00,0.00,0,0,0/0,0.00,0,0,0.00,0,0,0.00,0,0,0.10,0.00,0,2,0,0.10,0.00,0.00,0.00,0.00,0.00,0.35,0.00,0,0.00,0,0,0/0/0,0.09,0.00,126,1,1,0,0,0,2026-09-09T18:29:54.8182599Z
3.79ms,264.0,0,63,30009,"mass_navigation_agent_health_text_light:8568,mass_navigation_agent_health_hud_light:8568,mass_navigation_agent_azure_light:2142,mass_navigation_agent_crimson_light:2142,mass_navigation_agent_amber_light:2142,mass_navigation_agent_emerald_light:2142,mass_navigation_agent_health_text_heavy:1432,mass_navigation_agent_health_hud_heavy:1432",0,0,63,63/6,0.01,0.05,0.00,0.00,0.01,3.27,0.02,0.00,0.00,:0.00,:0.00,:0.00,3.24,PresenterEntityTransformSyncSystem:0.89,AnimatorRuntimeSystem:0.62,PresenterEmitSystem:0.44,0.00,0,0,0,0,0,0.62,0.89,0.21,10009/0,0.00,0/0,0.41,10009,0.00,0.00/0.00/0.00/0.00,0.00/0.00/0.00,0.00/0.00/0.00/0.00/0.00/0.00,0.00/0.00/0.00/0.00/0.00,0.17,0.02,0.00,0.14,0.17,0.00,0.02,126,2,0,0.11,0.01,4/0,0.00,0,0,0,0,0.09,0.00,0.00,0.00,0,0.00,0.00,0,0,0/0,0.00,0,0,0.00,0,0,0.00,0,0,0.10,0.00,0,2,0,0.10,0.00,0.00,0.00,0.00,0.00,0.44,0.00,0,0.00,0,0,0/0/0,0.10,0.00,126,1,1,0,0,0,2026-09-09T18:29:55.0885535Z
3.60ms,278.1,0,63,30009,"mass_navigation_agent_health_text_light:8568,mass_navigation_agent_health_hud_light:8568,mass_navigation_agent_azure_light:2142,mass_navigation_agent_crimson_light:2142,mass_navigation_agent_amber_light:2142,mass_navigation_agent_emerald_light:2142,mass_navigation_agent_health_text_heavy:1432,mass_navigation_agent_health_hud_heavy:1432",0,0,63,63/6,0.01,0.03,0.00,0.00,0.01,3.16,0.02,0.00,0.00,:0.00,:0.00,:0.00,3.12,PresenterEntityTransformSyncSystem:0.81,AnimatorRuntimeSystem:0.59,TerrainHeightSyncSystem:0.42,0.00,0,0,0,0,0,0.59,0.81,0.21,10009/0,0.00,0/0,0.42,10009,0.00,0.00/0.00/0.00/0.00,0.00/0.00/0.00,0.00/0.00/0.00/0.00/0.00/0.00,0.00/0.00/0.00/0.00/0.00,0.19,0.03,0.00,0.16,0.19,0.00,0.01,126,2,0,0.06,0.01,4/0,0.00,0,0,0,0,0.04,0.00,0.00,0.00,0,0.00,0.00,0,0,0/0,0.00,0,0,0.00,0,0,0.00,0,0,0.10,0.00,0,2,0,0.10,0.00,0.00,0.00,0.00,0.00,0.37,0.00,0,0.00,0,0,0/0/0,0.10,0.00,126,1,1,0,0,0,2026-09-09T18:29:55.3689014Z
4.53ms,220.7,0,63,30009,"mass_navigation_agent_health_text_light:8568,mass_navigation_agent_health_hud_light:8568,mass_navigation_agent_azure_light:2142,mass_navigation_agent_crimson_light:2142,mass_navigation_agent_amber_light:2142,mass_navigation_agent_emerald_light:2142,mass_navigation_agent_health_text_heavy:1432,mass_navigation_agent_health_hud_heavy:1432",0,0,63,63/6,0.01,0.03,0.00,0.00,0.01,4.17,0.02,0.00,1.22,EffectProcessingLoopSystem:0.26,OrderBufferSystem:0.21,SpatialPartitionUpdateSystem:0.16,2.92,PresenterEntityTransformSyncSystem:0.80,AnimatorRuntimeSystem:0.57,TerrainHeightSyncSystem:0.39,0.00,0,0,0,0,0,0.57,0.80,0.18,10009/0,0.00,0/0,0.39,10009,0.00,0.00/0.00/0.00/0.00,0.00/0.00/0.00,0.00/0.00/0.00/0.00/0.00/0.00,0.00/0.00/0.00/0.00/0.00,0.17,0.02,0.00,0.14,0.17,0.00,0.01,126,2,0,0.06,0.01,4/0,0.00,0,0,0,0,0.04,0.00,0.00,0.00,0,0.00,0.00,0,0,0/0,0.00,0,0,0.00,0,0,0.00,0,0,0.08,0.00,0,2,0,0.08,0.00,0.00,0.00,0.00,0.00,0.33,0.00,0,0.00,0,0,0/0/0,0.07,0.00,126,1,1,0,0,0,2026-09-09T18:29:55.6447923Z
3.52ms,284.5,0,63,30009,"mass_navigation_agent_health_text_light:8568,mass_navigation_agent_health_hud_light:8568,mass_navigation_agent_azure_light:2142,mass_navigation_agent_crimson_light:2142,mass_navigation_agent_amber_light:2142,mass_navigation_agent_emerald_light:2142,mass_navigation_agent_health_text_heavy:1432,mass_navigation_agent_health_hud_heavy:1432",0,0,63,63/6,0.01,0.03,0.00,0.00,0.01,3.10,0.02,0.00,0.00,:0.00,:0.00,:0.00,3.07,PresenterEntityTransformSyncSystem:0.82,AnimatorRuntimeSystem:0.62,TerrainHeightSyncSystem:0.40,0.00,0,0,0,0,0,0.62,0.82,0.21,10009/0,0.00,0/0,0.39,10009,0.00,0.00/0.00/0.00/0.00,0.00/0.00/0.00,0.00/0.00/0.00/0.00/0.00/0.00,0.00/0.00/0.00/0.00/0.00,0.23,0.02,0.00,0.20,0.23,0.00,0.01,126,2,0,0.06,0.01,4/0,0.00,0,0,0,0,0.04,0.00,0.00,0.00,0,0.00,0.00,0,0,0/0,0.00,0,0,0.00,0,0,0.00,0,0,0.07,0.00,0,2,0,0.07,0.00,0.00,0.00,0.00,0.00,0.31,0.00,0,0.00,0,0,0/0/0,0.12,0.00,126,1,1,0,0,0,2026-09-09T18:29:55.9182673Z
8.35ms,119.7,0,63,30009,"mass_navigation_agent_health_text_light:8568,mass_navigation_agent_health_hud_light:8568,mass_navigation_agent_azure_light:2142,mass_navigation_agent_crimson_light:2142,mass_navigation_agent_amber_light:2142,mass_navigation_agent_emerald_light:2142,mass_navigation_agent_health_text_heavy:1432,mass_navigation_agent_health_hud_heavy:1432",0,0,63,63/6,0.01,0.03,0.00,0.00,0.01,7.88,0.03,0.00,4.10,EffectProcessingLoopSystem:1.84,AttributeAggregatorSystem:0.60,MapEntityLifecycleObserverSystem:0.59,3.73,PresenterEntityTransformSyncSystem:0.87,PresenterEmitSystem:0.63,AnimatorRuntimeSystem:0.54,0.23,0,167,167,0,0,0.54,0.87,0.20,10009/0,0.00,0/0,0.38,10009,0.00,0.00/0.00/0.00/0.00,0.00/0.00/0.00,0.00/0.00/0.00/0.00/0.00/0.00,0.00/0.00/0.00/0.00/0.00,0.18,0.03,0.00,0.15,0.18,0.00,0.02,126,2,0,0.06,0.01,4/0,0.00,0,0,0,0,0.04,0.00,0.00,0.00,0,0.00,0.00,0,0,0/0,0.00,0,0,0.00,0,0,0.00,0,0,0.12,0.00,0,2,0,0.12,0.00,0.00,0.00,0.00,0.00,0.63,0.00,0,0.30,332,0,332/0/0,0.09,0.00,126,1,1,0,0,0,2026-09-09T18:29:56.2152311Z
4.01ms,249.5,0,63,30009,"mass_navigation_agent_health_text_light:8568,mass_navigation_agent_health_hud_light:8568,mass_navigation_agent_azure_light:2142,mass_navigation_agent_crimson_light:2142,mass_navigation_agent_amber_light:2142,mass_navigation_agent_emerald_light:2142,mass_navigation_agent_health_text_heavy:1432,mass_navigation_agent_health_hud_heavy:1432",0,0,63,63/6,0.01,0.04,0.00,0.00,0.01,3.48,0.03,0.00,0.00,:0.00,:0.00,:0.00,3.43,PresenterEntityTransformSyncSystem:0.98,AnimatorRuntimeSystem:0.62,TerrainHeightSyncSystem:0.39,0.00,0,0,0,0,0,0.62,0.98,0.32,10009/0,0.00,0/0,0.39,10009,0.00,0.00/0.00/0.00/0.00,0.00/0.00/0.00,0.00/0.00/0.00/0.00/0.00/0.00,0.00/0.00/0.00/0.00/0.00,0.23,0.03,0.00,0.20,0.23,0.00,0.02,126,2,0,0.07,0.01,4/0,0.00,0,0,0,0,0.05,0.00,0.00,0.00,0,0.00,0.00,0,0,0/0,0.00,0,0,0.00,0,0,0.00,0,0,0.12,0.00,0,2,0,0.12,0.00,0.00,0.00,0.00,0.00,0.34,0.00,0,0.00,0,0,0/0/0,0.13,0.00,126,1,1,0,0,0,2026-09-09T18:29:56.4901151Z
4.65ms,215.1,0,63,30009,"mass_navigation_agent_health_text_light:8568,mass_navigation_agent_health_hud_light:8568,mass_navigation_agent_azure_light:2142,mass_navigation_agent_crimson_light:2142,mass_navigation_agent_amber_light:2142,mass_navigation_agent_emerald_light:2142,mass_navigation_agent_health_text_heavy:1432,mass_navigation_agent_health_hud_heavy:1432",0,0,63,63/6,0.01,0.04,0.00,0.00,0.02,3.99,0.04,0.00,0.19,EffectProcessingLoopSystem:0.18,:0.00,:0.00,3.73,PresenterEntityTransformSyncSystem:1.24,AnimatorRuntimeSystem:0.65,PresenterEmitSystem:0.42,0.00,0,0,0,0,0,0.65,1.24,0.21,10009/0,0.00,0/0,0.36,10009,0.00,0.00/0.00/0.00/0.00,0.00/0.00/0.00,0.00/0.00/0.00/0.00/0.00/0.00,0.00/0.00/0.00/0.00/0.00,0.20,0.03,0.00,0.16,0.20,0.00,0.03,126,2,0,0.08,0.01,4/0,0.00,0,0,0,0,0.05,0.00,0.00,0.00,0,0.00,0.00,0,0,0/0,0.00,0,0,0.00,0,0,0.00,0,0,0.19,0.00,0,2,0,0.18,0.00,0.00,0.00,0.00,0.00,0.42,0.00,0,0.00,0,0,0/0/0,0.11,0.00,126,1,1,0,0,0,2026-09-09T18:29:56.8093365Z
4.97ms,201.1,0,63,30009,"mass_navigation_agent_health_text_light:8568,mass_navigation_agent_health_hud_light:8568,mass_navigation_agent_azure_light:2142,mass_navigation_agent_crimson_light:2142,mass_navigation_agent_amber_light:2142,mass_navigation_agent_emerald_light:2142,mass_navigation_agent_health_text_heavy:1432,mass_navigation_agent_health_hud_heavy:1432",0,0,63,63/6,0.01,0.05,0.00,0.00,0.08,4.22,0.04,0.00,0.22,EffectProcessingLoopSystem:0.22,:0.00,:0.00,3.93,PresenterEntityTransformSyncSystem:1.15,AnimatorRuntimeSystem:0.70,PresenterEmitSystem:0.55,0.00,0,0,0,0,0,0.69,1.15,0.24,10009/0,0.00,0/0,0.44,10009,0.00,0.00/0.00/0.00/0.00,0.00/0.00/0.00,0.00/0.00/0.00/0.00/0.00/0.00,0.00/0.00/0.00/0.00/0.00,0.21,0.04,0.00,0.16,0.20,0.00,0.03,126,2,0,0.11,0.02,4/0,0.00,0,0,0,0,0.08,0.00,0.00,0.00,0,0.00,0.00,0,0,0/0,0.00,0,0,0.00,0,0,0.00,0,0,0.17,0.00,0,2,0,0.16,0.00,0.00,0.00,0.00,0.00,0.55,0.00,0,0.00,0,0,0/0/0,0.13,0.00,126,1,1,0,0,0,2026-09-09T18:29:57.1502036Z
3.62ms,276.0,0,63,30009,"mass_navigation_agent_health_text_light:8568,mass_navigation_agent_health_hud_light:8568,mass_navigation_agent_azure_light:2142,mass_navigation_agent_crimson_light:2142,mass_navigation_agent_amber_light:2142,mass_navigation_agent_emerald_light:2142,mass_navigation_agent_health_text_heavy:1432,mass_navigation_agent_health_hud_heavy:1432",0,0,63,63/6,0.01,0.03,0.00,0.00,0.01,3.19,0.02,0.00,0.00,:0.00,:0.00,:0.00,3.15,PresenterEntityTransformSyncSystem:0.89,AnimatorRuntimeSystem:0.64,TerrainHeightSyncSystem:0.41,0.00,0,0,0,0,0,0.64,0.89,0.22,10009/0,0.00,0/0,0.41,10009,0.00,0.00/0.00/0.00/0.00,0.00/0.00/0.00,0.00/0.00/0.00/0.00/0.00/0.00,0.00/0.00/0.00/0.00/0.00,0.17,0.02,0.00,0.14,0.17,0.00,0.01,126,2,0,0.07,0.01,4/0,0.00,0,0,0,0,0.05,0.00,0.00,0.00,0,0.00,0.00,0,0,0/0,0.00,0,0,0.00,0,0,0.00,0,0,0.10,0.00,0,2,0,0.10,0.00,0.00,0.00,0.00,0.00,0.34,0.00,0,0.00,0,0,0/0/0,0.09,0.00,126,1,1,0,0,0,2026-09-09T18:29:57.4700334Z
3.59ms,278.8,0,63,30009,"mass_navigation_agent_health_text_light:8568,mass_navigation_agent_health_hud_light:8568,mass_navigation_agent_azure_light:2142,mass_navigation_agent_crimson_light:2142,mass_navigation_agent_amber_light:2142,mass_navigation_agent_emerald_light:2142,mass_navigation_agent_health_text_heavy:1432,mass_navigation_agent_health_hud_heavy:1432",0,0,63,63/6,0.01,0.03,0.00,0.00,0.01,3.22,0.02,0.00,0.00,:0.00,:0.00,:0.00,3.18,PresenterEntityTransformSyncSystem:0.89,AnimatorRuntimeSystem:0.61,TerrainHeightSyncSystem:0.42,0.00,0,0,0,0,0,0.61,0.89,0.18,10009/0,0.00,0/0,0.42,10009,0.00,0.00/0.00/0.00/0.00,0.00/0.00/0.00,0.00/0.00/0.00/0.00/0.00/0.00,0.00/0.00/0.00/0.00/0.00,0.18,0.02,0.00,0.15,0.18,0.00,0.01,126,2,0,0.06,0.01,4/0,0.00,0,0,0,0,0.04,0.00,0.00,0.00,0,0.00,0.00,0,0,0/0,0.00,0,0,0.00,0,0,0.00,0,0,0.10,0.00,0,2,0,0.10,0.00,0.00,0.00,0.00,0.00,0.36,0.00,0,0.00,0,0,0/0/0,0.06,0.00,126,1,1,0,0,0,2026-09-09T18:29:57.7793002Z
3.45ms,289.9,0,63,30009,"mass_navigation_agent_health_text_light:8568,mass_navigation_agent_health_hud_light:8568,mass_navigation_agent_azure_light:2142,mass_navigation_agent_crimson_light:2142,mass_navigation_agent_amber_light:2142,mass_navigation_agent_emerald_light:2142,mass_navigation_agent_health_text_heavy:1432,mass_navigation_agent_health_hud_heavy:1432",0,0,63,63/6,0.01,0.03,0.00,0.00,0.01,3.03,0.02,0.00,0.00,:0.00,:0.00,:0.00,2.98,PresenterEntityTransformSyncSystem:0.81,AnimatorRuntimeSystem:0.63,TerrainHeightSyncSystem:0.38,0.00,0,0,0,0,0,0.62,0.81,0.18,10009/0,0.00,0/0,0.38,10009,0.00,0.00/0.00/0.00/0.00,0.00/0.00/0.00,0.00/0.00/0.00/0.00/0.00/0.00,0.00/0.00/0.00/0.00/0.00,0.17,0.02,0.00,0.15,0.17,0.00,0.01,126,2,0,0.07,0.01,4/0,0.00,0,0,0,0,0.05,0.00,0.00,0.00,0,0.00,0.00,0,0,0/0,0.00,0,0,0.00,0,0,0.00,0,0,0.09,0.00,0,2,0,0.09,0.00,0.00,0.00,0.00,0.00,0.32,0.00,0,0.00,0,0,0/0/0,0.09,0.00,126,1,1,0,0,0,2026-09-09T18:29:58.0832802Z
3.39ms,295.0,0,63,30009,"mass_navigation_agent_health_text_light:8568,mass_navigation_agent_health_hud_light:8568,mass_navigation_agent_azure_light:2142,mass_navigation_agent_crimson_light:2142,mass_navigation_agent_amber_light:2142,mass_navigation_agent_emerald_light:2142,mass_navigation_agent_health_text_heavy:1432,mass_navigation_agent_health_hud_heavy:1432",0,0,63,63/6,0.01,0.03,0.00,0.00,0.02,3.07,0.02,0.00,0.00,:0.00,:0.00,:0.00,3.02,PresenterEntityTransformSyncSystem:0.78,AnimatorRuntimeSystem:0.57,PresenterEmitSystem:0.40,0.00,0,0,0,0,0,0.57,0.78,0.22,10009/0,0.00,0/0,0.37,10009,0.00,0.00/0.00/0.00/0.00,0.00/0.00/0.00,0.00/0.00/0.00/0.00/0.00/0.00,0.00/0.00/0.00/0.00/0.00,0.19,0.03,0.00,0.15,0.19,0.00,0.01,126,2,0,0.05,0.01,4/0,0.00,0,0,0,0,0.04,0.00,0.00,0.00,0,0.00,0.00,0,0,0/0,0.00,0,0,0.00,0,0,0.00,0,0,0.06,0.00,0,2,0,0.06,0.00,0.00,0.00,0.00,0.00,0.40,0.00,0,0.00,0,0,0/0/0,0.06,0.00,126,1,1,0,0,0,2026-09-09T18:29:58.3623325Z
3.66ms,273.4,0,63,30009,"mass_navigation_agent_health_text_light:8568,mass_navigation_agent_health_hud_light:8568,mass_navigation_agent_azure_light:2142,mass_navigation_agent_crimson_light:2142,mass_navigation_agent_amber_light:2142,mass_navigation_agent_emerald_light:2142,mass_navigation_agent_health_text_heavy:1432,mass_navigation_agent_health_hud_heavy:1432",0,0,63,63/6,0.01,0.04,0.00,0.00,0.01,3.22,0.02,0.00,0.21,EffectProcessingLoopSystem:0.21,:0.00,:0.00,2.97,PresenterEntityTransformSyncSystem:0.82,AnimatorRuntimeSystem:0.63,TerrainHeightSyncSystem:0.36,0.00,0,0,0,0,0,0.63,0.81,0.20,10009/0,0.00,0/0,0.36,10009,0.00,0.00/0.00/0.00/0.00,0.00/0.00/0.00,0.00/0.00/0.00/0.00/0.00/0.00,0.00/0.00/0.00/0.00/0.00,0.16,0.02,0.00,0.13,0.16,0.00,0.02,126,2,0,0.07,0.01,4/0,0.00,0,0,0,0,0.05,0.00,0.00,0.00,0,0.00,0.00,0,0,0/0,0.00,0,0,0.00,0,0,0.00,0,0,0.10,0.00,0,2,0,0.10,0.00,0.00,0.00,0.00,0.00,0.31,0.00,0,0.00,0,0,0/0/0,0.09,0.00,126,1,1,0,0,0,2026-09-09T18:29:58.6462076Z
3.54ms,282.5,0,63,30009,"mass_navigation_agent_health_text_light:8568,mass_navigation_agent_health_hud_light:8568,mass_navigation_agent_azure_light:2142,mass_navigation_agent_crimson_light:2142,mass_navigation_agent_amber_light:2142,mass_navigation_agent_emerald_light:2142,mass_navigation_agent_health_text_heavy:1432,mass_navigation_agent_health_hud_heavy:1432",0,0,63,63/6,0.01,0.03,0.00,0.00,0.01,3.12,0.02,0.00,0.00,:0.00,:0.00,:0.00,3.07,PresenterEntityTransformSyncSystem:0.81,AnimatorRuntimeSystem:0.60,TerrainHeightSyncSystem:0.42,0.00,0,0,0,0,0,0.60,0.81,0.21,10009/0,0.00,0/0,0.42,10009,0.00,0.00/0.00/0.00/0.00,0.00/0.00/0.00,0.00/0.00/0.00/0.00/0.00/0.00,0.00/0.00/0.00/0.00/0.00,0.18,0.03,0.00,0.14,0.18,0.00,0.01,126,2,0,0.06,0.01,4/0,0.00,0,0,0,0,0.05,0.00,0.00,0.00,0,0.00,0.00,0,0,0/0,0.00,0,0,0.00,0,0,0.00,0,0,0.10,0.00,0,2,0,0.10,0.00,0.00,0.00,0.00,0.00,0.34,0.00,0,0.00,0,0,0/0/0,0.08,0.00,126,1,1,0,0,0,2026-09-09T18:29:58.9262223Z
3.40ms,294.4,0,63,30009,"mass_navigation_agent_health_text_light:8568,mass_navigation_agent_health_hud_light:8568,mass_navigation_agent_azure_light:2142,mass_navigation_agent_crimson_light:2142,mass_navigation_agent_amber_light:2142,mass_navigation_agent_emerald_light:2142,mass_navigation_agent_health_text_heavy:1432,mass_navigation_agent_health_hud_heavy:1432",0,0,63,63/6,0.01,0.04,0.00,0.00,0.02,2.93,0.03,0.00,0.00,:0.00,:0.00,:0.00,2.87,PresenterEntityTransformSyncSystem:0.77,AnimatorRuntimeSystem:0.55,TerrainHeightSyncSystem:0.36,0.00,0,0,0,0,0,0.55,0.77,0.20,10009/0,0.00,0/0,0.36,10009,0.00,0.00/0.00/0.00/0.00,0.00/0.00/0.00,0.00/0.00/0.00/0.00/0.00/0.00,0.00/0.00/0.00/0.00/0.00,0.16,0.03,0.00,0.13,0.16,0.00,0.02,126,2,0,0.07,0.01,4/0,0.00,0,0,0,0,0.05,0.00,0.00,0.00,0,0.00,0.00,0,0,0/0,0.00,0,0,0.00,0,0,0.00,0,0,0.10,0.00,0,2,0,0.10,0.00,0.00,0.00,0.00,0.00,0.35,0.00,0,0.00,0,0,0/0/0,0.09,0.00,126,1,1,0,0,0,2026-09-09T18:29:59.2213787Z
3.51ms,284.5,0,63,30009,"mass_navigation_agent_health_text_light:8568,mass_navigation_agent_health_hud_light:8568,mass_navigation_agent_azure_light:2142,mass_navigation_agent_crimson_light:2142,mass_navigation_agent_amber_light:2142,mass_navigation_agent_emerald_light:2142,mass_navigation_agent_health_text_heavy:1432,mass_navigation_agent_health_hud_heavy:1432",0,0,63,63/6,0.01,0.03,0.00,0.00,0.01,3.08,0.02,0.00,0.00,:0.00,:0.00,:0.00,3.04,PresenterEntityTransformSyncSystem:0.85,AnimatorRuntimeSystem:0.60,TerrainHeightSyncSystem:0.43,0.00,0,0,0,0,0,0.60,0.84,0.24,10009/0,0.00,0/0,0.42,10009,0.00,0.00/0.00/0.00/0.00,0.00/0.00/0.00,0.00/0.00/0.00/0.00/0.00/0.00,0.00/0.00/0.00/0.00/0.00,0.16,0.02,0.00,0.13,0.16,0.00,0.01,126,2,0,0.07,0.01,4/0,0.00,0,0,0,0,0.05,0.00,0.00,0.00,0,0.00,0.00,0,0,0/0,0.00,0,0,0.00,0,0,0.00,0,0,0.10,0.00,0,2,0,0.10,0.00,0.00,0.00,0.00,0.00,0.31,0.00,0,0.00,0,0,0/0/0,0.09,0.00,126,1,1,0,0,0,2026-09-09T18:29:59.4844027Z
3.73ms,268.3,0,63,30009,"mass_navigation_agent_health_text_light:8568,mass_navigation_agent_health_hud_light:8568,mass_navigation_agent_azure_light:2142,mass_navigation_agent_crimson_light:2142,mass_navigation_agent_amber_light:2142,mass_navigation_agent_emerald_light:2142,mass_navigation_agent_health_text_heavy:1432,mass_navigation_agent_health_hud_heavy:1432",0,0,63,63/6,0.01,0.04,0.00,0.00,0.01,3.24,0.03,0.00,0.00,:0.00,:0.00,:0.00,3.19,PresenterEntityTransformSyncSystem:0.85,AnimatorRuntimeSystem:0.66,TerrainHeightSyncSystem:0.38,0.00,0,0,0,0,0,0.66,0.85,0.22,10009/0,0.00,0/0,0.38,10009,0.00,0.00/0.00/0.00/0.00,0.00/0.00/0.00,0.00/0.00/0.00/0.00/0.00/0.00,0.00/0.00/0.00/0.00/0.00,0.18,0.03,0.00,0.14,0.18,0.00,0.02,126,2,0,0.07,0.01,4/0,0.00,0,0,0,0,0.05,0.00,0.00,0.00,0,0.00,0.00,0,0,0/0,0.00,0,0,0.00,0,0,0.00,0,0,0.11,0.00,0,2,0,0.11,0.00,0.00,0.00,0.00,0.00,0.36,0.00,0,0.00,0,0,0/0/0,0.09,0.00,126,1,1,0,0,0,2026-09-09T18:29:59.7645138Z
3.96ms,252.2,0,63,30009,"mass_navigation_agent_health_text_light:8568,mass_navigation_agent_health_hud_light:8568,mass_navigation_agent_azure_light:2142,mass_navigation_agent_crimson_light:2142,mass_navigation_agent_amber_light:2142,mass_navigation_agent_emerald_light:2142,mass_navigation_agent_health_text_heavy:1432,mass_navigation_agent_health_hud_heavy:1432",0,0,63,63/6,0.01,0.03,0.00,0.00,0.02,3.57,0.02,0.00,0.00,:0.00,:0.00,:0.00,3.51,PresenterEntityTransformSyncSystem:0.94,AnimatorRuntimeSystem:0.67,TerrainHeightSyncSystem:0.44,0.00,0,0,0,0,0,0.67,0.94,0.22,10009/0,0.00,0/0,0.44,10009,0.00,0.00/0.00/0.00/0.00,0.00/0.00/0.00,0.00/0.00/0.00/0.00/0.00/0.00,0.00/0.00/0.00/0.00/0.00,0.27,0.03,0.00,0.24,0.27,0.00,0.02,126,2,0,0.06,0.01,4/0,0.00,0,0,0,0,0.04,0.00,0.00,0.00,0,0.00,0.00,0,0,0/0,0.00,0,0,0.00,0,0,0.00,0,0,0.09,0.00,0,2,0,0.09,0.00,0.00,0.00,0.00,0.00,0.35,0.00,0,0.00,0,0,0/0/0,0.08,0.00,126,1,1,0,0,0,2026-09-09T18:30:00.0648370Z
3.71ms,269.9,0,63,30009,"mass_navigation_agent_health_text_light:8568,mass_navigation_agent_health_hud_light:8568,mass_navigation_agent_azure_light:2142,mass_navigation_agent_crimson_light:2142,mass_navigation_agent_amber_light:2142,mass_navigation_agent_emerald_light:2142,mass_navigation_agent_health_text_heavy:1432,mass_navigation_agent_health_hud_heavy:1432",0,0,63,63/6,0.00,0.03,0.00,0.00,0.01,3.29,0.05,0.00,0.00,:0.00,:0.00,:0.00,3.26,PresenterEntityTransformSyncSystem:0.83,AnimatorRuntimeSystem:0.61,PresenterMinimapMarkerSystem:0.45,0.00,0,0,0,0,0,0.61,0.82,0.45,10009/0,0.00,0/0,0.41,10009,0.00,0.00/0.00/0.00/0.00,0.00/0.00/0.00,0.00/0.00/0.00/0.00/0.00/0.00,0.00/0.00/0.00/0.00/0.00,0.17,0.02,0.00,0.14,0.17,0.00,0.05,126,2,0,0.06,0.01,4/0,0.00,0,0,0,0,0.04,0.00,0.00,0.00,0,0.00,0.00,0,0,0/0,0.00,0,0,0.00,0,0,0.00,0,0,0.09,0.00,0,2,0,0.09,0.00,0.00,0.00,0.00,0.00,0.28,0.00,0,0.00,0,0,0/0/0,0.07,0.00,126,1,1,0,0,0,2026-09-09T18:30:00.3335699Z
3.46ms,288.9,0,63,30009,"mass_navigation_agent_health_text_light:8568,mass_navigation_agent_health_hud_light:8568,mass_navigation_agent_azure_light:2142,mass_navigation_agent_crimson_light:2142,mass_navigation_agent_amber_light:2142,mass_navigation_agent_emerald_light:2142,mass_navigation_agent_health_text_heavy:1432,mass_navigation_agent_health_hud_heavy:1432",0,0,63,63/6,0.01,0.03,0.00,0.00,0.01,3.10,0.02,0.00,0.00,:0.00,:0.00,:0.00,3.05,PresenterEntityTransformSyncSystem:0.80,AnimatorRuntimeSystem:0.57,TerrainHeightSyncSystem:0.40,0.00,0,0,0,0,0,0.57,0.80,0.24,10009/0,0.00,0/0,0.40,10009,0.00,0.00/0.00/0.00/0.00,0.00/0.00/0.00,0.00/0.00/0.00/0.00/0.00/0.00,0.00/0.00/0.00/0.00/0.00,0.17,0.03,0.00,0.14,0.17,0.00,0.01,126,2,0,0.06,0.01,4/0,0.00,0,0,0,0,0.04,0.00,0.00,0.00,0,0.00,0.00,0,0,0/0,0.00,0,0,0.00,0,0,0.00,0,0,0.08,0.00,0,2,0,0.07,0.00,0.00,0.00,0.00,0.00,0.35,0.00,0,0.00,0,0,0/0/0,0.07,0.00,126,1,1,0,0,0,2026-09-09T18:30:00.6243292Z
6.78ms,147.5,0,63,30009,"mass_navigation_agent_health_text_light:8568,mass_navigation_agent_health_hud_light:8568,mass_navigation_agent_azure_light:2142,mass_navigation_agent_crimson_light:2142,mass_navigation_agent_amber_light:2142,mass_navigation_agent_emerald_light:2142,mass_navigation_agent_health_text_heavy:1432,mass_navigation_agent_health_hud_heavy:1432",0,0,63,63/6,0.01,0.03,0.00,0.00,0.01,6.30,0.03,0.00,2.85,MassNavigationSimulationStepSystem:1.38,EffectProcessingLoopSystem:0.31,OrderBufferSystem:0.19,3.41,PresenterEntityTransformSyncSystem:1.03,AnimatorRuntimeSystem:0.56,TerrainHeightSyncSystem:0.44,0.00,0,0,0,0,0,0.56,1.03,0.19,10009/0,0.00,0/0,0.44,10009,0.00,0.00/0.00/0.00/0.00,0.00/0.00/0.00,0.00/0.00/0.00/0.00/0.00/0.00,0.00/0.00/0.00/0.00/0.00,0.21,0.03,0.00,0.17,0.21,0.00,0.02,126,2,0,0.07,0.01,4/0,0.00,0,0,0,0,0.05,0.00,0.00,0.00,0,0.00,0.00,0,0,0/0,0.00,0,0,0.00,0,0,0.00,0,0,0.12,0.00,0,2,0,0.12,0.00,0.00,0.00,0.00,0.00,0.36,0.00,0,0.00,0,0,0/0/0,0.09,0.00,126,1,1,0,0,0,2026-09-09T18:30:00.8946566Z
3.43ms,291.2,0,63,30009,"mass_navigation_agent_health_text_light:8568,mass_navigation_agent_health_hud_light:8568,mass_navigation_agent_azure_light:2142,mass_navigation_agent_crimson_light:2142,mass_navigation_agent_amber_light:2142,mass_navigation_agent_emerald_light:2142,mass_navigation_agent_health_text_heavy:1432,mass_navigation_agent_health_hud_heavy:1432",0,0,63,63/6,0.01,0.03,0.00,0.00,0.01,3.01,0.02,0.00,0.00,:0.00,:0.00,:0.00,2.98,PresenterEntityTransformSyncSystem:0.75,AnimatorRuntimeSystem:0.63,TerrainHeightSyncSystem:0.44,0.00,0,0,0,0,0,0.63,0.75,0.20,10009/0,0.00,0/0,0.44,10009,0.00,0.00/0.00/0.00/0.00,0.00/0.00/0.00,0.00/0.00/0.00/0.00/0.00/0.00,0.00/0.00/0.00/0.00/0.00,0.17,0.02,0.00,0.14,0.17,0.00,0.01,126,2,0,0.06,0.01,4/0,0.00,0,0,0,0,0.04,0.00,0.00,0.00,0,0.00,0.00,0,0,0/0,0.00,0,0,0.00,0,0,0.00,0,0,0.12,0.00,0,2,0,0.12,0.00,0.00,0.00,0.00,0.00,0.31,0.00,0,0.00,0,0,0/0/0,0.08,0.00,126,1,1,0,0,0,2026-09-09T18:30:01.1766410Z
3.71ms,269.7,0,63,30009,"mass_navigation_agent_health_text_light:8568,mass_navigation_agent_health_hud_light:8568,mass_navigation_agent_azure_light:2142,mass_navigation_agent_crimson_light:2142,mass_navigation_agent_amber_light:2142,mass_navigation_agent_emerald_light:2142,mass_navigation_agent_health_text_heavy:1432,mass_navigation_agent_health_hud_heavy:1432",0,0,63,63/6,0.01,0.04,0.00,0.00,0.02,3.22,0.05,0.00,0.00,:0.00,:0.00,:0.00,3.17,PresenterEntityTransformSyncSystem:0.79,AnimatorRuntimeSystem:0.71,PresenterEmitSystem:0.43,0.00,0,0,0,0,0,0.71,0.79,0.20,10009/0,0.00,0/0,0.37,10009,0.00,0.00/0.00/0.00/0.00,0.00/0.00/0.00,0.00/0.00/0.00/0.00/0.00/0.00,0.00/0.00/0.00/0.00/0.00,0.16,0.02,0.00,0.13,0.16,0.00,0.02,126,2,0,0.07,0.01,4/0,0.00,0,0,0,0,0.05,0.00,0.00,0.00,0,0.00,0.00,0,0,0/0,0.00,0,0,0.00,0,0,0.00,0,0,0.11,0.00,0,2,0,0.10,0.00,0.00,0.00,0.00,0.00,0.43,0.00,0,0.00,0,0,0/0/0,0.09,0.00,126,1,1,0,0,0,2026-09-09T18:30:01.4617084Z
3.64ms,274.9,0,63,30009,"mass_navigation_agent_health_text_light:8568,mass_navigation_agent_health_hud_light:8568,mass_navigation_agent_azure_light:2142,mass_navigation_agent_crimson_light:2142,mass_navigation_agent_amber_light:2142,mass_navigation_agent_emerald_light:2142,mass_navigation_agent_health_text_heavy:1432,mass_navigation_agent_health_hud_heavy:1432",0,0,63,63/6,0.01,0.04,0.00,0.00,0.01,3.19,0.02,0.00,0.00,:0.00,:0.00,:0.00,3.15,PresenterEntityTransformSyncSystem:0.86,AnimatorRuntimeSystem:0.67,TerrainHeightSyncSystem:0.39,0.00,0,0,0,0,0,0.66,0.86,0.19,10009/0,0.00,0/0,0.39,10009,0.00,0.00/0.00/0.00/0.00,0.00/0.00/0.00,0.00/0.00/0.00/0.00/0.00/0.00,0.00/0.00/0.00/0.00/0.00,0.19,0.03,0.00,0.15,0.19,0.00,0.01,126,2,0,0.07,0.01,4/0,0.00,0,0,0,0,0.05,0.00,0.00,0.00,0,0.00,0.00,0,0,0/0,0.00,0,0,0.00,0,0,0.00,0,0,0.11,0.00,0,2,0,0.11,0.00,0.00,0.00,0.00,0.00,0.34,0.00,0,0.00,0,0,0/0/0,0.10,0.00,126,1,1,0,0,0,2026-09-09T18:30:01.7358584Z
3.34ms,299.2,0,63,30009,"mass_navigation_agent_health_text_light:8568,mass_navigation_agent_health_hud_light:8568,mass_navigation_agent_azure_light:2142,mass_navigation_agent_crimson_light:2142,mass_navigation_agent_amber_light:2142,mass_navigation_agent_emerald_light:2142,mass_navigation_agent_health_text_heavy:1432,mass_navigation_agent_health_hud_heavy:1432",0,0,63,63/6,0.01,0.03,0.00,0.00,0.01,2.99,0.02,0.00,0.00,:0.00,:0.00,:0.00,2.94,PresenterEntityTransformSyncSystem:0.76,AnimatorRuntimeSystem:0.62,TerrainHeightSyncSystem:0.42,0.00,0,0,0,0,0,0.62,0.76,0.18,10009/0,0.00,0/0,0.42,10009,0.00,0.00/0.00/0.00/0.00,0.00/0.00/0.00,0.00/0.00/0.00/0.00/0.00/0.00,0.00/0.00/0.00/0.00/0.00,0.17,0.02,0.00,0.14,0.17,0.00,0.01,126,2,0,0.06,0.01,4/0,0.00,0,0,0,0,0.05,0.00,0.00,0.00,0,0.00,0.00,0,0,0/0,0.00,0,0,0.00,0,0,0.00,0,0,0.08,0.00,0,2,0,0.07,0.00,0.00,0.00,0.00,0.00,0.32,0.00,0,0.00,0,0,0/0/0,0.06,0.00,126,1,1,0,0,0,2026-09-09T18:30:02.0329314Z
4.06ms,246.4,0,63,30009,"mass_navigation_agent_health_text_light:8568,mass_navigation_agent_health_hud_light:8568,mass_navigation_agent_azure_light:2142,mass_navigation_agent_crimson_light:2142,mass_navigation_agent_amber_light:2142,mass_navigation_agent_emerald_light:2142,mass_navigation_agent_health_text_heavy:1432,mass_navigation_agent_health_hud_heavy:1432",0,0,63,63/6,0.01,0.04,0.00,0.00,0.02,3.56,0.03,0.00,0.00,:0.00,:0.00,:0.00,3.49,PresenterEntityTransformSyncSystem:0.95,AnimatorRuntimeSystem:0.72,TerrainHeightSyncSystem:0.44,0.00,0,0,0,0,0,0.72,0.95,0.20,10009/0,0.00,0/0,0.44,10009,0.00,0.00/0.00/0.00/0.00,0.00/0.00/0.00,0.00/0.00/0.00/0.00/0.00/0.00,0.00/0.00/0.00/0.00/0.00,0.21,0.03,0.00,0.17,0.21,0.00,0.02,126,2,0,0.08,0.01,4/0,0.00,0,0,0,0,0.05,0.00,0.00,0.00,0,0.00,0.00,0,0,0/0,0.00,0,0,0.00,0,0,0.00,0,0,0.12,0.00,0,2,0,0.12,0.00,0.00,0.00,0.00,0.00,0.37,0.00,0,0.00,0,0,0/0/0,0.09,0.00,126,1,1,0,0,0,2026-09-09T18:30:02.3129574Z
4.00ms,249.7,0,63,30009,"mass_navigation_agent_health_text_light:8568,mass_navigation_agent_health_hud_light:8568,mass_navigation_agent_azure_light:2142,mass_navigation_agent_crimson_light:2142,mass_navigation_agent_amber_light:2142,mass_navigation_agent_emerald_light:2142,mass_navigation_agent_health_text_heavy:1432,mass_navigation_agent_health_hud_heavy:1432",0,0,63,63/6,0.01,0.04,0.00,0.00,0.02,3.43,0.03,0.00,0.00,:0.00,:0.00,:0.00,3.36,PresenterEntityTransformSyncSystem:0.90,AnimatorRuntimeSystem:0.65,TerrainHeightSyncSystem:0.46,0.00,0,0,0,0,0,0.64,0.90,0.20,10009/0,0.00,0/0,0.46,10009,0.00,0.00/0.00/0.00/0.00,0.00/0.00/0.00,0.00/0.00/0.00/0.00/0.00/0.00,0.00/0.00/0.00/0.00/0.00,0.20,0.03,0.00,0.16,0.20,0.00,0.02,126,2,0,0.08,0.01,4/0,0.00,0,0,0,0,0.05,0.00,0.00,0.00,0,0.00,0.00,0,0,0/0,0.00,0,0,0.00,0,0,0.00,0,0,0.16,0.00,0,2,0,0.16,0.00,0.00,0.00,0.00,0.00,0.36,0.00,0,0.00,0,0,0/0/0,0.10,0.00,126,1,1,0,0,0,2026-09-09T18:30:02.6279926Z
4.75ms,210.5,0,63,30009,"mass_navigation_agent_health_text_light:8568,mass_navigation_agent_health_hud_light:8568,mass_navigation_agent_azure_light:2142,mass_navigation_agent_crimson_light:2142,mass_navigation_agent_amber_light:2142,mass_navigation_agent_emerald_light:2142,mass_navigation_agent_health_text_heavy:1432,mass_navigation_agent_health_hud_heavy:1432",0,0,63,63/6,0.01,0.05,0.00,0.00,0.01,4.02,0.04,0.00,0.00,:0.00,:0.00,:0.00,3.97,PresenterEntityTransformSyncSystem:1.18,AnimatorRuntimeSystem:0.66,TerrainHeightSyncSystem:0.50,0.01,0,0,0,0,0,0.66,1.18,0.24,10009/0,0.00,0/0,0.50,10009,0.00,0.00/0.00/0.00/0.00,0.00/0.00/0.00,0.00/0.00/0.00/0.00/0.00/0.00,0.00/0.00/0.00/0.00/0.00,0.28,0.03,0.03,0.21,0.28,0.00,0.03,126,2,0,0.11,0.02,4/0,0.00,0,0,0,0,0.07,0.00,0.00,0.00,0,0.00,0.00,0,0,0/0,0.00,0,0,0.00,0,0,0.00,0,0,0.17,0.00,0,2,0,0.17,0.00,0.00,0.00,0.00,0.00,0.50,0.00,0,0.00,0,0,0/0/0,0.13,0.00,126,1,1,0,0,0,2026-09-09T18:30:02.9901135Z
18.96ms,52.7,0,63,30009,"mass_navigation_agent_health_text_light:8568,mass_navigation_agent_health_hud_light:8568,mass_navigation_agent_azure_light:2142,mass_navigation_agent_crimson_light:2142,mass_navigation_agent_amber_light:2142,mass_navigation_agent_emerald_light:2142,mass_navigation_agent_health_text_heavy:1432,mass_navigation_agent_health_hud_heavy:1432",0,0,63,63/6,0.00,0.05,0.00,0.00,0.02,18.07,0.06,0.00,12.48,MassNavigationSimulationStepSystem:10.50,AbilityEndOrderSystem:0.43,EffectProcessingLoopSystem:0.32,5.52,PresenterEntityTransformSyncSystem:2.26,AnimatorRuntimeSystem:0.69,PresenterEmitSystem:0.49,0.01,0,0,0,0,0,0.69,2.26,0.32,10009/0,0.00,0/0,0.48,10009,0.00,0.00/0.00/0.00/0.00,0.00/0.00/0.00,0.00/0.00/0.00/0.00/0.00/0.00,0.00/0.00/0.00/0.00/0.00,0.36,0.05,0.00,0.30,0.36,0.00,0.04,126,2,0,0.10,0.02,4/0,0.00,0,0,0,0,0.06,0.00,0.00,0.00,0,0.00,0.00,0,0,0/0,0.00,0,0,0.00,0,0,0.00,0,0,0.24,0.00,0,2,0,0.24,0.00,0.00,0.00,0.00,0.00,0.49,0.00,0,0.00,0,0,0/0/0,0.17,0.00,126,1,1,0,0,0,2026-09-09T18:30:03.4100484Z
4.68ms,213.5,0,63,30009,"mass_navigation_agent_health_text_light:8568,mass_navigation_agent_health_hud_light:8568,mass_navigation_agent_azure_light:2142,mass_navigation_agent_crimson_light:2142,mass_navigation_agent_amber_light:2142,mass_navigation_agent_emerald_light:2142,mass_navigation_agent_health_text_heavy:1432,mass_navigation_agent_health_hud_heavy:1432",0,0,63,63/6,0.01,0.04,0.00,0.00,0.03,4.12,0.04,0.00,0.00,:0.00,:0.00,:0.00,4.00,PresenterEntityTransformSyncSystem:1.26,AnimatorRuntimeSystem:0.71,TerrainHeightSyncSystem:0.44,0.01,0,0,0,0,0,0.71,1.26,0.21,10009/0,0.00,0/0,0.44,10009,0.00,0.00/0.00/0.00/0.00,0.00/0.00/0.00,0.00/0.00/0.00/0.00/0.00/0.00,0.00/0.00/0.00/0.00/0.00,0.23,0.04,0.00,0.18,0.23,0.00,0.03,126,2,0,0.08,0.01,4/0,0.00,0,0,0,0,0.06,0.00,0.00,0.00,0,0.00,0.00,0,0,0/0,0.00,0,0,0.00,0,0,0.00,0,0,0.14,0.00,0,2,0,0.14,0.00,0.00,0.00,0.00,0.00,0.39,0.00,0,0.00,0,0,0/0/0,0.09,0.00,126,1,1,0,0,0,2026-09-09T18:30:03.8260309Z
11.68ms,85.6,0,63,30009,"mass_navigation_agent_health_text_light:8568,mass_navigation_agent_health_hud_light:8568,mass_navigation_agent_azure_light:2142,mass_navigation_agent_crimson_light:2142,mass_navigation_agent_amber_light:2142,mass_navigation_agent_emerald_light:2142,mass_navigation_agent_health_text_heavy:1432,mass_navigation_agent_health_hud_heavy:1432",0,0,63,63/6,0.01,0.05,0.00,0.00,0.01,10.88,0.05,0.00,4.96,EffectProcessingLoopSystem:2.37,AttributeAggregatorSystem:0.77,MassNavigationAuthoredAgentBindingSystem:0.63,4.76,PresenterEntityTransformSyncSystem:1.34,PresenterEmitSystem:0.82,AnimatorRuntimeSystem:0.61,0.30,0,193,193,0,0,0.61,1.34,0.21,10009/0,0.00,0/0,0.37,10009,0.00,0.00/0.00/0.00/0.00,0.00/0.00/0.00,0.00/0.00/0.00/0.00/0.00/0.00,0.00/0.00/0.00/0.00/0.00,0.22,0.03,0.00,0.19,0.22,0.00,0.03,126,2,0,0.11,0.02,4/0,0.00,0,0,0,0,0.07,0.00,0.00,0.00,0,0.00,0.00,0,0,0/0,0.00,0,0,0.00,0,0,0.00,0,0,0.22,0.00,0,2,0,0.21,0.00,0.00,0.00,0.00,0.00,0.82,0.00,0,0.36,384,0,384/0/0,0.14,0.00,126,1,1,0,0,0,2026-09-09T18:30:04.1615331Z
7.83ms,127.7,0,63,30009,"mass_navigation_agent_health_text_light:8568,mass_navigation_agent_health_hud_light:8568,mass_navigation_agent_azure_light:2142,mass_navigation_agent_crimson_light:2142,mass_navigation_agent_amber_light:2142,mass_navigation_agent_emerald_light:2142,mass_navigation_agent_health_text_heavy:1432,mass_navigation_agent_health_hud_heavy:1432",0,0,63,63/6,0.01,0.03,0.00,0.00,0.01,7.32,0.03,0.00,3.65,EffectProcessingLoopSystem:1.61,MapEntityLifecycleObserverSystem:0.60,MassNavigationAuthoredAgentBindingSystem:0.58,3.63,PresenterEntityTransformSyncSystem:0.90,PresenterEmitSystem:0.54,AnimatorRuntimeSystem:0.53,0.22,0,149,149,0,0,0.53,0.90,0.19,10009/0,0.00,0/0,0.38,10009,0.00,0.00/0.00/0.00/0.00,0.00/0.00/0.00,0.00/0.00/0.00/0.00/0.00/0.00,0.00/0.00/0.00/0.00/0.00,0.18,0.03,0.00,0.15,0.18,0.00,0.02,126,2,0,0.07,0.01,4/0,0.00,0,0,0,0,0.04,0.00,0.00,0.00,0,0.00,0.00,0,0,0/0,0.00,0,0,0.00,0,0,0.00,0,0,0.13,0.00,0,2,0,0.13,0.00,0.00,0.00,0.00,0.00,0.54,0.00,0,0.24,296,0,296/0/0,0.11,0.00,126,1,1,0,0,0,2026-09-09T18:30:04.4554869Z
3.55ms,281.6,0,63,30009,"mass_navigation_agent_health_text_light:8568,mass_navigation_agent_health_hud_light:8568,mass_navigation_agent_azure_light:2142,mass_navigation_agent_crimson_light:2142,mass_navigation_agent_amber_light:2142,mass_navigation_agent_emerald_light:2142,mass_navigation_agent_health_text_heavy:1432,mass_navigation_agent_health_hud_heavy:1432",0,0,63,63/6,0.01,0.03,0.00,0.00,0.01,3.23,0.02,0.00,0.00,:0.00,:0.00,:0.00,3.19,PresenterEntityTransformSyncSystem:0.91,AnimatorRuntimeSystem:0.59,TerrainHeightSyncSystem:0.42,0.00,0,0,0,0,0,0.59,0.91,0.23,10009/0,0.00,0/0,0.42,10009,0.00,0.00/0.00/0.00/0.00,0.00/0.00/0.00,0.00/0.00/0.00/0.00/0.00/0.00,0.00/0.00/0.00/0.00/0.00,0.17,0.03,0.00,0.14,0.17,0.00,0.01,126,2,0,0.06,0.01,4/0,0.00,0,0,0,0,0.04,0.00,0.00,0.00,0,0.00,0.00,0,0,0/0,0.00,0,0,0.00,0,0,0.00,0,0,0.07,0.00,0,2,0,0.07,0.00,0.00,0.00,0.00,0.00,0.35,0.00,0,0.00,0,0,0/0/0,0.06,0.00,126,1,1,0,0,0,2026-09-09T18:30:04.7236789Z
3.95ms,252.9,0,63,30009,"mass_navigation_agent_health_text_light:8568,mass_navigation_agent_health_hud_light:8568,mass_navigation_agent_azure_light:2142,mass_navigation_agent_crimson_light:2142,mass_navigation_agent_amber_light:2142,mass_navigation_agent_emerald_light:2142,mass_navigation_agent_health_text_heavy:1432,mass_navigation_agent_health_hud_heavy:1432",0,0,63,63/6,0.01,0.03,0.00,0.00,0.01,3.48,0.02,0.00,0.00,:0.00,:0.00,:0.00,3.44,PresenterEntityTransformSyncSystem:1.02,AnimatorRuntimeSystem:0.64,TerrainHeightSyncSystem:0.39,0.00,0,0,0,0,0,0.64,1.02,0.19,10009/0,0.00,0/0,0.39,10009,0.00,0.00/0.00/0.00/0.00,0.00/0.00/0.00,0.00/0.00/0.00/0.00/0.00/0.00,0.00/0.00/0.00/0.00/0.00,0.18,0.03,0.00,0.15,0.18,0.00,0.02,126,2,0,0.07,0.01,4/0,0.00,0,0,0,0,0.05,0.00,0.00,0.00,0,0.00,0.00,0,0,0/0,0.00,0,0,0.00,0,0,0.00,0,0,0.10,0.00,0,2,0,0.10,0.00,0.00,0.00,0.00,0.00,0.34,0.00,0,0.00,0,0,0/0/0,0.10,0.00,126,1,1,0,0,0,2026-09-09T18:30:05.0235107Z
6.66ms,150.2,0,63,30009,"mass_navigation_agent_health_text_light:8568,mass_navigation_agent_health_hud_light:8568,mass_navigation_agent_azure_light:2142,mass_navigation_agent_crimson_light:2142,mass_navigation_agent_amber_light:2142,mass_navigation_agent_emerald_light:2142,mass_navigation_agent_health_text_heavy:1432,mass_navigation_agent_health_hud_heavy:1432",0,0,63,63/6,0.01,0.03,0.00,0.00,0.01,6.19,0.03,0.00,2.62,MassNavigationSimulationStepSystem:1.30,EffectProcessingLoopSystem:0.35,OrderBufferSystem:0.19,3.53,PresenterEntityTransformSyncSystem:0.94,AnimatorRuntimeSystem:0.63,TerrainHeightSyncSystem:0.61,0.00,0,0,0,0,0,0.63,0.94,0.19,10009/0,0.00,0/0,0.61,10009,0.00,0.00/0.00/0.00/0.00,0.00/0.00/0.00,0.00/0.00/0.00/0.00/0.00/0.00,0.00/0.00/0.00/0.00/0.00,0.21,0.03,0.00,0.17,0.21,0.00,0.02,126,2,0,0.07,0.01,4/0,0.00,0,0,0,0,0.05,0.00,0.00,0.00,0,0.00,0.00,0,0,0/0,0.00,0,0,0.00,0,0,0.00,0,0,0.11,0.00,0,2,0,0.11,0.00,0.00,0.00,0.00,0.00,0.34,0.00,0,0.00,0,0,0/0/0,0.09,0.00,126,1,1,0,0,0,2026-09-09T18:30:05.2954627Z
3.55ms,281.8,0,63,30009,"mass_navigation_agent_health_text_light:8568,mass_navigation_agent_health_hud_light:8568,mass_navigation_agent_azure_light:2142,mass_navigation_agent_crimson_light:2142,mass_navigation_agent_amber_light:2142,mass_navigation_agent_emerald_light:2142,mass_navigation_agent_health_text_heavy:1432,mass_navigation_agent_health_hud_heavy:1432",0,0,63,63/6,0.01,0.03,0.00,0.00,0.01,3.11,0.02,0.00,0.00,:0.00,:0.00,:0.00,3.07,PresenterEntityTransformSyncSystem:0.81,AnimatorRuntimeSystem:0.63,TerrainHeightSyncSystem:0.43,0.00,0,0,0,0,0,0.63,0.80,0.19,10009/0,0.00,0/0,0.43,10009,0.00,0.00/0.00/0.00/0.00,0.00/0.00/0.00,0.00/0.00/0.00/0.00/0.00/0.00,0.00/0.00/0.00/0.00/0.00,0.18,0.03,0.00,0.15,0.18,0.00,0.01,126,2,0,0.07,0.01,4/0,0.00,0,0,0,0,0.05,0.00,0.00,0.00,0,0.00,0.00,0,0,0/0,0.00,0,0,0.00,0,0,0.00,0,0,0.10,0.00,0,2,0,0.10,0.00,0.00,0.00,0.00,0.00,0.33,0.00,0,0.00,0,0,0/0/0,0.09,0.00,126,1,1,0,0,0,2026-09-09T18:30:05.5718304Z
8.66ms,115.4,0,63,30009,"mass_navigation_agent_health_text_light:8568,mass_navigation_agent_health_hud_light:8568,mass_navigation_agent_azure_light:2142,mass_navigation_agent_crimson_light:2142,mass_navigation_agent_amber_light:2142,mass_navigation_agent_emerald_light:2142,mass_navigation_agent_health_text_heavy:1432,mass_navigation_agent_health_hud_heavy:1432",0,0,63,63/6,0.01,0.03,0.00,0.00,0.01,8.12,0.03,0.00,4.23,EffectProcessingLoopSystem:1.95,MapEntityLifecycleObserverSystem:0.65,MassNavigationAuthoredAgentBindingSystem:0.62,3.85,PresenterEntityTransformSyncSystem:1.02,PresenterEmitSystem:0.57,AnimatorRuntimeSystem:0.54,0.20,0,170,170,0,0,0.54,1.02,0.20,10009/0,0.00,0/0,0.39,10009,0.00,0.00/0.00/0.00/0.00,0.00/0.00/0.00,0.00/0.00/0.00/0.00/0.00/0.00,0.00/0.00/0.00/0.00/0.00,0.18,0.03,0.00,0.15,0.18,0.00,0.02,126,2,0,0.07,0.01,4/0,0.00,0,0,0,0,0.04,0.00,0.00,0.00,0,0.00,0.00,0,0,0/0,0.00,0,0,0.00,0,0,0.00,0,0,0.15,0.00,0,2,0,0.15,0.00,0.00,0.00,0.00,0.00,0.57,0.00,0,0.27,338,0,338/0/0,0.10,0.00,126,1,1,0,0,0,2026-09-09T18:30:05.8556084Z
7.13ms,140.3,0,63,30009,"mass_navigation_agent_health_text_light:8568,mass_navigation_agent_health_hud_light:8568,mass_navigation_agent_azure_light:2142,mass_navigation_agent_crimson_light:2142,mass_navigation_agent_amber_light:2142,mass_navigation_agent_emerald_light:2142,mass_navigation_agent_health_text_heavy:1432,mass_navigation_agent_health_hud_heavy:1432",0,0,63,63/6,0.01,0.04,0.00,0.00,0.01,6.64,0.03,0.00,3.29,MassNavigationSimulationStepSystem:1.87,EffectProcessingLoopSystem:0.32,OrderBufferSystem:0.24,3.31,PresenterEntityTransformSyncSystem:0.95,AnimatorRuntimeSystem:0.56,TerrainHeightSyncSystem:0.43,0.00,0,0,0,0,0,0.56,0.95,0.20,10009/0,0.00,0/0,0.43,10009,0.00,0.00/0.00/0.00/0.00,0.00/0.00/0.00,0.00/0.00/0.00/0.00/0.00/0.00,0.00/0.00/0.00/0.00/0.00,0.23,0.03,0.00,0.19,0.23,0.00,0.02,126,2,0,0.07,0.01,4/0,0.00,0,0,0,0,0.05,0.00,0.00,0.00,0,0.00,0.00,0,0,0/0,0.00,0,0,0.00,0,0,0.00,0,0,0.12,0.00,0,2,0,0.12,0.00,0.00,0.00,0.00,0.00,0.37,0.00,0,0.00,0,0,0/0/0,0.10,0.00,126,1,1,0,0,0,2026-09-09T18:30:06.1453094Z
3.58ms,279.2,0,63,30009,"mass_navigation_agent_health_text_light:8568,mass_navigation_agent_health_hud_light:8568,mass_navigation_agent_azure_light:2142,mass_navigation_agent_crimson_light:2142,mass_navigation_agent_amber_light:2142,mass_navigation_agent_emerald_light:2142,mass_navigation_agent_health_text_heavy:1432,mass_navigation_agent_health_hud_heavy:1432",0,0,63,63/6,0.00,0.03,0.00,0.00,0.01,3.16,0.02,0.00,0.00,:0.00,:0.00,:0.00,3.13,PresenterEntityTransformSyncSystem:0.84,AnimatorRuntimeSystem:0.60,TerrainHeightSyncSystem:0.40,0.01,0,0,0,0,0,0.60,0.84,0.22,10009/0,0.00,0/0,0.40,10009,0.00,0.00/0.00/0.00/0.00,0.00/0.00/0.00,0.00/0.00/0.00/0.00/0.00/0.00,0.00/0.00/0.00/0.00/0.00,0.19,0.02,0.00,0.17,0.19,0.00,0.01,126,2,0,0.06,0.01,4/0,0.00,0,0,0,0,0.04,0.00,0.00,0.00,0,0.00,0.00,0,0,0/0,0.00,0,0,0.00,0,0,0.00,0,0,0.10,0.00,0,2,0,0.09,0.00,0.00,0.00,0.00,0.00,0.34,0.00,0,0.00,0,0,0/0/0,0.09,0.00,126,1,1,0,0,0,2026-09-09T18:30:06.4266978Z
3.72ms,268.7,0,63,30009,"mass_navigation_agent_health_text_light:8568,mass_navigation_agent_health_hud_light:8568,mass_navigation_agent_azure_light:2142,mass_navigation_agent_crimson_light:2142,mass_navigation_agent_amber_light:2142,mass_navigation_agent_emerald_light:2142,mass_navigation_agent_health_text_heavy:1432,mass_navigation_agent_health_hud_heavy:1432",0,0,63,63/6,0.01,0.03,0.00,0.00,0.02,3.36,0.02,0.00,0.00,:0.00,:0.00,:0.00,3.31,PresenterEntityTransformSyncSystem:0.87,AnimatorRuntimeSystem:0.68,TerrainHeightSyncSystem:0.42,0.00,0,0,0,0,0,0.68,0.87,0.21,10009/0,0.00,0/0,0.42,10009,0.00,0.00/0.00/0.00/0.00,0.00/0.00/0.00,0.00/0.00/0.00/0.00/0.00/0.00,0.00/0.00/0.00/0.00/0.00,0.20,0.03,0.00,0.16,0.20,0.00,0.01,126,2,0,0.06,0.01,4/0,0.00,0,0,0,0,0.04,0.00,0.00,0.00,0,0.00,0.00,0,0,0/0,0.00,0,0,0.00,0,0,0.00,0,0,0.07,0.00,0,2,0,0.07,0.00,0.00,0.00,0.00,0.00,0.36,0.00,0,0.00,0,0,0/0/0,0.07,0.00,126,1,1,0,0,0,2026-09-09T18:30:06.6898723Z
3.45ms,289.5,0,63,30009,"mass_navigation_agent_health_text_light:8568,mass_navigation_agent_health_hud_light:8568,mass_navigation_agent_azure_light:2142,mass_navigation_agent_crimson_light:2142,mass_navigation_agent_amber_light:2142,mass_navigation_agent_emerald_light:2142,mass_navigation_agent_health_text_heavy:1432,mass_navigation_agent_health_hud_heavy:1432",0,0,63,63/6,0.01,0.04,0.00,0.00,0.01,3.02,0.02,0.00,0.00,:0.00,:0.00,:0.00,2.97,PresenterEntityTransformSyncSystem:0.78,AnimatorRuntimeSystem:0.57,TerrainHeightSyncSystem:0.42,0.00,0,0,0,0,0,0.57,0.78,0.19,10009/0,0.00,0/0,0.42,10009,0.00,0.00/0.00/0.00/0.00,0.00/0.00/0.00,0.00/0.00/0.00/0.00/0.00/0.00,0.00/0.00/0.00/0.00/0.00,0.15,0.02,0.00,0.12,0.15,0.00,0.01,126,2,0,0.07,0.01,4/0,0.00,0,0,0,0,0.05,0.00,0.00,0.00,0,0.00,0.00,0,0,0/0,0.00,0,0,0.00,0,0,0.00,0,0,0.10,0.00,0,2,0,0.09,0.00,0.00,0.00,0.00,0.00,0.35,0.00,0,0.00,0,0,0/0/0,0.09,0.00,126,1,1,0,0,0,2026-09-09T18:30:06.9742196Z
8.46ms,118.2,0,63,30009,"mass_navigation_agent_health_text_light:8568,mass_navigation_agent_health_hud_light:8568,mass_navigation_agent_azure_light:2142,mass_navigation_agent_crimson_light:2142,mass_navigation_agent_amber_light:2142,mass_navigation_agent_emerald_light:2142,mass_navigation_agent_health_text_heavy:1432,mass_navigation_agent_health_hud_heavy:1432",0,0,63,63/6,0.01,0.04,0.00,0.00,0.01,7.95,0.03,0.00,4.02,EffectProcessingLoopSystem:1.86,MassNavigationAuthoredAgentBindingSystem:0.62,MapEntityLifecycleObserverSystem:0.61,3.89,PresenterEntityTransformSyncSystem:0.97,PresenterEmitSystem:0.64,AnimatorRuntimeSystem:0.55,0.18,0,158,158,0,0,0.55,0.97,0.22,10009/0,0.00,0/0,0.40,10009,0.00,0.00/0.00/0.00/0.00,0.00/0.00/0.00,0.00/0.00/0.00/0.00/0.00/0.00,0.00/0.00/0.00/0.00/0.00,0.18,0.03,0.00,0.14,0.18,0.00,0.02,126,2,0,0.08,0.01,4/0,0.00,0,0,0,0,0.05,0.00,0.00,0.00,0,0.00,0.00,0,0,0/0,0.00,0,0,0.00,0,0,0.00,0,0,0.12,0.00,0,2,0,0.12,0.00,0.00,0.00,0.00,0.00,0.64,0.00,0,0.28,314,0,314/0/0,0.09,0.00,126,1,1,0,0,0,2026-09-09T18:30:07.2555569Z
3.31ms,302.2,0,63,30009,"mass_navigation_agent_health_text_light:8568,mass_navigation_agent_health_hud_light:8568,mass_navigation_agent_azure_light:2142,mass_navigation_agent_crimson_light:2142,mass_navigation_agent_amber_light:2142,mass_navigation_agent_emerald_light:2142,mass_navigation_agent_health_text_heavy:1432,mass_navigation_agent_health_hud_heavy:1432",0,0,63,63/6,0.01,0.03,0.00,0.00,0.01,2.87,0.02,0.00,0.00,:0.00,:0.00,:0.00,2.83,PresenterEntityTransformSyncSystem:0.73,AnimatorRuntimeSystem:0.56,TerrainHeightSyncSystem:0.40,0.00,0,0,0,0,0,0.56,0.73,0.19,10009/0,0.00,0/0,0.40,10009,0.00,0.00/0.00/0.00/0.00,0.00/0.00/0.00,0.00/0.00/0.00/0.00/0.00/0.00,0.00/0.00/0.00/0.00/0.00,0.16,0.02,0.00,0.13,0.16,0.00,0.01,126,2,0,0.06,0.01,4/0,0.00,0,0,0,0,0.04,0.00,0.00,0.00,0,0.00,0.00,0,0,0/0,0.00,0,0,0.00,0,0,0.00,0,0,0.12,0.00,0,2,0,0.12,0.00,0.00,0.00,0.00,0.00,0.32,0.00,0,0.00,0,0,0/0/0,0.09,0.00,126,1,1,0,0,0,2026-09-09T18:30:07.5211157Z
3.92ms,255.4,0,63,30009,"mass_navigation_agent_health_text_light:8568,mass_navigation_agent_health_hud_light:8568,mass_navigation_agent_azure_light:2142,mass_navigation_agent_crimson_light:2142,mass_navigation_agent_amber_light:2142,mass_navigation_agent_emerald_light:2142,mass_navigation_agent_health_text_heavy:1432,mass_navigation_agent_health_hud_heavy:1432",0,0,63,63/6,0.01,0.05,0.00,0.00,0.01,3.32,0.03,0.00,0.00,:0.00,:0.00,:0.00,3.28,PresenterEntityTransformSyncSystem:0.83,AnimatorRuntimeSystem:0.64,PresenterEmitSystem:0.47,0.00,0,0,0,0,0,0.63,0.83,0.24,10009/0,0.00,0/0,0.40,10009,0.00,0.00/0.00/0.00/0.00,0.00/0.00/0.00,0.00/0.00/0.00/0.00/0.00/0.00,0.00/0.00/0.00/0.00/0.00,0.18,0.02,0.00,0.15,0.18,0.00,0.02,126,2,0,0.10,0.01,4/0,0.00,0,0,0,0,0.07,0.00,0.00,0.00,0,0.00,0.00,0,0,0/0,0.00,0,0,0.00,0,0,0.00,0,0,0.14,0.00,0,2,0,0.14,0.00,0.00,0.00,0.00,0.00,0.47,0.00,0,0.00,0,0,0/0/0,0.12,0.00,126,1,1,0,0,0,2026-09-09T18:30:07.7832206Z
3.63ms,275.2,0,63,30009,"mass_navigation_agent_health_text_light:8568,mass_navigation_agent_health_hud_light:8568,mass_navigation_agent_azure_light:2142,mass_navigation_agent_crimson_light:2142,mass_navigation_agent_amber_light:2142,mass_navigation_agent_emerald_light:2142,mass_navigation_agent_health_text_heavy:1432,mass_navigation_agent_health_hud_heavy:1432",0,0,63,63/6,0.00,0.03,0.00,0.00,0.01,3.18,0.02,0.00,0.00,:0.00,:0.00,:0.00,3.14,PresenterEntityTransformSyncSystem:0.81,AnimatorRuntimeSystem:0.66,TerrainHeightSyncSystem:0.41,0.00,0,0,0,0,0,0.66,0.81,0.17,10009/0,0.00,0/0,0.41,10009,0.00,0.00/0.00/0.00/0.00,0.00/0.00/0.00,0.00/0.00/0.00/0.00/0.00/0.00,0.00/0.00/0.00/0.00/0.00,0.18,0.03,0.00,0.15,0.18,0.00,0.01,126,2,0,0.06,0.01,4/0,0.00,0,0,0,0,0.04,0.00,0.00,0.00,0,0.00,0.00,0,0,0/0,0.00,0,0,0.00,0,0,0.00,0,0,0.09,0.00,0,2,0,0.09,0.00,0.00,0.00,0.00,0.00,0.33,0.00,0,0.00,0,0,0/0/0,0.11,0.00,126,1,1,0,0,0,2026-09-09T18:30:08.0734997Z
3.87ms,258.5,0,63,30009,"mass_navigation_agent_health_text_light:8568,mass_navigation_agent_health_hud_light:8568,mass_navigation_agent_azure_light:2142,mass_navigation_agent_crimson_light:2142,mass_navigation_agent_amber_light:2142,mass_navigation_agent_emerald_light:2142,mass_navigation_agent_health_text_heavy:1432,mass_navigation_agent_health_hud_heavy:1432",0,0,63,63/6,0.01,0.05,0.00,0.00,0.01,3.26,0.02,0.00,0.00,:0.00,:0.00,:0.00,3.22,PresenterEntityTransformSyncSystem:0.83,AnimatorRuntimeSystem:0.65,PresenterEmitSystem:0.44,0.00,0,0,0,0,0,0.65,0.83,0.18,10009/0,0.00,0/0,0.41,10009,0.00,0.00/0.00/0.00/0.00,0.00/0.00/0.00,0.00/0.00/0.00/0.00/0.00/0.00,0.00/0.00/0.00/0.00/0.00,0.17,0.02,0.00,0.14,0.17,0.00,0.02,126,2,0,0.10,0.01,4/0,0.00,0,0,0,0,0.07,0.00,0.00,0.00,0,0.00,0.00,0,0,0/0,0.00,0,0,0.00,0,0,0.00,0,0,0.11,0.00,0,2,0,0.11,0.00,0.00,0.00,0.00,0.00,0.44,0.00,0,0.00,0,0,0/0/0,0.20,0.00,126,1,1,0,0,0,2026-09-09T18:30:08.3677345Z
5.17ms,193.5,0,63,30009,"mass_navigation_agent_health_text_light:8568,mass_navigation_agent_health_hud_light:8568,mass_navigation_agent_azure_light:2142,mass_navigation_agent_crimson_light:2142,mass_navigation_agent_amber_light:2142,mass_navigation_agent_emerald_light:2142,mass_navigation_agent_health_text_heavy:1432,mass_navigation_agent_health_hud_heavy:1432",0,0,63,63/6,0.01,0.03,0.00,0.00,0.01,4.75,0.02,0.00,1.39,EffectProcessingLoopSystem:0.28,OrderBufferSystem:0.22,SpatialPartitionUpdateSystem:0.16,3.32,PresenterEntityTransformSyncSystem:0.98,AnimatorRuntimeSystem:0.61,TerrainHeightSyncSystem:0.39,0.00,0,0,0,0,0,0.61,0.97,0.20,10009/0,0.00,0/0,0.39,10009,0.00,0.00/0.00/0.00/0.00,0.00/0.00/0.00,0.00/0.00/0.00/0.00/0.00/0.00,0.00/0.00/0.00/0.00/0.00,0.19,0.03,0.00,0.15,0.19,0.00,0.01,126,2,0,0.07,0.01,4/0,0.00,0,0,0,0,0.05,0.00,0.00,0.00,0,0.00,0.00,0,0,0/0,0.00,0,0,0.00,0,0,0.00,0,0,0.09,0.00,0,2,0,0.09,0.00,0.00,0.00,0.00,0.00,0.37,0.00,0,0.00,0,0,0/0/0,0.09,0.00,126,1,1,0,0,0,2026-09-09T18:30:08.6426028Z
3.24ms,308.4,0,63,30009,"mass_navigation_agent_health_text_light:8568,mass_navigation_agent_health_hud_light:8568,mass_navigation_agent_azure_light:2142,mass_navigation_agent_crimson_light:2142,mass_navigation_agent_amber_light:2142,mass_navigation_agent_emerald_light:2142,mass_navigation_agent_health_text_heavy:1432,mass_navigation_agent_health_hud_heavy:1432",0,0,63,63/6,0.01,0.03,0.00,0.00,0.02,2.83,0.02,0.00,0.00,:0.00,:0.00,:0.00,2.77,PresenterEntityTransformSyncSystem:0.75,AnimatorRuntimeSystem:0.52,TerrainHeightSyncSystem:0.34,0.00,0,0,0,0,0,0.52,0.75,0.20,10009/0,0.00,0/0,0.34,10009,0.00,0.00/0.00/0.00/0.00,0.00/0.00/0.00,0.00/0.00/0.00/0.00/0.00/0.00,0.00/0.00/0.00/0.00/0.00,0.15,0.02,0.00,0.12,0.15,0.00,0.01,126,2,0,0.06,0.01,4/0,0.00,0,0,0,0,0.04,0.00,0.00,0.00,0,0.00,0.00,0,0,0/0,0.00,0,0,0.00,0,0,0.00,0,0,0.09,0.00,0,2,0,0.09,0.00,0.00,0.00,0.00,0.00,0.33,0.00,0,0.00,0,0,0/0/0,0.08,0.00,126,1,1,0,0,0,2026-09-09T18:30:08.9114231Z
3.64ms,274.8,0,63,30009,"mass_navigation_agent_health_text_light:8568,mass_navigation_agent_health_hud_light:8568,mass_navigation_agent_azure_light:2142,mass_navigation_agent_crimson_light:2142,mass_navigation_agent_amber_light:2142,mass_navigation_agent_emerald_light:2142,mass_navigation_agent_health_text_heavy:1432,mass_navigation_agent_health_hud_heavy:1432",0,0,63,63/6,0.01,0.04,0.00,0.00,0.01,3.22,0.02,0.00,0.00,:0.00,:0.00,:0.00,3.18,PresenterEntityTransformSyncSystem:0.88,AnimatorRuntimeSystem:0.65,TerrainHeightSyncSystem:0.43,0.00,0,0,0,0,0,0.65,0.88,0.20,10009/0,0.00,0/0,0.43,10009,0.00,0.00/0.00/0.00/0.00,0.00/0.00/0.00,0.00/0.00/0.00/0.00/0.00/0.00,0.00/0.00/0.00/0.00/0.00,0.18,0.03,0.00,0.15,0.18,0.00,0.01,126,2,0,0.07,0.01,4/0,0.00,0,0,0,0,0.05,0.00,0.00,0.00,0,0.00,0.00,0,0,0/0,0.00,0,0,0.00,0,0,0.00,0,0,0.09,0.00,0,2,0,0.09,0.00,0.00,0.00,0.00,0.00,0.32,0.00,0,0.00,0,0,0/0/0,0.09,0.00,126,1,1,0,0,0,2026-09-09T18:30:09.1875586Z
4.19ms,238.5,0,63,30009,"mass_navigation_agent_health_text_light:8568,mass_navigation_agent_health_hud_light:8568,mass_navigation_agent_azure_light:2142,mass_navigation_agent_crimson_light:2142,mass_navigation_agent_amber_light:2142,mass_navigation_agent_emerald_light:2142,mass_navigation_agent_health_text_heavy:1432,mass_navigation_agent_health_hud_heavy:1432",0,0,63,63/6,0.01,0.04,0.00,0.00,0.01,3.61,0.03,0.00,0.00,:0.00,:0.00,:0.00,3.58,PresenterEntityTransformSyncSystem:1.01,AnimatorRuntimeSystem:0.67,TerrainHeightSyncSystem:0.49,0.01,0,0,0,0,0,0.67,1.01,0.24,10009/0,0.00,0/0,0.49,10009,0.00,0.00/0.00/0.00/0.00,0.00/0.00/0.00,0.00/0.00/0.00/0.00/0.00/0.00,0.00/0.00/0.00/0.00/0.00,0.20,0.03,0.00,0.17,0.20,0.00,0.02,126,2,0,0.08,0.01,4/0,0.00,0,0,0,0,0.05,0.00,0.00,0.00,0,0.00,0.00,0,0,0/0,0.00,0,0,0.00,0,0,0.00,0,0,0.14,0.00,0,2,0,0.13,0.00,0.00,0.00,0.00,0.00,0.38,0.00,0,0.00,0,0,0/0/0,0.10,0.00,126,1,1,0,0,0,2026-09-09T18:30:09.5397385Z
3.28ms,304.7,0,63,30009,"mass_navigation_agent_health_text_light:8568,mass_navigation_agent_health_hud_light:8568,mass_navigation_agent_azure_light:2142,mass_navigation_agent_crimson_light:2142,mass_navigation_agent_amber_light:2142,mass_navigation_agent_emerald_light:2142,mass_navigation_agent_health_text_heavy:1432,mass_navigation_agent_health_hud_heavy:1432",0,0,63,63/6,0.01,0.03,0.00,0.00,0.01,2.94,0.02,0.00,0.00,:0.00,:0.00,:0.00,2.90,PresenterEntityTransformSyncSystem:0.79,AnimatorRuntimeSystem:0.54,TerrainHeightSyncSystem:0.37,0.00,0,0,0,0,0,0.54,0.79,0.20,10009/0,0.00,0/0,0.37,10009,0.00,0.00/0.00/0.00/0.00,0.00/0.00/0.00,0.00/0.00/0.00/0.00/0.00/0.00,0.00/0.00/0.00/0.00/0.00,0.16,0.03,0.00,0.13,0.16,0.00,0.01,126,2,0,0.06,0.01,4/0,0.00,0,0,0,0,0.05,0.00,0.00,0.00,0,0.00,0.00,0,0,0/0,0.00,0,0,0.00,0,0,0.00,0,0,0.06,0.00,0,2,0,0.06,0.00,0.00,0.00,0.00,0.00,0.35,0.00,0,0.00,0,0,0/0/0,0.06,0.00,126,1,1,0,0,0,2026-09-09T18:30:09.8581393Z
3.63ms,275.8,0,63,30009,"mass_navigation_agent_health_text_light:8568,mass_navigation_agent_health_hud_light:8568,mass_navigation_agent_azure_light:2142,mass_navigation_agent_crimson_light:2142,mass_navigation_agent_amber_light:2142,mass_navigation_agent_emerald_light:2142,mass_navigation_agent_health_text_heavy:1432,mass_navigation_agent_health_hud_heavy:1432",0,0,63,63/6,0.01,0.03,0.00,0.00,0.01,3.17,0.02,0.00,0.00,:0.00,:0.00,:0.00,3.15,PresenterEntityTransformSyncSystem:0.90,AnimatorRuntimeSystem:0.74,TerrainHeightSyncSystem:0.38,0.00,0,0,0,0,0,0.74,0.90,0.20,10009/0,0.00,0/0,0.38,10009,0.00,0.00/0.00/0.00/0.00,0.00/0.00/0.00,0.00/0.00/0.00/0.00/0.00/0.00,0.00/0.00/0.00/0.00/0.00,0.16,0.02,0.00,0.13,0.15,0.00,0.01,126,2,0,0.10,0.01,4/0,0.00,0,0,0,0,0.05,0.00,0.00,0.00,0,0.00,0.00,0,0,0/0,0.00,0,0,0.00,0,0,0.00,0,0,0.10,0.00,0,2,0,0.09,0.00,0.00,0.00,0.00,0.00,0.31,0.00,0,0.00,0,0,0/0/0,0.09,0.00,126,1,1,0,0,0,2026-09-09T18:30:10.1392306Z
3.57ms,280.4,0,63,30009,"mass_navigation_agent_health_text_light:8568,mass_navigation_agent_health_hud_light:8568,mass_navigation_agent_azure_light:2142,mass_navigation_agent_crimson_light:2142,mass_navigation_agent_amber_light:2142,mass_navigation_agent_emerald_light:2142,mass_navigation_agent_health_text_heavy:1432,mass_navigation_agent_health_hud_heavy:1432",0,0,63,63/6,0.01,0.04,0.00,0.00,0.01,3.13,0.02,0.00,0.00,:0.00,:0.00,:0.00,3.08,PresenterEntityTransformSyncSystem:0.81,AnimatorRuntimeSystem:0.65,TerrainHeightSyncSystem:0.43,0.00,0,0,0,0,0,0.65,0.81,0.23,10009/0,0.00,0/0,0.42,10009,0.00,0.00/0.00/0.00/0.00,0.00/0.00/0.00,0.00/0.00/0.00/0.00/0.00/0.00,0.00/0.00/0.00/0.00/0.00,0.17,0.02,0.00,0.14,0.17,0.00,0.02,126,2,0,0.07,0.01,4/0,0.00,0,0,0,0,0.05,0.00,0.00,0.00,0,0.00,0.00,0,0,0/0,0.00,0,0,0.00,0,0,0.00,0,0,0.10,0.00,0,2,0,0.10,0.00,0.00,0.00,0.00,0.00,0.31,0.00,0,0.00,0,0,0/0/0,0.09,0.00,126,1,1,0,0,0,2026-09-09T18:30:10.4283193Z
6.67ms,149.9,0,63,30009,"mass_navigation_agent_health_text_light:8568,mass_navigation_agent_health_hud_light:8568,mass_navigation_agent_azure_light:2142,mass_navigation_agent_crimson_light:2142,mass_navigation_agent_amber_light:2142,mass_navigation_agent_emerald_light:2142,mass_navigation_agent_health_text_heavy:1432,mass_navigation_agent_health_hud_heavy:1432",0,0,63,63/6,0.01,0.04,0.00,0.00,0.01,6.19,0.03,0.00,2.78,MassNavigationSimulationStepSystem:1.45,EffectProcessingLoopSystem:0.34,OrderBufferSystem:0.19,3.38,PresenterEntityTransformSyncSystem:0.98,AnimatorRuntimeSystem:0.60,TerrainHeightSyncSystem:0.47,0.00,0,0,0,0,0,0.60,0.98,0.21,10009/0,0.00,0/0,0.47,10009,0.00,0.00/0.00/0.00/0.00,0.00/0.00/0.00,0.00/0.00/0.00/0.00/0.00/0.00,0.00/0.00/0.00/0.00/0.00,0.21,0.03,0.00,0.17,0.21,0.00,0.02,126,2,0,0.08,0.01,4/0,0.00,0,0,0,0,0.05,0.00,0.00,0.00,0,0.00,0.00,0,0,0/0,0.00,0,0,0.00,0,0,0.00,0,0,0.12,0.00,0,2,0,0.12,0.00,0.00,0.00,0.00,0.00,0.32,0.00,0,0.00,0,0,0/0/0,0.08,0.00,126,1,1,0,0,0,2026-09-09T18:30:10.6962831Z
3.56ms,280.8,0,63,30009,"mass_navigation_agent_health_text_light:8568,mass_navigation_agent_health_hud_light:8568,mass_navigation_agent_azure_light:2142,mass_navigation_agent_crimson_light:2142,mass_navigation_agent_amber_light:2142,mass_navigation_agent_emerald_light:2142,mass_navigation_agent_health_text_heavy:1432,mass_navigation_agent_health_hud_heavy:1432",0,0,63,63/6,0.01,0.03,0.00,0.00,0.01,3.21,0.02,0.00,0.00,:0.00,:0.00,:0.00,3.17,PresenterEntityTransformSyncSystem:0.92,AnimatorRuntimeSystem:0.66,TerrainHeightSyncSystem:0.41,0.00,0,0,0,0,0,0.66,0.92,0.19,10009/0,0.00,0/0,0.41,10009,0.00,0.00/0.00/0.00/0.00,0.00/0.00/0.00,0.00/0.00/0.00/0.00/0.00/0.00,0.00/0.00/0.00/0.00/0.00,0.17,0.02,0.00,0.14,0.17,0.00,0.01,126,2,0,0.06,0.01,4/0,0.00,0,0,0,0,0.05,0.00,0.00,0.00,0,0.00,0.00,0,0,0/0,0.00,0,0,0.00,0,0,0.00,0,0,0.07,0.00,0,2,0,0.07,0.00,0.00,0.00,0.00,0.00,0.31,0.00,0,0.00,0,0,0/0/0,0.07,0.00,126,1,1,0,0,0,2026-09-09T18:30:10.9743288Z
3.56ms,280.6,0,63,30009,"mass_navigation_agent_health_text_light:8568,mass_navigation_agent_health_hud_light:8568,mass_navigation_agent_azure_light:2142,mass_navigation_agent_crimson_light:2142,mass_navigation_agent_amber_light:2142,mass_navigation_agent_emerald_light:2142,mass_navigation_agent_health_text_heavy:1432,mass_navigation_agent_health_hud_heavy:1432",0,0,63,63/6,0.01,0.03,0.00,0.00,0.01,3.14,0.02,0.00,0.00,:0.00,:0.00,:0.00,3.11,PresenterEntityTransformSyncSystem:0.89,AnimatorRuntimeSystem:0.65,TerrainHeightSyncSystem:0.40,0.00,0,0,0,0,0,0.65,0.89,0.18,10009/0,0.00,0/0,0.40,10009,0.00,0.00/0.00/0.00/0.00,0.00/0.00/0.00,0.00/0.00/0.00/0.00/0.00/0.00,0.00/0.00/0.00/0.00/0.00,0.19,0.03,0.00,0.15,0.18,0.00,0.01,126,2,0,0.07,0.01,4/0,0.00,0,0,0,0,0.05,0.00,0.00,0.00,0,0.00,0.00,0,0,0/0,0.00,0,0,0.00,0,0,0.00,0,0,0.09,0.00,0,2,0,0.09,0.00,0.00,0.00,0.00,0.00,0.31,0.00,0,0.00,0,0,0/0/0,0.09,0.00,126,1,1,0,0,0,2026-09-09T18:30:11.2612420Z
3.57ms,280.2,0,63,30009,"mass_navigation_agent_health_text_light:8568,mass_navigation_agent_health_hud_light:8568,mass_navigation_agent_azure_light:2142,mass_navigation_agent_crimson_light:2142,mass_navigation_agent_amber_light:2142,mass_navigation_agent_emerald_light:2142,mass_navigation_agent_health_text_heavy:1432,mass_navigation_agent_health_hud_heavy:1432",0,0,63,63/6,0.01,0.03,0.00,0.00,0.01,3.14,0.02,0.00,0.00,:0.00,:0.00,:0.00,3.10,PresenterEntityTransformSyncSystem:0.86,AnimatorRuntimeSystem:0.67,TerrainHeightSyncSystem:0.39,0.00,0,0,0,0,0,0.67,0.86,0.21,10009/0,0.00,0/0,0.39,10009,0.00,0.00/0.00/0.00/0.00,0.00/0.00/0.00,0.00/0.00/0.00/0.00/0.00/0.00,0.00/0.00/0.00/0.00/0.00,0.17,0.02,0.00,0.14,0.17,0.00,0.01,126,2,0,0.07,0.01,4/0,0.00,0,0,0,0,0.05,0.00,0.00,0.00,0,0.00,0.00,0,0,0/0,0.00,0,0,0.00,0,0,0.00,0,0,0.09,0.00,0,2,0,0.09,0.00,0.00,0.00,0.00,0.00,0.32,0.00,0,0.00,0,0,0/0/0,0.09,0.00,126,1,1,0,0,0,2026-09-09T18:30:11.5230702Z
15.29ms,65.4,0,63,30009,"mass_navigation_agent_health_text_light:8568,mass_navigation_agent_health_hud_light:8568,mass_navigation_agent_azure_light:2142,mass_navigation_agent_crimson_light:2142,mass_navigation_agent_amber_light:2142,mass_navigation_agent_emerald_light:2142,mass_navigation_agent_health_text_heavy:1432,mass_navigation_agent_health_hud_heavy:1432",0,0,63,63/6,0.01,0.04,0.00,0.00,0.01,14.58,0.04,0.00,10.70,MassNavigationSimulationStepSystem:9.11,AbilityEndOrderSystem:0.29,EffectProcessingLoopSystem:0.26,3.85,PresenterEntityTransformSyncSystem:1.39,AnimatorRuntimeSystem:0.54,TerrainHeightSyncSystem:0.39,0.01,0,0,0,0,0,0.54,1.38,0.25,10009/0,0.00,0/0,0.39,10009,0.00,0.00/0.00/0.00/0.00,0.00/0.00/0.00,0.00/0.00/0.00/0.00/0.00/0.00,0.00/0.00/0.00/0.00/0.00,0.21,0.03,0.00,0.17,0.21,0.00,0.03,126,2,0,0.09,0.01,4/0,0.00,0,0,0,0,0.06,0.00,0.00,0.00,0,0.00,0.00,0,0,0/0,0.00,0,0,0.00,0,0,0.00,0,0,0.20,0.00,0,2,0,0.19,0.00,0.00,0.00,0.00,0.00,0.39,0.00,0,0.00,0,0,0/0/0,0.12,0.00,126,1,1,0,0,0,2026-09-09T18:30:11.8014200Z
3.53ms,283.5,0,63,30009,"mass_navigation_agent_health_text_light:8568,mass_navigation_agent_health_hud_light:8568,mass_navigation_agent_azure_light:2142,mass_navigation_agent_crimson_light:2142,mass_navigation_agent_amber_light:2142,mass_navigation_agent_emerald_light:2142,mass_navigation_agent_health_text_heavy:1432,mass_navigation_agent_health_hud_heavy:1432",0,0,63,63/6,0.01,0.06,0.00,0.00,0.01,3.10,0.02,0.00,0.00,:0.00,:0.00,:0.00,3.06,PresenterEntityTransformSyncSystem:0.78,AnimatorRuntimeSystem:0.62,TerrainHeightSyncSystem:0.38,0.00,0,0,0,0,0,0.62,0.78,0.26,10009/0,0.00,0/0,0.38,10009,0.00,0.00/0.00/0.00/0.00,0.00/0.00/0.00,0.00/0.00/0.00/0.00/0.00/0.00,0.00/0.00/0.00/0.00/0.00,0.17,0.02,0.00,0.14,0.17,0.00,0.01,126,2,0,0.09,0.01,4/0,0.00,0,0,0,0,0.07,0.00,0.00,0.00,0,0.00,0.00,0,0,0/0,0.00,0,0,0.00,0,0,0.00,0,0,0.09,0.00,0,2,0,0.09,0.00,0.00,0.00,0.00,0.00,0.32,0.00,0,0.00,0,0,0/0/0,0.07,0.00,126,1,1,0,0,0,2026-09-09T18:30:12.0792672Z
3.34ms,299.8,0,63,30009,"mass_navigation_agent_health_text_light:8568,mass_navigation_agent_health_hud_light:8568,mass_navigation_agent_azure_light:2142,mass_navigation_agent_crimson_light:2142,mass_navigation_agent_amber_light:2142,mass_navigation_agent_emerald_light:2142,mass_navigation_agent_health_text_heavy:1432,mass_navigation_agent_health_hud_heavy:1432",0,0,63,63/6,0.01,0.03,0.00,0.00,0.02,2.96,0.02,0.00,0.00,:0.00,:0.00,:0.00,2.90,PresenterEntityTransformSyncSystem:0.76,AnimatorRuntimeSystem:0.54,TerrainHeightSyncSystem:0.41,0.00,0,0,0,0,0,0.54,0.76,0.20,10009/0,0.00,0/0,0.41,10009,0.00,0.00/0.00/0.00/0.00,0.00/0.00/0.00,0.00/0.00/0.00/0.00/0.00/0.00,0.00/0.00/0.00/0.00/0.00,0.17,0.03,0.00,0.13,0.17,0.00,0.01,126,2,0,0.07,0.01,4/0,0.00,0,0,0,0,0.05,0.00,0.00,0.00,0,0.00,0.00,0,0,0/0,0.00,0,0,0.00,0,0,0.00,0,0,0.08,0.00,0,2,0,0.08,0.00,0.00,0.00,0.00,0.00,0.33,0.00,0,0.00,0,0,0/0/0,0.07,0.00,126,1,1,0,0,0,2026-09-09T18:30:12.3607050Z
3.53ms,283.5,0,63,30009,"mass_navigation_agent_health_text_light:8568,mass_navigation_agent_health_hud_light:8568,mass_navigation_agent_azure_light:2142,mass_navigation_agent_crimson_light:2142,mass_navigation_agent_amber_light:2142,mass_navigation_agent_emerald_light:2142,mass_navigation_agent_health_text_heavy:1432,mass_navigation_agent_health_hud_heavy:1432",0,0,63,63/6,0.01,0.03,0.00,0.00,0.01,3.12,0.02,0.00,0.00,:0.00,:0.00,:0.00,3.10,PresenterEntityTransformSyncSystem:0.91,AnimatorRuntimeSystem:0.59,TerrainHeightSyncSystem:0.40,0.00,0,0,0,0,0,0.59,0.91,0.22,10009/0,0.00,0/0,0.40,10009,0.00,0.00/0.00/0.00/0.00,0.00/0.00/0.00,0.00/0.00/0.00/0.00/0.00/0.00,0.00/0.00/0.00/0.00/0.00,0.17,0.02,0.00,0.14,0.17,0.00,0.01,126,2,0,0.06,0.01,4/0,0.00,0,0,0,0,0.04,0.00,0.00,0.00,0,0.00,0.00,0,0,0/0,0.00,0,0,0.00,0,0,0.00,0,0,0.09,0.00,0,2,0,0.09,0.00,0.00,0.00,0.00,0.00,0.32,0.00,0,0.00,0,0,0/0/0,0.08,0.00,126,1,1,0,0,0,2026-09-09T18:30:12.6376547Z
3.28ms,304.5,0,63,30009,"mass_navigation_agent_health_text_light:8568,mass_navigation_agent_health_hud_light:8568,mass_navigation_agent_azure_light:2142,mass_navigation_agent_crimson_light:2142,mass_navigation_agent_amber_light:2142,mass_navigation_agent_emerald_light:2142,mass_navigation_agent_health_text_heavy:1432,mass_navigation_agent_health_hud_heavy:1432",0,0,63,63/6,0.01,0.03,0.00,0.00,0.02,2.87,0.02,0.00,0.00,:0.00,:0.00,:0.00,2.82,PresenterEntityTransformSyncSystem:0.74,AnimatorRuntimeSystem:0.52,TerrainHeightSyncSystem:0.39,0.00,0,0,0,0,0,0.52,0.74,0.19,10009/0,0.00,0/0,0.39,10009,0.00,0.00/0.00/0.00/0.00,0.00/0.00/0.00,0.00/0.00/0.00/0.00/0.00/0.00,0.00/0.00/0.00/0.00/0.00,0.15,0.02,0.00,0.12,0.15,0.00,0.02,126,2,0,0.06,0.01,4/0,0.00,0,0,0,0,0.04,0.00,0.00,0.00,0,0.00,0.00,0,0,0/0,0.00,0,0,0.00,0,0,0.00,0,0,0.09,0.00,0,2,0,0.09,0.00,0.00,0.00,0.00,0.00,0.35,0.00,0,0.00,0,0,0/0/0,0.08,0.00,126,1,1,0,0,0,2026-09-09T18:30:12.9087101Z
3.75ms,266.5,0,63,30009,"mass_navigation_agent_health_text_light:8568,mass_navigation_agent_health_hud_light:8568,mass_navigation_agent_azure_light:2142,mass_navigation_agent_crimson_light:2142,mass_navigation_agent_amber_light:2142,mass_navigation_agent_emerald_light:2142,mass_navigation_agent_health_text_heavy:1432,mass_navigation_agent_health_hud_heavy:1432",0,0,63,63/6,0.01,0.04,0.00,0.00,0.01,3.30,0.02,0.00,0.00,:0.00,:0.00,:0.00,3.25,PresenterEntityTransformSyncSystem:0.92,AnimatorRuntimeSystem:0.65,TerrainHeightSyncSystem:0.40,0.00,0,0,0,0,0,0.65,0.92,0.21,10009/0,0.00,0/0,0.39,10009,0.00,0.00/0.00/0.00/0.00,0.00/0.00/0.00,0.00/0.00/0.00/0.00/0.00/0.00,0.00/0.00/0.00/0.00/0.00,0.19,0.03,0.00,0.15,0.18,0.00,0.02,126,2,0,0.07,0.01,4/0,0.00,0,0,0,0,0.05,0.00,0.00,0.00,0,0.00,0.00,0,0,0/0,0.00,0,0,0.00,0,0,0.00,0,0,0.10,0.00,0,2,0,0.10,0.00,0.00,0.00,0.00,0.00,0.35,0.00,0,0.00,0,0,0/0/0,0.09,0.00,126,1,1,0,0,0,2026-09-09T18:30:13.1877715Z
3.39ms,295.0,0,63,30009,"mass_navigation_agent_health_text_light:8568,mass_navigation_agent_health_hud_light:8568,mass_navigation_agent_azure_light:2142,mass_navigation_agent_crimson_light:2142,mass_navigation_agent_amber_light:2142,mass_navigation_agent_emerald_light:2142,mass_navigation_agent_health_text_heavy:1432,mass_navigation_agent_health_hud_heavy:1432",0,0,63,63/6,0.01,0.03,0.00,0.00,0.01,3.04,0.02,0.00,0.00,:0.00,:0.00,:0.00,2.99,PresenterEntityTransformSyncSystem:0.82,AnimatorRuntimeSystem:0.57,TerrainHeightSyncSystem:0.39,0.00,0,0,0,0,0,0.57,0.82,0.18,10009/0,0.00,0/0,0.39,10009,0.00,0.00/0.00/0.00/0.00,0.00/0.00/0.00,0.00/0.00/0.00/0.00/0.00/0.00,0.00/0.00/0.00/0.00/0.00,0.23,0.02,0.00,0.17,0.23,0.00,0.01,126,2,0,0.06,0.01,4/0,0.00,0,0,0,0,0.04,0.00,0.00,0.00,0,0.00,0.00,0,0,0/0,0.00,0,0,0.00,0,0,0.00,0,0,0.08,0.00,0,2,0,0.08,0.00,0.00,0.00,0.00,0.00,0.31,0.00,0,0.00,0,0,0/0/0,0.07,0.00,126,1,1,0,0,0,2026-09-09T18:30:13.4784022Z
3.49ms,286.9,0,63,30009,"mass_navigation_agent_health_text_light:8568,mass_navigation_agent_health_hud_light:8568,mass_navigation_agent_azure_light:2142,mass_navigation_agent_crimson_light:2142,mass_navigation_agent_amber_light:2142,mass_navigation_agent_emerald_light:2142,mass_navigation_agent_health_text_heavy:1432,mass_navigation_agent_health_hud_heavy:1432",0,0,63,63/6,0.01,0.03,0.00,0.00,0.02,3.00,0.02,0.00,0.00,:0.00,:0.00,:0.00,2.94,PresenterEntityTransformSyncSystem:0.83,AnimatorRuntimeSystem:0.60,TerrainHeightSyncSystem:0.37,0.00,0,0,0,0,0,0.60,0.83,0.18,10009/0,0.00,0/0,0.37,10009,0.00,0.00/0.00/0.00/0.00,0.00/0.00/0.00,0.00/0.00/0.00/0.00/0.00/0.00,0.00/0.00/0.00/0.00/0.00,0.16,0.03,0.00,0.13,0.16,0.00,0.02,126,2,0,0.07,0.01,4/0,0.00,0,0,0,0,0.05,0.00,0.00,0.00,0,0.00,0.00,0,0,0/0,0.00,0,0,0.00,0,0,0.00,0,0,0.11,0.00,0,2,0,0.10,0.00,0.00,0.00,0.00,0.00,0.32,0.00,0,0.00,0,0,0/0/0,0.09,0.00,126,1,1,0,0,0,2026-09-09T18:30:13.7599300Z
3.54ms,282.5,0,63,30009,"mass_navigation_agent_health_text_light:8568,mass_navigation_agent_health_hud_light:8568,mass_navigation_agent_azure_light:2142,mass_navigation_agent_crimson_light:2142,mass_navigation_agent_amber_light:2142,mass_navigation_agent_emerald_light:2142,mass_navigation_agent_health_text_heavy:1432,mass_navigation_agent_health_hud_heavy:1432",0,0,63,63/6,0.01,0.03,0.00,0.00,0.01,3.23,0.02,0.00,0.20,EffectProcessingLoopSystem:0.19,:0.00,:0.00,2.99,PresenterEntityTransformSyncSystem:0.77,AnimatorRuntimeSystem:0.65,TerrainHeightSyncSystem:0.38,0.00,0,0,0,0,0,0.65,0.77,0.18,10009/0,0.00,0/0,0.38,10009,0.00,0.00/0.00/0.00/0.00,0.00/0.00/0.00,0.00/0.00/0.00/0.00/0.00/0.00,0.00/0.00/0.00/0.00/0.00,0.18,0.02,0.00,0.15,0.18,0.00,0.01,126,2,0,0.06,0.01,4/0,0.00,0,0,0,0,0.04,0.00,0.00,0.00,0,0.00,0.00,0,0,0/0,0.00,0,0,0.00,0,0,0.00,0,0,0.06,0.00,0,2,0,0.06,0.00,0.00,0.00,0.00,0.00,0.36,0.00,0,0.00,0,0,0/0/0,0.06,0.00,126,1,1,0,0,0,2026-09-09T18:30:14.0460856Z
3.58ms,279.6,0,63,30009,"mass_navigation_agent_health_text_light:8568,mass_navigation_agent_health_hud_light:8568,mass_navigation_agent_azure_light:2142,mass_navigation_agent_crimson_light:2142,mass_navigation_agent_amber_light:2142,mass_navigation_agent_emerald_light:2142,mass_navigation_agent_health_text_heavy:1432,mass_navigation_agent_health_hud_heavy:1432",0,0,63,63/6,0.01,0.03,0.00,0.00,0.01,3.14,0.02,0.00,0.00,:0.00,:0.00,:0.00,3.10,PresenterEntityTransformSyncSystem:0.78,AnimatorRuntimeSystem:0.65,TerrainHeightSyncSystem:0.39,0.00,0,0,0,0,0,0.65,0.78,0.25,10009/0,0.00,0/0,0.39,10009,0.00,0.00/0.00/0.00/0.00,0.00/0.00/0.00,0.00/0.00/0.00/0.00/0.00/0.00,0.00/0.00/0.00/0.00/0.00,0.17,0.02,0.00,0.14,0.17,0.00,0.01,126,2,0,0.07,0.01,4/0,0.00,0,0,0,0,0.05,0.00,0.00,0.00,0,0.00,0.00,0,0,0/0,0.00,0,0,0.00,0,0,0.00,0,0,0.10,0.00,0,2,0,0.10,0.00,0.00,0.00,0.00,0.00,0.33,0.00,0,0.00,0,0,0/0/0,0.09,0.00,126,1,1,0,0,0,2026-09-09T18:30:14.3208774Z
3.38ms,295.4,0,63,30009,"mass_navigation_agent_health_text_light:8568,mass_navigation_agent_health_hud_light:8568,mass_navigation_agent_azure_light:2142,mass_navigation_agent_crimson_light:2142,mass_navigation_agent_amber_light:2142,mass_navigation_agent_emerald_light:2142,mass_navigation_agent_health_text_heavy:1432,mass_navigation_agent_health_hud_heavy:1432",0,0,63,63/6,0.01,0.03,0.00,0.00,0.01,3.06,0.02,0.00,0.00,:0.00,:0.00,:0.00,3.03,PresenterEntityTransformSyncSystem:0.87,AnimatorRuntimeSystem:0.63,TerrainHeightSyncSystem:0.41,0.00,0,0,0,0,0,0.63,0.87,0.22,10009/0,0.00,0/0,0.41,10009,0.00,0.00/0.00/0.00/0.00,0.00/0.00/0.00,0.00/0.00/0.00/0.00/0.00/0.00,0.00/0.00/0.00/0.00/0.00,0.15,0.02,0.00,0.13,0.15,0.00,0.01,126,2,0,0.06,0.01,4/0,0.00,0,0,0,0,0.04,0.00,0.00,0.00,0,0.00,0.00,0,0,0/0,0.00,0,0,0.00,0,0,0.00,0,0,0.07,0.00,0,2,0,0.06,0.00,0.00,0.00,0.00,0.00,0.30,0.00,0,0.00,0,0,0/0/0,0.06,0.00,126,1,1,0,0,0,2026-09-09T18:30:14.5820817Z
3.51ms,285.0,0,63,30009,"mass_navigation_agent_health_text_light:8568,mass_navigation_agent_health_hud_light:8568,mass_navigation_agent_azure_light:2142,mass_navigation_agent_crimson_light:2142,mass_navigation_agent_amber_light:2142,mass_navigation_agent_emerald_light:2142,mass_navigation_agent_health_text_heavy:1432,mass_navigation_agent_health_hud_heavy:1432",0,0,63,63/6,0.01,0.04,0.00,0.00,0.01,3.05,0.02,0.00,0.00,:0.00,:0.00,:0.00,3.01,PresenterEntityTransformSyncSystem:0.79,AnimatorRuntimeSystem:0.57,TerrainHeightSyncSystem:0.40,0.00,0,0,0,0,0,0.57,0.79,0.21,10009/0,0.00,0/0,0.40,10009,0.00,0.00/0.00/0.00/0.00,0.00/0.00/0.00,0.00/0.00/0.00/0.00/0.00/0.00,0.00/0.00/0.00/0.00/0.00,0.16,0.02,0.00,0.13,0.16,0.00,0.02,126,2,0,0.07,0.01,4/0,0.00,0,0,0,0,0.05,0.00,0.00,0.00,0,0.00,0.00,0,0,0/0,0.00,0,0,0.00,0,0,0.00,0,0,0.11,0.00,0,2,0,0.10,0.00,0.00,0.00,0.00,0.00,0.36,0.00,0,0.00,0,0,0/0/0,0.10,0.00,126,1,1,0,0,0,2026-09-09T18:30:14.8608582Z
3.81ms,262.5,0,63,30009,"mass_navigation_agent_health_text_light:8568,mass_navigation_agent_health_hud_light:8568,mass_navigation_agent_azure_light:2142,mass_navigation_agent_crimson_light:2142,mass_navigation_agent_amber_light:2142,mass_navigation_agent_emerald_light:2142,mass_navigation_agent_health_text_heavy:1432,mass_navigation_agent_health_hud_heavy:1432",0,0,63,63/6,0.01,0.05,0.00,0.00,0.01,3.29,0.03,0.00,0.00,:0.00,:0.00,:0.00,3.25,PresenterEntityTransformSyncSystem:0.83,AnimatorRuntimeSystem:0.63,PresenterEmitSystem:0.44,0.00,0,0,0,0,0,0.63,0.83,0.23,10009/0,0.00,0/0,0.41,10009,0.00,0.00/0.00/0.00/0.00,0.00/0.00/0.00,0.00/0.00/0.00/0.00/0.00/0.00,0.00/0.00/0.00/0.00/0.00,0.24,0.02,0.00,0.21,0.24,0.00,0.02,126,2,0,0.09,0.01,4/0,0.00,0,0,0,0,0.07,0.00,0.00,0.00,0,0.00,0.00,0,0,0/0,0.00,0,0,0.00,0,0,0.00,0,0,0.11,0.00,0,2,0,0.11,0.00,0.00,0.00,0.00,0.00,0.44,0.00,0,0.00,0,0,0/0/0,0.11,0.00,126,1,1,0,0,0,2026-09-09T18:30:15.1312088Z
3.77ms,265.5,0,63,30009,"mass_navigation_agent_health_text_light:8568,mass_navigation_agent_health_hud_light:8568,mass_navigation_agent_azure_light:2142,mass_navigation_agent_crimson_light:2142,mass_navigation_agent_amber_light:2142,mass_navigation_agent_emerald_light:2142,mass_navigation_agent_health_text_heavy:1432,mass_navigation_agent_health_hud_heavy:1432",0,0,63,63/6,0.01,0.03,0.00,0.00,0.01,3.31,0.03,0.00,0.18,EffectProcessingLoopSystem:0.18,:0.00,:0.00,3.07,PresenterEntityTransformSyncSystem:0.81,AnimatorRuntimeSystem:0.59,TerrainHeightSyncSystem:0.35,0.00,0,0,0,0,0,0.59,0.80,0.21,10009/0,0.00,0/0,0.35,10009,0.00,0.00/0.00/0.00/0.00,0.00/0.00/0.00,0.00/0.00/0.00/0.00/0.00/0.00,0.00/0.00/0.00/0.00/0.00,0.28,0.03,0.00,0.25,0.28,0.00,0.02,126,2,0,0.07,0.01,4/0,0.00,0,0,0,0,0.05,0.00,0.00,0.00,0,0.00,0.00,0,0,0/0,0.00,0,0,0.00,0,0,0.00,0,0,0.11,0.00,0,2,0,0.11,0.00,0.00,0.00,0.00,0.00,0.34,0.00,0,0.00,0,0,0/0/0,0.09,0.00,126,1,1,0,0,0,2026-09-09T18:30:15.4075282Z
3.47ms,287.9,0,63,30009,"mass_navigation_agent_health_text_light:8568,mass_navigation_agent_health_hud_light:8568,mass_navigation_agent_azure_light:2142,mass_navigation_agent_crimson_light:2142,mass_navigation_agent_amber_light:2142,mass_navigation_agent_emerald_light:2142,mass_navigation_agent_health_text_heavy:1432,mass_navigation_agent_health_hud_heavy:1432",0,0,63,63/6,0.01,0.03,0.00,0.00,0.01,3.04,0.02,0.00,0.00,:0.00,:0.00,:0.00,3.01,PresenterEntityTransformSyncSystem:0.83,AnimatorRuntimeSystem:0.59,TerrainHeightSyncSystem:0.42,0.00,0,0,0,0,0,0.59,0.83,0.19,10009/0,0.00,0/0,0.42,10009,0.00,0.00/0.00/0.00/0.00,0.00/0.00/0.00,0.00/0.00/0.00/0.00/0.00/0.00,0.00/0.00/0.00/0.00/0.00,0.17,0.02,0.00,0.13,0.16,0.00,0.01,126,2,0,0.07,0.01,4/0,0.00,0,0,0,0,0.05,0.00,0.00,0.01,0,0.00,0.00,0,0,0/0,0.00,0,0,0.00,0,0,0.00,0,0,0.09,0.00,0,2,0,0.09,0.00,0.00,0.00,0.00,0.00,0.32,0.00,0,0.00,0,0,0/0/0,0.09,0.00,126,1,1,0,0,0,2026-09-09T18:30:15.6789546Z
14.48ms,69.1,0,63,30009,"mass_navigation_agent_health_text_light:8568,mass_navigation_agent_health_hud_light:8568,mass_navigation_agent_azure_light:2142,mass_navigation_agent_crimson_light:2142,mass_navigation_agent_amber_light:2142,mass_navigation_agent_emerald_light:2142,mass_navigation_agent_health_text_heavy:1432,mass_navigation_agent_health_hud_heavy:1432",0,0,63,63/6,0.01,0.04,0.00,0.00,0.01,13.91,0.03,0.00,10.43,MassNavigationSimulationStepSystem:9.03,EffectProcessingLoopSystem:0.26,AbilityEndOrderSystem:0.22,3.46,PresenterEntityTransformSyncSystem:1.10,AnimatorRuntimeSystem:0.54,TerrainHeightSyncSystem:0.38,0.00,0,0,0,0,0,0.54,1.10,0.19,10009/0,0.00,0/0,0.38,10009,0.00,0.00/0.00/0.00/0.00,0.00/0.00/0.00,0.00/0.00/0.00/0.00/0.00/0.00,0.00/0.00/0.00/0.00/0.00,0.27,0.03,0.00,0.23,0.27,0.00,0.02,126,2,0,0.08,0.01,4/0,0.00,0,0,0,0,0.06,0.00,0.00,0.01,0,0.00,0.00,0,0,0/0,0.00,0,0,0.00,0,0,0.00,0,0,0.14,0.00,0,2,0,0.14,0.00,0.00,0.00,0.00,0.00,0.35,0.00,0,0.00,0,0,0/0/0,0.10,0.00,126,1,1,0,0,0,2026-09-09T18:30:15.9518213Z
3.30ms,303.3,0,63,30009,"mass_navigation_agent_health_text_light:8568,mass_navigation_agent_health_hud_light:8568,mass_navigation_agent_azure_light:2142,mass_navigation_agent_crimson_light:2142,mass_navigation_agent_amber_light:2142,mass_navigation_agent_emerald_light:2142,mass_navigation_agent_health_text_heavy:1432,mass_navigation_agent_health_hud_heavy:1432",0,0,63,63/6,0.01,0.03,0.00,0.00,0.01,2.89,0.02,0.00,0.00,:0.00,:0.00,:0.00,2.85,PresenterEntityTransformSyncSystem:0.78,AnimatorRuntimeSystem:0.58,TerrainHeightSyncSystem:0.38,0.00,0,0,0,0,0,0.58,0.78,0.19,10009/0,0.00,0/0,0.38,10009,0.00,0.00/0.00/0.00/0.00,0.00/0.00/0.00,0.00/0.00/0.00/0.00/0.00/0.00,0.00/0.00/0.00/0.00/0.00,0.16,0.02,0.00,0.13,0.16,0.00,0.01,126,2,0,0.06,0.01,4/0,0.00,0,0,0,0,0.05,0.00,0.00,0.00,0,0.00,0.00,0,0,0/0,0.00,0,0,0.00,0,0,0.00,0,0,0.09,0.00,0,2,0,0.08,0.00,0.00,0.00,0.00,0.00,0.31,0.00,0,0.00,0,0,0/0/0,0.09,0.00,126,1,1,0,0,0,2026-09-09T18:30:16.2245226Z
3.46ms,289.2,0,63,30009,"mass_navigation_agent_health_text_light:8568,mass_navigation_agent_health_hud_light:8568,mass_navigation_agent_azure_light:2142,mass_navigation_agent_crimson_light:2142,mass_navigation_agent_amber_light:2142,mass_navigation_agent_emerald_light:2142,mass_navigation_agent_health_text_heavy:1432,mass_navigation_agent_health_hud_heavy:1432",0,0,63,63/6,0.01,0.03,0.00,0.00,0.01,3.08,0.02,0.00,0.00,:0.00,:0.00,:0.00,3.06,PresenterEntityTransformSyncSystem:0.89,AnimatorRuntimeSystem:0.64,TerrainHeightSyncSystem:0.37,0.00,0,0,0,0,0,0.64,0.89,0.20,10009/0,0.00,0/0,0.37,10009,0.00,0.00/0.00/0.00/0.00,0.00/0.00/0.00,0.00/0.00/0.00/0.00/0.00/0.00,0.00/0.00/0.00/0.00/0.00,0.15,0.02,0.00,0.13,0.15,0.00,0.01,126,2,0,0.06,0.01,4/0,0.00,0,0,0,0,0.04,0.00,0.00,0.00,0,0.00,0.00,0,0,0/0,0.00,0,0,0.00,0,0,0.00,0,0,0.08,0.00,0,2,0,0.08,0.00,0.00,0.00,0.00,0.00,0.32,0.00,0,0.00,0,0,0/0/0,0.08,0.00,126,1,1,0,0,0,2026-09-09T18:30:16.4876923Z
3.32ms,301.6,0,63,30009,"mass_navigation_agent_health_text_light:8568,mass_navigation_agent_health_hud_light:8568,mass_navigation_agent_azure_light:2142,mass_navigation_agent_crimson_light:2142,mass_navigation_agent_amber_light:2142,mass_navigation_agent_emerald_light:2142,mass_navigation_agent_health_text_heavy:1432,mass_navigation_agent_health_hud_heavy:1432",0,0,63,63/6,0.01,0.03,0.00,0.00,0.02,2.89,0.03,0.00,0.00,:0.00,:0.00,:0.00,2.83,PresenterEntityTransformSyncSystem:0.79,AnimatorRuntimeSystem:0.50,TerrainHeightSyncSystem:0.37,0.00,0,0,0,0,0,0.50,0.79,0.17,10009/0,0.00,0/0,0.37,10009,0.00,0.00/0.00/0.00/0.00,0.00/0.00/0.00,0.00/0.00/0.00/0.00/0.00/0.00,0.00/0.00/0.00/0.00/0.00,0.17,0.03,0.00,0.14,0.17,0.00,0.02,126,2,0,0.06,0.01,4/0,0.00,0,0,0,0,0.04,0.00,0.00,0.00,0,0.00,0.00,0,0,0/0,0.00,0,0,0.00,0,0,0.00,0,0,0.10,0.00,0,2,0,0.10,0.00,0.00,0.00,0.00,0.00,0.32,0.00,0,0.00,0,0,0/0/0,0.08,0.00,126,1,1,0,0,0,2026-09-09T18:30:16.7606406Z
5.16ms,193.8,0,63,30009,"mass_navigation_agent_health_text_light:8568,mass_navigation_agent_health_hud_light:8568,mass_navigation_agent_azure_light:2142,mass_navigation_agent_crimson_light:2142,mass_navigation_agent_amber_light:2142,mass_navigation_agent_emerald_light:2142,mass_navigation_agent_health_text_heavy:1432,mass_navigation_agent_health_hud_heavy:1432",0,0,63,63/6,0.01,0.03,0.00,0.00,0.01,4.70,0.02,0.00,1.33,EffectProcessingLoopSystem:0.28,OrderBufferSystem:0.22,SpatialPartitionUpdateSystem:0.17,3.32,PresenterEntityTransformSyncSystem:0.95,AnimatorRuntimeSystem:0.60,TerrainHeightSyncSystem:0.40,0.00,0,0,0,0,0,0.60,0.95,0.24,10009/0,0.00,0/0,0.40,10009,0.00,0.00/0.00/0.00/0.00,0.00/0.00/0.00,0.00/0.00/0.00/0.00/0.00/0.00,0.00/0.00/0.00/0.00/0.00,0.20,0.03,0.00,0.16,0.20,0.00,0.01,126,2,0,0.07,0.01,4/0,0.00,0,0,0,0,0.05,0.00,0.00,0.00,0,0.00,0.00,0,0,0/0,0.00,0,0,0.00,0,0,0.00,0,0,0.11,0.00,0,2,0,0.11,0.00,0.00,0.00,0.00,0.00,0.32,0.00,0,0.00,0,0,0/0/0,0.10,0.00,126,1,1,0,0,0,2026-09-09T18:30:17.0440588Z
3.74ms,267.2,0,63,30009,"mass_navigation_agent_health_text_light:8568,mass_navigation_agent_health_hud_light:8568,mass_navigation_agent_azure_light:2142,mass_navigation_agent_crimson_light:2142,mass_navigation_agent_amber_light:2142,mass_navigation_agent_emerald_light:2142,mass_navigation_agent_health_text_heavy:1432,mass_navigation_agent_health_hud_heavy:1432",0,0,63,63/6,0.01,0.03,0.00,0.00,0.01,3.25,0.04,0.00,0.00,:0.00,:0.00,:0.00,3.21,PresenterEntityTransformSyncSystem:0.86,AnimatorRuntimeSystem:0.61,PresenterEmitSystem:0.41,0.00,0,0,0,0,0,0.61,0.85,0.25,10009/0,0.00,0/0,0.40,10009,0.00,0.00/0.00/0.00/0.00,0.00/0.00/0.00,0.00/0.00/0.00/0.00/0.00/0.00,0.00/0.00/0.00/0.00/0.00,0.17,0.02,0.00,0.14,0.17,0.00,0.03,126,2,0,0.07,0.01,4/0,0.00,0,0,0,0,0.05,0.00,0.00,0.00,0,0.00,0.00,0,0,0/0,0.00,0,0,0.00,0,0,0.00,0,0,0.10,0.00,0,2,0,0.10,0.00,0.00,0.00,0.00,0.00,0.41,0.00,0,0.00,0,0,0/0/0,0.12,0.00,126,1,1,0,0,0,2026-09-09T18:30:17.3170941Z
3.64ms,274.6,0,63,30009,"mass_navigation_agent_health_text_light:8568,mass_navigation_agent_health_hud_light:8568,mass_navigation_agent_azure_light:2142,mass_navigation_agent_crimson_light:2142,mass_navigation_agent_amber_light:2142,mass_navigation_agent_emerald_light:2142,mass_navigation_agent_health_text_heavy:1432,mass_navigation_agent_health_hud_heavy:1432",0,0,63,63/6,0.01,0.03,0.00,0.00,0.01,3.24,0.02,0.00,0.00,:0.00,:0.00,:0.00,3.20,PresenterEntityTransformSyncSystem:0.78,AnimatorRuntimeSystem:0.65,TerrainHeightSyncSystem:0.44,0.00,0,0,0,0,0,0.65,0.78,0.25,10009/0,0.00,0/0,0.44,10009,0.00,0.00/0.00/0.00/0.00,0.00/0.00/0.00,0.00/0.00/0.00/0.00/0.00/0.00,0.00/0.00/0.00/0.00/0.00,0.17,0.03,0.00,0.14,0.17,0.00,0.01,126,2,0,0.06,0.01,4/0,0.00,0,0,0,0,0.05,0.00,0.00,0.00,0,0.00,0.00,0,0,0/0,0.00,0,0,0.00,0,0,0.00,0,0,0.09,0.00,0,2,0,0.09,0.00,0.00,0.00,0.00,0.00,0.37,0.00,0,0.00,0,0,0/0/0,0.08,0.00,126,1,1,0,0,0,2026-09-09T18:30:17.5840095Z
3.60ms,277.5,0,63,30009,"mass_navigation_agent_health_text_light:8568,mass_navigation_agent_health_hud_light:8568,mass_navigation_agent_azure_light:2142,mass_navigation_agent_crimson_light:2142,mass_navigation_agent_amber_light:2142,mass_navigation_agent_emerald_light:2142,mass_navigation_agent_health_text_heavy:1432,mass_navigation_agent_health_hud_heavy:1432",0,0,63,63/6,0.01,0.03,0.00,0.00,0.01,3.18,0.02,0.00,0.00,:0.00,:0.00,:0.00,3.14,PresenterEntityTransformSyncSystem:0.81,AnimatorRuntimeSystem:0.64,TerrainHeightSyncSystem:0.43,0.00,0,0,0,0,0,0.64,0.81,0.20,10009/0,0.00,0/0,0.43,10009,0.00,0.00/0.00/0.00/0.00,0.00/0.00/0.00,0.00/0.00/0.00/0.00/0.00/0.00,0.00/0.00/0.00/0.00/0.00,0.18,0.02,0.00,0.15,0.17,0.00,0.01,126,2,0,0.07,0.01,4/0,0.00,0,0,0,0,0.05,0.00,0.00,0.00,0,0.00,0.00,0,0,0/0,0.00,0,0,0.00,0,0,0.00,0,0,0.09,0.00,0,2,0,0.09,0.00,0.00,0.00,0.00,0.00,0.34,0.00,0,0.00,0,0,0/0/0,0.09,0.00,126,1,1,0,0,0,2026-09-09T18:30:17.8655564Z
3.37ms,297.1,0,63,30009,"mass_navigation_agent_health_text_light:8568,mass_navigation_agent_health_hud_light:8568,mass_navigation_agent_azure_light:2142,mass_navigation_agent_crimson_light:2142,mass_navigation_agent_amber_light:2142,mass_navigation_agent_emerald_light:2142,mass_navigation_agent_health_text_heavy:1432,mass_navigation_agent_health_hud_heavy:1432",0,0,63,63/6,0.01,0.03,0.00,0.00,0.01,3.00,0.02,0.00,0.00,:0.00,:0.00,:0.00,2.96,PresenterEntityTransformSyncSystem:0.79,AnimatorRuntimeSystem:0.56,TerrainHeightSyncSystem:0.40,0.00,0,0,0,0,0,0.56,0.79,0.18,10009/0,0.00,0/0,0.40,10009,0.00,0.00/0.00/0.00/0.00,0.00/0.00/0.00,0.00/0.00/0.00/0.00/0.00/0.00,0.00/0.00/0.00/0.00/0.00,0.21,0.03,0.00,0.18,0.21,0.00,0.01,126,2,0,0.06,0.01,4/0,0.00,0,0,0,0,0.04,0.00,0.00,0.00,0,0.00,0.00,0,0,0/0,0.00,0,0,0.00,0,0,0.00,0,0,0.07,0.00,0,2,0,0.07,0.00,0.00,0.00,0.00,0.00,0.36,0.00,0,0.00,0,0,0/0/0,0.08,0.00,126,1,1,0,0,0,2026-09-09T18:30:18.1338725Z
6.25ms,159.9,0,63,30009,"mass_navigation_agent_health_text_light:8568,mass_navigation_agent_health_hud_light:8568,mass_navigation_agent_azure_light:2142,mass_navigation_agent_crimson_light:2142,mass_navigation_agent_amber_light:2142,mass_navigation_agent_emerald_light:2142,mass_navigation_agent_health_text_heavy:1432,mass_navigation_agent_health_hud_heavy:1432",0,0,63,63/6,0.01,0.03,0.00,0.00,0.01,5.74,0.03,0.00,2.05,EffectProcessingLoopSystem:2.04,:0.00,:0.00,3.65,PresenterEntityTransformSyncSystem:1.21,AnimatorRuntimeSystem:0.58,TerrainHeightSyncSystem:0.40,0.00,0,0,0,0,0,0.58,1.21,0.21,10009/0,0.00,0/0,0.40,10009,0.00,0.00/0.00/0.00/0.00,0.00/0.00/0.00,0.00/0.00/0.00/0.00/0.00/0.00,0.00/0.00/0.00/0.00/0.00,0.20,0.03,0.00,0.16,0.20,0.00,0.02,126,2,0,0.07,0.01,4/0,0.00,0,0,0,0,0.04,0.00,0.00,0.00,0,0.00,0.00,0,0,0/0,0.00,0,0,0.00,0,0,0.00,0,0,0.13,0.00,0,2,0,0.13,0.00,0.00,0.00,0.00,0.00,0.40,0.00,0,0.00,0,0,0/0/0,0.10,0.00,126,1,1,0,0,0,2026-09-09T18:30:18.4114438Z
3.60ms,278.0,0,63,30009,"mass_navigation_agent_health_text_light:8568,mass_navigation_agent_health_hud_light:8568,mass_navigation_agent_azure_light:2142,mass_navigation_agent_crimson_light:2142,mass_navigation_agent_amber_light:2142,mass_navigation_agent_emerald_light:2142,mass_navigation_agent_health_text_heavy:1432,mass_navigation_agent_health_hud_heavy:1432",0,0,63,63/6,0.01,0.03,0.00,0.00,0.01,3.16,0.02,0.00,0.00,:0.00,:0.00,:0.00,3.13,PresenterEntityTransformSyncSystem:0.85,AnimatorRuntimeSystem:0.65,TerrainHeightSyncSystem:0.43,0.00,0,0,0,0,0,0.65,0.85,0.19,10009/0,0.00,0/0,0.43,10009,0.00,0.00/0.00/0.00/0.00,0.00/0.00/0.00,0.00/0.00/0.00/0.00/0.00/0.00,0.00/0.00/0.00/0.00/0.00,0.17,0.02,0.00,0.15,0.17,0.00,0.01,126,2,0,0.07,0.01,4/0,0.00,0,0,0,0,0.05,0.00,0.00,0.00,0,0.00,0.00,0,0,0/0,0.00,0,0,0.00,0,0,0.00,0,0,0.10,0.00,0,2,0,0.10,0.00,0.00,0.00,0.00,0.00,0.33,0.00,0,0.00,0,0,0/0/0,0.09,0.00,126,1,1,0,0,0,2026-09-09T18:30:18.6778333Z
3.82ms,261.5,0,63,30009,"mass_navigation_agent_health_text_light:8568,mass_navigation_agent_health_hud_light:8568,mass_navigation_agent_azure_light:2142,mass_navigation_agent_crimson_light:2142,mass_navigation_agent_amber_light:2142,mass_navigation_agent_emerald_light:2142,mass_navigation_agent_health_text_heavy:1432,mass_navigation_agent_health_hud_heavy:1432",0,0,63,63/6,0.01,0.03,0.00,0.00,0.02,3.35,0.03,0.00,0.23,EffectProcessingLoopSystem:0.23,:0.00,:0.00,3.04,PresenterEntityTransformSyncSystem:0.89,AnimatorRuntimeSystem:0.56,TerrainHeightSyncSystem:0.36,0.00,0,0,0,0,0,0.56,0.89,0.19,10009/0,0.00,0/0,0.36,10009,0.00,0.00/0.00/0.00/0.00,0.00/0.00/0.00,0.00/0.00/0.00/0.00/0.00/0.00,0.00/0.00/0.00/0.00/0.00,0.17,0.03,0.00,0.13,0.16,0.00,0.02,126,2,0,0.07,0.01,4/0,0.00,0,0,0,0,0.05,0.00,0.00,0.00,0,0.00,0.00,0,0,0/0,0.00,0,0,0.00,0,0,0.00,0,0,0.11,0.00,0,2,0,0.11,0.00,0.00,0.00,0.00,0.00,0.35,0.00,0,0.00,0,0,0/0/0,0.09,0.00,126,1,1,0,0,0,2026-09-09T18:30:18.9555800Z
3.37ms,296.9,0,63,30009,"mass_navigation_agent_health_text_light:8568,mass_navigation_agent_health_hud_light:8568,mass_navigation_agent_azure_light:2142,mass_navigation_agent_crimson_light:2142,mass_navigation_agent_amber_light:2142,mass_navigation_agent_emerald_light:2142,mass_navigation_agent_health_text_heavy:1432,mass_navigation_agent_health_hud_heavy:1432",0,0,63,63/6,0.01,0.03,0.00,0.00,0.01,3.02,0.02,0.00,0.00,:0.00,:0.00,:0.00,2.97,PresenterEntityTransformSyncSystem:0.78,AnimatorRuntimeSystem:0.59,TerrainHeightSyncSystem:0.41,0.00,0,0,0,0,0,0.59,0.78,0.20,10009/0,0.00,0/0,0.41,10009,0.00,0.00/0.00/0.00/0.00,0.00/0.00/0.00,0.00/0.00/0.00/0.00/0.00/0.00,0.00/0.00/0.00/0.00/0.00,0.18,0.02,0.00,0.15,0.18,0.00,0.01,126,2,0,0.06,0.01,4/0,0.00,0,0,0,0,0.04,0.00,0.00,0.00,0,0.00,0.00,0,0,0/0,0.00,0,0,0.00,0,0,0.00,0,0,0.07,0.00,0,2,0,0.07,0.00,0.00,0.00,0.00,0.00,0.33,0.00,0,0.00,0,0,0/0/0,0.07,0.00,126,1,1,0,0,0,2026-09-09T18:30:19.2390013Z
3.90ms,256.7,0,63,30009,"mass_navigation_agent_health_text_light:8568,mass_navigation_agent_health_hud_light:8568,mass_navigation_agent_azure_light:2142,mass_navigation_agent_crimson_light:2142,mass_navigation_agent_amber_light:2142,mass_navigation_agent_emerald_light:2142,mass_navigation_agent_health_text_heavy:1432,mass_navigation_agent_health_hud_heavy:1432",0,0,63,63/6,0.01,0.04,0.00,0.00,0.02,3.37,0.03,0.00,0.00,:0.00,:0.00,:0.00,3.30,PresenterEntityTransformSyncSystem:1.00,AnimatorRuntimeSystem:0.66,PresenterEmitSystem:0.39,0.00,0,0,0,0,0,0.66,1.00,0.21,10009/0,0.00,0/0,0.35,10009,0.00,0.00/0.00/0.00/0.00,0.00/0.00/0.00,0.00/0.00/0.00/0.00/0.00/0.00,0.00/0.00/0.00/0.00/0.00,0.18,0.03,0.00,0.14,0.18,0.00,0.02,126,2,0,0.07,0.01,4/0,0.00,0,0,0,0,0.05,0.00,0.00,0.00,0,0.00,0.00,0,0,0/0,0.00,0,0,0.00,0,0,0.00,0,0,0.13,0.00,0,2,0,0.13,0.00,0.00,0.00,0.00,0.00,0.39,0.00,0,0.00,0,0,0/0/0,0.10,0.00,126,1,1,0,0,0,2026-09-09T18:30:19.5126504Z
3.58ms,279.4,0,63,30009,"mass_navigation_agent_health_text_light:8568,mass_navigation_agent_health_hud_light:8568,mass_navigation_agent_azure_light:2142,mass_navigation_agent_crimson_light:2142,mass_navigation_agent_amber_light:2142,mass_navigation_agent_emerald_light:2142,mass_navigation_agent_health_text_heavy:1432,mass_navigation_agent_health_hud_heavy:1432",0,0,63,63/6,0.01,0.03,0.00,0.00,0.01,3.15,0.02,0.00,0.00,:0.00,:0.00,:0.00,3.12,PresenterEntityTransformSyncSystem:0.96,AnimatorRuntimeSystem:0.64,TerrainHeightSyncSystem:0.37,0.00,0,0,0,0,0,0.64,0.96,0.20,10009/0,0.00,0/0,0.37,10009,0.00,0.00/0.00/0.00/0.00,0.00/0.00/0.00,0.00/0.00/0.00/0.00/0.00/0.00,0.00/0.00/0.00/0.00/0.00,0.16,0.02,0.00,0.13,0.16,0.00,0.02,126,2,0,0.07,0.01,4/0,0.00,0,0,0,0,0.05,0.00,0.00,0.00,0,0.00,0.00,0,0,0/0,0.00,0,0,0.00,0,0,0.00,0,0,0.09,0.00,0,2,0,0.09,0.00,0.00,0.00,0.00,0.00,0.32,0.00,0,0.00,0,0,0/0/0,0.09,0.00,126,1,1,0,0,0,2026-09-09T18:30:19.7736698Z
3.35ms,298.4,0,63,30009,"mass_navigation_agent_health_text_light:8568,mass_navigation_agent_health_hud_light:8568,mass_navigation_agent_azure_light:2142,mass_navigation_agent_crimson_light:2142,mass_navigation_agent_amber_light:2142,mass_navigation_agent_emerald_light:2142,mass_navigation_agent_health_text_heavy:1432,mass_navigation_agent_health_hud_heavy:1432",0,0,63,63/6,0.01,0.03,0.00,0.00,0.02,2.95,0.02,0.00,0.00,:0.00,:0.00,:0.00,2.89,PresenterEntityTransformSyncSystem:0.75,AnimatorRuntimeSystem:0.55,PresenterEmitSystem:0.36,0.00,0,0,0,0,0,0.55,0.75,0.23,10009/0,0.00,0/0,0.35,10009,0.00,0.00/0.00/0.00/0.00,0.00/0.00/0.00,0.00/0.00/0.00/0.00/0.00/0.00,0.00/0.00/0.00/0.00/0.00,0.16,0.03,0.00,0.13,0.16,0.00,0.01,126,2,0,0.07,0.01,4/0,0.00,0,0,0,0,0.05,0.00,0.00,0.00,0,0.00,0.00,0,0,0/0,0.00,0,0,0.00,0,0,0.00,0,0,0.08,0.00,0,2,0,0.08,0.00,0.00,0.00,0.00,0.00,0.36,0.00,0,0.00,0,0,0/0/0,0.08,0.00,126,1,1,0,0,0,2026-09-09T18:30:20.0586907Z
3.55ms,281.9,0,63,30009,"mass_navigation_agent_health_text_light:8568,mass_navigation_agent_health_hud_light:8568,mass_navigation_agent_azure_light:2142,mass_navigation_agent_crimson_light:2142,mass_navigation_agent_amber_light:2142,mass_navigation_agent_emerald_light:2142,mass_navigation_agent_health_text_heavy:1432,mass_navigation_agent_health_hud_heavy:1432",0,0,63,63/6,0.01,0.03,0.00,0.00,0.01,3.14,0.02,0.00,0.00,:0.00,:0.00,:0.00,3.09,PresenterEntityTransformSyncSystem:0.79,AnimatorRuntimeSystem:0.63,TerrainHeightSyncSystem:0.43,0.00,0,0,0,0,0,0.63,0.79,0.20,10009/0,0.00,0/0,0.43,10009,0.00,0.00/0.00/0.00/0.00,0.00/0.00/0.00,0.00/0.00/0.00/0.00/0.00/0.00,0.00/0.00/0.00/0.00/0.00,0.20,0.03,0.00,0.17,0.20,0.00,0.01,126,2,0,0.06,0.01,4/0,0.00,0,0,0,0,0.05,0.00,0.00,0.00,0,0.00,0.00,0,0,0/0,0.00,0,0,0.00,0,0,0.00,0,0,0.09,0.00,0,2,0,0.09,0.00,0.00,0.00,0.00,0.00,0.32,0.00,0,0.00,0,0,0/0/0,0.08,0.00,126,1,1,0,0,0,2026-09-09T18:30:20.3250086Z
3.76ms,265.9,0,63,30009,"mass_navigation_agent_health_text_light:8568,mass_navigation_agent_health_hud_light:8568,mass_navigation_agent_azure_light:2142,mass_navigation_agent_crimson_light:2142,mass_navigation_agent_amber_light:2142,mass_navigation_agent_emerald_light:2142,mass_navigation_agent_health_text_heavy:1432,mass_navigation_agent_health_hud_heavy:1432",0,0,63,63/6,0.01,0.03,0.00,0.00,0.02,3.31,0.02,0.00,0.19,EffectProcessingLoopSystem:0.19,:0.00,:0.00,3.06,PresenterEntityTransformSyncSystem:0.92,AnimatorRuntimeSystem:0.56,TerrainHeightSyncSystem:0.37,0.00,0,0,0,0,0,0.56,0.92,0.19,10009/0,0.00,0/0,0.37,10009,0.00,0.00/0.00/0.00/0.00,0.00/0.00/0.00,0.00/0.00/0.00/0.00/0.00/0.00,0.00/0.00/0.00/0.00/0.00,0.17,0.03,0.00,0.14,0.17,0.00,0.02,126,2,0,0.07,0.01,4/0,0.00,0,0,0,0,0.05,0.00,0.00,0.00,0,0.00,0.00,0,0,0/0,0.00,0,0,0.00,0,0,0.00,0,0,0.10,0.00,0,2,0,0.10,0.00,0.00,0.00,0.00,0.00,0.35,0.00,0,0.00,0,0,0/0/0,0.09,0.00,126,1,1,0,0,0,2026-09-09T18:30:20.6049940Z
3.60ms,277.8,0,63,30009,"mass_navigation_agent_health_text_light:8568,mass_navigation_agent_health_hud_light:8568,mass_navigation_agent_azure_light:2142,mass_navigation_agent_crimson_light:2142,mass_navigation_agent_amber_light:2142,mass_navigation_agent_emerald_light:2142,mass_navigation_agent_health_text_heavy:1432,mass_navigation_agent_health_hud_heavy:1432",0,0,63,63/6,0.01,0.03,0.00,0.00,0.01,3.17,0.02,0.00,0.00,:0.00,:0.00,:0.00,3.13,PresenterEntityTransformSyncSystem:0.90,AnimatorRuntimeSystem:0.61,TerrainHeightSyncSystem:0.44,0.00,0,0,0,0,0,0.61,0.90,0.20,10009/0,0.00,0/0,0.44,10009,0.00,0.00/0.00/0.00/0.00,0.00/0.00/0.00,0.00/0.00/0.00/0.00/0.00/0.00,0.00/0.00/0.00/0.00/0.00,0.17,0.02,0.00,0.15,0.17,0.00,0.01,126,2,0,0.06,0.01,4/0,0.00,0,0,0,0,0.04,0.00,0.00,0.00,0,0.00,0.00,0,0,0/0,0.00,0,0,0.00,0,0,0.00,0,0,0.09,0.00,0,2,0,0.09,0.00,0.00,0.00,0.00,0.00,0.31,0.00,0,0.00,0,0,0/0/0,0.08,0.00,126,1,1,0,0,0,2026-09-09T18:30:20.8702553Z
3.39ms,295.3,0,63,30009,"mass_navigation_agent_health_text_light:8568,mass_navigation_agent_health_hud_light:8568,mass_navigation_agent_azure_light:2142,mass_navigation_agent_crimson_light:2142,mass_navigation_agent_amber_light:2142,mass_navigation_agent_emerald_light:2142,mass_navigation_agent_health_text_heavy:1432,mass_navigation_agent_health_hud_heavy:1432",0,0,63,63/6,0.01,0.03,0.00,0.00,0.01,2.98,0.02,0.00,0.00,:0.00,:0.00,:0.00,2.94,PresenterEntityTransformSyncSystem:0.78,AnimatorRuntimeSystem:0.57,TerrainHeightSyncSystem:0.40,0.00,0,0,0,0,0,0.57,0.78,0.18,10009/0,0.00,0/0,0.40,10009,0.00,0.00/0.00/0.00/0.00,0.00/0.00/0.00,0.00/0.00/0.00/0.00/0.00/0.00,0.00/0.00/0.00/0.00/0.00,0.17,0.02,0.00,0.14,0.17,0.00,0.01,126,2,0,0.06,0.01,4/0,0.00,0,0,0,0,0.04,0.00,0.00,0.00,0,0.00,0.00,0,0,0/0,0.00,0,0,0.00,0,0,0.00,0,0,0.09,0.00,0,2,0,0.09,0.00,0.00,0.00,0.00,0.00,0.31,0.00,0,0.00,0,0,0/0/0,0.10,0.00,126,1,1,0,0,0,2026-09-09T18:30:21.1371862Z
3.37ms,296.6,0,63,30009,"mass_navigation_agent_health_text_light:8568,mass_navigation_agent_health_hud_light:8568,mass_navigation_agent_azure_light:2142,mass_navigation_agent_crimson_light:2142,mass_navigation_agent_amber_light:2142,mass_navigation_agent_emerald_light:2142,mass_navigation_agent_health_text_heavy:1432,mass_navigation_agent_health_hud_heavy:1432",0,0,63,63/6,0.01,0.03,0.00,0.00,0.01,2.97,0.02,0.00,0.00,:0.00,:0.00,:0.00,2.93,PresenterEntityTransformSyncSystem:0.88,AnimatorRuntimeSystem:0.57,TerrainHeightSyncSystem:0.34,0.00,0,0,0,0,0,0.57,0.88,0.22,10009/0,0.00,0/0,0.34,10009,0.00,0.00/0.00/0.00/0.00,0.00/0.00/0.00,0.00/0.00/0.00/0.00/0.00/0.00,0.00/0.00/0.00/0.00/0.00,0.16,0.02,0.00,0.13,0.16,0.00,0.01,126,2,0,0.06,0.01,4/0,0.00,0,0,0,0,0.05,0.00,0.00,0.00,0,0.00,0.00,0,0,0/0,0.00,0,0,0.00,0,0,0.00,0,0,0.09,0.00,0,2,0,0.09,0.00,0.00,0.00,0.00,0.00,0.30,0.00,0,0.00,0,0,0/0/0,0.08,0.00,126,1,1,0,0,0,2026-09-09T18:30:21.4226613Z
6.61ms,151.3,0,63,30009,"mass_navigation_agent_health_text_light:8568,mass_navigation_agent_health_hud_light:8568,mass_navigation_agent_azure_light:2142,mass_navigation_agent_crimson_light:2142,mass_navigation_agent_amber_light:2142,mass_navigation_agent_emerald_light:2142,mass_navigation_agent_health_text_heavy:1432,mass_navigation_agent_health_hud_heavy:1432",0,0,63,63/6,0.01,0.03,0.00,0.00,0.01,6.17,0.02,0.00,2.74,MassNavigationSimulationStepSystem:1.36,EffectProcessingLoopSystem:0.36,OrderBufferSystem:0.18,3.39,PresenterEntityTransformSyncSystem:1.01,AnimatorRuntimeSystem:0.59,TerrainHeightSyncSystem:0.48,0.00,0,0,0,0,0,0.59,1.01,0.18,10009/0,0.00,0/0,0.48,10009,0.00,0.00/0.00/0.00/0.00,0.00/0.00/0.00,0.00/0.00/0.00/0.00/0.00/0.00,0.00/0.00/0.00/0.00/0.00,0.21,0.03,0.00,0.17,0.21,0.00,0.02,126,2,0,0.07,0.01,4/0,0.00,0,0,0,0,0.05,0.00,0.00,0.00,0,0.00,0.00,0,0,0/0,0.00,0,0,0.00,0,0,0.00,0,0,0.10,0.00,0,2,0,0.10,0.00,0.00,0.00,0.00,0.00,0.31,0.00,0,0.00,0,0,0/0/0,0.09,0.00,126,1,1,0,0,0,2026-09-09T18:30:21.6944228Z
3.48ms,287.0,0,63,30009,"mass_navigation_agent_health_text_light:8568,mass_navigation_agent_health_hud_light:8568,mass_navigation_agent_azure_light:2142,mass_navigation_agent_crimson_light:2142,mass_navigation_agent_amber_light:2142,mass_navigation_agent_emerald_light:2142,mass_navigation_agent_health_text_heavy:1432,mass_navigation_agent_health_hud_heavy:1432",0,0,63,63/6,0.01,0.03,0.00,0.00,0.01,3.06,0.02,0.00,0.00,:0.00,:0.00,:0.00,3.02,PresenterEntityTransformSyncSystem:0.86,AnimatorRuntimeSystem:0.65,TerrainHeightSyncSystem:0.37,0.00,0,0,0,0,0,0.65,0.86,0.19,10009/0,0.00,0/0,0.37,10009,0.00,0.00/0.00/0.00/0.00,0.00/0.00/0.00,0.00/0.00/0.00/0.00/0.00/0.00,0.00/0.00/0.00/0.00/0.00,0.18,0.02,0.00,0.16,0.18,0.00,0.01,126,2,0,0.07,0.01,4/0,0.00,0,0,0,0,0.05,0.00,0.00,0.00,0,0.00,0.00,0,0,0/0,0.00,0,0,0.00,0,0,0.00,0,0,0.09,0.00,0,2,0,0.09,0.00,0.00,0.00,0.00,0.00,0.32,0.00,0,0.00,0,0,0/0/0,0.09,0.00,126,1,1,0,0,0,2026-09-09T18:30:21.9687875Z
3.57ms,280.1,0,63,30009,"mass_navigation_agent_health_text_light:8568,mass_navigation_agent_health_hud_light:8568,mass_navigation_agent_azure_light:2142,mass_navigation_agent_crimson_light:2142,mass_navigation_agent_amber_light:2142,mass_navigation_agent_emerald_light:2142,mass_navigation_agent_health_text_heavy:1432,mass_navigation_agent_health_hud_heavy:1432",0,0,63,63/6,0.01,0.03,0.00,0.00,0.01,3.12,0.02,0.00,0.20,EffectProcessingLoopSystem:0.19,:0.00,:0.00,2.88,PresenterEntityTransformSyncSystem:0.77,AnimatorRuntimeSystem:0.61,TerrainHeightSyncSystem:0.36,0.00,0,0,0,0,0,0.61,0.77,0.20,10009/0,0.00,0/0,0.36,10009,0.00,0.00/0.00/0.00/0.00,0.00/0.00/0.00,0.00/0.00/0.00/0.00/0.00/0.00,0.00/0.00/0.00/0.00/0.00,0.16,0.02,0.00,0.13,0.16,0.00,0.01,126,2,0,0.07,0.01,4/0,0.00,0,0,0,0,0.05,0.00,0.00,0.00,0,0.00,0.00,0,0,0/0,0.00,0,0,0.00,0,0,0.00,0,0,0.09,0.00,0,2,0,0.09,0.00,0.00,0.00,0.00,0.00,0.31,0.00,0,0.00,0,0,0/0/0,0.09,0.00,126,1,1,0,0,0,2026-09-09T18:30:22.2460263Z
3.41ms,293.5,0,63,30009,"mass_navigation_agent_health_text_light:8568,mass_navigation_agent_health_hud_light:8568,mass_navigation_agent_azure_light:2142,mass_navigation_agent_crimson_light:2142,mass_navigation_agent_amber_light:2142,mass_navigation_agent_emerald_light:2142,mass_navigation_agent_health_text_heavy:1432,mass_navigation_agent_health_hud_heavy:1432",0,0,63,63/6,0.01,0.03,0.00,0.00,0.01,3.06,0.02,0.00,0.00,:0.00,:0.00,:0.00,3.01,PresenterEntityTransformSyncSystem:0.78,AnimatorRuntimeSystem:0.66,TerrainHeightSyncSystem:0.39,0.00,0,0,0,0,0,0.66,0.78,0.18,10009/0,0.00,0/0,0.39,10009,0.00,0.00/0.00/0.00/0.00,0.00/0.00/0.00,0.00/0.00/0.00/0.00/0.00/0.00,0.00/0.00/0.00/0.00/0.00,0.17,0.02,0.00,0.14,0.17,0.00,0.01,126,2,0,0.06,0.01,4/0,0.00,0,0,0,0,0.04,0.00,0.00,0.00,0,0.00,0.00,0,0,0/0,0.00,0,0,0.00,0,0,0.00,0,0,0.07,0.00,0,2,0,0.07,0.00,0.00,0.00,0.00,0.00,0.31,0.00,0,0.00,0,0,0/0/0,0.08,0.00,126,1,1,0,0,0,2026-09-09T18:30:22.5159484Z
3.39ms,294.8,0,63,30009,"mass_navigation_agent_health_text_light:8568,mass_navigation_agent_health_hud_light:8568,mass_navigation_agent_azure_light:2142,mass_navigation_agent_crimson_light:2142,mass_navigation_agent_amber_light:2142,mass_navigation_agent_emerald_light:2142,mass_navigation_agent_health_text_heavy:1432,mass_navigation_agent_health_hud_heavy:1432",0,0,63,63/6,0.00,0.03,0.00,0.00,0.01,3.08,0.02,0.00,0.00,:0.00,:0.00,:0.00,3.04,PresenterEntityTransformSyncSystem:0.79,AnimatorRuntimeSystem:0.62,TerrainHeightSyncSystem:0.41,0.00,0,0,0,0,0,0.62,0.79,0.16,10009/0,0.00,0/0,0.41,10009,0.00,0.00/0.00/0.00/0.00,0.00/0.00/0.00,0.00/0.00/0.00/0.00/0.00/0.00,0.00/0.00/0.00/0.00/0.00,0.18,0.02,0.00,0.15,0.18,0.00,0.01,126,2,0,0.06,0.01,4/0,0.00,0,0,0,0,0.04,0.00,0.00,0.00,0,0.00,0.00,0,0,0/0,0.00,0,0,0.00,0,0,0.00,0,0,0.06,0.00,0,2,0,0.06,0.00,0.00,0.00,0.00,0.00,0.35,0.00,0,0.00,0,0,0/0/0,0.06,0.00,126,1,1,0,0,0,2026-09-09T18:30:22.7806586Z
3.44ms,290.5,0,63,30009,"mass_navigation_agent_health_text_light:8568,mass_navigation_agent_health_hud_light:8568,mass_navigation_agent_azure_light:2142,mass_navigation_agent_crimson_light:2142,mass_navigation_agent_amber_light:2142,mass_navigation_agent_emerald_light:2142,mass_navigation_agent_health_text_heavy:1432,mass_navigation_agent_health_hud_heavy:1432",0,0,63,63/6,0.01,0.03,0.00,0.00,0.01,3.00,0.02,0.00,0.00,:0.00,:0.00,:0.00,2.95,PresenterEntityTransformSyncSystem:0.77,AnimatorRuntimeSystem:0.58,TerrainHeightSyncSystem:0.41,0.00,0,0,0,0,0,0.58,0.77,0.21,10009/0,0.00,0/0,0.41,10009,0.00,0.00/0.00/0.00/0.00,0.00/0.00/0.00,0.00/0.00/0.00/0.00/0.00/0.00,0.00/0.00/0.00/0.00/0.00,0.16,0.02,0.00,0.14,0.16,0.00,0.02,126,2,0,0.07,0.01,4/0,0.00,0,0,0,0,0.05,0.00,0.00,0.00,0,0.00,0.00,0,0,0/0,0.00,0,0,0.00,0,0,0.00,0,0,0.10,0.00,0,2,0,0.09,0.00,0.00,0.00,0.00,0.00,0.32,0.00,0,0.00,0,0,0/0/0,0.10,0.00,126,1,1,0,0,0,2026-09-09T18:30:23.0634456Z
3.53ms,283.2,0,63,30009,"mass_navigation_agent_health_text_light:8568,mass_navigation_agent_health_hud_light:8568,mass_navigation_agent_azure_light:2142,mass_navigation_agent_crimson_light:2142,mass_navigation_agent_amber_light:2142,mass_navigation_agent_emerald_light:2142,mass_navigation_agent_health_text_heavy:1432,mass_navigation_agent_health_hud_heavy:1432",0,0,63,63/6,0.01,0.03,0.00,0.00,0.01,3.12,0.02,0.00,0.00,:0.00,:0.00,:0.00,3.09,PresenterEntityTransformSyncSystem:0.88,AnimatorRuntimeSystem:0.61,TerrainHeightSyncSystem:0.39,0.00,0,0,0,0,0,0.61,0.88,0.23,10009/0,0.00,0/0,0.39,10009,0.00,0.00/0.00/0.00/0.00,0.00/0.00/0.00,0.00/0.00/0.00/0.00/0.00/0.00,0.00/0.00/0.00/0.00/0.00,0.19,0.02,0.00,0.17,0.19,0.00,0.01,126,2,0,0.07,0.01,4/0,0.00,0,0,0,0,0.05,0.00,0.00,0.00,0,0.00,0.00,0,0,0/0,0.00,0,0,0.00,0,0,0.00,0,0,0.09,0.00,0,2,0,0.09,0.00,0.00,0.00,0.00,0.00,0.31,0.00,0,0.00,0,0,0/0/0,0.09,0.00,126,1,1,0,0,0,2026-09-09T18:30:23.3275588Z
14.03ms,71.3,0,63,30009,"mass_navigation_agent_health_text_light:8568,mass_navigation_agent_health_hud_light:8568,mass_navigation_agent_azure_light:2142,mass_navigation_agent_crimson_light:2142,mass_navigation_agent_amber_light:2142,mass_navigation_agent_emerald_light:2142,mass_navigation_agent_health_text_heavy:1432,mass_navigation_agent_health_hud_heavy:1432",0,0,63,63/6,0.01,0.04,0.00,0.00,0.01,13.48,0.03,0.00,10.10,MassNavigationSimulationStepSystem:8.84,EffectProcessingLoopSystem:0.27,AbilityEndOrderSystem:0.20,3.34,PresenterEntityTransformSyncSystem:0.98,AnimatorRuntimeSystem:0.56,TerrainHeightSyncSystem:0.42,0.00,0,0,0,0,0,0.56,0.98,0.22,10009/0,0.00,0/0,0.42,10009,0.00,0.00/0.00/0.00/0.00,0.00/0.00/0.00,0.00/0.00/0.00/0.00/0.00/0.00,0.00/0.00/0.00/0.00/0.00,0.20,0.03,0.00,0.16,0.20,0.00,0.02,126,2,0,0.08,0.01,4/0,0.00,0,0,0,0,0.05,0.00,0.00,0.00,0,0.00,0.00,0,0,0/0,0.00,0,0,0.00,0,0,0.00,0,0,0.13,0.00,0,2,0,0.13,0.00,0.00,0.00,0.00,0.00,0.35,0.00,0,0.00,0,0,0/0/0,0.11,0.00,126,1,1,0,0,0,2026-09-09T18:30:23.6023338Z
3.82ms,262.1,0,63,30009,"mass_navigation_agent_health_text_light:8568,mass_navigation_agent_health_hud_light:8568,mass_navigation_agent_azure_light:2142,mass_navigation_agent_crimson_light:2142,mass_navigation_agent_amber_light:2142,mass_navigation_agent_emerald_light:2142,mass_navigation_agent_health_text_heavy:1432,mass_navigation_agent_health_hud_heavy:1432",0,0,63,63/6,0.01,0.04,0.00,0.00,0.02,3.32,0.03,0.00,0.00,:0.00,:0.00,:0.00,3.27,PresenterEntityTransformSyncSystem:0.96,AnimatorRuntimeSystem:0.64,TerrainHeightSyncSystem:0.42,0.00,0,0,0,0,0,0.64,0.96,0.18,10009/0,0.00,0/0,0.42,10009,0.00,0.00/0.00/0.00/0.00,0.00/0.00/0.00,0.00/0.00/0.00/0.00/0.00/0.00,0.00/0.00/0.00/0.00/0.00,0.19,0.03,0.00,0.15,0.18,0.00,0.02,126,2,0,0.07,0.01,4/0,0.00,0,0,0,0,0.05,0.00,0.00,0.00,0,0.00,0.00,0,0,0/0,0.00,0,0,0.00,0,0,0.00,0,0,0.13,0.00,0,2,0,0.13,0.00,0.00,0.00,0.00,0.00,0.35,0.00,0,0.00,0,0,0/0/0,0.08,0.00,126,1,1,0,0,0,2026-09-09T18:30:23.8866914Z
9.67ms,103.4,0,63,30009,"mass_navigation_agent_health_text_light:8568,mass_navigation_agent_health_hud_light:8568,mass_navigation_agent_azure_light:2142,mass_navigation_agent_crimson_light:2142,mass_navigation_agent_amber_light:2142,mass_navigation_agent_emerald_light:2142,mass_navigation_agent_health_text_heavy:1432,mass_navigation_agent_health_hud_heavy:1432",0,0,63,63/6,0.01,0.05,0.00,0.00,0.02,8.95,0.04,0.00,4.39,EffectProcessingLoopSystem:1.91,MapEntityLifecycleObserverSystem:0.66,AttributeAggregatorSystem:0.65,4.50,PresenterEntityTransformSyncSystem:1.17,PresenterEmitSystem:0.83,AnimatorRuntimeSystem:0.59,0.23,0,157,157,0,0,0.59,1.17,0.22,10009/0,0.00,0/0,0.42,10009,0.00,0.00/0.00/0.00/0.00,0.00/0.00/0.00,0.00/0.00/0.00/0.00/0.00/0.00,0.00/0.00/0.00/0.00/0.00,0.21,0.03,0.00,0.17,0.21,0.00,0.03,126,2,0,0.11,0.02,4/0,0.00,0,0,0,0,0.07,0.00,0.00,0.00,0,0.00,0.00,0,0,0/0,0.00,0,0,0.00,0,0,0.00,0,0,0.18,0.00,0,2,0,0.18,0.00,0.00,0.00,0.00,0.00,0.83,0.00,0,0.34,312,0,312/0/0,0.13,0.00,126,1,1,0,0,0,2026-09-09T18:30:24.2187790Z
8.63ms,115.8,0,63,30009,"mass_navigation_agent_health_text_light:8568,mass_navigation_agent_health_hud_light:8568,mass_navigation_agent_azure_light:2142,mass_navigation_agent_crimson_light:2142,mass_navigation_agent_amber_light:2142,mass_navigation_agent_emerald_light:2142,mass_navigation_agent_health_text_heavy:1432,mass_navigation_agent_health_hud_heavy:1432",0,0,63,63/6,0.01,0.04,0.00,0.00,0.01,8.03,0.03,0.00,4.08,EffectProcessingLoopSystem:1.92,AttributeAggregatorSystem:0.59,MapEntityLifecycleObserverSystem:0.56,3.90,PresenterEntityTransformSyncSystem:0.93,PresenterEmitSystem:0.66,AnimatorRuntimeSystem:0.55,0.25,0,173,173,0,0,0.55,0.93,0.24,10009/0,0.00,0/0,0.38,10009,0.00,0.00/0.00/0.00/0.00,0.00/0.00/0.00,0.00/0.00/0.00/0.00/0.00/0.00,0.00/0.00/0.00/0.00/0.00,0.18,0.03,0.00,0.15,0.18,0.00,0.02,126,2,0,0.08,0.01,4/0,0.00,0,0,0,0,0.05,0.00,0.00,0.00,0,0.00,0.00,0,0,0/0,0.00,0,0,0.00,0,0,0.00,0,0,0.17,0.00,0,2,0,0.17,0.00,0.00,0.00,0.00,0.00,0.66,0.00,0,0.32,344,0,344/0/0,0.12,0.00,126,1,1,0,0,0,2026-09-09T18:30:24.5062461Z
3.49ms,286.4,0,63,30009,"mass_navigation_agent_health_text_light:8568,mass_navigation_agent_health_hud_light:8568,mass_navigation_agent_azure_light:2142,mass_navigation_agent_crimson_light:2142,mass_navigation_agent_amber_light:2142,mass_navigation_agent_emerald_light:2142,mass_navigation_agent_health_text_heavy:1432,mass_navigation_agent_health_hud_heavy:1432",0,0,63,63/6,0.01,0.03,0.00,0.00,0.01,3.10,0.02,0.00,0.00,:0.00,:0.00,:0.00,3.06,PresenterEntityTransformSyncSystem:0.81,AnimatorRuntimeSystem:0.59,TerrainHeightSyncSystem:0.41,0.00,0,0,0,0,0,0.59,0.81,0.24,10009/0,0.00,0/0,0.41,10009,0.00,0.00/0.00/0.00/0.00,0.00/0.00/0.00,0.00/0.00/0.00/0.00/0.00/0.00,0.00/0.00/0.00/0.00/0.00,0.19,0.02,0.00,0.17,0.19,0.00,0.01,126,2,0,0.06,0.01,4/0,0.00,0,0,0,0,0.04,0.00,0.00,0.00,0,0.00,0.00,0,0,0/0,0.00,0,0,0.00,0,0,0.00,0,0,0.09,0.00,0,2,0,0.09,0.00,0.00,0.00,0.00,0.00,0.35,0.00,0,0.00,0,0,0/0/0,0.08,0.00,126,1,1,0,0,0,2026-09-09T18:30:24.7784260Z
3.56ms,280.5,0,63,30009,"mass_navigation_agent_health_text_light:8568,mass_navigation_agent_health_hud_light:8568,mass_navigation_agent_azure_light:2142,mass_navigation_agent_crimson_light:2142,mass_navigation_agent_amber_light:2142,mass_navigation_agent_emerald_light:2142,mass_navigation_agent_health_text_heavy:1432,mass_navigation_agent_health_hud_heavy:1432",0,0,63,63/6,0.01,0.03,0.00,0.00,0.01,3.12,0.02,0.00,0.00,:0.00,:0.00,:0.00,3.08,PresenterEntityTransformSyncSystem:0.79,AnimatorRuntimeSystem:0.63,TerrainHeightSyncSystem:0.43,0.00,0,0,0,0,0,0.63,0.79,0.21,10009/0,0.00,0/0,0.43,10009,0.00,0.00/0.00/0.00/0.00,0.00/0.00/0.00,0.00/0.00/0.00/0.00/0.00/0.00,0.00/0.00/0.00/0.00/0.00,0.17,0.02,0.00,0.14,0.17,0.00,0.01,126,2,0,0.07,0.01,4/0,0.00,0,0,0,0,0.05,0.00,0.00,0.00,0,0.00,0.00,0,0,0/0,0.00,0,0,0.00,0,0,0.00,0,0,0.10,0.00,0,2,0,0.10,0.00,0.00,0.00,0.00,0.00,0.32,0.00,0,0.00,0,0,0/0/0,0.10,0.00,126,1,1,0,0,0,2026-09-09T18:30:25.0643920Z
3.49ms,286.3,0,63,30009,"mass_navigation_agent_health_text_light:8568,mass_navigation_agent_health_hud_light:8568,mass_navigation_agent_azure_light:2142,mass_navigation_agent_crimson_light:2142,mass_navigation_agent_amber_light:2142,mass_navigation_agent_emerald_light:2142,mass_navigation_agent_health_text_heavy:1432,mass_navigation_agent_health_hud_heavy:1432",0,0,63,63/6,0.01,0.03,0.00,0.00,0.01,3.07,0.05,0.00,0.00,:0.00,:0.00,:0.00,3.02,PresenterEntityTransformSyncSystem:0.83,AnimatorRuntimeSystem:0.60,TerrainHeightSyncSystem:0.42,0.00,0,0,0,0,0,0.60,0.83,0.20,10009/0,0.00,0/0,0.42,10009,0.00,0.00/0.00/0.00/0.00,0.00/0.00/0.00,0.00/0.00/0.00/0.00/0.00/0.00,0.00/0.00/0.00/0.00/0.00,0.17,0.02,0.00,0.14,0.17,0.00,0.04,126,2,0,0.06,0.01,4/0,0.00,0,0,0,0,0.04,0.00,0.00,0.00,0,0.00,0.00,0,0,0/0,0.00,0,0,0.00,0,0,0.00,0,0,0.09,0.00,0,2,0,0.09,0.00,0.00,0.00,0.00,0.00,0.31,0.00,0,0.00,0,0,0/0/0,0.08,0.00,126,1,1,0,0,0,2026-09-09T18:30:25.3348009Z
3.82ms,261.5,0,63,30009,"mass_navigation_agent_health_text_light:8568,mass_navigation_agent_health_hud_light:8568,mass_navigation_agent_azure_light:2142,mass_navigation_agent_crimson_light:2142,mass_navigation_agent_amber_light:2142,mass_navigation_agent_emerald_light:2142,mass_navigation_agent_health_text_heavy:1432,mass_navigation_agent_health_hud_heavy:1432",0,0,63,63/6,0.01,0.04,0.00,0.00,0.02,3.35,0.02,0.00,0.00,:0.00,:0.00,:0.00,3.29,PresenterEntityTransformSyncSystem:0.92,AnimatorRuntimeSystem:0.64,TerrainHeightSyncSystem:0.42,0.00,0,0,0,0,0,0.64,0.92,0.21,10009/0,0.00,0/0,0.42,10009,0.00,0.00/0.00/0.00/0.00,0.00/0.00/0.00,0.00/0.00/0.00/0.00/0.00/0.00,0.00/0.00/0.00/0.00/0.00,0.26,0.03,0.00,0.22,0.26,0.00,0.02,126,2,0,0.07,0.01,4/0,0.00,0,0,0,0,0.05,0.00,0.00,0.00,0,0.00,0.00,0,0,0/0,0.00,0,0,0.00,0,0,0.00,0,0,0.11,0.00,0,2,0,0.10,0.00,0.00,0.00,0.00,0.00,0.32,0.00,0,0.00,0,0,0/0/0,0.09,0.00,126,1,1,0,0,0,2026-09-09T18:30:25.6209383Z
6.45ms,155.1,0,63,30009,"mass_navigation_agent_health_text_light:8568,mass_navigation_agent_health_hud_light:8568,mass_navigation_agent_azure_light:2142,mass_navigation_agent_crimson_light:2142,mass_navigation_agent_amber_light:2142,mass_navigation_agent_emerald_light:2142,mass_navigation_agent_health_text_heavy:1432,mass_navigation_agent_health_hud_heavy:1432",0,0,63,63/6,0.01,0.03,0.00,0.00,0.01,6.00,0.02,0.00,2.73,MassNavigationSimulationStepSystem:1.31,EffectProcessingLoopSystem:0.32,OrderBufferSystem:0.21,3.23,PresenterEntityTransformSyncSystem:0.88,AnimatorRuntimeSystem:0.60,TerrainHeightSyncSystem:0.48,0.00,0,0,0,0,0,0.60,0.88,0.19,10009/0,0.00,0/0,0.48,10009,0.00,0.00/0.00/0.00/0.00,0.00/0.00/0.00,0.00/0.00/0.00/0.00/0.00/0.00,0.00/0.00/0.00/0.00/0.00,0.20,0.03,0.00,0.16,0.20,0.00,0.01,126,2,0,0.07,0.01,4/0,0.00,0,0,0,0,0.05,0.00,0.00,0.00,0,0.00,0.00,0,0,0/0,0.00,0,0,0.00,0,0,0.00,0,0,0.10,0.00,0,2,0,0.10,0.00,0.00,0.00,0.00,0.00,0.34,0.00,0,0.00,0,0,0/0/0,0.10,0.00,126,1,1,0,0,0,2026-09-09T18:30:25.8932410Z
3.66ms,273.5,0,63,30009,"mass_navigation_agent_health_text_light:8568,mass_navigation_agent_health_hud_light:8568,mass_navigation_agent_azure_light:2142,mass_navigation_agent_crimson_light:2142,mass_navigation_agent_amber_light:2142,mass_navigation_agent_emerald_light:2142,mass_navigation_agent_health_text_heavy:1432,mass_navigation_agent_health_hud_heavy:1432",0,0,63,63/6,0.01,0.03,0.00,0.00,0.01,3.24,0.02,0.00,0.00,:0.00,:0.00,:0.00,3.20,PresenterEntityTransformSyncSystem:0.92,AnimatorRuntimeSystem:0.69,TerrainHeightSyncSystem:0.38,0.00,0,0,0,0,0,0.69,0.92,0.20,10009/0,0.00,0/0,0.38,10009,0.00,0.00/0.00/0.00/0.00,0.00/0.00/0.00,0.00/0.00/0.00/0.00/0.00/0.00,0.00/0.00/0.00/0.00/0.00,0.16,0.02,0.00,0.14,0.16,0.00,0.01,126,2,0,0.07,0.01,4/0,0.00,0,0,0,0,0.05,0.00,0.00,0.00,0,0.00,0.00,0,0,0/0,0.00,0,0,0.00,0,0,0.00,0,0,0.09,0.00,0,2,0,0.09,0.00,0.00,0.00,0.00,0.00,0.34,0.00,0,0.00,0,0,0/0/0,0.09,0.00,126,1,1,0,0,0,2026-09-09T18:30:26.1776139Z
8.20ms,121.9,0,63,30009,"mass_navigation_agent_health_text_light:8568,mass_navigation_agent_health_hud_light:8568,mass_navigation_agent_azure_light:2142,mass_navigation_agent_crimson_light:2142,mass_navigation_agent_amber_light:2142,mass_navigation_agent_emerald_light:2142,mass_navigation_agent_health_text_heavy:1432,mass_navigation_agent_health_hud_heavy:1432",0,0,63,63/6,0.01,0.03,0.00,0.00,0.01,7.75,0.03,0.00,4.08,EffectProcessingLoopSystem:1.74,AttributeAggregatorSystem:0.67,MapEntityLifecycleObserverSystem:0.62,3.63,PresenterEntityTransformSyncSystem:0.84,PresenterEmitSystem:0.62,AnimatorRuntimeSystem:0.53,0.21,0,156,156,0,0,0.53,0.84,0.19,10009/0,0.00,0/0,0.41,10009,0.00,0.00/0.00/0.00/0.00,0.00/0.00/0.00,0.00/0.00/0.00/0.00/0.00/0.00,0.00/0.00/0.00/0.00/0.00,0.20,0.03,0.01,0.16,0.20,0.00,0.02,126,2,0,0.06,0.01,4/0,0.00,0,0,0,0,0.04,0.00,0.00,0.00,0,0.00,0.00,0,0,0/0,0.00,0,0,0.00,0,0,0.00,0,0,0.11,0.00,0,2,0,0.10,0.00,0.00,0.00,0.00,0.00,0.61,0.00,0,0.28,310,0,310/0/0,0.09,0.00,126,1,1,0,0,0,2026-09-09T18:30:26.4548865Z
3.70ms,270.4,0,63,30009,"mass_navigation_agent_health_text_light:8568,mass_navigation_agent_health_hud_light:8568,mass_navigation_agent_azure_light:2142,mass_navigation_agent_crimson_light:2142,mass_navigation_agent_amber_light:2142,mass_navigation_agent_emerald_light:2142,mass_navigation_agent_health_text_heavy:1432,mass_navigation_agent_health_hud_heavy:1432",0,0,63,63/6,0.01,0.03,0.00,0.00,0.01,3.31,0.02,0.00,0.00,:0.00,:0.00,:0.00,3.24,PresenterEntityTransformSyncSystem:0.99,AnimatorRuntimeSystem:0.62,TerrainHeightSyncSystem:0.39,0.00,0,0,0,0,0,0.62,0.99,0.20,10009/0,0.00,0/0,0.39,10009,0.00,0.00/0.00/0.00/0.00,0.00/0.00/0.00,0.00/0.00/0.00/0.00/0.00/0.00,0.00/0.00/0.00/0.00/0.00,0.17,0.02,0.00,0.14,0.17,0.00,0.02,126,2,0,0.06,0.01,4/0,0.00,0,0,0,0,0.05,0.00,0.00,0.00,0,0.00,0.00,0,0,0/0,0.00,0,0,0.00,0,0,0.00,0,0,0.08,0.00,0,2,0,0.08,0.00,0.00,0.00,0.00,0.00,0.34,0.00,0,0.00,0,0,0/0/0,0.08,0.00,126,1,1,0,0,0,2026-09-09T18:30:26.7216477Z
3.27ms,306.1,0,63,30009,"mass_navigation_agent_health_text_light:8568,mass_navigation_agent_health_hud_light:8568,mass_navigation_agent_azure_light:2142,mass_navigation_agent_crimson_light:2142,mass_navigation_agent_amber_light:2142,mass_navigation_agent_emerald_light:2142,mass_navigation_agent_health_text_heavy:1432,mass_navigation_agent_health_hud_heavy:1432",0,0,63,63/6,0.01,0.03,0.00,0.00,0.02,2.90,0.02,0.00,0.00,:0.00,:0.00,:0.00,2.84,PresenterEntityTransformSyncSystem:0.73,AnimatorRuntimeSystem:0.55,TerrainHeightSyncSystem:0.39,0.00,0,0,0,0,0,0.55,0.73,0.19,10009/0,0.00,0/0,0.39,10009,0.00,0.00/0.00/0.00/0.00,0.00/0.00/0.00,0.00/0.00/0.00/0.00/0.00/0.00,0.00/0.00/0.00/0.00/0.00,0.16,0.03,0.00,0.13,0.16,0.00,0.02,126,2,0,0.06,0.01,4/0,0.00,0,0,0,0,0.04,0.00,0.00,0.00,0,0.00,0.00,0,0,0/0,0.00,0,0,0.00,0,0,0.00,0,0,0.08,0.00,0,2,0,0.08,0.00,0.00,0.00,0.00,0.00,0.33,0.00,0,0.00,0,0,0/0/0,0.06,0.00,126,1,1,0,0,0,2026-09-09T18:30:27.0158089Z
3.84ms,260.5,0,63,30009,"mass_navigation_agent_health_text_light:8568,mass_navigation_agent_health_hud_light:8568,mass_navigation_agent_azure_light:2142,mass_navigation_agent_crimson_light:2142,mass_navigation_agent_amber_light:2142,mass_navigation_agent_emerald_light:2142,mass_navigation_agent_health_text_heavy:1432,mass_navigation_agent_health_hud_heavy:1432",0,0,63,63/6,0.01,0.04,0.00,0.00,0.01,3.39,0.02,0.00,0.00,:0.00,:0.00,:0.00,3.34,PresenterEntityTransformSyncSystem:0.87,AnimatorRuntimeSystem:0.75,TerrainHeightSyncSystem:0.44,0.00,0,0,0,0,0,0.75,0.87,0.21,10009/0,0.00,0/0,0.44,10009,0.00,0.00/0.00/0.00/0.00,0.00/0.00/0.00,0.00/0.00/0.00/0.00/0.00/0.00,0.00/0.00/0.00/0.00/0.00,0.18,0.03,0.00,0.15,0.18,0.00,0.02,126,2,0,0.07,0.01,4/0,0.00,0,0,0,0,0.05,0.00,0.00,0.00,0,0.00,0.00,0,0,0/0,0.00,0,0,0.00,0,0,0.00,0,0,0.11,0.00,0,2,0,0.11,0.00,0.00,0.00,0.00,0.00,0.36,0.00,0,0.00,0,0,0/0/0,0.09,0.00,126,1,1,0,0,0,2026-09-09T18:30:27.2830321Z
3.35ms,298.8,0,63,30009,"mass_navigation_agent_health_text_light:8568,mass_navigation_agent_health_hud_light:8568,mass_navigation_agent_azure_light:2142,mass_navigation_agent_crimson_light:2142,mass_navigation_agent_amber_light:2142,mass_navigation_agent_emerald_light:2142,mass_navigation_agent_health_text_heavy:1432,mass_navigation_agent_health_hud_heavy:1432",0,0,63,63/6,0.01,0.03,0.00,0.00,0.01,2.85,0.03,0.00,0.00,:0.00,:0.00,:0.00,2.80,PresenterEntityTransformSyncSystem:0.74,AnimatorRuntimeSystem:0.53,PresenterEmitSystem:0.35,0.00,0,0,0,0,0,0.53,0.74,0.20,10009/0,0.00,0/0,0.34,10009,0.00,0.00/0.00/0.00/0.00,0.00/0.00/0.00,0.00/0.00/0.00/0.00/0.00/0.00,0.00/0.00/0.00/0.00/0.00,0.16,0.03,0.00,0.13,0.16,0.00,0.02,126,2,0,0.07,0.01,4/0,0.00,0,0,0,0,0.05,0.00,0.00,0.00,0,0.00,0.00,0,0,0/0,0.00,0,0,0.00,0,0,0.00,0,0,0.12,0.00,0,2,0,0.12,0.00,0.00,0.00,0.00,0.00,0.35,0.00,0,0.00,0,0,0/0/0,0.09,0.00,126,1,1,0,0,0,2026-09-09T18:30:27.5625066Z
3.86ms,258.8,0,63,30009,"mass_navigation_agent_health_text_light:8568,mass_navigation_agent_health_hud_light:8568,mass_navigation_agent_azure_light:2142,mass_navigation_agent_crimson_light:2142,mass_navigation_agent_amber_light:2142,mass_navigation_agent_emerald_light:2142,mass_navigation_agent_health_text_heavy:1432,mass_navigation_agent_health_hud_heavy:1432",0,0,63,63/6,0.01,0.03,0.00,0.00,0.01,3.40,0.03,0.00,0.00,:0.00,:0.00,:0.00,3.38,PresenterEntityTransformSyncSystem:1.03,AnimatorRuntimeSystem:0.65,PresenterEmitSystem:0.45,0.00,0,0,0,0,0,0.65,1.03,0.20,10009/0,0.00,0/0,0.39,10009,0.00,0.00/0.00/0.00/0.00,0.00/0.00/0.00,0.00/0.00/0.00/0.00/0.00/0.00,0.00/0.00/0.00/0.00/0.00,0.19,0.05,0.00,0.13,0.19,0.00,0.02,126,2,0,0.06,0.01,4/0,0.00,0,0,0,0,0.04,0.00,0.00,0.00,0,0.00,0.00,0,0,0/0,0.00,0,0,0.00,0,0,0.00,0,0,0.09,0.00,0,2,0,0.09,0.00,0.00,0.00,0.00,0.00,0.45,0.00,0,0.00,0,0,0/0/0,0.12,0.00,126,1,1,0,0,0,2026-09-09T18:30:27.8386991Z
3.40ms,294.2,0,63,30009,"mass_navigation_agent_health_text_light:8568,mass_navigation_agent_health_hud_light:8568,mass_navigation_agent_azure_light:2142,mass_navigation_agent_crimson_light:2142,mass_navigation_agent_amber_light:2142,mass_navigation_agent_emerald_light:2142,mass_navigation_agent_health_text_heavy:1432,mass_navigation_agent_health_hud_heavy:1432",0,0,63,63/6,0.01,0.03,0.00,0.00,0.01,3.00,0.02,0.00,0.00,:0.00,:0.00,:0.00,2.95,PresenterEntityTransformSyncSystem:0.80,AnimatorRuntimeSystem:0.54,TerrainHeightSyncSystem:0.42,0.00,0,0,0,0,0,0.54,0.80,0.19,10009/0,0.00,0/0,0.42,10009,0.00,0.00/0.00/0.00/0.00,0.00/0.00/0.00,0.00/0.00/0.00/0.00/0.00/0.00,0.00/0.00/0.00/0.00/0.00,0.16,0.03,0.00,0.13,0.16,0.00,0.01,126,2,0,0.06,0.01,4/0,0.00,0,0,0,0,0.04,0.00,0.00,0.00,0,0.00,0.00,0,0,0/0,0.00,0,0,0.00,0,0,0.00,0,0,0.09,0.00,0,2,0,0.09,0.00,0.00,0.00,0.00,0.00,0.31,0.00,0,0.00,0,0,0/0/0,0.08,0.00,126,1,1,0,0,0,2026-09-09T18:30:28.1224525Z
3.88ms,257.7,0,63,30009,"mass_navigation_agent_health_text_light:8568,mass_navigation_agent_health_hud_light:8568,mass_navigation_agent_azure_light:2142,mass_navigation_agent_crimson_light:2142,mass_navigation_agent_amber_light:2142,mass_navigation_agent_emerald_light:2142,mass_navigation_agent_health_text_heavy:1432,mass_navigation_agent_health_hud_heavy:1432",0,0,63,63/6,0.01,0.04,0.00,0.00,0.02,3.36,0.03,0.00,0.17,EffectProcessingLoopSystem:0.17,:0.00,:0.00,3.12,PresenterEntityTransformSyncSystem:0.86,AnimatorRuntimeSystem:0.59,TerrainHeightSyncSystem:0.37,0.00,0,0,0,0,0,0.59,0.86,0.29,10009/0,0.00,0/0,0.36,10009,0.00,0.00/0.00/0.00/0.00,0.00/0.00/0.00,0.00/0.00/0.00/0.00/0.00/0.00,0.00/0.00/0.00/0.00/0.00,0.17,0.03,0.00,0.13,0.17,0.00,0.02,126,2,0,0.08,0.01,4/0,0.00,0,0,0,0,0.05,0.00,0.00,0.00,0,0.00,0.00,0,0,0/0,0.00,0,0,0.00,0,0,0.00,0,0,0.13,0.00,0,2,0,0.13,0.00,0.00,0.00,0.00,0.00,0.33,0.00,0,0.00,0,0,0/0/0,0.10,0.00,126,1,1,0,0,0,2026-09-09T18:30:28.4065790Z
3.69ms,271.0,0,63,30009,"mass_navigation_agent_health_text_light:8568,mass_navigation_agent_health_hud_light:8568,mass_navigation_agent_azure_light:2142,mass_navigation_agent_crimson_light:2142,mass_navigation_agent_amber_light:2142,mass_navigation_agent_emerald_light:2142,mass_navigation_agent_health_text_heavy:1432,mass_navigation_agent_health_hud_heavy:1432",0,0,63,63/6,0.01,0.03,0.00,0.00,0.01,3.23,0.02,0.00,0.00,:0.00,:0.00,:0.00,3.19,PresenterEntityTransformSyncSystem:0.81,AnimatorRuntimeSystem:0.70,TerrainHeightSyncSystem:0.40,0.00,0,0,0,0,0,0.70,0.81,0.25,10009/0,0.00,0/0,0.40,10009,0.00,0.00/0.00/0.00/0.00,0.00/0.00/0.00,0.00/0.00/0.00/0.00/0.00/0.00,0.00/0.00/0.00/0.00/0.00,0.17,0.02,0.00,0.14,0.17,0.00,0.01,126,2,0,0.07,0.01,4/0,0.00,0,0,0,0,0.05,0.00,0.00,0.00,0,0.00,0.00,0,0,0/0,0.00,0,0,0.00,0,0,0.00,0,0,0.11,0.00,0,2,0,0.10,0.00,0.00,0.00,0.00,0.00,0.38,0.00,0,0.00,0,0,0/0/0,0.10,0.00,126,1,1,0,0,0,2026-09-09T18:30:28.6795437Z
3.62ms,275.9,0,63,30009,"mass_navigation_agent_health_text_light:8568,mass_navigation_agent_health_hud_light:8568,mass_navigation_agent_azure_light:2142,mass_navigation_agent_crimson_light:2142,mass_navigation_agent_amber_light:2142,mass_navigation_agent_emerald_light:2142,mass_navigation_agent_health_text_heavy:1432,mass_navigation_agent_health_hud_heavy:1432",0,0,63,63/6,0.01,0.03,0.00,0.00,0.01,3.21,0.02,0.00,0.00,:0.00,:0.00,:0.00,3.16,PresenterEntityTransformSyncSystem:0.94,AnimatorRuntimeSystem:0.57,TerrainHeightSyncSystem:0.43,0.01,0,0,0,0,0,0.57,0.94,0.19,10009/0,0.00,0/0,0.43,10009,0.00,0.00/0.00/0.00/0.00,0.00/0.00/0.00,0.00/0.00/0.00/0.00/0.00/0.00,0.00/0.00/0.00/0.00/0.00,0.18,0.03,0.00,0.15,0.18,0.00,0.01,126,2,0,0.07,0.01,4/0,0.00,0,0,0,0,0.05,0.00,0.00,0.00,0,0.00,0.00,0,0,0/0,0.00,0,0,0.00,0,0,0.00,0,0,0.10,0.00,0,2,0,0.10,0.00,0.00,0.00,0.00,0.00,0.31,0.00,0,0.00,0,0,0/0/0,0.07,0.00,126,1,1,0,0,0,2026-09-09T18:30:28.9792083Z
3.54ms,282.2,0,63,30009,"mass_navigation_agent_health_text_light:8568,mass_navigation_agent_health_hud_light:8568,mass_navigation_agent_azure_light:2142,mass_navigation_agent_crimson_light:2142,mass_navigation_agent_amber_light:2142,mass_navigation_agent_emerald_light:2142,mass_navigation_agent_health_text_heavy:1432,mass_navigation_agent_health_hud_heavy:1432",0,0,63,63/6,0.01,0.03,0.00,0.00,0.01,3.11,0.02,0.00,0.00,:0.00,:0.00,:0.00,3.07,PresenterEntityTransformSyncSystem:0.81,AnimatorRuntimeSystem:0.58,TerrainHeightSyncSystem:0.40,0.00,0,0,0,0,0,0.58,0.81,0.20,10009/0,0.00,0/0,0.40,10009,0.00,0.00/0.00/0.00/0.00,0.00/0.00/0.00,0.00/0.00/0.00/0.00/0.00/0.00,0.00/0.00/0.00/0.00/0.00,0.17,0.02,0.00,0.14,0.17,0.00,0.01,126,2,0,0.07,0.01,4/0,0.00,0,0,0,0,0.05,0.00,0.00,0.00,0,0.00,0.00,0,0,0/0,0.00,0,0,0.00,0,0,0.00,0,0,0.10,0.00,0,2,0,0.09,0.00,0.00,0.00,0.00,0.00,0.38,0.00,0,0.00,0,0,0/0/0,0.09,0.00,126,1,1,0,0,0,2026-09-09T18:30:29.2697717Z
7.76ms,128.8,0,63,30009,"mass_navigation_agent_health_text_light:8568,mass_navigation_agent_health_hud_light:8568,mass_navigation_agent_azure_light:2142,mass_navigation_agent_crimson_light:2142,mass_navigation_agent_amber_light:2142,mass_navigation_agent_emerald_light:2142,mass_navigation_agent_health_text_heavy:1432,mass_navigation_agent_health_hud_heavy:1432",0,0,63,63/6,0.01,0.03,0.00,0.00,0.01,7.29,0.03,0.00,3.69,MassNavigationSimulationStepSystem:2.07,EffectProcessingLoopSystem:0.31,AbilityEndOrderSystem:0.23,3.56,PresenterEntityTransformSyncSystem:1.06,AnimatorRuntimeSystem:0.59,TerrainHeightSyncSystem:0.45,0.00,0,0,0,0,0,0.59,1.06,0.23,10009/0,0.00,0/0,0.45,10009,0.00,0.00/0.00/0.00/0.00,0.00/0.00/0.00,0.00/0.00/0.00/0.00/0.00/0.00,0.00/0.00/0.00/0.00/0.00,0.22,0.04,0.00,0.17,0.22,0.00,0.02,126,2,0,0.06,0.01,4/0,0.00,0,0,0,0,0.04,0.00,0.00,0.00,0,0.00,0.00,0,0,0/0,0.00,0,0,0.00,0,0,0.00,0,0,0.11,0.00,0,2,0,0.11,0.00,0.00,0.00,0.00,0.00,0.36,0.00,0,0.00,0,0,0/0/0,0.09,0.00,126,1,1,0,0,0,2026-09-09T18:30:29.5435870Z
3.57ms,279.8,0,63,30009,"mass_navigation_agent_health_text_light:8568,mass_navigation_agent_health_hud_light:8568,mass_navigation_agent_azure_light:2142,mass_navigation_agent_crimson_light:2142,mass_navigation_agent_amber_light:2142,mass_navigation_agent_emerald_light:2142,mass_navigation_agent_health_text_heavy:1432,mass_navigation_agent_health_hud_heavy:1432",0,0,63,63/6,0.01,0.03,0.00,0.00,0.01,3.24,0.02,0.00,0.00,:0.00,:0.00,:0.00,3.20,PresenterEntityTransformSyncSystem:0.83,AnimatorRuntimeSystem:0.65,TerrainHeightSyncSystem:0.43,0.00,0,0,0,0,0,0.65,0.83,0.21,10009/0,0.00,0/0,0.43,10009,0.00,0.00/0.00/0.00/0.00,0.00/0.00/0.00,0.00/0.00/0.00/0.00/0.00/0.00,0.00/0.00/0.00/0.00/0.00,0.18,0.03,0.00,0.15,0.18,0.00,0.01,126,2,0,0.06,0.01,4/0,0.00,0,0,0,0,0.04,0.00,0.00,0.00,0,0.00,0.00,0,0,0/0,0.00,0,0,0.00,0,0,0.00,0,0,0.06,0.00,0,2,0,0.06,0.00,0.00,0.00,0.00,0.00,0.33,0.00,0,0.00,0,0,0/0/0,0.07,0.00,126,1,1,0,0,0,2026-09-09T18:30:29.8338911Z
3.38ms,295.9,0,63,30009,"mass_navigation_agent_health_text_light:8568,mass_navigation_agent_health_hud_light:8568,mass_navigation_agent_azure_light:2142,mass_navigation_agent_crimson_light:2142,mass_navigation_agent_amber_light:2142,mass_navigation_agent_emerald_light:2142,mass_navigation_agent_health_text_heavy:1432,mass_navigation_agent_health_hud_heavy:1432",0,0,63,63/6,0.01,0.03,0.00,0.00,0.01,3.03,0.02,0.00,0.00,:0.00,:0.00,:0.00,2.99,PresenterEntityTransformSyncSystem:0.81,AnimatorRuntimeSystem:0.64,TerrainHeightSyncSystem:0.41,0.00,0,0,0,0,0,0.64,0.80,0.19,10009/0,0.00,0/0,0.41,10009,0.00,0.00/0.00/0.00/0.00,0.00/0.00/0.00,0.00/0.00/0.00/0.00/0.00/0.00,0.00/0.00/0.00/0.00/0.00,0.17,0.02,0.00,0.14,0.17,0.00,0.01,126,2,0,0.06,0.01,4/0,0.00,0,0,0,0,0.04,0.00,0.00,0.00,0,0.00,0.00,0,0,0/0,0.00,0,0,0.00,0,0,0.00,0,0,0.07,0.00,0,2,0,0.07,0.00,0.00,0.00,0.00,0.00,0.31,0.00,0,0.00,0,0,0/0/0,0.07,0.00,126,1,1,0,0,0,2026-09-09T18:30:30.1215793Z
3.81ms,262.6,0,63,30009,"mass_navigation_agent_health_text_light:8568,mass_navigation_agent_health_hud_light:8568,mass_navigation_agent_azure_light:2142,mass_navigation_agent_crimson_light:2142,mass_navigation_agent_amber_light:2142,mass_navigation_agent_emerald_light:2142,mass_navigation_agent_health_text_heavy:1432,mass_navigation_agent_health_hud_heavy:1432",0,0,63,63/6,0.01,0.03,0.00,0.00,0.02,3.42,0.02,0.00,0.18,EffectProcessingLoopSystem:0.18,:0.00,:0.00,3.17,PresenterEntityTransformSyncSystem:1.01,AnimatorRuntimeSystem:0.55,TerrainHeightSyncSystem:0.37,0.00,0,0,0,0,0,0.55,1.01,0.18,10009/0,0.00,0/0,0.37,10009,0.00,0.00/0.00/0.00/0.00,0.00/0.00/0.00,0.00/0.00/0.00/0.00/0.00/0.00,0.00/0.00/0.00/0.00/0.00,0.18,0.03,0.00,0.14,0.18,0.00,0.02,126,2,0,0.06,0.01,4/0,0.00,0,0,0,0,0.04,0.00,0.00,0.00,0,0.00,0.00,0,0,0/0,0.00,0,0,0.00,0,0,0.00,0,0,0.09,0.00,0,2,0,0.09,0.00,0.00,0.00,0.00,0.00,0.32,0.00,0,0.00,0,0,0/0/0,0.07,0.00,126,1,1,0,0,0,2026-09-09T18:30:30.4055809Z
3.44ms,290.7,0,63,30009,"mass_navigation_agent_health_text_light:8568,mass_navigation_agent_health_hud_light:8568,mass_navigation_agent_azure_light:2142,mass_navigation_agent_crimson_light:2142,mass_navigation_agent_amber_light:2142,mass_navigation_agent_emerald_light:2142,mass_navigation_agent_health_text_heavy:1432,mass_navigation_agent_health_hud_heavy:1432",0,0,63,63/6,0.01,0.03,0.00,0.00,0.01,3.01,0.02,0.00,0.00,:0.00,:0.00,:0.00,2.97,PresenterEntityTransformSyncSystem:0.81,AnimatorRuntimeSystem:0.66,TerrainHeightSyncSystem:0.38,0.00,0,0,0,0,0,0.66,0.81,0.19,10009/0,0.00,0/0,0.38,10009,0.00,0.00/0.00/0.00/0.00,0.00/0.00/0.00,0.00/0.00/0.00/0.00/0.00/0.00,0.00/0.00/0.00/0.00/0.00,0.17,0.02,0.00,0.14,0.16,0.00,0.01,126,2,0,0.07,0.01,4/0,0.00,0,0,0,0,0.05,0.00,0.00,0.00,0,0.00,0.00,0,0,0/0,0.00,0,0,0.00,0,0,0.00,0,0,0.11,0.00,0,2,0,0.10,0.00,0.00,0.00,0.00,0.00,0.31,0.00,0,0.00,0,0,0/0/0,0.08,0.00,126,1,1,0,0,0,2026-09-09T18:30:30.6771473Z
3.99ms,250.8,0,63,30009,"mass_navigation_agent_health_text_light:8568,mass_navigation_agent_health_hud_light:8568,mass_navigation_agent_azure_light:2142,mass_navigation_agent_crimson_light:2142,mass_navigation_agent_amber_light:2142,mass_navigation_agent_emerald_light:2142,mass_navigation_agent_health_text_heavy:1432,mass_navigation_agent_health_hud_heavy:1432",0,0,63,63/6,0.01,0.04,0.00,0.00,0.02,3.46,0.03,0.00,0.18,EffectProcessingLoopSystem:0.18,:0.00,:0.00,3.22,PresenterEntityTransformSyncSystem:0.99,AnimatorRuntimeSystem:0.56,PresenterEmitSystem:0.37,0.00,0,0,0,0,0,0.56,0.99,0.23,10009/0,0.00,0/0,0.34,10009,0.00,0.00/0.00/0.00/0.00,0.00/0.00/0.00,0.00/0.00/0.00/0.00/0.00/0.00,0.00/0.00/0.00/0.00/0.00,0.21,0.05,0.00,0.16,0.21,0.00,0.02,126,2,0,0.07,0.01,4/0,0.00,0,0,0,0,0.05,0.00,0.00,0.00,0,0.00,0.00,0,0,0/0,0.00,0,0,0.00,0,0,0.00,0,0,0.12,0.00,0,2,0,0.12,0.00,0.00,0.00,0.00,0.00,0.37,0.00,0,0.00,0,0,0/0/0,0.10,0.00,126,1,1,0,0,0,2026-09-09T18:30:30.9570239Z
8.29ms,120.7,0,63,30009,"mass_navigation_agent_health_text_light:8568,mass_navigation_agent_health_hud_light:8568,mass_navigation_agent_azure_light:2142,mass_navigation_agent_crimson_light:2142,mass_navigation_agent_amber_light:2142,mass_navigation_agent_emerald_light:2142,mass_navigation_agent_health_text_heavy:1432,mass_navigation_agent_health_hud_heavy:1432",0,0,63,63/6,0.01,0.04,0.00,0.00,0.01,7.76,0.03,0.00,4.03,EffectProcessingLoopSystem:1.80,MapEntityLifecycleObserverSystem:0.61,MassNavigationAuthoredAgentBindingSystem:0.56,3.70,PresenterEntityTransformSyncSystem:0.91,PresenterEmitSystem:0.62,AnimatorRuntimeSystem:0.53,0.21,0,157,157,0,0,0.53,0.91,0.21,10009/0,0.00,0/0,0.38,10009,0.00,0.00/0.00/0.00/0.00,0.00/0.00/0.00,0.00/0.00/0.00/0.00/0.00/0.00,0.00/0.00/0.00/0.00/0.00,0.18,0.03,0.00,0.14,0.17,0.00,0.02,126,2,0,0.08,0.01,4/0,0.00,0,0,0,0,0.05,0.00,0.00,0.00,0,0.00,0.00,0,0,0/0,0.00,0,0,0.00,0,0,0.00,0,0,0.13,0.00,0,2,0,0.12,0.00,0.00,0.00,0.00,0.00,0.62,0.00,0,0.27,312,0,312/0/0,0.09,0.00,126,1,1,0,0,0,2026-09-09T18:30:31.2525896Z
3.38ms,295.7,0,63,30009,"mass_navigation_agent_health_text_light:8568,mass_navigation_agent_health_hud_light:8568,mass_navigation_agent_azure_light:2142,mass_navigation_agent_crimson_light:2142,mass_navigation_agent_amber_light:2142,mass_navigation_agent_emerald_light:2142,mass_navigation_agent_health_text_heavy:1432,mass_navigation_agent_health_hud_heavy:1432",0,0,63,63/6,0.01,0.03,0.00,0.00,0.01,3.04,0.02,0.00,0.00,:0.00,:0.00,:0.00,3.00,PresenterEntityTransformSyncSystem:0.81,AnimatorRuntimeSystem:0.57,TerrainHeightSyncSystem:0.40,0.00,0,0,0,0,0,0.57,0.81,0.21,10009/0,0.00,0/0,0.40,10009,0.00,0.00/0.00/0.00/0.00,0.00/0.00/0.00,0.00/0.00/0.00/0.00/0.00/0.00,0.00/0.00/0.00/0.00/0.00,0.19,0.02,0.00,0.16,0.19,0.00,0.01,126,2,0,0.06,0.01,4/0,0.00,0,0,0,0,0.04,0.00,0.00,0.00,0,0.00,0.00,0,0,0/0,0.00,0,0,0.00,0,0,0.00,0,0,0.07,0.00,0,2,0,0.07,0.00,0.00,0.00,0.00,0.00,0.34,0.00,0,0.00,0,0,0/0/0,0.07,0.00,126,1,1,0,0,0,2026-09-09T18:30:31.5186461Z
3.55ms,281.8,0,63,30009,"mass_navigation_agent_health_text_light:8568,mass_navigation_agent_health_hud_light:8568,mass_navigation_agent_azure_light:2142,mass_navigation_agent_crimson_light:2142,mass_navigation_agent_amber_light:2142,mass_navigation_agent_emerald_light:2142,mass_navigation_agent_health_text_heavy:1432,mass_navigation_agent_health_hud_heavy:1432",0,0,63,63/6,0.01,0.03,0.00,0.00,0.01,3.13,0.02,0.00,0.00,:0.00,:0.00,:0.00,3.09,PresenterEntityTransformSyncSystem:0.80,AnimatorRuntimeSystem:0.64,PresenterEmitSystem:0.41,0.00,0,0,0,0,0,0.64,0.80,0.19,10009/0,0.00,0/0,0.40,10009,0.00,0.00/0.00/0.00/0.00,0.00/0.00/0.00,0.00/0.00/0.00/0.00/0.00/0.00,0.00/0.00/0.00/0.00/0.00,0.17,0.02,0.00,0.15,0.17,0.00,0.02,126,2,0,0.06,0.01,4/0,0.00,0,0,0,0,0.05,0.00,0.00,0.00,0,0.00,0.00,0,0,0/0,0.00,0,0,0.00,0,0,0.00,0,0,0.09,0.00,0,2,0,0.08,0.00,0.00,0.00,0.00,0.00,0.41,0.00,0,0.00,0,0,0/0/0,0.08,0.00,126,1,1,0,0,0,2026-09-09T18:30:31.7838497Z
3.54ms,282.8,0,63,30009,"mass_navigation_agent_health_text_light:8568,mass_navigation_agent_health_hud_light:8568,mass_navigation_agent_azure_light:2142,mass_navigation_agent_crimson_light:2142,mass_navigation_agent_amber_light:2142,mass_navigation_agent_emerald_light:2142,mass_navigation_agent_health_text_heavy:1432,mass_navigation_agent_health_hud_heavy:1432",0,0,63,63/6,0.01,0.03,0.00,0.00,0.01,3.10,0.02,0.00,0.00,:0.00,:0.00,:0.00,3.07,PresenterEntityTransformSyncSystem:0.89,AnimatorRuntimeSystem:0.60,TerrainHeightSyncSystem:0.40,0.00,0,0,0,0,0,0.59,0.89,0.18,10009/0,0.00,0/0,0.40,10009,0.00,0.00/0.00/0.00/0.00,0.00/0.00/0.00,0.00/0.00/0.00/0.00/0.00/0.00,0.00/0.00/0.00/0.00/0.00,0.18,0.02,0.00,0.15,0.18,0.00,0.01,126,2,0,0.07,0.01,4/0,0.00,0,0,0,0,0.05,0.00,0.00,0.00,0,0.00,0.00,0,0,0/0,0.00,0,0,0.00,0,0,0.00,0,0,0.10,0.00,0,2,0,0.10,0.00,0.00,0.00,0.00,0.00,0.32,0.00,0,0.00,0,0,0/0/0,0.09,0.00,126,1,1,0,0,0,2026-09-09T18:30:32.0788916Z
3.39ms,295.0,0,63,30009,"mass_navigation_agent_health_text_light:8568,mass_navigation_agent_health_hud_light:8568,mass_navigation_agent_azure_light:2142,mass_navigation_agent_crimson_light:2142,mass_navigation_agent_amber_light:2142,mass_navigation_agent_emerald_light:2142,mass_navigation_agent_health_text_heavy:1432,mass_navigation_agent_health_hud_heavy:1432",0,0,63,63/6,0.01,0.03,0.00,0.00,0.01,3.07,0.02,0.00,0.18,EffectProcessingLoopSystem:0.18,:0.00,:0.00,2.85,PresenterEntityTransformSyncSystem:0.73,AnimatorRuntimeSystem:0.57,PresenterEmitSystem:0.38,0.00,0,0,0,0,0,0.57,0.73,0.21,10009/0,0.00,0/0,0.34,10009,0.00,0.00/0.00/0.00/0.00,0.00/0.00/0.00,0.00/0.00/0.00/0.00/0.00/0.00,0.00/0.00/0.00/0.00/0.00,0.15,0.02,0.00,0.13,0.15,0.00,0.01,126,2,0,0.06,0.01,4/0,0.00,0,0,0,0,0.04,0.00,0.00,0.00,0,0.00,0.00,0,0,0/0,0.00,0,0,0.00,0,0,0.00,0,0,0.06,0.00,0,2,0,0.06,0.00,0.00,0.00,0.00,0.00,0.38,0.00,0,0.00,0,0,0/0/0,0.06,0.00,126,1,1,0,0,0,2026-09-09T18:30:32.3484131Z
3.41ms,293.2,0,63,30009,"mass_navigation_agent_health_text_light:8568,mass_navigation_agent_health_hud_light:8568,mass_navigation_agent_azure_light:2142,mass_navigation_agent_crimson_light:2142,mass_navigation_agent_amber_light:2142,mass_navigation_agent_emerald_light:2142,mass_navigation_agent_health_text_heavy:1432,mass_navigation_agent_health_hud_heavy:1432",0,0,63,63/6,0.01,0.03,0.00,0.00,0.01,3.01,0.02,0.00,0.00,:0.00,:0.00,:0.00,2.97,PresenterEntityTransformSyncSystem:0.81,AnimatorRuntimeSystem:0.57,TerrainHeightSyncSystem:0.39,0.00,0,0,0,0,0,0.57,0.81,0.21,10009/0,0.00,0/0,0.39,10009,0.00,0.00/0.00/0.00/0.00,0.00/0.00/0.00,0.00/0.00/0.00/0.00/0.00/0.00,0.00/0.00/0.00/0.00/0.00,0.17,0.02,0.00,0.14,0.17,0.00,0.01,126,2,0,0.06,0.01,4/0,0.00,0,0,0,0,0.04,0.00,0.00,0.00,0,0.00,0.00,0,0,0/0,0.00,0,0,0.00,0,0,0.00,0,0,0.09,0.00,0,2,0,0.08,0.00,0.00,0.00,0.00,0.00,0.30,0.00,0,0.00,0,0,0/0/0,0.09,0.00,126,1,1,0,0,0,2026-09-09T18:30:32.6319699Z
3.73ms,267.8,0,63,30009,"mass_navigation_agent_health_text_light:8568,mass_navigation_agent_health_hud_light:8568,mass_navigation_agent_azure_light:2142,mass_navigation_agent_crimson_light:2142,mass_navigation_agent_amber_light:2142,mass_navigation_agent_emerald_light:2142,mass_navigation_agent_health_text_heavy:1432,mass_navigation_agent_health_hud_heavy:1432",0,0,63,63/6,0.01,0.04,0.00,0.00,0.01,3.23,0.03,0.00,0.21,EffectProcessingLoopSystem:0.21,:0.00,:0.00,2.98,PresenterEntityTransformSyncSystem:0.78,AnimatorRuntimeSystem:0.58,TerrainHeightSyncSystem:0.36,0.00,0,0,0,0,0,0.58,0.78,0.23,10009/0,0.00,0/0,0.36,10009,0.00,0.00/0.00/0.00/0.00,0.00/0.00/0.00,0.00/0.00/0.00/0.00/0.00/0.00,0.00/0.00/0.00/0.00/0.00,0.22,0.02,0.00,0.19,0.22,0.00,0.02,126,2,0,0.07,0.01,4/0,0.00,0,0,0,0,0.05,0.00,0.00,0.00,0,0.00,0.00,0,0,0/0,0.00,0,0,0.00,0,0,0.00,0,0,0.11,0.00,0,2,0,0.11,0.00,0.00,0.00,0.00,0.00,0.34,0.00,0,0.00,0,0,0/0/0,0.10,0.00,126,1,1,0,0,0,2026-09-09T18:30:32.8970886Z
3.39ms,294.8,0,63,30009,"mass_navigation_agent_health_text_light:8568,mass_navigation_agent_health_hud_light:8568,mass_navigation_agent_azure_light:2142,mass_navigation_agent_crimson_light:2142,mass_navigation_agent_amber_light:2142,mass_navigation_agent_emerald_light:2142,mass_navigation_agent_health_text_heavy:1432,mass_navigation_agent_health_hud_heavy:1432",0,0,63,63/6,0.01,0.03,0.00,0.00,0.01,3.09,0.02,0.00,0.00,:0.00,:0.00,:0.00,3.05,PresenterEntityTransformSyncSystem:0.79,AnimatorRuntimeSystem:0.62,TerrainHeightSyncSystem:0.41,0.00,0,0,0,0,0,0.62,0.79,0.18,10009/0,0.00,0/0,0.41,10009,0.00,0.00/0.00/0.00/0.00,0.00/0.00/0.00,0.00/0.00/0.00/0.00/0.00/0.00,0.00/0.00/0.00/0.00/0.00,0.18,0.03,0.00,0.15,0.18,0.00,0.01,126,2,0,0.05,0.01,4/0,0.00,0,0,0,0,0.04,0.00,0.00,0.00,0,0.00,0.00,0,0,0/0,0.00,0,0,0.00,0,0,0.00,0,0,0.06,0.00,0,2,0,0.06,0.00,0.00,0.00,0.00,0.00,0.32,0.00,0,0.00,0,0,0/0/0,0.06,0.00,126,1,1,0,0,0,2026-09-09T18:30:33.1838058Z
3.54ms,282.7,0,63,30009,"mass_navigation_agent_health_text_light:8568,mass_navigation_agent_health_hud_light:8568,mass_navigation_agent_azure_light:2142,mass_navigation_agent_crimson_light:2142,mass_navigation_agent_amber_light:2142,mass_navigation_agent_emerald_light:2142,mass_navigation_agent_health_text_heavy:1432,mass_navigation_agent_health_hud_heavy:1432",0,0,63,63/6,0.01,0.03,0.00,0.00,0.01,3.09,0.02,0.00,0.00,:0.00,:0.00,:0.00,3.05,PresenterEntityTransformSyncSystem:0.79,AnimatorRuntimeSystem:0.58,TerrainHeightSyncSystem:0.42,0.00,0,0,0,0,0,0.58,0.79,0.20,10009/0,0.00,0/0,0.42,10009,0.00,0.00/0.00/0.00/0.00,0.00/0.00/0.00,0.00/0.00/0.00/0.00/0.00/0.00,0.00/0.00/0.00/0.00/0.00,0.18,0.02,0.00,0.15,0.18,0.00,0.02,126,2,0,0.07,0.01,4/0,0.00,0,0,0,0,0.05,0.00,0.00,0.00,0,0.00,0.00,0,0,0/0,0.00,0,0,0.00,0,0,0.00,0,0,0.10,0.00,0,2,0,0.10,0.00,0.00,0.00,0.00,0.00,0.38,0.00,0,0.00,0,0,0/0/0,0.09,0.00,126,1,1,0,0,0,2026-09-09T18:30:33.4657305Z
3.38ms,295.8,0,63,30009,"mass_navigation_agent_health_text_light:8568,mass_navigation_agent_health_hud_light:8568,mass_navigation_agent_azure_light:2142,mass_navigation_agent_crimson_light:2142,mass_navigation_agent_amber_light:2142,mass_navigation_agent_emerald_light:2142,mass_navigation_agent_health_text_heavy:1432,mass_navigation_agent_health_hud_heavy:1432",0,0,63,63/6,0.01,0.03,0.00,0.00,0.01,3.02,0.02,0.00,0.00,:0.00,:0.00,:0.00,3.00,PresenterEntityTransformSyncSystem:0.82,AnimatorRuntimeSystem:0.61,TerrainHeightSyncSystem:0.41,0.00,0,0,0,0,0,0.61,0.82,0.20,10009/0,0.00,0/0,0.41,10009,0.00,0.00/0.00/0.00/0.00,0.00/0.00/0.00,0.00/0.00/0.00/0.00/0.00/0.00,0.00/0.00/0.00/0.00/0.00,0.15,0.02,0.00,0.13,0.15,0.00,0.01,126,2,0,0.06,0.01,4/0,0.00,0,0,0,0,0.04,0.00,0.00,0.00,0,0.00,0.00,0,0,0/0,0.00,0,0,0.00,0,0,0.00,0,0,0.07,0.00,0,2,0,0.07,0.00,0.00,0.00,0.00,0.00,0.33,0.00,0,0.00,0,0,0/0/0,0.07,0.00,126,1,1,0,0,0,2026-09-09T18:30:33.7345046Z
3.65ms,273.6,0,63,30009,"mass_navigation_agent_health_text_light:8568,mass_navigation_agent_health_hud_light:8568,mass_navigation_agent_azure_light:2142,mass_navigation_agent_crimson_light:2142,mass_navigation_agent_amber_light:2142,mass_navigation_agent_emerald_light:2142,mass_navigation_agent_health_text_heavy:1432,mass_navigation_agent_health_hud_heavy:1432",0,0,63,63/6,0.01,0.03,0.00,0.00,0.01,3.22,0.02,0.00,0.00,:0.00,:0.00,:0.00,3.18,PresenterEntityTransformSyncSystem:0.85,AnimatorRuntimeSystem:0.62,TerrainHeightSyncSystem:0.41,0.00,0,0,0,0,0,0.62,0.85,0.19,10009/0,0.00,0/0,0.41,10009,0.00,0.00/0.00/0.00/0.00,0.00/0.00/0.00,0.00/0.00/0.00/0.00/0.00/0.00,0.00/0.00/0.00/0.00/0.00,0.28,0.03,0.00,0.25,0.28,0.00,0.01,126,2,0,0.07,0.01,4/0,0.00,0,0,0,0,0.05,0.00,0.00,0.00,0,0.00,0.00,0,0,0/0,0.00,0,0,0.00,0,0,0.00,0,0,0.10,0.00,0,2,0,0.09,0.00,0.00,0.00,0.00,0.00,0.33,0.00,0,0.00,0,0,0/0/0,0.09,0.00,126,1,1,0,0,0,2026-09-09T18:30:34.0288986Z
8.83ms,113.2,0,63,30009,"mass_navigation_agent_health_text_light:8568,mass_navigation_agent_health_hud_light:8568,mass_navigation_agent_azure_light:2142,mass_navigation_agent_crimson_light:2142,mass_navigation_agent_amber_light:2142,mass_navigation_agent_emerald_light:2142,mass_navigation_agent_health_text_heavy:1432,mass_navigation_agent_health_hud_heavy:1432",0,0,63,63/6,0.01,0.03,0.00,0.00,0.02,8.21,0.03,0.00,4.33,EffectProcessingLoopSystem:1.94,MassNavigationAuthoredAgentBindingSystem:0.64,MapEntityLifecycleObserverSystem:0.62,3.83,PresenterEntityTransformSyncSystem:0.93,PresenterEmitSystem:0.59,AnimatorRuntimeSystem:0.54,0.24,0,179,179,0,0,0.54,0.93,0.23,10009/0,0.00,0/0,0.39,10009,0.00,0.00/0.00/0.00/0.00,0.00/0.00/0.00,0.00/0.00/0.00/0.00/0.00/0.00,0.00/0.00/0.00/0.00/0.00,0.19,0.03,0.00,0.15,0.19,0.00,0.02,126,2,0,0.10,0.04,4/0,0.00,0,0,0,0,0.05,0.00,0.00,0.00,0,0.00,0.00,0,0,0/0,0.00,0,0,0.00,0,0,0.00,0,0,0.15,0.00,0,2,0,0.15,0.00,0.00,0.00,0.00,0.00,0.59,0.00,0,0.27,356,0,356/0/0,0.10,0.00,126,1,1,0,0,0,2026-09-09T18:30:34.3075747Z
3.71ms,269.9,0,63,30009,"mass_navigation_agent_health_text_light:8568,mass_navigation_agent_health_hud_light:8568,mass_navigation_agent_azure_light:2142,mass_navigation_agent_crimson_light:2142,mass_navigation_agent_amber_light:2142,mass_navigation_agent_emerald_light:2142,mass_navigation_agent_health_text_heavy:1432,mass_navigation_agent_health_hud_heavy:1432",0,0,63,63/6,0.01,0.04,0.00,0.00,0.01,3.24,0.03,0.00,0.00,:0.00,:0.00,:0.00,3.17,PresenterEntityTransformSyncSystem:0.83,AnimatorRuntimeSystem:0.69,TerrainHeightSyncSystem:0.39,0.00,0,0,0,0,0,0.69,0.83,0.20,10009/0,0.00,0/0,0.39,10009,0.00,0.00/0.00/0.00/0.00,0.00/0.00/0.00,0.00/0.00/0.00/0.00/0.00/0.00,0.00/0.00/0.00/0.00/0.00,0.20,0.03,0.00,0.16,0.19,0.00,0.02,126,2,0,0.07,0.01,4/0,0.00,0,0,0,0,0.05,0.00,0.00,0.00,0,0.00,0.00,0,0,0/0,0.00,0,0,0.00,0,0,0.00,0,0,0.11,0.00,0,2,0,0.11,0.00,0.00,0.00,0.00,0.00,0.34,0.00,0,0.00,0,0,0/0/0,0.08,0.00,126,1,1,0,0,0,2026-09-09T18:30:34.6283567Z
3.97ms,251.7,0,63,30009,"mass_navigation_agent_health_text_light:8568,mass_navigation_agent_health_hud_light:8568,mass_navigation_agent_azure_light:2142,mass_navigation_agent_crimson_light:2142,mass_navigation_agent_amber_light:2142,mass_navigation_agent_emerald_light:2142,mass_navigation_agent_health_text_heavy:1432,mass_navigation_agent_health_hud_heavy:1432",0,0,63,63/6,0.01,0.04,0.00,0.00,0.01,3.40,0.09,0.00,0.21,EffectProcessingLoopSystem:0.21,:0.00,:0.00,3.13,PresenterEntityTransformSyncSystem:0.81,AnimatorRuntimeSystem:0.66,PresenterEmitSystem:0.35,0.00,0,0,0,0,0,0.66,0.81,0.26,10009/0,0.00,0/0,0.35,10009,0.00,0.00/0.00/0.00/0.00,0.00/0.00/0.00,0.00/0.00/0.00/0.00/0.00/0.00,0.00/0.00/0.00/0.00/0.00,0.19,0.03,0.00,0.15,0.19,0.00,0.08,126,2,0,0.07,0.01,4/0,0.00,0,0,0,0,0.05,0.00,0.00,0.00,0,0.00,0.00,0,0,0/0,0.00,0,0,0.00,0,0,0.00,0,0,0.12,0.00,0,2,0,0.12,0.00,0.00,0.00,0.00,0.00,0.35,0.00,0,0.00,0,0,0/0/0,0.10,0.00,126,1,1,0,0,0,2026-09-09T18:30:34.8980755Z
3.46ms,289.1,0,63,30009,"mass_navigation_agent_health_text_light:8568,mass_navigation_agent_health_hud_light:8568,mass_navigation_agent_azure_light:2142,mass_navigation_agent_crimson_light:2142,mass_navigation_agent_amber_light:2142,mass_navigation_agent_emerald_light:2142,mass_navigation_agent_health_text_heavy:1432,mass_navigation_agent_health_hud_heavy:1432",0,0,63,63/6,0.01,0.03,0.00,0.00,0.01,3.08,0.05,0.00,0.00,:0.00,:0.00,:0.00,3.04,PresenterEntityTransformSyncSystem:0.83,AnimatorRuntimeSystem:0.59,TerrainHeightSyncSystem:0.41,0.00,0,0,0,0,0,0.59,0.83,0.17,10009/0,0.00,0/0,0.41,10009,0.00,0.00/0.00/0.00/0.00,0.00/0.00/0.00,0.00/0.00/0.00/0.00/0.00/0.00,0.00/0.00/0.00/0.00/0.00,0.21,0.02,0.00,0.18,0.21,0.00,0.04,126,2,0,0.06,0.01,4/0,0.00,0,0,0,0,0.04,0.00,0.00,0.00,0,0.00,0.00,0,0,0/0,0.00,0,0,0.00,0,0,0.00,0,0,0.05,0.00,0,2,0,0.05,0.00,0.00,0.00,0.00,0.00,0.32,0.00,0,0.00,0,0,0/0/0,0.10,0.00,126,1,1,0,0,0,2026-09-09T18:30:35.1855606Z
3.86ms,258.8,0,63,30009,"mass_navigation_agent_health_text_light:8568,mass_navigation_agent_health_hud_light:8568,mass_navigation_agent_azure_light:2142,mass_navigation_agent_crimson_light:2142,mass_navigation_agent_amber_light:2142,mass_navigation_agent_emerald_light:2142,mass_navigation_agent_health_text_heavy:1432,mass_navigation_agent_health_hud_heavy:1432",0,0,63,63/6,0.07,0.03,0.00,0.00,0.01,3.33,0.02,0.00,0.00,:0.00,:0.00,:0.00,3.28,PresenterEntityTransformSyncSystem:0.89,AnimatorRuntimeSystem:0.59,TerrainHeightSyncSystem:0.42,0.00,0,0,0,0,0,0.59,0.89,0.23,10009/0,0.00,0/0,0.42,10009,0.00,0.00/0.00/0.00/0.00,0.00/0.00/0.00,0.00/0.00/0.00/0.00/0.00/0.00,0.00/0.00/0.00/0.00/0.00,0.26,0.03,0.00,0.23,0.26,0.00,0.02,126,2,0,0.08,0.01,4/0,0.00,0,0,0,0,0.05,0.00,0.00,0.00,0,0.00,0.00,0,0,0/0,0.00,0,0,0.00,0,0,0.00,0,0,0.11,0.00,0,2,0,0.10,0.00,0.00,0.00,0.00,0.00,0.33,0.00,0,0.00,0,0,0/0/0,0.09,0.00,126,1,1,0,0,0,2026-09-09T18:30:35.4844371Z
3.59ms,278.8,0,63,30009,"mass_navigation_agent_health_text_light:8568,mass_navigation_agent_health_hud_light:8568,mass_navigation_agent_azure_light:2142,mass_navigation_agent_crimson_light:2142,mass_navigation_agent_amber_light:2142,mass_navigation_agent_emerald_light:2142,mass_navigation_agent_health_text_heavy:1432,mass_navigation_agent_health_hud_heavy:1432",0,0,63,63/6,0.01,0.03,0.00,0.00,0.01,3.17,0.02,0.00,0.00,:0.00,:0.00,:0.00,3.12,PresenterEntityTransformSyncSystem:0.84,AnimatorRuntimeSystem:0.65,TerrainHeightSyncSystem:0.39,0.00,0,0,0,0,0,0.65,0.84,0.19,10009/0,0.00,0/0,0.39,10009,0.00,0.00/0.00/0.00/0.00,0.00/0.00/0.00,0.00/0.00/0.00/0.00/0.00/0.00,0.00/0.00/0.00/0.00/0.00,0.18,0.03,0.00,0.15,0.18,0.00,0.01,126,2,0,0.07,0.01,4/0,0.00,0,0,0,0,0.05,0.00,0.00,0.00,0,0.00,0.00,0,0,0/0,0.00,0,0,0.00,0,0,0.00,0,0,0.09,0.00,0,2,0,0.09,0.00,0.00,0.00,0.00,0.00,0.34,0.00,0,0.00,0,0,0/0/0,0.08,0.00,126,1,1,0,0,0,2026-09-09T18:30:35.7652554Z
3.55ms,282.0,0,63,30009,"mass_navigation_agent_health_text_light:8568,mass_navigation_agent_health_hud_light:8568,mass_navigation_agent_azure_light:2142,mass_navigation_agent_crimson_light:2142,mass_navigation_agent_amber_light:2142,mass_navigation_agent_emerald_light:2142,mass_navigation_agent_health_text_heavy:1432,mass_navigation_agent_health_hud_heavy:1432",0,0,63,63/6,0.01,0.04,0.00,0.00,0.01,3.07,0.02,0.00,0.00,:0.00,:0.00,:0.00,3.02,PresenterEntityTransformSyncSystem:0.79,AnimatorRuntimeSystem:0.56,PresenterEmitSystem:0.43,0.00,0,0,0,0,0,0.56,0.79,0.20,10009/0,0.00,0/0,0.36,10009,0.00,0.00/0.00/0.00/0.00,0.00/0.00/0.00,0.00/0.00/0.00/0.00/0.00/0.00,0.00/0.00/0.00/0.00/0.00,0.17,0.03,0.00,0.13,0.16,0.00,0.02,126,2,0,0.07,0.01,4/0,0.00,0,0,0,0,0.05,0.00,0.00,0.00,0,0.00,0.00,0,0,0/0,0.00,0,0,0.00,0,0,0.00,0,0,0.11,0.00,0,2,0,0.11,0.00,0.00,0.00,0.00,0.00,0.43,0.00,0,0.00,0,0,0/0/0,0.09,0.00,126,1,1,0,0,0,2026-09-09T18:30:36.0580538Z
3.64ms,274.7,0,63,30009,"mass_navigation_agent_health_text_light:8568,mass_navigation_agent_health_hud_light:8568,mass_navigation_agent_azure_light:2142,mass_navigation_agent_crimson_light:2142,mass_navigation_agent_amber_light:2142,mass_navigation_agent_emerald_light:2142,mass_navigation_agent_health_text_heavy:1432,mass_navigation_agent_health_hud_heavy:1432",0,0,63,63/6,0.01,0.03,0.00,0.00,0.01,3.23,0.02,0.00,0.00,:0.00,:0.00,:0.00,3.18,PresenterEntityTransformSyncSystem:0.79,AnimatorRuntimeSystem:0.59,TerrainHeightSyncSystem:0.51,0.00,0,0,0,0,0,0.59,0.79,0.19,10009/0,0.00,0/0,0.51,10009,0.00,0.00/0.00/0.00/0.00,0.00/0.00/0.00,0.00/0.00/0.00/0.00/0.00/0.00,0.00/0.00/0.00/0.00/0.00,0.19,0.03,0.00,0.15,0.19,0.00,0.02,126,2,0,0.06,0.01,4/0,0.00,0,0,0,0,0.04,0.00,0.00,0.00,0,0.00,0.00,0,0,0/0,0.00,0,0,0.00,0,0,0.00,0,0,0.09,0.00,0,2,0,0.09,0.00,0.00,0.00,0.00,0.00,0.36,0.00,0,0.00,0,0,0/0/0,0.08,0.00,126,1,1,0,0,0,2026-09-09T18:30:36.3288633Z
3.62ms,276.1,0,63,30009,"mass_navigation_agent_health_text_light:8568,mass_navigation_agent_health_hud_light:8568,mass_navigation_agent_azure_light:2142,mass_navigation_agent_crimson_light:2142,mass_navigation_agent_amber_light:2142,mass_navigation_agent_emerald_light:2142,mass_navigation_agent_health_text_heavy:1432,mass_navigation_agent_health_hud_heavy:1432",0,0,63,63/6,0.01,0.04,0.00,0.00,0.02,3.11,0.03,0.00,0.00,:0.00,:0.00,:0.00,3.06,PresenterEntityTransformSyncSystem:0.81,AnimatorRuntimeSystem:0.56,PresenterEmitSystem:0.46,0.00,0,0,0,0,0,0.56,0.81,0.21,10009/0,0.00,0/0,0.36,10009,0.00,0.00/0.00/0.00/0.00,0.00/0.00/0.00,0.00/0.00/0.00/0.00/0.00/0.00,0.00/0.00/0.00/0.00/0.00,0.16,0.02,0.00,0.13,0.16,0.00,0.02,126,2,0,0.08,0.01,4/0,0.00,0,0,0,0,0.05,0.00,0.00,0.00,0,0.00,0.00,0,0,0/0,0.00,0,0,0.00,0,0,0.00,0,0,0.12,0.00,0,2,0,0.12,0.00,0.00,0.00,0.00,0.00,0.46,0.00,0,0.00,0,0,0/0/0,0.09,0.00,126,1,1,0,0,0,2026-09-09T18:30:36.6169845Z
3.27ms,305.6,0,63,30009,"mass_navigation_agent_health_text_light:8568,mass_navigation_agent_health_hud_light:8568,mass_navigation_agent_azure_light:2142,mass_navigation_agent_crimson_light:2142,mass_navigation_agent_amber_light:2142,mass_navigation_agent_emerald_light:2142,mass_navigation_agent_health_text_heavy:1432,mass_navigation_agent_health_hud_heavy:1432",0,0,63,63/6,0.01,0.03,0.00,0.00,0.01,2.95,0.02,0.00,0.00,:0.00,:0.00,:0.00,2.92,PresenterEntityTransformSyncSystem:0.80,AnimatorRuntimeSystem:0.57,TerrainHeightSyncSystem:0.41,0.00,0,0,0,0,0,0.57,0.80,0.19,10009/0,0.00,0/0,0.41,10009,0.00,0.00/0.00/0.00/0.00,0.00/0.00/0.00,0.00/0.00/0.00/0.00/0.00/0.00,0.00/0.00/0.00/0.00/0.00,0.17,0.02,0.00,0.15,0.17,0.00,0.01,126,2,0,0.05,0.01,4/0,0.00,0,0,0,0,0.04,0.00,0.00,0.00,0,0.00,0.00,0,0,0/0,0.00,0,0,0.00,0,0,0.00,0,0,0.06,0.00,0,2,0,0.06,0.00,0.00,0.00,0.00,0.00,0.29,0.00,0,0.00,0,0,0/0/0,0.06,0.00,126,1,1,0,0,0,2026-09-09T18:30:36.8835553Z
3.64ms,274.8,0,63,30009,"mass_navigation_agent_health_text_light:8568,mass_navigation_agent_health_hud_light:8568,mass_navigation_agent_azure_light:2142,mass_navigation_agent_crimson_light:2142,mass_navigation_agent_amber_light:2142,mass_navigation_agent_emerald_light:2142,mass_navigation_agent_health_text_heavy:1432,mass_navigation_agent_health_hud_heavy:1432",0,0,63,63/6,0.01,0.03,0.00,0.00,0.01,3.21,0.02,0.00,0.00,:0.00,:0.00,:0.00,3.17,PresenterEntityTransformSyncSystem:0.89,AnimatorRuntimeSystem:0.64,TerrainHeightSyncSystem:0.41,0.00,0,0,0,0,0,0.64,0.89,0.19,10009/0,0.00,0/0,0.41,10009,0.00,0.00/0.00/0.00/0.00,0.00/0.00/0.00,0.00/0.00/0.00/0.00/0.00/0.00,0.00/0.00/0.00/0.00/0.00,0.18,0.03,0.00,0.15,0.18,0.00,0.01,126,2,0,0.07,0.01,4/0,0.00,0,0,0,0,0.05,0.00,0.00,0.00,0,0.00,0.00,0,0,0/0,0.00,0,0,0.00,0,0,0.00,0,0,0.10,0.00,0,2,0,0.09,0.00,0.00,0.00,0.00,0.00,0.32,0.00,0,0.00,0,0,0/0/0,0.09,0.00,126,1,1,0,0,0,2026-09-09T18:30:37.1715270Z
3.53ms,283.3,0,63,30009,"mass_navigation_agent_health_text_light:8568,mass_navigation_agent_health_hud_light:8568,mass_navigation_agent_azure_light:2142,mass_navigation_agent_crimson_light:2142,mass_navigation_agent_amber_light:2142,mass_navigation_agent_emerald_light:2142,mass_navigation_agent_health_text_heavy:1432,mass_navigation_agent_health_hud_heavy:1432",0,0,63,63/6,0.01,0.03,0.00,0.00,0.01,3.11,0.02,0.00,0.00,:0.00,:0.00,:0.00,3.07,PresenterEntityTransformSyncSystem:0.80,AnimatorRuntimeSystem:0.59,TerrainHeightSyncSystem:0.41,0.00,0,0,0,0,0,0.59,0.80,0.22,10009/0,0.00,0/0,0.41,10009,0.00,0.00/0.00/0.00/0.00,0.00/0.00/0.00,0.00/0.00/0.00/0.00/0.00/0.00,0.00/0.00/0.00/0.00/0.00,0.20,0.03,0.00,0.17,0.20,0.00,0.01,126,2,0,0.06,0.01,4/0,0.00,0,0,0,0,0.04,0.00,0.00,0.00,0,0.00,0.00,0,0,0/0,0.00,0,0,0.00,0,0,0.00,0,0,0.10,0.00,0,2,0,0.09,0.00,0.00,0.00,0.00,0.00,0.34,0.00,0,0.00,0,0,0/0/0,0.08,0.00,126,1,1,0,0,0,2026-09-09T18:30:37.4704177Z
4.17ms,240.0,0,63,30009,"mass_navigation_agent_health_text_light:8568,mass_navigation_agent_health_hud_light:8568,mass_navigation_agent_azure_light:2142,mass_navigation_agent_crimson_light:2142,mass_navigation_agent_amber_light:2142,mass_navigation_agent_emerald_light:2142,mass_navigation_agent_health_text_heavy:1432,mass_navigation_agent_health_hud_heavy:1432",0,0,63,63/6,0.01,0.04,0.00,0.00,0.02,3.67,0.02,0.00,0.20,EffectProcessingLoopSystem:0.20,:0.00,:0.00,3.42,PresenterEntityTransformSyncSystem:0.90,AnimatorRuntimeSystem:0.70,PresenterEmitSystem:0.44,0.00,0,0,0,0,0,0.70,0.90,0.22,10009/0,0.00,0/0,0.38,10009,0.00,0.00/0.00/0.00/0.00,0.00/0.00/0.00,0.00/0.00/0.00/0.00/0.00/0.00,0.00/0.00/0.00/0.00/0.00,0.22,0.03,0.00,0.19,0.22,0.00,0.02,126,2,0,0.08,0.01,4/0,0.00,0,0,0,0,0.05,0.00,0.00,0.00,0,0.00,0.00,0,0,0/0,0.00,0,0,0.00,0,0,0.00,0,0,0.12,0.00,0,2,0,0.12,0.00,0.00,0.00,0.00,0.00,0.44,0.00,0,0.00,0,0,0/0/0,0.10,0.00,126,1,1,0,0,0,2026-09-09T18:30:37.7472681Z
3.50ms,285.9,0,63,30009,"mass_navigation_agent_health_text_light:8568,mass_navigation_agent_health_hud_light:8568,mass_navigation_agent_azure_light:2142,mass_navigation_agent_crimson_light:2142,mass_navigation_agent_amber_light:2142,mass_navigation_agent_emerald_light:2142,mass_navigation_agent_health_text_heavy:1432,mass_navigation_agent_health_hud_heavy:1432",0,0,63,63/6,0.01,0.03,0.00,0.00,0.01,3.06,0.02,0.00,0.00,:0.00,:0.00,:0.00,3.01,PresenterEntityTransformSyncSystem:0.78,AnimatorRuntimeSystem:0.58,TerrainHeightSyncSystem:0.41,0.00,0,0,0,0,0,0.58,0.78,0.20,10009/0,0.00,0/0,0.41,10009,0.00,0.00/0.00/0.00/0.00,0.00/0.00/0.00,0.00/0.00/0.00/0.00/0.00/0.00,0.00/0.00/0.00/0.00/0.00,0.20,0.02,0.00,0.17,0.20,0.00,0.01,126,2,0,0.07,0.01,4/0,0.00,0,0,0,0,0.05,0.00,0.00,0.00,0,0.00,0.00,0,0,0/0,0.00,0,0,0.00,0,0,0.00,0,0,0.10,0.00,0,2,0,0.10,0.00,0.00,0.00,0.00,0.00,0.36,0.00,0,0.00,0,0,0/0/0,0.10,0.00,126,1,1,0,0,0,2026-09-09T18:30:38.0381596Z
3.48ms,287.2,0,63,30009,"mass_navigation_agent_health_text_light:8568,mass_navigation_agent_health_hud_light:8568,mass_navigation_agent_azure_light:2142,mass_navigation_agent_crimson_light:2142,mass_navigation_agent_amber_light:2142,mass_navigation_agent_emerald_light:2142,mass_navigation_agent_health_text_heavy:1432,mass_navigation_agent_health_hud_heavy:1432",0,0,63,63/6,0.01,0.04,0.00,0.00,0.01,3.05,0.02,0.00,0.00,:0.00,:0.00,:0.00,3.00,PresenterEntityTransformSyncSystem:0.80,AnimatorRuntimeSystem:0.64,TerrainHeightSyncSystem:0.41,0.00,0,0,0,0,0,0.64,0.80,0.17,10009/0,0.00,0/0,0.41,10009,0.00,0.00/0.00/0.00/0.00,0.00/0.00/0.00,0.00/0.00/0.00/0.00/0.00/0.00,0.00/0.00/0.00/0.00/0.00,0.20,0.03,0.00,0.14,0.17,0.00,0.01,126,2,0,0.07,0.01,4/0,0.00,0,0,0,0,0.05,0.00,0.00,0.00,0,0.00,0.00,0,0,0/0,0.00,0,0,0.00,0,0,0.00,0,0,0.10,0.00,0,2,0,0.10,0.00,0.00,0.00,0.00,0.00,0.30,0.00,0,0.00,0,0,0/0/0,0.09,0.00,126,1,1,0,0,0,2026-09-09T18:30:38.3246395Z
4.10ms,243.8,0,63,30009,"mass_navigation_agent_health_text_light:8568,mass_navigation_agent_health_hud_light:8568,mass_navigation_agent_azure_light:2142,mass_navigation_agent_crimson_light:2142,mass_navigation_agent_amber_light:2142,mass_navigation_agent_emerald_light:2142,mass_navigation_agent_health_text_heavy:1432,mass_navigation_agent_health_hud_heavy:1432",0,0,63,63/6,0.01,0.04,0.00,0.00,0.02,3.47,0.03,0.00,0.19,EffectProcessingLoopSystem:0.18,:0.00,:0.00,3.22,PresenterEntityTransformSyncSystem:0.94,AnimatorRuntimeSystem:0.68,TerrainHeightSyncSystem:0.35,0.00,0,0,0,0,0,0.68,0.94,0.21,10009/0,0.00,0/0,0.35,10009,0.00,0.00/0.00/0.00/0.00,0.00/0.00/0.00,0.00/0.00/0.00/0.00/0.00/0.00,0.00/0.00/0.00/0.00/0.00,0.18,0.03,0.00,0.15,0.18,0.00,0.02,126,2,0,0.08,0.01,4/0,0.00,0,0,0,0,0.05,0.00,0.00,0.00,0,0.00,0.00,0,0,0/0,0.00,0,0,0.00,0,0,0.00,0,0,0.18,0.00,0,2,0,0.18,0.00,0.00,0.00,0.00,0.00,0.34,0.00,0,0.00,0,0,0/0/0,0.11,0.00,126,1,1,0,0,0,2026-09-09T18:30:38.6065864Z
3.53ms,283.2,0,63,30009,"mass_navigation_agent_health_text_light:8568,mass_navigation_agent_health_hud_light:8568,mass_navigation_agent_azure_light:2142,mass_navigation_agent_crimson_light:2142,mass_navigation_agent_amber_light:2142,mass_navigation_agent_emerald_light:2142,mass_navigation_agent_health_text_heavy:1432,mass_navigation_agent_health_hud_heavy:1432",0,0,63,63/6,0.01,0.03,0.00,0.00,0.01,3.12,0.02,0.00,0.00,:0.00,:0.00,:0.00,3.10,PresenterEntityTransformSyncSystem:0.87,AnimatorRuntimeSystem:0.57,TerrainHeightSyncSystem:0.41,0.00,0,0,0,0,0,0.57,0.87,0.19,10009/0,0.00,0/0,0.41,10009,0.00,0.00/0.00/0.00/0.00,0.00/0.00/0.00,0.00/0.00/0.00/0.00/0.00/0.00,0.00/0.00/0.00/0.00/0.00,0.19,0.02,0.00,0.16,0.19,0.00,0.01,126,2,0,0.06,0.01,4/0,0.00,0,0,0,0,0.04,0.00,0.00,0.00,0,0.00,0.00,0,0,0/0,0.00,0,0,0.00,0,0,0.00,0,0,0.10,0.00,0,2,0,0.10,0.00,0.00,0.00,0.00,0.00,0.34,0.00,0,0.00,0,0,0/0/0,0.09,0.00,126,1,1,0,0,0,2026-09-09T18:30:38.8789873Z
3.88ms,257.8,0,63,30009,"mass_navigation_agent_health_text_light:8568,mass_navigation_agent_health_hud_light:8568,mass_navigation_agent_azure_light:2142,mass_navigation_agent_crimson_light:2142,mass_navigation_agent_amber_light:2142,mass_navigation_agent_emerald_light:2142,mass_navigation_agent_health_text_heavy:1432,mass_navigation_agent_health_hud_heavy:1432",0,0,63,63/6,0.01,0.03,0.00,0.00,0.01,3.16,0.02,0.00,0.00,:0.00,:0.00,:0.00,3.13,PresenterEntityTransformSyncSystem:0.86,AnimatorRuntimeSystem:0.65,TerrainHeightSyncSystem:0.38,0.00,0,0,0,0,0,0.65,0.86,0.20,10009/0,0.00,0/0,0.38,10009,0.00,0.00/0.00/0.00/0.00,0.00/0.00/0.00,0.00/0.00/0.00/0.00/0.00/0.00,0.00/0.00/0.00/0.00/0.00,0.17,0.02,0.00,0.14,0.17,0.00,0.01,126,2,0,0.07,0.01,4/0,0.00,0,0,0,0,0.05,0.00,0.00,0.00,0,0.00,0.00,0,0,0/0,0.00,0,0,0.00,0,0,0.00,0,0,0.10,0.00,0,2,0,0.10,0.00,0.00,0.00,0.00,0.00,0.33,0.00,0,0.00,0,0,0/0/0,0.38,0.00,126,1,1,0,0,0,2026-09-09T18:30:39.1686030Z
8.08ms,123.7,0,63,30009,"mass_navigation_agent_health_text_light:8568,mass_navigation_agent_health_hud_light:8568,mass_navigation_agent_azure_light:2142,mass_navigation_agent_crimson_light:2142,mass_navigation_agent_amber_light:2142,mass_navigation_agent_emerald_light:2142,mass_navigation_agent_health_text_heavy:1432,mass_navigation_agent_health_hud_heavy:1432",0,0,63,63/6,0.01,0.04,0.00,0.00,0.01,7.59,0.03,0.00,3.81,EffectProcessingLoopSystem:1.59,MapEntityLifecycleObserverSystem:0.67,MassNavigationAuthoredAgentBindingSystem:0.53,3.73,PresenterEntityTransformSyncSystem:0.94,PresenterEmitSystem:0.58,AnimatorRuntimeSystem:0.55,0.18,0,133,133,0,0,0.55,0.93,0.22,10009/0,0.00,0/0,0.41,10009,0.00,0.00/0.00/0.00/0.00,0.00/0.00/0.00,0.00/0.00/0.00/0.00/0.00/0.00,0.00/0.00/0.00/0.00/0.00,0.19,0.03,0.00,0.15,0.19,0.00,0.02,126,2,0,0.07,0.01,4/0,0.00,0,0,0,0,0.05,0.00,0.00,0.00,0,0.00,0.00,0,0,0/0,0.00,0,0,0.00,0,0,0.00,0,0,0.12,0.00,0,2,0,0.12,0.00,0.00,0.00,0.00,0.00,0.58,0.00,0,0.24,264,0,264/0/0,0.10,0.00,126,1,1,0,0,0,2026-09-09T18:30:39.4539921Z
3.52ms,284.5,0,63,30009,"mass_navigation_agent_health_text_light:8568,mass_navigation_agent_health_hud_light:8568,mass_navigation_agent_azure_light:2142,mass_navigation_agent_crimson_light:2142,mass_navigation_agent_amber_light:2142,mass_navigation_agent_emerald_light:2142,mass_navigation_agent_health_text_heavy:1432,mass_navigation_agent_health_hud_heavy:1432",0,0,63,63/6,0.01,0.03,0.00,0.00,0.01,3.09,0.02,0.00,0.00,:0.00,:0.00,:0.00,3.06,PresenterEntityTransformSyncSystem:0.80,AnimatorRuntimeSystem:0.59,TerrainHeightSyncSystem:0.41,0.00,0,0,0,0,0,0.59,0.80,0.25,10009/0,0.00,0/0,0.41,10009,0.00,0.00/0.00/0.00/0.00,0.00/0.00/0.00,0.00/0.00/0.00/0.00/0.00/0.00,0.00/0.00/0.00/0.00/0.00,0.18,0.02,0.00,0.15,0.17,0.00,0.01,126,2,0,0.06,0.01,4/0,0.00,0,0,0,0,0.05,0.00,0.00,0.00,0,0.00,0.00,0,0,0/0,0.00,0,0,0.00,0,0,0.00,0,0,0.09,0.00,0,2,0,0.09,0.00,0.00,0.00,0.00,0.00,0.34,0.00,0,0.00,0,0,0/0/0,0.09,0.00,126,1,1,0,0,0,2026-09-09T18:30:39.7206922Z
8.52ms,117.3,0,63,30009,"mass_navigation_agent_health_text_light:8568,mass_navigation_agent_health_hud_light:8568,mass_navigation_agent_azure_light:2142,mass_navigation_agent_crimson_light:2142,mass_navigation_agent_amber_light:2142,mass_navigation_agent_emerald_light:2142,mass_navigation_agent_health_text_heavy:1432,mass_navigation_agent_health_hud_heavy:1432",0,0,63,63/6,0.01,0.03,0.00,0.00,0.01,7.97,0.03,0.00,4.00,EffectProcessingLoopSystem:1.69,MapEntityLifecycleObserverSystem:0.60,AttributeAggregatorSystem:0.59,3.93,PresenterEntityTransformSyncSystem:0.96,PresenterEmitSystem:0.69,AnimatorRuntimeSystem:0.56,0.21,0,161,161,0,0,0.56,0.96,0.20,10009/0,0.00,0/0,0.41,10009,0.00,0.00/0.00/0.00/0.00,0.00/0.00/0.00,0.00/0.00/0.00/0.00/0.00/0.00,0.00/0.00/0.00/0.00/0.00,0.18,0.03,0.00,0.14,0.18,0.00,0.02,126,2,0,0.07,0.01,4/0,0.00,0,0,0,0,0.04,0.00,0.00,0.00,0,0.00,0.00,0,0,0/0,0.00,0,0,0.00,0,0,0.00,0,0,0.14,0.00,0,2,0,0.14,0.00,0.00,0.00,0.00,0.00,0.69,0.00,0,0.31,320,0,320/0/0,0.12,0.00,126,1,1,0,0,0,2026-09-09T18:30:40.0125556Z
3.58ms,279.2,0,63,30009,"mass_navigation_agent_health_text_light:8568,mass_navigation_agent_health_hud_light:8568,mass_navigation_agent_azure_light:2142,mass_navigation_agent_crimson_light:2142,mass_navigation_agent_amber_light:2142,mass_navigation_agent_emerald_light:2142,mass_navigation_agent_health_text_heavy:1432,mass_navigation_agent_health_hud_heavy:1432",0,0,63,63/6,0.01,0.03,0.00,0.00,0.01,3.16,0.02,0.00,0.00,:0.00,:0.00,:0.00,3.11,PresenterEntityTransformSyncSystem:0.84,AnimatorRuntimeSystem:0.59,TerrainHeightSyncSystem:0.42,0.00,0,0,0,0,0,0.59,0.84,0.19,10009/0,0.00,0/0,0.42,10009,0.00,0.00/0.00/0.00/0.00,0.00/0.00/0.00,0.00/0.00/0.00/0.00/0.00/0.00,0.00/0.00/0.00/0.00/0.00,0.20,0.02,0.00,0.17,0.20,0.00,0.01,126,2,0,0.06,0.01,4/0,0.00,0,0,0,0,0.05,0.00,0.00,0.00,0,0.00,0.00,0,0,0/0,0.00,0,0,0.00,0,0,0.00,0,0,0.10,0.00,0,2,0,0.10,0.00,0.00,0.00,0.00,0.00,0.35,0.00,0,0.00,0,0,0/0/0,0.09,0.00,126,1,1,0,0,0,2026-09-09T18:30:40.2778034Z
8.87ms,112.7,0,63,30009,"mass_navigation_agent_health_text_light:8568,mass_navigation_agent_health_hud_light:8568,mass_navigation_agent_azure_light:2142,mass_navigation_agent_crimson_light:2142,mass_navigation_agent_amber_light:2142,mass_navigation_agent_emerald_light:2142,mass_navigation_agent_health_text_heavy:1432,mass_navigation_agent_health_hud_heavy:1432",0,0,63,63/6,0.01,0.04,0.00,0.00,0.01,8.14,0.05,0.00,3.91,EffectProcessingLoopSystem:1.85,MapEntityLifecycleObserverSystem:0.58,MassNavigationAuthoredAgentBindingSystem:0.54,4.18,PresenterEntityTransformSyncSystem:1.08,PresenterEmitSystem:0.65,AnimatorRuntimeSystem:0.58,0.22,0,158,158,0,0,0.58,1.08,0.28,10009/0,0.00,0/0,0.39,10009,0.00,0.00/0.00/0.00/0.00,0.00/0.00/0.00,0.00/0.00/0.00/0.00/0.00/0.00,0.00/0.00/0.00/0.00/0.00,0.19,0.03,0.00,0.15,0.19,0.00,0.03,126,2,0,0.08,0.01,4/0,0.00,0,0,0,0,0.05,0.00,0.00,0.00,0,0.00,0.00,0,0,0/0,0.00,0,0,0.00,0,0,0.00,0,0,0.25,0.01,2,2,2,0.24,0.00,0.00,0.00,0.00,0.00,0.65,0.00,0,0.28,314,0,314/0/0,0.12,0.00,126,1,1,0,0,0,2026-09-09T18:30:40.5567470Z
3.46ms,288.7,0,63,30009,"mass_navigation_agent_health_text_light:8568,mass_navigation_agent_health_hud_light:8568,mass_navigation_agent_azure_light:2142,mass_navigation_agent_crimson_light:2142,mass_navigation_agent_amber_light:2142,mass_navigation_agent_emerald_light:2142,mass_navigation_agent_health_text_heavy:1432,mass_navigation_agent_health_hud_heavy:1432",0,0,63,63/6,0.01,0.03,0.00,0.00,0.01,3.03,0.02,0.00,0.00,:0.00,:0.00,:0.00,2.99,PresenterEntityTransformSyncSystem:0.80,AnimatorRuntimeSystem:0.61,TerrainHeightSyncSystem:0.40,0.00,0,0,0,0,0,0.61,0.80,0.17,10009/0,0.00,0/0,0.40,10009,0.00,0.00/0.00/0.00/0.00,0.00/0.00/0.00,0.00/0.00/0.00/0.00/0.00/0.00,0.00/0.00/0.00/0.00/0.00,0.19,0.03,0.00,0.15,0.19,0.00,0.01,126,2,0,0.07,0.01,4/0,0.00,0,0,0,0,0.05,0.00,0.00,0.00,0,0.00,0.00,0,0,0/0,0.00,0,0,0.00,0,0,0.00,0,0,0.10,0.00,0,2,0,0.10,0.00,0.00,0.00,0.00,0.00,0.32,0.00,0,0.00,0,0,0/0/0,0.09,0.00,126,1,1,0,0,0,2026-09-09T18:30:40.8311242Z
3.39ms,295.2,0,63,30009,"mass_navigation_agent_health_text_light:8568,mass_navigation_agent_health_hud_light:8568,mass_navigation_agent_azure_light:2142,mass_navigation_agent_crimson_light:2142,mass_navigation_agent_amber_light:2142,mass_navigation_agent_emerald_light:2142,mass_navigation_agent_health_text_heavy:1432,mass_navigation_agent_health_hud_heavy:1432",0,0,63,63/6,0.01,0.03,0.00,0.00,0.01,3.04,0.02,0.00,0.00,:0.00,:0.00,:0.00,2.99,PresenterEntityTransformSyncSystem:0.82,AnimatorRuntimeSystem:0.63,TerrainHeightSyncSystem:0.37,0.00,0,0,0,0,0,0.62,0.82,0.19,10009/0,0.00,0/0,0.37,10009,0.00,0.00/0.00/0.00/0.00,0.00/0.00/0.00,0.00/0.00/0.00/0.00/0.00/0.00,0.00/0.00/0.00/0.00/0.00,0.17,0.03,0.00,0.14,0.17,0.00,0.01,126,2,0,0.06,0.01,4/0,0.00,0,0,0,0,0.04,0.00,0.00,0.00,0,0.00,0.00,0,0,0/0,0.00,0,0,0.00,0,0,0.00,0,0,0.06,0.00,0,2,0,0.06,0.00,0.00,0.00,0.00,0.00,0.33,0.00,0,0.00,0,0,0/0/0,0.07,0.00,126,1,1,0,0,0,2026-09-09T18:30:41.1114732Z
3.86ms,258.8,0,63,30009,"mass_navigation_agent_health_text_light:8568,mass_navigation_agent_health_hud_light:8568,mass_navigation_agent_azure_light:2142,mass_navigation_agent_crimson_light:2142,mass_navigation_agent_amber_light:2142,mass_navigation_agent_emerald_light:2142,mass_navigation_agent_health_text_heavy:1432,mass_navigation_agent_health_hud_heavy:1432",0,0,63,63/6,0.01,0.05,0.00,0.00,0.01,3.33,0.03,0.00,0.00,:0.00,:0.00,:0.00,3.29,PresenterEntityTransformSyncSystem:0.97,AnimatorRuntimeSystem:0.61,PresenterEmitSystem:0.45,0.00,0,0,0,0,0,0.61,0.97,0.18,10009/0,0.00,0/0,0.42,10009,0.00,0.00/0.00/0.00/0.00,0.00/0.00/0.00,0.00/0.00/0.00/0.00/0.00/0.00,0.00/0.00/0.00/0.00/0.00,0.17,0.02,0.00,0.14,0.17,0.00,0.02,126,2,0,0.09,0.01,4/0,0.00,0,0,0,0,0.07,0.00,0.00,0.00,0,0.00,0.00,0,0,0/0,0.00,0,0,0.00,0,0,0.00,0,0,0.11,0.00,0,2,0,0.11,0.00,0.00,0.00,0.00,0.00,0.45,0.00,0,0.00,0,0,0/0/0,0.10,0.00,126,1,1,0,0,0,2026-09-09T18:30:41.3780928Z
3.47ms,288.4,0,63,30009,"mass_navigation_agent_health_text_light:8568,mass_navigation_agent_health_hud_light:8568,mass_navigation_agent_azure_light:2142,mass_navigation_agent_crimson_light:2142,mass_navigation_agent_amber_light:2142,mass_navigation_agent_emerald_light:2142,mass_navigation_agent_health_text_heavy:1432,mass_navigation_agent_health_hud_heavy:1432",0,0,63,63/6,0.01,0.03,0.00,0.00,0.01,3.05,0.02,0.00,0.00,:0.00,:0.00,:0.00,3.00,PresenterEntityTransformSyncSystem:0.75,AnimatorRuntimeSystem:0.56,PresenterEmitSystem:0.45,0.00,0,0,0,0,0,0.56,0.75,0.18,10009/0,0.00,0/0,0.43,10009,0.00,0.00/0.00/0.00/0.00,0.00/0.00/0.00,0.00/0.00/0.00/0.00/0.00/0.00,0.00/0.00/0.00/0.00/0.00,0.16,0.02,0.00,0.14,0.16,0.00,0.01,126,2,0,0.06,0.01,4/0,0.00,0,0,0,0,0.04,0.00,0.00,0.00,0,0.00,0.00,0,0,0/0,0.00,0,0,0.00,0,0,0.00,0,0,0.09,0.00,0,2,0,0.09,0.00,0.00,0.00,0.00,0.00,0.45,0.00,0,0.00,0,0,0/0/0,0.10,0.00,126,1,1,0,0,0,2026-09-09T18:30:41.6851299Z
3.64ms,274.8,0,63,30009,"mass_navigation_agent_health_text_light:8568,mass_navigation_agent_health_hud_light:8568,mass_navigation_agent_azure_light:2142,mass_navigation_agent_crimson_light:2142,mass_navigation_agent_amber_light:2142,mass_navigation_agent_emerald_light:2142,mass_navigation_agent_health_text_heavy:1432,mass_navigation_agent_health_hud_heavy:1432",0,0,63,63/6,0.01,0.04,0.00,0.00,0.01,3.21,0.02,0.00,0.00,:0.00,:0.00,:0.00,3.16,PresenterEntityTransformSyncSystem:0.95,AnimatorRuntimeSystem:0.62,TerrainHeightSyncSystem:0.37,0.01,0,0,0,0,0,0.62,0.95,0.21,10009/0,0.00,0/0,0.37,10009,0.00,0.00/0.00/0.00/0.00,0.00/0.00/0.00,0.00/0.00/0.00/0.00/0.00/0.00,0.00/0.00/0.00/0.00/0.00,0.16,0.03,0.00,0.13,0.16,0.00,0.01,126,2,0,0.07,0.01,4/0,0.00,0,0,0,0,0.05,0.00,0.00,0.00,0,0.00,0.00,0,0,0/0,0.00,0,0,0.00,0,0,0.00,0,0,0.10,0.00,0,2,0,0.09,0.00,0.00,0.00,0.00,0.00,0.33,0.00,0,0.00,0,0,0/0/0,0.09,0.00,126,1,1,0,0,0,2026-09-09T18:30:41.9692901Z
9.04ms,110.7,0,63,30009,"mass_navigation_agent_health_text_light:8568,mass_navigation_agent_health_hud_light:8568,mass_navigation_agent_azure_light:2142,mass_navigation_agent_crimson_light:2142,mass_navigation_agent_amber_light:2142,mass_navigation_agent_emerald_light:2142,mass_navigation_agent_health_text_heavy:1432,mass_navigation_agent_health_hud_heavy:1432",0,0,63,63/6,0.01,0.03,0.00,0.00,0.01,8.53,0.03,0.00,4.21,EffectProcessingLoopSystem:1.77,MapEntityLifecycleObserverSystem:0.69,AttributeAggregatorSystem:0.63,4.27,PresenterEntityTransformSyncSystem:1.12,PresenterEmitSystem:0.62,TerrainHeightSyncSystem:0.54,0.21,0,162,162,0,0,0.54,1.12,0.23,10009/0,0.00,0/0,0.54,10009,0.00,0.00/0.00/0.00/0.00,0.00/0.00/0.00,0.00/0.00/0.00/0.00/0.00/0.00,0.00/0.00/0.00/0.00/0.00,0.23,0.03,0.00,0.19,0.23,0.00,0.02,126,2,0,0.06,0.01,4/0,0.00,0,0,0,0,0.04,0.00,0.00,0.00,0,0.00,0.00,0,0,0/0,0.00,0,0,0.00,0,0,0.00,0,0,0.13,0.00,0,2,0,0.13,0.00,0.00,0.00,0.00,0.00,0.62,0.00,0,0.28,322,0,322/0/0,0.10,0.00,126,1,1,0,0,0,2026-09-09T18:30:42.2546705Z
3.68ms,271.7,0,63,30009,"mass_navigation_agent_health_text_light:8568,mass_navigation_agent_health_hud_light:8568,mass_navigation_agent_azure_light:2142,mass_navigation_agent_crimson_light:2142,mass_navigation_agent_amber_light:2142,mass_navigation_agent_emerald_light:2142,mass_navigation_agent_health_text_heavy:1432,mass_navigation_agent_health_hud_heavy:1432",0,0,63,63/6,0.01,0.05,0.00,0.00,0.01,3.15,0.02,0.00,0.00,:0.00,:0.00,:0.00,3.10,PresenterEntityTransformSyncSystem:0.78,AnimatorRuntimeSystem:0.62,PresenterEmitSystem:0.44,0.00,0,0,0,0,0,0.62,0.78,0.19,10009/0,0.00,0/0,0.40,10009,0.00,0.00/0.00/0.00/0.00,0.00/0.00/0.00,0.00/0.00/0.00/0.00/0.00/0.00,0.00/0.00/0.00/0.00/0.00,0.17,0.02,0.00,0.14,0.17,0.00,0.02,126,2,0,0.09,0.01,4/0,0.00,0,0,0,0,0.06,0.00,0.00,0.00,0,0.00,0.00,0,0,0/0,0.00,0,0,0.00,0,0,0.00,0,0,0.10,0.00,0,2,0,0.10,0.00,0.00,0.00,0.00,0.00,0.44,0.00,0,0.00,0,0,0/0/0,0.12,0.00,126,1,1,0,0,0,2026-09-09T18:30:42.5237167Z
3.99ms,250.6,0,63,30009,"mass_navigation_agent_health_text_light:8568,mass_navigation_agent_health_hud_light:8568,mass_navigation_agent_azure_light:2142,mass_navigation_agent_crimson_light:2142,mass_navigation_agent_amber_light:2142,mass_navigation_agent_emerald_light:2142,mass_navigation_agent_health_text_heavy:1432,mass_navigation_agent_health_hud_heavy:1432",0,0,63,63/6,0.02,0.03,0.00,0.00,0.02,3.51,0.03,0.00,0.18,EffectProcessingLoopSystem:0.18,:0.00,:0.00,3.26,PresenterEntityTransformSyncSystem:1.03,AnimatorRuntimeSystem:0.59,TerrainHeightSyncSystem:0.37,0.00,0,0,0,0,0,0.59,1.03,0.19,10009/0,0.00,0/0,0.37,10009,0.00,0.00/0.00/0.00/0.00,0.00/0.00/0.00,0.00/0.00/0.00/0.00/0.00/0.00,0.00/0.00/0.00/0.00/0.00,0.19,0.03,0.00,0.15,0.19,0.00,0.02,126,2,0,0.07,0.01,4/0,0.00,0,0,0,0,0.04,0.00,0.00,0.00,0,0.00,0.00,0,0,0/0,0.00,0,0,0.00,0,0,0.00,0,0,0.12,0.00,0,2,0,0.11,0.00,0.00,0.00,0.00,0.00,0.35,0.00,0,0.00,0,0,0/0/0,0.08,0.00,126,1,1,0,0,0,2026-09-09T18:30:42.8055047Z
3.86ms,259.1,0,63,30009,"mass_navigation_agent_health_text_light:8568,mass_navigation_agent_health_hud_light:8568,mass_navigation_agent_azure_light:2142,mass_navigation_agent_crimson_light:2142,mass_navigation_agent_amber_light:2142,mass_navigation_agent_emerald_light:2142,mass_navigation_agent_health_text_heavy:1432,mass_navigation_agent_health_hud_heavy:1432",0,0,63,63/6,0.01,0.04,0.00,0.00,0.02,3.38,0.02,0.00,0.19,EffectProcessingLoopSystem:0.19,:0.00,:0.00,3.13,PresenterEntityTransformSyncSystem:0.91,AnimatorRuntimeSystem:0.60,TerrainHeightSyncSystem:0.39,0.00,0,0,0,0,0,0.60,0.91,0.23,10009/0,0.00,0/0,0.39,10009,0.00,0.00/0.00/0.00/0.00,0.00/0.00/0.00,0.00/0.00/0.00/0.00/0.00/0.00,0.00/0.00/0.00/0.00/0.00,0.18,0.02,0.00,0.15,0.17,0.00,0.02,126,2,0,0.07,0.01,4/0,0.00,0,0,0,0,0.05,0.00,0.00,0.00,0,0.00,0.00,0,0,0/0,0.00,0,0,0.00,0,0,0.00,0,0,0.11,0.00,0,2,0,0.11,0.00,0.00,0.00,0.00,0.00,0.32,0.00,0,0.00,0,0,0/0/0,0.09,0.00,126,1,1,0,0,0,2026-09-09T18:30:43.0975240Z
3.63ms,275.7,0,63,30009,"mass_navigation_agent_health_text_light:8568,mass_navigation_agent_health_hud_light:8568,mass_navigation_agent_azure_light:2142,mass_navigation_agent_crimson_light:2142,mass_navigation_agent_amber_light:2142,mass_navigation_agent_emerald_light:2142,mass_navigation_agent_health_text_heavy:1432,mass_navigation_agent_health_hud_heavy:1432",0,0,63,63/6,0.01,0.03,0.00,0.00,0.01,3.28,0.02,0.00,0.00,:0.00,:0.00,:0.00,3.22,PresenterEntityTransformSyncSystem:0.79,AnimatorRuntimeSystem:0.59,TerrainHeightSyncSystem:0.56,0.00,0,0,0,0,0,0.59,0.79,0.19,10009/0,0.00,0/0,0.56,10009,0.00,0.00/0.00/0.00/0.00,0.00/0.00/0.00,0.00/0.00/0.00/0.00/0.00/0.00,0.00/0.00/0.00/0.00/0.00,0.19,0.03,0.00,0.16,0.19,0.00,0.01,126,2,0,0.06,0.01,4/0,0.00,0,0,0,0,0.04,0.00,0.00,0.00,0,0.00,0.00,0,0,0/0,0.00,0,0,0.00,0,0,0.00,0,0,0.07,0.00,0,2,0,0.07,0.00,0.00,0.00,0.00,0.00,0.35,0.00,0,0.00,0,0,0/0/0,0.07,0.00,126,1,1,0,0,0,2026-09-09T18:30:43.3752596Z
3.68ms,271.4,0,63,30009,"mass_navigation_agent_health_text_light:8568,mass_navigation_agent_health_hud_light:8568,mass_navigation_agent_azure_light:2142,mass_navigation_agent_crimson_light:2142,mass_navigation_agent_amber_light:2142,mass_navigation_agent_emerald_light:2142,mass_navigation_agent_health_text_heavy:1432,mass_navigation_agent_health_hud_heavy:1432",0,0,63,63/6,0.01,0.03,0.00,0.00,0.01,3.25,0.02,0.00,0.00,:0.00,:0.00,:0.00,3.21,PresenterEntityTransformSyncSystem:0.96,AnimatorRuntimeSystem:0.61,TerrainHeightSyncSystem:0.41,0.01,0,0,0,0,0,0.61,0.96,0.20,10009/0,0.00,0/0,0.41,10009,0.00,0.00/0.00/0.00/0.00,0.00/0.00/0.00,0.00/0.00/0.00/0.00/0.00/0.00,0.00/0.00/0.00/0.00/0.00,0.17,0.02,0.00,0.14,0.17,0.00,0.01,126,2,0,0.07,0.01,4/0,0.00,0,0,0,0,0.05,0.00,0.00,0.00,0,0.00,0.00,0,0,0/0,0.00,0,0,0.00,0,0,0.00,0,0,0.10,0.00,0,2,0,0.10,0.00,0.00,0.00,0.00,0.00,0.33,0.00,0,0.00,0,0,0/0/0,0.09,0.00,126,1,1,0,0,0,2026-09-09T18:30:43.6623479Z
3.75ms,266.6,0,63,30009,"mass_navigation_agent_health_text_light:8568,mass_navigation_agent_health_hud_light:8568,mass_navigation_agent_azure_light:2142,mass_navigation_agent_crimson_light:2142,mass_navigation_agent_amber_light:2142,mass_navigation_agent_emerald_light:2142,mass_navigation_agent_health_text_heavy:1432,mass_navigation_agent_health_hud_heavy:1432",0,0,63,63/6,0.01,0.03,0.00,0.00,0.01,3.31,0.02,0.00,0.00,:0.00,:0.00,:0.00,3.29,PresenterEntityTransformSyncSystem:0.95,AnimatorRuntimeSystem:0.70,PresenterEmitSystem:0.42,0.00,0,0,0,0,0,0.70,0.95,0.22,10009/0,0.00,0/0,0.38,10009,0.00,0.00/0.00/0.00/0.00,0.00/0.00/0.00,0.00/0.00/0.00/0.00/0.00/0.00,0.00/0.00/0.00/0.00/0.00,0.15,0.02,0.00,0.13,0.15,0.00,0.01,126,2,0,0.07,0.01,4/0,0.00,0,0,0,0,0.05,0.00,0.00,0.00,0,0.00,0.00,0,0,0/0,0.00,0,0,0.00,0,0,0.00,0,0,0.10,0.00,0,2,0,0.10,0.00,0.00,0.00,0.00,0.00,0.42,0.00,0,0.00,0,0,0/0/0,0.08,0.00,126,1,1,0,0,0,2026-09-09T18:30:43.9371497Z
3.62ms,276.4,0,63,30009,"mass_navigation_agent_health_text_light:8568,mass_navigation_agent_health_hud_light:8568,mass_navigation_agent_azure_light:2142,mass_navigation_agent_crimson_light:2142,mass_navigation_agent_amber_light:2142,mass_navigation_agent_emerald_light:2142,mass_navigation_agent_health_text_heavy:1432,mass_navigation_agent_health_hud_heavy:1432",0,0,63,63/6,0.01,0.03,0.00,0.00,0.01,3.20,0.02,0.00,0.00,:0.00,:0.00,:0.00,3.15,PresenterEntityTransformSyncSystem:0.86,AnimatorRuntimeSystem:0.64,TerrainHeightSyncSystem:0.43,0.00,0,0,0,0,0,0.64,0.86,0.20,10009/0,0.00,0/0,0.43,10009,0.00,0.00/0.00/0.00/0.00,0.00/0.00/0.00,0.00/0.00/0.00/0.00/0.00/0.00,0.00/0.00/0.00/0.00/0.00,0.21,0.03,0.00,0.17,0.20,0.00,0.01,126,2,0,0.07,0.01,4/0,0.00,0,0,0,0,0.05,0.00,0.00,0.00,0,0.00,0.00,0,0,0/0,0.00,0,0,0.00,0,0,0.00,0,0,0.10,0.00,0,2,0,0.09,0.00,0.00,0.00,0.00,0.00,0.33,0.00,0,0.00,0,0,0/0/0,0.09,0.00,126,1,1,0,0,0,2026-09-09T18:30:44.2328041Z
3.73ms,268.2,0,63,30009,"mass_navigation_agent_health_text_light:8568,mass_navigation_agent_health_hud_light:8568,mass_navigation_agent_azure_light:2142,mass_navigation_agent_crimson_light:2142,mass_navigation_agent_amber_light:2142,mass_navigation_agent_emerald_light:2142,mass_navigation_agent_health_text_heavy:1432,mass_navigation_agent_health_hud_heavy:1432",0,0,63,63/6,0.01,0.03,0.00,0.00,0.01,3.28,0.02,0.00,0.00,:0.00,:0.00,:0.00,3.24,PresenterEntityTransformSyncSystem:0.97,AnimatorRuntimeSystem:0.67,TerrainHeightSyncSystem:0.38,0.00,0,0,0,0,0,0.67,0.97,0.21,10009/0,0.00,0/0,0.38,10009,0.00,0.00/0.00/0.00/0.00,0.00/0.00/0.00,0.00/0.00/0.00/0.00/0.00/0.00,0.00/0.00/0.00/0.00/0.00,0.17,0.03,0.00,0.14,0.17,0.00,0.02,126,2,0,0.07,0.01,4/0,0.00,0,0,0,0,0.05,0.00,0.00,0.00,0,0.00,0.00,0,0,0/0,0.00,0,0,0.00,0,0,0.00,0,0,0.10,0.00,0,2,0,0.10,0.00,0.00,0.00,0.00,0.00,0.34,0.00,0,0.00,0,0,0/0/0,0.09,0.00,126,1,1,0,0,0,2026-09-09T18:30:44.5123526Z
3.46ms,288.9,0,63,30009,"mass_navigation_agent_health_text_light:8568,mass_navigation_agent_health_hud_light:8568,mass_navigation_agent_azure_light:2142,mass_navigation_agent_crimson_light:2142,mass_navigation_agent_amber_light:2142,mass_navigation_agent_emerald_light:2142,mass_navigation_agent_health_text_heavy:1432,mass_navigation_agent_health_hud_heavy:1432",0,0,63,63/6,0.01,0.03,0.00,0.00,0.01,3.18,0.01,0.00,0.00,:0.00,:0.00,:0.00,3.11,PresenterEntityTransformSyncSystem:0.84,AnimatorRuntimeSystem:0.63,TerrainHeightSyncSystem:0.42,0.00,0,0,0,0,0,0.63,0.84,0.20,10009/0,0.00,0/0,0.42,10009,0.00,0.00/0.00/0.00/0.00,0.00/0.00/0.00,0.00/0.00/0.00/0.00/0.00/0.00,0.00/0.00/0.00/0.00/0.00,0.19,0.03,0.00,0.16,0.19,0.00,0.01,126,2,0,0.05,0.01,4/0,0.00,0,0,0,0,0.04,0.00,0.00,0.00,0,0.00,0.00,0,0,0/0,0.00,0,0,0.00,0,0,0.00,0,0,0.05,0.00,0,2,0,0.05,0.00,0.00,0.00,0.00,0.00,0.32,0.00,0,0.00,0,0,0/0/0,0.05,0.00,126,1,1,0,0,0,2026-09-09T18:30:44.7806364Z
3.52ms,284.5,0,63,30009,"mass_navigation_agent_health_text_light:8568,mass_navigation_agent_health_hud_light:8568,mass_navigation_agent_azure_light:2142,mass_navigation_agent_crimson_light:2142,mass_navigation_agent_amber_light:2142,mass_navigation_agent_emerald_light:2142,mass_navigation_agent_health_text_heavy:1432,mass_navigation_agent_health_hud_heavy:1432",0,0,63,63/6,0.01,0.04,0.00,0.00,0.01,3.06,0.02,0.00,0.00,:0.00,:0.00,:0.00,3.01,PresenterEntityTransformSyncSystem:0.78,AnimatorRuntimeSystem:0.65,TerrainHeightSyncSystem:0.41,0.00,0,0,0,0,0,0.65,0.78,0.19,10009/0,0.00,0/0,0.41,10009,0.00,0.00/0.00/0.00/0.00,0.00/0.00/0.00,0.00/0.00/0.00/0.00/0.00/0.00,0.00/0.00/0.00/0.00/0.00,0.17,0.03,0.00,0.14,0.17,0.00,0.02,126,2,0,0.07,0.01,4/0,0.00,0,0,0,0,0.05,0.00,0.00,0.00,0,0.00,0.00,0,0,0/0,0.00,0,0,0.00,0,0,0.00,0,0,0.11,0.00,0,2,0,0.11,0.00,0.00,0.00,0.00,0.00,0.32,0.00,0,0.00,0,0,0/0/0,0.09,0.00,126,1,1,0,0,0,2026-09-09T18:30:45.0742709Z
7.64ms,131.0,0,63,30009,"mass_navigation_agent_health_text_light:8568,mass_navigation_agent_health_hud_light:8568,mass_navigation_agent_azure_light:2142,mass_navigation_agent_crimson_light:2142,mass_navigation_agent_amber_light:2142,mass_navigation_agent_emerald_light:2142,mass_navigation_agent_health_text_heavy:1432,mass_navigation_agent_health_hud_heavy:1432",0,0,63,63/6,0.01,0.04,0.00,0.00,0.01,7.07,0.03,0.00,3.31,MassNavigationSimulationStepSystem:1.74,EffectProcessingLoopSystem:0.32,OrderBufferSystem:0.26,3.71,PresenterEntityTransformSyncSystem:1.16,AnimatorRuntimeSystem:0.55,TerrainHeightSyncSystem:0.54,0.00,0,0,0,0,0,0.55,1.16,0.21,10009/0,0.00,0/0,0.54,10009,0.00,0.00/0.00/0.00/0.00,0.00/0.00/0.00,0.00/0.00/0.00/0.00/0.00/0.00,0.00/0.00/0.00/0.00/0.00,0.22,0.03,0.00,0.17,0.22,0.00,0.02,126,2,0,0.08,0.01,4/0,0.00,0,0,0,0,0.05,0.00,0.00,0.00,0,0.00,0.00,0,0,0/0,0.00,0,0,0.00,0,0,0.00,0,0,0.15,0.00,0,2,0,0.15,0.00,0.00,0.00,0.00,0.00,0.36,0.00,0,0.00,0,0,0/0/0,0.10,0.00,126,1,1,0,0,0,2026-09-09T18:30:45.3438508Z
3.47ms,288.6,0,63,30009,"mass_navigation_agent_health_text_light:8568,mass_navigation_agent_health_hud_light:8568,mass_navigation_agent_azure_light:2142,mass_navigation_agent_crimson_light:2142,mass_navigation_agent_amber_light:2142,mass_navigation_agent_emerald_light:2142,mass_navigation_agent_health_text_heavy:1432,mass_navigation_agent_health_hud_heavy:1432",0,0,63,63/6,0.00,0.03,0.00,0.00,0.01,3.11,0.02,0.00,0.00,:0.00,:0.00,:0.00,3.07,PresenterEntityTransformSyncSystem:0.84,AnimatorRuntimeSystem:0.64,TerrainHeightSyncSystem:0.40,0.00,0,0,0,0,0,0.64,0.84,0.18,10009/0,0.00,0/0,0.40,10009,0.00,0.00/0.00/0.00/0.00,0.00/0.00/0.00,0.00/0.00/0.00/0.00/0.00/0.00,0.00/0.00/0.00/0.00/0.00,0.17,0.02,0.00,0.14,0.17,0.00,0.01,126,2,0,0.06,0.01,4/0,0.00,0,0,0,0,0.04,0.00,0.00,0.00,0,0.00,0.00,0,0,0/0,0.00,0,0,0.00,0,0,0.00,0,0,0.07,0.00,0,2,0,0.07,0.00,0.00,0.00,0.00,0.00,0.33,0.00,0,0.00,0,0,0/0/0,0.07,0.00,126,1,1,0,0,0,2026-09-09T18:30:45.6323412Z
3.50ms,285.4,0,63,30009,"mass_navigation_agent_health_text_light:8568,mass_navigation_agent_health_hud_light:8568,mass_navigation_agent_azure_light:2142,mass_navigation_agent_crimson_light:2142,mass_navigation_agent_amber_light:2142,mass_navigation_agent_emerald_light:2142,mass_navigation_agent_health_text_heavy:1432,mass_navigation_agent_health_hud_heavy:1432",0,0,63,63/6,0.01,0.03,0.00,0.00,0.01,3.11,0.02,0.00,0.00,:0.00,:0.00,:0.00,3.06,PresenterEntityTransformSyncSystem:0.81,AnimatorRuntimeSystem:0.58,TerrainHeightSyncSystem:0.36,0.00,0,0,0,0,0,0.58,0.81,0.20,10009/0,0.00,0/0,0.36,10009,0.00,0.00/0.00/0.00/0.00,0.00/0.00/0.00,0.00/0.00/0.00/0.00/0.00/0.00,0.00/0.00/0.00/0.00/0.00,0.24,0.03,0.00,0.20,0.23,0.00,0.02,126,2,0,0.07,0.01,4/0,0.00,0,0,0,0,0.05,0.00,0.00,0.00,0,0.00,0.00,0,0,0/0,0.00,0,0,0.00,0,0,0.00,0,0,0.08,0.00,0,2,0,0.08,0.00,0.00,0.00,0.00,0.00,0.34,0.00,0,0.00,0,0,0/0/0,0.07,0.00,126,1,1,0,0,0,2026-09-09T18:30:45.9070997Z
3.36ms,298.1,0,63,30009,"mass_navigation_agent_health_text_light:8568,mass_navigation_agent_health_hud_light:8568,mass_navigation_agent_azure_light:2142,mass_navigation_agent_crimson_light:2142,mass_navigation_agent_amber_light:2142,mass_navigation_agent_emerald_light:2142,mass_navigation_agent_health_text_heavy:1432,mass_navigation_agent_health_hud_heavy:1432",0,0,63,63/6,0.01,0.04,0.00,0.00,0.01,2.94,0.02,0.00,0.00,:0.00,:0.00,:0.00,2.90,PresenterEntityTransformSyncSystem:0.77,AnimatorRuntimeSystem:0.58,TerrainHeightSyncSystem:0.40,0.00,0,0,0,0,0,0.58,0.77,0.20,10009/0,0.00,0/0,0.40,10009,0.00,0.00/0.00/0.00/0.00,0.00/0.00/0.00,0.00/0.00/0.00/0.00/0.00/0.00,0.00/0.00/0.00/0.00/0.00,0.17,0.02,0.00,0.15,0.17,0.00,0.01,126,2,0,0.07,0.01,4/0,0.00,0,0,0,0,0.05,0.00,0.00,0.00,0,0.00,0.00,0,0,0/0,0.00,0,0,0.00,0,0,0.00,0,0,0.10,0.00,0,2,0,0.10,0.00,0.00,0.00,0.00,0.00,0.33,0.00,0,0.00,0,0,0/0/0,0.08,0.00,126,1,1,0,0,0,2026-09-09T18:30:46.1859734Z
3.62ms,276.2,0,63,30009,"mass_navigation_agent_health_text_light:8568,mass_navigation_agent_health_hud_light:8568,mass_navigation_agent_azure_light:2142,mass_navigation_agent_crimson_light:2142,mass_navigation_agent_amber_light:2142,mass_navigation_agent_emerald_light:2142,mass_navigation_agent_health_text_heavy:1432,mass_navigation_agent_health_hud_heavy:1432",0,0,63,63/6,0.01,0.03,0.00,0.00,0.01,3.25,0.02,0.00,0.00,:0.00,:0.00,:0.00,3.20,PresenterEntityTransformSyncSystem:0.86,AnimatorRuntimeSystem:0.60,TerrainHeightSyncSystem:0.40,0.00,0,0,0,0,0,0.60,0.86,0.23,10009/0,0.00,0/0,0.40,10009,0.00,0.00/0.00/0.00/0.00,0.00/0.00/0.00,0.00/0.00/0.00/0.00/0.00/0.00,0.00/0.00/0.00/0.00/0.00,0.21,0.03,0.00,0.18,0.21,0.00,0.01,126,2,0,0.06,0.01,4/0,0.00,0,0,0,0,0.04,0.00,0.00,0.00,0,0.00,0.00,0,0,0/0,0.00,0,0,0.00,0,0,0.00,0,0,0.08,0.00,0,2,0,0.08,0.00,0.00,0.00,0.00,0.00,0.37,0.00,0,0.00,0,0,0/0/0,0.07,0.00,126,1,1,0,0,0,2026-09-09T18:30:46.4781074Z
3.68ms,272.1,0,63,30009,"mass_navigation_agent_health_text_light:8568,mass_navigation_agent_health_hud_light:8568,mass_navigation_agent_azure_light:2142,mass_navigation_agent_crimson_light:2142,mass_navigation_agent_amber_light:2142,mass_navigation_agent_emerald_light:2142,mass_navigation_agent_health_text_heavy:1432,mass_navigation_agent_health_hud_heavy:1432",0,0,63,63/6,0.01,0.04,0.00,0.00,0.01,3.20,0.02,0.00,0.00,:0.00,:0.00,:0.00,3.16,PresenterEntityTransformSyncSystem:0.80,AnimatorRuntimeSystem:0.68,TerrainHeightSyncSystem:0.39,0.00,0,0,0,0,0,0.68,0.80,0.22,10009/0,0.00,0/0,0.39,10009,0.00,0.00/0.00/0.00/0.00,0.00/0.00/0.00,0.00/0.00/0.00/0.00/0.00/0.00,0.00/0.00/0.00/0.00/0.00,0.19,0.03,0.00,0.16,0.19,0.00,0.01,126,2,0,0.07,0.01,4/0,0.00,0,0,0,0,0.05,0.00,0.00,0.00,0,0.00,0.00,0,0,0/0,0.00,0,0,0.00,0,0,0.00,0,0,0.11,0.00,0,2,0,0.11,0.00,0.00,0.00,0.00,0.00,0.34,0.00,0,0.00,0,0,0/0/0,0.10,0.00,126,1,1,0,0,0,2026-09-09T18:30:46.7789718Z
3.76ms,266.0,0,63,30009,"mass_navigation_agent_health_text_light:8568,mass_navigation_agent_health_hud_light:8568,mass_navigation_agent_azure_light:2142,mass_navigation_agent_crimson_light:2142,mass_navigation_agent_amber_light:2142,mass_navigation_agent_emerald_light:2142,mass_navigation_agent_health_text_heavy:1432,mass_navigation_agent_health_hud_heavy:1432",0,0,63,63/6,0.01,0.03,0.00,0.00,0.01,3.28,0.03,0.00,0.00,:0.00,:0.00,:0.00,3.24,PresenterEntityTransformSyncSystem:0.89,AnimatorRuntimeSystem:0.64,TerrainHeightSyncSystem:0.41,0.00,0,0,0,0,0,0.64,0.89,0.20,10009/0,0.00,0/0,0.41,10009,0.00,0.00/0.00/0.00/0.00,0.00/0.00/0.00,0.00/0.00/0.00/0.00/0.00/0.00,0.00/0.00/0.00/0.00/0.00,0.18,0.03,0.00,0.15,0.18,0.00,0.02,126,2,0,0.07,0.01,4/0,0.00,0,0,0,0,0.05,0.00,0.00,0.00,0,0.00,0.00,0,0,0/0,0.00,0,0,0.00,0,0,0.00,0,0,0.12,0.00,0,2,0,0.12,0.00,0.00,0.00,0.00,0.00,0.35,0.00,0,0.00,0,0,0/0/0,0.10,0.00,126,1,1,0,0,0,2026-09-09T18:30:47.0775553Z
3.45ms,290.3,0,63,30009,"mass_navigation_agent_health_text_light:8568,mass_navigation_agent_health_hud_light:8568,mass_navigation_agent_azure_light:2142,mass_navigation_agent_crimson_light:2142,mass_navigation_agent_amber_light:2142,mass_navigation_agent_emerald_light:2142,mass_navigation_agent_health_text_heavy:1432,mass_navigation_agent_health_hud_heavy:1432",0,0,63,63/6,0.01,0.03,0.00,0.00,0.02,3.03,0.02,0.00,0.00,:0.00,:0.00,:0.00,2.98,PresenterEntityTransformSyncSystem:0.81,AnimatorRuntimeSystem:0.54,TerrainHeightSyncSystem:0.34,0.00,0,0,0,0,0,0.54,0.81,0.22,10009/0,0.00,0/0,0.34,10009,0.00,0.00/0.00/0.00/0.00,0.00/0.00/0.00,0.00/0.00/0.00/0.00/0.00/0.00,0.00/0.00/0.00/0.00/0.00,0.21,0.03,0.00,0.18,0.21,0.00,0.02,126,2,0,0.06,0.01,4/0,0.00,0,0,0,0,0.04,0.00,0.00,0.00,0,0.00,0.00,0,0,0/0,0.00,0,0,0.00,0,0,0.00,0,0,0.10,0.00,0,2,0,0.10,0.00,0.00,0.00,0.00,0.00,0.30,0.00,0,0.00,0,0,0/0/0,0.08,0.00,126,1,1,0,0,0,2026-09-09T18:30:47.3586917Z
3.55ms,281.4,0,63,30009,"mass_navigation_agent_health_text_light:8568,mass_navigation_agent_health_hud_light:8568,mass_navigation_agent_azure_light:2142,mass_navigation_agent_crimson_light:2142,mass_navigation_agent_amber_light:2142,mass_navigation_agent_emerald_light:2142,mass_navigation_agent_health_text_heavy:1432,mass_navigation_agent_health_hud_heavy:1432",0,0,63,63/6,0.01,0.03,0.00,0.00,0.01,3.14,0.02,0.00,0.18,EffectProcessingLoopSystem:0.18,:0.00,:0.00,2.93,PresenterEntityTransformSyncSystem:0.79,AnimatorRuntimeSystem:0.58,TerrainHeightSyncSystem:0.36,0.00,0,0,0,0,0,0.58,0.79,0.21,10009/0,0.00,0/0,0.36,10009,0.00,0.00/0.00/0.00/0.00,0.00/0.00/0.00,0.00/0.00/0.00/0.00/0.00/0.00,0.00/0.00/0.00/0.00/0.00,0.16,0.02,0.00,0.13,0.16,0.00,0.01,126,2,0,0.07,0.01,4/0,0.00,0,0,0,0,0.05,0.00,0.00,0.00,0,0.00,0.00,0,0,0/0,0.00,0,0,0.00,0,0,0.00,0,0,0.09,0.00,0,2,0,0.09,0.00,0.00,0.00,0.00,0.00,0.34,0.00,0,0.00,0,0,0/0/0,0.09,0.00,126,1,1,0,0,0,2026-09-09T18:30:47.6445071Z
3.75ms,266.9,0,63,30009,"mass_navigation_agent_health_text_light:8568,mass_navigation_agent_health_hud_light:8568,mass_navigation_agent_azure_light:2142,mass_navigation_agent_crimson_light:2142,mass_navigation_agent_amber_light:2142,mass_navigation_agent_emerald_light:2142,mass_navigation_agent_health_text_heavy:1432,mass_navigation_agent_health_hud_heavy:1432",0,0,63,63/6,0.01,0.04,0.00,0.00,0.01,3.29,0.02,0.00,0.00,:0.00,:0.00,:0.00,3.25,PresenterEntityTransformSyncSystem:0.89,AnimatorRuntimeSystem:0.61,TerrainHeightSyncSystem:0.41,0.00,0,0,0,0,0,0.61,0.89,0.24,10009/0,0.00,0/0,0.41,10009,0.00,0.00/0.00/0.00/0.00,0.00/0.00/0.00,0.00/0.00/0.00/0.00/0.00/0.00,0.00/0.00/0.00/0.00/0.00,0.21,0.03,0.00,0.18,0.21,0.00,0.02,126,2,0,0.07,0.01,4/0,0.00,0,0,0,0,0.05,0.00,0.00,0.00,0,0.00,0.00,0,0,0/0,0.00,0,0,0.00,0,0,0.00,0,0,0.10,0.00,0,2,0,0.10,0.00,0.00,0.00,0.00,0.00,0.35,0.00,0,0.00,0,0,0/0/0,0.10,0.00,126,1,1,0,0,0,2026-09-09T18:30:47.9200152Z
4.24ms,235.7,0,63,30009,"mass_navigation_agent_health_text_light:8568,mass_navigation_agent_health_hud_light:8568,mass_navigation_agent_azure_light:2142,mass_navigation_agent_crimson_light:2142,mass_navigation_agent_amber_light:2142,mass_navigation_agent_emerald_light:2142,mass_navigation_agent_health_text_heavy:1432,mass_navigation_agent_health_hud_heavy:1432",0,0,63,63/6,0.01,0.04,0.00,0.00,0.02,3.74,0.03,0.00,0.00,:0.00,:0.00,:0.00,3.66,PresenterEntityTransformSyncSystem:1.07,AnimatorRuntimeSystem:0.70,TerrainHeightSyncSystem:0.44,0.00,0,0,0,0,0,0.70,1.07,0.24,10009/0,0.00,0/0,0.44,10009,0.00,0.00/0.00/0.00/0.00,0.00/0.00/0.00,0.00/0.00/0.00/0.00/0.00/0.00,0.00/0.00/0.00/0.00/0.00,0.23,0.04,0.00,0.19,0.23,0.00,0.02,126,2,0,0.08,0.01,4/0,0.00,0,0,0,0,0.05,0.00,0.00,0.00,0,0.00,0.00,0,0,0/0,0.00,0,0,0.00,0,0,0.00,0,0,0.12,0.00,0,2,0,0.11,0.00,0.00,0.00,0.00,0.00,0.36,0.00,0,0.00,0,0,0/0/0,0.09,0.00,126,1,1,0,0,0,2026-09-09T18:30:48.2253472Z
3.46ms,289.3,0,63,30009,"mass_navigation_agent_health_text_light:8568,mass_navigation_agent_health_hud_light:8568,mass_navigation_agent_azure_light:2142,mass_navigation_agent_crimson_light:2142,mass_navigation_agent_amber_light:2142,mass_navigation_agent_emerald_light:2142,mass_navigation_agent_health_text_heavy:1432,mass_navigation_agent_health_hud_heavy:1432",0,0,63,63/6,0.01,0.03,0.00,0.00,0.01,3.15,0.01,0.00,0.00,:0.00,:0.00,:0.00,3.11,PresenterEntityTransformSyncSystem:0.89,AnimatorRuntimeSystem:0.60,TerrainHeightSyncSystem:0.41,0.00,0,0,0,0,0,0.60,0.89,0.17,10009/0,0.00,0/0,0.41,10009,0.00,0.00/0.00/0.00/0.00,0.00/0.00/0.00,0.00/0.00/0.00/0.00/0.00/0.00,0.00/0.00/0.00/0.00/0.00,0.20,0.02,0.00,0.17,0.20,0.00,0.01,126,2,0,0.06,0.01,4/0,0.00,0,0,0,0,0.04,0.00,0.00,0.00,0,0.00,0.00,0,0,0/0,0.00,0,0,0.00,0,0,0.00,0,0,0.06,0.00,0,2,0,0.06,0.00,0.00,0.00,0.00,0.00,0.34,0.00,0,0.00,0,0,0/0/0,0.06,0.00,126,1,1,0,0,0,2026-09-09T18:30:48.5193671Z
8.04ms,124.5,0,63,30009,"mass_navigation_agent_health_text_light:8568,mass_navigation_agent_health_hud_light:8568,mass_navigation_agent_azure_light:2142,mass_navigation_agent_crimson_light:2142,mass_navigation_agent_amber_light:2142,mass_navigation_agent_emerald_light:2142,mass_navigation_agent_health_text_heavy:1432,mass_navigation_agent_health_hud_heavy:1432",0,0,63,63/6,0.01,0.03,0.00,0.00,0.01,7.60,0.03,0.00,3.94,EffectProcessingLoopSystem:1.71,MapEntityLifecycleObserverSystem:0.61,MassNavigationAuthoredAgentBindingSystem:0.59,3.62,PresenterEntityTransformSyncSystem:0.94,AnimatorRuntimeSystem:0.52,PresenterEmitSystem:0.52,0.19,0,148,148,0,0,0.52,0.94,0.20,10009/0,0.00,0/0,0.38,10009,0.00,0.00/0.00/0.00/0.00,0.00/0.00/0.00,0.00/0.00/0.00/0.00/0.00/0.00,0.00/0.00/0.00/0.00/0.00,0.19,0.03,0.00,0.16,0.19,0.00,0.02,126,2,0,0.06,0.01,4/0,0.00,0,0,0,0,0.04,0.00,0.00,0.00,0,0.00,0.00,0,0,0/0,0.00,0,0,0.00,0,0,0.00,0,0,0.11,0.00,0,2,0,0.10,0.00,0.00,0.00,0.00,0.00,0.51,0.00,0,0.23,294,0,294/0/0,0.08,0.00,126,1,1,0,0,0,2026-09-09T18:30:48.8118602Z
7.04ms,142.0,0,63,30009,"mass_navigation_agent_health_text_light:8568,mass_navigation_agent_health_hud_light:8568,mass_navigation_agent_azure_light:2142,mass_navigation_agent_crimson_light:2142,mass_navigation_agent_amber_light:2142,mass_navigation_agent_emerald_light:2142,mass_navigation_agent_health_text_heavy:1432,mass_navigation_agent_health_hud_heavy:1432",0,0,63,63/6,0.01,0.04,0.00,0.00,0.01,6.48,0.03,0.00,2.83,MassNavigationSimulationStepSystem:1.38,EffectProcessingLoopSystem:0.33,OrderBufferSystem:0.18,3.61,PresenterEntityTransformSyncSystem:1.02,AnimatorRuntimeSystem:0.72,TerrainHeightSyncSystem:0.50,0.00,0,0,0,0,0,0.72,1.02,0.20,10009/0,0.00,0/0,0.50,10009,0.00,0.00/0.00/0.00/0.00,0.00/0.00/0.00,0.00/0.00/0.00/0.00/0.00/0.00,0.00/0.00/0.00/0.00/0.00,0.21,0.03,0.00,0.18,0.21,0.00,0.02,126,2,0,0.08,0.01,4/0,0.00,0,0,0,0,0.05,0.00,0.00,0.00,0,0.00,0.00,0,0,0/0,0.00,0,0,0.00,0,0,0.00,0,0,0.14,0.00,0,2,0,0.14,0.00,0.00,0.00,0.00,0.00,0.34,0.00,0,0.00,0,0,0/0/0,0.12,0.00,126,1,1,0,0,0,2026-09-09T18:30:49.0914081Z
3.28ms,304.9,0,63,30009,"mass_navigation_agent_health_text_light:8568,mass_navigation_agent_health_hud_light:8568,mass_navigation_agent_azure_light:2142,mass_navigation_agent_crimson_light:2142,mass_navigation_agent_amber_light:2142,mass_navigation_agent_emerald_light:2142,mass_navigation_agent_health_text_heavy:1432,mass_navigation_agent_health_hud_heavy:1432",0,0,63,63/6,0.00,0.03,0.00,0.00,0.01,2.96,0.02,0.00,0.00,:0.00,:0.00,:0.00,2.92,PresenterEntityTransformSyncSystem:0.77,AnimatorRuntimeSystem:0.57,TerrainHeightSyncSystem:0.40,0.00,0,0,0,0,0,0.57,0.77,0.17,10009/0,0.00,0/0,0.40,10009,0.00,0.00/0.00/0.00/0.00,0.00/0.00/0.00,0.00/0.00/0.00/0.00/0.00/0.00,0.00/0.00/0.00/0.00/0.00,0.17,0.02,0.00,0.14,0.17,0.00,0.01,126,2,0,0.06,0.01,4/0,0.00,0,0,0,0,0.04,0.00,0.00,0.00,0,0.00,0.00,0,0,0/0,0.00,0,0,0.00,0,0,0.00,0,0,0.06,0.00,0,2,0,0.06,0.00,0.00,0.00,0.00,0.00,0.35,0.00,0,0.00,0,0,0/0/0,0.07,0.00,126,1,1,0,0,0,2026-09-09T18:30:49.3741158Z
3.51ms,285.2,0,63,30009,"mass_navigation_agent_health_text_light:8568,mass_navigation_agent_health_hud_light:8568,mass_navigation_agent_azure_light:2142,mass_navigation_agent_crimson_light:2142,mass_navigation_agent_amber_light:2142,mass_navigation_agent_emerald_light:2142,mass_navigation_agent_health_text_heavy:1432,mass_navigation_agent_health_hud_heavy:1432",0,0,63,63/6,0.01,0.03,0.00,0.00,0.01,2.99,0.03,0.00,0.00,:0.00,:0.00,:0.00,2.94,PresenterEntityTransformSyncSystem:0.80,AnimatorRuntimeSystem:0.59,TerrainHeightSyncSystem:0.39,0.00,0,0,0,0,0,0.59,0.80,0.18,10009/0,0.00,0/0,0.39,10009,0.00,0.00/0.00/0.00/0.00,0.00/0.00/0.00,0.00/0.00/0.00/0.00/0.00/0.00,0.00/0.00/0.00/0.00/0.00,0.17,0.03,0.00,0.13,0.17,0.00,0.02,126,2,0,0.07,0.01,4/0,0.00,0,0,0,0,0.05,0.00,0.00,0.00,0,0.00,0.00,0,0,0/0,0.00,0,0,0.00,0,0,0.00,0,0,0.12,0.00,0,2,0,0.12,0.00,0.00,0.00,0.00,0.00,0.33,0.00,0,0.00,0,0,0/0/0,0.09,0.00,126,1,1,0,0,0,2026-09-09T18:30:49.6585538Z
3.48ms,287.5,0,63,30009,"mass_navigation_agent_health_text_light:8568,mass_navigation_agent_health_hud_light:8568,mass_navigation_agent_azure_light:2142,mass_navigation_agent_crimson_light:2142,mass_navigation_agent_amber_light:2142,mass_navigation_agent_emerald_light:2142,mass_navigation_agent_health_text_heavy:1432,mass_navigation_agent_health_hud_heavy:1432",0,0,63,63/6,0.01,0.03,0.00,0.00,0.01,3.07,0.02,0.00,0.00,:0.00,:0.00,:0.00,3.04,PresenterEntityTransformSyncSystem:0.82,AnimatorRuntimeSystem:0.64,TerrainHeightSyncSystem:0.40,0.00,0,0,0,0,0,0.64,0.82,0.19,10009/0,0.00,0/0,0.40,10009,0.00,0.00/0.00/0.00/0.00,0.00/0.00/0.00,0.00/0.00/0.00/0.00/0.00/0.00,0.00/0.00/0.00/0.00/0.00,0.17,0.02,0.00,0.14,0.17,0.00,0.01,126,2,0,0.06,0.01,4/0,0.00,0,0,0,0,0.05,0.00,0.00,0.00,0,0.00,0.00,0,0,0/0,0.00,0,0,0.00,0,0,0.00,0,0,0.13,0.00,0,2,0,0.13,0.00,0.00,0.00,0.00,0.00,0.32,0.00,0,0.00,0,0,0/0/0,0.07,0.00,126,1,1,0,0,0,2026-09-09T18:30:49.9363346Z
3.71ms,269.4,0,63,30009,"mass_navigation_agent_health_text_light:8568,mass_navigation_agent_health_hud_light:8568,mass_navigation_agent_azure_light:2142,mass_navigation_agent_crimson_light:2142,mass_navigation_agent_amber_light:2142,mass_navigation_agent_emerald_light:2142,mass_navigation_agent_health_text_heavy:1432,mass_navigation_agent_health_hud_heavy:1432",0,0,63,63/6,0.01,0.03,0.00,0.00,0.01,3.28,0.02,0.00,0.00,:0.00,:0.00,:0.00,3.24,PresenterEntityTransformSyncSystem:0.87,AnimatorRuntimeSystem:0.60,TerrainHeightSyncSystem:0.43,0.00,0,0,0,0,0,0.60,0.87,0.20,10009/0,0.00,0/0,0.43,10009,0.00,0.00/0.00/0.00/0.00,0.00/0.00/0.00,0.00/0.00/0.00/0.00/0.00/0.00,0.00/0.00/0.00/0.00/0.00,0.17,0.02,0.00,0.14,0.17,0.00,0.01,126,2,0,0.06,0.01,4/0,0.00,0,0,0,0,0.05,0.00,0.00,0.00,0,0.00,0.00,0,0,0/0,0.00,0,0,0.00,0,0,0.00,0,0,0.10,0.00,0,2,0,0.10,0.00,0.00,0.00,0.00,0.00,0.39,0.00,0,0.00,0,0,0/0/0,0.09,0.00,126,1,1,0,0,0,2026-09-09T18:30:50.2366572Z
3.74ms,267.6,0,63,30009,"mass_navigation_agent_health_text_light:8568,mass_navigation_agent_health_hud_light:8568,mass_navigation_agent_azure_light:2142,mass_navigation_agent_crimson_light:2142,mass_navigation_agent_amber_light:2142,mass_navigation_agent_emerald_light:2142,mass_navigation_agent_health_text_heavy:1432,mass_navigation_agent_health_hud_heavy:1432",0,0,63,63/6,0.01,0.03,0.00,0.00,0.01,3.27,0.02,0.00,0.00,:0.00,:0.00,:0.00,3.22,PresenterEntityTransformSyncSystem:0.92,AnimatorRuntimeSystem:0.64,TerrainHeightSyncSystem:0.38,0.01,0,0,0,0,0,0.64,0.92,0.23,10009/0,0.00,0/0,0.38,10009,0.00,0.00/0.00/0.00/0.00,0.00/0.00/0.00,0.00/0.00/0.00/0.00/0.00/0.00,0.00/0.00/0.00/0.00/0.00,0.17,0.02,0.00,0.14,0.17,0.00,0.02,126,2,0,0.07,0.01,4/0,0.00,0,0,0,0,0.05,0.00,0.00,0.00,0,0.00,0.00,0,0,0/0,0.00,0,0,0.00,0,0,0.00,0,0,0.11,0.00,0,2,0,0.11,0.00,0.00,0.00,0.00,0.00,0.33,0.00,0,0.00,0,0,0/0/0,0.09,0.00,126,1,1,0,0,0,2026-09-09T18:30:50.5233624Z
5.18ms,193.2,0,63,30009,"mass_navigation_agent_health_text_light:8568,mass_navigation_agent_health_hud_light:8568,mass_navigation_agent_azure_light:2142,mass_navigation_agent_crimson_light:2142,mass_navigation_agent_amber_light:2142,mass_navigation_agent_emerald_light:2142,mass_navigation_agent_health_text_heavy:1432,mass_navigation_agent_health_hud_heavy:1432",0,0,63,63/6,0.01,0.05,0.00,0.00,0.02,4.43,0.04,0.00,0.21,EffectProcessingLoopSystem:0.21,:0.00,:0.00,4.16,PresenterEntityTransformSyncSystem:1.27,AnimatorRuntimeSystem:0.70,PresenterEmitSystem:0.51,0.01,0,0,0,0,0,0.70,1.27,0.23,10009/0,0.00,0/0,0.48,10009,0.00,0.00/0.00/0.00/0.00,0.00/0.00/0.00,0.00/0.00/0.00/0.00/0.00/0.00,0.00/0.00/0.00/0.00/0.00,0.25,0.04,0.00,0.21,0.25,0.00,0.03,126,2,0,0.11,0.02,4/0,0.00,0,0,0,0,0.07,0.00,0.00,0.00,0,0.00,0.00,0,0,0/0,0.00,0,0,0.00,0,0,0.00,0,0,0.24,0.00,0,2,0,0.23,0.00,0.00,0.00,0.00,0.00,0.51,0.00,0,0.00,0,0,0/0/0,0.10,0.00,126,1,1,0,0,0,2026-09-09T18:30:50.8503809Z
5.02ms,199.2,0,63,30009,"mass_navigation_agent_health_text_light:8568,mass_navigation_agent_health_hud_light:8568,mass_navigation_agent_azure_light:2142,mass_navigation_agent_crimson_light:2142,mass_navigation_agent_amber_light:2142,mass_navigation_agent_emerald_light:2142,mass_navigation_agent_health_text_heavy:1432,mass_navigation_agent_health_hud_heavy:1432",0,0,63,63/6,0.01,0.03,0.00,0.00,0.01,4.67,0.02,0.00,1.37,EffectProcessingLoopSystem:0.28,OrderBufferSystem:0.23,AbilityEndOrderSystem:0.17,3.25,PresenterEntityTransformSyncSystem:0.96,AnimatorRuntimeSystem:0.63,TerrainHeightSyncSystem:0.40,0.00,0,0,0,0,0,0.63,0.96,0.19,10009/0,0.00,0/0,0.40,10009,0.00,0.00/0.00/0.00/0.00,0.00/0.00/0.00,0.00/0.00/0.00/0.00/0.00/0.00,0.00/0.00/0.00/0.00/0.00,0.19,0.03,0.00,0.16,0.19,0.00,0.01,126,2,0,0.06,0.01,4/0,0.00,0,0,0,0,0.04,0.00,0.00,0.00,0,0.00,0.00,0,0,0/0,0.00,0,0,0.00,0,0,0.00,0,0,0.07,0.00,0,2,0,0.07,0.00,0.00,0.00,0.00,0.00,0.36,0.00,0,0.00,0,0,0/0/0,0.07,0.00,126,1,1,0,0,0,2026-09-09T18:30:51.2418523Z
4.30ms,232.5,0,63,30009,"mass_navigation_agent_health_text_light:8568,mass_navigation_agent_health_hud_light:8568,mass_navigation_agent_azure_light:2142,mass_navigation_agent_crimson_light:2142,mass_navigation_agent_amber_light:2142,mass_navigation_agent_emerald_light:2142,mass_navigation_agent_health_text_heavy:1432,mass_navigation_agent_health_hud_heavy:1432",0,0,63,63/6,0.01,0.04,0.00,0.00,0.02,3.74,0.03,0.00,0.19,EffectProcessingLoopSystem:0.19,:0.00,:0.00,3.48,PresenterEntityTransformSyncSystem:1.00,AnimatorRuntimeSystem:0.66,TerrainHeightSyncSystem:0.42,0.00,0,0,0,0,0,0.66,1.00,0.25,10009/0,0.00,0/0,0.42,10009,0.00,0.00/0.00/0.00/0.00,0.00/0.00/0.00,0.00/0.00/0.00/0.00/0.00/0.00,0.00/0.00/0.00/0.00/0.00,0.20,0.03,0.00,0.17,0.20,0.00,0.02,126,2,0,0.08,0.01,4/0,0.00,0,0,0,0,0.05,0.00,0.00,0.00,0,0.00,0.00,0,0,0/0,0.00,0,0,0.00,0,0,0.00,0,0,0.15,0.00,0,2,0,0.15,0.00,0.00,0.00,0.00,0.00,0.40,0.00,0,0.00,0,0,0/0/0,0.11,0.00,126,1,1,0,0,0,2026-09-09T18:30:51.5499851Z
3.98ms,251.1,0,63,30009,"mass_navigation_agent_health_text_light:8568,mass_navigation_agent_health_hud_light:8568,mass_navigation_agent_azure_light:2142,mass_navigation_agent_crimson_light:2142,mass_navigation_agent_amber_light:2142,mass_navigation_agent_emerald_light:2142,mass_navigation_agent_health_text_heavy:1432,mass_navigation_agent_health_hud_heavy:1432",0,0,63,63/6,0.01,0.04,0.00,0.00,0.01,3.48,0.03,0.00,0.00,:0.00,:0.00,:0.00,3.42,PresenterEntityTransformSyncSystem:0.89,AnimatorRuntimeSystem:0.67,TerrainHeightSyncSystem:0.50,0.00,0,0,0,0,0,0.67,0.89,0.21,10009/0,0.00,0/0,0.50,10009,0.00,0.00/0.00/0.00/0.00,0.00/0.00/0.00,0.00/0.00/0.00/0.00/0.00/0.00,0.00/0.00/0.00/0.00/0.00,0.20,0.03,0.00,0.16,0.19,0.00,0.02,126,2,0,0.07,0.01,4/0,0.00,0,0,0,0,0.05,0.00,0.00,0.00,0,0.00,0.00,0,0,0/0,0.00,0,0,0.00,0,0,0.00,0,0,0.12,0.00,0,2,0,0.11,0.00,0.00,0.00,0.00,0.00,0.36,0.00,0,0.00,0,0,0/0/0,0.10,0.00,126,1,1,0,0,0,2026-09-09T18:30:51.8702707Z
9.10ms,109.9,0,63,30009,"mass_navigation_agent_health_text_light:8568,mass_navigation_agent_health_hud_light:8568,mass_navigation_agent_azure_light:2142,mass_navigation_agent_crimson_light:2142,mass_navigation_agent_amber_light:2142,mass_navigation_agent_emerald_light:2142,mass_navigation_agent_health_text_heavy:1432,mass_navigation_agent_health_hud_heavy:1432",0,0,63,63/6,0.01,0.04,0.00,0.00,0.02,8.43,0.04,0.00,4.06,EffectProcessingLoopSystem:1.84,MapEntityLifecycleObserverSystem:0.59,AttributeAggregatorSystem:0.53,4.32,PresenterEntityTransformSyncSystem:1.07,PresenterEmitSystem:0.63,AnimatorRuntimeSystem:0.59,0.21,0,177,177,0,0,0.59,1.07,0.25,10009/0,0.00,0/0,0.43,10009,0.00,0.00/0.00/0.00/0.00,0.00/0.00/0.00,0.00/0.00/0.00/0.00/0.00/0.00,0.00/0.00/0.00/0.00/0.00,0.21,0.04,0.00,0.16,0.21,0.00,0.03,126,2,0,0.08,0.01,4/0,0.00,0,0,0,0,0.05,0.00,0.00,0.00,0,0.00,0.00,0,0,0/0,0.00,0,0,0.00,0,0,0.00,0,0,0.18,0.00,0,2,0,0.18,0.00,0.00,0.00,0.00,0.00,0.63,0.00,0,0.29,352,0,352/0/0,0.12,0.00,126,1,1,0,0,0,2026-09-09T18:30:52.2152582Z
3.78ms,264.6,0,63,30009,"mass_navigation_agent_health_text_light:8568,mass_navigation_agent_health_hud_light:8568,mass_navigation_agent_azure_light:2142,mass_navigation_agent_crimson_light:2142,mass_navigation_agent_amber_light:2142,mass_navigation_agent_emerald_light:2142,mass_navigation_agent_health_text_heavy:1432,mass_navigation_agent_health_hud_heavy:1432",0,0,63,63/6,0.01,0.03,0.00,0.00,0.01,3.35,0.02,0.00,0.00,:0.00,:0.00,:0.00,3.30,PresenterEntityTransformSyncSystem:0.91,AnimatorRuntimeSystem:0.68,TerrainHeightSyncSystem:0.43,0.00,0,0,0,0,0,0.68,0.91,0.20,10009/0,0.00,0/0,0.43,10009,0.00,0.00/0.00/0.00/0.00,0.00/0.00/0.00,0.00/0.00/0.00/0.00/0.00/0.00,0.00/0.00/0.00/0.00/0.00,0.21,0.03,0.00,0.18,0.21,0.00,0.01,126,2,0,0.06,0.01,4/0,0.00,0,0,0,0,0.05,0.00,0.00,0.00,0,0.00,0.00,0,0,0/0,0.00,0,0,0.00,0,0,0.00,0,0,0.14,0.00,0,2,0,0.14,0.00,0.00,0.00,0.00,0.00,0.35,0.00,0,0.00,0,0,0/0/0,0.07,0.00,126,1,1,0,0,0,2026-09-09T18:30:52.5163804Z
3.97ms,251.7,0,63,30009,"mass_navigation_agent_health_text_light:8568,mass_navigation_agent_health_hud_light:8568,mass_navigation_agent_azure_light:2142,mass_navigation_agent_crimson_light:2142,mass_navigation_agent_amber_light:2142,mass_navigation_agent_emerald_light:2142,mass_navigation_agent_health_text_heavy:1432,mass_navigation_agent_health_hud_heavy:1432",0,0,63,63/6,0.01,0.04,0.00,0.00,0.01,3.49,0.03,0.00,0.00,:0.00,:0.00,:0.00,3.44,PresenterEntityTransformSyncSystem:0.95,AnimatorRuntimeSystem:0.65,TerrainHeightSyncSystem:0.44,0.00,0,0,0,0,0,0.65,0.95,0.23,10009/0,0.00,0/0,0.44,10009,0.00,0.00/0.00/0.00/0.00,0.00/0.00/0.00,0.00/0.00/0.00/0.00/0.00/0.00,0.00/0.00/0.00/0.00/0.00,0.18,0.03,0.00,0.15,0.18,0.00,0.02,126,2,0,0.07,0.01,4/0,0.00,0,0,0,0,0.05,0.00,0.00,0.00,0,0.00,0.00,0,0,0/0,0.00,0,0,0.00,0,0,0.00,0,0,0.12,0.00,0,2,0,0.12,0.00,0.00,0.00,0.00,0.00,0.36,0.00,0,0.00,0,0,0/0/0,0.08,0.00,126,1,1,0,0,0,2026-09-09T18:30:52.8226825Z
3.79ms,264.0,0,63,30009,"mass_navigation_agent_health_text_light:8568,mass_navigation_agent_health_hud_light:8568,mass_navigation_agent_azure_light:2142,mass_navigation_agent_crimson_light:2142,mass_navigation_agent_amber_light:2142,mass_navigation_agent_emerald_light:2142,mass_navigation_agent_health_text_heavy:1432,mass_navigation_agent_health_hud_heavy:1432",0,0,63,63/6,0.01,0.03,0.00,0.00,0.01,3.25,0.02,0.00,0.00,:0.00,:0.00,:0.00,3.20,PresenterEntityTransformSyncSystem:0.84,AnimatorRuntimeSystem:0.68,TerrainHeightSyncSystem:0.41,0.00,0,0,0,0,0,0.68,0.84,0.21,10009/0,0.00,0/0,0.41,10009,0.00,0.00/0.00/0.00/0.00,0.00/0.00/0.00,0.00/0.00/0.00/0.00/0.00/0.00,0.00/0.00/0.00/0.00/0.00,0.18,0.03,0.00,0.15,0.18,0.00,0.02,126,2,0,0.07,0.01,4/0,0.00,0,0,0,0,0.05,0.00,0.00,0.00,0,0.00,0.00,0,0,0/0,0.00,0,0,0.00,0,0,0.00,0,0,0.11,0.00,0,2,0,0.11,0.00,0.00,0.00,0.00,0.00,0.35,0.00,0,0.00,0,0,0/0/0,0.16,0.00,126,1,1,0,0,0,2026-09-09T18:30:53.1365838Z
3.72ms,269.0,0,63,30009,"mass_navigation_agent_health_text_light:8568,mass_navigation_agent_health_hud_light:8568,mass_navigation_agent_azure_light:2142,mass_navigation_agent_crimson_light:2142,mass_navigation_agent_amber_light:2142,mass_navigation_agent_emerald_light:2142,mass_navigation_agent_health_text_heavy:1432,mass_navigation_agent_health_hud_heavy:1432",0,0,63,63/6,0.01,0.03,0.00,0.00,0.01,3.29,0.02,0.00,0.00,:0.00,:0.00,:0.00,3.24,PresenterEntityTransformSyncSystem:0.88,AnimatorRuntimeSystem:0.61,TerrainHeightSyncSystem:0.42,0.00,0,0,0,0,0,0.61,0.88,0.21,10009/0,0.00,0/0,0.42,10009,0.00,0.00/0.00/0.00/0.00,0.00/0.00/0.00,0.00/0.00/0.00/0.00/0.00/0.00,0.00/0.00/0.00/0.00/0.00,0.22,0.03,0.00,0.19,0.22,0.00,0.01,126,2,0,0.06,0.01,4/0,0.00,0,0,0,0,0.04,0.00,0.00,0.00,0,0.00,0.00,0,0,0/0,0.00,0,0,0.00,0,0,0.00,0,0,0.10,0.00,0,2,0,0.10,0.00,0.00,0.00,0.00,0.00,0.34,0.00,0,0.00,0,0,0/0/0,0.08,0.00,126,1,1,0,0,0,2026-09-09T18:30:53.4333369Z
3.41ms,293.3,0,63,30009,"mass_navigation_agent_health_text_light:8568,mass_navigation_agent_health_hud_light:8568,mass_navigation_agent_azure_light:2142,mass_navigation_agent_crimson_light:2142,mass_navigation_agent_amber_light:2142,mass_navigation_agent_emerald_light:2142,mass_navigation_agent_health_text_heavy:1432,mass_navigation_agent_health_hud_heavy:1432",0,0,63,63/6,0.01,0.03,0.00,0.00,0.02,2.99,0.02,0.00,0.00,:0.00,:0.00,:0.00,2.94,PresenterEntityTransformSyncSystem:0.77,AnimatorRuntimeSystem:0.58,TerrainHeightSyncSystem:0.36,0.00,0,0,0,0,0,0.58,0.77,0.20,10009/0,0.00,0/0,0.36,10009,0.00,0.00/0.00/0.00/0.00,0.00/0.00/0.00,0.00/0.00/0.00/0.00/0.00/0.00,0.00/0.00/0.00/0.00/0.00,0.18,0.03,0.00,0.14,0.18,0.00,0.02,126,2,0,0.07,0.01,4/0,0.00,0,0,0,0,0.05,0.00,0.00,0.00,0,0.00,0.00,0,0,0/0,0.00,0,0,0.00,0,0,0.00,0,0,0.09,0.00,0,2,0,0.09,0.00,0.00,0.00,0.00,0.00,0.35,0.00,0,0.00,0,0,0/0/0,0.08,0.00,126,1,1,0,0,0,2026-09-09T18:30:53.7116324Z
3.75ms,266.9,0,63,30009,"mass_navigation_agent_health_text_light:8568,mass_navigation_agent_health_hud_light:8568,mass_navigation_agent_azure_light:2142,mass_navigation_agent_crimson_light:2142,mass_navigation_agent_amber_light:2142,mass_navigation_agent_emerald_light:2142,mass_navigation_agent_health_text_heavy:1432,mass_navigation_agent_health_hud_heavy:1432",0,0,63,63/6,0.01,0.04,0.00,0.00,0.01,3.35,0.02,0.00,0.00,:0.00,:0.00,:0.00,3.31,PresenterEntityTransformSyncSystem:0.86,AnimatorRuntimeSystem:0.70,TerrainHeightSyncSystem:0.43,0.00,0,0,0,0,0,0.70,0.86,0.24,10009/0,0.00,0/0,0.43,10009,0.00,0.00/0.00/0.00/0.00,0.00/0.00/0.00,0.00/0.00/0.00/0.00/0.00/0.00,0.00/0.00/0.00/0.00/0.00,0.19,0.03,0.00,0.16,0.19,0.00,0.02,126,2,0,0.07,0.01,4/0,0.00,0,0,0,0,0.05,0.00,0.00,0.00,0,0.00,0.00,0,0,0/0,0.00,0,0,0.00,0,0,0.00,0,0,0.08,0.00,0,2,0,0.08,0.00,0.00,0.00,0.00,0.00,0.36,0.00,0,0.00,0,0,0/0/0,0.08,0.00,126,1,1,0,0,0,2026-09-09T18:30:54.0329933Z
3.54ms,282.3,0,63,30009,"mass_navigation_agent_health_text_light:8568,mass_navigation_agent_health_hud_light:8568,mass_navigation_agent_azure_light:2142,mass_navigation_agent_crimson_light:2142,mass_navigation_agent_amber_light:2142,mass_navigation_agent_emerald_light:2142,mass_navigation_agent_health_text_heavy:1432,mass_navigation_agent_health_hud_heavy:1432",0,0,63,63/6,0.01,0.03,0.00,0.00,0.01,3.09,0.02,0.00,0.00,:0.00,:0.00,:0.00,3.06,PresenterEntityTransformSyncSystem:0.79,AnimatorRuntimeSystem:0.64,TerrainHeightSyncSystem:0.40,0.00,0,0,0,0,0,0.64,0.79,0.26,10009/0,0.00,0/0,0.40,10009,0.00,0.00/0.00/0.00/0.00,0.00/0.00/0.00,0.00/0.00/0.00/0.00/0.00/0.00,0.00/0.00/0.00/0.00/0.00,0.17,0.02,0.00,0.14,0.17,0.00,0.02,126,2,0,0.07,0.01,4/0,0.00,0,0,0,0,0.05,0.00,0.00,0.00,0,0.00,0.00,0,0,0/0,0.00,0,0,0.00,0,0,0.00,0,0,0.10,0.00,0,2,0,0.10,0.00,0.00,0.00,0.00,0.00,0.31,0.00,0,0.00,0,0,0/0/0,0.09,0.00,126,1,1,0,0,0,2026-09-09T18:30:54.3366334Z
3.51ms,284.5,0,63,30009,"mass_navigation_agent_health_text_light:8568,mass_navigation_agent_health_hud_light:8568,mass_navigation_agent_azure_light:2142,mass_navigation_agent_crimson_light:2142,mass_navigation_agent_amber_light:2142,mass_navigation_agent_emerald_light:2142,mass_navigation_agent_health_text_heavy:1432,mass_navigation_agent_health_hud_heavy:1432",0,0,63,63/6,0.01,0.03,0.00,0.00,0.01,3.08,0.02,0.00,0.00,:0.00,:0.00,:0.00,3.03,PresenterEntityTransformSyncSystem:0.78,AnimatorRuntimeSystem:0.56,TerrainHeightSyncSystem:0.40,0.00,0,0,0,0,0,0.56,0.78,0.21,10009/0,0.00,0/0,0.40,10009,0.00,0.00/0.00/0.00/0.00,0.00/0.00/0.00,0.00/0.00/0.00/0.00/0.00/0.00,0.00/0.00/0.00/0.00/0.00,0.24,0.02,0.00,0.21,0.24,0.00,0.01,126,2,0,0.07,0.01,4/0,0.00,0,0,0,0,0.05,0.00,0.00,0.00,0,0.00,0.00,0,0,0/0,0.00,0,0,0.00,0,0,0.00,0,0,0.10,0.00,0,2,0,0.10,0.00,0.00,0.00,0.00,0.00,0.36,0.00,0,0.00,0,0,0/0/0,0.09,0.00,126,1,1,0,0,0,2026-09-09T18:30:54.6289766Z
3.75ms,266.6,0,63,30009,"mass_navigation_agent_health_text_light:8568,mass_navigation_agent_health_hud_light:8568,mass_navigation_agent_azure_light:2142,mass_navigation_agent_crimson_light:2142,mass_navigation_agent_amber_light:2142,mass_navigation_agent_emerald_light:2142,mass_navigation_agent_health_text_heavy:1432,mass_navigation_agent_health_hud_heavy:1432",0,0,63,63/6,0.01,0.04,0.00,0.00,0.01,3.27,0.02,0.00,0.00,:0.00,:0.00,:0.00,3.22,PresenterEntityTransformSyncSystem:0.88,AnimatorRuntimeSystem:0.65,TerrainHeightSyncSystem:0.41,0.00,0,0,0,0,0,0.65,0.88,0.19,10009/0,0.00,0/0,0.41,10009,0.00,0.00/0.00/0.00/0.00,0.00/0.00/0.00,0.00/0.00/0.00/0.00/0.00/0.00,0.00/0.00/0.00/0.00/0.00,0.19,0.03,0.00,0.15,0.19,0.00,0.02,126,2,0,0.11,0.04,4/0,0.00,0,0,0,0,0.05,0.00,0.00,0.00,0,0.00,0.00,0,0,0/0,0.00,0,0,0.00,0,0,0.00,0,0,0.10,0.00,0,2,0,0.10,0.00,0.00,0.00,0.00,0.00,0.34,0.00,0,0.00,0,0,0/0/0,0.09,0.00,126,1,1,0,0,0,2026-09-09T18:30:54.9118302Z
8.97ms,111.4,0,63,30009,"mass_navigation_agent_health_text_light:8568,mass_navigation_agent_health_hud_light:8568,mass_navigation_agent_azure_light:2142,mass_navigation_agent_crimson_light:2142,mass_navigation_agent_amber_light:2142,mass_navigation_agent_emerald_light:2142,mass_navigation_agent_health_text_heavy:1432,mass_navigation_agent_health_hud_heavy:1432",0,0,63,63/6,0.01,0.04,0.00,0.00,0.01,8.39,0.03,0.00,4.30,EffectProcessingLoopSystem:2.03,MapEntityLifecycleObserverSystem:0.61,MassNavigationAuthoredAgentBindingSystem:0.59,4.04,PresenterEntityTransformSyncSystem:1.02,PresenterEmitSystem:0.67,AnimatorRuntimeSystem:0.63,0.23,0,178,178,0,0,0.63,1.02,0.18,10009/0,0.00,0/0,0.39,10009,0.00,0.00/0.00/0.00/0.00,0.00/0.00/0.00,0.00/0.00/0.00/0.00/0.00/0.00,0.00/0.00/0.00/0.00/0.00,0.19,0.03,0.00,0.16,0.19,0.00,0.02,126,2,0,0.08,0.01,4/0,0.00,0,0,0,0,0.05,0.00,0.00,0.00,0,0.00,0.00,0,0,0/0,0.00,0,0,0.00,0,0,0.00,0,0,0.15,0.00,0,2,0,0.15,0.00,0.00,0.00,0.00,0.00,0.67,0.00,0,0.31,354,0,354/0/0,0.10,0.00,126,1,1,0,0,0,2026-09-09T18:30:55.2130010Z
3.39ms,294.7,0,63,30009,"mass_navigation_agent_health_text_light:8568,mass_navigation_agent_health_hud_light:8568,mass_navigation_agent_azure_light:2142,mass_navigation_agent_crimson_light:2142,mass_navigation_agent_amber_light:2142,mass_navigation_agent_emerald_light:2142,mass_navigation_agent_health_text_heavy:1432,mass_navigation_agent_health_hud_heavy:1432",0,0,63,63/6,0.01,0.03,0.00,0.00,0.01,2.99,0.02,0.00,0.00,:0.00,:0.00,:0.00,2.95,PresenterEntityTransformSyncSystem:0.77,AnimatorRuntimeSystem:0.57,TerrainHeightSyncSystem:0.39,0.00,0,0,0,0,0,0.57,0.77,0.20,10009/0,0.00,0/0,0.39,10009,0.00,0.00/0.00/0.00/0.00,0.00/0.00/0.00,0.00/0.00/0.00/0.00/0.00/0.00,0.00/0.00/0.00/0.00/0.00,0.20,0.02,0.03,0.14,0.20,0.00,0.01,126,2,0,0.06,0.01,4/0,0.00,0,0,0,0,0.04,0.00,0.00,0.00,0,0.00,0.00,0,0,0/0,0.00,0,0,0.00,0,0,0.00,0,0,0.09,0.00,0,2,0,0.09,0.00,0.00,0.00,0.00,0.00,0.32,0.00,0,0.00,0,0,0/0/0,0.09,0.00,126,1,1,0,0,0,2026-09-09T18:30:55.4861146Z
3.64ms,275.1,0,63,30009,"mass_navigation_agent_health_text_light:8568,mass_navigation_agent_health_hud_light:8568,mass_navigation_agent_azure_light:2142,mass_navigation_agent_crimson_light:2142,mass_navigation_agent_amber_light:2142,mass_navigation_agent_emerald_light:2142,mass_navigation_agent_health_text_heavy:1432,mass_navigation_agent_health_hud_heavy:1432",0,0,63,63/6,0.01,0.06,0.00,0.00,0.01,3.19,0.02,0.00,0.00,:0.00,:0.00,:0.00,3.16,PresenterEntityTransformSyncSystem:0.95,AnimatorRuntimeSystem:0.63,TerrainHeightSyncSystem:0.39,0.00,0,0,0,0,0,0.63,0.95,0.20,10009/0,0.00,0/0,0.39,10009,0.00,0.00/0.00/0.00/0.00,0.00/0.00/0.00,0.00/0.00/0.00/0.00/0.00/0.00,0.00/0.00/0.00/0.00/0.00,0.16,0.02,0.00,0.14,0.16,0.00,0.01,126,2,0,0.10,0.01,4/0,0.00,0,0,0,0,0.08,0.00,0.00,0.00,0,0.00,0.00,0,0,0/0,0.00,0,0,0.00,0,0,0.00,0,0,0.10,0.00,0,2,0,0.10,0.00,0.00,0.00,0.00,0.00,0.33,0.00,0,0.00,0,0,0/0/0,0.09,0.00,126,1,1,0,0,0,2026-09-09T18:30:55.7669190Z
3.96ms,252.3,0,63,30009,"mass_navigation_agent_health_text_light:8568,mass_navigation_agent_health_hud_light:8568,mass_navigation_agent_azure_light:2142,mass_navigation_agent_crimson_light:2142,mass_navigation_agent_amber_light:2142,mass_navigation_agent_emerald_light:2142,mass_navigation_agent_health_text_heavy:1432,mass_navigation_agent_health_hud_heavy:1432",0,0,63,63/6,0.01,0.04,0.00,0.00,0.02,3.48,0.03,0.00,0.00,:0.00,:0.00,:0.00,3.42,PresenterEntityTransformSyncSystem:0.86,AnimatorRuntimeSystem:0.64,PresenterEmitSystem:0.44,0.00,0,0,0,0,0,0.64,0.86,0.24,10009/0,0.00,0/0,0.41,10009,0.00,0.00/0.00/0.00/0.00,0.00/0.00/0.00,0.00/0.00/0.00/0.00/0.00/0.00,0.00/0.00/0.00/0.00/0.00,0.26,0.03,0.00,0.22,0.26,0.00,0.02,126,2,0,0.07,0.01,4/0,0.00,0,0,0,0,0.05,0.00,0.00,0.00,0,0.00,0.00,0,0,0/0,0.00,0,0,0.00,0,0,0.00,0,0,0.13,0.00,0,2,0,0.13,0.00,0.00,0.00,0.00,0.00,0.44,0.00,0,0.00,0,0,0/0/0,0.09,0.00,126,1,1,0,0,0,2026-09-09T18:30:56.0658978Z
7.67ms,130.3,0,63,30009,"mass_navigation_agent_health_text_light:8568,mass_navigation_agent_health_hud_light:8568,mass_navigation_agent_azure_light:2142,mass_navigation_agent_crimson_light:2142,mass_navigation_agent_amber_light:2142,mass_navigation_agent_emerald_light:2142,mass_navigation_agent_health_text_heavy:1432,mass_navigation_agent_health_hud_heavy:1432",0,0,63,63/6,0.01,0.04,0.00,0.00,0.01,7.05,0.04,0.00,3.45,MassNavigationSimulationStepSystem:1.88,EffectProcessingLoopSystem:0.32,AbilityEndOrderSystem:0.25,3.56,PresenterEntityTransformSyncSystem:1.07,AnimatorRuntimeSystem:0.53,PresenterEmitSystem:0.47,0.00,0,0,0,0,0,0.53,1.07,0.20,10009/0,0.00,0/0,0.42,10009,0.00,0.00/0.00/0.00/0.00,0.00/0.00/0.00,0.00/0.00/0.00/0.00/0.00/0.00,0.00/0.00/0.00/0.00/0.00,0.22,0.03,0.00,0.18,0.22,0.00,0.03,126,2,0,0.09,0.01,4/0,0.00,0,0,0,0,0.06,0.00,0.00,0.00,0,0.00,0.00,0,0,0/0,0.00,0,0,0.00,0,0,0.00,0,0,0.15,0.00,0,2,0,0.14,0.00,0.00,0.00,0.00,0.00,0.47,0.00,0,0.00,0,0,0/0/0,0.11,0.00,126,1,1,0,0,0,2026-09-09T18:30:56.3428904Z
3.51ms,285.1,0,63,30009,"mass_navigation_agent_health_text_light:8568,mass_navigation_agent_health_hud_light:8568,mass_navigation_agent_azure_light:2142,mass_navigation_agent_crimson_light:2142,mass_navigation_agent_amber_light:2142,mass_navigation_agent_emerald_light:2142,mass_navigation_agent_health_text_heavy:1432,mass_navigation_agent_health_hud_heavy:1432",0,0,63,63/6,0.01,0.03,0.00,0.00,0.01,3.20,0.01,0.00,0.00,:0.00,:0.00,:0.00,3.16,PresenterEntityTransformSyncSystem:0.85,AnimatorRuntimeSystem:0.64,TerrainHeightSyncSystem:0.44,0.00,0,0,0,0,0,0.64,0.85,0.18,10009/0,0.00,0/0,0.44,10009,0.00,0.00/0.00/0.00/0.00,0.00/0.00/0.00,0.00/0.00/0.00/0.00/0.00/0.00,0.00/0.00/0.00/0.00/0.00,0.17,0.02,0.00,0.14,0.17,0.00,0.01,126,2,0,0.06,0.01,4/0,0.00,0,0,0,0,0.04,0.00,0.00,0.00,0,0.00,0.00,0,0,0/0,0.00,0,0,0.00,0,0,0.00,0,0,0.06,0.00,0,2,0,0.06,0.00,0.00,0.00,0.00,0.00,0.34,0.00,0,0.00,0,0,0/0/0,0.06,0.00,126,1,1,0,0,0,2026-09-09T18:30:56.6254110Z
8.63ms,115.8,0,63,30009,"mass_navigation_agent_health_text_light:8568,mass_navigation_agent_health_hud_light:8568,mass_navigation_agent_azure_light:2142,mass_navigation_agent_crimson_light:2142,mass_navigation_agent_amber_light:2142,mass_navigation_agent_emerald_light:2142,mass_navigation_agent_health_text_heavy:1432,mass_navigation_agent_health_hud_heavy:1432",0,0,63,63/6,0.01,0.03,0.00,0.00,0.01,8.12,0.03,0.00,4.03,EffectProcessingLoopSystem:1.73,MapEntityLifecycleObserverSystem:0.63,AttributeAggregatorSystem:0.61,4.05,PresenterEntityTransformSyncSystem:1.03,PresenterEmitSystem:0.63,AnimatorRuntimeSystem:0.56,0.21,0,153,153,0,0,0.56,1.03,0.22,10009/0,0.00,0/0,0.44,10009,0.00,0.00/0.00/0.00/0.00,0.00/0.00/0.00,0.00/0.00/0.00/0.00/0.00/0.00,0.00/0.00/0.00/0.00/0.00,0.22,0.03,0.00,0.18,0.22,0.00,0.02,126,2,0,0.07,0.01,4/0,0.00,0,0,0,0,0.04,0.00,0.00,0.00,0,0.00,0.00,0,0,0/0,0.00,0,0,0.00,0,0,0.00,0,0,0.14,0.00,0,2,0,0.13,0.00,0.00,0.00,0.00,0.00,0.63,0.00,0,0.27,304,0,304/0/0,0.10,0.00,126,1,1,0,0,0,2026-09-09T18:30:56.9038509Z
15.05ms,66.4,0,63,30009,"mass_navigation_agent_health_text_light:8568,mass_navigation_agent_health_hud_light:8568,mass_navigation_agent_azure_light:2142,mass_navigation_agent_crimson_light:2142,mass_navigation_agent_amber_light:2142,mass_navigation_agent_emerald_light:2142,mass_navigation_agent_health_text_heavy:1432,mass_navigation_agent_health_hud_heavy:1432",0,0,63,63/6,0.01,0.04,0.00,0.00,0.01,14.47,0.04,0.00,10.68,MassNavigationSimulationStepSystem:9.22,EffectProcessingLoopSystem:0.29,AbilityEndOrderSystem:0.28,3.76,PresenterEntityTransformSyncSystem:1.29,AnimatorRuntimeSystem:0.57,TerrainHeightSyncSystem:0.41,0.00,0,0,0,0,0,0.57,1.29,0.21,10009/0,0.00,0/0,0.41,10009,0.00,0.00/0.00/0.00/0.00,0.00/0.00/0.00,0.00/0.00/0.00/0.00/0.00/0.00,0.00/0.00/0.00/0.00/0.00,0.24,0.04,0.00,0.20,0.24,0.00,0.02,126,2,0,0.08,0.01,4/0,0.00,0,0,0,0,0.05,0.00,0.00,0.00,0,0.00,0.00,0,0,0/0,0.00,0,0,0.00,0,0,0.00,0,0,0.15,0.00,0,2,0,0.14,0.00,0.00,0.00,0.00,0.00,0.35,0.00,0,0.00,0,0,0/0/0,0.11,0.00,126,1,1,0,0,0,2026-09-09T18:30:57.1992064Z
3.60ms,278.2,0,63,30009,"mass_navigation_agent_health_text_light:8568,mass_navigation_agent_health_hud_light:8568,mass_navigation_agent_azure_light:2142,mass_navigation_agent_crimson_light:2142,mass_navigation_agent_amber_light:2142,mass_navigation_agent_emerald_light:2142,mass_navigation_agent_health_text_heavy:1432,mass_navigation_agent_health_hud_heavy:1432",0,0,63,63/6,0.01,0.03,0.00,0.00,0.01,3.16,0.02,0.00,0.00,:0.00,:0.00,:0.00,3.11,PresenterEntityTransformSyncSystem:0.78,AnimatorRuntimeSystem:0.61,TerrainHeightSyncSystem:0.43,0.00,0,0,0,0,0,0.61,0.78,0.20,10009/0,0.00,0/0,0.43,10009,0.00,0.00/0.00/0.00/0.00,0.00/0.00/0.00,0.00/0.00/0.00/0.00/0.00/0.00,0.00/0.00/0.00/0.00/0.00,0.25,0.02,0.00,0.22,0.25,0.00,0.01,126,2,0,0.06,0.01,4/0,0.00,0,0,0,0,0.04,0.00,0.00,0.00,0,0.00,0.00,0,0,0/0,0.00,0,0,0.00,0,0,0.00,0,0,0.09,0.00,0,2,0,0.09,0.00,0.00,0.00,0.00,0.00,0.35,0.00,0,0.00,0,0,0/0/0,0.11,0.00,126,1,1,0,0,0,2026-09-09T18:30:57.4773168Z
9.17ms,109.1,0,63,30009,"mass_navigation_agent_health_text_light:8568,mass_navigation_agent_health_hud_light:8568,mass_navigation_agent_azure_light:2142,mass_navigation_agent_crimson_light:2142,mass_navigation_agent_amber_light:2142,mass_navigation_agent_emerald_light:2142,mass_navigation_agent_health_text_heavy:1432,mass_navigation_agent_health_hud_heavy:1432",0,0,63,63/6,0.01,0.03,0.00,0.00,0.01,8.64,0.03,0.00,4.42,EffectProcessingLoopSystem:1.96,AttributeAggregatorSystem:0.65,MapEntityLifecycleObserverSystem:0.62,4.17,PresenterEntityTransformSyncSystem:1.03,PresenterEmitSystem:0.72,AnimatorRuntimeSystem:0.55,0.24,0,182,182,0,0,0.55,1.03,0.23,10009/0,0.00,0/0,0.39,10009,0.00,0.00/0.00/0.00/0.00,0.00/0.00/0.00,0.00/0.00/0.00/0.00/0.00/0.00,0.00/0.00/0.00/0.00/0.00,0.26,0.03,0.00,0.23,0.26,0.00,0.02,126,2,0,0.07,0.01,4/0,0.00,0,0,0,0,0.04,0.00,0.00,0.00,0,0.00,0.00,0,0,0/0,0.00,0,0,0.00,0,0,0.00,0,0,0.15,0.00,0,2,0,0.14,0.00,0.00,0.00,0.00,0.00,0.72,0.00,0,0.32,362,0,362/0/0,0.09,0.00,126,1,1,0,0,0,2026-09-09T18:30:57.7573950Z
3.91ms,255.7,0,63,30009,"mass_navigation_agent_health_text_light:8568,mass_navigation_agent_health_hud_light:8568,mass_navigation_agent_azure_light:2142,mass_navigation_agent_crimson_light:2142,mass_navigation_agent_amber_light:2142,mass_navigation_agent_emerald_light:2142,mass_navigation_agent_health_text_heavy:1432,mass_navigation_agent_health_hud_heavy:1432",0,0,63,63/6,0.01,0.03,0.00,0.00,0.01,3.44,0.03,0.00,0.19,EffectProcessingLoopSystem:0.19,:0.00,:0.00,3.21,PresenterEntityTransformSyncSystem:0.80,AnimatorRuntimeSystem:0.60,PresenterEmitSystem:0.47,0.00,0,0,0,0,0,0.60,0.79,0.19,10009/0,0.00,0/0,0.36,10009,0.00,0.00/0.00/0.00/0.00,0.00/0.00/0.00,0.00/0.00/0.00/0.00/0.00/0.00,0.00/0.00/0.00/0.00/0.00,0.22,0.02,0.00,0.19,0.22,0.00,0.02,126,2,0,0.07,0.01,4/0,0.00,0,0,0,0,0.04,0.00,0.00,0.00,0,0.00,0.00,0,0,0/0,0.00,0,0,0.00,0,0,0.00,0,0,0.09,0.00,0,2,0,0.09,0.00,0.00,0.00,0.00,0.00,0.47,0.00,0,0.00,0,0,0/0/0,0.09,0.00,126,1,1,0,0,0,2026-09-09T18:30:58.0461705Z
3.80ms,263.4,0,63,30009,"mass_navigation_agent_health_text_light:8568,mass_navigation_agent_health_hud_light:8568,mass_navigation_agent_azure_light:2142,mass_navigation_agent_crimson_light:2142,mass_navigation_agent_amber_light:2142,mass_navigation_agent_emerald_light:2142,mass_navigation_agent_health_text_heavy:1432,mass_navigation_agent_health_hud_heavy:1432",0,0,63,63/6,0.01,0.04,0.00,0.00,0.01,3.32,0.02,0.00,0.00,:0.00,:0.00,:0.00,3.28,PresenterEntityTransformSyncSystem:0.91,AnimatorRuntimeSystem:0.65,TerrainHeightSyncSystem:0.45,0.00,0,0,0,0,0,0.65,0.91,0.21,10009/0,0.00,0/0,0.45,10009,0.00,0.00/0.00/0.00/0.00,0.00/0.00/0.00,0.00/0.00/0.00/0.00/0.00/0.00,0.00/0.00/0.00/0.00/0.00,0.23,0.03,0.00,0.19,0.23,0.00,0.01,126,2,0,0.07,0.01,4/0,0.00,0,0,0,0,0.05,0.00,0.00,0.00,0,0.00,0.00,0,0,0/0,0.00,0,0,0.00,0,0,0.00,0,0,0.10,0.00,0,2,0,0.10,0.00,0.00,0.00,0.00,0.00,0.32,0.00,0,0.00,0,0,0/0/0,0.12,0.00,126,1,1,0,0,0,2026-09-09T18:30:58.3339325Z
3.55ms,281.9,0,63,30009,"mass_navigation_agent_health_text_light:8568,mass_navigation_agent_health_hud_light:8568,mass_navigation_agent_azure_light:2142,mass_navigation_agent_crimson_light:2142,mass_navigation_agent_amber_light:2142,mass_navigation_agent_emerald_light:2142,mass_navigation_agent_health_text_heavy:1432,mass_navigation_agent_health_hud_heavy:1432",0,0,63,63/6,0.01,0.03,0.00,0.00,0.01,3.19,0.02,0.00,0.00,:0.00,:0.00,:0.00,3.14,PresenterEntityTransformSyncSystem:0.84,AnimatorRuntimeSystem:0.65,TerrainHeightSyncSystem:0.41,0.00,0,0,0,0,0,0.65,0.84,0.24,10009/0,0.00,0/0,0.41,10009,0.00,0.00/0.00/0.00/0.00,0.00/0.00/0.00,0.00/0.00/0.00/0.00/0.00/0.00,0.00/0.00/0.00/0.00/0.00,0.17,0.02,0.00,0.14,0.16,0.00,0.01,126,2,0,0.06,0.01,4/0,0.00,0,0,0,0,0.04,0.00,0.00,0.00,0,0.00,0.00,0,0,0/0,0.00,0,0,0.00,0,0,0.00,0,0,0.06,0.00,0,2,0,0.06,0.00,0.00,0.00,0.00,0.00,0.31,0.00,0,0.00,0,0,0/0/0,0.09,0.00,126,1,1,0,0,0,2026-09-09T18:30:58.6244759Z
9.17ms,109.0,0,63,30009,"mass_navigation_agent_health_text_light:8568,mass_navigation_agent_health_hud_light:8568,mass_navigation_agent_azure_light:2142,mass_navigation_agent_crimson_light:2142,mass_navigation_agent_amber_light:2142,mass_navigation_agent_emerald_light:2142,mass_navigation_agent_health_text_heavy:1432,mass_navigation_agent_health_hud_heavy:1432",0,0,63,63/6,0.01,0.04,0.00,0.00,0.01,8.63,0.03,0.00,4.60,EffectProcessingLoopSystem:2.07,MapEntityLifecycleObserverSystem:0.74,AttributeAggregatorSystem:0.64,3.99,PresenterEntityTransformSyncSystem:1.05,PresenterEmitSystem:0.67,AnimatorRuntimeSystem:0.52,0.23,0,177,177,0,0,0.52,1.05,0.19,10009/0,0.00,0/0,0.38,10009,0.00,0.00/0.00/0.00/0.00,0.00/0.00/0.00,0.00/0.00/0.00/0.00/0.00/0.00,0.00/0.00/0.00/0.00/0.00,0.21,0.03,0.00,0.17,0.21,0.00,0.02,126,2,0,0.08,0.01,4/0,0.00,0,0,0,0,0.05,0.00,0.00,0.00,0,0.00,0.00,0,0,0/0,0.00,0,0,0.00,0,0,0.00,0,0,0.13,0.00,0,2,0,0.13,0.00,0.00,0.00,0.00,0.00,0.67,0.00,0,0.31,352,0,352/0/0,0.10,0.00,126,1,1,0,0,0,2026-09-09T18:30:58.9050381Z
16.37ms,61.1,0,63,30009,"mass_navigation_agent_health_text_light:8568,mass_navigation_agent_health_hud_light:8568,mass_navigation_agent_azure_light:2142,mass_navigation_agent_crimson_light:2142,mass_navigation_agent_amber_light:2142,mass_navigation_agent_emerald_light:2142,mass_navigation_agent_health_text_heavy:1432,mass_navigation_agent_health_hud_heavy:1432",0,0,63,63/6,0.01,0.04,0.00,0.00,0.01,15.61,0.05,0.00,10.98,MassNavigationSimulationStepSystem:9.39,AbilityEndOrderSystem:0.38,EffectProcessingLoopSystem:0.31,4.58,PresenterEntityTransformSyncSystem:1.82,AnimatorRuntimeSystem:0.63,TerrainHeightSyncSystem:0.45,0.01,0,0,0,0,0,0.63,1.82,0.23,10009/0,0.00,0/0,0.45,10009,0.00,0.00/0.00/0.00/0.00,0.00/0.00/0.00,0.00/0.00/0.00/0.00/0.00/0.00,0.00/0.00/0.00/0.00/0.00,0.22,0.04,0.00,0.17,0.22,0.00,0.03,126,2,0,0.08,0.01,4/0,0.00,0,0,0,0,0.06,0.00,0.00,0.00,0,0.00,0.00,0,0,0/0,0.00,0,0,0.00,0,0,0.00,0,0,0.20,0.00,0,2,0,0.20,0.00,0.00,0.00,0.00,0.00,0.41,0.00,0,0.00,0,0,0/0/0,0.16,0.00,126,1,1,0,0,0,2026-09-09T18:30:59.2007669Z
3.70ms,270.5,0,63,30009,"mass_navigation_agent_health_text_light:8568,mass_navigation_agent_health_hud_light:8568,mass_navigation_agent_azure_light:2142,mass_navigation_agent_crimson_light:2142,mass_navigation_agent_amber_light:2142,mass_navigation_agent_emerald_light:2142,mass_navigation_agent_health_text_heavy:1432,mass_navigation_agent_health_hud_heavy:1432",0,0,63,63/6,0.01,0.04,0.00,0.00,0.01,3.23,0.02,0.00,0.00,:0.00,:0.00,:0.00,3.19,PresenterEntityTransformSyncSystem:0.88,AnimatorRuntimeSystem:0.61,TerrainHeightSyncSystem:0.40,0.00,0,0,0,0,0,0.61,0.88,0.25,10009/0,0.00,0/0,0.40,10009,0.00,0.00/0.00/0.00/0.00,0.00/0.00/0.00,0.00/0.00/0.00/0.00/0.00/0.00,0.00/0.00/0.00/0.00/0.00,0.22,0.02,0.00,0.19,0.22,0.00,0.02,126,2,0,0.07,0.01,4/0,0.00,0,0,0,0,0.05,0.00,0.00,0.00,0,0.00,0.00,0,0,0/0,0.00,0,0,0.00,0,0,0.00,0,0,0.11,0.00,0,2,0,0.10,0.00,0.00,0.00,0.00,0.00,0.33,0.00,0,0.00,0,0,0/0/0,0.10,0.00,126,1,1,0,0,0,2026-09-09T18:30:59.4787969Z
3.63ms,275.1,0,63,30009,"mass_navigation_agent_health_text_light:8568,mass_navigation_agent_health_hud_light:8568,mass_navigation_agent_azure_light:2142,mass_navigation_agent_crimson_light:2142,mass_navigation_agent_amber_light:2142,mass_navigation_agent_emerald_light:2142,mass_navigation_agent_health_text_heavy:1432,mass_navigation_agent_health_hud_heavy:1432",0,0,63,63/6,0.01,0.04,0.00,0.00,0.02,3.15,0.02,0.00,0.00,:0.00,:0.00,:0.00,3.10,PresenterEntityTransformSyncSystem:0.81,AnimatorRuntimeSystem:0.58,TerrainHeightSyncSystem:0.39,0.00,0,0,0,0,0,0.58,0.81,0.19,10009/0,0.00,0/0,0.39,10009,0.00,0.00/0.00/0.00/0.00,0.00/0.00/0.00,0.00/0.00/0.00/0.00/0.00/0.00,0.00/0.00/0.00/0.00/0.00,0.18,0.03,0.00,0.15,0.18,0.00,0.01,126,2,0,0.07,0.01,4/0,0.00,0,0,0,0,0.05,0.00,0.00,0.00,0,0.00,0.00,0,0,0/0,0.00,0,0,0.00,0,0,0.00,0,0,0.11,0.00,0,2,0,0.11,0.00,0.00,0.00,0.00,0.00,0.36,0.00,0,0.00,0,0,0/0/0,0.10,0.00,126,1,1,0,0,0,2026-09-09T18:30:59.7600776Z
4.25ms,235.1,0,63,30009,"mass_navigation_agent_health_text_light:8568,mass_navigation_agent_health_hud_light:8568,mass_navigation_agent_azure_light:2142,mass_navigation_agent_crimson_light:2142,mass_navigation_agent_amber_light:2142,mass_navigation_agent_emerald_light:2142,mass_navigation_agent_health_text_heavy:1432,mass_navigation_agent_health_hud_heavy:1432",0,0,63,63/6,0.01,0.04,0.00,0.00,0.02,3.68,0.03,0.00,0.00,:0.00,:0.00,:0.00,3.61,PresenterEntityTransformSyncSystem:1.04,AnimatorRuntimeSystem:0.67,TerrainHeightSyncSystem:0.48,0.01,0,0,0,0,0,0.67,1.04,0.23,10009/0,0.00,0/0,0.48,10009,0.00,0.00/0.00/0.00/0.00,0.00/0.00/0.00,0.00/0.00/0.00/0.00/0.00/0.00,0.00/0.00/0.00/0.00/0.00,0.24,0.03,0.00,0.20,0.24,0.00,0.02,126,2,0,0.08,0.01,4/0,0.00,0,0,0,0,0.05,0.00,0.00,0.00,0,0.00,0.00,0,0,0/0,0.00,0,0,0.00,0,0,0.00,0,0,0.15,0.00,0,2,0,0.15,0.00,0.00,0.00,0.00,0.00,0.35,0.00,0,0.00,0,0,0/0/0,0.10,0.00,126,1,1,0,0,0,2026-09-09T18:31:00.0629489Z
8.80ms,113.7,0,63,30009,"mass_navigation_agent_health_text_light:8568,mass_navigation_agent_health_hud_light:8568,mass_navigation_agent_azure_light:2142,mass_navigation_agent_crimson_light:2142,mass_navigation_agent_amber_light:2142,mass_navigation_agent_emerald_light:2142,mass_navigation_agent_health_text_heavy:1432,mass_navigation_agent_health_hud_heavy:1432",0,0,63,63/6,0.01,0.03,0.00,0.00,0.01,8.25,0.03,0.00,4.25,EffectProcessingLoopSystem:1.80,MassNavigationAuthoredAgentBindingSystem:0.66,MapEntityLifecycleObserverSystem:0.65,3.93,PresenterEntityTransformSyncSystem:0.99,PresenterEmitSystem:0.65,AnimatorRuntimeSystem:0.52,0.22,0,165,165,0,0,0.52,0.99,0.23,10009/0,0.00,0/0,0.38,10009,0.00,0.00/0.00/0.00/0.00,0.00/0.00/0.00,0.00/0.00/0.00/0.00/0.00/0.00,0.00/0.00/0.00/0.00/0.00,0.19,0.03,0.00,0.16,0.19,0.00,0.02,126,2,0,0.07,0.01,4/0,0.00,0,0,0,0,0.04,0.00,0.00,0.00,0,0.00,0.00,0,0,0/0,0.00,0,0,0.00,0,0,0.00,0,0,0.14,0.00,0,2,0,0.14,0.00,0.00,0.00,0.00,0.00,0.65,0.00,0,0.29,328,0,328/0/0,0.10,0.00,126,1,1,0,0,0,2026-09-09T18:31:00.3563159Z
5.19ms,192.5,0,63,30009,"mass_navigation_agent_health_text_light:8568,mass_navigation_agent_health_hud_light:8568,mass_navigation_agent_azure_light:2142,mass_navigation_agent_crimson_light:2142,mass_navigation_agent_amber_light:2142,mass_navigation_agent_emerald_light:2142,mass_navigation_agent_health_text_heavy:1432,mass_navigation_agent_health_hud_heavy:1432",0,0,63,63/6,0.01,0.04,0.00,0.00,0.01,4.68,0.03,0.00,1.24,EffectProcessingLoopSystem:0.28,OrderBufferSystem:0.18,SpatialPartitionUpdateSystem:0.17,3.40,PresenterEntityTransformSyncSystem:1.08,AnimatorRuntimeSystem:0.63,TerrainHeightSyncSystem:0.41,0.00,0,0,0,0,0,0.63,1.08,0.22,10009/0,0.00,0/0,0.41,10009,0.00,0.00/0.00/0.00/0.00,0.00/0.00/0.00,0.00/0.00/0.00/0.00/0.00/0.00,0.00/0.00/0.00/0.00/0.00,0.20,0.03,0.00,0.16,0.20,0.00,0.02,126,2,0,0.07,0.01,4/0,0.00,0,0,0,0,0.05,0.00,0.00,0.00,0,0.00,0.00,0,0,0/0,0.00,0,0,0.00,0,0,0.00,0,0,0.13,0.00,0,2,0,0.13,0.00,0.00,0.00,0.00,0.00,0.31,0.00,0,0.00,0,0,0/0/0,0.10,0.00,126,1,1,0,0,0,2026-09-09T18:31:00.6401894Z
3.86ms,259.4,0,63,30009,"mass_navigation_agent_health_text_light:8568,mass_navigation_agent_health_hud_light:8568,mass_navigation_agent_azure_light:2142,mass_navigation_agent_crimson_light:2142,mass_navigation_agent_amber_light:2142,mass_navigation_agent_emerald_light:2142,mass_navigation_agent_health_text_heavy:1432,mass_navigation_agent_health_hud_heavy:1432",0,0,63,63/6,0.01,0.04,0.00,0.00,0.01,3.40,0.02,0.00,0.00,:0.00,:0.00,:0.00,3.36,PresenterEntityTransformSyncSystem:0.93,AnimatorRuntimeSystem:0.65,TerrainHeightSyncSystem:0.40,0.00,0,0,0,0,0,0.65,0.93,0.21,10009/0,0.00,0/0,0.40,10009,0.00,0.00/0.00/0.00/0.00,0.00/0.00/0.00,0.00/0.00/0.00/0.00/0.00/0.00,0.00/0.00/0.00/0.00/0.00,0.18,0.03,0.00,0.15,0.18,0.00,0.02,126,2,0,0.07,0.01,4/0,0.00,0,0,0,0,0.05,0.00,0.00,0.00,0,0.00,0.00,0,0,0/0,0.00,0,0,0.00,0,0,0.00,0,0,0.11,0.00,0,2,0,0.11,0.00,0.00,0.00,0.00,0.00,0.34,0.00,0,0.00,0,0,0/0/0,0.09,0.00,126,1,1,0,0,0,2026-09-09T18:31:00.9164043Z
6.37ms,157.0,0,63,30009,"mass_navigation_agent_health_text_light:8568,mass_navigation_agent_health_hud_light:8568,mass_navigation_agent_azure_light:2142,mass_navigation_agent_crimson_light:2142,mass_navigation_agent_amber_light:2142,mass_navigation_agent_emerald_light:2142,mass_navigation_agent_health_text_heavy:1432,mass_navigation_agent_health_hud_heavy:1432",0,0,63,63/6,0.01,0.04,0.00,0.00,0.01,5.86,0.03,0.00,2.04,EffectProcessingLoopSystem:2.04,:0.00,:0.00,3.77,PresenterEntityTransformSyncSystem:1.23,AnimatorRuntimeSystem:0.65,TerrainHeightSyncSystem:0.40,0.00,0,0,0,0,0,0.65,1.23,0.20,10009/0,0.00,0/0,0.40,10009,0.00,0.00/0.00/0.00/0.00,0.00/0.00/0.00,0.00/0.00/0.00/0.00/0.00/0.00,0.00/0.00/0.00/0.00/0.00,0.30,0.04,0.00,0.25,0.30,0.00,0.02,126,2,0,0.08,0.01,4/0,0.00,0,0,0,0,0.05,0.00,0.00,0.00,0,0.00,0.00,0,0,0/0,0.00,0,0,0.00,0,0,0.00,0,0,0.12,0.00,0,2,0,0.11,0.00,0.00,0.00,0.00,0.00,0.36,0.00,0,0.00,0,0,0/0/0,0.11,0.00,126,1,1,0,0,0,2026-09-09T18:31:01.2127927Z
3.64ms,274.8,0,63,30009,"mass_navigation_agent_health_text_light:8568,mass_navigation_agent_health_hud_light:8568,mass_navigation_agent_azure_light:2142,mass_navigation_agent_crimson_light:2142,mass_navigation_agent_amber_light:2142,mass_navigation_agent_emerald_light:2142,mass_navigation_agent_health_text_heavy:1432,mass_navigation_agent_health_hud_heavy:1432",0,0,63,63/6,0.01,0.04,0.00,0.00,0.01,3.20,0.02,0.00,0.00,:0.00,:0.00,:0.00,3.16,PresenterEntityTransformSyncSystem:0.84,AnimatorRuntimeSystem:0.66,TerrainHeightSyncSystem:0.40,0.00,0,0,0,0,0,0.66,0.84,0.19,10009/0,0.00,0/0,0.40,10009,0.00,0.00/0.00/0.00/0.00,0.00/0.00/0.00,0.00/0.00/0.00/0.00/0.00/0.00,0.00/0.00/0.00/0.00/0.00,0.18,0.02,0.00,0.15,0.18,0.00,0.01,126,2,0,0.07,0.01,4/0,0.00,0,0,0,0,0.05,0.00,0.00,0.00,0,0.00,0.00,0,0,0/0,0.00,0,0,0.00,0,0,0.00,0,0,0.09,0.00,0,2,0,0.09,0.00,0.00,0.00,0.00,0.00,0.33,0.00,0,0.00,0,0,0/0/0,0.10,0.00,126,1,1,0,0,0,2026-09-09T18:31:01.4866962Z
3.58ms,279.6,0,63,30009,"mass_navigation_agent_health_text_light:8568,mass_navigation_agent_health_hud_light:8568,mass_navigation_agent_azure_light:2142,mass_navigation_agent_crimson_light:2142,mass_navigation_agent_amber_light:2142,mass_navigation_agent_emerald_light:2142,mass_navigation_agent_health_text_heavy:1432,mass_navigation_agent_health_hud_heavy:1432",0,0,63,63/6,0.01,0.03,0.00,0.00,0.01,3.14,0.02,0.00,0.00,:0.00,:0.00,:0.00,3.10,PresenterEntityTransformSyncSystem:0.79,AnimatorRuntimeSystem:0.66,TerrainHeightSyncSystem:0.43,0.00,0,0,0,0,0,0.66,0.79,0.21,10009/0,0.00,0/0,0.43,10009,0.00,0.00/0.00/0.00/0.00,0.00/0.00/0.00,0.00/0.00/0.00/0.00/0.00/0.00,0.00/0.00/0.00/0.00/0.00,0.17,0.03,0.00,0.14,0.17,0.00,0.01,126,2,0,0.07,0.01,4/0,0.00,0,0,0,0,0.05,0.00,0.00,0.00,0,0.00,0.00,0,0,0/0,0.00,0,0,0.00,0,0,0.00,0,0,0.10,0.00,0,2,0,0.10,0.00,0.00,0.00,0.00,0.00,0.33,0.00,0,0.00,0,0,0/0/0,0.08,0.00,126,1,1,0,0,0,2026-09-09T18:31:01.7679247Z
3.45ms,289.7,0,63,30009,"mass_navigation_agent_health_text_light:8568,mass_navigation_agent_health_hud_light:8568,mass_navigation_agent_azure_light:2142,mass_navigation_agent_crimson_light:2142,mass_navigation_agent_amber_light:2142,mass_navigation_agent_emerald_light:2142,mass_navigation_agent_health_text_heavy:1432,mass_navigation_agent_health_hud_heavy:1432",0,0,63,63/6,0.00,0.03,0.00,0.00,0.01,3.10,0.02,0.00,0.00,:0.00,:0.00,:0.00,3.04,PresenterEntityTransformSyncSystem:0.80,AnimatorRuntimeSystem:0.59,PresenterEmitSystem:0.37,0.00,0,0,0,0,0,0.59,0.80,0.21,10009/0,0.00,0/0,0.37,10009,0.00,0.00/0.00/0.00/0.00,0.00/0.00/0.00,0.00/0.00/0.00/0.00/0.00/0.00,0.00/0.00/0.00/0.00/0.00,0.17,0.03,0.00,0.14,0.17,0.00,0.01,126,2,0,0.06,0.01,4/0,0.00,0,0,0,0,0.04,0.00,0.00,0.00,0,0.00,0.00,0,0,0/0,0.00,0,0,0.00,0,0,0.00,0,0,0.07,0.00,0,2,0,0.07,0.00,0.00,0.00,0.00,0.00,0.37,0.00,0,0.00,0,0,0/0/0,0.07,0.00,126,1,1,0,0,0,2026-09-09T18:31:02.0619073Z
3.92ms,255.1,0,63,30009,"mass_navigation_agent_health_text_light:8568,mass_navigation_agent_health_hud_light:8568,mass_navigation_agent_azure_light:2142,mass_navigation_agent_crimson_light:2142,mass_navigation_agent_amber_light:2142,mass_navigation_agent_emerald_light:2142,mass_navigation_agent_health_text_heavy:1432,mass_navigation_agent_health_hud_heavy:1432",0,0,63,63/6,0.01,0.04,0.00,0.00,0.01,3.42,0.03,0.00,0.00,:0.00,:0.00,:0.00,3.38,PresenterEntityTransformSyncSystem:0.90,AnimatorRuntimeSystem:0.75,TerrainHeightSyncSystem:0.39,0.00,0,0,0,0,0,0.75,0.90,0.22,10009/0,0.00,0/0,0.39,10009,0.00,0.00/0.00/0.00/0.00,0.00/0.00/0.00,0.00/0.00/0.00/0.00/0.00/0.00,0.00/0.00/0.00/0.00/0.00,0.18,0.02,0.00,0.15,0.18,0.00,0.02,126,2,0,0.08,0.01,4/0,0.00,0,0,0,0,0.05,0.00,0.00,0.00,0,0.00,0.00,0,0,0/0,0.00,0,0,0.00,0,0,0.00,0,0,0.12,0.00,0,2,0,0.12,0.00,0.00,0.00,0.00,0.00,0.37,0.00,0,0.00,0,0,0/0/0,0.10,0.00,126,1,1,0,0,0,2026-09-09T18:31:02.3304836Z
3.45ms,289.6,0,63,30009,"mass_navigation_agent_health_text_light:8568,mass_navigation_agent_health_hud_light:8568,mass_navigation_agent_azure_light:2142,mass_navigation_agent_crimson_light:2142,mass_navigation_agent_amber_light:2142,mass_navigation_agent_emerald_light:2142,mass_navigation_agent_health_text_heavy:1432,mass_navigation_agent_health_hud_heavy:1432",0,0,63,63/6,0.01,0.03,0.00,0.00,0.01,3.14,0.01,0.00,0.00,:0.00,:0.00,:0.00,3.09,PresenterEntityTransformSyncSystem:0.85,AnimatorRuntimeSystem:0.60,TerrainHeightSyncSystem:0.40,0.00,0,0,0,0,0,0.60,0.85,0.23,10009/0,0.00,0/0,0.40,10009,0.00,0.00/0.00/0.00/0.00,0.00/0.00/0.00,0.00/0.00/0.00/0.00/0.00/0.00,0.00/0.00/0.00/0.00/0.00,0.17,0.03,0.00,0.13,0.16,0.00,0.01,126,2,0,0.06,0.01,4/0,0.00,0,0,0,0,0.04,0.00,0.00,0.00,0,0.00,0.00,0,0,0/0,0.00,0,0,0.00,0,0,0.00,0,0,0.06,0.00,0,2,0,0.06,0.00,0.00,0.00,0.00,0.00,0.31,0.00,0,0.00,0,0,0/0/0,0.06,0.00,126,1,1,0,0,0,2026-09-09T18:31:02.6193682Z
3.40ms,293.8,0,63,30009,"mass_navigation_agent_health_text_light:8568,mass_navigation_agent_health_hud_light:8568,mass_navigation_agent_azure_light:2142,mass_navigation_agent_crimson_light:2142,mass_navigation_agent_amber_light:2142,mass_navigation_agent_emerald_light:2142,mass_navigation_agent_health_text_heavy:1432,mass_navigation_agent_health_hud_heavy:1432",0,0,63,63/6,0.01,0.03,0.00,0.00,0.01,3.03,0.02,0.00,0.00,:0.00,:0.00,:0.00,2.99,PresenterEntityTransformSyncSystem:0.77,AnimatorRuntimeSystem:0.64,TerrainHeightSyncSystem:0.43,0.00,0,0,0,0,0,0.64,0.77,0.19,10009/0,0.00,0/0,0.43,10009,0.00,0.00/0.00/0.00/0.00,0.00/0.00/0.00,0.00/0.00/0.00/0.00/0.00/0.00,0.00/0.00/0.00/0.00/0.00,0.18,0.02,0.00,0.15,0.18,0.00,0.01,126,2,0,0.06,0.01,4/0,0.00,0,0,0,0,0.04,0.00,0.00,0.00,0,0.00,0.00,0,0,0/0,0.00,0,0,0.00,0,0,0.00,0,0,0.08,0.00,0,2,0,0.08,0.00,0.00,0.00,0.00,0.00,0.31,0.00,0,0.00,0,0,0/0/0,0.07,0.00,126,1,1,0,0,0,2026-09-09T18:31:02.8827767Z
3.49ms,286.8,0,63,30009,"mass_navigation_agent_health_text_light:8568,mass_navigation_agent_health_hud_light:8568,mass_navigation_agent_azure_light:2142,mass_navigation_agent_crimson_light:2142,mass_navigation_agent_amber_light:2142,mass_navigation_agent_emerald_light:2142,mass_navigation_agent_health_text_heavy:1432,mass_navigation_agent_health_hud_heavy:1432",0,0,63,63/6,0.01,0.04,0.00,0.00,0.01,3.05,0.02,0.00,0.00,:0.00,:0.00,:0.00,3.01,PresenterEntityTransformSyncSystem:0.78,AnimatorRuntimeSystem:0.64,TerrainHeightSyncSystem:0.38,0.00,0,0,0,0,0,0.64,0.78,0.20,10009/0,0.00,0/0,0.38,10009,0.00,0.00/0.00/0.00/0.00,0.00/0.00/0.00,0.00/0.00/0.00/0.00/0.00/0.00,0.00/0.00/0.00/0.00/0.00,0.17,0.02,0.00,0.14,0.17,0.00,0.02,126,2,0,0.07,0.01,4/0,0.00,0,0,0,0,0.05,0.00,0.00,0.00,0,0.00,0.00,0,0,0/0,0.00,0,0,0.00,0,0,0.00,0,0,0.10,0.00,0,2,0,0.10,0.00,0.00,0.00,0.00,0.00,0.34,0.00,0,0.00,0,0,0/0/0,0.09,0.00,126,1,1,0,0,0,2026-09-09T18:31:03.1683733Z
3.69ms,271.1,0,63,30009,"mass_navigation_agent_health_text_light:8568,mass_navigation_agent_health_hud_light:8568,mass_navigation_agent_azure_light:2142,mass_navigation_agent_crimson_light:2142,mass_navigation_agent_amber_light:2142,mass_navigation_agent_emerald_light:2142,mass_navigation_agent_health_text_heavy:1432,mass_navigation_agent_health_hud_heavy:1432",0,0,63,63/6,0.01,0.04,0.00,0.00,0.01,3.25,0.02,0.00,0.00,:0.00,:0.00,:0.00,3.21,PresenterEntityTransformSyncSystem:0.90,AnimatorRuntimeSystem:0.63,TerrainHeightSyncSystem:0.42,0.00,0,0,0,0,0,0.63,0.90,0.22,10009/0,0.00,0/0,0.42,10009,0.00,0.00/0.00/0.00/0.00,0.00/0.00/0.00,0.00/0.00/0.00/0.00/0.00/0.00,0.00/0.00/0.00/0.00/0.00,0.18,0.03,0.00,0.15,0.18,0.00,0.01,126,2,0,0.07,0.01,4/0,0.00,0,0,0,0,0.05,0.00,0.00,0.00,0,0.00,0.00,0,0,0/0,0.00,0,0,0.00,0,0,0.00,0,0,0.10,0.00,0,2,0,0.10,0.00,0.00,0.00,0.00,0.00,0.34,0.00,0,0.00,0,0,0/0/0,0.09,0.00,126,1,1,0,0,0,2026-09-09T18:31:03.4574348Z
3.51ms,284.8,0,63,30009,"mass_navigation_agent_health_text_light:8568,mass_navigation_agent_health_hud_light:8568,mass_navigation_agent_azure_light:2142,mass_navigation_agent_crimson_light:2142,mass_navigation_agent_amber_light:2142,mass_navigation_agent_emerald_light:2142,mass_navigation_agent_health_text_heavy:1432,mass_navigation_agent_health_hud_heavy:1432",0,0,63,63/6,0.00,0.03,0.00,0.00,0.01,3.08,0.02,0.00,0.00,:0.00,:0.00,:0.00,3.05,PresenterEntityTransformSyncSystem:0.85,AnimatorRuntimeSystem:0.63,TerrainHeightSyncSystem:0.39,0.00,0,0,0,0,0,0.63,0.85,0.22,10009/0,0.00,0/0,0.39,10009,0.00,0.00/0.00/0.00/0.00,0.00/0.00/0.00,0.00/0.00/0.00/0.00/0.00/0.00,0.00/0.00/0.00/0.00/0.00,0.16,0.02,0.00,0.14,0.16,0.00,0.01,126,2,0,0.07,0.01,4/0,0.00,0,0,0,0,0.05,0.00,0.00,0.00,0,0.00,0.00,0,0,0/0,0.00,0,0,0.00,0,0,0.00,0,0,0.10,0.00,0,2,0,0.10,0.00,0.00,0.00,0.00,0.00,0.32,0.00,0,0.00,0,0,0/0/0,0.09,0.00,126,1,1,0,0,0,2026-09-09T18:31:03.7274971Z
3.58ms,279.7,0,63,30009,"mass_navigation_agent_health_text_light:8568,mass_navigation_agent_health_hud_light:8568,mass_navigation_agent_azure_light:2142,mass_navigation_agent_crimson_light:2142,mass_navigation_agent_amber_light:2142,mass_navigation_agent_emerald_light:2142,mass_navigation_agent_health_text_heavy:1432,mass_navigation_agent_health_hud_heavy:1432",0,0,63,63/6,0.01,0.03,0.00,0.00,0.01,3.18,0.02,0.00,0.00,:0.00,:0.00,:0.00,3.11,PresenterEntityTransformSyncSystem:0.83,AnimatorRuntimeSystem:0.64,TerrainHeightSyncSystem:0.38,0.00,0,0,0,0,0,0.64,0.83,0.18,10009/0,0.00,0/0,0.38,10009,0.00,0.00/0.00/0.00/0.00,0.00/0.00/0.00,0.00/0.00/0.00/0.00/0.00/0.00,0.00/0.00/0.00/0.00/0.00,0.23,0.03,0.00,0.20,0.23,0.00,0.01,126,2,0,0.07,0.01,4/0,0.00,0,0,0,0,0.05,0.00,0.00,0.00,0,0.00,0.00,0,0,0/0,0.00,0,0,0.00,0,0,0.00,0,0,0.08,0.00,0,2,0,0.08,0.00,0.00,0.00,0.00,0.00,0.34,0.00,0,0.00,0,0,0/0/0,0.08,0.00,126,1,1,0,0,0,2026-09-09T18:31:04.0242346Z
8.89ms,112.5,0,63,30009,"mass_navigation_agent_health_text_light:8568,mass_navigation_agent_health_hud_light:8568,mass_navigation_agent_azure_light:2142,mass_navigation_agent_crimson_light:2142,mass_navigation_agent_amber_light:2142,mass_navigation_agent_emerald_light:2142,mass_navigation_agent_health_text_heavy:1432,mass_navigation_agent_health_hud_heavy:1432",0,0,63,63/6,0.01,0.03,0.00,0.00,0.02,8.34,0.03,0.00,4.55,EffectProcessingLoopSystem:1.92,AttributeAggregatorSystem:0.74,MassNavigationAuthoredAgentBindingSystem:0.69,3.75,PresenterEntityTransformSyncSystem:0.92,PresenterEmitSystem:0.63,AnimatorRuntimeSystem:0.52,0.22,0,179,179,0,0,0.52,0.92,0.22,10009/0,0.00,0/0,0.37,10009,0.00,0.00/0.00/0.00/0.00,0.00/0.00/0.00,0.00/0.00/0.00/0.00/0.00/0.00,0.00/0.00/0.00/0.00/0.00,0.19,0.03,0.00,0.15,0.18,0.00,0.02,126,2,0,0.07,0.01,4/0,0.00,0,0,0,0,0.04,0.00,0.00,0.00,0,0.00,0.00,0,0,0/0,0.00,0,0,0.00,0,0,0.00,0,0,0.14,0.00,0,2,0,0.14,0.00,0.00,0.00,0.00,0.00,0.63,0.00,0,0.27,356,0,356/0/0,0.11,0.00,126,1,1,0,0,0,2026-09-09T18:31:04.3060577Z
15.12ms,66.1,0,63,30009,"mass_navigation_agent_health_text_light:8568,mass_navigation_agent_health_hud_light:8568,mass_navigation_agent_azure_light:2142,mass_navigation_agent_crimson_light:2142,mass_navigation_agent_amber_light:2142,mass_navigation_agent_emerald_light:2142,mass_navigation_agent_health_text_heavy:1432,mass_navigation_agent_health_hud_heavy:1432",0,0,63,63/6,0.01,0.07,0.00,0.00,0.01,14.31,0.05,0.00,10.44,MassNavigationSimulationStepSystem:9.02,EffectProcessingLoopSystem:0.28,AbilityEndOrderSystem:0.27,3.82,PresenterEntityTransformSyncSystem:1.30,AnimatorRuntimeSystem:0.57,PresenterEmitSystem:0.44,0.00,0,0,0,0,0,0.57,1.30,0.20,10009/0,0.00,0/0,0.40,10009,0.00,0.00/0.00/0.00/0.00,0.00/0.00/0.00,0.00/0.00/0.00/0.00/0.00/0.00,0.00/0.00/0.00/0.00/0.00,0.22,0.03,0.00,0.17,0.22,0.00,0.04,126,2,0,0.13,0.02,4/0,0.00,0,0,0,0,0.09,0.00,0.00,0.00,0,0.00,0.00,0,0,0/0,0.00,0,0,0.00,0,0,0.00,0,0,0.18,0.00,0,2,0,0.18,0.00,0.00,0.00,0.00,0.00,0.44,0.00,0,0.00,0,0,0/0/0,0.14,0.00,126,1,1,0,0,0,2026-09-09T18:31:04.5991403Z
3.46ms,289.0,0,63,30009,"mass_navigation_agent_health_text_light:8568,mass_navigation_agent_health_hud_light:8568,mass_navigation_agent_azure_light:2142,mass_navigation_agent_crimson_light:2142,mass_navigation_agent_amber_light:2142,mass_navigation_agent_emerald_light:2142,mass_navigation_agent_health_text_heavy:1432,mass_navigation_agent_health_hud_heavy:1432",0,0,63,63/6,0.01,0.03,0.00,0.00,0.01,3.06,0.02,0.00,0.00,:0.00,:0.00,:0.00,3.02,PresenterEntityTransformSyncSystem:0.79,AnimatorRuntimeSystem:0.56,TerrainHeightSyncSystem:0.40,0.00,0,0,0,0,0,0.56,0.79,0.23,10009/0,0.00,0/0,0.40,10009,0.00,0.00/0.00/0.00/0.00,0.00/0.00/0.00,0.00/0.00/0.00/0.00/0.00/0.00,0.00/0.00/0.00/0.00/0.00,0.16,0.02,0.00,0.14,0.16,0.00,0.01,126,2,0,0.06,0.01,4/0,0.00,0,0,0,0,0.05,0.00,0.00,0.00,0,0.00,0.00,0,0,0/0,0.00,0,0,0.00,0,0,0.00,0,0,0.09,0.00,0,2,0,0.09,0.00,0.00,0.00,0.00,0.00,0.35,0.00,0,0.00,0,0,0/0/0,0.09,0.00,126,1,1,0,0,0,2026-09-09T18:31:04.8845940Z
3.72ms,268.6,0,63,30009,"mass_navigation_agent_health_text_light:8568,mass_navigation_agent_health_hud_light:8568,mass_navigation_agent_azure_light:2142,mass_navigation_agent_crimson_light:2142,mass_navigation_agent_amber_light:2142,mass_navigation_agent_emerald_light:2142,mass_navigation_agent_health_text_heavy:1432,mass_navigation_agent_health_hud_heavy:1432",0,0,63,63/6,0.01,0.05,0.00,0.00,0.01,3.16,0.02,0.00,0.00,:0.00,:0.00,:0.00,3.12,PresenterEntityTransformSyncSystem:0.78,AnimatorRuntimeSystem:0.69,TerrainHeightSyncSystem:0.46,0.00,0,0,0,0,0,0.69,0.78,0.19,10009/0,0.00,0/0,0.46,10009,0.00,0.00/0.00/0.00/0.00,0.00/0.00/0.00,0.00/0.00/0.00/0.00/0.00/0.00,0.00/0.00/0.00/0.00/0.00,0.20,0.02,0.00,0.17,0.20,0.00,0.01,126,2,0,0.10,0.02,4/0,0.00,0,0,0,0,0.06,0.00,0.00,0.00,0,0.00,0.00,0,0,0/0,0.00,0,0,0.00,0,0,0.00,0,0,0.10,0.00,0,2,0,0.10,0.00,0.00,0.00,0.00,0.00,0.31,0.00,0,0.00,0,0,0/0/0,0.10,0.00,126,1,1,0,0,0,2026-09-09T18:31:05.1712721Z
4.26ms,234.8,0,63,30009,"mass_navigation_agent_health_text_light:8568,mass_navigation_agent_health_hud_light:8568,mass_navigation_agent_azure_light:2142,mass_navigation_agent_crimson_light:2142,mass_navigation_agent_amber_light:2142,mass_navigation_agent_emerald_light:2142,mass_navigation_agent_health_text_heavy:1432,mass_navigation_agent_health_hud_heavy:1432",0,0,63,63/6,0.01,0.04,0.00,0.00,0.02,3.77,0.03,0.00,0.00,:0.00,:0.00,:0.00,3.70,PresenterEntityTransformSyncSystem:1.08,AnimatorRuntimeSystem:0.69,TerrainHeightSyncSystem:0.44,0.00,0,0,0,0,0,0.69,1.07,0.25,10009/0,0.00,0/0,0.44,10009,0.00,0.00/0.00/0.00/0.00,0.00/0.00/0.00,0.00/0.00/0.00/0.00/0.00/0.00,0.00/0.00/0.00/0.00/0.00,0.22,0.03,0.00,0.17,0.21,0.00,0.02,126,2,0,0.07,0.01,4/0,0.00,0,0,0,0,0.05,0.00,0.00,0.00,0,0.00,0.00,0,0,0/0,0.00,0,0,0.00,0,0,0.00,0,0,0.12,0.00,0,2,0,0.11,0.00,0.00,0.00,0.00,0.00,0.37,0.00,0,0.00,0,0,0/0/0,0.10,0.00,126,1,1,0,0,0,2026-09-09T18:31:05.4622017Z
3.51ms,285.2,0,63,30009,"mass_navigation_agent_health_text_light:8568,mass_navigation_agent_health_hud_light:8568,mass_navigation_agent_azure_light:2142,mass_navigation_agent_crimson_light:2142,mass_navigation_agent_amber_light:2142,mass_navigation_agent_emerald_light:2142,mass_navigation_agent_health_text_heavy:1432,mass_navigation_agent_health_hud_heavy:1432",0,0,63,63/6,0.01,0.03,0.00,0.00,0.01,3.08,0.02,0.00,0.00,:0.00,:0.00,:0.00,3.04,PresenterEntityTransformSyncSystem:0.78,AnimatorRuntimeSystem:0.58,TerrainHeightSyncSystem:0.42,0.00,0,0,0,0,0,0.58,0.78,0.22,10009/0,0.00,0/0,0.42,10009,0.00,0.00/0.00/0.00/0.00,0.00/0.00/0.00,0.00/0.00/0.00/0.00/0.00/0.00,0.00/0.00/0.00/0.00/0.00,0.18,0.02,0.00,0.15,0.18,0.00,0.01,126,2,0,0.06,0.01,4/0,0.00,0,0,0,0,0.04,0.00,0.00,0.00,0,0.00,0.00,0,0,0/0,0.00,0,0,0.00,0,0,0.00,0,0,0.09,0.00,0,2,0,0.09,0.00,0.00,0.00,0.00,0.00,0.36,0.00,0,0.00,0,0,0/0/0,0.09,0.00,126,1,1,0,0,0,2026-09-09T18:31:05.7277061Z
3.73ms,268.2,0,63,30009,"mass_navigation_agent_health_text_light:8568,mass_navigation_agent_health_hud_light:8568,mass_navigation_agent_azure_light:2142,mass_navigation_agent_crimson_light:2142,mass_navigation_agent_amber_light:2142,mass_navigation_agent_emerald_light:2142,mass_navigation_agent_health_text_heavy:1432,mass_navigation_agent_health_hud_heavy:1432",0,0,63,63/6,0.01,0.07,0.00,0.00,0.01,3.25,0.02,0.00,0.00,:0.00,:0.00,:0.00,3.20,PresenterEntityTransformSyncSystem:0.86,AnimatorRuntimeSystem:0.63,TerrainHeightSyncSystem:0.40,0.00,0,0,0,0,0,0.63,0.84,0.22,10009/0,0.00,0/0,0.40,10009,0.00,0.00/0.00/0.00/0.00,0.00/0.00/0.00,0.00/0.00/0.00/0.00/0.00/0.00,0.00/0.00/0.00/0.00/0.00,0.17,0.03,0.00,0.14,0.17,0.00,0.01,126,2,0,0.11,0.01,4/0,0.00,0,0,0,0,0.09,0.00,0.00,0.00,0,0.00,0.00,0,0,0/0,0.00,0,0,0.00,0,0,0.00,0,0,0.09,0.00,0,2,0,0.09,0.00,0.00,0.00,0.00,0.00,0.40,0.00,0,0.00,0,0,0/0/0,0.09,0.00,126,1,1,0,0,0,2026-09-09T18:31:06.0247508Z
6.74ms,148.3,0,63,30009,"mass_navigation_agent_health_text_light:8568,mass_navigation_agent_health_hud_light:8568,mass_navigation_agent_azure_light:2142,mass_navigation_agent_crimson_light:2142,mass_navigation_agent_amber_light:2142,mass_navigation_agent_emerald_light:2142,mass_navigation_agent_health_text_heavy:1432,mass_navigation_agent_health_hud_heavy:1432",0,0,63,63/6,0.01,0.04,0.00,0.00,0.01,6.24,0.03,0.00,2.61,MassNavigationSimulationStepSystem:1.22,EffectProcessingLoopSystem:0.36,AbilityEndOrderSystem:0.18,3.59,PresenterEntityTransformSyncSystem:1.05,AnimatorRuntimeSystem:0.63,TerrainHeightSyncSystem:0.48,0.00,0,0,0,0,0,0.63,1.04,0.21,10009/0,0.00,0/0,0.48,10009,0.00,0.00/0.00/0.00/0.00,0.00/0.00/0.00,0.00/0.00/0.00/0.00/0.00/0.00,0.00/0.00/0.00/0.00/0.00,0.22,0.03,0.00,0.18,0.22,0.00,0.02,126,2,0,0.07,0.01,4/0,0.00,0,0,0,0,0.05,0.00,0.00,0.00,0,0.00,0.00,0,0,0/0,0.00,0,0,0.00,0,0,0.00,0,0,0.13,0.00,0,2,0,0.12,0.00,0.00,0.00,0.00,0.00,0.34,0.00,0,0.00,0,0,0/0/0,0.10,0.00,126,1,1,0,0,0,2026-09-09T18:31:06.2932608Z
3.37ms,297.1,0,63,30009,"mass_navigation_agent_health_text_light:8568,mass_navigation_agent_health_hud_light:8568,mass_navigation_agent_azure_light:2142,mass_navigation_agent_crimson_light:2142,mass_navigation_agent_amber_light:2142,mass_navigation_agent_emerald_light:2142,mass_navigation_agent_health_text_heavy:1432,mass_navigation_agent_health_hud_heavy:1432",0,0,63,63/6,0.01,0.03,0.00,0.00,0.01,2.94,0.02,0.00,0.00,:0.00,:0.00,:0.00,2.90,PresenterEntityTransformSyncSystem:0.76,AnimatorRuntimeSystem:0.59,TerrainHeightSyncSystem:0.40,0.00,0,0,0,0,0,0.59,0.76,0.21,10009/0,0.00,0/0,0.40,10009,0.00,0.00/0.00/0.00/0.00,0.00/0.00/0.00,0.00/0.00/0.00/0.00/0.00/0.00,0.00/0.00/0.00/0.00/0.00,0.16,0.02,0.00,0.13,0.16,0.00,0.01,126,2,0,0.07,0.01,4/0,0.00,0,0,0,0,0.05,0.00,0.00,0.00,0,0.00,0.00,0,0,0/0,0.00,0,0,0.00,0,0,0.00,0,0,0.09,0.00,0,2,0,0.09,0.00,0.00,0.00,0.00,0.00,0.30,0.00,0,0.00,0,0,0/0/0,0.09,0.00,126,1,1,0,0,0,2026-09-09T18:31:06.5722011Z
3.81ms,262.3,0,63,30009,"mass_navigation_agent_health_text_light:8568,mass_navigation_agent_health_hud_light:8568,mass_navigation_agent_azure_light:2142,mass_navigation_agent_crimson_light:2142,mass_navigation_agent_amber_light:2142,mass_navigation_agent_emerald_light:2142,mass_navigation_agent_health_text_heavy:1432,mass_navigation_agent_health_hud_heavy:1432",0,0,63,63/6,0.01,0.03,0.00,0.00,0.02,3.26,0.02,0.00,0.00,:0.00,:0.00,:0.00,3.19,PresenterEntityTransformSyncSystem:0.94,AnimatorRuntimeSystem:0.56,TerrainHeightSyncSystem:0.40,0.00,0,0,0,0,0,0.56,0.94,0.22,10009/0,0.00,0/0,0.40,10009,0.00,0.00/0.00/0.00/0.00,0.00/0.00/0.00,0.00/0.00/0.00/0.00/0.00/0.00,0.00/0.00/0.00/0.00/0.00,0.19,0.03,0.00,0.15,0.18,0.01,0.01,126,2,0,0.06,0.01,4/0,0.00,0,0,0,0,0.04,0.00,0.00,0.00,0,0.00,0.00,0,0,0/0,0.00,0,0,0.00,0,0,0.00,0,0,0.08,0.00,0,2,0,0.07,0.00,0.00,0.00,0.00,0.00,0.34,0.00,0,0.00,0,0,0/0/0,0.25,0.00,126,1,1,0,0,0,2026-09-09T18:31:06.8564645Z
3.76ms,266.1,0,63,30009,"mass_navigation_agent_health_text_light:8568,mass_navigation_agent_health_hud_light:8568,mass_navigation_agent_azure_light:2142,mass_navigation_agent_crimson_light:2142,mass_navigation_agent_amber_light:2142,mass_navigation_agent_emerald_light:2142,mass_navigation_agent_health_text_heavy:1432,mass_navigation_agent_health_hud_heavy:1432",0,0,63,63/6,0.01,0.04,0.00,0.00,0.01,3.27,0.02,0.00,0.00,:0.00,:0.00,:0.00,3.23,PresenterEntityTransformSyncSystem:0.85,AnimatorRuntimeSystem:0.63,PresenterEmitSystem:0.43,0.00,0,0,0,0,0,0.63,0.85,0.19,10009/0,0.00,0/0,0.40,10009,0.00,0.00/0.00/0.00/0.00,0.00/0.00/0.00,0.00/0.00/0.00/0.00/0.00/0.00,0.00/0.00/0.00/0.00/0.00,0.17,0.02,0.00,0.15,0.17,0.00,0.02,126,2,0,0.08,0.01,4/0,0.00,0,0,0,0,0.06,0.00,0.00,0.00,0,0.00,0.00,0,0,0/0,0.00,0,0,0.00,0,0,0.00,0,0,0.12,0.00,0,2,0,0.12,0.00,0.00,0.00,0.00,0.00,0.43,0.00,0,0.00,0,0,0/0/0,0.08,0.00,126,1,1,0,0,0,2026-09-09T18:31:07.1292212Z
3.33ms,300.2,0,63,30009,"mass_navigation_agent_health_text_light:8568,mass_navigation_agent_health_hud_light:8568,mass_navigation_agent_azure_light:2142,mass_navigation_agent_crimson_light:2142,mass_navigation_agent_amber_light:2142,mass_navigation_agent_emerald_light:2142,mass_navigation_agent_health_text_heavy:1432,mass_navigation_agent_health_hud_heavy:1432",0,0,63,63/6,0.01,0.03,0.00,0.00,0.02,2.87,0.02,0.00,0.00,:0.00,:0.00,:0.00,2.82,PresenterEntityTransformSyncSystem:0.77,AnimatorRuntimeSystem:0.53,PresenterEmitSystem:0.33,0.00,0,0,0,0,0,0.53,0.77,0.19,10009/0,0.00,0/0,0.33,10009,0.00,0.00/0.00/0.00/0.00,0.00/0.00/0.00,0.00/0.00/0.00/0.00/0.00/0.00,0.00/0.00/0.00/0.00/0.00,0.22,0.03,0.00,0.18,0.21,0.00,0.02,126,2,0,0.07,0.01,4/0,0.00,0,0,0,0,0.05,0.00,0.00,0.00,0,0.00,0.00,0,0,0/0,0.00,0,0,0.00,0,0,0.00,0,0,0.10,0.00,0,2,0,0.10,0.00,0.00,0.00,0.00,0.00,0.33,0.00,0,0.00,0,0,0/0/0,0.10,0.00,126,1,1,0,0,0,2026-09-09T18:31:07.4172799Z
3.68ms,271.5,0,63,30009,"mass_navigation_agent_health_text_light:8568,mass_navigation_agent_health_hud_light:8568,mass_navigation_agent_azure_light:2142,mass_navigation_agent_crimson_light:2142,mass_navigation_agent_amber_light:2142,mass_navigation_agent_emerald_light:2142,mass_navigation_agent_health_text_heavy:1432,mass_navigation_agent_health_hud_heavy:1432",0,0,63,63/6,0.01,0.05,0.00,0.00,0.01,3.16,0.02,0.00,0.00,:0.00,:0.00,:0.00,3.13,PresenterEntityTransformSyncSystem:0.80,AnimatorRuntimeSystem:0.65,PresenterEmitSystem:0.42,0.00,0,0,0,0,0,0.65,0.80,0.22,10009/0,0.00,0/0,0.39,10009,0.00,0.00/0.00/0.00/0.00,0.00/0.00/0.00,0.00/0.00/0.00/0.00/0.00/0.00,0.00/0.00/0.00/0.00/0.00,0.16,0.02,0.00,0.14,0.16,0.00,0.02,126,2,0,0.09,0.01,4/0,0.00,0,0,0,0,0.07,0.00,0.00,0.00,0,0.00,0.00,0,0,0/0,0.00,0,0,0.00,0,0,0.00,0,0,0.11,0.00,0,2,0,0.11,0.00,0.00,0.00,0.00,0.00,0.42,0.00,0,0.00,0,0,0/0/0,0.10,0.00,126,1,1,0,0,0,2026-09-09T18:31:07.6813489Z
8.22ms,121.7,0,63,30009,"mass_navigation_agent_health_text_light:8568,mass_navigation_agent_health_hud_light:8568,mass_navigation_agent_azure_light:2142,mass_navigation_agent_crimson_light:2142,mass_navigation_agent_amber_light:2142,mass_navigation_agent_emerald_light:2142,mass_navigation_agent_health_text_heavy:1432,mass_navigation_agent_health_hud_heavy:1432",0,0,63,63/6,0.01,0.03,0.00,0.00,0.01,7.66,0.03,0.00,3.80,EffectProcessingLoopSystem:1.72,MapEntityLifecycleObserverSystem:0.59,MassNavigationAuthoredAgentBindingSystem:0.55,3.81,PresenterEntityTransformSyncSystem:0.90,PresenterEmitSystem:0.66,AnimatorRuntimeSystem:0.54,0.17,0,159,159,0,0,0.54,0.90,0.23,10009/0,0.00,0/0,0.38,10009,0.00,0.00/0.00/0.00/0.00,0.00/0.00/0.00,0.00/0.00/0.00/0.00/0.00/0.00,0.00/0.00/0.00/0.00/0.00,0.19,0.03,0.00,0.15,0.19,0.00,0.02,126,2,0,0.07,0.01,4/0,0.00,0,0,0,0,0.05,0.00,0.00,0.00,0,0.00,0.00,0,0,0/0,0.00,0,0,0.00,0,0,0.00,0,0,0.15,0.00,0,2,0,0.15,0.00,0.00,0.00,0.00,0.00,0.66,0.00,0,0.27,316,0,316/0/0,0.11,0.00,126,1,1,0,0,0,2026-09-09T18:31:07.9622985Z
4.01ms,249.3,0,63,30009,"mass_navigation_agent_health_text_light:8568,mass_navigation_agent_health_hud_light:8568,mass_navigation_agent_azure_light:2142,mass_navigation_agent_crimson_light:2142,mass_navigation_agent_amber_light:2142,mass_navigation_agent_emerald_light:2142,mass_navigation_agent_health_text_heavy:1432,mass_navigation_agent_health_hud_heavy:1432",0,0,63,63/6,0.01,0.04,0.00,0.00,0.01,3.35,0.04,0.00,0.00,:0.00,:0.00,:0.00,3.31,PresenterEntityTransformSyncSystem:0.82,AnimatorRuntimeSystem:0.66,PresenterEmitSystem:0.46,0.00,0,0,0,0,0,0.66,0.82,0.25,10009/0,0.00,0/0,0.42,10009,0.00,0.00/0.00/0.00/0.00,0.00/0.00/0.00,0.00/0.00/0.00/0.00/0.00/0.00,0.00/0.00/0.00/0.00/0.00,0.16,0.02,0.00,0.14,0.16,0.00,0.03,126,2,0,0.08,0.01,4/0,0.00,0,0,0,0,0.06,0.00,0.00,0.00,0,0.00,0.00,0,0,0/0,0.00,0,0,0.00,0,0,0.00,0,0,0.16,0.00,0,2,0,0.16,0.00,0.00,0.00,0.00,0.00,0.45,0.00,0,0.00,0,0,0/0/0,0.15,0.00,126,1,1,0,0,0,2026-09-09T18:31:08.2360160Z
3.62ms,275.9,0,63,30009,"mass_navigation_agent_health_text_light:8568,mass_navigation_agent_health_hud_light:8568,mass_navigation_agent_azure_light:2142,mass_navigation_agent_crimson_light:2142,mass_navigation_agent_amber_light:2142,mass_navigation_agent_emerald_light:2142,mass_navigation_agent_health_text_heavy:1432,mass_navigation_agent_health_hud_heavy:1432",0,0,63,63/6,0.01,0.04,0.00,0.00,0.01,3.18,0.02,0.00,0.00,:0.00,:0.00,:0.00,3.13,PresenterEntityTransformSyncSystem:0.80,AnimatorRuntimeSystem:0.66,TerrainHeightSyncSystem:0.40,0.00,0,0,0,0,0,0.66,0.80,0.20,10009/0,0.00,0/0,0.40,10009,0.00,0.00/0.00/0.00/0.00,0.00/0.00/0.00,0.00/0.00/0.00/0.00/0.00/0.00,0.00/0.00/0.00/0.00/0.00,0.20,0.02,0.00,0.18,0.20,0.00,0.01,126,2,0,0.07,0.01,4/0,0.00,0,0,0,0,0.05,0.00,0.00,0.00,0,0.00,0.00,0,0,0/0,0.00,0,0,0.00,0,0,0.00,0,0,0.10,0.00,0,2,0,0.10,0.00,0.00,0.00,0.00,0.00,0.34,0.00,0,0.00,0,0,0/0/0,0.09,0.00,126,1,1,0,0,0,2026-09-09T18:31:08.5230383Z
3.94ms,253.8,0,63,30009,"mass_navigation_agent_health_text_light:8568,mass_navigation_agent_health_hud_light:8568,mass_navigation_agent_azure_light:2142,mass_navigation_agent_crimson_light:2142,mass_navigation_agent_amber_light:2142,mass_navigation_agent_emerald_light:2142,mass_navigation_agent_health_text_heavy:1432,mass_navigation_agent_health_hud_heavy:1432",0,0,63,63/6,0.01,0.04,0.00,0.00,0.02,3.41,0.03,0.00,0.20,EffectProcessingLoopSystem:0.20,:0.00,:0.00,3.15,PresenterEntityTransformSyncSystem:0.89,AnimatorRuntimeSystem:0.64,TerrainHeightSyncSystem:0.37,0.00,0,0,0,0,0,0.64,0.89,0.20,10009/0,0.00,0/0,0.37,10009,0.00,0.00/0.00/0.00/0.00,0.00/0.00/0.00,0.00/0.00/0.00/0.00/0.00/0.00,0.00/0.00/0.00/0.00/0.00,0.18,0.03,0.00,0.14,0.18,0.00,0.02,126,2,0,0.07,0.01,4/0,0.00,0,0,0,0,0.05,0.00,0.00,0.00,0,0.00,0.00,0,0,0/0,0.00,0,0,0.00,0,0,0.00,0,0,0.15,0.00,0,2,0,0.15,0.00,0.00,0.00,0.00,0.00,0.35,0.00,0,0.00,0,0,0/0/0,0.09,0.00,126,1,1,0,0,0,2026-09-09T18:31:08.8042733Z
3.71ms,269.4,0,63,30009,"mass_navigation_agent_health_text_light:8568,mass_navigation_agent_health_hud_light:8568,mass_navigation_agent_azure_light:2142,mass_navigation_agent_crimson_light:2142,mass_navigation_agent_amber_light:2142,mass_navigation_agent_emerald_light:2142,mass_navigation_agent_health_text_heavy:1432,mass_navigation_agent_health_hud_heavy:1432",0,0,63,63/6,0.01,0.05,0.00,0.00,0.01,3.20,0.02,0.00,0.00,:0.00,:0.00,:0.00,3.16,PresenterEntityTransformSyncSystem:0.82,AnimatorRuntimeSystem:0.63,PresenterEmitSystem:0.42,0.00,0,0,0,0,0,0.63,0.82,0.22,10009/0,0.00,0/0,0.41,10009,0.00,0.00/0.00/0.00/0.00,0.00/0.00/0.00,0.00/0.00/0.00/0.00/0.00/0.00,0.00/0.00/0.00/0.00/0.00,0.18,0.02,0.00,0.15,0.18,0.00,0.02,126,2,0,0.09,0.01,4/0,0.00,0,0,0,0,0.06,0.00,0.00,0.00,0,0.00,0.00,0,0,0/0,0.00,0,0,0.00,0,0,0.00,0,0,0.13,0.00,0,2,0,0.13,0.00,0.00,0.00,0.00,0.00,0.42,0.00,0,0.00,0,0,0/0/0,0.09,0.00,126,1,1,0,0,0,2026-09-09T18:31:09.0815244Z
3.76ms,266.0,0,63,30009,"mass_navigation_agent_health_text_light:8568,mass_navigation_agent_health_hud_light:8568,mass_navigation_agent_azure_light:2142,mass_navigation_agent_crimson_light:2142,mass_navigation_agent_amber_light:2142,mass_navigation_agent_emerald_light:2142,mass_navigation_agent_health_text_heavy:1432,mass_navigation_agent_health_hud_heavy:1432",0,0,63,63/6,0.01,0.03,0.02,0.00,0.02,3.23,0.02,0.00,0.00,:0.00,:0.00,:0.00,3.17,PresenterEntityTransformSyncSystem:0.81,AnimatorRuntimeSystem:0.64,PresenterEmitSystem:0.41,0.00,0,0,0,0,0,0.64,0.81,0.21,10009/0,0.00,0/0,0.39,10009,0.00,0.00/0.00/0.00/0.00,0.00/0.00/0.00,0.00/0.00/0.00/0.00/0.00/0.00,0.00/0.00/0.00/0.00/0.00,0.19,0.03,0.00,0.15,0.19,0.00,0.01,126,2,0,0.07,0.01,4/0,0.00,0,0,0,0,0.05,0.00,0.00,0.00,0,0.00,0.00,0,0,0/0,0.00,0,0,0.00,0,0,0.00,0,0,0.10,0.00,0,2,0,0.10,0.00,0.00,0.00,0.00,0.00,0.41,0.00,0,0.00,0,0,0/0/0,0.09,0.00,126,1,1,0,0,0,2026-09-09T18:31:09.3605666Z
5.78ms,172.9,0,63,30009,"mass_navigation_agent_health_text_light:8568,mass_navigation_agent_health_hud_light:8568,mass_navigation_agent_azure_light:2142,mass_navigation_agent_crimson_light:2142,mass_navigation_agent_amber_light:2142,mass_navigation_agent_emerald_light:2142,mass_navigation_agent_health_text_heavy:1432,mass_navigation_agent_health_hud_heavy:1432",0,0,63,63/6,0.01,0.03,0.00,0.00,0.01,5.29,0.03,0.00,1.57,EffectProcessingLoopSystem:0.43,OrderBufferSystem:0.24,AbilityEndOrderSystem:0.21,3.68,PresenterEntityTransformSyncSystem:1.25,AnimatorRuntimeSystem:0.62,TerrainHeightSyncSystem:0.40,0.01,0,0,0,0,0,0.62,1.25,0.23,10009/0,0.00,0/0,0.40,10009,0.00,0.00/0.00/0.00/0.00,0.00/0.00/0.00,0.00/0.00/0.00/0.00/0.00/0.00,0.00/0.00/0.00/0.00/0.00,0.19,0.03,0.00,0.16,0.19,0.00,0.02,126,2,0,0.07,0.01,4/0,0.00,0,0,0,0,0.05,0.00,0.00,0.00,0,0.00,0.00,0,0,0/0,0.00,0,0,0.00,0,0,0.00,0,0,0.12,0.00,0,2,0,0.12,0.00,0.00,0.00,0.00,0.00,0.35,0.00,0,0.00,0,0,0/0/0,0.10,0.00,126,1,1,0,0,0,2026-09-09T18:31:09.6411973Z
3.87ms,258.3,0,63,30009,"mass_navigation_agent_health_text_light:8568,mass_navigation_agent_health_hud_light:8568,mass_navigation_agent_azure_light:2142,mass_navigation_agent_crimson_light:2142,mass_navigation_agent_amber_light:2142,mass_navigation_agent_emerald_light:2142,mass_navigation_agent_health_text_heavy:1432,mass_navigation_agent_health_hud_heavy:1432",0,0,63,63/6,0.01,0.03,0.00,0.00,0.01,3.44,0.02,0.00,0.00,:0.00,:0.00,:0.00,3.39,PresenterEntityTransformSyncSystem:0.79,TerrainHeightSyncSystem:0.65,AnimatorRuntimeSystem:0.62,0.00,0,0,0,0,0,0.62,0.79,0.19,10009/0,0.00,0/0,0.65,10009,0.00,0.00/0.00/0.00/0.00,0.00/0.00/0.00,0.00/0.00/0.00/0.00/0.00/0.00,0.00/0.00/0.00/0.00/0.00,0.26,0.03,0.00,0.22,0.26,0.00,0.01,126,2,0,0.07,0.01,4/0,0.00,0,0,0,0,0.04,0.00,0.00,0.00,0,0.00,0.00,0,0,0/0,0.00,0,0,0.00,0,0,0.00,0,0,0.10,0.00,0,2,0,0.10,0.00,0.00,0.00,0.00,0.00,0.31,0.00,0,0.00,0,0,0/0/0,0.09,0.00,126,1,1,0,0,0,2026-09-09T18:31:09.9291534Z
3.57ms,280.3,0,63,30009,"mass_navigation_agent_health_text_light:8568,mass_navigation_agent_health_hud_light:8568,mass_navigation_agent_azure_light:2142,mass_navigation_agent_crimson_light:2142,mass_navigation_agent_amber_light:2142,mass_navigation_agent_emerald_light:2142,mass_navigation_agent_health_text_heavy:1432,mass_navigation_agent_health_hud_heavy:1432",0,0,63,63/6,0.01,0.03,0.00,0.00,0.01,3.17,0.02,0.00,0.00,:0.00,:0.00,:0.00,3.12,PresenterEntityTransformSyncSystem:0.86,AnimatorRuntimeSystem:0.61,TerrainHeightSyncSystem:0.43,0.00,0,0,0,0,0,0.61,0.86,0.19,10009/0,0.00,0/0,0.43,10009,0.00,0.00/0.00/0.00/0.00,0.00/0.00/0.00,0.00/0.00/0.00/0.00/0.00/0.00,0.00/0.00/0.00/0.00/0.00,0.18,0.03,0.00,0.15,0.18,0.00,0.01,126,2,0,0.06,0.01,4/0,0.00,0,0,0,0,0.04,0.00,0.00,0.00,0,0.00,0.00,0,0,0/0,0.00,0,0,0.00,0,0,0.00,0,0,0.11,0.00,0,2,0,0.11,0.00,0.00,0.00,0.00,0.00,0.31,0.00,0,0.00,0,0,0/0/0,0.07,0.00,126,1,1,0,0,0,2026-09-09T18:31:10.2281153Z
3.13ms,319.6,0,63,30009,"mass_navigation_agent_health_text_light:8568,mass_navigation_agent_health_hud_light:8568,mass_navigation_agent_azure_light:2142,mass_navigation_agent_crimson_light:2142,mass_navigation_agent_amber_light:2142,mass_navigation_agent_emerald_light:2142,mass_navigation_agent_health_text_heavy:1432,mass_navigation_agent_health_hud_heavy:1432",0,0,63,63/6,0.01,0.03,0.00,0.00,0.01,2.72,0.02,0.00,0.00,:0.00,:0.00,:0.00,2.66,PresenterEntityTransformSyncSystem:0.69,AnimatorRuntimeSystem:0.52,TerrainHeightSyncSystem:0.33,0.00,0,0,0,0,0,0.52,0.69,0.19,10009/0,0.00,0/0,0.33,10009,0.00,0.00/0.00/0.00/0.00,0.00/0.00/0.00,0.00/0.00/0.00/0.00/0.00/0.00,0.00/0.00/0.00/0.00/0.00,0.19,0.04,0.00,0.14,0.19,0.00,0.01,126,2,0,0.07,0.01,4/0,0.00,0,0,0,0,0.05,0.00,0.00,0.00,0,0.00,0.00,0,0,0/0,0.00,0,0,0.00,0,0,0.00,0,0,0.09,0.00,0,2,0,0.09,0.00,0.00,0.00,0.00,0.00,0.31,0.00,0,0.00,0,0,0/0/0,0.08,0.00,126,1,1,0,0,0,2026-09-09T18:31:10.5059974Z
3.63ms,275.1,0,63,30009,"mass_navigation_agent_health_text_light:8568,mass_navigation_agent_health_hud_light:8568,mass_navigation_agent_azure_light:2142,mass_navigation_agent_crimson_light:2142,mass_navigation_agent_amber_light:2142,mass_navigation_agent_emerald_light:2142,mass_navigation_agent_health_text_heavy:1432,mass_navigation_agent_health_hud_heavy:1432",0,0,63,63/6,0.01,0.03,0.00,0.00,0.01,3.18,0.02,0.00,0.00,:0.00,:0.00,:0.00,3.11,PresenterEntityTransformSyncSystem:0.85,AnimatorRuntimeSystem:0.66,TerrainHeightSyncSystem:0.39,0.00,0,0,0,0,0,0.66,0.85,0.20,10009/0,0.00,0/0,0.39,10009,0.00,0.00/0.00/0.00/0.00,0.00/0.00/0.00,0.00/0.00/0.00/0.00/0.00/0.00,0.00/0.00/0.00/0.00/0.00,0.17,0.02,0.00,0.14,0.17,0.00,0.01,126,2,0,0.08,0.01,4/0,0.00,0,0,0,0,0.05,0.00,0.00,0.00,0,0.00,0.00,0,0,0/0,0.00,0,0,0.00,0,0,0.00,0,0,0.10,0.00,0,2,0,0.09,0.00,0.00,0.00,0.00,0.00,0.32,0.00,0,0.00,0,0,0/0/0,0.09,0.00,126,1,1,0,0,0,2026-09-09T18:31:10.7756486Z
3.53ms,283.2,0,63,30009,"mass_navigation_agent_health_text_light:8568,mass_navigation_agent_health_hud_light:8568,mass_navigation_agent_azure_light:2142,mass_navigation_agent_crimson_light:2142,mass_navigation_agent_amber_light:2142,mass_navigation_agent_emerald_light:2142,mass_navigation_agent_health_text_heavy:1432,mass_navigation_agent_health_hud_heavy:1432",0,0,63,63/6,0.00,0.03,0.00,0.00,0.01,3.10,0.02,0.00,0.00,:0.00,:0.00,:0.00,3.05,PresenterEntityTransformSyncSystem:0.80,AnimatorRuntimeSystem:0.58,TerrainHeightSyncSystem:0.39,0.00,0,0,0,0,0,0.58,0.80,0.20,10009/0,0.00,0/0,0.39,10009,0.00,0.00/0.00/0.00/0.00,0.00/0.00/0.00,0.00/0.00/0.00/0.00/0.00/0.00,0.00/0.00/0.00/0.00/0.00,0.26,0.03,0.00,0.22,0.26,0.00,0.02,126,2,0,0.07,0.01,4/0,0.00,0,0,0,0,0.05,0.00,0.00,0.00,0,0.00,0.00,0,0,0/0,0.00,0,0,0.00,0,0,0.00,0,0,0.11,0.00,0,2,0,0.10,0.00,0.00,0.00,0.00,0.00,0.34,0.00,0,0.00,0,0,0/0/0,0.08,0.00,126,1,1,0,0,0,2026-09-09T18:31:11.0690884Z
3.60ms,277.9,0,63,30009,"mass_navigation_agent_health_text_light:8568,mass_navigation_agent_health_hud_light:8568,mass_navigation_agent_azure_light:2142,mass_navigation_agent_crimson_light:2142,mass_navigation_agent_amber_light:2142,mass_navigation_agent_emerald_light:2142,mass_navigation_agent_health_text_heavy:1432,mass_navigation_agent_health_hud_heavy:1432",0,0,63,63/6,0.01,0.03,0.00,0.00,0.01,3.16,0.02,0.00,0.21,EffectProcessingLoopSystem:0.20,:0.00,:0.00,2.91,PresenterEntityTransformSyncSystem:0.80,AnimatorRuntimeSystem:0.57,TerrainHeightSyncSystem:0.35,0.00,0,0,0,0,0,0.57,0.80,0.18,10009/0,0.00,0/0,0.35,10009,0.00,0.00/0.00/0.00/0.00,0.00/0.00/0.00,0.00/0.00/0.00/0.00/0.00/0.00,0.00/0.00/0.00/0.00/0.00,0.23,0.04,0.00,0.18,0.23,0.00,0.01,126,2,0,0.07,0.01,4/0,0.00,0,0,0,0,0.05,0.00,0.00,0.00,0,0.00,0.00,0,0,0/0,0.00,0,0,0.00,0,0,0.00,0,0,0.10,0.00,0,2,0,0.10,0.00,0.00,0.00,0.00,0.00,0.32,0.00,0,0.00,0,0,0/0/0,0.09,0.00,126,1,1,0,0,0,2026-09-09T18:31:11.3451259Z
3.53ms,283.4,0,63,30009,"mass_navigation_agent_health_text_light:8568,mass_navigation_agent_health_hud_light:8568,mass_navigation_agent_azure_light:2142,mass_navigation_agent_crimson_light:2142,mass_navigation_agent_amber_light:2142,mass_navigation_agent_emerald_light:2142,mass_navigation_agent_health_text_heavy:1432,mass_navigation_agent_health_hud_heavy:1432",0,0,63,63/6,0.00,0.03,0.00,0.00,0.01,3.10,0.02,0.00,0.00,:0.00,:0.00,:0.00,3.06,PresenterEntityTransformSyncSystem:0.79,AnimatorRuntimeSystem:0.65,TerrainHeightSyncSystem:0.40,0.00,0,0,0,0,0,0.65,0.79,0.23,10009/0,0.00,0/0,0.40,10009,0.00,0.00/0.00/0.00/0.00,0.00/0.00/0.00,0.00/0.00/0.00/0.00/0.00/0.00,0.00/0.00/0.00/0.00/0.00,0.17,0.02,0.00,0.14,0.17,0.00,0.01,126,2,0,0.07,0.01,4/0,0.00,0,0,0,0,0.05,0.00,0.00,0.00,0,0.00,0.00,0,0,0/0,0.00,0,0,0.00,0,0,0.00,0,0,0.10,0.00,0,2,0,0.10,0.00,0.00,0.00,0.00,0.00,0.31,0.00,0,0.00,0,0,0/0/0,0.09,0.00,126,1,1,0,0,0,2026-09-09T18:31:11.6337542Z
3.62ms,276.2,0,63,30009,"mass_navigation_agent_health_text_light:8568,mass_navigation_agent_health_hud_light:8568,mass_navigation_agent_azure_light:2142,mass_navigation_agent_crimson_light:2142,mass_navigation_agent_amber_light:2142,mass_navigation_agent_emerald_light:2142,mass_navigation_agent_health_text_heavy:1432,mass_navigation_agent_health_hud_heavy:1432",0,0,63,63/6,0.01,0.04,0.00,0.00,0.01,3.13,0.06,0.00,0.00,:0.00,:0.00,:0.00,3.08,PresenterEntityTransformSyncSystem:0.78,AnimatorRuntimeSystem:0.59,TerrainHeightSyncSystem:0.41,0.00,0,0,0,0,0,0.59,0.78,0.19,10009/0,0.00,0/0,0.41,10009,0.00,0.00/0.00/0.00/0.00,0.00/0.00/0.00,0.00/0.00/0.00/0.00/0.00/0.00,0.00/0.00/0.00/0.00/0.00,0.23,0.03,0.00,0.19,0.23,0.00,0.02,126,2,0,0.07,0.01,4/0,0.00,0,0,0,0,0.05,0.00,0.00,0.00,0,0.00,0.00,0,0,0/0,0.00,0,0,0.00,0,0,0.00,0,0,0.11,0.00,0,2,0,0.11,0.00,0.00,0.00,0.00,0.00,0.38,0.00,0,0.00,0,0,0/0/0,0.09,0.00,126,1,1,0,0,0,2026-09-09T18:31:11.9144658Z
8.77ms,114.1,0,63,30009,"mass_navigation_agent_health_text_light:8568,mass_navigation_agent_health_hud_light:8568,mass_navigation_agent_azure_light:2142,mass_navigation_agent_crimson_light:2142,mass_navigation_agent_amber_light:2142,mass_navigation_agent_emerald_light:2142,mass_navigation_agent_health_text_heavy:1432,mass_navigation_agent_health_hud_heavy:1432",0,0,63,63/6,0.01,0.04,0.00,0.00,0.01,8.14,0.04,0.00,3.98,EffectProcessingLoopSystem:1.77,MapEntityLifecycleObserverSystem:0.65,MassNavigationAuthoredAgentBindingSystem:0.58,4.11,PresenterEntityTransformSyncSystem:1.05,PresenterEmitSystem:0.63,AnimatorRuntimeSystem:0.55,0.20,0,154,154,0,0,0.55,1.05,0.26,10009/0,0.00,0/0,0.44,10009,0.00,0.00/0.00/0.00/0.00,0.00/0.00/0.00,0.00/0.00/0.00/0.00/0.00/0.00,0.00/0.00/0.00/0.00/0.00,0.20,0.03,0.00,0.17,0.20,0.00,0.03,126,2,0,0.08,0.01,4/0,0.00,0,0,0,0,0.05,0.00,0.00,0.00,0,0.00,0.00,0,0,0/0,0.00,0,0,0.00,0,0,0.00,0,0,0.17,0.00,0,2,0,0.16,0.00,0.00,0.00,0.00,0.00,0.63,0.00,0,0.26,306,0,306/0/0,0.10,0.00,126,1,1,0,0,0,2026-09-09T18:31:12.2118442Z
3.46ms,289.0,0,63,30009,"mass_navigation_agent_health_text_light:8568,mass_navigation_agent_health_hud_light:8568,mass_navigation_agent_azure_light:2142,mass_navigation_agent_crimson_light:2142,mass_navigation_agent_amber_light:2142,mass_navigation_agent_emerald_light:2142,mass_navigation_agent_health_text_heavy:1432,mass_navigation_agent_health_hud_heavy:1432",0,0,63,63/6,0.01,0.03,0.00,0.00,0.01,3.03,0.02,0.00,0.00,:0.00,:0.00,:0.00,2.99,PresenterEntityTransformSyncSystem:0.79,AnimatorRuntimeSystem:0.62,TerrainHeightSyncSystem:0.40,0.00,0,0,0,0,0,0.62,0.79,0.20,10009/0,0.00,0/0,0.40,10009,0.00,0.00/0.00/0.00/0.00,0.00/0.00/0.00,0.00/0.00/0.00/0.00/0.00/0.00,0.00/0.00/0.00/0.00/0.00,0.17,0.02,0.00,0.15,0.17,0.00,0.01,126,2,0,0.07,0.01,4/0,0.00,0,0,0,0,0.05,0.00,0.00,0.00,0,0.00,0.00,0,0,0/0,0.00,0,0,0.00,0,0,0.00,0,0,0.10,0.00,0,2,0,0.10,0.00,0.00,0.00,0.00,0.00,0.32,0.00,0,0.00,0,0,0/0/0,0.09,0.00,126,1,1,0,0,0,2026-09-09T18:31:12.4802275Z
7.44ms,134.4,0,63,30009,"mass_navigation_agent_health_text_light:8568,mass_navigation_agent_health_hud_light:8568,mass_navigation_agent_azure_light:2142,mass_navigation_agent_crimson_light:2142,mass_navigation_agent_amber_light:2142,mass_navigation_agent_emerald_light:2142,mass_navigation_agent_health_text_heavy:1432,mass_navigation_agent_health_hud_heavy:1432",0,0,63,63/6,0.01,0.04,0.00,0.00,0.01,6.80,0.03,0.00,2.45,AttributeAggregatorSystem:0.74,MapEntityLifecycleObserverSystem:0.59,MassNavigationAuthoredAgentBindingSystem:0.53,4.29,PresenterEntityTransformSyncSystem:1.08,PresenterEmitSystem:0.69,AnimatorRuntimeSystem:0.65,0.28,0,180,180,0,0,0.65,1.07,0.21,10009/0,0.00,0/0,0.41,10009,0.00,0.00/0.00/0.00/0.00,0.00/0.00/0.00,0.00/0.00/0.00/0.00/0.00/0.00,0.00/0.00/0.00/0.00/0.00,0.21,0.03,0.00,0.17,0.20,0.00,0.02,126,2,0,0.08,0.01,4/0,0.00,0,0,0,0,0.06,0.00,0.00,0.00,0,0.00,0.00,0,0,0/0,0.00,0,0,0.00,0,0,0.00,0,0,0.17,0.00,0,2,0,0.17,0.00,0.00,0.00,0.00,0.00,0.69,0.00,0,0.33,358,0,358/0/0,0.12,0.00,126,1,1,0,0,0,2026-09-09T18:31:12.7608203Z
8.56ms,116.8,0,63,30009,"mass_navigation_agent_health_text_light:8568,mass_navigation_agent_health_hud_light:8568,mass_navigation_agent_azure_light:2142,mass_navigation_agent_crimson_light:2142,mass_navigation_agent_amber_light:2142,mass_navigation_agent_emerald_light:2142,mass_navigation_agent_health_text_heavy:1432,mass_navigation_agent_health_hud_heavy:1432",0,0,63,63/6,0.01,0.03,0.00,0.00,0.01,8.11,0.03,0.00,4.05,EffectProcessingLoopSystem:1.73,AttributeAggregatorSystem:0.64,MapEntityLifecycleObserverSystem:0.63,4.01,PresenterEntityTransformSyncSystem:1.07,PresenterEmitSystem:0.67,AnimatorRuntimeSystem:0.53,0.21,0,160,160,0,0,0.53,1.07,0.23,10009/0,0.00,0/0,0.41,10009,0.00,0.00/0.00/0.00/0.00,0.00/0.00/0.00,0.00/0.00/0.00/0.00/0.00/0.00,0.00/0.00/0.00/0.00/0.00,0.18,0.03,0.00,0.14,0.17,0.00,0.02,126,2,0,0.06,0.01,4/0,0.00,0,0,0,0,0.04,0.00,0.00,0.00,0,0.00,0.00,0,0,0/0,0.00,0,0,0.00,0,0,0.00,0,0,0.11,0.00,0,2,0,0.11,0.00,0.00,0.00,0.00,0.00,0.67,0.00,0,0.28,318,0,318/0/0,0.08,0.00,126,1,1,0,0,0,2026-09-09T18:31:13.0522136Z
3.50ms,285.7,0,63,30009,"mass_navigation_agent_health_text_light:8568,mass_navigation_agent_health_hud_light:8568,mass_navigation_agent_azure_light:2142,mass_navigation_agent_crimson_light:2142,mass_navigation_agent_amber_light:2142,mass_navigation_agent_emerald_light:2142,mass_navigation_agent_health_text_heavy:1432,mass_navigation_agent_health_hud_heavy:1432",0,0,63,63/6,0.01,0.04,0.00,0.00,0.01,3.15,0.02,0.00,0.00,:0.00,:0.00,:0.00,3.12,PresenterEntityTransformSyncSystem:0.81,AnimatorRuntimeSystem:0.63,TerrainHeightSyncSystem:0.42,0.00,0,0,0,0,0,0.63,0.81,0.21,10009/0,0.00,0/0,0.42,10009,0.00,0.00/0.00/0.00/0.00,0.00/0.00/0.00,0.00/0.00/0.00/0.00/0.00/0.00,0.00/0.00/0.00/0.00/0.00,0.23,0.02,0.00,0.20,0.23,0.00,0.01,126,2,0,0.07,0.01,4/0,0.00,0,0,0,0,0.05,0.00,0.00,0.00,0,0.00,0.00,0,0,0/0,0.00,0,0,0.00,0,0,0.00,0,0,0.07,0.00,0,2,0,0.07,0.00,0.00,0.00,0.00,0.00,0.34,0.00,0,0.00,0,0,0/0/0,0.07,0.00,126,1,1,0,0,0,2026-09-09T18:31:13.3232936Z
3.74ms,267.6,0,63,30009,"mass_navigation_agent_health_text_light:8568,mass_navigation_agent_health_hud_light:8568,mass_navigation_agent_azure_light:2142,mass_navigation_agent_crimson_light:2142,mass_navigation_agent_amber_light:2142,mass_navigation_agent_emerald_light:2142,mass_navigation_agent_health_text_heavy:1432,mass_navigation_agent_health_hud_heavy:1432",0,0,63,63/6,0.01,0.03,0.00,0.00,0.02,3.33,0.02,0.00,0.18,EffectProcessingLoopSystem:0.17,:0.00,:0.00,3.09,PresenterEntityTransformSyncSystem:0.92,AnimatorRuntimeSystem:0.54,TerrainHeightSyncSystem:0.37,0.00,0,0,0,0,0,0.54,0.92,0.18,10009/0,0.00,0/0,0.37,10009,0.00,0.00/0.00/0.00/0.00,0.00/0.00/0.00,0.00/0.00/0.00/0.00/0.00/0.00,0.00/0.00/0.00/0.00/0.00,0.17,0.03,0.00,0.13,0.17,0.00,0.02,126,2,0,0.06,0.01,4/0,0.00,0,0,0,0,0.04,0.00,0.00,0.00,0,0.00,0.00,0,0,0/0,0.00,0,0,0.00,0,0,0.00,0,0,0.10,0.00,0,2,0,0.10,0.00,0.00,0.00,0.00,0.00,0.32,0.00,0,0.00,0,0,0/0/0,0.06,0.00,126,1,1,0,0,0,2026-09-09T18:31:13.6019498Z
3.75ms,266.6,0,63,30009,"mass_navigation_agent_health_text_light:8568,mass_navigation_agent_health_hud_light:8568,mass_navigation_agent_azure_light:2142,mass_navigation_agent_crimson_light:2142,mass_navigation_agent_amber_light:2142,mass_navigation_agent_emerald_light:2142,mass_navigation_agent_health_text_heavy:1432,mass_navigation_agent_health_hud_heavy:1432",0,0,63,63/6,0.01,0.03,0.00,0.00,0.01,3.32,0.02,0.00,0.00,:0.00,:0.00,:0.00,3.24,PresenterEntityTransformSyncSystem:0.82,AnimatorRuntimeSystem:0.77,TerrainHeightSyncSystem:0.42,0.00,0,0,0,0,0,0.77,0.82,0.21,10009/0,0.00,0/0,0.42,10009,0.00,0.00/0.00/0.00/0.00,0.00/0.00/0.00,0.00/0.00/0.00/0.00/0.00/0.00,0.00/0.00/0.00/0.00/0.00,0.19,0.03,0.00,0.15,0.18,0.00,0.01,126,2,0,0.07,0.01,4/0,0.00,0,0,0,0,0.05,0.00,0.00,0.00,0,0.00,0.00,0,0,0/0,0.00,0,0,0.00,0,0,0.00,0,0,0.10,0.00,0,2,0,0.10,0.00,0.00,0.00,0.00,0.00,0.33,0.00,0,0.00,0,0,0/0/0,0.09,0.00,126,1,1,0,0,0,2026-09-09T18:31:13.8854226Z
3.42ms,292.5,0,63,30009,"mass_navigation_agent_health_text_light:8568,mass_navigation_agent_health_hud_light:8568,mass_navigation_agent_azure_light:2142,mass_navigation_agent_crimson_light:2142,mass_navigation_agent_amber_light:2142,mass_navigation_agent_emerald_light:2142,mass_navigation_agent_health_text_heavy:1432,mass_navigation_agent_health_hud_heavy:1432",0,0,63,63/6,0.01,0.03,0.00,0.00,0.01,3.06,0.02,0.00,0.00,:0.00,:0.00,:0.00,3.02,PresenterEntityTransformSyncSystem:0.77,AnimatorRuntimeSystem:0.64,TerrainHeightSyncSystem:0.45,0.00,0,0,0,0,0,0.64,0.77,0.19,10009/0,0.00,0/0,0.45,10009,0.00,0.00/0.00/0.00/0.00,0.00/0.00/0.00,0.00/0.00/0.00/0.00/0.00/0.00,0.00/0.00/0.00/0.00/0.00,0.17,0.02,0.00,0.14,0.17,0.00,0.01,126,2,0,0.06,0.01,4/0,0.00,0,0,0,0,0.04,0.00,0.00,0.00,0,0.00,0.00,0,0,0/0,0.00,0,0,0.00,0,0,0.00,0,0,0.07,0.00,0,2,0,0.07,0.00,0.00,0.00,0.00,0.00,0.33,0.00,0,0.00,0,0,0/0/0,0.07,0.00,126,1,1,0,0,0,2026-09-09T18:31:14.1739254Z
3.63ms,275.7,0,63,30009,"mass_navigation_agent_health_text_light:8568,mass_navigation_agent_health_hud_light:8568,mass_navigation_agent_azure_light:2142,mass_navigation_agent_crimson_light:2142,mass_navigation_agent_amber_light:2142,mass_navigation_agent_emerald_light:2142,mass_navigation_agent_health_text_heavy:1432,mass_navigation_agent_health_hud_heavy:1432",0,0,63,63/6,0.01,0.04,0.00,0.00,0.01,3.15,0.03,0.00,0.00,:0.00,:0.00,:0.00,3.11,PresenterEntityTransformSyncSystem:0.87,AnimatorRuntimeSystem:0.64,TerrainHeightSyncSystem:0.37,0.00,0,0,0,0,0,0.64,0.87,0.22,10009/0,0.00,0/0,0.37,10009,0.00,0.00/0.00/0.00/0.00,0.00/0.00/0.00,0.00/0.00/0.00/0.00/0.00/0.00,0.00/0.00/0.00/0.00/0.00,0.17,0.02,0.00,0.14,0.17,0.00,0.02,126,2,0,0.07,0.01,4/0,0.00,0,0,0,0,0.05,0.00,0.00,0.00,0,0.00,0.00,0,0,0/0,0.00,0,0,0.00,0,0,0.00,0,0,0.11,0.00,0,2,0,0.11,0.00,0.00,0.00,0.00,0.00,0.36,0.00,0,0.00,0,0,0/0/0,0.10,0.00,126,1,1,0,0,0,2026-09-09T18:31:14.4586715Z
3.83ms,261.0,0,63,30009,"mass_navigation_agent_health_text_light:8568,mass_navigation_agent_health_hud_light:8568,mass_navigation_agent_azure_light:2142,mass_navigation_agent_crimson_light:2142,mass_navigation_agent_amber_light:2142,mass_navigation_agent_emerald_light:2142,mass_navigation_agent_health_text_heavy:1432,mass_navigation_agent_health_hud_heavy:1432",0,0,63,63/6,0.01,0.04,0.00,0.00,0.02,3.36,0.02,0.00,0.00,:0.00,:0.00,:0.00,3.31,PresenterEntityTransformSyncSystem:0.98,AnimatorRuntimeSystem:0.58,TerrainHeightSyncSystem:0.45,0.00,0,0,0,0,0,0.58,0.98,0.21,10009/0,0.00,0/0,0.45,10009,0.00,0.00/0.00/0.00/0.00,0.00/0.00/0.00,0.00/0.00/0.00/0.00/0.00/0.00,0.00/0.00/0.00/0.00/0.00,0.19,0.03,0.00,0.16,0.19,0.00,0.01,126,2,0,0.07,0.01,4/0,0.00,0,0,0,0,0.05,0.00,0.00,0.00,0,0.00,0.00,0,0,0/0,0.00,0,0,0.00,0,0,0.00,0,0,0.10,0.00,0,2,0,0.10,0.00,0.00,0.00,0.00,0.00,0.34,0.00,0,0.00,0,0,0/0/0,0.10,0.00,126,1,1,0,0,0,2026-09-09T18:31:14.7315055Z
3.51ms,285.3,0,63,30009,"mass_navigation_agent_health_text_light:8568,mass_navigation_agent_health_hud_light:8568,mass_navigation_agent_azure_light:2142,mass_navigation_agent_crimson_light:2142,mass_navigation_agent_amber_light:2142,mass_navigation_agent_emerald_light:2142,mass_navigation_agent_health_text_heavy:1432,mass_navigation_agent_health_hud_heavy:1432",0,0,63,63/6,0.01,0.03,0.00,0.00,0.01,3.17,0.02,0.00,0.00,:0.00,:0.00,:0.00,3.12,PresenterEntityTransformSyncSystem:0.86,AnimatorRuntimeSystem:0.64,TerrainHeightSyncSystem:0.42,0.00,0,0,0,0,0,0.64,0.86,0.18,10009/0,0.00,0/0,0.42,10009,0.00,0.00/0.00/0.00/0.00,0.00/0.00/0.00,0.00/0.00/0.00/0.00/0.00/0.00,0.00/0.00/0.00/0.00/0.00,0.17,0.02,0.00,0.14,0.17,0.00,0.01,126,2,0,0.06,0.01,4/0,0.00,0,0,0,0,0.04,0.00,0.00,0.00,0,0.00,0.00,0,0,0/0,0.00,0,0,0.00,0,0,0.00,0,0,0.06,0.00,0,2,0,0.06,0.00,0.00,0.00,0.00,0.00,0.33,0.00,0,0.00,0,0,0/0/0,0.07,0.00,126,1,1,0,0,0,2026-09-09T18:31:15.0339651Z
3.57ms,279.8,0,63,30009,"mass_navigation_agent_health_text_light:8568,mass_navigation_agent_health_hud_light:8568,mass_navigation_agent_azure_light:2142,mass_navigation_agent_crimson_light:2142,mass_navigation_agent_amber_light:2142,mass_navigation_agent_emerald_light:2142,mass_navigation_agent_health_text_heavy:1432,mass_navigation_agent_health_hud_heavy:1432",0,0,63,63/6,0.01,0.03,0.00,0.00,0.01,3.15,0.02,0.00,0.00,:0.00,:0.00,:0.00,3.11,PresenterEntityTransformSyncSystem:0.81,AnimatorRuntimeSystem:0.63,TerrainHeightSyncSystem:0.41,0.00,0,0,0,0,0,0.63,0.81,0.21,10009/0,0.00,0/0,0.41,10009,0.00,0.00/0.00/0.00/0.00,0.00/0.00/0.00,0.00/0.00/0.00/0.00/0.00/0.00,0.00/0.00/0.00/0.00/0.00,0.17,0.02,0.00,0.15,0.17,0.00,0.01,126,2,0,0.07,0.01,4/0,0.00,0,0,0,0,0.05,0.00,0.00,0.00,0,0.00,0.00,0,0,0/0,0.00,0,0,0.00,0,0,0.00,0,0,0.10,0.00,0,2,0,0.10,0.00,0.00,0.00,0.00,0.00,0.36,0.00,0,0.00,0,0,0/0/0,0.08,0.00,126,1,1,0,0,0,2026-09-09T18:31:15.3144755Z
3.66ms,272.9,0,63,30009,"mass_navigation_agent_health_text_light:8568,mass_navigation_agent_health_hud_light:8568,mass_navigation_agent_azure_light:2142,mass_navigation_agent_crimson_light:2142,mass_navigation_agent_amber_light:2142,mass_navigation_agent_emerald_light:2142,mass_navigation_agent_health_text_heavy:1432,mass_navigation_agent_health_hud_heavy:1432",0,0,63,63/6,0.01,0.03,0.00,0.00,0.01,3.23,0.02,0.00,0.00,:0.00,:0.00,:0.00,3.19,PresenterEntityTransformSyncSystem:0.89,AnimatorRuntimeSystem:0.61,TerrainHeightSyncSystem:0.43,0.00,0,0,0,0,0,0.61,0.89,0.21,10009/0,0.00,0/0,0.43,10009,0.00,0.00/0.00/0.00/0.00,0.00/0.00/0.00,0.00/0.00/0.00/0.00/0.00/0.00,0.00/0.00/0.00/0.00/0.00,0.18,0.03,0.00,0.15,0.18,0.00,0.01,126,2,0,0.07,0.01,4/0,0.00,0,0,0,0,0.05,0.00,0.00,0.00,0,0.00,0.00,0,0,0/0,0.00,0,0,0.00,0,0,0.00,0,0,0.10,0.00,0,2,0,0.10,0.00,0.00,0.00,0.00,0.00,0.32,0.00,0,0.00,0,0,0/0/0,0.09,0.00,126,1,1,0,0,0,2026-09-09T18:31:15.5855362Z
3.80ms,262.8,0,63,30009,"mass_navigation_agent_health_text_light:8568,mass_navigation_agent_health_hud_light:8568,mass_navigation_agent_azure_light:2142,mass_navigation_agent_crimson_light:2142,mass_navigation_agent_amber_light:2142,mass_navigation_agent_emerald_light:2142,mass_navigation_agent_health_text_heavy:1432,mass_navigation_agent_health_hud_heavy:1432",0,0,63,63/6,0.01,0.04,0.00,0.00,0.01,3.28,0.03,0.00,0.00,:0.00,:0.00,:0.00,3.23,PresenterEntityTransformSyncSystem:0.85,AnimatorRuntimeSystem:0.65,TerrainHeightSyncSystem:0.43,0.00,0,0,0,0,0,0.65,0.85,0.23,10009/0,0.00,0/0,0.43,10009,0.00,0.00/0.00/0.00/0.00,0.00/0.00/0.00,0.00/0.00/0.00/0.00/0.00/0.00,0.00/0.00/0.00/0.00/0.00,0.18,0.03,0.00,0.15,0.18,0.00,0.02,126,2,0,0.07,0.01,4/0,0.00,0,0,0,0,0.05,0.00,0.00,0.00,0,0.00,0.00,0,0,0/0,0.00,0,0,0.00,0,0,0.00,0,0,0.13,0.00,0,2,0,0.13,0.00,0.00,0.00,0.00,0.00,0.36,0.00,0,0.00,0,0,0/0/0,0.10,0.00,126,1,1,0,0,0,2026-09-09T18:31:15.8772223Z
3.58ms,279.4,0,63,30009,"mass_navigation_agent_health_text_light:8568,mass_navigation_agent_health_hud_light:8568,mass_navigation_agent_azure_light:2142,mass_navigation_agent_crimson_light:2142,mass_navigation_agent_amber_light:2142,mass_navigation_agent_emerald_light:2142,mass_navigation_agent_health_text_heavy:1432,mass_navigation_agent_health_hud_heavy:1432",0,0,63,63/6,0.01,0.04,0.00,0.00,0.01,3.13,0.02,0.00,0.00,:0.00,:0.00,:0.00,3.09,PresenterEntityTransformSyncSystem:0.84,AnimatorRuntimeSystem:0.63,TerrainHeightSyncSystem:0.40,0.00,0,0,0,0,0,0.63,0.84,0.20,10009/0,0.00,0/0,0.40,10009,0.00,0.00/0.00/0.00/0.00,0.00/0.00/0.00,0.00/0.00/0.00/0.00/0.00/0.00,0.00/0.00/0.00/0.00/0.00,0.17,0.02,0.00,0.14,0.17,0.00,0.01,126,2,0,0.07,0.01,4/0,0.00,0,0,0,0,0.05,0.00,0.00,0.00,0,0.00,0.00,0,0,0/0,0.00,0,0,0.00,0,0,0.00,0,0,0.10,0.00,0,2,0,0.10,0.00,0.00,0.00,0.00,0.00,0.33,0.00,0,0.00,0,0,0/0/0,0.10,0.00,126,1,1,0,0,0,2026-09-09T18:31:16.1730136Z
3.58ms,279.2,0,63,30009,"mass_navigation_agent_health_text_light:8568,mass_navigation_agent_health_hud_light:8568,mass_navigation_agent_azure_light:2142,mass_navigation_agent_crimson_light:2142,mass_navigation_agent_amber_light:2142,mass_navigation_agent_emerald_light:2142,mass_navigation_agent_health_text_heavy:1432,mass_navigation_agent_health_hud_heavy:1432",0,0,63,63/6,0.01,0.04,0.00,0.00,0.01,3.05,0.03,0.00,0.00,:0.00,:0.00,:0.00,3.01,PresenterEntityTransformSyncSystem:0.80,AnimatorRuntimeSystem:0.63,TerrainHeightSyncSystem:0.38,0.00,0,0,0,0,0,0.63,0.80,0.19,10009/0,0.00,0/0,0.38,10009,0.00,0.00/0.00/0.00/0.00,0.00/0.00/0.00,0.00/0.00/0.00/0.00/0.00/0.00,0.00/0.00/0.00/0.00/0.00,0.17,0.02,0.00,0.15,0.17,0.00,0.02,126,2,0,0.07,0.01,4/0,0.00,0,0,0,0,0.05,0.00,0.00,0.00,0,0.00,0.00,0,0,0/0,0.00,0,0,0.00,0,0,0.00,0,0,0.13,0.00,0,2,0,0.13,0.00,0.00,0.00,0.00,0.00,0.35,0.00,0,0.00,0,0,0/0/0,0.11,0.00,126,1,1,0,0,0,2026-09-09T18:31:16.4607098Z
3.47ms,288.0,0,63,30009,"mass_navigation_agent_health_text_light:8568,mass_navigation_agent_health_hud_light:8568,mass_navigation_agent_azure_light:2142,mass_navigation_agent_crimson_light:2142,mass_navigation_agent_amber_light:2142,mass_navigation_agent_emerald_light:2142,mass_navigation_agent_health_text_heavy:1432,mass_navigation_agent_health_hud_heavy:1432",0,0,63,63/6,0.01,0.03,0.00,0.00,0.01,3.10,0.02,0.00,0.00,:0.00,:0.00,:0.00,3.06,PresenterEntityTransformSyncSystem:0.86,AnimatorRuntimeSystem:0.58,TerrainHeightSyncSystem:0.43,0.00,0,0,0,0,0,0.58,0.86,0.17,10009/0,0.00,0/0,0.43,10009,0.00,0.00/0.00/0.00/0.00,0.00/0.00/0.00,0.00/0.00/0.00/0.00/0.00/0.00,0.00/0.00/0.00/0.00/0.00,0.17,0.03,0.00,0.14,0.17,0.00,0.01,126,2,0,0.06,0.01,4/0,0.00,0,0,0,0,0.04,0.00,0.00,0.00,0,0.00,0.00,0,0,0/0,0.00,0,0,0.00,0,0,0.00,0,0,0.08,0.00,0,2,0,0.08,0.00,0.00,0.00,0.00,0.00,0.35,0.00,0,0.00,0,0,0/0/0,0.07,0.00,126,1,1,0,0,0,2026-09-09T18:31:16.7300686Z
3.70ms,269.9,0,63,30009,"mass_navigation_agent_health_text_light:8568,mass_navigation_agent_health_hud_light:8568,mass_navigation_agent_azure_light:2142,mass_navigation_agent_crimson_light:2142,mass_navigation_agent_amber_light:2142,mass_navigation_agent_emerald_light:2142,mass_navigation_agent_health_text_heavy:1432,mass_navigation_agent_health_hud_heavy:1432",0,0,63,63/6,0.01,0.03,0.00,0.00,0.01,3.25,0.02,0.00,0.00,:0.00,:0.00,:0.00,3.21,PresenterEntityTransformSyncSystem:0.89,AnimatorRuntimeSystem:0.64,TerrainHeightSyncSystem:0.42,0.00,0,0,0,0,0,0.64,0.89,0.21,10009/0,0.00,0/0,0.41,10009,0.00,0.00/0.00/0.00/0.00,0.00/0.00/0.00,0.00/0.00/0.00/0.00/0.00/0.00,0.00/0.00/0.00/0.00/0.00,0.18,0.02,0.00,0.15,0.18,0.00,0.01,126,2,0,0.07,0.01,4/0,0.00,0,0,0,0,0.05,0.00,0.00,0.00,0,0.00,0.00,0,0,0/0,0.00,0,0,0.00,0,0,0.00,0,0,0.10,0.00,0,2,0,0.10,0.00,0.00,0.00,0.00,0.00,0.32,0.00,0,0.00,0,0,0/0/0,0.10,0.00,126,1,1,0,0,0,2026-09-09T18:31:17.0315435Z
3.34ms,299.3,0,63,30009,"mass_navigation_agent_health_text_light:8568,mass_navigation_agent_health_hud_light:8568,mass_navigation_agent_azure_light:2142,mass_navigation_agent_crimson_light:2142,mass_navigation_agent_amber_light:2142,mass_navigation_agent_emerald_light:2142,mass_navigation_agent_health_text_heavy:1432,mass_navigation_agent_health_hud_heavy:1432",0,0,63,63/6,0.01,0.03,0.00,0.00,0.01,2.95,0.02,0.00,0.00,:0.00,:0.00,:0.00,2.90,PresenterEntityTransformSyncSystem:0.79,AnimatorRuntimeSystem:0.57,TerrainHeightSyncSystem:0.41,0.00,0,0,0,0,0,0.57,0.79,0.19,10009/0,0.00,0/0,0.41,10009,0.00,0.00/0.00/0.00/0.00,0.00/0.00/0.00,0.00/0.00/0.00/0.00/0.00/0.00,0.00/0.00/0.00/0.00/0.00,0.17,0.03,0.00,0.14,0.17,0.00,0.01,126,2,0,0.06,0.01,4/0,0.00,0,0,0,0,0.04,0.00,0.00,0.00,0,0.00,0.00,0,0,0/0,0.00,0,0,0.00,0,0,0.00,0,0,0.09,0.00,0,2,0,0.09,0.00,0.00,0.00,0.00,0.00,0.27,0.00,0,0.00,0,0,0/0/0,0.08,0.00,126,1,1,0,0,0,2026-09-09T18:31:17.3148697Z
3.56ms,281.1,0,63,30009,"mass_navigation_agent_health_text_light:8568,mass_navigation_agent_health_hud_light:8568,mass_navigation_agent_azure_light:2142,mass_navigation_agent_crimson_light:2142,mass_navigation_agent_amber_light:2142,mass_navigation_agent_emerald_light:2142,mass_navigation_agent_health_text_heavy:1432,mass_navigation_agent_health_hud_heavy:1432",0,0,63,63/6,0.01,0.03,0.00,0.00,0.01,3.11,0.02,0.00,0.00,:0.00,:0.00,:0.00,3.07,PresenterEntityTransformSyncSystem:0.81,AnimatorRuntimeSystem:0.57,TerrainHeightSyncSystem:0.41,0.00,0,0,0,0,0,0.57,0.81,0.19,10009/0,0.00,0/0,0.40,10009,0.00,0.00/0.00/0.00/0.00,0.00/0.00/0.00,0.00/0.00/0.00/0.00/0.00/0.00,0.00/0.00/0.00/0.00/0.00,0.21,0.03,0.00,0.18,0.21,0.00,0.01,126,2,0,0.07,0.01,4/0,0.00,0,0,0,0,0.05,0.00,0.00,0.00,0,0.00,0.00,0,0,0/0,0.00,0,0,0.00,0,0,0.00,0,0,0.10,0.00,0,2,0,0.10,0.00,0.00,0.00,0.00,0.00,0.34,0.00,0,0.00,0,0,0/0/0,0.10,0.00,126,1,1,0,0,0,2026-09-09T18:31:17.5863627Z
3.46ms,289.4,0,63,30009,"mass_navigation_agent_health_text_light:8568,mass_navigation_agent_health_hud_light:8568,mass_navigation_agent_azure_light:2142,mass_navigation_agent_crimson_light:2142,mass_navigation_agent_amber_light:2142,mass_navigation_agent_emerald_light:2142,mass_navigation_agent_health_text_heavy:1432,mass_navigation_agent_health_hud_heavy:1432",0,0,63,63/6,0.01,0.03,0.00,0.00,0.01,3.13,0.02,0.00,0.00,:0.00,:0.00,:0.00,3.10,PresenterEntityTransformSyncSystem:0.86,AnimatorRuntimeSystem:0.59,TerrainHeightSyncSystem:0.41,0.00,0,0,0,0,0,0.59,0.86,0.20,10009/0,0.00,0/0,0.41,10009,0.00,0.00/0.00/0.00/0.00,0.00/0.00/0.00,0.00/0.00/0.00/0.00/0.00/0.00,0.00/0.00/0.00/0.00/0.00,0.17,0.02,0.00,0.14,0.17,0.00,0.01,126,2,0,0.06,0.01,4/0,0.00,0,0,0,0,0.04,0.00,0.00,0.00,0,0.00,0.00,0,0,0/0,0.00,0,0,0.00,0,0,0.00,0,0,0.06,0.00,0,2,0,0.06,0.00,0.00,0.00,0.00,0.00,0.37,0.00,0,0.00,0,0,0/0/0,0.06,0.00,126,1,1,0,0,0,2026-09-09T18:31:17.8754564Z
3.63ms,275.4,0,63,30009,"mass_navigation_agent_health_text_light:8568,mass_navigation_agent_health_hud_light:8568,mass_navigation_agent_azure_light:2142,mass_navigation_agent_crimson_light:2142,mass_navigation_agent_amber_light:2142,mass_navigation_agent_emerald_light:2142,mass_navigation_agent_health_text_heavy:1432,mass_navigation_agent_health_hud_heavy:1432",0,0,63,63/6,0.01,0.03,0.00,0.00,0.01,3.23,0.02,0.00,0.00,:0.00,:0.00,:0.00,3.18,PresenterEntityTransformSyncSystem:0.86,AnimatorRuntimeSystem:0.64,TerrainHeightSyncSystem:0.42,0.00,0,0,0,0,0,0.64,0.86,0.20,10009/0,0.00,0/0,0.42,10009,0.00,0.00/0.00/0.00/0.00,0.00/0.00/0.00,0.00/0.00/0.00/0.00/0.00/0.00,0.00/0.00/0.00/0.00/0.00,0.23,0.05,0.00,0.18,0.23,0.00,0.02,126,2,0,0.07,0.01,4/0,0.00,0,0,0,0,0.04,0.00,0.00,0.00,0,0.00,0.00,0,0,0/0,0.00,0,0,0.00,0,0,0.00,0,0,0.09,0.00,0,2,0,0.09,0.00,0.00,0.00,0.00,0.00,0.31,0.00,0,0.00,0,0,0/0/0,0.07,0.00,126,1,1,0,0,0,2026-09-09T18:31:18.1668956Z
3.66ms,273.5,0,63,30009,"mass_navigation_agent_health_text_light:8568,mass_navigation_agent_health_hud_light:8568,mass_navigation_agent_azure_light:2142,mass_navigation_agent_crimson_light:2142,mass_navigation_agent_amber_light:2142,mass_navigation_agent_emerald_light:2142,mass_navigation_agent_health_text_heavy:1432,mass_navigation_agent_health_hud_heavy:1432",0,0,63,63/6,0.01,0.03,0.00,0.00,0.01,3.29,0.02,0.00,0.21,EffectProcessingLoopSystem:0.20,:0.00,:0.00,3.04,PresenterEntityTransformSyncSystem:0.78,AnimatorRuntimeSystem:0.67,PresenterEmitSystem:0.36,0.00,0,0,0,0,0,0.67,0.78,0.19,10009/0,0.00,0/0,0.36,10009,0.00,0.00/0.00/0.00/0.00,0.00/0.00/0.00,0.00/0.00/0.00/0.00/0.00/0.00,0.00/0.00/0.00/0.00/0.00,0.21,0.03,0.00,0.18,0.21,0.00,0.01,126,2,0,0.07,0.01,4/0,0.00,0,0,0,0,0.05,0.00,0.00,0.00,0,0.00,0.00,0,0,0/0,0.00,0,0,0.00,0,0,0.00,0,0,0.07,0.00,0,2,0,0.07,0.00,0.00,0.00,0.00,0.00,0.36,0.00,0,0.00,0,0,0/0/0,0.07,0.00,126,1,1,0,0,0,2026-09-09T18:31:18.4452946Z
3.37ms,296.5,0,63,30009,"mass_navigation_agent_health_text_light:8568,mass_navigation_agent_health_hud_light:8568,mass_navigation_agent_azure_light:2142,mass_navigation_agent_crimson_light:2142,mass_navigation_agent_amber_light:2142,mass_navigation_agent_emerald_light:2142,mass_navigation_agent_health_text_heavy:1432,mass_navigation_agent_health_hud_heavy:1432",0,0,63,63/6,0.01,0.03,0.00,0.00,0.01,2.95,0.02,0.00,0.00,:0.00,:0.00,:0.00,2.92,PresenterEntityTransformSyncSystem:0.81,AnimatorRuntimeSystem:0.62,TerrainHeightSyncSystem:0.37,0.00,0,0,0,0,0,0.62,0.81,0.18,10009/0,0.00,0/0,0.37,10009,0.00,0.00/0.00/0.00/0.00,0.00/0.00/0.00,0.00/0.00/0.00/0.00/0.00/0.00,0.00/0.00/0.00/0.00/0.00,0.17,0.02,0.00,0.14,0.16,0.00,0.01,126,2,0,0.07,0.01,4/0,0.00,0,0,0,0,0.05,0.00,0.00,0.00,0,0.00,0.00,0,0,0/0,0.00,0,0,0.00,0,0,0.00,0,0,0.09,0.00,0,2,0,0.09,0.00,0.00,0.00,0.00,0.00,0.32,0.00,0,0.00,0,0,0/0/0,0.09,0.00,126,1,1,0,0,0,2026-09-09T18:31:18.7168597Z
3.38ms,295.5,0,63,30009,"mass_navigation_agent_health_text_light:8568,mass_navigation_agent_health_hud_light:8568,mass_navigation_agent_azure_light:2142,mass_navigation_agent_crimson_light:2142,mass_navigation_agent_amber_light:2142,mass_navigation_agent_emerald_light:2142,mass_navigation_agent_health_text_heavy:1432,mass_navigation_agent_health_hud_heavy:1432",0,0,63,63/6,0.01,0.03,0.00,0.00,0.01,2.96,0.02,0.00,0.00,:0.00,:0.00,:0.00,2.93,PresenterEntityTransformSyncSystem:0.78,AnimatorRuntimeSystem:0.61,TerrainHeightSyncSystem:0.41,0.00,0,0,0,0,0,0.61,0.78,0.20,10009/0,0.00,0/0,0.40,10009,0.00,0.00/0.00/0.00/0.00,0.00/0.00/0.00,0.00/0.00/0.00/0.00/0.00/0.00,0.00/0.00/0.00/0.00/0.00,0.16,0.02,0.00,0.14,0.16,0.00,0.01,126,2,0,0.07,0.01,4/0,0.00,0,0,0,0,0.05,0.00,0.00,0.00,0,0.00,0.00,0,0,0/0,0.00,0,0,0.00,0,0,0.00,0,0,0.09,0.00,0,2,0,0.09,0.00,0.00,0.00,0.00,0.00,0.30,0.00,0,0.00,0,0,0/0/0,0.09,0.00,126,1,1,0,0,0,2026-09-09T18:31:18.9808674Z
3.23ms,309.7,0,63,30009,"mass_navigation_agent_health_text_light:8568,mass_navigation_agent_health_hud_light:8568,mass_navigation_agent_azure_light:2142,mass_navigation_agent_crimson_light:2142,mass_navigation_agent_amber_light:2142,mass_navigation_agent_emerald_light:2142,mass_navigation_agent_health_text_heavy:1432,mass_navigation_agent_health_hud_heavy:1432",0,0,63,63/6,0.01,0.03,0.00,0.00,0.01,2.89,0.02,0.00,0.00,:0.00,:0.00,:0.00,2.84,PresenterEntityTransformSyncSystem:0.75,AnimatorRuntimeSystem:0.55,TerrainHeightSyncSystem:0.38,0.00,0,0,0,0,0,0.55,0.75,0.17,10009/0,0.00,0/0,0.38,10009,0.00,0.00/0.00/0.00/0.00,0.00/0.00/0.00,0.00/0.00/0.00/0.00/0.00/0.00,0.00/0.00/0.00/0.00/0.00,0.17,0.02,0.00,0.14,0.17,0.00,0.01,126,2,0,0.06,0.01,4/0,0.00,0,0,0,0,0.04,0.00,0.00,0.00,0,0.00,0.00,0,0,0/0,0.00,0,0,0.00,0,0,0.00,0,0,0.06,0.00,0,2,0,0.06,0.00,0.00,0.00,0.00,0.00,0.35,0.00,0,0.00,0,0,0/0/0,0.07,0.00,126,1,1,0,0,0,2026-09-09T18:31:19.2621683Z
3.46ms,289.4,0,63,30009,"mass_navigation_agent_health_text_light:8568,mass_navigation_agent_health_hud_light:8568,mass_navigation_agent_azure_light:2142,mass_navigation_agent_crimson_light:2142,mass_navigation_agent_amber_light:2142,mass_navigation_agent_emerald_light:2142,mass_navigation_agent_health_text_heavy:1432,mass_navigation_agent_health_hud_heavy:1432",0,0,63,63/6,0.01,0.03,0.00,0.00,0.01,3.07,0.02,0.00,0.00,:0.00,:0.00,:0.00,3.03,PresenterEntityTransformSyncSystem:0.93,AnimatorRuntimeSystem:0.60,TerrainHeightSyncSystem:0.39,0.00,0,0,0,0,0,0.59,0.92,0.17,10009/0,0.00,0/0,0.39,10009,0.00,0.00/0.00/0.00/0.00,0.00/0.00/0.00,0.00/0.00/0.00/0.00/0.00/0.00,0.00/0.00/0.00/0.00/0.00,0.19,0.02,0.00,0.16,0.19,0.00,0.01,126,2,0,0.06,0.01,4/0,0.00,0,0,0,0,0.04,0.00,0.00,0.00,0,0.00,0.00,0,0,0/0,0.00,0,0,0.00,0,0,0.00,0,0,0.09,0.00,0,2,0,0.09,0.00,0.00,0.00,0.00,0.00,0.31,0.00,0,0.00,0,0,0/0/0,0.08,0.00,126,1,1,0,0,0,2026-09-09T18:31:19.5190464Z
3.61ms,277.3,0,63,30009,"mass_navigation_agent_health_text_light:8568,mass_navigation_agent_health_hud_light:8568,mass_navigation_agent_azure_light:2142,mass_navigation_agent_crimson_light:2142,mass_navigation_agent_amber_light:2142,mass_navigation_agent_emerald_light:2142,mass_navigation_agent_health_text_heavy:1432,mass_navigation_agent_health_hud_heavy:1432",0,0,63,63/6,0.01,0.03,0.00,0.00,0.01,3.08,0.02,0.00,0.00,:0.00,:0.00,:0.00,3.04,PresenterEntityTransformSyncSystem:0.82,AnimatorRuntimeSystem:0.60,TerrainHeightSyncSystem:0.43,0.00,0,0,0,0,0,0.60,0.82,0.21,10009/0,0.00,0/0,0.43,10009,0.00,0.00/0.00/0.00/0.00,0.00/0.00/0.00,0.00/0.00/0.00/0.00/0.00/0.00,0.00/0.00/0.00/0.00/0.00,0.18,0.02,0.00,0.15,0.17,0.00,0.01,126,2,0,0.07,0.01,4/0,0.00,0,0,0,0,0.05,0.00,0.00,0.00,0,0.00,0.00,0,0,0/0,0.00,0,0,0.00,0,0,0.00,0,0,0.10,0.00,0,2,0,0.10,0.00,0.00,0.00,0.00,0.00,0.33,0.00,0,0.00,0,0,0/0/0,0.09,0.00,126,1,1,0,0,0,2026-09-09T18:31:19.7792176Z
3.65ms,274.1,0,63,30009,"mass_navigation_agent_health_text_light:8568,mass_navigation_agent_health_hud_light:8568,mass_navigation_agent_azure_light:2142,mass_navigation_agent_crimson_light:2142,mass_navigation_agent_amber_light:2142,mass_navigation_agent_emerald_light:2142,mass_navigation_agent_health_text_heavy:1432,mass_navigation_agent_health_hud_heavy:1432",0,0,63,63/6,0.01,0.04,0.00,0.00,0.02,3.25,0.02,0.00,0.00,:0.00,:0.00,:0.00,3.19,PresenterEntityTransformSyncSystem:0.87,AnimatorRuntimeSystem:0.61,TerrainHeightSyncSystem:0.38,0.00,0,0,0,0,0,0.61,0.87,0.22,10009/0,0.00,0/0,0.38,10009,0.00,0.00/0.00/0.00/0.00,0.00/0.00/0.00,0.00/0.00/0.00/0.00/0.00/0.00,0.00/0.00/0.00/0.00/0.00,0.21,0.02,0.00,0.18,0.21,0.00,0.01,126,2,0,0.07,0.01,4/0,0.00,0,0,0,0,0.05,0.00,0.00,0.00,0,0.00,0.00,0,0,0/0,0.00,0,0,0.00,0,0,0.00,0,0,0.08,0.00,0,2,0,0.08,0.00,0.00,0.00,0.00,0.00,0.37,0.00,0,0.00,0,0,0/0/0,0.08,0.00,126,1,1,0,0,0,2026-09-09T18:31:20.0608037Z
3.43ms,291.3,0,63,30009,"mass_navigation_agent_health_text_light:8568,mass_navigation_agent_health_hud_light:8568,mass_navigation_agent_azure_light:2142,mass_navigation_agent_crimson_light:2142,mass_navigation_agent_amber_light:2142,mass_navigation_agent_emerald_light:2142,mass_navigation_agent_health_text_heavy:1432,mass_navigation_agent_health_hud_heavy:1432",0,0,63,63/6,0.01,0.03,0.00,0.00,0.01,3.08,0.02,0.00,0.00,:0.00,:0.00,:0.00,3.04,PresenterEntityTransformSyncSystem:0.87,AnimatorRuntimeSystem:0.58,TerrainHeightSyncSystem:0.42,0.00,0,0,0,0,0,0.58,0.87,0.17,10009/0,0.00,0/0,0.42,10009,0.00,0.00/0.00/0.00/0.00,0.00/0.00/0.00,0.00/0.00/0.00/0.00/0.00/0.00,0.00/0.00/0.00/0.00/0.00,0.17,0.02,0.00,0.14,0.17,0.00,0.01,126,2,0,0.06,0.01,4/0,0.00,0,0,0,0,0.04,0.00,0.00,0.00,0,0.00,0.00,0,0,0/0,0.00,0,0,0.00,0,0,0.00,0,0,0.07,0.00,0,2,0,0.07,0.00,0.00,0.00,0.00,0.00,0.32,0.00,0,0.00,0,0,0/0/0,0.07,0.00,126,1,1,0,0,0,2026-09-09T18:31:20.3224267Z
3.68ms,271.5,0,63,30009,"mass_navigation_agent_health_text_light:8568,mass_navigation_agent_health_hud_light:8568,mass_navigation_agent_azure_light:2142,mass_navigation_agent_crimson_light:2142,mass_navigation_agent_amber_light:2142,mass_navigation_agent_emerald_light:2142,mass_navigation_agent_health_text_heavy:1432,mass_navigation_agent_health_hud_heavy:1432",0,0,63,63/6,0.01,0.03,0.00,0.00,0.01,3.09,0.02,0.00,0.00,:0.00,:0.00,:0.00,3.05,PresenterEntityTransformSyncSystem:0.92,AnimatorRuntimeSystem:0.63,TerrainHeightSyncSystem:0.40,0.00,0,0,0,0,0,0.63,0.92,0.18,10009/0,0.00,0/0,0.40,10009,0.00,0.00/0.00/0.00/0.00,0.00/0.00/0.00,0.00/0.00/0.00/0.00/0.00/0.00,0.00/0.00/0.00/0.00/0.00,0.16,0.02,0.00,0.13,0.16,0.00,0.01,126,2,0,0.06,0.01,4/0,0.00,0,0,0,0,0.05,0.00,0.00,0.00,0,0.00,0.00,0,0,0/0,0.00,0,0,0.00,0,0,0.00,0,0,0.09,0.00,0,2,0,0.09,0.00,0.00,0.00,0.00,0.00,0.31,0.00,0,0.00,0,0,0/0/0,0.27,0.00,126,1,1,0,0,0,2026-09-09T18:31:20.5860392Z
3.38ms,295.5,0,63,30009,"mass_navigation_agent_health_text_light:8568,mass_navigation_agent_health_hud_light:8568,mass_navigation_agent_azure_light:2142,mass_navigation_agent_crimson_light:2142,mass_navigation_agent_amber_light:2142,mass_navigation_agent_emerald_light:2142,mass_navigation_agent_health_text_heavy:1432,mass_navigation_agent_health_hud_heavy:1432",0,0,63,63/6,0.01,0.03,0.00,0.00,0.01,2.97,0.02,0.00,0.00,:0.00,:0.00,:0.00,2.92,PresenterEntityTransformSyncSystem:0.76,AnimatorRuntimeSystem:0.57,TerrainHeightSyncSystem:0.42,0.00,0,0,0,0,0,0.57,0.76,0.20,10009/0,0.00,0/0,0.42,10009,0.00,0.00/0.00/0.00/0.00,0.00/0.00/0.00,0.00/0.00/0.00/0.00/0.00/0.00,0.00/0.00/0.00/0.00/0.00,0.16,0.02,0.00,0.13,0.16,0.00,0.01,126,2,0,0.07,0.01,4/0,0.00,0,0,0,0,0.05,0.00,0.00,0.00,0,0.00,0.00,0,0,0/0,0.00,0,0,0.00,0,0,0.00,0,0,0.09,0.00,0,2,0,0.09,0.00,0.00,0.00,0.00,0.00,0.32,0.00,0,0.00,0,0,0/0/0,0.09,0.00,126,1,1,0,0,0,2026-09-09T18:31:20.8654715Z
3.62ms,276.3,0,63,30009,"mass_navigation_agent_health_text_light:8568,mass_navigation_agent_health_hud_light:8568,mass_navigation_agent_azure_light:2142,mass_navigation_agent_crimson_light:2142,mass_navigation_agent_amber_light:2142,mass_navigation_agent_emerald_light:2142,mass_navigation_agent_health_text_heavy:1432,mass_navigation_agent_health_hud_heavy:1432",0,0,63,63/6,0.01,0.03,0.00,0.00,0.01,3.21,0.02,0.00,0.00,:0.00,:0.00,:0.00,3.18,PresenterEntityTransformSyncSystem:0.85,AnimatorRuntimeSystem:0.61,TerrainHeightSyncSystem:0.40,0.00,0,0,0,0,0,0.61,0.85,0.23,10009/0,0.00,0/0,0.40,10009,0.00,0.00/0.00/0.00/0.00,0.00/0.00/0.00,0.00/0.00/0.00/0.00/0.00/0.00,0.00/0.00/0.00/0.00/0.00,0.20,0.02,0.00,0.17,0.20,0.00,0.01,126,2,0,0.06,0.01,4/0,0.00,0,0,0,0,0.05,0.00,0.00,0.00,0,0.00,0.00,0,0,0/0,0.00,0,0,0.00,0,0,0.00,0,0,0.10,0.00,0,2,0,0.09,0.00,0.00,0.00,0.00,0.00,0.33,0.00,0,0.00,0,0,0/0/0,0.08,0.00,126,1,1,0,0,0,2026-09-09T18:31:21.1310775Z
3.32ms,301.6,0,63,30009,"mass_navigation_agent_health_text_light:8568,mass_navigation_agent_health_hud_light:8568,mass_navigation_agent_azure_light:2142,mass_navigation_agent_crimson_light:2142,mass_navigation_agent_amber_light:2142,mass_navigation_agent_emerald_light:2142,mass_navigation_agent_health_text_heavy:1432,mass_navigation_agent_health_hud_heavy:1432",0,0,63,63/6,0.01,0.03,0.00,0.00,0.01,2.89,0.02,0.00,0.00,:0.00,:0.00,:0.00,2.85,PresenterEntityTransformSyncSystem:0.74,AnimatorRuntimeSystem:0.58,TerrainHeightSyncSystem:0.35,0.00,0,0,0,0,0,0.58,0.74,0.22,10009/0,0.00,0/0,0.35,10009,0.00,0.00/0.00/0.00/0.00,0.00/0.00/0.00,0.00/0.00/0.00/0.00/0.00/0.00,0.00/0.00/0.00/0.00/0.00,0.16,0.02,0.00,0.13,0.15,0.00,0.01,126,2,0,0.07,0.01,4/0,0.00,0,0,0,0,0.05,0.00,0.00,0.00,0,0.00,0.00,0,0,0/0,0.00,0,0,0.00,0,0,0.00,0,0,0.09,0.00,0,2,0,0.09,0.00,0.00,0.00,0.00,0.00,0.30,0.00,0,0.00,0,0,0/0/0,0.09,0.00,126,1,1,0,0,0,2026-09-09T18:31:21.4177974Z
3.32ms,301.0,0,63,30009,"mass_navigation_agent_health_text_light:8568,mass_navigation_agent_health_hud_light:8568,mass_navigation_agent_azure_light:2142,mass_navigation_agent_crimson_light:2142,mass_navigation_agent_amber_light:2142,mass_navigation_agent_emerald_light:2142,mass_navigation_agent_health_text_heavy:1432,mass_navigation_agent_health_hud_heavy:1432",0,0,63,63/6,0.01,0.03,0.00,0.00,0.01,3.02,0.02,0.00,0.00,:0.00,:0.00,:0.00,2.98,PresenterEntityTransformSyncSystem:0.77,AnimatorRuntimeSystem:0.61,TerrainHeightSyncSystem:0.39,0.00,0,0,0,0,0,0.61,0.77,0.21,10009/0,0.00,0/0,0.39,10009,0.00,0.00/0.00/0.00/0.00,0.00/0.00/0.00,0.00/0.00/0.00/0.00/0.00/0.00,0.00/0.00/0.00/0.00/0.00,0.17,0.02,0.00,0.14,0.17,0.00,0.01,126,2,0,0.06,0.01,4/0,0.00,0,0,0,0,0.04,0.00,0.00,0.00,0,0.00,0.00,0,0,0/0,0.00,0,0,0.00,0,0,0.00,0,0,0.06,0.00,0,2,0,0.06,0.00,0.00,0.00,0.00,0.00,0.32,0.00,0,0.00,0,0,0/0/0,0.06,0.00,126,1,1,0,0,0,2026-09-09T18:31:21.6729588Z
3.32ms,300.9,0,63,30009,"mass_navigation_agent_health_text_light:8568,mass_navigation_agent_health_hud_light:8568,mass_navigation_agent_azure_light:2142,mass_navigation_agent_crimson_light:2142,mass_navigation_agent_amber_light:2142,mass_navigation_agent_emerald_light:2142,mass_navigation_agent_health_text_heavy:1432,mass_navigation_agent_health_hud_heavy:1432",0,0,63,63/6,0.01,0.03,0.00,0.00,0.01,3.02,0.02,0.00,0.00,:0.00,:0.00,:0.00,2.98,PresenterEntityTransformSyncSystem:0.77,AnimatorRuntimeSystem:0.66,TerrainHeightSyncSystem:0.42,0.00,0,0,0,0,0,0.66,0.77,0.18,10009/0,0.00,0/0,0.42,10009,0.00,0.00/0.00/0.00/0.00,0.00/0.00/0.00,0.00/0.00/0.00/0.00/0.00/0.00,0.00/0.00/0.00/0.00/0.00,0.17,0.02,0.00,0.14,0.17,0.00,0.01,126,2,0,0.06,0.01,4/0,0.00,0,0,0,0,0.04,0.00,0.00,0.00,0,0.00,0.00,0,0,0/0,0.00,0,0,0.00,0,0,0.00,0,0,0.05,0.00,0,2,0,0.05,0.00,0.00,0.00,0.00,0.00,0.33,0.00,0,0.00,0,0,0/0/0,0.05,0.00,126,1,1,0,0,0,2026-09-09T18:31:21.9358231Z
3.60ms,277.8,0,63,30009,"mass_navigation_agent_health_text_light:8568,mass_navigation_agent_health_hud_light:8568,mass_navigation_agent_azure_light:2142,mass_navigation_agent_crimson_light:2142,mass_navigation_agent_amber_light:2142,mass_navigation_agent_emerald_light:2142,mass_navigation_agent_health_text_heavy:1432,mass_navigation_agent_health_hud_heavy:1432",0,0,63,63/6,0.01,0.04,0.00,0.00,0.01,3.11,0.02,0.00,0.00,:0.00,:0.00,:0.00,3.07,PresenterEntityTransformSyncSystem:0.78,AnimatorRuntimeSystem:0.68,TerrainHeightSyncSystem:0.42,0.00,0,0,0,0,0,0.67,0.78,0.19,10009/0,0.00,0/0,0.42,10009,0.00,0.00/0.00/0.00/0.00,0.00/0.00/0.00,0.00/0.00/0.00/0.00/0.00/0.00,0.00/0.00/0.00/0.00/0.00,0.18,0.02,0.00,0.15,0.18,0.00,0.02,126,2,0,0.07,0.01,4/0,0.00,0,0,0,0,0.05,0.00,0.00,0.00,0,0.00,0.00,0,0,0/0,0.00,0,0,0.00,0,0,0.00,0,0,0.12,0.00,0,2,0,0.11,0.00,0.00,0.00,0.00,0.00,0.31,0.00,0,0.00,0,0,0/0/0,0.10,0.00,126,1,1,0,0,0,2026-09-09T18:31:22.2280367Z
8.46ms,118.2,0,63,30009,"mass_navigation_agent_health_text_light:8568,mass_navigation_agent_health_hud_light:8568,mass_navigation_agent_azure_light:2142,mass_navigation_agent_crimson_light:2142,mass_navigation_agent_amber_light:2142,mass_navigation_agent_emerald_light:2142,mass_navigation_agent_health_text_heavy:1432,mass_navigation_agent_health_hud_heavy:1432",0,0,63,63/6,0.01,0.03,0.00,0.00,0.01,7.95,0.03,0.00,4.07,EffectProcessingLoopSystem:1.75,MapEntityLifecycleObserverSystem:0.63,AttributeAggregatorSystem:0.61,3.84,PresenterEntityTransformSyncSystem:0.97,PresenterEmitSystem:0.62,AnimatorRuntimeSystem:0.52,0.21,0,158,158,0,0,0.52,0.97,0.22,10009/0,0.00,0/0,0.40,10009,0.00,0.00/0.00/0.00/0.00,0.00/0.00/0.00,0.00/0.00/0.00/0.00/0.00/0.00,0.00/0.00/0.00/0.00/0.00,0.19,0.03,0.00,0.15,0.19,0.00,0.02,126,2,0,0.06,0.01,4/0,0.00,0,0,0,0,0.04,0.00,0.00,0.00,0,0.00,0.00,0,0,0/0,0.00,0,0,0.00,0,0,0.00,0,0,0.12,0.00,0,2,0,0.12,0.00,0.00,0.00,0.00,0.00,0.62,0.00,0,0.28,314,0,314/0/0,0.09,0.00,126,1,1,0,0,0,2026-09-09T18:31:22.5045036Z
3.58ms,279.4,0,63,30009,"mass_navigation_agent_health_text_light:8568,mass_navigation_agent_health_hud_light:8568,mass_navigation_agent_azure_light:2142,mass_navigation_agent_crimson_light:2142,mass_navigation_agent_amber_light:2142,mass_navigation_agent_emerald_light:2142,mass_navigation_agent_health_text_heavy:1432,mass_navigation_agent_health_hud_heavy:1432",0,0,63,63/6,0.01,0.03,0.00,0.00,0.01,2.81,0.02,0.00,0.00,:0.00,:0.00,:0.00,2.77,PresenterEntityTransformSyncSystem:0.72,AnimatorRuntimeSystem:0.56,TerrainHeightSyncSystem:0.41,0.00,0,0,0,0,0,0.56,0.72,0.18,10009/0,0.00,0/0,0.41,10009,0.00,0.00/0.00/0.00/0.00,0.00/0.00/0.00,0.00/0.00/0.00/0.00/0.00/0.00,0.00/0.00/0.00/0.00/0.00,0.18,0.02,0.00,0.15,0.18,0.00,0.01,126,2,0,0.07,0.01,4/0,0.00,0,0,0,0,0.05,0.00,0.00,0.00,0,0.00,0.00,0,0,0/0,0.00,0,0,0.00,0,0,0.00,0,0,0.09,0.00,0,2,0,0.09,0.00,0.00,0.00,0.00,0.00,0.30,0.00,0,0.00,0,0,0/0/0,0.44,0.00,126,1,1,0,0,0,2026-09-09T18:31:22.7710393Z
3.49ms,286.4,0,63,30009,"mass_navigation_agent_health_text_light:8568,mass_navigation_agent_health_hud_light:8568,mass_navigation_agent_azure_light:2142,mass_navigation_agent_crimson_light:2142,mass_navigation_agent_amber_light:2142,mass_navigation_agent_emerald_light:2142,mass_navigation_agent_health_text_heavy:1432,mass_navigation_agent_health_hud_heavy:1432",0,0,63,63/6,0.01,0.04,0.00,0.00,0.01,3.06,0.02,0.00,0.00,:0.00,:0.00,:0.00,3.03,PresenterEntityTransformSyncSystem:0.83,AnimatorRuntimeSystem:0.60,TerrainHeightSyncSystem:0.43,0.00,0,0,0,0,0,0.60,0.83,0.19,10009/0,0.00,0/0,0.43,10009,0.00,0.00/0.00/0.00/0.00,0.00/0.00/0.00,0.00/0.00/0.00/0.00/0.00/0.00,0.00/0.00/0.00/0.00/0.00,0.16,0.02,0.00,0.14,0.16,0.00,0.01,126,2,0,0.07,0.01,4/0,0.00,0,0,0,0,0.05,0.00,0.00,0.00,0,0.00,0.00,0,0,0/0,0.00,0,0,0.00,0,0,0.00,0,0,0.10,0.00,0,2,0,0.09,0.00,0.00,0.00,0.00,0.00,0.31,0.00,0,0.00,0,0,0/0/0,0.09,0.00,126,1,1,0,0,0,2026-09-09T18:31:23.0564302Z
3.35ms,298.1,0,63,30009,"mass_navigation_agent_health_text_light:8568,mass_navigation_agent_health_hud_light:8568,mass_navigation_agent_azure_light:2142,mass_navigation_agent_crimson_light:2142,mass_navigation_agent_amber_light:2142,mass_navigation_agent_emerald_light:2142,mass_navigation_agent_health_text_heavy:1432,mass_navigation_agent_health_hud_heavy:1432",0,0,63,63/6,0.01,0.03,0.00,0.00,0.01,3.05,0.01,0.00,0.00,:0.00,:0.00,:0.00,3.02,PresenterEntityTransformSyncSystem:0.86,AnimatorRuntimeSystem:0.63,TerrainHeightSyncSystem:0.41,0.00,0,0,0,0,0,0.63,0.86,0.20,10009/0,0.00,0/0,0.41,10009,0.00,0.00/0.00/0.00/0.00,0.00/0.00/0.00,0.00/0.00/0.00/0.00/0.00/0.00,0.00/0.00/0.00/0.00/0.00,0.16,0.02,0.00,0.13,0.16,0.00,0.01,126,2,0,0.06,0.01,4/0,0.00,0,0,0,0,0.04,0.00,0.00,0.00,0,0.00,0.00,0,0,0/0,0.00,0,0,0.00,0,0,0.00,0,0,0.05,0.00,0,2,0,0.05,0.00,0.00,0.00,0.00,0.00,0.32,0.00,0,0.00,0,0,0/0/0,0.06,0.00,126,1,1,0,0,0,2026-09-09T18:31:23.3181317Z
3.49ms,286.4,0,63,30009,"mass_navigation_agent_health_text_light:8568,mass_navigation_agent_health_hud_light:8568,mass_navigation_agent_azure_light:2142,mass_navigation_agent_crimson_light:2142,mass_navigation_agent_amber_light:2142,mass_navigation_agent_emerald_light:2142,mass_navigation_agent_health_text_heavy:1432,mass_navigation_agent_health_hud_heavy:1432",0,0,63,63/6,0.01,0.03,0.00,0.00,0.01,3.20,0.01,0.00,0.00,:0.00,:0.00,:0.00,3.17,PresenterEntityTransformSyncSystem:0.86,AnimatorRuntimeSystem:0.58,TerrainHeightSyncSystem:0.40,0.00,0,0,0,0,0,0.58,0.86,0.18,10009/0,0.00,0/0,0.40,10009,0.00,0.00/0.00/0.00/0.00,0.00/0.00/0.00,0.00/0.00/0.00/0.00/0.00/0.00,0.00/0.00/0.00/0.00/0.00,0.17,0.02,0.00,0.15,0.17,0.00,0.01,126,2,0,0.06,0.01,4/0,0.00,0,0,0,0,0.04,0.00,0.00,0.00,0,0.00,0.00,0,0,0/0,0.00,0,0,0.00,0,0,0.00,0,0,0.06,0.00,0,2,0,0.06,0.00,0.00,0.00,0.00,0.00,0.40,0.00,0,0.00,0,0,0/0/0,0.06,0.00,126,1,1,0,0,0,2026-09-09T18:31:23.5773414Z
3.97ms,251.9,0,63,30009,"mass_navigation_agent_health_text_light:8568,mass_navigation_agent_health_hud_light:8568,mass_navigation_agent_azure_light:2142,mass_navigation_agent_crimson_light:2142,mass_navigation_agent_amber_light:2142,mass_navigation_agent_emerald_light:2142,mass_navigation_agent_health_text_heavy:1432,mass_navigation_agent_health_hud_heavy:1432",0,0,63,63/6,0.01,0.05,0.00,0.00,0.01,3.40,0.03,0.00,0.00,:0.00,:0.00,:0.00,3.36,PresenterEntityTransformSyncSystem:0.98,AnimatorRuntimeSystem:0.61,PresenterEmitSystem:0.44,0.00,0,0,0,0,0,0.61,0.98,0.20,10009/0,0.00,0/0,0.41,10009,0.00,0.00/0.00/0.00/0.00,0.00/0.00/0.00,0.00/0.00/0.00/0.00/0.00/0.00,0.00/0.00/0.00/0.00/0.00,0.20,0.02,0.00,0.17,0.19,0.00,0.02,126,2,0,0.10,0.01,4/0,0.00,0,0,0,0,0.07,0.00,0.00,0.00,0,0.00,0.00,0,0,0/0,0.00,0,0,0.00,0,0,0.00,0,0,0.13,0.00,0,2,0,0.13,0.00,0.00,0.00,0.00,0.00,0.44,0.00,0,0.00,0,0,0/0/0,0.11,0.00,126,1,1,0,0,0,2026-09-09T18:31:23.8777331Z
3.71ms,269.3,0,63,30009,"mass_navigation_agent_health_text_light:8568,mass_navigation_agent_health_hud_light:8568,mass_navigation_agent_azure_light:2142,mass_navigation_agent_crimson_light:2142,mass_navigation_agent_amber_light:2142,mass_navigation_agent_emerald_light:2142,mass_navigation_agent_health_text_heavy:1432,mass_navigation_agent_health_hud_heavy:1432",0,0,63,63/6,0.01,0.03,0.00,0.00,0.01,3.27,0.02,0.00,0.00,:0.00,:0.00,:0.00,3.23,PresenterEntityTransformSyncSystem:0.88,AnimatorRuntimeSystem:0.65,TerrainHeightSyncSystem:0.41,0.00,0,0,0,0,0,0.65,0.88,0.20,10009/0,0.00,0/0,0.41,10009,0.00,0.00/0.00/0.00/0.00,0.00/0.00/0.00,0.00/0.00/0.00/0.00/0.00/0.00,0.00/0.00/0.00/0.00/0.00,0.18,0.02,0.00,0.15,0.18,0.00,0.01,126,2,0,0.07,0.01,4/0,0.00,0,0,0,0,0.05,0.00,0.00,0.00,0,0.00,0.00,0,0,0/0,0.00,0,0,0.00,0,0,0.00,0,0,0.10,0.00,0,2,0,0.10,0.00,0.00,0.00,0.00,0.00,0.32,0.00,0,0.00,0,0,0/0/0,0.09,0.00,126,1,1,0,0,0,2026-09-09T18:31:24.1840068Z
3.43ms,291.7,0,63,30009,"mass_navigation_agent_health_text_light:8568,mass_navigation_agent_health_hud_light:8568,mass_navigation_agent_azure_light:2142,mass_navigation_agent_crimson_light:2142,mass_navigation_agent_amber_light:2142,mass_navigation_agent_emerald_light:2142,mass_navigation_agent_health_text_heavy:1432,mass_navigation_agent_health_hud_heavy:1432",0,0,63,63/6,0.01,0.03,0.00,0.00,0.01,3.01,0.02,0.00,0.00,:0.00,:0.00,:0.00,2.97,PresenterEntityTransformSyncSystem:0.76,AnimatorRuntimeSystem:0.63,TerrainHeightSyncSystem:0.42,0.00,0,0,0,0,0,0.63,0.76,0.21,10009/0,0.00,0/0,0.42,10009,0.00,0.00/0.00/0.00/0.00,0.00/0.00/0.00,0.00/0.00/0.00/0.00/0.00/0.00,0.00/0.00/0.00/0.00/0.00,0.17,0.02,0.00,0.14,0.17,0.00,0.01,126,2,0,0.07,0.01,4/0,0.00,0,0,0,0,0.05,0.00,0.00,0.00,0,0.00,0.00,0,0,0/0,0.00,0,0,0.00,0,0,0.00,0,0,0.09,0.00,0,2,0,0.09,0.00,0.00,0.00,0.00,0.00,0.31,0.00,0,0.00,0,0,0/0/0,0.09,0.00,126,1,1,0,0,0,2026-09-09T18:31:24.4778714Z
6.79ms,147.3,0,63,30009,"mass_navigation_agent_health_text_light:8568,mass_navigation_agent_health_hud_light:8568,mass_navigation_agent_azure_light:2142,mass_navigation_agent_crimson_light:2142,mass_navigation_agent_amber_light:2142,mass_navigation_agent_emerald_light:2142,mass_navigation_agent_health_text_heavy:1432,mass_navigation_agent_health_hud_heavy:1432",0,0,63,63/6,0.01,0.04,0.00,0.00,0.00,6.34,0.02,0.00,3.26,MassNavigationSimulationStepSystem:1.93,EffectProcessingLoopSystem:0.31,OrderBufferSystem:0.18,3.06,PresenterEntityTransformSyncSystem:0.86,AnimatorRuntimeSystem:0.56,TerrainHeightSyncSystem:0.41,0.00,0,0,0,0,0,0.56,0.86,0.21,10009/0,0.00,0/0,0.41,10009,0.00,0.00/0.00/0.00/0.00,0.00/0.00/0.00,0.00/0.00/0.00/0.00/0.00/0.00,0.00/0.00/0.00/0.00/0.00,0.21,0.03,0.00,0.18,0.21,0.00,0.02,126,2,0,0.07,0.01,4/0,0.00,0,0,0,0,0.05,0.00,0.00,0.00,0,0.00,0.00,0,0,0/0,0.00,0,0,0.00,0,0,0.00,0,0,0.10,0.00,0,2,0,0.10,0.00,0.00,0.00,0.00,0.00,0.31,0.00,0,0.00,0,0,0/0/0,0.10,0.00,126,1,1,0,0,0,2026-09-09T18:31:24.7405097Z
3.40ms,294.0,0,63,30009,"mass_navigation_agent_health_text_light:8568,mass_navigation_agent_health_hud_light:8568,mass_navigation_agent_azure_light:2142,mass_navigation_agent_crimson_light:2142,mass_navigation_agent_amber_light:2142,mass_navigation_agent_emerald_light:2142,mass_navigation_agent_health_text_heavy:1432,mass_navigation_agent_health_hud_heavy:1432",0,0,63,63/6,0.01,0.03,0.00,0.00,0.01,3.05,0.01,0.00,0.00,:0.00,:0.00,:0.00,3.02,PresenterEntityTransformSyncSystem:0.82,AnimatorRuntimeSystem:0.62,TerrainHeightSyncSystem:0.39,0.00,0,0,0,0,0,0.62,0.82,0.22,10009/0,0.00,0/0,0.39,10009,0.00,0.00/0.00/0.00/0.00,0.00/0.00/0.00,0.00/0.00/0.00/0.00/0.00/0.00,0.00/0.00/0.00/0.00/0.00,0.16,0.02,0.00,0.13,0.16,0.00,0.01,126,2,0,0.06,0.01,4/0,0.00,0,0,0,0,0.04,0.00,0.00,0.00,0,0.00,0.00,0,0,0/0,0.00,0,0,0.00,0,0,0.00,0,0,0.06,0.00,0,2,0,0.06,0.00,0.00,0.00,0.00,0.00,0.30,0.00,0,0.00,0,0,0/0/0,0.09,0.00,126,1,1,0,0,0,2026-09-09T18:31:25.0202513Z
3.87ms,258.4,0,63,30009,"mass_navigation_agent_health_text_light:8568,mass_navigation_agent_health_hud_light:8568,mass_navigation_agent_azure_light:2142,mass_navigation_agent_crimson_light:2142,mass_navigation_agent_amber_light:2142,mass_navigation_agent_emerald_light:2142,mass_navigation_agent_health_text_heavy:1432,mass_navigation_agent_health_hud_heavy:1432",0,0,63,63/6,0.01,0.04,0.00,0.00,0.01,3.39,0.02,0.00,0.00,:0.00,:0.00,:0.00,3.34,PresenterEntityTransformSyncSystem:0.86,AnimatorRuntimeSystem:0.63,TerrainHeightSyncSystem:0.59,0.00,0,0,0,0,0,0.63,0.86,0.19,10009/0,0.00,0/0,0.59,10009,0.00,0.00/0.00/0.00/0.00,0.00/0.00/0.00,0.00/0.00/0.00/0.00/0.00/0.00,0.00/0.00/0.00/0.00/0.00,0.18,0.03,0.00,0.15,0.18,0.00,0.01,126,2,0,0.07,0.01,4/0,0.00,0,0,0,0,0.05,0.00,0.00,0.00,0,0.00,0.00,0,0,0/0,0.00,0,0,0.00,0,0,0.00,0,0,0.11,0.00,0,2,0,0.10,0.00,0.00,0.00,0.00,0.00,0.33,0.00,0,0.00,0,0,0/0/0,0.09,0.00,126,1,1,0,0,0,2026-09-09T18:31:25.2822319Z
3.68ms,271.7,0,63,30009,"mass_navigation_agent_health_text_light:8568,mass_navigation_agent_health_hud_light:8568,mass_navigation_agent_azure_light:2142,mass_navigation_agent_crimson_light:2142,mass_navigation_agent_amber_light:2142,mass_navigation_agent_emerald_light:2142,mass_navigation_agent_health_text_heavy:1432,mass_navigation_agent_health_hud_heavy:1432",0,0,63,63/6,0.01,0.04,0.00,0.00,0.00,3.19,0.03,0.00,0.00,:0.00,:0.00,:0.00,3.17,PresenterEntityTransformSyncSystem:0.84,AnimatorRuntimeSystem:0.66,PresenterEmitSystem:0.44,0.00,0,0,0,0,0,0.66,0.84,0.21,10009/0,0.00,0/0,0.40,10009,0.00,0.00/0.00/0.00/0.00,0.00/0.00/0.00,0.00/0.00/0.00/0.00/0.00/0.00,0.00/0.00/0.00/0.00/0.00,0.16,0.02,0.00,0.14,0.16,0.00,0.02,126,2,0,0.07,0.01,4/0,0.00,0,0,0,0,0.05,0.00,0.00,0.00,0,0.00,0.00,0,0,0/0,0.00,0,0,0.00,0,0,0.00,0,0,0.10,0.00,0,2,0,0.10,0.00,0.00,0.00,0.00,0.00,0.44,0.00,0,0.00,0,0,0/0/0,0.09,0.00,126,1,1,0,0,0,2026-09-09T18:31:25.5697966Z
3.54ms,282.3,0,63,30009,"mass_navigation_agent_health_text_light:8568,mass_navigation_agent_health_hud_light:8568,mass_navigation_agent_azure_light:2142,mass_navigation_agent_crimson_light:2142,mass_navigation_agent_amber_light:2142,mass_navigation_agent_emerald_light:2142,mass_navigation_agent_health_text_heavy:1432,mass_navigation_agent_health_hud_heavy:1432",0,0,63,63/6,0.01,0.03,0.00,0.00,0.01,3.13,0.02,0.00,0.20,EffectProcessingLoopSystem:0.20,:0.00,:0.00,2.89,PresenterEntityTransformSyncSystem:0.76,AnimatorRuntimeSystem:0.64,TerrainHeightSyncSystem:0.37,0.00,0,0,0,0,0,0.64,0.76,0.20,10009/0,0.00,0/0,0.37,10009,0.00,0.00/0.00/0.00/0.00,0.00/0.00/0.00,0.00/0.00/0.00/0.00/0.00/0.00,0.00/0.00/0.00/0.00/0.00,0.16,0.02,0.00,0.13,0.16,0.00,0.01,126,2,0,0.06,0.01,4/0,0.00,0,0,0,0,0.04,0.00,0.00,0.00,0,0.00,0.00,0,0,0/0,0.00,0,0,0.00,0,0,0.00,0,0,0.09,0.00,0,2,0,0.08,0.00,0.00,0.00,0.00,0.00,0.31,0.00,0,0.00,0,0,0/0/0,0.10,0.00,126,1,1,0,0,0,2026-09-09T18:31:25.8431646Z
3.52ms,284.1,0,63,30009,"mass_navigation_agent_health_text_light:8568,mass_navigation_agent_health_hud_light:8568,mass_navigation_agent_azure_light:2142,mass_navigation_agent_crimson_light:2142,mass_navigation_agent_amber_light:2142,mass_navigation_agent_emerald_light:2142,mass_navigation_agent_health_text_heavy:1432,mass_navigation_agent_health_hud_heavy:1432",0,0,63,63/6,0.01,0.03,0.00,0.00,0.01,3.11,0.02,0.00,0.00,:0.00,:0.00,:0.00,3.08,PresenterEntityTransformSyncSystem:0.94,AnimatorRuntimeSystem:0.64,TerrainHeightSyncSystem:0.37,0.00,0,0,0,0,0,0.64,0.94,0.19,10009/0,0.00,0/0,0.37,10009,0.00,0.00/0.00/0.00/0.00,0.00/0.00/0.00,0.00/0.00/0.00/0.00/0.00/0.00,0.00/0.00/0.00/0.00/0.00,0.16,0.02,0.00,0.13,0.16,0.00,0.01,126,2,0,0.06,0.01,4/0,0.00,0,0,0,0,0.05,0.00,0.00,0.00,0,0.00,0.00,0,0,0/0,0.00,0,0,0.00,0,0,0.00,0,0,0.09,0.00,0,2,0,0.09,0.00,0.00,0.00,0.00,0.00,0.32,0.00,0,0.00,0,0,0/0/0,0.08,0.00,126,1,1,0,0,0,2026-09-09T18:31:26.1201600Z
3.61ms,277.1,0,63,30009,"mass_navigation_agent_health_text_light:8568,mass_navigation_agent_health_hud_light:8568,mass_navigation_agent_azure_light:2142,mass_navigation_agent_crimson_light:2142,mass_navigation_agent_amber_light:2142,mass_navigation_agent_emerald_light:2142,mass_navigation_agent_health_text_heavy:1432,mass_navigation_agent_health_hud_heavy:1432",0,0,63,63/6,0.01,0.04,0.00,0.00,0.01,3.17,0.02,0.00,0.00,:0.00,:0.00,:0.00,3.12,PresenterEntityTransformSyncSystem:0.91,AnimatorRuntimeSystem:0.56,TerrainHeightSyncSystem:0.40,0.00,0,0,0,0,0,0.56,0.90,0.20,10009/0,0.00,0/0,0.40,10009,0.00,0.00/0.00/0.00/0.00,0.00/0.00/0.00,0.00/0.00/0.00/0.00/0.00/0.00,0.00/0.00/0.00/0.00/0.00,0.19,0.03,0.00,0.16,0.19,0.00,0.01,126,2,0,0.07,0.01,4/0,0.00,0,0,0,0,0.05,0.00,0.00,0.00,0,0.00,0.00,0,0,0/0,0.00,0,0,0.00,0,0,0.00,0,0,0.10,0.00,0,2,0,0.10,0.00,0.00,0.00,0.00,0.00,0.32,0.00,0,0.00,0,0,0/0/0,0.08,0.00,126,1,1,0,0,0,2026-09-09T18:31:26.3827808Z
3.23ms,310.0,0,63,30009,"mass_navigation_agent_health_text_light:8568,mass_navigation_agent_health_hud_light:8568,mass_navigation_agent_azure_light:2142,mass_navigation_agent_crimson_light:2142,mass_navigation_agent_amber_light:2142,mass_navigation_agent_emerald_light:2142,mass_navigation_agent_health_text_heavy:1432,mass_navigation_agent_health_hud_heavy:1432",0,0,63,63/6,0.01,0.03,0.00,0.00,0.01,2.80,0.02,0.00,0.00,:0.00,:0.00,:0.00,2.74,PresenterEntityTransformSyncSystem:0.71,AnimatorRuntimeSystem:0.52,TerrainHeightSyncSystem:0.36,0.00,0,0,0,0,0,0.52,0.71,0.20,10009/0,0.00,0/0,0.36,10009,0.00,0.00/0.00/0.00/0.00,0.00/0.00/0.00,0.00/0.00/0.00/0.00/0.00/0.00,0.00/0.00/0.00/0.00/0.00,0.18,0.02,0.00,0.15,0.18,0.00,0.02,126,2,0,0.07,0.01,4/0,0.00,0,0,0,0,0.05,0.00,0.00,0.00,0,0.00,0.00,0,0,0/0,0.00,0,0,0.00,0,0,0.00,0,0,0.09,0.00,0,2,0,0.09,0.00,0.00,0.00,0.00,0.00,0.34,0.00,0,0.00,0,0,0/0/0,0.09,0.00,126,1,1,0,0,0,2026-09-09T18:31:26.6546386Z
3.54ms,282.8,0,63,30009,"mass_navigation_agent_health_text_light:8568,mass_navigation_agent_health_hud_light:8568,mass_navigation_agent_azure_light:2142,mass_navigation_agent_crimson_light:2142,mass_navigation_agent_amber_light:2142,mass_navigation_agent_emerald_light:2142,mass_navigation_agent_health_text_heavy:1432,mass_navigation_agent_health_hud_heavy:1432",0,0,63,63/6,0.01,0.03,0.00,0.00,0.01,3.17,0.02,0.00,0.00,:0.00,:0.00,:0.00,3.13,PresenterEntityTransformSyncSystem:0.96,AnimatorRuntimeSystem:0.60,TerrainHeightSyncSystem:0.41,0.00,0,0,0,0,0,0.60,0.96,0.18,10009/0,0.00,0/0,0.41,10009,0.00,0.00/0.00/0.00/0.00,0.00/0.00/0.00,0.00/0.00/0.00/0.00/0.00/0.00,0.00/0.00/0.00/0.00/0.00,0.19,0.02,0.03,0.14,0.19,0.00,0.01,126,2,0,0.06,0.01,4/0,0.00,0,0,0,0,0.04,0.00,0.00,0.00,0,0.00,0.00,0,0,0/0,0.00,0,0,0.00,0,0,0.00,0,0,0.08,0.00,0,2,0,0.08,0.00,0.00,0.00,0.00,0.00,0.31,0.00,0,0.00,0,0,0/0/0,0.08,0.00,126,1,1,0,0,0,2026-09-09T18:31:26.9205287Z
14.32ms,69.9,0,63,30009,"mass_navigation_agent_health_text_light:8568,mass_navigation_agent_health_hud_light:8568,mass_navigation_agent_azure_light:2142,mass_navigation_agent_crimson_light:2142,mass_navigation_agent_amber_light:2142,mass_navigation_agent_emerald_light:2142,mass_navigation_agent_health_text_heavy:1432,mass_navigation_agent_health_hud_heavy:1432",0,0,63,63/6,0.01,0.03,0.00,0.00,0.01,13.83,0.03,0.00,10.69,MassNavigationSimulationStepSystem:9.25,EffectProcessingLoopSystem:0.31,OrderBufferSystem:0.25,3.11,PresenterEntityTransformSyncSystem:0.87,AnimatorRuntimeSystem:0.53,TerrainHeightSyncSystem:0.43,0.00,0,0,0,0,0,0.53,0.87,0.21,10009/0,0.00,0/0,0.43,10009,0.00,0.00/0.00/0.00/0.00,0.00/0.00/0.00,0.00/0.00/0.00/0.00/0.00/0.00,0.00/0.00/0.00/0.00/0.00,0.20,0.03,0.00,0.16,0.20,0.00,0.02,126,2,0,0.07,0.01,4/0,0.00,0,0,0,0,0.05,0.00,0.00,0.00,0,0.00,0.00,0,0,0/0,0.00,0,0,0.00,0,0,0.00,0,0,0.12,0.00,0,2,0,0.12,0.00,0.00,0.00,0.00,0.00,0.34,0.00,0,0.00,0,0,0/0/0,0.10,0.00,126,1,1,0,0,0,2026-09-09T18:31:27.2003914Z
3.68ms,271.5,0,63,30009,"mass_navigation_agent_health_text_light:8568,mass_navigation_agent_health_hud_light:8568,mass_navigation_agent_azure_light:2142,mass_navigation_agent_crimson_light:2142,mass_navigation_agent_amber_light:2142,mass_navigation_agent_emerald_light:2142,mass_navigation_agent_health_text_heavy:1432,mass_navigation_agent_health_hud_heavy:1432",0,0,63,63/6,0.01,0.04,0.00,0.00,0.01,3.14,0.02,0.00,0.00,:0.00,:0.00,:0.00,3.11,PresenterEntityTransformSyncSystem:0.78,AnimatorRuntimeSystem:0.61,PresenterEmitSystem:0.44,0.00,0,0,0,0,0,0.61,0.78,0.23,10009/0,0.00,0/0,0.39,10009,0.00,0.00/0.00/0.00/0.00,0.00/0.00/0.00,0.00/0.00/0.00/0.00/0.00/0.00,0.00/0.00/0.00/0.00/0.00,0.16,0.02,0.00,0.14,0.16,0.00,0.02,126,2,0,0.09,0.01,4/0,0.00,0,0,0,0,0.06,0.00,0.00,0.00,0,0.00,0.00,0,0,0/0,0.00,0,0,0.00,0,0,0.00,0,0,0.11,0.00,0,2,0,0.11,0.00,0.00,0.00,0.00,0.00,0.44,0.00,0,0.00,0,0,0/0/0,0.13,0.00,126,1,1,0,0,0,2026-09-09T18:31:27.4687353Z
4.14ms,241.7,0,63,30009,"mass_navigation_agent_health_text_light:8568,mass_navigation_agent_health_hud_light:8568,mass_navigation_agent_azure_light:2142,mass_navigation_agent_crimson_light:2142,mass_navigation_agent_amber_light:2142,mass_navigation_agent_emerald_light:2142,mass_navigation_agent_health_text_heavy:1432,mass_navigation_agent_health_hud_heavy:1432",0,0,63,63/6,0.01,0.05,0.00,0.00,0.01,3.54,0.04,0.00,0.00,:0.00,:0.00,:0.00,3.50,PresenterEntityTransformSyncSystem:0.95,AnimatorRuntimeSystem:0.61,PresenterEmitSystem:0.56,0.00,0,0,0,0,0,0.61,0.95,0.25,10009/0,0.00,0/0,0.39,10009,0.00,0.00/0.00/0.00/0.00,0.00/0.00/0.00,0.00/0.00/0.00/0.00/0.00/0.00,0.00/0.00/0.00/0.00/0.00,0.24,0.03,0.00,0.21,0.24,0.00,0.03,126,2,0,0.10,0.01,4/0,0.00,0,0,0,0,0.07,0.00,0.00,0.00,0,0.00,0.00,0,0,0/0,0.00,0,0,0.00,0,0,0.00,0,0,0.13,0.00,0,2,0,0.13,0.00,0.00,0.00,0.00,0.00,0.56,0.00,0,0.00,0,0,0/0/0,0.12,0.00,126,1,1,0,0,0,2026-09-09T18:31:27.7317511Z
3.72ms,268.6,0,63,30009,"mass_navigation_agent_health_text_light:8568,mass_navigation_agent_health_hud_light:8568,mass_navigation_agent_azure_light:2142,mass_navigation_agent_crimson_light:2142,mass_navigation_agent_amber_light:2142,mass_navigation_agent_emerald_light:2142,mass_navigation_agent_health_text_heavy:1432,mass_navigation_agent_health_hud_heavy:1432",0,0,63,63/6,0.01,0.04,0.00,0.00,0.01,3.24,0.03,0.00,0.00,:0.00,:0.00,:0.00,3.20,PresenterEntityTransformSyncSystem:0.92,AnimatorRuntimeSystem:0.60,TerrainHeightSyncSystem:0.36,0.00,0,0,0,0,0,0.60,0.92,0.23,10009/0,0.00,0/0,0.36,10009,0.00,0.00/0.00/0.00/0.00,0.00/0.00/0.00,0.00/0.00/0.00/0.00/0.00/0.00,0.00/0.00/0.00/0.00/0.00,0.25,0.03,0.00,0.21,0.25,0.00,0.02,126,2,0,0.07,0.01,4/0,0.00,0,0,0,0,0.05,0.00,0.00,0.00,0,0.00,0.00,0,0,0/0,0.00,0,0,0.00,0,0,0.00,0,0,0.11,0.00,0,2,0,0.11,0.00,0.00,0.00,0.00,0.00,0.35,0.00,0,0.00,0,0,0/0/0,0.10,0.00,126,1,1,0,0,0,2026-09-09T18:31:28.0181377Z
3.48ms,287.4,0,63,30009,"mass_navigation_agent_health_text_light:8568,mass_navigation_agent_health_hud_light:8568,mass_navigation_agent_azure_light:2142,mass_navigation_agent_crimson_light:2142,mass_navigation_agent_amber_light:2142,mass_navigation_agent_emerald_light:2142,mass_navigation_agent_health_text_heavy:1432,mass_navigation_agent_health_hud_heavy:1432",0,0,63,63/6,0.01,0.04,0.00,0.00,0.01,3.03,0.02,0.00,0.00,:0.00,:0.00,:0.00,2.99,PresenterEntityTransformSyncSystem:0.79,AnimatorRuntimeSystem:0.62,TerrainHeightSyncSystem:0.37,0.00,0,0,0,0,0,0.62,0.79,0.20,10009/0,0.00,0/0,0.37,10009,0.00,0.00/0.00/0.00/0.00,0.00/0.00/0.00,0.00/0.00/0.00/0.00/0.00/0.00,0.00/0.00/0.00/0.00/0.00,0.16,0.02,0.00,0.13,0.16,0.00,0.01,126,2,0,0.07,0.01,4/0,0.00,0,0,0,0,0.05,0.00,0.00,0.00,0,0.00,0.00,0,0,0/0,0.00,0,0,0.00,0,0,0.00,0,0,0.10,0.00,0,2,0,0.10,0.00,0.00,0.00,0.00,0.00,0.36,0.00,0,0.00,0,0,0/0/0,0.08,0.00,126,1,1,0,0,0,2026-09-09T18:31:28.2801566Z
3.90ms,256.3,0,63,30009,"mass_navigation_agent_health_text_light:8568,mass_navigation_agent_health_hud_light:8568,mass_navigation_agent_azure_light:2142,mass_navigation_agent_crimson_light:2142,mass_navigation_agent_amber_light:2142,mass_navigation_agent_emerald_light:2142,mass_navigation_agent_health_text_heavy:1432,mass_navigation_agent_health_hud_heavy:1432",0,0,63,63/6,0.01,0.05,0.00,0.00,0.01,3.34,0.03,0.00,0.00,:0.00,:0.00,:0.00,3.30,PresenterEntityTransformSyncSystem:0.88,AnimatorRuntimeSystem:0.60,PresenterEmitSystem:0.49,0.00,0,0,0,0,0,0.60,0.88,0.20,10009/0,0.00,0/0,0.41,10009,0.00,0.00/0.00/0.00/0.00,0.00/0.00/0.00,0.00/0.00/0.00/0.00/0.00/0.00,0.00/0.00/0.00/0.00/0.00,0.19,0.02,0.00,0.14,0.19,0.00,0.02,126,2,0,0.10,0.02,4/0,0.00,0,0,0,0,0.07,0.00,0.00,0.00,0,0.00,0.00,0,0,0/0,0.00,0,0,0.00,0,0,0.00,0,0,0.12,0.00,0,2,0,0.12,0.00,0.00,0.00,0.00,0.00,0.48,0.00,0,0.00,0,0,0/0/0,0.11,0.00,126,1,1,0,0,0,2026-09-09T18:31:28.5644643Z
5.05ms,198.2,0,63,30009,"mass_navigation_agent_health_text_light:8568,mass_navigation_agent_health_hud_light:8568,mass_navigation_agent_azure_light:2142,mass_navigation_agent_crimson_light:2142,mass_navigation_agent_amber_light:2142,mass_navigation_agent_emerald_light:2142,mass_navigation_agent_health_text_heavy:1432,mass_navigation_agent_health_hud_heavy:1432",0,0,63,63/6,0.01,0.04,0.00,0.00,0.01,4.57,0.02,0.00,1.38,EffectProcessingLoopSystem:0.29,OrderBufferSystem:0.24,SpatialPartitionUpdateSystem:0.16,3.15,PresenterEntityTransformSyncSystem:0.95,AnimatorRuntimeSystem:0.62,TerrainHeightSyncSystem:0.38,0.00,0,0,0,0,0,0.62,0.94,0.22,10009/0,0.00,0/0,0.38,10009,0.00,0.00/0.00/0.00/0.00,0.00/0.00/0.00,0.00/0.00/0.00/0.00/0.00/0.00,0.00/0.00/0.00/0.00/0.00,0.17,0.02,0.00,0.14,0.17,0.00,0.02,126,2,0,0.07,0.01,4/0,0.00,0,0,0,0,0.05,0.00,0.00,0.00,0,0.00,0.00,0,0,0/0,0.00,0,0,0.00,0,0,0.00,0,0,0.11,0.00,0,2,0,0.11,0.00,0.00,0.00,0.00,0.00,0.32,0.00,0,0.00,0,0,0/0/0,0.10,0.00,126,1,1,0,0,0,2026-09-09T18:31:28.8379108Z
3.77ms,265.0,0,63,30009,"mass_navigation_agent_health_text_light:8568,mass_navigation_agent_health_hud_light:8568,mass_navigation_agent_azure_light:2142,mass_navigation_agent_crimson_light:2142,mass_navigation_agent_amber_light:2142,mass_navigation_agent_emerald_light:2142,mass_navigation_agent_health_text_heavy:1432,mass_navigation_agent_health_hud_heavy:1432",0,0,63,63/6,0.01,0.03,0.00,0.00,0.01,3.31,0.02,0.00,0.00,:0.00,:0.00,:0.00,3.26,PresenterEntityTransformSyncSystem:0.90,AnimatorRuntimeSystem:0.63,TerrainHeightSyncSystem:0.42,0.00,0,0,0,0,0,0.63,0.90,0.21,10009/0,0.00,0/0,0.42,10009,0.00,0.00/0.00/0.00/0.00,0.00/0.00/0.00,0.00/0.00/0.00/0.00/0.00/0.00,0.00/0.00/0.00/0.00/0.00,0.19,0.03,0.00,0.16,0.19,0.00,0.02,126,2,0,0.07,0.01,4/0,0.00,0,0,0,0,0.05,0.00,0.00,0.00,0,0.00,0.00,0,0,0/0,0.00,0,0,0.00,0,0,0.00,0,0,0.10,0.00,0,2,0,0.10,0.00,0.00,0.00,0.00,0.00,0.33,0.00,0,0.00,0,0,0/0/0,0.11,0.00,126,1,1,0,0,0,2026-09-09T18:31:29.1224176Z
10.98ms,91.1,0,63,30009,"mass_navigation_agent_health_text_light:8568,mass_navigation_agent_health_hud_light:8568,mass_navigation_agent_azure_light:2142,mass_navigation_agent_crimson_light:2142,mass_navigation_agent_amber_light:2142,mass_navigation_agent_emerald_light:2142,mass_navigation_agent_health_text_heavy:1432,mass_navigation_agent_health_hud_heavy:1432",0,0,63,63/6,0.01,0.26,0.00,0.00,0.02,10.00,0.04,0.00,4.84,EffectProcessingLoopSystem:2.18,MassNavigationAuthoredAgentBindingSystem:0.72,AttributeAggregatorSystem:0.68,5.10,PresenterEntityTransformSyncSystem:1.61,PresenterEmitSystem:0.71,AnimatorRuntimeSystem:0.65,0.28,0,173,173,0,0,0.65,1.61,0.22,10009/0,0.00,0/0,0.41,10009,0.00,0.00/0.00/0.00/0.00,0.00/0.00/0.00,0.00/0.00/0.00/0.00/0.00/0.00,0.00/0.00/0.00/0.00/0.00,0.29,0.04,0.00,0.24,0.29,0.00,0.03,126,2,0,0.32,0.02,4/0,0.00,0,0,0,0,0.28,0.00,0.00,0.00,0,0.00,0.00,0,0,0/0,0.00,0,0,0.00,0,0,0.00,0,0,0.21,0.00,0,2,0,0.21,0.00,0.00,0.00,0.00,0.00,0.71,0.00,0,0.33,344,0,344/0/0,0.14,0.00,126,1,1,0,0,0,2026-09-09T18:31:29.5092095Z
14.55ms,68.7,0,63,30009,"mass_navigation_agent_health_text_light:8568,mass_navigation_agent_health_hud_light:8568,mass_navigation_agent_azure_light:2142,mass_navigation_agent_crimson_light:2142,mass_navigation_agent_amber_light:2142,mass_navigation_agent_emerald_light:2142,mass_navigation_agent_health_text_heavy:1432,mass_navigation_agent_health_hud_heavy:1432",0,0,63,63/6,0.01,0.07,0.00,0.00,0.04,13.34,0.07,0.00,4.67,MapEntityLifecycleObserverSystem:1.24,MassNavigationAuthoredAgentBindingSystem:1.17,AttributeAggregatorSystem:1.05,8.55,PresenterEntityTransformSyncSystem:3.38,PresenterEmitSystem:1.06,AnimatorRuntimeSystem:0.82,0.47,0,171,171,0,0,0.82,3.38,0.31,10009/0,0.00,0/0,0.76,10009,0.00,0.00/0.00/0.00/0.00,0.00/0.00/0.00,0.00/0.00/0.00/0.00/0.00/0.00,0.00/0.00/0.00/0.00/0.00,0.45,0.06,0.01,0.37,0.45,0.00,0.04,126,2,0,0.17,0.03,4/0,0.00,0,0,0,0,0.11,0.00,0.00,0.01,0,0.00,0.00,0,0,0/0,0.00,0,0,0.00,0,0,0.00,0,0,0.29,0.00,0,2,0,0.28,0.00,0.00,0.00,0.00,0.00,1.06,0.00,0,0.47,340,0,340/0/0,0.27,0.00,126,1,1,0,0,0,2026-09-09T18:31:30.1746636Z
5.24ms,190.8,0,63,30009,"mass_navigation_agent_health_text_light:8568,mass_navigation_agent_health_hud_light:8568,mass_navigation_agent_azure_light:2142,mass_navigation_agent_crimson_light:2142,mass_navigation_agent_amber_light:2142,mass_navigation_agent_emerald_light:2142,mass_navigation_agent_health_text_heavy:1432,mass_navigation_agent_health_hud_heavy:1432",0,0,63,63/6,0.01,0.04,0.00,0.00,0.02,4.56,0.04,0.00,0.00,:0.00,:0.00,:0.00,4.48,PresenterEntityTransformSyncSystem:1.32,AnimatorRuntimeSystem:0.95,TerrainHeightSyncSystem:0.51,0.01,0,0,0,0,0,0.95,1.32,0.31,10009/0,0.00,0/0,0.51,10009,0.00,0.00/0.00/0.00/0.00,0.00/0.00/0.00,0.00/0.00/0.00/0.00/0.00/0.00,0.00/0.00/0.00/0.00/0.00,0.27,0.04,0.00,0.22,0.27,0.00,0.03,126,2,0,0.09,0.01,4/0,0.00,0,0,0,0,0.06,0.00,0.00,0.00,0,0.00,0.00,0,0,0/0,0.00,0,0,0.00,0,0,0.00,0,0,0.17,0.00,0,2,0,0.17,0.00,0.00,0.00,0.00,0.00,0.41,0.00,0,0.00,0,0,0/0/0,0.13,0.00,126,1,1,0,0,0,2026-09-09T18:31:30.6334728Z
3.33ms,300.1,0,63,30009,"mass_navigation_agent_health_text_light:8568,mass_navigation_agent_health_hud_light:8568,mass_navigation_agent_azure_light:2142,mass_navigation_agent_crimson_light:2142,mass_navigation_agent_amber_light:2142,mass_navigation_agent_emerald_light:2142,mass_navigation_agent_health_text_heavy:1432,mass_navigation_agent_health_hud_heavy:1432",0,0,63,63/6,0.01,0.03,0.00,0.00,0.01,2.91,0.02,0.00,0.00,:0.00,:0.00,:0.00,2.86,PresenterEntityTransformSyncSystem:0.82,AnimatorRuntimeSystem:0.56,TerrainHeightSyncSystem:0.40,0.00,0,0,0,0,0,0.56,0.82,0.18,10009/0,0.00,0/0,0.40,10009,0.00,0.00/0.00/0.00/0.00,0.00/0.00/0.00,0.00/0.00/0.00/0.00/0.00/0.00,0.00/0.00/0.00/0.00/0.00,0.16,0.02,0.00,0.13,0.16,0.00,0.01,126,2,0,0.07,0.01,4/0,0.00,0,0,0,0,0.05,0.00,0.00,0.00,0,0.00,0.00,0,0,0/0,0.00,0,0,0.00,0,0,0.00,0,0,0.09,0.00,0,2,0,0.09,0.00,0.00,0.00,0.00,0.00,0.30,0.00,0,0.00,0,0,0/0/0,0.09,0.00,126,1,1,0,0,0,2026-09-09T18:31:30.9198624Z
3.91ms,255.5,0,63,30009,"mass_navigation_agent_health_text_light:8568,mass_navigation_agent_health_hud_light:8568,mass_navigation_agent_azure_light:2142,mass_navigation_agent_crimson_light:2142,mass_navigation_agent_amber_light:2142,mass_navigation_agent_emerald_light:2142,mass_navigation_agent_health_text_heavy:1432,mass_navigation_agent_health_hud_heavy:1432",0,0,63,63/6,0.02,0.04,0.00,0.00,0.02,3.39,0.05,0.00,0.00,:0.00,:0.00,:0.00,3.33,PresenterEntityTransformSyncSystem:0.97,AnimatorRuntimeSystem:0.64,TerrainHeightSyncSystem:0.41,0.00,0,0,0,0,0,0.64,0.97,0.21,10009/0,0.00,0/0,0.41,10009,0.00,0.00/0.00/0.00/0.00,0.00/0.00/0.00,0.00/0.00/0.00/0.00/0.00/0.00,0.00/0.00/0.00/0.00/0.00,0.19,0.03,0.00,0.16,0.19,0.00,0.04,126,2,0,0.07,0.01,4/0,0.00,0,0,0,0,0.05,0.00,0.00,0.00,0,0.00,0.00,0,0,0/0,0.00,0,0,0.00,0,0,0.00,0,0,0.12,0.00,0,2,0,0.11,0.00,0.00,0.00,0.00,0.00,0.34,0.00,0,0.00,0,0,0/0/0,0.09,0.00,126,1,1,0,0,0,2026-09-09T18:31:31.2170395Z
3.42ms,292.1,0,63,30009,"mass_navigation_agent_health_text_light:8568,mass_navigation_agent_health_hud_light:8568,mass_navigation_agent_azure_light:2142,mass_navigation_agent_crimson_light:2142,mass_navigation_agent_amber_light:2142,mass_navigation_agent_emerald_light:2142,mass_navigation_agent_health_text_heavy:1432,mass_navigation_agent_health_hud_heavy:1432",0,0,63,63/6,0.01,0.04,0.00,0.00,0.01,2.99,0.02,0.00,0.00,:0.00,:0.00,:0.00,2.95,PresenterEntityTransformSyncSystem:0.77,AnimatorRuntimeSystem:0.64,TerrainHeightSyncSystem:0.40,0.00,0,0,0,0,0,0.64,0.77,0.19,10009/0,0.00,0/0,0.40,10009,0.00,0.00/0.00/0.00/0.00,0.00/0.00/0.00,0.00/0.00/0.00/0.00/0.00/0.00,0.00/0.00/0.00/0.00/0.00,0.18,0.02,0.00,0.15,0.18,0.00,0.01,126,2,0,0.07,0.01,4/0,0.00,0,0,0,0,0.05,0.00,0.00,0.00,0,0.00,0.00,0,0,0/0,0.00,0,0,0.00,0,0,0.00,0,0,0.10,0.00,0,2,0,0.10,0.00,0.00,0.00,0.00,0.00,0.31,0.00,0,0.00,0,0,0/0/0,0.09,0.00,126,1,1,0,0,0,2026-09-09T18:31:31.5120484Z
4.01ms,249.7,0,63,30009,"mass_navigation_agent_health_text_light:8568,mass_navigation_agent_health_hud_light:8568,mass_navigation_agent_azure_light:2142,mass_navigation_agent_crimson_light:2142,mass_navigation_agent_amber_light:2142,mass_navigation_agent_emerald_light:2142,mass_navigation_agent_health_text_heavy:1432,mass_navigation_agent_health_hud_heavy:1432",0,0,63,63/6,0.01,0.03,0.00,0.00,0.02,3.50,0.03,0.00,0.00,:0.00,:0.00,:0.00,3.44,PresenterEntityTransformSyncSystem:0.95,AnimatorRuntimeSystem:0.65,TerrainHeightSyncSystem:0.45,0.00,0,0,0,0,0,0.65,0.95,0.21,10009/0,0.00,0/0,0.45,10009,0.00,0.00/0.00/0.00/0.00,0.00/0.00/0.00,0.00/0.00/0.00/0.00/0.00/0.00,0.00/0.00/0.00/0.00/0.00,0.23,0.03,0.00,0.19,0.23,0.00,0.02,126,2,0,0.07,0.01,4/0,0.00,0,0,0,0,0.05,0.00,0.00,0.00,0,0.00,0.00,0,0,0/0,0.00,0,0,0.00,0,0,0.00,0,0,0.15,0.00,0,2,0,0.15,0.00,0.00,0.00,0.00,0.00,0.35,0.00,0,0.00,0,0,0/0/0,0.08,0.00,126,1,1,0,0,0,2026-09-09T18:31:31.8308869Z
3.90ms,256.2,0,63,30009,"mass_navigation_agent_health_text_light:8568,mass_navigation_agent_health_hud_light:8568,mass_navigation_agent_azure_light:2142,mass_navigation_agent_crimson_light:2142,mass_navigation_agent_amber_light:2142,mass_navigation_agent_emerald_light:2142,mass_navigation_agent_health_text_heavy:1432,mass_navigation_agent_health_hud_heavy:1432",0,0,63,63/6,0.00,0.03,0.00,0.00,0.02,3.55,0.02,0.00,0.00,:0.00,:0.00,:0.00,3.48,PresenterEntityTransformSyncSystem:0.99,AnimatorRuntimeSystem:0.68,TerrainHeightSyncSystem:0.47,0.00,0,0,0,0,0,0.68,0.99,0.18,10009/0,0.00,0/0,0.47,10009,0.00,0.00/0.00/0.00/0.00,0.00/0.00/0.00,0.00/0.00/0.00/0.00/0.00/0.00,0.00/0.00/0.00/0.00/0.00,0.21,0.03,0.00,0.17,0.21,0.00,0.02,126,2,0,0.06,0.01,4/0,0.00,0,0,0,0,0.04,0.00,0.00,0.00,0,0.00,0.00,0,0,0/0,0.00,0,0,0.00,0,0,0.00,0,0,0.07,0.00,0,2,0,0.07,0.00,0.00,0.00,0.00,0.00,0.37,0.00,0,0.00,0,0,0/0/0,0.06,0.00,126,1,1,0,0,0,2026-09-09T18:31:32.1814790Z
11.31ms,88.5,0,63,30009,"mass_navigation_agent_health_text_light:8568,mass_navigation_agent_health_hud_light:8568,mass_navigation_agent_azure_light:2142,mass_navigation_agent_crimson_light:2142,mass_navigation_agent_amber_light:2142,mass_navigation_agent_emerald_light:2142,mass_navigation_agent_health_text_heavy:1432,mass_navigation_agent_health_hud_heavy:1432",0,0,63,63/6,0.01,0.05,0.00,0.00,0.03,10.37,0.05,0.00,3.81,AttributeAggregatorSystem:1.24,MassNavigationAuthoredAgentBindingSystem:0.97,MapEntityLifecycleObserverSystem:0.84,6.46,PresenterEntityTransformSyncSystem:2.41,PresenterEmitSystem:0.76,AnimatorRuntimeSystem:0.73,0.31,0,158,158,0,0,0.73,2.40,0.26,10009/0,0.00,0/0,0.51,10009,0.00,0.00/0.00/0.00/0.00,0.00/0.00/0.00,0.00/0.00/0.00/0.00/0.00/0.00,0.00/0.00/0.00/0.00/0.00,0.30,0.05,0.00,0.24,0.30,0.00,0.03,126,2,0,0.10,0.02,4/0,0.00,0,0,0,0,0.06,0.00,0.00,0.00,0,0.00,0.00,0,0,0/0,0.00,0,0,0.00,0,0,0.00,0,0,0.26,0.00,0,2,0,0.25,0.00,0.00,0.00,0.00,0.00,0.76,0.00,0,0.30,314,0,314/0/0,0.20,0.00,126,1,1,0,0,0,2026-09-09T18:31:32.5698860Z
3.52ms,284.2,0,63,30009,"mass_navigation_agent_health_text_light:8568,mass_navigation_agent_health_hud_light:8568,mass_navigation_agent_azure_light:2142,mass_navigation_agent_crimson_light:2142,mass_navigation_agent_amber_light:2142,mass_navigation_agent_emerald_light:2142,mass_navigation_agent_health_text_heavy:1432,mass_navigation_agent_health_hud_heavy:1432",0,0,63,63/6,0.01,0.03,0.00,0.00,0.01,3.12,0.02,0.00,0.00,:0.00,:0.00,:0.00,3.08,PresenterEntityTransformSyncSystem:0.84,AnimatorRuntimeSystem:0.64,TerrainHeightSyncSystem:0.42,0.00,0,0,0,0,0,0.64,0.84,0.21,10009/0,0.00,0/0,0.42,10009,0.00,0.00/0.00/0.00/0.00,0.00/0.00/0.00,0.00/0.00/0.00/0.00/0.00/0.00,0.00/0.00/0.00/0.00/0.00,0.18,0.02,0.00,0.15,0.17,0.00,0.01,126,2,0,0.07,0.01,4/0,0.00,0,0,0,0,0.05,0.00,0.00,0.00,0,0.00,0.00,0,0,0/0,0.00,0,0,0.00,0,0,0.00,0,0,0.09,0.00,0,2,0,0.09,0.00,0.00,0.00,0.00,0.00,0.31,0.00,0,0.00,0,0,0/0/0,0.08,0.00,126,1,1,0,0,0,2026-09-09T18:31:32.9296869Z
9.01ms,111.0,0,63,30009,"mass_navigation_agent_health_text_light:8568,mass_navigation_agent_health_hud_light:8568,mass_navigation_agent_azure_light:2142,mass_navigation_agent_crimson_light:2142,mass_navigation_agent_amber_light:2142,mass_navigation_agent_emerald_light:2142,mass_navigation_agent_health_text_heavy:1432,mass_navigation_agent_health_hud_heavy:1432",0,0,63,63/6,0.01,0.03,0.00,0.00,0.01,8.47,0.03,0.00,4.36,EffectProcessingLoopSystem:2.01,AttributeAggregatorSystem:0.65,MapEntityLifecycleObserverSystem:0.63,4.06,PresenterEntityTransformSyncSystem:0.96,PresenterEmitSystem:0.63,AnimatorRuntimeSystem:0.59,0.24,0,163,163,0,0,0.59,0.96,0.26,10009/0,0.00,0/0,0.40,10009,0.00,0.00/0.00/0.00/0.00,0.00/0.00/0.00,0.00/0.00/0.00/0.00/0.00/0.00,0.00/0.00/0.00/0.00/0.00,0.19,0.03,0.00,0.16,0.19,0.00,0.02,126,2,0,0.07,0.01,4/0,0.00,0,0,0,0,0.05,0.00,0.00,0.00,0,0.00,0.00,0,0,0/0,0.00,0,0,0.00,0,0,0.00,0,0,0.14,0.00,0,2,0,0.14,0.00,0.00,0.00,0.00,0.00,0.63,0.00,0,0.29,324,0,324/0/0,0.11,0.00,126,1,1,0,0,0,2026-09-09T18:31:33.2515967Z
3.37ms,296.4,0,63,30009,"mass_navigation_agent_health_text_light:8568,mass_navigation_agent_health_hud_light:8568,mass_navigation_agent_azure_light:2142,mass_navigation_agent_crimson_light:2142,mass_navigation_agent_amber_light:2142,mass_navigation_agent_emerald_light:2142,mass_navigation_agent_health_text_heavy:1432,mass_navigation_agent_health_hud_heavy:1432",0,0,63,63/6,0.01,0.03,0.00,0.00,0.01,2.92,0.02,0.00,0.00,:0.00,:0.00,:0.00,2.88,PresenterEntityTransformSyncSystem:0.75,AnimatorRuntimeSystem:0.57,TerrainHeightSyncSystem:0.41,0.00,0,0,0,0,0,0.57,0.75,0.19,10009/0,0.00,0/0,0.41,10009,0.00,0.00/0.00/0.00/0.00,0.00/0.00/0.00,0.00/0.00/0.00/0.00/0.00/0.00,0.00/0.00/0.00/0.00/0.00,0.19,0.02,0.00,0.17,0.19,0.00,0.01,126,2,0,0.06,0.01,4/0,0.00,0,0,0,0,0.04,0.00,0.00,0.00,0,0.00,0.00,0,0,0/0,0.00,0,0,0.00,0,0,0.00,0,0,0.15,0.00,0,2,0,0.15,0.00,0.00,0.00,0.00,0.00,0.30,0.00,0,0.00,0,0,0/0/0,0.08,0.00,126,1,1,0,0,0,2026-09-09T18:31:33.5268914Z
3.55ms,281.9,0,63,30009,"mass_navigation_agent_health_text_light:8568,mass_navigation_agent_health_hud_light:8568,mass_navigation_agent_azure_light:2142,mass_navigation_agent_crimson_light:2142,mass_navigation_agent_amber_light:2142,mass_navigation_agent_emerald_light:2142,mass_navigation_agent_health_text_heavy:1432,mass_navigation_agent_health_hud_heavy:1432",0,0,63,63/6,0.01,0.03,0.00,0.00,0.01,3.13,0.02,0.00,0.00,:0.00,:0.00,:0.00,3.09,PresenterEntityTransformSyncSystem:0.83,AnimatorRuntimeSystem:0.65,TerrainHeightSyncSystem:0.40,0.00,0,0,0,0,0,0.65,0.83,0.23,10009/0,0.00,0/0,0.40,10009,0.00,0.00/0.00/0.00/0.00,0.00/0.00/0.00,0.00/0.00/0.00/0.00/0.00/0.00,0.00/0.00/0.00/0.00/0.00,0.17,0.03,0.00,0.14,0.17,0.00,0.01,126,2,0,0.07,0.01,4/0,0.00,0,0,0,0,0.05,0.00,0.00,0.00,0,0.00,0.00,0,0,0/0,0.00,0,0,0.00,0,0,0.00,0,0,0.09,0.00,0,2,0,0.08,0.00,0.00,0.00,0.00,0.00,0.31,0.00,0,0.00,0,0,0/0/0,0.09,0.00,126,1,1,0,0,0,2026-09-09T18:31:33.8236901Z
3.42ms,292.1,0,63,30009,"mass_navigation_agent_health_text_light:8568,mass_navigation_agent_health_hud_light:8568,mass_navigation_agent_azure_light:2142,mass_navigation_agent_crimson_light:2142,mass_navigation_agent_amber_light:2142,mass_navigation_agent_emerald_light:2142,mass_navigation_agent_health_text_heavy:1432,mass_navigation_agent_health_hud_heavy:1432",0,0,63,63/6,0.01,0.03,0.00,0.00,0.01,3.05,0.02,0.00,0.18,EffectProcessingLoopSystem:0.18,:0.00,:0.00,2.83,PresenterEntityTransformSyncSystem:0.76,AnimatorRuntimeSystem:0.59,TerrainHeightSyncSystem:0.36,0.00,0,0,0,0,0,0.59,0.76,0.19,10009/0,0.00,0/0,0.36,10009,0.00,0.00/0.00/0.00/0.00,0.00/0.00/0.00,0.00/0.00/0.00/0.00/0.00/0.00,0.00/0.00/0.00/0.00/0.00,0.15,0.02,0.00,0.13,0.15,0.00,0.01,126,2,0,0.06,0.01,4/0,0.00,0,0,0,0,0.04,0.00,0.00,0.00,0,0.00,0.00,0,0,0/0,0.00,0,0,0.00,0,0,0.00,0,0,0.08,0.00,0,2,0,0.08,0.00,0.00,0.00,0.00,0.00,0.33,0.00,0,0.00,0,0,0/0/0,0.08,0.00,126,1,1,0,0,0,2026-09-09T18:31:34.0931402Z
3.36ms,297.6,0,63,30009,"mass_navigation_agent_health_text_light:8568,mass_navigation_agent_health_hud_light:8568,mass_navigation_agent_azure_light:2142,mass_navigation_agent_crimson_light:2142,mass_navigation_agent_amber_light:2142,mass_navigation_agent_emerald_light:2142,mass_navigation_agent_health_text_heavy:1432,mass_navigation_agent_health_hud_heavy:1432",0,0,63,63/6,0.01,0.04,0.00,0.00,0.01,3.05,0.01,0.00,0.00,:0.00,:0.00,:0.00,3.02,PresenterEntityTransformSyncSystem:0.90,AnimatorRuntimeSystem:0.60,TerrainHeightSyncSystem:0.40,0.00,0,0,0,0,0,0.60,0.90,0.20,10009/0,0.00,0/0,0.39,10009,0.00,0.00/0.00/0.00/0.00,0.00/0.00/0.00,0.00/0.00/0.00/0.00/0.00/0.00,0.00/0.00/0.00/0.00/0.00,0.17,0.02,0.00,0.15,0.17,0.00,0.01,126,2,0,0.06,0.01,4/0,0.00,0,0,0,0,0.05,0.00,0.00,0.00,0,0.00,0.00,0,0,0/0,0.00,0,0,0.00,0,0,0.00,0,0,0.06,0.00,0,2,0,0.06,0.00,0.00,0.00,0.00,0.00,0.30,0.00,0,0.00,0,0,0/0/0,0.06,0.00,126,1,1,0,0,0,2026-09-09T18:31:34.3622285Z
4.80ms,208.4,0,63,30009,"mass_navigation_agent_health_text_light:8568,mass_navigation_agent_health_hud_light:8568,mass_navigation_agent_azure_light:2142,mass_navigation_agent_crimson_light:2142,mass_navigation_agent_amber_light:2142,mass_navigation_agent_emerald_light:2142,mass_navigation_agent_health_text_heavy:1432,mass_navigation_agent_health_hud_heavy:1432",0,0,63,63/6,0.01,0.03,0.00,0.00,0.01,4.37,0.02,0.00,1.22,EffectProcessingLoopSystem:0.27,OrderBufferSystem:0.19,SpatialPartitionUpdateSystem:0.16,3.11,PresenterEntityTransformSyncSystem:0.86,AnimatorRuntimeSystem:0.60,TerrainHeightSyncSystem:0.38,0.00,0,0,0,0,0,0.60,0.86,0.19,10009/0,0.00,0/0,0.38,10009,0.00,0.00/0.00/0.00/0.00,0.00/0.00/0.00,0.00/0.00/0.00/0.00/0.00/0.00,0.00/0.00/0.00/0.00/0.00,0.18,0.03,0.00,0.15,0.18,0.00,0.01,126,2,0,0.07,0.01,4/0,0.00,0,0,0,0,0.05,0.00,0.00,0.00,0,0.00,0.00,0,0,0/0,0.00,0,0,0.00,0,0,0.00,0,0,0.09,0.00,0,2,0,0.09,0.00,0.00,0.00,0.00,0.00,0.37,0.00,0,0.00,0,0,0/0/0,0.09,0.00,126,1,1,0,0,0,2026-09-09T18:31:34.6382280Z
3.78ms,264.8,0,63,30009,"mass_navigation_agent_health_text_light:8568,mass_navigation_agent_health_hud_light:8568,mass_navigation_agent_azure_light:2142,mass_navigation_agent_crimson_light:2142,mass_navigation_agent_amber_light:2142,mass_navigation_agent_emerald_light:2142,mass_navigation_agent_health_text_heavy:1432,mass_navigation_agent_health_hud_heavy:1432",0,0,63,63/6,0.01,0.05,0.00,0.00,0.01,3.27,0.03,0.00,0.00,:0.00,:0.00,:0.00,3.23,PresenterEntityTransformSyncSystem:0.93,AnimatorRuntimeSystem:0.61,PresenterEmitSystem:0.41,0.00,0,0,0,0,0,0.61,0.93,0.21,10009/0,0.00,0/0,0.41,10009,0.00,0.00/0.00/0.00/0.00,0.00/0.00/0.00,0.00/0.00/0.00/0.00/0.00/0.00,0.00/0.00/0.00/0.00/0.00,0.19,0.02,0.00,0.16,0.19,0.00,0.02,126,2,0,0.09,0.01,4/0,0.00,0,0,0,0,0.06,0.00,0.00,0.00,0,0.00,0.00,0,0,0/0,0.00,0,0,0.00,0,0,0.00,0,0,0.11,0.00,0,2,0,0.11,0.00,0.00,0.00,0.00,0.00,0.41,0.00,0,0.00,0,0,0/0/0,0.10,0.00,126,1,1,0,0,0,2026-09-09T18:31:34.9168754Z
15.28ms,65.4,0,63,30009,"mass_navigation_agent_health_text_light:8568,mass_navigation_agent_health_hud_light:8568,mass_navigation_agent_azure_light:2142,mass_navigation_agent_crimson_light:2142,mass_navigation_agent_amber_light:2142,mass_navigation_agent_emerald_light:2142,mass_navigation_agent_health_text_heavy:1432,mass_navigation_agent_health_hud_heavy:1432",0,0,63,63/6,0.01,0.04,0.00,0.00,0.01,14.65,0.04,0.00,10.72,MassNavigationSimulationStepSystem:9.19,AbilityEndOrderSystem:0.31,EffectProcessingLoopSystem:0.28,3.88,PresenterEntityTransformSyncSystem:1.41,AnimatorRuntimeSystem:0.59,TerrainHeightSyncSystem:0.40,0.00,0,0,0,0,0,0.58,1.41,0.24,10009/0,0.00,0/0,0.40,10009,0.00,0.00/0.00/0.00/0.00,0.00/0.00/0.00,0.00/0.00/0.00/0.00/0.00/0.00,0.00/0.00/0.00/0.00/0.00,0.21,0.03,0.00,0.17,0.21,0.00,0.02,126,2,0,0.08,0.01,4/0,0.00,0,0,0,0,0.05,0.00,0.00,0.00,0,0.00,0.00,0,0,0/0,0.00,0,0,0.00,0,0,0.00,0,0,0.17,0.00,0,2,0,0.17,0.00,0.00,0.00,0.00,0.00,0.35,0.00,0,0.00,0,0,0/0/0,0.13,0.00,126,1,1,0,0,0,2026-09-09T18:31:35.2000074Z
3.46ms,289.4,0,63,30009,"mass_navigation_agent_health_text_light:8568,mass_navigation_agent_health_hud_light:8568,mass_navigation_agent_azure_light:2142,mass_navigation_agent_crimson_light:2142,mass_navigation_agent_amber_light:2142,mass_navigation_agent_emerald_light:2142,mass_navigation_agent_health_text_heavy:1432,mass_navigation_agent_health_hud_heavy:1432",0,0,63,63/6,0.01,0.03,0.00,0.00,0.01,3.04,0.02,0.00,0.00,:0.00,:0.00,:0.00,2.99,PresenterEntityTransformSyncSystem:0.73,AnimatorRuntimeSystem:0.55,TerrainHeightSyncSystem:0.48,0.00,0,0,0,0,0,0.55,0.73,0.19,10009/0,0.00,0/0,0.48,10009,0.00,0.00/0.00/0.00/0.00,0.00/0.00/0.00,0.00/0.00/0.00/0.00/0.00/0.00,0.00/0.00/0.00/0.00/0.00,0.23,0.02,0.00,0.20,0.23,0.00,0.01,126,2,0,0.07,0.01,4/0,0.00,0,0,0,0,0.05,0.00,0.00,0.00,0,0.00,0.00,0,0,0/0,0.00,0,0,0.00,0,0,0.00,0,0,0.09,0.00,0,2,0,0.09,0.00,0.00,0.00,0.00,0.00,0.31,0.00,0,0.00,0,0,0/0/0,0.08,0.00,126,1,1,0,0,0,2026-09-09T18:31:35.4728044Z
7.49ms,133.5,0,63,30009,"mass_navigation_agent_health_text_light:8568,mass_navigation_agent_health_hud_light:8568,mass_navigation_agent_azure_light:2142,mass_navigation_agent_crimson_light:2142,mass_navigation_agent_amber_light:2142,mass_navigation_agent_emerald_light:2142,mass_navigation_agent_health_text_heavy:1432,mass_navigation_agent_health_hud_heavy:1432",0,0,63,63/6,0.01,0.04,0.00,0.00,0.01,6.91,0.03,0.00,3.39,MassNavigationSimulationStepSystem:1.90,EffectProcessingLoopSystem:0.32,OrderBufferSystem:0.24,3.48,PresenterEntityTransformSyncSystem:1.04,AnimatorRuntimeSystem:0.56,TerrainHeightSyncSystem:0.45,0.00,0,0,0,0,0,0.56,1.04,0.18,10009/0,0.00,0/0,0.45,10009,0.00,0.00/0.00/0.00/0.00,0.00/0.00/0.00,0.00/0.00/0.00/0.00/0.00/0.00,0.00/0.00/0.00/0.00/0.00,0.22,0.03,0.00,0.18,0.22,0.00,0.02,126,2,0,0.08,0.01,4/0,0.00,0,0,0,0,0.05,0.00,0.00,0.00,0,0.00,0.00,0,0,0/0,0.00,0,0,0.00,0,0,0.00,0,0,0.15,0.00,0,2,0,0.15,0.00,0.00,0.00,0.00,0.00,0.35,0.00,0,0.00,0,0,0/0/0,0.12,0.00,126,1,1,0,0,0,2026-09-09T18:31:35.7400931Z
3.59ms,278.7,0,63,30009,"mass_navigation_agent_health_text_light:8568,mass_navigation_agent_health_hud_light:8568,mass_navigation_agent_azure_light:2142,mass_navigation_agent_crimson_light:2142,mass_navigation_agent_amber_light:2142,mass_navigation_agent_emerald_light:2142,mass_navigation_agent_health_text_heavy:1432,mass_navigation_agent_health_hud_heavy:1432",0,0,63,63/6,0.01,0.03,0.00,0.00,0.01,3.18,0.02,0.00,0.00,:0.00,:0.00,:0.00,3.15,PresenterEntityTransformSyncSystem:0.83,AnimatorRuntimeSystem:0.64,TerrainHeightSyncSystem:0.40,0.00,0,0,0,0,0,0.64,0.83,0.20,10009/0,0.00,0/0,0.40,10009,0.00,0.00/0.00/0.00/0.00,0.00/0.00/0.00,0.00/0.00/0.00/0.00/0.00/0.00,0.00/0.00/0.00/0.00/0.00,0.20,0.02,0.00,0.17,0.20,0.00,0.02,126,2,0,0.07,0.01,4/0,0.00,0,0,0,0,0.05,0.00,0.00,0.00,0,0.00,0.00,0,0,0/0,0.00,0,0,0.00,0,0,0.00,0,0,0.10,0.00,0,2,0,0.09,0.00,0.00,0.00,0.00,0.00,0.37,0.00,0,0.00,0,0,0/0/0,0.08,0.00,126,1,1,0,0,0,2026-09-09T18:31:36.0293980Z
3.61ms,277.1,0,63,30009,"mass_navigation_agent_health_text_light:8568,mass_navigation_agent_health_hud_light:8568,mass_navigation_agent_azure_light:2142,mass_navigation_agent_crimson_light:2142,mass_navigation_agent_amber_light:2142,mass_navigation_agent_emerald_light:2142,mass_navigation_agent_health_text_heavy:1432,mass_navigation_agent_health_hud_heavy:1432",0,0,63,63/6,0.01,0.03,0.00,0.00,0.01,3.18,0.02,0.00,0.17,EffectProcessingLoopSystem:0.17,:0.00,:0.00,2.97,PresenterEntityTransformSyncSystem:0.89,AnimatorRuntimeSystem:0.56,TerrainHeightSyncSystem:0.36,0.00,0,0,0,0,0,0.56,0.89,0.18,10009/0,0.00,0/0,0.36,10009,0.00,0.00/0.00/0.00/0.00,0.00/0.00/0.00,0.00/0.00/0.00/0.00/0.00/0.00,0.00/0.00/0.00/0.00/0.00,0.20,0.02,0.00,0.18,0.20,0.00,0.01,126,2,0,0.06,0.01,4/0,0.00,0,0,0,0,0.04,0.00,0.00,0.00,0,0.00,0.00,0,0,0/0,0.00,0,0,0.00,0,0,0.00,0,0,0.10,0.00,0,2,0,0.10,0.00,0.00,0.00,0.00,0.00,0.30,0.00,0,0.00,0,0,0/0/0,0.09,0.00,126,1,1,0,0,0,2026-09-09T18:31:36.2942897Z
3.72ms,268.5,0,63,30009,"mass_navigation_agent_health_text_light:8568,mass_navigation_agent_health_hud_light:8568,mass_navigation_agent_azure_light:2142,mass_navigation_agent_crimson_light:2142,mass_navigation_agent_amber_light:2142,mass_navigation_agent_emerald_light:2142,mass_navigation_agent_health_text_heavy:1432,mass_navigation_agent_health_hud_heavy:1432",0,0,63,63/6,0.00,0.03,0.00,0.00,0.01,3.35,0.02,0.00,0.00,:0.00,:0.00,:0.00,3.29,PresenterEntityTransformSyncSystem:0.89,AnimatorRuntimeSystem:0.63,TerrainHeightSyncSystem:0.42,0.00,0,0,0,0,0,0.63,0.89,0.21,10009/0,0.00,0/0,0.42,10009,0.00,0.00/0.00/0.00/0.00,0.00/0.00/0.00,0.00/0.00/0.00/0.00/0.00/0.00,0.00/0.00/0.00/0.00/0.00,0.27,0.06,0.00,0.20,0.27,0.00,0.01,126,2,0,0.06,0.01,4/0,0.00,0,0,0,0,0.05,0.00,0.00,0.00,0,0.00,0.00,0,0,0/0,0.00,0,0,0.00,0,0,0.00,0,0,0.10,0.00,0,2,0,0.10,0.00,0.00,0.00,0.00,0.00,0.34,0.00,0,0.00,0,0,0/0/0,0.07,0.00,126,1,1,0,0,0,2026-09-09T18:31:36.5617472Z
5.47ms,182.8,0,63,30009,"mass_navigation_agent_health_text_light:8568,mass_navigation_agent_health_hud_light:8568,mass_navigation_agent_azure_light:2142,mass_navigation_agent_crimson_light:2142,mass_navigation_agent_amber_light:2142,mass_navigation_agent_emerald_light:2142,mass_navigation_agent_health_text_heavy:1432,mass_navigation_agent_health_hud_heavy:1432",0,0,63,63/6,0.01,0.04,0.00,0.00,0.01,4.99,0.03,0.00,1.26,EffectProcessingLoopSystem:0.27,OrderBufferSystem:0.19,SpatialPartitionUpdateSystem:0.16,3.69,PresenterEntityTransformSyncSystem:1.00,AnimatorRuntimeSystem:0.90,TerrainHeightSyncSystem:0.46,0.00,0,0,0,0,0,0.90,1.00,0.19,10009/0,0.00,0/0,0.45,10009,0.00,0.00/0.00/0.00/0.00,0.00/0.00/0.00,0.00/0.00/0.00/0.00/0.00/0.00,0.00/0.00/0.00/0.00/0.00,0.20,0.03,0.00,0.16,0.20,0.00,0.02,126,2,0,0.07,0.01,4/0,0.00,0,0,0,0,0.05,0.00,0.00,0.00,0,0.00,0.00,0,0,0/0,0.00,0,0,0.00,0,0,0.00,0,0,0.12,0.00,0,2,0,0.11,0.00,0.00,0.00,0.00,0.00,0.36,0.00,0,0.00,0,0,0/0/0,0.09,0.00,126,1,1,0,0,0,2026-09-09T18:31:36.8395989Z
3.50ms,285.5,0,63,30009,"mass_navigation_agent_health_text_light:8568,mass_navigation_agent_health_hud_light:8568,mass_navigation_agent_azure_light:2142,mass_navigation_agent_crimson_light:2142,mass_navigation_agent_amber_light:2142,mass_navigation_agent_emerald_light:2142,mass_navigation_agent_health_text_heavy:1432,mass_navigation_agent_health_hud_heavy:1432",0,0,63,63/6,0.01,0.03,0.00,0.00,0.01,3.08,0.02,0.00,0.00,:0.00,:0.00,:0.00,3.04,PresenterEntityTransformSyncSystem:0.81,AnimatorRuntimeSystem:0.61,TerrainHeightSyncSystem:0.43,0.00,0,0,0,0,0,0.61,0.81,0.19,10009/0,0.00,0/0,0.43,10009,0.00,0.00/0.00/0.00/0.00,0.00/0.00/0.00,0.00/0.00/0.00/0.00/0.00/0.00,0.00/0.00/0.00/0.00/0.00,0.17,0.02,0.00,0.14,0.17,0.00,0.01,126,2,0,0.07,0.01,4/0,0.00,0,0,0,0,0.05,0.00,0.00,0.00,0,0.00,0.00,0,0,0/0,0.00,0,0,0.00,0,0,0.00,0,0,0.09,0.00,0,2,0,0.09,0.00,0.00,0.00,0.00,0.00,0.32,0.00,0,0.00,0,0,0/0/0,0.09,0.00,126,1,1,0,0,0,2026-09-09T18:31:37.1143137Z
3.42ms,292.8,0,63,30009,"mass_navigation_agent_health_text_light:8568,mass_navigation_agent_health_hud_light:8568,mass_navigation_agent_azure_light:2142,mass_navigation_agent_crimson_light:2142,mass_navigation_agent_amber_light:2142,mass_navigation_agent_emerald_light:2142,mass_navigation_agent_health_text_heavy:1432,mass_navigation_agent_health_hud_heavy:1432",0,0,63,63/6,0.00,0.03,0.00,0.00,0.01,3.11,0.02,0.00,0.00,:0.00,:0.00,:0.00,3.08,PresenterEntityTransformSyncSystem:0.88,AnimatorRuntimeSystem:0.62,TerrainHeightSyncSystem:0.40,0.00,0,0,0,0,0,0.62,0.88,0.18,10009/0,0.00,0/0,0.40,10009,0.00,0.00/0.00/0.00/0.00,0.00/0.00/0.00,0.00/0.00/0.00/0.00/0.00/0.00,0.00/0.00/0.00/0.00/0.00,0.17,0.02,0.00,0.14,0.17,0.00,0.01,126,2,0,0.06,0.01,4/0,0.00,0,0,0,0,0.04,0.00,0.00,0.00,0,0.00,0.00,0,0,0/0,0.00,0,0,0.00,0,0,0.00,0,0,0.05,0.00,0,2,0,0.05,0.00,0.00,0.00,0.00,0.00,0.34,0.00,0,0.00,0,0,0/0/0,0.06,0.00,126,1,1,0,0,0,2026-09-09T18:31:37.3774056Z
8.56ms,116.9,0,63,30009,"mass_navigation_agent_health_text_light:8568,mass_navigation_agent_health_hud_light:8568,mass_navigation_agent_azure_light:2142,mass_navigation_agent_crimson_light:2142,mass_navigation_agent_amber_light:2142,mass_navigation_agent_emerald_light:2142,mass_navigation_agent_health_text_heavy:1432,mass_navigation_agent_health_hud_heavy:1432",0,0,63,63/6,0.01,0.03,0.00,0.00,0.01,8.09,0.03,0.00,4.12,EffectProcessingLoopSystem:1.78,MapEntityLifecycleObserverSystem:0.66,MassNavigationAuthoredAgentBindingSystem:0.62,3.94,PresenterEntityTransformSyncSystem:0.93,PresenterEmitSystem:0.70,AnimatorRuntimeSystem:0.54,0.22,0,171,171,0,0,0.54,0.93,0.23,10009/0,0.00,0/0,0.41,10009,0.00,0.00/0.00/0.00/0.00,0.00/0.00/0.00,0.00/0.00/0.00/0.00/0.00/0.00,0.00/0.00/0.00/0.00/0.00,0.18,0.03,0.00,0.15,0.18,0.00,0.02,126,2,0,0.06,0.01,4/0,0.00,0,0,0,0,0.04,0.00,0.00,0.00,0,0.00,0.00,0,0,0/0,0.00,0,0,0.00,0,0,0.00,0,0,0.12,0.00,0,2,0,0.12,0.00,0.00,0.00,0.00,0.00,0.70,0.00,0,0.30,340,0,340/0/0,0.09,0.00,126,1,1,0,0,0,2026-09-09T18:31:37.6507431Z
3.25ms,307.5,0,63,30009,"mass_navigation_agent_health_text_light:8568,mass_navigation_agent_health_hud_light:8568,mass_navigation_agent_azure_light:2142,mass_navigation_agent_crimson_light:2142,mass_navigation_agent_amber_light:2142,mass_navigation_agent_emerald_light:2142,mass_navigation_agent_health_text_heavy:1432,mass_navigation_agent_health_hud_heavy:1432",0,0,63,63/6,0.01,0.03,0.00,0.00,0.01,2.88,0.02,0.00,0.00,:0.00,:0.00,:0.00,2.83,PresenterEntityTransformSyncSystem:0.78,AnimatorRuntimeSystem:0.53,TerrainHeightSyncSystem:0.39,0.00,0,0,0,0,0,0.53,0.78,0.22,10009/0,0.00,0/0,0.39,10009,0.00,0.00/0.00/0.00/0.00,0.00/0.00/0.00,0.00/0.00/0.00/0.00/0.00/0.00,0.00/0.00/0.00/0.00/0.00,0.15,0.02,0.00,0.12,0.15,0.00,0.01,126,2,0,0.06,0.01,4/0,0.00,0,0,0,0,0.05,0.00,0.00,0.00,0,0.00,0.00,0,0,0/0,0.00,0,0,0.00,0,0,0.00,0,0,0.07,0.00,0,2,0,0.07,0.00,0.00,0.00,0.00,0.00,0.30,0.00,0,0.00,0,0,0/0/0,0.08,0.00,126,1,1,0,0,0,2026-09-09T18:31:37.9100479Z
3.50ms,286.1,0,63,30009,"mass_navigation_agent_health_text_light:8568,mass_navigation_agent_health_hud_light:8568,mass_navigation_agent_azure_light:2142,mass_navigation_agent_crimson_light:2142,mass_navigation_agent_amber_light:2142,mass_navigation_agent_emerald_light:2142,mass_navigation_agent_health_text_heavy:1432,mass_navigation_agent_health_hud_heavy:1432",0,0,63,63/6,0.01,0.03,0.00,0.00,0.01,3.13,0.02,0.00,0.00,:0.00,:0.00,:0.00,3.09,PresenterEntityTransformSyncSystem:0.80,AnimatorRuntimeSystem:0.62,TerrainHeightSyncSystem:0.44,0.00,0,0,0,0,0,0.62,0.80,0.21,10009/0,0.00,0/0,0.43,10009,0.00,0.00/0.00/0.00/0.00,0.00/0.00/0.00,0.00/0.00/0.00/0.00/0.00/0.00,0.00/0.00/0.00/0.00/0.00,0.18,0.03,0.00,0.15,0.18,0.00,0.01,126,2,0,0.06,0.01,4/0,0.00,0,0,0,0,0.04,0.00,0.00,0.00,0,0.00,0.00,0,0,0/0,0.00,0,0,0.00,0,0,0.00,0,0,0.07,0.00,0,2,0,0.07,0.00,0.00,0.00,0.00,0.00,0.33,0.00,0,0.00,0,0,0/0/0,0.07,0.00,126,1,1,0,0,0,2026-09-09T18:31:38.1801015Z
3.42ms,292.4,0,63,30009,"mass_navigation_agent_health_text_light:8568,mass_navigation_agent_health_hud_light:8568,mass_navigation_agent_azure_light:2142,mass_navigation_agent_crimson_light:2142,mass_navigation_agent_amber_light:2142,mass_navigation_agent_emerald_light:2142,mass_navigation_agent_health_text_heavy:1432,mass_navigation_agent_health_hud_heavy:1432",0,0,63,63/6,0.01,0.04,0.00,0.00,0.01,2.99,0.02,0.00,0.00,:0.00,:0.00,:0.00,2.97,PresenterEntityTransformSyncSystem:0.86,AnimatorRuntimeSystem:0.56,TerrainHeightSyncSystem:0.39,0.00,0,0,0,0,0,0.55,0.86,0.19,10009/0,0.00,0/0,0.39,10009,0.00,0.00/0.00/0.00/0.00,0.00/0.00/0.00,0.00/0.00/0.00/0.00/0.00/0.00,0.00/0.00/0.00/0.00/0.00,0.19,0.02,0.00,0.17,0.19,0.00,0.01,126,2,0,0.07,0.01,4/0,0.00,0,0,0,0,0.05,0.00,0.00,0.00,0,0.00,0.00,0,0,0/0,0.00,0,0,0.00,0,0,0.00,0,0,0.09,0.00,0,2,0,0.09,0.00,0.00,0.00,0.00,0.00,0.33,0.00,0,0.00,0,0,0/0/0,0.09,0.00,126,1,1,0,0,0,2026-09-09T18:31:38.4642445Z
3.40ms,294.3,0,63,30009,"mass_navigation_agent_health_text_light:8568,mass_navigation_agent_health_hud_light:8568,mass_navigation_agent_azure_light:2142,mass_navigation_agent_crimson_light:2142,mass_navigation_agent_amber_light:2142,mass_navigation_agent_emerald_light:2142,mass_navigation_agent_health_text_heavy:1432,mass_navigation_agent_health_hud_heavy:1432",0,0,63,63/6,0.01,0.03,0.00,0.00,0.01,3.08,0.02,0.00,0.00,:0.00,:0.00,:0.00,3.04,PresenterEntityTransformSyncSystem:0.80,AnimatorRuntimeSystem:0.66,TerrainHeightSyncSystem:0.39,0.00,0,0,0,0,0,0.66,0.80,0.19,10009/0,0.00,0/0,0.39,10009,0.00,0.00/0.00/0.00/0.00,0.00/0.00/0.00,0.00/0.00/0.00/0.00/0.00/0.00,0.00/0.00/0.00/0.00/0.00,0.19,0.02,0.00,0.16,0.19,0.00,0.01,126,2,0,0.06,0.01,4/0,0.00,0,0,0,0,0.04,0.00,0.00,0.00,0,0.00,0.00,0,0,0/0,0.00,0,0,0.00,0,0,0.00,0,0,0.05,0.00,0,2,0,0.05,0.00,0.00,0.00,0.00,0.00,0.35,0.00,0,0.00,0,0,0/0/0,0.07,0.00,126,1,1,0,0,0,2026-09-09T18:31:38.7269307Z
3.58ms,279.0,0,63,30009,"mass_navigation_agent_health_text_light:8568,mass_navigation_agent_health_hud_light:8568,mass_navigation_agent_azure_light:2142,mass_navigation_agent_crimson_light:2142,mass_navigation_agent_amber_light:2142,mass_navigation_agent_emerald_light:2142,mass_navigation_agent_health_text_heavy:1432,mass_navigation_agent_health_hud_heavy:1432",0,0,63,63/6,0.01,0.03,0.00,0.00,0.02,3.15,0.02,0.00,0.18,EffectProcessingLoopSystem:0.18,:0.00,:0.00,2.92,PresenterEntityTransformSyncSystem:0.82,AnimatorRuntimeSystem:0.57,TerrainHeightSyncSystem:0.38,0.00,0,0,0,0,0,0.57,0.82,0.19,10009/0,0.00,0/0,0.38,10009,0.00,0.00/0.00/0.00/0.00,0.00/0.00/0.00,0.00/0.00/0.00/0.00/0.00/0.00,0.00/0.00/0.00/0.00/0.00,0.16,0.03,0.00,0.13,0.16,0.00,0.01,126,2,0,0.07,0.01,4/0,0.00,0,0,0,0,0.04,0.00,0.00,0.00,0,0.00,0.00,0,0,0/0,0.00,0,0,0.00,0,0,0.00,0,0,0.10,0.00,0,2,0,0.10,0.00,0.00,0.00,0.00,0.00,0.32,0.00,0,0.00,0,0,0/0/0,0.09,0.00,126,1,1,0,0,0,2026-09-09T18:31:39.0030916Z
3.37ms,296.6,0,63,30009,"mass_navigation_agent_health_text_light:8568,mass_navigation_agent_health_hud_light:8568,mass_navigation_agent_azure_light:2142,mass_navigation_agent_crimson_light:2142,mass_navigation_agent_amber_light:2142,mass_navigation_agent_emerald_light:2142,mass_navigation_agent_health_text_heavy:1432,mass_navigation_agent_health_hud_heavy:1432",0,0,63,63/6,0.01,0.06,0.00,0.00,0.01,2.93,0.02,0.00,0.00,:0.00,:0.00,:0.00,2.89,PresenterEntityTransformSyncSystem:0.75,AnimatorRuntimeSystem:0.57,TerrainHeightSyncSystem:0.42,0.00,0,0,0,0,0,0.57,0.75,0.22,10009/0,0.00,0/0,0.42,10009,0.00,0.00/0.00/0.00/0.00,0.00/0.00/0.00,0.00/0.00/0.00/0.00/0.00/0.00,0.00/0.00/0.00/0.00/0.00,0.17,0.02,0.00,0.15,0.17,0.00,0.01,126,2,0,0.09,0.01,4/0,0.00,0,0,0,0,0.07,0.00,0.00,0.00,0,0.00,0.00,0,0,0/0,0.00,0,0,0.00,0,0,0.00,0,0,0.09,0.00,0,2,0,0.09,0.00,0.00,0.00,0.00,0.00,0.32,0.00,0,0.00,0,0,0/0/0,0.09,0.00,126,1,1,0,0,0,2026-09-09T18:31:39.2739661Z
3.71ms,269.8,0,63,30009,"mass_navigation_agent_health_text_light:8568,mass_navigation_agent_health_hud_light:8568,mass_navigation_agent_azure_light:2142,mass_navigation_agent_crimson_light:2142,mass_navigation_agent_amber_light:2142,mass_navigation_agent_emerald_light:2142,mass_navigation_agent_health_text_heavy:1432,mass_navigation_agent_health_hud_heavy:1432",0,0,63,63/6,0.01,0.05,0.00,0.00,0.01,3.21,0.02,0.00,0.00,:0.00,:0.00,:0.00,3.17,PresenterEntityTransformSyncSystem:0.91,AnimatorRuntimeSystem:0.63,PresenterEmitSystem:0.45,0.00,0,0,0,0,0,0.63,0.91,0.20,10009/0,0.00,0/0,0.39,10009,0.00,0.00/0.00/0.00/0.00,0.00/0.00/0.00,0.00/0.00/0.00/0.00/0.00/0.00,0.00/0.00/0.00/0.00/0.00,0.17,0.02,0.00,0.14,0.17,0.00,0.02,126,2,0,0.10,0.01,4/0,0.00,0,0,0,0,0.07,0.00,0.00,0.01,0,0.00,0.00,0,0,0/0,0.00,0,0,0.00,0,0,0.00,0,0,0.10,0.00,0,2,0,0.10,0.00,0.00,0.00,0.00,0.00,0.45,0.00,0,0.00,0,0,0/0/0,0.10,0.00,126,1,1,0,0,0,2026-09-09T18:31:39.5309490Z
8.15ms,122.7,0,63,30009,"mass_navigation_agent_health_text_light:8568,mass_navigation_agent_health_hud_light:8568,mass_navigation_agent_azure_light:2142,mass_navigation_agent_crimson_light:2142,mass_navigation_agent_amber_light:2142,mass_navigation_agent_emerald_light:2142,mass_navigation_agent_health_text_heavy:1432,mass_navigation_agent_health_hud_heavy:1432",0,0,63,63/6,0.01,0.03,0.00,0.00,0.01,7.65,0.03,0.00,3.69,EffectProcessingLoopSystem:1.62,MapEntityLifecycleObserverSystem:0.62,MassNavigationAuthoredAgentBindingSystem:0.57,3.91,PresenterEntityTransformSyncSystem:1.00,PresenterEmitSystem:0.62,AnimatorRuntimeSystem:0.55,0.18,0,148,148,0,0,0.55,1.00,0.22,10009/0,0.00,0/0,0.43,10009,0.00,0.00/0.00/0.00/0.00,0.00/0.00/0.00,0.00/0.00/0.00/0.00/0.00/0.00,0.00/0.00/0.00/0.00/0.00,0.19,0.03,0.00,0.15,0.19,0.00,0.02,126,2,0,0.07,0.01,4/0,0.00,0,0,0,0,0.05,0.00,0.00,0.00,0,0.00,0.00,0,0,0/0,0.00,0,0,0.00,0,0,0.00,0,0,0.12,0.00,0,2,0,0.12,0.00,0.00,0.00,0.00,0.00,0.62,0.00,0,0.26,294,0,294/0/0,0.09,0.00,126,1,1,0,0,0,2026-09-09T18:31:39.8128734Z
3.69ms,271.1,0,63,30009,"mass_navigation_agent_health_text_light:8568,mass_navigation_agent_health_hud_light:8568,mass_navigation_agent_azure_light:2142,mass_navigation_agent_crimson_light:2142,mass_navigation_agent_amber_light:2142,mass_navigation_agent_emerald_light:2142,mass_navigation_agent_health_text_heavy:1432,mass_navigation_agent_health_hud_heavy:1432",0,0,63,63/6,0.01,0.05,0.00,0.00,0.01,3.19,0.02,0.00,0.00,:0.00,:0.00,:0.00,3.16,PresenterEntityTransformSyncSystem:0.86,AnimatorRuntimeSystem:0.63,PresenterEmitSystem:0.42,0.00,0,0,0,0,0,0.63,0.86,0.21,10009/0,0.00,0/0,0.37,10009,0.00,0.00/0.00/0.00/0.00,0.00/0.00/0.00,0.00/0.00/0.00/0.00/0.00/0.00,0.00/0.00/0.00/0.00/0.00,0.16,0.02,0.00,0.14,0.16,0.00,0.02,126,2,0,0.09,0.01,4/0,0.00,0,0,0,0,0.07,0.00,0.00,0.00,0,0.00,0.00,0,0,0/0,0.00,0,0,0.00,0,0,0.00,0,0,0.10,0.00,0,2,0,0.10,0.00,0.00,0.00,0.00,0.00,0.42,0.00,0,0.00,0,0,0/0/0,0.10,0.00,126,1,1,0,0,0,2026-09-09T18:31:40.0861657Z
3.41ms,293.5,0,63,30009,"mass_navigation_agent_health_text_light:8568,mass_navigation_agent_health_hud_light:8568,mass_navigation_agent_azure_light:2142,mass_navigation_agent_crimson_light:2142,mass_navigation_agent_amber_light:2142,mass_navigation_agent_emerald_light:2142,mass_navigation_agent_health_text_heavy:1432,mass_navigation_agent_health_hud_heavy:1432",0,0,63,63/6,0.01,0.03,0.00,0.00,0.01,2.99,0.02,0.00,0.00,:0.00,:0.00,:0.00,2.96,PresenterEntityTransformSyncSystem:0.84,AnimatorRuntimeSystem:0.62,TerrainHeightSyncSystem:0.40,0.00,0,0,0,0,0,0.62,0.84,0.20,10009/0,0.00,0/0,0.40,10009,0.00,0.00/0.00/0.00/0.00,0.00/0.00/0.00,0.00/0.00/0.00/0.00/0.00/0.00,0.00/0.00/0.00/0.00/0.00,0.16,0.02,0.00,0.13,0.16,0.00,0.01,126,2,0,0.07,0.01,4/0,0.00,0,0,0,0,0.05,0.00,0.00,0.00,0,0.00,0.00,0,0,0/0,0.00,0,0,0.00,0,0,0.00,0,0,0.09,0.00,0,2,0,0.09,0.00,0.00,0.00,0.00,0.00,0.30,0.00,0,0.00,0,0,0/0/0,0.08,0.00,126,1,1,0,0,0,2026-09-09T18:31:40.3661670Z
3.69ms,271.2,0,63,30009,"mass_navigation_agent_health_text_light:8568,mass_navigation_agent_health_hud_light:8568,mass_navigation_agent_azure_light:2142,mass_navigation_agent_crimson_light:2142,mass_navigation_agent_amber_light:2142,mass_navigation_agent_emerald_light:2142,mass_navigation_agent_health_text_heavy:1432,mass_navigation_agent_health_hud_heavy:1432",0,0,63,63/6,0.01,0.03,0.00,0.00,0.01,3.25,0.02,0.00,0.00,:0.00,:0.00,:0.00,3.20,PresenterEntityTransformSyncSystem:0.84,AnimatorRuntimeSystem:0.59,TerrainHeightSyncSystem:0.49,0.00,0,0,0,0,0,0.59,0.84,0.22,10009/0,0.00,0/0,0.49,10009,0.00,0.00/0.00/0.00/0.00,0.00/0.00/0.00,0.00/0.00/0.00/0.00/0.00/0.00,0.00/0.00/0.00/0.00/0.00,0.23,0.02,0.00,0.20,0.23,0.00,0.01,126,2,0,0.07,0.01,4/0,0.00,0,0,0,0,0.05,0.00,0.00,0.00,0,0.00,0.00,0,0,0/0,0.00,0,0,0.00,0,0,0.00,0,0,0.10,0.00,0,2,0,0.09,0.00,0.00,0.00,0.00,0.00,0.32,0.00,0,0.00,0,0,0/0/0,0.09,0.00,126,1,1,0,0,0,2026-09-09T18:31:40.6311920Z
3.04ms,329.4,0,63,30009,"mass_navigation_agent_health_text_light:8568,mass_navigation_agent_health_hud_light:8568,mass_navigation_agent_azure_light:2142,mass_navigation_agent_crimson_light:2142,mass_navigation_agent_amber_light:2142,mass_navigation_agent_emerald_light:2142,mass_navigation_agent_health_text_heavy:1432,mass_navigation_agent_health_hud_heavy:1432",0,0,63,63/6,0.01,0.04,0.00,0.00,0.01,2.57,0.02,0.00,0.00,:0.00,:0.00,:0.00,2.54,PresenterEntityTransformSyncSystem:0.62,AnimatorRuntimeSystem:0.53,TerrainHeightSyncSystem:0.34,0.00,0,0,0,0,0,0.53,0.62,0.20,10009/0,0.00,0/0,0.34,10009,0.00,0.00/0.00/0.00/0.00,0.00/0.00/0.00,0.00/0.00/0.00/0.00/0.00/0.00,0.00/0.00/0.00/0.00/0.00,0.14,0.02,0.00,0.12,0.14,0.00,0.02,126,2,0,0.07,0.01,4/0,0.00,0,0,0,0,0.05,0.00,0.00,0.00,0,0.00,0.00,0,0,0/0,0.00,0,0,0.00,0,0,0.00,0,0,0.11,0.00,0,2,0,0.11,0.00,0.00,0.00,0.00,0.00,0.33,0.00,0,0.00,0,0,0/0/0,0.09,0.00,126,1,1,0,0,0,2026-09-09T18:31:40.9055144Z
3.50ms,285.6,0,63,30009,"mass_navigation_agent_health_text_light:8568,mass_navigation_agent_health_hud_light:8568,mass_navigation_agent_azure_light:2142,mass_navigation_agent_crimson_light:2142,mass_navigation_agent_amber_light:2142,mass_navigation_agent_emerald_light:2142,mass_navigation_agent_health_text_heavy:1432,mass_navigation_agent_health_hud_heavy:1432",0,0,63,63/6,0.01,0.03,0.00,0.00,0.01,3.15,0.02,0.00,0.00,:0.00,:0.00,:0.00,3.12,PresenterEntityTransformSyncSystem:0.88,AnimatorRuntimeSystem:0.64,TerrainHeightSyncSystem:0.43,0.00,0,0,0,0,0,0.64,0.88,0.20,10009/0,0.00,0/0,0.43,10009,0.00,0.00/0.00/0.00/0.00,0.00/0.00/0.00,0.00/0.00/0.00/0.00/0.00/0.00,0.00/0.00/0.00/0.00/0.00,0.17,0.02,0.00,0.14,0.17,0.00,0.01,126,2,0,0.06,0.01,4/0,0.00,0,0,0,0,0.04,0.00,0.00,0.00,0,0.00,0.00,0,0,0/0,0.00,0,0,0.00,0,0,0.00,0,0,0.08,0.00,0,2,0,0.07,0.00,0.00,0.00,0.00,0.00,0.33,0.00,0,0.00,0,0,0/0/0,0.07,0.00,126,1,1,0,0,0,2026-09-09T18:31:41.1749907Z
3.42ms,292.8,0,63,30009,"mass_navigation_agent_health_text_light:8568,mass_navigation_agent_health_hud_light:8568,mass_navigation_agent_azure_light:2142,mass_navigation_agent_crimson_light:2142,mass_navigation_agent_amber_light:2142,mass_navigation_agent_emerald_light:2142,mass_navigation_agent_health_text_heavy:1432,mass_navigation_agent_health_hud_heavy:1432",0,0,63,63/6,0.01,0.03,0.00,0.00,0.02,2.96,0.03,0.00,0.00,:0.00,:0.00,:0.00,2.90,PresenterEntityTransformSyncSystem:0.83,AnimatorRuntimeSystem:0.54,TerrainHeightSyncSystem:0.35,0.00,0,0,0,0,0,0.54,0.83,0.19,10009/0,0.00,0/0,0.35,10009,0.00,0.00/0.00/0.00/0.00,0.00/0.00/0.00,0.00/0.00/0.00/0.00/0.00/0.00,0.00/0.00/0.00/0.00/0.00,0.17,0.03,0.00,0.14,0.17,0.00,0.02,126,2,0,0.07,0.01,4/0,0.00,0,0,0,0,0.05,0.00,0.00,0.00,0,0.00,0.00,0,0,0/0,0.00,0,0,0.00,0,0,0.00,0,0,0.11,0.00,0,2,0,0.11,0.00,0.00,0.00,0.00,0.00,0.34,0.00,0,0.00,0,0,0/0/0,0.08,0.00,126,1,1,0,0,0,2026-09-09T18:31:41.4553515Z
3.29ms,304.2,0,63,30009,"mass_navigation_agent_health_text_light:8568,mass_navigation_agent_health_hud_light:8568,mass_navigation_agent_azure_light:2142,mass_navigation_agent_crimson_light:2142,mass_navigation_agent_amber_light:2142,mass_navigation_agent_emerald_light:2142,mass_navigation_agent_health_text_heavy:1432,mass_navigation_agent_health_hud_heavy:1432",0,0,63,63/6,0.00,0.03,0.00,0.00,0.01,2.99,0.01,0.00,0.00,:0.00,:0.00,:0.00,2.95,PresenterEntityTransformSyncSystem:0.76,AnimatorRuntimeSystem:0.55,TerrainHeightSyncSystem:0.39,0.00,0,0,0,0,0,0.55,0.76,0.17,10009/0,0.00,0/0,0.39,10009,0.00,0.00/0.00/0.00/0.00,0.00/0.00/0.00,0.00/0.00/0.00/0.00/0.00/0.00,0.00/0.00/0.00/0.00/0.00,0.20,0.02,0.00,0.17,0.20,0.00,0.01,126,2,0,0.05,0.01,4/0,0.00,0,0,0,0,0.04,0.00,0.00,0.00,0,0.00,0.00,0,0,0/0,0.00,0,0,0.00,0,0,0.00,0,0,0.05,0.00,0,2,0,0.05,0.00,0.00,0.00,0.00,0.00,0.39,0.00,0,0.00,0,0,0/0/0,0.06,0.00,126,1,1,0,0,0,2026-09-09T18:31:41.7127698Z
3.48ms,287.5,0,63,30009,"mass_navigation_agent_health_text_light:8568,mass_navigation_agent_health_hud_light:8568,mass_navigation_agent_azure_light:2142,mass_navigation_agent_crimson_light:2142,mass_navigation_agent_amber_light:2142,mass_navigation_agent_emerald_light:2142,mass_navigation_agent_health_text_heavy:1432,mass_navigation_agent_health_hud_heavy:1432",0,0,63,63/6,0.01,0.03,0.00,0.00,0.01,3.05,0.02,0.00,0.00,:0.00,:0.00,:0.00,3.02,PresenterEntityTransformSyncSystem:0.79,AnimatorRuntimeSystem:0.56,TerrainHeightSyncSystem:0.41,0.00,0,0,0,0,0,0.56,0.79,0.23,10009/0,0.00,0/0,0.41,10009,0.00,0.00/0.00/0.00/0.00,0.00/0.00/0.00,0.00/0.00/0.00/0.00/0.00/0.00,0.00/0.00/0.00/0.00/0.00,0.17,0.02,0.00,0.14,0.17,0.00,0.02,126,2,0,0.07,0.01,4/0,0.00,0,0,0,0,0.05,0.00,0.00,0.00,0,0.00,0.00,0,0,0/0,0.00,0,0,0.00,0,0,0.00,0,0,0.10,0.00,0,2,0,0.10,0.00,0.00,0.00,0.00,0.00,0.35,0.00,0,0.00,0,0,0/0/0,0.09,0.00,126,1,1,0,0,0,2026-09-09T18:31:41.9856821Z
3.67ms,272.6,0,63,30009,"mass_navigation_agent_health_text_light:8568,mass_navigation_agent_health_hud_light:8568,mass_navigation_agent_azure_light:2142,mass_navigation_agent_crimson_light:2142,mass_navigation_agent_amber_light:2142,mass_navigation_agent_emerald_light:2142,mass_navigation_agent_health_text_heavy:1432,mass_navigation_agent_health_hud_heavy:1432",0,0,63,63/6,0.01,0.03,0.00,0.00,0.01,3.24,0.02,0.00,0.00,:0.00,:0.00,:0.00,3.20,PresenterEntityTransformSyncSystem:0.85,AnimatorRuntimeSystem:0.64,TerrainHeightSyncSystem:0.43,0.00,0,0,0,0,0,0.64,0.85,0.20,10009/0,0.00,0/0,0.43,10009,0.00,0.00/0.00/0.00/0.00,0.00/0.00/0.00,0.00/0.00/0.00/0.00/0.00/0.00,0.00/0.00/0.00/0.00/0.00,0.17,0.02,0.00,0.14,0.17,0.00,0.01,126,2,0,0.07,0.01,4/0,0.00,0,0,0,0,0.05,0.00,0.00,0.00,0,0.00,0.00,0,0,0/0,0.00,0,0,0.00,0,0,0.00,0,0,0.10,0.00,0,2,0,0.09,0.00,0.00,0.00,0.00,0.00,0.32,0.00,0,0.00,0,0,0/0/0,0.10,0.00,126,1,1,0,0,0,2026-09-09T18:31:42.2643140Z
3.46ms,289.3,0,63,30009,"mass_navigation_agent_health_text_light:8568,mass_navigation_agent_health_hud_light:8568,mass_navigation_agent_azure_light:2142,mass_navigation_agent_crimson_light:2142,mass_navigation_agent_amber_light:2142,mass_navigation_agent_emerald_light:2142,mass_navigation_agent_health_text_heavy:1432,mass_navigation_agent_health_hud_heavy:1432",0,0,63,63/6,0.01,0.03,0.00,0.00,0.01,3.06,0.02,0.00,0.00,:0.00,:0.00,:0.00,3.02,PresenterEntityTransformSyncSystem:0.83,AnimatorRuntimeSystem:0.64,TerrainHeightSyncSystem:0.39,0.00,0,0,0,0,0,0.64,0.83,0.21,10009/0,0.00,0/0,0.39,10009,0.00,0.00/0.00/0.00/0.00,0.00/0.00/0.00,0.00/0.00/0.00/0.00/0.00/0.00,0.00/0.00/0.00/0.00/0.00,0.16,0.02,0.00,0.13,0.16,0.00,0.01,126,2,0,0.06,0.01,4/0,0.00,0,0,0,0,0.05,0.00,0.00,0.00,0,0.00,0.00,0,0,0/0,0.00,0,0,0.00,0,0,0.00,0,0,0.09,0.00,0,2,0,0.09,0.00,0.00,0.00,0.00,0.00,0.37,0.00,0,0.00,0,0,0/0/0,0.08,0.00,126,1,1,0,0,0,2026-09-09T18:31:42.5276173Z
3.47ms,288.0,0,63,30009,"mass_navigation_agent_health_text_light:8568,mass_navigation_agent_health_hud_light:8568,mass_navigation_agent_azure_light:2142,mass_navigation_agent_crimson_light:2142,mass_navigation_agent_amber_light:2142,mass_navigation_agent_emerald_light:2142,mass_navigation_agent_health_text_heavy:1432,mass_navigation_agent_health_hud_heavy:1432",0,0,63,63/6,0.01,0.03,0.00,0.00,0.01,3.13,0.02,0.00,0.00,:0.00,:0.00,:0.00,3.10,PresenterEntityTransformSyncSystem:0.83,AnimatorRuntimeSystem:0.63,TerrainHeightSyncSystem:0.41,0.00,0,0,0,0,0,0.63,0.83,0.21,10009/0,0.00,0/0,0.41,10009,0.00,0.00/0.00/0.00/0.00,0.00/0.00/0.00,0.00/0.00/0.00/0.00/0.00/0.00,0.00/0.00/0.00/0.00/0.00,0.18,0.02,0.00,0.15,0.18,0.00,0.01,126,2,0,0.06,0.01,4/0,0.00,0,0,0,0,0.04,0.00,0.00,0.00,0,0.00,0.00,0,0,0/0,0.00,0,0,0.00,0,0,0.00,0,0,0.07,0.00,0,2,0,0.07,0.00,0.00,0.00,0.00,0.00,0.32,0.00,0,0.00,0,0,0/0/0,0.07,0.00,126,1,1,0,0,0,2026-09-09T18:31:42.7853240Z
3.36ms,297.3,0,63,30009,"mass_navigation_agent_health_text_light:8568,mass_navigation_agent_health_hud_light:8568,mass_navigation_agent_azure_light:2142,mass_navigation_agent_crimson_light:2142,mass_navigation_agent_amber_light:2142,mass_navigation_agent_emerald_light:2142,mass_navigation_agent_health_text_heavy:1432,mass_navigation_agent_health_hud_heavy:1432",0,0,63,63/6,0.01,0.03,0.00,0.00,0.00,2.97,0.02,0.00,0.00,:0.00,:0.00,:0.00,2.95,PresenterEntityTransformSyncSystem:0.84,AnimatorRuntimeSystem:0.60,TerrainHeightSyncSystem:0.40,0.00,0,0,0,0,0,0.60,0.84,0.19,10009/0,0.00,0/0,0.40,10009,0.00,0.00/0.00/0.00/0.00,0.00/0.00/0.00,0.00/0.00/0.00/0.00/0.00/0.00,0.00/0.00/0.00/0.00/0.00,0.16,0.02,0.00,0.14,0.16,0.00,0.01,126,2,0,0.06,0.01,4/0,0.00,0,0,0,0,0.04,0.00,0.00,0.00,0,0.00,0.00,0,0,0/0,0.00,0,0,0.00,0,0,0.00,0,0,0.09,0.00,0,2,0,0.09,0.00,0.00,0.00,0.00,0.00,0.32,0.00,0,0.00,0,0,0/0/0,0.09,0.00,126,1,1,0,0,0,2026-09-09T18:31:43.0683223Z
3.62ms,276.4,0,63,30009,"mass_navigation_agent_health_text_light:8568,mass_navigation_agent_health_hud_light:8568,mass_navigation_agent_azure_light:2142,mass_navigation_agent_crimson_light:2142,mass_navigation_agent_amber_light:2142,mass_navigation_agent_emerald_light:2142,mass_navigation_agent_health_text_heavy:1432,mass_navigation_agent_health_hud_heavy:1432",0,0,63,63/6,0.01,0.03,0.00,0.00,0.01,3.20,0.02,0.00,0.00,:0.00,:0.00,:0.00,3.16,PresenterEntityTransformSyncSystem:0.91,AnimatorRuntimeSystem:0.65,TerrainHeightSyncSystem:0.38,0.00,0,0,0,0,0,0.65,0.91,0.20,10009/0,0.00,0/0,0.38,10009,0.00,0.00/0.00/0.00/0.00,0.00/0.00/0.00,0.00/0.00/0.00/0.00/0.00/0.00,0.00/0.00/0.00/0.00/0.00,0.17,0.02,0.00,0.14,0.17,0.00,0.01,126,2,0,0.06,0.01,4/0,0.00,0,0,0,0,0.04,0.00,0.00,0.00,0,0.00,0.00,0,0,0/0,0.00,0,0,0.00,0,0,0.00,0,0,0.10,0.00,0,2,0,0.09,0.00,0.00,0.00,0.00,0.00,0.33,0.00,0,0.00,0,0,0/0/0,0.09,0.00,126,1,1,0,0,0,2026-09-09T18:31:43.3296799Z
3.57ms,279.9,0,63,30009,"mass_navigation_agent_health_text_light:8568,mass_navigation_agent_health_hud_light:8568,mass_navigation_agent_azure_light:2142,mass_navigation_agent_crimson_light:2142,mass_navigation_agent_amber_light:2142,mass_navigation_agent_emerald_light:2142,mass_navigation_agent_health_text_heavy:1432,mass_navigation_agent_health_hud_heavy:1432",0,0,63,63/6,0.01,0.03,0.00,0.00,0.02,3.10,0.02,0.00,0.25,EffectProcessingLoopSystem:0.24,:0.00,:0.00,2.80,PresenterEntityTransformSyncSystem:0.76,AnimatorRuntimeSystem:0.51,TerrainHeightSyncSystem:0.36,0.00,0,0,0,0,0,0.51,0.76,0.18,10009/0,0.00,0/0,0.36,10009,0.00,0.00/0.00/0.00/0.00,0.00/0.00/0.00,0.00/0.00/0.00/0.00/0.00/0.00,0.00/0.00/0.00/0.00/0.00,0.14,0.02,0.00,0.12,0.14,0.00,0.01,126,2,0,0.07,0.01,4/0,0.00,0,0,0,0,0.05,0.00,0.00,0.00,0,0.00,0.00,0,0,0/0,0.00,0,0,0.00,0,0,0.00,0,0,0.10,0.00,0,2,0,0.10,0.00,0.00,0.00,0.00,0.00,0.34,0.00,0,0.00,0,0,0/0/0,0.10,0.00,126,1,1,0,0,0,2026-09-09T18:31:43.6032517Z
3.64ms,274.4,0,63,30009,"mass_navigation_agent_health_text_light:8568,mass_navigation_agent_health_hud_light:8568,mass_navigation_agent_azure_light:2142,mass_navigation_agent_crimson_light:2142,mass_navigation_agent_amber_light:2142,mass_navigation_agent_emerald_light:2142,mass_navigation_agent_health_text_heavy:1432,mass_navigation_agent_health_hud_heavy:1432",0,0,63,63/6,0.01,0.03,0.00,0.00,0.01,3.20,0.02,0.00,0.00,:0.00,:0.00,:0.00,3.16,PresenterEntityTransformSyncSystem:0.86,AnimatorRuntimeSystem:0.72,TerrainHeightSyncSystem:0.40,0.00,0,0,0,0,0,0.72,0.86,0.19,10009/0,0.00,0/0,0.40,10009,0.00,0.00/0.00/0.00/0.00,0.00/0.00/0.00,0.00/0.00/0.00/0.00/0.00/0.00,0.00/0.00/0.00/0.00/0.00,0.17,0.02,0.00,0.14,0.17,0.00,0.02,126,2,0,0.07,0.01,4/0,0.00,0,0,0,0,0.05,0.00,0.00,0.00,0,0.00,0.00,0,0,0/0,0.00,0,0,0.00,0,0,0.00,0,0,0.10,0.00,0,2,0,0.10,0.00,0.00,0.00,0.00,0.00,0.32,0.00,0,0.00,0,0,0/0/0,0.09,0.00,126,1,1,0,0,0,2026-09-09T18:31:43.8684363Z
3.99ms,250.4,0,63,30009,"mass_navigation_agent_health_text_light:8568,mass_navigation_agent_health_hud_light:8568,mass_navigation_agent_azure_light:2142,mass_navigation_agent_crimson_light:2142,mass_navigation_agent_amber_light:2142,mass_navigation_agent_emerald_light:2142,mass_navigation_agent_health_text_heavy:1432,mass_navigation_agent_health_hud_heavy:1432",0,0,63,63/6,0.01,0.04,0.00,0.00,0.02,3.47,0.03,0.00,0.00,:0.00,:0.00,:0.00,3.41,PresenterEntityTransformSyncSystem:1.00,AnimatorRuntimeSystem:0.64,PresenterEmitSystem:0.39,0.00,0,0,0,0,0,0.64,1.00,0.23,10009/0,0.00,0/0,0.38,10009,0.00,0.00/0.00/0.00/0.00,0.00/0.00/0.00,0.00/0.00/0.00/0.00/0.00/0.00,0.00/0.00/0.00/0.00/0.00,0.21,0.03,0.00,0.17,0.21,0.00,0.02,126,2,0,0.07,0.01,4/0,0.00,0,0,0,0,0.05,0.00,0.00,0.00,0,0.00,0.00,0,0,0/0,0.00,0,0,0.00,0,0,0.00,0,0,0.12,0.00,0,2,0,0.12,0.00,0.00,0.00,0.00,0.00,0.38,0.00,0,0.00,0,0,0/0/0,0.10,0.00,126,1,1,0,0,0,2026-09-09T18:31:44.1599086Z
3.39ms,295.0,0,63,30009,"mass_navigation_agent_health_text_light:8568,mass_navigation_agent_health_hud_light:8568,mass_navigation_agent_azure_light:2142,mass_navigation_agent_crimson_light:2142,mass_navigation_agent_amber_light:2142,mass_navigation_agent_emerald_light:2142,mass_navigation_agent_health_text_heavy:1432,mass_navigation_agent_health_hud_heavy:1432",0,0,63,63/6,0.00,0.03,0.00,0.00,0.01,3.05,0.02,0.00,0.00,:0.00,:0.00,:0.00,3.02,PresenterEntityTransformSyncSystem:0.81,AnimatorRuntimeSystem:0.62,TerrainHeightSyncSystem:0.40,0.00,0,0,0,0,0,0.62,0.81,0.22,10009/0,0.00,0/0,0.40,10009,0.00,0.00/0.00/0.00/0.00,0.00/0.00/0.00,0.00/0.00/0.00/0.00/0.00/0.00,0.00/0.00/0.00/0.00/0.00,0.17,0.02,0.00,0.14,0.16,0.00,0.01,126,2,0,0.06,0.01,4/0,0.00,0,0,0,0,0.04,0.00,0.00,0.00,0,0.00,0.00,0,0,0/0,0.00,0,0,0.00,0,0,0.00,0,0,0.07,0.00,0,2,0,0.07,0.00,0.00,0.00,0.00,0.00,0.34,0.00,0,0.00,0,0,0/0/0,0.07,0.00,126,1,1,0,0,0,2026-09-09T18:31:44.4244544Z
4.13ms,242.0,0,63,30009,"mass_navigation_agent_health_text_light:8568,mass_navigation_agent_health_hud_light:8568,mass_navigation_agent_azure_light:2142,mass_navigation_agent_crimson_light:2142,mass_navigation_agent_amber_light:2142,mass_navigation_agent_emerald_light:2142,mass_navigation_agent_health_text_heavy:1432,mass_navigation_agent_health_hud_heavy:1432",0,0,63,63/6,0.01,0.03,0.00,0.00,0.01,3.63,0.03,0.00,0.00,:0.00,:0.00,:0.00,3.58,PresenterEntityTransformSyncSystem:0.96,AnimatorRuntimeSystem:0.70,TerrainHeightSyncSystem:0.59,0.00,0,0,0,0,0,0.70,0.96,0.25,10009/0,0.00,0/0,0.59,10009,0.00,0.00/0.00/0.00/0.00,0.00/0.00/0.00,0.00/0.00/0.00/0.00/0.00/0.00,0.00/0.00/0.00/0.00/0.00,0.17,0.02,0.00,0.15,0.17,0.00,0.02,126,2,0,0.07,0.01,4/0,0.00,0,0,0,0,0.05,0.00,0.00,0.00,0,0.00,0.00,0,0,0/0,0.00,0,0,0.00,0,0,0.00,0,0,0.12,0.00,0,2,0,0.12,0.00,0.00,0.00,0.00,0.00,0.35,0.00,0,0.00,0,0,0/0/0,0.10,0.00,126,1,1,0,0,0,2026-09-09T18:31:44.6827897Z
14.62ms,68.4,0,63,30009,"mass_navigation_agent_health_text_light:8568,mass_navigation_agent_health_hud_light:8568,mass_navigation_agent_azure_light:2142,mass_navigation_agent_crimson_light:2142,mass_navigation_agent_amber_light:2142,mass_navigation_agent_emerald_light:2142,mass_navigation_agent_health_text_heavy:1432,mass_navigation_agent_health_hud_heavy:1432",0,0,63,63/6,0.01,0.04,0.00,0.00,0.01,13.97,0.04,0.00,10.29,MassNavigationSimulationStepSystem:8.95,EffectProcessingLoopSystem:0.26,AbilityEndOrderSystem:0.25,3.64,PresenterEntityTransformSyncSystem:1.17,AnimatorRuntimeSystem:0.54,TerrainHeightSyncSystem:0.43,0.01,0,0,0,0,0,0.54,1.17,0.22,10009/0,0.00,0/0,0.43,10009,0.00,0.00/0.00/0.00/0.00,0.00/0.00/0.00,0.00/0.00/0.00/0.00/0.00/0.00,0.00/0.00/0.00/0.00/0.00,0.24,0.03,0.00,0.20,0.24,0.00,0.03,126,2,0,0.09,0.01,4/0,0.00,0,0,0,0,0.06,0.00,0.00,0.00,0,0.00,0.00,0,0,0/0,0.00,0,0,0.00,0,0,0.00,0,0,0.17,0.00,0,2,0,0.17,0.00,0.00,0.00,0.00,0.00,0.38,0.00,0,0.00,0,0,0/0/0,0.13,0.00,126,1,1,0,0,0,2026-09-09T18:31:44.9484134Z
3.46ms,288.7,0,63,30009,"mass_navigation_agent_health_text_light:8568,mass_navigation_agent_health_hud_light:8568,mass_navigation_agent_azure_light:2142,mass_navigation_agent_crimson_light:2142,mass_navigation_agent_amber_light:2142,mass_navigation_agent_emerald_light:2142,mass_navigation_agent_health_text_heavy:1432,mass_navigation_agent_health_hud_heavy:1432",0,0,63,63/6,0.01,0.03,0.00,0.00,0.01,3.11,0.02,0.00,0.00,:0.00,:0.00,:0.00,3.07,PresenterEntityTransformSyncSystem:0.84,AnimatorRuntimeSystem:0.59,TerrainHeightSyncSystem:0.41,0.00,0,0,0,0,0,0.59,0.84,0.21,10009/0,0.00,0/0,0.41,10009,0.00,0.00/0.00/0.00/0.00,0.00/0.00/0.00,0.00/0.00/0.00/0.00/0.00/0.00,0.00/0.00/0.00/0.00/0.00,0.20,0.02,0.00,0.17,0.20,0.00,0.01,126,2,0,0.06,0.01,4/0,0.00,0,0,0,0,0.04,0.00,0.00,0.00,0,0.00,0.00,0,0,0/0,0.00,0,0,0.00,0,0,0.00,0,0,0.07,0.00,0,2,0,0.07,0.00,0.00,0.00,0.00,0.00,0.32,0.00,0,0.00,0,0,0/0/0,0.07,0.00,126,1,1,0,0,0,2026-09-09T18:31:45.2241037Z
3.54ms,282.8,0,63,30009,"mass_navigation_agent_health_text_light:8568,mass_navigation_agent_health_hud_light:8568,mass_navigation_agent_azure_light:2142,mass_navigation_agent_crimson_light:2142,mass_navigation_agent_amber_light:2142,mass_navigation_agent_emerald_light:2142,mass_navigation_agent_health_text_heavy:1432,mass_navigation_agent_health_hud_heavy:1432",0,0,63,63/6,0.01,0.04,0.00,0.00,0.01,3.08,0.02,0.00,0.00,:0.00,:0.00,:0.00,3.04,PresenterEntityTransformSyncSystem:0.79,AnimatorRuntimeSystem:0.64,TerrainHeightSyncSystem:0.43,0.00,0,0,0,0,0,0.64,0.79,0.19,10009/0,0.00,0/0,0.43,10009,0.00,0.00/0.00/0.00/0.00,0.00/0.00/0.00,0.00/0.00/0.00/0.00/0.00/0.00,0.00/0.00/0.00/0.00/0.00,0.18,0.02,0.00,0.15,0.18,0.00,0.02,126,2,0,0.07,0.01,4/0,0.00,0,0,0,0,0.05,0.00,0.00,0.00,0,0.00,0.00,0,0,0/0,0.00,0,0,0.00,0,0,0.00,0,0,0.10,0.00,0,2,0,0.10,0.00,0.00,0.00,0.00,0.00,0.32,0.00,0,0.00,0,0,0/0/0,0.09,0.00,126,1,1,0,0,0,2026-09-09T18:31:45.4784993Z
8.90ms,112.3,0,63,30009,"mass_navigation_agent_health_text_light:8568,mass_navigation_agent_health_hud_light:8568,mass_navigation_agent_azure_light:2142,mass_navigation_agent_crimson_light:2142,mass_navigation_agent_amber_light:2142,mass_navigation_agent_emerald_light:2142,mass_navigation_agent_health_text_heavy:1432,mass_navigation_agent_health_hud_heavy:1432",0,0,63,63/6,0.01,0.03,0.00,0.00,0.01,8.37,0.03,0.00,4.37,EffectProcessingLoopSystem:1.97,MassNavigationAuthoredAgentBindingSystem:0.70,MapEntityLifecycleObserverSystem:0.60,3.97,PresenterEntityTransformSyncSystem:0.99,PresenterEmitSystem:0.67,AnimatorRuntimeSystem:0.56,0.23,0,183,183,0,0,0.56,0.99,0.22,10009/0,0.00,0/0,0.39,10009,0.00,0.00/0.00/0.00/0.00,0.00/0.00/0.00,0.00/0.00/0.00/0.00/0.00/0.00,0.00/0.00/0.00/0.00/0.00,0.18,0.03,0.00,0.14,0.18,0.00,0.02,126,2,0,0.07,0.01,4/0,0.00,0,0,0,0,0.05,0.00,0.00,0.00,0,0.00,0.00,0,0,0/0,0.00,0,0,0.00,0,0,0.00,0,0,0.14,0.00,0,2,0,0.13,0.00,0.00,0.00,0.00,0.00,0.67,0.00,0,0.31,364,0,364/0/0,0.10,0.00,126,1,1,0,0,0,2026-09-09T18:31:45.7533789Z
3.39ms,295.2,0,63,30009,"mass_navigation_agent_health_text_light:8568,mass_navigation_agent_health_hud_light:8568,mass_navigation_agent_azure_light:2142,mass_navigation_agent_crimson_light:2142,mass_navigation_agent_amber_light:2142,mass_navigation_agent_emerald_light:2142,mass_navigation_agent_health_text_heavy:1432,mass_navigation_agent_health_hud_heavy:1432",0,0,63,63/6,0.01,0.03,0.00,0.00,0.01,3.04,0.02,0.00,0.00,:0.00,:0.00,:0.00,3.00,PresenterEntityTransformSyncSystem:0.84,AnimatorRuntimeSystem:0.58,TerrainHeightSyncSystem:0.41,0.00,0,0,0,0,0,0.58,0.84,0.18,10009/0,0.00,0/0,0.41,10009,0.00,0.00/0.00/0.00/0.00,0.00/0.00/0.00,0.00/0.00/0.00/0.00/0.00/0.00,0.00/0.00/0.00/0.00/0.00,0.18,0.02,0.00,0.15,0.18,0.00,0.01,126,2,0,0.06,0.01,4/0,0.00,0,0,0,0,0.05,0.00,0.00,0.00,0,0.00,0.00,0,0,0/0,0.00,0,0,0.00,0,0,0.00,0,0,0.06,0.00,0,2,0,0.06,0.00,0.00,0.00,0.00,0.00,0.32,0.00,0,0.00,0,0,0/0/0,0.08,0.00,126,1,1,0,0,0,2026-09-09T18:31:46.0314996Z
3.43ms,291.5,0,63,30009,"mass_navigation_agent_health_text_light:8568,mass_navigation_agent_health_hud_light:8568,mass_navigation_agent_azure_light:2142,mass_navigation_agent_crimson_light:2142,mass_navigation_agent_amber_light:2142,mass_navigation_agent_emerald_light:2142,mass_navigation_agent_health_text_heavy:1432,mass_navigation_agent_health_hud_heavy:1432",0,0,63,63/6,0.01,0.03,0.00,0.00,0.02,3.00,0.02,0.00,0.00,:0.00,:0.00,:0.00,2.93,PresenterEntityTransformSyncSystem:0.79,AnimatorRuntimeSystem:0.57,TerrainHeightSyncSystem:0.36,0.00,0,0,0,0,0,0.57,0.79,0.20,10009/0,0.00,0/0,0.36,10009,0.00,0.00/0.00/0.00/0.00,0.00/0.00/0.00,0.00/0.00/0.00/0.00/0.00/0.00,0.00/0.00/0.00/0.00/0.00,0.18,0.02,0.00,0.16,0.18,0.00,0.02,126,2,0,0.06,0.01,4/0,0.00,0,0,0,0,0.04,0.00,0.00,0.00,0,0.00,0.00,0,0,0/0,0.00,0,0,0.00,0,0,0.00,0,0,0.10,0.00,0,2,0,0.10,0.00,0.00,0.00,0.00,0.00,0.34,0.00,0,0.00,0,0,0/0/0,0.08,0.00,126,1,1,0,0,0,2026-09-09T18:31:46.3048973Z
3.47ms,288.2,0,63,30009,"mass_navigation_agent_health_text_light:8568,mass_navigation_agent_health_hud_light:8568,mass_navigation_agent_azure_light:2142,mass_navigation_agent_crimson_light:2142,mass_navigation_agent_amber_light:2142,mass_navigation_agent_emerald_light:2142,mass_navigation_agent_health_text_heavy:1432,mass_navigation_agent_health_hud_heavy:1432",0,0,63,63/6,0.00,0.03,0.00,0.00,0.01,3.07,0.02,0.00,0.00,:0.00,:0.00,:0.00,3.04,PresenterEntityTransformSyncSystem:0.90,AnimatorRuntimeSystem:0.61,TerrainHeightSyncSystem:0.39,0.00,0,0,0,0,0,0.61,0.90,0.18,10009/0,0.00,0/0,0.39,10009,0.00,0.00/0.00/0.00/0.00,0.00/0.00/0.00,0.00/0.00/0.00/0.00/0.00/0.00,0.00/0.00/0.00/0.00/0.00,0.16,0.02,0.00,0.14,0.16,0.00,0.01,126,2,0,0.06,0.01,4/0,0.00,0,0,0,0,0.04,0.00,0.00,0.00,0,0.00,0.00,0,0,0/0,0.00,0,0,0.00,0,0,0.00,0,0,0.09,0.00,0,2,0,0.09,0.00,0.00,0.00,0.00,0.00,0.30,0.00,0,0.00,0,0,0/0/0,0.09,0.00,126,1,1,0,0,0,2026-09-09T18:31:46.5626011Z
3.43ms,291.2,0,63,30009,"mass_navigation_agent_health_text_light:8568,mass_navigation_agent_health_hud_light:8568,mass_navigation_agent_azure_light:2142,mass_navigation_agent_crimson_light:2142,mass_navigation_agent_amber_light:2142,mass_navigation_agent_emerald_light:2142,mass_navigation_agent_health_text_heavy:1432,mass_navigation_agent_health_hud_heavy:1432",0,0,63,63/6,0.01,0.03,0.00,0.00,0.01,3.05,0.02,0.00,0.00,:0.00,:0.00,:0.00,3.00,PresenterEntityTransformSyncSystem:0.81,AnimatorRuntimeSystem:0.59,TerrainHeightSyncSystem:0.43,0.00,0,0,0,0,0,0.59,0.80,0.19,10009/0,0.00,0/0,0.43,10009,0.00,0.00/0.00/0.00/0.00,0.00/0.00/0.00,0.00/0.00/0.00/0.00/0.00/0.00,0.00/0.00/0.00/0.00/0.00,0.18,0.02,0.00,0.16,0.18,0.00,0.01,126,2,0,0.07,0.01,4/0,0.00,0,0,0,0,0.05,0.00,0.00,0.00,0,0.00,0.00,0,0,0/0,0.00,0,0,0.00,0,0,0.00,0,0,0.05,0.00,0,2,0,0.05,0.00,0.00,0.00,0.00,0.00,0.35,0.00,0,0.00,0,0,0/0/0,0.07,0.00,126,1,1,0,0,0,2026-09-09T18:31:46.8271766Z
7.13ms,140.3,0,63,30009,"mass_navigation_agent_health_text_light:8568,mass_navigation_agent_health_hud_light:8568,mass_navigation_agent_azure_light:2142,mass_navigation_agent_crimson_light:2142,mass_navigation_agent_amber_light:2142,mass_navigation_agent_emerald_light:2142,mass_navigation_agent_health_text_heavy:1432,mass_navigation_agent_health_hud_heavy:1432",0,0,63,63/6,0.01,0.05,0.00,0.00,0.01,6.61,0.03,0.00,3.12,MassNavigationSimulationStepSystem:1.54,EffectProcessingLoopSystem:0.32,AbilityEndOrderSystem:0.22,3.44,PresenterEntityTransformSyncSystem:1.03,AnimatorRuntimeSystem:0.56,TerrainHeightSyncSystem:0.45,0.00,0,0,0,0,0,0.55,1.03,0.19,10009/0,0.00,0/0,0.45,10009,0.00,0.00/0.00/0.00/0.00,0.00/0.00/0.00,0.00/0.00/0.00/0.00/0.00/0.00,0.00/0.00/0.00/0.00/0.00,0.21,0.03,0.00,0.17,0.21,0.00,0.02,126,2,0,0.09,0.01,4/0,0.00,0,0,0,0,0.06,0.00,0.00,0.00,0,0.00,0.00,0,0,0/0,0.00,0,0,0.00,0,0,0.00,0,0,0.13,0.00,0,2,0,0.12,0.00,0.00,0.00,0.00,0.00,0.38,0.00,0,0.00,0,0,0/0/0,0.09,0.00,126,1,1,0,0,0,2026-09-09T18:31:47.0924958Z
3.47ms,287.9,0,63,30009,"mass_navigation_agent_health_text_light:8568,mass_navigation_agent_health_hud_light:8568,mass_navigation_agent_azure_light:2142,mass_navigation_agent_crimson_light:2142,mass_navigation_agent_amber_light:2142,mass_navigation_agent_emerald_light:2142,mass_navigation_agent_health_text_heavy:1432,mass_navigation_agent_health_hud_heavy:1432",0,0,63,63/6,0.01,0.03,0.00,0.00,0.01,3.09,0.02,0.00,0.00,:0.00,:0.00,:0.00,3.04,PresenterEntityTransformSyncSystem:0.80,AnimatorRuntimeSystem:0.61,TerrainHeightSyncSystem:0.41,0.00,0,0,0,0,0,0.61,0.80,0.20,10009/0,0.00,0/0,0.41,10009,0.00,0.00/0.00/0.00/0.00,0.00/0.00/0.00,0.00/0.00/0.00/0.00/0.00/0.00,0.00/0.00/0.00/0.00/0.00,0.17,0.02,0.00,0.14,0.17,0.00,0.01,126,2,0,0.06,0.01,4/0,0.00,0,0,0,0,0.05,0.00,0.00,0.00,0,0.00,0.00,0,0,0/0,0.00,0,0,0.00,0,0,0.00,0,0,0.08,0.00,0,2,0,0.08,0.00,0.00,0.00,0.00,0.00,0.34,0.00,0,0.00,0,0,0/0/0,0.08,0.00,126,1,1,0,0,0,2026-09-09T18:31:47.3683052Z
7.77ms,128.7,0,63,30009,"mass_navigation_agent_health_text_light:8568,mass_navigation_agent_health_hud_light:8568,mass_navigation_agent_azure_light:2142,mass_navigation_agent_crimson_light:2142,mass_navigation_agent_amber_light:2142,mass_navigation_agent_emerald_light:2142,mass_navigation_agent_health_text_heavy:1432,mass_navigation_agent_health_hud_heavy:1432",0,0,63,63/6,0.01,0.03,0.00,0.00,0.01,7.31,0.03,0.00,3.78,EffectProcessingLoopSystem:1.68,MapEntityLifecycleObserverSystem:0.62,MassNavigationAuthoredAgentBindingSystem:0.51,3.49,PresenterEntityTransformSyncSystem:0.81,PresenterEmitSystem:0.60,AnimatorRuntimeSystem:0.53,0.19,0,156,156,0,0,0.53,0.81,0.20,10009/0,0.00,0/0,0.41,10009,0.00,0.00/0.00/0.00/0.00,0.00/0.00/0.00,0.00/0.00/0.00/0.00/0.00/0.00,0.00/0.00/0.00/0.00/0.00,0.16,0.02,0.00,0.13,0.16,0.00,0.02,126,2,0,0.07,0.01,4/0,0.00,0,0,0,0,0.05,0.00,0.00,0.00,0,0.00,0.00,0,0,0/0,0.00,0,0,0.00,0,0,0.00,0,0,0.11,0.00,0,2,0,0.11,0.00,0.00,0.00,0.00,0.00,0.60,0.00,0,0.27,310,0,310/0/0,0.09,0.00,126,1,1,0,0,0,2026-09-09T18:31:47.6508302Z
3.48ms,287.5,0,63,30009,"mass_navigation_agent_health_text_light:8568,mass_navigation_agent_health_hud_light:8568,mass_navigation_agent_azure_light:2142,mass_navigation_agent_crimson_light:2142,mass_navigation_agent_amber_light:2142,mass_navigation_agent_emerald_light:2142,mass_navigation_agent_health_text_heavy:1432,mass_navigation_agent_health_hud_heavy:1432",0,0,63,63/6,0.01,0.03,0.00,0.00,0.01,3.05,0.02,0.00,0.00,:0.00,:0.00,:0.00,3.01,PresenterEntityTransformSyncSystem:0.87,AnimatorRuntimeSystem:0.64,TerrainHeightSyncSystem:0.38,0.00,0,0,0,0,0,0.64,0.86,0.19,10009/0,0.00,0/0,0.38,10009,0.00,0.00/0.00/0.00/0.00,0.00/0.00/0.00,0.00/0.00/0.00/0.00/0.00/0.00,0.00/0.00/0.00/0.00/0.00,0.17,0.02,0.00,0.14,0.17,0.00,0.01,126,2,0,0.07,0.01,4/0,0.00,0,0,0,0,0.05,0.00,0.00,0.00,0,0.00,0.00,0,0,0/0,0.00,0,0,0.00,0,0,0.00,0,0,0.09,0.00,0,2,0,0.09,0.00,0.00,0.00,0.00,0.00,0.32,0.00,0,0.00,0,0,0/0/0,0.08,0.00,126,1,1,0,0,0,2026-09-09T18:31:47.9086027Z
3.42ms,292.6,0,63,30009,"mass_navigation_agent_health_text_light:8568,mass_navigation_agent_health_hud_light:8568,mass_navigation_agent_azure_light:2142,mass_navigation_agent_crimson_light:2142,mass_navigation_agent_amber_light:2142,mass_navigation_agent_emerald_light:2142,mass_navigation_agent_health_text_heavy:1432,mass_navigation_agent_health_hud_heavy:1432",0,0,63,63/6,0.01,0.03,0.00,0.00,0.01,3.10,0.02,0.00,0.00,:0.00,:0.00,:0.00,3.05,PresenterEntityTransformSyncSystem:0.85,AnimatorRuntimeSystem:0.61,TerrainHeightSyncSystem:0.42,0.00,0,0,0,0,0,0.61,0.85,0.18,10009/0,0.00,0/0,0.42,10009,0.00,0.00/0.00/0.00/0.00,0.00/0.00/0.00,0.00/0.00/0.00/0.00/0.00/0.00,0.00/0.00/0.00/0.00/0.00,0.18,0.03,0.00,0.15,0.18,0.00,0.01,126,2,0,0.06,0.01,4/0,0.00,0,0,0,0,0.04,0.00,0.00,0.00,0,0.00,0.00,0,0,0/0,0.00,0,0,0.00,0,0,0.00,0,0,0.06,0.00,0,2,0,0.06,0.00,0.00,0.00,0.00,0.00,0.31,0.00,0,0.00,0,0,0/0/0,0.06,0.00,126,1,1,0,0,0,2026-09-09T18:31:48.1809184Z
3.56ms,281.0,0,63,30009,"mass_navigation_agent_health_text_light:8568,mass_navigation_agent_health_hud_light:8568,mass_navigation_agent_azure_light:2142,mass_navigation_agent_crimson_light:2142,mass_navigation_agent_amber_light:2142,mass_navigation_agent_emerald_light:2142,mass_navigation_agent_health_text_heavy:1432,mass_navigation_agent_health_hud_heavy:1432",0,0,63,63/6,0.01,0.03,0.00,0.00,0.01,3.09,0.02,0.00,0.00,:0.00,:0.00,:0.00,3.06,PresenterEntityTransformSyncSystem:0.80,AnimatorRuntimeSystem:0.62,TerrainHeightSyncSystem:0.44,0.00,0,0,0,0,0,0.62,0.80,0.20,10009/0,0.00,0/0,0.44,10009,0.00,0.00/0.00/0.00/0.00,0.00/0.00/0.00,0.00/0.00/0.00/0.00/0.00/0.00,0.00/0.00/0.00/0.00/0.00,0.17,0.02,0.00,0.14,0.17,0.00,0.01,126,2,0,0.07,0.01,4/0,0.00,0,0,0,0,0.05,0.00,0.00,0.00,0,0.00,0.00,0,0,0/0,0.00,0,0,0.00,0,0,0.00,0,0,0.12,0.00,0,2,0,0.12,0.00,0.00,0.00,0.00,0.00,0.30,0.00,0,0.00,0,0,0/0/0,0.11,0.00,126,1,1,0,0,0,2026-09-09T18:31:48.4673864Z
3.45ms,290.3,0,63,30009,"mass_navigation_agent_health_text_light:8568,mass_navigation_agent_health_hud_light:8568,mass_navigation_agent_azure_light:2142,mass_navigation_agent_crimson_light:2142,mass_navigation_agent_amber_light:2142,mass_navigation_agent_emerald_light:2142,mass_navigation_agent_health_text_heavy:1432,mass_navigation_agent_health_hud_heavy:1432",0,0,63,63/6,0.01,0.03,0.00,0.00,0.01,3.05,0.02,0.00,0.00,:0.00,:0.00,:0.00,3.03,PresenterEntityTransformSyncSystem:0.89,AnimatorRuntimeSystem:0.61,TerrainHeightSyncSystem:0.39,0.00,0,0,0,0,0,0.61,0.89,0.18,10009/0,0.00,0/0,0.39,10009,0.00,0.00/0.00/0.00/0.00,0.00/0.00/0.00,0.00/0.00/0.00/0.00/0.00/0.00,0.00/0.00/0.00/0.00/0.00,0.16,0.02,0.00,0.14,0.16,0.00,0.01,126,2,0,0.06,0.01,4/0,0.00,0,0,0,0,0.04,0.00,0.00,0.00,0,0.00,0.00,0,0,0/0,0.00,0,0,0.00,0,0,0.00,0,0,0.09,0.00,0,2,0,0.09,0.00,0.00,0.00,0.00,0.00,0.32,0.00,0,0.00,0,0,0/0/0,0.08,0.00,126,1,1,0,0,0,2026-09-09T18:31:48.7252944Z
3.40ms,293.8,0,63,30009,"mass_navigation_agent_health_text_light:8568,mass_navigation_agent_health_hud_light:8568,mass_navigation_agent_azure_light:2142,mass_navigation_agent_crimson_light:2142,mass_navigation_agent_amber_light:2142,mass_navigation_agent_emerald_light:2142,mass_navigation_agent_health_text_heavy:1432,mass_navigation_agent_health_hud_heavy:1432",0,0,63,63/6,0.01,0.03,0.00,0.00,0.02,3.07,0.02,0.00,0.20,EffectProcessingLoopSystem:0.20,:0.00,:0.00,2.81,PresenterEntityTransformSyncSystem:0.73,AnimatorRuntimeSystem:0.55,TerrainHeightSyncSystem:0.35,0.00,0,0,0,0,0,0.55,0.73,0.19,10009/0,0.00,0/0,0.35,10009,0.00,0.00/0.00/0.00/0.00,0.00/0.00/0.00,0.00/0.00/0.00/0.00/0.00/0.00,0.00/0.00/0.00/0.00/0.00,0.20,0.03,0.00,0.17,0.20,0.00,0.01,126,2,0,0.06,0.01,4/0,0.00,0,0,0,0,0.04,0.00,0.00,0.00,0,0.00,0.00,0,0,0/0,0.00,0,0,0.00,0,0,0.00,0,0,0.06,0.00,0,2,0,0.06,0.00,0.00,0.00,0.00,0.00,0.34,0.00,0,0.00,0,0,0/0/0,0.07,0.00,126,1,1,0,0,0,2026-09-09T18:31:49.0029379Z
18.07ms,55.3,0,63,30009,"mass_navigation_agent_health_text_light:8568,mass_navigation_agent_health_hud_light:8568,mass_navigation_agent_azure_light:2142,mass_navigation_agent_crimson_light:2142,mass_navigation_agent_amber_light:2142,mass_navigation_agent_emerald_light:2142,mass_navigation_agent_health_text_heavy:1432,mass_navigation_agent_health_hud_heavy:1432",0,0,63,63/6,0.01,0.08,0.00,0.00,0.03,16.81,0.08,0.00,6.21,MassNavigationAuthoredAgentBindingSystem:1.69,MapEntityLifecycleObserverSystem:1.56,AttributeAggregatorSystem:1.51,10.48,PresenterEntityTransformSyncSystem:3.37,AnimatorRuntimeSystem:1.32,PresenterEmitSystem:1.25,0.51,0,183,183,0,0,1.32,3.37,0.70,10009/0,0.00,0/0,0.96,10009,0.00,0.00/0.00/0.00/0.00,0.00/0.00/0.00,0.00/0.00/0.00/0.00/0.00/0.00,0.00/0.00/0.00/0.00/0.00,0.78,0.07,0.01,0.69,0.77,0.00,0.06,126,2,0,0.17,0.03,4/0,0.00,0,0,0,0,0.12,0.00,0.00,0.01,0,0.00,0.00,0,0,0/0,0.00,0,0,0.00,0,0,0.00,0,0,0.31,0.00,0,2,0,0.31,0.00,0.00,0.00,0.00,0.00,1.25,0.00,0,0.56,364,0,364/0/0,0.26,0.00,126,1,1,0,0,0,2026-09-09T18:31:49.3797294Z
3.60ms,277.9,0,63,30009,"mass_navigation_agent_health_text_light:8568,mass_navigation_agent_health_hud_light:8568,mass_navigation_agent_azure_light:2142,mass_navigation_agent_crimson_light:2142,mass_navigation_agent_amber_light:2142,mass_navigation_agent_emerald_light:2142,mass_navigation_agent_health_text_heavy:1432,mass_navigation_agent_health_hud_heavy:1432",0,0,63,63/6,0.01,0.03,0.00,0.00,0.01,3.17,0.02,0.00,0.19,EffectProcessingLoopSystem:0.18,:0.00,:0.00,2.93,PresenterEntityTransformSyncSystem:0.84,AnimatorRuntimeSystem:0.57,TerrainHeightSyncSystem:0.35,0.00,0,0,0,0,0,0.57,0.84,0.20,10009/0,0.00,0/0,0.35,10009,0.00,0.00/0.00/0.00/0.00,0.00/0.00/0.00,0.00/0.00/0.00/0.00/0.00/0.00,0.00/0.00/0.00/0.00/0.00,0.19,0.02,0.00,0.16,0.19,0.00,0.01,126,2,0,0.06,0.01,4/0,0.00,0,0,0,0,0.04,0.00,0.00,0.00,0,0.00,0.00,0,0,0/0,0.00,0,0,0.00,0,0,0.00,0,0,0.10,0.00,0,2,0,0.10,0.00,0.00,0.00,0.00,0.00,0.32,0.00,0,0.00,0,0,0/0/0,0.09,0.00,126,1,1,0,0,0,2026-09-09T18:31:49.6936271Z
4.89ms,204.7,0,63,30009,"mass_navigation_agent_health_text_light:8568,mass_navigation_agent_health_hud_light:8568,mass_navigation_agent_azure_light:2142,mass_navigation_agent_crimson_light:2142,mass_navigation_agent_amber_light:2142,mass_navigation_agent_emerald_light:2142,mass_navigation_agent_health_text_heavy:1432,mass_navigation_agent_health_hud_heavy:1432",0,0,63,63/6,0.01,0.04,0.00,0.00,0.02,4.37,0.03,0.00,0.18,EffectProcessingLoopSystem:0.18,:0.00,:0.00,4.12,PresenterEntityTransformSyncSystem:1.48,AnimatorRuntimeSystem:0.68,PresenterEmitSystem:0.43,0.01,0,0,0,0,0,0.68,1.48,0.22,10009/0,0.00,0/0,0.41,10009,0.00,0.00/0.00/0.00/0.00,0.00/0.00/0.00,0.00/0.00/0.00/0.00/0.00/0.00,0.00/0.00/0.00/0.00/0.00,0.26,0.03,0.00,0.22,0.26,0.00,0.02,126,2,0,0.08,0.01,4/0,0.00,0,0,0,0,0.05,0.00,0.00,0.00,0,0.00,0.00,0,0,0/0,0.00,0,0,0.00,0,0,0.00,0,0,0.12,0.00,0,2,0,0.12,0.00,0.00,0.00,0.00,0.00,0.43,0.00,0,0.00,0,0,0/0/0,0.09,0.00,126,1,1,0,0,0,2026-09-09T18:31:50.0050829Z
3.57ms,280.4,0,63,30009,"mass_navigation_agent_health_text_light:8568,mass_navigation_agent_health_hud_light:8568,mass_navigation_agent_azure_light:2142,mass_navigation_agent_crimson_light:2142,mass_navigation_agent_amber_light:2142,mass_navigation_agent_emerald_light:2142,mass_navigation_agent_health_text_heavy:1432,mass_navigation_agent_health_hud_heavy:1432",0,0,63,63/6,0.01,0.03,0.00,0.00,0.01,3.14,0.02,0.00,0.00,:0.00,:0.00,:0.00,3.10,PresenterEntityTransformSyncSystem:0.83,AnimatorRuntimeSystem:0.66,TerrainHeightSyncSystem:0.40,0.00,0,0,0,0,0,0.66,0.83,0.20,10009/0,0.00,0/0,0.40,10009,0.00,0.00/0.00/0.00/0.00,0.00/0.00/0.00,0.00/0.00/0.00/0.00/0.00/0.00,0.00/0.00/0.00/0.00/0.00,0.17,0.02,0.00,0.14,0.17,0.00,0.01,126,2,0,0.07,0.01,4/0,0.00,0,0,0,0,0.05,0.00,0.00,0.00,0,0.00,0.00,0,0,0/0,0.00,0,0,0.00,0,0,0.00,0,0,0.10,0.00,0,2,0,0.10,0.00,0.00,0.00,0.00,0.00,0.32,0.00,0,0.00,0,0,0/0/0,0.09,0.00,126,1,1,0,0,0,2026-09-09T18:31:50.3233325Z
9.67ms,103.4,0,63,30009,"mass_navigation_agent_health_text_light:8568,mass_navigation_agent_health_hud_light:8568,mass_navigation_agent_azure_light:2142,mass_navigation_agent_crimson_light:2142,mass_navigation_agent_amber_light:2142,mass_navigation_agent_emerald_light:2142,mass_navigation_agent_health_text_heavy:1432,mass_navigation_agent_health_hud_heavy:1432",0,0,63,63/6,0.01,0.04,0.00,0.00,0.01,8.85,0.05,0.00,4.04,EffectProcessingLoopSystem:1.76,MapEntityLifecycleObserverSystem:0.64,MassNavigationAuthoredAgentBindingSystem:0.59,4.77,PresenterEntityTransformSyncSystem:1.24,PresenterEmitSystem:0.84,AnimatorRuntimeSystem:0.64,0.19,0,156,156,0,0,0.64,1.24,0.26,10009/0,0.00,0/0,0.43,10009,0.00,0.00/0.00/0.00/0.00,0.00/0.00/0.00,0.00/0.00/0.00/0.00/0.00/0.00,0.00/0.00/0.00/0.00/0.00,0.22,0.04,0.00,0.17,0.22,0.00,0.03,126,2,0,0.09,0.01,4/0,0.00,0,0,0,0,0.06,0.00,0.00,0.00,0,0.00,0.00,0,0,0/0,0.00,0,0,0.00,0,0,0.00,0,0,0.23,0.00,0,2,0,0.23,0.00,0.00,0.00,0.00,0.00,0.84,0.00,0,0.36,310,0,310/0/0,0.17,0.00,126,1,1,0,0,0,2026-09-09T18:31:50.6533726Z
13.02ms,76.8,0,63,30009,"mass_navigation_agent_health_text_light:8568,mass_navigation_agent_health_hud_light:8568,mass_navigation_agent_azure_light:2142,mass_navigation_agent_crimson_light:2142,mass_navigation_agent_amber_light:2142,mass_navigation_agent_emerald_light:2142,mass_navigation_agent_health_text_heavy:1432,mass_navigation_agent_health_hud_heavy:1432",0,0,63,63/6,0.01,0.06,0.00,0.00,0.02,10.91,0.05,0.00,4.99,EffectProcessingLoopSystem:2.09,MapEntityLifecycleObserverSystem:0.81,MassNavigationAuthoredAgentBindingSystem:0.76,5.84,PresenterEntityTransformSyncSystem:1.90,PresenterEmitSystem:0.90,AnimatorRuntimeSystem:0.70,0.29,0,160,160,0,0,0.70,1.89,0.25,10009/0,0.00,0/0,0.43,10009,0.00,0.00/0.00/0.00/0.00,0.00/0.00/0.00,0.00/0.00/0.00/0.00/0.00/0.00,0.00/0.00/0.00/0.00/0.00,0.29,0.04,0.00,0.25,0.29,0.00,0.03,126,2,0,0.13,0.02,4/0,0.00,0,0,0,0,0.09,0.00,0.00,0.00,0,0.00,0.00,0,0,0/0,0.00,0,0,0.00,0,0,0.00,0,0,0.23,0.00,0,2,0,0.23,0.00,0.00,0.00,0.00,0.00,0.90,0.00,0,0.36,318,0,318/0/0,1.38,0.00,126,1,1,0,0,0,2026-09-09T18:31:51.0567498Z
3.53ms,283.5,0,63,30009,"mass_navigation_agent_health_text_light:8568,mass_navigation_agent_health_hud_light:8568,mass_navigation_agent_azure_light:2142,mass_navigation_agent_crimson_light:2142,mass_navigation_agent_amber_light:2142,mass_navigation_agent_emerald_light:2142,mass_navigation_agent_health_text_heavy:1432,mass_navigation_agent_health_hud_heavy:1432",0,0,63,63/6,0.01,0.03,0.00,0.00,0.01,3.08,0.02,0.00,0.00,:0.00,:0.00,:0.00,3.03,PresenterEntityTransformSyncSystem:0.79,AnimatorRuntimeSystem:0.63,TerrainHeightSyncSystem:0.41,0.00,0,0,0,0,0,0.63,0.79,0.18,10009/0,0.00,0/0,0.41,10009,0.00,0.00/0.00/0.00/0.00,0.00/0.00/0.00,0.00/0.00/0.00/0.00/0.00/0.00,0.00/0.00/0.00/0.00/0.00,0.17,0.03,0.00,0.14,0.17,0.00,0.01,126,2,0,0.07,0.01,4/0,0.00,0,0,0,0,0.05,0.00,0.00,0.00,0,0.00,0.00,0,0,0/0,0.00,0,0,0.00,0,0,0.00,0,0,0.10,0.00,0,2,0,0.10,0.00,0.00,0.00,0.00,0.00,0.32,0.00,0,0.00,0,0,0/0/0,0.10,0.00,126,1,1,0,0,0,2026-09-09T18:31:51.3738976Z
3.91ms,256.1,0,63,30009,"mass_navigation_agent_health_text_light:8568,mass_navigation_agent_health_hud_light:8568,mass_navigation_agent_azure_light:2142,mass_navigation_agent_crimson_light:2142,mass_navigation_agent_amber_light:2142,mass_navigation_agent_emerald_light:2142,mass_navigation_agent_health_text_heavy:1432,mass_navigation_agent_health_hud_heavy:1432",0,0,63,63/6,0.01,0.04,0.00,0.00,0.01,3.44,0.03,0.00,0.00,:0.00,:0.00,:0.00,3.40,PresenterEntityTransformSyncSystem:0.93,AnimatorRuntimeSystem:0.66,TerrainHeightSyncSystem:0.43,0.00,0,0,0,0,0,0.66,0.93,0.21,10009/0,0.00,0/0,0.43,10009,0.00,0.00/0.00/0.00/0.00,0.00/0.00/0.00,0.00/0.00/0.00/0.00/0.00/0.00,0.00/0.00/0.00/0.00/0.00,0.20,0.02,0.00,0.17,0.20,0.00,0.02,126,2,0,0.07,0.01,4/0,0.00,0,0,0,0,0.05,0.00,0.00,0.00,0,0.00,0.00,0,0,0/0,0.00,0,0,0.00,0,0,0.00,0,0,0.12,0.00,0,2,0,0.12,0.00,0.00,0.00,0.00,0.00,0.35,0.00,0,0.00,0,0,0/0/0,0.08,0.00,126,1,1,0,0,0,2026-09-09T18:31:51.7825606Z
4.53ms,220.5,0,63,30009,"mass_navigation_agent_health_text_light:8568,mass_navigation_agent_health_hud_light:8568,mass_navigation_agent_azure_light:2142,mass_navigation_agent_crimson_light:2142,mass_navigation_agent_amber_light:2142,mass_navigation_agent_emerald_light:2142,mass_navigation_agent_health_text_heavy:1432,mass_navigation_agent_health_hud_heavy:1432",0,0,63,63/6,0.01,0.04,0.00,0.00,0.02,4.06,0.03,0.00,0.21,EffectProcessingLoopSystem:0.21,:0.00,:0.00,3.78,PresenterEntityTransformSyncSystem:1.17,AnimatorRuntimeSystem:0.70,TerrainHeightSyncSystem:0.45,0.00,0,0,0,0,0,0.70,1.17,0.24,10009/0,0.00,0/0,0.45,10009,0.00,0.00/0.00/0.00/0.00,0.00/0.00/0.00,0.00/0.00/0.00/0.00/0.00/0.00,0.00/0.00/0.00/0.00/0.00,0.21,0.03,0.00,0.17,0.21,0.00,0.02,126,2,0,0.07,0.01,4/0,0.00,0,0,0,0,0.05,0.00,0.00,0.00,0,0.00,0.00,0,0,0/0,0.00,0,0,0.00,0,0,0.00,0,0,0.11,0.00,0,2,0,0.11,0.00,0.00,0.00,0.00,0.00,0.37,0.00,0,0.00,0,0,0/0/0,0.08,0.00,126,1,1,0,0,0,2026-09-09T18:31:52.2052295Z
3.70ms,270.3,0,63,30009,"mass_navigation_agent_health_text_light:8568,mass_navigation_agent_health_hud_light:8568,mass_navigation_agent_azure_light:2142,mass_navigation_agent_crimson_light:2142,mass_navigation_agent_amber_light:2142,mass_navigation_agent_emerald_light:2142,mass_navigation_agent_health_text_heavy:1432,mass_navigation_agent_health_hud_heavy:1432",0,0,63,63/6,0.01,0.06,0.00,0.00,0.01,3.14,0.02,0.00,0.00,:0.00,:0.00,:0.00,3.11,PresenterEntityTransformSyncSystem:0.88,AnimatorRuntimeSystem:0.62,TerrainHeightSyncSystem:0.41,0.00,0,0,0,0,0,0.62,0.88,0.20,10009/0,0.00,0/0,0.41,10009,0.00,0.00/0.00/0.00/0.00,0.00/0.00/0.00,0.00/0.00/0.00/0.00/0.00/0.00,0.00/0.00/0.00/0.00/0.00,0.17,0.02,0.00,0.14,0.17,0.00,0.01,126,2,0,0.13,0.03,4/0,0.00,0,0,0,0,0.08,0.00,0.00,0.00,0,0.00,0.00,0,0,0/0,0.00,0,0,0.00,0,0,0.00,0,0,0.11,0.00,0,2,0,0.11,0.00,0.00,0.00,0.00,0.00,0.33,0.00,0,0.00,0,0,0/0/0,0.15,0.00,126,1,1,0,0,0,2026-09-09T18:31:52.5082937Z
3.91ms,255.4,0,63,30009,"mass_navigation_agent_health_text_light:8568,mass_navigation_agent_health_hud_light:8568,mass_navigation_agent_azure_light:2142,mass_navigation_agent_crimson_light:2142,mass_navigation_agent_amber_light:2142,mass_navigation_agent_emerald_light:2142,mass_navigation_agent_health_text_heavy:1432,mass_navigation_agent_health_hud_heavy:1432",0,0,63,63/6,0.01,0.03,0.00,0.00,0.02,3.44,0.03,0.00,0.22,EffectProcessingLoopSystem:0.22,:0.00,:0.00,3.16,PresenterEntityTransformSyncSystem:0.87,AnimatorRuntimeSystem:0.64,TerrainHeightSyncSystem:0.38,0.00,0,0,0,0,0,0.64,0.87,0.18,10009/0,0.00,0/0,0.38,10009,0.00,0.00/0.00/0.00/0.00,0.00/0.00/0.00,0.00/0.00/0.00/0.00/0.00/0.00,0.00/0.00/0.00/0.00/0.00,0.19,0.03,0.00,0.15,0.19,0.00,0.02,126,2,0,0.07,0.01,4/0,0.00,0,0,0,0,0.05,0.00,0.00,0.00,0,0.00,0.00,0,0,0/0,0.00,0,0,0.00,0,0,0.00,0,0,0.12,0.00,0,2,0,0.11,0.00,0.00,0.00,0.00,0.00,0.36,0.00,0,0.00,0,0,0/0/0,0.08,0.00,126,1,1,0,0,0,2026-09-09T18:31:52.8035344Z
4.04ms,247.2,0,63,30009,"mass_navigation_agent_health_text_light:8568,mass_navigation_agent_health_hud_light:8568,mass_navigation_agent_azure_light:2142,mass_navigation_agent_crimson_light:2142,mass_navigation_agent_amber_light:2142,mass_navigation_agent_emerald_light:2142,mass_navigation_agent_health_text_heavy:1432,mass_navigation_agent_health_hud_heavy:1432",0,0,63,63/6,0.01,0.03,0.00,0.00,0.02,3.65,0.02,0.00,0.20,EffectProcessingLoopSystem:0.20,:0.00,:0.00,3.40,PresenterEntityTransformSyncSystem:1.02,AnimatorRuntimeSystem:0.66,TerrainHeightSyncSystem:0.42,0.00,0,0,0,0,0,0.66,1.02,0.19,10009/0,0.00,0/0,0.42,10009,0.00,0.00/0.00/0.00/0.00,0.00/0.00/0.00,0.00/0.00/0.00/0.00/0.00/0.00,0.00/0.00/0.00/0.00/0.00,0.19,0.03,0.00,0.16,0.19,0.00,0.02,126,2,0,0.06,0.01,4/0,0.00,0,0,0,0,0.05,0.00,0.00,0.00,0,0.00,0.00,0,0,0/0,0.00,0,0,0.00,0,0,0.00,0,0,0.09,0.00,0,2,0,0.08,0.00,0.00,0.00,0.00,0.00,0.36,0.00,0,0.00,0,0,0/0/0,0.07,0.00,126,1,1,0,0,0,2026-09-09T18:31:53.1436111Z
3.59ms,278.5,0,63,30009,"mass_navigation_agent_health_text_light:8568,mass_navigation_agent_health_hud_light:8568,mass_navigation_agent_azure_light:2142,mass_navigation_agent_crimson_light:2142,mass_navigation_agent_amber_light:2142,mass_navigation_agent_emerald_light:2142,mass_navigation_agent_health_text_heavy:1432,mass_navigation_agent_health_hud_heavy:1432",0,0,63,63/6,0.01,0.03,0.00,0.00,0.01,3.17,0.02,0.00,0.00,:0.00,:0.00,:0.00,3.13,PresenterEntityTransformSyncSystem:0.83,AnimatorRuntimeSystem:0.60,TerrainHeightSyncSystem:0.41,0.00,0,0,0,0,0,0.60,0.83,0.22,10009/0,0.00,0/0,0.41,10009,0.00,0.00/0.00/0.00/0.00,0.00/0.00/0.00,0.00/0.00/0.00/0.00/0.00/0.00,0.00/0.00/0.00/0.00/0.00,0.20,0.02,0.00,0.17,0.20,0.00,0.01,126,2,0,0.07,0.01,4/0,0.00,0,0,0,0,0.05,0.00,0.00,0.00,0,0.00,0.00,0,0,0/0,0.00,0,0,0.00,0,0,0.00,0,0,0.09,0.00,0,2,0,0.09,0.00,0.00,0.00,0.00,0.00,0.37,0.00,0,0.00,0,0,0/0/0,0.09,0.00,126,1,1,0,0,0,2026-09-09T18:31:53.4778195Z
4.17ms,239.8,0,63,30009,"mass_navigation_agent_health_text_light:8568,mass_navigation_agent_health_hud_light:8568,mass_navigation_agent_azure_light:2142,mass_navigation_agent_crimson_light:2142,mass_navigation_agent_amber_light:2142,mass_navigation_agent_emerald_light:2142,mass_navigation_agent_health_text_heavy:1432,mass_navigation_agent_health_hud_heavy:1432",0,0,63,63/6,0.01,0.04,0.00,0.00,0.01,3.66,0.03,0.00,0.00,:0.00,:0.00,:0.00,3.61,PresenterEntityTransformSyncSystem:1.00,AnimatorRuntimeSystem:0.71,TerrainHeightSyncSystem:0.44,0.00,0,0,0,0,0,0.71,1.00,0.23,10009/0,0.00,0/0,0.44,10009,0.00,0.00/0.00/0.00/0.00,0.00/0.00/0.00,0.00/0.00/0.00/0.00/0.00/0.00,0.00/0.00/0.00/0.00/0.00,0.24,0.03,0.00,0.21,0.24,0.00,0.02,126,2,0,0.07,0.01,4/0,0.00,0,0,0,0,0.05,0.00,0.00,0.00,0,0.00,0.00,0,0,0/0,0.00,0,0,0.00,0,0,0.00,0,0,0.12,0.00,0,2,0,0.12,0.00,0.00,0.00,0.00,0.00,0.36,0.00,0,0.00,0,0,0/0/0,0.10,0.00,126,1,1,0,0,0,2026-09-09T18:31:53.7818703Z
5.01ms,199.8,0,63,30009,"mass_navigation_agent_health_text_light:8568,mass_navigation_agent_health_hud_light:8568,mass_navigation_agent_azure_light:2142,mass_navigation_agent_crimson_light:2142,mass_navigation_agent_amber_light:2142,mass_navigation_agent_emerald_light:2142,mass_navigation_agent_health_text_heavy:1432,mass_navigation_agent_health_hud_heavy:1432",0,0,63,63/6,0.01,0.03,0.00,0.00,0.03,4.49,0.03,0.00,0.22,EffectProcessingLoopSystem:0.21,:0.00,:0.00,4.18,PresenterEntityTransformSyncSystem:1.53,AnimatorRuntimeSystem:0.66,TerrainHeightSyncSystem:0.43,0.00,0,0,0,0,0,0.66,1.52,0.21,10009/0,0.00,0/0,0.43,10009,0.00,0.00/0.00/0.00/0.00,0.00/0.00/0.00,0.00/0.00/0.00/0.00/0.00/0.00,0.00/0.00/0.00/0.00/0.00,0.28,0.04,0.00,0.23,0.28,0.00,0.02,126,2,0,0.07,0.01,4/0,0.00,0,0,0,0,0.05,0.00,0.00,0.00,0,0.00,0.00,0,0,0/0,0.00,0,0,0.00,0,0,0.00,0,0,0.11,0.00,0,2,0,0.11,0.00,0.00,0.00,0.00,0.00,0.37,0.00,0,0.00,0,0,0/0/0,0.09,0.00,126,1,1,0,0,0,2026-09-09T18:31:54.2055490Z
5.72ms,174.9,0,63,30009,"mass_navigation_agent_health_text_light:8568,mass_navigation_agent_health_hud_light:8568,mass_navigation_agent_azure_light:2142,mass_navigation_agent_crimson_light:2142,mass_navigation_agent_amber_light:2142,mass_navigation_agent_emerald_light:2142,mass_navigation_agent_health_text_heavy:1432,mass_navigation_agent_health_hud_heavy:1432",0,0,63,63/6,0.01,0.03,0.00,0.00,0.01,5.25,0.03,0.00,2.01,EffectProcessingLoopSystem:2.01,:0.00,:0.00,3.19,PresenterEntityTransformSyncSystem:0.93,AnimatorRuntimeSystem:0.58,TerrainHeightSyncSystem:0.42,0.00,0,0,0,0,0,0.58,0.93,0.22,10009/0,0.00,0/0,0.42,10009,0.00,0.00/0.00/0.00/0.00,0.00/0.00/0.00,0.00/0.00/0.00/0.00/0.00/0.00,0.00/0.00/0.00/0.00/0.00,0.19,0.03,0.00,0.16,0.19,0.00,0.02,126,2,0,0.07,0.01,4/0,0.00,0,0,0,0,0.05,0.00,0.00,0.00,0,0.00,0.00,0,0,0/0,0.00,0,0,0.00,0,0,0.00,0,0,0.11,0.00,0,2,0,0.11,0.00,0.00,0.00,0.00,0.00,0.34,0.00,0,0.00,0,0,0/0/0,0.10,0.00,126,1,1,0,0,0,2026-09-09T18:31:54.5015323Z
14.11ms,70.9,0,63,30009,"mass_navigation_agent_health_text_light:8568,mass_navigation_agent_health_hud_light:8568,mass_navigation_agent_azure_light:2142,mass_navigation_agent_crimson_light:2142,mass_navigation_agent_amber_light:2142,mass_navigation_agent_emerald_light:2142,mass_navigation_agent_health_text_heavy:1432,mass_navigation_agent_health_hud_heavy:1432",0,0,63,63/6,0.01,0.04,0.00,0.00,0.01,13.49,0.04,0.00,10.10,MassNavigationSimulationStepSystem:8.70,EffectProcessingLoopSystem:0.28,AbilityEndOrderSystem:0.21,3.34,PresenterEntityTransformSyncSystem:1.01,AnimatorRuntimeSystem:0.58,TerrainHeightSyncSystem:0.39,0.00,0,0,0,0,0,0.58,1.01,0.19,10009/0,0.00,0/0,0.39,10009,0.00,0.00/0.00/0.00/0.00,0.00/0.00/0.00,0.00/0.00/0.00/0.00/0.00/0.00,0.00/0.00/0.00/0.00/0.00,0.19,0.03,0.00,0.15,0.19,0.00,0.02,126,2,0,0.08,0.01,4/0,0.00,0,0,0,0,0.05,0.00,0.00,0.00,0,0.00,0.00,0,0,0/0,0.00,0,0,0.00,0,0,0.00,0,0,0.16,0.00,0,2,0,0.15,0.00,0.00,0.00,0.00,0.00,0.37,0.00,0,0.00,0,0,0/0/0,0.12,0.00,126,1,1,0,0,0,2026-09-09T18:31:54.7989559Z
5.26ms,190.2,0,63,30009,"mass_navigation_agent_health_text_light:8568,mass_navigation_agent_health_hud_light:8568,mass_navigation_agent_azure_light:2142,mass_navigation_agent_crimson_light:2142,mass_navigation_agent_amber_light:2142,mass_navigation_agent_emerald_light:2142,mass_navigation_agent_health_text_heavy:1432,mass_navigation_agent_health_hud_heavy:1432",0,0,63,63/6,0.01,0.07,0.00,0.00,0.03,4.37,0.05,0.00,0.00,:0.00,:0.00,:0.00,4.26,PresenterEntityTransformSyncSystem:1.28,AnimatorRuntimeSystem:0.76,PresenterEmitSystem:0.58,0.01,0,0,0,0,0,0.76,1.28,0.26,10009/0,0.00,0/0,0.44,10009,0.00,0.00/0.00/0.00/0.00,0.00/0.00/0.00,0.00/0.00/0.00/0.00/0.00/0.00,0.00/0.00/0.00/0.00/0.00,0.24,0.03,0.00,0.20,0.24,0.00,0.04,126,2,0,0.14,0.02,4/0,0.00,0,0,0,0,0.09,0.00,0.00,0.00,0,0.00,0.00,0,0,0/0,0.00,0,0,0.00,0,0,0.00,0,0,0.23,0.00,0,2,0,0.23,0.00,0.00,0.00,0.00,0.00,0.58,0.00,0,0.00,0,0,0/0/0,0.14,0.00,126,1,1,0,0,0,2026-09-09T18:31:55.1587751Z
4.28ms,233.5,0,63,30009,"mass_navigation_agent_health_text_light:8568,mass_navigation_agent_health_hud_light:8568,mass_navigation_agent_azure_light:2142,mass_navigation_agent_crimson_light:2142,mass_navigation_agent_amber_light:2142,mass_navigation_agent_emerald_light:2142,mass_navigation_agent_health_text_heavy:1432,mass_navigation_agent_health_hud_heavy:1432",0,0,63,63/6,0.01,0.04,0.00,0.00,0.02,3.72,0.04,0.00,0.00,:0.00,:0.00,:0.00,3.66,PresenterEntityTransformSyncSystem:0.85,AnimatorRuntimeSystem:0.68,TerrainHeightSyncSystem:0.56,0.00,0,0,0,0,0,0.68,0.85,0.20,10009/0,0.00,0/0,0.56,10009,0.00,0.00/0.00/0.00/0.00,0.00/0.00/0.00,0.00/0.00/0.00/0.00/0.00/0.00,0.00/0.00/0.00/0.00/0.00,0.18,0.03,0.00,0.15,0.18,0.00,0.02,126,2,0,0.09,0.01,4/0,0.00,0,0,0,0,0.06,0.00,0.00,0.00,0,0.00,0.00,0,0,0/0,0.00,0,0,0.00,0,0,0.00,0,0,0.12,0.00,0,2,0,0.12,0.00,0.00,0.00,0.00,0.00,0.48,0.00,0,0.00,0,0,0/0/0,0.11,0.00,126,1,1,0,0,0,2026-09-09T18:31:55.5114582Z
4.37ms,228.8,0,63,30009,"mass_navigation_agent_health_text_light:8568,mass_navigation_agent_health_hud_light:8568,mass_navigation_agent_azure_light:2142,mass_navigation_agent_crimson_light:2142,mass_navigation_agent_amber_light:2142,mass_navigation_agent_emerald_light:2142,mass_navigation_agent_health_text_heavy:1432,mass_navigation_agent_health_hud_heavy:1432",0,0,63,63/6,0.01,0.05,0.00,0.00,0.05,3.73,0.04,0.00,0.00,:0.00,:0.00,:0.00,3.67,PresenterEntityTransformSyncSystem:0.91,AnimatorRuntimeSystem:0.67,TerrainHeightSyncSystem:0.52,0.00,0,0,0,0,0,0.67,0.91,0.21,10009/0,0.00,0/0,0.52,10009,0.00,0.00/0.00/0.00/0.00,0.00/0.00/0.00,0.00/0.00/0.00/0.00/0.00/0.00,0.00/0.00/0.00/0.00/0.00,0.21,0.03,0.00,0.17,0.21,0.00,0.03,126,2,0,0.10,0.01,4/0,0.00,0,0,0,0,0.07,0.00,0.00,0.00,0,0.00,0.00,0,0,0/0,0.00,0,0,0.00,0,0,0.00,0,0,0.13,0.00,0,2,0,0.13,0.00,0.00,0.00,0.00,0.00,0.52,0.00,0,0.00,0,0,0/0/0,0.11,0.00,126,1,1,0,0,0,2026-09-09T18:31:55.8740317Z
3.74ms,267.4,0,63,30009,"mass_navigation_agent_health_text_light:8568,mass_navigation_agent_health_hud_light:8568,mass_navigation_agent_azure_light:2142,mass_navigation_agent_crimson_light:2142,mass_navigation_agent_amber_light:2142,mass_navigation_agent_emerald_light:2142,mass_navigation_agent_health_text_heavy:1432,mass_navigation_agent_health_hud_heavy:1432",0,0,63,63/6,0.01,0.05,0.00,0.00,0.01,3.19,0.02,0.00,0.00,:0.00,:0.00,:0.00,3.15,PresenterEntityTransformSyncSystem:0.75,AnimatorRuntimeSystem:0.65,PresenterEmitSystem:0.52,0.00,0,0,0,0,0,0.65,0.75,0.18,10009/0,0.00,0/0,0.43,10009,0.00,0.00/0.00/0.00/0.00,0.00/0.00/0.00,0.00/0.00/0.00/0.00/0.00/0.00,0.00/0.00/0.00/0.00/0.00,0.17,0.02,0.00,0.14,0.16,0.00,0.02,126,2,0,0.09,0.01,4/0,0.00,0,0,0,0,0.07,0.00,0.00,0.00,0,0.00,0.00,0,0,0/0,0.00,0,0,0.00,0,0,0.00,0,0,0.10,0.00,0,2,0,0.10,0.00,0.00,0.00,0.00,0.00,0.52,0.00,0,0.00,0,0,0/0/0,0.10,0.00,126,1,1,0,0,0,2026-09-09T18:31:56.1841823Z
3.53ms,283.2,0,63,30009,"mass_navigation_agent_health_text_light:8568,mass_navigation_agent_health_hud_light:8568,mass_navigation_agent_azure_light:2142,mass_navigation_agent_crimson_light:2142,mass_navigation_agent_amber_light:2142,mass_navigation_agent_emerald_light:2142,mass_navigation_agent_health_text_heavy:1432,mass_navigation_agent_health_hud_heavy:1432",0,0,63,63/6,0.01,0.03,0.00,0.00,0.01,3.16,0.02,0.00,0.00,:0.00,:0.00,:0.00,3.11,PresenterEntityTransformSyncSystem:0.82,AnimatorRuntimeSystem:0.61,PresenterEmitSystem:0.47,0.00,0,0,0,0,0,0.61,0.82,0.18,10009/0,0.00,0/0,0.40,10009,0.00,0.00/0.00/0.00/0.00,0.00/0.00/0.00,0.00/0.00/0.00/0.00/0.00/0.00,0.00/0.00/0.00/0.00/0.00,0.16,0.02,0.00,0.13,0.16,0.00,0.02,126,2,0,0.06,0.01,4/0,0.00,0,0,0,0,0.05,0.00,0.00,0.00,0,0.00,0.00,0,0,0/0,0.00,0,0,0.00,0,0,0.00,0,0,0.06,0.00,0,2,0,0.06,0.00,0.00,0.00,0.00,0.00,0.47,0.00,0,0.00,0,0,0/0/0,0.06,0.00,126,1,1,0,0,0,2026-09-09T18:31:56.4801589Z
3.73ms,268.4,0,63,30009,"mass_navigation_agent_health_text_light:8568,mass_navigation_agent_health_hud_light:8568,mass_navigation_agent_azure_light:2142,mass_navigation_agent_crimson_light:2142,mass_navigation_agent_amber_light:2142,mass_navigation_agent_emerald_light:2142,mass_navigation_agent_health_text_heavy:1432,mass_navigation_agent_health_hud_heavy:1432",0,0,63,63/6,0.01,0.10,0.00,0.00,0.01,3.17,0.03,0.00,0.00,:0.00,:0.00,:0.00,3.12,PresenterEntityTransformSyncSystem:0.75,AnimatorRuntimeSystem:0.58,PresenterEmitSystem:0.45,0.00,0,0,0,0,0,0.58,0.75,0.21,10009/0,0.00,0/0,0.43,10009,0.00,0.00/0.00/0.00/0.00,0.00/0.00/0.00,0.00/0.00/0.00/0.00/0.00/0.00,0.00/0.00/0.00/0.00/0.00,0.16,0.02,0.00,0.14,0.16,0.00,0.02,126,2,0,0.15,0.01,4/0,0.00,0,0,0,0,0.12,0.00,0.00,0.00,0,0.00,0.00,0,0,0/0,0.00,0,0,0.00,0,0,0.00,0,0,0.11,0.00,0,2,0,0.11,0.00,0.00,0.00,0.00,0.00,0.44,0.00,0,0.00,0,0,0/0/0,0.07,0.00,126,1,1,0,0,0,2026-09-09T18:31:56.7666642Z
4.02ms,249.0,0,63,30009,"mass_navigation_agent_health_text_light:8568,mass_navigation_agent_health_hud_light:8568,mass_navigation_agent_azure_light:2142,mass_navigation_agent_crimson_light:2142,mass_navigation_agent_amber_light:2142,mass_navigation_agent_emerald_light:2142,mass_navigation_agent_health_text_heavy:1432,mass_navigation_agent_health_hud_heavy:1432",0,0,63,63/6,0.01,0.03,0.00,0.00,0.01,3.58,0.02,0.00,0.20,EffectProcessingLoopSystem:0.20,:0.00,:0.00,3.32,PresenterEntityTransformSyncSystem:0.91,AnimatorRuntimeSystem:0.67,TerrainHeightSyncSystem:0.39,0.00,0,0,0,0,0,0.67,0.91,0.22,10009/0,0.00,0/0,0.39,10009,0.00,0.00/0.00/0.00/0.00,0.00/0.00/0.00,0.00/0.00/0.00/0.00/0.00/0.00,0.00/0.00/0.00/0.00/0.00,0.24,0.03,0.00,0.21,0.24,0.00,0.01,126,2,0,0.07,0.01,4/0,0.00,0,0,0,0,0.05,0.00,0.00,0.00,0,0.00,0.00,0,0,0/0,0.00,0,0,0.00,0,0,0.00,0,0,0.10,0.00,0,2,0,0.10,0.00,0.00,0.00,0.00,0.00,0.33,0.00,0,0.00,0,0,0/0/0,0.09,0.00,126,1,1,0,0,0,2026-09-09T18:31:57.0932569Z
4.48ms,223.1,0,63,30009,"mass_navigation_agent_health_text_light:8568,mass_navigation_agent_health_hud_light:8568,mass_navigation_agent_azure_light:2142,mass_navigation_agent_crimson_light:2142,mass_navigation_agent_amber_light:2142,mass_navigation_agent_emerald_light:2142,mass_navigation_agent_health_text_heavy:1432,mass_navigation_agent_health_hud_heavy:1432",0,0,63,63/6,0.01,0.06,0.00,0.00,0.02,3.84,0.04,0.00,0.00,:0.00,:0.00,:0.00,3.77,PresenterEntityTransformSyncSystem:1.00,AnimatorRuntimeSystem:0.74,PresenterEmitSystem:0.51,0.00,0,0,0,0,0,0.74,1.00,0.22,10009/0,0.00,0/0,0.47,10009,0.00,0.00/0.00/0.00/0.00,0.00/0.00/0.00,0.00/0.00/0.00/0.00/0.00/0.00,0.00/0.00/0.00/0.00/0.00,0.21,0.03,0.00,0.17,0.21,0.00,0.03,126,2,0,0.11,0.02,4/0,0.00,0,0,0,0,0.08,0.00,0.00,0.00,0,0.00,0.00,0,0,0/0,0.00,0,0,0.00,0,0,0.00,0,0,0.14,0.00,0,2,0,0.14,0.00,0.00,0.00,0.00,0.00,0.51,0.00,0,0.00,0,0,0/0/0,0.12,0.00,126,1,1,0,0,0,2026-09-09T18:31:57.4351772Z
3.94ms,253.8,0,63,30009,"mass_navigation_agent_health_text_light:8568,mass_navigation_agent_health_hud_light:8568,mass_navigation_agent_azure_light:2142,mass_navigation_agent_crimson_light:2142,mass_navigation_agent_amber_light:2142,mass_navigation_agent_emerald_light:2142,mass_navigation_agent_health_text_heavy:1432,mass_navigation_agent_health_hud_heavy:1432",0,0,63,63/6,0.01,0.04,0.00,0.00,0.01,3.43,0.05,0.00,0.00,:0.00,:0.00,:0.00,3.39,PresenterEntityTransformSyncSystem:0.82,AnimatorRuntimeSystem:0.70,PresenterEmitSystem:0.47,0.00,0,0,0,0,0,0.70,0.82,0.21,10009/0,0.00,0/0,0.46,10009,0.00,0.00/0.00/0.00/0.00,0.00/0.00/0.00,0.00/0.00/0.00/0.00/0.00/0.00,0.00/0.00/0.00/0.00/0.00,0.20,0.03,0.00,0.16,0.20,0.00,0.04,126,2,0,0.08,0.01,4/0,0.00,0,0,0,0,0.05,0.00,0.00,0.00,0,0.00,0.00,0,0,0/0,0.00,0,0,0.00,0,0,0.00,0,0,0.11,0.00,0,2,0,0.11,0.00,0.00,0.00,0.00,0.00,0.47,0.00,0,0.00,0,0,0/0/0,0.10,0.00,126,1,1,0,0,0,2026-09-09T18:31:57.7709211Z
6.62ms,151.1,0,63,30009,"mass_navigation_agent_health_text_light:8568,mass_navigation_agent_health_hud_light:8568,mass_navigation_agent_azure_light:2142,mass_navigation_agent_crimson_light:2142,mass_navigation_agent_amber_light:2142,mass_navigation_agent_emerald_light:2142,mass_navigation_agent_health_text_heavy:1432,mass_navigation_agent_health_hud_heavy:1432",0,0,63,63/6,0.01,0.03,0.00,0.00,0.01,6.13,0.03,0.00,2.05,EffectProcessingLoopSystem:2.05,:0.00,:0.00,4.05,PresenterEntityTransformSyncSystem:1.34,AnimatorRuntimeSystem:0.91,TerrainHeightSyncSystem:0.43,0.00,0,0,0,0,0,0.90,1.34,0.23,10009/0,0.00,0/0,0.43,10009,0.00,0.00/0.00/0.00/0.00,0.00/0.00/0.00,0.00/0.00/0.00/0.00/0.00/0.00,0.00/0.00/0.00/0.00/0.00,0.18,0.03,0.00,0.15,0.18,0.00,0.02,126,2,0,0.07,0.01,4/0,0.00,0,0,0,0,0.05,0.00,0.00,0.00,0,0.00,0.00,0,0,0/0,0.00,0,0,0.00,0,0,0.00,0,0,0.12,0.00,0,2,0,0.12,0.00,0.00,0.00,0.00,0.00,0.36,0.00,0,0.00,0,0,0/0/0,0.09,0.00,126,1,1,0,0,0,2026-09-09T18:31:58.1019876Z
6.07ms,164.6,0,63,30009,"mass_navigation_agent_health_text_light:8568,mass_navigation_agent_health_hud_light:8568,mass_navigation_agent_azure_light:2142,mass_navigation_agent_crimson_light:2142,mass_navigation_agent_amber_light:2142,mass_navigation_agent_emerald_light:2142,mass_navigation_agent_health_text_heavy:1432,mass_navigation_agent_health_hud_heavy:1432",0,0,63,63/6,0.01,0.04,0.00,0.00,0.01,5.61,0.02,0.00,2.03,AttributeAggregatorSystem:0.55,MapEntityLifecycleObserverSystem:0.50,MassNavigationAuthoredAgentBindingSystem:0.46,3.53,PresenterEntityTransformSyncSystem:0.79,PresenterEmitSystem:0.64,AnimatorRuntimeSystem:0.56,0.19,0,178,178,0,0,0.56,0.79,0.21,10009/0,0.00,0/0,0.39,10009,0.00,0.00/0.00/0.00/0.00,0.00/0.00/0.00,0.00/0.00/0.00/0.00/0.00/0.00,0.00/0.00/0.00/0.00/0.00,0.16,0.02,0.00,0.13,0.16,0.00,0.01,126,2,0,0.07,0.01,4/0,0.00,0,0,0,0,0.05,0.00,0.00,0.00,0,0.00,0.00,0,0,0/0,0.00,0,0,0.00,0,0,0.00,0,0,0.11,0.00,0,2,0,0.11,0.00,0.00,0.00,0.00,0.00,0.64,0.00,0,0.29,354,0,354/0/0,0.09,0.00,126,1,1,0,0,0,2026-09-09T18:31:58.4133726Z
3.65ms,274.3,0,63,30009,"mass_navigation_agent_health_text_light:8568,mass_navigation_agent_health_hud_light:8568,mass_navigation_agent_azure_light:2142,mass_navigation_agent_crimson_light:2142,mass_navigation_agent_amber_light:2142,mass_navigation_agent_emerald_light:2142,mass_navigation_agent_health_text_heavy:1432,mass_navigation_agent_health_hud_heavy:1432",0,0,63,63/6,0.01,0.03,0.00,0.00,0.01,3.21,0.02,0.00,0.00,:0.00,:0.00,:0.00,3.18,PresenterEntityTransformSyncSystem:0.93,AnimatorRuntimeSystem:0.65,TerrainHeightSyncSystem:0.41,0.00,0,0,0,0,0,0.65,0.93,0.20,10009/0,0.00,0/0,0.41,10009,0.00,0.00/0.00/0.00/0.00,0.00/0.00/0.00,0.00/0.00/0.00/0.00/0.00/0.00,0.00/0.00/0.00/0.00/0.00,0.16,0.02,0.00,0.13,0.16,0.00,0.01,126,2,0,0.07,0.01,4/0,0.00,0,0,0,0,0.05,0.00,0.00,0.00,0,0.00,0.00,0,0,0/0,0.00,0,0,0.00,0,0,0.00,0,0,0.10,0.00,0,2,0,0.10,0.00,0.00,0.00,0.00,0.00,0.34,0.00,0,0.00,0,0,0/0/0,0.10,0.00,126,1,1,0,0,0,2026-09-09T18:31:58.6788241Z
8.40ms,119.0,0,63,30009,"mass_navigation_agent_health_text_light:8568,mass_navigation_agent_health_hud_light:8568,mass_navigation_agent_azure_light:2142,mass_navigation_agent_crimson_light:2142,mass_navigation_agent_amber_light:2142,mass_navigation_agent_emerald_light:2142,mass_navigation_agent_health_text_heavy:1432,mass_navigation_agent_health_hud_heavy:1432",0,0,63,63/6,0.01,0.03,0.00,0.00,0.01,7.88,0.03,0.00,3.95,EffectProcessingLoopSystem:1.80,MapEntityLifecycleObserverSystem:0.64,MassNavigationAuthoredAgentBindingSystem:0.55,3.88,PresenterEntityTransformSyncSystem:0.90,PresenterEmitSystem:0.65,AnimatorRuntimeSystem:0.60,0.20,0,161,161,0,0,0.60,0.90,0.20,10009/0,0.00,0/0,0.42,10009,0.00,0.00/0.00/0.00/0.00,0.00/0.00/0.00,0.00/0.00/0.00/0.00/0.00/0.00,0.00/0.00/0.00/0.00/0.00,0.19,0.03,0.00,0.16,0.19,0.00,0.02,126,2,0,0.07,0.01,4/0,0.00,0,0,0,0,0.05,0.00,0.00,0.00,0,0.00,0.00,0,0,0/0,0.00,0,0,0.00,0,0,0.00,0,0,0.14,0.00,0,2,0,0.13,0.00,0.00,0.00,0.00,0.00,0.65,0.00,0,0.28,320,0,320/0/0,0.09,0.00,126,1,1,0,0,0,2026-09-09T18:31:58.9590099Z
3.40ms,294.4,0,63,30009,"mass_navigation_agent_health_text_light:8568,mass_navigation_agent_health_hud_light:8568,mass_navigation_agent_azure_light:2142,mass_navigation_agent_crimson_light:2142,mass_navigation_agent_amber_light:2142,mass_navigation_agent_emerald_light:2142,mass_navigation_agent_health_text_heavy:1432,mass_navigation_agent_health_hud_heavy:1432",0,0,63,63/6,0.01,0.03,0.00,0.00,0.01,3.00,0.02,0.00,0.00,:0.00,:0.00,:0.00,2.96,PresenterEntityTransformSyncSystem:0.76,AnimatorRuntimeSystem:0.65,TerrainHeightSyncSystem:0.42,0.00,0,0,0,0,0,0.65,0.76,0.17,10009/0,0.00,0/0,0.42,10009,0.00,0.00/0.00/0.00/0.00,0.00/0.00/0.00,0.00/0.00/0.00/0.00/0.00/0.00,0.00/0.00/0.00/0.00/0.00,0.17,0.02,0.00,0.14,0.17,0.00,0.01,126,2,0,0.06,0.01,4/0,0.00,0,0,0,0,0.04,0.00,0.00,0.00,0,0.00,0.00,0,0,0/0,0.00,0,0,0.00,0,0,0.00,0,0,0.09,0.00,0,2,0,0.08,0.00,0.00,0.00,0.00,0.00,0.31,0.00,0,0.00,0,0,0/0/0,0.09,0.00,126,1,1,0,0,0,2026-09-09T18:31:59.2331121Z
8.33ms,120.0,0,63,30009,"mass_navigation_agent_health_text_light:8568,mass_navigation_agent_health_hud_light:8568,mass_navigation_agent_azure_light:2142,mass_navigation_agent_crimson_light:2142,mass_navigation_agent_amber_light:2142,mass_navigation_agent_emerald_light:2142,mass_navigation_agent_health_text_heavy:1432,mass_navigation_agent_health_hud_heavy:1432",0,0,63,63/6,0.01,0.03,0.00,0.00,0.01,7.82,0.03,0.00,3.98,EffectProcessingLoopSystem:1.77,MapEntityLifecycleObserverSystem:0.61,AttributeAggregatorSystem:0.56,3.82,PresenterEntityTransformSyncSystem:0.90,PresenterEmitSystem:0.57,AnimatorRuntimeSystem:0.55,0.23,0,173,173,0,0,0.55,0.90,0.21,10009/0,0.00,0/0,0.40,10009,0.00,0.00/0.00/0.00/0.00,0.00/0.00/0.00,0.00/0.00/0.00/0.00/0.00/0.00,0.00/0.00/0.00/0.00/0.00,0.25,0.03,0.00,0.22,0.25,0.00,0.02,126,2,0,0.07,0.01,4/0,0.00,0,0,0,0,0.04,0.00,0.00,0.00,0,0.00,0.00,0,0,0/0,0.00,0,0,0.00,0,0,0.00,0,0,0.14,0.00,0,2,0,0.14,0.00,0.00,0.00,0.00,0.00,0.57,0.00,0,0.26,344,0,344/0/0,0.10,0.00,126,1,1,0,0,0,2026-09-09T18:31:59.5006795Z
16.82ms,59.4,0,63,30009,"mass_navigation_agent_health_text_light:8568,mass_navigation_agent_health_hud_light:8568,mass_navigation_agent_azure_light:2142,mass_navigation_agent_crimson_light:2142,mass_navigation_agent_amber_light:2142,mass_navigation_agent_emerald_light:2142,mass_navigation_agent_health_text_heavy:1432,mass_navigation_agent_health_hud_heavy:1432",0,0,63,63/6,0.01,0.04,0.00,0.00,0.01,16.04,0.05,0.00,11.50,MassNavigationSimulationStepSystem:9.76,AbilityEndOrderSystem:0.34,EffectProcessingLoopSystem:0.28,4.50,PresenterEntityTransformSyncSystem:1.63,AnimatorRuntimeSystem:0.60,PresenterEmitSystem:0.55,0.01,0,0,0,0,0,0.60,1.63,0.27,10009/0,0.00,0/0,0.42,10009,0.00,0.00/0.00/0.00/0.00,0.00/0.00/0.00,0.00/0.00/0.00/0.00/0.00/0.00,0.00/0.00/0.00/0.00/0.00,0.22,0.04,0.00,0.17,0.22,0.00,0.03,126,2,0,0.08,0.01,4/0,0.00,0,0,0,0,0.05,0.00,0.00,0.00,0,0.00,0.00,0,0,0/0,0.00,0,0,0.00,0,0,0.00,0,0,0.22,0.00,0,2,0,0.22,0.00,0.00,0.00,0.00,0.00,0.55,0.00,0,0.00,0,0,0/0/0,0.16,0.00,126,1,1,0,0,0,2026-09-09T18:31:59.7995595Z
3.62ms,276.2,0,63,30009,"mass_navigation_agent_health_text_light:8568,mass_navigation_agent_health_hud_light:8568,mass_navigation_agent_azure_light:2142,mass_navigation_agent_crimson_light:2142,mass_navigation_agent_amber_light:2142,mass_navigation_agent_emerald_light:2142,mass_navigation_agent_health_text_heavy:1432,mass_navigation_agent_health_hud_heavy:1432",0,0,63,63/6,0.01,0.03,0.00,0.00,0.01,3.13,0.03,0.00,0.00,:0.00,:0.00,:0.00,3.09,PresenterEntityTransformSyncSystem:0.92,AnimatorRuntimeSystem:0.61,TerrainHeightSyncSystem:0.37,0.00,0,0,0,0,0,0.61,0.92,0.20,10009/0,0.00,0/0,0.37,10009,0.00,0.00/0.00/0.00/0.00,0.00/0.00/0.00,0.00/0.00/0.00/0.00/0.00/0.00,0.00/0.00/0.00/0.00/0.00,0.17,0.03,0.00,0.14,0.17,0.00,0.02,126,2,0,0.07,0.01,4/0,0.00,0,0,0,0,0.05,0.00,0.00,0.00,0,0.00,0.00,0,0,0/0,0.00,0,0,0.00,0,0,0.00,0,0,0.13,0.00,0,2,0,0.13,0.00,0.00,0.00,0.00,0.00,0.34,0.00,0,0.00,0,0,0/0/0,0.09,0.00,126,1,1,0,0,0,2026-09-09T18:32:00.1084714Z
3.54ms,282.2,0,63,30009,"mass_navigation_agent_health_text_light:8568,mass_navigation_agent_health_hud_light:8568,mass_navigation_agent_azure_light:2142,mass_navigation_agent_crimson_light:2142,mass_navigation_agent_amber_light:2142,mass_navigation_agent_emerald_light:2142,mass_navigation_agent_health_text_heavy:1432,mass_navigation_agent_health_hud_heavy:1432",0,0,63,63/6,0.01,0.03,0.00,0.00,0.01,3.10,0.02,0.00,0.00,:0.00,:0.00,:0.00,3.06,PresenterEntityTransformSyncSystem:0.82,AnimatorRuntimeSystem:0.60,TerrainHeightSyncSystem:0.43,0.00,0,0,0,0,0,0.60,0.82,0.23,10009/0,0.00,0/0,0.43,10009,0.00,0.00/0.00/0.00/0.00,0.00/0.00/0.00,0.00/0.00/0.00/0.00/0.00/0.00,0.00/0.00/0.00/0.00/0.00,0.17,0.02,0.00,0.14,0.17,0.00,0.01,126,2,0,0.07,0.01,4/0,0.00,0,0,0,0,0.05,0.00,0.00,0.00,0,0.00,0.00,0,0,0/0,0.00,0,0,0.00,0,0,0.00,0,0,0.10,0.00,0,2,0,0.10,0.00,0.00,0.00,0.00,0.00,0.32,0.00,0,0.00,0,0,0/0/0,0.09,0.00,126,1,1,0,0,0,2026-09-09T18:32:00.3791289Z
3.69ms,270.9,0,63,30009,"mass_navigation_agent_health_text_light:8568,mass_navigation_agent_health_hud_light:8568,mass_navigation_agent_azure_light:2142,mass_navigation_agent_crimson_light:2142,mass_navigation_agent_amber_light:2142,mass_navigation_agent_emerald_light:2142,mass_navigation_agent_health_text_heavy:1432,mass_navigation_agent_health_hud_heavy:1432",0,0,63,63/6,0.01,0.05,0.00,0.00,0.01,3.26,0.02,0.00,0.00,:0.00,:0.00,:0.00,3.21,PresenterEntityTransformSyncSystem:0.85,AnimatorRuntimeSystem:0.68,TerrainHeightSyncSystem:0.39,0.00,0,0,0,0,0,0.68,0.85,0.19,10009/0,0.00,0/0,0.39,10009,0.00,0.00/0.00/0.00/0.00,0.00/0.00/0.00,0.00/0.00/0.00/0.00/0.00/0.00,0.00/0.00/0.00/0.00/0.00,0.20,0.03,0.00,0.17,0.20,0.00,0.02,126,2,0,0.09,0.01,4/0,0.00,0,0,0,0,0.06,0.00,0.00,0.00,0,0.00,0.00,0,0,0/0,0.00,0,0,0.00,0,0,0.00,0,0,0.09,0.00,0,2,0,0.09,0.00,0.00,0.00,0.00,0.00,0.35,0.00,0,0.00,0,0,0/0/0,0.08,0.00,126,1,1,0,0,0,2026-09-09T18:32:00.6573740Z
3.80ms,263.1,0,63,30009,"mass_navigation_agent_health_text_light:8568,mass_navigation_agent_health_hud_light:8568,mass_navigation_agent_azure_light:2142,mass_navigation_agent_crimson_light:2142,mass_navigation_agent_amber_light:2142,mass_navigation_agent_emerald_light:2142,mass_navigation_agent_health_text_heavy:1432,mass_navigation_agent_health_hud_heavy:1432",0,0,63,63/6,0.01,0.03,0.00,0.00,0.01,3.41,0.02,0.00,0.00,:0.00,:0.00,:0.00,3.37,PresenterEntityTransformSyncSystem:0.77,TerrainHeightSyncSystem:0.69,AnimatorRuntimeSystem:0.65,0.00,0,0,0,0,0,0.65,0.77,0.18,10009/0,0.00,0/0,0.69,10009,0.00,0.00/0.00/0.00/0.00,0.00/0.00/0.00,0.00/0.00/0.00/0.00/0.00/0.00,0.00/0.00/0.00/0.00/0.00,0.26,0.04,0.00,0.21,0.26,0.00,0.01,126,2,0,0.06,0.01,4/0,0.00,0,0,0,0,0.04,0.00,0.00,0.00,0,0.00,0.00,0,0,0/0,0.00,0,0,0.00,0,0,0.00,0,0,0.09,0.00,0,2,0,0.09,0.00,0.00,0.00,0.00,0.00,0.34,0.00,0,0.00,0,0,0/0/0,0.07,0.00,126,1,1,0,0,0,2026-09-09T18:32:00.9197043Z
3.39ms,295.3,0,63,30009,"mass_navigation_agent_health_text_light:8568,mass_navigation_agent_health_hud_light:8568,mass_navigation_agent_azure_light:2142,mass_navigation_agent_crimson_light:2142,mass_navigation_agent_amber_light:2142,mass_navigation_agent_emerald_light:2142,mass_navigation_agent_health_text_heavy:1432,mass_navigation_agent_health_hud_heavy:1432",0,0,63,63/6,0.01,0.03,0.00,0.00,0.01,3.02,0.02,0.00,0.00,:0.00,:0.00,:0.00,2.99,PresenterEntityTransformSyncSystem:0.83,AnimatorRuntimeSystem:0.59,TerrainHeightSyncSystem:0.40,0.00,0,0,0,0,0,0.59,0.83,0.20,10009/0,0.00,0/0,0.40,10009,0.00,0.00/0.00/0.00/0.00,0.00/0.00/0.00,0.00/0.00/0.00/0.00/0.00/0.00,0.00/0.00/0.00/0.00/0.00,0.16,0.02,0.00,0.14,0.16,0.00,0.01,126,2,0,0.06,0.01,4/0,0.00,0,0,0,0,0.04,0.00,0.00,0.00,0,0.00,0.00,0,0,0/0,0.00,0,0,0.00,0,0,0.00,0,0,0.08,0.00,0,2,0,0.07,0.00,0.00,0.00,0.00,0.00,0.33,0.00,0,0.00,0,0,0/0/0,0.07,0.00,126,1,1,0,0,0,2026-09-09T18:32:01.1837935Z
3.20ms,312.3,0,63,30009,"mass_navigation_agent_health_text_light:8568,mass_navigation_agent_health_hud_light:8568,mass_navigation_agent_azure_light:2142,mass_navigation_agent_crimson_light:2142,mass_navigation_agent_amber_light:2142,mass_navigation_agent_emerald_light:2142,mass_navigation_agent_health_text_heavy:1432,mass_navigation_agent_health_hud_heavy:1432",0,0,63,63/6,0.01,0.03,0.00,0.00,0.01,2.84,0.02,0.00,0.00,:0.00,:0.00,:0.00,2.80,PresenterEntityTransformSyncSystem:0.73,AnimatorRuntimeSystem:0.55,TerrainHeightSyncSystem:0.44,0.00,0,0,0,0,0,0.55,0.73,0.18,10009/0,0.00,0/0,0.43,10009,0.00,0.00/0.00/0.00/0.00,0.00/0.00/0.00,0.00/0.00/0.00/0.00/0.00/0.00,0.00/0.00/0.00/0.00/0.00,0.16,0.02,0.00,0.13,0.16,0.00,0.01,126,2,0,0.06,0.01,4/0,0.00,0,0,0,0,0.04,0.00,0.00,0.00,0,0.00,0.00,0,0,0/0,0.00,0,0,0.00,0,0,0.00,0,0,0.08,0.00,0,2,0,0.07,0.00,0.00,0.00,0.00,0.00,0.30,0.00,0,0.00,0,0,0/0/0,0.07,0.00,126,1,1,0,0,0,2026-09-09T18:32:01.4560548Z
3.30ms,303.0,0,63,30009,"mass_navigation_agent_health_text_light:8568,mass_navigation_agent_health_hud_light:8568,mass_navigation_agent_azure_light:2142,mass_navigation_agent_crimson_light:2142,mass_navigation_agent_amber_light:2142,mass_navigation_agent_emerald_light:2142,mass_navigation_agent_health_text_heavy:1432,mass_navigation_agent_health_hud_heavy:1432",0,0,63,63/6,0.01,0.03,0.00,0.00,0.01,2.93,0.02,0.00,0.00,:0.00,:0.00,:0.00,2.90,PresenterEntityTransformSyncSystem:0.87,AnimatorRuntimeSystem:0.56,TerrainHeightSyncSystem:0.37,0.00,0,0,0,0,0,0.56,0.87,0.18,10009/0,0.00,0/0,0.37,10009,0.00,0.00/0.00/0.00/0.00,0.00/0.00/0.00,0.00/0.00/0.00/0.00/0.00/0.00,0.00/0.00/0.00/0.00/0.00,0.15,0.02,0.00,0.13,0.15,0.00,0.01,126,2,0,0.06,0.01,4/0,0.00,0,0,0,0,0.04,0.00,0.00,0.00,0,0.00,0.00,0,0,0/0,0.00,0,0,0.00,0,0,0.00,0,0,0.09,0.00,0,2,0,0.09,0.00,0.00,0.00,0.00,0.00,0.31,0.00,0,0.00,0,0,0/0/0,0.07,0.00,126,1,1,0,0,0,2026-09-09T18:32:01.7156579Z
8.05ms,124.3,0,63,30009,"mass_navigation_agent_health_text_light:8568,mass_navigation_agent_health_hud_light:8568,mass_navigation_agent_azure_light:2142,mass_navigation_agent_crimson_light:2142,mass_navigation_agent_amber_light:2142,mass_navigation_agent_emerald_light:2142,mass_navigation_agent_health_text_heavy:1432,mass_navigation_agent_health_hud_heavy:1432",0,0,63,63/6,0.01,0.03,0.00,0.00,0.01,7.53,0.03,0.00,3.70,EffectProcessingLoopSystem:1.57,MassNavigationAuthoredAgentBindingSystem:0.60,MapEntityLifecycleObserverSystem:0.58,3.78,PresenterEntityTransformSyncSystem:0.93,PresenterEmitSystem:0.59,AnimatorRuntimeSystem:0.54,0.16,0,142,142,0,0,0.54,0.93,0.23,10009/0,0.00,0/0,0.42,10009,0.00,0.00/0.00/0.00/0.00,0.00/0.00/0.00,0.00/0.00/0.00/0.00/0.00/0.00,0.00/0.00/0.00/0.00/0.00,0.19,0.03,0.00,0.15,0.19,0.00,0.02,126,2,0,0.07,0.01,4/0,0.00,0,0,0,0,0.05,0.00,0.00,0.00,0,0.00,0.00,0,0,0/0,0.00,0,0,0.00,0,0,0.00,0,0,0.13,0.00,0,2,0,0.13,0.00,0.00,0.00,0.00,0.00,0.59,0.00,0,0.26,282,0,282/0/0,0.10,0.00,126,1,1,0,0,0,2026-09-09T18:32:02.0107230Z
3.55ms,281.7,0,63,30009,"mass_navigation_agent_health_text_light:8568,mass_navigation_agent_health_hud_light:8568,mass_navigation_agent_azure_light:2142,mass_navigation_agent_crimson_light:2142,mass_navigation_agent_amber_light:2142,mass_navigation_agent_emerald_light:2142,mass_navigation_agent_health_text_heavy:1432,mass_navigation_agent_health_hud_heavy:1432",0,0,63,63/6,0.01,0.03,0.00,0.00,0.01,3.15,0.02,0.00,0.00,:0.00,:0.00,:0.00,3.12,PresenterEntityTransformSyncSystem:0.93,AnimatorRuntimeSystem:0.66,TerrainHeightSyncSystem:0.38,0.00,0,0,0,0,0,0.66,0.93,0.19,10009/0,0.00,0/0,0.38,10009,0.00,0.00/0.00/0.00/0.00,0.00/0.00/0.00,0.00/0.00/0.00/0.00/0.00/0.00,0.00/0.00/0.00/0.00/0.00,0.16,0.02,0.00,0.13,0.16,0.00,0.01,126,2,0,0.06,0.01,4/0,0.00,0,0,0,0,0.04,0.00,0.00,0.00,0,0.00,0.00,0,0,0/0,0.00,0,0,0.00,0,0,0.00,0,0,0.09,0.00,0,2,0,0.09,0.00,0.00,0.00,0.00,0.00,0.33,0.00,0,0.00,0,0,0/0/0,0.08,0.00,126,1,1,0,0,0,2026-09-09T18:32:02.2744749Z
6.89ms,145.1,0,63,30009,"mass_navigation_agent_health_text_light:8568,mass_navigation_agent_health_hud_light:8568,mass_navigation_agent_azure_light:2142,mass_navigation_agent_crimson_light:2142,mass_navigation_agent_amber_light:2142,mass_navigation_agent_emerald_light:2142,mass_navigation_agent_health_text_heavy:1432,mass_navigation_agent_health_hud_heavy:1432",0,0,63,63/6,0.01,0.04,0.00,0.00,0.01,6.46,0.02,0.00,3.39,MassNavigationSimulationStepSystem:2.08,EffectProcessingLoopSystem:0.31,OrderBufferSystem:0.19,3.03,PresenterEntityTransformSyncSystem:0.84,AnimatorRuntimeSystem:0.54,TerrainHeightSyncSystem:0.44,0.00,0,0,0,0,0,0.54,0.84,0.19,10009/0,0.00,0/0,0.44,10009,0.00,0.00/0.00/0.00/0.00,0.00/0.00/0.00,0.00/0.00/0.00/0.00/0.00/0.00,0.00/0.00/0.00/0.00/0.00,0.18,0.03,0.00,0.15,0.18,0.00,0.02,126,2,0,0.07,0.01,4/0,0.00,0,0,0,0,0.05,0.00,0.00,0.00,0,0.00,0.00,0,0,0/0,0.00,0,0,0.00,0,0,0.00,0,0,0.10,0.00,0,2,0,0.10,0.00,0.00,0.00,0.00,0.00,0.32,0.00,0,0.00,0,0,0/0/0,0.08,0.00,126,1,1,0,0,0,2026-09-09T18:32:02.5385959Z
3.19ms,313.8,0,63,30009,"mass_navigation_agent_health_text_light:8568,mass_navigation_agent_health_hud_light:8568,mass_navigation_agent_azure_light:2142,mass_navigation_agent_crimson_light:2142,mass_navigation_agent_amber_light:2142,mass_navigation_agent_emerald_light:2142,mass_navigation_agent_health_text_heavy:1432,mass_navigation_agent_health_hud_heavy:1432",0,0,63,63/6,0.01,0.03,0.00,0.00,0.01,2.84,0.02,0.00,0.00,:0.00,:0.00,:0.00,2.80,PresenterEntityTransformSyncSystem:0.74,AnimatorRuntimeSystem:0.57,TerrainHeightSyncSystem:0.36,0.00,0,0,0,0,0,0.57,0.74,0.18,10009/0,0.00,0/0,0.36,10009,0.00,0.00/0.00/0.00/0.00,0.00/0.00/0.00,0.00/0.00/0.00/0.00/0.00/0.00,0.00/0.00/0.00/0.00/0.00,0.19,0.05,0.00,0.13,0.19,0.00,0.01,126,2,0,0.06,0.01,4/0,0.00,0,0,0,0,0.05,0.00,0.00,0.00,0,0.00,0.00,0,0,0/0,0.00,0,0,0.00,0,0,0.00,0,0,0.06,0.00,0,2,0,0.06,0.00,0.00,0.00,0.00,0.00,0.31,0.00,0,0.00,0,0,0/0/0,0.07,0.00,126,1,1,0,0,0,2026-09-09T18:32:02.8119420Z
3.50ms,285.5,0,63,30009,"mass_navigation_agent_health_text_light:8568,mass_navigation_agent_health_hud_light:8568,mass_navigation_agent_azure_light:2142,mass_navigation_agent_crimson_light:2142,mass_navigation_agent_amber_light:2142,mass_navigation_agent_emerald_light:2142,mass_navigation_agent_health_text_heavy:1432,mass_navigation_agent_health_hud_heavy:1432",0,0,63,63/6,0.01,0.03,0.00,0.00,0.01,3.09,0.02,0.00,0.00,:0.00,:0.00,:0.00,3.05,PresenterEntityTransformSyncSystem:0.89,AnimatorRuntimeSystem:0.61,TerrainHeightSyncSystem:0.42,0.00,0,0,0,0,0,0.61,0.88,0.19,10009/0,0.00,0/0,0.42,10009,0.00,0.00/0.00/0.00/0.00,0.00/0.00/0.00,0.00/0.00/0.00/0.00/0.00/0.00,0.00/0.00/0.00/0.00/0.00,0.16,0.02,0.00,0.14,0.16,0.00,0.01,126,2,0,0.06,0.01,4/0,0.00,0,0,0,0,0.04,0.00,0.00,0.00,0,0.00,0.00,0,0,0/0,0.00,0,0,0.00,0,0,0.00,0,0,0.08,0.00,0,2,0,0.08,0.00,0.00,0.00,0.00,0.00,0.30,0.00,0,0.00,0,0,0/0/0,0.08,0.00,126,1,1,0,0,0,2026-09-09T18:32:03.0792359Z
3.54ms,282.8,0,63,30009,"mass_navigation_agent_health_text_light:8568,mass_navigation_agent_health_hud_light:8568,mass_navigation_agent_azure_light:2142,mass_navigation_agent_crimson_light:2142,mass_navigation_agent_amber_light:2142,mass_navigation_agent_emerald_light:2142,mass_navigation_agent_health_text_heavy:1432,mass_navigation_agent_health_hud_heavy:1432",0,0,63,63/6,0.00,0.04,0.00,0.00,0.01,3.09,0.02,0.00,0.00,:0.00,:0.00,:0.00,3.05,PresenterEntityTransformSyncSystem:0.84,AnimatorRuntimeSystem:0.60,TerrainHeightSyncSystem:0.42,0.00,0,0,0,0,0,0.60,0.84,0.20,10009/0,0.00,0/0,0.42,10009,0.00,0.00/0.00/0.00/0.00,0.00/0.00/0.00,0.00/0.00/0.00/0.00/0.00/0.00,0.00/0.00/0.00/0.00/0.00,0.17,0.02,0.00,0.14,0.16,0.00,0.01,126,2,0,0.07,0.01,4/0,0.00,0,0,0,0,0.05,0.00,0.00,0.00,0,0.00,0.00,0,0,0/0,0.00,0,0,0.00,0,0,0.00,0,0,0.10,0.00,0,2,0,0.10,0.00,0.00,0.00,0.00,0.00,0.33,0.00,0,0.00,0,0,0/0/0,0.10,0.00,126,1,1,0,0,0,2026-09-09T18:32:03.3340798Z
3.38ms,296.3,0,63,30009,"mass_navigation_agent_health_text_light:8568,mass_navigation_agent_health_hud_light:8568,mass_navigation_agent_azure_light:2142,mass_navigation_agent_crimson_light:2142,mass_navigation_agent_amber_light:2142,mass_navigation_agent_emerald_light:2142,mass_navigation_agent_health_text_heavy:1432,mass_navigation_agent_health_hud_heavy:1432",0,0,63,63/6,0.01,0.03,0.00,0.00,0.02,2.94,0.02,0.00,0.00,:0.00,:0.00,:0.00,2.89,PresenterEntityTransformSyncSystem:0.73,AnimatorRuntimeSystem:0.63,TerrainHeightSyncSystem:0.34,0.00,0,0,0,0,0,0.63,0.73,0.22,10009/0,0.00,0/0,0.34,10009,0.00,0.00/0.00/0.00/0.00,0.00/0.00/0.00,0.00/0.00/0.00/0.00/0.00/0.00,0.00/0.00/0.00/0.00/0.00,0.16,0.02,0.00,0.13,0.15,0.00,0.01,126,2,0,0.06,0.01,4/0,0.00,0,0,0,0,0.04,0.00,0.00,0.00,0,0.00,0.00,0,0,0/0,0.00,0,0,0.00,0,0,0.00,0,0,0.10,0.00,0,2,0,0.09,0.00,0.00,0.00,0.00,0.00,0.33,0.00,0,0.00,0,0,0/0/0,0.09,0.00,126,1,1,0,0,0,2026-09-09T18:32:03.6108680Z
3.60ms,278.0,0,63,30009,"mass_navigation_agent_health_text_light:8568,mass_navigation_agent_health_hud_light:8568,mass_navigation_agent_azure_light:2142,mass_navigation_agent_crimson_light:2142,mass_navigation_agent_amber_light:2142,mass_navigation_agent_emerald_light:2142,mass_navigation_agent_health_text_heavy:1432,mass_navigation_agent_health_hud_heavy:1432",0,0,63,63/6,0.01,0.03,0.00,0.00,0.01,3.15,0.02,0.00,0.00,:0.00,:0.00,:0.00,3.11,PresenterEntityTransformSyncSystem:0.82,AnimatorRuntimeSystem:0.65,TerrainHeightSyncSystem:0.43,0.00,0,0,0,0,0,0.65,0.82,0.19,10009/0,0.00,0/0,0.43,10009,0.00,0.00/0.00/0.00/0.00,0.00/0.00/0.00,0.00/0.00/0.00/0.00/0.00/0.00,0.00/0.00/0.00/0.00/0.00,0.21,0.02,0.00,0.18,0.21,0.00,0.01,126,2,0,0.07,0.01,4/0,0.00,0,0,0,0,0.05,0.00,0.00,0.00,0,0.00,0.00,0,0,0/0,0.00,0,0,0.00,0,0,0.00,0,0,0.10,0.00,0,2,0,0.10,0.00,0.00,0.00,0.00,0.00,0.32,0.00,0,0.00,0,0,0/0/0,0.10,0.00,126,1,1,0,0,0,2026-09-09T18:32:03.8685626Z
4.00ms,249.9,0,63,30009,"mass_navigation_agent_health_text_light:8568,mass_navigation_agent_health_hud_light:8568,mass_navigation_agent_azure_light:2142,mass_navigation_agent_crimson_light:2142,mass_navigation_agent_amber_light:2142,mass_navigation_agent_emerald_light:2142,mass_navigation_agent_health_text_heavy:1432,mass_navigation_agent_health_hud_heavy:1432",0,0,63,63/6,0.01,0.03,0.00,0.00,0.01,3.55,0.02,0.00,0.21,EffectProcessingLoopSystem:0.21,:0.00,:0.00,3.29,PresenterEntityTransformSyncSystem:0.89,AnimatorRuntimeSystem:0.63,TerrainHeightSyncSystem:0.38,0.00,0,0,0,0,0,0.63,0.89,0.21,10009/0,0.00,0/0,0.37,10009,0.00,0.00/0.00/0.00/0.00,0.00/0.00/0.00,0.00/0.00/0.00/0.00/0.00/0.00,0.00/0.00/0.00/0.00/0.00,0.27,0.05,0.00,0.22,0.27,0.00,0.02,126,2,0,0.07,0.01,4/0,0.00,0,0,0,0,0.05,0.00,0.00,0.00,0,0.00,0.00,0,0,0/0,0.00,0,0,0.00,0,0,0.00,0,0,0.10,0.00,0,2,0,0.10,0.00,0.00,0.00,0.00,0.00,0.34,0.00,0,0.00,0,0,0/0/0,0.09,0.00,126,1,1,0,0,0,2026-09-09T18:32:04.1446006Z
3.60ms,277.5,0,63,30009,"mass_navigation_agent_health_text_light:8568,mass_navigation_agent_health_hud_light:8568,mass_navigation_agent_azure_light:2142,mass_navigation_agent_crimson_light:2142,mass_navigation_agent_amber_light:2142,mass_navigation_agent_emerald_light:2142,mass_navigation_agent_health_text_heavy:1432,mass_navigation_agent_health_hud_heavy:1432",0,0,63,63/6,0.01,0.03,0.00,0.00,0.00,3.16,0.03,0.00,0.00,:0.00,:0.00,:0.00,3.13,PresenterEntityTransformSyncSystem:0.92,AnimatorRuntimeSystem:0.62,TerrainHeightSyncSystem:0.41,0.00,0,0,0,0,0,0.62,0.90,0.20,10009/0,0.00,0/0,0.41,10009,0.00,0.00/0.00/0.00/0.00,0.00/0.00/0.00,0.00/0.00/0.00/0.00/0.00/0.00,0.00/0.00/0.00/0.00/0.00,0.16,0.02,0.00,0.14,0.16,0.00,0.02,126,2,0,0.07,0.01,4/0,0.00,0,0,0,0,0.05,0.00,0.00,0.00,0,0.00,0.00,0,0,0/0,0.00,0,0,0.00,0,0,0.00,0,0,0.10,0.00,0,2,0,0.10,0.00,0.00,0.00,0.00,0.00,0.38,0.00,0,0.00,0,0,0/0/0,0.09,0.00,126,1,1,0,0,0,2026-09-09T18:32:04.4198777Z
3.39ms,295.2,0,63,30009,"mass_navigation_agent_health_text_light:8568,mass_navigation_agent_health_hud_light:8568,mass_navigation_agent_azure_light:2142,mass_navigation_agent_crimson_light:2142,mass_navigation_agent_amber_light:2142,mass_navigation_agent_emerald_light:2142,mass_navigation_agent_health_text_heavy:1432,mass_navigation_agent_health_hud_heavy:1432",0,0,63,63/6,0.01,0.03,0.00,0.00,0.01,3.00,0.02,0.00,0.00,:0.00,:0.00,:0.00,2.97,PresenterEntityTransformSyncSystem:0.83,AnimatorRuntimeSystem:0.62,TerrainHeightSyncSystem:0.41,0.00,0,0,0,0,0,0.62,0.83,0.17,10009/0,0.00,0/0,0.41,10009,0.00,0.00/0.00/0.00/0.00,0.00/0.00/0.00,0.00/0.00/0.00/0.00/0.00/0.00,0.00/0.00/0.00/0.00/0.00,0.16,0.02,0.00,0.13,0.16,0.00,0.01,126,2,0,0.06,0.01,4/0,0.00,0,0,0,0,0.04,0.00,0.00,0.00,0,0.00,0.00,0,0,0/0,0.00,0,0,0.00,0,0,0.00,0,0,0.09,0.00,0,2,0,0.09,0.00,0.00,0.00,0.00,0.00,0.29,0.00,0,0.00,0,0,0/0/0,0.09,0.00,126,1,1,0,0,0,2026-09-09T18:32:04.6757392Z
13.87ms,72.1,0,63,30009,"mass_navigation_agent_health_text_light:8568,mass_navigation_agent_health_hud_light:8568,mass_navigation_agent_azure_light:2142,mass_navigation_agent_crimson_light:2142,mass_navigation_agent_amber_light:2142,mass_navigation_agent_emerald_light:2142,mass_navigation_agent_health_text_heavy:1432,mass_navigation_agent_health_hud_heavy:1432",0,0,63,63/6,0.01,0.04,0.00,0.00,0.01,13.38,0.03,0.00,10.28,MassNavigationSimulationStepSystem:9.07,EffectProcessingLoopSystem:0.26,OrderBufferSystem:0.20,3.06,PresenterEntityTransformSyncSystem:0.86,AnimatorRuntimeSystem:0.53,TerrainHeightSyncSystem:0.43,0.00,0,0,0,0,0,0.53,0.86,0.20,10009/0,0.00,0/0,0.43,10009,0.00,0.00/0.00/0.00/0.00,0.00/0.00/0.00,0.00/0.00/0.00/0.00/0.00/0.00,0.00/0.00/0.00/0.00/0.00,0.20,0.03,0.00,0.16,0.19,0.00,0.02,126,2,0,0.07,0.01,4/0,0.00,0,0,0,0,0.05,0.00,0.00,0.00,0,0.00,0.00,0,0,0/0,0.00,0,0,0.00,0,0,0.00,0,0,0.12,0.00,0,2,0,0.12,0.00,0.00,0.00,0.00,0.00,0.33,0.00,0,0.00,0,0,0/0/0,0.09,0.00,126,1,1,0,0,0,2026-09-09T18:32:04.9466250Z
3.56ms,281.2,0,63,30009,"mass_navigation_agent_health_text_light:8568,mass_navigation_agent_health_hud_light:8568,mass_navigation_agent_azure_light:2142,mass_navigation_agent_crimson_light:2142,mass_navigation_agent_amber_light:2142,mass_navigation_agent_emerald_light:2142,mass_navigation_agent_health_text_heavy:1432,mass_navigation_agent_health_hud_heavy:1432",0,0,63,63/6,0.01,0.03,0.00,0.00,0.01,3.12,0.02,0.00,0.00,:0.00,:0.00,:0.00,3.07,PresenterEntityTransformSyncSystem:0.76,AnimatorRuntimeSystem:0.58,PresenterEmitSystem:0.44,0.00,0,0,0,0,0,0.58,0.76,0.21,10009/0,0.00,0/0,0.40,10009,0.00,0.00/0.00/0.00/0.00,0.00/0.00/0.00,0.00/0.00/0.00/0.00/0.00/0.00,0.00/0.00/0.00/0.00/0.00,0.17,0.03,0.00,0.14,0.17,0.00,0.02,126,2,0,0.07,0.01,4/0,0.00,0,0,0,0,0.05,0.00,0.00,0.00,0,0.00,0.00,0,0,0/0,0.00,0,0,0.00,0,0,0.00,0,0,0.09,0.00,0,2,0,0.09,0.00,0.00,0.00,0.00,0.00,0.44,0.00,0,0.00,0,0,0/0/0,0.09,0.00,126,1,1,0,0,0,2026-09-09T18:32:05.2244235Z
3.38ms,296.1,0,63,30009,"mass_navigation_agent_health_text_light:8568,mass_navigation_agent_health_hud_light:8568,mass_navigation_agent_azure_light:2142,mass_navigation_agent_crimson_light:2142,mass_navigation_agent_amber_light:2142,mass_navigation_agent_emerald_light:2142,mass_navigation_agent_health_text_heavy:1432,mass_navigation_agent_health_hud_heavy:1432",0,0,63,63/6,0.01,0.03,0.00,0.00,0.01,3.04,0.02,0.00,0.00,:0.00,:0.00,:0.00,3.00,PresenterEntityTransformSyncSystem:0.83,AnimatorRuntimeSystem:0.58,TerrainHeightSyncSystem:0.42,0.00,0,0,0,0,0,0.58,0.83,0.17,10009/0,0.00,0/0,0.42,10009,0.00,0.00/0.00/0.00/0.00,0.00/0.00/0.00,0.00/0.00/0.00/0.00/0.00/0.00,0.00/0.00/0.00/0.00/0.00,0.17,0.02,0.00,0.14,0.17,0.00,0.01,126,2,0,0.06,0.01,4/0,0.00,0,0,0,0,0.04,0.00,0.00,0.00,0,0.00,0.00,0,0,0/0,0.00,0,0,0.00,0,0,0.00,0,0,0.07,0.00,0,2,0,0.07,0.00,0.00,0.00,0.00,0.00,0.34,0.00,0,0.00,0,0,0/0/0,0.07,0.00,126,1,1,0,0,0,2026-09-09T18:32:05.4829854Z
8.21ms,121.9,0,63,30009,"mass_navigation_agent_health_text_light:8568,mass_navigation_agent_health_hud_light:8568,mass_navigation_agent_azure_light:2142,mass_navigation_agent_crimson_light:2142,mass_navigation_agent_amber_light:2142,mass_navigation_agent_emerald_light:2142,mass_navigation_agent_health_text_heavy:1432,mass_navigation_agent_health_hud_heavy:1432",0,0,63,63/6,0.01,0.03,0.00,0.00,0.01,7.85,0.02,0.00,4.08,EffectProcessingLoopSystem:1.79,MassNavigationAuthoredAgentBindingSystem:0.62,MapEntityLifecycleObserverSystem:0.62,3.73,PresenterEntityTransformSyncSystem:0.90,PresenterEmitSystem:0.61,AnimatorRuntimeSystem:0.54,0.20,0,157,157,0,0,0.54,0.90,0.23,10009/0,0.00,0/0,0.38,10009,0.00,0.00/0.00/0.00/0.00,0.00/0.00/0.00,0.00/0.00/0.00/0.00/0.00/0.00,0.00/0.00/0.00/0.00/0.00,0.18,0.03,0.00,0.15,0.18,0.00,0.02,126,2,0,0.06,0.01,4/0,0.00,0,0,0,0,0.04,0.00,0.00,0.00,0,0.00,0.00,0,0,0/0,0.00,0,0,0.00,0,0,0.00,0,0,0.08,0.00,0,2,0,0.08,0.00,0.00,0.00,0.00,0.00,0.61,0.00,0,0.27,312,0,312/0/0,0.07,0.00,126,1,1,0,0,0,2026-09-09T18:32:05.7534412Z
5.00ms,200.1,0,63,30009,"mass_navigation_agent_health_text_light:8568,mass_navigation_agent_health_hud_light:8568,mass_navigation_agent_azure_light:2142,mass_navigation_agent_crimson_light:2142,mass_navigation_agent_amber_light:2142,mass_navigation_agent_emerald_light:2142,mass_navigation_agent_health_text_heavy:1432,mass_navigation_agent_health_hud_heavy:1432",0,0,63,63/6,0.01,0.05,0.00,0.00,0.01,4.50,0.02,0.00,1.18,EffectProcessingLoopSystem:0.29,OrderBufferSystem:0.18,SpatialPartitionUpdateSystem:0.15,3.29,PresenterEntityTransformSyncSystem:0.97,AnimatorRuntimeSystem:0.64,TerrainHeightSyncSystem:0.41,0.00,0,0,0,0,0,0.64,0.97,0.20,10009/0,0.00,0/0,0.41,10009,0.00,0.00/0.00/0.00/0.00,0.00/0.00/0.00,0.00/0.00/0.00/0.00/0.00/0.00,0.00/0.00/0.00/0.00/0.00,0.18,0.03,0.00,0.15,0.18,0.00,0.01,126,2,0,0.08,0.01,4/0,0.00,0,0,0,0,0.06,0.00,0.00,0.00,0,0.00,0.00,0,0,0/0,0.00,0,0,0.00,0,0,0.00,0,0,0.11,0.00,0,2,0,0.11,0.00,0.00,0.00,0.00,0.00,0.36,0.00,0,0.00,0,0,0/0/0,0.09,0.00,126,1,1,0,0,0,2026-09-09T18:32:06.0366698Z
4.75ms,210.6,0,63,30009,"mass_navigation_agent_health_text_light:8568,mass_navigation_agent_health_hud_light:8568,mass_navigation_agent_azure_light:2142,mass_navigation_agent_crimson_light:2142,mass_navigation_agent_amber_light:2142,mass_navigation_agent_emerald_light:2142,mass_navigation_agent_health_text_heavy:1432,mass_navigation_agent_health_hud_heavy:1432",0,0,63,63/6,0.01,0.04,0.00,0.00,0.02,4.13,0.04,0.00,0.19,EffectProcessingLoopSystem:0.19,:0.00,:0.00,3.86,PresenterEntityTransformSyncSystem:1.25,AnimatorRuntimeSystem:0.64,TerrainHeightSyncSystem:0.45,0.02,0,0,0,0,0,0.64,1.24,0.28,10009/0,0.00,0/0,0.45,10009,0.00,0.00/0.00/0.00/0.00,0.00/0.00/0.00,0.00/0.00/0.00/0.00/0.00/0.00,0.00/0.00/0.00/0.00/0.00,0.22,0.03,0.00,0.18,0.22,0.00,0.03,126,2,0,0.08,0.01,4/0,0.00,0,0,0,0,0.05,0.00,0.00,0.00,0,0.00,0.00,0,0,0/0,0.00,0,0,0.00,0,0,0.00,0,0,0.17,0.00,0,2,0,0.17,0.00,0.00,0.00,0.00,0.00,0.39,0.00,0,0.00,0,0,0/0/0,0.11,0.00,126,1,1,0,0,0,2026-09-09T18:32:06.3465682Z
3.56ms,280.6,0,63,30009,"mass_navigation_agent_health_text_light:8568,mass_navigation_agent_health_hud_light:8568,mass_navigation_agent_azure_light:2142,mass_navigation_agent_crimson_light:2142,mass_navigation_agent_amber_light:2142,mass_navigation_agent_emerald_light:2142,mass_navigation_agent_health_text_heavy:1432,mass_navigation_agent_health_hud_heavy:1432",0,0,63,63/6,0.00,0.03,0.00,0.00,0.01,3.23,0.02,0.00,0.00,:0.00,:0.00,:0.00,3.19,PresenterEntityTransformSyncSystem:0.90,AnimatorRuntimeSystem:0.59,TerrainHeightSyncSystem:0.41,0.00,0,0,0,0,0,0.59,0.90,0.18,10009/0,0.00,0/0,0.41,10009,0.00,0.00/0.00/0.00/0.00,0.00/0.00/0.00,0.00/0.00/0.00/0.00/0.00/0.00,0.00/0.00/0.00/0.00/0.00,0.19,0.03,0.00,0.16,0.19,0.00,0.01,126,2,0,0.06,0.01,4/0,0.00,0,0,0,0,0.04,0.00,0.00,0.00,0,0.00,0.00,0,0,0/0,0.00,0,0,0.00,0,0,0.00,0,0,0.07,0.00,0,2,0,0.07,0.00,0.00,0.00,0.00,0.00,0.36,0.00,0,0.00,0,0,0/0/0,0.06,0.00,126,1,1,0,0,0,2026-09-09T18:32:06.7219128Z
4.30ms,232.8,0,63,30009,"mass_navigation_agent_health_text_light:8568,mass_navigation_agent_health_hud_light:8568,mass_navigation_agent_azure_light:2142,mass_navigation_agent_crimson_light:2142,mass_navigation_agent_amber_light:2142,mass_navigation_agent_emerald_light:2142,mass_navigation_agent_health_text_heavy:1432,mass_navigation_agent_health_hud_heavy:1432",0,0,63,63/6,0.01,0.03,0.00,0.00,0.07,3.84,0.02,0.00,0.00,:0.00,:0.00,:0.00,3.79,PresenterEntityTransformSyncSystem:0.98,TerrainHeightSyncSystem:0.71,AnimatorRuntimeSystem:0.62,0.00,0,0,0,0,0,0.62,0.98,0.19,10009/0,0.00,0/0,0.71,10009,0.00,0.00/0.00/0.00/0.00,0.00/0.00/0.00,0.00/0.00/0.00/0.00/0.00/0.00,0.00/0.00/0.00/0.00/0.00,0.29,0.05,0.00,0.23,0.29,0.00,0.01,126,2,0,0.06,0.01,4/0,0.00,0,0,0,0,0.05,0.00,0.00,0.00,0,0.00,0.00,0,0,0/0,0.00,0,0,0.00,0,0,0.00,0,0,0.10,0.00,0,2,0,0.10,0.00,0.00,0.00,0.00,0.00,0.31,0.00,0,0.00,0,0,0/0/0,0.07,0.00,126,1,1,0,0,0,2026-09-09T18:32:07.0256018Z
6.74ms,148.4,0,63,30009,"mass_navigation_agent_health_text_light:8568,mass_navigation_agent_health_hud_light:8568,mass_navigation_agent_azure_light:2142,mass_navigation_agent_crimson_light:2142,mass_navigation_agent_amber_light:2142,mass_navigation_agent_emerald_light:2142,mass_navigation_agent_health_text_heavy:1432,mass_navigation_agent_health_hud_heavy:1432",0,0,63,63/6,0.01,0.03,0.00,0.00,0.01,6.25,0.03,0.00,2.09,EffectProcessingLoopSystem:2.08,:0.00,:0.00,4.10,PresenterEntityTransformSyncSystem:0.98,TerrainHeightSyncSystem:0.77,AnimatorRuntimeSystem:0.63,0.00,0,0,0,0,0,0.63,0.98,0.21,10009/0,0.00,0/0,0.77,10009,0.00,0.00/0.00/0.00/0.00,0.00/0.00/0.00,0.00/0.00/0.00/0.00/0.00/0.00,0.00/0.00/0.00/0.00/0.00,0.35,0.05,0.00,0.30,0.35,0.00,0.02,126,2,0,0.07,0.01,4/0,0.00,0,0,0,0,0.05,0.00,0.00,0.00,0,0.00,0.00,0,0,0/0,0.00,0,0,0.00,0,0,0.00,0,0,0.12,0.00,0,2,0,0.11,0.00,0.00,0.00,0.00,0.00,0.35,0.00,0,0.00,0,0,0/0/0,0.09,0.00,126,1,1,0,0,0,2026-09-09T18:32:07.3539608Z
3.56ms,281.3,0,63,30009,"mass_navigation_agent_health_text_light:8568,mass_navigation_agent_health_hud_light:8568,mass_navigation_agent_azure_light:2142,mass_navigation_agent_crimson_light:2142,mass_navigation_agent_amber_light:2142,mass_navigation_agent_emerald_light:2142,mass_navigation_agent_health_text_heavy:1432,mass_navigation_agent_health_hud_heavy:1432",0,0,63,63/6,0.01,0.03,0.00,0.00,0.01,3.11,0.02,0.00,0.00,:0.00,:0.00,:0.00,3.07,PresenterEntityTransformSyncSystem:0.87,AnimatorRuntimeSystem:0.61,TerrainHeightSyncSystem:0.41,0.00,0,0,0,0,0,0.61,0.87,0.20,10009/0,0.00,0/0,0.41,10009,0.00,0.00/0.00/0.00/0.00,0.00/0.00/0.00,0.00/0.00/0.00/0.00/0.00/0.00,0.00/0.00/0.00/0.00/0.00,0.17,0.02,0.00,0.14,0.17,0.00,0.01,126,2,0,0.06,0.01,4/0,0.00,0,0,0,0,0.04,0.00,0.00,0.00,0,0.00,0.00,0,0,0/0,0.00,0,0,0.00,0,0,0.00,0,0,0.09,0.00,0,2,0,0.09,0.00,0.00,0.00,0.00,0.00,0.33,0.00,0,0.00,0,0,0/0/0,0.12,0.00,126,1,1,0,0,0,2026-09-09T18:32:07.6826518Z
3.55ms,281.4,0,63,30009,"mass_navigation_agent_health_text_light:8568,mass_navigation_agent_health_hud_light:8568,mass_navigation_agent_azure_light:2142,mass_navigation_agent_crimson_light:2142,mass_navigation_agent_amber_light:2142,mass_navigation_agent_emerald_light:2142,mass_navigation_agent_health_text_heavy:1432,mass_navigation_agent_health_hud_heavy:1432",0,0,63,63/6,0.01,0.03,0.00,0.00,0.01,3.21,0.02,0.00,0.00,:0.00,:0.00,:0.00,3.17,PresenterEntityTransformSyncSystem:0.86,AnimatorRuntimeSystem:0.65,TerrainHeightSyncSystem:0.42,0.00,0,0,0,0,0,0.65,0.86,0.21,10009/0,0.00,0/0,0.42,10009,0.00,0.00/0.00/0.00/0.00,0.00/0.00/0.00,0.00/0.00/0.00/0.00/0.00/0.00,0.00/0.00/0.00/0.00/0.00,0.17,0.03,0.00,0.14,0.17,0.00,0.01,126,2,0,0.06,0.01,4/0,0.00,0,0,0,0,0.04,0.00,0.00,0.00,0,0.00,0.00,0,0,0/0,0.00,0,0,0.00,0,0,0.00,0,0,0.07,0.00,0,2,0,0.07,0.00,0.00,0.00,0.00,0.00,0.34,0.00,0,0.00,0,0,0/0/0,0.07,0.00,126,1,1,0,0,0,2026-09-09T18:32:07.9716071Z
3.80ms,263.0,0,63,30009,"mass_navigation_agent_health_text_light:8568,mass_navigation_agent_health_hud_light:8568,mass_navigation_agent_azure_light:2142,mass_navigation_agent_crimson_light:2142,mass_navigation_agent_amber_light:2142,mass_navigation_agent_emerald_light:2142,mass_navigation_agent_health_text_heavy:1432,mass_navigation_agent_health_hud_heavy:1432",0,0,63,63/6,0.01,0.03,0.00,0.00,0.01,3.36,0.02,0.00,0.00,:0.00,:0.00,:0.00,3.32,PresenterEntityTransformSyncSystem:0.76,AnimatorRuntimeSystem:0.67,PresenterMinimapMarkerSystem:0.47,0.00,0,0,0,0,0,0.66,0.76,0.46,10009/0,0.00,0/0,0.40,10009,0.00,0.00/0.00/0.00/0.00,0.00/0.00/0.00,0.00/0.00/0.00/0.00/0.00/0.00,0.00/0.00/0.00/0.00/0.00,0.17,0.02,0.00,0.14,0.17,0.00,0.01,126,2,0,0.07,0.01,4/0,0.00,0,0,0,0,0.05,0.00,0.00,0.00,0,0.00,0.00,0,0,0/0,0.00,0,0,0.00,0,0,0.00,0,0,0.10,0.00,0,2,0,0.10,0.00,0.00,0.00,0.00,0.00,0.31,0.00,0,0.00,0,0,0/0/0,0.10,0.00,126,1,1,0,0,0,2026-09-09T18:32:08.2611940Z
3.84ms,260.6,0,63,30009,"mass_navigation_agent_health_text_light:8568,mass_navigation_agent_health_hud_light:8568,mass_navigation_agent_azure_light:2142,mass_navigation_agent_crimson_light:2142,mass_navigation_agent_amber_light:2142,mass_navigation_agent_emerald_light:2142,mass_navigation_agent_health_text_heavy:1432,mass_navigation_agent_health_hud_heavy:1432",0,0,63,63/6,0.01,0.03,0.00,0.00,0.02,3.37,0.02,0.00,0.22,EffectProcessingLoopSystem:0.22,:0.00,:0.00,3.10,PresenterEntityTransformSyncSystem:0.81,AnimatorRuntimeSystem:0.54,TerrainHeightSyncSystem:0.46,0.00,0,0,0,0,0,0.54,0.81,0.17,10009/0,0.00,0/0,0.46,10009,0.00,0.00/0.00/0.00/0.00,0.00/0.00/0.00,0.00/0.00/0.00/0.00/0.00/0.00,0.00/0.00/0.00/0.00/0.00,0.20,0.03,0.00,0.16,0.19,0.00,0.02,126,2,0,0.07,0.01,4/0,0.00,0,0,0,0,0.05,0.00,0.00,0.00,0,0.00,0.00,0,0,0/0,0.00,0,0,0.00,0,0,0.00,0,0,0.11,0.00,0,2,0,0.11,0.00,0.00,0.00,0.00,0.00,0.35,0.00,0,0.00,0,0,0/0/0,0.10,0.00,126,1,1,0,0,0,2026-09-09T18:32:08.5452369Z
3.41ms,293.3,0,63,30009,"mass_navigation_agent_health_text_light:8568,mass_navigation_agent_health_hud_light:8568,mass_navigation_agent_azure_light:2142,mass_navigation_agent_crimson_light:2142,mass_navigation_agent_amber_light:2142,mass_navigation_agent_emerald_light:2142,mass_navigation_agent_health_text_heavy:1432,mass_navigation_agent_health_hud_heavy:1432",0,0,63,63/6,0.01,0.03,0.00,0.00,0.01,3.04,0.02,0.00,0.00,:0.00,:0.00,:0.00,3.00,PresenterEntityTransformSyncSystem:0.76,AnimatorRuntimeSystem:0.62,TerrainHeightSyncSystem:0.41,0.00,0,0,0,0,0,0.62,0.76,0.19,10009/0,0.00,0/0,0.41,10009,0.00,0.00/0.00/0.00/0.00,0.00/0.00/0.00,0.00/0.00/0.00/0.00/0.00/0.00,0.00/0.00/0.00/0.00/0.00,0.16,0.02,0.00,0.14,0.16,0.00,0.01,126,2,0,0.06,0.01,4/0,0.00,0,0,0,0,0.04,0.00,0.00,0.00,0,0.00,0.00,0,0,0/0,0.00,0,0,0.00,0,0,0.00,0,0,0.08,0.00,0,2,0,0.08,0.00,0.00,0.00,0.00,0.00,0.37,0.00,0,0.00,0,0,0/0/0,0.07,0.00,126,1,1,0,0,0,2026-09-09T18:32:08.8316887Z
3.78ms,264.8,0,63,30009,"mass_navigation_agent_health_text_light:8568,mass_navigation_agent_health_hud_light:8568,mass_navigation_agent_azure_light:2142,mass_navigation_agent_crimson_light:2142,mass_navigation_agent_amber_light:2142,mass_navigation_agent_emerald_light:2142,mass_navigation_agent_health_text_heavy:1432,mass_navigation_agent_health_hud_heavy:1432",0,0,63,63/6,0.01,0.05,0.00,0.00,0.01,3.27,0.02,0.00,0.00,:0.00,:0.00,:0.00,3.23,PresenterEntityTransformSyncSystem:0.83,AnimatorRuntimeSystem:0.60,PresenterEmitSystem:0.44,0.00,0,0,0,0,0,0.60,0.83,0.19,10009/0,0.00,0/0,0.42,10009,0.00,0.00/0.00/0.00/0.00,0.00/0.00/0.00,0.00/0.00/0.00/0.00/0.00/0.00,0.00/0.00/0.00/0.00/0.00,0.17,0.02,0.00,0.14,0.17,0.00,0.02,126,2,0,0.09,0.01,4/0,0.00,0,0,0,0,0.06,0.00,0.00,0.00,0,0.00,0.00,0,0,0/0,0.00,0,0,0.00,0,0,0.00,0,0,0.10,0.00,0,2,0,0.10,0.00,0.00,0.00,0.00,0.00,0.44,0.00,0,0.00,0,0,0/0/0,0.10,0.00,126,1,1,0,0,0,2026-09-09T18:32:09.1191565Z
9.64ms,103.7,0,63,30009,"mass_navigation_agent_health_text_light:8568,mass_navigation_agent_health_hud_light:8568,mass_navigation_agent_azure_light:2142,mass_navigation_agent_crimson_light:2142,mass_navigation_agent_amber_light:2142,mass_navigation_agent_emerald_light:2142,mass_navigation_agent_health_text_heavy:1432,mass_navigation_agent_health_hud_heavy:1432",0,0,63,63/6,0.01,0.03,0.00,0.00,0.01,8.95,0.11,0.00,4.56,EffectProcessingLoopSystem:2.03,MapEntityLifecycleObserverSystem:0.73,MassNavigationAuthoredAgentBindingSystem:0.65,4.33,PresenterEntityTransformSyncSystem:1.05,PresenterEmitSystem:0.88,AnimatorRuntimeSystem:0.55,0.24,0,187,187,0,0,0.55,1.05,0.24,10009/0,0.00,0/0,0.38,10009,0.00,0.00/0.00/0.00/0.00,0.00/0.00/0.00,0.00/0.00/0.00/0.00/0.00/0.00,0.00/0.00/0.00/0.00/0.00,0.20,0.03,0.00,0.16,0.20,0.00,0.10,126,2,0,0.08,0.01,4/0,0.00,0,0,0,0,0.05,0.00,0.00,0.01,0,0.00,0.00,0,0,0/0,0.00,0,0,0.00,0,0,0.00,0,0,0.18,0.00,0,2,0,0.17,0.00,0.00,0.00,0.00,0.00,0.88,0.00,0,0.32,372,0,372/0/0,0.12,0.00,126,1,1,0,0,0,2026-09-09T18:32:09.4126436Z
9.44ms,106.0,0,63,30009,"mass_navigation_agent_health_text_light:8568,mass_navigation_agent_health_hud_light:8568,mass_navigation_agent_azure_light:2142,mass_navigation_agent_crimson_light:2142,mass_navigation_agent_amber_light:2142,mass_navigation_agent_emerald_light:2142,mass_navigation_agent_health_text_heavy:1432,mass_navigation_agent_health_hud_heavy:1432",0,0,63,63/6,0.01,0.04,0.00,0.00,0.02,8.79,0.04,0.00,4.25,EffectProcessingLoopSystem:1.87,MapEntityLifecycleObserverSystem:0.72,MassNavigationAuthoredAgentBindingSystem:0.62,4.49,PresenterEntityTransformSyncSystem:1.23,PresenterEmitSystem:0.81,AnimatorRuntimeSystem:0.59,0.23,0,146,146,0,0,0.59,1.23,0.24,10009/0,0.00,0/0,0.41,10009,0.00,0.00/0.00/0.00/0.00,0.00/0.00/0.00,0.00/0.00/0.00/0.00/0.00/0.00,0.00/0.00/0.00/0.00/0.00,0.24,0.03,0.00,0.20,0.24,0.00,0.03,126,2,0,0.08,0.01,4/0,0.00,0,0,0,0,0.05,0.00,0.00,0.00,0,0.00,0.00,0,0,0/0,0.00,0,0,0.00,0,0,0.00,0,0,0.15,0.00,0,2,0,0.15,0.00,0.00,0.00,0.00,0.00,0.81,0.00,0,0.33,290,0,290/0/0,0.12,0.00,126,1,1,0,0,0,2026-09-09T18:32:09.7043981Z
4.63ms,215.9,0,63,30009,"mass_navigation_agent_health_text_light:8568,mass_navigation_agent_health_hud_light:8568,mass_navigation_agent_azure_light:2142,mass_navigation_agent_crimson_light:2142,mass_navigation_agent_amber_light:2142,mass_navigation_agent_emerald_light:2142,mass_navigation_agent_health_text_heavy:1432,mass_navigation_agent_health_hud_heavy:1432",0,0,63,63/6,0.01,0.04,0.00,0.00,0.02,4.06,0.03,0.00,0.00,:0.00,:0.00,:0.00,3.98,PresenterEntityTransformSyncSystem:1.14,AnimatorRuntimeSystem:0.70,PresenterEmitSystem:0.49,0.00,0,0,0,0,0,0.70,1.14,0.25,10009/0,0.00,0/0,0.46,10009,0.00,0.00/0.00/0.00/0.00,0.00/0.00/0.00,0.00/0.00/0.00/0.00/0.00/0.00,0.00/0.00/0.00/0.00/0.00,0.25,0.04,0.00,0.20,0.25,0.00,0.02,126,2,0,0.08,0.01,4/0,0.00,0,0,0,0,0.05,0.00,0.00,0.00,0,0.00,0.00,0,0,0/0,0.00,0,0,0.00,0,0,0.00,0,0,0.14,0.00,0,2,0,0.14,0.00,0.00,0.00,0.00,0.00,0.49,0.00,0,0.00,0,0,0/0/0,0.11,0.00,126,1,1,0,0,0,2026-09-09T18:32:10.0244795Z
